onset	duration	trial_type	value	gaze_x	gaze_y	pupil_size	sacc_endx	sacc_endy	sacc_amplitude	sacc_peakvel
0.012	0.362	fixation	n/a	228.9	255.8	3274.0	n/a	n/a	n/a	n/a
0.064	0.0	trigger_92	92	n/a	n/a	n/a	n/a	n/a	n/a	n/a
0.376	0.28	saccade	n/a	233.8	256.2	n/a	257.3	272.9	1.07	840.0
0.412	0.158	blink	n/a	n/a	n/a	n/a	n/a	n/a	n/a	n/a
0.658	0.25	fixation	n/a	248.5	238.5	3237.0	n/a	n/a	n/a	n/a
0.91	0.032	saccade	n/a	250.5	239.8	n/a	320.2	259.4	2.68	199.0
0.944	0.49	fixation	n/a	320.8	260.7	3039.0	n/a	n/a	n/a	n/a
1.436	0.028	saccade	n/a	319.7	262.0	n/a	362.9	269.1	1.63	139.0
1.466	0.242	fixation	n/a	361.9	271.0	2959.0	n/a	n/a	n/a	n/a
1.71	0.028	saccade	n/a	360.1	268.6	n/a	402.4	266.1	1.58	143.0
1.74	0.228	fixation	n/a	401.4	266.7	2968.0	n/a	n/a	n/a	n/a
1.97	0.288	saccade	n/a	404.7	269.7	n/a	400.0	286.3	0.65	804.0
2.012	0.152	blink	n/a	n/a	n/a	n/a	n/a	n/a	n/a	n/a
2.074	0.0	trigger_10	10	n/a	n/a	n/a	n/a	n/a	n/a	n/a
2.26	0.088	fixation	n/a	389.2	264.3	2855.0	n/a	n/a	n/a	n/a
2.35	0.038	saccade	n/a	386.3	258.4	n/a	235.4	220.2	5.76	352.0
2.39	0.168	fixation	n/a	233.4	228.5	2898.0	n/a	n/a	n/a	n/a
2.56	0.024	saccade	n/a	232.3	232.4	n/a	191.6	230.6	1.49	121.0
2.586	0.132	fixation	n/a	194.7	230.8	2740.0	n/a	n/a	n/a	n/a
2.72	0.032	saccade	n/a	197.0	231.0	n/a	174.4	161.2	2.73	212.0
2.754	0.192	fixation	n/a	172.1	162.5	2718.0	n/a	n/a	n/a	n/a
2.948	0.022	saccade	n/a	173.6	163.0	n/a	212.0	165.3	1.39	106.0
2.972	0.206	fixation	n/a	208.8	163.3	2738.0	n/a	n/a	n/a	n/a
3.18	0.028	saccade	n/a	211.4	162.5	n/a	289.9	162.6	2.88	188.0
3.21	0.186	fixation	n/a	294.8	166.9	2743.0	n/a	n/a	n/a	n/a
3.398	0.024	saccade	n/a	296.2	167.8	n/a	333.2	171.0	1.38	106.0
3.424	0.116	fixation	n/a	330.2	172.4	2784.0	n/a	n/a	n/a	n/a
3.542	0.03	saccade	n/a	330.7	172.2	n/a	410.5	172.5	2.97	232.0
3.574	0.162	fixation	n/a	413.2	173.5	2824.0	n/a	n/a	n/a	n/a
3.738	0.032	saccade	n/a	414.7	172.5	n/a	497.6	167.8	3.1	222.0
3.772	0.452	fixation	n/a	499.8	173.6	2904.0	n/a	n/a	n/a	n/a
4.226	0.016	saccade	n/a	502.6	175.1	n/a	525.6	178.2	0.87	71.0
4.244	0.146	fixation	n/a	519.2	174.2	2907.0	n/a	n/a	n/a	n/a
4.392	0.028	saccade	n/a	520.8	175.2	n/a	587.0	176.8	2.48	185.0
4.422	0.222	fixation	n/a	586.9	176.3	2908.0	n/a	n/a	n/a	n/a
4.646	0.066	saccade	n/a	585.7	176.9	n/a	197.0	230.9	14.43	463.0
4.714	0.192	fixation	n/a	194.7	236.0	3120.0	n/a	n/a	n/a	n/a
4.908	0.038	saccade	n/a	193.3	240.3	n/a	163.5	243.4	1.09	144.0
4.948	0.14	fixation	n/a	160.2	242.2	3178.0	n/a	n/a	n/a	n/a
5.09	0.022	saccade	n/a	163.2	241.9	n/a	192.3	244.0	1.06	96.0
5.114	0.12	fixation	n/a	189.5	244.1	3212.0	n/a	n/a	n/a	n/a
5.236	0.03	saccade	n/a	191.4	245.8	n/a	262.5	244.3	2.61	230.0
5.268	0.482	fixation	n/a	264.4	243.0	3229.0	n/a	n/a	n/a	n/a
5.752	0.034	saccade	n/a	264.2	243.8	n/a	143.6	174.3	5.1	292.0
5.788	0.388	fixation	n/a	127.8	174.0	3137.0	n/a	n/a	n/a	n/a
6.178	0.03	saccade	n/a	122.1	170.9	n/a	206.0	168.6	3.02	215.0
6.21	0.406	fixation	n/a	211.2	172.0	3062.0	n/a	n/a	n/a	n/a
6.342	0.0	trigger_11	11	n/a	n/a	n/a	n/a	n/a	n/a	n/a
6.446	0.0	trigger_10	10	n/a	n/a	n/a	n/a	n/a	n/a	n/a
6.618	0.028	saccade	n/a	215.7	176.2	n/a	167.4	163.3	1.81	150.0
6.648	0.42	fixation	n/a	169.4	169.8	3119.0	n/a	n/a	n/a	n/a
7.07	0.03	saccade	n/a	171.4	174.6	n/a	237.0	176.0	2.38	210.0
7.102	0.2	fixation	n/a	241.7	177.6	3195.0	n/a	n/a	n/a	n/a
7.304	0.028	saccade	n/a	245.9	181.9	n/a	291.7	186.1	1.69	158.0
7.334	0.16	fixation	n/a	291.1	182.1	3278.0	n/a	n/a	n/a	n/a
7.496	0.028	saccade	n/a	291.0	184.3	n/a	335.7	180.6	1.66	143.0
7.526	0.286	fixation	n/a	335.0	177.9	3239.0	n/a	n/a	n/a	n/a
7.814	0.032	saccade	n/a	339.9	181.5	n/a	439.6	179.2	3.71	252.0
7.848	0.226	fixation	n/a	449.1	178.3	3110.0	n/a	n/a	n/a	n/a
8.076	0.014	saccade	n/a	455.3	178.9	n/a	470.7	178.9	0.58	48.0
8.092	0.646	fixation	n/a	467.5	180.8	3103.0	n/a	n/a	n/a	n/a
8.74	0.024	saccade	n/a	464.9	182.7	n/a	498.9	178.4	1.28	110.0
8.766	0.14	fixation	n/a	495.1	181.4	3210.0	n/a	n/a	n/a	n/a
8.908	0.028	saccade	n/a	496.3	180.4	n/a	555.3	178.8	2.2	170.0
8.938	0.18	fixation	n/a	555.0	179.9	3216.0	n/a	n/a	n/a	n/a
9.12	0.064	saccade	n/a	555.3	180.9	n/a	173.5	212.1	14.06	464.0
9.186	0.108	fixation	n/a	175.3	215.8	3185.0	n/a	n/a	n/a	n/a
9.296	0.026	saccade	n/a	177.8	219.6	n/a	144.1	236.6	1.37	139.0
9.324	0.192	fixation	n/a	140.7	232.8	3040.0	n/a	n/a	n/a	n/a
9.518	0.036	saccade	n/a	138.5	231.5	n/a	265.4	238.5	4.61	299.0
9.556	0.234	fixation	n/a	269.1	238.9	3060.0	n/a	n/a	n/a	n/a
9.792	0.044	saccade	n/a	271.4	240.9	n/a	346.4	241.4	2.78	244.0
9.838	0.254	fixation	n/a	353.7	241.4	2995.0	n/a	n/a	n/a	n/a
10.094	0.04	saccade	n/a	354.6	239.4	n/a	201.7	158.4	6.38	352.0
10.136	0.302	fixation	n/a	206.5	168.5	2967.0	n/a	n/a	n/a	n/a
10.15	0.0	trigger_11	11	n/a	n/a	n/a	n/a	n/a	n/a	n/a
10.254	0.0	trigger_10	10	n/a	n/a	n/a	n/a	n/a	n/a	n/a
10.44	0.026	saccade	n/a	206.8	168.5	n/a	167.5	164.8	1.43	145.0
10.468	0.226	fixation	n/a	169.9	166.9	3031.0	n/a	n/a	n/a	n/a
10.696	0.034	saccade	n/a	171.6	167.0	n/a	285.0	170.5	4.14	272.0
10.732	0.226	fixation	n/a	289.5	169.4	3056.0	n/a	n/a	n/a	n/a
10.96	0.03	saccade	n/a	291.6	169.4	n/a	358.3	169.8	2.47	196.0
10.992	0.19	fixation	n/a	359.0	169.5	3136.0	n/a	n/a	n/a	n/a
11.184	0.03	saccade	n/a	362.3	173.3	n/a	423.4	173.8	2.28	189.0
11.216	0.25	fixation	n/a	426.0	172.9	3090.0	n/a	n/a	n/a	n/a
11.468	0.024	saccade	n/a	428.8	170.3	n/a	463.4	167.4	1.3	107.0
11.494	0.098	fixation	n/a	462.2	170.6	3043.0	n/a	n/a	n/a	n/a
11.594	0.024	saccade	n/a	464.0	171.8	n/a	499.5	171.2	1.33	100.0
11.62	0.306	fixation	n/a	496.0	169.8	3038.0	n/a	n/a	n/a	n/a
11.928	0.026	saccade	n/a	497.4	171.2	n/a	564.9	173.8	2.53	172.0
11.956	0.356	fixation	n/a	575.4	174.8	3074.0	n/a	n/a	n/a	n/a
12.314	0.062	saccade	n/a	574.1	174.8	n/a	147.5	239.3	15.76	486.0
12.378	0.152	fixation	n/a	148.9	243.0	3192.0	n/a	n/a	n/a	n/a
12.532	0.024	saccade	n/a	146.5	247.5	n/a	135.9	248.8	0.38	76.0
12.558	0.118	fixation	n/a	131.7	246.5	3163.0	n/a	n/a	n/a	n/a
12.678	0.032	saccade	n/a	129.7	243.5	n/a	222.1	240.8	3.34	258.0
12.712	0.148	fixation	n/a	228.7	243.1	3132.0	n/a	n/a	n/a	n/a
12.862	0.042	saccade	n/a	231.6	244.0	n/a	303.2	239.2	2.65	238.0
12.906	0.29	fixation	n/a	313.2	240.7	3048.0	n/a	n/a	n/a	n/a
13.198	0.034	saccade	n/a	316.1	239.9	n/a	415.6	236.0	3.72	253.0
13.234	0.264	fixation	n/a	423.9	232.8	2891.0	n/a	n/a	n/a	n/a
13.5	0.03	saccade	n/a	427.8	231.4	n/a	494.1	226.8	2.49	193.0
13.532	0.234	fixation	n/a	498.1	228.2	2845.0	n/a	n/a	n/a	n/a
13.768	0.02	saccade	n/a	502.2	228.8	n/a	523.9	232.2	0.82	81.0
13.79	0.112	fixation	n/a	518.5	231.3	2893.0	n/a	n/a	n/a	n/a
13.904	0.03	saccade	n/a	518.6	227.9	n/a	594.5	226.8	2.83	217.0
13.936	0.134	fixation	n/a	596.1	227.6	2920.0	n/a	n/a	n/a	n/a
14.072	0.028	saccade	n/a	596.0	229.4	n/a	641.4	233.4	1.69	145.0
14.102	0.068	fixation	n/a	638.9	230.3	2954.0	n/a	n/a	n/a	n/a
14.172	0.072	saccade	n/a	638.5	229.7	n/a	155.6	283.6	17.74	538.0
14.246	0.288	fixation	n/a	156.0	288.6	3163.0	n/a	n/a	n/a	n/a
14.536	0.032	saccade	n/a	155.3	291.8	n/a	232.7	290.7	2.8	242.0
14.57	0.204	fixation	n/a	238.5	295.6	3194.0	n/a	n/a	n/a	n/a
14.776	0.028	saccade	n/a	242.2	297.0	n/a	296.2	294.4	1.99	186.0
14.806	0.168	fixation	n/a	300.9	294.9	3066.0	n/a	n/a	n/a	n/a
14.976	0.03	saccade	n/a	304.6	294.7	n/a	372.4	290.7	2.52	207.0
15.008	0.134	fixation	n/a	378.9	293.8	2982.0	n/a	n/a	n/a	n/a
15.144	0.034	saccade	n/a	381.8	293.4	n/a	488.6	290.2	4.0	259.0
15.18	0.206	fixation	n/a	496.4	289.0	2914.0	n/a	n/a	n/a	n/a
15.388	0.03	saccade	n/a	497.7	290.9	n/a	563.3	294.2	2.46	183.0
15.42	0.162	fixation	n/a	565.0	292.7	2902.0	n/a	n/a	n/a	n/a
15.584	0.024	saccade	n/a	567.2	294.5	n/a	606.7	297.3	1.48	117.0
15.61	0.116	fixation	n/a	604.1	291.5	2911.0	n/a	n/a	n/a	n/a
15.728	0.066	saccade	n/a	605.6	292.0	n/a	162.8	351.6	16.37	519.0
15.796	0.148	fixation	n/a	169.7	358.1	2976.0	n/a	n/a	n/a	n/a
15.946	0.026	saccade	n/a	167.8	361.5	n/a	139.2	364.2	1.03	120.0
15.974	0.162	fixation	n/a	138.7	364.7	3026.0	n/a	n/a	n/a	n/a
16.138	0.034	saccade	n/a	140.6	366.2	n/a	240.9	357.6	3.65	260.0
16.174	0.25	fixation	n/a	246.0	356.0	3008.0	n/a	n/a	n/a	n/a
16.426	0.024	saccade	n/a	248.0	355.0	n/a	287.0	355.4	1.43	125.0
16.452	0.11	fixation	n/a	286.1	354.8	2971.0	n/a	n/a	n/a	n/a
16.564	0.032	saccade	n/a	288.1	354.0	n/a	363.1	352.0	2.78	242.0
16.598	0.252	fixation	n/a	372.4	355.7	3002.0	n/a	n/a	n/a	n/a
16.852	0.036	saccade	n/a	373.9	356.8	n/a	282.5	214.3	6.37	322.0
16.874	0.0	trigger_11	11	n/a	n/a	n/a	n/a	n/a	n/a	n/a
16.89	0.256	fixation	n/a	269.5	201.4	3097.0	n/a	n/a	n/a	n/a
16.978	0.0	trigger_10	10	n/a	n/a	n/a	n/a	n/a	n/a	n/a
17.148	0.032	saccade	n/a	270.7	201.8	n/a	204.7	171.0	2.68	221.0
17.182	0.12	fixation	n/a	202.7	171.3	3147.0	n/a	n/a	n/a	n/a
17.304	0.026	saccade	n/a	200.5	172.0	n/a	166.3	169.9	1.24	126.0
17.332	0.222	fixation	n/a	164.1	164.4	3151.0	n/a	n/a	n/a	n/a
17.556	0.036	saccade	n/a	164.9	163.2	n/a	300.0	164.7	4.92	306.0
17.594	0.242	fixation	n/a	305.6	165.0	3100.0	n/a	n/a	n/a	n/a
17.838	0.03	saccade	n/a	306.4	167.5	n/a	389.3	169.0	3.08	244.0
17.87	0.246	fixation	n/a	395.5	173.0	3190.0	n/a	n/a	n/a	n/a
18.118	0.032	saccade	n/a	396.4	176.6	n/a	497.1	174.5	3.77	242.0
18.152	0.288	fixation	n/a	494.9	172.9	3180.0	n/a	n/a	n/a	n/a
18.442	0.014	saccade	n/a	496.7	174.0	n/a	516.5	176.6	0.75	66.0
18.458	0.118	fixation	n/a	510.1	176.6	3145.0	n/a	n/a	n/a	n/a
18.578	0.03	saccade	n/a	509.8	177.2	n/a	580.2	177.6	2.63	200.0
18.61	0.376	fixation	n/a	585.5	178.6	3153.0	n/a	n/a	n/a	n/a
18.988	0.038	saccade	n/a	590.4	178.0	n/a	636.5	173.2	1.72	176.0
19.028	0.234	fixation	n/a	641.5	179.1	3247.0	n/a	n/a	n/a	n/a
19.264	0.068	saccade	n/a	641.4	180.9	n/a	157.8	228.1	17.74	531.0
19.334	0.158	fixation	n/a	158.5	234.9	3293.0	n/a	n/a	n/a	n/a
19.494	0.026	saccade	n/a	156.3	237.2	n/a	134.1	241.8	0.82	106.0
19.522	0.084	fixation	n/a	133.8	241.7	3247.0	n/a	n/a	n/a	n/a
19.608	0.032	saccade	n/a	134.0	240.8	n/a	240.0	237.4	3.84	285.0
19.642	0.24	fixation	n/a	247.9	237.1	3140.0	n/a	n/a	n/a	n/a
19.884	0.03	saccade	n/a	250.8	234.9	n/a	305.2	236.2	2.0	185.0
19.916	0.19	fixation	n/a	307.1	236.8	3111.0	n/a	n/a	n/a	n/a
20.108	0.032	saccade	n/a	308.6	236.6	n/a	408.0	232.1	3.71	252.0
20.142	0.192	fixation	n/a	412.6	231.2	3089.0	n/a	n/a	n/a	n/a
20.336	0.03	saccade	n/a	414.4	232.0	n/a	474.0	228.5	2.24	187.0
20.368	0.194	fixation	n/a	475.3	228.1	3124.0	n/a	n/a	n/a	n/a
20.564	0.042	saccade	n/a	474.7	229.1	n/a	406.8	229.9	2.54	230.0
20.608	0.402	fixation	n/a	396.0	231.7	3184.0	n/a	n/a	n/a	n/a
20.888	0.0	trigger_11	11	n/a	n/a	n/a	n/a	n/a	n/a	n/a
20.992	0.0	trigger_12	12	n/a	n/a	n/a	n/a	n/a	n/a	n/a
21.012	0.036	saccade	n/a	395.3	234.7	n/a	294.7	210.7	3.85	285.0
21.05	0.312	fixation	n/a	289.4	216.3	3354.0	n/a	n/a	n/a	n/a
21.364	0.036	saccade	n/a	288.5	213.5	n/a	175.5	152.1	4.72	284.0
21.402	0.326	fixation	n/a	168.6	157.1	3389.0	n/a	n/a	n/a	n/a
21.73	0.032	saccade	n/a	166.4	161.4	n/a	265.7	167.6	3.62	262.0
21.764	0.222	fixation	n/a	272.2	168.6	3284.0	n/a	n/a	n/a	n/a
21.988	0.032	saccade	n/a	273.9	168.4	n/a	157.3	163.8	4.24	272.0
22.022	0.192	fixation	n/a	151.9	168.4	3252.0	n/a	n/a	n/a	n/a
22.216	0.014	saccade	n/a	145.7	171.1	n/a	124.2	171.2	0.77	72.0
22.232	0.094	fixation	n/a	131.5	173.6	3239.0	n/a	n/a	n/a	n/a
22.328	0.032	saccade	n/a	132.0	173.1	n/a	248.8	174.7	4.22	265.0
22.362	0.2	fixation	n/a	257.8	177.8	3194.0	n/a	n/a	n/a	n/a
22.564	0.026	saccade	n/a	262.0	178.9	n/a	299.1	180.1	1.37	133.0
22.592	0.124	fixation	n/a	300.8	181.7	3116.0	n/a	n/a	n/a	n/a
22.718	0.03	saccade	n/a	301.4	181.6	n/a	370.2	177.7	2.56	208.0
22.75	0.162	fixation	n/a	371.8	176.8	3053.0	n/a	n/a	n/a	n/a
22.914	0.032	saccade	n/a	373.7	178.1	n/a	459.8	175.5	3.22	234.0
22.948	0.388	fixation	n/a	462.8	172.8	2930.0	n/a	n/a	n/a	n/a
23.338	0.026	saccade	n/a	464.8	170.1	n/a	521.0	165.5	2.11	151.0
23.366	0.256	fixation	n/a	520.6	165.3	2851.0	n/a	n/a	n/a	n/a
23.624	0.028	saccade	n/a	518.4	162.5	n/a	570.4	160.4	1.94	165.0
23.654	0.158	fixation	n/a	572.1	160.9	2864.0	n/a	n/a	n/a	n/a
23.814	0.062	saccade	n/a	571.5	163.8	n/a	163.2	223.0	15.15	469.0
23.878	0.182	fixation	n/a	167.4	228.3	2898.0	n/a	n/a	n/a	n/a
24.062	0.014	saccade	n/a	166.5	233.1	n/a	148.9	230.0	0.64	61.0
24.078	0.082	fixation	n/a	154.0	230.7	2881.0	n/a	n/a	n/a	n/a
24.162	0.032	saccade	n/a	152.6	229.3	n/a	228.8	229.4	2.76	237.0
24.196	0.16	fixation	n/a	237.3	230.5	2879.0	n/a	n/a	n/a	n/a
24.358	0.228	saccade	n/a	247.1	239.3	n/a	304.8	261.8	2.29	830.0
24.4	0.1	blink	n/a	n/a	n/a	n/a	n/a	n/a	n/a	n/a
24.588	0.144	fixation	n/a	295.4	234.6	2738.0	n/a	n/a	n/a	n/a
24.734	0.028	saccade	n/a	296.4	227.3	n/a	342.9	230.9	1.73	145.0
24.764	0.192	fixation	n/a	345.2	235.3	2741.0	n/a	n/a	n/a	n/a
24.958	0.016	saccade	n/a	349.0	237.9	n/a	368.1	241.8	0.73	56.0
24.976	0.274	fixation	n/a	364.7	239.1	2672.0	n/a	n/a	n/a	n/a
25.252	0.03	saccade	n/a	367.9	239.5	n/a	450.7	231.1	3.11	213.0
25.284	0.314	fixation	n/a	453.2	229.3	2647.0	n/a	n/a	n/a	n/a
25.6	0.026	saccade	n/a	454.3	230.6	n/a	498.0	229.3	1.64	138.0
25.628	0.136	fixation	n/a	496.5	228.8	2675.0	n/a	n/a	n/a	n/a
25.766	0.028	saccade	n/a	495.4	227.8	n/a	551.7	227.0	2.1	154.0
25.796	0.21	fixation	n/a	549.6	229.1	2679.0	n/a	n/a	n/a	n/a
26.008	0.028	saccade	n/a	551.8	234.4	n/a	598.7	237.3	1.76	142.0
26.038	0.126	fixation	n/a	597.8	237.2	2691.0	n/a	n/a	n/a	n/a
26.166	0.028	saccade	n/a	597.8	234.6	n/a	651.3	229.9	1.99	162.0
26.196	0.176	fixation	n/a	651.8	229.0	2717.0	n/a	n/a	n/a	n/a
26.374	0.068	saccade	n/a	650.1	228.4	n/a	263.8	182.5	14.31	464.0
26.444	0.342	fixation	n/a	270.6	194.4	2846.0	n/a	n/a	n/a	n/a
26.552	0.0	trigger_13	13	n/a	n/a	n/a	n/a	n/a	n/a	n/a
26.788	0.048	saccade	n/a	273.4	203.6	n/a	162.0	208.8	4.06	306.0
26.838	0.168	fixation	n/a	154.6	217.6	2993.0	n/a	n/a	n/a	n/a
27.008	0.048	saccade	n/a	156.0	223.4	n/a	155.0	297.6	2.76	251.0
27.058	0.208	fixation	n/a	157.2	308.2	3129.0	n/a	n/a	n/a	n/a
27.268	0.03	saccade	n/a	156.5	309.9	n/a	149.9	360.1	1.88	164.0
27.3	0.19	fixation	n/a	146.9	358.4	3257.0	n/a	n/a	n/a	n/a
27.492	0.048	saccade	n/a	149.5	362.8	n/a	160.0	280.9	3.06	267.0
27.542	0.166	fixation	n/a	160.1	270.8	3315.0	n/a	n/a	n/a	n/a
27.71	0.024	saccade	n/a	160.8	270.9	n/a	153.2	248.5	0.88	92.0
27.736	0.144	fixation	n/a	156.7	250.0	3356.0	n/a	n/a	n/a	n/a
27.882	0.036	saccade	n/a	157.9	249.1	n/a	132.0	246.8	0.94	140.0
27.92	0.51	fixation	n/a	125.2	244.4	3449.0	n/a	n/a	n/a	n/a
28.432	0.044	saccade	n/a	122.6	242.2	n/a	152.4	289.8	2.06	216.0
28.478	0.166	fixation	n/a	159.7	300.6	3508.0	n/a	n/a	n/a	n/a
28.616	0.0	trigger_15	15	n/a	n/a	n/a	n/a	n/a	n/a	n/a
28.646	0.036	saccade	n/a	160.5	302.4	n/a	198.5	186.9	4.52	238.0
28.67	0.0	trigger_10	10	n/a	n/a	n/a	n/a	n/a	n/a	n/a
28.684	0.28	fixation	n/a	202.0	192.0	3456.0	n/a	n/a	n/a	n/a
28.966	0.03	saccade	n/a	202.9	194.7	n/a	151.5	185.6	1.89	177.0
28.998	0.238	fixation	n/a	151.8	183.9	3340.0	n/a	n/a	n/a	n/a
29.238	0.032	saccade	n/a	152.5	181.6	n/a	237.4	183.7	3.08	256.0
29.272	0.206	fixation	n/a	240.0	180.7	3301.0	n/a	n/a	n/a	n/a
29.48	0.032	saccade	n/a	240.9	176.9	n/a	312.5	169.4	2.64	218.0
29.514	0.254	fixation	n/a	316.5	172.7	3210.0	n/a	n/a	n/a	n/a
29.77	0.026	saccade	n/a	319.0	173.6	n/a	357.4	175.9	1.43	132.0
29.798	0.11	fixation	n/a	357.2	175.4	3095.0	n/a	n/a	n/a	n/a
29.91	0.024	saccade	n/a	359.5	174.4	n/a	405.6	171.9	1.72	132.0
29.936	0.764	fixation	n/a	404.4	171.6	3023.0	n/a	n/a	n/a	n/a
30.702	0.03	saccade	n/a	401.9	171.2	n/a	466.8	169.9	2.43	176.0
30.734	0.192	fixation	n/a	468.9	171.3	2991.0	n/a	n/a	n/a	n/a
30.928	0.03	saccade	n/a	469.8	172.1	n/a	525.7	166.0	2.1	160.0
30.96	0.296	fixation	n/a	523.0	167.9	3048.0	n/a	n/a	n/a	n/a
31.258	0.03	saccade	n/a	523.9	169.0	n/a	589.0	175.6	2.44	177.0
31.29	0.212	fixation	n/a	589.2	175.2	3030.0	n/a	n/a	n/a	n/a
31.504	0.02	saccade	n/a	591.4	174.1	n/a	612.8	178.6	0.81	77.0
31.526	0.222	fixation	n/a	608.2	178.2	3048.0	n/a	n/a	n/a	n/a
31.75	0.066	saccade	n/a	607.3	181.1	n/a	172.0	221.1	16.02	462.0
31.818	0.158	fixation	n/a	173.8	228.9	3113.0	n/a	n/a	n/a	n/a
31.978	0.026	saccade	n/a	171.2	231.1	n/a	139.2	233.3	1.15	124.0
32.006	0.168	fixation	n/a	139.9	236.7	3090.0	n/a	n/a	n/a	n/a
32.176	0.032	saccade	n/a	141.3	236.7	n/a	213.4	236.8	2.61	208.0
32.21	0.154	fixation	n/a	216.1	236.2	3025.0	n/a	n/a	n/a	n/a
32.366	0.03	saccade	n/a	218.0	235.0	n/a	282.5	237.3	2.37	199.0
32.398	0.228	fixation	n/a	285.5	239.3	2992.0	n/a	n/a	n/a	n/a
32.628	0.034	saccade	n/a	286.6	238.3	n/a	385.3	233.8	3.67	262.0
32.664	0.308	fixation	n/a	389.4	235.5	2991.0	n/a	n/a	n/a	n/a
32.974	0.032	saccade	n/a	390.4	233.0	n/a	285.9	182.5	4.32	264.0
33.008	0.352	fixation	n/a	276.9	184.7	3027.0	n/a	n/a	n/a	n/a
33.096	0.0	trigger_11	11	n/a	n/a	n/a	n/a	n/a	n/a	n/a
33.2	0.0	trigger_10	10	n/a	n/a	n/a	n/a	n/a	n/a	n/a
33.362	0.03	saccade	n/a	275.0	185.9	n/a	213.8	161.0	2.42	199.0
33.394	0.15	fixation	n/a	215.4	168.7	3049.0	n/a	n/a	n/a	n/a
33.546	0.042	saccade	n/a	215.6	170.2	n/a	147.4	168.0	2.46	226.0
33.59	0.22	fixation	n/a	137.6	165.3	3041.0	n/a	n/a	n/a	n/a
33.812	0.03	saccade	n/a	139.6	169.1	n/a	215.0	176.6	2.74	210.0
33.844	0.196	fixation	n/a	216.6	172.9	2982.0	n/a	n/a	n/a	n/a
34.042	0.032	saccade	n/a	216.2	171.7	n/a	335.1	175.2	4.37	278.0
34.076	0.192	fixation	n/a	351.6	176.2	2888.0	n/a	n/a	n/a	n/a
34.27	0.03	saccade	n/a	353.8	174.2	n/a	430.9	168.0	2.88	196.0
34.302	0.244	fixation	n/a	434.4	170.1	2854.0	n/a	n/a	n/a	n/a
34.548	0.028	saccade	n/a	432.0	170.7	n/a	498.5	170.8	2.49	176.0
34.578	0.288	fixation	n/a	498.7	172.2	2906.0	n/a	n/a	n/a	n/a
34.868	0.024	saccade	n/a	500.9	173.9	n/a	536.8	173.7	1.34	107.0
34.894	0.076	fixation	n/a	533.3	173.5	2912.0	n/a	n/a	n/a	n/a
34.972	0.03	saccade	n/a	531.9	172.3	n/a	590.3	170.7	2.18	185.0
35.004	0.184	fixation	n/a	593.4	170.9	2919.0	n/a	n/a	n/a	n/a
35.19	0.066	saccade	n/a	592.4	170.5	n/a	140.5	224.9	16.62	496.0
35.258	0.508	fixation	n/a	141.9	231.7	2971.0	n/a	n/a	n/a	n/a
35.768	0.028	saccade	n/a	138.6	231.7	n/a	196.0	233.9	2.07	167.0
35.798	0.136	fixation	n/a	196.4	231.5	2871.0	n/a	n/a	n/a	n/a
35.936	0.028	saccade	n/a	199.3	230.6	n/a	277.7	235.6	2.88	207.0
35.966	0.13	fixation	n/a	281.5	235.3	2864.0	n/a	n/a	n/a	n/a
36.098	0.03	saccade	n/a	284.0	233.6	n/a	340.4	234.9	2.09	181.0
36.13	0.202	fixation	n/a	341.3	234.5	2867.0	n/a	n/a	n/a	n/a
36.334	0.036	saccade	n/a	342.1	234.7	n/a	459.4	231.4	4.38	288.0
36.372	0.202	fixation	n/a	465.7	229.3	2830.0	n/a	n/a	n/a	n/a
36.576	0.03	saccade	n/a	467.3	229.0	n/a	531.3	233.3	2.4	195.0
36.608	0.25	fixation	n/a	532.5	232.9	2808.0	n/a	n/a	n/a	n/a
36.86	0.052	saccade	n/a	532.3	231.6	n/a	345.5	165.9	7.4	292.0
36.914	0.176	fixation	n/a	346.2	168.9	2887.0	n/a	n/a	n/a	n/a
37.092	0.032	saccade	n/a	345.5	172.5	n/a	270.8	166.8	2.77	208.0
37.126	0.322	fixation	n/a	269.3	173.1	3006.0	n/a	n/a	n/a	n/a
37.176	0.0	trigger_11	11	n/a	n/a	n/a	n/a	n/a	n/a	n/a
37.28	0.0	trigger_10	10	n/a	n/a	n/a	n/a	n/a	n/a	n/a
37.45	0.032	saccade	n/a	267.1	174.9	n/a	186.1	164.4	2.98	236.0
37.484	0.23	fixation	n/a	186.4	169.3	3168.0	n/a	n/a	n/a	n/a
37.716	0.024	saccade	n/a	183.8	170.4	n/a	160.2	172.9	0.86	98.0
37.742	0.098	fixation	n/a	161.9	174.0	3206.0	n/a	n/a	n/a	n/a
37.842	0.05	saccade	n/a	162.3	172.5	n/a	381.7	168.2	8.02	350.0
37.894	0.422	fixation	n/a	385.1	173.4	3124.0	n/a	n/a	n/a	n/a
38.318	0.03	saccade	n/a	373.9	172.2	n/a	448.4	175.4	2.78	222.0
38.35	0.256	fixation	n/a	448.3	176.9	3013.0	n/a	n/a	n/a	n/a
38.608	0.028	saccade	n/a	449.3	178.8	n/a	504.4	167.5	2.1	155.0
38.638	0.134	fixation	n/a	506.8	167.3	2904.0	n/a	n/a	n/a	n/a
38.774	0.026	saccade	n/a	510.3	169.5	n/a	548.2	172.8	1.42	122.0
38.802	0.18	fixation	n/a	547.4	171.1	2857.0	n/a	n/a	n/a	n/a
38.984	0.03	saccade	n/a	548.9	171.3	n/a	629.9	164.9	3.02	190.0
39.016	0.188	fixation	n/a	634.1	166.0	2856.0	n/a	n/a	n/a	n/a
39.206	0.07	saccade	n/a	634.3	166.5	n/a	157.8	223.0	17.49	498.0
39.278	0.236	fixation	n/a	160.4	232.5	3007.0	n/a	n/a	n/a	n/a
39.516	0.034	saccade	n/a	161.0	236.8	n/a	268.0	237.8	3.91	287.0
39.552	0.076	fixation	n/a	273.4	239.2	2971.0	n/a	n/a	n/a	n/a
39.63	0.236	saccade	n/a	281.7	245.4	n/a	161.2	288.0	4.67	776.0
39.67	0.144	blink	n/a	n/a	n/a	n/a	n/a	n/a	n/a	n/a
39.868	0.148	fixation	n/a	156.7	243.3	2837.0	n/a	n/a	n/a	n/a
40.018	0.018	saccade	n/a	160.2	235.3	n/a	193.3	237.7	1.2	88.0
40.038	0.204	fixation	n/a	189.2	239.3	2924.0	n/a	n/a	n/a	n/a
40.244	0.032	saccade	n/a	190.7	239.5	n/a	281.4	238.7	3.32	248.0
40.278	0.154	fixation	n/a	287.9	239.7	2837.0	n/a	n/a	n/a	n/a
40.434	0.032	saccade	n/a	290.2	239.0	n/a	372.2	234.7	3.05	244.0
40.468	0.266	fixation	n/a	376.8	236.3	2795.0	n/a	n/a	n/a	n/a
40.736	0.032	saccade	n/a	377.5	236.1	n/a	450.3	233.1	2.72	211.0
40.77	0.19	fixation	n/a	452.7	232.0	2801.0	n/a	n/a	n/a	n/a
40.962	0.032	saccade	n/a	452.9	232.9	n/a	518.2	231.7	2.45	211.0
40.996	0.186	fixation	n/a	521.3	229.8	2815.0	n/a	n/a	n/a	n/a
41.184	0.036	saccade	n/a	521.1	229.6	n/a	376.6	211.0	5.44	327.0
41.222	0.156	fixation	n/a	366.9	209.7	2885.0	n/a	n/a	n/a	n/a
41.38	0.018	saccade	n/a	363.0	214.7	n/a	351.2	237.9	0.98	77.0
41.4	0.158	fixation	n/a	352.7	233.1	2946.0	n/a	n/a	n/a	n/a
41.552	0.0	trigger_11	11	n/a	n/a	n/a	n/a	n/a	n/a	n/a
41.56	0.032	saccade	n/a	351.1	236.8	n/a	327.0	165.9	2.83	199.0
41.594	0.25	fixation	n/a	323.4	173.8	3132.0	n/a	n/a	n/a	n/a
41.658	0.0	trigger_10	10	n/a	n/a	n/a	n/a	n/a	n/a	n/a
41.846	0.034	saccade	n/a	321.2	175.7	n/a	218.0	174.0	3.79	286.0
41.882	0.164	fixation	n/a	214.1	175.3	3236.0	n/a	n/a	n/a	n/a
42.048	0.042	saccade	n/a	213.3	173.5	n/a	159.0	176.0	1.96	213.0
42.092	0.26	fixation	n/a	154.2	174.8	3203.0	n/a	n/a	n/a	n/a
42.354	0.028	saccade	n/a	155.5	174.7	n/a	143.8	170.5	0.45	96.0
42.384	0.074	fixation	n/a	139.0	169.4	3150.0	n/a	n/a	n/a	n/a
42.46	0.05	saccade	n/a	140.8	169.9	n/a	364.0	171.4	8.13	391.0
42.512	0.19	fixation	n/a	373.8	171.6	3118.0	n/a	n/a	n/a	n/a
42.704	0.028	saccade	n/a	375.8	171.9	n/a	424.5	174.8	1.82	148.0
42.734	0.134	fixation	n/a	423.5	173.5	3128.0	n/a	n/a	n/a	n/a
42.87	0.032	saccade	n/a	425.0	171.3	n/a	503.0	164.9	2.92	204.0
42.904	0.448	fixation	n/a	507.4	165.9	3062.0	n/a	n/a	n/a	n/a
43.354	0.03	saccade	n/a	509.8	169.1	n/a	575.0	171.1	2.43	185.0
43.386	0.232	fixation	n/a	577.8	172.8	3075.0	n/a	n/a	n/a	n/a
43.62	0.044	saccade	n/a	576.5	176.4	n/a	499.5	168.5	2.89	263.0
43.666	0.166	fixation	n/a	491.6	169.3	3190.0	n/a	n/a	n/a	n/a
43.834	0.034	saccade	n/a	489.4	168.4	n/a	379.3	173.2	4.1	295.0
43.85	0.0	trigger_11	11	n/a	n/a	n/a	n/a	n/a	n/a	n/a
43.87	0.262	fixation	n/a	374.3	176.9	3235.0	n/a	n/a	n/a	n/a
43.952	0.0	trigger_10	10	n/a	n/a	n/a	n/a	n/a	n/a	n/a
44.134	0.05	saccade	n/a	373.2	182.2	n/a	206.6	185.5	6.12	395.0
44.186	0.078	fixation	n/a	197.9	192.6	3295.0	n/a	n/a	n/a	n/a
44.266	0.024	saccade	n/a	197.0	197.2	n/a	172.7	184.8	0.99	101.0
44.292	0.308	fixation	n/a	175.0	184.7	3253.0	n/a	n/a	n/a	n/a
44.602	0.026	saccade	n/a	172.0	180.3	n/a	135.7	178.3	1.3	125.0
44.63	0.244	fixation	n/a	137.6	178.0	3078.0	n/a	n/a	n/a	n/a
44.876	0.026	saccade	n/a	137.6	173.4	n/a	219.0	168.7	2.94	185.0
44.904	0.17	fixation	n/a	230.1	170.7	3045.0	n/a	n/a	n/a	n/a
45.076	0.018	saccade	n/a	233.1	170.8	n/a	260.2	176.6	1.01	80.0
45.096	0.31	fixation	n/a	256.9	176.2	2998.0	n/a	n/a	n/a	n/a
45.408	0.032	saccade	n/a	258.1	174.5	n/a	364.9	169.3	3.95	268.0
45.442	0.208	fixation	n/a	376.1	169.1	2905.0	n/a	n/a	n/a	n/a
45.652	0.014	saccade	n/a	380.9	170.4	n/a	398.5	173.5	0.67	58.0
45.668	0.536	fixation	n/a	395.9	173.5	2913.0	n/a	n/a	n/a	n/a
46.206	0.032	saccade	n/a	401.7	173.8	n/a	489.8	168.0	3.29	216.0
46.24	0.182	fixation	n/a	492.5	167.3	2834.0	n/a	n/a	n/a	n/a
46.424	0.028	saccade	n/a	493.6	166.3	n/a	541.5	168.7	1.79	156.0
46.454	0.12	fixation	n/a	542.4	167.3	2804.0	n/a	n/a	n/a	n/a
46.576	0.028	saccade	n/a	543.8	168.5	n/a	584.1	168.9	1.5	141.0
46.606	0.366	fixation	n/a	584.7	171.1	2868.0	n/a	n/a	n/a	n/a
46.974	0.068	saccade	n/a	583.3	172.8	n/a	170.0	226.4	15.27	434.0
47.044	0.134	fixation	n/a	172.1	229.4	2917.0	n/a	n/a	n/a	n/a
47.18	0.024	saccade	n/a	171.2	232.3	n/a	140.7	232.2	1.1	118.0
47.206	0.366	fixation	n/a	143.2	235.4	2862.0	n/a	n/a	n/a	n/a
47.574	0.026	saccade	n/a	144.9	235.1	n/a	188.6	235.4	1.57	137.0
47.602	0.53	fixation	n/a	190.1	234.4	2839.0	n/a	n/a	n/a	n/a
48.134	0.026	saccade	n/a	192.4	237.1	n/a	235.3	233.1	1.57	132.0
48.162	0.272	fixation	n/a	236.0	235.6	2914.0	n/a	n/a	n/a	n/a
48.436	0.03	saccade	n/a	236.8	236.4	n/a	327.0	231.7	3.33	229.0
48.468	0.176	fixation	n/a	332.0	234.0	2980.0	n/a	n/a	n/a	n/a
48.646	0.02	saccade	n/a	336.9	233.8	n/a	362.7	237.4	0.97	90.0
48.668	0.17	fixation	n/a	358.8	239.0	2980.0	n/a	n/a	n/a	n/a
48.84	0.034	saccade	n/a	360.5	241.1	n/a	477.5	240.6	4.37	281.0
48.876	0.178	fixation	n/a	484.7	240.1	2974.0	n/a	n/a	n/a	n/a
49.056	0.024	saccade	n/a	486.7	238.9	n/a	511.4	235.3	0.94	96.0
49.082	0.504	fixation	n/a	513.5	236.2	2993.0	n/a	n/a	n/a	n/a
49.588	0.016	saccade	n/a	521.1	236.5	n/a	543.4	233.8	0.84	70.0
49.606	0.136	fixation	n/a	536.3	234.6	3068.0	n/a	n/a	n/a	n/a
49.744	0.038	saccade	n/a	536.4	235.0	n/a	353.1	202.6	6.94	384.0
49.784	0.28	fixation	n/a	352.1	204.4	3168.0	n/a	n/a	n/a	n/a
49.802	0.0	trigger_11	11	n/a	n/a	n/a	n/a	n/a	n/a	n/a
49.904	0.0	trigger_10	10	n/a	n/a	n/a	n/a	n/a	n/a	n/a
50.066	0.036	saccade	n/a	352.5	205.1	n/a	205.0	178.4	5.51	366.0
50.104	0.116	fixation	n/a	200.9	182.8	3299.0	n/a	n/a	n/a	n/a
50.222	0.026	saccade	n/a	200.2	186.8	n/a	170.6	177.4	1.13	123.0
50.25	0.164	fixation	n/a	171.6	183.0	3275.0	n/a	n/a	n/a	n/a
50.416	0.028	saccade	n/a	171.8	185.2	n/a	233.2	179.9	2.24	171.0
50.446	0.158	fixation	n/a	232.3	178.9	3121.0	n/a	n/a	n/a	n/a
50.606	0.03	saccade	n/a	232.8	177.2	n/a	306.2	177.0	2.69	214.0
50.638	0.208	fixation	n/a	308.5	176.2	3052.0	n/a	n/a	n/a	n/a
50.848	0.032	saccade	n/a	308.7	174.9	n/a	416.8	172.5	4.01	259.0
50.882	0.598	fixation	n/a	424.4	172.5	3055.0	n/a	n/a	n/a	n/a
51.482	0.032	saccade	n/a	428.9	177.2	n/a	506.7	174.8	2.92	221.0
51.516	0.374	fixation	n/a	510.3	175.2	3075.0	n/a	n/a	n/a	n/a
51.892	0.03	saccade	n/a	513.0	178.7	n/a	583.2	170.9	2.64	188.0
51.924	0.228	fixation	n/a	586.7	170.4	3080.0	n/a	n/a	n/a	n/a
52.154	0.066	saccade	n/a	586.3	168.7	n/a	181.5	227.6	14.96	428.0
52.222	0.124	fixation	n/a	184.4	232.8	3149.0	n/a	n/a	n/a	n/a
52.348	0.038	saccade	n/a	183.2	236.1	n/a	147.5	239.5	1.29	153.0
52.388	0.228	fixation	n/a	141.2	240.5	3096.0	n/a	n/a	n/a	n/a
52.618	0.032	saccade	n/a	140.9	242.9	n/a	219.8	240.4	2.86	235.0
52.652	0.212	fixation	n/a	228.8	240.1	3016.0	n/a	n/a	n/a	n/a
52.866	0.016	saccade	n/a	235.6	239.0	n/a	263.1	242.4	1.02	84.0
52.884	0.126	fixation	n/a	259.3	240.3	2906.0	n/a	n/a	n/a	n/a
53.012	0.03	saccade	n/a	259.4	238.4	n/a	333.2	232.5	2.73	203.0
53.044	0.208	fixation	n/a	335.1	231.9	2805.0	n/a	n/a	n/a	n/a
53.254	0.028	saccade	n/a	336.8	231.8	n/a	386.5	232.1	1.85	152.0
53.284	0.32	fixation	n/a	385.3	231.2	2830.0	n/a	n/a	n/a	n/a
53.606	0.024	saccade	n/a	388.6	236.8	n/a	426.6	234.9	1.42	116.0
53.632	0.194	fixation	n/a	423.6	234.4	2857.0	n/a	n/a	n/a	n/a
53.828	0.036	saccade	n/a	421.3	231.5	n/a	301.9	192.7	4.67	279.0
53.858	0.0	trigger_11	11	n/a	n/a	n/a	n/a	n/a	n/a	n/a
53.866	0.258	fixation	n/a	299.9	199.3	2913.0	n/a	n/a	n/a	n/a
53.96	0.0	trigger_10	10	n/a	n/a	n/a	n/a	n/a	n/a	n/a
54.126	0.036	saccade	n/a	300.3	201.5	n/a	177.3	172.5	4.62	310.0
54.164	0.254	fixation	n/a	176.6	177.3	3059.0	n/a	n/a	n/a	n/a
54.42	0.016	saccade	n/a	171.6	180.9	n/a	154.2	170.5	0.73	62.0
54.438	0.212	fixation	n/a	158.8	174.1	3029.0	n/a	n/a	n/a	n/a
54.652	0.036	saccade	n/a	157.6	174.2	n/a	124.0	171.7	1.2	153.0
54.69	0.224	fixation	n/a	121.0	173.3	3020.0	n/a	n/a	n/a	n/a
54.916	0.034	saccade	n/a	121.3	175.5	n/a	222.5	180.8	3.65	248.0
54.952	0.168	fixation	n/a	223.3	177.7	3086.0	n/a	n/a	n/a	n/a
55.122	0.03	saccade	n/a	223.9	174.3	n/a	298.1	174.8	2.72	215.0
55.154	0.154	fixation	n/a	299.5	172.8	3089.0	n/a	n/a	n/a	n/a
55.31	0.028	saccade	n/a	301.1	172.2	n/a	354.2	173.0	1.97	171.0
55.34	0.332	fixation	n/a	349.3	171.2	3090.0	n/a	n/a	n/a	n/a
55.674	0.03	saccade	n/a	346.3	172.6	n/a	418.2	169.1	2.68	200.0
55.706	0.212	fixation	n/a	420.9	168.1	3049.0	n/a	n/a	n/a	n/a
55.92	0.028	saccade	n/a	422.8	166.9	n/a	476.1	167.9	1.99	168.0
55.95	0.252	fixation	n/a	475.9	168.3	3055.0	n/a	n/a	n/a	n/a
56.204	0.026	saccade	n/a	476.3	168.9	n/a	514.2	168.8	1.41	125.0
56.232	0.27	fixation	n/a	514.2	168.1	3020.0	n/a	n/a	n/a	n/a
56.504	0.018	saccade	n/a	512.0	170.4	n/a	481.0	167.9	1.16	92.0
56.524	0.14	fixation	n/a	483.7	165.2	2998.0	n/a	n/a	n/a	n/a
56.666	0.038	saccade	n/a	482.9	163.1	n/a	432.4	169.9	1.9	185.0
56.706	0.222	fixation	n/a	423.8	168.2	3072.0	n/a	n/a	n/a	n/a
56.93	0.03	saccade	n/a	423.2	173.5	n/a	478.1	170.3	2.06	182.0
56.962	0.288	fixation	n/a	477.5	169.6	3114.0	n/a	n/a	n/a	n/a
57.252	0.026	saccade	n/a	478.8	172.8	n/a	518.5	173.5	1.48	133.0
57.28	0.198	fixation	n/a	516.9	172.6	3035.0	n/a	n/a	n/a	n/a
57.48	0.022	saccade	n/a	514.8	173.0	n/a	485.7	167.2	1.11	96.0
57.504	0.182	fixation	n/a	489.1	173.3	3076.0	n/a	n/a	n/a	n/a
57.688	0.028	saccade	n/a	489.4	173.6	n/a	539.7	167.1	1.89	148.0
57.718	0.086	fixation	n/a	536.1	168.3	3118.0	n/a	n/a	n/a	n/a
57.806	0.038	saccade	n/a	538.1	169.6	n/a	565.6	167.5	1.03	137.0
57.846	0.1	fixation	n/a	571.2	174.0	3141.0	n/a	n/a	n/a	n/a
57.948	0.068	saccade	n/a	569.5	175.3	n/a	163.3	219.1	15.0	494.0
58.018	0.126	fixation	n/a	157.3	222.1	3198.0	n/a	n/a	n/a	n/a
58.146	0.024	saccade	n/a	155.1	227.0	n/a	130.1	237.9	0.98	110.0
58.172	0.202	fixation	n/a	131.7	239.9	3086.0	n/a	n/a	n/a	n/a
58.376	0.03	saccade	n/a	133.2	244.1	n/a	175.9	176.1	2.96	182.0
58.408	0.382	fixation	n/a	183.8	182.5	3028.0	n/a	n/a	n/a	n/a
58.498	0.0	trigger_11	11	n/a	n/a	n/a	n/a	n/a	n/a	n/a
58.602	0.0	trigger_10	10	n/a	n/a	n/a	n/a	n/a	n/a	n/a
58.792	0.022	saccade	n/a	186.6	183.6	n/a	157.6	168.9	1.18	97.0
58.816	0.134	fixation	n/a	158.8	172.4	3101.0	n/a	n/a	n/a	n/a
58.952	0.24	saccade	n/a	160.2	175.2	n/a	211.1	192.6	1.95	858.0
58.994	0.11	blink	n/a	n/a	n/a	n/a	n/a	n/a	n/a	n/a
59.194	0.122	fixation	n/a	208.8	178.5	3010.0	n/a	n/a	n/a	n/a
59.318	0.028	saccade	n/a	209.6	178.0	n/a	266.3	178.5	2.07	174.0
59.348	0.16	fixation	n/a	267.2	181.3	3030.0	n/a	n/a	n/a	n/a
59.51	0.03	saccade	n/a	269.9	184.2	n/a	335.3	178.7	2.42	195.0
59.542	0.212	fixation	n/a	338.9	175.0	2957.0	n/a	n/a	n/a	n/a
59.756	0.016	saccade	n/a	344.6	173.1	n/a	365.6	176.6	0.79	67.0
59.774	0.128	fixation	n/a	359.9	176.0	2931.0	n/a	n/a	n/a	n/a
59.904	0.03	saccade	n/a	361.7	178.5	n/a	420.1	172.6	2.19	183.0
59.936	0.234	fixation	n/a	422.1	175.8	2904.0	n/a	n/a	n/a	n/a
60.172	0.03	saccade	n/a	423.1	175.8	n/a	486.7	167.4	2.39	193.0
60.204	0.61	fixation	n/a	488.7	171.6	3003.0	n/a	n/a	n/a	n/a
60.816	0.028	saccade	n/a	488.2	175.4	n/a	548.3	177.5	2.25	166.0
60.846	0.274	fixation	n/a	547.4	175.2	3037.0	n/a	n/a	n/a	n/a
61.122	0.036	saccade	n/a	544.8	173.6	n/a	571.0	169.2	0.99	124.0
61.16	0.19	fixation	n/a	573.5	169.7	3164.0	n/a	n/a	n/a	n/a
61.352	0.056	saccade	n/a	571.3	166.3	n/a	199.5	216.8	13.77	515.0
61.41	0.19	fixation	n/a	193.2	223.8	3314.0	n/a	n/a	n/a	n/a
61.602	0.046	saccade	n/a	192.7	228.7	n/a	121.6	232.8	2.56	260.0
61.65	0.266	fixation	n/a	119.8	236.2	3207.0	n/a	n/a	n/a	n/a
61.918	0.03	saccade	n/a	123.4	236.2	n/a	189.0	234.3	2.36	192.0
61.95	0.204	fixation	n/a	194.8	235.0	3137.0	n/a	n/a	n/a	n/a
62.156	0.03	saccade	n/a	196.6	236.1	n/a	255.9	234.5	2.16	196.0
62.188	0.182	fixation	n/a	258.5	234.8	3177.0	n/a	n/a	n/a	n/a
62.372	0.03	saccade	n/a	257.8	234.9	n/a	172.5	232.0	3.11	226.0
62.404	0.2	fixation	n/a	168.6	230.2	3187.0	n/a	n/a	n/a	n/a
62.606	0.028	saccade	n/a	168.9	228.7	n/a	187.2	175.6	2.08	145.0
62.636	0.466	fixation	n/a	190.0	180.1	3305.0	n/a	n/a	n/a	n/a
62.812	0.0	trigger_11	11	n/a	n/a	n/a	n/a	n/a	n/a	n/a
62.914	0.0	trigger_10	10	n/a	n/a	n/a	n/a	n/a	n/a	n/a
63.104	0.026	saccade	n/a	187.7	182.7	n/a	154.6	175.2	1.22	120.0
63.132	0.262	fixation	n/a	157.8	184.3	3417.0	n/a	n/a	n/a	n/a
63.396	0.034	saccade	n/a	158.2	189.6	n/a	272.1	188.4	4.14	265.0
63.432	0.444	fixation	n/a	271.9	185.5	3372.0	n/a	n/a	n/a	n/a
63.878	0.03	saccade	n/a	272.9	185.8	n/a	195.6	181.5	2.83	202.0
63.91	0.212	fixation	n/a	194.6	185.0	3324.0	n/a	n/a	n/a	n/a
64.124	0.044	saccade	n/a	190.7	185.1	n/a	116.2	180.1	2.68	240.0
64.17	0.092	fixation	n/a	110.8	181.2	3315.0	n/a	n/a	n/a	n/a
64.264	0.034	saccade	n/a	110.6	179.8	n/a	257.3	186.2	5.3	323.0
64.3	0.228	fixation	n/a	278.0	177.9	3301.0	n/a	n/a	n/a	n/a
64.53	0.028	saccade	n/a	281.7	176.8	n/a	331.0	176.5	1.82	171.0
64.56	0.158	fixation	n/a	335.3	173.6	3124.0	n/a	n/a	n/a	n/a
64.72	0.026	saccade	n/a	339.3	170.7	n/a	391.6	170.4	1.94	157.0
64.748	0.154	fixation	n/a	389.9	168.4	2971.0	n/a	n/a	n/a	n/a
64.904	0.032	saccade	n/a	391.5	167.0	n/a	470.9	168.7	2.96	221.0
64.938	0.214	fixation	n/a	475.2	170.1	2888.0	n/a	n/a	n/a	n/a
65.154	0.028	saccade	n/a	477.7	172.3	n/a	543.6	168.0	2.46	167.0
65.184	0.242	fixation	n/a	547.1	167.5	2834.0	n/a	n/a	n/a	n/a
65.428	0.024	saccade	n/a	547.8	167.1	n/a	582.3	169.1	1.29	120.0
65.454	0.38	fixation	n/a	581.0	166.4	2802.0	n/a	n/a	n/a	n/a
65.836	0.026	saccade	n/a	582.4	167.1	n/a	613.0	165.5	1.14	118.0
65.864	0.086	fixation	n/a	612.6	167.3	2760.0	n/a	n/a	n/a	n/a
65.952	0.07	saccade	n/a	611.9	170.3	n/a	160.9	209.9	16.56	465.0
66.024	0.146	fixation	n/a	164.1	219.0	2859.0	n/a	n/a	n/a	n/a
66.172	0.024	saccade	n/a	162.7	225.0	n/a	133.3	230.7	1.07	119.0
66.198	0.152	fixation	n/a	136.1	232.1	2869.0	n/a	n/a	n/a	n/a
66.352	0.032	saccade	n/a	134.0	232.8	n/a	208.7	238.2	2.7	230.0
66.386	0.174	fixation	n/a	214.9	236.4	2873.0	n/a	n/a	n/a	n/a
66.562	0.032	saccade	n/a	215.3	237.1	n/a	165.3	160.3	3.38	199.0
66.596	0.414	fixation	n/a	170.5	167.5	2829.0	n/a	n/a	n/a	n/a
66.7	0.0	trigger_11	11	n/a	n/a	n/a	n/a	n/a	n/a	n/a
66.804	0.0	trigger_10	10	n/a	n/a	n/a	n/a	n/a	n/a	n/a
67.012	0.024	saccade	n/a	170.4	172.4	n/a	143.1	172.0	0.98	109.0
67.038	0.156	fixation	n/a	143.6	176.7	2964.0	n/a	n/a	n/a	n/a
67.196	0.034	saccade	n/a	142.4	178.6	n/a	249.0	178.1	3.86	271.0
67.232	0.192	fixation	n/a	251.7	178.4	3044.0	n/a	n/a	n/a	n/a
67.426	0.03	saccade	n/a	254.5	180.3	n/a	307.1	176.1	1.94	171.0
67.458	0.224	fixation	n/a	310.9	176.9	2998.0	n/a	n/a	n/a	n/a
67.684	0.032	saccade	n/a	313.5	174.9	n/a	401.9	175.4	3.28	250.0
67.718	0.432	fixation	n/a	405.1	177.2	2917.0	n/a	n/a	n/a	n/a
68.152	0.03	saccade	n/a	404.2	179.1	n/a	471.5	174.3	2.52	181.0
68.184	0.22	fixation	n/a	473.7	172.6	2867.0	n/a	n/a	n/a	n/a
68.406	0.024	saccade	n/a	474.3	169.9	n/a	511.6	172.7	1.4	121.0
68.432	0.328	fixation	n/a	509.7	174.0	2903.0	n/a	n/a	n/a	n/a
68.762	0.03	saccade	n/a	509.6	177.1	n/a	578.7	171.7	2.58	200.0
68.794	0.254	fixation	n/a	581.6	174.3	2954.0	n/a	n/a	n/a	n/a
69.05	0.064	saccade	n/a	581.8	178.3	n/a	163.2	227.7	15.42	480.0
69.116	0.124	fixation	n/a	162.1	229.5	3076.0	n/a	n/a	n/a	n/a
69.242	0.036	saccade	n/a	160.9	232.1	n/a	137.6	238.5	0.87	122.0
69.28	0.22	fixation	n/a	132.6	239.3	3032.0	n/a	n/a	n/a	n/a
69.502	0.032	saccade	n/a	132.9	238.5	n/a	212.2	243.7	2.86	224.0
69.536	0.306	fixation	n/a	218.6	243.9	2986.0	n/a	n/a	n/a	n/a
69.844	0.032	saccade	n/a	219.4	242.6	n/a	313.8	238.7	3.47	241.0
69.878	0.182	fixation	n/a	323.2	239.2	2926.0	n/a	n/a	n/a	n/a
70.062	0.018	saccade	n/a	328.7	240.0	n/a	355.5	242.6	1.0	81.0
70.082	0.184	fixation	n/a	350.2	239.2	2913.0	n/a	n/a	n/a	n/a
70.268	0.032	saccade	n/a	351.4	240.3	n/a	429.1	235.0	2.91	207.0
70.302	0.206	fixation	n/a	430.2	234.0	2924.0	n/a	n/a	n/a	n/a
70.51	0.026	saccade	n/a	430.5	234.2	n/a	466.3	236.9	1.34	116.0
70.538	0.17	fixation	n/a	466.4	238.4	2953.0	n/a	n/a	n/a	n/a
70.71	0.028	saccade	n/a	467.8	240.2	n/a	531.4	240.3	2.38	179.0
70.74	0.172	fixation	n/a	530.0	235.8	2938.0	n/a	n/a	n/a	n/a
70.914	0.026	saccade	n/a	531.5	233.6	n/a	570.3	235.6	1.45	127.0
70.942	0.114	fixation	n/a	568.2	234.9	2941.0	n/a	n/a	n/a	n/a
71.058	0.028	saccade	n/a	569.1	236.5	n/a	627.2	232.4	2.17	168.0
71.088	0.152	fixation	n/a	630.7	236.7	2919.0	n/a	n/a	n/a	n/a
71.242	0.07	saccade	n/a	631.7	238.8	n/a	139.9	292.5	18.0	509.0
71.314	0.204	fixation	n/a	146.2	302.4	3018.0	n/a	n/a	n/a	n/a
71.52	0.022	saccade	n/a	146.7	307.0	n/a	123.2	304.5	0.84	89.0
71.544	0.204	fixation	n/a	126.9	306.9	2981.0	n/a	n/a	n/a	n/a
71.75	0.03	saccade	n/a	127.0	306.3	n/a	197.9	306.8	2.55	188.0
71.782	0.194	fixation	n/a	200.4	306.4	2950.0	n/a	n/a	n/a	n/a
71.978	0.024	saccade	n/a	200.1	309.0	n/a	164.5	305.7	1.29	119.0
72.004	0.13	fixation	n/a	166.5	306.7	2962.0	n/a	n/a	n/a	n/a
72.136	0.03	saccade	n/a	166.7	306.3	n/a	259.4	302.3	3.38	230.0
72.168	0.424	fixation	n/a	278.7	300.4	2995.0	n/a	n/a	n/a	n/a
72.594	0.028	saccade	n/a	286.8	300.5	n/a	342.4	304.7	2.07	165.0
72.624	0.15	fixation	n/a	342.1	302.4	2970.0	n/a	n/a	n/a	n/a
72.776	0.028	saccade	n/a	343.3	300.3	n/a	407.5	298.6	2.39	193.0
72.806	0.2	fixation	n/a	409.1	297.2	2938.0	n/a	n/a	n/a	n/a
73.008	0.03	saccade	n/a	410.4	296.7	n/a	496.1	293.8	3.21	219.0
73.04	0.13	fixation	n/a	496.9	293.7	2918.0	n/a	n/a	n/a	n/a
73.172	0.024	saccade	n/a	497.1	294.1	n/a	527.8	297.1	1.16	108.0
73.198	0.196	fixation	n/a	524.7	296.9	2902.0	n/a	n/a	n/a	n/a
73.396	0.03	saccade	n/a	525.3	296.1	n/a	458.1	296.7	2.52	210.0
73.428	0.238	fixation	n/a	455.9	293.2	2964.0	n/a	n/a	n/a	n/a
73.668	0.058	saccade	n/a	455.7	292.0	n/a	140.7	351.7	11.71	450.0
73.728	0.314	fixation	n/a	143.0	361.3	3080.0	n/a	n/a	n/a	n/a
74.044	0.028	saccade	n/a	146.8	362.5	n/a	195.2	361.4	1.74	145.0
74.074	0.29	fixation	n/a	196.4	359.0	3021.0	n/a	n/a	n/a	n/a
74.366	0.032	saccade	n/a	195.9	357.5	n/a	294.8	359.3	3.62	242.0
74.4	0.214	fixation	n/a	301.3	359.4	3022.0	n/a	n/a	n/a	n/a
74.616	0.026	saccade	n/a	301.4	356.9	n/a	343.2	358.7	1.55	146.0
74.644	0.154	fixation	n/a	344.7	357.0	3050.0	n/a	n/a	n/a	n/a
74.8	0.03	saccade	n/a	349.3	357.4	n/a	405.6	354.0	2.1	172.0
74.832	0.118	fixation	n/a	405.0	355.4	3054.0	n/a	n/a	n/a	n/a
74.952	0.03	saccade	n/a	405.2	352.7	n/a	482.5	348.3	2.89	204.0
74.984	0.196	fixation	n/a	484.0	347.0	3027.0	n/a	n/a	n/a	n/a
75.182	0.034	saccade	n/a	483.1	351.3	n/a	587.1	350.5	3.87	256.0
75.218	0.192	fixation	n/a	590.7	351.2	2987.0	n/a	n/a	n/a	n/a
75.412	0.026	saccade	n/a	595.0	352.8	n/a	636.4	353.0	1.54	142.0
75.44	0.164	fixation	n/a	636.1	353.6	2945.0	n/a	n/a	n/a	n/a
75.606	0.028	saccade	n/a	635.2	351.9	n/a	688.2	355.1	1.95	157.0
75.636	0.25	fixation	n/a	685.5	355.5	2990.0	n/a	n/a	n/a	n/a
75.888	0.07	saccade	n/a	683.4	358.9	n/a	142.2	405.3	19.68	548.0
75.96	0.18	fixation	n/a	138.6	404.1	3101.0	n/a	n/a	n/a	n/a
76.142	0.022	saccade	n/a	137.6	407.0	n/a	115.6	409.4	0.79	80.0
76.166	0.208	fixation	n/a	117.3	410.8	3044.0	n/a	n/a	n/a	n/a
76.376	0.048	saccade	n/a	117.0	410.6	n/a	171.7	225.9	7.1	295.0
76.426	0.446	fixation	n/a	183.4	228.2	3078.0	n/a	n/a	n/a	n/a
76.572	0.0	trigger_11	11	n/a	n/a	n/a	n/a	n/a	n/a	n/a
76.676	0.0	trigger_10	10	n/a	n/a	n/a	n/a	n/a	n/a	n/a
76.874	0.03	saccade	n/a	185.9	228.0	n/a	173.7	173.5	2.08	172.0
76.906	0.186	fixation	n/a	172.7	177.8	3166.0	n/a	n/a	n/a	n/a
77.094	0.028	saccade	n/a	172.9	179.2	n/a	134.2	170.8	1.42	140.0
77.124	0.162	fixation	n/a	132.5	166.7	3124.0	n/a	n/a	n/a	n/a
77.288	0.028	saccade	n/a	133.9	165.2	n/a	197.6	170.8	2.3	190.0
77.318	0.148	fixation	n/a	197.4	171.2	3032.0	n/a	n/a	n/a	n/a
77.468	0.032	saccade	n/a	199.7	172.2	n/a	294.2	170.3	3.45	231.0
77.502	0.156	fixation	n/a	300.5	172.6	3033.0	n/a	n/a	n/a	n/a
77.66	0.028	saccade	n/a	303.1	175.6	n/a	360.5	184.4	2.16	184.0
77.69	0.15	fixation	n/a	360.0	183.4	3021.0	n/a	n/a	n/a	n/a
77.842	0.03	saccade	n/a	360.4	181.6	n/a	431.4	176.4	2.65	199.0
77.874	0.152	fixation	n/a	434.5	177.3	2982.0	n/a	n/a	n/a	n/a
78.028	0.032	saccade	n/a	436.2	175.5	n/a	517.6	168.0	3.04	215.0
78.062	0.278	fixation	n/a	522.4	169.5	2934.0	n/a	n/a	n/a	n/a
78.342	0.028	saccade	n/a	521.7	166.6	n/a	568.3	164.6	1.74	160.0
78.372	0.196	fixation	n/a	570.0	159.7	2917.0	n/a	n/a	n/a	n/a
78.57	0.06	saccade	n/a	572.2	163.9	n/a	161.0	226.6	15.22	500.0
78.632	0.154	fixation	n/a	162.5	234.7	3017.0	n/a	n/a	n/a	n/a
78.788	0.026	saccade	n/a	162.6	240.0	n/a	123.5	233.5	1.42	146.0
78.816	0.238	fixation	n/a	125.8	236.9	3017.0	n/a	n/a	n/a	n/a
79.056	0.03	saccade	n/a	127.8	239.2	n/a	197.1	237.7	2.5	187.0
79.088	0.222	fixation	n/a	200.8	235.5	3026.0	n/a	n/a	n/a	n/a
79.312	0.044	saccade	n/a	201.6	237.0	n/a	129.5	232.0	2.6	238.0
79.358	0.248	fixation	n/a	127.3	239.1	3067.0	n/a	n/a	n/a	n/a
79.608	0.03	saccade	n/a	129.1	245.4	n/a	193.7	246.7	2.32	189.0
79.64	0.206	fixation	n/a	192.6	244.1	3115.0	n/a	n/a	n/a	n/a
79.848	0.028	saccade	n/a	195.0	245.5	n/a	240.5	241.8	1.66	160.0
79.878	0.172	fixation	n/a	242.3	239.9	3054.0	n/a	n/a	n/a	n/a
80.052	0.03	saccade	n/a	243.8	239.3	n/a	316.5	245.7	2.69	208.0
80.084	0.268	fixation	n/a	320.7	242.5	2973.0	n/a	n/a	n/a	n/a
80.354	0.02	saccade	n/a	317.7	244.9	n/a	294.1	243.4	0.87	84.0
80.376	0.098	fixation	n/a	297.8	243.0	2950.0	n/a	n/a	n/a	n/a
80.476	0.03	saccade	n/a	297.7	242.8	n/a	369.7	236.9	2.68	215.0
80.508	0.308	fixation	n/a	374.1	240.6	2918.0	n/a	n/a	n/a	n/a
80.818	0.032	saccade	n/a	374.9	242.6	n/a	452.7	237.3	2.92	224.0
80.852	0.276	fixation	n/a	455.7	238.0	2916.0	n/a	n/a	n/a	n/a
81.13	0.044	saccade	n/a	455.7	240.3	n/a	359.7	232.0	3.6	290.0
81.176	0.162	fixation	n/a	352.8	234.0	2974.0	n/a	n/a	n/a	n/a
81.34	0.04	saccade	n/a	352.7	233.7	n/a	313.5	239.1	1.47	169.0
81.382	0.246	fixation	n/a	303.4	239.4	2997.0	n/a	n/a	n/a	n/a
81.63	0.044	saccade	n/a	295.2	241.6	n/a	380.6	234.5	3.17	266.0
81.676	0.18	fixation	n/a	388.6	234.9	2972.0	n/a	n/a	n/a	n/a
81.858	0.03	saccade	n/a	389.8	233.6	n/a	445.5	234.5	2.08	185.0
81.89	0.176	fixation	n/a	449.4	235.9	2974.0	n/a	n/a	n/a	n/a
82.068	0.014	saccade	n/a	455.4	237.6	n/a	471.2	236.9	0.59	55.0
82.084	0.138	fixation	n/a	465.1	236.5	2963.0	n/a	n/a	n/a	n/a
82.224	0.036	saccade	n/a	465.7	236.9	n/a	287.5	197.9	6.79	370.0
82.228	0.0	trigger_11	11	n/a	n/a	n/a	n/a	n/a	n/a	n/a
82.262	0.22	fixation	n/a	282.6	202.1	3024.0	n/a	n/a	n/a	n/a
82.332	0.0	trigger_10	10	n/a	n/a	n/a	n/a	n/a	n/a	n/a
82.484	0.034	saccade	n/a	282.9	203.6	n/a	202.2	175.4	3.13	250.0
82.52	0.13	fixation	n/a	197.8	175.3	3106.0	n/a	n/a	n/a	n/a
82.652	0.026	saccade	n/a	197.1	178.7	n/a	155.7	171.2	1.52	142.0
82.68	0.29	fixation	n/a	153.8	173.0	3126.0	n/a	n/a	n/a	n/a
82.972	0.032	saccade	n/a	148.3	172.8	n/a	240.1	174.1	3.31	259.0
83.006	0.216	fixation	n/a	245.9	175.2	3021.0	n/a	n/a	n/a	n/a
83.224	0.03	saccade	n/a	247.8	176.0	n/a	318.3	177.5	2.6	198.0
83.256	0.21	fixation	n/a	321.0	176.7	2962.0	n/a	n/a	n/a	n/a
83.468	0.028	saccade	n/a	320.7	174.3	n/a	383.1	175.7	2.31	162.0
83.498	0.146	fixation	n/a	383.9	175.2	2879.0	n/a	n/a	n/a	n/a
83.646	0.03	saccade	n/a	385.2	175.3	n/a	459.9	169.6	2.79	199.0
83.678	0.15	fixation	n/a	461.4	169.6	2833.0	n/a	n/a	n/a	n/a
83.83	0.028	saccade	n/a	463.5	169.9	n/a	524.8	169.1	2.29	187.0
83.86	0.182	fixation	n/a	526.4	165.0	2797.0	n/a	n/a	n/a	n/a
84.044	0.058	saccade	n/a	527.6	162.9	n/a	162.3	201.2	13.46	477.0
84.104	0.122	fixation	n/a	162.2	212.7	2817.0	n/a	n/a	n/a	n/a
84.228	0.024	saccade	n/a	162.3	218.7	n/a	131.3	236.8	1.3	119.0
84.254	0.146	fixation	n/a	133.5	231.6	2821.0	n/a	n/a	n/a	n/a
84.402	0.032	saccade	n/a	133.9	232.3	n/a	206.7	233.7	2.62	206.0
84.436	0.578	fixation	n/a	210.4	237.8	2896.0	n/a	n/a	n/a	n/a
85.016	0.016	saccade	n/a	207.8	239.2	n/a	233.6	236.3	0.95	77.0
85.034	0.162	fixation	n/a	229.6	237.8	2968.0	n/a	n/a	n/a	n/a
85.198	0.034	saccade	n/a	229.5	239.3	n/a	336.9	236.0	3.95	294.0
85.234	0.324	fixation	n/a	343.8	238.3	3006.0	n/a	n/a	n/a	n/a
85.56	0.032	saccade	n/a	341.4	240.6	n/a	429.4	238.9	3.28	234.0
85.594	0.206	fixation	n/a	434.4	235.7	2910.0	n/a	n/a	n/a	n/a
85.802	0.028	saccade	n/a	436.5	236.8	n/a	495.0	228.0	2.21	167.0
85.832	0.174	fixation	n/a	496.2	231.5	2874.0	n/a	n/a	n/a	n/a
86.008	0.028	saccade	n/a	499.3	230.8	n/a	548.7	226.8	1.85	156.0
86.038	0.132	fixation	n/a	550.2	231.2	2837.0	n/a	n/a	n/a	n/a
86.172	0.03	saccade	n/a	551.1	231.5	n/a	610.3	225.0	2.21	180.0
86.204	0.326	fixation	n/a	610.0	229.7	2825.0	n/a	n/a	n/a	n/a
86.532	0.03	saccade	n/a	607.2	228.6	n/a	659.7	229.9	1.94	167.0
86.564	0.138	fixation	n/a	658.1	232.6	2832.0	n/a	n/a	n/a	n/a
86.704	0.07	saccade	n/a	659.6	233.8	n/a	153.9	293.5	18.52	520.0
86.776	0.342	fixation	n/a	158.0	304.6	2921.0	n/a	n/a	n/a	n/a
87.12	0.038	saccade	n/a	158.4	307.1	n/a	124.0	305.6	1.23	152.0
87.16	0.166	fixation	n/a	119.0	305.4	2833.0	n/a	n/a	n/a	n/a
87.328	0.034	saccade	n/a	117.6	302.6	n/a	236.4	296.1	4.28	280.0
87.364	0.26	fixation	n/a	248.4	294.8	2820.0	n/a	n/a	n/a	n/a
87.626	0.03	saccade	n/a	250.7	297.5	n/a	197.5	296.3	1.94	167.0
87.658	0.344	fixation	n/a	197.1	297.7	2835.0	n/a	n/a	n/a	n/a
88.004	0.03	saccade	n/a	199.0	299.7	n/a	269.1	298.0	2.56	184.0
88.036	0.222	fixation	n/a	274.9	298.6	2844.0	n/a	n/a	n/a	n/a
88.26	0.03	saccade	n/a	276.9	298.9	n/a	341.0	298.8	2.37	181.0
88.292	0.654	fixation	n/a	348.1	300.2	2840.0	n/a	n/a	n/a	n/a
88.948	0.028	saccade	n/a	359.3	298.7	n/a	405.5	294.3	1.73	171.0
88.978	0.13	fixation	n/a	405.7	295.1	2836.0	n/a	n/a	n/a	n/a
89.108	0.0	trigger_11	11	n/a	n/a	n/a	n/a	n/a	n/a	n/a
89.11	0.032	saccade	n/a	404.9	294.8	n/a	346.8	212.5	3.79	224.0
89.144	0.254	fixation	n/a	346.0	216.6	2902.0	n/a	n/a	n/a	n/a
89.212	0.0	trigger_10	10	n/a	n/a	n/a	n/a	n/a	n/a	n/a
89.4	0.036	saccade	n/a	345.3	217.7	n/a	208.1	173.3	5.31	334.0
89.438	0.116	fixation	n/a	208.3	176.2	2982.0	n/a	n/a	n/a	n/a
89.556	0.04	saccade	n/a	207.7	177.0	n/a	156.9	172.9	1.84	185.0
89.598	0.282	fixation	n/a	148.4	167.3	3001.0	n/a	n/a	n/a	n/a
89.882	0.032	saccade	n/a	148.4	167.4	n/a	228.8	170.6	2.9	216.0
89.916	0.286	fixation	n/a	257.3	163.5	2901.0	n/a	n/a	n/a	n/a
90.204	0.028	saccade	n/a	268.5	164.0	n/a	356.0	176.7	3.27	215.0
90.234	0.242	fixation	n/a	375.7	174.6	2831.0	n/a	n/a	n/a	n/a
90.478	0.028	saccade	n/a	378.7	176.2	n/a	443.6	171.2	2.42	177.0
90.508	0.342	fixation	n/a	445.0	170.4	2800.0	n/a	n/a	n/a	n/a
90.852	0.026	saccade	n/a	445.1	169.3	n/a	497.0	169.0	1.94	146.0
90.88	0.242	fixation	n/a	494.8	170.3	2814.0	n/a	n/a	n/a	n/a
91.124	0.026	saccade	n/a	493.1	173.6	n/a	455.5	168.7	1.42	124.0
91.152	0.154	fixation	n/a	458.2	173.0	2908.0	n/a	n/a	n/a	n/a
91.308	0.204	saccade	n/a	471.5	188.9	n/a	526.6	191.1	2.06	786.0
91.34	0.098	blink	n/a	n/a	n/a	n/a	n/a	n/a	n/a	n/a
91.514	0.17	fixation	n/a	508.9	174.1	2965.0	n/a	n/a	n/a	n/a
91.686	0.028	saccade	n/a	508.9	173.7	n/a	553.1	175.0	1.65	148.0
91.716	0.486	fixation	n/a	557.7	174.8	2913.0	n/a	n/a	n/a	n/a
92.204	0.022	saccade	n/a	567.9	173.5	n/a	598.4	167.7	1.15	103.0
92.228	0.104	fixation	n/a	594.9	166.7	2884.0	n/a	n/a	n/a	n/a
92.334	0.066	saccade	n/a	594.0	167.4	n/a	125.0	228.9	17.18	503.0
92.402	0.246	fixation	n/a	132.8	237.6	3045.0	n/a	n/a	n/a	n/a
92.65	0.028	saccade	n/a	136.6	239.8	n/a	185.6	243.2	1.77	158.0
92.68	0.098	fixation	n/a	186.9	243.3	3085.0	n/a	n/a	n/a	n/a
92.78	0.03	saccade	n/a	189.4	242.7	n/a	266.6	238.0	2.82	239.0
92.812	0.312	fixation	n/a	272.5	240.2	3048.0	n/a	n/a	n/a	n/a
93.126	0.018	saccade	n/a	276.1	242.8	n/a	303.7	242.6	1.02	81.0
93.146	0.262	fixation	n/a	298.8	241.8	3019.0	n/a	n/a	n/a	n/a
93.41	0.018	saccade	n/a	301.3	241.7	n/a	326.3	241.7	0.93	72.0
93.43	0.254	fixation	n/a	321.2	243.4	3021.0	n/a	n/a	n/a	n/a
93.686	0.014	saccade	n/a	314.6	240.5	n/a	297.9	237.7	0.63	58.0
93.702	0.092	fixation	n/a	305.7	239.8	3012.0	n/a	n/a	n/a	n/a
93.796	0.03	saccade	n/a	307.0	240.0	n/a	362.9	237.2	2.08	177.0
93.828	0.49	fixation	n/a	363.9	235.8	2949.0	n/a	n/a	n/a	n/a
94.32	0.024	saccade	n/a	362.7	230.5	n/a	400.3	228.2	1.4	118.0
94.346	0.274	fixation	n/a	399.2	229.0	2821.0	n/a	n/a	n/a	n/a
94.622	0.026	saccade	n/a	396.9	228.4	n/a	356.5	232.9	1.51	143.0
94.65	0.222	fixation	n/a	357.0	232.1	2875.0	n/a	n/a	n/a	n/a
94.874	0.026	saccade	n/a	356.8	235.5	n/a	396.6	233.1	1.49	132.0
94.902	0.616	fixation	n/a	398.3	233.7	2931.0	n/a	n/a	n/a	n/a
95.52	0.026	saccade	n/a	408.8	233.8	n/a	460.9	226.0	1.97	166.0
95.548	0.246	fixation	n/a	463.5	228.1	3002.0	n/a	n/a	n/a	n/a
95.796	0.03	saccade	n/a	464.9	229.8	n/a	454.1	172.3	2.22	159.0
95.828	0.234	fixation	n/a	453.2	175.6	2976.0	n/a	n/a	n/a	n/a
96.064	0.028	saccade	n/a	455.3	178.9	n/a	467.7	226.9	1.88	162.0
96.094	0.432	fixation	n/a	466.6	223.8	2938.0	n/a	n/a	n/a	n/a
96.528	0.028	saccade	n/a	471.2	222.0	n/a	531.7	220.1	2.26	176.0
96.558	0.2	fixation	n/a	529.6	218.4	2854.0	n/a	n/a	n/a	n/a
96.76	0.028	saccade	n/a	529.5	219.2	n/a	579.3	220.7	1.86	156.0
96.79	0.362	fixation	n/a	578.2	222.5	2856.0	n/a	n/a	n/a	n/a
97.154	0.026	saccade	n/a	580.1	223.0	n/a	625.7	223.6	1.69	146.0
97.182	0.264	fixation	n/a	627.7	225.0	2830.0	n/a	n/a	n/a	n/a
97.448	0.072	saccade	n/a	628.2	227.4	n/a	181.4	259.2	16.38	464.0
97.522	0.114	fixation	n/a	180.7	268.4	3019.0	n/a	n/a	n/a	n/a
97.638	0.026	saccade	n/a	178.7	272.0	n/a	145.4	288.5	1.35	137.0
97.666	0.152	fixation	n/a	145.4	287.4	3077.0	n/a	n/a	n/a	n/a
97.82	0.03	saccade	n/a	146.3	288.0	n/a	215.4	296.2	2.51	203.0
97.852	0.128	fixation	n/a	215.6	292.2	3109.0	n/a	n/a	n/a	n/a
97.982	0.034	saccade	n/a	217.4	289.0	n/a	391.7	285.5	6.41	353.0
98.018	0.168	fixation	n/a	417.0	289.0	3103.0	n/a	n/a	n/a	n/a
98.188	0.03	saccade	n/a	421.9	290.7	n/a	479.2	289.5	2.14	171.0
98.22	0.25	fixation	n/a	480.2	288.8	3069.0	n/a	n/a	n/a	n/a
98.472	0.036	saccade	n/a	480.5	286.7	n/a	451.3	170.0	4.54	293.0
98.51	0.164	fixation	n/a	452.3	170.1	3031.0	n/a	n/a	n/a	n/a
98.676	0.04	saccade	n/a	449.8	170.1	n/a	381.6	176.1	2.55	220.0
98.718	0.498	fixation	n/a	374.6	176.2	3157.0	n/a	n/a	n/a	n/a
98.918	0.0	trigger_11	11	n/a	n/a	n/a	n/a	n/a	n/a	n/a
99.02	0.0	trigger_12	12	n/a	n/a	n/a	n/a	n/a	n/a	n/a
99.218	0.046	saccade	n/a	370.3	177.6	n/a	246.4	177.2	4.57	328.0
99.266	0.15	fixation	n/a	237.4	178.2	3303.0	n/a	n/a	n/a	n/a
99.418	0.042	saccade	n/a	237.5	180.8	n/a	174.9	181.8	2.27	212.0
99.462	0.224	fixation	n/a	169.8	179.8	3251.0	n/a	n/a	n/a	n/a
99.688	0.024	saccade	n/a	173.2	180.7	n/a	212.5	182.1	1.42	117.0
99.714	0.17	fixation	n/a	209.7	177.6	3131.0	n/a	n/a	n/a	n/a
99.886	0.028	saccade	n/a	213.3	176.2	n/a	271.7	171.3	2.14	192.0
99.916	0.19	fixation	n/a	270.3	170.9	3111.0	n/a	n/a	n/a	n/a
100.108	0.024	saccade	n/a	271.6	172.2	n/a	305.0	173.8	1.23	114.0
100.134	0.348	fixation	n/a	304.4	174.9	3153.0	n/a	n/a	n/a	n/a
100.484	0.03	saccade	n/a	305.6	175.8	n/a	367.4	171.4	2.29	188.0
100.516	0.228	fixation	n/a	364.9	169.7	3149.0	n/a	n/a	n/a	n/a
100.746	0.028	saccade	n/a	363.9	168.4	n/a	312.0	173.1	1.93	182.0
100.776	0.218	fixation	n/a	311.9	175.4	3249.0	n/a	n/a	n/a	n/a
100.996	0.028	saccade	n/a	309.4	178.4	n/a	265.1	190.0	1.69	164.0
101.026	0.24	fixation	n/a	268.6	189.8	3299.0	n/a	n/a	n/a	n/a
101.038	0.0	trigger_13	13	n/a	n/a	n/a	n/a	n/a	n/a	n/a
101.268	0.05	saccade	n/a	270.3	191.6	n/a	138.9	220.0	4.88	335.0
101.32	0.172	fixation	n/a	133.6	230.5	3285.0	n/a	n/a	n/a	n/a
101.494	0.046	saccade	n/a	131.7	235.2	n/a	125.6	315.8	2.99	278.0
101.542	0.146	fixation	n/a	129.2	325.7	3285.0	n/a	n/a	n/a	n/a
101.69	0.022	saccade	n/a	126.2	323.3	n/a	112.3	301.9	0.93	82.0
101.714	0.15	fixation	n/a	114.9	306.9	3417.0	n/a	n/a	n/a	n/a
101.866	0.04	saccade	n/a	114.7	303.4	n/a	190.7	195.6	4.84	245.0
101.908	0.106	fixation	n/a	196.1	195.0	3395.0	n/a	n/a	n/a	n/a
102.016	0.018	saccade	n/a	198.4	191.6	n/a	213.9	173.2	0.89	71.0
102.036	0.17	fixation	n/a	215.5	181.1	3302.0	n/a	n/a	n/a	n/a
102.208	0.032	saccade	n/a	216.9	180.2	n/a	315.1	172.5	3.61	254.0
102.242	0.162	fixation	n/a	317.6	172.7	3242.0	n/a	n/a	n/a	n/a
102.406	0.056	saccade	n/a	317.7	171.7	n/a	120.3	296.9	8.54	424.0
102.464	0.154	fixation	n/a	118.5	305.8	3276.0	n/a	n/a	n/a	n/a
102.62	0.02	saccade	n/a	120.4	312.7	n/a	105.1	301.9	0.67	73.0
102.642	0.198	fixation	n/a	107.9	304.0	3228.0	n/a	n/a	n/a	n/a
102.842	0.032	saccade	n/a	106.0	302.0	n/a	136.4	206.2	3.7	221.0
102.87	0.0	trigger_15	15	n/a	n/a	n/a	n/a	n/a	n/a	n/a
102.876	0.246	fixation	n/a	142.8	208.0	3140.0	n/a	n/a	n/a	n/a
102.922	0.0	trigger_10	10	n/a	n/a	n/a	n/a	n/a	n/a	n/a
103.124	0.02	saccade	n/a	143.1	204.6	n/a	143.6	175.3	1.09	87.0
103.146	0.128	fixation	n/a	144.2	180.9	3115.0	n/a	n/a	n/a	n/a
103.276	0.03	saccade	n/a	145.4	182.1	n/a	215.9	179.5	2.55	208.0
103.308	0.134	fixation	n/a	220.1	180.7	3135.0	n/a	n/a	n/a	n/a
103.444	0.16	saccade	n/a	242.1	190.6	n/a	236.0	184.7	0.31	765.0
103.494	0.028	blink	n/a	n/a	n/a	n/a	n/a	n/a	n/a	n/a
103.606	0.26	fixation	n/a	235.5	168.3	3138.0	n/a	n/a	n/a	n/a
103.868	0.026	saccade	n/a	233.8	171.5	n/a	202.9	176.6	1.14	130.0
103.896	0.098	fixation	n/a	202.4	176.5	3169.0	n/a	n/a	n/a	n/a
103.996	0.03	saccade	n/a	202.4	176.6	n/a	271.0	175.1	2.51	198.0
104.028	0.34	fixation	n/a	274.3	174.6	3129.0	n/a	n/a	n/a	n/a
104.37	0.026	saccade	n/a	275.8	173.6	n/a	310.4	173.6	1.28	112.0
104.398	0.232	fixation	n/a	308.3	176.9	3214.0	n/a	n/a	n/a	n/a
104.632	0.036	saccade	n/a	307.4	178.7	n/a	277.5	182.3	1.12	142.0
104.67	0.232	fixation	n/a	273.9	183.7	3338.0	n/a	n/a	n/a	n/a
104.904	0.032	saccade	n/a	274.5	182.6	n/a	382.6	184.1	4.02	270.0
104.938	0.332	fixation	n/a	385.8	182.3	3453.0	n/a	n/a	n/a	n/a
105.272	0.032	saccade	n/a	389.7	180.7	n/a	478.7	177.7	3.34	230.0
105.306	0.312	fixation	n/a	478.9	175.0	3363.0	n/a	n/a	n/a	n/a
105.62	0.02	saccade	n/a	478.7	174.8	n/a	502.6	175.3	0.9	85.0
105.642	0.098	fixation	n/a	497.1	175.8	3371.0	n/a	n/a	n/a	n/a
105.742	0.028	saccade	n/a	498.6	178.5	n/a	560.4	176.0	2.33	172.0
105.772	0.65	fixation	n/a	566.6	178.4	3511.0	n/a	n/a	n/a	n/a
106.424	0.062	saccade	n/a	578.1	180.1	n/a	164.4	230.0	15.33	492.0
106.488	0.28	fixation	n/a	169.4	235.1	3705.0	n/a	n/a	n/a	n/a
106.77	0.03	saccade	n/a	168.5	236.0	n/a	226.4	234.7	2.11	179.0
106.802	0.272	fixation	n/a	227.5	229.3	3511.0	n/a	n/a	n/a	n/a
107.076	0.03	saccade	n/a	226.6	226.8	n/a	292.1	228.3	2.41	200.0
107.108	0.168	fixation	n/a	295.4	230.8	3411.0	n/a	n/a	n/a	n/a
107.278	0.03	saccade	n/a	296.3	232.6	n/a	363.7	235.5	2.52	211.0
107.31	0.232	fixation	n/a	365.4	236.1	3344.0	n/a	n/a	n/a	n/a
107.544	0.028	saccade	n/a	367.1	237.1	n/a	425.8	233.1	2.21	165.0
107.574	0.18	fixation	n/a	428.0	231.1	3223.0	n/a	n/a	n/a	n/a
107.756	0.028	saccade	n/a	429.2	226.9	n/a	477.2	229.5	1.81	160.0
107.786	0.106	fixation	n/a	478.2	229.0	3148.0	n/a	n/a	n/a	n/a
107.894	0.03	saccade	n/a	480.1	230.2	n/a	413.0	231.3	2.52	202.0
107.926	0.708	fixation	n/a	410.5	233.5	3203.0	n/a	n/a	n/a	n/a
108.438	0.0	trigger_11	11	n/a	n/a	n/a	n/a	n/a	n/a	n/a
108.542	0.0	trigger_10	10	n/a	n/a	n/a	n/a	n/a	n/a	n/a
108.636	0.034	saccade	n/a	407.3	239.2	n/a	326.7	215.8	3.15	213.0
108.672	0.06	fixation	n/a	328.4	218.4	3345.0	n/a	n/a	n/a	n/a
108.734	0.034	saccade	n/a	325.6	216.8	n/a	220.9	196.3	3.95	281.0
108.77	0.064	fixation	n/a	219.5	197.1	3382.0	n/a	n/a	n/a	n/a
108.836	0.04	saccade	n/a	216.2	196.0	n/a	178.8	185.9	1.41	179.0
108.878	0.194	fixation	n/a	176.3	188.3	3325.0	n/a	n/a	n/a	n/a
109.074	0.03	saccade	n/a	175.4	188.5	n/a	250.9	185.0	2.76	223.0
109.106	0.194	fixation	n/a	254.4	182.7	3192.0	n/a	n/a	n/a	n/a
109.302	0.034	saccade	n/a	255.8	178.2	n/a	376.4	180.8	4.48	294.0
109.338	0.158	fixation	n/a	381.1	177.8	3075.0	n/a	n/a	n/a	n/a
109.498	0.016	saccade	n/a	384.6	176.8	n/a	406.8	176.6	0.83	69.0
109.516	0.14	fixation	n/a	402.2	178.5	3064.0	n/a	n/a	n/a	n/a
109.658	0.034	saccade	n/a	401.9	177.7	n/a	515.0	172.1	4.24	272.0
109.694	0.196	fixation	n/a	517.1	172.8	3043.0	n/a	n/a	n/a	n/a
109.892	0.03	saccade	n/a	518.1	172.4	n/a	587.5	169.9	2.6	188.0
109.924	0.378	fixation	n/a	587.6	170.8	2985.0	n/a	n/a	n/a	n/a
110.304	0.064	saccade	n/a	587.7	166.5	n/a	183.3	223.2	15.05	461.0
110.37	0.108	fixation	n/a	183.6	231.5	2955.0	n/a	n/a	n/a	n/a
110.48	0.218	saccade	n/a	189.7	242.8	n/a	135.7	258.2	2.04	884.0
110.514	0.094	blink	n/a	n/a	n/a	n/a	n/a	n/a	n/a	n/a
110.7	0.616	fixation	n/a	139.2	237.9	2944.0	n/a	n/a	n/a	n/a
111.318	0.024	saccade	n/a	141.1	236.2	n/a	195.0	233.3	1.96	136.0
111.344	0.174	fixation	n/a	194.5	235.1	2893.0	n/a	n/a	n/a	n/a
111.52	0.02	saccade	n/a	195.9	235.4	n/a	220.8	237.7	0.91	81.0
111.542	0.548	fixation	n/a	221.2	237.6	2952.0	n/a	n/a	n/a	n/a
112.092	0.036	saccade	n/a	227.1	238.5	n/a	158.5	162.9	3.77	224.0
112.13	0.578	fixation	n/a	155.6	168.0	3095.0	n/a	n/a	n/a	n/a
112.39	0.0	trigger_11	11	n/a	n/a	n/a	n/a	n/a	n/a	n/a
112.498	0.0	trigger_10	10	n/a	n/a	n/a	n/a	n/a	n/a	n/a
112.71	0.028	saccade	n/a	158.3	171.7	n/a	210.4	174.8	1.89	146.0
112.74	0.168	fixation	n/a	209.3	173.7	3238.0	n/a	n/a	n/a	n/a
112.91	0.032	saccade	n/a	210.6	173.5	n/a	310.3	173.1	3.67	248.0
112.944	0.236	fixation	n/a	310.6	173.3	3268.0	n/a	n/a	n/a	n/a
113.182	0.03	saccade	n/a	312.7	175.8	n/a	392.9	178.7	2.99	230.0
113.214	0.448	fixation	n/a	394.0	178.9	3153.0	n/a	n/a	n/a	n/a
113.664	0.03	saccade	n/a	394.6	178.8	n/a	307.6	168.9	3.27	250.0
113.696	0.384	fixation	n/a	304.5	172.8	3170.0	n/a	n/a	n/a	n/a
114.082	0.026	saccade	n/a	302.5	176.2	n/a	370.1	179.0	2.52	168.0
114.11	0.226	fixation	n/a	373.3	173.3	3212.0	n/a	n/a	n/a	n/a
114.338	0.022	saccade	n/a	376.8	170.1	n/a	403.1	175.5	1.0	89.0
114.362	0.27	fixation	n/a	402.2	172.3	3169.0	n/a	n/a	n/a	n/a
114.634	0.014	saccade	n/a	407.0	173.6	n/a	426.3	173.2	0.72	65.0
114.65	0.18	fixation	n/a	417.8	168.7	3193.0	n/a	n/a	n/a	n/a
114.832	0.03	saccade	n/a	417.7	168.1	n/a	501.8	164.5	3.15	212.0
114.864	0.266	fixation	n/a	503.7	165.5	3171.0	n/a	n/a	n/a	n/a
115.132	0.066	saccade	n/a	505.5	168.0	n/a	136.4	217.7	13.65	462.0
115.2	0.34	fixation	n/a	145.2	225.6	3089.0	n/a	n/a	n/a	n/a
115.542	0.03	saccade	n/a	147.1	225.6	n/a	220.6	231.7	2.68	211.0
115.574	0.826	fixation	n/a	225.4	236.3	3043.0	n/a	n/a	n/a	n/a
116.402	0.024	saccade	n/a	223.8	237.6	n/a	253.1	235.4	1.08	110.0
116.428	0.256	fixation	n/a	250.7	237.2	3104.0	n/a	n/a	n/a	n/a
116.686	0.028	saccade	n/a	253.4	238.4	n/a	301.4	236.3	1.77	166.0
116.716	0.298	fixation	n/a	306.2	240.5	3086.0	n/a	n/a	n/a	n/a
117.016	0.03	saccade	n/a	309.0	243.4	n/a	382.2	238.7	2.74	211.0
117.048	0.24	fixation	n/a	390.4	239.3	3016.0	n/a	n/a	n/a	n/a
117.29	0.026	saccade	n/a	391.6	239.7	n/a	434.8	241.7	1.62	143.0
117.318	0.138	fixation	n/a	433.6	239.7	2995.0	n/a	n/a	n/a	n/a
117.458	0.028	saccade	n/a	435.0	237.6	n/a	491.4	235.5	2.11	164.0
117.488	0.242	fixation	n/a	489.3	234.6	2980.0	n/a	n/a	n/a	n/a
117.732	0.032	saccade	n/a	489.8	232.3	n/a	585.6	231.5	3.58	231.0
117.766	0.286	fixation	n/a	589.0	232.9	2950.0	n/a	n/a	n/a	n/a
118.054	0.056	saccade	n/a	588.0	232.4	n/a	297.1	169.9	11.07	427.0
118.112	0.314	fixation	n/a	298.4	177.6	2985.0	n/a	n/a	n/a	n/a
118.168	0.0	trigger_11	11	n/a	n/a	n/a	n/a	n/a	n/a	n/a
118.27	0.0	trigger_10	10	n/a	n/a	n/a	n/a	n/a	n/a	n/a
118.428	0.034	saccade	n/a	298.5	181.3	n/a	191.5	162.9	3.98	286.0
118.464	0.146	fixation	n/a	192.4	170.4	3065.0	n/a	n/a	n/a	n/a
118.612	0.024	saccade	n/a	189.8	171.9	n/a	157.6	172.6	1.17	107.0
118.638	0.18	fixation	n/a	160.9	172.8	3050.0	n/a	n/a	n/a	n/a
118.82	0.03	saccade	n/a	159.2	170.7	n/a	235.6	173.4	2.78	213.0
118.852	0.174	fixation	n/a	239.4	172.8	3014.0	n/a	n/a	n/a	n/a
119.028	0.03	saccade	n/a	241.4	170.8	n/a	325.5	167.8	3.1	225.0
119.06	0.16	fixation	n/a	328.6	168.9	2939.0	n/a	n/a	n/a	n/a
119.222	0.028	saccade	n/a	330.0	169.3	n/a	393.1	176.5	2.37	184.0
119.252	0.218	fixation	n/a	394.7	175.1	2929.0	n/a	n/a	n/a	n/a
119.472	0.03	saccade	n/a	396.4	175.0	n/a	469.6	173.1	2.74	203.0
119.504	0.186	fixation	n/a	472.6	174.0	2907.0	n/a	n/a	n/a	n/a
119.692	0.028	saccade	n/a	473.0	171.7	n/a	519.2	168.7	1.73	146.0
119.722	0.212	fixation	n/a	519.0	169.5	2838.0	n/a	n/a	n/a	n/a
119.936	0.03	saccade	n/a	519.1	169.1	n/a	581.1	166.9	2.31	169.0
119.968	0.128	fixation	n/a	580.9	167.7	2845.0	n/a	n/a	n/a	n/a
120.098	0.07	saccade	n/a	580.3	166.7	n/a	132.1	222.4	16.49	478.0
120.17	0.494	fixation	n/a	134.3	228.2	2990.0	n/a	n/a	n/a	n/a
120.666	0.03	saccade	n/a	138.6	228.4	n/a	157.0	162.1	2.55	164.0
120.698	0.436	fixation	n/a	155.4	162.6	2991.0	n/a	n/a	n/a	n/a
120.808	0.0	trigger_11	11	n/a	n/a	n/a	n/a	n/a	n/a	n/a
120.91	0.0	trigger_10	10	n/a	n/a	n/a	n/a	n/a	n/a	n/a
121.136	0.03	saccade	n/a	159.2	167.5	n/a	230.1	168.8	2.58	201.0
121.168	0.252	fixation	n/a	232.8	171.4	3146.0	n/a	n/a	n/a	n/a
121.422	0.032	saccade	n/a	234.1	169.0	n/a	320.1	172.5	3.18	246.0
121.456	0.168	fixation	n/a	321.5	170.1	3137.0	n/a	n/a	n/a	n/a
121.626	0.048	saccade	n/a	321.2	169.0	n/a	168.0	160.0	5.61	385.0
121.676	0.244	fixation	n/a	158.7	167.2	3177.0	n/a	n/a	n/a	n/a
121.922	0.024	saccade	n/a	163.0	171.7	n/a	205.1	172.6	1.53	127.0
121.948	0.124	fixation	n/a	204.3	173.3	3228.0	n/a	n/a	n/a	n/a
122.074	0.03	saccade	n/a	207.6	172.7	n/a	263.9	169.2	2.06	190.0
122.106	0.142	fixation	n/a	267.5	174.4	3247.0	n/a	n/a	n/a	n/a
122.25	0.028	saccade	n/a	270.0	179.4	n/a	318.0	177.2	1.78	163.0
122.28	0.396	fixation	n/a	321.0	179.9	3183.0	n/a	n/a	n/a	n/a
122.678	0.022	saccade	n/a	325.2	184.3	n/a	352.1	180.9	1.01	89.0
122.702	0.238	fixation	n/a	349.8	179.8	3165.0	n/a	n/a	n/a	n/a
122.942	0.03	saccade	n/a	349.7	175.0	n/a	407.9	173.2	2.17	171.0
122.974	0.18	fixation	n/a	409.3	172.3	3210.0	n/a	n/a	n/a	n/a
123.156	0.028	saccade	n/a	411.7	171.1	n/a	459.8	172.3	1.8	160.0
123.186	0.222	fixation	n/a	460.1	169.9	3153.0	n/a	n/a	n/a	n/a
123.41	0.024	saccade	n/a	461.5	168.3	n/a	486.8	171.5	0.95	102.0
123.436	0.076	fixation	n/a	484.9	172.7	3099.0	n/a	n/a	n/a	n/a
123.514	0.03	saccade	n/a	484.1	174.2	n/a	550.9	173.4	2.5	189.0
123.546	0.196	fixation	n/a	553.6	172.2	3091.0	n/a	n/a	n/a	n/a
123.744	0.022	saccade	n/a	556.1	173.6	n/a	583.2	178.7	1.03	93.0
123.768	0.176	fixation	n/a	578.8	174.5	3122.0	n/a	n/a	n/a	n/a
123.946	0.068	saccade	n/a	577.1	176.2	n/a	159.4	228.2	15.42	488.0
124.016	0.176	fixation	n/a	159.8	233.4	3110.0	n/a	n/a	n/a	n/a
124.194	0.02	saccade	n/a	156.7	235.5	n/a	134.7	234.1	0.79	86.0
124.216	0.094	fixation	n/a	138.3	234.0	3061.0	n/a	n/a	n/a	n/a
124.312	0.032	saccade	n/a	139.8	234.7	n/a	247.5	231.0	3.91	284.0
124.346	0.244	fixation	n/a	256.3	231.0	3039.0	n/a	n/a	n/a	n/a
124.592	0.03	saccade	n/a	256.8	231.2	n/a	246.7	168.5	2.38	184.0
124.624	0.704	fixation	n/a	249.2	172.3	3004.0	n/a	n/a	n/a	n/a
125.08	0.0	trigger_11	11	n/a	n/a	n/a	n/a	n/a	n/a	n/a
125.184	0.0	trigger_10	10	n/a	n/a	n/a	n/a	n/a	n/a	n/a
125.33	0.03	saccade	n/a	248.3	172.1	n/a	185.1	162.9	2.33	198.0
125.362	0.136	fixation	n/a	184.4	166.1	3119.0	n/a	n/a	n/a	n/a
125.5	0.022	saccade	n/a	182.8	166.6	n/a	157.2	166.1	0.92	94.0
125.524	0.284	fixation	n/a	162.0	165.1	3204.0	n/a	n/a	n/a	n/a
125.81	0.028	saccade	n/a	164.3	165.4	n/a	226.0	167.0	2.24	167.0
125.84	0.234	fixation	n/a	230.7	170.4	3159.0	n/a	n/a	n/a	n/a
126.076	0.026	saccade	n/a	232.1	172.7	n/a	279.0	173.0	1.72	147.0
126.104	0.144	fixation	n/a	280.0	172.8	3253.0	n/a	n/a	n/a	n/a
126.25	0.026	saccade	n/a	282.0	174.7	n/a	317.8	175.0	1.32	131.0
126.278	0.484	fixation	n/a	313.6	173.7	3266.0	n/a	n/a	n/a	n/a
126.764	0.026	saccade	n/a	314.8	173.2	n/a	355.0	174.8	1.49	125.0
126.792	0.148	fixation	n/a	352.5	172.4	3216.0	n/a	n/a	n/a	n/a
126.942	0.024	saccade	n/a	354.5	170.1	n/a	394.5	171.1	1.49	128.0
126.968	0.188	fixation	n/a	392.9	175.2	3256.0	n/a	n/a	n/a	n/a
127.158	0.016	saccade	n/a	396.4	175.5	n/a	420.2	178.6	0.9	73.0
127.176	0.202	fixation	n/a	414.1	177.2	3280.0	n/a	n/a	n/a	n/a
127.38	0.032	saccade	n/a	416.4	179.3	n/a	501.5	178.9	3.18	211.0
127.414	0.252	fixation	n/a	504.1	174.8	3162.0	n/a	n/a	n/a	n/a
127.668	0.026	saccade	n/a	506.7	172.2	n/a	544.5	166.9	1.42	120.0
127.696	0.124	fixation	n/a	545.6	170.7	3095.0	n/a	n/a	n/a	n/a
127.822	0.024	saccade	n/a	547.8	172.0	n/a	581.9	170.9	1.27	126.0
127.848	0.148	fixation	n/a	580.4	169.4	3086.0	n/a	n/a	n/a	n/a
127.998	0.062	saccade	n/a	578.3	169.5	n/a	163.0	216.9	15.32	494.0
128.062	0.13	fixation	n/a	163.9	224.8	3190.0	n/a	n/a	n/a	n/a
128.194	0.034	saccade	n/a	161.2	228.5	n/a	137.6	230.7	0.85	129.0
128.23	0.342	fixation	n/a	133.6	234.9	3177.0	n/a	n/a	n/a	n/a
128.574	0.028	saccade	n/a	134.2	234.9	n/a	190.7	231.2	2.04	171.0
128.604	0.162	fixation	n/a	189.3	230.4	3167.0	n/a	n/a	n/a	n/a
128.768	0.03	saccade	n/a	192.1	230.5	n/a	253.0	233.6	2.23	203.0
128.8	0.218	fixation	n/a	254.5	234.0	3178.0	n/a	n/a	n/a	n/a
129.02	0.032	saccade	n/a	256.5	234.0	n/a	346.2	235.4	3.32	258.0
129.054	0.288	fixation	n/a	351.4	231.9	3136.0	n/a	n/a	n/a	n/a
129.344	0.014	saccade	n/a	356.6	230.3	n/a	372.1	232.0	0.58	53.0
129.36	0.156	fixation	n/a	369.2	231.7	3074.0	n/a	n/a	n/a	n/a
129.518	0.028	saccade	n/a	368.8	229.8	n/a	432.7	230.6	2.38	180.0
129.548	0.236	fixation	n/a	431.7	230.6	3049.0	n/a	n/a	n/a	n/a
129.786	0.024	saccade	n/a	433.4	230.7	n/a	471.1	231.8	1.41	122.0
129.812	0.28	fixation	n/a	469.3	231.4	3010.0	n/a	n/a	n/a	n/a
130.094	0.026	saccade	n/a	470.5	229.7	n/a	527.1	232.9	2.12	147.0
130.122	0.144	fixation	n/a	526.2	230.7	2893.0	n/a	n/a	n/a	n/a
130.268	0.026	saccade	n/a	529.1	230.3	n/a	577.0	229.1	1.79	142.0
130.296	0.15	fixation	n/a	576.9	225.9	2820.0	n/a	n/a	n/a	n/a
130.448	0.026	saccade	n/a	577.9	221.2	n/a	617.5	222.5	1.47	126.0
130.476	0.216	fixation	n/a	616.0	222.0	2848.0	n/a	n/a	n/a	n/a
130.694	0.07	saccade	n/a	615.8	225.4	n/a	143.3	283.6	17.35	488.0
130.766	0.162	fixation	n/a	145.5	292.5	2926.0	n/a	n/a	n/a	n/a
130.93	0.02	saccade	n/a	145.0	298.3	n/a	130.5	294.0	0.54	70.0
130.952	0.094	fixation	n/a	134.0	295.6	2904.0	n/a	n/a	n/a	n/a
131.048	0.036	saccade	n/a	133.8	295.6	n/a	158.2	178.5	4.43	294.0
131.086	0.312	fixation	n/a	164.6	177.5	2903.0	n/a	n/a	n/a	n/a
131.104	0.0	trigger_11	11	n/a	n/a	n/a	n/a	n/a	n/a	n/a
131.208	0.0	trigger_10	10	n/a	n/a	n/a	n/a	n/a	n/a	n/a
131.4	0.016	saccade	n/a	161.5	176.0	n/a	155.6	158.7	0.67	60.0
131.418	0.12	fixation	n/a	160.0	165.1	2997.0	n/a	n/a	n/a	n/a
131.54	0.032	saccade	n/a	160.4	165.7	n/a	269.3	162.8	3.96	277.0
131.574	0.204	fixation	n/a	274.9	164.6	3067.0	n/a	n/a	n/a	n/a
131.78	0.024	saccade	n/a	275.7	159.8	n/a	306.9	160.8	1.15	102.0
131.806	0.182	fixation	n/a	306.4	162.4	3043.0	n/a	n/a	n/a	n/a
131.99	0.034	saccade	n/a	306.0	161.5	n/a	408.3	165.6	3.79	264.0
132.026	0.214	fixation	n/a	412.3	166.7	3006.0	n/a	n/a	n/a	n/a
132.242	0.014	saccade	n/a	414.5	168.3	n/a	432.9	169.0	0.69	57.0
132.258	0.424	fixation	n/a	427.5	166.8	3026.0	n/a	n/a	n/a	n/a
132.684	0.026	saccade	n/a	426.9	164.5	n/a	471.2	161.8	1.66	135.0
132.712	0.234	fixation	n/a	473.4	164.4	2941.0	n/a	n/a	n/a	n/a
132.948	0.026	saccade	n/a	473.5	164.1	n/a	511.8	165.1	1.43	119.0
132.976	0.158	fixation	n/a	509.9	165.3	2909.0	n/a	n/a	n/a	n/a
133.136	0.058	saccade	n/a	509.9	166.8	n/a	149.1	228.5	13.39	474.0
133.196	0.18	fixation	n/a	151.5	235.0	2980.0	n/a	n/a	n/a	n/a
133.378	0.02	saccade	n/a	152.5	239.2	n/a	139.9	226.0	0.67	68.0
133.4	0.118	fixation	n/a	141.5	227.5	2992.0	n/a	n/a	n/a	n/a
133.52	0.03	saccade	n/a	142.8	227.2	n/a	232.7	231.9	3.25	243.0
133.552	0.37	fixation	n/a	243.6	233.1	2973.0	n/a	n/a	n/a	n/a
133.924	0.03	saccade	n/a	246.8	232.9	n/a	333.9	231.8	3.21	219.0
133.956	0.212	fixation	n/a	337.5	232.0	2909.0	n/a	n/a	n/a	n/a
134.17	0.032	saccade	n/a	338.6	230.5	n/a	411.1	234.0	2.7	210.0
134.204	0.406	fixation	n/a	414.4	232.5	2826.0	n/a	n/a	n/a	n/a
134.612	0.03	saccade	n/a	414.7	229.9	n/a	498.6	226.6	3.14	206.0
134.644	0.106	fixation	n/a	504.6	224.7	2758.0	n/a	n/a	n/a	n/a
134.752	0.224	saccade	n/a	509.4	231.6	n/a	627.6	266.8	4.59	570.0
134.8	0.118	blink	n/a	n/a	n/a	n/a	n/a	n/a	n/a	n/a
134.978	0.132	fixation	n/a	590.1	236.4	2663.0	n/a	n/a	n/a	n/a
135.112	0.028	saccade	n/a	582.4	227.1	n/a	630.8	228.5	1.8	157.0
135.142	0.258	fixation	n/a	629.4	228.5	2694.0	n/a	n/a	n/a	n/a
135.402	0.062	saccade	n/a	630.3	228.6	n/a	332.5	155.6	11.37	437.0
135.466	0.414	fixation	n/a	328.6	162.8	2712.0	n/a	n/a	n/a	n/a
135.608	0.0	trigger_11	11	n/a	n/a	n/a	n/a	n/a	n/a	n/a
135.712	0.0	trigger_10	10	n/a	n/a	n/a	n/a	n/a	n/a	n/a
135.882	0.048	saccade	n/a	324.7	165.8	n/a	179.8	154.2	5.32	351.0
135.932	0.65	fixation	n/a	162.1	160.1	2874.0	n/a	n/a	n/a	n/a
136.584	0.028	saccade	n/a	159.3	162.3	n/a	212.0	167.7	1.92	157.0
136.614	0.176	fixation	n/a	216.9	170.9	2926.0	n/a	n/a	n/a	n/a
136.792	0.024	saccade	n/a	219.2	173.4	n/a	257.3	179.2	1.41	116.0
136.818	0.13	fixation	n/a	256.2	179.2	3012.0	n/a	n/a	n/a	n/a
136.95	0.03	saccade	n/a	258.4	179.9	n/a	316.9	177.8	2.16	186.0
136.982	0.226	fixation	n/a	317.3	179.0	3074.0	n/a	n/a	n/a	n/a
137.21	0.024	saccade	n/a	319.6	178.6	n/a	347.7	180.8	1.05	96.0
137.236	0.186	fixation	n/a	345.1	181.1	3085.0	n/a	n/a	n/a	n/a
137.424	0.032	saccade	n/a	343.9	178.3	n/a	439.2	178.9	3.54	250.0
137.458	0.334	fixation	n/a	444.0	177.2	3040.0	n/a	n/a	n/a	n/a
137.794	0.024	saccade	n/a	449.3	179.2	n/a	487.9	177.8	1.44	126.0
137.82	0.252	fixation	n/a	483.6	178.5	3031.0	n/a	n/a	n/a	n/a
138.074	0.03	saccade	n/a	483.0	180.8	n/a	563.5	177.9	3.0	210.0
138.106	0.41	fixation	n/a	567.1	174.7	3018.0	n/a	n/a	n/a	n/a
138.518	0.062	saccade	n/a	568.0	175.0	n/a	188.6	216.7	14.01	477.0
138.582	0.128	fixation	n/a	188.0	222.5	3051.0	n/a	n/a	n/a	n/a
138.712	0.04	saccade	n/a	186.7	224.9	n/a	145.3	228.5	1.5	166.0
138.754	0.24	fixation	n/a	144.6	237.4	3062.0	n/a	n/a	n/a	n/a
138.996	0.024	saccade	n/a	143.3	240.7	n/a	121.3	239.3	0.79	92.0
139.022	0.434	fixation	n/a	125.5	240.8	3047.0	n/a	n/a	n/a	n/a
139.458	0.028	saccade	n/a	129.0	240.8	n/a	189.4	240.3	2.17	154.0
139.488	0.24	fixation	n/a	191.3	240.5	3030.0	n/a	n/a	n/a	n/a
139.73	0.032	saccade	n/a	193.1	238.5	n/a	270.9	241.3	2.84	219.0
139.764	0.218	fixation	n/a	278.9	239.9	3000.0	n/a	n/a	n/a	n/a
139.984	0.036	saccade	n/a	282.1	238.6	n/a	185.8	156.1	4.67	273.0
140.022	0.438	fixation	n/a	187.8	169.5	3057.0	n/a	n/a	n/a	n/a
140.178	0.0	trigger_11	11	n/a	n/a	n/a	n/a	n/a	n/a	n/a
140.28	0.0	trigger_12	12	n/a	n/a	n/a	n/a	n/a	n/a	n/a
140.462	0.024	saccade	n/a	187.7	177.9	n/a	155.8	172.9	1.17	115.0
140.488	0.228	fixation	n/a	158.4	175.6	3230.0	n/a	n/a	n/a	n/a
140.718	0.03	saccade	n/a	153.9	173.0	n/a	219.9	175.1	2.38	188.0
140.75	0.236	fixation	n/a	220.2	173.0	3253.0	n/a	n/a	n/a	n/a
140.988	0.03	saccade	n/a	221.9	172.1	n/a	275.8	170.5	1.97	163.0
141.02	0.158	fixation	n/a	277.5	171.8	3171.0	n/a	n/a	n/a	n/a
141.18	0.024	saccade	n/a	279.8	171.8	n/a	315.2	171.3	1.3	102.0
141.206	0.14	fixation	n/a	310.8	173.6	3159.0	n/a	n/a	n/a	n/a
141.348	0.03	saccade	n/a	311.2	172.9	n/a	385.2	168.3	2.75	214.0
141.38	0.236	fixation	n/a	386.6	168.6	3137.0	n/a	n/a	n/a	n/a
141.618	0.032	saccade	n/a	389.1	173.1	n/a	458.9	173.4	2.6	222.0
141.652	0.172	fixation	n/a	463.8	169.3	3100.0	n/a	n/a	n/a	n/a
141.826	0.028	saccade	n/a	466.7	172.5	n/a	534.2	177.2	2.52	172.0
141.856	0.188	fixation	n/a	538.8	175.4	3056.0	n/a	n/a	n/a	n/a
142.046	0.062	saccade	n/a	539.7	174.3	n/a	154.0	215.3	14.21	483.0
142.11	0.306	fixation	n/a	156.3	221.1	3113.0	n/a	n/a	n/a	n/a
142.418	0.032	saccade	n/a	159.8	223.9	n/a	268.5	229.6	3.96	265.0
142.452	0.37	fixation	n/a	275.3	228.6	3119.0	n/a	n/a	n/a	n/a
142.824	0.034	saccade	n/a	273.7	226.7	n/a	195.5	158.3	3.83	242.0
142.86	0.364	fixation	n/a	193.5	161.5	3098.0	n/a	n/a	n/a	n/a
142.922	0.0	trigger_13	13	n/a	n/a	n/a	n/a	n/a	n/a	n/a
143.226	0.044	saccade	n/a	193.3	165.9	n/a	169.7	226.1	2.4	217.0
143.272	0.15	fixation	n/a	169.6	234.3	3264.0	n/a	n/a	n/a	n/a
143.424	0.044	saccade	n/a	170.8	239.4	n/a	166.7	305.6	2.47	242.0
143.47	0.118	fixation	n/a	169.1	313.4	3363.0	n/a	n/a	n/a	n/a
143.59	0.04	saccade	n/a	169.3	317.3	n/a	157.7	353.3	1.4	156.0
143.632	0.218	fixation	n/a	158.9	361.4	3437.0	n/a	n/a	n/a	n/a
143.852	0.028	saccade	n/a	163.0	366.7	n/a	116.5	370.5	1.67	166.0
143.882	0.138	fixation	n/a	120.8	372.1	3387.0	n/a	n/a	n/a	n/a
144.022	0.046	saccade	n/a	123.1	371.4	n/a	210.1	191.6	7.37	303.0
144.07	0.208	fixation	n/a	220.3	188.4	3341.0	n/a	n/a	n/a	n/a
144.28	0.03	saccade	n/a	219.8	186.1	n/a	290.2	175.7	2.6	208.0
144.312	0.15	fixation	n/a	292.3	177.0	3280.0	n/a	n/a	n/a	n/a
144.464	0.04	saccade	n/a	293.2	175.6	n/a	349.2	172.8	2.07	204.0
144.506	0.188	fixation	n/a	356.4	177.4	3278.0	n/a	n/a	n/a	n/a
144.696	0.044	saccade	n/a	356.1	181.9	n/a	176.5	349.0	9.08	476.0
144.742	0.17	fixation	n/a	166.0	353.4	3304.0	n/a	n/a	n/a	n/a
144.914	0.042	saccade	n/a	165.9	356.6	n/a	122.2	361.2	1.57	190.0
144.958	0.252	fixation	n/a	120.0	361.2	3295.0	n/a	n/a	n/a	n/a
145.09	0.0	trigger_15	15	n/a	n/a	n/a	n/a	n/a	n/a	n/a
145.144	0.0	trigger_10	10	n/a	n/a	n/a	n/a	n/a	n/a	n/a
145.212	0.034	saccade	n/a	121.1	358.0	n/a	164.5	212.3	5.61	313.0
145.248	0.108	fixation	n/a	167.6	211.7	3224.0	n/a	n/a	n/a	n/a
145.358	0.038	saccade	n/a	169.3	211.5	n/a	160.1	177.0	1.32	152.0
145.398	0.234	fixation	n/a	159.5	173.6	3186.0	n/a	n/a	n/a	n/a
145.634	0.032	saccade	n/a	160.4	174.8	n/a	262.1	178.6	3.7	276.0
145.668	0.216	fixation	n/a	263.4	173.7	3218.0	n/a	n/a	n/a	n/a
145.886	0.03	saccade	n/a	265.0	173.6	n/a	336.6	167.5	2.65	186.0
145.918	0.124	fixation	n/a	337.2	168.8	3123.0	n/a	n/a	n/a	n/a
146.044	0.284	saccade	n/a	338.6	172.9	n/a	417.4	211.3	3.27	877.0
146.098	0.138	blink	n/a	n/a	n/a	n/a	n/a	n/a	n/a	n/a
146.33	0.318	fixation	n/a	401.9	179.0	2959.0	n/a	n/a	n/a	n/a
146.65	0.026	saccade	n/a	402.2	173.5	n/a	456.1	171.6	2.01	145.0
146.678	0.274	fixation	n/a	458.9	171.1	2765.0	n/a	n/a	n/a	n/a
146.954	0.026	saccade	n/a	460.2	169.4	n/a	514.7	166.8	2.03	147.0
146.982	0.226	fixation	n/a	511.6	164.5	2694.0	n/a	n/a	n/a	n/a
147.21	0.028	saccade	n/a	510.7	163.2	n/a	563.7	167.7	1.98	160.0
147.24	0.132	fixation	n/a	565.0	163.3	2637.0	n/a	n/a	n/a	n/a
147.374	0.064	saccade	n/a	564.1	162.7	n/a	136.6	218.6	15.71	467.0
147.44	0.22	fixation	n/a	141.5	228.7	2706.0	n/a	n/a	n/a	n/a
147.662	0.028	saccade	n/a	142.5	232.2	n/a	197.7	228.2	1.99	156.0
147.692	0.246	fixation	n/a	197.7	226.0	2771.0	n/a	n/a	n/a	n/a
147.94	0.028	saccade	n/a	199.2	225.9	n/a	248.6	227.1	1.8	166.0
147.97	0.172	fixation	n/a	251.8	231.0	2819.0	n/a	n/a	n/a	n/a
148.144	0.024	saccade	n/a	253.0	229.3	n/a	283.9	231.4	1.14	111.0
148.17	0.152	fixation	n/a	283.0	233.3	2866.0	n/a	n/a	n/a	n/a
148.324	0.032	saccade	n/a	283.5	234.7	n/a	379.4	231.0	3.55	253.0
148.358	0.484	fixation	n/a	386.7	232.6	2854.0	n/a	n/a	n/a	n/a
148.844	0.028	saccade	n/a	389.8	231.8	n/a	451.8	232.4	2.31	167.0
148.874	0.216	fixation	n/a	450.5	232.2	2863.0	n/a	n/a	n/a	n/a
149.092	0.028	saccade	n/a	451.2	234.0	n/a	488.0	233.4	1.37	137.0
149.122	0.412	fixation	n/a	496.0	235.4	2928.0	n/a	n/a	n/a	n/a
149.536	0.032	saccade	n/a	504.6	238.5	n/a	588.0	239.8	3.11	220.0
149.57	0.234	fixation	n/a	590.0	234.3	2935.0	n/a	n/a	n/a	n/a
149.806	0.028	saccade	n/a	590.6	237.5	n/a	642.4	236.4	1.92	166.0
149.836	0.102	fixation	n/a	640.9	236.4	2972.0	n/a	n/a	n/a	n/a
149.94	0.072	saccade	n/a	640.3	236.6	n/a	155.5	283.2	17.68	503.0
150.014	0.166	fixation	n/a	163.9	293.4	3029.0	n/a	n/a	n/a	n/a
150.182	0.016	saccade	n/a	162.8	297.3	n/a	141.3	303.9	0.81	66.0
150.2	0.094	fixation	n/a	149.5	303.9	3005.0	n/a	n/a	n/a	n/a
150.296	0.04	saccade	n/a	150.8	304.3	n/a	227.2	296.4	2.77	248.0
150.338	0.166	fixation	n/a	239.0	298.7	2969.0	n/a	n/a	n/a	n/a
150.506	0.032	saccade	n/a	241.6	299.6	n/a	312.6	301.3	2.61	217.0
150.54	0.234	fixation	n/a	318.3	299.6	2862.0	n/a	n/a	n/a	n/a
150.776	0.03	saccade	n/a	317.2	297.4	n/a	379.7	293.7	2.32	195.0
150.808	0.322	fixation	n/a	385.6	294.2	2751.0	n/a	n/a	n/a	n/a
151.132	0.034	saccade	n/a	386.9	290.9	n/a	496.1	285.0	4.07	245.0
151.168	0.126	fixation	n/a	501.0	285.0	2696.0	n/a	n/a	n/a	n/a
151.296	0.026	saccade	n/a	503.6	284.6	n/a	545.8	282.8	1.57	139.0
151.324	0.148	fixation	n/a	545.7	282.9	2676.0	n/a	n/a	n/a	n/a
151.474	0.066	saccade	n/a	545.1	283.5	n/a	204.5	320.4	12.58	404.0
151.542	0.092	fixation	n/a	205.6	324.0	2790.0	n/a	n/a	n/a	n/a
151.636	0.032	saccade	n/a	205.1	327.0	n/a	149.6	359.9	2.34	197.0
151.67	0.266	fixation	n/a	141.7	358.7	2826.0	n/a	n/a	n/a	n/a
151.938	0.052	saccade	n/a	136.0	355.6	n/a	158.9	171.0	6.86	278.0
151.992	0.136	fixation	n/a	163.1	172.0	2866.0	n/a	n/a	n/a	n/a
152.13	0.022	saccade	n/a	162.5	172.5	n/a	152.1	150.7	0.89	86.0
152.154	0.4	fixation	n/a	156.2	154.6	2871.0	n/a	n/a	n/a	n/a
152.17	0.0	trigger_11	11	n/a	n/a	n/a	n/a	n/a	n/a	n/a
152.274	0.0	trigger_10	10	n/a	n/a	n/a	n/a	n/a	n/a	n/a
152.556	0.032	saccade	n/a	158.4	160.1	n/a	242.4	162.4	3.04	230.0
152.59	0.25	fixation	n/a	243.5	160.4	2872.0	n/a	n/a	n/a	n/a
152.842	0.032	saccade	n/a	248.1	164.4	n/a	343.6	161.2	3.51	226.0
152.876	0.178	fixation	n/a	348.9	162.3	2838.0	n/a	n/a	n/a	n/a
153.056	0.03	saccade	n/a	352.3	164.1	n/a	408.9	166.1	2.1	189.0
153.088	0.19	fixation	n/a	413.4	169.4	2803.0	n/a	n/a	n/a	n/a
153.28	0.03	saccade	n/a	414.3	168.4	n/a	484.2	170.5	2.6	181.0
153.312	0.284	fixation	n/a	481.0	168.8	2865.0	n/a	n/a	n/a	n/a
153.598	0.026	saccade	n/a	481.7	168.5	n/a	522.2	166.2	1.51	129.0
153.626	0.138	fixation	n/a	522.0	167.0	2965.0	n/a	n/a	n/a	n/a
153.766	0.03	saccade	n/a	522.4	168.4	n/a	580.0	164.3	2.15	194.0
153.798	0.294	fixation	n/a	579.7	164.5	3060.0	n/a	n/a	n/a	n/a
154.094	0.066	saccade	n/a	579.5	164.4	n/a	157.1	216.9	15.51	512.0
154.162	0.526	fixation	n/a	160.7	225.7	3285.0	n/a	n/a	n/a	n/a
154.69	0.03	saccade	n/a	166.0	229.0	n/a	240.8	230.2	2.73	204.0
154.722	0.124	fixation	n/a	242.7	233.9	3363.0	n/a	n/a	n/a	n/a
154.848	0.028	saccade	n/a	247.2	235.2	n/a	300.7	239.3	1.98	175.0
154.878	0.23	fixation	n/a	299.3	241.0	3433.0	n/a	n/a	n/a	n/a
155.11	0.032	saccade	n/a	298.1	241.4	n/a	367.9	243.8	2.61	198.0
155.144	0.298	fixation	n/a	369.4	242.9	3460.0	n/a	n/a	n/a	n/a
155.444	0.032	saccade	n/a	371.0	246.5	n/a	478.1	235.6	4.04	227.0
155.478	0.298	fixation	n/a	484.6	236.8	3450.0	n/a	n/a	n/a	n/a
155.778	0.026	saccade	n/a	488.9	236.2	n/a	518.8	234.0	1.13	122.0
155.806	0.286	fixation	n/a	518.7	235.7	3424.0	n/a	n/a	n/a	n/a
156.094	0.038	saccade	n/a	514.6	235.9	n/a	305.3	199.7	7.91	392.0
156.134	0.352	fixation	n/a	299.3	206.4	3485.0	n/a	n/a	n/a	n/a
156.234	0.0	trigger_11	11	n/a	n/a	n/a	n/a	n/a	n/a	n/a
156.338	0.0	trigger_10	10	n/a	n/a	n/a	n/a	n/a	n/a	n/a
156.488	0.036	saccade	n/a	298.7	206.8	n/a	172.3	172.7	4.81	295.0
156.526	0.17	fixation	n/a	170.6	177.0	3490.0	n/a	n/a	n/a	n/a
156.698	0.036	saccade	n/a	171.7	180.2	n/a	144.9	180.8	0.97	134.0
156.736	0.13	fixation	n/a	140.7	179.6	3451.0	n/a	n/a	n/a	n/a
156.868	0.032	saccade	n/a	141.3	178.0	n/a	235.0	178.2	3.41	247.0
156.902	0.076	fixation	n/a	239.7	178.5	3392.0	n/a	n/a	n/a	n/a
156.98	0.032	saccade	n/a	241.6	178.1	n/a	304.3	173.5	2.33	214.0
157.014	0.194	fixation	n/a	311.7	173.2	3388.0	n/a	n/a	n/a	n/a
157.21	0.028	saccade	n/a	311.9	173.7	n/a	263.2	172.3	1.8	157.0
157.24	0.156	fixation	n/a	264.0	173.4	3386.0	n/a	n/a	n/a	n/a
157.398	0.042	saccade	n/a	263.3	174.2	n/a	208.3	176.5	2.02	208.0
157.442	0.182	fixation	n/a	204.6	178.5	3402.0	n/a	n/a	n/a	n/a
157.626	0.024	saccade	n/a	203.6	179.4	n/a	171.6	178.1	1.16	118.0
157.652	0.17	fixation	n/a	174.5	178.6	3428.0	n/a	n/a	n/a	n/a
157.824	0.03	saccade	n/a	171.6	179.5	n/a	247.1	176.9	2.75	202.0
157.856	0.196	fixation	n/a	250.5	175.2	3361.0	n/a	n/a	n/a	n/a
158.054	0.03	saccade	n/a	251.0	173.5	n/a	309.6	172.4	2.16	193.0
158.086	0.13	fixation	n/a	315.0	173.1	3305.0	n/a	n/a	n/a	n/a
158.218	0.03	saccade	n/a	318.2	173.5	n/a	394.5	179.9	2.86	212.0
158.25	0.21	fixation	n/a	391.1	175.7	3313.0	n/a	n/a	n/a	n/a
158.462	0.022	saccade	n/a	392.4	173.8	n/a	417.2	172.5	0.93	89.0
158.486	0.332	fixation	n/a	417.4	171.8	3344.0	n/a	n/a	n/a	n/a
158.82	0.016	saccade	n/a	420.5	169.5	n/a	440.6	168.5	0.75	66.0
158.838	0.134	fixation	n/a	436.3	169.3	3316.0	n/a	n/a	n/a	n/a
158.974	0.026	saccade	n/a	437.1	166.6	n/a	480.4	165.4	1.62	140.0
159.002	0.156	fixation	n/a	478.5	168.8	3297.0	n/a	n/a	n/a	n/a
159.16	0.028	saccade	n/a	477.4	168.4	n/a	518.7	171.3	1.55	132.0
159.19	0.246	fixation	n/a	518.4	170.7	3324.0	n/a	n/a	n/a	n/a
159.438	0.03	saccade	n/a	518.7	169.0	n/a	598.5	171.8	2.99	191.0
159.47	0.164	fixation	n/a	598.8	169.8	3248.0	n/a	n/a	n/a	n/a
159.636	0.066	saccade	n/a	598.2	169.7	n/a	137.0	221.9	16.98	516.0
159.704	0.23	fixation	n/a	140.6	231.7	3407.0	n/a	n/a	n/a	n/a
159.936	0.03	saccade	n/a	143.0	235.3	n/a	224.1	230.4	2.95	225.0
159.968	0.36	fixation	n/a	227.1	231.0	3350.0	n/a	n/a	n/a	n/a
160.33	0.026	saccade	n/a	226.5	233.8	n/a	188.9	227.9	1.39	131.0
160.358	0.134	fixation	n/a	189.6	230.1	3271.0	n/a	n/a	n/a	n/a
160.494	0.032	saccade	n/a	189.2	231.3	n/a	294.9	234.6	3.88	268.0
160.528	0.264	fixation	n/a	299.1	233.9	3314.0	n/a	n/a	n/a	n/a
160.794	0.042	saccade	n/a	303.3	236.7	n/a	385.3	231.5	3.06	259.0
160.838	0.52	fixation	n/a	389.6	237.2	3248.0	n/a	n/a	n/a	n/a
161.36	0.024	saccade	n/a	380.9	237.9	n/a	421.5	235.9	1.52	122.0
161.386	0.11	fixation	n/a	418.9	234.6	3213.0	n/a	n/a	n/a	n/a
161.498	0.028	saccade	n/a	418.9	232.0	n/a	466.0	229.5	1.77	154.0
161.528	0.744	fixation	n/a	479.1	227.9	3089.0	n/a	n/a	n/a	n/a
162.274	0.034	saccade	n/a	489.8	229.3	n/a	375.2	172.6	4.79	286.0
162.292	0.0	trigger_11	11	n/a	n/a	n/a	n/a	n/a	n/a	n/a
162.31	0.228	fixation	n/a	370.7	177.0	3103.0	n/a	n/a	n/a	n/a
162.396	0.0	trigger_12	12	n/a	n/a	n/a	n/a	n/a	n/a	n/a
162.54	0.04	saccade	n/a	370.1	177.3	n/a	192.6	157.2	6.57	378.0
162.582	0.142	fixation	n/a	187.8	157.1	3184.0	n/a	n/a	n/a	n/a
162.726	0.036	saccade	n/a	189.9	163.8	n/a	155.9	164.7	1.23	152.0
162.764	0.174	fixation	n/a	149.3	164.0	3227.0	n/a	n/a	n/a	n/a
162.94	0.02	saccade	n/a	147.1	162.4	n/a	130.0	164.6	0.62	70.0
162.962	0.126	fixation	n/a	134.0	167.3	3194.0	n/a	n/a	n/a	n/a
163.09	0.028	saccade	n/a	135.2	168.6	n/a	198.9	171.5	2.3	173.0
163.12	0.25	fixation	n/a	201.0	172.4	3185.0	n/a	n/a	n/a	n/a
163.372	0.028	saccade	n/a	203.7	176.2	n/a	264.5	171.4	2.23	191.0
163.402	0.308	fixation	n/a	267.4	173.8	3285.0	n/a	n/a	n/a	n/a
163.712	0.032	saccade	n/a	268.1	173.2	n/a	359.3	168.7	3.38	236.0
163.746	0.198	fixation	n/a	362.4	171.1	3309.0	n/a	n/a	n/a	n/a
163.946	0.024	saccade	n/a	366.4	173.4	n/a	393.6	174.5	1.02	112.0
163.972	0.47	fixation	n/a	392.1	173.9	3182.0	n/a	n/a	n/a	n/a
164.444	0.026	saccade	n/a	392.6	174.0	n/a	437.6	175.0	1.68	143.0
164.472	0.24	fixation	n/a	438.0	173.1	3025.0	n/a	n/a	n/a	n/a
164.714	0.028	saccade	n/a	439.4	171.2	n/a	494.0	169.0	2.04	159.0
164.744	0.182	fixation	n/a	496.7	171.0	2950.0	n/a	n/a	n/a	n/a
164.928	0.27	saccade	n/a	506.0	182.0	n/a	524.1	176.3	0.71	666.0
164.96	0.164	blink	n/a	n/a	n/a	n/a	n/a	n/a	n/a	n/a
165.2	0.256	fixation	n/a	507.8	166.7	2833.0	n/a	n/a	n/a	n/a
165.458	0.03	saccade	n/a	504.1	163.8	n/a	437.6	162.2	2.48	203.0
165.476	0.0	trigger_13	13	n/a	n/a	n/a	n/a	n/a	n/a	n/a
165.49	0.18	fixation	n/a	437.6	166.1	2876.0	n/a	n/a	n/a	n/a
165.672	0.048	saccade	n/a	437.9	168.9	n/a	152.2	226.3	10.7	448.0
165.722	0.302	fixation	n/a	152.8	236.4	2785.0	n/a	n/a	n/a	n/a
166.026	0.03	saccade	n/a	151.6	239.0	n/a	145.4	290.4	1.92	173.0
166.058	0.31	fixation	n/a	145.2	296.0	2868.0	n/a	n/a	n/a	n/a
166.37	0.052	saccade	n/a	145.3	296.6	n/a	145.0	181.9	4.26	305.0
166.424	0.252	fixation	n/a	147.2	174.5	3164.0	n/a	n/a	n/a	n/a
166.678	0.034	saccade	n/a	147.0	177.0	n/a	124.1	175.4	0.82	129.0
166.714	0.164	fixation	n/a	120.3	176.2	3199.0	n/a	n/a	n/a	n/a
166.88	0.054	saccade	n/a	122.7	179.1	n/a	143.5	323.8	5.4	364.0
166.936	0.086	fixation	n/a	150.9	334.5	3328.0	n/a	n/a	n/a	n/a
167.024	0.02	saccade	n/a	150.3	335.5	n/a	137.1	314.5	0.91	80.0
167.046	0.302	fixation	n/a	138.2	321.6	3370.0	n/a	n/a	n/a	n/a
167.35	0.036	saccade	n/a	136.3	320.4	n/a	146.6	167.4	5.67	280.0
167.372	0.0	trigger_15	15	n/a	n/a	n/a	n/a	n/a	n/a	n/a
167.388	0.336	fixation	n/a	152.1	166.2	3189.0	n/a	n/a	n/a	n/a
167.424	0.0	trigger_10	10	n/a	n/a	n/a	n/a	n/a	n/a	n/a
167.726	0.032	saccade	n/a	152.6	170.1	n/a	239.4	181.3	3.17	254.0
167.76	0.314	fixation	n/a	241.7	181.5	3238.0	n/a	n/a	n/a	n/a
168.076	0.028	saccade	n/a	238.2	177.5	n/a	166.4	175.8	2.6	177.0
168.106	0.164	fixation	n/a	168.5	177.7	3143.0	n/a	n/a	n/a	n/a
168.272	0.028	saccade	n/a	165.9	177.2	n/a	125.5	168.6	1.48	148.0
168.302	0.188	fixation	n/a	125.6	171.7	3112.0	n/a	n/a	n/a	n/a
168.492	0.032	saccade	n/a	125.1	172.1	n/a	226.0	177.3	3.64	253.0
168.526	0.188	fixation	n/a	229.5	174.8	3142.0	n/a	n/a	n/a	n/a
168.716	0.042	saccade	n/a	229.3	174.0	n/a	288.9	166.9	2.2	223.0
168.76	0.244	fixation	n/a	297.9	170.4	3085.0	n/a	n/a	n/a	n/a
169.006	0.032	saccade	n/a	298.2	169.6	n/a	385.2	169.8	3.22	234.0
169.04	0.37	fixation	n/a	389.7	168.0	2967.0	n/a	n/a	n/a	n/a
169.412	0.024	saccade	n/a	393.7	166.4	n/a	427.4	168.8	1.26	112.0
169.438	0.122	fixation	n/a	425.6	168.5	2935.0	n/a	n/a	n/a	n/a
169.562	0.022	saccade	n/a	430.3	170.4	n/a	463.0	170.3	1.22	104.0
169.586	0.164	fixation	n/a	461.0	169.2	2883.0	n/a	n/a	n/a	n/a
169.752	0.026	saccade	n/a	463.2	166.8	n/a	510.4	164.5	1.76	136.0
169.78	0.252	fixation	n/a	511.6	163.9	2746.0	n/a	n/a	n/a	n/a
170.034	0.026	saccade	n/a	512.9	160.1	n/a	557.2	158.8	1.65	133.0
170.062	0.128	fixation	n/a	557.2	158.6	2674.0	n/a	n/a	n/a	n/a
170.192	0.066	saccade	n/a	556.0	158.3	n/a	148.1	207.9	15.0	425.0
170.26	0.576	fixation	n/a	140.1	222.1	2616.0	n/a	n/a	n/a	n/a
170.838	0.028	saccade	n/a	125.2	224.5	n/a	193.5	226.5	2.45	177.0
170.868	0.322	fixation	n/a	196.7	225.7	2540.0	n/a	n/a	n/a	n/a
171.192	0.028	saccade	n/a	191.7	220.7	n/a	253.4	219.7	2.24	163.0
171.222	0.178	fixation	n/a	256.2	221.8	2487.0	n/a	n/a	n/a	n/a
171.402	0.022	saccade	n/a	259.3	224.3	n/a	292.8	227.6	1.24	95.0
171.426	0.244	fixation	n/a	290.2	226.4	2436.0	n/a	n/a	n/a	n/a
171.672	0.014	saccade	n/a	295.6	225.4	n/a	315.2	226.2	0.73	60.0
171.688	0.152	fixation	n/a	315.0	226.0	2399.0	n/a	n/a	n/a	n/a
171.842	0.026	saccade	n/a	317.5	226.8	n/a	379.8	227.3	2.32	152.0
171.87	0.204	fixation	n/a	382.9	227.1	2398.0	n/a	n/a	n/a	n/a
172.076	0.028	saccade	n/a	385.7	228.3	n/a	438.2	224.6	1.96	146.0
172.106	0.512	fixation	n/a	443.3	224.4	2433.0	n/a	n/a	n/a	n/a
172.62	0.056	saccade	n/a	449.8	227.0	n/a	182.2	159.0	10.16	366.0
172.678	0.332	fixation	n/a	187.1	166.5	2628.0	n/a	n/a	n/a	n/a
172.74	0.0	trigger_11	11	n/a	n/a	n/a	n/a	n/a	n/a	n/a
172.844	0.0	trigger_10	10	n/a	n/a	n/a	n/a	n/a	n/a	n/a
173.012	0.026	saccade	n/a	185.3	171.3	n/a	143.7	163.2	1.53	133.0
173.04	0.144	fixation	n/a	145.9	166.8	2766.0	n/a	n/a	n/a	n/a
173.186	0.034	saccade	n/a	145.4	165.0	n/a	260.9	164.7	4.18	281.0
173.222	0.288	fixation	n/a	271.0	166.1	2782.0	n/a	n/a	n/a	n/a
173.512	0.034	saccade	n/a	273.7	170.1	n/a	386.2	168.7	4.17	290.0
173.548	0.206	fixation	n/a	393.9	165.6	2809.0	n/a	n/a	n/a	n/a
173.756	0.024	saccade	n/a	393.1	165.4	n/a	364.9	164.4	1.05	108.0
173.782	0.11	fixation	n/a	366.2	165.7	2824.0	n/a	n/a	n/a	n/a
173.894	0.034	saccade	n/a	364.3	163.9	n/a	477.1	165.2	4.2	255.0
173.93	0.212	fixation	n/a	485.3	167.6	2845.0	n/a	n/a	n/a	n/a
174.144	0.024	saccade	n/a	488.8	169.2	n/a	517.4	170.1	1.07	101.0
174.17	0.148	fixation	n/a	514.0	172.3	2915.0	n/a	n/a	n/a	n/a
174.32	0.028	saccade	n/a	516.7	173.4	n/a	561.8	167.7	1.69	159.0
174.35	0.134	fixation	n/a	561.7	167.5	2887.0	n/a	n/a	n/a	n/a
174.486	0.028	saccade	n/a	563.4	168.0	n/a	620.1	166.5	2.1	168.0
174.516	0.218	fixation	n/a	618.7	171.4	2857.0	n/a	n/a	n/a	n/a
174.736	0.07	saccade	n/a	615.0	172.1	n/a	160.0	232.1	16.76	462.0
174.808	0.228	fixation	n/a	160.2	239.4	3005.0	n/a	n/a	n/a	n/a
175.038	0.024	saccade	n/a	159.4	243.2	n/a	129.6	244.9	1.07	112.0
175.064	0.144	fixation	n/a	134.5	245.3	3015.0	n/a	n/a	n/a	n/a
175.21	0.032	saccade	n/a	136.8	246.8	n/a	226.5	243.6	3.25	242.0
175.244	0.216	fixation	n/a	231.6	242.6	2998.0	n/a	n/a	n/a	n/a
175.462	0.028	saccade	n/a	232.5	239.8	n/a	291.7	242.1	2.17	190.0
175.492	0.194	fixation	n/a	290.2	240.5	2992.0	n/a	n/a	n/a	n/a
175.688	0.032	saccade	n/a	289.2	239.4	n/a	353.1	243.5	2.38	219.0
175.722	0.264	fixation	n/a	357.5	238.7	3030.0	n/a	n/a	n/a	n/a
175.988	0.03	saccade	n/a	360.8	236.8	n/a	420.0	236.6	2.2	188.0
176.02	0.262	fixation	n/a	422.2	237.8	2985.0	n/a	n/a	n/a	n/a
176.284	0.028	saccade	n/a	425.6	237.9	n/a	483.1	232.9	2.16	174.0
176.314	0.16	fixation	n/a	484.0	234.2	2943.0	n/a	n/a	n/a	n/a
176.476	0.028	saccade	n/a	484.9	235.4	n/a	528.1	231.8	1.62	143.0
176.506	0.264	fixation	n/a	526.4	235.2	2938.0	n/a	n/a	n/a	n/a
176.772	0.028	saccade	n/a	527.7	237.2	n/a	579.6	236.5	1.94	159.0
176.802	0.184	fixation	n/a	580.1	239.1	2978.0	n/a	n/a	n/a	n/a
176.988	0.062	saccade	n/a	581.3	241.5	n/a	151.1	300.9	15.86	502.0
177.052	0.452	fixation	n/a	150.2	308.9	3050.0	n/a	n/a	n/a	n/a
177.506	0.03	saccade	n/a	152.7	310.3	n/a	164.4	202.8	4.02	219.0
177.538	0.312	fixation	n/a	161.6	188.8	2951.0	n/a	n/a	n/a	n/a
177.588	0.0	trigger_11	11	n/a	n/a	n/a	n/a	n/a	n/a	n/a
177.692	0.0	trigger_10	10	n/a	n/a	n/a	n/a	n/a	n/a	n/a
177.852	0.022	saccade	n/a	160.2	185.5	n/a	135.8	168.0	1.09	89.0
177.876	0.142	fixation	n/a	137.8	169.0	2966.0	n/a	n/a	n/a	n/a
178.02	0.032	saccade	n/a	137.4	169.2	n/a	215.2	173.3	2.81	223.0
178.054	0.192	fixation	n/a	221.5	173.7	2925.0	n/a	n/a	n/a	n/a
178.248	0.032	saccade	n/a	224.6	175.6	n/a	143.4	166.6	2.95	234.0
178.282	0.136	fixation	n/a	139.8	168.1	2960.0	n/a	n/a	n/a	n/a
178.42	0.034	saccade	n/a	139.2	169.7	n/a	285.1	175.7	5.29	334.0
178.456	0.074	fixation	n/a	296.0	174.9	2979.0	n/a	n/a	n/a	n/a
178.532	0.042	saccade	n/a	297.0	172.9	n/a	368.7	175.3	2.66	250.0
178.576	0.248	fixation	n/a	380.3	176.2	2902.0	n/a	n/a	n/a	n/a
178.826	0.026	saccade	n/a	385.1	178.9	n/a	438.1	172.6	1.99	148.0
178.854	0.62	fixation	n/a	444.2	172.0	2845.0	n/a	n/a	n/a	n/a
179.476	0.028	saccade	n/a	456.9	172.1	n/a	518.2	170.3	2.29	163.0
179.506	0.17	fixation	n/a	519.4	171.7	2779.0	n/a	n/a	n/a	n/a
179.678	0.028	saccade	n/a	519.2	171.5	n/a	567.1	167.2	1.79	142.0
179.708	0.16	fixation	n/a	567.7	168.1	2748.0	n/a	n/a	n/a	n/a
179.87	0.026	saccade	n/a	568.8	167.2	n/a	610.0	165.9	1.53	137.0
179.898	0.188	fixation	n/a	611.6	168.5	2738.0	n/a	n/a	n/a	n/a
180.088	0.066	saccade	n/a	611.9	172.9	n/a	194.2	213.0	15.37	435.0
180.156	0.104	fixation	n/a	194.1	219.0	2829.0	n/a	n/a	n/a	n/a
180.262	0.028	saccade	n/a	193.9	222.1	n/a	136.3	240.1	2.18	169.0
180.292	0.262	fixation	n/a	140.1	241.1	2813.0	n/a	n/a	n/a	n/a
180.556	0.032	saccade	n/a	140.2	242.8	n/a	226.2	245.6	3.11	233.0
180.59	0.202	fixation	n/a	230.1	243.8	2801.0	n/a	n/a	n/a	n/a
180.794	0.016	saccade	n/a	231.5	239.9	n/a	253.1	239.1	0.79	64.0
180.812	0.178	fixation	n/a	249.2	237.3	2740.0	n/a	n/a	n/a	n/a
180.992	0.034	saccade	n/a	250.1	238.2	n/a	136.2	231.7	4.13	274.0
181.028	0.22	fixation	n/a	133.5	233.3	2736.0	n/a	n/a	n/a	n/a
181.25	0.032	saccade	n/a	133.6	234.1	n/a	217.4	240.4	3.03	238.0
181.284	0.216	fixation	n/a	224.9	238.0	2744.0	n/a	n/a	n/a	n/a
181.502	0.022	saccade	n/a	228.3	237.9	n/a	256.1	234.8	1.02	103.0
181.526	0.204	fixation	n/a	254.9	235.6	2712.0	n/a	n/a	n/a	n/a
181.732	0.032	saccade	n/a	255.8	233.2	n/a	352.6	231.7	3.57	214.0
181.766	0.268	fixation	n/a	360.0	232.9	2708.0	n/a	n/a	n/a	n/a
182.036	0.032	saccade	n/a	361.8	233.2	n/a	434.9	230.7	2.73	204.0
182.07	0.248	fixation	n/a	438.4	230.9	2691.0	n/a	n/a	n/a	n/a
182.32	0.028	saccade	n/a	441.6	231.7	n/a	506.8	224.7	2.45	172.0
182.35	0.826	fixation	n/a	517.5	229.7	2696.0	n/a	n/a	n/a	n/a
183.178	0.03	saccade	n/a	522.8	238.9	n/a	591.8	235.7	2.57	185.0
183.21	0.432	fixation	n/a	591.8	238.3	2873.0	n/a	n/a	n/a	n/a
183.644	0.028	saccade	n/a	589.5	237.7	n/a	652.8	239.9	2.35	176.0
183.674	0.11	fixation	n/a	648.7	239.5	2911.0	n/a	n/a	n/a	n/a
183.786	0.066	saccade	n/a	647.8	238.4	n/a	151.3	288.5	18.15	499.0
183.854	0.154	fixation	n/a	151.5	293.1	3029.0	n/a	n/a	n/a	n/a
184.01	0.014	saccade	n/a	149.6	298.7	n/a	129.3	303.5	0.75	66.0
184.026	0.142	fixation	n/a	135.1	301.0	3009.0	n/a	n/a	n/a	n/a
184.17	0.032	saccade	n/a	135.0	301.2	n/a	225.9	299.4	3.28	269.0
184.204	0.332	fixation	n/a	234.0	297.1	2967.0	n/a	n/a	n/a	n/a
184.538	0.028	saccade	n/a	237.7	295.8	n/a	291.4	294.8	1.97	168.0
184.568	0.27	fixation	n/a	292.8	295.7	2910.0	n/a	n/a	n/a	n/a
184.84	0.032	saccade	n/a	296.6	300.0	n/a	388.7	295.2	3.42	251.0
184.874	0.23	fixation	n/a	394.9	295.1	2914.0	n/a	n/a	n/a	n/a
185.106	0.032	saccade	n/a	395.3	291.7	n/a	470.0	292.1	2.79	225.0
185.14	0.27	fixation	n/a	474.3	291.2	2940.0	n/a	n/a	n/a	n/a
185.412	0.024	saccade	n/a	476.5	291.7	n/a	509.9	285.2	1.27	109.0
185.438	0.106	fixation	n/a	507.9	289.5	2960.0	n/a	n/a	n/a	n/a
185.546	0.028	saccade	n/a	509.1	289.9	n/a	555.9	284.9	1.76	165.0
185.576	0.102	fixation	n/a	558.0	285.4	2965.0	n/a	n/a	n/a	n/a
185.68	0.064	saccade	n/a	557.5	286.9	n/a	192.0	349.4	13.64	504.0
185.746	0.21	fixation	n/a	187.4	355.3	3098.0	n/a	n/a	n/a	n/a
185.958	0.042	saccade	n/a	184.5	358.3	n/a	136.7	361.4	1.72	187.0
186.002	0.18	fixation	n/a	133.7	364.9	3243.0	n/a	n/a	n/a	n/a
186.184	0.034	saccade	n/a	132.3	363.4	n/a	239.3	365.1	3.86	273.0
186.22	0.168	fixation	n/a	244.0	368.0	3234.0	n/a	n/a	n/a	n/a
186.39	0.038	saccade	n/a	245.1	368.6	n/a	189.1	199.1	6.63	311.0
186.43	0.208	fixation	n/a	172.3	180.6	3162.0	n/a	n/a	n/a	n/a
186.64	0.032	saccade	n/a	172.5	179.0	n/a	291.9	174.0	4.35	263.0
186.674	0.064	fixation	n/a	297.0	175.1	3178.0	n/a	n/a	n/a	n/a
186.74	0.042	saccade	n/a	299.9	175.3	n/a	383.4	179.9	3.1	282.0
186.784	0.112	fixation	n/a	392.5	184.2	3199.0	n/a	n/a	n/a	n/a
186.898	0.022	saccade	n/a	391.0	186.1	n/a	364.3	184.3	1.0	94.0
186.918	0.0	trigger_11	11	n/a	n/a	n/a	n/a	n/a	n/a	n/a
186.922	0.266	fixation	n/a	368.2	186.3	3255.0	n/a	n/a	n/a	n/a
187.022	0.0	trigger_10	10	n/a	n/a	n/a	n/a	n/a	n/a	n/a
187.19	0.054	saccade	n/a	365.9	189.5	n/a	204.7	183.7	5.93	358.0
187.246	0.134	fixation	n/a	196.0	184.1	3343.0	n/a	n/a	n/a	n/a
187.382	0.04	saccade	n/a	195.1	186.5	n/a	158.5	185.1	1.32	162.0
187.424	0.178	fixation	n/a	156.1	187.3	3404.0	n/a	n/a	n/a	n/a
187.604	0.022	saccade	n/a	153.3	188.2	n/a	130.6	184.9	0.82	88.0
187.628	0.106	fixation	n/a	133.5	185.4	3353.0	n/a	n/a	n/a	n/a
187.736	0.03	saccade	n/a	134.7	185.6	n/a	227.4	183.2	3.34	250.0
187.768	0.22	fixation	n/a	231.8	182.7	3306.0	n/a	n/a	n/a	n/a
187.99	0.03	saccade	n/a	233.5	179.3	n/a	299.2	182.0	2.41	190.0
188.022	0.122	fixation	n/a	300.8	183.6	3315.0	n/a	n/a	n/a	n/a
188.146	0.03	saccade	n/a	301.8	183.4	n/a	363.0	183.5	2.27	191.0
188.178	0.25	fixation	n/a	365.1	181.1	3247.0	n/a	n/a	n/a	n/a
188.43	0.03	saccade	n/a	366.5	179.3	n/a	443.2	175.3	2.86	207.0
188.462	0.198	fixation	n/a	443.6	175.6	3115.0	n/a	n/a	n/a	n/a
188.662	0.03	saccade	n/a	443.8	174.1	n/a	506.9	168.9	2.36	199.0
188.694	0.566	fixation	n/a	517.9	174.3	3083.0	n/a	n/a	n/a	n/a
189.262	0.032	saccade	n/a	522.2	176.6	n/a	603.9	175.4	3.04	211.0
189.296	0.204	fixation	n/a	602.6	178.9	3133.0	n/a	n/a	n/a	n/a
189.502	0.026	saccade	n/a	600.9	180.6	n/a	629.7	178.0	1.07	119.0
189.53	0.062	fixation	n/a	631.3	181.0	3201.0	n/a	n/a	n/a	n/a
189.594	0.066	saccade	n/a	632.4	183.6	n/a	146.4	233.7	17.8	538.0
189.662	0.23	fixation	n/a	148.7	238.4	3267.0	n/a	n/a	n/a	n/a
189.894	0.026	saccade	n/a	149.8	236.6	n/a	196.6	235.3	1.69	128.0
189.922	0.146	fixation	n/a	193.0	237.0	3195.0	n/a	n/a	n/a	n/a
190.07	0.042	saccade	n/a	191.2	240.0	n/a	128.8	242.0	2.25	222.0
190.114	0.192	fixation	n/a	122.1	243.2	3159.0	n/a	n/a	n/a	n/a
190.308	0.072	saccade	n/a	121.7	243.2	n/a	578.1	170.7	16.82	409.0
190.382	0.288	fixation	n/a	585.5	169.1	3114.0	n/a	n/a	n/a	n/a
190.672	0.062	saccade	n/a	587.0	164.5	n/a	242.3	213.0	12.8	426.0
190.736	0.138	fixation	n/a	243.9	222.0	3141.0	n/a	n/a	n/a	n/a
190.876	0.028	saccade	n/a	244.0	227.1	n/a	197.5	236.2	1.72	159.0
190.906	0.16	fixation	n/a	197.1	237.8	3128.0	n/a	n/a	n/a	n/a
191.068	0.042	saccade	n/a	197.6	238.6	n/a	278.8	241.5	2.97	256.0
191.112	0.202	fixation	n/a	291.0	243.3	3165.0	n/a	n/a	n/a	n/a
191.316	0.044	saccade	n/a	293.2	244.9	n/a	388.0	232.5	3.55	243.0
191.362	0.304	fixation	n/a	397.6	235.4	3054.0	n/a	n/a	n/a	n/a
191.668	0.03	saccade	n/a	400.5	234.9	n/a	335.7	228.1	2.42	217.0
191.7	0.17	fixation	n/a	333.2	229.2	3030.0	n/a	n/a	n/a	n/a
191.872	0.028	saccade	n/a	330.6	229.9	n/a	287.5	176.7	2.56	172.0
191.902	0.33	fixation	n/a	284.8	179.8	2978.0	n/a	n/a	n/a	n/a
191.974	0.0	trigger_11	11	n/a	n/a	n/a	n/a	n/a	n/a	n/a
192.076	0.0	trigger_10	10	n/a	n/a	n/a	n/a	n/a	n/a	n/a
192.234	0.034	saccade	n/a	285.3	177.8	n/a	186.3	172.2	3.61	258.0
192.27	0.144	fixation	n/a	185.4	176.1	3055.0	n/a	n/a	n/a	n/a
192.416	0.026	saccade	n/a	183.2	179.5	n/a	154.1	177.0	1.05	120.0
192.444	0.218	fixation	n/a	153.2	177.7	3091.0	n/a	n/a	n/a	n/a
192.664	0.254	saccade	n/a	156.7	179.9	n/a	246.0	206.8	3.39	911.0
192.712	0.148	blink	n/a	n/a	n/a	n/a	n/a	n/a	n/a	n/a
192.92	0.314	fixation	n/a	230.6	170.4	2993.0	n/a	n/a	n/a	n/a
193.236	0.032	saccade	n/a	228.1	174.5	n/a	329.1	172.0	3.71	265.0
193.27	0.27	fixation	n/a	337.0	170.1	2861.0	n/a	n/a	n/a	n/a
193.542	0.028	saccade	n/a	339.5	172.7	n/a	402.1	176.2	2.33	192.0
193.572	0.21	fixation	n/a	403.0	178.6	2767.0	n/a	n/a	n/a	n/a
193.784	0.032	saccade	n/a	403.6	178.9	n/a	493.2	171.1	3.36	224.0
193.818	0.218	fixation	n/a	498.3	169.6	2745.0	n/a	n/a	n/a	n/a
194.038	0.016	saccade	n/a	496.0	169.7	n/a	473.6	168.7	0.84	69.0
194.056	0.166	fixation	n/a	478.7	169.7	2794.0	n/a	n/a	n/a	n/a
194.224	0.032	saccade	n/a	478.6	167.0	n/a	582.6	166.6	3.87	248.0
194.258	0.162	fixation	n/a	587.5	170.5	2820.0	n/a	n/a	n/a	n/a
194.422	0.066	saccade	n/a	587.1	171.8	n/a	143.5	215.7	16.21	480.0
194.49	0.296	fixation	n/a	146.4	224.6	2886.0	n/a	n/a	n/a	n/a
194.788	0.032	saccade	n/a	148.9	229.4	n/a	243.2	237.9	3.43	273.0
194.822	0.518	fixation	n/a	240.8	238.4	3016.0	n/a	n/a	n/a	n/a
195.342	0.04	saccade	n/a	238.1	236.9	n/a	309.3	227.6	2.64	235.0
195.384	0.172	fixation	n/a	320.2	232.4	3028.0	n/a	n/a	n/a	n/a
195.558	0.03	saccade	n/a	323.0	233.2	n/a	382.9	235.0	2.23	184.0
195.59	0.266	fixation	n/a	382.8	235.6	3014.0	n/a	n/a	n/a	n/a
195.858	0.024	saccade	n/a	384.8	235.8	n/a	410.3	235.3	0.95	97.0
195.884	0.168	fixation	n/a	409.7	236.6	3029.0	n/a	n/a	n/a	n/a
196.054	0.032	saccade	n/a	409.8	236.8	n/a	489.2	236.8	2.97	228.0
196.088	0.244	fixation	n/a	492.4	239.8	3009.0	n/a	n/a	n/a	n/a
196.334	0.036	saccade	n/a	495.1	243.8	n/a	378.5	239.7	4.35	289.0
196.372	0.314	fixation	n/a	376.4	242.3	3025.0	n/a	n/a	n/a	n/a
196.688	0.028	saccade	n/a	377.2	246.9	n/a	423.6	244.2	1.73	160.0
196.718	0.124	fixation	n/a	425.2	243.7	3071.0	n/a	n/a	n/a	n/a
196.844	0.038	saccade	n/a	425.6	244.6	n/a	483.9	240.2	2.18	208.0
196.884	0.19	fixation	n/a	489.2	244.7	3065.0	n/a	n/a	n/a	n/a
197.076	0.03	saccade	n/a	487.4	244.6	n/a	563.2	238.3	2.84	218.0
197.108	0.302	fixation	n/a	568.4	236.4	2985.0	n/a	n/a	n/a	n/a
197.412	0.024	saccade	n/a	570.2	234.8	n/a	596.9	232.1	1.0	113.0
197.438	0.12	fixation	n/a	596.9	231.4	2853.0	n/a	n/a	n/a	n/a
197.56	0.068	saccade	n/a	596.5	230.8	n/a	156.4	284.8	16.19	484.0
197.63	0.206	fixation	n/a	161.2	292.5	2878.0	n/a	n/a	n/a	n/a
197.838	0.024	saccade	n/a	161.0	298.3	n/a	130.8	301.5	1.09	119.0
197.864	0.118	fixation	n/a	132.7	301.4	2869.0	n/a	n/a	n/a	n/a
197.984	0.036	saccade	n/a	132.4	301.1	n/a	132.5	167.4	4.94	280.0
198.022	0.206	fixation	n/a	134.3	166.6	2870.0	n/a	n/a	n/a	n/a
198.23	0.03	saccade	n/a	131.4	164.5	n/a	236.9	169.6	3.79	228.0
198.262	0.21	fixation	n/a	241.2	172.5	2916.0	n/a	n/a	n/a	n/a
198.474	0.032	saccade	n/a	242.5	176.0	n/a	319.0	178.4	2.81	244.0
198.508	0.122	fixation	n/a	323.3	177.8	2975.0	n/a	n/a	n/a	n/a
198.632	0.03	saccade	n/a	324.6	177.4	n/a	388.0	177.1	2.35	210.0
198.664	0.308	fixation	n/a	390.4	182.8	3022.0	n/a	n/a	n/a	n/a
198.718	0.0	trigger_11	11	n/a	n/a	n/a	n/a	n/a	n/a	n/a
198.822	0.0	trigger_10	10	n/a	n/a	n/a	n/a	n/a	n/a	n/a
198.974	0.036	saccade	n/a	390.8	185.7	n/a	221.0	175.5	6.25	373.0
199.012	0.152	fixation	n/a	216.0	180.2	3109.0	n/a	n/a	n/a	n/a
199.166	0.026	saccade	n/a	215.3	184.6	n/a	172.9	182.4	1.54	140.0
199.194	0.252	fixation	n/a	180.2	185.7	3179.0	n/a	n/a	n/a	n/a
199.448	0.038	saccade	n/a	182.1	186.5	n/a	140.1	181.8	1.52	167.0
199.488	0.208	fixation	n/a	136.4	184.4	3219.0	n/a	n/a	n/a	n/a
199.698	0.03	saccade	n/a	139.7	188.4	n/a	262.6	193.0	4.46	264.0
199.73	0.144	fixation	n/a	272.2	191.0	3204.0	n/a	n/a	n/a	n/a
199.876	0.026	saccade	n/a	273.3	189.7	n/a	304.1	190.9	1.14	106.0
199.904	0.128	fixation	n/a	301.7	186.2	3219.0	n/a	n/a	n/a	n/a
200.034	0.032	saccade	n/a	301.0	181.9	n/a	388.1	180.8	3.23	259.0
200.068	0.264	fixation	n/a	391.2	183.4	3160.0	n/a	n/a	n/a	n/a
200.334	0.032	saccade	n/a	391.0	182.5	n/a	476.9	178.6	3.2	222.0
200.368	0.182	fixation	n/a	477.1	178.5	3125.0	n/a	n/a	n/a	n/a
200.552	0.03	saccade	n/a	476.0	179.3	n/a	535.6	174.7	2.23	184.0
200.584	0.392	fixation	n/a	533.9	172.8	3097.0	n/a	n/a	n/a	n/a
200.978	0.024	saccade	n/a	535.4	170.3	n/a	579.5	168.4	1.64	126.0
201.004	0.218	fixation	n/a	575.7	168.5	3193.0	n/a	n/a	n/a	n/a
201.224	0.064	saccade	n/a	573.6	170.8	n/a	147.0	225.3	15.7	498.0
201.29	0.204	fixation	n/a	149.9	232.6	3332.0	n/a	n/a	n/a	n/a
201.496	0.014	saccade	n/a	149.3	237.5	n/a	129.0	237.2	0.73	64.0
201.512	0.132	fixation	n/a	136.9	238.6	3278.0	n/a	n/a	n/a	n/a
201.646	0.03	saccade	n/a	138.3	239.6	n/a	189.9	237.0	1.86	178.0
201.678	0.194	fixation	n/a	196.8	239.5	3201.0	n/a	n/a	n/a	n/a
201.874	0.028	saccade	n/a	196.7	238.8	n/a	169.0	172.1	2.67	182.0
201.904	0.462	fixation	n/a	168.4	181.3	3232.0	n/a	n/a	n/a	n/a
201.926	0.0	trigger_11	11	n/a	n/a	n/a	n/a	n/a	n/a	n/a
202.03	0.0	trigger_10	10	n/a	n/a	n/a	n/a	n/a	n/a	n/a
202.368	0.036	saccade	n/a	160.6	180.1	n/a	299.6	174.2	5.06	330.0
202.406	0.23	fixation	n/a	305.2	175.6	3306.0	n/a	n/a	n/a	n/a
202.638	0.026	saccade	n/a	308.1	173.8	n/a	346.9	174.0	1.43	138.0
202.666	0.19	fixation	n/a	349.0	178.2	3176.0	n/a	n/a	n/a	n/a
202.858	0.026	saccade	n/a	351.5	179.6	n/a	395.5	178.1	1.64	148.0
202.886	0.184	fixation	n/a	393.7	176.1	3124.0	n/a	n/a	n/a	n/a
203.072	0.028	saccade	n/a	393.8	177.7	n/a	334.6	178.0	2.2	188.0
203.102	0.232	fixation	n/a	333.9	176.7	3109.0	n/a	n/a	n/a	n/a
203.336	0.028	saccade	n/a	333.2	178.0	n/a	392.0	179.4	2.18	172.0
203.366	0.238	fixation	n/a	392.8	179.8	3130.0	n/a	n/a	n/a	n/a
203.606	0.032	saccade	n/a	392.9	177.5	n/a	472.2	178.3	2.95	242.0
203.64	0.224	fixation	n/a	475.3	178.0	3125.0	n/a	n/a	n/a	n/a
203.866	0.032	saccade	n/a	473.8	181.2	n/a	550.2	178.3	2.85	222.0
203.9	0.252	fixation	n/a	553.4	175.9	3067.0	n/a	n/a	n/a	n/a
204.154	0.064	saccade	n/a	554.9	176.2	n/a	146.7	228.5	15.05	470.0
204.22	0.338	fixation	n/a	144.6	234.0	3107.0	n/a	n/a	n/a	n/a
204.56	0.032	saccade	n/a	146.2	233.2	n/a	209.2	235.1	2.28	200.0
204.594	0.208	fixation	n/a	214.3	235.4	3164.0	n/a	n/a	n/a	n/a
204.804	0.03	saccade	n/a	216.7	234.7	n/a	277.1	236.6	2.21	191.0
204.836	0.254	fixation	n/a	278.6	237.9	3134.0	n/a	n/a	n/a	n/a
205.092	0.032	saccade	n/a	277.6	236.9	n/a	371.4	237.1	3.47	253.0
205.126	0.194	fixation	n/a	374.1	236.9	3116.0	n/a	n/a	n/a	n/a
205.322	0.028	saccade	n/a	375.7	240.2	n/a	427.4	238.4	1.93	162.0
205.352	0.37	fixation	n/a	431.1	239.5	3088.0	n/a	n/a	n/a	n/a
205.724	0.03	saccade	n/a	435.7	242.5	n/a	499.3	235.9	2.39	174.0
205.756	0.316	fixation	n/a	499.3	235.2	3053.0	n/a	n/a	n/a	n/a
206.074	0.032	saccade	n/a	497.6	232.8	n/a	568.9	234.1	2.66	194.0
206.108	0.13	fixation	n/a	568.4	234.1	3087.0	n/a	n/a	n/a	n/a
206.24	0.026	saccade	n/a	568.6	233.4	n/a	601.8	231.6	1.23	118.0
206.268	0.212	fixation	n/a	604.1	233.4	3085.0	n/a	n/a	n/a	n/a
206.482	0.056	saccade	n/a	604.7	235.0	n/a	221.1	265.6	14.12	482.0
206.54	0.19	fixation	n/a	215.6	273.5	3148.0	n/a	n/a	n/a	n/a
206.732	0.036	saccade	n/a	211.5	276.8	n/a	187.3	284.5	0.92	126.0
206.77	0.092	fixation	n/a	186.2	289.1	3088.0	n/a	n/a	n/a	n/a
206.864	0.038	saccade	n/a	184.8	289.2	n/a	144.7	292.9	1.45	166.0
206.904	0.234	fixation	n/a	138.5	292.2	3047.0	n/a	n/a	n/a	n/a
207.14	0.03	saccade	n/a	138.8	291.5	n/a	211.7	284.7	2.63	189.0
207.172	0.266	fixation	n/a	220.1	288.5	3031.0	n/a	n/a	n/a	n/a
207.44	0.028	saccade	n/a	219.0	288.4	n/a	184.4	206.1	3.31	190.0
207.47	0.202	fixation	n/a	184.8	200.4	2986.0	n/a	n/a	n/a	n/a
207.494	0.0	trigger_11	11	n/a	n/a	n/a	n/a	n/a	n/a	n/a
207.6	0.0	trigger_10	10	n/a	n/a	n/a	n/a	n/a	n/a	n/a
207.674	0.028	saccade	n/a	188.0	201.9	n/a	162.9	174.0	1.37	134.0
207.704	0.116	fixation	n/a	161.8	173.4	2995.0	n/a	n/a	n/a	n/a
207.822	0.024	saccade	n/a	159.6	171.5	n/a	126.8	163.1	1.21	117.0
207.848	0.154	fixation	n/a	130.3	166.3	3056.0	n/a	n/a	n/a	n/a
208.004	0.034	saccade	n/a	131.8	170.5	n/a	248.7	171.3	4.21	279.0
208.04	0.212	fixation	n/a	250.8	170.4	3027.0	n/a	n/a	n/a	n/a
208.254	0.03	saccade	n/a	251.8	171.5	n/a	318.8	171.6	2.46	195.0
208.286	0.256	fixation	n/a	320.9	171.5	3033.0	n/a	n/a	n/a	n/a
208.544	0.03	saccade	n/a	321.4	172.4	n/a	391.1	172.2	2.59	212.0
208.576	0.398	fixation	n/a	390.8	172.0	3049.0	n/a	n/a	n/a	n/a
208.976	0.03	saccade	n/a	388.7	173.3	n/a	459.4	175.5	2.63	221.0
209.008	0.206	fixation	n/a	461.7	173.8	3012.0	n/a	n/a	n/a	n/a
209.216	0.032	saccade	n/a	462.1	172.0	n/a	543.1	170.1	3.02	220.0
209.25	0.164	fixation	n/a	548.5	170.4	2938.0	n/a	n/a	n/a	n/a
209.416	0.03	saccade	n/a	549.6	169.8	n/a	610.3	163.8	2.26	174.0
209.448	0.134	fixation	n/a	612.3	168.9	2882.0	n/a	n/a	n/a	n/a
209.584	0.066	saccade	n/a	612.0	171.3	n/a	139.3	232.1	17.31	479.0
209.652	0.274	fixation	n/a	147.7	245.8	2965.0	n/a	n/a	n/a	n/a
209.928	0.032	saccade	n/a	147.2	247.6	n/a	216.9	242.0	2.52	195.0
209.962	0.202	fixation	n/a	223.1	242.9	2983.0	n/a	n/a	n/a	n/a
210.166	0.032	saccade	n/a	221.9	241.5	n/a	312.6	239.2	3.33	249.0
210.2	0.314	fixation	n/a	315.6	235.6	2984.0	n/a	n/a	n/a	n/a
210.516	0.034	saccade	n/a	313.3	233.0	n/a	208.9	175.0	4.39	246.0
210.552	0.576	fixation	n/a	177.3	183.7	2995.0	n/a	n/a	n/a	n/a
210.87	0.0	trigger_11	11	n/a	n/a	n/a	n/a	n/a	n/a	n/a
210.974	0.0	trigger_10	10	n/a	n/a	n/a	n/a	n/a	n/a	n/a
211.13	0.026	saccade	n/a	173.5	182.9	n/a	142.0	166.3	1.28	127.0
211.158	0.224	fixation	n/a	145.7	172.3	3053.0	n/a	n/a	n/a	n/a
211.384	0.032	saccade	n/a	147.0	171.6	n/a	254.9	170.3	3.9	246.0
211.418	0.08	fixation	n/a	255.1	171.6	3112.0	n/a	n/a	n/a	n/a
211.5	0.21	saccade	n/a	258.0	175.6	n/a	119.6	193.2	5.02	890.0
211.546	0.078	blink	n/a	n/a	n/a	n/a	n/a	n/a	n/a	n/a
211.712	0.16	fixation	n/a	120.6	170.7	3068.0	n/a	n/a	n/a	n/a
211.874	0.036	saccade	n/a	123.1	168.1	n/a	245.0	165.9	4.39	311.0
211.912	0.308	fixation	n/a	260.9	172.6	3052.0	n/a	n/a	n/a	n/a
212.222	0.03	saccade	n/a	265.3	175.1	n/a	334.8	170.4	2.56	203.0
212.254	0.414	fixation	n/a	338.8	173.9	2910.0	n/a	n/a	n/a	n/a
212.67	0.032	saccade	n/a	338.1	173.3	n/a	411.4	172.3	2.72	207.0
212.704	0.39	fixation	n/a	417.8	174.3	3006.0	n/a	n/a	n/a	n/a
213.096	0.03	saccade	n/a	429.7	175.6	n/a	518.1	166.8	3.32	226.0
213.128	0.192	fixation	n/a	521.4	167.9	3022.0	n/a	n/a	n/a	n/a
213.322	0.022	saccade	n/a	525.3	167.9	n/a	548.2	172.6	0.87	95.0
213.346	0.18	fixation	n/a	544.9	174.8	3098.0	n/a	n/a	n/a	n/a
213.528	0.062	saccade	n/a	543.3	173.9	n/a	165.3	226.1	13.96	465.0
213.592	0.152	fixation	n/a	166.8	233.1	3210.0	n/a	n/a	n/a	n/a
213.746	0.036	saccade	n/a	165.7	237.0	n/a	138.3	241.9	1.0	133.0
213.784	0.164	fixation	n/a	130.6	240.3	3161.0	n/a	n/a	n/a	n/a
213.95	0.03	saccade	n/a	129.4	239.1	n/a	195.9	235.0	2.39	180.0
213.982	0.13	fixation	n/a	198.2	237.4	3148.0	n/a	n/a	n/a	n/a
214.114	0.028	saccade	n/a	198.3	234.8	n/a	251.2	234.9	1.92	182.0
214.144	0.24	fixation	n/a	253.7	237.3	3130.0	n/a	n/a	n/a	n/a
214.386	0.028	saccade	n/a	256.9	241.2	n/a	316.3	242.2	2.19	185.0
214.416	0.418	fixation	n/a	316.7	239.2	3042.0	n/a	n/a	n/a	n/a
214.836	0.028	saccade	n/a	314.2	238.8	n/a	247.3	183.8	3.2	194.0
214.866	0.344	fixation	n/a	237.7	179.0	3052.0	n/a	n/a	n/a	n/a
214.936	0.0	trigger_11	11	n/a	n/a	n/a	n/a	n/a	n/a	n/a
215.04	0.0	trigger_10	10	n/a	n/a	n/a	n/a	n/a	n/a	n/a
215.212	0.03	saccade	n/a	232.3	177.1	n/a	166.3	174.9	2.38	204.0
215.244	0.158	fixation	n/a	167.7	177.3	3200.0	n/a	n/a	n/a	n/a
215.404	0.026	saccade	n/a	166.2	180.9	n/a	124.4	174.5	1.51	131.0
215.432	0.178	fixation	n/a	129.9	174.1	3245.0	n/a	n/a	n/a	n/a
215.612	0.03	saccade	n/a	132.4	173.7	n/a	240.3	175.6	3.89	245.0
215.644	0.076	fixation	n/a	243.8	174.7	3154.0	n/a	n/a	n/a	n/a
215.722	0.032	saccade	n/a	245.5	174.6	n/a	318.9	174.2	2.69	229.0
215.756	0.218	fixation	n/a	326.9	175.2	3118.0	n/a	n/a	n/a	n/a
215.976	0.014	saccade	n/a	324.5	178.7	n/a	306.3	176.8	0.68	59.0
215.992	0.188	fixation	n/a	309.1	175.5	3051.0	n/a	n/a	n/a	n/a
216.182	0.03	saccade	n/a	312.7	177.2	n/a	421.3	178.6	4.02	241.0
216.214	0.262	fixation	n/a	430.5	175.5	2927.0	n/a	n/a	n/a	n/a
216.478	0.032	saccade	n/a	430.7	171.9	n/a	520.6	172.5	3.35	228.0
216.512	0.122	fixation	n/a	522.9	171.8	2882.0	n/a	n/a	n/a	n/a
216.636	0.028	saccade	n/a	524.9	171.2	n/a	576.4	170.5	1.91	168.0
216.666	0.14	fixation	n/a	576.1	170.4	2872.0	n/a	n/a	n/a	n/a
216.808	0.026	saccade	n/a	577.9	166.5	n/a	612.1	165.9	1.26	126.0
216.836	0.242	fixation	n/a	612.1	172.8	2892.0	n/a	n/a	n/a	n/a
217.08	0.07	saccade	n/a	611.3	174.8	n/a	160.0	220.9	16.56	446.0
217.152	0.164	fixation	n/a	162.3	228.8	3001.0	n/a	n/a	n/a	n/a
217.318	0.014	saccade	n/a	157.1	229.0	n/a	138.9	232.1	0.66	62.0
217.334	0.16	fixation	n/a	148.4	234.5	3026.0	n/a	n/a	n/a	n/a
217.496	0.034	saccade	n/a	149.8	234.1	n/a	281.6	239.2	4.79	320.0
217.532	0.206	fixation	n/a	292.9	237.3	3032.0	n/a	n/a	n/a	n/a
217.74	0.026	saccade	n/a	294.2	234.4	n/a	333.2	238.5	1.45	119.0
217.768	0.15	fixation	n/a	332.3	239.2	2939.0	n/a	n/a	n/a	n/a
217.92	0.03	saccade	n/a	334.5	236.1	n/a	421.1	230.2	3.23	224.0
217.952	0.24	fixation	n/a	424.4	233.0	2809.0	n/a	n/a	n/a	n/a
218.194	0.032	saccade	n/a	424.4	231.9	n/a	512.1	229.9	3.27	219.0
218.228	0.454	fixation	n/a	520.6	228.9	2725.0	n/a	n/a	n/a	n/a
218.684	0.062	saccade	n/a	522.2	228.8	n/a	152.0	282.9	13.69	444.0
218.748	0.522	fixation	n/a	150.0	287.3	2741.0	n/a	n/a	n/a	n/a
219.272	0.032	saccade	n/a	139.7	293.3	n/a	216.5	293.1	2.77	197.0
219.306	0.218	fixation	n/a	220.9	292.6	2804.0	n/a	n/a	n/a	n/a
219.526	0.03	saccade	n/a	221.0	291.8	n/a	282.4	291.9	2.24	173.0
219.558	0.97	fixation	n/a	284.3	299.6	2877.0	n/a	n/a	n/a	n/a
220.53	0.024	saccade	n/a	283.3	301.9	n/a	320.5	298.9	1.38	120.0
220.556	0.238	fixation	n/a	319.9	299.0	3042.0	n/a	n/a	n/a	n/a
220.796	0.016	saccade	n/a	321.5	298.5	n/a	344.3	300.6	0.85	70.0
220.814	0.184	fixation	n/a	337.5	299.2	3058.0	n/a	n/a	n/a	n/a
221.0	0.03	saccade	n/a	337.2	299.7	n/a	406.0	288.7	2.59	193.0
221.032	0.236	fixation	n/a	409.1	290.8	3032.0	n/a	n/a	n/a	n/a
221.264	0.0	trigger_11	11	n/a	n/a	n/a	n/a	n/a	n/a	n/a
221.27	0.036	saccade	n/a	409.8	290.8	n/a	303.0	196.4	5.32	276.0
221.308	0.2	fixation	n/a	299.3	201.6	3031.0	n/a	n/a	n/a	n/a
221.366	0.0	trigger_12	12	n/a	n/a	n/a	n/a	n/a	n/a	n/a
221.51	0.034	saccade	n/a	299.0	205.0	n/a	191.0	171.7	4.13	272.0
221.546	0.134	fixation	n/a	189.9	173.3	3031.0	n/a	n/a	n/a	n/a
221.682	0.024	saccade	n/a	188.6	176.2	n/a	152.0	171.6	1.33	133.0
221.708	0.16	fixation	n/a	154.3	170.7	3064.0	n/a	n/a	n/a	n/a
221.87	0.032	saccade	n/a	153.7	169.7	n/a	249.8	171.1	3.48	241.0
221.904	0.172	fixation	n/a	254.5	168.9	3002.0	n/a	n/a	n/a	n/a
222.078	0.028	saccade	n/a	257.5	168.3	n/a	312.8	169.2	2.03	176.0
222.108	0.138	fixation	n/a	313.4	169.4	2972.0	n/a	n/a	n/a	n/a
222.248	0.032	saccade	n/a	314.9	171.9	n/a	395.2	175.8	2.98	224.0
222.282	0.17	fixation	n/a	396.7	178.9	2990.0	n/a	n/a	n/a	n/a
222.454	0.028	saccade	n/a	396.3	175.8	n/a	446.0	173.7	1.85	151.0
222.484	0.088	fixation	n/a	443.7	173.5	3008.0	n/a	n/a	n/a	n/a
222.574	0.03	saccade	n/a	444.2	172.5	n/a	509.7	170.5	2.44	199.0
222.606	0.264	fixation	n/a	513.9	171.6	2948.0	n/a	n/a	n/a	n/a
222.872	0.03	saccade	n/a	514.0	169.4	n/a	573.3	166.9	2.2	189.0
222.904	0.186	fixation	n/a	573.7	169.9	2921.0	n/a	n/a	n/a	n/a
223.092	0.066	saccade	n/a	572.8	166.9	n/a	137.8	230.6	16.0	497.0
223.16	0.216	fixation	n/a	144.0	238.6	3065.0	n/a	n/a	n/a	n/a
223.378	0.028	saccade	n/a	147.5	242.6	n/a	199.3	237.7	1.88	164.0
223.408	0.228	fixation	n/a	199.5	237.8	3043.0	n/a	n/a	n/a	n/a
223.638	0.03	saccade	n/a	199.3	238.3	n/a	285.7	240.7	3.15	234.0
223.67	0.2	fixation	n/a	289.2	239.5	2958.0	n/a	n/a	n/a	n/a
223.872	0.03	saccade	n/a	290.7	238.1	n/a	359.9	234.9	2.56	206.0
223.904	0.284	fixation	n/a	363.9	235.4	2900.0	n/a	n/a	n/a	n/a
224.19	0.028	saccade	n/a	363.1	233.7	n/a	428.6	232.1	2.44	171.0
224.22	0.29	fixation	n/a	428.8	229.8	2884.0	n/a	n/a	n/a	n/a
224.512	0.024	saccade	n/a	430.6	230.8	n/a	467.0	232.2	1.36	127.0
224.538	0.136	fixation	n/a	465.0	232.5	2887.0	n/a	n/a	n/a	n/a
224.676	0.024	saccade	n/a	468.4	233.2	n/a	502.0	228.3	1.27	114.0
224.702	0.158	fixation	n/a	496.5	228.9	2890.0	n/a	n/a	n/a	n/a
224.862	0.028	saccade	n/a	497.6	228.0	n/a	555.3	225.6	2.15	164.0
224.892	0.108	fixation	n/a	556.5	226.8	2880.0	n/a	n/a	n/a	n/a
225.002	0.06	saccade	n/a	556.2	226.1	n/a	170.9	290.3	14.29	478.0
225.064	0.164	fixation	n/a	172.0	297.8	3005.0	n/a	n/a	n/a	n/a
225.23	0.036	saccade	n/a	172.0	301.5	n/a	141.9	300.4	1.08	134.0
225.268	0.352	fixation	n/a	137.2	301.5	3024.0	n/a	n/a	n/a	n/a
225.622	0.03	saccade	n/a	141.9	302.0	n/a	205.4	297.8	2.29	208.0
225.654	0.16	fixation	n/a	211.2	295.4	2969.0	n/a	n/a	n/a	n/a
225.816	0.026	saccade	n/a	212.5	290.6	n/a	208.7	226.9	2.38	149.0
225.844	0.304	fixation	n/a	210.2	231.9	3084.0	n/a	n/a	n/a	n/a
225.896	0.0	trigger_13	13	n/a	n/a	n/a	n/a	n/a	n/a	n/a
226.15	0.032	saccade	n/a	212.2	232.9	n/a	164.4	187.6	2.41	201.0
226.184	0.118	fixation	n/a	163.6	195.2	3224.0	n/a	n/a	n/a	n/a
226.304	0.054	saccade	n/a	163.3	200.0	n/a	140.4	342.9	5.35	400.0
226.36	0.208	fixation	n/a	146.9	353.2	3223.0	n/a	n/a	n/a	n/a
226.57	0.044	saccade	n/a	149.5	357.1	n/a	152.1	187.7	6.27	326.0
226.616	0.282	fixation	n/a	156.6	184.2	3257.0	n/a	n/a	n/a	n/a
226.9	0.014	saccade	n/a	152.3	184.4	n/a	135.4	179.1	0.64	55.0
226.916	0.18	fixation	n/a	141.4	183.1	3268.0	n/a	n/a	n/a	n/a
227.098	0.024	saccade	n/a	141.9	183.8	n/a	180.5	181.5	1.39	123.0
227.124	0.176	fixation	n/a	176.9	180.2	3333.0	n/a	n/a	n/a	n/a
227.302	0.048	saccade	n/a	175.8	183.4	n/a	141.6	267.4	3.35	276.0
227.352	0.132	fixation	n/a	140.7	274.9	3373.0	n/a	n/a	n/a	n/a
227.486	0.026	saccade	n/a	141.4	275.8	n/a	149.8	242.1	1.29	116.0
227.514	0.196	fixation	n/a	144.0	243.8	3414.0	n/a	n/a	n/a	n/a
227.712	0.038	saccade	n/a	139.8	241.7	n/a	106.0	236.6	1.22	159.0
227.752	0.196	fixation	n/a	102.5	236.4	3368.0	n/a	n/a	n/a	n/a
227.95	0.032	saccade	n/a	105.2	238.2	n/a	187.1	185.1	3.52	206.0
227.984	0.248	fixation	n/a	192.7	183.2	3268.0	n/a	n/a	n/a	n/a
227.984	0.0	trigger_15	15	n/a	n/a	n/a	n/a	n/a	n/a	n/a
228.038	0.0	trigger_10	10	n/a	n/a	n/a	n/a	n/a	n/a	n/a
228.234	0.03	saccade	n/a	195.5	182.5	n/a	147.1	174.2	1.76	161.0
228.266	0.112	fixation	n/a	147.4	175.1	3265.0	n/a	n/a	n/a	n/a
228.38	0.254	saccade	n/a	151.3	178.9	n/a	119.9	199.0	1.34	977.0
228.43	0.1	blink	n/a	n/a	n/a	n/a	n/a	n/a	n/a	n/a
228.636	0.11	fixation	n/a	116.5	171.3	3056.0	n/a	n/a	n/a	n/a
228.748	0.032	saccade	n/a	116.0	165.9	n/a	237.4	170.7	4.35	283.0
228.782	0.258	fixation	n/a	250.3	171.7	3017.0	n/a	n/a	n/a	n/a
229.042	0.028	saccade	n/a	253.0	169.3	n/a	312.8	169.4	2.19	171.0
229.072	0.132	fixation	n/a	314.6	170.3	2909.0	n/a	n/a	n/a	n/a
229.206	0.03	saccade	n/a	316.4	169.8	n/a	392.4	168.7	2.82	212.0
229.238	0.172	fixation	n/a	392.8	168.9	2829.0	n/a	n/a	n/a	n/a
229.412	0.032	saccade	n/a	391.1	166.7	n/a	465.2	165.5	2.76	214.0
229.446	0.194	fixation	n/a	467.6	168.0	2790.0	n/a	n/a	n/a	n/a
229.642	0.03	saccade	n/a	467.7	166.3	n/a	536.8	158.7	2.58	195.0
229.674	0.134	fixation	n/a	541.8	158.1	2794.0	n/a	n/a	n/a	n/a
229.81	0.062	saccade	n/a	542.7	158.1	n/a	131.8	219.4	15.12	494.0
229.874	0.272	fixation	n/a	138.2	230.2	2894.0	n/a	n/a	n/a	n/a
230.148	0.03	saccade	n/a	139.4	233.4	n/a	220.8	236.0	2.93	228.0
230.18	0.314	fixation	n/a	223.9	235.1	2935.0	n/a	n/a	n/a	n/a
230.496	0.03	saccade	n/a	226.4	235.3	n/a	293.3	233.0	2.45	200.0
230.528	0.196	fixation	n/a	299.3	234.2	2903.0	n/a	n/a	n/a	n/a
230.726	0.028	saccade	n/a	301.8	234.2	n/a	346.2	240.8	1.66	152.0
230.756	0.16	fixation	n/a	349.3	239.9	2863.0	n/a	n/a	n/a	n/a
230.918	0.026	saccade	n/a	350.1	241.2	n/a	310.7	239.5	1.46	129.0
230.946	0.494	fixation	n/a	304.7	243.9	2925.0	n/a	n/a	n/a	n/a
231.442	0.03	saccade	n/a	300.3	245.8	n/a	367.5	241.9	2.49	205.0
231.474	0.192	fixation	n/a	370.1	242.5	2908.0	n/a	n/a	n/a	n/a
231.668	0.03	saccade	n/a	371.6	241.9	n/a	426.2	238.5	2.04	157.0
231.7	0.208	fixation	n/a	427.6	240.3	2883.0	n/a	n/a	n/a	n/a
231.91	0.028	saccade	n/a	429.8	241.8	n/a	473.4	239.2	1.64	149.0
231.94	0.108	fixation	n/a	472.6	236.7	2878.0	n/a	n/a	n/a	n/a
232.05	0.028	saccade	n/a	472.8	236.4	n/a	527.5	234.6	2.04	170.0
232.08	0.162	fixation	n/a	526.6	234.8	2866.0	n/a	n/a	n/a	n/a
232.244	0.03	saccade	n/a	527.8	233.9	n/a	591.0	233.9	2.35	175.0
232.276	0.178	fixation	n/a	590.7	231.8	2874.0	n/a	n/a	n/a	n/a
232.456	0.03	saccade	n/a	589.6	230.3	n/a	652.0	231.0	2.31	187.0
232.488	0.174	fixation	n/a	652.7	231.7	2882.0	n/a	n/a	n/a	n/a
232.664	0.07	saccade	n/a	651.9	232.2	n/a	142.9	283.6	18.57	511.0
232.736	0.206	fixation	n/a	147.5	291.9	2965.0	n/a	n/a	n/a	n/a
232.944	0.024	saccade	n/a	150.5	294.4	n/a	186.7	299.0	1.31	107.0
232.97	0.126	fixation	n/a	184.1	297.2	2930.0	n/a	n/a	n/a	n/a
233.098	0.03	saccade	n/a	184.7	297.0	n/a	245.6	297.7	2.21	191.0
233.13	0.132	fixation	n/a	248.9	299.8	2948.0	n/a	n/a	n/a	n/a
233.264	0.032	saccade	n/a	251.5	302.4	n/a	329.6	302.6	2.88	232.0
233.298	0.39	fixation	n/a	335.8	301.3	2827.0	n/a	n/a	n/a	n/a
233.69	0.032	saccade	n/a	339.9	302.8	n/a	439.5	295.0	3.72	230.0
233.724	0.308	fixation	n/a	444.8	295.1	2685.0	n/a	n/a	n/a	n/a
234.034	0.04	saccade	n/a	446.2	296.0	n/a	242.1	292.4	7.55	391.0
234.076	0.216	fixation	n/a	238.1	297.6	2716.0	n/a	n/a	n/a	n/a
234.294	0.024	saccade	n/a	235.9	302.9	n/a	201.9	298.0	1.25	122.0
234.32	0.158	fixation	n/a	202.2	299.1	2752.0	n/a	n/a	n/a	n/a
234.458	0.0	trigger_11	11	n/a	n/a	n/a	n/a	n/a	n/a	n/a
234.48	0.032	saccade	n/a	199.3	296.8	n/a	197.2	201.3	3.56	194.0
234.514	0.174	fixation	n/a	204.4	199.9	2789.0	n/a	n/a	n/a	n/a
234.56	0.0	trigger_10	10	n/a	n/a	n/a	n/a	n/a	n/a	n/a
234.69	0.028	saccade	n/a	204.4	199.5	n/a	171.7	165.0	1.74	164.0
234.72	0.3	fixation	n/a	167.5	161.9	2757.0	n/a	n/a	n/a	n/a
235.022	0.03	saccade	n/a	166.5	157.0	n/a	238.0	157.8	2.58	200.0
235.054	0.19	fixation	n/a	242.9	158.3	2692.0	n/a	n/a	n/a	n/a
235.246	0.032	saccade	n/a	244.7	161.9	n/a	141.4	155.6	3.74	235.0
235.28	0.186	fixation	n/a	137.1	157.3	2678.0	n/a	n/a	n/a	n/a
235.468	0.026	saccade	n/a	139.1	156.3	n/a	186.7	162.5	1.72	136.0
235.496	0.172	fixation	n/a	188.0	163.3	2757.0	n/a	n/a	n/a	n/a
235.67	0.028	saccade	n/a	189.7	164.2	n/a	252.3	165.0	2.28	182.0
235.7	0.132	fixation	n/a	254.9	164.1	2797.0	n/a	n/a	n/a	n/a
235.834	0.028	saccade	n/a	255.6	162.1	n/a	324.9	161.0	2.54	192.0
235.864	0.2	fixation	n/a	328.2	162.7	2802.0	n/a	n/a	n/a	n/a
236.066	0.03	saccade	n/a	332.1	167.6	n/a	401.5	170.8	2.58	201.0
236.098	0.138	fixation	n/a	400.4	170.9	2816.0	n/a	n/a	n/a	n/a
236.238	0.034	saccade	n/a	400.6	171.4	n/a	491.7	165.1	3.41	232.0
236.274	0.218	fixation	n/a	495.4	167.0	2881.0	n/a	n/a	n/a	n/a
236.494	0.03	saccade	n/a	496.1	169.0	n/a	444.4	172.0	1.93	174.0
236.526	0.144	fixation	n/a	444.6	171.6	2981.0	n/a	n/a	n/a	n/a
236.672	0.032	saccade	n/a	444.4	171.9	n/a	571.2	170.9	4.71	279.0
236.706	0.22	fixation	n/a	586.8	171.9	3004.0	n/a	n/a	n/a	n/a
236.928	0.028	saccade	n/a	587.3	174.5	n/a	629.1	172.3	1.55	152.0
236.958	0.118	fixation	n/a	629.2	173.8	3045.0	n/a	n/a	n/a	n/a
237.078	0.07	saccade	n/a	630.0	176.0	n/a	192.8	226.5	16.07	503.0
237.15	0.146	fixation	n/a	193.6	237.4	3168.0	n/a	n/a	n/a	n/a
237.298	0.04	saccade	n/a	193.0	240.7	n/a	147.0	244.2	1.66	194.0
237.34	0.13	fixation	n/a	143.8	245.7	3167.0	n/a	n/a	n/a	n/a
237.472	0.218	saccade	n/a	149.6	243.7	n/a	153.2	229.6	0.54	860.0
237.516	0.088	blink	n/a	n/a	n/a	n/a	n/a	n/a	n/a	n/a
237.692	0.33	fixation	n/a	148.7	179.5	2978.0	n/a	n/a	n/a	n/a
238.024	0.03	saccade	n/a	148.2	177.2	n/a	199.6	204.3	2.1	164.0
238.056	0.13	fixation	n/a	201.1	200.3	2883.0	n/a	n/a	n/a	n/a
238.188	0.028	saccade	n/a	199.7	197.9	n/a	230.0	229.3	1.61	162.0
238.218	0.232	fixation	n/a	229.9	230.4	2843.0	n/a	n/a	n/a	n/a
238.452	0.032	saccade	n/a	227.8	233.8	n/a	180.3	170.4	2.92	206.0
238.486	0.354	fixation	n/a	175.6	168.7	2797.0	n/a	n/a	n/a	n/a
238.57	0.0	trigger_11	11	n/a	n/a	n/a	n/a	n/a	n/a	n/a
238.672	0.0	trigger_12	12	n/a	n/a	n/a	n/a	n/a	n/a	n/a
238.842	0.026	saccade	n/a	173.1	170.0	n/a	136.3	166.6	1.32	126.0
238.87	0.532	fixation	n/a	136.5	168.5	2907.0	n/a	n/a	n/a	n/a
239.404	0.016	saccade	n/a	132.8	170.8	n/a	110.9	166.9	0.79	64.0
239.422	0.22	fixation	n/a	117.8	168.1	3030.0	n/a	n/a	n/a	n/a
239.644	0.03	saccade	n/a	118.6	168.7	n/a	187.9	168.6	2.48	183.0
239.676	0.178	fixation	n/a	187.6	171.1	3104.0	n/a	n/a	n/a	n/a
239.856	0.032	saccade	n/a	188.9	172.0	n/a	259.4	172.5	2.56	209.0
239.89	0.13	fixation	n/a	262.8	171.9	3146.0	n/a	n/a	n/a	n/a
240.022	0.026	saccade	n/a	267.8	174.8	n/a	305.7	173.7	1.39	132.0
240.05	0.132	fixation	n/a	303.9	173.3	3125.0	n/a	n/a	n/a	n/a
240.184	0.032	saccade	n/a	306.4	173.3	n/a	392.1	170.3	3.17	239.0
240.218	0.28	fixation	n/a	396.1	173.2	3068.0	n/a	n/a	n/a	n/a
240.5	0.02	saccade	n/a	399.3	175.1	n/a	424.6	177.6	0.95	85.0
240.522	0.392	fixation	n/a	421.9	180.2	3057.0	n/a	n/a	n/a	n/a
240.916	0.026	saccade	n/a	424.2	182.9	n/a	471.3	182.0	1.75	142.0
240.944	0.124	fixation	n/a	468.4	184.7	3087.0	n/a	n/a	n/a	n/a
241.07	0.026	saccade	n/a	470.8	186.0	n/a	514.1	181.1	1.63	133.0
241.098	0.19	fixation	n/a	511.1	179.3	3064.0	n/a	n/a	n/a	n/a
241.29	0.03	saccade	n/a	511.0	176.8	n/a	582.8	182.1	2.67	183.0
241.322	0.216	fixation	n/a	583.2	178.9	3020.0	n/a	n/a	n/a	n/a
241.54	0.068	saccade	n/a	581.8	176.5	n/a	172.9	222.0	15.02	457.0
241.61	0.182	fixation	n/a	173.1	231.5	2975.0	n/a	n/a	n/a	n/a
241.794	0.026	saccade	n/a	171.4	233.2	n/a	132.0	230.4	1.41	130.0
241.822	0.346	fixation	n/a	133.3	233.5	2917.0	n/a	n/a	n/a	n/a
242.17	0.028	saccade	n/a	134.6	234.7	n/a	188.5	227.8	1.95	167.0
242.2	0.23	fixation	n/a	191.7	230.1	2894.0	n/a	n/a	n/a	n/a
242.432	0.032	saccade	n/a	191.5	229.1	n/a	181.0	156.7	2.71	175.0
242.466	0.18	fixation	n/a	181.3	160.8	2940.0	n/a	n/a	n/a	n/a
242.648	0.026	saccade	n/a	179.3	160.8	n/a	147.5	168.4	1.17	114.0
242.676	0.738	fixation	n/a	152.7	167.5	3060.0	n/a	n/a	n/a	n/a
243.01	0.0	trigger_13	13	n/a	n/a	n/a	n/a	n/a	n/a	n/a
243.416	0.03	saccade	n/a	162.6	172.2	n/a	237.6	173.8	2.71	221.0
243.448	0.14	fixation	n/a	236.6	173.8	3191.0	n/a	n/a	n/a	n/a
243.59	0.032	saccade	n/a	238.3	173.1	n/a	319.7	166.6	3.0	242.0
243.624	0.138	fixation	n/a	321.4	166.7	3191.0	n/a	n/a	n/a	n/a
243.764	0.056	saccade	n/a	323.0	166.1	n/a	141.7	265.0	7.53	446.0
243.822	0.348	fixation	n/a	139.0	278.8	3199.0	n/a	n/a	n/a	n/a
244.172	0.028	saccade	n/a	136.9	283.9	n/a	128.0	334.4	1.89	146.0
244.202	0.292	fixation	n/a	131.1	333.1	3379.0	n/a	n/a	n/a	n/a
244.496	0.026	saccade	n/a	132.1	332.8	n/a	134.6	279.1	1.99	125.0
244.524	0.168	fixation	n/a	138.8	289.6	3459.0	n/a	n/a	n/a	n/a
244.694	0.044	saccade	n/a	140.6	291.6	n/a	131.2	351.7	2.25	210.0
244.74	0.336	fixation	n/a	131.1	359.6	3371.0	n/a	n/a	n/a	n/a
245.078	0.048	saccade	n/a	122.2	360.4	n/a	293.5	179.0	9.15	382.0
245.128	0.3	fixation	n/a	302.3	177.1	3262.0	n/a	n/a	n/a	n/a
245.43	0.04	saccade	n/a	306.3	183.9	n/a	222.0	183.8	3.09	253.0
245.458	0.0	trigger_15	15	n/a	n/a	n/a	n/a	n/a	n/a	n/a
245.472	0.292	fixation	n/a	213.4	186.0	3213.0	n/a	n/a	n/a	n/a
245.51	0.0	trigger_10	10	n/a	n/a	n/a	n/a	n/a	n/a	n/a
245.766	0.04	saccade	n/a	214.8	188.5	n/a	163.5	204.8	1.95	178.0
245.808	0.072	fixation	n/a	157.2	206.7	3277.0	n/a	n/a	n/a	n/a
245.882	0.026	saccade	n/a	156.6	208.3	n/a	149.5	177.0	1.19	113.0
245.91	0.266	fixation	n/a	145.6	176.9	3349.0	n/a	n/a	n/a	n/a
246.178	0.022	saccade	n/a	144.0	177.9	n/a	122.0	180.4	0.79	80.0
246.202	0.412	fixation	n/a	127.3	179.6	3326.0	n/a	n/a	n/a	n/a
246.616	0.228	saccade	n/a	134.7	183.7	n/a	156.1	227.5	1.79	903.0
246.674	0.078	blink	n/a	n/a	n/a	n/a	n/a	n/a	n/a	n/a
246.846	0.18	fixation	n/a	150.4	181.4	3275.0	n/a	n/a	n/a	n/a
247.028	0.032	saccade	n/a	150.1	176.1	n/a	249.0	179.4	3.57	278.0
247.062	0.22	fixation	n/a	252.9	177.9	3185.0	n/a	n/a	n/a	n/a
247.284	0.032	saccade	n/a	254.0	174.6	n/a	325.4	174.9	2.62	217.0
247.318	0.246	fixation	n/a	330.1	176.1	2968.0	n/a	n/a	n/a	n/a
247.566	0.028	saccade	n/a	330.1	172.8	n/a	385.8	172.7	2.06	170.0
247.596	0.206	fixation	n/a	384.4	175.1	2880.0	n/a	n/a	n/a	n/a
247.804	0.028	saccade	n/a	384.2	172.7	n/a	446.0	174.5	2.3	183.0
247.834	0.302	fixation	n/a	447.6	175.7	2901.0	n/a	n/a	n/a	n/a
248.138	0.028	saccade	n/a	448.6	177.5	n/a	501.3	169.9	1.99	148.0
248.168	0.154	fixation	n/a	501.0	170.8	2929.0	n/a	n/a	n/a	n/a
248.324	0.028	saccade	n/a	501.3	171.8	n/a	552.6	168.4	1.91	160.0
248.354	0.192	fixation	n/a	554.4	167.3	2952.0	n/a	n/a	n/a	n/a
248.548	0.03	saccade	n/a	556.2	165.4	n/a	612.4	167.4	2.08	179.0
248.58	0.174	fixation	n/a	614.8	168.1	2973.0	n/a	n/a	n/a	n/a
248.756	0.07	saccade	n/a	615.1	173.6	n/a	142.4	211.8	17.19	509.0
248.828	0.336	fixation	n/a	147.5	222.2	3082.0	n/a	n/a	n/a	n/a
249.166	0.022	saccade	n/a	151.0	222.4	n/a	177.9	226.8	0.98	87.0
249.19	0.12	fixation	n/a	174.1	225.6	3132.0	n/a	n/a	n/a	n/a
249.312	0.03	saccade	n/a	175.6	227.2	n/a	225.3	228.7	1.8	170.0
249.344	0.26	fixation	n/a	229.0	227.4	3135.0	n/a	n/a	n/a	n/a
249.606	0.028	saccade	n/a	231.1	226.0	n/a	280.4	229.3	1.8	168.0
249.636	0.192	fixation	n/a	282.0	229.1	3119.0	n/a	n/a	n/a	n/a
249.83	0.032	saccade	n/a	284.8	230.3	n/a	373.1	228.5	3.27	244.0
249.864	0.226	fixation	n/a	377.7	228.7	3076.0	n/a	n/a	n/a	n/a
250.092	0.028	saccade	n/a	379.7	228.9	n/a	435.8	229.5	2.09	171.0
250.122	0.176	fixation	n/a	435.5	228.2	3049.0	n/a	n/a	n/a	n/a
250.3	0.03	saccade	n/a	435.5	227.7	n/a	499.0	226.6	2.37	190.0
250.332	0.482	fixation	n/a	498.2	228.5	3035.0	n/a	n/a	n/a	n/a
250.816	0.018	saccade	n/a	500.8	227.8	n/a	524.9	228.1	0.9	72.0
250.836	0.18	fixation	n/a	518.7	224.7	2978.0	n/a	n/a	n/a	n/a
251.018	0.016	saccade	n/a	516.6	226.9	n/a	494.9	224.8	0.81	71.0
251.036	0.25	fixation	n/a	500.8	227.8	3011.0	n/a	n/a	n/a	n/a
251.288	0.024	saccade	n/a	502.7	232.5	n/a	529.9	226.9	1.04	102.0
251.314	0.198	fixation	n/a	525.9	229.4	3038.0	n/a	n/a	n/a	n/a
251.514	0.026	saccade	n/a	523.7	230.2	n/a	574.8	222.8	1.92	143.0
251.542	0.61	fixation	n/a	573.1	226.7	3096.0	n/a	n/a	n/a	n/a
252.154	0.074	saccade	n/a	574.3	229.6	n/a	117.9	302.2	16.79	462.0
252.23	0.178	fixation	n/a	127.1	308.4	3269.0	n/a	n/a	n/a	n/a
252.41	0.028	saccade	n/a	130.7	310.3	n/a	181.6	304.9	1.84	159.0
252.44	0.202	fixation	n/a	185.0	306.2	3199.0	n/a	n/a	n/a	n/a
252.644	0.028	saccade	n/a	186.0	304.2	n/a	243.8	298.9	2.11	182.0
252.674	0.192	fixation	n/a	247.7	297.5	3031.0	n/a	n/a	n/a	n/a
252.868	0.032	saccade	n/a	249.9	297.9	n/a	325.4	292.3	2.79	200.0
252.902	0.174	fixation	n/a	331.0	292.1	2873.0	n/a	n/a	n/a	n/a
253.078	0.264	saccade	n/a	346.2	297.7	n/a	381.8	345.6	2.24	657.0
253.12	0.148	blink	n/a	n/a	n/a	n/a	n/a	n/a	n/a	n/a
253.344	0.192	fixation	n/a	359.4	301.5	2710.0	n/a	n/a	n/a	n/a
253.538	0.038	saccade	n/a	354.4	295.2	n/a	215.1	200.7	6.21	338.0
253.578	0.376	fixation	n/a	215.0	205.9	2756.0	n/a	n/a	n/a	n/a
253.714	0.0	trigger_11	11	n/a	n/a	n/a	n/a	n/a	n/a	n/a
253.82	0.0	trigger_10	10	n/a	n/a	n/a	n/a	n/a	n/a	n/a
253.956	0.03	saccade	n/a	213.1	204.4	n/a	163.1	153.6	2.61	186.0
253.988	0.18	fixation	n/a	164.2	161.1	2727.0	n/a	n/a	n/a	n/a
254.17	0.024	saccade	n/a	162.2	163.2	n/a	126.9	154.6	1.3	114.0
254.196	0.156	fixation	n/a	129.6	158.9	2750.0	n/a	n/a	n/a	n/a
254.354	0.03	saccade	n/a	131.4	159.3	n/a	199.7	163.1	2.45	186.0
254.386	0.242	fixation	n/a	201.4	160.2	2755.0	n/a	n/a	n/a	n/a
254.63	0.03	saccade	n/a	202.5	161.7	n/a	262.0	166.1	2.17	183.0
254.662	0.198	fixation	n/a	265.9	166.8	2802.0	n/a	n/a	n/a	n/a
254.862	0.024	saccade	n/a	268.9	167.3	n/a	312.1	170.0	1.59	129.0
254.888	0.178	fixation	n/a	308.6	170.8	2838.0	n/a	n/a	n/a	n/a
255.068	0.03	saccade	n/a	307.1	169.2	n/a	374.8	171.0	2.5	196.0
255.1	0.166	fixation	n/a	375.7	171.3	2857.0	n/a	n/a	n/a	n/a
255.268	0.028	saccade	n/a	376.8	170.7	n/a	431.5	172.0	2.03	170.0
255.298	0.194	fixation	n/a	431.9	171.8	2843.0	n/a	n/a	n/a	n/a
255.494	0.03	saccade	n/a	433.4	172.9	n/a	506.2	166.5	2.72	204.0
255.526	0.316	fixation	n/a	508.2	166.9	2854.0	n/a	n/a	n/a	n/a
255.844	0.032	saccade	n/a	509.6	169.7	n/a	572.7	163.5	2.36	198.0
255.878	0.208	fixation	n/a	574.6	166.0	2849.0	n/a	n/a	n/a	n/a
256.088	0.066	saccade	n/a	574.7	170.5	n/a	143.4	225.0	15.84	467.0
256.156	0.336	fixation	n/a	142.3	231.9	2900.0	n/a	n/a	n/a	n/a
256.494	0.028	saccade	n/a	142.4	234.9	n/a	207.6	237.8	2.35	182.0
256.524	0.21	fixation	n/a	209.6	239.0	2938.0	n/a	n/a	n/a	n/a
256.736	0.03	saccade	n/a	209.6	238.8	n/a	305.3	234.4	3.5	254.0
256.768	0.218	fixation	n/a	309.1	235.2	2946.0	n/a	n/a	n/a	n/a
256.988	0.028	saccade	n/a	310.2	234.2	n/a	353.2	236.1	1.59	156.0
257.018	0.128	fixation	n/a	355.1	233.8	2950.0	n/a	n/a	n/a	n/a
257.148	0.03	saccade	n/a	356.7	233.6	n/a	419.1	233.5	2.32	194.0
257.18	0.278	fixation	n/a	421.0	237.7	2992.0	n/a	n/a	n/a	n/a
257.46	0.03	saccade	n/a	420.7	238.3	n/a	483.2	233.7	2.34	181.0
257.492	0.194	fixation	n/a	483.5	234.1	3039.0	n/a	n/a	n/a	n/a
257.688	0.03	saccade	n/a	483.4	235.2	n/a	565.0	236.5	3.04	208.0
257.72	0.216	fixation	n/a	564.6	235.8	3026.0	n/a	n/a	n/a	n/a
257.938	0.028	saccade	n/a	564.9	237.7	n/a	600.7	232.4	1.35	140.0
257.968	0.112	fixation	n/a	600.6	233.7	3024.0	n/a	n/a	n/a	n/a
258.082	0.064	saccade	n/a	601.2	236.2	n/a	146.4	282.2	16.63	503.0
258.148	0.312	fixation	n/a	151.3	291.3	3084.0	n/a	n/a	n/a	n/a
258.462	0.028	saccade	n/a	150.7	293.9	n/a	209.0	301.0	2.11	172.0
258.492	0.324	fixation	n/a	210.3	300.7	3009.0	n/a	n/a	n/a	n/a
258.818	0.04	saccade	n/a	206.6	298.6	n/a	171.4	171.7	4.89	239.0
258.86	0.152	fixation	n/a	171.2	173.6	2935.0	n/a	n/a	n/a	n/a
259.014	0.028	saccade	n/a	169.5	170.8	n/a	129.4	166.6	1.44	146.0
259.044	0.378	fixation	n/a	131.3	169.3	2953.0	n/a	n/a	n/a	n/a
259.106	0.0	trigger_11	11	n/a	n/a	n/a	n/a	n/a	n/a	n/a
259.21	0.0	trigger_10	10	n/a	n/a	n/a	n/a	n/a	n/a	n/a
259.424	0.028	saccade	n/a	134.6	171.5	n/a	193.6	170.4	2.12	157.0
259.454	0.566	fixation	n/a	201.9	173.2	3007.0	n/a	n/a	n/a	n/a
260.022	0.03	saccade	n/a	215.6	174.3	n/a	304.4	172.6	3.24	245.0
260.054	0.188	fixation	n/a	307.2	172.7	3107.0	n/a	n/a	n/a	n/a
260.244	0.032	saccade	n/a	308.3	173.1	n/a	389.5	174.8	3.0	216.0
260.278	0.22	fixation	n/a	390.3	174.4	3122.0	n/a	n/a	n/a	n/a
260.5	0.032	saccade	n/a	392.3	173.0	n/a	464.1	174.7	2.67	204.0
260.534	0.172	fixation	n/a	465.3	173.1	3017.0	n/a	n/a	n/a	n/a
260.708	0.028	saccade	n/a	467.4	168.9	n/a	521.2	167.4	2.0	165.0
260.738	0.244	fixation	n/a	520.5	166.9	2901.0	n/a	n/a	n/a	n/a
260.984	0.028	saccade	n/a	520.7	165.5	n/a	583.5	167.4	2.33	171.0
261.014	0.258	fixation	n/a	589.1	166.3	2880.0	n/a	n/a	n/a	n/a
261.274	0.062	saccade	n/a	589.0	166.9	n/a	180.0	216.2	15.04	477.0
261.338	0.18	fixation	n/a	181.7	227.0	3006.0	n/a	n/a	n/a	n/a
261.52	0.028	saccade	n/a	180.5	230.1	n/a	139.0	228.8	1.49	144.0
261.55	0.146	fixation	n/a	140.4	230.4	3032.0	n/a	n/a	n/a	n/a
261.698	0.034	saccade	n/a	140.4	231.2	n/a	278.5	229.8	4.99	302.0
261.734	0.186	fixation	n/a	285.1	231.9	3035.0	n/a	n/a	n/a	n/a
261.922	0.032	saccade	n/a	283.7	229.8	n/a	371.5	228.1	3.24	237.0
261.956	0.136	fixation	n/a	377.2	231.2	2987.0	n/a	n/a	n/a	n/a
262.094	0.032	saccade	n/a	379.6	234.2	n/a	460.8	230.6	3.03	225.0
262.128	0.218	fixation	n/a	464.6	228.2	2907.0	n/a	n/a	n/a	n/a
262.348	0.03	saccade	n/a	467.2	227.9	n/a	533.3	229.8	2.47	188.0
262.38	0.178	fixation	n/a	534.9	228.9	2803.0	n/a	n/a	n/a	n/a
262.56	0.03	saccade	n/a	536.5	228.7	n/a	600.9	227.2	2.39	197.0
262.592	0.18	fixation	n/a	605.0	229.2	2714.0	n/a	n/a	n/a	n/a
262.774	0.068	saccade	n/a	605.4	227.4	n/a	151.0	287.3	16.7	462.0
262.844	0.222	fixation	n/a	153.6	294.5	2732.0	n/a	n/a	n/a	n/a
263.068	0.194	saccade	n/a	160.1	292.7	n/a	163.5	224.1	2.54	727.0
263.116	0.05	blink	n/a	n/a	n/a	n/a	n/a	n/a	n/a	n/a
263.264	0.408	fixation	n/a	165.4	187.3	2774.0	n/a	n/a	n/a	n/a
263.412	0.0	trigger_11	11	n/a	n/a	n/a	n/a	n/a	n/a	n/a
263.514	0.0	trigger_12	12	n/a	n/a	n/a	n/a	n/a	n/a	n/a
263.674	0.024	saccade	n/a	164.3	184.4	n/a	146.6	157.5	1.18	101.0
263.7	0.26	fixation	n/a	149.2	163.8	2750.0	n/a	n/a	n/a	n/a
263.962	0.016	saccade	n/a	147.5	166.9	n/a	120.9	163.9	0.95	77.0
263.98	0.104	fixation	n/a	128.7	163.8	2815.0	n/a	n/a	n/a	n/a
264.086	0.032	saccade	n/a	129.9	164.4	n/a	233.6	161.3	3.72	258.0
264.12	0.296	fixation	n/a	243.7	168.3	2897.0	n/a	n/a	n/a	n/a
264.418	0.032	saccade	n/a	245.7	168.9	n/a	326.8	168.1	2.97	250.0
264.452	0.38	fixation	n/a	328.2	171.1	3071.0	n/a	n/a	n/a	n/a
264.834	0.028	saccade	n/a	324.9	168.8	n/a	398.8	175.4	2.75	202.0
264.864	0.302	fixation	n/a	401.3	173.5	3133.0	n/a	n/a	n/a	n/a
265.168	0.03	saccade	n/a	401.5	174.7	n/a	489.3	171.9	3.26	228.0
265.2	0.29	fixation	n/a	491.3	176.4	3205.0	n/a	n/a	n/a	n/a
265.492	0.03	saccade	n/a	493.2	175.6	n/a	551.3	176.3	2.16	168.0
265.524	0.21	fixation	n/a	548.3	176.5	3137.0	n/a	n/a	n/a	n/a
265.736	0.028	saccade	n/a	548.0	176.3	n/a	592.9	170.3	1.68	158.0
265.766	0.228	fixation	n/a	595.4	168.5	3147.0	n/a	n/a	n/a	n/a
265.996	0.066	saccade	n/a	594.5	172.0	n/a	150.7	219.5	16.24	501.0
266.064	0.236	fixation	n/a	151.1	224.5	3240.0	n/a	n/a	n/a	n/a
266.302	0.03	saccade	n/a	150.9	227.1	n/a	204.9	232.7	1.95	176.0
266.334	0.184	fixation	n/a	208.5	235.9	3144.0	n/a	n/a	n/a	n/a
266.52	0.032	saccade	n/a	209.6	239.5	n/a	304.5	240.3	3.47	285.0
266.554	0.176	fixation	n/a	311.0	240.9	3126.0	n/a	n/a	n/a	n/a
266.732	0.032	saccade	n/a	314.2	241.2	n/a	394.2	239.9	2.96	231.0
266.766	0.406	fixation	n/a	397.9	240.0	3054.0	n/a	n/a	n/a	n/a
267.174	0.03	saccade	n/a	401.5	238.7	n/a	471.4	233.3	2.61	201.0
267.206	0.234	fixation	n/a	473.5	234.2	2997.0	n/a	n/a	n/a	n/a
267.442	0.03	saccade	n/a	473.9	231.6	n/a	544.3	227.7	2.63	207.0
267.474	0.276	fixation	n/a	545.6	226.3	3024.0	n/a	n/a	n/a	n/a
267.752	0.03	saccade	n/a	545.0	225.3	n/a	613.9	223.4	2.55	186.0
267.784	0.222	fixation	n/a	614.0	224.7	2995.0	n/a	n/a	n/a	n/a
268.008	0.068	saccade	n/a	614.7	225.4	n/a	174.5	290.2	16.22	500.0
268.078	0.194	fixation	n/a	176.7	296.0	3104.0	n/a	n/a	n/a	n/a
268.274	0.026	saccade	n/a	178.1	298.0	n/a	138.5	295.9	1.42	141.0
268.302	0.194	fixation	n/a	142.7	296.7	3027.0	n/a	n/a	n/a	n/a
268.498	0.028	saccade	n/a	142.9	295.2	n/a	200.7	292.3	2.07	166.0
268.528	0.204	fixation	n/a	205.7	295.0	2936.0	n/a	n/a	n/a	n/a
268.734	0.038	saccade	n/a	205.0	292.6	n/a	193.0	171.5	4.51	218.0
268.774	0.272	fixation	n/a	199.0	173.9	2847.0	n/a	n/a	n/a	n/a
268.82	0.0	trigger_13	13	n/a	n/a	n/a	n/a	n/a	n/a	n/a
269.048	0.028	saccade	n/a	198.6	176.0	n/a	141.2	165.6	2.09	178.0
269.078	0.266	fixation	n/a	140.7	168.4	2889.0	n/a	n/a	n/a	n/a
269.346	0.03	saccade	n/a	138.9	172.0	n/a	137.9	227.5	2.04	180.0
269.378	0.17	fixation	n/a	136.0	230.0	2983.0	n/a	n/a	n/a	n/a
269.55	0.048	saccade	n/a	139.8	235.2	n/a	131.8	316.6	3.01	274.0
269.6	0.128	fixation	n/a	133.6	322.7	3126.0	n/a	n/a	n/a	n/a
269.73	0.026	saccade	n/a	134.6	326.3	n/a	135.2	357.8	1.16	113.0
269.758	0.186	fixation	n/a	137.3	356.2	3242.0	n/a	n/a	n/a	n/a
269.946	0.044	saccade	n/a	138.1	355.9	n/a	136.9	297.1	2.17	194.0
269.992	0.192	fixation	n/a	138.7	291.9	3360.0	n/a	n/a	n/a	n/a
270.186	0.032	saccade	n/a	142.4	299.5	n/a	135.4	353.4	2.01	177.0
270.22	0.176	fixation	n/a	132.2	354.4	3373.0	n/a	n/a	n/a	n/a
270.398	0.022	saccade	n/a	133.6	360.7	n/a	113.7	367.6	0.75	80.0
270.422	0.32	fixation	n/a	113.7	367.5	3504.0	n/a	n/a	n/a	n/a
270.744	0.022	saccade	n/a	110.4	366.3	n/a	144.3	351.3	1.32	101.0
270.768	0.27	fixation	n/a	140.6	350.7	3535.0	n/a	n/a	n/a	n/a
270.844	0.0	trigger_15	15	n/a	n/a	n/a	n/a	n/a	n/a	n/a
270.898	0.0	trigger_10	10	n/a	n/a	n/a	n/a	n/a	n/a	n/a
271.04	0.04	saccade	n/a	142.1	349.2	n/a	139.0	175.8	6.39	381.0
271.082	0.218	fixation	n/a	144.2	177.9	3460.0	n/a	n/a	n/a	n/a
271.302	0.03	saccade	n/a	149.3	179.5	n/a	220.6	178.8	2.57	194.0
271.334	0.14	fixation	n/a	222.1	181.4	3327.0	n/a	n/a	n/a	n/a
271.476	0.172	saccade	n/a	233.9	187.4	n/a	222.2	225.3	1.48	941.0
271.512	0.046	blink	n/a	n/a	n/a	n/a	n/a	n/a	n/a	n/a
271.65	0.142	fixation	n/a	220.1	198.3	3170.0	n/a	n/a	n/a	n/a
271.794	0.014	saccade	n/a	216.3	188.3	n/a	199.7	190.4	0.61	54.0
271.81	0.21	fixation	n/a	206.8	187.0	3159.0	n/a	n/a	n/a	n/a
272.022	0.03	saccade	n/a	208.2	184.6	n/a	271.4	179.8	2.31	184.0
272.054	0.142	fixation	n/a	269.8	179.0	3072.0	n/a	n/a	n/a	n/a
272.198	0.04	saccade	n/a	268.2	179.3	n/a	329.4	174.9	2.26	210.0
272.24	0.278	fixation	n/a	336.0	176.5	2998.0	n/a	n/a	n/a	n/a
272.52	0.034	saccade	n/a	335.5	177.9	n/a	216.8	164.8	4.37	278.0
272.556	0.364	fixation	n/a	214.5	165.6	2864.0	n/a	n/a	n/a	n/a
272.922	0.026	saccade	n/a	219.1	167.3	n/a	261.8	169.7	1.56	138.0
272.95	0.214	fixation	n/a	262.1	172.1	2919.0	n/a	n/a	n/a	n/a
273.156	0.0	trigger_11	11	n/a	n/a	n/a	n/a	n/a	n/a	n/a
273.166	0.03	saccade	n/a	264.4	176.1	n/a	211.3	168.6	1.95	175.0
273.198	0.498	fixation	n/a	208.5	174.6	2999.0	n/a	n/a	n/a	n/a
273.258	0.0	trigger_20	20	n/a	n/a	n/a	n/a	n/a	n/a	n/a
273.698	0.06	saccade	n/a	221.2	186.6	n/a	0.0	0.0	5000000.0	949.0
273.734	0.024	blink	n/a	n/a	n/a	n/a	n/a	n/a	n/a	n/a
