onset	duration	trial_type	value	gaze_x	gaze_y	pupil_size	sacc_endx	sacc_endy	sacc_amplitude	sacc_peakvel
0.026	0.0	trigger_91	91	n/a	n/a	n/a	n/a	n/a	n/a	n/a
0.433	0.196	saccade	n/a	273.0	245.8	n/a	263.6	263.6	0.73	1113.0
0.481	0.048	blink	n/a	n/a	n/a	n/a	n/a	n/a	n/a	n/a
0.631	0.398	fixation	n/a	253.0	230.0	3085.0	n/a	n/a	n/a	n/a
1.031	0.03	saccade	n/a	254.3	233.5	n/a	314.1	236.5	2.13	172.0
1.063	0.354	fixation	n/a	317.8	239.6	2968.0	n/a	n/a	n/a	n/a
1.419	0.198	saccade	n/a	330.7	242.6	n/a	314.2	263.1	0.95	727.0
1.455	0.076	blink	n/a	n/a	n/a	n/a	n/a	n/a	n/a	n/a
1.619	0.266	fixation	n/a	294.3	221.8	2923.0	n/a	n/a	n/a	n/a
1.887	0.03	saccade	n/a	295.2	220.0	n/a	355.2	233.0	2.2	182.0
1.919	0.296	fixation	n/a	357.5	235.7	2916.0	n/a	n/a	n/a	n/a
2.036	0.0	trigger_10	10	n/a	n/a	n/a	n/a	n/a	n/a	n/a
2.217	0.036	saccade	n/a	360.2	238.1	n/a	201.6	192.6	5.87	299.0
2.255	0.074	fixation	n/a	197.2	190.7	2826.0	n/a	n/a	n/a	n/a
2.331	0.03	saccade	n/a	195.9	191.2	n/a	153.1	160.3	1.86	171.0
2.363	0.154	fixation	n/a	150.4	160.4	2790.0	n/a	n/a	n/a	n/a
2.519	0.022	saccade	n/a	146.2	159.0	n/a	118.5	155.6	0.96	89.0
2.543	0.146	fixation	n/a	121.6	159.3	2799.0	n/a	n/a	n/a	n/a
2.691	0.03	saccade	n/a	122.1	159.7	n/a	195.8	162.3	2.56	195.0
2.723	0.15	fixation	n/a	199.0	161.2	2830.0	n/a	n/a	n/a	n/a
2.875	0.028	saccade	n/a	201.1	162.4	n/a	249.9	161.2	1.72	146.0
2.905	0.116	fixation	n/a	249.6	163.1	2903.0	n/a	n/a	n/a	n/a
3.023	0.032	saccade	n/a	252.9	167.0	n/a	330.7	167.9	2.77	233.0
3.057	0.194	fixation	n/a	333.5	167.0	2989.0	n/a	n/a	n/a	n/a
3.253	0.03	saccade	n/a	334.3	166.4	n/a	403.0	169.9	2.47	206.0
3.285	0.234	fixation	n/a	398.6	167.8	3090.0	n/a	n/a	n/a	n/a
3.521	0.044	saccade	n/a	400.3	168.2	n/a	328.1	167.0	2.6	245.0
3.567	0.192	fixation	n/a	317.9	161.6	3143.0	n/a	n/a	n/a	n/a
3.761	0.03	saccade	n/a	316.8	167.0	n/a	402.9	170.5	3.1	210.0
3.793	0.254	fixation	n/a	400.4	167.8	3221.0	n/a	n/a	n/a	n/a
4.049	0.032	saccade	n/a	400.0	169.5	n/a	478.9	168.6	2.85	222.0
4.083	0.214	fixation	n/a	481.8	164.5	3205.0	n/a	n/a	n/a	n/a
4.299	0.028	saccade	n/a	483.8	162.3	n/a	540.1	164.3	2.03	158.0
4.329	0.144	fixation	n/a	541.0	163.1	3163.0	n/a	n/a	n/a	n/a
4.475	0.026	saccade	n/a	542.5	161.3	n/a	592.7	160.4	1.81	152.0
4.503	0.124	fixation	n/a	588.9	161.6	3130.0	n/a	n/a	n/a	n/a
4.629	0.062	saccade	n/a	587.2	159.3	n/a	133.7	221.1	16.15	526.0
4.693	0.344	fixation	n/a	127.6	229.1	3261.0	n/a	n/a	n/a	n/a
5.039	0.028	saccade	n/a	120.8	230.6	n/a	180.8	230.5	2.08	172.0
5.069	0.258	fixation	n/a	180.2	233.3	3265.0	n/a	n/a	n/a	n/a
5.329	0.028	saccade	n/a	179.6	236.1	n/a	232.8	236.2	1.87	159.0
5.359	0.144	fixation	n/a	234.2	237.9	3259.0	n/a	n/a	n/a	n/a
5.505	0.03	saccade	n/a	238.7	237.8	n/a	322.0	238.7	2.97	229.0
5.537	0.266	fixation	n/a	326.7	238.6	3213.0	n/a	n/a	n/a	n/a
5.805	0.028	saccade	n/a	331.3	242.2	n/a	386.4	239.2	1.99	167.0
5.835	0.204	fixation	n/a	390.0	239.6	3208.0	n/a	n/a	n/a	n/a
6.041	0.024	saccade	n/a	393.6	240.1	n/a	433.8	238.3	1.46	124.0
6.067	0.192	fixation	n/a	430.8	235.6	3223.0	n/a	n/a	n/a	n/a
6.261	0.03	saccade	n/a	430.7	237.7	n/a	494.0	232.7	2.3	170.0
6.293	0.174	fixation	n/a	492.6	234.9	3242.0	n/a	n/a	n/a	n/a
6.469	0.026	saccade	n/a	495.0	234.8	n/a	531.3	237.1	1.32	126.0
6.497	0.188	fixation	n/a	531.2	238.7	3231.0	n/a	n/a	n/a	n/a
6.687	0.072	saccade	n/a	530.5	242.4	n/a	147.5	286.8	13.68	477.0
6.761	0.18	fixation	n/a	145.0	294.9	3271.0	n/a	n/a	n/a	n/a
6.943	0.026	saccade	n/a	144.1	293.6	n/a	134.2	303.7	0.5	78.0
6.971	0.096	fixation	n/a	132.1	304.9	3253.0	n/a	n/a	n/a	n/a
7.069	0.028	saccade	n/a	131.7	302.4	n/a	199.0	295.2	2.36	187.0
7.099	0.168	fixation	n/a	200.4	298.2	3220.0	n/a	n/a	n/a	n/a
7.269	0.032	saccade	n/a	203.1	303.5	n/a	300.9	298.0	3.48	260.0
7.303	0.166	fixation	n/a	309.7	300.8	3158.0	n/a	n/a	n/a	n/a
7.471	0.032	saccade	n/a	313.5	300.9	n/a	397.9	296.2	3.04	244.0
7.505	0.142	fixation	n/a	399.4	295.7	3114.0	n/a	n/a	n/a	n/a
7.649	0.032	saccade	n/a	400.5	298.2	n/a	491.6	291.1	3.31	237.0
7.683	0.36	fixation	n/a	493.4	292.8	3064.0	n/a	n/a	n/a	n/a
8.045	0.032	saccade	n/a	493.6	290.7	n/a	401.6	290.1	3.33	238.0
8.079	0.234	fixation	n/a	401.2	291.7	3083.0	n/a	n/a	n/a	n/a
8.315	0.032	saccade	n/a	399.8	293.9	n/a	495.2	287.2	3.47	243.0
8.349	0.148	fixation	n/a	497.3	290.0	3143.0	n/a	n/a	n/a	n/a
8.499	0.032	saccade	n/a	495.9	290.2	n/a	574.4	291.4	2.84	215.0
8.533	0.158	fixation	n/a	574.2	292.7	3163.0	n/a	n/a	n/a	n/a
8.693	0.024	saccade	n/a	576.9	296.5	n/a	610.4	291.2	1.22	100.0
8.719	0.402	fixation	n/a	607.2	293.7	3146.0	n/a	n/a	n/a	n/a
9.123	0.028	saccade	n/a	606.3	291.8	n/a	550.7	288.7	2.01	160.0
9.153	0.266	fixation	n/a	551.2	291.8	3091.0	n/a	n/a	n/a	n/a
9.421	0.024	saccade	n/a	553.5	293.1	n/a	604.8	294.6	1.85	128.0
9.447	0.146	fixation	n/a	603.3	299.1	3090.0	n/a	n/a	n/a	n/a
9.595	0.044	saccade	n/a	601.1	297.1	n/a	533.3	292.7	2.45	238.0
9.641	0.192	fixation	n/a	526.9	292.9	3116.0	n/a	n/a	n/a	n/a
9.835	0.028	saccade	n/a	524.9	291.6	n/a	565.8	291.7	1.48	148.0
9.865	0.078	fixation	n/a	566.0	294.9	3165.0	n/a	n/a	n/a	n/a
9.945	0.026	saccade	n/a	568.4	294.5	n/a	604.3	291.3	1.3	127.0
9.973	0.26	fixation	n/a	600.1	293.8	3178.0	n/a	n/a	n/a	n/a
10.235	0.024	saccade	n/a	594.8	297.6	n/a	557.2	296.0	1.36	128.0
10.261	0.322	fixation	n/a	559.8	293.6	3216.0	n/a	n/a	n/a	n/a
10.585	0.028	saccade	n/a	559.1	291.0	n/a	611.0	290.4	1.87	168.0
10.615	0.438	fixation	n/a	609.5	295.5	3292.0	n/a	n/a	n/a	n/a
10.868	0.0	trigger_11	11	n/a	n/a	n/a	n/a	n/a	n/a	n/a
10.974	0.0	trigger_10	10	n/a	n/a	n/a	n/a	n/a	n/a	n/a
11.055	0.048	saccade	n/a	610.1	296.1	n/a	372.8	217.5	9.01	450.0
11.105	0.088	fixation	n/a	369.7	215.7	3241.0	n/a	n/a	n/a	n/a
11.195	0.038	saccade	n/a	368.8	214.3	n/a	181.9	203.9	6.64	379.0
11.235	0.064	fixation	n/a	179.4	203.3	3270.0	n/a	n/a	n/a	n/a
11.301	0.03	saccade	n/a	180.2	203.9	n/a	137.6	169.1	1.94	174.0
11.333	0.21	fixation	n/a	140.7	170.8	3226.0	n/a	n/a	n/a	n/a
11.545	0.032	saccade	n/a	142.2	173.0	n/a	229.1	172.8	3.04	224.0
11.579	0.22	fixation	n/a	232.2	171.9	3227.0	n/a	n/a	n/a	n/a
11.801	0.03	saccade	n/a	232.3	173.3	n/a	296.4	169.1	2.27	184.0
11.833	0.22	fixation	n/a	297.4	168.3	3229.0	n/a	n/a	n/a	n/a
12.055	0.03	saccade	n/a	297.0	168.5	n/a	382.0	171.8	3.05	229.0
12.087	0.184	fixation	n/a	382.9	170.9	3240.0	n/a	n/a	n/a	n/a
12.273	0.026	saccade	n/a	383.5	168.2	n/a	427.2	166.2	1.58	139.0
12.301	0.164	fixation	n/a	426.3	168.1	3236.0	n/a	n/a	n/a	n/a
12.467	0.032	saccade	n/a	426.4	165.2	n/a	489.8	159.4	2.3	209.0
12.501	0.176	fixation	n/a	492.2	161.5	3216.0	n/a	n/a	n/a	n/a
12.679	0.03	saccade	n/a	492.6	162.2	n/a	555.1	164.1	2.26	190.0
12.711	0.186	fixation	n/a	555.5	163.5	3148.0	n/a	n/a	n/a	n/a
12.899	0.06	saccade	n/a	557.5	163.9	n/a	155.0	213.1	14.36	465.0
12.961	0.13	fixation	n/a	155.8	219.2	3158.0	n/a	n/a	n/a	n/a
13.093	0.026	saccade	n/a	154.7	223.1	n/a	125.2	233.7	1.09	125.0
13.121	0.134	fixation	n/a	122.9	232.4	3170.0	n/a	n/a	n/a	n/a
13.257	0.034	saccade	n/a	121.8	232.4	n/a	233.3	223.7	3.9	285.0
13.293	0.166	fixation	n/a	241.0	229.4	3206.0	n/a	n/a	n/a	n/a
13.461	0.034	saccade	n/a	241.4	231.1	n/a	355.0	228.7	4.06	276.0
13.497	0.208	fixation	n/a	361.7	226.9	3164.0	n/a	n/a	n/a	n/a
13.707	0.028	saccade	n/a	366.9	228.4	n/a	417.6	227.3	1.83	166.0
13.737	0.22	fixation	n/a	418.2	227.8	3150.0	n/a	n/a	n/a	n/a
13.959	0.024	saccade	n/a	415.2	233.0	n/a	383.1	231.1	1.16	117.0
13.985	0.164	fixation	n/a	382.6	230.8	3150.0	n/a	n/a	n/a	n/a
14.151	0.032	saccade	n/a	381.1	229.2	n/a	456.6	226.8	2.73	210.0
14.185	0.136	fixation	n/a	460.4	228.6	3111.0	n/a	n/a	n/a	n/a
14.323	0.026	saccade	n/a	463.6	230.9	n/a	502.7	238.0	1.44	134.0
14.351	0.14	fixation	n/a	503.4	234.9	3122.0	n/a	n/a	n/a	n/a
14.493	0.03	saccade	n/a	503.2	237.2	n/a	579.3	238.1	2.75	201.0
14.525	0.13	fixation	n/a	581.5	235.2	3133.0	n/a	n/a	n/a	n/a
14.657	0.028	saccade	n/a	584.1	234.6	n/a	627.8	239.5	1.58	139.0
14.687	0.112	fixation	n/a	625.6	235.2	3172.0	n/a	n/a	n/a	n/a
14.801	0.064	saccade	n/a	625.7	232.4	n/a	148.7	275.6	16.87	533.0
14.867	0.122	fixation	n/a	147.5	282.6	3242.0	n/a	n/a	n/a	n/a
14.991	0.022	saccade	n/a	146.4	288.8	n/a	122.1	299.4	0.92	97.0
15.015	0.676	fixation	n/a	123.2	295.5	3150.0	n/a	n/a	n/a	n/a
15.693	0.022	saccade	n/a	120.8	294.8	n/a	150.1	294.9	1.01	93.0
15.717	0.182	fixation	n/a	146.1	294.6	3166.0	n/a	n/a	n/a	n/a
15.901	0.046	saccade	n/a	147.8	295.2	n/a	254.7	188.8	5.37	239.0
15.949	0.38	fixation	n/a	271.7	179.9	3285.0	n/a	n/a	n/a	n/a
16.012	0.0	trigger_11	11	n/a	n/a	n/a	n/a	n/a	n/a	n/a
16.118	0.0	trigger_10	10	n/a	n/a	n/a	n/a	n/a	n/a	n/a
16.331	0.024	saccade	n/a	270.1	182.5	n/a	232.1	179.9	1.35	121.0
16.357	0.138	fixation	n/a	233.7	180.3	3393.0	n/a	n/a	n/a	n/a
16.497	0.04	saccade	n/a	231.8	178.7	n/a	164.2	172.8	2.38	217.0
16.539	0.438	fixation	n/a	155.4	169.0	3404.0	n/a	n/a	n/a	n/a
16.979	0.032	saccade	n/a	148.4	169.9	n/a	247.1	171.3	3.46	255.0
17.013	0.178	fixation	n/a	252.8	167.8	3312.0	n/a	n/a	n/a	n/a
17.193	0.032	saccade	n/a	255.3	166.7	n/a	339.2	164.7	2.99	220.0
17.227	0.232	fixation	n/a	340.5	164.5	3344.0	n/a	n/a	n/a	n/a
17.461	0.03	saccade	n/a	343.3	166.2	n/a	413.1	168.8	2.51	200.0
17.493	0.248	fixation	n/a	415.8	169.0	3268.0	n/a	n/a	n/a	n/a
17.743	0.028	saccade	n/a	416.7	168.8	n/a	475.6	167.3	2.13	165.0
17.773	0.198	fixation	n/a	476.4	169.8	3162.0	n/a	n/a	n/a	n/a
17.973	0.03	saccade	n/a	475.2	168.6	n/a	560.0	162.9	3.07	197.0
18.005	0.166	fixation	n/a	559.2	163.0	3102.0	n/a	n/a	n/a	n/a
18.173	0.03	saccade	n/a	558.2	156.8	n/a	614.0	151.6	2.01	181.0
18.205	0.428	fixation	n/a	614.6	155.2	3136.0	n/a	n/a	n/a	n/a
18.635	0.042	saccade	n/a	615.0	155.7	n/a	546.9	154.3	2.45	224.0
18.679	0.196	fixation	n/a	538.6	162.0	3229.0	n/a	n/a	n/a	n/a
18.877	0.03	saccade	n/a	536.1	167.1	n/a	609.9	159.9	2.67	222.0
18.909	0.482	fixation	n/a	610.7	162.8	3272.0	n/a	n/a	n/a	n/a
19.393	0.07	saccade	n/a	613.1	168.9	n/a	126.9	219.0	17.22	504.0
19.465	0.204	fixation	n/a	125.0	227.6	3372.0	n/a	n/a	n/a	n/a
19.671	0.016	saccade	n/a	127.5	230.8	n/a	149.8	240.9	0.85	69.0
19.689	0.34	fixation	n/a	146.9	233.5	3346.0	n/a	n/a	n/a	n/a
20.031	0.026	saccade	n/a	151.1	229.8	n/a	170.9	184.5	1.77	124.0
20.059	0.088	fixation	n/a	171.3	188.7	3287.0	n/a	n/a	n/a	n/a
20.149	0.02	saccade	n/a	170.7	188.0	n/a	165.6	161.7	0.96	80.0
20.171	0.182	fixation	n/a	166.5	169.0	3264.0	n/a	n/a	n/a	n/a
20.355	0.026	saccade	n/a	165.1	167.2	n/a	226.9	166.8	2.16	142.0
20.383	0.28	fixation	n/a	230.2	172.2	3288.0	n/a	n/a	n/a	n/a
20.665	0.03	saccade	n/a	231.0	174.2	n/a	299.8	172.5	2.44	183.0
20.697	0.16	fixation	n/a	301.9	169.3	3306.0	n/a	n/a	n/a	n/a
20.859	0.034	saccade	n/a	301.1	169.0	n/a	225.5	224.6	3.35	235.0
20.895	0.284	fixation	n/a	226.3	230.4	3339.0	n/a	n/a	n/a	n/a
21.181	0.032	saccade	n/a	229.1	233.5	n/a	323.7	230.1	3.37	254.0
21.215	0.254	fixation	n/a	325.0	227.8	3283.0	n/a	n/a	n/a	n/a
21.471	0.022	saccade	n/a	326.5	224.8	n/a	356.0	228.2	1.07	97.0
21.495	0.326	fixation	n/a	353.5	232.0	3181.0	n/a	n/a	n/a	n/a
21.823	0.014	saccade	n/a	355.3	234.1	n/a	371.7	234.2	0.59	56.0
21.839	0.272	fixation	n/a	364.4	234.5	3149.0	n/a	n/a	n/a	n/a
22.113	0.026	saccade	n/a	363.7	238.1	n/a	323.7	231.5	1.46	137.0
22.141	0.472	fixation	n/a	323.4	230.6	3215.0	n/a	n/a	n/a	n/a
22.615	0.022	saccade	n/a	324.4	228.8	n/a	362.3	218.8	1.41	109.0
22.639	0.32	fixation	n/a	358.5	223.7	3314.0	n/a	n/a	n/a	n/a
22.702	0.0	trigger_11	11	n/a	n/a	n/a	n/a	n/a	n/a	n/a
22.804	0.0	trigger_12	12	n/a	n/a	n/a	n/a	n/a	n/a	n/a
22.961	0.04	saccade	n/a	356.5	226.5	n/a	180.9	213.2	6.25	357.0
23.003	0.112	fixation	n/a	179.7	210.7	3442.0	n/a	n/a	n/a	n/a
23.117	0.028	saccade	n/a	180.4	215.8	n/a	169.9	180.8	1.31	137.0
23.147	0.12	fixation	n/a	166.6	185.2	3461.0	n/a	n/a	n/a	n/a
23.269	0.02	saccade	n/a	166.1	189.0	n/a	145.1	186.9	0.73	73.0
23.291	0.178	fixation	n/a	152.3	188.3	3382.0	n/a	n/a	n/a	n/a
23.471	0.032	saccade	n/a	155.7	190.8	n/a	258.1	178.7	3.63	238.0
23.505	0.208	fixation	n/a	263.5	179.8	3286.0	n/a	n/a	n/a	n/a
23.715	0.032	saccade	n/a	265.6	179.2	n/a	352.4	176.9	3.1	220.0
23.749	0.128	fixation	n/a	356.3	175.4	3259.0	n/a	n/a	n/a	n/a
23.879	0.028	saccade	n/a	358.3	172.7	n/a	408.3	169.1	1.8	144.0
23.909	0.134	fixation	n/a	406.5	170.1	3259.0	n/a	n/a	n/a	n/a
24.045	0.03	saccade	n/a	406.6	170.3	n/a	476.6	170.8	2.52	200.0
24.077	0.176	fixation	n/a	479.3	168.7	3223.0	n/a	n/a	n/a	n/a
24.255	0.03	saccade	n/a	479.0	164.5	n/a	552.2	167.7	2.65	193.0
24.287	0.204	fixation	n/a	553.8	165.1	3147.0	n/a	n/a	n/a	n/a
24.493	0.06	saccade	n/a	553.7	161.6	n/a	155.5	217.9	14.22	466.0
24.555	0.164	fixation	n/a	154.9	223.9	3104.0	n/a	n/a	n/a	n/a
24.721	0.026	saccade	n/a	152.8	225.7	n/a	120.5	235.0	1.17	121.0
24.749	0.216	fixation	n/a	120.3	235.9	3078.0	n/a	n/a	n/a	n/a
24.967	0.028	saccade	n/a	118.1	234.2	n/a	182.5	227.1	2.24	176.0
24.997	0.13	fixation	n/a	182.4	227.3	3097.0	n/a	n/a	n/a	n/a
25.129	0.028	saccade	n/a	182.6	224.5	n/a	181.5	169.4	1.98	132.0
25.142	0.0	trigger_13	13	n/a	n/a	n/a	n/a	n/a	n/a	n/a
25.159	0.278	fixation	n/a	184.3	175.3	3085.0	n/a	n/a	n/a	n/a
25.439	0.04	saccade	n/a	183.8	177.6	n/a	139.4	184.3	1.56	180.0
25.481	0.224	fixation	n/a	139.2	187.3	3151.0	n/a	n/a	n/a	n/a
25.707	0.04	saccade	n/a	145.4	191.2	n/a	144.5	230.7	1.42	172.0
25.749	0.14	fixation	n/a	147.4	236.6	3198.0	n/a	n/a	n/a	n/a
25.891	0.03	saccade	n/a	148.0	235.5	n/a	153.6	178.8	2.04	177.0
25.923	0.16	fixation	n/a	155.8	183.0	3273.0	n/a	n/a	n/a	n/a
26.085	0.038	saccade	n/a	156.2	178.5	n/a	120.6	176.4	1.23	152.0
26.125	0.082	fixation	n/a	113.3	173.2	3388.0	n/a	n/a	n/a	n/a
26.209	0.032	saccade	n/a	112.1	173.7	n/a	216.4	169.7	3.62	239.0
26.243	0.144	fixation	n/a	218.0	170.8	3487.0	n/a	n/a	n/a	n/a
26.389	0.048	saccade	n/a	219.2	176.3	n/a	152.1	247.0	3.46	302.0
26.439	0.272	fixation	n/a	152.4	259.9	3576.0	n/a	n/a	n/a	n/a
26.713	0.018	saccade	n/a	151.2	261.0	n/a	132.3	250.5	0.75	69.0
26.733	0.28	fixation	n/a	139.0	254.5	3526.0	n/a	n/a	n/a	n/a
27.015	0.03	saccade	n/a	139.3	254.4	n/a	180.7	178.3	3.09	198.0
27.047	0.126	fixation	n/a	184.0	182.1	3420.0	n/a	n/a	n/a	n/a
27.175	0.028	saccade	n/a	186.4	180.5	n/a	236.6	179.4	1.76	158.0
27.205	0.23	fixation	n/a	237.7	182.1	3380.0	n/a	n/a	n/a	n/a
27.437	0.044	saccade	n/a	235.3	182.5	n/a	157.8	241.7	3.45	260.0
27.483	0.314	fixation	n/a	148.5	249.8	3401.0	n/a	n/a	n/a	n/a
27.799	0.038	saccade	n/a	147.0	251.0	n/a	108.8	244.9	1.34	159.0
27.839	0.39	fixation	n/a	104.5	243.8	3314.0	n/a	n/a	n/a	n/a
27.998	0.0	trigger_15	15	n/a	n/a	n/a	n/a	n/a	n/a	n/a
28.054	0.0	trigger_10	10	n/a	n/a	n/a	n/a	n/a	n/a	n/a
28.231	0.03	saccade	n/a	105.3	243.3	n/a	112.9	172.5	2.54	195.0
28.263	0.18	fixation	n/a	113.7	175.1	3268.0	n/a	n/a	n/a	n/a
28.445	0.032	saccade	n/a	114.7	173.7	n/a	197.2	175.1	2.86	228.0
28.479	0.13	fixation	n/a	200.7	174.0	3261.0	n/a	n/a	n/a	n/a
28.611	0.024	saccade	n/a	200.9	171.8	n/a	242.5	172.0	1.46	125.0
28.637	0.14	fixation	n/a	242.0	172.4	3226.0	n/a	n/a	n/a	n/a
28.779	0.03	saccade	n/a	246.4	172.9	n/a	338.9	168.1	3.3	231.0
28.811	0.242	fixation	n/a	340.6	164.2	3133.0	n/a	n/a	n/a	n/a
29.055	0.03	saccade	n/a	342.0	161.0	n/a	406.5	155.0	2.32	185.0
29.087	0.25	fixation	n/a	411.1	155.7	3025.0	n/a	n/a	n/a	n/a
29.339	0.028	saccade	n/a	414.5	160.5	n/a	476.2	160.8	2.23	166.0
29.369	0.218	fixation	n/a	475.7	155.8	2972.0	n/a	n/a	n/a	n/a
29.589	0.03	saccade	n/a	477.6	156.7	n/a	540.8	155.7	2.28	171.0
29.621	0.15	fixation	n/a	538.2	151.8	2946.0	n/a	n/a	n/a	n/a
29.773	0.022	saccade	n/a	539.0	147.4	n/a	577.7	149.6	1.39	111.0
29.797	0.116	fixation	n/a	576.7	147.1	2920.0	n/a	n/a	n/a	n/a
29.915	0.06	saccade	n/a	576.4	148.6	n/a	128.3	209.0	15.93	498.0
29.977	0.208	fixation	n/a	129.6	222.2	3040.0	n/a	n/a	n/a	n/a
30.187	0.014	saccade	n/a	129.8	229.6	n/a	108.9	232.6	0.73	65.0
30.203	0.134	fixation	n/a	117.0	234.7	3178.0	n/a	n/a	n/a	n/a
30.339	0.034	saccade	n/a	116.9	235.4	n/a	239.1	225.9	4.29	302.0
30.375	0.412	fixation	n/a	240.4	230.0	3359.0	n/a	n/a	n/a	n/a
30.789	0.03	saccade	n/a	240.9	231.7	n/a	294.0	228.2	1.9	185.0
30.821	0.234	fixation	n/a	302.0	230.2	3294.0	n/a	n/a	n/a	n/a
31.057	0.028	saccade	n/a	306.5	230.0	n/a	362.6	230.0	2.03	165.0
31.087	0.186	fixation	n/a	363.3	230.4	3264.0	n/a	n/a	n/a	n/a
31.275	0.028	saccade	n/a	364.0	233.6	n/a	410.4	227.5	1.7	134.0
31.305	0.192	fixation	n/a	409.3	228.7	3205.0	n/a	n/a	n/a	n/a
31.499	0.02	saccade	n/a	413.3	230.8	n/a	443.9	233.2	1.11	90.0
31.521	0.134	fixation	n/a	439.0	231.2	3204.0	n/a	n/a	n/a	n/a
31.657	0.028	saccade	n/a	437.6	228.4	n/a	487.9	226.2	1.82	145.0
31.687	0.144	fixation	n/a	484.6	227.2	3242.0	n/a	n/a	n/a	n/a
31.833	0.03	saccade	n/a	484.8	229.2	n/a	546.8	227.2	2.25	187.0
31.865	0.138	fixation	n/a	548.6	227.1	3253.0	n/a	n/a	n/a	n/a
32.005	0.026	saccade	n/a	549.1	228.1	n/a	580.9	242.5	1.27	134.0
32.033	0.074	fixation	n/a	580.7	239.3	3239.0	n/a	n/a	n/a	n/a
32.109	0.062	saccade	n/a	581.6	236.9	n/a	142.0	296.9	15.71	504.0
32.173	0.178	fixation	n/a	142.7	301.7	3283.0	n/a	n/a	n/a	n/a
32.353	0.018	saccade	n/a	140.9	303.5	n/a	120.9	302.8	0.69	70.0
32.373	0.102	fixation	n/a	126.9	303.7	3227.0	n/a	n/a	n/a	n/a
32.477	0.034	saccade	n/a	124.1	301.7	n/a	266.7	290.1	5.01	287.0
32.513	0.212	fixation	n/a	272.6	295.4	3186.0	n/a	n/a	n/a	n/a
32.727	0.03	saccade	n/a	272.5	293.7	n/a	352.7	295.3	2.87	218.0
32.759	0.194	fixation	n/a	354.9	295.6	3162.0	n/a	n/a	n/a	n/a
32.955	0.032	saccade	n/a	355.6	296.5	n/a	456.5	296.4	3.65	259.0
32.989	0.2	fixation	n/a	458.6	296.5	3114.0	n/a	n/a	n/a	n/a
33.191	0.024	saccade	n/a	457.5	296.9	n/a	426.5	290.8	1.15	117.0
33.217	0.15	fixation	n/a	428.3	293.5	3100.0	n/a	n/a	n/a	n/a
33.369	0.03	saccade	n/a	427.5	293.4	n/a	541.1	288.7	4.12	246.0
33.401	0.122	fixation	n/a	547.0	287.7	3075.0	n/a	n/a	n/a	n/a
33.525	0.028	saccade	n/a	547.4	287.3	n/a	598.0	293.0	1.84	173.0
33.555	0.186	fixation	n/a	595.7	294.7	3086.0	n/a	n/a	n/a	n/a
33.743	0.06	saccade	n/a	595.4	292.0	n/a	168.4	335.8	15.23	507.0
33.805	0.132	fixation	n/a	164.1	341.3	3172.0	n/a	n/a	n/a	n/a
33.939	0.026	saccade	n/a	162.3	347.4	n/a	124.7	357.8	1.36	148.0
33.967	0.458	fixation	n/a	124.9	356.1	3133.0	n/a	n/a	n/a	n/a
34.427	0.064	saccade	n/a	123.8	356.7	n/a	546.7	303.3	15.07	441.0
34.493	0.13	fixation	n/a	556.3	299.7	3092.0	n/a	n/a	n/a	n/a
34.625	0.024	saccade	n/a	559.2	299.3	n/a	590.7	297.2	1.14	115.0
34.651	0.088	fixation	n/a	590.8	298.3	3150.0	n/a	n/a	n/a	n/a
34.741	0.058	saccade	n/a	589.8	299.6	n/a	168.0	359.6	15.14	548.0
34.801	0.248	fixation	n/a	165.1	364.0	3155.0	n/a	n/a	n/a	n/a
35.006	0.0	trigger_11	11	n/a	n/a	n/a	n/a	n/a	n/a	n/a
35.051	0.04	saccade	n/a	162.9	366.1	n/a	154.3	198.3	6.04	318.0
35.093	0.208	fixation	n/a	156.3	195.5	3150.0	n/a	n/a	n/a	n/a
35.112	0.0	trigger_10	10	n/a	n/a	n/a	n/a	n/a	n/a	n/a
35.303	0.024	saccade	n/a	157.7	196.7	n/a	131.9	172.1	1.26	116.0
35.329	0.156	fixation	n/a	132.9	174.9	3218.0	n/a	n/a	n/a	n/a
35.487	0.042	saccade	n/a	131.3	174.6	n/a	211.7	170.3	2.81	252.0
35.531	0.218	fixation	n/a	221.6	170.7	3266.0	n/a	n/a	n/a	n/a
35.751	0.03	saccade	n/a	223.3	170.9	n/a	289.2	169.2	2.33	205.0
35.783	0.146	fixation	n/a	291.6	170.9	3189.0	n/a	n/a	n/a	n/a
35.931	0.028	saccade	n/a	293.1	170.6	n/a	344.2	173.2	1.83	162.0
35.961	0.09	fixation	n/a	343.3	176.3	3205.0	n/a	n/a	n/a	n/a
36.053	0.208	saccade	n/a	346.8	183.6	n/a	175.4	261.8	6.71	925.0
36.087	0.088	blink	n/a	n/a	n/a	n/a	n/a	n/a	n/a	n/a
36.263	0.188	fixation	n/a	158.3	182.7	3145.0	n/a	n/a	n/a	n/a
36.453	0.03	saccade	n/a	158.6	171.7	n/a	224.3	174.5	2.31	185.0
36.485	0.162	fixation	n/a	227.1	172.9	3181.0	n/a	n/a	n/a	n/a
36.649	0.04	saccade	n/a	230.0	174.8	n/a	176.5	169.0	1.89	198.0
36.691	0.172	fixation	n/a	170.7	168.7	3020.0	n/a	n/a	n/a	n/a
36.865	0.022	saccade	n/a	174.9	167.9	n/a	207.7	169.8	1.15	103.0
36.889	0.15	fixation	n/a	204.7	170.5	3011.0	n/a	n/a	n/a	n/a
37.041	0.032	saccade	n/a	204.4	169.6	n/a	281.5	167.7	2.73	224.0
37.075	0.21	fixation	n/a	285.8	168.2	2956.0	n/a	n/a	n/a	n/a
37.287	0.03	saccade	n/a	288.8	169.9	n/a	360.2	171.3	2.56	198.0
37.319	0.176	fixation	n/a	361.6	167.5	2889.0	n/a	n/a	n/a	n/a
37.497	0.032	saccade	n/a	364.8	169.0	n/a	458.7	161.7	3.4	232.0
37.531	0.206	fixation	n/a	462.9	161.5	2840.0	n/a	n/a	n/a	n/a
37.739	0.028	saccade	n/a	462.7	159.2	n/a	520.7	159.5	2.09	164.0
37.769	0.17	fixation	n/a	519.4	161.5	2822.0	n/a	n/a	n/a	n/a
37.941	0.026	saccade	n/a	520.8	162.0	n/a	560.9	160.3	1.45	131.0
37.969	0.196	fixation	n/a	559.3	161.0	2853.0	n/a	n/a	n/a	n/a
38.167	0.062	saccade	n/a	557.1	160.0	n/a	126.5	229.9	15.42	523.0
38.231	0.272	fixation	n/a	125.0	233.2	2985.0	n/a	n/a	n/a	n/a
38.505	0.032	saccade	n/a	123.0	233.2	n/a	196.0	224.8	2.56	218.0
38.539	0.41	fixation	n/a	200.9	229.3	2965.0	n/a	n/a	n/a	n/a
38.951	0.026	saccade	n/a	201.7	232.0	n/a	252.3	232.8	1.79	139.0
38.979	0.342	fixation	n/a	251.6	231.4	2958.0	n/a	n/a	n/a	n/a
39.323	0.03	saccade	n/a	254.6	234.0	n/a	336.2	228.2	2.93	203.0
39.355	0.432	fixation	n/a	339.9	230.5	2837.0	n/a	n/a	n/a	n/a
39.789	0.028	saccade	n/a	338.2	229.6	n/a	398.3	231.9	2.17	156.0
39.819	0.24	fixation	n/a	397.3	233.4	2821.0	n/a	n/a	n/a	n/a
40.061	0.028	saccade	n/a	398.0	234.5	n/a	464.5	227.6	2.42	179.0
40.091	0.24	fixation	n/a	465.1	231.0	2818.0	n/a	n/a	n/a	n/a
40.333	0.028	saccade	n/a	465.0	228.4	n/a	514.8	221.5	1.82	148.0
40.363	0.198	fixation	n/a	516.6	226.5	2794.0	n/a	n/a	n/a	n/a
40.563	0.02	saccade	n/a	521.2	225.2	n/a	543.8	226.7	0.82	77.0
40.585	0.234	fixation	n/a	540.9	227.5	2792.0	n/a	n/a	n/a	n/a
40.821	0.03	saccade	n/a	543.6	225.1	n/a	617.3	224.6	2.66	184.0
40.853	0.144	fixation	n/a	621.5	224.7	2801.0	n/a	n/a	n/a	n/a
40.999	0.024	saccade	n/a	621.8	224.1	n/a	666.9	232.5	1.65	115.0
41.025	0.108	fixation	n/a	667.0	229.0	2823.0	n/a	n/a	n/a	n/a
41.135	0.07	saccade	n/a	666.1	228.4	n/a	134.5	284.1	18.79	513.0
41.207	0.33	fixation	n/a	141.6	292.5	2837.0	n/a	n/a	n/a	n/a
41.539	0.03	saccade	n/a	143.2	295.6	n/a	219.3	293.3	2.67	211.0
41.571	0.176	fixation	n/a	223.2	293.8	2806.0	n/a	n/a	n/a	n/a
41.749	0.03	saccade	n/a	224.3	293.7	n/a	281.2	295.2	2.02	178.0
41.781	0.364	fixation	n/a	283.8	293.8	2731.0	n/a	n/a	n/a	n/a
42.147	0.024	saccade	n/a	289.3	294.2	n/a	328.7	291.6	1.42	120.0
42.173	0.102	fixation	n/a	328.8	293.7	2660.0	n/a	n/a	n/a	n/a
42.277	0.028	saccade	n/a	332.4	293.6	n/a	392.3	287.0	2.17	170.0
42.307	0.232	fixation	n/a	392.2	287.7	2653.0	n/a	n/a	n/a	n/a
42.541	0.024	saccade	n/a	394.8	289.9	n/a	433.2	290.2	1.39	116.0
42.567	0.158	fixation	n/a	431.4	289.2	2674.0	n/a	n/a	n/a	n/a
42.727	0.034	saccade	n/a	431.6	289.4	n/a	559.7	286.2	4.64	266.0
42.763	0.244	fixation	n/a	565.9	284.4	2648.0	n/a	n/a	n/a	n/a
43.009	0.06	saccade	n/a	563.2	284.0	n/a	140.1	343.5	15.16	476.0
43.071	0.3	fixation	n/a	142.0	347.3	2710.0	n/a	n/a	n/a	n/a
43.373	0.03	saccade	n/a	141.4	349.1	n/a	208.7	352.8	2.36	176.0
43.405	0.25	fixation	n/a	213.2	353.7	2740.0	n/a	n/a	n/a	n/a
43.657	0.028	saccade	n/a	215.1	352.6	n/a	307.6	349.2	3.28	209.0
43.687	0.224	fixation	n/a	320.9	349.0	2741.0	n/a	n/a	n/a	n/a
43.913	0.024	saccade	n/a	323.8	346.7	n/a	368.7	353.7	1.63	127.0
43.939	0.16	fixation	n/a	366.0	354.2	2718.0	n/a	n/a	n/a	n/a
44.101	0.026	saccade	n/a	365.4	355.8	n/a	413.1	351.1	1.73	134.0
44.129	0.174	fixation	n/a	412.1	350.9	2721.0	n/a	n/a	n/a	n/a
44.305	0.028	saccade	n/a	412.0	348.8	n/a	469.6	345.0	2.08	168.0
44.335	0.178	fixation	n/a	472.7	349.7	2735.0	n/a	n/a	n/a	n/a
44.515	0.032	saccade	n/a	471.1	350.4	n/a	563.5	348.4	3.34	245.0
44.549	0.178	fixation	n/a	566.4	344.7	2731.0	n/a	n/a	n/a	n/a
44.729	0.028	saccade	n/a	567.5	349.1	n/a	617.1	349.8	1.79	139.0
44.759	0.176	fixation	n/a	616.4	348.3	2730.0	n/a	n/a	n/a	n/a
44.937	0.064	saccade	n/a	617.4	347.5	n/a	148.6	401.6	16.65	495.0
45.003	0.178	fixation	n/a	149.1	404.8	2786.0	n/a	n/a	n/a	n/a
45.183	0.024	saccade	n/a	147.2	405.8	n/a	112.7	411.1	1.2	127.0
45.209	0.212	fixation	n/a	115.6	410.4	2791.0	n/a	n/a	n/a	n/a
45.423	0.028	saccade	n/a	118.8	411.2	n/a	186.0	413.0	2.33	175.0
45.453	0.12	fixation	n/a	186.4	413.6	2853.0	n/a	n/a	n/a	n/a
45.575	0.034	saccade	n/a	186.7	414.2	n/a	297.9	419.1	3.93	290.0
45.611	0.328	fixation	n/a	302.2	417.8	2913.0	n/a	n/a	n/a	n/a
45.941	0.03	saccade	n/a	302.2	416.6	n/a	391.5	406.4	3.22	226.0
45.973	0.182	fixation	n/a	394.8	407.8	2904.0	n/a	n/a	n/a	n/a
46.157	0.026	saccade	n/a	398.4	406.4	n/a	441.7	410.3	1.56	136.0
46.185	0.192	fixation	n/a	442.0	411.0	2917.0	n/a	n/a	n/a	n/a
46.379	0.032	saccade	n/a	444.2	413.7	n/a	519.8	412.0	2.73	211.0
46.413	0.346	fixation	n/a	522.6	417.1	2973.0	n/a	n/a	n/a	n/a
46.761	0.03	saccade	n/a	523.0	420.0	n/a	593.9	416.9	2.56	190.0
46.793	0.332	fixation	n/a	595.6	416.7	3051.0	n/a	n/a	n/a	n/a
47.127	0.062	saccade	n/a	594.1	415.2	n/a	331.4	229.5	11.59	424.0
47.191	0.142	fixation	n/a	331.6	226.1	3174.0	n/a	n/a	n/a	n/a
47.288	0.0	trigger_11	11	n/a	n/a	n/a	n/a	n/a	n/a	n/a
47.335	0.04	saccade	n/a	330.4	226.2	n/a	282.6	219.8	1.73	192.0
47.377	0.196	fixation	n/a	278.9	219.5	3239.0	n/a	n/a	n/a	n/a
47.39	0.0	trigger_10	10	n/a	n/a	n/a	n/a	n/a	n/a	n/a
47.575	0.04	saccade	n/a	280.7	220.7	n/a	212.4	192.8	2.63	243.0
47.617	0.058	fixation	n/a	205.0	190.5	3280.0	n/a	n/a	n/a	n/a
47.677	0.042	saccade	n/a	203.7	187.5	n/a	163.5	169.7	1.54	176.0
47.721	0.144	fixation	n/a	162.7	169.4	3271.0	n/a	n/a	n/a	n/a
47.867	0.014	saccade	n/a	159.0	169.9	n/a	142.5	172.7	0.58	53.0
47.883	0.124	fixation	n/a	147.7	172.9	3188.0	n/a	n/a	n/a	n/a
48.009	0.032	saccade	n/a	148.9	171.5	n/a	251.7	172.2	3.61	269.0
48.043	0.23	fixation	n/a	256.1	168.0	3121.0	n/a	n/a	n/a	n/a
48.275	0.032	saccade	n/a	259.6	168.6	n/a	349.3	167.9	3.2	251.0
48.309	0.206	fixation	n/a	352.4	167.5	3126.0	n/a	n/a	n/a	n/a
48.517	0.03	saccade	n/a	353.1	164.4	n/a	419.7	169.2	2.4	198.0
48.549	0.174	fixation	n/a	419.3	168.8	3137.0	n/a	n/a	n/a	n/a
48.725	0.028	saccade	n/a	418.3	166.8	n/a	468.2	166.0	1.8	146.0
48.755	0.212	fixation	n/a	468.1	169.4	3176.0	n/a	n/a	n/a	n/a
48.969	0.026	saccade	n/a	471.4	170.5	n/a	534.4	169.1	2.27	147.0
48.997	0.102	fixation	n/a	532.8	168.8	3133.0	n/a	n/a	n/a	n/a
49.101	0.028	saccade	n/a	532.5	167.9	n/a	575.5	163.3	1.56	141.0
49.131	0.188	fixation	n/a	573.4	164.7	3077.0	n/a	n/a	n/a	n/a
49.321	0.06	saccade	n/a	573.1	166.0	n/a	159.9	203.8	14.66	491.0
49.383	0.106	fixation	n/a	159.2	213.1	3139.0	n/a	n/a	n/a	n/a
49.491	0.038	saccade	n/a	160.6	218.7	n/a	130.1	234.3	1.2	150.0
49.531	0.218	fixation	n/a	127.3	239.4	3134.0	n/a	n/a	n/a	n/a
49.751	0.028	saccade	n/a	129.5	240.2	n/a	197.9	237.3	2.39	185.0
49.781	0.446	fixation	n/a	200.2	238.3	3178.0	n/a	n/a	n/a	n/a
50.229	0.032	saccade	n/a	201.6	235.1	n/a	281.6	238.4	2.84	236.0
50.263	0.316	fixation	n/a	288.2	238.5	3151.0	n/a	n/a	n/a	n/a
50.581	0.032	saccade	n/a	293.1	238.2	n/a	379.0	233.8	3.09	248.0
50.615	0.536	fixation	n/a	376.2	235.0	3088.0	n/a	n/a	n/a	n/a
51.153	0.03	saccade	n/a	372.5	236.5	n/a	446.8	231.6	2.69	199.0
51.185	0.464	fixation	n/a	447.3	232.5	3012.0	n/a	n/a	n/a	n/a
51.651	0.026	saccade	n/a	447.9	235.6	n/a	491.9	235.0	1.59	143.0
51.679	0.506	fixation	n/a	494.1	231.7	3037.0	n/a	n/a	n/a	n/a
52.187	0.03	saccade	n/a	501.2	229.7	n/a	560.9	231.3	2.16	164.0
52.219	0.158	fixation	n/a	564.2	228.1	2984.0	n/a	n/a	n/a	n/a
52.379	0.026	saccade	n/a	568.0	227.3	n/a	613.0	223.6	1.63	132.0
52.407	0.47	fixation	n/a	612.8	225.1	3004.0	n/a	n/a	n/a	n/a
52.879	0.066	saccade	n/a	610.6	226.5	n/a	145.7	278.4	16.54	477.0
52.947	0.144	fixation	n/a	147.9	284.4	3087.0	n/a	n/a	n/a	n/a
53.093	0.018	saccade	n/a	148.7	291.2	n/a	128.6	301.4	0.79	73.0
53.113	0.192	fixation	n/a	133.5	298.9	3107.0	n/a	n/a	n/a	n/a
53.307	0.028	saccade	n/a	132.1	297.5	n/a	208.0	296.2	2.65	184.0
53.337	0.58	fixation	n/a	214.1	295.9	3025.0	n/a	n/a	n/a	n/a
53.919	0.028	saccade	n/a	219.1	299.3	n/a	292.4	297.1	2.61	174.0
53.949	0.214	fixation	n/a	295.0	296.1	2921.0	n/a	n/a	n/a	n/a
54.165	0.02	saccade	n/a	302.1	297.5	n/a	335.8	296.4	1.21	101.0
54.187	0.192	fixation	n/a	333.5	296.1	2962.0	n/a	n/a	n/a	n/a
54.381	0.03	saccade	n/a	335.1	294.4	n/a	399.5	294.3	2.32	184.0
54.413	0.162	fixation	n/a	400.0	293.6	2987.0	n/a	n/a	n/a	n/a
54.577	0.026	saccade	n/a	401.8	290.8	n/a	445.6	286.0	1.59	134.0
54.605	0.194	fixation	n/a	446.0	284.9	2941.0	n/a	n/a	n/a	n/a
54.801	0.03	saccade	n/a	445.8	282.8	n/a	517.9	283.4	2.61	188.0
54.833	0.184	fixation	n/a	520.0	286.7	2874.0	n/a	n/a	n/a	n/a
55.019	0.058	saccade	n/a	521.0	288.5	n/a	288.3	187.8	9.15	357.0
55.079	0.144	fixation	n/a	291.0	189.6	2916.0	n/a	n/a	n/a	n/a
55.225	0.028	saccade	n/a	290.0	193.2	n/a	244.5	174.3	1.76	161.0
55.255	0.32	fixation	n/a	241.6	173.3	2950.0	n/a	n/a	n/a	n/a
55.577	0.026	saccade	n/a	242.1	175.9	n/a	210.3	153.8	1.38	137.0
55.592	0.0	trigger_11	11	n/a	n/a	n/a	n/a	n/a	n/a	n/a
55.605	0.302	fixation	n/a	211.9	159.1	2964.0	n/a	n/a	n/a	n/a
55.698	0.0	trigger_10	10	n/a	n/a	n/a	n/a	n/a	n/a	n/a
55.909	0.03	saccade	n/a	209.7	160.1	n/a	147.9	160.8	2.15	178.0
55.941	0.292	fixation	n/a	148.0	169.3	3161.0	n/a	n/a	n/a	n/a
56.235	0.036	saccade	n/a	146.4	171.3	n/a	297.1	165.3	5.3	319.0
56.273	0.28	fixation	n/a	308.4	170.8	3189.0	n/a	n/a	n/a	n/a
56.555	0.028	saccade	n/a	310.0	172.0	n/a	360.0	172.9	1.79	152.0
56.585	0.122	fixation	n/a	359.4	174.5	3136.0	n/a	n/a	n/a	n/a
56.709	0.026	saccade	n/a	361.3	174.5	n/a	403.7	172.0	1.53	128.0
56.737	0.35	fixation	n/a	404.2	172.0	3088.0	n/a	n/a	n/a	n/a
57.089	0.03	saccade	n/a	405.1	175.9	n/a	471.3	171.8	2.4	186.0
57.121	0.196	fixation	n/a	473.2	170.9	3092.0	n/a	n/a	n/a	n/a
57.319	0.022	saccade	n/a	477.0	171.1	n/a	502.7	170.8	0.93	91.0
57.343	0.244	fixation	n/a	500.9	174.2	3124.0	n/a	n/a	n/a	n/a
57.589	0.024	saccade	n/a	505.2	177.3	n/a	549.5	173.1	1.61	129.0
57.615	0.154	fixation	n/a	546.7	174.7	3172.0	n/a	n/a	n/a	n/a
57.771	0.026	saccade	n/a	547.4	175.3	n/a	584.6	175.2	1.34	131.0
57.799	0.094	fixation	n/a	583.3	172.9	3202.0	n/a	n/a	n/a	n/a
57.895	0.06	saccade	n/a	582.4	175.0	n/a	145.8	217.8	15.51	509.0
57.957	0.33	fixation	n/a	142.3	225.6	3267.0	n/a	n/a	n/a	n/a
58.289	0.044	saccade	n/a	136.1	230.6	n/a	237.0	231.7	3.53	290.0
58.335	0.32	fixation	n/a	249.6	237.1	3191.0	n/a	n/a	n/a	n/a
58.657	0.032	saccade	n/a	250.0	235.9	n/a	322.4	234.9	2.58	202.0
58.691	0.232	fixation	n/a	327.9	233.7	3045.0	n/a	n/a	n/a	n/a
58.925	0.028	saccade	n/a	332.5	234.5	n/a	383.5	232.7	1.84	144.0
58.955	0.182	fixation	n/a	385.4	234.0	2970.0	n/a	n/a	n/a	n/a
59.139	0.03	saccade	n/a	387.2	235.1	n/a	466.9	226.5	2.9	215.0
59.171	0.3	fixation	n/a	468.1	227.1	2930.0	n/a	n/a	n/a	n/a
59.473	0.028	saccade	n/a	467.1	225.3	n/a	405.9	227.5	2.21	178.0
59.503	0.146	fixation	n/a	406.7	229.2	2947.0	n/a	n/a	n/a	n/a
59.651	0.03	saccade	n/a	406.2	229.1	n/a	502.3	227.2	3.48	242.0
59.683	0.216	fixation	n/a	513.3	224.0	2962.0	n/a	n/a	n/a	n/a
59.901	0.048	saccade	n/a	511.9	221.8	n/a	245.5	165.9	9.73	410.0
59.951	0.324	fixation	n/a	245.6	167.8	3056.0	n/a	n/a	n/a	n/a
60.008	0.0	trigger_11	11	n/a	n/a	n/a	n/a	n/a	n/a	n/a
60.11	0.0	trigger_12	12	n/a	n/a	n/a	n/a	n/a	n/a	n/a
60.277	0.044	saccade	n/a	247.5	172.9	n/a	167.2	166.5	2.83	236.0
60.323	0.256	fixation	n/a	159.9	171.3	3176.0	n/a	n/a	n/a	n/a
60.581	0.036	saccade	n/a	160.1	173.6	n/a	277.9	162.6	4.16	272.0
60.619	0.42	fixation	n/a	285.1	164.4	3220.0	n/a	n/a	n/a	n/a
61.041	0.022	saccade	n/a	282.8	164.7	n/a	248.0	167.3	1.24	104.0
61.065	0.188	fixation	n/a	250.7	167.5	3280.0	n/a	n/a	n/a	n/a
61.255	0.032	saccade	n/a	248.9	164.8	n/a	365.5	166.4	4.15	256.0
61.289	0.178	fixation	n/a	373.6	165.3	3299.0	n/a	n/a	n/a	n/a
61.469	0.022	saccade	n/a	375.1	168.2	n/a	407.3	172.0	1.17	105.0
61.493	0.308	fixation	n/a	404.8	171.1	3254.0	n/a	n/a	n/a	n/a
61.803	0.032	saccade	n/a	404.2	169.5	n/a	498.3	166.3	3.4	230.0
61.837	0.176	fixation	n/a	500.8	163.7	3078.0	n/a	n/a	n/a	n/a
62.015	0.028	saccade	n/a	501.9	164.0	n/a	556.3	167.3	1.97	172.0
62.045	0.098	fixation	n/a	559.3	168.1	3039.0	n/a	n/a	n/a	n/a
62.145	0.06	saccade	n/a	560.1	171.8	n/a	131.3	225.7	15.25	494.0
62.207	0.266	fixation	n/a	131.1	234.9	3197.0	n/a	n/a	n/a	n/a
62.475	0.03	saccade	n/a	134.8	237.0	n/a	162.5	170.4	2.58	179.0
62.507	0.352	fixation	n/a	165.0	171.0	3270.0	n/a	n/a	n/a	n/a
62.584	0.0	trigger_13	13	n/a	n/a	n/a	n/a	n/a	n/a	n/a
62.861	0.028	saccade	n/a	163.4	168.7	n/a	135.3	212.4	1.84	132.0
62.891	0.16	fixation	n/a	135.3	211.3	3443.0	n/a	n/a	n/a	n/a
63.053	0.048	saccade	n/a	138.1	217.9	n/a	136.8	293.4	2.72	240.0
63.103	0.278	fixation	n/a	139.3	298.4	3596.0	n/a	n/a	n/a	n/a
63.383	0.04	saccade	n/a	140.2	299.9	n/a	103.6	300.8	1.26	159.0
63.425	0.278	fixation	n/a	100.4	306.8	3591.0	n/a	n/a	n/a	n/a
63.705	0.034	saccade	n/a	105.9	308.0	n/a	152.8	203.3	4.08	200.0
63.741	0.112	fixation	n/a	156.1	203.8	3460.0	n/a	n/a	n/a	n/a
63.855	0.014	saccade	n/a	159.6	201.7	n/a	163.9	185.1	0.61	55.0
63.871	0.138	fixation	n/a	167.4	190.6	3389.0	n/a	n/a	n/a	n/a
64.011	0.04	saccade	n/a	169.8	190.7	n/a	245.6	178.0	2.7	242.0
64.053	0.38	fixation	n/a	253.2	179.2	3332.0	n/a	n/a	n/a	n/a
64.216	0.0	trigger_15	15	n/a	n/a	n/a	n/a	n/a	n/a	n/a
64.27	0.0	trigger_10	10	n/a	n/a	n/a	n/a	n/a	n/a	n/a
64.435	0.03	saccade	n/a	251.0	181.0	n/a	173.5	177.5	2.73	200.0
64.467	0.154	fixation	n/a	170.5	176.0	3284.0	n/a	n/a	n/a	n/a
64.623	0.026	saccade	n/a	169.2	177.5	n/a	124.1	175.2	1.57	138.0
64.651	0.134	fixation	n/a	126.1	175.8	3266.0	n/a	n/a	n/a	n/a
64.787	0.174	saccade	n/a	146.6	187.3	n/a	201.5	220.7	2.26	917.0
64.821	0.05	blink	n/a	n/a	n/a	n/a	n/a	n/a	n/a	n/a
64.963	0.28	fixation	n/a	191.9	180.2	3128.0	n/a	n/a	n/a	n/a
65.245	0.034	saccade	n/a	188.7	180.2	n/a	293.9	172.5	3.73	269.0
65.281	0.36	fixation	n/a	308.7	172.4	2946.0	n/a	n/a	n/a	n/a
65.643	0.028	saccade	n/a	316.7	175.7	n/a	389.7	167.5	2.64	202.0
65.673	0.346	fixation	n/a	389.9	166.9	2867.0	n/a	n/a	n/a	n/a
66.021	0.032	saccade	n/a	390.3	167.6	n/a	490.0	159.2	3.61	226.0
66.055	0.2	fixation	n/a	494.0	158.7	2881.0	n/a	n/a	n/a	n/a
66.257	0.056	saccade	n/a	494.1	156.9	n/a	153.4	212.5	12.25	476.0
66.315	0.148	fixation	n/a	148.2	214.6	3009.0	n/a	n/a	n/a	n/a
66.465	0.02	saccade	n/a	146.4	219.9	n/a	126.2	234.9	0.88	82.0
66.487	0.218	fixation	n/a	129.7	236.6	3082.0	n/a	n/a	n/a	n/a
66.707	0.03	saccade	n/a	126.8	235.1	n/a	121.7	168.1	2.4	199.0
66.739	0.69	fixation	n/a	127.8	175.8	3181.0	n/a	n/a	n/a	n/a
67.431	0.028	saccade	n/a	128.8	177.6	n/a	182.1	175.7	1.85	158.0
67.461	0.298	fixation	n/a	180.8	173.1	3186.0	n/a	n/a	n/a	n/a
67.761	0.026	saccade	n/a	179.3	175.3	n/a	133.3	163.3	1.66	145.0
67.776	0.0	trigger_11	11	n/a	n/a	n/a	n/a	n/a	n/a	n/a
67.789	0.478	fixation	n/a	127.9	170.1	3318.0	n/a	n/a	n/a	n/a
67.88	0.0	trigger_10	10	n/a	n/a	n/a	n/a	n/a	n/a	n/a
68.269	0.032	saccade	n/a	118.3	175.7	n/a	186.1	172.5	2.35	194.0
68.303	0.256	fixation	n/a	187.6	175.4	3392.0	n/a	n/a	n/a	n/a
68.561	0.028	saccade	n/a	190.1	173.4	n/a	250.0	167.9	2.11	167.0
68.591	0.192	fixation	n/a	253.7	172.8	3326.0	n/a	n/a	n/a	n/a
68.785	0.03	saccade	n/a	256.7	177.5	n/a	324.9	178.1	2.43	194.0
68.817	0.956	fixation	n/a	328.3	176.9	3224.0	n/a	n/a	n/a	n/a
69.775	0.026	saccade	n/a	321.3	178.7	n/a	371.8	170.8	1.84	138.0
69.803	0.834	fixation	n/a	371.3	168.8	3275.0	n/a	n/a	n/a	n/a
70.639	0.028	saccade	n/a	378.5	169.3	n/a	334.1	169.8	1.59	142.0
70.669	0.106	fixation	n/a	333.9	168.0	3270.0	n/a	n/a	n/a	n/a
70.777	0.024	saccade	n/a	334.1	168.1	n/a	375.8	166.2	1.5	127.0
70.803	0.286	fixation	n/a	372.0	166.4	3360.0	n/a	n/a	n/a	n/a
71.091	0.028	saccade	n/a	370.3	164.5	n/a	423.5	169.4	1.93	162.0
71.121	0.18	fixation	n/a	425.2	171.6	3260.0	n/a	n/a	n/a	n/a
71.303	0.028	saccade	n/a	427.5	175.8	n/a	483.2	170.4	2.02	157.0
71.333	0.162	fixation	n/a	484.5	169.0	3148.0	n/a	n/a	n/a	n/a
71.497	0.028	saccade	n/a	485.6	170.5	n/a	551.7	168.1	2.39	179.0
71.527	0.136	fixation	n/a	552.4	170.4	3117.0	n/a	n/a	n/a	n/a
71.665	0.028	saccade	n/a	553.6	169.6	n/a	604.4	169.3	1.83	158.0
71.695	0.194	fixation	n/a	604.1	171.5	3121.0	n/a	n/a	n/a	n/a
71.891	0.07	saccade	n/a	604.4	170.7	n/a	120.0	219.5	17.12	488.0
71.963	0.172	fixation	n/a	120.1	230.0	3176.0	n/a	n/a	n/a	n/a
72.137	0.032	saccade	n/a	119.1	234.2	n/a	203.4	235.1	2.93	211.0
72.171	0.118	fixation	n/a	205.8	237.5	3187.0	n/a	n/a	n/a	n/a
72.291	0.03	saccade	n/a	209.5	240.1	n/a	271.4	237.6	2.19	197.0
72.323	0.198	fixation	n/a	278.1	241.5	3168.0	n/a	n/a	n/a	n/a
72.523	0.03	saccade	n/a	280.1	243.1	n/a	355.5	245.4	2.71	208.0
72.555	0.174	fixation	n/a	356.1	247.3	3153.0	n/a	n/a	n/a	n/a
72.731	0.032	saccade	n/a	358.0	246.0	n/a	445.3	231.9	3.19	235.0
72.765	0.312	fixation	n/a	448.0	230.5	3110.0	n/a	n/a	n/a	n/a
73.079	0.034	saccade	n/a	449.6	229.1	n/a	560.5	228.0	4.0	248.0
73.115	0.134	fixation	n/a	564.7	228.1	3051.0	n/a	n/a	n/a	n/a
73.251	0.022	saccade	n/a	568.6	225.3	n/a	595.8	234.3	1.03	88.0
73.275	0.406	fixation	n/a	593.3	231.5	3087.0	n/a	n/a	n/a	n/a
73.683	0.06	saccade	n/a	597.0	234.5	n/a	273.4	168.7	11.84	454.0
73.744	0.0	trigger_11	11	n/a	n/a	n/a	n/a	n/a	n/a	n/a
73.745	0.272	fixation	n/a	269.2	174.2	3205.0	n/a	n/a	n/a	n/a
73.848	0.0	trigger_10	10	n/a	n/a	n/a	n/a	n/a	n/a	n/a
74.019	0.032	saccade	n/a	266.8	177.5	n/a	176.1	164.3	3.23	262.0
74.053	0.166	fixation	n/a	174.6	170.0	3338.0	n/a	n/a	n/a	n/a
74.221	0.036	saccade	n/a	171.9	172.9	n/a	140.3	175.8	1.1	142.0
74.259	0.352	fixation	n/a	137.6	172.8	3273.0	n/a	n/a	n/a	n/a
74.613	0.032	saccade	n/a	141.9	174.5	n/a	244.7	171.2	3.6	245.0
74.647	0.18	fixation	n/a	249.2	175.6	3238.0	n/a	n/a	n/a	n/a
74.829	0.03	saccade	n/a	248.5	174.4	n/a	328.9	175.1	2.86	239.0
74.861	0.182	fixation	n/a	331.8	176.0	3305.0	n/a	n/a	n/a	n/a
75.045	0.03	saccade	n/a	335.7	175.4	n/a	417.0	170.1	2.93	236.0
75.077	0.544	fixation	n/a	429.2	164.1	3160.0	n/a	n/a	n/a	n/a
75.623	0.022	saccade	n/a	434.5	158.8	n/a	473.2	160.5	1.4	104.0
75.647	0.256	fixation	n/a	475.7	164.5	3070.0	n/a	n/a	n/a	n/a
75.905	0.026	saccade	n/a	479.4	164.1	n/a	521.3	162.8	1.51	129.0
75.933	0.18	fixation	n/a	520.9	161.4	3060.0	n/a	n/a	n/a	n/a
76.115	0.03	saccade	n/a	522.7	162.9	n/a	608.8	167.6	3.11	206.0
76.147	0.16	fixation	n/a	611.6	166.9	3062.0	n/a	n/a	n/a	n/a
76.309	0.07	saccade	n/a	612.1	165.7	n/a	126.4	224.5	17.2	510.0
76.381	0.198	fixation	n/a	128.7	231.9	3194.0	n/a	n/a	n/a	n/a
76.581	0.028	saccade	n/a	130.1	234.5	n/a	185.2	234.7	1.91	157.0
76.611	0.142	fixation	n/a	188.1	237.0	3172.0	n/a	n/a	n/a	n/a
76.755	0.03	saccade	n/a	188.8	237.9	n/a	261.8	235.4	2.58	213.0
76.787	0.214	fixation	n/a	262.6	234.3	3121.0	n/a	n/a	n/a	n/a
77.003	0.014	saccade	n/a	265.2	236.2	n/a	284.1	238.6	0.68	60.0
77.019	0.316	fixation	n/a	276.0	236.6	3028.0	n/a	n/a	n/a	n/a
77.337	0.032	saccade	n/a	274.8	235.6	n/a	363.8	230.1	3.19	218.0
77.371	0.348	fixation	n/a	370.0	231.0	2988.0	n/a	n/a	n/a	n/a
77.721	0.03	saccade	n/a	370.2	227.9	n/a	444.7	224.9	2.69	206.0
77.753	0.126	fixation	n/a	445.8	225.0	2979.0	n/a	n/a	n/a	n/a
77.881	0.024	saccade	n/a	448.3	224.8	n/a	483.2	225.0	1.26	105.0
77.907	0.124	fixation	n/a	481.9	222.1	2907.0	n/a	n/a	n/a	n/a
78.033	0.026	saccade	n/a	484.2	220.3	n/a	531.9	218.1	1.73	144.0
78.061	0.174	fixation	n/a	532.9	217.1	2838.0	n/a	n/a	n/a	n/a
78.237	0.03	saccade	n/a	533.2	215.9	n/a	604.7	224.3	2.59	181.0
78.269	0.258	fixation	n/a	605.4	223.1	2799.0	n/a	n/a	n/a	n/a
78.529	0.068	saccade	n/a	605.4	221.6	n/a	181.1	264.0	15.12	449.0
78.599	0.102	fixation	n/a	182.2	272.7	2827.0	n/a	n/a	n/a	n/a
78.703	0.028	saccade	n/a	182.8	279.4	n/a	135.3	306.3	1.92	160.0
78.733	0.312	fixation	n/a	135.0	306.9	2774.0	n/a	n/a	n/a	n/a
79.047	0.032	saccade	n/a	134.2	302.4	n/a	168.0	182.9	4.45	197.0
79.05	0.0	trigger_11	11	n/a	n/a	n/a	n/a	n/a	n/a	n/a
79.081	0.24	fixation	n/a	175.2	179.5	2731.0	n/a	n/a	n/a	n/a
79.156	0.0	trigger_10	10	n/a	n/a	n/a	n/a	n/a	n/a	n/a
79.323	0.02	saccade	n/a	176.1	178.8	n/a	144.3	154.8	1.4	102.0
79.345	0.252	fixation	n/a	147.7	159.4	2697.0	n/a	n/a	n/a	n/a
79.599	0.03	saccade	n/a	148.7	162.1	n/a	230.5	163.0	2.86	193.0
79.631	0.212	fixation	n/a	236.0	166.2	2729.0	n/a	n/a	n/a	n/a
79.845	0.026	saccade	n/a	236.4	164.7	n/a	295.6	166.2	2.1	150.0
79.873	0.23	fixation	n/a	295.2	169.6	2766.0	n/a	n/a	n/a	n/a
80.105	0.03	saccade	n/a	297.3	170.8	n/a	351.5	172.2	1.94	158.0
80.137	0.352	fixation	n/a	352.4	169.2	2813.0	n/a	n/a	n/a	n/a
80.491	0.03	saccade	n/a	352.5	167.4	n/a	452.0	163.2	3.58	215.0
80.523	0.492	fixation	n/a	453.3	161.1	2879.0	n/a	n/a	n/a	n/a
81.017	0.022	saccade	n/a	447.6	161.4	n/a	420.0	163.5	1.0	96.0
81.041	0.262	fixation	n/a	421.4	165.7	2949.0	n/a	n/a	n/a	n/a
81.305	0.034	saccade	n/a	419.3	167.0	n/a	299.9	164.3	4.28	302.0
81.341	0.296	fixation	n/a	293.8	168.1	3067.0	n/a	n/a	n/a	n/a
81.639	0.036	saccade	n/a	295.7	171.3	n/a	136.3	156.4	5.61	336.0
81.677	0.762	fixation	n/a	140.1	162.7	3050.0	n/a	n/a	n/a	n/a
82.106	0.0	trigger_11	11	n/a	n/a	n/a	n/a	n/a	n/a	n/a
82.21	0.0	trigger_10	10	n/a	n/a	n/a	n/a	n/a	n/a	n/a
82.441	0.016	saccade	n/a	142.0	168.2	n/a	117.0	164.8	0.87	72.0
82.459	0.132	fixation	n/a	124.8	169.5	3216.0	n/a	n/a	n/a	n/a
82.593	0.03	saccade	n/a	120.9	168.3	n/a	178.1	170.6	1.98	160.0
82.625	0.19	fixation	n/a	180.0	175.6	3336.0	n/a	n/a	n/a	n/a
82.817	0.026	saccade	n/a	184.2	177.5	n/a	228.6	180.3	1.56	132.0
82.845	0.16	fixation	n/a	228.1	181.3	3297.0	n/a	n/a	n/a	n/a
83.007	0.028	saccade	n/a	230.7	181.3	n/a	286.5	178.1	1.98	172.0
83.037	0.3	fixation	n/a	283.9	176.8	3186.0	n/a	n/a	n/a	n/a
83.339	0.028	saccade	n/a	283.1	173.5	n/a	343.8	176.0	2.17	180.0
83.369	0.446	fixation	n/a	340.3	174.6	3205.0	n/a	n/a	n/a	n/a
83.817	0.026	saccade	n/a	338.8	172.0	n/a	397.8	169.4	2.12	156.0
83.845	0.456	fixation	n/a	404.8	167.2	3181.0	n/a	n/a	n/a	n/a
84.303	0.028	saccade	n/a	412.6	168.3	n/a	456.9	166.5	1.6	152.0
84.333	0.216	fixation	n/a	459.9	164.5	3175.0	n/a	n/a	n/a	n/a
84.551	0.016	saccade	n/a	462.0	166.0	n/a	486.2	165.4	0.87	73.0
84.569	0.138	fixation	n/a	480.1	160.6	3184.0	n/a	n/a	n/a	n/a
84.709	0.022	saccade	n/a	483.1	158.4	n/a	517.7	162.1	1.26	110.0
84.733	0.218	fixation	n/a	514.0	161.3	3179.0	n/a	n/a	n/a	n/a
84.953	0.024	saccade	n/a	516.5	165.7	n/a	544.3	168.3	1.01	109.0
84.979	0.198	fixation	n/a	541.2	164.8	3181.0	n/a	n/a	n/a	n/a
85.179	0.058	saccade	n/a	538.0	157.4	n/a	162.7	212.2	13.41	484.0
85.239	0.114	fixation	n/a	163.1	220.7	3276.0	n/a	n/a	n/a	n/a
85.355	0.026	saccade	n/a	163.6	228.6	n/a	133.1	242.9	1.18	132.0
85.383	0.226	fixation	n/a	132.7	239.5	3262.0	n/a	n/a	n/a	n/a
85.611	0.03	saccade	n/a	133.6	237.5	n/a	224.3	236.5	3.17	219.0
85.643	0.196	fixation	n/a	230.1	236.9	3220.0	n/a	n/a	n/a	n/a
85.841	0.024	saccade	n/a	230.7	240.2	n/a	197.3	241.3	1.18	112.0
85.867	0.206	fixation	n/a	195.0	241.8	3160.0	n/a	n/a	n/a	n/a
86.075	0.034	saccade	n/a	194.8	242.2	n/a	293.6	236.8	3.5	244.0
86.111	0.244	fixation	n/a	301.8	236.4	3087.0	n/a	n/a	n/a	n/a
86.357	0.036	saccade	n/a	304.3	238.8	n/a	169.7	160.3	5.52	315.0
86.395	0.19	fixation	n/a	156.8	161.1	3013.0	n/a	n/a	n/a	n/a
86.587	0.026	saccade	n/a	154.8	160.6	n/a	120.6	159.8	1.18	115.0
86.615	0.568	fixation	n/a	124.2	158.3	2893.0	n/a	n/a	n/a	n/a
86.862	0.0	trigger_11	11	n/a	n/a	n/a	n/a	n/a	n/a	n/a
86.964	0.0	trigger_10	10	n/a	n/a	n/a	n/a	n/a	n/a	n/a
87.185	0.018	saccade	n/a	124.6	156.2	n/a	152.2	159.4	0.96	74.0
87.205	0.122	fixation	n/a	150.8	159.7	2840.0	n/a	n/a	n/a	n/a
87.329	0.028	saccade	n/a	153.8	160.7	n/a	224.2	160.8	2.46	194.0
87.359	0.192	fixation	n/a	226.6	161.4	2900.0	n/a	n/a	n/a	n/a
87.553	0.028	saccade	n/a	226.0	162.4	n/a	295.9	167.6	2.49	177.0
87.583	0.17	fixation	n/a	296.9	164.4	2893.0	n/a	n/a	n/a	n/a
87.755	0.026	saccade	n/a	299.4	164.2	n/a	350.8	163.5	1.84	141.0
87.783	0.216	fixation	n/a	351.9	166.0	2871.0	n/a	n/a	n/a	n/a
88.001	0.024	saccade	n/a	353.9	166.7	n/a	396.3	163.1	1.53	111.0
88.027	0.248	fixation	n/a	396.3	163.1	2802.0	n/a	n/a	n/a	n/a
88.277	0.03	saccade	n/a	397.7	164.6	n/a	473.5	167.3	2.74	187.0
88.309	0.352	fixation	n/a	478.8	162.8	2816.0	n/a	n/a	n/a	n/a
88.663	0.052	saccade	n/a	486.1	161.5	n/a	166.0	204.1	11.46	451.0
88.717	0.12	fixation	n/a	161.8	213.6	2946.0	n/a	n/a	n/a	n/a
88.839	0.026	saccade	n/a	160.7	216.8	n/a	131.1	233.8	1.19	126.0
88.867	0.184	fixation	n/a	132.5	236.2	2950.0	n/a	n/a	n/a	n/a
89.053	0.016	saccade	n/a	136.7	239.1	n/a	159.8	242.6	0.81	68.0
89.071	0.218	fixation	n/a	155.2	238.5	2985.0	n/a	n/a	n/a	n/a
89.291	0.018	saccade	n/a	156.6	236.8	n/a	188.2	239.0	1.1	84.0
89.311	0.124	fixation	n/a	183.1	237.8	2974.0	n/a	n/a	n/a	n/a
89.437	0.032	saccade	n/a	183.6	238.0	n/a	305.8	230.9	4.33	273.0
89.471	0.574	fixation	n/a	307.2	224.8	2998.0	n/a	n/a	n/a	n/a
90.047	0.034	saccade	n/a	301.5	224.5	n/a	221.8	171.9	3.41	225.0
90.083	0.23	fixation	n/a	224.9	179.8	3005.0	n/a	n/a	n/a	n/a
90.315	0.02	saccade	n/a	220.2	178.6	n/a	211.0	161.3	0.7	72.0
90.337	0.306	fixation	n/a	212.0	167.3	3017.0	n/a	n/a	n/a	n/a
90.362	0.0	trigger_11	11	n/a	n/a	n/a	n/a	n/a	n/a	n/a
90.466	0.0	trigger_10	10	n/a	n/a	n/a	n/a	n/a	n/a	n/a
90.645	0.03	saccade	n/a	211.7	167.6	n/a	144.0	161.2	2.37	175.0
90.677	0.256	fixation	n/a	144.6	165.2	3033.0	n/a	n/a	n/a	n/a
90.935	0.032	saccade	n/a	147.1	167.4	n/a	238.3	166.3	3.18	233.0
90.969	0.21	fixation	n/a	244.2	169.7	3103.0	n/a	n/a	n/a	n/a
91.181	0.028	saccade	n/a	244.8	171.7	n/a	288.6	171.5	1.55	139.0
91.211	0.078	fixation	n/a	287.0	172.0	3100.0	n/a	n/a	n/a	n/a
91.291	0.032	saccade	n/a	288.0	171.5	n/a	367.2	169.1	2.83	231.0
91.325	0.288	fixation	n/a	370.5	167.4	3081.0	n/a	n/a	n/a	n/a
91.615	0.016	saccade	n/a	372.0	172.1	n/a	350.2	169.8	0.79	64.0
91.633	0.186	fixation	n/a	356.5	167.3	3040.0	n/a	n/a	n/a	n/a
91.821	0.024	saccade	n/a	359.9	170.1	n/a	389.2	170.5	1.05	101.0
91.847	0.304	fixation	n/a	385.8	167.2	3035.0	n/a	n/a	n/a	n/a
92.153	0.028	saccade	n/a	387.1	170.0	n/a	454.7	164.5	2.44	170.0
92.183	0.256	fixation	n/a	453.2	161.0	3051.0	n/a	n/a	n/a	n/a
92.441	0.03	saccade	n/a	456.3	169.0	n/a	518.9	159.4	2.28	186.0
92.473	0.236	fixation	n/a	522.2	158.5	3103.0	n/a	n/a	n/a	n/a
92.711	0.014	saccade	n/a	525.1	162.1	n/a	541.7	165.4	0.61	57.0
92.727	0.16	fixation	n/a	535.8	160.4	3050.0	n/a	n/a	n/a	n/a
92.889	0.062	saccade	n/a	534.6	159.6	n/a	148.1	227.1	13.9	478.0
92.953	0.152	fixation	n/a	142.4	236.1	3057.0	n/a	n/a	n/a	n/a
93.107	0.016	saccade	n/a	138.2	241.9	n/a	116.3	239.1	0.76	66.0
93.125	0.208	fixation	n/a	126.6	242.3	3036.0	n/a	n/a	n/a	n/a
93.335	0.03	saccade	n/a	129.9	241.9	n/a	224.3	234.7	3.3	214.0
93.367	0.194	fixation	n/a	237.1	236.6	2963.0	n/a	n/a	n/a	n/a
93.563	0.022	saccade	n/a	243.9	237.1	n/a	277.2	233.0	1.19	103.0
93.587	0.27	fixation	n/a	277.2	235.3	2875.0	n/a	n/a	n/a	n/a
93.859	0.03	saccade	n/a	277.0	233.7	n/a	343.6	230.2	2.38	179.0
93.891	0.222	fixation	n/a	346.8	231.7	2856.0	n/a	n/a	n/a	n/a
94.115	0.026	saccade	n/a	349.7	233.3	n/a	404.7	229.5	1.99	156.0
94.143	0.136	fixation	n/a	407.7	226.1	2855.0	n/a	n/a	n/a	n/a
94.281	0.024	saccade	n/a	409.7	226.1	n/a	446.8	222.0	1.35	113.0
94.307	0.162	fixation	n/a	445.7	221.9	2884.0	n/a	n/a	n/a	n/a
94.471	0.03	saccade	n/a	446.9	223.8	n/a	527.2	214.1	2.92	184.0
94.503	0.168	fixation	n/a	528.9	212.8	2853.0	n/a	n/a	n/a	n/a
94.673	0.026	saccade	n/a	530.0	217.8	n/a	566.3	220.8	1.32	115.0
94.701	0.132	fixation	n/a	565.1	218.6	2866.0	n/a	n/a	n/a	n/a
94.835	0.03	saccade	n/a	566.2	222.4	n/a	616.8	219.6	1.83	159.0
94.867	0.386	fixation	n/a	617.8	221.6	2822.0	n/a	n/a	n/a	n/a
95.255	0.054	saccade	n/a	619.8	228.3	n/a	335.8	189.9	10.29	418.0
95.308	0.0	trigger_11	11	n/a	n/a	n/a	n/a	n/a	n/a	n/a
95.311	0.27	fixation	n/a	331.2	190.9	2861.0	n/a	n/a	n/a	n/a
95.41	0.0	trigger_10	10	n/a	n/a	n/a	n/a	n/a	n/a	n/a
95.583	0.034	saccade	n/a	327.7	193.7	n/a	203.5	167.7	4.5	320.0
95.619	0.134	fixation	n/a	198.4	174.3	3038.0	n/a	n/a	n/a	n/a
95.755	0.026	saccade	n/a	195.1	174.2	n/a	159.1	170.0	1.26	124.0
95.783	0.37	fixation	n/a	162.3	169.8	3046.0	n/a	n/a	n/a	n/a
96.155	0.026	saccade	n/a	165.5	168.6	n/a	124.3	164.9	1.43	128.0
96.183	0.268	fixation	n/a	127.9	167.2	3046.0	n/a	n/a	n/a	n/a
96.453	0.026	saccade	n/a	130.3	167.3	n/a	185.6	168.4	1.91	156.0
96.481	0.156	fixation	n/a	183.2	168.8	3194.0	n/a	n/a	n/a	n/a
96.639	0.032	saccade	n/a	185.8	169.0	n/a	273.3	169.8	3.08	237.0
96.673	0.182	fixation	n/a	277.1	169.0	3227.0	n/a	n/a	n/a	n/a
96.857	0.024	saccade	n/a	277.8	165.1	n/a	312.5	169.8	1.25	108.0
96.883	0.124	fixation	n/a	309.6	169.3	3141.0	n/a	n/a	n/a	n/a
97.009	0.03	saccade	n/a	313.1	173.3	n/a	382.3	166.6	2.49	195.0
97.041	0.296	fixation	n/a	388.1	166.2	3020.0	n/a	n/a	n/a	n/a
97.339	0.03	saccade	n/a	389.3	168.3	n/a	459.6	160.4	2.55	194.0
97.371	0.218	fixation	n/a	464.3	162.9	2989.0	n/a	n/a	n/a	n/a
97.591	0.016	saccade	n/a	468.5	164.0	n/a	491.5	162.8	0.83	72.0
97.609	0.22	fixation	n/a	487.4	163.7	3038.0	n/a	n/a	n/a	n/a
97.831	0.028	saccade	n/a	489.0	164.9	n/a	549.8	166.0	2.2	156.0
97.861	0.438	fixation	n/a	545.5	164.2	3067.0	n/a	n/a	n/a	n/a
98.301	0.028	saccade	n/a	546.1	170.4	n/a	602.4	174.6	2.03	157.0
98.331	0.15	fixation	n/a	600.5	169.4	3004.0	n/a	n/a	n/a	n/a
98.483	0.062	saccade	n/a	599.1	163.9	n/a	159.4	219.6	15.67	473.0
98.547	0.168	fixation	n/a	161.1	231.7	2984.0	n/a	n/a	n/a	n/a
98.717	0.022	saccade	n/a	160.6	233.6	n/a	136.2	239.2	0.87	96.0
98.741	0.15	fixation	n/a	137.9	237.4	2918.0	n/a	n/a	n/a	n/a
98.893	0.024	saccade	n/a	135.2	237.1	n/a	108.8	238.4	0.91	96.0
98.919	0.1	fixation	n/a	112.6	239.3	2868.0	n/a	n/a	n/a	n/a
99.021	0.032	saccade	n/a	114.5	239.8	n/a	198.8	234.7	2.93	227.0
99.055	0.21	fixation	n/a	205.9	233.2	2871.0	n/a	n/a	n/a	n/a
99.267	0.03	saccade	n/a	207.2	231.5	n/a	265.1	235.1	2.05	187.0
99.299	0.39	fixation	n/a	269.6	233.1	2845.0	n/a	n/a	n/a	n/a
99.691	0.018	saccade	n/a	271.8	235.5	n/a	297.1	235.2	0.9	79.0
99.711	0.69	fixation	n/a	306.9	232.9	2778.0	n/a	n/a	n/a	n/a
100.132	0.0	trigger_11	11	n/a	n/a	n/a	n/a	n/a	n/a	n/a
100.236	0.0	trigger_10	10	n/a	n/a	n/a	n/a	n/a	n/a	n/a
100.403	0.034	saccade	n/a	311.2	236.1	n/a	188.9	178.8	4.8	286.0
100.439	0.072	fixation	n/a	188.1	182.6	2847.0	n/a	n/a	n/a	n/a
100.513	0.026	saccade	n/a	186.5	184.7	n/a	155.1	159.1	1.43	139.0
100.541	0.108	fixation	n/a	158.6	167.3	2887.0	n/a	n/a	n/a	n/a
100.651	0.024	saccade	n/a	153.7	167.9	n/a	127.5	165.2	0.91	94.0
100.677	0.41	fixation	n/a	131.8	163.7	2894.0	n/a	n/a	n/a	n/a
101.089	0.212	saccade	n/a	153.3	170.4	n/a	226.2	229.0	3.31	736.0
101.123	0.09	blink	n/a	n/a	n/a	n/a	n/a	n/a	n/a	n/a
101.303	0.142	fixation	n/a	214.3	189.2	2923.0	n/a	n/a	n/a	n/a
101.447	0.028	saccade	n/a	217.2	183.7	n/a	274.4	181.8	2.02	165.0
101.477	0.306	fixation	n/a	277.9	175.2	2903.0	n/a	n/a	n/a	n/a
101.785	0.02	saccade	n/a	276.8	166.8	n/a	254.6	162.5	0.8	78.0
101.807	0.116	fixation	n/a	257.0	164.2	2816.0	n/a	n/a	n/a	n/a
101.925	0.028	saccade	n/a	255.7	167.5	n/a	209.5	160.2	1.65	158.0
101.955	0.228	fixation	n/a	208.2	162.8	2795.0	n/a	n/a	n/a	n/a
102.185	0.032	saccade	n/a	209.5	166.0	n/a	328.4	171.1	4.22	257.0
102.219	0.232	fixation	n/a	338.4	165.9	2787.0	n/a	n/a	n/a	n/a
102.453	0.032	saccade	n/a	337.9	163.6	n/a	425.1	171.5	3.15	230.0
102.487	0.17	fixation	n/a	426.2	172.1	2800.0	n/a	n/a	n/a	n/a
102.659	0.024	saccade	n/a	429.8	175.4	n/a	471.4	169.8	1.52	126.0
102.685	0.17	fixation	n/a	469.5	168.2	2828.0	n/a	n/a	n/a	n/a
102.857	0.03	saccade	n/a	470.7	171.3	n/a	540.4	160.5	2.55	188.0
102.889	0.174	fixation	n/a	542.5	160.0	2830.0	n/a	n/a	n/a	n/a
103.065	0.06	saccade	n/a	540.9	158.6	n/a	124.6	202.7	14.77	458.0
103.127	0.28	fixation	n/a	131.6	234.0	2976.0	n/a	n/a	n/a	n/a
103.409	0.034	saccade	n/a	135.2	248.9	n/a	242.4	241.5	3.76	247.0
103.445	0.184	fixation	n/a	244.8	240.6	3120.0	n/a	n/a	n/a	n/a
103.631	0.016	saccade	n/a	247.0	240.9	n/a	271.2	242.5	0.86	68.0
103.649	0.262	fixation	n/a	267.6	239.6	3144.0	n/a	n/a	n/a	n/a
103.913	0.032	saccade	n/a	269.0	246.6	n/a	364.0	245.4	3.4	229.0
103.947	0.206	fixation	n/a	368.4	242.4	3111.0	n/a	n/a	n/a	n/a
104.155	0.032	saccade	n/a	369.3	242.0	n/a	450.6	246.3	2.94	214.0
104.189	0.172	fixation	n/a	452.3	245.2	3079.0	n/a	n/a	n/a	n/a
104.363	0.024	saccade	n/a	451.5	245.3	n/a	484.7	247.5	1.2	105.0
104.389	0.202	fixation	n/a	478.7	241.4	3056.0	n/a	n/a	n/a	n/a
104.593	0.032	saccade	n/a	478.9	243.8	n/a	572.0	235.0	3.38	223.0
104.627	0.228	fixation	n/a	573.7	234.4	2952.0	n/a	n/a	n/a	n/a
104.857	0.03	saccade	n/a	574.8	232.7	n/a	637.1	240.3	2.25	183.0
104.889	0.22	fixation	n/a	637.3	237.3	2886.0	n/a	n/a	n/a	n/a
105.111	0.068	saccade	n/a	637.7	236.6	n/a	138.6	285.4	17.63	496.0
105.181	0.12	fixation	n/a	137.6	288.0	2956.0	n/a	n/a	n/a	n/a
105.303	0.016	saccade	n/a	137.3	293.7	n/a	113.8	302.5	0.87	73.0
105.321	0.22	fixation	n/a	119.7	302.4	2942.0	n/a	n/a	n/a	n/a
105.543	0.028	saccade	n/a	120.0	300.8	n/a	156.6	212.6	3.41	180.0
105.573	0.18	fixation	n/a	163.0	208.9	3005.0	n/a	n/a	n/a	n/a
105.755	0.022	saccade	n/a	161.3	204.0	n/a	137.3	186.3	1.04	93.0
105.779	0.572	fixation	n/a	144.3	186.1	3084.0	n/a	n/a	n/a	n/a
106.052	0.0	trigger_11	11	n/a	n/a	n/a	n/a	n/a	n/a	n/a
106.156	0.0	trigger_10	10	n/a	n/a	n/a	n/a	n/a	n/a	n/a
106.353	0.016	saccade	n/a	148.5	180.3	n/a	169.3	175.2	0.74	53.0
106.371	0.172	fixation	n/a	165.8	176.1	3125.0	n/a	n/a	n/a	n/a
106.545	0.028	saccade	n/a	168.5	179.0	n/a	227.9	175.7	2.08	162.0
106.575	0.146	fixation	n/a	225.4	176.0	3202.0	n/a	n/a	n/a	n/a
106.723	0.026	saccade	n/a	228.2	177.2	n/a	265.0	179.2	1.3	110.0
106.751	0.168	fixation	n/a	261.4	173.1	3167.0	n/a	n/a	n/a	n/a
106.921	0.034	saccade	n/a	263.4	174.0	n/a	378.7	173.0	4.12	290.0
106.957	0.274	fixation	n/a	387.5	173.5	3057.0	n/a	n/a	n/a	n/a
107.233	0.03	saccade	n/a	390.0	170.6	n/a	464.1	167.6	2.67	187.0
107.265	0.202	fixation	n/a	466.9	169.7	3072.0	n/a	n/a	n/a	n/a
107.469	0.116	saccade	n/a	471.9	172.1	n/a	510.8	177.6	1.42	317.0
107.587	0.48	fixation	n/a	509.9	167.8	3014.0	n/a	n/a	n/a	n/a
108.069	0.03	saccade	n/a	509.4	169.1	n/a	451.5	169.2	2.09	186.0
108.101	0.126	fixation	n/a	451.1	171.1	2872.0	n/a	n/a	n/a	n/a
108.229	0.024	saccade	n/a	452.0	170.6	n/a	482.7	170.8	1.11	108.0
108.255	0.374	fixation	n/a	480.4	170.9	2853.0	n/a	n/a	n/a	n/a
108.631	0.03	saccade	n/a	479.5	173.1	n/a	397.8	168.9	2.95	215.0
108.66	0.0	trigger_11	11	n/a	n/a	n/a	n/a	n/a	n/a	n/a
108.663	0.27	fixation	n/a	397.4	173.5	2826.0	n/a	n/a	n/a	n/a
108.766	0.0	trigger_10	10	n/a	n/a	n/a	n/a	n/a	n/a	n/a
108.935	0.048	saccade	n/a	398.7	177.6	n/a	159.9	181.5	8.45	390.0
108.985	0.124	fixation	n/a	154.3	186.4	2966.0	n/a	n/a	n/a	n/a
109.111	0.02	saccade	n/a	151.4	190.6	n/a	132.3	181.3	0.74	71.0
109.133	0.186	fixation	n/a	135.2	185.9	3116.0	n/a	n/a	n/a	n/a
109.321	0.03	saccade	n/a	136.0	188.2	n/a	209.0	185.3	2.55	173.0
109.353	0.264	fixation	n/a	210.6	180.4	3129.0	n/a	n/a	n/a	n/a
109.619	0.03	saccade	n/a	209.7	170.1	n/a	290.9	167.7	2.87	218.0
109.651	0.202	fixation	n/a	292.5	167.5	3147.0	n/a	n/a	n/a	n/a
109.855	0.044	saccade	n/a	291.2	166.8	n/a	207.8	175.9	2.97	253.0
109.901	0.184	fixation	n/a	203.6	183.9	3143.0	n/a	n/a	n/a	n/a
110.087	0.016	saccade	n/a	207.3	185.6	n/a	229.1	185.8	0.77	62.0
110.105	0.17	fixation	n/a	221.3	182.8	3105.0	n/a	n/a	n/a	n/a
110.277	0.028	saccade	n/a	219.4	182.3	n/a	174.3	173.9	1.61	162.0
110.307	0.206	fixation	n/a	175.2	176.8	3130.0	n/a	n/a	n/a	n/a
110.515	0.032	saccade	n/a	176.1	179.9	n/a	327.0	181.3	5.33	309.0
110.549	0.354	fixation	n/a	347.7	171.1	3161.0	n/a	n/a	n/a	n/a
110.905	0.028	saccade	n/a	350.5	172.6	n/a	401.2	174.9	1.82	155.0
110.935	0.33	fixation	n/a	404.7	171.8	3051.0	n/a	n/a	n/a	n/a
111.267	0.03	saccade	n/a	405.9	169.2	n/a	476.6	169.9	2.55	182.0
111.299	0.138	fixation	n/a	476.6	171.6	3007.0	n/a	n/a	n/a	n/a
111.439	0.028	saccade	n/a	477.0	171.5	n/a	525.2	164.3	1.76	167.0
111.469	0.192	fixation	n/a	527.2	163.6	2970.0	n/a	n/a	n/a	n/a
111.663	0.05	saccade	n/a	526.7	158.2	n/a	159.9	204.9	13.07	500.0
111.715	0.134	fixation	n/a	155.2	218.3	3038.0	n/a	n/a	n/a	n/a
111.851	0.024	saccade	n/a	153.9	229.8	n/a	127.8	242.0	1.0	112.0
111.877	0.302	fixation	n/a	129.2	247.8	2984.0	n/a	n/a	n/a	n/a
112.181	0.032	saccade	n/a	130.5	251.2	n/a	249.3	239.4	4.18	269.0
112.215	0.194	fixation	n/a	250.3	233.4	2973.0	n/a	n/a	n/a	n/a
112.411	0.018	saccade	n/a	254.4	238.5	n/a	281.6	241.0	0.97	70.0
112.431	0.434	fixation	n/a	280.4	241.6	2962.0	n/a	n/a	n/a	n/a
112.867	0.024	saccade	n/a	283.8	243.1	n/a	324.0	242.3	1.44	121.0
112.893	0.11	fixation	n/a	326.5	244.5	2963.0	n/a	n/a	n/a	n/a
113.005	0.024	saccade	n/a	330.6	247.4	n/a	369.5	243.7	1.4	134.0
113.031	0.202	fixation	n/a	365.5	243.2	2985.0	n/a	n/a	n/a	n/a
113.235	0.03	saccade	n/a	367.7	244.3	n/a	443.1	238.9	2.73	191.0
113.267	0.212	fixation	n/a	443.4	236.4	2970.0	n/a	n/a	n/a	n/a
113.481	0.026	saccade	n/a	447.1	235.8	n/a	493.7	237.4	1.68	136.0
113.509	0.124	fixation	n/a	493.8	236.9	2937.0	n/a	n/a	n/a	n/a
113.635	0.024	saccade	n/a	495.8	236.8	n/a	537.0	237.4	1.49	115.0
113.661	0.182	fixation	n/a	534.6	234.6	2914.0	n/a	n/a	n/a	n/a
113.845	0.032	saccade	n/a	536.2	235.5	n/a	635.9	246.1	3.61	206.0
113.879	0.338	fixation	n/a	634.9	238.8	2922.0	n/a	n/a	n/a	n/a
114.219	0.062	saccade	n/a	633.0	238.1	n/a	170.8	276.8	16.39	508.0
114.283	0.144	fixation	n/a	166.5	284.0	2932.0	n/a	n/a	n/a	n/a
114.429	0.022	saccade	n/a	163.2	290.0	n/a	133.0	300.7	1.12	100.0
114.453	0.208	fixation	n/a	133.5	295.9	2863.0	n/a	n/a	n/a	n/a
114.663	0.032	saccade	n/a	132.6	295.0	n/a	207.5	292.6	2.61	210.0
114.697	0.22	fixation	n/a	214.0	292.6	2801.0	n/a	n/a	n/a	n/a
114.919	0.034	saccade	n/a	213.8	290.4	n/a	355.6	290.7	5.05	288.0
114.955	0.25	fixation	n/a	367.5	286.9	2706.0	n/a	n/a	n/a	n/a
115.207	0.032	saccade	n/a	369.5	289.8	n/a	455.8	284.0	3.12	217.0
115.241	0.162	fixation	n/a	457.5	281.7	2701.0	n/a	n/a	n/a	n/a
115.405	0.034	saccade	n/a	459.4	285.1	n/a	570.5	280.4	4.02	241.0
115.441	0.196	fixation	n/a	575.1	279.4	2690.0	n/a	n/a	n/a	n/a
115.639	0.024	saccade	n/a	578.7	279.7	n/a	618.4	278.5	1.43	117.0
115.665	0.146	fixation	n/a	615.6	279.5	2704.0	n/a	n/a	n/a	n/a
115.813	0.028	saccade	n/a	615.9	281.7	n/a	657.7	277.7	1.5	144.0
115.843	0.146	fixation	n/a	659.1	275.2	2738.0	n/a	n/a	n/a	n/a
115.991	0.072	saccade	n/a	659.7	279.9	n/a	122.4	345.4	19.0	501.0
116.065	0.248	fixation	n/a	128.3	354.1	2899.0	n/a	n/a	n/a	n/a
116.315	0.03	saccade	n/a	130.2	356.9	n/a	227.3	347.8	3.4	222.0
116.347	0.508	fixation	n/a	239.0	347.8	2883.0	n/a	n/a	n/a	n/a
116.857	0.024	saccade	n/a	245.5	349.5	n/a	294.9	345.6	1.76	131.0
116.883	0.128	fixation	n/a	294.2	341.4	2744.0	n/a	n/a	n/a	n/a
117.013	0.03	saccade	n/a	295.4	339.5	n/a	369.4	347.9	2.67	194.0
117.045	0.23	fixation	n/a	372.7	346.7	2686.0	n/a	n/a	n/a	n/a
117.277	0.032	saccade	n/a	372.4	344.8	n/a	458.7	344.0	3.11	213.0
117.311	0.15	fixation	n/a	461.8	341.8	2622.0	n/a	n/a	n/a	n/a
117.463	0.216	saccade	n/a	474.6	335.1	n/a	483.1	400.3	2.4	603.0
117.497	0.118	blink	n/a	n/a	n/a	n/a	n/a	n/a	n/a	n/a
117.681	0.204	fixation	n/a	461.8	349.2	2445.0	n/a	n/a	n/a	n/a
117.836	0.0	trigger_11	11	n/a	n/a	n/a	n/a	n/a	n/a	n/a
117.887	0.032	saccade	n/a	456.3	341.2	n/a	370.6	264.9	4.17	219.0
117.921	0.196	fixation	n/a	366.3	252.2	2551.0	n/a	n/a	n/a	n/a
117.94	0.0	trigger_10	10	n/a	n/a	n/a	n/a	n/a	n/a	n/a
118.119	0.034	saccade	n/a	363.7	250.4	n/a	197.7	170.6	6.56	347.0
118.155	0.08	fixation	n/a	184.2	169.2	2533.0	n/a	n/a	n/a	n/a
118.237	0.03	saccade	n/a	183.4	170.8	n/a	131.6	143.2	2.05	184.0
118.269	0.232	fixation	n/a	133.8	151.1	2515.0	n/a	n/a	n/a	n/a
118.503	0.03	saccade	n/a	133.3	149.4	n/a	202.7	157.6	2.42	178.0
118.535	0.228	fixation	n/a	209.9	162.3	2532.0	n/a	n/a	n/a	n/a
118.765	0.032	saccade	n/a	212.5	164.3	n/a	309.0	168.6	3.42	247.0
118.799	0.216	fixation	n/a	317.4	164.2	2548.0	n/a	n/a	n/a	n/a
119.017	0.024	saccade	n/a	320.0	164.3	n/a	368.8	164.7	1.75	124.0
119.043	0.144	fixation	n/a	369.7	167.5	2501.0	n/a	n/a	n/a	n/a
119.189	0.018	saccade	n/a	372.1	165.7	n/a	403.1	166.3	1.12	86.0
119.209	0.148	fixation	n/a	397.8	165.1	2463.0	n/a	n/a	n/a	n/a
119.359	0.02	saccade	n/a	402.6	166.5	n/a	436.4	161.2	1.23	95.0
119.381	0.202	fixation	n/a	434.0	165.4	2435.0	n/a	n/a	n/a	n/a
119.585	0.024	saccade	n/a	435.0	165.4	n/a	478.0	166.3	1.55	119.0
119.611	0.142	fixation	n/a	477.0	165.8	2424.0	n/a	n/a	n/a	n/a
119.755	0.028	saccade	n/a	475.9	163.7	n/a	533.6	162.9	2.08	163.0
119.785	0.12	fixation	n/a	533.7	163.5	2455.0	n/a	n/a	n/a	n/a
119.907	0.062	saccade	n/a	534.3	165.9	n/a	140.2	215.1	14.04	463.0
119.971	0.272	fixation	n/a	146.3	226.8	2719.0	n/a	n/a	n/a	n/a
120.245	0.03	saccade	n/a	149.5	234.9	n/a	228.2	244.6	2.78	203.0
120.277	0.298	fixation	n/a	232.5	244.6	2869.0	n/a	n/a	n/a	n/a
120.577	0.03	saccade	n/a	232.6	244.5	n/a	308.4	246.8	2.69	206.0
120.609	0.232	fixation	n/a	311.4	244.2	2940.0	n/a	n/a	n/a	n/a
120.843	0.028	saccade	n/a	312.8	245.3	n/a	365.1	247.3	1.88	155.0
120.873	0.158	fixation	n/a	366.9	245.6	2965.0	n/a	n/a	n/a	n/a
121.033	0.032	saccade	n/a	369.9	244.6	n/a	451.3	237.0	2.95	229.0
121.067	0.372	fixation	n/a	455.2	233.9	2912.0	n/a	n/a	n/a	n/a
121.441	0.03	saccade	n/a	455.6	230.8	n/a	551.1	226.6	3.45	220.0
121.473	0.32	fixation	n/a	553.5	226.2	2923.0	n/a	n/a	n/a	n/a
121.795	0.032	saccade	n/a	554.1	232.7	n/a	626.4	233.2	2.6	201.0
121.829	0.172	fixation	n/a	628.8	232.7	2973.0	n/a	n/a	n/a	n/a
122.003	0.07	saccade	n/a	630.0	231.4	n/a	116.7	300.0	18.18	513.0
122.075	0.17	fixation	n/a	127.6	311.3	2931.0	n/a	n/a	n/a	n/a
122.247	0.022	saccade	n/a	129.8	314.4	n/a	169.9	300.9	1.47	115.0
122.271	0.124	fixation	n/a	171.0	303.0	2859.0	n/a	n/a	n/a	n/a
122.397	0.028	saccade	n/a	172.9	306.5	n/a	228.0	301.5	1.94	169.0
122.427	0.164	fixation	n/a	229.3	301.1	2814.0	n/a	n/a	n/a	n/a
122.593	0.032	saccade	n/a	231.1	304.2	n/a	310.9	302.4	2.84	236.0
122.627	0.254	fixation	n/a	315.4	301.0	2832.0	n/a	n/a	n/a	n/a
122.883	0.024	saccade	n/a	315.9	301.7	n/a	349.5	302.1	1.21	106.0
122.909	0.28	fixation	n/a	347.7	298.8	2877.0	n/a	n/a	n/a	n/a
123.191	0.016	saccade	n/a	348.0	301.7	n/a	370.5	303.0	0.81	65.0
123.209	0.168	fixation	n/a	363.6	301.4	2921.0	n/a	n/a	n/a	n/a
123.379	0.042	saccade	n/a	365.1	304.2	n/a	434.8	292.1	2.55	219.0
123.423	0.402	fixation	n/a	442.3	297.7	2964.0	n/a	n/a	n/a	n/a
123.59	0.0	trigger_11	11	n/a	n/a	n/a	n/a	n/a	n/a	n/a
123.692	0.0	trigger_12	12	n/a	n/a	n/a	n/a	n/a	n/a	n/a
123.827	0.048	saccade	n/a	441.3	295.3	n/a	237.0	160.5	8.78	432.0
123.877	0.174	fixation	n/a	231.9	158.0	2953.0	n/a	n/a	n/a	n/a
124.053	0.04	saccade	n/a	229.7	160.5	n/a	161.0	162.0	2.4	219.0
124.095	0.304	fixation	n/a	153.6	163.6	2917.0	n/a	n/a	n/a	n/a
124.401	0.03	saccade	n/a	155.1	163.3	n/a	227.0	164.6	2.51	197.0
124.433	0.148	fixation	n/a	229.0	163.9	2898.0	n/a	n/a	n/a	n/a
124.583	0.03	saccade	n/a	231.8	164.4	n/a	290.6	161.8	2.08	187.0
124.615	0.236	fixation	n/a	296.1	167.2	2953.0	n/a	n/a	n/a	n/a
124.853	0.03	saccade	n/a	296.7	169.7	n/a	368.5	171.1	2.56	202.0
124.885	0.22	fixation	n/a	372.1	173.6	3002.0	n/a	n/a	n/a	n/a
125.107	0.022	saccade	n/a	374.6	172.1	n/a	404.5	175.9	1.08	91.0
125.131	0.484	fixation	n/a	408.1	177.9	3023.0	n/a	n/a	n/a	n/a
125.617	0.024	saccade	n/a	411.5	176.6	n/a	448.6	169.9	1.36	120.0
125.643	0.63	fixation	n/a	450.6	173.4	3103.0	n/a	n/a	n/a	n/a
126.246	0.0	trigger_13	13	n/a	n/a	n/a	n/a	n/a	n/a	n/a
126.275	0.038	saccade	n/a	449.6	174.3	n/a	409.8	174.8	1.43	167.0
126.315	0.156	fixation	n/a	401.3	174.5	3271.0	n/a	n/a	n/a	n/a
126.473	0.06	saccade	n/a	400.3	178.6	n/a	135.7	247.4	9.66	482.0
126.535	0.182	fixation	n/a	136.1	257.8	3329.0	n/a	n/a	n/a	n/a
126.719	0.028	saccade	n/a	141.5	261.4	n/a	151.0	316.6	2.01	181.0
126.749	0.128	fixation	n/a	153.7	316.5	3330.0	n/a	n/a	n/a	n/a
126.879	0.036	saccade	n/a	152.9	317.9	n/a	147.8	337.8	0.73	129.0
126.917	0.254	fixation	n/a	149.5	352.5	3420.0	n/a	n/a	n/a	n/a
127.173	0.024	saccade	n/a	145.6	360.1	n/a	130.9	365.4	0.54	88.0
127.199	0.194	fixation	n/a	126.7	364.5	3508.0	n/a	n/a	n/a	n/a
127.395	0.026	saccade	n/a	124.0	365.5	n/a	113.4	367.7	0.37	97.0
127.423	0.152	fixation	n/a	108.6	364.3	3457.0	n/a	n/a	n/a	n/a
127.577	0.04	saccade	n/a	108.9	362.4	n/a	156.7	183.6	6.58	340.0
127.619	0.2	fixation	n/a	165.7	187.6	3355.0	n/a	n/a	n/a	n/a
127.821	0.032	saccade	n/a	167.4	187.9	n/a	247.4	171.5	2.86	213.0
127.855	0.146	fixation	n/a	252.6	176.5	3332.0	n/a	n/a	n/a	n/a
128.003	0.052	saccade	n/a	252.9	175.7	n/a	136.4	325.9	6.75	456.0
128.057	0.38	fixation	n/a	135.4	355.1	3335.0	n/a	n/a	n/a	n/a
128.246	0.0	trigger_15	15	n/a	n/a	n/a	n/a	n/a	n/a	n/a
128.298	0.0	trigger_10	10	n/a	n/a	n/a	n/a	n/a	n/a	n/a
128.439	0.04	saccade	n/a	132.2	357.2	n/a	223.4	185.0	6.95	387.0
128.481	0.136	fixation	n/a	224.2	176.3	3279.0	n/a	n/a	n/a	n/a
128.619	0.028	saccade	n/a	221.7	176.6	n/a	173.0	168.4	1.73	163.0
128.649	0.112	fixation	n/a	174.6	169.9	3249.0	n/a	n/a	n/a	n/a
128.763	0.036	saccade	n/a	173.8	172.6	n/a	138.7	173.2	1.22	140.0
128.801	0.166	fixation	n/a	130.8	170.4	3200.0	n/a	n/a	n/a	n/a
128.969	0.158	saccade	n/a	130.6	171.3	n/a	310.8	265.1	7.16	932.0
129.023	0.028	blink	n/a	n/a	n/a	n/a	n/a	n/a	n/a	n/a
129.129	0.27	fixation	n/a	287.9	187.9	3106.0	n/a	n/a	n/a	n/a
129.401	0.032	saccade	n/a	285.9	179.9	n/a	378.4	177.6	3.3	249.0
129.435	0.212	fixation	n/a	385.1	175.8	2979.0	n/a	n/a	n/a	n/a
129.649	0.02	saccade	n/a	389.6	173.8	n/a	420.9	173.3	1.13	92.0
129.671	0.406	fixation	n/a	419.0	175.5	2837.0	n/a	n/a	n/a	n/a
130.079	0.026	saccade	n/a	420.8	178.2	n/a	469.8	170.2	1.79	132.0
130.107	0.526	fixation	n/a	467.6	168.4	2859.0	n/a	n/a	n/a	n/a
130.635	0.028	saccade	n/a	468.9	170.6	n/a	532.8	168.0	2.31	175.0
130.665	0.212	fixation	n/a	534.6	163.4	2963.0	n/a	n/a	n/a	n/a
130.879	0.024	saccade	n/a	538.1	160.8	n/a	566.8	166.9	1.06	100.0
130.905	0.202	fixation	n/a	565.2	162.5	3030.0	n/a	n/a	n/a	n/a
131.109	0.028	saccade	n/a	568.9	170.7	n/a	623.3	171.3	1.95	176.0
131.139	0.276	fixation	n/a	625.0	169.3	2973.0	n/a	n/a	n/a	n/a
131.417	0.064	saccade	n/a	625.4	166.4	n/a	192.8	213.7	15.38	477.0
131.483	0.18	fixation	n/a	192.0	224.9	3057.0	n/a	n/a	n/a	n/a
131.665	0.042	saccade	n/a	192.7	232.1	n/a	132.2	232.9	2.1	215.0
131.709	0.204	fixation	n/a	126.5	241.9	3144.0	n/a	n/a	n/a	n/a
131.915	0.03	saccade	n/a	124.0	240.7	n/a	196.4	240.8	2.51	194.0
131.947	0.188	fixation	n/a	198.6	241.3	3174.0	n/a	n/a	n/a	n/a
132.137	0.032	saccade	n/a	199.2	238.3	n/a	295.5	234.3	3.41	243.0
132.171	0.154	fixation	n/a	298.8	234.1	3147.0	n/a	n/a	n/a	n/a
132.327	0.028	saccade	n/a	300.9	231.3	n/a	348.6	234.7	1.71	156.0
132.357	0.314	fixation	n/a	350.2	238.9	3147.0	n/a	n/a	n/a	n/a
132.673	0.03	saccade	n/a	348.8	236.1	n/a	366.8	168.9	2.54	164.0
132.705	0.282	fixation	n/a	369.3	171.4	3145.0	n/a	n/a	n/a	n/a
132.989	0.04	saccade	n/a	367.9	172.7	n/a	326.1	228.0	2.51	219.0
133.031	0.174	fixation	n/a	320.4	238.5	3186.0	n/a	n/a	n/a	n/a
133.207	0.032	saccade	n/a	319.4	242.3	n/a	262.8	174.7	3.18	218.0
133.241	0.192	fixation	n/a	260.4	177.9	3256.0	n/a	n/a	n/a	n/a
133.435	0.03	saccade	n/a	258.5	177.6	n/a	193.9	171.0	2.28	183.0
133.467	0.428	fixation	n/a	195.7	176.9	3287.0	n/a	n/a	n/a	n/a
133.598	0.0	trigger_11	11	n/a	n/a	n/a	n/a	n/a	n/a	n/a
133.702	0.0	trigger_10	10	n/a	n/a	n/a	n/a	n/a	n/a	n/a
133.897	0.024	saccade	n/a	194.1	180.5	n/a	158.3	169.4	1.31	122.0
133.923	0.164	fixation	n/a	163.1	173.7	3339.0	n/a	n/a	n/a	n/a
134.089	0.026	saccade	n/a	160.9	177.1	n/a	120.3	173.5	1.41	143.0
134.117	0.144	fixation	n/a	122.8	175.7	3341.0	n/a	n/a	n/a	n/a
134.263	0.034	saccade	n/a	123.6	177.7	n/a	238.6	174.8	4.01	270.0
134.299	0.198	fixation	n/a	245.5	177.8	3247.0	n/a	n/a	n/a	n/a
134.499	0.024	saccade	n/a	249.5	180.9	n/a	283.9	179.4	1.22	107.0
134.525	0.31	fixation	n/a	283.1	176.6	3208.0	n/a	n/a	n/a	n/a
134.837	0.024	saccade	n/a	287.1	178.2	n/a	327.7	169.2	1.48	121.0
134.863	0.224	fixation	n/a	327.2	169.4	3153.0	n/a	n/a	n/a	n/a
135.089	0.028	saccade	n/a	324.9	170.5	n/a	374.8	167.1	1.79	141.0
135.119	0.358	fixation	n/a	380.6	168.5	3130.0	n/a	n/a	n/a	n/a
135.479	0.028	saccade	n/a	388.9	166.5	n/a	448.5	169.1	2.15	162.0
135.509	0.204	fixation	n/a	446.0	165.8	3075.0	n/a	n/a	n/a	n/a
135.715	0.028	saccade	n/a	448.3	170.3	n/a	500.2	164.2	1.89	152.0
135.745	0.142	fixation	n/a	500.0	162.8	3068.0	n/a	n/a	n/a	n/a
135.889	0.058	saccade	n/a	498.5	164.0	n/a	142.2	222.1	12.76	475.0
135.949	0.128	fixation	n/a	145.1	226.4	3201.0	n/a	n/a	n/a	n/a
136.079	0.024	saccade	n/a	144.1	231.6	n/a	119.6	247.6	1.02	110.0
136.105	0.134	fixation	n/a	123.9	248.6	3195.0	n/a	n/a	n/a	n/a
136.241	0.032	saccade	n/a	125.8	251.9	n/a	227.5	249.6	3.55	252.0
136.275	0.258	fixation	n/a	230.6	252.7	3170.0	n/a	n/a	n/a	n/a
136.535	0.03	saccade	n/a	228.8	255.4	n/a	290.5	245.6	2.21	188.0
136.567	0.192	fixation	n/a	295.0	249.7	3097.0	n/a	n/a	n/a	n/a
136.761	0.038	saccade	n/a	297.7	251.7	n/a	142.4	171.3	6.17	379.0
136.801	0.146	fixation	n/a	138.3	178.7	3052.0	n/a	n/a	n/a	n/a
136.949	0.02	saccade	n/a	136.5	181.4	n/a	111.8	175.7	0.87	74.0
136.971	0.27	fixation	n/a	116.7	175.1	3016.0	n/a	n/a	n/a	n/a
137.243	0.028	saccade	n/a	115.5	169.9	n/a	176.0	170.1	2.09	178.0
137.273	0.398	fixation	n/a	178.3	169.4	2868.0	n/a	n/a	n/a	n/a
137.398	0.0	trigger_11	11	n/a	n/a	n/a	n/a	n/a	n/a	n/a
137.504	0.0	trigger_10	10	n/a	n/a	n/a	n/a	n/a	n/a	n/a
137.673	0.026	saccade	n/a	176.4	168.4	n/a	129.1	160.6	1.66	143.0
137.701	0.134	fixation	n/a	129.8	163.8	2838.0	n/a	n/a	n/a	n/a
137.837	0.018	saccade	n/a	132.3	166.1	n/a	161.5	170.0	1.02	77.0
137.857	0.322	fixation	n/a	156.4	166.9	2843.0	n/a	n/a	n/a	n/a
138.181	0.032	saccade	n/a	153.6	164.4	n/a	265.3	163.3	3.91	246.0
138.215	0.288	fixation	n/a	275.4	161.8	2886.0	n/a	n/a	n/a	n/a
138.505	0.036	saccade	n/a	277.2	168.7	n/a	129.7	160.9	5.16	321.0
138.543	0.136	fixation	n/a	130.0	167.3	2966.0	n/a	n/a	n/a	n/a
138.681	0.02	saccade	n/a	127.6	169.6	n/a	103.3	168.6	0.84	74.0
138.703	0.194	fixation	n/a	108.0	171.4	2992.0	n/a	n/a	n/a	n/a
138.899	0.032	saccade	n/a	109.7	173.2	n/a	235.4	174.4	4.36	266.0
138.933	0.21	fixation	n/a	245.6	168.1	3078.0	n/a	n/a	n/a	n/a
139.145	0.024	saccade	n/a	251.4	175.4	n/a	283.8	167.4	1.18	114.0
139.171	0.252	fixation	n/a	283.4	169.7	3019.0	n/a	n/a	n/a	n/a
139.425	0.042	saccade	n/a	286.5	171.2	n/a	366.5	170.8	2.86	242.0
139.469	0.266	fixation	n/a	374.3	175.6	3026.0	n/a	n/a	n/a	n/a
139.737	0.026	saccade	n/a	375.1	178.1	n/a	421.7	175.1	1.68	142.0
139.765	0.186	fixation	n/a	420.7	173.9	3029.0	n/a	n/a	n/a	n/a
139.953	0.042	saccade	n/a	423.2	174.1	n/a	487.6	158.5	2.39	201.0
139.997	0.212	fixation	n/a	493.5	161.2	2989.0	n/a	n/a	n/a	n/a
140.211	0.032	saccade	n/a	493.4	167.4	n/a	574.8	171.7	2.94	205.0
140.245	0.226	fixation	n/a	573.7	161.5	2962.0	n/a	n/a	n/a	n/a
140.473	0.03	saccade	n/a	576.3	162.9	n/a	643.8	168.2	2.43	203.0
140.505	0.206	fixation	n/a	647.9	169.7	2874.0	n/a	n/a	n/a	n/a
140.713	0.068	saccade	n/a	648.0	165.5	n/a	127.1	218.3	18.31	501.0
140.783	0.28	fixation	n/a	137.1	233.7	2918.0	n/a	n/a	n/a	n/a
141.065	0.03	saccade	n/a	139.4	234.5	n/a	219.0	234.5	2.77	223.0
141.097	0.212	fixation	n/a	226.7	236.6	2939.0	n/a	n/a	n/a	n/a
141.311	0.022	saccade	n/a	229.0	237.6	n/a	257.5	236.8	1.01	90.0
141.335	0.216	fixation	n/a	255.5	236.0	2914.0	n/a	n/a	n/a	n/a
141.553	0.03	saccade	n/a	257.0	238.6	n/a	340.5	233.8	2.98	206.0
141.585	0.154	fixation	n/a	344.8	230.1	2887.0	n/a	n/a	n/a	n/a
141.741	0.022	saccade	n/a	348.4	225.9	n/a	382.8	231.4	1.25	109.0
141.765	0.262	fixation	n/a	381.5	232.8	2858.0	n/a	n/a	n/a	n/a
142.029	0.026	saccade	n/a	383.8	234.0	n/a	440.5	226.7	2.06	146.0
142.057	0.278	fixation	n/a	441.7	225.4	2798.0	n/a	n/a	n/a	n/a
142.337	0.028	saccade	n/a	443.5	227.6	n/a	516.6	225.4	2.64	190.0
142.367	0.182	fixation	n/a	516.7	219.3	2803.0	n/a	n/a	n/a	n/a
142.551	0.03	saccade	n/a	516.9	229.2	n/a	592.2	227.6	2.71	200.0
142.583	0.202	fixation	n/a	591.8	223.4	2869.0	n/a	n/a	n/a	n/a
142.787	0.06	saccade	n/a	590.6	226.4	n/a	161.1	274.1	15.3	511.0
142.849	0.118	fixation	n/a	161.8	279.2	3014.0	n/a	n/a	n/a	n/a
142.969	0.026	saccade	n/a	161.9	284.0	n/a	136.8	308.3	1.23	120.0
142.997	0.17	fixation	n/a	135.9	307.1	2994.0	n/a	n/a	n/a	n/a
143.169	0.03	saccade	n/a	138.1	309.1	n/a	207.7	308.0	2.43	194.0
143.201	0.404	fixation	n/a	206.0	305.7	3026.0	n/a	n/a	n/a	n/a
143.607	0.032	saccade	n/a	206.0	303.8	n/a	280.0	303.5	2.61	203.0
143.641	0.368	fixation	n/a	282.8	303.1	2942.0	n/a	n/a	n/a	n/a
144.011	0.024	saccade	n/a	277.5	301.2	n/a	247.6	299.9	1.06	114.0
144.037	0.144	fixation	n/a	248.3	301.9	3028.0	n/a	n/a	n/a	n/a
144.183	0.034	saccade	n/a	244.2	300.4	n/a	191.7	201.9	4.01	230.0
144.219	0.282	fixation	n/a	195.6	204.7	3115.0	n/a	n/a	n/a	n/a
144.23	0.0	trigger_11	11	n/a	n/a	n/a	n/a	n/a	n/a	n/a
144.334	0.0	trigger_10	10	n/a	n/a	n/a	n/a	n/a	n/a	n/a
144.503	0.03	saccade	n/a	195.7	201.2	n/a	157.6	153.8	2.16	200.0
144.535	0.18	fixation	n/a	155.9	158.7	3216.0	n/a	n/a	n/a	n/a
144.717	0.014	saccade	n/a	153.3	165.1	n/a	131.2	166.2	0.76	64.0
144.733	0.276	fixation	n/a	140.8	169.2	3111.0	n/a	n/a	n/a	n/a
145.011	0.026	saccade	n/a	144.4	170.0	n/a	196.9	172.3	1.82	141.0
145.039	0.164	fixation	n/a	196.2	173.6	3109.0	n/a	n/a	n/a	n/a
145.205	0.028	saccade	n/a	199.3	175.8	n/a	261.5	174.1	2.19	174.0
145.235	0.488	fixation	n/a	259.9	169.9	3209.0	n/a	n/a	n/a	n/a
145.725	0.03	saccade	n/a	264.3	166.3	n/a	346.1	165.3	2.92	194.0
145.757	0.478	fixation	n/a	346.5	158.3	3082.0	n/a	n/a	n/a	n/a
146.237	0.028	saccade	n/a	350.5	162.7	n/a	424.0	160.7	2.64	185.0
146.267	0.134	fixation	n/a	425.5	156.3	3043.0	n/a	n/a	n/a	n/a
146.403	0.024	saccade	n/a	426.6	155.9	n/a	454.9	156.5	1.02	98.0
146.429	0.472	fixation	n/a	453.3	159.1	3049.0	n/a	n/a	n/a	n/a
146.903	0.044	saccade	n/a	454.2	162.1	n/a	198.6	181.9	9.09	408.0
146.949	0.338	fixation	n/a	187.7	196.6	3161.0	n/a	n/a	n/a	n/a
146.976	0.0	trigger_11	11	n/a	n/a	n/a	n/a	n/a	n/a	n/a
147.08	0.0	trigger_10	10	n/a	n/a	n/a	n/a	n/a	n/a	n/a
147.289	0.024	saccade	n/a	184.5	196.1	n/a	164.8	168.7	1.2	120.0
147.315	0.18	fixation	n/a	166.1	175.2	3307.0	n/a	n/a	n/a	n/a
147.497	0.022	saccade	n/a	170.5	177.3	n/a	201.4	176.3	1.08	101.0
147.521	0.178	fixation	n/a	196.9	176.9	3243.0	n/a	n/a	n/a	n/a
147.701	0.03	saccade	n/a	197.4	177.4	n/a	272.3	166.4	2.67	204.0
147.733	0.386	fixation	n/a	278.1	164.7	3126.0	n/a	n/a	n/a	n/a
148.121	0.03	saccade	n/a	281.2	169.9	n/a	360.2	169.4	2.82	206.0
148.153	0.244	fixation	n/a	361.1	165.6	3172.0	n/a	n/a	n/a	n/a
148.399	0.03	saccade	n/a	363.4	168.1	n/a	431.0	165.3	2.44	184.0
148.431	0.148	fixation	n/a	431.7	163.2	3123.0	n/a	n/a	n/a	n/a
148.581	0.024	saccade	n/a	433.6	159.9	n/a	471.4	160.4	1.36	123.0
148.607	0.148	fixation	n/a	469.4	160.5	3038.0	n/a	n/a	n/a	n/a
148.757	0.024	saccade	n/a	472.9	161.5	n/a	507.8	156.9	1.27	118.0
148.783	0.17	fixation	n/a	505.4	154.7	2969.0	n/a	n/a	n/a	n/a
148.955	0.03	saccade	n/a	505.7	159.6	n/a	569.5	165.6	2.31	174.0
148.987	0.18	fixation	n/a	569.2	159.7	2963.0	n/a	n/a	n/a	n/a
149.169	0.028	saccade	n/a	569.0	160.7	n/a	615.4	171.0	1.71	142.0
149.199	0.106	fixation	n/a	612.8	165.8	3008.0	n/a	n/a	n/a	n/a
149.307	0.062	saccade	n/a	612.0	168.8	n/a	163.8	225.9	15.97	510.0
149.371	0.274	fixation	n/a	166.6	241.5	3131.0	n/a	n/a	n/a	n/a
149.647	0.028	saccade	n/a	164.8	242.7	n/a	218.9	234.1	1.92	175.0
149.677	0.132	fixation	n/a	218.0	230.2	3126.0	n/a	n/a	n/a	n/a
149.811	0.034	saccade	n/a	220.0	230.6	n/a	157.4	179.1	2.87	225.0
149.847	0.332	fixation	n/a	154.4	183.3	3110.0	n/a	n/a	n/a	n/a
149.888	0.0	trigger_11	11	n/a	n/a	n/a	n/a	n/a	n/a	n/a
149.992	0.0	trigger_10	10	n/a	n/a	n/a	n/a	n/a	n/a	n/a
150.181	0.016	saccade	n/a	151.2	181.0	n/a	139.1	163.8	0.74	66.0
150.199	0.348	fixation	n/a	143.2	169.2	3265.0	n/a	n/a	n/a	n/a
150.549	0.028	saccade	n/a	143.1	166.8	n/a	193.9	167.6	1.76	142.0
150.579	0.256	fixation	n/a	192.0	170.3	3162.0	n/a	n/a	n/a	n/a
150.837	0.03	saccade	n/a	192.0	169.1	n/a	258.7	167.3	2.35	188.0
150.869	0.246	fixation	n/a	260.1	163.7	3209.0	n/a	n/a	n/a	n/a
151.117	0.014	saccade	n/a	263.0	162.2	n/a	279.2	162.1	0.57	52.0
151.133	0.152	fixation	n/a	275.6	161.2	3191.0	n/a	n/a	n/a	n/a
151.287	0.03	saccade	n/a	278.2	164.3	n/a	340.7	169.8	2.24	181.0
151.319	0.252	fixation	n/a	343.1	169.0	3159.0	n/a	n/a	n/a	n/a
151.573	0.024	saccade	n/a	346.3	169.3	n/a	374.8	160.7	1.07	100.0
151.599	0.36	fixation	n/a	375.4	162.0	3042.0	n/a	n/a	n/a	n/a
151.961	0.016	saccade	n/a	378.0	163.0	n/a	398.5	164.7	0.74	63.0
151.979	0.452	fixation	n/a	400.3	165.5	2999.0	n/a	n/a	n/a	n/a
152.433	0.028	saccade	n/a	406.6	168.8	n/a	352.3	161.4	1.96	163.0
152.463	0.412	fixation	n/a	351.1	170.4	3119.0	n/a	n/a	n/a	n/a
152.592	0.0	trigger_11	11	n/a	n/a	n/a	n/a	n/a	n/a	n/a
152.696	0.0	trigger_10	10	n/a	n/a	n/a	n/a	n/a	n/a	n/a
152.877	0.054	saccade	n/a	347.8	171.5	n/a	171.8	192.0	6.26	393.0
152.933	0.084	fixation	n/a	164.2	200.8	3329.0	n/a	n/a	n/a	n/a
153.019	0.022	saccade	n/a	163.8	203.8	n/a	156.6	179.7	0.9	85.0
153.043	0.122	fixation	n/a	157.2	184.0	3359.0	n/a	n/a	n/a	n/a
153.167	0.024	saccade	n/a	151.4	180.9	n/a	127.0	174.2	0.88	104.0
153.193	0.132	fixation	n/a	129.0	173.6	3314.0	n/a	n/a	n/a	n/a
153.327	0.03	saccade	n/a	130.2	171.3	n/a	207.9	177.2	2.71	209.0
153.359	0.2	fixation	n/a	211.1	176.4	3165.0	n/a	n/a	n/a	n/a
153.561	0.022	saccade	n/a	215.5	176.9	n/a	248.0	175.1	1.15	105.0
153.585	0.312	fixation	n/a	244.4	173.4	3112.0	n/a	n/a	n/a	n/a
153.899	0.03	saccade	n/a	246.0	177.7	n/a	321.9	174.8	2.7	200.0
153.931	0.194	fixation	n/a	325.7	171.3	3105.0	n/a	n/a	n/a	n/a
154.127	0.026	saccade	n/a	327.4	172.0	n/a	371.0	174.3	1.57	143.0
154.155	0.146	fixation	n/a	368.9	171.7	3027.0	n/a	n/a	n/a	n/a
154.303	0.028	saccade	n/a	371.1	167.9	n/a	422.0	167.0	1.83	143.0
154.333	0.17	fixation	n/a	422.8	161.8	2949.0	n/a	n/a	n/a	n/a
154.505	0.032	saccade	n/a	423.1	160.2	n/a	518.0	148.1	3.44	218.0
154.539	0.156	fixation	n/a	517.2	146.4	2864.0	n/a	n/a	n/a	n/a
154.697	0.024	saccade	n/a	521.3	149.6	n/a	560.2	149.7	1.4	126.0
154.723	0.236	fixation	n/a	555.5	143.2	2824.0	n/a	n/a	n/a	n/a
154.961	0.25	saccade	n/a	557.7	151.5	n/a	575.9	166.8	0.86	1108.0
155.019	0.104	blink	n/a	n/a	n/a	n/a	n/a	n/a	n/a	n/a
155.213	0.194	fixation	n/a	564.6	164.4	2793.0	n/a	n/a	n/a	n/a
155.409	0.058	saccade	n/a	560.8	161.3	n/a	160.8	206.8	14.23	493.0
155.469	0.118	fixation	n/a	161.8	213.3	2887.0	n/a	n/a	n/a	n/a
155.589	0.026	saccade	n/a	163.7	219.9	n/a	125.0	225.8	1.36	128.0
155.617	0.248	fixation	n/a	126.0	225.3	2734.0	n/a	n/a	n/a	n/a
155.867	0.028	saccade	n/a	129.0	228.5	n/a	188.0	229.8	2.05	167.0
155.897	0.216	fixation	n/a	187.4	225.6	2690.0	n/a	n/a	n/a	n/a
156.115	0.028	saccade	n/a	192.2	226.2	n/a	246.9	225.4	1.92	160.0
156.145	0.158	fixation	n/a	249.6	225.1	2592.0	n/a	n/a	n/a	n/a
156.305	0.024	saccade	n/a	253.6	223.7	n/a	296.9	223.9	1.54	132.0
156.331	0.274	fixation	n/a	297.9	226.5	2537.0	n/a	n/a	n/a	n/a
156.607	0.03	saccade	n/a	299.0	229.8	n/a	376.4	229.2	2.77	185.0
156.639	0.406	fixation	n/a	377.9	230.0	2596.0	n/a	n/a	n/a	n/a
157.047	0.022	saccade	n/a	380.5	233.1	n/a	413.0	232.4	1.17	92.0
157.071	0.134	fixation	n/a	408.1	228.1	2624.0	n/a	n/a	n/a	n/a
157.207	0.03	saccade	n/a	408.2	224.7	n/a	479.1	222.3	2.56	180.0
157.239	0.402	fixation	n/a	481.1	226.4	2634.0	n/a	n/a	n/a	n/a
157.643	0.03	saccade	n/a	480.6	230.4	n/a	566.5	221.8	3.12	213.0
157.675	0.206	fixation	n/a	579.7	221.3	2600.0	n/a	n/a	n/a	n/a
157.883	0.062	saccade	n/a	580.0	219.0	n/a	162.7	273.8	14.88	458.0
157.947	0.148	fixation	n/a	164.4	278.0	2698.0	n/a	n/a	n/a	n/a
158.097	0.026	saccade	n/a	162.3	283.8	n/a	115.6	286.8	1.62	150.0
158.125	0.252	fixation	n/a	121.0	295.1	2746.0	n/a	n/a	n/a	n/a
158.379	0.028	saccade	n/a	122.1	296.0	n/a	178.0	297.1	1.93	169.0
158.409	0.474	fixation	n/a	191.1	295.8	2783.0	n/a	n/a	n/a	n/a
158.848	0.0	trigger_11	11	n/a	n/a	n/a	n/a	n/a	n/a	n/a
158.885	0.038	saccade	n/a	198.0	295.5	n/a	212.2	160.3	4.9	265.0
158.925	0.2	fixation	n/a	216.8	163.2	2816.0	n/a	n/a	n/a	n/a
158.952	0.0	trigger_10	10	n/a	n/a	n/a	n/a	n/a	n/a	n/a
159.127	0.032	saccade	n/a	217.7	164.4	n/a	142.0	155.4	2.66	212.0
159.161	0.34	fixation	n/a	138.3	159.0	2963.0	n/a	n/a	n/a	n/a
159.503	0.03	saccade	n/a	135.3	159.8	n/a	205.0	165.3	2.43	196.0
159.535	0.26	fixation	n/a	206.4	165.4	3028.0	n/a	n/a	n/a	n/a
159.797	0.028	saccade	n/a	208.2	168.4	n/a	253.3	170.4	1.59	154.0
159.827	0.532	fixation	n/a	251.7	172.9	3092.0	n/a	n/a	n/a	n/a
160.361	0.026	saccade	n/a	248.3	171.7	n/a	224.1	164.3	0.89	101.0
160.389	0.05	fixation	n/a	226.7	169.8	3160.0	n/a	n/a	n/a	n/a
160.441	0.04	saccade	n/a	226.5	169.3	n/a	271.7	164.5	1.61	186.0
160.483	0.182	fixation	n/a	276.6	165.3	3167.0	n/a	n/a	n/a	n/a
160.667	0.028	saccade	n/a	277.9	164.6	n/a	320.6	160.4	1.53	150.0
160.697	0.416	fixation	n/a	324.5	161.7	3175.0	n/a	n/a	n/a	n/a
161.115	0.04	saccade	n/a	333.7	164.0	n/a	130.7	160.4	7.11	398.0
161.157	0.708	fixation	n/a	136.3	174.3	3182.0	n/a	n/a	n/a	n/a
161.552	0.0	trigger_11	11	n/a	n/a	n/a	n/a	n/a	n/a	n/a
161.658	0.0	trigger_10	10	n/a	n/a	n/a	n/a	n/a	n/a	n/a
161.867	0.024	saccade	n/a	142.0	171.4	n/a	180.7	171.1	1.34	119.0
161.893	0.154	fixation	n/a	179.5	171.1	3209.0	n/a	n/a	n/a	n/a
162.049	0.022	saccade	n/a	185.1	172.6	n/a	216.2	170.3	1.09	102.0
162.073	0.184	fixation	n/a	210.3	161.7	3302.0	n/a	n/a	n/a	n/a
162.259	0.03	saccade	n/a	213.7	165.4	n/a	283.5	172.3	2.48	183.0
162.291	0.114	fixation	n/a	282.0	168.0	3288.0	n/a	n/a	n/a	n/a
162.407	0.032	saccade	n/a	286.6	171.5	n/a	368.0	169.5	2.91	235.0
162.441	0.202	fixation	n/a	374.0	165.4	3200.0	n/a	n/a	n/a	n/a
162.645	0.022	saccade	n/a	377.3	163.9	n/a	405.4	162.4	1.01	91.0
162.669	0.128	fixation	n/a	401.2	159.6	3142.0	n/a	n/a	n/a	n/a
162.799	0.024	saccade	n/a	403.5	159.2	n/a	446.5	160.4	1.54	121.0
162.825	0.22	fixation	n/a	442.2	161.3	3055.0	n/a	n/a	n/a	n/a
163.047	0.014	saccade	n/a	443.1	161.0	n/a	460.4	164.1	0.63	59.0
163.063	0.24	fixation	n/a	456.0	164.9	2984.0	n/a	n/a	n/a	n/a
163.305	0.028	saccade	n/a	454.0	160.6	n/a	519.7	162.2	2.37	172.0
163.335	0.16	fixation	n/a	518.4	152.8	2945.0	n/a	n/a	n/a	n/a
163.497	0.016	saccade	n/a	523.1	154.6	n/a	546.5	155.5	0.84	67.0
163.515	0.342	fixation	n/a	548.0	153.9	2897.0	n/a	n/a	n/a	n/a
163.859	0.028	saccade	n/a	557.0	155.8	n/a	599.8	162.2	1.55	151.0
163.889	0.176	fixation	n/a	599.9	162.1	2875.0	n/a	n/a	n/a	n/a
164.067	0.062	saccade	n/a	599.1	161.2	n/a	145.0	219.4	16.13	497.0
164.131	0.156	fixation	n/a	151.5	224.3	2918.0	n/a	n/a	n/a	n/a
164.289	0.022	saccade	n/a	149.7	226.7	n/a	123.9	222.4	0.9	100.0
164.313	0.116	fixation	n/a	129.7	227.0	2868.0	n/a	n/a	n/a	n/a
164.431	0.032	saccade	n/a	130.3	226.0	n/a	230.7	224.5	3.5	240.0
164.465	0.228	fixation	n/a	235.7	221.5	2814.0	n/a	n/a	n/a	n/a
164.695	0.02	saccade	n/a	240.2	220.9	n/a	267.2	227.1	0.98	86.0
164.717	0.126	fixation	n/a	261.4	221.5	2772.0	n/a	n/a	n/a	n/a
164.845	0.026	saccade	n/a	264.2	224.2	n/a	317.3	222.4	1.89	147.0
164.873	0.18	fixation	n/a	320.1	222.7	2730.0	n/a	n/a	n/a	n/a
165.055	0.032	saccade	n/a	320.6	223.3	n/a	401.0	230.5	2.9	201.0
165.089	0.18	fixation	n/a	406.5	228.0	2734.0	n/a	n/a	n/a	n/a
165.271	0.02	saccade	n/a	410.9	227.1	n/a	437.0	227.5	0.94	85.0
165.293	0.142	fixation	n/a	433.7	226.7	2720.0	n/a	n/a	n/a	n/a
165.437	0.03	saccade	n/a	432.4	225.5	n/a	516.1	222.3	3.02	218.0
165.469	0.218	fixation	n/a	518.1	214.6	2647.0	n/a	n/a	n/a	n/a
165.689	0.028	saccade	n/a	520.2	218.5	n/a	580.9	214.3	2.19	166.0
165.719	0.136	fixation	n/a	584.4	215.6	2610.0	n/a	n/a	n/a	n/a
165.857	0.014	saccade	n/a	587.4	217.2	n/a	605.2	221.6	0.66	54.0
165.873	0.246	fixation	n/a	603.5	216.6	2604.0	n/a	n/a	n/a	n/a
166.121	0.062	saccade	n/a	604.5	219.8	n/a	218.5	157.4	13.9	436.0
166.185	0.152	fixation	n/a	219.0	160.2	2654.0	n/a	n/a	n/a	n/a
166.339	0.022	saccade	n/a	215.4	165.3	n/a	192.6	153.5	0.9	97.0
166.363	0.31	fixation	n/a	193.4	158.1	2731.0	n/a	n/a	n/a	n/a
166.4	0.0	trigger_11	11	n/a	n/a	n/a	n/a	n/a	n/a	n/a
166.506	0.0	trigger_10	10	n/a	n/a	n/a	n/a	n/a	n/a	n/a
166.675	0.026	saccade	n/a	191.9	163.4	n/a	146.0	156.1	1.62	145.0
166.703	0.846	fixation	n/a	146.9	161.8	2833.0	n/a	n/a	n/a	n/a
167.551	0.024	saccade	n/a	149.6	167.8	n/a	192.8	167.6	1.5	126.0
167.577	0.17	fixation	n/a	192.3	164.9	2933.0	n/a	n/a	n/a	n/a
167.749	0.024	saccade	n/a	193.9	163.2	n/a	230.6	164.6	1.29	109.0
167.775	0.114	fixation	n/a	229.7	164.1	2921.0	n/a	n/a	n/a	n/a
167.891	0.026	saccade	n/a	231.4	165.9	n/a	282.6	170.9	1.82	154.0
167.919	0.198	fixation	n/a	279.2	166.6	2935.0	n/a	n/a	n/a	n/a
168.119	0.03	saccade	n/a	281.4	168.5	n/a	337.9	164.4	2.02	183.0
168.151	0.178	fixation	n/a	340.1	163.4	2907.0	n/a	n/a	n/a	n/a
168.331	0.026	saccade	n/a	343.3	164.4	n/a	389.4	163.5	1.65	139.0
168.359	0.116	fixation	n/a	387.9	162.4	2861.0	n/a	n/a	n/a	n/a
168.477	0.03	saccade	n/a	391.0	166.2	n/a	464.7	157.4	2.67	188.0
168.509	0.164	fixation	n/a	466.2	154.1	2864.0	n/a	n/a	n/a	n/a
168.675	0.028	saccade	n/a	467.8	158.5	n/a	531.9	161.3	2.31	174.0
168.705	0.272	fixation	n/a	530.4	155.2	2878.0	n/a	n/a	n/a	n/a
168.979	0.026	saccade	n/a	532.4	164.4	n/a	594.2	158.4	2.23	150.0
169.007	0.224	fixation	n/a	591.1	156.6	2830.0	n/a	n/a	n/a	n/a
169.233	0.066	saccade	n/a	590.6	157.3	n/a	144.3	215.9	15.86	475.0
169.301	0.266	fixation	n/a	146.1	220.3	2908.0	n/a	n/a	n/a	n/a
169.569	0.016	saccade	n/a	149.8	222.8	n/a	170.3	227.4	0.73	62.0
169.587	0.168	fixation	n/a	164.2	224.3	2854.0	n/a	n/a	n/a	n/a
169.757	0.028	saccade	n/a	165.5	223.1	n/a	243.3	231.4	2.74	201.0
169.787	0.202	fixation	n/a	248.7	230.3	2834.0	n/a	n/a	n/a	n/a
169.991	0.016	saccade	n/a	253.1	233.8	n/a	277.4	235.1	0.86	71.0
170.009	0.46	fixation	n/a	270.7	232.4	2837.0	n/a	n/a	n/a	n/a
170.471	0.03	saccade	n/a	272.2	234.2	n/a	352.1	226.9	2.87	206.0
170.503	0.436	fixation	n/a	351.7	225.9	2813.0	n/a	n/a	n/a	n/a
170.941	0.026	saccade	n/a	350.4	227.9	n/a	389.7	232.7	1.42	134.0
170.969	0.128	fixation	n/a	390.4	229.3	2773.0	n/a	n/a	n/a	n/a
171.099	0.026	saccade	n/a	394.7	231.8	n/a	434.6	229.9	1.44	133.0
171.127	0.302	fixation	n/a	433.7	227.4	2784.0	n/a	n/a	n/a	n/a
171.431	0.026	saccade	n/a	436.9	228.6	n/a	479.5	221.7	1.56	136.0
171.459	0.356	fixation	n/a	478.8	225.7	2786.0	n/a	n/a	n/a	n/a
171.817	0.028	saccade	n/a	482.4	230.3	n/a	550.0	226.6	2.44	164.0
171.847	0.196	fixation	n/a	548.6	223.2	2777.0	n/a	n/a	n/a	n/a
172.045	0.024	saccade	n/a	552.3	222.6	n/a	586.2	228.2	1.24	117.0
172.071	0.172	fixation	n/a	584.5	226.5	2744.0	n/a	n/a	n/a	n/a
172.245	0.06	saccade	n/a	585.2	227.5	n/a	267.8	170.7	11.52	396.0
172.306	0.0	trigger_11	11	n/a	n/a	n/a	n/a	n/a	n/a	n/a
172.307	0.202	fixation	n/a	270.0	176.6	2714.0	n/a	n/a	n/a	n/a
172.408	0.0	trigger_10	10	n/a	n/a	n/a	n/a	n/a	n/a	n/a
172.511	0.028	saccade	n/a	271.5	182.6	n/a	218.5	161.9	2.01	177.0
172.541	0.11	fixation	n/a	219.0	164.3	2712.0	n/a	n/a	n/a	n/a
172.653	0.03	saccade	n/a	216.8	165.4	n/a	148.5	155.1	2.41	188.0
172.685	0.324	fixation	n/a	146.0	162.1	2793.0	n/a	n/a	n/a	n/a
173.011	0.03	saccade	n/a	146.4	162.8	n/a	221.0	165.5	2.61	202.0
173.043	0.316	fixation	n/a	223.9	164.4	2788.0	n/a	n/a	n/a	n/a
173.361	0.03	saccade	n/a	224.6	165.1	n/a	293.2	161.4	2.43	195.0
173.393	0.616	fixation	n/a	297.1	164.4	2865.0	n/a	n/a	n/a	n/a
174.011	0.028	saccade	n/a	296.0	165.4	n/a	335.9	163.6	1.42	141.0
174.041	0.298	fixation	n/a	338.9	165.6	3005.0	n/a	n/a	n/a	n/a
174.341	0.03	saccade	n/a	340.6	167.7	n/a	427.7	163.6	3.13	211.0
174.373	0.11	fixation	n/a	430.5	158.5	3035.0	n/a	n/a	n/a	n/a
174.485	0.026	saccade	n/a	434.0	163.1	n/a	481.6	158.7	1.72	140.0
174.513	0.172	fixation	n/a	476.6	151.1	2994.0	n/a	n/a	n/a	n/a
174.687	0.03	saccade	n/a	477.5	154.2	n/a	536.9	145.2	2.16	196.0
174.719	0.1	fixation	n/a	539.1	143.8	2935.0	n/a	n/a	n/a	n/a
174.821	0.03	saccade	n/a	539.0	142.8	n/a	597.4	158.8	2.18	178.0
174.853	0.242	fixation	n/a	598.6	156.0	2876.0	n/a	n/a	n/a	n/a
175.097	0.06	saccade	n/a	598.2	154.6	n/a	145.4	224.4	16.14	515.0
175.159	0.478	fixation	n/a	152.0	240.0	2976.0	n/a	n/a	n/a	n/a
175.639	0.038	saccade	n/a	153.2	243.2	n/a	116.2	237.1	1.29	160.0
175.679	0.244	fixation	n/a	116.5	242.4	2931.0	n/a	n/a	n/a	n/a
175.925	0.034	saccade	n/a	121.9	245.8	n/a	181.2	178.4	3.18	184.0
175.938	0.0	trigger_11	11	n/a	n/a	n/a	n/a	n/a	n/a	n/a
175.961	0.296	fixation	n/a	182.7	181.2	3016.0	n/a	n/a	n/a	n/a
176.042	0.0	trigger_10	10	n/a	n/a	n/a	n/a	n/a	n/a	n/a
176.259	0.026	saccade	n/a	181.9	183.6	n/a	141.7	171.5	1.46	131.0
176.287	0.218	fixation	n/a	142.4	176.2	3124.0	n/a	n/a	n/a	n/a
176.507	0.028	saccade	n/a	141.7	173.7	n/a	202.4	173.5	2.11	172.0
176.537	0.15	fixation	n/a	202.9	174.2	3161.0	n/a	n/a	n/a	n/a
176.689	0.028	saccade	n/a	203.7	172.9	n/a	266.2	171.1	2.2	170.0
176.719	0.132	fixation	n/a	267.8	172.8	3158.0	n/a	n/a	n/a	n/a
176.853	0.026	saccade	n/a	271.4	175.2	n/a	309.0	172.2	1.34	113.0
176.881	0.216	fixation	n/a	307.8	173.1	3125.0	n/a	n/a	n/a	n/a
177.099	0.03	saccade	n/a	309.0	172.7	n/a	390.7	171.3	2.92	203.0
177.131	0.258	fixation	n/a	393.2	169.5	2996.0	n/a	n/a	n/a	n/a
177.391	0.208	saccade	n/a	405.2	172.5	n/a	504.3	179.2	3.58	801.0
177.425	0.106	blink	n/a	n/a	n/a	n/a	n/a	n/a	n/a	n/a
177.601	0.216	fixation	n/a	481.7	160.2	2885.0	n/a	n/a	n/a	n/a
177.819	0.028	saccade	n/a	480.8	159.4	n/a	526.8	164.6	1.67	156.0
177.849	0.196	fixation	n/a	526.5	162.3	2900.0	n/a	n/a	n/a	n/a
178.047	0.056	saccade	n/a	527.3	166.1	n/a	151.2	207.4	13.4	503.0
178.105	0.13	fixation	n/a	150.3	215.1	2837.0	n/a	n/a	n/a	n/a
178.237	0.022	saccade	n/a	147.2	219.9	n/a	125.1	230.0	0.84	90.0
178.261	0.25	fixation	n/a	125.4	231.9	2874.0	n/a	n/a	n/a	n/a
178.513	0.03	saccade	n/a	127.4	233.7	n/a	198.9	236.0	2.49	214.0
178.545	0.24	fixation	n/a	201.7	235.0	2990.0	n/a	n/a	n/a	n/a
178.787	0.032	saccade	n/a	204.0	237.0	n/a	294.8	235.1	3.21	241.0
178.821	0.38	fixation	n/a	297.2	232.9	3152.0	n/a	n/a	n/a	n/a
179.203	0.03	saccade	n/a	296.9	231.9	n/a	362.3	233.3	2.34	195.0
179.235	0.308	fixation	n/a	362.8	233.2	3194.0	n/a	n/a	n/a	n/a
179.545	0.03	saccade	n/a	360.3	235.2	n/a	427.3	239.6	2.42	183.0
179.577	0.188	fixation	n/a	425.2	237.2	3223.0	n/a	n/a	n/a	n/a
179.767	0.03	saccade	n/a	424.9	239.4	n/a	493.8	232.5	2.5	200.0
179.799	0.208	fixation	n/a	495.3	233.2	3181.0	n/a	n/a	n/a	n/a
180.009	0.042	saccade	n/a	495.0	234.0	n/a	568.9	230.8	2.67	232.0
180.053	0.278	fixation	n/a	578.2	233.0	3143.0	n/a	n/a	n/a	n/a
180.333	0.064	saccade	n/a	571.5	221.5	n/a	145.9	288.0	15.2	516.0
180.399	0.146	fixation	n/a	147.1	291.1	3223.0	n/a	n/a	n/a	n/a
180.547	0.026	saccade	n/a	145.0	294.7	n/a	125.3	300.5	0.71	107.0
180.575	0.294	fixation	n/a	121.2	300.6	3218.0	n/a	n/a	n/a	n/a
180.871	0.032	saccade	n/a	122.7	300.3	n/a	216.9	296.8	3.28	235.0
180.905	0.294	fixation	n/a	219.7	297.4	3279.0	n/a	n/a	n/a	n/a
181.201	0.03	saccade	n/a	220.3	299.8	n/a	281.1	295.7	2.16	193.0
181.233	0.262	fixation	n/a	285.9	297.0	3228.0	n/a	n/a	n/a	n/a
181.497	0.028	saccade	n/a	288.1	298.9	n/a	344.9	290.9	2.05	169.0
181.527	0.168	fixation	n/a	345.0	292.3	3170.0	n/a	n/a	n/a	n/a
181.697	0.028	saccade	n/a	347.4	293.8	n/a	419.2	293.1	2.58	183.0
181.727	0.194	fixation	n/a	418.9	291.2	3138.0	n/a	n/a	n/a	n/a
181.923	0.026	saccade	n/a	419.7	289.1	n/a	465.8	288.7	1.66	148.0
181.951	0.312	fixation	n/a	465.5	285.6	3061.0	n/a	n/a	n/a	n/a
182.265	0.042	saccade	n/a	467.3	286.7	n/a	277.8	173.1	7.94	355.0
182.309	0.294	fixation	n/a	273.3	172.6	3001.0	n/a	n/a	n/a	n/a
182.338	0.0	trigger_11	11	n/a	n/a	n/a	n/a	n/a	n/a	n/a
182.442	0.0	trigger_10	10	n/a	n/a	n/a	n/a	n/a	n/a	n/a
182.605	0.034	saccade	n/a	272.3	173.3	n/a	168.1	150.3	3.75	257.0
182.641	0.14	fixation	n/a	169.5	159.7	3128.0	n/a	n/a	n/a	n/a
182.783	0.024	saccade	n/a	165.9	163.2	n/a	137.8	167.0	0.98	104.0
182.809	0.192	fixation	n/a	138.2	165.5	3215.0	n/a	n/a	n/a	n/a
183.003	0.03	saccade	n/a	140.6	167.2	n/a	216.3	168.3	2.63	208.0
183.035	0.108	fixation	n/a	215.0	165.5	3151.0	n/a	n/a	n/a	n/a
183.145	0.032	saccade	n/a	216.0	162.7	n/a	301.7	160.7	3.03	254.0
183.179	0.134	fixation	n/a	306.2	161.5	3124.0	n/a	n/a	n/a	n/a
183.315	0.03	saccade	n/a	305.5	157.9	n/a	394.5	161.1	3.19	232.0
183.347	0.196	fixation	n/a	396.3	162.9	3125.0	n/a	n/a	n/a	n/a
183.545	0.03	saccade	n/a	398.3	164.0	n/a	463.1	160.4	2.33	184.0
183.577	0.278	fixation	n/a	464.1	166.6	3101.0	n/a	n/a	n/a	n/a
183.857	0.026	saccade	n/a	464.5	171.7	n/a	511.2	171.1	1.69	141.0
183.885	0.132	fixation	n/a	507.8	172.8	3034.0	n/a	n/a	n/a	n/a
184.019	0.026	saccade	n/a	508.5	173.6	n/a	549.1	165.0	1.5	128.0
184.047	0.15	fixation	n/a	549.0	167.8	3069.0	n/a	n/a	n/a	n/a
184.199	0.024	saccade	n/a	551.0	171.2	n/a	596.2	172.9	1.63	125.0
184.225	0.164	fixation	n/a	596.6	171.4	3130.0	n/a	n/a	n/a	n/a
184.391	0.064	saccade	n/a	598.3	173.7	n/a	99.1	231.9	17.58	539.0
184.457	0.198	fixation	n/a	109.3	239.6	3141.0	n/a	n/a	n/a	n/a
184.657	0.03	saccade	n/a	116.3	246.5	n/a	191.1	233.4	2.63	189.0
184.689	0.15	fixation	n/a	195.5	236.8	3073.0	n/a	n/a	n/a	n/a
184.841	0.022	saccade	n/a	200.1	238.0	n/a	236.5	240.3	1.28	113.0
184.865	0.242	fixation	n/a	235.5	238.9	3065.0	n/a	n/a	n/a	n/a
185.109	0.032	saccade	n/a	235.3	236.9	n/a	324.1	231.7	3.15	237.0
185.143	0.326	fixation	n/a	329.9	237.5	2985.0	n/a	n/a	n/a	n/a
185.471	0.03	saccade	n/a	330.2	238.3	n/a	400.1	238.0	2.51	213.0
185.503	0.232	fixation	n/a	401.9	237.2	2940.0	n/a	n/a	n/a	n/a
185.737	0.03	saccade	n/a	402.8	233.5	n/a	479.9	231.8	2.78	192.0
185.769	0.25	fixation	n/a	484.6	233.5	2895.0	n/a	n/a	n/a	n/a
186.021	0.028	saccade	n/a	487.8	231.7	n/a	536.8	223.8	1.79	152.0
186.051	0.136	fixation	n/a	537.7	226.7	2849.0	n/a	n/a	n/a	n/a
186.189	0.038	saccade	n/a	538.6	226.0	n/a	580.7	217.4	1.55	159.0
186.229	0.096	fixation	n/a	588.0	223.2	2861.0	n/a	n/a	n/a	n/a
186.327	0.064	saccade	n/a	586.6	222.0	n/a	125.5	287.0	16.38	517.0
186.393	0.254	fixation	n/a	134.1	296.4	2972.0	n/a	n/a	n/a	n/a
186.649	0.03	saccade	n/a	139.6	302.2	n/a	208.2	298.6	2.39	199.0
186.681	0.194	fixation	n/a	211.2	297.6	2988.0	n/a	n/a	n/a	n/a
186.877	0.03	saccade	n/a	213.1	297.7	n/a	278.3	297.4	2.3	184.0
186.909	0.228	fixation	n/a	280.4	296.2	2979.0	n/a	n/a	n/a	n/a
187.139	0.03	saccade	n/a	282.8	294.6	n/a	337.9	288.2	1.98	181.0
187.171	0.194	fixation	n/a	339.3	289.1	3003.0	n/a	n/a	n/a	n/a
187.367	0.028	saccade	n/a	341.4	291.9	n/a	396.6	291.5	1.99	170.0
187.397	0.514	fixation	n/a	395.3	292.0	3035.0	n/a	n/a	n/a	n/a
187.858	0.0	trigger_11	11	n/a	n/a	n/a	n/a	n/a	n/a	n/a
187.913	0.038	saccade	n/a	395.2	294.1	n/a	334.3	174.0	4.9	262.0
187.953	0.192	fixation	n/a	335.3	176.2	3043.0	n/a	n/a	n/a	n/a
187.962	0.0	trigger_12	12	n/a	n/a	n/a	n/a	n/a	n/a	n/a
188.147	0.032	saccade	n/a	333.6	176.6	n/a	235.2	147.6	3.64	236.0
188.181	0.12	fixation	n/a	233.6	152.9	3163.0	n/a	n/a	n/a	n/a
188.303	0.046	saccade	n/a	231.1	157.5	n/a	139.3	163.9	3.21	276.0
188.351	0.2	fixation	n/a	132.4	167.1	3282.0	n/a	n/a	n/a	n/a
188.553	0.018	saccade	n/a	134.0	168.3	n/a	161.0	170.3	0.93	76.0
188.573	0.14	fixation	n/a	155.1	169.1	3260.0	n/a	n/a	n/a	n/a
188.715	0.03	saccade	n/a	155.3	166.0	n/a	228.0	167.6	2.54	198.0
188.747	0.222	fixation	n/a	231.2	171.3	3209.0	n/a	n/a	n/a	n/a
188.971	0.024	saccade	n/a	237.0	174.3	n/a	277.2	173.2	1.42	118.0
188.997	0.22	fixation	n/a	276.6	174.2	3179.0	n/a	n/a	n/a	n/a
189.219	0.03	saccade	n/a	278.7	175.9	n/a	341.8	172.2	2.25	183.0
189.251	0.224	fixation	n/a	343.6	170.9	3153.0	n/a	n/a	n/a	n/a
189.477	0.028	saccade	n/a	346.1	172.1	n/a	395.0	165.0	1.77	154.0
189.507	0.2	fixation	n/a	394.7	167.5	3125.0	n/a	n/a	n/a	n/a
189.709	0.016	saccade	n/a	396.8	170.8	n/a	419.1	169.8	0.8	63.0
189.727	0.328	fixation	n/a	412.2	167.8	3117.0	n/a	n/a	n/a	n/a
190.057	0.03	saccade	n/a	412.1	172.8	n/a	339.8	172.8	2.6	221.0
190.089	0.512	fixation	n/a	336.5	171.6	3088.0	n/a	n/a	n/a	n/a
190.386	0.0	trigger_13	13	n/a	n/a	n/a	n/a	n/a	n/a	n/a
190.603	0.04	saccade	n/a	339.4	167.7	n/a	149.0	192.7	6.75	362.0
190.645	0.344	fixation	n/a	145.4	197.7	3075.0	n/a	n/a	n/a	n/a
190.991	0.024	saccade	n/a	144.9	199.5	n/a	173.4	170.9	1.42	111.0
191.017	0.218	fixation	n/a	168.0	172.9	3279.0	n/a	n/a	n/a	n/a
191.237	0.026	saccade	n/a	169.8	172.5	n/a	187.9	205.7	1.35	111.0
191.265	0.16	fixation	n/a	188.6	202.2	3382.0	n/a	n/a	n/a	n/a
191.427	0.042	saccade	n/a	189.4	206.0	n/a	152.2	234.0	1.64	190.0
191.471	0.04	fixation	n/a	150.2	242.7	3433.0	n/a	n/a	n/a	n/a
191.513	0.044	saccade	n/a	150.5	244.1	n/a	160.2	175.8	2.47	258.0
191.559	0.212	fixation	n/a	164.5	170.7	3476.0	n/a	n/a	n/a	n/a
191.773	0.04	saccade	n/a	163.6	170.3	n/a	119.2	164.3	1.54	180.0
191.815	0.094	fixation	n/a	115.7	165.4	3481.0	n/a	n/a	n/a	n/a
191.911	0.032	saccade	n/a	116.2	166.3	n/a	239.6	166.1	4.28	270.0
191.945	0.218	fixation	n/a	245.2	167.8	3488.0	n/a	n/a	n/a	n/a
192.165	0.05	saccade	n/a	244.8	172.6	n/a	143.1	233.5	4.18	326.0
192.217	0.198	fixation	n/a	138.7	244.3	3548.0	n/a	n/a	n/a	n/a
192.417	0.044	saccade	n/a	136.0	245.4	n/a	128.1	300.5	1.99	206.0
192.463	0.202	fixation	n/a	129.0	309.7	3628.0	n/a	n/a	n/a	n/a
192.667	0.042	saccade	n/a	124.5	307.8	n/a	237.2	156.6	6.69	348.0
192.711	0.116	fixation	n/a	240.0	154.8	3608.0	n/a	n/a	n/a	n/a
192.829	0.024	saccade	n/a	244.4	157.4	n/a	277.1	164.4	1.18	129.0
192.855	0.11	fixation	n/a	277.1	163.0	3535.0	n/a	n/a	n/a	n/a
192.967	0.04	saccade	n/a	280.4	163.4	n/a	138.8	287.6	6.68	425.0
193.009	0.222	fixation	n/a	132.3	292.7	3497.0	n/a	n/a	n/a	n/a
193.233	0.026	saccade	n/a	129.1	292.6	n/a	113.9	293.8	0.52	101.0
193.261	0.228	fixation	n/a	111.8	299.5	3467.0	n/a	n/a	n/a	n/a
193.491	0.04	saccade	n/a	113.8	304.4	n/a	165.2	163.1	5.35	252.0
193.533	0.288	fixation	n/a	168.1	163.0	3314.0	n/a	n/a	n/a	n/a
193.554	0.0	trigger_15	15	n/a	n/a	n/a	n/a	n/a	n/a	n/a
193.606	0.0	trigger_10	10	n/a	n/a	n/a	n/a	n/a	n/a	n/a
193.823	0.024	saccade	n/a	165.5	165.4	n/a	133.0	162.9	1.13	115.0
193.849	0.296	fixation	n/a	134.0	162.0	3392.0	n/a	n/a	n/a	n/a
194.147	0.03	saccade	n/a	137.1	161.7	n/a	212.6	161.1	2.63	205.0
194.179	0.27	fixation	n/a	213.7	163.6	3378.0	n/a	n/a	n/a	n/a
194.451	0.03	saccade	n/a	216.5	166.0	n/a	285.2	161.2	2.43	205.0
194.483	0.094	fixation	n/a	287.6	165.6	3303.0	n/a	n/a	n/a	n/a
194.579	0.246	saccade	n/a	298.5	172.0	n/a	356.1	207.3	2.43	894.0
194.617	0.128	blink	n/a	n/a	n/a	n/a	n/a	n/a	n/a	n/a
194.827	0.102	fixation	n/a	335.0	162.4	3080.0	n/a	n/a	n/a	n/a
194.931	0.03	saccade	n/a	333.7	155.4	n/a	399.2	165.1	2.38	201.0
194.963	0.15	fixation	n/a	400.6	165.0	3077.0	n/a	n/a	n/a	n/a
195.115	0.024	saccade	n/a	401.4	164.4	n/a	433.7	169.5	1.18	99.0
195.141	0.144	fixation	n/a	433.2	168.0	2955.0	n/a	n/a	n/a	n/a
195.287	0.03	saccade	n/a	435.7	169.0	n/a	501.6	159.3	2.41	191.0
195.319	0.328	fixation	n/a	502.5	159.2	2857.0	n/a	n/a	n/a	n/a
195.649	0.03	saccade	n/a	500.5	160.6	n/a	580.1	157.8	2.88	202.0
195.681	0.19	fixation	n/a	582.7	161.6	2905.0	n/a	n/a	n/a	n/a
195.873	0.058	saccade	n/a	582.5	164.5	n/a	189.4	221.4	14.14	514.0
195.933	0.172	fixation	n/a	186.8	224.7	3093.0	n/a	n/a	n/a	n/a
196.107	0.038	saccade	n/a	185.5	225.6	n/a	154.5	227.2	1.08	136.0
196.147	0.166	fixation	n/a	152.5	230.3	3116.0	n/a	n/a	n/a	n/a
196.315	0.032	saccade	n/a	153.6	231.6	n/a	236.4	227.4	2.9	208.0
196.349	0.144	fixation	n/a	239.2	228.6	3212.0	n/a	n/a	n/a	n/a
196.495	0.034	saccade	n/a	240.7	228.7	n/a	184.6	168.9	2.93	238.0
196.531	0.144	fixation	n/a	177.1	167.4	3249.0	n/a	n/a	n/a	n/a
196.677	0.04	saccade	n/a	174.3	169.4	n/a	137.9	166.7	1.27	152.0
196.719	0.252	fixation	n/a	134.7	168.1	3275.0	n/a	n/a	n/a	n/a
196.973	0.032	saccade	n/a	136.9	169.6	n/a	221.3	172.9	2.96	201.0
197.007	0.328	fixation	n/a	222.1	175.2	3400.0	n/a	n/a	n/a	n/a
197.068	0.0	trigger_11	11	n/a	n/a	n/a	n/a	n/a	n/a	n/a
197.172	0.0	trigger_12	12	n/a	n/a	n/a	n/a	n/a	n/a	n/a
197.337	0.03	saccade	n/a	223.1	177.0	n/a	166.5	170.2	2.0	171.0
197.369	0.206	fixation	n/a	167.0	170.8	3413.0	n/a	n/a	n/a	n/a
197.577	0.022	saccade	n/a	165.4	169.0	n/a	138.0	168.8	0.95	96.0
197.601	0.302	fixation	n/a	140.1	169.3	3357.0	n/a	n/a	n/a	n/a
197.905	0.034	saccade	n/a	139.3	170.1	n/a	249.8	171.8	3.88	245.0
197.941	0.172	fixation	n/a	255.9	171.9	3303.0	n/a	n/a	n/a	n/a
198.115	0.03	saccade	n/a	256.9	170.9	n/a	323.6	171.9	2.39	185.0
198.147	0.248	fixation	n/a	324.5	170.7	3313.0	n/a	n/a	n/a	n/a
198.397	0.032	saccade	n/a	326.5	170.3	n/a	411.6	166.2	3.08	222.0
198.431	0.232	fixation	n/a	413.6	165.7	3257.0	n/a	n/a	n/a	n/a
198.665	0.026	saccade	n/a	414.6	165.2	n/a	457.7	164.1	1.56	132.0
198.693	0.204	fixation	n/a	456.6	168.2	3241.0	n/a	n/a	n/a	n/a
198.899	0.032	saccade	n/a	458.6	170.2	n/a	540.1	169.7	2.96	201.0
198.933	0.124	fixation	n/a	537.2	168.6	3243.0	n/a	n/a	n/a	n/a
199.059	0.058	saccade	n/a	538.2	171.5	n/a	150.1	230.7	13.95	507.0
199.119	0.306	fixation	n/a	153.7	238.0	3378.0	n/a	n/a	n/a	n/a
199.427	0.03	saccade	n/a	151.7	240.2	n/a	232.3	238.9	2.83	233.0
199.459	0.504	fixation	n/a	238.7	243.9	3305.0	n/a	n/a	n/a	n/a
199.965	0.022	saccade	n/a	243.3	241.0	n/a	270.8	239.2	0.98	96.0
199.989	0.198	fixation	n/a	264.3	236.9	3168.0	n/a	n/a	n/a	n/a
200.189	0.03	saccade	n/a	265.1	238.0	n/a	334.4	234.8	2.49	200.0
200.221	0.356	fixation	n/a	337.7	239.3	3142.0	n/a	n/a	n/a	n/a
200.579	0.022	saccade	n/a	339.0	239.3	n/a	370.7	234.4	1.16	103.0
200.603	0.12	fixation	n/a	365.6	235.5	3112.0	n/a	n/a	n/a	n/a
200.725	0.032	saccade	n/a	365.9	234.8	n/a	445.1	228.2	2.87	213.0
200.759	0.21	fixation	n/a	449.8	229.9	3071.0	n/a	n/a	n/a	n/a
200.971	0.02	saccade	n/a	453.3	232.0	n/a	480.1	233.3	0.98	85.0
200.993	0.242	fixation	n/a	478.0	235.2	3040.0	n/a	n/a	n/a	n/a
201.237	0.028	saccade	n/a	481.2	235.3	n/a	542.4	234.1	2.22	166.0
201.267	0.218	fixation	n/a	544.3	235.5	3022.0	n/a	n/a	n/a	n/a
201.487	0.028	saccade	n/a	544.0	236.5	n/a	601.5	234.0	2.09	176.0
201.517	0.226	fixation	n/a	602.7	235.8	3041.0	n/a	n/a	n/a	n/a
201.745	0.03	saccade	n/a	603.4	238.1	n/a	548.2	236.5	2.0	180.0
201.777	0.22	fixation	n/a	544.3	236.6	3055.0	n/a	n/a	n/a	n/a
201.999	0.052	saccade	n/a	540.5	233.9	n/a	329.9	186.6	7.81	335.0
202.053	0.096	fixation	n/a	329.4	189.2	3103.0	n/a	n/a	n/a	n/a
202.151	0.034	saccade	n/a	327.5	191.6	n/a	186.7	176.8	5.03	324.0
202.187	0.278	fixation	n/a	185.3	181.0	3111.0	n/a	n/a	n/a	n/a
202.244	0.0	trigger_13	13	n/a	n/a	n/a	n/a	n/a	n/a	n/a
202.467	0.028	saccade	n/a	183.9	184.5	n/a	132.8	183.1	1.78	162.0
202.497	0.158	fixation	n/a	131.9	181.5	3114.0	n/a	n/a	n/a	n/a
202.657	0.03	saccade	n/a	128.1	178.8	n/a	142.7	230.3	1.92	164.0
202.689	0.284	fixation	n/a	145.0	233.2	3119.0	n/a	n/a	n/a	n/a
202.975	0.042	saccade	n/a	146.1	236.0	n/a	137.8	305.4	2.52	234.0
203.019	0.156	fixation	n/a	137.6	315.7	3264.0	n/a	n/a	n/a	n/a
203.177	0.026	saccade	n/a	135.4	316.4	n/a	147.2	352.9	1.38	114.0
203.205	0.318	fixation	n/a	142.4	354.7	3392.0	n/a	n/a	n/a	n/a
203.525	0.036	saccade	n/a	139.9	359.2	n/a	108.0	365.3	1.12	152.0
203.563	0.222	fixation	n/a	100.7	364.4	3501.0	n/a	n/a	n/a	n/a
203.787	0.044	saccade	n/a	100.8	363.4	n/a	124.1	183.5	6.49	364.0
203.833	0.348	fixation	n/a	135.1	182.0	3389.0	n/a	n/a	n/a	n/a
203.908	0.0	trigger_15	15	n/a	n/a	n/a	n/a	n/a	n/a	n/a
203.962	0.0	trigger_10	10	n/a	n/a	n/a	n/a	n/a	n/a	n/a
204.183	0.03	saccade	n/a	137.9	180.6	n/a	205.2	176.3	2.36	169.0
204.215	0.236	fixation	n/a	199.7	170.7	3394.0	n/a	n/a	n/a	n/a
204.453	0.03	saccade	n/a	199.5	168.0	n/a	147.5	166.9	1.82	174.0
204.485	0.19	fixation	n/a	149.0	172.9	3371.0	n/a	n/a	n/a	n/a
204.677	0.024	saccade	n/a	148.8	176.4	n/a	124.7	174.3	0.84	101.0
204.703	0.252	fixation	n/a	125.3	180.7	3318.0	n/a	n/a	n/a	n/a
204.957	0.03	saccade	n/a	125.6	184.2	n/a	200.3	182.2	2.61	178.0
204.989	0.276	fixation	n/a	197.3	180.4	3352.0	n/a	n/a	n/a	n/a
205.267	0.03	saccade	n/a	192.3	176.8	n/a	272.8	173.9	2.85	195.0
205.299	0.126	fixation	n/a	274.8	174.8	3312.0	n/a	n/a	n/a	n/a
205.427	0.028	saccade	n/a	277.4	175.3	n/a	329.5	175.3	1.87	168.0
205.457	0.344	fixation	n/a	331.9	175.2	3238.0	n/a	n/a	n/a	n/a
205.803	0.026	saccade	n/a	340.2	179.2	n/a	406.5	174.3	2.4	161.0
205.831	0.236	fixation	n/a	407.9	170.5	3009.0	n/a	n/a	n/a	n/a
206.069	0.016	saccade	n/a	411.4	170.3	n/a	432.8	171.1	0.77	64.0
206.087	0.09	fixation	n/a	428.3	171.5	2951.0	n/a	n/a	n/a	n/a
206.179	0.028	saccade	n/a	430.7	170.8	n/a	492.3	168.4	2.23	174.0
206.209	0.296	fixation	n/a	492.1	168.8	2953.0	n/a	n/a	n/a	n/a
206.507	0.028	saccade	n/a	494.5	171.1	n/a	565.7	179.4	2.6	180.0
206.537	0.13	fixation	n/a	563.7	177.8	2961.0	n/a	n/a	n/a	n/a
206.669	0.022	saccade	n/a	567.5	177.7	n/a	601.8	176.1	1.24	104.0
206.693	0.242	fixation	n/a	595.7	176.1	3014.0	n/a	n/a	n/a	n/a
206.937	0.06	saccade	n/a	593.1	175.4	n/a	158.8	225.1	15.51	502.0
206.999	0.138	fixation	n/a	160.6	233.1	3094.0	n/a	n/a	n/a	n/a
207.139	0.024	saccade	n/a	160.8	238.7	n/a	130.6	240.8	1.05	108.0
207.165	0.202	fixation	n/a	133.2	240.2	3061.0	n/a	n/a	n/a	n/a
207.369	0.032	saccade	n/a	136.0	242.5	n/a	228.9	241.4	3.26	251.0
207.403	0.5	fixation	n/a	235.8	240.0	2989.0	n/a	n/a	n/a	n/a
207.905	0.028	saccade	n/a	232.1	238.5	n/a	284.8	237.3	1.88	148.0
207.935	0.12	fixation	n/a	286.3	237.5	2925.0	n/a	n/a	n/a	n/a
208.057	0.032	saccade	n/a	287.6	238.2	n/a	367.4	235.9	2.87	220.0
208.091	0.14	fixation	n/a	370.4	235.9	2887.0	n/a	n/a	n/a	n/a
208.233	0.024	saccade	n/a	374.3	236.6	n/a	407.2	234.6	1.19	108.0
208.259	0.198	fixation	n/a	403.9	236.4	2908.0	n/a	n/a	n/a	n/a
208.459	0.03	saccade	n/a	403.4	235.7	n/a	487.5	226.4	3.07	210.0
208.491	0.268	fixation	n/a	488.7	225.7	2901.0	n/a	n/a	n/a	n/a
208.761	0.03	saccade	n/a	491.1	227.4	n/a	562.5	227.2	2.59	184.0
208.793	0.28	fixation	n/a	561.5	227.8	2851.0	n/a	n/a	n/a	n/a
209.075	0.026	saccade	n/a	560.4	229.7	n/a	604.9	231.2	1.62	135.0
209.103	0.212	fixation	n/a	601.6	229.4	2891.0	n/a	n/a	n/a	n/a
209.317	0.062	saccade	n/a	600.9	227.1	n/a	176.2	273.7	15.18	489.0
209.381	0.114	fixation	n/a	173.7	277.4	3030.0	n/a	n/a	n/a	n/a
209.497	0.026	saccade	n/a	176.8	286.4	n/a	147.1	299.9	1.15	122.0
209.525	0.154	fixation	n/a	143.7	298.7	3046.0	n/a	n/a	n/a	n/a
209.681	0.036	saccade	n/a	141.9	297.6	n/a	255.2	297.5	3.98	283.0
209.719	0.274	fixation	n/a	262.7	297.5	3053.0	n/a	n/a	n/a	n/a
209.995	0.032	saccade	n/a	265.7	299.4	n/a	168.1	294.1	3.45	256.0
210.029	0.13	fixation	n/a	166.8	292.6	3002.0	n/a	n/a	n/a	n/a
210.161	0.03	saccade	n/a	165.3	290.0	n/a	154.4	226.0	2.34	180.0
210.193	0.154	fixation	n/a	155.2	230.9	2994.0	n/a	n/a	n/a	n/a
210.349	0.032	saccade	n/a	156.9	234.3	n/a	239.3	238.0	2.9	239.0
210.383	0.344	fixation	n/a	243.3	237.4	3107.0	n/a	n/a	n/a	n/a
210.468	0.0	trigger_11	11	n/a	n/a	n/a	n/a	n/a	n/a	n/a
210.572	0.0	trigger_10	10	n/a	n/a	n/a	n/a	n/a	n/a	n/a
210.729	0.034	saccade	n/a	243.2	240.8	n/a	178.9	188.0	2.97	210.0
210.765	0.066	fixation	n/a	178.5	190.2	3111.0	n/a	n/a	n/a	n/a
210.833	0.024	saccade	n/a	174.6	188.1	n/a	162.2	163.8	0.97	100.0
210.859	0.254	fixation	n/a	164.4	167.4	3103.0	n/a	n/a	n/a	n/a
211.115	0.024	saccade	n/a	167.5	164.5	n/a	206.5	165.9	1.37	117.0
211.141	0.35	fixation	n/a	204.2	167.0	3079.0	n/a	n/a	n/a	n/a
211.493	0.03	saccade	n/a	202.4	167.6	n/a	125.6	162.2	2.68	201.0
211.525	0.212	fixation	n/a	126.3	165.6	3086.0	n/a	n/a	n/a	n/a
211.739	0.022	saccade	n/a	127.9	166.8	n/a	159.3	169.8	1.09	94.0
211.763	0.168	fixation	n/a	154.4	171.4	3129.0	n/a	n/a	n/a	n/a
211.933	0.026	saccade	n/a	157.4	168.7	n/a	199.4	168.1	1.47	133.0
211.961	0.24	fixation	n/a	199.8	169.1	3076.0	n/a	n/a	n/a	n/a
212.203	0.016	saccade	n/a	202.3	171.3	n/a	226.1	174.5	0.85	72.0
212.221	1.568	fixation	n/a	227.0	179.4	3081.0	n/a	n/a	n/a	n/a
213.791	0.03	saccade	n/a	229.0	187.5	n/a	293.6	188.4	2.3	190.0
213.823	0.328	fixation	n/a	286.9	182.1	3212.0	n/a	n/a	n/a	n/a
214.153	0.028	saccade	n/a	283.7	182.1	n/a	331.4	181.4	1.71	160.0
214.183	0.27	fixation	n/a	332.4	181.5	3123.0	n/a	n/a	n/a	n/a
214.455	0.028	saccade	n/a	332.4	177.7	n/a	386.5	175.6	1.95	155.0
214.485	0.202	fixation	n/a	389.0	174.2	3050.0	n/a	n/a	n/a	n/a
214.689	0.03	saccade	n/a	390.6	173.6	n/a	467.6	172.7	2.79	192.0
214.721	0.15	fixation	n/a	467.7	171.8	3057.0	n/a	n/a	n/a	n/a
214.873	0.026	saccade	n/a	472.4	174.5	n/a	510.7	175.0	1.39	121.0
214.901	0.2	fixation	n/a	512.0	171.0	3009.0	n/a	n/a	n/a	n/a
215.103	0.032	saccade	n/a	514.2	166.0	n/a	602.9	172.4	3.2	218.0
215.137	0.14	fixation	n/a	602.8	166.6	2968.0	n/a	n/a	n/a	n/a
215.279	0.064	saccade	n/a	602.2	168.9	n/a	129.1	226.2	16.76	516.0
215.345	0.242	fixation	n/a	133.5	237.6	3060.0	n/a	n/a	n/a	n/a
215.589	0.03	saccade	n/a	135.9	242.0	n/a	208.9	233.3	2.57	186.0
215.621	0.302	fixation	n/a	209.8	233.1	3006.0	n/a	n/a	n/a	n/a
215.925	0.03	saccade	n/a	208.6	231.6	n/a	292.5	233.7	2.98	231.0
215.957	0.278	fixation	n/a	294.5	231.5	3032.0	n/a	n/a	n/a	n/a
216.237	0.024	saccade	n/a	295.7	234.3	n/a	333.1	237.1	1.34	123.0
216.263	0.084	fixation	n/a	327.5	236.7	3053.0	n/a	n/a	n/a	n/a
216.349	0.03	saccade	n/a	328.2	237.6	n/a	393.7	232.8	2.37	194.0
216.381	0.27	fixation	n/a	395.2	234.4	3074.0	n/a	n/a	n/a	n/a
216.653	0.028	saccade	n/a	396.6	237.7	n/a	459.8	233.6	2.29	188.0
216.683	0.27	fixation	n/a	461.6	230.2	3065.0	n/a	n/a	n/a	n/a
216.955	0.03	saccade	n/a	464.8	233.1	n/a	578.0	231.0	4.09	247.0
216.987	0.322	fixation	n/a	588.6	229.4	3005.0	n/a	n/a	n/a	n/a
217.311	0.028	saccade	n/a	588.7	229.2	n/a	637.3	232.6	1.75	163.0
217.341	0.208	fixation	n/a	636.8	231.5	2971.0	n/a	n/a	n/a	n/a
217.551	0.036	saccade	n/a	637.7	233.0	n/a	668.6	231.8	1.11	130.0
217.589	0.162	fixation	n/a	673.4	236.7	2955.0	n/a	n/a	n/a	n/a
217.753	0.072	saccade	n/a	673.6	238.1	n/a	154.3	279.0	18.35	503.0
217.827	0.198	fixation	n/a	155.9	285.6	3039.0	n/a	n/a	n/a	n/a
218.027	0.026	saccade	n/a	156.0	290.8	n/a	124.1	299.1	1.15	129.0
218.055	0.204	fixation	n/a	119.7	291.9	3048.0	n/a	n/a	n/a	n/a
218.261	0.03	saccade	n/a	118.9	290.7	n/a	192.9	291.4	2.57	206.0
218.293	0.172	fixation	n/a	196.2	292.2	3053.0	n/a	n/a	n/a	n/a
218.467	0.038	saccade	n/a	199.8	292.9	n/a	242.6	292.4	1.51	170.0
218.507	0.274	fixation	n/a	251.0	293.4	2972.0	n/a	n/a	n/a	n/a
218.783	0.026	saccade	n/a	255.6	295.4	n/a	318.8	291.2	2.26	157.0
218.811	0.276	fixation	n/a	321.2	294.1	2859.0	n/a	n/a	n/a	n/a
219.089	0.016	saccade	n/a	324.6	296.7	n/a	347.6	297.7	0.83	69.0
219.107	0.28	fixation	n/a	341.2	294.9	2828.0	n/a	n/a	n/a	n/a
219.389	0.028	saccade	n/a	340.9	296.9	n/a	418.8	289.2	2.83	183.0
219.419	0.198	fixation	n/a	423.5	289.4	2826.0	n/a	n/a	n/a	n/a
219.619	0.026	saccade	n/a	424.7	289.5	n/a	465.9	291.7	1.49	130.0
219.647	0.312	fixation	n/a	466.7	291.0	2837.0	n/a	n/a	n/a	n/a
219.961	0.02	saccade	n/a	469.3	294.9	n/a	499.4	295.0	1.09	91.0
219.983	0.14	fixation	n/a	496.9	294.2	2814.0	n/a	n/a	n/a	n/a
220.125	0.03	saccade	n/a	497.9	292.9	n/a	574.1	291.9	2.76	183.0
220.157	0.224	fixation	n/a	575.4	290.9	2824.0	n/a	n/a	n/a	n/a
220.383	0.068	saccade	n/a	575.7	293.9	n/a	142.0	352.3	15.47	462.0
220.453	0.258	fixation	n/a	143.8	357.5	2894.0	n/a	n/a	n/a	n/a
220.713	0.024	saccade	n/a	143.7	359.5	n/a	113.9	359.3	1.03	112.0
220.739	0.278	fixation	n/a	115.7	358.8	2947.0	n/a	n/a	n/a	n/a
221.019	0.04	saccade	n/a	116.2	361.8	n/a	166.2	181.1	6.7	358.0
221.061	0.218	fixation	n/a	171.4	177.5	3012.0	n/a	n/a	n/a	n/a
221.281	0.024	saccade	n/a	173.5	179.3	n/a	212.4	170.0	1.4	114.0
221.307	0.418	fixation	n/a	209.9	174.9	3135.0	n/a	n/a	n/a	n/a
221.414	0.0	trigger_11	11	n/a	n/a	n/a	n/a	n/a	n/a	n/a
221.516	0.0	trigger_10	10	n/a	n/a	n/a	n/a	n/a	n/a	n/a
221.727	0.03	saccade	n/a	209.4	172.6	n/a	138.2	161.5	2.51	205.0
221.759	0.314	fixation	n/a	131.0	166.1	3265.0	n/a	n/a	n/a	n/a
222.075	0.03	saccade	n/a	125.4	170.3	n/a	181.7	174.4	1.96	160.0
222.107	0.326	fixation	n/a	184.0	174.0	3187.0	n/a	n/a	n/a	n/a
222.435	0.026	saccade	n/a	186.3	172.2	n/a	228.2	175.6	1.48	129.0
222.463	0.224	fixation	n/a	225.6	175.0	3198.0	n/a	n/a	n/a	n/a
222.689	0.028	saccade	n/a	226.1	176.5	n/a	284.8	174.4	2.08	172.0
222.719	0.174	fixation	n/a	286.7	174.7	3183.0	n/a	n/a	n/a	n/a
222.895	0.024	saccade	n/a	288.2	173.4	n/a	323.5	173.8	1.26	114.0
222.921	0.114	fixation	n/a	320.4	174.3	3173.0	n/a	n/a	n/a	n/a
223.037	0.03	saccade	n/a	322.5	176.3	n/a	399.5	172.4	2.77	204.0
223.069	0.176	fixation	n/a	399.8	169.8	3078.0	n/a	n/a	n/a	n/a
223.247	0.028	saccade	n/a	402.1	165.4	n/a	457.1	165.5	1.99	162.0
223.277	0.214	fixation	n/a	455.2	168.1	2967.0	n/a	n/a	n/a	n/a
223.493	0.028	saccade	n/a	456.0	164.1	n/a	511.7	172.2	2.03	149.0
223.523	0.202	fixation	n/a	508.8	171.8	2944.0	n/a	n/a	n/a	n/a
223.727	0.026	saccade	n/a	508.0	174.4	n/a	550.1	173.0	1.52	119.0
223.755	0.26	fixation	n/a	547.6	171.9	2942.0	n/a	n/a	n/a	n/a
224.017	0.028	saccade	n/a	550.5	176.5	n/a	616.5	177.0	2.38	182.0
224.047	0.178	fixation	n/a	617.1	173.4	2955.0	n/a	n/a	n/a	n/a
224.227	0.07	saccade	n/a	616.3	174.4	n/a	121.4	227.8	17.47	508.0
224.299	0.208	fixation	n/a	127.0	236.7	3054.0	n/a	n/a	n/a	n/a
224.509	0.028	saccade	n/a	130.7	243.4	n/a	182.1	238.4	1.8	164.0
224.539	0.158	fixation	n/a	183.5	239.5	3068.0	n/a	n/a	n/a	n/a
224.699	0.038	saccade	n/a	184.5	238.3	n/a	236.5	230.2	1.85	196.0
224.739	0.202	fixation	n/a	245.8	234.4	3030.0	n/a	n/a	n/a	n/a
224.943	0.028	saccade	n/a	248.0	236.4	n/a	298.1	238.1	1.78	155.0
224.973	0.224	fixation	n/a	301.0	237.2	2974.0	n/a	n/a	n/a	n/a
225.199	0.028	saccade	n/a	302.7	235.9	n/a	349.0	236.3	1.66	146.0
225.229	0.212	fixation	n/a	350.8	237.6	2974.0	n/a	n/a	n/a	n/a
225.443	0.028	saccade	n/a	350.5	237.2	n/a	398.1	229.5	1.74	146.0
225.473	0.188	fixation	n/a	396.6	233.4	2926.0	n/a	n/a	n/a	n/a
225.663	0.026	saccade	n/a	398.6	235.7	n/a	452.9	230.8	1.97	142.0
225.691	0.278	fixation	n/a	454.1	230.1	2822.0	n/a	n/a	n/a	n/a
225.971	0.028	saccade	n/a	456.2	226.9	n/a	513.8	224.5	2.09	157.0
226.001	0.128	fixation	n/a	516.7	219.9	2746.0	n/a	n/a	n/a	n/a
226.131	0.026	saccade	n/a	519.4	219.6	n/a	566.5	221.1	1.7	145.0
226.159	0.16	fixation	n/a	566.2	223.1	2719.0	n/a	n/a	n/a	n/a
226.321	0.064	saccade	n/a	566.4	221.2	n/a	131.3	284.0	15.54	471.0
226.387	0.238	fixation	n/a	133.0	293.7	2823.0	n/a	n/a	n/a	n/a
226.627	0.034	saccade	n/a	135.1	300.5	n/a	130.5	167.9	4.76	240.0
226.663	0.444	fixation	n/a	130.3	159.2	2806.0	n/a	n/a	n/a	n/a
226.774	0.0	trigger_11	11	n/a	n/a	n/a	n/a	n/a	n/a	n/a
226.878	0.0	trigger_10	10	n/a	n/a	n/a	n/a	n/a	n/a	n/a
227.109	0.028	saccade	n/a	134.2	160.4	n/a	194.5	163.3	2.1	152.0
227.139	0.216	fixation	n/a	197.4	168.9	2935.0	n/a	n/a	n/a	n/a
227.357	0.028	saccade	n/a	199.1	168.8	n/a	258.9	169.0	2.11	177.0
227.387	0.208	fixation	n/a	257.4	171.6	2982.0	n/a	n/a	n/a	n/a
227.597	0.032	saccade	n/a	258.0	172.5	n/a	375.9	168.0	4.21	267.0
227.631	0.214	fixation	n/a	378.9	169.7	2997.0	n/a	n/a	n/a	n/a
227.847	0.032	saccade	n/a	380.1	167.7	n/a	461.8	169.6	2.94	218.0
227.881	0.228	fixation	n/a	462.8	167.1	2992.0	n/a	n/a	n/a	n/a
228.111	0.052	saccade	n/a	464.1	167.0	n/a	139.7	213.0	11.56	467.0
228.165	0.584	fixation	n/a	144.3	228.4	3016.0	n/a	n/a	n/a	n/a
228.751	0.032	saccade	n/a	144.7	229.6	n/a	238.5	237.0	3.29	238.0
228.785	0.278	fixation	n/a	243.5	240.1	3132.0	n/a	n/a	n/a	n/a
229.065	0.032	saccade	n/a	243.1	236.3	n/a	352.5	231.0	3.9	272.0
229.099	0.22	fixation	n/a	361.0	232.2	3123.0	n/a	n/a	n/a	n/a
229.321	0.022	saccade	n/a	364.3	234.5	n/a	389.8	234.5	0.92	95.0
229.345	0.162	fixation	n/a	385.5	234.6	3067.0	n/a	n/a	n/a	n/a
229.509	0.03	saccade	n/a	388.9	234.4	n/a	461.8	235.0	2.64	187.0
229.541	0.194	fixation	n/a	461.7	234.5	3054.0	n/a	n/a	n/a	n/a
229.737	0.024	saccade	n/a	464.4	233.6	n/a	509.6	233.8	1.63	127.0
229.763	0.128	fixation	n/a	511.3	236.3	3066.0	n/a	n/a	n/a	n/a
229.893	0.028	saccade	n/a	512.4	237.2	n/a	560.0	237.4	1.72	142.0
229.923	0.164	fixation	n/a	561.5	237.4	3094.0	n/a	n/a	n/a	n/a
230.089	0.028	saccade	n/a	565.4	240.1	n/a	619.9	240.5	1.96	151.0
230.119	0.28	fixation	n/a	618.4	240.3	3073.0	n/a	n/a	n/a	n/a
230.401	0.03	saccade	n/a	619.6	240.7	n/a	681.3	235.5	2.22	183.0
230.433	0.172	fixation	n/a	682.4	237.0	3042.0	n/a	n/a	n/a	n/a
230.607	0.068	saccade	n/a	681.4	234.7	n/a	157.8	289.1	18.54	519.0
230.677	0.24	fixation	n/a	159.3	295.1	3068.0	n/a	n/a	n/a	n/a
230.919	0.032	saccade	n/a	162.4	298.8	n/a	287.6	300.2	4.42	289.0
230.953	0.248	fixation	n/a	296.7	298.7	3064.0	n/a	n/a	n/a	n/a
231.203	0.032	saccade	n/a	297.8	300.4	n/a	402.6	293.9	3.77	247.0
231.237	0.132	fixation	n/a	406.6	293.1	2973.0	n/a	n/a	n/a	n/a
231.371	0.17	saccade	n/a	406.9	292.8	n/a	568.4	354.8	6.25	639.0
231.421	0.072	blink	n/a	n/a	n/a	n/a	n/a	n/a	n/a	n/a
231.543	0.502	fixation	n/a	531.2	300.9	2798.0	n/a	n/a	n/a	n/a
232.047	0.028	saccade	n/a	531.6	296.4	n/a	591.8	294.9	2.17	181.0
232.077	0.228	fixation	n/a	592.8	295.0	2720.0	n/a	n/a	n/a	n/a
232.307	0.058	saccade	n/a	592.4	295.6	n/a	159.2	344.8	15.44	502.0
232.367	0.13	fixation	n/a	157.6	347.4	2789.0	n/a	n/a	n/a	n/a
232.499	0.024	saccade	n/a	156.2	349.3	n/a	127.3	364.4	1.14	117.0
232.525	0.208	fixation	n/a	130.7	361.7	2803.0	n/a	n/a	n/a	n/a
232.735	0.032	saccade	n/a	132.9	362.5	n/a	229.8	359.5	3.38	243.0
232.769	0.268	fixation	n/a	233.4	358.9	2931.0	n/a	n/a	n/a	n/a
233.039	0.028	saccade	n/a	235.2	359.0	n/a	288.7	358.1	1.9	157.0
233.069	0.126	fixation	n/a	287.4	358.3	2928.0	n/a	n/a	n/a	n/a
233.197	0.024	saccade	n/a	290.1	358.4	n/a	335.2	363.9	1.62	137.0
233.223	0.168	fixation	n/a	334.3	363.4	2930.0	n/a	n/a	n/a	n/a
233.393	0.03	saccade	n/a	335.5	364.1	n/a	396.4	364.5	2.19	192.0
233.425	0.432	fixation	n/a	403.6	369.1	2934.0	n/a	n/a	n/a	n/a
233.859	0.026	saccade	n/a	412.0	371.4	n/a	463.5	365.6	1.87	157.0
233.887	0.17	fixation	n/a	464.1	367.4	2931.0	n/a	n/a	n/a	n/a
234.059	0.042	saccade	n/a	464.3	368.7	n/a	306.7	227.1	7.67	356.0
234.103	0.184	fixation	n/a	299.2	226.0	2979.0	n/a	n/a	n/a	n/a
234.289	0.03	saccade	n/a	297.3	227.7	n/a	249.6	187.3	2.24	186.0
234.321	0.278	fixation	n/a	248.5	191.3	3011.0	n/a	n/a	n/a	n/a
234.326	0.0	trigger_11	11	n/a	n/a	n/a	n/a	n/a	n/a	n/a
234.43	0.0	trigger_10	10	n/a	n/a	n/a	n/a	n/a	n/a	n/a
234.601	0.032	saccade	n/a	248.5	188.9	n/a	164.4	165.2	3.07	222.0
234.635	0.254	fixation	n/a	165.4	168.8	3051.0	n/a	n/a	n/a	n/a
234.891	0.032	saccade	n/a	163.4	168.7	n/a	252.8	168.3	3.13	238.0
234.925	0.46	fixation	n/a	258.8	171.5	3033.0	n/a	n/a	n/a	n/a
235.387	0.028	saccade	n/a	258.4	171.5	n/a	320.3	170.2	2.2	173.0
235.417	0.238	fixation	n/a	319.9	172.7	3039.0	n/a	n/a	n/a	n/a
235.657	0.028	saccade	n/a	320.5	175.4	n/a	371.1	178.6	1.82	159.0
235.687	0.17	fixation	n/a	371.2	181.3	3054.0	n/a	n/a	n/a	n/a
235.859	0.028	saccade	n/a	371.5	183.2	n/a	421.8	178.7	1.82	143.0
235.889	0.16	fixation	n/a	421.9	176.5	3034.0	n/a	n/a	n/a	n/a
236.051	0.024	saccade	n/a	424.4	172.9	n/a	463.7	168.5	1.43	120.0
236.077	0.124	fixation	n/a	460.0	168.7	2990.0	n/a	n/a	n/a	n/a
236.203	0.028	saccade	n/a	460.8	167.0	n/a	533.0	166.2	2.61	186.0
236.233	0.118	fixation	n/a	533.2	168.2	2953.0	n/a	n/a	n/a	n/a
236.353	0.028	saccade	n/a	534.9	170.2	n/a	589.0	174.6	1.96	167.0
236.383	0.11	fixation	n/a	587.6	173.3	2976.0	n/a	n/a	n/a	n/a
236.495	0.06	saccade	n/a	587.0	175.7	n/a	166.4	233.1	15.03	527.0
236.557	0.138	fixation	n/a	165.7	238.2	3107.0	n/a	n/a	n/a	n/a
236.697	0.026	saccade	n/a	167.4	244.6	n/a	128.3	238.0	1.38	141.0
236.725	0.242	fixation	n/a	130.1	243.1	3072.0	n/a	n/a	n/a	n/a
236.969	0.03	saccade	n/a	133.3	242.8	n/a	194.1	240.2	2.12	182.0
237.001	0.232	fixation	n/a	197.7	241.3	3042.0	n/a	n/a	n/a	n/a
237.235	0.03	saccade	n/a	196.0	239.1	n/a	267.5	244.1	2.53	189.0
237.267	0.218	fixation	n/a	269.0	245.1	3069.0	n/a	n/a	n/a	n/a
237.487	0.024	saccade	n/a	267.6	245.8	n/a	233.3	243.8	1.22	107.0
237.513	0.296	fixation	n/a	237.6	242.6	3050.0	n/a	n/a	n/a	n/a
237.811	0.024	saccade	n/a	238.8	242.5	n/a	278.1	232.8	1.44	117.0
237.837	0.106	fixation	n/a	274.4	234.9	3052.0	n/a	n/a	n/a	n/a
237.945	0.034	saccade	n/a	273.9	235.0	n/a	214.4	160.4	3.43	227.0
237.981	0.294	fixation	n/a	215.1	160.3	3037.0	n/a	n/a	n/a	n/a
238.014	0.0	trigger_11	11	n/a	n/a	n/a	n/a	n/a	n/a	n/a
238.118	0.0	trigger_10	10	n/a	n/a	n/a	n/a	n/a	n/a	n/a
238.277	0.03	saccade	n/a	214.2	163.4	n/a	163.7	167.1	1.77	165.0
238.309	0.126	fixation	n/a	162.8	167.0	3072.0	n/a	n/a	n/a	n/a
238.437	0.02	saccade	n/a	157.1	168.2	n/a	132.6	170.7	0.85	85.0
238.459	0.214	fixation	n/a	137.1	171.1	3067.0	n/a	n/a	n/a	n/a
238.675	0.03	saccade	n/a	136.5	168.2	n/a	210.0	166.5	2.56	192.0
238.707	0.16	fixation	n/a	212.7	169.1	3005.0	n/a	n/a	n/a	n/a
238.869	0.024	saccade	n/a	217.1	170.5	n/a	258.0	170.1	1.44	132.0
238.895	0.322	fixation	n/a	255.6	171.7	3033.0	n/a	n/a	n/a	n/a
239.219	0.032	saccade	n/a	261.4	175.1	n/a	337.9	170.1	2.73	218.0
239.253	0.23	fixation	n/a	342.4	173.3	3027.0	n/a	n/a	n/a	n/a
239.485	0.034	saccade	n/a	341.4	170.3	n/a	454.3	161.2	4.07	237.0
239.521	0.42	fixation	n/a	453.8	163.8	3021.0	n/a	n/a	n/a	n/a
239.943	0.03	saccade	n/a	450.7	166.0	n/a	515.8	164.3	2.35	198.0
239.975	0.186	fixation	n/a	517.6	170.1	3018.0	n/a	n/a	n/a	n/a
240.163	0.026	saccade	n/a	519.0	171.2	n/a	570.8	174.3	1.87	154.0
240.191	0.146	fixation	n/a	573.0	171.0	3045.0	n/a	n/a	n/a	n/a
240.339	0.062	saccade	n/a	571.6	168.2	n/a	131.1	226.5	15.65	507.0
240.403	0.258	fixation	n/a	138.2	235.7	3130.0	n/a	n/a	n/a	n/a
240.663	0.032	saccade	n/a	144.0	239.9	n/a	262.1	236.4	4.15	266.0
240.697	0.294	fixation	n/a	263.4	234.4	2930.0	n/a	n/a	n/a	n/a
240.993	0.03	saccade	n/a	254.2	234.0	n/a	354.9	226.2	3.6	237.0
241.025	0.204	fixation	n/a	362.3	231.9	2786.0	n/a	n/a	n/a	n/a
241.231	0.028	saccade	n/a	364.8	235.0	n/a	429.0	237.1	2.31	175.0
241.261	0.166	fixation	n/a	427.9	234.4	2779.0	n/a	n/a	n/a	n/a
241.429	0.026	saccade	n/a	428.3	232.8	n/a	472.5	236.1	1.6	133.0
241.457	0.284	fixation	n/a	471.6	236.3	2822.0	n/a	n/a	n/a	n/a
241.743	0.03	saccade	n/a	470.7	236.0	n/a	542.4	234.8	2.59	186.0
241.775	0.106	fixation	n/a	541.8	234.5	2853.0	n/a	n/a	n/a	n/a
241.883	0.028	saccade	n/a	543.2	236.7	n/a	588.7	234.6	1.64	158.0
241.913	0.19	fixation	n/a	588.0	234.6	2856.0	n/a	n/a	n/a	n/a
242.105	0.024	saccade	n/a	589.7	232.2	n/a	624.7	234.6	1.26	118.0
242.131	0.102	fixation	n/a	623.6	234.3	2827.0	n/a	n/a	n/a	n/a
242.235	0.064	saccade	n/a	621.3	232.7	n/a	159.9	298.8	16.51	521.0
242.301	0.152	fixation	n/a	161.1	302.5	2960.0	n/a	n/a	n/a	n/a
242.455	0.024	saccade	n/a	158.0	306.6	n/a	133.5	308.3	0.85	103.0
242.481	0.136	fixation	n/a	131.8	308.0	2997.0	n/a	n/a	n/a	n/a
242.619	0.03	saccade	n/a	132.0	310.0	n/a	220.2	306.2	3.09	239.0
242.651	0.184	fixation	n/a	222.7	306.3	3006.0	n/a	n/a	n/a	n/a
242.837	0.03	saccade	n/a	223.3	306.0	n/a	297.2	308.7	2.62	223.0
242.869	0.16	fixation	n/a	297.7	308.8	2996.0	n/a	n/a	n/a	n/a
243.031	0.034	saccade	n/a	297.0	310.7	n/a	197.8	201.0	5.3	301.0
243.067	0.142	fixation	n/a	200.7	200.9	3021.0	n/a	n/a	n/a	n/a
243.211	0.028	saccade	n/a	200.2	202.7	n/a	151.6	174.5	1.98	183.0
243.241	0.526	fixation	n/a	152.0	175.7	3070.0	n/a	n/a	n/a	n/a
243.472	0.0	trigger_11	11	n/a	n/a	n/a	n/a	n/a	n/a	n/a
243.574	0.0	trigger_10	10	n/a	n/a	n/a	n/a	n/a	n/a	n/a
243.769	0.016	saccade	n/a	147.4	174.2	n/a	123.8	171.1	0.82	69.0
243.787	0.142	fixation	n/a	130.9	174.8	3166.0	n/a	n/a	n/a	n/a
243.931	0.034	saccade	n/a	129.7	175.1	n/a	241.7	176.5	3.91	249.0
243.967	0.314	fixation	n/a	242.5	176.8	3264.0	n/a	n/a	n/a	n/a
244.283	0.026	saccade	n/a	245.9	180.2	n/a	197.6	175.9	1.71	133.0
244.311	0.148	fixation	n/a	199.4	175.7	3163.0	n/a	n/a	n/a	n/a
244.461	0.022	saccade	n/a	195.2	174.1	n/a	174.3	174.2	0.73	90.0
244.485	0.1	fixation	n/a	174.3	173.0	3084.0	n/a	n/a	n/a	n/a
244.587	0.03	saccade	n/a	175.6	173.3	n/a	313.5	174.2	4.86	279.0
244.619	0.264	fixation	n/a	338.4	173.9	3026.0	n/a	n/a	n/a	n/a
244.885	0.016	saccade	n/a	338.0	177.2	n/a	315.2	177.5	0.82	67.0
244.903	0.13	fixation	n/a	321.8	180.4	3005.0	n/a	n/a	n/a	n/a
245.035	0.03	saccade	n/a	321.0	180.0	n/a	389.2	174.6	2.46	184.0
245.067	0.24	fixation	n/a	389.4	169.3	2980.0	n/a	n/a	n/a	n/a
245.309	0.032	saccade	n/a	391.1	165.7	n/a	467.1	170.4	2.74	202.0
245.343	0.176	fixation	n/a	470.1	169.8	2945.0	n/a	n/a	n/a	n/a
245.521	0.024	saccade	n/a	472.8	168.5	n/a	511.2	163.3	1.4	117.0
245.547	0.208	fixation	n/a	510.8	168.0	2953.0	n/a	n/a	n/a	n/a
245.757	0.03	saccade	n/a	509.6	172.1	n/a	591.1	168.6	2.94	209.0
245.789	0.192	fixation	n/a	594.0	169.1	2936.0	n/a	n/a	n/a	n/a
245.983	0.062	saccade	n/a	595.5	172.7	n/a	153.9	221.5	15.7	477.0
246.047	0.136	fixation	n/a	156.9	227.3	3047.0	n/a	n/a	n/a	n/a
246.185	0.022	saccade	n/a	153.7	230.1	n/a	128.9	240.3	0.93	96.0
246.209	0.102	fixation	n/a	130.1	237.3	3071.0	n/a	n/a	n/a	n/a
246.313	0.032	saccade	n/a	132.9	238.9	n/a	246.9	237.9	3.99	274.0
246.347	0.2	fixation	n/a	253.6	237.9	3086.0	n/a	n/a	n/a	n/a
246.549	0.03	saccade	n/a	252.2	236.8	n/a	327.8	237.5	2.7	220.0
246.581	0.226	fixation	n/a	331.8	238.3	3030.0	n/a	n/a	n/a	n/a
246.809	0.032	saccade	n/a	334.5	242.9	n/a	418.9	242.3	3.05	219.0
246.843	0.202	fixation	n/a	424.4	239.9	2906.0	n/a	n/a	n/a	n/a
247.047	0.028	saccade	n/a	427.6	240.4	n/a	479.5	236.3	1.88	158.0
247.077	0.232	fixation	n/a	481.2	236.6	2812.0	n/a	n/a	n/a	n/a
247.311	0.014	saccade	n/a	486.5	237.2	n/a	505.6	236.2	0.69	62.0
247.327	0.132	fixation	n/a	500.3	235.6	2757.0	n/a	n/a	n/a	n/a
247.461	0.028	saccade	n/a	501.0	233.3	n/a	568.7	230.5	2.45	173.0
247.491	0.588	fixation	n/a	578.0	229.2	2741.0	n/a	n/a	n/a	n/a
248.081	0.062	saccade	n/a	582.5	230.9	n/a	246.4	167.9	12.2	381.0
248.145	0.18	fixation	n/a	243.6	172.3	2840.0	n/a	n/a	n/a	n/a
248.327	0.026	saccade	n/a	241.0	174.8	n/a	210.0	153.6	1.33	139.0
248.355	0.334	fixation	n/a	208.6	161.9	2878.0	n/a	n/a	n/a	n/a
248.416	0.0	trigger_11	11	n/a	n/a	n/a	n/a	n/a	n/a	n/a
248.52	0.0	trigger_12	12	n/a	n/a	n/a	n/a	n/a	n/a	n/a
248.691	0.03	saccade	n/a	208.0	164.5	n/a	151.9	155.2	1.98	168.0
248.723	0.176	fixation	n/a	152.0	156.7	2944.0	n/a	n/a	n/a	n/a
248.901	0.024	saccade	n/a	154.7	164.4	n/a	119.6	162.8	1.21	126.0
248.927	0.212	fixation	n/a	123.3	160.6	2992.0	n/a	n/a	n/a	n/a
249.141	0.028	saccade	n/a	124.1	158.9	n/a	179.9	165.2	1.94	160.0
249.171	0.27	fixation	n/a	180.8	165.6	2994.0	n/a	n/a	n/a	n/a
249.443	0.028	saccade	n/a	181.9	165.6	n/a	239.8	163.1	2.03	160.0
249.473	0.2	fixation	n/a	244.3	167.2	3044.0	n/a	n/a	n/a	n/a
249.675	0.028	saccade	n/a	248.2	168.9	n/a	296.9	169.8	1.73	153.0
249.705	0.192	fixation	n/a	298.5	170.3	3078.0	n/a	n/a	n/a	n/a
249.899	0.022	saccade	n/a	305.5	173.3	n/a	334.5	171.4	1.04	92.0
249.923	0.172	fixation	n/a	332.1	172.8	3033.0	n/a	n/a	n/a	n/a
250.097	0.03	saccade	n/a	332.1	172.1	n/a	387.0	170.5	1.97	168.0
250.129	0.204	fixation	n/a	387.1	168.4	2999.0	n/a	n/a	n/a	n/a
250.335	0.016	saccade	n/a	387.1	166.0	n/a	411.6	167.2	0.88	73.0
250.353	0.186	fixation	n/a	407.3	171.1	3002.0	n/a	n/a	n/a	n/a
250.541	0.028	saccade	n/a	407.8	172.0	n/a	459.7	165.5	1.89	157.0
250.571	0.18	fixation	n/a	459.6	167.8	3010.0	n/a	n/a	n/a	n/a
250.753	0.028	saccade	n/a	461.2	170.3	n/a	521.9	173.0	2.19	176.0
250.783	0.634	fixation	n/a	520.2	169.7	3001.0	n/a	n/a	n/a	n/a
251.419	0.024	saccade	n/a	522.1	169.4	n/a	524.3	167.2	0.11	63.0
251.445	0.088	fixation	n/a	527.1	164.7	2948.0	n/a	n/a	n/a	n/a
251.535	0.062	saccade	n/a	527.9	162.0	n/a	147.8	227.4	13.66	477.0
251.599	0.26	fixation	n/a	152.4	238.0	2932.0	n/a	n/a	n/a	n/a
251.861	0.028	saccade	n/a	155.2	242.1	n/a	230.2	232.8	2.65	210.0
251.891	0.202	fixation	n/a	231.8	233.8	2950.0	n/a	n/a	n/a	n/a
252.095	0.028	saccade	n/a	235.0	234.6	n/a	292.0	232.9	2.02	167.0
252.125	0.142	fixation	n/a	294.9	232.5	2881.0	n/a	n/a	n/a	n/a
252.269	0.032	saccade	n/a	297.4	234.2	n/a	371.0	238.5	2.65	206.0
252.303	0.176	fixation	n/a	374.9	236.2	2836.0	n/a	n/a	n/a	n/a
252.481	0.03	saccade	n/a	379.2	236.1	n/a	442.6	228.5	2.31	179.0
252.513	0.236	fixation	n/a	442.4	222.8	2820.0	n/a	n/a	n/a	n/a
252.751	0.04	saccade	n/a	442.2	224.0	n/a	251.6	149.2	7.34	380.0
252.793	0.664	fixation	n/a	246.2	152.8	2852.0	n/a	n/a	n/a	n/a
253.208	0.0	trigger_13	13	n/a	n/a	n/a	n/a	n/a	n/a	n/a
253.459	0.03	saccade	n/a	248.4	164.4	n/a	167.9	183.2	2.9	210.0
253.491	0.146	fixation	n/a	167.5	182.6	3015.0	n/a	n/a	n/a	n/a
253.639	0.026	saccade	n/a	167.0	186.3	n/a	166.8	227.7	1.49	133.0
253.667	0.258	fixation	n/a	167.4	228.3	3156.0	n/a	n/a	n/a	n/a
253.927	0.048	saccade	n/a	167.4	234.1	n/a	187.1	322.3	3.25	301.0
253.977	0.108	fixation	n/a	191.0	331.8	3318.0	n/a	n/a	n/a	n/a
254.087	0.014	saccade	n/a	193.4	332.6	n/a	207.8	322.2	0.63	53.0
254.103	0.2	fixation	n/a	207.5	326.3	3337.0	n/a	n/a	n/a	n/a
254.305	0.042	saccade	n/a	210.7	325.2	n/a	226.0	243.2	3.01	248.0
254.349	0.15	fixation	n/a	226.6	235.0	3203.0	n/a	n/a	n/a	n/a
254.501	0.028	saccade	n/a	224.1	234.2	n/a	203.6	175.2	2.25	163.0
254.531	0.15	fixation	n/a	205.9	181.6	3208.0	n/a	n/a	n/a	n/a
254.683	0.024	saccade	n/a	205.2	187.4	n/a	171.0	187.0	1.2	126.0
254.709	0.184	fixation	n/a	170.9	190.1	3258.0	n/a	n/a	n/a	n/a
254.895	0.026	saccade	n/a	164.9	190.8	n/a	131.1	186.5	1.18	133.0
254.923	0.178	fixation	n/a	129.6	185.7	3227.0	n/a	n/a	n/a	n/a
255.103	0.046	saccade	n/a	129.2	181.8	n/a	126.3	246.2	2.3	223.0
255.151	0.33	fixation	n/a	130.3	256.5	3216.0	n/a	n/a	n/a	n/a
255.483	0.03	saccade	n/a	128.8	251.0	n/a	214.5	182.1	3.88	214.0
255.515	0.21	fixation	n/a	220.9	179.8	3156.0	n/a	n/a	n/a	n/a
255.727	0.032	saccade	n/a	220.1	177.3	n/a	327.7	171.1	3.82	241.0
255.761	0.364	fixation	n/a	328.1	170.4	3232.0	n/a	n/a	n/a	n/a
255.896	0.0	trigger_15	15	n/a	n/a	n/a	n/a	n/a	n/a	n/a
255.95	0.0	trigger_10	10	n/a	n/a	n/a	n/a	n/a	n/a	n/a
256.127	0.046	saccade	n/a	328.6	167.6	n/a	226.9	158.8	3.61	271.0
256.175	0.14	fixation	n/a	219.5	161.1	3247.0	n/a	n/a	n/a	n/a
256.317	0.042	saccade	n/a	218.5	165.8	n/a	145.5	160.0	2.55	234.0
256.361	0.304	fixation	n/a	143.7	164.5	3154.0	n/a	n/a	n/a	n/a
256.667	0.028	saccade	n/a	147.7	170.3	n/a	214.9	167.8	2.34	183.0
256.697	0.21	fixation	n/a	215.4	165.8	3043.0	n/a	n/a	n/a	n/a
256.909	0.03	saccade	n/a	217.3	167.5	n/a	281.3	165.5	2.27	189.0
256.941	0.186	fixation	n/a	286.6	167.6	2967.0	n/a	n/a	n/a	n/a
257.129	0.03	saccade	n/a	288.1	167.2	n/a	376.3	163.4	3.16	234.0
257.161	0.208	fixation	n/a	379.7	161.2	2929.0	n/a	n/a	n/a	n/a
257.371	0.024	saccade	n/a	385.0	164.8	n/a	421.6	165.8	1.32	106.0
257.397	0.14	fixation	n/a	418.8	165.0	2882.0	n/a	n/a	n/a	n/a
257.539	0.026	saccade	n/a	421.7	164.7	n/a	462.5	158.3	1.49	125.0
257.567	0.244	fixation	n/a	460.9	161.7	2833.0	n/a	n/a	n/a	n/a
257.813	0.024	saccade	n/a	460.5	162.6	n/a	500.2	162.8	1.43	117.0
257.839	0.426	fixation	n/a	500.9	164.6	2740.0	n/a	n/a	n/a	n/a
258.267	0.026	saccade	n/a	504.9	166.8	n/a	582.1	163.2	2.79	166.0
258.295	0.156	fixation	n/a	589.0	160.3	2640.0	n/a	n/a	n/a	n/a
258.453	0.206	saccade	n/a	589.5	160.6	n/a	687.7	170.6	3.52	855.0
258.511	0.068	blink	n/a	n/a	n/a	n/a	n/a	n/a	n/a	n/a
258.661	0.112	fixation	n/a	673.7	161.3	2588.0	n/a	n/a	n/a	n/a
258.775	0.068	saccade	n/a	669.9	159.3	n/a	135.1	215.1	18.84	487.0
258.845	0.142	fixation	n/a	142.8	220.6	2684.0	n/a	n/a	n/a	n/a
258.989	0.018	saccade	n/a	139.8	224.1	n/a	122.9	236.0	0.72	68.0
259.009	0.154	fixation	n/a	130.0	238.5	2656.0	n/a	n/a	n/a	n/a
259.165	0.028	saccade	n/a	133.4	241.2	n/a	190.9	241.1	2.0	156.0
259.195	0.352	fixation	n/a	194.0	238.0	2626.0	n/a	n/a	n/a	n/a
259.549	0.028	saccade	n/a	196.1	235.2	n/a	266.1	237.0	2.47	173.0
259.579	0.18	fixation	n/a	267.4	234.3	2532.0	n/a	n/a	n/a	n/a
259.761	0.026	saccade	n/a	269.9	234.4	n/a	319.7	232.8	1.78	146.0
259.789	0.118	fixation	n/a	320.3	233.1	2514.0	n/a	n/a	n/a	n/a
259.909	0.028	saccade	n/a	322.4	235.0	n/a	388.1	229.5	2.37	165.0
259.939	0.156	fixation	n/a	390.1	226.7	2568.0	n/a	n/a	n/a	n/a
260.097	0.026	saccade	n/a	390.7	228.4	n/a	434.7	228.8	1.59	134.0
260.125	0.252	fixation	n/a	433.3	233.0	2704.0	n/a	n/a	n/a	n/a
260.379	0.026	saccade	n/a	435.6	235.2	n/a	505.5	228.8	2.54	165.0
260.407	0.13	fixation	n/a	510.8	228.7	2721.0	n/a	n/a	n/a	n/a
260.539	0.028	saccade	n/a	511.2	229.0	n/a	566.4	224.9	2.0	174.0
260.569	0.284	fixation	n/a	565.9	227.6	2732.0	n/a	n/a	n/a	n/a
260.855	0.156	saccade	n/a	575.9	238.3	n/a	584.8	239.6	0.32	548.0
260.897	0.05	blink	n/a	n/a	n/a	n/a	n/a	n/a	n/a	n/a
261.013	0.146	fixation	n/a	573.7	224.3	2774.0	n/a	n/a	n/a	n/a
261.161	0.016	saccade	n/a	573.9	227.4	n/a	590.5	233.5	0.64	53.0
261.179	0.258	fixation	n/a	585.6	231.6	2805.0	n/a	n/a	n/a	n/a
261.439	0.024	saccade	n/a	584.2	229.8	n/a	556.2	230.0	1.01	111.0
261.465	0.24	fixation	n/a	557.7	234.1	2783.0	n/a	n/a	n/a	n/a
261.68	0.0	trigger_11	11	n/a	n/a	n/a	n/a	n/a	n/a	n/a
261.707	0.052	saccade	n/a	556.0	235.7	n/a	290.4	183.9	9.71	415.0
261.761	0.176	fixation	n/a	286.4	178.8	2848.0	n/a	n/a	n/a	n/a
261.788	0.0	trigger_10	10	n/a	n/a	n/a	n/a	n/a	n/a	n/a
261.939	0.034	saccade	n/a	284.8	179.3	n/a	188.3	166.4	3.43	263.0
261.975	0.16	fixation	n/a	184.8	172.1	2871.0	n/a	n/a	n/a	n/a
262.137	0.028	saccade	n/a	186.1	177.9	n/a	137.2	173.2	1.71	162.0
262.167	0.316	fixation	n/a	140.4	172.6	2918.0	n/a	n/a	n/a	n/a
262.485	0.028	saccade	n/a	141.7	172.8	n/a	206.5	173.0	2.26	180.0
262.515	0.252	fixation	n/a	208.4	173.9	2961.0	n/a	n/a	n/a	n/a
262.769	0.03	saccade	n/a	208.6	172.7	n/a	280.9	170.7	2.55	209.0
262.801	0.204	fixation	n/a	287.3	175.6	2947.0	n/a	n/a	n/a	n/a
263.007	0.03	saccade	n/a	289.2	174.8	n/a	354.6	172.0	2.34	192.0
263.039	0.266	fixation	n/a	358.9	176.4	2974.0	n/a	n/a	n/a	n/a
263.307	0.032	saccade	n/a	363.0	180.1	n/a	438.0	180.6	2.7	216.0
263.341	0.208	fixation	n/a	443.9	182.4	2966.0	n/a	n/a	n/a	n/a
263.551	0.028	saccade	n/a	445.5	182.1	n/a	490.6	183.3	1.63	145.0
263.581	0.24	fixation	n/a	492.7	182.3	2995.0	n/a	n/a	n/a	n/a
263.823	0.028	saccade	n/a	492.2	179.3	n/a	569.7	177.2	2.79	186.0
263.853	0.15	fixation	n/a	571.4	177.2	2969.0	n/a	n/a	n/a	n/a
264.005	0.06	saccade	n/a	570.9	179.1	n/a	136.5	231.6	15.44	506.0
264.067	0.474	fixation	n/a	132.8	239.4	2994.0	n/a	n/a	n/a	n/a
264.543	0.032	saccade	n/a	131.7	242.1	n/a	148.7	172.6	2.56	178.0
264.577	0.246	fixation	n/a	149.0	176.3	2942.0	n/a	n/a	n/a	n/a
264.825	0.02	saccade	n/a	144.1	174.0	n/a	131.2	174.3	0.45	70.0
264.847	0.79	fixation	n/a	135.4	180.2	2995.0	n/a	n/a	n/a	n/a
265.16	0.0	trigger_11	11	n/a	n/a	n/a	n/a	n/a	n/a	n/a
265.264	0.0	trigger_10	10	n/a	n/a	n/a	n/a	n/a	n/a	n/a
265.639	0.022	saccade	n/a	141.9	182.5	n/a	190.4	183.4	1.69	122.0
265.663	0.196	fixation	n/a	189.4	181.8	3019.0	n/a	n/a	n/a	n/a
265.861	0.028	saccade	n/a	189.3	181.0	n/a	259.0	181.0	2.45	185.0
265.891	0.21	fixation	n/a	261.5	179.9	3080.0	n/a	n/a	n/a	n/a
266.103	0.03	saccade	n/a	265.2	179.0	n/a	329.6	180.2	2.3	179.0
266.135	0.112	fixation	n/a	329.3	181.0	3078.0	n/a	n/a	n/a	n/a
266.249	0.034	saccade	n/a	331.0	180.5	n/a	419.0	172.1	3.18	239.0
266.285	0.19	fixation	n/a	425.1	176.1	3031.0	n/a	n/a	n/a	n/a
266.477	0.016	saccade	n/a	431.7	177.2	n/a	452.3	177.2	0.74	63.0
266.495	0.2	fixation	n/a	448.4	179.4	3020.0	n/a	n/a	n/a	n/a
266.697	0.03	saccade	n/a	448.6	179.8	n/a	547.8	176.7	3.58	235.0
266.729	0.258	fixation	n/a	554.0	175.7	3019.0	n/a	n/a	n/a	n/a
266.989	0.028	saccade	n/a	556.5	182.0	n/a	613.9	181.3	2.07	166.0
267.019	0.184	fixation	n/a	612.2	180.3	3019.0	n/a	n/a	n/a	n/a
267.205	0.04	saccade	n/a	611.9	179.7	n/a	556.5	173.6	2.0	202.0
267.247	0.142	fixation	n/a	549.4	173.1	3094.0	n/a	n/a	n/a	n/a
267.391	0.06	saccade	n/a	548.8	176.8	n/a	170.3	230.7	13.59	508.0
267.453	0.13	fixation	n/a	165.1	234.9	3196.0	n/a	n/a	n/a	n/a
267.585	0.024	saccade	n/a	163.0	238.1	n/a	137.3	241.5	0.9	106.0
267.611	0.136	fixation	n/a	137.8	241.3	3155.0	n/a	n/a	n/a	n/a
267.749	0.032	saccade	n/a	138.9	241.0	n/a	225.7	239.3	3.03	251.0
267.783	0.214	fixation	n/a	229.8	239.4	3131.0	n/a	n/a	n/a	n/a
267.999	0.022	saccade	n/a	230.8	242.9	n/a	207.2	243.0	0.83	96.0
268.023	0.182	fixation	n/a	210.4	244.0	3064.0	n/a	n/a	n/a	n/a
268.207	0.02	saccade	n/a	213.1	245.4	n/a	240.0	244.9	0.95	79.0
268.229	0.218	fixation	n/a	235.7	243.5	3024.0	n/a	n/a	n/a	n/a
268.449	0.03	saccade	n/a	237.3	247.7	n/a	298.5	239.0	2.2	165.0
268.481	0.26	fixation	n/a	297.1	237.3	3027.0	n/a	n/a	n/a	n/a
268.743	0.028	saccade	n/a	295.5	239.0	n/a	335.3	240.0	1.43	139.0
268.773	0.378	fixation	n/a	333.7	233.3	3029.0	n/a	n/a	n/a	n/a
269.153	0.028	saccade	n/a	337.9	236.3	n/a	371.8	177.1	2.48	137.0
269.183	0.332	fixation	n/a	372.6	177.0	3040.0	n/a	n/a	n/a	n/a
269.517	0.032	saccade	n/a	370.6	176.1	n/a	283.9	183.9	3.11	213.0
269.551	0.214	fixation	n/a	286.4	191.1	3053.0	n/a	n/a	n/a	n/a
269.767	0.03	saccade	n/a	287.6	197.4	n/a	206.2	197.0	2.89	203.0
269.799	0.126	fixation	n/a	209.2	198.8	3057.0	n/a	n/a	n/a	n/a
269.927	0.026	saccade	n/a	208.5	201.1	n/a	174.5	184.5	1.34	119.0
269.955	0.386	fixation	n/a	178.0	186.5	3036.0	n/a	n/a	n/a	n/a
270.074	0.0	trigger_11	11	n/a	n/a	n/a	n/a	n/a	n/a	n/a
270.178	0.0	trigger_10	10	n/a	n/a	n/a	n/a	n/a	n/a	n/a
270.343	0.022	saccade	n/a	177.1	188.1	n/a	149.7	181.0	0.99	102.0
270.367	0.162	fixation	n/a	153.9	182.4	2969.0	n/a	n/a	n/a	n/a
270.531	0.028	saccade	n/a	155.4	182.5	n/a	220.2	178.4	2.27	171.0
270.561	0.246	fixation	n/a	219.2	178.6	2957.0	n/a	n/a	n/a	n/a
270.809	0.03	saccade	n/a	220.9	179.8	n/a	294.7	180.0	2.61	201.0
270.841	0.192	fixation	n/a	297.5	179.0	2898.0	n/a	n/a	n/a	n/a
271.035	0.02	saccade	n/a	301.8	182.9	n/a	326.2	174.1	0.93	87.0
271.057	0.174	fixation	n/a	320.7	175.0	2884.0	n/a	n/a	n/a	n/a
271.233	0.032	saccade	n/a	322.0	177.9	n/a	429.7	171.1	3.88	246.0
271.267	0.246	fixation	n/a	435.0	166.7	2741.0	n/a	n/a	n/a	n/a
271.515	0.03	saccade	n/a	438.4	171.8	n/a	503.7	170.8	2.36	188.0
271.547	0.198	fixation	n/a	506.5	169.5	2670.0	n/a	n/a	n/a	n/a
271.747	0.03	saccade	n/a	508.2	172.5	n/a	580.0	172.5	2.59	191.0
271.779	0.264	fixation	n/a	580.5	167.5	2690.0	n/a	n/a	n/a	n/a
272.045	0.06	saccade	n/a	582.3	169.7	n/a	139.3	223.0	15.74	501.0
272.107	0.17	fixation	n/a	145.3	236.8	2786.0	n/a	n/a	n/a	n/a
272.279	0.016	saccade	n/a	143.1	238.7	n/a	122.5	236.8	0.71	64.0
272.297	0.164	fixation	n/a	131.5	239.5	2812.0	n/a	n/a	n/a	n/a
272.463	0.032	saccade	n/a	130.4	238.0	n/a	206.1	234.6	2.64	220.0
272.497	0.226	fixation	n/a	211.0	239.7	2849.0	n/a	n/a	n/a	n/a
272.725	0.032	saccade	n/a	212.6	243.4	n/a	291.4	244.1	2.79	227.0
272.759	0.266	fixation	n/a	295.4	242.3	2873.0	n/a	n/a	n/a	n/a
273.027	0.028	saccade	n/a	293.4	237.4	n/a	351.7	238.8	2.08	152.0
273.057	0.182	fixation	n/a	354.8	240.4	2889.0	n/a	n/a	n/a	n/a
273.241	0.024	saccade	n/a	359.4	243.9	n/a	390.4	241.1	1.12	107.0
273.267	0.266	fixation	n/a	390.6	242.6	2869.0	n/a	n/a	n/a	n/a
273.535	0.02	saccade	n/a	393.6	238.9	n/a	421.1	239.9	0.99	88.0
273.557	0.132	fixation	n/a	417.2	239.9	2888.0	n/a	n/a	n/a	n/a
273.691	0.028	saccade	n/a	419.9	243.2	n/a	467.9	233.0	1.77	140.0
273.721	0.29	fixation	n/a	469.7	234.9	2896.0	n/a	n/a	n/a	n/a
274.013	0.03	saccade	n/a	468.1	232.9	n/a	407.4	234.6	2.19	178.0
274.045	0.286	fixation	n/a	408.5	238.1	2884.0	n/a	n/a	n/a	n/a
274.333	0.03	saccade	n/a	408.7	241.7	n/a	470.5	231.4	2.26	179.0
274.365	0.602	fixation	n/a	469.4	232.2	2870.0	n/a	n/a	n/a	n/a
274.969	0.028	saccade	n/a	473.2	237.3	n/a	538.0	232.2	2.35	178.0
274.999	0.892	fixation	n/a	535.0	231.7	2782.0	n/a	n/a	n/a	n/a
275.893	0.028	saccade	n/a	540.3	233.3	n/a	597.1	240.5	2.06	156.0
275.923	0.18	fixation	n/a	595.0	235.9	2763.0	n/a	n/a	n/a	n/a
276.105	0.028	saccade	n/a	595.4	238.8	n/a	646.3	235.6	1.83	167.0
276.135	0.12	fixation	n/a	648.4	234.2	2805.0	n/a	n/a	n/a	n/a
276.257	0.076	saccade	n/a	648.4	233.9	n/a	146.8	300.9	17.8	463.0
276.335	0.232	fixation	n/a	152.6	305.5	2807.0	n/a	n/a	n/a	n/a
276.569	0.022	saccade	n/a	158.3	308.8	n/a	196.8	303.8	1.36	107.0
276.593	0.1	fixation	n/a	195.7	304.1	2752.0	n/a	n/a	n/a	n/a
276.695	0.032	saccade	n/a	196.6	304.2	n/a	290.9	297.3	3.35	244.0
276.729	0.312	fixation	n/a	297.8	297.2	2712.0	n/a	n/a	n/a	n/a
277.043	0.026	saccade	n/a	295.2	298.5	n/a	224.6	275.0	2.65	167.0
277.071	0.13	fixation	n/a	215.5	266.4	2671.0	n/a	n/a	n/a	n/a
277.203	0.028	saccade	n/a	213.5	264.4	n/a	200.4	183.3	2.96	173.0
277.233	0.14	fixation	n/a	203.4	181.7	2682.0	n/a	n/a	n/a	n/a
277.375	0.026	saccade	n/a	204.2	186.1	n/a	160.3	170.4	1.63	141.0
277.403	0.212	fixation	n/a	161.3	171.5	2782.0	n/a	n/a	n/a	n/a
277.617	0.028	saccade	n/a	161.1	171.3	n/a	227.4	170.7	2.32	176.0
277.647	0.654	fixation	n/a	224.3	173.6	2826.0	n/a	n/a	n/a	n/a
277.698	0.0	trigger_11	11	n/a	n/a	n/a	n/a	n/a	n/a	n/a
277.8	0.0	trigger_20	20	n/a	n/a	n/a	n/a	n/a	n/a	n/a
