onset	duration	trial_type	value	gaze_x	gaze_y	pupil_size	sacc_endx	sacc_endy	sacc_amplitude	sacc_peakvel
0.022	0.554	fixation	n/a	248.9	218.8	3224.0	n/a	n/a	n/a	n/a
0.07	0.0	trigger_95	95	n/a	n/a	n/a	n/a	n/a	n/a	n/a
0.578	0.024	saccade	n/a	249.3	221.1	n/a	224.0	186.7	1.68	109.0
0.604	0.322	fixation	n/a	225.1	187.8	3261.0	n/a	n/a	n/a	n/a
0.928	0.03	saccade	n/a	225.4	190.1	n/a	304.7	209.5	3.19	210.0
0.96	1.286	fixation	n/a	301.3	215.5	3442.0	n/a	n/a	n/a	n/a
2.082	0.0	trigger_10	10	n/a	n/a	n/a	n/a	n/a	n/a	n/a
2.248	0.044	saccade	n/a	294.8	222.7	n/a	169.1	208.2	4.91	205.0
2.294	0.086	fixation	n/a	175.4	210.6	3578.0	n/a	n/a	n/a	n/a
2.382	0.026	saccade	n/a	174.8	210.7	n/a	164.2	177.2	1.38	129.0
2.41	0.156	fixation	n/a	165.5	181.2	3520.0	n/a	n/a	n/a	n/a
2.568	0.024	saccade	n/a	165.5	179.2	n/a	122.6	183.3	1.65	122.0
2.594	0.26	fixation	n/a	129.6	182.6	3370.0	n/a	n/a	n/a	n/a
2.856	0.03	saccade	n/a	132.9	182.1	n/a	212.1	178.8	3.05	196.0
2.888	0.074	fixation	n/a	213.0	179.0	3323.0	n/a	n/a	n/a	n/a
2.964	0.112	saccade	n/a	219.0	184.9	n/a	249.4	178.8	1.2	832.0
3.004	0.014	blink	n/a	n/a	n/a	n/a	n/a	n/a	n/a	n/a
3.078	0.34	fixation	n/a	251.4	185.8	3440.0	n/a	n/a	n/a	n/a
3.42	0.018	saccade	n/a	255.5	186.2	n/a	281.9	185.1	1.03	76.0
3.44	0.126	fixation	n/a	279.6	185.5	3444.0	n/a	n/a	n/a	n/a
3.568	0.14	saccade	n/a	279.7	188.8	n/a	331.6	177.3	2.08	995.0
3.602	0.054	blink	n/a	n/a	n/a	n/a	n/a	n/a	n/a	n/a
3.71	0.072	fixation	n/a	333.0	179.3	3469.0	n/a	n/a	n/a	n/a
3.784	0.028	saccade	n/a	333.5	178.2	n/a	383.9	180.0	1.97	147.0
3.814	0.242	fixation	n/a	382.3	176.8	3451.0	n/a	n/a	n/a	n/a
4.058	0.034	saccade	n/a	386.0	173.6	n/a	488.0	167.9	3.98	214.0
4.094	0.424	fixation	n/a	490.5	166.4	3238.0	n/a	n/a	n/a	n/a
4.52	0.018	saccade	n/a	492.3	167.4	n/a	514.0	162.3	0.87	64.0
4.54	0.17	fixation	n/a	511.9	161.0	3231.0	n/a	n/a	n/a	n/a
4.712	0.03	saccade	n/a	513.2	159.1	n/a	576.3	159.9	2.43	168.0
4.744	0.168	fixation	n/a	575.4	156.6	3176.0	n/a	n/a	n/a	n/a
4.914	0.03	saccade	n/a	574.9	155.6	n/a	514.6	159.7	2.32	172.0
4.946	0.18	fixation	n/a	517.7	161.8	3224.0	n/a	n/a	n/a	n/a
5.128	0.028	saccade	n/a	516.8	162.3	n/a	467.1	165.2	1.93	146.0
5.158	0.166	fixation	n/a	471.4	164.1	3254.0	n/a	n/a	n/a	n/a
5.326	0.058	saccade	n/a	471.3	165.6	n/a	122.6	241.7	13.77	419.0
5.386	0.14	fixation	n/a	121.6	246.4	3398.0	n/a	n/a	n/a	n/a
5.528	0.02	saccade	n/a	118.2	248.1	n/a	88.3	242.4	1.16	91.0
5.55	0.164	fixation	n/a	94.7	242.3	3405.0	n/a	n/a	n/a	n/a
5.716	0.03	saccade	n/a	97.1	240.2	n/a	172.0	234.4	2.87	192.0
5.748	0.2	fixation	n/a	174.9	234.3	3265.0	n/a	n/a	n/a	n/a
5.95	0.02	saccade	n/a	180.0	235.2	n/a	216.4	234.1	1.41	102.0
5.972	0.152	fixation	n/a	214.8	233.8	3184.0	n/a	n/a	n/a	n/a
6.126	0.136	saccade	n/a	219.2	239.5	n/a	292.7	239.9	2.86	767.0
6.164	0.046	blink	n/a	n/a	n/a	n/a	n/a	n/a	n/a	n/a
6.264	0.392	fixation	n/a	291.8	238.5	3220.0	n/a	n/a	n/a	n/a
6.658	0.026	saccade	n/a	293.7	237.9	n/a	352.7	234.8	2.31	153.0
6.686	0.096	fixation	n/a	352.1	234.4	3175.0	n/a	n/a	n/a	n/a
6.784	0.134	saccade	n/a	356.2	238.8	n/a	369.4	233.4	0.56	904.0
6.818	0.05	blink	n/a	n/a	n/a	n/a	n/a	n/a	n/a	n/a
6.92	0.236	fixation	n/a	365.9	232.6	3328.0	n/a	n/a	n/a	n/a
7.158	0.026	saccade	n/a	363.5	231.7	n/a	417.4	231.7	2.1	144.0
7.186	0.356	fixation	n/a	423.5	231.2	3287.0	n/a	n/a	n/a	n/a
7.544	0.028	saccade	n/a	432.6	231.2	n/a	406.8	170.4	2.61	150.0
7.574	0.096	fixation	n/a	410.2	173.0	3286.0	n/a	n/a	n/a	n/a
7.672	0.054	saccade	n/a	409.0	171.5	n/a	150.6	180.1	10.02	355.0
7.728	0.516	fixation	n/a	152.4	183.0	3336.0	n/a	n/a	n/a	n/a
7.976	0.0	trigger_11	11	n/a	n/a	n/a	n/a	n/a	n/a	n/a
7.978	0.0	trigger_12	12	n/a	n/a	n/a	n/a	n/a	n/a	n/a
8.246	0.022	saccade	n/a	150.8	184.2	n/a	111.5	174.0	1.56	100.0
8.27	0.286	fixation	n/a	115.3	173.9	3418.0	n/a	n/a	n/a	n/a
8.558	0.022	saccade	n/a	121.2	173.6	n/a	161.6	170.0	1.56	97.0
8.582	0.182	fixation	n/a	161.5	170.1	3423.0	n/a	n/a	n/a	n/a
8.766	0.03	saccade	n/a	161.9	169.0	n/a	234.9	167.6	2.83	180.0
8.798	0.068	fixation	n/a	231.6	168.6	3403.0	n/a	n/a	n/a	n/a
8.868	0.144	saccade	n/a	234.9	173.5	n/a	228.2	171.1	0.28	942.0
8.902	0.056	blink	n/a	n/a	n/a	n/a	n/a	n/a	n/a	n/a
9.014	0.182	fixation	n/a	228.7	175.0	3503.0	n/a	n/a	n/a	n/a
9.198	0.03	saccade	n/a	227.0	173.7	n/a	160.8	178.6	2.57	184.0
9.23	0.364	fixation	n/a	169.3	179.6	3400.0	n/a	n/a	n/a	n/a
9.596	0.022	saccade	n/a	174.8	180.9	n/a	219.4	180.2	1.73	123.0
9.62	0.232	fixation	n/a	216.7	176.9	3309.0	n/a	n/a	n/a	n/a
9.854	0.024	saccade	n/a	218.6	176.9	n/a	264.3	174.0	1.78	124.0
9.88	0.124	fixation	n/a	261.7	173.9	3335.0	n/a	n/a	n/a	n/a
10.006	0.038	saccade	n/a	261.2	173.0	n/a	106.0	174.4	5.99	308.0
10.046	0.388	fixation	n/a	108.9	174.5	3346.0	n/a	n/a	n/a	n/a
10.436	0.034	saccade	n/a	108.9	172.7	n/a	182.7	179.1	2.84	219.0
10.472	0.194	fixation	n/a	183.6	175.7	3323.0	n/a	n/a	n/a	n/a
10.668	0.034	saccade	n/a	186.5	176.9	n/a	331.3	172.5	5.63	286.0
10.704	0.336	fixation	n/a	344.1	172.1	3328.0	n/a	n/a	n/a	n/a
11.042	0.028	saccade	n/a	347.4	172.5	n/a	406.7	168.8	2.32	164.0
11.072	0.09	fixation	n/a	407.5	171.6	3239.0	n/a	n/a	n/a	n/a
11.164	0.094	saccade	n/a	410.2	179.3	n/a	432.8	175.4	0.9	735.0
11.202	0.004	blink	n/a	n/a	n/a	n/a	n/a	n/a	n/a	n/a
11.26	0.074	fixation	n/a	433.4	177.1	3190.0	n/a	n/a	n/a	n/a
11.336	0.026	saccade	n/a	435.1	176.1	n/a	483.2	172.5	1.88	134.0
11.364	0.192	fixation	n/a	482.0	169.8	3172.0	n/a	n/a	n/a	n/a
11.558	0.02	saccade	n/a	484.5	168.6	n/a	520.2	164.4	1.39	98.0
11.58	0.166	fixation	n/a	519.4	165.1	3120.0	n/a	n/a	n/a	n/a
11.748	0.028	saccade	n/a	520.8	163.7	n/a	576.6	165.7	2.15	161.0
11.778	0.18	fixation	n/a	575.9	160.2	3139.0	n/a	n/a	n/a	n/a
11.96	0.028	saccade	n/a	574.3	160.2	n/a	514.0	164.9	2.33	166.0
11.99	0.252	fixation	n/a	516.2	166.0	3227.0	n/a	n/a	n/a	n/a
12.244	0.066	saccade	n/a	515.9	166.1	n/a	124.7	238.9	15.32	430.0
12.312	0.384	fixation	n/a	126.2	241.2	3276.0	n/a	n/a	n/a	n/a
12.698	0.026	saccade	n/a	128.0	239.1	n/a	211.0	230.9	3.21	183.0
12.726	0.3	fixation	n/a	221.4	232.7	3188.0	n/a	n/a	n/a	n/a
12.992	0.0	trigger_13	13	n/a	n/a	n/a	n/a	n/a	n/a	n/a
13.028	0.032	saccade	n/a	223.4	234.2	n/a	149.4	181.5	3.53	222.0
13.062	0.398	fixation	n/a	151.0	182.1	3244.0	n/a	n/a	n/a	n/a
13.462	0.036	saccade	n/a	144.1	184.3	n/a	109.4	280.5	3.98	251.0
13.5	0.158	fixation	n/a	108.0	280.2	3490.0	n/a	n/a	n/a	n/a
13.66	0.026	saccade	n/a	106.6	279.9	n/a	92.8	239.8	1.65	126.0
13.688	0.266	fixation	n/a	96.2	244.8	3540.0	n/a	n/a	n/a	n/a
13.956	0.034	saccade	n/a	97.8	239.5	n/a	135.9	166.7	3.19	217.0
13.992	0.134	fixation	n/a	135.8	173.8	3465.0	n/a	n/a	n/a	n/a
14.128	0.03	saccade	n/a	134.4	172.4	n/a	201.0	174.7	2.56	191.0
14.16	0.26	fixation	n/a	201.6	177.0	3560.0	n/a	n/a	n/a	n/a
14.176	0.0	trigger_15	15	n/a	n/a	n/a	n/a	n/a	n/a	n/a
14.178	0.0	trigger_10	10	n/a	n/a	n/a	n/a	n/a	n/a	n/a
14.422	0.116	saccade	n/a	207.5	183.7	n/a	117.0	172.7	3.51	859.0
14.462	0.02	blink	n/a	n/a	n/a	n/a	n/a	n/a	n/a	n/a
14.54	0.348	fixation	n/a	117.7	173.0	3616.0	n/a	n/a	n/a	n/a
14.89	0.018	saccade	n/a	117.8	175.3	n/a	92.9	178.7	0.96	78.0
14.91	0.29	fixation	n/a	100.6	178.9	3508.0	n/a	n/a	n/a	n/a
15.202	0.156	saccade	n/a	104.4	184.9	n/a	132.4	171.6	1.19	954.0
15.236	0.07	blink	n/a	n/a	n/a	n/a	n/a	n/a	n/a	n/a
15.36	0.2	fixation	n/a	127.9	172.2	3670.0	n/a	n/a	n/a	n/a
15.562	0.026	saccade	n/a	130.3	173.4	n/a	184.5	173.7	2.08	147.0
15.59	0.292	fixation	n/a	186.3	176.4	3481.0	n/a	n/a	n/a	n/a
15.884	0.15	saccade	n/a	194.4	178.7	n/a	207.9	170.6	0.61	961.0
15.92	0.06	blink	n/a	n/a	n/a	n/a	n/a	n/a	n/a	n/a
16.036	0.308	fixation	n/a	205.6	174.3	3516.0	n/a	n/a	n/a	n/a
16.346	0.034	saccade	n/a	203.5	172.1	n/a	295.2	178.5	3.58	218.0
16.382	0.182	fixation	n/a	294.7	177.4	3406.0	n/a	n/a	n/a	n/a
16.566	0.026	saccade	n/a	298.1	178.1	n/a	347.1	173.6	1.92	147.0
16.594	0.388	fixation	n/a	345.1	172.6	3402.0	n/a	n/a	n/a	n/a
16.984	0.02	saccade	n/a	346.9	168.7	n/a	385.4	167.2	1.51	108.0
17.006	0.21	fixation	n/a	380.6	166.8	3345.0	n/a	n/a	n/a	n/a
17.218	0.018	saccade	n/a	382.7	166.4	n/a	411.3	165.7	1.12	80.0
17.238	0.508	fixation	n/a	410.7	169.4	3357.0	n/a	n/a	n/a	n/a
17.748	0.136	saccade	n/a	413.9	179.3	n/a	454.0	177.5	1.56	958.0
17.782	0.058	blink	n/a	n/a	n/a	n/a	n/a	n/a	n/a	n/a
17.886	0.204	fixation	n/a	452.9	176.8	3337.0	n/a	n/a	n/a	n/a
18.092	0.024	saccade	n/a	449.8	177.6	n/a	406.7	178.9	1.68	121.0
18.118	0.314	fixation	n/a	413.2	178.1	3326.0	n/a	n/a	n/a	n/a
18.434	0.024	saccade	n/a	416.5	175.1	n/a	463.9	173.1	1.85	134.0
18.46	0.218	fixation	n/a	461.1	174.2	3297.0	n/a	n/a	n/a	n/a
18.68	0.032	saccade	n/a	461.5	172.3	n/a	558.0	171.6	3.73	220.0
18.714	0.398	fixation	n/a	561.5	166.0	3264.0	n/a	n/a	n/a	n/a
19.114	0.024	saccade	n/a	562.0	162.8	n/a	612.9	157.5	1.95	124.0
19.14	0.172	fixation	n/a	610.9	160.9	3255.0	n/a	n/a	n/a	n/a
19.314	0.07	saccade	n/a	609.2	159.8	n/a	115.6	239.5	19.02	457.0
19.386	0.328	fixation	n/a	119.6	245.1	3377.0	n/a	n/a	n/a	n/a
19.716	0.03	saccade	n/a	121.6	244.6	n/a	200.0	241.2	3.01	193.0
19.748	0.224	fixation	n/a	203.0	240.4	3330.0	n/a	n/a	n/a	n/a
19.974	0.044	saccade	n/a	204.1	238.9	n/a	381.3	247.7	6.88	325.0
20.02	0.146	fixation	n/a	390.1	243.5	3310.0	n/a	n/a	n/a	n/a
20.168	0.03	saccade	n/a	393.7	242.8	n/a	470.6	236.9	3.0	209.0
20.2	0.232	fixation	n/a	473.4	232.7	3243.0	n/a	n/a	n/a	n/a
20.434	0.018	saccade	n/a	477.1	232.5	n/a	500.5	235.6	0.92	70.0
20.454	0.108	fixation	n/a	497.8	235.1	3218.0	n/a	n/a	n/a	n/a
20.564	0.052	saccade	n/a	496.9	234.6	n/a	241.4	251.0	9.91	360.0
20.618	0.22	fixation	n/a	244.9	253.3	3253.0	n/a	n/a	n/a	n/a
20.84	0.02	saccade	n/a	245.0	253.2	n/a	275.1	237.4	1.33	95.0
20.862	0.198	fixation	n/a	273.5	238.4	3247.0	n/a	n/a	n/a	n/a
20.888	0.0	trigger_11	11	n/a	n/a	n/a	n/a	n/a	n/a	n/a
20.898	0.0	trigger_10	10	n/a	n/a	n/a	n/a	n/a	n/a	n/a
21.062	0.056	saccade	n/a	273.9	236.8	n/a	107.2	170.0	6.94	282.0
21.12	0.438	fixation	n/a	122.4	176.2	3197.0	n/a	n/a	n/a	n/a
21.56	0.108	saccade	n/a	128.0	179.3	n/a	100.6	172.3	1.08	651.0
21.606	0.01	blink	n/a	n/a	n/a	n/a	n/a	n/a	n/a	n/a
21.67	0.256	fixation	n/a	101.9	172.4	3207.0	n/a	n/a	n/a	n/a
21.928	0.034	saccade	n/a	104.1	172.0	n/a	191.5	177.4	3.36	229.0
21.964	0.266	fixation	n/a	196.2	174.4	3156.0	n/a	n/a	n/a	n/a
22.232	0.11	saccade	n/a	198.2	179.1	n/a	268.9	172.9	2.75	819.0
22.27	0.024	blink	n/a	n/a	n/a	n/a	n/a	n/a	n/a	n/a
22.344	0.24	fixation	n/a	269.5	177.3	3202.0	n/a	n/a	n/a	n/a
22.586	0.028	saccade	n/a	270.5	177.4	n/a	332.3	174.8	2.41	170.0
22.616	0.126	fixation	n/a	330.0	171.9	3163.0	n/a	n/a	n/a	n/a
22.744	0.032	saccade	n/a	332.7	171.5	n/a	439.4	163.1	4.17	254.0
22.778	0.304	fixation	n/a	445.1	163.4	3177.0	n/a	n/a	n/a	n/a
23.084	0.026	saccade	n/a	447.5	166.2	n/a	495.6	156.6	1.91	142.0
23.112	0.176	fixation	n/a	495.3	160.4	3236.0	n/a	n/a	n/a	n/a
23.29	0.018	saccade	n/a	499.3	161.8	n/a	522.4	158.1	0.91	66.0
23.31	0.112	fixation	n/a	520.1	161.1	3257.0	n/a	n/a	n/a	n/a
23.424	0.156	saccade	n/a	521.2	169.0	n/a	538.5	165.3	0.68	943.0
23.456	0.08	blink	n/a	n/a	n/a	n/a	n/a	n/a	n/a	n/a
23.582	0.258	fixation	n/a	540.3	159.2	3303.0	n/a	n/a	n/a	n/a
23.842	0.026	saccade	n/a	541.9	162.4	n/a	589.1	161.5	1.81	134.0
23.87	0.222	fixation	n/a	585.8	160.6	3202.0	n/a	n/a	n/a	n/a
24.094	0.028	saccade	n/a	585.8	160.8	n/a	525.4	164.1	2.32	174.0
24.124	0.166	fixation	n/a	526.3	162.9	3209.0	n/a	n/a	n/a	n/a
24.292	0.062	saccade	n/a	524.6	165.0	n/a	131.1	240.4	15.39	432.0
24.356	0.174	fixation	n/a	138.7	240.3	3280.0	n/a	n/a	n/a	n/a
24.532	0.028	saccade	n/a	137.1	241.5	n/a	90.5	239.7	1.77	145.0
24.562	0.148	fixation	n/a	94.9	240.9	3272.0	n/a	n/a	n/a	n/a
24.712	0.03	saccade	n/a	95.6	238.5	n/a	171.3	235.4	2.89	202.0
24.744	0.24	fixation	n/a	172.5	234.4	3168.0	n/a	n/a	n/a	n/a
24.986	0.03	saccade	n/a	174.6	235.3	n/a	248.8	238.6	2.87	204.0
25.018	0.11	fixation	n/a	247.8	237.1	3190.0	n/a	n/a	n/a	n/a
25.13	0.172	saccade	n/a	252.6	241.1	n/a	213.5	239.3	1.52	833.0
25.164	0.068	blink	n/a	n/a	n/a	n/a	n/a	n/a	n/a	n/a
25.304	0.244	fixation	n/a	214.3	241.7	3209.0	n/a	n/a	n/a	n/a
25.55	0.04	saccade	n/a	214.2	243.2	n/a	365.2	235.5	5.88	290.0
25.592	0.27	fixation	n/a	369.6	233.6	3127.0	n/a	n/a	n/a	n/a
25.864	0.034	saccade	n/a	368.3	232.7	n/a	465.4	228.5	3.78	254.0
25.9	0.486	fixation	n/a	471.6	228.1	3119.0	n/a	n/a	n/a	n/a
26.388	0.03	saccade	n/a	471.3	229.5	n/a	386.2	234.5	3.32	215.0
26.42	0.262	fixation	n/a	388.0	231.0	3223.0	n/a	n/a	n/a	n/a
26.684	0.034	saccade	n/a	388.0	230.9	n/a	474.6	232.6	3.37	237.0
26.72	0.436	fixation	n/a	474.8	230.6	3252.0	n/a	n/a	n/a	n/a
27.158	0.034	saccade	n/a	478.7	231.1	n/a	572.9	235.3	3.63	228.0
27.194	0.24	fixation	n/a	573.8	234.6	3269.0	n/a	n/a	n/a	n/a
27.436	0.03	saccade	n/a	574.4	233.4	n/a	641.2	225.6	2.55	173.0
27.468	0.158	fixation	n/a	639.6	227.0	3251.0	n/a	n/a	n/a	n/a
27.628	0.072	saccade	n/a	639.3	228.1	n/a	122.3	316.3	19.88	478.0
27.702	0.152	fixation	n/a	129.0	318.1	3268.0	n/a	n/a	n/a	n/a
27.856	0.018	saccade	n/a	126.9	318.0	n/a	103.0	309.7	0.96	71.0
27.876	0.21	fixation	n/a	106.9	308.2	3200.0	n/a	n/a	n/a	n/a
28.088	0.03	saccade	n/a	107.6	306.4	n/a	185.5	304.6	2.97	175.0
28.12	0.32	fixation	n/a	188.0	303.0	3095.0	n/a	n/a	n/a	n/a
28.442	0.032	saccade	n/a	190.3	303.7	n/a	274.4	303.4	3.25	228.0
28.476	0.08	fixation	n/a	273.5	300.9	3051.0	n/a	n/a	n/a	n/a
28.558	0.142	saccade	n/a	278.5	304.0	n/a	289.0	291.1	0.65	759.0
28.592	0.054	blink	n/a	n/a	n/a	n/a	n/a	n/a	n/a	n/a
28.702	0.048	fixation	n/a	289.6	295.4	3009.0	n/a	n/a	n/a	n/a
28.752	0.032	saccade	n/a	291.1	297.6	n/a	371.5	298.5	3.13	218.0
28.786	0.3	fixation	n/a	372.9	295.5	3050.0	n/a	n/a	n/a	n/a
29.088	0.02	saccade	n/a	373.8	293.5	n/a	343.0	299.7	1.22	90.0
29.11	0.204	fixation	n/a	347.6	296.7	3002.0	n/a	n/a	n/a	n/a
29.316	0.032	saccade	n/a	347.6	292.5	n/a	439.0	291.4	3.55	230.0
29.35	0.294	fixation	n/a	440.1	290.0	3050.0	n/a	n/a	n/a	n/a
29.646	0.156	saccade	n/a	443.2	293.8	n/a	467.9	309.8	1.14	893.0
29.68	0.076	blink	n/a	n/a	n/a	n/a	n/a	n/a	n/a	n/a
29.804	0.198	fixation	n/a	476.0	290.0	3099.0	n/a	n/a	n/a	n/a
30.004	0.016	saccade	n/a	476.9	289.8	n/a	496.2	287.3	0.75	58.0
30.022	0.268	fixation	n/a	497.0	291.5	3068.0	n/a	n/a	n/a	n/a
30.292	0.018	saccade	n/a	502.2	293.6	n/a	527.3	288.6	0.99	68.0
30.312	0.158	fixation	n/a	527.0	286.9	3030.0	n/a	n/a	n/a	n/a
30.472	0.03	saccade	n/a	526.2	284.6	n/a	583.2	282.2	2.18	167.0
30.504	0.18	fixation	n/a	581.2	282.9	3128.0	n/a	n/a	n/a	n/a
30.686	0.066	saccade	n/a	581.3	286.4	n/a	155.0	350.6	16.43	446.0
30.754	0.282	fixation	n/a	157.3	356.1	3304.0	n/a	n/a	n/a	n/a
31.038	0.024	saccade	n/a	157.5	355.7	n/a	203.4	361.4	1.77	118.0
31.064	0.23	fixation	n/a	203.3	362.7	3261.0	n/a	n/a	n/a	n/a
31.296	0.024	saccade	n/a	203.2	363.9	n/a	159.5	361.8	1.67	86.0
31.322	0.118	fixation	n/a	148.9	358.3	3247.0	n/a	n/a	n/a	n/a
31.442	0.066	saccade	n/a	149.8	358.4	n/a	589.0	303.7	16.8	420.0
31.51	0.282	fixation	n/a	594.4	300.1	3256.0	n/a	n/a	n/a	n/a
31.794	0.018	saccade	n/a	593.9	300.3	n/a	565.5	290.9	1.14	83.0
31.814	0.074	fixation	n/a	568.7	291.3	3195.0	n/a	n/a	n/a	n/a
31.89	0.066	saccade	n/a	568.6	291.5	n/a	162.9	366.1	15.69	428.0
31.958	0.222	fixation	n/a	172.0	373.5	3140.0	n/a	n/a	n/a	n/a
32.182	0.032	saccade	n/a	172.5	373.6	n/a	101.5	365.7	2.7	209.0
32.216	0.282	fixation	n/a	105.4	369.0	3096.0	n/a	n/a	n/a	n/a
32.5	0.034	saccade	n/a	105.7	369.8	n/a	196.6	369.5	3.46	252.0
32.536	0.494	fixation	n/a	201.5	365.3	3098.0	n/a	n/a	n/a	n/a
33.032	0.03	saccade	n/a	203.3	367.4	n/a	290.1	358.0	3.36	206.0
33.064	0.21	fixation	n/a	293.3	356.4	3122.0	n/a	n/a	n/a	n/a
33.276	0.028	saccade	n/a	296.0	356.5	n/a	361.0	352.4	2.52	166.0
33.306	0.322	fixation	n/a	361.3	353.5	3125.0	n/a	n/a	n/a	n/a
33.63	0.146	saccade	n/a	366.1	357.1	n/a	443.0	357.4	2.97	767.0
33.668	0.06	blink	n/a	n/a	n/a	n/a	n/a	n/a	n/a	n/a
33.778	0.03	fixation	n/a	447.9	351.4	3046.0	n/a	n/a	n/a	n/a
33.81	0.032	saccade	n/a	451.0	352.8	n/a	516.9	351.4	2.54	206.0
33.844	0.224	fixation	n/a	519.5	351.7	3066.0	n/a	n/a	n/a	n/a
34.07	0.026	saccade	n/a	521.9	348.9	n/a	576.6	346.4	2.08	154.0
34.098	0.324	fixation	n/a	578.2	342.9	2943.0	n/a	n/a	n/a	n/a
34.424	0.072	saccade	n/a	578.5	339.6	n/a	121.5	425.6	17.56	376.0
34.498	0.422	fixation	n/a	126.9	430.5	2941.0	n/a	n/a	n/a	n/a
34.922	0.032	saccade	n/a	127.6	431.4	n/a	231.9	425.4	3.96	242.0
34.956	0.478	fixation	n/a	234.0	422.4	3068.0	n/a	n/a	n/a	n/a
35.434	0.0	trigger_11	11	n/a	n/a	n/a	n/a	n/a	n/a	n/a
35.436	0.0	trigger_10	10	n/a	n/a	n/a	n/a	n/a	n/a	n/a
35.436	0.016	saccade	n/a	226.8	418.5	n/a	247.7	416.5	0.8	62.0
35.454	0.096	fixation	n/a	245.0	417.5	3115.0	n/a	n/a	n/a	n/a
35.552	0.054	saccade	n/a	244.8	417.6	n/a	154.0	193.3	9.38	306.0
35.608	0.14	fixation	n/a	153.4	192.8	3134.0	n/a	n/a	n/a	n/a
35.75	0.022	saccade	n/a	151.5	188.7	n/a	125.9	164.1	1.38	106.0
35.774	0.158	fixation	n/a	127.8	167.6	3201.0	n/a	n/a	n/a	n/a
35.934	0.016	saccade	n/a	123.4	167.1	n/a	102.8	171.8	0.81	64.0
35.952	0.136	fixation	n/a	107.2	172.3	3211.0	n/a	n/a	n/a	n/a
36.09	0.03	saccade	n/a	109.4	174.2	n/a	182.2	169.3	2.8	186.0
36.122	0.198	fixation	n/a	183.8	168.8	3149.0	n/a	n/a	n/a	n/a
36.322	0.02	saccade	n/a	187.4	167.8	n/a	223.1	163.4	1.39	95.0
36.344	0.152	fixation	n/a	224.5	164.7	3073.0	n/a	n/a	n/a	n/a
36.498	0.02	saccade	n/a	227.4	165.6	n/a	262.8	163.5	1.38	96.0
36.52	0.18	fixation	n/a	261.9	166.2	3030.0	n/a	n/a	n/a	n/a
36.702	0.124	saccade	n/a	264.9	173.6	n/a	300.2	169.4	1.39	764.0
36.744	0.03	blink	n/a	n/a	n/a	n/a	n/a	n/a	n/a	n/a
36.828	0.214	fixation	n/a	297.9	171.2	3092.0	n/a	n/a	n/a	n/a
37.044	0.03	saccade	n/a	298.0	173.5	n/a	373.3	167.0	2.96	201.0
37.076	0.188	fixation	n/a	373.9	166.5	3079.0	n/a	n/a	n/a	n/a
37.266	0.022	saccade	n/a	377.5	166.2	n/a	412.6	163.8	1.38	106.0
37.29	0.22	fixation	n/a	409.8	164.1	3069.0	n/a	n/a	n/a	n/a
37.512	0.026	saccade	n/a	411.2	163.8	n/a	468.8	159.1	2.25	144.0
37.54	0.18	fixation	n/a	469.0	160.5	3112.0	n/a	n/a	n/a	n/a
37.722	0.024	saccade	n/a	472.3	163.6	n/a	520.3	159.4	1.87	127.0
37.748	0.054	fixation	n/a	516.2	159.6	3115.0	n/a	n/a	n/a	n/a
37.804	0.034	saccade	n/a	516.2	158.6	n/a	598.6	157.7	3.16	208.0
37.84	0.516	fixation	n/a	595.4	158.4	3198.0	n/a	n/a	n/a	n/a
38.358	0.03	saccade	n/a	593.9	159.9	n/a	642.5	160.2	1.84	170.0
38.39	0.09	fixation	n/a	637.3	155.9	3258.0	n/a	n/a	n/a	n/a
38.482	0.072	saccade	n/a	637.9	156.5	n/a	120.0	247.4	19.97	483.0
38.556	0.136	fixation	n/a	122.3	254.1	3408.0	n/a	n/a	n/a	n/a
38.694	0.022	saccade	n/a	120.4	256.3	n/a	85.5	251.3	1.34	98.0
38.718	0.102	fixation	n/a	91.1	254.1	3406.0	n/a	n/a	n/a	n/a
38.822	0.128	saccade	n/a	94.8	255.9	n/a	187.1	249.7	3.54	625.0
38.868	0.022	blink	n/a	n/a	n/a	n/a	n/a	n/a	n/a	n/a
38.952	0.39	fixation	n/a	185.8	250.9	3278.0	n/a	n/a	n/a	n/a
39.344	0.026	saccade	n/a	185.9	247.3	n/a	246.0	241.8	2.33	150.0
39.372	0.096	fixation	n/a	248.0	244.1	3204.0	n/a	n/a	n/a	n/a
39.47	0.142	saccade	n/a	253.4	249.3	n/a	263.3	238.0	0.59	892.0
39.506	0.05	blink	n/a	n/a	n/a	n/a	n/a	n/a	n/a	n/a
39.614	0.144	fixation	n/a	262.7	240.2	3291.0	n/a	n/a	n/a	n/a
39.76	0.034	saccade	n/a	262.6	239.0	n/a	355.0	246.3	3.61	262.0
39.796	0.458	fixation	n/a	363.5	240.8	3213.0	n/a	n/a	n/a	n/a
40.256	0.03	saccade	n/a	366.6	238.6	n/a	442.2	236.4	2.95	189.0
40.288	0.204	fixation	n/a	443.0	235.4	3182.0	n/a	n/a	n/a	n/a
40.494	0.018	saccade	n/a	445.9	234.6	n/a	466.9	233.3	0.82	60.0
40.514	0.29	fixation	n/a	464.0	232.2	3196.0	n/a	n/a	n/a	n/a
40.806	0.034	saccade	n/a	462.8	232.2	n/a	553.8	228.1	3.51	234.0
40.842	0.358	fixation	n/a	555.6	228.7	3180.0	n/a	n/a	n/a	n/a
41.202	0.03	saccade	n/a	558.8	231.9	n/a	480.9	239.5	3.02	192.0
41.234	0.182	fixation	n/a	483.7	239.6	3209.0	n/a	n/a	n/a	n/a
41.418	0.03	saccade	n/a	482.6	240.3	n/a	543.2	237.6	2.34	168.0
41.45	0.196	fixation	n/a	538.3	234.3	3344.0	n/a	n/a	n/a	n/a
41.648	0.03	saccade	n/a	537.0	231.9	n/a	476.4	231.2	2.34	168.0
41.68	0.152	fixation	n/a	481.3	231.2	3384.0	n/a	n/a	n/a	n/a
41.834	0.07	saccade	n/a	479.9	232.0	n/a	129.4	184.8	13.61	324.0
41.906	0.328	fixation	n/a	122.1	191.7	3379.0	n/a	n/a	n/a	n/a
42.002	0.0	trigger_11	11	n/a	n/a	n/a	n/a	n/a	n/a	n/a
42.004	0.0	trigger_10	10	n/a	n/a	n/a	n/a	n/a	n/a	n/a
42.236	0.018	saccade	n/a	118.0	195.1	n/a	95.8	185.1	0.93	66.0
42.256	0.17	fixation	n/a	98.2	187.8	3478.0	n/a	n/a	n/a	n/a
42.428	0.02	saccade	n/a	101.3	187.7	n/a	129.1	181.5	1.09	75.0
42.45	0.124	fixation	n/a	128.3	180.6	3433.0	n/a	n/a	n/a	n/a
42.576	0.028	saccade	n/a	131.5	179.8	n/a	192.3	178.5	2.34	158.0
42.606	0.378	fixation	n/a	196.5	175.9	3268.0	n/a	n/a	n/a	n/a
42.986	0.034	saccade	n/a	201.6	174.7	n/a	307.5	174.6	4.12	246.0
43.022	0.102	fixation	n/a	309.9	173.5	3166.0	n/a	n/a	n/a	n/a
43.126	0.15	saccade	n/a	314.8	180.6	n/a	238.0	183.5	3.0	1003.0
43.162	0.062	blink	n/a	n/a	n/a	n/a	n/a	n/a	n/a	n/a
43.278	0.296	fixation	n/a	215.5	188.3	3189.0	n/a	n/a	n/a	n/a
43.576	0.018	saccade	n/a	216.3	186.2	n/a	235.9	176.4	0.85	64.0
43.596	0.12	fixation	n/a	236.8	175.9	3167.0	n/a	n/a	n/a	n/a
43.718	0.03	saccade	n/a	239.1	176.5	n/a	314.6	177.3	2.94	210.0
43.75	0.438	fixation	n/a	317.4	175.7	3183.0	n/a	n/a	n/a	n/a
44.19	0.028	saccade	n/a	317.6	174.4	n/a	372.3	170.8	2.14	160.0
44.22	0.116	fixation	n/a	369.3	171.8	3233.0	n/a	n/a	n/a	n/a
44.338	0.126	saccade	n/a	371.2	178.5	n/a	421.9	173.6	1.99	866.0
44.372	0.038	blink	n/a	n/a	n/a	n/a	n/a	n/a	n/a	n/a
44.466	0.2	fixation	n/a	422.4	177.0	3228.0	n/a	n/a	n/a	n/a
44.668	0.02	saccade	n/a	423.0	173.9	n/a	456.3	168.7	1.31	93.0
44.69	0.734	fixation	n/a	450.8	169.4	3127.0	n/a	n/a	n/a	n/a
45.426	0.028	saccade	n/a	443.3	163.9	n/a	504.3	160.4	2.37	153.0
45.456	0.228	fixation	n/a	501.6	162.5	3213.0	n/a	n/a	n/a	n/a
45.686	0.024	saccade	n/a	503.4	163.8	n/a	555.1	158.2	2.01	127.0
45.712	0.176	fixation	n/a	555.1	156.9	3274.0	n/a	n/a	n/a	n/a
45.89	0.03	saccade	n/a	555.8	158.0	n/a	617.9	157.8	2.37	178.0
45.922	0.168	fixation	n/a	613.6	154.3	3333.0	n/a	n/a	n/a	n/a
46.092	0.072	saccade	n/a	615.2	152.4	n/a	121.7	225.8	18.98	471.0
46.166	0.482	fixation	n/a	128.7	234.0	3258.0	n/a	n/a	n/a	n/a
46.65	0.024	saccade	n/a	133.8	235.8	n/a	181.1	241.7	1.83	122.0
46.676	0.272	fixation	n/a	183.2	240.7	3212.0	n/a	n/a	n/a	n/a
46.95	0.03	saccade	n/a	184.4	239.4	n/a	263.4	242.1	3.06	170.0
46.982	0.112	fixation	n/a	267.6	242.7	3247.0	n/a	n/a	n/a	n/a
47.096	0.134	saccade	n/a	273.0	247.7	n/a	306.2	234.5	1.4	955.0
47.132	0.042	blink	n/a	n/a	n/a	n/a	n/a	n/a	n/a	n/a
47.232	0.276	fixation	n/a	311.6	242.4	3263.0	n/a	n/a	n/a	n/a
47.51	0.04	saccade	n/a	311.4	240.3	n/a	444.9	235.2	5.21	263.0
47.552	0.166	fixation	n/a	447.9	231.6	3139.0	n/a	n/a	n/a	n/a
47.72	0.022	saccade	n/a	451.8	231.6	n/a	492.1	227.7	1.57	117.0
47.744	0.186	fixation	n/a	490.3	229.6	3094.0	n/a	n/a	n/a	n/a
47.932	0.022	saccade	n/a	491.8	230.7	n/a	532.1	225.1	1.57	106.0
47.956	0.244	fixation	n/a	530.4	228.4	3066.0	n/a	n/a	n/a	n/a
48.202	0.028	saccade	n/a	532.1	230.5	n/a	587.6	227.1	2.13	146.0
48.232	0.16	fixation	n/a	584.4	225.3	3061.0	n/a	n/a	n/a	n/a
48.394	0.068	saccade	n/a	585.1	225.0	n/a	126.2	299.0	17.72	470.0
48.464	0.15	fixation	n/a	128.4	303.0	3119.0	n/a	n/a	n/a	n/a
48.616	0.02	saccade	n/a	126.4	305.9	n/a	95.4	306.3	1.17	85.0
48.638	0.224	fixation	n/a	99.4	305.7	3093.0	n/a	n/a	n/a	n/a
48.864	0.032	saccade	n/a	99.6	305.3	n/a	187.8	299.0	3.37	205.0
48.898	0.352	fixation	n/a	191.1	298.8	3009.0	n/a	n/a	n/a	n/a
49.252	0.028	saccade	n/a	194.4	299.6	n/a	268.5	295.5	2.87	179.0
49.282	0.28	fixation	n/a	271.5	296.9	2997.0	n/a	n/a	n/a	n/a
49.564	0.028	saccade	n/a	271.1	295.5	n/a	206.9	298.4	2.48	170.0
49.594	0.304	fixation	n/a	209.8	298.1	3028.0	n/a	n/a	n/a	n/a
49.9	0.032	saccade	n/a	210.2	297.7	n/a	285.0	299.4	2.89	211.0
49.934	0.648	fixation	n/a	287.2	299.5	3122.0	n/a	n/a	n/a	n/a
50.584	0.05	saccade	n/a	286.3	303.6	n/a	149.2	204.7	6.55	269.0
50.636	0.422	fixation	n/a	155.6	198.4	3339.0	n/a	n/a	n/a	n/a
50.834	0.0	trigger_11	11	n/a	n/a	n/a	n/a	n/a	n/a	n/a
50.872	0.0	trigger_10	10	n/a	n/a	n/a	n/a	n/a	n/a	n/a
51.06	0.018	saccade	n/a	152.2	198.4	n/a	132.7	182.4	0.98	72.0
51.08	0.128	fixation	n/a	135.5	187.3	3412.0	n/a	n/a	n/a	n/a
51.21	0.146	saccade	n/a	140.5	193.3	n/a	141.4	182.2	0.44	956.0
51.246	0.052	blink	n/a	n/a	n/a	n/a	n/a	n/a	n/a	n/a
51.358	0.142	fixation	n/a	139.3	185.4	3364.0	n/a	n/a	n/a	n/a
51.502	0.032	saccade	n/a	137.7	184.3	n/a	216.1	184.3	3.02	203.0
51.536	0.244	fixation	n/a	219.6	177.5	3222.0	n/a	n/a	n/a	n/a
51.782	0.014	saccade	n/a	226.4	176.6	n/a	240.9	176.4	0.56	47.0
51.798	0.108	fixation	n/a	240.9	176.3	3095.0	n/a	n/a	n/a	n/a
51.908	0.028	saccade	n/a	242.3	175.8	n/a	322.5	172.8	3.13	181.0
51.938	0.348	fixation	n/a	331.9	172.1	3108.0	n/a	n/a	n/a	n/a
52.288	0.028	saccade	n/a	331.0	171.3	n/a	241.1	173.1	3.51	171.0
52.318	0.386	fixation	n/a	236.6	169.1	3035.0	n/a	n/a	n/a	n/a
52.706	0.026	saccade	n/a	235.8	170.0	n/a	186.7	174.2	1.91	144.0
52.734	0.17	fixation	n/a	190.0	174.1	3073.0	n/a	n/a	n/a	n/a
52.906	0.04	saccade	n/a	189.2	176.6	n/a	339.4	178.3	5.86	298.0
52.948	0.334	fixation	n/a	340.2	173.6	3159.0	n/a	n/a	n/a	n/a
53.284	0.032	saccade	n/a	342.1	173.3	n/a	428.4	164.0	3.39	210.0
53.318	0.11	fixation	n/a	428.5	161.4	3092.0	n/a	n/a	n/a	n/a
53.43	0.034	saccade	n/a	429.1	162.6	n/a	327.2	169.8	3.98	227.0
53.466	0.218	fixation	n/a	327.5	168.0	3110.0	n/a	n/a	n/a	n/a
53.686	0.032	saccade	n/a	325.8	167.4	n/a	415.4	170.1	3.5	235.0
53.72	0.254	fixation	n/a	419.1	168.5	3133.0	n/a	n/a	n/a	n/a
53.976	0.026	saccade	n/a	420.8	169.9	n/a	474.4	168.0	2.09	153.0
54.004	0.746	fixation	n/a	470.7	168.2	3152.0	n/a	n/a	n/a	n/a
54.752	0.028	saccade	n/a	469.9	169.2	n/a	520.4	163.0	1.97	150.0
54.782	0.238	fixation	n/a	518.0	166.2	3225.0	n/a	n/a	n/a	n/a
55.022	0.062	saccade	n/a	518.7	168.8	n/a	117.9	239.3	15.63	438.0
55.086	0.36	fixation	n/a	120.6	244.2	3238.0	n/a	n/a	n/a	n/a
55.448	0.032	saccade	n/a	120.8	244.0	n/a	225.9	244.2	4.04	240.0
55.482	0.066	fixation	n/a	227.6	244.2	3140.0	n/a	n/a	n/a	n/a
55.55	0.14	saccade	n/a	235.6	247.2	n/a	233.4	237.5	0.39	862.0
55.586	0.048	blink	n/a	n/a	n/a	n/a	n/a	n/a	n/a	n/a
55.692	0.146	fixation	n/a	234.7	240.0	3098.0	n/a	n/a	n/a	n/a
55.84	0.028	saccade	n/a	236.8	240.7	n/a	303.7	242.8	2.6	180.0
55.87	0.288	fixation	n/a	304.2	241.6	3058.0	n/a	n/a	n/a	n/a
56.16	0.028	saccade	n/a	303.8	239.3	n/a	238.3	240.3	2.55	173.0
56.19	0.226	fixation	n/a	242.9	238.3	2940.0	n/a	n/a	n/a	n/a
56.418	0.028	saccade	n/a	243.5	236.0	n/a	310.7	236.8	2.61	174.0
56.448	0.446	fixation	n/a	309.6	236.2	2965.0	n/a	n/a	n/a	n/a
56.896	0.016	saccade	n/a	310.8	238.0	n/a	327.7	234.2	0.68	52.0
56.914	0.262	fixation	n/a	326.5	233.7	3036.0	n/a	n/a	n/a	n/a
57.178	0.028	saccade	n/a	326.6	235.4	n/a	391.8	234.4	2.55	174.0
57.208	0.438	fixation	n/a	388.5	230.3	3156.0	n/a	n/a	n/a	n/a
57.648	0.032	saccade	n/a	388.5	229.8	n/a	462.8	234.3	2.89	185.0
57.682	0.274	fixation	n/a	462.2	234.7	3184.0	n/a	n/a	n/a	n/a
57.958	0.152	saccade	n/a	465.3	241.6	n/a	487.2	247.0	0.88	759.0
57.99	0.074	blink	n/a	n/a	n/a	n/a	n/a	n/a	n/a	n/a
58.112	0.182	fixation	n/a	493.0	236.6	3174.0	n/a	n/a	n/a	n/a
58.296	0.024	saccade	n/a	495.5	233.5	n/a	547.6	226.8	2.02	129.0
58.322	0.292	fixation	n/a	548.2	225.9	3084.0	n/a	n/a	n/a	n/a
58.616	0.014	saccade	n/a	546.6	225.8	n/a	529.4	227.6	0.66	56.0
58.632	0.248	fixation	n/a	532.7	229.6	2992.0	n/a	n/a	n/a	n/a
58.882	0.024	saccade	n/a	535.2	228.9	n/a	588.2	225.2	2.04	132.0
58.908	0.134	fixation	n/a	588.3	222.1	3013.0	n/a	n/a	n/a	n/a
59.044	0.03	saccade	n/a	589.4	221.7	n/a	650.7	226.1	2.32	168.0
59.076	0.426	fixation	n/a	647.7	224.7	3077.0	n/a	n/a	n/a	n/a
59.504	0.046	saccade	n/a	646.7	223.8	n/a	469.0	228.4	6.78	283.0
59.552	0.15	fixation	n/a	471.0	232.4	3085.0	n/a	n/a	n/a	n/a
59.704	0.06	saccade	n/a	470.9	234.8	n/a	160.8	176.0	12.22	373.0
59.766	0.478	fixation	n/a	155.4	186.6	3187.0	n/a	n/a	n/a	n/a
60.044	0.0	trigger_11	11	n/a	n/a	n/a	n/a	n/a	n/a	n/a
60.046	0.0	trigger_10	10	n/a	n/a	n/a	n/a	n/a	n/a	n/a
60.246	0.022	saccade	n/a	153.4	188.4	n/a	116.1	172.2	1.56	109.0
60.27	0.252	fixation	n/a	119.4	176.6	3168.0	n/a	n/a	n/a	n/a
60.524	0.022	saccade	n/a	120.8	177.5	n/a	162.4	173.2	1.6	103.0
60.548	0.14	fixation	n/a	161.7	173.8	3158.0	n/a	n/a	n/a	n/a
60.69	0.132	saccade	n/a	166.3	177.6	n/a	175.8	171.6	0.44	872.0
60.726	0.036	blink	n/a	n/a	n/a	n/a	n/a	n/a	n/a	n/a
60.824	0.356	fixation	n/a	174.4	176.6	3140.0	n/a	n/a	n/a	n/a
61.182	0.032	saccade	n/a	176.1	177.5	n/a	282.7	176.6	4.14	233.0
61.216	0.218	fixation	n/a	287.6	173.5	3057.0	n/a	n/a	n/a	n/a
61.436	0.02	saccade	n/a	287.2	170.9	n/a	258.6	174.2	1.12	82.0
61.458	0.144	fixation	n/a	263.4	173.5	3014.0	n/a	n/a	n/a	n/a
61.604	0.02	saccade	n/a	266.0	172.0	n/a	299.5	168.8	1.31	89.0
61.626	0.1	fixation	n/a	300.9	170.5	2990.0	n/a	n/a	n/a	n/a
61.728	0.032	saccade	n/a	302.7	170.0	n/a	382.0	170.3	3.1	239.0
61.762	0.076	fixation	n/a	384.2	166.0	2998.0	n/a	n/a	n/a	n/a
61.84	0.034	saccade	n/a	386.1	164.8	n/a	490.5	166.7	4.06	262.0
61.876	0.268	fixation	n/a	494.0	165.3	3050.0	n/a	n/a	n/a	n/a
62.146	0.026	saccade	n/a	495.7	164.6	n/a	551.6	155.8	2.19	146.0
62.174	0.3	fixation	n/a	551.3	157.8	3069.0	n/a	n/a	n/a	n/a
62.476	0.062	saccade	n/a	550.1	162.5	n/a	143.3	237.0	15.89	461.0
62.54	0.166	fixation	n/a	146.5	240.7	3166.0	n/a	n/a	n/a	n/a
62.708	0.02	saccade	n/a	144.8	242.6	n/a	108.7	247.1	1.39	98.0
62.73	0.228	fixation	n/a	112.7	242.4	3155.0	n/a	n/a	n/a	n/a
62.96	0.028	saccade	n/a	115.0	239.4	n/a	187.8	238.4	2.79	187.0
62.99	0.244	fixation	n/a	188.7	238.0	3095.0	n/a	n/a	n/a	n/a
63.236	0.032	saccade	n/a	190.8	236.7	n/a	275.9	235.0	3.3	221.0
63.27	0.216	fixation	n/a	278.8	233.1	3065.0	n/a	n/a	n/a	n/a
63.488	0.034	saccade	n/a	280.2	233.4	n/a	371.7	231.2	3.57	215.0
63.524	0.106	fixation	n/a	371.7	230.5	3064.0	n/a	n/a	n/a	n/a
63.632	0.03	saccade	n/a	374.5	233.2	n/a	452.6	240.0	3.06	197.0
63.664	0.102	fixation	n/a	460.8	235.4	3039.0	n/a	n/a	n/a	n/a
63.768	0.144	saccade	n/a	462.1	238.3	n/a	465.4	259.0	0.82	713.0
63.81	0.054	blink	n/a	n/a	n/a	n/a	n/a	n/a	n/a	n/a
63.914	0.222	fixation	n/a	470.7	240.5	3031.0	n/a	n/a	n/a	n/a
64.138	0.028	saccade	n/a	469.4	241.0	n/a	419.5	171.5	3.36	178.0
64.168	0.124	fixation	n/a	411.0	169.8	3006.0	n/a	n/a	n/a	n/a
64.294	0.038	saccade	n/a	411.1	167.6	n/a	250.5	169.2	6.26	319.0
64.334	0.24	fixation	n/a	252.9	168.2	2865.0	n/a	n/a	n/a	n/a
64.396	0.0	trigger_11	11	n/a	n/a	n/a	n/a	n/a	n/a	n/a
64.398	0.0	trigger_10	10	n/a	n/a	n/a	n/a	n/a	n/a	n/a
64.576	0.03	saccade	n/a	251.9	168.4	n/a	157.0	163.9	3.68	225.0
64.608	0.194	fixation	n/a	153.2	169.7	2950.0	n/a	n/a	n/a	n/a
64.804	0.022	saccade	n/a	151.8	172.4	n/a	108.7	175.9	1.66	110.0
64.828	0.27	fixation	n/a	112.4	175.4	3066.0	n/a	n/a	n/a	n/a
65.1	0.03	saccade	n/a	112.1	175.3	n/a	187.4	167.6	2.91	188.0
65.132	0.272	fixation	n/a	190.0	167.6	3043.0	n/a	n/a	n/a	n/a
65.406	0.12	saccade	n/a	197.0	172.1	n/a	178.1	174.9	0.74	626.0
65.45	0.016	blink	n/a	n/a	n/a	n/a	n/a	n/a	n/a	n/a
65.528	0.184	fixation	n/a	174.8	177.8	3197.0	n/a	n/a	n/a	n/a
65.714	0.036	saccade	n/a	172.6	176.5	n/a	284.0	179.5	4.32	252.0
65.752	0.328	fixation	n/a	285.7	180.4	3207.0	n/a	n/a	n/a	n/a
66.082	0.128	saccade	n/a	289.4	185.3	n/a	355.6	178.7	2.6	895.0
66.12	0.038	blink	n/a	n/a	n/a	n/a	n/a	n/a	n/a	n/a
66.212	0.11	fixation	n/a	358.1	178.8	3180.0	n/a	n/a	n/a	n/a
66.324	0.03	saccade	n/a	360.2	181.9	n/a	431.8	177.8	2.81	197.0
66.356	0.422	fixation	n/a	434.8	174.2	3151.0	n/a	n/a	n/a	n/a
66.78	0.03	saccade	n/a	435.1	173.0	n/a	499.4	171.6	2.5	164.0
66.812	0.336	fixation	n/a	497.3	168.3	3134.0	n/a	n/a	n/a	n/a
67.15	0.032	saccade	n/a	497.1	167.7	n/a	582.8	161.7	3.3	186.0
67.184	0.204	fixation	n/a	579.3	162.0	3199.0	n/a	n/a	n/a	n/a
67.39	0.042	saccade	n/a	579.1	164.8	n/a	633.7	163.5	2.07	205.0
67.434	0.162	fixation	n/a	642.1	160.6	3305.0	n/a	n/a	n/a	n/a
67.598	0.072	saccade	n/a	642.2	160.3	n/a	137.1	247.2	19.47	485.0
67.672	0.18	fixation	n/a	145.1	252.0	3331.0	n/a	n/a	n/a	n/a
67.854	0.026	saccade	n/a	144.4	252.7	n/a	102.6	249.3	1.6	138.0
67.882	0.134	fixation	n/a	105.4	247.9	3249.0	n/a	n/a	n/a	n/a
68.018	0.038	saccade	n/a	106.8	245.3	n/a	264.2	245.0	6.04	334.0
68.058	0.192	fixation	n/a	271.3	242.7	3184.0	n/a	n/a	n/a	n/a
68.252	0.024	saccade	n/a	270.5	241.9	n/a	232.5	244.8	1.48	105.0
68.278	0.136	fixation	n/a	235.3	241.4	3153.0	n/a	n/a	n/a	n/a
68.416	0.03	saccade	n/a	235.4	239.4	n/a	307.7	236.9	2.81	186.0
68.448	0.208	fixation	n/a	307.4	235.3	3148.0	n/a	n/a	n/a	n/a
68.658	0.034	saccade	n/a	307.6	234.5	n/a	421.5	232.3	4.43	270.0
68.694	0.586	fixation	n/a	429.0	229.9	3182.0	n/a	n/a	n/a	n/a
69.282	0.15	saccade	n/a	432.5	233.8	n/a	495.5	229.4	2.45	923.0
69.318	0.07	blink	n/a	n/a	n/a	n/a	n/a	n/a	n/a	n/a
69.434	0.43	fixation	n/a	495.1	225.4	3210.0	n/a	n/a	n/a	n/a
69.866	0.03	saccade	n/a	495.2	224.5	n/a	560.7	223.1	2.52	166.0
69.898	0.172	fixation	n/a	558.8	220.6	3082.0	n/a	n/a	n/a	n/a
70.072	0.024	saccade	n/a	560.9	216.9	n/a	603.3	222.3	1.63	124.0
70.098	0.108	fixation	n/a	599.6	220.7	3130.0	n/a	n/a	n/a	n/a
70.208	0.07	saccade	n/a	600.8	217.9	n/a	131.6	305.2	18.13	476.0
70.28	0.134	fixation	n/a	135.4	307.6	3224.0	n/a	n/a	n/a	n/a
70.416	0.024	saccade	n/a	135.0	309.1	n/a	95.2	301.5	1.54	109.0
70.442	0.374	fixation	n/a	100.6	299.2	3151.0	n/a	n/a	n/a	n/a
70.818	0.024	saccade	n/a	103.5	299.3	n/a	156.9	299.1	2.03	134.0
70.844	0.47	fixation	n/a	171.0	298.7	3046.0	n/a	n/a	n/a	n/a
71.316	0.064	saccade	n/a	184.3	299.7	n/a	346.9	186.4	7.72	189.0
71.382	0.116	fixation	n/a	345.9	186.1	3042.0	n/a	n/a	n/a	n/a
71.5	0.028	saccade	n/a	347.8	183.7	n/a	418.0	168.2	2.81	180.0
71.53	0.272	fixation	n/a	421.0	168.4	3022.0	n/a	n/a	n/a	n/a
71.804	0.028	saccade	n/a	421.0	166.2	n/a	482.2	152.5	2.44	150.0
71.834	0.062	fixation	n/a	481.8	153.2	3012.0	n/a	n/a	n/a	n/a
71.898	0.058	saccade	n/a	482.5	153.4	n/a	135.4	188.2	13.45	450.0
71.958	0.158	fixation	n/a	140.7	192.1	3091.0	n/a	n/a	n/a	n/a
72.118	0.024	saccade	n/a	140.3	192.7	n/a	122.1	165.0	1.29	108.0
72.144	0.664	fixation	n/a	123.9	176.8	3249.0	n/a	n/a	n/a	n/a
72.436	0.0	trigger_11	11	n/a	n/a	n/a	n/a	n/a	n/a	n/a
72.438	0.0	trigger_10	10	n/a	n/a	n/a	n/a	n/a	n/a	n/a
72.81	0.02	saccade	n/a	125.9	180.5	n/a	154.4	180.0	1.09	78.0
72.832	0.128	fixation	n/a	151.1	180.3	3397.0	n/a	n/a	n/a	n/a
72.962	0.022	saccade	n/a	154.2	178.4	n/a	192.5	175.9	1.48	110.0
72.986	0.2	fixation	n/a	190.4	175.3	3306.0	n/a	n/a	n/a	n/a
73.188	0.032	saccade	n/a	192.4	173.6	n/a	292.2	179.3	3.88	230.0
73.222	0.388	fixation	n/a	293.5	178.1	3246.0	n/a	n/a	n/a	n/a
73.612	0.036	saccade	n/a	295.0	177.5	n/a	411.4	171.2	4.55	260.0
73.65	0.324	fixation	n/a	414.9	168.0	3125.0	n/a	n/a	n/a	n/a
73.976	0.124	saccade	n/a	417.4	175.6	n/a	454.6	174.1	1.45	841.0
74.01	0.044	blink	n/a	n/a	n/a	n/a	n/a	n/a	n/a	n/a
74.102	0.356	fixation	n/a	456.7	166.5	3225.0	n/a	n/a	n/a	n/a
74.46	0.028	saccade	n/a	461.0	166.2	n/a	517.1	163.3	2.18	154.0
74.49	0.308	fixation	n/a	513.2	161.4	3134.0	n/a	n/a	n/a	n/a
74.8	0.03	saccade	n/a	504.1	164.6	n/a	568.3	163.9	2.47	181.0
74.832	0.308	fixation	n/a	567.0	159.0	3221.0	n/a	n/a	n/a	n/a
75.142	0.024	saccade	n/a	571.2	160.3	n/a	608.3	158.1	1.42	114.0
75.168	0.068	fixation	n/a	603.9	155.8	3190.0	n/a	n/a	n/a	n/a
75.238	0.066	saccade	n/a	603.6	154.4	n/a	155.6	234.0	17.38	468.0
75.306	0.116	fixation	n/a	160.4	238.7	3293.0	n/a	n/a	n/a	n/a
75.424	0.024	saccade	n/a	157.7	240.6	n/a	117.9	245.0	1.53	115.0
75.45	0.176	fixation	n/a	120.9	244.8	3301.0	n/a	n/a	n/a	n/a
75.628	0.03	saccade	n/a	119.6	244.3	n/a	200.3	234.8	3.11	207.0
75.66	0.356	fixation	n/a	204.9	238.2	3241.0	n/a	n/a	n/a	n/a
76.018	0.03	saccade	n/a	204.4	240.5	n/a	279.4	237.1	2.91	183.0
76.05	0.086	fixation	n/a	275.3	236.1	3248.0	n/a	n/a	n/a	n/a
76.138	0.146	saccade	n/a	278.4	236.7	n/a	299.7	234.7	0.84	948.0
76.174	0.054	blink	n/a	n/a	n/a	n/a	n/a	n/a	n/a	n/a
76.286	0.216	fixation	n/a	300.4	238.9	3287.0	n/a	n/a	n/a	n/a
76.504	0.02	saccade	n/a	301.1	234.7	n/a	336.5	237.7	1.39	97.0
76.526	0.402	fixation	n/a	334.9	237.9	3153.0	n/a	n/a	n/a	n/a
76.93	0.028	saccade	n/a	336.0	237.5	n/a	413.0	234.9	3.0	153.0
76.96	0.518	fixation	n/a	416.0	237.3	3150.0	n/a	n/a	n/a	n/a
77.48	0.026	saccade	n/a	420.3	233.9	n/a	485.2	229.2	2.53	148.0
77.508	0.174	fixation	n/a	490.4	228.8	3068.0	n/a	n/a	n/a	n/a
77.684	0.02	saccade	n/a	492.3	227.6	n/a	531.1	224.4	1.5	105.0
77.706	0.132	fixation	n/a	528.4	226.7	3049.0	n/a	n/a	n/a	n/a
77.84	0.034	saccade	n/a	530.3	226.7	n/a	630.6	223.9	3.82	200.0
77.876	0.346	fixation	n/a	630.4	222.8	3029.0	n/a	n/a	n/a	n/a
78.224	0.02	saccade	n/a	632.1	222.9	n/a	665.3	220.7	1.25	92.0
78.246	0.142	fixation	n/a	659.7	224.2	3104.0	n/a	n/a	n/a	n/a
78.39	0.07	saccade	n/a	659.6	225.6	n/a	203.4	179.9	17.47	411.0
78.462	0.204	fixation	n/a	204.0	185.1	3222.0	n/a	n/a	n/a	n/a
78.668	0.038	saccade	n/a	205.3	188.5	n/a	333.3	243.5	5.43	353.0
78.708	0.166	fixation	n/a	338.9	241.8	3348.0	n/a	n/a	n/a	n/a
78.876	0.046	saccade	n/a	341.9	243.6	n/a	138.8	165.2	8.44	379.0
78.878	0.0	trigger_11	11	n/a	n/a	n/a	n/a	n/a	n/a	n/a
78.88	0.0	trigger_10	10	n/a	n/a	n/a	n/a	n/a	n/a	n/a
78.924	0.3	fixation	n/a	135.2	170.7	3357.0	n/a	n/a	n/a	n/a
79.226	0.016	saccade	n/a	131.4	174.1	n/a	109.8	181.7	0.88	71.0
79.244	0.112	fixation	n/a	113.3	181.8	3348.0	n/a	n/a	n/a	n/a
79.358	0.096	saccade	n/a	116.8	187.4	n/a	217.7	185.5	3.88	552.0
79.456	0.314	fixation	n/a	217.6	181.1	3302.0	n/a	n/a	n/a	n/a
79.772	0.018	saccade	n/a	220.0	177.0	n/a	195.7	179.6	0.95	76.0
79.792	0.316	fixation	n/a	202.1	176.8	3075.0	n/a	n/a	n/a	n/a
80.11	0.032	saccade	n/a	204.3	177.1	n/a	295.8	179.0	3.56	221.0
80.144	0.074	fixation	n/a	295.8	178.0	3116.0	n/a	n/a	n/a	n/a
80.22	0.148	saccade	n/a	299.2	181.0	n/a	296.7	171.2	0.4	918.0
80.254	0.062	blink	n/a	n/a	n/a	n/a	n/a	n/a	n/a	n/a
80.37	0.22	fixation	n/a	295.6	174.9	3174.0	n/a	n/a	n/a	n/a
80.592	0.022	saccade	n/a	297.3	172.1	n/a	346.7	173.7	1.93	129.0
80.616	0.342	fixation	n/a	350.3	167.8	3049.0	n/a	n/a	n/a	n/a
80.96	0.026	saccade	n/a	349.0	168.3	n/a	295.1	171.3	2.11	138.0
80.988	0.466	fixation	n/a	299.0	173.9	2953.0	n/a	n/a	n/a	n/a
81.456	0.032	saccade	n/a	298.3	177.3	n/a	364.8	169.4	2.62	202.0
81.49	0.418	fixation	n/a	363.1	167.8	3014.0	n/a	n/a	n/a	n/a
81.91	0.026	saccade	n/a	359.7	170.1	n/a	412.5	166.9	2.07	140.0
81.938	0.224	fixation	n/a	411.1	167.6	3211.0	n/a	n/a	n/a	n/a
82.164	0.026	saccade	n/a	415.6	168.9	n/a	476.6	165.1	2.38	148.0
82.192	0.226	fixation	n/a	478.5	163.5	3177.0	n/a	n/a	n/a	n/a
82.42	0.028	saccade	n/a	481.4	160.4	n/a	545.9	155.9	2.5	158.0
82.45	0.202	fixation	n/a	543.9	157.6	3218.0	n/a	n/a	n/a	n/a
82.654	0.022	saccade	n/a	542.7	160.8	n/a	505.0	164.5	1.46	99.0
82.678	0.172	fixation	n/a	508.4	165.7	3267.0	n/a	n/a	n/a	n/a
82.852	0.028	saccade	n/a	509.0	165.7	n/a	570.0	163.2	2.34	155.0
82.882	0.134	fixation	n/a	567.8	165.4	3265.0	n/a	n/a	n/a	n/a
83.018	0.024	saccade	n/a	570.3	168.4	n/a	601.4	162.8	1.21	107.0
83.044	0.208	fixation	n/a	595.1	162.1	3300.0	n/a	n/a	n/a	n/a
83.254	0.068	saccade	n/a	594.1	163.9	n/a	121.3	240.9	18.3	471.0
83.324	0.148	fixation	n/a	126.8	243.2	3350.0	n/a	n/a	n/a	n/a
83.474	0.022	saccade	n/a	124.8	242.5	n/a	92.3	244.3	1.24	98.0
83.498	0.34	fixation	n/a	99.4	242.9	3232.0	n/a	n/a	n/a	n/a
83.84	0.034	saccade	n/a	102.0	241.0	n/a	196.3	232.6	3.63	241.0
83.876	0.238	fixation	n/a	200.9	232.4	3104.0	n/a	n/a	n/a	n/a
84.116	0.038	saccade	n/a	203.1	232.8	n/a	331.1	236.5	4.97	272.0
84.156	0.34	fixation	n/a	333.3	233.9	3170.0	n/a	n/a	n/a	n/a
84.498	0.038	saccade	n/a	332.5	232.7	n/a	465.5	240.6	5.18	324.0
84.538	0.32	fixation	n/a	473.1	233.9	3167.0	n/a	n/a	n/a	n/a
84.86	0.026	saccade	n/a	477.0	234.9	n/a	534.2	226.9	2.23	138.0
84.888	0.076	fixation	n/a	529.7	225.0	3072.0	n/a	n/a	n/a	n/a
84.966	0.122	saccade	n/a	530.9	227.3	n/a	525.1	239.8	0.54	764.0
85.008	0.034	blink	n/a	n/a	n/a	n/a	n/a	n/a	n/a	n/a
85.09	0.184	fixation	n/a	527.1	229.9	3080.0	n/a	n/a	n/a	n/a
85.276	0.034	saccade	n/a	527.1	228.4	n/a	617.0	226.4	3.43	241.0
85.312	0.332	fixation	n/a	621.1	222.6	3002.0	n/a	n/a	n/a	n/a
85.646	0.058	saccade	n/a	624.2	218.3	n/a	613.7	219.6	0.4	106.0
85.706	0.106	fixation	n/a	617.6	220.3	3012.0	n/a	n/a	n/a	n/a
85.814	0.03	saccade	n/a	614.8	221.1	n/a	543.0	229.4	2.75	212.0
85.846	0.282	fixation	n/a	546.2	230.8	3105.0	n/a	n/a	n/a	n/a
86.13	0.024	saccade	n/a	548.0	230.4	n/a	603.5	224.5	2.13	129.0
86.156	0.224	fixation	n/a	600.9	226.5	3135.0	n/a	n/a	n/a	n/a
86.382	0.028	saccade	n/a	601.9	225.6	n/a	646.9	219.2	1.72	150.0
86.412	0.124	fixation	n/a	644.0	218.4	3209.0	n/a	n/a	n/a	n/a
86.538	0.074	saccade	n/a	643.7	219.0	n/a	114.9	292.2	20.19	495.0
86.614	0.45	fixation	n/a	120.4	299.3	3283.0	n/a	n/a	n/a	n/a
87.066	0.022	saccade	n/a	120.0	302.4	n/a	163.4	298.2	1.66	117.0
87.09	0.456	fixation	n/a	162.2	302.0	3154.0	n/a	n/a	n/a	n/a
87.548	0.1	saccade	n/a	167.4	305.0	n/a	269.0	293.6	3.94	593.0
87.65	0.184	fixation	n/a	266.6	297.3	3250.0	n/a	n/a	n/a	n/a
87.836	0.03	saccade	n/a	267.1	295.1	n/a	340.3	300.4	2.85	195.0
87.868	0.206	fixation	n/a	341.3	300.8	3175.0	n/a	n/a	n/a	n/a
88.076	0.032	saccade	n/a	341.7	300.7	n/a	437.3	291.5	3.73	212.0
88.11	0.48	fixation	n/a	440.0	291.4	3060.0	n/a	n/a	n/a	n/a
88.592	0.03	saccade	n/a	441.2	290.5	n/a	515.3	284.8	2.87	178.0
88.624	0.126	fixation	n/a	515.2	285.4	3051.0	n/a	n/a	n/a	n/a
88.752	0.154	saccade	n/a	518.0	290.0	n/a	561.8	296.8	1.7	697.0
88.784	0.074	blink	n/a	n/a	n/a	n/a	n/a	n/a	n/a	n/a
88.908	0.174	fixation	n/a	562.0	287.9	3105.0	n/a	n/a	n/a	n/a
89.084	0.03	saccade	n/a	562.0	286.8	n/a	624.9	289.0	2.38	174.0
89.116	0.154	fixation	n/a	621.6	285.0	3148.0	n/a	n/a	n/a	n/a
89.272	0.066	saccade	n/a	626.1	284.5	n/a	125.6	354.0	19.08	497.0
89.34	0.136	fixation	n/a	129.6	358.1	3065.0	n/a	n/a	n/a	n/a
89.478	0.02	saccade	n/a	129.3	359.3	n/a	94.6	363.3	1.32	96.0
89.5	0.678	fixation	n/a	97.5	360.1	3096.0	n/a	n/a	n/a	n/a
90.18	0.142	saccade	n/a	97.1	358.8	n/a	117.1	361.5	0.76	808.0
90.214	0.054	blink	n/a	n/a	n/a	n/a	n/a	n/a	n/a	n/a
90.324	0.134	fixation	n/a	113.9	357.1	3249.0	n/a	n/a	n/a	n/a
90.46	0.028	saccade	n/a	115.0	363.2	n/a	172.2	360.5	2.17	154.0
90.49	0.25	fixation	n/a	173.8	363.1	3290.0	n/a	n/a	n/a	n/a
90.742	0.03	saccade	n/a	178.5	365.0	n/a	94.3	366.4	3.19	215.0
90.774	0.362	fixation	n/a	102.2	363.1	3279.0	n/a	n/a	n/a	n/a
91.138	0.032	saccade	n/a	103.1	363.2	n/a	199.7	361.3	3.67	228.0
91.172	0.302	fixation	n/a	202.1	358.0	3279.0	n/a	n/a	n/a	n/a
91.476	0.028	saccade	n/a	206.0	356.0	n/a	263.8	354.0	2.22	153.0
91.506	0.27	fixation	n/a	262.1	353.5	3255.0	n/a	n/a	n/a	n/a
91.778	0.018	saccade	n/a	265.3	354.8	n/a	290.5	354.3	0.97	69.0
91.798	0.176	fixation	n/a	289.8	356.2	3150.0	n/a	n/a	n/a	n/a
91.976	0.03	saccade	n/a	292.2	357.6	n/a	372.2	349.1	3.11	197.0
92.008	0.282	fixation	n/a	373.3	350.3	3098.0	n/a	n/a	n/a	n/a
92.292	0.03	saccade	n/a	376.4	351.7	n/a	438.9	355.9	2.42	182.0
92.324	0.524	fixation	n/a	438.3	353.7	3156.0	n/a	n/a	n/a	n/a
92.85	0.03	saccade	n/a	441.7	353.7	n/a	366.6	354.0	2.91	202.0
92.882	0.104	fixation	n/a	369.8	354.9	3153.0	n/a	n/a	n/a	n/a
92.988	0.056	saccade	n/a	370.1	354.5	n/a	197.9	182.7	9.47	327.0
92.998	0.0	trigger_11	11	n/a	n/a	n/a	n/a	n/a	n/a	n/a
93.002	0.0	trigger_10	10	n/a	n/a	n/a	n/a	n/a	n/a	n/a
93.046	0.198	fixation	n/a	198.8	184.8	3106.0	n/a	n/a	n/a	n/a
93.246	0.03	saccade	n/a	197.9	185.5	n/a	120.1	171.3	3.04	206.0
93.278	0.232	fixation	n/a	125.6	176.3	3139.0	n/a	n/a	n/a	n/a
93.512	0.024	saccade	n/a	125.5	177.3	n/a	83.0	176.9	1.62	115.0
93.538	0.12	fixation	n/a	88.8	179.4	3118.0	n/a	n/a	n/a	n/a
93.66	0.136	saccade	n/a	95.0	183.2	n/a	123.1	178.1	1.09	705.0
93.696	0.044	blink	n/a	n/a	n/a	n/a	n/a	n/a	n/a	n/a
93.798	0.212	fixation	n/a	121.5	180.7	3104.0	n/a	n/a	n/a	n/a
94.012	0.02	saccade	n/a	124.4	181.9	n/a	163.9	176.6	1.53	107.0
94.034	0.21	fixation	n/a	160.7	178.0	3068.0	n/a	n/a	n/a	n/a
94.246	0.032	saccade	n/a	160.6	175.2	n/a	242.9	181.5	3.19	223.0
94.28	0.474	fixation	n/a	246.4	179.3	3106.0	n/a	n/a	n/a	n/a
94.756	0.096	saccade	n/a	250.3	182.4	n/a	317.5	168.2	2.68	687.0
94.854	0.04	fixation	n/a	318.2	173.3	3155.0	n/a	n/a	n/a	n/a
94.896	0.162	saccade	n/a	318.5	174.7	n/a	363.0	172.9	1.74	902.0
94.93	0.072	blink	n/a	n/a	n/a	n/a	n/a	n/a	n/a	n/a
95.06	0.122	fixation	n/a	366.3	175.5	3197.0	n/a	n/a	n/a	n/a
95.184	0.032	saccade	n/a	368.0	173.3	n/a	450.6	173.6	3.22	207.0
95.218	0.206	fixation	n/a	450.5	169.8	3135.0	n/a	n/a	n/a	n/a
95.426	0.018	saccade	n/a	448.8	169.5	n/a	419.5	173.8	1.15	88.0
95.446	0.238	fixation	n/a	422.6	171.9	3110.0	n/a	n/a	n/a	n/a
95.686	0.034	saccade	n/a	422.6	175.2	n/a	511.1	165.0	3.46	211.0
95.722	0.218	fixation	n/a	511.4	164.4	3080.0	n/a	n/a	n/a	n/a
95.942	0.026	saccade	n/a	514.4	166.0	n/a	557.7	160.9	1.68	130.0
95.97	0.096	fixation	n/a	555.0	161.6	3056.0	n/a	n/a	n/a	n/a
96.068	0.068	saccade	n/a	554.4	161.3	n/a	93.6	237.9	17.84	479.0
96.138	0.258	fixation	n/a	100.0	242.1	3148.0	n/a	n/a	n/a	n/a
96.398	0.016	saccade	n/a	98.4	245.1	n/a	73.4	246.3	0.95	76.0
96.416	0.354	fixation	n/a	80.8	245.1	3172.0	n/a	n/a	n/a	n/a
96.772	0.14	saccade	n/a	87.9	246.1	n/a	145.6	239.1	2.21	816.0
96.806	0.052	blink	n/a	n/a	n/a	n/a	n/a	n/a	n/a	n/a
96.914	0.286	fixation	n/a	143.1	243.2	3326.0	n/a	n/a	n/a	n/a
97.202	0.018	saccade	n/a	140.0	243.0	n/a	113.1	245.2	1.03	81.0
97.222	0.23	fixation	n/a	120.7	243.3	3199.0	n/a	n/a	n/a	n/a
97.454	0.032	saccade	n/a	122.0	242.7	n/a	226.1	245.1	4.0	258.0
97.488	0.334	fixation	n/a	231.6	244.4	3219.0	n/a	n/a	n/a	n/a
97.824	0.034	saccade	n/a	232.2	245.2	n/a	316.8	243.5	3.29	225.0
97.86	0.122	fixation	n/a	316.1	242.1	3257.0	n/a	n/a	n/a	n/a
97.984	0.168	saccade	n/a	318.3	246.6	n/a	304.9	235.9	0.67	990.0
98.018	0.074	blink	n/a	n/a	n/a	n/a	n/a	n/a	n/a	n/a
98.154	0.154	fixation	n/a	305.1	240.4	3277.0	n/a	n/a	n/a	n/a
98.31	0.028	saccade	n/a	304.8	238.3	n/a	365.1	237.8	2.36	160.0
98.34	0.196	fixation	n/a	362.0	236.9	3277.0	n/a	n/a	n/a	n/a
98.538	0.022	saccade	n/a	367.6	234.1	n/a	408.5	233.4	1.59	118.0
98.562	0.22	fixation	n/a	407.8	233.6	3162.0	n/a	n/a	n/a	n/a
98.784	0.014	saccade	n/a	410.6	233.2	n/a	424.4	230.2	0.55	46.0
98.8	0.166	fixation	n/a	422.2	229.0	3175.0	n/a	n/a	n/a	n/a
98.968	0.03	saccade	n/a	423.3	226.9	n/a	505.0	223.5	3.17	176.0
99.0	0.226	fixation	n/a	506.4	221.9	3179.0	n/a	n/a	n/a	n/a
99.228	0.03	saccade	n/a	506.8	219.4	n/a	565.9	218.2	2.27	178.0
99.26	0.552	fixation	n/a	565.5	215.4	3212.0	n/a	n/a	n/a	n/a
99.814	0.066	saccade	n/a	565.0	221.6	n/a	119.7	300.6	17.27	449.0
99.882	0.144	fixation	n/a	128.0	314.6	3255.0	n/a	n/a	n/a	n/a
100.028	0.018	saccade	n/a	124.0	316.7	n/a	94.1	312.6	1.14	84.0
100.048	0.064	fixation	n/a	97.7	313.6	3232.0	n/a	n/a	n/a	n/a
100.114	0.152	saccade	n/a	101.0	314.6	n/a	122.7	307.7	0.86	820.0
100.148	0.06	blink	n/a	n/a	n/a	n/a	n/a	n/a	n/a	n/a
100.268	0.132	fixation	n/a	120.8	298.3	3129.0	n/a	n/a	n/a	n/a
100.402	0.024	saccade	n/a	121.4	297.6	n/a	164.3	302.5	1.65	118.0
100.428	0.39	fixation	n/a	165.4	301.4	3080.0	n/a	n/a	n/a	n/a
100.82	0.034	saccade	n/a	167.6	299.2	n/a	267.6	304.6	3.86	261.0
100.856	0.298	fixation	n/a	270.9	301.1	2996.0	n/a	n/a	n/a	n/a
101.156	0.026	saccade	n/a	273.0	299.0	n/a	329.4	296.2	2.19	138.0
101.184	0.072	fixation	n/a	328.5	296.8	2993.0	n/a	n/a	n/a	n/a
101.258	0.032	saccade	n/a	330.5	295.6	n/a	405.8	297.1	2.93	211.0
101.292	0.508	fixation	n/a	404.9	293.4	3050.0	n/a	n/a	n/a	n/a
101.802	0.034	saccade	n/a	396.0	293.1	n/a	479.7	290.3	3.25	218.0
101.838	0.266	fixation	n/a	479.1	289.1	3088.0	n/a	n/a	n/a	n/a
102.106	0.026	saccade	n/a	480.2	289.1	n/a	529.7	289.5	1.9	142.0
102.134	0.266	fixation	n/a	528.3	288.1	3139.0	n/a	n/a	n/a	n/a
102.402	0.018	saccade	n/a	530.4	286.0	n/a	553.2	284.9	0.87	65.0
102.422	0.494	fixation	n/a	550.2	287.8	3213.0	n/a	n/a	n/a	n/a
102.918	0.032	saccade	n/a	554.6	289.9	n/a	620.7	300.1	2.53	186.0
102.952	0.282	fixation	n/a	617.1	293.3	3224.0	n/a	n/a	n/a	n/a
103.236	0.07	saccade	n/a	616.7	292.9	n/a	126.6	368.4	18.76	452.0
103.308	0.146	fixation	n/a	131.4	371.3	3285.0	n/a	n/a	n/a	n/a
103.456	0.024	saccade	n/a	130.4	373.0	n/a	95.7	367.3	1.33	111.0
103.482	0.098	fixation	n/a	99.4	368.6	3249.0	n/a	n/a	n/a	n/a
103.582	0.152	saccade	n/a	99.5	369.0	n/a	140.1	353.2	1.65	862.0
103.616	0.06	blink	n/a	n/a	n/a	n/a	n/a	n/a	n/a	n/a
103.736	0.054	fixation	n/a	138.3	352.2	3188.0	n/a	n/a	n/a	n/a
103.792	0.03	saccade	n/a	138.0	354.2	n/a	203.4	366.9	2.53	187.0
103.824	0.156	fixation	n/a	206.3	367.9	3217.0	n/a	n/a	n/a	n/a
103.982	0.018	saccade	n/a	209.3	367.8	n/a	235.9	364.1	1.03	79.0
104.002	0.088	fixation	n/a	231.1	363.3	3247.0	n/a	n/a	n/a	n/a
104.092	0.05	saccade	n/a	229.6	362.2	n/a	153.2	173.8	7.91	322.0
104.144	0.326	fixation	n/a	156.3	176.4	3145.0	n/a	n/a	n/a	n/a
104.27	0.0	trigger_11	11	n/a	n/a	n/a	n/a	n/a	n/a	n/a
104.272	0.0	trigger_10	10	n/a	n/a	n/a	n/a	n/a	n/a	n/a
104.472	0.024	saccade	n/a	155.7	173.7	n/a	107.8	169.4	1.84	131.0
104.498	0.374	fixation	n/a	110.8	171.5	3188.0	n/a	n/a	n/a	n/a
104.874	0.028	saccade	n/a	110.9	171.3	n/a	168.1	168.6	2.19	151.0
104.904	0.214	fixation	n/a	165.9	168.8	3156.0	n/a	n/a	n/a	n/a
105.12	0.02	saccade	n/a	168.4	169.9	n/a	209.0	172.6	1.57	108.0
105.142	0.164	fixation	n/a	207.2	174.2	3127.0	n/a	n/a	n/a	n/a
105.308	0.032	saccade	n/a	207.1	173.0	n/a	289.5	175.4	3.21	210.0
105.342	0.442	fixation	n/a	288.6	173.9	3129.0	n/a	n/a	n/a	n/a
105.786	0.034	saccade	n/a	287.9	172.8	n/a	382.3	171.4	3.69	243.0
105.822	0.386	fixation	n/a	387.1	170.3	3107.0	n/a	n/a	n/a	n/a
106.21	0.034	saccade	n/a	387.4	168.8	n/a	483.2	167.4	3.73	232.0
106.246	0.194	fixation	n/a	483.8	166.1	3144.0	n/a	n/a	n/a	n/a
106.442	0.024	saccade	n/a	486.3	168.2	n/a	533.5	161.4	1.84	123.0
106.468	0.304	fixation	n/a	529.9	164.2	3163.0	n/a	n/a	n/a	n/a
106.774	0.014	saccade	n/a	526.8	167.2	n/a	511.4	169.3	0.6	50.0
106.79	0.444	fixation	n/a	511.2	168.7	3265.0	n/a	n/a	n/a	n/a
107.236	0.026	saccade	n/a	507.6	172.3	n/a	457.1	175.6	1.96	137.0
107.264	0.34	fixation	n/a	464.5	175.1	3351.0	n/a	n/a	n/a	n/a
107.606	0.032	saccade	n/a	467.6	175.9	n/a	528.4	176.8	2.36	194.0
107.64	0.232	fixation	n/a	527.3	170.9	3440.0	n/a	n/a	n/a	n/a
107.874	0.026	saccade	n/a	530.1	173.1	n/a	573.8	171.1	1.68	125.0
107.902	0.31	fixation	n/a	573.2	171.1	3422.0	n/a	n/a	n/a	n/a
108.214	0.162	saccade	n/a	576.5	183.2	n/a	555.2	175.5	0.87	844.0
108.248	0.08	blink	n/a	n/a	n/a	n/a	n/a	n/a	n/a	n/a
108.378	0.086	fixation	n/a	556.1	176.0	3445.0	n/a	n/a	n/a	n/a
108.466	0.02	saccade	n/a	554.2	174.2	n/a	519.5	179.6	1.35	97.0
108.488	0.134	fixation	n/a	525.4	179.0	3433.0	n/a	n/a	n/a	n/a
108.624	0.03	saccade	n/a	527.1	176.4	n/a	597.7	175.0	2.7	208.0
108.656	0.192	fixation	n/a	601.2	167.5	3183.0	n/a	n/a	n/a	n/a
108.85	0.072	saccade	n/a	605.3	163.2	n/a	121.7	232.8	18.62	474.0
108.924	0.138	fixation	n/a	127.7	237.0	3074.0	n/a	n/a	n/a	n/a
109.064	0.022	saccade	n/a	127.6	239.3	n/a	94.4	238.0	1.26	98.0
109.088	0.268	fixation	n/a	99.2	237.4	3043.0	n/a	n/a	n/a	n/a
109.358	0.034	saccade	n/a	100.2	234.4	n/a	205.3	245.3	4.04	281.0
109.394	0.184	fixation	n/a	211.5	238.1	3020.0	n/a	n/a	n/a	n/a
109.58	0.032	saccade	n/a	212.2	236.5	n/a	131.9	228.9	3.1	192.0
109.614	0.29	fixation	n/a	134.7	229.9	3009.0	n/a	n/a	n/a	n/a
109.906	0.032	saccade	n/a	135.6	227.5	n/a	214.8	232.6	3.05	216.0
109.94	0.098	fixation	n/a	215.5	230.5	3009.0	n/a	n/a	n/a	n/a
110.04	0.034	saccade	n/a	217.4	229.2	n/a	195.5	155.1	3.04	192.0
110.076	0.296	fixation	n/a	195.7	164.7	3085.0	n/a	n/a	n/a	n/a
110.16	0.0	trigger_11	11	n/a	n/a	n/a	n/a	n/a	n/a	n/a
110.162	0.0	trigger_12	12	n/a	n/a	n/a	n/a	n/a	n/a	n/a
110.374	0.03	saccade	n/a	192.5	168.9	n/a	118.3	175.8	2.86	184.0
110.406	0.174	fixation	n/a	120.2	177.4	3231.0	n/a	n/a	n/a	n/a
110.582	0.018	saccade	n/a	115.9	177.3	n/a	93.3	180.6	0.87	66.0
110.602	0.144	fixation	n/a	98.8	180.4	3264.0	n/a	n/a	n/a	n/a
110.748	0.12	saccade	n/a	106.0	183.2	n/a	155.2	182.7	1.88	751.0
110.788	0.022	blink	n/a	n/a	n/a	n/a	n/a	n/a	n/a	n/a
110.87	0.164	fixation	n/a	154.5	178.9	3172.0	n/a	n/a	n/a	n/a
111.036	0.018	saccade	n/a	156.6	173.0	n/a	181.7	169.8	0.97	69.0
111.056	0.124	fixation	n/a	181.7	172.3	3167.0	n/a	n/a	n/a	n/a
111.182	0.026	saccade	n/a	183.6	171.0	n/a	231.9	173.3	1.87	137.0
111.21	0.21	fixation	n/a	230.9	173.0	3135.0	n/a	n/a	n/a	n/a
111.422	0.026	saccade	n/a	231.5	170.8	n/a	288.5	174.1	2.23	157.0
111.45	0.116	fixation	n/a	286.9	173.4	3196.0	n/a	n/a	n/a	n/a
111.568	0.028	saccade	n/a	288.9	172.6	n/a	347.7	176.5	2.3	164.0
111.598	0.318	fixation	n/a	347.1	174.9	3218.0	n/a	n/a	n/a	n/a
111.918	0.03	saccade	n/a	349.4	172.0	n/a	421.9	165.0	2.85	183.0
111.95	0.18	fixation	n/a	422.2	166.6	3166.0	n/a	n/a	n/a	n/a
112.132	0.02	saccade	n/a	425.3	165.3	n/a	458.1	165.3	1.28	94.0
112.154	0.208	fixation	n/a	453.2	167.9	3181.0	n/a	n/a	n/a	n/a
112.364	0.028	saccade	n/a	453.2	168.0	n/a	517.7	164.7	2.5	164.0
112.394	0.254	fixation	n/a	515.3	164.5	3221.0	n/a	n/a	n/a	n/a
112.65	0.016	saccade	n/a	512.8	165.8	n/a	493.3	169.5	0.77	61.0
112.668	0.24	fixation	n/a	497.2	168.9	3223.0	n/a	n/a	n/a	n/a
112.91	0.028	saccade	n/a	497.5	167.9	n/a	561.2	164.0	2.45	160.0
112.94	0.178	fixation	n/a	560.8	162.3	3205.0	n/a	n/a	n/a	n/a
113.12	0.028	saccade	n/a	563.7	161.4	n/a	611.0	159.3	1.8	129.0
113.15	0.35	fixation	n/a	606.8	158.8	3216.0	n/a	n/a	n/a	n/a
113.502	0.072	saccade	n/a	607.4	162.7	n/a	110.3	236.8	19.12	452.0
113.576	0.148	fixation	n/a	127.2	246.0	3256.0	n/a	n/a	n/a	n/a
113.726	0.022	saccade	n/a	126.2	247.3	n/a	89.2	243.4	1.42	107.0
113.75	0.32	fixation	n/a	96.6	241.3	3125.0	n/a	n/a	n/a	n/a
114.072	0.024	saccade	n/a	100.6	239.5	n/a	154.8	231.9	2.09	132.0
114.098	0.116	fixation	n/a	156.5	232.8	3039.0	n/a	n/a	n/a	n/a
114.216	0.122	saccade	n/a	161.8	235.9	n/a	216.1	234.0	2.09	865.0
114.252	0.03	blink	n/a	n/a	n/a	n/a	n/a	n/a	n/a	n/a
114.34	0.578	fixation	n/a	206.6	240.8	3030.0	n/a	n/a	n/a	n/a
114.92	0.018	saccade	n/a	204.9	239.3	n/a	230.0	236.4	0.98	77.0
114.94	0.156	fixation	n/a	226.5	237.9	3013.0	n/a	n/a	n/a	n/a
115.098	0.03	saccade	n/a	227.5	237.6	n/a	290.0	239.5	2.43	172.0
115.13	0.596	fixation	n/a	287.2	237.4	3097.0	n/a	n/a	n/a	n/a
115.728	0.03	saccade	n/a	282.1	237.2	n/a	357.6	231.6	2.95	194.0
115.76	0.148	fixation	n/a	357.6	232.1	3107.0	n/a	n/a	n/a	n/a
115.91	0.028	saccade	n/a	360.1	232.7	n/a	416.3	232.2	2.2	148.0
115.94	0.21	fixation	n/a	417.2	230.3	3155.0	n/a	n/a	n/a	n/a
116.152	0.026	saccade	n/a	419.1	228.3	n/a	470.9	222.4	2.03	133.0
116.18	0.148	fixation	n/a	468.3	223.4	3181.0	n/a	n/a	n/a	n/a
116.33	0.132	saccade	n/a	470.9	230.4	n/a	472.4	231.2	0.07	870.0
116.362	0.052	blink	n/a	n/a	n/a	n/a	n/a	n/a	n/a	n/a
116.464	0.236	fixation	n/a	482.4	220.7	3138.0	n/a	n/a	n/a	n/a
116.702	0.028	saccade	n/a	482.9	221.9	n/a	554.6	221.4	2.76	174.0
116.732	0.152	fixation	n/a	552.2	219.7	3057.0	n/a	n/a	n/a	n/a
116.886	0.03	saccade	n/a	553.9	214.6	n/a	483.4	221.4	2.72	198.0
116.918	0.062	fixation	n/a	486.3	220.1	3018.0	n/a	n/a	n/a	n/a
116.982	0.034	saccade	n/a	487.5	221.8	n/a	592.0	209.7	4.03	258.0
117.018	0.17	fixation	n/a	596.7	210.8	3012.0	n/a	n/a	n/a	n/a
117.19	0.068	saccade	n/a	595.9	216.9	n/a	132.3	291.9	17.9	496.0
117.26	0.376	fixation	n/a	136.3	295.5	3110.0	n/a	n/a	n/a	n/a
117.638	0.034	saccade	n/a	139.0	297.1	n/a	258.7	295.2	4.6	277.0
117.674	0.216	fixation	n/a	260.5	293.5	3088.0	n/a	n/a	n/a	n/a
117.892	0.018	saccade	n/a	262.0	293.1	n/a	286.1	291.6	0.94	70.0
117.912	0.282	fixation	n/a	283.9	292.1	3101.0	n/a	n/a	n/a	n/a
118.196	0.032	saccade	n/a	285.9	292.0	n/a	388.8	290.5	4.0	240.0
118.23	0.446	fixation	n/a	392.5	290.7	3121.0	n/a	n/a	n/a	n/a
118.678	0.036	saccade	n/a	392.9	290.5	n/a	498.0	289.3	4.06	231.0
118.716	0.98	fixation	n/a	504.8	293.2	3269.0	n/a	n/a	n/a	n/a
119.608	0.0	trigger_13	13	n/a	n/a	n/a	n/a	n/a	n/a	n/a
119.698	0.056	saccade	n/a	508.2	297.5	n/a	192.6	209.7	12.64	437.0
119.756	0.284	fixation	n/a	189.1	211.7	3427.0	n/a	n/a	n/a	n/a
120.042	0.032	saccade	n/a	186.1	212.4	n/a	122.5	271.7	3.36	215.0
120.076	0.15	fixation	n/a	128.2	270.7	3435.0	n/a	n/a	n/a	n/a
120.228	0.02	saccade	n/a	128.8	271.2	n/a	124.4	241.8	1.16	83.0
120.25	0.226	fixation	n/a	125.7	246.9	3562.0	n/a	n/a	n/a	n/a
120.478	0.028	saccade	n/a	124.8	244.7	n/a	128.7	185.4	2.33	151.0
120.508	0.254	fixation	n/a	128.0	187.4	3633.0	n/a	n/a	n/a	n/a
120.764	0.038	saccade	n/a	125.3	189.8	n/a	166.4	300.0	4.58	284.0
120.804	0.28	fixation	n/a	167.3	299.3	3733.0	n/a	n/a	n/a	n/a
121.086	0.03	saccade	n/a	169.7	299.3	n/a	180.1	239.4	2.37	165.0
121.118	0.124	fixation	n/a	182.1	245.3	3604.0	n/a	n/a	n/a	n/a
121.244	0.026	saccade	n/a	184.0	245.3	n/a	226.2	249.2	1.64	130.0
121.272	0.274	fixation	n/a	221.2	247.2	3544.0	n/a	n/a	n/a	n/a
121.548	0.028	saccade	n/a	217.9	246.3	n/a	131.7	246.4	3.31	209.0
121.578	0.342	fixation	n/a	128.3	244.0	3526.0	n/a	n/a	n/a	n/a
121.922	0.034	saccade	n/a	131.7	243.5	n/a	172.0	309.7	3.01	195.0
121.958	0.474	fixation	n/a	168.6	309.3	3620.0	n/a	n/a	n/a	n/a
122.434	0.04	saccade	n/a	164.3	312.3	n/a	137.0	224.1	3.59	192.0
122.476	0.142	fixation	n/a	137.8	229.9	3674.0	n/a	n/a	n/a	n/a
122.62	0.018	saccade	n/a	140.5	231.3	n/a	166.0	242.6	1.07	80.0
122.64	0.298	fixation	n/a	165.0	243.6	3659.0	n/a	n/a	n/a	n/a
122.736	0.0	trigger_15	15	n/a	n/a	n/a	n/a	n/a	n/a	n/a
122.738	0.0	trigger_10	10	n/a	n/a	n/a	n/a	n/a	n/a	n/a
122.94	0.024	saccade	n/a	163.3	248.7	n/a	128.0	202.1	2.28	136.0
122.966	0.166	fixation	n/a	116.2	190.7	3635.0	n/a	n/a	n/a	n/a
123.134	0.114	saccade	n/a	119.6	194.7	n/a	106.3	203.1	0.6	919.0
123.17	0.02	blink	n/a	n/a	n/a	n/a	n/a	n/a	n/a	n/a
123.25	0.136	fixation	n/a	106.4	206.5	3560.0	n/a	n/a	n/a	n/a
123.388	0.03	saccade	n/a	106.7	205.5	n/a	175.9	199.6	2.66	177.0
123.42	0.2	fixation	n/a	176.3	198.1	3529.0	n/a	n/a	n/a	n/a
123.622	0.024	saccade	n/a	179.9	196.0	n/a	221.5	193.2	1.61	119.0
123.648	0.328	fixation	n/a	220.8	191.7	3447.0	n/a	n/a	n/a	n/a
123.978	0.132	saccade	n/a	226.2	198.2	n/a	222.1	190.4	0.35	841.0
124.018	0.036	blink	n/a	n/a	n/a	n/a	n/a	n/a	n/a	n/a
124.112	0.526	fixation	n/a	219.3	185.8	3445.0	n/a	n/a	n/a	n/a
124.64	0.018	saccade	n/a	221.6	178.6	n/a	243.8	176.2	0.87	64.0
124.66	0.132	fixation	n/a	239.7	173.8	3381.0	n/a	n/a	n/a	n/a
124.794	0.028	saccade	n/a	240.1	171.4	n/a	314.5	171.0	2.89	180.0
124.824	0.208	fixation	n/a	313.9	169.7	3349.0	n/a	n/a	n/a	n/a
125.034	0.014	saccade	n/a	316.8	169.0	n/a	331.8	166.4	0.59	48.0
125.05	0.1	fixation	n/a	330.3	169.1	3332.0	n/a	n/a	n/a	n/a
125.152	0.186	saccade	n/a	331.3	174.3	n/a	342.5	168.4	0.5	966.0
125.188	0.096	blink	n/a	n/a	n/a	n/a	n/a	n/a	n/a	n/a
125.34	0.118	fixation	n/a	343.7	173.4	3318.0	n/a	n/a	n/a	n/a
125.46	0.034	saccade	n/a	343.7	173.5	n/a	445.1	169.7	3.96	245.0
125.496	0.438	fixation	n/a	450.8	162.8	3185.0	n/a	n/a	n/a	n/a
125.936	0.03	saccade	n/a	455.9	157.9	n/a	541.8	150.5	3.33	188.0
125.968	0.24	fixation	n/a	543.2	153.8	3046.0	n/a	n/a	n/a	n/a
126.21	0.024	saccade	n/a	545.2	156.1	n/a	590.9	152.8	1.75	115.0
126.236	0.322	fixation	n/a	586.4	154.6	3094.0	n/a	n/a	n/a	n/a
126.56	0.018	saccade	n/a	588.3	154.9	n/a	616.8	154.9	1.08	80.0
126.58	0.096	fixation	n/a	612.9	157.4	3123.0	n/a	n/a	n/a	n/a
126.678	0.07	saccade	n/a	613.0	158.6	n/a	147.0	190.8	17.8	449.0
126.75	0.186	fixation	n/a	148.9	197.5	3233.0	n/a	n/a	n/a	n/a
126.938	0.022	saccade	n/a	146.4	200.6	n/a	117.1	220.1	1.36	100.0
126.962	0.084	fixation	n/a	121.0	220.0	3258.0	n/a	n/a	n/a	n/a
127.048	0.018	saccade	n/a	118.8	221.6	n/a	99.8	244.1	1.14	86.0
127.068	0.122	fixation	n/a	104.9	242.9	3274.0	n/a	n/a	n/a	n/a
127.192	0.152	saccade	n/a	107.6	247.9	n/a	223.9	237.8	4.48	900.0
127.226	0.062	blink	n/a	n/a	n/a	n/a	n/a	n/a	n/a	n/a
127.346	0.17	fixation	n/a	223.9	239.7	3292.0	n/a	n/a	n/a	n/a
127.518	0.034	saccade	n/a	225.6	236.6	n/a	356.4	239.4	5.09	294.0
127.554	0.392	fixation	n/a	363.8	236.9	3226.0	n/a	n/a	n/a	n/a
127.948	0.032	saccade	n/a	366.2	235.8	n/a	463.5	236.1	3.78	245.0
127.982	0.268	fixation	n/a	467.6	234.5	3214.0	n/a	n/a	n/a	n/a
128.252	0.02	saccade	n/a	470.0	234.3	n/a	503.6	232.6	1.3	96.0
128.274	0.096	fixation	n/a	500.0	232.2	3243.0	n/a	n/a	n/a	n/a
128.372	0.03	saccade	n/a	501.5	229.0	n/a	565.3	229.8	2.45	193.0
128.404	0.334	fixation	n/a	567.0	227.6	3196.0	n/a	n/a	n/a	n/a
128.74	0.028	saccade	n/a	568.3	225.6	n/a	636.7	224.8	2.59	172.0
128.77	0.214	fixation	n/a	633.9	224.6	3168.0	n/a	n/a	n/a	n/a
128.986	0.028	saccade	n/a	635.1	225.1	n/a	679.3	222.9	1.66	137.0
129.016	0.112	fixation	n/a	677.5	219.4	3162.0	n/a	n/a	n/a	n/a
129.13	0.074	saccade	n/a	677.4	220.1	n/a	127.5	304.7	20.93	501.0
129.206	0.128	fixation	n/a	134.5	309.4	3250.0	n/a	n/a	n/a	n/a
129.336	0.02	saccade	n/a	133.9	311.1	n/a	102.0	304.6	1.23	91.0
129.358	0.248	fixation	n/a	110.8	304.7	3171.0	n/a	n/a	n/a	n/a
129.608	0.032	saccade	n/a	114.0	305.0	n/a	207.4	302.3	3.57	230.0
129.642	0.288	fixation	n/a	213.3	298.5	3129.0	n/a	n/a	n/a	n/a
129.932	0.028	saccade	n/a	215.3	299.8	n/a	277.8	293.8	2.43	176.0
129.962	0.072	fixation	n/a	276.3	294.0	3120.0	n/a	n/a	n/a	n/a
130.036	0.038	saccade	n/a	276.5	293.5	n/a	134.7	192.4	6.74	320.0
130.076	0.458	fixation	n/a	121.1	181.2	3174.0	n/a	n/a	n/a	n/a
130.12	0.0	trigger_11	11	n/a	n/a	n/a	n/a	n/a	n/a	n/a
130.124	0.0	trigger_10	10	n/a	n/a	n/a	n/a	n/a	n/a	n/a
130.536	0.034	saccade	n/a	113.0	180.6	n/a	212.4	173.6	3.83	236.0
130.572	0.154	fixation	n/a	212.8	170.8	3275.0	n/a	n/a	n/a	n/a
130.728	0.032	saccade	n/a	215.4	169.0	n/a	290.2	170.0	2.91	206.0
130.762	0.192	fixation	n/a	294.3	169.1	3217.0	n/a	n/a	n/a	n/a
130.956	0.11	saccade	n/a	298.3	176.7	n/a	331.8	166.1	1.37	892.0
130.994	0.02	blink	n/a	n/a	n/a	n/a	n/a	n/a	n/a	n/a
131.068	0.036	fixation	n/a	333.8	171.3	3174.0	n/a	n/a	n/a	n/a
131.106	0.03	saccade	n/a	337.0	173.5	n/a	422.5	176.2	3.34	212.0
131.138	0.474	fixation	n/a	424.8	167.2	3158.0	n/a	n/a	n/a	n/a
131.614	0.03	saccade	n/a	427.1	166.4	n/a	498.4	171.7	2.78	185.0
131.646	0.18	fixation	n/a	497.4	169.4	3126.0	n/a	n/a	n/a	n/a
131.828	0.022	saccade	n/a	498.6	169.4	n/a	536.9	164.0	1.49	106.0
131.852	0.302	fixation	n/a	532.5	163.6	3171.0	n/a	n/a	n/a	n/a
132.156	0.02	saccade	n/a	533.4	165.0	n/a	566.4	159.9	1.28	87.0
132.178	0.114	fixation	n/a	565.5	159.5	3206.0	n/a	n/a	n/a	n/a
132.294	0.028	saccade	n/a	566.6	156.5	n/a	615.7	158.9	1.87	141.0
132.324	0.186	fixation	n/a	612.8	156.7	3186.0	n/a	n/a	n/a	n/a
132.512	0.03	saccade	n/a	613.3	155.6	n/a	546.8	161.2	2.54	189.0
132.544	0.198	fixation	n/a	549.1	162.3	3210.0	n/a	n/a	n/a	n/a
132.744	0.032	saccade	n/a	547.8	162.2	n/a	613.1	162.1	2.49	196.0
132.778	0.146	fixation	n/a	615.1	159.0	3131.0	n/a	n/a	n/a	n/a
132.926	0.07	saccade	n/a	615.5	156.8	n/a	116.7	235.8	19.18	479.0
132.998	0.314	fixation	n/a	123.0	241.4	3087.0	n/a	n/a	n/a	n/a
133.314	0.032	saccade	n/a	124.7	241.4	n/a	227.1	233.2	3.95	263.0
133.348	0.156	fixation	n/a	234.3	231.2	3021.0	n/a	n/a	n/a	n/a
133.506	0.028	saccade	n/a	236.6	229.7	n/a	295.1	231.9	2.27	159.0
133.536	0.154	fixation	n/a	294.7	232.1	3021.0	n/a	n/a	n/a	n/a
133.692	0.036	saccade	n/a	296.5	232.7	n/a	408.3	237.2	4.37	256.0
133.73	0.254	fixation	n/a	408.4	234.7	3083.0	n/a	n/a	n/a	n/a
133.986	0.02	saccade	n/a	409.2	231.6	n/a	442.3	229.3	1.29	97.0
134.008	0.182	fixation	n/a	439.1	230.7	3092.0	n/a	n/a	n/a	n/a
134.192	0.034	saccade	n/a	440.8	231.8	n/a	532.7	233.9	3.56	246.0
134.228	0.256	fixation	n/a	535.1	232.3	3048.0	n/a	n/a	n/a	n/a
134.486	0.062	saccade	n/a	535.6	231.5	n/a	236.1	174.0	11.76	408.0
134.55	0.184	fixation	n/a	234.3	179.0	3056.0	n/a	n/a	n/a	n/a
134.736	0.03	saccade	n/a	232.0	182.8	n/a	175.5	172.6	2.22	174.0
134.738	0.0	trigger_10	10	n/a	n/a	n/a	n/a	n/a	n/a	n/a
134.738	0.0	trigger_11	11	n/a	n/a	n/a	n/a	n/a	n/a	n/a
134.768	0.234	fixation	n/a	174.1	175.6	3155.0	n/a	n/a	n/a	n/a
135.004	0.026	saccade	n/a	170.0	178.9	n/a	127.5	180.2	1.63	119.0
135.032	0.18	fixation	n/a	130.6	181.2	3304.0	n/a	n/a	n/a	n/a
135.214	0.142	saccade	n/a	133.3	184.4	n/a	153.2	169.7	0.95	874.0
135.25	0.05	blink	n/a	n/a	n/a	n/a	n/a	n/a	n/a	n/a
135.358	0.104	fixation	n/a	151.8	170.6	3242.0	n/a	n/a	n/a	n/a
135.464	0.028	saccade	n/a	157.2	172.7	n/a	214.5	172.5	2.21	149.0
135.494	0.408	fixation	n/a	219.6	175.7	3147.0	n/a	n/a	n/a	n/a
135.904	0.02	saccade	n/a	223.4	174.6	n/a	259.5	174.4	1.4	99.0
135.926	0.154	fixation	n/a	257.1	175.1	3225.0	n/a	n/a	n/a	n/a
136.082	0.034	saccade	n/a	254.7	172.7	n/a	148.6	178.8	4.1	243.0
136.118	0.778	fixation	n/a	158.6	182.9	3296.0	n/a	n/a	n/a	n/a
136.514	0.0	trigger_11	11	n/a	n/a	n/a	n/a	n/a	n/a	n/a
136.516	0.0	trigger_10	10	n/a	n/a	n/a	n/a	n/a	n/a	n/a
136.898	0.022	saccade	n/a	160.6	185.3	n/a	203.0	179.2	1.65	104.0
136.922	0.052	fixation	n/a	201.0	181.0	3405.0	n/a	n/a	n/a	n/a
136.976	0.032	saccade	n/a	198.1	180.8	n/a	110.1	183.7	3.38	206.0
137.01	0.234	fixation	n/a	114.8	181.7	3438.0	n/a	n/a	n/a	n/a
137.246	0.03	saccade	n/a	114.4	177.6	n/a	183.4	174.3	2.65	180.0
137.278	0.088	fixation	n/a	182.0	174.1	3336.0	n/a	n/a	n/a	n/a
137.368	0.14	saccade	n/a	188.5	182.9	n/a	194.3	185.6	0.25	835.0
137.406	0.044	blink	n/a	n/a	n/a	n/a	n/a	n/a	n/a	n/a
137.51	0.326	fixation	n/a	192.4	182.9	3309.0	n/a	n/a	n/a	n/a
137.838	0.024	saccade	n/a	194.7	185.2	n/a	252.5	184.2	2.24	142.0
137.864	0.184	fixation	n/a	256.6	182.5	3220.0	n/a	n/a	n/a	n/a
138.05	0.02	saccade	n/a	260.8	180.7	n/a	295.0	178.5	1.34	95.0
138.072	0.16	fixation	n/a	295.3	178.0	3148.0	n/a	n/a	n/a	n/a
138.234	0.02	saccade	n/a	300.6	177.5	n/a	328.3	174.8	1.09	77.0
138.256	0.336	fixation	n/a	329.2	171.2	3090.0	n/a	n/a	n/a	n/a
138.594	0.016	saccade	n/a	335.5	170.9	n/a	356.9	167.9	0.84	67.0
138.612	0.15	fixation	n/a	353.6	168.0	3126.0	n/a	n/a	n/a	n/a
138.764	0.03	saccade	n/a	355.7	166.9	n/a	428.4	168.6	2.84	188.0
138.796	0.404	fixation	n/a	428.6	167.7	3165.0	n/a	n/a	n/a	n/a
139.202	0.038	saccade	n/a	428.7	164.7	n/a	553.2	157.9	4.81	248.0
139.242	0.164	fixation	n/a	556.0	154.6	3143.0	n/a	n/a	n/a	n/a
139.408	0.024	saccade	n/a	558.5	153.0	n/a	599.9	153.8	1.58	110.0
139.434	0.228	fixation	n/a	597.5	157.6	3236.0	n/a	n/a	n/a	n/a
139.664	0.024	saccade	n/a	599.9	158.9	n/a	644.3	158.1	1.68	123.0
139.69	0.148	fixation	n/a	641.5	157.1	3231.0	n/a	n/a	n/a	n/a
139.84	0.072	saccade	n/a	642.9	155.5	n/a	123.8	238.1	19.92	485.0
139.914	0.118	fixation	n/a	127.0	243.7	3248.0	n/a	n/a	n/a	n/a
140.034	0.018	saccade	n/a	124.4	245.5	n/a	99.0	245.7	0.97	72.0
140.054	0.288	fixation	n/a	102.8	242.9	3211.0	n/a	n/a	n/a	n/a
140.344	0.028	saccade	n/a	103.3	239.2	n/a	172.9	232.2	2.67	181.0
140.374	0.324	fixation	n/a	173.0	232.4	3159.0	n/a	n/a	n/a	n/a
140.7	0.032	saccade	n/a	177.1	234.6	n/a	259.9	239.1	3.21	201.0
140.734	0.392	fixation	n/a	259.3	234.9	3129.0	n/a	n/a	n/a	n/a
141.128	0.026	saccade	n/a	260.2	233.5	n/a	321.1	234.8	2.37	148.0
141.156	0.382	fixation	n/a	321.5	235.6	3145.0	n/a	n/a	n/a	n/a
141.54	0.024	saccade	n/a	321.1	232.4	n/a	370.0	233.0	1.9	129.0
141.566	0.2	fixation	n/a	368.8	233.3	3156.0	n/a	n/a	n/a	n/a
141.768	0.018	saccade	n/a	372.2	235.8	n/a	398.3	232.2	1.03	79.0
141.788	0.364	fixation	n/a	395.4	236.5	3118.0	n/a	n/a	n/a	n/a
142.154	0.056	saccade	n/a	395.5	239.5	n/a	127.7	172.4	10.69	350.0
142.212	0.27	fixation	n/a	135.3	181.1	3178.0	n/a	n/a	n/a	n/a
142.266	0.0	trigger_11	11	n/a	n/a	n/a	n/a	n/a	n/a	n/a
142.268	0.0	trigger_12	12	n/a	n/a	n/a	n/a	n/a	n/a	n/a
142.484	0.022	saccade	n/a	131.4	182.4	n/a	94.3	177.5	1.42	107.0
142.508	0.088	fixation	n/a	98.9	180.8	3309.0	n/a	n/a	n/a	n/a
142.598	0.146	saccade	n/a	103.2	186.4	n/a	128.8	182.2	0.99	855.0
142.632	0.056	blink	n/a	n/a	n/a	n/a	n/a	n/a	n/a	n/a
142.746	0.464	fixation	n/a	131.5	184.5	3211.0	n/a	n/a	n/a	n/a
143.212	0.026	saccade	n/a	131.8	181.2	n/a	91.6	181.4	1.53	117.0
143.24	0.21	fixation	n/a	98.3	180.4	3165.0	n/a	n/a	n/a	n/a
143.452	0.022	saccade	n/a	101.7	181.8	n/a	148.6	175.1	1.81	124.0
143.476	0.15	fixation	n/a	147.4	175.0	3163.0	n/a	n/a	n/a	n/a
143.628	0.03	saccade	n/a	149.4	174.2	n/a	217.2	172.9	2.61	181.0
143.66	0.186	fixation	n/a	215.3	172.6	3168.0	n/a	n/a	n/a	n/a
143.848	0.016	saccade	n/a	214.8	172.0	n/a	197.6	173.5	0.67	53.0
143.866	0.18	fixation	n/a	200.2	173.8	3240.0	n/a	n/a	n/a	n/a
144.048	0.028	saccade	n/a	201.6	174.0	n/a	259.4	172.5	2.24	166.0
144.078	0.208	fixation	n/a	258.3	171.4	3239.0	n/a	n/a	n/a	n/a
144.288	0.018	saccade	n/a	261.2	171.7	n/a	290.9	168.9	1.16	86.0
144.308	0.122	fixation	n/a	287.2	169.9	3251.0	n/a	n/a	n/a	n/a
144.432	0.034	saccade	n/a	288.0	171.5	n/a	384.1	173.5	3.75	268.0
144.468	0.154	fixation	n/a	386.4	169.9	3262.0	n/a	n/a	n/a	n/a
144.624	0.028	saccade	n/a	390.1	168.5	n/a	444.8	166.5	2.13	158.0
144.654	0.118	fixation	n/a	444.8	164.5	3163.0	n/a	n/a	n/a	n/a
144.774	0.03	saccade	n/a	448.2	162.8	n/a	505.2	160.5	2.22	160.0
144.806	0.304	fixation	n/a	506.2	156.4	3061.0	n/a	n/a	n/a	n/a
145.112	0.028	saccade	n/a	507.6	152.6	n/a	576.2	151.0	2.63	164.0
145.142	0.144	fixation	n/a	578.9	148.0	2990.0	n/a	n/a	n/a	n/a
145.288	0.024	saccade	n/a	579.4	146.7	n/a	622.9	149.7	1.66	116.0
145.314	0.158	fixation	n/a	619.5	151.7	2960.0	n/a	n/a	n/a	n/a
145.474	0.074	saccade	n/a	619.3	153.3	n/a	111.7	235.1	19.53	457.0
145.55	0.408	fixation	n/a	119.2	241.7	2991.0	n/a	n/a	n/a	n/a
145.96	0.022	saccade	n/a	123.1	241.9	n/a	163.9	235.4	1.58	114.0
145.984	0.148	fixation	n/a	163.0	235.9	3054.0	n/a	n/a	n/a	n/a
146.134	0.024	saccade	n/a	167.3	236.4	n/a	212.5	235.9	1.74	120.0
146.16	0.352	fixation	n/a	212.2	236.7	3092.0	n/a	n/a	n/a	n/a
146.514	0.03	saccade	n/a	215.7	234.9	n/a	292.3	236.4	2.97	198.0
146.546	0.284	fixation	n/a	295.9	237.4	3053.0	n/a	n/a	n/a	n/a
146.832	0.034	saccade	n/a	297.7	238.4	n/a	389.5	242.4	3.58	230.0
146.868	0.432	fixation	n/a	389.4	241.8	3097.0	n/a	n/a	n/a	n/a
147.302	0.03	saccade	n/a	388.0	244.9	n/a	458.7	235.8	2.77	185.0
147.334	0.036	fixation	n/a	457.4	236.9	3135.0	n/a	n/a	n/a	n/a
147.372	0.032	saccade	n/a	460.9	236.4	n/a	524.9	244.4	2.5	214.0
147.406	0.304	fixation	n/a	533.1	241.8	3187.0	n/a	n/a	n/a	n/a
147.712	0.058	saccade	n/a	543.5	242.7	n/a	173.8	185.3	14.4	441.0
147.722	0.0	trigger_13	13	n/a	n/a	n/a	n/a	n/a	n/a	n/a
147.772	0.264	fixation	n/a	167.4	181.5	3221.0	n/a	n/a	n/a	n/a
148.038	0.026	saccade	n/a	163.0	180.7	n/a	115.1	179.2	1.84	136.0
148.066	0.246	fixation	n/a	118.6	183.3	3242.0	n/a	n/a	n/a	n/a
148.314	0.034	saccade	n/a	119.2	186.4	n/a	151.2	263.1	3.24	224.0
148.35	0.2	fixation	n/a	151.5	260.2	3385.0	n/a	n/a	n/a	n/a
148.552	0.034	saccade	n/a	152.8	263.9	n/a	135.7	339.2	3.0	215.0
148.588	0.156	fixation	n/a	135.7	336.3	3529.0	n/a	n/a	n/a	n/a
148.746	0.02	saccade	n/a	134.4	334.9	n/a	129.0	307.5	1.08	78.0
148.768	0.474	fixation	n/a	130.5	309.9	3467.0	n/a	n/a	n/a	n/a
149.244	0.03	saccade	n/a	124.4	307.6	n/a	147.4	369.3	2.53	176.0
149.276	0.264	fixation	n/a	143.8	365.7	3550.0	n/a	n/a	n/a	n/a
149.482	0.0	trigger_15	15	n/a	n/a	n/a	n/a	n/a	n/a	n/a
149.486	0.0	trigger_10	10	n/a	n/a	n/a	n/a	n/a	n/a	n/a
149.542	0.032	saccade	n/a	144.9	368.5	n/a	219.5	357.0	2.88	217.0
149.576	0.09	fixation	n/a	221.1	358.5	3590.0	n/a	n/a	n/a	n/a
149.668	0.102	saccade	n/a	227.4	361.4	n/a	141.1	205.2	6.93	795.0
149.714	0.006	blink	n/a	n/a	n/a	n/a	n/a	n/a	n/a	n/a
149.772	0.126	fixation	n/a	141.9	207.1	3503.0	n/a	n/a	n/a	n/a
149.9	0.018	saccade	n/a	142.0	206.8	n/a	122.6	186.5	1.09	83.0
149.92	0.432	fixation	n/a	126.8	191.0	3396.0	n/a	n/a	n/a	n/a
150.354	0.016	saccade	n/a	120.6	190.6	n/a	102.1	189.5	0.71	58.0
150.372	0.39	fixation	n/a	105.5	193.2	3618.0	n/a	n/a	n/a	n/a
150.764	0.114	saccade	n/a	120.6	193.4	n/a	129.1	208.6	0.68	1072.0
150.804	0.02	blink	n/a	n/a	n/a	n/a	n/a	n/a	n/a	n/a
150.88	0.244	fixation	n/a	129.9	209.4	3883.0	n/a	n/a	n/a	n/a
151.126	0.018	saccade	n/a	129.0	208.8	n/a	103.2	203.1	1.01	79.0
151.146	0.202	fixation	n/a	116.4	202.6	3847.0	n/a	n/a	n/a	n/a
151.35	0.03	saccade	n/a	121.4	199.0	n/a	196.7	197.9	2.89	197.0
151.382	0.172	fixation	n/a	197.9	198.2	3710.0	n/a	n/a	n/a	n/a
151.556	0.02	saccade	n/a	196.8	198.0	n/a	165.7	197.9	1.2	86.0
151.578	0.11	fixation	n/a	168.1	197.1	3725.0	n/a	n/a	n/a	n/a
151.69	0.032	saccade	n/a	167.9	196.0	n/a	242.8	195.2	2.89	216.0
151.724	0.322	fixation	n/a	240.9	194.8	3697.0	n/a	n/a	n/a	n/a
152.048	0.03	saccade	n/a	243.9	193.4	n/a	305.5	189.4	2.41	171.0
152.08	0.106	fixation	n/a	304.2	186.7	3580.0	n/a	n/a	n/a	n/a
152.188	0.032	saccade	n/a	307.0	186.7	n/a	181.4	192.1	4.88	274.0
152.222	0.362	fixation	n/a	179.4	191.9	3459.0	n/a	n/a	n/a	n/a
152.586	0.032	saccade	n/a	180.7	191.7	n/a	254.9	191.7	2.88	220.0
152.62	0.286	fixation	n/a	256.9	188.3	3309.0	n/a	n/a	n/a	n/a
152.908	0.032	saccade	n/a	258.6	185.0	n/a	350.2	181.9	3.57	244.0
152.942	0.222	fixation	n/a	352.7	179.1	3201.0	n/a	n/a	n/a	n/a
153.166	0.024	saccade	n/a	352.1	180.7	n/a	311.2	184.0	1.61	121.0
153.192	0.116	fixation	n/a	313.4	184.8	3169.0	n/a	n/a	n/a	n/a
153.31	0.032	saccade	n/a	312.8	185.0	n/a	397.6	181.0	3.32	227.0
153.344	0.152	fixation	n/a	396.5	180.2	3210.0	n/a	n/a	n/a	n/a
153.498	0.036	saccade	n/a	396.4	178.6	n/a	508.9	177.7	4.37	268.0
153.536	0.142	fixation	n/a	513.2	172.0	3252.0	n/a	n/a	n/a	n/a
153.68	0.03	saccade	n/a	516.2	171.2	n/a	583.5	172.2	2.58	185.0
153.712	0.652	fixation	n/a	583.5	168.9	3250.0	n/a	n/a	n/a	n/a
154.366	0.03	saccade	n/a	583.9	165.3	n/a	639.9	165.7	2.12	170.0
154.398	0.19	fixation	n/a	638.5	162.5	3259.0	n/a	n/a	n/a	n/a
154.59	0.074	saccade	n/a	639.1	164.2	n/a	110.9	241.3	20.23	488.0
154.666	0.136	fixation	n/a	128.4	253.9	3365.0	n/a	n/a	n/a	n/a
154.804	0.024	saccade	n/a	130.0	256.5	n/a	95.6	254.7	1.31	103.0
154.83	0.34	fixation	n/a	98.5	241.8	3222.0	n/a	n/a	n/a	n/a
155.172	0.034	saccade	n/a	100.5	238.2	n/a	197.6	242.9	3.72	236.0
155.208	0.226	fixation	n/a	201.6	239.9	3131.0	n/a	n/a	n/a	n/a
155.436	0.018	saccade	n/a	205.5	240.6	n/a	229.4	240.3	0.92	71.0
155.456	0.182	fixation	n/a	225.5	241.3	3173.0	n/a	n/a	n/a	n/a
155.64	0.036	saccade	n/a	223.8	240.1	n/a	133.3	173.2	4.37	242.0
155.678	0.556	fixation	n/a	128.7	179.3	3207.0	n/a	n/a	n/a	n/a
156.018	0.0	trigger_11	11	n/a	n/a	n/a	n/a	n/a	n/a	n/a
156.024	0.0	trigger_10	10	n/a	n/a	n/a	n/a	n/a	n/a	n/a
156.236	0.016	saccade	n/a	125.1	182.7	n/a	105.6	178.5	0.76	59.0
156.254	0.204	fixation	n/a	107.6	178.2	3370.0	n/a	n/a	n/a	n/a
156.46	0.024	saccade	n/a	109.8	176.7	n/a	161.6	172.4	1.99	129.0
156.486	0.418	fixation	n/a	163.4	173.0	3334.0	n/a	n/a	n/a	n/a
156.906	0.028	saccade	n/a	166.8	172.5	n/a	226.1	172.6	2.29	155.0
156.936	0.214	fixation	n/a	224.0	172.7	3365.0	n/a	n/a	n/a	n/a
157.152	0.016	saccade	n/a	226.7	171.5	n/a	244.7	171.4	0.7	52.0
157.17	0.254	fixation	n/a	242.9	175.5	3476.0	n/a	n/a	n/a	n/a
157.426	0.132	saccade	n/a	243.6	184.5	n/a	249.4	182.6	0.24	1010.0
157.464	0.042	blink	n/a	n/a	n/a	n/a	n/a	n/a	n/a	n/a
157.56	0.21	fixation	n/a	248.7	183.2	3580.0	n/a	n/a	n/a	n/a
157.772	0.028	saccade	n/a	243.9	184.3	n/a	183.7	186.7	2.34	156.0
157.802	0.28	fixation	n/a	191.0	186.5	3538.0	n/a	n/a	n/a	n/a
158.084	0.026	saccade	n/a	192.1	185.2	n/a	248.7	181.4	2.2	153.0
158.112	0.144	fixation	n/a	245.9	183.6	3518.0	n/a	n/a	n/a	n/a
158.258	0.032	saccade	n/a	246.0	182.8	n/a	308.7	184.0	2.44	202.0
158.292	0.22	fixation	n/a	312.4	181.1	3554.0	n/a	n/a	n/a	n/a
158.514	0.032	saccade	n/a	317.3	182.0	n/a	380.6	181.8	2.47	196.0
158.548	0.158	fixation	n/a	381.9	180.7	3480.0	n/a	n/a	n/a	n/a
158.708	0.11	saccade	n/a	387.2	189.6	n/a	449.8	187.1	2.44	1009.0
158.744	0.022	blink	n/a	n/a	n/a	n/a	n/a	n/a	n/a	n/a
158.82	0.228	fixation	n/a	449.6	179.8	3433.0	n/a	n/a	n/a	n/a
159.05	0.028	saccade	n/a	450.4	177.0	n/a	517.7	171.6	2.62	167.0
159.08	0.266	fixation	n/a	521.7	167.3	3316.0	n/a	n/a	n/a	n/a
159.348	0.032	saccade	n/a	524.5	166.6	n/a	591.7	163.8	2.57	196.0
159.382	0.174	fixation	n/a	586.2	161.4	3279.0	n/a	n/a	n/a	n/a
159.558	0.068	saccade	n/a	587.1	164.2	n/a	122.2	250.1	18.06	490.0
159.628	0.548	fixation	n/a	122.7	252.7	3307.0	n/a	n/a	n/a	n/a
160.178	0.03	saccade	n/a	122.1	251.4	n/a	190.2	246.7	2.62	169.0
160.21	0.38	fixation	n/a	190.3	245.3	3261.0	n/a	n/a	n/a	n/a
160.592	0.038	saccade	n/a	192.3	244.2	n/a	308.3	245.3	4.5	288.0
160.632	0.264	fixation	n/a	312.4	243.8	3424.0	n/a	n/a	n/a	n/a
160.898	0.018	saccade	n/a	314.8	239.2	n/a	346.1	239.6	1.22	92.0
160.918	0.182	fixation	n/a	343.6	240.8	3416.0	n/a	n/a	n/a	n/a
161.102	0.024	saccade	n/a	345.4	238.6	n/a	394.9	236.5	1.93	123.0
161.128	0.184	fixation	n/a	399.3	239.0	3288.0	n/a	n/a	n/a	n/a
161.314	0.018	saccade	n/a	403.1	239.9	n/a	431.4	236.2	1.11	85.0
161.334	0.2	fixation	n/a	428.6	235.9	3164.0	n/a	n/a	n/a	n/a
161.536	0.038	saccade	n/a	429.6	232.8	n/a	530.1	233.6	3.87	231.0
161.576	0.228	fixation	n/a	529.7	227.4	3126.0	n/a	n/a	n/a	n/a
161.806	0.024	saccade	n/a	530.4	227.1	n/a	565.4	228.9	1.34	105.0
161.832	0.128	fixation	n/a	560.8	230.6	3171.0	n/a	n/a	n/a	n/a
161.962	0.07	saccade	n/a	561.3	232.6	n/a	150.9	176.2	15.88	415.0
162.034	0.218	fixation	n/a	147.7	181.8	3293.0	n/a	n/a	n/a	n/a
162.06	0.0	trigger_11	11	n/a	n/a	n/a	n/a	n/a	n/a	n/a
162.062	0.0	trigger_10	10	n/a	n/a	n/a	n/a	n/a	n/a	n/a
162.254	0.024	saccade	n/a	144.1	185.6	n/a	102.2	181.5	1.61	126.0
162.28	0.102	fixation	n/a	107.7	183.8	3383.0	n/a	n/a	n/a	n/a
162.384	0.114	saccade	n/a	113.1	191.4	n/a	155.0	183.7	1.63	773.0
162.424	0.02	blink	n/a	n/a	n/a	n/a	n/a	n/a	n/a	n/a
162.5	0.094	fixation	n/a	152.5	183.9	3385.0	n/a	n/a	n/a	n/a
162.596	0.034	saccade	n/a	152.0	181.5	n/a	228.2	195.1	2.98	234.0
162.632	0.282	fixation	n/a	231.5	189.8	3301.0	n/a	n/a	n/a	n/a
162.916	0.018	saccade	n/a	235.1	185.7	n/a	261.6	181.0	1.05	80.0
162.936	0.154	fixation	n/a	257.5	182.8	3231.0	n/a	n/a	n/a	n/a
163.092	0.03	saccade	n/a	257.8	181.8	n/a	327.6	180.0	2.72	200.0
163.124	0.234	fixation	n/a	326.3	179.9	3386.0	n/a	n/a	n/a	n/a
163.36	0.036	saccade	n/a	326.1	179.9	n/a	435.0	175.6	4.25	270.0
163.398	0.376	fixation	n/a	440.2	171.0	3415.0	n/a	n/a	n/a	n/a
163.776	0.022	saccade	n/a	444.8	172.1	n/a	481.0	171.1	1.41	100.0
163.8	0.236	fixation	n/a	478.5	174.0	3352.0	n/a	n/a	n/a	n/a
164.038	0.022	saccade	n/a	480.4	175.2	n/a	529.2	173.8	1.88	126.0
164.062	0.202	fixation	n/a	529.7	174.3	3383.0	n/a	n/a	n/a	n/a
164.266	0.032	saccade	n/a	532.4	170.7	n/a	595.2	169.7	2.4	178.0
164.3	0.206	fixation	n/a	594.1	164.1	3307.0	n/a	n/a	n/a	n/a
164.508	0.024	saccade	n/a	597.7	160.4	n/a	637.5	161.5	1.51	114.0
164.534	0.1	fixation	n/a	635.6	160.4	3246.0	n/a	n/a	n/a	n/a
164.636	0.072	saccade	n/a	636.8	159.7	n/a	122.5	240.6	19.73	500.0
164.71	0.16	fixation	n/a	130.4	245.1	3281.0	n/a	n/a	n/a	n/a
164.872	0.022	saccade	n/a	129.3	245.5	n/a	99.9	247.7	1.12	92.0
164.896	0.362	fixation	n/a	104.4	245.3	3204.0	n/a	n/a	n/a	n/a
165.26	0.034	saccade	n/a	106.2	241.9	n/a	215.0	242.4	4.17	273.0
165.296	0.31	fixation	n/a	219.6	236.8	3224.0	n/a	n/a	n/a	n/a
165.608	0.018	saccade	n/a	221.8	233.9	n/a	244.9	233.4	0.89	67.0
165.628	0.07	fixation	n/a	242.9	233.4	3241.0	n/a	n/a	n/a	n/a
165.7	0.048	saccade	n/a	243.5	233.4	n/a	348.2	234.9	4.07	307.0
165.75	0.482	fixation	n/a	359.0	230.8	3209.0	n/a	n/a	n/a	n/a
166.234	0.036	saccade	n/a	358.7	229.5	n/a	463.9	228.4	4.09	247.0
166.272	0.376	fixation	n/a	468.4	226.7	3111.0	n/a	n/a	n/a	n/a
166.65	0.126	saccade	n/a	482.6	234.0	n/a	437.7	233.0	1.74	807.0
166.682	0.048	blink	n/a	n/a	n/a	n/a	n/a	n/a	n/a	n/a
166.778	0.28	fixation	n/a	439.6	233.1	3152.0	n/a	n/a	n/a	n/a
167.06	0.03	saccade	n/a	439.4	235.6	n/a	509.3	228.3	2.71	202.0
167.092	0.26	fixation	n/a	508.5	227.6	3176.0	n/a	n/a	n/a	n/a
167.354	0.02	saccade	n/a	510.5	230.3	n/a	547.0	227.4	1.41	98.0
167.376	0.184	fixation	n/a	542.2	231.3	3259.0	n/a	n/a	n/a	n/a
167.562	0.022	saccade	n/a	543.1	231.9	n/a	577.8	232.5	1.33	104.0
167.586	0.204	fixation	n/a	574.6	231.0	3277.0	n/a	n/a	n/a	n/a
167.792	0.074	saccade	n/a	577.0	225.9	n/a	147.7	165.1	16.56	360.0
167.852	0.0	trigger_11	11	n/a	n/a	n/a	n/a	n/a	n/a	n/a
167.856	0.0	trigger_12	12	n/a	n/a	n/a	n/a	n/a	n/a	n/a
167.868	0.228	fixation	n/a	151.4	171.4	3178.0	n/a	n/a	n/a	n/a
168.098	0.022	saccade	n/a	151.5	172.1	n/a	115.0	175.5	1.4	100.0
168.122	0.156	fixation	n/a	120.4	175.7	3157.0	n/a	n/a	n/a	n/a
168.28	0.02	saccade	n/a	121.8	174.7	n/a	156.8	170.4	1.35	94.0
168.302	0.228	fixation	n/a	155.2	172.8	3241.0	n/a	n/a	n/a	n/a
168.532	0.028	saccade	n/a	155.8	172.5	n/a	107.4	177.2	1.86	131.0
168.562	0.264	fixation	n/a	111.9	177.0	3274.0	n/a	n/a	n/a	n/a
168.828	0.014	saccade	n/a	109.4	180.7	n/a	94.3	182.0	0.58	48.0
168.844	0.556	fixation	n/a	92.3	178.9	3366.0	n/a	n/a	n/a	n/a
169.402	0.028	saccade	n/a	94.3	174.3	n/a	158.8	171.0	2.47	157.0
169.432	0.242	fixation	n/a	156.2	168.9	3144.0	n/a	n/a	n/a	n/a
169.676	0.02	saccade	n/a	158.6	167.6	n/a	197.3	167.3	1.49	107.0
169.698	0.284	fixation	n/a	191.5	169.9	3197.0	n/a	n/a	n/a	n/a
169.984	0.03	saccade	n/a	190.7	169.5	n/a	266.2	172.5	2.93	184.0
170.016	0.34	fixation	n/a	265.7	175.5	3323.0	n/a	n/a	n/a	n/a
170.358	0.026	saccade	n/a	266.2	179.2	n/a	316.6	176.5	1.97	146.0
170.386	0.296	fixation	n/a	313.9	176.1	3395.0	n/a	n/a	n/a	n/a
170.684	0.036	saccade	n/a	315.4	174.1	n/a	447.0	172.7	5.13	296.0
170.722	0.41	fixation	n/a	451.2	170.8	3330.0	n/a	n/a	n/a	n/a
171.134	0.026	saccade	n/a	454.1	168.8	n/a	504.0	163.1	1.94	138.0
171.162	0.142	fixation	n/a	501.8	162.8	3325.0	n/a	n/a	n/a	n/a
171.306	0.032	saccade	n/a	503.4	161.8	n/a	571.9	160.6	2.63	184.0
171.34	0.196	fixation	n/a	572.5	158.8	3233.0	n/a	n/a	n/a	n/a
171.538	0.024	saccade	n/a	576.4	158.1	n/a	619.9	158.3	1.65	125.0
171.564	0.314	fixation	n/a	618.6	157.5	3174.0	n/a	n/a	n/a	n/a
171.88	0.07	saccade	n/a	618.4	160.9	n/a	100.3	239.9	19.87	476.0
171.952	0.216	fixation	n/a	104.3	249.1	3309.0	n/a	n/a	n/a	n/a
172.17	0.022	saccade	n/a	107.3	252.6	n/a	141.6	244.2	1.35	102.0
172.194	0.296	fixation	n/a	138.9	243.4	3333.0	n/a	n/a	n/a	n/a
172.308	0.0	trigger_13	13	n/a	n/a	n/a	n/a	n/a	n/a	n/a
172.492	0.032	saccade	n/a	138.6	241.9	n/a	111.1	181.7	2.57	188.0
172.526	0.486	fixation	n/a	106.7	186.6	3431.0	n/a	n/a	n/a	n/a
173.014	0.048	saccade	n/a	101.9	187.9	n/a	277.4	184.7	6.75	286.0
173.064	0.276	fixation	n/a	281.2	181.8	3795.0	n/a	n/a	n/a	n/a
173.342	0.02	saccade	n/a	285.5	180.9	n/a	314.6	174.8	1.16	94.0
173.364	0.056	fixation	n/a	310.2	175.9	3833.0	n/a	n/a	n/a	n/a
173.422	0.036	saccade	n/a	310.3	175.2	n/a	183.4	175.2	4.93	315.0
173.46	0.336	fixation	n/a	187.6	176.3	3798.0	n/a	n/a	n/a	n/a
173.798	0.044	saccade	n/a	188.7	177.1	n/a	122.0	307.4	5.7	330.0
173.844	0.324	fixation	n/a	115.0	310.3	3755.0	n/a	n/a	n/a	n/a
174.17	0.022	saccade	n/a	111.0	312.0	n/a	87.8	285.7	1.34	96.0
174.194	0.442	fixation	n/a	84.7	293.1	3577.0	n/a	n/a	n/a	n/a
174.638	0.018	saccade	n/a	79.3	299.9	n/a	107.1	295.9	1.06	79.0
174.658	0.196	fixation	n/a	101.0	297.8	3673.0	n/a	n/a	n/a	n/a
174.676	0.0	trigger_15	15	n/a	n/a	n/a	n/a	n/a	n/a	n/a
174.678	0.0	trigger_10	10	n/a	n/a	n/a	n/a	n/a	n/a	n/a
174.856	0.116	saccade	n/a	104.7	301.1	n/a	108.9	187.3	4.42	908.0
174.892	0.032	blink	n/a	n/a	n/a	n/a	n/a	n/a	n/a	n/a
174.974	0.472	fixation	n/a	117.5	189.1	3624.0	n/a	n/a	n/a	n/a
175.448	0.032	saccade	n/a	131.8	186.1	n/a	215.8	187.0	3.24	211.0
175.482	0.352	fixation	n/a	213.3	183.1	3612.0	n/a	n/a	n/a	n/a
175.836	0.022	saccade	n/a	215.3	180.4	n/a	260.5	178.4	1.76	126.0
175.86	0.152	fixation	n/a	258.2	180.1	3659.0	n/a	n/a	n/a	n/a
176.014	0.15	saccade	n/a	262.6	184.9	n/a	276.7	180.4	0.58	989.0
176.054	0.056	blink	n/a	n/a	n/a	n/a	n/a	n/a	n/a	n/a
176.166	0.36	fixation	n/a	277.2	182.9	3575.0	n/a	n/a	n/a	n/a
176.528	0.028	saccade	n/a	277.9	182.3	n/a	338.9	181.1	2.38	159.0
176.558	0.202	fixation	n/a	339.9	178.2	3448.0	n/a	n/a	n/a	n/a
176.762	0.02	saccade	n/a	342.4	178.3	n/a	372.9	176.2	1.19	88.0
176.784	0.526	fixation	n/a	370.0	176.5	3460.0	n/a	n/a	n/a	n/a
177.312	0.024	saccade	n/a	374.9	175.3	n/a	423.5	177.3	1.9	126.0
177.338	0.346	fixation	n/a	419.9	177.4	3454.0	n/a	n/a	n/a	n/a
177.686	0.02	saccade	n/a	421.1	177.9	n/a	454.5	171.2	1.33	92.0
177.708	0.238	fixation	n/a	451.9	172.2	3465.0	n/a	n/a	n/a	n/a
177.948	0.036	saccade	n/a	453.9	171.2	n/a	555.4	169.7	3.92	234.0
177.986	0.178	fixation	n/a	555.6	160.1	3360.0	n/a	n/a	n/a	n/a
178.166	0.026	saccade	n/a	560.6	158.8	n/a	604.7	154.2	1.69	122.0
178.194	0.166	fixation	n/a	601.8	153.9	3285.0	n/a	n/a	n/a	n/a
178.362	0.07	saccade	n/a	602.1	152.6	n/a	122.0	232.8	18.56	460.0
178.434	0.456	fixation	n/a	126.2	236.5	3273.0	n/a	n/a	n/a	n/a
178.892	0.034	saccade	n/a	130.9	238.6	n/a	237.9	235.6	4.12	287.0
178.928	0.074	fixation	n/a	239.7	234.8	3251.0	n/a	n/a	n/a	n/a
179.004	0.124	saccade	n/a	249.6	240.2	n/a	320.1	239.6	2.74	906.0
179.042	0.034	blink	n/a	n/a	n/a	n/a	n/a	n/a	n/a	n/a
179.13	0.272	fixation	n/a	322.7	242.7	3290.0	n/a	n/a	n/a	n/a
179.404	0.036	saccade	n/a	322.1	243.0	n/a	436.5	240.6	4.45	286.0
179.442	0.402	fixation	n/a	439.3	237.7	3223.0	n/a	n/a	n/a	n/a
179.846	0.032	saccade	n/a	437.8	237.1	n/a	524.8	234.0	3.36	217.0
179.88	0.172	fixation	n/a	524.2	231.4	3312.0	n/a	n/a	n/a	n/a
180.054	0.022	saccade	n/a	528.4	230.5	n/a	562.7	230.5	1.31	99.0
180.078	0.128	fixation	n/a	558.3	229.9	3301.0	n/a	n/a	n/a	n/a
180.208	0.032	saccade	n/a	560.6	229.5	n/a	639.8	227.4	3.01	228.0
180.242	0.19	fixation	n/a	645.6	223.5	3186.0	n/a	n/a	n/a	n/a
180.434	0.018	saccade	n/a	650.4	224.3	n/a	674.7	224.9	0.91	69.0
180.454	0.074	fixation	n/a	672.1	224.8	3117.0	n/a	n/a	n/a	n/a
180.508	0.0	trigger_11	11	n/a	n/a	n/a	n/a	n/a	n/a	n/a
180.51	0.0	trigger_10	10	n/a	n/a	n/a	n/a	n/a	n/a	n/a
180.53	0.072	saccade	n/a	672.7	225.4	n/a	156.7	182.1	19.58	483.0
180.604	0.126	fixation	n/a	158.3	187.6	3145.0	n/a	n/a	n/a	n/a
180.732	0.022	saccade	n/a	156.6	189.6	n/a	117.3	179.3	1.56	105.0
180.756	0.21	fixation	n/a	121.0	185.2	3181.0	n/a	n/a	n/a	n/a
180.968	0.022	saccade	n/a	123.9	187.4	n/a	166.2	180.5	1.64	111.0
180.992	0.24	fixation	n/a	165.7	181.9	3281.0	n/a	n/a	n/a	n/a
181.234	0.024	saccade	n/a	167.8	178.8	n/a	216.6	175.8	1.89	125.0
181.26	0.082	fixation	n/a	215.0	177.8	3306.0	n/a	n/a	n/a	n/a
181.344	0.14	saccade	n/a	220.9	184.0	n/a	217.9	176.4	0.32	846.0
181.38	0.052	blink	n/a	n/a	n/a	n/a	n/a	n/a	n/a	n/a
181.486	0.396	fixation	n/a	214.3	178.0	3409.0	n/a	n/a	n/a	n/a
181.884	0.02	saccade	n/a	215.2	178.1	n/a	244.6	175.9	1.15	84.0
181.906	0.384	fixation	n/a	239.8	176.0	3306.0	n/a	n/a	n/a	n/a
182.292	0.028	saccade	n/a	239.0	176.6	n/a	293.3	182.0	2.13	146.0
182.322	0.366	fixation	n/a	289.7	177.4	3372.0	n/a	n/a	n/a	n/a
182.69	0.084	saccade	n/a	296.0	182.3	n/a	278.9	171.2	0.8	695.0
182.776	0.124	fixation	n/a	279.5	175.2	3306.0	n/a	n/a	n/a	n/a
182.902	0.102	saccade	n/a	282.1	179.9	n/a	352.2	175.5	2.74	808.0
182.944	0.01	blink	n/a	n/a	n/a	n/a	n/a	n/a	n/a	n/a
183.006	0.2	fixation	n/a	354.1	172.8	3270.0	n/a	n/a	n/a	n/a
183.208	0.022	saccade	n/a	356.2	172.6	n/a	394.5	175.7	1.5	102.0
183.232	0.158	fixation	n/a	391.2	174.6	3221.0	n/a	n/a	n/a	n/a
183.392	0.022	saccade	n/a	392.6	173.2	n/a	429.7	168.7	1.45	101.0
183.416	0.262	fixation	n/a	427.9	172.3	3179.0	n/a	n/a	n/a	n/a
183.68	0.03	saccade	n/a	430.5	170.8	n/a	501.6	170.3	2.76	189.0
183.712	0.314	fixation	n/a	503.0	167.3	3135.0	n/a	n/a	n/a	n/a
184.028	0.014	saccade	n/a	506.1	167.6	n/a	523.1	164.1	0.67	56.0
184.044	0.122	fixation	n/a	520.5	166.6	3181.0	n/a	n/a	n/a	n/a
184.168	0.064	saccade	n/a	519.5	166.6	n/a	142.3	173.3	14.51	407.0
184.234	0.364	fixation	n/a	143.6	177.8	3187.0	n/a	n/a	n/a	n/a
184.276	0.0	trigger_11	11	n/a	n/a	n/a	n/a	n/a	n/a	n/a
184.28	0.0	trigger_10	10	n/a	n/a	n/a	n/a	n/a	n/a	n/a
184.6	0.022	saccade	n/a	143.8	180.8	n/a	105.1	182.0	1.48	101.0
184.624	0.098	fixation	n/a	109.1	184.5	3271.0	n/a	n/a	n/a	n/a
184.724	0.138	saccade	n/a	111.8	188.5	n/a	107.7	176.3	0.5	769.0
184.76	0.042	blink	n/a	n/a	n/a	n/a	n/a	n/a	n/a	n/a
184.864	0.086	fixation	n/a	107.2	181.7	3344.0	n/a	n/a	n/a	n/a
184.952	0.03	saccade	n/a	108.4	181.7	n/a	179.5	184.3	2.73	193.0
184.984	0.306	fixation	n/a	179.6	181.6	3298.0	n/a	n/a	n/a	n/a
185.292	0.032	saccade	n/a	183.3	182.5	n/a	267.8	183.0	3.28	209.0
185.326	0.212	fixation	n/a	265.0	181.4	3287.0	n/a	n/a	n/a	n/a
185.54	0.02	saccade	n/a	260.9	185.2	n/a	225.6	189.5	1.38	96.0
185.562	0.2	fixation	n/a	226.5	188.4	3399.0	n/a	n/a	n/a	n/a
185.764	0.038	saccade	n/a	228.1	189.4	n/a	343.9	183.8	4.52	271.0
185.804	0.08	fixation	n/a	343.6	183.6	3416.0	n/a	n/a	n/a	n/a
185.886	0.098	saccade	n/a	349.2	188.8	n/a	350.0	186.3	0.1	1010.0
185.922	0.012	blink	n/a	n/a	n/a	n/a	n/a	n/a	n/a	n/a
185.986	0.056	fixation	n/a	349.8	185.5	3446.0	n/a	n/a	n/a	n/a
186.044	0.046	saccade	n/a	349.5	183.4	n/a	443.3	181.5	3.66	287.0
186.092	0.18	fixation	n/a	456.2	174.5	3331.0	n/a	n/a	n/a	n/a
186.274	0.024	saccade	n/a	458.0	170.9	n/a	422.5	176.0	1.4	113.0
186.3	0.566	fixation	n/a	424.8	175.7	3192.0	n/a	n/a	n/a	n/a
186.868	0.038	saccade	n/a	419.7	178.3	n/a	538.0	167.4	4.6	282.0
186.908	0.27	fixation	n/a	545.3	167.7	3313.0	n/a	n/a	n/a	n/a
187.18	0.066	saccade	n/a	553.9	170.4	n/a	107.5	240.3	17.26	492.0
187.248	0.312	fixation	n/a	112.1	244.7	3276.0	n/a	n/a	n/a	n/a
187.562	0.03	saccade	n/a	113.3	244.9	n/a	200.5	239.9	3.35	214.0
187.594	0.378	fixation	n/a	205.9	238.9	3218.0	n/a	n/a	n/a	n/a
187.974	0.032	saccade	n/a	212.8	239.2	n/a	299.8	243.2	3.38	208.0
188.008	0.234	fixation	n/a	302.4	240.7	3177.0	n/a	n/a	n/a	n/a
188.244	0.034	saccade	n/a	305.2	240.1	n/a	394.2	240.4	3.46	217.0
188.28	0.194	fixation	n/a	395.3	239.5	3178.0	n/a	n/a	n/a	n/a
188.476	0.06	saccade	n/a	395.5	238.8	n/a	140.8	179.0	10.11	279.0
188.538	0.348	fixation	n/a	141.5	183.1	3283.0	n/a	n/a	n/a	n/a
188.678	0.0	trigger_11	11	n/a	n/a	n/a	n/a	n/a	n/a	n/a
188.682	0.0	trigger_10	10	n/a	n/a	n/a	n/a	n/a	n/a	n/a
188.888	0.024	saccade	n/a	140.4	183.8	n/a	100.5	184.4	1.52	109.0
188.914	0.15	fixation	n/a	106.1	185.5	3377.0	n/a	n/a	n/a	n/a
189.066	0.022	saccade	n/a	109.5	184.8	n/a	162.0	181.5	2.01	133.0
189.09	0.15	fixation	n/a	163.3	181.9	3373.0	n/a	n/a	n/a	n/a
189.242	0.094	saccade	n/a	169.9	184.9	n/a	213.1	169.5	1.77	466.0
189.338	0.066	fixation	n/a	210.5	170.7	3281.0	n/a	n/a	n/a	n/a
189.406	0.172	saccade	n/a	212.6	170.9	n/a	250.9	172.4	1.49	972.0
189.442	0.086	blink	n/a	n/a	n/a	n/a	n/a	n/a	n/a	n/a
189.58	0.044	fixation	n/a	250.6	172.0	3174.0	n/a	n/a	n/a	n/a
189.626	0.03	saccade	n/a	250.3	170.9	n/a	318.9	175.5	2.68	194.0
189.658	0.342	fixation	n/a	320.2	174.4	3133.0	n/a	n/a	n/a	n/a
190.002	0.032	saccade	n/a	321.9	173.7	n/a	420.8	166.6	3.87	237.0
190.036	0.256	fixation	n/a	423.8	163.2	3010.0	n/a	n/a	n/a	n/a
190.294	0.02	saccade	n/a	429.1	161.7	n/a	464.4	154.6	1.4	97.0
190.316	0.196	fixation	n/a	462.8	159.9	2950.0	n/a	n/a	n/a	n/a
190.514	0.026	saccade	n/a	464.4	157.9	n/a	516.2	153.7	2.01	140.0
190.542	0.15	fixation	n/a	513.9	154.1	3036.0	n/a	n/a	n/a	n/a
190.694	0.03	saccade	n/a	512.4	155.4	n/a	443.8	170.0	2.72	200.0
190.726	0.15	fixation	n/a	449.0	169.4	3145.0	n/a	n/a	n/a	n/a
190.878	0.034	saccade	n/a	448.9	168.9	n/a	546.9	162.4	3.79	232.0
190.914	0.384	fixation	n/a	545.4	165.4	3181.0	n/a	n/a	n/a	n/a
191.3	0.016	saccade	n/a	544.0	165.1	n/a	564.3	161.7	0.79	61.0
191.318	0.086	fixation	n/a	560.8	164.1	3243.0	n/a	n/a	n/a	n/a
191.406	0.068	saccade	n/a	559.8	164.6	n/a	126.3	246.2	16.85	447.0
191.476	0.142	fixation	n/a	130.9	249.9	3276.0	n/a	n/a	n/a	n/a
191.62	0.02	saccade	n/a	129.7	250.3	n/a	96.0	246.6	1.29	94.0
191.642	0.258	fixation	n/a	103.2	245.9	3230.0	n/a	n/a	n/a	n/a
191.902	0.028	saccade	n/a	106.7	245.8	n/a	180.9	238.8	2.85	183.0
191.932	0.154	fixation	n/a	183.4	239.9	3202.0	n/a	n/a	n/a	n/a
192.088	0.03	saccade	n/a	186.3	241.6	n/a	251.0	239.8	2.51	178.0
192.12	0.156	fixation	n/a	249.9	238.0	3266.0	n/a	n/a	n/a	n/a
192.278	0.036	saccade	n/a	251.5	236.2	n/a	358.9	240.3	4.17	260.0
192.316	0.366	fixation	n/a	361.0	239.1	3288.0	n/a	n/a	n/a	n/a
192.684	0.032	saccade	n/a	364.7	241.8	n/a	454.9	235.5	3.52	219.0
192.718	0.284	fixation	n/a	455.2	234.8	3210.0	n/a	n/a	n/a	n/a
193.004	0.064	saccade	n/a	454.8	236.3	n/a	164.5	174.5	11.47	304.0
193.07	0.346	fixation	n/a	164.0	180.4	3225.0	n/a	n/a	n/a	n/a
193.198	0.0	trigger_11	11	n/a	n/a	n/a	n/a	n/a	n/a	n/a
193.202	0.0	trigger_10	10	n/a	n/a	n/a	n/a	n/a	n/a	n/a
193.418	0.024	saccade	n/a	159.5	180.0	n/a	117.9	179.2	1.59	116.0
193.444	0.1	fixation	n/a	120.8	180.0	3286.0	n/a	n/a	n/a	n/a
193.546	0.098	saccade	n/a	124.5	186.0	n/a	131.9	174.7	0.53	737.0
193.646	0.15	fixation	n/a	129.9	174.2	3296.0	n/a	n/a	n/a	n/a
193.798	0.034	saccade	n/a	131.0	171.2	n/a	230.5	179.1	3.85	240.0
193.834	0.32	fixation	n/a	228.8	175.4	3151.0	n/a	n/a	n/a	n/a
194.156	0.036	saccade	n/a	227.2	173.2	n/a	356.6	172.0	5.04	289.0
194.194	0.114	fixation	n/a	360.3	172.8	3126.0	n/a	n/a	n/a	n/a
194.31	0.134	saccade	n/a	363.0	180.1	n/a	396.5	165.3	1.43	883.0
194.344	0.046	blink	n/a	n/a	n/a	n/a	n/a	n/a	n/a	n/a
194.446	0.054	fixation	n/a	404.5	173.3	3186.0	n/a	n/a	n/a	n/a
194.502	0.03	saccade	n/a	408.5	179.9	n/a	471.2	175.3	2.44	174.0
194.534	0.302	fixation	n/a	472.1	174.1	3180.0	n/a	n/a	n/a	n/a
194.838	0.016	saccade	n/a	477.9	171.9	n/a	499.6	167.6	0.86	70.0
194.856	0.126	fixation	n/a	496.0	167.3	3077.0	n/a	n/a	n/a	n/a
194.984	0.028	saccade	n/a	498.6	168.3	n/a	555.8	168.5	2.2	159.0
195.014	0.204	fixation	n/a	554.6	165.7	3054.0	n/a	n/a	n/a	n/a
195.22	0.02	saccade	n/a	556.5	165.9	n/a	587.8	160.3	1.22	88.0
195.242	0.228	fixation	n/a	584.9	162.0	3126.0	n/a	n/a	n/a	n/a
195.472	0.072	saccade	n/a	584.6	162.7	n/a	103.1	244.7	18.55	442.0
195.546	0.342	fixation	n/a	108.5	246.3	3242.0	n/a	n/a	n/a	n/a
195.89	0.032	saccade	n/a	110.9	243.7	n/a	201.0	238.1	3.46	231.0
195.924	0.31	fixation	n/a	204.4	235.2	3226.0	n/a	n/a	n/a	n/a
196.236	0.036	saccade	n/a	207.4	236.1	n/a	318.4	240.9	4.32	268.0
196.274	0.302	fixation	n/a	319.3	239.4	3247.0	n/a	n/a	n/a	n/a
196.578	0.03	saccade	n/a	320.1	242.1	n/a	391.7	237.0	2.8	191.0
196.61	0.222	fixation	n/a	393.6	235.8	3228.0	n/a	n/a	n/a	n/a
196.834	0.014	saccade	n/a	398.3	236.0	n/a	414.2	235.1	0.62	54.0
196.85	0.164	fixation	n/a	412.7	236.4	3225.0	n/a	n/a	n/a	n/a
197.016	0.026	saccade	n/a	415.5	235.6	n/a	458.2	183.2	2.65	133.0
197.044	0.21	fixation	n/a	471.9	183.3	3221.0	n/a	n/a	n/a	n/a
197.256	0.024	saccade	n/a	472.3	184.4	n/a	464.0	235.4	2.04	130.0
197.282	0.162	fixation	n/a	464.8	231.4	3283.0	n/a	n/a	n/a	n/a
197.446	0.046	saccade	n/a	465.7	229.4	n/a	530.2	225.7	2.49	212.0
197.494	0.05	fixation	n/a	535.5	225.0	3304.0	n/a	n/a	n/a	n/a
197.546	0.062	saccade	n/a	534.5	225.4	n/a	140.7	302.2	15.35	480.0
197.61	0.284	fixation	n/a	143.6	302.8	3254.0	n/a	n/a	n/a	n/a
197.896	0.028	saccade	n/a	142.8	301.9	n/a	210.7	298.5	2.6	162.0
197.926	0.18	fixation	n/a	214.4	299.7	3101.0	n/a	n/a	n/a	n/a
198.108	0.02	saccade	n/a	216.7	298.8	n/a	251.9	293.4	1.37	97.0
198.13	0.272	fixation	n/a	251.8	293.9	3029.0	n/a	n/a	n/a	n/a
198.404	0.046	saccade	n/a	251.4	293.1	n/a	140.5	194.0	5.78	247.0
198.452	0.364	fixation	n/a	132.5	191.6	3044.0	n/a	n/a	n/a	n/a
198.606	0.0	trigger_11	11	n/a	n/a	n/a	n/a	n/a	n/a	n/a
198.608	0.0	trigger_10	10	n/a	n/a	n/a	n/a	n/a	n/a	n/a
198.818	0.016	saccade	n/a	132.2	192.1	n/a	115.7	180.0	0.79	61.0
198.836	0.244	fixation	n/a	118.5	185.0	3228.0	n/a	n/a	n/a	n/a
199.082	0.032	saccade	n/a	118.1	185.5	n/a	202.1	182.1	3.23	216.0
199.116	0.278	fixation	n/a	200.4	175.9	3226.0	n/a	n/a	n/a	n/a
199.396	0.03	saccade	n/a	203.0	173.9	n/a	277.6	171.3	2.89	189.0
199.428	0.106	fixation	n/a	276.0	170.0	3208.0	n/a	n/a	n/a	n/a
199.536	0.146	saccade	n/a	280.7	176.5	n/a	269.5	170.2	0.5	957.0
199.572	0.056	blink	n/a	n/a	n/a	n/a	n/a	n/a	n/a	n/a
199.684	0.246	fixation	n/a	269.9	174.0	3305.0	n/a	n/a	n/a	n/a
199.932	0.022	saccade	n/a	281.6	177.9	n/a	328.1	182.1	1.82	118.0
199.956	0.238	fixation	n/a	332.1	180.1	3249.0	n/a	n/a	n/a	n/a
200.196	0.034	saccade	n/a	336.4	177.1	n/a	429.5	172.5	3.63	235.0
200.232	0.278	fixation	n/a	429.1	173.1	3248.0	n/a	n/a	n/a	n/a
200.512	0.032	saccade	n/a	430.8	172.3	n/a	516.0	165.4	3.31	205.0
200.546	0.162	fixation	n/a	513.8	162.8	3256.0	n/a	n/a	n/a	n/a
200.71	0.02	saccade	n/a	516.6	162.8	n/a	548.3	162.9	1.22	88.0
200.732	0.166	fixation	n/a	545.3	165.4	3282.0	n/a	n/a	n/a	n/a
200.9	0.02	saccade	n/a	547.3	164.2	n/a	584.2	161.7	1.41	93.0
200.922	0.264	fixation	n/a	584.6	163.7	3307.0	n/a	n/a	n/a	n/a
201.188	0.066	saccade	n/a	592.1	166.8	n/a	123.7	242.3	18.05	491.0
201.256	0.11	fixation	n/a	129.0	244.7	3317.0	n/a	n/a	n/a	n/a
201.368	0.026	saccade	n/a	126.8	246.8	n/a	87.9	244.8	1.48	114.0
201.396	0.088	fixation	n/a	90.5	245.9	3281.0	n/a	n/a	n/a	n/a
201.486	0.148	saccade	n/a	91.0	250.3	n/a	134.9	238.9	1.72	833.0
201.522	0.052	blink	n/a	n/a	n/a	n/a	n/a	n/a	n/a	n/a
201.636	0.08	fixation	n/a	133.9	240.6	3201.0	n/a	n/a	n/a	n/a
201.718	0.03	saccade	n/a	133.1	238.5	n/a	199.5	237.2	2.55	191.0
201.75	0.214	fixation	n/a	200.5	240.7	3177.0	n/a	n/a	n/a	n/a
201.966	0.032	saccade	n/a	193.5	245.4	n/a	274.4	236.4	3.14	202.0
202.0	0.386	fixation	n/a	279.2	237.2	3110.0	n/a	n/a	n/a	n/a
202.388	0.03	saccade	n/a	284.1	237.0	n/a	359.1	236.8	2.92	192.0
202.42	0.224	fixation	n/a	361.4	234.8	3128.0	n/a	n/a	n/a	n/a
202.646	0.028	saccade	n/a	363.3	235.6	n/a	395.9	170.9	2.86	163.0
202.676	0.1	fixation	n/a	398.4	174.3	3060.0	n/a	n/a	n/a	n/a
202.778	0.046	saccade	n/a	398.7	174.7	n/a	163.4	180.4	9.12	369.0
202.826	0.44	fixation	n/a	143.4	182.8	3172.0	n/a	n/a	n/a	n/a
202.846	0.0	trigger_11	11	n/a	n/a	n/a	n/a	n/a	n/a	n/a
202.848	0.0	trigger_10	10	n/a	n/a	n/a	n/a	n/a	n/a	n/a
203.268	0.028	saccade	n/a	140.1	185.9	n/a	211.7	176.8	2.78	180.0
203.298	0.26	fixation	n/a	211.3	176.3	3234.0	n/a	n/a	n/a	n/a
203.56	0.024	saccade	n/a	215.4	178.2	n/a	258.1	177.9	1.66	118.0
203.586	0.202	fixation	n/a	257.9	175.7	3148.0	n/a	n/a	n/a	n/a
203.79	0.028	saccade	n/a	260.8	175.8	n/a	328.9	179.5	2.66	173.0
203.82	0.26	fixation	n/a	331.0	177.0	3106.0	n/a	n/a	n/a	n/a
204.082	0.018	saccade	n/a	336.1	175.0	n/a	363.2	170.4	1.07	76.0
204.102	0.21	fixation	n/a	362.4	170.0	3094.0	n/a	n/a	n/a	n/a
204.314	0.032	saccade	n/a	364.0	165.7	n/a	452.6	162.8	3.44	205.0
204.348	0.198	fixation	n/a	453.8	162.8	3028.0	n/a	n/a	n/a	n/a
204.548	0.018	saccade	n/a	451.7	161.7	n/a	420.1	168.4	1.26	92.0
204.568	0.168	fixation	n/a	422.2	167.4	3063.0	n/a	n/a	n/a	n/a
204.738	0.028	saccade	n/a	421.6	167.4	n/a	363.7	167.5	2.26	166.0
204.768	0.298	fixation	n/a	370.1	169.1	3091.0	n/a	n/a	n/a	n/a
205.068	0.034	saccade	n/a	370.9	171.9	n/a	467.5	168.3	3.76	248.0
205.104	0.202	fixation	n/a	468.5	165.7	3182.0	n/a	n/a	n/a	n/a
205.308	0.022	saccade	n/a	471.8	165.1	n/a	509.5	159.6	1.47	108.0
205.332	0.158	fixation	n/a	506.9	161.7	3190.0	n/a	n/a	n/a	n/a
205.492	0.03	saccade	n/a	509.0	162.9	n/a	568.7	166.9	2.3	172.0
205.524	0.33	fixation	n/a	570.2	162.4	3076.0	n/a	n/a	n/a	n/a
205.856	0.066	saccade	n/a	571.8	160.6	n/a	137.1	179.2	16.67	426.0
205.924	0.442	fixation	n/a	140.2	178.7	2987.0	n/a	n/a	n/a	n/a
205.99	0.0	trigger_11	11	n/a	n/a	n/a	n/a	n/a	n/a	n/a
205.992	0.0	trigger_10	10	n/a	n/a	n/a	n/a	n/a	n/a	n/a
206.368	0.128	saccade	n/a	144.5	186.6	n/a	195.8	165.1	2.15	710.0
206.406	0.038	blink	n/a	n/a	n/a	n/a	n/a	n/a	n/a	n/a
206.498	0.452	fixation	n/a	192.0	170.3	2999.0	n/a	n/a	n/a	n/a
206.952	0.03	saccade	n/a	197.5	165.4	n/a	278.6	165.2	3.14	205.0
206.984	0.086	fixation	n/a	278.5	166.4	2936.0	n/a	n/a	n/a	n/a
207.072	0.032	saccade	n/a	280.2	165.8	n/a	362.8	169.4	3.22	248.0
207.106	0.242	fixation	n/a	366.2	167.5	3003.0	n/a	n/a	n/a	n/a
207.35	0.034	saccade	n/a	367.2	168.8	n/a	471.0	161.5	4.05	250.0
207.386	0.368	fixation	n/a	473.4	166.1	3051.0	n/a	n/a	n/a	n/a
207.756	0.034	saccade	n/a	474.3	170.3	n/a	567.2	162.7	3.59	215.0
207.792	0.228	fixation	n/a	565.9	160.5	3102.0	n/a	n/a	n/a	n/a
208.022	0.024	saccade	n/a	567.4	160.3	n/a	612.6	157.2	1.72	120.0
208.048	0.342	fixation	n/a	608.9	160.4	3179.0	n/a	n/a	n/a	n/a
208.392	0.07	saccade	n/a	611.2	163.8	n/a	128.6	240.9	18.6	475.0
208.464	0.432	fixation	n/a	140.1	243.5	3173.0	n/a	n/a	n/a	n/a
208.898	0.016	saccade	n/a	149.4	239.9	n/a	167.7	239.5	0.7	57.0
208.916	0.37	fixation	n/a	164.9	239.6	3096.0	n/a	n/a	n/a	n/a
209.288	0.028	saccade	n/a	164.1	238.9	n/a	112.2	192.3	2.7	158.0
209.318	0.498	fixation	n/a	121.6	182.6	3163.0	n/a	n/a	n/a	n/a
209.526	0.0	trigger_11	11	n/a	n/a	n/a	n/a	n/a	n/a	n/a
209.53	0.0	trigger_10	10	n/a	n/a	n/a	n/a	n/a	n/a	n/a
209.818	0.024	saccade	n/a	122.1	185.5	n/a	173.4	176.6	2.0	127.0
209.844	0.154	fixation	n/a	172.2	175.1	3265.0	n/a	n/a	n/a	n/a
210.0	0.022	saccade	n/a	175.5	174.6	n/a	212.5	171.9	1.43	107.0
210.024	0.25	fixation	n/a	210.6	171.1	3258.0	n/a	n/a	n/a	n/a
210.276	0.016	saccade	n/a	214.2	169.3	n/a	234.1	168.2	0.77	57.0
210.294	0.082	fixation	n/a	235.6	171.9	3220.0	n/a	n/a	n/a	n/a
210.378	0.138	saccade	n/a	240.2	178.7	n/a	243.0	176.9	0.13	790.0
210.42	0.042	blink	n/a	n/a	n/a	n/a	n/a	n/a	n/a	n/a
210.518	0.138	fixation	n/a	242.2	178.8	3273.0	n/a	n/a	n/a	n/a
210.658	0.028	saccade	n/a	242.1	180.6	n/a	334.7	176.9	3.61	197.0
210.688	0.236	fixation	n/a	341.6	176.3	3313.0	n/a	n/a	n/a	n/a
210.926	0.022	saccade	n/a	345.6	174.9	n/a	384.0	170.4	1.51	117.0
210.95	0.12	fixation	n/a	381.4	171.6	3194.0	n/a	n/a	n/a	n/a
211.072	0.032	saccade	n/a	380.8	172.0	n/a	468.8	173.3	3.42	228.0
211.106	0.334	fixation	n/a	465.1	171.7	3248.0	n/a	n/a	n/a	n/a
211.442	0.034	saccade	n/a	464.3	172.7	n/a	568.4	163.2	4.02	227.0
211.478	0.184	fixation	n/a	566.9	163.0	3243.0	n/a	n/a	n/a	n/a
211.664	0.022	saccade	n/a	569.4	161.0	n/a	598.1	159.8	1.09	92.0
211.688	0.116	fixation	n/a	592.3	160.4	3264.0	n/a	n/a	n/a	n/a
211.806	0.07	saccade	n/a	592.4	162.1	n/a	122.1	238.8	18.13	488.0
211.878	0.14	fixation	n/a	128.3	242.1	3369.0	n/a	n/a	n/a	n/a
212.02	0.024	saccade	n/a	126.2	242.5	n/a	90.1	243.9	1.37	111.0
212.046	0.214	fixation	n/a	97.3	246.0	3345.0	n/a	n/a	n/a	n/a
212.262	0.032	saccade	n/a	101.4	244.7	n/a	189.1	244.4	3.35	223.0
212.296	0.258	fixation	n/a	191.7	240.5	3260.0	n/a	n/a	n/a	n/a
212.556	0.036	saccade	n/a	194.4	241.4	n/a	302.8	245.8	4.21	251.0
212.594	0.194	fixation	n/a	304.9	243.6	3210.0	n/a	n/a	n/a	n/a
212.79	0.02	saccade	n/a	308.2	242.4	n/a	344.9	241.0	1.43	102.0
212.812	0.184	fixation	n/a	342.2	240.7	3138.0	n/a	n/a	n/a	n/a
212.998	0.032	saccade	n/a	344.9	242.5	n/a	443.4	239.8	3.83	231.0
213.032	0.36	fixation	n/a	445.2	239.1	3069.0	n/a	n/a	n/a	n/a
213.394	0.028	saccade	n/a	445.7	238.1	n/a	512.4	235.0	2.58	168.0
213.424	0.26	fixation	n/a	511.8	237.1	3102.0	n/a	n/a	n/a	n/a
213.686	0.022	saccade	n/a	513.8	238.3	n/a	550.2	232.1	1.42	105.0
213.71	0.046	fixation	n/a	546.6	232.9	3120.0	n/a	n/a	n/a	n/a
213.758	0.064	saccade	n/a	545.6	232.4	n/a	119.9	297.2	16.44	466.0
213.824	0.314	fixation	n/a	122.5	300.0	3101.0	n/a	n/a	n/a	n/a
214.14	0.036	saccade	n/a	123.0	298.6	n/a	111.7	183.6	4.5	219.0
214.178	0.51	fixation	n/a	121.1	177.8	3138.0	n/a	n/a	n/a	n/a
214.32	0.0	trigger_11	11	n/a	n/a	n/a	n/a	n/a	n/a	n/a
214.322	0.0	trigger_10	10	n/a	n/a	n/a	n/a	n/a	n/a	n/a
214.69	0.024	saccade	n/a	121.2	183.2	n/a	175.6	181.5	2.09	136.0
214.716	0.136	fixation	n/a	179.9	181.1	3298.0	n/a	n/a	n/a	n/a
214.854	0.128	saccade	n/a	186.6	185.7	n/a	239.1	187.2	2.04	881.0
214.892	0.038	blink	n/a	n/a	n/a	n/a	n/a	n/a	n/a	n/a
214.984	0.328	fixation	n/a	239.0	184.3	3251.0	n/a	n/a	n/a	n/a
215.314	0.032	saccade	n/a	240.5	181.4	n/a	322.6	177.4	3.2	203.0
215.348	0.648	fixation	n/a	323.9	174.9	3098.0	n/a	n/a	n/a	n/a
215.998	0.03	saccade	n/a	328.4	175.2	n/a	403.8	174.4	2.94	186.0
216.03	0.282	fixation	n/a	402.6	174.8	3190.0	n/a	n/a	n/a	n/a
216.314	0.034	saccade	n/a	403.0	178.8	n/a	497.3	173.4	3.68	219.0
216.35	0.222	fixation	n/a	494.4	170.6	3397.0	n/a	n/a	n/a	n/a
216.574	0.03	saccade	n/a	496.8	170.0	n/a	568.8	163.9	2.78	176.0
216.606	0.216	fixation	n/a	567.0	161.1	3374.0	n/a	n/a	n/a	n/a
216.824	0.018	saccade	n/a	569.3	162.1	n/a	601.0	163.8	1.21	89.0
216.844	0.216	fixation	n/a	596.6	161.7	3372.0	n/a	n/a	n/a	n/a
217.062	0.028	saccade	n/a	595.0	160.7	n/a	540.3	165.7	2.1	159.0
217.092	0.346	fixation	n/a	543.5	166.9	3501.0	n/a	n/a	n/a	n/a
217.44	0.016	saccade	n/a	543.0	168.6	n/a	567.3	165.4	0.94	74.0
217.458	0.056	fixation	n/a	562.1	167.1	3642.0	n/a	n/a	n/a	n/a
217.516	0.064	saccade	n/a	560.1	168.1	n/a	123.3	234.4	16.84	501.0
217.582	0.292	fixation	n/a	127.7	243.5	3765.0	n/a	n/a	n/a	n/a
217.876	0.022	saccade	n/a	128.8	249.1	n/a	164.1	246.5	1.36	101.0
217.9	0.056	fixation	n/a	159.1	246.4	3671.0	n/a	n/a	n/a	n/a
217.958	0.13	saccade	n/a	163.3	249.8	n/a	190.2	254.0	1.05	835.0
218.0	0.026	blink	n/a	n/a	n/a	n/a	n/a	n/a	n/a	n/a
218.09	0.188	fixation	n/a	191.1	254.3	3466.0	n/a	n/a	n/a	n/a
218.28	0.034	saccade	n/a	192.7	252.4	n/a	283.0	251.4	3.49	239.0
218.316	0.22	fixation	n/a	286.8	247.4	3270.0	n/a	n/a	n/a	n/a
218.538	0.026	saccade	n/a	291.7	246.4	n/a	342.8	243.0	2.0	143.0
218.566	0.184	fixation	n/a	342.1	240.8	3141.0	n/a	n/a	n/a	n/a
218.752	0.034	saccade	n/a	343.0	238.7	n/a	445.0	231.4	3.97	245.0
218.788	0.2	fixation	n/a	451.2	231.2	3174.0	n/a	n/a	n/a	n/a
218.99	0.026	saccade	n/a	455.5	232.1	n/a	507.8	229.3	2.02	142.0
219.018	0.056	fixation	n/a	506.9	230.0	3202.0	n/a	n/a	n/a	n/a
219.076	0.032	saccade	n/a	508.3	229.5	n/a	578.1	236.6	2.69	202.0
219.11	0.216	fixation	n/a	578.9	233.2	3228.0	n/a	n/a	n/a	n/a
219.328	0.018	saccade	n/a	580.4	234.3	n/a	604.3	233.3	0.91	67.0
219.348	0.1	fixation	n/a	601.3	235.6	3238.0	n/a	n/a	n/a	n/a
219.45	0.024	saccade	n/a	603.2	235.9	n/a	634.0	234.2	1.16	109.0
219.476	0.134	fixation	n/a	631.6	233.9	3238.0	n/a	n/a	n/a	n/a
219.612	0.07	saccade	n/a	631.1	234.6	n/a	123.6	289.5	19.3	496.0
219.684	0.318	fixation	n/a	132.2	296.0	3317.0	n/a	n/a	n/a	n/a
220.004	0.03	saccade	n/a	136.9	296.3	n/a	212.3	301.1	2.89	209.0
220.036	0.192	fixation	n/a	214.5	298.8	3280.0	n/a	n/a	n/a	n/a
220.23	0.032	saccade	n/a	216.1	298.5	n/a	309.3	298.2	3.61	244.0
220.264	0.258	fixation	n/a	312.4	298.4	3288.0	n/a	n/a	n/a	n/a
220.524	0.034	saccade	n/a	314.3	299.7	n/a	400.7	300.3	3.36	243.0
220.56	0.536	fixation	n/a	399.9	296.8	3298.0	n/a	n/a	n/a	n/a
221.098	0.034	saccade	n/a	397.2	295.6	n/a	493.1	294.2	3.71	240.0
221.134	0.23	fixation	n/a	492.8	293.1	3334.0	n/a	n/a	n/a	n/a
221.366	0.018	saccade	n/a	490.9	292.2	n/a	462.9	296.3	1.09	81.0
221.386	0.1	fixation	n/a	466.2	294.4	3342.0	n/a	n/a	n/a	n/a
221.488	0.028	saccade	n/a	467.1	294.8	n/a	531.7	294.4	2.48	156.0
221.518	0.244	fixation	n/a	530.0	294.7	3284.0	n/a	n/a	n/a	n/a
221.764	0.03	saccade	n/a	531.9	295.8	n/a	606.4	294.8	2.83	189.0
221.796	0.102	fixation	n/a	606.6	293.5	3252.0	n/a	n/a	n/a	n/a
221.9	0.07	saccade	n/a	606.3	293.6	n/a	108.1	349.1	18.92	500.0
221.972	0.302	fixation	n/a	114.8	353.9	3348.0	n/a	n/a	n/a	n/a
222.276	0.034	saccade	n/a	116.3	357.3	n/a	216.8	363.5	3.83	247.0
222.312	0.3	fixation	n/a	223.5	359.4	3265.0	n/a	n/a	n/a	n/a
222.614	0.134	saccade	n/a	233.4	356.7	n/a	294.8	355.6	2.37	733.0
222.658	0.034	blink	n/a	n/a	n/a	n/a	n/a	n/a	n/a	n/a
222.75	0.25	fixation	n/a	295.8	362.8	3193.0	n/a	n/a	n/a	n/a
223.002	0.03	saccade	n/a	297.2	362.5	n/a	372.4	357.6	2.91	189.0
223.034	0.288	fixation	n/a	377.0	357.5	3068.0	n/a	n/a	n/a	n/a
223.324	0.048	saccade	n/a	380.3	357.6	n/a	541.2	345.7	6.18	220.0
223.374	0.206	fixation	n/a	546.4	344.4	3036.0	n/a	n/a	n/a	n/a
223.582	0.03	saccade	n/a	548.1	345.7	n/a	607.8	348.4	2.26	180.0
223.614	0.302	fixation	n/a	610.0	346.3	3033.0	n/a	n/a	n/a	n/a
223.918	0.014	saccade	n/a	613.4	344.5	n/a	628.9	342.7	0.58	50.0
223.934	0.122	fixation	n/a	626.4	343.4	3081.0	n/a	n/a	n/a	n/a
224.058	0.07	saccade	n/a	624.8	343.3	n/a	122.7	438.9	19.15	500.0
224.13	0.154	fixation	n/a	134.3	442.3	3194.0	n/a	n/a	n/a	n/a
224.286	0.024	saccade	n/a	132.1	441.9	n/a	96.4	431.2	1.39	112.0
224.312	0.436	fixation	n/a	104.2	432.1	3184.0	n/a	n/a	n/a	n/a
224.75	0.024	saccade	n/a	109.3	429.7	n/a	158.5	416.5	1.92	131.0
224.776	0.112	fixation	n/a	157.0	418.3	3222.0	n/a	n/a	n/a	n/a
224.89	0.146	saccade	n/a	163.5	420.6	n/a	195.7	413.5	1.25	734.0
224.926	0.044	blink	n/a	n/a	n/a	n/a	n/a	n/a	n/a	n/a
225.038	0.244	fixation	n/a	193.3	418.2	3359.0	n/a	n/a	n/a	n/a
225.284	0.018	saccade	n/a	198.3	422.4	n/a	223.7	422.3	0.97	72.0
225.304	0.378	fixation	n/a	221.4	424.1	3234.0	n/a	n/a	n/a	n/a
225.684	0.028	saccade	n/a	222.2	427.8	n/a	302.5	422.6	3.08	157.0
225.714	0.246	fixation	n/a	340.9	422.0	3302.0	n/a	n/a	n/a	n/a
225.962	0.028	saccade	n/a	345.1	422.2	n/a	414.5	413.3	2.69	181.0
225.992	0.124	fixation	n/a	413.6	414.1	3304.0	n/a	n/a	n/a	n/a
226.118	0.034	saccade	n/a	416.2	414.1	n/a	511.1	415.4	3.63	221.0
226.154	0.352	fixation	n/a	511.1	415.1	3220.0	n/a	n/a	n/a	n/a
226.508	0.032	saccade	n/a	513.5	416.9	n/a	606.0	409.9	3.5	204.0
226.542	0.158	fixation	n/a	606.3	409.0	3181.0	n/a	n/a	n/a	n/a
226.702	0.032	saccade	n/a	606.7	409.4	n/a	473.8	424.1	5.05	331.0
226.736	0.394	fixation	n/a	464.5	421.8	3242.0	n/a	n/a	n/a	n/a
227.132	0.07	saccade	n/a	459.2	426.9	n/a	393.6	420.6	2.52	291.0
227.204	0.136	fixation	n/a	394.6	423.4	3289.0	n/a	n/a	n/a	n/a
227.342	0.138	saccade	n/a	395.5	422.1	n/a	606.7	404.2	8.01	1001.0
227.38	0.054	blink	n/a	n/a	n/a	n/a	n/a	n/a	n/a	n/a
227.482	0.13	fixation	n/a	606.9	404.9	3288.0	n/a	n/a	n/a	n/a
227.614	0.026	saccade	n/a	607.8	405.5	n/a	647.6	411.5	1.5	140.0
227.642	0.138	fixation	n/a	644.9	406.5	3279.0	n/a	n/a	n/a	n/a
227.782	0.08	saccade	n/a	645.7	406.3	n/a	163.3	181.3	20.16	449.0
227.864	0.268	fixation	n/a	161.1	183.8	3152.0	n/a	n/a	n/a	n/a
227.904	0.0	trigger_11	11	n/a	n/a	n/a	n/a	n/a	n/a	n/a
227.906	0.0	trigger_10	10	n/a	n/a	n/a	n/a	n/a	n/a	n/a
228.134	0.026	saccade	n/a	162.0	184.0	n/a	120.4	181.8	1.6	123.0
228.162	0.218	fixation	n/a	123.5	182.9	3212.0	n/a	n/a	n/a	n/a
228.382	0.032	saccade	n/a	122.1	183.0	n/a	202.1	182.0	3.08	215.0
228.416	0.256	fixation	n/a	200.4	178.3	3306.0	n/a	n/a	n/a	n/a
228.674	0.032	saccade	n/a	203.4	178.5	n/a	291.8	179.1	3.44	213.0
228.708	0.348	fixation	n/a	293.4	179.6	3241.0	n/a	n/a	n/a	n/a
229.058	0.134	saccade	n/a	300.3	189.1	n/a	343.0	180.3	1.7	894.0
229.096	0.044	blink	n/a	n/a	n/a	n/a	n/a	n/a	n/a	n/a
229.194	0.252	fixation	n/a	344.1	179.5	3279.0	n/a	n/a	n/a	n/a
229.448	0.026	saccade	n/a	344.3	178.5	n/a	410.3	170.2	2.6	160.0
229.476	0.094	fixation	n/a	412.6	173.9	3248.0	n/a	n/a	n/a	n/a
229.572	0.028	saccade	n/a	411.1	174.7	n/a	353.9	178.2	2.24	163.0
229.602	0.302	fixation	n/a	356.0	173.7	3123.0	n/a	n/a	n/a	n/a
229.906	0.024	saccade	n/a	355.6	173.4	n/a	404.6	168.2	1.93	125.0
229.932	0.082	fixation	n/a	403.4	168.0	3071.0	n/a	n/a	n/a	n/a
230.016	0.026	saccade	n/a	405.5	166.7	n/a	450.2	171.7	1.75	140.0
230.044	0.28	fixation	n/a	447.9	167.6	3085.0	n/a	n/a	n/a	n/a
230.326	0.02	saccade	n/a	448.9	168.0	n/a	481.2	164.0	1.26	90.0
230.348	0.496	fixation	n/a	483.5	164.3	3141.0	n/a	n/a	n/a	n/a
230.846	0.03	saccade	n/a	492.3	163.2	n/a	553.0	163.2	2.34	149.0
230.878	0.076	fixation	n/a	548.9	161.1	3168.0	n/a	n/a	n/a	n/a
230.956	0.116	saccade	n/a	552.2	169.0	n/a	547.4	175.2	0.3	882.0
230.992	0.034	blink	n/a	n/a	n/a	n/a	n/a	n/a	n/a	n/a
231.074	0.072	fixation	n/a	547.8	175.9	3233.0	n/a	n/a	n/a	n/a
231.148	0.028	saccade	n/a	548.9	172.3	n/a	599.4	163.3	1.96	153.0
231.178	0.09	fixation	n/a	598.0	159.0	3257.0	n/a	n/a	n/a	n/a
231.27	0.068	saccade	n/a	599.2	154.6	n/a	95.4	236.9	19.39	506.0
231.34	0.322	fixation	n/a	99.2	243.0	3224.0	n/a	n/a	n/a	n/a
231.664	0.032	saccade	n/a	95.7	248.8	n/a	195.1	235.1	3.84	239.0
231.698	0.22	fixation	n/a	198.0	236.9	3212.0	n/a	n/a	n/a	n/a
231.92	0.02	saccade	n/a	203.5	238.8	n/a	235.6	236.7	1.24	91.0
231.942	0.31	fixation	n/a	232.7	237.4	3210.0	n/a	n/a	n/a	n/a
232.254	0.032	saccade	n/a	233.3	236.9	n/a	320.8	236.9	3.4	217.0
232.288	0.424	fixation	n/a	312.5	239.0	3337.0	n/a	n/a	n/a	n/a
232.714	0.03	saccade	n/a	303.3	240.1	n/a	369.8	240.5	2.59	199.0
232.746	0.154	fixation	n/a	368.2	239.3	3338.0	n/a	n/a	n/a	n/a
232.902	0.058	saccade	n/a	369.2	240.6	n/a	127.9	173.7	9.68	294.0
232.962	0.438	fixation	n/a	134.9	179.6	3326.0	n/a	n/a	n/a	n/a
233.032	0.0	trigger_11	11	n/a	n/a	n/a	n/a	n/a	n/a	n/a
233.034	0.0	trigger_10	10	n/a	n/a	n/a	n/a	n/a	n/a	n/a
233.402	0.122	saccade	n/a	138.9	185.5	n/a	167.9	189.3	1.12	778.0
233.442	0.024	blink	n/a	n/a	n/a	n/a	n/a	n/a	n/a	n/a
233.526	0.21	fixation	n/a	167.4	189.7	3407.0	n/a	n/a	n/a	n/a
233.738	0.018	saccade	n/a	172.6	187.9	n/a	194.5	186.1	0.85	63.0
233.758	0.186	fixation	n/a	195.3	184.4	3261.0	n/a	n/a	n/a	n/a
233.946	0.03	saccade	n/a	198.1	181.5	n/a	265.3	180.3	2.61	187.0
233.978	0.144	fixation	n/a	266.4	180.1	3143.0	n/a	n/a	n/a	n/a
234.124	0.03	saccade	n/a	270.1	180.8	n/a	343.3	176.8	2.86	199.0
234.156	0.218	fixation	n/a	338.9	174.9	3200.0	n/a	n/a	n/a	n/a
234.376	0.02	saccade	n/a	338.6	176.7	n/a	367.0	173.5	1.12	78.0
234.398	0.354	fixation	n/a	364.9	172.4	3233.0	n/a	n/a	n/a	n/a
234.754	0.02	saccade	n/a	365.7	171.3	n/a	399.2	167.7	1.32	98.0
234.776	0.188	fixation	n/a	396.5	169.3	3226.0	n/a	n/a	n/a	n/a
234.966	0.034	saccade	n/a	394.5	168.7	n/a	278.5	177.2	4.53	240.0
235.002	0.178	fixation	n/a	282.1	179.4	3336.0	n/a	n/a	n/a	n/a
235.182	0.034	saccade	n/a	280.9	180.6	n/a	161.9	176.1	4.62	289.0
235.218	0.32	fixation	n/a	162.8	174.3	3300.0	n/a	n/a	n/a	n/a
235.328	0.0	trigger_11	11	n/a	n/a	n/a	n/a	n/a	n/a	n/a
235.332	0.0	trigger_10	10	n/a	n/a	n/a	n/a	n/a	n/a	n/a
235.54	0.026	saccade	n/a	161.4	173.4	n/a	112.8	172.8	1.86	134.0
235.568	0.172	fixation	n/a	117.5	176.7	3287.0	n/a	n/a	n/a	n/a
235.742	0.07	saccade	n/a	117.0	183.0	n/a	94.7	177.2	0.88	460.0
235.814	0.156	fixation	n/a	94.1	178.7	3392.0	n/a	n/a	n/a	n/a
235.972	0.03	saccade	n/a	95.1	177.8	n/a	171.1	180.6	2.91	186.0
236.004	0.144	fixation	n/a	171.0	177.5	3339.0	n/a	n/a	n/a	n/a
236.15	0.03	saccade	n/a	174.1	176.5	n/a	262.6	184.0	3.44	218.0
236.182	0.16	fixation	n/a	267.7	183.1	3248.0	n/a	n/a	n/a	n/a
236.344	0.136	saccade	n/a	269.1	187.8	n/a	283.5	178.4	0.67	958.0
236.38	0.048	blink	n/a	n/a	n/a	n/a	n/a	n/a	n/a	n/a
236.482	0.078	fixation	n/a	283.8	180.5	3220.0	n/a	n/a	n/a	n/a
236.562	0.034	saccade	n/a	282.6	177.6	n/a	179.1	181.8	4.02	248.0
236.598	0.182	fixation	n/a	183.8	182.2	3252.0	n/a	n/a	n/a	n/a
236.782	0.018	saccade	n/a	182.1	182.6	n/a	158.3	184.1	0.92	70.0
236.802	0.102	fixation	n/a	162.3	183.2	3203.0	n/a	n/a	n/a	n/a
236.906	0.036	saccade	n/a	165.1	183.0	n/a	283.4	187.3	4.6	283.0
236.944	0.288	fixation	n/a	287.7	185.6	3241.0	n/a	n/a	n/a	n/a
237.234	0.03	saccade	n/a	287.9	185.1	n/a	354.6	178.2	2.62	185.0
237.266	0.258	fixation	n/a	357.0	176.0	3264.0	n/a	n/a	n/a	n/a
237.526	0.03	saccade	n/a	358.5	174.4	n/a	294.4	175.2	2.5	195.0
237.558	0.236	fixation	n/a	304.6	177.2	3159.0	n/a	n/a	n/a	n/a
237.796	0.028	saccade	n/a	307.1	177.4	n/a	369.7	181.5	2.45	172.0
237.826	0.212	fixation	n/a	368.9	177.8	3132.0	n/a	n/a	n/a	n/a
238.04	0.028	saccade	n/a	370.9	177.8	n/a	425.8	179.0	2.15	161.0
238.07	0.22	fixation	n/a	425.8	177.1	3216.0	n/a	n/a	n/a	n/a
238.292	0.03	saccade	n/a	427.1	174.8	n/a	481.5	174.2	2.12	166.0
238.324	0.296	fixation	n/a	478.7	174.2	3241.0	n/a	n/a	n/a	n/a
238.622	0.03	saccade	n/a	477.9	172.4	n/a	551.3	167.5	2.85	183.0
238.654	0.212	fixation	n/a	550.0	167.9	3171.0	n/a	n/a	n/a	n/a
238.868	0.03	saccade	n/a	552.4	167.9	n/a	614.9	165.6	2.39	177.0
238.9	0.152	fixation	n/a	612.7	161.1	3119.0	n/a	n/a	n/a	n/a
239.054	0.068	saccade	n/a	613.0	160.3	n/a	143.7	241.6	18.16	484.0
239.124	0.264	fixation	n/a	148.7	244.5	3180.0	n/a	n/a	n/a	n/a
239.39	0.032	saccade	n/a	149.9	244.7	n/a	241.2	243.7	3.53	226.0
239.424	0.446	fixation	n/a	245.1	241.2	3107.0	n/a	n/a	n/a	n/a
239.872	0.026	saccade	n/a	244.8	239.7	n/a	299.5	235.3	2.13	147.0
239.9	0.122	fixation	n/a	297.9	234.6	3113.0	n/a	n/a	n/a	n/a
240.024	0.036	saccade	n/a	299.2	234.6	n/a	411.5	237.0	4.37	272.0
240.062	0.28	fixation	n/a	414.5	234.0	3159.0	n/a	n/a	n/a	n/a
240.344	0.018	saccade	n/a	415.9	235.8	n/a	440.2	232.8	0.95	75.0
240.364	0.174	fixation	n/a	436.7	231.3	3156.0	n/a	n/a	n/a	n/a
240.54	0.038	saccade	n/a	437.4	230.8	n/a	559.4	234.1	4.71	245.0
240.58	0.36	fixation	n/a	561.6	230.5	3151.0	n/a	n/a	n/a	n/a
240.942	0.022	saccade	n/a	564.9	231.6	n/a	602.6	226.4	1.45	106.0
240.966	0.11	fixation	n/a	597.6	226.3	3178.0	n/a	n/a	n/a	n/a
241.078	0.066	saccade	n/a	598.1	225.8	n/a	137.5	307.8	17.77	472.0
241.146	0.222	fixation	n/a	142.5	311.5	3267.0	n/a	n/a	n/a	n/a
241.37	0.026	saccade	n/a	140.2	312.3	n/a	98.2	306.8	1.61	121.0
241.398	0.3	fixation	n/a	105.4	307.7	3206.0	n/a	n/a	n/a	n/a
241.7	0.038	saccade	n/a	106.9	306.3	n/a	232.7	303.9	4.81	264.0
241.74	0.07	fixation	n/a	235.5	303.4	3174.0	n/a	n/a	n/a	n/a
241.812	0.13	saccade	n/a	244.3	306.7	n/a	255.0	301.5	0.46	774.0
241.85	0.03	blink	n/a	n/a	n/a	n/a	n/a	n/a	n/a	n/a
241.944	0.106	fixation	n/a	255.7	307.8	3240.0	n/a	n/a	n/a	n/a
242.052	0.024	saccade	n/a	256.3	307.7	n/a	298.8	309.0	1.65	118.0
242.078	0.332	fixation	n/a	295.5	307.4	3213.0	n/a	n/a	n/a	n/a
242.412	0.02	saccade	n/a	299.1	304.9	n/a	329.0	302.6	1.17	82.0
242.434	0.14	fixation	n/a	328.7	302.9	3066.0	n/a	n/a	n/a	n/a
242.576	0.03	saccade	n/a	330.8	302.2	n/a	401.3	302.9	2.74	179.0
242.608	0.438	fixation	n/a	399.5	301.5	3068.0	n/a	n/a	n/a	n/a
243.048	0.028	saccade	n/a	399.8	302.2	n/a	460.3	300.0	2.35	156.0
243.078	0.184	fixation	n/a	459.3	298.4	3138.0	n/a	n/a	n/a	n/a
243.264	0.03	saccade	n/a	459.8	297.2	n/a	522.6	298.5	2.43	175.0
243.296	0.276	fixation	n/a	523.2	297.3	3134.0	n/a	n/a	n/a	n/a
243.574	0.026	saccade	n/a	524.5	296.8	n/a	569.2	294.7	1.71	129.0
243.602	0.236	fixation	n/a	566.6	293.3	3116.0	n/a	n/a	n/a	n/a
243.84	0.03	saccade	n/a	567.0	296.1	n/a	634.8	293.9	2.57	165.0
243.872	0.172	fixation	n/a	630.5	293.1	3139.0	n/a	n/a	n/a	n/a
244.046	0.016	saccade	n/a	631.3	293.3	n/a	650.9	297.6	0.75	58.0
244.064	0.85	fixation	n/a	647.3	301.3	3186.0	n/a	n/a	n/a	n/a
244.916	0.08	saccade	n/a	648.5	307.8	n/a	126.0	374.2	19.81	418.0
244.998	0.166	fixation	n/a	136.8	381.7	3390.0	n/a	n/a	n/a	n/a
245.166	0.016	saccade	n/a	134.8	382.5	n/a	116.2	378.1	0.72	56.0
245.184	0.436	fixation	n/a	124.3	374.5	3242.0	n/a	n/a	n/a	n/a
245.622	0.018	saccade	n/a	126.4	373.5	n/a	99.6	374.5	1.01	79.0
245.642	0.242	fixation	n/a	102.4	372.2	3158.0	n/a	n/a	n/a	n/a
245.886	0.028	saccade	n/a	101.7	369.7	n/a	165.7	363.3	2.44	160.0
245.916	0.136	fixation	n/a	166.2	363.4	3201.0	n/a	n/a	n/a	n/a
246.054	0.028	saccade	n/a	168.8	363.1	n/a	233.3	362.1	2.47	170.0
246.084	0.206	fixation	n/a	231.3	360.8	3202.0	n/a	n/a	n/a	n/a
246.292	0.034	saccade	n/a	233.5	359.2	n/a	350.9	356.1	4.53	263.0
246.328	0.242	fixation	n/a	356.3	355.4	3125.0	n/a	n/a	n/a	n/a
246.572	0.036	saccade	n/a	358.2	355.4	n/a	467.9	357.1	4.23	251.0
246.61	0.34	fixation	n/a	471.1	353.7	3044.0	n/a	n/a	n/a	n/a
246.952	0.03	saccade	n/a	474.3	352.0	n/a	557.3	344.0	3.19	207.0
246.984	0.486	fixation	n/a	561.9	341.4	2999.0	n/a	n/a	n/a	n/a
247.472	0.068	saccade	n/a	561.5	343.6	n/a	123.2	421.4	16.84	436.0
247.542	0.212	fixation	n/a	128.7	424.6	3057.0	n/a	n/a	n/a	n/a
247.756	0.036	saccade	n/a	130.4	425.0	n/a	264.8	423.4	5.1	294.0
247.794	0.41	fixation	n/a	271.8	423.4	2983.0	n/a	n/a	n/a	n/a
248.206	0.032	saccade	n/a	273.9	423.5	n/a	384.9	414.6	4.27	253.0
248.24	0.188	fixation	n/a	391.2	411.5	2911.0	n/a	n/a	n/a	n/a
248.43	0.018	saccade	n/a	390.3	412.3	n/a	360.9	414.7	1.13	85.0
248.45	0.52	fixation	n/a	363.5	415.2	2939.0	n/a	n/a	n/a	n/a
248.972	0.02	saccade	n/a	362.0	418.9	n/a	392.1	415.1	1.17	83.0
248.994	0.116	fixation	n/a	388.0	417.2	3102.0	n/a	n/a	n/a	n/a
249.112	0.032	saccade	n/a	387.9	417.4	n/a	464.6	417.0	2.94	212.0
249.146	0.23	fixation	n/a	463.8	414.5	3269.0	n/a	n/a	n/a	n/a
249.378	0.034	saccade	n/a	466.3	415.2	n/a	553.2	414.6	3.3	219.0
249.414	0.234	fixation	n/a	559.1	410.5	3162.0	n/a	n/a	n/a	n/a
249.65	0.032	saccade	n/a	563.3	409.0	n/a	637.1	404.4	2.77	190.0
249.684	0.19	fixation	n/a	635.5	405.0	3058.0	n/a	n/a	n/a	n/a
249.876	0.088	saccade	n/a	634.5	403.9	n/a	173.8	196.5	19.17	391.0
249.93	0.0	trigger_11	11	n/a	n/a	n/a	n/a	n/a	n/a	n/a
249.936	0.0	trigger_12	12	n/a	n/a	n/a	n/a	n/a	n/a	n/a
249.966	0.202	fixation	n/a	173.0	204.4	3088.0	n/a	n/a	n/a	n/a
250.17	0.028	saccade	n/a	170.6	206.4	n/a	115.4	174.5	2.46	160.0
250.2	0.162	fixation	n/a	118.5	181.7	3209.0	n/a	n/a	n/a	n/a
250.364	0.016	saccade	n/a	115.5	183.5	n/a	96.1	186.9	0.75	58.0
250.382	0.17	fixation	n/a	99.9	185.7	3264.0	n/a	n/a	n/a	n/a
250.554	0.032	saccade	n/a	100.5	181.9	n/a	178.3	179.7	2.98	213.0
250.588	0.266	fixation	n/a	184.5	174.4	3145.0	n/a	n/a	n/a	n/a
250.856	0.028	saccade	n/a	187.3	174.6	n/a	254.8	175.9	2.62	173.0
250.886	0.304	fixation	n/a	253.8	172.8	3149.0	n/a	n/a	n/a	n/a
251.192	0.026	saccade	n/a	257.7	172.0	n/a	314.4	174.8	2.21	154.0
251.22	0.24	fixation	n/a	312.8	173.5	3179.0	n/a	n/a	n/a	n/a
251.462	0.024	saccade	n/a	315.2	172.4	n/a	361.1	171.0	1.79	123.0
251.488	0.07	fixation	n/a	358.6	171.9	3235.0	n/a	n/a	n/a	n/a
251.56	0.032	saccade	n/a	360.4	172.6	n/a	433.2	174.6	2.85	221.0
251.594	0.302	fixation	n/a	435.1	170.2	3290.0	n/a	n/a	n/a	n/a
251.898	0.032	saccade	n/a	435.5	168.1	n/a	524.8	164.1	3.46	221.0
251.932	0.302	fixation	n/a	525.3	163.0	3248.0	n/a	n/a	n/a	n/a
252.236	0.02	saccade	n/a	528.8	161.4	n/a	563.5	158.3	1.34	101.0
252.258	0.14	fixation	n/a	559.5	160.8	3203.0	n/a	n/a	n/a	n/a
252.4	0.03	saccade	n/a	561.1	162.5	n/a	624.8	166.5	2.43	179.0
252.432	0.414	fixation	n/a	624.5	164.9	3235.0	n/a	n/a	n/a	n/a
252.848	0.026	saccade	n/a	624.4	163.7	n/a	571.7	167.3	2.0	141.0
252.876	0.194	fixation	n/a	576.3	167.7	3316.0	n/a	n/a	n/a	n/a
253.072	0.028	saccade	n/a	576.9	169.7	n/a	632.1	168.7	2.1	165.0
253.102	0.234	fixation	n/a	627.2	166.2	3372.0	n/a	n/a	n/a	n/a
253.338	0.076	saccade	n/a	627.0	167.2	n/a	119.4	245.9	19.47	456.0
253.416	0.136	fixation	n/a	123.7	249.5	3444.0	n/a	n/a	n/a	n/a
253.554	0.024	saccade	n/a	122.2	250.3	n/a	82.8	243.9	1.52	113.0
253.58	0.202	fixation	n/a	91.5	244.1	3351.0	n/a	n/a	n/a	n/a
253.784	0.028	saccade	n/a	97.4	244.3	n/a	168.2	237.2	2.72	157.0
253.814	0.1	fixation	n/a	170.8	237.5	3232.0	n/a	n/a	n/a	n/a
253.916	0.03	saccade	n/a	173.9	236.0	n/a	242.6	237.2	2.66	192.0
253.948	0.246	fixation	n/a	244.6	233.9	3185.0	n/a	n/a	n/a	n/a
254.196	0.112	saccade	n/a	250.9	240.8	n/a	284.9	230.0	1.39	747.0
254.238	0.016	blink	n/a	n/a	n/a	n/a	n/a	n/a	n/a	n/a
254.31	0.098	fixation	n/a	285.1	231.5	3213.0	n/a	n/a	n/a	n/a
254.41	0.022	saccade	n/a	288.2	232.0	n/a	328.9	234.4	1.59	113.0
254.434	0.22	fixation	n/a	327.3	234.8	3182.0	n/a	n/a	n/a	n/a
254.656	0.022	saccade	n/a	329.4	234.0	n/a	375.0	239.2	1.79	127.0
254.68	0.198	fixation	n/a	373.0	238.4	3072.0	n/a	n/a	n/a	n/a
254.88	0.058	saccade	n/a	374.0	239.5	n/a	150.2	177.5	9.01	348.0
254.94	0.424	fixation	n/a	152.9	176.9	3062.0	n/a	n/a	n/a	n/a
254.954	0.0	trigger_13	13	n/a	n/a	n/a	n/a	n/a	n/a	n/a
255.366	0.032	saccade	n/a	153.7	178.5	n/a	129.8	259.2	3.29	213.0
255.4	0.182	fixation	n/a	128.4	257.5	3112.0	n/a	n/a	n/a	n/a
255.584	0.026	saccade	n/a	127.5	261.4	n/a	141.4	301.5	1.65	127.0
255.612	0.242	fixation	n/a	138.5	300.5	3323.0	n/a	n/a	n/a	n/a
255.856	0.03	saccade	n/a	137.8	305.1	n/a	135.2	358.2	2.05	144.0
255.888	0.204	fixation	n/a	132.5	354.9	3451.0	n/a	n/a	n/a	n/a
256.094	0.024	saccade	n/a	127.7	355.9	n/a	91.0	365.8	1.43	108.0
256.12	0.24	fixation	n/a	94.3	366.4	3472.0	n/a	n/a	n/a	n/a
256.362	0.018	saccade	n/a	93.9	367.6	n/a	102.9	343.9	0.97	71.0
256.382	0.212	fixation	n/a	124.4	343.4	3461.0	n/a	n/a	n/a	n/a
256.596	0.02	saccade	n/a	127.0	347.3	n/a	153.8	365.3	1.23	88.0
256.618	0.508	fixation	n/a	145.1	366.2	3597.0	n/a	n/a	n/a	n/a
257.128	0.192	saccade	n/a	142.9	368.3	n/a	156.9	378.8	0.67	680.0
257.19	0.074	blink	n/a	n/a	n/a	n/a	n/a	n/a	n/a	n/a
257.322	0.296	fixation	n/a	153.7	382.7	3759.0	n/a	n/a	n/a	n/a
257.62	0.022	saccade	n/a	152.6	384.8	n/a	118.7	374.1	1.35	106.0
257.644	0.362	fixation	n/a	126.1	379.9	3673.0	n/a	n/a	n/a	n/a
257.754	0.0	trigger_15	15	n/a	n/a	n/a	n/a	n/a	n/a	n/a
257.758	0.0	trigger_10	10	n/a	n/a	n/a	n/a	n/a	n/a	n/a
258.008	0.042	saccade	n/a	127.6	382.5	n/a	125.9	223.5	6.16	274.0
258.052	0.116	fixation	n/a	127.7	227.4	3753.0	n/a	n/a	n/a	n/a
258.17	0.022	saccade	n/a	127.1	223.4	n/a	122.8	193.1	1.2	94.0
258.194	0.076	fixation	n/a	128.6	198.7	3688.0	n/a	n/a	n/a	n/a
258.272	0.126	saccade	n/a	135.8	200.0	n/a	144.7	193.9	0.42	949.0
258.306	0.04	blink	n/a	n/a	n/a	n/a	n/a	n/a	n/a	n/a
258.4	0.316	fixation	n/a	139.8	197.3	3581.0	n/a	n/a	n/a	n/a
258.718	0.132	saccade	n/a	139.5	200.8	n/a	144.6	200.0	0.2	795.0
258.76	0.036	blink	n/a	n/a	n/a	n/a	n/a	n/a	n/a	n/a
258.852	0.246	fixation	n/a	141.6	203.6	3718.0	n/a	n/a	n/a	n/a
259.1	0.138	saccade	n/a	143.3	201.5	n/a	139.8	204.7	0.18	902.0
259.142	0.044	blink	n/a	n/a	n/a	n/a	n/a	n/a	n/a	n/a
259.24	0.782	fixation	n/a	139.0	199.7	3779.0	n/a	n/a	n/a	n/a
260.024	0.136	saccade	n/a	146.4	203.3	n/a	147.6	206.7	0.14	954.0
260.062	0.046	blink	n/a	n/a	n/a	n/a	n/a	n/a	n/a	n/a
260.162	0.342	fixation	n/a	144.7	202.1	3994.0	n/a	n/a	n/a	n/a
260.506	0.018	saccade	n/a	140.4	200.2	n/a	114.7	186.4	1.12	85.0
260.526	0.286	fixation	n/a	120.7	187.1	3938.0	n/a	n/a	n/a	n/a
260.814	0.02	saccade	n/a	121.2	189.1	n/a	156.0	185.6	1.34	96.0
260.836	0.156	fixation	n/a	151.0	184.6	3989.0	n/a	n/a	n/a	n/a
260.994	0.026	saccade	n/a	153.8	185.1	n/a	205.0	184.7	1.98	135.0
261.022	0.228	fixation	n/a	208.9	185.4	3869.0	n/a	n/a	n/a	n/a
261.252	0.018	saccade	n/a	215.6	183.1	n/a	244.9	183.7	1.14	83.0
261.272	0.208	fixation	n/a	245.1	184.4	3649.0	n/a	n/a	n/a	n/a
261.482	0.026	saccade	n/a	247.9	183.8	n/a	311.6	184.4	2.48	151.0
261.51	0.354	fixation	n/a	309.8	185.1	3594.0	n/a	n/a	n/a	n/a
261.866	0.024	saccade	n/a	311.6	184.5	n/a	375.4	175.0	2.52	153.0
261.892	0.29	fixation	n/a	383.1	176.7	3477.0	n/a	n/a	n/a	n/a
262.184	0.022	saccade	n/a	388.7	176.9	n/a	435.5	173.1	1.83	122.0
262.208	0.07	fixation	n/a	433.6	174.7	3421.0	n/a	n/a	n/a	n/a
262.28	0.034	saccade	n/a	433.6	174.5	n/a	519.5	177.7	3.34	218.0
262.316	0.23	fixation	n/a	518.3	174.0	3403.0	n/a	n/a	n/a	n/a
262.548	0.132	saccade	n/a	518.8	180.8	n/a	518.3	169.8	0.43	876.0
262.586	0.052	blink	n/a	n/a	n/a	n/a	n/a	n/a	n/a	n/a
262.682	0.344	fixation	n/a	521.3	164.8	3346.0	n/a	n/a	n/a	n/a
263.028	0.024	saccade	n/a	522.4	164.0	n/a	565.7	166.3	1.67	124.0
263.054	0.16	fixation	n/a	560.4	163.3	3257.0	n/a	n/a	n/a	n/a
263.216	0.068	saccade	n/a	558.8	162.5	n/a	97.0	232.9	17.81	466.0
263.286	0.354	fixation	n/a	100.2	238.1	3320.0	n/a	n/a	n/a	n/a
263.642	0.032	saccade	n/a	104.4	239.9	n/a	197.5	238.2	3.57	238.0
263.676	0.282	fixation	n/a	198.2	237.8	3311.0	n/a	n/a	n/a	n/a
263.96	0.042	saccade	n/a	198.2	238.2	n/a	358.0	234.0	6.2	307.0
264.004	0.292	fixation	n/a	364.7	236.1	3310.0	n/a	n/a	n/a	n/a
264.298	0.026	saccade	n/a	367.1	239.4	n/a	310.5	247.9	2.23	152.0
264.326	0.224	fixation	n/a	314.3	250.4	3219.0	n/a	n/a	n/a	n/a
264.552	0.152	saccade	n/a	315.9	255.6	n/a	417.8	242.1	3.99	834.0
264.59	0.064	blink	n/a	n/a	n/a	n/a	n/a	n/a	n/a	n/a
264.706	0.244	fixation	n/a	420.5	240.2	3205.0	n/a	n/a	n/a	n/a
264.952	0.028	saccade	n/a	421.6	240.6	n/a	481.7	232.4	2.35	160.0
264.982	0.156	fixation	n/a	481.7	232.5	3138.0	n/a	n/a	n/a	n/a
265.14	0.03	saccade	n/a	484.3	232.2	n/a	550.0	233.1	2.53	175.0
265.172	0.202	fixation	n/a	549.4	229.0	3120.0	n/a	n/a	n/a	n/a
265.376	0.022	saccade	n/a	551.4	230.4	n/a	585.5	228.2	1.3	99.0
265.4	0.168	fixation	n/a	582.7	226.4	3161.0	n/a	n/a	n/a	n/a
265.57	0.03	saccade	n/a	584.0	225.9	n/a	662.8	221.6	2.98	191.0
265.602	0.168	fixation	n/a	659.9	222.7	3150.0	n/a	n/a	n/a	n/a
265.772	0.074	saccade	n/a	658.5	221.8	n/a	132.5	296.2	20.1	491.0
265.848	0.24	fixation	n/a	134.4	297.6	3246.0	n/a	n/a	n/a	n/a
266.09	0.142	saccade	n/a	139.2	302.4	n/a	181.3	293.9	1.64	838.0
266.128	0.038	blink	n/a	n/a	n/a	n/a	n/a	n/a	n/a	n/a
266.234	0.104	fixation	n/a	181.3	298.4	3226.0	n/a	n/a	n/a	n/a
266.34	0.034	saccade	n/a	182.9	300.3	n/a	283.3	299.9	3.87	260.0
266.376	0.396	fixation	n/a	289.2	297.9	3128.0	n/a	n/a	n/a	n/a
266.774	0.042	saccade	n/a	290.7	296.8	n/a	445.1	292.7	6.0	290.0
266.818	0.344	fixation	n/a	448.9	292.5	3022.0	n/a	n/a	n/a	n/a
267.164	0.024	saccade	n/a	448.9	288.8	n/a	495.0	286.1	1.78	119.0
267.19	0.222	fixation	n/a	492.1	287.4	3042.0	n/a	n/a	n/a	n/a
267.414	0.038	saccade	n/a	492.9	289.2	n/a	616.3	288.5	4.71	259.0
267.454	0.34	fixation	n/a	621.4	283.4	3044.0	n/a	n/a	n/a	n/a
267.796	0.07	saccade	n/a	621.8	286.5	n/a	129.6	364.3	18.85	467.0
267.868	0.342	fixation	n/a	127.2	366.5	3091.0	n/a	n/a	n/a	n/a
268.212	0.16	saccade	n/a	126.5	363.1	n/a	198.1	337.8	2.89	630.0
268.25	0.064	blink	n/a	n/a	n/a	n/a	n/a	n/a	n/a	n/a
268.374	0.166	fixation	n/a	196.8	344.5	3146.0	n/a	n/a	n/a	n/a
268.542	0.056	saccade	n/a	197.4	348.1	n/a	119.5	177.0	7.31	254.0
268.6	0.278	fixation	n/a	120.7	177.0	3169.0	n/a	n/a	n/a	n/a
268.652	0.0	trigger_11	11	n/a	n/a	n/a	n/a	n/a	n/a	n/a
268.654	0.0	trigger_10	10	n/a	n/a	n/a	n/a	n/a	n/a	n/a
268.88	0.014	saccade	n/a	119.8	178.1	n/a	101.1	178.3	0.71	58.0
268.896	0.22	fixation	n/a	101.7	178.1	3171.0	n/a	n/a	n/a	n/a
269.118	0.032	saccade	n/a	102.2	178.0	n/a	183.6	172.1	3.13	193.0
269.152	0.684	fixation	n/a	182.3	170.9	3205.0	n/a	n/a	n/a	n/a
269.838	0.03	saccade	n/a	178.5	179.2	n/a	112.5	187.6	2.55	166.0
269.87	0.298	fixation	n/a	114.9	187.7	3409.0	n/a	n/a	n/a	n/a
270.17	0.03	saccade	n/a	113.8	187.6	n/a	178.5	187.4	2.47	200.0
270.202	0.102	fixation	n/a	178.0	185.4	3410.0	n/a	n/a	n/a	n/a
270.306	0.088	saccade	n/a	184.8	190.7	n/a	219.3	180.6	1.39	520.0
270.396	0.082	fixation	n/a	218.1	183.1	3416.0	n/a	n/a	n/a	n/a
270.48	0.162	saccade	n/a	218.4	182.6	n/a	180.5	175.6	1.49	1040.0
270.518	0.07	blink	n/a	n/a	n/a	n/a	n/a	n/a	n/a	n/a
270.644	0.298	fixation	n/a	182.4	176.8	3270.0	n/a	n/a	n/a	n/a
270.944	0.03	saccade	n/a	181.9	174.7	n/a	246.2	181.6	2.5	176.0
270.976	0.302	fixation	n/a	244.1	175.0	3186.0	n/a	n/a	n/a	n/a
271.28	0.036	saccade	n/a	243.9	175.5	n/a	341.0	171.2	3.78	236.0
271.318	0.184	fixation	n/a	342.7	168.1	3193.0	n/a	n/a	n/a	n/a
271.504	0.022	saccade	n/a	347.5	168.5	n/a	385.1	166.1	1.47	111.0
271.528	0.244	fixation	n/a	382.5	166.1	3203.0	n/a	n/a	n/a	n/a
271.774	0.026	saccade	n/a	384.3	166.3	n/a	438.2	167.1	2.1	146.0
271.802	0.224	fixation	n/a	434.0	164.5	3225.0	n/a	n/a	n/a	n/a
272.028	0.034	saccade	n/a	433.3	165.6	n/a	540.1	163.7	4.13	238.0
272.064	0.29	fixation	n/a	540.8	165.4	3247.0	n/a	n/a	n/a	n/a
272.356	0.032	saccade	n/a	541.4	167.7	n/a	605.1	159.2	2.45	189.0
272.39	0.194	fixation	n/a	603.0	156.7	3350.0	n/a	n/a	n/a	n/a
272.586	0.072	saccade	n/a	602.1	157.2	n/a	104.1	246.2	19.18	471.0
272.66	0.276	fixation	n/a	107.9	250.4	3333.0	n/a	n/a	n/a	n/a
272.938	0.016	saccade	n/a	105.7	250.0	n/a	82.8	244.9	0.89	72.0
272.956	0.09	fixation	n/a	89.1	244.7	3207.0	n/a	n/a	n/a	n/a
273.048	0.036	saccade	n/a	90.8	244.1	n/a	215.5	240.9	4.77	294.0
273.086	0.232	fixation	n/a	224.0	238.8	3183.0	n/a	n/a	n/a	n/a
273.32	0.028	saccade	n/a	229.1	239.8	n/a	304.7	240.8	2.94	196.0
273.35	0.296	fixation	n/a	306.3	238.0	3217.0	n/a	n/a	n/a	n/a
273.648	0.03	saccade	n/a	304.5	237.2	n/a	376.9	236.8	2.82	183.0
273.68	0.284	fixation	n/a	374.4	237.4	3261.0	n/a	n/a	n/a	n/a
273.966	0.032	saccade	n/a	373.1	237.9	n/a	450.4	236.4	3.0	188.0
274.0	0.54	fixation	n/a	450.8	235.0	3324.0	n/a	n/a	n/a	n/a
274.542	0.032	saccade	n/a	452.1	235.4	n/a	535.1	230.8	3.21	188.0
274.576	0.224	fixation	n/a	532.3	229.6	3350.0	n/a	n/a	n/a	n/a
274.802	0.016	saccade	n/a	536.1	230.0	n/a	555.1	227.6	0.74	58.0
274.82	0.132	fixation	n/a	552.3	226.0	3375.0	n/a	n/a	n/a	n/a
274.954	0.026	saccade	n/a	554.8	224.4	n/a	602.6	221.1	1.83	143.0
274.982	0.126	fixation	n/a	601.3	221.2	3330.0	n/a	n/a	n/a	n/a
275.11	0.074	saccade	n/a	602.8	218.9	n/a	144.5	186.1	17.51	426.0
275.14	0.0	trigger_11	11	n/a	n/a	n/a	n/a	n/a	n/a	n/a
275.142	0.0	trigger_10	10	n/a	n/a	n/a	n/a	n/a	n/a	n/a
275.186	0.126	fixation	n/a	147.0	191.9	3312.0	n/a	n/a	n/a	n/a
275.314	0.022	saccade	n/a	145.4	192.1	n/a	114.4	175.8	1.35	106.0
275.338	0.664	fixation	n/a	118.6	179.4	3269.0	n/a	n/a	n/a	n/a
276.004	0.032	saccade	n/a	120.8	173.5	n/a	204.2	176.8	3.21	225.0
276.038	0.212	fixation	n/a	201.6	173.0	3342.0	n/a	n/a	n/a	n/a
276.252	0.016	saccade	n/a	197.7	173.5	n/a	176.1	180.3	0.87	68.0
276.27	0.144	fixation	n/a	177.2	178.0	3295.0	n/a	n/a	n/a	n/a
276.416	0.026	saccade	n/a	176.6	176.5	n/a	226.7	176.0	1.93	136.0
276.444	0.092	fixation	n/a	225.0	175.2	3271.0	n/a	n/a	n/a	n/a
276.538	0.124	saccade	n/a	224.9	183.3	n/a	201.8	190.1	0.93	764.0
276.58	0.026	blink	n/a	n/a	n/a	n/a	n/a	n/a	n/a	n/a
276.664	0.306	fixation	n/a	202.2	184.8	3262.0	n/a	n/a	n/a	n/a
276.972	0.028	saccade	n/a	204.7	181.3	n/a	259.2	183.2	2.12	154.0
277.002	0.194	fixation	n/a	259.8	178.5	3107.0	n/a	n/a	n/a	n/a
277.198	0.024	saccade	n/a	262.4	176.9	n/a	307.7	174.0	1.77	125.0
277.224	0.206	fixation	n/a	308.4	172.9	3057.0	n/a	n/a	n/a	n/a
277.432	0.02	saccade	n/a	310.9	172.9	n/a	346.1	171.3	1.38	99.0
277.454	0.236	fixation	n/a	343.9	168.6	3035.0	n/a	n/a	n/a	n/a
277.692	0.03	saccade	n/a	345.7	164.5	n/a	414.2	164.4	2.67	177.0
277.724	0.276	fixation	n/a	415.4	163.8	2985.0	n/a	n/a	n/a	n/a
278.002	0.028	saccade	n/a	416.1	164.5	n/a	483.9	164.8	2.63	162.0
278.032	0.452	fixation	n/a	483.2	169.0	3102.0	n/a	n/a	n/a	n/a
278.486	0.02	saccade	n/a	483.5	169.3	n/a	520.5	166.1	1.43	101.0
278.508	0.082	fixation	n/a	517.5	164.9	3116.0	n/a	n/a	n/a	n/a
278.592	0.028	saccade	n/a	516.1	163.6	n/a	457.3	171.2	2.29	156.0
278.622	0.296	fixation	n/a	461.9	169.5	3118.0	n/a	n/a	n/a	n/a
278.92	0.158	saccade	n/a	462.2	175.5	n/a	532.4	162.5	2.76	787.0
278.954	0.08	blink	n/a	n/a	n/a	n/a	n/a	n/a	n/a	n/a
279.08	0.068	fixation	n/a	532.1	162.3	3137.0	n/a	n/a	n/a	n/a
279.15	0.032	saccade	n/a	532.4	164.5	n/a	604.6	156.1	2.78	211.0
279.184	0.166	fixation	n/a	606.1	153.9	3148.0	n/a	n/a	n/a	n/a
279.352	0.016	saccade	n/a	610.7	154.0	n/a	633.4	150.8	0.87	69.0
279.37	0.142	fixation	n/a	630.9	150.8	3057.0	n/a	n/a	n/a	n/a
279.514	0.068	saccade	n/a	631.5	150.3	n/a	151.9	226.4	18.44	468.0
279.584	0.338	fixation	n/a	154.4	231.2	2971.0	n/a	n/a	n/a	n/a
279.924	0.026	saccade	n/a	155.4	229.9	n/a	203.5	227.8	1.85	130.0
279.952	0.184	fixation	n/a	204.6	229.4	2944.0	n/a	n/a	n/a	n/a
280.138	0.026	saccade	n/a	208.1	228.6	n/a	275.6	229.8	2.62	167.0
280.166	0.238	fixation	n/a	279.6	228.4	2891.0	n/a	n/a	n/a	n/a
280.406	0.02	saccade	n/a	282.1	229.3	n/a	317.9	225.2	1.4	100.0
280.428	0.142	fixation	n/a	316.6	226.4	2850.0	n/a	n/a	n/a	n/a
280.572	0.024	saccade	n/a	318.2	226.8	n/a	377.2	223.2	2.3	148.0
280.598	0.19	fixation	n/a	382.9	226.2	2857.0	n/a	n/a	n/a	n/a
280.79	0.02	saccade	n/a	383.2	225.8	n/a	415.4	230.1	1.26	95.0
280.812	0.238	fixation	n/a	409.2	232.8	2971.0	n/a	n/a	n/a	n/a
281.052	0.034	saccade	n/a	405.0	232.7	n/a	300.5	240.2	4.08	239.0
281.088	0.182	fixation	n/a	302.0	243.8	3156.0	n/a	n/a	n/a	n/a
281.272	0.036	saccade	n/a	303.1	248.0	n/a	166.9	183.6	5.85	301.0
281.308	0.0	trigger_11	11	n/a	n/a	n/a	n/a	n/a	n/a	n/a
281.31	0.302	fixation	n/a	153.2	180.1	3267.0	n/a	n/a	n/a	n/a
281.312	0.0	trigger_12	12	n/a	n/a	n/a	n/a	n/a	n/a	n/a
281.614	0.026	saccade	n/a	153.4	183.6	n/a	103.3	182.9	1.91	128.0
281.642	0.424	fixation	n/a	112.5	186.2	3350.0	n/a	n/a	n/a	n/a
282.068	0.088	saccade	n/a	113.9	192.3	n/a	206.8	176.0	3.63	525.0
282.158	0.288	fixation	n/a	204.4	178.6	3336.0	n/a	n/a	n/a	n/a
282.448	0.018	saccade	n/a	199.5	176.3	n/a	170.2	176.6	1.13	84.0
282.468	0.034	fixation	n/a	175.5	179.4	3274.0	n/a	n/a	n/a	n/a
282.504	0.222	saccade	n/a	179.4	183.4	n/a	160.5	178.6	0.75	699.0
282.648	0.022	blink	n/a	n/a	n/a	n/a	n/a	n/a	n/a	n/a
282.728	0.48	fixation	n/a	158.3	176.3	3217.0	n/a	n/a	n/a	n/a
283.21	0.03	saccade	n/a	159.7	170.3	n/a	104.0	175.5	2.14	169.0
283.242	0.25	fixation	n/a	117.7	177.2	3134.0	n/a	n/a	n/a	n/a
283.494	0.026	saccade	n/a	120.4	179.4	n/a	170.7	171.3	1.95	146.0
283.522	0.12	fixation	n/a	166.4	170.6	3197.0	n/a	n/a	n/a	n/a
283.644	0.024	saccade	n/a	169.4	174.2	n/a	218.7	164.3	1.94	132.0
283.67	0.066	fixation	n/a	217.6	169.4	3244.0	n/a	n/a	n/a	n/a
283.738	0.16	saccade	n/a	220.1	172.2	n/a	241.4	177.8	0.86	872.0
283.774	0.07	blink	n/a	n/a	n/a	n/a	n/a	n/a	n/a	n/a
283.9	0.304	fixation	n/a	237.2	177.5	3296.0	n/a	n/a	n/a	n/a
284.206	0.026	saccade	n/a	235.5	172.7	n/a	287.2	170.6	2.01	140.0
284.234	0.102	fixation	n/a	287.0	169.3	3160.0	n/a	n/a	n/a	n/a
284.338	0.03	saccade	n/a	288.4	169.4	n/a	356.0	173.5	2.64	212.0
284.37	0.222	fixation	n/a	357.7	170.4	3125.0	n/a	n/a	n/a	n/a
284.594	0.028	saccade	n/a	358.6	169.7	n/a	422.4	164.1	2.5	163.0
284.624	0.234	fixation	n/a	420.9	164.6	3174.0	n/a	n/a	n/a	n/a
284.86	0.016	saccade	n/a	424.1	163.5	n/a	444.0	163.5	0.77	60.0
284.878	0.03	fixation	n/a	442.0	164.2	3165.0	n/a	n/a	n/a	n/a
284.91	0.024	saccade	n/a	440.2	164.5	n/a	399.1	171.1	1.62	121.0
284.936	0.186	fixation	n/a	402.3	170.7	3197.0	n/a	n/a	n/a	n/a
285.124	0.042	saccade	n/a	402.9	173.2	n/a	533.1	167.7	5.05	239.0
285.168	0.328	fixation	n/a	532.9	165.3	3272.0	n/a	n/a	n/a	n/a
285.498	0.028	saccade	n/a	532.4	165.4	n/a	584.0	155.5	2.01	152.0
285.528	0.128	fixation	n/a	580.0	157.4	3332.0	n/a	n/a	n/a	n/a
285.658	0.07	saccade	n/a	580.0	160.6	n/a	88.1	246.6	18.97	509.0
285.73	0.37	fixation	n/a	95.4	253.5	3457.0	n/a	n/a	n/a	n/a
286.102	0.022	saccade	n/a	101.3	255.8	n/a	140.1	244.6	1.54	104.0
286.126	0.094	fixation	n/a	139.5	248.0	3356.0	n/a	n/a	n/a	n/a
286.222	0.03	saccade	n/a	140.6	248.9	n/a	202.7	246.3	2.39	184.0
286.254	0.514	fixation	n/a	199.5	244.0	3358.0	n/a	n/a	n/a	n/a
286.77	0.03	saccade	n/a	199.0	248.9	n/a	269.1	248.6	2.72	183.0
286.802	0.096	fixation	n/a	267.6	246.7	3401.0	n/a	n/a	n/a	n/a
286.9	0.132	saccade	n/a	273.8	250.8	n/a	275.5	241.0	0.39	983.0
286.936	0.04	blink	n/a	n/a	n/a	n/a	n/a	n/a	n/a	n/a
287.034	0.148	fixation	n/a	274.0	244.6	3338.0	n/a	n/a	n/a	n/a
287.184	0.026	saccade	n/a	273.7	240.1	n/a	319.8	240.9	1.79	132.0
287.212	0.152	fixation	n/a	317.9	241.3	3312.0	n/a	n/a	n/a	n/a
287.366	0.076	saccade	n/a	318.0	237.5	n/a	171.5	187.2	6.0	314.0
287.444	0.386	fixation	n/a	167.2	187.1	3190.0	n/a	n/a	n/a	n/a
287.492	0.0	trigger_13	13	n/a	n/a	n/a	n/a	n/a	n/a	n/a
287.832	0.032	saccade	n/a	164.2	190.6	n/a	116.0	250.5	2.98	193.0
287.866	0.204	fixation	n/a	116.9	247.5	3258.0	n/a	n/a	n/a	n/a
288.072	0.03	saccade	n/a	117.0	249.3	n/a	124.7	315.1	2.57	182.0
288.104	0.218	fixation	n/a	122.1	313.3	3418.0	n/a	n/a	n/a	n/a
288.324	0.02	saccade	n/a	118.3	315.6	n/a	92.6	304.5	1.06	81.0
288.346	0.296	fixation	n/a	96.7	304.8	3519.0	n/a	n/a	n/a	n/a
288.644	0.024	saccade	n/a	99.4	307.2	n/a	131.9	328.5	1.48	119.0
288.67	0.288	fixation	n/a	127.1	326.7	3565.0	n/a	n/a	n/a	n/a
288.774	0.0	trigger_15	15	n/a	n/a	n/a	n/a	n/a	n/a	n/a
288.774	0.0	trigger_10	10	n/a	n/a	n/a	n/a	n/a	n/a	n/a
288.96	0.142	saccade	n/a	130.7	334.0	n/a	142.2	244.1	3.52	783.0
288.998	0.05	blink	n/a	n/a	n/a	n/a	n/a	n/a	n/a	n/a
289.104	0.144	fixation	n/a	142.9	244.4	3779.0	n/a	n/a	n/a	n/a
289.25	0.03	saccade	n/a	142.9	241.1	n/a	120.5	186.5	2.3	173.0
289.282	0.396	fixation	n/a	119.1	192.3	3592.0	n/a	n/a	n/a	n/a
289.68	0.028	saccade	n/a	116.6	193.0	n/a	173.5	182.8	2.21	144.0
289.71	0.268	fixation	n/a	170.4	184.9	3685.0	n/a	n/a	n/a	n/a
289.98	0.022	saccade	n/a	173.8	186.0	n/a	220.1	182.1	1.79	118.0
290.004	0.204	fixation	n/a	221.2	182.4	3646.0	n/a	n/a	n/a	n/a
290.21	0.02	saccade	n/a	222.7	179.2	n/a	258.2	178.0	1.38	97.0
290.232	0.122	fixation	n/a	259.0	180.6	3563.0	n/a	n/a	n/a	n/a
290.356	0.028	saccade	n/a	261.0	180.2	n/a	319.9	181.7	2.3	154.0
290.386	0.184	fixation	n/a	316.5	178.5	3470.0	n/a	n/a	n/a	n/a
290.572	0.144	saccade	n/a	318.6	184.6	n/a	342.4	171.1	1.07	1020.0
290.606	0.058	blink	n/a	n/a	n/a	n/a	n/a	n/a	n/a	n/a
290.718	0.284	fixation	n/a	345.7	171.9	3430.0	n/a	n/a	n/a	n/a
291.004	0.026	saccade	n/a	346.3	169.7	n/a	286.4	175.2	2.35	120.0
291.032	0.404	fixation	n/a	284.7	178.2	3210.0	n/a	n/a	n/a	n/a
291.438	0.034	saccade	n/a	278.5	181.7	n/a	375.7	182.1	3.8	255.0
291.474	0.298	fixation	n/a	376.5	174.2	3147.0	n/a	n/a	n/a	n/a
291.774	0.026	saccade	n/a	378.8	168.9	n/a	438.0	170.9	2.3	142.0
291.802	0.33	fixation	n/a	438.8	167.3	3032.0	n/a	n/a	n/a	n/a
292.134	0.018	saccade	n/a	442.7	164.0	n/a	468.8	161.3	1.02	71.0
292.154	0.19	fixation	n/a	468.9	161.7	2951.0	n/a	n/a	n/a	n/a
292.346	0.026	saccade	n/a	471.5	164.2	n/a	523.2	162.7	2.0	139.0
292.374	0.082	fixation	n/a	521.3	164.1	2963.0	n/a	n/a	n/a	n/a
292.458	0.112	saccade	n/a	523.1	173.5	n/a	557.1	170.0	1.31	807.0
292.492	0.036	blink	n/a	n/a	n/a	n/a	n/a	n/a	n/a	n/a
292.572	0.242	fixation	n/a	554.4	167.3	3124.0	n/a	n/a	n/a	n/a
292.816	0.026	saccade	n/a	554.9	159.9	n/a	598.2	155.0	1.66	133.0
292.844	0.076	fixation	n/a	591.5	152.8	3135.0	n/a	n/a	n/a	n/a
292.922	0.072	saccade	n/a	593.2	151.9	n/a	98.6	237.4	19.06	469.0
292.996	0.404	fixation	n/a	108.0	242.5	3071.0	n/a	n/a	n/a	n/a
293.402	0.026	saccade	n/a	111.9	241.8	n/a	168.3	236.5	2.17	151.0
293.43	0.388	fixation	n/a	167.0	234.7	3045.0	n/a	n/a	n/a	n/a
293.82	0.032	saccade	n/a	167.4	235.0	n/a	254.5	235.6	3.37	226.0
293.854	0.062	fixation	n/a	253.9	235.4	3076.0	n/a	n/a	n/a	n/a
293.918	0.156	saccade	n/a	259.3	238.3	n/a	270.8	230.8	0.54	930.0
293.954	0.062	blink	n/a	n/a	n/a	n/a	n/a	n/a	n/a	n/a
294.076	0.248	fixation	n/a	268.2	233.6	3147.0	n/a	n/a	n/a	n/a
294.326	0.028	saccade	n/a	267.3	235.1	n/a	328.8	239.0	2.4	169.0
294.356	0.224	fixation	n/a	332.5	235.2	3110.0	n/a	n/a	n/a	n/a
294.582	0.056	saccade	n/a	336.7	236.5	n/a	133.5	173.5	8.24	223.0
294.64	0.63	fixation	n/a	136.2	176.9	3110.0	n/a	n/a	n/a	n/a
294.814	0.0	trigger_10	10	n/a	n/a	n/a	n/a	n/a	n/a	n/a
294.814	0.0	trigger_11	11	n/a	n/a	n/a	n/a	n/a	n/a	n/a
295.272	0.03	saccade	n/a	138.5	178.7	n/a	212.1	167.4	2.87	173.0
295.304	0.114	fixation	n/a	211.2	167.3	3174.0	n/a	n/a	n/a	n/a
295.42	0.124	saccade	n/a	213.1	172.9	n/a	261.3	178.5	1.88	791.0
295.46	0.03	blink	n/a	n/a	n/a	n/a	n/a	n/a	n/a	n/a
295.546	0.2	fixation	n/a	294.8	179.5	3297.0	n/a	n/a	n/a	n/a
295.748	0.022	saccade	n/a	296.9	175.5	n/a	334.7	173.2	1.48	108.0
295.772	0.09	fixation	n/a	331.2	172.6	3286.0	n/a	n/a	n/a	n/a
295.864	0.032	saccade	n/a	331.3	171.1	n/a	411.8	175.1	3.14	216.0
295.898	0.208	fixation	n/a	411.6	173.3	3223.0	n/a	n/a	n/a	n/a
296.108	0.028	saccade	n/a	413.6	174.2	n/a	470.1	172.0	2.2	160.0
296.138	0.202	fixation	n/a	471.7	170.1	3229.0	n/a	n/a	n/a	n/a
296.342	0.026	saccade	n/a	477.1	168.8	n/a	532.2	159.4	2.16	150.0
296.37	0.346	fixation	n/a	531.0	159.7	3221.0	n/a	n/a	n/a	n/a
296.718	0.03	saccade	n/a	532.4	161.1	n/a	588.5	162.3	2.15	168.0
296.75	0.228	fixation	n/a	586.7	159.4	3303.0	n/a	n/a	n/a	n/a
296.98	0.068	saccade	n/a	585.6	159.4	n/a	123.1	228.3	17.79	464.0
297.05	0.304	fixation	n/a	128.3	237.7	3316.0	n/a	n/a	n/a	n/a
297.356	0.024	saccade	n/a	127.8	238.1	n/a	143.4	197.2	1.71	102.0
297.382	0.268	fixation	n/a	142.8	194.0	3262.0	n/a	n/a	n/a	n/a
297.454	0.0	trigger_11	11	n/a	n/a	n/a	n/a	n/a	n/a	n/a
297.456	0.0	trigger_10	10	n/a	n/a	n/a	n/a	n/a	n/a	n/a
297.652	0.018	saccade	n/a	141.3	193.8	n/a	115.0	184.1	1.08	77.0
297.672	0.106	fixation	n/a	117.1	188.3	3248.0	n/a	n/a	n/a	n/a
297.78	0.118	saccade	n/a	119.6	190.9	n/a	108.8	184.9	0.47	909.0
297.816	0.024	blink	n/a	n/a	n/a	n/a	n/a	n/a	n/a	n/a
297.9	0.312	fixation	n/a	95.9	182.3	3221.0	n/a	n/a	n/a	n/a
298.214	0.022	saccade	n/a	93.6	177.9	n/a	141.4	174.9	1.82	123.0
298.238	0.238	fixation	n/a	143.5	175.5	3119.0	n/a	n/a	n/a	n/a
298.478	0.02	saccade	n/a	145.2	173.8	n/a	182.2	171.5	1.43	99.0
298.5	0.244	fixation	n/a	183.7	170.8	3119.0	n/a	n/a	n/a	n/a
298.746	0.018	saccade	n/a	187.1	168.8	n/a	208.4	165.1	0.84	60.0
298.766	0.206	fixation	n/a	209.0	166.3	3120.0	n/a	n/a	n/a	n/a
298.974	0.024	saccade	n/a	211.4	167.6	n/a	267.2	165.7	2.17	138.0
299.0	0.21	fixation	n/a	266.6	168.6	3178.0	n/a	n/a	n/a	n/a
299.212	0.026	saccade	n/a	267.1	166.8	n/a	312.2	172.5	1.77	132.0
299.24	0.192	fixation	n/a	310.6	173.0	3244.0	n/a	n/a	n/a	n/a
299.434	0.028	saccade	n/a	311.8	174.3	n/a	377.7	172.9	2.57	168.0
299.464	0.596	fixation	n/a	377.2	170.0	3249.0	n/a	n/a	n/a	n/a
300.062	0.018	saccade	n/a	379.9	169.6	n/a	408.1	168.1	1.1	80.0
300.082	0.436	fixation	n/a	405.3	169.7	3257.0	n/a	n/a	n/a	n/a
300.52	0.022	saccade	n/a	408.9	170.7	n/a	447.0	169.0	1.49	98.0
300.544	0.34	fixation	n/a	453.7	173.2	3353.0	n/a	n/a	n/a	n/a
300.886	0.136	saccade	n/a	462.2	178.8	n/a	451.9	177.3	0.41	1033.0
300.924	0.052	blink	n/a	n/a	n/a	n/a	n/a	n/a	n/a	n/a
301.024	0.178	fixation	n/a	455.0	180.3	3372.0	n/a	n/a	n/a	n/a
301.204	0.03	saccade	n/a	455.0	180.5	n/a	394.4	181.6	2.35	177.0
301.236	0.186	fixation	n/a	397.7	181.2	3306.0	n/a	n/a	n/a	n/a
301.424	0.018	saccade	n/a	400.9	179.1	n/a	424.6	173.6	0.95	71.0
301.444	0.158	fixation	n/a	423.0	176.1	3213.0	n/a	n/a	n/a	n/a
301.604	0.026	saccade	n/a	423.0	175.4	n/a	467.9	172.5	1.75	128.0
301.632	0.17	fixation	n/a	465.1	170.0	3254.0	n/a	n/a	n/a	n/a
301.804	0.032	saccade	n/a	467.0	167.9	n/a	529.8	175.1	2.44	199.0
301.838	0.276	fixation	n/a	531.2	171.3	3288.0	n/a	n/a	n/a	n/a
302.116	0.02	saccade	n/a	532.9	166.4	n/a	559.2	159.8	1.04	77.0
302.138	0.144	fixation	n/a	557.3	158.8	3203.0	n/a	n/a	n/a	n/a
302.284	0.028	saccade	n/a	560.1	157.2	n/a	601.6	152.4	1.59	144.0
302.314	0.106	fixation	n/a	599.7	150.7	3126.0	n/a	n/a	n/a	n/a
302.422	0.07	saccade	n/a	598.9	151.8	n/a	116.8	234.5	18.61	476.0
302.494	0.128	fixation	n/a	120.1	239.9	3168.0	n/a	n/a	n/a	n/a
302.624	0.022	saccade	n/a	117.1	241.0	n/a	80.8	243.2	1.38	104.0
302.648	0.084	fixation	n/a	85.7	245.4	3153.0	n/a	n/a	n/a	n/a
302.734	0.134	saccade	n/a	90.4	248.1	n/a	103.9	242.6	0.55	728.0
302.772	0.032	blink	n/a	n/a	n/a	n/a	n/a	n/a	n/a	n/a
302.87	0.06	fixation	n/a	104.0	246.9	3132.0	n/a	n/a	n/a	n/a
302.932	0.028	saccade	n/a	105.1	246.7	n/a	162.0	241.9	2.18	152.0
302.962	0.512	fixation	n/a	166.1	238.7	3096.0	n/a	n/a	n/a	n/a
303.476	0.204	saccade	n/a	169.9	241.2	n/a	241.8	235.7	2.78	633.0
303.52	0.106	blink	n/a	n/a	n/a	n/a	n/a	n/a	n/a	n/a
303.682	0.54	fixation	n/a	241.4	239.6	3173.0	n/a	n/a	n/a	n/a
304.224	0.034	saccade	n/a	245.4	236.8	n/a	343.9	242.6	3.83	240.0
304.26	0.388	fixation	n/a	343.8	238.1	3158.0	n/a	n/a	n/a	n/a
304.65	0.03	saccade	n/a	343.9	236.6	n/a	411.4	232.5	2.63	174.0
304.682	0.256	fixation	n/a	408.0	234.2	3238.0	n/a	n/a	n/a	n/a
304.94	0.03	saccade	n/a	409.2	236.8	n/a	474.6	238.3	2.54	184.0
304.972	0.118	fixation	n/a	471.8	236.0	3311.0	n/a	n/a	n/a	n/a
305.092	0.066	saccade	n/a	472.2	234.8	n/a	116.9	181.9	13.77	427.0
305.126	0.0	trigger_11	11	n/a	n/a	n/a	n/a	n/a	n/a	n/a
305.132	0.0	trigger_10	10	n/a	n/a	n/a	n/a	n/a	n/a	n/a
305.16	0.18	fixation	n/a	122.5	187.3	3306.0	n/a	n/a	n/a	n/a
305.342	0.014	saccade	n/a	119.6	186.5	n/a	103.0	182.5	0.65	52.0
305.358	0.324	fixation	n/a	104.7	184.3	3293.0	n/a	n/a	n/a	n/a
305.684	0.028	saccade	n/a	107.8	185.4	n/a	173.5	178.6	2.53	150.0
305.714	0.268	fixation	n/a	173.6	178.8	3170.0	n/a	n/a	n/a	n/a
305.984	0.03	saccade	n/a	175.9	175.8	n/a	239.1	177.0	2.45	184.0
306.016	0.22	fixation	n/a	239.0	173.0	3139.0	n/a	n/a	n/a	n/a
306.238	0.026	saccade	n/a	239.6	170.7	n/a	298.9	170.4	2.3	152.0
306.266	0.216	fixation	n/a	298.8	171.7	3127.0	n/a	n/a	n/a	n/a
306.484	0.014	saccade	n/a	302.1	170.2	n/a	317.9	169.9	0.62	51.0
306.5	0.208	fixation	n/a	316.3	170.9	3080.0	n/a	n/a	n/a	n/a
306.71	0.03	saccade	n/a	317.6	173.8	n/a	402.8	171.8	3.33	214.0
306.742	0.208	fixation	n/a	401.6	172.0	3061.0	n/a	n/a	n/a	n/a
306.952	0.032	saccade	n/a	401.5	172.9	n/a	484.1	169.9	3.22	209.0
306.986	0.2	fixation	n/a	479.9	167.1	3197.0	n/a	n/a	n/a	n/a
307.188	0.028	saccade	n/a	479.4	169.0	n/a	538.2	168.4	2.27	169.0
307.218	0.228	fixation	n/a	535.8	165.5	3307.0	n/a	n/a	n/a	n/a
307.448	0.064	saccade	n/a	537.2	166.0	n/a	117.7	237.7	16.29	486.0
307.514	0.422	fixation	n/a	122.4	243.8	3324.0	n/a	n/a	n/a	n/a
307.938	0.03	saccade	n/a	126.6	247.0	n/a	195.4	244.0	2.64	182.0
307.97	0.176	fixation	n/a	196.6	242.6	3294.0	n/a	n/a	n/a	n/a
308.148	0.03	saccade	n/a	200.7	243.3	n/a	271.6	246.2	2.75	197.0
308.18	0.268	fixation	n/a	272.1	244.4	3316.0	n/a	n/a	n/a	n/a
308.45	0.016	saccade	n/a	277.3	244.3	n/a	297.8	242.6	0.8	64.0
308.468	0.196	fixation	n/a	295.3	242.6	3287.0	n/a	n/a	n/a	n/a
308.666	0.026	saccade	n/a	294.7	242.0	n/a	240.9	237.4	2.1	136.0
308.694	0.09	fixation	n/a	245.4	237.4	3265.0	n/a	n/a	n/a	n/a
308.786	0.034	saccade	n/a	244.7	236.4	n/a	129.0	175.1	5.06	261.0
308.822	0.404	fixation	n/a	143.0	179.5	3260.0	n/a	n/a	n/a	n/a
308.894	0.0	trigger_11	11	n/a	n/a	n/a	n/a	n/a	n/a	n/a
308.896	0.0	trigger_10	10	n/a	n/a	n/a	n/a	n/a	n/a	n/a
309.228	0.126	saccade	n/a	150.0	184.5	n/a	187.7	173.0	1.52	835.0
309.264	0.036	blink	n/a	n/a	n/a	n/a	n/a	n/a	n/a	n/a
309.356	0.234	fixation	n/a	182.9	177.1	3238.0	n/a	n/a	n/a	n/a
309.592	0.028	saccade	n/a	184.1	176.7	n/a	244.5	178.3	2.34	158.0
309.622	0.31	fixation	n/a	243.1	175.8	3123.0	n/a	n/a	n/a	n/a
309.934	0.03	saccade	n/a	245.3	175.9	n/a	314.3	173.3	2.69	192.0
309.966	0.078	fixation	n/a	312.6	170.9	3111.0	n/a	n/a	n/a	n/a
310.046	0.134	saccade	n/a	317.4	176.7	n/a	338.2	168.0	0.88	924.0
310.082	0.046	blink	n/a	n/a	n/a	n/a	n/a	n/a	n/a	n/a
310.182	0.332	fixation	n/a	340.1	169.3	3076.0	n/a	n/a	n/a	n/a
310.516	0.022	saccade	n/a	338.8	168.6	n/a	302.5	167.6	1.42	108.0
310.54	0.27	fixation	n/a	308.8	167.1	2904.0	n/a	n/a	n/a	n/a
310.812	0.034	saccade	n/a	309.3	166.4	n/a	392.6	170.7	3.26	247.0
310.848	0.232	fixation	n/a	395.5	166.9	2919.0	n/a	n/a	n/a	n/a
311.082	0.022	saccade	n/a	397.9	167.0	n/a	430.7	160.7	1.3	99.0
311.106	0.058	fixation	n/a	427.7	162.6	2961.0	n/a	n/a	n/a	n/a
311.166	0.03	saccade	n/a	429.8	163.1	n/a	494.0	161.5	2.49	184.0
311.198	0.432	fixation	n/a	483.6	162.2	3025.0	n/a	n/a	n/a	n/a
311.632	0.03	saccade	n/a	474.2	165.0	n/a	543.8	163.6	2.68	170.0
311.664	0.252	fixation	n/a	541.4	164.1	3097.0	n/a	n/a	n/a	n/a
311.918	0.028	saccade	n/a	543.5	163.5	n/a	592.0	154.4	1.89	154.0
311.948	0.066	fixation	n/a	590.2	153.1	3116.0	n/a	n/a	n/a	n/a
312.016	0.068	saccade	n/a	591.6	152.8	n/a	126.9	236.4	18.0	487.0
312.086	0.134	fixation	n/a	136.1	243.0	3227.0	n/a	n/a	n/a	n/a
312.222	0.022	saccade	n/a	135.2	245.2	n/a	99.1	247.2	1.37	102.0
312.246	0.242	fixation	n/a	103.5	246.3	3276.0	n/a	n/a	n/a	n/a
312.49	0.032	saccade	n/a	103.7	247.8	n/a	193.1	242.1	3.43	225.0
312.524	0.19	fixation	n/a	194.4	240.6	3210.0	n/a	n/a	n/a	n/a
312.716	0.034	saccade	n/a	197.0	239.5	n/a	296.8	240.6	3.87	239.0
312.752	0.18	fixation	n/a	302.8	240.1	3146.0	n/a	n/a	n/a	n/a
312.934	0.022	saccade	n/a	307.3	242.7	n/a	341.3	242.5	1.33	98.0
312.958	0.202	fixation	n/a	338.7	238.3	3072.0	n/a	n/a	n/a	n/a
313.162	0.036	saccade	n/a	339.0	235.7	n/a	457.2	231.5	4.59	253.0
313.2	0.168	fixation	n/a	460.2	231.0	3022.0	n/a	n/a	n/a	n/a
313.37	0.018	saccade	n/a	464.2	231.2	n/a	490.2	230.0	1.01	80.0
313.39	0.224	fixation	n/a	486.2	232.0	2986.0	n/a	n/a	n/a	n/a
313.616	0.028	saccade	n/a	486.5	232.4	n/a	407.4	233.0	3.07	187.0
313.646	0.148	fixation	n/a	405.3	235.1	3036.0	n/a	n/a	n/a	n/a
313.796	0.044	saccade	n/a	403.3	236.7	n/a	198.5	196.4	8.1	318.0
313.842	0.25	fixation	n/a	168.2	176.7	3079.0	n/a	n/a	n/a	n/a
313.878	0.0	trigger_11	11	n/a	n/a	n/a	n/a	n/a	n/a	n/a
313.884	0.0	trigger_10	10	n/a	n/a	n/a	n/a	n/a	n/a	n/a
314.094	0.026	saccade	n/a	164.3	174.5	n/a	110.8	177.5	2.05	134.0
314.122	0.264	fixation	n/a	114.5	178.9	3148.0	n/a	n/a	n/a	n/a
314.388	0.026	saccade	n/a	113.6	180.3	n/a	190.1	178.2	2.93	165.0
314.416	0.354	fixation	n/a	195.9	176.9	3156.0	n/a	n/a	n/a	n/a
314.772	0.032	saccade	n/a	196.7	175.3	n/a	275.0	175.6	3.03	208.0
314.806	0.084	fixation	n/a	274.6	174.1	3115.0	n/a	n/a	n/a	n/a
314.892	0.148	saccade	n/a	278.7	179.2	n/a	250.3	173.0	1.13	812.0
314.926	0.06	blink	n/a	n/a	n/a	n/a	n/a	n/a	n/a	n/a
315.042	0.056	fixation	n/a	250.6	174.2	3133.0	n/a	n/a	n/a	n/a
315.1	0.03	saccade	n/a	251.1	173.8	n/a	320.1	170.7	2.68	200.0
315.132	0.232	fixation	n/a	321.6	170.9	3173.0	n/a	n/a	n/a	n/a
315.366	0.028	saccade	n/a	325.3	171.6	n/a	388.0	172.5	2.45	173.0
315.396	0.208	fixation	n/a	389.0	169.7	3075.0	n/a	n/a	n/a	n/a
315.606	0.022	saccade	n/a	393.7	169.9	n/a	436.4	166.3	1.67	109.0
315.63	0.226	fixation	n/a	436.0	167.4	3070.0	n/a	n/a	n/a	n/a
315.858	0.028	saccade	n/a	438.2	165.7	n/a	494.3	160.5	2.19	151.0
315.888	0.27	fixation	n/a	493.8	160.9	3077.0	n/a	n/a	n/a	n/a
316.16	0.022	saccade	n/a	496.0	161.8	n/a	536.8	159.1	1.58	104.0
316.184	0.196	fixation	n/a	533.2	160.7	3150.0	n/a	n/a	n/a	n/a
316.382	0.018	saccade	n/a	533.4	162.3	n/a	561.8	158.7	1.1	80.0
316.402	0.178	fixation	n/a	558.7	158.8	3224.0	n/a	n/a	n/a	n/a
316.582	0.028	saccade	n/a	558.6	159.3	n/a	607.4	162.5	1.86	148.0
316.612	0.286	fixation	n/a	602.4	164.1	3268.0	n/a	n/a	n/a	n/a
316.9	0.068	saccade	n/a	602.3	165.4	n/a	126.2	243.5	18.39	485.0
316.97	0.33	fixation	n/a	125.9	246.4	3307.0	n/a	n/a	n/a	n/a
317.302	0.026	saccade	n/a	122.8	244.1	n/a	101.4	199.4	1.92	136.0
317.33	0.106	fixation	n/a	109.7	200.1	3158.0	n/a	n/a	n/a	n/a
317.416	0.0	trigger_10	10	n/a	n/a	n/a	n/a	n/a	n/a	n/a
317.416	0.0	trigger_11	11	n/a	n/a	n/a	n/a	n/a	n/a	n/a
317.438	0.02	saccade	n/a	109.6	196.0	n/a	116.6	168.1	1.12	87.0
317.46	0.526	fixation	n/a	120.4	175.2	3159.0	n/a	n/a	n/a	n/a
317.988	0.022	saccade	n/a	124.5	180.1	n/a	165.4	182.4	1.57	101.0
318.012	0.17	fixation	n/a	168.0	182.2	3170.0	n/a	n/a	n/a	n/a
318.184	0.02	saccade	n/a	171.1	181.6	n/a	201.2	182.0	1.16	80.0
318.206	0.21	fixation	n/a	200.2	182.9	3153.0	n/a	n/a	n/a	n/a
318.418	0.018	saccade	n/a	204.8	182.7	n/a	230.7	180.3	1.01	77.0
318.438	0.358	fixation	n/a	228.2	178.5	3131.0	n/a	n/a	n/a	n/a
318.798	0.014	saccade	n/a	232.4	175.4	n/a	248.5	174.9	0.62	53.0
318.814	0.354	fixation	n/a	245.4	177.8	3218.0	n/a	n/a	n/a	n/a
319.17	0.114	saccade	n/a	245.3	181.9	n/a	284.6	185.4	1.53	601.0
319.22	0.01	blink	n/a	n/a	n/a	n/a	n/a	n/a	n/a	n/a
319.286	0.13	fixation	n/a	284.8	184.1	3437.0	n/a	n/a	n/a	n/a
319.418	0.174	saccade	n/a	287.0	188.4	n/a	287.2	183.1	0.21	913.0
319.458	0.08	blink	n/a	n/a	n/a	n/a	n/a	n/a	n/a	n/a
319.594	0.134	fixation	n/a	290.0	185.2	3307.0	n/a	n/a	n/a	n/a
319.73	0.028	saccade	n/a	292.8	185.4	n/a	354.0	185.3	2.38	179.0
319.76	0.436	fixation	n/a	355.9	184.2	3153.0	n/a	n/a	n/a	n/a
320.198	0.016	saccade	n/a	358.9	180.9	n/a	338.5	181.3	0.8	65.0
320.216	0.396	fixation	n/a	342.6	180.6	3118.0	n/a	n/a	n/a	n/a
320.614	0.03	saccade	n/a	342.6	181.5	n/a	423.4	174.3	3.16	190.0
320.646	0.282	fixation	n/a	419.9	177.4	3312.0	n/a	n/a	n/a	n/a
320.93	0.03	saccade	n/a	420.1	179.3	n/a	505.3	174.0	3.31	203.0
320.962	0.2	fixation	n/a	502.2	176.5	3361.0	n/a	n/a	n/a	n/a
321.164	0.018	saccade	n/a	504.7	176.6	n/a	536.5	177.0	1.22	92.0
321.184	0.288	fixation	n/a	532.7	175.2	3291.0	n/a	n/a	n/a	n/a
321.474	0.09	saccade	n/a	534.2	173.3	n/a	165.0	181.1	14.2	340.0
321.566	0.278	fixation	n/a	160.6	183.2	3319.0	n/a	n/a	n/a	n/a
321.624	0.0	trigger_11	11	n/a	n/a	n/a	n/a	n/a	n/a	n/a
321.626	0.0	trigger_10	10	n/a	n/a	n/a	n/a	n/a	n/a	n/a
321.846	0.02	saccade	n/a	156.0	182.9	n/a	127.2	179.9	1.11	85.0
321.868	0.128	fixation	n/a	133.3	181.5	3336.0	n/a	n/a	n/a	n/a
321.998	0.146	saccade	n/a	135.5	185.3	n/a	143.5	173.5	0.55	902.0
322.034	0.05	blink	n/a	n/a	n/a	n/a	n/a	n/a	n/a	n/a
322.146	0.208	fixation	n/a	141.1	176.9	3288.0	n/a	n/a	n/a	n/a
322.356	0.03	saccade	n/a	141.9	175.5	n/a	218.8	180.4	2.97	204.0
322.388	0.178	fixation	n/a	221.7	179.2	3173.0	n/a	n/a	n/a	n/a
322.568	0.028	saccade	n/a	224.1	178.8	n/a	287.7	173.0	2.49	170.0
322.598	0.324	fixation	n/a	286.2	173.9	3142.0	n/a	n/a	n/a	n/a
322.924	0.028	saccade	n/a	287.3	174.6	n/a	361.6	169.7	2.9	162.0
322.954	0.364	fixation	n/a	362.5	169.6	3161.0	n/a	n/a	n/a	n/a
323.32	0.026	saccade	n/a	364.8	169.1	n/a	432.1	166.1	2.62	157.0
323.348	0.194	fixation	n/a	435.1	168.4	3190.0	n/a	n/a	n/a	n/a
323.544	0.02	saccade	n/a	439.7	167.7	n/a	470.8	166.0	1.21	96.0
323.566	0.276	fixation	n/a	468.3	169.8	3281.0	n/a	n/a	n/a	n/a
323.844	0.022	saccade	n/a	471.9	169.4	n/a	512.2	166.2	1.56	103.0
323.868	0.042	fixation	n/a	509.3	168.1	3319.0	n/a	n/a	n/a	n/a
323.912	0.032	saccade	n/a	509.9	167.8	n/a	579.1	169.4	2.66	204.0
323.946	0.256	fixation	n/a	581.9	166.8	3349.0	n/a	n/a	n/a	n/a
324.204	0.07	saccade	n/a	581.9	168.9	n/a	109.8	247.8	18.25	482.0
324.276	0.298	fixation	n/a	113.2	250.8	3302.0	n/a	n/a	n/a	n/a
324.576	0.024	saccade	n/a	116.0	249.8	n/a	160.4	240.3	1.73	124.0
324.602	0.226	fixation	n/a	161.0	242.1	3175.0	n/a	n/a	n/a	n/a
324.83	0.03	saccade	n/a	164.0	240.0	n/a	234.3	243.4	2.71	184.0
324.862	0.306	fixation	n/a	234.6	243.8	3181.0	n/a	n/a	n/a	n/a
325.17	0.04	saccade	n/a	230.6	242.3	n/a	143.4	181.0	4.13	130.0
325.212	0.588	fixation	n/a	142.2	176.4	3164.0	n/a	n/a	n/a	n/a
325.296	0.0	trigger_11	11	n/a	n/a	n/a	n/a	n/a	n/a	n/a
325.298	0.0	trigger_20	20	n/a	n/a	n/a	n/a	n/a	n/a	n/a
