onset	duration	trial_type	value	gaze_x	gaze_y	pupil_size	sacc_endx	sacc_endy	sacc_amplitude	sacc_peakvel
0.046	0.0	trigger_91	91	n/a	n/a	n/a	n/a	n/a	n/a	n/a
0.213	0.066	saccade	n/a	295.6	344.0	n/a	268.7	183.7	6.25	110.0
0.281	0.662	fixation	n/a	265.5	181.6	3197.0	n/a	n/a	n/a	n/a
0.945	0.036	saccade	n/a	262.7	188.6	n/a	390.5	161.6	5.0	248.0
0.983	0.162	fixation	n/a	397.1	167.8	3470.0	n/a	n/a	n/a	n/a
1.147	0.048	saccade	n/a	398.8	177.7	n/a	368.8	339.8	6.35	213.0
1.197	0.35	fixation	n/a	369.7	335.3	3457.0	n/a	n/a	n/a	n/a
1.549	0.056	saccade	n/a	373.2	331.5	n/a	268.9	108.4	9.47	285.0
1.607	0.386	fixation	n/a	270.5	105.9	3174.0	n/a	n/a	n/a	n/a
1.995	0.042	saccade	n/a	269.5	105.5	n/a	172.5	32.7	4.63	185.0
2.039	0.202	fixation	n/a	173.2	38.8	3217.0	n/a	n/a	n/a	n/a
2.056	0.0	trigger_10	10	n/a	n/a	n/a	n/a	n/a	n/a	n/a
2.243	0.036	saccade	n/a	175.3	44.7	n/a	129.1	163.0	4.87	254.0
2.281	0.22	fixation	n/a	131.8	166.2	3186.0	n/a	n/a	n/a	n/a
2.503	0.028	saccade	n/a	135.5	180.2	n/a	122.9	168.6	0.65	91.0
2.533	0.214	fixation	n/a	126.8	166.1	3209.0	n/a	n/a	n/a	n/a
2.749	0.022	saccade	n/a	129.3	163.1	n/a	169.2	154.7	1.54	104.0
2.773	0.06	fixation	n/a	168.7	156.6	3201.0	n/a	n/a	n/a	n/a
2.835	0.124	saccade	n/a	171.0	159.8	n/a	199.3	155.9	1.08	816.0
2.867	0.042	blink	n/a	n/a	n/a	n/a	n/a	n/a	n/a	n/a
2.961	0.114	fixation	n/a	197.9	157.9	3308.0	n/a	n/a	n/a	n/a
3.077	0.02	saccade	n/a	199.0	156.9	n/a	228.5	153.4	1.13	78.0
3.099	0.198	fixation	n/a	226.3	153.5	3430.0	n/a	n/a	n/a	n/a
3.299	0.03	saccade	n/a	225.8	152.9	n/a	298.6	149.6	2.78	172.0
3.331	0.322	fixation	n/a	301.8	152.8	3348.0	n/a	n/a	n/a	n/a
3.655	0.026	saccade	n/a	303.0	157.8	n/a	362.9	150.0	2.32	137.0
3.683	0.186	fixation	n/a	361.4	150.7	3428.0	n/a	n/a	n/a	n/a
3.871	0.016	saccade	n/a	362.9	150.1	n/a	383.4	150.5	0.78	61.0
3.889	0.298	fixation	n/a	383.2	153.1	3435.0	n/a	n/a	n/a	n/a
4.189	0.032	saccade	n/a	385.0	150.0	n/a	477.4	151.2	3.52	208.0
4.223	0.33	fixation	n/a	479.7	150.3	3325.0	n/a	n/a	n/a	n/a
4.555	0.028	saccade	n/a	480.2	147.7	n/a	561.0	141.8	3.06	163.0
4.585	0.206	fixation	n/a	563.4	145.9	3409.0	n/a	n/a	n/a	n/a
4.793	0.074	saccade	n/a	564.1	156.7	n/a	598.9	149.4	1.33	704.0
4.869	0.132	fixation	n/a	596.4	143.1	3498.0	n/a	n/a	n/a	n/a
5.003	0.066	saccade	n/a	596.5	144.4	n/a	127.6	229.3	17.83	486.0
5.071	0.156	fixation	n/a	137.4	231.5	3454.0	n/a	n/a	n/a	n/a
5.229	0.018	saccade	n/a	138.3	231.9	n/a	112.3	231.9	0.98	76.0
5.249	0.562	fixation	n/a	113.5	231.2	3348.0	n/a	n/a	n/a	n/a
5.813	0.15	saccade	n/a	107.4	233.2	n/a	157.4	227.5	1.89	867.0
5.847	0.066	blink	n/a	n/a	n/a	n/a	n/a	n/a	n/a	n/a
5.965	0.174	fixation	n/a	156.8	229.5	3420.0	n/a	n/a	n/a	n/a
6.141	0.024	saccade	n/a	158.3	228.0	n/a	206.8	228.6	1.83	119.0
6.167	0.276	fixation	n/a	209.5	227.0	3365.0	n/a	n/a	n/a	n/a
6.445	0.03	saccade	n/a	216.0	227.3	n/a	300.0	224.3	3.2	186.0
6.477	0.322	fixation	n/a	303.3	225.4	3269.0	n/a	n/a	n/a	n/a
6.801	0.024	saccade	n/a	304.2	225.6	n/a	360.1	220.0	2.15	138.0
6.827	0.154	fixation	n/a	362.5	218.3	3291.0	n/a	n/a	n/a	n/a
6.983	0.018	saccade	n/a	364.1	215.7	n/a	388.2	212.8	0.93	72.0
7.003	0.2	fixation	n/a	387.0	214.0	3295.0	n/a	n/a	n/a	n/a
7.205	0.02	saccade	n/a	389.5	214.9	n/a	427.2	210.4	1.45	100.0
7.227	0.194	fixation	n/a	426.5	210.7	3237.0	n/a	n/a	n/a	n/a
7.423	0.03	saccade	n/a	427.2	211.1	n/a	510.9	209.8	3.18	180.0
7.455	0.176	fixation	n/a	512.1	212.0	3216.0	n/a	n/a	n/a	n/a
7.633	0.018	saccade	n/a	514.4	213.4	n/a	542.1	209.6	1.06	77.0
7.653	0.1	fixation	n/a	539.9	210.1	3243.0	n/a	n/a	n/a	n/a
7.755	0.066	saccade	n/a	539.2	208.1	n/a	106.6	281.9	16.42	429.0
7.823	0.522	fixation	n/a	118.9	285.1	3242.0	n/a	n/a	n/a	n/a
8.347	0.016	saccade	n/a	117.0	284.1	n/a	95.3	285.2	0.81	67.0
8.365	0.038	fixation	n/a	98.5	283.1	3193.0	n/a	n/a	n/a	n/a
8.405	0.03	saccade	n/a	100.7	283.0	n/a	170.1	286.1	2.6	175.0
8.437	0.242	fixation	n/a	171.7	283.0	3211.0	n/a	n/a	n/a	n/a
8.681	0.034	saccade	n/a	170.7	282.2	n/a	273.6	283.9	3.89	229.0
8.717	0.362	fixation	n/a	276.2	283.8	3317.0	n/a	n/a	n/a	n/a
9.081	0.034	saccade	n/a	280.7	285.5	n/a	390.5	280.3	4.19	210.0
9.117	0.18	fixation	n/a	394.4	281.0	3241.0	n/a	n/a	n/a	n/a
9.299	0.034	saccade	n/a	397.4	279.8	n/a	513.9	275.3	4.42	246.0
9.335	0.202	fixation	n/a	517.5	274.9	3160.0	n/a	n/a	n/a	n/a
9.539	0.022	saccade	n/a	519.1	276.3	n/a	566.5	273.1	1.79	123.0
9.563	0.194	fixation	n/a	566.8	275.5	3216.0	n/a	n/a	n/a	n/a
9.759	0.018	saccade	n/a	567.1	273.6	n/a	597.0	276.9	1.12	82.0
9.779	0.798	fixation	n/a	595.0	280.6	3276.0	n/a	n/a	n/a	n/a
10.446	0.0	trigger_11	11	n/a	n/a	n/a	n/a	n/a	n/a	n/a
10.45	0.0	trigger_10	10	n/a	n/a	n/a	n/a	n/a	n/a	n/a
10.579	0.066	saccade	n/a	592.3	285.0	n/a	188.7	190.2	15.57	467.0
10.647	0.116	fixation	n/a	190.4	198.3	3561.0	n/a	n/a	n/a	n/a
10.765	0.03	saccade	n/a	189.3	198.8	n/a	141.7	155.4	2.46	178.0
10.797	0.086	fixation	n/a	142.9	158.3	3558.0	n/a	n/a	n/a	n/a
10.885	0.022	saccade	n/a	142.8	159.4	n/a	107.1	162.4	1.35	101.0
10.909	0.078	fixation	n/a	112.5	163.9	3471.0	n/a	n/a	n/a	n/a
10.989	0.12	saccade	n/a	116.6	168.4	n/a	177.1	160.5	2.3	853.0
11.023	0.036	blink	n/a	n/a	n/a	n/a	n/a	n/a	n/a	n/a
11.111	0.09	fixation	n/a	179.0	159.3	3379.0	n/a	n/a	n/a	n/a
11.203	0.022	saccade	n/a	181.0	160.8	n/a	226.1	162.9	1.72	118.0
11.227	0.498	fixation	n/a	219.8	158.5	3293.0	n/a	n/a	n/a	n/a
11.727	0.026	saccade	n/a	212.7	159.6	n/a	283.3	155.2	2.7	166.0
11.755	0.388	fixation	n/a	284.8	156.2	3431.0	n/a	n/a	n/a	n/a
12.145	0.03	saccade	n/a	284.9	156.6	n/a	373.6	149.3	3.41	184.0
12.177	0.218	fixation	n/a	375.8	147.9	3352.0	n/a	n/a	n/a	n/a
12.397	0.02	saccade	n/a	378.0	146.1	n/a	409.1	147.7	1.19	84.0
12.419	0.092	fixation	n/a	407.9	147.9	3304.0	n/a	n/a	n/a	n/a
12.513	0.15	saccade	n/a	409.5	154.7	n/a	358.0	148.9	1.98	969.0
12.545	0.068	blink	n/a	n/a	n/a	n/a	n/a	n/a	n/a	n/a
12.665	0.204	fixation	n/a	359.6	151.4	3308.0	n/a	n/a	n/a	n/a
12.871	0.016	saccade	n/a	358.3	153.1	n/a	337.9	154.1	0.78	59.0
12.889	0.088	fixation	n/a	338.6	153.5	3333.0	n/a	n/a	n/a	n/a
12.979	0.038	saccade	n/a	340.3	150.2	n/a	487.5	143.6	5.61	276.0
13.019	0.434	fixation	n/a	493.1	146.1	3256.0	n/a	n/a	n/a	n/a
13.455	0.028	saccade	n/a	494.8	148.6	n/a	565.5	145.5	2.67	163.0
13.485	0.148	fixation	n/a	564.5	146.0	3265.0	n/a	n/a	n/a	n/a
13.635	0.068	saccade	n/a	565.7	151.0	n/a	113.8	222.2	17.14	392.0
13.705	0.356	fixation	n/a	120.2	225.4	3353.0	n/a	n/a	n/a	n/a
14.063	0.03	saccade	n/a	122.2	226.8	n/a	202.2	223.0	3.02	167.0
14.095	0.202	fixation	n/a	202.9	219.5	3343.0	n/a	n/a	n/a	n/a
14.299	0.018	saccade	n/a	204.6	218.6	n/a	228.6	219.8	0.91	68.0
14.319	0.258	fixation	n/a	229.0	221.2	3284.0	n/a	n/a	n/a	n/a
14.579	0.034	saccade	n/a	231.6	220.1	n/a	339.7	220.2	4.12	226.0
14.615	0.26	fixation	n/a	343.7	220.0	3320.0	n/a	n/a	n/a	n/a
14.877	0.018	saccade	n/a	345.8	221.0	n/a	373.7	219.6	1.07	80.0
14.897	0.084	fixation	n/a	371.7	219.4	3316.0	n/a	n/a	n/a	n/a
14.983	0.032	saccade	n/a	372.3	217.3	n/a	465.7	212.3	3.57	220.0
15.017	0.232	fixation	n/a	467.6	213.6	3294.0	n/a	n/a	n/a	n/a
15.251	0.03	saccade	n/a	470.7	216.1	n/a	551.4	214.8	3.05	205.0
15.283	0.242	fixation	n/a	552.9	212.5	3252.0	n/a	n/a	n/a	n/a
15.527	0.02	saccade	n/a	556.8	213.9	n/a	597.0	210.3	1.51	103.0
15.549	0.136	fixation	n/a	598.6	211.2	3184.0	n/a	n/a	n/a	n/a
15.687	0.024	saccade	n/a	604.4	218.3	n/a	593.2	242.5	1.01	94.0
15.713	0.168	fixation	n/a	601.0	211.9	3127.0	n/a	n/a	n/a	n/a
15.883	0.02	saccade	n/a	605.4	209.0	n/a	645.5	209.9	1.48	102.0
15.905	0.09	fixation	n/a	643.5	212.5	3092.0	n/a	n/a	n/a	n/a
15.997	0.07	saccade	n/a	644.1	212.5	n/a	110.1	280.7	19.98	482.0
16.069	0.47	fixation	n/a	112.7	286.3	3060.0	n/a	n/a	n/a	n/a
16.541	0.144	saccade	n/a	110.7	296.8	n/a	125.9	290.7	0.61	774.0
16.573	0.058	blink	n/a	n/a	n/a	n/a	n/a	n/a	n/a	n/a
16.687	0.45	fixation	n/a	126.3	291.8	3172.0	n/a	n/a	n/a	n/a
17.139	0.034	saccade	n/a	126.9	290.3	n/a	130.9	180.2	4.22	233.0
17.15	0.0	trigger_11	11	n/a	n/a	n/a	n/a	n/a	n/a	n/a
17.154	0.0	trigger_10	10	n/a	n/a	n/a	n/a	n/a	n/a	n/a
17.175	0.27	fixation	n/a	131.8	181.1	3230.0	n/a	n/a	n/a	n/a
17.447	0.02	saccade	n/a	131.7	180.2	n/a	147.6	156.8	1.08	77.0
17.469	0.292	fixation	n/a	146.1	162.3	3364.0	n/a	n/a	n/a	n/a
17.763	0.028	saccade	n/a	146.1	164.1	n/a	226.4	159.9	3.05	176.0
17.793	0.208	fixation	n/a	230.6	156.0	3392.0	n/a	n/a	n/a	n/a
18.003	0.02	saccade	n/a	234.2	156.4	n/a	264.8	154.5	1.17	82.0
18.025	0.168	fixation	n/a	262.5	155.1	3429.0	n/a	n/a	n/a	n/a
18.195	0.03	saccade	n/a	262.0	155.6	n/a	343.6	156.1	3.12	191.0
18.227	0.276	fixation	n/a	344.7	156.9	3450.0	n/a	n/a	n/a	n/a
18.505	0.026	saccade	n/a	346.8	155.4	n/a	407.1	149.1	2.32	142.0
18.533	0.586	fixation	n/a	408.1	147.6	3363.0	n/a	n/a	n/a	n/a
19.121	0.034	saccade	n/a	408.9	146.6	n/a	520.6	145.1	4.24	235.0
19.157	0.13	fixation	n/a	523.5	144.6	3371.0	n/a	n/a	n/a	n/a
19.289	0.026	saccade	n/a	525.0	144.5	n/a	578.8	144.5	2.02	138.0
19.317	0.224	fixation	n/a	578.0	144.7	3380.0	n/a	n/a	n/a	n/a
19.543	0.022	saccade	n/a	581.5	147.0	n/a	618.5	144.0	1.39	91.0
19.567	0.284	fixation	n/a	617.5	144.2	3267.0	n/a	n/a	n/a	n/a
19.853	0.016	saccade	n/a	619.9	145.2	n/a	640.3	146.7	0.76	63.0
19.871	0.154	fixation	n/a	636.3	149.2	3295.0	n/a	n/a	n/a	n/a
20.027	0.07	saccade	n/a	634.3	149.1	n/a	109.9	228.0	19.73	472.0
20.099	0.24	fixation	n/a	116.2	232.8	3406.0	n/a	n/a	n/a	n/a
20.341	0.018	saccade	n/a	119.4	234.3	n/a	141.6	226.7	0.88	65.0
20.361	0.212	fixation	n/a	143.5	228.7	3363.0	n/a	n/a	n/a	n/a
20.575	0.03	saccade	n/a	146.7	229.5	n/a	216.9	228.1	2.66	176.0
20.607	0.408	fixation	n/a	218.6	225.0	3334.0	n/a	n/a	n/a	n/a
21.017	0.03	saccade	n/a	218.9	222.5	n/a	297.5	223.6	2.99	179.0
21.049	0.418	fixation	n/a	300.8	224.5	3360.0	n/a	n/a	n/a	n/a
21.469	0.02	saccade	n/a	303.8	224.6	n/a	346.8	219.9	1.65	115.0
21.491	0.194	fixation	n/a	346.6	222.3	3409.0	n/a	n/a	n/a	n/a
21.687	0.028	saccade	n/a	347.7	223.9	n/a	410.1	230.1	2.4	157.0
21.717	0.514	fixation	n/a	408.5	229.0	3349.0	n/a	n/a	n/a	n/a
22.233	0.04	saccade	n/a	405.3	231.2	n/a	284.4	231.4	4.61	160.0
22.275	0.204	fixation	n/a	283.6	231.7	3343.0	n/a	n/a	n/a	n/a
22.481	0.018	saccade	n/a	286.4	232.7	n/a	318.2	228.1	1.23	90.0
22.501	0.23	fixation	n/a	315.8	230.6	3420.0	n/a	n/a	n/a	n/a
22.55	0.0	trigger_11	11	n/a	n/a	n/a	n/a	n/a	n/a	n/a
22.552	0.0	trigger_12	12	n/a	n/a	n/a	n/a	n/a	n/a	n/a
22.733	0.042	saccade	n/a	315.8	230.6	n/a	158.2	170.5	6.43	269.0
22.777	0.166	fixation	n/a	161.1	173.3	3377.0	n/a	n/a	n/a	n/a
22.945	0.014	saccade	n/a	162.5	173.8	n/a	147.9	167.1	0.61	49.0
22.961	0.082	fixation	n/a	150.4	167.7	3319.0	n/a	n/a	n/a	n/a
23.045	0.108	saccade	n/a	154.5	172.6	n/a	228.8	169.6	2.83	743.0
23.079	0.026	blink	n/a	n/a	n/a	n/a	n/a	n/a	n/a	n/a
23.155	0.258	fixation	n/a	228.6	168.1	3283.0	n/a	n/a	n/a	n/a
23.415	0.02	saccade	n/a	230.5	164.0	n/a	264.4	159.5	1.3	90.0
23.437	0.094	fixation	n/a	265.8	161.2	3237.0	n/a	n/a	n/a	n/a
23.533	0.03	saccade	n/a	268.2	162.0	n/a	351.3	160.3	3.18	204.0
23.565	0.176	fixation	n/a	353.1	157.7	3212.0	n/a	n/a	n/a	n/a
23.743	0.02	saccade	n/a	354.7	155.1	n/a	389.6	154.9	1.34	94.0
23.765	0.12	fixation	n/a	387.9	156.4	3215.0	n/a	n/a	n/a	n/a
23.887	0.032	saccade	n/a	387.2	155.6	n/a	489.5	149.1	3.91	225.0
23.921	0.388	fixation	n/a	491.5	150.1	3221.0	n/a	n/a	n/a	n/a
24.311	0.032	saccade	n/a	494.3	150.9	n/a	576.7	151.5	3.11	198.0
24.345	0.366	fixation	n/a	575.4	151.0	3241.0	n/a	n/a	n/a	n/a
24.713	0.07	saccade	n/a	574.4	151.2	n/a	119.6	233.3	17.32	421.0
24.785	0.158	fixation	n/a	125.4	238.0	3321.0	n/a	n/a	n/a	n/a
24.945	0.016	saccade	n/a	125.0	238.8	n/a	100.9	237.3	0.9	70.0
24.963	0.178	fixation	n/a	103.2	232.6	3289.0	n/a	n/a	n/a	n/a
25.143	0.028	saccade	n/a	105.4	230.5	n/a	181.3	226.3	2.86	174.0
25.173	0.462	fixation	n/a	186.5	222.9	3225.0	n/a	n/a	n/a	n/a
25.637	0.026	saccade	n/a	187.5	222.3	n/a	125.4	182.5	2.8	160.0
25.665	0.128	fixation	n/a	131.0	169.6	3240.0	n/a	n/a	n/a	n/a
25.758	0.0	trigger_13	13	n/a	n/a	n/a	n/a	n/a	n/a	n/a
25.795	0.016	saccade	n/a	131.5	166.6	n/a	133.7	145.5	0.82	70.0
25.813	0.296	fixation	n/a	136.9	152.7	3310.0	n/a	n/a	n/a	n/a
26.111	0.018	saccade	n/a	138.5	153.4	n/a	160.2	154.2	0.82	59.0
26.131	0.34	fixation	n/a	158.0	154.7	3395.0	n/a	n/a	n/a	n/a
26.473	0.03	saccade	n/a	157.6	156.2	n/a	227.2	158.7	2.64	168.0
26.505	0.22	fixation	n/a	224.0	158.1	3512.0	n/a	n/a	n/a	n/a
26.727	0.034	saccade	n/a	221.9	158.7	n/a	128.8	227.1	4.39	277.0
26.763	0.324	fixation	n/a	133.9	229.8	3694.0	n/a	n/a	n/a	n/a
27.089	0.028	saccade	n/a	131.1	228.2	n/a	82.8	228.2	1.8	149.0
27.119	0.098	fixation	n/a	94.6	228.9	3706.0	n/a	n/a	n/a	n/a
27.219	0.148	saccade	n/a	97.5	232.2	n/a	111.2	246.9	0.76	946.0
27.251	0.06	blink	n/a	n/a	n/a	n/a	n/a	n/a	n/a	n/a
27.369	0.17	fixation	n/a	108.4	243.7	3799.0	n/a	n/a	n/a	n/a
27.541	0.028	saccade	n/a	109.7	248.2	n/a	137.3	302.6	2.32	154.0
27.571	0.344	fixation	n/a	142.6	299.9	3672.0	n/a	n/a	n/a	n/a
27.75	0.0	trigger_15	15	n/a	n/a	n/a	n/a	n/a	n/a	n/a
27.754	0.0	trigger_10	10	n/a	n/a	n/a	n/a	n/a	n/a	n/a
27.917	0.04	saccade	n/a	150.1	300.2	n/a	127.9	162.9	5.33	294.0
27.959	1.068	fixation	n/a	127.1	166.4	3510.0	n/a	n/a	n/a	n/a
29.029	0.026	saccade	n/a	131.2	171.6	n/a	198.9	168.0	2.56	152.0
29.057	0.064	fixation	n/a	201.3	167.2	3574.0	n/a	n/a	n/a	n/a
29.123	0.134	saccade	n/a	203.2	170.2	n/a	199.0	167.3	0.2	891.0
29.157	0.042	blink	n/a	n/a	n/a	n/a	n/a	n/a	n/a	n/a
29.259	0.144	fixation	n/a	200.9	174.3	3745.0	n/a	n/a	n/a	n/a
29.405	0.018	saccade	n/a	203.5	172.7	n/a	231.7	167.9	1.09	78.0
29.425	0.316	fixation	n/a	229.9	165.3	3617.0	n/a	n/a	n/a	n/a
29.743	0.028	saccade	n/a	234.2	164.5	n/a	307.3	159.5	2.8	165.0
29.773	0.406	fixation	n/a	308.9	158.3	3393.0	n/a	n/a	n/a	n/a
30.181	0.02	saccade	n/a	312.1	156.0	n/a	345.0	150.3	1.28	83.0
30.203	0.092	fixation	n/a	347.2	151.0	3385.0	n/a	n/a	n/a	n/a
30.297	0.03	saccade	n/a	349.0	151.8	n/a	414.5	152.7	2.51	196.0
30.329	0.308	fixation	n/a	411.2	149.2	3427.0	n/a	n/a	n/a	n/a
30.639	0.028	saccade	n/a	409.6	146.9	n/a	470.7	146.1	2.33	156.0
30.669	0.73	fixation	n/a	469.4	149.3	3387.0	n/a	n/a	n/a	n/a
31.401	0.034	saccade	n/a	469.1	148.1	n/a	547.6	147.8	2.97	198.0
31.437	0.354	fixation	n/a	547.2	143.8	3429.0	n/a	n/a	n/a	n/a
31.793	0.022	saccade	n/a	549.6	142.9	n/a	592.1	141.8	1.59	103.0
31.817	0.548	fixation	n/a	592.4	143.8	3437.0	n/a	n/a	n/a	n/a
32.367	0.07	saccade	n/a	588.4	150.6	n/a	117.4	232.4	17.89	446.0
32.439	0.198	fixation	n/a	123.9	236.7	3504.0	n/a	n/a	n/a	n/a
32.639	0.022	saccade	n/a	120.1	235.3	n/a	84.7	235.3	1.32	100.0
32.663	0.09	fixation	n/a	92.9	233.8	3385.0	n/a	n/a	n/a	n/a
32.755	0.124	saccade	n/a	96.5	235.6	n/a	227.0	232.9	4.92	854.0
32.791	0.034	blink	n/a	n/a	n/a	n/a	n/a	n/a	n/a	n/a
32.881	0.56	fixation	n/a	233.9	231.4	3262.0	n/a	n/a	n/a	n/a
33.443	0.022	saccade	n/a	247.5	230.3	n/a	287.4	226.7	1.53	102.0
33.467	0.318	fixation	n/a	289.9	226.6	3216.0	n/a	n/a	n/a	n/a
33.787	0.03	saccade	n/a	290.7	224.7	n/a	370.4	220.5	3.05	182.0
33.819	0.304	fixation	n/a	370.3	219.0	3239.0	n/a	n/a	n/a	n/a
34.125	0.022	saccade	n/a	371.0	220.3	n/a	414.9	214.4	1.7	110.0
34.149	0.348	fixation	n/a	416.3	213.5	3268.0	n/a	n/a	n/a	n/a
34.499	0.034	saccade	n/a	415.6	212.4	n/a	508.7	219.9	3.55	208.0
34.535	0.322	fixation	n/a	509.6	220.2	3249.0	n/a	n/a	n/a	n/a
34.859	0.018	saccade	n/a	511.7	221.2	n/a	537.8	217.6	0.99	76.0
34.879	0.186	fixation	n/a	536.0	218.5	3282.0	n/a	n/a	n/a	n/a
35.067	0.024	saccade	n/a	534.3	218.8	n/a	489.4	222.3	1.7	121.0
35.093	0.158	fixation	n/a	490.7	223.2	3296.0	n/a	n/a	n/a	n/a
35.253	0.03	saccade	n/a	490.2	220.3	n/a	553.9	218.5	2.4	172.0
35.285	0.178	fixation	n/a	550.4	216.7	3294.0	n/a	n/a	n/a	n/a
35.465	0.03	saccade	n/a	550.4	217.5	n/a	603.6	212.5	2.0	164.0
35.497	0.128	fixation	n/a	599.0	207.7	3248.0	n/a	n/a	n/a	n/a
35.627	0.072	saccade	n/a	599.9	209.4	n/a	105.2	287.3	18.66	436.0
35.701	0.17	fixation	n/a	117.4	288.2	3233.0	n/a	n/a	n/a	n/a
35.873	0.014	saccade	n/a	117.1	287.8	n/a	101.0	288.9	0.6	52.0
35.889	0.178	fixation	n/a	104.8	288.7	3188.0	n/a	n/a	n/a	n/a
36.069	0.03	saccade	n/a	109.6	291.0	n/a	200.6	284.8	3.43	207.0
36.101	0.142	fixation	n/a	203.6	283.6	3121.0	n/a	n/a	n/a	n/a
36.245	0.028	saccade	n/a	204.7	284.2	n/a	264.2	285.3	2.26	149.0
36.275	0.144	fixation	n/a	266.0	284.9	3052.0	n/a	n/a	n/a	n/a
36.421	0.028	saccade	n/a	268.0	282.4	n/a	340.0	284.4	2.75	171.0
36.451	0.378	fixation	n/a	343.8	281.2	3012.0	n/a	n/a	n/a	n/a
36.831	0.028	saccade	n/a	345.0	280.8	n/a	418.7	274.7	2.82	168.0
36.861	0.318	fixation	n/a	423.2	271.6	2935.0	n/a	n/a	n/a	n/a
37.181	0.026	saccade	n/a	426.7	270.4	n/a	486.2	273.3	2.26	148.0
37.209	0.244	fixation	n/a	486.6	273.1	2959.0	n/a	n/a	n/a	n/a
37.455	0.032	saccade	n/a	485.8	275.5	n/a	589.2	269.8	3.89	205.0
37.489	0.282	fixation	n/a	592.1	268.2	3046.0	n/a	n/a	n/a	n/a
37.773	0.07	saccade	n/a	591.6	267.3	n/a	113.6	359.8	18.08	429.0
37.845	0.146	fixation	n/a	116.5	363.7	3116.0	n/a	n/a	n/a	n/a
37.993	0.022	saccade	n/a	113.7	365.3	n/a	88.9	357.5	0.96	83.0
38.017	0.342	fixation	n/a	114.4	347.5	3177.0	n/a	n/a	n/a	n/a
38.361	0.016	saccade	n/a	121.3	346.6	n/a	141.1	348.3	0.74	58.0
38.379	0.834	fixation	n/a	141.4	351.7	3258.0	n/a	n/a	n/a	n/a
39.215	0.02	saccade	n/a	141.0	350.2	n/a	173.2	347.7	1.21	84.0
39.237	0.096	fixation	n/a	172.0	349.0	3387.0	n/a	n/a	n/a	n/a
39.256	0.0	trigger_11	11	n/a	n/a	n/a	n/a	n/a	n/a	n/a
39.26	0.0	trigger_10	10	n/a	n/a	n/a	n/a	n/a	n/a	n/a
39.335	0.046	saccade	n/a	171.6	347.3	n/a	133.5	171.3	6.87	313.0
39.383	0.16	fixation	n/a	132.7	176.6	3433.0	n/a	n/a	n/a	n/a
39.545	0.018	saccade	n/a	128.6	174.4	n/a	107.6	159.7	0.97	69.0
39.565	0.048	fixation	n/a	111.5	163.3	3458.0	n/a	n/a	n/a	n/a
39.615	0.134	saccade	n/a	115.7	166.1	n/a	144.3	166.4	1.08	958.0
39.649	0.048	blink	n/a	n/a	n/a	n/a	n/a	n/a	n/a	n/a
39.751	0.222	fixation	n/a	140.3	164.9	3397.0	n/a	n/a	n/a	n/a
39.975	0.022	saccade	n/a	142.8	163.6	n/a	183.9	160.1	1.56	106.0
39.999	0.352	fixation	n/a	186.4	154.9	3211.0	n/a	n/a	n/a	n/a
40.353	0.02	saccade	n/a	190.2	155.7	n/a	219.6	153.1	1.12	78.0
40.375	0.212	fixation	n/a	220.2	153.7	3149.0	n/a	n/a	n/a	n/a
40.589	0.02	saccade	n/a	220.9	155.6	n/a	185.8	158.9	1.34	95.0
40.611	0.188	fixation	n/a	186.9	157.0	3179.0	n/a	n/a	n/a	n/a
40.801	0.022	saccade	n/a	188.8	158.7	n/a	225.0	155.7	1.38	94.0
40.825	0.088	fixation	n/a	221.8	155.3	3251.0	n/a	n/a	n/a	n/a
40.915	0.024	saccade	n/a	216.2	152.8	n/a	165.5	159.2	1.94	134.0
40.941	0.19	fixation	n/a	169.1	159.1	3309.0	n/a	n/a	n/a	n/a
41.133	0.03	saccade	n/a	168.2	163.4	n/a	228.0	166.6	2.27	178.0
41.165	0.09	fixation	n/a	226.5	165.2	3377.0	n/a	n/a	n/a	n/a
41.257	0.03	saccade	n/a	228.7	164.0	n/a	285.7	161.9	2.18	167.0
41.289	0.276	fixation	n/a	283.5	157.6	3399.0	n/a	n/a	n/a	n/a
41.567	0.026	saccade	n/a	284.6	158.7	n/a	335.5	153.0	1.96	140.0
41.595	0.288	fixation	n/a	334.5	153.1	3294.0	n/a	n/a	n/a	n/a
41.885	0.068	saccade	n/a	339.0	154.2	n/a	454.7	155.2	4.42	221.0
41.955	0.332	fixation	n/a	455.9	153.4	3312.0	n/a	n/a	n/a	n/a
42.289	0.028	saccade	n/a	460.0	150.6	n/a	528.9	141.8	2.63	128.0
42.319	0.128	fixation	n/a	539.3	146.4	3260.0	n/a	n/a	n/a	n/a
42.449	0.1	saccade	n/a	542.0	155.7	n/a	506.1	162.4	1.38	880.0
42.483	0.014	blink	n/a	n/a	n/a	n/a	n/a	n/a	n/a	n/a
42.551	0.222	fixation	n/a	508.2	156.2	3263.0	n/a	n/a	n/a	n/a
42.775	0.02	saccade	n/a	510.7	154.1	n/a	541.4	149.3	1.18	85.0
42.797	0.268	fixation	n/a	539.2	147.8	3216.0	n/a	n/a	n/a	n/a
43.067	0.024	saccade	n/a	541.2	146.6	n/a	586.3	143.2	1.69	130.0
43.093	0.25	fixation	n/a	583.5	141.9	3156.0	n/a	n/a	n/a	n/a
43.345	0.07	saccade	n/a	583.3	143.0	n/a	105.7	233.6	18.16	443.0
43.417	0.366	fixation	n/a	110.2	234.6	3181.0	n/a	n/a	n/a	n/a
43.785	0.03	saccade	n/a	114.1	231.1	n/a	188.4	221.6	2.82	179.0
43.817	0.548	fixation	n/a	192.2	219.8	3072.0	n/a	n/a	n/a	n/a
44.367	0.028	saccade	n/a	193.3	220.3	n/a	269.4	221.5	2.89	174.0
44.397	0.146	fixation	n/a	271.7	220.7	3069.0	n/a	n/a	n/a	n/a
44.545	0.02	saccade	n/a	275.7	220.7	n/a	316.1	218.5	1.55	108.0
44.567	0.092	fixation	n/a	317.5	221.4	3104.0	n/a	n/a	n/a	n/a
44.661	0.146	saccade	n/a	320.9	225.9	n/a	368.7	223.8	1.83	820.0
44.693	0.068	blink	n/a	n/a	n/a	n/a	n/a	n/a	n/a	n/a
44.809	0.23	fixation	n/a	371.9	219.8	3129.0	n/a	n/a	n/a	n/a
45.041	0.04	saccade	n/a	376.5	219.4	n/a	509.0	218.6	5.03	236.0
45.083	0.242	fixation	n/a	513.5	216.0	3059.0	n/a	n/a	n/a	n/a
45.327	0.016	saccade	n/a	519.3	216.3	n/a	540.6	215.4	0.8	62.0
45.345	0.112	fixation	n/a	541.1	215.7	3016.0	n/a	n/a	n/a	n/a
45.459	0.032	saccade	n/a	541.3	216.0	n/a	629.0	216.9	3.27	202.0
45.493	0.29	fixation	n/a	631.2	219.8	3062.0	n/a	n/a	n/a	n/a
45.785	0.03	saccade	n/a	631.5	222.4	n/a	695.3	215.4	2.35	168.0
45.817	0.134	fixation	n/a	693.2	214.7	3101.0	n/a	n/a	n/a	n/a
45.953	0.074	saccade	n/a	693.5	213.0	n/a	123.0	303.5	21.25	463.0
46.029	0.36	fixation	n/a	129.2	307.5	3203.0	n/a	n/a	n/a	n/a
46.391	0.028	saccade	n/a	128.6	306.1	n/a	208.4	296.5	3.02	167.0
46.421	0.354	fixation	n/a	212.9	297.4	3197.0	n/a	n/a	n/a	n/a
46.777	0.026	saccade	n/a	213.6	294.7	n/a	273.6	294.1	2.27	148.0
46.805	0.38	fixation	n/a	270.9	291.4	3194.0	n/a	n/a	n/a	n/a
47.187	0.026	saccade	n/a	270.0	288.3	n/a	331.1	283.6	2.33	150.0
47.215	0.164	fixation	n/a	334.5	285.7	3172.0	n/a	n/a	n/a	n/a
47.381	0.024	saccade	n/a	337.8	287.2	n/a	392.3	282.7	2.09	138.0
47.407	0.234	fixation	n/a	390.9	279.7	3158.0	n/a	n/a	n/a	n/a
47.643	0.022	saccade	n/a	390.2	278.8	n/a	351.5	285.8	1.5	101.0
47.667	0.126	fixation	n/a	355.8	288.6	3160.0	n/a	n/a	n/a	n/a
47.795	0.042	saccade	n/a	356.8	288.8	n/a	499.3	279.5	5.42	243.0
47.839	0.306	fixation	n/a	503.1	276.2	3127.0	n/a	n/a	n/a	n/a
48.147	0.032	saccade	n/a	503.7	275.9	n/a	585.8	273.9	3.08	214.0
48.181	0.39	fixation	n/a	587.5	273.0	3147.0	n/a	n/a	n/a	n/a
48.573	0.068	saccade	n/a	587.7	274.2	n/a	141.1	362.5	16.97	431.0
48.643	0.104	fixation	n/a	148.6	364.6	3189.0	n/a	n/a	n/a	n/a
48.749	0.02	saccade	n/a	150.7	364.3	n/a	119.9	356.0	1.19	86.0
48.771	0.228	fixation	n/a	123.0	355.9	3181.0	n/a	n/a	n/a	n/a
49.001	0.034	saccade	n/a	125.3	356.4	n/a	241.0	353.1	4.34	240.0
49.037	0.284	fixation	n/a	244.2	352.9	3174.0	n/a	n/a	n/a	n/a
49.323	0.028	saccade	n/a	245.6	354.5	n/a	241.8	285.5	2.64	166.0
49.353	0.184	fixation	n/a	245.5	288.3	3177.0	n/a	n/a	n/a	n/a
49.539	0.016	saccade	n/a	250.1	290.2	n/a	271.7	290.5	0.82	64.0
49.557	0.206	fixation	n/a	270.6	290.4	3218.0	n/a	n/a	n/a	n/a
49.765	0.032	saccade	n/a	269.1	289.3	n/a	294.9	356.8	2.76	169.0
49.799	0.248	fixation	n/a	296.2	356.6	3202.0	n/a	n/a	n/a	n/a
50.049	0.032	saccade	n/a	297.9	357.2	n/a	395.7	344.9	3.73	217.0
50.083	0.33	fixation	n/a	402.9	344.2	3118.0	n/a	n/a	n/a	n/a
50.415	0.028	saccade	n/a	407.2	346.7	n/a	465.4	344.7	2.2	148.0
50.445	0.212	fixation	n/a	465.0	343.7	3057.0	n/a	n/a	n/a	n/a
50.659	0.138	saccade	n/a	470.4	346.7	n/a	485.4	355.7	0.66	829.0
50.691	0.062	blink	n/a	n/a	n/a	n/a	n/a	n/a	n/a	n/a
50.799	0.072	fixation	n/a	493.5	346.4	2983.0	n/a	n/a	n/a	n/a
50.873	0.032	saccade	n/a	494.7	345.9	n/a	574.6	344.4	2.99	204.0
50.907	0.666	fixation	n/a	576.0	338.2	2963.0	n/a	n/a	n/a	n/a
51.575	0.026	saccade	n/a	578.1	338.5	n/a	627.1	336.1	1.81	126.0
51.603	0.258	fixation	n/a	623.5	337.1	2979.0	n/a	n/a	n/a	n/a
51.863	0.072	saccade	n/a	621.8	338.4	n/a	117.5	409.9	18.77	437.0
51.937	0.156	fixation	n/a	124.4	412.7	3145.0	n/a	n/a	n/a	n/a
52.095	0.016	saccade	n/a	121.9	413.2	n/a	99.5	417.3	0.84	68.0
52.113	0.374	fixation	n/a	106.2	417.0	3120.0	n/a	n/a	n/a	n/a
52.489	0.028	saccade	n/a	110.2	419.2	n/a	176.4	415.9	2.46	167.0
52.519	0.678	fixation	n/a	170.3	420.8	3337.0	n/a	n/a	n/a	n/a
53.199	0.044	saccade	n/a	169.2	425.6	n/a	329.4	421.4	5.99	264.0
53.245	0.292	fixation	n/a	337.6	417.8	3393.0	n/a	n/a	n/a	n/a
53.539	0.022	saccade	n/a	340.2	420.0	n/a	301.0	422.1	1.48	104.0
53.563	0.06	fixation	n/a	304.4	420.2	3309.0	n/a	n/a	n/a	n/a
53.625	0.036	saccade	n/a	306.2	420.3	n/a	417.3	417.0	4.18	229.0
53.663	0.406	fixation	n/a	420.7	413.3	3218.0	n/a	n/a	n/a	n/a
54.071	0.03	saccade	n/a	424.3	413.7	n/a	532.9	406.3	4.07	210.0
54.103	0.328	fixation	n/a	542.1	405.7	3121.0	n/a	n/a	n/a	n/a
54.433	0.026	saccade	n/a	546.2	405.9	n/a	623.9	401.9	2.86	167.0
54.461	0.306	fixation	n/a	629.1	400.0	2999.0	n/a	n/a	n/a	n/a
54.769	0.018	saccade	n/a	631.0	398.7	n/a	654.3	399.2	0.85	63.0
54.789	0.172	fixation	n/a	651.5	400.1	2987.0	n/a	n/a	n/a	n/a
54.963	0.074	saccade	n/a	649.9	399.8	n/a	259.2	166.7	17.0	395.0
54.984	0.0	trigger_11	11	n/a	n/a	n/a	n/a	n/a	n/a	n/a
54.986	0.0	trigger_10	10	n/a	n/a	n/a	n/a	n/a	n/a	n/a
55.039	0.144	fixation	n/a	257.0	173.2	3069.0	n/a	n/a	n/a	n/a
55.185	0.032	saccade	n/a	255.1	173.8	n/a	144.9	155.8	4.23	201.0
55.219	0.37	fixation	n/a	142.8	159.3	3076.0	n/a	n/a	n/a	n/a
55.591	0.072	saccade	n/a	136.8	162.1	n/a	229.1	162.5	3.49	255.0
55.665	0.258	fixation	n/a	238.5	159.8	3141.0	n/a	n/a	n/a	n/a
55.925	0.034	saccade	n/a	240.9	161.6	n/a	354.8	163.0	4.36	256.0
55.961	0.29	fixation	n/a	360.2	156.1	3187.0	n/a	n/a	n/a	n/a
56.253	0.024	saccade	n/a	363.1	151.9	n/a	419.1	149.1	2.14	138.0
56.279	0.128	fixation	n/a	423.5	152.0	3168.0	n/a	n/a	n/a	n/a
56.409	0.142	saccade	n/a	427.4	162.8	n/a	489.9	162.6	2.38	853.0
56.443	0.054	blink	n/a	n/a	n/a	n/a	n/a	n/a	n/a	n/a
56.553	0.328	fixation	n/a	490.2	151.9	3159.0	n/a	n/a	n/a	n/a
56.883	0.026	saccade	n/a	491.8	152.1	n/a	551.7	146.7	2.27	147.0
56.911	0.604	fixation	n/a	550.8	148.0	3101.0	n/a	n/a	n/a	n/a
57.517	0.03	saccade	n/a	542.4	152.2	n/a	605.8	150.0	2.37	167.0
57.549	0.182	fixation	n/a	604.4	150.3	3239.0	n/a	n/a	n/a	n/a
57.733	0.068	saccade	n/a	603.9	152.5	n/a	121.3	230.0	18.25	482.0
57.803	0.168	fixation	n/a	127.1	232.8	3287.0	n/a	n/a	n/a	n/a
57.973	0.018	saccade	n/a	124.7	231.0	n/a	98.0	232.6	1.0	77.0
57.993	0.11	fixation	n/a	101.5	232.6	3268.0	n/a	n/a	n/a	n/a
58.105	0.13	saccade	n/a	103.6	235.5	n/a	111.5	236.0	0.3	729.0
58.143	0.034	blink	n/a	n/a	n/a	n/a	n/a	n/a	n/a	n/a
58.237	0.14	fixation	n/a	112.8	227.7	3253.0	n/a	n/a	n/a	n/a
58.379	0.032	saccade	n/a	114.4	229.1	n/a	198.6	229.5	3.18	196.0
58.413	0.458	fixation	n/a	201.0	226.7	3230.0	n/a	n/a	n/a	n/a
58.873	0.03	saccade	n/a	202.7	228.1	n/a	279.4	231.0	2.92	185.0
58.905	0.644	fixation	n/a	276.7	226.1	3180.0	n/a	n/a	n/a	n/a
59.551	0.018	saccade	n/a	272.3	221.3	n/a	299.9	219.7	1.06	75.0
59.571	0.18	fixation	n/a	298.5	220.6	3165.0	n/a	n/a	n/a	n/a
59.753	0.028	saccade	n/a	299.4	220.1	n/a	363.4	222.3	2.45	168.0
59.783	0.58	fixation	n/a	362.6	219.9	3206.0	n/a	n/a	n/a	n/a
60.365	0.026	saccade	n/a	364.0	220.0	n/a	430.1	216.5	2.53	163.0
60.393	0.224	fixation	n/a	431.2	217.4	3241.0	n/a	n/a	n/a	n/a
60.619	0.03	saccade	n/a	432.9	217.5	n/a	507.8	215.1	2.85	175.0
60.651	0.228	fixation	n/a	506.4	213.3	3297.0	n/a	n/a	n/a	n/a
60.881	0.026	saccade	n/a	508.2	212.6	n/a	561.8	214.2	2.02	136.0
60.909	0.2	fixation	n/a	560.2	212.8	3282.0	n/a	n/a	n/a	n/a
61.111	0.028	saccade	n/a	561.8	213.9	n/a	623.7	215.3	2.31	149.0
61.141	0.238	fixation	n/a	623.6	214.7	3328.0	n/a	n/a	n/a	n/a
61.381	0.072	saccade	n/a	624.4	216.3	n/a	125.5	294.8	18.82	447.0
61.455	0.186	fixation	n/a	131.6	297.6	3408.0	n/a	n/a	n/a	n/a
61.643	0.014	saccade	n/a	127.5	298.5	n/a	111.0	298.8	0.62	54.0
61.659	0.152	fixation	n/a	114.8	298.3	3334.0	n/a	n/a	n/a	n/a
61.813	0.028	saccade	n/a	116.5	297.2	n/a	187.6	286.4	2.7	165.0
61.843	0.284	fixation	n/a	191.3	282.7	3256.0	n/a	n/a	n/a	n/a
62.129	0.02	saccade	n/a	196.9	282.8	n/a	237.2	281.1	1.53	106.0
62.151	0.198	fixation	n/a	239.3	284.0	3237.0	n/a	n/a	n/a	n/a
62.351	0.018	saccade	n/a	243.1	285.5	n/a	273.5	285.2	1.16	85.0
62.371	0.218	fixation	n/a	272.8	286.1	3283.0	n/a	n/a	n/a	n/a
62.591	0.024	saccade	n/a	274.5	286.5	n/a	327.4	285.4	2.02	136.0
62.617	0.34	fixation	n/a	324.7	285.0	3286.0	n/a	n/a	n/a	n/a
62.959	0.022	saccade	n/a	323.3	286.5	n/a	276.7	292.0	1.79	119.0
62.983	0.044	fixation	n/a	278.8	290.7	3271.0	n/a	n/a	n/a	n/a
63.029	0.034	saccade	n/a	280.1	290.8	n/a	382.6	292.4	3.9	244.0
63.065	0.3	fixation	n/a	387.1	289.2	3219.0	n/a	n/a	n/a	n/a
63.367	0.018	saccade	n/a	391.6	287.7	n/a	420.4	281.1	1.12	83.0
63.387	0.212	fixation	n/a	419.3	283.9	3238.0	n/a	n/a	n/a	n/a
63.601	0.034	saccade	n/a	418.6	284.4	n/a	516.6	284.3	3.71	190.0
63.637	0.596	fixation	n/a	512.3	279.1	3141.0	n/a	n/a	n/a	n/a
64.21	0.0	trigger_11	11	n/a	n/a	n/a	n/a	n/a	n/a	n/a
64.214	0.0	trigger_10	10	n/a	n/a	n/a	n/a	n/a	n/a	n/a
64.235	0.032	saccade	n/a	512.1	279.7	n/a	405.7	283.6	4.03	208.0
64.269	0.122	fixation	n/a	403.8	283.8	3129.0	n/a	n/a	n/a	n/a
64.393	0.062	saccade	n/a	403.0	284.4	n/a	160.4	173.3	10.14	337.0
64.457	0.126	fixation	n/a	162.8	175.3	3262.0	n/a	n/a	n/a	n/a
64.585	0.018	saccade	n/a	161.4	176.4	n/a	138.1	161.2	1.06	80.0
64.605	0.396	fixation	n/a	143.5	165.9	3333.0	n/a	n/a	n/a	n/a
65.003	0.024	saccade	n/a	146.1	163.6	n/a	198.8	156.0	2.01	138.0
65.029	0.246	fixation	n/a	197.6	158.6	3293.0	n/a	n/a	n/a	n/a
65.277	0.032	saccade	n/a	197.0	156.4	n/a	124.6	161.7	2.73	178.0
65.311	0.276	fixation	n/a	132.0	161.3	3281.0	n/a	n/a	n/a	n/a
65.589	0.046	saccade	n/a	134.7	159.2	n/a	287.1	156.4	5.77	209.0
65.637	0.266	fixation	n/a	288.4	155.1	3199.0	n/a	n/a	n/a	n/a
65.905	0.014	saccade	n/a	291.9	154.7	n/a	308.4	150.9	0.65	55.0
65.921	0.074	fixation	n/a	307.0	151.7	3185.0	n/a	n/a	n/a	n/a
65.997	0.034	saccade	n/a	307.1	150.9	n/a	387.9	153.1	3.09	211.0
66.033	0.264	fixation	n/a	391.3	153.2	3150.0	n/a	n/a	n/a	n/a
66.299	0.026	saccade	n/a	393.8	152.5	n/a	461.4	142.8	2.61	162.0
66.327	0.136	fixation	n/a	465.7	145.8	3125.0	n/a	n/a	n/a	n/a
66.465	0.136	saccade	n/a	469.9	156.1	n/a	441.9	159.8	1.08	764.0
66.501	0.052	blink	n/a	n/a	n/a	n/a	n/a	n/a	n/a	n/a
66.603	0.148	fixation	n/a	444.4	153.9	3154.0	n/a	n/a	n/a	n/a
66.753	0.018	saccade	n/a	447.0	153.8	n/a	475.3	152.7	1.08	83.0
66.773	0.18	fixation	n/a	472.8	154.1	3186.0	n/a	n/a	n/a	n/a
66.955	0.022	saccade	n/a	474.5	153.3	n/a	515.9	151.1	1.57	109.0
66.979	0.228	fixation	n/a	516.0	151.4	3098.0	n/a	n/a	n/a	n/a
67.209	0.024	saccade	n/a	516.5	152.7	n/a	559.2	147.4	1.62	116.0
67.235	0.23	fixation	n/a	554.6	149.2	3221.0	n/a	n/a	n/a	n/a
67.467	0.028	saccade	n/a	554.4	152.0	n/a	599.5	150.9	1.69	148.0
67.497	0.422	fixation	n/a	590.0	152.2	3382.0	n/a	n/a	n/a	n/a
67.921	0.068	saccade	n/a	590.4	156.0	n/a	133.5	240.6	17.42	459.0
67.991	0.12	fixation	n/a	141.4	243.0	3481.0	n/a	n/a	n/a	n/a
68.113	0.018	saccade	n/a	139.9	240.9	n/a	114.9	241.0	0.94	72.0
68.133	0.2	fixation	n/a	121.8	241.0	3440.0	n/a	n/a	n/a	n/a
68.335	0.036	saccade	n/a	123.5	236.4	n/a	236.2	230.9	4.26	244.0
68.373	0.332	fixation	n/a	241.0	230.5	3373.0	n/a	n/a	n/a	n/a
68.707	0.026	saccade	n/a	243.9	233.8	n/a	313.0	232.8	2.64	151.0
68.735	0.214	fixation	n/a	316.3	234.1	3356.0	n/a	n/a	n/a	n/a
68.951	0.024	saccade	n/a	320.6	233.2	n/a	375.5	228.1	2.11	135.0
68.977	0.428	fixation	n/a	381.1	224.1	3220.0	n/a	n/a	n/a	n/a
69.407	0.026	saccade	n/a	382.2	221.8	n/a	450.4	218.5	2.6	155.0
69.435	0.366	fixation	n/a	456.6	216.8	3181.0	n/a	n/a	n/a	n/a
69.803	0.02	saccade	n/a	457.1	215.7	n/a	488.1	212.2	1.18	84.0
69.825	0.196	fixation	n/a	485.3	216.0	3170.0	n/a	n/a	n/a	n/a
70.023	0.024	saccade	n/a	487.1	216.4	n/a	531.6	212.3	1.69	128.0
70.049	0.058	fixation	n/a	528.5	212.2	3173.0	n/a	n/a	n/a	n/a
70.109	0.052	saccade	n/a	529.7	212.9	n/a	282.7	152.4	9.64	359.0
70.163	0.304	fixation	n/a	283.8	158.6	3204.0	n/a	n/a	n/a	n/a
70.298	0.0	trigger_11	11	n/a	n/a	n/a	n/a	n/a	n/a	n/a
70.3	0.0	trigger_12	12	n/a	n/a	n/a	n/a	n/a	n/a	n/a
70.469	0.034	saccade	n/a	282.3	159.0	n/a	156.8	151.3	4.77	233.0
70.505	0.092	fixation	n/a	147.3	152.3	3183.0	n/a	n/a	n/a	n/a
70.599	0.11	saccade	n/a	148.0	158.7	n/a	138.8	162.7	0.38	701.0
70.637	0.016	blink	n/a	n/a	n/a	n/a	n/a	n/a	n/a	n/a
70.711	0.308	fixation	n/a	139.8	159.8	3180.0	n/a	n/a	n/a	n/a
71.021	0.032	saccade	n/a	140.7	157.8	n/a	244.4	155.5	3.93	215.0
71.055	0.172	fixation	n/a	252.2	153.6	3094.0	n/a	n/a	n/a	n/a
71.229	0.018	saccade	n/a	257.2	154.6	n/a	285.3	150.7	1.09	78.0
71.249	0.348	fixation	n/a	283.3	153.2	3169.0	n/a	n/a	n/a	n/a
71.599	0.028	saccade	n/a	282.7	157.1	n/a	343.6	155.3	2.33	159.0
71.629	0.282	fixation	n/a	344.2	154.0	3301.0	n/a	n/a	n/a	n/a
71.913	0.02	saccade	n/a	348.6	154.1	n/a	376.1	153.9	1.05	71.0
71.935	0.148	fixation	n/a	378.3	154.8	3262.0	n/a	n/a	n/a	n/a
72.085	0.02	saccade	n/a	380.6	153.5	n/a	417.3	152.7	1.4	100.0
72.107	0.336	fixation	n/a	415.9	153.5	3171.0	n/a	n/a	n/a	n/a
72.445	0.032	saccade	n/a	416.8	154.8	n/a	513.9	156.4	3.69	209.0
72.479	0.214	fixation	n/a	514.9	155.5	3167.0	n/a	n/a	n/a	n/a
72.695	0.028	saccade	n/a	513.2	153.8	n/a	572.2	152.4	2.21	159.0
72.725	0.472	fixation	n/a	567.1	153.3	3282.0	n/a	n/a	n/a	n/a
73.199	0.068	saccade	n/a	565.5	153.3	n/a	115.3	230.5	17.12	451.0
73.269	0.77	fixation	n/a	123.7	230.1	3272.0	n/a	n/a	n/a	n/a
74.041	0.024	saccade	n/a	125.4	223.8	n/a	137.7	173.3	1.99	126.0
74.067	0.158	fixation	n/a	138.1	176.2	3193.0	n/a	n/a	n/a	n/a
74.227	0.018	saccade	n/a	135.5	174.4	n/a	125.4	154.6	0.85	70.0
74.247	0.458	fixation	n/a	126.1	161.7	3321.0	n/a	n/a	n/a	n/a
74.25	0.0	trigger_13	13	n/a	n/a	n/a	n/a	n/a	n/a	n/a
74.707	0.032	saccade	n/a	123.2	165.4	n/a	121.0	244.5	3.03	186.0
74.741	0.172	fixation	n/a	123.4	242.9	3483.0	n/a	n/a	n/a	n/a
74.915	0.032	saccade	n/a	123.1	245.6	n/a	129.5	337.4	3.51	213.0
74.949	0.1	fixation	n/a	127.4	334.8	3587.0	n/a	n/a	n/a	n/a
75.051	0.026	saccade	n/a	125.0	334.1	n/a	93.7	290.7	2.02	138.0
75.079	0.262	fixation	n/a	100.3	290.1	3625.0	n/a	n/a	n/a	n/a
75.343	0.018	saccade	n/a	102.5	289.4	n/a	133.7	290.9	1.17	90.0
75.363	0.46	fixation	n/a	130.6	297.1	3672.0	n/a	n/a	n/a	n/a
75.674	0.0	trigger_15	15	n/a	n/a	n/a	n/a	n/a	n/a	n/a
75.676	0.0	trigger_10	10	n/a	n/a	n/a	n/a	n/a	n/a	n/a
75.825	0.05	saccade	n/a	128.1	302.6	n/a	121.4	186.4	4.45	288.0
75.877	0.306	fixation	n/a	119.4	179.1	3798.0	n/a	n/a	n/a	n/a
76.185	0.016	saccade	n/a	122.2	178.2	n/a	148.2	176.1	0.98	73.0
76.203	0.222	fixation	n/a	179.9	174.9	3645.0	n/a	n/a	n/a	n/a
76.427	0.02	saccade	n/a	187.2	172.3	n/a	220.3	167.4	1.27	88.0
76.449	0.152	fixation	n/a	222.1	168.9	3536.0	n/a	n/a	n/a	n/a
76.603	0.024	saccade	n/a	224.1	167.7	n/a	277.5	160.8	2.06	135.0
76.629	0.262	fixation	n/a	275.7	159.3	3515.0	n/a	n/a	n/a	n/a
76.893	0.02	saccade	n/a	278.0	161.7	n/a	310.4	161.6	1.24	85.0
76.915	0.26	fixation	n/a	308.8	163.7	3559.0	n/a	n/a	n/a	n/a
77.177	0.028	saccade	n/a	307.1	160.7	n/a	371.4	160.9	2.45	164.0
77.207	0.18	fixation	n/a	368.6	161.8	3609.0	n/a	n/a	n/a	n/a
77.389	0.028	saccade	n/a	369.2	159.4	n/a	444.9	156.0	2.89	181.0
77.419	0.184	fixation	n/a	446.7	157.2	3459.0	n/a	n/a	n/a	n/a
77.605	0.024	saccade	n/a	451.2	156.1	n/a	497.0	152.8	1.75	119.0
77.631	0.112	fixation	n/a	494.9	152.0	3349.0	n/a	n/a	n/a	n/a
77.745	0.062	saccade	n/a	494.2	151.1	n/a	106.9	231.9	14.89	436.0
77.809	0.5	fixation	n/a	113.2	234.7	3305.0	n/a	n/a	n/a	n/a
78.311	0.026	saccade	n/a	114.3	230.2	n/a	159.7	217.5	1.77	136.0
78.339	0.128	fixation	n/a	159.5	220.3	3321.0	n/a	n/a	n/a	n/a
78.469	0.028	saccade	n/a	160.4	219.4	n/a	135.7	160.0	2.47	164.0
78.499	0.312	fixation	n/a	141.4	164.3	3282.0	n/a	n/a	n/a	n/a
78.594	0.0	trigger_11	11	n/a	n/a	n/a	n/a	n/a	n/a	n/a
78.6	0.0	trigger_10	10	n/a	n/a	n/a	n/a	n/a	n/a	n/a
78.813	0.014	saccade	n/a	138.9	161.5	n/a	122.5	155.7	0.65	56.0
78.829	0.158	fixation	n/a	124.0	159.5	3399.0	n/a	n/a	n/a	n/a
78.989	0.026	saccade	n/a	124.9	163.4	n/a	205.4	152.6	3.07	181.0
79.017	0.352	fixation	n/a	206.7	156.7	3439.0	n/a	n/a	n/a	n/a
79.371	0.022	saccade	n/a	205.0	161.3	n/a	257.6	154.0	2.02	128.0
79.395	0.074	fixation	n/a	258.2	154.5	3375.0	n/a	n/a	n/a	n/a
79.471	0.114	saccade	n/a	259.8	159.2	n/a	271.2	165.7	0.5	875.0
79.507	0.022	blink	n/a	n/a	n/a	n/a	n/a	n/a	n/a	n/a
79.587	0.206	fixation	n/a	271.6	164.4	3388.0	n/a	n/a	n/a	n/a
79.795	0.022	saccade	n/a	273.1	159.8	n/a	320.3	156.0	1.81	120.0
79.819	0.252	fixation	n/a	319.5	153.4	3319.0	n/a	n/a	n/a	n/a
80.073	0.028	saccade	n/a	319.5	150.6	n/a	389.1	145.0	2.67	178.0
80.103	0.41	fixation	n/a	388.6	148.7	3267.0	n/a	n/a	n/a	n/a
80.515	0.032	saccade	n/a	387.9	149.4	n/a	483.8	151.2	3.65	212.0
80.549	0.142	fixation	n/a	485.9	147.9	3264.0	n/a	n/a	n/a	n/a
80.693	0.03	saccade	n/a	486.6	147.1	n/a	412.4	147.1	2.82	189.0
80.725	0.246	fixation	n/a	413.3	146.8	3250.0	n/a	n/a	n/a	n/a
80.973	0.026	saccade	n/a	412.1	147.9	n/a	473.6	143.8	2.35	152.0
81.001	0.246	fixation	n/a	474.5	144.2	3292.0	n/a	n/a	n/a	n/a
81.249	0.026	saccade	n/a	474.9	143.1	n/a	525.8	147.2	1.93	145.0
81.277	0.35	fixation	n/a	529.4	147.7	3337.0	n/a	n/a	n/a	n/a
81.629	0.026	saccade	n/a	534.8	149.3	n/a	604.6	150.0	2.61	162.0
81.657	0.188	fixation	n/a	606.3	149.4	3328.0	n/a	n/a	n/a	n/a
81.847	0.02	saccade	n/a	609.1	146.3	n/a	645.7	142.7	1.36	97.0
81.869	0.068	fixation	n/a	644.3	145.7	3328.0	n/a	n/a	n/a	n/a
81.939	0.072	saccade	n/a	644.3	146.6	n/a	128.5	217.6	19.37	488.0
82.013	0.36	fixation	n/a	137.5	221.9	3326.0	n/a	n/a	n/a	n/a
82.375	0.03	saccade	n/a	139.7	221.9	n/a	215.0	221.3	2.85	191.0
82.407	0.248	fixation	n/a	217.9	221.1	3232.0	n/a	n/a	n/a	n/a
82.657	0.02	saccade	n/a	222.3	221.7	n/a	254.1	220.1	1.21	88.0
82.679	0.128	fixation	n/a	252.5	220.6	3175.0	n/a	n/a	n/a	n/a
82.809	0.03	saccade	n/a	252.1	218.9	n/a	342.1	218.7	3.44	188.0
82.841	0.184	fixation	n/a	344.4	220.0	3178.0	n/a	n/a	n/a	n/a
83.027	0.132	saccade	n/a	348.0	224.1	n/a	378.4	219.5	1.17	799.0
83.063	0.048	blink	n/a	n/a	n/a	n/a	n/a	n/a	n/a	n/a
83.161	0.178	fixation	n/a	379.7	217.6	3187.0	n/a	n/a	n/a	n/a
83.341	0.028	saccade	n/a	381.5	218.4	n/a	441.3	217.0	2.28	151.0
83.371	0.264	fixation	n/a	440.6	214.4	3138.0	n/a	n/a	n/a	n/a
83.637	0.014	saccade	n/a	445.4	212.7	n/a	461.2	212.8	0.6	50.0
83.653	0.262	fixation	n/a	460.8	215.1	3093.0	n/a	n/a	n/a	n/a
83.917	0.032	saccade	n/a	461.2	214.1	n/a	564.2	211.2	3.89	195.0
83.951	0.216	fixation	n/a	564.3	214.5	3106.0	n/a	n/a	n/a	n/a
84.169	0.018	saccade	n/a	565.6	213.4	n/a	592.1	211.9	0.99	76.0
84.189	0.696	fixation	n/a	585.2	213.3	3143.0	n/a	n/a	n/a	n/a
84.887	0.018	saccade	n/a	582.0	217.7	n/a	608.5	215.6	0.99	75.0
84.907	0.088	fixation	n/a	603.3	217.9	3257.0	n/a	n/a	n/a	n/a
84.997	0.072	saccade	n/a	602.1	219.0	n/a	172.6	163.8	16.23	437.0
85.071	0.228	fixation	n/a	176.7	169.1	3428.0	n/a	n/a	n/a	n/a
85.108	0.0	trigger_11	11	n/a	n/a	n/a	n/a	n/a	n/a	n/a
85.11	0.0	trigger_10	10	n/a	n/a	n/a	n/a	n/a	n/a	n/a
85.301	0.028	saccade	n/a	180.6	171.1	n/a	115.2	172.2	2.47	167.0
85.331	0.328	fixation	n/a	127.0	172.1	3310.0	n/a	n/a	n/a	n/a
85.661	0.028	saccade	n/a	140.4	169.5	n/a	206.3	169.7	2.49	171.0
85.691	0.34	fixation	n/a	207.5	168.1	3324.0	n/a	n/a	n/a	n/a
86.033	0.124	saccade	n/a	211.5	173.3	n/a	241.1	174.3	1.13	838.0
86.067	0.034	blink	n/a	n/a	n/a	n/a	n/a	n/a	n/a	n/a
86.159	0.486	fixation	n/a	239.8	168.7	3269.0	n/a	n/a	n/a	n/a
86.647	0.028	saccade	n/a	242.5	166.8	n/a	314.8	160.0	2.78	174.0
86.677	0.386	fixation	n/a	315.4	158.0	3228.0	n/a	n/a	n/a	n/a
87.065	0.026	saccade	n/a	314.5	158.6	n/a	383.2	155.8	2.63	146.0
87.093	0.372	fixation	n/a	394.0	155.6	3280.0	n/a	n/a	n/a	n/a
87.467	0.026	saccade	n/a	394.8	153.8	n/a	451.4	151.4	2.16	147.0
87.495	0.146	fixation	n/a	449.1	152.4	3249.0	n/a	n/a	n/a	n/a
87.643	0.134	saccade	n/a	450.0	161.8	n/a	426.5	159.4	0.9	809.0
87.677	0.05	blink	n/a	n/a	n/a	n/a	n/a	n/a	n/a	n/a
87.779	0.224	fixation	n/a	427.5	155.3	3279.0	n/a	n/a	n/a	n/a
88.005	0.028	saccade	n/a	427.7	155.2	n/a	507.1	152.3	3.01	170.0
88.035	0.242	fixation	n/a	514.8	152.2	3171.0	n/a	n/a	n/a	n/a
88.279	0.03	saccade	n/a	518.1	150.7	n/a	601.8	144.3	3.14	186.0
88.311	0.318	fixation	n/a	603.4	143.0	3158.0	n/a	n/a	n/a	n/a
88.631	0.072	saccade	n/a	602.5	144.9	n/a	101.8	227.7	18.92	464.0
88.705	0.166	fixation	n/a	109.4	231.4	3353.0	n/a	n/a	n/a	n/a
88.873	0.014	saccade	n/a	107.2	231.8	n/a	91.0	234.6	0.61	50.0
88.889	0.216	fixation	n/a	95.8	234.8	3382.0	n/a	n/a	n/a	n/a
89.107	0.02	saccade	n/a	101.3	231.9	n/a	140.1	222.5	1.5	104.0
89.129	0.144	fixation	n/a	140.0	225.6	3320.0	n/a	n/a	n/a	n/a
89.275	0.026	saccade	n/a	141.3	225.5	n/a	200.5	228.9	2.24	155.0
89.303	0.584	fixation	n/a	202.3	227.8	3318.0	n/a	n/a	n/a	n/a
89.889	0.028	saccade	n/a	213.2	230.1	n/a	278.4	233.5	2.49	162.0
89.919	0.382	fixation	n/a	275.8	232.5	3327.0	n/a	n/a	n/a	n/a
90.303	0.028	saccade	n/a	277.8	229.4	n/a	353.9	228.6	2.91	172.0
90.333	0.342	fixation	n/a	354.1	225.8	3341.0	n/a	n/a	n/a	n/a
90.677	0.034	saccade	n/a	353.8	223.3	n/a	456.9	219.2	3.93	219.0
90.713	0.244	fixation	n/a	459.4	219.6	3218.0	n/a	n/a	n/a	n/a
90.959	0.024	saccade	n/a	461.6	216.9	n/a	514.4	214.4	2.0	126.0
90.985	0.244	fixation	n/a	515.2	216.5	3094.0	n/a	n/a	n/a	n/a
91.231	0.02	saccade	n/a	518.9	219.8	n/a	554.4	215.9	1.35	93.0
91.253	0.192	fixation	n/a	554.8	211.4	3026.0	n/a	n/a	n/a	n/a
91.447	0.018	saccade	n/a	557.0	210.9	n/a	582.0	208.9	0.94	67.0
91.467	0.14	fixation	n/a	580.8	211.2	3005.0	n/a	n/a	n/a	n/a
91.609	0.02	saccade	n/a	582.0	211.8	n/a	619.1	208.9	1.38	94.0
91.631	0.39	fixation	n/a	616.0	214.5	3094.0	n/a	n/a	n/a	n/a
92.023	0.072	saccade	n/a	614.7	214.8	n/a	123.7	287.9	18.5	461.0
92.097	0.36	fixation	n/a	127.8	288.5	3147.0	n/a	n/a	n/a	n/a
92.459	0.028	saccade	n/a	128.7	287.6	n/a	146.5	229.3	2.32	142.0
92.489	0.28	fixation	n/a	149.8	234.7	3131.0	n/a	n/a	n/a	n/a
92.771	0.034	saccade	n/a	149.4	235.1	n/a	159.6	150.4	3.29	207.0
92.807	0.276	fixation	n/a	154.9	151.4	3258.0	n/a	n/a	n/a	n/a
92.852	0.0	trigger_11	11	n/a	n/a	n/a	n/a	n/a	n/a	n/a
92.856	0.0	trigger_10	10	n/a	n/a	n/a	n/a	n/a	n/a	n/a
93.085	0.014	saccade	n/a	150.3	154.7	n/a	135.4	162.7	0.64	53.0
93.101	0.11	fixation	n/a	135.4	163.6	3409.0	n/a	n/a	n/a	n/a
93.213	0.096	saccade	n/a	136.3	167.4	n/a	141.9	164.4	0.24	1512.0
93.311	0.066	fixation	n/a	143.0	166.6	3474.0	n/a	n/a	n/a	n/a
93.379	0.032	saccade	n/a	144.8	167.0	n/a	230.9	171.9	3.27	212.0
93.413	0.616	fixation	n/a	234.2	163.8	3214.0	n/a	n/a	n/a	n/a
94.031	0.02	saccade	n/a	239.7	159.0	n/a	274.2	155.1	1.32	96.0
94.053	0.298	fixation	n/a	276.8	158.2	3232.0	n/a	n/a	n/a	n/a
94.353	0.02	saccade	n/a	278.3	157.1	n/a	308.8	156.0	1.16	79.0
94.375	0.286	fixation	n/a	309.3	156.1	3266.0	n/a	n/a	n/a	n/a
94.663	0.016	saccade	n/a	310.9	158.6	n/a	332.4	157.7	0.82	64.0
94.681	0.248	fixation	n/a	327.4	161.7	3384.0	n/a	n/a	n/a	n/a
94.931	0.038	saccade	n/a	325.2	161.0	n/a	419.4	165.8	3.61	150.0
94.971	0.312	fixation	n/a	420.1	163.3	3440.0	n/a	n/a	n/a	n/a
95.285	0.016	saccade	n/a	424.3	158.1	n/a	443.5	154.1	0.75	58.0
95.303	0.232	fixation	n/a	444.2	156.4	3383.0	n/a	n/a	n/a	n/a
95.537	0.028	saccade	n/a	446.7	158.0	n/a	504.5	159.4	2.2	151.0
95.567	0.104	fixation	n/a	501.7	155.8	3324.0	n/a	n/a	n/a	n/a
95.673	0.164	saccade	n/a	505.0	162.1	n/a	511.4	160.5	0.25	943.0
95.707	0.08	blink	n/a	n/a	n/a	n/a	n/a	n/a	n/a	n/a
95.839	0.536	fixation	n/a	512.4	155.7	3254.0	n/a	n/a	n/a	n/a
96.228	0.0	trigger_11	11	n/a	n/a	n/a	n/a	n/a	n/a	n/a
96.23	0.0	trigger_10	10	n/a	n/a	n/a	n/a	n/a	n/a	n/a
96.377	0.062	saccade	n/a	512.8	157.4	n/a	168.9	178.7	13.0	363.0
96.441	0.104	fixation	n/a	171.3	182.8	3231.0	n/a	n/a	n/a	n/a
96.547	0.026	saccade	n/a	171.4	183.5	n/a	126.0	162.0	1.9	132.0
96.575	0.248	fixation	n/a	129.3	168.8	3261.0	n/a	n/a	n/a	n/a
96.825	0.022	saccade	n/a	131.4	170.8	n/a	173.0	166.8	1.58	104.0
96.849	0.244	fixation	n/a	173.1	166.4	3291.0	n/a	n/a	n/a	n/a
97.095	0.02	saccade	n/a	175.6	168.1	n/a	205.5	165.8	1.14	75.0
97.117	0.148	fixation	n/a	206.5	167.7	3284.0	n/a	n/a	n/a	n/a
97.267	0.024	saccade	n/a	209.9	169.8	n/a	266.6	166.9	2.17	129.0
97.293	0.336	fixation	n/a	270.4	167.0	3429.0	n/a	n/a	n/a	n/a
97.631	0.026	saccade	n/a	271.5	164.6	n/a	328.2	162.8	2.17	142.0
97.659	0.116	fixation	n/a	327.9	162.2	3527.0	n/a	n/a	n/a	n/a
97.777	0.034	saccade	n/a	328.7	161.1	n/a	411.8	159.6	3.18	209.0
97.813	0.128	fixation	n/a	412.3	157.1	3534.0	n/a	n/a	n/a	n/a
97.943	0.052	saccade	n/a	413.8	156.9	n/a	187.5	171.2	8.62	323.0
97.997	0.33	fixation	n/a	191.2	173.3	3542.0	n/a	n/a	n/a	n/a
98.329	0.028	saccade	n/a	193.2	169.3	n/a	251.2	162.6	2.22	170.0
98.359	0.146	fixation	n/a	252.2	161.7	3452.0	n/a	n/a	n/a	n/a
98.507	0.032	saccade	n/a	253.7	161.1	n/a	158.4	163.2	3.62	214.0
98.541	0.378	fixation	n/a	164.9	162.2	3318.0	n/a	n/a	n/a	n/a
98.921	0.04	saccade	n/a	165.8	161.2	n/a	312.2	151.3	5.57	258.0
98.963	0.22	fixation	n/a	316.7	151.1	3246.0	n/a	n/a	n/a	n/a
99.185	0.034	saccade	n/a	317.8	148.8	n/a	421.0	150.5	3.94	239.0
99.221	0.224	fixation	n/a	424.4	150.6	3212.0	n/a	n/a	n/a	n/a
99.447	0.02	saccade	n/a	422.6	151.6	n/a	391.9	152.5	1.17	88.0
99.469	0.106	fixation	n/a	396.6	152.4	3188.0	n/a	n/a	n/a	n/a
99.577	0.03	saccade	n/a	396.8	152.5	n/a	471.4	148.2	2.85	189.0
99.609	0.09	fixation	n/a	470.2	147.5	3143.0	n/a	n/a	n/a	n/a
99.701	0.034	saccade	n/a	470.7	149.1	n/a	363.1	156.6	4.12	253.0
99.737	0.146	fixation	n/a	362.7	158.8	3168.0	n/a	n/a	n/a	n/a
99.885	0.04	saccade	n/a	362.6	160.3	n/a	503.9	156.7	5.38	292.0
99.927	0.324	fixation	n/a	511.9	151.4	3177.0	n/a	n/a	n/a	n/a
100.253	0.062	saccade	n/a	514.2	152.3	n/a	139.8	225.9	14.38	370.0
100.317	0.266	fixation	n/a	150.1	231.7	3145.0	n/a	n/a	n/a	n/a
100.585	0.026	saccade	n/a	148.9	228.4	n/a	104.7	228.8	1.66	120.0
100.613	0.252	fixation	n/a	108.6	230.8	3173.0	n/a	n/a	n/a	n/a
100.867	0.03	saccade	n/a	108.6	233.3	n/a	192.9	221.8	3.21	195.0
100.899	0.318	fixation	n/a	196.3	223.9	3166.0	n/a	n/a	n/a	n/a
101.219	0.02	saccade	n/a	198.0	223.1	n/a	228.7	221.9	1.17	82.0
101.241	0.112	fixation	n/a	227.9	223.6	3197.0	n/a	n/a	n/a	n/a
101.355	0.028	saccade	n/a	229.9	223.4	n/a	291.8	224.8	2.36	156.0
101.385	0.23	fixation	n/a	291.1	225.5	3261.0	n/a	n/a	n/a	n/a
101.617	0.032	saccade	n/a	289.2	224.4	n/a	190.4	171.8	4.27	215.0
101.651	0.212	fixation	n/a	181.0	167.5	3275.0	n/a	n/a	n/a	n/a
101.668	0.0	trigger_11	11	n/a	n/a	n/a	n/a	n/a	n/a	n/a
101.672	0.0	trigger_10	10	n/a	n/a	n/a	n/a	n/a	n/a	n/a
101.865	0.024	saccade	n/a	179.5	168.5	n/a	127.7	159.5	1.99	130.0
101.891	0.064	fixation	n/a	129.3	159.7	3267.0	n/a	n/a	n/a	n/a
101.957	0.126	saccade	n/a	132.1	159.9	n/a	130.7	169.6	0.38	785.0
101.991	0.036	blink	n/a	n/a	n/a	n/a	n/a	n/a	n/a	n/a
102.085	0.156	fixation	n/a	129.1	169.1	3243.0	n/a	n/a	n/a	n/a
102.243	0.032	saccade	n/a	126.5	166.5	n/a	218.5	164.9	3.48	202.0
102.277	0.272	fixation	n/a	218.4	162.5	3189.0	n/a	n/a	n/a	n/a
102.551	0.028	saccade	n/a	218.2	159.1	n/a	292.4	147.2	2.86	157.0
102.581	0.31	fixation	n/a	296.8	149.8	3140.0	n/a	n/a	n/a	n/a
102.893	0.032	saccade	n/a	297.2	152.7	n/a	371.1	152.7	2.83	190.0
102.927	0.406	fixation	n/a	369.7	148.9	3220.0	n/a	n/a	n/a	n/a
103.335	0.026	saccade	n/a	371.2	147.9	n/a	325.9	147.3	1.73	132.0
103.363	0.08	fixation	n/a	331.0	146.3	3175.0	n/a	n/a	n/a	n/a
103.445	0.036	saccade	n/a	332.0	147.9	n/a	449.0	152.4	4.46	284.0
103.483	0.238	fixation	n/a	457.7	150.1	3152.0	n/a	n/a	n/a	n/a
103.723	0.018	saccade	n/a	460.3	150.8	n/a	491.7	147.3	1.2	89.0
103.743	0.142	fixation	n/a	486.3	148.2	3197.0	n/a	n/a	n/a	n/a
103.887	0.064	saccade	n/a	485.0	150.5	n/a	108.8	233.1	14.5	410.0
103.953	0.498	fixation	n/a	113.2	237.6	3197.0	n/a	n/a	n/a	n/a
104.453	0.018	saccade	n/a	119.1	240.3	n/a	148.0	235.4	1.1	78.0
104.473	0.304	fixation	n/a	149.1	235.7	3216.0	n/a	n/a	n/a	n/a
104.779	0.018	saccade	n/a	145.8	233.2	n/a	117.9	233.5	1.05	84.0
104.799	0.036	fixation	n/a	124.3	231.4	3288.0	n/a	n/a	n/a	n/a
104.837	0.038	saccade	n/a	126.6	231.0	n/a	264.2	234.3	5.2	310.0
104.877	0.22	fixation	n/a	271.2	231.7	3396.0	n/a	n/a	n/a	n/a
105.099	0.022	saccade	n/a	271.4	230.4	n/a	307.1	228.5	1.36	101.0
105.123	0.242	fixation	n/a	302.7	227.7	3407.0	n/a	n/a	n/a	n/a
105.367	0.022	saccade	n/a	303.1	229.1	n/a	342.1	216.2	1.58	107.0
105.391	0.094	fixation	n/a	340.1	217.2	3321.0	n/a	n/a	n/a	n/a
105.487	0.056	saccade	n/a	339.3	216.6	n/a	127.7	152.3	8.39	304.0
105.518	0.0	trigger_11	11	n/a	n/a	n/a	n/a	n/a	n/a	n/a
105.524	0.0	trigger_10	10	n/a	n/a	n/a	n/a	n/a	n/a	n/a
105.545	0.396	fixation	n/a	130.4	155.1	3191.0	n/a	n/a	n/a	n/a
105.943	0.032	saccade	n/a	130.5	155.9	n/a	223.5	164.4	3.53	222.0
105.977	0.088	fixation	n/a	222.8	161.9	3338.0	n/a	n/a	n/a	n/a
106.067	0.066	saccade	n/a	229.1	168.5	n/a	236.2	165.6	0.29	582.0
106.135	0.204	fixation	n/a	236.4	162.6	3298.0	n/a	n/a	n/a	n/a
106.341	0.034	saccade	n/a	237.9	161.7	n/a	337.9	154.5	3.83	214.0
106.377	0.124	fixation	n/a	337.8	152.7	3210.0	n/a	n/a	n/a	n/a
106.503	0.032	saccade	n/a	337.8	150.5	n/a	249.8	160.7	3.39	222.0
106.537	0.426	fixation	n/a	253.6	163.5	3135.0	n/a	n/a	n/a	n/a
106.965	0.034	saccade	n/a	254.4	164.8	n/a	343.9	158.9	3.43	228.0
107.001	0.336	fixation	n/a	345.7	156.6	3257.0	n/a	n/a	n/a	n/a
107.339	0.018	saccade	n/a	350.6	160.2	n/a	375.3	156.5	0.96	72.0
107.359	1.032	fixation	n/a	369.6	158.4	3397.0	n/a	n/a	n/a	n/a
108.393	0.034	saccade	n/a	366.9	159.2	n/a	453.2	155.9	3.3	220.0
108.429	0.362	fixation	n/a	456.8	155.4	3603.0	n/a	n/a	n/a	n/a
108.793	0.014	saccade	n/a	459.0	155.7	n/a	441.2	158.4	0.69	59.0
108.809	0.126	fixation	n/a	444.5	159.3	3509.0	n/a	n/a	n/a	n/a
108.937	0.028	saccade	n/a	443.5	159.1	n/a	397.2	159.7	1.77	150.0
108.967	0.074	fixation	n/a	404.9	161.2	3493.0	n/a	n/a	n/a	n/a
109.043	0.032	saccade	n/a	405.8	161.8	n/a	484.9	157.9	3.02	216.0
109.077	0.1	fixation	n/a	484.3	155.8	3477.0	n/a	n/a	n/a	n/a
109.179	0.03	saccade	n/a	485.4	155.6	n/a	549.5	152.7	2.43	203.0
109.211	0.172	fixation	n/a	546.5	150.4	3521.0	n/a	n/a	n/a	n/a
109.385	0.066	saccade	n/a	544.0	151.8	n/a	104.4	233.8	16.76	468.0
109.453	0.302	fixation	n/a	111.2	234.4	3428.0	n/a	n/a	n/a	n/a
109.757	0.032	saccade	n/a	115.0	233.5	n/a	208.2	227.5	3.52	219.0
109.791	0.228	fixation	n/a	214.7	225.1	3268.0	n/a	n/a	n/a	n/a
110.021	0.022	saccade	n/a	219.2	226.2	n/a	260.4	224.0	1.57	107.0
110.045	0.166	fixation	n/a	259.5	222.8	3224.0	n/a	n/a	n/a	n/a
110.213	0.024	saccade	n/a	258.0	219.6	n/a	217.9	224.6	1.53	120.0
110.239	0.098	fixation	n/a	224.2	225.0	3234.0	n/a	n/a	n/a	n/a
110.339	0.032	saccade	n/a	224.9	225.9	n/a	315.9	223.4	3.47	226.0
110.373	0.276	fixation	n/a	319.3	225.0	3204.0	n/a	n/a	n/a	n/a
110.651	0.16	saccade	n/a	322.6	230.1	n/a	337.8	221.9	0.66	820.0
110.685	0.07	blink	n/a	n/a	n/a	n/a	n/a	n/a	n/a	n/a
110.813	0.26	fixation	n/a	337.9	225.1	3146.0	n/a	n/a	n/a	n/a
111.075	0.016	saccade	n/a	336.0	224.6	n/a	317.2	230.0	0.75	58.0
111.093	0.246	fixation	n/a	320.8	223.8	3036.0	n/a	n/a	n/a	n/a
111.341	0.024	saccade	n/a	325.9	225.2	n/a	373.5	213.3	1.88	124.0
111.367	0.148	fixation	n/a	373.0	212.9	2987.0	n/a	n/a	n/a	n/a
111.517	0.02	saccade	n/a	375.6	213.1	n/a	407.3	217.7	1.22	87.0
111.539	0.214	fixation	n/a	406.9	216.4	3043.0	n/a	n/a	n/a	n/a
111.755	0.034	saccade	n/a	407.1	216.0	n/a	503.0	215.7	3.64	219.0
111.791	0.2	fixation	n/a	504.8	215.1	3145.0	n/a	n/a	n/a	n/a
111.993	0.03	saccade	n/a	506.0	216.7	n/a	579.0	209.9	2.76	173.0
112.025	0.626	fixation	n/a	576.3	211.2	3134.0	n/a	n/a	n/a	n/a
112.653	0.026	saccade	n/a	573.6	215.3	n/a	625.7	209.9	1.95	136.0
112.681	0.458	fixation	n/a	622.0	213.4	3268.0	n/a	n/a	n/a	n/a
113.141	0.03	saccade	n/a	620.4	215.5	n/a	560.7	163.3	2.99	172.0
113.173	0.138	fixation	n/a	559.3	167.3	3346.0	n/a	n/a	n/a	n/a
113.313	0.064	saccade	n/a	558.4	167.7	n/a	141.7	164.9	15.7	438.0
113.379	0.512	fixation	n/a	147.5	165.9	3439.0	n/a	n/a	n/a	n/a
113.39	0.0	trigger_11	11	n/a	n/a	n/a	n/a	n/a	n/a	n/a
113.392	0.0	trigger_10	10	n/a	n/a	n/a	n/a	n/a	n/a	n/a
113.893	0.032	saccade	n/a	162.7	164.9	n/a	256.7	161.8	3.58	211.0
113.927	0.342	fixation	n/a	260.9	160.1	3312.0	n/a	n/a	n/a	n/a
114.271	0.05	saccade	n/a	261.4	171.4	n/a	281.1	164.4	0.8	170.0
114.323	0.084	fixation	n/a	286.0	163.4	3305.0	n/a	n/a	n/a	n/a
114.409	0.122	saccade	n/a	287.1	165.9	n/a	309.7	173.7	0.92	887.0
114.447	0.028	blink	n/a	n/a	n/a	n/a	n/a	n/a	n/a	n/a
114.533	0.512	fixation	n/a	307.4	163.8	3331.0	n/a	n/a	n/a	n/a
115.047	0.02	saccade	n/a	305.9	157.6	n/a	276.2	158.0	1.13	83.0
115.069	0.152	fixation	n/a	281.2	161.4	3266.0	n/a	n/a	n/a	n/a
115.223	0.034	saccade	n/a	281.5	161.2	n/a	378.8	160.6	3.72	251.0
115.259	0.278	fixation	n/a	383.2	158.6	3404.0	n/a	n/a	n/a	n/a
115.539	0.03	saccade	n/a	387.1	157.1	n/a	462.9	155.2	2.89	185.0
115.571	0.374	fixation	n/a	461.2	153.2	3434.0	n/a	n/a	n/a	n/a
115.947	0.016	saccade	n/a	466.5	151.7	n/a	488.6	150.4	0.84	66.0
115.965	0.376	fixation	n/a	480.6	151.4	3368.0	n/a	n/a	n/a	n/a
116.343	0.03	saccade	n/a	470.8	155.0	n/a	543.2	152.7	2.74	186.0
116.375	0.464	fixation	n/a	544.7	156.6	3409.0	n/a	n/a	n/a	n/a
116.841	0.026	saccade	n/a	547.6	154.0	n/a	604.4	151.4	2.13	143.0
116.869	0.172	fixation	n/a	602.9	150.0	3266.0	n/a	n/a	n/a	n/a
117.043	0.076	saccade	n/a	603.4	148.9	n/a	106.4	233.1	18.82	397.0
117.121	0.24	fixation	n/a	112.1	238.0	3273.0	n/a	n/a	n/a	n/a
117.363	0.018	saccade	n/a	116.4	235.3	n/a	139.5	226.0	0.94	70.0
117.383	0.212	fixation	n/a	138.6	225.8	3218.0	n/a	n/a	n/a	n/a
117.597	0.026	saccade	n/a	137.1	224.4	n/a	93.7	231.0	1.65	127.0
117.625	0.28	fixation	n/a	99.3	230.4	3146.0	n/a	n/a	n/a	n/a
117.907	0.03	saccade	n/a	99.1	230.0	n/a	166.1	219.3	2.55	176.0
117.939	0.11	fixation	n/a	163.7	217.3	3192.0	n/a	n/a	n/a	n/a
118.051	0.064	saccade	n/a	164.5	219.6	n/a	203.3	225.2	1.48	474.0
118.117	0.28	fixation	n/a	204.0	225.4	3299.0	n/a	n/a	n/a	n/a
118.399	0.02	saccade	n/a	208.8	229.4	n/a	247.8	226.5	1.49	104.0
118.421	0.312	fixation	n/a	249.2	225.4	3228.0	n/a	n/a	n/a	n/a
118.735	0.016	saccade	n/a	251.7	222.1	n/a	269.9	223.7	0.7	55.0
118.753	0.442	fixation	n/a	270.7	226.8	3208.0	n/a	n/a	n/a	n/a
119.197	0.016	saccade	n/a	274.0	230.5	n/a	294.0	230.6	0.76	61.0
119.215	0.352	fixation	n/a	288.6	232.4	3432.0	n/a	n/a	n/a	n/a
119.414	0.0	trigger_11	11	n/a	n/a	n/a	n/a	n/a	n/a	n/a
119.416	0.0	trigger_10	10	n/a	n/a	n/a	n/a	n/a	n/a	n/a
119.569	0.042	saccade	n/a	286.4	234.8	n/a	150.0	168.6	5.78	260.0
119.613	0.188	fixation	n/a	154.5	174.3	3376.0	n/a	n/a	n/a	n/a
119.803	0.016	saccade	n/a	152.6	176.0	n/a	131.1	174.2	0.81	60.0
119.821	0.176	fixation	n/a	130.6	173.0	3339.0	n/a	n/a	n/a	n/a
119.999	0.034	saccade	n/a	130.9	171.8	n/a	225.1	165.4	3.57	204.0
120.035	0.502	fixation	n/a	221.1	163.2	3287.0	n/a	n/a	n/a	n/a
120.539	0.042	saccade	n/a	216.1	165.2	n/a	340.6	158.1	4.76	221.0
120.583	0.086	fixation	n/a	339.9	158.1	3340.0	n/a	n/a	n/a	n/a
120.671	0.138	saccade	n/a	342.0	160.6	n/a	316.3	162.0	0.99	996.0
120.705	0.05	blink	n/a	n/a	n/a	n/a	n/a	n/a	n/a	n/a
120.811	0.15	fixation	n/a	315.6	162.3	3420.0	n/a	n/a	n/a	n/a
120.963	0.034	saccade	n/a	316.7	162.0	n/a	429.6	165.1	4.32	229.0
120.999	0.286	fixation	n/a	431.3	161.6	3314.0	n/a	n/a	n/a	n/a
121.287	0.03	saccade	n/a	435.8	155.1	n/a	500.8	151.7	2.47	159.0
121.319	0.278	fixation	n/a	502.1	151.6	3177.0	n/a	n/a	n/a	n/a
121.599	0.018	saccade	n/a	505.0	152.2	n/a	530.7	149.4	0.98	74.0
121.619	0.218	fixation	n/a	527.7	151.2	3211.0	n/a	n/a	n/a	n/a
121.839	0.028	saccade	n/a	530.1	152.6	n/a	576.9	150.5	1.76	150.0
121.869	0.118	fixation	n/a	574.7	149.9	3310.0	n/a	n/a	n/a	n/a
121.989	0.07	saccade	n/a	574.9	150.2	n/a	99.0	227.5	18.07	478.0
122.061	0.316	fixation	n/a	105.7	230.9	3461.0	n/a	n/a	n/a	n/a
122.379	0.03	saccade	n/a	109.8	234.9	n/a	198.9	234.6	3.36	206.0
122.411	0.166	fixation	n/a	201.8	232.9	3401.0	n/a	n/a	n/a	n/a
122.579	0.022	saccade	n/a	204.7	231.9	n/a	242.1	232.6	1.43	105.0
122.603	0.354	fixation	n/a	241.0	233.7	3370.0	n/a	n/a	n/a	n/a
122.959	0.036	saccade	n/a	240.5	232.6	n/a	351.6	232.7	4.24	253.0
122.997	0.402	fixation	n/a	352.8	231.0	3366.0	n/a	n/a	n/a	n/a
123.401	0.032	saccade	n/a	354.0	229.0	n/a	444.5	224.9	3.45	216.0
123.435	0.758	fixation	n/a	457.1	224.2	3219.0	n/a	n/a	n/a	n/a
124.195	0.018	saccade	n/a	467.0	219.3	n/a	497.4	215.8	1.16	85.0
124.215	0.132	fixation	n/a	493.1	218.2	3258.0	n/a	n/a	n/a	n/a
124.349	0.028	saccade	n/a	493.1	219.9	n/a	555.3	220.6	2.35	154.0
124.379	0.32	fixation	n/a	552.7	220.5	3299.0	n/a	n/a	n/a	n/a
124.701	0.028	saccade	n/a	556.4	222.1	n/a	626.9	220.9	2.63	172.0
124.731	0.546	fixation	n/a	627.2	218.1	3131.0	n/a	n/a	n/a	n/a
125.279	0.076	saccade	n/a	625.9	219.1	n/a	133.2	293.9	18.57	429.0
125.357	0.12	fixation	n/a	132.1	292.7	3252.0	n/a	n/a	n/a	n/a
125.479	0.02	saccade	n/a	128.6	293.8	n/a	97.4	298.1	1.17	85.0
125.501	0.292	fixation	n/a	102.8	298.4	3249.0	n/a	n/a	n/a	n/a
125.795	0.064	saccade	n/a	106.5	298.6	n/a	556.5	236.3	16.99	476.0
125.861	0.178	fixation	n/a	569.9	231.1	3197.0	n/a	n/a	n/a	n/a
126.041	0.032	saccade	n/a	573.4	230.9	n/a	434.7	226.2	5.24	295.0
126.075	0.28	fixation	n/a	427.1	227.4	3211.0	n/a	n/a	n/a	n/a
126.357	0.028	saccade	n/a	427.3	228.1	n/a	362.6	227.7	2.47	179.0
126.387	0.308	fixation	n/a	367.7	225.8	3197.0	n/a	n/a	n/a	n/a
126.697	0.042	saccade	n/a	370.3	224.8	n/a	180.5	142.5	7.9	312.0
126.741	0.254	fixation	n/a	162.9	145.3	3138.0	n/a	n/a	n/a	n/a
126.798	0.0	trigger_11	11	n/a	n/a	n/a	n/a	n/a	n/a	n/a
126.802	0.0	trigger_10	10	n/a	n/a	n/a	n/a	n/a	n/a	n/a
126.997	0.02	saccade	n/a	157.7	146.8	n/a	125.2	161.2	1.34	99.0
127.019	0.246	fixation	n/a	125.5	162.1	3267.0	n/a	n/a	n/a	n/a
127.267	0.03	saccade	n/a	124.8	165.0	n/a	210.3	162.0	3.23	202.0
127.299	0.08	fixation	n/a	210.5	160.6	3291.0	n/a	n/a	n/a	n/a
127.381	0.08	saccade	n/a	215.0	165.5	n/a	223.5	174.0	0.46	733.0
127.463	0.322	fixation	n/a	224.4	169.2	3227.0	n/a	n/a	n/a	n/a
127.787	0.032	saccade	n/a	226.2	167.9	n/a	302.1	160.1	2.91	192.0
127.821	0.306	fixation	n/a	303.3	160.4	3190.0	n/a	n/a	n/a	n/a
128.129	0.026	saccade	n/a	303.3	161.7	n/a	354.7	159.6	1.97	140.0
128.157	0.296	fixation	n/a	350.0	159.0	3359.0	n/a	n/a	n/a	n/a
128.455	0.022	saccade	n/a	352.4	158.4	n/a	398.2	155.1	1.76	113.0
128.479	0.192	fixation	n/a	396.4	156.7	3348.0	n/a	n/a	n/a	n/a
128.673	0.024	saccade	n/a	397.4	155.7	n/a	449.6	157.3	2.0	131.0
128.699	0.082	fixation	n/a	447.2	157.9	3379.0	n/a	n/a	n/a	n/a
128.783	0.144	saccade	n/a	449.3	166.0	n/a	479.1	166.9	1.14	1031.0
128.815	0.06	blink	n/a	n/a	n/a	n/a	n/a	n/a	n/a	n/a
128.929	0.32	fixation	n/a	479.2	162.7	3509.0	n/a	n/a	n/a	n/a
129.251	0.018	saccade	n/a	478.6	159.0	n/a	447.7	160.3	1.18	86.0
129.271	0.128	fixation	n/a	451.0	158.4	3355.0	n/a	n/a	n/a	n/a
129.401	0.03	saccade	n/a	455.2	157.4	n/a	521.1	153.8	2.5	165.0
129.433	0.24	fixation	n/a	521.9	156.1	3297.0	n/a	n/a	n/a	n/a
129.675	0.028	saccade	n/a	524.7	158.4	n/a	584.7	159.4	2.26	162.0
129.705	0.464	fixation	n/a	583.0	155.3	3294.0	n/a	n/a	n/a	n/a
130.171	0.06	saccade	n/a	583.1	157.2	n/a	259.9	154.2	12.2	337.0
130.233	0.248	fixation	n/a	260.9	158.4	3329.0	n/a	n/a	n/a	n/a
130.483	0.032	saccade	n/a	261.3	159.5	n/a	164.4	162.6	3.68	216.0
130.517	0.094	fixation	n/a	163.2	162.6	3335.0	n/a	n/a	n/a	n/a
130.613	0.024	saccade	n/a	163.0	163.9	n/a	125.2	170.0	1.44	110.0
130.639	0.484	fixation	n/a	127.8	172.3	3405.0	n/a	n/a	n/a	n/a
130.72	0.0	trigger_11	11	n/a	n/a	n/a	n/a	n/a	n/a	n/a
130.728	0.0	trigger_10	10	n/a	n/a	n/a	n/a	n/a	n/a	n/a
131.125	0.028	saccade	n/a	125.4	171.8	n/a	194.3	162.4	2.63	164.0
131.155	0.08	fixation	n/a	191.3	162.1	3494.0	n/a	n/a	n/a	n/a
131.237	0.126	saccade	n/a	193.9	166.3	n/a	200.5	164.3	0.26	965.0
131.271	0.034	blink	n/a	n/a	n/a	n/a	n/a	n/a	n/a	n/a
131.365	0.242	fixation	n/a	198.8	170.6	3422.0	n/a	n/a	n/a	n/a
131.609	0.032	saccade	n/a	198.7	172.0	n/a	278.6	171.3	3.05	199.0
131.643	0.512	fixation	n/a	280.5	166.0	3318.0	n/a	n/a	n/a	n/a
132.157	0.022	saccade	n/a	279.5	161.6	n/a	317.3	162.9	1.45	107.0
132.181	0.212	fixation	n/a	314.3	163.9	3468.0	n/a	n/a	n/a	n/a
132.395	0.03	saccade	n/a	315.7	163.5	n/a	386.3	161.1	2.71	170.0
132.427	0.352	fixation	n/a	383.1	162.0	3536.0	n/a	n/a	n/a	n/a
132.781	0.028	saccade	n/a	384.1	161.2	n/a	452.4	162.7	2.61	168.0
132.811	0.278	fixation	n/a	450.2	162.0	3552.0	n/a	n/a	n/a	n/a
133.091	0.024	saccade	n/a	452.2	160.6	n/a	518.7	153.6	2.54	150.0
133.117	0.248	fixation	n/a	520.3	156.1	3584.0	n/a	n/a	n/a	n/a
133.367	0.066	saccade	n/a	521.9	158.6	n/a	107.2	235.8	15.9	416.0
133.435	0.62	fixation	n/a	110.6	239.0	3538.0	n/a	n/a	n/a	n/a
134.057	0.028	saccade	n/a	114.2	236.9	n/a	187.3	232.4	2.76	186.0
134.087	0.082	fixation	n/a	188.1	232.5	3324.0	n/a	n/a	n/a	n/a
134.171	0.03	saccade	n/a	191.4	232.5	n/a	258.7	235.0	2.56	191.0
134.203	0.342	fixation	n/a	258.8	231.1	3331.0	n/a	n/a	n/a	n/a
134.547	0.032	saccade	n/a	261.7	230.7	n/a	344.9	230.9	3.18	208.0
134.581	0.064	fixation	n/a	344.9	229.4	3295.0	n/a	n/a	n/a	n/a
134.647	0.144	saccade	n/a	349.2	236.0	n/a	353.6	233.2	0.2	834.0
134.679	0.064	blink	n/a	n/a	n/a	n/a	n/a	n/a	n/a	n/a
134.793	0.128	fixation	n/a	354.7	231.0	3289.0	n/a	n/a	n/a	n/a
134.923	0.03	saccade	n/a	354.3	230.4	n/a	429.5	223.9	2.89	192.0
134.955	0.196	fixation	n/a	428.8	221.4	3263.0	n/a	n/a	n/a	n/a
135.153	0.026	saccade	n/a	432.0	221.9	n/a	492.0	214.3	2.3	154.0
135.181	0.184	fixation	n/a	492.0	213.4	3069.0	n/a	n/a	n/a	n/a
135.367	0.02	saccade	n/a	495.0	213.9	n/a	526.9	211.5	1.21	86.0
135.389	0.296	fixation	n/a	523.5	211.4	3100.0	n/a	n/a	n/a	n/a
135.687	0.016	saccade	n/a	526.1	211.1	n/a	545.3	210.8	0.72	54.0
135.705	0.378	fixation	n/a	545.6	213.1	3152.0	n/a	n/a	n/a	n/a
136.085	0.03	saccade	n/a	545.1	213.8	n/a	615.0	212.1	2.61	187.0
136.117	0.298	fixation	n/a	613.9	210.7	3246.0	n/a	n/a	n/a	n/a
136.417	0.028	saccade	n/a	614.9	213.3	n/a	675.5	212.0	2.23	155.0
136.447	0.226	fixation	n/a	673.0	214.6	3289.0	n/a	n/a	n/a	n/a
136.675	0.074	saccade	n/a	673.6	216.9	n/a	129.9	294.0	20.31	469.0
136.751	0.16	fixation	n/a	135.1	299.1	3333.0	n/a	n/a	n/a	n/a
136.913	0.016	saccade	n/a	133.3	301.3	n/a	111.6	303.3	0.81	65.0
136.931	0.16	fixation	n/a	115.2	300.0	3266.0	n/a	n/a	n/a	n/a
137.093	0.032	saccade	n/a	116.9	299.1	n/a	204.3	295.9	3.29	218.0
137.127	0.336	fixation	n/a	207.3	292.4	3181.0	n/a	n/a	n/a	n/a
137.465	0.028	saccade	n/a	209.5	290.0	n/a	271.7	285.8	2.37	154.0
137.495	0.186	fixation	n/a	275.2	287.1	3098.0	n/a	n/a	n/a	n/a
137.683	0.032	saccade	n/a	277.9	288.1	n/a	366.8	291.6	3.4	213.0
137.717	0.328	fixation	n/a	368.9	289.1	3028.0	n/a	n/a	n/a	n/a
138.047	0.02	saccade	n/a	366.6	289.3	n/a	335.1	292.1	1.21	85.0
138.069	0.274	fixation	n/a	337.6	290.7	3021.0	n/a	n/a	n/a	n/a
138.345	0.034	saccade	n/a	337.9	290.3	n/a	454.6	287.3	4.45	243.0
138.381	0.406	fixation	n/a	458.1	286.4	3054.0	n/a	n/a	n/a	n/a
138.789	0.034	saccade	n/a	458.8	286.0	n/a	561.7	279.8	3.89	183.0
138.825	0.266	fixation	n/a	558.9	278.2	3068.0	n/a	n/a	n/a	n/a
139.093	0.026	saccade	n/a	559.8	276.6	n/a	609.6	271.6	1.86	127.0
139.121	0.186	fixation	n/a	606.2	274.7	3127.0	n/a	n/a	n/a	n/a
139.309	0.174	saccade	n/a	605.0	282.0	n/a	577.4	299.3	1.22	716.0
139.341	0.086	blink	n/a	n/a	n/a	n/a	n/a	n/a	n/a	n/a
139.485	0.028	fixation	n/a	578.2	298.5	3222.0	n/a	n/a	n/a	n/a
139.515	0.022	saccade	n/a	576.1	298.0	n/a	537.7	295.8	1.44	109.0
139.539	0.18	fixation	n/a	542.0	293.4	3312.0	n/a	n/a	n/a	n/a
139.721	0.026	saccade	n/a	541.6	298.2	n/a	597.6	288.3	2.12	138.0
139.749	0.63	fixation	n/a	602.2	284.3	3223.0	n/a	n/a	n/a	n/a
140.381	0.022	saccade	n/a	601.5	288.4	n/a	566.8	289.8	1.29	100.0
140.405	0.406	fixation	n/a	569.2	289.1	3388.0	n/a	n/a	n/a	n/a
140.813	0.022	saccade	n/a	567.1	287.3	n/a	609.2	280.7	1.59	110.0
140.837	0.124	fixation	n/a	605.7	282.3	3447.0	n/a	n/a	n/a	n/a
140.963	0.024	saccade	n/a	606.6	283.2	n/a	646.8	282.6	1.48	124.0
140.989	0.22	fixation	n/a	638.4	283.8	3491.0	n/a	n/a	n/a	n/a
141.211	0.03	saccade	n/a	636.0	284.6	n/a	685.1	281.6	1.8	156.0
141.243	0.086	fixation	n/a	683.8	282.6	3503.0	n/a	n/a	n/a	n/a
141.331	0.078	saccade	n/a	684.1	283.7	n/a	101.1	369.9	21.6	497.0
141.411	0.282	fixation	n/a	112.6	371.1	3439.0	n/a	n/a	n/a	n/a
141.695	0.032	saccade	n/a	118.6	369.4	n/a	229.3	359.3	4.16	232.0
141.729	0.234	fixation	n/a	234.8	360.9	3167.0	n/a	n/a	n/a	n/a
141.965	0.02	saccade	n/a	234.2	360.3	n/a	201.7	359.9	1.22	98.0
141.987	0.168	fixation	n/a	207.0	358.5	3091.0	n/a	n/a	n/a	n/a
142.157	0.032	saccade	n/a	209.4	359.8	n/a	303.0	355.0	3.55	225.0
142.191	0.166	fixation	n/a	304.1	353.4	3144.0	n/a	n/a	n/a	n/a
142.359	0.028	saccade	n/a	302.1	352.9	n/a	246.8	357.1	2.1	152.0
142.389	0.344	fixation	n/a	247.5	357.2	3283.0	n/a	n/a	n/a	n/a
142.735	0.028	saccade	n/a	249.7	359.2	n/a	317.9	352.3	2.6	162.0
142.765	0.202	fixation	n/a	320.1	352.3	3252.0	n/a	n/a	n/a	n/a
142.969	0.034	saccade	n/a	323.5	352.6	n/a	431.0	347.2	4.08	233.0
143.005	0.498	fixation	n/a	439.0	347.0	3098.0	n/a	n/a	n/a	n/a
143.505	0.07	saccade	n/a	440.5	348.7	n/a	161.7	146.5	13.07	274.0
143.577	0.352	fixation	n/a	160.2	161.9	3239.0	n/a	n/a	n/a	n/a
143.72	0.0	trigger_11	11	n/a	n/a	n/a	n/a	n/a	n/a	n/a
143.726	0.0	trigger_10	10	n/a	n/a	n/a	n/a	n/a	n/a	n/a
143.931	0.02	saccade	n/a	153.8	168.2	n/a	121.1	168.7	1.23	95.0
143.953	0.298	fixation	n/a	123.3	168.7	3488.0	n/a	n/a	n/a	n/a
144.253	0.032	saccade	n/a	122.2	166.7	n/a	206.8	165.1	3.19	190.0
144.287	0.352	fixation	n/a	207.0	164.0	3475.0	n/a	n/a	n/a	n/a
144.641	0.032	saccade	n/a	207.9	163.5	n/a	282.0	166.8	2.83	194.0
144.675	0.464	fixation	n/a	275.9	164.9	3630.0	n/a	n/a	n/a	n/a
145.141	0.032	saccade	n/a	276.2	167.0	n/a	359.0	161.4	3.17	211.0
145.175	0.082	fixation	n/a	357.7	162.9	3571.0	n/a	n/a	n/a	n/a
145.259	0.084	saccade	n/a	362.7	171.5	n/a	362.4	170.2	0.05	824.0
145.345	0.158	fixation	n/a	364.2	166.6	3494.0	n/a	n/a	n/a	n/a
145.505	0.022	saccade	n/a	366.1	163.4	n/a	400.8	155.2	1.37	101.0
145.529	0.204	fixation	n/a	400.3	154.7	3331.0	n/a	n/a	n/a	n/a
145.735	0.026	saccade	n/a	403.4	152.1	n/a	459.0	155.3	2.13	142.0
145.763	0.216	fixation	n/a	458.3	155.7	3204.0	n/a	n/a	n/a	n/a
145.981	0.026	saccade	n/a	458.0	153.4	n/a	504.4	153.9	1.76	128.0
146.009	0.174	fixation	n/a	501.7	154.4	3239.0	n/a	n/a	n/a	n/a
146.185	0.024	saccade	n/a	503.4	157.0	n/a	539.3	155.1	1.36	109.0
146.211	0.244	fixation	n/a	533.8	153.6	3294.0	n/a	n/a	n/a	n/a
146.457	0.026	saccade	n/a	531.5	154.2	n/a	486.1	160.4	1.73	133.0
146.485	0.278	fixation	n/a	489.4	160.5	3390.0	n/a	n/a	n/a	n/a
146.765	0.03	saccade	n/a	490.3	160.8	n/a	540.1	156.0	1.89	164.0
146.797	0.082	fixation	n/a	536.6	154.6	3392.0	n/a	n/a	n/a	n/a
146.881	0.066	saccade	n/a	537.2	152.9	n/a	119.5	225.9	15.92	454.0
146.949	0.148	fixation	n/a	127.0	228.4	3502.0	n/a	n/a	n/a	n/a
147.099	0.018	saccade	n/a	126.8	229.2	n/a	103.7	233.0	0.88	66.0
147.119	0.152	fixation	n/a	108.6	231.6	3513.0	n/a	n/a	n/a	n/a
147.273	0.034	saccade	n/a	111.3	229.6	n/a	203.9	228.7	3.49	236.0
147.309	0.308	fixation	n/a	210.0	226.8	3332.0	n/a	n/a	n/a	n/a
147.619	0.028	saccade	n/a	214.6	226.2	n/a	285.4	221.9	2.7	164.0
147.649	0.294	fixation	n/a	285.8	223.4	3298.0	n/a	n/a	n/a	n/a
147.945	0.118	saccade	n/a	289.5	231.2	n/a	367.0	226.4	2.98	713.0
147.985	0.018	blink	n/a	n/a	n/a	n/a	n/a	n/a	n/a	n/a
148.065	0.142	fixation	n/a	366.8	227.1	3411.0	n/a	n/a	n/a	n/a
148.209	0.032	saccade	n/a	365.5	223.2	n/a	450.5	221.7	3.24	205.0
148.243	0.452	fixation	n/a	451.9	222.0	3266.0	n/a	n/a	n/a	n/a
148.697	0.03	saccade	n/a	453.3	217.4	n/a	519.5	217.8	2.51	165.0
148.729	0.246	fixation	n/a	518.0	219.6	3172.0	n/a	n/a	n/a	n/a
148.977	0.028	saccade	n/a	517.7	222.2	n/a	570.0	221.5	1.97	148.0
149.007	0.23	fixation	n/a	566.1	220.8	3278.0	n/a	n/a	n/a	n/a
149.239	0.03	saccade	n/a	565.9	220.4	n/a	632.1	222.0	2.46	179.0
149.271	0.232	fixation	n/a	627.1	217.9	3266.0	n/a	n/a	n/a	n/a
149.505	0.068	saccade	n/a	626.5	216.2	n/a	135.7	291.8	18.47	486.0
149.575	0.128	fixation	n/a	139.1	294.8	3241.0	n/a	n/a	n/a	n/a
149.705	0.018	saccade	n/a	137.2	293.7	n/a	108.7	294.6	1.06	80.0
149.725	0.19	fixation	n/a	114.6	295.2	3130.0	n/a	n/a	n/a	n/a
149.917	0.032	saccade	n/a	117.4	294.9	n/a	227.2	286.9	4.14	239.0
149.951	0.202	fixation	n/a	232.5	285.2	3066.0	n/a	n/a	n/a	n/a
150.155	0.018	saccade	n/a	231.6	284.9	n/a	206.6	291.2	0.98	68.0
150.175	0.114	fixation	n/a	208.4	290.7	3079.0	n/a	n/a	n/a	n/a
150.291	0.03	saccade	n/a	210.0	291.0	n/a	291.3	288.2	3.08	192.0
150.323	0.288	fixation	n/a	295.7	289.4	3145.0	n/a	n/a	n/a	n/a
150.613	0.032	saccade	n/a	299.7	293.5	n/a	403.9	281.9	3.99	186.0
150.647	0.152	fixation	n/a	410.6	283.1	3199.0	n/a	n/a	n/a	n/a
150.801	0.032	saccade	n/a	410.1	282.1	n/a	315.3	287.4	3.62	223.0
150.835	0.096	fixation	n/a	318.1	291.8	3248.0	n/a	n/a	n/a	n/a
150.933	0.156	saccade	n/a	320.3	297.9	n/a	314.4	291.3	0.34	730.0
150.967	0.066	blink	n/a	n/a	n/a	n/a	n/a	n/a	n/a	n/a
151.091	0.3	fixation	n/a	314.8	292.2	3349.0	n/a	n/a	n/a	n/a
151.393	0.034	saccade	n/a	315.1	291.6	n/a	418.3	292.0	3.93	240.0
151.429	0.298	fixation	n/a	423.7	293.0	3232.0	n/a	n/a	n/a	n/a
151.729	0.028	saccade	n/a	425.8	295.1	n/a	351.0	246.6	3.41	196.0
151.759	0.122	fixation	n/a	332.5	241.7	3247.0	n/a	n/a	n/a	n/a
151.883	0.036	saccade	n/a	331.4	240.9	n/a	233.4	177.7	4.48	240.0
151.921	0.042	fixation	n/a	232.0	182.9	3245.0	n/a	n/a	n/a	n/a
151.965	0.034	saccade	n/a	231.5	184.7	n/a	146.8	168.5	3.26	233.0
152.001	0.526	fixation	n/a	146.6	172.6	3307.0	n/a	n/a	n/a	n/a
152.032	0.0	trigger_11	11	n/a	n/a	n/a	n/a	n/a	n/a	n/a
152.034	0.0	trigger_12	12	n/a	n/a	n/a	n/a	n/a	n/a	n/a
152.529	0.028	saccade	n/a	138.1	168.5	n/a	205.7	162.2	2.57	162.0
152.559	0.394	fixation	n/a	206.2	163.4	3254.0	n/a	n/a	n/a	n/a
152.955	0.026	saccade	n/a	207.7	161.2	n/a	278.7	154.9	2.72	153.0
152.983	0.242	fixation	n/a	278.7	154.9	3274.0	n/a	n/a	n/a	n/a
153.227	0.028	saccade	n/a	278.5	154.6	n/a	345.4	151.9	2.56	158.0
153.257	0.196	fixation	n/a	342.6	152.6	3352.0	n/a	n/a	n/a	n/a
153.455	0.018	saccade	n/a	345.7	154.2	n/a	376.6	151.0	1.19	85.0
153.475	0.158	fixation	n/a	376.2	152.2	3352.0	n/a	n/a	n/a	n/a
153.635	0.018	saccade	n/a	381.0	152.5	n/a	405.7	147.8	0.96	74.0
153.655	0.438	fixation	n/a	403.7	151.0	3298.0	n/a	n/a	n/a	n/a
154.095	0.022	saccade	n/a	403.5	148.6	n/a	440.8	149.2	1.43	104.0
154.119	0.406	fixation	n/a	437.8	149.9	3319.0	n/a	n/a	n/a	n/a
154.527	0.098	saccade	n/a	441.4	152.1	n/a	452.3	157.0	0.46	552.0
154.627	0.836	fixation	n/a	451.3	155.5	3337.0	n/a	n/a	n/a	n/a
155.314	0.0	trigger_13	13	n/a	n/a	n/a	n/a	n/a	n/a	n/a
155.465	0.058	saccade	n/a	448.7	157.3	n/a	150.9	234.8	11.67	387.0
155.525	0.28	fixation	n/a	151.4	237.2	3486.0	n/a	n/a	n/a	n/a
155.807	0.038	saccade	n/a	149.7	235.4	n/a	222.8	162.3	3.95	213.0
155.847	0.29	fixation	n/a	218.5	162.0	3434.0	n/a	n/a	n/a	n/a
156.139	0.044	saccade	n/a	218.6	166.1	n/a	149.0	347.9	7.46	403.0
156.185	0.404	fixation	n/a	143.8	354.9	3580.0	n/a	n/a	n/a	n/a
156.591	0.032	saccade	n/a	141.9	356.8	n/a	128.3	292.6	2.49	180.0
156.625	0.392	fixation	n/a	124.9	297.8	3620.0	n/a	n/a	n/a	n/a
157.019	0.122	saccade	n/a	129.3	299.0	n/a	125.8	305.2	0.27	875.0
157.053	0.036	blink	n/a	n/a	n/a	n/a	n/a	n/a	n/a	n/a
157.143	0.314	fixation	n/a	122.1	299.8	3720.0	n/a	n/a	n/a	n/a
157.459	0.03	saccade	n/a	119.9	295.2	n/a	113.2	364.7	2.64	178.0
157.491	0.194	fixation	n/a	114.3	360.6	3718.0	n/a	n/a	n/a	n/a
157.687	0.016	saccade	n/a	114.2	359.3	n/a	97.2	354.6	0.66	54.0
157.705	0.15	fixation	n/a	100.1	357.1	3714.0	n/a	n/a	n/a	n/a
157.857	0.014	saccade	n/a	100.1	360.4	n/a	81.6	359.6	0.68	56.0
157.873	0.466	fixation	n/a	89.2	360.2	3565.0	n/a	n/a	n/a	n/a
158.341	0.166	saccade	n/a	97.0	367.7	n/a	131.9	372.7	1.31	744.0
158.375	0.076	blink	n/a	n/a	n/a	n/a	n/a	n/a	n/a	n/a
158.509	0.37	fixation	n/a	128.9	375.0	3871.0	n/a	n/a	n/a	n/a
158.682	0.0	trigger_15	15	n/a	n/a	n/a	n/a	n/a	n/a	n/a
158.684	0.0	trigger_10	10	n/a	n/a	n/a	n/a	n/a	n/a	n/a
158.881	0.034	saccade	n/a	132.8	376.4	n/a	182.7	249.5	5.18	286.0
158.917	0.136	fixation	n/a	189.2	249.3	3629.0	n/a	n/a	n/a	n/a
159.055	0.032	saccade	n/a	188.7	242.9	n/a	144.7	180.5	2.93	179.0
159.089	0.16	fixation	n/a	145.5	185.9	3560.0	n/a	n/a	n/a	n/a
159.251	0.02	saccade	n/a	143.1	184.9	n/a	106.0	184.5	1.39	99.0
159.273	0.142	fixation	n/a	110.4	183.4	3544.0	n/a	n/a	n/a	n/a
159.417	0.064	saccade	n/a	109.7	183.1	n/a	357.4	166.9	9.4	358.0
159.483	0.23	fixation	n/a	366.7	165.8	3625.0	n/a	n/a	n/a	n/a
159.715	0.042	saccade	n/a	366.0	167.1	n/a	512.4	160.7	5.58	275.0
159.759	0.172	fixation	n/a	513.2	159.6	3687.0	n/a	n/a	n/a	n/a
159.933	0.028	saccade	n/a	512.4	161.4	n/a	444.3	171.9	2.62	164.0
159.963	0.31	fixation	n/a	448.4	171.1	3747.0	n/a	n/a	n/a	n/a
160.275	0.028	saccade	n/a	448.5	174.5	n/a	370.2	170.8	3.0	185.0
160.305	0.194	fixation	n/a	368.6	170.3	3769.0	n/a	n/a	n/a	n/a
160.501	0.036	saccade	n/a	367.6	170.5	n/a	236.4	164.2	5.02	286.0
160.539	0.216	fixation	n/a	237.2	170.6	3808.0	n/a	n/a	n/a	n/a
160.757	0.03	saccade	n/a	234.9	170.6	n/a	156.1	175.5	3.0	198.0
160.789	0.19	fixation	n/a	159.3	177.6	3891.0	n/a	n/a	n/a	n/a
160.981	0.03	saccade	n/a	156.5	178.8	n/a	103.5	208.2	2.29	163.0
161.013	0.132	fixation	n/a	108.1	207.0	3876.0	n/a	n/a	n/a	n/a
161.147	0.022	saccade	n/a	110.5	208.6	n/a	101.0	246.4	1.49	110.0
161.171	0.102	fixation	n/a	103.5	242.5	3813.0	n/a	n/a	n/a	n/a
161.275	0.12	saccade	n/a	108.8	245.9	n/a	189.9	242.1	3.06	913.0
161.315	0.026	blink	n/a	n/a	n/a	n/a	n/a	n/a	n/a	n/a
161.397	0.24	fixation	n/a	189.2	242.4	3850.0	n/a	n/a	n/a	n/a
161.639	0.03	saccade	n/a	190.3	241.3	n/a	275.1	230.2	3.25	194.0
161.671	0.326	fixation	n/a	277.2	233.6	3645.0	n/a	n/a	n/a	n/a
161.999	0.026	saccade	n/a	278.4	234.7	n/a	328.4	237.2	1.92	136.0
162.027	0.398	fixation	n/a	323.6	234.7	3570.0	n/a	n/a	n/a	n/a
162.427	0.014	saccade	n/a	329.0	235.5	n/a	345.7	235.4	0.64	55.0
162.443	0.182	fixation	n/a	345.6	235.2	3517.0	n/a	n/a	n/a	n/a
162.627	0.024	saccade	n/a	346.8	232.7	n/a	359.8	182.5	2.01	121.0
162.653	0.056	fixation	n/a	360.4	187.6	3470.0	n/a	n/a	n/a	n/a
162.711	0.142	saccade	n/a	363.1	192.9	n/a	404.8	166.1	1.91	904.0
162.745	0.054	blink	n/a	n/a	n/a	n/a	n/a	n/a	n/a	n/a
162.855	0.118	fixation	n/a	407.1	167.9	3518.0	n/a	n/a	n/a	n/a
162.975	0.03	saccade	n/a	407.3	169.2	n/a	477.0	164.2	2.67	190.0
163.007	0.126	fixation	n/a	475.0	162.3	3522.0	n/a	n/a	n/a	n/a
163.135	0.034	saccade	n/a	476.2	161.2	n/a	560.0	158.4	3.17	208.0
163.171	0.194	fixation	n/a	563.1	153.8	3365.0	n/a	n/a	n/a	n/a
163.367	0.028	saccade	n/a	566.8	154.5	n/a	620.7	157.0	2.02	155.0
163.397	0.186	fixation	n/a	619.6	154.2	3312.0	n/a	n/a	n/a	n/a
163.585	0.068	saccade	n/a	620.5	155.4	n/a	143.3	159.3	17.87	457.0
163.655	0.296	fixation	n/a	142.4	164.0	3377.0	n/a	n/a	n/a	n/a
163.762	0.0	trigger_11	11	n/a	n/a	n/a	n/a	n/a	n/a	n/a
163.764	0.0	trigger_10	10	n/a	n/a	n/a	n/a	n/a	n/a	n/a
163.953	0.02	saccade	n/a	137.6	163.8	n/a	103.5	167.7	1.29	94.0
163.975	0.27	fixation	n/a	106.9	170.6	3521.0	n/a	n/a	n/a	n/a
164.247	0.026	saccade	n/a	107.1	170.1	n/a	168.2	162.0	2.32	154.0
164.275	0.28	fixation	n/a	165.4	167.3	3600.0	n/a	n/a	n/a	n/a
164.557	0.024	saccade	n/a	166.8	168.3	n/a	218.2	167.7	1.95	122.0
164.583	0.236	fixation	n/a	214.5	167.0	3729.0	n/a	n/a	n/a	n/a
164.821	0.03	saccade	n/a	213.4	163.8	n/a	280.6	163.0	2.57	170.0
164.853	0.202	fixation	n/a	278.5	162.9	3772.0	n/a	n/a	n/a	n/a
165.057	0.018	saccade	n/a	281.1	162.6	n/a	308.5	162.3	1.05	78.0
165.077	0.122	fixation	n/a	305.8	162.9	3747.0	n/a	n/a	n/a	n/a
165.201	0.03	saccade	n/a	307.2	164.1	n/a	364.9	163.6	2.21	158.0
165.233	0.338	fixation	n/a	364.0	163.9	3691.0	n/a	n/a	n/a	n/a
165.573	0.024	saccade	n/a	364.8	162.9	n/a	425.4	155.7	2.33	143.0
165.599	0.32	fixation	n/a	429.7	158.3	3660.0	n/a	n/a	n/a	n/a
165.921	0.03	saccade	n/a	430.6	160.1	n/a	489.3	160.6	2.24	179.0
165.953	0.086	fixation	n/a	487.7	157.4	3630.0	n/a	n/a	n/a	n/a
166.041	0.064	saccade	n/a	489.2	157.0	n/a	107.5	230.7	14.65	422.0
166.107	0.326	fixation	n/a	111.9	236.9	3613.0	n/a	n/a	n/a	n/a
166.435	0.028	saccade	n/a	113.6	237.4	n/a	180.3	235.1	2.51	162.0
166.465	0.42	fixation	n/a	185.0	232.1	3444.0	n/a	n/a	n/a	n/a
166.887	0.032	saccade	n/a	189.1	226.0	n/a	280.2	230.2	3.47	214.0
166.921	0.552	fixation	n/a	284.4	232.1	3326.0	n/a	n/a	n/a	n/a
167.475	0.032	saccade	n/a	284.2	233.3	n/a	249.8	158.6	3.18	173.0
167.509	0.176	fixation	n/a	258.3	161.3	3300.0	n/a	n/a	n/a	n/a
167.687	0.028	saccade	n/a	256.6	160.6	n/a	165.8	165.7	3.46	185.0
167.717	0.264	fixation	n/a	159.9	166.7	3377.0	n/a	n/a	n/a	n/a
167.983	0.024	saccade	n/a	156.7	165.4	n/a	107.7	168.3	1.85	124.0
168.009	0.344	fixation	n/a	116.0	167.4	3353.0	n/a	n/a	n/a	n/a
168.355	0.048	saccade	n/a	121.0	168.3	n/a	316.2	166.5	7.41	304.0
168.405	0.156	fixation	n/a	323.5	162.8	3390.0	n/a	n/a	n/a	n/a
168.563	0.026	saccade	n/a	326.5	161.7	n/a	379.9	154.5	2.07	139.0
168.591	0.376	fixation	n/a	376.7	157.1	3467.0	n/a	n/a	n/a	n/a
168.794	0.0	trigger_11	11	n/a	n/a	n/a	n/a	n/a	n/a	n/a
168.798	0.0	trigger_10	10	n/a	n/a	n/a	n/a	n/a	n/a	n/a
168.969	0.052	saccade	n/a	373.4	157.1	n/a	182.3	163.8	7.28	259.0
169.023	0.168	fixation	n/a	184.3	166.3	3442.0	n/a	n/a	n/a	n/a
169.193	0.024	saccade	n/a	180.1	163.9	n/a	131.5	161.3	1.84	129.0
169.219	0.064	fixation	n/a	133.8	162.0	3388.0	n/a	n/a	n/a	n/a
169.285	0.118	saccade	n/a	137.4	166.3	n/a	142.9	177.1	0.46	835.0
169.319	0.028	blink	n/a	n/a	n/a	n/a	n/a	n/a	n/a	n/a
169.405	0.158	fixation	n/a	143.9	171.9	3365.0	n/a	n/a	n/a	n/a
169.565	0.034	saccade	n/a	146.5	170.0	n/a	250.7	171.4	3.96	218.0
169.601	0.216	fixation	n/a	250.7	166.8	3327.0	n/a	n/a	n/a	n/a
169.819	0.018	saccade	n/a	254.3	163.4	n/a	278.6	160.5	0.94	70.0
169.839	0.624	fixation	n/a	279.2	160.7	3321.0	n/a	n/a	n/a	n/a
170.465	0.09	saccade	n/a	288.4	166.3	n/a	271.8	169.1	0.65	850.0
170.557	0.142	fixation	n/a	272.5	172.2	3395.0	n/a	n/a	n/a	n/a
170.701	0.152	saccade	n/a	274.6	175.3	n/a	290.5	159.9	0.85	794.0
170.741	0.058	blink	n/a	n/a	n/a	n/a	n/a	n/a	n/a	n/a
170.855	0.098	fixation	n/a	293.2	162.8	3354.0	n/a	n/a	n/a	n/a
170.955	0.026	saccade	n/a	295.1	163.4	n/a	347.4	159.4	2.01	140.0
170.983	0.406	fixation	n/a	347.2	158.3	3249.0	n/a	n/a	n/a	n/a
171.391	0.022	saccade	n/a	352.1	156.4	n/a	396.6	155.1	1.71	112.0
171.415	0.304	fixation	n/a	390.5	154.8	3301.0	n/a	n/a	n/a	n/a
171.721	0.04	saccade	n/a	388.9	158.8	n/a	503.9	162.3	4.38	239.0
171.763	0.23	fixation	n/a	501.1	158.6	3474.0	n/a	n/a	n/a	n/a
171.995	0.022	saccade	n/a	498.3	158.4	n/a	465.8	161.6	1.24	97.0
172.019	0.326	fixation	n/a	475.5	161.0	3376.0	n/a	n/a	n/a	n/a
172.347	0.02	saccade	n/a	481.1	158.8	n/a	517.2	154.4	1.38	98.0
172.369	0.058	fixation	n/a	514.4	154.9	3222.0	n/a	n/a	n/a	n/a
172.429	0.034	saccade	n/a	514.8	155.2	n/a	582.9	159.6	2.57	196.0
172.465	0.55	fixation	n/a	586.2	157.2	3189.0	n/a	n/a	n/a	n/a
173.017	0.026	saccade	n/a	597.8	153.4	n/a	647.0	150.4	1.83	130.0
173.045	0.302	fixation	n/a	650.0	147.1	3185.0	n/a	n/a	n/a	n/a
173.349	0.074	saccade	n/a	658.3	149.8	n/a	117.5	224.9	20.31	490.0
173.425	0.326	fixation	n/a	120.4	229.6	3281.0	n/a	n/a	n/a	n/a
173.753	0.032	saccade	n/a	121.6	231.5	n/a	218.5	228.7	3.67	235.0
173.787	0.232	fixation	n/a	220.7	228.0	3253.0	n/a	n/a	n/a	n/a
174.021	0.02	saccade	n/a	223.7	227.8	n/a	251.8	227.2	1.07	79.0
174.043	0.122	fixation	n/a	249.3	230.4	3259.0	n/a	n/a	n/a	n/a
174.167	0.124	saccade	n/a	252.1	237.8	n/a	251.1	228.9	0.35	715.0
174.203	0.036	blink	n/a	n/a	n/a	n/a	n/a	n/a	n/a	n/a
174.293	0.394	fixation	n/a	249.6	234.5	3281.0	n/a	n/a	n/a	n/a
174.689	0.028	saccade	n/a	253.7	236.3	n/a	322.1	231.4	2.62	166.0
174.719	0.212	fixation	n/a	323.4	227.5	3159.0	n/a	n/a	n/a	n/a
174.933	0.02	saccade	n/a	326.5	226.6	n/a	362.1	224.6	1.37	98.0
174.955	0.236	fixation	n/a	359.2	225.5	3175.0	n/a	n/a	n/a	n/a
175.193	0.03	saccade	n/a	360.4	226.3	n/a	431.0	222.2	2.7	184.0
175.225	0.356	fixation	n/a	429.1	224.2	3230.0	n/a	n/a	n/a	n/a
175.583	0.03	saccade	n/a	429.8	226.6	n/a	509.0	227.1	3.01	181.0
175.615	0.212	fixation	n/a	507.3	225.2	3208.0	n/a	n/a	n/a	n/a
175.829	0.022	saccade	n/a	508.6	224.5	n/a	551.5	220.9	1.62	120.0
175.853	0.11	fixation	n/a	548.9	224.0	3251.0	n/a	n/a	n/a	n/a
175.965	0.02	saccade	n/a	549.5	224.2	n/a	580.9	221.2	1.18	88.0
175.987	0.15	fixation	n/a	577.4	220.7	3272.0	n/a	n/a	n/a	n/a
176.139	0.068	saccade	n/a	578.0	220.4	n/a	143.4	300.9	16.6	383.0
176.209	0.11	fixation	n/a	147.9	302.9	3321.0	n/a	n/a	n/a	n/a
176.321	0.022	saccade	n/a	149.7	303.3	n/a	114.5	298.8	1.33	98.0
176.345	0.308	fixation	n/a	120.1	299.6	3295.0	n/a	n/a	n/a	n/a
176.655	0.03	saccade	n/a	122.3	296.9	n/a	200.8	297.4	2.96	190.0
176.687	0.326	fixation	n/a	200.9	297.1	3265.0	n/a	n/a	n/a	n/a
177.015	0.028	saccade	n/a	202.6	295.9	n/a	257.0	289.6	2.08	145.0
177.045	0.114	fixation	n/a	256.4	291.3	3176.0	n/a	n/a	n/a	n/a
177.161	0.12	saccade	n/a	259.4	296.2	n/a	274.0	290.8	0.59	602.0
177.195	0.028	blink	n/a	n/a	n/a	n/a	n/a	n/a	n/a	n/a
177.283	0.448	fixation	n/a	272.2	286.4	3225.0	n/a	n/a	n/a	n/a
177.733	0.024	saccade	n/a	274.1	283.8	n/a	332.3	285.1	2.22	142.0
177.759	0.276	fixation	n/a	330.4	285.7	3193.0	n/a	n/a	n/a	n/a
178.037	0.056	saccade	n/a	328.5	286.8	n/a	140.6	177.1	8.29	282.0
178.095	0.126	fixation	n/a	142.7	179.4	3248.0	n/a	n/a	n/a	n/a
178.223	0.022	saccade	n/a	141.9	179.7	n/a	120.8	155.2	1.23	91.0
178.247	0.722	fixation	n/a	125.1	165.6	3414.0	n/a	n/a	n/a	n/a
178.25	0.0	trigger_11	11	n/a	n/a	n/a	n/a	n/a	n/a	n/a
178.252	0.0	trigger_10	10	n/a	n/a	n/a	n/a	n/a	n/a	n/a
178.971	0.124	saccade	n/a	126.9	179.0	n/a	188.6	172.6	2.35	670.0
179.013	0.028	blink	n/a	n/a	n/a	n/a	n/a	n/a	n/a	n/a
179.097	0.414	fixation	n/a	186.7	172.7	3496.0	n/a	n/a	n/a	n/a
179.513	0.026	saccade	n/a	192.5	170.5	n/a	248.2	175.3	2.13	150.0
179.541	0.594	fixation	n/a	242.0	170.0	3380.0	n/a	n/a	n/a	n/a
180.137	0.018	saccade	n/a	244.8	168.4	n/a	267.1	166.2	0.86	62.0
180.157	0.1	fixation	n/a	267.2	166.8	3310.0	n/a	n/a	n/a	n/a
180.259	0.028	saccade	n/a	268.5	165.1	n/a	323.6	164.7	2.11	160.0
180.289	0.496	fixation	n/a	319.6	163.5	3410.0	n/a	n/a	n/a	n/a
180.787	0.026	saccade	n/a	319.2	165.7	n/a	377.2	164.4	2.23	151.0
180.815	0.312	fixation	n/a	373.5	159.4	3508.0	n/a	n/a	n/a	n/a
181.129	0.022	saccade	n/a	375.3	159.1	n/a	420.4	156.3	1.73	114.0
181.153	0.296	fixation	n/a	420.3	155.4	3380.0	n/a	n/a	n/a	n/a
181.451	0.018	saccade	n/a	420.1	156.2	n/a	394.6	160.1	0.99	75.0
181.471	0.084	fixation	n/a	397.6	160.1	3315.0	n/a	n/a	n/a	n/a
181.557	0.156	saccade	n/a	400.0	167.6	n/a	446.7	159.9	1.81	907.0
181.589	0.07	blink	n/a	n/a	n/a	n/a	n/a	n/a	n/a	n/a
181.715	0.666	fixation	n/a	459.5	153.8	3303.0	n/a	n/a	n/a	n/a
182.383	0.064	saccade	n/a	470.0	149.2	n/a	128.8	163.7	12.91	315.0
182.449	0.344	fixation	n/a	133.2	167.3	3211.0	n/a	n/a	n/a	n/a
182.522	0.0	trigger_11	11	n/a	n/a	n/a	n/a	n/a	n/a	n/a
182.528	0.0	trigger_10	10	n/a	n/a	n/a	n/a	n/a	n/a	n/a
182.795	0.016	saccade	n/a	137.9	168.8	n/a	160.1	162.0	0.88	66.0
182.813	0.196	fixation	n/a	159.2	162.7	3358.0	n/a	n/a	n/a	n/a
183.011	0.02	saccade	n/a	160.5	161.2	n/a	194.3	158.5	1.28	86.0
183.033	0.4	fixation	n/a	193.3	160.9	3405.0	n/a	n/a	n/a	n/a
183.435	0.026	saccade	n/a	195.7	161.8	n/a	271.9	165.9	2.91	154.0
183.463	0.33	fixation	n/a	270.3	167.5	3463.0	n/a	n/a	n/a	n/a
183.795	0.03	saccade	n/a	267.9	167.4	n/a	339.5	158.0	2.76	173.0
183.827	0.074	fixation	n/a	339.2	161.0	3476.0	n/a	n/a	n/a	n/a
183.903	0.122	saccade	n/a	342.0	166.5	n/a	352.2	166.1	0.39	924.0
183.937	0.034	blink	n/a	n/a	n/a	n/a	n/a	n/a	n/a	n/a
184.027	0.182	fixation	n/a	353.6	168.1	3466.0	n/a	n/a	n/a	n/a
184.211	0.03	saccade	n/a	354.7	166.6	n/a	427.5	165.9	2.78	167.0
184.243	0.226	fixation	n/a	428.0	166.4	3311.0	n/a	n/a	n/a	n/a
184.471	0.034	saccade	n/a	431.2	162.1	n/a	508.4	162.8	2.94	198.0
184.507	0.2	fixation	n/a	506.3	157.6	3179.0	n/a	n/a	n/a	n/a
184.709	0.03	saccade	n/a	508.5	155.6	n/a	576.6	158.8	2.57	189.0
184.741	0.324	fixation	n/a	577.8	153.3	3160.0	n/a	n/a	n/a	n/a
185.067	0.03	saccade	n/a	579.1	150.0	n/a	636.1	145.9	2.12	162.0
185.099	0.166	fixation	n/a	634.4	144.3	3160.0	n/a	n/a	n/a	n/a
185.267	0.07	saccade	n/a	633.8	145.5	n/a	124.4	228.6	19.24	502.0
185.339	0.232	fixation	n/a	127.7	234.6	3293.0	n/a	n/a	n/a	n/a
185.573	0.02	saccade	n/a	129.8	238.4	n/a	162.3	233.6	1.24	88.0
185.595	0.234	fixation	n/a	161.6	235.6	3309.0	n/a	n/a	n/a	n/a
185.831	0.028	saccade	n/a	163.6	237.8	n/a	108.1	237.9	2.09	156.0
185.861	0.122	fixation	n/a	114.6	239.7	3274.0	n/a	n/a	n/a	n/a
185.985	0.122	saccade	n/a	116.1	242.5	n/a	183.2	240.7	2.53	739.0
186.025	0.028	blink	n/a	n/a	n/a	n/a	n/a	n/a	n/a	n/a
186.109	0.216	fixation	n/a	183.0	234.1	3297.0	n/a	n/a	n/a	n/a
186.327	0.022	saccade	n/a	183.3	229.4	n/a	224.5	238.9	1.61	112.0
186.351	0.098	fixation	n/a	221.5	236.5	3318.0	n/a	n/a	n/a	n/a
186.451	0.034	saccade	n/a	221.2	233.6	n/a	117.3	231.2	3.92	234.0
186.487	0.214	fixation	n/a	122.8	232.5	3265.0	n/a	n/a	n/a	n/a
186.703	0.032	saccade	n/a	122.0	231.1	n/a	121.7	169.7	2.36	201.0
186.737	0.398	fixation	n/a	119.7	174.8	3317.0	n/a	n/a	n/a	n/a
186.884	0.0	trigger_11	11	n/a	n/a	n/a	n/a	n/a	n/a	n/a
186.886	0.0	trigger_10	10	n/a	n/a	n/a	n/a	n/a	n/a	n/a
187.137	0.014	saccade	n/a	121.3	173.2	n/a	132.1	162.0	0.59	49.0
187.153	0.288	fixation	n/a	130.0	162.9	3390.0	n/a	n/a	n/a	n/a
187.443	0.146	saccade	n/a	131.3	162.2	n/a	163.3	154.6	1.24	775.0
187.475	0.06	blink	n/a	n/a	n/a	n/a	n/a	n/a	n/a	n/a
187.591	0.054	fixation	n/a	163.4	154.8	3347.0	n/a	n/a	n/a	n/a
187.647	0.024	saccade	n/a	165.1	154.8	n/a	201.8	154.0	1.39	108.0
187.673	0.192	fixation	n/a	199.6	154.8	3386.0	n/a	n/a	n/a	n/a
187.867	0.022	saccade	n/a	202.3	156.3	n/a	244.4	155.2	1.6	107.0
187.891	0.238	fixation	n/a	244.1	159.2	3243.0	n/a	n/a	n/a	n/a
188.131	0.026	saccade	n/a	248.1	163.3	n/a	308.1	154.1	2.33	149.0
188.159	0.316	fixation	n/a	308.0	156.8	3294.0	n/a	n/a	n/a	n/a
188.477	0.02	saccade	n/a	311.2	159.7	n/a	341.0	156.9	1.15	80.0
188.499	0.108	fixation	n/a	338.4	159.4	3373.0	n/a	n/a	n/a	n/a
188.609	0.144	saccade	n/a	339.4	166.9	n/a	300.2	170.2	1.51	883.0
188.643	0.058	blink	n/a	n/a	n/a	n/a	n/a	n/a	n/a	n/a
188.755	0.3	fixation	n/a	300.1	172.6	3487.0	n/a	n/a	n/a	n/a
189.057	0.03	saccade	n/a	303.4	172.3	n/a	375.2	167.4	2.76	193.0
189.089	0.762	fixation	n/a	390.5	164.6	3401.0	n/a	n/a	n/a	n/a
189.853	0.052	saccade	n/a	398.3	163.3	n/a	176.5	163.3	8.45	301.0
189.907	0.264	fixation	n/a	180.6	165.9	3425.0	n/a	n/a	n/a	n/a
190.173	0.028	saccade	n/a	180.6	167.5	n/a	124.3	162.3	2.14	165.0
190.203	0.686	fixation	n/a	123.7	162.8	3464.0	n/a	n/a	n/a	n/a
190.492	0.0	trigger_11	11	n/a	n/a	n/a	n/a	n/a	n/a	n/a
190.494	0.0	trigger_10	10	n/a	n/a	n/a	n/a	n/a	n/a	n/a
190.891	0.022	saccade	n/a	114.0	163.2	n/a	161.7	158.0	1.8	116.0
190.915	0.178	fixation	n/a	166.0	159.5	3500.0	n/a	n/a	n/a	n/a
191.095	0.026	saccade	n/a	168.6	157.4	n/a	217.1	160.1	1.84	134.0
191.123	0.132	fixation	n/a	215.3	159.8	3444.0	n/a	n/a	n/a	n/a
191.257	0.026	saccade	n/a	215.4	159.4	n/a	168.4	161.8	1.79	129.0
191.285	0.202	fixation	n/a	170.5	157.8	3350.0	n/a	n/a	n/a	n/a
191.489	0.03	saccade	n/a	171.3	157.5	n/a	239.9	155.9	2.61	179.0
191.521	0.222	fixation	n/a	240.1	154.8	3306.0	n/a	n/a	n/a	n/a
191.745	0.024	saccade	n/a	241.1	155.5	n/a	300.6	154.4	2.28	145.0
191.771	0.244	fixation	n/a	303.3	154.8	3330.0	n/a	n/a	n/a	n/a
192.017	0.02	saccade	n/a	307.6	154.0	n/a	343.2	148.7	1.38	94.0
192.039	0.108	fixation	n/a	342.4	151.2	3278.0	n/a	n/a	n/a	n/a
192.149	0.144	saccade	n/a	343.7	157.4	n/a	390.0	148.9	1.8	815.0
192.181	0.058	blink	n/a	n/a	n/a	n/a	n/a	n/a	n/a	n/a
192.295	0.078	fixation	n/a	393.6	150.4	3220.0	n/a	n/a	n/a	n/a
192.375	0.026	saccade	n/a	395.8	151.1	n/a	441.2	147.7	1.74	118.0
192.403	0.166	fixation	n/a	442.2	152.1	3245.0	n/a	n/a	n/a	n/a
192.571	0.03	saccade	n/a	443.6	147.3	n/a	512.8	151.7	2.64	180.0
192.603	0.184	fixation	n/a	513.8	151.0	3161.0	n/a	n/a	n/a	n/a
192.789	0.024	saccade	n/a	517.5	151.5	n/a	564.7	147.6	1.78	135.0
192.815	0.194	fixation	n/a	560.8	149.3	3164.0	n/a	n/a	n/a	n/a
193.011	0.028	saccade	n/a	560.6	149.9	n/a	614.7	145.7	2.02	142.0
193.041	0.218	fixation	n/a	608.4	147.5	3204.0	n/a	n/a	n/a	n/a
193.261	0.07	saccade	n/a	609.0	147.1	n/a	127.7	221.9	18.22	475.0
193.333	0.682	fixation	n/a	125.7	226.9	3235.0	n/a	n/a	n/a	n/a
194.017	0.028	saccade	n/a	122.5	228.2	n/a	190.3	226.7	2.56	169.0
194.047	0.278	fixation	n/a	189.2	227.2	3224.0	n/a	n/a	n/a	n/a
194.327	0.024	saccade	n/a	191.3	227.4	n/a	244.1	228.4	2.01	131.0
194.353	0.202	fixation	n/a	242.6	229.2	3269.0	n/a	n/a	n/a	n/a
194.557	0.016	saccade	n/a	246.6	228.4	n/a	265.5	229.3	0.72	57.0
194.575	0.452	fixation	n/a	266.6	228.5	3214.0	n/a	n/a	n/a	n/a
195.029	0.016	saccade	n/a	270.8	229.2	n/a	292.6	228.7	0.84	66.0
195.047	0.458	fixation	n/a	281.5	231.3	3304.0	n/a	n/a	n/a	n/a
195.507	0.028	saccade	n/a	273.3	229.5	n/a	339.4	233.6	2.53	181.0
195.537	0.174	fixation	n/a	338.7	232.3	3421.0	n/a	n/a	n/a	n/a
195.713	0.02	saccade	n/a	341.9	232.1	n/a	372.5	227.3	1.19	85.0
195.735	0.152	fixation	n/a	370.6	230.3	3370.0	n/a	n/a	n/a	n/a
195.889	0.024	saccade	n/a	372.2	231.0	n/a	428.7	222.8	2.18	136.0
195.915	0.116	fixation	n/a	426.3	224.3	3389.0	n/a	n/a	n/a	n/a
196.033	0.096	saccade	n/a	429.9	231.6	n/a	459.4	240.1	1.17	905.0
196.069	0.01	blink	n/a	n/a	n/a	n/a	n/a	n/a	n/a	n/a
196.131	0.334	fixation	n/a	466.9	233.7	3411.0	n/a	n/a	n/a	n/a
196.467	0.024	saccade	n/a	470.3	230.4	n/a	427.1	233.4	1.65	128.0
196.493	0.074	fixation	n/a	434.3	230.6	3234.0	n/a	n/a	n/a	n/a
196.569	0.036	saccade	n/a	435.7	230.9	n/a	556.7	228.6	4.58	255.0
196.607	0.266	fixation	n/a	560.9	227.5	3152.0	n/a	n/a	n/a	n/a
196.875	0.02	saccade	n/a	562.3	227.1	n/a	597.3	224.2	1.31	95.0
196.897	0.188	fixation	n/a	593.7	224.6	3188.0	n/a	n/a	n/a	n/a
197.087	0.072	saccade	n/a	593.0	222.4	n/a	107.5	294.4	18.32	428.0
197.161	0.344	fixation	n/a	112.8	299.7	3243.0	n/a	n/a	n/a	n/a
197.507	0.022	saccade	n/a	114.8	299.9	n/a	157.7	300.6	1.61	114.0
197.531	0.184	fixation	n/a	154.4	299.5	3275.0	n/a	n/a	n/a	n/a
197.717	0.018	saccade	n/a	156.8	299.6	n/a	183.8	298.0	1.02	80.0
197.737	0.682	fixation	n/a	185.8	293.9	3223.0	n/a	n/a	n/a	n/a
198.421	0.04	saccade	n/a	194.9	290.8	n/a	272.6	229.8	3.78	156.0
198.463	0.316	fixation	n/a	268.9	231.9	3349.0	n/a	n/a	n/a	n/a
198.781	0.044	saccade	n/a	268.3	232.8	n/a	439.5	232.8	6.53	318.0
198.827	0.308	fixation	n/a	448.4	230.7	3393.0	n/a	n/a	n/a	n/a
199.137	0.036	saccade	n/a	449.7	228.8	n/a	567.2	220.7	4.44	283.0
199.175	0.168	fixation	n/a	571.3	217.5	3323.0	n/a	n/a	n/a	n/a
199.345	0.068	saccade	n/a	572.5	213.5	n/a	101.7	239.2	17.59	456.0
199.415	0.164	fixation	n/a	105.1	242.1	3293.0	n/a	n/a	n/a	n/a
199.581	0.022	saccade	n/a	105.3	242.8	n/a	107.6	279.1	1.39	103.0
199.605	0.134	fixation	n/a	108.8	276.8	3292.0	n/a	n/a	n/a	n/a
199.74	0.0	trigger_11	11	n/a	n/a	n/a	n/a	n/a	n/a	n/a
199.741	0.032	saccade	n/a	110.2	280.0	n/a	129.4	216.7	2.53	194.0
199.742	0.0	trigger_10	10	n/a	n/a	n/a	n/a	n/a	n/a	n/a
199.775	0.17	fixation	n/a	129.7	223.0	3395.0	n/a	n/a	n/a	n/a
199.947	0.028	saccade	n/a	130.3	222.5	n/a	129.6	175.3	1.82	161.0
199.977	0.24	fixation	n/a	127.7	179.1	3563.0	n/a	n/a	n/a	n/a
200.219	0.026	saccade	n/a	129.7	180.0	n/a	187.9	166.2	2.26	142.0
200.247	0.074	fixation	n/a	187.2	169.9	3568.0	n/a	n/a	n/a	n/a
200.323	0.12	saccade	n/a	190.6	175.2	n/a	233.4	166.0	1.67	908.0
200.357	0.032	blink	n/a	n/a	n/a	n/a	n/a	n/a	n/a	n/a
200.445	0.788	fixation	n/a	241.9	165.3	3345.0	n/a	n/a	n/a	n/a
201.235	0.024	saccade	n/a	249.7	160.1	n/a	300.4	156.0	1.94	135.0
201.261	0.342	fixation	n/a	296.7	159.5	3373.0	n/a	n/a	n/a	n/a
201.605	0.03	saccade	n/a	294.4	158.3	n/a	345.7	160.7	1.97	160.0
201.637	0.328	fixation	n/a	343.2	159.0	3376.0	n/a	n/a	n/a	n/a
201.967	0.014	saccade	n/a	343.1	159.8	n/a	360.1	157.2	0.66	55.0
201.983	0.236	fixation	n/a	355.6	158.7	3337.0	n/a	n/a	n/a	n/a
202.221	0.052	saccade	n/a	355.0	161.9	n/a	145.5	166.5	7.97	237.0
202.275	0.18	fixation	n/a	147.0	167.8	3294.0	n/a	n/a	n/a	n/a
202.457	0.024	saccade	n/a	143.5	168.5	n/a	105.7	167.8	1.42	115.0
202.483	0.352	fixation	n/a	111.6	172.4	3367.0	n/a	n/a	n/a	n/a
202.572	0.0	trigger_11	11	n/a	n/a	n/a	n/a	n/a	n/a	n/a
202.58	0.0	trigger_10	10	n/a	n/a	n/a	n/a	n/a	n/a	n/a
202.837	0.018	saccade	n/a	112.8	171.6	n/a	135.8	164.5	0.91	66.0
202.857	0.084	fixation	n/a	135.6	166.2	3463.0	n/a	n/a	n/a	n/a
202.943	0.15	saccade	n/a	141.0	170.3	n/a	169.8	172.3	1.09	985.0
202.977	0.066	blink	n/a	n/a	n/a	n/a	n/a	n/a	n/a	n/a
203.095	0.188	fixation	n/a	168.3	170.8	3541.0	n/a	n/a	n/a	n/a
203.285	0.016	saccade	n/a	172.4	170.8	n/a	195.6	168.0	0.89	69.0
203.303	0.198	fixation	n/a	194.6	168.7	3461.0	n/a	n/a	n/a	n/a
203.503	0.032	saccade	n/a	199.8	166.9	n/a	279.4	162.2	3.04	202.0
203.537	0.14	fixation	n/a	278.9	159.2	3304.0	n/a	n/a	n/a	n/a
203.679	0.03	saccade	n/a	280.6	157.8	n/a	344.2	158.7	2.43	173.0
203.711	0.202	fixation	n/a	342.8	158.3	3369.0	n/a	n/a	n/a	n/a
203.915	0.016	saccade	n/a	346.5	156.6	n/a	367.7	154.7	0.82	62.0
203.933	0.326	fixation	n/a	366.6	153.8	3351.0	n/a	n/a	n/a	n/a
204.261	0.026	saccade	n/a	367.5	154.3	n/a	427.7	152.8	2.3	155.0
204.289	0.27	fixation	n/a	424.9	152.4	3334.0	n/a	n/a	n/a	n/a
204.561	0.03	saccade	n/a	425.0	152.2	n/a	518.8	150.8	3.56	199.0
204.593	0.198	fixation	n/a	518.0	152.8	3287.0	n/a	n/a	n/a	n/a
204.793	0.016	saccade	n/a	520.3	154.3	n/a	541.0	152.6	0.78	61.0
204.811	0.22	fixation	n/a	539.0	151.8	3233.0	n/a	n/a	n/a	n/a
205.033	0.028	saccade	n/a	541.6	147.5	n/a	598.1	147.5	2.11	156.0
205.063	0.264	fixation	n/a	595.3	145.6	3185.0	n/a	n/a	n/a	n/a
205.329	0.072	saccade	n/a	595.2	147.7	n/a	126.4	230.5	17.81	456.0
205.403	0.12	fixation	n/a	133.8	234.4	3285.0	n/a	n/a	n/a	n/a
205.525	0.02	saccade	n/a	130.0	235.9	n/a	97.2	237.2	1.23	88.0
205.547	0.38	fixation	n/a	105.0	235.7	3205.0	n/a	n/a	n/a	n/a
205.929	0.036	saccade	n/a	109.5	234.2	n/a	214.4	227.6	3.97	230.0
205.967	0.2	fixation	n/a	216.2	223.7	3186.0	n/a	n/a	n/a	n/a
206.169	0.014	saccade	n/a	221.9	222.4	n/a	238.2	221.1	0.62	54.0
206.185	0.198	fixation	n/a	236.7	225.8	3238.0	n/a	n/a	n/a	n/a
206.385	0.042	saccade	n/a	241.8	236.1	n/a	272.4	227.4	1.21	110.0
206.429	0.11	fixation	n/a	282.8	233.0	3323.0	n/a	n/a	n/a	n/a
206.541	0.142	saccade	n/a	283.8	236.1	n/a	307.1	227.8	0.95	831.0
206.573	0.054	blink	n/a	n/a	n/a	n/a	n/a	n/a	n/a	n/a
206.685	0.152	fixation	n/a	311.0	234.1	3294.0	n/a	n/a	n/a	n/a
206.839	0.022	saccade	n/a	315.0	234.9	n/a	357.4	228.5	1.64	105.0
206.863	0.16	fixation	n/a	357.9	232.5	3253.0	n/a	n/a	n/a	n/a
207.025	0.026	saccade	n/a	358.8	227.2	n/a	414.1	217.4	2.14	146.0
207.053	0.24	fixation	n/a	416.2	223.3	3123.0	n/a	n/a	n/a	n/a
207.295	0.034	saccade	n/a	418.8	224.9	n/a	514.0	223.7	3.61	199.0
207.331	0.25	fixation	n/a	514.4	222.0	3081.0	n/a	n/a	n/a	n/a
207.583	0.03	saccade	n/a	515.3	220.7	n/a	590.2	215.9	2.81	184.0
207.615	0.854	fixation	n/a	589.2	216.4	3021.0	n/a	n/a	n/a	n/a
208.471	0.146	saccade	n/a	588.1	226.2	n/a	603.2	226.9	0.56	798.0
208.505	0.064	blink	n/a	n/a	n/a	n/a	n/a	n/a	n/a	n/a
208.619	0.55	fixation	n/a	597.3	224.9	3241.0	n/a	n/a	n/a	n/a
209.03	0.0	trigger_11	11	n/a	n/a	n/a	n/a	n/a	n/a	n/a
209.034	0.0	trigger_10	10	n/a	n/a	n/a	n/a	n/a	n/a	n/a
209.171	0.062	saccade	n/a	594.7	223.7	n/a	204.5	161.6	14.86	455.0
209.235	0.05	fixation	n/a	200.8	163.5	3256.0	n/a	n/a	n/a	n/a
209.287	0.026	saccade	n/a	198.5	165.6	n/a	151.0	166.4	1.8	158.0
209.315	0.138	fixation	n/a	152.7	168.5	3205.0	n/a	n/a	n/a	n/a
209.455	0.018	saccade	n/a	150.8	170.9	n/a	119.5	174.3	1.19	88.0
209.475	0.676	fixation	n/a	137.5	169.9	3269.0	n/a	n/a	n/a	n/a
210.153	0.024	saccade	n/a	145.9	171.7	n/a	189.0	168.0	1.64	102.0
210.179	0.26	fixation	n/a	186.5	166.4	3439.0	n/a	n/a	n/a	n/a
210.441	0.026	saccade	n/a	186.5	165.0	n/a	245.1	163.6	2.23	145.0
210.469	0.336	fixation	n/a	242.7	165.8	3465.0	n/a	n/a	n/a	n/a
210.807	0.02	saccade	n/a	246.5	165.1	n/a	280.3	160.2	1.31	88.0
210.829	0.076	fixation	n/a	279.3	163.7	3425.0	n/a	n/a	n/a	n/a
210.907	0.082	saccade	n/a	283.4	167.1	n/a	318.8	171.3	1.37	706.0
210.991	0.086	fixation	n/a	318.1	168.2	3386.0	n/a	n/a	n/a	n/a
211.079	0.13	saccade	n/a	319.7	169.3	n/a	357.0	160.1	1.47	938.0
211.115	0.042	blink	n/a	n/a	n/a	n/a	n/a	n/a	n/a	n/a
211.211	0.23	fixation	n/a	360.4	162.4	3326.0	n/a	n/a	n/a	n/a
211.443	0.032	saccade	n/a	364.5	161.0	n/a	451.9	162.4	3.34	200.0
211.477	0.334	fixation	n/a	453.0	157.5	3131.0	n/a	n/a	n/a	n/a
211.813	0.028	saccade	n/a	454.8	151.8	n/a	524.6	144.3	2.66	170.0
211.843	0.214	fixation	n/a	527.6	146.1	3070.0	n/a	n/a	n/a	n/a
212.059	0.018	saccade	n/a	526.4	146.2	n/a	500.5	151.1	1.0	76.0
212.079	0.536	fixation	n/a	499.9	153.4	3213.0	n/a	n/a	n/a	n/a
212.617	0.026	saccade	n/a	499.0	155.6	n/a	548.6	148.9	1.89	137.0
212.645	0.086	fixation	n/a	546.0	151.3	3322.0	n/a	n/a	n/a	n/a
212.733	0.132	saccade	n/a	548.6	159.8	n/a	594.9	167.4	1.76	857.0
212.767	0.048	blink	n/a	n/a	n/a	n/a	n/a	n/a	n/a	n/a
212.867	0.282	fixation	n/a	597.0	163.5	3426.0	n/a	n/a	n/a	n/a
213.151	0.022	saccade	n/a	599.7	162.5	n/a	635.7	152.8	1.38	109.0
213.175	0.156	fixation	n/a	634.2	154.3	3259.0	n/a	n/a	n/a	n/a
213.333	0.068	saccade	n/a	635.8	153.3	n/a	152.6	237.5	18.32	464.0
213.403	0.626	fixation	n/a	146.7	236.4	3134.0	n/a	n/a	n/a	n/a
214.031	0.034	saccade	n/a	141.6	231.0	n/a	247.7	222.6	4.02	258.0
214.067	0.258	fixation	n/a	249.3	223.2	3166.0	n/a	n/a	n/a	n/a
214.327	0.032	saccade	n/a	248.7	223.4	n/a	335.4	217.2	3.32	213.0
214.361	0.158	fixation	n/a	335.5	218.7	3223.0	n/a	n/a	n/a	n/a
214.521	0.026	saccade	n/a	337.7	220.1	n/a	383.4	219.7	1.75	127.0
214.549	0.238	fixation	n/a	380.7	219.6	3224.0	n/a	n/a	n/a	n/a
214.789	0.016	saccade	n/a	385.0	219.2	n/a	408.7	214.2	0.93	72.0
214.807	0.222	fixation	n/a	408.2	217.4	3175.0	n/a	n/a	n/a	n/a
215.031	0.022	saccade	n/a	411.4	217.8	n/a	453.6	214.9	1.61	104.0
215.055	0.272	fixation	n/a	457.7	213.9	3141.0	n/a	n/a	n/a	n/a
215.329	0.028	saccade	n/a	461.6	216.3	n/a	533.4	218.9	2.72	174.0
215.359	0.272	fixation	n/a	532.8	217.0	3170.0	n/a	n/a	n/a	n/a
215.633	0.024	saccade	n/a	536.2	220.5	n/a	579.8	219.2	1.64	121.0
215.659	0.292	fixation	n/a	576.0	217.4	3225.0	n/a	n/a	n/a	n/a
215.953	0.018	saccade	n/a	577.2	219.1	n/a	607.5	220.1	1.13	88.0
215.973	0.17	fixation	n/a	603.1	220.2	3200.0	n/a	n/a	n/a	n/a
216.145	0.068	saccade	n/a	603.7	219.8	n/a	187.3	160.1	15.76	395.0
216.215	0.194	fixation	n/a	174.4	171.1	3198.0	n/a	n/a	n/a	n/a
216.411	0.02	saccade	n/a	170.8	175.4	n/a	134.9	172.6	1.36	95.0
216.433	0.456	fixation	n/a	139.0	172.2	3278.0	n/a	n/a	n/a	n/a
216.654	0.0	trigger_11	11	n/a	n/a	n/a	n/a	n/a	n/a	n/a
216.656	0.0	trigger_10	10	n/a	n/a	n/a	n/a	n/a	n/a	n/a
216.891	0.016	saccade	n/a	136.1	171.6	n/a	116.8	169.3	0.73	55.0
216.909	0.162	fixation	n/a	118.5	170.2	3361.0	n/a	n/a	n/a	n/a
217.073	0.032	saccade	n/a	119.7	168.2	n/a	222.5	163.7	3.88	248.0
217.107	0.314	fixation	n/a	225.8	163.4	3351.0	n/a	n/a	n/a	n/a
217.423	0.028	saccade	n/a	228.2	164.8	n/a	292.6	159.1	2.47	160.0
217.453	0.244	fixation	n/a	294.4	161.4	3281.0	n/a	n/a	n/a	n/a
217.699	0.02	saccade	n/a	295.5	159.6	n/a	328.6	157.0	1.27	89.0
217.721	0.14	fixation	n/a	327.0	158.4	3284.0	n/a	n/a	n/a	n/a
217.863	0.026	saccade	n/a	326.9	158.5	n/a	278.1	166.5	1.89	135.0
217.891	0.09	fixation	n/a	282.1	165.0	3331.0	n/a	n/a	n/a	n/a
217.983	0.034	saccade	n/a	284.0	164.3	n/a	400.1	160.1	4.43	268.0
218.019	0.222	fixation	n/a	405.1	158.8	3346.0	n/a	n/a	n/a	n/a
218.243	0.026	saccade	n/a	406.1	156.1	n/a	461.6	152.9	2.12	149.0
218.271	0.268	fixation	n/a	461.5	153.3	3306.0	n/a	n/a	n/a	n/a
218.541	0.1	saccade	n/a	465.7	161.4	n/a	549.6	168.2	3.18	906.0
218.573	0.02	blink	n/a	n/a	n/a	n/a	n/a	n/a	n/a	n/a
218.643	0.142	fixation	n/a	547.9	158.0	3258.0	n/a	n/a	n/a	n/a
218.787	0.03	saccade	n/a	546.6	153.8	n/a	619.0	153.1	2.7	176.0
218.819	0.286	fixation	n/a	615.8	148.4	3222.0	n/a	n/a	n/a	n/a
219.107	0.074	saccade	n/a	618.2	146.3	n/a	98.4	235.5	19.62	463.0
219.183	0.642	fixation	n/a	102.0	240.5	3208.0	n/a	n/a	n/a	n/a
219.827	0.144	saccade	n/a	104.2	241.1	n/a	127.8	245.4	0.9	598.0
219.873	0.034	blink	n/a	n/a	n/a	n/a	n/a	n/a	n/a	n/a
219.973	0.078	fixation	n/a	128.0	248.1	3262.0	n/a	n/a	n/a	n/a
220.053	0.024	saccade	n/a	129.7	246.9	n/a	171.9	238.1	1.62	123.0
220.079	0.294	fixation	n/a	168.4	231.7	3269.0	n/a	n/a	n/a	n/a
220.375	0.02	saccade	n/a	171.2	228.1	n/a	205.2	226.4	1.29	92.0
220.397	0.106	fixation	n/a	202.6	227.7	3180.0	n/a	n/a	n/a	n/a
220.505	0.022	saccade	n/a	202.2	228.2	n/a	164.6	225.4	1.43	95.0
220.529	0.242	fixation	n/a	166.9	222.8	3140.0	n/a	n/a	n/a	n/a
220.773	0.032	saccade	n/a	164.8	220.1	n/a	145.8	155.0	2.6	180.0
220.79	0.0	trigger_11	11	n/a	n/a	n/a	n/a	n/a	n/a	n/a
220.792	0.0	trigger_10	10	n/a	n/a	n/a	n/a	n/a	n/a	n/a
220.807	0.22	fixation	n/a	146.0	164.9	3180.0	n/a	n/a	n/a	n/a
221.029	0.018	saccade	n/a	142.3	166.9	n/a	116.9	165.0	0.96	70.0
221.049	0.13	fixation	n/a	119.6	166.9	3325.0	n/a	n/a	n/a	n/a
221.181	0.028	saccade	n/a	120.9	167.9	n/a	184.1	166.2	2.38	159.0
221.211	0.18	fixation	n/a	179.9	165.0	3377.0	n/a	n/a	n/a	n/a
221.393	0.026	saccade	n/a	181.6	163.1	n/a	233.3	163.1	1.97	135.0
221.421	0.174	fixation	n/a	230.1	161.4	3336.0	n/a	n/a	n/a	n/a
221.597	0.02	saccade	n/a	232.1	159.7	n/a	266.0	159.3	1.29	92.0
221.619	0.206	fixation	n/a	264.9	159.6	3287.0	n/a	n/a	n/a	n/a
221.827	0.018	saccade	n/a	268.4	163.3	n/a	295.3	162.1	1.03	77.0
221.847	0.164	fixation	n/a	290.9	163.3	3298.0	n/a	n/a	n/a	n/a
222.013	0.028	saccade	n/a	289.3	160.8	n/a	353.8	156.6	2.47	165.0
222.043	0.154	fixation	n/a	353.5	158.4	3350.0	n/a	n/a	n/a	n/a
222.199	0.026	saccade	n/a	354.1	163.3	n/a	305.7	168.3	1.86	144.0
222.227	0.086	fixation	n/a	309.4	165.8	3412.0	n/a	n/a	n/a	n/a
222.315	0.032	saccade	n/a	309.5	165.2	n/a	398.3	164.7	3.4	235.0
222.349	0.192	fixation	n/a	397.8	166.1	3464.0	n/a	n/a	n/a	n/a
222.543	0.018	saccade	n/a	401.7	166.4	n/a	431.3	162.1	1.14	86.0
222.563	0.124	fixation	n/a	426.2	162.3	3451.0	n/a	n/a	n/a	n/a
222.689	0.156	saccade	n/a	429.6	168.2	n/a	465.2	171.1	1.36	958.0
222.723	0.068	blink	n/a	n/a	n/a	n/a	n/a	n/a	n/a	n/a
222.847	0.32	fixation	n/a	466.1	166.2	3388.0	n/a	n/a	n/a	n/a
223.169	0.026	saccade	n/a	469.9	167.9	n/a	526.4	168.6	2.14	152.0
223.197	0.288	fixation	n/a	525.5	164.2	3256.0	n/a	n/a	n/a	n/a
223.487	0.016	saccade	n/a	527.6	163.2	n/a	551.8	158.7	0.93	72.0
223.505	0.144	fixation	n/a	547.2	157.3	3275.0	n/a	n/a	n/a	n/a
223.651	0.064	saccade	n/a	545.7	156.6	n/a	113.6	236.8	16.47	450.0
223.717	0.546	fixation	n/a	114.6	239.5	3377.0	n/a	n/a	n/a	n/a
224.265	0.03	saccade	n/a	116.4	242.0	n/a	197.5	239.3	3.06	188.0
224.297	0.5	fixation	n/a	193.9	237.0	3371.0	n/a	n/a	n/a	n/a
224.799	0.032	saccade	n/a	194.1	236.1	n/a	273.0	236.0	3.0	191.0
224.833	0.522	fixation	n/a	274.8	230.8	3296.0	n/a	n/a	n/a	n/a
225.357	0.026	saccade	n/a	277.2	230.8	n/a	338.5	225.6	2.35	150.0
225.385	0.226	fixation	n/a	340.1	227.7	3265.0	n/a	n/a	n/a	n/a
225.613	0.028	saccade	n/a	342.0	228.8	n/a	406.6	231.6	2.47	157.0
225.643	0.32	fixation	n/a	403.9	227.8	3269.0	n/a	n/a	n/a	n/a
225.965	0.028	saccade	n/a	406.2	227.9	n/a	479.7	221.5	2.81	160.0
225.995	0.068	fixation	n/a	477.0	223.1	3237.0	n/a	n/a	n/a	n/a
226.065	0.14	saccade	n/a	480.6	229.1	n/a	503.5	234.7	0.9	790.0
226.097	0.06	blink	n/a	n/a	n/a	n/a	n/a	n/a	n/a	n/a
226.207	0.152	fixation	n/a	510.7	223.8	3235.0	n/a	n/a	n/a	n/a
226.361	0.03	saccade	n/a	511.4	223.1	n/a	584.5	223.1	2.75	178.0
226.393	0.386	fixation	n/a	584.1	222.1	3167.0	n/a	n/a	n/a	n/a
226.781	0.026	saccade	n/a	584.2	222.6	n/a	532.2	220.6	1.95	143.0
226.809	0.324	fixation	n/a	533.6	221.7	3176.0	n/a	n/a	n/a	n/a
227.135	0.028	saccade	n/a	533.0	220.7	n/a	591.9	220.4	2.2	161.0
227.165	0.246	fixation	n/a	587.1	223.7	3252.0	n/a	n/a	n/a	n/a
227.413	0.016	saccade	n/a	590.5	223.6	n/a	611.1	223.6	0.77	62.0
227.431	0.082	fixation	n/a	606.6	224.4	3272.0	n/a	n/a	n/a	n/a
227.515	0.07	saccade	n/a	607.3	224.4	n/a	131.3	302.2	17.94	464.0
227.587	0.148	fixation	n/a	134.4	304.8	3275.0	n/a	n/a	n/a	n/a
227.737	0.018	saccade	n/a	133.4	305.9	n/a	108.3	303.5	0.94	71.0
227.757	0.204	fixation	n/a	112.6	303.5	3203.0	n/a	n/a	n/a	n/a
227.963	0.034	saccade	n/a	110.9	300.8	n/a	204.7	301.5	3.51	234.0
227.999	0.424	fixation	n/a	211.3	298.9	3094.0	n/a	n/a	n/a	n/a
228.425	0.026	saccade	n/a	214.5	295.8	n/a	270.6	291.2	2.14	136.0
228.453	0.318	fixation	n/a	272.6	290.1	3006.0	n/a	n/a	n/a	n/a
228.773	0.02	saccade	n/a	274.7	288.0	n/a	309.4	284.3	1.33	96.0
228.795	0.304	fixation	n/a	304.7	285.4	3045.0	n/a	n/a	n/a	n/a
229.101	0.02	saccade	n/a	307.7	286.4	n/a	346.1	284.4	1.47	104.0
229.123	0.226	fixation	n/a	342.6	284.8	3060.0	n/a	n/a	n/a	n/a
229.351	0.026	saccade	n/a	343.9	283.3	n/a	395.9	282.3	1.98	134.0
229.379	0.188	fixation	n/a	396.4	284.3	3027.0	n/a	n/a	n/a	n/a
229.569	0.028	saccade	n/a	398.1	284.6	n/a	457.8	279.5	2.28	155.0
229.599	0.46	fixation	n/a	457.9	282.6	3006.0	n/a	n/a	n/a	n/a
230.061	0.016	saccade	n/a	460.6	285.8	n/a	479.4	287.4	0.71	61.0
230.079	0.34	fixation	n/a	476.9	288.3	3106.0	n/a	n/a	n/a	n/a
230.421	0.04	saccade	n/a	476.4	291.4	n/a	495.6	157.3	5.22	300.0
230.463	0.166	fixation	n/a	492.0	162.4	3295.0	n/a	n/a	n/a	n/a
230.631	0.064	saccade	n/a	491.4	162.4	n/a	152.3	172.5	12.83	384.0
230.697	0.234	fixation	n/a	153.2	181.2	3403.0	n/a	n/a	n/a	n/a
230.712	0.0	trigger_11	11	n/a	n/a	n/a	n/a	n/a	n/a	n/a
230.714	0.0	trigger_10	10	n/a	n/a	n/a	n/a	n/a	n/a	n/a
230.933	0.018	saccade	n/a	149.5	183.4	n/a	121.3	177.1	1.09	82.0
230.953	0.146	fixation	n/a	129.0	179.3	3432.0	n/a	n/a	n/a	n/a
231.101	0.03	saccade	n/a	130.8	181.8	n/a	206.1	175.9	2.86	186.0
231.133	0.094	fixation	n/a	204.1	175.0	3429.0	n/a	n/a	n/a	n/a
231.229	0.134	saccade	n/a	208.7	177.1	n/a	256.7	162.6	1.91	786.0
231.265	0.04	blink	n/a	n/a	n/a	n/a	n/a	n/a	n/a	n/a
231.365	0.176	fixation	n/a	256.1	168.1	3357.0	n/a	n/a	n/a	n/a
231.543	0.024	saccade	n/a	253.3	167.3	n/a	210.4	172.9	1.65	115.0
231.569	0.282	fixation	n/a	215.4	174.5	3282.0	n/a	n/a	n/a	n/a
231.853	0.018	saccade	n/a	210.0	174.1	n/a	184.5	177.6	0.98	76.0
231.873	0.258	fixation	n/a	189.2	178.3	3261.0	n/a	n/a	n/a	n/a
232.133	0.026	saccade	n/a	190.9	179.4	n/a	240.7	175.4	1.9	133.0
232.161	0.088	fixation	n/a	236.4	173.5	3315.0	n/a	n/a	n/a	n/a
232.251	0.03	saccade	n/a	237.6	171.8	n/a	338.1	172.1	3.84	233.0
232.283	0.246	fixation	n/a	354.4	170.6	3352.0	n/a	n/a	n/a	n/a
232.531	0.018	saccade	n/a	360.0	171.5	n/a	382.7	166.5	0.89	71.0
232.551	0.236	fixation	n/a	380.0	167.8	3309.0	n/a	n/a	n/a	n/a
232.789	0.028	saccade	n/a	381.4	165.0	n/a	452.0	159.2	2.7	179.0
232.819	0.208	fixation	n/a	451.2	158.9	3264.0	n/a	n/a	n/a	n/a
233.029	0.03	saccade	n/a	451.5	161.8	n/a	382.2	169.8	2.67	204.0
233.061	0.088	fixation	n/a	386.9	169.5	3255.0	n/a	n/a	n/a	n/a
233.151	0.034	saccade	n/a	385.6	173.8	n/a	489.9	164.6	3.99	259.0
233.187	0.308	fixation	n/a	488.0	159.8	3286.0	n/a	n/a	n/a	n/a
233.497	0.028	saccade	n/a	489.1	159.8	n/a	543.8	157.3	2.07	156.0
233.527	0.172	fixation	n/a	542.6	157.3	3291.0	n/a	n/a	n/a	n/a
233.701	0.032	saccade	n/a	543.5	158.5	n/a	618.0	158.3	2.78	191.0
233.735	0.2	fixation	n/a	617.3	158.6	3286.0	n/a	n/a	n/a	n/a
233.937	0.072	saccade	n/a	619.5	159.3	n/a	119.1	244.6	18.92	468.0
234.011	0.208	fixation	n/a	126.8	252.2	3315.0	n/a	n/a	n/a	n/a
234.221	0.122	saccade	n/a	131.4	258.2	n/a	131.4	245.4	0.49	669.0
234.261	0.024	blink	n/a	n/a	n/a	n/a	n/a	n/a	n/a	n/a
234.345	0.172	fixation	n/a	131.0	248.4	3313.0	n/a	n/a	n/a	n/a
234.519	0.032	saccade	n/a	132.2	248.6	n/a	232.6	246.2	3.8	238.0
234.553	0.452	fixation	n/a	231.7	240.5	3289.0	n/a	n/a	n/a	n/a
235.007	0.032	saccade	n/a	230.0	240.2	n/a	300.4	236.3	2.69	191.0
235.041	0.064	fixation	n/a	298.2	234.3	3315.0	n/a	n/a	n/a	n/a
235.107	0.144	saccade	n/a	301.6	236.0	n/a	304.3	230.8	0.23	763.0
235.139	0.056	blink	n/a	n/a	n/a	n/a	n/a	n/a	n/a	n/a
235.253	0.298	fixation	n/a	306.2	230.8	3197.0	n/a	n/a	n/a	n/a
235.553	0.034	saccade	n/a	307.6	229.1	n/a	403.0	223.7	3.65	222.0
235.589	0.214	fixation	n/a	405.2	219.0	3057.0	n/a	n/a	n/a	n/a
235.805	0.026	saccade	n/a	406.5	222.2	n/a	461.8	220.6	2.11	143.0
235.833	0.314	fixation	n/a	460.2	221.3	3129.0	n/a	n/a	n/a	n/a
236.149	0.018	saccade	n/a	455.6	223.0	n/a	428.2	228.1	1.06	83.0
236.169	0.146	fixation	n/a	433.7	228.7	3233.0	n/a	n/a	n/a	n/a
236.317	0.032	saccade	n/a	433.6	229.1	n/a	513.2	222.7	3.03	202.0
236.351	0.226	fixation	n/a	511.6	222.1	3261.0	n/a	n/a	n/a	n/a
236.579	0.142	saccade	n/a	517.0	236.0	n/a	536.7	239.1	0.75	812.0
236.615	0.054	blink	n/a	n/a	n/a	n/a	n/a	n/a	n/a	n/a
236.723	0.09	fixation	n/a	540.2	232.5	3284.0	n/a	n/a	n/a	n/a
236.815	0.03	saccade	n/a	540.1	229.8	n/a	603.1	233.5	2.36	191.0
236.847	0.408	fixation	n/a	606.1	231.3	3234.0	n/a	n/a	n/a	n/a
237.257	0.068	saccade	n/a	608.2	229.3	n/a	140.6	304.9	17.65	461.0
237.327	0.536	fixation	n/a	135.5	306.2	3129.0	n/a	n/a	n/a	n/a
237.865	0.032	saccade	n/a	127.9	303.8	n/a	219.7	292.7	3.48	215.0
237.899	0.214	fixation	n/a	221.1	292.7	3255.0	n/a	n/a	n/a	n/a
238.115	0.02	saccade	n/a	223.4	288.8	n/a	263.1	287.6	1.51	106.0
238.137	0.136	fixation	n/a	261.8	287.8	3279.0	n/a	n/a	n/a	n/a
238.275	0.024	saccade	n/a	263.6	287.3	n/a	311.3	286.5	1.81	118.0
238.301	0.396	fixation	n/a	309.9	287.8	3272.0	n/a	n/a	n/a	n/a
238.699	0.016	saccade	n/a	313.1	288.9	n/a	332.2	289.8	0.73	57.0
238.717	0.192	fixation	n/a	328.3	290.1	3202.0	n/a	n/a	n/a	n/a
238.911	0.03	saccade	n/a	327.8	288.0	n/a	387.8	291.4	2.29	179.0
238.943	0.666	fixation	n/a	383.3	291.7	3173.0	n/a	n/a	n/a	n/a
239.611	0.06	saccade	n/a	379.2	293.8	n/a	167.7	177.1	9.2	266.0
239.673	0.244	fixation	n/a	171.7	179.3	3263.0	n/a	n/a	n/a	n/a
239.919	0.044	saccade	n/a	173.9	178.5	n/a	307.4	159.9	5.14	238.0
239.965	0.21	fixation	n/a	309.9	156.9	3274.0	n/a	n/a	n/a	n/a
240.177	0.034	saccade	n/a	311.0	159.0	n/a	393.9	160.5	3.18	231.0
240.213	0.286	fixation	n/a	394.7	159.0	3418.0	n/a	n/a	n/a	n/a
240.501	0.028	saccade	n/a	397.1	160.3	n/a	457.2	158.3	2.29	166.0
240.531	0.156	fixation	n/a	457.7	155.9	3406.0	n/a	n/a	n/a	n/a
240.689	0.034	saccade	n/a	460.4	156.4	n/a	555.7	157.6	3.6	226.0
240.725	0.266	fixation	n/a	560.8	156.0	3327.0	n/a	n/a	n/a	n/a
240.993	0.066	saccade	n/a	564.2	156.0	n/a	142.8	217.3	15.99	456.0
241.061	0.178	fixation	n/a	149.3	225.4	3298.0	n/a	n/a	n/a	n/a
241.241	0.018	saccade	n/a	145.8	228.3	n/a	119.1	226.4	1.0	79.0
241.261	0.156	fixation	n/a	122.7	227.8	3314.0	n/a	n/a	n/a	n/a
241.419	0.038	saccade	n/a	122.3	228.9	n/a	245.9	233.8	4.68	254.0
241.459	0.334	fixation	n/a	244.0	230.4	3465.0	n/a	n/a	n/a	n/a
241.648	0.0	trigger_11	11	n/a	n/a	n/a	n/a	n/a	n/a	n/a
241.65	0.0	trigger_12	12	n/a	n/a	n/a	n/a	n/a	n/a	n/a
241.795	0.036	saccade	n/a	242.6	230.1	n/a	166.6	148.2	4.28	239.0
241.833	0.216	fixation	n/a	161.7	156.9	3439.0	n/a	n/a	n/a	n/a
242.051	0.02	saccade	n/a	159.9	160.6	n/a	123.3	167.7	1.41	98.0
242.073	0.074	fixation	n/a	127.6	164.9	3345.0	n/a	n/a	n/a	n/a
242.149	0.128	saccade	n/a	133.0	167.3	n/a	114.9	161.1	0.72	796.0
242.183	0.04	blink	n/a	n/a	n/a	n/a	n/a	n/a	n/a	n/a
242.279	0.104	fixation	n/a	114.1	163.5	3321.0	n/a	n/a	n/a	n/a
242.385	0.032	saccade	n/a	115.9	165.5	n/a	219.4	164.3	3.91	263.0
242.419	0.236	fixation	n/a	221.5	161.0	3264.0	n/a	n/a	n/a	n/a
242.657	0.014	saccade	n/a	220.8	159.4	n/a	204.6	160.1	0.62	50.0
242.673	0.414	fixation	n/a	206.5	160.6	3252.0	n/a	n/a	n/a	n/a
243.089	0.044	saccade	n/a	205.6	167.6	n/a	281.0	176.5	2.9	215.0
243.135	0.038	fixation	n/a	279.4	165.8	3386.0	n/a	n/a	n/a	n/a
243.175	0.16	saccade	n/a	278.2	165.6	n/a	311.8	163.7	1.29	818.0
243.209	0.072	blink	n/a	n/a	n/a	n/a	n/a	n/a	n/a	n/a
243.337	0.306	fixation	n/a	315.6	166.1	3342.0	n/a	n/a	n/a	n/a
243.645	0.03	saccade	n/a	321.2	164.6	n/a	396.1	160.9	2.88	186.0
243.677	0.438	fixation	n/a	395.5	158.8	3156.0	n/a	n/a	n/a	n/a
244.117	0.026	saccade	n/a	395.4	158.3	n/a	439.7	156.0	1.7	125.0
244.145	0.28	fixation	n/a	436.2	157.4	3191.0	n/a	n/a	n/a	n/a
244.427	0.04	saccade	n/a	432.8	158.1	n/a	290.2	164.2	5.47	244.0
244.469	0.312	fixation	n/a	285.8	169.6	3398.0	n/a	n/a	n/a	n/a
244.783	0.038	saccade	n/a	282.6	173.0	n/a	401.8	177.7	4.57	296.0
244.823	0.216	fixation	n/a	410.5	173.6	3536.0	n/a	n/a	n/a	n/a
245.041	0.016	saccade	n/a	414.2	171.7	n/a	437.5	165.1	0.93	75.0
245.059	0.24	fixation	n/a	435.2	167.8	3486.0	n/a	n/a	n/a	n/a
245.301	0.06	saccade	n/a	436.3	167.5	n/a	147.3	169.2	10.99	289.0
245.363	0.428	fixation	n/a	147.4	174.0	3392.0	n/a	n/a	n/a	n/a
245.793	0.036	saccade	n/a	147.7	174.0	n/a	271.6	171.3	4.71	271.0
245.831	0.202	fixation	n/a	274.7	168.6	3406.0	n/a	n/a	n/a	n/a
246.035	0.03	saccade	n/a	275.2	169.0	n/a	332.5	163.4	2.21	162.0
246.067	0.12	fixation	n/a	330.4	164.6	3421.0	n/a	n/a	n/a	n/a
246.189	0.034	saccade	n/a	330.0	165.7	n/a	174.8	182.3	5.95	306.0
246.225	0.49	fixation	n/a	125.9	184.6	3441.0	n/a	n/a	n/a	n/a
246.32	0.0	trigger_13	13	n/a	n/a	n/a	n/a	n/a	n/a	n/a
246.717	0.02	saccade	n/a	125.0	173.7	n/a	160.4	165.6	1.37	95.0
246.739	0.174	fixation	n/a	158.2	165.6	3473.0	n/a	n/a	n/a	n/a
246.915	0.034	saccade	n/a	160.2	164.6	n/a	250.7	163.4	3.44	232.0
246.951	0.21	fixation	n/a	249.5	163.2	3561.0	n/a	n/a	n/a	n/a
247.163	0.038	saccade	n/a	247.7	161.9	n/a	120.4	231.6	5.51	326.0
247.203	0.248	fixation	n/a	123.5	229.8	3746.0	n/a	n/a	n/a	n/a
247.453	0.034	saccade	n/a	123.0	230.8	n/a	118.6	312.3	3.12	217.0
247.489	0.124	fixation	n/a	119.3	309.3	3822.0	n/a	n/a	n/a	n/a
247.615	0.024	saccade	n/a	118.6	311.3	n/a	93.7	294.1	1.13	94.0
247.641	0.218	fixation	n/a	100.1	297.8	3800.0	n/a	n/a	n/a	n/a
247.861	0.112	saccade	n/a	104.1	303.0	n/a	101.8	290.8	0.47	647.0
247.909	0.01	blink	n/a	n/a	n/a	n/a	n/a	n/a	n/a	n/a
247.975	0.158	fixation	n/a	99.2	292.2	3750.0	n/a	n/a	n/a	n/a
248.135	0.046	saccade	n/a	98.3	289.3	n/a	122.7	204.3	3.38	256.0
248.183	0.078	fixation	n/a	122.7	198.0	3745.0	n/a	n/a	n/a	n/a
248.263	0.024	saccade	n/a	122.7	195.3	n/a	128.1	162.1	1.29	108.0
248.289	0.13	fixation	n/a	128.0	167.2	3709.0	n/a	n/a	n/a	n/a
248.421	0.034	saccade	n/a	129.5	164.3	n/a	248.1	159.9	4.5	268.0
248.457	0.282	fixation	n/a	248.6	161.9	3758.0	n/a	n/a	n/a	n/a
248.741	0.146	saccade	n/a	246.9	165.8	n/a	96.1	303.9	7.78	591.0
248.889	0.046	fixation	n/a	93.2	300.2	3912.0	n/a	n/a	n/a	n/a
248.937	0.156	saccade	n/a	92.0	301.3	n/a	125.5	330.2	1.66	893.0
248.973	0.064	blink	n/a	n/a	n/a	n/a	n/a	n/a	n/a	n/a
249.095	0.144	fixation	n/a	123.3	336.1	3814.0	n/a	n/a	n/a	n/a
249.241	0.018	saccade	n/a	123.9	336.2	n/a	125.4	306.3	1.14	88.0
249.261	0.196	fixation	n/a	130.2	313.9	3691.0	n/a	n/a	n/a	n/a
249.459	0.042	saccade	n/a	131.7	314.4	n/a	134.6	164.8	5.74	315.0
249.503	0.256	fixation	n/a	135.3	164.8	3493.0	n/a	n/a	n/a	n/a
249.761	0.02	saccade	n/a	133.6	165.6	n/a	100.6	177.4	1.32	97.0
249.783	0.174	fixation	n/a	104.4	175.7	3563.0	n/a	n/a	n/a	n/a
249.959	0.06	saccade	n/a	101.4	178.5	n/a	113.0	407.3	8.68	448.0
250.021	0.334	fixation	n/a	114.8	419.6	3784.0	n/a	n/a	n/a	n/a
250.357	0.07	saccade	n/a	114.4	418.0	n/a	132.0	187.0	8.77	235.0
250.429	0.178	fixation	n/a	132.8	188.2	3526.0	n/a	n/a	n/a	n/a
250.609	0.124	saccade	n/a	140.1	191.4	n/a	149.8	174.4	0.75	840.0
250.641	0.04	blink	n/a	n/a	n/a	n/a	n/a	n/a	n/a	n/a
250.735	0.394	fixation	n/a	146.8	178.5	3654.0	n/a	n/a	n/a	n/a
250.888	0.0	trigger_15	15	n/a	n/a	n/a	n/a	n/a	n/a	n/a
250.89	0.0	trigger_10	10	n/a	n/a	n/a	n/a	n/a	n/a	n/a
251.131	0.02	saccade	n/a	146.5	179.0	n/a	108.0	172.6	1.47	102.0
251.153	0.062	fixation	n/a	112.2	173.3	3657.0	n/a	n/a	n/a	n/a
251.217	0.16	saccade	n/a	115.3	173.8	n/a	118.7	172.2	0.14	927.0
251.249	0.074	blink	n/a	n/a	n/a	n/a	n/a	n/a	n/a	n/a
251.379	0.24	fixation	n/a	114.9	172.7	3733.0	n/a	n/a	n/a	n/a
251.621	0.028	saccade	n/a	115.2	172.2	n/a	182.0	173.6	2.52	171.0
251.651	0.306	fixation	n/a	184.4	172.1	3623.0	n/a	n/a	n/a	n/a
251.959	0.018	saccade	n/a	187.0	170.7	n/a	214.6	165.1	1.07	81.0
251.979	0.376	fixation	n/a	209.6	163.5	3685.0	n/a	n/a	n/a	n/a
252.357	0.026	saccade	n/a	212.7	167.0	n/a	260.6	165.8	1.83	131.0
252.385	0.058	fixation	n/a	257.3	166.0	3796.0	n/a	n/a	n/a	n/a
252.445	0.146	saccade	n/a	260.8	169.2	n/a	266.1	158.4	0.47	1004.0
252.479	0.054	blink	n/a	n/a	n/a	n/a	n/a	n/a	n/a	n/a
252.593	0.276	fixation	n/a	265.2	165.0	3837.0	n/a	n/a	n/a	n/a
252.871	0.022	saccade	n/a	264.9	164.0	n/a	309.6	161.0	1.72	124.0
252.895	0.11	fixation	n/a	309.7	159.5	3658.0	n/a	n/a	n/a	n/a
253.007	0.032	saccade	n/a	312.7	159.4	n/a	384.6	159.6	2.75	197.0
253.041	0.166	fixation	n/a	386.6	160.6	3500.0	n/a	n/a	n/a	n/a
253.209	0.022	saccade	n/a	389.5	161.7	n/a	428.3	159.4	1.49	107.0
253.233	0.524	fixation	n/a	427.9	158.6	3445.0	n/a	n/a	n/a	n/a
253.759	0.142	saccade	n/a	430.8	167.4	n/a	415.7	160.6	0.64	876.0
253.791	0.056	blink	n/a	n/a	n/a	n/a	n/a	n/a	n/a	n/a
253.903	0.088	fixation	n/a	416.5	160.1	3611.0	n/a	n/a	n/a	n/a
253.993	0.032	saccade	n/a	416.5	162.5	n/a	489.9	158.5	2.81	216.0
254.027	0.364	fixation	n/a	487.2	156.8	3604.0	n/a	n/a	n/a	n/a
254.393	0.032	saccade	n/a	495.4	154.3	n/a	583.4	155.7	3.32	220.0
254.427	0.42	fixation	n/a	581.4	157.9	3444.0	n/a	n/a	n/a	n/a
254.849	0.066	saccade	n/a	580.9	161.0	n/a	147.7	227.4	16.49	455.0
254.917	0.216	fixation	n/a	149.2	234.1	3480.0	n/a	n/a	n/a	n/a
255.135	0.026	saccade	n/a	146.0	234.9	n/a	103.1	242.2	1.63	134.0
255.163	0.35	fixation	n/a	105.8	247.3	3547.0	n/a	n/a	n/a	n/a
255.515	0.022	saccade	n/a	104.6	244.2	n/a	142.5	235.3	1.46	95.0
255.539	0.13	fixation	n/a	141.2	240.1	3614.0	n/a	n/a	n/a	n/a
255.671	0.14	saccade	n/a	146.9	242.1	n/a	154.9	249.6	0.42	1006.0
255.705	0.052	blink	n/a	n/a	n/a	n/a	n/a	n/a	n/a	n/a
255.813	0.288	fixation	n/a	146.1	242.1	3696.0	n/a	n/a	n/a	n/a
256.103	0.03	saccade	n/a	146.3	241.1	n/a	224.5	238.6	2.96	194.0
256.135	0.314	fixation	n/a	229.3	232.4	3434.0	n/a	n/a	n/a	n/a
256.451	0.15	saccade	n/a	235.9	235.7	n/a	230.0	224.4	0.49	782.0
256.483	0.062	blink	n/a	n/a	n/a	n/a	n/a	n/a	n/a	n/a
256.603	0.522	fixation	n/a	233.5	231.4	3426.0	n/a	n/a	n/a	n/a
257.127	0.044	saccade	n/a	238.0	227.6	n/a	149.4	177.4	3.88	131.0
257.173	0.562	fixation	n/a	144.6	172.8	3308.0	n/a	n/a	n/a	n/a
257.737	0.032	saccade	n/a	138.1	170.1	n/a	213.5	160.6	2.88	204.0
257.771	0.342	fixation	n/a	210.3	155.7	3497.0	n/a	n/a	n/a	n/a
258.115	0.028	saccade	n/a	209.8	154.0	n/a	269.0	155.9	2.26	163.0
258.145	0.384	fixation	n/a	268.2	157.7	3583.0	n/a	n/a	n/a	n/a
258.531	0.02	saccade	n/a	274.8	163.2	n/a	306.5	160.1	1.22	86.0
258.553	0.122	fixation	n/a	304.0	160.9	3555.0	n/a	n/a	n/a	n/a
258.677	0.032	saccade	n/a	304.4	162.1	n/a	385.2	159.4	3.1	205.0
258.711	0.182	fixation	n/a	384.6	155.1	3549.0	n/a	n/a	n/a	n/a
258.895	0.044	saccade	n/a	384.5	156.2	n/a	221.4	167.9	6.25	259.0
258.941	0.17	fixation	n/a	223.2	168.2	3551.0	n/a	n/a	n/a	n/a
259.113	0.024	saccade	n/a	219.2	166.9	n/a	183.2	168.8	1.37	110.0
259.139	0.356	fixation	n/a	185.0	169.3	3529.0	n/a	n/a	n/a	n/a
259.497	0.038	saccade	n/a	176.7	164.8	n/a	297.3	163.5	4.59	307.0
259.537	0.128	fixation	n/a	309.0	163.0	3452.0	n/a	n/a	n/a	n/a
259.667	0.058	saccade	n/a	314.6	163.7	n/a	599.1	157.8	10.74	359.0
259.727	0.196	fixation	n/a	604.6	156.0	3324.0	n/a	n/a	n/a	n/a
259.925	0.068	saccade	n/a	604.0	156.6	n/a	149.5	164.5	17.03	469.0
259.995	0.43	fixation	n/a	132.1	170.8	3188.0	n/a	n/a	n/a	n/a
260.106	0.0	trigger_11	11	n/a	n/a	n/a	n/a	n/a	n/a	n/a
260.11	0.0	trigger_12	12	n/a	n/a	n/a	n/a	n/a	n/a	n/a
260.427	0.142	saccade	n/a	125.1	172.8	n/a	131.7	166.4	0.35	735.0
260.459	0.05	blink	n/a	n/a	n/a	n/a	n/a	n/a	n/a	n/a
260.571	0.176	fixation	n/a	129.1	167.7	3282.0	n/a	n/a	n/a	n/a
260.749	0.024	saccade	n/a	129.9	167.6	n/a	173.4	163.9	1.65	116.0
260.775	0.266	fixation	n/a	172.9	162.3	3281.0	n/a	n/a	n/a	n/a
261.043	0.026	saccade	n/a	173.9	161.0	n/a	125.1	163.7	1.84	143.0
261.071	0.176	fixation	n/a	131.4	166.9	3269.0	n/a	n/a	n/a	n/a
261.249	0.114	saccade	n/a	132.1	173.6	n/a	178.7	162.6	1.82	607.0
261.297	0.01	blink	n/a	n/a	n/a	n/a	n/a	n/a	n/a	n/a
261.365	0.246	fixation	n/a	175.9	167.6	3483.0	n/a	n/a	n/a	n/a
261.613	0.018	saccade	n/a	173.2	169.7	n/a	146.4	174.5	1.03	76.0
261.633	0.138	fixation	n/a	151.8	171.7	3487.0	n/a	n/a	n/a	n/a
261.773	0.032	saccade	n/a	153.5	169.2	n/a	225.5	173.9	2.74	218.0
261.807	0.25	fixation	n/a	225.9	171.2	3486.0	n/a	n/a	n/a	n/a
262.059	0.028	saccade	n/a	225.7	172.4	n/a	294.6	163.9	2.66	177.0
262.089	0.2	fixation	n/a	290.7	164.5	3546.0	n/a	n/a	n/a	n/a
262.291	0.018	saccade	n/a	292.3	165.2	n/a	317.6	166.8	0.97	72.0
262.311	0.124	fixation	n/a	314.8	167.9	3533.0	n/a	n/a	n/a	n/a
262.437	0.034	saccade	n/a	314.5	165.4	n/a	399.9	165.1	3.27	233.0
262.473	0.292	fixation	n/a	401.3	163.2	3538.0	n/a	n/a	n/a	n/a
262.767	0.02	saccade	n/a	404.6	161.8	n/a	438.0	160.3	1.28	98.0
262.789	0.146	fixation	n/a	434.7	161.9	3488.0	n/a	n/a	n/a	n/a
262.937	0.016	saccade	n/a	434.2	160.6	n/a	413.6	162.1	0.79	62.0
262.955	0.108	fixation	n/a	417.6	160.0	3413.0	n/a	n/a	n/a	n/a
263.065	0.03	saccade	n/a	417.4	160.1	n/a	486.3	167.6	2.64	198.0
263.097	0.206	fixation	n/a	485.3	164.9	3365.0	n/a	n/a	n/a	n/a
263.305	0.024	saccade	n/a	486.8	165.0	n/a	529.1	156.9	1.63	124.0
263.331	0.084	fixation	n/a	524.3	159.4	3370.0	n/a	n/a	n/a	n/a
263.417	0.142	saccade	n/a	526.2	165.8	n/a	542.1	157.1	0.69	858.0
263.449	0.058	blink	n/a	n/a	n/a	n/a	n/a	n/a	n/a	n/a
263.561	0.118	fixation	n/a	543.1	157.6	3458.0	n/a	n/a	n/a	n/a
263.681	0.062	saccade	n/a	542.4	157.6	n/a	129.8	236.2	15.83	478.0
263.745	0.416	fixation	n/a	131.5	236.3	3424.0	n/a	n/a	n/a	n/a
264.163	0.03	saccade	n/a	130.6	235.1	n/a	212.3	235.0	3.09	200.0
264.195	0.382	fixation	n/a	208.4	235.7	3450.0	n/a	n/a	n/a	n/a
264.579	0.028	saccade	n/a	209.3	232.9	n/a	277.0	229.8	2.58	172.0
264.609	0.248	fixation	n/a	276.9	229.7	3485.0	n/a	n/a	n/a	n/a
264.859	0.02	saccade	n/a	281.1	229.7	n/a	312.2	228.6	1.19	95.0
264.881	0.056	fixation	n/a	307.3	231.1	3522.0	n/a	n/a	n/a	n/a
264.939	0.152	saccade	n/a	309.7	235.1	n/a	352.3	226.4	1.67	821.0
264.971	0.066	blink	n/a	n/a	n/a	n/a	n/a	n/a	n/a	n/a
265.093	0.138	fixation	n/a	354.3	226.1	3578.0	n/a	n/a	n/a	n/a
265.233	0.034	saccade	n/a	356.3	224.3	n/a	441.9	229.9	3.28	238.0
265.269	0.794	fixation	n/a	455.3	226.7	3333.0	n/a	n/a	n/a	n/a
266.065	0.046	saccade	n/a	458.9	229.3	n/a	517.4	228.7	2.22	212.0
266.113	0.422	fixation	n/a	525.2	225.9	3452.0	n/a	n/a	n/a	n/a
266.537	0.032	saccade	n/a	529.6	224.2	n/a	614.0	221.8	3.16	197.0
266.571	0.372	fixation	n/a	615.9	214.0	3207.0	n/a	n/a	n/a	n/a
266.945	0.03	saccade	n/a	616.7	213.3	n/a	536.3	217.9	3.01	193.0
266.977	0.332	fixation	n/a	536.4	219.2	3276.0	n/a	n/a	n/a	n/a
267.311	0.032	saccade	n/a	532.6	221.1	n/a	600.7	230.3	2.57	189.0
267.345	0.14	fixation	n/a	597.5	230.1	3395.0	n/a	n/a	n/a	n/a
267.487	0.07	saccade	n/a	596.5	233.0	n/a	211.0	229.1	14.52	425.0
267.559	0.178	fixation	n/a	211.6	232.9	3492.0	n/a	n/a	n/a	n/a
267.739	0.03	saccade	n/a	208.5	235.1	n/a	145.1	200.4	2.75	188.0
267.771	0.144	fixation	n/a	146.9	202.8	3421.0	n/a	n/a	n/a	n/a
267.917	0.02	saccade	n/a	143.1	205.0	n/a	125.7	231.8	1.22	92.0
267.939	0.19	fixation	n/a	128.4	229.3	3383.0	n/a	n/a	n/a	n/a
268.131	0.03	saccade	n/a	127.0	228.0	n/a	131.6	167.3	2.35	179.0
268.163	0.198	fixation	n/a	132.5	172.3	3359.0	n/a	n/a	n/a	n/a
268.363	0.018	saccade	n/a	136.9	171.5	n/a	160.6	165.3	0.93	68.0
268.383	0.134	fixation	n/a	157.3	163.3	3307.0	n/a	n/a	n/a	n/a
268.519	0.03	saccade	n/a	158.1	162.4	n/a	109.2	163.3	1.84	158.0
268.551	0.448	fixation	n/a	113.3	163.9	3274.0	n/a	n/a	n/a	n/a
268.666	0.0	trigger_13	13	n/a	n/a	n/a	n/a	n/a	n/a	n/a
269.001	0.018	saccade	n/a	111.9	164.7	n/a	134.3	163.2	0.84	68.0
269.021	0.17	fixation	n/a	131.3	165.9	3431.0	n/a	n/a	n/a	n/a
269.193	0.036	saccade	n/a	130.6	167.3	n/a	131.6	264.5	3.74	262.0
269.231	0.21	fixation	n/a	130.5	266.9	3614.0	n/a	n/a	n/a	n/a
269.443	0.028	saccade	n/a	130.1	270.3	n/a	118.6	317.2	1.84	151.0
269.473	0.204	fixation	n/a	120.0	314.7	3762.0	n/a	n/a	n/a	n/a
269.679	0.026	saccade	n/a	122.5	317.1	n/a	126.8	366.2	1.87	138.0
269.707	0.128	fixation	n/a	124.9	358.9	3840.0	n/a	n/a	n/a	n/a
269.837	0.026	saccade	n/a	123.5	360.8	n/a	87.5	356.0	1.35	127.0
269.865	0.266	fixation	n/a	93.4	358.9	3874.0	n/a	n/a	n/a	n/a
270.133	0.146	saccade	n/a	98.5	364.8	n/a	121.5	353.1	0.96	827.0
270.169	0.052	blink	n/a	n/a	n/a	n/a	n/a	n/a	n/a	n/a
270.281	0.202	fixation	n/a	120.2	354.1	3784.0	n/a	n/a	n/a	n/a
270.298	0.0	trigger_15	15	n/a	n/a	n/a	n/a	n/a	n/a	n/a
270.3	0.0	trigger_10	10	n/a	n/a	n/a	n/a	n/a	n/a	n/a
270.485	0.056	saccade	n/a	120.5	356.4	n/a	118.5	204.4	5.79	374.0
270.543	0.124	fixation	n/a	118.6	192.8	3785.0	n/a	n/a	n/a	n/a
270.669	0.018	saccade	n/a	118.5	190.2	n/a	99.7	172.3	0.98	76.0
270.689	0.148	fixation	n/a	105.4	177.7	3709.0	n/a	n/a	n/a	n/a
270.839	0.02	saccade	n/a	108.6	176.2	n/a	145.2	170.6	1.39	94.0
270.861	0.116	fixation	n/a	143.2	171.1	3662.0	n/a	n/a	n/a	n/a
270.979	0.028	saccade	n/a	143.7	171.1	n/a	194.7	172.8	1.93	151.0
271.009	0.294	fixation	n/a	190.4	168.8	3705.0	n/a	n/a	n/a	n/a
271.305	0.034	saccade	n/a	190.5	169.0	n/a	285.7	163.0	3.64	245.0
271.341	0.184	fixation	n/a	285.1	158.6	3755.0	n/a	n/a	n/a	n/a
271.527	0.018	saccade	n/a	287.6	159.5	n/a	261.1	166.6	1.05	77.0
271.547	0.252	fixation	n/a	264.1	160.7	3658.0	n/a	n/a	n/a	n/a
271.801	0.04	saccade	n/a	264.0	161.5	n/a	399.9	155.2	5.2	300.0
271.843	0.246	fixation	n/a	407.9	157.0	3552.0	n/a	n/a	n/a	n/a
272.091	0.03	saccade	n/a	408.5	158.7	n/a	476.3	151.0	2.61	185.0
272.123	0.172	fixation	n/a	472.6	153.4	3561.0	n/a	n/a	n/a	n/a
272.297	0.034	saccade	n/a	475.1	150.2	n/a	565.4	149.2	3.41	226.0
272.333	0.204	fixation	n/a	566.6	150.9	3553.0	n/a	n/a	n/a	n/a
272.539	0.022	saccade	n/a	568.9	150.1	n/a	600.8	148.2	1.19	95.0
272.563	0.216	fixation	n/a	596.5	151.6	3541.0	n/a	n/a	n/a	n/a
272.781	0.066	saccade	n/a	597.8	152.9	n/a	132.1	229.5	17.69	495.0
272.849	0.232	fixation	n/a	135.2	235.7	3615.0	n/a	n/a	n/a	n/a
273.083	0.028	saccade	n/a	135.4	238.7	n/a	200.2	231.5	2.47	169.0
273.113	0.076	fixation	n/a	200.1	232.4	3571.0	n/a	n/a	n/a	n/a
273.191	0.196	saccade	n/a	205.9	237.7	n/a	127.6	238.8	2.96	852.0
273.223	0.052	blink	n/a	n/a	n/a	n/a	n/a	n/a	n/a	n/a
273.389	0.212	fixation	n/a	131.7	239.9	3603.0	n/a	n/a	n/a	n/a
273.603	0.032	saccade	n/a	132.9	240.0	n/a	228.1	233.6	3.61	233.0
273.637	0.3	fixation	n/a	231.1	233.9	3485.0	n/a	n/a	n/a	n/a
273.939	0.026	saccade	n/a	234.1	235.6	n/a	280.9	232.5	1.79	130.0
273.967	0.196	fixation	n/a	276.7	230.3	3548.0	n/a	n/a	n/a	n/a
274.165	0.022	saccade	n/a	277.3	230.5	n/a	315.7	229.4	1.47	109.0
274.189	0.148	fixation	n/a	313.6	231.7	3616.0	n/a	n/a	n/a	n/a
274.339	0.18	saccade	n/a	314.7	235.5	n/a	335.5	220.7	0.98	793.0
274.371	0.09	blink	n/a	n/a	n/a	n/a	n/a	n/a	n/a	n/a
274.521	0.128	fixation	n/a	337.1	224.0	3576.0	n/a	n/a	n/a	n/a
274.651	0.026	saccade	n/a	339.2	221.8	n/a	384.6	220.1	1.74	134.0
274.679	0.478	fixation	n/a	383.8	218.1	3383.0	n/a	n/a	n/a	n/a
275.159	0.032	saccade	n/a	386.3	219.1	n/a	483.2	222.0	3.7	227.0
275.193	0.306	fixation	n/a	484.6	216.9	3283.0	n/a	n/a	n/a	n/a
275.501	0.136	saccade	n/a	485.1	223.3	n/a	513.3	223.4	1.07	941.0
275.535	0.054	blink	n/a	n/a	n/a	n/a	n/a	n/a	n/a	n/a
275.639	0.176	fixation	n/a	516.2	217.8	3293.0	n/a	n/a	n/a	n/a
275.817	0.02	saccade	n/a	514.9	216.9	n/a	551.4	213.7	1.38	97.0
275.839	0.36	fixation	n/a	547.5	217.4	3292.0	n/a	n/a	n/a	n/a
276.201	0.022	saccade	n/a	550.3	217.8	n/a	598.3	212.4	1.81	114.0
276.225	0.19	fixation	n/a	597.0	215.6	3270.0	n/a	n/a	n/a	n/a
276.417	0.016	saccade	n/a	600.4	216.6	n/a	623.7	216.3	0.87	69.0
276.435	0.078	fixation	n/a	618.5	217.2	3313.0	n/a	n/a	n/a	n/a
276.515	0.066	saccade	n/a	617.1	218.4	n/a	125.0	298.3	18.58	492.0
276.583	0.62	fixation	n/a	119.9	297.5	3389.0	n/a	n/a	n/a	n/a
277.205	0.036	saccade	n/a	119.7	296.8	n/a	237.7	291.4	4.46	252.0
277.243	0.41	fixation	n/a	239.2	293.1	3369.0	n/a	n/a	n/a	n/a
277.655	0.016	saccade	n/a	244.8	296.7	n/a	263.9	297.0	0.73	56.0
277.673	0.248	fixation	n/a	260.0	297.8	3381.0	n/a	n/a	n/a	n/a
277.923	0.052	saccade	n/a	257.4	295.4	n/a	388.1	213.2	5.9	214.0
277.977	0.126	fixation	n/a	390.1	209.0	3357.0	n/a	n/a	n/a	n/a
278.105	0.032	saccade	n/a	391.4	206.8	n/a	478.0	212.1	3.31	237.0
278.139	0.37	fixation	n/a	477.7	211.9	3315.0	n/a	n/a	n/a	n/a
278.372	0.0	trigger_11	11	n/a	n/a	n/a	n/a	n/a	n/a	n/a
278.374	0.0	trigger_10	10	n/a	n/a	n/a	n/a	n/a	n/a	n/a
278.511	0.058	saccade	n/a	479.2	211.3	n/a	159.5	164.1	12.27	416.0
278.571	0.372	fixation	n/a	147.9	167.6	3223.0	n/a	n/a	n/a	n/a
278.945	0.134	saccade	n/a	144.1	159.9	n/a	181.8	155.3	1.44	703.0
278.975	0.05	blink	n/a	n/a	n/a	n/a	n/a	n/a	n/a	n/a
279.081	0.1	fixation	n/a	181.2	160.5	3183.0	n/a	n/a	n/a	n/a
279.183	0.016	saccade	n/a	180.9	158.6	n/a	202.9	154.9	0.85	68.0
279.201	0.582	fixation	n/a	195.6	160.5	3137.0	n/a	n/a	n/a	n/a
279.785	0.02	saccade	n/a	194.5	162.9	n/a	227.2	158.4	1.26	94.0
279.807	0.272	fixation	n/a	223.7	160.1	3163.0	n/a	n/a	n/a	n/a
280.081	0.03	saccade	n/a	222.9	160.4	n/a	124.8	158.6	3.72	172.0
280.113	0.16	fixation	n/a	123.9	162.3	3202.0	n/a	n/a	n/a	n/a
280.275	0.036	saccade	n/a	125.1	164.1	n/a	260.6	157.8	5.15	254.0
280.313	0.352	fixation	n/a	263.8	157.5	3256.0	n/a	n/a	n/a	n/a
280.667	0.038	saccade	n/a	264.2	155.6	n/a	409.9	161.7	5.58	295.0
280.707	0.158	fixation	n/a	414.1	159.0	3284.0	n/a	n/a	n/a	n/a
280.867	0.02	saccade	n/a	413.4	158.8	n/a	374.3	159.3	1.5	109.0
280.889	0.346	fixation	n/a	375.7	162.2	3298.0	n/a	n/a	n/a	n/a
281.237	0.026	saccade	n/a	376.7	163.6	n/a	451.8	155.0	2.89	166.0
281.265	0.236	fixation	n/a	455.0	156.0	3244.0	n/a	n/a	n/a	n/a
281.503	0.03	saccade	n/a	457.3	155.7	n/a	522.4	154.8	2.47	182.0
281.535	0.152	fixation	n/a	523.3	151.3	3177.0	n/a	n/a	n/a	n/a
281.689	0.032	saccade	n/a	524.4	150.1	n/a	598.3	149.4	2.77	196.0
281.723	0.154	fixation	n/a	596.5	150.7	3185.0	n/a	n/a	n/a	n/a
281.879	0.068	saccade	n/a	596.4	150.2	n/a	132.2	225.7	17.63	464.0
281.949	0.172	fixation	n/a	134.7	231.9	3247.0	n/a	n/a	n/a	n/a
282.123	0.016	saccade	n/a	131.6	232.8	n/a	112.0	233.8	0.74	60.0
282.141	0.224	fixation	n/a	116.3	234.3	3184.0	n/a	n/a	n/a	n/a
282.367	0.096	saccade	n/a	118.2	236.7	n/a	202.8	230.0	3.2	1066.0
282.465	0.058	fixation	n/a	201.0	231.6	3178.0	n/a	n/a	n/a	n/a
282.525	0.172	saccade	n/a	200.6	233.2	n/a	218.0	225.1	0.73	788.0
282.557	0.08	blink	n/a	n/a	n/a	n/a	n/a	n/a	n/a	n/a
282.699	0.07	fixation	n/a	217.8	229.4	3236.0	n/a	n/a	n/a	n/a
282.771	0.026	saccade	n/a	218.9	230.9	n/a	267.8	229.0	1.86	138.0
282.799	0.236	fixation	n/a	263.6	227.9	3207.0	n/a	n/a	n/a	n/a
283.037	0.018	saccade	n/a	267.0	227.4	n/a	290.9	227.6	0.92	71.0
283.057	0.284	fixation	n/a	288.0	228.3	3136.0	n/a	n/a	n/a	n/a
283.343	0.034	saccade	n/a	289.0	231.6	n/a	388.4	225.6	3.82	235.0
283.379	0.234	fixation	n/a	389.2	222.2	3171.0	n/a	n/a	n/a	n/a
283.615	0.018	saccade	n/a	390.7	222.0	n/a	366.8	225.9	0.93	70.0
283.635	0.194	fixation	n/a	369.5	225.2	3187.0	n/a	n/a	n/a	n/a
283.831	0.04	saccade	n/a	370.4	223.5	n/a	508.5	221.1	5.24	252.0
283.873	0.196	fixation	n/a	510.1	224.0	3207.0	n/a	n/a	n/a	n/a
284.071	0.03	saccade	n/a	512.2	224.7	n/a	571.7	218.6	2.25	156.0
284.103	0.252	fixation	n/a	569.6	220.8	3224.0	n/a	n/a	n/a	n/a
284.357	0.02	saccade	n/a	572.1	220.3	n/a	605.9	217.8	1.26	93.0
284.379	0.22	fixation	n/a	600.8	217.3	3191.0	n/a	n/a	n/a	n/a
284.601	0.024	saccade	n/a	602.4	219.1	n/a	647.7	217.6	1.68	116.0
284.627	0.76	fixation	n/a	646.0	215.5	3091.0	n/a	n/a	n/a	n/a
285.389	0.026	saccade	n/a	642.5	215.2	n/a	685.6	215.1	1.58	129.0
285.417	0.102	fixation	n/a	678.5	214.2	3217.0	n/a	n/a	n/a	n/a
285.521	0.072	saccade	n/a	677.6	214.0	n/a	135.8	299.7	20.29	500.0
285.595	0.168	fixation	n/a	142.2	304.3	3340.0	n/a	n/a	n/a	n/a
285.765	0.026	saccade	n/a	139.4	304.3	n/a	94.9	295.1	1.7	120.0
285.793	0.064	fixation	n/a	100.9	297.6	3289.0	n/a	n/a	n/a	n/a
285.859	0.144	saccade	n/a	105.8	297.6	n/a	122.1	302.6	0.64	766.0
285.893	0.056	blink	n/a	n/a	n/a	n/a	n/a	n/a	n/a	n/a
286.005	0.22	fixation	n/a	120.3	290.5	3179.0	n/a	n/a	n/a	n/a
286.227	0.022	saccade	n/a	120.5	290.3	n/a	157.8	289.8	1.4	103.0
286.251	0.088	fixation	n/a	154.4	290.2	3197.0	n/a	n/a	n/a	n/a
286.341	0.03	saccade	n/a	156.0	289.8	n/a	213.0	291.4	2.15	164.0
286.373	0.272	fixation	n/a	213.2	292.4	3151.0	n/a	n/a	n/a	n/a
286.647	0.03	saccade	n/a	214.1	294.5	n/a	284.9	292.5	2.69	185.0
286.679	0.276	fixation	n/a	285.8	289.2	3206.0	n/a	n/a	n/a	n/a
286.957	0.036	saccade	n/a	287.0	287.5	n/a	398.8	286.0	4.27	220.0
286.995	0.25	fixation	n/a	399.8	287.4	3199.0	n/a	n/a	n/a	n/a
287.247	0.022	saccade	n/a	401.4	286.5	n/a	440.7	280.8	1.51	106.0
287.271	0.206	fixation	n/a	438.5	284.1	3194.0	n/a	n/a	n/a	n/a
287.479	0.026	saccade	n/a	441.8	284.1	n/a	496.3	282.8	2.06	135.0
287.507	0.232	fixation	n/a	493.1	283.4	3233.0	n/a	n/a	n/a	n/a
287.741	0.026	saccade	n/a	494.2	287.2	n/a	546.8	283.8	1.99	133.0
287.769	0.268	fixation	n/a	544.2	284.5	3295.0	n/a	n/a	n/a	n/a
288.039	0.024	saccade	n/a	544.9	285.8	n/a	588.7	283.2	1.64	115.0
288.065	0.164	fixation	n/a	584.2	283.7	3300.0	n/a	n/a	n/a	n/a
288.231	0.07	saccade	n/a	584.1	282.4	n/a	131.9	362.6	17.11	452.0
288.303	0.18	fixation	n/a	133.6	366.3	3285.0	n/a	n/a	n/a	n/a
288.485	0.02	saccade	n/a	130.5	366.4	n/a	93.7	366.6	1.36	99.0
288.507	0.412	fixation	n/a	99.5	364.2	3175.0	n/a	n/a	n/a	n/a
288.921	0.03	saccade	n/a	100.5	362.5	n/a	166.2	354.4	2.47	172.0
288.953	0.174	fixation	n/a	165.0	354.4	3166.0	n/a	n/a	n/a	n/a
289.129	0.028	saccade	n/a	165.1	355.1	n/a	111.7	359.2	2.0	155.0
289.159	0.174	fixation	n/a	114.8	361.2	3209.0	n/a	n/a	n/a	n/a
289.335	0.156	saccade	n/a	117.2	365.2	n/a	177.4	374.1	2.27	718.0
289.373	0.062	blink	n/a	n/a	n/a	n/a	n/a	n/a	n/a	n/a
289.493	0.106	fixation	n/a	170.5	362.4	3311.0	n/a	n/a	n/a	n/a
289.601	0.024	saccade	n/a	170.2	363.2	n/a	206.0	363.5	1.35	115.0
289.627	0.118	fixation	n/a	203.4	365.0	3294.0	n/a	n/a	n/a	n/a
289.747	0.046	saccade	n/a	203.3	363.4	n/a	207.1	199.8	6.27	278.0
289.795	0.13	fixation	n/a	207.9	198.4	3207.0	n/a	n/a	n/a	n/a
289.927	0.02	saccade	n/a	208.9	193.6	n/a	199.3	169.1	1.02	74.0
289.949	0.298	fixation	n/a	202.2	172.8	3150.0	n/a	n/a	n/a	n/a
290.249	0.022	saccade	n/a	200.3	170.9	n/a	162.9	163.0	1.45	100.0
290.273	0.34	fixation	n/a	162.4	160.4	3245.0	n/a	n/a	n/a	n/a
290.615	0.02	saccade	n/a	162.6	159.8	n/a	195.2	158.0	1.24	88.0
290.637	0.298	fixation	n/a	191.2	162.0	3428.0	n/a	n/a	n/a	n/a
290.7	0.0	trigger_11	11	n/a	n/a	n/a	n/a	n/a	n/a	n/a
290.702	0.0	trigger_10	10	n/a	n/a	n/a	n/a	n/a	n/a	n/a
290.937	0.026	saccade	n/a	189.4	164.6	n/a	128.3	165.3	2.31	148.0
290.965	0.18	fixation	n/a	130.2	168.5	3568.0	n/a	n/a	n/a	n/a
291.147	0.018	saccade	n/a	125.9	168.4	n/a	102.7	171.4	0.88	68.0
291.167	0.14	fixation	n/a	108.2	174.3	3545.0	n/a	n/a	n/a	n/a
291.309	0.126	saccade	n/a	110.6	176.8	n/a	165.3	172.7	2.07	827.0
291.349	0.032	blink	n/a	n/a	n/a	n/a	n/a	n/a	n/a	n/a
291.437	0.186	fixation	n/a	162.5	182.2	3465.0	n/a	n/a	n/a	n/a
291.625	0.024	saccade	n/a	161.4	175.0	n/a	211.3	175.3	1.89	121.0
291.651	0.412	fixation	n/a	212.2	166.5	3365.0	n/a	n/a	n/a	n/a
292.065	0.026	saccade	n/a	213.8	159.8	n/a	268.8	159.3	2.1	140.0
292.093	0.374	fixation	n/a	264.7	159.2	3370.0	n/a	n/a	n/a	n/a
292.469	0.028	saccade	n/a	265.5	158.5	n/a	318.7	161.1	2.04	145.0
292.499	0.194	fixation	n/a	314.0	159.5	3464.0	n/a	n/a	n/a	n/a
292.695	0.016	saccade	n/a	310.2	159.2	n/a	291.7	164.0	0.73	60.0
292.713	0.122	fixation	n/a	294.6	164.1	3496.0	n/a	n/a	n/a	n/a
292.837	0.12	saccade	n/a	295.4	169.6	n/a	287.2	159.7	0.5	835.0
292.873	0.026	blink	n/a	n/a	n/a	n/a	n/a	n/a	n/a	n/a
292.959	0.216	fixation	n/a	284.7	169.0	3495.0	n/a	n/a	n/a	n/a
293.177	0.018	saccade	n/a	281.7	170.3	n/a	253.6	175.6	1.09	81.0
293.197	0.386	fixation	n/a	259.5	165.1	3467.0	n/a	n/a	n/a	n/a
293.585	0.022	saccade	n/a	263.1	161.9	n/a	303.0	162.4	1.53	117.0
293.609	0.162	fixation	n/a	297.3	161.3	3537.0	n/a	n/a	n/a	n/a
293.773	0.028	saccade	n/a	298.1	161.7	n/a	258.1	165.3	1.54	132.0
293.803	0.282	fixation	n/a	265.0	165.2	3609.0	n/a	n/a	n/a	n/a
294.087	0.03	saccade	n/a	265.1	168.3	n/a	323.8	166.7	2.25	174.0
294.119	0.318	fixation	n/a	323.2	170.2	3735.0	n/a	n/a	n/a	n/a
294.439	0.022	saccade	n/a	325.9	173.7	n/a	358.2	173.4	1.24	98.0
294.463	0.278	fixation	n/a	354.0	172.7	3827.0	n/a	n/a	n/a	n/a
294.743	0.032	saccade	n/a	355.8	173.4	n/a	435.6	173.5	3.06	194.0
294.777	0.296	fixation	n/a	437.1	168.2	3682.0	n/a	n/a	n/a	n/a
295.075	0.024	saccade	n/a	443.5	165.2	n/a	491.0	163.2	1.81	109.0
295.101	0.18	fixation	n/a	494.6	165.3	3564.0	n/a	n/a	n/a	n/a
295.283	0.128	saccade	n/a	498.6	169.0	n/a	525.8	171.3	1.03	975.0
295.319	0.04	blink	n/a	n/a	n/a	n/a	n/a	n/a	n/a	n/a
295.413	0.35	fixation	n/a	524.0	169.9	3543.0	n/a	n/a	n/a	n/a
295.765	0.028	saccade	n/a	520.9	164.7	n/a	463.5	163.6	2.18	156.0
295.795	0.3	fixation	n/a	466.5	158.6	3339.0	n/a	n/a	n/a	n/a
296.097	0.022	saccade	n/a	467.0	155.8	n/a	510.8	149.6	1.68	112.0
296.121	0.204	fixation	n/a	509.9	151.0	3258.0	n/a	n/a	n/a	n/a
296.327	0.02	saccade	n/a	513.0	150.5	n/a	546.4	150.3	1.26	94.0
296.349	0.278	fixation	n/a	541.8	149.6	3274.0	n/a	n/a	n/a	n/a
296.629	0.044	saccade	n/a	541.4	150.5	n/a	596.4	150.2	2.06	183.0
296.675	0.084	fixation	n/a	603.2	148.0	3290.0	n/a	n/a	n/a	n/a
296.761	0.048	saccade	n/a	603.3	148.1	n/a	390.2	154.8	8.06	376.0
296.811	0.254	fixation	n/a	394.1	160.5	3320.0	n/a	n/a	n/a	n/a
297.067	0.024	saccade	n/a	392.1	162.7	n/a	356.4	160.0	1.37	115.0
297.093	0.174	fixation	n/a	359.9	162.6	3308.0	n/a	n/a	n/a	n/a
297.269	0.032	saccade	n/a	360.7	165.7	n/a	460.3	153.7	3.84	242.0
297.303	0.078	fixation	n/a	458.1	152.5	3300.0	n/a	n/a	n/a	n/a
297.383	0.056	saccade	n/a	460.8	151.5	n/a	611.3	149.6	5.66	315.0
297.441	0.21	fixation	n/a	619.8	148.6	3298.0	n/a	n/a	n/a	n/a
297.653	0.068	saccade	n/a	619.1	147.6	n/a	114.3	218.2	18.99	513.0
297.723	0.17	fixation	n/a	121.5	221.5	3303.0	n/a	n/a	n/a	n/a
297.895	0.018	saccade	n/a	120.7	224.1	n/a	96.3	230.2	0.94	72.0
297.915	0.092	fixation	n/a	101.5	230.1	3221.0	n/a	n/a	n/a	n/a
298.009	0.12	saccade	n/a	104.4	233.4	n/a	165.8	227.0	2.32	776.0
298.049	0.024	blink	n/a	n/a	n/a	n/a	n/a	n/a	n/a	n/a
298.131	0.37	fixation	n/a	164.7	228.2	3190.0	n/a	n/a	n/a	n/a
298.503	0.028	saccade	n/a	168.7	227.3	n/a	230.3	223.1	2.35	166.0
298.533	0.37	fixation	n/a	233.0	223.2	3050.0	n/a	n/a	n/a	n/a
298.905	0.024	saccade	n/a	234.9	220.7	n/a	286.3	222.3	1.97	129.0
298.931	0.318	fixation	n/a	278.8	222.3	3075.0	n/a	n/a	n/a	n/a
299.251	0.17	saccade	n/a	272.9	225.7	n/a	285.2	214.6	0.64	810.0
299.283	0.078	blink	n/a	n/a	n/a	n/a	n/a	n/a	n/a	n/a
299.423	0.104	fixation	n/a	283.0	221.9	3203.0	n/a	n/a	n/a	n/a
299.529	0.024	saccade	n/a	282.6	224.0	n/a	331.1	222.4	1.86	125.0
299.555	0.356	fixation	n/a	332.2	222.4	3151.0	n/a	n/a	n/a	n/a
299.913	0.026	saccade	n/a	335.4	221.2	n/a	390.4	218.3	2.11	139.0
299.941	0.306	fixation	n/a	390.2	218.8	3071.0	n/a	n/a	n/a	n/a
300.249	0.026	saccade	n/a	392.3	218.0	n/a	447.3	214.4	2.11	147.0
300.277	0.28	fixation	n/a	444.1	213.2	3137.0	n/a	n/a	n/a	n/a
300.559	0.026	saccade	n/a	442.7	213.3	n/a	493.8	211.5	1.94	140.0
300.587	0.276	fixation	n/a	489.8	212.5	3186.0	n/a	n/a	n/a	n/a
300.865	0.032	saccade	n/a	488.6	215.5	n/a	409.4	223.1	3.03	210.0
300.899	0.178	fixation	n/a	410.7	225.1	3233.0	n/a	n/a	n/a	n/a
301.079	0.014	saccade	n/a	404.8	226.9	n/a	389.0	227.3	0.6	52.0
301.095	0.182	fixation	n/a	390.1	227.5	3298.0	n/a	n/a	n/a	n/a
301.279	0.034	saccade	n/a	391.9	228.3	n/a	491.2	224.7	3.78	250.0
301.315	0.338	fixation	n/a	493.5	226.1	3301.0	n/a	n/a	n/a	n/a
301.655	0.132	saccade	n/a	498.7	237.4	n/a	556.7	235.8	2.19	823.0
301.689	0.048	blink	n/a	n/a	n/a	n/a	n/a	n/a	n/a	n/a
301.789	0.16	fixation	n/a	561.9	228.0	3247.0	n/a	n/a	n/a	n/a
301.951	0.066	saccade	n/a	562.6	229.4	n/a	134.6	295.0	16.26	441.0
302.019	0.152	fixation	n/a	135.3	298.4	3265.0	n/a	n/a	n/a	n/a
302.173	0.018	saccade	n/a	134.2	298.2	n/a	107.7	302.9	1.01	74.0
302.193	0.474	fixation	n/a	109.5	299.9	3199.0	n/a	n/a	n/a	n/a
302.669	0.032	saccade	n/a	109.0	298.7	n/a	153.7	232.7	3.04	208.0
302.703	0.274	fixation	n/a	157.2	233.8	3260.0	n/a	n/a	n/a	n/a
302.979	0.034	saccade	n/a	160.7	235.4	n/a	279.1	231.5	4.5	234.0
303.015	0.496	fixation	n/a	281.0	229.2	3342.0	n/a	n/a	n/a	n/a
303.513	0.03	saccade	n/a	283.3	229.8	n/a	351.3	227.9	2.6	176.0
303.545	0.222	fixation	n/a	350.5	225.9	3356.0	n/a	n/a	n/a	n/a
303.769	0.062	saccade	n/a	351.6	223.9	n/a	125.8	174.8	8.76	254.0
303.833	0.382	fixation	n/a	131.0	176.2	3296.0	n/a	n/a	n/a	n/a
304.217	0.03	saccade	n/a	132.4	177.0	n/a	210.0	171.9	2.94	198.0
304.249	0.262	fixation	n/a	208.6	167.2	3227.0	n/a	n/a	n/a	n/a
304.326	0.0	trigger_11	11	n/a	n/a	n/a	n/a	n/a	n/a	n/a
304.328	0.0	trigger_10	10	n/a	n/a	n/a	n/a	n/a	n/a	n/a
304.513	0.026	saccade	n/a	208.9	166.6	n/a	150.8	166.9	2.2	148.0
304.541	0.318	fixation	n/a	148.4	166.3	3232.0	n/a	n/a	n/a	n/a
304.861	0.112	saccade	n/a	142.1	172.7	n/a	140.2	162.4	0.4	669.0
304.903	0.014	blink	n/a	n/a	n/a	n/a	n/a	n/a	n/a	n/a
304.975	0.208	fixation	n/a	139.3	164.3	3283.0	n/a	n/a	n/a	n/a
305.185	0.024	saccade	n/a	140.2	160.8	n/a	184.2	157.8	1.66	115.0
305.211	0.094	fixation	n/a	182.7	159.7	3254.0	n/a	n/a	n/a	n/a
305.307	0.03	saccade	n/a	185.1	160.7	n/a	253.1	166.5	2.6	209.0
305.339	0.184	fixation	n/a	255.1	161.6	3224.0	n/a	n/a	n/a	n/a
305.525	0.024	saccade	n/a	254.1	161.7	n/a	212.8	167.6	1.59	123.0
305.551	0.068	fixation	n/a	218.0	163.8	3269.0	n/a	n/a	n/a	n/a
305.621	0.028	saccade	n/a	216.8	164.6	n/a	171.5	168.5	1.73	158.0
305.651	0.092	fixation	n/a	177.2	169.7	3289.0	n/a	n/a	n/a	n/a
305.745	0.152	saccade	n/a	179.6	171.9	n/a	189.5	167.3	0.42	795.0
305.779	0.064	blink	n/a	n/a	n/a	n/a	n/a	n/a	n/a	n/a
305.899	0.052	fixation	n/a	187.9	169.0	3326.0	n/a	n/a	n/a	n/a
305.953	0.03	saccade	n/a	187.6	170.1	n/a	248.7	165.8	2.33	192.0
305.985	0.26	fixation	n/a	250.1	161.0	3342.0	n/a	n/a	n/a	n/a
306.247	0.014	saccade	n/a	250.5	161.5	n/a	234.9	162.8	0.6	51.0
306.263	0.32	fixation	n/a	237.7	162.3	3228.0	n/a	n/a	n/a	n/a
306.585	0.044	saccade	n/a	236.1	165.1	n/a	375.7	160.3	5.34	243.0
306.631	0.164	fixation	n/a	376.5	158.6	3379.0	n/a	n/a	n/a	n/a
306.797	0.018	saccade	n/a	376.3	159.7	n/a	350.2	165.8	1.03	79.0
306.817	0.208	fixation	n/a	355.0	162.3	3375.0	n/a	n/a	n/a	n/a
307.027	0.034	saccade	n/a	354.0	160.3	n/a	446.4	150.3	3.55	232.0
307.063	0.17	fixation	n/a	446.0	149.2	3357.0	n/a	n/a	n/a	n/a
307.235	0.058	saccade	n/a	448.2	152.3	n/a	136.2	229.4	12.19	377.0
307.295	0.25	fixation	n/a	137.2	233.4	3393.0	n/a	n/a	n/a	n/a
307.547	0.034	saccade	n/a	138.4	237.0	n/a	236.2	234.2	3.7	238.0
307.583	0.532	fixation	n/a	240.5	231.3	3281.0	n/a	n/a	n/a	n/a
308.117	0.03	saccade	n/a	241.4	228.3	n/a	325.6	226.2	3.21	186.0
308.149	0.196	fixation	n/a	328.8	226.9	3202.0	n/a	n/a	n/a	n/a
308.347	0.018	saccade	n/a	331.5	226.2	n/a	357.6	223.4	1.01	74.0
308.367	0.312	fixation	n/a	356.5	224.5	3161.0	n/a	n/a	n/a	n/a
308.681	0.026	saccade	n/a	356.3	221.5	n/a	420.2	218.9	2.44	144.0
308.709	0.256	fixation	n/a	422.8	221.8	3109.0	n/a	n/a	n/a	n/a
308.967	0.02	saccade	n/a	424.8	221.6	n/a	457.0	216.9	1.24	88.0
308.989	0.39	fixation	n/a	457.4	217.6	3059.0	n/a	n/a	n/a	n/a
309.381	0.026	saccade	n/a	461.5	216.6	n/a	531.7	212.0	2.67	163.0
309.409	0.132	fixation	n/a	533.3	213.2	3000.0	n/a	n/a	n/a	n/a
309.543	0.07	saccade	n/a	538.9	221.8	n/a	510.2	233.3	1.17	558.0
309.615	0.216	fixation	n/a	512.7	222.1	3094.0	n/a	n/a	n/a	n/a
309.833	0.034	saccade	n/a	513.2	220.5	n/a	610.8	217.2	3.66	204.0
309.869	0.326	fixation	n/a	610.7	217.3	3046.0	n/a	n/a	n/a	n/a
310.197	0.034	saccade	n/a	612.7	217.6	n/a	694.0	217.3	2.99	192.0
310.233	0.222	fixation	n/a	688.4	216.3	2949.0	n/a	n/a	n/a	n/a
310.457	0.112	saccade	n/a	691.8	221.1	n/a	724.6	216.1	1.2	644.0
310.503	0.014	blink	n/a	n/a	n/a	n/a	n/a	n/a	n/a	n/a
310.571	0.196	fixation	n/a	720.4	216.1	2996.0	n/a	n/a	n/a	n/a
310.769	0.076	saccade	n/a	718.1	213.9	n/a	136.9	290.5	21.56	495.0
310.847	0.156	fixation	n/a	142.7	294.3	3140.0	n/a	n/a	n/a	n/a
311.005	0.026	saccade	n/a	144.2	296.3	n/a	101.3	293.6	1.61	131.0
311.033	0.142	fixation	n/a	107.6	292.6	3113.0	n/a	n/a	n/a	n/a
311.177	0.03	saccade	n/a	108.0	290.7	n/a	188.1	284.6	3.01	195.0
311.209	0.222	fixation	n/a	190.7	286.7	3141.0	n/a	n/a	n/a	n/a
311.433	0.034	saccade	n/a	191.5	287.1	n/a	285.2	288.9	3.56	254.0
311.469	0.296	fixation	n/a	287.3	286.0	3151.0	n/a	n/a	n/a	n/a
311.767	0.034	saccade	n/a	287.5	286.9	n/a	388.3	282.5	3.85	253.0
311.803	0.482	fixation	n/a	393.1	283.6	3166.0	n/a	n/a	n/a	n/a
312.287	0.036	saccade	n/a	395.0	283.8	n/a	506.8	279.7	4.25	249.0
312.325	0.384	fixation	n/a	513.1	278.7	3140.0	n/a	n/a	n/a	n/a
312.711	0.184	saccade	n/a	521.0	284.1	n/a	535.3	280.2	0.56	865.0
312.743	0.094	blink	n/a	n/a	n/a	n/a	n/a	n/a	n/a	n/a
312.897	0.102	fixation	n/a	541.1	275.2	3114.0	n/a	n/a	n/a	n/a
313.001	0.02	saccade	n/a	543.3	275.1	n/a	577.3	274.6	1.27	97.0
313.023	0.144	fixation	n/a	572.2	275.3	3154.0	n/a	n/a	n/a	n/a
313.169	0.028	saccade	n/a	574.4	273.1	n/a	623.5	265.7	1.85	156.0
313.199	0.082	fixation	n/a	623.8	264.6	3118.0	n/a	n/a	n/a	n/a
313.283	0.068	saccade	n/a	625.9	264.4	n/a	123.0	354.4	18.94	481.0
313.353	0.572	fixation	n/a	127.6	359.7	3153.0	n/a	n/a	n/a	n/a
313.927	0.032	saccade	n/a	132.5	361.3	n/a	226.2	349.2	3.55	208.0
313.961	0.468	fixation	n/a	229.9	351.2	3217.0	n/a	n/a	n/a	n/a
314.431	0.036	saccade	n/a	234.7	356.0	n/a	356.4	354.3	4.62	246.0
314.469	0.174	fixation	n/a	357.5	355.5	3282.0	n/a	n/a	n/a	n/a
314.645	0.02	saccade	n/a	360.7	355.7	n/a	399.1	351.4	1.47	104.0
314.667	0.206	fixation	n/a	397.7	351.2	3270.0	n/a	n/a	n/a	n/a
314.875	0.028	saccade	n/a	399.4	348.7	n/a	457.9	345.0	2.22	162.0
314.905	0.402	fixation	n/a	458.5	345.4	3113.0	n/a	n/a	n/a	n/a
315.309	0.026	saccade	n/a	459.3	344.1	n/a	501.9	289.4	2.64	146.0
315.337	0.228	fixation	n/a	509.1	289.4	3122.0	n/a	n/a	n/a	n/a
315.567	0.048	saccade	n/a	507.5	290.6	n/a	371.7	159.1	7.24	262.0
315.617	0.204	fixation	n/a	371.7	164.4	3235.0	n/a	n/a	n/a	n/a
315.823	0.03	saccade	n/a	370.4	168.8	n/a	353.8	234.6	2.64	186.0
315.855	0.158	fixation	n/a	352.8	230.8	3306.0	n/a	n/a	n/a	n/a
315.862	0.0	trigger_11	11	n/a	n/a	n/a	n/a	n/a	n/a	n/a
315.864	0.0	trigger_10	10	n/a	n/a	n/a	n/a	n/a	n/a	n/a
316.015	0.058	saccade	n/a	350.8	231.7	n/a	152.8	181.0	7.78	336.0
316.075	0.214	fixation	n/a	154.5	180.1	3352.0	n/a	n/a	n/a	n/a
316.291	0.016	saccade	n/a	156.0	180.8	n/a	171.3	164.9	0.84	66.0
316.309	0.12	fixation	n/a	170.3	172.1	3316.0	n/a	n/a	n/a	n/a
316.431	0.03	saccade	n/a	169.7	173.3	n/a	235.5	169.8	2.51	186.0
316.463	0.418	fixation	n/a	238.2	162.1	3187.0	n/a	n/a	n/a	n/a
316.883	0.032	saccade	n/a	240.1	158.2	n/a	336.5	156.1	3.69	227.0
316.917	0.298	fixation	n/a	336.3	153.6	3195.0	n/a	n/a	n/a	n/a
317.217	0.024	saccade	n/a	337.8	155.9	n/a	384.7	150.8	1.81	127.0
317.243	0.07	fixation	n/a	382.2	153.7	3180.0	n/a	n/a	n/a	n/a
317.315	0.144	saccade	n/a	386.2	161.6	n/a	417.9	156.1	1.23	826.0
317.349	0.056	blink	n/a	n/a	n/a	n/a	n/a	n/a	n/a	n/a
317.461	0.2	fixation	n/a	419.1	156.9	3162.0	n/a	n/a	n/a	n/a
317.663	0.02	saccade	n/a	421.1	154.7	n/a	457.8	152.0	1.4	100.0
317.685	0.104	fixation	n/a	454.5	152.2	3148.0	n/a	n/a	n/a	n/a
317.791	0.032	saccade	n/a	456.8	152.4	n/a	535.3	155.1	2.98	209.0
317.825	0.386	fixation	n/a	538.0	155.7	3067.0	n/a	n/a	n/a	n/a
318.213	0.03	saccade	n/a	537.6	157.7	n/a	614.1	150.9	2.88	182.0
318.245	0.324	fixation	n/a	611.0	148.5	3171.0	n/a	n/a	n/a	n/a
318.571	0.07	saccade	n/a	609.8	149.1	n/a	127.7	234.1	18.32	484.0
318.643	0.142	fixation	n/a	129.0	235.6	3306.0	n/a	n/a	n/a	n/a
318.787	0.02	saccade	n/a	128.3	239.0	n/a	95.5	240.0	1.23	89.0
318.809	0.454	fixation	n/a	101.1	233.6	3215.0	n/a	n/a	n/a	n/a
319.265	0.018	saccade	n/a	104.1	229.5	n/a	128.9	223.6	0.96	68.0
319.285	0.386	fixation	n/a	126.4	226.9	3201.0	n/a	n/a	n/a	n/a
319.673	0.028	saccade	n/a	124.1	226.9	n/a	179.0	222.7	2.07	143.0
319.703	0.088	fixation	n/a	178.6	225.4	3255.0	n/a	n/a	n/a	n/a
319.793	0.092	saccade	n/a	183.7	229.6	n/a	182.0	230.4	0.07	1157.0
319.887	0.118	fixation	n/a	179.8	227.8	3307.0	n/a	n/a	n/a	n/a
320.007	0.026	saccade	n/a	180.3	224.7	n/a	231.9	225.5	1.96	133.0
320.035	0.442	fixation	n/a	233.4	222.5	3159.0	n/a	n/a	n/a	n/a
320.479	0.164	saccade	n/a	231.1	226.6	n/a	278.5	220.4	1.82	722.0
320.517	0.07	blink	n/a	n/a	n/a	n/a	n/a	n/a	n/a	n/a
320.645	0.16	fixation	n/a	277.9	229.5	3151.0	n/a	n/a	n/a	n/a
320.807	0.016	saccade	n/a	279.5	229.7	n/a	302.1	230.5	0.86	67.0
320.825	0.08	fixation	n/a	298.4	230.4	3176.0	n/a	n/a	n/a	n/a
320.907	0.042	saccade	n/a	298.6	230.7	n/a	152.6	158.7	6.2	294.0
320.951	0.686	fixation	n/a	153.7	165.1	3036.0	n/a	n/a	n/a	n/a
321.166	0.0	trigger_11	11	n/a	n/a	n/a	n/a	n/a	n/a	n/a
321.168	0.0	trigger_10	10	n/a	n/a	n/a	n/a	n/a	n/a	n/a
321.639	0.018	saccade	n/a	143.5	168.5	n/a	116.5	171.5	1.02	77.0
321.659	0.242	fixation	n/a	124.0	172.5	3193.0	n/a	n/a	n/a	n/a
321.903	0.03	saccade	n/a	127.5	176.2	n/a	199.3	170.8	2.72	196.0
321.935	0.108	fixation	n/a	197.3	169.7	3249.0	n/a	n/a	n/a	n/a
322.045	0.152	saccade	n/a	199.8	171.7	n/a	135.5	178.3	2.44	722.0
322.075	0.068	blink	n/a	n/a	n/a	n/a	n/a	n/a	n/a	n/a
322.199	0.286	fixation	n/a	135.2	184.5	3437.0	n/a	n/a	n/a	n/a
322.487	0.036	saccade	n/a	133.1	182.0	n/a	267.0	170.5	5.09	300.0
322.525	0.278	fixation	n/a	275.6	169.3	3247.0	n/a	n/a	n/a	n/a
322.805	0.018	saccade	n/a	275.0	167.8	n/a	249.8	168.9	0.96	71.0
322.825	0.148	fixation	n/a	251.8	167.3	3169.0	n/a	n/a	n/a	n/a
322.975	0.028	saccade	n/a	252.5	167.9	n/a	325.2	164.1	2.78	172.0
323.005	0.266	fixation	n/a	325.6	165.1	3164.0	n/a	n/a	n/a	n/a
323.273	0.026	saccade	n/a	327.2	162.9	n/a	374.3	158.9	1.81	138.0
323.301	0.326	fixation	n/a	371.9	160.3	3246.0	n/a	n/a	n/a	n/a
323.629	0.03	saccade	n/a	372.5	155.9	n/a	441.3	157.6	2.63	179.0
323.661	0.072	fixation	n/a	440.2	157.1	3212.0	n/a	n/a	n/a	n/a
323.735	0.124	saccade	n/a	445.0	164.4	n/a	452.9	168.6	0.34	759.0
323.767	0.04	blink	n/a	n/a	n/a	n/a	n/a	n/a	n/a	n/a
323.861	0.146	fixation	n/a	456.3	164.5	3228.0	n/a	n/a	n/a	n/a
324.009	0.028	saccade	n/a	457.2	163.8	n/a	511.0	155.7	2.07	159.0
324.039	0.226	fixation	n/a	510.1	151.8	3170.0	n/a	n/a	n/a	n/a
324.267	0.014	saccade	n/a	513.5	145.7	n/a	532.1	144.5	0.7	59.0
324.283	0.338	fixation	n/a	526.3	148.7	3092.0	n/a	n/a	n/a	n/a
324.623	0.028	saccade	n/a	523.2	155.5	n/a	574.0	156.2	1.91	150.0
324.653	0.318	fixation	n/a	574.9	153.9	3227.0	n/a	n/a	n/a	n/a
324.973	0.072	saccade	n/a	582.2	156.4	n/a	103.9	225.3	18.07	460.0
325.047	0.248	fixation	n/a	110.8	228.4	3333.0	n/a	n/a	n/a	n/a
325.297	0.018	saccade	n/a	113.3	230.5	n/a	138.7	227.7	0.96	70.0
325.317	0.174	fixation	n/a	136.4	229.0	3316.0	n/a	n/a	n/a	n/a
325.493	0.03	saccade	n/a	137.3	230.7	n/a	219.3	234.9	3.1	196.0
325.525	0.272	fixation	n/a	221.3	234.6	3402.0	n/a	n/a	n/a	n/a
325.799	0.026	saccade	n/a	220.9	233.5	n/a	270.4	232.1	1.89	142.0
325.827	0.434	fixation	n/a	268.8	230.3	3429.0	n/a	n/a	n/a	n/a
326.263	0.15	saccade	n/a	275.6	236.7	n/a	226.4	221.1	1.97	748.0
326.297	0.064	blink	n/a	n/a	n/a	n/a	n/a	n/a	n/a	n/a
326.415	0.126	fixation	n/a	226.3	230.2	3291.0	n/a	n/a	n/a	n/a
326.543	0.03	saccade	n/a	227.1	230.5	n/a	295.8	229.7	2.62	192.0
326.575	0.208	fixation	n/a	296.2	228.6	3280.0	n/a	n/a	n/a	n/a
326.785	0.026	saccade	n/a	298.2	227.6	n/a	353.6	226.6	2.12	154.0
326.813	0.25	fixation	n/a	351.8	224.8	3205.0	n/a	n/a	n/a	n/a
327.065	0.034	saccade	n/a	354.3	226.9	n/a	443.9	224.3	3.43	226.0
327.101	0.392	fixation	n/a	440.9	219.8	3173.0	n/a	n/a	n/a	n/a
327.495	0.022	saccade	n/a	433.7	219.7	n/a	471.4	217.2	1.44	105.0
327.519	0.056	fixation	n/a	467.7	217.6	3188.0	n/a	n/a	n/a	n/a
327.577	0.04	saccade	n/a	467.8	216.5	n/a	528.5	219.4	2.3	213.0
327.619	0.22	fixation	n/a	533.6	214.3	3228.0	n/a	n/a	n/a	n/a
327.841	0.024	saccade	n/a	533.6	214.7	n/a	573.6	208.6	1.52	117.0
327.867	0.308	fixation	n/a	569.3	211.9	3261.0	n/a	n/a	n/a	n/a
328.177	0.014	saccade	n/a	565.8	214.0	n/a	550.0	218.4	0.62	53.0
328.193	0.208	fixation	n/a	550.9	217.3	3331.0	n/a	n/a	n/a	n/a
328.403	0.028	saccade	n/a	549.4	218.3	n/a	608.6	221.0	2.22	158.0
328.433	0.228	fixation	n/a	602.9	223.7	3458.0	n/a	n/a	n/a	n/a
328.663	0.066	saccade	n/a	602.6	222.1	n/a	136.1	293.2	17.62	474.0
328.731	0.138	fixation	n/a	140.6	298.0	3527.0	n/a	n/a	n/a	n/a
328.871	0.022	saccade	n/a	138.5	300.4	n/a	103.6	298.1	1.31	103.0
328.895	0.226	fixation	n/a	111.2	298.1	3469.0	n/a	n/a	n/a	n/a
329.123	0.032	saccade	n/a	116.0	299.7	n/a	222.2	296.6	3.99	218.0
329.157	0.292	fixation	n/a	223.0	292.8	3432.0	n/a	n/a	n/a	n/a
329.451	0.018	saccade	n/a	222.4	292.1	n/a	196.5	296.5	0.99	75.0
329.471	0.22	fixation	n/a	199.0	295.2	3497.0	n/a	n/a	n/a	n/a
329.693	0.028	saccade	n/a	198.2	294.2	n/a	260.6	292.8	2.37	166.0
329.723	0.082	fixation	n/a	258.8	293.9	3524.0	n/a	n/a	n/a	n/a
329.807	0.144	saccade	n/a	264.2	297.7	n/a	308.3	282.3	1.78	709.0
329.841	0.048	blink	n/a	n/a	n/a	n/a	n/a	n/a	n/a	n/a
329.953	0.284	fixation	n/a	309.6	285.3	3509.0	n/a	n/a	n/a	n/a
330.239	0.05	saccade	n/a	310.4	284.1	n/a	152.3	174.3	7.35	270.0
330.291	0.24	fixation	n/a	153.5	177.2	3318.0	n/a	n/a	n/a	n/a
330.35	0.0	trigger_11	11	n/a	n/a	n/a	n/a	n/a	n/a	n/a
330.354	0.0	trigger_10	10	n/a	n/a	n/a	n/a	n/a	n/a	n/a
330.533	0.02	saccade	n/a	149.9	174.8	n/a	116.1	152.2	1.54	108.0
330.555	0.314	fixation	n/a	117.7	159.9	3388.0	n/a	n/a	n/a	n/a
330.871	0.03	saccade	n/a	118.9	157.2	n/a	200.9	162.3	3.11	203.0
330.903	0.252	fixation	n/a	200.6	157.5	3409.0	n/a	n/a	n/a	n/a
331.157	0.026	saccade	n/a	200.5	156.2	n/a	155.3	161.3	1.72	122.0
331.185	0.162	fixation	n/a	158.9	161.8	3392.0	n/a	n/a	n/a	n/a
331.349	0.04	saccade	n/a	158.5	163.9	n/a	297.5	163.7	5.29	257.0
331.391	0.488	fixation	n/a	298.0	166.2	3450.0	n/a	n/a	n/a	n/a
331.881	0.15	saccade	n/a	291.3	172.2	n/a	319.1	169.1	1.07	906.0
331.915	0.062	blink	n/a	n/a	n/a	n/a	n/a	n/a	n/a	n/a
332.033	0.024	fixation	n/a	320.0	170.9	3410.0	n/a	n/a	n/a	n/a
332.059	0.026	saccade	n/a	321.9	171.2	n/a	367.2	163.2	1.77	138.0
332.087	0.362	fixation	n/a	366.3	164.8	3412.0	n/a	n/a	n/a	n/a
332.451	0.02	saccade	n/a	372.0	162.4	n/a	400.3	160.1	1.09	76.0
332.473	0.104	fixation	n/a	399.0	156.4	3239.0	n/a	n/a	n/a	n/a
332.579	0.032	saccade	n/a	398.6	156.0	n/a	469.0	154.9	2.68	196.0
332.613	0.432	fixation	n/a	470.3	155.8	3204.0	n/a	n/a	n/a	n/a
333.047	0.03	saccade	n/a	470.7	152.6	n/a	536.9	152.7	2.51	168.0
333.079	0.202	fixation	n/a	533.2	151.7	3203.0	n/a	n/a	n/a	n/a
333.283	0.03	saccade	n/a	531.3	151.1	n/a	605.6	152.1	2.78	182.0
333.315	0.224	fixation	n/a	603.2	148.2	3219.0	n/a	n/a	n/a	n/a
333.541	0.018	saccade	n/a	606.5	146.3	n/a	635.4	143.7	1.07	81.0
333.561	0.29	fixation	n/a	631.5	145.9	3126.0	n/a	n/a	n/a	n/a
333.853	0.072	saccade	n/a	631.9	147.6	n/a	122.6	224.8	19.2	481.0
333.927	0.286	fixation	n/a	125.4	226.5	3198.0	n/a	n/a	n/a	n/a
334.215	0.036	saccade	n/a	126.6	227.7	n/a	248.4	226.4	4.61	291.0
334.253	0.26	fixation	n/a	255.8	225.2	3208.0	n/a	n/a	n/a	n/a
334.515	0.032	saccade	n/a	257.7	224.7	n/a	340.5	223.9	3.17	220.0
334.549	0.308	fixation	n/a	340.4	223.6	3195.0	n/a	n/a	n/a	n/a
334.859	0.032	saccade	n/a	340.7	225.5	n/a	424.1	222.9	3.19	206.0
334.893	0.244	fixation	n/a	425.8	220.6	3168.0	n/a	n/a	n/a	n/a
335.139	0.024	saccade	n/a	427.8	220.7	n/a	475.3	216.4	1.82	125.0
335.165	0.398	fixation	n/a	471.4	218.1	3154.0	n/a	n/a	n/a	n/a
335.565	0.026	saccade	n/a	468.2	218.6	n/a	416.1	222.3	1.99	137.0
335.593	0.358	fixation	n/a	417.5	222.6	3217.0	n/a	n/a	n/a	n/a
335.953	0.028	saccade	n/a	418.1	226.2	n/a	479.4	224.7	2.34	168.0
335.983	0.594	fixation	n/a	465.1	226.4	3347.0	n/a	n/a	n/a	n/a
336.579	0.092	saccade	n/a	466.7	236.3	n/a	493.1	234.2	1.01	596.0
336.673	0.114	fixation	n/a	495.8	221.2	3385.0	n/a	n/a	n/a	n/a
336.789	0.14	saccade	n/a	496.1	222.5	n/a	535.0	230.4	1.5	755.0
336.821	0.058	blink	n/a	n/a	n/a	n/a	n/a	n/a	n/a	n/a
336.931	0.176	fixation	n/a	542.1	225.3	3377.0	n/a	n/a	n/a	n/a
337.109	0.018	saccade	n/a	548.1	222.0	n/a	576.2	221.2	1.05	84.0
337.129	0.294	fixation	n/a	574.9	219.7	3215.0	n/a	n/a	n/a	n/a
337.425	0.02	saccade	n/a	578.9	216.6	n/a	545.1	217.2	1.27	94.0
337.447	0.268	fixation	n/a	549.1	217.3	3107.0	n/a	n/a	n/a	n/a
337.717	0.022	saccade	n/a	551.8	217.2	n/a	586.7	215.5	1.31	100.0
337.741	0.296	fixation	n/a	582.2	215.8	3142.0	n/a	n/a	n/a	n/a
338.039	0.016	saccade	n/a	580.7	216.6	n/a	599.4	211.0	0.73	62.0
338.057	0.348	fixation	n/a	587.9	219.6	3294.0	n/a	n/a	n/a	n/a
338.407	0.068	saccade	n/a	584.1	222.1	n/a	180.5	172.9	15.29	317.0
338.477	0.196	fixation	n/a	162.8	181.8	3370.0	n/a	n/a	n/a	n/a
338.675	0.026	saccade	n/a	158.2	182.8	n/a	109.7	168.4	1.91	150.0
338.703	0.548	fixation	n/a	115.7	169.9	3318.0	n/a	n/a	n/a	n/a
338.832	0.0	trigger_11	11	n/a	n/a	n/a	n/a	n/a	n/a	n/a
338.838	0.0	trigger_12	12	n/a	n/a	n/a	n/a	n/a	n/a	n/a
339.253	0.022	saccade	n/a	120.7	166.1	n/a	169.7	164.1	1.85	124.0
339.277	0.11	fixation	n/a	166.3	164.4	3287.0	n/a	n/a	n/a	n/a
339.389	0.136	saccade	n/a	173.1	169.0	n/a	167.5	161.8	0.35	759.0
339.421	0.054	blink	n/a	n/a	n/a	n/a	n/a	n/a	n/a	n/a
339.527	0.05	fixation	n/a	167.3	159.5	3322.0	n/a	n/a	n/a	n/a
339.579	0.028	saccade	n/a	167.5	161.5	n/a	228.7	163.1	2.32	176.0
339.609	0.33	fixation	n/a	227.8	163.8	3312.0	n/a	n/a	n/a	n/a
339.941	0.024	saccade	n/a	230.0	160.6	n/a	282.4	157.5	2.0	134.0
339.967	0.252	fixation	n/a	281.6	162.8	3231.0	n/a	n/a	n/a	n/a
340.221	0.016	saccade	n/a	283.4	166.3	n/a	305.4	164.0	0.85	67.0
340.239	0.406	fixation	n/a	300.1	165.2	3417.0	n/a	n/a	n/a	n/a
340.647	0.026	saccade	n/a	301.6	162.4	n/a	347.8	159.9	1.77	126.0
340.675	0.09	fixation	n/a	346.1	163.1	3476.0	n/a	n/a	n/a	n/a
340.767	0.13	saccade	n/a	349.5	172.0	n/a	361.6	163.3	0.57	897.0
340.803	0.042	blink	n/a	n/a	n/a	n/a	n/a	n/a	n/a	n/a
340.899	0.156	fixation	n/a	360.4	163.0	3571.0	n/a	n/a	n/a	n/a
341.057	0.018	saccade	n/a	361.4	162.0	n/a	393.5	157.0	1.25	92.0
341.077	0.256	fixation	n/a	395.4	160.3	3546.0	n/a	n/a	n/a	n/a
341.335	0.024	saccade	n/a	404.7	162.3	n/a	448.1	166.3	1.67	116.0
341.361	0.592	fixation	n/a	448.5	164.7	3354.0	n/a	n/a	n/a	n/a
341.955	0.028	saccade	n/a	450.1	163.8	n/a	517.3	159.6	2.56	164.0
341.985	0.364	fixation	n/a	510.8	159.8	3274.0	n/a	n/a	n/a	n/a
342.351	0.066	saccade	n/a	504.6	164.2	n/a	122.9	240.2	14.67	399.0
342.419	0.42	fixation	n/a	125.1	244.1	3358.0	n/a	n/a	n/a	n/a
342.841	0.03	saccade	n/a	127.7	242.9	n/a	204.8	240.1	2.92	190.0
342.873	0.22	fixation	n/a	205.6	237.8	3237.0	n/a	n/a	n/a	n/a
343.095	0.026	saccade	n/a	207.3	235.9	n/a	265.1	233.5	2.2	149.0
343.123	0.124	fixation	n/a	263.9	234.7	3226.0	n/a	n/a	n/a	n/a
343.249	0.168	saccade	n/a	267.1	239.0	n/a	287.0	228.5	0.86	726.0
343.281	0.078	blink	n/a	n/a	n/a	n/a	n/a	n/a	n/a	n/a
343.419	0.044	fixation	n/a	285.6	232.0	3227.0	n/a	n/a	n/a	n/a
343.465	0.03	saccade	n/a	284.9	234.1	n/a	345.1	235.8	2.31	181.0
343.497	0.204	fixation	n/a	345.4	232.6	3267.0	n/a	n/a	n/a	n/a
343.703	0.028	saccade	n/a	346.9	230.8	n/a	426.9	222.4	3.08	188.0
343.733	0.304	fixation	n/a	433.2	218.8	3141.0	n/a	n/a	n/a	n/a
344.039	0.024	saccade	n/a	434.6	217.8	n/a	467.2	227.4	1.3	109.0
344.065	0.362	fixation	n/a	465.1	225.6	3181.0	n/a	n/a	n/a	n/a
344.429	0.058	saccade	n/a	466.1	226.3	n/a	228.2	160.1	9.42	270.0
344.489	0.206	fixation	n/a	228.0	163.3	3211.0	n/a	n/a	n/a	n/a
344.697	0.024	saccade	n/a	226.7	164.1	n/a	170.5	160.1	2.14	136.0
344.723	0.258	fixation	n/a	165.6	166.7	3296.0	n/a	n/a	n/a	n/a
344.983	0.042	saccade	n/a	164.1	169.1	n/a	286.2	163.8	4.65	199.0
345.027	0.242	fixation	n/a	285.6	165.4	3458.0	n/a	n/a	n/a	n/a
345.271	0.028	saccade	n/a	287.8	169.1	n/a	220.3	170.0	2.58	169.0
345.301	0.386	fixation	n/a	221.8	170.8	3505.0	n/a	n/a	n/a	n/a
345.496	0.0	trigger_13	13	n/a	n/a	n/a	n/a	n/a	n/a	n/a
345.689	0.032	saccade	n/a	219.2	169.5	n/a	136.1	174.1	3.15	188.0
345.723	0.286	fixation	n/a	142.2	174.9	3550.0	n/a	n/a	n/a	n/a
346.011	0.03	saccade	n/a	140.9	175.6	n/a	143.1	239.8	2.47	176.0
346.043	0.3	fixation	n/a	142.7	237.0	3627.0	n/a	n/a	n/a	n/a
346.345	0.032	saccade	n/a	142.4	241.0	n/a	172.6	322.1	3.31	216.0
346.379	0.106	fixation	n/a	170.7	315.3	3785.0	n/a	n/a	n/a	n/a
346.487	0.034	saccade	n/a	172.1	317.4	n/a	119.9	247.5	3.31	216.0
346.523	0.16	fixation	n/a	120.9	253.3	3804.0	n/a	n/a	n/a	n/a
346.685	0.024	saccade	n/a	120.3	253.3	n/a	96.4	221.7	1.5	109.0
346.711	0.086	fixation	n/a	100.9	227.8	3710.0	n/a	n/a	n/a	n/a
346.799	0.05	saccade	n/a	107.2	233.8	n/a	94.5	230.8	0.49	222.0
346.851	0.22	fixation	n/a	91.7	231.4	3732.0	n/a	n/a	n/a	n/a
347.073	0.032	saccade	n/a	89.3	232.9	n/a	130.7	296.9	2.89	218.0
347.107	0.21	fixation	n/a	129.2	291.8	3782.0	n/a	n/a	n/a	n/a
347.319	0.028	saccade	n/a	127.2	292.2	n/a	84.2	292.8	1.6	142.0
347.349	0.086	fixation	n/a	88.8	293.8	3805.0	n/a	n/a	n/a	n/a
347.437	0.12	saccade	n/a	91.0	297.4	n/a	83.1	263.6	1.32	818.0
347.479	0.028	blink	n/a	n/a	n/a	n/a	n/a	n/a	n/a	n/a
347.559	0.254	fixation	n/a	82.8	252.2	3750.0	n/a	n/a	n/a	n/a
347.815	0.148	saccade	n/a	89.1	245.9	n/a	183.0	242.8	3.53	862.0
347.853	0.056	blink	n/a	n/a	n/a	n/a	n/a	n/a	n/a	n/a
347.965	0.25	fixation	n/a	180.5	245.4	3606.0	n/a	n/a	n/a	n/a
348.0	0.0	trigger_15	15	n/a	n/a	n/a	n/a	n/a	n/a	n/a
348.004	0.0	trigger_10	10	n/a	n/a	n/a	n/a	n/a	n/a	n/a
348.217	0.028	saccade	n/a	178.5	242.6	n/a	118.5	207.4	2.63	169.0
348.247	0.058	fixation	n/a	120.3	211.6	3674.0	n/a	n/a	n/a	n/a
348.307	0.042	saccade	n/a	122.0	211.1	n/a	123.8	170.7	1.56	193.0
348.351	0.344	fixation	n/a	128.1	163.9	3573.0	n/a	n/a	n/a	n/a
348.697	0.03	saccade	n/a	130.1	166.1	n/a	213.9	167.3	3.17	203.0
348.729	0.366	fixation	n/a	209.2	169.8	3842.0	n/a	n/a	n/a	n/a
349.097	0.028	saccade	n/a	205.6	168.1	n/a	274.2	164.2	2.62	175.0
349.127	0.294	fixation	n/a	272.0	168.6	4001.0	n/a	n/a	n/a	n/a
349.423	0.038	saccade	n/a	274.7	170.6	n/a	396.1	165.6	4.66	255.0
349.463	0.136	fixation	n/a	400.6	164.8	3897.0	n/a	n/a	n/a	n/a
349.601	0.03	saccade	n/a	406.2	165.1	n/a	477.9	163.0	2.74	180.0
349.633	0.392	fixation	n/a	476.7	159.7	3792.0	n/a	n/a	n/a	n/a
350.027	0.038	saccade	n/a	479.6	160.7	n/a	582.9	155.7	3.9	156.0
350.067	0.26	fixation	n/a	581.4	155.1	3682.0	n/a	n/a	n/a	n/a
350.329	0.026	saccade	n/a	584.1	152.7	n/a	653.9	150.0	2.59	152.0
350.357	0.16	fixation	n/a	654.6	152.2	3645.0	n/a	n/a	n/a	n/a
350.519	0.028	saccade	n/a	653.2	150.5	n/a	583.9	157.1	2.58	183.0
350.549	0.16	fixation	n/a	587.8	155.8	3651.0	n/a	n/a	n/a	n/a
350.711	0.056	saccade	n/a	585.7	156.3	n/a	332.7	159.3	9.58	282.0
350.769	0.068	fixation	n/a	337.1	160.4	3650.0	n/a	n/a	n/a	n/a
350.839	0.032	saccade	n/a	335.8	162.1	n/a	243.2	160.3	3.54	225.0
350.873	0.15	fixation	n/a	243.6	162.9	3599.0	n/a	n/a	n/a	n/a
351.025	0.03	saccade	n/a	242.7	161.9	n/a	167.8	162.4	2.84	188.0
351.057	0.106	fixation	n/a	168.7	163.7	3550.0	n/a	n/a	n/a	n/a
351.165	0.028	saccade	n/a	167.5	164.5	n/a	120.0	173.5	1.82	143.0
351.195	0.266	fixation	n/a	124.2	173.8	3551.0	n/a	n/a	n/a	n/a
351.463	0.03	saccade	n/a	125.8	175.7	n/a	158.6	231.0	2.46	150.0
351.495	0.264	fixation	n/a	155.0	226.2	3685.0	n/a	n/a	n/a	n/a
351.761	0.026	saccade	n/a	157.5	227.9	n/a	215.5	222.5	2.21	148.0
351.789	0.102	fixation	n/a	214.3	224.7	3699.0	n/a	n/a	n/a	n/a
351.893	0.118	saccade	n/a	218.6	231.6	n/a	230.3	230.5	0.45	872.0
351.925	0.034	blink	n/a	n/a	n/a	n/a	n/a	n/a	n/a	n/a
352.013	0.024	fixation	n/a	229.0	225.1	3641.0	n/a	n/a	n/a	n/a
352.039	0.024	saccade	n/a	230.9	228.2	n/a	273.7	229.7	1.63	121.0
352.065	0.154	fixation	n/a	274.1	230.6	3623.0	n/a	n/a	n/a	n/a
352.221	0.032	saccade	n/a	275.8	228.5	n/a	350.0	228.4	2.84	198.0
352.255	0.218	fixation	n/a	352.7	228.6	3513.0	n/a	n/a	n/a	n/a
352.475	0.026	saccade	n/a	356.8	229.9	n/a	405.2	225.5	1.86	130.0
352.503	0.294	fixation	n/a	404.0	224.2	3466.0	n/a	n/a	n/a	n/a
352.799	0.036	saccade	n/a	406.5	226.0	n/a	522.5	220.9	4.41	212.0
352.837	0.296	fixation	n/a	522.2	221.2	3385.0	n/a	n/a	n/a	n/a
353.135	0.12	saccade	n/a	524.5	229.1	n/a	556.3	228.7	1.2	837.0
353.173	0.024	blink	n/a	n/a	n/a	n/a	n/a	n/a	n/a	n/a
353.257	0.442	fixation	n/a	557.3	224.2	3405.0	n/a	n/a	n/a	n/a
353.701	0.156	saccade	n/a	561.0	224.2	n/a	561.1	216.6	0.29	865.0
353.737	0.07	blink	n/a	n/a	n/a	n/a	n/a	n/a	n/a	n/a
353.859	0.574	fixation	n/a	565.1	211.1	3304.0	n/a	n/a	n/a	n/a
354.435	0.016	saccade	n/a	568.8	214.2	n/a	549.3	215.4	0.73	62.0
354.453	0.392	fixation	n/a	555.4	214.4	3240.0	n/a	n/a	n/a	n/a
354.847	0.022	saccade	n/a	558.5	215.4	n/a	588.2	207.4	1.15	96.0
354.871	0.29	fixation	n/a	584.0	209.6	3182.0	n/a	n/a	n/a	n/a
355.008	0.0	trigger_11	11	n/a	n/a	n/a	n/a	n/a	n/a	n/a
355.01	0.0	trigger_10	10	n/a	n/a	n/a	n/a	n/a	n/a	n/a
355.163	0.068	saccade	n/a	582.5	212.4	n/a	190.8	170.4	14.84	451.0
355.233	0.128	fixation	n/a	189.6	176.3	3299.0	n/a	n/a	n/a	n/a
355.363	0.026	saccade	n/a	185.1	177.8	n/a	121.7	170.7	2.41	148.0
355.391	0.464	fixation	n/a	125.6	169.5	3371.0	n/a	n/a	n/a	n/a
355.857	0.152	saccade	n/a	129.3	171.0	n/a	118.0	163.2	0.52	808.0
355.893	0.058	blink	n/a	n/a	n/a	n/a	n/a	n/a	n/a	n/a
356.011	0.104	fixation	n/a	114.8	168.6	3407.0	n/a	n/a	n/a	n/a
356.117	0.03	saccade	n/a	113.7	169.0	n/a	179.2	168.6	2.47	187.0
356.149	0.448	fixation	n/a	178.1	169.7	3418.0	n/a	n/a	n/a	n/a
356.599	0.02	saccade	n/a	176.5	171.3	n/a	146.0	173.4	1.16	91.0
356.621	0.11	fixation	n/a	150.9	171.3	3364.0	n/a	n/a	n/a	n/a
356.733	0.036	saccade	n/a	150.5	170.7	n/a	261.3	171.6	4.21	275.0
356.771	0.37	fixation	n/a	270.2	168.9	3415.0	n/a	n/a	n/a	n/a
357.143	0.03	saccade	n/a	272.5	168.6	n/a	332.6	166.2	2.3	175.0
357.175	0.386	fixation	n/a	332.2	162.9	3352.0	n/a	n/a	n/a	n/a
357.563	0.026	saccade	n/a	334.1	161.8	n/a	388.4	159.7	2.08	137.0
357.591	0.076	fixation	n/a	384.7	159.5	3377.0	n/a	n/a	n/a	n/a
357.669	0.134	saccade	n/a	389.6	166.6	n/a	414.3	156.8	1.02	948.0
357.703	0.048	blink	n/a	n/a	n/a	n/a	n/a	n/a	n/a	n/a
357.805	0.52	fixation	n/a	422.9	153.6	3233.0	n/a	n/a	n/a	n/a
358.327	0.018	saccade	n/a	431.2	149.7	n/a	460.2	146.7	1.11	81.0
358.347	0.12	fixation	n/a	458.4	149.3	3091.0	n/a	n/a	n/a	n/a
358.469	0.022	saccade	n/a	460.9	150.2	n/a	503.9	149.8	1.64	115.0
358.493	0.356	fixation	n/a	499.8	151.4	3154.0	n/a	n/a	n/a	n/a
358.851	0.032	saccade	n/a	500.8	155.9	n/a	579.6	149.2	2.98	208.0
358.885	0.2	fixation	n/a	577.1	147.5	3222.0	n/a	n/a	n/a	n/a
359.087	0.072	saccade	n/a	578.7	147.2	n/a	86.3	225.6	18.62	467.0
359.161	0.164	fixation	n/a	88.1	231.7	3310.0	n/a	n/a	n/a	n/a
359.327	0.018	saccade	n/a	91.7	235.4	n/a	120.5	234.0	1.08	87.0
359.347	0.428	fixation	n/a	117.0	232.5	3255.0	n/a	n/a	n/a	n/a
359.777	0.038	saccade	n/a	118.0	233.6	n/a	158.3	167.1	2.97	187.0
359.817	0.264	fixation	n/a	158.2	171.0	3170.0	n/a	n/a	n/a	n/a
360.083	0.014	saccade	n/a	155.9	170.5	n/a	139.0	169.4	0.64	54.0
360.099	0.356	fixation	n/a	137.9	170.9	3295.0	n/a	n/a	n/a	n/a
360.13	0.0	trigger_11	11	n/a	n/a	n/a	n/a	n/a	n/a	n/a
360.132	0.0	trigger_10	10	n/a	n/a	n/a	n/a	n/a	n/a	n/a
360.457	0.136	saccade	n/a	137.4	177.0	n/a	200.7	161.7	2.47	929.0
360.493	0.044	blink	n/a	n/a	n/a	n/a	n/a	n/a	n/a	n/a
360.595	0.298	fixation	n/a	201.0	165.6	3412.0	n/a	n/a	n/a	n/a
360.895	0.02	saccade	n/a	203.5	164.0	n/a	232.8	161.6	1.12	77.0
360.917	0.336	fixation	n/a	224.4	160.7	3211.0	n/a	n/a	n/a	n/a
361.255	0.032	saccade	n/a	217.1	161.3	n/a	312.3	154.8	3.64	220.0
361.289	0.274	fixation	n/a	313.5	154.0	3169.0	n/a	n/a	n/a	n/a
361.565	0.02	saccade	n/a	316.8	153.2	n/a	353.8	151.5	1.42	99.0
361.587	0.12	fixation	n/a	350.6	152.2	3155.0	n/a	n/a	n/a	n/a
361.709	0.026	saccade	n/a	352.6	152.0	n/a	405.1	150.7	2.01	141.0
361.737	0.25	fixation	n/a	403.3	150.5	3114.0	n/a	n/a	n/a	n/a
361.989	0.02	saccade	n/a	407.3	152.5	n/a	439.3	151.5	1.23	87.0
362.011	0.204	fixation	n/a	438.6	151.1	3139.0	n/a	n/a	n/a	n/a
362.217	0.022	saccade	n/a	440.6	152.2	n/a	476.7	149.6	1.38	95.0
362.241	0.216	fixation	n/a	475.2	151.4	3207.0	n/a	n/a	n/a	n/a
362.459	0.026	saccade	n/a	476.2	152.7	n/a	537.6	152.2	2.33	160.0
362.487	0.28	fixation	n/a	538.6	151.6	3243.0	n/a	n/a	n/a	n/a
362.769	0.02	saccade	n/a	543.1	150.9	n/a	578.4	147.1	1.33	96.0
362.791	0.456	fixation	n/a	574.9	148.5	3189.0	n/a	n/a	n/a	n/a
363.249	0.028	saccade	n/a	573.3	148.4	n/a	623.2	149.1	1.86	143.0
363.279	0.13	fixation	n/a	620.0	146.6	3182.0	n/a	n/a	n/a	n/a
363.411	0.068	saccade	n/a	619.8	145.5	n/a	139.3	221.0	18.16	478.0
363.481	0.18	fixation	n/a	142.2	227.1	3257.0	n/a	n/a	n/a	n/a
363.663	0.11	saccade	n/a	145.6	233.5	n/a	123.5	231.0	0.84	735.0
363.703	0.016	blink	n/a	n/a	n/a	n/a	n/a	n/a	n/a	n/a
363.775	0.028	fixation	n/a	123.9	234.4	3241.0	n/a	n/a	n/a	n/a
363.805	0.028	saccade	n/a	125.3	235.4	n/a	187.5	235.3	2.35	168.0
363.835	0.27	fixation	n/a	186.2	229.6	3256.0	n/a	n/a	n/a	n/a
364.107	0.02	saccade	n/a	189.5	224.2	n/a	218.7	223.5	1.11	76.0
364.129	0.254	fixation	n/a	218.0	224.9	3267.0	n/a	n/a	n/a	n/a
364.385	0.026	saccade	n/a	220.8	224.4	n/a	275.6	226.4	2.09	141.0
364.413	0.254	fixation	n/a	273.6	225.1	3319.0	n/a	n/a	n/a	n/a
364.669	0.024	saccade	n/a	273.1	226.5	n/a	228.1	223.9	1.72	125.0
364.695	0.13	fixation	n/a	232.4	224.5	3266.0	n/a	n/a	n/a	n/a
364.827	0.146	saccade	n/a	234.4	228.8	n/a	301.7	231.5	2.58	773.0
364.863	0.054	blink	n/a	n/a	n/a	n/a	n/a	n/a	n/a	n/a
364.975	0.218	fixation	n/a	302.0	234.7	3236.0	n/a	n/a	n/a	n/a
365.195	0.03	saccade	n/a	300.4	237.2	n/a	233.8	168.4	3.69	218.0
365.227	0.398	fixation	n/a	226.5	167.1	3108.0	n/a	n/a	n/a	n/a
365.627	0.046	saccade	n/a	224.9	165.7	n/a	398.3	153.9	6.63	288.0
365.675	0.248	fixation	n/a	406.2	153.9	3146.0	n/a	n/a	n/a	n/a
365.925	0.024	saccade	n/a	408.7	149.3	n/a	453.9	147.4	1.72	127.0
365.951	0.21	fixation	n/a	451.3	147.4	3080.0	n/a	n/a	n/a	n/a
366.163	0.06	saccade	n/a	452.9	149.2	n/a	149.1	165.3	11.55	315.0
366.225	0.518	fixation	n/a	146.2	173.3	3025.0	n/a	n/a	n/a	n/a
366.745	0.014	saccade	n/a	144.9	177.0	n/a	134.3	164.2	0.64	54.0
366.761	0.39	fixation	n/a	140.7	164.5	3130.0	n/a	n/a	n/a	n/a
366.826	0.0	trigger_11	11	n/a	n/a	n/a	n/a	n/a	n/a	n/a
366.828	0.0	trigger_10	10	n/a	n/a	n/a	n/a	n/a	n/a	n/a
367.153	0.096	saccade	n/a	143.8	170.3	n/a	188.7	164.4	1.71	766.0
367.191	0.006	blink	n/a	n/a	n/a	n/a	n/a	n/a	n/a	n/a
367.251	0.08	fixation	n/a	186.4	168.5	3351.0	n/a	n/a	n/a	n/a
367.333	0.134	saccade	n/a	185.4	168.7	n/a	167.0	170.7	0.7	837.0
367.367	0.044	blink	n/a	n/a	n/a	n/a	n/a	n/a	n/a	n/a
367.469	0.308	fixation	n/a	167.0	175.2	3376.0	n/a	n/a	n/a	n/a
367.779	0.022	saccade	n/a	170.0	174.2	n/a	213.1	169.8	1.64	114.0
367.803	0.368	fixation	n/a	211.4	169.2	3368.0	n/a	n/a	n/a	n/a
368.173	0.024	saccade	n/a	211.5	168.3	n/a	263.0	164.3	1.97	133.0
368.199	0.102	fixation	n/a	261.3	167.3	3506.0	n/a	n/a	n/a	n/a
368.303	0.06	saccade	n/a	260.5	172.8	n/a	270.3	174.4	0.38	396.0
368.365	0.04	fixation	n/a	269.0	166.9	3543.0	n/a	n/a	n/a	n/a
368.407	0.154	saccade	n/a	268.8	166.7	n/a	299.2	168.9	1.17	938.0
368.443	0.064	blink	n/a	n/a	n/a	n/a	n/a	n/a	n/a	n/a
368.563	0.038	fixation	n/a	299.3	171.5	3533.0	n/a	n/a	n/a	n/a
368.603	0.024	saccade	n/a	300.6	172.2	n/a	336.3	166.6	1.39	108.0
368.629	0.316	fixation	n/a	333.7	165.3	3389.0	n/a	n/a	n/a	n/a
368.947	0.03	saccade	n/a	335.8	164.6	n/a	399.4	162.1	2.44	176.0
368.979	0.086	fixation	n/a	398.4	158.6	3148.0	n/a	n/a	n/a	n/a
369.067	0.034	saccade	n/a	399.3	155.9	n/a	301.3	166.4	3.78	243.0
369.103	0.184	fixation	n/a	302.6	165.3	3149.0	n/a	n/a	n/a	n/a
369.289	0.018	saccade	n/a	299.8	166.1	n/a	269.3	169.6	1.18	93.0
369.309	0.284	fixation	n/a	273.4	168.8	3200.0	n/a	n/a	n/a	n/a
369.595	0.032	saccade	n/a	273.2	169.4	n/a	354.7	160.4	3.14	212.0
369.629	0.172	fixation	n/a	349.2	158.9	3260.0	n/a	n/a	n/a	n/a
369.803	0.018	saccade	n/a	346.0	158.1	n/a	316.1	162.8	1.16	86.0
369.823	0.166	fixation	n/a	321.0	161.5	3311.0	n/a	n/a	n/a	n/a
369.991	0.03	saccade	n/a	321.7	163.0	n/a	386.2	161.8	2.47	173.0
370.023	0.074	fixation	n/a	382.5	163.8	3317.0	n/a	n/a	n/a	n/a
370.099	0.142	saccade	n/a	386.9	171.4	n/a	381.1	164.7	0.34	858.0
370.135	0.052	blink	n/a	n/a	n/a	n/a	n/a	n/a	n/a	n/a
370.243	0.22	fixation	n/a	382.4	166.1	3332.0	n/a	n/a	n/a	n/a
370.465	0.018	saccade	n/a	384.6	164.6	n/a	409.6	160.8	0.97	74.0
370.485	0.22	fixation	n/a	408.7	159.7	3208.0	n/a	n/a	n/a	n/a
370.707	0.03	saccade	n/a	412.6	158.9	n/a	496.8	160.7	3.21	197.0
370.739	0.306	fixation	n/a	498.5	157.8	3167.0	n/a	n/a	n/a	n/a
371.047	0.028	saccade	n/a	497.8	159.4	n/a	576.6	151.0	2.99	191.0
371.077	0.33	fixation	n/a	579.9	153.8	3255.0	n/a	n/a	n/a	n/a
371.409	0.068	saccade	n/a	579.0	155.7	n/a	137.4	225.4	16.79	416.0
371.479	0.118	fixation	n/a	140.5	228.6	3398.0	n/a	n/a	n/a	n/a
371.599	0.022	saccade	n/a	137.2	230.8	n/a	102.7	239.2	1.33	104.0
371.623	0.426	fixation	n/a	111.3	239.0	3373.0	n/a	n/a	n/a	n/a
372.051	0.032	saccade	n/a	115.6	238.2	n/a	197.2	239.2	3.08	224.0
372.085	0.448	fixation	n/a	198.1	231.1	3213.0	n/a	n/a	n/a	n/a
372.535	0.028	saccade	n/a	201.4	227.1	n/a	276.7	223.8	2.87	182.0
372.565	0.1	fixation	n/a	274.5	225.7	3163.0	n/a	n/a	n/a	n/a
372.667	0.126	saccade	n/a	278.0	230.1	n/a	287.6	224.9	0.42	776.0
372.703	0.034	blink	n/a	n/a	n/a	n/a	n/a	n/a	n/a	n/a
372.795	0.234	fixation	n/a	285.6	232.0	3226.0	n/a	n/a	n/a	n/a
373.031	0.024	saccade	n/a	283.9	233.3	n/a	335.2	228.6	1.97	128.0
373.057	0.254	fixation	n/a	334.6	227.0	3127.0	n/a	n/a	n/a	n/a
373.313	0.026	saccade	n/a	339.9	226.4	n/a	393.5	223.9	2.06	138.0
373.341	0.202	fixation	n/a	391.6	223.0	3065.0	n/a	n/a	n/a	n/a
373.545	0.03	saccade	n/a	391.3	220.2	n/a	460.9	212.8	2.67	182.0
373.577	0.338	fixation	n/a	459.7	214.5	3112.0	n/a	n/a	n/a	n/a
373.917	0.03	saccade	n/a	459.2	215.7	n/a	517.4	217.3	2.21	157.0
373.949	0.602	fixation	n/a	513.8	220.5	3245.0	n/a	n/a	n/a	n/a
374.553	0.032	saccade	n/a	514.3	222.5	n/a	590.3	221.3	2.85	203.0
374.587	0.296	fixation	n/a	585.8	221.2	3352.0	n/a	n/a	n/a	n/a
374.885	0.03	saccade	n/a	586.9	218.7	n/a	648.4	220.9	2.28	172.0
374.917	0.128	fixation	n/a	645.5	216.6	3288.0	n/a	n/a	n/a	n/a
375.047	0.074	saccade	n/a	647.2	218.0	n/a	109.8	279.3	20.08	479.0
375.123	0.286	fixation	n/a	120.3	303.0	3227.0	n/a	n/a	n/a	n/a
375.411	0.02	saccade	n/a	124.9	305.9	n/a	163.4	296.2	1.49	106.0
375.433	0.296	fixation	n/a	162.3	299.3	3187.0	n/a	n/a	n/a	n/a
375.731	0.032	saccade	n/a	162.8	299.6	n/a	271.0	297.3	4.09	218.0
375.765	0.342	fixation	n/a	274.1	300.5	3272.0	n/a	n/a	n/a	n/a
376.109	0.052	saccade	n/a	273.3	301.5	n/a	132.2	161.4	7.59	254.0
376.163	0.286	fixation	n/a	137.2	162.6	3264.0	n/a	n/a	n/a	n/a
376.451	0.028	saccade	n/a	138.4	163.6	n/a	198.4	165.8	2.27	172.0
376.481	0.402	fixation	n/a	193.0	166.5	3341.0	n/a	n/a	n/a	n/a
376.885	0.032	saccade	n/a	191.8	169.1	n/a	287.4	167.7	3.65	215.0
376.919	0.232	fixation	n/a	286.1	167.9	3398.0	n/a	n/a	n/a	n/a
377.153	0.036	saccade	n/a	287.3	165.2	n/a	417.9	165.6	4.99	287.0
377.191	0.146	fixation	n/a	418.3	165.5	3428.0	n/a	n/a	n/a	n/a
377.339	0.03	saccade	n/a	421.5	166.0	n/a	497.3	162.9	2.9	202.0
377.371	0.314	fixation	n/a	497.1	158.5	3409.0	n/a	n/a	n/a	n/a
377.687	0.03	saccade	n/a	497.8	159.1	n/a	429.6	159.4	2.6	174.0
377.719	0.116	fixation	n/a	433.3	159.4	3409.0	n/a	n/a	n/a	n/a
377.837	0.038	saccade	n/a	432.5	159.7	n/a	553.3	156.3	4.58	264.0
377.877	0.24	fixation	n/a	556.5	154.4	3392.0	n/a	n/a	n/a	n/a
378.119	0.062	saccade	n/a	558.9	153.2	n/a	156.4	169.9	15.17	442.0
378.183	0.544	fixation	n/a	153.9	173.8	3453.0	n/a	n/a	n/a	n/a
378.226	0.0	trigger_11	11	n/a	n/a	n/a	n/a	n/a	n/a	n/a
378.228	0.0	trigger_20	20	n/a	n/a	n/a	n/a	n/a	n/a	n/a
