onset	duration	trial_type	value	gaze_x	gaze_y	pupil_size	sacc_endx	sacc_endy	sacc_amplitude	sacc_peakvel
0.006	0.022	fixation	n/a	273.6	302.1	3310.0	n/a	n/a	n/a	n/a
0.03	0.028	saccade	n/a	275.8	303.8	n/a	347.7	321.4	2.83	164.0
0.054	0.0	trigger_91	91	n/a	n/a	n/a	n/a	n/a	n/a	n/a
0.06	0.16	fixation	n/a	344.9	316.7	3283.0	n/a	n/a	n/a	n/a
0.222	0.048	saccade	n/a	343.9	313.5	n/a	152.1	171.2	9.08	310.0
0.272	0.628	fixation	n/a	152.8	147.2	3040.0	n/a	n/a	n/a	n/a
0.902	0.03	saccade	n/a	153.4	142.8	n/a	60.7	120.5	3.46	177.0
0.934	0.222	fixation	n/a	61.2	122.7	2920.0	n/a	n/a	n/a	n/a
1.158	0.024	saccade	n/a	62.4	125.4	n/a	13.6	127.8	1.74	99.0
1.184	0.21	fixation	n/a	4.3	127.5	2873.0	n/a	n/a	n/a	n/a
1.396	0.17	saccade	n/a	21.1	132.6	n/a	85.2	157.9	2.47	1396.0
1.442	0.068	blink	n/a	n/a	n/a	n/a	n/a	n/a	n/a	n/a
1.568	0.248	fixation	n/a	90.3	155.8	2927.0	n/a	n/a	n/a	n/a
1.818	0.042	saccade	n/a	94.0	155.9	n/a	256.7	150.3	6.02	207.0
1.862	0.232	fixation	n/a	254.1	148.0	2996.0	n/a	n/a	n/a	n/a
2.066	0.0	trigger_10	10	n/a	n/a	n/a	n/a	n/a	n/a	n/a
2.096	0.184	saccade	n/a	260.2	169.6	n/a	143.4	179.2	4.37	3270.0
2.164	0.048	blink	n/a	n/a	n/a	n/a	n/a	n/a	n/a	n/a
2.282	0.182	fixation	n/a	141.7	165.3	2942.0	n/a	n/a	n/a	n/a
2.466	0.016	saccade	n/a	140.3	165.5	n/a	116.8	169.4	0.87	67.0
2.484	0.202	fixation	n/a	119.8	170.2	2982.0	n/a	n/a	n/a	n/a
2.688	0.034	saccade	n/a	123.2	170.3	n/a	235.8	180.8	4.2	223.0
2.724	0.214	fixation	n/a	234.1	176.5	2859.0	n/a	n/a	n/a	n/a
2.94	0.036	saccade	n/a	232.5	176.4	n/a	114.2	173.8	4.38	279.0
2.978	0.39	fixation	n/a	115.3	176.8	2893.0	n/a	n/a	n/a	n/a
3.37	0.026	saccade	n/a	118.0	178.3	n/a	177.5	180.3	2.19	139.0
3.398	0.052	fixation	n/a	176.9	179.8	2926.0	n/a	n/a	n/a	n/a
3.452	0.03	saccade	n/a	178.3	179.4	n/a	254.8	183.1	2.86	185.0
3.484	0.154	fixation	n/a	253.4	182.7	2978.0	n/a	n/a	n/a	n/a
3.64	0.026	saccade	n/a	255.0	182.1	n/a	314.3	182.1	2.25	143.0
3.668	0.144	fixation	n/a	312.1	184.0	3031.0	n/a	n/a	n/a	n/a
3.814	0.03	saccade	n/a	312.6	183.1	n/a	382.7	183.3	2.68	161.0
3.846	0.164	fixation	n/a	381.6	184.1	3023.0	n/a	n/a	n/a	n/a
4.012	0.036	saccade	n/a	381.5	184.8	n/a	271.4	184.8	4.2	255.0
4.05	0.168	fixation	n/a	269.5	186.3	3027.0	n/a	n/a	n/a	n/a
4.22	0.024	saccade	n/a	266.6	188.1	n/a	220.9	182.8	1.73	117.0
4.246	0.41	fixation	n/a	217.9	185.5	3105.0	n/a	n/a	n/a	n/a
4.658	0.03	saccade	n/a	216.1	185.9	n/a	296.0	187.6	3.01	152.0
4.69	0.546	fixation	n/a	294.3	189.7	3145.0	n/a	n/a	n/a	n/a
5.238	0.032	saccade	n/a	295.1	191.6	n/a	377.5	191.7	3.15	176.0
5.272	0.21	fixation	n/a	375.6	193.1	3209.0	n/a	n/a	n/a	n/a
5.484	0.03	saccade	n/a	376.4	192.0	n/a	455.4	192.1	3.04	176.0
5.516	0.282	fixation	n/a	455.1	187.3	3141.0	n/a	n/a	n/a	n/a
5.8	0.026	saccade	n/a	459.6	186.0	n/a	529.9	191.6	2.72	137.0
5.828	0.094	fixation	n/a	537.7	191.6	2975.0	n/a	n/a	n/a	n/a
5.924	0.018	saccade	n/a	540.8	191.7	n/a	564.9	192.2	0.93	66.0
5.944	0.126	fixation	n/a	563.6	192.5	2913.0	n/a	n/a	n/a	n/a
6.072	0.068	saccade	n/a	563.0	191.4	n/a	126.8	250.0	16.55	504.0
6.142	0.158	fixation	n/a	137.1	254.9	2957.0	n/a	n/a	n/a	n/a
6.302	0.014	saccade	n/a	136.6	258.2	n/a	119.5	257.8	0.63	54.0
6.318	0.242	fixation	n/a	120.4	256.5	2932.0	n/a	n/a	n/a	n/a
6.562	0.026	saccade	n/a	122.7	256.0	n/a	177.3	249.3	2.03	135.0
6.59	0.226	fixation	n/a	175.6	248.6	2887.0	n/a	n/a	n/a	n/a
6.818	0.036	saccade	n/a	174.3	244.0	n/a	302.2	239.3	4.81	279.0
6.856	0.252	fixation	n/a	306.1	242.9	2884.0	n/a	n/a	n/a	n/a
7.11	0.016	saccade	n/a	311.4	242.6	n/a	332.1	242.4	0.79	61.0
7.128	0.152	fixation	n/a	335.9	241.3	2848.0	n/a	n/a	n/a	n/a
7.282	0.026	saccade	n/a	338.7	240.5	n/a	398.1	241.8	2.29	129.0
7.31	0.124	fixation	n/a	397.7	241.9	2835.0	n/a	n/a	n/a	n/a
7.436	0.018	saccade	n/a	395.7	243.2	n/a	372.6	242.6	0.89	66.0
7.456	0.176	fixation	n/a	373.1	240.7	2825.0	n/a	n/a	n/a	n/a
7.634	0.018	saccade	n/a	375.4	241.1	n/a	404.1	238.3	1.11	77.0
7.654	0.126	fixation	n/a	406.7	237.7	2793.0	n/a	n/a	n/a	n/a
7.782	0.024	saccade	n/a	409.9	240.5	n/a	462.0	239.5	2.02	114.0
7.808	0.266	fixation	n/a	465.9	237.2	2760.0	n/a	n/a	n/a	n/a
8.076	0.018	saccade	n/a	468.4	233.4	n/a	493.0	233.1	0.95	67.0
8.096	0.172	fixation	n/a	496.9	234.9	2729.0	n/a	n/a	n/a	n/a
8.27	0.06	saccade	n/a	496.7	235.4	n/a	130.5	294.4	13.98	439.0
8.332	0.31	fixation	n/a	134.5	301.6	2795.0	n/a	n/a	n/a	n/a
8.644	0.024	saccade	n/a	131.4	302.7	n/a	178.8	294.4	1.78	113.0
8.67	0.15	fixation	n/a	177.5	292.4	2798.0	n/a	n/a	n/a	n/a
8.822	0.03	saccade	n/a	176.1	291.3	n/a	119.8	301.2	2.1	137.0
8.854	0.118	fixation	n/a	122.8	305.0	2804.0	n/a	n/a	n/a	n/a
8.974	0.038	saccade	n/a	123.6	307.2	n/a	251.7	294.5	4.79	250.0
9.014	0.144	fixation	n/a	253.1	292.4	2816.0	n/a	n/a	n/a	n/a
9.16	0.024	saccade	n/a	257.5	294.0	n/a	308.7	297.3	1.95	130.0
9.186	0.14	fixation	n/a	307.7	298.5	2808.0	n/a	n/a	n/a	n/a
9.328	0.024	saccade	n/a	310.5	299.4	n/a	361.3	297.5	1.95	117.0
9.354	0.128	fixation	n/a	363.9	297.9	2761.0	n/a	n/a	n/a	n/a
9.484	0.034	saccade	n/a	366.8	296.7	n/a	473.8	290.1	4.14	204.0
9.52	0.232	fixation	n/a	474.7	286.5	2725.0	n/a	n/a	n/a	n/a
9.754	0.03	saccade	n/a	474.9	285.1	n/a	556.5	286.2	3.15	158.0
9.786	0.278	fixation	n/a	558.6	287.5	2710.0	n/a	n/a	n/a	n/a
10.066	0.022	saccade	n/a	560.4	287.6	n/a	594.4	289.7	1.32	79.0
10.09	0.134	fixation	n/a	595.5	288.3	2711.0	n/a	n/a	n/a	n/a
10.226	0.206	saccade	n/a	596.6	288.5	n/a	301.1	241.8	11.45	2098.0
10.276	0.08	blink	n/a	n/a	n/a	n/a	n/a	n/a	n/a	n/a
10.434	0.236	fixation	n/a	300.3	237.3	2772.0	n/a	n/a	n/a	n/a
10.672	0.038	saccade	n/a	296.5	234.8	n/a	159.2	240.1	5.16	278.0
10.712	0.192	fixation	n/a	163.5	241.2	2794.0	n/a	n/a	n/a	n/a
10.906	0.02	saccade	n/a	169.1	239.2	n/a	203.1	240.6	1.27	88.0
10.928	0.176	fixation	n/a	202.4	240.0	2703.0	n/a	n/a	n/a	n/a
11.106	0.03	saccade	n/a	201.2	240.1	n/a	125.1	246.7	2.82	179.0
11.138	0.3	fixation	n/a	125.7	247.4	2741.0	n/a	n/a	n/a	n/a
11.44	0.04	saccade	n/a	128.1	250.6	n/a	278.9	240.5	5.64	197.0
11.482	0.28	fixation	n/a	292.0	240.4	2789.0	n/a	n/a	n/a	n/a
11.764	0.044	saccade	n/a	293.2	239.2	n/a	497.1	205.5	7.92	294.0
11.81	0.056	fixation	n/a	505.5	202.0	2763.0	n/a	n/a	n/a	n/a
11.868	0.028	saccade	n/a	508.2	200.1	n/a	567.9	191.9	2.32	154.0
11.898	0.234	fixation	n/a	563.3	191.0	2759.0	n/a	n/a	n/a	n/a
12.134	0.064	saccade	n/a	562.5	189.1	n/a	151.2	240.6	15.59	468.0
12.2	0.174	fixation	n/a	155.8	245.5	2787.0	n/a	n/a	n/a	n/a
12.376	0.026	saccade	n/a	159.0	247.7	n/a	217.5	244.4	2.18	143.0
12.404	0.162	fixation	n/a	213.1	245.6	2807.0	n/a	n/a	n/a	n/a
12.568	0.036	saccade	n/a	212.6	245.0	n/a	330.9	239.0	4.49	236.0
12.606	0.188	fixation	n/a	332.3	237.1	2850.0	n/a	n/a	n/a	n/a
12.796	0.034	saccade	n/a	331.9	236.1	n/a	428.2	235.9	3.7	219.0
12.832	0.228	fixation	n/a	426.4	237.5	2880.0	n/a	n/a	n/a	n/a
13.062	0.024	saccade	n/a	427.0	236.8	n/a	473.3	239.0	1.79	110.0
13.088	0.22	fixation	n/a	472.2	239.5	2906.0	n/a	n/a	n/a	n/a
13.31	0.068	saccade	n/a	471.8	238.3	n/a	111.3	294.9	13.68	353.0
13.38	0.288	fixation	n/a	123.1	297.5	2925.0	n/a	n/a	n/a	n/a
13.67	0.02	saccade	n/a	124.7	296.8	n/a	135.7	269.4	1.12	78.0
13.692	0.178	fixation	n/a	136.4	267.4	2901.0	n/a	n/a	n/a	n/a
13.872	0.02	saccade	n/a	134.6	270.6	n/a	107.6	292.9	1.3	94.0
13.894	0.104	fixation	n/a	111.6	295.1	2916.0	n/a	n/a	n/a	n/a
14.0	0.026	saccade	n/a	115.1	296.0	n/a	177.9	290.0	2.32	143.0
14.028	0.144	fixation	n/a	178.6	287.9	2960.0	n/a	n/a	n/a	n/a
14.174	0.032	saccade	n/a	180.8	286.4	n/a	265.2	291.8	3.17	164.0
14.208	0.174	fixation	n/a	263.0	292.7	3004.0	n/a	n/a	n/a	n/a
14.384	0.034	saccade	n/a	263.9	291.9	n/a	362.0	298.4	3.74	202.0
14.42	0.202	fixation	n/a	362.9	298.3	2963.0	n/a	n/a	n/a	n/a
14.624	0.026	saccade	n/a	366.0	298.2	n/a	435.2	294.6	2.67	144.0
14.652	0.126	fixation	n/a	442.9	292.8	2900.0	n/a	n/a	n/a	n/a
14.78	0.044	saccade	n/a	442.2	289.9	n/a	222.1	289.3	8.37	340.0
14.826	0.124	fixation	n/a	220.4	284.2	2872.0	n/a	n/a	n/a	n/a
14.952	0.03	saccade	n/a	224.1	280.6	n/a	166.9	223.7	3.05	168.0
14.984	0.296	fixation	n/a	159.2	191.8	2809.0	n/a	n/a	n/a	n/a
15.282	0.046	saccade	n/a	156.6	185.6	n/a	371.3	204.0	8.12	309.0
15.33	0.172	fixation	n/a	374.3	204.3	2728.0	n/a	n/a	n/a	n/a
15.504	0.032	saccade	n/a	376.0	203.2	n/a	470.3	196.2	3.64	175.0
15.538	0.17	fixation	n/a	471.6	195.2	2730.0	n/a	n/a	n/a	n/a
15.71	0.03	saccade	n/a	473.7	193.7	n/a	556.2	193.4	3.18	168.0
15.742	0.202	fixation	n/a	558.1	193.4	2692.0	n/a	n/a	n/a	n/a
15.946	0.04	saccade	n/a	556.4	195.6	n/a	486.0	303.7	5.04	176.0
15.988	0.39	fixation	n/a	475.9	303.9	2709.0	n/a	n/a	n/a	n/a
16.38	0.034	saccade	n/a	476.7	298.1	n/a	364.2	288.9	4.35	233.0
16.416	0.226	fixation	n/a	363.4	286.3	2672.0	n/a	n/a	n/a	n/a
16.644	0.042	saccade	n/a	363.8	287.4	n/a	557.3	286.4	7.46	306.0
16.688	0.158	fixation	n/a	562.1	282.7	2638.0	n/a	n/a	n/a	n/a
16.848	0.018	saccade	n/a	563.1	280.5	n/a	590.1	281.1	1.04	72.0
16.868	0.28	fixation	n/a	592.6	277.9	2648.0	n/a	n/a	n/a	n/a
16.952	0.0	trigger_11	11	n/a	n/a	n/a	n/a	n/a	n/a	n/a
17.056	0.0	trigger_10	10	n/a	n/a	n/a	n/a	n/a	n/a	n/a
17.15	0.078	saccade	n/a	592.0	276.0	n/a	176.1	219.4	15.85	381.0
17.23	0.09	fixation	n/a	182.7	211.6	2641.0	n/a	n/a	n/a	n/a
17.322	0.022	saccade	n/a	183.3	198.2	n/a	154.6	166.9	1.6	97.0
17.346	0.334	fixation	n/a	155.0	165.1	2574.0	n/a	n/a	n/a	n/a
17.682	0.022	saccade	n/a	157.7	163.8	n/a	200.6	172.4	1.62	103.0
17.706	0.15	fixation	n/a	201.4	173.8	2551.0	n/a	n/a	n/a	n/a
17.858	0.024	saccade	n/a	203.8	177.2	n/a	260.2	189.9	2.17	125.0
17.884	0.154	fixation	n/a	267.7	190.7	2580.0	n/a	n/a	n/a	n/a
18.04	0.024	saccade	n/a	265.2	192.0	n/a	217.4	188.5	1.8	114.0
18.066	0.218	fixation	n/a	219.5	188.2	2600.0	n/a	n/a	n/a	n/a
18.286	0.02	saccade	n/a	220.9	187.7	n/a	254.6	193.3	1.28	85.0
18.308	0.276	fixation	n/a	252.9	196.2	2636.0	n/a	n/a	n/a	n/a
18.586	0.016	saccade	n/a	249.4	198.8	n/a	229.3	192.5	0.79	61.0
18.604	0.43	fixation	n/a	228.3	189.6	2644.0	n/a	n/a	n/a	n/a
19.036	0.028	saccade	n/a	230.7	189.0	n/a	286.0	193.0	2.09	90.0
19.066	0.186	fixation	n/a	290.0	194.5	2655.0	n/a	n/a	n/a	n/a
19.254	0.026	saccade	n/a	292.7	192.7	n/a	360.0	194.4	2.56	127.0
19.282	0.36	fixation	n/a	360.2	195.5	2640.0	n/a	n/a	n/a	n/a
19.644	0.03	saccade	n/a	358.4	191.4	n/a	453.8	190.5	3.66	168.0
19.676	0.058	fixation	n/a	464.8	189.8	2609.0	n/a	n/a	n/a	n/a
19.736	0.022	saccade	n/a	469.2	187.8	n/a	507.8	190.0	1.49	93.0
19.76	0.23	fixation	n/a	506.1	190.4	2601.0	n/a	n/a	n/a	n/a
19.992	0.02	saccade	n/a	509.9	192.8	n/a	538.4	189.6	1.11	69.0
20.014	0.068	fixation	n/a	539.4	189.0	2581.0	n/a	n/a	n/a	n/a
20.084	0.066	saccade	n/a	539.6	190.0	n/a	145.1	238.1	14.95	418.0
20.152	0.252	fixation	n/a	159.1	239.3	2593.0	n/a	n/a	n/a	n/a
20.406	0.022	saccade	n/a	162.0	238.2	n/a	208.4	242.0	1.73	112.0
20.43	0.378	fixation	n/a	207.2	241.5	2572.0	n/a	n/a	n/a	n/a
20.81	0.032	saccade	n/a	206.0	243.5	n/a	124.3	281.3	3.34	190.0
20.844	0.254	fixation	n/a	122.9	284.5	2628.0	n/a	n/a	n/a	n/a
21.1	0.048	saccade	n/a	124.0	286.4	n/a	361.0	233.8	9.09	330.0
21.15	0.256	fixation	n/a	369.0	232.1	2654.0	n/a	n/a	n/a	n/a
21.408	0.03	saccade	n/a	373.2	233.7	n/a	471.2	231.6	3.78	188.0
21.44	0.062	fixation	n/a	475.1	230.1	2638.0	n/a	n/a	n/a	n/a
21.504	0.032	saccade	n/a	476.7	230.5	n/a	558.5	231.6	3.15	182.0
21.538	0.15	fixation	n/a	559.2	230.5	2648.0	n/a	n/a	n/a	n/a
21.69	0.022	saccade	n/a	561.8	229.7	n/a	600.4	229.9	1.48	98.0
21.714	0.204	fixation	n/a	597.8	232.3	2689.0	n/a	n/a	n/a	n/a
21.92	0.066	saccade	n/a	596.8	236.7	n/a	125.2	287.1	17.8	501.0
21.988	0.188	fixation	n/a	130.2	288.0	2797.0	n/a	n/a	n/a	n/a
22.178	0.014	saccade	n/a	128.9	291.0	n/a	110.8	295.6	0.68	58.0
22.194	0.32	fixation	n/a	111.0	298.9	2831.0	n/a	n/a	n/a	n/a
22.516	0.018	saccade	n/a	110.8	301.7	n/a	133.1	296.8	0.83	60.0
22.536	1.624	fixation	n/a	117.1	304.9	3049.0	n/a	n/a	n/a	n/a
24.162	0.024	saccade	n/a	106.7	310.0	n/a	99.5	260.3	1.91	109.0
24.188	0.158	fixation	n/a	107.1	255.1	3118.0	n/a	n/a	n/a	n/a
24.348	0.024	saccade	n/a	101.0	251.3	n/a	93.5	214.5	1.42	81.0
24.374	0.198	fixation	n/a	106.0	199.6	3106.0	n/a	n/a	n/a	n/a
24.574	0.032	saccade	n/a	109.7	199.6	n/a	199.8	203.7	3.32	178.0
24.608	0.206	fixation	n/a	199.7	200.2	3045.0	n/a	n/a	n/a	n/a
24.816	0.024	saccade	n/a	203.1	201.3	n/a	255.3	207.0	1.96	114.0
24.842	0.108	fixation	n/a	256.4	206.1	3033.0	n/a	n/a	n/a	n/a
24.952	0.028	saccade	n/a	254.1	205.9	n/a	193.6	199.4	2.28	151.0
24.982	0.252	fixation	n/a	193.8	200.7	3022.0	n/a	n/a	n/a	n/a
25.236	0.028	saccade	n/a	194.3	201.6	n/a	268.3	207.5	2.78	146.0
25.266	0.14	fixation	n/a	270.7	206.2	3025.0	n/a	n/a	n/a	n/a
25.408	0.028	saccade	n/a	272.7	206.2	n/a	349.2	206.6	2.9	173.0
25.438	0.3	fixation	n/a	348.0	206.5	3011.0	n/a	n/a	n/a	n/a
25.74	0.032	saccade	n/a	345.6	206.2	n/a	436.6	202.8	3.49	187.0
25.774	0.158	fixation	n/a	437.3	204.0	2983.0	n/a	n/a	n/a	n/a
25.934	0.022	saccade	n/a	440.1	205.2	n/a	478.6	204.3	1.49	92.0
25.958	0.248	fixation	n/a	481.5	200.4	2929.0	n/a	n/a	n/a	n/a
26.208	0.03	saccade	n/a	479.3	196.9	n/a	404.8	196.7	2.87	160.0
26.24	0.18	fixation	n/a	406.5	197.6	2873.0	n/a	n/a	n/a	n/a
26.422	0.026	saccade	n/a	403.5	197.0	n/a	348.2	199.0	2.12	104.0
26.45	0.06	fixation	n/a	324.8	202.3	2863.0	n/a	n/a	n/a	n/a
26.512	0.174	saccade	n/a	302.8	213.7	n/a	150.9	260.5	5.96	1945.0
26.58	0.028	blink	n/a	n/a	n/a	n/a	n/a	n/a	n/a	n/a
26.688	0.168	fixation	n/a	151.8	231.3	2836.0	n/a	n/a	n/a	n/a
26.858	0.022	saccade	n/a	149.1	226.3	n/a	119.0	249.5	1.41	93.0
26.882	0.188	fixation	n/a	121.8	253.2	2878.0	n/a	n/a	n/a	n/a
27.072	0.028	saccade	n/a	126.3	255.8	n/a	202.2	249.0	2.82	171.0
27.102	0.154	fixation	n/a	202.3	246.3	2796.0	n/a	n/a	n/a	n/a
27.258	0.034	saccade	n/a	202.9	243.2	n/a	316.8	243.0	4.3	256.0
27.294	0.22	fixation	n/a	315.0	239.8	2762.0	n/a	n/a	n/a	n/a
27.516	0.022	saccade	n/a	316.7	239.7	n/a	357.3	236.4	1.56	100.0
27.54	0.12	fixation	n/a	358.3	234.2	2730.0	n/a	n/a	n/a	n/a
27.662	0.032	saccade	n/a	359.4	232.6	n/a	446.6	230.8	3.35	167.0
27.696	0.264	fixation	n/a	448.3	229.3	2715.0	n/a	n/a	n/a	n/a
27.962	0.02	saccade	n/a	450.0	228.5	n/a	483.1	230.7	1.28	84.0
27.984	0.18	fixation	n/a	485.4	230.7	2685.0	n/a	n/a	n/a	n/a
28.166	0.03	saccade	n/a	487.0	228.8	n/a	561.7	227.6	2.88	153.0
28.198	0.198	fixation	n/a	562.9	226.9	2666.0	n/a	n/a	n/a	n/a
28.398	0.02	saccade	n/a	564.9	227.1	n/a	595.8	228.1	1.19	76.0
28.42	0.166	fixation	n/a	595.9	231.4	2647.0	n/a	n/a	n/a	n/a
28.588	0.072	saccade	n/a	594.5	231.9	n/a	130.8	274.9	17.48	383.0
28.662	0.136	fixation	n/a	132.8	280.3	2677.0	n/a	n/a	n/a	n/a
28.8	0.016	saccade	n/a	131.8	280.7	n/a	109.2	286.4	0.85	65.0
28.818	0.47	fixation	n/a	107.9	294.5	2646.0	n/a	n/a	n/a	n/a
29.29	0.058	saccade	n/a	105.1	288.0	n/a	106.9	179.2	4.11	101.0
29.35	0.582	fixation	n/a	119.7	171.8	2651.0	n/a	n/a	n/a	n/a
29.624	0.0	trigger_11	11	n/a	n/a	n/a	n/a	n/a	n/a	n/a
29.73	0.0	trigger_10	10	n/a	n/a	n/a	n/a	n/a	n/a	n/a
29.934	0.02	saccade	n/a	120.6	171.1	n/a	150.3	176.0	1.1	70.0
29.956	0.096	fixation	n/a	152.8	173.5	2655.0	n/a	n/a	n/a	n/a
30.054	0.026	saccade	n/a	156.3	173.8	n/a	219.1	185.7	2.37	119.0
30.082	0.272	fixation	n/a	226.7	188.1	2670.0	n/a	n/a	n/a	n/a
30.356	0.022	saccade	n/a	229.6	190.9	n/a	269.6	191.3	1.5	92.0
30.38	0.228	fixation	n/a	273.9	193.1	2726.0	n/a	n/a	n/a	n/a
30.61	0.024	saccade	n/a	276.0	197.1	n/a	325.6	201.7	1.89	118.0
30.636	0.132	fixation	n/a	325.8	200.5	2776.0	n/a	n/a	n/a	n/a
30.77	0.042	saccade	n/a	324.9	197.0	n/a	172.6	181.8	5.74	286.0
30.814	0.268	fixation	n/a	176.7	186.0	2785.0	n/a	n/a	n/a	n/a
31.084	0.026	saccade	n/a	177.7	188.1	n/a	231.0	200.9	2.05	111.0
31.112	0.206	fixation	n/a	231.4	201.5	2835.0	n/a	n/a	n/a	n/a
31.32	0.03	saccade	n/a	228.2	201.0	n/a	152.3	193.6	2.83	188.0
31.352	0.182	fixation	n/a	157.8	196.3	2911.0	n/a	n/a	n/a	n/a
31.536	0.036	saccade	n/a	157.0	196.4	n/a	268.9	215.2	4.23	217.0
31.574	0.532	fixation	n/a	268.5	212.4	2908.0	n/a	n/a	n/a	n/a
32.108	0.03	saccade	n/a	271.1	211.0	n/a	348.8	210.1	2.95	188.0
32.14	0.336	fixation	n/a	344.8	210.5	2918.0	n/a	n/a	n/a	n/a
32.478	0.024	saccade	n/a	345.1	209.4	n/a	388.8	208.1	1.67	97.0
32.504	0.148	fixation	n/a	391.0	207.1	2961.0	n/a	n/a	n/a	n/a
32.654	0.024	saccade	n/a	394.0	206.1	n/a	446.4	204.1	2.01	112.0
32.68	0.198	fixation	n/a	450.4	203.4	2930.0	n/a	n/a	n/a	n/a
32.88	0.018	saccade	n/a	447.1	203.0	n/a	419.3	202.1	1.07	77.0
32.9	0.304	fixation	n/a	415.7	198.9	2981.0	n/a	n/a	n/a	n/a
33.206	0.032	saccade	n/a	413.5	197.5	n/a	498.5	202.4	3.26	162.0
33.24	0.07	fixation	n/a	498.2	203.6	3020.0	n/a	n/a	n/a	n/a
33.312	0.026	saccade	n/a	500.6	203.6	n/a	560.3	206.9	2.29	143.0
33.34	0.124	fixation	n/a	557.5	207.3	3059.0	n/a	n/a	n/a	n/a
33.466	0.022	saccade	n/a	559.7	209.5	n/a	600.7	211.0	1.57	95.0
33.49	0.258	fixation	n/a	602.8	208.2	3106.0	n/a	n/a	n/a	n/a
33.75	0.068	saccade	n/a	604.4	208.1	n/a	122.8	252.6	17.95	514.0
33.82	0.422	fixation	n/a	141.5	259.2	3169.0	n/a	n/a	n/a	n/a
34.244	0.024	saccade	n/a	152.9	259.3	n/a	207.8	259.5	2.02	119.0
34.27	0.166	fixation	n/a	210.9	259.0	3171.0	n/a	n/a	n/a	n/a
34.438	0.03	saccade	n/a	213.0	258.5	n/a	288.8	246.3	2.88	155.0
34.47	0.254	fixation	n/a	286.7	246.9	3194.0	n/a	n/a	n/a	n/a
34.726	0.02	saccade	n/a	289.7	247.4	n/a	322.3	249.2	1.24	81.0
34.748	0.136	fixation	n/a	322.5	246.9	3195.0	n/a	n/a	n/a	n/a
34.886	0.018	saccade	n/a	320.0	245.3	n/a	296.9	243.5	0.88	65.0
34.906	0.548	fixation	n/a	299.5	242.3	3303.0	n/a	n/a	n/a	n/a
35.456	0.026	saccade	n/a	295.1	239.9	n/a	343.7	243.1	1.85	122.0
35.484	0.348	fixation	n/a	340.6	242.9	3390.0	n/a	n/a	n/a	n/a
35.834	0.022	saccade	n/a	342.7	243.3	n/a	390.4	246.4	1.82	113.0
35.858	0.09	fixation	n/a	391.7	246.0	3371.0	n/a	n/a	n/a	n/a
35.95	0.042	saccade	n/a	392.0	246.0	n/a	550.5	210.5	6.23	242.0
35.994	0.132	fixation	n/a	554.1	210.5	3320.0	n/a	n/a	n/a	n/a
36.128	0.022	saccade	n/a	557.9	210.0	n/a	606.9	210.8	1.87	117.0
36.152	0.412	fixation	n/a	607.8	209.1	3262.0	n/a	n/a	n/a	n/a
36.566	0.068	saccade	n/a	608.9	208.6	n/a	126.8	266.0	18.09	514.0
36.636	0.314	fixation	n/a	136.0	261.3	3187.0	n/a	n/a	n/a	n/a
36.952	0.026	saccade	n/a	132.7	255.4	n/a	126.8	199.5	2.12	105.0
36.98	0.364	fixation	n/a	134.0	195.5	3100.0	n/a	n/a	n/a	n/a
36.984	0.0	trigger_11	11	n/a	n/a	n/a	n/a	n/a	n/a	n/a
37.092	0.0	trigger_12	12	n/a	n/a	n/a	n/a	n/a	n/a	n/a
37.346	0.032	saccade	n/a	134.6	200.6	n/a	228.7	207.7	3.48	207.0
37.38	0.35	fixation	n/a	221.0	212.5	3241.0	n/a	n/a	n/a	n/a
37.732	0.036	saccade	n/a	216.3	213.7	n/a	342.2	207.7	4.74	284.0
37.77	0.166	fixation	n/a	341.5	210.4	3185.0	n/a	n/a	n/a	n/a
37.938	0.034	saccade	n/a	342.5	210.6	n/a	248.0	216.4	3.57	229.0
37.974	0.158	fixation	n/a	247.5	217.2	3167.0	n/a	n/a	n/a	n/a
38.134	0.046	saccade	n/a	247.4	217.0	n/a	480.6	208.1	8.84	324.0
38.182	0.162	fixation	n/a	490.5	209.5	3181.0	n/a	n/a	n/a	n/a
38.346	0.024	saccade	n/a	492.2	211.8	n/a	535.5	212.4	1.67	116.0
38.372	0.152	fixation	n/a	530.8	212.2	3229.0	n/a	n/a	n/a	n/a
38.526	0.03	saccade	n/a	528.8	212.6	n/a	457.6	208.9	2.74	179.0
38.558	0.104	fixation	n/a	459.2	206.9	3191.0	n/a	n/a	n/a	n/a
38.664	0.032	saccade	n/a	459.4	207.2	n/a	374.2	207.0	3.26	227.0
38.698	0.222	fixation	n/a	376.5	208.1	3130.0	n/a	n/a	n/a	n/a
38.922	0.042	saccade	n/a	377.7	211.2	n/a	550.7	212.9	6.63	308.0
38.966	0.318	fixation	n/a	553.1	208.3	3155.0	n/a	n/a	n/a	n/a
39.286	0.062	saccade	n/a	554.6	205.8	n/a	125.9	256.7	16.12	454.0
39.35	0.276	fixation	n/a	125.2	261.9	3088.0	n/a	n/a	n/a	n/a
39.628	0.018	saccade	n/a	130.1	263.1	n/a	104.1	261.1	0.95	77.0
39.648	0.194	fixation	n/a	108.6	258.4	2954.0	n/a	n/a	n/a	n/a
39.844	0.024	saccade	n/a	112.0	258.1	n/a	162.4	255.2	1.84	108.0
39.87	0.46	fixation	n/a	170.6	251.5	2786.0	n/a	n/a	n/a	n/a
40.332	0.028	saccade	n/a	181.7	247.0	n/a	119.7	211.0	2.66	158.0
40.362	0.422	fixation	n/a	119.7	189.3	2675.0	n/a	n/a	n/a	n/a
40.496	0.0	trigger_13	13	n/a	n/a	n/a	n/a	n/a	n/a	n/a
40.786	0.022	saccade	n/a	123.4	186.4	n/a	173.2	188.8	1.83	110.0
40.81	0.07	fixation	n/a	175.8	188.8	2617.0	n/a	n/a	n/a	n/a
40.882	0.026	saccade	n/a	177.7	190.1	n/a	229.8	200.3	1.98	138.0
40.91	0.214	fixation	n/a	224.6	199.1	2674.0	n/a	n/a	n/a	n/a
41.126	0.032	saccade	n/a	223.3	202.7	n/a	146.4	246.3	3.29	196.0
41.16	0.448	fixation	n/a	142.6	249.7	2949.0	n/a	n/a	n/a	n/a
41.61	0.024	saccade	n/a	137.3	253.5	n/a	99.8	263.2	1.41	104.0
41.636	0.282	fixation	n/a	103.4	265.6	3201.0	n/a	n/a	n/a	n/a
41.92	0.024	saccade	n/a	102.1	264.8	n/a	108.2	220.9	1.67	107.0
41.946	0.34	fixation	n/a	114.1	225.4	3353.0	n/a	n/a	n/a	n/a
42.288	0.024	saccade	n/a	115.9	226.2	n/a	163.7	220.3	1.76	104.0
42.314	0.14	fixation	n/a	164.2	219.5	3404.0	n/a	n/a	n/a	n/a
42.456	0.024	saccade	n/a	167.5	220.8	n/a	215.8	229.5	1.82	115.0
42.482	0.204	fixation	n/a	215.4	230.5	3438.0	n/a	n/a	n/a	n/a
42.688	0.032	saccade	n/a	215.6	230.8	n/a	134.1	260.5	3.21	192.0
42.722	0.256	fixation	n/a	139.5	265.2	3466.0	n/a	n/a	n/a	n/a
42.98	0.02	saccade	n/a	138.9	271.8	n/a	130.0	309.8	1.48	101.0
43.002	0.674	fixation	n/a	125.4	305.2	3518.0	n/a	n/a	n/a	n/a
43.678	0.122	saccade	n/a	125.4	288.7	n/a	133.1	303.2	0.62	456.0
43.802	0.496	fixation	n/a	126.6	289.4	3566.0	n/a	n/a	n/a	n/a
44.3	0.02	saccade	n/a	128.6	281.3	n/a	128.1	306.8	0.97	63.0
44.322	0.47	fixation	n/a	131.3	307.9	3455.0	n/a	n/a	n/a	n/a
44.794	0.026	saccade	n/a	131.5	312.3	n/a	134.6	370.6	2.22	127.0
44.822	0.518	fixation	n/a	136.0	374.8	3653.0	n/a	n/a	n/a	n/a
45.342	0.028	saccade	n/a	137.8	378.8	n/a	123.5	447.3	2.63	148.0
45.372	0.172	fixation	n/a	126.6	447.6	3654.0	n/a	n/a	n/a	n/a
45.546	0.024	saccade	n/a	129.7	449.9	n/a	180.5	449.3	1.85	108.0
45.572	0.218	fixation	n/a	185.0	449.6	3674.0	n/a	n/a	n/a	n/a
45.792	0.03	saccade	n/a	187.4	452.1	n/a	271.4	454.1	3.12	187.0
45.824	0.208	fixation	n/a	270.3	454.4	3560.0	n/a	n/a	n/a	n/a
46.034	0.04	saccade	n/a	270.8	454.6	n/a	433.5	449.0	6.14	273.0
46.076	0.138	fixation	n/a	435.7	447.8	3382.0	n/a	n/a	n/a	n/a
46.216	0.054	saccade	n/a	435.4	443.8	n/a	131.5	286.7	12.83	467.0
46.272	0.174	fixation	n/a	142.8	281.2	3262.0	n/a	n/a	n/a	n/a
46.306	0.0	trigger_15	15	n/a	n/a	n/a	n/a	n/a	n/a	n/a
46.362	0.0	trigger_10	10	n/a	n/a	n/a	n/a	n/a	n/a	n/a
46.448	0.028	saccade	n/a	142.6	279.4	n/a	111.0	224.0	2.4	139.0
46.478	0.118	fixation	n/a	114.4	219.7	3135.0	n/a	n/a	n/a	n/a
46.598	0.018	saccade	n/a	118.0	214.0	n/a	139.5	204.6	0.86	58.0
46.618	0.116	fixation	n/a	142.8	202.4	3107.0	n/a	n/a	n/a	n/a
46.736	0.03	saccade	n/a	144.3	201.5	n/a	229.7	211.5	3.19	164.0
46.768	0.178	fixation	n/a	228.9	208.1	3116.0	n/a	n/a	n/a	n/a
46.948	0.018	saccade	n/a	228.9	209.2	n/a	200.8	207.8	1.05	76.0
46.968	0.22	fixation	n/a	203.3	205.1	3111.0	n/a	n/a	n/a	n/a
47.19	0.038	saccade	n/a	205.8	204.2	n/a	317.3	210.6	4.2	172.0
47.23	0.19	fixation	n/a	318.6	209.5	3132.0	n/a	n/a	n/a	n/a
47.422	0.022	saccade	n/a	320.8	209.2	n/a	359.2	210.1	1.46	93.0
47.446	0.12	fixation	n/a	360.5	211.5	3150.0	n/a	n/a	n/a	n/a
47.568	0.024	saccade	n/a	362.7	209.9	n/a	418.5	205.5	2.15	125.0
47.594	0.13	fixation	n/a	420.9	203.2	3142.0	n/a	n/a	n/a	n/a
47.726	0.024	saccade	n/a	422.7	202.7	n/a	472.5	201.8	1.91	103.0
47.752	0.086	fixation	n/a	475.2	200.3	3128.0	n/a	n/a	n/a	n/a
47.84	0.024	saccade	n/a	477.4	201.5	n/a	529.5	204.4	2.01	112.0
47.866	0.18	fixation	n/a	530.8	201.4	3110.0	n/a	n/a	n/a	n/a
48.048	0.03	saccade	n/a	528.9	201.2	n/a	456.3	200.7	2.79	178.0
48.08	0.158	fixation	n/a	459.5	202.3	3113.0	n/a	n/a	n/a	n/a
48.24	0.148	saccade	n/a	468.6	208.1	n/a	516.9	213.0	1.87	2674.0
48.288	0.022	blink	n/a	n/a	n/a	n/a	n/a	n/a	n/a	n/a
48.39	0.034	fixation	n/a	516.1	205.4	2986.0	n/a	n/a	n/a	n/a
48.426	0.024	saccade	n/a	516.8	201.9	n/a	564.5	200.6	1.83	116.0
48.452	0.202	fixation	n/a	560.4	191.6	3042.0	n/a	n/a	n/a	n/a
48.656	0.066	saccade	n/a	560.0	193.5	n/a	114.9	243.7	16.72	468.0
48.724	0.268	fixation	n/a	124.3	253.1	3066.0	n/a	n/a	n/a	n/a
48.994	0.034	saccade	n/a	125.0	254.1	n/a	227.2	244.4	3.78	234.0
49.03	0.336	fixation	n/a	225.4	251.3	3082.0	n/a	n/a	n/a	n/a
49.368	0.03	saccade	n/a	222.1	254.9	n/a	283.3	251.0	2.31	170.0
49.4	0.286	fixation	n/a	281.8	253.8	3228.0	n/a	n/a	n/a	n/a
49.688	0.196	saccade	n/a	287.6	256.5	n/a	336.0	266.4	1.88	3260.0
49.764	0.062	blink	n/a	n/a	n/a	n/a	n/a	n/a	n/a	n/a
49.886	0.206	fixation	n/a	336.8	269.8	3247.0	n/a	n/a	n/a	n/a
50.094	0.034	saccade	n/a	336.6	269.4	n/a	244.0	231.9	3.78	222.0
50.13	0.156	fixation	n/a	244.4	233.0	3321.0	n/a	n/a	n/a	n/a
50.288	0.02	saccade	n/a	241.5	233.4	n/a	206.9	226.4	1.32	92.0
50.31	0.064	fixation	n/a	208.9	226.0	3254.0	n/a	n/a	n/a	n/a
50.376	0.03	saccade	n/a	210.0	225.7	n/a	283.2	226.8	2.74	170.0
50.408	0.078	fixation	n/a	282.7	226.9	3235.0	n/a	n/a	n/a	n/a
50.488	0.032	saccade	n/a	284.2	226.0	n/a	372.8	226.4	3.36	192.0
50.522	0.24	fixation	n/a	373.6	226.1	3302.0	n/a	n/a	n/a	n/a
50.764	0.032	saccade	n/a	374.3	223.9	n/a	456.7	219.9	3.16	185.0
50.798	0.232	fixation	n/a	457.2	221.2	3345.0	n/a	n/a	n/a	n/a
51.032	0.04	saccade	n/a	458.6	220.4	n/a	282.0	230.6	6.73	349.0
51.074	0.268	fixation	n/a	284.0	232.5	3359.0	n/a	n/a	n/a	n/a
51.344	0.03	saccade	n/a	283.2	235.6	n/a	220.3	233.9	2.36	167.0
51.376	0.29	fixation	n/a	219.9	236.8	3405.0	n/a	n/a	n/a	n/a
51.668	0.026	saccade	n/a	218.6	239.5	n/a	176.4	234.5	1.58	114.0
51.696	0.174	fixation	n/a	181.6	234.2	3470.0	n/a	n/a	n/a	n/a
51.872	0.036	saccade	n/a	181.2	233.5	n/a	270.6	265.3	3.56	228.0
51.91	0.252	fixation	n/a	269.3	264.8	3527.0	n/a	n/a	n/a	n/a
52.164	0.03	saccade	n/a	271.3	263.7	n/a	349.4	270.8	2.98	174.0
52.196	0.188	fixation	n/a	350.1	268.5	3438.0	n/a	n/a	n/a	n/a
52.386	0.026	saccade	n/a	354.2	265.4	n/a	413.5	260.0	2.28	138.0
52.414	0.348	fixation	n/a	413.3	259.3	3276.0	n/a	n/a	n/a	n/a
52.764	0.022	saccade	n/a	418.7	258.6	n/a	458.5	258.4	1.53	92.0
52.788	0.042	fixation	n/a	460.7	256.4	3182.0	n/a	n/a	n/a	n/a
52.832	0.024	saccade	n/a	462.6	253.3	n/a	521.1	253.1	2.25	126.0
52.858	0.166	fixation	n/a	519.6	253.3	3167.0	n/a	n/a	n/a	n/a
53.026	0.024	saccade	n/a	521.2	252.3	n/a	579.6	248.0	2.25	128.0
53.052	0.114	fixation	n/a	579.2	250.3	3173.0	n/a	n/a	n/a	n/a
53.168	0.068	saccade	n/a	578.1	252.1	n/a	130.1	300.2	16.85	398.0
53.238	0.176	fixation	n/a	143.0	303.4	3200.0	n/a	n/a	n/a	n/a
53.416	0.018	saccade	n/a	142.9	303.8	n/a	116.4	308.7	0.98	76.0
53.436	0.13	fixation	n/a	120.4	307.3	3119.0	n/a	n/a	n/a	n/a
53.568	0.034	saccade	n/a	120.2	304.0	n/a	230.0	295.6	4.06	234.0
53.604	0.158	fixation	n/a	227.5	293.0	3043.0	n/a	n/a	n/a	n/a
53.764	0.034	saccade	n/a	225.7	289.3	n/a	323.9	293.5	3.7	218.0
53.8	0.232	fixation	n/a	324.7	293.7	2986.0	n/a	n/a	n/a	n/a
54.034	0.034	saccade	n/a	326.7	291.9	n/a	430.2	290.8	3.95	218.0
54.07	0.136	fixation	n/a	431.9	291.7	2909.0	n/a	n/a	n/a	n/a
54.208	0.024	saccade	n/a	433.3	292.4	n/a	478.0	293.5	1.72	99.0
54.234	0.152	fixation	n/a	478.0	291.2	2915.0	n/a	n/a	n/a	n/a
54.388	0.036	saccade	n/a	479.5	291.7	n/a	573.7	289.4	3.62	175.0
54.426	0.154	fixation	n/a	573.0	287.6	2926.0	n/a	n/a	n/a	n/a
54.582	0.068	saccade	n/a	573.6	286.3	n/a	107.1	338.6	17.46	473.0
54.652	0.106	fixation	n/a	119.5	344.4	3002.0	n/a	n/a	n/a	n/a
54.76	0.126	saccade	n/a	122.8	344.5	n/a	107.9	338.1	0.59	876.0
54.888	0.514	fixation	n/a	106.0	351.2	3022.0	n/a	n/a	n/a	n/a
55.404	0.022	saccade	n/a	104.3	358.8	n/a	144.4	357.3	1.46	106.0
55.428	0.14	fixation	n/a	139.6	355.2	3039.0	n/a	n/a	n/a	n/a
55.57	0.024	saccade	n/a	143.4	354.6	n/a	181.5	303.5	2.4	142.0
55.596	0.146	fixation	n/a	185.3	301.9	3082.0	n/a	n/a	n/a	n/a
55.744	0.026	saccade	n/a	187.3	301.1	n/a	255.1	295.1	2.54	140.0
55.772	0.026	fixation	n/a	258.9	294.5	3114.0	n/a	n/a	n/a	n/a
55.8	0.032	saccade	n/a	258.9	293.9	n/a	344.3	299.1	3.24	221.0
55.834	0.17	fixation	n/a	344.2	300.6	3122.0	n/a	n/a	n/a	n/a
56.006	0.034	saccade	n/a	346.2	302.2	n/a	446.0	300.2	3.82	210.0
56.042	0.37	fixation	n/a	447.6	300.3	3118.0	n/a	n/a	n/a	n/a
56.414	0.044	saccade	n/a	449.0	299.4	n/a	221.7	273.3	8.65	370.0
56.46	0.332	fixation	n/a	228.9	275.9	3096.0	n/a	n/a	n/a	n/a
56.794	0.03	saccade	n/a	233.7	275.9	n/a	312.9	261.4	3.04	175.0
56.826	0.204	fixation	n/a	317.8	259.5	3046.0	n/a	n/a	n/a	n/a
57.032	0.044	saccade	n/a	319.9	257.2	n/a	515.4	298.7	7.65	322.0
57.078	0.184	fixation	n/a	523.0	295.2	3045.0	n/a	n/a	n/a	n/a
57.264	0.072	saccade	n/a	524.1	293.6	n/a	108.4	355.7	15.69	469.0
57.338	0.45	fixation	n/a	113.5	354.6	2955.0	n/a	n/a	n/a	n/a
57.79	0.04	saccade	n/a	109.9	353.3	n/a	114.0	252.6	3.81	115.0
57.832	0.32	fixation	n/a	121.7	208.3	2875.0	n/a	n/a	n/a	n/a
58.154	0.038	saccade	n/a	122.0	193.2	n/a	231.8	257.1	4.69	219.0
58.194	0.55	fixation	n/a	231.1	262.6	2950.0	n/a	n/a	n/a	n/a
58.466	0.0	trigger_11	11	n/a	n/a	n/a	n/a	n/a	n/a	n/a
58.572	0.0	trigger_10	10	n/a	n/a	n/a	n/a	n/a	n/a	n/a
58.746	0.034	saccade	n/a	229.0	265.1	n/a	146.9	236.9	3.2	190.0
58.782	0.068	fixation	n/a	152.1	241.4	3078.0	n/a	n/a	n/a	n/a
58.852	0.026	saccade	n/a	152.2	241.7	n/a	122.4	205.1	1.75	133.0
58.88	0.198	fixation	n/a	127.0	204.3	3097.0	n/a	n/a	n/a	n/a
59.08	0.024	saccade	n/a	132.4	205.2	n/a	196.6	210.2	2.36	139.0
59.106	0.222	fixation	n/a	200.3	211.2	3029.0	n/a	n/a	n/a	n/a
59.33	0.022	saccade	n/a	197.6	211.8	n/a	150.7	209.6	1.73	111.0
59.354	0.198	fixation	n/a	153.8	209.0	3060.0	n/a	n/a	n/a	n/a
59.554	0.024	saccade	n/a	154.7	208.8	n/a	117.6	209.3	1.35	110.0
59.58	0.214	fixation	n/a	120.3	211.4	3144.0	n/a	n/a	n/a	n/a
59.796	0.018	saccade	n/a	125.1	217.5	n/a	150.5	216.5	0.93	63.0
59.816	0.148	fixation	n/a	152.4	219.2	3252.0	n/a	n/a	n/a	n/a
59.966	0.02	saccade	n/a	155.3	221.9	n/a	191.3	220.9	1.33	90.0
59.988	0.218	fixation	n/a	186.5	219.0	3291.0	n/a	n/a	n/a	n/a
60.208	0.016	saccade	n/a	182.5	216.0	n/a	164.1	214.4	0.68	54.0
60.226	0.036	fixation	n/a	165.7	214.5	3257.0	n/a	n/a	n/a	n/a
60.264	0.026	saccade	n/a	165.1	213.8	n/a	114.2	205.7	1.88	139.0
60.292	0.122	fixation	n/a	120.8	206.2	3210.0	n/a	n/a	n/a	n/a
60.416	0.04	saccade	n/a	121.8	207.4	n/a	246.6	221.3	4.63	197.0
60.458	0.254	fixation	n/a	242.4	222.8	3227.0	n/a	n/a	n/a	n/a
60.714	0.022	saccade	n/a	244.1	223.6	n/a	285.7	228.4	1.57	97.0
60.738	0.062	fixation	n/a	286.7	228.5	3234.0	n/a	n/a	n/a	n/a
60.802	0.028	saccade	n/a	288.6	227.7	n/a	349.7	219.3	2.34	150.0
60.832	0.16	fixation	n/a	349.8	217.9	3167.0	n/a	n/a	n/a	n/a
60.994	0.03	saccade	n/a	352.9	216.6	n/a	426.9	213.4	2.83	155.0
61.026	0.15	fixation	n/a	425.7	209.9	3122.0	n/a	n/a	n/a	n/a
61.178	0.032	saccade	n/a	427.3	209.1	n/a	522.0	210.5	3.63	186.0
61.212	0.396	fixation	n/a	522.9	207.2	3029.0	n/a	n/a	n/a	n/a
61.61	0.064	saccade	n/a	523.3	204.3	n/a	144.4	264.4	14.35	397.0
61.676	0.154	fixation	n/a	151.7	265.4	3006.0	n/a	n/a	n/a	n/a
61.832	0.024	saccade	n/a	148.4	264.5	n/a	120.3	271.5	1.06	81.0
61.858	0.248	fixation	n/a	129.7	274.0	2975.0	n/a	n/a	n/a	n/a
62.108	0.02	saccade	n/a	133.8	270.6	n/a	172.8	264.1	1.45	101.0
62.13	0.304	fixation	n/a	170.4	261.1	2893.0	n/a	n/a	n/a	n/a
62.436	0.028	saccade	n/a	172.3	258.8	n/a	240.6	256.5	2.54	164.0
62.466	0.164	fixation	n/a	237.3	253.1	2823.0	n/a	n/a	n/a	n/a
62.632	0.028	saccade	n/a	238.8	250.9	n/a	317.2	245.0	2.96	162.0
62.662	0.322	fixation	n/a	315.2	242.5	2790.0	n/a	n/a	n/a	n/a
62.986	0.148	saccade	n/a	307.2	237.0	n/a	153.9	185.4	6.04	406.0
63.136	0.17	fixation	n/a	153.0	175.8	2787.0	n/a	n/a	n/a	n/a
63.308	0.028	saccade	n/a	155.5	174.8	n/a	231.7	185.8	2.85	166.0
63.338	0.068	fixation	n/a	231.8	187.0	2856.0	n/a	n/a	n/a	n/a
63.408	0.034	saccade	n/a	232.8	187.7	n/a	342.6	196.8	4.15	226.0
63.444	0.108	fixation	n/a	344.1	195.2	2906.0	n/a	n/a	n/a	n/a
63.554	0.042	saccade	n/a	344.2	194.2	n/a	510.1	191.2	6.32	317.0
63.598	0.218	fixation	n/a	512.2	192.8	2862.0	n/a	n/a	n/a	n/a
63.818	0.068	saccade	n/a	513.0	194.7	n/a	109.4	257.3	15.22	448.0
63.888	0.22	fixation	n/a	128.2	260.6	2854.0	n/a	n/a	n/a	n/a
64.11	0.028	saccade	n/a	133.1	263.8	n/a	183.7	259.2	1.86	126.0
64.14	1.15	fixation	n/a	180.4	259.5	2802.0	n/a	n/a	n/a	n/a
65.292	0.02	saccade	n/a	181.0	261.2	n/a	216.9	262.9	1.33	96.0
65.314	0.158	fixation	n/a	215.9	264.3	2890.0	n/a	n/a	n/a	n/a
65.474	0.022	saccade	n/a	218.8	263.5	n/a	255.0	259.2	1.36	84.0
65.498	0.198	fixation	n/a	252.8	257.6	2903.0	n/a	n/a	n/a	n/a
65.698	0.026	saccade	n/a	253.3	256.8	n/a	316.5	246.9	2.41	131.0
65.726	0.228	fixation	n/a	318.0	247.5	2883.0	n/a	n/a	n/a	n/a
65.956	0.022	saccade	n/a	320.0	245.4	n/a	362.3	246.3	1.61	100.0
65.98	0.176	fixation	n/a	361.5	245.8	2810.0	n/a	n/a	n/a	n/a
66.158	0.034	saccade	n/a	362.0	242.6	n/a	482.7	244.1	4.61	240.0
66.194	0.27	fixation	n/a	485.8	242.3	2783.0	n/a	n/a	n/a	n/a
66.466	0.026	saccade	n/a	488.6	241.5	n/a	545.5	240.2	2.18	104.0
66.494	0.066	fixation	n/a	551.7	240.0	2750.0	n/a	n/a	n/a	n/a
66.562	0.03	saccade	n/a	555.8	239.5	n/a	622.0	232.9	2.54	138.0
66.594	0.192	fixation	n/a	620.3	229.5	2730.0	n/a	n/a	n/a	n/a
66.788	0.076	saccade	n/a	621.2	229.9	n/a	128.3	279.7	18.42	388.0
66.866	0.142	fixation	n/a	137.1	281.6	2716.0	n/a	n/a	n/a	n/a
67.01	0.018	saccade	n/a	139.7	281.7	n/a	106.3	289.2	1.25	92.0
67.03	0.226	fixation	n/a	111.0	289.6	2643.0	n/a	n/a	n/a	n/a
67.258	0.026	saccade	n/a	115.9	291.5	n/a	182.6	283.7	2.46	148.0
67.286	0.142	fixation	n/a	184.6	282.2	2655.0	n/a	n/a	n/a	n/a
67.43	0.026	saccade	n/a	185.4	282.2	n/a	251.8	280.7	2.47	130.0
67.458	0.51	fixation	n/a	253.0	284.9	2735.0	n/a	n/a	n/a	n/a
67.97	0.06	saccade	n/a	253.8	284.7	n/a	599.3	235.3	13.2	363.0
68.032	0.092	fixation	n/a	611.5	233.1	2729.0	n/a	n/a	n/a	n/a
68.126	0.02	saccade	n/a	614.8	231.3	n/a	643.6	225.8	1.11	74.0
68.148	0.174	fixation	n/a	645.2	226.1	2723.0	n/a	n/a	n/a	n/a
68.324	0.078	saccade	n/a	646.2	226.6	n/a	134.6	281.8	19.1	427.0
68.404	0.132	fixation	n/a	144.5	281.3	2674.0	n/a	n/a	n/a	n/a
68.538	0.018	saccade	n/a	145.8	282.0	n/a	115.7	289.0	1.13	85.0
68.558	0.174	fixation	n/a	119.8	288.8	2612.0	n/a	n/a	n/a	n/a
68.734	0.034	saccade	n/a	122.2	288.4	n/a	227.2	282.0	3.87	191.0
68.77	0.226	fixation	n/a	224.3	280.8	2620.0	n/a	n/a	n/a	n/a
68.998	0.014	saccade	n/a	228.7	282.7	n/a	247.1	282.7	0.69	57.0
69.014	0.074	fixation	n/a	246.0	282.6	2636.0	n/a	n/a	n/a	n/a
69.09	0.026	saccade	n/a	244.3	282.3	n/a	193.9	283.7	1.88	134.0
69.118	0.208	fixation	n/a	200.4	282.4	2599.0	n/a	n/a	n/a	n/a
69.328	0.174	saccade	n/a	205.1	283.1	n/a	266.3	286.4	2.29	3270.0
69.374	0.062	blink	n/a	n/a	n/a	n/a	n/a	n/a	n/a	n/a
69.504	0.176	fixation	n/a	269.9	284.1	2565.0	n/a	n/a	n/a	n/a
69.682	0.024	saccade	n/a	273.9	278.3	n/a	329.5	273.9	2.1	127.0
69.708	0.208	fixation	n/a	335.6	270.4	2676.0	n/a	n/a	n/a	n/a
69.918	0.026	saccade	n/a	344.2	267.6	n/a	415.9	268.4	2.74	142.0
69.946	0.048	fixation	n/a	421.7	267.0	2572.0	n/a	n/a	n/a	n/a
69.996	0.03	saccade	n/a	426.3	266.4	n/a	516.2	266.8	3.44	184.0
70.028	0.198	fixation	n/a	522.0	260.2	2490.0	n/a	n/a	n/a	n/a
70.228	0.076	saccade	n/a	523.3	256.3	n/a	111.1	321.4	15.53	318.0
70.306	0.202	fixation	n/a	123.8	320.2	2483.0	n/a	n/a	n/a	n/a
70.51	0.018	saccade	n/a	130.6	320.9	n/a	157.8	324.3	1.0	71.0
70.53	0.136	fixation	n/a	158.0	324.6	2505.0	n/a	n/a	n/a	n/a
70.668	0.022	saccade	n/a	159.9	324.0	n/a	208.1	327.1	1.78	110.0
70.692	0.138	fixation	n/a	212.8	326.2	2548.0	n/a	n/a	n/a	n/a
70.832	0.034	saccade	n/a	214.4	323.8	n/a	303.6	322.7	3.33	150.0
70.868	0.204	fixation	n/a	300.8	324.5	2626.0	n/a	n/a	n/a	n/a
71.074	0.03	saccade	n/a	302.4	326.0	n/a	379.3	330.7	2.92	162.0
71.106	0.312	fixation	n/a	381.5	332.2	2638.0	n/a	n/a	n/a	n/a
71.42	0.022	saccade	n/a	385.4	334.0	n/a	423.9	328.3	1.49	92.0
71.444	0.152	fixation	n/a	423.6	328.6	2625.0	n/a	n/a	n/a	n/a
71.598	0.014	saccade	n/a	420.2	329.8	n/a	404.8	330.1	0.59	52.0
71.614	0.108	fixation	n/a	408.4	333.2	2638.0	n/a	n/a	n/a	n/a
71.724	0.028	saccade	n/a	408.8	331.5	n/a	478.3	327.8	2.66	134.0
71.754	0.146	fixation	n/a	484.8	326.3	2663.0	n/a	n/a	n/a	n/a
71.902	0.024	saccade	n/a	488.8	327.5	n/a	546.2	329.0	2.2	132.0
71.928	0.228	fixation	n/a	542.9	329.2	2713.0	n/a	n/a	n/a	n/a
72.158	0.024	saccade	n/a	544.6	329.7	n/a	588.7	328.3	1.69	93.0
72.184	0.232	fixation	n/a	586.0	324.6	2738.0	n/a	n/a	n/a	n/a
72.418	0.016	saccade	n/a	581.4	326.2	n/a	559.9	327.2	0.82	65.0
72.436	0.288	fixation	n/a	560.3	329.0	2816.0	n/a	n/a	n/a	n/a
72.726	0.066	saccade	n/a	557.0	329.4	n/a	151.9	396.2	15.33	436.0
72.794	0.122	fixation	n/a	157.1	397.9	2962.0	n/a	n/a	n/a	n/a
72.918	0.026	saccade	n/a	155.2	399.4	n/a	115.2	415.7	1.58	129.0
72.946	0.266	fixation	n/a	119.6	418.0	2906.0	n/a	n/a	n/a	n/a
73.214	0.022	saccade	n/a	123.4	418.5	n/a	175.0	421.5	1.88	117.0
73.238	0.244	fixation	n/a	179.6	418.9	2815.0	n/a	n/a	n/a	n/a
73.484	0.03	saccade	n/a	181.6	419.2	n/a	271.8	409.0	3.36	188.0
73.516	0.16	fixation	n/a	276.3	407.1	2835.0	n/a	n/a	n/a	n/a
73.678	0.034	saccade	n/a	279.4	405.2	n/a	384.5	401.4	3.98	200.0
73.714	0.158	fixation	n/a	384.4	397.4	2810.0	n/a	n/a	n/a	n/a
73.874	0.026	saccade	n/a	385.3	395.4	n/a	444.7	396.5	2.26	123.0
73.902	0.14	fixation	n/a	458.6	397.8	2767.0	n/a	n/a	n/a	n/a
74.044	0.022	saccade	n/a	460.6	397.7	n/a	501.2	399.6	1.55	94.0
74.068	0.168	fixation	n/a	509.0	399.1	2725.0	n/a	n/a	n/a	n/a
74.238	0.026	saccade	n/a	512.3	398.9	n/a	584.2	403.0	2.74	141.0
74.266	0.11	fixation	n/a	587.9	402.7	2674.0	n/a	n/a	n/a	n/a
74.378	0.07	saccade	n/a	588.6	398.7	n/a	156.5	259.2	16.98	399.0
74.45	0.09	fixation	n/a	157.3	234.8	2688.0	n/a	n/a	n/a	n/a
74.476	0.0	trigger_11	11	n/a	n/a	n/a	n/a	n/a	n/a	n/a
74.542	0.022	saccade	n/a	165.4	226.2	n/a	153.5	192.8	1.34	83.0
74.566	0.374	fixation	n/a	152.5	190.5	2607.0	n/a	n/a	n/a	n/a
74.58	0.0	trigger_10	10	n/a	n/a	n/a	n/a	n/a	n/a	n/a
74.942	0.014	saccade	n/a	139.7	187.4	n/a	123.5	185.5	0.59	49.0
74.958	0.154	fixation	n/a	121.0	183.4	2597.0	n/a	n/a	n/a	n/a
75.114	0.038	saccade	n/a	122.2	186.7	n/a	248.8	192.4	4.67	220.0
75.154	0.274	fixation	n/a	246.7	189.9	2627.0	n/a	n/a	n/a	n/a
75.43	0.034	saccade	n/a	247.1	192.4	n/a	346.0	212.6	3.81	203.0
75.466	0.226	fixation	n/a	345.2	208.9	2667.0	n/a	n/a	n/a	n/a
75.694	0.032	saccade	n/a	345.7	209.7	n/a	436.3	197.8	3.5	207.0
75.728	0.318	fixation	n/a	437.7	199.8	2763.0	n/a	n/a	n/a	n/a
76.048	0.036	saccade	n/a	437.2	201.3	n/a	319.3	213.2	4.52	215.0
76.086	0.166	fixation	n/a	317.5	216.0	2790.0	n/a	n/a	n/a	n/a
76.254	0.032	saccade	n/a	316.5	217.6	n/a	241.3	212.4	2.83	183.0
76.288	0.348	fixation	n/a	241.9	217.7	2866.0	n/a	n/a	n/a	n/a
76.638	0.034	saccade	n/a	240.6	220.6	n/a	157.6	210.0	3.09	198.0
76.674	0.194	fixation	n/a	159.0	212.0	2953.0	n/a	n/a	n/a	n/a
76.87	0.032	saccade	n/a	161.8	216.9	n/a	253.8	227.0	3.44	186.0
76.904	0.312	fixation	n/a	252.1	227.1	3004.0	n/a	n/a	n/a	n/a
77.218	0.03	saccade	n/a	256.3	232.9	n/a	335.7	238.1	3.01	177.0
77.25	0.188	fixation	n/a	333.9	232.7	3011.0	n/a	n/a	n/a	n/a
77.44	0.034	saccade	n/a	336.0	229.9	n/a	434.4	219.1	3.78	210.0
77.476	0.182	fixation	n/a	433.9	215.7	2932.0	n/a	n/a	n/a	n/a
77.66	0.03	saccade	n/a	436.3	214.9	n/a	517.4	217.4	3.11	139.0
77.692	0.116	fixation	n/a	520.4	217.0	2892.0	n/a	n/a	n/a	n/a
77.81	0.022	saccade	n/a	522.4	219.1	n/a	558.9	224.9	1.42	90.0
77.834	0.142	fixation	n/a	556.7	226.4	2917.0	n/a	n/a	n/a	n/a
77.978	0.064	saccade	n/a	556.1	226.4	n/a	130.5	283.2	16.06	454.0
78.044	0.208	fixation	n/a	141.3	287.1	3009.0	n/a	n/a	n/a	n/a
78.254	0.028	saccade	n/a	136.3	288.5	n/a	188.4	282.6	1.92	143.0
78.284	0.148	fixation	n/a	187.7	286.1	3057.0	n/a	n/a	n/a	n/a
78.434	0.03	saccade	n/a	189.2	287.3	n/a	258.0	280.3	2.58	157.0
78.466	0.254	fixation	n/a	257.2	278.5	3101.0	n/a	n/a	n/a	n/a
78.722	0.032	saccade	n/a	258.3	273.5	n/a	339.2	272.2	3.05	205.0
78.756	0.256	fixation	n/a	342.2	277.2	3213.0	n/a	n/a	n/a	n/a
79.014	0.034	saccade	n/a	342.2	275.6	n/a	259.3	274.8	3.13	225.0
79.05	0.196	fixation	n/a	262.1	277.0	3221.0	n/a	n/a	n/a	n/a
79.248	0.152	saccade	n/a	255.7	267.1	n/a	295.5	291.5	1.77	1857.0
79.296	0.032	blink	n/a	n/a	n/a	n/a	n/a	n/a	n/a	n/a
79.402	0.154	fixation	n/a	288.3	262.5	3085.0	n/a	n/a	n/a	n/a
79.558	0.018	saccade	n/a	283.3	258.4	n/a	267.6	277.1	0.93	74.0
79.578	1.386	fixation	n/a	273.4	275.7	3021.0	n/a	n/a	n/a	n/a
80.966	0.024	saccade	n/a	293.6	265.7	n/a	346.5	262.6	2.01	128.0
80.992	0.256	fixation	n/a	343.8	262.7	3018.0	n/a	n/a	n/a	n/a
81.25	0.014	saccade	n/a	347.3	261.5	n/a	362.2	262.8	0.57	49.0
81.266	0.704	fixation	n/a	353.0	262.6	3003.0	n/a	n/a	n/a	n/a
81.972	0.018	saccade	n/a	343.5	261.2	n/a	365.0	262.3	0.82	60.0
81.992	0.172	fixation	n/a	366.0	264.6	3041.0	n/a	n/a	n/a	n/a
82.166	0.024	saccade	n/a	367.0	263.3	n/a	413.3	264.6	1.77	99.0
82.192	0.158	fixation	n/a	416.6	264.9	3032.0	n/a	n/a	n/a	n/a
82.352	0.052	saccade	n/a	416.6	263.5	n/a	135.9	277.4	10.49	401.0
82.406	0.342	fixation	n/a	146.1	280.3	2984.0	n/a	n/a	n/a	n/a
82.75	0.062	saccade	n/a	147.3	280.6	n/a	535.9	224.8	14.71	383.0
82.814	0.2	fixation	n/a	539.4	219.9	3008.0	n/a	n/a	n/a	n/a
83.016	0.036	saccade	n/a	538.3	221.1	n/a	437.6	267.8	4.26	253.0
83.054	0.312	fixation	n/a	436.5	266.1	2943.0	n/a	n/a	n/a	n/a
83.368	0.026	saccade	n/a	433.2	263.2	n/a	492.3	260.0	2.27	138.0
83.396	0.548	fixation	n/a	484.3	262.4	2901.0	n/a	n/a	n/a	n/a
83.946	0.028	saccade	n/a	482.8	262.7	n/a	550.4	261.8	2.6	148.0
83.976	0.144	fixation	n/a	547.9	258.5	2890.0	n/a	n/a	n/a	n/a
84.122	0.022	saccade	n/a	550.5	257.5	n/a	591.1	256.5	1.55	98.0
84.146	0.226	fixation	n/a	590.1	255.0	2864.0	n/a	n/a	n/a	n/a
84.374	0.072	saccade	n/a	590.2	252.3	n/a	126.8	301.6	17.36	440.0
84.448	0.152	fixation	n/a	136.6	300.5	2882.0	n/a	n/a	n/a	n/a
84.602	0.02	saccade	n/a	136.6	301.3	n/a	102.7	307.0	1.24	88.0
84.624	0.136	fixation	n/a	109.3	308.8	2866.0	n/a	n/a	n/a	n/a
84.762	0.028	saccade	n/a	113.2	309.5	n/a	186.4	294.9	2.73	166.0
84.792	0.178	fixation	n/a	188.5	294.2	2775.0	n/a	n/a	n/a	n/a
84.972	0.03	saccade	n/a	192.6	292.9	n/a	265.9	291.5	2.74	165.0
85.004	0.202	fixation	n/a	267.8	292.0	2734.0	n/a	n/a	n/a	n/a
85.208	0.022	saccade	n/a	270.0	291.5	n/a	307.0	294.7	1.4	92.0
85.232	0.154	fixation	n/a	310.5	293.5	2701.0	n/a	n/a	n/a	n/a
85.388	0.028	saccade	n/a	312.7	294.2	n/a	379.9	291.7	2.56	133.0
85.418	0.178	fixation	n/a	382.4	290.4	2693.0	n/a	n/a	n/a	n/a
85.598	0.026	saccade	n/a	383.7	290.0	n/a	445.2	291.3	2.35	131.0
85.626	0.118	fixation	n/a	444.9	289.9	2689.0	n/a	n/a	n/a	n/a
85.746	0.05	saccade	n/a	445.2	288.7	n/a	172.5	266.1	10.27	327.0
85.798	0.236	fixation	n/a	176.1	266.0	2707.0	n/a	n/a	n/a	n/a
86.036	0.052	saccade	n/a	178.3	266.3	n/a	471.1	250.5	11.0	356.0
86.09	0.562	fixation	n/a	486.1	249.4	2697.0	n/a	n/a	n/a	n/a
86.654	0.034	saccade	n/a	492.6	249.3	n/a	413.2	286.9	3.38	230.0
86.69	0.144	fixation	n/a	411.8	285.5	2713.0	n/a	n/a	n/a	n/a
86.836	0.036	saccade	n/a	411.2	285.5	n/a	295.3	284.9	4.41	289.0
86.874	0.142	fixation	n/a	293.8	283.8	2734.0	n/a	n/a	n/a	n/a
87.018	0.032	saccade	n/a	293.6	283.1	n/a	209.4	287.0	3.16	212.0
87.052	0.246	fixation	n/a	211.5	288.5	2688.0	n/a	n/a	n/a	n/a
87.3	0.05	saccade	n/a	210.5	287.3	n/a	473.3	251.6	10.03	353.0
87.352	0.322	fixation	n/a	481.8	249.5	2680.0	n/a	n/a	n/a	n/a
87.612	0.0	trigger_11	11	n/a	n/a	n/a	n/a	n/a	n/a	n/a
87.676	0.062	saccade	n/a	485.2	247.5	n/a	166.3	228.7	11.99	350.0
87.72	0.0	trigger_10	10	n/a	n/a	n/a	n/a	n/a	n/a	n/a
87.74	0.186	fixation	n/a	161.9	213.2	2697.0	n/a	n/a	n/a	n/a
87.928	0.02	saccade	n/a	163.0	208.2	n/a	132.0	196.7	1.22	89.0
87.95	0.252	fixation	n/a	133.6	195.3	2644.0	n/a	n/a	n/a	n/a
88.204	0.026	saccade	n/a	135.9	195.1	n/a	191.1	200.2	2.04	111.0
88.232	0.138	fixation	n/a	195.5	199.6	2619.0	n/a	n/a	n/a	n/a
88.372	0.036	saccade	n/a	195.7	197.5	n/a	319.3	209.8	4.65	236.0
88.41	0.212	fixation	n/a	321.4	209.2	2650.0	n/a	n/a	n/a	n/a
88.624	0.026	saccade	n/a	321.4	208.1	n/a	378.0	203.0	2.16	123.0
88.652	0.116	fixation	n/a	378.7	201.1	2701.0	n/a	n/a	n/a	n/a
88.77	0.036	saccade	n/a	382.4	202.0	n/a	483.0	199.1	3.86	174.0
88.808	0.3	fixation	n/a	476.1	198.3	2731.0	n/a	n/a	n/a	n/a
89.11	0.032	saccade	n/a	466.3	199.3	n/a	542.8	204.7	2.93	164.0
89.144	0.152	fixation	n/a	541.1	202.8	2758.0	n/a	n/a	n/a	n/a
89.298	0.064	saccade	n/a	541.1	204.1	n/a	135.2	265.6	15.36	415.0
89.364	0.248	fixation	n/a	145.0	273.6	2829.0	n/a	n/a	n/a	n/a
89.614	0.03	saccade	n/a	145.2	276.9	n/a	221.7	273.1	2.83	181.0
89.646	0.168	fixation	n/a	217.7	269.8	2823.0	n/a	n/a	n/a	n/a
89.816	0.036	saccade	n/a	218.0	268.3	n/a	322.3	257.2	3.94	244.0
89.854	0.15	fixation	n/a	323.4	260.7	2848.0	n/a	n/a	n/a	n/a
90.006	0.016	saccade	n/a	318.9	260.1	n/a	297.1	260.8	0.82	68.0
90.024	0.13	fixation	n/a	298.1	261.2	2888.0	n/a	n/a	n/a	n/a
90.156	0.032	saccade	n/a	299.7	261.3	n/a	390.4	262.9	3.44	193.0
90.19	0.186	fixation	n/a	387.3	261.8	2956.0	n/a	n/a	n/a	n/a
90.378	0.022	saccade	n/a	388.2	260.7	n/a	430.7	262.4	1.62	107.0
90.402	0.164	fixation	n/a	430.2	264.6	2994.0	n/a	n/a	n/a	n/a
90.568	0.032	saccade	n/a	431.1	264.9	n/a	352.8	267.9	2.99	195.0
90.602	0.088	fixation	n/a	354.4	267.9	3009.0	n/a	n/a	n/a	n/a
90.692	0.034	saccade	n/a	352.2	268.8	n/a	285.1	209.3	3.42	209.0
90.728	0.18	fixation	n/a	288.0	211.1	3033.0	n/a	n/a	n/a	n/a
90.91	0.022	saccade	n/a	290.3	210.5	n/a	332.4	214.9	1.6	89.0
90.934	0.086	fixation	n/a	334.7	213.5	3082.0	n/a	n/a	n/a	n/a
91.022	0.044	saccade	n/a	333.9	213.9	n/a	160.4	214.3	6.45	328.0
91.068	0.25	fixation	n/a	158.9	214.8	3158.0	n/a	n/a	n/a	n/a
91.32	0.032	saccade	n/a	158.3	218.4	n/a	90.3	212.9	2.47	188.0
91.354	0.546	fixation	n/a	94.9	217.6	3184.0	n/a	n/a	n/a	n/a
91.598	0.0	trigger_11	11	n/a	n/a	n/a	n/a	n/a	n/a	n/a
91.7	0.0	trigger_12	12	n/a	n/a	n/a	n/a	n/a	n/a	n/a
91.902	0.032	saccade	n/a	96.0	218.8	n/a	181.5	222.9	3.12	162.0
91.936	0.138	fixation	n/a	176.4	220.1	3353.0	n/a	n/a	n/a	n/a
92.076	0.032	saccade	n/a	176.3	219.0	n/a	258.6	225.8	3.06	175.0
92.11	0.22	fixation	n/a	256.9	225.0	3317.0	n/a	n/a	n/a	n/a
92.332	0.026	saccade	n/a	259.8	224.9	n/a	328.3	224.3	2.59	146.0
92.36	0.124	fixation	n/a	333.8	221.7	3178.0	n/a	n/a	n/a	n/a
92.486	0.026	saccade	n/a	337.0	219.2	n/a	391.1	217.6	2.07	108.0
92.514	0.116	fixation	n/a	394.3	215.3	3114.0	n/a	n/a	n/a	n/a
92.632	0.032	saccade	n/a	397.7	213.8	n/a	494.1	217.2	3.7	182.0
92.666	0.1	fixation	n/a	497.6	216.6	3086.0	n/a	n/a	n/a	n/a
92.768	0.022	saccade	n/a	500.4	218.8	n/a	537.3	226.5	1.45	100.0
92.792	0.092	fixation	n/a	533.2	222.1	3083.0	n/a	n/a	n/a	n/a
92.886	0.062	saccade	n/a	533.1	222.7	n/a	124.4	282.1	15.42	472.0
92.95	0.142	fixation	n/a	136.0	286.9	3130.0	n/a	n/a	n/a	n/a
93.094	0.016	saccade	n/a	139.6	292.6	n/a	118.4	296.2	0.78	64.0
93.112	0.146	fixation	n/a	120.4	294.9	3073.0	n/a	n/a	n/a	n/a
93.26	0.104	saccade	n/a	126.3	292.9	n/a	217.8	234.9	4.03	334.0
93.366	0.176	fixation	n/a	232.4	214.3	2993.0	n/a	n/a	n/a	n/a
93.544	0.024	saccade	n/a	236.5	210.7	n/a	278.9	215.3	1.6	110.0
93.57	0.318	fixation	n/a	274.6	210.7	2962.0	n/a	n/a	n/a	n/a
93.89	0.044	saccade	n/a	273.4	206.2	n/a	143.1	220.5	4.86	188.0
93.926	0.0	trigger_13	13	n/a	n/a	n/a	n/a	n/a	n/a	n/a
93.936	0.242	fixation	n/a	146.5	218.6	2890.0	n/a	n/a	n/a	n/a
94.18	0.014	saccade	n/a	143.6	220.2	n/a	126.3	213.3	0.68	56.0
94.196	0.244	fixation	n/a	127.3	213.3	2959.0	n/a	n/a	n/a	n/a
94.442	0.028	saccade	n/a	127.4	214.8	n/a	204.2	215.3	2.82	155.0
94.472	0.174	fixation	n/a	201.3	213.6	3049.0	n/a	n/a	n/a	n/a
94.648	0.038	saccade	n/a	201.0	215.5	n/a	151.8	290.0	3.37	183.0
94.688	0.244	fixation	n/a	145.6	287.9	3196.0	n/a	n/a	n/a	n/a
94.934	0.028	saccade	n/a	142.8	289.7	n/a	131.4	330.0	1.58	110.0
94.964	0.146	fixation	n/a	127.9	322.6	3283.0	n/a	n/a	n/a	n/a
95.112	0.018	saccade	n/a	124.2	323.6	n/a	95.3	323.1	1.05	76.0
95.132	0.276	fixation	n/a	99.9	323.7	3209.0	n/a	n/a	n/a	n/a
95.41	0.18	saccade	n/a	99.1	316.3	n/a	204.8	208.8	5.61	392.0
95.592	0.164	fixation	n/a	220.4	212.0	3055.0	n/a	n/a	n/a	n/a
95.758	0.018	saccade	n/a	223.7	213.3	n/a	246.6	218.0	0.87	64.0
95.778	0.102	fixation	n/a	246.7	218.9	3096.0	n/a	n/a	n/a	n/a
95.882	0.054	saccade	n/a	247.6	220.9	n/a	136.9	414.4	8.42	332.0
95.938	0.156	fixation	n/a	132.1	414.6	3131.0	n/a	n/a	n/a	n/a
96.096	0.038	saccade	n/a	133.1	416.9	n/a	275.4	419.5	5.24	241.0
96.136	0.24	fixation	n/a	278.3	422.6	3100.0	n/a	n/a	n/a	n/a
96.378	0.044	saccade	n/a	281.0	420.7	n/a	101.8	310.1	7.8	341.0
96.424	0.214	fixation	n/a	113.7	307.6	2878.0	n/a	n/a	n/a	n/a
96.64	0.016	saccade	n/a	114.6	303.0	n/a	119.8	283.9	0.75	63.0
96.658	0.278	fixation	n/a	128.1	284.0	2753.0	n/a	n/a	n/a	n/a
96.67	0.0	trigger_15	15	n/a	n/a	n/a	n/a	n/a	n/a	n/a
96.722	0.0	trigger_10	10	n/a	n/a	n/a	n/a	n/a	n/a	n/a
96.938	0.032	saccade	n/a	129.5	283.7	n/a	112.7	200.9	3.19	194.0
96.972	0.13	fixation	n/a	120.9	201.5	2758.0	n/a	n/a	n/a	n/a
97.104	0.024	saccade	n/a	124.1	201.8	n/a	175.7	207.6	1.9	116.0
97.13	0.22	fixation	n/a	180.2	210.0	2830.0	n/a	n/a	n/a	n/a
97.352	0.026	saccade	n/a	181.8	212.7	n/a	253.0	216.7	2.65	149.0
97.38	0.192	fixation	n/a	259.0	220.0	2925.0	n/a	n/a	n/a	n/a
97.574	0.022	saccade	n/a	259.7	220.0	n/a	304.4	222.7	1.68	107.0
97.598	0.19	fixation	n/a	302.3	223.1	2958.0	n/a	n/a	n/a	n/a
97.79	0.016	saccade	n/a	297.9	223.1	n/a	278.0	220.5	0.76	55.0
97.808	0.252	fixation	n/a	277.1	220.7	2937.0	n/a	n/a	n/a	n/a
98.062	0.032	saccade	n/a	277.5	220.9	n/a	369.7	212.2	3.5	184.0
98.096	0.072	fixation	n/a	367.7	211.3	2937.0	n/a	n/a	n/a	n/a
98.17	0.032	saccade	n/a	370.5	210.5	n/a	443.8	205.2	2.81	181.0
98.204	0.212	fixation	n/a	441.6	201.2	2961.0	n/a	n/a	n/a	n/a
98.418	0.03	saccade	n/a	440.1	204.0	n/a	375.9	207.9	2.45	142.0
98.45	0.23	fixation	n/a	376.8	208.8	2962.0	n/a	n/a	n/a	n/a
98.682	0.048	saccade	n/a	375.2	206.9	n/a	138.1	273.4	9.19	345.0
98.732	0.204	fixation	n/a	142.6	276.0	2973.0	n/a	n/a	n/a	n/a
98.938	0.056	saccade	n/a	141.9	272.8	n/a	413.8	204.3	10.48	341.0
98.996	0.198	fixation	n/a	415.9	203.3	2941.0	n/a	n/a	n/a	n/a
99.196	0.024	saccade	n/a	414.3	203.0	n/a	374.9	208.9	1.52	112.0
99.222	0.126	fixation	n/a	374.9	211.4	2945.0	n/a	n/a	n/a	n/a
99.35	0.048	saccade	n/a	372.6	212.1	n/a	128.7	287.6	9.53	391.0
99.4	0.344	fixation	n/a	137.1	288.3	2983.0	n/a	n/a	n/a	n/a
99.746	0.032	saccade	n/a	138.5	286.4	n/a	102.5	216.1	2.96	165.0
99.78	0.528	fixation	n/a	110.9	211.8	3005.0	n/a	n/a	n/a	n/a
99.966	0.0	trigger_11	11	n/a	n/a	n/a	n/a	n/a	n/a	n/a
100.068	0.0	trigger_10	10	n/a	n/a	n/a	n/a	n/a	n/a	n/a
100.31	0.032	saccade	n/a	112.2	211.5	n/a	204.5	214.4	3.37	182.0
100.344	0.124	fixation	n/a	200.2	213.7	3098.0	n/a	n/a	n/a	n/a
100.47	0.018	saccade	n/a	194.8	212.7	n/a	160.5	213.3	1.26	91.0
100.49	0.154	fixation	n/a	163.9	212.2	3119.0	n/a	n/a	n/a	n/a
100.646	0.018	saccade	n/a	161.1	212.3	n/a	132.4	209.5	1.05	81.0
100.666	0.42	fixation	n/a	134.0	208.7	2981.0	n/a	n/a	n/a	n/a
101.088	0.026	saccade	n/a	135.6	212.8	n/a	186.0	218.4	1.84	117.0
101.116	0.39	fixation	n/a	178.4	221.2	3091.0	n/a	n/a	n/a	n/a
101.508	0.138	saccade	n/a	175.2	228.5	n/a	195.9	247.1	1.04	473.0
101.648	0.22	fixation	n/a	198.5	223.0	3179.0	n/a	n/a	n/a	n/a
101.87	0.03	saccade	n/a	203.2	220.7	n/a	274.1	215.9	2.64	160.0
101.902	0.41	fixation	n/a	275.1	217.3	3051.0	n/a	n/a	n/a	n/a
102.314	0.02	saccade	n/a	285.9	221.1	n/a	319.7	223.6	1.28	86.0
102.336	0.314	fixation	n/a	318.8	223.3	3054.0	n/a	n/a	n/a	n/a
102.652	0.026	saccade	n/a	315.3	224.4	n/a	367.5	218.0	2.0	124.0
102.68	0.094	fixation	n/a	362.8	215.6	3153.0	n/a	n/a	n/a	n/a
102.776	0.034	saccade	n/a	361.9	215.8	n/a	455.6	209.6	3.59	203.0
102.812	0.17	fixation	n/a	452.8	209.9	3165.0	n/a	n/a	n/a	n/a
102.984	0.03	saccade	n/a	453.1	208.9	n/a	532.0	206.5	3.02	173.0
103.016	0.126	fixation	n/a	531.4	205.4	3097.0	n/a	n/a	n/a	n/a
103.144	0.024	saccade	n/a	535.0	204.7	n/a	586.3	207.1	1.96	113.0
103.17	0.132	fixation	n/a	587.6	206.1	3014.0	n/a	n/a	n/a	n/a
103.304	0.018	saccade	n/a	590.8	206.5	n/a	616.8	207.5	0.99	69.0
103.324	0.142	fixation	n/a	612.7	208.9	2976.0	n/a	n/a	n/a	n/a
103.468	0.074	saccade	n/a	612.8	211.0	n/a	132.6	279.0	18.11	468.0
103.544	0.314	fixation	n/a	145.7	285.8	3012.0	n/a	n/a	n/a	n/a
103.86	0.032	saccade	n/a	147.7	288.1	n/a	236.8	278.6	3.36	210.0
103.894	0.298	fixation	n/a	235.7	277.7	3007.0	n/a	n/a	n/a	n/a
104.194	0.032	saccade	n/a	234.7	278.0	n/a	320.3	267.0	3.3	200.0
104.228	0.244	fixation	n/a	318.7	268.0	3146.0	n/a	n/a	n/a	n/a
104.474	0.032	saccade	n/a	319.0	268.2	n/a	405.4	269.0	3.34	193.0
104.508	0.28	fixation	n/a	404.8	268.6	3248.0	n/a	n/a	n/a	n/a
104.79	0.04	saccade	n/a	405.7	266.4	n/a	549.5	263.8	5.53	254.0
104.832	0.206	fixation	n/a	551.8	265.6	3223.0	n/a	n/a	n/a	n/a
105.04	0.02	saccade	n/a	551.1	267.2	n/a	515.1	269.2	1.39	95.0
105.062	0.15	fixation	n/a	517.2	269.1	3219.0	n/a	n/a	n/a	n/a
105.214	0.024	saccade	n/a	519.0	271.2	n/a	568.1	269.6	1.89	118.0
105.24	0.236	fixation	n/a	568.0	268.3	3142.0	n/a	n/a	n/a	n/a
105.478	0.038	saccade	n/a	569.5	267.3	n/a	418.4	273.8	5.81	301.0
105.518	0.126	fixation	n/a	417.8	271.6	3153.0	n/a	n/a	n/a	n/a
105.646	0.05	saccade	n/a	415.6	268.8	n/a	143.2	232.3	10.3	349.0
105.698	0.264	fixation	n/a	148.9	225.9	3174.0	n/a	n/a	n/a	n/a
105.964	0.022	saccade	n/a	150.6	226.4	n/a	196.4	223.8	1.69	112.0
105.988	0.25	fixation	n/a	195.3	225.0	3215.0	n/a	n/a	n/a	n/a
106.24	0.026	saccade	n/a	196.9	227.4	n/a	255.0	222.2	2.18	140.0
106.268	0.084	fixation	n/a	253.6	223.7	3306.0	n/a	n/a	n/a	n/a
106.354	0.046	saccade	n/a	253.6	225.1	n/a	465.3	214.9	8.06	323.0
106.402	0.18	fixation	n/a	468.3	212.1	3311.0	n/a	n/a	n/a	n/a
106.584	0.032	saccade	n/a	470.9	210.2	n/a	565.0	217.1	3.62	212.0
106.618	0.152	fixation	n/a	564.7	216.8	3238.0	n/a	n/a	n/a	n/a
106.772	0.028	saccade	n/a	565.3	216.0	n/a	505.0	208.3	2.33	163.0
106.802	0.36	fixation	n/a	509.1	208.9	3137.0	n/a	n/a	n/a	n/a
107.164	0.046	saccade	n/a	519.6	211.3	n/a	312.9	222.8	7.9	342.0
107.212	0.27	fixation	n/a	313.9	225.6	3184.0	n/a	n/a	n/a	n/a
107.484	0.028	saccade	n/a	314.2	228.2	n/a	368.5	221.6	2.09	148.0
107.514	0.428	fixation	n/a	365.0	217.7	3246.0	n/a	n/a	n/a	n/a
107.944	0.042	saccade	n/a	367.1	215.8	n/a	528.5	217.6	6.18	246.0
107.988	0.31	fixation	n/a	519.8	211.8	3252.0	n/a	n/a	n/a	n/a
108.3	0.062	saccade	n/a	518.0	211.3	n/a	153.5	245.2	13.74	425.0
108.364	0.226	fixation	n/a	160.8	246.7	3218.0	n/a	n/a	n/a	n/a
108.414	0.0	trigger_11	11	n/a	n/a	n/a	n/a	n/a	n/a	n/a
108.518	0.0	trigger_10	10	n/a	n/a	n/a	n/a	n/a	n/a	n/a
108.592	0.02	saccade	n/a	163.1	248.9	n/a	137.4	232.1	1.14	82.0
108.614	0.116	fixation	n/a	138.9	230.0	3176.0	n/a	n/a	n/a	n/a
108.732	0.018	saccade	n/a	136.7	227.6	n/a	116.1	218.6	0.82	63.0
108.752	0.162	fixation	n/a	119.3	217.9	3133.0	n/a	n/a	n/a	n/a
108.916	0.036	saccade	n/a	119.3	216.8	n/a	238.5	212.6	4.4	233.0
108.954	0.136	fixation	n/a	236.9	213.9	3131.0	n/a	n/a	n/a	n/a
109.092	0.02	saccade	n/a	236.3	217.4	n/a	199.7	215.1	1.37	92.0
109.114	0.092	fixation	n/a	203.6	215.6	3155.0	n/a	n/a	n/a	n/a
109.208	0.036	saccade	n/a	203.1	215.2	n/a	313.2	216.7	4.14	244.0
109.246	0.21	fixation	n/a	312.2	216.3	3200.0	n/a	n/a	n/a	n/a
109.458	0.034	saccade	n/a	312.2	215.8	n/a	406.6	206.9	3.62	218.0
109.494	0.228	fixation	n/a	407.3	203.5	3205.0	n/a	n/a	n/a	n/a
109.724	0.028	saccade	n/a	407.9	202.6	n/a	478.3	203.9	2.7	156.0
109.754	0.106	fixation	n/a	478.3	202.7	3213.0	n/a	n/a	n/a	n/a
109.862	0.034	saccade	n/a	481.7	207.6	n/a	575.0	216.3	3.6	191.0
109.898	0.148	fixation	n/a	573.6	215.2	3216.0	n/a	n/a	n/a	n/a
110.048	0.066	saccade	n/a	574.3	216.4	n/a	137.5	269.7	16.46	497.0
110.116	0.128	fixation	n/a	146.5	266.9	3300.0	n/a	n/a	n/a	n/a
110.246	0.018	saccade	n/a	145.2	269.7	n/a	118.7	282.6	1.08	80.0
110.266	0.198	fixation	n/a	127.9	282.0	3205.0	n/a	n/a	n/a	n/a
110.466	0.016	saccade	n/a	128.2	283.6	n/a	100.0	288.2	1.03	84.0
110.484	0.102	fixation	n/a	106.8	289.8	3166.0	n/a	n/a	n/a	n/a
110.588	0.032	saccade	n/a	108.2	289.7	n/a	179.9	283.0	2.63	161.0
110.622	0.234	fixation	n/a	178.1	280.4	3206.0	n/a	n/a	n/a	n/a
110.858	0.03	saccade	n/a	181.6	279.5	n/a	255.4	272.1	2.76	157.0
110.89	0.21	fixation	n/a	252.8	268.4	3211.0	n/a	n/a	n/a	n/a
111.102	0.03	saccade	n/a	254.3	267.1	n/a	322.3	262.6	2.57	158.0
111.134	0.22	fixation	n/a	321.6	262.2	3222.0	n/a	n/a	n/a	n/a
111.356	0.036	saccade	n/a	322.9	263.4	n/a	441.2	265.9	4.52	219.0
111.394	0.152	fixation	n/a	443.7	264.7	3225.0	n/a	n/a	n/a	n/a
111.548	0.026	saccade	n/a	447.6	264.7	n/a	516.6	265.0	2.65	145.0
111.576	0.236	fixation	n/a	520.2	265.1	3193.0	n/a	n/a	n/a	n/a
111.814	0.026	saccade	n/a	522.7	266.0	n/a	577.7	261.6	2.12	113.0
111.842	0.182	fixation	n/a	577.3	263.0	3146.0	n/a	n/a	n/a	n/a
112.026	0.06	saccade	n/a	577.1	266.5	n/a	124.5	306.8	16.96	496.0
112.088	0.27	fixation	n/a	121.2	315.8	3192.0	n/a	n/a	n/a	n/a
112.36	0.056	saccade	n/a	121.5	317.7	n/a	480.0	270.0	13.48	426.0
112.418	0.162	fixation	n/a	491.6	267.8	3164.0	n/a	n/a	n/a	n/a
112.582	0.102	saccade	n/a	505.9	278.2	n/a	406.2	263.5	3.86	1892.0
112.686	0.118	fixation	n/a	410.3	260.8	3075.0	n/a	n/a	n/a	n/a
112.806	0.134	saccade	n/a	417.6	273.2	n/a	223.0	280.4	7.36	1636.0
112.862	0.012	blink	n/a	n/a	n/a	n/a	n/a	n/a	n/a	n/a
112.942	0.234	fixation	n/a	231.9	272.2	3010.0	n/a	n/a	n/a	n/a
113.178	0.026	saccade	n/a	233.5	264.1	n/a	310.2	265.9	2.89	168.0
113.206	0.152	fixation	n/a	312.9	266.0	2981.0	n/a	n/a	n/a	n/a
113.36	0.02	saccade	n/a	311.4	262.6	n/a	274.9	264.2	1.38	101.0
113.382	0.15	fixation	n/a	277.2	264.5	2929.0	n/a	n/a	n/a	n/a
113.534	0.026	saccade	n/a	281.3	265.6	n/a	332.7	262.2	1.95	123.0
113.562	0.18	fixation	n/a	327.4	260.3	2954.0	n/a	n/a	n/a	n/a
113.744	0.042	saccade	n/a	327.5	261.9	n/a	160.4	214.4	6.51	302.0
113.788	0.2	fixation	n/a	161.5	215.5	3011.0	n/a	n/a	n/a	n/a
113.99	0.038	saccade	n/a	162.4	217.4	n/a	281.2	213.5	4.43	232.0
114.03	0.196	fixation	n/a	278.6	211.9	3061.0	n/a	n/a	n/a	n/a
114.228	0.028	saccade	n/a	279.1	211.3	n/a	357.6	213.5	2.97	164.0
114.258	0.11	fixation	n/a	359.8	214.7	3087.0	n/a	n/a	n/a	n/a
114.37	0.034	saccade	n/a	359.9	214.0	n/a	460.0	205.0	3.84	210.0
114.406	0.238	fixation	n/a	459.7	207.2	3138.0	n/a	n/a	n/a	n/a
114.646	0.022	saccade	n/a	458.3	208.2	n/a	418.5	212.2	1.53	98.0
114.67	0.098	fixation	n/a	418.8	211.4	3143.0	n/a	n/a	n/a	n/a
114.77	0.036	saccade	n/a	419.3	213.2	n/a	296.1	223.8	4.71	277.0
114.808	0.402	fixation	n/a	295.1	228.1	3146.0	n/a	n/a	n/a	n/a
115.212	0.04	saccade	n/a	291.4	232.2	n/a	154.7	297.9	5.69	292.0
115.254	0.178	fixation	n/a	160.1	293.9	3208.0	n/a	n/a	n/a	n/a
115.434	0.04	saccade	n/a	158.6	288.5	n/a	290.0	273.3	4.92	238.0
115.476	0.118	fixation	n/a	286.7	273.0	3200.0	n/a	n/a	n/a	n/a
115.596	0.038	saccade	n/a	286.3	271.2	n/a	413.8	267.5	4.85	275.0
115.636	0.14	fixation	n/a	413.6	265.6	3116.0	n/a	n/a	n/a	n/a
115.778	0.034	saccade	n/a	415.4	265.0	n/a	520.5	263.2	4.04	231.0
115.814	0.064	fixation	n/a	521.3	263.6	3048.0	n/a	n/a	n/a	n/a
115.88	0.06	saccade	n/a	522.4	265.2	n/a	141.4	221.8	14.39	425.0
115.902	0.0	trigger_11	11	n/a	n/a	n/a	n/a	n/a	n/a	n/a
115.942	0.568	fixation	n/a	139.8	218.6	3024.0	n/a	n/a	n/a	n/a
116.006	0.0	trigger_10	10	n/a	n/a	n/a	n/a	n/a	n/a	n/a
116.512	0.034	saccade	n/a	138.0	219.4	n/a	231.4	218.3	3.46	227.0
116.548	0.23	fixation	n/a	232.4	216.1	2961.0	n/a	n/a	n/a	n/a
116.78	0.03	saccade	n/a	235.5	214.3	n/a	305.6	219.0	2.65	152.0
116.812	0.18	fixation	n/a	302.5	215.1	2946.0	n/a	n/a	n/a	n/a
116.994	0.016	saccade	n/a	299.3	215.2	n/a	277.5	217.4	0.83	62.0
117.012	0.172	fixation	n/a	277.9	217.5	2965.0	n/a	n/a	n/a	n/a
117.186	0.036	saccade	n/a	277.6	218.1	n/a	387.6	203.6	4.22	223.0
117.224	0.158	fixation	n/a	388.4	201.4	3020.0	n/a	n/a	n/a	n/a
117.384	0.022	saccade	n/a	390.2	198.7	n/a	432.3	202.7	1.62	106.0
117.408	0.224	fixation	n/a	428.7	201.9	3029.0	n/a	n/a	n/a	n/a
117.634	0.036	saccade	n/a	427.8	201.1	n/a	301.7	219.3	4.86	275.0
117.672	0.178	fixation	n/a	302.5	219.0	2958.0	n/a	n/a	n/a	n/a
117.852	0.016	saccade	n/a	306.4	216.6	n/a	327.6	213.8	0.81	61.0
117.87	0.058	fixation	n/a	326.9	214.9	2931.0	n/a	n/a	n/a	n/a
117.93	0.034	saccade	n/a	327.9	214.9	n/a	438.1	197.7	4.26	246.0
117.966	0.188	fixation	n/a	438.8	196.2	2927.0	n/a	n/a	n/a	n/a
118.156	0.028	saccade	n/a	441.0	193.4	n/a	503.7	195.8	2.41	140.0
118.186	0.298	fixation	n/a	503.3	191.4	2843.0	n/a	n/a	n/a	n/a
118.486	0.062	saccade	n/a	505.2	188.5	n/a	146.3	200.8	13.45	415.0
118.55	0.308	fixation	n/a	154.3	200.1	2747.0	n/a	n/a	n/a	n/a
118.86	0.024	saccade	n/a	157.4	201.8	n/a	204.6	203.2	1.75	107.0
118.886	0.176	fixation	n/a	203.9	202.4	2739.0	n/a	n/a	n/a	n/a
119.064	0.034	saccade	n/a	202.9	202.2	n/a	120.0	198.2	3.05	205.0
119.1	0.45	fixation	n/a	119.8	199.6	2843.0	n/a	n/a	n/a	n/a
119.23	0.0	trigger_11	11	n/a	n/a	n/a	n/a	n/a	n/a	n/a
119.334	0.0	trigger_10	10	n/a	n/a	n/a	n/a	n/a	n/a	n/a
119.552	0.032	saccade	n/a	121.4	205.1	n/a	209.4	209.0	3.24	178.0
119.586	0.146	fixation	n/a	205.2	208.3	2957.0	n/a	n/a	n/a	n/a
119.734	0.02	saccade	n/a	202.1	210.1	n/a	169.2	212.7	1.22	88.0
119.756	0.152	fixation	n/a	171.3	213.7	3035.0	n/a	n/a	n/a	n/a
119.91	0.032	saccade	n/a	172.3	213.5	n/a	257.0	213.1	3.15	181.0
119.944	0.214	fixation	n/a	252.5	213.8	3043.0	n/a	n/a	n/a	n/a
120.16	0.04	saccade	n/a	252.7	212.2	n/a	118.7	214.5	4.95	279.0
120.202	0.254	fixation	n/a	121.5	214.9	3044.0	n/a	n/a	n/a	n/a
120.458	0.02	saccade	n/a	126.1	218.7	n/a	163.3	226.6	1.4	98.0
120.48	0.148	fixation	n/a	159.9	223.9	3046.0	n/a	n/a	n/a	n/a
120.63	0.032	saccade	n/a	162.2	224.7	n/a	243.4	222.0	3.01	173.0
120.664	0.302	fixation	n/a	243.1	220.8	3071.0	n/a	n/a	n/a	n/a
120.968	0.022	saccade	n/a	242.4	219.5	n/a	204.4	217.3	1.42	96.0
120.992	0.194	fixation	n/a	209.4	219.0	3060.0	n/a	n/a	n/a	n/a
121.188	0.03	saccade	n/a	211.3	216.2	n/a	301.3	219.1	3.38	145.0
121.22	0.274	fixation	n/a	308.7	217.8	3071.0	n/a	n/a	n/a	n/a
121.496	0.028	saccade	n/a	308.1	218.0	n/a	256.0	218.1	1.97	138.0
121.526	0.32	fixation	n/a	262.1	218.0	3062.0	n/a	n/a	n/a	n/a
121.848	0.028	saccade	n/a	261.5	215.1	n/a	331.4	212.9	2.64	146.0
121.878	0.432	fixation	n/a	329.3	211.2	3071.0	n/a	n/a	n/a	n/a
122.312	0.026	saccade	n/a	331.9	208.1	n/a	388.5	202.9	2.17	112.0
122.34	0.406	fixation	n/a	386.3	198.9	3115.0	n/a	n/a	n/a	n/a
122.748	0.02	saccade	n/a	386.2	199.4	n/a	416.7	199.0	1.17	79.0
122.77	0.102	fixation	n/a	414.6	198.0	3159.0	n/a	n/a	n/a	n/a
122.874	0.02	saccade	n/a	413.2	198.3	n/a	379.2	201.3	1.31	94.0
122.896	0.256	fixation	n/a	383.2	201.7	3161.0	n/a	n/a	n/a	n/a
123.154	0.024	saccade	n/a	384.1	201.7	n/a	436.0	196.1	2.0	117.0
123.18	0.206	fixation	n/a	433.4	194.4	3130.0	n/a	n/a	n/a	n/a
123.388	0.028	saccade	n/a	435.4	194.6	n/a	500.7	195.2	2.51	150.0
123.418	0.258	fixation	n/a	495.7	194.8	3140.0	n/a	n/a	n/a	n/a
123.678	0.014	saccade	n/a	491.8	196.5	n/a	476.9	195.8	0.57	50.0
123.694	0.152	fixation	n/a	479.3	195.7	3170.0	n/a	n/a	n/a	n/a
123.848	0.06	saccade	n/a	478.3	196.5	n/a	139.0	263.3	12.94	377.0
123.91	0.134	fixation	n/a	142.3	263.8	3242.0	n/a	n/a	n/a	n/a
124.046	0.024	saccade	n/a	143.2	268.4	n/a	110.1	284.5	1.35	114.0
124.072	0.322	fixation	n/a	108.5	281.9	3235.0	n/a	n/a	n/a	n/a
124.396	0.03	saccade	n/a	110.8	283.0	n/a	178.7	278.0	2.49	140.0
124.428	0.416	fixation	n/a	166.2	281.1	3255.0	n/a	n/a	n/a	n/a
124.846	0.032	saccade	n/a	158.5	277.8	n/a	256.9	267.8	3.68	228.0
124.88	0.244	fixation	n/a	256.0	266.2	3333.0	n/a	n/a	n/a	n/a
125.126	0.038	saccade	n/a	254.8	264.1	n/a	120.6	232.2	5.11	250.0
125.166	0.176	fixation	n/a	118.4	226.0	3353.0	n/a	n/a	n/a	n/a
125.344	0.018	saccade	n/a	118.3	224.6	n/a	91.4	214.5	1.05	77.0
125.364	0.632	fixation	n/a	97.0	212.1	3224.0	n/a	n/a	n/a	n/a
125.624	0.0	trigger_11	11	n/a	n/a	n/a	n/a	n/a	n/a	n/a
125.726	0.0	trigger_10	10	n/a	n/a	n/a	n/a	n/a	n/a	n/a
125.998	0.018	saccade	n/a	101.5	211.6	n/a	125.1	209.7	0.86	55.0
126.018	0.236	fixation	n/a	128.9	210.9	3297.0	n/a	n/a	n/a	n/a
126.256	0.024	saccade	n/a	132.9	212.3	n/a	194.6	217.7	2.27	134.0
126.282	0.17	fixation	n/a	198.1	214.9	3340.0	n/a	n/a	n/a	n/a
126.454	0.028	saccade	n/a	200.4	213.1	n/a	274.5	216.6	2.77	151.0
126.484	0.2	fixation	n/a	275.5	214.8	3280.0	n/a	n/a	n/a	n/a
126.686	0.026	saccade	n/a	278.9	216.2	n/a	335.6	210.2	2.16	120.0
126.714	0.26	fixation	n/a	337.4	205.9	3114.0	n/a	n/a	n/a	n/a
126.976	0.034	saccade	n/a	340.3	206.1	n/a	448.4	193.8	4.16	215.0
127.012	0.222	fixation	n/a	448.2	188.6	2995.0	n/a	n/a	n/a	n/a
127.236	0.038	saccade	n/a	447.3	188.2	n/a	276.2	206.9	6.53	336.0
127.276	0.086	fixation	n/a	277.4	205.9	3001.0	n/a	n/a	n/a	n/a
127.364	0.026	saccade	n/a	274.0	205.9	n/a	234.0	206.0	1.5	127.0
127.392	0.268	fixation	n/a	233.7	208.0	2993.0	n/a	n/a	n/a	n/a
127.662	0.016	saccade	n/a	230.5	209.4	n/a	206.2	203.7	0.93	72.0
127.68	0.174	fixation	n/a	206.5	203.3	3059.0	n/a	n/a	n/a	n/a
127.856	0.028	saccade	n/a	208.0	202.0	n/a	266.4	206.5	2.18	138.0
127.886	0.19	fixation	n/a	262.6	205.4	3032.0	n/a	n/a	n/a	n/a
128.078	0.02	saccade	n/a	264.3	204.0	n/a	305.7	206.3	1.55	104.0
128.1	0.198	fixation	n/a	300.0	202.6	3075.0	n/a	n/a	n/a	n/a
128.3	0.024	saccade	n/a	298.4	200.5	n/a	347.7	197.1	1.84	108.0
128.326	0.214	fixation	n/a	348.8	194.5	3119.0	n/a	n/a	n/a	n/a
128.542	0.028	saccade	n/a	356.8	195.4	n/a	431.1	195.9	2.75	146.0
128.572	0.206	fixation	n/a	429.8	192.1	3056.0	n/a	n/a	n/a	n/a
128.78	0.068	saccade	n/a	430.9	196.0	n/a	126.9	262.3	11.41	259.0
128.85	0.224	fixation	n/a	136.1	268.6	3031.0	n/a	n/a	n/a	n/a
129.076	0.016	saccade	n/a	135.5	270.7	n/a	115.6	275.5	0.74	62.0
129.094	0.29	fixation	n/a	119.0	274.0	2964.0	n/a	n/a	n/a	n/a
129.386	0.036	saccade	n/a	122.7	274.0	n/a	253.1	261.2	4.8	237.0
129.424	0.36	fixation	n/a	251.5	258.7	2966.0	n/a	n/a	n/a	n/a
129.786	0.036	saccade	n/a	250.1	261.8	n/a	125.6	226.5	4.79	276.0
129.824	0.234	fixation	n/a	127.3	224.1	3194.0	n/a	n/a	n/a	n/a
130.06	0.028	saccade	n/a	131.4	226.4	n/a	201.6	220.7	2.59	149.0
130.09	0.292	fixation	n/a	200.3	224.4	3331.0	n/a	n/a	n/a	n/a
130.384	0.026	saccade	n/a	198.6	230.2	n/a	137.9	226.5	2.25	146.0
130.412	0.818	fixation	n/a	138.1	232.1	3385.0	n/a	n/a	n/a	n/a
131.232	0.024	saccade	n/a	134.5	238.0	n/a	182.7	261.7	2.01	122.0
131.258	0.436	fixation	n/a	191.5	235.9	3493.0	n/a	n/a	n/a	n/a
131.696	0.014	saccade	n/a	193.3	237.7	n/a	174.5	246.2	0.78	61.0
131.712	0.366	fixation	n/a	179.1	253.2	3242.0	n/a	n/a	n/a	n/a
132.08	0.022	saccade	n/a	173.7	254.7	n/a	133.3	253.5	1.51	108.0
132.104	0.242	fixation	n/a	136.6	259.1	3366.0	n/a	n/a	n/a	n/a
132.348	0.15	saccade	n/a	135.4	251.0	n/a	132.6	233.3	0.69	3270.0
132.5	0.246	fixation	n/a	140.4	228.5	3519.0	n/a	n/a	n/a	n/a
132.748	0.02	saccade	n/a	147.8	228.7	n/a	180.9	225.1	1.25	86.0
132.77	0.162	fixation	n/a	180.4	223.8	3673.0	n/a	n/a	n/a	n/a
132.934	0.026	saccade	n/a	180.5	222.1	n/a	127.3	214.9	2.0	131.0
132.962	0.22	fixation	n/a	137.3	216.5	3571.0	n/a	n/a	n/a	n/a
133.184	0.03	saccade	n/a	141.0	213.7	n/a	220.5	220.8	2.98	164.0
133.216	0.186	fixation	n/a	214.9	221.0	3597.0	n/a	n/a	n/a	n/a
133.404	0.028	saccade	n/a	215.0	218.5	n/a	284.8	215.8	2.65	148.0
133.434	0.27	fixation	n/a	279.8	218.3	3683.0	n/a	n/a	n/a	n/a
133.706	0.032	saccade	n/a	278.1	220.0	n/a	363.5	216.9	3.28	190.0
133.74	0.122	fixation	n/a	359.9	214.9	3627.0	n/a	n/a	n/a	n/a
133.864	0.034	saccade	n/a	361.8	214.1	n/a	449.6	207.3	3.4	199.0
133.9	0.178	fixation	n/a	444.7	206.7	3539.0	n/a	n/a	n/a	n/a
134.08	0.052	saccade	n/a	442.0	204.6	n/a	151.8	268.1	11.27	461.0
134.134	0.248	fixation	n/a	153.2	266.8	3487.0	n/a	n/a	n/a	n/a
134.384	0.036	saccade	n/a	152.6	268.4	n/a	264.8	272.4	4.21	244.0
134.422	0.402	fixation	n/a	259.6	270.4	3378.0	n/a	n/a	n/a	n/a
134.826	0.046	saccade	n/a	257.8	265.1	n/a	264.9	449.0	7.12	328.0
134.874	0.29	fixation	n/a	261.5	445.1	2998.0	n/a	n/a	n/a	n/a
135.166	0.046	saccade	n/a	260.9	442.7	n/a	258.9	240.0	7.83	293.0
135.214	0.29	fixation	n/a	263.1	231.4	2722.0	n/a	n/a	n/a	n/a
135.506	0.034	saccade	n/a	267.1	228.7	n/a	133.3	208.3	5.06	264.0
135.542	0.582	fixation	n/a	127.8	192.8	2586.0	n/a	n/a	n/a	n/a
135.776	0.0	trigger_11	11	n/a	n/a	n/a	n/a	n/a	n/a	n/a
135.88	0.0	trigger_10	10	n/a	n/a	n/a	n/a	n/a	n/a	n/a
136.126	0.016	saccade	n/a	126.3	191.5	n/a	146.5	192.3	0.74	57.0
136.144	0.032	fixation	n/a	148.9	193.7	2662.0	n/a	n/a	n/a	n/a
136.178	0.022	saccade	n/a	153.8	194.5	n/a	191.2	199.6	1.4	85.0
136.202	0.186	fixation	n/a	189.7	203.0	2778.0	n/a	n/a	n/a	n/a
136.39	0.022	saccade	n/a	188.6	204.1	n/a	233.0	200.1	1.67	113.0
136.414	0.19	fixation	n/a	230.0	205.8	2937.0	n/a	n/a	n/a	n/a
136.606	0.034	saccade	n/a	229.9	206.7	n/a	335.3	202.9	4.0	233.0
136.642	0.158	fixation	n/a	335.5	200.9	2940.0	n/a	n/a	n/a	n/a
136.802	0.036	saccade	n/a	336.4	201.0	n/a	238.5	204.7	3.73	197.0
136.84	0.28	fixation	n/a	241.2	200.9	2875.0	n/a	n/a	n/a	n/a
137.122	0.032	saccade	n/a	242.1	199.5	n/a	335.2	196.8	3.54	214.0
137.156	0.518	fixation	n/a	331.5	199.2	3032.0	n/a	n/a	n/a	n/a
137.676	0.034	saccade	n/a	323.8	204.5	n/a	427.1	191.7	3.99	232.0
137.712	0.152	fixation	n/a	424.3	191.9	3178.0	n/a	n/a	n/a	n/a
137.866	0.028	saccade	n/a	423.7	190.1	n/a	373.0	194.5	1.95	154.0
137.896	0.246	fixation	n/a	375.8	195.8	3163.0	n/a	n/a	n/a	n/a
138.144	0.03	saccade	n/a	376.0	195.4	n/a	445.1	190.6	2.66	152.0
138.176	0.192	fixation	n/a	439.6	192.2	3119.0	n/a	n/a	n/a	n/a
138.37	0.032	saccade	n/a	439.0	192.4	n/a	513.0	190.7	2.85	175.0
138.404	0.27	fixation	n/a	509.8	188.5	3072.0	n/a	n/a	n/a	n/a
138.676	0.03	saccade	n/a	510.1	186.0	n/a	446.6	184.4	2.44	175.0
138.708	0.174	fixation	n/a	447.3	183.1	2982.0	n/a	n/a	n/a	n/a
138.884	0.056	saccade	n/a	445.1	184.3	n/a	143.2	250.0	11.63	414.0
138.942	0.156	fixation	n/a	147.1	253.2	3068.0	n/a	n/a	n/a	n/a
139.1	0.022	saccade	n/a	147.7	259.0	n/a	118.6	267.0	1.11	89.0
139.124	0.24	fixation	n/a	119.6	263.5	3172.0	n/a	n/a	n/a	n/a
139.366	0.036	saccade	n/a	121.4	263.4	n/a	217.1	269.5	3.55	194.0
139.404	0.224	fixation	n/a	216.6	267.0	3150.0	n/a	n/a	n/a	n/a
139.63	0.024	saccade	n/a	219.5	265.8	n/a	271.0	258.1	1.96	123.0
139.656	0.162	fixation	n/a	270.0	257.8	3146.0	n/a	n/a	n/a	n/a
139.82	0.16	saccade	n/a	272.2	259.8	n/a	288.0	242.4	0.9	2996.0
139.868	0.046	blink	n/a	n/a	n/a	n/a	n/a	n/a	n/a	n/a
139.982	0.206	fixation	n/a	293.2	255.8	3061.0	n/a	n/a	n/a	n/a
140.19	0.032	saccade	n/a	297.6	260.3	n/a	383.7	263.7	3.3	175.0
140.224	0.086	fixation	n/a	381.0	262.8	3112.0	n/a	n/a	n/a	n/a
140.312	0.144	saccade	n/a	396.2	256.6	n/a	445.2	248.9	1.91	1406.0
140.362	0.022	blink	n/a	n/a	n/a	n/a	n/a	n/a	n/a	n/a
140.458	0.132	fixation	n/a	449.8	257.3	2768.0	n/a	n/a	n/a	n/a
140.592	0.25	saccade	n/a	458.2	256.5	n/a	532.2	243.4	2.9	2204.0
140.64	0.136	blink	n/a	n/a	n/a	n/a	n/a	n/a	n/a	n/a
140.844	0.292	fixation	n/a	536.3	245.0	2808.0	n/a	n/a	n/a	n/a
141.138	0.028	saccade	n/a	536.4	244.3	n/a	597.5	244.0	2.35	148.0
141.168	0.338	fixation	n/a	599.6	239.5	2643.0	n/a	n/a	n/a	n/a
141.508	0.08	saccade	n/a	603.4	236.1	n/a	152.9	166.2	17.15	359.0
141.59	0.228	fixation	n/a	160.5	169.0	2491.0	n/a	n/a	n/a	n/a
141.82	0.03	saccade	n/a	161.9	166.4	n/a	254.1	173.5	3.45	183.0
141.852	0.178	fixation	n/a	258.1	174.3	2476.0	n/a	n/a	n/a	n/a
142.032	0.028	saccade	n/a	261.1	180.3	n/a	333.9	185.1	2.78	165.0
142.062	0.162	fixation	n/a	337.6	187.1	2520.0	n/a	n/a	n/a	n/a
142.226	0.044	saccade	n/a	336.4	185.3	n/a	494.8	183.0	6.07	214.0
142.272	0.168	fixation	n/a	497.8	181.7	2556.0	n/a	n/a	n/a	n/a
142.442	0.028	saccade	n/a	496.6	182.9	n/a	435.7	185.4	2.34	150.0
142.472	0.026	fixation	n/a	440.5	189.5	2593.0	n/a	n/a	n/a	n/a
142.5	0.182	saccade	n/a	442.6	195.3	n/a	138.0	242.3	11.59	3270.0
142.534	0.062	blink	n/a	n/a	n/a	n/a	n/a	n/a	n/a	n/a
142.684	0.11	fixation	n/a	146.2	246.3	2557.0	n/a	n/a	n/a	n/a
142.744	0.0	trigger_11	11	n/a	n/a	n/a	n/a	n/a	n/a	n/a
142.796	0.024	saccade	n/a	150.1	235.8	n/a	124.3	186.3	2.11	126.0
142.822	0.21	fixation	n/a	127.9	181.1	2636.0	n/a	n/a	n/a	n/a
142.848	0.0	trigger_10	10	n/a	n/a	n/a	n/a	n/a	n/a	n/a
143.034	0.024	saccade	n/a	130.6	180.4	n/a	174.4	181.1	1.61	91.0
143.06	0.174	fixation	n/a	180.7	182.2	2555.0	n/a	n/a	n/a	n/a
143.236	0.032	saccade	n/a	183.0	180.7	n/a	276.1	176.1	3.49	194.0
143.27	0.28	fixation	n/a	270.4	179.1	2563.0	n/a	n/a	n/a	n/a
143.552	0.028	saccade	n/a	266.0	181.5	n/a	338.7	188.2	2.77	131.0
143.582	0.272	fixation	n/a	347.7	196.4	2701.0	n/a	n/a	n/a	n/a
143.856	0.036	saccade	n/a	349.5	206.6	n/a	453.4	200.1	4.0	178.0
143.894	0.408	fixation	n/a	448.9	199.2	2867.0	n/a	n/a	n/a	n/a
144.304	0.032	saccade	n/a	446.8	198.3	n/a	534.7	195.3	3.39	186.0
144.338	0.14	fixation	n/a	531.5	195.9	2936.0	n/a	n/a	n/a	n/a
144.48	0.024	saccade	n/a	533.3	199.2	n/a	578.2	198.0	1.73	114.0
144.506	0.142	fixation	n/a	573.1	196.4	2993.0	n/a	n/a	n/a	n/a
144.65	0.064	saccade	n/a	571.9	196.2	n/a	136.3	269.7	16.56	524.0
144.716	0.218	fixation	n/a	146.8	274.8	3093.0	n/a	n/a	n/a	n/a
144.936	0.03	saccade	n/a	148.9	278.6	n/a	218.6	275.7	2.59	195.0
144.968	0.136	fixation	n/a	217.7	276.0	3058.0	n/a	n/a	n/a	n/a
145.106	0.17	saccade	n/a	221.3	272.3	n/a	131.3	190.3	4.58	3060.0
145.156	0.056	blink	n/a	n/a	n/a	n/a	n/a	n/a	n/a	n/a
145.278	0.488	fixation	n/a	126.2	191.7	3026.0	n/a	n/a	n/a	n/a
145.424	0.0	trigger_11	11	n/a	n/a	n/a	n/a	n/a	n/a	n/a
145.528	0.0	trigger_10	10	n/a	n/a	n/a	n/a	n/a	n/a	n/a
145.768	0.028	saccade	n/a	129.7	196.0	n/a	207.6	183.0	2.92	165.0
145.798	0.144	fixation	n/a	205.7	185.4	3039.0	n/a	n/a	n/a	n/a
145.944	0.026	saccade	n/a	206.1	186.4	n/a	258.6	187.2	1.97	123.0
145.972	0.146	fixation	n/a	255.0	190.2	3108.0	n/a	n/a	n/a	n/a
146.12	0.022	saccade	n/a	257.8	193.6	n/a	299.6	203.1	1.63	107.0
146.144	0.13	fixation	n/a	296.3	206.9	3099.0	n/a	n/a	n/a	n/a
146.276	0.036	saccade	n/a	295.8	208.1	n/a	417.2	209.1	4.64	268.0
146.314	0.214	fixation	n/a	410.3	208.1	3090.0	n/a	n/a	n/a	n/a
146.53	0.036	saccade	n/a	406.3	208.6	n/a	522.7	192.8	4.52	276.0
146.568	0.236	fixation	n/a	523.2	195.1	3037.0	n/a	n/a	n/a	n/a
146.806	0.06	saccade	n/a	524.4	197.9	n/a	138.0	262.1	14.71	504.0
146.868	0.204	fixation	n/a	145.5	265.6	3080.0	n/a	n/a	n/a	n/a
147.074	0.03	saccade	n/a	147.9	268.2	n/a	224.6	269.8	2.86	204.0
147.106	0.318	fixation	n/a	220.1	268.4	3105.0	n/a	n/a	n/a	n/a
147.426	0.042	saccade	n/a	220.0	270.0	n/a	358.0	261.3	5.25	190.0
147.47	0.316	fixation	n/a	361.2	260.6	3203.0	n/a	n/a	n/a	n/a
147.788	0.028	saccade	n/a	363.2	261.3	n/a	426.6	263.3	2.44	140.0
147.818	0.164	fixation	n/a	425.3	263.7	3206.0	n/a	n/a	n/a	n/a
147.984	0.032	saccade	n/a	425.5	262.4	n/a	357.7	265.5	2.61	185.0
148.018	0.298	fixation	n/a	358.9	265.5	3122.0	n/a	n/a	n/a	n/a
148.318	0.032	saccade	n/a	360.0	262.8	n/a	452.7	264.9	3.57	194.0
148.352	0.242	fixation	n/a	455.2	265.0	3057.0	n/a	n/a	n/a	n/a
148.596	0.034	saccade	n/a	456.5	263.6	n/a	555.4	260.4	3.81	206.0
148.632	0.168	fixation	n/a	552.0	265.2	3058.0	n/a	n/a	n/a	n/a
148.802	0.022	saccade	n/a	552.8	267.5	n/a	596.4	264.9	1.68	108.0
148.826	0.154	fixation	n/a	595.6	266.0	3049.0	n/a	n/a	n/a	n/a
148.982	0.068	saccade	n/a	595.8	262.6	n/a	137.1	316.1	17.37	497.0
149.052	0.132	fixation	n/a	142.5	315.2	3067.0	n/a	n/a	n/a	n/a
149.186	0.016	saccade	n/a	143.7	318.9	n/a	122.1	319.4	0.79	60.0
149.204	0.052	fixation	n/a	124.0	316.9	3019.0	n/a	n/a	n/a	n/a
149.258	0.032	saccade	n/a	127.2	316.1	n/a	244.0	282.9	4.53	228.0
149.292	0.2	fixation	n/a	249.3	278.0	3008.0	n/a	n/a	n/a	n/a
149.494	0.032	saccade	n/a	249.7	276.7	n/a	341.2	267.2	3.5	210.0
149.528	0.19	fixation	n/a	342.9	265.8	3023.0	n/a	n/a	n/a	n/a
149.72	0.034	saccade	n/a	344.6	266.4	n/a	445.2	264.1	3.87	225.0
149.756	0.282	fixation	n/a	450.3	268.0	3084.0	n/a	n/a	n/a	n/a
150.04	0.026	saccade	n/a	456.2	269.8	n/a	514.0	268.0	2.23	132.0
150.068	0.15	fixation	n/a	514.9	265.3	3057.0	n/a	n/a	n/a	n/a
150.22	0.062	saccade	n/a	514.7	264.5	n/a	170.8	250.6	13.01	451.0
150.284	0.078	fixation	n/a	174.4	242.5	3089.0	n/a	n/a	n/a	n/a
150.364	0.02	saccade	n/a	173.6	237.6	n/a	153.1	209.2	1.32	96.0
150.386	0.472	fixation	n/a	147.2	213.6	3084.0	n/a	n/a	n/a	n/a
150.402	0.0	trigger_11	11	n/a	n/a	n/a	n/a	n/a	n/a	n/a
150.504	0.0	trigger_10	10	n/a	n/a	n/a	n/a	n/a	n/a	n/a
150.86	0.034	saccade	n/a	137.1	211.1	n/a	236.9	216.5	3.72	230.0
150.896	0.374	fixation	n/a	236.1	215.0	3136.0	n/a	n/a	n/a	n/a
151.272	0.028	saccade	n/a	239.8	216.7	n/a	305.0	218.9	2.47	118.0
151.302	0.16	fixation	n/a	329.0	224.3	3111.0	n/a	n/a	n/a	n/a
151.464	0.026	saccade	n/a	334.3	224.4	n/a	388.8	214.4	2.12	128.0
151.492	0.086	fixation	n/a	385.2	212.1	3147.0	n/a	n/a	n/a	n/a
151.58	0.032	saccade	n/a	386.9	213.0	n/a	466.5	209.9	3.07	175.0
151.614	0.216	fixation	n/a	467.5	210.4	3142.0	n/a	n/a	n/a	n/a
151.832	0.022	saccade	n/a	470.1	210.4	n/a	502.8	212.4	1.26	80.0
151.856	0.08	fixation	n/a	501.5	213.6	3148.0	n/a	n/a	n/a	n/a
151.938	0.056	saccade	n/a	500.9	213.1	n/a	147.1	220.1	13.28	477.0
151.996	0.29	fixation	n/a	156.3	226.0	3161.0	n/a	n/a	n/a	n/a
152.288	0.02	saccade	n/a	155.1	223.9	n/a	123.9	217.2	1.17	84.0
152.31	0.404	fixation	n/a	128.8	215.7	3190.0	n/a	n/a	n/a	n/a
152.378	0.0	trigger_11	11	n/a	n/a	n/a	n/a	n/a	n/a	n/a
152.484	0.0	trigger_10	10	n/a	n/a	n/a	n/a	n/a	n/a	n/a
152.716	0.028	saccade	n/a	132.9	218.8	n/a	205.7	222.5	2.7	119.0
152.746	0.236	fixation	n/a	211.0	220.3	3330.0	n/a	n/a	n/a	n/a
152.984	0.026	saccade	n/a	211.6	217.1	n/a	274.2	213.6	2.35	141.0
153.012	0.144	fixation	n/a	270.5	216.7	3359.0	n/a	n/a	n/a	n/a
153.158	0.15	saccade	n/a	264.6	215.9	n/a	196.9	208.5	2.55	1531.0
153.196	0.056	blink	n/a	n/a	n/a	n/a	n/a	n/a	n/a	n/a
153.31	0.086	fixation	n/a	201.6	210.5	3113.0	n/a	n/a	n/a	n/a
153.398	0.03	saccade	n/a	201.1	211.7	n/a	132.4	199.0	2.58	166.0
153.43	0.326	fixation	n/a	139.6	208.1	3128.0	n/a	n/a	n/a	n/a
153.758	0.024	saccade	n/a	143.8	208.0	n/a	197.3	207.1	1.97	117.0
153.784	0.238	fixation	n/a	197.9	207.1	3094.0	n/a	n/a	n/a	n/a
154.024	0.034	saccade	n/a	196.4	209.8	n/a	289.9	220.7	3.53	197.0
154.06	0.176	fixation	n/a	283.1	217.8	3198.0	n/a	n/a	n/a	n/a
154.238	0.034	saccade	n/a	280.8	215.1	n/a	370.9	223.3	3.45	190.0
154.274	0.166	fixation	n/a	373.2	221.7	3185.0	n/a	n/a	n/a	n/a
154.442	0.024	saccade	n/a	376.8	214.9	n/a	418.0	209.6	1.59	88.0
154.468	0.206	fixation	n/a	421.0	206.9	3072.0	n/a	n/a	n/a	n/a
154.676	0.034	saccade	n/a	422.7	206.1	n/a	518.5	206.4	3.68	216.0
154.712	0.148	fixation	n/a	513.9	204.1	2986.0	n/a	n/a	n/a	n/a
154.862	0.066	saccade	n/a	514.8	207.0	n/a	131.4	264.3	14.58	401.0
154.93	0.42	fixation	n/a	142.5	265.3	2864.0	n/a	n/a	n/a	n/a
155.352	0.018	saccade	n/a	141.2	263.3	n/a	112.1	268.9	1.08	80.0
155.372	0.238	fixation	n/a	116.9	269.0	2729.0	n/a	n/a	n/a	n/a
155.612	0.038	saccade	n/a	119.2	269.4	n/a	246.7	246.0	4.82	251.0
155.652	0.34	fixation	n/a	243.8	245.1	2680.0	n/a	n/a	n/a	n/a
155.994	0.024	saccade	n/a	241.5	246.1	n/a	284.4	241.5	1.63	90.0
156.02	0.136	fixation	n/a	291.1	241.4	2691.0	n/a	n/a	n/a	n/a
156.158	0.03	saccade	n/a	293.5	241.2	n/a	373.1	240.8	3.04	168.0
156.19	0.136	fixation	n/a	373.3	240.5	2736.0	n/a	n/a	n/a	n/a
156.328	0.026	saccade	n/a	374.8	239.7	n/a	441.1	244.8	2.55	137.0
156.356	0.188	fixation	n/a	444.1	246.0	2741.0	n/a	n/a	n/a	n/a
156.546	0.028	saccade	n/a	448.2	244.0	n/a	525.7	236.7	2.99	160.0
156.576	0.278	fixation	n/a	526.4	235.5	2668.0	n/a	n/a	n/a	n/a
156.856	0.022	saccade	n/a	531.8	233.8	n/a	570.2	231.9	1.48	90.0
156.88	0.17	fixation	n/a	576.4	230.6	2612.0	n/a	n/a	n/a	n/a
157.052	0.034	saccade	n/a	576.8	228.5	n/a	484.0	242.5	3.61	225.0
157.088	0.186	fixation	n/a	482.7	240.8	2616.0	n/a	n/a	n/a	n/a
157.276	0.052	saccade	n/a	481.9	240.5	n/a	156.2	265.9	12.28	421.0
157.33	0.346	fixation	n/a	136.9	279.3	2734.0	n/a	n/a	n/a	n/a
157.678	0.024	saccade	n/a	131.9	287.9	n/a	190.9	292.6	2.18	133.0
157.704	0.318	fixation	n/a	187.4	292.3	2877.0	n/a	n/a	n/a	n/a
158.024	0.02	saccade	n/a	187.4	291.1	n/a	223.5	288.5	1.35	92.0
158.046	0.16	fixation	n/a	225.0	287.5	2900.0	n/a	n/a	n/a	n/a
158.208	0.038	saccade	n/a	225.7	288.6	n/a	104.7	299.1	4.47	283.0
158.248	0.13	fixation	n/a	103.5	299.0	2901.0	n/a	n/a	n/a	n/a
158.38	0.048	saccade	n/a	102.9	298.0	n/a	313.6	286.3	7.83	326.0
158.43	0.226	fixation	n/a	314.1	288.2	2977.0	n/a	n/a	n/a	n/a
158.658	0.018	saccade	n/a	311.9	291.5	n/a	281.4	290.1	1.16	89.0
158.678	0.172	fixation	n/a	287.4	289.8	2978.0	n/a	n/a	n/a	n/a
158.852	0.038	saccade	n/a	288.4	290.5	n/a	417.8	303.6	4.97	270.0
158.892	0.078	fixation	n/a	416.5	303.0	2932.0	n/a	n/a	n/a	n/a
158.972	0.028	saccade	n/a	415.3	300.8	n/a	476.6	293.5	2.38	159.0
159.002	0.33	fixation	n/a	476.9	291.5	2919.0	n/a	n/a	n/a	n/a
159.334	0.034	saccade	n/a	479.6	289.1	n/a	560.7	295.0	3.13	173.0
159.37	0.178	fixation	n/a	558.5	294.2	2877.0	n/a	n/a	n/a	n/a
159.55	0.026	saccade	n/a	559.4	293.0	n/a	618.6	282.0	2.31	128.0
159.578	0.204	fixation	n/a	612.9	281.9	2890.0	n/a	n/a	n/a	n/a
159.784	0.064	saccade	n/a	610.7	283.0	n/a	139.8	328.5	17.72	461.0
159.85	0.272	fixation	n/a	134.2	355.4	3010.0	n/a	n/a	n/a	n/a
160.124	0.032	saccade	n/a	132.3	358.9	n/a	225.4	364.3	3.45	188.0
160.158	0.242	fixation	n/a	225.8	363.7	2995.0	n/a	n/a	n/a	n/a
160.402	0.034	saccade	n/a	229.3	365.1	n/a	322.7	363.4	3.53	218.0
160.438	0.234	fixation	n/a	321.1	363.8	2968.0	n/a	n/a	n/a	n/a
160.674	0.026	saccade	n/a	320.2	364.3	n/a	270.6	365.6	1.88	140.0
160.702	0.23	fixation	n/a	271.7	363.9	2974.0	n/a	n/a	n/a	n/a
160.934	0.186	saccade	n/a	277.0	368.4	n/a	413.8	340.1	5.34	2430.0
160.968	0.092	blink	n/a	n/a	n/a	n/a	n/a	n/a	n/a	n/a
161.122	0.138	fixation	n/a	407.7	346.5	2973.0	n/a	n/a	n/a	n/a
161.262	0.122	saccade	n/a	415.9	361.4	n/a	106.4	182.7	13.45	3270.0
161.294	0.02	blink	n/a	n/a	n/a	n/a	n/a	n/a	n/a	n/a
161.386	0.332	fixation	n/a	108.3	164.8	2862.0	n/a	n/a	n/a	n/a
161.72	0.026	saccade	n/a	103.6	150.7	n/a	168.2	173.3	2.51	145.0
161.748	0.19	fixation	n/a	179.7	180.6	2698.0	n/a	n/a	n/a	n/a
161.94	0.028	saccade	n/a	184.5	185.8	n/a	127.9	172.5	2.14	133.0
161.97	0.142	fixation	n/a	124.4	168.6	2661.0	n/a	n/a	n/a	n/a
162.114	0.036	saccade	n/a	122.3	168.4	n/a	244.1	177.9	4.52	248.0
162.152	0.166	fixation	n/a	239.0	174.8	2637.0	n/a	n/a	n/a	n/a
162.32	0.02	saccade	n/a	235.5	173.6	n/a	208.0	176.3	1.03	71.0
162.342	0.228	fixation	n/a	208.6	172.6	2628.0	n/a	n/a	n/a	n/a
162.572	0.032	saccade	n/a	206.8	168.2	n/a	296.7	139.8	3.54	213.0
162.606	0.224	fixation	n/a	297.1	144.2	2697.0	n/a	n/a	n/a	n/a
162.832	0.034	saccade	n/a	297.8	147.2	n/a	407.1	195.5	4.56	260.0
162.868	0.266	fixation	n/a	403.7	198.6	2833.0	n/a	n/a	n/a	n/a
163.136	0.046	saccade	n/a	400.2	200.8	n/a	141.3	153.9	9.86	414.0
163.184	0.536	fixation	n/a	137.3	164.2	3018.0	n/a	n/a	n/a	n/a
163.282	0.0	trigger_11	11	n/a	n/a	n/a	n/a	n/a	n/a	n/a
163.386	0.0	trigger_10	10	n/a	n/a	n/a	n/a	n/a	n/a	n/a
163.722	0.032	saccade	n/a	125.1	173.1	n/a	211.4	152.4	3.27	167.0
163.756	0.112	fixation	n/a	210.8	158.9	3054.0	n/a	n/a	n/a	n/a
163.87	0.032	saccade	n/a	212.3	162.9	n/a	302.4	205.6	3.76	212.0
163.904	0.226	fixation	n/a	301.3	208.6	3119.0	n/a	n/a	n/a	n/a
164.132	0.034	saccade	n/a	301.8	207.2	n/a	393.9	211.6	3.51	198.0
164.168	0.312	fixation	n/a	388.3	212.8	3149.0	n/a	n/a	n/a	n/a
164.482	0.034	saccade	n/a	383.1	209.7	n/a	292.7	204.9	3.45	208.0
164.518	0.306	fixation	n/a	295.9	204.9	3100.0	n/a	n/a	n/a	n/a
164.826	0.032	saccade	n/a	294.4	204.0	n/a	387.0	207.0	3.54	214.0
164.86	0.398	fixation	n/a	383.7	203.2	3041.0	n/a	n/a	n/a	n/a
165.26	0.018	saccade	n/a	385.6	202.2	n/a	412.8	201.8	1.04	69.0
165.28	0.238	fixation	n/a	409.4	199.9	2998.0	n/a	n/a	n/a	n/a
165.52	0.036	saccade	n/a	410.4	202.8	n/a	296.0	195.6	4.38	283.0
165.558	0.558	fixation	n/a	290.5	197.4	2995.0	n/a	n/a	n/a	n/a
166.118	0.032	saccade	n/a	289.4	201.0	n/a	394.2	199.6	3.99	211.0
166.152	0.284	fixation	n/a	401.6	200.1	2987.0	n/a	n/a	n/a	n/a
166.438	0.024	saccade	n/a	402.7	201.7	n/a	454.9	203.7	2.01	120.0
166.464	0.158	fixation	n/a	456.2	205.2	2947.0	n/a	n/a	n/a	n/a
166.624	0.022	saccade	n/a	459.0	207.9	n/a	499.1	210.1	1.55	94.0
166.648	0.298	fixation	n/a	509.1	208.0	2915.0	n/a	n/a	n/a	n/a
166.948	0.062	saccade	n/a	514.2	206.7	n/a	128.2	221.4	14.5	372.0
167.012	0.35	fixation	n/a	125.3	226.1	2764.0	n/a	n/a	n/a	n/a
167.364	0.028	saccade	n/a	123.3	230.9	n/a	206.0	239.0	3.07	161.0
167.394	0.308	fixation	n/a	207.7	235.3	2571.0	n/a	n/a	n/a	n/a
167.704	0.028	saccade	n/a	208.3	234.5	n/a	295.9	235.8	3.29	162.0
167.734	0.26	fixation	n/a	303.2	234.8	2505.0	n/a	n/a	n/a	n/a
167.996	0.038	saccade	n/a	304.6	234.7	n/a	434.6	235.1	4.97	233.0
168.036	0.35	fixation	n/a	435.8	232.6	2473.0	n/a	n/a	n/a	n/a
168.388	0.034	saccade	n/a	436.7	232.6	n/a	543.3	230.1	4.1	196.0
168.424	0.162	fixation	n/a	543.3	229.9	2545.0	n/a	n/a	n/a	n/a
168.588	0.03	saccade	n/a	543.6	231.2	n/a	611.9	231.7	2.62	156.0
168.62	0.204	fixation	n/a	606.0	231.6	2622.0	n/a	n/a	n/a	n/a
168.826	0.074	saccade	n/a	604.2	233.4	n/a	140.4	291.1	17.51	443.0
168.902	0.152	fixation	n/a	148.7	294.2	2655.0	n/a	n/a	n/a	n/a
169.056	0.018	saccade	n/a	146.2	294.3	n/a	117.0	294.0	1.07	79.0
169.076	0.206	fixation	n/a	121.1	295.7	2662.0	n/a	n/a	n/a	n/a
169.284	0.026	saccade	n/a	126.3	299.2	n/a	197.8	291.7	2.65	147.0
169.312	0.288	fixation	n/a	202.2	288.8	2676.0	n/a	n/a	n/a	n/a
169.602	0.03	saccade	n/a	205.3	292.3	n/a	272.6	291.3	2.53	153.0
169.634	0.256	fixation	n/a	267.9	287.7	2720.0	n/a	n/a	n/a	n/a
169.892	0.038	saccade	n/a	266.1	286.6	n/a	393.9	285.0	4.86	260.0
169.932	0.25	fixation	n/a	394.0	283.1	2727.0	n/a	n/a	n/a	n/a
170.184	0.014	saccade	n/a	398.0	283.1	n/a	412.6	283.4	0.56	48.0
170.2	1.034	fixation	n/a	417.4	287.6	2906.0	n/a	n/a	n/a	n/a
171.236	0.028	saccade	n/a	415.0	290.1	n/a	351.9	290.8	2.42	145.0
171.266	0.158	fixation	n/a	357.6	291.4	3006.0	n/a	n/a	n/a	n/a
171.426	0.026	saccade	n/a	357.7	293.2	n/a	303.8	296.5	2.06	135.0
171.454	0.4	fixation	n/a	306.9	292.5	2864.0	n/a	n/a	n/a	n/a
171.856	0.042	saccade	n/a	308.4	289.0	n/a	128.8	243.2	6.92	262.0
171.9	0.094	fixation	n/a	131.2	217.3	2684.0	n/a	n/a	n/a	n/a
171.916	0.0	trigger_11	11	n/a	n/a	n/a	n/a	n/a	n/a	n/a
171.996	0.022	saccade	n/a	129.1	210.9	n/a	128.3	159.8	1.93	130.0
172.018	0.0	trigger_12	12	n/a	n/a	n/a	n/a	n/a	n/a	n/a
172.02	0.362	fixation	n/a	126.2	160.6	2612.0	n/a	n/a	n/a	n/a
172.384	0.024	saccade	n/a	124.1	163.2	n/a	171.6	170.1	1.76	103.0
172.41	0.088	fixation	n/a	174.0	172.5	2540.0	n/a	n/a	n/a	n/a
172.5	0.032	saccade	n/a	176.3	172.9	n/a	265.2	188.9	3.37	192.0
172.534	0.164	fixation	n/a	265.1	191.5	2527.0	n/a	n/a	n/a	n/a
172.7	0.032	saccade	n/a	266.1	189.4	n/a	362.9	195.8	3.68	180.0
172.734	0.304	fixation	n/a	363.7	198.2	2663.0	n/a	n/a	n/a	n/a
173.04	0.028	saccade	n/a	361.8	200.6	n/a	299.1	195.8	2.39	146.0
173.07	0.108	fixation	n/a	302.1	196.8	2763.0	n/a	n/a	n/a	n/a
173.18	0.028	saccade	n/a	300.3	197.2	n/a	240.0	201.4	2.28	150.0
173.21	0.196	fixation	n/a	242.1	203.9	2845.0	n/a	n/a	n/a	n/a
173.408	0.152	saccade	n/a	248.2	211.9	n/a	282.8	196.3	1.44	3107.0
173.454	0.034	blink	n/a	n/a	n/a	n/a	n/a	n/a	n/a	n/a
173.562	0.23	fixation	n/a	276.2	180.7	2937.0	n/a	n/a	n/a	n/a
173.794	0.026	saccade	n/a	283.7	186.3	n/a	351.1	205.0	2.66	137.0
173.822	0.142	fixation	n/a	352.0	205.5	2952.0	n/a	n/a	n/a	n/a
173.966	0.026	saccade	n/a	354.3	205.5	n/a	415.4	205.7	2.34	152.0
173.994	0.184	fixation	n/a	414.7	206.7	2869.0	n/a	n/a	n/a	n/a
174.18	0.016	saccade	n/a	418.9	206.6	n/a	437.4	202.8	0.73	56.0
174.198	0.358	fixation	n/a	430.6	203.6	2908.0	n/a	n/a	n/a	n/a
174.558	0.06	saccade	n/a	426.7	205.2	n/a	137.3	177.8	10.89	301.0
174.62	0.426	fixation	n/a	145.0	183.8	3059.0	n/a	n/a	n/a	n/a
174.772	0.0	trigger_13	13	n/a	n/a	n/a	n/a	n/a	n/a	n/a
175.048	0.018	saccade	n/a	142.1	192.4	n/a	118.7	201.8	0.93	68.0
175.068	0.094	fixation	n/a	123.0	202.6	3136.0	n/a	n/a	n/a	n/a
175.164	0.034	saccade	n/a	123.4	201.0	n/a	231.6	209.7	4.01	208.0
175.2	0.21	fixation	n/a	228.5	212.5	3222.0	n/a	n/a	n/a	n/a
175.412	0.038	saccade	n/a	229.4	215.5	n/a	124.5	274.2	4.49	279.0
175.452	0.194	fixation	n/a	115.7	268.8	3296.0	n/a	n/a	n/a	n/a
175.648	0.022	saccade	n/a	120.0	271.5	n/a	128.9	299.7	1.12	87.0
175.672	0.202	fixation	n/a	125.5	291.3	3365.0	n/a	n/a	n/a	n/a
175.876	0.032	saccade	n/a	127.4	293.4	n/a	126.6	367.2	2.8	174.0
175.91	0.28	fixation	n/a	125.4	364.1	3380.0	n/a	n/a	n/a	n/a
176.192	0.018	saccade	n/a	122.7	365.4	n/a	95.5	370.1	1.0	78.0
176.212	0.39	fixation	n/a	96.9	368.5	3436.0	n/a	n/a	n/a	n/a
176.604	0.03	saccade	n/a	98.9	366.3	n/a	151.6	432.6	3.15	179.0
176.636	0.17	fixation	n/a	154.2	431.3	3506.0	n/a	n/a	n/a	n/a
176.808	0.036	saccade	n/a	156.6	431.9	n/a	285.9	442.7	4.82	226.0
176.846	0.444	fixation	n/a	285.5	439.1	3387.0	n/a	n/a	n/a	n/a
177.292	0.032	saccade	n/a	287.5	434.3	n/a	180.9	392.2	4.28	185.0
177.326	0.034	fixation	n/a	163.3	378.1	3258.0	n/a	n/a	n/a	n/a
177.362	0.19	saccade	n/a	146.9	362.7	n/a	176.0	305.5	2.43	1316.0
177.402	0.06	blink	n/a	n/a	n/a	n/a	n/a	n/a	n/a	n/a
177.554	0.59	fixation	n/a	182.8	310.4	3283.0	n/a	n/a	n/a	n/a
178.146	0.028	saccade	n/a	180.9	313.7	n/a	118.2	283.5	2.58	157.0
178.176	0.202	fixation	n/a	122.4	272.7	3307.0	n/a	n/a	n/a	n/a
178.38	0.024	saccade	n/a	122.0	267.1	n/a	109.8	209.9	2.22	128.0
178.406	0.464	fixation	n/a	119.6	199.1	3335.0	n/a	n/a	n/a	n/a
178.46	0.0	trigger_15	15	n/a	n/a	n/a	n/a	n/a	n/a	n/a
178.512	0.0	trigger_10	10	n/a	n/a	n/a	n/a	n/a	n/a	n/a
178.872	0.028	saccade	n/a	125.3	187.4	n/a	195.8	198.7	2.63	151.0
178.902	0.2	fixation	n/a	196.4	203.2	3381.0	n/a	n/a	n/a	n/a
179.104	0.024	saccade	n/a	198.8	208.4	n/a	253.4	215.2	2.05	118.0
179.13	0.15	fixation	n/a	250.7	216.8	3436.0	n/a	n/a	n/a	n/a
179.282	0.036	saccade	n/a	251.9	218.3	n/a	347.7	214.7	3.63	176.0
179.32	0.194	fixation	n/a	352.3	214.0	3395.0	n/a	n/a	n/a	n/a
179.516	0.042	saccade	n/a	358.8	214.5	n/a	531.2	218.4	6.62	330.0
179.56	0.118	fixation	n/a	531.4	218.2	3263.0	n/a	n/a	n/a	n/a
179.68	0.022	saccade	n/a	535.9	215.8	n/a	583.2	216.7	1.82	107.0
179.704	0.146	fixation	n/a	581.9	215.3	3169.0	n/a	n/a	n/a	n/a
179.852	0.066	saccade	n/a	581.5	213.7	n/a	143.1	257.1	16.54	496.0
179.92	0.264	fixation	n/a	149.9	258.2	3102.0	n/a	n/a	n/a	n/a
180.186	0.02	saccade	n/a	147.4	259.4	n/a	111.6	260.8	1.31	94.0
180.208	0.192	fixation	n/a	116.2	261.4	3047.0	n/a	n/a	n/a	n/a
180.402	0.038	saccade	n/a	118.4	260.4	n/a	236.4	245.8	4.39	219.0
180.442	0.35	fixation	n/a	235.8	246.2	3004.0	n/a	n/a	n/a	n/a
180.794	0.018	saccade	n/a	233.4	246.5	n/a	209.8	249.0	0.89	63.0
180.814	0.132	fixation	n/a	211.6	249.3	2962.0	n/a	n/a	n/a	n/a
180.948	0.028	saccade	n/a	213.8	246.4	n/a	277.5	241.6	2.4	147.0
180.978	0.152	fixation	n/a	273.3	243.0	2980.0	n/a	n/a	n/a	n/a
181.132	0.228	saccade	n/a	276.5	249.1	n/a	136.0	177.0	5.91	3270.0
181.188	0.082	blink	n/a	n/a	n/a	n/a	n/a	n/a	n/a	n/a
181.362	0.3	fixation	n/a	137.3	162.2	2855.0	n/a	n/a	n/a	n/a
181.664	0.028	saccade	n/a	136.8	159.4	n/a	229.1	166.6	3.43	173.0
181.694	0.206	fixation	n/a	236.9	166.3	2751.0	n/a	n/a	n/a	n/a
181.902	0.018	saccade	n/a	233.6	169.8	n/a	205.5	169.1	1.05	78.0
181.922	0.214	fixation	n/a	207.5	169.4	2714.0	n/a	n/a	n/a	n/a
182.138	0.028	saccade	n/a	208.1	172.8	n/a	276.8	182.2	2.6	162.0
182.168	0.206	fixation	n/a	273.6	183.1	2734.0	n/a	n/a	n/a	n/a
182.376	0.038	saccade	n/a	274.5	181.2	n/a	395.6	193.9	4.63	217.0
182.416	0.188	fixation	n/a	398.3	192.5	2723.0	n/a	n/a	n/a	n/a
182.606	0.018	saccade	n/a	397.7	193.8	n/a	370.3	190.4	1.06	77.0
182.626	0.128	fixation	n/a	373.0	191.6	2702.0	n/a	n/a	n/a	n/a
182.756	0.028	saccade	n/a	374.7	191.1	n/a	444.5	195.8	2.69	151.0
182.786	0.464	fixation	n/a	449.9	194.2	2673.0	n/a	n/a	n/a	n/a
183.252	0.032	saccade	n/a	457.6	195.0	n/a	555.3	193.0	3.75	161.0
183.286	0.106	fixation	n/a	564.2	194.2	2664.0	n/a	n/a	n/a	n/a
183.394	0.028	saccade	n/a	565.5	196.4	n/a	626.1	200.3	2.33	152.0
183.424	0.274	fixation	n/a	622.4	197.5	2666.0	n/a	n/a	n/a	n/a
183.7	0.08	saccade	n/a	623.0	199.2	n/a	136.2	145.8	18.28	394.0
183.732	0.0	trigger_11	11	n/a	n/a	n/a	n/a	n/a	n/a	n/a
183.782	0.242	fixation	n/a	146.5	149.5	2659.0	n/a	n/a	n/a	n/a
183.834	0.0	trigger_10	10	n/a	n/a	n/a	n/a	n/a	n/a	n/a
184.026	0.016	saccade	n/a	145.5	149.5	n/a	125.7	152.9	0.73	61.0
184.044	0.33	fixation	n/a	128.6	154.8	2653.0	n/a	n/a	n/a	n/a
184.376	0.02	saccade	n/a	133.0	153.9	n/a	163.4	153.2	1.11	76.0
184.398	0.258	fixation	n/a	162.8	151.4	2655.0	n/a	n/a	n/a	n/a
184.658	0.022	saccade	n/a	161.8	152.8	n/a	119.1	160.6	1.59	100.0
184.682	0.47	fixation	n/a	118.8	167.2	2744.0	n/a	n/a	n/a	n/a
185.154	0.018	saccade	n/a	119.1	167.0	n/a	144.3	156.8	1.0	72.0
185.174	0.092	fixation	n/a	146.1	156.5	2737.0	n/a	n/a	n/a	n/a
185.268	0.026	saccade	n/a	148.6	156.9	n/a	205.5	168.7	2.15	128.0
185.296	0.058	fixation	n/a	207.2	170.0	2720.0	n/a	n/a	n/a	n/a
185.356	0.022	saccade	n/a	209.0	170.9	n/a	249.1	184.9	1.59	110.0
185.38	0.2	fixation	n/a	249.2	186.1	2725.0	n/a	n/a	n/a	n/a
185.582	0.022	saccade	n/a	245.9	182.3	n/a	206.7	168.4	1.56	99.0
185.606	0.082	fixation	n/a	209.8	167.8	2730.0	n/a	n/a	n/a	n/a
185.69	0.042	saccade	n/a	211.9	170.7	n/a	348.6	194.8	5.24	217.0
185.734	0.07	fixation	n/a	346.3	193.3	2696.0	n/a	n/a	n/a	n/a
185.806	0.034	saccade	n/a	346.1	191.9	n/a	448.0	195.4	3.91	190.0
185.842	0.148	fixation	n/a	446.2	193.1	2692.0	n/a	n/a	n/a	n/a
185.992	0.016	saccade	n/a	450.0	191.9	n/a	470.3	192.1	0.78	60.0
186.01	0.196	fixation	n/a	471.1	193.7	2648.0	n/a	n/a	n/a	n/a
186.208	0.076	saccade	n/a	469.4	192.0	n/a	189.7	225.3	10.63	195.0
186.286	0.12	fixation	n/a	189.6	229.5	2620.0	n/a	n/a	n/a	n/a
186.408	0.022	saccade	n/a	189.5	232.0	n/a	154.2	244.0	1.38	87.0
186.432	0.194	fixation	n/a	156.1	247.4	2588.0	n/a	n/a	n/a	n/a
186.628	0.016	saccade	n/a	150.9	246.1	n/a	131.7	251.1	0.73	54.0
186.646	0.224	fixation	n/a	131.1	252.1	2540.0	n/a	n/a	n/a	n/a
186.872	0.024	saccade	n/a	135.0	248.7	n/a	197.2	241.6	2.31	122.0
186.898	0.086	fixation	n/a	204.6	239.8	2527.0	n/a	n/a	n/a	n/a
186.986	0.024	saccade	n/a	206.7	239.4	n/a	252.0	239.2	1.69	106.0
187.012	0.07	fixation	n/a	250.2	238.5	2544.0	n/a	n/a	n/a	n/a
187.084	0.022	saccade	n/a	252.9	239.2	n/a	288.8	242.4	1.36	86.0
187.108	0.204	fixation	n/a	284.1	242.8	2582.0	n/a	n/a	n/a	n/a
187.314	0.03	saccade	n/a	283.7	241.5	n/a	229.1	202.7	2.54	163.0
187.346	0.256	fixation	n/a	236.7	193.6	2615.0	n/a	n/a	n/a	n/a
187.604	0.026	saccade	n/a	240.2	191.2	n/a	295.6	184.2	2.1	129.0
187.632	0.234	fixation	n/a	290.8	184.5	2659.0	n/a	n/a	n/a	n/a
187.868	0.02	saccade	n/a	293.7	186.8	n/a	327.5	190.3	1.29	83.0
187.89	0.388	fixation	n/a	328.0	187.4	2740.0	n/a	n/a	n/a	n/a
188.012	0.0	trigger_11	11	n/a	n/a	n/a	n/a	n/a	n/a	n/a
188.116	0.0	trigger_10	10	n/a	n/a	n/a	n/a	n/a	n/a	n/a
188.28	0.038	saccade	n/a	326.9	190.2	n/a	185.0	168.8	5.38	227.0
188.32	0.15	fixation	n/a	181.8	161.6	2757.0	n/a	n/a	n/a	n/a
188.472	0.026	saccade	n/a	181.9	161.7	n/a	122.6	166.2	2.18	128.0
188.5	0.506	fixation	n/a	120.6	167.9	2689.0	n/a	n/a	n/a	n/a
189.008	0.038	saccade	n/a	116.5	169.2	n/a	252.4	182.2	5.04	241.0
189.048	0.212	fixation	n/a	252.6	181.5	2663.0	n/a	n/a	n/a	n/a
189.262	0.022	saccade	n/a	253.8	186.7	n/a	290.4	190.8	1.39	94.0
189.286	0.306	fixation	n/a	289.8	189.3	2656.0	n/a	n/a	n/a	n/a
189.594	0.026	saccade	n/a	290.3	184.2	n/a	345.4	187.8	2.09	108.0
189.622	0.17	fixation	n/a	345.6	188.3	2659.0	n/a	n/a	n/a	n/a
189.794	0.024	saccade	n/a	349.0	188.5	n/a	394.8	191.0	1.75	93.0
189.82	0.176	fixation	n/a	401.9	192.5	2648.0	n/a	n/a	n/a	n/a
189.998	0.028	saccade	n/a	402.1	192.3	n/a	481.3	195.2	3.04	164.0
190.028	0.11	fixation	n/a	490.7	193.2	2647.0	n/a	n/a	n/a	n/a
190.14	0.026	saccade	n/a	494.7	192.2	n/a	556.0	189.5	2.36	123.0
190.168	0.18	fixation	n/a	563.5	190.3	2623.0	n/a	n/a	n/a	n/a
190.35	0.022	saccade	n/a	568.0	191.8	n/a	602.7	192.6	1.33	73.0
190.374	0.134	fixation	n/a	605.7	191.2	2586.0	n/a	n/a	n/a	n/a
190.51	0.02	saccade	n/a	609.4	191.2	n/a	638.0	191.2	1.09	66.0
190.532	0.146	fixation	n/a	641.5	189.7	2547.0	n/a	n/a	n/a	n/a
190.68	0.088	saccade	n/a	639.8	190.2	n/a	178.6	235.4	17.39	324.0
190.77	0.134	fixation	n/a	177.7	236.7	2520.0	n/a	n/a	n/a	n/a
190.906	0.026	saccade	n/a	177.3	236.6	n/a	127.0	239.6	1.85	126.0
190.934	0.222	fixation	n/a	131.0	241.7	2482.0	n/a	n/a	n/a	n/a
191.158	0.026	saccade	n/a	136.5	243.0	n/a	208.3	241.5	2.65	138.0
191.186	0.482	fixation	n/a	215.0	237.1	2416.0	n/a	n/a	n/a	n/a
191.67	0.016	saccade	n/a	219.9	239.7	n/a	240.7	238.3	0.78	57.0
191.688	0.374	fixation	n/a	249.8	236.6	2427.0	n/a	n/a	n/a	n/a
192.064	0.028	saccade	n/a	256.4	235.2	n/a	328.4	231.4	2.73	120.0
192.094	0.146	fixation	n/a	336.9	231.1	2440.0	n/a	n/a	n/a	n/a
192.242	0.024	saccade	n/a	340.9	234.0	n/a	388.7	232.1	1.83	101.0
192.268	0.29	fixation	n/a	396.9	230.4	2455.0	n/a	n/a	n/a	n/a
192.56	0.022	saccade	n/a	400.5	228.1	n/a	436.2	226.9	1.37	79.0
192.584	0.136	fixation	n/a	440.2	226.2	2430.0	n/a	n/a	n/a	n/a
192.722	0.028	saccade	n/a	441.5	225.7	n/a	511.5	225.2	2.69	124.0
192.752	0.25	fixation	n/a	522.9	224.0	2453.0	n/a	n/a	n/a	n/a
193.004	0.02	saccade	n/a	524.2	221.8	n/a	550.0	220.2	0.99	56.0
193.026	0.118	fixation	n/a	555.6	221.6	2503.0	n/a	n/a	n/a	n/a
193.146	0.078	saccade	n/a	553.5	223.9	n/a	155.2	271.4	15.06	291.0
193.226	0.17	fixation	n/a	154.0	281.2	2524.0	n/a	n/a	n/a	n/a
193.398	0.016	saccade	n/a	155.2	281.2	n/a	132.1	285.6	0.86	65.0
193.416	0.158	fixation	n/a	131.8	289.8	2510.0	n/a	n/a	n/a	n/a
193.576	0.022	saccade	n/a	132.5	290.1	n/a	178.6	288.5	1.7	110.0
193.6	0.12	fixation	n/a	172.8	285.2	2492.0	n/a	n/a	n/a	n/a
193.722	0.026	saccade	n/a	177.4	288.3	n/a	252.8	294.6	2.82	148.0
193.75	0.186	fixation	n/a	258.4	295.5	2508.0	n/a	n/a	n/a	n/a
193.938	0.02	saccade	n/a	254.4	294.6	n/a	222.9	284.6	1.25	82.0
193.96	0.03	fixation	n/a	221.6	278.7	2535.0	n/a	n/a	n/a	n/a
193.992	0.026	saccade	n/a	215.4	273.5	n/a	177.9	241.6	1.86	75.0
194.02	0.678	fixation	n/a	136.0	189.5	2493.0	n/a	n/a	n/a	n/a
194.204	0.0	trigger_11	11	n/a	n/a	n/a	n/a	n/a	n/a	n/a
194.308	0.0	trigger_10	10	n/a	n/a	n/a	n/a	n/a	n/a	n/a
194.7	0.026	saccade	n/a	144.2	165.7	n/a	202.7	166.4	2.15	131.0
194.728	0.206	fixation	n/a	204.6	171.5	2532.0	n/a	n/a	n/a	n/a
194.936	0.02	saccade	n/a	209.2	177.5	n/a	242.3	182.0	1.25	79.0
194.958	0.426	fixation	n/a	248.8	182.9	2582.0	n/a	n/a	n/a	n/a
195.386	0.024	saccade	n/a	244.3	186.1	n/a	194.5	180.7	1.87	102.0
195.412	0.614	fixation	n/a	194.6	178.5	2747.0	n/a	n/a	n/a	n/a
196.028	0.028	saccade	n/a	188.2	177.7	n/a	116.9	169.4	2.63	161.0
196.058	0.498	fixation	n/a	112.6	177.1	2860.0	n/a	n/a	n/a	n/a
196.558	0.018	saccade	n/a	110.2	182.0	n/a	134.5	173.7	0.94	68.0
196.578	0.552	fixation	n/a	131.7	176.7	2872.0	n/a	n/a	n/a	n/a
197.132	0.022	saccade	n/a	129.9	183.2	n/a	93.6	191.9	1.36	90.0
197.156	0.26	fixation	n/a	101.7	193.7	2937.0	n/a	n/a	n/a	n/a
197.418	0.018	saccade	n/a	105.6	191.8	n/a	132.3	180.9	1.05	71.0
197.438	0.124	fixation	n/a	138.3	191.1	2944.0	n/a	n/a	n/a	n/a
197.564	0.16	saccade	n/a	155.6	227.1	n/a	175.6	167.9	2.37	2837.0
197.596	0.038	blink	n/a	n/a	n/a	n/a	n/a	n/a	n/a	n/a
197.726	0.29	fixation	n/a	181.4	161.0	2808.0	n/a	n/a	n/a	n/a
198.018	0.02	saccade	n/a	187.9	152.9	n/a	221.7	157.0	1.26	85.0
198.04	0.34	fixation	n/a	217.6	161.7	2688.0	n/a	n/a	n/a	n/a
198.382	0.016	saccade	n/a	204.7	166.8	n/a	182.4	163.6	0.84	64.0
198.4	0.224	fixation	n/a	183.6	164.2	2701.0	n/a	n/a	n/a	n/a
198.626	0.016	saccade	n/a	185.3	166.4	n/a	207.4	172.5	0.85	65.0
198.644	0.088	fixation	n/a	206.4	174.1	2712.0	n/a	n/a	n/a	n/a
198.734	0.024	saccade	n/a	207.3	176.2	n/a	248.8	187.3	1.61	96.0
198.76	0.218	fixation	n/a	248.5	186.6	2726.0	n/a	n/a	n/a	n/a
198.98	0.022	saccade	n/a	245.7	190.9	n/a	206.2	181.5	1.52	90.0
199.004	0.162	fixation	n/a	201.8	179.2	2736.0	n/a	n/a	n/a	n/a
199.168	0.014	saccade	n/a	196.2	178.4	n/a	179.8	174.5	0.63	55.0
199.184	0.716	fixation	n/a	201.2	179.3	2685.0	n/a	n/a	n/a	n/a
199.902	0.02	saccade	n/a	222.4	192.3	n/a	255.7	194.0	1.25	78.0
199.924	0.682	fixation	n/a	266.7	195.3	2616.0	n/a	n/a	n/a	n/a
200.608	0.024	saccade	n/a	271.4	196.7	n/a	312.9	193.5	1.58	82.0
200.634	0.16	fixation	n/a	314.6	191.5	2600.0	n/a	n/a	n/a	n/a
200.796	0.026	saccade	n/a	315.4	194.6	n/a	371.9	197.0	2.16	112.0
200.824	0.116	fixation	n/a	374.2	196.0	2587.0	n/a	n/a	n/a	n/a
200.942	0.018	saccade	n/a	377.3	193.7	n/a	403.3	194.9	1.0	67.0
200.962	0.596	fixation	n/a	397.6	194.2	2492.0	n/a	n/a	n/a	n/a
201.56	0.062	saccade	n/a	386.8	193.9	n/a	138.5	156.7	9.39	272.0
201.624	0.29	fixation	n/a	159.0	160.4	2553.0	n/a	n/a	n/a	n/a
201.916	0.018	saccade	n/a	160.6	160.7	n/a	132.7	158.2	1.02	76.0
201.936	0.19	fixation	n/a	136.6	159.7	2577.0	n/a	n/a	n/a	n/a
202.128	0.022	saccade	n/a	139.5	160.2	n/a	182.6	165.1	1.59	97.0
202.152	1.254	fixation	n/a	184.4	176.8	2666.0	n/a	n/a	n/a	n/a
203.408	0.02	saccade	n/a	178.5	188.3	n/a	149.0	182.3	1.11	81.0
203.43	0.166	fixation	n/a	153.3	186.5	2968.0	n/a	n/a	n/a	n/a
203.598	0.018	saccade	n/a	148.8	191.6	n/a	115.8	192.6	1.2	88.0
203.618	0.406	fixation	n/a	115.3	190.8	2970.0	n/a	n/a	n/a	n/a
204.026	0.016	saccade	n/a	115.6	189.5	n/a	134.8	185.5	0.72	57.0
204.044	0.212	fixation	n/a	131.1	187.1	2896.0	n/a	n/a	n/a	n/a
204.258	0.018	saccade	n/a	132.2	182.2	n/a	159.7	182.1	1.01	71.0
204.278	0.446	fixation	n/a	169.2	190.4	2958.0	n/a	n/a	n/a	n/a
204.726	0.024	saccade	n/a	179.3	190.0	n/a	128.6	186.9	1.87	105.0
204.752	0.222	fixation	n/a	127.7	186.9	2924.0	n/a	n/a	n/a	n/a
204.976	0.016	saccade	n/a	125.4	188.6	n/a	106.5	189.9	0.69	55.0
204.994	0.7	fixation	n/a	101.9	198.2	2920.0	n/a	n/a	n/a	n/a
205.696	0.018	saccade	n/a	99.6	198.8	n/a	124.8	187.7	1.0	73.0
205.716	0.706	fixation	n/a	122.9	189.3	2987.0	n/a	n/a	n/a	n/a
206.424	0.024	saccade	n/a	124.4	187.9	n/a	174.1	182.5	1.83	106.0
206.45	0.258	fixation	n/a	183.4	187.0	3108.0	n/a	n/a	n/a	n/a
206.71	0.02	saccade	n/a	186.5	189.0	n/a	215.8	196.9	1.13	69.0
206.732	0.396	fixation	n/a	220.3	200.2	3070.0	n/a	n/a	n/a	n/a
207.13	0.018	saccade	n/a	216.8	194.4	n/a	186.7	188.8	1.14	81.0
207.15	0.266	fixation	n/a	192.3	187.7	2998.0	n/a	n/a	n/a	n/a
207.418	0.022	saccade	n/a	195.2	195.8	n/a	238.5	207.0	1.67	98.0
207.442	0.192	fixation	n/a	243.4	211.4	3130.0	n/a	n/a	n/a	n/a
207.636	0.022	saccade	n/a	245.7	213.0	n/a	285.9	213.5	1.51	86.0
207.66	0.282	fixation	n/a	290.0	207.3	3122.0	n/a	n/a	n/a	n/a
207.944	0.022	saccade	n/a	296.1	204.2	n/a	336.9	205.6	1.55	88.0
207.968	0.12	fixation	n/a	341.4	205.8	2991.0	n/a	n/a	n/a	n/a
208.09	0.024	saccade	n/a	344.7	203.8	n/a	403.8	207.1	2.26	131.0
208.116	0.184	fixation	n/a	404.8	207.2	2937.0	n/a	n/a	n/a	n/a
208.302	0.014	saccade	n/a	401.5	206.6	n/a	386.9	205.7	0.56	46.0
208.318	0.17	fixation	n/a	385.7	205.6	2935.0	n/a	n/a	n/a	n/a
208.49	0.026	saccade	n/a	384.5	206.7	n/a	330.5	205.5	2.06	111.0
208.518	0.048	fixation	n/a	330.8	206.5	2947.0	n/a	n/a	n/a	n/a
208.568	0.022	saccade	n/a	327.2	206.4	n/a	292.1	201.3	1.34	86.0
208.592	0.17	fixation	n/a	292.3	202.8	2968.0	n/a	n/a	n/a	n/a
208.764	0.018	saccade	n/a	290.6	208.2	n/a	264.5	211.9	1.0	70.0
208.784	0.208	fixation	n/a	267.3	212.0	2955.0	n/a	n/a	n/a	n/a
208.994	0.036	saccade	n/a	270.0	211.5	n/a	386.3	210.5	4.42	202.0
209.032	0.076	fixation	n/a	385.5	207.4	2885.0	n/a	n/a	n/a	n/a
209.11	0.02	saccade	n/a	388.0	206.9	n/a	418.2	207.1	1.15	82.0
209.132	0.092	fixation	n/a	415.2	207.1	2857.0	n/a	n/a	n/a	n/a
209.226	0.018	saccade	n/a	412.6	207.2	n/a	384.7	206.3	1.07	78.0
209.246	0.092	fixation	n/a	388.2	206.6	2856.0	n/a	n/a	n/a	n/a
209.34	0.024	saccade	n/a	383.9	206.8	n/a	334.4	207.2	1.89	123.0
209.366	0.298	fixation	n/a	328.6	205.3	2816.0	n/a	n/a	n/a	n/a
209.666	0.038	saccade	n/a	316.1	203.4	n/a	439.2	209.6	4.71	230.0
209.706	0.138	fixation	n/a	436.4	206.1	2818.0	n/a	n/a	n/a	n/a
209.846	0.04	saccade	n/a	435.2	206.6	n/a	247.8	202.8	7.1	291.0
209.888	0.27	fixation	n/a	216.4	201.9	2794.0	n/a	n/a	n/a	n/a
210.16	0.034	saccade	n/a	216.5	199.6	n/a	132.3	178.4	3.2	213.0
210.196	0.24	fixation	n/a	135.5	178.2	2717.0	n/a	n/a	n/a	n/a
210.438	0.024	saccade	n/a	136.6	179.6	n/a	197.3	189.9	2.27	136.0
210.464	0.162	fixation	n/a	197.7	190.0	2710.0	n/a	n/a	n/a	n/a
210.628	0.026	saccade	n/a	201.4	192.7	n/a	265.9	204.5	2.45	137.0
210.656	0.214	fixation	n/a	273.0	204.6	2706.0	n/a	n/a	n/a	n/a
210.872	0.014	saccade	n/a	278.5	204.2	n/a	294.5	202.0	0.61	49.0
210.888	0.126	fixation	n/a	300.8	196.6	2680.0	n/a	n/a	n/a	n/a
211.016	0.016	saccade	n/a	304.3	197.3	n/a	323.6	201.7	0.75	57.0
211.034	0.15	fixation	n/a	327.1	200.7	2626.0	n/a	n/a	n/a	n/a
211.186	0.026	saccade	n/a	324.7	196.2	n/a	278.2	198.2	1.76	119.0
211.214	0.344	fixation	n/a	279.4	196.3	2568.0	n/a	n/a	n/a	n/a
211.56	0.026	saccade	n/a	274.4	195.5	n/a	328.4	192.7	2.05	113.0
211.588	0.136	fixation	n/a	327.9	193.6	2516.0	n/a	n/a	n/a	n/a
211.726	0.028	saccade	n/a	329.6	194.7	n/a	406.6	195.5	2.94	160.0
211.756	0.068	fixation	n/a	409.5	195.7	2518.0	n/a	n/a	n/a	n/a
211.826	0.026	saccade	n/a	411.5	195.4	n/a	459.5	197.6	1.84	132.0
211.854	0.552	fixation	n/a	462.9	196.8	2533.0	n/a	n/a	n/a	n/a
212.118	0.0	trigger_11	11	n/a	n/a	n/a	n/a	n/a	n/a	n/a
212.22	0.0	trigger_10	10	n/a	n/a	n/a	n/a	n/a	n/a	n/a
212.408	0.064	saccade	n/a	461.6	192.6	n/a	138.0	175.9	12.11	356.0
212.474	0.226	fixation	n/a	138.3	173.6	2589.0	n/a	n/a	n/a	n/a
212.702	0.024	saccade	n/a	139.5	176.1	n/a	190.8	178.5	1.88	122.0
212.728	0.3	fixation	n/a	186.9	181.5	2668.0	n/a	n/a	n/a	n/a
213.03	0.018	saccade	n/a	191.4	185.1	n/a	217.9	188.7	0.99	70.0
213.05	0.188	fixation	n/a	214.7	191.6	2676.0	n/a	n/a	n/a	n/a
213.24	0.016	saccade	n/a	211.4	193.0	n/a	192.0	189.4	0.73	58.0
213.258	0.33	fixation	n/a	192.6	191.3	2752.0	n/a	n/a	n/a	n/a
213.59	0.014	saccade	n/a	194.0	192.3	n/a	212.0	191.5	0.67	56.0
213.606	0.146	fixation	n/a	209.4	193.5	2840.0	n/a	n/a	n/a	n/a
213.754	0.032	saccade	n/a	209.2	193.5	n/a	284.9	203.3	2.85	189.0
213.788	0.258	fixation	n/a	281.0	204.3	2881.0	n/a	n/a	n/a	n/a
214.048	0.026	saccade	n/a	281.2	203.8	n/a	337.1	202.5	2.1	122.0
214.076	0.17	fixation	n/a	338.5	200.2	2912.0	n/a	n/a	n/a	n/a
214.248	0.032	saccade	n/a	340.5	197.7	n/a	432.4	201.4	3.48	182.0
214.282	0.29	fixation	n/a	431.5	201.1	2936.0	n/a	n/a	n/a	n/a
214.574	0.028	saccade	n/a	432.3	200.8	n/a	497.3	202.5	2.47	150.0
214.604	0.172	fixation	n/a	495.9	203.4	2944.0	n/a	n/a	n/a	n/a
214.778	0.024	saccade	n/a	492.6	202.9	n/a	441.5	205.9	1.95	131.0
214.804	0.178	fixation	n/a	442.7	208.1	2985.0	n/a	n/a	n/a	n/a
214.984	0.038	saccade	n/a	442.4	204.7	n/a	555.8	202.1	4.3	221.0
215.024	0.146	fixation	n/a	554.3	204.4	2995.0	n/a	n/a	n/a	n/a
215.172	0.022	saccade	n/a	555.8	206.2	n/a	596.5	204.3	1.55	106.0
215.196	0.148	fixation	n/a	591.9	204.1	3014.0	n/a	n/a	n/a	n/a
215.346	0.062	saccade	n/a	591.4	205.4	n/a	150.1	247.8	16.49	501.0
215.41	0.242	fixation	n/a	152.8	255.4	2976.0	n/a	n/a	n/a	n/a
215.654	0.018	saccade	n/a	156.6	256.4	n/a	183.8	263.0	1.03	77.0
215.674	0.162	fixation	n/a	183.2	258.0	2888.0	n/a	n/a	n/a	n/a
215.838	0.058	saccade	n/a	184.3	255.4	n/a	548.1	208.4	13.8	394.0
215.898	0.174	fixation	n/a	554.9	210.2	2849.0	n/a	n/a	n/a	n/a
216.074	0.016	saccade	n/a	553.1	210.7	n/a	532.6	206.2	0.8	63.0
216.092	0.136	fixation	n/a	537.8	203.5	2884.0	n/a	n/a	n/a	n/a
216.23	0.03	saccade	n/a	537.4	202.3	n/a	605.4	202.7	2.6	183.0
216.262	0.14	fixation	n/a	602.7	201.1	2853.0	n/a	n/a	n/a	n/a
216.404	0.076	saccade	n/a	602.0	201.3	n/a	151.4	251.4	16.92	481.0
216.482	0.252	fixation	n/a	156.4	255.1	2866.0	n/a	n/a	n/a	n/a
216.736	0.026	saccade	n/a	158.4	256.8	n/a	216.9	256.6	2.16	146.0
216.764	0.162	fixation	n/a	213.7	255.2	2889.0	n/a	n/a	n/a	n/a
216.782	0.0	trigger_11	11	n/a	n/a	n/a	n/a	n/a	n/a	n/a
216.884	0.0	trigger_10	10	n/a	n/a	n/a	n/a	n/a	n/a	n/a
216.928	0.036	saccade	n/a	214.7	255.9	n/a	143.7	181.5	3.86	220.0
216.966	0.33	fixation	n/a	147.4	184.6	3024.0	n/a	n/a	n/a	n/a
217.298	0.022	saccade	n/a	149.6	189.7	n/a	193.1	194.6	1.61	102.0
217.322	0.15	fixation	n/a	191.8	195.0	3097.0	n/a	n/a	n/a	n/a
217.474	0.032	saccade	n/a	190.5	195.3	n/a	272.5	211.3	3.11	226.0
217.508	0.296	fixation	n/a	269.3	213.0	3138.0	n/a	n/a	n/a	n/a
217.806	0.032	saccade	n/a	267.9	214.3	n/a	195.5	202.2	2.74	192.0
217.84	0.258	fixation	n/a	198.0	199.8	3112.0	n/a	n/a	n/a	n/a
218.1	0.03	saccade	n/a	200.2	201.8	n/a	284.3	212.2	3.16	178.0
218.132	0.25	fixation	n/a	279.1	210.9	3120.0	n/a	n/a	n/a	n/a
218.384	0.026	saccade	n/a	281.1	209.3	n/a	337.8	210.0	2.14	130.0
218.412	0.164	fixation	n/a	335.8	207.9	3088.0	n/a	n/a	n/a	n/a
218.578	0.034	saccade	n/a	334.9	208.1	n/a	272.8	207.0	2.34	130.0
218.614	0.254	fixation	n/a	277.9	205.1	2992.0	n/a	n/a	n/a	n/a
218.87	0.02	saccade	n/a	280.7	203.2	n/a	315.9	204.2	1.33	90.0
218.892	0.218	fixation	n/a	314.0	205.0	2957.0	n/a	n/a	n/a	n/a
219.112	0.024	saccade	n/a	316.0	205.4	n/a	366.8	203.0	1.93	133.0
219.138	0.392	fixation	n/a	366.4	202.8	2981.0	n/a	n/a	n/a	n/a
219.532	0.046	saccade	n/a	366.5	203.1	n/a	159.0	200.2	7.74	255.0
219.58	0.156	fixation	n/a	156.0	197.1	2953.0	n/a	n/a	n/a	n/a
219.738	0.024	saccade	n/a	154.4	197.8	n/a	105.1	197.6	1.79	123.0
219.764	0.078	fixation	n/a	109.8	199.2	2954.0	n/a	n/a	n/a	n/a
219.844	0.144	saccade	n/a	111.8	211.1	n/a	109.9	192.6	0.7	2844.0
219.924	0.004	blink	n/a	n/a	n/a	n/a	n/a	n/a	n/a	n/a
219.99	0.194	fixation	n/a	113.3	181.5	2855.0	n/a	n/a	n/a	n/a
220.186	0.024	saccade	n/a	116.3	177.5	n/a	166.0	171.2	1.82	113.0
220.212	0.154	fixation	n/a	166.0	168.3	2859.0	n/a	n/a	n/a	n/a
220.368	0.024	saccade	n/a	170.2	165.9	n/a	222.9	167.2	1.95	128.0
220.394	0.412	fixation	n/a	220.9	168.6	2764.0	n/a	n/a	n/a	n/a
220.808	0.016	saccade	n/a	223.6	176.3	n/a	244.9	183.1	0.83	66.0
220.826	0.432	fixation	n/a	241.8	191.1	2906.0	n/a	n/a	n/a	n/a
221.26	0.036	saccade	n/a	240.9	198.4	n/a	130.9	185.3	4.07	187.0
221.298	0.732	fixation	n/a	134.3	189.1	3096.0	n/a	n/a	n/a	n/a
222.032	0.02	saccade	n/a	132.2	196.9	n/a	102.5	199.1	1.08	77.0
222.054	0.594	fixation	n/a	104.2	200.8	3275.0	n/a	n/a	n/a	n/a
222.65	0.016	saccade	n/a	104.4	200.8	n/a	127.1	201.6	0.82	61.0
222.668	0.408	fixation	n/a	126.7	195.4	3174.0	n/a	n/a	n/a	n/a
223.078	0.014	saccade	n/a	132.9	191.6	n/a	151.4	193.2	0.67	56.0
223.094	0.128	fixation	n/a	151.5	192.6	3157.0	n/a	n/a	n/a	n/a
223.224	0.026	saccade	n/a	153.8	192.5	n/a	211.9	200.3	2.14	128.0
223.252	0.238	fixation	n/a	207.7	203.3	3244.0	n/a	n/a	n/a	n/a
223.492	0.02	saccade	n/a	211.5	208.6	n/a	244.7	212.6	1.23	78.0
223.514	0.234	fixation	n/a	245.1	212.0	3160.0	n/a	n/a	n/a	n/a
223.75	0.022	saccade	n/a	249.4	213.4	n/a	288.5	212.7	1.45	91.0
223.774	0.222	fixation	n/a	286.9	212.6	3057.0	n/a	n/a	n/a	n/a
223.998	0.03	saccade	n/a	288.4	212.8	n/a	188.1	203.6	3.74	197.0
224.03	0.21	fixation	n/a	181.5	195.4	2974.0	n/a	n/a	n/a	n/a
224.242	0.016	saccade	n/a	187.5	183.2	n/a	211.3	185.6	0.89	68.0
224.26	0.118	fixation	n/a	209.3	183.8	2987.0	n/a	n/a	n/a	n/a
224.38	0.03	saccade	n/a	209.7	186.7	n/a	288.6	211.3	3.1	179.0
224.412	0.134	fixation	n/a	283.7	210.2	3028.0	n/a	n/a	n/a	n/a
224.548	0.026	saccade	n/a	285.0	208.2	n/a	345.7	208.1	2.3	114.0
224.576	0.142	fixation	n/a	348.7	207.7	3017.0	n/a	n/a	n/a	n/a
224.72	0.022	saccade	n/a	349.1	204.0	n/a	394.3	205.1	1.72	110.0
224.744	0.21	fixation	n/a	391.7	203.7	2948.0	n/a	n/a	n/a	n/a
224.956	0.03	saccade	n/a	391.0	202.8	n/a	324.0	201.9	2.55	173.0
224.988	0.072	fixation	n/a	326.3	200.5	2875.0	n/a	n/a	n/a	n/a
225.062	0.046	saccade	n/a	324.3	198.7	n/a	105.7	178.9	8.1	337.0
225.11	0.408	fixation	n/a	110.4	180.6	2840.0	n/a	n/a	n/a	n/a
225.184	0.0	trigger_11	11	n/a	n/a	n/a	n/a	n/a	n/a	n/a
225.288	0.0	trigger_10	10	n/a	n/a	n/a	n/a	n/a	n/a	n/a
225.52	0.032	saccade	n/a	110.7	190.3	n/a	206.7	192.0	3.5	217.0
225.554	0.256	fixation	n/a	201.8	191.9	2973.0	n/a	n/a	n/a	n/a
225.812	0.028	saccade	n/a	201.6	195.3	n/a	290.0	206.5	3.32	178.0
225.842	0.186	fixation	n/a	304.6	203.6	2968.0	n/a	n/a	n/a	n/a
226.03	0.016	saccade	n/a	304.1	203.7	n/a	281.1	204.2	0.86	70.0
226.048	0.162	fixation	n/a	286.4	204.2	2954.0	n/a	n/a	n/a	n/a
226.212	0.026	saccade	n/a	284.0	203.4	n/a	238.4	202.8	1.7	133.0
226.24	0.098	fixation	n/a	241.6	204.4	2921.0	n/a	n/a	n/a	n/a
226.34	0.036	saccade	n/a	242.5	204.0	n/a	346.3	208.0	3.88	187.0
226.378	0.22	fixation	n/a	347.3	206.4	2964.0	n/a	n/a	n/a	n/a
226.6	0.032	saccade	n/a	346.7	202.8	n/a	439.2	203.6	3.5	195.0
226.634	0.08	fixation	n/a	437.0	204.3	2977.0	n/a	n/a	n/a	n/a
226.716	0.026	saccade	n/a	438.5	205.2	n/a	509.1	204.3	2.69	148.0
226.744	0.15	fixation	n/a	512.2	202.3	2940.0	n/a	n/a	n/a	n/a
226.896	0.02	saccade	n/a	515.5	202.3	n/a	549.3	201.8	1.29	87.0
226.918	0.09	fixation	n/a	546.6	202.5	2934.0	n/a	n/a	n/a	n/a
227.01	0.022	saccade	n/a	547.8	202.2	n/a	587.4	203.4	1.51	93.0
227.034	0.156	fixation	n/a	587.0	203.7	2888.0	n/a	n/a	n/a	n/a
227.192	0.08	saccade	n/a	590.0	202.1	n/a	95.3	251.0	18.38	438.0
227.274	0.192	fixation	n/a	108.9	254.4	2808.0	n/a	n/a	n/a	n/a
227.468	0.03	saccade	n/a	111.2	254.8	n/a	184.4	256.4	2.68	167.0
227.5	0.184	fixation	n/a	183.3	255.0	2771.0	n/a	n/a	n/a	n/a
227.686	0.026	saccade	n/a	185.6	254.6	n/a	251.6	247.9	2.47	142.0
227.714	0.15	fixation	n/a	255.3	247.3	2793.0	n/a	n/a	n/a	n/a
227.866	0.02	saccade	n/a	257.3	243.8	n/a	292.5	241.7	1.32	92.0
227.888	0.206	fixation	n/a	289.7	243.1	2789.0	n/a	n/a	n/a	n/a
228.096	0.026	saccade	n/a	292.3	244.8	n/a	341.9	249.3	1.89	126.0
228.124	0.204	fixation	n/a	339.7	246.9	2805.0	n/a	n/a	n/a	n/a
228.33	0.034	saccade	n/a	341.5	248.1	n/a	444.3	247.4	3.92	205.0
228.366	0.172	fixation	n/a	443.9	247.0	2829.0	n/a	n/a	n/a	n/a
228.54	0.022	saccade	n/a	445.8	247.3	n/a	481.3	248.2	1.36	79.0
228.564	0.122	fixation	n/a	484.3	249.6	2840.0	n/a	n/a	n/a	n/a
228.688	0.026	saccade	n/a	487.7	247.7	n/a	555.9	249.6	2.61	130.0
228.716	0.238	fixation	n/a	560.6	247.3	2808.0	n/a	n/a	n/a	n/a
228.956	0.072	saccade	n/a	561.1	247.7	n/a	118.5	319.3	16.68	455.0
229.03	0.408	fixation	n/a	115.3	317.9	2766.0	n/a	n/a	n/a	n/a
229.44	0.03	saccade	n/a	112.5	317.9	n/a	187.9	318.1	2.75	169.0
229.472	0.596	fixation	n/a	187.5	315.7	2717.0	n/a	n/a	n/a	n/a
230.07	0.026	saccade	n/a	186.9	313.7	n/a	162.6	270.1	1.89	88.0
230.098	0.146	fixation	n/a	154.6	242.9	2719.0	n/a	n/a	n/a	n/a
230.246	0.03	saccade	n/a	150.9	236.6	n/a	123.0	181.2	2.33	97.0
230.278	0.324	fixation	n/a	125.8	153.2	2708.0	n/a	n/a	n/a	n/a
230.296	0.0	trigger_11	11	n/a	n/a	n/a	n/a	n/a	n/a	n/a
230.4	0.0	trigger_10	10	n/a	n/a	n/a	n/a	n/a	n/a	n/a
230.604	0.036	saccade	n/a	125.8	153.6	n/a	230.6	188.6	4.07	199.0
230.642	0.202	fixation	n/a	223.8	188.2	2795.0	n/a	n/a	n/a	n/a
230.846	0.026	saccade	n/a	225.0	190.6	n/a	283.7	203.5	2.25	143.0
230.874	0.206	fixation	n/a	278.4	200.8	2810.0	n/a	n/a	n/a	n/a
231.082	0.036	saccade	n/a	279.2	200.8	n/a	167.4	194.7	4.15	236.0
231.12	0.242	fixation	n/a	170.4	193.5	2786.0	n/a	n/a	n/a	n/a
231.364	0.022	saccade	n/a	169.9	190.9	n/a	212.4	188.4	1.57	98.0
231.388	0.154	fixation	n/a	216.3	193.3	2812.0	n/a	n/a	n/a	n/a
231.544	0.02	saccade	n/a	219.2	196.6	n/a	259.8	202.3	1.52	107.0
231.566	0.124	fixation	n/a	258.7	203.4	2845.0	n/a	n/a	n/a	n/a
231.692	0.02	saccade	n/a	261.3	205.5	n/a	300.8	205.9	1.49	98.0
231.714	0.244	fixation	n/a	297.6	202.8	2846.0	n/a	n/a	n/a	n/a
231.96	0.044	saccade	n/a	297.5	200.8	n/a	109.0	203.9	6.93	286.0
232.006	0.224	fixation	n/a	113.1	199.8	2777.0	n/a	n/a	n/a	n/a
232.232	0.026	saccade	n/a	115.4	196.2	n/a	181.9	198.4	2.42	137.0
232.26	0.138	fixation	n/a	183.8	197.8	2744.0	n/a	n/a	n/a	n/a
232.4	0.026	saccade	n/a	185.3	197.1	n/a	242.4	199.8	2.11	113.0
232.428	0.184	fixation	n/a	281.8	204.0	2750.0	n/a	n/a	n/a	n/a
232.614	0.024	saccade	n/a	282.2	202.7	n/a	235.6	195.7	1.76	133.0
232.64	0.18	fixation	n/a	236.3	195.1	2760.0	n/a	n/a	n/a	n/a
232.822	0.03	saccade	n/a	234.0	192.3	n/a	131.0	199.6	3.78	187.0
232.854	0.632	fixation	n/a	123.3	198.9	2774.0	n/a	n/a	n/a	n/a
233.488	0.014	saccade	n/a	122.5	196.4	n/a	111.2	206.1	0.55	46.0
233.504	0.344	fixation	n/a	114.1	207.2	2888.0	n/a	n/a	n/a	n/a
233.544	0.0	trigger_11	11	n/a	n/a	n/a	n/a	n/a	n/a	n/a
233.646	0.0	trigger_10	10	n/a	n/a	n/a	n/a	n/a	n/a	n/a
233.85	0.03	saccade	n/a	117.4	213.6	n/a	192.5	205.0	2.76	150.0
233.882	0.168	fixation	n/a	187.8	205.9	2977.0	n/a	n/a	n/a	n/a
234.052	0.022	saccade	n/a	189.1	204.4	n/a	230.9	205.9	1.54	93.0
234.076	0.144	fixation	n/a	228.7	206.2	3019.0	n/a	n/a	n/a	n/a
234.222	0.036	saccade	n/a	230.7	207.6	n/a	344.5	208.4	4.27	186.0
234.26	0.176	fixation	n/a	344.7	205.8	2904.0	n/a	n/a	n/a	n/a
234.438	0.124	saccade	n/a	357.7	218.0	n/a	413.7	202.9	2.2	2332.0
234.564	0.286	fixation	n/a	422.9	194.6	2674.0	n/a	n/a	n/a	n/a
234.852	0.03	saccade	n/a	424.9	193.0	n/a	341.7	196.6	3.17	189.0
234.884	0.23	fixation	n/a	342.5	193.0	2613.0	n/a	n/a	n/a	n/a
235.116	0.018	saccade	n/a	346.1	190.8	n/a	373.4	193.6	1.04	72.0
235.136	0.154	fixation	n/a	375.9	195.5	2563.0	n/a	n/a	n/a	n/a
235.292	0.038	saccade	n/a	378.8	194.1	n/a	493.7	195.3	4.38	186.0
235.332	0.21	fixation	n/a	494.2	191.9	2607.0	n/a	n/a	n/a	n/a
235.544	0.018	saccade	n/a	492.7	195.1	n/a	469.8	196.5	0.88	62.0
235.564	0.134	fixation	n/a	467.7	196.0	2611.0	n/a	n/a	n/a	n/a
235.7	0.028	saccade	n/a	467.4	196.0	n/a	534.4	195.2	2.56	129.0
235.73	0.214	fixation	n/a	534.1	190.2	2576.0	n/a	n/a	n/a	n/a
235.946	0.016	saccade	n/a	538.0	189.9	n/a	559.1	189.8	0.8	62.0
235.964	0.486	fixation	n/a	573.3	185.2	2566.0	n/a	n/a	n/a	n/a
236.452	0.08	saccade	n/a	588.7	174.6	n/a	133.6	234.3	17.01	379.0
236.534	0.122	fixation	n/a	147.1	236.6	2624.0	n/a	n/a	n/a	n/a
236.658	0.116	saccade	n/a	160.2	249.8	n/a	141.0	254.0	0.72	2063.0
236.7	0.03	blink	n/a	n/a	n/a	n/a	n/a	n/a	n/a	n/a
236.776	0.304	fixation	n/a	131.7	244.0	2533.0	n/a	n/a	n/a	n/a
237.082	0.014	saccade	n/a	128.5	247.5	n/a	110.6	247.9	0.65	53.0
237.098	0.054	fixation	n/a	112.9	247.5	2450.0	n/a	n/a	n/a	n/a
237.154	0.036	saccade	n/a	115.1	246.9	n/a	231.7	249.5	4.27	243.0
237.192	0.246	fixation	n/a	233.5	252.5	2401.0	n/a	n/a	n/a	n/a
237.44	0.02	saccade	n/a	235.5	252.6	n/a	266.7	246.6	1.19	78.0
237.462	0.128	fixation	n/a	266.1	243.5	2427.0	n/a	n/a	n/a	n/a
237.592	0.024	saccade	n/a	268.7	242.5	n/a	326.3	236.9	2.18	124.0
237.618	0.178	fixation	n/a	328.0	239.6	2453.0	n/a	n/a	n/a	n/a
237.798	0.024	saccade	n/a	328.7	239.7	n/a	380.8	250.9	2.02	112.0
237.824	0.144	fixation	n/a	384.4	252.5	2528.0	n/a	n/a	n/a	n/a
237.97	0.026	saccade	n/a	385.9	253.1	n/a	447.0	248.7	2.33	122.0
237.998	0.064	fixation	n/a	456.0	248.5	2583.0	n/a	n/a	n/a	n/a
238.064	0.024	saccade	n/a	460.3	249.3	n/a	516.9	250.6	2.16	123.0
238.09	0.158	fixation	n/a	523.1	249.0	2605.0	n/a	n/a	n/a	n/a
238.25	0.024	saccade	n/a	528.5	246.5	n/a	578.0	245.5	1.89	108.0
238.276	0.252	fixation	n/a	587.3	243.2	2590.0	n/a	n/a	n/a	n/a
238.53	0.104	saccade	n/a	587.1	243.6	n/a	230.8	205.1	13.48	234.0
238.636	0.056	fixation	n/a	223.5	201.1	2566.0	n/a	n/a	n/a	n/a
238.694	0.03	saccade	n/a	223.6	200.6	n/a	140.3	177.5	3.17	191.0
238.726	0.166	fixation	n/a	140.6	175.6	2572.0	n/a	n/a	n/a	n/a
238.894	0.028	saccade	n/a	140.1	175.1	n/a	211.2	175.3	2.6	151.0
238.924	0.192	fixation	n/a	210.5	178.0	2599.0	n/a	n/a	n/a	n/a
239.118	0.026	saccade	n/a	214.2	184.1	n/a	286.9	197.0	2.76	159.0
239.146	0.068	fixation	n/a	293.7	194.5	2573.0	n/a	n/a	n/a	n/a
239.216	0.032	saccade	n/a	294.0	190.8	n/a	373.1	190.8	2.98	170.0
239.25	0.388	fixation	n/a	376.0	189.0	2584.0	n/a	n/a	n/a	n/a
239.64	0.038	saccade	n/a	376.8	189.4	n/a	531.0	187.8	5.85	262.0
239.68	0.162	fixation	n/a	537.2	186.9	2613.0	n/a	n/a	n/a	n/a
239.844	0.016	saccade	n/a	541.1	187.8	n/a	559.5	189.2	0.7	54.0
239.862	0.226	fixation	n/a	558.2	189.6	2623.0	n/a	n/a	n/a	n/a
240.09	0.022	saccade	n/a	560.8	190.5	n/a	596.3	197.5	1.38	84.0
240.114	0.322	fixation	n/a	597.6	194.0	2599.0	n/a	n/a	n/a	n/a
240.438	0.02	saccade	n/a	600.0	195.1	n/a	566.9	193.4	1.26	84.0
240.46	0.184	fixation	n/a	564.4	189.6	2606.0	n/a	n/a	n/a	n/a
240.646	0.024	saccade	n/a	565.4	189.8	n/a	518.3	186.8	1.79	105.0
240.672	0.024	fixation	n/a	504.5	189.9	2601.0	n/a	n/a	n/a	n/a
240.698	0.038	saccade	n/a	486.5	192.4	n/a	402.5	197.4	3.21	96.0
240.738	0.046	fixation	n/a	363.4	197.5	2583.0	n/a	n/a	n/a	n/a
240.786	0.046	saccade	n/a	333.7	197.9	n/a	229.4	206.5	3.92	110.0
240.834	0.31	fixation	n/a	148.1	231.8	2528.0	n/a	n/a	n/a	n/a
241.146	0.028	saccade	n/a	143.8	240.7	n/a	212.2	248.7	2.52	134.0
241.176	0.26	fixation	n/a	208.3	248.8	2475.0	n/a	n/a	n/a	n/a
241.438	0.022	saccade	n/a	211.2	248.3	n/a	253.8	231.3	1.71	102.0
241.462	0.112	fixation	n/a	249.7	228.4	2501.0	n/a	n/a	n/a	n/a
241.576	0.044	saccade	n/a	251.4	224.2	n/a	389.8	199.3	5.28	166.0
241.622	0.126	fixation	n/a	407.2	199.0	2520.0	n/a	n/a	n/a	n/a
241.75	0.02	saccade	n/a	412.1	199.7	n/a	445.5	196.4	1.28	81.0
241.772	0.166	fixation	n/a	450.8	195.3	2531.0	n/a	n/a	n/a	n/a
241.94	0.07	saccade	n/a	450.7	198.1	n/a	176.6	229.7	10.32	219.0
242.012	0.358	fixation	n/a	170.4	246.9	2524.0	n/a	n/a	n/a	n/a
242.372	0.026	saccade	n/a	171.2	245.8	n/a	240.7	248.0	2.57	140.0
242.4	0.404	fixation	n/a	255.4	245.9	2495.0	n/a	n/a	n/a	n/a
242.806	0.036	saccade	n/a	265.8	244.5	n/a	363.4	215.2	3.84	130.0
242.844	0.074	fixation	n/a	376.9	209.7	2493.0	n/a	n/a	n/a	n/a
242.92	0.04	saccade	n/a	382.6	208.5	n/a	526.3	193.6	5.48	201.0
242.962	0.072	fixation	n/a	534.9	193.1	2509.0	n/a	n/a	n/a	n/a
243.036	0.028	saccade	n/a	539.3	192.7	n/a	592.5	200.7	2.04	122.0
243.066	0.146	fixation	n/a	588.9	199.1	2532.0	n/a	n/a	n/a	n/a
243.214	0.016	saccade	n/a	587.7	199.2	n/a	567.8	193.3	0.79	60.0
243.232	0.174	fixation	n/a	565.8	189.7	2531.0	n/a	n/a	n/a	n/a
243.408	0.048	saccade	n/a	566.7	191.8	n/a	297.4	243.1	10.37	429.0
243.458	0.254	fixation	n/a	292.0	244.3	2581.0	n/a	n/a	n/a	n/a
243.714	0.034	saccade	n/a	288.5	244.6	n/a	404.5	245.9	4.38	201.0
243.75	0.054	fixation	n/a	415.8	246.5	2631.0	n/a	n/a	n/a	n/a
243.806	0.04	saccade	n/a	417.7	246.3	n/a	559.9	245.9	5.43	237.0
243.848	0.136	fixation	n/a	564.2	238.9	2636.0	n/a	n/a	n/a	n/a
243.986	0.018	saccade	n/a	570.1	238.6	n/a	598.8	239.2	1.09	77.0
244.006	0.258	fixation	n/a	596.6	236.6	2645.0	n/a	n/a	n/a	n/a
244.266	0.056	saccade	n/a	594.5	237.8	n/a	292.8	195.4	11.5	353.0
244.324	0.196	fixation	n/a	292.3	197.2	2658.0	n/a	n/a	n/a	n/a
244.522	0.022	saccade	n/a	295.2	197.5	n/a	337.8	198.4	1.6	109.0
244.546	0.132	fixation	n/a	333.3	198.3	2629.0	n/a	n/a	n/a	n/a
244.68	0.018	saccade	n/a	335.5	198.2	n/a	361.8	198.7	0.99	69.0
244.7	0.182	fixation	n/a	358.4	200.0	2616.0	n/a	n/a	n/a	n/a
244.884	0.026	saccade	n/a	355.9	200.0	n/a	299.4	201.1	2.13	130.0
244.912	0.168	fixation	n/a	276.3	210.5	2620.0	n/a	n/a	n/a	n/a
244.96	0.0	trigger_11	11	n/a	n/a	n/a	n/a	n/a	n/a	n/a
245.066	0.0	trigger_10	10	n/a	n/a	n/a	n/a	n/a	n/a	n/a
245.082	0.02	saccade	n/a	268.4	212.1	n/a	235.6	212.7	1.22	90.0
245.104	0.06	fixation	n/a	237.6	211.8	2605.0	n/a	n/a	n/a	n/a
245.166	0.028	saccade	n/a	235.4	211.0	n/a	173.2	195.8	2.36	139.0
245.196	0.496	fixation	n/a	178.7	195.2	2563.0	n/a	n/a	n/a	n/a
245.694	0.026	saccade	n/a	181.3	195.8	n/a	252.4	216.4	2.74	151.0
245.722	0.17	fixation	n/a	273.6	218.7	2535.0	n/a	n/a	n/a	n/a
245.894	0.044	saccade	n/a	274.4	219.0	n/a	422.2	243.5	5.66	240.0
245.94	0.134	fixation	n/a	424.0	243.3	2583.0	n/a	n/a	n/a	n/a
246.076	0.034	saccade	n/a	425.8	242.1	n/a	521.8	241.0	3.65	205.0
246.112	0.212	fixation	n/a	524.4	242.7	2576.0	n/a	n/a	n/a	n/a
246.326	0.07	saccade	n/a	527.4	241.6	n/a	138.4	160.1	14.74	435.0
246.398	0.258	fixation	n/a	143.0	161.2	2543.0	n/a	n/a	n/a	n/a
246.658	0.026	saccade	n/a	145.5	161.2	n/a	208.1	176.3	2.36	150.0
246.686	0.162	fixation	n/a	207.2	177.0	2535.0	n/a	n/a	n/a	n/a
246.85	0.034	saccade	n/a	208.8	180.6	n/a	302.3	197.0	3.54	222.0
246.886	0.16	fixation	n/a	297.7	194.3	2594.0	n/a	n/a	n/a	n/a
247.048	0.014	saccade	n/a	293.7	194.9	n/a	275.0	194.9	0.7	62.0
247.064	0.146	fixation	n/a	277.5	195.9	2621.0	n/a	n/a	n/a	n/a
247.212	0.036	saccade	n/a	277.0	196.1	n/a	159.4	180.1	4.38	209.0
247.25	0.216	fixation	n/a	160.0	182.7	2637.0	n/a	n/a	n/a	n/a
247.468	0.024	saccade	n/a	163.3	184.8	n/a	217.3	190.4	2.0	116.0
247.494	0.064	fixation	n/a	219.3	190.3	2639.0	n/a	n/a	n/a	n/a
247.56	0.028	saccade	n/a	220.1	190.2	n/a	300.3	198.4	3.01	158.0
247.59	0.24	fixation	n/a	303.9	197.0	2643.0	n/a	n/a	n/a	n/a
247.832	0.016	saccade	n/a	299.9	196.3	n/a	280.5	195.1	0.73	56.0
247.85	0.252	fixation	n/a	282.0	192.4	2622.0	n/a	n/a	n/a	n/a
248.104	0.042	saccade	n/a	282.0	192.1	n/a	459.5	195.0	6.71	275.0
248.148	0.186	fixation	n/a	463.7	191.8	2603.0	n/a	n/a	n/a	n/a
248.336	0.028	saccade	n/a	466.5	189.3	n/a	536.7	186.9	2.67	152.0
248.366	0.114	fixation	n/a	539.7	185.4	2593.0	n/a	n/a	n/a	n/a
248.482	0.018	saccade	n/a	546.0	184.8	n/a	568.8	188.5	0.88	62.0
248.502	0.154	fixation	n/a	572.8	190.8	2547.0	n/a	n/a	n/a	n/a
248.658	0.02	saccade	n/a	571.0	190.0	n/a	540.1	184.3	1.2	83.0
248.68	0.188	fixation	n/a	537.9	187.4	2530.0	n/a	n/a	n/a	n/a
248.87	0.072	saccade	n/a	534.6	187.5	n/a	150.3	243.4	14.44	340.0
248.944	0.3	fixation	n/a	154.2	251.9	2564.0	n/a	n/a	n/a	n/a
249.246	0.034	saccade	n/a	147.7	251.5	n/a	245.6	249.0	3.59	224.0
249.282	0.28	fixation	n/a	244.7	251.2	2588.0	n/a	n/a	n/a	n/a
249.564	0.038	saccade	n/a	243.8	253.1	n/a	146.2	197.7	4.15	217.0
249.604	0.184	fixation	n/a	150.8	198.8	2597.0	n/a	n/a	n/a	n/a
249.79	0.024	saccade	n/a	154.1	200.2	n/a	203.5	196.9	1.81	102.0
249.816	0.192	fixation	n/a	204.0	197.0	2592.0	n/a	n/a	n/a	n/a
250.01	0.024	saccade	n/a	200.6	196.0	n/a	151.9	190.8	1.79	107.0
250.036	0.136	fixation	n/a	151.5	189.4	2604.0	n/a	n/a	n/a	n/a
250.174	0.026	saccade	n/a	154.9	190.0	n/a	216.8	190.5	2.27	130.0
250.202	0.222	fixation	n/a	214.6	191.2	2592.0	n/a	n/a	n/a	n/a
250.426	0.028	saccade	n/a	215.8	187.9	n/a	285.8	195.3	2.61	162.0
250.456	0.172	fixation	n/a	283.1	195.0	2584.0	n/a	n/a	n/a	n/a
250.63	0.018	saccade	n/a	288.6	199.4	n/a	314.2	200.4	0.96	66.0
250.65	0.112	fixation	n/a	312.2	199.9	2566.0	n/a	n/a	n/a	n/a
250.764	0.02	saccade	n/a	309.2	203.1	n/a	300.8	229.5	1.06	68.0
250.786	0.124	fixation	n/a	302.3	227.0	2542.0	n/a	n/a	n/a	n/a
250.912	0.016	saccade	n/a	303.5	226.5	n/a	318.7	238.7	0.74	54.0
250.93	0.132	fixation	n/a	320.5	240.5	2515.0	n/a	n/a	n/a	n/a
251.064	0.02	saccade	n/a	325.7	243.1	n/a	356.9	248.0	1.19	72.0
251.086	0.278	fixation	n/a	365.1	245.5	2484.0	n/a	n/a	n/a	n/a
251.366	0.03	saccade	n/a	369.5	243.9	n/a	453.5	241.1	3.19	141.0
251.398	0.078	fixation	n/a	477.3	239.0	2431.0	n/a	n/a	n/a	n/a
251.478	0.024	saccade	n/a	482.8	239.9	n/a	532.9	241.6	1.91	110.0
251.504	0.168	fixation	n/a	532.5	238.9	2419.0	n/a	n/a	n/a	n/a
251.674	0.016	saccade	n/a	528.0	236.9	n/a	505.0	236.8	0.87	66.0
251.692	0.136	fixation	n/a	503.1	239.9	2402.0	n/a	n/a	n/a	n/a
251.83	0.03	saccade	n/a	499.7	240.6	n/a	410.4	240.4	3.4	158.0
251.862	0.19	fixation	n/a	322.0	242.0	2375.0	n/a	n/a	n/a	n/a
252.054	0.014	saccade	n/a	313.0	240.6	n/a	329.4	242.7	0.62	51.0
252.07	0.112	fixation	n/a	328.1	242.8	2381.0	n/a	n/a	n/a	n/a
252.184	0.026	saccade	n/a	325.4	245.2	n/a	262.2	243.2	2.37	134.0
252.212	0.174	fixation	n/a	266.4	243.7	2387.0	n/a	n/a	n/a	n/a
252.388	0.03	saccade	n/a	263.1	243.5	n/a	163.4	251.6	3.69	163.0
252.42	0.2	fixation	n/a	141.5	258.3	2420.0	n/a	n/a	n/a	n/a
252.622	0.018	saccade	n/a	134.5	257.4	n/a	107.0	257.9	0.99	62.0
252.642	0.244	fixation	n/a	101.8	260.7	2448.0	n/a	n/a	n/a	n/a
252.888	0.082	saccade	n/a	105.9	262.6	n/a	539.7	202.5	16.23	280.0
252.972	0.092	fixation	n/a	557.8	191.6	2475.0	n/a	n/a	n/a	n/a
253.066	0.018	saccade	n/a	561.0	185.3	n/a	587.0	181.8	0.99	70.0
253.086	0.176	fixation	n/a	591.6	181.2	2519.0	n/a	n/a	n/a	n/a
253.264	0.026	saccade	n/a	589.7	180.6	n/a	544.3	181.4	1.72	117.0
253.292	0.162	fixation	n/a	545.4	179.2	2528.0	n/a	n/a	n/a	n/a
253.456	0.076	saccade	n/a	542.5	178.0	n/a	164.2	244.5	14.32	331.0
253.534	0.174	fixation	n/a	178.0	246.8	2524.0	n/a	n/a	n/a	n/a
253.71	0.03	saccade	n/a	182.4	246.2	n/a	257.3	241.8	2.77	167.0
253.742	0.138	fixation	n/a	255.9	242.5	2553.0	n/a	n/a	n/a	n/a
253.882	0.032	saccade	n/a	259.1	242.7	n/a	338.3	249.3	2.98	177.0
253.916	0.264	fixation	n/a	334.7	253.1	2644.0	n/a	n/a	n/a	n/a
254.182	0.036	saccade	n/a	334.7	254.5	n/a	439.4	248.7	3.97	206.0
254.22	0.07	fixation	n/a	437.5	252.3	2725.0	n/a	n/a	n/a	n/a
254.292	0.03	saccade	n/a	441.4	253.8	n/a	507.4	250.0	2.52	173.0
254.324	0.22	fixation	n/a	503.7	249.5	2792.0	n/a	n/a	n/a	n/a
254.546	0.058	saccade	n/a	503.4	251.7	n/a	168.4	267.0	12.54	418.0
254.606	0.28	fixation	n/a	173.9	264.9	2864.0	n/a	n/a	n/a	n/a
254.888	0.024	saccade	n/a	170.5	267.9	n/a	131.1	270.1	1.43	118.0
254.914	0.252	fixation	n/a	135.6	272.5	2875.0	n/a	n/a	n/a	n/a
255.168	0.036	saccade	n/a	135.4	273.4	n/a	253.8	263.7	4.37	256.0
255.206	0.204	fixation	n/a	249.5	261.0	2918.0	n/a	n/a	n/a	n/a
255.412	0.018	saccade	n/a	250.3	258.5	n/a	276.3	258.1	0.97	72.0
255.432	0.266	fixation	n/a	269.6	257.7	2944.0	n/a	n/a	n/a	n/a
255.7	0.036	saccade	n/a	269.8	258.1	n/a	392.1	259.9	4.62	247.0
255.738	0.254	fixation	n/a	395.0	255.2	2952.0	n/a	n/a	n/a	n/a
255.994	0.02	saccade	n/a	399.8	256.7	n/a	431.4	258.5	1.21	83.0
256.016	0.114	fixation	n/a	427.2	255.4	2880.0	n/a	n/a	n/a	n/a
256.132	0.058	saccade	n/a	427.4	254.7	n/a	167.4	201.7	9.87	256.0
256.192	0.456	fixation	n/a	176.8	200.0	2788.0	n/a	n/a	n/a	n/a
256.306	0.0	trigger_11	11	n/a	n/a	n/a	n/a	n/a	n/a	n/a
256.408	0.0	trigger_10	10	n/a	n/a	n/a	n/a	n/a	n/a	n/a
256.65	0.028	saccade	n/a	179.6	196.9	n/a	119.7	185.5	2.22	144.0
256.68	0.17	fixation	n/a	123.0	185.5	2822.0	n/a	n/a	n/a	n/a
256.852	0.03	saccade	n/a	121.8	187.8	n/a	208.8	192.5	3.17	176.0
256.884	0.218	fixation	n/a	207.9	195.4	2905.0	n/a	n/a	n/a	n/a
257.104	0.016	saccade	n/a	212.4	197.2	n/a	231.9	199.9	0.73	54.0
257.122	0.178	fixation	n/a	232.8	200.0	2828.0	n/a	n/a	n/a	n/a
257.302	0.032	saccade	n/a	236.3	200.8	n/a	305.5	202.3	2.59	138.0
257.336	0.308	fixation	n/a	300.5	198.9	2763.0	n/a	n/a	n/a	n/a
257.646	0.026	saccade	n/a	304.0	203.6	n/a	368.2	205.4	2.42	129.0
257.674	0.234	fixation	n/a	368.5	202.0	2757.0	n/a	n/a	n/a	n/a
257.91	0.02	saccade	n/a	365.4	202.7	n/a	331.5	203.4	1.28	84.0
257.932	0.176	fixation	n/a	330.4	203.6	2788.0	n/a	n/a	n/a	n/a
258.11	0.036	saccade	n/a	332.0	205.4	n/a	454.1	200.9	4.63	244.0
258.148	0.13	fixation	n/a	454.7	198.9	2773.0	n/a	n/a	n/a	n/a
258.28	0.03	saccade	n/a	456.8	199.0	n/a	529.8	201.0	2.79	155.0
258.312	0.136	fixation	n/a	526.3	197.7	2784.0	n/a	n/a	n/a	n/a
258.45	0.026	saccade	n/a	527.4	195.8	n/a	600.2	210.2	2.82	157.0
258.478	0.2	fixation	n/a	604.3	207.7	2747.0	n/a	n/a	n/a	n/a
258.68	0.068	saccade	n/a	603.7	208.0	n/a	132.0	257.3	17.57	477.0
258.75	0.28	fixation	n/a	134.3	259.5	2755.0	n/a	n/a	n/a	n/a
259.032	0.014	saccade	n/a	139.5	262.8	n/a	157.2	266.1	0.66	55.0
259.048	0.162	fixation	n/a	154.0	264.0	2706.0	n/a	n/a	n/a	n/a
259.212	0.03	saccade	n/a	152.7	264.7	n/a	95.7	272.3	2.08	154.0
259.244	0.256	fixation	n/a	98.4	270.9	2745.0	n/a	n/a	n/a	n/a
259.502	0.038	saccade	n/a	98.4	268.2	n/a	210.6	199.0	4.84	238.0
259.542	0.28	fixation	n/a	206.7	201.1	2855.0	n/a	n/a	n/a	n/a
259.824	0.028	saccade	n/a	205.6	202.6	n/a	153.4	199.2	1.92	136.0
259.854	0.198	fixation	n/a	156.7	200.0	2934.0	n/a	n/a	n/a	n/a
260.054	0.032	saccade	n/a	162.8	202.7	n/a	236.1	203.0	2.69	162.0
260.088	0.166	fixation	n/a	230.9	203.4	2991.0	n/a	n/a	n/a	n/a
260.256	0.04	saccade	n/a	233.0	203.7	n/a	132.6	275.0	4.55	253.0
260.298	0.1	fixation	n/a	134.1	269.7	3024.0	n/a	n/a	n/a	n/a
260.4	0.018	saccade	n/a	136.0	269.5	n/a	164.6	265.7	1.05	77.0
260.42	0.644	fixation	n/a	157.5	267.3	2944.0	n/a	n/a	n/a	n/a
261.066	0.014	saccade	n/a	161.0	271.3	n/a	178.0	271.6	0.62	53.0
261.082	0.372	fixation	n/a	183.6	271.8	3019.0	n/a	n/a	n/a	n/a
261.456	0.024	saccade	n/a	185.4	269.6	n/a	150.2	270.4	1.29	94.0
261.482	1.024	fixation	n/a	170.1	270.5	3009.0	n/a	n/a	n/a	n/a
262.378	0.0	trigger_11	11	n/a	n/a	n/a	n/a	n/a	n/a	n/a
262.482	0.0	trigger_10	10	n/a	n/a	n/a	n/a	n/a	n/a	n/a
262.508	0.032	saccade	n/a	183.1	268.6	n/a	124.3	208.8	3.11	172.0
262.542	0.27	fixation	n/a	130.0	199.7	2906.0	n/a	n/a	n/a	n/a
262.814	0.024	saccade	n/a	134.2	199.1	n/a	191.4	197.2	2.09	127.0
262.84	0.16	fixation	n/a	201.3	194.3	2833.0	n/a	n/a	n/a	n/a
263.002	0.028	saccade	n/a	202.3	196.4	n/a	123.2	198.1	2.89	147.0
263.032	0.302	fixation	n/a	123.2	192.6	2703.0	n/a	n/a	n/a	n/a
263.336	0.024	saccade	n/a	125.4	190.6	n/a	191.7	190.8	2.42	151.0
263.362	0.196	fixation	n/a	193.6	187.6	2646.0	n/a	n/a	n/a	n/a
263.56	0.02	saccade	n/a	195.4	186.2	n/a	231.5	190.3	1.34	87.0
263.582	0.17	fixation	n/a	235.3	193.5	2641.0	n/a	n/a	n/a	n/a
263.754	0.022	saccade	n/a	233.5	194.9	n/a	189.2	192.5	1.64	98.0
263.778	0.252	fixation	n/a	191.4	193.4	2629.0	n/a	n/a	n/a	n/a
264.032	0.02	saccade	n/a	194.7	194.0	n/a	227.2	194.9	1.2	73.0
264.054	0.116	fixation	n/a	230.1	197.1	2645.0	n/a	n/a	n/a	n/a
264.172	0.022	saccade	n/a	231.1	197.0	n/a	282.5	199.6	1.92	122.0
264.196	0.324	fixation	n/a	283.7	197.7	2677.0	n/a	n/a	n/a	n/a
264.522	0.022	saccade	n/a	288.3	194.4	n/a	326.2	194.7	1.42	80.0
264.546	0.182	fixation	n/a	331.5	195.3	2637.0	n/a	n/a	n/a	n/a
264.73	0.02	saccade	n/a	331.4	195.6	n/a	300.7	196.9	1.15	81.0
264.752	0.274	fixation	n/a	302.8	200.0	2678.0	n/a	n/a	n/a	n/a
265.028	0.026	saccade	n/a	303.8	202.7	n/a	362.1	198.3	2.2	115.0
265.056	0.174	fixation	n/a	364.0	196.7	2704.0	n/a	n/a	n/a	n/a
265.232	0.024	saccade	n/a	366.3	198.4	n/a	413.2	198.9	1.77	103.0
265.258	0.242	fixation	n/a	411.7	198.9	2785.0	n/a	n/a	n/a	n/a
265.502	0.016	saccade	n/a	407.5	200.8	n/a	387.1	202.9	0.78	58.0
265.52	0.258	fixation	n/a	387.3	203.9	2907.0	n/a	n/a	n/a	n/a
265.78	0.02	saccade	n/a	387.5	205.4	n/a	420.6	206.3	1.25	88.0
265.802	0.344	fixation	n/a	414.3	206.0	3007.0	n/a	n/a	n/a	n/a
266.148	0.024	saccade	n/a	414.4	205.3	n/a	464.2	203.8	1.89	107.0
266.174	0.218	fixation	n/a	463.9	202.6	3130.0	n/a	n/a	n/a	n/a
266.394	0.02	saccade	n/a	465.1	202.8	n/a	501.9	199.9	1.4	90.0
266.416	0.266	fixation	n/a	499.3	197.4	3136.0	n/a	n/a	n/a	n/a
266.684	0.07	saccade	n/a	499.9	197.8	n/a	122.9	262.7	14.18	400.0
266.756	0.156	fixation	n/a	128.8	264.9	3088.0	n/a	n/a	n/a	n/a
266.914	0.022	saccade	n/a	127.7	266.6	n/a	90.7	269.8	1.33	101.0
266.938	0.202	fixation	n/a	96.2	271.7	3002.0	n/a	n/a	n/a	n/a
267.142	0.028	saccade	n/a	100.6	272.2	n/a	185.0	266.8	3.07	153.0
267.172	0.176	fixation	n/a	189.3	265.6	2946.0	n/a	n/a	n/a	n/a
267.35	0.032	saccade	n/a	190.9	265.2	n/a	276.7	259.7	3.19	195.0
267.384	0.236	fixation	n/a	275.6	258.8	3017.0	n/a	n/a	n/a	n/a
267.622	0.022	saccade	n/a	279.9	258.6	n/a	316.3	262.3	1.38	87.0
267.646	0.222	fixation	n/a	314.6	261.5	3024.0	n/a	n/a	n/a	n/a
267.87	0.024	saccade	n/a	317.7	261.6	n/a	366.4	263.3	1.85	122.0
267.896	0.108	fixation	n/a	364.4	262.7	3008.0	n/a	n/a	n/a	n/a
268.006	0.032	saccade	n/a	365.9	259.8	n/a	451.6	255.8	3.26	183.0
268.04	0.282	fixation	n/a	447.7	255.7	3023.0	n/a	n/a	n/a	n/a
268.324	0.018	saccade	n/a	444.5	256.2	n/a	420.6	257.3	0.91	73.0
268.344	0.078	fixation	n/a	423.7	257.1	3002.0	n/a	n/a	n/a	n/a
268.424	0.018	saccade	n/a	421.2	257.3	n/a	397.9	259.9	0.9	68.0
268.444	0.084	fixation	n/a	401.5	258.5	2974.0	n/a	n/a	n/a	n/a
268.53	0.04	saccade	n/a	401.7	257.9	n/a	553.3	248.2	5.78	283.0
268.572	0.176	fixation	n/a	555.7	248.7	2979.0	n/a	n/a	n/a	n/a
268.75	0.072	saccade	n/a	556.1	249.8	n/a	102.0	321.5	16.98	440.0
268.824	0.232	fixation	n/a	117.0	324.4	3052.0	n/a	n/a	n/a	n/a
269.058	0.032	saccade	n/a	119.8	327.4	n/a	218.3	319.1	3.62	198.0
269.092	0.162	fixation	n/a	215.0	318.3	3049.0	n/a	n/a	n/a	n/a
269.256	0.034	saccade	n/a	218.2	316.7	n/a	318.5	308.0	3.76	224.0
269.292	0.134	fixation	n/a	315.7	306.2	3042.0	n/a	n/a	n/a	n/a
269.428	0.032	saccade	n/a	316.9	305.9	n/a	402.6	307.1	3.24	214.0
269.462	0.192	fixation	n/a	399.8	307.7	3050.0	n/a	n/a	n/a	n/a
269.656	0.038	saccade	n/a	401.3	306.5	n/a	508.6	258.6	4.49	213.0
269.696	0.21	fixation	n/a	506.5	256.3	2982.0	n/a	n/a	n/a	n/a
269.908	0.022	saccade	n/a	505.1	256.0	n/a	470.0	255.4	1.34	106.0
269.932	0.176	fixation	n/a	472.8	256.6	2956.0	n/a	n/a	n/a	n/a
270.11	0.034	saccade	n/a	473.2	256.1	n/a	563.0	248.3	3.43	186.0
270.146	0.164	fixation	n/a	562.1	247.7	2964.0	n/a	n/a	n/a	n/a
270.312	0.062	saccade	n/a	561.2	249.6	n/a	163.2	212.0	14.89	420.0
270.376	0.17	fixation	n/a	164.7	207.6	3018.0	n/a	n/a	n/a	n/a
270.548	0.028	saccade	n/a	167.5	209.2	n/a	108.6	207.0	2.14	158.0
270.578	0.166	fixation	n/a	113.4	206.5	2981.0	n/a	n/a	n/a	n/a
270.746	0.032	saccade	n/a	113.6	205.1	n/a	210.0	199.1	3.52	210.0
270.78	0.152	fixation	n/a	207.4	199.5	2939.0	n/a	n/a	n/a	n/a
270.934	0.03	saccade	n/a	208.4	199.1	n/a	284.4	204.2	2.83	186.0
270.966	0.204	fixation	n/a	284.2	205.6	2902.0	n/a	n/a	n/a	n/a
271.172	0.038	saccade	n/a	285.5	202.6	n/a	410.4	196.5	4.72	222.0
271.212	0.166	fixation	n/a	413.4	193.9	2786.0	n/a	n/a	n/a	n/a
271.38	0.02	saccade	n/a	412.0	192.5	n/a	379.9	193.5	1.22	83.0
271.402	0.234	fixation	n/a	378.6	193.1	2746.0	n/a	n/a	n/a	n/a
271.638	0.032	saccade	n/a	377.3	193.3	n/a	278.6	198.3	3.72	203.0
271.672	0.182	fixation	n/a	280.4	198.4	2777.0	n/a	n/a	n/a	n/a
271.856	0.03	saccade	n/a	281.2	200.5	n/a	172.5	192.5	4.03	217.0
271.888	0.32	fixation	n/a	164.0	194.6	2860.0	n/a	n/a	n/a	n/a
272.21	0.026	saccade	n/a	167.9	198.0	n/a	215.3	198.2	1.74	107.0
272.238	0.036	fixation	n/a	208.2	197.1	2878.0	n/a	n/a	n/a	n/a
272.276	0.028	saccade	n/a	205.3	195.5	n/a	120.4	197.0	3.09	157.0
272.306	0.148	fixation	n/a	123.5	198.1	2888.0	n/a	n/a	n/a	n/a
272.456	0.056	saccade	n/a	123.9	195.7	n/a	426.2	201.3	11.18	338.0
272.514	0.152	fixation	n/a	430.2	201.4	2937.0	n/a	n/a	n/a	n/a
272.668	0.024	saccade	n/a	432.0	203.6	n/a	475.0	201.7	1.64	120.0
272.694	0.07	fixation	n/a	469.8	201.0	2950.0	n/a	n/a	n/a	n/a
272.754	0.0	trigger_11	11	n/a	n/a	n/a	n/a	n/a	n/a	n/a
272.766	0.058	saccade	n/a	469.3	201.6	n/a	145.7	195.1	12.05	421.0
272.826	0.208	fixation	n/a	165.4	194.3	2876.0	n/a	n/a	n/a	n/a
272.858	0.0	trigger_10	10	n/a	n/a	n/a	n/a	n/a	n/a	n/a
273.036	0.028	saccade	n/a	163.6	194.6	n/a	108.8	199.1	1.99	147.0
273.066	0.154	fixation	n/a	112.7	198.4	2856.0	n/a	n/a	n/a	n/a
273.222	0.042	saccade	n/a	112.3	196.3	n/a	261.2	206.5	5.47	280.0
273.266	0.186	fixation	n/a	262.8	207.6	2912.0	n/a	n/a	n/a	n/a
273.454	0.024	saccade	n/a	262.6	206.7	n/a	215.5	199.5	1.77	121.0
273.48	0.11	fixation	n/a	217.6	197.5	2898.0	n/a	n/a	n/a	n/a
273.592	0.044	saccade	n/a	218.6	198.6	n/a	389.0	199.6	6.38	276.0
273.638	0.202	fixation	n/a	390.3	195.1	2857.0	n/a	n/a	n/a	n/a
273.842	0.034	saccade	n/a	389.3	195.7	n/a	488.6	191.5	3.77	238.0
273.878	0.214	fixation	n/a	487.1	187.7	2792.0	n/a	n/a	n/a	n/a
274.094	0.022	saccade	n/a	491.7	186.3	n/a	536.4	188.1	1.7	109.0
274.118	0.072	fixation	n/a	537.4	187.3	2710.0	n/a	n/a	n/a	n/a
274.192	0.028	saccade	n/a	540.2	186.5	n/a	614.6	200.7	2.88	164.0
274.222	0.174	fixation	n/a	613.9	196.4	2645.0	n/a	n/a	n/a	n/a
274.398	0.08	saccade	n/a	613.9	193.1	n/a	142.9	248.9	17.57	368.0
274.48	0.108	fixation	n/a	155.7	250.4	2612.0	n/a	n/a	n/a	n/a
274.59	0.026	saccade	n/a	158.1	250.0	n/a	106.4	259.0	1.9	123.0
274.618	0.188	fixation	n/a	108.9	259.0	2589.0	n/a	n/a	n/a	n/a
274.808	0.032	saccade	n/a	109.6	258.9	n/a	235.6	255.6	4.61	220.0
274.842	0.242	fixation	n/a	240.7	254.9	2614.0	n/a	n/a	n/a	n/a
275.086	0.03	saccade	n/a	244.4	255.1	n/a	311.9	252.7	2.53	161.0
275.118	0.234	fixation	n/a	308.3	253.8	2638.0	n/a	n/a	n/a	n/a
275.354	0.03	saccade	n/a	311.1	254.8	n/a	385.4	256.8	2.81	153.0
275.386	0.324	fixation	n/a	385.6	255.1	2653.0	n/a	n/a	n/a	n/a
275.712	0.03	saccade	n/a	390.3	258.2	n/a	475.8	253.4	3.26	168.0
275.744	0.152	fixation	n/a	475.1	250.2	2656.0	n/a	n/a	n/a	n/a
275.898	0.026	saccade	n/a	477.0	249.1	n/a	541.9	246.9	2.48	135.0
275.926	0.066	fixation	n/a	544.9	246.5	2653.0	n/a	n/a	n/a	n/a
275.994	0.022	saccade	n/a	549.5	246.1	n/a	593.9	245.0	1.69	106.0
276.018	0.12	fixation	n/a	589.5	242.4	2645.0	n/a	n/a	n/a	n/a
276.14	0.068	saccade	n/a	589.7	242.8	n/a	133.9	317.3	17.15	434.0
276.21	0.3	fixation	n/a	142.7	319.7	2702.0	n/a	n/a	n/a	n/a
276.512	0.024	saccade	n/a	145.8	320.6	n/a	195.0	317.9	1.81	122.0
276.538	0.198	fixation	n/a	193.4	315.6	2660.0	n/a	n/a	n/a	n/a
276.738	0.026	saccade	n/a	193.5	313.6	n/a	264.4	305.6	2.64	156.0
276.766	0.104	fixation	n/a	270.0	303.0	2659.0	n/a	n/a	n/a	n/a
276.872	0.022	saccade	n/a	272.3	302.0	n/a	316.7	299.6	1.67	105.0
276.896	0.146	fixation	n/a	319.4	298.6	2658.0	n/a	n/a	n/a	n/a
277.044	0.022	saccade	n/a	321.5	298.0	n/a	367.6	299.9	1.74	111.0
277.068	0.378	fixation	n/a	378.9	299.2	2624.0	n/a	n/a	n/a	n/a
277.448	0.062	saccade	n/a	385.8	296.0	n/a	138.0	236.3	9.46	222.0
277.512	0.484	fixation	n/a	121.6	191.0	2535.0	n/a	n/a	n/a	n/a
277.668	0.0	trigger_11	11	n/a	n/a	n/a	n/a	n/a	n/a	n/a
277.77	0.0	trigger_12	12	n/a	n/a	n/a	n/a	n/a	n/a	n/a
277.998	0.038	saccade	n/a	123.7	183.3	n/a	259.3	196.6	5.0	224.0
278.038	0.236	fixation	n/a	259.4	195.4	2528.0	n/a	n/a	n/a	n/a
278.276	0.022	saccade	n/a	263.8	195.2	n/a	301.8	197.6	1.43	85.0
278.3	0.162	fixation	n/a	302.1	198.4	2548.0	n/a	n/a	n/a	n/a
278.464	0.03	saccade	n/a	301.1	197.5	n/a	235.7	192.9	2.45	91.0
278.496	0.198	fixation	n/a	220.3	190.2	2529.0	n/a	n/a	n/a	n/a
278.696	0.016	saccade	n/a	223.5	192.0	n/a	243.1	193.4	0.73	54.0
278.714	0.236	fixation	n/a	242.5	192.7	2528.0	n/a	n/a	n/a	n/a
278.952	0.024	saccade	n/a	246.6	195.7	n/a	296.4	200.6	1.87	97.0
278.978	0.306	fixation	n/a	312.5	201.9	2575.0	n/a	n/a	n/a	n/a
279.286	0.018	saccade	n/a	309.6	202.1	n/a	283.8	200.4	0.97	66.0
279.306	0.264	fixation	n/a	286.6	199.7	2583.0	n/a	n/a	n/a	n/a
279.572	0.032	saccade	n/a	286.5	198.4	n/a	379.8	203.2	3.53	194.0
279.606	0.474	fixation	n/a	386.6	201.0	2606.0	n/a	n/a	n/a	n/a
280.082	0.034	saccade	n/a	398.5	199.4	n/a	318.3	199.0	3.03	187.0
280.118	0.272	fixation	n/a	320.2	200.8	2603.0	n/a	n/a	n/a	n/a
280.392	0.052	saccade	n/a	316.7	202.0	n/a	138.8	200.4	6.56	225.0
280.446	0.206	fixation	n/a	141.3	198.1	2642.0	n/a	n/a	n/a	n/a
280.588	0.0	trigger_13	13	n/a	n/a	n/a	n/a	n/a	n/a	n/a
280.654	0.016	saccade	n/a	140.4	198.8	n/a	116.0	197.4	0.88	67.0
280.672	0.238	fixation	n/a	121.4	194.0	2641.0	n/a	n/a	n/a	n/a
280.912	0.028	saccade	n/a	123.5	191.3	n/a	205.4	193.0	2.98	166.0
280.942	0.07	fixation	n/a	207.8	192.4	2586.0	n/a	n/a	n/a	n/a
281.014	0.028	saccade	n/a	208.7	191.0	n/a	267.4	202.2	2.22	132.0
281.044	0.46	fixation	n/a	268.7	201.8	2638.0	n/a	n/a	n/a	n/a
281.506	0.04	saccade	n/a	275.4	205.4	n/a	138.2	268.7	5.6	311.0
281.548	0.38	fixation	n/a	136.0	267.0	2879.0	n/a	n/a	n/a	n/a
281.93	0.024	saccade	n/a	131.9	271.1	n/a	126.6	319.9	1.85	116.0
281.956	0.38	fixation	n/a	121.7	316.3	2928.0	n/a	n/a	n/a	n/a
282.338	0.018	saccade	n/a	116.4	323.7	n/a	89.5	335.1	1.05	80.0
282.358	0.402	fixation	n/a	96.4	336.7	3059.0	n/a	n/a	n/a	n/a
282.762	0.198	saccade	n/a	128.6	324.4	n/a	104.4	358.6	1.55	2368.0
282.832	0.042	blink	n/a	n/a	n/a	n/a	n/a	n/a	n/a	n/a
282.962	0.078	fixation	n/a	107.8	348.4	2943.0	n/a	n/a	n/a	n/a
283.042	0.024	saccade	n/a	108.8	351.3	n/a	112.9	400.3	1.83	105.0
283.068	0.11	fixation	n/a	113.0	395.5	3016.0	n/a	n/a	n/a	n/a
283.18	0.022	saccade	n/a	114.8	395.4	n/a	145.8	421.7	1.49	97.0
283.204	0.08	fixation	n/a	144.4	424.0	3073.0	n/a	n/a	n/a	n/a
283.286	0.028	saccade	n/a	145.3	426.6	n/a	225.5	425.8	2.91	151.0
283.316	0.094	fixation	n/a	230.5	421.8	3054.0	n/a	n/a	n/a	n/a
283.412	0.034	saccade	n/a	233.6	420.4	n/a	342.2	413.8	4.04	202.0
283.448	0.114	fixation	n/a	338.8	409.5	2989.0	n/a	n/a	n/a	n/a
283.564	0.052	saccade	n/a	338.9	403.8	n/a	84.3	254.9	10.84	390.0
283.604	0.0	trigger_15	15	n/a	n/a	n/a	n/a	n/a	n/a	n/a
283.618	0.224	fixation	n/a	106.7	234.2	2804.0	n/a	n/a	n/a	n/a
283.656	0.0	trigger_10	10	n/a	n/a	n/a	n/a	n/a	n/a	n/a
283.844	0.024	saccade	n/a	116.1	228.0	n/a	130.4	178.6	1.92	112.0
283.87	0.352	fixation	n/a	132.2	180.1	2644.0	n/a	n/a	n/a	n/a
284.224	0.028	saccade	n/a	133.1	187.3	n/a	196.8	182.8	2.33	145.0
284.254	0.236	fixation	n/a	193.6	185.0	2745.0	n/a	n/a	n/a	n/a
284.492	0.022	saccade	n/a	191.5	185.4	n/a	148.6	182.4	1.57	105.0
284.516	0.158	fixation	n/a	149.7	182.7	2803.0	n/a	n/a	n/a	n/a
284.676	0.04	saccade	n/a	152.4	184.4	n/a	290.8	202.3	5.15	282.0
284.718	0.164	fixation	n/a	288.9	204.1	2870.0	n/a	n/a	n/a	n/a
284.884	0.032	saccade	n/a	288.5	207.2	n/a	375.4	206.2	3.27	210.0
284.918	0.3	fixation	n/a	371.5	205.2	2948.0	n/a	n/a	n/a	n/a
285.22	0.03	saccade	n/a	374.4	204.2	n/a	463.3	204.2	3.37	181.0
285.252	0.132	fixation	n/a	462.6	203.3	2882.0	n/a	n/a	n/a	n/a
285.386	0.02	saccade	n/a	465.5	203.5	n/a	501.4	202.2	1.37	86.0
285.408	0.152	fixation	n/a	500.8	200.6	2883.0	n/a	n/a	n/a	n/a
285.562	0.026	saccade	n/a	503.3	200.3	n/a	564.4	199.3	2.32	131.0
285.59	0.166	fixation	n/a	560.9	201.6	2841.0	n/a	n/a	n/a	n/a
285.758	0.076	saccade	n/a	560.8	201.7	n/a	105.0	262.2	16.98	448.0
285.836	0.262	fixation	n/a	112.7	264.2	2827.0	n/a	n/a	n/a	n/a
286.1	0.026	saccade	n/a	113.9	266.2	n/a	182.6	268.1	2.5	142.0
286.128	0.074	fixation	n/a	182.0	266.1	2787.0	n/a	n/a	n/a	n/a
286.204	0.03	saccade	n/a	183.9	266.0	n/a	258.6	262.2	2.77	193.0
286.236	0.204	fixation	n/a	256.3	258.1	2771.0	n/a	n/a	n/a	n/a
286.442	0.026	saccade	n/a	256.9	257.9	n/a	228.3	207.6	2.19	138.0
286.47	0.19	fixation	n/a	231.2	204.4	2745.0	n/a	n/a	n/a	n/a
286.662	0.026	saccade	n/a	229.9	203.4	n/a	159.4	195.7	2.6	139.0
286.69	0.244	fixation	n/a	149.7	192.1	2704.0	n/a	n/a	n/a	n/a
286.936	0.02	saccade	n/a	145.4	190.6	n/a	114.1	192.9	1.13	80.0
286.958	0.458	fixation	n/a	121.5	193.9	2680.0	n/a	n/a	n/a	n/a
286.98	0.0	trigger_11	11	n/a	n/a	n/a	n/a	n/a	n/a	n/a
287.084	0.0	trigger_12	12	n/a	n/a	n/a	n/a	n/a	n/a	n/a
287.418	0.018	saccade	n/a	125.9	192.3	n/a	156.2	189.5	1.1	76.0
287.438	0.08	fixation	n/a	162.1	192.1	2661.0	n/a	n/a	n/a	n/a
287.52	0.026	saccade	n/a	167.7	193.3	n/a	226.5	195.6	2.16	109.0
287.548	0.176	fixation	n/a	235.7	197.6	2638.0	n/a	n/a	n/a	n/a
287.726	0.024	saccade	n/a	238.2	197.6	n/a	295.1	201.5	2.13	119.0
287.752	0.156	fixation	n/a	299.6	200.0	2596.0	n/a	n/a	n/a	n/a
287.91	0.024	saccade	n/a	305.8	199.0	n/a	347.3	199.6	1.57	74.0
287.936	0.05	fixation	n/a	354.9	198.1	2526.0	n/a	n/a	n/a	n/a
287.988	0.028	saccade	n/a	359.2	194.4	n/a	426.4	197.7	2.55	117.0
288.018	0.228	fixation	n/a	448.3	191.5	2448.0	n/a	n/a	n/a	n/a
288.248	0.014	saccade	n/a	458.3	185.6	n/a	473.4	187.6	0.58	46.0
288.264	0.296	fixation	n/a	505.3	183.2	2296.0	n/a	n/a	n/a	n/a
288.562	0.082	saccade	n/a	524.4	181.8	n/a	166.3	229.6	13.46	233.0
288.646	0.25	fixation	n/a	119.7	246.9	2272.0	n/a	n/a	n/a	n/a
288.898	0.022	saccade	n/a	109.2	241.2	n/a	149.9	242.2	1.47	93.0
288.922	0.092	fixation	n/a	156.1	238.4	2284.0	n/a	n/a	n/a	n/a
289.016	0.018	saccade	n/a	160.1	236.1	n/a	182.8	236.6	0.83	56.0
289.036	0.204	fixation	n/a	184.9	236.1	2263.0	n/a	n/a	n/a	n/a
289.242	0.022	saccade	n/a	183.1	239.5	n/a	216.0	240.0	1.21	66.0
289.266	0.056	fixation	n/a	228.2	239.7	2252.0	n/a	n/a	n/a	n/a
289.324	0.028	saccade	n/a	232.9	238.0	n/a	294.5	236.1	2.3	106.0
289.354	0.234	fixation	n/a	310.8	231.1	2256.0	n/a	n/a	n/a	n/a
289.59	0.034	saccade	n/a	299.2	229.5	n/a	210.1	237.5	3.33	132.0
289.626	0.308	fixation	n/a	136.4	236.1	2257.0	n/a	n/a	n/a	n/a
289.936	0.014	saccade	n/a	116.4	237.8	n/a	132.7	239.2	0.59	47.0
289.952	0.476	fixation	n/a	117.5	215.4	2252.0	n/a	n/a	n/a	n/a
290.43	0.014	saccade	n/a	123.2	194.7	n/a	137.8	189.8	0.56	45.0
290.446	0.09	fixation	n/a	173.2	183.7	2251.0	n/a	n/a	n/a	n/a
290.538	0.02	saccade	n/a	195.5	179.4	n/a	229.6	179.0	1.25	75.0
290.56	0.09	fixation	n/a	249.6	181.4	2241.0	n/a	n/a	n/a	n/a
290.652	0.018	saccade	n/a	262.9	180.5	n/a	288.1	182.6	0.95	62.0
290.672	0.532	fixation	n/a	342.3	185.7	2205.0	n/a	n/a	n/a	n/a
291.206	0.014	saccade	n/a	358.6	187.1	n/a	374.1	188.9	0.59	44.0
291.222	0.36	fixation	n/a	375.6	191.8	2184.0	n/a	n/a	n/a	n/a
291.584	0.02	saccade	n/a	273.4	208.1	n/a	214.3	217.5	2.23	129.0
291.606	0.49	fixation	n/a	58.6	227.8	2206.0	n/a	n/a	n/a	n/a
292.098	0.022	saccade	n/a	-80.2	217.1	n/a	-88.7	184.0	1.23	111.0
292.122	0.146	fixation	n/a	-93.4	269.2	1998.0	n/a	n/a	n/a	n/a
292.27	0.04	saccade	n/a	-90.5	325.5	n/a	-92.9	247.9	2.8	147.0
292.312	0.072	fixation	n/a	-67.8	286.9	2250.0	n/a	n/a	n/a	n/a
292.386	0.018	saccade	n/a	-36.3	290.5	n/a	3.4	280.8	1.41	84.0
292.406	0.304	fixation	n/a	122.7	246.1	2316.0	n/a	n/a	n/a	n/a
292.712	0.018	saccade	n/a	181.7	239.1	n/a	154.9	234.1	0.99	70.0
292.732	0.202	fixation	n/a	161.7	235.6	2197.0	n/a	n/a	n/a	n/a
292.936	0.024	saccade	n/a	166.7	235.4	n/a	217.9	233.2	1.87	104.0
292.962	0.15	fixation	n/a	218.0	235.9	2203.0	n/a	n/a	n/a	n/a
293.114	0.028	saccade	n/a	221.0	237.4	n/a	316.3	236.4	3.55	194.0
293.144	0.302	fixation	n/a	326.1	238.7	2243.0	n/a	n/a	n/a	n/a
293.448	0.034	saccade	n/a	326.2	240.3	n/a	439.3	240.1	4.28	200.0
293.484	0.194	fixation	n/a	442.9	239.7	2304.0	n/a	n/a	n/a	n/a
293.68	0.026	saccade	n/a	444.0	240.0	n/a	506.5	240.1	2.38	132.0
293.708	0.142	fixation	n/a	510.4	240.8	2349.0	n/a	n/a	n/a	n/a
293.852	0.022	saccade	n/a	512.0	238.4	n/a	550.0	237.3	1.44	91.0
293.876	0.142	fixation	n/a	551.1	238.7	2375.0	n/a	n/a	n/a	n/a
294.02	0.026	saccade	n/a	552.1	240.9	n/a	610.2	236.9	2.21	129.0
294.048	0.174	fixation	n/a	605.8	237.6	2401.0	n/a	n/a	n/a	n/a
294.224	0.07	saccade	n/a	604.5	235.0	n/a	254.7	199.9	13.17	304.0
294.296	0.096	fixation	n/a	243.0	195.6	2473.0	n/a	n/a	n/a	n/a
294.394	0.032	saccade	n/a	237.0	194.2	n/a	150.1	170.7	3.3	203.0
294.428	0.182	fixation	n/a	148.7	173.6	2501.0	n/a	n/a	n/a	n/a
294.612	0.042	saccade	n/a	148.6	176.9	n/a	291.6	203.4	5.36	211.0
294.656	0.084	fixation	n/a	290.0	204.4	2567.0	n/a	n/a	n/a	n/a
294.742	0.034	saccade	n/a	291.0	206.3	n/a	398.9	203.6	4.07	244.0
294.778	0.258	fixation	n/a	396.6	201.3	2671.0	n/a	n/a	n/a	n/a
295.038	0.034	saccade	n/a	395.5	200.6	n/a	490.9	192.4	3.63	215.0
295.074	0.174	fixation	n/a	488.5	194.0	2726.0	n/a	n/a	n/a	n/a
295.25	0.186	saccade	n/a	486.4	200.2	n/a	125.4	209.9	13.35	2254.0
295.296	0.066	blink	n/a	n/a	n/a	n/a	n/a	n/a	n/a	n/a
295.42	0.0	trigger_13	13	n/a	n/a	n/a	n/a	n/a	n/a	n/a
295.438	0.116	fixation	n/a	140.3	204.6	2771.0	n/a	n/a	n/a	n/a
295.556	0.016	saccade	n/a	141.2	196.4	n/a	129.5	179.5	0.76	59.0
295.574	0.41	fixation	n/a	127.2	179.4	2779.0	n/a	n/a	n/a	n/a
295.986	0.032	saccade	n/a	120.7	181.6	n/a	137.4	255.4	2.82	171.0
296.02	0.16	fixation	n/a	135.6	252.9	2826.0	n/a	n/a	n/a	n/a
296.182	0.03	saccade	n/a	131.6	252.8	n/a	118.6	304.7	2.0	142.0
296.214	0.294	fixation	n/a	111.5	301.0	3028.0	n/a	n/a	n/a	n/a
296.51	0.022	saccade	n/a	108.9	304.2	n/a	118.2	342.7	1.47	89.0
296.534	0.496	fixation	n/a	112.0	343.8	3149.0	n/a	n/a	n/a	n/a
297.032	0.022	saccade	n/a	106.0	349.4	n/a	94.4	385.3	1.4	89.0
297.056	0.326	fixation	n/a	96.9	387.9	3358.0	n/a	n/a	n/a	n/a
297.384	0.022	saccade	n/a	96.2	388.2	n/a	98.9	337.8	1.88	118.0
297.408	0.232	fixation	n/a	99.6	333.4	3498.0	n/a	n/a	n/a	n/a
297.642	0.026	saccade	n/a	102.5	334.0	n/a	98.0	270.8	2.36	147.0
297.67	0.362	fixation	n/a	101.4	268.3	3559.0	n/a	n/a	n/a	n/a
298.034	0.044	saccade	n/a	94.7	279.7	n/a	113.7	443.0	6.1	246.0
298.08	0.196	fixation	n/a	111.3	437.4	3632.0	n/a	n/a	n/a	n/a
298.278	0.026	saccade	n/a	111.2	438.0	n/a	102.1	359.8	2.93	165.0
298.306	0.17	fixation	n/a	98.1	346.3	3644.0	n/a	n/a	n/a	n/a
298.478	0.018	saccade	n/a	96.5	347.4	n/a	66.6	334.0	1.17	89.0
298.498	0.17	fixation	n/a	73.5	334.6	3559.0	n/a	n/a	n/a	n/a
298.67	0.04	saccade	n/a	71.4	334.9	n/a	131.8	474.1	5.58	285.0
298.712	0.144	fixation	n/a	128.9	467.8	3678.0	n/a	n/a	n/a	n/a
298.858	0.032	saccade	n/a	133.0	471.2	n/a	253.7	460.3	4.39	212.0
298.892	0.082	fixation	n/a	258.0	463.8	3791.0	n/a	n/a	n/a	n/a
298.976	0.058	saccade	n/a	257.3	463.8	n/a	92.2	286.5	8.94	490.0
299.036	0.062	fixation	n/a	88.6	285.6	3762.0	n/a	n/a	n/a	n/a
299.1	0.024	saccade	n/a	91.1	284.4	n/a	117.6	252.5	1.52	110.0
299.126	0.524	fixation	n/a	119.3	249.6	3437.0	n/a	n/a	n/a	n/a
299.436	0.0	trigger_15	15	n/a	n/a	n/a	n/a	n/a	n/a	n/a
299.49	0.0	trigger_10	10	n/a	n/a	n/a	n/a	n/a	n/a	n/a
299.652	0.02	saccade	n/a	123.5	245.9	n/a	141.8	229.6	0.9	55.0
299.674	0.128	fixation	n/a	144.4	231.4	3628.0	n/a	n/a	n/a	n/a
299.804	0.03	saccade	n/a	145.4	231.2	n/a	220.8	225.1	2.77	160.0
299.836	0.144	fixation	n/a	216.7	227.8	3774.0	n/a	n/a	n/a	n/a
299.982	0.032	saccade	n/a	218.9	229.7	n/a	299.5	226.6	3.0	194.0
300.016	0.16	fixation	n/a	294.6	223.4	3621.0	n/a	n/a	n/a	n/a
300.178	0.016	saccade	n/a	295.7	221.1	n/a	276.4	220.1	0.72	58.0
300.196	0.122	fixation	n/a	284.2	221.9	3426.0	n/a	n/a	n/a	n/a
300.32	0.034	saccade	n/a	286.0	218.5	n/a	392.6	210.9	4.02	240.0
300.356	0.158	fixation	n/a	392.2	212.0	3271.0	n/a	n/a	n/a	n/a
300.516	0.032	saccade	n/a	393.3	211.9	n/a	487.4	214.2	3.57	205.0
300.55	0.132	fixation	n/a	485.6	212.5	3271.0	n/a	n/a	n/a	n/a
300.684	0.03	saccade	n/a	488.6	211.1	n/a	556.7	204.3	2.6	152.0
300.716	0.172	fixation	n/a	551.8	200.0	3274.0	n/a	n/a	n/a	n/a
300.89	0.066	saccade	n/a	551.8	197.8	n/a	115.8	252.5	16.19	502.0
300.958	0.192	fixation	n/a	125.0	257.6	3303.0	n/a	n/a	n/a	n/a
301.152	0.034	saccade	n/a	122.8	258.3	n/a	229.4	244.8	3.93	210.0
301.188	0.218	fixation	n/a	225.4	243.7	3309.0	n/a	n/a	n/a	n/a
301.408	0.034	saccade	n/a	225.8	242.0	n/a	322.9	257.9	3.67	176.0
301.444	0.164	fixation	n/a	324.1	264.2	3384.0	n/a	n/a	n/a	n/a
301.61	0.028	saccade	n/a	327.0	264.5	n/a	393.1	246.5	2.59	149.0
301.64	0.106	fixation	n/a	388.4	245.5	3478.0	n/a	n/a	n/a	n/a
301.748	0.038	saccade	n/a	387.9	245.3	n/a	504.9	249.9	4.45	240.0
301.788	0.106	fixation	n/a	499.6	249.7	3481.0	n/a	n/a	n/a	n/a
301.896	0.028	saccade	n/a	501.1	250.6	n/a	568.8	248.1	2.58	153.0
301.926	0.146	fixation	n/a	565.4	242.5	3440.0	n/a	n/a	n/a	n/a
302.074	0.06	saccade	n/a	565.2	239.7	n/a	161.3	283.9	15.08	531.0
302.136	0.142	fixation	n/a	159.5	284.7	3404.0	n/a	n/a	n/a	n/a
302.28	0.026	saccade	n/a	157.7	286.7	n/a	113.5	295.5	1.63	134.0
302.308	0.168	fixation	n/a	118.9	299.9	3419.0	n/a	n/a	n/a	n/a
302.478	0.032	saccade	n/a	117.3	301.2	n/a	207.6	304.5	3.28	224.0
302.512	0.048	fixation	n/a	203.3	305.5	3512.0	n/a	n/a	n/a	n/a
302.562	0.028	saccade	n/a	206.7	306.2	n/a	245.4	258.1	2.32	139.0
302.592	0.164	fixation	n/a	244.3	257.6	3544.0	n/a	n/a	n/a	n/a
302.758	0.028	saccade	n/a	247.0	254.4	n/a	313.9	264.0	2.52	117.0
302.788	0.224	fixation	n/a	316.2	266.7	3518.0	n/a	n/a	n/a	n/a
303.014	0.026	saccade	n/a	321.0	267.4	n/a	378.7	253.3	2.24	139.0
303.042	0.232	fixation	n/a	372.9	249.4	3409.0	n/a	n/a	n/a	n/a
303.276	0.03	saccade	n/a	374.6	248.6	n/a	446.4	248.6	2.72	189.0
303.308	0.294	fixation	n/a	448.4	249.4	3273.0	n/a	n/a	n/a	n/a
303.604	0.032	saccade	n/a	447.6	249.8	n/a	367.4	247.6	3.04	203.0
303.638	0.254	fixation	n/a	372.1	251.6	3216.0	n/a	n/a	n/a	n/a
303.894	0.04	saccade	n/a	371.8	250.8	n/a	513.3	256.3	5.37	279.0
303.936	0.174	fixation	n/a	509.5	254.4	3222.0	n/a	n/a	n/a	n/a
304.112	0.018	saccade	n/a	511.8	255.5	n/a	535.2	255.6	0.89	65.0
304.132	0.094	fixation	n/a	533.1	254.2	3202.0	n/a	n/a	n/a	n/a
304.228	0.2	saccade	n/a	533.4	253.6	n/a	122.6	303.6	15.33	3110.0
304.43	0.438	fixation	n/a	122.1	303.3	3233.0	n/a	n/a	n/a	n/a
304.542	0.0	trigger_11	11	n/a	n/a	n/a	n/a	n/a	n/a	n/a
304.646	0.0	trigger_10	10	n/a	n/a	n/a	n/a	n/a	n/a	n/a
304.87	0.03	saccade	n/a	123.6	302.2	n/a	134.2	227.0	2.85	174.0
304.902	0.324	fixation	n/a	130.8	229.4	3137.0	n/a	n/a	n/a	n/a
305.228	0.014	saccade	n/a	129.3	226.9	n/a	114.2	222.6	0.57	50.0
305.244	0.248	fixation	n/a	120.0	218.8	3006.0	n/a	n/a	n/a	n/a
305.494	0.026	saccade	n/a	122.5	217.0	n/a	186.1	204.7	2.35	136.0
305.522	0.228	fixation	n/a	187.5	205.5	3020.0	n/a	n/a	n/a	n/a
305.752	0.022	saccade	n/a	185.8	207.1	n/a	135.9	210.9	1.82	114.0
305.776	0.51	fixation	n/a	137.0	214.3	3089.0	n/a	n/a	n/a	n/a
306.288	0.014	saccade	n/a	133.4	216.8	n/a	116.5	216.4	0.61	54.0
306.304	0.292	fixation	n/a	122.3	217.2	3144.0	n/a	n/a	n/a	n/a
306.598	0.024	saccade	n/a	123.5	216.0	n/a	172.6	216.5	1.78	102.0
306.624	0.382	fixation	n/a	176.3	215.7	3192.0	n/a	n/a	n/a	n/a
307.008	0.024	saccade	n/a	176.3	213.2	n/a	130.6	212.1	1.66	97.0
307.034	0.272	fixation	n/a	139.2	211.9	3213.0	n/a	n/a	n/a	n/a
307.308	0.028	saccade	n/a	138.6	211.6	n/a	199.9	212.0	2.23	158.0
307.338	0.212	fixation	n/a	197.0	215.4	3274.0	n/a	n/a	n/a	n/a
307.552	0.018	saccade	n/a	199.8	217.0	n/a	227.1	214.4	1.01	72.0
307.572	0.702	fixation	n/a	224.2	211.4	3177.0	n/a	n/a	n/a	n/a
308.276	0.018	saccade	n/a	229.2	203.9	n/a	258.5	203.5	1.09	75.0
308.296	0.24	fixation	n/a	256.9	204.7	3075.0	n/a	n/a	n/a	n/a
308.538	0.02	saccade	n/a	254.8	206.5	n/a	221.5	205.7	1.24	89.0
308.56	0.54	fixation	n/a	223.7	201.7	2983.0	n/a	n/a	n/a	n/a
309.102	0.014	saccade	n/a	219.3	196.9	n/a	202.7	196.8	0.61	50.0
309.118	0.584	fixation	n/a	202.4	200.0	2944.0	n/a	n/a	n/a	n/a
309.704	0.024	saccade	n/a	204.7	203.8	n/a	254.9	199.0	1.86	125.0
309.73	0.044	fixation	n/a	250.8	197.2	2963.0	n/a	n/a	n/a	n/a
309.776	0.026	saccade	n/a	251.0	196.7	n/a	302.6	195.0	1.92	137.0
309.804	0.284	fixation	n/a	292.3	196.9	2998.0	n/a	n/a	n/a	n/a
310.09	0.034	saccade	n/a	289.5	196.9	n/a	389.0	197.4	3.75	220.0
310.126	0.186	fixation	n/a	388.1	196.5	2883.0	n/a	n/a	n/a	n/a
310.314	0.034	saccade	n/a	389.7	197.3	n/a	282.1	197.8	4.05	239.0
310.35	0.414	fixation	n/a	283.5	199.5	2842.0	n/a	n/a	n/a	n/a
310.766	0.016	saccade	n/a	278.8	201.1	n/a	255.9	201.6	0.85	65.0
310.784	0.158	fixation	n/a	254.8	201.9	2928.0	n/a	n/a	n/a	n/a
310.944	0.044	saccade	n/a	259.3	201.7	n/a	391.0	212.0	4.96	248.0
310.99	0.078	fixation	n/a	386.3	208.9	2956.0	n/a	n/a	n/a	n/a
311.07	0.016	saccade	n/a	384.9	207.8	n/a	365.4	199.5	0.8	70.0
311.088	0.122	fixation	n/a	372.0	200.7	3011.0	n/a	n/a	n/a	n/a
311.212	0.034	saccade	n/a	371.3	200.3	n/a	474.8	208.5	3.93	268.0
311.248	0.144	fixation	n/a	476.1	207.1	2941.0	n/a	n/a	n/a	n/a
311.394	0.02	saccade	n/a	475.1	203.2	n/a	440.4	203.0	1.32	94.0
311.416	0.088	fixation	n/a	442.9	201.5	2882.0	n/a	n/a	n/a	n/a
311.506	0.032	saccade	n/a	442.3	199.7	n/a	362.3	198.4	3.02	194.0
311.54	0.182	fixation	n/a	368.7	196.3	2854.0	n/a	n/a	n/a	n/a
311.724	0.042	saccade	n/a	369.4	195.9	n/a	550.1	191.2	6.83	342.0
311.768	0.124	fixation	n/a	551.3	189.8	2830.0	n/a	n/a	n/a	n/a
311.894	0.018	saccade	n/a	554.2	189.9	n/a	580.8	193.4	1.02	75.0
311.914	0.172	fixation	n/a	581.8	196.0	2874.0	n/a	n/a	n/a	n/a
312.088	0.068	saccade	n/a	581.2	198.7	n/a	116.7	240.1	17.5	510.0
312.158	0.42	fixation	n/a	120.6	249.5	2952.0	n/a	n/a	n/a	n/a
312.58	0.03	saccade	n/a	119.0	251.7	n/a	200.1	245.0	3.05	196.0
312.612	0.18	fixation	n/a	198.5	242.5	2910.0	n/a	n/a	n/a	n/a
312.794	0.03	saccade	n/a	200.7	239.8	n/a	278.5	244.9	2.96	174.0
312.826	0.214	fixation	n/a	275.8	244.7	2932.0	n/a	n/a	n/a	n/a
313.042	0.034	saccade	n/a	276.0	247.5	n/a	370.2	256.4	3.64	221.0
313.078	0.414	fixation	n/a	369.3	254.6	2945.0	n/a	n/a	n/a	n/a
313.494	0.03	saccade	n/a	371.1	254.4	n/a	441.7	247.9	2.75	168.0
313.526	0.282	fixation	n/a	442.0	249.1	3010.0	n/a	n/a	n/a	n/a
313.81	0.028	saccade	n/a	441.3	252.5	n/a	377.9	254.3	2.46	156.0
313.84	0.89	fixation	n/a	379.1	255.6	2989.0	n/a	n/a	n/a	n/a
314.732	0.016	saccade	n/a	374.5	255.8	n/a	394.2	254.7	0.76	61.0
314.75	0.058	fixation	n/a	390.0	254.7	3059.0	n/a	n/a	n/a	n/a
314.81	0.036	saccade	n/a	388.1	253.0	n/a	510.0	259.3	4.74	311.0
314.848	0.154	fixation	n/a	506.8	256.1	3047.0	n/a	n/a	n/a	n/a
315.004	0.018	saccade	n/a	503.6	254.4	n/a	479.1	253.9	0.95	73.0
315.024	0.068	fixation	n/a	482.1	254.4	3052.0	n/a	n/a	n/a	n/a
315.094	0.024	saccade	n/a	481.1	254.8	n/a	445.1	250.9	1.41	116.0
315.12	0.342	fixation	n/a	447.5	249.7	2934.0	n/a	n/a	n/a	n/a
315.464	0.026	saccade	n/a	448.7	247.6	n/a	505.4	253.5	2.22	138.0
315.492	0.112	fixation	n/a	501.3	254.7	2859.0	n/a	n/a	n/a	n/a
315.606	0.032	saccade	n/a	500.2	253.9	n/a	585.4	249.3	3.31	210.0
315.64	0.194	fixation	n/a	580.7	251.3	2858.0	n/a	n/a	n/a	n/a
315.836	0.022	saccade	n/a	583.4	248.1	n/a	633.4	245.5	1.93	122.0
315.86	0.186	fixation	n/a	633.9	245.4	2831.0	n/a	n/a	n/a	n/a
316.048	0.074	saccade	n/a	633.4	245.6	n/a	146.6	289.8	18.45	494.0
316.124	0.128	fixation	n/a	151.7	293.3	2821.0	n/a	n/a	n/a	n/a
316.254	0.018	saccade	n/a	148.8	295.2	n/a	118.2	296.9	1.13	88.0
316.274	0.15	fixation	n/a	124.2	299.1	2846.0	n/a	n/a	n/a	n/a
316.426	0.018	saccade	n/a	122.5	300.1	n/a	92.5	298.2	1.1	81.0
316.446	0.172	fixation	n/a	99.2	299.1	2873.0	n/a	n/a	n/a	n/a
316.62	0.146	saccade	n/a	104.4	299.1	n/a	185.7	327.8	3.21	427.0
316.768	0.224	fixation	n/a	186.7	303.8	2870.0	n/a	n/a	n/a	n/a
316.994	0.024	saccade	n/a	186.0	302.8	n/a	144.7	301.1	1.54	111.0
317.02	0.106	fixation	n/a	150.3	302.5	2933.0	n/a	n/a	n/a	n/a
317.128	0.038	saccade	n/a	150.1	299.6	n/a	299.0	308.9	5.62	303.0
317.168	0.222	fixation	n/a	297.3	305.6	2818.0	n/a	n/a	n/a	n/a
317.392	0.036	saccade	n/a	298.9	303.7	n/a	410.8	310.8	4.32	258.0
317.43	0.438	fixation	n/a	415.5	312.2	2786.0	n/a	n/a	n/a	n/a
317.87	0.03	saccade	n/a	414.8	312.9	n/a	488.1	313.3	2.85	171.0
317.902	0.188	fixation	n/a	486.9	312.7	2810.0	n/a	n/a	n/a	n/a
318.092	0.026	saccade	n/a	490.5	309.5	n/a	546.8	302.9	2.2	136.0
318.12	0.218	fixation	n/a	542.7	302.5	2811.0	n/a	n/a	n/a	n/a
318.34	0.074	saccade	n/a	543.3	302.4	n/a	123.0	366.2	16.02	448.0
318.416	0.44	fixation	n/a	120.7	365.2	2779.0	n/a	n/a	n/a	n/a
318.858	0.04	saccade	n/a	116.8	362.1	n/a	246.0	313.0	5.17	244.0
318.9	0.342	fixation	n/a	245.8	310.2	2704.0	n/a	n/a	n/a	n/a
319.244	0.03	saccade	n/a	246.8	311.2	n/a	162.8	293.4	3.23	190.0
319.276	0.364	fixation	n/a	162.9	294.6	2775.0	n/a	n/a	n/a	n/a
319.642	0.022	saccade	n/a	165.9	295.6	n/a	187.3	267.1	1.36	80.0
319.666	0.186	fixation	n/a	192.2	263.8	2795.0	n/a	n/a	n/a	n/a
319.854	0.03	saccade	n/a	187.4	263.1	n/a	124.5	261.8	2.33	164.0
319.886	0.146	fixation	n/a	129.7	258.9	2791.0	n/a	n/a	n/a	n/a
320.034	0.04	saccade	n/a	129.3	257.0	n/a	287.9	240.7	5.97	328.0
320.076	0.174	fixation	n/a	286.0	240.8	2763.0	n/a	n/a	n/a	n/a
320.252	0.06	saccade	n/a	287.9	245.0	n/a	611.5	249.9	12.45	337.0
320.314	0.26	fixation	n/a	606.4	249.8	2740.0	n/a	n/a	n/a	n/a
320.576	0.072	saccade	n/a	606.4	248.4	n/a	139.9	276.2	17.67	379.0
320.65	0.156	fixation	n/a	143.8	286.1	2687.0	n/a	n/a	n/a	n/a
320.808	0.014	saccade	n/a	142.1	286.7	n/a	125.5	286.8	0.61	56.0
320.824	0.098	fixation	n/a	129.2	288.1	2646.0	n/a	n/a	n/a	n/a
320.924	0.034	saccade	n/a	131.4	290.7	n/a	238.1	304.6	4.02	219.0
320.96	0.05	fixation	n/a	239.6	304.8	2633.0	n/a	n/a	n/a	n/a
321.012	0.028	saccade	n/a	242.9	305.6	n/a	309.5	306.8	2.54	155.0
321.042	0.212	fixation	n/a	305.9	304.3	2656.0	n/a	n/a	n/a	n/a
321.256	0.048	saccade	n/a	305.2	300.1	n/a	136.4	204.3	7.35	242.0
321.306	0.494	fixation	n/a	135.8	188.8	2585.0	n/a	n/a	n/a	n/a
321.478	0.0	trigger_11	11	n/a	n/a	n/a	n/a	n/a	n/a	n/a
321.582	0.0	trigger_10	10	n/a	n/a	n/a	n/a	n/a	n/a	n/a
321.802	0.028	saccade	n/a	139.8	190.3	n/a	193.3	169.3	2.15	102.0
321.832	0.178	fixation	n/a	214.0	176.7	2569.0	n/a	n/a	n/a	n/a
322.012	0.022	saccade	n/a	212.5	184.0	n/a	166.8	183.7	1.71	112.0
322.036	0.108	fixation	n/a	167.4	184.6	2614.0	n/a	n/a	n/a	n/a
322.146	0.022	saccade	n/a	169.0	185.2	n/a	217.3	190.5	1.82	110.0
322.17	0.084	fixation	n/a	221.7	190.8	2625.0	n/a	n/a	n/a	n/a
322.256	0.02	saccade	n/a	223.6	191.2	n/a	256.7	196.7	1.27	84.0
322.278	0.212	fixation	n/a	255.3	196.8	2671.0	n/a	n/a	n/a	n/a
322.492	0.028	saccade	n/a	254.8	197.5	n/a	316.7	196.6	2.36	147.0
322.522	0.056	fixation	n/a	313.5	198.1	2700.0	n/a	n/a	n/a	n/a
322.58	0.03	saccade	n/a	313.5	195.8	n/a	384.4	196.4	2.73	171.0
322.612	0.244	fixation	n/a	380.0	195.0	2710.0	n/a	n/a	n/a	n/a
322.858	0.024	saccade	n/a	382.0	196.6	n/a	425.8	195.4	1.7	92.0
322.884	0.104	fixation	n/a	431.6	193.6	2689.0	n/a	n/a	n/a	n/a
322.99	0.032	saccade	n/a	436.5	194.6	n/a	528.5	200.2	3.57	197.0
323.024	0.194	fixation	n/a	528.4	199.2	2705.0	n/a	n/a	n/a	n/a
323.22	0.028	saccade	n/a	525.3	201.1	n/a	441.7	198.7	3.24	180.0
323.25	0.076	fixation	n/a	431.4	197.4	2748.0	n/a	n/a	n/a	n/a
323.328	0.032	saccade	n/a	424.6	197.8	n/a	372.5	200.4	2.02	129.0
323.362	0.232	fixation	n/a	372.6	198.0	2707.0	n/a	n/a	n/a	n/a
323.596	0.046	saccade	n/a	372.9	198.4	n/a	563.6	201.5	7.38	279.0
323.644	0.078	fixation	n/a	595.4	202.6	2697.0	n/a	n/a	n/a	n/a
323.724	0.022	saccade	n/a	608.4	202.3	n/a	649.1	204.9	1.57	99.0
323.748	0.148	fixation	n/a	643.3	203.8	2705.0	n/a	n/a	n/a	n/a
323.898	0.096	saccade	n/a	643.6	203.2	n/a	131.4	208.1	19.22	380.0
323.996	0.174	fixation	n/a	138.1	209.3	2665.0	n/a	n/a	n/a	n/a
324.172	0.016	saccade	n/a	136.7	211.0	n/a	117.4	210.8	0.71	57.0
324.19	0.18	fixation	n/a	121.2	210.6	2655.0	n/a	n/a	n/a	n/a
324.372	0.016	saccade	n/a	122.4	215.5	n/a	124.6	238.8	0.89	71.0
324.39	0.132	fixation	n/a	121.7	233.9	2690.0	n/a	n/a	n/a	n/a
324.524	0.018	saccade	n/a	122.7	234.7	n/a	148.0	241.0	0.96	67.0
324.544	0.286	fixation	n/a	145.4	243.9	2786.0	n/a	n/a	n/a	n/a
324.832	0.03	saccade	n/a	143.5	244.2	n/a	255.2	237.9	4.16	224.0
324.864	0.256	fixation	n/a	256.1	239.5	2842.0	n/a	n/a	n/a	n/a
325.122	0.028	saccade	n/a	256.8	239.7	n/a	317.2	251.5	2.34	151.0
325.152	0.208	fixation	n/a	312.3	253.6	2826.0	n/a	n/a	n/a	n/a
325.362	0.028	saccade	n/a	313.9	258.7	n/a	380.1	253.4	2.54	156.0
325.392	0.114	fixation	n/a	375.9	252.5	2842.0	n/a	n/a	n/a	n/a
325.508	0.036	saccade	n/a	376.7	249.5	n/a	473.7	248.3	3.73	200.0
325.546	0.252	fixation	n/a	471.9	248.3	2895.0	n/a	n/a	n/a	n/a
325.8	0.02	saccade	n/a	473.5	249.7	n/a	503.4	250.5	1.15	79.0
325.822	0.134	fixation	n/a	501.0	252.2	2894.0	n/a	n/a	n/a	n/a
325.958	0.036	saccade	n/a	501.2	251.3	n/a	372.9	247.2	4.95	309.0
325.996	0.238	fixation	n/a	375.7	247.2	2916.0	n/a	n/a	n/a	n/a
326.236	0.034	saccade	n/a	373.7	246.8	n/a	477.6	255.2	4.01	221.0
326.272	0.062	fixation	n/a	478.8	255.5	3017.0	n/a	n/a	n/a	n/a
326.336	0.028	saccade	n/a	481.0	256.9	n/a	524.7	256.6	1.69	137.0
326.366	0.218	fixation	n/a	518.3	255.1	3080.0	n/a	n/a	n/a	n/a
326.586	0.062	saccade	n/a	518.1	254.4	n/a	95.5	288.3	15.88	480.0
326.65	0.206	fixation	n/a	99.6	289.7	3007.0	n/a	n/a	n/a	n/a
326.858	0.032	saccade	n/a	100.5	292.3	n/a	97.8	223.7	2.62	146.0
326.87	0.0	trigger_11	11	n/a	n/a	n/a	n/a	n/a	n/a	n/a
326.892	0.334	fixation	n/a	113.7	218.3	2907.0	n/a	n/a	n/a	n/a
326.974	0.0	trigger_10	10	n/a	n/a	n/a	n/a	n/a	n/a	n/a
327.228	0.034	saccade	n/a	122.9	217.1	n/a	235.9	206.4	4.22	260.0
327.264	0.326	fixation	n/a	232.3	205.7	2986.0	n/a	n/a	n/a	n/a
327.592	0.042	saccade	n/a	234.2	210.5	n/a	386.0	203.6	5.78	254.0
327.636	0.208	fixation	n/a	384.2	202.7	2940.0	n/a	n/a	n/a	n/a
327.846	0.016	saccade	n/a	384.4	202.0	n/a	363.9	203.2	0.79	62.0
327.864	0.23	fixation	n/a	367.4	202.6	2912.0	n/a	n/a	n/a	n/a
328.096	0.048	saccade	n/a	368.5	203.8	n/a	115.7	247.2	9.62	343.0
328.146	0.182	fixation	n/a	121.9	250.0	2929.0	n/a	n/a	n/a	n/a
328.33	0.034	saccade	n/a	120.7	248.9	n/a	236.6	239.7	4.31	285.0
328.366	0.266	fixation	n/a	238.7	240.1	2904.0	n/a	n/a	n/a	n/a
328.634	0.03	saccade	n/a	241.9	239.0	n/a	336.9	263.9	3.74	182.0
328.666	0.212	fixation	n/a	344.8	261.5	2864.0	n/a	n/a	n/a	n/a
328.88	0.018	saccade	n/a	344.0	262.7	n/a	317.5	263.4	1.01	72.0
328.9	0.226	fixation	n/a	319.1	261.9	2883.0	n/a	n/a	n/a	n/a
329.128	0.024	saccade	n/a	319.8	261.8	n/a	369.4	259.5	1.9	124.0
329.154	0.128	fixation	n/a	365.5	259.4	2876.0	n/a	n/a	n/a	n/a
329.284	0.034	saccade	n/a	366.7	257.9	n/a	443.7	252.4	2.98	172.0
329.32	0.282	fixation	n/a	443.7	251.2	2865.0	n/a	n/a	n/a	n/a
329.604	0.07	saccade	n/a	440.8	250.3	n/a	537.0	260.1	3.73	209.0
329.676	0.248	fixation	n/a	538.5	256.6	2793.0	n/a	n/a	n/a	n/a
329.926	0.016	saccade	n/a	537.2	256.5	n/a	519.1	255.2	0.7	53.0
329.944	0.17	fixation	n/a	521.7	254.4	2765.0	n/a	n/a	n/a	n/a
330.116	0.03	saccade	n/a	522.2	252.7	n/a	608.0	247.9	3.31	171.0
330.148	0.132	fixation	n/a	606.3	245.9	2716.0	n/a	n/a	n/a	n/a
330.282	0.028	saccade	n/a	607.9	247.2	n/a	681.4	248.5	2.81	154.0
330.312	0.204	fixation	n/a	682.6	242.9	2693.0	n/a	n/a	n/a	n/a
330.518	0.086	saccade	n/a	684.1	241.1	n/a	141.5	275.0	20.25	347.0
330.606	0.164	fixation	n/a	135.0	284.6	2675.0	n/a	n/a	n/a	n/a
330.772	0.016	saccade	n/a	132.6	289.8	n/a	110.0	293.8	0.84	65.0
330.79	0.134	fixation	n/a	111.4	291.2	2642.0	n/a	n/a	n/a	n/a
330.926	0.04	saccade	n/a	112.7	292.0	n/a	272.0	307.8	5.95	288.0
330.968	0.198	fixation	n/a	268.2	303.9	2601.0	n/a	n/a	n/a	n/a
331.168	0.036	saccade	n/a	269.5	301.5	n/a	391.4	309.4	4.66	232.0
331.206	0.128	fixation	n/a	395.2	309.3	2548.0	n/a	n/a	n/a	n/a
331.336	0.028	saccade	n/a	399.3	310.5	n/a	481.9	317.2	3.21	166.0
331.366	0.202	fixation	n/a	499.3	311.9	2477.0	n/a	n/a	n/a	n/a
331.57	0.014	saccade	n/a	507.8	307.9	n/a	522.3	308.5	0.56	46.0
331.586	0.148	fixation	n/a	526.7	306.0	2443.0	n/a	n/a	n/a	n/a
331.736	0.024	saccade	n/a	529.8	305.6	n/a	573.5	298.1	1.71	92.0
331.762	0.25	fixation	n/a	580.6	297.2	2427.0	n/a	n/a	n/a	n/a
332.014	0.066	saccade	n/a	583.3	300.3	n/a	145.4	350.1	16.54	387.0
332.082	0.25	fixation	n/a	151.0	360.0	2505.0	n/a	n/a	n/a	n/a
332.334	0.024	saccade	n/a	154.6	363.2	n/a	206.6	362.1	1.93	124.0
332.36	0.194	fixation	n/a	203.6	362.1	2537.0	n/a	n/a	n/a	n/a
332.556	0.032	saccade	n/a	206.9	364.2	n/a	302.7	358.2	3.62	188.0
332.59	0.202	fixation	n/a	303.4	359.7	2638.0	n/a	n/a	n/a	n/a
332.794	0.034	saccade	n/a	305.5	360.4	n/a	390.5	365.7	3.26	205.0
332.83	0.124	fixation	n/a	389.7	366.8	2681.0	n/a	n/a	n/a	n/a
332.956	0.05	saccade	n/a	390.9	367.1	n/a	146.4	366.1	9.19	366.0
333.008	0.236	fixation	n/a	143.6	365.7	2727.0	n/a	n/a	n/a	n/a
333.246	0.022	saccade	n/a	140.2	367.0	n/a	107.6	370.0	1.19	91.0
333.27	0.192	fixation	n/a	112.6	370.7	2766.0	n/a	n/a	n/a	n/a
333.464	0.054	saccade	n/a	114.8	370.0	n/a	220.5	367.9	3.89	118.0
333.52	0.216	fixation	n/a	220.4	367.8	2768.0	n/a	n/a	n/a	n/a
333.738	0.036	saccade	n/a	223.9	368.9	n/a	326.7	371.3	3.89	212.0
333.776	0.146	fixation	n/a	323.7	371.2	2759.0	n/a	n/a	n/a	n/a
333.924	0.026	saccade	n/a	325.4	369.6	n/a	398.2	371.3	2.79	156.0
333.952	0.13	fixation	n/a	400.4	367.9	2727.0	n/a	n/a	n/a	n/a
334.084	0.038	saccade	n/a	400.9	366.8	n/a	250.3	366.7	5.73	274.0
334.124	0.244	fixation	n/a	253.7	363.4	2689.0	n/a	n/a	n/a	n/a
334.37	0.18	saccade	n/a	286.8	357.3	n/a	188.7	286.8	4.58	1758.0
334.428	0.02	blink	n/a	n/a	n/a	n/a	n/a	n/a	n/a	n/a
334.552	0.206	fixation	n/a	194.0	269.3	2586.0	n/a	n/a	n/a	n/a
334.76	0.042	saccade	n/a	198.7	263.3	n/a	359.8	281.7	6.13	285.0
334.804	0.128	fixation	n/a	361.7	282.1	2602.0	n/a	n/a	n/a	n/a
334.934	0.034	saccade	n/a	364.4	279.9	n/a	416.1	355.8	3.56	228.0
334.97	0.156	fixation	n/a	416.5	352.7	2537.0	n/a	n/a	n/a	n/a
335.128	0.034	saccade	n/a	416.8	352.6	n/a	533.4	314.1	4.73	243.0
335.164	0.128	fixation	n/a	537.1	309.6	2589.0	n/a	n/a	n/a	n/a
335.294	0.024	saccade	n/a	536.2	309.0	n/a	508.4	306.9	1.07	95.0
335.32	0.552	fixation	n/a	511.7	312.5	2691.0	n/a	n/a	n/a	n/a
335.874	0.036	saccade	n/a	510.8	316.2	n/a	402.4	252.2	4.92	300.0
335.912	0.186	fixation	n/a	398.5	250.1	2826.0	n/a	n/a	n/a	n/a
336.1	0.026	saccade	n/a	395.6	249.1	n/a	354.1	251.7	1.61	142.0
336.128	0.262	fixation	n/a	350.6	254.0	2823.0	n/a	n/a	n/a	n/a
336.392	0.034	saccade	n/a	345.0	259.2	n/a	410.7	350.9	4.38	263.0
336.428	0.158	fixation	n/a	406.3	351.9	2880.0	n/a	n/a	n/a	n/a
336.588	0.032	saccade	n/a	404.8	354.6	n/a	324.4	372.5	3.15	222.0
336.622	0.174	fixation	n/a	323.8	374.0	2967.0	n/a	n/a	n/a	n/a
336.798	0.03	saccade	n/a	323.4	376.3	n/a	387.9	376.1	2.46	154.0
336.83	0.184	fixation	n/a	381.8	374.5	2961.0	n/a	n/a	n/a	n/a
337.016	0.052	saccade	n/a	381.2	372.0	n/a	204.4	212.5	9.06	266.0
337.07	0.26	fixation	n/a	197.2	164.5	2922.0	n/a	n/a	n/a	n/a
337.332	0.02	saccade	n/a	197.7	169.2	n/a	158.8	181.3	1.51	104.0
337.354	0.176	fixation	n/a	158.3	185.3	2887.0	n/a	n/a	n/a	n/a
337.532	0.05	saccade	n/a	157.5	188.4	n/a	386.2	195.8	8.59	295.0
337.584	0.052	fixation	n/a	383.9	194.9	2956.0	n/a	n/a	n/a	n/a
337.638	0.046	saccade	n/a	383.6	195.3	n/a	451.4	199.3	2.6	245.0
337.686	0.18	fixation	n/a	454.7	202.1	3028.0	n/a	n/a	n/a	n/a
337.868	0.054	saccade	n/a	454.5	204.3	n/a	118.5	253.9	12.7	426.0
337.924	0.198	fixation	n/a	123.8	254.8	2957.0	n/a	n/a	n/a	n/a
338.124	0.036	saccade	n/a	122.5	253.7	n/a	253.4	242.7	4.88	288.0
338.162	0.112	fixation	n/a	248.8	241.1	2898.0	n/a	n/a	n/a	n/a
338.276	0.038	saccade	n/a	250.2	241.6	n/a	390.6	249.9	5.35	276.0
338.316	0.156	fixation	n/a	387.1	248.7	2902.0	n/a	n/a	n/a	n/a
338.474	0.016	saccade	n/a	386.1	253.1	n/a	364.0	253.8	0.85	71.0
338.492	0.212	fixation	n/a	367.8	253.3	2941.0	n/a	n/a	n/a	n/a
338.706	0.058	saccade	n/a	365.4	251.5	n/a	131.6	211.4	8.91	281.0
338.744	0.0	trigger_11	11	n/a	n/a	n/a	n/a	n/a	n/a	n/a
338.766	0.308	fixation	n/a	139.8	203.8	2981.0	n/a	n/a	n/a	n/a
338.848	0.0	trigger_10	10	n/a	n/a	n/a	n/a	n/a	n/a	n/a
339.076	0.032	saccade	n/a	142.7	202.7	n/a	251.1	193.2	4.04	190.0
339.11	0.202	fixation	n/a	262.7	193.3	3019.0	n/a	n/a	n/a	n/a
339.314	0.03	saccade	n/a	264.3	190.8	n/a	348.5	193.6	3.2	151.0
339.346	0.208	fixation	n/a	350.8	192.3	3025.0	n/a	n/a	n/a	n/a
339.556	0.024	saccade	n/a	353.9	190.2	n/a	407.2	192.4	2.04	122.0
339.582	0.172	fixation	n/a	408.0	195.1	3000.0	n/a	n/a	n/a	n/a
339.756	0.024	saccade	n/a	404.8	198.3	n/a	357.4	196.5	1.82	99.0
339.782	0.184	fixation	n/a	352.1	193.3	3010.0	n/a	n/a	n/a	n/a
339.968	0.028	saccade	n/a	348.3	193.9	n/a	288.1	193.3	2.29	157.0
339.998	0.104	fixation	n/a	293.8	194.6	3043.0	n/a	n/a	n/a	n/a
340.104	0.038	saccade	n/a	294.8	197.9	n/a	391.9	205.7	3.73	185.0
340.144	0.226	fixation	n/a	384.4	204.2	3088.0	n/a	n/a	n/a	n/a
340.372	0.04	saccade	n/a	382.9	204.9	n/a	529.1	206.6	5.61	302.0
340.414	0.15	fixation	n/a	526.4	204.4	3074.0	n/a	n/a	n/a	n/a
340.566	0.022	saccade	n/a	529.3	203.7	n/a	574.8	201.7	1.75	112.0
340.59	0.114	fixation	n/a	572.1	201.5	3049.0	n/a	n/a	n/a	n/a
340.706	0.074	saccade	n/a	571.4	202.9	n/a	116.9	252.3	17.1	405.0
340.782	0.326	fixation	n/a	127.9	252.4	2941.0	n/a	n/a	n/a	n/a
341.11	0.016	saccade	n/a	129.6	253.6	n/a	106.1	260.2	0.89	72.0
341.128	0.248	fixation	n/a	113.0	256.8	2809.0	n/a	n/a	n/a	n/a
341.378	0.028	saccade	n/a	116.4	255.5	n/a	178.6	248.3	2.3	102.0
341.408	0.254	fixation	n/a	180.4	247.4	2768.0	n/a	n/a	n/a	n/a
341.664	0.028	saccade	n/a	184.5	248.3	n/a	253.7	243.0	2.59	166.0
341.694	0.138	fixation	n/a	249.9	242.1	2708.0	n/a	n/a	n/a	n/a
341.834	0.034	saccade	n/a	250.8	241.8	n/a	123.0	251.4	4.75	213.0
341.87	0.24	fixation	n/a	115.5	253.6	2677.0	n/a	n/a	n/a	n/a
342.112	0.036	saccade	n/a	122.8	253.5	n/a	233.2	243.2	4.11	203.0
342.15	0.176	fixation	n/a	230.9	238.2	2617.0	n/a	n/a	n/a	n/a
342.304	0.0	trigger_11	11	n/a	n/a	n/a	n/a	n/a	n/a	n/a
342.328	0.03	saccade	n/a	228.7	236.3	n/a	141.9	217.2	3.3	158.0
342.36	0.328	fixation	n/a	136.1	200.3	2589.0	n/a	n/a	n/a	n/a
342.408	0.0	trigger_10	10	n/a	n/a	n/a	n/a	n/a	n/a	n/a
342.69	0.024	saccade	n/a	139.8	196.1	n/a	188.4	183.2	1.86	114.0
342.716	0.054	fixation	n/a	191.8	184.5	2631.0	n/a	n/a	n/a	n/a
342.772	0.024	saccade	n/a	195.3	186.3	n/a	243.6	188.8	1.81	105.0
342.798	0.182	fixation	n/a	248.4	187.3	2635.0	n/a	n/a	n/a	n/a
342.982	0.026	saccade	n/a	250.3	190.0	n/a	306.7	187.3	2.13	142.0
343.01	0.234	fixation	n/a	305.7	184.4	2567.0	n/a	n/a	n/a	n/a
343.246	0.03	saccade	n/a	306.3	184.2	n/a	420.2	193.7	4.37	252.0
343.278	0.162	fixation	n/a	451.8	191.6	2544.0	n/a	n/a	n/a	n/a
343.442	0.024	saccade	n/a	452.6	189.9	n/a	391.0	187.6	2.37	144.0
343.468	0.344	fixation	n/a	355.9	182.1	2538.0	n/a	n/a	n/a	n/a
343.814	0.032	saccade	n/a	356.6	182.0	n/a	455.3	193.4	3.81	157.0
343.848	0.17	fixation	n/a	463.8	190.0	2479.0	n/a	n/a	n/a	n/a
344.02	0.022	saccade	n/a	466.8	190.4	n/a	499.3	194.1	1.26	66.0
344.044	0.118	fixation	n/a	508.4	192.3	2477.0	n/a	n/a	n/a	n/a
344.164	0.02	saccade	n/a	512.5	191.8	n/a	539.5	191.2	1.04	63.0
344.186	0.202	fixation	n/a	549.7	187.4	2461.0	n/a	n/a	n/a	n/a
344.39	0.108	saccade	n/a	549.7	188.1	n/a	144.2	224.1	15.31	221.0
344.5	0.294	fixation	n/a	133.1	236.4	2393.0	n/a	n/a	n/a	n/a
344.796	0.02	saccade	n/a	136.5	236.8	n/a	166.2	238.4	1.09	69.0
344.818	0.042	fixation	n/a	168.3	237.2	2342.0	n/a	n/a	n/a	n/a
344.862	0.026	saccade	n/a	169.5	234.8	n/a	227.8	233.2	2.17	118.0
344.89	0.222	fixation	n/a	233.7	230.4	2308.0	n/a	n/a	n/a	n/a
345.114	0.018	saccade	n/a	238.7	232.2	n/a	264.1	231.2	0.96	64.0
345.134	0.37	fixation	n/a	254.5	226.2	2253.0	n/a	n/a	n/a	n/a
345.506	0.022	saccade	n/a	243.0	223.4	n/a	276.3	224.3	1.26	70.0
345.53	0.31	fixation	n/a	332.2	238.2	2234.0	n/a	n/a	n/a	n/a
345.842	0.022	saccade	n/a	342.7	242.1	n/a	379.6	236.9	1.43	84.0
345.866	0.666	fixation	n/a	409.8	233.0	2219.0	n/a	n/a	n/a	n/a
346.534	0.024	saccade	n/a	425.8	236.4	n/a	466.8	244.6	1.61	81.0
346.56	0.17	fixation	n/a	498.4	246.1	2255.0	n/a	n/a	n/a	n/a
346.732	0.014	saccade	n/a	507.5	245.4	n/a	522.1	246.8	0.57	45.0
346.748	0.206	fixation	n/a	522.0	246.4	2299.0	n/a	n/a	n/a	n/a
346.956	0.018	saccade	n/a	516.0	246.6	n/a	489.6	247.4	1.02	68.0
346.976	0.224	fixation	n/a	477.7	243.1	2317.0	n/a	n/a	n/a	n/a
347.202	0.038	saccade	n/a	472.7	242.4	n/a	565.7	242.4	3.57	110.0
347.242	0.366	fixation	n/a	603.5	232.0	2301.0	n/a	n/a	n/a	n/a
347.61	0.11	saccade	n/a	600.6	232.7	n/a	172.4	275.5	16.21	222.0
347.722	0.368	fixation	n/a	130.3	279.0	2303.0	n/a	n/a	n/a	n/a
348.092	0.018	saccade	n/a	108.5	275.2	n/a	133.1	278.1	0.9	54.0
348.112	1.144	fixation	n/a	108.5	318.5	2138.0	n/a	n/a	n/a	n/a
349.258	0.044	saccade	n/a	30.2	472.0	n/a	-4.6	342.8	4.92	150.0
349.304	0.348	fixation	n/a	22.5	301.5	2294.0	n/a	n/a	n/a	n/a
349.654	0.046	saccade	n/a	120.1	269.6	n/a	306.8	294.4	7.01	272.0
349.702	0.098	fixation	n/a	329.4	286.6	2206.0	n/a	n/a	n/a	n/a
349.802	0.022	saccade	n/a	338.7	284.5	n/a	300.8	283.7	1.44	89.0
349.824	0.0	trigger_11	11	n/a	n/a	n/a	n/a	n/a	n/a	n/a
349.826	0.134	fixation	n/a	298.7	285.3	2129.0	n/a	n/a	n/a	n/a
349.928	0.0	trigger_10	10	n/a	n/a	n/a	n/a	n/a	n/a	n/a
349.962	0.026	saccade	n/a	293.5	285.5	n/a	243.5	280.8	1.89	115.0
349.99	0.182	fixation	n/a	253.5	285.6	2124.0	n/a	n/a	n/a	n/a
350.174	0.034	saccade	n/a	253.9	288.6	n/a	164.2	199.7	4.77	215.0
350.21	0.446	fixation	n/a	157.7	189.9	2256.0	n/a	n/a	n/a	n/a
350.658	0.02	saccade	n/a	152.3	187.8	n/a	178.9	178.0	1.05	64.0
350.68	0.224	fixation	n/a	173.2	181.6	2377.0	n/a	n/a	n/a	n/a
350.906	0.026	saccade	n/a	172.1	188.5	n/a	233.5	183.4	2.29	133.0
350.934	0.178	fixation	n/a	230.0	184.6	2496.0	n/a	n/a	n/a	n/a
351.114	0.04	saccade	n/a	231.3	186.8	n/a	323.3	184.4	3.47	144.0
351.156	0.208	fixation	n/a	320.0	182.7	2532.0	n/a	n/a	n/a	n/a
351.366	0.03	saccade	n/a	317.7	181.8	n/a	250.3	184.7	2.55	165.0
351.398	0.178	fixation	n/a	252.6	184.8	2504.0	n/a	n/a	n/a	n/a
351.578	0.026	saccade	n/a	254.2	187.8	n/a	331.5	185.9	2.93	161.0
351.606	0.26	fixation	n/a	330.5	183.2	2558.0	n/a	n/a	n/a	n/a
351.868	0.024	saccade	n/a	329.1	183.1	n/a	378.9	185.6	1.9	116.0
351.894	0.192	fixation	n/a	377.9	187.4	2603.0	n/a	n/a	n/a	n/a
352.088	0.014	saccade	n/a	374.8	189.0	n/a	358.2	188.1	0.64	51.0
352.104	0.176	fixation	n/a	356.8	187.6	2633.0	n/a	n/a	n/a	n/a
352.282	0.022	saccade	n/a	357.4	186.8	n/a	400.2	189.2	1.64	102.0
352.306	0.172	fixation	n/a	396.4	191.7	2621.0	n/a	n/a	n/a	n/a
352.48	0.03	saccade	n/a	397.0	193.2	n/a	472.8	195.4	2.92	162.0
352.512	0.29	fixation	n/a	470.0	191.0	2667.0	n/a	n/a	n/a	n/a
352.804	0.024	saccade	n/a	471.5	192.3	n/a	516.0	193.5	1.71	112.0
352.83	0.146	fixation	n/a	511.9	192.0	2715.0	n/a	n/a	n/a	n/a
352.978	0.032	saccade	n/a	512.4	192.8	n/a	587.7	188.4	2.9	156.0
353.012	0.212	fixation	n/a	584.6	187.1	2742.0	n/a	n/a	n/a	n/a
353.226	0.076	saccade	n/a	584.0	190.1	n/a	138.8	242.8	16.8	370.0
353.304	0.322	fixation	n/a	133.6	257.2	2705.0	n/a	n/a	n/a	n/a
353.628	0.028	saccade	n/a	132.2	253.6	n/a	221.9	241.9	3.34	167.0
353.658	0.144	fixation	n/a	228.8	241.8	2593.0	n/a	n/a	n/a	n/a
353.804	0.03	saccade	n/a	233.3	242.1	n/a	325.3	245.3	3.48	175.0
353.836	0.154	fixation	n/a	325.5	244.8	2553.0	n/a	n/a	n/a	n/a
353.992	0.028	saccade	n/a	328.1	243.9	n/a	417.4	241.0	3.41	188.0
354.022	0.28	fixation	n/a	443.8	240.2	2484.0	n/a	n/a	n/a	n/a
354.304	0.022	saccade	n/a	447.5	242.9	n/a	491.2	243.2	1.69	106.0
354.328	0.16	fixation	n/a	492.9	242.4	2494.0	n/a	n/a	n/a	n/a
354.49	0.024	saccade	n/a	494.8	243.3	n/a	553.0	248.2	2.25	128.0
354.516	0.148	fixation	n/a	554.5	246.3	2492.0	n/a	n/a	n/a	n/a
354.666	0.016	saccade	n/a	562.5	243.8	n/a	582.8	245.9	0.78	58.0
354.684	0.152	fixation	n/a	585.6	246.1	2438.0	n/a	n/a	n/a	n/a
354.838	0.086	saccade	n/a	586.3	246.5	n/a	128.3	189.1	17.23	310.0
354.926	0.578	fixation	n/a	128.4	184.7	2342.0	n/a	n/a	n/a	n/a
355.184	0.0	trigger_11	11	n/a	n/a	n/a	n/a	n/a	n/a	n/a
355.286	0.0	trigger_12	12	n/a	n/a	n/a	n/a	n/a	n/a	n/a
355.506	0.02	saccade	n/a	131.1	184.5	n/a	162.5	181.8	1.15	72.0
355.528	0.364	fixation	n/a	164.0	183.7	2496.0	n/a	n/a	n/a	n/a
355.894	0.026	saccade	n/a	164.3	185.7	n/a	228.9	188.7	2.4	144.0
355.922	0.188	fixation	n/a	227.5	192.1	2601.0	n/a	n/a	n/a	n/a
356.112	0.02	saccade	n/a	232.3	195.7	n/a	266.5	195.4	1.29	88.0
356.134	0.236	fixation	n/a	262.5	195.8	2689.0	n/a	n/a	n/a	n/a
356.372	0.02	saccade	n/a	263.0	195.2	n/a	299.2	194.2	1.37	96.0
356.394	0.116	fixation	n/a	297.3	195.3	2719.0	n/a	n/a	n/a	n/a
356.512	0.022	saccade	n/a	294.9	197.1	n/a	251.1	196.2	1.65	108.0
356.536	0.282	fixation	n/a	253.4	193.8	2681.0	n/a	n/a	n/a	n/a
356.82	0.022	saccade	n/a	256.0	193.2	n/a	301.0	192.6	1.7	115.0
356.844	0.186	fixation	n/a	296.0	191.6	2720.0	n/a	n/a	n/a	n/a
357.032	0.02	saccade	n/a	296.9	190.6	n/a	325.9	188.5	1.1	73.0
357.054	0.376	fixation	n/a	315.8	187.7	2746.0	n/a	n/a	n/a	n/a
357.432	0.016	saccade	n/a	308.8	189.2	n/a	287.0	192.2	0.83	65.0
357.45	0.1	fixation	n/a	286.2	192.3	2684.0	n/a	n/a	n/a	n/a
357.552	0.02	saccade	n/a	280.9	193.0	n/a	249.8	195.6	1.17	75.0
357.574	0.062	fixation	n/a	246.6	196.1	2654.0	n/a	n/a	n/a	n/a
357.638	0.028	saccade	n/a	240.3	196.2	n/a	178.8	195.6	2.29	98.0
357.668	0.612	fixation	n/a	131.3	198.0	2608.0	n/a	n/a	n/a	n/a
358.282	0.016	saccade	n/a	137.3	195.6	n/a	159.3	194.3	0.8	58.0
358.3	0.236	fixation	n/a	174.6	185.7	2572.0	n/a	n/a	n/a	n/a
358.538	0.024	saccade	n/a	188.6	185.1	n/a	242.2	191.4	2.0	105.0
358.564	0.112	fixation	n/a	248.6	191.1	2550.0	n/a	n/a	n/a	n/a
358.678	0.026	saccade	n/a	252.3	192.6	n/a	323.1	186.5	2.68	150.0
358.706	0.116	fixation	n/a	357.1	186.2	2516.0	n/a	n/a	n/a	n/a
358.824	0.02	saccade	n/a	368.5	188.6	n/a	401.5	190.6	1.26	82.0
358.846	0.23	fixation	n/a	405.9	187.9	2428.0	n/a	n/a	n/a	n/a
359.078	0.016	saccade	n/a	411.4	188.5	n/a	430.7	192.6	0.76	57.0
359.096	0.098	fixation	n/a	432.0	190.1	2386.0	n/a	n/a	n/a	n/a
359.196	0.028	saccade	n/a	433.3	189.8	n/a	513.4	197.4	3.09	156.0
359.226	0.152	fixation	n/a	519.7	192.6	2345.0	n/a	n/a	n/a	n/a
359.38	0.078	saccade	n/a	520.7	188.5	n/a	142.5	222.7	14.2	278.0
359.46	0.318	fixation	n/a	137.7	236.7	2348.0	n/a	n/a	n/a	n/a
359.78	0.034	saccade	n/a	132.8	241.8	n/a	248.9	236.5	4.29	239.0
359.816	0.34	fixation	n/a	248.0	237.5	2491.0	n/a	n/a	n/a	n/a
360.158	0.028	saccade	n/a	248.9	238.1	n/a	311.9	244.0	2.38	149.0
360.188	0.318	fixation	n/a	306.1	245.0	2660.0	n/a	n/a	n/a	n/a
360.508	0.03	saccade	n/a	306.9	248.4	n/a	387.9	254.1	3.09	190.0
360.54	0.176	fixation	n/a	384.3	252.1	2667.0	n/a	n/a	n/a	n/a
360.718	0.02	saccade	n/a	386.1	250.4	n/a	418.6	247.4	1.25	85.0
360.74	0.226	fixation	n/a	414.1	245.4	2700.0	n/a	n/a	n/a	n/a
360.968	0.056	saccade	n/a	413.5	244.5	n/a	139.7	218.9	10.26	292.0
361.026	0.136	fixation	n/a	143.4	215.9	2796.0	n/a	n/a	n/a	n/a
361.164	0.014	saccade	n/a	142.2	216.5	n/a	124.2	206.3	0.76	66.0
361.18	0.522	fixation	n/a	126.6	209.8	2901.0	n/a	n/a	n/a	n/a
361.346	0.0	trigger_13	13	n/a	n/a	n/a	n/a	n/a	n/a	n/a
361.704	0.018	saccade	n/a	126.6	212.3	n/a	153.9	208.5	1.01	71.0
361.724	0.284	fixation	n/a	151.4	208.3	3072.0	n/a	n/a	n/a	n/a
362.01	0.024	saccade	n/a	154.5	206.4	n/a	207.8	206.2	1.97	128.0
362.036	0.122	fixation	n/a	205.6	209.5	3108.0	n/a	n/a	n/a	n/a
362.16	0.172	saccade	n/a	224.6	219.5	n/a	132.4	230.1	3.44	1248.0
362.198	0.038	blink	n/a	n/a	n/a	n/a	n/a	n/a	n/a	n/a
362.334	0.234	fixation	n/a	141.4	206.9	3034.0	n/a	n/a	n/a	n/a
362.57	0.014	saccade	n/a	146.4	209.8	n/a	161.6	214.5	0.59	49.0
362.586	0.144	fixation	n/a	158.0	215.1	2992.0	n/a	n/a	n/a	n/a
362.732	0.032	saccade	n/a	157.8	213.2	n/a	240.4	188.2	3.22	203.0
362.766	0.158	fixation	n/a	231.8	189.6	2876.0	n/a	n/a	n/a	n/a
362.926	0.032	saccade	n/a	231.7	197.4	n/a	317.0	206.6	3.24	193.0
362.96	0.234	fixation	n/a	311.5	203.6	2938.0	n/a	n/a	n/a	n/a
363.196	0.032	saccade	n/a	310.7	206.0	n/a	217.9	203.7	3.5	178.0
363.23	0.248	fixation	n/a	222.0	203.9	2939.0	n/a	n/a	n/a	n/a
363.48	0.036	saccade	n/a	222.8	206.6	n/a	131.5	256.4	3.88	249.0
363.518	0.186	fixation	n/a	133.6	251.0	2968.0	n/a	n/a	n/a	n/a
363.706	0.018	saccade	n/a	136.9	253.5	n/a	159.9	262.2	0.91	66.0
363.726	0.25	fixation	n/a	152.2	259.4	2984.0	n/a	n/a	n/a	n/a
363.978	0.03	saccade	n/a	152.8	261.2	n/a	178.9	317.5	2.36	166.0
364.01	0.224	fixation	n/a	175.0	311.0	3042.0	n/a	n/a	n/a	n/a
364.236	0.03	saccade	n/a	175.3	316.3	n/a	205.2	386.4	2.9	184.0
364.268	0.166	fixation	n/a	202.0	379.4	3138.0	n/a	n/a	n/a	n/a
364.436	0.03	saccade	n/a	199.7	378.8	n/a	140.7	381.1	2.17	142.0
364.468	0.142	fixation	n/a	145.9	381.4	3168.0	n/a	n/a	n/a	n/a
364.612	0.034	saccade	n/a	144.5	380.9	n/a	139.4	268.7	4.27	273.0
364.648	0.234	fixation	n/a	137.4	270.3	3136.0	n/a	n/a	n/a	n/a
364.884	0.026	saccade	n/a	137.5	269.0	n/a	184.7	256.8	1.8	130.0
364.912	0.29	fixation	n/a	180.8	260.6	3170.0	n/a	n/a	n/a	n/a
365.204	0.042	saccade	n/a	179.1	265.0	n/a	144.1	372.8	4.31	174.0
365.248	0.404	fixation	n/a	146.8	375.2	3371.0	n/a	n/a	n/a	n/a
365.654	0.028	saccade	n/a	151.1	375.5	n/a	129.4	443.3	2.68	179.0
365.684	0.138	fixation	n/a	131.2	434.5	3305.0	n/a	n/a	n/a	n/a
365.824	0.03	saccade	n/a	132.7	431.7	n/a	222.4	430.3	3.3	161.0
365.856	0.076	fixation	n/a	229.4	428.5	3247.0	n/a	n/a	n/a	n/a
365.934	0.034	saccade	n/a	234.0	428.3	n/a	338.0	421.4	3.93	178.0
365.97	0.186	fixation	n/a	334.7	422.5	3240.0	n/a	n/a	n/a	n/a
366.158	0.084	saccade	n/a	337.4	421.4	n/a	148.5	257.1	9.46	299.0
366.244	0.19	fixation	n/a	153.9	252.5	3107.0	n/a	n/a	n/a	n/a
366.436	0.022	saccade	n/a	153.7	250.5	n/a	130.3	216.7	1.55	110.0
366.46	0.34	fixation	n/a	139.2	219.3	3006.0	n/a	n/a	n/a	n/a
366.514	0.0	trigger_15	15	n/a	n/a	n/a	n/a	n/a	n/a	n/a
366.566	0.0	trigger_10	10	n/a	n/a	n/a	n/a	n/a	n/a	n/a
366.802	0.026	saccade	n/a	140.7	218.8	n/a	204.3	203.5	2.42	144.0
366.83	0.192	fixation	n/a	202.5	208.0	3110.0	n/a	n/a	n/a	n/a
367.024	0.03	saccade	n/a	202.6	210.1	n/a	137.2	210.6	2.42	161.0
367.056	0.346	fixation	n/a	141.8	209.0	3114.0	n/a	n/a	n/a	n/a
367.404	0.052	saccade	n/a	142.4	208.5	n/a	398.0	196.4	9.58	331.0
367.458	0.264	fixation	n/a	397.3	191.5	3183.0	n/a	n/a	n/a	n/a
367.724	0.024	saccade	n/a	395.7	192.6	n/a	350.2	190.6	1.74	120.0
367.75	0.122	fixation	n/a	353.2	190.8	3162.0	n/a	n/a	n/a	n/a
367.874	0.038	saccade	n/a	354.8	190.7	n/a	478.5	200.4	4.75	257.0
367.914	0.268	fixation	n/a	480.6	199.1	3014.0	n/a	n/a	n/a	n/a
368.184	0.056	saccade	n/a	483.8	202.4	n/a	161.5	188.0	12.13	331.0
368.242	0.106	fixation	n/a	153.6	197.3	2986.0	n/a	n/a	n/a	n/a
368.35	0.018	saccade	n/a	149.7	201.3	n/a	122.4	205.4	1.01	76.0
368.37	0.228	fixation	n/a	131.9	207.2	2939.0	n/a	n/a	n/a	n/a
368.6	0.028	saccade	n/a	132.9	205.5	n/a	200.3	199.9	2.49	147.0
368.63	0.108	fixation	n/a	197.3	199.2	2929.0	n/a	n/a	n/a	n/a
368.74	0.03	saccade	n/a	197.7	199.9	n/a	120.6	206.3	2.85	174.0
368.772	0.276	fixation	n/a	128.1	209.3	2911.0	n/a	n/a	n/a	n/a
369.05	0.028	saccade	n/a	132.1	212.0	n/a	202.9	199.5	2.66	159.0
369.08	0.084	fixation	n/a	199.3	199.0	2920.0	n/a	n/a	n/a	n/a
369.166	0.024	saccade	n/a	201.4	200.2	n/a	251.6	201.8	1.88	119.0
369.192	0.18	fixation	n/a	248.2	199.0	2889.0	n/a	n/a	n/a	n/a
369.374	0.026	saccade	n/a	250.2	199.8	n/a	316.3	194.8	2.51	159.0
369.402	0.128	fixation	n/a	320.2	194.1	2867.0	n/a	n/a	n/a	n/a
369.532	0.06	saccade	n/a	321.8	196.9	n/a	578.6	209.6	9.81	274.0
369.594	0.268	fixation	n/a	609.4	196.5	2779.0	n/a	n/a	n/a	n/a
369.864	0.058	saccade	n/a	609.1	194.9	n/a	231.5	225.8	14.33	425.0
369.924	0.17	fixation	n/a	223.3	232.9	2674.0	n/a	n/a	n/a	n/a
370.096	0.018	saccade	n/a	225.8	237.4	n/a	250.6	237.5	0.93	68.0
370.116	0.074	fixation	n/a	245.6	235.9	2620.0	n/a	n/a	n/a	n/a
370.192	0.034	saccade	n/a	244.7	235.0	n/a	151.5	243.9	3.47	259.0
370.228	0.168	fixation	n/a	152.2	246.6	2655.0	n/a	n/a	n/a	n/a
370.398	0.05	saccade	n/a	151.3	249.6	n/a	336.8	257.8	6.95	253.0
370.45	0.15	fixation	n/a	337.9	256.5	2669.0	n/a	n/a	n/a	n/a
370.602	0.024	saccade	n/a	338.1	255.0	n/a	386.1	247.0	1.86	117.0
370.628	0.144	fixation	n/a	386.6	245.3	2658.0	n/a	n/a	n/a	n/a
370.774	0.036	saccade	n/a	389.0	243.3	n/a	500.6	246.4	4.29	186.0
370.812	0.25	fixation	n/a	506.7	244.5	2617.0	n/a	n/a	n/a	n/a
371.064	0.082	saccade	n/a	509.5	246.1	n/a	151.1	200.7	13.56	272.0
371.148	0.452	fixation	n/a	136.6	187.9	2568.0	n/a	n/a	n/a	n/a
371.234	0.0	trigger_11	11	n/a	n/a	n/a	n/a	n/a	n/a	n/a
371.338	0.0	trigger_10	10	n/a	n/a	n/a	n/a	n/a	n/a	n/a
371.602	0.024	saccade	n/a	135.2	180.4	n/a	191.1	176.4	2.06	126.0
371.628	0.16	fixation	n/a	192.0	175.7	2580.0	n/a	n/a	n/a	n/a
371.79	0.024	saccade	n/a	193.4	176.7	n/a	243.5	182.5	1.88	111.0
371.816	0.142	fixation	n/a	245.7	183.3	2584.0	n/a	n/a	n/a	n/a
371.96	0.042	saccade	n/a	246.4	183.8	n/a	371.0	189.2	4.72	193.0
372.004	0.314	fixation	n/a	370.6	188.8	2542.0	n/a	n/a	n/a	n/a
372.32	0.024	saccade	n/a	373.1	186.5	n/a	420.4	190.3	1.82	102.0
372.346	0.124	fixation	n/a	435.6	188.3	2501.0	n/a	n/a	n/a	n/a
372.472	0.024	saccade	n/a	443.2	188.3	n/a	506.7	194.7	2.45	137.0
372.498	0.208	fixation	n/a	514.4	193.8	2493.0	n/a	n/a	n/a	n/a
372.708	0.016	saccade	n/a	513.8	194.1	n/a	493.4	193.8	0.78	57.0
372.726	0.042	fixation	n/a	490.6	191.4	2493.0	n/a	n/a	n/a	n/a
372.77	0.028	saccade	n/a	486.0	189.9	n/a	417.7	188.5	2.62	151.0
372.8	0.192	fixation	n/a	415.8	187.2	2488.0	n/a	n/a	n/a	n/a
372.994	0.038	saccade	n/a	419.8	190.6	n/a	525.2	199.7	4.07	138.0
373.034	0.134	fixation	n/a	551.2	195.9	2464.0	n/a	n/a	n/a	n/a
373.17	0.104	saccade	n/a	551.2	192.9	n/a	171.8	217.0	14.29	248.0
373.276	0.284	fixation	n/a	139.3	231.3	2422.0	n/a	n/a	n/a	n/a
373.562	0.016	saccade	n/a	129.8	225.0	n/a	116.6	207.2	0.83	56.0
373.58	0.526	fixation	n/a	137.0	183.3	2349.0	n/a	n/a	n/a	n/a
374.108	0.014	saccade	n/a	155.9	173.7	n/a	173.5	173.3	0.65	50.0
374.124	0.832	fixation	n/a	164.3	174.0	2337.0	n/a	n/a	n/a	n/a
374.958	0.016	saccade	n/a	145.2	174.1	n/a	163.4	171.7	0.67	48.0
374.976	0.12	fixation	n/a	167.0	174.3	2316.0	n/a	n/a	n/a	n/a
375.098	0.02	saccade	n/a	167.4	176.1	n/a	197.8	169.8	1.15	75.0
375.12	0.154	fixation	n/a	195.6	171.1	2315.0	n/a	n/a	n/a	n/a
375.276	0.016	saccade	n/a	196.3	175.9	n/a	216.6	179.0	0.76	55.0
375.294	0.066	fixation	n/a	234.7	180.6	2297.0	n/a	n/a	n/a	n/a
375.362	0.018	saccade	n/a	244.1	180.2	n/a	268.5	181.7	0.92	60.0
375.382	2.516	fixation	n/a	192.8	201.5	2031.0	n/a	n/a	n/a	n/a
377.9	0.072	saccade	n/a	144.2	417.5	n/a	96.6	231.5	7.21	161.0
377.974	1.602	fixation	n/a	130.8	224.8	1952.0	n/a	n/a	n/a	n/a
379.578	0.02	saccade	n/a	157.0	353.3	n/a	148.8	314.2	1.52	92.0
379.6	0.64	fixation	n/a	125.6	329.4	1948.0	n/a	n/a	n/a	n/a
380.242	0.052	saccade	n/a	58.9	406.4	n/a	30.8	436.4	1.49	158.0
380.296	0.062	fixation	n/a	46.5	470.2	1642.0	n/a	n/a	n/a	n/a
380.36	0.058	saccade	n/a	38.8	485.5	n/a	13.4	361.5	4.65	136.0
380.42	0.404	fixation	n/a	65.9	333.5	2083.0	n/a	n/a	n/a	n/a
380.826	0.024	saccade	n/a	112.4	269.3	n/a	151.2	241.1	1.77	100.0
380.852	0.332	fixation	n/a	168.0	227.1	2067.0	n/a	n/a	n/a	n/a
381.186	0.026	saccade	n/a	176.3	225.5	n/a	150.0	158.9	2.71	140.0
381.214	0.238	fixation	n/a	155.4	158.0	2264.0	n/a	n/a	n/a	n/a
381.454	0.03	saccade	n/a	153.9	167.4	n/a	223.4	155.2	2.61	169.0
381.486	0.176	fixation	n/a	216.8	153.5	2379.0	n/a	n/a	n/a	n/a
381.664	0.026	saccade	n/a	215.5	155.5	n/a	280.6	177.4	2.58	146.0
381.692	0.24	fixation	n/a	275.4	181.8	2548.0	n/a	n/a	n/a	n/a
381.934	0.032	saccade	n/a	275.3	185.7	n/a	351.2	186.8	2.87	152.0
381.968	0.104	fixation	n/a	346.5	191.2	2606.0	n/a	n/a	n/a	n/a
382.074	0.04	saccade	n/a	347.6	193.8	n/a	492.8	194.3	5.56	307.0
382.116	0.248	fixation	n/a	495.9	194.6	2644.0	n/a	n/a	n/a	n/a
382.366	0.054	saccade	n/a	495.5	198.9	n/a	112.9	243.2	14.38	509.0
382.422	0.23	fixation	n/a	119.5	245.5	2735.0	n/a	n/a	n/a	n/a
382.46	0.0	trigger_11	11	n/a	n/a	n/a	n/a	n/a	n/a	n/a
382.562	0.0	trigger_10	10	n/a	n/a	n/a	n/a	n/a	n/a	n/a
382.654	0.028	saccade	n/a	119.6	244.7	n/a	127.5	188.5	2.14	141.0
382.684	0.208	fixation	n/a	126.5	192.4	2741.0	n/a	n/a	n/a	n/a
382.894	0.026	saccade	n/a	128.1	193.0	n/a	185.9	176.4	2.21	124.0
382.922	0.218	fixation	n/a	186.2	173.6	2743.0	n/a	n/a	n/a	n/a
383.142	0.018	saccade	n/a	185.3	177.8	n/a	207.2	186.5	0.87	64.0
383.162	0.144	fixation	n/a	202.9	189.2	2813.0	n/a	n/a	n/a	n/a
383.308	0.032	saccade	n/a	203.7	191.4	n/a	141.6	198.1	2.3	187.0
383.342	0.198	fixation	n/a	145.4	202.9	2862.0	n/a	n/a	n/a	n/a
383.542	0.03	saccade	n/a	143.5	202.3	n/a	221.8	196.6	2.9	194.0
383.574	0.178	fixation	n/a	214.8	196.7	2924.0	n/a	n/a	n/a	n/a
383.754	0.036	saccade	n/a	213.7	198.1	n/a	323.1	196.6	4.11	259.0
383.792	0.212	fixation	n/a	318.3	195.4	2920.0	n/a	n/a	n/a	n/a
384.006	0.032	saccade	n/a	319.2	194.9	n/a	398.2	197.3	3.01	184.0
384.04	0.194	fixation	n/a	394.8	198.8	2837.0	n/a	n/a	n/a	n/a
384.236	0.02	saccade	n/a	393.8	200.2	n/a	363.7	194.7	1.17	83.0
384.258	0.146	fixation	n/a	368.5	194.0	2805.0	n/a	n/a	n/a	n/a
384.406	0.024	saccade	n/a	370.9	194.2	n/a	417.7	194.4	1.79	109.0
384.432	0.382	fixation	n/a	417.2	196.1	2749.0	n/a	n/a	n/a	n/a
384.816	0.036	saccade	n/a	419.1	195.9	n/a	552.1	199.1	5.1	267.0
384.854	0.236	fixation	n/a	551.6	195.3	2735.0	n/a	n/a	n/a	n/a
385.092	0.022	saccade	n/a	554.2	195.1	n/a	592.0	192.4	1.45	90.0
385.116	0.21	fixation	n/a	587.2	192.9	2727.0	n/a	n/a	n/a	n/a
385.328	0.022	saccade	n/a	585.5	191.1	n/a	550.1	192.1	1.36	97.0
385.352	0.182	fixation	n/a	556.1	190.7	2720.0	n/a	n/a	n/a	n/a
385.536	0.024	saccade	n/a	558.3	190.9	n/a	600.8	189.2	1.63	118.0
385.562	0.136	fixation	n/a	595.7	186.5	2693.0	n/a	n/a	n/a	n/a
385.7	0.07	saccade	n/a	595.9	184.2	n/a	129.7	241.6	17.5	479.0
385.772	0.296	fixation	n/a	136.9	245.6	2732.0	n/a	n/a	n/a	n/a
386.07	0.028	saccade	n/a	139.1	244.0	n/a	202.8	238.4	2.36	163.0
386.1	0.196	fixation	n/a	202.7	238.2	2666.0	n/a	n/a	n/a	n/a
386.298	0.018	saccade	n/a	199.0	239.2	n/a	175.7	244.0	0.88	64.0
386.318	0.412	fixation	n/a	177.8	245.1	2638.0	n/a	n/a	n/a	n/a
386.732	0.032	saccade	n/a	177.1	245.8	n/a	274.5	236.3	3.66	221.0
386.766	0.226	fixation	n/a	272.1	235.1	2612.0	n/a	n/a	n/a	n/a
386.994	0.014	saccade	n/a	276.6	238.1	n/a	291.2	242.1	0.57	48.0
387.01	0.19	fixation	n/a	289.3	239.2	2586.0	n/a	n/a	n/a	n/a
387.202	0.028	saccade	n/a	290.7	240.5	n/a	237.6	240.3	2.0	149.0
387.232	0.276	fixation	n/a	239.2	239.0	2530.0	n/a	n/a	n/a	n/a
387.51	0.024	saccade	n/a	240.4	240.8	n/a	288.6	238.4	1.81	114.0
387.536	0.16	fixation	n/a	285.2	240.9	2590.0	n/a	n/a	n/a	n/a
387.698	0.036	saccade	n/a	284.8	242.0	n/a	148.9	205.0	5.26	311.0
387.736	0.214	fixation	n/a	152.4	201.4	2772.0	n/a	n/a	n/a	n/a
387.952	0.026	saccade	n/a	153.9	202.7	n/a	227.6	197.2	2.74	171.0
387.98	0.218	fixation	n/a	226.2	194.1	2847.0	n/a	n/a	n/a	n/a
388.2	0.042	saccade	n/a	226.7	195.6	n/a	411.7	196.7	6.99	350.0
388.244	0.146	fixation	n/a	411.4	194.3	2869.0	n/a	n/a	n/a	n/a
388.392	0.038	saccade	n/a	412.1	194.4	n/a	542.2	199.7	4.99	294.0
388.432	0.174	fixation	n/a	542.9	199.6	2840.0	n/a	n/a	n/a	n/a
388.608	0.06	saccade	n/a	542.3	199.6	n/a	127.5	247.3	15.59	490.0
388.67	0.292	fixation	n/a	134.7	253.8	2801.0	n/a	n/a	n/a	n/a
388.964	0.034	saccade	n/a	133.4	257.8	n/a	251.6	248.8	4.39	299.0
389.0	0.214	fixation	n/a	252.8	250.0	2851.0	n/a	n/a	n/a	n/a
389.216	0.03	saccade	n/a	251.8	250.7	n/a	184.9	245.8	2.5	168.0
389.248	0.186	fixation	n/a	189.2	248.0	2923.0	n/a	n/a	n/a	n/a
389.436	0.038	saccade	n/a	195.5	248.6	n/a	294.6	255.5	3.72	174.0
389.476	0.28	fixation	n/a	290.0	255.2	2936.0	n/a	n/a	n/a	n/a
389.732	0.0	trigger_11	11	n/a	n/a	n/a	n/a	n/a	n/a	n/a
389.758	0.04	saccade	n/a	289.4	252.1	n/a	138.2	190.9	6.09	350.0
389.8	0.446	fixation	n/a	147.4	174.6	2675.0	n/a	n/a	n/a	n/a
389.836	0.0	trigger_10	10	n/a	n/a	n/a	n/a	n/a	n/a	n/a
390.248	0.024	saccade	n/a	147.3	182.1	n/a	120.3	194.0	1.08	92.0
390.274	0.184	fixation	n/a	123.5	192.9	2656.0	n/a	n/a	n/a	n/a
390.46	0.032	saccade	n/a	123.4	190.3	n/a	214.2	186.1	3.34	215.0
390.494	0.184	fixation	n/a	214.2	188.8	2673.0	n/a	n/a	n/a	n/a
390.68	0.032	saccade	n/a	216.6	190.5	n/a	299.2	187.3	3.1	204.0
390.714	0.162	fixation	n/a	298.5	183.6	2663.0	n/a	n/a	n/a	n/a
390.878	0.016	saccade	n/a	295.1	179.7	n/a	273.8	180.8	0.8	63.0
390.896	0.158	fixation	n/a	277.5	183.9	2583.0	n/a	n/a	n/a	n/a
391.056	0.034	saccade	n/a	284.6	182.5	n/a	382.2	185.9	3.71	211.0
391.092	0.262	fixation	n/a	379.1	185.0	2578.0	n/a	n/a	n/a	n/a
391.356	0.032	saccade	n/a	379.4	187.4	n/a	472.2	189.2	3.55	213.0
391.39	0.302	fixation	n/a	470.5	190.9	2747.0	n/a	n/a	n/a	n/a
391.694	0.018	saccade	n/a	465.1	194.7	n/a	434.6	191.9	1.17	87.0
391.714	0.088	fixation	n/a	436.8	191.6	2795.0	n/a	n/a	n/a	n/a
391.804	0.038	saccade	n/a	437.4	191.1	n/a	556.3	192.7	4.56	226.0
391.844	0.166	fixation	n/a	552.9	193.3	2767.0	n/a	n/a	n/a	n/a
392.012	0.068	saccade	n/a	552.5	195.8	n/a	138.4	242.0	15.61	457.0
392.082	0.136	fixation	n/a	141.8	243.1	2871.0	n/a	n/a	n/a	n/a
392.22	0.02	saccade	n/a	138.5	248.3	n/a	119.2	259.5	0.82	81.0
392.242	0.22	fixation	n/a	120.1	259.8	2871.0	n/a	n/a	n/a	n/a
392.464	0.03	saccade	n/a	117.6	260.2	n/a	182.3	251.7	2.39	178.0
392.496	0.15	fixation	n/a	181.2	252.5	2897.0	n/a	n/a	n/a	n/a
392.648	0.032	saccade	n/a	184.7	255.3	n/a	265.6	255.9	3.02	193.0
392.682	0.296	fixation	n/a	260.7	257.2	2965.0	n/a	n/a	n/a	n/a
392.98	0.03	saccade	n/a	262.2	256.4	n/a	337.5	266.0	2.87	185.0
393.012	0.3	fixation	n/a	332.5	265.8	2942.0	n/a	n/a	n/a	n/a
393.314	0.034	saccade	n/a	330.5	269.1	n/a	435.4	257.0	4.05	173.0
393.35	0.212	fixation	n/a	439.5	260.3	2888.0	n/a	n/a	n/a	n/a
393.564	0.036	saccade	n/a	439.3	260.5	n/a	341.8	271.2	3.76	228.0
393.602	0.38	fixation	n/a	346.0	272.5	2885.0	n/a	n/a	n/a	n/a
393.984	0.024	saccade	n/a	345.2	276.4	n/a	304.9	265.6	1.59	113.0
394.01	0.03	fixation	n/a	308.2	266.2	2980.0	n/a	n/a	n/a	n/a
394.042	0.028	saccade	n/a	307.4	267.0	n/a	263.5	261.5	1.68	136.0
394.072	0.176	fixation	n/a	265.4	260.7	3037.0	n/a	n/a	n/a	n/a
394.25	0.032	saccade	n/a	264.4	262.7	n/a	193.6	260.7	2.65	196.0
394.284	0.152	fixation	n/a	192.8	258.1	3050.0	n/a	n/a	n/a	n/a
394.438	0.032	saccade	n/a	189.3	257.5	n/a	112.6	268.6	2.85	170.0
394.472	0.3	fixation	n/a	117.0	271.2	2961.0	n/a	n/a	n/a	n/a
394.774	0.028	saccade	n/a	119.2	269.3	n/a	185.8	256.6	2.49	146.0
394.804	0.188	fixation	n/a	184.2	252.2	2885.0	n/a	n/a	n/a	n/a
394.994	0.03	saccade	n/a	185.2	252.1	n/a	263.9	252.0	2.94	180.0
395.026	0.166	fixation	n/a	259.0	249.7	2866.0	n/a	n/a	n/a	n/a
395.194	0.022	saccade	n/a	262.6	252.9	n/a	310.8	261.4	1.86	112.0
395.218	0.166	fixation	n/a	309.4	260.5	2851.0	n/a	n/a	n/a	n/a
395.386	0.026	saccade	n/a	312.4	261.1	n/a	372.9	261.8	2.31	138.0
395.414	0.156	fixation	n/a	371.5	259.7	2846.0	n/a	n/a	n/a	n/a
395.572	0.028	saccade	n/a	374.1	255.9	n/a	440.2	254.8	2.54	114.0
395.602	0.18	fixation	n/a	442.6	255.4	2813.0	n/a	n/a	n/a	n/a
395.784	0.028	saccade	n/a	447.8	254.2	n/a	513.9	250.8	2.55	162.0
395.814	0.142	fixation	n/a	513.0	246.3	2712.0	n/a	n/a	n/a	n/a
395.958	0.034	saccade	n/a	514.2	245.6	n/a	598.5	253.9	3.25	202.0
395.994	0.232	fixation	n/a	595.9	254.2	2665.0	n/a	n/a	n/a	n/a
396.228	0.066	saccade	n/a	598.7	253.0	n/a	133.0	295.0	17.48	479.0
396.296	0.286	fixation	n/a	134.5	300.5	2618.0	n/a	n/a	n/a	n/a
396.584	0.034	saccade	n/a	136.2	306.0	n/a	252.9	329.4	4.43	268.0
396.62	0.188	fixation	n/a	251.1	327.5	2624.0	n/a	n/a	n/a	n/a
396.81	0.036	saccade	n/a	250.7	324.1	n/a	148.2	255.3	4.64	280.0
396.848	0.398	fixation	n/a	151.0	249.6	2644.0	n/a	n/a	n/a	n/a
397.248	0.202	saccade	n/a	141.6	239.7	n/a	108.9	181.7	2.5	1549.0
397.308	0.084	blink	n/a	n/a	n/a	n/a	n/a	n/a	n/a	n/a
397.452	0.604	fixation	n/a	123.9	182.8	2706.0	n/a	n/a	n/a	n/a
397.748	0.0	trigger_11	11	n/a	n/a	n/a	n/a	n/a	n/a	n/a
397.85	0.0	trigger_20	20	n/a	n/a	n/a	n/a	n/a	n/a	n/a
398.058	0.202	saccade	n/a	142.7	205.4	n/a	163.3	184.8	1.09	1703.0
398.088	0.134	blink	n/a	n/a	n/a	n/a	n/a	n/a	n/a	n/a
398.262	0.038	fixation	n/a	161.2	191.7	2611.0	n/a	n/a	n/a	n/a
398.302	0.06	saccade	n/a	159.7	199.8	n/a	0.0	0.0	5200000.0	1703.0
398.35	0.012	blink	n/a	n/a	n/a	n/a	n/a	n/a	n/a	n/a
