onset	duration	trial_type	value	gaze_x	gaze_y	pupil_size	sacc_endx	sacc_endy	sacc_amplitude	sacc_peakvel
0.049	0.098	saccade	n/a	0.0	0.0	n/a	353.4	236.4	4600000.0	687.0
0.049	0.024	blink	n/a	n/a	n/a	n/a	n/a	n/a	n/a	n/a
0.108	0.0	trigger_95	95	n/a	n/a	n/a	n/a	n/a	n/a	n/a
0.149	0.362	fixation	n/a	344.6	288.4	5893.0	n/a	n/a	n/a	n/a
0.513	0.03	saccade	n/a	341.1	296.1	n/a	288.1	222.0	3.27	182.0
0.545	0.168	fixation	n/a	287.6	217.7	5596.0	n/a	n/a	n/a	n/a
0.715	0.174	saccade	n/a	290.3	218.9	n/a	250.3	155.2	2.64	1507.0
0.753	0.07	blink	n/a	n/a	n/a	n/a	n/a	n/a	n/a	n/a
0.891	0.408	fixation	n/a	248.6	178.3	5429.0	n/a	n/a	n/a	n/a
1.301	0.052	saccade	n/a	242.2	191.7	n/a	373.2	339.2	6.88	180.0
1.355	0.31	fixation	n/a	376.5	357.4	5333.0	n/a	n/a	n/a	n/a
1.667	0.272	saccade	n/a	378.0	360.4	n/a	19.2	679.9	16.29	1966.0
1.703	0.138	blink	n/a	n/a	n/a	n/a	n/a	n/a	n/a	n/a
1.941	0.038	fixation	n/a	8.3	664.7	5295.0	n/a	n/a	n/a	n/a
1.981	0.032	saccade	n/a	5.1	663.0	n/a	-56.8	778.2	4.26	210.0
2.015	0.202	fixation	n/a	-53.8	790.8	5448.0	n/a	n/a	n/a	n/a
2.116	0.0	trigger_10	10	n/a	n/a	n/a	n/a	n/a	n/a	n/a
2.219	0.074	saccade	n/a	-62.5	795.7	n/a	244.8	226.1	21.53	547.0
2.295	0.1	fixation	n/a	253.3	223.1	5636.0	n/a	n/a	n/a	n/a
2.397	0.032	saccade	n/a	253.1	218.5	n/a	163.2	159.9	3.68	214.0
2.431	0.12	fixation	n/a	167.0	163.2	5698.0	n/a	n/a	n/a	n/a
2.553	0.018	saccade	n/a	164.2	168.1	n/a	133.7	150.2	1.21	88.0
2.573	0.124	fixation	n/a	140.7	160.8	5420.0	n/a	n/a	n/a	n/a
2.699	0.028	saccade	n/a	143.8	164.1	n/a	223.3	148.3	2.77	153.0
2.729	0.234	fixation	n/a	220.7	147.9	5268.0	n/a	n/a	n/a	n/a
2.965	0.026	saccade	n/a	220.9	149.1	n/a	290.8	144.4	2.41	143.0
2.993	0.242	fixation	n/a	289.7	144.9	5408.0	n/a	n/a	n/a	n/a
3.237	0.022	saccade	n/a	287.8	144.0	n/a	239.6	146.9	1.66	108.0
3.261	0.276	fixation	n/a	243.1	153.3	5405.0	n/a	n/a	n/a	n/a
3.539	0.014	saccade	n/a	250.2	153.5	n/a	270.3	154.7	0.69	57.0
3.555	0.414	fixation	n/a	269.4	155.1	5467.0	n/a	n/a	n/a	n/a
3.971	0.018	saccade	n/a	271.2	154.2	n/a	301.6	152.6	1.05	73.0
3.991	0.256	fixation	n/a	296.2	151.0	5510.0	n/a	n/a	n/a	n/a
4.249	0.016	saccade	n/a	291.5	148.3	n/a	269.6	144.0	0.77	60.0
4.267	0.328	fixation	n/a	271.5	142.4	5610.0	n/a	n/a	n/a	n/a
4.597	0.018	saccade	n/a	273.4	141.6	n/a	302.7	139.3	1.01	72.0
4.617	0.224	fixation	n/a	304.8	136.7	5761.0	n/a	n/a	n/a	n/a
4.843	0.026	saccade	n/a	306.0	134.9	n/a	373.2	140.1	2.32	145.0
4.871	0.31	fixation	n/a	372.9	144.0	5833.0	n/a	n/a	n/a	n/a
5.183	0.032	saccade	n/a	375.1	151.2	n/a	275.5	149.0	3.5	183.0
5.217	0.286	fixation	n/a	285.7	154.9	5746.0	n/a	n/a	n/a	n/a
5.505	0.018	saccade	n/a	286.1	159.1	n/a	259.0	157.6	0.96	72.0
5.525	0.214	fixation	n/a	262.7	157.1	5691.0	n/a	n/a	n/a	n/a
5.741	0.028	saccade	n/a	264.4	152.0	n/a	334.4	143.9	2.43	150.0
5.771	0.114	fixation	n/a	335.9	141.0	5665.0	n/a	n/a	n/a	n/a
5.887	0.022	saccade	n/a	339.1	140.9	n/a	394.7	142.1	1.89	119.0
5.911	0.108	fixation	n/a	392.9	140.0	5670.0	n/a	n/a	n/a	n/a
6.021	0.146	saccade	n/a	392.9	142.8	n/a	508.9	106.0	4.13	1696.0
6.059	0.054	blink	n/a	n/a	n/a	n/a	n/a	n/a	n/a	n/a
6.169	0.126	fixation	n/a	508.7	139.1	5539.0	n/a	n/a	n/a	n/a
6.297	0.016	saccade	n/a	502.2	142.9	n/a	475.4	143.3	0.92	71.0
6.315	0.192	fixation	n/a	480.5	149.6	5461.0	n/a	n/a	n/a	n/a
6.509	0.018	saccade	n/a	486.2	154.6	n/a	515.9	151.3	1.02	72.0
6.529	0.14	fixation	n/a	517.0	146.6	5345.0	n/a	n/a	n/a	n/a
6.671	0.022	saccade	n/a	518.6	143.2	n/a	561.4	147.1	1.46	84.0
6.695	0.064	fixation	n/a	564.1	146.7	5328.0	n/a	n/a	n/a	n/a
6.761	0.066	saccade	n/a	564.5	145.1	n/a	144.7	205.8	14.36	366.0
6.829	0.142	fixation	n/a	147.4	209.6	5446.0	n/a	n/a	n/a	n/a
6.973	0.014	saccade	n/a	147.4	214.8	n/a	127.9	219.6	0.68	59.0
6.989	0.062	fixation	n/a	130.1	219.5	5469.0	n/a	n/a	n/a	n/a
7.053	0.03	saccade	n/a	130.9	218.1	n/a	227.0	211.6	3.29	197.0
7.085	0.188	fixation	n/a	227.0	209.2	5546.0	n/a	n/a	n/a	n/a
7.275	0.026	saccade	n/a	227.5	207.6	n/a	298.7	201.8	2.46	141.0
7.303	0.176	fixation	n/a	296.3	201.7	5605.0	n/a	n/a	n/a	n/a
7.481	0.03	saccade	n/a	297.0	202.3	n/a	391.0	207.9	3.26	175.0
7.513	0.16	fixation	n/a	390.6	206.1	5630.0	n/a	n/a	n/a	n/a
7.675	0.142	saccade	n/a	390.4	209.9	n/a	333.0	178.5	2.27	1683.0
7.711	0.03	blink	n/a	n/a	n/a	n/a	n/a	n/a	n/a	n/a
7.819	0.424	fixation	n/a	341.0	212.8	5550.0	n/a	n/a	n/a	n/a
8.245	0.156	saccade	n/a	341.8	206.2	n/a	338.7	167.6	1.36	1460.0
8.285	0.034	blink	n/a	n/a	n/a	n/a	n/a	n/a	n/a	n/a
8.403	0.22	fixation	n/a	342.0	202.7	5668.0	n/a	n/a	n/a	n/a
8.625	0.018	saccade	n/a	348.1	208.6	n/a	378.7	209.7	1.06	75.0
8.645	0.766	fixation	n/a	383.0	210.5	5481.0	n/a	n/a	n/a	n/a
9.156	0.0	trigger_11	11	n/a	n/a	n/a	n/a	n/a	n/a	n/a
9.258	0.0	trigger_12	12	n/a	n/a	n/a	n/a	n/a	n/a	n/a
9.413	0.048	saccade	n/a	386.4	207.5	n/a	166.2	177.9	7.62	273.0
9.463	0.1	fixation	n/a	172.5	173.7	5324.0	n/a	n/a	n/a	n/a
9.565	0.02	saccade	n/a	171.8	173.0	n/a	136.6	167.3	1.21	83.0
9.587	0.212	fixation	n/a	135.8	169.0	5326.0	n/a	n/a	n/a	n/a
9.801	0.028	saccade	n/a	136.2	169.1	n/a	221.9	162.2	2.93	168.0
9.831	0.168	fixation	n/a	222.9	164.8	5243.0	n/a	n/a	n/a	n/a
10.001	0.028	saccade	n/a	226.5	168.9	n/a	299.5	160.3	2.53	143.0
10.031	0.15	fixation	n/a	296.5	157.7	5207.0	n/a	n/a	n/a	n/a
10.183	0.026	saccade	n/a	301.4	160.3	n/a	375.2	158.5	2.55	149.0
10.211	0.168	fixation	n/a	375.6	156.5	5170.0	n/a	n/a	n/a	n/a
10.381	0.152	saccade	n/a	375.6	160.8	n/a	393.3	132.7	1.15	1598.0
10.417	0.042	blink	n/a	n/a	n/a	n/a	n/a	n/a	n/a	n/a
10.535	0.126	fixation	n/a	394.9	157.2	5033.0	n/a	n/a	n/a	n/a
10.663	0.032	saccade	n/a	399.1	162.6	n/a	489.9	160.9	3.12	160.0
10.697	0.174	fixation	n/a	490.9	158.7	4942.0	n/a	n/a	n/a	n/a
10.873	0.026	saccade	n/a	487.9	161.7	n/a	557.9	161.9	2.39	136.0
10.901	0.138	fixation	n/a	558.4	163.8	4814.0	n/a	n/a	n/a	n/a
11.041	0.068	saccade	n/a	556.7	163.0	n/a	124.1	218.3	14.84	382.0
11.111	0.242	fixation	n/a	128.5	221.0	4874.0	n/a	n/a	n/a	n/a
11.355	0.022	saccade	n/a	133.8	223.2	n/a	183.6	224.4	1.7	109.0
11.379	0.172	fixation	n/a	183.4	227.4	4942.0	n/a	n/a	n/a	n/a
11.553	0.02	saccade	n/a	184.3	228.1	n/a	221.4	227.5	1.27	88.0
11.575	0.292	fixation	n/a	222.4	229.0	4984.0	n/a	n/a	n/a	n/a
11.869	0.028	saccade	n/a	221.5	233.9	n/a	154.3	187.6	2.81	167.0
11.899	0.134	fixation	n/a	150.5	182.4	4991.0	n/a	n/a	n/a	n/a
12.035	0.016	saccade	n/a	147.1	183.7	n/a	120.6	178.4	0.92	70.0
12.053	0.244	fixation	n/a	123.5	183.9	4986.0	n/a	n/a	n/a	n/a
12.299	0.03	saccade	n/a	127.1	184.5	n/a	215.9	174.1	3.06	162.0
12.331	0.314	fixation	n/a	215.3	168.9	5056.0	n/a	n/a	n/a	n/a
12.647	0.03	saccade	n/a	214.9	172.0	n/a	134.1	177.5	2.77	153.0
12.679	0.602	fixation	n/a	138.2	172.8	4995.0	n/a	n/a	n/a	n/a
12.996	0.0	trigger_13	13	n/a	n/a	n/a	n/a	n/a	n/a	n/a
13.283	0.014	saccade	n/a	133.9	170.6	n/a	116.1	171.1	0.6	53.0
13.299	0.118	fixation	n/a	119.4	176.0	5045.0	n/a	n/a	n/a	n/a
13.419	0.034	saccade	n/a	124.2	178.9	n/a	234.8	169.8	3.79	182.0
13.455	0.26	fixation	n/a	232.2	170.1	4983.0	n/a	n/a	n/a	n/a
13.717	0.018	saccade	n/a	236.3	172.4	n/a	268.1	169.4	1.1	81.0
13.737	0.458	fixation	n/a	266.9	163.3	4999.0	n/a	n/a	n/a	n/a
14.197	0.148	saccade	n/a	267.0	154.0	n/a	242.5	140.4	0.97	1422.0
14.241	0.042	blink	n/a	n/a	n/a	n/a	n/a	n/a	n/a	n/a
14.347	0.648	fixation	n/a	243.5	164.3	5252.0	n/a	n/a	n/a	n/a
14.997	0.036	saccade	n/a	234.3	160.9	n/a	117.3	222.1	4.52	213.0
15.035	0.286	fixation	n/a	130.9	225.0	5433.0	n/a	n/a	n/a	n/a
15.323	0.026	saccade	n/a	131.1	223.4	n/a	118.7	286.9	2.25	137.0
15.351	0.18	fixation	n/a	126.6	290.2	5535.0	n/a	n/a	n/a	n/a
15.533	0.022	saccade	n/a	123.0	294.4	n/a	125.4	336.2	1.46	93.0
15.557	0.192	fixation	n/a	125.8	329.7	5544.0	n/a	n/a	n/a	n/a
15.751	0.024	saccade	n/a	121.5	323.2	n/a	125.6	275.0	1.68	96.0
15.777	0.252	fixation	n/a	127.6	280.1	5533.0	n/a	n/a	n/a	n/a
16.031	0.026	saccade	n/a	126.5	280.3	n/a	120.7	214.0	2.31	144.0
16.059	0.25	fixation	n/a	126.8	214.4	5524.0	n/a	n/a	n/a	n/a
16.311	0.026	saccade	n/a	121.8	209.2	n/a	125.2	147.4	2.13	124.0
16.339	0.214	fixation	n/a	138.9	153.2	5588.0	n/a	n/a	n/a	n/a
16.555	0.014	saccade	n/a	129.6	150.8	n/a	107.3	152.9	0.76	61.0
16.571	0.242	fixation	n/a	110.4	155.0	5646.0	n/a	n/a	n/a	n/a
16.815	0.03	saccade	n/a	111.4	152.4	n/a	191.6	145.8	2.73	164.0
16.847	0.216	fixation	n/a	187.3	146.0	5649.0	n/a	n/a	n/a	n/a
17.065	0.024	saccade	n/a	191.1	147.4	n/a	249.4	142.9	2.01	123.0
17.091	0.116	fixation	n/a	247.2	143.2	5655.0	n/a	n/a	n/a	n/a
17.209	0.148	saccade	n/a	247.5	147.4	n/a	200.1	123.7	1.82	1572.0
17.251	0.024	blink	n/a	n/a	n/a	n/a	n/a	n/a	n/a	n/a
17.359	0.12	fixation	n/a	202.5	158.0	5633.0	n/a	n/a	n/a	n/a
17.481	0.032	saccade	n/a	199.6	168.3	n/a	111.8	210.8	3.34	196.0
17.515	0.25	fixation	n/a	120.6	212.8	5608.0	n/a	n/a	n/a	n/a
17.767	0.026	saccade	n/a	120.8	219.1	n/a	122.1	275.8	1.97	111.0
17.795	0.27	fixation	n/a	124.3	278.4	5611.0	n/a	n/a	n/a	n/a
18.067	0.022	saccade	n/a	124.4	282.8	n/a	119.2	313.6	1.09	60.0
18.091	0.372	fixation	n/a	124.1	317.9	5650.0	n/a	n/a	n/a	n/a
18.465	0.022	saccade	n/a	122.8	317.6	n/a	117.4	270.2	1.66	106.0
18.489	0.826	fixation	n/a	122.8	273.5	5706.0	n/a	n/a	n/a	n/a
19.317	0.15	saccade	n/a	113.0	264.7	n/a	110.8	223.4	1.44	1335.0
19.349	0.06	blink	n/a	n/a	n/a	n/a	n/a	n/a	n/a	n/a
19.469	0.324	fixation	n/a	111.1	259.5	5729.0	n/a	n/a	n/a	n/a
19.795	0.176	saccade	n/a	111.4	260.1	n/a	102.9	232.1	1.01	1075.0
19.831	0.078	blink	n/a	n/a	n/a	n/a	n/a	n/a	n/a	n/a
19.973	0.47	fixation	n/a	113.3	263.0	5683.0	n/a	n/a	n/a	n/a
20.445	0.016	saccade	n/a	122.2	269.7	n/a	95.5	270.1	0.91	71.0
20.463	0.164	fixation	n/a	99.8	270.9	5622.0	n/a	n/a	n/a	n/a
20.629	0.198	saccade	n/a	97.3	266.4	n/a	121.3	234.7	1.37	1501.0
20.685	0.06	blink	n/a	n/a	n/a	n/a	n/a	n/a	n/a	n/a
20.829	0.622	fixation	n/a	110.3	256.7	5691.0	n/a	n/a	n/a	n/a
21.453	0.02	saccade	n/a	99.2	286.3	n/a	129.8	321.2	1.6	105.0
21.475	0.158	fixation	n/a	132.7	336.7	5621.0	n/a	n/a	n/a	n/a
21.635	0.024	saccade	n/a	136.6	347.7	n/a	141.6	374.1	0.94	81.0
21.661	0.024	fixation	n/a	139.7	365.5	5797.0	n/a	n/a	n/a	n/a
21.687	0.044	saccade	n/a	142.2	376.9	n/a	144.2	376.1	0.07	104.0
21.733	0.072	fixation	n/a	142.8	371.1	5877.0	n/a	n/a	n/a	n/a
21.807	0.036	saccade	n/a	142.0	366.6	n/a	121.9	211.7	5.44	326.0
21.845	0.286	fixation	n/a	127.0	220.1	5518.0	n/a	n/a	n/a	n/a
22.133	0.032	saccade	n/a	123.3	223.7	n/a	131.4	308.5	2.96	124.0
22.167	0.212	fixation	n/a	136.2	315.0	5483.0	n/a	n/a	n/a	n/a
22.381	0.028	saccade	n/a	130.4	311.8	n/a	120.4	224.1	3.07	168.0
22.411	0.5	fixation	n/a	132.2	224.3	5481.0	n/a	n/a	n/a	n/a
22.913	0.026	saccade	n/a	137.7	216.1	n/a	207.1	166.3	2.94	154.0
22.932	0.0	trigger_15	15	n/a	n/a	n/a	n/a	n/a	n/a	n/a
22.941	0.252	fixation	n/a	208.4	157.1	5512.0	n/a	n/a	n/a	n/a
22.986	0.0	trigger_10	10	n/a	n/a	n/a	n/a	n/a	n/a	n/a
23.195	0.028	saccade	n/a	208.4	158.0	n/a	127.0	161.0	2.78	165.0
23.225	0.19	fixation	n/a	131.7	163.1	5506.0	n/a	n/a	n/a	n/a
23.417	0.026	saccade	n/a	131.4	160.4	n/a	202.6	155.9	2.44	152.0
23.445	0.258	fixation	n/a	199.0	155.5	5423.0	n/a	n/a	n/a	n/a
23.705	0.024	saccade	n/a	194.9	153.4	n/a	137.0	162.1	2.0	124.0
23.731	0.208	fixation	n/a	142.9	160.3	5348.0	n/a	n/a	n/a	n/a
23.941	0.148	saccade	n/a	145.7	157.5	n/a	136.5	129.6	1.01	1560.0
23.981	0.03	blink	n/a	n/a	n/a	n/a	n/a	n/a	n/a	n/a
24.091	0.176	fixation	n/a	134.0	149.6	5520.0	n/a	n/a	n/a	n/a
24.269	0.026	saccade	n/a	135.8	154.5	n/a	200.2	153.5	2.19	135.0
24.297	0.244	fixation	n/a	193.2	156.7	5499.0	n/a	n/a	n/a	n/a
24.543	0.024	saccade	n/a	197.0	162.0	n/a	251.7	157.2	1.88	113.0
24.569	0.19	fixation	n/a	250.0	157.9	5398.0	n/a	n/a	n/a	n/a
24.761	0.028	saccade	n/a	252.0	159.8	n/a	321.1	154.5	2.39	144.0
24.791	0.122	fixation	n/a	316.9	155.4	5457.0	n/a	n/a	n/a	n/a
24.915	0.034	saccade	n/a	316.1	157.2	n/a	208.8	159.2	3.7	225.0
24.951	0.244	fixation	n/a	215.3	159.0	5519.0	n/a	n/a	n/a	n/a
25.197	0.028	saccade	n/a	214.2	152.2	n/a	283.2	150.1	2.37	146.0
25.227	0.188	fixation	n/a	280.0	150.7	5574.0	n/a	n/a	n/a	n/a
25.417	0.024	saccade	n/a	280.8	150.4	n/a	336.8	152.8	1.93	119.0
25.443	0.208	fixation	n/a	335.0	151.7	5653.0	n/a	n/a	n/a	n/a
25.653	0.02	saccade	n/a	337.3	154.3	n/a	374.5	157.7	1.29	90.0
25.675	0.372	fixation	n/a	358.1	158.7	5646.0	n/a	n/a	n/a	n/a
26.049	0.148	saccade	n/a	344.9	162.9	n/a	355.5	122.7	1.44	1591.0
26.089	0.044	blink	n/a	n/a	n/a	n/a	n/a	n/a	n/a	n/a
26.199	0.116	fixation	n/a	358.2	154.0	5457.0	n/a	n/a	n/a	n/a
26.317	0.024	saccade	n/a	359.1	157.4	n/a	413.4	162.4	1.87	108.0
26.343	0.426	fixation	n/a	412.8	162.3	5256.0	n/a	n/a	n/a	n/a
26.771	0.022	saccade	n/a	408.7	157.7	n/a	460.5	156.0	1.78	112.0
26.795	0.254	fixation	n/a	461.6	155.8	5171.0	n/a	n/a	n/a	n/a
27.051	0.03	saccade	n/a	465.7	156.7	n/a	554.1	156.6	3.01	165.0
27.083	0.314	fixation	n/a	556.1	157.6	5091.0	n/a	n/a	n/a	n/a
27.399	0.022	saccade	n/a	559.7	157.9	n/a	609.0	159.7	1.67	108.0
27.423	0.236	fixation	n/a	608.9	163.6	5061.0	n/a	n/a	n/a	n/a
27.661	0.032	saccade	n/a	609.6	167.8	n/a	492.8	163.5	3.98	208.0
27.695	0.154	fixation	n/a	493.9	166.6	5078.0	n/a	n/a	n/a	n/a
27.851	0.038	saccade	n/a	494.5	165.4	n/a	345.9	164.0	5.12	274.0
27.891	0.24	fixation	n/a	356.6	163.9	5159.0	n/a	n/a	n/a	n/a
28.133	0.024	saccade	n/a	356.3	155.6	n/a	421.8	155.7	2.25	135.0
28.159	0.266	fixation	n/a	421.8	160.0	5224.0	n/a	n/a	n/a	n/a
28.427	0.022	saccade	n/a	423.0	161.9	n/a	466.6	160.8	1.5	96.0
28.451	0.18	fixation	n/a	462.8	158.3	5110.0	n/a	n/a	n/a	n/a
28.633	0.04	saccade	n/a	460.0	152.1	n/a	264.0	152.9	6.69	284.0
28.675	0.138	fixation	n/a	268.7	158.5	5088.0	n/a	n/a	n/a	n/a
28.815	0.036	saccade	n/a	269.9	159.9	n/a	144.8	174.8	4.29	235.0
28.853	0.194	fixation	n/a	149.9	174.4	5072.0	n/a	n/a	n/a	n/a
29.049	0.026	saccade	n/a	152.7	173.9	n/a	221.8	167.1	2.37	139.0
29.077	0.172	fixation	n/a	221.1	165.0	4963.0	n/a	n/a	n/a	n/a
29.251	0.032	saccade	n/a	222.5	167.4	n/a	323.9	163.0	3.49	186.0
29.285	0.116	fixation	n/a	324.2	160.8	4854.0	n/a	n/a	n/a	n/a
29.403	0.148	saccade	n/a	323.2	160.0	n/a	357.7	132.8	1.52	1445.0
29.439	0.04	blink	n/a	n/a	n/a	n/a	n/a	n/a	n/a	n/a
29.553	0.908	fixation	n/a	357.6	155.4	4868.0	n/a	n/a	n/a	n/a
30.463	0.024	saccade	n/a	366.4	154.6	n/a	418.0	154.1	1.78	102.0
30.489	0.454	fixation	n/a	410.9	154.3	4999.0	n/a	n/a	n/a	n/a
30.945	0.022	saccade	n/a	409.1	154.4	n/a	455.0	151.4	1.58	98.0
30.969	1.61	fixation	n/a	474.9	151.3	5138.0	n/a	n/a	n/a	n/a
32.581	0.022	saccade	n/a	491.3	155.9	n/a	542.7	152.6	1.76	104.0
32.605	0.538	fixation	n/a	550.8	150.8	5336.0	n/a	n/a	n/a	n/a
33.145	0.02	saccade	n/a	562.8	153.3	n/a	605.0	151.1	1.43	96.0
33.167	0.174	fixation	n/a	603.9	149.4	5230.0	n/a	n/a	n/a	n/a
33.343	0.08	saccade	n/a	603.6	149.0	n/a	100.8	220.5	17.11	372.0
33.425	0.232	fixation	n/a	110.0	221.6	5279.0	n/a	n/a	n/a	n/a
33.659	0.028	saccade	n/a	115.2	222.0	n/a	193.5	215.5	2.68	164.0
33.689	0.24	fixation	n/a	190.6	215.5	5128.0	n/a	n/a	n/a	n/a
33.931	0.034	saccade	n/a	190.5	215.1	n/a	305.8	214.9	3.96	196.0
33.967	0.184	fixation	n/a	310.0	216.4	4964.0	n/a	n/a	n/a	n/a
34.153	0.034	saccade	n/a	310.4	214.7	n/a	196.7	217.8	3.92	211.0
34.189	0.258	fixation	n/a	204.4	218.9	4910.0	n/a	n/a	n/a	n/a
34.449	0.032	saccade	n/a	211.5	219.6	n/a	303.5	218.0	3.18	171.0
34.483	0.118	fixation	n/a	303.6	215.8	4902.0	n/a	n/a	n/a	n/a
34.603	0.148	saccade	n/a	302.8	213.7	n/a	446.1	182.8	5.05	1535.0
34.643	0.028	blink	n/a	n/a	n/a	n/a	n/a	n/a	n/a	n/a
34.753	0.168	fixation	n/a	446.8	206.4	4886.0	n/a	n/a	n/a	n/a
34.923	0.032	saccade	n/a	445.2	212.0	n/a	353.8	216.2	3.16	183.0
34.957	0.258	fixation	n/a	363.3	215.2	4837.0	n/a	n/a	n/a	n/a
35.217	0.024	saccade	n/a	363.5	214.8	n/a	381.0	165.5	1.82	106.0
35.243	0.19	fixation	n/a	387.8	163.5	4742.0	n/a	n/a	n/a	n/a
35.435	0.028	saccade	n/a	389.7	160.8	n/a	470.0	154.0	2.77	152.0
35.465	0.064	fixation	n/a	470.5	152.5	4847.0	n/a	n/a	n/a	n/a
35.531	0.078	saccade	n/a	469.9	153.8	n/a	418.7	523.7	12.92	212.0
35.611	0.09	fixation	n/a	415.7	523.5	4999.0	n/a	n/a	n/a	n/a
35.703	0.172	saccade	n/a	415.4	514.0	n/a	353.1	179.2	11.86	666.0
35.739	0.068	blink	n/a	n/a	n/a	n/a	n/a	n/a	n/a	n/a
35.877	0.574	fixation	n/a	355.0	209.8	4968.0	n/a	n/a	n/a	n/a
36.453	0.034	saccade	n/a	352.5	207.8	n/a	240.9	211.2	3.85	207.0
36.489	0.128	fixation	n/a	246.0	217.1	5125.0	n/a	n/a	n/a	n/a
36.619	0.086	saccade	n/a	246.7	224.0	n/a	360.4	568.9	12.6	215.0
36.707	0.124	fixation	n/a	385.3	594.2	5102.0	n/a	n/a	n/a	n/a
36.833	0.052	saccade	n/a	389.8	594.1	n/a	295.7	257.5	12.11	372.0
36.887	0.224	fixation	n/a	292.5	237.5	5088.0	n/a	n/a	n/a	n/a
37.113	0.024	saccade	n/a	297.9	235.1	n/a	352.9	214.8	2.03	123.0
37.139	0.184	fixation	n/a	354.7	215.3	5021.0	n/a	n/a	n/a	n/a
37.325	0.044	saccade	n/a	354.1	214.2	n/a	147.7	152.9	7.39	286.0
37.371	0.394	fixation	n/a	150.6	154.3	5188.0	n/a	n/a	n/a	n/a
37.47	0.0	trigger_11	11	n/a	n/a	n/a	n/a	n/a	n/a	n/a
37.574	0.0	trigger_10	10	n/a	n/a	n/a	n/a	n/a	n/a	n/a
37.767	0.02	saccade	n/a	153.6	163.7	n/a	118.2	165.0	1.21	83.0
37.789	0.276	fixation	n/a	117.2	165.5	5253.0	n/a	n/a	n/a	n/a
38.067	0.016	saccade	n/a	121.1	160.3	n/a	144.2	162.1	0.79	63.0
38.085	0.174	fixation	n/a	144.1	157.5	5262.0	n/a	n/a	n/a	n/a
38.261	0.022	saccade	n/a	146.7	154.5	n/a	200.2	154.4	1.83	116.0
38.285	0.212	fixation	n/a	200.1	154.0	5257.0	n/a	n/a	n/a	n/a
38.499	0.03	saccade	n/a	201.6	154.7	n/a	284.7	153.8	2.86	162.0
38.531	0.136	fixation	n/a	285.0	154.1	5235.0	n/a	n/a	n/a	n/a
38.669	0.014	saccade	n/a	279.7	153.7	n/a	261.4	156.4	0.64	56.0
38.685	0.108	fixation	n/a	264.8	158.0	5258.0	n/a	n/a	n/a	n/a
38.795	0.026	saccade	n/a	267.1	157.6	n/a	334.7	151.0	2.35	142.0
38.823	0.126	fixation	n/a	335.7	153.2	5266.0	n/a	n/a	n/a	n/a
38.951	0.026	saccade	n/a	340.0	154.1	n/a	419.8	152.4	2.76	140.0
38.979	0.218	fixation	n/a	421.4	153.8	5210.0	n/a	n/a	n/a	n/a
39.199	0.024	saccade	n/a	424.6	156.1	n/a	492.1	156.5	2.32	132.0
39.225	0.15	fixation	n/a	494.8	158.1	5125.0	n/a	n/a	n/a	n/a
39.377	0.022	saccade	n/a	496.9	158.3	n/a	543.2	162.4	1.59	99.0
39.401	0.104	fixation	n/a	544.7	164.8	5072.0	n/a	n/a	n/a	n/a
39.507	0.164	saccade	n/a	544.9	170.4	n/a	137.7	238.3	14.05	1546.0
39.543	0.04	blink	n/a	n/a	n/a	n/a	n/a	n/a	n/a	n/a
39.673	0.088	fixation	n/a	138.9	234.1	5089.0	n/a	n/a	n/a	n/a
39.763	0.018	saccade	n/a	134.0	232.5	n/a	101.5	237.5	1.11	81.0
39.783	0.138	fixation	n/a	105.6	240.0	5161.0	n/a	n/a	n/a	n/a
39.923	0.03	saccade	n/a	104.1	239.0	n/a	193.6	231.3	3.06	178.0
39.955	0.144	fixation	n/a	193.1	232.6	5045.0	n/a	n/a	n/a	n/a
40.101	0.024	saccade	n/a	194.3	226.2	n/a	256.9	224.0	2.15	129.0
40.127	0.244	fixation	n/a	261.9	224.5	4939.0	n/a	n/a	n/a	n/a
40.373	0.018	saccade	n/a	268.9	221.4	n/a	296.3	218.2	0.95	65.0
40.393	0.144	fixation	n/a	299.1	216.9	4824.0	n/a	n/a	n/a	n/a
40.539	0.024	saccade	n/a	301.6	217.5	n/a	358.6	221.0	1.96	113.0
40.565	0.258	fixation	n/a	365.5	216.6	4698.0	n/a	n/a	n/a	n/a
40.825	0.018	saccade	n/a	370.5	216.1	n/a	394.6	214.7	0.83	56.0
40.845	0.162	fixation	n/a	398.8	212.7	4669.0	n/a	n/a	n/a	n/a
41.009	0.024	saccade	n/a	402.3	214.0	n/a	464.5	218.1	2.14	125.0
41.035	0.262	fixation	n/a	466.0	217.7	4703.0	n/a	n/a	n/a	n/a
41.299	0.134	saccade	n/a	469.5	225.9	n/a	544.0	195.9	2.75	1487.0
41.335	0.028	blink	n/a	n/a	n/a	n/a	n/a	n/a	n/a	n/a
41.435	0.136	fixation	n/a	539.0	219.4	4627.0	n/a	n/a	n/a	n/a
41.573	0.02	saccade	n/a	538.5	219.4	n/a	580.5	223.5	1.43	94.0
41.595	0.194	fixation	n/a	582.5	225.5	4594.0	n/a	n/a	n/a	n/a
41.791	0.026	saccade	n/a	585.3	224.6	n/a	652.6	221.4	2.26	137.0
41.819	0.11	fixation	n/a	651.8	222.6	4502.0	n/a	n/a	n/a	n/a
41.931	0.074	saccade	n/a	650.9	219.8	n/a	131.0	285.8	17.65	400.0
42.007	0.3	fixation	n/a	137.9	288.2	4647.0	n/a	n/a	n/a	n/a
42.309	0.024	saccade	n/a	140.7	289.2	n/a	198.1	287.4	1.96	124.0
42.335	0.218	fixation	n/a	193.7	285.2	4838.0	n/a	n/a	n/a	n/a
42.555	0.032	saccade	n/a	194.5	282.6	n/a	283.6	277.2	3.07	168.0
42.589	0.174	fixation	n/a	280.9	276.3	4977.0	n/a	n/a	n/a	n/a
42.765	0.018	saccade	n/a	279.2	276.2	n/a	253.3	280.8	0.91	68.0
42.785	0.176	fixation	n/a	253.6	279.2	5061.0	n/a	n/a	n/a	n/a
42.963	0.034	saccade	n/a	256.3	275.9	n/a	365.8	269.1	3.78	197.0
42.999	0.174	fixation	n/a	369.4	275.0	5002.0	n/a	n/a	n/a	n/a
43.175	0.024	saccade	n/a	373.3	278.7	n/a	434.6	286.2	2.13	132.0
43.201	0.292	fixation	n/a	432.4	286.5	4963.0	n/a	n/a	n/a	n/a
43.495	0.166	saccade	n/a	432.9	288.5	n/a	414.4	257.7	1.25	1397.0
43.531	0.052	blink	n/a	n/a	n/a	n/a	n/a	n/a	n/a	n/a
43.663	0.228	fixation	n/a	411.2	284.5	4832.0	n/a	n/a	n/a	n/a
43.893	0.03	saccade	n/a	412.4	286.4	n/a	509.1	295.8	3.33	188.0
43.925	0.216	fixation	n/a	512.0	296.6	4708.0	n/a	n/a	n/a	n/a
44.143	0.022	saccade	n/a	515.3	295.3	n/a	564.7	295.1	1.68	107.0
44.167	0.626	fixation	n/a	581.6	301.2	4573.0	n/a	n/a	n/a	n/a
44.795	0.076	saccade	n/a	586.0	295.4	n/a	115.8	363.9	16.06	346.0
44.873	0.116	fixation	n/a	122.6	368.1	4621.0	n/a	n/a	n/a	n/a
44.991	0.014	saccade	n/a	120.3	370.3	n/a	103.2	366.2	0.6	56.0
45.007	0.18	fixation	n/a	110.3	366.2	4651.0	n/a	n/a	n/a	n/a
45.189	0.028	saccade	n/a	110.0	363.4	n/a	197.4	356.2	2.98	157.0
45.219	0.296	fixation	n/a	204.1	354.1	4630.0	n/a	n/a	n/a	n/a
45.517	0.024	saccade	n/a	203.5	352.5	n/a	267.5	351.8	2.2	130.0
45.543	0.16	fixation	n/a	272.3	353.4	4572.0	n/a	n/a	n/a	n/a
45.705	0.03	saccade	n/a	271.6	352.2	n/a	149.9	357.3	4.18	210.0
45.737	0.234	fixation	n/a	145.9	361.1	4568.0	n/a	n/a	n/a	n/a
45.973	0.024	saccade	n/a	149.0	362.6	n/a	209.3	357.7	2.07	124.0
45.999	0.294	fixation	n/a	207.3	357.5	4540.0	n/a	n/a	n/a	n/a
46.295	0.028	saccade	n/a	208.0	357.4	n/a	290.7	355.1	2.85	147.0
46.325	0.188	fixation	n/a	293.9	353.1	4452.0	n/a	n/a	n/a	n/a
46.515	0.028	saccade	n/a	296.6	349.0	n/a	373.5	345.8	2.65	149.0
46.545	0.238	fixation	n/a	377.0	346.1	4412.0	n/a	n/a	n/a	n/a
46.785	0.146	saccade	n/a	379.6	348.0	n/a	424.5	337.6	1.59	1180.0
46.819	0.048	blink	n/a	n/a	n/a	n/a	n/a	n/a	n/a	n/a
46.933	0.234	fixation	n/a	423.7	341.5	4241.0	n/a	n/a	n/a	n/a
47.169	0.014	saccade	n/a	430.6	343.8	n/a	447.9	346.0	0.6	50.0
47.185	0.124	fixation	n/a	448.3	346.1	4204.0	n/a	n/a	n/a	n/a
47.311	0.026	saccade	n/a	450.6	345.4	n/a	518.3	345.3	2.32	135.0
47.339	0.19	fixation	n/a	520.5	347.2	4147.0	n/a	n/a	n/a	n/a
47.531	0.026	saccade	n/a	521.0	346.3	n/a	593.4	349.6	2.47	137.0
47.559	0.3	fixation	n/a	603.9	350.2	4103.0	n/a	n/a	n/a	n/a
47.861	0.07	saccade	n/a	615.3	354.2	n/a	147.8	409.1	15.93	339.0
47.933	0.292	fixation	n/a	148.2	414.5	4143.0	n/a	n/a	n/a	n/a
48.227	0.014	saccade	n/a	142.4	417.3	n/a	125.2	415.0	0.59	52.0
48.243	0.48	fixation	n/a	139.7	411.8	4184.0	n/a	n/a	n/a	n/a
48.725	0.03	saccade	n/a	152.9	409.1	n/a	244.7	408.2	3.14	179.0
48.757	0.356	fixation	n/a	242.6	409.1	4176.0	n/a	n/a	n/a	n/a
49.115	0.172	saccade	n/a	238.1	411.1	n/a	257.6	412.4	0.67	1071.0
49.145	0.094	blink	n/a	n/a	n/a	n/a	n/a	n/a	n/a	n/a
49.289	0.278	fixation	n/a	255.2	409.1	4167.0	n/a	n/a	n/a	n/a
49.569	0.042	saccade	n/a	254.8	409.4	n/a	444.4	351.5	6.83	251.0
49.613	0.158	fixation	n/a	449.8	346.6	4214.0	n/a	n/a	n/a	n/a
49.773	0.024	saccade	n/a	453.5	346.4	n/a	519.2	344.8	2.25	128.0
49.799	0.298	fixation	n/a	520.1	346.6	4318.0	n/a	n/a	n/a	n/a
50.099	0.03	saccade	n/a	517.9	347.5	n/a	420.7	339.7	3.34	173.0
50.131	0.098	fixation	n/a	419.5	341.4	4353.0	n/a	n/a	n/a	n/a
50.231	0.144	saccade	n/a	421.9	344.1	n/a	230.1	164.3	9.08	1135.0
50.263	0.054	blink	n/a	n/a	n/a	n/a	n/a	n/a	n/a	n/a
50.377	0.104	fixation	n/a	231.4	177.5	4320.0	n/a	n/a	n/a	n/a
50.483	0.026	saccade	n/a	227.6	178.1	n/a	150.6	156.9	2.72	163.0
50.511	0.278	fixation	n/a	149.2	162.1	4348.0	n/a	n/a	n/a	n/a
50.791	0.026	saccade	n/a	148.8	158.0	n/a	219.7	151.6	2.42	145.0
50.819	0.208	fixation	n/a	221.1	150.4	4291.0	n/a	n/a	n/a	n/a
51.029	0.028	saccade	n/a	221.1	149.0	n/a	301.2	149.6	2.74	150.0
51.059	0.222	fixation	n/a	302.7	151.0	4347.0	n/a	n/a	n/a	n/a
51.283	0.036	saccade	n/a	307.9	154.5	n/a	448.0	152.8	4.81	206.0
51.321	0.284	fixation	n/a	450.1	152.1	4320.0	n/a	n/a	n/a	n/a
51.607	0.03	saccade	n/a	453.3	153.1	n/a	560.5	149.7	3.64	178.0
51.639	0.218	fixation	n/a	565.1	150.5	4351.0	n/a	n/a	n/a	n/a
51.859	0.064	saccade	n/a	560.9	149.9	n/a	137.2	219.0	14.54	381.0
51.925	0.194	fixation	n/a	142.1	226.2	4490.0	n/a	n/a	n/a	n/a
52.121	0.036	saccade	n/a	142.8	228.6	n/a	272.2	223.1	4.43	219.0
52.159	0.244	fixation	n/a	273.7	221.8	4501.0	n/a	n/a	n/a	n/a
52.405	0.026	saccade	n/a	276.3	220.3	n/a	348.5	220.4	2.49	134.0
52.433	0.184	fixation	n/a	354.6	218.8	4444.0	n/a	n/a	n/a	n/a
52.619	0.024	saccade	n/a	357.8	218.3	n/a	404.9	218.2	1.62	95.0
52.645	0.196	fixation	n/a	409.7	218.3	4366.0	n/a	n/a	n/a	n/a
52.843	0.04	saccade	n/a	413.6	217.7	n/a	568.0	208.6	5.28	208.0
52.885	0.178	fixation	n/a	570.6	206.0	4343.0	n/a	n/a	n/a	n/a
53.065	0.026	saccade	n/a	575.0	205.8	n/a	651.1	207.3	2.55	146.0
53.093	0.114	fixation	n/a	654.2	211.5	4330.0	n/a	n/a	n/a	n/a
53.209	0.072	saccade	n/a	655.7	212.5	n/a	155.5	281.2	17.04	400.0
53.283	0.212	fixation	n/a	162.8	284.6	4463.0	n/a	n/a	n/a	n/a
53.497	0.038	saccade	n/a	164.8	287.3	n/a	313.1	279.6	5.09	238.0
53.537	0.592	fixation	n/a	310.8	285.2	4501.0	n/a	n/a	n/a	n/a
53.87	0.0	trigger_11	11	n/a	n/a	n/a	n/a	n/a	n/a	n/a
53.974	0.0	trigger_10	10	n/a	n/a	n/a	n/a	n/a	n/a	n/a
54.131	0.036	saccade	n/a	306.7	281.6	n/a	189.3	182.2	5.31	229.0
54.169	0.102	fixation	n/a	188.4	180.5	4413.0	n/a	n/a	n/a	n/a
54.273	0.026	saccade	n/a	190.6	181.8	n/a	134.5	162.4	2.02	131.0
54.301	0.204	fixation	n/a	133.9	164.0	4384.0	n/a	n/a	n/a	n/a
54.507	0.026	saccade	n/a	134.5	162.1	n/a	215.6	157.5	2.76	153.0
54.535	0.16	fixation	n/a	218.0	156.2	4385.0	n/a	n/a	n/a	n/a
54.697	0.032	saccade	n/a	216.9	151.8	n/a	315.3	151.7	3.36	174.0
54.731	0.154	fixation	n/a	317.5	152.8	4469.0	n/a	n/a	n/a	n/a
54.887	0.028	saccade	n/a	321.0	152.4	n/a	399.0	152.4	2.68	159.0
54.917	0.182	fixation	n/a	398.2	152.4	4497.0	n/a	n/a	n/a	n/a
55.101	0.032	saccade	n/a	398.5	152.0	n/a	498.8	150.3	3.42	174.0
55.135	0.172	fixation	n/a	499.4	148.1	4515.0	n/a	n/a	n/a	n/a
55.309	0.026	saccade	n/a	503.7	148.1	n/a	589.9	153.9	2.92	150.0
55.337	0.162	fixation	n/a	593.5	156.8	4525.0	n/a	n/a	n/a	n/a
55.501	0.022	saccade	n/a	594.3	159.9	n/a	640.6	160.6	1.55	97.0
55.525	0.15	fixation	n/a	643.0	161.1	4494.0	n/a	n/a	n/a	n/a
55.677	0.028	saccade	n/a	640.3	161.2	n/a	569.9	158.0	2.36	150.0
55.707	0.176	fixation	n/a	572.3	159.0	4448.0	n/a	n/a	n/a	n/a
55.885	0.028	saccade	n/a	571.6	155.8	n/a	642.9	156.5	2.39	142.0
55.915	0.16	fixation	n/a	642.7	157.5	4399.0	n/a	n/a	n/a	n/a
56.077	0.076	saccade	n/a	641.9	158.9	n/a	121.1	218.3	17.59	382.0
56.155	0.222	fixation	n/a	129.7	223.2	4380.0	n/a	n/a	n/a	n/a
56.379	0.148	saccade	n/a	133.7	224.4	n/a	214.0	208.6	2.79	1312.0
56.415	0.046	blink	n/a	n/a	n/a	n/a	n/a	n/a	n/a	n/a
56.529	0.13	fixation	n/a	210.9	211.1	4351.0	n/a	n/a	n/a	n/a
56.661	0.03	saccade	n/a	213.6	215.7	n/a	305.7	216.9	3.17	153.0
56.693	0.206	fixation	n/a	306.6	218.1	4285.0	n/a	n/a	n/a	n/a
56.901	0.024	saccade	n/a	310.6	220.9	n/a	368.1	220.4	1.98	124.0
56.927	0.196	fixation	n/a	370.4	221.5	4184.0	n/a	n/a	n/a	n/a
57.125	0.028	saccade	n/a	372.4	222.9	n/a	462.4	220.0	3.09	160.0
57.155	0.262	fixation	n/a	469.1	219.5	4101.0	n/a	n/a	n/a	n/a
57.419	0.026	saccade	n/a	474.0	221.0	n/a	551.0	218.1	2.63	133.0
57.447	0.214	fixation	n/a	557.1	212.5	4082.0	n/a	n/a	n/a	n/a
57.663	0.024	saccade	n/a	554.6	213.4	n/a	493.8	216.6	2.07	116.0
57.689	0.966	fixation	n/a	491.9	218.7	4243.0	n/a	n/a	n/a	n/a
58.657	0.022	saccade	n/a	493.7	218.4	n/a	538.6	211.8	1.55	97.0
58.681	0.134	fixation	n/a	538.1	212.9	4491.0	n/a	n/a	n/a	n/a
58.817	0.026	saccade	n/a	536.2	213.5	n/a	532.5	155.1	2.02	124.0
58.845	0.198	fixation	n/a	550.9	155.2	4498.0	n/a	n/a	n/a	n/a
58.928	0.0	trigger_11	11	n/a	n/a	n/a	n/a	n/a	n/a	n/a
59.03	0.0	trigger_10	10	n/a	n/a	n/a	n/a	n/a	n/a	n/a
59.045	0.044	saccade	n/a	550.2	157.3	n/a	295.5	164.4	8.7	318.0
59.091	0.146	fixation	n/a	296.0	166.6	4568.0	n/a	n/a	n/a	n/a
59.239	0.04	saccade	n/a	295.7	165.1	n/a	128.3	157.7	5.71	256.0
59.281	0.192	fixation	n/a	131.1	156.0	4683.0	n/a	n/a	n/a	n/a
59.475	0.026	saccade	n/a	130.1	155.2	n/a	201.3	150.5	2.42	141.0
59.503	0.366	fixation	n/a	197.7	152.3	4616.0	n/a	n/a	n/a	n/a
59.871	0.034	saccade	n/a	199.7	159.9	n/a	314.1	155.8	3.92	202.0
59.907	0.428	fixation	n/a	314.4	152.8	4491.0	n/a	n/a	n/a	n/a
60.337	0.02	saccade	n/a	311.9	154.2	n/a	346.8	156.6	1.2	85.0
60.359	0.206	fixation	n/a	345.8	156.8	4409.0	n/a	n/a	n/a	n/a
60.567	0.016	saccade	n/a	342.1	155.9	n/a	321.0	154.5	0.73	58.0
60.585	0.094	fixation	n/a	321.7	154.5	4378.0	n/a	n/a	n/a	n/a
60.681	0.168	saccade	n/a	322.7	154.8	n/a	449.1	125.2	4.45	1347.0
60.717	0.056	blink	n/a	n/a	n/a	n/a	n/a	n/a	n/a	n/a
60.851	0.132	fixation	n/a	443.8	145.2	4447.0	n/a	n/a	n/a	n/a
60.985	0.022	saccade	n/a	445.1	153.4	n/a	489.5	155.6	1.52	93.0
61.009	0.192	fixation	n/a	496.0	156.5	4454.0	n/a	n/a	n/a	n/a
61.203	0.028	saccade	n/a	499.1	156.7	n/a	578.9	157.6	2.71	142.0
61.233	0.2	fixation	n/a	579.9	154.8	4305.0	n/a	n/a	n/a	n/a
61.435	0.022	saccade	n/a	583.9	152.9	n/a	629.4	153.1	1.53	92.0
61.459	0.13	fixation	n/a	631.4	152.1	4226.0	n/a	n/a	n/a	n/a
61.591	0.072	saccade	n/a	632.0	149.1	n/a	137.3	212.7	16.77	386.0
61.665	0.336	fixation	n/a	146.6	217.4	4216.0	n/a	n/a	n/a	n/a
62.003	0.028	saccade	n/a	149.9	224.4	n/a	232.8	225.1	2.83	164.0
62.033	0.156	fixation	n/a	233.4	222.4	4306.0	n/a	n/a	n/a	n/a
62.191	0.024	saccade	n/a	233.3	224.2	n/a	303.0	223.0	2.4	145.0
62.217	0.18	fixation	n/a	303.5	221.1	4308.0	n/a	n/a	n/a	n/a
62.399	0.026	saccade	n/a	307.0	221.5	n/a	400.7	223.9	3.23	175.0
62.427	0.218	fixation	n/a	407.4	222.0	4337.0	n/a	n/a	n/a	n/a
62.647	0.032	saccade	n/a	409.1	223.7	n/a	515.7	218.8	3.66	170.0
62.681	0.182	fixation	n/a	517.6	215.8	4352.0	n/a	n/a	n/a	n/a
62.865	0.022	saccade	n/a	520.5	217.7	n/a	575.9	216.5	1.88	121.0
62.889	0.146	fixation	n/a	576.0	214.4	4303.0	n/a	n/a	n/a	n/a
63.037	0.028	saccade	n/a	573.9	214.9	n/a	501.3	212.9	2.47	157.0
63.067	0.232	fixation	n/a	506.5	213.4	4260.0	n/a	n/a	n/a	n/a
63.301	0.028	saccade	n/a	508.8	212.5	n/a	589.5	213.3	2.74	159.0
63.331	0.106	fixation	n/a	589.0	213.9	4237.0	n/a	n/a	n/a	n/a
63.439	0.064	saccade	n/a	588.8	213.3	n/a	143.6	269.5	15.22	386.0
63.505	0.142	fixation	n/a	151.6	277.5	4313.0	n/a	n/a	n/a	n/a
63.649	0.02	saccade	n/a	149.8	278.8	n/a	108.3	281.4	1.41	100.0
63.671	0.196	fixation	n/a	112.7	282.8	4280.0	n/a	n/a	n/a	n/a
63.869	0.028	saccade	n/a	114.5	283.7	n/a	196.8	279.0	2.8	151.0
63.899	0.21	fixation	n/a	195.7	279.3	4332.0	n/a	n/a	n/a	n/a
64.111	0.028	saccade	n/a	195.1	275.7	n/a	272.7	274.7	2.66	156.0
64.141	0.22	fixation	n/a	272.9	276.7	4360.0	n/a	n/a	n/a	n/a
64.363	0.028	saccade	n/a	273.6	281.3	n/a	197.0	280.8	2.63	160.0
64.393	0.174	fixation	n/a	204.9	283.0	4391.0	n/a	n/a	n/a	n/a
64.569	0.022	saccade	n/a	208.0	283.6	n/a	263.6	282.1	1.91	116.0
64.593	0.132	fixation	n/a	263.6	282.0	4419.0	n/a	n/a	n/a	n/a
64.727	0.018	saccade	n/a	264.1	281.6	n/a	290.1	279.4	0.9	64.0
64.747	0.23	fixation	n/a	289.0	279.2	4397.0	n/a	n/a	n/a	n/a
64.979	0.132	saccade	n/a	288.7	275.4	n/a	419.7	152.5	6.2	479.0
65.113	0.146	fixation	n/a	417.2	162.4	4358.0	n/a	n/a	n/a	n/a
65.261	0.03	saccade	n/a	414.4	166.6	n/a	315.2	155.8	3.42	188.0
65.293	0.666	fixation	n/a	319.8	154.5	4239.0	n/a	n/a	n/a	n/a
65.688	0.0	trigger_11	11	n/a	n/a	n/a	n/a	n/a	n/a	n/a
65.792	0.0	trigger_10	10	n/a	n/a	n/a	n/a	n/a	n/a	n/a
65.961	0.04	saccade	n/a	320.3	155.3	n/a	159.1	145.8	5.51	239.0
66.003	0.176	fixation	n/a	164.3	152.8	4350.0	n/a	n/a	n/a	n/a
66.181	0.016	saccade	n/a	160.5	157.6	n/a	136.7	159.9	0.81	64.0
66.199	0.118	fixation	n/a	135.6	159.4	4388.0	n/a	n/a	n/a	n/a
66.319	0.024	saccade	n/a	134.5	158.4	n/a	197.6	153.6	2.15	129.0
66.345	0.222	fixation	n/a	200.0	151.4	4315.0	n/a	n/a	n/a	n/a
66.569	0.024	saccade	n/a	203.6	151.3	n/a	256.9	150.5	1.82	114.0
66.595	0.174	fixation	n/a	258.0	147.8	4277.0	n/a	n/a	n/a	n/a
66.771	0.028	saccade	n/a	259.7	149.3	n/a	345.1	148.7	2.93	165.0
66.801	0.268	fixation	n/a	348.5	150.4	4241.0	n/a	n/a	n/a	n/a
67.071	0.028	saccade	n/a	349.5	147.6	n/a	430.3	147.2	2.76	142.0
67.101	0.176	fixation	n/a	433.4	149.9	4252.0	n/a	n/a	n/a	n/a
67.279	0.024	saccade	n/a	428.4	153.6	n/a	367.9	152.6	2.08	130.0
67.305	0.076	fixation	n/a	370.2	153.2	4304.0	n/a	n/a	n/a	n/a
67.383	0.03	saccade	n/a	371.4	152.5	n/a	463.0	147.6	3.13	175.0
67.415	0.19	fixation	n/a	464.8	150.8	4322.0	n/a	n/a	n/a	n/a
67.607	0.02	saccade	n/a	467.8	154.4	n/a	502.0	155.5	1.17	78.0
67.629	0.14	fixation	n/a	501.9	154.8	4370.0	n/a	n/a	n/a	n/a
67.771	0.026	saccade	n/a	498.7	156.9	n/a	436.8	156.4	2.11	133.0
67.799	0.138	fixation	n/a	441.7	156.9	4402.0	n/a	n/a	n/a	n/a
67.939	0.028	saccade	n/a	445.0	157.1	n/a	530.1	152.5	2.9	159.0
67.969	0.228	fixation	n/a	530.7	151.4	4358.0	n/a	n/a	n/a	n/a
68.199	0.064	saccade	n/a	528.8	152.2	n/a	131.0	205.5	13.59	334.0
68.265	0.302	fixation	n/a	132.4	214.4	4318.0	n/a	n/a	n/a	n/a
68.569	0.028	saccade	n/a	138.1	215.6	n/a	227.7	214.8	3.05	153.0
68.599	0.194	fixation	n/a	233.1	213.4	4164.0	n/a	n/a	n/a	n/a
68.795	0.024	saccade	n/a	234.6	210.5	n/a	285.1	209.8	1.73	101.0
68.821	0.114	fixation	n/a	288.8	209.6	4072.0	n/a	n/a	n/a	n/a
68.937	0.18	saccade	n/a	291.7	212.1	n/a	408.2	212.5	4.0	1236.0
68.971	0.066	blink	n/a	n/a	n/a	n/a	n/a	n/a	n/a	n/a
69.119	0.112	fixation	n/a	404.5	204.7	3909.0	n/a	n/a	n/a	n/a
69.233	0.028	saccade	n/a	403.1	210.4	n/a	309.8	213.3	3.21	177.0
69.263	0.276	fixation	n/a	310.8	209.5	3814.0	n/a	n/a	n/a	n/a
69.541	0.026	saccade	n/a	314.8	207.5	n/a	401.1	206.5	2.97	151.0
69.569	0.222	fixation	n/a	413.4	208.1	3678.0	n/a	n/a	n/a	n/a
69.793	0.026	saccade	n/a	417.4	205.8	n/a	491.4	201.7	2.54	137.0
69.821	0.33	fixation	n/a	495.1	198.2	3666.0	n/a	n/a	n/a	n/a
70.153	0.026	saccade	n/a	500.2	198.1	n/a	578.8	192.9	2.67	132.0
70.181	0.196	fixation	n/a	585.7	192.1	3650.0	n/a	n/a	n/a	n/a
70.379	0.024	saccade	n/a	589.8	195.2	n/a	644.0	192.9	1.82	108.0
70.405	0.194	fixation	n/a	646.8	189.7	3666.0	n/a	n/a	n/a	n/a
70.601	0.026	saccade	n/a	644.4	190.7	n/a	562.0	195.2	2.77	155.0
70.629	0.168	fixation	n/a	560.9	198.0	3687.0	n/a	n/a	n/a	n/a
70.799	0.024	saccade	n/a	564.7	194.8	n/a	638.0	192.0	2.46	134.0
70.825	0.186	fixation	n/a	646.1	193.4	3676.0	n/a	n/a	n/a	n/a
71.013	0.016	saccade	n/a	642.3	193.7	n/a	619.2	193.2	0.77	60.0
71.031	0.084	fixation	n/a	619.4	194.9	3705.0	n/a	n/a	n/a	n/a
71.117	0.024	saccade	n/a	622.9	193.0	n/a	684.1	194.7	2.03	113.0
71.143	0.206	fixation	n/a	686.3	197.3	3714.0	n/a	n/a	n/a	n/a
71.351	0.234	saccade	n/a	690.5	205.6	n/a	515.3	178.4	5.95	2442.0
71.385	0.11	blink	n/a	n/a	n/a	n/a	n/a	n/a	n/a	n/a
71.587	0.09	fixation	n/a	494.2	173.9	3734.0	n/a	n/a	n/a	n/a
71.679	0.026	saccade	n/a	484.8	186.1	n/a	405.9	186.2	2.69	140.0
71.707	0.184	fixation	n/a	398.3	191.7	3704.0	n/a	n/a	n/a	n/a
71.893	0.034	saccade	n/a	395.5	189.2	n/a	257.2	157.2	4.86	210.0
71.929	0.2	fixation	n/a	252.3	158.3	3667.0	n/a	n/a	n/a	n/a
72.131	0.024	saccade	n/a	256.2	158.6	n/a	200.7	141.6	1.98	120.0
72.157	0.294	fixation	n/a	199.2	137.6	3629.0	n/a	n/a	n/a	n/a
72.176	0.0	trigger_11	11	n/a	n/a	n/a	n/a	n/a	n/a	n/a
72.28	0.0	trigger_10	10	n/a	n/a	n/a	n/a	n/a	n/a	n/a
72.453	0.024	saccade	n/a	195.2	140.2	n/a	141.8	138.9	1.81	107.0
72.479	0.166	fixation	n/a	141.0	141.6	3645.0	n/a	n/a	n/a	n/a
72.647	0.034	saccade	n/a	143.8	144.9	n/a	268.5	132.5	4.27	198.0
72.683	0.19	fixation	n/a	272.6	129.5	3645.0	n/a	n/a	n/a	n/a
72.875	0.02	saccade	n/a	277.3	131.7	n/a	320.6	128.2	1.49	100.0
72.897	0.214	fixation	n/a	324.5	124.5	3623.0	n/a	n/a	n/a	n/a
73.113	0.024	saccade	n/a	327.8	127.5	n/a	381.3	132.6	1.85	102.0
73.139	0.178	fixation	n/a	383.3	131.2	3659.0	n/a	n/a	n/a	n/a
73.319	0.028	saccade	n/a	381.7	128.9	n/a	469.9	128.0	3.01	146.0
73.349	0.18	fixation	n/a	475.1	128.4	3752.0	n/a	n/a	n/a	n/a
73.531	0.028	saccade	n/a	471.7	132.5	n/a	383.0	131.3	3.03	169.0
73.561	0.264	fixation	n/a	379.7	133.2	3821.0	n/a	n/a	n/a	n/a
73.827	0.03	saccade	n/a	383.4	137.4	n/a	476.9	137.6	3.2	168.0
73.859	0.164	fixation	n/a	477.4	136.7	3907.0	n/a	n/a	n/a	n/a
74.025	0.03	saccade	n/a	479.0	140.3	n/a	569.3	136.5	3.06	146.0
74.057	0.138	fixation	n/a	569.8	137.8	4020.0	n/a	n/a	n/a	n/a
74.197	0.022	saccade	n/a	566.6	135.0	n/a	517.3	137.4	1.67	107.0
74.221	0.096	fixation	n/a	518.4	140.4	4125.0	n/a	n/a	n/a	n/a
74.319	0.022	saccade	n/a	517.5	143.5	n/a	480.4	144.3	1.26	94.0
74.343	0.124	fixation	n/a	485.4	147.0	4132.0	n/a	n/a	n/a	n/a
74.469	0.028	saccade	n/a	485.7	149.7	n/a	563.3	144.8	2.64	141.0
74.499	0.152	fixation	n/a	563.8	144.5	4146.0	n/a	n/a	n/a	n/a
74.653	0.068	saccade	n/a	563.1	147.0	n/a	128.1	209.5	14.88	373.0
74.723	0.216	fixation	n/a	136.5	212.9	4283.0	n/a	n/a	n/a	n/a
74.941	0.03	saccade	n/a	139.7	215.7	n/a	224.5	213.0	2.9	179.0
74.973	0.212	fixation	n/a	221.4	210.5	4322.0	n/a	n/a	n/a	n/a
75.187	0.016	saccade	n/a	217.4	210.9	n/a	196.7	211.6	0.71	56.0
75.205	0.104	fixation	n/a	198.0	212.2	4274.0	n/a	n/a	n/a	n/a
75.311	0.034	saccade	n/a	198.9	212.1	n/a	323.1	204.6	4.26	224.0
75.347	0.234	fixation	n/a	328.5	207.7	4302.0	n/a	n/a	n/a	n/a
75.583	0.026	saccade	n/a	328.5	209.5	n/a	273.2	207.5	1.91	128.0
75.611	0.198	fixation	n/a	278.2	210.1	4343.0	n/a	n/a	n/a	n/a
75.811	0.028	saccade	n/a	282.0	211.9	n/a	366.4	211.6	2.91	155.0
75.841	0.194	fixation	n/a	367.7	211.9	4420.0	n/a	n/a	n/a	n/a
76.037	0.076	saccade	n/a	368.1	206.6	n/a	447.3	193.4	2.76	182.0
76.115	0.058	fixation	n/a	441.0	198.3	4512.0	n/a	n/a	n/a	n/a
76.175	0.184	saccade	n/a	441.5	201.8	n/a	436.3	194.2	0.32	883.0
76.229	0.024	blink	n/a	n/a	n/a	n/a	n/a	n/a	n/a	n/a
76.361	0.102	fixation	n/a	434.4	210.6	4527.0	n/a	n/a	n/a	n/a
76.465	0.046	saccade	n/a	433.8	220.1	n/a	200.2	199.5	8.05	310.0
76.513	0.106	fixation	n/a	204.5	198.5	4575.0	n/a	n/a	n/a	n/a
76.621	0.024	saccade	n/a	201.5	196.9	n/a	155.2	161.6	2.0	122.0
76.647	0.23	fixation	n/a	151.5	160.6	4384.0	n/a	n/a	n/a	n/a
76.879	0.02	saccade	n/a	154.1	157.9	n/a	186.1	145.4	1.17	75.0
76.901	0.154	fixation	n/a	188.5	143.1	4218.0	n/a	n/a	n/a	n/a
77.057	0.042	saccade	n/a	189.8	143.5	n/a	383.6	199.0	6.89	237.0
77.101	0.184	fixation	n/a	396.7	206.2	4156.0	n/a	n/a	n/a	n/a
77.287	0.022	saccade	n/a	402.0	207.2	n/a	451.0	206.0	1.69	105.0
77.311	0.122	fixation	n/a	450.8	207.3	4184.0	n/a	n/a	n/a	n/a
77.435	0.228	saccade	n/a	450.6	210.5	n/a	334.4	153.5	4.45	1167.0
77.473	0.092	blink	n/a	n/a	n/a	n/a	n/a	n/a	n/a	n/a
77.665	0.598	fixation	n/a	321.8	171.1	4272.0	n/a	n/a	n/a	n/a
78.265	0.018	saccade	n/a	319.0	169.2	n/a	299.8	150.5	0.92	65.0
78.285	0.56	fixation	n/a	306.1	151.4	4116.0	n/a	n/a	n/a	n/a
78.584	0.0	trigger_11	11	n/a	n/a	n/a	n/a	n/a	n/a	n/a
78.688	0.0	trigger_10	10	n/a	n/a	n/a	n/a	n/a	n/a	n/a
78.847	0.036	saccade	n/a	304.3	150.2	n/a	160.1	154.2	4.93	211.0
78.885	0.126	fixation	n/a	159.3	157.2	4072.0	n/a	n/a	n/a	n/a
79.013	0.018	saccade	n/a	156.4	157.8	n/a	126.8	156.2	1.0	77.0
79.033	0.152	fixation	n/a	127.7	156.1	4077.0	n/a	n/a	n/a	n/a
79.187	0.026	saccade	n/a	129.5	157.4	n/a	208.2	145.5	2.7	142.0
79.215	0.394	fixation	n/a	213.1	144.5	4016.0	n/a	n/a	n/a	n/a
79.611	0.026	saccade	n/a	210.1	146.6	n/a	285.1	141.7	2.57	141.0
79.639	0.158	fixation	n/a	290.4	143.2	4000.0	n/a	n/a	n/a	n/a
79.799	0.174	saccade	n/a	288.6	147.8	n/a	346.8	129.6	2.1	1171.0
79.835	0.062	blink	n/a	n/a	n/a	n/a	n/a	n/a	n/a	n/a
79.975	0.182	fixation	n/a	347.7	141.0	3957.0	n/a	n/a	n/a	n/a
80.159	0.022	saccade	n/a	347.2	143.0	n/a	299.7	145.6	1.63	105.0
80.183	0.186	fixation	n/a	304.2	144.4	3912.0	n/a	n/a	n/a	n/a
80.371	0.03	saccade	n/a	307.7	141.4	n/a	401.9	135.9	3.23	158.0
80.403	0.172	fixation	n/a	409.5	133.8	3809.0	n/a	n/a	n/a	n/a
80.577	0.016	saccade	n/a	415.8	134.9	n/a	436.5	136.3	0.71	53.0
80.595	0.2	fixation	n/a	443.7	137.4	3804.0	n/a	n/a	n/a	n/a
80.797	0.026	saccade	n/a	445.5	135.5	n/a	509.6	131.4	2.18	115.0
80.825	0.224	fixation	n/a	513.7	133.7	3788.0	n/a	n/a	n/a	n/a
81.051	0.024	saccade	n/a	517.7	131.9	n/a	575.1	128.5	1.94	108.0
81.077	0.158	fixation	n/a	580.6	131.1	3734.0	n/a	n/a	n/a	n/a
81.237	0.186	saccade	n/a	584.5	140.0	n/a	628.7	101.6	1.97	2241.0
81.271	0.074	blink	n/a	n/a	n/a	n/a	n/a	n/a	n/a	n/a
81.425	0.11	fixation	n/a	623.6	126.1	3729.0	n/a	n/a	n/a	n/a
81.537	0.03	saccade	n/a	620.3	133.0	n/a	525.6	137.7	3.19	178.0
81.569	0.208	fixation	n/a	527.4	136.0	3745.0	n/a	n/a	n/a	n/a
81.779	0.026	saccade	n/a	529.2	132.1	n/a	605.9	128.9	2.58	142.0
81.807	0.184	fixation	n/a	610.2	133.2	3765.0	n/a	n/a	n/a	n/a
81.993	0.02	saccade	n/a	612.2	135.3	n/a	646.9	136.1	1.16	77.0
82.015	0.188	fixation	n/a	647.4	134.1	3854.0	n/a	n/a	n/a	n/a
82.205	0.072	saccade	n/a	646.6	135.4	n/a	165.0	189.6	16.27	351.0
82.279	0.128	fixation	n/a	154.8	197.8	4067.0	n/a	n/a	n/a	n/a
82.409	0.02	saccade	n/a	154.7	199.4	n/a	113.4	206.0	1.42	100.0
82.431	0.116	fixation	n/a	116.7	210.1	4156.0	n/a	n/a	n/a	n/a
82.549	0.19	saccade	n/a	119.4	213.1	n/a	153.4	219.3	1.17	1150.0
82.591	0.076	blink	n/a	n/a	n/a	n/a	n/a	n/a	n/a	n/a
82.741	0.73	fixation	n/a	156.8	212.4	4175.0	n/a	n/a	n/a	n/a
83.473	0.028	saccade	n/a	173.2	215.1	n/a	254.2	211.3	2.77	145.0
83.503	0.182	fixation	n/a	259.8	210.8	4103.0	n/a	n/a	n/a	n/a
83.687	0.026	saccade	n/a	263.2	212.4	n/a	334.0	212.3	2.44	144.0
83.715	0.116	fixation	n/a	335.4	211.6	4067.0	n/a	n/a	n/a	n/a
83.833	0.256	saccade	n/a	334.9	209.9	n/a	203.0	206.8	4.52	1201.0
83.873	0.128	blink	n/a	n/a	n/a	n/a	n/a	n/a	n/a	n/a
84.091	0.154	fixation	n/a	205.6	200.2	4037.0	n/a	n/a	n/a	n/a
84.247	0.028	saccade	n/a	209.2	207.9	n/a	287.4	204.2	2.68	149.0
84.277	0.192	fixation	n/a	285.6	204.5	4002.0	n/a	n/a	n/a	n/a
84.471	0.02	saccade	n/a	285.4	201.9	n/a	323.6	204.1	1.31	81.0
84.493	0.182	fixation	n/a	326.9	205.8	3875.0	n/a	n/a	n/a	n/a
84.677	0.026	saccade	n/a	328.3	205.0	n/a	401.5	207.1	2.52	132.0
84.705	0.24	fixation	n/a	408.7	208.0	3822.0	n/a	n/a	n/a	n/a
84.947	0.024	saccade	n/a	412.3	205.4	n/a	460.9	204.1	1.67	97.0
84.973	0.166	fixation	n/a	464.0	200.2	3753.0	n/a	n/a	n/a	n/a
85.141	0.028	saccade	n/a	466.1	196.7	n/a	542.2	199.5	2.59	123.0
85.171	0.188	fixation	n/a	549.6	198.8	3677.0	n/a	n/a	n/a	n/a
85.361	0.02	saccade	n/a	551.3	197.9	n/a	590.7	196.9	1.33	87.0
85.383	0.09	fixation	n/a	595.1	196.3	3650.0	n/a	n/a	n/a	n/a
85.475	0.21	saccade	n/a	600.4	203.3	n/a	677.4	179.2	2.7	1570.0
85.509	0.098	blink	n/a	n/a	n/a	n/a	n/a	n/a	n/a	n/a
85.687	0.094	fixation	n/a	661.4	183.1	3694.0	n/a	n/a	n/a	n/a
85.783	0.08	saccade	n/a	658.0	197.5	n/a	162.9	242.7	16.71	344.0
85.865	0.118	fixation	n/a	174.1	277.6	3719.0	n/a	n/a	n/a	n/a
85.985	0.022	saccade	n/a	176.6	281.3	n/a	133.9	280.8	1.45	86.0
86.009	0.164	fixation	n/a	130.2	276.2	3723.0	n/a	n/a	n/a	n/a
86.175	0.026	saccade	n/a	131.9	274.9	n/a	199.0	270.4	2.29	126.0
86.203	0.154	fixation	n/a	203.7	273.7	3726.0	n/a	n/a	n/a	n/a
86.359	0.244	saccade	n/a	201.3	271.9	n/a	274.6	187.2	3.87	1116.0
86.397	0.124	blink	n/a	n/a	n/a	n/a	n/a	n/a	n/a	n/a
86.605	0.15	fixation	n/a	270.6	174.7	3809.0	n/a	n/a	n/a	n/a
86.757	0.022	saccade	n/a	268.0	180.4	n/a	226.5	158.5	1.61	94.0
86.781	0.192	fixation	n/a	225.6	157.6	3850.0	n/a	n/a	n/a	n/a
86.975	0.032	saccade	n/a	225.6	157.4	n/a	326.2	139.1	3.5	172.0
87.009	0.192	fixation	n/a	325.5	140.7	3782.0	n/a	n/a	n/a	n/a
87.203	0.034	saccade	n/a	320.5	142.3	n/a	190.2	143.0	4.45	206.0
87.239	0.216	fixation	n/a	190.7	148.5	3844.0	n/a	n/a	n/a	n/a
87.457	0.03	saccade	n/a	192.2	148.1	n/a	287.3	141.1	3.25	178.0
87.489	0.162	fixation	n/a	287.8	140.7	3901.0	n/a	n/a	n/a	n/a
87.653	0.034	saccade	n/a	284.4	138.9	n/a	145.3	150.7	4.74	237.0
87.689	0.266	fixation	n/a	141.2	159.8	4062.0	n/a	n/a	n/a	n/a
87.957	0.034	saccade	n/a	141.8	157.0	n/a	264.6	149.1	4.18	209.0
87.993	0.138	fixation	n/a	268.3	148.9	4184.0	n/a	n/a	n/a	n/a
88.133	0.03	saccade	n/a	272.3	149.2	n/a	397.0	145.7	4.26	206.0
88.165	0.25	fixation	n/a	408.1	143.8	4231.0	n/a	n/a	n/a	n/a
88.417	0.028	saccade	n/a	414.4	147.0	n/a	498.3	150.2	2.86	152.0
88.447	0.13	fixation	n/a	499.9	150.5	4270.0	n/a	n/a	n/a	n/a
88.579	0.17	saccade	n/a	501.7	149.5	n/a	614.2	123.3	3.89	2626.0
88.617	0.048	blink	n/a	n/a	n/a	n/a	n/a	n/a	n/a	n/a
88.751	0.2	fixation	n/a	603.3	140.6	4256.0	n/a	n/a	n/a	n/a
88.953	0.068	saccade	n/a	604.6	146.7	n/a	147.7	201.4	15.47	386.0
89.023	0.124	fixation	n/a	151.3	202.9	4350.0	n/a	n/a	n/a	n/a
89.149	0.022	saccade	n/a	149.3	203.8	n/a	111.2	213.5	1.33	104.0
89.173	0.18	fixation	n/a	118.1	210.5	4338.0	n/a	n/a	n/a	n/a
89.355	0.024	saccade	n/a	120.7	205.3	n/a	180.3	199.0	2.03	118.0
89.381	0.088	fixation	n/a	184.1	202.0	4422.0	n/a	n/a	n/a	n/a
89.471	0.208	saccade	n/a	185.4	197.9	n/a	146.9	199.3	1.31	1216.0
89.515	0.078	blink	n/a	n/a	n/a	n/a	n/a	n/a	n/a	n/a
89.681	0.202	fixation	n/a	147.6	202.4	4398.0	n/a	n/a	n/a	n/a
89.885	0.032	saccade	n/a	149.4	205.6	n/a	269.1	209.6	4.08	220.0
89.919	0.198	fixation	n/a	275.5	212.4	4353.0	n/a	n/a	n/a	n/a
90.119	0.026	saccade	n/a	279.3	213.9	n/a	355.5	212.7	2.61	153.0
90.147	0.202	fixation	n/a	354.3	212.9	4362.0	n/a	n/a	n/a	n/a
90.351	0.03	saccade	n/a	356.9	215.6	n/a	454.5	219.4	3.35	179.0
90.383	0.234	fixation	n/a	457.2	223.1	4347.0	n/a	n/a	n/a	n/a
90.619	0.026	saccade	n/a	457.9	223.2	n/a	530.3	220.1	2.47	131.0
90.647	0.174	fixation	n/a	534.1	217.1	4327.0	n/a	n/a	n/a	n/a
90.823	0.022	saccade	n/a	535.3	215.7	n/a	579.3	213.2	1.49	96.0
90.847	0.164	fixation	n/a	581.4	217.9	4329.0	n/a	n/a	n/a	n/a
91.013	0.07	saccade	n/a	580.9	219.2	n/a	145.2	279.6	14.92	364.0
91.085	0.202	fixation	n/a	147.9	280.7	4459.0	n/a	n/a	n/a	n/a
91.289	0.184	saccade	n/a	145.5	279.2	n/a	207.5	297.9	2.21	1233.0
91.327	0.068	blink	n/a	n/a	n/a	n/a	n/a	n/a	n/a	n/a
91.475	0.17	fixation	n/a	207.5	274.6	4566.0	n/a	n/a	n/a	n/a
91.647	0.03	saccade	n/a	211.1	267.7	n/a	247.4	178.1	3.35	145.0
91.679	0.29	fixation	n/a	255.1	175.5	4492.0	n/a	n/a	n/a	n/a
91.971	0.022	saccade	n/a	255.2	175.7	n/a	213.3	150.4	1.68	113.0
91.995	0.328	fixation	n/a	215.7	151.2	4549.0	n/a	n/a	n/a	n/a
92.05	0.0	trigger_11	11	n/a	n/a	n/a	n/a	n/a	n/a	n/a
92.154	0.0	trigger_10	10	n/a	n/a	n/a	n/a	n/a	n/a	n/a
92.325	0.03	saccade	n/a	213.4	155.0	n/a	126.4	162.3	2.95	177.0
92.357	0.156	fixation	n/a	132.8	163.6	4616.0	n/a	n/a	n/a	n/a
92.515	0.034	saccade	n/a	132.6	162.3	n/a	240.8	158.3	3.68	171.0
92.551	0.164	fixation	n/a	236.8	159.5	4661.0	n/a	n/a	n/a	n/a
92.717	0.024	saccade	n/a	237.3	159.2	n/a	299.2	158.9	2.12	132.0
92.743	0.062	fixation	n/a	296.9	160.0	4645.0	n/a	n/a	n/a	n/a
92.807	0.038	saccade	n/a	295.0	160.8	n/a	153.3	156.7	4.82	255.0
92.847	0.234	fixation	n/a	152.5	153.9	4621.0	n/a	n/a	n/a	n/a
93.083	0.028	saccade	n/a	152.5	150.3	n/a	227.0	149.5	2.52	146.0
93.113	0.13	fixation	n/a	229.1	152.7	4666.0	n/a	n/a	n/a	n/a
93.245	0.032	saccade	n/a	232.0	154.5	n/a	324.8	158.5	3.18	168.0
93.279	0.186	fixation	n/a	320.8	153.1	4772.0	n/a	n/a	n/a	n/a
93.467	0.028	saccade	n/a	325.2	154.3	n/a	405.2	153.8	2.74	154.0
93.497	0.152	fixation	n/a	405.4	156.0	4814.0	n/a	n/a	n/a	n/a
93.651	0.198	saccade	n/a	406.1	156.9	n/a	389.2	132.0	1.03	1478.0
93.691	0.08	blink	n/a	n/a	n/a	n/a	n/a	n/a	n/a	n/a
93.851	0.116	fixation	n/a	390.9	157.7	4680.0	n/a	n/a	n/a	n/a
93.969	0.028	saccade	n/a	392.1	166.8	n/a	479.6	154.4	3.02	153.0
93.999	0.202	fixation	n/a	481.4	160.1	4539.0	n/a	n/a	n/a	n/a
94.203	0.026	saccade	n/a	480.4	165.3	n/a	424.5	154.2	1.95	126.0
94.231	0.122	fixation	n/a	426.8	149.6	4342.0	n/a	n/a	n/a	n/a
94.355	0.028	saccade	n/a	426.6	143.7	n/a	518.7	145.4	3.12	158.0
94.385	0.426	fixation	n/a	524.5	154.1	4332.0	n/a	n/a	n/a	n/a
94.813	0.014	saccade	n/a	521.3	159.5	n/a	502.7	159.7	0.63	51.0
94.829	0.332	fixation	n/a	503.6	161.8	4460.0	n/a	n/a	n/a	n/a
95.163	0.014	saccade	n/a	507.2	161.1	n/a	523.1	160.2	0.54	45.0
95.179	0.174	fixation	n/a	523.9	160.3	4534.0	n/a	n/a	n/a	n/a
95.355	0.026	saccade	n/a	527.2	159.9	n/a	586.8	159.3	2.01	108.0
95.383	0.228	fixation	n/a	583.7	155.9	4582.0	n/a	n/a	n/a	n/a
95.613	0.034	saccade	n/a	582.5	157.3	n/a	449.7	156.7	4.49	238.0
95.649	0.124	fixation	n/a	455.0	159.0	4619.0	n/a	n/a	n/a	n/a
95.775	0.188	saccade	n/a	454.6	161.2	n/a	483.1	131.6	1.41	1280.0
95.821	0.026	blink	n/a	n/a	n/a	n/a	n/a	n/a	n/a	n/a
95.965	0.082	fixation	n/a	478.2	140.2	4653.0	n/a	n/a	n/a	n/a
96.049	0.022	saccade	n/a	483.6	150.8	n/a	532.8	159.4	1.69	101.0
96.073	0.168	fixation	n/a	532.9	162.4	4585.0	n/a	n/a	n/a	n/a
96.243	0.024	saccade	n/a	534.3	164.3	n/a	589.7	159.7	1.88	117.0
96.269	0.31	fixation	n/a	589.2	154.9	4468.0	n/a	n/a	n/a	n/a
96.581	0.07	saccade	n/a	591.4	155.5	n/a	140.5	215.6	15.32	354.0
96.653	0.284	fixation	n/a	144.9	224.8	4618.0	n/a	n/a	n/a	n/a
96.939	0.03	saccade	n/a	149.7	226.3	n/a	237.3	224.3	2.99	175.0
96.971	0.168	fixation	n/a	237.5	222.8	4553.0	n/a	n/a	n/a	n/a
97.141	0.024	saccade	n/a	239.4	220.3	n/a	304.2	220.2	2.22	134.0
97.167	0.226	fixation	n/a	304.1	218.2	4466.0	n/a	n/a	n/a	n/a
97.395	0.022	saccade	n/a	304.4	212.5	n/a	352.8	214.5	1.66	109.0
97.419	0.198	fixation	n/a	356.6	215.9	4437.0	n/a	n/a	n/a	n/a
97.619	0.03	saccade	n/a	361.3	218.4	n/a	447.2	217.4	2.95	158.0
97.651	0.182	fixation	n/a	448.1	217.7	4374.0	n/a	n/a	n/a	n/a
97.835	0.028	saccade	n/a	451.6	222.6	n/a	532.7	221.5	2.77	154.0
97.865	0.244	fixation	n/a	533.9	220.2	4344.0	n/a	n/a	n/a	n/a
98.111	0.032	saccade	n/a	534.7	221.6	n/a	648.5	220.7	3.83	185.0
98.145	0.2	fixation	n/a	651.8	219.5	4271.0	n/a	n/a	n/a	n/a
98.347	0.284	saccade	n/a	650.4	221.6	n/a	252.9	148.1	13.62	2033.0
98.397	0.154	blink	n/a	n/a	n/a	n/a	n/a	n/a	n/a	n/a
98.633	0.09	fixation	n/a	255.7	135.8	4137.0	n/a	n/a	n/a	n/a
98.725	0.058	saccade	n/a	259.1	135.4	n/a	581.9	206.2	11.21	304.0
98.785	0.264	fixation	n/a	585.0	198.7	4164.0	n/a	n/a	n/a	n/a
99.051	0.024	saccade	n/a	586.7	198.5	n/a	649.3	205.5	2.1	122.0
99.077	0.194	fixation	n/a	648.2	206.8	4138.0	n/a	n/a	n/a	n/a
99.273	0.066	saccade	n/a	645.4	204.0	n/a	224.1	165.4	14.25	370.0
99.341	0.122	fixation	n/a	227.2	166.7	4265.0	n/a	n/a	n/a	n/a
99.465	0.03	saccade	n/a	228.1	171.4	n/a	153.1	163.9	2.57	169.0
99.497	0.186	fixation	n/a	152.1	161.7	4352.0	n/a	n/a	n/a	n/a
99.685	0.026	saccade	n/a	151.8	160.1	n/a	228.4	151.2	2.61	144.0
99.713	0.144	fixation	n/a	230.1	152.9	4444.0	n/a	n/a	n/a	n/a
99.859	0.218	saccade	n/a	231.0	152.4	n/a	303.8	124.7	2.66	1350.0
99.897	0.086	blink	n/a	n/a	n/a	n/a	n/a	n/a	n/a	n/a
100.079	0.226	fixation	n/a	305.2	146.9	4439.0	n/a	n/a	n/a	n/a
100.307	0.03	saccade	n/a	309.9	158.8	n/a	411.6	150.6	3.49	164.0
100.339	0.26	fixation	n/a	419.2	156.3	4298.0	n/a	n/a	n/a	n/a
100.601	0.022	saccade	n/a	423.5	155.8	n/a	470.4	154.1	1.6	101.0
100.625	0.142	fixation	n/a	472.4	153.7	4212.0	n/a	n/a	n/a	n/a
100.769	0.018	saccade	n/a	476.6	150.6	n/a	503.4	148.1	0.91	65.0
100.789	0.04	fixation	n/a	505.9	151.7	4205.0	n/a	n/a	n/a	n/a
100.831	0.244	saccade	n/a	508.4	152.5	n/a	514.8	118.0	1.2	1310.0
100.867	0.112	blink	n/a	n/a	n/a	n/a	n/a	n/a	n/a	n/a
101.077	0.13	fixation	n/a	511.2	140.4	4142.0	n/a	n/a	n/a	n/a
101.209	0.026	saccade	n/a	513.7	147.6	n/a	581.5	146.2	2.29	119.0
101.237	0.192	fixation	n/a	583.0	147.0	4084.0	n/a	n/a	n/a	n/a
101.431	0.068	saccade	n/a	581.0	150.0	n/a	150.0	201.3	14.64	339.0
101.501	0.3	fixation	n/a	157.2	210.5	4086.0	n/a	n/a	n/a	n/a
101.803	0.032	saccade	n/a	164.2	215.2	n/a	267.1	216.6	3.52	172.0
101.837	0.46	fixation	n/a	265.9	216.3	4319.0	n/a	n/a	n/a	n/a
102.299	0.022	saccade	n/a	257.2	212.4	n/a	301.8	205.8	1.55	101.0
102.323	0.176	fixation	n/a	302.3	210.2	4584.0	n/a	n/a	n/a	n/a
102.501	0.026	saccade	n/a	305.0	215.0	n/a	368.4	211.4	2.19	137.0
102.529	0.48	fixation	n/a	365.8	209.0	4777.0	n/a	n/a	n/a	n/a
102.754	0.0	trigger_11	11	n/a	n/a	n/a	n/a	n/a	n/a	n/a
102.862	0.0	trigger_10	10	n/a	n/a	n/a	n/a	n/a	n/a	n/a
103.011	0.046	saccade	n/a	363.4	206.8	n/a	143.4	171.8	7.61	295.0
103.059	0.104	fixation	n/a	152.5	170.7	4784.0	n/a	n/a	n/a	n/a
103.165	0.018	saccade	n/a	150.9	170.2	n/a	127.5	156.2	0.93	68.0
103.185	0.106	fixation	n/a	131.0	158.1	4802.0	n/a	n/a	n/a	n/a
103.293	0.156	saccade	n/a	135.8	159.1	n/a	239.6	136.2	3.61	1476.0
103.331	0.042	blink	n/a	n/a	n/a	n/a	n/a	n/a	n/a	n/a
103.451	0.164	fixation	n/a	240.0	148.9	4847.0	n/a	n/a	n/a	n/a
103.617	0.028	saccade	n/a	240.4	152.2	n/a	315.7	150.0	2.58	150.0
103.647	0.282	fixation	n/a	315.2	152.5	4835.0	n/a	n/a	n/a	n/a
103.931	0.024	saccade	n/a	318.7	158.7	n/a	379.1	157.7	2.07	124.0
103.957	0.262	fixation	n/a	380.3	154.8	4725.0	n/a	n/a	n/a	n/a
104.221	0.022	saccade	n/a	382.6	153.8	n/a	432.0	153.1	1.69	110.0
104.245	0.212	fixation	n/a	430.0	155.8	4736.0	n/a	n/a	n/a	n/a
104.459	0.03	saccade	n/a	431.6	162.4	n/a	509.4	159.7	2.66	148.0
104.491	0.174	fixation	n/a	506.8	160.2	4690.0	n/a	n/a	n/a	n/a
104.667	0.024	saccade	n/a	509.1	161.7	n/a	565.8	162.2	1.92	114.0
104.693	0.158	fixation	n/a	566.4	162.6	4590.0	n/a	n/a	n/a	n/a
104.853	0.02	saccade	n/a	570.5	162.5	n/a	604.9	162.3	1.16	78.0
104.875	0.058	fixation	n/a	607.1	161.9	4522.0	n/a	n/a	n/a	n/a
104.935	0.068	saccade	n/a	607.3	163.9	n/a	133.2	226.9	16.14	370.0
105.005	0.196	fixation	n/a	138.4	235.2	4520.0	n/a	n/a	n/a	n/a
105.203	0.196	saccade	n/a	141.0	237.6	n/a	191.2	203.2	2.08	1378.0
105.239	0.084	blink	n/a	n/a	n/a	n/a	n/a	n/a	n/a	n/a
105.401	0.154	fixation	n/a	191.6	213.6	4607.0	n/a	n/a	n/a	n/a
105.557	0.028	saccade	n/a	195.9	223.5	n/a	281.9	220.5	2.95	156.0
105.587	0.204	fixation	n/a	279.5	220.4	4573.0	n/a	n/a	n/a	n/a
105.793	0.032	saccade	n/a	276.7	215.6	n/a	375.4	216.6	3.39	173.0
105.827	0.156	fixation	n/a	377.3	220.3	4453.0	n/a	n/a	n/a	n/a
105.985	0.036	saccade	n/a	375.1	221.4	n/a	231.6	221.2	4.93	234.0
106.023	0.218	fixation	n/a	238.5	220.0	4383.0	n/a	n/a	n/a	n/a
106.243	0.026	saccade	n/a	240.2	218.3	n/a	303.6	218.1	2.18	135.0
106.271	0.208	fixation	n/a	303.9	219.0	4362.0	n/a	n/a	n/a	n/a
106.481	0.028	saccade	n/a	304.7	219.6	n/a	384.1	219.2	2.73	156.0
106.511	0.14	fixation	n/a	388.5	221.2	4427.0	n/a	n/a	n/a	n/a
106.653	0.022	saccade	n/a	387.8	222.1	n/a	349.7	221.0	1.31	83.0
106.677	0.104	fixation	n/a	352.8	222.9	4506.0	n/a	n/a	n/a	n/a
106.783	0.032	saccade	n/a	355.8	224.2	n/a	456.0	219.0	3.45	177.0
106.817	0.178	fixation	n/a	451.7	217.4	4632.0	n/a	n/a	n/a	n/a
106.997	0.024	saccade	n/a	452.7	219.8	n/a	508.2	218.1	1.9	115.0
107.023	0.19	fixation	n/a	509.1	220.9	4695.0	n/a	n/a	n/a	n/a
107.215	0.022	saccade	n/a	514.1	224.6	n/a	558.3	223.4	1.5	89.0
107.239	0.162	fixation	n/a	560.3	220.4	4673.0	n/a	n/a	n/a	n/a
107.403	0.024	saccade	n/a	563.3	219.3	n/a	620.3	221.2	1.92	109.0
107.429	0.154	fixation	n/a	620.4	220.9	4691.0	n/a	n/a	n/a	n/a
107.585	0.074	saccade	n/a	619.7	219.4	n/a	122.8	277.7	16.85	381.0
107.661	0.152	fixation	n/a	131.5	284.3	4757.0	n/a	n/a	n/a	n/a
107.815	0.014	saccade	n/a	127.0	285.6	n/a	109.2	291.5	0.64	53.0
107.831	0.156	fixation	n/a	110.0	292.8	4749.0	n/a	n/a	n/a	n/a
107.989	0.024	saccade	n/a	110.1	294.6	n/a	174.4	287.6	2.2	133.0
108.015	0.168	fixation	n/a	174.9	287.9	4668.0	n/a	n/a	n/a	n/a
108.185	0.032	saccade	n/a	173.6	285.8	n/a	264.1	282.1	3.1	178.0
108.219	0.222	fixation	n/a	264.2	284.0	4623.0	n/a	n/a	n/a	n/a
108.443	0.028	saccade	n/a	267.8	286.8	n/a	344.8	287.8	2.66	151.0
108.473	0.212	fixation	n/a	344.0	286.8	4580.0	n/a	n/a	n/a	n/a
108.687	0.23	saccade	n/a	346.3	285.2	n/a	440.4	266.5	3.3	1294.0
108.735	0.064	blink	n/a	n/a	n/a	n/a	n/a	n/a	n/a	n/a
108.919	0.224	fixation	n/a	432.8	272.5	4573.0	n/a	n/a	n/a	n/a
109.145	0.02	saccade	n/a	438.1	284.4	n/a	471.7	288.2	1.16	74.0
109.167	0.194	fixation	n/a	473.9	288.8	4442.0	n/a	n/a	n/a	n/a
109.363	0.022	saccade	n/a	476.8	288.7	n/a	518.9	290.0	1.44	87.0
109.387	0.176	fixation	n/a	519.4	289.7	4368.0	n/a	n/a	n/a	n/a
109.565	0.022	saccade	n/a	524.3	288.1	n/a	576.3	289.7	1.77	110.0
109.589	0.194	fixation	n/a	577.5	288.8	4390.0	n/a	n/a	n/a	n/a
109.785	0.022	saccade	n/a	579.3	287.5	n/a	623.7	289.6	1.5	93.0
109.809	0.216	fixation	n/a	624.0	291.3	4411.0	n/a	n/a	n/a	n/a
110.027	0.072	saccade	n/a	623.5	291.4	n/a	156.1	326.0	15.86	335.0
110.101	0.086	fixation	n/a	144.9	333.8	4523.0	n/a	n/a	n/a	n/a
110.189	0.014	saccade	n/a	142.0	333.7	n/a	144.7	350.5	0.59	47.0
110.205	0.192	fixation	n/a	139.7	355.4	4457.0	n/a	n/a	n/a	n/a
110.399	0.204	saccade	n/a	135.2	358.2	n/a	125.2	351.4	0.41	1240.0
110.435	0.094	blink	n/a	n/a	n/a	n/a	n/a	n/a	n/a	n/a
110.605	0.306	fixation	n/a	119.5	349.0	4310.0	n/a	n/a	n/a	n/a
110.913	0.03	saccade	n/a	112.4	354.9	n/a	196.8	350.9	2.88	162.0
110.945	0.264	fixation	n/a	193.9	350.9	4205.0	n/a	n/a	n/a	n/a
111.211	0.026	saccade	n/a	190.1	353.4	n/a	257.7	352.6	2.32	136.0
111.239	0.278	fixation	n/a	255.7	352.0	4258.0	n/a	n/a	n/a	n/a
111.519	0.024	saccade	n/a	256.2	352.3	n/a	307.3	352.9	1.76	106.0
111.545	0.212	fixation	n/a	310.0	351.4	4282.0	n/a	n/a	n/a	n/a
111.759	0.026	saccade	n/a	310.9	350.8	n/a	377.9	346.6	2.32	133.0
111.787	0.18	fixation	n/a	381.4	344.9	4283.0	n/a	n/a	n/a	n/a
111.969	0.024	saccade	n/a	383.1	344.9	n/a	443.6	342.5	2.08	119.0
111.995	0.098	fixation	n/a	444.7	343.5	4284.0	n/a	n/a	n/a	n/a
112.095	0.256	saccade	n/a	447.6	345.3	n/a	472.9	337.6	0.91	1301.0
112.131	0.088	blink	n/a	n/a	n/a	n/a	n/a	n/a	n/a	n/a
112.353	0.14	fixation	n/a	460.5	335.8	4173.0	n/a	n/a	n/a	n/a
112.495	0.056	saccade	n/a	460.0	348.8	n/a	203.9	350.4	8.8	285.0
112.553	0.226	fixation	n/a	204.7	354.7	4101.0	n/a	n/a	n/a	n/a
112.781	0.028	saccade	n/a	194.3	353.0	n/a	274.7	346.8	2.77	156.0
112.811	0.164	fixation	n/a	277.1	348.6	4040.0	n/a	n/a	n/a	n/a
112.977	0.028	saccade	n/a	278.7	350.1	n/a	362.2	349.4	2.88	158.0
113.007	0.166	fixation	n/a	366.9	348.6	4072.0	n/a	n/a	n/a	n/a
113.175	0.022	saccade	n/a	368.3	347.3	n/a	414.1	346.0	1.58	97.0
113.199	0.324	fixation	n/a	413.7	345.3	4065.0	n/a	n/a	n/a	n/a
113.525	0.024	saccade	n/a	406.4	344.6	n/a	457.3	343.6	1.75	104.0
113.551	0.138	fixation	n/a	460.4	344.7	4065.0	n/a	n/a	n/a	n/a
113.691	0.25	saccade	n/a	463.5	346.8	n/a	477.7	326.1	0.87	1210.0
113.725	0.148	blink	n/a	n/a	n/a	n/a	n/a	n/a	n/a	n/a
113.943	0.368	fixation	n/a	464.2	337.2	3912.0	n/a	n/a	n/a	n/a
114.313	0.038	saccade	n/a	466.9	339.7	n/a	606.8	293.3	5.03	192.0
114.353	0.24	fixation	n/a	614.1	284.9	3678.0	n/a	n/a	n/a	n/a
114.595	0.072	saccade	n/a	615.1	280.4	n/a	149.2	338.4	15.92	348.0
114.669	0.19	fixation	n/a	153.9	339.9	3658.0	n/a	n/a	n/a	n/a
114.861	0.02	saccade	n/a	152.3	339.5	n/a	119.7	338.1	1.11	77.0
114.883	0.124	fixation	n/a	121.4	339.4	3658.0	n/a	n/a	n/a	n/a
115.009	0.036	saccade	n/a	121.7	339.2	n/a	250.2	339.2	4.39	209.0
115.047	0.18	fixation	n/a	254.9	337.5	3702.0	n/a	n/a	n/a	n/a
115.229	0.226	saccade	n/a	250.0	330.9	n/a	192.9	189.3	5.3	1098.0
115.267	0.104	blink	n/a	n/a	n/a	n/a	n/a	n/a	n/a	n/a
115.457	0.396	fixation	n/a	190.9	174.9	3909.0	n/a	n/a	n/a	n/a
115.604	0.0	trigger_11	11	n/a	n/a	n/a	n/a	n/a	n/a	n/a
115.71	0.0	trigger_10	10	n/a	n/a	n/a	n/a	n/a	n/a	n/a
115.855	0.024	saccade	n/a	189.0	178.0	n/a	139.1	148.6	1.97	124.0
115.881	0.178	fixation	n/a	138.1	147.1	3912.0	n/a	n/a	n/a	n/a
116.061	0.024	saccade	n/a	140.3	146.6	n/a	197.3	143.9	1.93	112.0
116.087	0.118	fixation	n/a	199.9	148.1	4010.0	n/a	n/a	n/a	n/a
116.207	0.026	saccade	n/a	204.1	153.5	n/a	278.8	143.7	2.58	150.0
116.235	0.186	fixation	n/a	277.6	142.0	4062.0	n/a	n/a	n/a	n/a
116.423	0.024	saccade	n/a	280.1	142.7	n/a	348.4	143.6	2.34	137.0
116.449	0.172	fixation	n/a	351.9	143.1	4017.0	n/a	n/a	n/a	n/a
116.623	0.036	saccade	n/a	352.4	142.0	n/a	475.8	139.2	4.23	188.0
116.661	0.132	fixation	n/a	477.5	138.9	4018.0	n/a	n/a	n/a	n/a
116.795	0.018	saccade	n/a	473.7	137.7	n/a	444.4	137.8	1.0	72.0
116.815	0.092	fixation	n/a	449.6	142.4	4051.0	n/a	n/a	n/a	n/a
116.909	0.028	saccade	n/a	452.2	143.3	n/a	537.4	139.2	2.9	156.0
116.939	0.13	fixation	n/a	538.3	138.2	4060.0	n/a	n/a	n/a	n/a
117.071	0.066	saccade	n/a	538.8	137.2	n/a	103.9	198.7	14.82	373.0
117.139	0.228	fixation	n/a	117.6	208.4	4124.0	n/a	n/a	n/a	n/a
117.369	0.024	saccade	n/a	121.7	209.8	n/a	178.6	208.7	1.93	111.0
117.395	0.204	fixation	n/a	179.6	212.9	4224.0	n/a	n/a	n/a	n/a
117.601	0.03	saccade	n/a	177.9	212.5	n/a	260.7	213.9	2.83	159.0
117.633	0.038	fixation	n/a	259.4	215.0	4295.0	n/a	n/a	n/a	n/a
117.673	0.182	saccade	n/a	263.2	217.2	n/a	272.8	194.3	0.86	1370.0
117.707	0.074	blink	n/a	n/a	n/a	n/a	n/a	n/a	n/a	n/a
117.857	0.114	fixation	n/a	270.9	207.8	4332.0	n/a	n/a	n/a	n/a
117.973	0.028	saccade	n/a	273.9	217.3	n/a	356.0	221.5	2.83	142.0
118.003	0.264	fixation	n/a	353.5	219.4	4305.0	n/a	n/a	n/a	n/a
118.269	0.03	saccade	n/a	355.9	222.1	n/a	442.9	217.6	3.0	150.0
118.301	0.24	fixation	n/a	442.8	214.9	4208.0	n/a	n/a	n/a	n/a
118.543	0.026	saccade	n/a	445.3	215.4	n/a	518.0	216.3	2.49	139.0
118.571	0.214	fixation	n/a	518.8	217.8	4276.0	n/a	n/a	n/a	n/a
118.787	0.026	saccade	n/a	520.5	216.9	n/a	578.5	215.1	1.97	127.0
118.815	0.14	fixation	n/a	575.2	217.9	4316.0	n/a	n/a	n/a	n/a
118.957	0.068	saccade	n/a	576.5	218.6	n/a	146.1	274.9	14.74	367.0
119.027	0.142	fixation	n/a	153.2	278.0	4422.0	n/a	n/a	n/a	n/a
119.171	0.02	saccade	n/a	150.8	277.8	n/a	114.9	285.4	1.25	94.0
119.193	0.144	fixation	n/a	119.8	287.3	4441.0	n/a	n/a	n/a	n/a
119.339	0.034	saccade	n/a	119.6	287.1	n/a	238.5	281.9	4.06	208.0
119.375	0.172	fixation	n/a	237.1	281.0	4473.0	n/a	n/a	n/a	n/a
119.549	0.03	saccade	n/a	238.5	282.0	n/a	325.1	281.4	2.99	167.0
119.581	0.194	fixation	n/a	321.7	276.4	4498.0	n/a	n/a	n/a	n/a
119.777	0.028	saccade	n/a	322.8	275.9	n/a	409.8	272.8	3.0	168.0
119.807	0.278	fixation	n/a	411.5	274.2	4502.0	n/a	n/a	n/a	n/a
120.087	0.17	saccade	n/a	413.2	272.3	n/a	488.8	264.1	2.61	1364.0
120.125	0.082	blink	n/a	n/a	n/a	n/a	n/a	n/a	n/a	n/a
120.259	0.158	fixation	n/a	486.0	284.1	4439.0	n/a	n/a	n/a	n/a
120.419	0.028	saccade	n/a	486.9	286.0	n/a	570.3	288.2	2.84	152.0
120.449	0.206	fixation	n/a	566.6	291.3	4441.0	n/a	n/a	n/a	n/a
120.657	0.024	saccade	n/a	568.8	290.4	n/a	622.5	288.6	1.81	118.0
120.683	0.116	fixation	n/a	622.6	290.4	4321.0	n/a	n/a	n/a	n/a
120.801	0.07	saccade	n/a	623.1	293.2	n/a	152.4	348.4	16.07	377.0
120.873	0.144	fixation	n/a	155.1	351.8	4442.0	n/a	n/a	n/a	n/a
121.019	0.02	saccade	n/a	155.3	355.2	n/a	118.6	355.8	1.25	94.0
121.041	0.094	fixation	n/a	124.6	357.6	4492.0	n/a	n/a	n/a	n/a
121.137	0.198	saccade	n/a	124.5	357.5	n/a	139.7	341.7	0.75	849.0
121.161	0.09	blink	n/a	n/a	n/a	n/a	n/a	n/a	n/a	n/a
121.337	0.254	fixation	n/a	140.9	340.5	4554.0	n/a	n/a	n/a	n/a
121.593	0.022	saccade	n/a	147.0	349.3	n/a	188.5	344.4	1.42	92.0
121.617	0.364	fixation	n/a	185.7	345.7	4557.0	n/a	n/a	n/a	n/a
121.983	0.206	saccade	n/a	181.1	340.8	n/a	190.6	163.7	6.15	854.0
122.067	0.024	blink	n/a	n/a	n/a	n/a	n/a	n/a	n/a	n/a
122.191	0.232	fixation	n/a	188.0	166.3	4526.0	n/a	n/a	n/a	n/a
122.425	0.026	saccade	n/a	192.8	169.2	n/a	263.6	153.1	2.48	133.0
122.453	0.294	fixation	n/a	261.6	152.8	4379.0	n/a	n/a	n/a	n/a
122.5	0.0	trigger_11	11	n/a	n/a	n/a	n/a	n/a	n/a	n/a
122.604	0.0	trigger_10	10	n/a	n/a	n/a	n/a	n/a	n/a	n/a
122.749	0.03	saccade	n/a	256.3	149.4	n/a	158.0	151.3	3.35	182.0
122.781	0.144	fixation	n/a	159.2	154.0	4413.0	n/a	n/a	n/a	n/a
122.927	0.02	saccade	n/a	158.2	157.2	n/a	123.3	162.2	1.19	85.0
122.949	0.18	fixation	n/a	128.4	164.0	4415.0	n/a	n/a	n/a	n/a
123.131	0.026	saccade	n/a	129.5	158.9	n/a	209.0	153.8	2.7	152.0
123.159	0.212	fixation	n/a	213.1	154.6	4393.0	n/a	n/a	n/a	n/a
123.373	0.028	saccade	n/a	214.8	153.9	n/a	288.9	152.3	2.54	152.0
123.403	0.158	fixation	n/a	285.9	149.1	4436.0	n/a	n/a	n/a	n/a
123.563	0.03	saccade	n/a	284.5	152.7	n/a	205.2	158.3	2.72	169.0
123.595	0.262	fixation	n/a	210.7	161.2	4488.0	n/a	n/a	n/a	n/a
123.859	0.034	saccade	n/a	212.2	164.9	n/a	327.0	157.9	3.94	199.0
123.895	0.136	fixation	n/a	326.2	154.7	4524.0	n/a	n/a	n/a	n/a
124.033	0.126	saccade	n/a	327.6	158.4	n/a	392.5	137.5	2.34	1421.0
124.069	0.016	blink	n/a	n/a	n/a	n/a	n/a	n/a	n/a	n/a
124.161	0.182	fixation	n/a	391.2	154.2	4514.0	n/a	n/a	n/a	n/a
124.345	0.03	saccade	n/a	389.8	152.0	n/a	473.3	157.6	2.86	162.0
124.377	0.192	fixation	n/a	473.3	158.2	4515.0	n/a	n/a	n/a	n/a
124.571	0.024	saccade	n/a	477.0	158.8	n/a	543.1	155.5	2.26	125.0
124.597	0.166	fixation	n/a	546.4	153.3	4409.0	n/a	n/a	n/a	n/a
124.765	0.02	saccade	n/a	551.5	150.6	n/a	590.7	150.2	1.32	87.0
124.787	0.144	fixation	n/a	591.9	151.0	4367.0	n/a	n/a	n/a	n/a
124.933	0.07	saccade	n/a	591.6	151.3	n/a	125.9	204.4	15.84	373.0
125.005	0.272	fixation	n/a	130.2	209.8	4447.0	n/a	n/a	n/a	n/a
125.279	0.058	saccade	n/a	134.9	212.4	n/a	525.4	155.5	13.38	355.0
125.339	0.236	fixation	n/a	533.2	154.3	4587.0	n/a	n/a	n/a	n/a
125.577	0.022	saccade	n/a	533.8	156.7	n/a	587.1	152.1	1.81	114.0
125.601	0.228	fixation	n/a	583.0	149.2	4541.0	n/a	n/a	n/a	n/a
125.831	0.138	saccade	n/a	586.2	141.5	n/a	547.6	134.4	1.33	924.0
125.971	0.124	fixation	n/a	541.2	147.5	4525.0	n/a	n/a	n/a	n/a
126.097	0.024	saccade	n/a	542.2	157.5	n/a	591.6	164.4	1.69	108.0
126.123	0.144	fixation	n/a	591.0	166.5	4496.0	n/a	n/a	n/a	n/a
126.269	0.076	saccade	n/a	591.7	169.0	n/a	123.4	235.5	15.99	326.0
126.347	0.22	fixation	n/a	119.6	240.5	4490.0	n/a	n/a	n/a	n/a
126.569	0.024	saccade	n/a	126.6	243.3	n/a	191.5	230.6	2.25	132.0
126.595	0.118	fixation	n/a	192.5	230.0	4468.0	n/a	n/a	n/a	n/a
126.715	0.218	saccade	n/a	195.1	232.5	n/a	202.5	188.8	1.54	1226.0
126.759	0.088	blink	n/a	n/a	n/a	n/a	n/a	n/a	n/a	n/a
126.935	0.142	fixation	n/a	200.0	186.7	4326.0	n/a	n/a	n/a	n/a
127.079	0.026	saccade	n/a	199.5	192.0	n/a	267.8	156.2	2.64	136.0
127.107	0.184	fixation	n/a	278.0	154.0	4251.0	n/a	n/a	n/a	n/a
127.293	0.032	saccade	n/a	280.3	156.6	n/a	388.6	153.9	3.72	174.0
127.327	0.198	fixation	n/a	392.5	153.0	4073.0	n/a	n/a	n/a	n/a
127.527	0.044	saccade	n/a	393.4	154.6	n/a	187.4	168.3	7.07	269.0
127.573	0.26	fixation	n/a	191.4	170.9	4057.0	n/a	n/a	n/a	n/a
127.835	0.022	saccade	n/a	195.6	167.4	n/a	244.9	150.9	1.78	106.0
127.859	0.466	fixation	n/a	247.8	155.6	4106.0	n/a	n/a	n/a	n/a
128.068	0.0	trigger_11	11	n/a	n/a	n/a	n/a	n/a	n/a	n/a
128.172	0.0	trigger_12	12	n/a	n/a	n/a	n/a	n/a	n/a	n/a
128.327	0.028	saccade	n/a	243.0	152.6	n/a	147.8	153.1	3.24	160.0
128.357	0.23	fixation	n/a	143.1	155.7	4185.0	n/a	n/a	n/a	n/a
128.589	0.258	saccade	n/a	145.9	159.0	n/a	210.9	143.1	2.27	1316.0
128.661	0.07	blink	n/a	n/a	n/a	n/a	n/a	n/a	n/a	n/a
128.849	0.196	fixation	n/a	221.8	147.1	4086.0	n/a	n/a	n/a	n/a
129.047	0.026	saccade	n/a	227.9	141.6	n/a	299.7	142.2	2.45	142.0
129.075	0.176	fixation	n/a	299.2	143.0	4038.0	n/a	n/a	n/a	n/a
129.253	0.026	saccade	n/a	298.4	143.8	n/a	364.3	145.7	2.27	130.0
129.281	0.208	fixation	n/a	368.0	141.9	3976.0	n/a	n/a	n/a	n/a
129.491	0.034	saccade	n/a	371.0	138.9	n/a	485.6	137.6	3.92	177.0
129.527	0.174	fixation	n/a	489.5	138.8	4043.0	n/a	n/a	n/a	n/a
129.703	0.194	saccade	n/a	486.6	143.9	n/a	557.1	111.6	2.64	1310.0
129.755	0.06	blink	n/a	n/a	n/a	n/a	n/a	n/a	n/a	n/a
129.899	0.136	fixation	n/a	550.9	140.4	4045.0	n/a	n/a	n/a	n/a
130.037	0.024	saccade	n/a	553.3	145.3	n/a	613.8	143.8	2.04	117.0
130.063	0.204	fixation	n/a	616.9	144.3	4044.0	n/a	n/a	n/a	n/a
130.269	0.028	saccade	n/a	614.0	142.7	n/a	529.5	141.4	2.85	155.0
130.299	0.234	fixation	n/a	536.1	142.4	3998.0	n/a	n/a	n/a	n/a
130.535	0.024	saccade	n/a	538.9	139.4	n/a	604.5	136.5	2.21	130.0
130.561	0.166	fixation	n/a	605.4	134.6	4009.0	n/a	n/a	n/a	n/a
130.729	0.018	saccade	n/a	607.9	139.8	n/a	639.4	141.0	1.05	72.0
130.749	0.342	fixation	n/a	640.2	140.2	4002.0	n/a	n/a	n/a	n/a
131.093	0.166	saccade	n/a	643.8	152.0	n/a	634.7	110.6	1.44	2624.0
131.129	0.048	blink	n/a	n/a	n/a	n/a	n/a	n/a	n/a	n/a
131.261	0.452	fixation	n/a	624.8	146.1	4162.0	n/a	n/a	n/a	n/a
131.715	0.074	saccade	n/a	619.7	145.2	n/a	143.2	195.5	16.14	357.0
131.791	0.124	fixation	n/a	148.7	199.5	4311.0	n/a	n/a	n/a	n/a
131.917	0.022	saccade	n/a	148.9	201.8	n/a	115.1	210.0	1.18	95.0
131.941	0.206	fixation	n/a	120.7	211.7	4396.0	n/a	n/a	n/a	n/a
132.149	0.028	saccade	n/a	127.2	215.0	n/a	209.6	215.6	2.81	158.0
132.179	0.284	fixation	n/a	204.4	216.0	4392.0	n/a	n/a	n/a	n/a
132.465	0.018	saccade	n/a	208.0	215.9	n/a	240.0	216.1	1.1	78.0
132.485	0.142	fixation	n/a	240.9	216.6	4271.0	n/a	n/a	n/a	n/a
132.629	0.02	saccade	n/a	238.6	215.9	n/a	202.1	213.3	1.26	93.0
132.651	0.746	fixation	n/a	218.6	214.4	4185.0	n/a	n/a	n/a	n/a
133.399	0.024	saccade	n/a	239.1	215.4	n/a	303.0	213.4	2.2	133.0
133.425	0.19	fixation	n/a	308.3	212.0	4210.0	n/a	n/a	n/a	n/a
133.617	0.026	saccade	n/a	311.4	212.7	n/a	384.8	208.7	2.53	137.0
133.645	0.302	fixation	n/a	387.4	207.1	4226.0	n/a	n/a	n/a	n/a
133.949	0.14	saccade	n/a	380.2	200.6	n/a	323.5	212.0	1.99	624.0
134.091	0.448	fixation	n/a	316.0	204.8	4161.0	n/a	n/a	n/a	n/a
134.541	0.028	saccade	n/a	314.4	208.0	n/a	225.6	208.6	3.05	161.0
134.571	0.21	fixation	n/a	229.4	212.0	4115.0	n/a	n/a	n/a	n/a
134.783	0.178	saccade	n/a	232.6	214.2	n/a	216.9	210.4	0.55	1305.0
134.821	0.062	blink	n/a	n/a	n/a	n/a	n/a	n/a	n/a	n/a
134.963	0.49	fixation	n/a	225.9	206.9	4072.0	n/a	n/a	n/a	n/a
135.455	0.026	saccade	n/a	238.6	210.1	n/a	317.9	216.5	2.73	157.0
135.483	0.234	fixation	n/a	324.2	219.0	4005.0	n/a	n/a	n/a	n/a
135.719	0.026	saccade	n/a	328.2	222.3	n/a	407.2	213.3	2.74	148.0
135.747	0.198	fixation	n/a	413.5	207.7	3983.0	n/a	n/a	n/a	n/a
135.947	0.026	saccade	n/a	416.3	205.9	n/a	479.1	205.8	2.15	117.0
135.975	0.19	fixation	n/a	484.5	205.4	3915.0	n/a	n/a	n/a	n/a
136.167	0.028	saccade	n/a	487.4	205.0	n/a	570.0	204.7	2.81	148.0
136.197	0.194	fixation	n/a	574.0	202.2	3831.0	n/a	n/a	n/a	n/a
136.393	0.02	saccade	n/a	579.1	200.7	n/a	623.0	200.3	1.48	95.0
136.415	0.158	fixation	n/a	627.3	201.4	3784.0	n/a	n/a	n/a	n/a
136.575	0.072	saccade	n/a	627.1	202.8	n/a	151.9	261.5	16.21	359.0
136.649	0.458	fixation	n/a	162.2	271.3	3764.0	n/a	n/a	n/a	n/a
137.109	0.026	saccade	n/a	172.0	268.5	n/a	240.1	265.6	2.33	118.0
137.137	0.172	fixation	n/a	248.7	264.8	3646.0	n/a	n/a	n/a	n/a
137.311	0.024	saccade	n/a	252.8	264.6	n/a	309.4	263.0	1.95	110.0
137.337	0.176	fixation	n/a	316.1	260.4	3598.0	n/a	n/a	n/a	n/a
137.515	0.028	saccade	n/a	317.3	256.6	n/a	401.4	256.1	2.89	137.0
137.545	0.284	fixation	n/a	413.6	261.9	3522.0	n/a	n/a	n/a	n/a
137.831	0.026	saccade	n/a	417.6	258.1	n/a	479.1	258.8	2.11	107.0
137.859	0.174	fixation	n/a	487.4	260.1	3422.0	n/a	n/a	n/a	n/a
138.035	0.272	saccade	n/a	492.2	261.7	n/a	574.1	214.5	3.24	814.0
138.105	0.122	blink	n/a	n/a	n/a	n/a	n/a	n/a	n/a	n/a
138.309	0.62	fixation	n/a	554.6	250.4	3245.0	n/a	n/a	n/a	n/a
138.931	0.266	saccade	n/a	561.6	242.9	n/a	435.9	62.0	7.54	592.0
138.985	0.138	blink	n/a	n/a	n/a	n/a	n/a	n/a	n/a	n/a
139.199	0.024	fixation	n/a	430.3	71.2	3257.0	n/a	n/a	n/a	n/a
139.225	0.034	saccade	n/a	418.9	82.2	n/a	321.1	99.9	3.4	115.0
139.261	0.098	fixation	n/a	282.2	108.2	3239.0	n/a	n/a	n/a	n/a
139.361	0.028	saccade	n/a	277.0	110.8	n/a	198.6	127.4	2.73	143.0
139.391	0.222	fixation	n/a	194.2	132.0	3332.0	n/a	n/a	n/a	n/a
139.615	0.026	saccade	n/a	197.1	134.9	n/a	261.8	122.0	2.25	125.0
139.643	0.166	fixation	n/a	268.7	122.2	3344.0	n/a	n/a	n/a	n/a
139.811	0.03	saccade	n/a	271.5	126.3	n/a	372.9	124.1	3.48	163.0
139.843	0.254	fixation	n/a	376.8	118.8	3464.0	n/a	n/a	n/a	n/a
140.099	0.036	saccade	n/a	377.0	119.8	n/a	507.5	117.7	4.45	178.0
140.137	0.422	fixation	n/a	508.7	119.6	3570.0	n/a	n/a	n/a	n/a
140.358	0.0	trigger_13	13	n/a	n/a	n/a	n/a	n/a	n/a	n/a
140.561	0.06	saccade	n/a	504.7	123.4	n/a	169.0	174.7	11.55	330.0
140.623	0.128	fixation	n/a	176.3	177.6	3803.0	n/a	n/a	n/a	n/a
140.753	0.024	saccade	n/a	177.9	178.3	n/a	144.0	143.3	1.67	116.0
140.779	0.186	fixation	n/a	145.9	147.2	3896.0	n/a	n/a	n/a	n/a
140.967	0.03	saccade	n/a	144.4	150.1	n/a	220.4	139.9	2.6	165.0
140.999	0.364	fixation	n/a	218.4	141.5	4022.0	n/a	n/a	n/a	n/a
141.365	0.024	saccade	n/a	218.6	140.1	n/a	276.5	136.5	1.98	129.0
141.391	0.236	fixation	n/a	274.4	139.4	4239.0	n/a	n/a	n/a	n/a
141.629	0.032	saccade	n/a	273.8	138.4	n/a	174.9	193.4	3.87	196.0
141.663	0.16	fixation	n/a	179.4	192.0	4432.0	n/a	n/a	n/a	n/a
141.825	0.016	saccade	n/a	177.7	196.2	n/a	151.3	204.9	0.95	76.0
141.843	0.192	fixation	n/a	156.8	201.7	4585.0	n/a	n/a	n/a	n/a
142.037	0.024	saccade	n/a	157.1	204.6	n/a	152.2	253.0	1.69	110.0
142.063	0.382	fixation	n/a	155.2	260.1	4759.0	n/a	n/a	n/a	n/a
142.447	0.026	saccade	n/a	151.5	271.7	n/a	149.0	336.0	2.24	136.0
142.475	0.194	fixation	n/a	154.5	332.2	4906.0	n/a	n/a	n/a	n/a
142.671	0.036	saccade	n/a	156.3	332.3	n/a	164.1	204.1	4.46	230.0
142.709	0.244	fixation	n/a	169.8	211.4	4978.0	n/a	n/a	n/a	n/a
142.955	0.024	saccade	n/a	171.6	212.5	n/a	233.1	209.6	2.11	139.0
142.981	0.266	fixation	n/a	229.9	209.5	5000.0	n/a	n/a	n/a	n/a
143.249	0.018	saccade	n/a	227.0	208.7	n/a	196.8	209.1	1.04	79.0
143.269	0.136	fixation	n/a	200.9	211.0	5063.0	n/a	n/a	n/a	n/a
143.407	0.028	saccade	n/a	198.4	208.7	n/a	158.7	265.9	2.4	156.0
143.437	0.176	fixation	n/a	165.8	264.1	5130.0	n/a	n/a	n/a	n/a
143.615	0.024	saccade	n/a	166.5	264.1	n/a	229.9	266.9	2.17	139.0
143.641	0.134	fixation	n/a	224.5	267.7	5214.0	n/a	n/a	n/a	n/a
143.777	0.132	saccade	n/a	226.1	271.4	n/a	185.9	185.2	3.31	1402.0
143.813	0.03	blink	n/a	n/a	n/a	n/a	n/a	n/a	n/a	n/a
143.911	0.164	fixation	n/a	181.8	205.4	5259.0	n/a	n/a	n/a	n/a
144.077	0.02	saccade	n/a	177.9	213.2	n/a	145.1	219.1	1.14	82.0
144.099	0.32	fixation	n/a	147.3	220.0	5239.0	n/a	n/a	n/a	n/a
144.421	0.03	saccade	n/a	142.0	218.1	n/a	219.9	220.7	2.66	166.0
144.453	0.12	fixation	n/a	219.6	222.4	5282.0	n/a	n/a	n/a	n/a
144.575	0.034	saccade	n/a	222.2	223.3	n/a	154.6	332.3	4.46	256.0
144.611	0.276	fixation	n/a	165.6	340.8	5315.0	n/a	n/a	n/a	n/a
144.889	0.028	saccade	n/a	172.0	341.0	n/a	239.9	330.9	2.37	156.0
144.919	0.436	fixation	n/a	233.7	333.8	5178.0	n/a	n/a	n/a	n/a
145.15	0.0	trigger_15	15	n/a	n/a	n/a	n/a	n/a	n/a	n/a
145.204	0.0	trigger_10	10	n/a	n/a	n/a	n/a	n/a	n/a	n/a
145.357	0.038	saccade	n/a	232.9	338.9	n/a	210.3	189.1	5.3	242.0
145.397	0.1	fixation	n/a	210.5	185.4	4937.0	n/a	n/a	n/a	n/a
145.499	0.026	saccade	n/a	209.7	183.9	n/a	149.0	169.1	2.13	139.0
145.527	0.214	fixation	n/a	155.9	169.9	4990.0	n/a	n/a	n/a	n/a
145.743	0.028	saccade	n/a	157.7	168.1	n/a	229.5	162.8	2.46	149.0
145.773	0.136	fixation	n/a	225.9	164.0	5009.0	n/a	n/a	n/a	n/a
145.911	0.014	saccade	n/a	223.1	167.1	n/a	202.8	169.4	0.7	58.0
145.927	0.214	fixation	n/a	203.9	163.3	4982.0	n/a	n/a	n/a	n/a
146.143	0.028	saccade	n/a	198.6	161.9	n/a	132.7	163.3	2.24	145.0
146.173	0.126	fixation	n/a	140.1	167.0	4919.0	n/a	n/a	n/a	n/a
146.301	0.154	saccade	n/a	141.5	167.0	n/a	255.3	133.3	4.06	1458.0
146.341	0.034	blink	n/a	n/a	n/a	n/a	n/a	n/a	n/a	n/a
146.457	0.128	fixation	n/a	254.0	157.7	4932.0	n/a	n/a	n/a	n/a
146.587	0.016	saccade	n/a	250.2	163.2	n/a	230.1	168.1	0.71	54.0
146.605	0.152	fixation	n/a	231.1	167.3	4912.0	n/a	n/a	n/a	n/a
146.759	0.034	saccade	n/a	232.3	168.8	n/a	353.1	166.0	4.15	210.0
146.795	0.244	fixation	n/a	357.6	168.5	4791.0	n/a	n/a	n/a	n/a
147.041	0.026	saccade	n/a	362.0	167.2	n/a	425.4	168.3	2.18	136.0
147.069	0.154	fixation	n/a	422.6	167.2	4781.0	n/a	n/a	n/a	n/a
147.225	0.03	saccade	n/a	421.2	168.4	n/a	338.4	172.9	2.85	166.0
147.257	0.144	fixation	n/a	344.5	173.4	4728.0	n/a	n/a	n/a	n/a
147.403	0.16	saccade	n/a	344.4	176.2	n/a	399.9	129.6	2.5	1426.0
147.441	0.042	blink	n/a	n/a	n/a	n/a	n/a	n/a	n/a	n/a
147.565	0.208	fixation	n/a	403.2	159.8	4706.0	n/a	n/a	n/a	n/a
147.775	0.016	saccade	n/a	402.2	165.1	n/a	379.1	171.7	0.83	62.0
147.793	0.17	fixation	n/a	380.7	170.1	4694.0	n/a	n/a	n/a	n/a
147.965	0.03	saccade	n/a	382.1	168.7	n/a	470.9	165.1	3.05	162.0
147.997	0.206	fixation	n/a	472.7	164.6	4557.0	n/a	n/a	n/a	n/a
148.205	0.164	saccade	n/a	475.4	166.7	n/a	586.6	127.7	4.02	1459.0
148.241	0.042	blink	n/a	n/a	n/a	n/a	n/a	n/a	n/a	n/a
148.371	0.19	fixation	n/a	580.7	157.7	4550.0	n/a	n/a	n/a	n/a
148.563	0.022	saccade	n/a	584.0	164.8	n/a	632.5	165.4	1.64	105.0
148.587	0.376	fixation	n/a	627.3	160.7	4540.0	n/a	n/a	n/a	n/a
148.965	0.072	saccade	n/a	622.8	159.8	n/a	169.1	218.1	15.49	358.0
149.039	0.122	fixation	n/a	173.1	219.8	4735.0	n/a	n/a	n/a	n/a
149.163	0.02	saccade	n/a	172.1	221.6	n/a	130.9	225.2	1.41	100.0
149.185	0.118	fixation	n/a	133.2	226.1	4786.0	n/a	n/a	n/a	n/a
149.305	0.032	saccade	n/a	134.0	228.2	n/a	243.4	222.4	3.75	219.0
149.339	0.158	fixation	n/a	240.5	221.5	4888.0	n/a	n/a	n/a	n/a
149.499	0.036	saccade	n/a	239.2	222.2	n/a	369.6	221.6	4.5	241.0
149.537	0.244	fixation	n/a	367.3	224.5	4995.0	n/a	n/a	n/a	n/a
149.783	0.032	saccade	n/a	363.6	227.0	n/a	463.9	230.7	3.47	188.0
149.817	0.21	fixation	n/a	461.3	229.8	5076.0	n/a	n/a	n/a	n/a
150.029	0.022	saccade	n/a	465.5	232.1	n/a	508.8	231.7	1.49	93.0
150.053	0.18	fixation	n/a	508.2	227.9	5046.0	n/a	n/a	n/a	n/a
150.235	0.024	saccade	n/a	510.0	224.4	n/a	560.9	219.6	1.75	106.0
150.261	0.146	fixation	n/a	557.0	219.4	5029.0	n/a	n/a	n/a	n/a
150.409	0.03	saccade	n/a	558.0	222.3	n/a	634.7	230.2	2.61	145.0
150.441	0.18	fixation	n/a	630.4	228.0	4953.0	n/a	n/a	n/a	n/a
150.623	0.018	saccade	n/a	634.6	228.8	n/a	663.4	226.8	0.97	74.0
150.643	0.05	fixation	n/a	661.3	226.2	4931.0	n/a	n/a	n/a	n/a
150.695	0.078	saccade	n/a	660.5	228.7	n/a	130.9	297.2	18.05	390.0
150.775	0.152	fixation	n/a	134.9	302.0	4938.0	n/a	n/a	n/a	n/a
150.929	0.014	saccade	n/a	131.0	298.6	n/a	111.7	295.6	0.66	54.0
150.945	0.078	fixation	n/a	115.9	295.8	4955.0	n/a	n/a	n/a	n/a
151.025	0.032	saccade	n/a	119.3	296.1	n/a	219.1	288.2	3.43	200.0
151.059	0.228	fixation	n/a	218.0	289.2	4940.0	n/a	n/a	n/a	n/a
151.289	0.216	saccade	n/a	218.0	288.8	n/a	171.2	165.2	4.59	1260.0
151.329	0.102	blink	n/a	n/a	n/a	n/a	n/a	n/a	n/a	n/a
151.507	0.09	fixation	n/a	173.6	178.8	4918.0	n/a	n/a	n/a	n/a
151.599	0.026	saccade	n/a	178.4	187.2	n/a	120.0	181.0	2.0	134.0
151.627	0.7	fixation	n/a	129.0	182.8	4735.0	n/a	n/a	n/a	n/a
151.894	0.0	trigger_11	11	n/a	n/a	n/a	n/a	n/a	n/a	n/a
151.998	0.0	trigger_10	10	n/a	n/a	n/a	n/a	n/a	n/a	n/a
152.329	0.028	saccade	n/a	120.7	181.0	n/a	199.1	174.3	2.68	156.0
152.359	0.184	fixation	n/a	196.7	176.6	4788.0	n/a	n/a	n/a	n/a
152.545	0.028	saccade	n/a	195.9	173.7	n/a	269.3	166.7	2.53	149.0
152.575	0.194	fixation	n/a	269.4	167.9	4760.0	n/a	n/a	n/a	n/a
152.771	0.022	saccade	n/a	271.2	171.7	n/a	318.3	175.1	1.63	107.0
152.795	0.162	fixation	n/a	317.5	175.1	4749.0	n/a	n/a	n/a	n/a
152.959	0.03	saccade	n/a	317.2	172.1	n/a	412.5	169.2	3.28	183.0
152.991	0.144	fixation	n/a	415.9	170.2	4733.0	n/a	n/a	n/a	n/a
153.137	0.042	saccade	n/a	418.5	171.3	n/a	243.0	174.4	6.02	280.0
153.181	0.144	fixation	n/a	251.1	173.9	4779.0	n/a	n/a	n/a	n/a
153.327	0.02	saccade	n/a	248.9	179.0	n/a	212.1	180.2	1.26	92.0
153.349	0.142	fixation	n/a	217.5	181.6	4772.0	n/a	n/a	n/a	n/a
153.493	0.028	saccade	n/a	220.5	180.9	n/a	293.8	180.2	2.51	158.0
153.523	0.166	fixation	n/a	294.3	177.1	4801.0	n/a	n/a	n/a	n/a
153.691	0.162	saccade	n/a	295.2	175.6	n/a	386.3	142.2	3.34	1513.0
153.729	0.034	blink	n/a	n/a	n/a	n/a	n/a	n/a	n/a	n/a
153.855	0.164	fixation	n/a	391.0	165.6	4852.0	n/a	n/a	n/a	n/a
154.021	0.022	saccade	n/a	396.3	170.0	n/a	441.6	170.6	1.55	99.0
154.045	0.132	fixation	n/a	441.9	171.2	4819.0	n/a	n/a	n/a	n/a
154.179	0.046	saccade	n/a	443.7	175.8	n/a	207.4	172.3	8.09	313.0
154.227	0.146	fixation	n/a	212.6	176.0	4691.0	n/a	n/a	n/a	n/a
154.375	0.026	saccade	n/a	212.5	175.9	n/a	159.0	172.5	1.82	130.0
154.403	0.254	fixation	n/a	164.1	171.4	4712.0	n/a	n/a	n/a	n/a
154.659	0.026	saccade	n/a	166.8	170.0	n/a	232.7	165.8	2.25	135.0
154.687	0.054	fixation	n/a	232.6	165.8	4775.0	n/a	n/a	n/a	n/a
154.743	0.178	saccade	n/a	234.9	168.3	n/a	288.2	142.3	2.04	1526.0
154.783	0.052	blink	n/a	n/a	n/a	n/a	n/a	n/a	n/a	n/a
154.923	0.246	fixation	n/a	281.5	165.3	4735.0	n/a	n/a	n/a	n/a
155.171	0.03	saccade	n/a	279.3	169.7	n/a	358.1	153.6	2.77	163.0
155.203	0.16	fixation	n/a	355.7	159.8	4614.0	n/a	n/a	n/a	n/a
155.365	0.024	saccade	n/a	358.8	163.9	n/a	417.4	164.6	2.01	122.0
155.391	0.242	fixation	n/a	414.4	163.1	4523.0	n/a	n/a	n/a	n/a
155.635	0.024	saccade	n/a	415.0	162.3	n/a	476.8	164.8	2.12	118.0
155.661	0.098	fixation	n/a	476.8	160.7	4512.0	n/a	n/a	n/a	n/a
155.761	0.166	saccade	n/a	475.8	160.4	n/a	490.9	127.4	1.25	1384.0
155.795	0.058	blink	n/a	n/a	n/a	n/a	n/a	n/a	n/a	n/a
155.929	0.098	fixation	n/a	490.6	151.1	4569.0	n/a	n/a	n/a	n/a
156.029	0.028	saccade	n/a	493.0	159.6	n/a	566.6	157.0	2.5	144.0
156.059	0.254	fixation	n/a	562.4	152.5	4512.0	n/a	n/a	n/a	n/a
156.315	0.014	saccade	n/a	559.9	151.5	n/a	539.5	152.3	0.69	56.0
156.331	0.078	fixation	n/a	538.9	149.9	4431.0	n/a	n/a	n/a	n/a
156.411	0.03	saccade	n/a	540.0	149.4	n/a	626.1	148.4	2.9	165.0
156.443	0.214	fixation	n/a	625.6	150.0	4429.0	n/a	n/a	n/a	n/a
156.659	0.074	saccade	n/a	627.2	153.7	n/a	148.0	194.9	16.2	344.0
156.735	0.26	fixation	n/a	145.9	223.4	4557.0	n/a	n/a	n/a	n/a
156.997	0.032	saccade	n/a	144.6	222.5	n/a	236.3	221.4	3.14	169.0
157.031	0.252	fixation	n/a	235.4	222.0	4539.0	n/a	n/a	n/a	n/a
157.285	0.03	saccade	n/a	237.6	220.7	n/a	335.1	218.2	3.36	187.0
157.317	0.17	fixation	n/a	335.4	216.5	4516.0	n/a	n/a	n/a	n/a
157.489	0.034	saccade	n/a	337.7	217.1	n/a	442.6	212.9	3.61	175.0
157.525	0.234	fixation	n/a	444.5	215.0	4455.0	n/a	n/a	n/a	n/a
157.761	0.024	saccade	n/a	448.4	217.4	n/a	510.8	216.5	2.14	118.0
157.787	0.12	fixation	n/a	515.0	217.0	4398.0	n/a	n/a	n/a	n/a
157.909	0.188	saccade	n/a	517.2	220.6	n/a	584.6	133.4	3.78	1312.0
157.951	0.07	blink	n/a	n/a	n/a	n/a	n/a	n/a	n/a	n/a
158.099	0.32	fixation	n/a	574.7	158.3	4321.0	n/a	n/a	n/a	n/a
158.421	0.056	saccade	n/a	570.4	165.0	n/a	223.6	170.8	11.8	331.0
158.479	0.214	fixation	n/a	189.8	196.1	4243.0	n/a	n/a	n/a	n/a
158.695	0.034	saccade	n/a	191.0	206.9	n/a	307.5	217.5	4.02	184.0
158.731	0.212	fixation	n/a	312.8	221.4	4244.0	n/a	n/a	n/a	n/a
158.945	0.028	saccade	n/a	313.0	220.0	n/a	396.8	214.3	2.9	174.0
158.975	0.2	fixation	n/a	395.8	214.2	4316.0	n/a	n/a	n/a	n/a
159.177	0.028	saccade	n/a	395.8	214.4	n/a	468.2	216.7	2.48	144.0
159.207	0.376	fixation	n/a	469.7	219.2	4374.0	n/a	n/a	n/a	n/a
159.585	0.026	saccade	n/a	470.9	217.9	n/a	418.7	164.7	2.58	158.0
159.613	0.266	fixation	n/a	409.0	162.9	4406.0	n/a	n/a	n/a	n/a
159.622	0.0	trigger_11	11	n/a	n/a	n/a	n/a	n/a	n/a	n/a
159.726	0.0	trigger_10	10	n/a	n/a	n/a	n/a	n/a	n/a	n/a
159.881	0.046	saccade	n/a	405.7	162.9	n/a	168.6	160.8	8.11	310.0
159.929	0.188	fixation	n/a	174.2	163.4	4566.0	n/a	n/a	n/a	n/a
160.119	0.018	saccade	n/a	168.1	166.7	n/a	137.8	172.5	1.05	80.0
160.139	0.088	fixation	n/a	143.5	173.2	4639.0	n/a	n/a	n/a	n/a
160.229	0.03	saccade	n/a	146.5	173.1	n/a	232.4	167.8	2.94	167.0
160.261	0.228	fixation	n/a	227.7	160.0	4665.0	n/a	n/a	n/a	n/a
160.491	0.026	saccade	n/a	228.4	158.2	n/a	292.5	158.9	2.2	131.0
160.519	0.09	fixation	n/a	290.6	156.8	4644.0	n/a	n/a	n/a	n/a
160.611	0.172	saccade	n/a	291.6	158.9	n/a	174.9	139.7	4.04	1481.0
160.647	0.07	blink	n/a	n/a	n/a	n/a	n/a	n/a	n/a	n/a
160.785	0.566	fixation	n/a	174.8	159.8	4613.0	n/a	n/a	n/a	n/a
161.062	0.0	trigger_11	11	n/a	n/a	n/a	n/a	n/a	n/a	n/a
161.166	0.0	trigger_10	10	n/a	n/a	n/a	n/a	n/a	n/a	n/a
161.353	0.02	saccade	n/a	170.4	174.3	n/a	130.1	177.9	1.38	97.0
161.375	0.144	fixation	n/a	135.2	174.6	4536.0	n/a	n/a	n/a	n/a
161.521	0.026	saccade	n/a	140.3	174.5	n/a	212.0	164.0	2.47	149.0
161.549	0.17	fixation	n/a	209.0	163.6	4581.0	n/a	n/a	n/a	n/a
161.721	0.03	saccade	n/a	210.0	162.9	n/a	305.8	156.6	3.29	180.0
161.753	0.204	fixation	n/a	305.1	153.7	4512.0	n/a	n/a	n/a	n/a
161.959	0.03	saccade	n/a	305.6	147.2	n/a	397.3	151.7	3.16	169.0
161.991	0.136	fixation	n/a	396.9	153.5	4459.0	n/a	n/a	n/a	n/a
162.129	0.036	saccade	n/a	396.1	153.7	n/a	279.5	153.2	4.01	240.0
162.167	0.204	fixation	n/a	286.8	155.7	4457.0	n/a	n/a	n/a	n/a
162.373	0.03	saccade	n/a	290.7	156.2	n/a	378.7	152.8	3.03	168.0
162.405	0.122	fixation	n/a	378.1	150.6	4428.0	n/a	n/a	n/a	n/a
162.529	0.034	saccade	n/a	377.9	150.6	n/a	266.9	151.9	3.81	221.0
162.565	0.318	fixation	n/a	275.4	152.9	4394.0	n/a	n/a	n/a	n/a
162.885	0.034	saccade	n/a	281.1	154.8	n/a	394.4	148.0	3.9	206.0
162.921	0.18	fixation	n/a	394.5	146.8	4427.0	n/a	n/a	n/a	n/a
163.103	0.198	saccade	n/a	391.0	145.9	n/a	514.2	125.6	4.26	1414.0
163.139	0.088	blink	n/a	n/a	n/a	n/a	n/a	n/a	n/a	n/a
163.303	0.126	fixation	n/a	505.4	141.2	4484.0	n/a	n/a	n/a	n/a
163.431	0.018	saccade	n/a	516.3	150.1	n/a	548.3	146.3	1.09	76.0
163.451	0.16	fixation	n/a	555.5	145.4	4371.0	n/a	n/a	n/a	n/a
163.613	0.024	saccade	n/a	563.7	148.9	n/a	626.8	149.9	2.12	121.0
163.639	0.2	fixation	n/a	630.5	149.5	4129.0	n/a	n/a	n/a	n/a
163.841	0.08	saccade	n/a	635.9	149.6	n/a	134.6	208.1	17.0	321.0
163.923	0.202	fixation	n/a	143.6	213.5	4100.0	n/a	n/a	n/a	n/a
164.127	0.026	saccade	n/a	147.4	215.3	n/a	214.8	213.1	2.3	134.0
164.155	0.176	fixation	n/a	219.6	212.1	4117.0	n/a	n/a	n/a	n/a
164.333	0.028	saccade	n/a	222.1	213.9	n/a	297.4	209.7	2.59	150.0
164.363	0.14	fixation	n/a	299.2	211.4	4142.0	n/a	n/a	n/a	n/a
164.505	0.016	saccade	n/a	297.4	212.6	n/a	275.0	214.6	0.78	59.0
164.523	0.118	fixation	n/a	275.3	214.9	4111.0	n/a	n/a	n/a	n/a
164.643	0.028	saccade	n/a	278.6	213.1	n/a	364.5	209.2	2.96	168.0
164.673	0.166	fixation	n/a	367.0	209.9	4118.0	n/a	n/a	n/a	n/a
164.841	0.018	saccade	n/a	369.0	210.8	n/a	400.0	212.5	1.07	77.0
164.861	0.206	fixation	n/a	401.3	212.2	4115.0	n/a	n/a	n/a	n/a
165.069	0.02	saccade	n/a	400.6	210.9	n/a	380.5	188.2	1.05	66.0
165.091	0.398	fixation	n/a	384.9	180.4	4147.0	n/a	n/a	n/a	n/a
165.232	0.0	trigger_11	11	n/a	n/a	n/a	n/a	n/a	n/a	n/a
165.336	0.0	trigger_12	12	n/a	n/a	n/a	n/a	n/a	n/a	n/a
165.491	0.044	saccade	n/a	381.2	179.5	n/a	169.1	158.9	7.3	264.0
165.537	0.116	fixation	n/a	167.5	158.1	4304.0	n/a	n/a	n/a	n/a
165.655	0.018	saccade	n/a	164.5	160.2	n/a	129.2	162.2	1.2	91.0
165.675	0.036	fixation	n/a	134.2	165.4	4309.0	n/a	n/a	n/a	n/a
165.713	0.2	saccade	n/a	135.5	168.1	n/a	225.5	132.9	3.29	1339.0
165.751	0.092	blink	n/a	n/a	n/a	n/a	n/a	n/a	n/a	n/a
165.915	0.206	fixation	n/a	227.3	145.2	4213.0	n/a	n/a	n/a	n/a
166.123	0.026	saccade	n/a	228.9	152.9	n/a	167.5	156.7	2.1	135.0
166.151	0.182	fixation	n/a	167.3	158.4	4151.0	n/a	n/a	n/a	n/a
166.335	0.03	saccade	n/a	166.8	156.0	n/a	258.1	144.5	3.14	166.0
166.367	0.168	fixation	n/a	260.0	140.4	4138.0	n/a	n/a	n/a	n/a
166.537	0.022	saccade	n/a	261.3	140.3	n/a	311.0	144.3	1.71	104.0
166.561	0.138	fixation	n/a	313.6	147.4	4219.0	n/a	n/a	n/a	n/a
166.701	0.032	saccade	n/a	314.9	150.0	n/a	413.3	149.9	3.38	167.0
166.735	0.176	fixation	n/a	412.4	151.5	4216.0	n/a	n/a	n/a	n/a
166.913	0.022	saccade	n/a	417.7	154.2	n/a	461.9	146.6	1.54	93.0
166.937	0.184	fixation	n/a	466.3	147.6	4116.0	n/a	n/a	n/a	n/a
167.123	0.026	saccade	n/a	468.2	148.6	n/a	529.5	143.7	2.09	112.0
167.151	0.368	fixation	n/a	539.3	143.5	4102.0	n/a	n/a	n/a	n/a
167.521	0.022	saccade	n/a	555.8	144.0	n/a	509.8	143.7	1.56	106.0
167.545	0.144	fixation	n/a	515.3	144.6	4106.0	n/a	n/a	n/a	n/a
167.691	0.026	saccade	n/a	518.0	142.5	n/a	591.6	138.4	2.49	130.0
167.719	0.19	fixation	n/a	593.8	138.3	4121.0	n/a	n/a	n/a	n/a
167.911	0.014	saccade	n/a	597.2	137.9	n/a	615.3	138.5	0.61	50.0
167.927	0.14	fixation	n/a	616.7	142.3	4126.0	n/a	n/a	n/a	n/a
168.069	0.07	saccade	n/a	615.6	143.2	n/a	159.9	208.5	15.56	333.0
168.141	0.14	fixation	n/a	161.6	214.8	4131.0	n/a	n/a	n/a	n/a
168.283	0.018	saccade	n/a	159.9	216.8	n/a	126.2	215.1	1.15	83.0
168.303	0.164	fixation	n/a	129.5	215.7	4060.0	n/a	n/a	n/a	n/a
168.469	0.028	saccade	n/a	126.9	216.5	n/a	223.1	207.0	3.29	173.0
168.499	0.216	fixation	n/a	231.7	206.3	3953.0	n/a	n/a	n/a	n/a
168.717	0.022	saccade	n/a	233.9	206.0	n/a	278.1	203.6	1.52	97.0
168.741	0.174	fixation	n/a	283.0	205.2	3857.0	n/a	n/a	n/a	n/a
168.917	0.03	saccade	n/a	286.3	206.4	n/a	373.5	210.2	3.01	138.0
168.949	0.196	fixation	n/a	381.9	210.0	3775.0	n/a	n/a	n/a	n/a
169.147	0.036	saccade	n/a	380.4	207.6	n/a	257.2	201.1	4.25	197.0
169.185	0.168	fixation	n/a	262.4	202.5	3697.0	n/a	n/a	n/a	n/a
169.355	0.016	saccade	n/a	260.0	201.8	n/a	238.5	203.3	0.74	60.0
169.373	0.246	fixation	n/a	241.8	206.2	3629.0	n/a	n/a	n/a	n/a
169.621	0.02	saccade	n/a	238.7	206.3	n/a	202.3	204.7	1.25	88.0
169.643	0.114	fixation	n/a	204.4	201.6	3599.0	n/a	n/a	n/a	n/a
169.759	0.212	saccade	n/a	209.1	203.1	n/a	396.7	216.5	6.44	1132.0
169.797	0.084	blink	n/a	n/a	n/a	n/a	n/a	n/a	n/a	n/a
169.973	0.158	fixation	n/a	382.8	191.0	3580.0	n/a	n/a	n/a	n/a
170.133	0.022	saccade	n/a	385.7	201.4	n/a	435.1	205.9	1.7	100.0
170.157	0.362	fixation	n/a	440.0	204.2	3506.0	n/a	n/a	n/a	n/a
170.521	0.026	saccade	n/a	441.8	200.8	n/a	507.2	195.7	2.24	117.0
170.549	0.168	fixation	n/a	512.3	194.8	3391.0	n/a	n/a	n/a	n/a
170.719	0.044	saccade	n/a	511.9	197.0	n/a	323.3	151.6	6.65	234.0
170.765	0.164	fixation	n/a	311.4	145.1	3413.0	n/a	n/a	n/a	n/a
170.931	0.02	saccade	n/a	309.5	143.0	n/a	277.6	132.9	1.15	71.0
170.953	0.29	fixation	n/a	276.1	130.2	3469.0	n/a	n/a	n/a	n/a
171.245	0.032	saccade	n/a	278.9	131.4	n/a	396.5	133.0	4.03	173.0
171.279	0.194	fixation	n/a	401.6	130.5	3537.0	n/a	n/a	n/a	n/a
171.475	0.032	saccade	n/a	406.0	133.9	n/a	519.1	126.3	3.87	180.0
171.509	0.178	fixation	n/a	523.2	125.6	3549.0	n/a	n/a	n/a	n/a
171.689	0.026	saccade	n/a	523.3	124.4	n/a	600.4	124.7	2.6	148.0
171.717	0.304	fixation	n/a	598.3	122.2	3606.0	n/a	n/a	n/a	n/a
171.832	0.0	trigger_13	13	n/a	n/a	n/a	n/a	n/a	n/a	n/a
172.023	0.066	saccade	n/a	593.9	119.4	n/a	185.0	164.5	13.9	362.0
172.091	0.118	fixation	n/a	188.8	166.7	3843.0	n/a	n/a	n/a	n/a
172.211	0.022	saccade	n/a	186.8	166.8	n/a	146.7	155.4	1.42	103.0
172.235	0.16	fixation	n/a	151.9	157.9	3959.0	n/a	n/a	n/a	n/a
172.397	0.04	saccade	n/a	150.5	156.8	n/a	308.7	136.4	5.44	250.0
172.439	0.136	fixation	n/a	309.8	136.2	4099.0	n/a	n/a	n/a	n/a
172.577	0.03	saccade	n/a	311.1	137.1	n/a	408.1	139.4	3.32	186.0
172.609	0.218	fixation	n/a	405.0	139.8	4217.0	n/a	n/a	n/a	n/a
172.829	0.02	saccade	n/a	405.7	140.2	n/a	443.1	142.4	1.28	88.0
172.851	0.044	fixation	n/a	440.1	143.5	4276.0	n/a	n/a	n/a	n/a
172.897	0.048	saccade	n/a	439.6	143.7	n/a	190.0	203.6	8.78	358.0
172.947	0.168	fixation	n/a	191.2	204.7	4407.0	n/a	n/a	n/a	n/a
173.117	0.026	saccade	n/a	188.2	203.1	n/a	132.6	205.9	1.89	134.0
173.145	0.234	fixation	n/a	136.3	205.2	4552.0	n/a	n/a	n/a	n/a
173.381	0.026	saccade	n/a	134.0	205.3	n/a	145.4	262.1	2.01	111.0
173.409	0.236	fixation	n/a	142.0	263.3	4657.0	n/a	n/a	n/a	n/a
173.647	0.026	saccade	n/a	143.9	269.8	n/a	142.8	329.0	2.06	116.0
173.675	0.184	fixation	n/a	144.5	330.6	4759.0	n/a	n/a	n/a	n/a
173.861	0.12	saccade	n/a	143.2	332.7	n/a	142.9	259.6	2.54	929.0
173.983	0.024	fixation	n/a	141.2	258.1	4800.0	n/a	n/a	n/a	n/a
174.009	0.16	saccade	n/a	141.9	262.4	n/a	107.4	256.4	1.19	1165.0
174.053	0.05	blink	n/a	n/a	n/a	n/a	n/a	n/a	n/a	n/a
174.171	0.266	fixation	n/a	112.1	271.9	4886.0	n/a	n/a	n/a	n/a
174.439	0.028	saccade	n/a	116.9	283.3	n/a	162.8	329.2	2.23	132.0
174.469	0.26	fixation	n/a	157.5	331.6	4858.0	n/a	n/a	n/a	n/a
174.731	0.03	saccade	n/a	158.8	331.2	n/a	236.6	329.8	2.66	155.0
174.763	0.15	fixation	n/a	233.8	332.7	4871.0	n/a	n/a	n/a	n/a
174.915	0.164	saccade	n/a	235.1	327.8	n/a	155.1	322.4	2.75	1318.0
174.955	0.044	blink	n/a	n/a	n/a	n/a	n/a	n/a	n/a	n/a
175.081	0.162	fixation	n/a	160.1	318.9	4939.0	n/a	n/a	n/a	n/a
175.245	0.022	saccade	n/a	160.7	329.2	n/a	135.2	285.0	1.77	128.0
175.269	0.648	fixation	n/a	140.1	279.6	5053.0	n/a	n/a	n/a	n/a
175.68	0.0	trigger_15	15	n/a	n/a	n/a	n/a	n/a	n/a	n/a
175.734	0.0	trigger_10	10	n/a	n/a	n/a	n/a	n/a	n/a	n/a
175.919	0.03	saccade	n/a	137.3	270.3	n/a	127.4	190.0	2.8	181.0
175.951	0.122	fixation	n/a	130.3	191.9	5134.0	n/a	n/a	n/a	n/a
176.075	0.018	saccade	n/a	129.1	188.8	n/a	129.0	159.4	1.02	74.0
176.095	0.186	fixation	n/a	132.5	161.4	5114.0	n/a	n/a	n/a	n/a
176.283	0.028	saccade	n/a	133.5	156.7	n/a	205.2	149.3	2.45	138.0
176.313	0.13	fixation	n/a	204.9	148.3	5002.0	n/a	n/a	n/a	n/a
176.445	0.028	saccade	n/a	208.6	149.5	n/a	278.6	147.7	2.4	150.0
176.475	0.138	fixation	n/a	276.5	147.0	4971.0	n/a	n/a	n/a	n/a
176.615	0.148	saccade	n/a	279.3	144.4	n/a	367.2	118.8	3.14	1246.0
176.663	0.01	blink	n/a	n/a	n/a	n/a	n/a	n/a	n/a	n/a
176.765	0.096	fixation	n/a	366.7	134.4	5014.0	n/a	n/a	n/a	n/a
176.863	0.02	saccade	n/a	365.2	143.6	n/a	318.6	144.0	1.6	108.0
176.885	0.188	fixation	n/a	323.1	146.2	5008.0	n/a	n/a	n/a	n/a
177.075	0.03	saccade	n/a	320.8	148.9	n/a	411.9	148.6	3.13	176.0
177.107	0.178	fixation	n/a	411.8	149.6	4784.0	n/a	n/a	n/a	n/a
177.287	0.026	saccade	n/a	416.8	149.5	n/a	487.3	147.4	2.42	140.0
177.315	0.148	fixation	n/a	484.9	146.2	4790.0	n/a	n/a	n/a	n/a
177.465	0.032	saccade	n/a	487.1	145.5	n/a	571.8	141.2	2.88	164.0
177.499	0.126	fixation	n/a	571.0	142.7	4812.0	n/a	n/a	n/a	n/a
177.627	0.166	saccade	n/a	576.5	145.8	n/a	632.1	110.6	2.22	1256.0
177.673	0.03	blink	n/a	n/a	n/a	n/a	n/a	n/a	n/a	n/a
177.795	0.134	fixation	n/a	628.6	141.6	4702.0	n/a	n/a	n/a	n/a
177.931	0.03	saccade	n/a	625.4	154.4	n/a	544.5	150.9	2.73	164.0
177.963	0.236	fixation	n/a	549.6	157.7	4703.0	n/a	n/a	n/a	n/a
178.201	0.02	saccade	n/a	548.9	158.3	n/a	590.8	160.1	1.42	96.0
178.223	0.44	fixation	n/a	591.0	160.5	4750.0	n/a	n/a	n/a	n/a
178.665	0.016	saccade	n/a	596.3	155.1	n/a	619.7	148.0	0.82	59.0
178.683	0.438	fixation	n/a	606.4	162.2	4846.0	n/a	n/a	n/a	n/a
179.123	0.02	saccade	n/a	603.8	168.1	n/a	641.6	168.2	1.27	85.0
179.145	0.382	fixation	n/a	637.5	169.2	4754.0	n/a	n/a	n/a	n/a
179.529	0.018	saccade	n/a	635.6	170.0	n/a	601.8	168.1	1.14	84.0
179.549	0.218	fixation	n/a	607.6	169.9	4681.0	n/a	n/a	n/a	n/a
179.769	0.072	saccade	n/a	606.1	166.3	n/a	134.0	209.8	16.05	340.0
179.843	0.396	fixation	n/a	128.1	232.6	4670.0	n/a	n/a	n/a	n/a
180.241	0.026	saccade	n/a	124.9	233.4	n/a	191.7	225.9	2.29	142.0
180.269	0.136	fixation	n/a	190.4	224.0	4490.0	n/a	n/a	n/a	n/a
180.407	0.186	saccade	n/a	194.0	219.4	n/a	206.8	216.9	0.45	1210.0
180.449	0.054	blink	n/a	n/a	n/a	n/a	n/a	n/a	n/a	n/a
180.595	0.11	fixation	n/a	200.7	191.7	4337.0	n/a	n/a	n/a	n/a
180.707	0.06	saccade	n/a	201.8	185.3	n/a	557.1	151.3	12.14	325.0
180.769	0.16	fixation	n/a	562.8	152.8	4257.0	n/a	n/a	n/a	n/a
180.931	0.02	saccade	n/a	568.8	153.5	n/a	602.1	152.3	1.12	75.0
180.953	0.208	fixation	n/a	603.4	152.9	4216.0	n/a	n/a	n/a	n/a
181.163	0.022	saccade	n/a	607.7	152.8	n/a	656.0	151.1	1.62	102.0
181.187	0.188	fixation	n/a	656.7	148.5	4129.0	n/a	n/a	n/a	n/a
181.377	0.082	saccade	n/a	657.1	150.9	n/a	164.1	199.1	16.71	311.0
181.461	0.146	fixation	n/a	152.6	218.4	4183.0	n/a	n/a	n/a	n/a
181.609	0.014	saccade	n/a	148.9	224.0	n/a	129.7	223.1	0.65	53.0
181.625	0.09	fixation	n/a	130.9	223.2	4164.0	n/a	n/a	n/a	n/a
181.717	0.232	saccade	n/a	130.5	218.1	n/a	187.1	199.6	2.03	949.0
181.749	0.11	blink	n/a	n/a	n/a	n/a	n/a	n/a	n/a	n/a
181.951	0.188	fixation	n/a	181.9	160.5	4126.0	n/a	n/a	n/a	n/a
182.141	0.014	saccade	n/a	181.0	170.7	n/a	163.2	164.8	0.64	53.0
182.157	0.248	fixation	n/a	162.7	162.7	4074.0	n/a	n/a	n/a	n/a
182.407	0.016	saccade	n/a	155.6	162.3	n/a	132.1	163.0	0.8	64.0
182.425	0.16	fixation	n/a	133.2	162.5	3942.0	n/a	n/a	n/a	n/a
182.587	0.028	saccade	n/a	135.8	161.2	n/a	221.1	148.4	2.94	150.0
182.617	0.276	fixation	n/a	230.0	145.2	3865.0	n/a	n/a	n/a	n/a
182.895	0.232	saccade	n/a	231.0	146.6	n/a	173.6	241.8	3.84	1247.0
182.933	0.106	blink	n/a	n/a	n/a	n/a	n/a	n/a	n/a	n/a
183.129	0.1	fixation	n/a	167.6	204.6	3829.0	n/a	n/a	n/a	n/a
183.231	0.014	saccade	n/a	163.7	189.6	n/a	145.5	193.8	0.64	52.0
183.247	0.734	fixation	n/a	160.2	177.2	3890.0	n/a	n/a	n/a	n/a
183.776	0.0	trigger_11	11	n/a	n/a	n/a	n/a	n/a	n/a	n/a
183.884	0.0	trigger_10	10	n/a	n/a	n/a	n/a	n/a	n/a	n/a
183.983	0.016	saccade	n/a	164.0	176.7	n/a	146.8	163.3	0.75	58.0
184.001	0.274	fixation	n/a	142.1	160.2	3947.0	n/a	n/a	n/a	n/a
184.277	0.026	saccade	n/a	136.5	158.5	n/a	210.9	146.8	2.56	138.0
184.305	0.186	fixation	n/a	211.7	145.2	4023.0	n/a	n/a	n/a	n/a
184.493	0.03	saccade	n/a	211.1	146.1	n/a	299.6	145.8	3.03	166.0
184.525	0.234	fixation	n/a	300.8	149.9	4101.0	n/a	n/a	n/a	n/a
184.761	0.026	saccade	n/a	298.6	152.1	n/a	240.8	152.2	1.98	121.0
184.789	0.2	fixation	n/a	246.8	154.5	4126.0	n/a	n/a	n/a	n/a
184.991	0.036	saccade	n/a	248.4	154.5	n/a	364.9	150.4	4.01	176.0
185.029	0.178	fixation	n/a	366.3	146.9	4088.0	n/a	n/a	n/a	n/a
185.209	0.024	saccade	n/a	369.5	146.4	n/a	431.5	147.6	2.13	128.0
185.235	0.174	fixation	n/a	435.3	149.8	4045.0	n/a	n/a	n/a	n/a
185.411	0.236	saccade	n/a	439.4	154.6	n/a	551.8	140.3	3.86	1091.0
185.445	0.106	blink	n/a	n/a	n/a	n/a	n/a	n/a	n/a	n/a
185.649	0.122	fixation	n/a	537.1	127.4	3935.0	n/a	n/a	n/a	n/a
185.773	0.02	saccade	n/a	538.3	138.2	n/a	577.0	138.7	1.31	84.0
185.795	0.248	fixation	n/a	579.5	140.0	3805.0	n/a	n/a	n/a	n/a
186.045	0.068	saccade	n/a	576.9	141.0	n/a	168.0	196.3	14.02	307.0
186.115	0.122	fixation	n/a	164.4	203.4	3637.0	n/a	n/a	n/a	n/a
186.239	0.016	saccade	n/a	161.3	195.0	n/a	138.5	198.1	0.78	58.0
186.257	0.174	fixation	n/a	141.0	199.1	3551.0	n/a	n/a	n/a	n/a
186.433	0.024	saccade	n/a	142.9	198.3	n/a	200.2	201.0	1.96	106.0
186.459	0.208	fixation	n/a	207.8	199.0	3518.0	n/a	n/a	n/a	n/a
186.669	0.026	saccade	n/a	210.4	195.3	n/a	282.1	192.6	2.46	126.0
186.697	0.166	fixation	n/a	295.9	189.7	3495.0	n/a	n/a	n/a	n/a
186.865	0.02	saccade	n/a	303.7	190.0	n/a	340.8	192.0	1.28	82.0
186.887	0.19	fixation	n/a	348.4	191.3	3459.0	n/a	n/a	n/a	n/a
187.079	0.024	saccade	n/a	352.2	193.7	n/a	401.7	195.3	1.71	90.0
187.105	0.076	fixation	n/a	411.9	194.1	3428.0	n/a	n/a	n/a	n/a
187.183	0.036	saccade	n/a	408.9	192.0	n/a	263.9	197.5	5.0	203.0
187.221	0.184	fixation	n/a	265.2	199.6	3405.0	n/a	n/a	n/a	n/a
187.407	0.042	saccade	n/a	267.9	200.1	n/a	450.9	195.4	6.3	239.0
187.451	0.27	fixation	n/a	461.2	198.4	3413.0	n/a	n/a	n/a	n/a
187.723	0.042	saccade	n/a	463.9	199.8	n/a	270.3	196.0	6.65	286.0
187.767	0.184	fixation	n/a	273.8	199.2	3467.0	n/a	n/a	n/a	n/a
187.953	0.02	saccade	n/a	270.8	199.3	n/a	228.7	197.8	1.45	99.0
187.975	0.124	fixation	n/a	227.6	197.5	3470.0	n/a	n/a	n/a	n/a
188.101	0.226	saccade	n/a	228.7	203.7	n/a	334.2	210.2	3.64	1089.0
188.135	0.116	blink	n/a	n/a	n/a	n/a	n/a	n/a	n/a	n/a
188.329	0.122	fixation	n/a	326.9	183.0	3608.0	n/a	n/a	n/a	n/a
188.453	0.022	saccade	n/a	328.4	191.8	n/a	371.3	194.4	1.48	91.0
188.477	0.176	fixation	n/a	373.8	200.5	3691.0	n/a	n/a	n/a	n/a
188.655	0.024	saccade	n/a	376.6	203.8	n/a	436.8	204.0	2.08	120.0
188.681	0.124	fixation	n/a	439.6	204.2	3725.0	n/a	n/a	n/a	n/a
188.807	0.046	saccade	n/a	438.2	202.1	n/a	188.6	146.3	8.78	335.0
188.855	0.228	fixation	n/a	187.4	148.8	3778.0	n/a	n/a	n/a	n/a
189.085	0.05	saccade	n/a	189.3	149.1	n/a	462.9	188.1	9.45	287.0
189.137	0.242	fixation	n/a	469.7	192.4	3801.0	n/a	n/a	n/a	n/a
189.381	0.026	saccade	n/a	471.8	191.8	n/a	461.6	136.1	1.97	129.0
189.409	0.15	fixation	n/a	461.2	143.2	3815.0	n/a	n/a	n/a	n/a
189.561	0.04	saccade	n/a	457.3	143.0	n/a	257.9	142.4	6.85	302.0
189.603	0.188	fixation	n/a	257.7	146.8	3888.0	n/a	n/a	n/a	n/a
189.793	0.024	saccade	n/a	257.1	146.1	n/a	324.4	147.3	2.32	133.0
189.819	0.162	fixation	n/a	325.2	144.7	3989.0	n/a	n/a	n/a	n/a
189.983	0.04	saccade	n/a	320.8	143.5	n/a	143.8	153.3	6.07	269.0
190.025	0.224	fixation	n/a	144.8	156.7	4142.0	n/a	n/a	n/a	n/a
190.251	0.02	saccade	n/a	149.0	157.3	n/a	185.3	152.0	1.25	82.0
190.273	0.164	fixation	n/a	185.9	155.3	4282.0	n/a	n/a	n/a	n/a
190.439	0.026	saccade	n/a	186.7	154.6	n/a	258.6	155.7	2.46	145.0
190.467	0.188	fixation	n/a	261.8	155.4	4389.0	n/a	n/a	n/a	n/a
190.657	0.032	saccade	n/a	263.6	153.4	n/a	368.9	147.5	3.62	196.0
190.691	0.178	fixation	n/a	368.1	143.9	4518.0	n/a	n/a	n/a	n/a
190.871	0.028	saccade	n/a	369.5	142.9	n/a	445.1	143.0	2.59	150.0
190.901	0.188	fixation	n/a	443.0	144.3	4628.0	n/a	n/a	n/a	n/a
191.091	0.026	saccade	n/a	444.7	142.8	n/a	515.1	142.2	2.4	128.0
191.119	0.142	fixation	n/a	513.1	144.4	4637.0	n/a	n/a	n/a	n/a
191.263	0.02	saccade	n/a	514.2	146.0	n/a	552.5	146.6	1.3	84.0
191.285	0.19	fixation	n/a	553.3	146.8	4610.0	n/a	n/a	n/a	n/a
191.477	0.234	saccade	n/a	553.9	153.7	n/a	347.2	185.2	7.16	921.0
191.713	0.478	fixation	n/a	333.6	203.2	4583.0	n/a	n/a	n/a	n/a
191.936	0.0	trigger_11	11	n/a	n/a	n/a	n/a	n/a	n/a	n/a
192.044	0.0	trigger_10	10	n/a	n/a	n/a	n/a	n/a	n/a	n/a
192.193	0.042	saccade	n/a	334.3	212.8	n/a	151.1	162.5	6.5	286.0
192.237	0.182	fixation	n/a	153.9	161.8	4376.0	n/a	n/a	n/a	n/a
192.421	0.014	saccade	n/a	150.0	164.9	n/a	129.2	164.8	0.71	64.0
192.437	0.094	fixation	n/a	135.4	168.0	4371.0	n/a	n/a	n/a	n/a
192.533	0.032	saccade	n/a	136.2	169.2	n/a	223.9	157.6	3.02	173.0
192.567	0.126	fixation	n/a	220.1	156.0	4351.0	n/a	n/a	n/a	n/a
192.695	0.028	saccade	n/a	218.6	154.0	n/a	145.3	157.9	2.5	163.0
192.725	0.25	fixation	n/a	147.9	161.8	4441.0	n/a	n/a	n/a	n/a
192.977	0.03	saccade	n/a	144.2	160.2	n/a	229.3	156.7	2.9	183.0
193.009	0.158	fixation	n/a	229.6	159.9	4568.0	n/a	n/a	n/a	n/a
193.169	0.032	saccade	n/a	227.6	158.8	n/a	136.2	159.0	3.11	195.0
193.203	0.2	fixation	n/a	144.3	159.6	4605.0	n/a	n/a	n/a	n/a
193.405	0.018	saccade	n/a	139.5	158.0	n/a	111.1	157.5	0.96	73.0
193.425	0.082	fixation	n/a	116.1	160.3	4609.0	n/a	n/a	n/a	n/a
193.509	0.166	saccade	n/a	114.0	156.6	n/a	248.2	135.1	4.62	1139.0
193.555	0.032	blink	n/a	n/a	n/a	n/a	n/a	n/a	n/a	n/a
193.677	0.206	fixation	n/a	247.3	154.0	4658.0	n/a	n/a	n/a	n/a
193.885	0.028	saccade	n/a	249.4	162.7	n/a	322.5	156.9	2.52	147.0
193.915	0.162	fixation	n/a	320.4	158.7	4590.0	n/a	n/a	n/a	n/a
194.079	0.022	saccade	n/a	323.5	156.7	n/a	361.8	155.5	1.32	83.0
194.103	0.14	fixation	n/a	363.7	155.9	4448.0	n/a	n/a	n/a	n/a
194.245	0.03	saccade	n/a	366.0	151.5	n/a	453.9	152.8	3.03	158.0
194.277	0.174	fixation	n/a	455.2	150.1	4401.0	n/a	n/a	n/a	n/a
194.453	0.026	saccade	n/a	461.4	151.8	n/a	529.9	150.6	2.34	131.0
194.481	0.132	fixation	n/a	531.9	150.8	4333.0	n/a	n/a	n/a	n/a
194.615	0.19	saccade	n/a	535.0	157.3	n/a	627.5	124.2	3.32	2584.0
194.653	0.06	blink	n/a	n/a	n/a	n/a	n/a	n/a	n/a	n/a
194.807	0.248	fixation	n/a	616.8	141.5	4268.0	n/a	n/a	n/a	n/a
195.057	0.014	saccade	n/a	622.3	143.3	n/a	643.0	143.0	0.69	54.0
195.073	0.056	fixation	n/a	644.8	143.8	4193.0	n/a	n/a	n/a	n/a
195.131	0.076	saccade	n/a	643.9	146.0	n/a	136.7	180.9	17.09	354.0
195.209	0.36	fixation	n/a	141.7	210.2	4122.0	n/a	n/a	n/a	n/a
195.571	0.022	saccade	n/a	145.5	212.7	n/a	194.8	208.2	1.69	105.0
195.595	0.146	fixation	n/a	197.8	208.7	4190.0	n/a	n/a	n/a	n/a
195.743	0.024	saccade	n/a	202.1	210.3	n/a	252.1	208.4	1.72	102.0
195.769	0.196	fixation	n/a	255.0	212.4	4164.0	n/a	n/a	n/a	n/a
195.967	0.032	saccade	n/a	257.4	212.2	n/a	365.8	215.4	3.74	188.0
196.001	0.216	fixation	n/a	370.2	215.9	4127.0	n/a	n/a	n/a	n/a
196.219	0.014	saccade	n/a	366.8	218.8	n/a	349.7	222.6	0.61	52.0
196.235	0.09	fixation	n/a	351.7	222.5	4105.0	n/a	n/a	n/a	n/a
196.327	0.036	saccade	n/a	353.7	221.0	n/a	482.5	214.5	4.43	207.0
196.365	0.142	fixation	n/a	485.9	213.5	4070.0	n/a	n/a	n/a	n/a
196.509	0.036	saccade	n/a	485.3	214.4	n/a	339.5	217.1	5.02	252.0
196.547	0.218	fixation	n/a	344.6	217.8	4065.0	n/a	n/a	n/a	n/a
196.767	0.118	saccade	n/a	344.6	215.0	n/a	524.5	213.9	6.17	549.0
196.887	0.112	fixation	n/a	511.8	209.8	4081.0	n/a	n/a	n/a	n/a
197.001	0.028	saccade	n/a	507.7	217.5	n/a	431.0	221.1	2.64	156.0
197.031	0.254	fixation	n/a	432.1	223.9	4160.0	n/a	n/a	n/a	n/a
197.287	0.206	saccade	n/a	431.9	225.5	n/a	542.1	195.1	3.92	1246.0
197.323	0.084	blink	n/a	n/a	n/a	n/a	n/a	n/a	n/a	n/a
197.495	0.252	fixation	n/a	532.1	213.2	4210.0	n/a	n/a	n/a	n/a
197.749	0.018	saccade	n/a	539.2	220.6	n/a	569.0	223.8	1.02	72.0
197.769	0.124	fixation	n/a	567.3	218.2	4147.0	n/a	n/a	n/a	n/a
197.895	0.03	saccade	n/a	567.6	213.9	n/a	483.3	210.9	2.87	159.0
197.927	0.346	fixation	n/a	507.4	216.6	4066.0	n/a	n/a	n/a	n/a
198.275	0.022	saccade	n/a	526.5	213.2	n/a	567.9	210.0	1.42	86.0
198.299	0.138	fixation	n/a	568.1	210.2	4123.0	n/a	n/a	n/a	n/a
198.439	0.058	saccade	n/a	565.9	210.8	n/a	259.6	166.5	10.58	323.0
198.499	0.204	fixation	n/a	250.0	161.5	4175.0	n/a	n/a	n/a	n/a
198.705	0.03	saccade	n/a	252.5	160.1	n/a	353.3	154.9	3.46	170.0
198.737	0.164	fixation	n/a	356.2	159.0	4199.0	n/a	n/a	n/a	n/a
198.903	0.042	saccade	n/a	354.8	158.5	n/a	532.8	145.3	6.11	248.0
198.947	0.188	fixation	n/a	536.9	142.4	4187.0	n/a	n/a	n/a	n/a
199.137	0.026	saccade	n/a	539.6	139.6	n/a	610.1	142.0	2.38	137.0
199.165	0.076	fixation	n/a	612.7	141.6	4146.0	n/a	n/a	n/a	n/a
199.243	0.072	saccade	n/a	612.7	141.3	n/a	128.5	213.4	16.55	370.0
199.317	0.292	fixation	n/a	143.8	214.8	4155.0	n/a	n/a	n/a	n/a
199.611	0.264	saccade	n/a	146.5	216.5	n/a	351.2	190.7	7.07	1198.0
199.661	0.098	blink	n/a	n/a	n/a	n/a	n/a	n/a	n/a	n/a
199.877	0.09	fixation	n/a	337.8	164.7	4026.0	n/a	n/a	n/a	n/a
199.969	0.018	saccade	n/a	327.2	154.0	n/a	299.7	133.4	1.18	90.0
199.989	0.41	fixation	n/a	306.2	152.3	4032.0	n/a	n/a	n/a	n/a
200.146	0.0	trigger_11	11	n/a	n/a	n/a	n/a	n/a	n/a	n/a
200.25	0.0	trigger_12	12	n/a	n/a	n/a	n/a	n/a	n/a	n/a
200.401	0.044	saccade	n/a	308.1	154.3	n/a	133.1	151.9	5.96	244.0
200.447	0.192	fixation	n/a	138.8	155.3	3970.0	n/a	n/a	n/a	n/a
200.641	0.026	saccade	n/a	139.0	158.4	n/a	203.3	147.3	2.22	124.0
200.669	0.25	fixation	n/a	205.8	149.9	3952.0	n/a	n/a	n/a	n/a
200.921	0.018	saccade	n/a	201.6	149.7	n/a	173.9	153.8	0.96	70.0
200.941	0.16	fixation	n/a	176.5	154.1	3902.0	n/a	n/a	n/a	n/a
201.103	0.032	saccade	n/a	176.8	153.3	n/a	284.3	146.3	3.69	158.0
201.137	0.206	fixation	n/a	297.9	143.9	3869.0	n/a	n/a	n/a	n/a
201.345	0.024	saccade	n/a	299.2	142.1	n/a	348.2	140.7	1.68	98.0
201.371	0.074	fixation	n/a	352.2	142.5	3904.0	n/a	n/a	n/a	n/a
201.447	0.296	saccade	n/a	351.9	144.3	n/a	474.0	127.6	4.23	1222.0
201.487	0.154	blink	n/a	n/a	n/a	n/a	n/a	n/a	n/a	n/a
201.745	0.068	fixation	n/a	466.3	119.3	3853.0	n/a	n/a	n/a	n/a
201.815	0.026	saccade	n/a	461.5	131.9	n/a	381.2	138.8	2.77	151.0
201.843	0.276	fixation	n/a	379.9	143.7	3803.0	n/a	n/a	n/a	n/a
202.121	0.028	saccade	n/a	384.5	141.5	n/a	466.0	135.1	2.81	144.0
202.151	0.16	fixation	n/a	469.4	131.5	3627.0	n/a	n/a	n/a	n/a
202.313	0.024	saccade	n/a	465.2	131.8	n/a	398.1	134.7	2.3	133.0
202.339	0.2	fixation	n/a	397.3	135.0	3628.0	n/a	n/a	n/a	n/a
202.541	0.028	saccade	n/a	399.6	134.9	n/a	468.4	130.9	2.36	128.0
202.571	0.176	fixation	n/a	467.7	129.3	3652.0	n/a	n/a	n/a	n/a
202.749	0.028	saccade	n/a	467.4	128.4	n/a	546.3	131.7	2.69	141.0
202.779	0.106	fixation	n/a	549.6	130.6	3713.0	n/a	n/a	n/a	n/a
202.887	0.026	saccade	n/a	550.7	129.2	n/a	625.1	128.5	2.51	131.0
202.915	0.214	fixation	n/a	628.2	127.8	3732.0	n/a	n/a	n/a	n/a
203.131	0.018	saccade	n/a	632.0	125.4	n/a	662.5	127.4	1.02	71.0
203.151	0.168	fixation	n/a	665.7	128.7	3684.0	n/a	n/a	n/a	n/a
203.321	0.084	saccade	n/a	664.0	130.3	n/a	157.6	186.0	17.13	312.0
203.407	0.254	fixation	n/a	144.6	196.9	3669.0	n/a	n/a	n/a	n/a
203.663	0.276	saccade	n/a	138.9	195.2	n/a	254.1	547.9	12.8	826.0
203.715	0.174	blink	n/a	n/a	n/a	n/a	n/a	n/a	n/a	n/a
203.941	0.02	fixation	n/a	243.5	525.3	1812.0	n/a	n/a	n/a	n/a
203.963	0.046	saccade	n/a	236.0	499.5	n/a	309.1	439.9	3.26	246.0
204.011	0.052	fixation	n/a	299.6	397.5	3043.0	n/a	n/a	n/a	n/a
204.065	0.038	saccade	n/a	298.4	358.2	n/a	210.8	252.5	4.78	182.0
204.105	0.418	fixation	n/a	193.8	174.2	3565.0	n/a	n/a	n/a	n/a
204.282	0.0	trigger_13	13	n/a	n/a	n/a	n/a	n/a	n/a	n/a
204.525	0.022	saccade	n/a	195.1	180.6	n/a	156.2	193.5	1.4	90.0
204.549	0.134	fixation	n/a	162.5	198.1	3464.0	n/a	n/a	n/a	n/a
204.685	0.026	saccade	n/a	165.3	197.6	n/a	207.1	141.4	2.42	130.0
204.713	0.196	fixation	n/a	221.4	141.5	3435.0	n/a	n/a	n/a	n/a
204.911	0.03	saccade	n/a	228.6	142.4	n/a	312.6	121.8	2.97	164.0
204.943	0.3	fixation	n/a	318.1	123.0	3481.0	n/a	n/a	n/a	n/a
205.245	0.046	saccade	n/a	317.7	126.6	n/a	132.4	219.9	7.12	258.0
205.293	0.286	fixation	n/a	132.8	226.9	3733.0	n/a	n/a	n/a	n/a
205.581	0.024	saccade	n/a	130.2	226.3	n/a	122.9	282.5	1.97	112.0
205.607	0.146	fixation	n/a	125.5	283.5	4008.0	n/a	n/a	n/a	n/a
205.755	0.156	saccade	n/a	128.2	287.5	n/a	140.9	231.4	2.0	1160.0
205.791	0.06	blink	n/a	n/a	n/a	n/a	n/a	n/a	n/a	n/a
205.913	0.238	fixation	n/a	144.0	228.1	4271.0	n/a	n/a	n/a	n/a
206.153	0.016	saccade	n/a	140.0	232.5	n/a	120.8	237.7	0.68	54.0
206.171	0.188	fixation	n/a	123.9	245.0	4411.0	n/a	n/a	n/a	n/a
206.361	0.026	saccade	n/a	124.6	244.7	n/a	138.8	189.4	1.98	134.0
206.389	0.318	fixation	n/a	139.6	198.7	4596.0	n/a	n/a	n/a	n/a
206.709	0.16	saccade	n/a	137.8	201.3	n/a	114.1	210.1	0.86	1291.0
206.749	0.038	blink	n/a	n/a	n/a	n/a	n/a	n/a	n/a	n/a
206.871	0.17	fixation	n/a	116.5	215.3	4779.0	n/a	n/a	n/a	n/a
207.043	0.02	saccade	n/a	113.7	230.1	n/a	122.2	265.9	1.27	81.0
207.065	0.356	fixation	n/a	121.0	262.9	4889.0	n/a	n/a	n/a	n/a
207.423	0.18	saccade	n/a	124.4	256.7	n/a	127.5	243.3	0.48	1000.0
207.451	0.072	blink	n/a	n/a	n/a	n/a	n/a	n/a	n/a	n/a
207.605	0.692	fixation	n/a	128.1	259.6	5106.0	n/a	n/a	n/a	n/a
208.299	0.17	saccade	n/a	130.8	251.3	n/a	144.6	243.6	0.54	1349.0
208.329	0.08	blink	n/a	n/a	n/a	n/a	n/a	n/a	n/a	n/a
208.471	0.528	fixation	n/a	138.4	245.0	5300.0	n/a	n/a	n/a	n/a
209.001	0.192	saccade	n/a	138.2	249.3	n/a	148.2	269.0	0.77	1147.0
209.035	0.056	blink	n/a	n/a	n/a	n/a	n/a	n/a	n/a	n/a
209.195	0.178	fixation	n/a	153.1	257.4	5379.0	n/a	n/a	n/a	n/a
209.375	0.03	saccade	n/a	154.1	246.0	n/a	220.7	159.0	3.79	191.0
209.407	0.148	fixation	n/a	233.5	160.9	5381.0	n/a	n/a	n/a	n/a
209.557	0.03	saccade	n/a	238.2	162.1	n/a	323.0	146.8	2.97	154.0
209.589	0.222	fixation	n/a	314.9	146.4	5268.0	n/a	n/a	n/a	n/a
209.813	0.176	saccade	n/a	319.3	152.3	n/a	220.7	404.2	9.41	1320.0
209.851	0.092	blink	n/a	n/a	n/a	n/a	n/a	n/a	n/a	n/a
209.991	0.116	fixation	n/a	215.1	385.8	5198.0	n/a	n/a	n/a	n/a
210.109	0.026	saccade	n/a	212.4	388.5	n/a	151.6	383.3	2.09	143.0
210.137	0.156	fixation	n/a	159.8	386.4	5165.0	n/a	n/a	n/a	n/a
210.295	0.03	saccade	n/a	160.0	384.9	n/a	255.0	381.4	3.26	193.0
210.327	0.194	fixation	n/a	250.2	379.5	5197.0	n/a	n/a	n/a	n/a
210.523	0.036	saccade	n/a	248.2	378.5	n/a	120.0	302.1	5.14	278.0
210.561	0.224	fixation	n/a	129.9	303.4	5252.0	n/a	n/a	n/a	n/a
210.787	0.022	saccade	n/a	130.1	300.8	n/a	128.9	250.7	1.75	115.0
210.811	0.422	fixation	n/a	132.4	261.9	5475.0	n/a	n/a	n/a	n/a
210.994	0.0	trigger_15	15	n/a	n/a	n/a	n/a	n/a	n/a	n/a
211.048	0.0	trigger_10	10	n/a	n/a	n/a	n/a	n/a	n/a	n/a
211.235	0.036	saccade	n/a	131.0	259.4	n/a	175.1	139.0	4.44	234.0
211.273	0.14	fixation	n/a	176.6	139.6	5627.0	n/a	n/a	n/a	n/a
211.415	0.022	saccade	n/a	175.4	140.1	n/a	143.3	140.3	1.09	100.0
211.439	0.118	fixation	n/a	151.2	140.4	5685.0	n/a	n/a	n/a	n/a
211.559	0.034	saccade	n/a	150.0	137.7	n/a	258.0	127.6	3.72	215.0
211.595	0.202	fixation	n/a	261.2	133.0	5647.0	n/a	n/a	n/a	n/a
211.799	0.03	saccade	n/a	262.4	132.5	n/a	335.0	123.1	2.52	160.0
211.831	0.134	fixation	n/a	328.8	125.9	5620.0	n/a	n/a	n/a	n/a
211.967	0.13	saccade	n/a	327.4	132.5	n/a	286.8	109.0	1.62	1345.0
212.003	0.02	blink	n/a	n/a	n/a	n/a	n/a	n/a	n/a	n/a
212.099	0.484	fixation	n/a	282.7	148.4	5347.0	n/a	n/a	n/a	n/a
212.585	0.138	saccade	n/a	287.0	157.4	n/a	289.5	135.9	0.75	1592.0
212.627	0.04	blink	n/a	n/a	n/a	n/a	n/a	n/a	n/a	n/a
212.725	0.224	fixation	n/a	285.7	145.2	5411.0	n/a	n/a	n/a	n/a
212.951	0.016	saccade	n/a	288.2	151.2	n/a	309.5	152.0	0.74	57.0
212.969	0.258	fixation	n/a	299.4	152.6	5400.0	n/a	n/a	n/a	n/a
213.229	0.032	saccade	n/a	296.2	154.8	n/a	383.2	153.6	3.0	178.0
213.263	0.176	fixation	n/a	380.2	155.3	5379.0	n/a	n/a	n/a	n/a
213.441	0.174	saccade	n/a	382.9	155.7	n/a	138.2	141.1	8.4	1392.0
213.481	0.066	blink	n/a	n/a	n/a	n/a	n/a	n/a	n/a	n/a
213.617	0.236	fixation	n/a	140.2	148.0	5301.0	n/a	n/a	n/a	n/a
213.855	0.026	saccade	n/a	147.0	157.4	n/a	216.8	159.6	2.39	146.0
213.883	0.136	fixation	n/a	210.7	157.6	5207.0	n/a	n/a	n/a	n/a
214.021	0.022	saccade	n/a	209.9	154.6	n/a	256.3	155.6	1.59	104.0
214.045	0.142	fixation	n/a	249.4	156.7	5174.0	n/a	n/a	n/a	n/a
214.189	0.2	saccade	n/a	248.6	155.5	n/a	284.2	123.9	1.64	1368.0
214.229	0.086	blink	n/a	n/a	n/a	n/a	n/a	n/a	n/a	n/a
214.391	0.642	fixation	n/a	291.1	155.1	5045.0	n/a	n/a	n/a	n/a
215.035	0.028	saccade	n/a	304.6	162.7	n/a	377.7	162.0	2.52	160.0
215.065	0.39	fixation	n/a	381.0	164.5	4973.0	n/a	n/a	n/a	n/a
215.457	0.204	saccade	n/a	387.7	161.8	n/a	410.4	125.4	1.49	1516.0
215.497	0.068	blink	n/a	n/a	n/a	n/a	n/a	n/a	n/a	n/a
215.663	0.098	fixation	n/a	410.9	147.2	4788.0	n/a	n/a	n/a	n/a
215.763	0.026	saccade	n/a	411.1	163.2	n/a	472.8	165.0	2.13	134.0
215.791	0.21	fixation	n/a	472.9	165.5	4705.0	n/a	n/a	n/a	n/a
216.003	0.018	saccade	n/a	469.3	165.5	n/a	440.6	164.6	0.99	75.0
216.023	0.072	fixation	n/a	444.7	164.5	4572.0	n/a	n/a	n/a	n/a
216.097	0.036	saccade	n/a	447.3	166.9	n/a	572.2	162.4	4.27	203.0
216.135	0.168	fixation	n/a	574.6	159.7	4450.0	n/a	n/a	n/a	n/a
216.305	0.02	saccade	n/a	580.0	158.4	n/a	621.3	161.1	1.4	92.0
216.327	0.158	fixation	n/a	621.9	159.8	4410.0	n/a	n/a	n/a	n/a
216.487	0.242	saccade	n/a	622.6	161.7	n/a	134.3	202.8	16.61	1120.0
216.535	0.106	blink	n/a	n/a	n/a	n/a	n/a	n/a	n/a	n/a
216.731	0.208	fixation	n/a	134.0	207.9	4454.0	n/a	n/a	n/a	n/a
216.941	0.02	saccade	n/a	135.7	212.9	n/a	169.7	215.7	1.16	74.0
216.963	0.156	fixation	n/a	168.6	220.3	4413.0	n/a	n/a	n/a	n/a
217.121	0.03	saccade	n/a	173.4	224.7	n/a	269.0	223.3	3.29	181.0
217.153	0.168	fixation	n/a	270.3	221.2	4397.0	n/a	n/a	n/a	n/a
217.323	0.028	saccade	n/a	274.1	221.4	n/a	343.4	221.0	2.4	142.0
217.353	0.142	fixation	n/a	342.0	222.7	4465.0	n/a	n/a	n/a	n/a
217.497	0.202	saccade	n/a	344.4	221.8	n/a	464.8	198.3	4.23	1409.0
217.533	0.066	blink	n/a	n/a	n/a	n/a	n/a	n/a	n/a	n/a
217.701	0.176	fixation	n/a	460.8	205.9	4441.0	n/a	n/a	n/a	n/a
217.879	0.03	saccade	n/a	462.7	215.0	n/a	558.6	216.9	3.29	178.0
217.911	0.18	fixation	n/a	559.0	217.9	4395.0	n/a	n/a	n/a	n/a
218.093	0.024	saccade	n/a	562.2	220.1	n/a	613.3	217.2	1.74	102.0
218.119	0.146	fixation	n/a	614.4	216.2	4268.0	n/a	n/a	n/a	n/a
218.267	0.024	saccade	n/a	617.1	216.5	n/a	672.9	212.1	1.88	109.0
218.293	0.452	fixation	n/a	673.9	211.2	4184.0	n/a	n/a	n/a	n/a
218.508	0.0	trigger_11	11	n/a	n/a	n/a	n/a	n/a	n/a	n/a
218.61	0.0	trigger_10	10	n/a	n/a	n/a	n/a	n/a	n/a	n/a
218.747	0.066	saccade	n/a	670.1	206.3	n/a	257.5	140.3	14.15	377.0
218.815	0.094	fixation	n/a	261.7	142.5	4343.0	n/a	n/a	n/a	n/a
218.911	0.03	saccade	n/a	261.7	145.4	n/a	173.5	161.9	3.08	196.0
218.943	0.23	fixation	n/a	177.7	164.7	4523.0	n/a	n/a	n/a	n/a
219.175	0.028	saccade	n/a	177.4	162.8	n/a	244.7	155.7	2.32	152.0
219.205	0.236	fixation	n/a	241.0	157.8	4648.0	n/a	n/a	n/a	n/a
219.443	0.014	saccade	n/a	236.1	154.5	n/a	217.0	154.2	0.66	54.0
219.459	0.188	fixation	n/a	216.9	154.1	4649.0	n/a	n/a	n/a	n/a
219.649	0.026	saccade	n/a	218.4	153.4	n/a	285.4	159.6	2.31	145.0
219.677	0.168	fixation	n/a	282.6	163.0	4682.0	n/a	n/a	n/a	n/a
219.847	0.022	saccade	n/a	282.7	162.4	n/a	328.1	160.6	1.57	102.0
219.871	0.23	fixation	n/a	327.8	161.3	4717.0	n/a	n/a	n/a	n/a
220.103	0.022	saccade	n/a	329.7	162.0	n/a	370.4	160.8	1.4	88.0
220.127	0.122	fixation	n/a	371.2	164.6	4693.0	n/a	n/a	n/a	n/a
220.251	0.024	saccade	n/a	375.3	167.8	n/a	425.6	169.1	1.74	107.0
220.277	0.136	fixation	n/a	426.1	171.4	4642.0	n/a	n/a	n/a	n/a
220.415	0.184	saccade	n/a	428.6	173.2	n/a	493.1	152.0	2.34	1524.0
220.451	0.056	blink	n/a	n/a	n/a	n/a	n/a	n/a	n/a	n/a
220.601	0.384	fixation	n/a	491.5	165.9	4468.0	n/a	n/a	n/a	n/a
220.987	0.278	saccade	n/a	490.5	158.7	n/a	432.9	152.5	1.99	1773.0
221.021	0.128	blink	n/a	n/a	n/a	n/a	n/a	n/a	n/a	n/a
221.267	0.124	fixation	n/a	423.8	155.2	4187.0	n/a	n/a	n/a	n/a
221.393	0.026	saccade	n/a	426.4	166.5	n/a	494.6	160.1	2.35	129.0
221.421	0.258	fixation	n/a	494.6	160.2	4214.0	n/a	n/a	n/a	n/a
221.681	0.312	saccade	n/a	496.7	160.4	n/a	241.1	152.9	8.77	1844.0
221.713	0.174	blink	n/a	n/a	n/a	n/a	n/a	n/a	n/a	n/a
221.995	0.092	fixation	n/a	237.5	146.3	4241.0	n/a	n/a	n/a	n/a
222.089	0.02	saccade	n/a	232.0	149.7	n/a	194.7	160.9	1.34	98.0
222.111	0.188	fixation	n/a	196.1	167.4	4261.0	n/a	n/a	n/a	n/a
222.301	0.03	saccade	n/a	194.1	169.0	n/a	284.7	157.4	3.14	161.0
222.333	0.178	fixation	n/a	287.2	155.4	4148.0	n/a	n/a	n/a	n/a
222.513	0.022	saccade	n/a	289.0	153.7	n/a	332.5	153.3	1.5	94.0
222.537	0.546	fixation	n/a	333.0	156.8	4161.0	n/a	n/a	n/a	n/a
223.085	0.024	saccade	n/a	320.4	160.0	n/a	267.3	159.0	1.83	121.0
223.111	0.332	fixation	n/a	270.6	155.0	4219.0	n/a	n/a	n/a	n/a
223.445	0.024	saccade	n/a	273.3	151.2	n/a	328.6	153.4	1.91	110.0
223.471	0.068	fixation	n/a	326.8	151.1	4366.0	n/a	n/a	n/a	n/a
223.541	0.21	saccade	n/a	327.1	155.3	n/a	339.6	118.4	1.35	1412.0
223.577	0.094	blink	n/a	n/a	n/a	n/a	n/a	n/a	n/a	n/a
223.753	0.28	fixation	n/a	337.4	143.6	4561.0	n/a	n/a	n/a	n/a
224.035	0.028	saccade	n/a	337.3	150.0	n/a	411.1	149.2	2.54	141.0
224.065	0.172	fixation	n/a	405.8	151.5	4494.0	n/a	n/a	n/a	n/a
224.239	0.024	saccade	n/a	409.8	151.3	n/a	466.9	147.4	1.96	123.0
224.265	0.606	fixation	n/a	463.9	152.4	4552.0	n/a	n/a	n/a	n/a
224.636	0.0	trigger_11	11	n/a	n/a	n/a	n/a	n/a	n/a	n/a
224.74	0.0	trigger_10	10	n/a	n/a	n/a	n/a	n/a	n/a	n/a
224.873	0.056	saccade	n/a	457.8	148.9	n/a	164.7	162.0	10.01	328.0
224.931	0.112	fixation	n/a	170.2	158.7	4821.0	n/a	n/a	n/a	n/a
225.045	0.02	saccade	n/a	165.9	156.8	n/a	131.5	151.4	1.18	96.0
225.067	0.132	fixation	n/a	135.1	149.9	4943.0	n/a	n/a	n/a	n/a
225.201	0.028	saccade	n/a	134.7	149.6	n/a	212.1	148.5	2.64	154.0
225.231	0.16	fixation	n/a	206.8	148.5	4969.0	n/a	n/a	n/a	n/a
225.393	0.028	saccade	n/a	204.9	145.7	n/a	279.6	144.4	2.56	156.0
225.423	0.19	fixation	n/a	278.1	147.1	4944.0	n/a	n/a	n/a	n/a
225.615	0.024	saccade	n/a	281.5	149.2	n/a	344.5	139.6	2.19	130.0
225.641	0.18	fixation	n/a	341.3	137.7	4988.0	n/a	n/a	n/a	n/a
225.823	0.026	saccade	n/a	342.4	136.6	n/a	411.5	138.2	2.38	146.0
225.851	0.204	fixation	n/a	407.7	134.6	5083.0	n/a	n/a	n/a	n/a
226.057	0.032	saccade	n/a	405.4	132.2	n/a	498.7	131.8	3.2	186.0
226.091	0.182	fixation	n/a	494.9	135.6	5152.0	n/a	n/a	n/a	n/a
226.275	0.026	saccade	n/a	495.6	139.1	n/a	556.2	137.2	2.07	134.0
226.303	0.144	fixation	n/a	550.2	139.4	5117.0	n/a	n/a	n/a	n/a
226.449	0.07	saccade	n/a	547.1	141.8	n/a	121.4	199.1	14.62	388.0
226.521	0.262	fixation	n/a	128.0	203.0	5162.0	n/a	n/a	n/a	n/a
226.785	0.026	saccade	n/a	131.3	204.5	n/a	199.2	201.7	2.32	141.0
226.813	0.246	fixation	n/a	196.1	204.1	5248.0	n/a	n/a	n/a	n/a
227.061	0.026	saccade	n/a	197.2	205.3	n/a	262.3	200.4	2.25	128.0
227.089	0.112	fixation	n/a	261.1	201.4	5319.0	n/a	n/a	n/a	n/a
227.203	0.154	saccade	n/a	260.1	201.4	n/a	330.2	171.0	2.64	1274.0
227.245	0.048	blink	n/a	n/a	n/a	n/a	n/a	n/a	n/a	n/a
227.359	0.186	fixation	n/a	328.0	190.8	5239.0	n/a	n/a	n/a	n/a
227.547	0.034	saccade	n/a	329.1	196.7	n/a	223.9	203.8	3.64	186.0
227.583	0.192	fixation	n/a	231.0	204.8	5310.0	n/a	n/a	n/a	n/a
227.777	0.026	saccade	n/a	231.3	205.9	n/a	296.0	198.9	2.24	145.0
227.805	0.172	fixation	n/a	294.0	199.2	5342.0	n/a	n/a	n/a	n/a
227.979	0.174	saccade	n/a	298.4	196.8	n/a	162.9	146.3	4.96	1399.0
228.007	0.068	blink	n/a	n/a	n/a	n/a	n/a	n/a	n/a	n/a
228.155	0.11	fixation	n/a	162.5	152.5	5449.0	n/a	n/a	n/a	n/a
228.267	0.02	saccade	n/a	159.5	164.7	n/a	123.8	154.5	1.26	96.0
228.289	0.132	fixation	n/a	133.4	161.6	5460.0	n/a	n/a	n/a	n/a
228.423	0.044	saccade	n/a	135.3	165.2	n/a	333.7	130.9	6.9	307.0
228.469	0.296	fixation	n/a	339.8	138.4	5409.0	n/a	n/a	n/a	n/a
228.767	0.026	saccade	n/a	342.2	140.9	n/a	408.1	141.9	2.27	135.0
228.795	0.164	fixation	n/a	403.1	141.4	5423.0	n/a	n/a	n/a	n/a
228.961	0.028	saccade	n/a	402.9	144.8	n/a	330.5	145.3	2.5	155.0
228.991	0.164	fixation	n/a	338.2	148.0	5456.0	n/a	n/a	n/a	n/a
229.157	0.03	saccade	n/a	340.4	151.9	n/a	425.9	148.8	2.96	163.0
229.189	0.196	fixation	n/a	426.3	146.8	5425.0	n/a	n/a	n/a	n/a
229.387	0.028	saccade	n/a	431.5	145.6	n/a	510.5	141.7	2.72	160.0
229.417	0.234	fixation	n/a	511.3	144.8	5456.0	n/a	n/a	n/a	n/a
229.653	0.062	saccade	n/a	514.2	147.8	n/a	146.6	213.2	12.81	397.0
229.717	0.168	fixation	n/a	153.6	215.6	5575.0	n/a	n/a	n/a	n/a
229.887	0.032	saccade	n/a	154.8	216.4	n/a	254.0	211.2	3.43	204.0
229.921	0.296	fixation	n/a	255.1	204.7	5689.0	n/a	n/a	n/a	n/a
230.219	0.026	saccade	n/a	253.8	199.4	n/a	316.5	197.1	2.17	140.0
230.247	0.102	fixation	n/a	311.7	195.9	5728.0	n/a	n/a	n/a	n/a
230.351	0.182	saccade	n/a	313.2	190.4	n/a	262.3	152.5	2.2	1416.0
230.393	0.066	blink	n/a	n/a	n/a	n/a	n/a	n/a	n/a	n/a
230.535	0.194	fixation	n/a	260.4	176.6	5697.0	n/a	n/a	n/a	n/a
230.7	0.0	trigger_11	11	n/a	n/a	n/a	n/a	n/a	n/a	n/a
230.731	0.03	saccade	n/a	259.0	190.7	n/a	181.3	143.8	3.13	194.0
230.763	0.21	fixation	n/a	186.0	153.4	5581.0	n/a	n/a	n/a	n/a
230.804	0.0	trigger_10	10	n/a	n/a	n/a	n/a	n/a	n/a	n/a
230.975	0.028	saccade	n/a	185.9	156.7	n/a	116.6	161.8	2.37	152.0
231.005	0.104	fixation	n/a	124.6	162.1	5470.0	n/a	n/a	n/a	n/a
231.111	0.03	saccade	n/a	129.0	162.6	n/a	232.5	146.6	3.58	197.0
231.143	0.21	fixation	n/a	237.7	151.3	5470.0	n/a	n/a	n/a	n/a
231.355	0.03	saccade	n/a	242.0	159.6	n/a	323.1	153.3	2.8	164.0
231.387	0.19	fixation	n/a	322.7	154.7	5331.0	n/a	n/a	n/a	n/a
231.579	0.03	saccade	n/a	326.2	157.1	n/a	418.1	150.6	3.18	178.0
231.611	0.182	fixation	n/a	417.6	151.4	5258.0	n/a	n/a	n/a	n/a
231.795	0.022	saccade	n/a	420.6	154.2	n/a	469.0	148.6	1.67	108.0
231.819	0.114	fixation	n/a	465.0	152.1	5212.0	n/a	n/a	n/a	n/a
231.935	0.03	saccade	n/a	468.1	154.3	n/a	554.7	153.1	2.96	165.0
231.967	0.206	fixation	n/a	553.6	159.1	5084.0	n/a	n/a	n/a	n/a
232.175	0.018	saccade	n/a	559.1	162.7	n/a	586.2	165.3	0.92	66.0
232.195	0.102	fixation	n/a	587.5	167.6	4985.0	n/a	n/a	n/a	n/a
232.299	0.07	saccade	n/a	587.9	167.2	n/a	130.2	229.3	15.66	396.0
232.371	0.128	fixation	n/a	136.6	231.7	4970.0	n/a	n/a	n/a	n/a
232.501	0.016	saccade	n/a	134.3	231.9	n/a	110.1	232.5	0.82	64.0
232.519	0.138	fixation	n/a	113.7	233.9	4923.0	n/a	n/a	n/a	n/a
232.659	0.156	saccade	n/a	114.7	234.0	n/a	192.3	206.0	2.82	1472.0
232.697	0.042	blink	n/a	n/a	n/a	n/a	n/a	n/a	n/a	n/a
232.817	0.148	fixation	n/a	189.1	225.4	4957.0	n/a	n/a	n/a	n/a
232.967	0.024	saccade	n/a	192.2	232.6	n/a	256.5	222.6	2.24	134.0
232.993	0.234	fixation	n/a	254.8	227.4	4983.0	n/a	n/a	n/a	n/a
233.229	0.03	saccade	n/a	252.6	227.4	n/a	352.7	224.9	3.46	186.0
233.261	0.402	fixation	n/a	351.1	225.7	4902.0	n/a	n/a	n/a	n/a
233.665	0.032	saccade	n/a	350.8	230.6	n/a	247.1	236.1	3.59	193.0
233.699	0.196	fixation	n/a	254.4	239.1	4833.0	n/a	n/a	n/a	n/a
233.897	0.034	saccade	n/a	256.9	240.0	n/a	365.9	232.7	3.78	190.0
233.933	0.19	fixation	n/a	365.4	228.4	4812.0	n/a	n/a	n/a	n/a
234.125	0.028	saccade	n/a	366.3	224.8	n/a	448.2	230.8	2.83	171.0
234.155	0.222	fixation	n/a	447.8	229.2	4829.0	n/a	n/a	n/a	n/a
234.379	0.054	saccade	n/a	448.5	228.3	n/a	208.6	172.3	8.47	319.0
234.435	0.168	fixation	n/a	213.4	178.3	4845.0	n/a	n/a	n/a	n/a
234.605	0.026	saccade	n/a	216.6	180.9	n/a	284.2	175.9	2.33	136.0
234.633	0.216	fixation	n/a	281.7	176.2	4800.0	n/a	n/a	n/a	n/a
234.851	0.026	saccade	n/a	282.8	177.6	n/a	349.9	174.7	2.32	140.0
234.879	0.14	fixation	n/a	347.5	173.4	4798.0	n/a	n/a	n/a	n/a
235.021	0.034	saccade	n/a	347.1	172.8	n/a	463.0	174.0	3.99	209.0
235.057	0.37	fixation	n/a	465.3	176.4	4817.0	n/a	n/a	n/a	n/a
235.196	0.0	trigger_11	11	n/a	n/a	n/a	n/a	n/a	n/a	n/a
235.3	0.0	trigger_10	10	n/a	n/a	n/a	n/a	n/a	n/a	n/a
235.429	0.05	saccade	n/a	464.3	174.9	n/a	184.2	213.0	9.7	345.0
235.481	0.102	fixation	n/a	192.6	214.8	4917.0	n/a	n/a	n/a	n/a
235.585	0.026	saccade	n/a	192.1	213.4	n/a	140.1	194.1	1.9	132.0
235.613	0.194	fixation	n/a	144.8	194.5	4975.0	n/a	n/a	n/a	n/a
235.809	0.024	saccade	n/a	142.6	187.1	n/a	200.5	179.4	1.99	111.0
235.835	0.12	fixation	n/a	205.4	180.6	4928.0	n/a	n/a	n/a	n/a
235.957	0.024	saccade	n/a	210.5	180.6	n/a	270.5	174.2	2.07	124.0
235.983	0.198	fixation	n/a	272.0	173.9	4847.0	n/a	n/a	n/a	n/a
236.183	0.028	saccade	n/a	275.1	173.9	n/a	362.0	174.8	2.99	147.0
236.213	0.152	fixation	n/a	370.8	174.4	4757.0	n/a	n/a	n/a	n/a
236.367	0.164	saccade	n/a	371.2	176.5	n/a	234.6	151.7	4.78	1426.0
236.409	0.042	blink	n/a	n/a	n/a	n/a	n/a	n/a	n/a	n/a
236.533	0.204	fixation	n/a	237.2	174.7	4676.0	n/a	n/a	n/a	n/a
236.739	0.036	saccade	n/a	241.9	180.9	n/a	376.2	171.7	4.63	209.0
236.777	0.282	fixation	n/a	380.7	170.9	4473.0	n/a	n/a	n/a	n/a
237.061	0.024	saccade	n/a	384.1	166.2	n/a	442.9	164.7	2.02	121.0
237.087	0.208	fixation	n/a	445.1	167.5	4426.0	n/a	n/a	n/a	n/a
237.297	0.022	saccade	n/a	447.1	166.9	n/a	493.7	166.7	1.6	100.0
237.321	0.354	fixation	n/a	490.6	164.0	4521.0	n/a	n/a	n/a	n/a
237.677	0.204	saccade	n/a	491.7	164.3	n/a	595.8	140.4	3.63	1361.0
237.717	0.024	blink	n/a	n/a	n/a	n/a	n/a	n/a	n/a	n/a
237.883	0.302	fixation	n/a	593.0	160.9	4534.0	n/a	n/a	n/a	n/a
238.187	0.068	saccade	n/a	587.9	165.9	n/a	146.1	226.2	15.12	389.0
238.257	0.108	fixation	n/a	153.5	227.8	4622.0	n/a	n/a	n/a	n/a
238.367	0.02	saccade	n/a	152.3	230.1	n/a	111.7	232.7	1.38	102.0
238.389	0.126	fixation	n/a	118.1	232.9	4671.0	n/a	n/a	n/a	n/a
238.517	0.03	saccade	n/a	124.2	234.9	n/a	212.8	225.4	3.05	174.0
238.549	0.274	fixation	n/a	211.8	227.0	4816.0	n/a	n/a	n/a	n/a
238.825	0.026	saccade	n/a	213.0	229.5	n/a	287.7	226.0	2.57	145.0
238.853	0.194	fixation	n/a	288.5	229.2	4882.0	n/a	n/a	n/a	n/a
239.049	0.03	saccade	n/a	290.5	231.0	n/a	376.9	226.0	2.99	172.0
239.081	0.232	fixation	n/a	375.6	226.4	4871.0	n/a	n/a	n/a	n/a
239.315	0.02	saccade	n/a	377.6	229.3	n/a	414.0	229.7	1.26	87.0
239.337	0.154	fixation	n/a	413.6	234.1	4870.0	n/a	n/a	n/a	n/a
239.493	0.166	saccade	n/a	412.9	234.7	n/a	460.4	209.2	1.86	1014.0
239.539	0.032	blink	n/a	n/a	n/a	n/a	n/a	n/a	n/a	n/a
239.661	0.192	fixation	n/a	452.2	237.0	4704.0	n/a	n/a	n/a	n/a
239.855	0.024	saccade	n/a	449.9	241.4	n/a	402.2	236.6	1.65	112.0
239.881	0.126	fixation	n/a	406.1	237.5	4674.0	n/a	n/a	n/a	n/a
240.009	0.032	saccade	n/a	405.5	236.3	n/a	477.9	183.3	3.11	160.0
240.043	0.212	fixation	n/a	480.5	183.4	4521.0	n/a	n/a	n/a	n/a
240.257	0.03	saccade	n/a	479.8	180.1	n/a	408.6	233.1	3.07	183.0
240.289	0.322	fixation	n/a	413.1	231.4	4519.0	n/a	n/a	n/a	n/a
240.613	0.028	saccade	n/a	413.0	236.7	n/a	478.5	233.4	2.27	140.0
240.643	0.122	fixation	n/a	476.0	228.9	4551.0	n/a	n/a	n/a	n/a
240.767	0.158	saccade	n/a	476.5	227.5	n/a	535.9	203.4	2.2	1319.0
240.809	0.044	blink	n/a	n/a	n/a	n/a	n/a	n/a	n/a	n/a
240.927	0.132	fixation	n/a	525.4	217.8	4511.0	n/a	n/a	n/a	n/a
241.061	0.028	saccade	n/a	526.4	232.6	n/a	462.0	231.9	2.21	143.0
241.091	0.134	fixation	n/a	464.6	232.9	4500.0	n/a	n/a	n/a	n/a
241.227	0.028	saccade	n/a	463.3	231.0	n/a	540.6	232.0	2.65	154.0
241.257	0.198	fixation	n/a	540.4	234.0	4481.0	n/a	n/a	n/a	n/a
241.457	0.018	saccade	n/a	537.4	229.7	n/a	509.6	229.3	0.95	70.0
241.477	0.13	fixation	n/a	513.4	231.9	4551.0	n/a	n/a	n/a	n/a
241.609	0.062	saccade	n/a	513.4	234.7	n/a	149.7	293.1	12.62	351.0
241.673	0.172	fixation	n/a	154.1	293.8	4613.0	n/a	n/a	n/a	n/a
241.847	0.016	saccade	n/a	152.8	293.5	n/a	126.8	297.7	0.9	70.0
241.865	0.088	fixation	n/a	132.8	300.7	4604.0	n/a	n/a	n/a	n/a
241.955	0.028	saccade	n/a	133.9	301.0	n/a	206.3	295.2	2.49	160.0
241.985	0.13	fixation	n/a	204.4	296.5	4550.0	n/a	n/a	n/a	n/a
242.117	0.188	saccade	n/a	200.5	292.9	n/a	263.7	271.2	2.3	1407.0
242.149	0.08	blink	n/a	n/a	n/a	n/a	n/a	n/a	n/a	n/a
242.307	0.216	fixation	n/a	263.5	279.6	4422.0	n/a	n/a	n/a	n/a
242.525	0.032	saccade	n/a	264.7	278.9	n/a	282.2	182.8	3.41	188.0
242.559	0.138	fixation	n/a	276.4	185.5	4398.0	n/a	n/a	n/a	n/a
242.699	0.026	saccade	n/a	272.0	184.4	n/a	199.9	171.2	2.52	150.0
242.727	0.176	fixation	n/a	198.8	173.2	4346.0	n/a	n/a	n/a	n/a
242.905	0.036	saccade	n/a	198.6	170.9	n/a	331.7	148.9	4.64	223.0
242.943	0.688	fixation	n/a	337.9	158.2	4414.0	n/a	n/a	n/a	n/a
243.374	0.0	trigger_11	11	n/a	n/a	n/a	n/a	n/a	n/a	n/a
243.476	0.0	trigger_10	10	n/a	n/a	n/a	n/a	n/a	n/a	n/a
243.633	0.044	saccade	n/a	334.4	160.5	n/a	146.9	165.5	6.42	268.0
243.679	0.238	fixation	n/a	152.0	164.1	4596.0	n/a	n/a	n/a	n/a
243.919	0.024	saccade	n/a	153.4	165.5	n/a	215.0	155.9	2.13	131.0
243.945	0.228	fixation	n/a	214.6	156.7	4565.0	n/a	n/a	n/a	n/a
244.175	0.028	saccade	n/a	216.8	155.9	n/a	298.5	155.2	2.8	168.0
244.205	0.182	fixation	n/a	298.2	156.2	4533.0	n/a	n/a	n/a	n/a
244.389	0.024	saccade	n/a	304.0	160.2	n/a	366.6	162.9	2.16	130.0
244.415	0.17	fixation	n/a	365.3	156.5	4528.0	n/a	n/a	n/a	n/a
244.587	0.036	saccade	n/a	367.5	152.8	n/a	467.1	176.2	3.52	145.0
244.625	0.02	fixation	n/a	468.1	176.6	4368.0	n/a	n/a	n/a	n/a
244.647	0.016	saccade	n/a	462.8	160.6	n/a	451.4	129.1	1.16	78.0
244.665	0.02	fixation	n/a	447.0	123.0	4562.0	n/a	n/a	n/a	n/a
244.687	0.19	saccade	n/a	446.8	121.2	n/a	451.2	125.2	0.2	1263.0
244.731	0.072	blink	n/a	n/a	n/a	n/a	n/a	n/a	n/a	n/a
244.879	0.236	fixation	n/a	447.7	154.3	4346.0	n/a	n/a	n/a	n/a
245.117	0.022	saccade	n/a	452.2	157.8	n/a	498.3	153.0	1.59	100.0
245.141	0.19	fixation	n/a	495.9	153.3	4135.0	n/a	n/a	n/a	n/a
245.333	0.03	saccade	n/a	500.6	147.3	n/a	428.1	151.3	2.49	167.0
245.365	0.18	fixation	n/a	436.3	148.9	3969.0	n/a	n/a	n/a	n/a
245.547	0.04	saccade	n/a	438.4	148.8	n/a	577.8	144.7	4.76	181.0
245.589	0.198	fixation	n/a	581.4	141.0	3932.0	n/a	n/a	n/a	n/a
245.789	0.018	saccade	n/a	586.2	142.0	n/a	614.7	142.3	0.96	68.0
245.809	0.08	fixation	n/a	614.1	140.6	3915.0	n/a	n/a	n/a	n/a
245.891	0.074	saccade	n/a	612.3	140.2	n/a	135.5	204.0	16.26	357.0
245.967	0.202	fixation	n/a	144.3	213.7	3890.0	n/a	n/a	n/a	n/a
246.171	0.026	saccade	n/a	147.7	215.3	n/a	227.2	215.2	2.72	140.0
246.199	0.218	fixation	n/a	232.6	215.2	3877.0	n/a	n/a	n/a	n/a
246.419	0.028	saccade	n/a	235.7	219.4	n/a	317.5	211.1	2.84	164.0
246.449	0.074	fixation	n/a	319.0	211.8	3861.0	n/a	n/a	n/a	n/a
246.525	0.214	saccade	n/a	320.2	211.7	n/a	285.4	197.1	1.3	1182.0
246.557	0.1	blink	n/a	n/a	n/a	n/a	n/a	n/a	n/a	n/a
246.741	0.138	fixation	n/a	283.5	198.7	3900.0	n/a	n/a	n/a	n/a
246.881	0.028	saccade	n/a	288.0	205.0	n/a	372.3	211.7	2.92	141.0
246.911	0.508	fixation	n/a	370.1	214.0	3918.0	n/a	n/a	n/a	n/a
247.15	0.0	trigger_11	11	n/a	n/a	n/a	n/a	n/a	n/a	n/a
247.252	0.0	trigger_10	10	n/a	n/a	n/a	n/a	n/a	n/a	n/a
247.421	0.036	saccade	n/a	363.4	209.8	n/a	215.9	151.7	5.45	253.0
247.459	0.144	fixation	n/a	216.4	156.0	4034.0	n/a	n/a	n/a	n/a
247.605	0.028	saccade	n/a	218.0	159.9	n/a	149.9	161.7	2.33	146.0
247.635	0.21	fixation	n/a	149.6	161.0	4136.0	n/a	n/a	n/a	n/a
247.847	0.024	saccade	n/a	150.1	160.0	n/a	205.1	159.7	1.88	118.0
247.873	0.076	fixation	n/a	200.4	158.0	4187.0	n/a	n/a	n/a	n/a
247.951	0.196	saccade	n/a	200.1	162.6	n/a	151.4	145.0	1.76	1340.0
247.987	0.086	blink	n/a	n/a	n/a	n/a	n/a	n/a	n/a	n/a
248.149	0.25	fixation	n/a	157.8	154.1	4338.0	n/a	n/a	n/a	n/a
248.401	0.024	saccade	n/a	162.7	155.4	n/a	227.0	144.7	2.23	126.0
248.427	0.164	fixation	n/a	225.4	146.2	4322.0	n/a	n/a	n/a	n/a
248.593	0.024	saccade	n/a	228.0	152.3	n/a	281.3	154.9	1.83	113.0
248.619	0.18	fixation	n/a	283.5	149.7	4259.0	n/a	n/a	n/a	n/a
248.801	0.026	saccade	n/a	286.3	150.5	n/a	353.8	149.7	2.32	153.0
248.829	0.222	fixation	n/a	358.2	153.3	4298.0	n/a	n/a	n/a	n/a
249.053	0.03	saccade	n/a	363.1	157.5	n/a	458.0	155.4	3.26	189.0
249.085	0.262	fixation	n/a	458.2	154.5	4332.0	n/a	n/a	n/a	n/a
249.349	0.02	saccade	n/a	459.3	153.3	n/a	497.7	150.3	1.32	88.0
249.371	0.184	fixation	n/a	494.9	151.3	4350.0	n/a	n/a	n/a	n/a
249.557	0.022	saccade	n/a	497.4	149.1	n/a	545.3	146.4	1.63	97.0
249.581	0.148	fixation	n/a	543.8	146.0	4383.0	n/a	n/a	n/a	n/a
249.731	0.18	saccade	n/a	545.7	146.8	n/a	443.7	118.5	3.61	1742.0
249.783	0.038	blink	n/a	n/a	n/a	n/a	n/a	n/a	n/a	n/a
249.913	0.36	fixation	n/a	436.6	148.7	4470.0	n/a	n/a	n/a	n/a
250.006	0.0	trigger_11	11	n/a	n/a	n/a	n/a	n/a	n/a	n/a
250.108	0.0	trigger_10	10	n/a	n/a	n/a	n/a	n/a	n/a	n/a
250.275	0.052	saccade	n/a	432.7	152.2	n/a	144.5	179.4	9.88	336.0
250.329	0.332	fixation	n/a	159.4	170.3	4483.0	n/a	n/a	n/a	n/a
250.663	0.026	saccade	n/a	171.4	165.8	n/a	244.2	159.4	2.5	134.0
250.691	0.184	fixation	n/a	252.1	160.2	4450.0	n/a	n/a	n/a	n/a
250.877	0.034	saccade	n/a	255.4	160.6	n/a	359.2	162.6	3.57	184.0
250.913	0.158	fixation	n/a	362.1	161.2	4463.0	n/a	n/a	n/a	n/a
251.073	0.024	saccade	n/a	365.4	162.5	n/a	427.5	159.4	2.14	122.0
251.099	0.194	fixation	n/a	432.2	161.6	4498.0	n/a	n/a	n/a	n/a
251.295	0.024	saccade	n/a	435.4	162.3	n/a	497.0	159.1	2.11	123.0
251.321	0.194	fixation	n/a	496.8	158.9	4548.0	n/a	n/a	n/a	n/a
251.517	0.026	saccade	n/a	501.6	161.4	n/a	577.7	160.4	2.58	141.0
251.545	0.194	fixation	n/a	577.8	158.8	4443.0	n/a	n/a	n/a	n/a
251.741	0.02	saccade	n/a	582.4	158.2	n/a	619.8	156.8	1.26	82.0
251.763	0.16	fixation	n/a	623.8	154.8	4323.0	n/a	n/a	n/a	n/a
251.925	0.058	saccade	n/a	624.6	154.8	n/a	339.2	160.0	9.71	308.0
251.985	0.168	fixation	n/a	350.8	157.7	4232.0	n/a	n/a	n/a	n/a
252.155	0.026	saccade	n/a	349.7	157.8	n/a	282.4	160.8	2.32	148.0
252.183	0.178	fixation	n/a	286.4	162.5	4175.0	n/a	n/a	n/a	n/a
252.363	0.032	saccade	n/a	287.0	166.2	n/a	203.0	158.1	2.9	165.0
252.397	0.204	fixation	n/a	207.3	159.3	4201.0	n/a	n/a	n/a	n/a
252.603	0.028	saccade	n/a	210.3	162.3	n/a	290.9	160.5	2.77	144.0
252.633	0.152	fixation	n/a	292.3	159.8	4157.0	n/a	n/a	n/a	n/a
252.787	0.026	saccade	n/a	293.3	157.5	n/a	359.8	159.8	2.29	127.0
252.815	0.156	fixation	n/a	366.2	160.6	4072.0	n/a	n/a	n/a	n/a
252.973	0.16	saccade	n/a	369.4	162.3	n/a	473.2	130.5	3.73	1248.0
253.011	0.042	blink	n/a	n/a	n/a	n/a	n/a	n/a	n/a	n/a
253.135	0.248	fixation	n/a	462.5	142.3	3936.0	n/a	n/a	n/a	n/a
253.385	0.026	saccade	n/a	464.9	143.7	n/a	526.8	147.4	2.12	115.0
253.413	0.154	fixation	n/a	534.1	144.3	3805.0	n/a	n/a	n/a	n/a
253.569	0.026	saccade	n/a	536.5	141.7	n/a	599.6	147.1	2.14	112.0
253.597	0.146	fixation	n/a	604.8	144.8	3694.0	n/a	n/a	n/a	n/a
253.745	0.018	saccade	n/a	610.3	147.4	n/a	641.9	145.6	1.06	74.0
253.765	0.276	fixation	n/a	646.2	141.8	3633.0	n/a	n/a	n/a	n/a
254.043	0.076	saccade	n/a	647.4	137.8	n/a	164.2	193.6	16.38	331.0
254.121	0.55	fixation	n/a	173.4	204.0	3621.0	n/a	n/a	n/a	n/a
254.673	0.026	saccade	n/a	179.4	200.2	n/a	185.0	146.2	1.88	94.0
254.701	0.214	fixation	n/a	197.0	141.1	3589.0	n/a	n/a	n/a	n/a
254.917	0.028	saccade	n/a	200.5	143.4	n/a	289.4	139.2	3.05	157.0
254.947	0.412	fixation	n/a	297.1	137.5	3630.0	n/a	n/a	n/a	n/a
255.094	0.0	trigger_11	11	n/a	n/a	n/a	n/a	n/a	n/a	n/a
255.202	0.0	trigger_10	10	n/a	n/a	n/a	n/a	n/a	n/a	n/a
255.361	0.036	saccade	n/a	299.3	138.6	n/a	168.2	144.5	4.49	218.0
255.399	0.154	fixation	n/a	173.8	147.3	3752.0	n/a	n/a	n/a	n/a
255.555	0.018	saccade	n/a	172.7	147.3	n/a	141.1	144.1	1.08	79.0
255.575	0.108	fixation	n/a	144.5	148.7	3899.0	n/a	n/a	n/a	n/a
255.685	0.024	saccade	n/a	146.2	151.4	n/a	212.6	141.7	2.28	136.0
255.711	0.202	fixation	n/a	215.8	141.2	3983.0	n/a	n/a	n/a	n/a
255.915	0.038	saccade	n/a	217.7	141.6	n/a	357.3	140.1	4.78	216.0
255.955	0.134	fixation	n/a	361.0	142.9	3999.0	n/a	n/a	n/a	n/a
256.091	0.034	saccade	n/a	360.0	145.8	n/a	250.8	142.7	3.75	220.0
256.127	0.418	fixation	n/a	262.6	150.4	4150.0	n/a	n/a	n/a	n/a
256.547	0.032	saccade	n/a	272.3	157.1	n/a	380.1	156.4	3.72	191.0
256.581	0.138	fixation	n/a	378.8	153.2	4155.0	n/a	n/a	n/a	n/a
256.721	0.218	saccade	n/a	378.7	151.9	n/a	456.8	112.1	3.01	1254.0
256.757	0.076	blink	n/a	n/a	n/a	n/a	n/a	n/a	n/a	n/a
256.941	0.228	fixation	n/a	450.8	142.2	3995.0	n/a	n/a	n/a	n/a
257.171	0.02	saccade	n/a	456.5	146.0	n/a	487.7	143.6	1.07	67.0
257.193	0.126	fixation	n/a	494.5	140.2	3862.0	n/a	n/a	n/a	n/a
257.321	0.03	saccade	n/a	499.5	133.9	n/a	594.5	135.8	3.22	148.0
257.353	0.152	fixation	n/a	598.2	130.0	3711.0	n/a	n/a	n/a	n/a
257.507	0.02	saccade	n/a	602.8	126.1	n/a	639.2	126.6	1.21	80.0
257.529	0.15	fixation	n/a	640.9	126.8	3650.0	n/a	n/a	n/a	n/a
257.681	0.076	saccade	n/a	642.3	129.2	n/a	170.2	191.4	16.07	313.0
257.759	0.124	fixation	n/a	165.3	199.5	3625.0	n/a	n/a	n/a	n/a
257.885	0.018	saccade	n/a	165.0	198.6	n/a	135.1	198.4	1.02	71.0
257.905	0.168	fixation	n/a	134.0	198.6	3574.0	n/a	n/a	n/a	n/a
258.075	0.022	saccade	n/a	139.5	201.4	n/a	193.5	201.7	1.84	109.0
258.099	0.178	fixation	n/a	203.0	200.9	3569.0	n/a	n/a	n/a	n/a
258.279	0.03	saccade	n/a	208.2	203.3	n/a	303.5	195.5	3.29	138.0
258.311	0.182	fixation	n/a	316.4	192.0	3553.0	n/a	n/a	n/a	n/a
258.495	0.024	saccade	n/a	319.1	193.2	n/a	370.3	193.6	1.77	108.0
258.521	0.21	fixation	n/a	377.0	195.2	3531.0	n/a	n/a	n/a	n/a
258.733	0.026	saccade	n/a	381.5	195.2	n/a	453.6	193.9	2.48	136.0
258.761	0.142	fixation	n/a	458.9	192.5	3523.0	n/a	n/a	n/a	n/a
258.905	0.032	saccade	n/a	459.6	194.4	n/a	355.1	196.1	3.6	194.0
258.939	0.164	fixation	n/a	364.1	197.5	3518.0	n/a	n/a	n/a	n/a
259.105	0.032	saccade	n/a	367.4	197.3	n/a	477.7	193.9	3.79	181.0
259.139	0.2	fixation	n/a	481.1	192.0	3541.0	n/a	n/a	n/a	n/a
259.341	0.184	saccade	n/a	484.7	194.4	n/a	593.3	167.5	3.8	997.0
259.385	0.052	blink	n/a	n/a	n/a	n/a	n/a	n/a	n/a	n/a
259.527	0.15	fixation	n/a	571.2	188.7	3650.0	n/a	n/a	n/a	n/a
259.679	0.074	saccade	n/a	566.6	198.5	n/a	140.3	235.6	14.53	325.0
259.755	0.318	fixation	n/a	141.9	262.7	3752.0	n/a	n/a	n/a	n/a
260.075	0.202	saccade	n/a	139.1	274.5	n/a	186.7	148.7	4.66	933.0
260.115	0.078	blink	n/a	n/a	n/a	n/a	n/a	n/a	n/a	n/a
260.279	0.112	fixation	n/a	185.1	143.6	3899.0	n/a	n/a	n/a	n/a
260.393	0.026	saccade	n/a	188.1	152.7	n/a	253.8	147.9	2.25	123.0
260.421	0.148	fixation	n/a	262.5	147.2	3964.0	n/a	n/a	n/a	n/a
260.571	0.028	saccade	n/a	264.1	152.2	n/a	358.7	153.9	3.25	164.0
260.601	0.17	fixation	n/a	359.7	148.1	4002.0	n/a	n/a	n/a	n/a
260.773	0.022	saccade	n/a	360.2	144.6	n/a	408.6	144.5	1.66	106.0
260.797	0.156	fixation	n/a	409.2	144.6	4055.0	n/a	n/a	n/a	n/a
260.955	0.026	saccade	n/a	411.6	148.1	n/a	483.8	149.5	2.47	149.0
260.983	0.158	fixation	n/a	483.8	150.7	4128.0	n/a	n/a	n/a	n/a
261.143	0.036	saccade	n/a	484.3	150.5	n/a	610.0	146.8	4.26	195.0
261.181	0.146	fixation	n/a	609.8	146.5	4152.0	n/a	n/a	n/a	n/a
261.329	0.07	saccade	n/a	607.1	147.3	n/a	147.2	198.3	15.61	388.0
261.401	0.132	fixation	n/a	156.8	205.2	4265.0	n/a	n/a	n/a	n/a
261.535	0.02	saccade	n/a	156.9	209.0	n/a	121.8	219.2	1.25	93.0
261.557	0.036	fixation	n/a	126.9	220.5	4251.0	n/a	n/a	n/a	n/a
261.595	0.198	saccade	n/a	128.5	221.1	n/a	288.8	197.9	5.54	1278.0
261.635	0.076	blink	n/a	n/a	n/a	n/a	n/a	n/a	n/a	n/a
261.795	0.12	fixation	n/a	281.5	205.5	4287.0	n/a	n/a	n/a	n/a
261.917	0.026	saccade	n/a	287.4	214.5	n/a	364.7	212.7	2.67	152.0
261.945	0.206	fixation	n/a	363.0	216.6	4293.0	n/a	n/a	n/a	n/a
262.153	0.024	saccade	n/a	363.5	216.9	n/a	423.7	224.0	2.09	123.0
262.179	0.192	fixation	n/a	424.5	218.3	4180.0	n/a	n/a	n/a	n/a
262.373	0.022	saccade	n/a	429.5	214.8	n/a	478.4	216.0	1.68	108.0
262.397	0.326	fixation	n/a	484.3	216.1	4180.0	n/a	n/a	n/a	n/a
262.725	0.018	saccade	n/a	490.5	217.9	n/a	520.6	217.3	1.03	74.0
262.745	0.074	fixation	n/a	519.5	219.0	4190.0	n/a	n/a	n/a	n/a
262.821	0.036	saccade	n/a	518.7	220.1	n/a	363.5	217.5	5.33	224.0
262.859	0.166	fixation	n/a	358.9	220.9	4257.0	n/a	n/a	n/a	n/a
263.027	0.206	saccade	n/a	358.3	220.8	n/a	393.0	196.5	1.46	1283.0
263.065	0.06	blink	n/a	n/a	n/a	n/a	n/a	n/a	n/a	n/a
263.235	0.226	fixation	n/a	389.2	199.9	4390.0	n/a	n/a	n/a	n/a
263.463	0.026	saccade	n/a	391.9	213.0	n/a	457.2	216.3	2.25	127.0
263.491	0.21	fixation	n/a	456.2	221.0	4243.0	n/a	n/a	n/a	n/a
263.703	0.022	saccade	n/a	458.9	218.2	n/a	509.9	217.4	1.75	108.0
263.727	0.144	fixation	n/a	515.9	216.8	4098.0	n/a	n/a	n/a	n/a
263.873	0.02	saccade	n/a	520.7	216.4	n/a	556.7	219.2	1.23	80.0
263.895	0.124	fixation	n/a	560.1	216.9	4028.0	n/a	n/a	n/a	n/a
264.021	0.068	saccade	n/a	562.2	218.7	n/a	178.4	271.4	13.23	297.0
264.091	0.208	fixation	n/a	174.0	277.3	4022.0	n/a	n/a	n/a	n/a
264.301	0.202	saccade	n/a	180.6	264.0	n/a	249.8	167.1	4.12	1057.0
264.341	0.084	blink	n/a	n/a	n/a	n/a	n/a	n/a	n/a	n/a
264.505	0.268	fixation	n/a	245.3	161.3	3919.0	n/a	n/a	n/a	n/a
264.51	0.0	trigger_11	11	n/a	n/a	n/a	n/a	n/a	n/a	n/a
264.62	0.0	trigger_10	10	n/a	n/a	n/a	n/a	n/a	n/a	n/a
264.775	0.028	saccade	n/a	247.1	173.6	n/a	158.2	158.6	3.08	172.0
264.805	0.228	fixation	n/a	157.7	160.1	3922.0	n/a	n/a	n/a	n/a
265.035	0.022	saccade	n/a	159.0	158.1	n/a	203.9	148.8	1.57	95.0
265.059	0.152	fixation	n/a	206.2	150.0	3907.0	n/a	n/a	n/a	n/a
265.213	0.024	saccade	n/a	202.6	152.8	n/a	145.3	157.0	1.96	120.0
265.239	0.47	fixation	n/a	144.9	152.0	3888.0	n/a	n/a	n/a	n/a
265.711	0.02	saccade	n/a	147.9	147.7	n/a	193.2	145.4	1.54	104.0
265.733	0.098	fixation	n/a	194.4	145.9	4025.0	n/a	n/a	n/a	n/a
265.833	0.024	saccade	n/a	196.8	146.6	n/a	254.6	147.7	1.98	119.0
265.859	0.182	fixation	n/a	256.6	148.7	4094.0	n/a	n/a	n/a	n/a
266.043	0.016	saccade	n/a	254.2	146.9	n/a	231.9	147.4	0.76	58.0
266.061	0.104	fixation	n/a	233.3	147.8	4120.0	n/a	n/a	n/a	n/a
266.167	0.03	saccade	n/a	236.8	149.2	n/a	331.6	142.5	3.26	156.0
266.199	0.198	fixation	n/a	332.6	141.7	4139.0	n/a	n/a	n/a	n/a
266.399	0.026	saccade	n/a	327.9	139.0	n/a	265.4	142.9	2.15	127.0
266.427	0.142	fixation	n/a	269.9	148.1	4082.0	n/a	n/a	n/a	n/a
266.571	0.19	saccade	n/a	271.2	151.8	n/a	286.4	136.3	0.75	1319.0
266.607	0.076	blink	n/a	n/a	n/a	n/a	n/a	n/a	n/a	n/a
266.763	0.284	fixation	n/a	289.2	150.1	3987.0	n/a	n/a	n/a	n/a
267.049	0.024	saccade	n/a	293.2	146.6	n/a	353.9	157.9	2.13	118.0
267.075	0.286	fixation	n/a	354.2	152.0	3876.0	n/a	n/a	n/a	n/a
267.363	0.026	saccade	n/a	356.5	151.8	n/a	435.4	143.2	2.73	136.0
267.391	0.282	fixation	n/a	439.4	141.2	3835.0	n/a	n/a	n/a	n/a
267.675	0.026	saccade	n/a	442.5	143.8	n/a	509.3	142.1	2.29	123.0
267.703	0.152	fixation	n/a	513.9	141.4	3872.0	n/a	n/a	n/a	n/a
267.857	0.026	saccade	n/a	510.3	141.4	n/a	452.3	145.2	1.98	128.0
267.885	0.134	fixation	n/a	460.6	152.9	3926.0	n/a	n/a	n/a	n/a
268.021	0.028	saccade	n/a	464.1	158.8	n/a	547.3	153.3	2.85	149.0
268.051	0.16	fixation	n/a	549.9	152.7	4002.0	n/a	n/a	n/a	n/a
268.213	0.022	saccade	n/a	551.4	154.1	n/a	594.6	152.0	1.46	90.0
268.237	0.524	fixation	n/a	584.4	151.1	4165.0	n/a	n/a	n/a	n/a
268.763	0.018	saccade	n/a	574.5	146.6	n/a	603.9	151.5	1.0	71.0
268.783	0.132	fixation	n/a	601.2	154.3	4277.0	n/a	n/a	n/a	n/a
268.917	0.018	saccade	n/a	601.9	155.4	n/a	633.8	154.1	1.07	75.0
268.937	0.206	fixation	n/a	631.7	154.1	4292.0	n/a	n/a	n/a	n/a
269.145	0.076	saccade	n/a	631.3	154.2	n/a	155.3	208.0	16.16	336.0
269.223	0.126	fixation	n/a	152.1	215.3	4251.0	n/a	n/a	n/a	n/a
269.351	0.016	saccade	n/a	151.0	214.5	n/a	124.1	217.5	0.92	72.0
269.369	0.074	fixation	n/a	127.3	220.6	4186.0	n/a	n/a	n/a	n/a
269.445	0.244	saccade	n/a	132.2	225.8	n/a	116.9	242.8	0.79	1240.0
269.483	0.098	blink	n/a	n/a	n/a	n/a	n/a	n/a	n/a	n/a
269.691	0.29	fixation	n/a	129.1	208.9	4027.0	n/a	n/a	n/a	n/a
269.983	0.018	saccade	n/a	135.7	215.6	n/a	108.7	213.6	0.92	66.0
270.003	0.696	fixation	n/a	124.7	208.5	3833.0	n/a	n/a	n/a	n/a
270.701	0.026	saccade	n/a	134.1	199.9	n/a	202.5	200.7	2.33	120.0
270.729	0.264	fixation	n/a	208.5	202.2	3731.0	n/a	n/a	n/a	n/a
270.995	0.212	saccade	n/a	202.6	206.0	n/a	280.9	207.7	2.7	1106.0
271.029	0.092	blink	n/a	n/a	n/a	n/a	n/a	n/a	n/a	n/a
271.209	0.03	fixation	n/a	276.5	198.9	3690.0	n/a	n/a	n/a	n/a
271.241	0.022	saccade	n/a	269.1	197.9	n/a	215.3	201.2	1.86	107.0
271.265	0.208	fixation	n/a	215.9	198.4	3751.0	n/a	n/a	n/a	n/a
271.475	0.024	saccade	n/a	218.4	200.6	n/a	280.7	195.4	2.15	125.0
271.501	0.276	fixation	n/a	287.6	199.0	3684.0	n/a	n/a	n/a	n/a
271.779	0.026	saccade	n/a	294.6	200.7	n/a	362.2	194.3	2.34	124.0
271.807	0.308	fixation	n/a	372.6	197.0	3719.0	n/a	n/a	n/a	n/a
272.117	0.024	saccade	n/a	380.9	199.2	n/a	433.3	203.7	1.82	100.0
272.143	0.06	fixation	n/a	436.5	206.3	3783.0	n/a	n/a	n/a	n/a
272.205	0.198	saccade	n/a	439.6	210.4	n/a	508.1	188.3	2.48	1202.0
272.237	0.088	blink	n/a	n/a	n/a	n/a	n/a	n/a	n/a	n/a
272.405	0.788	fixation	n/a	495.3	207.3	3972.0	n/a	n/a	n/a	n/a
273.195	0.016	saccade	n/a	490.5	204.7	n/a	510.2	202.1	0.68	50.0
273.213	0.41	fixation	n/a	507.9	203.3	3974.0	n/a	n/a	n/a	n/a
273.625	0.022	saccade	n/a	510.8	207.8	n/a	555.5	212.6	1.53	96.0
273.649	0.158	fixation	n/a	558.1	214.8	4033.0	n/a	n/a	n/a	n/a
273.809	0.022	saccade	n/a	557.8	214.2	n/a	600.7	211.5	1.46	92.0
273.833	0.48	fixation	n/a	609.1	213.0	4086.0	n/a	n/a	n/a	n/a
274.315	0.02	saccade	n/a	617.2	215.1	n/a	654.0	214.1	1.24	83.0
274.337	0.108	fixation	n/a	651.8	215.8	4066.0	n/a	n/a	n/a	n/a
274.447	0.074	saccade	n/a	650.2	218.7	n/a	193.1	253.5	15.54	315.0
274.523	0.086	fixation	n/a	182.8	258.5	4117.0	n/a	n/a	n/a	n/a
274.611	0.02	saccade	n/a	179.2	260.1	n/a	141.0	267.6	1.33	90.0
274.633	0.19	fixation	n/a	139.5	269.8	4032.0	n/a	n/a	n/a	n/a
274.825	0.022	saccade	n/a	142.1	270.7	n/a	184.6	275.8	1.47	86.0
274.849	0.066	fixation	n/a	187.6	272.9	3988.0	n/a	n/a	n/a	n/a
274.917	0.26	saccade	n/a	187.9	262.4	n/a	261.0	284.5	2.63	951.0
274.963	0.128	blink	n/a	n/a	n/a	n/a	n/a	n/a	n/a	n/a
275.179	0.226	fixation	n/a	254.2	269.2	3816.0	n/a	n/a	n/a	n/a
275.407	0.026	saccade	n/a	251.8	278.3	n/a	320.4	279.5	2.37	127.0
275.435	0.114	fixation	n/a	333.2	270.9	3721.0	n/a	n/a	n/a	n/a
275.551	0.2	saccade	n/a	333.4	267.2	n/a	361.5	254.2	1.07	989.0
275.581	0.1	blink	n/a	n/a	n/a	n/a	n/a	n/a	n/a	n/a
275.753	0.26	fixation	n/a	361.6	255.7	3496.0	n/a	n/a	n/a	n/a
276.015	0.024	saccade	n/a	366.4	258.8	n/a	420.0	261.8	1.85	107.0
276.041	0.176	fixation	n/a	423.1	266.8	3545.0	n/a	n/a	n/a	n/a
276.219	0.034	saccade	n/a	425.5	269.3	n/a	534.7	260.6	3.76	171.0
276.255	0.2	fixation	n/a	535.7	262.9	3571.0	n/a	n/a	n/a	n/a
276.457	0.024	saccade	n/a	536.9	263.2	n/a	591.2	260.0	1.85	115.0
276.483	0.186	fixation	n/a	593.1	262.0	3620.0	n/a	n/a	n/a	n/a
276.671	0.07	saccade	n/a	593.0	266.3	n/a	159.0	326.0	14.96	304.0
276.743	0.146	fixation	n/a	155.7	332.1	3667.0	n/a	n/a	n/a	n/a
276.891	0.016	saccade	n/a	150.0	329.5	n/a	126.9	331.9	0.79	64.0
276.909	0.164	fixation	n/a	131.6	334.3	3736.0	n/a	n/a	n/a	n/a
277.075	0.03	saccade	n/a	130.6	334.4	n/a	225.2	333.0	3.24	177.0
277.107	0.176	fixation	n/a	228.5	332.0	3832.0	n/a	n/a	n/a	n/a
277.285	0.02	saccade	n/a	231.5	332.6	n/a	264.9	332.8	1.15	75.0
277.307	0.274	fixation	n/a	265.4	335.4	3877.0	n/a	n/a	n/a	n/a
277.583	0.056	saccade	n/a	267.4	339.4	n/a	607.9	399.9	11.85	298.0
277.641	0.19	fixation	n/a	623.9	408.3	3871.0	n/a	n/a	n/a	n/a
277.833	0.02	saccade	n/a	627.9	408.4	n/a	663.9	413.8	1.22	84.0
277.855	0.074	fixation	n/a	665.3	415.3	3848.0	n/a	n/a	n/a	n/a
277.931	0.068	saccade	n/a	666.7	417.3	n/a	241.1	328.4	14.75	354.0
278.001	0.208	fixation	n/a	251.8	344.3	3779.0	n/a	n/a	n/a	n/a
278.211	0.024	saccade	n/a	256.6	345.8	n/a	306.6	340.0	1.75	100.0
278.237	0.09	fixation	n/a	309.1	336.4	3705.0	n/a	n/a	n/a	n/a
278.329	0.24	saccade	n/a	308.5	337.4	n/a	409.4	319.6	3.54	1093.0
278.361	0.084	blink	n/a	n/a	n/a	n/a	n/a	n/a	n/a	n/a
278.571	0.23	fixation	n/a	404.7	325.6	3740.0	n/a	n/a	n/a	n/a
278.803	0.028	saccade	n/a	403.5	330.5	n/a	339.0	330.1	2.23	137.0
278.833	0.162	fixation	n/a	344.0	333.3	3685.0	n/a	n/a	n/a	n/a
278.997	0.024	saccade	n/a	346.4	333.6	n/a	401.0	335.2	1.89	111.0
279.023	0.1	fixation	n/a	411.5	333.9	3617.0	n/a	n/a	n/a	n/a
279.125	0.024	saccade	n/a	415.9	336.8	n/a	468.6	336.8	1.82	99.0
279.151	0.068	fixation	n/a	476.7	334.8	3583.0	n/a	n/a	n/a	n/a
279.221	0.252	saccade	n/a	478.4	328.5	n/a	589.8	284.8	4.1	1101.0
279.255	0.124	blink	n/a	n/a	n/a	n/a	n/a	n/a	n/a	n/a
279.475	0.14	fixation	n/a	569.6	281.2	3594.0	n/a	n/a	n/a	n/a
279.617	0.016	saccade	n/a	568.4	304.2	n/a	589.0	317.4	0.84	61.0
279.635	0.142	fixation	n/a	592.5	327.1	3499.0	n/a	n/a	n/a	n/a
279.779	0.02	saccade	n/a	597.1	328.4	n/a	633.0	327.6	1.21	75.0
279.801	0.148	fixation	n/a	639.6	328.7	3401.0	n/a	n/a	n/a	n/a
279.951	0.086	saccade	n/a	639.1	328.1	n/a	164.5	378.8	16.18	252.0
280.039	0.144	fixation	n/a	161.2	397.0	3328.0	n/a	n/a	n/a	n/a
280.185	0.016	saccade	n/a	169.1	406.8	n/a	147.8	403.1	0.74	60.0
280.203	0.102	fixation	n/a	148.7	401.5	3299.0	n/a	n/a	n/a	n/a
280.307	0.024	saccade	n/a	153.4	401.9	n/a	212.1	397.4	2.02	111.0
280.333	0.23	fixation	n/a	216.8	396.9	3341.0	n/a	n/a	n/a	n/a
280.565	0.036	saccade	n/a	217.5	395.4	n/a	350.9	397.0	4.6	192.0
280.603	0.176	fixation	n/a	355.2	397.7	3431.0	n/a	n/a	n/a	n/a
280.781	0.024	saccade	n/a	354.4	396.5	n/a	419.2	394.2	2.24	132.0
280.807	0.188	fixation	n/a	423.0	393.7	3509.0	n/a	n/a	n/a	n/a
280.997	0.024	saccade	n/a	417.5	390.2	n/a	356.2	392.5	2.12	125.0
281.023	0.182	fixation	n/a	355.3	395.3	3598.0	n/a	n/a	n/a	n/a
281.207	0.036	saccade	n/a	355.7	395.9	n/a	486.4	394.8	4.51	203.0
281.245	0.18	fixation	n/a	492.4	393.5	3782.0	n/a	n/a	n/a	n/a
281.427	0.024	saccade	n/a	494.1	393.9	n/a	550.5	397.2	1.93	109.0
281.453	0.15	fixation	n/a	551.0	402.3	3938.0	n/a	n/a	n/a	n/a
281.605	0.022	saccade	n/a	547.7	407.7	n/a	501.9	402.7	1.58	105.0
281.629	0.256	fixation	n/a	506.0	405.8	4030.0	n/a	n/a	n/a	n/a
281.887	0.018	saccade	n/a	505.0	408.2	n/a	479.8	401.5	0.9	66.0
281.907	0.078	fixation	n/a	482.4	402.8	4047.0	n/a	n/a	n/a	n/a
281.987	0.242	saccade	n/a	485.2	403.6	n/a	624.9	362.7	4.97	1172.0
282.021	0.142	blink	n/a	n/a	n/a	n/a	n/a	n/a	n/a	n/a
282.231	0.234	fixation	n/a	607.2	390.5	4186.0	n/a	n/a	n/a	n/a
282.467	0.02	saccade	n/a	604.9	405.1	n/a	639.9	409.3	1.19	80.0
282.489	0.392	fixation	n/a	642.6	415.2	4063.0	n/a	n/a	n/a	n/a
282.883	0.222	saccade	n/a	648.1	413.4	n/a	453.4	260.1	8.49	726.0
282.917	0.104	blink	n/a	n/a	n/a	n/a	n/a	n/a	n/a	n/a
283.107	0.02	fixation	n/a	449.9	261.0	4196.0	n/a	n/a	n/a	n/a
283.129	0.03	saccade	n/a	446.2	260.5	n/a	346.0	225.6	3.67	182.0
283.161	0.264	fixation	n/a	312.4	221.9	4195.0	n/a	n/a	n/a	n/a
283.427	0.038	saccade	n/a	303.7	225.0	n/a	318.7	353.1	4.52	145.0
283.467	0.214	fixation	n/a	320.5	358.6	4147.0	n/a	n/a	n/a	n/a
283.683	0.032	saccade	n/a	321.4	358.4	n/a	424.6	337.8	3.63	178.0
283.717	0.082	fixation	n/a	423.7	338.3	4176.0	n/a	n/a	n/a	n/a
283.801	0.188	saccade	n/a	423.7	337.7	n/a	261.9	346.5	5.6	1269.0
283.837	0.074	blink	n/a	n/a	n/a	n/a	n/a	n/a	n/a	n/a
283.991	0.258	fixation	n/a	259.8	333.5	4132.0	n/a	n/a	n/a	n/a
284.251	0.038	saccade	n/a	260.7	334.4	n/a	413.4	335.0	5.27	243.0
284.291	0.254	fixation	n/a	413.8	339.9	4220.0	n/a	n/a	n/a	n/a
284.547	0.034	saccade	n/a	412.5	341.0	n/a	532.4	343.2	4.12	204.0
284.583	0.184	fixation	n/a	531.6	347.0	4308.0	n/a	n/a	n/a	n/a
284.769	0.026	saccade	n/a	534.8	348.5	n/a	599.6	350.8	2.21	140.0
284.797	0.064	fixation	n/a	598.0	351.2	4320.0	n/a	n/a	n/a	n/a
284.863	0.068	saccade	n/a	597.8	351.5	n/a	173.0	414.1	14.64	356.0
284.933	0.164	fixation	n/a	178.2	416.1	4292.0	n/a	n/a	n/a	n/a
285.099	0.024	saccade	n/a	172.8	414.8	n/a	123.3	414.7	1.69	123.0
285.125	0.126	fixation	n/a	128.0	415.6	4339.0	n/a	n/a	n/a	n/a
285.253	0.026	saccade	n/a	130.3	413.8	n/a	201.3	412.8	2.43	138.0
285.281	0.164	fixation	n/a	199.5	410.5	4412.0	n/a	n/a	n/a	n/a
285.447	0.034	saccade	n/a	199.0	409.9	n/a	318.5	404.7	4.12	203.0
285.483	0.228	fixation	n/a	318.9	405.1	4411.0	n/a	n/a	n/a	n/a
285.713	0.244	saccade	n/a	317.4	400.5	n/a	283.5	193.4	7.34	1276.0
285.751	0.12	blink	n/a	n/a	n/a	n/a	n/a	n/a	n/a	n/a
285.959	0.6	fixation	n/a	277.7	196.5	4366.0	n/a	n/a	n/a	n/a
286.561	0.018	saccade	n/a	283.4	190.4	n/a	296.2	164.8	1.0	67.0
286.581	0.26	fixation	n/a	296.7	170.4	4374.0	n/a	n/a	n/a	n/a
286.584	0.0	trigger_11	11	n/a	n/a	n/a	n/a	n/a	n/a	n/a
286.688	0.0	trigger_10	10	n/a	n/a	n/a	n/a	n/a	n/a	n/a
286.843	0.032	saccade	n/a	296.8	174.6	n/a	163.5	161.1	4.59	230.0
286.877	0.196	fixation	n/a	158.4	167.9	4389.0	n/a	n/a	n/a	n/a
287.075	0.162	saccade	n/a	159.7	170.5	n/a	216.3	139.0	2.22	1399.0
287.111	0.056	blink	n/a	n/a	n/a	n/a	n/a	n/a	n/a	n/a
287.239	0.192	fixation	n/a	214.8	150.1	4305.0	n/a	n/a	n/a	n/a
287.433	0.03	saccade	n/a	213.4	148.3	n/a	307.0	150.6	3.22	186.0
287.465	0.222	fixation	n/a	306.1	151.0	4337.0	n/a	n/a	n/a	n/a
287.689	0.028	saccade	n/a	308.2	154.9	n/a	370.9	151.5	2.16	139.0
287.719	0.198	fixation	n/a	370.1	153.1	4408.0	n/a	n/a	n/a	n/a
287.919	0.032	saccade	n/a	367.3	153.5	n/a	284.2	144.6	2.88	172.0
287.953	0.162	fixation	n/a	289.5	152.7	4485.0	n/a	n/a	n/a	n/a
288.117	0.026	saccade	n/a	286.2	158.9	n/a	239.7	159.1	1.6	128.0
288.145	0.136	fixation	n/a	242.5	157.3	4523.0	n/a	n/a	n/a	n/a
288.283	0.032	saccade	n/a	243.2	154.8	n/a	336.0	155.4	3.19	182.0
288.317	0.158	fixation	n/a	334.6	154.6	4613.0	n/a	n/a	n/a	n/a
288.477	0.026	saccade	n/a	338.1	153.0	n/a	406.2	148.9	2.34	140.0
288.505	0.324	fixation	n/a	404.7	156.9	4613.0	n/a	n/a	n/a	n/a
288.831	0.02	saccade	n/a	402.6	161.2	n/a	363.0	161.0	1.36	96.0
288.853	0.116	fixation	n/a	368.7	160.1	4546.0	n/a	n/a	n/a	n/a
288.971	0.032	saccade	n/a	369.6	157.9	n/a	468.2	158.1	3.38	170.0
289.005	0.126	fixation	n/a	469.0	158.9	4516.0	n/a	n/a	n/a	n/a
289.133	0.02	saccade	n/a	466.1	159.4	n/a	431.6	159.8	1.18	84.0
289.155	0.162	fixation	n/a	435.3	162.7	4502.0	n/a	n/a	n/a	n/a
289.319	0.032	saccade	n/a	436.9	162.8	n/a	549.2	159.5	3.84	191.0
289.353	0.202	fixation	n/a	554.3	156.7	4457.0	n/a	n/a	n/a	n/a
289.557	0.018	saccade	n/a	560.5	153.6	n/a	590.7	152.8	1.02	70.0
289.577	0.134	fixation	n/a	590.8	150.9	4397.0	n/a	n/a	n/a	n/a
289.713	0.074	saccade	n/a	592.3	151.9	n/a	141.2	209.2	15.42	334.0
289.789	0.25	fixation	n/a	137.9	211.5	4332.0	n/a	n/a	n/a	n/a
290.041	0.224	saccade	n/a	139.7	213.4	n/a	189.7	204.0	1.74	1198.0
290.081	0.076	blink	n/a	n/a	n/a	n/a	n/a	n/a	n/a	n/a
290.267	0.202	fixation	n/a	187.5	195.2	4143.0	n/a	n/a	n/a	n/a
290.471	0.026	saccade	n/a	196.3	209.6	n/a	266.7	205.1	2.43	131.0
290.499	0.132	fixation	n/a	268.4	204.3	4011.0	n/a	n/a	n/a	n/a
290.633	0.016	saccade	n/a	267.7	203.3	n/a	244.7	202.1	0.79	61.0
290.651	0.148	fixation	n/a	249.5	204.3	3888.0	n/a	n/a	n/a	n/a
290.801	0.024	saccade	n/a	252.2	204.4	n/a	307.3	207.3	1.9	111.0
290.827	0.206	fixation	n/a	313.3	207.4	3824.0	n/a	n/a	n/a	n/a
291.035	0.018	saccade	n/a	318.0	203.4	n/a	341.7	208.6	0.84	58.0
291.055	0.152	fixation	n/a	344.4	209.3	3772.0	n/a	n/a	n/a	n/a
291.209	0.282	saccade	n/a	345.5	209.8	n/a	215.8	134.6	5.17	1166.0
291.245	0.142	blink	n/a	n/a	n/a	n/a	n/a	n/a	n/a	n/a
291.493	0.176	fixation	n/a	212.8	136.0	3691.0	n/a	n/a	n/a	n/a
291.671	0.036	saccade	n/a	216.9	139.1	n/a	368.5	133.4	5.2	205.0
291.709	0.226	fixation	n/a	383.5	133.2	3674.0	n/a	n/a	n/a	n/a
291.937	0.024	saccade	n/a	389.0	134.1	n/a	453.1	142.0	2.22	121.0
291.963	0.15	fixation	n/a	460.7	137.2	3572.0	n/a	n/a	n/a	n/a
292.115	0.022	saccade	n/a	463.3	130.2	n/a	511.9	130.5	1.66	100.0
292.139	0.192	fixation	n/a	516.5	128.7	3512.0	n/a	n/a	n/a	n/a
292.333	0.022	saccade	n/a	519.2	132.0	n/a	567.2	128.7	1.63	96.0
292.357	0.088	fixation	n/a	574.8	128.4	3451.0	n/a	n/a	n/a	n/a
292.447	0.306	saccade	n/a	570.1	132.9	n/a	316.4	184.4	8.84	2736.0
292.501	0.174	blink	n/a	n/a	n/a	n/a	n/a	n/a	n/a	n/a
292.755	0.096	fixation	n/a	307.4	159.1	3475.0	n/a	n/a	n/a	n/a
292.853	0.018	saccade	n/a	294.7	148.8	n/a	274.9	134.5	0.84	51.0
292.873	0.556	fixation	n/a	270.5	150.9	3509.0	n/a	n/a	n/a	n/a
293.431	0.024	saccade	n/a	271.7	162.4	n/a	330.6	182.3	2.14	131.0
293.457	0.286	fixation	n/a	330.9	188.0	3677.0	n/a	n/a	n/a	n/a
293.49	0.0	trigger_11	11	n/a	n/a	n/a	n/a	n/a	n/a	n/a
293.592	0.0	trigger_10	10	n/a	n/a	n/a	n/a	n/a	n/a	n/a
293.745	0.032	saccade	n/a	327.7	179.6	n/a	204.0	125.4	4.64	233.0
293.779	0.138	fixation	n/a	200.3	129.6	3772.0	n/a	n/a	n/a	n/a
293.919	0.024	saccade	n/a	199.2	131.8	n/a	153.4	137.9	1.57	108.0
293.945	0.168	fixation	n/a	153.9	138.7	3904.0	n/a	n/a	n/a	n/a
294.115	0.024	saccade	n/a	155.4	140.1	n/a	209.0	134.4	1.84	107.0
294.141	0.17	fixation	n/a	205.4	132.2	4076.0	n/a	n/a	n/a	n/a
294.313	0.02	saccade	n/a	204.1	131.9	n/a	244.7	132.2	1.39	91.0
294.335	0.22	fixation	n/a	243.5	135.8	4211.0	n/a	n/a	n/a	n/a
294.557	0.028	saccade	n/a	244.0	137.4	n/a	318.1	136.1	2.54	160.0
294.587	0.178	fixation	n/a	317.0	139.2	4288.0	n/a	n/a	n/a	n/a
294.767	0.026	saccade	n/a	317.7	141.1	n/a	379.8	143.8	2.14	122.0
294.795	0.284	fixation	n/a	377.6	147.3	4305.0	n/a	n/a	n/a	n/a
295.081	0.018	saccade	n/a	380.8	153.4	n/a	408.0	149.5	0.95	66.0
295.101	0.634	fixation	n/a	410.0	145.7	4217.0	n/a	n/a	n/a	n/a
295.737	0.024	saccade	n/a	416.5	139.4	n/a	379.5	140.9	1.27	105.0
295.763	0.336	fixation	n/a	388.0	149.8	4389.0	n/a	n/a	n/a	n/a
296.101	0.018	saccade	n/a	388.4	152.3	n/a	419.2	152.2	1.06	76.0
296.121	0.402	fixation	n/a	412.7	155.6	4489.0	n/a	n/a	n/a	n/a
296.274	0.0	trigger_11	11	n/a	n/a	n/a	n/a	n/a	n/a	n/a
296.378	0.0	trigger_10	10	n/a	n/a	n/a	n/a	n/a	n/a	n/a
296.525	0.05	saccade	n/a	409.5	156.2	n/a	162.6	174.1	8.48	281.0
296.577	0.102	fixation	n/a	164.5	177.1	4574.0	n/a	n/a	n/a	n/a
296.681	0.02	saccade	n/a	162.1	177.9	n/a	128.4	161.9	1.27	94.0
296.703	0.176	fixation	n/a	133.0	165.2	4597.0	n/a	n/a	n/a	n/a
296.881	0.028	saccade	n/a	135.2	170.2	n/a	215.0	166.2	2.73	156.0
296.911	0.144	fixation	n/a	214.7	162.5	4440.0	n/a	n/a	n/a	n/a
297.057	0.028	saccade	n/a	217.2	160.4	n/a	296.6	156.7	2.73	151.0
297.087	0.09	fixation	n/a	297.6	160.6	4365.0	n/a	n/a	n/a	n/a
297.179	0.194	saccade	n/a	298.8	162.6	n/a	382.5	137.7	3.01	1356.0
297.215	0.066	blink	n/a	n/a	n/a	n/a	n/a	n/a	n/a	n/a
297.375	0.23	fixation	n/a	384.4	159.3	4311.0	n/a	n/a	n/a	n/a
297.607	0.032	saccade	n/a	387.0	161.7	n/a	486.5	154.9	3.43	178.0
297.641	0.262	fixation	n/a	488.4	151.6	4146.0	n/a	n/a	n/a	n/a
297.905	0.024	saccade	n/a	489.7	152.1	n/a	542.8	146.2	1.82	101.0
297.931	0.198	fixation	n/a	548.5	146.7	3996.0	n/a	n/a	n/a	n/a
298.131	0.022	saccade	n/a	554.7	146.9	n/a	593.9	146.5	1.33	80.0
298.155	0.12	fixation	n/a	595.3	144.0	3912.0	n/a	n/a	n/a	n/a
298.277	0.02	saccade	n/a	598.5	142.9	n/a	633.3	142.8	1.17	76.0
298.299	0.182	fixation	n/a	637.2	141.1	3858.0	n/a	n/a	n/a	n/a
298.483	0.074	saccade	n/a	638.8	142.2	n/a	158.3	193.0	16.33	326.0
298.559	0.118	fixation	n/a	151.9	201.6	3819.0	n/a	n/a	n/a	n/a
298.679	0.016	saccade	n/a	148.5	199.9	n/a	122.4	202.6	0.89	68.0
298.697	0.214	fixation	n/a	126.5	206.0	3826.0	n/a	n/a	n/a	n/a
298.913	0.024	saccade	n/a	127.2	209.5	n/a	186.6	209.1	2.02	114.0
298.939	0.53	fixation	n/a	194.0	209.0	3814.0	n/a	n/a	n/a	n/a
299.471	0.022	saccade	n/a	196.9	208.1	n/a	143.9	208.3	1.82	112.0
299.495	0.192	fixation	n/a	149.9	208.0	3730.0	n/a	n/a	n/a	n/a
299.689	0.022	saccade	n/a	150.3	205.7	n/a	196.5	203.9	1.58	94.0
299.713	0.422	fixation	n/a	202.6	204.4	3698.0	n/a	n/a	n/a	n/a
300.137	0.026	saccade	n/a	209.8	207.0	n/a	275.9	200.9	2.29	119.0
300.165	0.234	fixation	n/a	283.7	199.1	3607.0	n/a	n/a	n/a	n/a
300.401	0.022	saccade	n/a	288.1	195.7	n/a	333.1	196.7	1.55	96.0
300.425	0.126	fixation	n/a	339.8	199.0	3539.0	n/a	n/a	n/a	n/a
300.553	0.022	saccade	n/a	344.7	200.3	n/a	385.2	203.4	1.41	80.0
300.577	0.068	fixation	n/a	394.2	202.1	3479.0	n/a	n/a	n/a	n/a
300.647	0.026	saccade	n/a	398.3	200.6	n/a	466.6	197.3	2.35	122.0
300.675	0.14	fixation	n/a	482.5	198.7	3406.0	n/a	n/a	n/a	n/a
300.817	0.018	saccade	n/a	482.0	196.5	n/a	455.3	196.3	0.92	62.0
300.837	0.14	fixation	n/a	452.3	192.6	3358.0	n/a	n/a	n/a	n/a
300.979	0.024	saccade	n/a	454.2	191.1	n/a	498.9	185.5	1.55	80.0
301.005	0.174	fixation	n/a	506.0	184.9	3296.0	n/a	n/a	n/a	n/a
301.181	0.026	saccade	n/a	511.0	182.7	n/a	576.3	180.2	2.22	111.0
301.209	0.356	fixation	n/a	597.6	183.1	3281.0	n/a	n/a	n/a	n/a
301.567	0.088	saccade	n/a	613.4	187.0	n/a	209.8	239.2	13.85	212.0
301.657	0.114	fixation	n/a	184.8	246.5	3334.0	n/a	n/a	n/a	n/a
301.773	0.018	saccade	n/a	181.6	245.3	n/a	153.9	252.7	0.98	67.0
301.793	0.208	fixation	n/a	150.6	260.3	3320.0	n/a	n/a	n/a	n/a
302.003	0.026	saccade	n/a	152.4	265.5	n/a	215.4	259.1	2.17	117.0
302.031	0.11	fixation	n/a	218.6	259.0	3341.0	n/a	n/a	n/a	n/a
302.143	0.234	saccade	n/a	218.2	261.4	n/a	161.5	262.1	1.95	960.0
302.177	0.112	blink	n/a	n/a	n/a	n/a	n/a	n/a	n/a	n/a
302.379	0.184	fixation	n/a	162.8	251.1	3387.0	n/a	n/a	n/a	n/a
302.565	0.026	saccade	n/a	169.4	254.4	n/a	250.2	252.1	2.78	157.0
302.593	0.184	fixation	n/a	253.2	257.1	3519.0	n/a	n/a	n/a	n/a
302.779	0.026	saccade	n/a	249.8	259.2	n/a	174.8	259.3	2.58	161.0
302.807	0.272	fixation	n/a	178.5	263.0	3615.0	n/a	n/a	n/a	n/a
303.081	0.02	saccade	n/a	175.3	265.7	n/a	142.2	264.9	1.13	76.0
303.103	0.184	fixation	n/a	146.2	266.2	3776.0	n/a	n/a	n/a	n/a
303.289	0.018	saccade	n/a	150.3	267.9	n/a	184.6	266.3	1.17	84.0
303.309	0.262	fixation	n/a	184.1	268.2	3957.0	n/a	n/a	n/a	n/a
303.573	0.192	saccade	n/a	184.8	269.5	n/a	554.8	191.9	12.94	1169.0
303.613	0.062	blink	n/a	n/a	n/a	n/a	n/a	n/a	n/a	n/a
303.767	0.272	fixation	n/a	554.3	213.8	4171.0	n/a	n/a	n/a	n/a
304.041	0.056	saccade	n/a	557.0	209.7	n/a	262.2	273.8	10.38	345.0
304.099	0.234	fixation	n/a	268.7	277.8	4122.0	n/a	n/a	n/a	n/a
304.335	0.024	saccade	n/a	271.4	280.8	n/a	323.7	274.1	1.83	110.0
304.361	0.18	fixation	n/a	324.1	271.9	4237.0	n/a	n/a	n/a	n/a
304.543	0.034	saccade	n/a	325.7	273.1	n/a	413.8	267.3	3.07	162.0
304.579	0.21	fixation	n/a	411.8	267.0	4376.0	n/a	n/a	n/a	n/a
304.791	0.024	saccade	n/a	413.9	267.7	n/a	471.8	263.0	2.01	122.0
304.817	0.14	fixation	n/a	467.0	261.5	4479.0	n/a	n/a	n/a	n/a
304.959	0.032	saccade	n/a	468.0	262.8	n/a	566.2	260.5	3.37	183.0
304.993	0.244	fixation	n/a	560.1	262.5	4592.0	n/a	n/a	n/a	n/a
305.239	0.022	saccade	n/a	560.6	262.1	n/a	610.3	262.0	1.69	107.0
305.263	0.182	fixation	n/a	608.5	262.7	4676.0	n/a	n/a	n/a	n/a
305.447	0.074	saccade	n/a	606.8	262.5	n/a	148.6	312.4	15.68	379.0
305.523	0.128	fixation	n/a	156.9	317.8	4759.0	n/a	n/a	n/a	n/a
305.653	0.016	saccade	n/a	152.8	320.6	n/a	125.2	326.3	0.96	78.0
305.671	0.098	fixation	n/a	133.3	330.4	4795.0	n/a	n/a	n/a	n/a
305.771	0.024	saccade	n/a	136.0	331.1	n/a	200.4	327.6	2.2	138.0
305.797	0.256	fixation	n/a	201.6	327.5	4854.0	n/a	n/a	n/a	n/a
306.055	0.022	saccade	n/a	203.4	321.6	n/a	255.4	319.7	1.79	115.0
306.079	0.186	fixation	n/a	251.0	316.3	4946.0	n/a	n/a	n/a	n/a
306.267	0.034	saccade	n/a	250.3	317.0	n/a	138.5	321.5	3.83	210.0
306.303	0.14	fixation	n/a	148.4	320.4	4998.0	n/a	n/a	n/a	n/a
306.445	0.028	saccade	n/a	151.3	320.8	n/a	229.9	314.5	2.71	158.0
306.475	0.2	fixation	n/a	226.5	317.4	5007.0	n/a	n/a	n/a	n/a
306.677	0.024	saccade	n/a	222.1	316.7	n/a	172.9	320.9	1.7	117.0
306.703	0.11	fixation	n/a	177.5	321.5	5030.0	n/a	n/a	n/a	n/a
306.815	0.04	saccade	n/a	176.6	321.8	n/a	342.8	313.6	5.73	270.0
306.857	0.158	fixation	n/a	349.1	315.3	5111.0	n/a	n/a	n/a	n/a
307.017	0.022	saccade	n/a	348.1	316.1	n/a	300.5	314.8	1.64	113.0
307.041	0.168	fixation	n/a	304.7	314.9	5234.0	n/a	n/a	n/a	n/a
307.211	0.04	saccade	n/a	303.9	313.7	n/a	453.9	307.4	5.17	244.0
307.253	0.254	fixation	n/a	457.1	309.5	5355.0	n/a	n/a	n/a	n/a
307.509	0.024	saccade	n/a	461.1	311.2	n/a	518.9	306.9	1.99	123.0
307.535	0.122	fixation	n/a	514.4	307.4	5458.0	n/a	n/a	n/a	n/a
307.659	0.198	saccade	n/a	513.4	300.2	n/a	580.4	278.6	2.4	1385.0
307.699	0.072	blink	n/a	n/a	n/a	n/a	n/a	n/a	n/a	n/a
307.859	0.166	fixation	n/a	571.3	279.2	5628.0	n/a	n/a	n/a	n/a
308.027	0.074	saccade	n/a	569.8	299.7	n/a	99.4	333.2	16.02	377.0
308.103	0.24	fixation	n/a	109.7	380.5	5440.0	n/a	n/a	n/a	n/a
308.345	0.02	saccade	n/a	120.2	397.0	n/a	158.1	397.9	1.29	91.0
308.367	0.168	fixation	n/a	155.5	399.1	5294.0	n/a	n/a	n/a	n/a
308.537	0.034	saccade	n/a	157.9	399.5	n/a	272.1	405.2	3.92	220.0
308.573	0.318	fixation	n/a	274.7	403.8	5318.0	n/a	n/a	n/a	n/a
308.893	0.026	saccade	n/a	273.1	397.9	n/a	197.6	398.5	2.59	143.0
308.921	0.102	fixation	n/a	202.0	396.2	5402.0	n/a	n/a	n/a	n/a
309.025	0.062	saccade	n/a	201.9	394.8	n/a	571.6	334.8	12.75	332.0
309.089	0.222	fixation	n/a	570.8	334.4	5370.0	n/a	n/a	n/a	n/a
309.313	0.068	saccade	n/a	570.2	333.6	n/a	155.9	377.1	14.15	377.0
309.383	0.252	fixation	n/a	158.0	381.1	5367.0	n/a	n/a	n/a	n/a
309.637	0.014	saccade	n/a	151.2	383.3	n/a	131.1	384.8	0.68	56.0
309.653	0.088	fixation	n/a	132.1	385.3	5335.0	n/a	n/a	n/a	n/a
309.743	0.022	saccade	n/a	135.5	385.6	n/a	179.3	382.4	1.49	96.0
309.767	0.078	fixation	n/a	176.4	382.4	5326.0	n/a	n/a	n/a	n/a
309.847	0.168	saccade	n/a	178.4	374.7	n/a	191.5	353.3	0.87	1236.0
309.883	0.068	blink	n/a	n/a	n/a	n/a	n/a	n/a	n/a	n/a
310.017	0.106	fixation	n/a	192.2	361.4	5381.0	n/a	n/a	n/a	n/a
310.125	0.024	saccade	n/a	192.2	365.3	n/a	258.5	370.1	2.28	137.0
310.151	0.21	fixation	n/a	255.5	384.4	5378.0	n/a	n/a	n/a	n/a
310.363	0.036	saccade	n/a	251.5	392.6	n/a	371.8	391.2	4.14	202.0
310.401	0.332	fixation	n/a	371.4	397.8	5150.0	n/a	n/a	n/a	n/a
310.735	0.19	saccade	n/a	375.5	401.0	n/a	472.6	373.9	3.47	910.0
310.769	0.084	blink	n/a	n/a	n/a	n/a	n/a	n/a	n/a	n/a
310.927	0.388	fixation	n/a	467.9	411.0	5050.0	n/a	n/a	n/a	n/a
311.317	0.026	saccade	n/a	468.5	417.9	n/a	536.0	416.8	2.31	132.0
311.345	0.15	fixation	n/a	536.9	417.7	4919.0	n/a	n/a	n/a	n/a
311.497	0.022	saccade	n/a	538.8	417.0	n/a	582.2	416.9	1.48	90.0
311.521	0.238	fixation	n/a	578.8	417.9	4948.0	n/a	n/a	n/a	n/a
311.761	0.232	saccade	n/a	577.4	412.7	n/a	391.0	402.8	6.41	1031.0
311.809	0.106	blink	n/a	n/a	n/a	n/a	n/a	n/a	n/a	n/a
311.995	0.05	fixation	n/a	386.1	400.7	5050.0	n/a	n/a	n/a	n/a
312.047	0.03	saccade	n/a	381.3	400.9	n/a	301.4	389.1	2.81	182.0
312.079	0.144	fixation	n/a	310.6	404.3	5102.0	n/a	n/a	n/a	n/a
312.225	0.024	saccade	n/a	310.6	404.9	n/a	256.1	401.1	1.89	133.0
312.251	0.166	fixation	n/a	265.0	402.7	5155.0	n/a	n/a	n/a	n/a
312.419	0.032	saccade	n/a	269.1	405.5	n/a	372.6	404.2	3.58	213.0
312.453	0.158	fixation	n/a	371.7	403.1	5154.0	n/a	n/a	n/a	n/a
312.613	0.044	saccade	n/a	374.6	400.9	n/a	266.8	218.6	7.37	324.0
312.659	0.26	fixation	n/a	270.7	216.4	5169.0	n/a	n/a	n/a	n/a
312.666	0.0	trigger_11	11	n/a	n/a	n/a	n/a	n/a	n/a	n/a
312.772	0.0	trigger_12	12	n/a	n/a	n/a	n/a	n/a	n/a	n/a
312.921	0.036	saccade	n/a	268.4	209.9	n/a	138.9	162.7	4.71	245.0
312.959	0.19	fixation	n/a	145.2	164.8	5266.0	n/a	n/a	n/a	n/a
313.151	0.028	saccade	n/a	144.2	166.2	n/a	221.3	161.4	2.64	153.0
313.181	0.206	fixation	n/a	215.5	160.6	5168.0	n/a	n/a	n/a	n/a
313.389	0.032	saccade	n/a	215.1	160.4	n/a	303.8	155.8	3.05	168.0
313.423	0.184	fixation	n/a	301.1	154.3	5082.0	n/a	n/a	n/a	n/a
313.609	0.036	saccade	n/a	304.6	152.4	n/a	436.7	149.0	4.53	231.0
313.647	0.22	fixation	n/a	438.3	151.2	5081.0	n/a	n/a	n/a	n/a
313.869	0.032	saccade	n/a	438.1	152.3	n/a	546.5	155.3	3.69	192.0
313.903	0.182	fixation	n/a	545.5	155.8	5108.0	n/a	n/a	n/a	n/a
314.087	0.026	saccade	n/a	547.8	159.9	n/a	614.7	160.1	2.26	128.0
314.115	0.138	fixation	n/a	611.7	162.7	5098.0	n/a	n/a	n/a	n/a
314.255	0.07	saccade	n/a	611.6	165.1	n/a	139.1	211.0	16.01	400.0
314.327	0.232	fixation	n/a	147.9	221.7	5154.0	n/a	n/a	n/a	n/a
314.561	0.026	saccade	n/a	150.4	224.9	n/a	219.0	224.4	2.34	146.0
314.589	0.158	fixation	n/a	216.2	223.4	5243.0	n/a	n/a	n/a	n/a
314.749	0.022	saccade	n/a	217.6	223.5	n/a	269.8	220.4	1.79	115.0
314.773	0.138	fixation	n/a	267.6	221.7	5250.0	n/a	n/a	n/a	n/a
314.913	0.156	saccade	n/a	268.4	221.4	n/a	325.1	191.6	2.21	1446.0
314.949	0.058	blink	n/a	n/a	n/a	n/a	n/a	n/a	n/a	n/a
315.071	0.262	fixation	n/a	321.1	212.8	5166.0	n/a	n/a	n/a	n/a
315.335	0.02	saccade	n/a	319.2	217.0	n/a	307.6	174.1	1.54	102.0
315.357	0.508	fixation	n/a	309.2	178.6	5172.0	n/a	n/a	n/a	n/a
315.66	0.0	trigger_13	13	n/a	n/a	n/a	n/a	n/a	n/a	n/a
315.867	0.042	saccade	n/a	310.7	180.8	n/a	140.4	189.0	5.82	257.0
315.911	0.284	fixation	n/a	147.0	177.4	5236.0	n/a	n/a	n/a	n/a
316.197	0.028	saccade	n/a	145.3	170.4	n/a	224.5	163.4	2.7	152.0
316.227	0.152	fixation	n/a	223.8	166.2	5142.0	n/a	n/a	n/a	n/a
316.381	0.036	saccade	n/a	223.8	164.6	n/a	344.4	158.3	4.14	210.0
316.419	0.146	fixation	n/a	344.2	154.8	5076.0	n/a	n/a	n/a	n/a
316.567	0.038	saccade	n/a	345.2	153.3	n/a	508.5	140.1	5.59	268.0
316.607	0.196	fixation	n/a	513.6	144.7	5101.0	n/a	n/a	n/a	n/a
316.805	0.06	saccade	n/a	516.8	147.1	n/a	134.2	234.8	13.34	388.0
316.867	0.322	fixation	n/a	142.2	226.3	5120.0	n/a	n/a	n/a	n/a
317.191	0.022	saccade	n/a	139.0	218.7	n/a	143.6	266.6	1.66	104.0
317.215	0.214	fixation	n/a	148.6	269.7	5093.0	n/a	n/a	n/a	n/a
317.431	0.026	saccade	n/a	146.6	275.2	n/a	138.0	339.4	2.25	128.0
317.459	0.274	fixation	n/a	139.7	344.6	5159.0	n/a	n/a	n/a	n/a
317.735	0.024	saccade	n/a	135.3	346.3	n/a	92.7	345.7	1.44	103.0
317.761	0.072	fixation	n/a	99.1	345.8	5190.0	n/a	n/a	n/a	n/a
317.835	0.18	saccade	n/a	99.6	344.3	n/a	93.7	329.0	0.57	1207.0
317.873	0.056	blink	n/a	n/a	n/a	n/a	n/a	n/a	n/a	n/a
318.017	0.434	fixation	n/a	94.6	326.9	5103.0	n/a	n/a	n/a	n/a
318.453	0.02	saccade	n/a	98.2	344.8	n/a	137.6	347.8	1.34	90.0
318.475	0.174	fixation	n/a	138.0	354.0	5097.0	n/a	n/a	n/a	n/a
318.651	0.022	saccade	n/a	134.5	355.7	n/a	116.5	391.4	1.38	92.0
318.675	0.36	fixation	n/a	125.3	394.5	5206.0	n/a	n/a	n/a	n/a
318.82	0.0	trigger_15	15	n/a	n/a	n/a	n/a	n/a	n/a	n/a
318.872	0.0	trigger_10	10	n/a	n/a	n/a	n/a	n/a	n/a	n/a
319.037	0.176	saccade	n/a	125.8	399.6	n/a	137.5	166.4	8.06	1038.0
319.069	0.084	blink	n/a	n/a	n/a	n/a	n/a	n/a	n/a	n/a
319.215	0.122	fixation	n/a	137.5	172.9	5063.0	n/a	n/a	n/a	n/a
319.339	0.014	saccade	n/a	131.3	175.7	n/a	114.3	167.4	0.64	59.0
319.355	0.094	fixation	n/a	123.4	169.7	5040.0	n/a	n/a	n/a	n/a
319.451	0.03	saccade	n/a	124.8	171.5	n/a	213.3	160.1	3.02	168.0
319.483	0.364	fixation	n/a	209.9	162.1	4916.0	n/a	n/a	n/a	n/a
319.849	0.024	saccade	n/a	207.9	162.4	n/a	265.5	153.7	1.99	120.0
319.875	0.112	fixation	n/a	264.4	152.9	4918.0	n/a	n/a	n/a	n/a
319.989	0.016	saccade	n/a	262.5	156.9	n/a	238.8	157.7	0.81	62.0
320.007	0.08	fixation	n/a	244.1	160.2	4927.0	n/a	n/a	n/a	n/a
320.089	0.028	saccade	n/a	245.3	159.1	n/a	320.3	161.7	2.57	156.0
320.119	0.13	fixation	n/a	319.3	162.1	4945.0	n/a	n/a	n/a	n/a
320.251	0.018	saccade	n/a	319.3	160.2	n/a	283.3	161.3	1.24	90.0
320.271	0.074	fixation	n/a	289.6	161.7	4999.0	n/a	n/a	n/a	n/a
320.347	0.17	saccade	n/a	293.2	157.3	n/a	313.2	105.3	1.92	1447.0
320.387	0.032	blink	n/a	n/a	n/a	n/a	n/a	n/a	n/a	n/a
320.519	0.148	fixation	n/a	311.9	135.8	5119.0	n/a	n/a	n/a	n/a
320.669	0.022	saccade	n/a	315.9	145.2	n/a	365.7	146.3	1.71	106.0
320.693	0.216	fixation	n/a	363.7	150.7	5077.0	n/a	n/a	n/a	n/a
320.911	0.022	saccade	n/a	364.5	154.5	n/a	411.1	154.3	1.6	97.0
320.935	0.202	fixation	n/a	410.5	156.1	4930.0	n/a	n/a	n/a	n/a
321.139	0.026	saccade	n/a	414.1	160.5	n/a	483.7	159.1	2.38	124.0
321.167	0.21	fixation	n/a	482.3	159.2	4872.0	n/a	n/a	n/a	n/a
321.379	0.024	saccade	n/a	483.1	158.8	n/a	540.9	162.0	1.97	116.0
321.405	0.186	fixation	n/a	543.3	161.8	4781.0	n/a	n/a	n/a	n/a
321.593	0.014	saccade	n/a	549.6	162.8	n/a	567.0	162.2	0.59	50.0
321.609	0.244	fixation	n/a	568.3	158.7	4633.0	n/a	n/a	n/a	n/a
321.855	0.072	saccade	n/a	570.3	160.5	n/a	134.5	216.4	14.87	334.0
321.929	0.134	fixation	n/a	140.4	221.1	4585.0	n/a	n/a	n/a	n/a
322.065	0.016	saccade	n/a	138.3	222.9	n/a	117.2	228.3	0.74	60.0
322.083	0.232	fixation	n/a	122.0	225.3	4565.0	n/a	n/a	n/a	n/a
322.317	0.028	saccade	n/a	123.4	225.5	n/a	202.7	221.5	2.7	149.0
322.347	0.236	fixation	n/a	203.6	223.3	4575.0	n/a	n/a	n/a	n/a
322.585	0.028	saccade	n/a	204.1	221.9	n/a	281.3	219.9	2.64	147.0
322.615	0.09	fixation	n/a	282.3	217.6	4561.0	n/a	n/a	n/a	n/a
322.707	0.162	saccade	n/a	287.4	216.8	n/a	379.1	207.8	3.17	1262.0
322.749	0.026	blink	n/a	n/a	n/a	n/a	n/a	n/a	n/a	n/a
322.871	0.16	fixation	n/a	376.5	215.1	4475.0	n/a	n/a	n/a	n/a
323.033	0.03	saccade	n/a	378.7	221.9	n/a	471.2	219.9	3.18	162.0
323.065	0.196	fixation	n/a	473.6	222.4	4463.0	n/a	n/a	n/a	n/a
323.263	0.024	saccade	n/a	477.5	223.3	n/a	542.4	215.4	2.23	128.0
323.289	0.178	fixation	n/a	545.0	214.8	4440.0	n/a	n/a	n/a	n/a
323.469	0.022	saccade	n/a	547.9	216.1	n/a	598.0	214.0	1.69	99.0
323.493	0.254	fixation	n/a	601.0	218.9	4435.0	n/a	n/a	n/a	n/a
323.749	0.068	saccade	n/a	601.8	223.3	n/a	140.8	291.2	15.78	378.0
323.819	0.292	fixation	n/a	141.4	299.1	4503.0	n/a	n/a	n/a	n/a
324.113	0.174	saccade	n/a	140.7	300.5	n/a	282.3	280.3	4.89	1219.0
324.149	0.06	blink	n/a	n/a	n/a	n/a	n/a	n/a	n/a	n/a
324.289	0.178	fixation	n/a	281.0	283.9	4508.0	n/a	n/a	n/a	n/a
324.469	0.036	saccade	n/a	284.1	286.0	n/a	161.0	292.7	4.23	216.0
324.507	0.494	fixation	n/a	164.1	288.6	4532.0	n/a	n/a	n/a	n/a
325.003	0.034	saccade	n/a	150.4	285.2	n/a	264.2	282.2	3.89	193.0
325.039	0.244	fixation	n/a	269.3	282.8	4597.0	n/a	n/a	n/a	n/a
325.285	0.032	saccade	n/a	271.8	280.8	n/a	381.4	269.0	3.79	202.0
325.319	0.172	fixation	n/a	383.3	271.8	4688.0	n/a	n/a	n/a	n/a
325.493	0.028	saccade	n/a	385.1	274.7	n/a	459.8	274.9	2.56	155.0
325.523	0.264	fixation	n/a	460.4	275.5	4694.0	n/a	n/a	n/a	n/a
325.789	0.034	saccade	n/a	462.1	279.1	n/a	580.6	283.5	4.03	196.0
325.825	0.154	fixation	n/a	582.7	282.5	4663.0	n/a	n/a	n/a	n/a
325.981	0.024	saccade	n/a	584.3	283.7	n/a	640.5	282.0	1.89	119.0
326.007	0.22	fixation	n/a	636.0	281.0	4637.0	n/a	n/a	n/a	n/a
326.229	0.024	saccade	n/a	632.9	280.6	n/a	574.3	275.9	1.98	130.0
326.255	0.232	fixation	n/a	576.7	280.4	4617.0	n/a	n/a	n/a	n/a
326.489	0.022	saccade	n/a	579.7	284.8	n/a	627.8	284.9	1.62	106.0
326.513	0.136	fixation	n/a	626.9	283.9	4651.0	n/a	n/a	n/a	n/a
326.651	0.17	saccade	n/a	632.5	279.8	n/a	132.0	327.9	16.96	1024.0
326.699	0.048	blink	n/a	n/a	n/a	n/a	n/a	n/a	n/a	n/a
326.823	0.298	fixation	n/a	139.7	351.8	4648.0	n/a	n/a	n/a	n/a
327.123	0.064	saccade	n/a	141.1	360.8	n/a	578.6	300.5	14.98	374.0
327.189	0.13	fixation	n/a	580.8	298.1	4514.0	n/a	n/a	n/a	n/a
327.321	0.026	saccade	n/a	582.3	294.6	n/a	646.7	290.2	2.17	135.0
327.349	0.178	fixation	n/a	648.1	289.2	4462.0	n/a	n/a	n/a	n/a
327.529	0.078	saccade	n/a	652.6	288.7	n/a	178.7	357.0	16.16	340.0
327.609	0.104	fixation	n/a	178.1	361.6	4379.0	n/a	n/a	n/a	n/a
327.715	0.026	saccade	n/a	178.9	363.0	n/a	124.2	355.3	1.88	133.0
327.743	0.268	fixation	n/a	129.7	355.2	4427.0	n/a	n/a	n/a	n/a
328.013	0.038	saccade	n/a	128.8	351.9	n/a	265.5	289.5	5.14	228.0
328.053	0.312	fixation	n/a	271.3	289.2	4569.0	n/a	n/a	n/a	n/a
328.367	0.216	saccade	n/a	267.4	286.4	n/a	150.6	351.6	4.6	1331.0
328.407	0.08	blink	n/a	n/a	n/a	n/a	n/a	n/a	n/a	n/a
328.585	0.168	fixation	n/a	148.0	323.9	4436.0	n/a	n/a	n/a	n/a
328.755	0.016	saccade	n/a	148.5	299.8	n/a	150.4	325.4	0.89	66.0
328.773	0.072	fixation	n/a	152.7	332.9	4400.0	n/a	n/a	n/a	n/a
328.847	0.034	saccade	n/a	152.0	331.4	n/a	150.8	187.7	4.99	255.0
328.883	0.162	fixation	n/a	155.7	184.5	4403.0	n/a	n/a	n/a	n/a
329.047	0.022	saccade	n/a	158.0	179.1	n/a	197.3	161.5	1.47	89.0
329.071	0.146	fixation	n/a	198.2	164.6	4429.0	n/a	n/a	n/a	n/a
329.188	0.0	trigger_11	11	n/a	n/a	n/a	n/a	n/a	n/a	n/a
329.219	0.024	saccade	n/a	200.7	167.5	n/a	247.6	163.1	1.61	86.0
329.245	0.226	fixation	n/a	252.4	162.3	4403.0	n/a	n/a	n/a	n/a
329.292	0.0	trigger_10	10	n/a	n/a	n/a	n/a	n/a	n/a	n/a
329.473	0.032	saccade	n/a	249.3	161.4	n/a	129.1	164.2	4.09	225.0
329.507	0.218	fixation	n/a	134.1	164.6	4405.0	n/a	n/a	n/a	n/a
329.727	0.024	saccade	n/a	138.8	165.8	n/a	211.4	158.2	2.48	145.0
329.753	0.132	fixation	n/a	212.1	157.6	4451.0	n/a	n/a	n/a	n/a
329.887	0.19	saccade	n/a	211.0	161.2	n/a	271.8	122.9	2.46	1452.0
329.925	0.064	blink	n/a	n/a	n/a	n/a	n/a	n/a	n/a	n/a
330.079	0.066	fixation	n/a	265.7	129.2	4519.0	n/a	n/a	n/a	n/a
330.147	0.034	saccade	n/a	265.3	128.6	n/a	370.3	144.3	3.63	176.0
330.183	0.126	fixation	n/a	368.2	146.3	4476.0	n/a	n/a	n/a	n/a
330.311	0.02	saccade	n/a	364.2	145.8	n/a	332.3	146.9	1.09	75.0
330.333	0.148	fixation	n/a	333.4	150.2	4433.0	n/a	n/a	n/a	n/a
330.483	0.034	saccade	n/a	335.1	154.2	n/a	445.1	150.3	3.76	170.0
330.519	0.204	fixation	n/a	448.5	149.8	4273.0	n/a	n/a	n/a	n/a
330.725	0.028	saccade	n/a	449.4	149.4	n/a	538.6	146.2	3.03	165.0
330.755	0.206	fixation	n/a	547.0	148.7	4231.0	n/a	n/a	n/a	n/a
330.963	0.024	saccade	n/a	551.8	151.8	n/a	607.4	149.0	1.87	110.0
330.989	0.114	fixation	n/a	607.1	147.6	4150.0	n/a	n/a	n/a	n/a
331.105	0.072	saccade	n/a	606.5	145.6	n/a	117.7	207.0	16.54	393.0
331.179	0.144	fixation	n/a	131.0	212.1	4126.0	n/a	n/a	n/a	n/a
331.325	0.016	saccade	n/a	131.2	212.6	n/a	107.8	213.8	0.79	61.0
331.343	0.096	fixation	n/a	112.2	216.0	4162.0	n/a	n/a	n/a	n/a
331.441	0.032	saccade	n/a	114.8	215.5	n/a	232.7	208.1	4.03	226.0
331.475	0.216	fixation	n/a	231.0	206.0	4225.0	n/a	n/a	n/a	n/a
331.693	0.028	saccade	n/a	232.5	208.1	n/a	311.7	208.3	2.72	163.0
331.723	0.202	fixation	n/a	311.5	214.1	4315.0	n/a	n/a	n/a	n/a
331.927	0.022	saccade	n/a	313.5	217.8	n/a	367.4	215.5	1.86	119.0
331.951	0.234	fixation	n/a	368.0	215.5	4338.0	n/a	n/a	n/a	n/a
332.187	0.026	saccade	n/a	370.9	217.8	n/a	434.5	217.6	2.19	133.0
332.215	0.108	fixation	n/a	434.1	218.4	4375.0	n/a	n/a	n/a	n/a
332.325	0.168	saccade	n/a	436.2	222.1	n/a	524.3	183.6	3.3	1389.0
332.359	0.052	blink	n/a	n/a	n/a	n/a	n/a	n/a	n/a	n/a
332.495	0.22	fixation	n/a	512.8	212.0	4404.0	n/a	n/a	n/a	n/a
332.717	0.024	saccade	n/a	509.9	217.8	n/a	455.7	219.8	1.85	121.0
332.743	0.148	fixation	n/a	456.8	217.8	4353.0	n/a	n/a	n/a	n/a
332.893	0.028	saccade	n/a	460.8	217.3	n/a	543.9	214.2	2.83	164.0
332.923	0.204	fixation	n/a	547.2	214.1	4296.0	n/a	n/a	n/a	n/a
333.129	0.03	saccade	n/a	547.6	216.0	n/a	455.9	210.7	3.13	178.0
333.161	0.498	fixation	n/a	456.6	218.1	4425.0	n/a	n/a	n/a	n/a
333.412	0.0	trigger_11	11	n/a	n/a	n/a	n/a	n/a	n/a	n/a
333.516	0.0	trigger_10	10	n/a	n/a	n/a	n/a	n/a	n/a	n/a
333.661	0.052	saccade	n/a	454.5	217.9	n/a	188.1	190.2	9.16	268.0
333.715	0.112	fixation	n/a	183.0	187.2	4552.0	n/a	n/a	n/a	n/a
333.829	0.026	saccade	n/a	181.3	188.0	n/a	130.7	171.2	1.82	137.0
333.857	0.176	fixation	n/a	131.8	173.0	4519.0	n/a	n/a	n/a	n/a
334.035	0.03	saccade	n/a	132.1	174.0	n/a	222.9	164.5	3.11	178.0
334.067	0.19	fixation	n/a	221.1	162.5	4459.0	n/a	n/a	n/a	n/a
334.259	0.03	saccade	n/a	222.2	162.5	n/a	320.9	154.8	3.39	181.0
334.291	0.036	fixation	n/a	322.6	150.2	4402.0	n/a	n/a	n/a	n/a
334.329	0.198	saccade	n/a	324.4	147.4	n/a	354.7	127.9	1.24	1287.0
334.369	0.08	blink	n/a	n/a	n/a	n/a	n/a	n/a	n/a	n/a
334.529	0.096	fixation	n/a	355.4	147.1	4304.0	n/a	n/a	n/a	n/a
334.627	0.02	saccade	n/a	353.1	155.5	n/a	319.6	156.2	1.15	79.0
334.649	0.144	fixation	n/a	318.2	156.9	4240.0	n/a	n/a	n/a	n/a
334.795	0.014	saccade	n/a	311.6	154.7	n/a	294.9	150.2	0.59	52.0
334.811	0.062	fixation	n/a	300.2	151.7	4181.0	n/a	n/a	n/a	n/a
334.875	0.032	saccade	n/a	301.1	153.4	n/a	403.2	146.8	3.5	195.0
334.909	0.174	fixation	n/a	410.2	150.6	4036.0	n/a	n/a	n/a	n/a
335.085	0.03	saccade	n/a	413.9	147.4	n/a	500.3	145.9	2.95	154.0
335.117	0.246	fixation	n/a	504.7	146.2	4007.0	n/a	n/a	n/a	n/a
335.365	0.024	saccade	n/a	510.0	147.6	n/a	576.2	148.5	2.24	131.0
335.391	0.124	fixation	n/a	581.5	143.0	3954.0	n/a	n/a	n/a	n/a
335.517	0.024	saccade	n/a	583.3	141.3	n/a	638.9	140.8	1.86	106.0
335.543	0.132	fixation	n/a	641.3	140.8	3915.0	n/a	n/a	n/a	n/a
335.677	0.072	saccade	n/a	639.9	138.0	n/a	134.2	198.9	17.07	384.0
335.751	0.288	fixation	n/a	143.3	205.4	3998.0	n/a	n/a	n/a	n/a
336.041	0.024	saccade	n/a	145.2	202.8	n/a	203.0	202.7	1.97	114.0
336.067	0.178	fixation	n/a	202.9	202.5	3995.0	n/a	n/a	n/a	n/a
336.247	0.03	saccade	n/a	205.8	202.2	n/a	296.6	198.6	3.11	168.0
336.279	0.144	fixation	n/a	300.7	202.0	3956.0	n/a	n/a	n/a	n/a
336.425	0.184	saccade	n/a	301.6	205.6	n/a	261.7	201.1	1.38	1298.0
336.459	0.08	blink	n/a	n/a	n/a	n/a	n/a	n/a	n/a	n/a
336.611	0.096	fixation	n/a	250.4	191.7	3961.0	n/a	n/a	n/a	n/a
336.709	0.032	saccade	n/a	256.3	199.4	n/a	365.6	204.8	3.75	184.0
336.743	0.36	fixation	n/a	378.5	201.5	3901.0	n/a	n/a	n/a	n/a
337.105	0.028	saccade	n/a	389.2	195.4	n/a	327.0	144.3	2.78	148.0
337.135	0.304	fixation	n/a	294.1	137.3	3895.0	n/a	n/a	n/a	n/a
337.18	0.0	trigger_11	11	n/a	n/a	n/a	n/a	n/a	n/a	n/a
337.284	0.0	trigger_12	12	n/a	n/a	n/a	n/a	n/a	n/a	n/a
337.441	0.036	saccade	n/a	290.1	138.2	n/a	150.5	146.0	4.75	228.0
337.479	0.184	fixation	n/a	156.9	150.9	4019.0	n/a	n/a	n/a	n/a
337.665	0.028	saccade	n/a	158.6	152.5	n/a	243.2	143.4	2.89	168.0
337.695	0.222	fixation	n/a	241.1	138.8	4101.0	n/a	n/a	n/a	n/a
337.919	0.03	saccade	n/a	237.5	135.1	n/a	154.3	140.9	2.83	155.0
337.951	0.182	fixation	n/a	160.6	146.0	4120.0	n/a	n/a	n/a	n/a
338.135	0.02	saccade	n/a	158.5	149.6	n/a	122.9	149.6	1.2	85.0
338.157	0.09	fixation	n/a	126.0	149.7	4147.0	n/a	n/a	n/a	n/a
338.249	0.168	saccade	n/a	128.7	148.2	n/a	196.5	126.7	2.41	1186.0
338.291	0.052	blink	n/a	n/a	n/a	n/a	n/a	n/a	n/a	n/a
338.419	0.256	fixation	n/a	190.7	147.6	4313.0	n/a	n/a	n/a	n/a
338.677	0.022	saccade	n/a	185.8	158.6	n/a	231.9	149.2	1.6	101.0
338.701	0.278	fixation	n/a	230.8	148.4	4208.0	n/a	n/a	n/a	n/a
338.981	0.034	saccade	n/a	231.0	148.5	n/a	366.3	138.5	4.64	194.0
339.017	0.154	fixation	n/a	376.0	137.0	4128.0	n/a	n/a	n/a	n/a
339.173	0.03	saccade	n/a	378.9	132.9	n/a	471.3	139.1	3.16	162.0
339.205	0.258	fixation	n/a	472.9	147.1	4142.0	n/a	n/a	n/a	n/a
339.465	0.026	saccade	n/a	475.4	152.2	n/a	549.2	146.5	2.51	134.0
339.493	0.184	fixation	n/a	553.3	141.2	4016.0	n/a	n/a	n/a	n/a
339.679	0.018	saccade	n/a	558.0	140.6	n/a	586.2	137.9	0.95	66.0
339.699	0.2	fixation	n/a	588.7	137.7	3872.0	n/a	n/a	n/a	n/a
339.901	0.078	saccade	n/a	588.8	136.3	n/a	127.3	206.1	15.72	333.0
339.981	0.246	fixation	n/a	136.6	210.3	3828.0	n/a	n/a	n/a	n/a
340.229	0.026	saccade	n/a	138.3	208.7	n/a	208.7	208.1	2.39	128.0
340.257	0.246	fixation	n/a	214.9	204.5	3790.0	n/a	n/a	n/a	n/a
340.505	0.024	saccade	n/a	211.0	204.2	n/a	148.4	205.4	2.13	124.0
340.531	0.076	fixation	n/a	148.5	204.4	3745.0	n/a	n/a	n/a	n/a
340.609	0.034	saccade	n/a	149.8	203.9	n/a	267.9	200.6	4.02	187.0
340.645	0.14	fixation	n/a	272.1	199.3	3696.0	n/a	n/a	n/a	n/a
340.787	0.022	saccade	n/a	269.1	200.7	n/a	224.1	200.2	1.54	99.0
340.811	0.118	fixation	n/a	222.9	200.5	3659.0	n/a	n/a	n/a	n/a
340.931	0.026	saccade	n/a	224.3	198.3	n/a	289.7	197.8	2.24	121.0
340.959	0.164	fixation	n/a	294.1	197.0	3614.0	n/a	n/a	n/a	n/a
341.125	0.22	saccade	n/a	297.0	199.9	n/a	339.0	215.6	1.54	1172.0
341.159	0.102	blink	n/a	n/a	n/a	n/a	n/a	n/a	n/a	n/a
341.347	0.394	fixation	n/a	322.5	195.0	3602.0	n/a	n/a	n/a	n/a
341.743	0.3	saccade	n/a	311.3	193.1	n/a	308.3	161.2	1.11	1014.0
341.783	0.178	blink	n/a	n/a	n/a	n/a	n/a	n/a	n/a	n/a
342.045	0.228	fixation	n/a	299.3	148.2	3597.0	n/a	n/a	n/a	n/a
342.068	0.0	trigger_13	13	n/a	n/a	n/a	n/a	n/a	n/a	n/a
342.275	0.038	saccade	n/a	299.1	157.5	n/a	153.4	151.1	4.95	231.0
342.315	0.36	fixation	n/a	163.5	149.6	3595.0	n/a	n/a	n/a	n/a
342.677	0.024	saccade	n/a	172.0	145.9	n/a	238.8	136.4	2.3	132.0
342.703	0.214	fixation	n/a	243.2	131.1	3591.0	n/a	n/a	n/a	n/a
342.919	0.034	saccade	n/a	241.7	131.9	n/a	146.9	201.1	4.01	197.0
342.955	0.27	fixation	n/a	148.8	203.7	3811.0	n/a	n/a	n/a	n/a
343.227	0.028	saccade	n/a	148.8	210.5	n/a	147.8	293.1	2.86	148.0
343.257	0.234	fixation	n/a	147.7	294.7	4069.0	n/a	n/a	n/a	n/a
343.493	0.016	saccade	n/a	146.1	292.1	n/a	150.3	272.3	0.7	54.0
343.511	0.16	fixation	n/a	150.5	273.8	4259.0	n/a	n/a	n/a	n/a
343.673	0.022	saccade	n/a	148.4	275.3	n/a	148.2	323.6	1.67	104.0
343.697	0.498	fixation	n/a	147.2	324.0	4534.0	n/a	n/a	n/a	n/a
344.197	0.036	saccade	n/a	142.2	324.0	n/a	141.0	190.3	4.63	233.0
344.235	0.292	fixation	n/a	143.4	188.4	4753.0	n/a	n/a	n/a	n/a
344.529	0.14	saccade	n/a	140.2	175.9	n/a	157.3	128.9	1.71	1451.0
344.569	0.036	blink	n/a	n/a	n/a	n/a	n/a	n/a	n/a	n/a
344.671	0.096	fixation	n/a	159.3	149.9	4883.0	n/a	n/a	n/a	n/a
344.769	0.02	saccade	n/a	159.0	159.9	n/a	136.7	129.9	1.28	88.0
344.791	0.304	fixation	n/a	140.2	136.8	4934.0	n/a	n/a	n/a	n/a
345.097	0.028	saccade	n/a	142.3	145.7	n/a	216.5	138.0	2.54	153.0
345.127	0.206	fixation	n/a	213.7	135.5	4855.0	n/a	n/a	n/a	n/a
345.335	0.03	saccade	n/a	211.2	132.5	n/a	122.2	134.7	3.01	170.0
345.367	0.198	fixation	n/a	131.2	134.1	4958.0	n/a	n/a	n/a	n/a
345.567	0.14	saccade	n/a	132.9	125.1	n/a	203.5	91.7	2.64	1370.0
345.613	0.012	blink	n/a	n/a	n/a	n/a	n/a	n/a	n/a	n/a
345.709	0.16	fixation	n/a	203.5	109.6	5112.0	n/a	n/a	n/a	n/a
345.871	0.028	saccade	n/a	205.3	116.5	n/a	272.1	119.8	2.27	136.0
345.901	0.122	fixation	n/a	269.8	121.7	5132.0	n/a	n/a	n/a	n/a
346.025	0.052	saccade	n/a	270.5	125.6	n/a	148.7	310.7	7.62	303.0
346.079	0.782	fixation	n/a	150.4	317.6	5144.0	n/a	n/a	n/a	n/a
346.863	0.024	saccade	n/a	157.6	316.3	n/a	144.2	262.4	1.93	124.0
346.889	0.468	fixation	n/a	151.2	259.2	5241.0	n/a	n/a	n/a	n/a
347.359	0.03	saccade	n/a	154.2	255.1	n/a	149.4	187.0	2.36	145.0
347.391	0.58	fixation	n/a	157.7	201.6	5410.0	n/a	n/a	n/a	n/a
347.686	0.0	trigger_15	15	n/a	n/a	n/a	n/a	n/a	n/a	n/a
347.738	0.0	trigger_10	10	n/a	n/a	n/a	n/a	n/a	n/a	n/a
347.973	0.022	saccade	n/a	156.9	208.3	n/a	139.9	161.6	1.71	120.0
347.997	0.19	fixation	n/a	144.6	168.5	5527.0	n/a	n/a	n/a	n/a
348.189	0.024	saccade	n/a	147.6	172.5	n/a	204.4	158.8	1.99	122.0
348.215	0.162	fixation	n/a	203.5	161.0	5459.0	n/a	n/a	n/a	n/a
348.379	0.024	saccade	n/a	205.8	163.6	n/a	262.0	156.4	1.94	115.0
348.405	0.192	fixation	n/a	265.6	160.6	5319.0	n/a	n/a	n/a	n/a
348.599	0.17	saccade	n/a	268.0	152.4	n/a	364.1	123.8	3.43	1026.0
348.771	0.212	fixation	n/a	352.7	153.5	5159.0	n/a	n/a	n/a	n/a
348.985	0.03	saccade	n/a	348.5	161.8	n/a	438.2	159.9	3.08	177.0
349.017	0.196	fixation	n/a	438.1	160.0	4960.0	n/a	n/a	n/a	n/a
349.215	0.024	saccade	n/a	441.3	157.3	n/a	509.6	156.0	2.33	134.0
349.241	0.1	fixation	n/a	509.5	155.2	4836.0	n/a	n/a	n/a	n/a
349.343	0.164	saccade	n/a	509.3	159.1	n/a	595.6	121.8	3.18	1534.0
349.383	0.048	blink	n/a	n/a	n/a	n/a	n/a	n/a	n/a	n/a
349.509	0.132	fixation	n/a	592.5	147.0	4689.0	n/a	n/a	n/a	n/a
349.643	0.03	saccade	n/a	590.9	153.4	n/a	493.8	153.7	3.29	170.0
349.675	0.208	fixation	n/a	497.9	159.7	4727.0	n/a	n/a	n/a	n/a
349.885	0.028	saccade	n/a	498.5	157.7	n/a	574.4	153.9	2.58	158.0
349.915	0.172	fixation	n/a	571.1	153.5	4814.0	n/a	n/a	n/a	n/a
350.089	0.02	saccade	n/a	570.1	155.7	n/a	607.0	151.8	1.25	86.0
350.111	0.082	fixation	n/a	600.3	151.6	4936.0	n/a	n/a	n/a	n/a
350.195	0.07	saccade	n/a	598.5	152.9	n/a	140.2	218.2	15.62	381.0
350.267	0.294	fixation	n/a	147.9	218.5	5153.0	n/a	n/a	n/a	n/a
350.563	0.142	saccade	n/a	144.4	209.3	n/a	238.5	174.4	3.42	1669.0
350.595	0.028	blink	n/a	n/a	n/a	n/a	n/a	n/a	n/a	n/a
350.707	0.192	fixation	n/a	239.5	201.1	5271.0	n/a	n/a	n/a	n/a
350.901	0.03	saccade	n/a	240.3	206.0	n/a	318.8	202.1	2.7	172.0
350.933	0.184	fixation	n/a	314.5	205.1	5307.0	n/a	n/a	n/a	n/a
351.119	0.044	saccade	n/a	312.3	206.6	n/a	116.7	215.3	6.67	300.0
351.165	0.206	fixation	n/a	128.4	214.3	5292.0	n/a	n/a	n/a	n/a
351.373	0.168	saccade	n/a	130.8	208.3	n/a	281.9	199.1	5.17	1295.0
351.399	0.06	blink	n/a	n/a	n/a	n/a	n/a	n/a	n/a	n/a
351.543	0.426	fixation	n/a	272.8	204.4	5312.0	n/a	n/a	n/a	n/a
351.971	0.176	saccade	n/a	274.6	213.0	n/a	203.7	139.9	3.5	1392.0
352.011	0.054	blink	n/a	n/a	n/a	n/a	n/a	n/a	n/a	n/a
352.149	0.164	fixation	n/a	198.8	146.2	5299.0	n/a	n/a	n/a	n/a
352.315	0.046	saccade	n/a	204.1	151.5	n/a	413.5	152.2	7.15	266.0
352.363	0.226	fixation	n/a	415.4	157.3	5179.0	n/a	n/a	n/a	n/a
352.591	0.024	saccade	n/a	416.4	159.1	n/a	473.3	160.1	1.95	116.0
352.617	0.228	fixation	n/a	469.5	160.5	5105.0	n/a	n/a	n/a	n/a
352.847	0.026	saccade	n/a	472.3	163.0	n/a	533.2	164.5	2.07	124.0
352.875	0.092	fixation	n/a	528.9	161.7	5123.0	n/a	n/a	n/a	n/a
352.969	0.22	saccade	n/a	529.5	159.9	n/a	171.0	206.2	12.28	1441.0
353.009	0.096	blink	n/a	n/a	n/a	n/a	n/a	n/a	n/a	n/a
353.191	0.272	fixation	n/a	163.4	207.0	5256.0	n/a	n/a	n/a	n/a
353.465	0.02	saccade	n/a	161.3	222.0	n/a	155.4	176.9	1.57	105.0
353.487	0.59	fixation	n/a	161.7	182.5	5108.0	n/a	n/a	n/a	n/a
353.798	0.0	trigger_11	11	n/a	n/a	n/a	n/a	n/a	n/a	n/a
353.9	0.0	trigger_10	10	n/a	n/a	n/a	n/a	n/a	n/a	n/a
354.079	0.016	saccade	n/a	161.5	178.2	n/a	141.5	171.3	0.72	57.0
354.097	0.092	fixation	n/a	150.4	175.2	5142.0	n/a	n/a	n/a	n/a
354.191	0.028	saccade	n/a	154.3	177.5	n/a	233.3	166.4	2.72	162.0
354.221	0.208	fixation	n/a	230.4	170.6	5150.0	n/a	n/a	n/a	n/a
354.431	0.034	saccade	n/a	232.0	174.8	n/a	344.7	171.2	3.87	209.0
354.467	0.25	fixation	n/a	341.5	171.2	5030.0	n/a	n/a	n/a	n/a
354.719	0.026	saccade	n/a	342.7	171.0	n/a	410.8	170.1	2.34	143.0
354.747	0.13	fixation	n/a	408.1	166.9	4936.0	n/a	n/a	n/a	n/a
354.879	0.03	saccade	n/a	410.3	163.9	n/a	505.4	163.2	3.25	181.0
354.911	0.182	fixation	n/a	508.0	162.0	4956.0	n/a	n/a	n/a	n/a
355.095	0.022	saccade	n/a	511.9	160.8	n/a	561.9	157.7	1.69	111.0
355.119	0.106	fixation	n/a	562.7	157.8	5005.0	n/a	n/a	n/a	n/a
355.227	0.066	saccade	n/a	563.2	160.7	n/a	130.8	210.9	14.73	378.0
355.295	0.402	fixation	n/a	137.4	222.0	4936.0	n/a	n/a	n/a	n/a
355.414	0.0	trigger_11	11	n/a	n/a	n/a	n/a	n/a	n/a	n/a
355.516	0.0	trigger_10	10	n/a	n/a	n/a	n/a	n/a	n/a	n/a
355.699	0.022	saccade	n/a	138.1	217.7	n/a	138.8	165.7	1.79	118.0
355.723	0.176	fixation	n/a	143.7	174.2	5019.0	n/a	n/a	n/a	n/a
355.901	0.026	saccade	n/a	145.3	176.8	n/a	212.0	169.9	2.29	143.0
355.929	0.152	fixation	n/a	207.4	168.3	5074.0	n/a	n/a	n/a	n/a
356.083	0.018	saccade	n/a	206.0	172.1	n/a	174.6	173.0	1.07	76.0
356.103	0.09	fixation	n/a	179.6	174.3	5068.0	n/a	n/a	n/a	n/a
356.195	0.03	saccade	n/a	180.8	174.1	n/a	260.6	169.7	2.73	171.0
356.227	0.082	fixation	n/a	257.9	169.5	5080.0	n/a	n/a	n/a	n/a
356.311	0.038	saccade	n/a	256.1	168.7	n/a	112.1	171.1	4.89	262.0
356.351	0.17	fixation	n/a	120.2	173.5	5116.0	n/a	n/a	n/a	n/a
356.523	0.144	saccade	n/a	118.7	172.2	n/a	168.7	144.1	1.95	1335.0
356.565	0.024	blink	n/a	n/a	n/a	n/a	n/a	n/a	n/a	n/a
356.669	0.322	fixation	n/a	173.1	168.1	5028.0	n/a	n/a	n/a	n/a
356.993	0.02	saccade	n/a	178.9	176.6	n/a	222.9	174.3	1.5	103.0
357.015	0.158	fixation	n/a	220.6	173.0	4947.0	n/a	n/a	n/a	n/a
357.175	0.024	saccade	n/a	222.8	172.0	n/a	299.2	170.7	2.62	151.0
357.201	0.27	fixation	n/a	303.5	170.1	4938.0	n/a	n/a	n/a	n/a
357.473	0.03	saccade	n/a	305.5	172.7	n/a	389.7	173.8	2.89	157.0
357.505	0.288	fixation	n/a	388.7	173.0	4894.0	n/a	n/a	n/a	n/a
357.795	0.028	saccade	n/a	390.3	166.3	n/a	473.6	160.1	2.86	157.0
357.825	0.072	fixation	n/a	473.0	159.8	4853.0	n/a	n/a	n/a	n/a
357.899	0.196	saccade	n/a	473.7	162.8	n/a	519.5	126.5	2.0	1434.0
357.943	0.054	blink	n/a	n/a	n/a	n/a	n/a	n/a	n/a	n/a
358.097	0.126	fixation	n/a	516.3	143.4	4937.0	n/a	n/a	n/a	n/a
358.225	0.024	saccade	n/a	518.7	158.3	n/a	574.1	161.5	1.88	117.0
358.251	0.202	fixation	n/a	567.9	163.8	4864.0	n/a	n/a	n/a	n/a
358.455	0.074	saccade	n/a	563.0	164.6	n/a	131.1	222.6	14.73	357.0
358.531	0.12	fixation	n/a	136.4	231.2	4698.0	n/a	n/a	n/a	n/a
358.653	0.018	saccade	n/a	136.4	231.2	n/a	105.2	234.9	1.06	78.0
358.673	0.13	fixation	n/a	111.0	231.0	4735.0	n/a	n/a	n/a	n/a
358.805	0.028	saccade	n/a	116.7	231.5	n/a	190.7	224.6	2.53	150.0
358.835	0.226	fixation	n/a	186.2	220.2	4794.0	n/a	n/a	n/a	n/a
359.063	0.026	saccade	n/a	189.6	220.7	n/a	259.4	221.0	2.4	146.0
359.091	0.184	fixation	n/a	255.4	223.6	4768.0	n/a	n/a	n/a	n/a
359.277	0.028	saccade	n/a	256.8	226.1	n/a	339.1	225.0	2.83	150.0
359.307	0.21	fixation	n/a	339.1	222.9	4744.0	n/a	n/a	n/a	n/a
359.519	0.024	saccade	n/a	341.5	223.0	n/a	401.8	221.5	2.08	122.0
359.545	0.14	fixation	n/a	400.5	220.8	4700.0	n/a	n/a	n/a	n/a
359.687	0.208	saccade	n/a	399.9	219.6	n/a	337.9	217.7	2.14	1271.0
359.723	0.07	blink	n/a	n/a	n/a	n/a	n/a	n/a	n/a	n/a
359.897	0.192	fixation	n/a	335.7	224.2	4570.0	n/a	n/a	n/a	n/a
360.091	0.026	saccade	n/a	336.0	227.3	n/a	406.0	217.5	2.43	125.0
360.119	0.224	fixation	n/a	406.5	219.8	4524.0	n/a	n/a	n/a	n/a
360.345	0.024	saccade	n/a	411.3	224.5	n/a	463.8	224.4	1.8	110.0
360.371	0.208	fixation	n/a	463.8	219.2	4517.0	n/a	n/a	n/a	n/a
360.581	0.034	saccade	n/a	462.8	213.0	n/a	324.3	179.7	4.88	227.0
360.617	0.296	fixation	n/a	289.1	181.8	4641.0	n/a	n/a	n/a	n/a
360.67	0.0	trigger_11	11	n/a	n/a	n/a	n/a	n/a	n/a	n/a
360.774	0.0	trigger_10	10	n/a	n/a	n/a	n/a	n/a	n/a	n/a
360.915	0.038	saccade	n/a	287.9	177.2	n/a	137.1	164.3	5.15	253.0
360.955	0.212	fixation	n/a	141.8	163.4	4700.0	n/a	n/a	n/a	n/a
361.169	0.03	saccade	n/a	140.1	160.8	n/a	227.6	145.1	3.02	170.0
361.201	0.184	fixation	n/a	222.2	148.2	4685.0	n/a	n/a	n/a	n/a
361.387	0.032	saccade	n/a	221.9	150.5	n/a	314.8	150.2	3.19	170.0
361.421	0.154	fixation	n/a	310.0	144.8	4646.0	n/a	n/a	n/a	n/a
361.577	0.028	saccade	n/a	313.3	145.2	n/a	404.0	146.7	3.11	171.0
361.607	0.182	fixation	n/a	406.8	148.0	4617.0	n/a	n/a	n/a	n/a
361.791	0.034	saccade	n/a	410.3	147.8	n/a	519.4	151.8	3.73	180.0
361.827	0.162	fixation	n/a	516.9	151.2	4648.0	n/a	n/a	n/a	n/a
361.991	0.042	saccade	n/a	515.6	150.8	n/a	321.9	146.6	6.6	290.0
362.035	0.192	fixation	n/a	326.2	148.5	4726.0	n/a	n/a	n/a	n/a
362.229	0.174	saccade	n/a	325.7	148.9	n/a	226.5	133.6	3.43	1448.0
362.267	0.056	blink	n/a	n/a	n/a	n/a	n/a	n/a	n/a	n/a
362.405	0.116	fixation	n/a	228.3	150.5	4746.0	n/a	n/a	n/a	n/a
362.523	0.02	saccade	n/a	231.4	160.5	n/a	263.0	159.6	1.08	75.0
362.545	0.038	fixation	n/a	261.8	159.0	4729.0	n/a	n/a	n/a	n/a
362.585	0.048	saccade	n/a	264.6	159.3	n/a	526.1	156.3	8.93	321.0
362.635	0.248	fixation	n/a	536.0	159.3	4696.0	n/a	n/a	n/a	n/a
362.885	0.04	saccade	n/a	537.2	160.0	n/a	342.6	154.0	6.63	341.0
362.927	0.102	fixation	n/a	348.9	157.0	4738.0	n/a	n/a	n/a	n/a
363.031	0.044	saccade	n/a	349.5	159.5	n/a	128.9	209.4	7.73	328.0
363.077	0.238	fixation	n/a	140.4	211.1	4752.0	n/a	n/a	n/a	n/a
363.317	0.026	saccade	n/a	145.4	211.0	n/a	210.8	212.6	2.23	146.0
363.345	0.16	fixation	n/a	207.4	211.1	4793.0	n/a	n/a	n/a	n/a
363.507	0.03	saccade	n/a	209.3	209.4	n/a	295.2	211.7	2.95	181.0
363.539	0.164	fixation	n/a	291.7	211.7	4799.0	n/a	n/a	n/a	n/a
363.705	0.036	saccade	n/a	291.2	215.5	n/a	172.7	214.8	4.07	228.0
363.743	0.1	fixation	n/a	176.9	215.8	4778.0	n/a	n/a	n/a	n/a
363.845	0.178	saccade	n/a	177.5	217.1	n/a	291.6	227.3	3.92	1321.0
363.885	0.054	blink	n/a	n/a	n/a	n/a	n/a	n/a	n/a	n/a
363.926	0.0	trigger_11	11	n/a	n/a	n/a	n/a	n/a	n/a	n/a
364.025	0.176	fixation	n/a	279.4	206.1	4884.0	n/a	n/a	n/a	n/a
364.03	0.0	trigger_10	10	n/a	n/a	n/a	n/a	n/a	n/a	n/a
364.203	0.034	saccade	n/a	281.2	209.3	n/a	164.8	155.2	4.4	228.0
364.239	0.244	fixation	n/a	153.1	170.5	4762.0	n/a	n/a	n/a	n/a
364.485	0.024	saccade	n/a	154.5	166.7	n/a	217.9	159.0	2.17	126.0
364.511	0.164	fixation	n/a	222.9	157.8	4509.0	n/a	n/a	n/a	n/a
364.677	0.026	saccade	n/a	225.4	159.3	n/a	304.8	160.5	2.72	158.0
364.705	0.258	fixation	n/a	308.1	158.7	4437.0	n/a	n/a	n/a	n/a
364.965	0.028	saccade	n/a	310.9	161.4	n/a	378.0	206.1	2.79	170.0
364.995	0.172	fixation	n/a	376.6	206.3	4507.0	n/a	n/a	n/a	n/a
365.169	0.026	saccade	n/a	376.9	206.3	n/a	451.0	211.5	2.56	154.0
365.197	0.13	fixation	n/a	449.8	210.9	4648.0	n/a	n/a	n/a	n/a
365.329	0.138	saccade	n/a	451.3	212.1	n/a	402.3	180.8	2.01	1658.0
365.365	0.024	blink	n/a	n/a	n/a	n/a	n/a	n/a	n/a	n/a
365.469	0.098	fixation	n/a	404.6	202.0	4821.0	n/a	n/a	n/a	n/a
365.569	0.028	saccade	n/a	402.8	207.4	n/a	331.1	205.5	2.46	155.0
365.599	0.148	fixation	n/a	332.0	204.5	4887.0	n/a	n/a	n/a	n/a
365.749	0.034	saccade	n/a	332.0	198.1	n/a	250.7	131.5	3.62	222.0
365.785	0.164	fixation	n/a	251.2	135.8	5018.0	n/a	n/a	n/a	n/a
365.951	0.026	saccade	n/a	250.3	131.8	n/a	323.8	139.7	2.53	148.0
365.979	0.158	fixation	n/a	324.2	138.7	5120.0	n/a	n/a	n/a	n/a
366.139	0.036	saccade	n/a	327.3	137.8	n/a	446.3	136.1	4.08	207.0
366.177	0.234	fixation	n/a	444.6	133.7	5184.0	n/a	n/a	n/a	n/a
366.413	0.032	saccade	n/a	445.9	133.4	n/a	541.5	125.6	3.26	192.0
366.447	0.166	fixation	n/a	541.2	125.4	5145.0	n/a	n/a	n/a	n/a
366.615	0.066	saccade	n/a	541.4	125.4	n/a	123.6	184.3	14.21	400.0
366.683	0.196	fixation	n/a	132.4	190.3	5136.0	n/a	n/a	n/a	n/a
366.881	0.156	saccade	n/a	133.6	194.3	n/a	195.7	170.5	2.26	1415.0
366.923	0.052	blink	n/a	n/a	n/a	n/a	n/a	n/a	n/a	n/a
367.039	0.148	fixation	n/a	197.2	189.7	5142.0	n/a	n/a	n/a	n/a
367.189	0.03	saccade	n/a	197.3	194.2	n/a	277.6	199.6	2.76	172.0
367.221	0.2	fixation	n/a	267.8	200.4	5150.0	n/a	n/a	n/a	n/a
367.423	0.016	saccade	n/a	259.0	202.5	n/a	238.9	205.3	0.7	53.0
367.441	0.096	fixation	n/a	240.8	206.9	5149.0	n/a	n/a	n/a	n/a
367.539	0.028	saccade	n/a	242.5	206.4	n/a	324.1	196.6	2.82	172.0
367.569	0.13	fixation	n/a	321.3	199.2	5183.0	n/a	n/a	n/a	n/a
367.701	0.2	saccade	n/a	322.9	199.8	n/a	376.3	173.8	2.05	1361.0
367.743	0.056	blink	n/a	n/a	n/a	n/a	n/a	n/a	n/a	n/a
367.903	0.174	fixation	n/a	379.9	195.2	5212.0	n/a	n/a	n/a	n/a
368.079	0.022	saccade	n/a	382.5	200.0	n/a	336.6	202.4	1.58	104.0
368.103	0.3	fixation	n/a	338.9	200.3	5094.0	n/a	n/a	n/a	n/a
368.405	0.022	saccade	n/a	340.4	200.0	n/a	380.9	194.0	1.4	90.0
368.429	0.182	fixation	n/a	377.8	194.2	5059.0	n/a	n/a	n/a	n/a
368.613	0.024	saccade	n/a	377.9	190.8	n/a	330.6	185.7	1.63	109.0
368.639	0.536	fixation	n/a	337.7	188.0	5237.0	n/a	n/a	n/a	n/a
368.926	0.0	trigger_11	11	n/a	n/a	n/a	n/a	n/a	n/a	n/a
369.03	0.0	trigger_10	10	n/a	n/a	n/a	n/a	n/a	n/a	n/a
369.177	0.046	saccade	n/a	340.8	195.0	n/a	131.4	172.0	7.18	283.0
369.225	0.12	fixation	n/a	139.3	171.8	5351.0	n/a	n/a	n/a	n/a
369.347	0.014	saccade	n/a	139.0	176.8	n/a	128.9	158.5	0.72	60.0
369.363	0.178	fixation	n/a	132.6	161.1	5381.0	n/a	n/a	n/a	n/a
369.543	0.024	saccade	n/a	135.9	162.9	n/a	199.4	153.5	2.18	137.0
369.569	0.086	fixation	n/a	196.4	152.3	5394.0	n/a	n/a	n/a	n/a
369.657	0.14	saccade	n/a	196.6	153.5	n/a	255.1	114.7	2.4	1558.0
369.697	0.024	blink	n/a	n/a	n/a	n/a	n/a	n/a	n/a	n/a
369.799	0.068	fixation	n/a	255.3	128.8	5413.0	n/a	n/a	n/a	n/a
369.869	0.038	saccade	n/a	249.9	138.8	n/a	111.5	204.7	5.21	271.0
369.909	0.274	fixation	n/a	116.5	205.5	5427.0	n/a	n/a	n/a	n/a
370.185	0.042	saccade	n/a	118.2	207.2	n/a	286.0	141.6	6.14	246.0
370.229	0.152	fixation	n/a	288.4	139.8	5462.0	n/a	n/a	n/a	n/a
370.383	0.028	saccade	n/a	292.0	137.6	n/a	370.1	136.9	2.67	148.0
370.413	0.182	fixation	n/a	370.9	141.1	5476.0	n/a	n/a	n/a	n/a
370.597	0.034	saccade	n/a	372.1	137.6	n/a	493.0	134.0	4.13	226.0
370.633	0.194	fixation	n/a	493.9	137.7	5475.0	n/a	n/a	n/a	n/a
370.829	0.024	saccade	n/a	499.3	136.8	n/a	555.5	139.5	1.91	123.0
370.855	0.184	fixation	n/a	552.0	139.6	5485.0	n/a	n/a	n/a	n/a
371.041	0.02	saccade	n/a	557.9	141.6	n/a	598.2	146.8	1.37	92.0
371.063	0.14	fixation	n/a	598.3	146.8	5355.0	n/a	n/a	n/a	n/a
371.205	0.066	saccade	n/a	601.1	145.9	n/a	177.3	139.6	14.32	403.0
371.273	0.136	fixation	n/a	183.7	143.3	5344.0	n/a	n/a	n/a	n/a
371.411	0.022	saccade	n/a	182.3	147.9	n/a	143.2	154.8	1.35	103.0
371.435	0.092	fixation	n/a	150.2	155.6	5374.0	n/a	n/a	n/a	n/a
371.529	0.162	saccade	n/a	150.0	153.4	n/a	209.3	99.2	2.74	1488.0
371.569	0.042	blink	n/a	n/a	n/a	n/a	n/a	n/a	n/a	n/a
371.693	0.21	fixation	n/a	211.7	138.5	5399.0	n/a	n/a	n/a	n/a
371.905	0.028	saccade	n/a	220.4	147.5	n/a	290.3	146.5	2.39	148.0
371.935	0.216	fixation	n/a	291.2	145.5	5324.0	n/a	n/a	n/a	n/a
372.153	0.024	saccade	n/a	292.9	145.1	n/a	351.4	146.4	2.0	127.0
372.179	0.324	fixation	n/a	351.6	143.4	5326.0	n/a	n/a	n/a	n/a
372.505	0.032	saccade	n/a	350.0	145.5	n/a	263.7	145.2	2.96	184.0
372.539	0.26	fixation	n/a	272.9	146.1	5450.0	n/a	n/a	n/a	n/a
372.801	0.026	saccade	n/a	274.2	143.8	n/a	342.1	147.4	2.33	138.0
372.829	0.12	fixation	n/a	339.6	147.7	5459.0	n/a	n/a	n/a	n/a
372.951	0.148	saccade	n/a	340.8	149.0	n/a	398.4	115.7	2.29	1182.0
373.001	0.0	blink	n/a	n/a	n/a	n/a	n/a	n/a	n/a	n/a
373.101	0.218	fixation	n/a	397.3	155.1	5475.0	n/a	n/a	n/a	n/a
373.321	0.024	saccade	n/a	397.3	155.0	n/a	458.5	151.0	2.1	133.0
373.347	0.244	fixation	n/a	451.3	148.6	5394.0	n/a	n/a	n/a	n/a
373.593	0.02	saccade	n/a	454.1	144.4	n/a	491.2	143.5	1.27	88.0
373.615	0.384	fixation	n/a	484.2	141.3	5332.0	n/a	n/a	n/a	n/a
374.001	0.154	saccade	n/a	478.6	136.2	n/a	507.1	102.3	1.51	1364.0
374.045	0.024	blink	n/a	n/a	n/a	n/a	n/a	n/a	n/a	n/a
374.157	0.272	fixation	n/a	510.1	140.7	5396.0	n/a	n/a	n/a	n/a
374.431	0.018	saccade	n/a	517.2	151.1	n/a	547.6	151.6	1.03	72.0
374.451	0.148	fixation	n/a	549.7	157.2	5330.0	n/a	n/a	n/a	n/a
374.601	0.028	saccade	n/a	548.4	157.9	n/a	468.1	150.9	2.74	177.0
374.631	0.166	fixation	n/a	479.8	153.0	5265.0	n/a	n/a	n/a	n/a
374.799	0.03	saccade	n/a	484.1	153.5	n/a	577.1	156.2	3.16	187.0
374.831	0.25	fixation	n/a	578.2	153.6	5274.0	n/a	n/a	n/a	n/a
375.083	0.032	saccade	n/a	579.1	156.3	n/a	493.7	153.0	2.9	185.0
375.117	0.116	fixation	n/a	503.7	154.5	5307.0	n/a	n/a	n/a	n/a
375.235	0.168	saccade	n/a	503.1	152.2	n/a	492.1	115.0	1.33	1480.0
375.277	0.05	blink	n/a	n/a	n/a	n/a	n/a	n/a	n/a	n/a
375.405	0.11	fixation	n/a	488.9	133.6	5309.0	n/a	n/a	n/a	n/a
375.517	0.02	saccade	n/a	495.5	144.9	n/a	533.5	146.6	1.29	87.0
375.539	0.124	fixation	n/a	531.6	153.0	5295.0	n/a	n/a	n/a	n/a
375.665	0.022	saccade	n/a	535.1	159.1	n/a	586.8	154.2	1.75	110.0
375.689	0.456	fixation	n/a	587.9	164.1	5072.0	n/a	n/a	n/a	n/a
376.147	0.078	saccade	n/a	599.5	165.2	n/a	113.2	219.5	16.54	370.0
376.227	0.412	fixation	n/a	118.5	221.0	5024.0	n/a	n/a	n/a	n/a
376.641	0.026	saccade	n/a	119.2	213.8	n/a	154.7	163.6	2.11	118.0
376.669	0.594	fixation	n/a	159.7	164.6	5082.0	n/a	n/a	n/a	n/a
376.992	0.0	trigger_11	11	n/a	n/a	n/a	n/a	n/a	n/a	n/a
377.096	0.0	trigger_10	10	n/a	n/a	n/a	n/a	n/a	n/a	n/a
377.265	0.022	saccade	n/a	157.2	164.4	n/a	113.1	157.3	1.51	104.0
377.289	0.126	fixation	n/a	121.0	158.1	5300.0	n/a	n/a	n/a	n/a
377.417	0.03	saccade	n/a	122.6	156.4	n/a	208.9	151.0	2.94	171.0
377.449	0.196	fixation	n/a	204.1	152.9	5346.0	n/a	n/a	n/a	n/a
377.647	0.022	saccade	n/a	207.9	157.6	n/a	256.7	154.9	1.68	108.0
377.671	0.212	fixation	n/a	251.7	153.9	5289.0	n/a	n/a	n/a	n/a
377.885	0.02	saccade	n/a	255.9	154.5	n/a	293.1	151.3	1.28	87.0
377.907	0.28	fixation	n/a	293.5	147.1	5324.0	n/a	n/a	n/a	n/a
378.189	0.026	saccade	n/a	298.1	146.0	n/a	355.0	144.9	1.96	124.0
378.217	0.09	fixation	n/a	350.2	143.6	5370.0	n/a	n/a	n/a	n/a
378.309	0.164	saccade	n/a	350.8	142.4	n/a	407.7	87.6	2.72	1502.0
378.349	0.03	blink	n/a	n/a	n/a	n/a	n/a	n/a	n/a	n/a
378.475	0.218	fixation	n/a	415.1	129.2	5400.0	n/a	n/a	n/a	n/a
378.695	0.026	saccade	n/a	415.3	140.8	n/a	476.6	141.7	2.1	130.0
378.723	0.164	fixation	n/a	469.8	148.6	5256.0	n/a	n/a	n/a	n/a
378.889	0.016	saccade	n/a	472.4	152.5	n/a	496.7	155.1	0.84	64.0
378.907	0.274	fixation	n/a	496.1	146.4	5053.0	n/a	n/a	n/a	n/a
379.183	0.054	saccade	n/a	495.6	144.6	n/a	181.2	152.5	10.72	326.0
379.239	0.262	fixation	n/a	180.2	159.3	5015.0	n/a	n/a	n/a	n/a
379.503	0.022	saccade	n/a	182.2	162.6	n/a	239.2	159.0	1.96	121.0
379.527	0.19	fixation	n/a	239.2	156.4	5061.0	n/a	n/a	n/a	n/a
379.719	0.022	saccade	n/a	239.5	153.2	n/a	295.0	153.8	1.9	115.0
379.743	0.184	fixation	n/a	298.6	155.2	5115.0	n/a	n/a	n/a	n/a
379.929	0.03	saccade	n/a	300.8	153.3	n/a	390.7	153.4	3.09	164.0
379.961	0.184	fixation	n/a	390.2	152.0	5167.0	n/a	n/a	n/a	n/a
380.147	0.026	saccade	n/a	393.1	152.8	n/a	457.5	152.6	2.21	133.0
380.175	0.178	fixation	n/a	454.1	155.4	5234.0	n/a	n/a	n/a	n/a
380.355	0.022	saccade	n/a	456.1	158.3	n/a	497.7	159.3	1.42	93.0
380.379	0.108	fixation	n/a	496.6	163.6	5228.0	n/a	n/a	n/a	n/a
380.489	0.064	saccade	n/a	497.7	165.7	n/a	107.7	172.2	13.27	362.0
380.555	0.284	fixation	n/a	118.9	175.8	5278.0	n/a	n/a	n/a	n/a
380.841	0.032	saccade	n/a	124.6	179.7	n/a	230.8	168.1	3.65	180.0
380.875	0.276	fixation	n/a	229.7	165.7	5300.0	n/a	n/a	n/a	n/a
381.153	0.026	saccade	n/a	230.7	168.0	n/a	299.5	164.2	2.37	134.0
381.181	0.498	fixation	n/a	300.4	163.8	5311.0	n/a	n/a	n/a	n/a
381.432	0.0	trigger_11	11	n/a	n/a	n/a	n/a	n/a	n/a	n/a
381.534	0.0	trigger_10	10	n/a	n/a	n/a	n/a	n/a	n/a	n/a
381.681	0.038	saccade	n/a	297.1	159.8	n/a	149.4	187.3	5.14	247.0
381.721	0.096	fixation	n/a	156.7	188.4	5368.0	n/a	n/a	n/a	n/a
381.819	0.018	saccade	n/a	156.2	188.4	n/a	137.6	170.7	0.88	64.0
381.839	0.142	fixation	n/a	143.0	170.1	5356.0	n/a	n/a	n/a	n/a
381.983	0.024	saccade	n/a	147.5	170.9	n/a	218.3	161.8	2.44	143.0
382.009	0.172	fixation	n/a	220.7	161.4	5269.0	n/a	n/a	n/a	n/a
382.183	0.028	saccade	n/a	224.3	160.3	n/a	303.5	158.9	2.73	152.0
382.213	0.178	fixation	n/a	300.9	155.5	5174.0	n/a	n/a	n/a	n/a
382.393	0.026	saccade	n/a	304.0	152.3	n/a	368.1	149.7	2.2	132.0
382.421	0.18	fixation	n/a	365.7	151.4	5138.0	n/a	n/a	n/a	n/a
382.603	0.03	saccade	n/a	370.4	151.5	n/a	459.3	147.7	3.06	158.0
382.635	0.2	fixation	n/a	457.4	146.8	5167.0	n/a	n/a	n/a	n/a
382.837	0.032	saccade	n/a	457.8	151.1	n/a	558.9	155.0	3.45	178.0
382.871	0.216	fixation	n/a	556.6	159.5	5177.0	n/a	n/a	n/a	n/a
383.089	0.07	saccade	n/a	557.9	162.8	n/a	128.2	217.7	14.71	381.0
383.161	0.14	fixation	n/a	130.8	222.3	5111.0	n/a	n/a	n/a	n/a
383.303	0.018	saccade	n/a	129.2	225.9	n/a	101.4	227.2	0.95	72.0
383.323	0.144	fixation	n/a	106.8	225.8	5062.0	n/a	n/a	n/a	n/a
383.469	0.032	saccade	n/a	111.8	224.5	n/a	209.0	221.1	3.32	187.0
383.503	0.144	fixation	n/a	209.1	219.6	5120.0	n/a	n/a	n/a	n/a
383.649	0.148	saccade	n/a	211.7	215.3	n/a	199.4	183.7	1.18	1601.0
383.691	0.042	blink	n/a	n/a	n/a	n/a	n/a	n/a	n/a	n/a
383.799	0.21	fixation	n/a	195.9	198.4	5212.0	n/a	n/a	n/a	n/a
384.011	0.028	saccade	n/a	194.9	204.0	n/a	155.9	162.4	1.96	124.0
384.041	0.628	fixation	n/a	161.6	174.5	5199.0	n/a	n/a	n/a	n/a
384.064	0.0	trigger_11	11	n/a	n/a	n/a	n/a	n/a	n/a	n/a
384.166	0.0	trigger_20	20	n/a	n/a	n/a	n/a	n/a	n/a	n/a
