onset	duration	trial_type	value	gaze_x	gaze_y	pupil_size	sacc_endx	sacc_endy	sacc_amplitude	sacc_peakvel
0.06	0.28	fixation	n/a	188.9	407.0	5243.0	n/a	n/a	n/a	n/a
0.342	0.032	saccade	n/a	187.6	403.6	n/a	200.6	300.2	3.74	149.0
0.376	0.102	fixation	n/a	204.8	286.7	5309.0	n/a	n/a	n/a	n/a
0.48	0.132	saccade	n/a	204.1	279.8	n/a	191.9	214.9	2.37	2459.0
0.524	0.006	blink	n/a	n/a	n/a	n/a	n/a	n/a	n/a	n/a
0.614	0.272	fixation	n/a	186.8	239.7	5383.0	n/a	n/a	n/a	n/a
0.888	0.056	saccade	n/a	187.0	240.8	n/a	433.9	290.7	8.84	244.0
0.946	0.27	fixation	n/a	435.5	290.5	5506.0	n/a	n/a	n/a	n/a
1.218	0.196	saccade	n/a	434.1	292.2	n/a	411.7	291.4	0.78	1376.0
1.262	0.104	blink	n/a	n/a	n/a	n/a	n/a	n/a	n/a	n/a
1.416	0.408	fixation	n/a	408.5	338.4	5486.0	n/a	n/a	n/a	n/a
1.826	0.044	saccade	n/a	407.6	343.3	n/a	582.9	409.6	6.57	219.0
1.872	0.202	fixation	n/a	586.5	410.8	5383.0	n/a	n/a	n/a	n/a
2.076	0.022	saccade	n/a	582.9	407.5	n/a	568.0	369.3	1.45	88.0
2.078	0.0	trigger_110	110	n/a	n/a	n/a	n/a	n/a	n/a	n/a
2.1	0.12	fixation	n/a	569.7	365.2	5420.0	n/a	n/a	n/a	n/a
2.222	0.018	saccade	n/a	569.7	366.8	n/a	544.3	359.3	0.92	67.0
2.242	0.4	fixation	n/a	544.2	358.9	5327.0	n/a	n/a	n/a	n/a
2.644	0.044	saccade	n/a	543.0	357.3	n/a	391.8	404.9	5.57	180.0
2.69	0.216	fixation	n/a	387.1	410.6	5295.0	n/a	n/a	n/a	n/a
2.908	0.144	saccade	n/a	388.7	406.3	n/a	265.5	210.0	8.23	1263.0
2.944	0.058	blink	n/a	n/a	n/a	n/a	n/a	n/a	n/a	n/a
3.054	0.37	fixation	n/a	262.2	245.7	5312.0	n/a	n/a	n/a	n/a
3.426	0.028	saccade	n/a	257.7	251.4	n/a	182.1	283.0	2.89	140.0
3.456	0.266	fixation	n/a	173.1	291.6	5300.0	n/a	n/a	n/a	n/a
3.724	0.042	saccade	n/a	176.3	293.7	n/a	361.9	307.3	6.54	238.0
3.768	0.282	fixation	n/a	365.1	313.0	5412.0	n/a	n/a	n/a	n/a
4.052	0.06	saccade	n/a	363.0	319.2	n/a	451.6	507.2	7.38	175.0
4.092	0.0	trigger_10	10	n/a	n/a	n/a	n/a	n/a	n/a	n/a
4.114	0.166	fixation	n/a	452.7	522.5	5363.0	n/a	n/a	n/a	n/a
4.282	0.048	saccade	n/a	452.8	521.0	n/a	269.9	388.7	7.94	296.0
4.332	0.108	fixation	n/a	271.2	392.9	5352.0	n/a	n/a	n/a	n/a
4.442	0.038	saccade	n/a	271.1	395.2	n/a	168.0	531.6	6.02	245.0
4.482	0.184	fixation	n/a	170.4	548.3	5135.0	n/a	n/a	n/a	n/a
4.668	0.028	saccade	n/a	171.9	549.0	n/a	253.8	543.2	2.85	147.0
4.698	0.194	fixation	n/a	259.0	542.1	5069.0	n/a	n/a	n/a	n/a
4.894	0.084	saccade	n/a	260.4	538.0	n/a	229.0	259.2	9.93	207.0
4.98	0.078	fixation	n/a	225.8	253.8	4947.0	n/a	n/a	n/a	n/a
5.06	0.026	saccade	n/a	226.4	257.1	n/a	166.4	206.2	2.77	157.0
5.088	0.128	fixation	n/a	157.9	196.6	4883.0	n/a	n/a	n/a	n/a
5.218	0.014	saccade	n/a	152.9	193.6	n/a	135.9	186.4	0.64	52.0
5.234	0.146	fixation	n/a	135.5	183.3	4830.0	n/a	n/a	n/a	n/a
5.382	0.026	saccade	n/a	137.5	182.6	n/a	215.2	175.8	2.71	147.0
5.41	0.148	fixation	n/a	221.6	176.6	4793.0	n/a	n/a	n/a	n/a
5.56	0.026	saccade	n/a	221.8	174.8	n/a	295.9	173.9	2.6	140.0
5.588	0.222	fixation	n/a	299.9	174.0	4823.0	n/a	n/a	n/a	n/a
5.812	0.03	saccade	n/a	301.3	175.2	n/a	408.3	173.1	3.76	172.0
5.844	0.246	fixation	n/a	418.7	176.5	4865.0	n/a	n/a	n/a	n/a
6.092	0.032	saccade	n/a	416.6	181.2	n/a	315.7	180.0	3.55	184.0
6.126	0.192	fixation	n/a	319.5	180.7	4867.0	n/a	n/a	n/a	n/a
6.32	0.034	saccade	n/a	325.5	182.3	n/a	454.4	178.5	4.53	200.0
6.356	0.168	fixation	n/a	458.6	177.4	4854.0	n/a	n/a	n/a	n/a
6.526	0.024	saccade	n/a	458.3	174.9	n/a	516.4	173.3	2.03	116.0
6.552	0.21	fixation	n/a	519.8	177.1	4885.0	n/a	n/a	n/a	n/a
6.764	0.02	saccade	n/a	521.2	180.1	n/a	553.3	180.6	1.11	74.0
6.786	0.288	fixation	n/a	557.1	181.1	4793.0	n/a	n/a	n/a	n/a
7.076	0.064	saccade	n/a	556.7	182.0	n/a	176.1	230.4	13.33	317.0
7.142	0.1	fixation	n/a	178.3	236.5	4885.0	n/a	n/a	n/a	n/a
7.244	0.022	saccade	n/a	181.2	240.9	n/a	138.8	242.9	1.48	92.0
7.268	0.236	fixation	n/a	134.5	243.1	4929.0	n/a	n/a	n/a	n/a
7.506	0.03	saccade	n/a	135.6	242.8	n/a	227.3	236.7	3.2	165.0
7.538	0.098	fixation	n/a	232.2	237.2	4948.0	n/a	n/a	n/a	n/a
7.638	0.122	saccade	n/a	234.7	245.8	n/a	251.0	220.9	1.06	1579.0
7.674	0.042	blink	n/a	n/a	n/a	n/a	n/a	n/a	n/a	n/a
7.762	0.11	fixation	n/a	250.7	238.5	4867.0	n/a	n/a	n/a	n/a
7.874	0.014	saccade	n/a	244.5	235.8	n/a	224.2	235.5	0.71	60.0
7.89	0.182	fixation	n/a	224.9	238.5	4817.0	n/a	n/a	n/a	n/a
8.074	0.016	saccade	n/a	223.4	238.6	n/a	203.5	239.6	0.7	52.0
8.092	0.136	fixation	n/a	199.4	239.4	4817.0	n/a	n/a	n/a	n/a
8.23	0.024	saccade	n/a	196.0	238.4	n/a	136.5	236.9	2.07	125.0
8.256	0.254	fixation	n/a	135.2	239.3	4866.0	n/a	n/a	n/a	n/a
8.512	0.034	saccade	n/a	136.0	241.4	n/a	260.7	239.5	4.36	204.0
8.548	0.156	fixation	n/a	266.8	241.5	4896.0	n/a	n/a	n/a	n/a
8.706	0.028	saccade	n/a	269.6	243.9	n/a	344.4	240.5	2.64	136.0
8.736	0.204	fixation	n/a	351.3	240.1	4849.0	n/a	n/a	n/a	n/a
8.942	0.026	saccade	n/a	356.7	240.7	n/a	427.1	241.3	2.48	134.0
8.97	0.17	fixation	n/a	434.6	241.8	4766.0	n/a	n/a	n/a	n/a
9.142	0.026	saccade	n/a	435.9	241.4	n/a	511.7	240.1	2.65	140.0
9.17	0.206	fixation	n/a	518.7	241.0	4703.0	n/a	n/a	n/a	n/a
9.378	0.022	saccade	n/a	519.9	242.0	n/a	557.2	245.3	1.3	82.0
9.402	0.162	fixation	n/a	560.0	246.4	4600.0	n/a	n/a	n/a	n/a
9.566	0.064	saccade	n/a	558.2	245.2	n/a	142.2	302.8	14.59	360.0
9.632	0.17	fixation	n/a	144.6	307.4	4625.0	n/a	n/a	n/a	n/a
9.804	0.018	saccade	n/a	140.4	304.7	n/a	112.9	305.2	0.95	67.0
9.824	0.21	fixation	n/a	110.9	306.8	4569.0	n/a	n/a	n/a	n/a
10.036	0.062	saccade	n/a	109.8	310.9	n/a	184.8	559.0	9.1	198.0
10.1	0.198	fixation	n/a	192.4	565.3	4509.0	n/a	n/a	n/a	n/a
10.3	0.026	saccade	n/a	195.0	562.3	n/a	253.3	545.9	2.11	110.0
10.328	0.14	fixation	n/a	259.1	543.4	4537.0	n/a	n/a	n/a	n/a
10.47	0.026	saccade	n/a	261.3	543.4	n/a	339.7	537.3	2.75	147.0
10.498	0.166	fixation	n/a	348.9	537.0	4514.0	n/a	n/a	n/a	n/a
10.666	0.024	saccade	n/a	350.9	538.2	n/a	406.3	531.9	1.95	107.0
10.692	0.138	fixation	n/a	413.8	530.6	4500.0	n/a	n/a	n/a	n/a
10.832	0.024	saccade	n/a	416.6	530.0	n/a	469.4	536.0	1.85	102.0
10.858	0.17	fixation	n/a	474.9	537.2	4525.0	n/a	n/a	n/a	n/a
11.03	0.026	saccade	n/a	476.8	537.2	n/a	545.5	544.3	2.39	129.0
11.058	0.288	fixation	n/a	552.0	544.0	4588.0	n/a	n/a	n/a	n/a
11.348	0.024	saccade	n/a	554.3	544.3	n/a	615.7	548.0	2.1	118.0
11.374	0.292	fixation	n/a	621.4	546.5	4735.0	n/a	n/a	n/a	n/a
11.668	1.186	saccade	n/a	620.3	554.4	n/a	495.2	333.3	8.9	464.0
11.76	1.024	blink	n/a	n/a	n/a	n/a	n/a	n/a	n/a	n/a
12.856	0.084	fixation	n/a	492.1	322.3	5635.0	n/a	n/a	n/a	n/a
12.894	0.0	trigger_11	11	n/a	n/a	n/a	n/a	n/a	n/a	n/a
12.942	0.036	saccade	n/a	484.9	325.8	n/a	374.0	218.3	5.48	299.0
12.954	0.0	trigger_12	12	n/a	n/a	n/a	n/a	n/a	n/a	n/a
12.98	0.158	fixation	n/a	370.8	227.9	5514.0	n/a	n/a	n/a	n/a
13.14	0.04	saccade	n/a	364.7	230.2	n/a	200.2	157.5	6.34	245.0
13.182	0.138	fixation	n/a	193.0	162.8	5194.0	n/a	n/a	n/a	n/a
13.322	0.02	saccade	n/a	190.6	165.2	n/a	153.3	167.8	1.31	91.0
13.344	0.242	fixation	n/a	156.2	173.7	5014.0	n/a	n/a	n/a	n/a
13.588	0.024	saccade	n/a	164.6	177.3	n/a	225.4	171.6	2.14	116.0
13.614	0.162	fixation	n/a	234.0	173.6	4978.0	n/a	n/a	n/a	n/a
13.778	0.024	saccade	n/a	234.5	172.1	n/a	293.8	169.7	2.08	117.0
13.804	0.238	fixation	n/a	299.8	172.6	4991.0	n/a	n/a	n/a	n/a
14.044	0.026	saccade	n/a	301.6	172.9	n/a	362.7	174.9	2.15	119.0
14.072	0.152	fixation	n/a	368.4	177.9	4971.0	n/a	n/a	n/a	n/a
14.226	0.02	saccade	n/a	371.3	178.7	n/a	406.0	181.7	1.23	74.0
14.248	0.096	fixation	n/a	409.8	182.7	4971.0	n/a	n/a	n/a	n/a
14.346	0.04	saccade	n/a	408.8	182.6	n/a	262.9	176.3	5.12	240.0
14.388	0.182	fixation	n/a	274.0	179.1	5016.0	n/a	n/a	n/a	n/a
14.572	0.022	saccade	n/a	276.7	175.3	n/a	322.5	175.0	1.61	100.0
14.596	0.13	fixation	n/a	327.5	175.7	5066.0	n/a	n/a	n/a	n/a
14.728	0.07	saccade	n/a	329.8	184.2	n/a	328.8	528.6	12.23	256.0
14.8	0.162	fixation	n/a	331.0	532.3	5198.0	n/a	n/a	n/a	n/a
14.964	0.03	saccade	n/a	331.3	529.3	n/a	419.2	532.8	3.08	150.0
14.996	0.182	fixation	n/a	421.2	535.6	5216.0	n/a	n/a	n/a	n/a
15.18	0.034	saccade	n/a	420.8	536.4	n/a	549.9	547.1	4.5	193.0
15.216	0.154	fixation	n/a	559.9	547.9	4989.0	n/a	n/a	n/a	n/a
15.372	0.024	saccade	n/a	562.1	548.4	n/a	618.0	555.8	1.93	110.0
15.398	0.14	fixation	n/a	622.6	556.0	4884.0	n/a	n/a	n/a	n/a
15.54	1.53	saccade	n/a	623.1	560.4	n/a	398.0	326.7	11.36	1185.0
15.628	1.384	blink	n/a	n/a	n/a	n/a	n/a	n/a	n/a	n/a
17.072	0.09	fixation	n/a	392.3	355.5	5837.0	n/a	n/a	n/a	n/a
17.092	0.0	trigger_13	13	n/a	n/a	n/a	n/a	n/a	n/a	n/a
17.156	0.0	trigger_10	10	n/a	n/a	n/a	n/a	n/a	n/a	n/a
17.164	0.042	saccade	n/a	391.0	362.8	n/a	301.8	201.5	6.59	272.0
17.208	0.168	fixation	n/a	302.6	201.4	5958.0	n/a	n/a	n/a	n/a
17.378	0.044	saccade	n/a	298.3	204.4	n/a	126.8	157.7	6.23	260.0
17.424	0.252	fixation	n/a	127.3	165.9	5553.0	n/a	n/a	n/a	n/a
17.678	0.024	saccade	n/a	129.3	169.4	n/a	199.3	167.3	2.44	136.0
17.704	0.15	fixation	n/a	203.9	174.7	5249.0	n/a	n/a	n/a	n/a
17.856	0.028	saccade	n/a	199.1	177.9	n/a	116.9	171.0	2.87	155.0
17.886	0.352	fixation	n/a	119.0	176.7	5085.0	n/a	n/a	n/a	n/a
18.24	0.132	saccade	n/a	120.1	183.6	n/a	201.4	169.7	2.87	1369.0
18.28	0.042	blink	n/a	n/a	n/a	n/a	n/a	n/a	n/a	n/a
18.374	0.234	fixation	n/a	204.0	192.4	4956.0	n/a	n/a	n/a	n/a
18.61	0.024	saccade	n/a	207.0	194.3	n/a	267.3	192.8	2.12	120.0
18.636	0.122	fixation	n/a	273.0	188.5	4937.0	n/a	n/a	n/a	n/a
18.76	0.014	saccade	n/a	268.8	185.5	n/a	251.6	190.2	0.63	52.0
18.776	0.16	fixation	n/a	252.6	189.4	4937.0	n/a	n/a	n/a	n/a
18.938	0.02	saccade	n/a	255.8	186.2	n/a	293.7	182.6	1.34	85.0
18.96	0.136	fixation	n/a	301.3	182.3	4956.0	n/a	n/a	n/a	n/a
19.098	0.026	saccade	n/a	304.2	182.7	n/a	365.9	178.6	2.18	119.0
19.126	0.238	fixation	n/a	369.9	180.9	5052.0	n/a	n/a	n/a	n/a
19.366	0.024	saccade	n/a	370.9	181.7	n/a	431.5	181.5	2.13	115.0
19.392	0.18	fixation	n/a	436.3	181.0	5076.0	n/a	n/a	n/a	n/a
19.574	0.024	saccade	n/a	440.6	182.9	n/a	493.4	184.1	1.85	102.0
19.6	0.2	fixation	n/a	498.1	183.0	5095.0	n/a	n/a	n/a	n/a
19.802	0.014	saccade	n/a	503.1	185.9	n/a	521.6	182.3	0.66	53.0
19.818	0.148	fixation	n/a	527.3	182.9	5046.0	n/a	n/a	n/a	n/a
19.968	0.054	saccade	n/a	527.6	186.6	n/a	253.6	207.0	9.62	307.0
20.024	0.088	fixation	n/a	254.1	209.6	5044.0	n/a	n/a	n/a	n/a
20.114	0.03	saccade	n/a	253.0	210.2	n/a	151.6	235.2	3.67	185.0
20.146	0.26	fixation	n/a	140.0	243.7	4982.0	n/a	n/a	n/a	n/a
20.408	0.038	saccade	n/a	130.1	244.0	n/a	264.5	237.1	4.71	193.0
20.448	0.17	fixation	n/a	267.6	238.6	5025.0	n/a	n/a	n/a	n/a
20.62	0.036	saccade	n/a	266.5	238.4	n/a	380.3	234.9	4.01	175.0
20.658	0.204	fixation	n/a	385.2	235.6	5002.0	n/a	n/a	n/a	n/a
20.864	0.034	saccade	n/a	387.5	237.0	n/a	502.9	233.4	4.06	182.0
20.9	0.144	fixation	n/a	507.3	233.7	4968.0	n/a	n/a	n/a	n/a
21.046	0.024	saccade	n/a	507.4	236.6	n/a	565.1	238.1	2.01	107.0
21.072	0.164	fixation	n/a	572.5	239.8	4877.0	n/a	n/a	n/a	n/a
21.238	0.024	saccade	n/a	574.0	239.7	n/a	622.2	242.9	1.66	93.0
21.264	0.08	fixation	n/a	626.4	244.2	4777.0	n/a	n/a	n/a	n/a
21.346	0.068	saccade	n/a	626.0	244.1	n/a	208.1	311.4	14.71	372.0
21.416	0.16	fixation	n/a	214.5	309.2	4735.0	n/a	n/a	n/a	n/a
21.578	0.024	saccade	n/a	219.0	306.5	n/a	282.6	304.3	2.24	122.0
21.604	0.156	fixation	n/a	292.2	303.5	4698.0	n/a	n/a	n/a	n/a
21.762	0.036	saccade	n/a	294.6	305.4	n/a	435.8	289.3	5.01	218.0
21.8	0.14	fixation	n/a	442.5	290.1	4594.0	n/a	n/a	n/a	n/a
21.942	0.024	saccade	n/a	446.0	292.3	n/a	507.3	292.6	2.15	123.0
21.968	0.262	fixation	n/a	515.3	291.5	4502.0	n/a	n/a	n/a	n/a
22.232	0.024	saccade	n/a	515.8	287.9	n/a	561.4	288.6	1.58	88.0
22.258	0.068	fixation	n/a	566.4	289.5	4471.0	n/a	n/a	n/a	n/a
22.328	0.072	saccade	n/a	565.7	292.6	n/a	154.7	357.1	14.5	342.0
22.402	0.156	fixation	n/a	163.4	359.1	4467.0	n/a	n/a	n/a	n/a
22.56	0.018	saccade	n/a	161.7	360.6	n/a	134.3	363.3	0.96	71.0
22.58	0.088	fixation	n/a	131.4	363.5	4493.0	n/a	n/a	n/a	n/a
22.67	0.028	saccade	n/a	131.7	362.3	n/a	215.7	355.1	2.95	149.0
22.7	0.238	fixation	n/a	222.3	355.1	4556.0	n/a	n/a	n/a	n/a
22.94	0.028	saccade	n/a	226.1	356.2	n/a	318.0	351.4	3.25	161.0
22.97	0.262	fixation	n/a	328.6	349.9	4548.0	n/a	n/a	n/a	n/a
23.234	0.024	saccade	n/a	328.8	347.7	n/a	379.0	342.0	1.79	104.0
23.26	0.218	fixation	n/a	386.3	343.4	4542.0	n/a	n/a	n/a	n/a
23.48	0.038	saccade	n/a	384.5	343.4	n/a	247.4	352.9	4.86	224.0
23.52	0.254	fixation	n/a	252.9	354.8	4509.0	n/a	n/a	n/a	n/a
23.776	0.026	saccade	n/a	253.0	355.5	n/a	191.6	355.4	2.16	128.0
23.804	0.152	fixation	n/a	193.7	356.9	4476.0	n/a	n/a	n/a	n/a
23.958	0.024	saccade	n/a	190.2	356.8	n/a	132.5	360.4	2.02	134.0
23.984	0.126	fixation	n/a	131.9	361.0	4458.0	n/a	n/a	n/a	n/a
24.112	0.048	saccade	n/a	128.2	358.0	n/a	366.6	343.8	8.37	283.0
24.162	0.148	fixation	n/a	373.0	344.5	4483.0	n/a	n/a	n/a	n/a
24.312	0.024	saccade	n/a	372.5	344.4	n/a	426.6	343.8	1.91	114.0
24.338	0.196	fixation	n/a	428.3	343.8	4483.0	n/a	n/a	n/a	n/a
24.536	0.158	saccade	n/a	427.9	346.8	n/a	241.8	349.3	6.56	1344.0
24.57	0.028	blink	n/a	n/a	n/a	n/a	n/a	n/a	n/a	n/a
24.696	0.202	fixation	n/a	242.9	352.6	4471.0	n/a	n/a	n/a	n/a
24.9	0.05	saccade	n/a	240.3	352.6	n/a	229.1	567.5	7.62	213.0
24.952	0.114	fixation	n/a	234.0	576.7	4420.0	n/a	n/a	n/a	n/a
25.068	0.024	saccade	n/a	233.6	574.8	n/a	183.0	549.3	1.97	118.0
25.094	0.174	fixation	n/a	177.1	550.3	4437.0	n/a	n/a	n/a	n/a
25.27	0.034	saccade	n/a	181.3	551.6	n/a	301.9	534.9	4.25	186.0
25.306	0.158	fixation	n/a	307.1	532.2	4452.0	n/a	n/a	n/a	n/a
25.466	0.028	saccade	n/a	307.2	532.0	n/a	394.4	528.8	3.05	149.0
25.496	0.16	fixation	n/a	401.4	529.5	4428.0	n/a	n/a	n/a	n/a
25.658	0.026	saccade	n/a	400.9	529.5	n/a	463.2	535.0	2.18	120.0
25.686	0.232	fixation	n/a	469.5	534.5	4511.0	n/a	n/a	n/a	n/a
25.92	0.028	saccade	n/a	470.2	533.7	n/a	560.8	538.0	3.14	157.0
25.95	0.21	fixation	n/a	568.8	540.0	4669.0	n/a	n/a	n/a	n/a
26.134	0.0	trigger_11	11	n/a	n/a	n/a	n/a	n/a	n/a	n/a
26.162	0.066	saccade	n/a	568.9	539.6	n/a	247.6	312.3	13.77	380.0
26.198	0.0	trigger_10	10	n/a	n/a	n/a	n/a	n/a	n/a	n/a
26.23	0.17	fixation	n/a	244.2	314.0	4787.0	n/a	n/a	n/a	n/a
26.402	0.036	saccade	n/a	245.1	317.9	n/a	163.7	215.5	4.64	233.0
26.44	0.116	fixation	n/a	159.8	206.4	4701.0	n/a	n/a	n/a	n/a
26.558	0.018	saccade	n/a	153.8	202.3	n/a	131.3	189.1	0.91	65.0
26.578	0.192	fixation	n/a	128.2	187.8	4695.0	n/a	n/a	n/a	n/a
26.772	0.026	saccade	n/a	127.2	185.8	n/a	192.3	177.5	2.28	123.0
26.8	0.446	fixation	n/a	193.3	180.4	4593.0	n/a	n/a	n/a	n/a
27.248	0.024	saccade	n/a	183.7	178.9	n/a	243.9	175.0	2.11	123.0
27.274	0.302	fixation	n/a	253.2	179.1	4599.0	n/a	n/a	n/a	n/a
27.578	0.026	saccade	n/a	257.3	182.0	n/a	331.7	178.5	2.63	146.0
27.606	0.314	fixation	n/a	327.5	176.1	4647.0	n/a	n/a	n/a	n/a
27.922	0.026	saccade	n/a	321.5	177.3	n/a	379.8	175.2	2.05	108.0
27.95	0.274	fixation	n/a	385.7	174.1	4568.0	n/a	n/a	n/a	n/a
28.226	0.028	saccade	n/a	389.5	173.3	n/a	467.6	175.9	2.75	150.0
28.256	0.184	fixation	n/a	469.9	173.6	4598.0	n/a	n/a	n/a	n/a
28.442	0.026	saccade	n/a	473.3	174.4	n/a	541.6	171.0	2.39	127.0
28.47	0.176	fixation	n/a	545.2	170.4	4547.0	n/a	n/a	n/a	n/a
28.648	0.022	saccade	n/a	547.8	173.0	n/a	591.9	174.1	1.53	92.0
28.672	0.232	fixation	n/a	596.3	175.8	4483.0	n/a	n/a	n/a	n/a
28.906	0.022	saccade	n/a	601.9	177.1	n/a	649.0	179.9	1.62	102.0
28.93	0.12	fixation	n/a	649.9	183.3	4457.0	n/a	n/a	n/a	n/a
29.052	0.076	saccade	n/a	648.5	183.9	n/a	161.3	232.1	16.91	364.0
29.13	0.122	fixation	n/a	173.2	232.8	4552.0	n/a	n/a	n/a	n/a
29.254	0.018	saccade	n/a	175.1	233.2	n/a	150.8	239.3	0.88	64.0
29.274	0.094	fixation	n/a	147.1	240.5	4563.0	n/a	n/a	n/a	n/a
29.37	0.138	saccade	n/a	144.5	241.3	n/a	247.7	229.1	3.65	1278.0
29.404	0.048	blink	n/a	n/a	n/a	n/a	n/a	n/a	n/a	n/a
29.51	0.424	fixation	n/a	241.2	240.4	4552.0	n/a	n/a	n/a	n/a
29.936	0.03	saccade	n/a	236.3	239.7	n/a	329.0	235.1	3.27	175.0
29.968	0.26	fixation	n/a	334.1	234.1	4474.0	n/a	n/a	n/a	n/a
30.23	0.028	saccade	n/a	335.1	230.6	n/a	429.2	236.1	3.32	164.0
30.26	0.254	fixation	n/a	440.0	237.6	4494.0	n/a	n/a	n/a	n/a
30.516	0.024	saccade	n/a	442.4	232.2	n/a	498.3	230.2	1.96	114.0
30.542	0.14	fixation	n/a	508.5	230.2	4451.0	n/a	n/a	n/a	n/a
30.684	0.026	saccade	n/a	510.6	229.5	n/a	567.5	234.1	1.99	106.0
30.712	0.146	fixation	n/a	571.5	233.9	4426.0	n/a	n/a	n/a	n/a
30.86	0.02	saccade	n/a	573.1	232.0	n/a	606.6	233.0	1.16	75.0
30.882	0.138	fixation	n/a	610.5	235.6	4390.0	n/a	n/a	n/a	n/a
31.022	0.066	saccade	n/a	609.8	234.9	n/a	186.9	290.0	14.81	358.0
31.09	0.122	fixation	n/a	185.5	291.8	4454.0	n/a	n/a	n/a	n/a
31.214	0.022	saccade	n/a	186.5	290.9	n/a	144.2	295.6	1.49	99.0
31.238	0.14	fixation	n/a	139.3	297.8	4486.0	n/a	n/a	n/a	n/a
31.38	0.032	saccade	n/a	136.7	296.4	n/a	248.0	296.0	3.9	192.0
31.414	0.188	fixation	n/a	253.5	296.7	4528.0	n/a	n/a	n/a	n/a
31.604	0.056	saccade	n/a	253.8	300.8	n/a	181.8	543.6	8.99	237.0
31.662	0.174	fixation	n/a	185.3	549.0	4490.0	n/a	n/a	n/a	n/a
31.838	0.038	saccade	n/a	186.5	546.6	n/a	325.1	536.0	4.85	191.0
31.878	0.158	fixation	n/a	328.8	537.0	4509.0	n/a	n/a	n/a	n/a
32.038	0.024	saccade	n/a	332.3	536.6	n/a	387.3	532.3	1.94	107.0
32.064	0.186	fixation	n/a	397.7	532.7	4440.0	n/a	n/a	n/a	n/a
32.252	0.026	saccade	n/a	399.8	532.9	n/a	460.3	532.2	2.11	114.0
32.28	0.192	fixation	n/a	467.2	533.6	4414.0	n/a	n/a	n/a	n/a
32.474	0.028	saccade	n/a	470.5	532.4	n/a	567.2	539.1	3.35	164.0
32.504	0.166	fixation	n/a	576.6	537.4	4486.0	n/a	n/a	n/a	n/a
32.672	0.022	saccade	n/a	579.4	539.3	n/a	620.2	537.9	1.4	86.0
32.696	0.054	fixation	n/a	622.6	538.1	4550.0	n/a	n/a	n/a	n/a
32.752	0.068	saccade	n/a	623.1	539.6	n/a	264.8	273.2	15.56	405.0
32.822	0.174	fixation	n/a	264.0	276.0	4580.0	n/a	n/a	n/a	n/a
32.998	0.026	saccade	n/a	262.4	276.0	n/a	209.3	215.7	2.85	159.0
33.026	0.198	fixation	n/a	207.9	210.3	4545.0	n/a	n/a	n/a	n/a
33.226	0.02	saccade	n/a	211.3	207.8	n/a	230.7	173.7	1.39	94.0
33.248	0.154	fixation	n/a	236.4	172.5	4614.0	n/a	n/a	n/a	n/a
33.404	0.034	saccade	n/a	238.1	169.4	n/a	356.6	170.7	4.17	197.0
33.44	0.194	fixation	n/a	362.2	173.4	4737.0	n/a	n/a	n/a	n/a
33.636	0.042	saccade	n/a	363.3	171.0	n/a	566.6	167.8	7.08	271.0
33.68	0.194	fixation	n/a	573.4	172.7	4757.0	n/a	n/a	n/a	n/a
33.876	0.016	saccade	n/a	577.2	177.7	n/a	602.2	181.7	0.88	65.0
33.894	0.04	fixation	n/a	604.5	182.1	4757.0	n/a	n/a	n/a	n/a
33.936	0.06	saccade	n/a	605.6	183.7	n/a	203.9	222.5	14.04	390.0
33.998	0.136	fixation	n/a	205.9	225.7	4852.0	n/a	n/a	n/a	n/a
34.136	0.02	saccade	n/a	203.6	228.2	n/a	161.8	235.0	1.48	101.0
34.158	0.178	fixation	n/a	158.1	239.0	4827.0	n/a	n/a	n/a	n/a
34.338	0.034	saccade	n/a	160.0	241.0	n/a	279.4	236.1	4.2	208.0
34.374	0.144	fixation	n/a	284.5	237.8	4812.0	n/a	n/a	n/a	n/a
34.52	0.016	saccade	n/a	278.6	237.0	n/a	256.8	239.0	0.78	60.0
34.538	0.206	fixation	n/a	252.8	238.8	4840.0	n/a	n/a	n/a	n/a
34.746	0.116	saccade	n/a	249.7	241.8	n/a	290.2	216.3	1.69	1498.0
34.782	0.016	blink	n/a	n/a	n/a	n/a	n/a	n/a	n/a	n/a
34.864	0.13	fixation	n/a	288.8	226.8	4847.0	n/a	n/a	n/a	n/a
34.996	0.024	saccade	n/a	288.7	221.7	n/a	341.2	228.3	1.87	108.0
35.022	0.178	fixation	n/a	345.0	235.2	4872.0	n/a	n/a	n/a	n/a
35.202	0.03	saccade	n/a	349.5	235.0	n/a	449.7	233.5	3.54	176.0
35.234	0.428	fixation	n/a	454.9	242.3	4833.0	n/a	n/a	n/a	n/a
35.664	0.02	saccade	n/a	453.0	247.2	n/a	413.7	248.1	1.39	89.0
35.686	0.202	fixation	n/a	409.0	248.0	4774.0	n/a	n/a	n/a	n/a
35.89	0.024	saccade	n/a	409.6	243.4	n/a	462.6	235.9	1.88	110.0
35.916	0.156	fixation	n/a	466.9	234.3	4845.0	n/a	n/a	n/a	n/a
36.074	0.03	saccade	n/a	467.3	234.8	n/a	564.8	239.9	3.4	168.0
36.106	0.282	fixation	n/a	573.8	246.9	4945.0	n/a	n/a	n/a	n/a
36.39	0.02	saccade	n/a	569.8	248.2	n/a	530.4	245.9	1.37	93.0
36.412	0.154	fixation	n/a	530.1	250.9	4969.0	n/a	n/a	n/a	n/a
36.568	0.062	saccade	n/a	526.7	250.1	n/a	164.0	297.2	12.77	337.0
36.632	0.144	fixation	n/a	161.5	301.1	4969.0	n/a	n/a	n/a	n/a
36.778	0.02	saccade	n/a	160.7	299.2	n/a	128.0	305.6	1.16	81.0
36.8	0.112	fixation	n/a	126.5	304.2	4991.0	n/a	n/a	n/a	n/a
36.914	0.032	saccade	n/a	126.4	303.5	n/a	230.3	301.5	3.63	184.0
36.948	0.24	fixation	n/a	232.1	300.8	4961.0	n/a	n/a	n/a	n/a
37.19	0.026	saccade	n/a	231.1	300.3	n/a	150.4	297.1	2.83	155.0
37.218	0.148	fixation	n/a	153.1	298.2	4902.0	n/a	n/a	n/a	n/a
37.368	0.06	saccade	n/a	154.1	296.2	n/a	550.6	233.3	13.97	385.0
37.43	0.452	fixation	n/a	555.1	239.8	4882.0	n/a	n/a	n/a	n/a
37.678	0.0	trigger_11	11	n/a	n/a	n/a	n/a	n/a	n/a	n/a
37.736	0.0	trigger_12	12	n/a	n/a	n/a	n/a	n/a	n/a	n/a
37.884	0.062	saccade	n/a	552.3	241.5	n/a	196.9	196.5	12.51	348.0
37.948	0.1	fixation	n/a	199.9	200.6	4916.0	n/a	n/a	n/a	n/a
38.05	0.022	saccade	n/a	198.8	201.6	n/a	150.2	190.6	1.74	113.0
38.074	0.178	fixation	n/a	146.8	190.8	4933.0	n/a	n/a	n/a	n/a
38.254	0.024	saccade	n/a	145.9	188.7	n/a	214.9	183.2	2.41	145.0
38.28	0.238	fixation	n/a	218.6	185.4	4945.0	n/a	n/a	n/a	n/a
38.52	0.126	saccade	n/a	215.8	193.5	n/a	114.4	186.0	3.54	1470.0
38.56	0.03	blink	n/a	n/a	n/a	n/a	n/a	n/a	n/a	n/a
38.648	0.218	fixation	n/a	120.9	191.4	4918.0	n/a	n/a	n/a	n/a
38.868	0.03	saccade	n/a	121.7	187.3	n/a	215.3	191.7	3.26	174.0
38.9	0.188	fixation	n/a	220.5	186.3	4893.0	n/a	n/a	n/a	n/a
39.09	0.032	saccade	n/a	221.0	185.9	n/a	324.7	172.6	3.68	182.0
39.124	0.196	fixation	n/a	329.2	173.8	4936.0	n/a	n/a	n/a	n/a
39.322	0.078	saccade	n/a	329.7	177.6	n/a	222.9	551.6	13.73	261.0
39.402	0.196	fixation	n/a	222.4	550.4	5005.0	n/a	n/a	n/a	n/a
39.6	0.062	saccade	n/a	222.1	546.1	n/a	325.9	164.3	13.97	364.0
39.664	0.176	fixation	n/a	340.6	156.8	4899.0	n/a	n/a	n/a	n/a
39.842	0.032	saccade	n/a	339.6	159.4	n/a	452.6	172.7	3.99	191.0
39.876	0.128	fixation	n/a	459.6	175.4	4753.0	n/a	n/a	n/a	n/a
40.006	0.018	saccade	n/a	456.5	174.4	n/a	432.5	172.4	0.85	60.0
40.026	0.128	fixation	n/a	431.8	173.9	4780.0	n/a	n/a	n/a	n/a
40.156	0.026	saccade	n/a	434.9	175.8	n/a	506.6	180.6	2.5	130.0
40.184	0.158	fixation	n/a	514.3	178.6	4766.0	n/a	n/a	n/a	n/a
40.344	0.02	saccade	n/a	517.1	181.6	n/a	553.1	178.1	1.26	80.0
40.366	0.138	fixation	n/a	558.3	180.1	4781.0	n/a	n/a	n/a	n/a
40.506	0.064	saccade	n/a	558.3	181.9	n/a	139.4	238.1	14.66	356.0
40.572	0.25	fixation	n/a	143.4	242.3	4916.0	n/a	n/a	n/a	n/a
40.824	0.036	saccade	n/a	147.7	244.3	n/a	276.2	245.7	4.51	199.0
40.862	0.186	fixation	n/a	276.4	245.1	4973.0	n/a	n/a	n/a	n/a
41.05	0.03	saccade	n/a	275.2	244.6	n/a	374.3	235.4	3.5	177.0
41.082	0.234	fixation	n/a	382.7	238.3	4968.0	n/a	n/a	n/a	n/a
41.318	0.028	saccade	n/a	386.7	237.6	n/a	464.1	233.4	2.73	153.0
41.348	0.148	fixation	n/a	469.0	234.6	4911.0	n/a	n/a	n/a	n/a
41.498	0.022	saccade	n/a	471.9	236.5	n/a	525.0	237.4	1.86	112.0
41.522	0.188	fixation	n/a	530.5	239.0	4896.0	n/a	n/a	n/a	n/a
41.712	0.06	saccade	n/a	529.4	239.3	n/a	162.4	298.7	12.98	341.0
41.774	0.264	fixation	n/a	151.9	308.3	4900.0	n/a	n/a	n/a	n/a
42.04	0.034	saccade	n/a	139.0	307.7	n/a	256.4	305.4	4.11	197.0
42.076	0.608	fixation	n/a	256.0	300.6	4722.0	n/a	n/a	n/a	n/a
42.454	0.0	trigger_13	13	n/a	n/a	n/a	n/a	n/a	n/a	n/a
42.518	0.0	trigger_10	10	n/a	n/a	n/a	n/a	n/a	n/a	n/a
42.686	0.036	saccade	n/a	256.3	299.0	n/a	168.5	199.8	4.69	225.0
42.724	0.094	fixation	n/a	171.7	201.2	4669.0	n/a	n/a	n/a	n/a
42.82	0.02	saccade	n/a	172.2	201.0	n/a	139.3	184.0	1.29	88.0
42.842	0.174	fixation	n/a	141.1	188.1	4751.0	n/a	n/a	n/a	n/a
43.018	0.026	saccade	n/a	143.3	186.6	n/a	203.2	183.0	2.09	114.0
43.046	0.196	fixation	n/a	209.3	184.0	4740.0	n/a	n/a	n/a	n/a
43.244	0.024	saccade	n/a	211.7	184.5	n/a	267.7	179.3	1.98	117.0
43.27	0.244	fixation	n/a	276.1	178.6	4737.0	n/a	n/a	n/a	n/a
43.516	0.026	saccade	n/a	279.5	184.1	n/a	352.0	180.9	2.56	140.0
43.544	0.144	fixation	n/a	354.5	177.8	4755.0	n/a	n/a	n/a	n/a
43.69	0.038	saccade	n/a	356.6	179.8	n/a	511.5	180.9	5.43	215.0
43.73	0.146	fixation	n/a	522.7	179.6	4759.0	n/a	n/a	n/a	n/a
43.878	0.022	saccade	n/a	525.5	179.3	n/a	581.3	184.0	1.94	117.0
43.902	0.12	fixation	n/a	585.3	189.0	4761.0	n/a	n/a	n/a	n/a
44.024	0.066	saccade	n/a	585.0	191.4	n/a	157.7	236.3	14.92	375.0
44.092	0.106	fixation	n/a	163.0	236.4	4844.0	n/a	n/a	n/a	n/a
44.2	0.02	saccade	n/a	163.6	236.4	n/a	127.4	245.4	1.3	91.0
44.222	0.168	fixation	n/a	129.3	247.8	4840.0	n/a	n/a	n/a	n/a
44.392	0.03	saccade	n/a	132.2	247.2	n/a	225.5	237.8	3.29	169.0
44.424	0.12	fixation	n/a	230.4	240.2	4874.0	n/a	n/a	n/a	n/a
44.546	0.112	saccade	n/a	230.2	244.7	n/a	324.5	225.0	3.4	1522.0
44.584	0.016	blink	n/a	n/a	n/a	n/a	n/a	n/a	n/a	n/a
44.66	0.122	fixation	n/a	325.9	239.1	4886.0	n/a	n/a	n/a	n/a
44.784	0.024	saccade	n/a	328.2	239.6	n/a	376.2	238.9	1.7	95.0
44.81	0.15	fixation	n/a	381.8	239.2	4851.0	n/a	n/a	n/a	n/a
44.962	0.024	saccade	n/a	384.4	243.9	n/a	429.8	239.9	1.61	92.0
44.988	0.15	fixation	n/a	432.7	234.2	4745.0	n/a	n/a	n/a	n/a
45.14	0.024	saccade	n/a	437.1	237.9	n/a	498.7	238.3	2.17	125.0
45.166	0.206	fixation	n/a	505.9	235.8	4692.0	n/a	n/a	n/a	n/a
45.374	0.024	saccade	n/a	509.1	234.4	n/a	555.8	237.6	1.63	96.0
45.4	0.138	fixation	n/a	560.0	240.9	4646.0	n/a	n/a	n/a	n/a
45.54	0.068	saccade	n/a	559.9	244.2	n/a	155.6	296.1	14.21	303.0
45.61	0.246	fixation	n/a	156.0	305.3	4704.0	n/a	n/a	n/a	n/a
45.858	0.014	saccade	n/a	153.7	306.3	n/a	138.2	308.9	0.55	47.0
45.874	0.094	fixation	n/a	136.8	311.0	4741.0	n/a	n/a	n/a	n/a
45.97	0.03	saccade	n/a	136.5	309.9	n/a	229.0	301.2	3.26	164.0
46.002	0.26	fixation	n/a	233.4	299.9	4762.0	n/a	n/a	n/a	n/a
46.264	0.034	saccade	n/a	237.2	300.9	n/a	356.8	297.1	4.24	203.0
46.3	0.206	fixation	n/a	365.5	295.1	4664.0	n/a	n/a	n/a	n/a
46.508	0.028	saccade	n/a	368.9	293.2	n/a	444.4	289.5	2.68	133.0
46.538	0.166	fixation	n/a	451.8	290.3	4586.0	n/a	n/a	n/a	n/a
46.706	0.018	saccade	n/a	456.3	288.4	n/a	484.4	288.4	0.99	67.0
46.726	0.156	fixation	n/a	490.7	290.6	4535.0	n/a	n/a	n/a	n/a
46.884	0.024	saccade	n/a	494.7	292.2	n/a	560.9	296.9	2.32	131.0
46.91	0.232	fixation	n/a	567.4	298.0	4478.0	n/a	n/a	n/a	n/a
47.144	0.054	saccade	n/a	566.6	300.9	n/a	475.9	534.8	8.86	251.0
47.2	0.294	fixation	n/a	480.3	542.7	4537.0	n/a	n/a	n/a	n/a
47.496	0.02	saccade	n/a	478.4	542.9	n/a	446.3	533.2	1.17	81.0
47.518	0.178	fixation	n/a	441.4	536.4	4549.0	n/a	n/a	n/a	n/a
47.606	0.0	trigger_11	11	n/a	n/a	n/a	n/a	n/a	n/a	n/a
47.662	0.0	trigger_10	10	n/a	n/a	n/a	n/a	n/a	n/a	n/a
47.698	0.022	saccade	n/a	438.4	537.8	n/a	399.2	535.5	1.38	90.0
47.722	0.242	fixation	n/a	394.7	533.6	4467.0	n/a	n/a	n/a	n/a
47.966	0.126	saccade	n/a	398.0	534.0	n/a	182.8	217.8	13.51	1234.0
48.0	0.04	blink	n/a	n/a	n/a	n/a	n/a	n/a	n/a	n/a
48.094	0.128	fixation	n/a	195.5	213.0	4484.0	n/a	n/a	n/a	n/a
48.224	0.02	saccade	n/a	190.4	206.5	n/a	162.1	187.6	1.19	80.0
48.246	0.19	fixation	n/a	163.0	182.0	4491.0	n/a	n/a	n/a	n/a
48.438	0.026	saccade	n/a	166.7	185.2	n/a	231.2	178.9	2.27	121.0
48.466	0.23	fixation	n/a	234.1	178.3	4451.0	n/a	n/a	n/a	n/a
48.698	0.026	saccade	n/a	226.1	176.7	n/a	151.6	186.3	2.62	142.0
48.726	0.172	fixation	n/a	152.4	189.5	4517.0	n/a	n/a	n/a	n/a
48.9	0.042	saccade	n/a	153.5	187.0	n/a	334.1	178.5	6.32	251.0
48.944	0.18	fixation	n/a	340.5	180.5	4556.0	n/a	n/a	n/a	n/a
49.126	0.028	saccade	n/a	339.4	178.5	n/a	427.1	176.4	3.08	154.0
49.156	0.198	fixation	n/a	431.3	176.0	4638.0	n/a	n/a	n/a	n/a
49.356	0.024	saccade	n/a	433.7	176.6	n/a	495.6	178.0	2.17	125.0
49.382	0.17	fixation	n/a	503.0	180.3	4670.0	n/a	n/a	n/a	n/a
49.554	0.024	saccade	n/a	504.1	180.6	n/a	555.7	179.5	1.8	106.0
49.58	0.208	fixation	n/a	559.0	175.1	4678.0	n/a	n/a	n/a	n/a
49.79	0.064	saccade	n/a	556.7	173.0	n/a	181.8	235.4	13.23	336.0
49.856	0.346	fixation	n/a	187.4	242.1	4892.0	n/a	n/a	n/a	n/a
50.204	0.024	saccade	n/a	191.9	239.1	n/a	249.1	238.3	2.01	116.0
50.23	0.114	fixation	n/a	252.8	241.4	4960.0	n/a	n/a	n/a	n/a
50.346	0.026	saccade	n/a	250.2	236.3	n/a	302.2	185.9	2.57	133.0
50.374	0.144	fixation	n/a	310.3	183.5	4853.0	n/a	n/a	n/a	n/a
50.52	0.032	saccade	n/a	305.4	180.2	n/a	195.4	178.8	3.86	215.0
50.554	0.176	fixation	n/a	204.9	183.8	4834.0	n/a	n/a	n/a	n/a
50.732	0.02	saccade	n/a	202.5	183.1	n/a	163.1	182.9	1.38	97.0
50.754	0.118	fixation	n/a	160.1	181.7	4921.0	n/a	n/a	n/a	n/a
50.874	0.02	saccade	n/a	156.6	183.8	n/a	119.4	187.9	1.3	93.0
50.896	0.28	fixation	n/a	119.8	188.4	4957.0	n/a	n/a	n/a	n/a
51.178	0.018	saccade	n/a	124.5	190.1	n/a	155.1	186.5	1.07	75.0
51.198	0.384	fixation	n/a	156.3	187.0	4944.0	n/a	n/a	n/a	n/a
51.584	0.02	saccade	n/a	156.8	187.3	n/a	188.8	182.6	1.13	74.0
51.606	0.166	fixation	n/a	192.3	179.5	4926.0	n/a	n/a	n/a	n/a
51.774	0.04	saccade	n/a	194.4	181.2	n/a	346.4	181.8	5.35	221.0
51.816	0.116	fixation	n/a	352.5	181.9	4883.0	n/a	n/a	n/a	n/a
51.934	0.022	saccade	n/a	350.3	181.8	n/a	307.6	177.7	1.51	93.0
51.958	0.224	fixation	n/a	306.9	181.5	4907.0	n/a	n/a	n/a	n/a
52.184	0.026	saccade	n/a	309.1	181.5	n/a	382.3	179.6	2.58	152.0
52.212	0.212	fixation	n/a	387.7	179.8	4827.0	n/a	n/a	n/a	n/a
52.426	0.016	saccade	n/a	386.8	184.3	n/a	363.4	185.4	0.82	60.0
52.444	0.142	fixation	n/a	359.7	188.3	4795.0	n/a	n/a	n/a	n/a
52.588	0.036	saccade	n/a	359.6	189.8	n/a	233.6	183.1	4.45	218.0
52.626	0.224	fixation	n/a	236.2	183.8	4746.0	n/a	n/a	n/a	n/a
52.852	0.028	saccade	n/a	238.6	183.3	n/a	320.1	184.2	2.87	153.0
52.882	0.172	fixation	n/a	323.8	182.5	4754.0	n/a	n/a	n/a	n/a
53.056	0.142	saccade	n/a	322.6	182.6	n/a	410.8	160.5	3.2	1387.0
53.094	0.044	blink	n/a	n/a	n/a	n/a	n/a	n/a	n/a	n/a
53.2	0.184	fixation	n/a	412.8	183.1	4668.0	n/a	n/a	n/a	n/a
53.386	0.028	saccade	n/a	414.8	186.6	n/a	496.3	195.3	2.89	148.0
53.416	0.2	fixation	n/a	504.1	181.9	4651.0	n/a	n/a	n/a	n/a
53.618	0.022	saccade	n/a	507.7	186.2	n/a	545.1	185.0	1.3	78.0
53.642	0.222	fixation	n/a	547.6	176.2	4540.0	n/a	n/a	n/a	n/a
53.866	0.02	saccade	n/a	547.2	172.8	n/a	512.0	176.7	1.23	85.0
53.888	0.184	fixation	n/a	511.3	178.5	4590.0	n/a	n/a	n/a	n/a
54.074	0.026	saccade	n/a	515.2	181.7	n/a	586.2	186.7	2.48	138.0
54.102	0.166	fixation	n/a	592.0	186.6	4626.0	n/a	n/a	n/a	n/a
54.27	0.068	saccade	n/a	592.6	187.7	n/a	145.6	252.0	15.66	369.0
54.34	0.258	fixation	n/a	149.5	260.8	4807.0	n/a	n/a	n/a	n/a
54.6	0.026	saccade	n/a	155.0	260.2	n/a	226.6	249.0	2.54	151.0
54.628	0.204	fixation	n/a	227.7	248.9	4854.0	n/a	n/a	n/a	n/a
54.834	0.122	saccade	n/a	226.0	251.3	n/a	173.2	239.2	1.9	1280.0
54.862	0.04	blink	n/a	n/a	n/a	n/a	n/a	n/a	n/a	n/a
54.958	0.254	fixation	n/a	178.2	252.3	4806.0	n/a	n/a	n/a	n/a
55.214	0.044	saccade	n/a	181.9	254.8	n/a	375.8	204.3	7.06	243.0
55.26	0.154	fixation	n/a	382.6	198.5	4726.0	n/a	n/a	n/a	n/a
55.416	0.028	saccade	n/a	386.6	194.8	n/a	476.0	188.4	3.16	159.0
55.446	0.174	fixation	n/a	480.3	187.8	4752.0	n/a	n/a	n/a	n/a
55.622	0.02	saccade	n/a	480.7	188.9	n/a	513.5	186.1	1.15	77.0
55.644	0.232	fixation	n/a	516.0	182.3	4793.0	n/a	n/a	n/a	n/a
55.878	0.04	saccade	n/a	513.1	180.9	n/a	328.6	214.9	6.57	257.0
55.92	0.186	fixation	n/a	312.5	230.0	4884.0	n/a	n/a	n/a	n/a
56.108	0.03	saccade	n/a	315.1	231.3	n/a	220.3	196.8	3.56	198.0
56.14	0.614	fixation	n/a	214.8	199.6	4952.0	n/a	n/a	n/a	n/a
56.544	0.0	trigger_11	11	n/a	n/a	n/a	n/a	n/a	n/a	n/a
56.604	0.0	trigger_10	10	n/a	n/a	n/a	n/a	n/a	n/a	n/a
56.756	0.024	saccade	n/a	205.1	200.2	n/a	145.5	187.1	2.14	123.0
56.782	0.378	fixation	n/a	142.6	189.7	5063.0	n/a	n/a	n/a	n/a
57.162	0.022	saccade	n/a	142.4	187.8	n/a	186.9	187.9	1.55	98.0
57.186	0.158	fixation	n/a	187.5	186.2	4995.0	n/a	n/a	n/a	n/a
57.346	0.022	saccade	n/a	179.9	188.4	n/a	130.0	189.8	1.74	117.0
57.37	0.142	fixation	n/a	130.8	191.2	4950.0	n/a	n/a	n/a	n/a
57.514	0.122	saccade	n/a	131.4	196.1	n/a	146.8	187.9	0.61	1224.0
57.544	0.028	blink	n/a	n/a	n/a	n/a	n/a	n/a	n/a	n/a
57.638	0.118	fixation	n/a	146.5	190.0	4970.0	n/a	n/a	n/a	n/a
57.758	0.016	saccade	n/a	140.6	192.9	n/a	113.4	195.7	0.95	73.0
57.776	0.142	fixation	n/a	115.5	196.3	5000.0	n/a	n/a	n/a	n/a
57.92	0.026	saccade	n/a	115.9	199.5	n/a	185.6	194.7	2.43	133.0
57.948	0.408	fixation	n/a	182.1	192.5	4894.0	n/a	n/a	n/a	n/a
58.358	0.026	saccade	n/a	179.9	189.9	n/a	238.7	183.4	2.07	111.0
58.386	0.182	fixation	n/a	245.5	186.7	4893.0	n/a	n/a	n/a	n/a
58.57	0.016	saccade	n/a	250.7	189.6	n/a	273.6	188.1	0.81	60.0
58.588	0.22	fixation	n/a	277.0	189.2	4924.0	n/a	n/a	n/a	n/a
58.81	0.026	saccade	n/a	279.7	192.8	n/a	344.3	187.8	2.29	121.0
58.838	0.21	fixation	n/a	348.5	187.3	4869.0	n/a	n/a	n/a	n/a
59.05	0.024	saccade	n/a	350.9	189.6	n/a	402.5	189.4	1.82	99.0
59.076	0.118	fixation	n/a	407.1	189.5	4806.0	n/a	n/a	n/a	n/a
59.196	0.034	saccade	n/a	409.9	189.7	n/a	533.8	196.2	4.35	183.0
59.232	0.158	fixation	n/a	543.2	192.9	4756.0	n/a	n/a	n/a	n/a
59.392	0.022	saccade	n/a	546.2	192.0	n/a	592.0	190.4	1.59	96.0
59.416	0.072	fixation	n/a	596.8	191.0	4712.0	n/a	n/a	n/a	n/a
59.49	0.07	saccade	n/a	596.9	192.4	n/a	154.6	254.4	15.51	348.0
59.562	0.25	fixation	n/a	162.2	257.4	4730.0	n/a	n/a	n/a	n/a
59.814	0.026	saccade	n/a	165.3	255.4	n/a	243.1	244.7	2.76	155.0
59.842	0.166	fixation	n/a	247.8	242.3	4728.0	n/a	n/a	n/a	n/a
60.01	0.032	saccade	n/a	243.4	242.5	n/a	150.1	249.9	3.28	190.0
60.044	0.22	fixation	n/a	156.0	249.2	4704.0	n/a	n/a	n/a	n/a
60.266	0.032	saccade	n/a	159.1	249.0	n/a	261.0	242.2	3.59	180.0
60.3	0.212	fixation	n/a	263.6	240.8	4686.0	n/a	n/a	n/a	n/a
60.514	0.028	saccade	n/a	267.7	243.5	n/a	350.8	244.0	2.94	161.0
60.544	0.088	fixation	n/a	355.3	244.7	4692.0	n/a	n/a	n/a	n/a
60.634	0.13	saccade	n/a	354.9	248.3	n/a	346.0	226.8	0.83	1451.0
60.67	0.038	blink	n/a	n/a	n/a	n/a	n/a	n/a	n/a	n/a
60.766	0.144	fixation	n/a	348.4	241.6	4669.0	n/a	n/a	n/a	n/a
60.912	0.024	saccade	n/a	352.1	241.7	n/a	407.4	243.9	1.95	109.0
60.938	0.322	fixation	n/a	412.7	244.8	4669.0	n/a	n/a	n/a	n/a
61.262	0.026	saccade	n/a	411.9	242.0	n/a	349.0	239.0	2.22	122.0
61.29	0.188	fixation	n/a	349.6	244.1	4660.0	n/a	n/a	n/a	n/a
61.48	0.036	saccade	n/a	352.2	248.9	n/a	480.7	253.1	4.54	188.0
61.518	0.144	fixation	n/a	485.9	250.7	4647.0	n/a	n/a	n/a	n/a
61.664	0.02	saccade	n/a	487.4	248.2	n/a	526.8	244.7	1.38	90.0
61.686	0.208	fixation	n/a	531.0	246.2	4644.0	n/a	n/a	n/a	n/a
61.896	0.062	saccade	n/a	530.5	247.4	n/a	154.6	298.4	13.27	312.0
61.96	0.236	fixation	n/a	155.2	301.0	4601.0	n/a	n/a	n/a	n/a
62.198	0.024	saccade	n/a	161.0	303.8	n/a	216.1	303.7	1.94	113.0
62.224	0.21	fixation	n/a	222.0	301.2	4623.0	n/a	n/a	n/a	n/a
62.436	0.026	saccade	n/a	222.3	300.8	n/a	298.3	298.6	2.68	148.0
62.464	0.06	fixation	n/a	306.0	299.9	4637.0	n/a	n/a	n/a	n/a
62.526	0.162	saccade	n/a	313.6	304.2	n/a	297.3	269.8	1.36	1437.0
62.56	0.066	blink	n/a	n/a	n/a	n/a	n/a	n/a	n/a	n/a
62.69	0.12	fixation	n/a	296.8	286.6	4673.0	n/a	n/a	n/a	n/a
62.812	0.024	saccade	n/a	294.7	289.8	n/a	233.1	294.3	2.18	136.0
62.838	0.302	fixation	n/a	229.0	299.4	4720.0	n/a	n/a	n/a	n/a
63.142	0.022	saccade	n/a	224.0	298.8	n/a	174.4	303.2	1.75	101.0
63.166	0.252	fixation	n/a	171.2	311.4	4695.0	n/a	n/a	n/a	n/a
63.42	0.026	saccade	n/a	172.3	312.6	n/a	231.7	299.4	2.14	112.0
63.448	0.252	fixation	n/a	241.5	299.6	4691.0	n/a	n/a	n/a	n/a
63.702	0.036	saccade	n/a	243.4	296.0	n/a	384.0	251.7	5.21	208.0
63.74	0.156	fixation	n/a	395.0	251.4	4722.0	n/a	n/a	n/a	n/a
63.898	0.028	saccade	n/a	396.8	247.4	n/a	485.7	242.8	3.13	156.0
63.928	0.14	fixation	n/a	495.2	244.7	4751.0	n/a	n/a	n/a	n/a
64.07	0.022	saccade	n/a	497.7	242.7	n/a	539.7	241.6	1.47	89.0
64.094	0.156	fixation	n/a	542.8	244.5	4745.0	n/a	n/a	n/a	n/a
64.252	0.068	saccade	n/a	539.8	241.9	n/a	314.4	513.7	12.47	273.0
64.322	0.168	fixation	n/a	317.8	521.0	4780.0	n/a	n/a	n/a	n/a
64.492	0.028	saccade	n/a	321.5	520.9	n/a	404.6	525.2	2.93	158.0
64.522	0.218	fixation	n/a	409.9	526.9	4827.0	n/a	n/a	n/a	n/a
64.742	0.024	saccade	n/a	410.9	529.1	n/a	472.5	539.1	2.19	128.0
64.768	0.274	fixation	n/a	476.5	538.6	4656.0	n/a	n/a	n/a	n/a
65.044	0.024	saccade	n/a	478.9	539.4	n/a	533.0	544.6	1.89	108.0
65.07	0.142	fixation	n/a	538.5	547.0	4573.0	n/a	n/a	n/a	n/a
65.214	0.052	saccade	n/a	539.7	548.4	n/a	438.4	310.1	9.18	285.0
65.268	0.112	fixation	n/a	445.8	289.3	4552.0	n/a	n/a	n/a	n/a
65.382	0.028	saccade	n/a	447.9	284.4	n/a	513.3	244.5	2.7	129.0
65.412	0.228	fixation	n/a	523.0	240.0	4575.0	n/a	n/a	n/a	n/a
65.642	0.058	saccade	n/a	521.6	242.2	n/a	187.6	303.6	11.92	330.0
65.702	0.192	fixation	n/a	188.6	307.6	4726.0	n/a	n/a	n/a	n/a
65.896	0.024	saccade	n/a	194.4	307.5	n/a	252.2	299.9	2.06	121.0
65.922	0.258	fixation	n/a	253.4	296.6	4857.0	n/a	n/a	n/a	n/a
66.182	0.022	saccade	n/a	254.3	298.1	n/a	308.8	295.9	1.93	117.0
66.206	0.234	fixation	n/a	310.9	293.3	4894.0	n/a	n/a	n/a	n/a
66.442	0.028	saccade	n/a	316.1	293.0	n/a	378.1	233.7	3.06	144.0
66.472	0.294	fixation	n/a	390.1	231.3	4943.0	n/a	n/a	n/a	n/a
66.544	0.0	trigger_11	11	n/a	n/a	n/a	n/a	n/a	n/a	n/a
66.61	0.0	trigger_10	10	n/a	n/a	n/a	n/a	n/a	n/a	n/a
66.768	0.044	saccade	n/a	387.5	231.6	n/a	194.7	196.1	6.91	265.0
66.814	0.106	fixation	n/a	194.0	196.3	5007.0	n/a	n/a	n/a	n/a
66.922	0.022	saccade	n/a	192.7	197.5	n/a	149.6	195.5	1.51	101.0
66.946	0.204	fixation	n/a	148.9	200.6	4974.0	n/a	n/a	n/a	n/a
67.152	0.022	saccade	n/a	148.9	198.5	n/a	201.8	187.6	1.89	114.0
67.176	0.178	fixation	n/a	206.5	185.0	4859.0	n/a	n/a	n/a	n/a
67.356	0.024	saccade	n/a	210.1	183.8	n/a	275.2	180.0	2.3	132.0
67.382	0.18	fixation	n/a	282.1	180.2	4815.0	n/a	n/a	n/a	n/a
67.564	0.032	saccade	n/a	283.1	178.6	n/a	392.8	178.9	3.86	176.0
67.598	0.164	fixation	n/a	399.4	182.0	4803.0	n/a	n/a	n/a	n/a
67.764	0.022	saccade	n/a	404.4	182.9	n/a	445.6	181.0	1.45	87.0
67.788	0.12	fixation	n/a	449.9	182.4	4756.0	n/a	n/a	n/a	n/a
67.91	0.128	saccade	n/a	448.4	185.9	n/a	501.6	153.2	2.2	2184.0
67.946	0.034	blink	n/a	n/a	n/a	n/a	n/a	n/a	n/a	n/a
68.04	0.152	fixation	n/a	505.0	174.3	4637.0	n/a	n/a	n/a	n/a
68.194	0.034	saccade	n/a	504.4	170.4	n/a	369.4	183.8	4.77	240.0
68.23	0.19	fixation	n/a	373.4	182.1	4718.0	n/a	n/a	n/a	n/a
68.422	0.024	saccade	n/a	378.8	182.5	n/a	437.3	186.4	2.07	116.0
68.448	0.184	fixation	n/a	441.4	184.5	4734.0	n/a	n/a	n/a	n/a
68.634	0.024	saccade	n/a	442.9	183.0	n/a	502.1	181.8	2.08	120.0
68.66	0.144	fixation	n/a	508.4	179.9	4829.0	n/a	n/a	n/a	n/a
68.806	0.018	saccade	n/a	512.3	176.3	n/a	540.2	176.6	0.97	69.0
68.826	0.258	fixation	n/a	540.5	178.0	4921.0	n/a	n/a	n/a	n/a
69.086	0.028	saccade	n/a	536.3	177.7	n/a	460.6	176.8	2.64	146.0
69.116	0.118	fixation	n/a	459.3	180.4	4960.0	n/a	n/a	n/a	n/a
69.236	0.148	saccade	n/a	457.8	180.8	n/a	518.5	141.6	2.53	1755.0
69.27	0.044	blink	n/a	n/a	n/a	n/a	n/a	n/a	n/a	n/a
69.386	0.184	fixation	n/a	516.6	172.6	4984.0	n/a	n/a	n/a	n/a
69.572	0.022	saccade	n/a	513.0	174.7	n/a	458.6	179.1	1.91	122.0
69.596	0.18	fixation	n/a	453.1	183.5	4983.0	n/a	n/a	n/a	n/a
69.778	0.068	saccade	n/a	450.4	188.0	n/a	414.6	515.3	11.7	238.0
69.848	0.178	fixation	n/a	416.3	511.3	4902.0	n/a	n/a	n/a	n/a
70.028	0.024	saccade	n/a	420.5	511.5	n/a	467.6	530.6	1.78	104.0
70.054	0.212	fixation	n/a	468.9	534.9	4961.0	n/a	n/a	n/a	n/a
70.268	0.022	saccade	n/a	471.1	537.3	n/a	514.9	542.2	1.53	95.0
70.292	0.086	fixation	n/a	519.3	541.4	4908.0	n/a	n/a	n/a	n/a
70.38	0.036	saccade	n/a	520.0	543.6	n/a	383.4	537.8	4.78	226.0
70.418	0.446	fixation	n/a	384.5	537.0	4838.0	n/a	n/a	n/a	n/a
70.866	0.026	saccade	n/a	374.2	534.9	n/a	441.7	537.3	2.37	127.0
70.894	0.226	fixation	n/a	448.2	537.1	4938.0	n/a	n/a	n/a	n/a
71.122	0.172	saccade	n/a	447.7	534.2	n/a	488.3	164.1	13.2	1005.0
71.198	0.014	blink	n/a	n/a	n/a	n/a	n/a	n/a	n/a	n/a
71.296	0.092	fixation	n/a	485.4	183.5	4980.0	n/a	n/a	n/a	n/a
71.39	0.058	saccade	n/a	485.3	192.3	n/a	159.4	188.9	11.42	337.0
71.45	0.224	fixation	n/a	160.9	191.2	5022.0	n/a	n/a	n/a	n/a
71.676	0.024	saccade	n/a	164.8	192.8	n/a	224.3	191.4	2.09	119.0
71.702	0.192	fixation	n/a	228.2	193.1	4894.0	n/a	n/a	n/a	n/a
71.896	0.024	saccade	n/a	230.3	194.3	n/a	292.8	193.2	2.2	129.0
71.922	0.206	fixation	n/a	299.2	191.7	4875.0	n/a	n/a	n/a	n/a
72.13	0.028	saccade	n/a	300.6	189.5	n/a	379.7	189.8	2.79	147.0
72.16	0.166	fixation	n/a	386.5	189.7	4822.0	n/a	n/a	n/a	n/a
72.328	0.024	saccade	n/a	389.6	189.9	n/a	447.4	189.8	2.04	117.0
72.354	0.214	fixation	n/a	451.2	186.2	4808.0	n/a	n/a	n/a	n/a
72.57	0.03	saccade	n/a	449.6	182.7	n/a	534.3	179.3	2.96	144.0
72.602	0.202	fixation	n/a	537.7	183.3	4807.0	n/a	n/a	n/a	n/a
72.806	0.064	saccade	n/a	536.3	183.7	n/a	169.4	245.7	12.99	332.0
72.872	0.246	fixation	n/a	174.4	249.2	4798.0	n/a	n/a	n/a	n/a
73.12	0.026	saccade	n/a	175.4	247.1	n/a	246.9	244.0	2.51	140.0
73.148	0.184	fixation	n/a	256.6	246.8	4826.0	n/a	n/a	n/a	n/a
73.334	0.026	saccade	n/a	257.7	246.5	n/a	332.8	244.2	2.66	148.0
73.362	0.144	fixation	n/a	339.8	241.4	4788.0	n/a	n/a	n/a	n/a
73.508	0.028	saccade	n/a	345.0	243.3	n/a	434.1	242.1	3.15	144.0
73.538	0.132	fixation	n/a	443.5	238.0	4700.0	n/a	n/a	n/a	n/a
73.672	0.028	saccade	n/a	444.8	237.3	n/a	515.4	238.3	2.48	121.0
73.702	0.156	fixation	n/a	520.3	237.9	4681.0	n/a	n/a	n/a	n/a
73.86	0.022	saccade	n/a	520.4	238.0	n/a	561.9	236.7	1.45	91.0
73.884	0.062	fixation	n/a	564.4	236.7	4675.0	n/a	n/a	n/a	n/a
73.948	0.064	saccade	n/a	565.4	240.4	n/a	162.4	302.5	14.24	370.0
74.014	0.262	fixation	n/a	166.6	307.4	4640.0	n/a	n/a	n/a	n/a
74.278	0.026	saccade	n/a	174.1	309.0	n/a	248.1	299.4	2.63	141.0
74.306	0.212	fixation	n/a	253.8	298.7	4560.0	n/a	n/a	n/a	n/a
74.52	0.024	saccade	n/a	256.7	298.5	n/a	314.5	300.5	2.05	120.0
74.546	0.204	fixation	n/a	317.4	300.5	4544.0	n/a	n/a	n/a	n/a
74.752	0.024	saccade	n/a	316.1	298.5	n/a	383.6	297.5	2.39	134.0
74.778	0.116	fixation	n/a	392.7	301.1	4542.0	n/a	n/a	n/a	n/a
74.896	0.148	saccade	n/a	393.9	304.2	n/a	410.5	152.4	5.46	1401.0
74.932	0.05	blink	n/a	n/a	n/a	n/a	n/a	n/a	n/a	n/a
75.046	0.172	fixation	n/a	407.6	176.7	4505.0	n/a	n/a	n/a	n/a
75.22	0.028	saccade	n/a	402.8	172.7	n/a	324.4	177.2	2.77	161.0
75.25	0.272	fixation	n/a	326.4	181.9	4548.0	n/a	n/a	n/a	n/a
75.524	0.024	saccade	n/a	329.8	181.2	n/a	388.1	173.1	2.07	118.0
75.55	0.156	fixation	n/a	397.4	177.3	4606.0	n/a	n/a	n/a	n/a
75.708	0.034	saccade	n/a	400.9	180.5	n/a	525.7	180.8	4.38	198.0
75.744	0.254	fixation	n/a	535.8	182.1	4593.0	n/a	n/a	n/a	n/a
76.0	0.06	saccade	n/a	536.4	184.2	n/a	173.2	241.4	12.86	337.0
76.062	0.164	fixation	n/a	166.8	244.6	4699.0	n/a	n/a	n/a	n/a
76.228	0.02	saccade	n/a	165.1	243.2	n/a	127.1	248.3	1.34	91.0
76.248	0.0	trigger_11	11	n/a	n/a	n/a	n/a	n/a	n/a	n/a
76.25	0.27	fixation	n/a	128.3	250.9	4734.0	n/a	n/a	n/a	n/a
76.314	0.0	trigger_12	12	n/a	n/a	n/a	n/a	n/a	n/a	n/a
76.522	0.024	saccade	n/a	128.9	251.8	n/a	141.2	200.5	1.88	107.0
76.548	0.172	fixation	n/a	143.5	195.6	4752.0	n/a	n/a	n/a	n/a
76.722	0.026	saccade	n/a	144.7	194.4	n/a	209.8	188.2	2.29	119.0
76.75	0.148	fixation	n/a	217.5	187.6	4732.0	n/a	n/a	n/a	n/a
76.9	0.024	saccade	n/a	217.8	186.2	n/a	273.4	181.8	1.97	106.0
76.926	0.134	fixation	n/a	281.5	179.4	4710.0	n/a	n/a	n/a	n/a
77.062	0.03	saccade	n/a	282.6	178.7	n/a	373.7	178.6	3.21	151.0
77.094	0.082	fixation	n/a	382.6	178.0	4681.0	n/a	n/a	n/a	n/a
77.178	0.032	saccade	n/a	383.4	176.5	n/a	490.0	179.1	3.74	190.0
77.212	0.152	fixation	n/a	498.2	180.0	4660.0	n/a	n/a	n/a	n/a
77.366	0.018	saccade	n/a	495.2	178.5	n/a	465.7	175.8	1.04	74.0
77.386	0.108	fixation	n/a	466.5	176.8	4719.0	n/a	n/a	n/a	n/a
77.496	0.124	saccade	n/a	464.7	177.8	n/a	571.8	149.4	3.86	1494.0
77.534	0.02	blink	n/a	n/a	n/a	n/a	n/a	n/a	n/a	n/a
77.622	0.1	fixation	n/a	568.4	171.2	4615.0	n/a	n/a	n/a	n/a
77.724	0.064	saccade	n/a	569.1	171.0	n/a	158.5	235.5	14.51	381.0
77.79	0.184	fixation	n/a	163.3	237.2	4721.0	n/a	n/a	n/a	n/a
77.976	0.016	saccade	n/a	161.9	240.3	n/a	138.5	244.1	0.83	63.0
77.994	0.15	fixation	n/a	140.6	248.1	4691.0	n/a	n/a	n/a	n/a
78.146	0.044	saccade	n/a	141.5	246.4	n/a	368.6	227.3	8.0	304.0
78.192	0.196	fixation	n/a	375.0	227.5	4787.0	n/a	n/a	n/a	n/a
78.39	0.038	saccade	n/a	373.8	228.5	n/a	529.0	239.1	5.49	235.0
78.43	0.138	fixation	n/a	537.0	241.3	4785.0	n/a	n/a	n/a	n/a
78.57	0.022	saccade	n/a	538.6	242.6	n/a	588.0	246.8	1.73	104.0
78.594	0.17	fixation	n/a	592.3	248.6	4726.0	n/a	n/a	n/a	n/a
78.766	0.064	saccade	n/a	589.9	248.6	n/a	168.1	299.5	14.83	355.0
78.832	0.136	fixation	n/a	170.4	304.9	4697.0	n/a	n/a	n/a	n/a
78.97	0.018	saccade	n/a	170.1	304.3	n/a	142.7	308.2	0.97	69.0
78.99	0.2	fixation	n/a	145.5	308.3	4707.0	n/a	n/a	n/a	n/a
79.192	0.032	saccade	n/a	149.5	307.1	n/a	254.1	301.4	3.7	182.0
79.226	0.514	fixation	n/a	251.8	294.8	4834.0	n/a	n/a	n/a	n/a
79.742	0.022	saccade	n/a	254.7	292.5	n/a	306.5	293.6	1.83	112.0
79.766	0.18	fixation	n/a	313.4	294.7	4866.0	n/a	n/a	n/a	n/a
79.948	0.024	saccade	n/a	317.6	295.8	n/a	372.9	292.8	1.96	113.0
79.974	0.17	fixation	n/a	381.5	296.5	4827.0	n/a	n/a	n/a	n/a
80.146	0.02	saccade	n/a	378.8	296.7	n/a	340.7	298.6	1.35	88.0
80.168	0.132	fixation	n/a	341.8	301.0	4863.0	n/a	n/a	n/a	n/a
80.302	0.038	saccade	n/a	342.3	301.8	n/a	481.8	299.8	4.94	222.0
80.342	0.24	fixation	n/a	484.8	301.5	4849.0	n/a	n/a	n/a	n/a
80.584	0.024	saccade	n/a	487.1	303.4	n/a	543.5	301.0	1.98	113.0
80.61	0.202	fixation	n/a	546.8	301.6	4822.0	n/a	n/a	n/a	n/a
80.814	0.064	saccade	n/a	546.9	300.4	n/a	169.0	353.9	13.33	346.0
80.88	0.306	fixation	n/a	175.0	354.0	4863.0	n/a	n/a	n/a	n/a
81.188	0.03	saccade	n/a	176.7	353.8	n/a	269.2	356.3	3.26	163.0
81.22	0.194	fixation	n/a	269.1	357.9	4867.0	n/a	n/a	n/a	n/a
81.416	0.032	saccade	n/a	268.8	358.8	n/a	374.9	352.4	3.76	186.0
81.45	0.234	fixation	n/a	379.8	353.9	4822.0	n/a	n/a	n/a	n/a
81.686	0.026	saccade	n/a	381.9	351.2	n/a	453.8	354.2	2.54	136.0
81.714	0.204	fixation	n/a	460.4	356.4	4791.0	n/a	n/a	n/a	n/a
81.92	0.034	saccade	n/a	463.0	356.6	n/a	584.7	312.2	4.54	208.0
81.956	0.168	fixation	n/a	595.3	311.1	4742.0	n/a	n/a	n/a	n/a
82.126	0.07	saccade	n/a	594.7	312.5	n/a	145.6	370.4	15.78	376.0
82.198	0.108	fixation	n/a	156.7	375.3	4773.0	n/a	n/a	n/a	n/a
82.308	0.02	saccade	n/a	153.8	373.3	n/a	113.2	371.3	1.42	103.0
82.33	0.142	fixation	n/a	114.1	370.2	4739.0	n/a	n/a	n/a	n/a
82.474	0.12	saccade	n/a	115.6	368.4	n/a	239.5	351.6	4.37	1173.0
82.51	0.02	blink	n/a	n/a	n/a	n/a	n/a	n/a	n/a	n/a
82.596	0.144	fixation	n/a	242.1	361.4	4746.0	n/a	n/a	n/a	n/a
82.742	0.014	saccade	n/a	242.7	365.2	n/a	223.7	366.6	0.67	56.0
82.758	0.174	fixation	n/a	223.9	361.2	4753.0	n/a	n/a	n/a	n/a
82.934	0.024	saccade	n/a	226.2	356.1	n/a	284.9	355.0	2.07	116.0
82.96	0.2	fixation	n/a	291.8	354.9	4692.0	n/a	n/a	n/a	n/a
83.162	0.026	saccade	n/a	293.9	354.5	n/a	373.1	351.1	2.81	154.0
83.19	0.24	fixation	n/a	378.2	352.5	4728.0	n/a	n/a	n/a	n/a
83.432	0.164	saccade	n/a	374.2	352.1	n/a	417.5	335.5	1.64	1400.0
83.47	0.062	blink	n/a	n/a	n/a	n/a	n/a	n/a	n/a	n/a
83.598	0.136	fixation	n/a	418.6	355.0	4639.0	n/a	n/a	n/a	n/a
83.736	0.022	saccade	n/a	422.6	358.5	n/a	459.0	363.6	1.3	78.0
83.76	0.11	fixation	n/a	463.4	361.0	4615.0	n/a	n/a	n/a	n/a
83.872	0.024	saccade	n/a	465.8	361.0	n/a	519.2	361.7	1.88	108.0
83.898	0.15	fixation	n/a	524.4	360.1	4548.0	n/a	n/a	n/a	n/a
84.05	0.018	saccade	n/a	527.5	357.6	n/a	553.1	358.1	0.89	63.0
84.07	0.214	fixation	n/a	554.5	358.6	4536.0	n/a	n/a	n/a	n/a
84.286	0.062	saccade	n/a	553.2	362.1	n/a	270.5	529.2	11.54	290.0
84.35	0.234	fixation	n/a	272.3	535.0	4482.0	n/a	n/a	n/a	n/a
84.586	0.036	saccade	n/a	277.2	535.0	n/a	401.5	533.6	4.38	194.0
84.624	0.196	fixation	n/a	399.3	533.7	4554.0	n/a	n/a	n/a	n/a
84.822	0.026	saccade	n/a	398.0	534.1	n/a	463.8	532.8	2.31	122.0
84.85	0.18	fixation	n/a	466.6	531.6	4536.0	n/a	n/a	n/a	n/a
85.032	0.038	saccade	n/a	463.7	528.8	n/a	489.4	379.5	5.37	223.0
85.072	0.196	fixation	n/a	496.8	369.0	4477.0	n/a	n/a	n/a	n/a
85.27	0.028	saccade	n/a	494.6	367.0	n/a	415.5	343.8	2.91	153.0
85.3	0.194	fixation	n/a	412.9	341.4	4572.0	n/a	n/a	n/a	n/a
85.496	0.02	saccade	n/a	411.5	337.1	n/a	398.0	301.0	1.38	93.0
85.518	0.166	fixation	n/a	395.1	297.9	4709.0	n/a	n/a	n/a	n/a
85.686	0.034	saccade	n/a	393.4	296.9	n/a	506.3	242.1	4.42	184.0
85.722	0.16	fixation	n/a	514.9	239.8	4802.0	n/a	n/a	n/a	n/a
85.884	0.026	saccade	n/a	513.8	241.4	n/a	582.3	233.9	2.4	128.0
85.912	0.182	fixation	n/a	589.2	234.9	4845.0	n/a	n/a	n/a	n/a
86.096	0.046	saccade	n/a	587.9	236.2	n/a	353.7	235.2	8.19	333.0
86.144	0.072	fixation	n/a	355.9	235.1	4932.0	n/a	n/a	n/a	n/a
86.218	0.044	saccade	n/a	358.1	237.6	n/a	168.7	288.2	6.91	279.0
86.264	0.136	fixation	n/a	170.1	288.7	4937.0	n/a	n/a	n/a	n/a
86.402	0.018	saccade	n/a	167.3	288.9	n/a	139.1	293.5	1.0	74.0
86.422	0.144	fixation	n/a	140.4	293.6	4990.0	n/a	n/a	n/a	n/a
86.568	0.032	saccade	n/a	142.1	293.7	n/a	252.3	290.0	3.87	195.0
86.602	0.19	fixation	n/a	254.9	290.3	4991.0	n/a	n/a	n/a	n/a
86.794	0.142	saccade	n/a	256.2	295.2	n/a	160.7	270.9	3.47	1439.0
86.83	0.038	blink	n/a	n/a	n/a	n/a	n/a	n/a	n/a	n/a
86.938	0.23	fixation	n/a	173.3	296.3	4949.0	n/a	n/a	n/a	n/a
87.17	0.026	saccade	n/a	173.9	297.2	n/a	251.7	293.2	2.74	151.0
87.198	0.21	fixation	n/a	260.1	293.2	4906.0	n/a	n/a	n/a	n/a
87.41	0.068	saccade	n/a	260.0	296.0	n/a	498.0	507.0	11.25	247.0
87.48	0.18	fixation	n/a	500.1	507.0	4961.0	n/a	n/a	n/a	n/a
87.662	0.016	saccade	n/a	495.8	508.6	n/a	480.4	522.2	0.72	55.0
87.68	0.142	fixation	n/a	479.1	528.8	5020.0	n/a	n/a	n/a	n/a
87.824	0.024	saccade	n/a	476.6	531.1	n/a	423.7	526.4	1.85	119.0
87.85	0.158	fixation	n/a	425.1	528.3	4979.0	n/a	n/a	n/a	n/a
88.01	0.022	saccade	n/a	424.5	529.2	n/a	377.2	527.4	1.66	112.0
88.034	0.332	fixation	n/a	379.4	529.9	4976.0	n/a	n/a	n/a	n/a
88.368	0.028	saccade	n/a	384.5	530.0	n/a	482.4	533.7	3.44	173.0
88.398	0.158	fixation	n/a	489.9	535.6	5022.0	n/a	n/a	n/a	n/a
88.558	0.02	saccade	n/a	485.5	538.2	n/a	451.9	535.1	1.18	78.0
88.58	0.218	fixation	n/a	448.2	536.7	5054.0	n/a	n/a	n/a	n/a
88.8	0.024	saccade	n/a	444.5	538.0	n/a	374.7	530.1	2.46	148.0
88.826	0.282	fixation	n/a	377.1	534.2	5041.0	n/a	n/a	n/a	n/a
89.11	0.054	saccade	n/a	379.6	534.5	n/a	269.8	310.2	8.88	260.0
89.166	0.272	fixation	n/a	259.8	298.8	5034.0	n/a	n/a	n/a	n/a
89.44	0.024	saccade	n/a	260.0	303.3	n/a	306.7	298.4	1.67	101.0
89.466	0.124	fixation	n/a	308.6	294.8	5018.0	n/a	n/a	n/a	n/a
89.592	0.022	saccade	n/a	304.0	293.3	n/a	258.9	295.3	1.6	109.0
89.616	0.228	fixation	n/a	260.7	298.6	5045.0	n/a	n/a	n/a	n/a
89.846	0.032	saccade	n/a	260.4	301.5	n/a	159.6	304.1	3.56	187.0
89.88	0.202	fixation	n/a	165.0	304.3	5036.0	n/a	n/a	n/a	n/a
90.084	0.028	saccade	n/a	167.4	307.2	n/a	255.2	301.5	3.1	164.0
90.114	0.252	fixation	n/a	259.9	301.7	5039.0	n/a	n/a	n/a	n/a
90.138	0.0	trigger_13	13	n/a	n/a	n/a	n/a	n/a	n/a	n/a
90.198	0.0	trigger_10	10	n/a	n/a	n/a	n/a	n/a	n/a	n/a
90.368	0.03	saccade	n/a	257.8	303.2	n/a	187.1	219.7	3.9	198.0
90.4	0.108	fixation	n/a	176.7	213.2	4972.0	n/a	n/a	n/a	n/a
90.51	0.02	saccade	n/a	173.9	212.6	n/a	146.9	193.5	1.16	79.0
90.532	0.244	fixation	n/a	150.3	199.3	4889.0	n/a	n/a	n/a	n/a
90.778	0.026	saccade	n/a	155.0	203.9	n/a	231.1	193.7	2.69	134.0
90.806	0.176	fixation	n/a	243.1	193.7	4796.0	n/a	n/a	n/a	n/a
90.984	0.026	saccade	n/a	245.5	192.2	n/a	310.1	190.1	2.28	122.0
91.012	0.172	fixation	n/a	318.4	188.6	4713.0	n/a	n/a	n/a	n/a
91.186	0.026	saccade	n/a	321.5	186.4	n/a	385.3	184.9	2.26	126.0
91.214	0.148	fixation	n/a	390.8	183.8	4717.0	n/a	n/a	n/a	n/a
91.364	0.02	saccade	n/a	393.7	182.7	n/a	429.7	182.4	1.27	83.0
91.386	0.154	fixation	n/a	432.5	181.7	4835.0	n/a	n/a	n/a	n/a
91.542	0.026	saccade	n/a	432.2	181.6	n/a	497.2	182.6	2.29	120.0
91.57	0.212	fixation	n/a	501.8	181.3	4887.0	n/a	n/a	n/a	n/a
91.784	0.024	saccade	n/a	504.2	181.8	n/a	569.6	181.6	2.28	134.0
91.81	0.186	fixation	n/a	572.3	181.3	4914.0	n/a	n/a	n/a	n/a
91.998	0.07	saccade	n/a	570.6	183.2	n/a	143.8	243.3	15.02	340.0
92.07	0.22	fixation	n/a	146.7	246.1	5052.0	n/a	n/a	n/a	n/a
92.292	0.028	saccade	n/a	151.0	242.7	n/a	234.5	238.3	2.94	164.0
92.322	0.238	fixation	n/a	237.3	239.7	5121.0	n/a	n/a	n/a	n/a
92.562	0.028	saccade	n/a	234.4	240.4	n/a	160.5	239.1	2.6	166.0
92.592	0.128	fixation	n/a	168.2	240.9	5080.0	n/a	n/a	n/a	n/a
92.722	0.118	saccade	n/a	169.7	243.5	n/a	163.8	237.0	0.31	1520.0
92.758	0.042	blink	n/a	n/a	n/a	n/a	n/a	n/a	n/a	n/a
92.842	0.102	fixation	n/a	164.2	240.9	5102.0	n/a	n/a	n/a	n/a
92.946	0.014	saccade	n/a	155.5	243.1	n/a	134.7	246.7	0.74	64.0
92.962	0.148	fixation	n/a	138.9	245.0	5131.0	n/a	n/a	n/a	n/a
93.112	0.022	saccade	n/a	144.1	243.7	n/a	191.8	240.7	1.68	96.0
93.136	0.54	fixation	n/a	196.2	233.2	5139.0	n/a	n/a	n/a	n/a
93.678	0.022	saccade	n/a	202.6	234.3	n/a	260.6	238.8	2.05	129.0
93.702	0.212	fixation	n/a	263.2	242.1	5226.0	n/a	n/a	n/a	n/a
93.916	0.028	saccade	n/a	264.0	242.1	n/a	333.8	183.3	3.25	157.0
93.946	0.174	fixation	n/a	350.0	183.0	5193.0	n/a	n/a	n/a	n/a
94.122	0.026	saccade	n/a	352.8	181.3	n/a	433.7	175.6	2.86	149.0
94.15	0.15	fixation	n/a	440.2	177.4	5234.0	n/a	n/a	n/a	n/a
94.302	0.026	saccade	n/a	441.7	176.6	n/a	519.1	176.2	2.72	139.0
94.33	0.544	fixation	n/a	521.4	175.7	5198.0	n/a	n/a	n/a	n/a
94.876	0.022	saccade	n/a	526.8	178.5	n/a	576.9	178.5	1.74	106.0
94.9	0.206	fixation	n/a	580.3	178.5	5158.0	n/a	n/a	n/a	n/a
95.108	0.068	saccade	n/a	581.4	181.3	n/a	186.7	247.2	13.95	335.0
95.178	0.344	fixation	n/a	190.1	248.9	5258.0	n/a	n/a	n/a	n/a
95.524	0.024	saccade	n/a	186.1	248.0	n/a	126.6	244.4	2.09	133.0
95.55	0.184	fixation	n/a	126.6	247.1	5251.0	n/a	n/a	n/a	n/a
95.736	0.026	saccade	n/a	123.7	246.2	n/a	155.2	199.5	1.99	104.0
95.764	0.242	fixation	n/a	160.0	194.3	5216.0	n/a	n/a	n/a	n/a
96.008	0.03	saccade	n/a	159.8	197.1	n/a	259.9	192.8	3.52	176.0
96.04	0.1	fixation	n/a	263.2	194.1	5185.0	n/a	n/a	n/a	n/a
96.142	0.136	saccade	n/a	262.4	203.1	n/a	259.0	553.0	12.41	1420.0
96.186	0.02	blink	n/a	n/a	n/a	n/a	n/a	n/a	n/a	n/a
96.28	0.234	fixation	n/a	262.5	549.2	5067.0	n/a	n/a	n/a	n/a
96.516	0.032	saccade	n/a	264.3	551.9	n/a	377.8	541.7	3.98	184.0
96.55	0.236	fixation	n/a	383.8	542.0	4917.0	n/a	n/a	n/a	n/a
96.788	0.024	saccade	n/a	384.6	546.6	n/a	439.7	542.0	1.94	110.0
96.814	0.354	fixation	n/a	447.2	539.3	4766.0	n/a	n/a	n/a	n/a
97.17	0.078	saccade	n/a	449.4	532.7	n/a	342.8	174.7	13.21	279.0
97.25	0.218	fixation	n/a	344.9	185.9	4808.0	n/a	n/a	n/a	n/a
97.47	0.12	saccade	n/a	344.4	185.6	n/a	245.6	166.8	3.55	1501.0
97.508	0.034	blink	n/a	n/a	n/a	n/a	n/a	n/a	n/a	n/a
97.592	0.25	fixation	n/a	248.4	181.4	4968.0	n/a	n/a	n/a	n/a
97.844	0.03	saccade	n/a	244.1	180.3	n/a	149.3	185.0	3.32	172.0
97.876	0.37	fixation	n/a	150.8	190.0	5013.0	n/a	n/a	n/a	n/a
98.248	0.036	saccade	n/a	153.7	184.6	n/a	295.2	182.0	4.97	188.0
98.286	0.212	fixation	n/a	298.2	175.1	5167.0	n/a	n/a	n/a	n/a
98.5	0.03	saccade	n/a	294.1	170.4	n/a	378.4	173.6	2.97	148.0
98.532	0.184	fixation	n/a	379.4	174.7	5177.0	n/a	n/a	n/a	n/a
98.718	0.018	saccade	n/a	380.4	174.8	n/a	408.8	174.6	1.0	67.0
98.738	0.2	fixation	n/a	410.3	172.3	5158.0	n/a	n/a	n/a	n/a
98.94	0.026	saccade	n/a	409.4	169.7	n/a	481.8	174.7	2.55	139.0
98.968	0.27	fixation	n/a	487.6	178.4	5144.0	n/a	n/a	n/a	n/a
99.24	0.024	saccade	n/a	490.4	179.7	n/a	549.6	177.5	2.07	113.0
99.266	0.164	fixation	n/a	554.9	178.0	5099.0	n/a	n/a	n/a	n/a
99.432	0.036	saccade	n/a	554.5	179.3	n/a	437.2	175.3	4.1	203.0
99.47	0.228	fixation	n/a	438.9	174.7	5149.0	n/a	n/a	n/a	n/a
99.7	0.02	saccade	n/a	435.8	172.3	n/a	397.0	172.7	1.36	93.0
99.722	0.132	fixation	n/a	397.2	173.8	5228.0	n/a	n/a	n/a	n/a
99.856	0.13	saccade	n/a	394.9	171.7	n/a	411.9	464.2	10.45	1371.0
99.9	0.01	blink	n/a	n/a	n/a	n/a	n/a	n/a	n/a	n/a
99.988	0.21	fixation	n/a	404.2	499.4	5316.0	n/a	n/a	n/a	n/a
100.2	0.036	saccade	n/a	405.9	520.7	n/a	533.4	537.1	4.5	204.0
100.238	0.202	fixation	n/a	539.5	538.6	5208.0	n/a	n/a	n/a	n/a
100.442	0.024	saccade	n/a	543.2	539.3	n/a	597.7	537.4	1.87	112.0
100.468	0.204	fixation	n/a	602.9	539.9	5047.0	n/a	n/a	n/a	n/a
100.674	0.018	saccade	n/a	607.7	543.0	n/a	636.2	545.1	0.97	67.0
100.694	0.108	fixation	n/a	638.5	547.8	4917.0	n/a	n/a	n/a	n/a
100.804	0.07	saccade	n/a	638.8	548.5	n/a	212.8	528.0	14.73	350.0
100.876	0.138	fixation	n/a	224.3	531.0	4933.0	n/a	n/a	n/a	n/a
101.016	0.02	saccade	n/a	224.2	531.8	n/a	184.6	540.2	1.42	97.0
101.038	0.162	fixation	n/a	186.6	539.4	4972.0	n/a	n/a	n/a	n/a
101.202	0.026	saccade	n/a	188.5	537.8	n/a	265.0	530.2	2.69	150.0
101.23	0.184	fixation	n/a	265.7	530.0	5086.0	n/a	n/a	n/a	n/a
101.416	0.022	saccade	n/a	266.1	529.1	n/a	311.9	525.1	1.62	101.0
101.44	0.112	fixation	n/a	316.0	524.9	5165.0	n/a	n/a	n/a	n/a
101.554	0.156	saccade	n/a	317.4	522.9	n/a	227.6	223.7	11.13	1348.0
101.588	0.064	blink	n/a	n/a	n/a	n/a	n/a	n/a	n/a	n/a
101.712	0.128	fixation	n/a	233.7	242.2	5194.0	n/a	n/a	n/a	n/a
101.842	0.03	saccade	n/a	233.4	242.6	n/a	146.0	234.9	3.08	156.0
101.874	0.15	fixation	n/a	142.9	234.2	5279.0	n/a	n/a	n/a	n/a
102.026	0.066	saccade	n/a	139.6	238.8	n/a	409.6	503.5	13.32	360.0
102.094	0.132	fixation	n/a	410.1	503.8	5187.0	n/a	n/a	n/a	n/a
102.228	0.022	saccade	n/a	403.6	502.8	n/a	360.7	521.0	1.65	104.0
102.252	0.172	fixation	n/a	359.8	528.0	5248.0	n/a	n/a	n/a	n/a
102.426	0.016	saccade	n/a	357.4	531.2	n/a	332.6	533.4	0.88	68.0
102.444	0.242	fixation	n/a	333.9	536.1	5229.0	n/a	n/a	n/a	n/a
102.688	0.022	saccade	n/a	338.4	529.4	n/a	396.0	523.6	2.04	126.0
102.712	0.18	fixation	n/a	396.6	523.8	5151.0	n/a	n/a	n/a	n/a
102.894	0.026	saccade	n/a	396.2	524.9	n/a	456.9	529.4	2.14	118.0
102.922	0.174	fixation	n/a	459.8	530.2	5104.0	n/a	n/a	n/a	n/a
103.098	0.024	saccade	n/a	461.6	531.8	n/a	527.7	537.3	2.31	130.0
103.124	0.39	fixation	n/a	527.1	541.9	5067.0	n/a	n/a	n/a	n/a
103.516	0.168	saccade	n/a	524.4	544.8	n/a	545.2	512.1	1.36	1134.0
103.548	0.066	blink	n/a	n/a	n/a	n/a	n/a	n/a	n/a	n/a
103.686	0.072	fixation	n/a	540.8	538.7	5080.0	n/a	n/a	n/a	n/a
103.76	0.064	saccade	n/a	539.2	546.0	n/a	383.2	195.9	13.61	337.0
103.826	0.258	fixation	n/a	382.1	185.1	5178.0	n/a	n/a	n/a	n/a
104.086	0.024	saccade	n/a	379.8	185.3	n/a	437.9	176.6	2.09	127.0
104.112	0.146	fixation	n/a	441.4	175.4	5203.0	n/a	n/a	n/a	n/a
104.26	0.072	saccade	n/a	438.9	175.3	n/a	486.7	535.7	12.91	254.0
104.334	0.174	fixation	n/a	488.0	533.0	5407.0	n/a	n/a	n/a	n/a
104.51	0.032	saccade	n/a	488.6	527.8	n/a	405.9	511.9	2.96	183.0
104.544	0.318	fixation	n/a	408.2	512.9	5470.0	n/a	n/a	n/a	n/a
104.864	0.026	saccade	n/a	408.8	515.4	n/a	477.7	521.8	2.45	138.0
104.892	0.142	fixation	n/a	481.3	522.9	5422.0	n/a	n/a	n/a	n/a
105.036	0.024	saccade	n/a	481.9	523.5	n/a	537.6	529.3	1.97	116.0
105.062	0.194	fixation	n/a	538.9	532.4	5429.0	n/a	n/a	n/a	n/a
105.258	0.132	saccade	n/a	539.0	532.7	n/a	516.4	503.7	1.3	1059.0
105.292	0.036	blink	n/a	n/a	n/a	n/a	n/a	n/a	n/a	n/a
105.392	0.138	fixation	n/a	509.7	536.6	5423.0	n/a	n/a	n/a	n/a
105.532	0.34	saccade	n/a	509.9	549.4	n/a	369.0	266.8	11.29	1486.0
105.636	0.182	blink	n/a	n/a	n/a	n/a	n/a	n/a	n/a	n/a
105.874	0.118	fixation	n/a	372.3	287.9	5414.0	n/a	n/a	n/a	n/a
105.994	0.034	saccade	n/a	375.4	287.4	n/a	414.5	183.8	3.99	195.0
106.03	0.204	fixation	n/a	423.7	181.9	5482.0	n/a	n/a	n/a	n/a
106.236	0.048	saccade	n/a	422.3	184.2	n/a	211.6	254.2	7.87	292.0
106.286	0.44	fixation	n/a	196.2	246.1	5370.0	n/a	n/a	n/a	n/a
106.728	0.02	saccade	n/a	179.0	239.1	n/a	180.3	198.6	1.45	95.0
106.75	0.3	fixation	n/a	182.6	193.3	5413.0	n/a	n/a	n/a	n/a
107.052	0.032	saccade	n/a	185.8	190.5	n/a	283.6	185.0	3.46	173.0
107.086	0.554	fixation	n/a	285.2	183.0	5432.0	n/a	n/a	n/a	n/a
107.418	0.0	trigger_11	11	n/a	n/a	n/a	n/a	n/a	n/a	n/a
107.482	0.0	trigger_10	10	n/a	n/a	n/a	n/a	n/a	n/a	n/a
107.642	0.038	saccade	n/a	285.1	182.1	n/a	139.7	180.7	5.11	222.0
107.682	0.244	fixation	n/a	141.7	183.9	5481.0	n/a	n/a	n/a	n/a
107.928	0.03	saccade	n/a	144.1	183.2	n/a	229.4	184.4	3.0	160.0
107.96	0.328	fixation	n/a	216.7	183.1	5420.0	n/a	n/a	n/a	n/a
108.29	0.032	saccade	n/a	202.7	180.3	n/a	105.2	176.9	3.4	175.0
108.324	0.214	fixation	n/a	113.7	180.4	5297.0	n/a	n/a	n/a	n/a
108.54	0.034	saccade	n/a	119.4	180.0	n/a	243.2	174.1	4.35	206.0
108.576	0.196	fixation	n/a	247.2	175.9	5324.0	n/a	n/a	n/a	n/a
108.774	0.022	saccade	n/a	246.6	176.6	n/a	203.2	180.7	1.54	103.0
108.798	0.204	fixation	n/a	204.3	176.6	5355.0	n/a	n/a	n/a	n/a
109.004	0.028	saccade	n/a	206.8	174.5	n/a	287.3	168.0	2.85	161.0
109.034	0.286	fixation	n/a	288.3	169.9	5411.0	n/a	n/a	n/a	n/a
109.322	0.032	saccade	n/a	289.1	172.6	n/a	378.2	168.9	3.16	158.0
109.356	0.206	fixation	n/a	375.4	167.5	5423.0	n/a	n/a	n/a	n/a
109.564	0.032	saccade	n/a	375.1	168.9	n/a	471.7	172.5	3.41	166.0
109.598	0.172	fixation	n/a	473.0	173.2	5315.0	n/a	n/a	n/a	n/a
109.772	0.028	saccade	n/a	473.3	173.3	n/a	552.2	173.9	2.76	147.0
109.802	0.258	fixation	n/a	555.9	177.0	5227.0	n/a	n/a	n/a	n/a
110.062	0.016	saccade	n/a	554.8	176.7	n/a	531.9	176.8	0.8	64.0
110.08	0.082	fixation	n/a	532.9	177.7	5202.0	n/a	n/a	n/a	n/a
110.164	0.066	saccade	n/a	533.1	177.8	n/a	137.1	241.5	14.01	335.0
110.232	0.124	fixation	n/a	146.0	241.8	5153.0	n/a	n/a	n/a	n/a
110.358	0.016	saccade	n/a	146.5	241.6	n/a	122.6	242.0	0.84	66.0
110.376	0.154	fixation	n/a	120.2	242.1	5130.0	n/a	n/a	n/a	n/a
110.532	0.028	saccade	n/a	122.0	245.5	n/a	209.2	241.9	3.06	155.0
110.562	0.246	fixation	n/a	215.6	245.2	5048.0	n/a	n/a	n/a	n/a
110.81	0.03	saccade	n/a	214.9	245.6	n/a	314.7	240.5	3.54	176.0
110.842	0.148	fixation	n/a	323.2	240.7	4971.0	n/a	n/a	n/a	n/a
110.992	0.018	saccade	n/a	318.2	241.0	n/a	291.8	242.6	0.94	67.0
111.012	0.096	fixation	n/a	290.5	241.0	4936.0	n/a	n/a	n/a	n/a
111.11	0.026	saccade	n/a	291.6	239.9	n/a	365.5	233.5	2.63	148.0
111.138	0.27	fixation	n/a	365.0	237.1	4945.0	n/a	n/a	n/a	n/a
111.41	0.034	saccade	n/a	357.9	241.0	n/a	475.0	238.6	4.15	198.0
111.446	0.176	fixation	n/a	481.2	238.2	4909.0	n/a	n/a	n/a	n/a
111.624	0.024	saccade	n/a	484.9	234.7	n/a	548.4	235.9	2.22	127.0
111.65	0.222	fixation	n/a	552.5	239.9	4939.0	n/a	n/a	n/a	n/a
111.874	0.066	saccade	n/a	551.7	242.1	n/a	152.4	300.1	14.14	341.0
111.942	0.114	fixation	n/a	151.4	304.3	4988.0	n/a	n/a	n/a	n/a
112.058	0.018	saccade	n/a	153.0	307.4	n/a	121.2	305.7	1.12	80.0
112.078	0.126	fixation	n/a	121.1	305.2	4963.0	n/a	n/a	n/a	n/a
112.206	0.03	saccade	n/a	121.4	303.5	n/a	222.8	300.9	3.55	164.0
112.238	0.128	fixation	n/a	234.4	300.7	4972.0	n/a	n/a	n/a	n/a
112.368	0.024	saccade	n/a	239.1	302.1	n/a	300.3	301.3	2.17	121.0
112.394	0.126	fixation	n/a	308.3	298.8	4951.0	n/a	n/a	n/a	n/a
112.522	0.024	saccade	n/a	311.2	297.4	n/a	379.4	291.9	2.44	136.0
112.548	0.154	fixation	n/a	388.0	291.9	4890.0	n/a	n/a	n/a	n/a
112.704	0.066	saccade	n/a	388.3	295.2	n/a	215.4	548.2	10.9	300.0
112.772	0.176	fixation	n/a	214.7	548.8	4879.0	n/a	n/a	n/a	n/a
112.95	0.036	saccade	n/a	217.1	549.5	n/a	350.6	532.1	4.72	212.0
112.988	0.208	fixation	n/a	354.1	535.5	4921.0	n/a	n/a	n/a	n/a
113.198	0.03	saccade	n/a	355.0	537.0	n/a	441.5	528.4	3.06	160.0
113.23	0.112	fixation	n/a	445.3	529.6	4842.0	n/a	n/a	n/a	n/a
113.344	0.148	saccade	n/a	446.7	528.5	n/a	359.2	284.2	9.24	1171.0
113.376	0.046	blink	n/a	n/a	n/a	n/a	n/a	n/a	n/a	n/a
113.494	0.582	fixation	n/a	359.0	303.1	4814.0	n/a	n/a	n/a	n/a
114.078	0.02	saccade	n/a	355.3	296.0	n/a	336.6	265.4	1.29	90.0
114.1	0.464	fixation	n/a	338.9	266.1	5056.0	n/a	n/a	n/a	n/a
114.356	0.0	trigger_11	11	n/a	n/a	n/a	n/a	n/a	n/a	n/a
114.418	0.0	trigger_10	10	n/a	n/a	n/a	n/a	n/a	n/a	n/a
114.566	0.04	saccade	n/a	337.7	262.7	n/a	185.2	201.7	5.82	226.0
114.608	0.104	fixation	n/a	180.8	201.0	5096.0	n/a	n/a	n/a	n/a
114.714	0.02	saccade	n/a	179.5	201.3	n/a	141.1	189.9	1.41	98.0
114.736	0.18	fixation	n/a	139.1	192.6	5083.0	n/a	n/a	n/a	n/a
114.918	0.03	saccade	n/a	138.4	192.1	n/a	226.4	187.4	3.1	156.0
114.95	0.264	fixation	n/a	227.5	184.4	5005.0	n/a	n/a	n/a	n/a
115.216	0.026	saccade	n/a	224.7	180.4	n/a	292.0	177.7	2.38	133.0
115.244	0.194	fixation	n/a	297.6	178.7	5008.0	n/a	n/a	n/a	n/a
115.44	0.024	saccade	n/a	294.2	180.1	n/a	242.8	182.3	1.82	114.0
115.466	0.222	fixation	n/a	245.6	183.6	5041.0	n/a	n/a	n/a	n/a
115.69	0.026	saccade	n/a	251.1	186.4	n/a	322.5	181.0	2.53	141.0
115.718	0.258	fixation	n/a	324.6	179.0	5064.0	n/a	n/a	n/a	n/a
115.978	0.024	saccade	n/a	325.8	179.4	n/a	384.1	177.8	2.07	130.0
116.004	0.232	fixation	n/a	385.3	175.7	5135.0	n/a	n/a	n/a	n/a
116.238	0.026	saccade	n/a	386.9	176.9	n/a	459.0	178.6	2.54	149.0
116.266	0.28	fixation	n/a	465.3	182.4	5101.0	n/a	n/a	n/a	n/a
116.548	0.06	saccade	n/a	469.5	186.1	n/a	145.9	241.2	11.56	318.0
116.61	0.252	fixation	n/a	148.7	240.6	5145.0	n/a	n/a	n/a	n/a
116.864	0.028	saccade	n/a	149.0	238.7	n/a	223.8	242.2	2.64	147.0
116.894	0.152	fixation	n/a	221.5	237.5	5172.0	n/a	n/a	n/a	n/a
117.048	0.02	saccade	n/a	220.7	235.4	n/a	253.8	234.6	1.17	79.0
117.07	0.324	fixation	n/a	258.7	236.9	5101.0	n/a	n/a	n/a	n/a
117.396	0.03	saccade	n/a	261.2	242.7	n/a	170.8	199.9	3.54	179.0
117.428	0.26	fixation	n/a	167.3	195.7	5050.0	n/a	n/a	n/a	n/a
117.69	0.022	saccade	n/a	169.6	190.9	n/a	214.8	185.7	1.6	101.0
117.714	0.22	fixation	n/a	217.1	186.9	5143.0	n/a	n/a	n/a	n/a
117.936	0.144	saccade	n/a	216.5	193.9	n/a	346.3	389.1	8.37	1440.0
117.988	0.018	blink	n/a	n/a	n/a	n/a	n/a	n/a	n/a	n/a
118.082	0.108	fixation	n/a	340.5	383.5	5118.0	n/a	n/a	n/a	n/a
118.192	0.032	saccade	n/a	340.9	394.1	n/a	262.6	282.7	4.89	250.0
118.226	0.192	fixation	n/a	253.4	267.5	5137.0	n/a	n/a	n/a	n/a
118.42	0.024	saccade	n/a	247.2	268.4	n/a	221.9	218.7	2.0	125.0
118.446	0.208	fixation	n/a	219.8	217.0	4996.0	n/a	n/a	n/a	n/a
118.656	0.024	saccade	n/a	215.2	210.5	n/a	155.3	182.1	2.33	133.0
118.682	0.598	fixation	n/a	148.9	181.4	5245.0	n/a	n/a	n/a	n/a
119.004	0.0	trigger_11	11	n/a	n/a	n/a	n/a	n/a	n/a	n/a
119.07	0.0	trigger_12	12	n/a	n/a	n/a	n/a	n/a	n/a	n/a
119.282	0.014	saccade	n/a	140.1	180.9	n/a	122.3	184.0	0.63	54.0
119.298	0.112	fixation	n/a	125.0	185.7	5354.0	n/a	n/a	n/a	n/a
119.412	0.03	saccade	n/a	126.8	184.8	n/a	225.7	179.4	3.47	176.0
119.444	0.256	fixation	n/a	225.9	179.5	5307.0	n/a	n/a	n/a	n/a
119.702	0.024	saccade	n/a	225.5	179.4	n/a	282.0	178.6	2.0	118.0
119.728	0.118	fixation	n/a	283.6	178.8	5159.0	n/a	n/a	n/a	n/a
119.848	0.134	saccade	n/a	283.4	180.5	n/a	289.7	155.5	0.92	1481.0
119.892	0.016	blink	n/a	n/a	n/a	n/a	n/a	n/a	n/a	n/a
119.984	0.096	fixation	n/a	286.0	169.8	5113.0	n/a	n/a	n/a	n/a
120.082	0.034	saccade	n/a	283.9	177.8	n/a	170.0	184.0	4.01	215.0
120.118	0.164	fixation	n/a	174.4	185.7	5115.0	n/a	n/a	n/a	n/a
120.284	0.032	saccade	n/a	177.1	189.9	n/a	284.8	183.7	3.81	190.0
120.318	0.168	fixation	n/a	288.4	184.3	4978.0	n/a	n/a	n/a	n/a
120.488	0.014	saccade	n/a	284.3	184.0	n/a	267.6	185.2	0.59	50.0
120.504	0.07	fixation	n/a	267.8	186.1	4943.0	n/a	n/a	n/a	n/a
120.576	0.024	saccade	n/a	271.1	186.8	n/a	334.7	178.1	2.27	140.0
120.602	0.202	fixation	n/a	338.6	177.2	4942.0	n/a	n/a	n/a	n/a
120.806	0.026	saccade	n/a	340.5	180.3	n/a	413.6	182.2	2.59	142.0
120.834	0.126	fixation	n/a	420.5	183.5	4897.0	n/a	n/a	n/a	n/a
120.962	0.026	saccade	n/a	417.8	184.0	n/a	347.7	184.7	2.49	149.0
120.99	0.174	fixation	n/a	350.4	184.4	4903.0	n/a	n/a	n/a	n/a
121.166	0.026	saccade	n/a	354.1	183.1	n/a	425.1	182.4	2.51	137.0
121.194	0.224	fixation	n/a	429.7	182.3	4874.0	n/a	n/a	n/a	n/a
121.42	0.026	saccade	n/a	434.0	185.1	n/a	511.4	185.0	2.73	145.0
121.448	0.254	fixation	n/a	515.6	184.7	4787.0	n/a	n/a	n/a	n/a
121.704	0.024	saccade	n/a	517.2	180.6	n/a	572.6	179.8	1.93	112.0
121.73	0.12	fixation	n/a	577.0	184.3	4709.0	n/a	n/a	n/a	n/a
121.852	0.066	saccade	n/a	577.2	186.0	n/a	186.5	183.8	13.68	338.0
121.92	0.184	fixation	n/a	191.4	200.9	4724.0	n/a	n/a	n/a	n/a
122.106	0.028	saccade	n/a	197.7	201.8	n/a	294.1	193.7	3.42	173.0
122.136	0.248	fixation	n/a	298.1	190.3	4740.0	n/a	n/a	n/a	n/a
122.386	0.014	saccade	n/a	292.2	191.2	n/a	275.4	191.3	0.59	50.0
122.402	0.12	fixation	n/a	273.6	190.5	4769.0	n/a	n/a	n/a	n/a
122.524	0.026	saccade	n/a	274.5	189.6	n/a	336.6	183.1	2.21	120.0
122.552	0.128	fixation	n/a	342.0	185.7	4758.0	n/a	n/a	n/a	n/a
122.682	0.126	saccade	n/a	343.4	190.7	n/a	365.4	156.6	1.45	1427.0
122.716	0.028	blink	n/a	n/a	n/a	n/a	n/a	n/a	n/a	n/a
122.81	0.158	fixation	n/a	367.3	180.8	4807.0	n/a	n/a	n/a	n/a
122.97	0.026	saccade	n/a	367.8	182.3	n/a	441.7	189.8	2.63	142.0
122.998	0.168	fixation	n/a	443.5	184.8	4888.0	n/a	n/a	n/a	n/a
123.168	0.076	saccade	n/a	441.4	182.6	n/a	425.5	548.0	12.99	244.0
123.246	0.218	fixation	n/a	426.0	546.4	4927.0	n/a	n/a	n/a	n/a
123.466	0.022	saccade	n/a	425.1	544.3	n/a	372.8	530.3	1.91	123.0
123.49	0.108	fixation	n/a	369.9	531.4	4940.0	n/a	n/a	n/a	n/a
123.6	0.16	saccade	n/a	370.5	530.9	n/a	410.0	164.8	13.08	1246.0
123.662	0.038	blink	n/a	n/a	n/a	n/a	n/a	n/a	n/a	n/a
123.762	0.118	fixation	n/a	410.1	187.7	4669.0	n/a	n/a	n/a	n/a
123.882	0.03	saccade	n/a	411.3	186.7	n/a	509.4	180.3	3.46	151.0
123.914	0.22	fixation	n/a	520.2	175.9	4663.0	n/a	n/a	n/a	n/a
124.136	0.058	saccade	n/a	514.6	176.3	n/a	180.1	256.2	12.06	324.0
124.196	0.144	fixation	n/a	174.7	258.4	4773.0	n/a	n/a	n/a	n/a
124.342	0.018	saccade	n/a	172.9	255.8	n/a	144.8	251.8	1.0	69.0
124.362	0.166	fixation	n/a	141.3	255.2	4801.0	n/a	n/a	n/a	n/a
124.53	0.036	saccade	n/a	143.0	254.0	n/a	283.2	243.9	4.96	234.0
124.568	0.24	fixation	n/a	287.4	242.7	4850.0	n/a	n/a	n/a	n/a
124.81	0.038	saccade	n/a	289.2	241.5	n/a	448.4	234.3	5.66	236.0
124.85	0.212	fixation	n/a	453.1	233.7	4837.0	n/a	n/a	n/a	n/a
125.064	0.026	saccade	n/a	452.8	233.8	n/a	518.7	237.4	2.32	128.0
125.092	0.164	fixation	n/a	521.1	237.6	4891.0	n/a	n/a	n/a	n/a
125.258	0.024	saccade	n/a	525.0	239.3	n/a	578.9	244.7	1.89	112.0
125.284	0.154	fixation	n/a	582.3	247.0	4904.0	n/a	n/a	n/a	n/a
125.44	0.068	saccade	n/a	581.6	247.2	n/a	163.2	306.7	14.78	364.0
125.51	0.23	fixation	n/a	166.7	313.0	4892.0	n/a	n/a	n/a	n/a
125.742	0.03	saccade	n/a	169.3	313.6	n/a	271.2	315.1	3.6	188.0
125.774	0.194	fixation	n/a	274.4	313.7	4855.0	n/a	n/a	n/a	n/a
125.97	0.034	saccade	n/a	275.5	311.5	n/a	394.6	304.0	4.24	204.0
126.006	0.218	fixation	n/a	397.3	303.0	4734.0	n/a	n/a	n/a	n/a
126.226	0.032	saccade	n/a	392.3	305.4	n/a	491.9	301.9	3.53	173.0
126.26	0.214	fixation	n/a	495.4	299.4	4637.0	n/a	n/a	n/a	n/a
126.476	0.06	saccade	n/a	494.7	298.0	n/a	142.7	363.1	12.59	331.0
126.538	0.31	fixation	n/a	150.3	366.1	4528.0	n/a	n/a	n/a	n/a
126.85	0.032	saccade	n/a	156.7	370.7	n/a	268.9	365.5	3.98	193.0
126.884	0.202	fixation	n/a	274.7	363.1	4459.0	n/a	n/a	n/a	n/a
127.088	0.034	saccade	n/a	272.0	359.1	n/a	387.1	351.3	4.09	189.0
127.124	0.234	fixation	n/a	392.3	350.9	4423.0	n/a	n/a	n/a	n/a
127.36	0.038	saccade	n/a	396.1	349.7	n/a	549.8	352.9	5.4	228.0
127.4	0.17	fixation	n/a	557.3	354.9	4313.0	n/a	n/a	n/a	n/a
127.572	0.026	saccade	n/a	558.2	357.8	n/a	621.3	361.1	2.2	122.0
127.6	0.228	fixation	n/a	626.1	362.8	4263.0	n/a	n/a	n/a	n/a
127.83	0.076	saccade	n/a	626.8	363.3	n/a	155.8	423.3	16.52	352.0
127.908	0.286	fixation	n/a	167.0	421.8	4235.0	n/a	n/a	n/a	n/a
128.196	0.026	saccade	n/a	170.4	418.0	n/a	243.4	418.7	2.57	148.0
128.224	0.258	fixation	n/a	248.2	420.1	4401.0	n/a	n/a	n/a	n/a
128.484	0.032	saccade	n/a	247.7	421.1	n/a	357.4	407.7	3.91	190.0
128.518	0.2	fixation	n/a	364.5	407.4	4497.0	n/a	n/a	n/a	n/a
128.72	0.014	saccade	n/a	370.4	406.7	n/a	387.6	407.9	0.61	49.0
128.736	0.352	fixation	n/a	391.1	412.7	4570.0	n/a	n/a	n/a	n/a
129.09	0.162	saccade	n/a	392.5	419.1	n/a	193.3	182.6	11.02	1152.0
129.154	0.038	blink	n/a	n/a	n/a	n/a	n/a	n/a	n/a	n/a
129.254	0.188	fixation	n/a	192.8	197.3	4568.0	n/a	n/a	n/a	n/a
129.444	0.026	saccade	n/a	196.1	199.6	n/a	263.4	191.1	2.4	129.0
129.472	0.3	fixation	n/a	262.3	185.1	4498.0	n/a	n/a	n/a	n/a
129.774	0.02	saccade	n/a	263.5	183.6	n/a	297.0	181.8	1.19	82.0
129.796	0.174	fixation	n/a	297.4	179.9	4438.0	n/a	n/a	n/a	n/a
129.972	0.024	saccade	n/a	300.8	180.5	n/a	348.5	176.2	1.7	97.0
129.998	0.214	fixation	n/a	353.0	175.6	4473.0	n/a	n/a	n/a	n/a
130.214	0.026	saccade	n/a	353.7	175.7	n/a	425.6	176.7	2.54	138.0
130.242	0.082	fixation	n/a	432.8	180.0	4509.0	n/a	n/a	n/a	n/a
130.326	0.08	saccade	n/a	435.0	185.3	n/a	311.5	594.1	15.11	261.0
130.408	0.144	fixation	n/a	311.7	592.8	4669.0	n/a	n/a	n/a	n/a
130.554	0.032	saccade	n/a	311.1	590.0	n/a	210.0	549.4	3.82	194.0
130.588	0.182	fixation	n/a	212.2	547.6	4799.0	n/a	n/a	n/a	n/a
130.772	0.04	saccade	n/a	212.8	546.6	n/a	380.8	527.1	5.95	245.0
130.814	0.604	fixation	n/a	384.7	526.2	4899.0	n/a	n/a	n/a	n/a
131.42	0.06	saccade	n/a	387.2	525.9	n/a	342.9	283.2	8.82	245.0
131.482	0.25	fixation	n/a	342.6	269.6	5093.0	n/a	n/a	n/a	n/a
131.532	0.0	trigger_13	13	n/a	n/a	n/a	n/a	n/a	n/a	n/a
131.592	0.0	trigger_10	10	n/a	n/a	n/a	n/a	n/a	n/a	n/a
131.734	0.038	saccade	n/a	340.3	270.8	n/a	200.6	196.5	5.61	238.0
131.774	0.116	fixation	n/a	186.8	201.2	5099.0	n/a	n/a	n/a	n/a
131.892	0.02	saccade	n/a	182.8	204.0	n/a	148.9	201.6	1.19	84.0
131.914	0.19	fixation	n/a	148.2	200.1	4966.0	n/a	n/a	n/a	n/a
132.106	0.016	saccade	n/a	146.0	197.6	n/a	121.6	194.5	0.86	66.0
132.124	0.134	fixation	n/a	122.6	193.1	4890.0	n/a	n/a	n/a	n/a
132.26	0.05	saccade	n/a	122.7	192.6	n/a	408.8	183.1	10.03	332.0
132.312	0.176	fixation	n/a	416.6	183.0	4863.0	n/a	n/a	n/a	n/a
132.49	0.024	saccade	n/a	417.9	181.4	n/a	472.8	178.1	1.94	113.0
132.516	0.102	fixation	n/a	476.5	180.3	4887.0	n/a	n/a	n/a	n/a
132.62	0.034	saccade	n/a	479.2	183.1	n/a	590.4	184.5	3.88	195.0
132.656	0.122	fixation	n/a	594.4	184.1	4869.0	n/a	n/a	n/a	n/a
132.78	0.07	saccade	n/a	593.9	182.6	n/a	131.0	240.2	16.2	388.0
132.852	0.242	fixation	n/a	141.0	242.9	4964.0	n/a	n/a	n/a	n/a
133.096	0.028	saccade	n/a	143.4	242.2	n/a	236.8	238.5	3.29	176.0
133.126	0.23	fixation	n/a	244.2	240.9	5000.0	n/a	n/a	n/a	n/a
133.358	0.118	saccade	n/a	242.7	244.1	n/a	288.1	228.0	1.71	1629.0
133.388	0.018	blink	n/a	n/a	n/a	n/a	n/a	n/a	n/a	n/a
133.478	0.134	fixation	n/a	285.1	235.4	4988.0	n/a	n/a	n/a	n/a
133.614	0.026	saccade	n/a	288.7	240.5	n/a	357.9	245.1	2.47	127.0
133.642	0.154	fixation	n/a	361.0	246.1	4932.0	n/a	n/a	n/a	n/a
133.798	0.022	saccade	n/a	361.1	245.5	n/a	407.1	244.8	1.63	99.0
133.822	0.124	fixation	n/a	411.2	246.7	4901.0	n/a	n/a	n/a	n/a
133.948	0.024	saccade	n/a	414.9	248.0	n/a	470.8	249.3	1.99	115.0
133.974	0.222	fixation	n/a	475.7	252.0	4869.0	n/a	n/a	n/a	n/a
134.198	0.024	saccade	n/a	475.4	253.3	n/a	446.3	202.8	2.09	124.0
134.224	0.382	fixation	n/a	449.1	200.1	4812.0	n/a	n/a	n/a	n/a
134.39	0.0	trigger_11	11	n/a	n/a	n/a	n/a	n/a	n/a	n/a
134.45	0.0	trigger_10	10	n/a	n/a	n/a	n/a	n/a	n/a	n/a
134.608	0.056	saccade	n/a	451.4	196.7	n/a	166.3	193.0	10.04	302.0
134.666	0.27	fixation	n/a	168.9	192.8	5002.0	n/a	n/a	n/a	n/a
134.938	0.032	saccade	n/a	165.8	191.5	n/a	271.4	187.5	3.72	192.0
134.972	0.19	fixation	n/a	270.7	188.3	5011.0	n/a	n/a	n/a	n/a
135.164	0.026	saccade	n/a	270.5	186.8	n/a	334.5	180.4	2.28	142.0
135.192	0.15	fixation	n/a	334.9	180.4	4999.0	n/a	n/a	n/a	n/a
135.344	0.016	saccade	n/a	331.5	182.4	n/a	306.6	182.4	0.88	64.0
135.362	0.074	fixation	n/a	308.0	184.1	5022.0	n/a	n/a	n/a	n/a
135.438	0.17	saccade	n/a	309.1	179.2	n/a	422.4	160.7	4.06	1252.0
135.49	0.05	blink	n/a	n/a	n/a	n/a	n/a	n/a	n/a	n/a
135.61	0.136	fixation	n/a	423.5	189.4	4927.0	n/a	n/a	n/a	n/a
135.748	0.016	saccade	n/a	426.8	198.7	n/a	402.9	191.5	0.89	69.0
135.766	0.12	fixation	n/a	403.4	192.9	4932.0	n/a	n/a	n/a	n/a
135.888	0.024	saccade	n/a	404.8	191.1	n/a	456.0	182.6	1.83	108.0
135.914	0.302	fixation	n/a	458.0	187.0	4779.0	n/a	n/a	n/a	n/a
136.218	0.022	saccade	n/a	458.5	182.1	n/a	500.4	183.2	1.47	95.0
136.242	0.19	fixation	n/a	504.2	189.6	4750.0	n/a	n/a	n/a	n/a
136.434	0.024	saccade	n/a	506.0	187.5	n/a	563.8	179.6	2.04	117.0
136.46	0.244	fixation	n/a	566.8	181.4	4795.0	n/a	n/a	n/a	n/a
136.706	0.018	saccade	n/a	568.2	183.7	n/a	597.8	185.9	1.03	75.0
136.726	0.074	fixation	n/a	597.8	187.1	4791.0	n/a	n/a	n/a	n/a
136.802	0.072	saccade	n/a	597.0	188.4	n/a	150.3	237.6	15.66	352.0
136.876	0.156	fixation	n/a	154.5	239.3	4865.0	n/a	n/a	n/a	n/a
137.034	0.016	saccade	n/a	152.5	241.4	n/a	133.3	249.8	0.74	60.0
137.052	0.13	fixation	n/a	132.6	248.2	4883.0	n/a	n/a	n/a	n/a
137.184	0.028	saccade	n/a	128.9	244.1	n/a	209.7	244.3	2.84	166.0
137.214	0.266	fixation	n/a	215.4	242.9	5008.0	n/a	n/a	n/a	n/a
137.482	0.022	saccade	n/a	213.7	238.2	n/a	206.5	202.6	1.3	75.0
137.506	0.156	fixation	n/a	212.6	195.9	5086.0	n/a	n/a	n/a	n/a
137.664	0.032	saccade	n/a	213.0	193.7	n/a	321.9	183.8	3.86	194.0
137.698	0.33	fixation	n/a	324.2	181.5	5180.0	n/a	n/a	n/a	n/a
138.03	0.142	saccade	n/a	322.7	183.4	n/a	335.5	300.6	4.24	1628.0
138.174	0.178	fixation	n/a	329.9	308.5	5045.0	n/a	n/a	n/a	n/a
138.354	0.034	saccade	n/a	329.6	315.9	n/a	220.0	244.1	4.66	223.0
138.39	0.27	fixation	n/a	210.3	240.2	5004.0	n/a	n/a	n/a	n/a
138.662	0.02	saccade	n/a	208.0	239.0	n/a	194.4	209.0	1.18	78.0
138.684	0.228	fixation	n/a	194.4	202.5	5000.0	n/a	n/a	n/a	n/a
138.694	0.0	trigger_11	11	n/a	n/a	n/a	n/a	n/a	n/a	n/a
138.75	0.0	trigger_10	10	n/a	n/a	n/a	n/a	n/a	n/a	n/a
138.914	0.024	saccade	n/a	190.9	199.9	n/a	132.4	192.0	2.06	129.0
138.94	0.33	fixation	n/a	132.7	196.4	5073.0	n/a	n/a	n/a	n/a
139.272	0.026	saccade	n/a	133.9	197.2	n/a	209.8	194.0	2.67	150.0
139.3	0.154	fixation	n/a	213.3	192.5	4973.0	n/a	n/a	n/a	n/a
139.456	0.04	saccade	n/a	211.1	189.4	n/a	400.0	184.0	6.67	258.0
139.498	0.19	fixation	n/a	413.6	187.0	4882.0	n/a	n/a	n/a	n/a
139.69	0.03	saccade	n/a	414.4	186.6	n/a	506.4	182.7	3.24	164.0
139.722	0.302	fixation	n/a	514.5	185.5	4794.0	n/a	n/a	n/a	n/a
140.026	0.064	saccade	n/a	516.9	184.1	n/a	151.1	251.3	13.06	337.0
140.092	0.13	fixation	n/a	154.3	250.9	4702.0	n/a	n/a	n/a	n/a
140.224	0.018	saccade	n/a	150.4	249.1	n/a	120.5	250.8	1.05	78.0
140.244	0.35	fixation	n/a	123.7	253.4	4679.0	n/a	n/a	n/a	n/a
140.596	0.024	saccade	n/a	127.7	254.6	n/a	186.1	248.1	2.07	122.0
140.622	0.178	fixation	n/a	187.8	244.6	4775.0	n/a	n/a	n/a	n/a
140.802	0.024	saccade	n/a	190.0	242.2	n/a	246.3	239.9	1.99	116.0
140.828	0.196	fixation	n/a	253.3	240.7	4840.0	n/a	n/a	n/a	n/a
141.026	0.026	saccade	n/a	255.7	239.6	n/a	328.3	238.0	2.58	145.0
141.054	0.28	fixation	n/a	323.6	237.0	4892.0	n/a	n/a	n/a	n/a
141.336	0.024	saccade	n/a	315.9	239.9	n/a	372.3	235.7	2.01	120.0
141.362	0.152	fixation	n/a	372.5	234.8	4929.0	n/a	n/a	n/a	n/a
141.516	0.028	saccade	n/a	372.9	238.7	n/a	453.1	241.0	2.85	150.0
141.546	0.13	fixation	n/a	453.9	239.9	4933.0	n/a	n/a	n/a	n/a
141.678	0.116	saccade	n/a	452.8	239.9	n/a	515.3	208.3	2.47	1253.0
141.718	0.0	blink	n/a	n/a	n/a	n/a	n/a	n/a	n/a	n/a
141.796	0.134	fixation	n/a	513.2	233.5	4936.0	n/a	n/a	n/a	n/a
141.932	0.024	saccade	n/a	515.7	238.5	n/a	569.7	241.7	1.89	108.0
141.958	0.162	fixation	n/a	571.5	245.7	4946.0	n/a	n/a	n/a	n/a
142.122	0.072	saccade	n/a	571.1	251.2	n/a	121.0	312.7	15.89	358.0
142.196	0.23	fixation	n/a	120.4	310.6	4891.0	n/a	n/a	n/a	n/a
142.428	0.032	saccade	n/a	124.4	310.5	n/a	229.9	300.9	3.73	186.0
142.462	0.224	fixation	n/a	231.7	301.8	4897.0	n/a	n/a	n/a	n/a
142.688	0.016	saccade	n/a	229.0	302.8	n/a	206.6	308.6	0.82	62.0
142.706	0.102	fixation	n/a	207.6	309.7	4855.0	n/a	n/a	n/a	n/a
142.81	0.03	saccade	n/a	208.7	309.8	n/a	299.8	304.9	3.24	176.0
142.842	0.168	fixation	n/a	305.3	304.4	4790.0	n/a	n/a	n/a	n/a
143.012	0.018	saccade	n/a	307.7	305.1	n/a	334.2	299.9	0.96	68.0
143.032	1.228	fixation	n/a	335.5	300.4	4859.0	n/a	n/a	n/a	n/a
144.262	0.024	saccade	n/a	342.9	301.7	n/a	298.4	267.0	2.02	124.0
144.288	0.524	fixation	n/a	295.0	265.1	5007.0	n/a	n/a	n/a	n/a
144.814	0.024	saccade	n/a	292.7	262.9	n/a	289.8	211.8	1.84	105.0
144.84	0.418	fixation	n/a	290.6	207.2	5173.0	n/a	n/a	n/a	n/a
145.046	0.0	trigger_11	11	n/a	n/a	n/a	n/a	n/a	n/a	n/a
145.116	0.0	trigger_10	10	n/a	n/a	n/a	n/a	n/a	n/a	n/a
145.26	0.038	saccade	n/a	289.6	204.1	n/a	141.9	189.4	5.23	230.0
145.3	0.184	fixation	n/a	142.0	190.8	5227.0	n/a	n/a	n/a	n/a
145.486	0.088	saccade	n/a	139.0	194.1	n/a	229.3	179.7	3.21	1148.0
145.576	0.206	fixation	n/a	228.3	192.1	5061.0	n/a	n/a	n/a	n/a
145.784	0.028	saccade	n/a	228.0	189.1	n/a	317.6	186.9	3.17	171.0
145.814	0.234	fixation	n/a	323.0	185.2	4814.0	n/a	n/a	n/a	n/a
146.05	0.036	saccade	n/a	326.7	182.6	n/a	453.3	181.8	4.47	205.0
146.088	0.15	fixation	n/a	456.5	180.7	4679.0	n/a	n/a	n/a	n/a
146.24	0.022	saccade	n/a	459.6	181.2	n/a	507.3	179.9	1.68	103.0
146.264	0.198	fixation	n/a	513.2	181.4	4561.0	n/a	n/a	n/a	n/a
146.464	0.026	saccade	n/a	516.3	181.0	n/a	590.8	182.6	2.6	135.0
146.492	0.19	fixation	n/a	598.5	185.4	4463.0	n/a	n/a	n/a	n/a
146.684	0.146	saccade	n/a	599.3	192.6	n/a	115.7	233.0	16.88	1270.0
146.724	0.006	blink	n/a	n/a	n/a	n/a	n/a	n/a	n/a	n/a
146.832	0.266	fixation	n/a	128.7	248.0	4532.0	n/a	n/a	n/a	n/a
147.1	0.03	saccade	n/a	129.4	244.7	n/a	217.3	247.9	3.09	162.0
147.132	0.04	fixation	n/a	221.3	250.4	4643.0	n/a	n/a	n/a	n/a
147.174	0.148	saccade	n/a	227.3	255.2	n/a	215.1	217.6	1.41	1222.0
147.206	0.056	blink	n/a	n/a	n/a	n/a	n/a	n/a	n/a	n/a
147.324	0.158	fixation	n/a	216.1	238.2	4718.0	n/a	n/a	n/a	n/a
147.484	0.028	saccade	n/a	221.7	244.0	n/a	305.6	241.2	2.98	168.0
147.514	0.152	fixation	n/a	308.0	239.8	4740.0	n/a	n/a	n/a	n/a
147.668	0.024	saccade	n/a	309.0	238.0	n/a	363.6	238.5	1.94	110.0
147.694	0.158	fixation	n/a	368.2	240.2	4687.0	n/a	n/a	n/a	n/a
147.854	0.026	saccade	n/a	372.4	239.4	n/a	450.6	236.1	2.77	152.0
147.882	0.188	fixation	n/a	454.7	238.3	4673.0	n/a	n/a	n/a	n/a
148.072	0.026	saccade	n/a	455.3	239.6	n/a	518.9	240.7	2.25	125.0
148.1	0.172	fixation	n/a	519.3	240.8	4649.0	n/a	n/a	n/a	n/a
148.274	0.024	saccade	n/a	520.2	241.1	n/a	573.8	240.4	1.88	111.0
148.3	0.162	fixation	n/a	577.1	238.8	4595.0	n/a	n/a	n/a	n/a
148.464	0.064	saccade	n/a	576.6	235.2	n/a	173.5	295.8	14.28	358.0
148.53	0.126	fixation	n/a	175.2	300.2	4667.0	n/a	n/a	n/a	n/a
148.658	0.02	saccade	n/a	170.3	297.9	n/a	133.5	298.6	1.29	91.0
148.68	0.134	fixation	n/a	133.4	300.7	4721.0	n/a	n/a	n/a	n/a
148.816	0.036	saccade	n/a	135.5	302.0	n/a	261.8	296.2	4.45	218.0
148.854	0.144	fixation	n/a	264.5	298.0	4753.0	n/a	n/a	n/a	n/a
149.0	0.014	saccade	n/a	259.1	299.3	n/a	241.8	301.5	0.62	52.0
149.016	0.128	fixation	n/a	242.3	300.3	4708.0	n/a	n/a	n/a	n/a
149.146	0.028	saccade	n/a	245.1	299.1	n/a	336.7	290.3	3.26	170.0
149.176	0.2	fixation	n/a	346.6	293.4	4625.0	n/a	n/a	n/a	n/a
149.378	0.032	saccade	n/a	349.0	294.0	n/a	458.0	294.3	3.87	196.0
149.412	0.156	fixation	n/a	459.9	290.9	4543.0	n/a	n/a	n/a	n/a
149.57	0.028	saccade	n/a	462.8	292.7	n/a	547.9	295.0	3.0	156.0
149.6	0.146	fixation	n/a	552.7	295.6	4479.0	n/a	n/a	n/a	n/a
149.748	0.024	saccade	n/a	554.8	293.6	n/a	608.0	296.2	1.85	104.0
149.774	0.24	fixation	n/a	613.7	298.1	4427.0	n/a	n/a	n/a	n/a
150.016	0.034	saccade	n/a	614.2	300.2	n/a	502.7	292.9	3.91	198.0
150.052	0.23	fixation	n/a	508.9	295.2	4391.0	n/a	n/a	n/a	n/a
150.284	0.034	saccade	n/a	511.3	294.1	n/a	413.0	220.3	4.37	225.0
150.32	0.416	fixation	n/a	409.4	213.7	4584.0	n/a	n/a	n/a	n/a
150.542	0.0	trigger_11	11	n/a	n/a	n/a	n/a	n/a	n/a	n/a
150.6	0.0	trigger_12	12	n/a	n/a	n/a	n/a	n/a	n/a	n/a
150.738	0.048	saccade	n/a	404.0	212.5	n/a	180.3	187.9	7.94	282.0
150.788	0.1	fixation	n/a	179.7	188.5	4810.0	n/a	n/a	n/a	n/a
150.89	0.02	saccade	n/a	178.1	189.6	n/a	140.0	187.0	1.34	92.0
150.912	0.21	fixation	n/a	137.7	188.0	4829.0	n/a	n/a	n/a	n/a
151.124	0.124	saccade	n/a	137.5	191.8	n/a	198.4	169.3	2.28	1246.0
151.156	0.048	blink	n/a	n/a	n/a	n/a	n/a	n/a	n/a	n/a
151.25	0.186	fixation	n/a	202.0	186.3	4839.0	n/a	n/a	n/a	n/a
151.438	0.024	saccade	n/a	199.7	183.5	n/a	253.2	181.4	1.88	115.0
151.464	0.364	fixation	n/a	249.7	182.3	4812.0	n/a	n/a	n/a	n/a
151.83	0.024	saccade	n/a	240.5	183.2	n/a	294.7	179.8	1.92	119.0
151.856	0.18	fixation	n/a	298.3	181.4	4780.0	n/a	n/a	n/a	n/a
152.038	0.022	saccade	n/a	300.4	180.8	n/a	347.2	178.6	1.66	107.0
152.062	0.138	fixation	n/a	354.1	180.2	4811.0	n/a	n/a	n/a	n/a
152.202	0.024	saccade	n/a	357.3	179.4	n/a	417.6	181.0	2.13	123.0
152.228	0.256	fixation	n/a	420.9	180.3	4856.0	n/a	n/a	n/a	n/a
152.486	0.02	saccade	n/a	416.0	178.5	n/a	372.5	181.5	1.54	105.0
152.508	0.162	fixation	n/a	374.5	184.6	4864.0	n/a	n/a	n/a	n/a
152.672	0.036	saccade	n/a	375.0	181.8	n/a	513.2	182.2	4.87	223.0
152.71	0.138	fixation	n/a	517.2	178.3	4806.0	n/a	n/a	n/a	n/a
152.85	0.018	saccade	n/a	515.1	179.9	n/a	487.3	181.2	0.98	72.0
152.87	0.082	fixation	n/a	486.8	180.3	4867.0	n/a	n/a	n/a	n/a
152.954	0.026	saccade	n/a	490.0	183.1	n/a	565.5	179.9	2.65	151.0
152.982	0.144	fixation	n/a	568.1	178.1	4879.0	n/a	n/a	n/a	n/a
153.128	0.144	saccade	n/a	568.0	175.3	n/a	460.2	151.3	3.86	1386.0
153.172	0.03	blink	n/a	n/a	n/a	n/a	n/a	n/a	n/a	n/a
153.274	0.114	fixation	n/a	464.6	175.3	4873.0	n/a	n/a	n/a	n/a
153.39	0.022	saccade	n/a	463.7	179.3	n/a	411.9	171.6	1.85	121.0
153.414	0.23	fixation	n/a	410.1	183.3	4964.0	n/a	n/a	n/a	n/a
153.646	0.034	saccade	n/a	408.0	180.2	n/a	508.7	183.9	3.55	175.0
153.682	0.174	fixation	n/a	513.5	185.3	4917.0	n/a	n/a	n/a	n/a
153.858	0.022	saccade	n/a	517.6	184.5	n/a	560.1	179.1	1.5	93.0
153.882	0.144	fixation	n/a	563.2	179.6	4992.0	n/a	n/a	n/a	n/a
154.028	0.064	saccade	n/a	563.9	181.7	n/a	173.7	236.8	13.81	344.0
154.094	0.116	fixation	n/a	171.4	240.6	5100.0	n/a	n/a	n/a	n/a
154.212	0.02	saccade	n/a	170.1	242.8	n/a	130.3	248.1	1.41	98.0
154.234	0.116	fixation	n/a	134.4	251.2	5068.0	n/a	n/a	n/a	n/a
154.352	0.036	saccade	n/a	136.6	252.4	n/a	275.6	243.9	4.9	229.0
154.39	0.176	fixation	n/a	278.1	242.4	5073.0	n/a	n/a	n/a	n/a
154.568	0.03	saccade	n/a	278.6	242.9	n/a	369.7	238.8	3.23	178.0
154.6	0.168	fixation	n/a	373.2	241.4	5027.0	n/a	n/a	n/a	n/a
154.77	0.032	saccade	n/a	373.7	241.4	n/a	475.1	241.2	3.59	178.0
154.804	0.176	fixation	n/a	479.5	243.1	4969.0	n/a	n/a	n/a	n/a
154.982	0.062	saccade	n/a	478.7	242.5	n/a	139.1	309.2	12.17	335.0
155.046	0.196	fixation	n/a	142.1	310.3	4965.0	n/a	n/a	n/a	n/a
155.244	0.034	saccade	n/a	141.6	309.5	n/a	267.1	305.2	4.42	219.0
155.28	0.272	fixation	n/a	267.5	308.5	4905.0	n/a	n/a	n/a	n/a
155.554	0.026	saccade	n/a	266.5	308.9	n/a	341.7	303.7	2.68	146.0
155.582	0.164	fixation	n/a	348.1	301.8	4870.0	n/a	n/a	n/a	n/a
155.748	0.026	saccade	n/a	350.4	300.8	n/a	418.6	300.6	2.42	129.0
155.776	0.16	fixation	n/a	422.8	302.8	4874.0	n/a	n/a	n/a	n/a
155.938	0.028	saccade	n/a	424.1	306.2	n/a	508.4	308.8	2.98	164.0
155.968	0.19	fixation	n/a	511.4	308.5	4783.0	n/a	n/a	n/a	n/a
156.16	0.156	saccade	n/a	510.4	309.8	n/a	334.5	550.3	10.55	1020.0
156.188	0.058	blink	n/a	n/a	n/a	n/a	n/a	n/a	n/a	n/a
156.318	0.132	fixation	n/a	334.2	542.8	4628.0	n/a	n/a	n/a	n/a
156.452	0.026	saccade	n/a	338.9	549.5	n/a	414.4	541.2	2.67	148.0
156.48	0.426	fixation	n/a	422.4	543.9	4584.0	n/a	n/a	n/a	n/a
156.634	0.0	trigger_13	13	n/a	n/a	n/a	n/a	n/a	n/a	n/a
156.694	0.0	trigger_10	10	n/a	n/a	n/a	n/a	n/a	n/a	n/a
156.908	0.056	saccade	n/a	422.3	538.5	n/a	228.8	231.2	12.9	370.0
156.966	0.104	fixation	n/a	228.9	223.2	4519.0	n/a	n/a	n/a	n/a
157.072	0.024	saccade	n/a	226.3	220.9	n/a	179.8	191.5	1.95	119.0
157.098	0.168	fixation	n/a	174.2	191.9	4543.0	n/a	n/a	n/a	n/a
157.268	0.022	saccade	n/a	169.2	191.9	n/a	121.1	189.8	1.68	113.0
157.292	0.194	fixation	n/a	126.3	191.3	4502.0	n/a	n/a	n/a	n/a
157.488	0.026	saccade	n/a	128.6	189.5	n/a	191.6	178.7	2.24	124.0
157.516	0.156	fixation	n/a	196.1	176.7	4561.0	n/a	n/a	n/a	n/a
157.674	0.024	saccade	n/a	199.2	178.5	n/a	263.6	175.0	2.27	130.0
157.7	0.184	fixation	n/a	269.7	178.5	4667.0	n/a	n/a	n/a	n/a
157.886	0.142	saccade	n/a	268.7	179.4	n/a	460.5	147.0	6.85	1363.0
157.928	0.03	blink	n/a	n/a	n/a	n/a	n/a	n/a	n/a	n/a
158.03	0.154	fixation	n/a	461.4	179.8	4793.0	n/a	n/a	n/a	n/a
158.186	0.032	saccade	n/a	462.9	184.4	n/a	569.2	185.3	3.72	189.0
158.22	0.382	fixation	n/a	569.7	185.3	4685.0	n/a	n/a	n/a	n/a
158.604	0.022	saccade	n/a	568.9	180.7	n/a	522.8	178.9	1.61	104.0
158.628	0.192	fixation	n/a	524.4	179.8	4723.0	n/a	n/a	n/a	n/a
158.822	0.036	saccade	n/a	523.5	178.9	n/a	388.3	187.9	4.75	242.0
158.86	0.154	fixation	n/a	393.2	191.9	4867.0	n/a	n/a	n/a	n/a
159.016	0.062	saccade	n/a	393.9	193.1	n/a	95.1	259.8	10.75	299.0
159.08	0.114	fixation	n/a	96.6	257.8	4983.0	n/a	n/a	n/a	n/a
159.196	0.024	saccade	n/a	96.6	255.5	n/a	154.4	241.3	2.07	122.0
159.222	0.152	fixation	n/a	159.5	241.4	4989.0	n/a	n/a	n/a	n/a
159.376	0.026	saccade	n/a	162.9	242.5	n/a	229.1	237.3	2.34	133.0
159.404	0.178	fixation	n/a	230.2	236.4	4969.0	n/a	n/a	n/a	n/a
159.584	0.022	saccade	n/a	233.2	236.8	n/a	283.5	235.6	1.77	108.0
159.608	0.146	fixation	n/a	286.7	236.0	4976.0	n/a	n/a	n/a	n/a
159.756	0.024	saccade	n/a	290.6	238.0	n/a	344.1	237.8	1.9	114.0
159.782	0.11	fixation	n/a	346.0	239.1	4981.0	n/a	n/a	n/a	n/a
159.894	0.016	saccade	n/a	345.1	238.7	n/a	322.4	238.3	0.81	61.0
159.912	0.072	fixation	n/a	324.6	238.7	5007.0	n/a	n/a	n/a	n/a
159.986	0.03	saccade	n/a	326.1	239.7	n/a	414.9	239.2	3.14	164.0
160.018	0.118	fixation	n/a	415.8	238.1	4934.0	n/a	n/a	n/a	n/a
160.138	0.144	saccade	n/a	416.5	241.2	n/a	295.6	218.6	4.36	1500.0
160.174	0.04	blink	n/a	n/a	n/a	n/a	n/a	n/a	n/a	n/a
160.284	0.148	fixation	n/a	293.6	247.5	4831.0	n/a	n/a	n/a	n/a
160.434	0.034	saccade	n/a	296.0	254.6	n/a	415.9	245.3	4.27	197.0
160.47	0.184	fixation	n/a	417.8	243.1	4746.0	n/a	n/a	n/a	n/a
160.656	0.028	saccade	n/a	411.5	243.6	n/a	339.7	237.8	2.55	166.0
160.686	0.28	fixation	n/a	341.5	238.3	4741.0	n/a	n/a	n/a	n/a
160.968	0.026	saccade	n/a	345.3	241.9	n/a	413.8	238.5	2.44	135.0
160.996	0.166	fixation	n/a	416.6	237.8	4791.0	n/a	n/a	n/a	n/a
161.164	0.02	saccade	n/a	418.6	238.4	n/a	451.8	240.9	1.18	76.0
161.186	0.998	fixation	n/a	453.2	240.2	4933.0	n/a	n/a	n/a	n/a
162.186	0.158	saccade	n/a	467.0	234.1	n/a	438.2	207.9	1.38	1372.0
162.222	0.05	blink	n/a	n/a	n/a	n/a	n/a	n/a	n/a	n/a
162.346	0.502	fixation	n/a	440.1	238.0	4901.0	n/a	n/a	n/a	n/a
162.85	0.052	saccade	n/a	438.8	241.3	n/a	360.3	458.4	8.25	223.0
162.904	0.106	fixation	n/a	362.5	467.2	4941.0	n/a	n/a	n/a	n/a
163.012	0.022	saccade	n/a	363.6	472.3	n/a	371.9	514.7	1.53	97.0
163.036	0.18	fixation	n/a	376.3	518.8	5048.0	n/a	n/a	n/a	n/a
163.218	0.03	saccade	n/a	379.8	521.4	n/a	465.7	532.6	3.04	171.0
163.25	0.18	fixation	n/a	465.7	536.0	5026.0	n/a	n/a	n/a	n/a
163.432	0.028	saccade	n/a	464.9	538.1	n/a	378.7	533.3	3.03	180.0
163.462	0.308	fixation	n/a	381.3	534.7	4883.0	n/a	n/a	n/a	n/a
163.772	0.162	saccade	n/a	385.0	529.8	n/a	409.3	193.7	11.99	1213.0
163.834	0.034	blink	n/a	n/a	n/a	n/a	n/a	n/a	n/a	n/a
163.936	0.132	fixation	n/a	407.0	226.3	4851.0	n/a	n/a	n/a	n/a
164.07	0.02	saccade	n/a	404.6	229.5	n/a	451.4	231.2	1.65	107.0
164.092	0.158	fixation	n/a	450.4	237.6	4900.0	n/a	n/a	n/a	n/a
164.252	0.046	saccade	n/a	445.1	239.3	n/a	239.3	199.7	7.4	278.0
164.3	0.158	fixation	n/a	244.8	199.4	4969.0	n/a	n/a	n/a	n/a
164.46	0.028	saccade	n/a	243.2	199.3	n/a	170.7	183.3	2.61	166.0
164.49	0.172	fixation	n/a	176.3	188.5	5031.0	n/a	n/a	n/a	n/a
164.664	0.024	saccade	n/a	175.4	190.2	n/a	124.9	195.3	1.78	126.0
164.69	0.172	fixation	n/a	125.2	193.9	5079.0	n/a	n/a	n/a	n/a
164.864	0.034	saccade	n/a	125.6	196.6	n/a	253.6	185.9	4.5	218.0
164.9	0.2	fixation	n/a	258.7	187.7	5067.0	n/a	n/a	n/a	n/a
165.102	0.038	saccade	n/a	259.0	187.0	n/a	393.9	206.9	4.81	223.0
165.142	0.276	fixation	n/a	393.2	209.8	5042.0	n/a	n/a	n/a	n/a
165.42	0.034	saccade	n/a	389.2	208.5	n/a	277.5	231.4	4.03	200.0
165.456	0.228	fixation	n/a	280.4	239.9	5153.0	n/a	n/a	n/a	n/a
165.686	0.024	saccade	n/a	280.8	241.2	n/a	335.6	242.3	1.94	116.0
165.712	0.23	fixation	n/a	338.4	242.5	5175.0	n/a	n/a	n/a	n/a
165.944	0.022	saccade	n/a	338.3	240.4	n/a	321.0	193.0	1.81	112.0
165.968	0.506	fixation	n/a	324.2	195.5	5158.0	n/a	n/a	n/a	n/a
166.272	0.0	trigger_11	11	n/a	n/a	n/a	n/a	n/a	n/a	n/a
166.33	0.0	trigger_10	10	n/a	n/a	n/a	n/a	n/a	n/a	n/a
166.476	0.04	saccade	n/a	326.1	195.7	n/a	179.0	191.5	5.19	224.0
166.518	0.24	fixation	n/a	177.3	195.3	5277.0	n/a	n/a	n/a	n/a
166.76	0.02	saccade	n/a	180.7	195.3	n/a	221.9	193.0	1.45	98.0
166.782	0.068	fixation	n/a	224.2	191.7	5244.0	n/a	n/a	n/a	n/a
166.852	0.032	saccade	n/a	224.2	192.0	n/a	132.6	189.8	3.21	171.0
166.886	0.202	fixation	n/a	136.0	191.1	5144.0	n/a	n/a	n/a	n/a
167.09	0.036	saccade	n/a	137.6	190.5	n/a	287.9	182.8	5.29	259.0
167.128	0.172	fixation	n/a	292.6	182.9	5040.0	n/a	n/a	n/a	n/a
167.302	0.026	saccade	n/a	291.7	180.4	n/a	352.1	179.0	2.13	115.0
167.33	0.136	fixation	n/a	353.3	183.6	4967.0	n/a	n/a	n/a	n/a
167.468	0.028	saccade	n/a	353.4	184.5	n/a	436.0	184.7	2.91	151.0
167.498	0.21	fixation	n/a	438.6	185.9	4841.0	n/a	n/a	n/a	n/a
167.71	0.026	saccade	n/a	440.7	188.6	n/a	507.7	184.8	2.35	125.0
167.738	0.16	fixation	n/a	511.0	183.1	4751.0	n/a	n/a	n/a	n/a
167.9	0.066	saccade	n/a	510.5	183.2	n/a	115.6	246.2	13.96	350.0
167.968	0.252	fixation	n/a	126.6	249.3	4730.0	n/a	n/a	n/a	n/a
168.222	0.032	saccade	n/a	134.3	252.2	n/a	247.2	252.4	3.98	215.0
168.256	0.154	fixation	n/a	251.9	251.0	4805.0	n/a	n/a	n/a	n/a
168.412	0.014	saccade	n/a	246.7	249.3	n/a	229.0	248.5	0.63	51.0
168.428	0.174	fixation	n/a	230.4	250.0	4923.0	n/a	n/a	n/a	n/a
168.604	0.026	saccade	n/a	232.4	252.8	n/a	309.6	246.2	2.74	152.0
168.632	0.346	fixation	n/a	314.3	250.7	4901.0	n/a	n/a	n/a	n/a
168.98	0.13	saccade	n/a	313.3	253.1	n/a	198.8	237.1	4.08	1333.0
169.026	0.018	blink	n/a	n/a	n/a	n/a	n/a	n/a	n/a	n/a
169.112	0.228	fixation	n/a	204.4	257.5	4969.0	n/a	n/a	n/a	n/a
169.342	0.066	saccade	n/a	208.9	257.5	n/a	359.4	545.3	11.53	274.0
169.41	0.206	fixation	n/a	361.3	546.7	4938.0	n/a	n/a	n/a	n/a
169.618	0.05	saccade	n/a	358.2	544.3	n/a	269.0	266.5	10.36	345.0
169.67	0.198	fixation	n/a	260.0	242.8	4953.0	n/a	n/a	n/a	n/a
169.87	0.026	saccade	n/a	261.7	246.7	n/a	219.9	206.9	2.06	132.0
169.898	0.238	fixation	n/a	222.0	204.8	4888.0	n/a	n/a	n/a	n/a
170.072	0.0	trigger_11	11	n/a	n/a	n/a	n/a	n/a	n/a	n/a
170.128	0.0	trigger_10	10	n/a	n/a	n/a	n/a	n/a	n/a	n/a
170.138	0.032	saccade	n/a	223.7	203.0	n/a	324.7	189.6	3.6	183.0
170.172	0.206	fixation	n/a	323.2	186.2	5038.0	n/a	n/a	n/a	n/a
170.38	0.04	saccade	n/a	321.5	187.8	n/a	157.4	203.6	5.8	256.0
170.422	0.194	fixation	n/a	160.5	204.4	5103.0	n/a	n/a	n/a	n/a
170.618	0.02	saccade	n/a	160.5	205.3	n/a	120.8	205.5	1.39	96.0
170.64	0.166	fixation	n/a	120.0	205.4	5018.0	n/a	n/a	n/a	n/a
170.808	0.026	saccade	n/a	121.2	204.1	n/a	204.9	200.6	2.92	155.0
170.836	0.16	fixation	n/a	211.5	201.0	4957.0	n/a	n/a	n/a	n/a
170.998	0.022	saccade	n/a	212.4	197.9	n/a	263.7	190.5	1.83	114.0
171.022	0.162	fixation	n/a	265.7	192.0	4981.0	n/a	n/a	n/a	n/a
171.186	0.05	saccade	n/a	265.2	192.5	n/a	549.9	183.2	9.99	315.0
171.238	0.182	fixation	n/a	560.3	187.1	4924.0	n/a	n/a	n/a	n/a
171.422	0.024	saccade	n/a	562.4	186.8	n/a	616.2	190.3	1.86	116.0
171.448	0.056	fixation	n/a	616.9	193.0	4914.0	n/a	n/a	n/a	n/a
171.506	0.076	saccade	n/a	617.3	195.1	n/a	133.0	257.2	16.93	392.0
171.584	0.22	fixation	n/a	141.2	256.2	4846.0	n/a	n/a	n/a	n/a
171.806	0.032	saccade	n/a	143.7	255.1	n/a	252.5	251.9	3.83	185.0
171.84	0.124	fixation	n/a	257.1	252.3	4768.0	n/a	n/a	n/a	n/a
171.966	0.13	saccade	n/a	257.4	254.3	n/a	314.3	224.5	2.28	1421.0
172.0	0.026	blink	n/a	n/a	n/a	n/a	n/a	n/a	n/a	n/a
172.098	0.128	fixation	n/a	316.5	243.1	4702.0	n/a	n/a	n/a	n/a
172.228	0.024	saccade	n/a	319.8	243.2	n/a	384.0	244.0	2.27	131.0
172.254	0.164	fixation	n/a	389.9	247.4	4687.0	n/a	n/a	n/a	n/a
172.42	0.034	saccade	n/a	392.4	250.0	n/a	499.8	249.7	3.8	193.0
172.456	0.168	fixation	n/a	506.0	249.3	4609.0	n/a	n/a	n/a	n/a
172.626	0.022	saccade	n/a	511.4	249.5	n/a	554.8	246.4	1.52	95.0
172.65	0.152	fixation	n/a	557.8	249.5	4631.0	n/a	n/a	n/a	n/a
172.804	0.026	saccade	n/a	555.4	250.7	n/a	475.9	245.0	2.79	156.0
172.832	0.138	fixation	n/a	473.2	248.8	4602.0	n/a	n/a	n/a	n/a
172.972	0.058	saccade	n/a	472.9	250.9	n/a	145.4	316.7	11.75	327.0
173.032	0.152	fixation	n/a	146.7	317.6	4595.0	n/a	n/a	n/a	n/a
173.186	0.018	saccade	n/a	144.8	315.1	n/a	113.1	313.7	1.11	81.0
173.206	0.054	fixation	n/a	114.8	315.7	4617.0	n/a	n/a	n/a	n/a
173.262	0.034	saccade	n/a	121.0	317.1	n/a	246.3	313.7	4.41	213.0
173.298	0.512	fixation	n/a	254.0	310.0	4650.0	n/a	n/a	n/a	n/a
173.812	0.028	saccade	n/a	254.7	309.1	n/a	181.3	312.6	2.59	153.0
173.842	0.182	fixation	n/a	184.2	310.7	4648.0	n/a	n/a	n/a	n/a
174.026	0.096	saccade	n/a	186.1	310.1	n/a	237.6	180.8	4.98	800.0
174.124	0.176	fixation	n/a	242.2	195.0	4706.0	n/a	n/a	n/a	n/a
174.302	0.026	saccade	n/a	239.5	194.8	n/a	184.1	197.6	1.95	129.0
174.33	0.178	fixation	n/a	187.3	198.5	4740.0	n/a	n/a	n/a	n/a
174.51	0.028	saccade	n/a	188.5	197.8	n/a	271.3	187.6	2.94	157.0
174.54	0.154	fixation	n/a	272.0	189.3	4783.0	n/a	n/a	n/a	n/a
174.696	0.038	saccade	n/a	267.4	189.7	n/a	112.6	189.7	5.42	258.0
174.736	0.226	fixation	n/a	122.6	193.3	4804.0	n/a	n/a	n/a	n/a
174.964	0.024	saccade	n/a	127.6	193.3	n/a	183.6	193.1	1.96	117.0
174.99	0.484	fixation	n/a	185.5	194.3	4905.0	n/a	n/a	n/a	n/a
175.24	0.0	trigger_11	11	n/a	n/a	n/a	n/a	n/a	n/a	n/a
175.302	0.0	trigger_10	10	n/a	n/a	n/a	n/a	n/a	n/a	n/a
175.476	0.026	saccade	n/a	180.9	191.1	n/a	114.5	194.4	2.32	142.0
175.504	0.098	fixation	n/a	116.9	193.5	5073.0	n/a	n/a	n/a	n/a
175.604	0.14	saccade	n/a	120.1	196.1	n/a	174.4	170.6	2.1	1422.0
175.642	0.036	blink	n/a	n/a	n/a	n/a	n/a	n/a	n/a	n/a
175.746	0.194	fixation	n/a	175.6	187.3	5129.0	n/a	n/a	n/a	n/a
175.942	0.016	saccade	n/a	174.0	192.1	n/a	151.4	199.8	0.84	64.0
175.96	0.116	fixation	n/a	147.8	195.9	5080.0	n/a	n/a	n/a	n/a
176.078	0.038	saccade	n/a	150.4	196.8	n/a	285.5	192.9	4.76	230.0
176.118	0.224	fixation	n/a	286.3	191.1	5018.0	n/a	n/a	n/a	n/a
176.344	0.032	saccade	n/a	288.4	189.6	n/a	397.2	189.8	3.86	192.0
176.378	0.144	fixation	n/a	402.3	190.3	4949.0	n/a	n/a	n/a	n/a
176.524	0.022	saccade	n/a	404.2	191.8	n/a	455.1	190.7	1.8	112.0
176.548	0.166	fixation	n/a	458.0	191.8	4883.0	n/a	n/a	n/a	n/a
176.716	0.026	saccade	n/a	460.6	192.6	n/a	532.2	188.8	2.52	136.0
176.744	0.18	fixation	n/a	540.0	189.5	4740.0	n/a	n/a	n/a	n/a
176.926	0.02	saccade	n/a	543.6	187.0	n/a	583.9	185.4	1.4	93.0
176.948	0.06	fixation	n/a	586.7	189.0	4681.0	n/a	n/a	n/a	n/a
177.01	0.072	saccade	n/a	586.6	191.5	n/a	131.9	246.9	15.97	362.0
177.084	0.206	fixation	n/a	139.9	249.7	4760.0	n/a	n/a	n/a	n/a
177.292	0.026	saccade	n/a	145.9	251.4	n/a	218.1	247.9	2.55	148.0
177.32	0.184	fixation	n/a	215.3	248.5	4829.0	n/a	n/a	n/a	n/a
177.506	0.03	saccade	n/a	217.8	252.3	n/a	310.3	245.9	3.29	186.0
177.538	0.23	fixation	n/a	313.6	247.2	4767.0	n/a	n/a	n/a	n/a
177.77	0.03	saccade	n/a	315.1	247.1	n/a	407.0	245.7	3.26	165.0
177.802	0.162	fixation	n/a	411.8	245.4	4662.0	n/a	n/a	n/a	n/a
177.966	0.024	saccade	n/a	414.9	244.6	n/a	476.0	242.5	2.16	128.0
177.992	0.168	fixation	n/a	479.9	241.0	4631.0	n/a	n/a	n/a	n/a
178.162	0.018	saccade	n/a	484.0	241.0	n/a	513.0	243.3	1.02	72.0
178.182	0.148	fixation	n/a	516.3	244.9	4592.0	n/a	n/a	n/a	n/a
178.332	0.064	saccade	n/a	516.5	247.1	n/a	149.1	312.2	13.1	331.0
178.398	0.124	fixation	n/a	149.0	311.0	4586.0	n/a	n/a	n/a	n/a
178.524	0.02	saccade	n/a	148.9	311.6	n/a	113.9	309.7	1.23	90.0
178.546	0.152	fixation	n/a	116.7	312.1	4531.0	n/a	n/a	n/a	n/a
178.7	0.026	saccade	n/a	121.7	313.8	n/a	193.9	307.5	2.55	138.0
178.728	0.182	fixation	n/a	202.8	306.0	4491.0	n/a	n/a	n/a	n/a
178.912	0.172	saccade	n/a	198.0	296.8	n/a	208.3	197.9	3.56	906.0
178.98	0.028	blink	n/a	n/a	n/a	n/a	n/a	n/a	n/a	n/a
179.086	0.156	fixation	n/a	210.5	209.5	4431.0	n/a	n/a	n/a	n/a
179.244	0.022	saccade	n/a	207.8	212.0	n/a	178.4	186.3	1.38	94.0
179.268	0.368	fixation	n/a	180.3	187.7	4470.0	n/a	n/a	n/a	n/a
179.336	0.0	trigger_11	11	n/a	n/a	n/a	n/a	n/a	n/a	n/a
179.392	0.0	trigger_12	12	n/a	n/a	n/a	n/a	n/a	n/a	n/a
179.638	0.018	saccade	n/a	175.9	189.4	n/a	150.2	190.2	0.9	63.0
179.658	0.164	fixation	n/a	145.5	193.1	4613.0	n/a	n/a	n/a	n/a
179.824	0.028	saccade	n/a	146.3	190.4	n/a	231.4	187.0	2.98	167.0
179.854	0.138	fixation	n/a	235.2	189.1	4681.0	n/a	n/a	n/a	n/a
179.994	0.034	saccade	n/a	233.0	189.7	n/a	125.8	196.6	3.78	205.0
180.03	0.196	fixation	n/a	127.4	195.7	4786.0	n/a	n/a	n/a	n/a
180.228	0.028	saccade	n/a	125.6	188.3	n/a	212.2	183.8	3.03	163.0
180.258	0.156	fixation	n/a	214.2	183.4	5012.0	n/a	n/a	n/a	n/a
180.416	0.036	saccade	n/a	214.8	185.0	n/a	327.8	182.7	3.99	196.0
180.454	0.158	fixation	n/a	329.7	187.0	5033.0	n/a	n/a	n/a	n/a
180.614	0.026	saccade	n/a	332.1	188.8	n/a	401.3	189.4	2.45	141.0
180.642	0.174	fixation	n/a	403.6	188.2	4929.0	n/a	n/a	n/a	n/a
180.818	0.02	saccade	n/a	401.4	190.2	n/a	371.8	189.6	1.05	72.0
180.84	0.072	fixation	n/a	370.4	186.8	4940.0	n/a	n/a	n/a	n/a
180.914	0.032	saccade	n/a	371.5	185.8	n/a	471.0	183.0	3.51	190.0
180.948	0.208	fixation	n/a	475.0	185.3	4858.0	n/a	n/a	n/a	n/a
181.158	0.028	saccade	n/a	474.7	186.7	n/a	398.7	186.4	2.69	169.0
181.188	0.14	fixation	n/a	404.5	187.7	4806.0	n/a	n/a	n/a	n/a
181.33	0.024	saccade	n/a	406.1	186.2	n/a	348.8	181.0	2.03	135.0
181.356	0.2	fixation	n/a	355.6	187.4	4824.0	n/a	n/a	n/a	n/a
181.558	0.034	saccade	n/a	357.0	187.6	n/a	484.7	187.0	4.5	210.0
181.594	0.078	fixation	n/a	494.8	186.0	4824.0	n/a	n/a	n/a	n/a
181.674	0.028	saccade	n/a	500.1	186.5	n/a	579.7	189.7	2.78	162.0
181.704	0.222	fixation	n/a	582.8	193.8	4815.0	n/a	n/a	n/a	n/a
181.928	0.02	saccade	n/a	579.9	195.6	n/a	543.8	193.1	1.26	89.0
181.95	0.138	fixation	n/a	544.5	195.5	4840.0	n/a	n/a	n/a	n/a
182.09	0.068	saccade	n/a	544.0	196.8	n/a	129.5	258.5	14.66	355.0
182.16	0.374	fixation	n/a	136.2	258.6	4852.0	n/a	n/a	n/a	n/a
182.536	0.028	saccade	n/a	142.7	256.6	n/a	227.1	207.6	3.46	169.0
182.566	0.382	fixation	n/a	231.6	197.0	4794.0	n/a	n/a	n/a	n/a
182.736	0.0	trigger_13	13	n/a	n/a	n/a	n/a	n/a	n/a	n/a
182.79	0.0	trigger_10	10	n/a	n/a	n/a	n/a	n/a	n/a	n/a
182.95	0.028	saccade	n/a	227.5	190.2	n/a	138.8	187.2	3.11	175.0
182.98	0.216	fixation	n/a	139.9	191.9	4868.0	n/a	n/a	n/a	n/a
183.198	0.03	saccade	n/a	143.3	194.2	n/a	243.9	189.2	3.55	184.0
183.23	0.162	fixation	n/a	244.0	186.4	4836.0	n/a	n/a	n/a	n/a
183.394	0.026	saccade	n/a	246.5	188.5	n/a	319.5	184.2	2.59	145.0
183.422	0.154	fixation	n/a	324.6	183.4	4797.0	n/a	n/a	n/a	n/a
183.578	0.024	saccade	n/a	328.8	185.0	n/a	397.2	183.8	2.43	138.0
183.604	0.208	fixation	n/a	402.5	183.5	4750.0	n/a	n/a	n/a	n/a
183.814	0.03	saccade	n/a	402.0	180.6	n/a	499.7	179.7	3.43	175.0
183.846	0.16	fixation	n/a	505.4	181.8	4738.0	n/a	n/a	n/a	n/a
184.008	0.024	saccade	n/a	507.2	185.6	n/a	555.9	185.2	1.7	100.0
184.034	0.108	fixation	n/a	556.3	186.0	4737.0	n/a	n/a	n/a	n/a
184.144	0.038	saccade	n/a	554.7	185.6	n/a	404.4	185.8	5.28	258.0
184.184	0.218	fixation	n/a	412.4	188.4	4790.0	n/a	n/a	n/a	n/a
184.404	0.026	saccade	n/a	415.7	189.6	n/a	481.7	193.1	2.34	136.0
184.432	0.128	fixation	n/a	482.9	191.6	4776.0	n/a	n/a	n/a	n/a
184.562	0.116	saccade	n/a	479.2	190.3	n/a	512.8	162.3	1.54	1219.0
184.68	0.164	fixation	n/a	511.3	187.7	4748.0	n/a	n/a	n/a	n/a
184.846	0.022	saccade	n/a	514.6	190.3	n/a	560.2	193.4	1.6	98.0
184.87	0.13	fixation	n/a	561.4	196.6	4758.0	n/a	n/a	n/a	n/a
185.002	0.068	saccade	n/a	561.6	197.7	n/a	130.8	268.6	15.25	349.0
185.072	0.15	fixation	n/a	138.4	267.8	4764.0	n/a	n/a	n/a	n/a
185.224	0.018	saccade	n/a	144.2	268.0	n/a	117.2	264.6	0.95	71.0
185.244	0.15	fixation	n/a	121.4	262.5	4737.0	n/a	n/a	n/a	n/a
185.396	0.024	saccade	n/a	125.1	262.0	n/a	183.8	254.0	2.08	124.0
185.422	0.164	fixation	n/a	184.6	251.2	4713.0	n/a	n/a	n/a	n/a
185.588	0.146	saccade	n/a	180.1	252.8	n/a	177.7	223.3	1.06	1213.0
185.632	0.032	blink	n/a	n/a	n/a	n/a	n/a	n/a	n/a	n/a
185.736	0.256	fixation	n/a	184.8	246.4	4691.0	n/a	n/a	n/a	n/a
185.994	0.024	saccade	n/a	175.8	240.9	n/a	146.2	199.0	1.82	124.0
186.02	0.552	fixation	n/a	153.3	203.0	4661.0	n/a	n/a	n/a	n/a
186.344	0.0	trigger_11	11	n/a	n/a	n/a	n/a	n/a	n/a	n/a
186.4	0.0	trigger_10	10	n/a	n/a	n/a	n/a	n/a	n/a	n/a
186.574	0.016	saccade	n/a	151.0	205.0	n/a	131.6	195.7	0.76	60.0
186.592	0.13	fixation	n/a	130.2	197.7	4748.0	n/a	n/a	n/a	n/a
186.724	0.026	saccade	n/a	134.0	198.7	n/a	202.3	191.1	2.41	125.0
186.752	0.142	fixation	n/a	206.3	189.9	4819.0	n/a	n/a	n/a	n/a
186.896	0.022	saccade	n/a	209.8	193.1	n/a	258.7	192.4	1.73	105.0
186.92	0.158	fixation	n/a	259.4	189.1	4864.0	n/a	n/a	n/a	n/a
187.08	0.026	saccade	n/a	260.8	186.1	n/a	331.2	181.6	2.49	142.0
187.108	0.14	fixation	n/a	334.0	182.7	4892.0	n/a	n/a	n/a	n/a
187.25	0.034	saccade	n/a	334.6	187.1	n/a	231.6	190.2	3.66	209.0
187.286	0.232	fixation	n/a	234.1	193.1	4880.0	n/a	n/a	n/a	n/a
187.52	0.03	saccade	n/a	232.4	193.2	n/a	317.5	190.5	3.01	168.0
187.552	0.158	fixation	n/a	316.7	189.7	4892.0	n/a	n/a	n/a	n/a
187.712	0.024	saccade	n/a	321.9	193.9	n/a	381.9	193.2	2.14	123.0
187.738	0.2	fixation	n/a	388.5	194.1	4898.0	n/a	n/a	n/a	n/a
187.94	0.026	saccade	n/a	392.2	194.3	n/a	466.6	195.9	2.64	144.0
187.968	0.214	fixation	n/a	468.1	195.2	4924.0	n/a	n/a	n/a	n/a
188.184	0.022	saccade	n/a	467.8	194.0	n/a	512.6	191.5	1.58	99.0
188.208	0.124	fixation	n/a	514.6	192.5	4894.0	n/a	n/a	n/a	n/a
188.334	0.06	saccade	n/a	514.6	192.3	n/a	154.6	253.9	12.84	344.0
188.396	0.166	fixation	n/a	156.4	253.1	4902.0	n/a	n/a	n/a	n/a
188.564	0.018	saccade	n/a	158.0	253.9	n/a	128.8	256.7	1.03	77.0
188.584	0.12	fixation	n/a	131.0	258.9	4884.0	n/a	n/a	n/a	n/a
188.706	0.146	saccade	n/a	129.9	259.6	n/a	165.8	220.4	1.89	3270.0
188.748	0.014	blink	n/a	n/a	n/a	n/a	n/a	n/a	n/a	n/a
188.854	0.154	fixation	n/a	171.9	232.4	4847.0	n/a	n/a	n/a	n/a
189.01	0.022	saccade	n/a	175.4	233.5	n/a	179.2	189.9	1.57	94.0
189.034	0.252	fixation	n/a	177.6	189.1	4837.0	n/a	n/a	n/a	n/a
189.058	0.0	trigger_11	11	n/a	n/a	n/a	n/a	n/a	n/a	n/a
189.116	0.0	trigger_10	10	n/a	n/a	n/a	n/a	n/a	n/a	n/a
189.288	0.02	saccade	n/a	178.7	192.4	n/a	137.0	199.5	1.49	103.0
189.31	0.214	fixation	n/a	139.7	199.8	4848.0	n/a	n/a	n/a	n/a
189.526	0.03	saccade	n/a	142.0	199.3	n/a	228.4	188.9	3.07	165.0
189.558	0.264	fixation	n/a	219.8	189.9	4879.0	n/a	n/a	n/a	n/a
189.824	0.026	saccade	n/a	211.3	191.6	n/a	275.4	184.4	2.28	128.0
189.852	0.164	fixation	n/a	278.6	184.5	4785.0	n/a	n/a	n/a	n/a
190.018	0.024	saccade	n/a	280.7	186.8	n/a	341.7	186.4	2.17	124.0
190.044	0.138	fixation	n/a	347.5	186.7	4704.0	n/a	n/a	n/a	n/a
190.184	0.022	saccade	n/a	348.3	182.1	n/a	397.5	183.5	1.75	110.0
190.208	0.252	fixation	n/a	402.8	187.2	4695.0	n/a	n/a	n/a	n/a
190.462	0.034	saccade	n/a	399.8	188.7	n/a	270.5	188.1	4.59	207.0
190.498	0.188	fixation	n/a	272.0	188.5	4710.0	n/a	n/a	n/a	n/a
190.688	0.014	saccade	n/a	270.8	189.5	n/a	252.3	192.0	0.66	56.0
190.704	0.206	fixation	n/a	250.4	191.3	4734.0	n/a	n/a	n/a	n/a
190.912	0.032	saccade	n/a	250.0	192.7	n/a	144.6	191.7	3.72	192.0
190.946	0.17	fixation	n/a	146.5	196.6	4825.0	n/a	n/a	n/a	n/a
191.118	0.134	saccade	n/a	145.7	198.4	n/a	324.1	165.4	6.41	1411.0
191.158	0.03	blink	n/a	n/a	n/a	n/a	n/a	n/a	n/a	n/a
191.254	0.206	fixation	n/a	322.1	189.7	4876.0	n/a	n/a	n/a	n/a
191.462	0.026	saccade	n/a	321.2	187.5	n/a	396.3	186.3	2.67	154.0
191.49	0.264	fixation	n/a	403.7	185.0	4775.0	n/a	n/a	n/a	n/a
191.756	0.042	saccade	n/a	403.6	185.4	n/a	240.6	182.5	5.77	239.0
191.8	0.594	fixation	n/a	246.9	183.5	4850.0	n/a	n/a	n/a	n/a
192.17	0.0	trigger_11	11	n/a	n/a	n/a	n/a	n/a	n/a	n/a
192.234	0.0	trigger_10	10	n/a	n/a	n/a	n/a	n/a	n/a	n/a
192.396	0.034	saccade	n/a	242.9	184.0	n/a	135.7	186.9	3.77	197.0
192.432	0.226	fixation	n/a	139.1	188.8	5054.0	n/a	n/a	n/a	n/a
192.66	0.016	saccade	n/a	141.8	186.0	n/a	163.8	181.3	0.79	61.0
192.678	0.126	fixation	n/a	161.3	183.1	5131.0	n/a	n/a	n/a	n/a
192.806	0.02	saccade	n/a	156.4	185.0	n/a	118.6	188.8	1.33	95.0
192.828	0.21	fixation	n/a	121.9	187.8	5076.0	n/a	n/a	n/a	n/a
193.04	0.022	saccade	n/a	125.4	186.4	n/a	172.5	184.3	1.65	102.0
193.064	0.208	fixation	n/a	175.5	185.7	5048.0	n/a	n/a	n/a	n/a
193.274	0.026	saccade	n/a	175.7	186.1	n/a	247.4	181.1	2.53	140.0
193.302	0.23	fixation	n/a	251.2	185.1	4968.0	n/a	n/a	n/a	n/a
193.534	0.046	saccade	n/a	249.5	182.7	n/a	465.8	176.4	7.63	262.0
193.582	0.23	fixation	n/a	469.1	177.6	4864.0	n/a	n/a	n/a	n/a
193.814	0.026	saccade	n/a	471.2	180.8	n/a	554.5	179.8	2.93	152.0
193.842	0.172	fixation	n/a	560.9	179.9	4791.0	n/a	n/a	n/a	n/a
194.016	0.02	saccade	n/a	564.3	182.2	n/a	596.1	186.5	1.11	74.0
194.038	0.132	fixation	n/a	597.8	187.8	4733.0	n/a	n/a	n/a	n/a
194.172	0.074	saccade	n/a	597.0	186.6	n/a	134.1	262.7	16.36	367.0
194.248	0.182	fixation	n/a	144.6	260.9	4770.0	n/a	n/a	n/a	n/a
194.432	0.024	saccade	n/a	147.3	259.8	n/a	207.2	251.4	2.13	131.0
194.458	0.188	fixation	n/a	208.5	249.1	4725.0	n/a	n/a	n/a	n/a
194.648	0.124	saccade	n/a	206.6	252.7	n/a	269.5	236.2	2.3	1229.0
194.692	0.014	blink	n/a	n/a	n/a	n/a	n/a	n/a	n/a	n/a
194.774	0.152	fixation	n/a	269.8	244.8	4676.0	n/a	n/a	n/a	n/a
194.928	0.02	saccade	n/a	275.4	247.9	n/a	311.9	246.7	1.3	82.0
194.95	0.164	fixation	n/a	314.7	244.9	4674.0	n/a	n/a	n/a	n/a
195.116	0.028	saccade	n/a	317.4	244.6	n/a	396.9	245.0	2.82	146.0
195.146	0.482	fixation	n/a	400.8	244.6	4605.0	n/a	n/a	n/a	n/a
195.63	0.024	saccade	n/a	403.3	242.9	n/a	462.3	242.8	2.09	126.0
195.656	0.184	fixation	n/a	466.6	244.8	4563.0	n/a	n/a	n/a	n/a
195.842	0.152	saccade	n/a	467.0	246.4	n/a	422.4	199.6	2.31	1315.0
195.878	0.048	blink	n/a	n/a	n/a	n/a	n/a	n/a	n/a	n/a
195.996	0.406	fixation	n/a	418.5	234.3	4617.0	n/a	n/a	n/a	n/a
196.404	0.026	saccade	n/a	414.5	243.3	n/a	359.0	202.8	2.46	153.0
196.432	0.126	fixation	n/a	356.5	202.1	4668.0	n/a	n/a	n/a	n/a
196.56	0.044	saccade	n/a	353.8	200.3	n/a	159.0	190.7	6.88	279.0
196.606	0.278	fixation	n/a	161.0	197.9	4735.0	n/a	n/a	n/a	n/a
196.666	0.0	trigger_11	11	n/a	n/a	n/a	n/a	n/a	n/a	n/a
196.726	0.0	trigger_12	12	n/a	n/a	n/a	n/a	n/a	n/a	n/a
196.886	0.018	saccade	n/a	154.2	197.5	n/a	122.1	197.2	1.12	82.0
196.906	0.212	fixation	n/a	124.1	196.0	4815.0	n/a	n/a	n/a	n/a
197.12	0.024	saccade	n/a	126.0	197.8	n/a	185.0	193.1	2.07	125.0
197.146	0.354	fixation	n/a	187.8	197.0	4861.0	n/a	n/a	n/a	n/a
197.502	0.058	saccade	n/a	186.2	195.6	n/a	513.2	193.5	11.49	324.0
197.562	0.156	fixation	n/a	516.4	194.7	4919.0	n/a	n/a	n/a	n/a
197.72	0.026	saccade	n/a	518.1	195.2	n/a	582.1	195.6	2.24	128.0
197.748	0.134	fixation	n/a	585.0	195.7	4888.0	n/a	n/a	n/a	n/a
197.884	0.068	saccade	n/a	584.0	191.8	n/a	150.3	249.5	15.28	380.0
197.954	0.128	fixation	n/a	154.9	252.7	4885.0	n/a	n/a	n/a	n/a
198.084	0.02	saccade	n/a	153.2	255.4	n/a	117.8	254.9	1.24	93.0
198.106	0.156	fixation	n/a	123.4	255.0	4830.0	n/a	n/a	n/a	n/a
198.264	0.028	saccade	n/a	125.2	255.7	n/a	212.7	248.7	3.09	165.0
198.294	0.278	fixation	n/a	215.5	249.7	4831.0	n/a	n/a	n/a	n/a
198.574	0.022	saccade	n/a	221.1	249.0	n/a	267.2	245.7	1.64	106.0
198.598	0.166	fixation	n/a	271.2	243.9	4765.0	n/a	n/a	n/a	n/a
198.766	0.022	saccade	n/a	273.1	241.5	n/a	320.5	240.2	1.68	107.0
198.79	0.368	fixation	n/a	324.8	241.4	4737.0	n/a	n/a	n/a	n/a
199.16	0.028	saccade	n/a	327.7	239.9	n/a	408.0	243.5	2.86	168.0
199.19	0.228	fixation	n/a	404.1	245.9	4776.0	n/a	n/a	n/a	n/a
199.42	0.032	saccade	n/a	398.6	249.5	n/a	490.4	248.7	3.26	171.0
199.454	0.198	fixation	n/a	492.2	249.0	4765.0	n/a	n/a	n/a	n/a
199.654	0.026	saccade	n/a	493.0	248.3	n/a	555.4	247.5	2.19	121.0
199.682	0.204	fixation	n/a	558.6	247.1	4723.0	n/a	n/a	n/a	n/a
199.888	0.018	saccade	n/a	561.5	245.4	n/a	585.7	247.4	0.84	60.0
199.908	0.062	fixation	n/a	585.7	248.5	4676.0	n/a	n/a	n/a	n/a
199.972	0.068	saccade	n/a	585.8	248.7	n/a	161.6	298.6	14.94	362.0
200.042	0.13	fixation	n/a	166.2	300.9	4692.0	n/a	n/a	n/a	n/a
200.174	0.02	saccade	n/a	167.2	302.4	n/a	129.4	301.8	1.33	95.0
200.196	0.182	fixation	n/a	127.7	302.0	4665.0	n/a	n/a	n/a	n/a
200.38	0.14	saccade	n/a	124.7	302.3	n/a	210.3	292.7	3.04	978.0
200.414	0.028	blink	n/a	n/a	n/a	n/a	n/a	n/a	n/a	n/a
200.522	0.478	fixation	n/a	219.2	310.6	4520.0	n/a	n/a	n/a	n/a
201.002	0.164	saccade	n/a	223.8	304.9	n/a	168.7	299.6	1.96	1304.0
201.042	0.05	blink	n/a	n/a	n/a	n/a	n/a	n/a	n/a	n/a
201.168	0.198	fixation	n/a	174.1	304.2	4429.0	n/a	n/a	n/a	n/a
201.368	0.024	saccade	n/a	175.0	302.8	n/a	188.1	242.5	2.21	134.0
201.394	0.298	fixation	n/a	191.9	232.9	4404.0	n/a	n/a	n/a	n/a
201.694	0.026	saccade	n/a	192.5	227.3	n/a	257.0	233.4	2.3	130.0
201.722	0.156	fixation	n/a	262.7	236.4	4524.0	n/a	n/a	n/a	n/a
201.88	0.022	saccade	n/a	267.2	237.7	n/a	322.3	236.2	1.96	126.0
201.882	0.0	trigger_13	13	n/a	n/a	n/a	n/a	n/a	n/a	n/a
201.904	0.19	fixation	n/a	324.9	236.7	4640.0	n/a	n/a	n/a	n/a
201.938	0.0	trigger_10	10	n/a	n/a	n/a	n/a	n/a	n/a	n/a
202.096	0.042	saccade	n/a	325.2	236.8	n/a	155.3	190.8	6.23	265.0
202.14	0.128	fixation	n/a	159.9	191.5	4701.0	n/a	n/a	n/a	n/a
202.27	0.018	saccade	n/a	156.5	191.7	n/a	127.7	190.1	1.01	78.0
202.29	0.198	fixation	n/a	130.9	191.0	4741.0	n/a	n/a	n/a	n/a
202.49	0.024	saccade	n/a	134.7	191.7	n/a	201.5	183.5	2.36	131.0
202.516	0.194	fixation	n/a	205.3	183.0	4740.0	n/a	n/a	n/a	n/a
202.712	0.052	saccade	n/a	208.6	186.6	n/a	491.9	178.0	10.0	304.0
202.766	0.174	fixation	n/a	496.7	176.2	4775.0	n/a	n/a	n/a	n/a
202.942	0.03	saccade	n/a	496.0	177.1	n/a	589.9	180.8	3.29	179.0
202.974	0.142	fixation	n/a	591.3	182.7	4718.0	n/a	n/a	n/a	n/a
203.118	0.07	saccade	n/a	591.0	181.1	n/a	144.3	241.6	15.71	386.0
203.19	0.266	fixation	n/a	158.8	243.3	4719.0	n/a	n/a	n/a	n/a
203.458	0.022	saccade	n/a	165.7	244.9	n/a	219.9	241.3	1.92	120.0
203.482	0.276	fixation	n/a	226.3	243.7	4741.0	n/a	n/a	n/a	n/a
203.76	0.03	saccade	n/a	226.9	244.9	n/a	312.5	243.0	3.05	183.0
203.792	0.242	fixation	n/a	315.6	245.0	4741.0	n/a	n/a	n/a	n/a
204.036	0.15	saccade	n/a	317.9	252.3	n/a	300.4	224.6	1.18	1434.0
204.072	0.046	blink	n/a	n/a	n/a	n/a	n/a	n/a	n/a	n/a
204.188	0.192	fixation	n/a	299.9	244.9	4735.0	n/a	n/a	n/a	n/a
204.382	0.024	saccade	n/a	294.6	243.2	n/a	235.5	246.0	2.1	127.0
204.408	0.386	fixation	n/a	231.1	243.5	4733.0	n/a	n/a	n/a	n/a
204.796	0.022	saccade	n/a	232.2	238.6	n/a	242.9	198.7	1.48	93.0
204.82	0.59	fixation	n/a	251.3	198.4	4832.0	n/a	n/a	n/a	n/a
205.21	0.0	trigger_11	11	n/a	n/a	n/a	n/a	n/a	n/a	n/a
205.266	0.0	trigger_10	10	n/a	n/a	n/a	n/a	n/a	n/a	n/a
205.412	0.032	saccade	n/a	249.5	196.4	n/a	146.5	184.7	3.65	183.0
205.446	0.2	fixation	n/a	149.6	188.2	4983.0	n/a	n/a	n/a	n/a
205.648	0.024	saccade	n/a	154.5	189.7	n/a	203.6	187.5	1.73	100.0
205.674	0.22	fixation	n/a	203.7	190.3	4984.0	n/a	n/a	n/a	n/a
205.896	0.026	saccade	n/a	203.0	191.4	n/a	265.0	192.1	2.2	115.0
205.924	0.142	fixation	n/a	266.1	189.5	4944.0	n/a	n/a	n/a	n/a
206.068	0.03	saccade	n/a	267.0	186.3	n/a	355.0	180.7	3.13	166.0
206.1	0.26	fixation	n/a	356.0	182.2	4973.0	n/a	n/a	n/a	n/a
206.362	0.022	saccade	n/a	353.8	182.7	n/a	310.3	184.4	1.54	99.0
206.386	0.12	fixation	n/a	314.2	187.2	4952.0	n/a	n/a	n/a	n/a
206.508	0.108	saccade	n/a	316.7	190.2	n/a	429.2	163.2	4.11	1505.0
206.618	0.122	fixation	n/a	426.0	184.3	4793.0	n/a	n/a	n/a	n/a
206.742	0.014	saccade	n/a	423.3	192.4	n/a	401.1	192.0	0.79	64.0
206.758	0.188	fixation	n/a	402.6	196.0	4786.0	n/a	n/a	n/a	n/a
206.948	0.03	saccade	n/a	407.0	198.4	n/a	503.7	191.2	3.43	185.0
206.98	0.212	fixation	n/a	508.1	187.3	4666.0	n/a	n/a	n/a	n/a
207.194	0.026	saccade	n/a	511.1	187.4	n/a	579.1	183.9	2.39	132.0
207.222	0.1	fixation	n/a	578.8	183.4	4642.0	n/a	n/a	n/a	n/a
207.324	0.066	saccade	n/a	578.4	181.1	n/a	166.3	241.1	14.57	361.0
207.392	0.124	fixation	n/a	169.3	241.2	4710.0	n/a	n/a	n/a	n/a
207.518	0.022	saccade	n/a	169.7	241.6	n/a	125.2	243.7	1.57	107.0
207.542	0.166	fixation	n/a	127.4	245.6	4684.0	n/a	n/a	n/a	n/a
207.71	0.028	saccade	n/a	133.4	251.3	n/a	217.5	245.4	2.98	168.0
207.74	0.182	fixation	n/a	219.9	246.3	4670.0	n/a	n/a	n/a	n/a
207.924	0.028	saccade	n/a	219.3	245.1	n/a	288.2	246.7	2.45	142.0
207.954	0.192	fixation	n/a	286.2	245.7	4714.0	n/a	n/a	n/a	n/a
208.148	0.032	saccade	n/a	283.7	244.5	n/a	185.4	250.1	3.49	190.0
208.182	0.18	fixation	n/a	191.5	251.4	4755.0	n/a	n/a	n/a	n/a
208.364	0.14	saccade	n/a	192.8	251.8	n/a	242.5	228.5	1.95	1315.0
208.406	0.028	blink	n/a	n/a	n/a	n/a	n/a	n/a	n/a	n/a
208.506	0.222	fixation	n/a	241.6	241.0	4840.0	n/a	n/a	n/a	n/a
208.73	0.022	saccade	n/a	240.8	242.5	n/a	226.5	198.8	1.65	109.0
208.754	0.21	fixation	n/a	230.7	196.9	4786.0	n/a	n/a	n/a	n/a
208.966	0.036	saccade	n/a	232.8	198.5	n/a	366.2	184.6	4.77	218.0
209.004	0.176	fixation	n/a	367.9	181.7	4766.0	n/a	n/a	n/a	n/a
209.182	0.026	saccade	n/a	367.7	181.1	n/a	441.9	179.5	2.63	147.0
209.21	0.514	fixation	n/a	446.2	183.6	4826.0	n/a	n/a	n/a	n/a
209.514	0.0	trigger_11	11	n/a	n/a	n/a	n/a	n/a	n/a	n/a
209.578	0.0	trigger_10	10	n/a	n/a	n/a	n/a	n/a	n/a	n/a
209.726	0.052	saccade	n/a	444.4	188.0	n/a	179.6	191.7	9.36	312.0
209.78	0.132	fixation	n/a	182.5	192.6	4906.0	n/a	n/a	n/a	n/a
209.914	0.022	saccade	n/a	181.5	192.8	n/a	134.4	195.8	1.66	118.0
209.938	0.094	fixation	n/a	137.4	196.4	4898.0	n/a	n/a	n/a	n/a
210.034	0.162	saccade	n/a	139.0	198.6	n/a	180.3	165.3	1.88	1473.0
210.072	0.056	blink	n/a	n/a	n/a	n/a	n/a	n/a	n/a	n/a
210.198	0.146	fixation	n/a	183.0	183.9	4865.0	n/a	n/a	n/a	n/a
210.346	0.03	saccade	n/a	190.4	187.5	n/a	280.1	190.2	3.18	169.0
210.378	0.246	fixation	n/a	281.5	188.5	4736.0	n/a	n/a	n/a	n/a
210.626	0.052	saccade	n/a	281.4	185.2	n/a	554.4	175.7	9.6	302.0
210.68	0.222	fixation	n/a	558.4	177.1	4563.0	n/a	n/a	n/a	n/a
210.904	0.064	saccade	n/a	556.3	178.8	n/a	170.4	236.4	13.7	350.0
210.97	0.218	fixation	n/a	177.8	244.0	4681.0	n/a	n/a	n/a	n/a
211.19	0.028	saccade	n/a	182.8	247.8	n/a	264.0	249.6	2.89	164.0
211.22	0.216	fixation	n/a	262.2	249.9	4724.0	n/a	n/a	n/a	n/a
211.438	0.03	saccade	n/a	262.0	251.6	n/a	352.7	245.9	3.23	166.0
211.47	0.226	fixation	n/a	354.7	246.9	4741.0	n/a	n/a	n/a	n/a
211.698	0.02	saccade	n/a	359.0	246.3	n/a	393.2	244.7	1.22	80.0
211.72	0.156	fixation	n/a	394.1	241.5	4727.0	n/a	n/a	n/a	n/a
211.878	0.026	saccade	n/a	396.5	243.0	n/a	464.6	242.8	2.42	131.0
211.906	0.334	fixation	n/a	466.2	244.8	4680.0	n/a	n/a	n/a	n/a
212.242	0.022	saccade	n/a	468.0	246.1	n/a	511.9	245.7	1.55	97.0
212.266	0.204	fixation	n/a	512.7	249.0	4668.0	n/a	n/a	n/a	n/a
212.472	0.024	saccade	n/a	514.1	251.9	n/a	564.7	252.5	1.78	105.0
212.498	0.146	fixation	n/a	567.9	252.3	4649.0	n/a	n/a	n/a	n/a
212.646	0.02	saccade	n/a	571.6	253.1	n/a	607.6	253.7	1.25	84.0
212.668	0.148	fixation	n/a	608.9	255.2	4618.0	n/a	n/a	n/a	n/a
212.818	0.07	saccade	n/a	609.6	258.4	n/a	166.1	307.5	15.61	358.0
212.89	0.104	fixation	n/a	168.2	309.0	4671.0	n/a	n/a	n/a	n/a
212.996	0.022	saccade	n/a	168.5	309.8	n/a	127.4	314.7	1.46	106.0
213.02	0.124	fixation	n/a	129.7	312.3	4637.0	n/a	n/a	n/a	n/a
213.146	0.034	saccade	n/a	131.3	310.9	n/a	244.5	312.2	3.99	206.0
213.182	0.23	fixation	n/a	246.9	311.1	4697.0	n/a	n/a	n/a	n/a
213.414	0.034	saccade	n/a	251.4	314.2	n/a	378.5	309.6	4.53	216.0
213.45	0.164	fixation	n/a	384.9	310.5	4640.0	n/a	n/a	n/a	n/a
213.616	0.024	saccade	n/a	387.0	309.3	n/a	443.9	302.6	2.04	121.0
213.642	0.1	fixation	n/a	447.9	301.2	4637.0	n/a	n/a	n/a	n/a
213.744	0.122	saccade	n/a	447.3	303.3	n/a	286.0	227.6	6.36	1136.0
213.868	0.172	fixation	n/a	287.7	249.5	4650.0	n/a	n/a	n/a	n/a
214.042	0.026	saccade	n/a	282.8	247.8	n/a	235.4	251.6	1.69	121.0
214.07	0.182	fixation	n/a	238.8	252.3	4650.0	n/a	n/a	n/a	n/a
214.254	0.036	saccade	n/a	236.7	248.3	n/a	364.1	245.7	4.53	211.0
214.292	0.568	fixation	n/a	368.3	249.6	4685.0	n/a	n/a	n/a	n/a
214.652	0.0	trigger_11	11	n/a	n/a	n/a	n/a	n/a	n/a	n/a
214.71	0.0	trigger_10	10	n/a	n/a	n/a	n/a	n/a	n/a	n/a
214.862	0.042	saccade	n/a	367.0	251.9	n/a	178.7	210.0	6.85	264.0
214.906	0.108	fixation	n/a	180.8	215.3	4772.0	n/a	n/a	n/a	n/a
215.016	0.02	saccade	n/a	179.1	215.9	n/a	142.4	202.1	1.38	105.0
215.038	0.164	fixation	n/a	142.5	202.9	4810.0	n/a	n/a	n/a	n/a
215.204	0.032	saccade	n/a	144.9	203.1	n/a	244.9	196.3	3.54	176.0
215.238	0.172	fixation	n/a	247.1	195.9	4832.0	n/a	n/a	n/a	n/a
215.412	0.026	saccade	n/a	245.8	198.3	n/a	185.4	202.4	2.14	133.0
215.44	0.104	fixation	n/a	186.0	203.0	4804.0	n/a	n/a	n/a	n/a
215.546	0.03	saccade	n/a	184.4	204.4	n/a	114.1	208.9	2.47	169.0
215.578	0.214	fixation	n/a	119.6	208.8	4733.0	n/a	n/a	n/a	n/a
215.794	0.028	saccade	n/a	121.4	208.3	n/a	201.7	202.1	2.83	155.0
215.824	0.254	fixation	n/a	202.0	203.2	4758.0	n/a	n/a	n/a	n/a
216.08	0.024	saccade	n/a	199.0	205.6	n/a	261.1	196.6	2.22	130.0
216.106	0.178	fixation	n/a	262.5	195.7	4767.0	n/a	n/a	n/a	n/a
216.286	0.026	saccade	n/a	264.6	196.4	n/a	340.5	194.4	2.69	160.0
216.314	0.236	fixation	n/a	346.8	197.7	4759.0	n/a	n/a	n/a	n/a
216.552	0.144	saccade	n/a	348.5	199.4	n/a	295.9	171.7	2.12	1427.0
216.592	0.034	blink	n/a	n/a	n/a	n/a	n/a	n/a	n/a	n/a
216.698	0.294	fixation	n/a	298.7	197.6	4700.0	n/a	n/a	n/a	n/a
216.994	0.028	saccade	n/a	302.3	196.8	n/a	390.3	197.5	3.12	167.0
217.024	0.176	fixation	n/a	392.9	195.6	4691.0	n/a	n/a	n/a	n/a
217.202	0.024	saccade	n/a	394.6	194.8	n/a	448.4	194.7	1.9	106.0
217.228	0.128	fixation	n/a	452.9	195.1	4762.0	n/a	n/a	n/a	n/a
217.358	0.028	saccade	n/a	456.6	196.7	n/a	536.0	195.1	2.8	152.0
217.388	0.116	fixation	n/a	538.0	198.4	4742.0	n/a	n/a	n/a	n/a
217.506	0.018	saccade	n/a	535.3	200.7	n/a	507.5	200.6	0.98	69.0
217.526	0.13	fixation	n/a	507.6	202.7	4768.0	n/a	n/a	n/a	n/a
217.658	0.06	saccade	n/a	506.8	202.5	n/a	153.4	250.5	12.56	353.0
217.72	0.154	fixation	n/a	155.9	250.8	4840.0	n/a	n/a	n/a	n/a
217.876	0.018	saccade	n/a	154.7	251.0	n/a	128.1	258.2	0.97	74.0
217.896	0.088	fixation	n/a	131.0	257.4	4877.0	n/a	n/a	n/a	n/a
217.986	0.032	saccade	n/a	133.3	257.3	n/a	234.3	251.0	3.57	193.0
218.02	0.13	fixation	n/a	236.2	249.9	4989.0	n/a	n/a	n/a	n/a
218.152	0.016	saccade	n/a	231.1	251.6	n/a	209.0	251.0	0.78	62.0
218.17	0.108	fixation	n/a	209.3	250.2	5020.0	n/a	n/a	n/a	n/a
218.28	0.036	saccade	n/a	209.8	250.0	n/a	346.3	248.2	4.85	242.0
218.318	0.286	fixation	n/a	350.1	248.0	4986.0	n/a	n/a	n/a	n/a
218.606	0.03	saccade	n/a	351.8	245.8	n/a	434.5	241.4	2.93	150.0
218.638	0.146	fixation	n/a	434.8	243.5	5022.0	n/a	n/a	n/a	n/a
218.786	0.024	saccade	n/a	438.1	244.3	n/a	498.7	245.0	2.14	122.0
218.812	0.196	fixation	n/a	501.1	248.3	5021.0	n/a	n/a	n/a	n/a
219.01	0.028	saccade	n/a	504.1	248.9	n/a	574.4	251.7	2.46	151.0
219.04	0.1	fixation	n/a	574.3	254.0	4982.0	n/a	n/a	n/a	n/a
219.142	0.072	saccade	n/a	575.2	254.4	n/a	152.2	312.1	14.93	340.0
219.216	0.116	fixation	n/a	156.1	313.5	4969.0	n/a	n/a	n/a	n/a
219.334	0.022	saccade	n/a	155.8	315.1	n/a	110.6	315.2	1.59	108.0
219.358	0.114	fixation	n/a	111.8	315.9	4927.0	n/a	n/a	n/a	n/a
219.474	0.124	saccade	n/a	109.7	314.9	n/a	156.0	294.4	1.78	1179.0
219.512	0.032	blink	n/a	n/a	n/a	n/a	n/a	n/a	n/a	n/a
219.6	0.206	fixation	n/a	159.7	307.7	4887.0	n/a	n/a	n/a	n/a
219.808	0.032	saccade	n/a	161.6	312.3	n/a	243.5	219.1	4.42	198.0
219.842	0.138	fixation	n/a	250.0	210.4	4841.0	n/a	n/a	n/a	n/a
219.982	0.016	saccade	n/a	247.5	206.0	n/a	231.2	194.6	0.7	53.0
220.0	0.386	fixation	n/a	233.5	194.2	4892.0	n/a	n/a	n/a	n/a
220.388	0.024	saccade	n/a	231.9	193.0	n/a	175.7	188.9	1.98	123.0
220.414	0.12	fixation	n/a	175.2	187.7	4945.0	n/a	n/a	n/a	n/a
220.536	0.144	saccade	n/a	173.8	188.4	n/a	355.4	142.9	6.57	1433.0
220.578	0.026	blink	n/a	n/a	n/a	n/a	n/a	n/a	n/a	n/a
220.682	0.122	fixation	n/a	353.1	172.7	5016.0	n/a	n/a	n/a	n/a
220.806	0.016	saccade	n/a	348.2	181.5	n/a	327.6	183.7	0.73	55.0
220.824	0.11	fixation	n/a	325.4	186.6	5079.0	n/a	n/a	n/a	n/a
220.936	0.028	saccade	n/a	327.1	186.9	n/a	401.1	185.8	2.62	148.0
220.966	0.358	fixation	n/a	400.0	183.6	4988.0	n/a	n/a	n/a	n/a
221.284	0.0	trigger_11	11	n/a	n/a	n/a	n/a	n/a	n/a	n/a
221.326	0.038	saccade	n/a	401.6	183.6	n/a	248.1	182.8	5.42	250.0
221.348	0.0	trigger_12	12	n/a	n/a	n/a	n/a	n/a	n/a	n/a
221.366	0.196	fixation	n/a	252.3	181.7	5056.0	n/a	n/a	n/a	n/a
221.564	0.038	saccade	n/a	252.4	183.9	n/a	118.1	190.0	4.71	238.0
221.604	0.194	fixation	n/a	122.9	191.1	5100.0	n/a	n/a	n/a	n/a
221.8	0.026	saccade	n/a	124.2	192.2	n/a	198.4	186.9	2.61	150.0
221.828	0.284	fixation	n/a	198.8	189.5	4968.0	n/a	n/a	n/a	n/a
222.114	0.164	saccade	n/a	199.0	193.4	n/a	307.2	155.6	4.05	1486.0
222.152	0.056	blink	n/a	n/a	n/a	n/a	n/a	n/a	n/a	n/a
222.28	0.2	fixation	n/a	308.6	185.9	4779.0	n/a	n/a	n/a	n/a
222.482	0.036	saccade	n/a	309.2	189.8	n/a	176.7	198.4	4.68	229.0
222.52	0.208	fixation	n/a	181.6	198.7	4673.0	n/a	n/a	n/a	n/a
222.73	0.03	saccade	n/a	187.3	199.9	n/a	107.1	196.0	2.81	173.0
222.762	0.282	fixation	n/a	112.8	196.7	4684.0	n/a	n/a	n/a	n/a
223.046	0.04	saccade	n/a	110.0	200.1	n/a	285.0	186.7	6.15	248.0
223.088	0.216	fixation	n/a	295.9	189.1	4731.0	n/a	n/a	n/a	n/a
223.306	0.044	saccade	n/a	298.2	188.5	n/a	516.8	187.4	7.68	280.0
223.352	0.16	fixation	n/a	522.9	185.5	4695.0	n/a	n/a	n/a	n/a
223.514	0.028	saccade	n/a	522.7	186.5	n/a	598.4	188.4	2.63	144.0
223.544	0.346	fixation	n/a	600.1	190.4	4625.0	n/a	n/a	n/a	n/a
223.892	0.026	saccade	n/a	599.7	191.0	n/a	538.0	192.4	2.14	137.0
223.92	0.102	fixation	n/a	542.2	194.7	4583.0	n/a	n/a	n/a	n/a
224.024	0.068	saccade	n/a	542.2	194.2	n/a	140.6	250.6	14.19	342.0
224.094	0.126	fixation	n/a	147.6	249.6	4674.0	n/a	n/a	n/a	n/a
224.222	0.014	saccade	n/a	140.9	246.0	n/a	122.4	249.6	0.66	57.0
224.238	0.196	fixation	n/a	124.8	251.4	4703.0	n/a	n/a	n/a	n/a
224.436	0.028	saccade	n/a	127.8	253.4	n/a	204.0	251.0	2.68	155.0
224.466	0.246	fixation	n/a	204.0	251.8	4723.0	n/a	n/a	n/a	n/a
224.714	0.03	saccade	n/a	198.7	250.5	n/a	115.0	252.8	2.92	165.0
224.746	0.186	fixation	n/a	121.8	253.4	4707.0	n/a	n/a	n/a	n/a
224.934	0.038	saccade	n/a	120.9	251.8	n/a	293.7	247.1	6.07	278.0
224.974	0.29	fixation	n/a	302.2	246.6	4661.0	n/a	n/a	n/a	n/a
225.266	0.022	saccade	n/a	300.0	244.4	n/a	253.5	246.3	1.64	104.0
225.29	0.154	fixation	n/a	260.0	250.9	4576.0	n/a	n/a	n/a	n/a
225.446	0.03	saccade	n/a	263.5	249.4	n/a	359.7	243.1	3.42	174.0
225.478	0.19	fixation	n/a	364.6	242.0	4478.0	n/a	n/a	n/a	n/a
225.67	0.024	saccade	n/a	368.4	241.2	n/a	423.8	240.1	1.96	115.0
225.696	0.156	fixation	n/a	426.9	241.6	4433.0	n/a	n/a	n/a	n/a
225.854	0.032	saccade	n/a	426.3	244.8	n/a	329.8	240.7	3.43	183.0
225.888	0.308	fixation	n/a	338.3	244.8	4390.0	n/a	n/a	n/a	n/a
226.198	0.026	saccade	n/a	343.5	246.0	n/a	414.0	243.8	2.5	138.0
226.226	0.17	fixation	n/a	419.8	245.5	4349.0	n/a	n/a	n/a	n/a
226.398	0.028	saccade	n/a	421.8	243.7	n/a	502.5	243.2	2.84	152.0
226.428	0.124	fixation	n/a	508.2	244.6	4332.0	n/a	n/a	n/a	n/a
226.554	0.134	saccade	n/a	508.5	245.5	n/a	115.3	300.2	13.91	714.0
226.69	0.174	fixation	n/a	121.4	310.3	4355.0	n/a	n/a	n/a	n/a
226.866	0.032	saccade	n/a	127.2	316.7	n/a	234.3	307.8	3.78	185.0
226.9	0.494	fixation	n/a	232.4	306.7	4487.0	n/a	n/a	n/a	n/a
227.396	0.032	saccade	n/a	230.1	304.2	n/a	344.8	303.5	4.06	190.0
227.43	0.182	fixation	n/a	349.5	306.0	4598.0	n/a	n/a	n/a	n/a
227.614	0.02	saccade	n/a	351.3	305.4	n/a	386.0	303.9	1.23	84.0
227.636	0.18	fixation	n/a	387.3	303.4	4636.0	n/a	n/a	n/a	n/a
227.818	0.03	saccade	n/a	389.6	301.8	n/a	481.5	301.9	3.25	176.0
227.85	0.252	fixation	n/a	484.3	301.5	4583.0	n/a	n/a	n/a	n/a
228.104	0.028	saccade	n/a	490.4	301.7	n/a	577.5	307.8	3.06	151.0
228.134	0.202	fixation	n/a	582.9	305.6	4437.0	n/a	n/a	n/a	n/a
228.338	0.072	saccade	n/a	582.6	301.3	n/a	155.1	360.6	15.07	352.0
228.412	0.12	fixation	n/a	161.4	365.1	4433.0	n/a	n/a	n/a	n/a
228.534	0.022	saccade	n/a	158.6	364.8	n/a	113.0	365.7	1.59	112.0
228.558	0.174	fixation	n/a	117.6	367.2	4401.0	n/a	n/a	n/a	n/a
228.734	0.03	saccade	n/a	119.5	367.7	n/a	212.6	369.5	3.27	182.0
228.766	0.146	fixation	n/a	213.2	368.9	4416.0	n/a	n/a	n/a	n/a
228.914	0.03	saccade	n/a	212.3	367.7	n/a	309.5	364.9	3.45	179.0
228.946	0.146	fixation	n/a	311.9	362.9	4417.0	n/a	n/a	n/a	n/a
229.094	0.048	saccade	n/a	307.4	362.1	n/a	294.7	524.5	5.82	175.0
229.144	0.16	fixation	n/a	296.4	531.6	4394.0	n/a	n/a	n/a	n/a
229.306	0.028	saccade	n/a	299.1	534.3	n/a	384.6	532.7	3.01	145.0
229.336	0.126	fixation	n/a	391.0	534.4	4420.0	n/a	n/a	n/a	n/a
229.464	0.23	saccade	n/a	391.1	535.1	n/a	254.1	318.8	9.13	986.0
229.496	0.122	blink	n/a	n/a	n/a	n/a	n/a	n/a	n/a	n/a
229.696	0.212	fixation	n/a	263.5	325.7	4310.0	n/a	n/a	n/a	n/a
229.91	0.034	saccade	n/a	262.4	329.3	n/a	241.8	219.5	4.02	195.0
229.946	0.424	fixation	n/a	241.4	222.4	4330.0	n/a	n/a	n/a	n/a
230.144	0.0	trigger_13	13	n/a	n/a	n/a	n/a	n/a	n/a	n/a
230.2	0.0	trigger_10	10	n/a	n/a	n/a	n/a	n/a	n/a	n/a
230.372	0.028	saccade	n/a	238.8	222.5	n/a	160.1	193.7	2.95	164.0
230.402	0.112	fixation	n/a	159.9	194.5	4420.0	n/a	n/a	n/a	n/a
230.516	0.02	saccade	n/a	159.3	196.5	n/a	121.3	195.2	1.33	92.0
230.538	0.162	fixation	n/a	122.2	196.9	4475.0	n/a	n/a	n/a	n/a
230.702	0.026	saccade	n/a	123.3	197.0	n/a	201.0	188.8	2.74	152.0
230.73	0.244	fixation	n/a	203.4	190.1	4555.0	n/a	n/a	n/a	n/a
230.976	0.024	saccade	n/a	203.3	191.1	n/a	266.7	187.0	2.25	134.0
231.002	0.286	fixation	n/a	270.4	186.0	4552.0	n/a	n/a	n/a	n/a
231.29	0.022	saccade	n/a	274.4	187.2	n/a	312.0	184.8	1.33	82.0
231.314	0.246	fixation	n/a	313.0	181.6	4500.0	n/a	n/a	n/a	n/a
231.562	0.044	saccade	n/a	316.8	183.7	n/a	522.4	183.9	7.25	246.0
231.608	0.228	fixation	n/a	526.6	179.7	4429.0	n/a	n/a	n/a	n/a
231.838	0.022	saccade	n/a	530.8	179.1	n/a	579.9	177.1	1.71	101.0
231.862	0.106	fixation	n/a	582.8	180.1	4422.0	n/a	n/a	n/a	n/a
231.97	0.07	saccade	n/a	582.6	181.6	n/a	144.5	246.2	15.46	343.0
232.042	0.118	fixation	n/a	146.0	247.4	4479.0	n/a	n/a	n/a	n/a
232.162	0.016	saccade	n/a	142.3	248.3	n/a	115.6	250.2	0.94	76.0
232.18	0.134	fixation	n/a	119.8	250.6	4470.0	n/a	n/a	n/a	n/a
232.316	0.028	saccade	n/a	120.5	249.6	n/a	217.9	248.1	3.42	181.0
232.346	0.226	fixation	n/a	222.7	244.7	4552.0	n/a	n/a	n/a	n/a
232.574	0.028	saccade	n/a	222.5	241.5	n/a	296.9	237.1	2.63	149.0
232.604	0.148	fixation	n/a	299.8	239.9	4561.0	n/a	n/a	n/a	n/a
232.754	0.03	saccade	n/a	301.0	238.5	n/a	396.2	235.6	3.37	174.0
232.786	0.306	fixation	n/a	406.6	242.2	4512.0	n/a	n/a	n/a	n/a
233.094	0.026	saccade	n/a	409.2	240.1	n/a	485.7	238.2	2.69	147.0
233.122	0.18	fixation	n/a	492.0	242.6	4546.0	n/a	n/a	n/a	n/a
233.304	0.028	saccade	n/a	493.0	239.5	n/a	571.5	241.5	2.74	155.0
233.334	0.114	fixation	n/a	573.3	240.1	4586.0	n/a	n/a	n/a	n/a
233.45	0.02	saccade	n/a	571.3	241.8	n/a	535.8	243.1	1.24	86.0
233.472	0.146	fixation	n/a	536.0	246.8	4616.0	n/a	n/a	n/a	n/a
233.62	0.156	saccade	n/a	535.0	250.7	n/a	480.8	209.3	2.41	1349.0
233.66	0.038	blink	n/a	n/a	n/a	n/a	n/a	n/a	n/a	n/a
233.778	0.242	fixation	n/a	477.7	240.5	4676.0	n/a	n/a	n/a	n/a
234.022	0.026	saccade	n/a	478.3	238.0	n/a	550.9	232.3	2.55	144.0
234.05	0.176	fixation	n/a	551.3	235.8	4731.0	n/a	n/a	n/a	n/a
234.228	0.054	saccade	n/a	553.8	238.4	n/a	316.2	194.5	8.51	294.0
234.284	0.21	fixation	n/a	321.8	197.4	4813.0	n/a	n/a	n/a	n/a
234.292	0.0	trigger_11	11	n/a	n/a	n/a	n/a	n/a	n/a	n/a
234.35	0.0	trigger_10	10	n/a	n/a	n/a	n/a	n/a	n/a	n/a
234.496	0.042	saccade	n/a	323.0	202.4	n/a	138.2	200.7	6.53	265.0
234.54	0.252	fixation	n/a	130.9	201.0	4878.0	n/a	n/a	n/a	n/a
234.794	0.034	saccade	n/a	118.3	201.0	n/a	244.2	189.9	4.44	236.0
234.83	0.168	fixation	n/a	245.1	188.6	4746.0	n/a	n/a	n/a	n/a
235.0	0.022	saccade	n/a	244.8	189.9	n/a	201.4	194.6	1.54	100.0
235.024	0.112	fixation	n/a	202.4	196.0	4718.0	n/a	n/a	n/a	n/a
235.138	0.034	saccade	n/a	202.5	194.1	n/a	327.8	181.5	4.43	221.0
235.174	0.16	fixation	n/a	330.1	182.1	4728.0	n/a	n/a	n/a	n/a
235.336	0.032	saccade	n/a	332.1	183.6	n/a	431.4	189.5	3.52	185.0
235.37	0.262	fixation	n/a	433.9	191.4	4753.0	n/a	n/a	n/a	n/a
235.634	0.024	saccade	n/a	435.6	194.7	n/a	388.0	192.8	1.69	105.0
235.66	0.106	fixation	n/a	391.2	191.1	4799.0	n/a	n/a	n/a	n/a
235.768	0.032	saccade	n/a	392.6	188.9	n/a	503.5	186.6	3.9	200.0
235.802	0.166	fixation	n/a	512.2	190.2	4794.0	n/a	n/a	n/a	n/a
235.97	0.022	saccade	n/a	516.0	193.8	n/a	564.2	193.4	1.69	109.0
235.994	0.212	fixation	n/a	564.1	194.3	4792.0	n/a	n/a	n/a	n/a
236.208	0.064	saccade	n/a	562.4	196.1	n/a	143.3	255.4	14.81	354.0
236.274	0.226	fixation	n/a	142.0	260.1	4759.0	n/a	n/a	n/a	n/a
236.502	0.03	saccade	n/a	143.4	259.9	n/a	233.2	255.9	3.17	177.0
236.534	0.196	fixation	n/a	232.3	256.8	4739.0	n/a	n/a	n/a	n/a
236.732	0.042	saccade	n/a	229.1	251.7	n/a	411.5	247.3	6.46	255.0
236.776	0.178	fixation	n/a	419.0	246.6	4672.0	n/a	n/a	n/a	n/a
236.956	0.028	saccade	n/a	421.7	247.2	n/a	500.4	248.8	2.78	155.0
236.986	0.184	fixation	n/a	502.1	250.0	4629.0	n/a	n/a	n/a	n/a
237.172	0.024	saccade	n/a	506.5	251.2	n/a	567.3	252.2	2.13	128.0
237.198	0.152	fixation	n/a	567.7	252.2	4573.0	n/a	n/a	n/a	n/a
237.352	0.07	saccade	n/a	567.1	252.3	n/a	146.3	304.2	14.86	352.0
237.424	0.392	fixation	n/a	140.7	310.8	4541.0	n/a	n/a	n/a	n/a
237.818	0.03	saccade	n/a	139.7	317.5	n/a	235.4	315.9	3.38	156.0
237.85	0.16	fixation	n/a	242.0	316.8	4491.0	n/a	n/a	n/a	n/a
238.012	0.034	saccade	n/a	244.6	318.7	n/a	363.1	309.6	4.24	207.0
238.048	0.216	fixation	n/a	367.6	308.5	4450.0	n/a	n/a	n/a	n/a
238.266	0.034	saccade	n/a	364.7	305.0	n/a	468.2	307.5	3.67	177.0
238.302	0.192	fixation	n/a	467.3	304.9	4453.0	n/a	n/a	n/a	n/a
238.496	0.174	saccade	n/a	467.2	302.4	n/a	515.4	222.4	3.33	1130.0
238.532	0.054	blink	n/a	n/a	n/a	n/a	n/a	n/a	n/a	n/a
238.672	0.14	fixation	n/a	511.0	243.3	4358.0	n/a	n/a	n/a	n/a
238.814	0.02	saccade	n/a	514.3	248.0	n/a	549.4	244.6	1.24	80.0
238.836	0.634	fixation	n/a	554.5	251.0	4316.0	n/a	n/a	n/a	n/a
239.472	0.044	saccade	n/a	552.6	254.7	n/a	356.3	220.2	7.02	260.0
239.502	0.0	trigger_11	11	n/a	n/a	n/a	n/a	n/a	n/a	n/a
239.518	0.172	fixation	n/a	358.5	222.8	4553.0	n/a	n/a	n/a	n/a
239.562	0.0	trigger_10	10	n/a	n/a	n/a	n/a	n/a	n/a	n/a
239.692	0.046	saccade	n/a	358.1	221.8	n/a	171.6	201.2	6.62	282.0
239.74	0.096	fixation	n/a	174.1	201.6	4622.0	n/a	n/a	n/a	n/a
239.838	0.024	saccade	n/a	172.5	199.6	n/a	125.6	199.8	1.64	127.0
239.864	0.128	fixation	n/a	130.6	202.3	4642.0	n/a	n/a	n/a	n/a
239.994	0.028	saccade	n/a	129.3	199.0	n/a	209.1	188.2	2.82	152.0
240.024	0.17	fixation	n/a	216.0	192.3	4602.0	n/a	n/a	n/a	n/a
240.196	0.026	saccade	n/a	218.3	191.5	n/a	283.5	186.3	2.32	133.0
240.224	0.134	fixation	n/a	286.2	183.8	4551.0	n/a	n/a	n/a	n/a
240.36	0.034	saccade	n/a	289.1	186.6	n/a	394.6	184.4	3.74	192.0
240.396	0.142	fixation	n/a	397.4	186.0	4523.0	n/a	n/a	n/a	n/a
240.54	0.02	saccade	n/a	396.6	187.0	n/a	366.8	188.7	1.06	73.0
240.562	0.114	fixation	n/a	369.8	190.5	4554.0	n/a	n/a	n/a	n/a
240.678	0.034	saccade	n/a	370.9	189.7	n/a	476.0	190.6	3.73	176.0
240.714	0.128	fixation	n/a	475.4	188.8	4540.0	n/a	n/a	n/a	n/a
240.844	0.02	saccade	n/a	471.5	187.5	n/a	435.5	186.0	1.27	88.0
240.866	0.254	fixation	n/a	437.8	186.9	4584.0	n/a	n/a	n/a	n/a
241.122	0.03	saccade	n/a	437.5	183.6	n/a	522.0	183.4	2.97	156.0
241.154	0.176	fixation	n/a	524.6	186.1	4593.0	n/a	n/a	n/a	n/a
241.332	0.14	saccade	n/a	523.6	189.4	n/a	582.3	154.3	2.4	1460.0
241.376	0.008	blink	n/a	n/a	n/a	n/a	n/a	n/a	n/a	n/a
241.474	0.212	fixation	n/a	580.2	184.6	4625.0	n/a	n/a	n/a	n/a
241.688	0.072	saccade	n/a	582.2	188.8	n/a	168.4	254.9	14.66	343.0
241.762	0.098	fixation	n/a	168.8	253.9	4674.0	n/a	n/a	n/a	n/a
241.862	0.02	saccade	n/a	166.3	253.8	n/a	123.8	260.6	1.51	107.0
241.884	0.188	fixation	n/a	129.1	262.9	4561.0	n/a	n/a	n/a	n/a
242.074	0.028	saccade	n/a	134.0	264.7	n/a	210.9	255.7	2.73	163.0
242.104	0.224	fixation	n/a	214.4	256.3	4603.0	n/a	n/a	n/a	n/a
242.33	0.03	saccade	n/a	217.2	256.7	n/a	314.7	250.1	3.47	185.0
242.362	0.266	fixation	n/a	319.9	245.7	4566.0	n/a	n/a	n/a	n/a
242.63	0.026	saccade	n/a	318.6	245.3	n/a	259.7	244.5	2.09	134.0
242.658	0.132	fixation	n/a	262.0	247.0	4605.0	n/a	n/a	n/a	n/a
242.792	0.03	saccade	n/a	257.7	245.6	n/a	192.8	191.6	3.0	170.0
242.824	0.162	fixation	n/a	199.8	198.5	4635.0	n/a	n/a	n/a	n/a
242.988	0.032	saccade	n/a	201.8	198.9	n/a	289.0	190.1	3.1	162.0
243.022	0.152	fixation	n/a	289.9	192.0	4662.0	n/a	n/a	n/a	n/a
243.176	0.034	saccade	n/a	289.5	192.2	n/a	403.2	182.7	4.04	220.0
243.212	0.224	fixation	n/a	406.5	184.3	4696.0	n/a	n/a	n/a	n/a
243.438	0.03	saccade	n/a	408.2	186.3	n/a	510.1	188.7	3.6	179.0
243.47	0.322	fixation	n/a	513.7	185.8	4736.0	n/a	n/a	n/a	n/a
243.794	0.122	saccade	n/a	514.4	189.8	n/a	124.2	235.3	13.76	828.0
243.918	0.218	fixation	n/a	131.0	258.4	4783.0	n/a	n/a	n/a	n/a
244.138	0.028	saccade	n/a	131.7	263.5	n/a	209.1	260.0	2.73	161.0
244.168	0.152	fixation	n/a	207.3	259.5	4794.0	n/a	n/a	n/a	n/a
244.322	0.164	saccade	n/a	205.3	261.2	n/a	269.8	231.4	2.52	1449.0
244.36	0.058	blink	n/a	n/a	n/a	n/a	n/a	n/a	n/a	n/a
244.488	0.212	fixation	n/a	267.8	254.0	4755.0	n/a	n/a	n/a	n/a
244.702	0.026	saccade	n/a	270.1	264.1	n/a	335.8	259.3	2.34	142.0
244.73	0.396	fixation	n/a	331.1	252.5	4714.0	n/a	n/a	n/a	n/a
245.128	0.032	saccade	n/a	326.7	245.3	n/a	228.9	201.3	3.81	199.0
245.162	0.246	fixation	n/a	226.8	203.1	4830.0	n/a	n/a	n/a	n/a
245.41	0.024	saccade	n/a	229.4	202.5	n/a	293.9	191.6	2.32	139.0
245.436	0.326	fixation	n/a	298.7	195.2	4891.0	n/a	n/a	n/a	n/a
245.534	0.0	trigger_11	11	n/a	n/a	n/a	n/a	n/a	n/a	n/a
245.598	0.0	trigger_10	10	n/a	n/a	n/a	n/a	n/a	n/a	n/a
245.764	0.038	saccade	n/a	297.8	192.3	n/a	137.4	190.3	5.64	252.0
245.804	0.412	fixation	n/a	141.3	191.6	5050.0	n/a	n/a	n/a	n/a
246.218	0.032	saccade	n/a	132.5	195.4	n/a	227.8	188.4	3.36	178.0
246.252	0.282	fixation	n/a	224.1	188.9	5087.0	n/a	n/a	n/a	n/a
246.536	0.03	saccade	n/a	220.7	192.2	n/a	309.4	189.3	3.14	160.0
246.568	0.152	fixation	n/a	307.7	190.2	5078.0	n/a	n/a	n/a	n/a
246.722	0.154	saccade	n/a	309.3	194.0	n/a	408.4	162.3	3.69	1331.0
246.766	0.03	blink	n/a	n/a	n/a	n/a	n/a	n/a	n/a	n/a
246.878	0.246	fixation	n/a	399.3	191.9	4952.0	n/a	n/a	n/a	n/a
247.126	0.028	saccade	n/a	399.6	200.5	n/a	478.0	201.7	2.78	156.0
247.156	0.174	fixation	n/a	477.9	202.7	4828.0	n/a	n/a	n/a	n/a
247.332	0.024	saccade	n/a	480.8	196.5	n/a	533.8	195.2	1.86	106.0
247.358	0.148	fixation	n/a	535.9	199.2	4712.0	n/a	n/a	n/a	n/a
247.508	0.066	saccade	n/a	534.1	201.1	n/a	140.6	214.6	13.79	341.0
247.576	0.22	fixation	n/a	146.4	214.3	4739.0	n/a	n/a	n/a	n/a
247.798	0.064	saccade	n/a	149.5	216.1	n/a	575.3	189.4	14.92	379.0
247.864	0.22	fixation	n/a	577.8	194.1	4615.0	n/a	n/a	n/a	n/a
248.086	0.02	saccade	n/a	573.1	193.9	n/a	533.3	191.1	1.4	101.0
248.108	0.114	fixation	n/a	537.2	190.4	4639.0	n/a	n/a	n/a	n/a
248.224	0.064	saccade	n/a	537.8	192.0	n/a	170.8	254.7	13.12	349.0
248.29	0.124	fixation	n/a	172.0	252.5	4689.0	n/a	n/a	n/a	n/a
248.416	0.02	saccade	n/a	169.8	254.5	n/a	129.9	258.6	1.41	102.0
248.438	0.124	fixation	n/a	130.8	257.6	4744.0	n/a	n/a	n/a	n/a
248.564	0.03	saccade	n/a	132.6	258.9	n/a	224.9	248.8	3.26	180.0
248.596	0.186	fixation	n/a	225.0	250.2	4848.0	n/a	n/a	n/a	n/a
248.784	0.034	saccade	n/a	222.7	251.6	n/a	328.9	246.4	3.77	196.0
248.82	0.19	fixation	n/a	327.2	246.2	4860.0	n/a	n/a	n/a	n/a
249.012	0.024	saccade	n/a	327.8	247.1	n/a	380.5	244.4	1.87	114.0
249.038	0.232	fixation	n/a	379.5	248.9	4802.0	n/a	n/a	n/a	n/a
249.272	0.018	saccade	n/a	373.4	249.5	n/a	343.0	253.8	1.09	80.0
249.292	0.192	fixation	n/a	345.6	255.9	4737.0	n/a	n/a	n/a	n/a
249.486	0.022	saccade	n/a	350.3	257.5	n/a	389.4	251.8	1.41	88.0
249.51	0.084	fixation	n/a	390.6	249.1	4712.0	n/a	n/a	n/a	n/a
249.596	0.032	saccade	n/a	392.1	249.8	n/a	482.7	250.2	3.21	180.0
249.63	0.192	fixation	n/a	484.7	253.8	4669.0	n/a	n/a	n/a	n/a
249.824	0.026	saccade	n/a	488.8	255.5	n/a	549.6	252.1	2.14	125.0
249.852	0.198	fixation	n/a	548.6	250.6	4632.0	n/a	n/a	n/a	n/a
250.052	0.07	saccade	n/a	547.8	250.9	n/a	137.5	300.9	14.48	343.0
250.124	0.246	fixation	n/a	141.8	298.9	4596.0	n/a	n/a	n/a	n/a
250.372	0.026	saccade	n/a	147.1	300.3	n/a	228.6	308.6	2.9	160.0
250.4	0.172	fixation	n/a	233.9	309.7	4607.0	n/a	n/a	n/a	n/a
250.574	0.024	saccade	n/a	235.3	310.5	n/a	290.8	307.9	1.97	116.0
250.6	0.116	fixation	n/a	292.4	308.3	4633.0	n/a	n/a	n/a	n/a
250.718	0.142	saccade	n/a	293.1	312.9	n/a	274.1	288.5	1.11	1419.0
250.754	0.036	blink	n/a	n/a	n/a	n/a	n/a	n/a	n/a	n/a
250.862	0.14	fixation	n/a	275.5	305.4	4596.0	n/a	n/a	n/a	n/a
251.004	0.028	saccade	n/a	270.6	305.0	n/a	199.9	312.3	2.52	152.0
251.034	0.182	fixation	n/a	199.2	315.7	4653.0	n/a	n/a	n/a	n/a
251.218	0.024	saccade	n/a	198.9	315.4	n/a	252.1	310.2	1.9	116.0
251.244	0.196	fixation	n/a	252.0	308.9	4724.0	n/a	n/a	n/a	n/a
251.442	0.026	saccade	n/a	251.9	303.6	n/a	291.2	237.9	2.75	147.0
251.47	0.174	fixation	n/a	308.0	234.8	4742.0	n/a	n/a	n/a	n/a
251.646	0.028	saccade	n/a	306.6	235.6	n/a	383.5	240.0	2.74	154.0
251.676	0.192	fixation	n/a	383.8	239.8	4686.0	n/a	n/a	n/a	n/a
251.87	0.032	saccade	n/a	384.6	238.7	n/a	286.5	184.7	3.99	209.0
251.904	0.244	fixation	n/a	286.3	191.7	4770.0	n/a	n/a	n/a	n/a
252.15	0.034	saccade	n/a	283.3	191.6	n/a	172.4	185.8	3.92	219.0
252.186	0.194	fixation	n/a	177.9	189.5	4836.0	n/a	n/a	n/a	n/a
252.382	0.022	saccade	n/a	180.4	189.8	n/a	229.7	190.3	1.74	113.0
252.406	0.126	fixation	n/a	227.6	188.3	4873.0	n/a	n/a	n/a	n/a
252.534	0.076	saccade	n/a	227.3	191.3	n/a	270.0	532.6	12.26	236.0
252.612	0.162	fixation	n/a	268.2	528.8	4986.0	n/a	n/a	n/a	n/a
252.776	0.038	saccade	n/a	268.6	528.1	n/a	404.3	525.3	4.78	229.0
252.816	0.1	fixation	n/a	404.1	528.4	4990.0	n/a	n/a	n/a	n/a
252.918	0.128	saccade	n/a	403.5	532.4	n/a	205.5	168.0	14.75	1092.0
252.97	0.024	blink	n/a	n/a	n/a	n/a	n/a	n/a	n/a	n/a
253.048	0.704	fixation	n/a	215.6	188.8	4719.0	n/a	n/a	n/a	n/a
253.502	0.0	trigger_11	11	n/a	n/a	n/a	n/a	n/a	n/a	n/a
253.568	0.0	trigger_10	10	n/a	n/a	n/a	n/a	n/a	n/a	n/a
253.754	0.03	saccade	n/a	217.6	184.4	n/a	146.0	185.8	2.52	158.0
253.786	0.354	fixation	n/a	139.4	188.2	4980.0	n/a	n/a	n/a	n/a
254.142	0.03	saccade	n/a	131.0	191.8	n/a	218.6	187.5	3.09	180.0
254.174	0.18	fixation	n/a	214.5	181.7	5040.0	n/a	n/a	n/a	n/a
254.356	0.114	saccade	n/a	210.8	176.9	n/a	165.3	165.5	1.65	1190.0
254.472	0.266	fixation	n/a	166.3	186.4	5092.0	n/a	n/a	n/a	n/a
254.74	0.03	saccade	n/a	166.9	186.5	n/a	104.6	190.5	2.18	157.0
254.772	0.25	fixation	n/a	115.9	195.0	4947.0	n/a	n/a	n/a	n/a
255.024	0.028	saccade	n/a	120.5	197.2	n/a	186.8	195.5	2.33	151.0
255.054	0.174	fixation	n/a	186.5	197.1	4883.0	n/a	n/a	n/a	n/a
255.23	0.048	saccade	n/a	183.1	195.4	n/a	425.3	182.2	8.57	314.0
255.28	0.176	fixation	n/a	432.8	181.6	4849.0	n/a	n/a	n/a	n/a
255.458	0.028	saccade	n/a	436.7	184.9	n/a	503.8	186.4	2.37	142.0
255.488	0.204	fixation	n/a	505.0	187.1	4756.0	n/a	n/a	n/a	n/a
255.694	0.066	saccade	n/a	506.0	187.0	n/a	141.9	246.6	12.97	339.0
255.762	0.114	fixation	n/a	143.8	245.8	4710.0	n/a	n/a	n/a	n/a
255.878	0.018	saccade	n/a	144.7	248.0	n/a	113.2	253.2	1.12	86.0
255.898	0.116	fixation	n/a	114.7	252.1	4675.0	n/a	n/a	n/a	n/a
256.016	0.138	saccade	n/a	113.8	251.3	n/a	261.2	218.7	5.31	1219.0
256.058	0.028	blink	n/a	n/a	n/a	n/a	n/a	n/a	n/a	n/a
256.156	0.134	fixation	n/a	262.0	246.1	4733.0	n/a	n/a	n/a	n/a
256.292	0.032	saccade	n/a	258.0	241.9	n/a	363.0	243.2	3.73	210.0
256.326	0.224	fixation	n/a	365.4	246.7	4638.0	n/a	n/a	n/a	n/a
256.552	0.026	saccade	n/a	367.7	246.6	n/a	444.0	243.0	2.71	153.0
256.58	0.25	fixation	n/a	448.2	245.1	4496.0	n/a	n/a	n/a	n/a
256.832	0.024	saccade	n/a	450.9	247.4	n/a	508.3	247.1	2.04	120.0
256.858	0.232	fixation	n/a	510.2	245.2	4444.0	n/a	n/a	n/a	n/a
257.092	0.03	saccade	n/a	511.6	246.9	n/a	603.4	247.9	3.21	160.0
257.124	0.158	fixation	n/a	609.4	245.2	4373.0	n/a	n/a	n/a	n/a
257.284	0.03	saccade	n/a	607.7	243.1	n/a	518.0	243.8	3.13	190.0
257.316	0.174	fixation	n/a	521.4	246.8	4445.0	n/a	n/a	n/a	n/a
257.492	0.028	saccade	n/a	524.2	244.0	n/a	608.0	243.8	2.92	159.0
257.522	0.156	fixation	n/a	610.7	243.9	4494.0	n/a	n/a	n/a	n/a
257.68	0.038	saccade	n/a	610.4	245.9	n/a	469.6	241.9	4.93	259.0
257.72	0.144	fixation	n/a	474.0	244.2	4632.0	n/a	n/a	n/a	n/a
257.866	0.024	saccade	n/a	470.8	245.4	n/a	426.3	243.8	1.58	118.0
257.892	0.124	fixation	n/a	427.3	247.2	4678.0	n/a	n/a	n/a	n/a
258.018	0.03	saccade	n/a	426.2	248.0	n/a	508.1	246.7	2.9	163.0
258.05	0.276	fixation	n/a	509.7	247.8	4692.0	n/a	n/a	n/a	n/a
258.328	0.032	saccade	n/a	509.0	250.8	n/a	407.7	249.3	3.59	199.0
258.362	0.224	fixation	n/a	410.1	248.5	4679.0	n/a	n/a	n/a	n/a
258.588	0.144	saccade	n/a	405.3	243.3	n/a	385.7	211.5	1.34	1428.0
258.624	0.04	blink	n/a	n/a	n/a	n/a	n/a	n/a	n/a	n/a
258.734	0.232	fixation	n/a	386.4	248.7	4714.0	n/a	n/a	n/a	n/a
258.968	0.022	saccade	n/a	391.4	250.6	n/a	432.3	245.9	1.47	94.0
258.992	0.332	fixation	n/a	428.3	250.1	4667.0	n/a	n/a	n/a	n/a
259.326	0.02	saccade	n/a	433.4	252.2	n/a	469.7	250.4	1.29	84.0
259.348	0.116	fixation	n/a	471.7	247.5	4688.0	n/a	n/a	n/a	n/a
259.466	0.024	saccade	n/a	473.3	246.5	n/a	523.8	247.6	1.78	109.0
259.492	0.272	fixation	n/a	525.2	247.0	4704.0	n/a	n/a	n/a	n/a
259.766	0.026	saccade	n/a	527.9	246.2	n/a	598.3	248.9	2.46	136.0
259.794	0.224	fixation	n/a	600.5	249.0	4709.0	n/a	n/a	n/a	n/a
260.02	0.026	saccade	n/a	601.0	247.3	n/a	669.4	245.8	2.36	130.0
260.048	0.112	fixation	n/a	670.1	246.6	4737.0	n/a	n/a	n/a	n/a
260.162	0.032	saccade	n/a	669.6	243.8	n/a	572.6	246.4	3.36	198.0
260.196	0.216	fixation	n/a	581.2	248.2	4796.0	n/a	n/a	n/a	n/a
260.414	0.034	saccade	n/a	582.7	244.8	n/a	694.5	248.2	3.85	198.0
260.45	0.148	fixation	n/a	695.7	251.1	4823.0	n/a	n/a	n/a	n/a
260.6	0.082	saccade	n/a	694.5	256.2	n/a	158.6	309.4	18.67	385.0
260.684	0.258	fixation	n/a	163.7	308.6	4916.0	n/a	n/a	n/a	n/a
260.944	0.028	saccade	n/a	161.9	307.0	n/a	235.8	306.8	2.61	158.0
260.974	0.296	fixation	n/a	235.8	303.7	4861.0	n/a	n/a	n/a	n/a
261.272	0.028	saccade	n/a	237.2	302.3	n/a	321.0	303.4	2.98	178.0
261.302	0.206	fixation	n/a	324.5	303.5	4729.0	n/a	n/a	n/a	n/a
261.51	0.03	saccade	n/a	324.2	303.8	n/a	409.6	301.9	3.05	163.0
261.542	0.254	fixation	n/a	410.5	301.6	4700.0	n/a	n/a	n/a	n/a
261.798	0.026	saccade	n/a	412.5	302.9	n/a	490.3	306.8	2.77	147.0
261.826	0.334	fixation	n/a	496.2	306.4	4704.0	n/a	n/a	n/a	n/a
262.162	0.106	saccade	n/a	499.0	307.4	n/a	689.4	247.6	6.95	687.0
262.27	0.204	fixation	n/a	682.2	258.3	4597.0	n/a	n/a	n/a	n/a
262.476	0.084	saccade	n/a	682.1	262.5	n/a	132.6	321.4	19.2	390.0
262.562	0.23	fixation	n/a	141.9	326.1	4624.0	n/a	n/a	n/a	n/a
262.794	0.016	saccade	n/a	148.4	324.1	n/a	166.5	317.4	0.68	53.0
262.812	0.144	fixation	n/a	162.7	313.7	4660.0	n/a	n/a	n/a	n/a
262.958	0.022	saccade	n/a	166.3	312.4	n/a	220.0	311.0	1.9	122.0
262.982	0.186	fixation	n/a	218.2	307.4	4660.0	n/a	n/a	n/a	n/a
263.17	0.026	saccade	n/a	225.0	307.4	n/a	300.6	305.1	2.69	154.0
263.198	0.238	fixation	n/a	304.2	304.7	4665.0	n/a	n/a	n/a	n/a
263.438	0.024	saccade	n/a	304.9	305.7	n/a	355.0	305.2	1.79	108.0
263.464	0.14	fixation	n/a	356.5	304.8	4652.0	n/a	n/a	n/a	n/a
263.606	0.156	saccade	n/a	354.4	304.1	n/a	400.3	273.1	1.98	1463.0
263.642	0.056	blink	n/a	n/a	n/a	n/a	n/a	n/a	n/a	n/a
263.764	0.374	fixation	n/a	398.7	298.7	4515.0	n/a	n/a	n/a	n/a
264.14	0.02	saccade	n/a	396.0	302.6	n/a	432.6	302.7	1.3	93.0
264.162	0.178	fixation	n/a	431.8	298.6	4483.0	n/a	n/a	n/a	n/a
264.342	0.032	saccade	n/a	428.9	298.5	n/a	329.6	299.1	3.53	186.0
264.376	0.168	fixation	n/a	336.6	305.1	4554.0	n/a	n/a	n/a	n/a
264.546	0.154	saccade	n/a	338.5	308.3	n/a	350.6	277.9	1.18	1416.0
264.582	0.048	blink	n/a	n/a	n/a	n/a	n/a	n/a	n/a	n/a
264.702	0.194	fixation	n/a	352.8	301.7	4638.0	n/a	n/a	n/a	n/a
264.898	0.016	saccade	n/a	350.8	306.9	n/a	328.1	311.1	0.82	64.0
264.916	0.396	fixation	n/a	327.0	309.7	4745.0	n/a	n/a	n/a	n/a
265.314	0.024	saccade	n/a	327.7	299.7	n/a	378.0	303.9	1.8	112.0
265.34	0.192	fixation	n/a	375.5	305.0	4854.0	n/a	n/a	n/a	n/a
265.534	0.024	saccade	n/a	373.1	308.5	n/a	319.8	311.1	1.91	128.0
265.56	0.254	fixation	n/a	323.4	310.1	4948.0	n/a	n/a	n/a	n/a
265.816	0.026	saccade	n/a	323.1	305.5	n/a	393.4	307.9	2.5	142.0
265.844	0.194	fixation	n/a	393.2	309.6	4949.0	n/a	n/a	n/a	n/a
266.04	0.028	saccade	n/a	392.5	311.7	n/a	329.6	311.4	2.25	136.0
266.07	0.692	fixation	n/a	321.7	310.7	4983.0	n/a	n/a	n/a	n/a
266.764	0.024	saccade	n/a	323.3	313.0	n/a	374.8	308.0	1.85	104.0
266.79	0.178	fixation	n/a	377.5	306.9	4968.0	n/a	n/a	n/a	n/a
266.97	0.02	saccade	n/a	379.4	307.2	n/a	409.8	306.0	1.09	72.0
266.992	0.16	fixation	n/a	410.3	305.1	4979.0	n/a	n/a	n/a	n/a
267.154	0.028	saccade	n/a	411.9	305.2	n/a	485.1	308.1	2.6	141.0
267.184	0.194	fixation	n/a	487.1	310.1	4976.0	n/a	n/a	n/a	n/a
267.38	0.02	saccade	n/a	491.3	314.1	n/a	522.4	314.4	1.1	74.0
267.402	0.41	fixation	n/a	512.2	318.0	4831.0	n/a	n/a	n/a	n/a
267.814	0.016	saccade	n/a	507.0	319.4	n/a	528.9	317.3	0.78	59.0
267.832	0.122	fixation	n/a	529.3	317.5	4651.0	n/a	n/a	n/a	n/a
267.956	0.114	saccade	n/a	527.7	315.9	n/a	150.5	308.4	13.28	589.0
268.072	0.04	fixation	n/a	152.3	305.7	4585.0	n/a	n/a	n/a	n/a
268.114	0.014	saccade	n/a	154.3	310.2	n/a	159.2	326.1	0.6	48.0
268.13	0.052	fixation	n/a	160.5	328.8	4524.0	n/a	n/a	n/a	n/a
268.184	0.018	saccade	n/a	159.0	329.2	n/a	128.1	318.5	1.15	85.0
268.204	0.196	fixation	n/a	134.7	320.1	4525.0	n/a	n/a	n/a	n/a
268.402	0.024	saccade	n/a	137.6	318.8	n/a	206.9	312.2	2.46	139.0
268.428	0.236	fixation	n/a	210.9	309.7	4450.0	n/a	n/a	n/a	n/a
268.666	0.028	saccade	n/a	210.8	309.7	n/a	141.8	304.6	2.45	144.0
268.696	0.314	fixation	n/a	148.3	306.8	4424.0	n/a	n/a	n/a	n/a
269.012	0.15	saccade	n/a	146.1	304.1	n/a	333.2	229.0	7.17	1093.0
269.054	0.04	blink	n/a	n/a	n/a	n/a	n/a	n/a	n/a	n/a
269.164	0.136	fixation	n/a	336.7	248.1	4419.0	n/a	n/a	n/a	n/a
269.302	0.022	saccade	n/a	338.8	252.1	n/a	398.3	247.9	2.13	130.0
269.326	0.234	fixation	n/a	404.4	250.1	4409.0	n/a	n/a	n/a	n/a
269.562	0.014	saccade	n/a	398.7	248.0	n/a	382.1	243.4	0.61	51.0
269.578	0.166	fixation	n/a	384.4	243.8	4294.0	n/a	n/a	n/a	n/a
269.746	0.024	saccade	n/a	388.1	243.7	n/a	435.1	246.0	1.67	101.0
269.772	0.168	fixation	n/a	437.7	248.4	4238.0	n/a	n/a	n/a	n/a
269.942	0.022	saccade	n/a	435.0	248.7	n/a	384.7	245.1	1.8	118.0
269.966	0.18	fixation	n/a	388.2	244.5	4253.0	n/a	n/a	n/a	n/a
270.148	0.024	saccade	n/a	391.2	242.5	n/a	451.0	245.2	2.13	126.0
270.174	0.27	fixation	n/a	450.7	243.5	4322.0	n/a	n/a	n/a	n/a
270.446	0.024	saccade	n/a	450.4	239.2	n/a	517.3	235.5	2.36	135.0
270.472	0.272	fixation	n/a	515.3	236.0	4502.0	n/a	n/a	n/a	n/a
270.746	0.028	saccade	n/a	511.0	240.6	n/a	444.0	242.5	2.36	152.0
270.776	0.656	fixation	n/a	443.1	244.9	4712.0	n/a	n/a	n/a	n/a
271.434	0.024	saccade	n/a	427.5	241.6	n/a	375.9	233.3	1.85	125.0
271.46	0.248	fixation	n/a	379.8	231.7	4966.0	n/a	n/a	n/a	n/a
271.71	0.028	saccade	n/a	380.3	232.2	n/a	461.4	235.1	2.87	164.0
271.74	0.256	fixation	n/a	460.9	242.0	5014.0	n/a	n/a	n/a	n/a
271.998	0.024	saccade	n/a	463.4	248.7	n/a	516.6	247.4	1.88	108.0
272.024	0.184	fixation	n/a	516.3	247.7	4943.0	n/a	n/a	n/a	n/a
272.21	0.156	saccade	n/a	514.7	250.1	n/a	471.4	215.5	1.97	1497.0
272.246	0.046	blink	n/a	n/a	n/a	n/a	n/a	n/a	n/a	n/a
272.368	0.074	fixation	n/a	470.4	245.8	4928.0	n/a	n/a	n/a	n/a
272.444	0.144	saccade	n/a	468.4	247.2	n/a	461.0	220.5	1.0	1015.0
272.502	0.016	blink	n/a	n/a	n/a	n/a	n/a	n/a	n/a	n/a
272.59	0.296	fixation	n/a	461.6	251.1	4915.0	n/a	n/a	n/a	n/a
272.888	0.022	saccade	n/a	464.6	246.2	n/a	509.2	245.7	1.57	102.0
272.912	0.456	fixation	n/a	506.9	249.2	4930.0	n/a	n/a	n/a	n/a
273.37	0.02	saccade	n/a	504.8	247.9	n/a	462.9	245.8	1.48	101.0
273.392	0.33	fixation	n/a	461.9	250.4	4975.0	n/a	n/a	n/a	n/a
273.724	0.022	saccade	n/a	461.4	248.1	n/a	509.1	247.3	1.69	104.0
273.748	0.602	fixation	n/a	507.6	250.5	4812.0	n/a	n/a	n/a	n/a
274.352	0.034	saccade	n/a	508.7	251.2	n/a	612.5	254.3	3.64	169.0
274.388	0.336	fixation	n/a	612.6	250.8	4600.0	n/a	n/a	n/a	n/a
274.726	0.016	saccade	n/a	609.5	246.7	n/a	584.2	247.4	0.88	66.0
274.744	0.45	fixation	n/a	585.3	251.8	4712.0	n/a	n/a	n/a	n/a
275.196	0.034	saccade	n/a	582.8	254.2	n/a	465.9	244.3	4.12	198.0
275.232	0.172	fixation	n/a	469.3	245.2	4752.0	n/a	n/a	n/a	n/a
275.406	0.024	saccade	n/a	473.0	245.7	n/a	526.6	245.6	1.88	110.0
275.432	0.28	fixation	n/a	525.2	246.5	4812.0	n/a	n/a	n/a	n/a
275.714	0.038	saccade	n/a	523.3	248.1	n/a	371.9	244.4	5.35	256.0
275.754	0.276	fixation	n/a	379.3	249.5	4948.0	n/a	n/a	n/a	n/a
276.032	0.014	saccade	n/a	374.5	247.5	n/a	356.7	246.9	0.63	51.0
276.048	0.202	fixation	n/a	359.9	247.7	5070.0	n/a	n/a	n/a	n/a
276.252	0.028	saccade	n/a	360.8	249.3	n/a	429.7	251.5	2.45	142.0
276.282	0.278	fixation	n/a	427.2	248.6	5054.0	n/a	n/a	n/a	n/a
276.562	0.026	saccade	n/a	431.9	248.2	n/a	500.4	247.5	2.42	151.0
276.59	0.442	fixation	n/a	501.4	250.1	5057.0	n/a	n/a	n/a	n/a
277.034	0.156	saccade	n/a	498.5	248.0	n/a	409.3	208.3	3.47	944.0
277.084	0.038	blink	n/a	n/a	n/a	n/a	n/a	n/a	n/a	n/a
277.192	0.172	fixation	n/a	408.6	246.7	5115.0	n/a	n/a	n/a	n/a
277.366	0.022	saccade	n/a	404.0	254.6	n/a	364.4	247.2	1.43	107.0
277.39	0.202	fixation	n/a	367.2	248.9	5154.0	n/a	n/a	n/a	n/a
277.594	0.032	saccade	n/a	367.8	248.7	n/a	462.2	251.2	3.35	182.0
277.628	0.134	fixation	n/a	461.2	251.0	4966.0	n/a	n/a	n/a	n/a
277.764	0.018	saccade	n/a	458.3	252.1	n/a	430.4	251.2	0.99	79.0
277.784	0.676	fixation	n/a	434.5	251.7	4975.0	n/a	n/a	n/a	n/a
278.248	0.0	trigger_11	11	n/a	n/a	n/a	n/a	n/a	n/a	n/a
278.31	0.0	trigger_12	12	n/a	n/a	n/a	n/a	n/a	n/a	n/a
278.462	0.052	saccade	n/a	430.5	247.3	n/a	195.3	191.8	8.55	290.0
278.516	0.096	fixation	n/a	197.4	191.6	5157.0	n/a	n/a	n/a	n/a
278.614	0.028	saccade	n/a	193.5	191.2	n/a	137.5	196.2	1.97	152.0
278.644	0.152	fixation	n/a	139.1	198.9	5184.0	n/a	n/a	n/a	n/a
278.798	0.016	saccade	n/a	135.3	201.2	n/a	115.6	200.5	0.69	57.0
278.816	0.096	fixation	n/a	118.9	200.5	5161.0	n/a	n/a	n/a	n/a
278.914	0.034	saccade	n/a	117.2	200.0	n/a	246.6	192.6	4.56	260.0
278.95	0.208	fixation	n/a	251.0	194.0	5118.0	n/a	n/a	n/a	n/a
279.16	0.026	saccade	n/a	253.4	192.2	n/a	320.0	190.9	2.37	150.0
279.188	0.226	fixation	n/a	316.0	190.1	5114.0	n/a	n/a	n/a	n/a
279.416	0.028	saccade	n/a	312.4	190.9	n/a	388.9	186.6	2.73	168.0
279.446	0.164	fixation	n/a	387.9	185.9	5130.0	n/a	n/a	n/a	n/a
279.612	0.028	saccade	n/a	389.9	186.1	n/a	456.8	184.7	2.37	146.0
279.642	0.32	fixation	n/a	448.2	187.3	5135.0	n/a	n/a	n/a	n/a
279.964	0.022	saccade	n/a	441.0	190.4	n/a	480.2	189.8	1.39	92.0
279.988	0.29	fixation	n/a	479.1	187.8	5009.0	n/a	n/a	n/a	n/a
280.28	0.036	saccade	n/a	478.5	186.6	n/a	337.3	182.6	5.01	236.0
280.318	0.136	fixation	n/a	333.8	183.8	5126.0	n/a	n/a	n/a	n/a
280.456	0.042	saccade	n/a	335.0	186.3	n/a	167.2	191.3	5.94	267.0
280.5	0.15	fixation	n/a	168.9	193.5	5233.0	n/a	n/a	n/a	n/a
280.652	0.026	saccade	n/a	166.7	196.4	n/a	116.7	201.2	1.76	123.0
280.68	0.162	fixation	n/a	116.8	201.6	5286.0	n/a	n/a	n/a	n/a
280.844	0.126	saccade	n/a	113.8	198.5	n/a	420.2	156.7	10.87	1183.0
280.972	0.164	fixation	n/a	420.1	181.6	5217.0	n/a	n/a	n/a	n/a
281.138	0.02	saccade	n/a	419.1	191.9	n/a	386.9	192.2	1.15	83.0
281.16	0.188	fixation	n/a	390.8	193.8	5202.0	n/a	n/a	n/a	n/a
281.35	0.028	saccade	n/a	392.5	197.3	n/a	469.3	194.4	2.73	157.0
281.38	0.7	fixation	n/a	470.6	192.1	5092.0	n/a	n/a	n/a	n/a
281.872	0.0	trigger_13	13	n/a	n/a	n/a	n/a	n/a	n/a	n/a
281.93	0.0	trigger_10	10	n/a	n/a	n/a	n/a	n/a	n/a	n/a
282.082	0.064	saccade	n/a	469.7	185.9	n/a	170.4	190.8	10.54	316.0
282.148	0.13	fixation	n/a	172.4	192.7	5275.0	n/a	n/a	n/a	n/a
282.28	0.026	saccade	n/a	173.0	194.4	n/a	120.5	204.2	1.88	132.0
282.308	0.14	fixation	n/a	121.6	201.7	5357.0	n/a	n/a	n/a	n/a
282.45	0.026	saccade	n/a	120.0	199.8	n/a	182.9	190.4	2.23	138.0
282.478	0.19	fixation	n/a	183.3	195.0	5335.0	n/a	n/a	n/a	n/a
282.67	0.032	saccade	n/a	185.6	198.0	n/a	286.8	195.9	3.58	208.0
282.704	0.18	fixation	n/a	289.8	198.7	5177.0	n/a	n/a	n/a	n/a
282.886	0.024	saccade	n/a	294.6	200.6	n/a	349.8	197.2	1.97	120.0
282.912	0.148	fixation	n/a	349.2	198.1	5103.0	n/a	n/a	n/a	n/a
283.062	0.03	saccade	n/a	350.4	199.6	n/a	422.7	199.7	2.57	143.0
283.094	0.13	fixation	n/a	420.3	198.6	5078.0	n/a	n/a	n/a	n/a
283.226	0.136	saccade	n/a	419.9	201.5	n/a	153.8	186.5	9.4	1593.0
283.266	0.042	blink	n/a	n/a	n/a	n/a	n/a	n/a	n/a	n/a
283.364	0.448	fixation	n/a	154.8	207.3	5121.0	n/a	n/a	n/a	n/a
283.576	0.0	trigger_11	11	n/a	n/a	n/a	n/a	n/a	n/a	n/a
283.644	0.0	trigger_10	10	n/a	n/a	n/a	n/a	n/a	n/a	n/a
283.814	0.018	saccade	n/a	148.9	210.4	n/a	119.4	214.6	1.04	74.0
283.834	0.198	fixation	n/a	123.1	212.5	5152.0	n/a	n/a	n/a	n/a
284.034	0.028	saccade	n/a	124.7	212.8	n/a	209.6	204.9	3.0	174.0
284.064	0.186	fixation	n/a	214.4	206.2	5074.0	n/a	n/a	n/a	n/a
284.252	0.024	saccade	n/a	218.6	205.1	n/a	280.6	204.1	2.19	138.0
284.278	0.168	fixation	n/a	282.1	200.5	5053.0	n/a	n/a	n/a	n/a
284.448	0.024	saccade	n/a	286.3	203.0	n/a	344.2	201.0	2.06	123.0
284.474	0.14	fixation	n/a	344.5	200.6	5055.0	n/a	n/a	n/a	n/a
284.616	0.026	saccade	n/a	345.7	198.5	n/a	401.1	200.6	1.97	124.0
284.644	0.276	fixation	n/a	402.9	201.1	4994.0	n/a	n/a	n/a	n/a
284.922	0.03	saccade	n/a	405.9	198.6	n/a	493.3	198.3	3.09	166.0
284.954	0.114	fixation	n/a	495.6	197.8	4969.0	n/a	n/a	n/a	n/a
285.07	0.016	saccade	n/a	493.8	199.8	n/a	467.0	200.1	0.95	75.0
285.088	0.18	fixation	n/a	471.1	200.7	4945.0	n/a	n/a	n/a	n/a
285.27	0.026	saccade	n/a	474.5	200.3	n/a	544.3	197.7	2.46	140.0
285.298	0.312	fixation	n/a	547.2	194.9	4985.0	n/a	n/a	n/a	n/a
285.612	0.064	saccade	n/a	547.8	200.0	n/a	173.0	254.7	13.34	341.0
285.678	0.15	fixation	n/a	174.3	254.3	5115.0	n/a	n/a	n/a	n/a
285.83	0.024	saccade	n/a	169.9	253.5	n/a	126.4	261.5	1.55	114.0
285.856	0.262	fixation	n/a	130.3	263.8	5159.0	n/a	n/a	n/a	n/a
286.12	0.132	saccade	n/a	127.8	266.3	n/a	227.2	218.8	3.88	1300.0
286.154	0.05	blink	n/a	n/a	n/a	n/a	n/a	n/a	n/a	n/a
286.254	0.126	fixation	n/a	229.0	235.5	5079.0	n/a	n/a	n/a	n/a
286.382	0.032	saccade	n/a	232.5	240.6	n/a	328.2	216.6	3.51	164.0
286.416	0.328	fixation	n/a	323.4	207.5	5079.0	n/a	n/a	n/a	n/a
286.512	0.0	trigger_11	11	n/a	n/a	n/a	n/a	n/a	n/a	n/a
286.57	0.0	trigger_10	10	n/a	n/a	n/a	n/a	n/a	n/a	n/a
286.746	0.04	saccade	n/a	322.0	203.0	n/a	166.6	205.1	5.5	246.0
286.788	0.166	fixation	n/a	169.9	206.0	5169.0	n/a	n/a	n/a	n/a
286.956	0.022	saccade	n/a	167.2	205.4	n/a	121.2	205.4	1.61	106.0
286.98	0.17	fixation	n/a	127.6	213.8	5206.0	n/a	n/a	n/a	n/a
287.152	0.028	saccade	n/a	130.3	217.8	n/a	206.2	208.2	2.7	156.0
287.182	0.14	fixation	n/a	204.3	203.3	5109.0	n/a	n/a	n/a	n/a
287.324	0.016	saccade	n/a	207.3	199.7	n/a	232.5	199.8	0.89	71.0
287.342	0.154	fixation	n/a	232.8	199.5	5014.0	n/a	n/a	n/a	n/a
287.498	0.02	saccade	n/a	234.8	197.1	n/a	272.7	195.1	1.35	87.0
287.52	0.202	fixation	n/a	275.7	196.0	4953.0	n/a	n/a	n/a	n/a
287.724	0.2	saccade	n/a	275.6	199.1	n/a	512.0	201.4	8.35	1584.0
287.76	0.05	blink	n/a	n/a	n/a	n/a	n/a	n/a	n/a	n/a
287.926	0.17	fixation	n/a	520.2	202.4	4885.0	n/a	n/a	n/a	n/a
288.098	0.02	saccade	n/a	524.9	207.3	n/a	556.8	196.4	1.18	82.0
288.12	0.112	fixation	n/a	556.1	197.5	4872.0	n/a	n/a	n/a	n/a
288.234	0.068	saccade	n/a	553.6	199.7	n/a	136.9	244.1	14.66	375.0
288.304	0.306	fixation	n/a	131.6	254.8	4854.0	n/a	n/a	n/a	n/a
288.612	0.026	saccade	n/a	127.2	259.4	n/a	196.2	253.6	2.43	136.0
288.64	0.28	fixation	n/a	197.5	254.5	4930.0	n/a	n/a	n/a	n/a
288.922	0.022	saccade	n/a	196.4	253.6	n/a	247.0	247.9	1.8	119.0
288.946	0.158	fixation	n/a	245.7	249.7	4969.0	n/a	n/a	n/a	n/a
289.106	0.024	saccade	n/a	246.1	249.3	n/a	306.0	244.3	2.13	130.0
289.132	0.208	fixation	n/a	307.0	247.5	5023.0	n/a	n/a	n/a	n/a
289.342	0.03	saccade	n/a	309.5	251.5	n/a	394.1	248.7	3.01	166.0
289.374	0.198	fixation	n/a	396.1	248.0	4972.0	n/a	n/a	n/a	n/a
289.574	0.026	saccade	n/a	398.7	249.0	n/a	471.9	254.0	2.61	145.0
289.602	0.138	fixation	n/a	475.7	256.6	4905.0	n/a	n/a	n/a	n/a
289.742	0.022	saccade	n/a	481.5	258.6	n/a	527.1	257.3	1.61	97.0
289.766	0.152	fixation	n/a	529.6	258.5	4835.0	n/a	n/a	n/a	n/a
289.92	0.066	saccade	n/a	531.0	257.8	n/a	141.4	314.6	13.82	351.0
289.988	0.176	fixation	n/a	142.8	316.6	4834.0	n/a	n/a	n/a	n/a
290.166	0.016	saccade	n/a	139.9	314.8	n/a	113.1	318.5	0.94	77.0
290.184	0.144	fixation	n/a	120.1	324.7	4833.0	n/a	n/a	n/a	n/a
290.33	0.164	saccade	n/a	117.3	325.8	n/a	200.9	237.1	4.33	1133.0
290.368	0.044	blink	n/a	n/a	n/a	n/a	n/a	n/a	n/a	n/a
290.496	0.158	fixation	n/a	205.8	260.2	4783.0	n/a	n/a	n/a	n/a
290.656	0.02	saccade	n/a	214.5	265.1	n/a	260.9	261.0	1.65	110.0
290.678	0.17	fixation	n/a	261.4	259.6	4798.0	n/a	n/a	n/a	n/a
290.85	0.032	saccade	n/a	264.2	258.9	n/a	173.4	214.5	3.59	192.0
290.884	0.314	fixation	n/a	173.0	212.2	4858.0	n/a	n/a	n/a	n/a
290.962	0.0	trigger_11	11	n/a	n/a	n/a	n/a	n/a	n/a	n/a
291.022	0.0	trigger_10	10	n/a	n/a	n/a	n/a	n/a	n/a	n/a
291.2	0.024	saccade	n/a	168.5	213.8	n/a	120.2	213.5	1.69	120.0
291.226	0.184	fixation	n/a	125.4	219.0	4851.0	n/a	n/a	n/a	n/a
291.412	0.032	saccade	n/a	123.4	217.4	n/a	229.3	208.8	3.74	194.0
291.446	0.234	fixation	n/a	232.7	211.1	4802.0	n/a	n/a	n/a	n/a
291.682	0.018	saccade	n/a	229.6	210.3	n/a	198.4	212.5	1.1	79.0
291.702	0.108	fixation	n/a	200.6	212.1	4760.0	n/a	n/a	n/a	n/a
291.812	0.03	saccade	n/a	203.8	212.1	n/a	291.2	201.5	3.12	182.0
291.844	0.176	fixation	n/a	292.5	197.9	4694.0	n/a	n/a	n/a	n/a
292.022	0.024	saccade	n/a	292.4	197.0	n/a	343.5	197.6	1.81	107.0
292.048	0.146	fixation	n/a	350.0	198.1	4671.0	n/a	n/a	n/a	n/a
292.196	0.024	saccade	n/a	354.1	201.9	n/a	409.9	199.2	1.99	117.0
292.222	0.19	fixation	n/a	413.5	200.0	4588.0	n/a	n/a	n/a	n/a
292.414	0.028	saccade	n/a	416.3	200.7	n/a	501.6	204.0	3.03	160.0
292.444	0.146	fixation	n/a	506.2	200.5	4490.0	n/a	n/a	n/a	n/a
292.592	0.018	saccade	n/a	502.8	198.5	n/a	471.6	198.9	1.1	79.0
292.612	0.144	fixation	n/a	473.4	197.7	4452.0	n/a	n/a	n/a	n/a
292.758	0.03	saccade	n/a	475.8	198.6	n/a	564.5	196.1	3.11	170.0
292.79	0.228	fixation	n/a	567.9	194.5	4415.0	n/a	n/a	n/a	n/a
293.02	0.094	saccade	n/a	569.1	198.8	n/a	148.0	246.6	14.82	601.0
293.116	0.118	fixation	n/a	152.9	262.7	4522.0	n/a	n/a	n/a	n/a
293.236	0.02	saccade	n/a	149.7	266.0	n/a	113.1	264.4	1.28	106.0
293.258	0.112	fixation	n/a	117.4	264.7	4550.0	n/a	n/a	n/a	n/a
293.372	0.028	saccade	n/a	119.8	267.1	n/a	198.6	259.5	2.78	158.0
293.402	0.196	fixation	n/a	203.3	263.6	4562.0	n/a	n/a	n/a	n/a
293.6	0.03	saccade	n/a	204.8	262.8	n/a	288.2	257.2	2.96	168.0
293.632	0.204	fixation	n/a	291.7	257.9	4544.0	n/a	n/a	n/a	n/a
293.838	0.032	saccade	n/a	289.7	254.6	n/a	392.1	252.5	3.64	197.0
293.872	0.136	fixation	n/a	398.7	254.1	4543.0	n/a	n/a	n/a	n/a
294.01	0.014	saccade	n/a	397.4	256.2	n/a	377.8	257.4	0.7	61.0
294.026	0.088	fixation	n/a	380.6	258.8	4515.0	n/a	n/a	n/a	n/a
294.116	0.024	saccade	n/a	382.6	257.6	n/a	440.6	256.2	2.07	124.0
294.142	0.218	fixation	n/a	443.3	253.2	4496.0	n/a	n/a	n/a	n/a
294.362	0.066	saccade	n/a	443.4	255.7	n/a	153.1	312.9	10.46	231.0
294.43	0.25	fixation	n/a	151.9	317.0	4614.0	n/a	n/a	n/a	n/a
294.682	0.036	saccade	n/a	150.3	317.7	n/a	286.4	314.7	4.82	232.0
294.72	0.502	fixation	n/a	291.4	312.6	4530.0	n/a	n/a	n/a	n/a
295.224	0.024	saccade	n/a	291.7	311.0	n/a	238.4	319.7	1.93	133.0
295.25	0.032	fixation	n/a	243.4	319.7	4476.0	n/a	n/a	n/a	n/a
295.284	0.036	saccade	n/a	245.6	318.5	n/a	375.7	309.0	4.64	217.0
295.322	0.172	fixation	n/a	379.4	310.8	4443.0	n/a	n/a	n/a	n/a
295.496	0.026	saccade	n/a	381.4	309.4	n/a	463.6	303.4	2.93	153.0
295.524	0.158	fixation	n/a	468.5	306.1	4457.0	n/a	n/a	n/a	n/a
295.684	0.024	saccade	n/a	470.8	306.0	n/a	528.8	307.8	2.05	117.0
295.71	0.242	fixation	n/a	530.9	307.7	4374.0	n/a	n/a	n/a	n/a
295.954	0.026	saccade	n/a	534.0	308.3	n/a	616.8	314.0	2.9	158.0
295.982	0.198	fixation	n/a	625.2	314.9	4231.0	n/a	n/a	n/a	n/a
296.182	0.026	saccade	n/a	630.2	315.5	n/a	699.8	313.6	2.39	125.0
296.21	0.208	fixation	n/a	707.3	309.9	4115.0	n/a	n/a	n/a	n/a
296.42	0.016	saccade	n/a	706.3	307.6	n/a	681.9	308.3	0.83	65.0
296.438	0.072	fixation	n/a	683.4	310.4	4078.0	n/a	n/a	n/a	n/a
296.512	0.082	saccade	n/a	684.0	311.8	n/a	157.3	375.6	18.4	350.0
296.596	0.108	fixation	n/a	166.3	378.6	4114.0	n/a	n/a	n/a	n/a
296.706	0.02	saccade	n/a	165.4	378.8	n/a	126.4	374.7	1.38	96.0
296.728	0.224	fixation	n/a	124.7	369.8	4116.0	n/a	n/a	n/a	n/a
296.954	0.022	saccade	n/a	125.7	370.4	n/a	168.2	367.4	1.5	91.0
296.978	0.286	fixation	n/a	168.5	366.9	4146.0	n/a	n/a	n/a	n/a
297.266	0.026	saccade	n/a	173.2	370.0	n/a	239.2	362.8	2.35	143.0
297.294	0.194	fixation	n/a	243.4	362.9	4154.0	n/a	n/a	n/a	n/a
297.49	0.022	saccade	n/a	243.3	358.9	n/a	285.7	357.0	1.51	96.0
297.514	0.138	fixation	n/a	287.8	358.6	4145.0	n/a	n/a	n/a	n/a
297.654	0.214	saccade	n/a	289.3	358.6	n/a	234.0	516.3	5.99	1144.0
297.696	0.072	blink	n/a	n/a	n/a	n/a	n/a	n/a	n/a	n/a
297.87	0.09	fixation	n/a	227.9	500.3	3983.0	n/a	n/a	n/a	n/a
297.962	0.024	saccade	n/a	224.4	499.3	n/a	177.8	532.3	2.02	128.0
297.988	0.09	fixation	n/a	177.1	539.5	4032.0	n/a	n/a	n/a	n/a
298.074	0.0	trigger_11	11	n/a	n/a	n/a	n/a	n/a	n/a	n/a
298.08	0.04	saccade	n/a	178.7	536.3	n/a	216.0	373.8	5.95	267.0
298.122	0.176	fixation	n/a	217.7	372.3	4212.0	n/a	n/a	n/a	n/a
298.14	0.0	trigger_12	12	n/a	n/a	n/a	n/a	n/a	n/a	n/a
298.3	0.04	saccade	n/a	217.5	372.2	n/a	155.4	242.0	5.17	266.0
298.342	0.108	fixation	n/a	156.7	240.3	4236.0	n/a	n/a	n/a	n/a
298.452	0.022	saccade	n/a	156.5	238.3	n/a	134.3	205.9	1.4	92.0
298.476	0.196	fixation	n/a	139.7	204.1	4284.0	n/a	n/a	n/a	n/a
298.674	0.024	saccade	n/a	144.3	205.7	n/a	209.4	194.1	2.34	135.0
298.7	0.268	fixation	n/a	210.4	189.7	4392.0	n/a	n/a	n/a	n/a
298.97	0.022	saccade	n/a	211.6	190.8	n/a	260.4	186.0	1.74	105.0
298.994	0.22	fixation	n/a	260.7	184.3	4508.0	n/a	n/a	n/a	n/a
299.216	0.028	saccade	n/a	262.0	183.9	n/a	344.4	181.4	2.92	164.0
299.246	0.22	fixation	n/a	345.9	186.1	4556.0	n/a	n/a	n/a	n/a
299.468	0.038	saccade	n/a	345.3	187.8	n/a	467.7	187.5	4.35	196.0
299.508	0.176	fixation	n/a	468.5	188.6	4590.0	n/a	n/a	n/a	n/a
299.686	0.046	saccade	n/a	468.3	188.6	n/a	248.6	194.3	7.78	296.0
299.734	0.516	fixation	n/a	248.2	194.6	4664.0	n/a	n/a	n/a	n/a
300.252	0.028	saccade	n/a	245.3	192.2	n/a	324.9	186.7	2.83	160.0
300.282	0.26	fixation	n/a	326.9	189.2	4691.0	n/a	n/a	n/a	n/a
300.544	0.03	saccade	n/a	329.3	187.6	n/a	413.6	186.6	2.99	167.0
300.576	0.156	fixation	n/a	413.9	191.5	4686.0	n/a	n/a	n/a	n/a
300.734	0.026	saccade	n/a	415.3	192.9	n/a	477.0	191.4	2.19	133.0
300.762	0.152	fixation	n/a	476.6	191.4	4627.0	n/a	n/a	n/a	n/a
300.916	0.022	saccade	n/a	478.5	191.7	n/a	525.4	191.6	1.65	106.0
300.94	0.226	fixation	n/a	526.2	191.4	4560.0	n/a	n/a	n/a	n/a
301.168	0.03	saccade	n/a	526.7	191.8	n/a	441.4	188.1	3.02	181.0
301.2	0.268	fixation	n/a	449.3	187.1	4584.0	n/a	n/a	n/a	n/a
301.47	0.028	saccade	n/a	451.1	183.1	n/a	526.5	184.2	2.66	143.0
301.5	0.202	fixation	n/a	530.0	185.2	4538.0	n/a	n/a	n/a	n/a
301.704	0.024	saccade	n/a	534.4	184.6	n/a	595.4	185.6	2.13	126.0
301.73	0.166	fixation	n/a	598.2	186.5	4487.0	n/a	n/a	n/a	n/a
301.898	0.018	saccade	n/a	600.9	186.8	n/a	627.1	187.8	0.91	65.0
301.918	0.15	fixation	n/a	628.2	190.3	4478.0	n/a	n/a	n/a	n/a
302.07	0.022	saccade	n/a	630.4	190.5	n/a	677.4	189.9	1.61	102.0
302.094	0.078	fixation	n/a	676.6	191.9	4411.0	n/a	n/a	n/a	n/a
302.174	0.08	saccade	n/a	676.4	194.6	n/a	172.6	249.6	17.63	343.0
302.256	0.128	fixation	n/a	172.0	252.4	4425.0	n/a	n/a	n/a	n/a
302.386	0.022	saccade	n/a	168.6	252.8	n/a	127.7	255.2	1.44	107.0
302.41	0.058	fixation	n/a	129.8	257.4	4364.0	n/a	n/a	n/a	n/a
302.47	0.146	saccade	n/a	132.3	260.1	n/a	257.7	219.5	4.67	1149.0
302.5	0.044	blink	n/a	n/a	n/a	n/a	n/a	n/a	n/a	n/a
302.618	0.382	fixation	n/a	264.5	242.4	4277.0	n/a	n/a	n/a	n/a
303.002	0.032	saccade	n/a	267.6	248.1	n/a	363.2	239.0	3.42	175.0
303.036	0.436	fixation	n/a	367.0	244.7	4150.0	n/a	n/a	n/a	n/a
303.474	0.018	saccade	n/a	368.9	237.9	n/a	395.3	238.4	0.94	65.0
303.494	0.136	fixation	n/a	397.5	238.2	4141.0	n/a	n/a	n/a	n/a
303.632	0.028	saccade	n/a	398.2	237.1	n/a	472.9	240.5	2.66	151.0
303.662	0.178	fixation	n/a	474.5	238.5	4161.0	n/a	n/a	n/a	n/a
303.842	0.028	saccade	n/a	476.5	237.8	n/a	557.4	231.0	2.86	145.0
303.872	0.152	fixation	n/a	561.9	232.8	4171.0	n/a	n/a	n/a	n/a
304.026	0.02	saccade	n/a	560.9	235.1	n/a	528.7	239.8	1.14	78.0
304.048	0.228	fixation	n/a	528.4	242.1	4136.0	n/a	n/a	n/a	n/a
304.278	0.024	saccade	n/a	531.3	245.8	n/a	586.0	237.6	1.94	120.0
304.304	0.066	fixation	n/a	588.0	237.8	4107.0	n/a	n/a	n/a	n/a
304.372	0.072	saccade	n/a	587.8	238.8	n/a	157.6	307.0	15.29	346.0
304.446	0.16	fixation	n/a	165.0	309.1	4211.0	n/a	n/a	n/a	n/a
304.608	0.018	saccade	n/a	165.5	310.7	n/a	139.2	307.5	0.93	73.0
304.628	0.068	fixation	n/a	139.6	307.6	4237.0	n/a	n/a	n/a	n/a
304.698	0.03	saccade	n/a	138.7	306.4	n/a	228.4	306.8	3.17	172.0
304.73	0.188	fixation	n/a	230.5	305.7	4261.0	n/a	n/a	n/a	n/a
304.92	0.026	saccade	n/a	233.5	305.5	n/a	307.2	301.7	2.63	141.0
304.948	0.2	fixation	n/a	310.8	301.8	4239.0	n/a	n/a	n/a	n/a
305.15	0.026	saccade	n/a	312.2	302.9	n/a	377.1	305.7	2.33	134.0
305.178	0.156	fixation	n/a	379.1	304.1	4210.0	n/a	n/a	n/a	n/a
305.336	0.028	saccade	n/a	385.0	305.8	n/a	465.3	306.4	2.87	151.0
305.366	0.152	fixation	n/a	467.6	304.7	4192.0	n/a	n/a	n/a	n/a
305.52	0.02	saccade	n/a	469.8	303.5	n/a	505.7	302.2	1.27	83.0
305.542	0.098	fixation	n/a	507.0	301.6	4181.0	n/a	n/a	n/a	n/a
305.642	0.174	saccade	n/a	504.2	299.8	n/a	448.8	214.2	3.66	1250.0
305.682	0.066	blink	n/a	n/a	n/a	n/a	n/a	n/a	n/a	n/a
305.818	0.128	fixation	n/a	440.9	222.3	4207.0	n/a	n/a	n/a	n/a
305.948	0.026	saccade	n/a	442.3	228.6	n/a	379.5	231.0	2.23	140.0
305.976	0.228	fixation	n/a	380.7	239.9	4226.0	n/a	n/a	n/a	n/a
306.206	0.032	saccade	n/a	379.9	243.4	n/a	287.5	245.6	3.3	189.0
306.24	0.698	fixation	n/a	288.9	246.5	4234.0	n/a	n/a	n/a	n/a
306.386	0.0	trigger_13	13	n/a	n/a	n/a	n/a	n/a	n/a	n/a
306.438	0.0	trigger_21	21	n/a	n/a	n/a	n/a	n/a	n/a	n/a
