onset	duration	trial_type	value	gaze_x	gaze_y	pupil_size	sacc_endx	sacc_endy	sacc_amplitude	sacc_peakvel
0.046	1.62	blink	n/a	n/a	n/a	n/a	n/a	n/a	n/a	n/a
0.046	1.634	saccade	n/a	0.0	0.0	n/a	280.4	207.6	4900000.0	29.0
0.106	0.0	trigger_93	93	n/a	n/a	n/a	n/a	n/a	n/a	n/a
1.682	0.05	fixation	n/a	278.1	199.9	4703.0	n/a	n/a	n/a	n/a
1.734	1.226	saccade	n/a	378.5	277.9	n/a	326.1	226.4	2.59	123.0
1.744	1.162	blink	n/a	n/a	n/a	n/a	n/a	n/a	n/a	n/a
2.116	0.0	trigger_10	10	n/a	n/a	n/a	n/a	n/a	n/a	n/a
2.962	0.06	fixation	n/a	319.1	207.5	4270.0	n/a	n/a	n/a	n/a
3.024	0.026	saccade	n/a	321.9	193.9	n/a	391.8	193.0	2.46	118.0
3.052	0.176	fixation	n/a	404.7	188.5	4308.0	n/a	n/a	n/a	n/a
3.23	0.024	saccade	n/a	404.5	182.8	n/a	469.9	188.2	2.31	131.0
3.256	0.188	fixation	n/a	487.4	195.9	4354.0	n/a	n/a	n/a	n/a
3.446	0.026	saccade	n/a	490.2	195.7	n/a	557.3	200.6	2.36	105.0
3.474	0.226	fixation	n/a	563.7	196.6	4307.0	n/a	n/a	n/a	n/a
3.702	0.02	saccade	n/a	565.1	194.4	n/a	603.0	197.8	1.33	86.0
3.724	0.084	fixation	n/a	606.0	197.4	4236.0	n/a	n/a	n/a	n/a
3.81	0.08	saccade	n/a	605.3	197.7	n/a	102.7	246.1	17.3	346.0
3.892	0.1	fixation	n/a	124.6	255.4	4271.0	n/a	n/a	n/a	n/a
3.994	0.08	saccade	n/a	147.7	260.4	n/a	157.2	268.6	0.43	285.0
4.076	0.044	fixation	n/a	167.4	266.8	4257.0	n/a	n/a	n/a	n/a
4.122	0.032	saccade	n/a	162.4	260.1	n/a	264.0	263.8	3.5	146.0
4.156	0.218	fixation	n/a	266.0	264.9	4263.0	n/a	n/a	n/a	n/a
4.376	0.028	saccade	n/a	267.2	264.2	n/a	344.7	254.9	2.72	159.0
4.406	0.202	fixation	n/a	339.7	249.8	4336.0	n/a	n/a	n/a	n/a
4.61	0.032	saccade	n/a	342.4	246.2	n/a	442.7	246.9	3.52	170.0
4.644	0.142	fixation	n/a	442.8	247.2	4433.0	n/a	n/a	n/a	n/a
4.788	0.026	saccade	n/a	449.8	247.4	n/a	519.3	252.0	2.44	120.0
4.816	0.1	fixation	n/a	530.3	256.2	4364.0	n/a	n/a	n/a	n/a
4.918	0.07	saccade	n/a	530.7	259.6	n/a	150.0	316.0	13.28	406.0
4.99	0.056	fixation	n/a	152.8	323.1	4295.0	n/a	n/a	n/a	n/a
5.048	0.016	saccade	n/a	147.1	328.9	n/a	174.6	332.7	0.95	82.0
5.066	0.052	fixation	n/a	175.7	329.5	4229.0	n/a	n/a	n/a	n/a
5.12	0.078	saccade	n/a	142.7	319.2	n/a	164.3	336.6	0.95	107.0
5.2	0.028	fixation	n/a	165.5	337.2	4126.0	n/a	n/a	n/a	n/a
5.23	0.296	saccade	n/a	182.2	327.8	n/a	355.2	330.7	5.98	545.0
5.528	0.058	fixation	n/a	338.9	331.2	3971.0	n/a	n/a	n/a	n/a
5.588	0.194	saccade	n/a	343.5	329.0	n/a	414.9	340.4	2.52	620.0
5.784	0.256	fixation	n/a	400.6	335.8	3913.0	n/a	n/a	n/a	n/a
6.042	0.034	saccade	n/a	398.3	333.4	n/a	526.6	333.3	4.48	231.0
6.078	0.23	fixation	n/a	526.9	326.4	3923.0	n/a	n/a	n/a	n/a
6.31	0.018	saccade	n/a	528.8	321.9	n/a	554.4	320.5	0.89	58.0
6.33	0.198	fixation	n/a	576.6	317.7	3893.0	n/a	n/a	n/a	n/a
6.53	0.026	saccade	n/a	582.1	313.6	n/a	649.8	311.0	2.34	120.0
6.558	0.326	fixation	n/a	657.9	313.6	3736.0	n/a	n/a	n/a	n/a
6.886	0.088	saccade	n/a	660.2	316.0	n/a	64.4	348.9	20.19	367.0
6.976	0.282	fixation	n/a	52.8	360.5	3309.0	n/a	n/a	n/a	n/a
7.26	0.064	saccade	n/a	51.8	355.1	n/a	62.8	251.5	3.59	141.0
7.326	0.102	fixation	n/a	59.2	239.2	3138.0	n/a	n/a	n/a	n/a
7.43	0.048	saccade	n/a	66.4	238.7	n/a	33.1	178.3	2.37	113.0
7.48	0.054	fixation	n/a	39.5	190.7	3229.0	n/a	n/a	n/a	n/a
7.536	0.084	saccade	n/a	39.4	183.3	n/a	19.4	171.5	0.78	108.0
7.622	0.044	fixation	n/a	20.3	161.1	3365.0	n/a	n/a	n/a	n/a
7.668	0.014	saccade	n/a	26.8	161.5	n/a	42.3	174.6	0.69	65.0
7.684	0.062	fixation	n/a	27.6	167.2	3402.0	n/a	n/a	n/a	n/a
7.748	0.238	saccade	n/a	29.5	158.5	n/a	387.7	185.1	12.3	600.0
7.988	0.182	fixation	n/a	384.3	180.2	3844.0	n/a	n/a	n/a	n/a
8.172	0.028	saccade	n/a	387.2	176.2	n/a	468.0	185.0	2.86	125.0
8.202	0.154	fixation	n/a	474.8	185.3	3932.0	n/a	n/a	n/a	n/a
8.358	0.028	saccade	n/a	478.2	187.0	n/a	558.2	195.0	2.82	132.0
8.388	0.224	fixation	n/a	561.0	194.2	3872.0	n/a	n/a	n/a	n/a
8.614	0.068	saccade	n/a	561.1	198.1	n/a	79.8	233.6	16.56	409.0
8.684	0.032	fixation	n/a	75.9	240.1	3719.0	n/a	n/a	n/a	n/a
8.718	0.024	saccade	n/a	71.0	241.7	n/a	37.0	234.3	1.16	104.0
8.744	0.062	fixation	n/a	40.2	233.1	3516.0	n/a	n/a	n/a	n/a
8.808	0.072	saccade	n/a	29.6	247.6	n/a	30.0	221.2	0.91	102.0
8.882	0.18	fixation	n/a	51.6	215.0	3320.0	n/a	n/a	n/a	n/a
9.064	0.018	saccade	n/a	63.5	202.7	n/a	75.5	194.9	0.48	79.0
9.084	0.092	fixation	n/a	72.3	205.8	3257.0	n/a	n/a	n/a	n/a
9.178	0.084	saccade	n/a	78.3	197.5	n/a	112.0	184.1	1.23	119.0
9.264	0.096	fixation	n/a	115.3	186.8	3065.0	n/a	n/a	n/a	n/a
9.362	0.022	saccade	n/a	126.3	181.3	n/a	106.4	212.7	1.29	95.0
9.386	0.068	fixation	n/a	115.2	203.0	2932.0	n/a	n/a	n/a	n/a
9.456	0.104	saccade	n/a	123.3	202.7	n/a	436.5	255.2	10.98	494.0
9.562	0.046	fixation	n/a	434.7	252.9	3554.0	n/a	n/a	n/a	n/a
9.61	0.034	saccade	n/a	434.1	247.6	n/a	533.9	256.8	3.5	166.0
9.646	0.158	fixation	n/a	534.1	252.9	3691.0	n/a	n/a	n/a	n/a
9.806	0.074	saccade	n/a	534.3	248.4	n/a	64.5	294.2	16.11	378.0
9.882	0.3	fixation	n/a	54.5	296.3	3277.0	n/a	n/a	n/a	n/a
10.184	0.016	saccade	n/a	56.7	303.8	n/a	76.6	274.0	1.23	92.0
10.202	0.428	fixation	n/a	94.6	278.7	3100.0	n/a	n/a	n/a	n/a
10.632	0.032	saccade	n/a	94.0	255.8	n/a	116.1	275.7	1.02	100.0
10.666	0.23	fixation	n/a	123.2	270.8	2950.0	n/a	n/a	n/a	n/a
10.898	0.014	saccade	n/a	140.4	280.6	n/a	153.9	268.1	0.63	49.0
10.914	0.04	fixation	n/a	157.4	265.4	2635.0	n/a	n/a	n/a	n/a
10.956	0.036	saccade	n/a	156.6	264.1	n/a	159.1	262.7	0.1	156.0
10.994	0.068	fixation	n/a	158.1	274.9	2627.0	n/a	n/a	n/a	n/a
11.064	0.156	saccade	n/a	159.9	271.2	n/a	515.8	355.3	12.6	1276.0
11.112	0.062	blink	n/a	n/a	n/a	n/a	n/a	n/a	n/a	n/a
11.222	0.192	fixation	n/a	520.8	331.8	3605.0	n/a	n/a	n/a	n/a
11.416	0.032	saccade	n/a	529.2	316.1	n/a	603.0	326.4	2.58	98.0
11.45	0.192	fixation	n/a	634.3	328.6	3597.0	n/a	n/a	n/a	n/a
11.644	0.078	saccade	n/a	640.7	330.1	n/a	79.7	383.6	19.04	444.0
11.72	0.0	trigger_11	11	n/a	n/a	n/a	n/a	n/a	n/a	n/a
11.724	0.238	fixation	n/a	69.8	391.0	3295.0	n/a	n/a	n/a	n/a
11.824	0.0	trigger_10	10	n/a	n/a	n/a	n/a	n/a	n/a	n/a
11.964	0.044	saccade	n/a	68.3	391.1	n/a	50.0	188.4	6.98	291.0
12.01	0.198	fixation	n/a	48.6	184.3	3389.0	n/a	n/a	n/a	n/a
12.21	0.044	saccade	n/a	48.1	178.5	n/a	81.4	125.7	2.15	130.0
12.256	0.08	fixation	n/a	90.7	120.2	3271.0	n/a	n/a	n/a	n/a
12.338	0.044	saccade	n/a	87.0	109.2	n/a	105.2	126.5	0.86	311.0
12.384	0.034	fixation	n/a	91.3	133.9	3341.0	n/a	n/a	n/a	n/a
12.42	0.022	saccade	n/a	106.8	137.3	n/a	95.6	123.9	0.6	100.0
12.444	0.048	fixation	n/a	88.7	117.3	3392.0	n/a	n/a	n/a	n/a
12.494	0.082	saccade	n/a	85.6	111.8	n/a	377.1	187.3	10.38	589.0
12.578	0.216	fixation	n/a	384.1	186.3	3920.0	n/a	n/a	n/a	n/a
12.796	0.026	saccade	n/a	380.2	181.4	n/a	446.6	181.4	2.33	130.0
12.824	0.164	fixation	n/a	449.8	182.6	4028.0	n/a	n/a	n/a	n/a
12.99	0.026	saccade	n/a	451.2	180.9	n/a	520.3	190.8	2.45	130.0
13.018	0.498	fixation	n/a	532.0	191.8	3970.0	n/a	n/a	n/a	n/a
13.518	0.11	saccade	n/a	543.6	189.5	n/a	39.9	226.9	17.24	386.0
13.63	0.432	fixation	n/a	34.7	231.7	3484.0	n/a	n/a	n/a	n/a
13.854	0.0	trigger_11	11	n/a	n/a	n/a	n/a	n/a	n/a	n/a
13.962	0.0	trigger_10	10	n/a	n/a	n/a	n/a	n/a	n/a	n/a
14.064	0.014	saccade	n/a	48.5	225.6	n/a	22.8	233.1	0.89	86.0
14.08	0.068	fixation	n/a	23.9	225.3	3436.0	n/a	n/a	n/a	n/a
14.15	0.018	saccade	n/a	31.9	212.7	n/a	46.0	188.7	0.96	76.0
14.17	0.114	fixation	n/a	27.3	178.6	3564.0	n/a	n/a	n/a	n/a
14.286	0.094	saccade	n/a	23.1	180.1	n/a	14.0	174.6	0.36	116.0
14.382	0.048	fixation	n/a	14.6	158.7	3610.0	n/a	n/a	n/a	n/a
14.432	0.312	saccade	n/a	20.7	144.8	n/a	79.9	108.5	2.35	430.0
14.746	0.148	fixation	n/a	72.2	121.9	3452.0	n/a	n/a	n/a	n/a
14.896	0.022	saccade	n/a	73.8	145.4	n/a	60.8	137.3	0.52	81.0
14.92	0.12	fixation	n/a	66.3	126.3	3368.0	n/a	n/a	n/a	n/a
15.042	0.056	saccade	n/a	75.1	124.7	n/a	522.8	200.6	15.62	731.0
15.1	0.422	fixation	n/a	534.1	195.6	3747.0	n/a	n/a	n/a	n/a
15.524	0.124	saccade	n/a	544.1	194.0	n/a	62.2	219.6	16.53	273.0
15.65	0.194	fixation	n/a	45.3	221.8	3334.0	n/a	n/a	n/a	n/a
15.846	0.058	saccade	n/a	50.9	218.4	n/a	86.3	213.4	1.2	101.0
15.906	0.288	fixation	n/a	77.6	206.1	3177.0	n/a	n/a	n/a	n/a
16.196	0.006	saccade	n/a	77.2	220.0	n/a	68.4	218.9	0.3	58.0
16.204	0.078	fixation	n/a	61.5	214.2	3193.0	n/a	n/a	n/a	n/a
16.284	0.044	saccade	n/a	65.6	202.5	n/a	148.9	179.9	2.92	112.0
16.33	0.178	fixation	n/a	146.0	185.3	2694.0	n/a	n/a	n/a	n/a
16.51	0.058	saccade	n/a	174.5	161.0	n/a	442.1	256.0	9.88	604.0
16.57	0.082	fixation	n/a	440.6	249.3	3456.0	n/a	n/a	n/a	n/a
16.654	0.036	saccade	n/a	437.1	246.7	n/a	492.1	252.2	1.94	226.0
16.692	0.194	fixation	n/a	513.4	251.1	3607.0	n/a	n/a	n/a	n/a
16.888	0.02	saccade	n/a	515.9	246.6	n/a	559.5	254.0	1.54	105.0
16.91	0.192	fixation	n/a	574.4	258.9	3598.0	n/a	n/a	n/a	n/a
17.104	0.022	saccade	n/a	576.8	263.5	n/a	621.3	260.7	1.55	92.0
17.128	0.198	fixation	n/a	625.7	263.3	3543.0	n/a	n/a	n/a	n/a
17.328	0.152	saccade	n/a	625.5	264.2	n/a	146.8	205.2	16.55	435.0
17.482	0.186	fixation	n/a	144.1	198.9	2598.0	n/a	n/a	n/a	n/a
17.67	0.07	saccade	n/a	155.1	205.9	n/a	224.5	184.3	2.51	575.0
17.742	0.092	fixation	n/a	215.4	172.9	2216.0	n/a	n/a	n/a	n/a
17.836	0.02	saccade	n/a	227.2	161.3	n/a	210.0	183.8	0.99	87.0
17.858	0.022	fixation	n/a	209.7	183.7	2205.0	n/a	n/a	n/a	n/a
17.882	0.056	saccade	n/a	213.0	191.7	n/a	572.3	277.1	12.81	816.0
17.94	0.202	fixation	n/a	575.8	267.9	3404.0	n/a	n/a	n/a	n/a
18.144	0.028	saccade	n/a	578.2	267.9	n/a	669.8	271.2	3.17	151.0
18.174	0.182	fixation	n/a	672.6	269.7	3409.0	n/a	n/a	n/a	n/a
18.358	0.074	saccade	n/a	674.9	269.7	n/a	75.6	281.5	20.29	429.0
18.434	0.184	fixation	n/a	72.9	302.2	3135.0	n/a	n/a	n/a	n/a
18.62	0.038	saccade	n/a	76.3	305.3	n/a	52.9	180.9	4.38	162.0
18.66	0.318	fixation	n/a	54.2	173.2	3105.0	n/a	n/a	n/a	n/a
18.98	0.038	saccade	n/a	62.5	169.1	n/a	51.3	339.1	5.88	309.0
19.02	0.212	fixation	n/a	41.0	331.1	3261.0	n/a	n/a	n/a	n/a
19.234	0.062	saccade	n/a	37.5	327.8	n/a	71.7	278.1	2.05	101.0
19.298	0.07	fixation	n/a	71.0	282.0	3219.0	n/a	n/a	n/a	n/a
19.37	0.112	saccade	n/a	75.7	275.2	n/a	335.9	313.6	8.98	562.0
19.484	0.126	fixation	n/a	339.6	309.6	3554.0	n/a	n/a	n/a	n/a
19.612	0.312	saccade	n/a	346.4	314.4	n/a	467.0	317.4	4.2	726.0
19.926	0.242	fixation	n/a	462.8	315.6	3528.0	n/a	n/a	n/a	n/a
20.17	0.106	saccade	n/a	456.7	325.1	n/a	143.4	251.7	11.09	456.0
20.278	0.028	fixation	n/a	144.1	258.4	2818.0	n/a	n/a	n/a	n/a
20.308	0.04	saccade	n/a	160.1	266.8	n/a	140.1	261.3	0.71	417.0
20.35	0.046	fixation	n/a	132.4	259.4	2771.0	n/a	n/a	n/a	n/a
20.398	0.08	saccade	n/a	130.6	256.1	n/a	533.3	328.6	14.05	835.0
20.48	0.124	fixation	n/a	535.3	318.8	3707.0	n/a	n/a	n/a	n/a
20.606	0.02	saccade	n/a	537.6	312.6	n/a	573.4	300.7	1.31	92.0
20.628	0.108	fixation	n/a	574.2	300.1	3830.0	n/a	n/a	n/a	n/a
20.738	0.014	saccade	n/a	574.4	310.9	n/a	573.0	329.8	0.66	48.0
20.754	0.03	fixation	n/a	569.5	344.8	3848.0	n/a	n/a	n/a	n/a
20.786	2.514	saccade	n/a	246.3	237.0	n/a	278.8	197.2	1.8	17.0
20.796	2.49	blink	n/a	n/a	n/a	n/a	n/a	n/a	n/a	n/a
20.92	0.0	trigger_11	11	n/a	n/a	n/a	n/a	n/a	n/a	n/a
21.022	0.0	trigger_12	12	n/a	n/a	n/a	n/a	n/a	n/a	n/a
23.302	0.29	fixation	n/a	276.4	191.4	4094.0	n/a	n/a	n/a	n/a
23.392	0.0	trigger_13	13	n/a	n/a	n/a	n/a	n/a	n/a	n/a
23.594	0.034	saccade	n/a	276.6	186.8	n/a	126.3	251.0	5.64	274.0
23.63	0.36	fixation	n/a	127.8	255.0	4229.0	n/a	n/a	n/a	n/a
23.992	0.02	saccade	n/a	134.2	254.0	n/a	141.0	293.5	1.39	91.0
24.014	0.462	fixation	n/a	147.1	294.9	4310.0	n/a	n/a	n/a	n/a
24.478	0.028	saccade	n/a	150.5	304.1	n/a	130.7	208.0	3.42	172.0
24.508	0.172	fixation	n/a	138.9	188.7	4424.0	n/a	n/a	n/a	n/a
24.682	0.032	saccade	n/a	140.6	192.5	n/a	229.2	183.5	3.05	170.0
24.716	0.18	fixation	n/a	227.1	184.7	4476.0	n/a	n/a	n/a	n/a
24.898	0.046	saccade	n/a	227.9	187.3	n/a	140.2	325.9	5.68	259.0
24.946	0.124	fixation	n/a	145.2	324.9	4517.0	n/a	n/a	n/a	n/a
25.072	0.016	saccade	n/a	141.0	318.8	n/a	117.0	315.5	0.82	53.0
25.09	0.154	fixation	n/a	114.3	309.6	4521.0	n/a	n/a	n/a	n/a
25.246	0.02	saccade	n/a	118.9	312.1	n/a	153.5	302.7	1.21	76.0
25.268	0.304	fixation	n/a	161.4	302.2	4470.0	n/a	n/a	n/a	n/a
25.336	0.0	trigger_15	15	n/a	n/a	n/a	n/a	n/a	n/a	n/a
25.394	0.0	trigger_10	10	n/a	n/a	n/a	n/a	n/a	n/a	n/a
25.574	0.026	saccade	n/a	162.6	298.0	n/a	125.0	244.7	2.25	117.0
25.602	0.116	fixation	n/a	134.0	222.1	4448.0	n/a	n/a	n/a	n/a
25.72	0.016	saccade	n/a	138.2	214.4	n/a	128.5	191.8	0.86	66.0
25.738	0.206	fixation	n/a	129.1	194.3	4391.0	n/a	n/a	n/a	n/a
25.946	0.02	saccade	n/a	133.0	199.5	n/a	173.5	192.4	1.4	94.0
25.968	0.392	fixation	n/a	180.6	195.0	4235.0	n/a	n/a	n/a	n/a
26.362	0.026	saccade	n/a	184.2	193.7	n/a	248.1	193.5	2.2	100.0
26.39	0.216	fixation	n/a	257.4	193.9	4143.0	n/a	n/a	n/a	n/a
26.608	0.03	saccade	n/a	263.0	197.3	n/a	347.9	214.9	3.02	154.0
26.64	0.176	fixation	n/a	352.8	213.3	4095.0	n/a	n/a	n/a	n/a
26.818	0.152	saccade	n/a	353.3	223.8	n/a	482.3	231.4	4.51	1942.0
26.856	0.07	blink	n/a	n/a	n/a	n/a	n/a	n/a	n/a	n/a
26.972	0.214	fixation	n/a	477.9	216.5	3989.0	n/a	n/a	n/a	n/a
27.188	0.022	saccade	n/a	479.6	212.6	n/a	525.9	221.4	1.65	96.0
27.212	0.222	fixation	n/a	545.6	224.7	3796.0	n/a	n/a	n/a	n/a
27.436	0.058	saccade	n/a	545.4	228.2	n/a	135.7	253.1	14.11	377.0
27.496	0.304	fixation	n/a	93.1	258.6	3443.0	n/a	n/a	n/a	n/a
27.802	0.024	saccade	n/a	94.8	258.7	n/a	129.0	253.8	1.16	107.0
27.828	0.088	fixation	n/a	123.8	252.8	3352.0	n/a	n/a	n/a	n/a
27.918	0.022	saccade	n/a	133.3	255.1	n/a	162.7	260.6	1.01	108.0
27.942	0.136	fixation	n/a	148.2	253.1	3466.0	n/a	n/a	n/a	n/a
28.08	0.026	saccade	n/a	132.8	256.6	n/a	141.1	209.1	1.68	99.0
28.108	0.088	fixation	n/a	134.6	195.0	3540.0	n/a	n/a	n/a	n/a
28.198	0.022	saccade	n/a	136.9	195.6	n/a	108.1	193.8	0.97	79.0
28.222	0.482	fixation	n/a	137.8	199.9	3602.0	n/a	n/a	n/a	n/a
28.706	0.014	saccade	n/a	152.9	205.2	n/a	132.5	197.7	0.74	60.0
28.722	0.284	fixation	n/a	150.5	202.1	3745.0	n/a	n/a	n/a	n/a
28.728	0.0	trigger_11	11	n/a	n/a	n/a	n/a	n/a	n/a	n/a
28.832	0.0	trigger_10	10	n/a	n/a	n/a	n/a	n/a	n/a	n/a
29.008	0.024	saccade	n/a	151.8	198.3	n/a	92.8	193.0	2.0	119.0
29.034	0.234	fixation	n/a	108.4	193.5	3799.0	n/a	n/a	n/a	n/a
29.27	0.032	saccade	n/a	114.0	196.9	n/a	199.0	202.5	2.9	143.0
29.304	0.336	fixation	n/a	189.3	201.5	3789.0	n/a	n/a	n/a	n/a
29.642	0.034	saccade	n/a	176.4	200.2	n/a	269.5	197.8	3.21	108.0
29.678	0.278	fixation	n/a	284.0	191.3	3683.0	n/a	n/a	n/a	n/a
29.958	0.022	saccade	n/a	292.1	190.8	n/a	326.8	195.6	1.22	66.0
29.982	0.062	fixation	n/a	322.3	194.3	3668.0	n/a	n/a	n/a	n/a
30.046	0.03	saccade	n/a	320.3	198.3	n/a	308.7	193.3	0.44	122.0
30.078	0.042	fixation	n/a	314.0	194.1	3564.0	n/a	n/a	n/a	n/a
30.122	0.03	saccade	n/a	310.4	193.7	n/a	309.8	192.1	0.06	132.0
30.154	0.036	fixation	n/a	319.5	198.2	3566.0	n/a	n/a	n/a	n/a
30.192	0.018	saccade	n/a	328.0	202.3	n/a	364.4	200.7	1.27	76.0
30.212	0.166	fixation	n/a	393.8	207.7	3578.0	n/a	n/a	n/a	n/a
30.38	0.034	saccade	n/a	395.8	211.2	n/a	494.6	216.2	3.47	132.0
30.416	0.196	fixation	n/a	502.7	214.8	3610.0	n/a	n/a	n/a	n/a
30.614	0.024	saccade	n/a	507.1	216.0	n/a	563.7	218.5	1.97	116.0
30.64	0.162	fixation	n/a	581.7	214.4	3631.0	n/a	n/a	n/a	n/a
30.804	0.018	saccade	n/a	584.7	215.6	n/a	613.1	217.3	0.99	67.0
30.824	0.1	fixation	n/a	621.4	220.7	3593.0	n/a	n/a	n/a	n/a
30.926	0.094	saccade	n/a	623.3	219.5	n/a	113.5	253.8	17.41	386.0
31.022	0.038	fixation	n/a	87.3	252.1	3386.0	n/a	n/a	n/a	n/a
31.062	0.016	saccade	n/a	86.0	257.3	n/a	60.0	252.3	0.89	74.0
31.08	0.078	fixation	n/a	72.9	258.2	3308.0	n/a	n/a	n/a	n/a
31.16	0.022	saccade	n/a	86.1	259.5	n/a	66.1	252.7	0.71	87.0
31.184	0.038	fixation	n/a	92.0	252.9	3392.0	n/a	n/a	n/a	n/a
31.224	0.03	saccade	n/a	111.6	262.2	n/a	72.4	256.2	1.33	112.0
31.256	0.05	fixation	n/a	90.0	256.5	3382.0	n/a	n/a	n/a	n/a
31.308	0.032	saccade	n/a	85.5	260.5	n/a	142.1	252.7	1.92	169.0
31.342	0.13	fixation	n/a	147.8	251.2	3435.0	n/a	n/a	n/a	n/a
31.474	0.03	saccade	n/a	169.6	248.7	n/a	107.2	200.1	2.71	158.0
31.506	0.1	fixation	n/a	113.7	199.1	3551.0	n/a	n/a	n/a	n/a
31.608	0.02	saccade	n/a	125.4	201.3	n/a	107.9	202.9	0.59	73.0
31.63	0.138	fixation	n/a	121.5	199.1	3613.0	n/a	n/a	n/a	n/a
31.77	0.02	saccade	n/a	110.9	196.8	n/a	131.9	195.7	0.71	81.0
31.792	0.038	fixation	n/a	126.4	198.3	3671.0	n/a	n/a	n/a	n/a
31.832	0.08	saccade	n/a	112.0	198.1	n/a	179.9	194.5	2.31	256.0
31.864	0.0	trigger_11	11	n/a	n/a	n/a	n/a	n/a	n/a	n/a
31.914	0.222	fixation	n/a	184.6	190.9	3686.0	n/a	n/a	n/a	n/a
31.968	0.0	trigger_10	10	n/a	n/a	n/a	n/a	n/a	n/a	n/a
32.138	0.032	saccade	n/a	183.0	189.5	n/a	103.7	189.4	2.69	156.0
32.172	0.204	fixation	n/a	105.9	189.0	3678.0	n/a	n/a	n/a	n/a
32.378	0.12	saccade	n/a	84.5	189.9	n/a	236.8	227.4	5.34	586.0
32.5	0.186	fixation	n/a	233.3	202.7	3758.0	n/a	n/a	n/a	n/a
32.688	0.02	saccade	n/a	239.3	194.3	n/a	286.3	192.2	1.63	106.0
32.71	0.1	fixation	n/a	297.2	196.9	3654.0	n/a	n/a	n/a	n/a
32.812	0.146	saccade	n/a	293.2	200.4	n/a	391.2	233.9	3.61	1531.0
32.85	0.066	blink	n/a	n/a	n/a	n/a	n/a	n/a	n/a	n/a
32.96	0.196	fixation	n/a	382.1	208.5	3496.0	n/a	n/a	n/a	n/a
33.158	0.03	saccade	n/a	382.3	210.5	n/a	483.2	216.2	3.53	183.0
33.19	0.366	fixation	n/a	495.7	212.3	3474.0	n/a	n/a	n/a	n/a
33.558	0.03	saccade	n/a	502.4	213.2	n/a	608.6	220.0	3.7	176.0
33.59	0.456	fixation	n/a	614.2	221.4	3511.0	n/a	n/a	n/a	n/a
34.048	0.078	saccade	n/a	615.1	218.5	n/a	88.3	250.4	17.92	384.0
34.128	0.088	fixation	n/a	76.6	249.5	3362.0	n/a	n/a	n/a	n/a
34.218	0.024	saccade	n/a	80.8	250.3	n/a	84.2	246.8	0.17	82.0
34.244	0.04	fixation	n/a	78.9	247.7	3336.0	n/a	n/a	n/a	n/a
34.286	0.13	saccade	n/a	66.9	243.1	n/a	129.3	258.5	2.16	147.0
34.418	0.038	fixation	n/a	158.0	251.6	3405.0	n/a	n/a	n/a	n/a
34.458	0.068	saccade	n/a	146.3	248.0	n/a	197.0	247.8	1.73	103.0
34.528	0.058	fixation	n/a	181.1	246.7	3399.0	n/a	n/a	n/a	n/a
34.588	0.056	saccade	n/a	175.5	245.6	n/a	274.9	257.9	3.44	228.0
34.646	0.172	fixation	n/a	271.8	258.1	3536.0	n/a	n/a	n/a	n/a
34.82	0.154	saccade	n/a	278.8	259.0	n/a	331.3	261.8	1.82	194.0
34.976	0.116	fixation	n/a	335.6	263.4	3488.0	n/a	n/a	n/a	n/a
35.094	0.024	saccade	n/a	340.1	257.3	n/a	400.9	260.0	2.12	122.0
35.12	0.2	fixation	n/a	408.2	260.9	3467.0	n/a	n/a	n/a	n/a
35.322	0.026	saccade	n/a	412.0	256.7	n/a	475.5	262.1	2.22	112.0
35.35	0.196	fixation	n/a	478.5	260.6	3365.0	n/a	n/a	n/a	n/a
35.548	0.02	saccade	n/a	478.9	263.9	n/a	515.5	260.8	1.28	85.0
35.57	0.17	fixation	n/a	528.5	266.1	3381.0	n/a	n/a	n/a	n/a
35.742	0.062	saccade	n/a	530.4	271.9	n/a	120.9	321.9	14.11	401.0
35.806	0.254	fixation	n/a	89.1	323.2	3210.0	n/a	n/a	n/a	n/a
36.062	0.014	saccade	n/a	79.7	314.3	n/a	100.2	325.4	0.78	70.0
36.078	0.19	fixation	n/a	87.7	323.2	3157.0	n/a	n/a	n/a	n/a
36.27	0.058	saccade	n/a	92.9	317.6	n/a	144.8	309.0	1.77	93.0
36.33	0.028	fixation	n/a	148.5	306.2	3059.0	n/a	n/a	n/a	n/a
36.36	0.076	saccade	n/a	151.0	307.4	n/a	169.6	306.5	0.63	91.0
36.438	0.05	fixation	n/a	162.7	304.6	3114.0	n/a	n/a	n/a	n/a
36.49	0.05	saccade	n/a	174.0	302.3	n/a	342.0	321.7	5.79	344.0
36.542	0.12	fixation	n/a	348.0	320.4	3323.0	n/a	n/a	n/a	n/a
36.664	0.036	saccade	n/a	343.4	315.5	n/a	351.7	320.8	0.34	155.0
36.702	0.192	fixation	n/a	363.3	317.9	3353.0	n/a	n/a	n/a	n/a
36.896	0.048	saccade	n/a	372.0	316.2	n/a	182.5	182.3	8.03	274.0
36.946	0.11	fixation	n/a	188.2	177.0	3101.0	n/a	n/a	n/a	n/a
37.058	0.062	saccade	n/a	193.0	178.7	n/a	189.2	181.2	0.16	113.0
37.122	0.032	fixation	n/a	179.8	180.4	3033.0	n/a	n/a	n/a	n/a
37.156	0.04	saccade	n/a	169.8	177.7	n/a	63.2	187.7	3.61	160.0
37.168	0.0	trigger_11	11	n/a	n/a	n/a	n/a	n/a	n/a	n/a
37.198	0.432	fixation	n/a	61.2	184.1	3073.0	n/a	n/a	n/a	n/a
37.272	0.0	trigger_10	10	n/a	n/a	n/a	n/a	n/a	n/a	n/a
37.632	0.024	saccade	n/a	76.3	178.2	n/a	140.5	176.7	2.17	134.0
37.658	0.038	fixation	n/a	148.8	179.1	3094.0	n/a	n/a	n/a	n/a
37.698	0.012	saccade	n/a	165.7	188.4	n/a	146.1	182.0	0.7	69.0
37.712	0.102	fixation	n/a	152.4	177.7	3132.0	n/a	n/a	n/a	n/a
37.816	0.02	saccade	n/a	178.4	179.4	n/a	142.7	171.6	1.24	102.0
37.838	0.03	fixation	n/a	149.3	173.5	3124.0	n/a	n/a	n/a	n/a
37.87	0.136	saccade	n/a	160.2	175.2	n/a	285.8	180.0	4.32	275.0
38.008	0.052	fixation	n/a	294.7	185.4	3244.0	n/a	n/a	n/a	n/a
38.062	0.028	saccade	n/a	290.4	179.3	n/a	376.6	188.6	3.02	174.0
38.092	0.08	fixation	n/a	380.3	182.6	3244.0	n/a	n/a	n/a	n/a
38.174	0.038	saccade	n/a	390.6	186.3	n/a	382.9	182.1	0.31	148.0
38.214	0.032	fixation	n/a	382.8	182.6	3230.0	n/a	n/a	n/a	n/a
38.248	0.038	saccade	n/a	391.7	186.6	n/a	477.0	205.8	3.06	110.0
38.288	0.212	fixation	n/a	479.2	200.3	3329.0	n/a	n/a	n/a	n/a
38.502	0.024	saccade	n/a	483.8	201.5	n/a	553.9	217.7	2.5	138.0
38.528	0.264	fixation	n/a	568.6	219.0	3433.0	n/a	n/a	n/a	n/a
38.794	0.078	saccade	n/a	572.0	219.9	n/a	80.5	250.5	16.78	331.0
38.874	0.406	fixation	n/a	71.4	252.7	3053.0	n/a	n/a	n/a	n/a
39.282	0.018	saccade	n/a	61.3	251.0	n/a	94.4	235.5	1.23	84.0
39.302	0.16	fixation	n/a	120.9	239.2	3012.0	n/a	n/a	n/a	n/a
39.464	0.044	saccade	n/a	134.9	240.5	n/a	145.4	246.0	0.4	89.0
39.51	0.044	fixation	n/a	123.8	241.1	3143.0	n/a	n/a	n/a	n/a
39.528	0.0	trigger_11	11	n/a	n/a	n/a	n/a	n/a	n/a	n/a
39.556	0.022	saccade	n/a	117.1	241.8	n/a	128.0	239.1	0.38	91.0
39.58	0.126	fixation	n/a	135.3	236.7	3200.0	n/a	n/a	n/a	n/a
39.632	0.0	trigger_10	10	n/a	n/a	n/a	n/a	n/a	n/a	n/a
39.708	0.018	saccade	n/a	150.2	238.4	n/a	141.0	239.8	0.32	87.0
39.728	0.062	fixation	n/a	136.0	239.1	3212.0	n/a	n/a	n/a	n/a
39.792	0.016	saccade	n/a	124.9	231.5	n/a	88.3	208.9	1.46	108.0
39.81	0.166	fixation	n/a	82.1	192.1	3276.0	n/a	n/a	n/a	n/a
39.978	0.096	saccade	n/a	96.7	192.3	n/a	192.2	182.5	3.26	202.0
40.076	0.082	fixation	n/a	174.8	177.5	3303.0	n/a	n/a	n/a	n/a
40.16	0.086	saccade	n/a	169.5	179.1	n/a	158.5	170.3	0.49	118.0
40.248	0.194	fixation	n/a	238.2	179.5	3299.0	n/a	n/a	n/a	n/a
40.444	0.066	saccade	n/a	268.0	184.0	n/a	338.7	180.7	2.46	257.0
40.512	0.102	fixation	n/a	335.2	177.5	3288.0	n/a	n/a	n/a	n/a
40.616	0.13	saccade	n/a	314.6	172.3	n/a	421.1	186.9	3.75	205.0
40.748	0.17	fixation	n/a	424.3	185.6	3204.0	n/a	n/a	n/a	n/a
40.92	0.026	saccade	n/a	426.6	191.6	n/a	492.6	207.8	2.38	114.0
40.948	0.23	fixation	n/a	498.6	205.2	3192.0	n/a	n/a	n/a	n/a
41.18	0.028	saccade	n/a	502.8	204.6	n/a	574.2	230.9	2.66	115.0
41.21	0.162	fixation	n/a	585.1	220.0	3303.0	n/a	n/a	n/a	n/a
41.374	0.02	saccade	n/a	589.7	210.4	n/a	621.4	215.6	1.11	68.0
41.396	0.32	fixation	n/a	626.9	216.8	3361.0	n/a	n/a	n/a	n/a
41.718	0.082	saccade	n/a	630.5	223.6	n/a	84.4	250.4	18.57	388.0
41.802	0.122	fixation	n/a	72.5	256.5	3162.0	n/a	n/a	n/a	n/a
41.926	0.014	saccade	n/a	77.7	259.1	n/a	58.6	250.6	0.7	68.0
41.942	0.146	fixation	n/a	64.2	249.0	3095.0	n/a	n/a	n/a	n/a
42.09	0.072	saccade	n/a	71.0	245.4	n/a	139.5	237.3	2.32	138.0
42.164	0.086	fixation	n/a	125.9	232.0	2977.0	n/a	n/a	n/a	n/a
42.252	0.118	saccade	n/a	113.3	227.0	n/a	298.7	249.0	6.37	172.0
42.372	0.15	fixation	n/a	296.8	246.0	3163.0	n/a	n/a	n/a	n/a
42.524	0.018	saccade	n/a	296.2	245.9	n/a	277.0	240.1	0.69	83.0
42.544	0.046	fixation	n/a	293.3	243.8	3160.0	n/a	n/a	n/a	n/a
42.592	0.032	saccade	n/a	294.0	243.1	n/a	383.7	259.3	3.17	235.0
42.626	0.08	fixation	n/a	381.9	251.5	3164.0	n/a	n/a	n/a	n/a
42.708	0.014	saccade	n/a	364.5	246.3	n/a	386.3	242.0	0.77	80.0
42.724	0.066	fixation	n/a	388.5	252.4	3168.0	n/a	n/a	n/a	n/a
42.792	0.028	saccade	n/a	395.7	256.7	n/a	467.0	247.7	2.51	112.0
42.822	0.192	fixation	n/a	475.4	253.7	3078.0	n/a	n/a	n/a	n/a
43.016	0.04	saccade	n/a	474.3	254.9	n/a	572.2	270.9	3.45	164.0
43.058	0.248	fixation	n/a	573.4	278.8	3010.0	n/a	n/a	n/a	n/a
43.308	0.078	saccade	n/a	573.5	279.5	n/a	94.9	331.4	16.35	428.0
43.388	0.276	fixation	n/a	101.5	333.2	2922.0	n/a	n/a	n/a	n/a
43.666	0.014	saccade	n/a	107.4	335.6	n/a	126.9	326.9	0.72	60.0
43.682	0.176	fixation	n/a	141.9	308.6	2844.0	n/a	n/a	n/a	n/a
43.86	0.024	saccade	n/a	137.9	302.5	n/a	193.4	293.9	1.91	151.0
43.886	0.024	fixation	n/a	210.2	292.6	2788.0	n/a	n/a	n/a	n/a
43.912	0.272	saccade	n/a	232.1	289.9	n/a	401.9	327.2	6.01	387.0
44.186	0.278	fixation	n/a	416.2	322.6	3330.0	n/a	n/a	n/a	n/a
44.466	0.028	saccade	n/a	426.8	323.7	n/a	530.5	335.0	3.63	185.0
44.496	0.204	fixation	n/a	548.5	325.4	3444.0	n/a	n/a	n/a	n/a
44.702	0.024	saccade	n/a	557.5	315.2	n/a	611.1	332.6	1.95	116.0
44.728	0.304	fixation	n/a	612.1	313.8	3727.0	n/a	n/a	n/a	n/a
45.034	0.068	saccade	n/a	602.4	305.0	n/a	191.2	228.6	14.38	355.0
45.104	0.028	fixation	n/a	188.2	223.9	3871.0	n/a	n/a	n/a	n/a
45.134	0.014	saccade	n/a	174.2	217.9	n/a	194.7	222.2	0.72	68.0
45.146	0.0	trigger_11	11	n/a	n/a	n/a	n/a	n/a	n/a	n/a
45.15	0.28	fixation	n/a	185.8	214.9	3842.0	n/a	n/a	n/a	n/a
45.252	0.0	trigger_10	10	n/a	n/a	n/a	n/a	n/a	n/a	n/a
45.432	0.024	saccade	n/a	186.8	212.0	n/a	125.9	181.6	2.33	140.0
45.458	0.206	fixation	n/a	128.7	178.4	3889.0	n/a	n/a	n/a	n/a
45.666	0.072	saccade	n/a	119.5	175.5	n/a	258.2	182.5	4.75	399.0
45.74	0.186	fixation	n/a	259.6	184.3	3922.0	n/a	n/a	n/a	n/a
45.928	0.028	saccade	n/a	259.1	186.1	n/a	336.8	184.5	2.7	121.0
45.958	0.236	fixation	n/a	352.1	184.4	4014.0	n/a	n/a	n/a	n/a
46.196	0.028	saccade	n/a	356.6	182.6	n/a	439.0	188.2	2.88	128.0
46.226	0.026	fixation	n/a	449.4	189.0	4014.0	n/a	n/a	n/a	n/a
46.254	0.03	saccade	n/a	451.6	187.7	n/a	536.2	190.0	2.95	169.0
46.286	0.216	fixation	n/a	534.5	192.4	4059.0	n/a	n/a	n/a	n/a
46.504	0.022	saccade	n/a	536.8	192.0	n/a	588.4	196.9	1.8	107.0
46.528	0.15	fixation	n/a	591.1	198.0	4077.0	n/a	n/a	n/a	n/a
46.68	0.064	saccade	n/a	589.7	197.7	n/a	166.1	232.5	14.61	376.0
46.746	0.14	fixation	n/a	161.3	243.6	4093.0	n/a	n/a	n/a	n/a
46.888	0.026	saccade	n/a	152.1	244.0	n/a	103.1	248.1	1.66	115.0
46.916	0.372	fixation	n/a	106.7	247.5	3996.0	n/a	n/a	n/a	n/a
46.994	0.0	trigger_11	11	n/a	n/a	n/a	n/a	n/a	n/a	n/a
47.098	0.0	trigger_10	10	n/a	n/a	n/a	n/a	n/a	n/a	n/a
47.29	0.024	saccade	n/a	103.5	247.8	n/a	86.0	215.4	1.27	67.0
47.316	0.264	fixation	n/a	111.6	197.6	4014.0	n/a	n/a	n/a	n/a
47.582	0.15	saccade	n/a	119.7	215.0	n/a	213.5	221.5	3.2	1414.0
47.614	0.072	blink	n/a	n/a	n/a	n/a	n/a	n/a	n/a	n/a
47.734	0.182	fixation	n/a	214.9	209.3	4107.0	n/a	n/a	n/a	n/a
47.918	0.026	saccade	n/a	214.5	199.2	n/a	290.5	211.1	2.66	160.0
47.946	0.152	fixation	n/a	299.1	210.3	4075.0	n/a	n/a	n/a	n/a
48.1	0.02	saccade	n/a	308.2	210.2	n/a	344.7	211.4	1.27	76.0
48.122	0.16	fixation	n/a	347.2	207.7	3891.0	n/a	n/a	n/a	n/a
48.284	0.04	saccade	n/a	352.7	209.3	n/a	485.6	216.9	4.65	156.0
48.326	0.182	fixation	n/a	491.4	219.6	3894.0	n/a	n/a	n/a	n/a
48.51	0.024	saccade	n/a	493.1	215.3	n/a	545.7	213.6	1.84	95.0
48.536	0.232	fixation	n/a	556.2	210.7	3887.0	n/a	n/a	n/a	n/a
48.77	0.06	saccade	n/a	554.8	205.0	n/a	166.1	236.3	13.4	400.0
48.832	0.28	fixation	n/a	161.2	244.5	3796.0	n/a	n/a	n/a	n/a
49.114	0.036	saccade	n/a	165.6	246.6	n/a	291.9	243.9	4.33	209.0
49.152	0.186	fixation	n/a	294.9	247.2	3823.0	n/a	n/a	n/a	n/a
49.34	0.028	saccade	n/a	301.0	249.3	n/a	390.2	254.6	3.1	154.0
49.37	0.21	fixation	n/a	400.3	250.4	3800.0	n/a	n/a	n/a	n/a
49.582	0.036	saccade	n/a	397.5	249.6	n/a	511.1	271.2	4.02	175.0
49.62	0.174	fixation	n/a	518.8	271.2	3761.0	n/a	n/a	n/a	n/a
49.796	0.026	saccade	n/a	522.5	272.2	n/a	589.0	274.3	2.3	111.0
49.824	0.454	fixation	n/a	590.9	272.5	3693.0	n/a	n/a	n/a	n/a
50.042	0.0	trigger_11	11	n/a	n/a	n/a	n/a	n/a	n/a	n/a
50.144	0.0	trigger_10	10	n/a	n/a	n/a	n/a	n/a	n/a	n/a
50.28	0.07	saccade	n/a	595.9	273.2	n/a	183.0	198.1	14.43	359.0
50.352	0.074	fixation	n/a	183.5	199.6	3545.0	n/a	n/a	n/a	n/a
50.428	0.016	saccade	n/a	173.2	204.6	n/a	143.8	194.0	1.07	87.0
50.446	0.286	fixation	n/a	147.1	191.6	3554.0	n/a	n/a	n/a	n/a
50.734	0.03	saccade	n/a	171.1	174.0	n/a	266.3	192.4	3.33	233.0
50.766	0.192	fixation	n/a	265.1	188.8	3698.0	n/a	n/a	n/a	n/a
50.96	0.026	saccade	n/a	267.5	189.8	n/a	347.1	187.8	2.76	140.0
50.988	0.184	fixation	n/a	369.6	189.6	3749.0	n/a	n/a	n/a	n/a
51.174	0.026	saccade	n/a	370.5	191.0	n/a	445.0	197.3	2.61	142.0
51.202	0.242	fixation	n/a	458.2	199.6	3766.0	n/a	n/a	n/a	n/a
51.446	0.026	saccade	n/a	461.4	204.0	n/a	535.8	219.8	2.66	130.0
51.474	0.258	fixation	n/a	554.9	220.3	3691.0	n/a	n/a	n/a	n/a
51.734	0.072	saccade	n/a	554.2	224.3	n/a	116.7	261.4	15.06	372.0
51.808	0.038	fixation	n/a	97.0	263.1	3475.0	n/a	n/a	n/a	n/a
51.848	0.048	saccade	n/a	107.7	266.1	n/a	87.8	259.0	0.71	78.0
51.898	0.168	fixation	n/a	85.4	259.0	3297.0	n/a	n/a	n/a	n/a
52.068	0.04	saccade	n/a	82.0	258.4	n/a	177.6	248.6	3.25	137.0
52.11	0.07	fixation	n/a	151.8	243.9	3202.0	n/a	n/a	n/a	n/a
52.182	0.022	saccade	n/a	156.9	242.5	n/a	198.7	253.0	1.47	105.0
52.206	0.11	fixation	n/a	186.0	250.6	3323.0	n/a	n/a	n/a	n/a
52.318	0.054	saccade	n/a	168.2	242.5	n/a	340.8	246.6	5.93	257.0
52.374	0.264	fixation	n/a	346.6	250.0	3379.0	n/a	n/a	n/a	n/a
52.64	0.02	saccade	n/a	323.3	254.8	n/a	351.1	256.1	0.97	101.0
52.662	0.044	fixation	n/a	349.8	256.7	3395.0	n/a	n/a	n/a	n/a
52.708	0.02	saccade	n/a	355.1	254.9	n/a	400.1	246.1	1.6	101.0
52.73	0.46	fixation	n/a	413.1	237.2	3275.0	n/a	n/a	n/a	n/a
52.906	0.0	trigger_11	11	n/a	n/a	n/a	n/a	n/a	n/a	n/a
53.008	0.0	trigger_10	10	n/a	n/a	n/a	n/a	n/a	n/a	n/a
53.192	0.21	saccade	n/a	422.9	248.8	n/a	119.2	220.2	10.45	1117.0
53.3	0.048	blink	n/a	n/a	n/a	n/a	n/a	n/a	n/a	n/a
53.404	0.06	fixation	n/a	115.5	217.9	3233.0	n/a	n/a	n/a	n/a
53.466	0.016	saccade	n/a	109.8	220.8	n/a	92.0	209.9	0.71	88.0
53.484	0.06	fixation	n/a	104.0	203.7	3198.0	n/a	n/a	n/a	n/a
53.546	0.044	saccade	n/a	118.1	200.1	n/a	104.5	200.2	0.46	65.0
53.592	0.068	fixation	n/a	94.5	198.7	3129.0	n/a	n/a	n/a	n/a
53.662	0.022	saccade	n/a	118.2	201.7	n/a	189.7	195.6	2.44	157.0
53.686	0.032	fixation	n/a	209.1	197.6	3150.0	n/a	n/a	n/a	n/a
53.72	0.03	saccade	n/a	200.3	192.8	n/a	197.2	191.6	0.11	83.0
53.752	0.086	fixation	n/a	193.4	187.8	3087.0	n/a	n/a	n/a	n/a
53.84	0.026	saccade	n/a	209.0	194.6	n/a	166.8	191.7	1.45	117.0
53.868	0.036	fixation	n/a	174.0	187.5	3009.0	n/a	n/a	n/a	n/a
53.906	0.022	saccade	n/a	179.8	187.2	n/a	208.6	180.8	1.01	111.0
53.93	0.068	fixation	n/a	212.8	184.9	3078.0	n/a	n/a	n/a	n/a
54.0	0.058	saccade	n/a	239.5	187.3	n/a	240.0	185.4	0.07	88.0
54.06	0.118	fixation	n/a	241.4	173.3	3106.0	n/a	n/a	n/a	n/a
54.18	0.05	saccade	n/a	255.0	177.8	n/a	342.8	194.7	3.11	249.0
54.232	0.182	fixation	n/a	343.5	188.2	3185.0	n/a	n/a	n/a	n/a
54.282	0.0	trigger_11	11	n/a	n/a	n/a	n/a	n/a	n/a	n/a
54.386	0.0	trigger_12	12	n/a	n/a	n/a	n/a	n/a	n/a	n/a
54.416	0.02	saccade	n/a	329.1	185.5	n/a	340.5	195.0	0.52	78.0
54.438	0.068	fixation	n/a	345.1	190.4	3134.0	n/a	n/a	n/a	n/a
54.508	0.076	saccade	n/a	342.3	186.0	n/a	99.5	217.1	8.37	389.0
54.586	0.088	fixation	n/a	89.3	212.1	3131.0	n/a	n/a	n/a	n/a
54.676	0.014	saccade	n/a	83.5	207.9	n/a	103.0	210.1	0.66	55.0
54.692	0.196	fixation	n/a	91.2	198.0	3227.0	n/a	n/a	n/a	n/a
54.89	0.05	saccade	n/a	89.8	193.2	n/a	184.3	173.6	3.26	162.0
54.942	0.046	fixation	n/a	168.3	174.7	3207.0	n/a	n/a	n/a	n/a
54.99	0.022	saccade	n/a	168.0	174.4	n/a	196.6	180.8	1.0	110.0
55.014	0.028	fixation	n/a	186.5	179.4	3239.0	n/a	n/a	n/a	n/a
55.044	0.02	saccade	n/a	168.6	173.3	n/a	204.9	177.8	1.25	103.0
55.066	0.026	fixation	n/a	199.6	180.1	3325.0	n/a	n/a	n/a	n/a
55.094	0.018	saccade	n/a	208.0	182.9	n/a	175.5	177.2	1.13	98.0
55.114	0.038	fixation	n/a	176.1	178.9	3230.0	n/a	n/a	n/a	n/a
55.154	0.13	saccade	n/a	184.3	182.5	n/a	226.4	173.9	1.48	128.0
55.286	0.168	fixation	n/a	220.7	174.4	3205.0	n/a	n/a	n/a	n/a
55.456	0.046	saccade	n/a	236.7	180.0	n/a	319.1	186.5	2.87	95.0
55.504	0.192	fixation	n/a	330.9	195.4	3340.0	n/a	n/a	n/a	n/a
55.698	0.062	saccade	n/a	332.5	201.3	n/a	241.2	188.0	3.2	177.0
55.762	0.032	fixation	n/a	219.9	177.1	3196.0	n/a	n/a	n/a	n/a
55.796	0.02	saccade	n/a	209.6	176.7	n/a	240.6	183.5	1.09	89.0
55.818	0.06	fixation	n/a	257.9	191.5	3319.0	n/a	n/a	n/a	n/a
55.88	0.022	saccade	n/a	260.2	192.7	n/a	214.1	194.3	1.59	121.0
55.904	0.044	fixation	n/a	216.1	196.9	3368.0	n/a	n/a	n/a	n/a
55.95	0.014	saccade	n/a	211.0	198.8	n/a	192.7	192.0	0.67	57.0
55.966	0.05	fixation	n/a	193.2	189.5	3303.0	n/a	n/a	n/a	n/a
56.018	0.046	saccade	n/a	182.1	186.4	n/a	174.6	186.3	0.26	125.0
56.066	0.02	fixation	n/a	168.5	185.9	3253.0	n/a	n/a	n/a	n/a
56.088	0.03	saccade	n/a	166.1	188.7	n/a	261.4	186.6	3.27	170.0
56.12	0.05	fixation	n/a	270.0	183.5	3318.0	n/a	n/a	n/a	n/a
56.172	0.07	saccade	n/a	272.1	179.4	n/a	276.9	186.9	0.31	139.0
56.244	0.04	fixation	n/a	260.0	183.7	3293.0	n/a	n/a	n/a	n/a
56.286	0.048	saccade	n/a	255.7	177.1	n/a	264.6	194.4	0.68	95.0
56.336	0.044	fixation	n/a	280.1	195.2	3364.0	n/a	n/a	n/a	n/a
56.382	0.048	saccade	n/a	287.5	195.9	n/a	342.1	195.4	1.9	138.0
56.432	0.03	fixation	n/a	341.2	197.2	3441.0	n/a	n/a	n/a	n/a
56.464	0.03	saccade	n/a	336.0	196.9	n/a	341.7	193.3	0.24	90.0
56.496	0.046	fixation	n/a	343.7	195.6	3422.0	n/a	n/a	n/a	n/a
56.544	0.16	saccade	n/a	345.0	199.5	n/a	341.4	186.8	0.47	175.0
56.706	0.032	fixation	n/a	343.1	191.5	3436.0	n/a	n/a	n/a	n/a
56.74	0.028	saccade	n/a	337.9	189.4	n/a	342.8	192.3	0.2	102.0
56.77	0.066	fixation	n/a	341.3	195.3	3398.0	n/a	n/a	n/a	n/a
56.838	0.022	saccade	n/a	352.8	200.4	n/a	398.4	198.8	1.6	88.0
56.862	0.226	fixation	n/a	419.3	200.8	3348.0	n/a	n/a	n/a	n/a
57.09	0.026	saccade	n/a	422.4	198.0	n/a	485.4	208.3	2.23	109.0
57.118	0.216	fixation	n/a	500.7	217.5	3331.0	n/a	n/a	n/a	n/a
57.336	0.02	saccade	n/a	510.0	222.9	n/a	551.5	233.5	1.49	88.0
57.358	0.416	fixation	n/a	573.5	224.5	3482.0	n/a	n/a	n/a	n/a
57.776	0.07	saccade	n/a	573.9	217.7	n/a	137.4	244.8	14.98	323.0
57.848	0.02	fixation	n/a	131.5	246.1	3478.0	n/a	n/a	n/a	n/a
57.87	0.02	saccade	n/a	130.7	245.8	n/a	104.0	244.7	0.9	99.0
57.892	0.054	fixation	n/a	99.8	243.7	3257.0	n/a	n/a	n/a	n/a
57.948	0.014	saccade	n/a	109.8	251.1	n/a	84.0	246.2	0.88	79.0
57.964	0.602	fixation	n/a	68.0	223.7	3144.0	n/a	n/a	n/a	n/a
58.242	0.0	trigger_13	13	n/a	n/a	n/a	n/a	n/a	n/a	n/a
58.568	0.066	saccade	n/a	52.2	193.1	n/a	149.7	185.8	3.29	132.0
58.636	0.144	fixation	n/a	157.8	188.9	3316.0	n/a	n/a	n/a	n/a
58.782	0.068	saccade	n/a	197.5	174.8	n/a	193.9	177.1	0.15	149.0
58.852	0.032	fixation	n/a	188.7	176.3	3300.0	n/a	n/a	n/a	n/a
58.886	0.07	saccade	n/a	191.3	177.4	n/a	185.1	171.6	0.29	159.0
58.958	0.066	fixation	n/a	201.4	177.3	3374.0	n/a	n/a	n/a	n/a
59.026	0.032	saccade	n/a	194.9	171.6	n/a	100.3	222.6	3.67	186.0
59.06	0.024	fixation	n/a	100.3	226.0	3420.0	n/a	n/a	n/a	n/a
59.086	0.016	saccade	n/a	113.5	227.3	n/a	85.6	225.0	0.94	86.0
59.104	0.068	fixation	n/a	97.8	223.4	3368.0	n/a	n/a	n/a	n/a
59.174	0.156	saccade	n/a	91.0	223.8	n/a	95.6	283.6	2.07	165.0
59.332	0.164	fixation	n/a	119.3	287.1	3572.0	n/a	n/a	n/a	n/a
59.498	0.142	saccade	n/a	138.5	286.9	n/a	136.6	381.1	3.24	177.0
59.642	0.234	fixation	n/a	148.1	380.1	3841.0	n/a	n/a	n/a	n/a
59.878	0.036	saccade	n/a	148.9	387.4	n/a	147.9	252.5	4.64	235.0
59.916	0.108	fixation	n/a	142.9	251.9	3844.0	n/a	n/a	n/a	n/a
60.026	0.014	saccade	n/a	125.3	250.1	n/a	148.5	249.7	0.79	70.0
60.042	0.118	fixation	n/a	140.3	248.0	3817.0	n/a	n/a	n/a	n/a
60.162	0.016	saccade	n/a	119.2	235.7	n/a	144.7	243.1	0.9	90.0
60.18	0.026	fixation	n/a	141.9	244.4	3803.0	n/a	n/a	n/a	n/a
60.208	0.234	saccade	n/a	138.1	242.6	n/a	177.1	315.4	2.85	1345.0
60.288	0.112	blink	n/a	n/a	n/a	n/a	n/a	n/a	n/a	n/a
60.444	0.128	fixation	n/a	171.8	294.0	3960.0	n/a	n/a	n/a	n/a
60.574	0.016	saccade	n/a	163.4	283.1	n/a	148.8	256.7	1.04	79.0
60.592	0.172	fixation	n/a	140.7	241.5	3934.0	n/a	n/a	n/a	n/a
60.766	0.034	saccade	n/a	136.6	241.2	n/a	138.5	232.7	0.3	110.0
60.802	0.184	fixation	n/a	128.3	238.4	3788.0	n/a	n/a	n/a	n/a
60.988	0.048	saccade	n/a	115.9	245.9	n/a	157.1	395.2	5.31	216.0
61.038	0.02	fixation	n/a	159.6	397.8	3845.0	n/a	n/a	n/a	n/a
61.06	0.172	saccade	n/a	158.5	390.8	n/a	128.9	268.8	4.3	212.0
61.234	0.032	fixation	n/a	123.6	274.4	3844.0	n/a	n/a	n/a	n/a
61.268	0.042	saccade	n/a	113.9	274.8	n/a	133.5	283.2	0.72	85.0
61.312	0.14	fixation	n/a	151.7	308.6	4003.0	n/a	n/a	n/a	n/a
61.454	0.184	saccade	n/a	156.3	323.9	n/a	141.7	321.9	0.5	1425.0
61.49	0.102	blink	n/a	n/a	n/a	n/a	n/a	n/a	n/a	n/a
61.64	0.144	fixation	n/a	137.0	314.4	3808.0	n/a	n/a	n/a	n/a
61.786	0.026	saccade	n/a	134.8	308.4	n/a	127.9	376.6	2.35	154.0
61.814	0.11	fixation	n/a	137.0	371.6	3775.0	n/a	n/a	n/a	n/a
61.926	0.024	saccade	n/a	134.7	377.4	n/a	131.1	382.6	0.21	83.0
61.952	0.266	fixation	n/a	124.4	372.2	3589.0	n/a	n/a	n/a	n/a
62.22	0.03	saccade	n/a	124.5	378.4	n/a	90.9	307.6	2.66	139.0
62.252	0.264	fixation	n/a	121.2	305.3	3582.0	n/a	n/a	n/a	n/a
62.518	0.044	saccade	n/a	136.1	304.7	n/a	131.7	307.9	0.18	111.0
62.564	0.028	fixation	n/a	111.4	306.6	3561.0	n/a	n/a	n/a	n/a
62.594	0.042	saccade	n/a	100.3	304.0	n/a	88.0	290.4	0.62	98.0
62.638	0.03	fixation	n/a	89.5	292.3	3496.0	n/a	n/a	n/a	n/a
62.67	0.024	saccade	n/a	76.6	292.8	n/a	123.1	300.7	1.58	130.0
62.696	0.046	fixation	n/a	126.5	306.5	3627.0	n/a	n/a	n/a	n/a
62.744	0.13	saccade	n/a	116.7	305.3	n/a	101.3	265.9	1.46	126.0
62.876	0.168	fixation	n/a	121.3	252.4	3657.0	n/a	n/a	n/a	n/a
63.046	0.016	saccade	n/a	87.3	246.3	n/a	116.4	246.4	0.98	83.0
63.064	0.032	fixation	n/a	116.9	247.5	3687.0	n/a	n/a	n/a	n/a
63.098	0.024	saccade	n/a	126.6	248.1	n/a	68.4	245.7	1.95	123.0
63.124	0.026	fixation	n/a	70.1	244.4	3582.0	n/a	n/a	n/a	n/a
63.152	0.022	saccade	n/a	76.9	244.3	n/a	129.4	249.8	1.77	104.0
63.176	0.108	fixation	n/a	119.5	245.8	3695.0	n/a	n/a	n/a	n/a
63.286	0.018	saccade	n/a	109.4	244.8	n/a	130.0	272.6	1.19	84.0
63.306	0.298	fixation	n/a	147.7	286.8	3745.0	n/a	n/a	n/a	n/a
63.606	0.024	saccade	n/a	155.4	288.1	n/a	149.6	290.9	0.22	80.0
63.632	0.024	fixation	n/a	141.5	293.1	3768.0	n/a	n/a	n/a	n/a
63.658	0.018	saccade	n/a	118.1	290.8	n/a	153.6	286.9	1.21	98.0
63.678	0.036	fixation	n/a	144.0	290.1	3770.0	n/a	n/a	n/a	n/a
63.716	0.038	saccade	n/a	127.1	290.7	n/a	114.6	267.5	0.91	131.0
63.756	0.192	fixation	n/a	135.6	252.1	3815.0	n/a	n/a	n/a	n/a
63.95	0.016	saccade	n/a	141.0	250.5	n/a	123.2	248.3	0.61	70.0
63.968	0.16	fixation	n/a	130.6	249.1	3788.0	n/a	n/a	n/a	n/a
64.13	0.03	saccade	n/a	136.4	251.1	n/a	137.6	249.1	0.08	108.0
64.162	0.138	fixation	n/a	141.4	251.7	3788.0	n/a	n/a	n/a	n/a
64.302	0.12	saccade	n/a	137.2	250.8	n/a	130.8	253.7	0.24	123.0
64.424	0.078	fixation	n/a	123.2	253.3	3707.0	n/a	n/a	n/a	n/a
64.504	0.024	saccade	n/a	135.2	283.4	n/a	103.5	303.9	1.28	94.0
64.53	0.028	fixation	n/a	123.2	304.1	3728.0	n/a	n/a	n/a	n/a
64.54	0.0	trigger_15	15	n/a	n/a	n/a	n/a	n/a	n/a	n/a
64.56	0.034	saccade	n/a	134.1	304.0	n/a	124.4	298.2	0.38	133.0
64.596	0.058	fixation	n/a	131.4	301.1	3767.0	n/a	n/a	n/a	n/a
64.596	0.0	trigger_10	10	n/a	n/a	n/a	n/a	n/a	n/a	n/a
64.656	0.03	saccade	n/a	129.7	299.3	n/a	130.3	302.9	0.13	84.0
64.688	0.116	fixation	n/a	131.1	299.4	3787.0	n/a	n/a	n/a	n/a
64.806	0.026	saccade	n/a	134.7	301.7	n/a	98.2	239.6	2.47	118.0
64.834	0.49	fixation	n/a	117.8	198.9	3838.0	n/a	n/a	n/a	n/a
65.326	0.024	saccade	n/a	131.6	191.4	n/a	124.9	191.8	0.23	84.0
65.352	0.272	fixation	n/a	119.0	193.4	3690.0	n/a	n/a	n/a	n/a
65.626	0.03	saccade	n/a	100.7	191.2	n/a	106.0	189.1	0.19	60.0
65.658	0.116	fixation	n/a	119.7	187.6	3680.0	n/a	n/a	n/a	n/a
65.776	0.014	saccade	n/a	119.4	188.0	n/a	91.4	173.2	1.07	87.0
65.792	0.184	fixation	n/a	139.5	185.6	3682.0	n/a	n/a	n/a	n/a
65.978	0.174	saccade	n/a	133.3	182.9	n/a	230.0	211.8	3.45	1657.0
66.032	0.046	blink	n/a	n/a	n/a	n/a	n/a	n/a	n/a	n/a
66.154	0.158	fixation	n/a	229.5	206.0	3877.0	n/a	n/a	n/a	n/a
66.314	0.026	saccade	n/a	226.6	199.5	n/a	296.8	204.8	2.43	144.0
66.342	0.17	fixation	n/a	300.5	203.4	3751.0	n/a	n/a	n/a	n/a
66.514	0.184	saccade	n/a	302.2	199.7	n/a	405.7	219.1	3.67	1570.0
66.554	0.1	blink	n/a	n/a	n/a	n/a	n/a	n/a	n/a	n/a
66.7	0.234	fixation	n/a	408.1	199.7	3600.0	n/a	n/a	n/a	n/a
66.936	0.022	saccade	n/a	408.1	196.7	n/a	363.4	192.3	1.57	83.0
66.96	0.186	fixation	n/a	357.1	195.5	3545.0	n/a	n/a	n/a	n/a
67.148	0.024	saccade	n/a	356.3	189.2	n/a	419.1	204.7	2.26	113.0
67.174	0.294	fixation	n/a	419.8	199.8	3501.0	n/a	n/a	n/a	n/a
67.47	0.022	saccade	n/a	417.1	204.4	n/a	461.2	213.4	1.57	89.0
67.494	0.224	fixation	n/a	477.1	211.8	3551.0	n/a	n/a	n/a	n/a
67.72	0.026	saccade	n/a	475.8	209.8	n/a	542.2	221.2	2.35	115.0
67.748	0.318	fixation	n/a	554.7	219.3	3571.0	n/a	n/a	n/a	n/a
68.068	0.1	saccade	n/a	557.2	219.8	n/a	75.1	248.8	16.43	327.0
68.17	0.072	fixation	n/a	69.8	249.6	3340.0	n/a	n/a	n/a	n/a
68.244	0.024	saccade	n/a	72.7	253.4	n/a	84.3	254.6	0.39	82.0
68.27	0.15	fixation	n/a	95.1	258.2	3350.0	n/a	n/a	n/a	n/a
68.422	0.03	saccade	n/a	129.0	248.3	n/a	181.2	253.0	1.78	189.0
68.454	0.026	fixation	n/a	178.2	252.8	3391.0	n/a	n/a	n/a	n/a
68.482	0.016	saccade	n/a	159.5	246.5	n/a	190.4	247.8	1.05	90.0
68.5	0.066	fixation	n/a	190.6	250.0	3450.0	n/a	n/a	n/a	n/a
68.568	0.072	saccade	n/a	180.9	242.5	n/a	198.9	248.2	0.65	112.0
68.642	0.124	fixation	n/a	184.3	250.6	3566.0	n/a	n/a	n/a	n/a
68.768	0.022	saccade	n/a	181.9	249.3	n/a	167.3	247.2	0.5	74.0
68.792	0.03	fixation	n/a	168.7	246.4	3591.0	n/a	n/a	n/a	n/a
68.824	0.048	saccade	n/a	156.8	240.6	n/a	161.9	244.1	0.21	90.0
68.874	0.078	fixation	n/a	182.8	247.1	3636.0	n/a	n/a	n/a	n/a
68.954	0.028	saccade	n/a	184.8	245.0	n/a	184.1	244.3	0.03	103.0
68.984	0.138	fixation	n/a	181.0	247.2	3665.0	n/a	n/a	n/a	n/a
69.124	0.026	saccade	n/a	177.6	246.4	n/a	236.9	252.9	2.04	110.0
69.152	0.106	fixation	n/a	236.4	250.1	3759.0	n/a	n/a	n/a	n/a
69.26	0.08	saccade	n/a	239.4	250.7	n/a	324.7	245.8	2.95	182.0
69.342	0.262	fixation	n/a	340.8	249.1	3846.0	n/a	n/a	n/a	n/a
69.606	0.018	saccade	n/a	347.8	255.8	n/a	375.7	253.9	0.97	66.0
69.626	0.14	fixation	n/a	373.6	253.2	3851.0	n/a	n/a	n/a	n/a
69.768	0.026	saccade	n/a	371.8	255.0	n/a	458.2	257.3	3.01	163.0
69.796	0.176	fixation	n/a	465.2	254.2	3749.0	n/a	n/a	n/a	n/a
69.974	0.026	saccade	n/a	468.8	256.9	n/a	533.6	259.7	2.26	114.0
70.002	0.146	fixation	n/a	542.6	259.3	3699.0	n/a	n/a	n/a	n/a
70.15	0.056	saccade	n/a	542.2	256.8	n/a	263.7	322.2	9.89	302.0
70.208	0.124	fixation	n/a	260.3	323.1	3631.0	n/a	n/a	n/a	n/a
70.334	0.028	saccade	n/a	258.1	322.0	n/a	237.5	325.6	0.72	130.0
70.364	0.136	fixation	n/a	238.9	321.3	3540.0	n/a	n/a	n/a	n/a
70.502	0.02	saccade	n/a	230.2	319.0	n/a	224.4	318.0	0.2	76.0
70.524	0.178	fixation	n/a	233.3	324.8	3481.0	n/a	n/a	n/a	n/a
70.704	0.026	saccade	n/a	213.8	320.8	n/a	278.6	329.2	2.24	146.0
70.732	0.274	fixation	n/a	294.2	322.0	3396.0	n/a	n/a	n/a	n/a
71.008	0.024	saccade	n/a	291.2	320.5	n/a	355.9	322.5	2.24	131.0
71.034	0.244	fixation	n/a	370.1	320.3	3386.0	n/a	n/a	n/a	n/a
71.28	0.028	saccade	n/a	370.1	329.2	n/a	434.3	316.7	2.27	108.0
71.31	0.206	fixation	n/a	438.6	318.9	3365.0	n/a	n/a	n/a	n/a
71.518	0.018	saccade	n/a	444.4	313.0	n/a	477.4	310.9	1.15	77.0
71.538	0.654	fixation	n/a	505.6	330.8	3263.0	n/a	n/a	n/a	n/a
72.194	0.066	saccade	n/a	530.3	355.8	n/a	116.5	377.0	14.07	354.0
72.262	0.266	fixation	n/a	128.4	382.9	3317.0	n/a	n/a	n/a	n/a
72.53	0.256	saccade	n/a	146.4	383.4	n/a	286.4	378.4	4.75	165.0
72.788	0.196	fixation	n/a	309.4	378.6	3511.0	n/a	n/a	n/a	n/a
72.986	0.034	saccade	n/a	315.6	377.1	n/a	415.8	387.4	3.47	161.0
73.022	0.348	fixation	n/a	412.7	387.3	3514.0	n/a	n/a	n/a	n/a
73.372	0.018	saccade	n/a	429.9	383.2	n/a	458.6	401.5	1.18	71.0
73.392	0.22	fixation	n/a	489.4	401.3	3378.0	n/a	n/a	n/a	n/a
73.614	0.02	saccade	n/a	497.8	401.1	n/a	538.8	412.6	1.46	88.0
73.636	0.168	fixation	n/a	553.1	413.3	3266.0	n/a	n/a	n/a	n/a
73.806	0.022	saccade	n/a	559.1	414.1	n/a	601.4	432.3	1.57	87.0
73.83	0.194	fixation	n/a	612.0	427.1	3195.0	n/a	n/a	n/a	n/a
74.026	0.016	saccade	n/a	619.3	418.8	n/a	644.7	430.9	0.95	68.0
74.044	0.152	fixation	n/a	650.1	434.4	3175.0	n/a	n/a	n/a	n/a
74.198	0.074	saccade	n/a	653.0	433.4	n/a	130.5	468.1	17.48	393.0
74.274	0.332	fixation	n/a	125.7	467.7	3433.0	n/a	n/a	n/a	n/a
74.608	0.036	saccade	n/a	122.0	467.7	n/a	275.4	464.6	5.13	225.0
74.646	0.216	fixation	n/a	277.7	469.2	3488.0	n/a	n/a	n/a	n/a
74.864	0.018	saccade	n/a	280.2	463.6	n/a	313.6	461.2	1.14	79.0
74.884	0.224	fixation	n/a	328.3	449.5	3604.0	n/a	n/a	n/a	n/a
75.11	0.014	saccade	n/a	333.2	445.1	n/a	357.2	452.3	0.85	70.0
75.126	0.356	fixation	n/a	368.8	444.9	3582.0	n/a	n/a	n/a	n/a
75.22	0.0	trigger_11	11	n/a	n/a	n/a	n/a	n/a	n/a	n/a
75.324	0.0	trigger_10	10	n/a	n/a	n/a	n/a	n/a	n/a	n/a
75.484	0.062	saccade	n/a	373.5	443.9	n/a	130.8	208.5	11.57	345.0
75.548	0.076	fixation	n/a	143.0	216.1	3594.0	n/a	n/a	n/a	n/a
75.626	0.03	saccade	n/a	140.9	215.4	n/a	78.8	196.2	2.19	170.0
75.658	0.178	fixation	n/a	94.9	194.9	3607.0	n/a	n/a	n/a	n/a
75.838	0.044	saccade	n/a	101.7	195.2	n/a	151.6	202.2	1.7	123.0
75.884	0.052	fixation	n/a	165.3	196.0	3581.0	n/a	n/a	n/a	n/a
75.938	0.06	saccade	n/a	153.4	196.6	n/a	158.5	192.3	0.23	96.0
76.0	0.112	fixation	n/a	172.5	194.3	3566.0	n/a	n/a	n/a	n/a
76.114	0.02	saccade	n/a	165.2	194.1	n/a	186.6	198.3	0.75	78.0
76.136	0.02	fixation	n/a	172.7	196.7	3540.0	n/a	n/a	n/a	n/a
76.158	0.026	saccade	n/a	158.6	195.5	n/a	216.8	188.5	2.0	166.0
76.186	0.036	fixation	n/a	242.6	189.7	3465.0	n/a	n/a	n/a	n/a
76.224	0.066	saccade	n/a	246.1	185.4	n/a	266.0	185.9	0.69	129.0
76.292	0.032	fixation	n/a	272.1	193.0	3597.0	n/a	n/a	n/a	n/a
76.326	0.022	saccade	n/a	270.1	192.1	n/a	260.2	185.9	0.41	92.0
76.35	0.06	fixation	n/a	272.4	190.3	3609.0	n/a	n/a	n/a	n/a
76.412	0.048	saccade	n/a	272.1	191.6	n/a	482.8	204.8	7.33	245.0
76.462	0.158	fixation	n/a	493.3	203.1	3710.0	n/a	n/a	n/a	n/a
76.622	0.028	saccade	n/a	497.6	201.2	n/a	583.9	203.0	2.99	133.0
76.652	0.108	fixation	n/a	598.8	206.4	3754.0	n/a	n/a	n/a	n/a
76.762	0.064	saccade	n/a	597.8	204.4	n/a	205.4	255.5	13.6	376.0
76.828	0.162	fixation	n/a	202.2	259.1	3641.0	n/a	n/a	n/a	n/a
76.992	0.016	saccade	n/a	201.8	262.0	n/a	172.9	262.7	0.98	75.0
77.01	0.022	fixation	n/a	171.2	260.5	3537.0	n/a	n/a	n/a	n/a
77.034	0.028	saccade	n/a	176.1	261.2	n/a	178.5	263.9	0.12	90.0
77.064	0.03	fixation	n/a	183.6	263.3	3572.0	n/a	n/a	n/a	n/a
77.096	0.04	saccade	n/a	181.0	262.6	n/a	184.4	262.0	0.12	173.0
77.138	0.03	fixation	n/a	183.1	263.2	3578.0	n/a	n/a	n/a	n/a
77.17	0.028	saccade	n/a	179.5	262.2	n/a	258.3	261.0	2.69	149.0
77.2	0.204	fixation	n/a	286.1	265.4	3628.0	n/a	n/a	n/a	n/a
77.406	0.032	saccade	n/a	280.7	269.3	n/a	367.5	265.8	3.01	176.0
77.44	0.246	fixation	n/a	369.5	271.4	3587.0	n/a	n/a	n/a	n/a
77.688	0.024	saccade	n/a	377.4	280.5	n/a	435.3	268.6	2.06	110.0
77.714	0.284	fixation	n/a	435.6	268.1	3493.0	n/a	n/a	n/a	n/a
78.0	0.236	saccade	n/a	434.0	283.6	n/a	244.0	247.7	6.68	1430.0
78.05	0.136	blink	n/a	n/a	n/a	n/a	n/a	n/a	n/a	n/a
78.238	0.134	fixation	n/a	237.0	227.4	3414.0	n/a	n/a	n/a	n/a
78.374	0.016	saccade	n/a	226.6	221.0	n/a	196.0	215.2	1.07	80.0
78.392	0.09	fixation	n/a	191.5	203.0	3335.0	n/a	n/a	n/a	n/a
78.484	0.042	saccade	n/a	190.0	199.6	n/a	193.5	204.4	0.21	120.0
78.528	0.194	fixation	n/a	192.2	204.0	3313.0	n/a	n/a	n/a	n/a
78.724	0.028	saccade	n/a	200.2	210.2	n/a	133.7	213.7	2.27	151.0
78.754	0.242	fixation	n/a	124.9	213.2	3310.0	n/a	n/a	n/a	n/a
78.836	0.0	trigger_11	11	n/a	n/a	n/a	n/a	n/a	n/a	n/a
78.942	0.0	trigger_10	10	n/a	n/a	n/a	n/a	n/a	n/a	n/a
78.998	0.022	saccade	n/a	127.8	210.5	n/a	104.4	205.1	0.81	92.0
79.022	0.156	fixation	n/a	102.9	205.5	3364.0	n/a	n/a	n/a	n/a
79.18	0.034	saccade	n/a	101.1	201.4	n/a	52.4	186.2	1.7	74.0
79.216	0.068	fixation	n/a	73.7	185.0	3385.0	n/a	n/a	n/a	n/a
79.286	0.09	saccade	n/a	65.3	186.3	n/a	255.7	195.0	6.45	285.0
79.378	0.166	fixation	n/a	268.6	198.1	3550.0	n/a	n/a	n/a	n/a
79.546	0.052	saccade	n/a	271.1	197.3	n/a	315.3	198.6	1.53	112.0
79.6	0.22	fixation	n/a	343.1	198.4	3592.0	n/a	n/a	n/a	n/a
79.822	0.024	saccade	n/a	348.0	196.2	n/a	400.7	196.3	1.83	97.0
79.848	0.198	fixation	n/a	412.6	199.9	3557.0	n/a	n/a	n/a	n/a
80.048	0.018	saccade	n/a	420.5	204.2	n/a	447.8	206.1	0.95	64.0
80.068	0.192	fixation	n/a	460.8	205.4	3588.0	n/a	n/a	n/a	n/a
80.262	0.022	saccade	n/a	463.4	204.0	n/a	510.6	216.0	1.7	103.0
80.286	0.23	fixation	n/a	524.9	221.2	3592.0	n/a	n/a	n/a	n/a
80.518	0.018	saccade	n/a	522.1	224.1	n/a	551.8	229.4	1.05	73.0
80.538	0.302	fixation	n/a	567.8	225.1	3533.0	n/a	n/a	n/a	n/a
80.842	0.08	saccade	n/a	581.7	224.6	n/a	105.7	253.6	16.19	388.0
80.924	0.292	fixation	n/a	106.1	260.2	3303.0	n/a	n/a	n/a	n/a
81.218	0.044	saccade	n/a	96.0	257.9	n/a	211.0	263.6	3.9	213.0
81.264	0.3	fixation	n/a	221.3	263.6	3424.0	n/a	n/a	n/a	n/a
81.566	0.024	saccade	n/a	211.7	258.1	n/a	274.0	265.2	2.15	165.0
81.592	0.176	fixation	n/a	298.4	267.0	3556.0	n/a	n/a	n/a	n/a
81.77	0.032	saccade	n/a	304.5	265.9	n/a	398.3	268.6	3.25	156.0
81.804	0.27	fixation	n/a	403.5	263.3	3575.0	n/a	n/a	n/a	n/a
82.076	0.024	saccade	n/a	404.0	256.0	n/a	458.8	253.5	1.9	108.0
82.102	0.236	fixation	n/a	483.9	257.1	3436.0	n/a	n/a	n/a	n/a
82.34	0.018	saccade	n/a	488.3	246.5	n/a	519.6	263.5	1.24	81.0
82.36	0.178	fixation	n/a	527.2	268.8	3247.0	n/a	n/a	n/a	n/a
82.54	0.026	saccade	n/a	537.3	278.2	n/a	599.8	296.6	2.25	104.0
82.568	0.2	fixation	n/a	610.7	288.0	3207.0	n/a	n/a	n/a	n/a
82.77	0.08	saccade	n/a	614.4	283.3	n/a	106.2	316.2	17.21	398.0
82.852	0.316	fixation	n/a	117.1	318.7	3253.0	n/a	n/a	n/a	n/a
83.17	0.054	saccade	n/a	111.0	324.2	n/a	189.9	324.8	2.65	139.0
83.226	0.22	fixation	n/a	201.6	320.7	3291.0	n/a	n/a	n/a	n/a
83.448	0.028	saccade	n/a	204.7	325.4	n/a	290.9	324.9	2.95	152.0
83.478	0.25	fixation	n/a	337.5	326.3	3268.0	n/a	n/a	n/a	n/a
83.73	0.022	saccade	n/a	343.7	326.7	n/a	406.2	333.7	2.17	131.0
83.754	0.23	fixation	n/a	419.1	331.3	3254.0	n/a	n/a	n/a	n/a
83.986	0.022	saccade	n/a	425.9	335.2	n/a	471.6	333.2	1.58	91.0
84.01	0.232	fixation	n/a	473.3	334.2	3198.0	n/a	n/a	n/a	n/a
84.244	0.026	saccade	n/a	475.1	326.7	n/a	534.7	351.4	2.23	109.0
84.272	0.238	fixation	n/a	543.3	349.2	3133.0	n/a	n/a	n/a	n/a
84.512	0.022	saccade	n/a	550.4	346.2	n/a	609.2	357.0	2.04	117.0
84.536	0.314	fixation	n/a	635.1	364.6	3001.0	n/a	n/a	n/a	n/a
84.852	0.08	saccade	n/a	634.0	364.4	n/a	101.0	394.9	17.92	366.0
84.934	0.316	fixation	n/a	106.5	392.5	3185.0	n/a	n/a	n/a	n/a
85.244	0.0	trigger_11	11	n/a	n/a	n/a	n/a	n/a	n/a	n/a
85.252	0.026	saccade	n/a	109.4	392.1	n/a	105.9	307.1	2.89	156.0
85.28	0.272	fixation	n/a	116.7	285.9	3115.0	n/a	n/a	n/a	n/a
85.35	0.0	trigger_10	10	n/a	n/a	n/a	n/a	n/a	n/a	n/a
85.554	0.026	saccade	n/a	115.5	280.5	n/a	105.0	211.7	2.4	112.0
85.582	0.184	fixation	n/a	107.5	208.7	3253.0	n/a	n/a	n/a	n/a
85.768	0.014	saccade	n/a	104.5	197.6	n/a	128.6	191.8	0.84	64.0
85.784	0.036	fixation	n/a	123.6	187.2	3186.0	n/a	n/a	n/a	n/a
85.822	0.048	saccade	n/a	119.7	186.4	n/a	173.1	192.8	1.82	147.0
85.872	0.08	fixation	n/a	171.0	189.4	3369.0	n/a	n/a	n/a	n/a
85.954	0.022	saccade	n/a	148.0	186.1	n/a	178.9	187.5	1.05	106.0
85.978	0.052	fixation	n/a	177.3	187.4	3392.0	n/a	n/a	n/a	n/a
86.032	0.026	saccade	n/a	183.7	178.2	n/a	244.1	179.4	2.07	160.0
86.06	0.142	fixation	n/a	259.5	185.0	3375.0	n/a	n/a	n/a	n/a
86.204	0.208	saccade	n/a	266.5	188.9	n/a	336.0	190.9	2.41	1355.0
86.29	0.066	blink	n/a	n/a	n/a	n/a	n/a	n/a	n/a	n/a
86.414	0.22	fixation	n/a	335.4	187.7	3501.0	n/a	n/a	n/a	n/a
86.636	0.028	saccade	n/a	335.2	187.8	n/a	410.3	192.7	2.62	115.0
86.666	0.24	fixation	n/a	412.9	190.2	3309.0	n/a	n/a	n/a	n/a
86.908	0.02	saccade	n/a	418.9	189.5	n/a	453.7	192.0	1.22	73.0
86.93	0.22	fixation	n/a	475.7	200.3	3226.0	n/a	n/a	n/a	n/a
87.152	0.024	saccade	n/a	483.7	205.2	n/a	544.7	220.5	2.18	118.0
87.178	0.29	fixation	n/a	555.9	225.0	3330.0	n/a	n/a	n/a	n/a
87.47	0.072	saccade	n/a	553.7	227.1	n/a	124.7	245.8	14.63	368.0
87.544	0.402	fixation	n/a	129.9	255.0	3208.0	n/a	n/a	n/a	n/a
87.948	0.052	saccade	n/a	128.1	257.7	n/a	244.6	259.2	3.96	155.0
88.002	0.258	fixation	n/a	240.6	259.8	3193.0	n/a	n/a	n/a	n/a
88.262	0.034	saccade	n/a	243.4	262.2	n/a	353.6	256.7	3.8	145.0
88.298	0.184	fixation	n/a	364.6	262.2	3192.0	n/a	n/a	n/a	n/a
88.484	0.024	saccade	n/a	365.1	260.9	n/a	299.2	254.6	2.29	136.0
88.51	0.25	fixation	n/a	305.4	254.8	3169.0	n/a	n/a	n/a	n/a
88.762	0.024	saccade	n/a	306.4	253.8	n/a	373.4	254.3	2.32	140.0
88.788	0.224	fixation	n/a	382.5	260.6	3192.0	n/a	n/a	n/a	n/a
89.014	0.03	saccade	n/a	383.9	255.3	n/a	477.5	258.5	3.25	168.0
89.046	0.286	fixation	n/a	500.0	259.5	3119.0	n/a	n/a	n/a	n/a
89.334	0.02	saccade	n/a	504.0	261.8	n/a	541.8	272.0	1.36	84.0
89.356	0.174	fixation	n/a	553.9	283.1	3061.0	n/a	n/a	n/a	n/a
89.532	0.07	saccade	n/a	558.0	281.7	n/a	130.7	318.8	14.59	380.0
89.604	0.352	fixation	n/a	133.5	321.0	3137.0	n/a	n/a	n/a	n/a
89.958	0.02	saccade	n/a	134.2	322.3	n/a	171.3	315.7	1.27	78.0
89.98	0.164	fixation	n/a	177.5	316.5	3211.0	n/a	n/a	n/a	n/a
90.146	0.03	saccade	n/a	181.1	315.5	n/a	277.0	327.1	3.29	191.0
90.178	0.14	fixation	n/a	290.6	333.8	3237.0	n/a	n/a	n/a	n/a
90.32	0.198	saccade	n/a	303.3	339.2	n/a	376.0	354.3	2.55	1440.0
90.356	0.114	blink	n/a	n/a	n/a	n/a	n/a	n/a	n/a	n/a
90.52	0.404	fixation	n/a	393.2	330.3	3239.0	n/a	n/a	n/a	n/a
90.926	0.034	saccade	n/a	416.3	328.3	n/a	528.8	342.8	3.91	150.0
90.962	0.312	fixation	n/a	538.4	352.2	3090.0	n/a	n/a	n/a	n/a
91.276	0.028	saccade	n/a	539.3	358.2	n/a	606.5	376.6	2.38	107.0
91.306	0.384	fixation	n/a	632.8	374.5	2859.0	n/a	n/a	n/a	n/a
91.692	0.08	saccade	n/a	646.2	373.5	n/a	143.5	394.4	16.91	337.0
91.774	0.382	fixation	n/a	146.3	397.1	2914.0	n/a	n/a	n/a	n/a
92.158	0.024	saccade	n/a	142.3	388.0	n/a	207.8	397.0	2.22	122.0
92.184	0.252	fixation	n/a	223.9	399.2	3041.0	n/a	n/a	n/a	n/a
92.438	0.028	saccade	n/a	228.5	405.5	n/a	321.7	398.8	3.17	156.0
92.468	0.184	fixation	n/a	339.3	394.1	3093.0	n/a	n/a	n/a	n/a
92.654	0.022	saccade	n/a	350.9	397.7	n/a	398.4	390.7	1.65	82.0
92.678	0.218	fixation	n/a	420.9	396.2	3160.0	n/a	n/a	n/a	n/a
92.898	0.028	saccade	n/a	418.8	382.3	n/a	493.0	400.7	2.62	137.0
92.928	0.388	fixation	n/a	502.8	410.4	3097.0	n/a	n/a	n/a	n/a
93.046	0.0	trigger_11	11	n/a	n/a	n/a	n/a	n/a	n/a	n/a
93.15	0.0	trigger_10	10	n/a	n/a	n/a	n/a	n/a	n/a	n/a
93.318	0.072	saccade	n/a	504.5	407.6	n/a	158.7	261.5	12.79	378.0
93.392	0.068	fixation	n/a	167.2	264.8	3050.0	n/a	n/a	n/a	n/a
93.462	0.022	saccade	n/a	165.9	262.5	n/a	129.9	230.1	1.65	102.0
93.486	0.1	fixation	n/a	128.6	225.9	2964.0	n/a	n/a	n/a	n/a
93.588	0.016	saccade	n/a	128.8	220.6	n/a	112.0	199.6	0.92	66.0
93.606	0.27	fixation	n/a	118.4	201.0	2930.0	n/a	n/a	n/a	n/a
93.878	0.032	saccade	n/a	126.9	193.6	n/a	139.9	194.7	0.44	110.0
93.912	0.066	fixation	n/a	131.7	190.7	2918.0	n/a	n/a	n/a	n/a
93.98	0.068	saccade	n/a	130.6	193.4	n/a	230.4	179.1	3.43	123.0
94.05	0.162	fixation	n/a	262.9	192.4	3127.0	n/a	n/a	n/a	n/a
94.214	0.014	saccade	n/a	260.3	192.4	n/a	270.4	195.9	0.37	70.0
94.23	0.032	fixation	n/a	261.9	191.6	3133.0	n/a	n/a	n/a	n/a
94.264	0.062	saccade	n/a	252.2	177.0	n/a	254.0	179.3	0.1	102.0
94.328	0.026	fixation	n/a	269.6	189.1	3183.0	n/a	n/a	n/a	n/a
94.356	0.112	saccade	n/a	283.3	194.4	n/a	363.9	179.3	2.84	156.0
94.47	0.12	fixation	n/a	364.5	192.5	3236.0	n/a	n/a	n/a	n/a
94.592	0.02	saccade	n/a	368.1	196.9	n/a	409.7	199.3	1.45	97.0
94.614	0.18	fixation	n/a	420.1	191.7	3198.0	n/a	n/a	n/a	n/a
94.796	0.03	saccade	n/a	422.9	193.7	n/a	520.1	221.2	3.52	154.0
94.828	0.394	fixation	n/a	534.4	225.1	3083.0	n/a	n/a	n/a	n/a
95.224	0.074	saccade	n/a	535.9	219.3	n/a	123.7	249.5	14.11	361.0
95.3	0.064	fixation	n/a	131.2	249.3	3071.0	n/a	n/a	n/a	n/a
95.366	0.014	saccade	n/a	121.3	245.0	n/a	142.1	250.8	0.73	76.0
95.382	0.262	fixation	n/a	145.5	254.6	3078.0	n/a	n/a	n/a	n/a
95.646	0.03	saccade	n/a	151.0	252.8	n/a	246.1	251.9	3.23	215.0
95.678	0.15	fixation	n/a	247.9	250.8	3045.0	n/a	n/a	n/a	n/a
95.83	0.036	saccade	n/a	249.6	241.1	n/a	255.4	248.5	0.33	112.0
95.868	0.212	fixation	n/a	324.6	245.7	3085.0	n/a	n/a	n/a	n/a
96.082	0.026	saccade	n/a	336.7	237.1	n/a	424.8	246.8	3.07	157.0
96.11	0.198	fixation	n/a	457.4	247.1	3035.0	n/a	n/a	n/a	n/a
96.31	0.03	saccade	n/a	463.3	250.6	n/a	541.0	274.3	2.81	119.0
96.342	0.198	fixation	n/a	552.2	276.7	2928.0	n/a	n/a	n/a	n/a
96.542	0.02	saccade	n/a	559.2	278.5	n/a	600.7	281.1	1.43	88.0
96.564	0.244	fixation	n/a	615.3	283.3	2816.0	n/a	n/a	n/a	n/a
96.81	0.07	saccade	n/a	617.1	277.3	n/a	170.9	310.7	15.22	355.0
96.882	0.3	fixation	n/a	172.2	319.7	2936.0	n/a	n/a	n/a	n/a
97.184	0.03	saccade	n/a	180.8	319.8	n/a	300.0	329.4	4.07	199.0
97.216	0.176	fixation	n/a	313.5	325.9	2997.0	n/a	n/a	n/a	n/a
97.394	0.02	saccade	n/a	318.6	328.5	n/a	360.3	319.7	1.47	97.0
97.416	0.204	fixation	n/a	380.2	319.3	3133.0	n/a	n/a	n/a	n/a
97.622	0.028	saccade	n/a	388.9	308.7	n/a	471.5	326.4	2.92	119.0
97.652	0.512	fixation	n/a	516.3	331.2	3247.0	n/a	n/a	n/a	n/a
98.166	0.062	saccade	n/a	532.4	332.8	n/a	154.9	371.8	12.89	352.0
98.23	0.374	fixation	n/a	155.5	377.6	3438.0	n/a	n/a	n/a	n/a
98.606	0.024	saccade	n/a	163.6	380.6	n/a	220.7	386.9	1.93	104.0
98.632	0.744	fixation	n/a	245.5	386.5	3329.0	n/a	n/a	n/a	n/a
99.11	0.0	trigger_11	11	n/a	n/a	n/a	n/a	n/a	n/a	n/a
99.214	0.0	trigger_10	10	n/a	n/a	n/a	n/a	n/a	n/a	n/a
99.378	0.046	saccade	n/a	251.5	387.8	n/a	123.5	296.7	5.33	175.0
99.426	0.028	fixation	n/a	111.1	284.2	3221.0	n/a	n/a	n/a	n/a
99.456	0.162	saccade	n/a	93.8	274.2	n/a	109.7	212.3	2.2	1335.0
99.496	0.074	blink	n/a	n/a	n/a	n/a	n/a	n/a	n/a	n/a
99.62	0.238	fixation	n/a	114.8	207.8	3110.0	n/a	n/a	n/a	n/a
99.86	0.046	saccade	n/a	107.5	205.6	n/a	233.6	199.2	4.29	141.0
99.908	0.124	fixation	n/a	227.7	200.5	3047.0	n/a	n/a	n/a	n/a
100.034	0.024	saccade	n/a	227.2	196.5	n/a	224.7	195.3	0.1	73.0
100.06	0.062	fixation	n/a	233.2	201.8	3048.0	n/a	n/a	n/a	n/a
100.124	0.036	saccade	n/a	229.4	202.9	n/a	227.0	195.9	0.26	129.0
100.162	0.2	fixation	n/a	248.1	201.8	3086.0	n/a	n/a	n/a	n/a
100.364	0.022	saccade	n/a	250.1	190.9	n/a	230.6	187.3	0.68	78.0
100.388	0.07	fixation	n/a	235.5	182.9	3104.0	n/a	n/a	n/a	n/a
100.46	0.078	saccade	n/a	202.3	176.1	n/a	355.4	182.0	5.27	173.0
100.54	0.264	fixation	n/a	379.5	186.2	3266.0	n/a	n/a	n/a	n/a
100.806	0.02	saccade	n/a	387.4	184.1	n/a	425.4	190.1	1.34	79.0
100.828	0.2	fixation	n/a	445.3	201.1	3284.0	n/a	n/a	n/a	n/a
101.03	0.028	saccade	n/a	446.2	198.9	n/a	523.3	207.3	2.7	140.0
101.06	0.218	fixation	n/a	538.5	209.0	3484.0	n/a	n/a	n/a	n/a
101.28	0.026	saccade	n/a	537.2	210.6	n/a	607.4	214.2	2.43	119.0
101.308	0.21	fixation	n/a	629.2	213.0	3537.0	n/a	n/a	n/a	n/a
101.52	0.082	saccade	n/a	634.2	215.6	n/a	122.6	238.9	17.39	394.0
101.604	0.238	fixation	n/a	109.2	241.5	3256.0	n/a	n/a	n/a	n/a
101.844	0.178	saccade	n/a	93.1	233.5	n/a	221.4	262.0	4.45	1752.0
101.882	0.092	blink	n/a	n/a	n/a	n/a	n/a	n/a	n/a	n/a
102.024	0.236	fixation	n/a	220.0	243.3	3569.0	n/a	n/a	n/a	n/a
102.262	0.016	saccade	n/a	219.3	234.6	n/a	242.8	240.0	0.83	59.0
102.28	0.146	fixation	n/a	241.8	239.2	3615.0	n/a	n/a	n/a	n/a
102.428	0.022	saccade	n/a	238.8	246.3	n/a	282.5	246.1	1.5	94.0
102.452	0.188	fixation	n/a	306.6	247.9	3539.0	n/a	n/a	n/a	n/a
102.642	0.024	saccade	n/a	311.7	252.0	n/a	371.4	250.0	2.07	123.0
102.668	0.246	fixation	n/a	370.0	251.3	3563.0	n/a	n/a	n/a	n/a
102.916	0.026	saccade	n/a	379.5	256.6	n/a	453.8	251.9	2.59	158.0
102.944	0.208	fixation	n/a	454.9	250.4	3680.0	n/a	n/a	n/a	n/a
103.154	0.024	saccade	n/a	458.4	251.9	n/a	517.0	250.1	2.05	118.0
103.18	0.306	fixation	n/a	526.1	250.5	3810.0	n/a	n/a	n/a	n/a
103.488	0.068	saccade	n/a	527.0	250.8	n/a	122.7	290.6	13.92	376.0
103.558	0.174	fixation	n/a	114.4	291.6	3573.0	n/a	n/a	n/a	n/a
103.734	0.028	saccade	n/a	96.4	291.3	n/a	109.1	293.3	0.43	84.0
103.764	0.044	fixation	n/a	108.6	293.8	3518.0	n/a	n/a	n/a	n/a
103.81	0.078	saccade	n/a	96.3	295.4	n/a	180.7	286.6	2.87	166.0
103.89	0.022	fixation	n/a	174.5	284.4	3433.0	n/a	n/a	n/a	n/a
103.914	0.028	saccade	n/a	167.6	284.2	n/a	239.1	293.9	2.47	156.0
103.944	0.036	fixation	n/a	237.4	299.0	3584.0	n/a	n/a	n/a	n/a
103.982	0.04	saccade	n/a	239.1	303.4	n/a	236.2	299.8	0.16	158.0
104.024	0.04	fixation	n/a	230.5	300.6	3535.0	n/a	n/a	n/a	n/a
104.066	0.038	saccade	n/a	230.9	301.9	n/a	321.7	299.1	3.14	272.0
104.106	0.062	fixation	n/a	327.5	304.4	3498.0	n/a	n/a	n/a	n/a
104.17	0.016	saccade	n/a	311.1	304.8	n/a	342.9	312.2	1.14	95.0
104.188	0.044	fixation	n/a	343.6	313.3	3525.0	n/a	n/a	n/a	n/a
104.234	0.07	saccade	n/a	337.9	310.8	n/a	347.1	301.1	0.47	128.0
104.306	0.048	fixation	n/a	338.7	307.7	3540.0	n/a	n/a	n/a	n/a
104.356	0.03	saccade	n/a	335.8	310.3	n/a	432.1	318.8	3.37	184.0
104.388	0.234	fixation	n/a	443.9	327.1	3573.0	n/a	n/a	n/a	n/a
104.624	15.158	saccade	n/a	445.8	354.8	n/a	115.8	305.8	11.41	98.0
104.668	15.1	blink	n/a	n/a	n/a	n/a	n/a	n/a	n/a	n/a
109.182	0.0	trigger_11	11	n/a	n/a	n/a	n/a	n/a	n/a	n/a
109.286	0.0	trigger_12	12	n/a	n/a	n/a	n/a	n/a	n/a	n/a
116.096	0.0	trigger_13	13	n/a	n/a	n/a	n/a	n/a	n/a	n/a
119.784	0.278	fixation	n/a	118.3	294.0	4041.0	n/a	n/a	n/a	n/a
120.064	0.04	saccade	n/a	91.2	285.5	n/a	112.5	269.6	0.9	133.0
120.106	0.142	fixation	n/a	105.6	285.4	3720.0	n/a	n/a	n/a	n/a
120.25	0.132	saccade	n/a	120.4	296.0	n/a	75.1	219.8	3.05	203.0
120.384	0.032	fixation	n/a	79.0	214.1	3609.0	n/a	n/a	n/a	n/a
120.418	0.09	saccade	n/a	92.7	213.5	n/a	94.0	221.4	0.28	154.0
120.51	0.072	fixation	n/a	97.9	218.2	3711.0	n/a	n/a	n/a	n/a
120.584	0.198	saccade	n/a	106.6	223.7	n/a	122.7	236.5	0.7	178.0
120.784	0.08	fixation	n/a	114.8	233.6	3860.0	n/a	n/a	n/a	n/a
120.866	0.084	saccade	n/a	110.3	231.4	n/a	131.3	231.2	0.71	228.0
120.952	0.048	fixation	n/a	124.7	233.9	3931.0	n/a	n/a	n/a	n/a
121.002	0.024	saccade	n/a	126.5	233.1	n/a	122.2	291.1	2.02	106.0
121.028	0.63	fixation	n/a	130.4	286.7	4014.0	n/a	n/a	n/a	n/a
121.66	0.034	saccade	n/a	130.1	289.7	n/a	135.5	293.1	0.22	124.0
121.696	0.038	fixation	n/a	129.8	291.0	3955.0	n/a	n/a	n/a	n/a
121.736	0.032	saccade	n/a	126.5	292.7	n/a	120.8	378.8	2.96	162.0
121.77	0.29	fixation	n/a	130.5	362.1	3997.0	n/a	n/a	n/a	n/a
122.062	0.028	saccade	n/a	138.5	354.0	n/a	118.5	353.3	0.67	112.0
122.092	0.142	fixation	n/a	129.6	355.8	4009.0	n/a	n/a	n/a	n/a
122.236	0.026	saccade	n/a	121.7	354.9	n/a	74.3	355.7	1.58	116.0
122.264	0.082	fixation	n/a	85.9	358.9	3939.0	n/a	n/a	n/a	n/a
122.348	0.14	saccade	n/a	97.4	365.1	n/a	38.0	360.3	1.98	133.0
122.49	0.026	fixation	n/a	25.3	361.6	3812.0	n/a	n/a	n/a	n/a
122.518	0.056	saccade	n/a	37.1	368.4	n/a	78.2	367.0	1.36	111.0
122.576	0.044	fixation	n/a	77.7	365.9	3880.0	n/a	n/a	n/a	n/a
122.622	0.132	saccade	n/a	86.3	369.5	n/a	89.6	368.2	0.12	110.0
122.756	0.224	fixation	n/a	127.5	356.7	3952.0	n/a	n/a	n/a	n/a
122.982	0.026	saccade	n/a	129.5	347.9	n/a	113.5	307.2	1.5	125.0
123.01	0.518	fixation	n/a	130.4	300.3	4043.0	n/a	n/a	n/a	n/a
123.53	0.026	saccade	n/a	136.9	295.3	n/a	132.4	293.0	0.17	87.0
123.558	0.262	fixation	n/a	130.5	293.5	3983.0	n/a	n/a	n/a	n/a
123.584	0.0	trigger_15	15	n/a	n/a	n/a	n/a	n/a	n/a	n/a
123.636	0.0	trigger_10	10	n/a	n/a	n/a	n/a	n/a	n/a	n/a
123.822	0.108	saccade	n/a	130.2	292.8	n/a	97.6	198.8	3.45	268.0
123.932	0.188	fixation	n/a	119.3	191.0	4013.0	n/a	n/a	n/a	n/a
124.122	0.022	saccade	n/a	124.6	189.3	n/a	175.0	187.9	1.72	112.0
124.146	0.518	fixation	n/a	218.8	165.9	4032.0	n/a	n/a	n/a	n/a
124.666	0.02	saccade	n/a	250.6	157.5	n/a	284.2	162.6	1.18	74.0
124.688	0.094	fixation	n/a	304.6	169.0	3840.0	n/a	n/a	n/a	n/a
124.784	0.168	saccade	n/a	313.4	176.8	n/a	396.4	195.9	2.98	1685.0
124.824	0.084	blink	n/a	n/a	n/a	n/a	n/a	n/a	n/a	n/a
124.954	0.234	fixation	n/a	396.8	181.9	3951.0	n/a	n/a	n/a	n/a
125.19	0.04	saccade	n/a	401.4	186.6	n/a	475.3	191.8	2.6	124.0
125.232	0.262	fixation	n/a	468.6	188.5	3827.0	n/a	n/a	n/a	n/a
125.496	0.024	saccade	n/a	473.2	193.5	n/a	521.1	196.4	1.68	76.0
125.522	0.234	fixation	n/a	526.9	197.5	3714.0	n/a	n/a	n/a	n/a
125.758	0.064	saccade	n/a	531.4	202.1	n/a	131.6	220.3	13.75	363.0
125.824	0.156	fixation	n/a	109.1	228.0	3535.0	n/a	n/a	n/a	n/a
125.982	0.034	saccade	n/a	76.2	216.4	n/a	40.4	225.4	1.23	161.0
126.018	0.028	fixation	n/a	55.7	226.6	3410.0	n/a	n/a	n/a	n/a
126.048	0.056	saccade	n/a	57.7	236.9	n/a	41.6	218.8	0.82	102.0
126.106	0.058	fixation	n/a	49.3	223.5	3433.0	n/a	n/a	n/a	n/a
126.166	0.014	saccade	n/a	49.5	224.2	n/a	72.9	228.0	0.79	71.0
126.182	0.024	fixation	n/a	80.6	233.9	3506.0	n/a	n/a	n/a	n/a
126.208	0.068	saccade	n/a	88.8	241.2	n/a	191.1	253.2	3.49	123.0
126.278	0.076	fixation	n/a	193.0	252.6	3643.0	n/a	n/a	n/a	n/a
126.356	0.016	saccade	n/a	180.7	246.2	n/a	205.3	250.3	0.86	78.0
126.374	0.074	fixation	n/a	207.0	260.7	3708.0	n/a	n/a	n/a	n/a
126.45	0.03	saccade	n/a	193.5	261.6	n/a	293.6	257.0	3.46	212.0
126.482	0.148	fixation	n/a	308.5	254.1	3761.0	n/a	n/a	n/a	n/a
126.632	0.028	saccade	n/a	305.5	253.1	n/a	384.7	254.6	2.76	134.0
126.662	0.208	fixation	n/a	393.6	255.0	3861.0	n/a	n/a	n/a	n/a
126.872	0.022	saccade	n/a	395.0	259.7	n/a	436.9	254.1	1.48	94.0
126.896	0.256	fixation	n/a	439.7	247.2	3931.0	n/a	n/a	n/a	n/a
127.154	0.018	saccade	n/a	443.4	248.6	n/a	471.2	251.3	0.98	63.0
127.174	0.22	fixation	n/a	481.4	250.1	3948.0	n/a	n/a	n/a	n/a
127.396	0.026	saccade	n/a	484.8	244.4	n/a	560.8	247.3	2.65	118.0
127.424	0.268	fixation	n/a	563.9	246.6	3864.0	n/a	n/a	n/a	n/a
127.694	0.02	saccade	n/a	565.2	251.8	n/a	604.3	259.0	1.38	95.0
127.716	0.112	fixation	n/a	614.0	261.0	3791.0	n/a	n/a	n/a	n/a
127.83	0.078	saccade	n/a	611.5	259.0	n/a	113.1	295.8	17.03	419.0
127.91	0.026	fixation	n/a	107.6	295.7	3669.0	n/a	n/a	n/a	n/a
127.938	0.024	saccade	n/a	95.5	294.3	n/a	48.4	282.8	1.62	73.0
127.964	0.192	fixation	n/a	40.2	290.2	3422.0	n/a	n/a	n/a	n/a
128.158	0.086	saccade	n/a	49.2	301.6	n/a	167.3	308.7	3.97	209.0
128.246	0.086	fixation	n/a	143.0	306.6	3418.0	n/a	n/a	n/a	n/a
128.334	0.1	saccade	n/a	149.8	305.1	n/a	264.7	307.6	3.93	171.0
128.436	0.026	fixation	n/a	286.8	307.9	3443.0	n/a	n/a	n/a	n/a
128.464	0.022	saccade	n/a	311.7	313.3	n/a	277.4	296.9	1.32	137.0
128.488	0.04	fixation	n/a	278.9	300.6	3412.0	n/a	n/a	n/a	n/a
128.53	0.054	saccade	n/a	294.7	307.3	n/a	331.9	319.7	1.36	188.0
128.586	0.06	fixation	n/a	326.2	318.4	3555.0	n/a	n/a	n/a	n/a
128.648	0.072	saccade	n/a	324.3	315.9	n/a	387.6	319.0	2.2	183.0
128.722	0.19	fixation	n/a	406.7	321.2	3471.0	n/a	n/a	n/a	n/a
128.914	0.208	saccade	n/a	414.0	318.8	n/a	503.8	313.8	3.13	738.0
129.124	0.07	fixation	n/a	507.5	312.6	3274.0	n/a	n/a	n/a	n/a
129.196	0.026	saccade	n/a	513.1	319.5	n/a	581.1	347.8	2.55	131.0
129.224	0.234	fixation	n/a	597.7	338.2	3435.0	n/a	n/a	n/a	n/a
129.46	0.07	saccade	n/a	601.3	328.9	n/a	61.7	369.7	18.25	405.0
129.532	0.046	fixation	n/a	64.6	383.0	3317.0	n/a	n/a	n/a	n/a
129.58	1.252	saccade	n/a	61.2	402.4	n/a	202.5	224.5	7.75	124.0
129.604	1.2	blink	n/a	n/a	n/a	n/a	n/a	n/a	n/a	n/a
130.176	0.0	trigger_11	11	n/a	n/a	n/a	n/a	n/a	n/a	n/a
130.28	0.0	trigger_10	10	n/a	n/a	n/a	n/a	n/a	n/a	n/a
130.834	0.162	fixation	n/a	194.0	204.8	3724.0	n/a	n/a	n/a	n/a
130.998	0.04	saccade	n/a	179.9	188.4	n/a	303.3	197.1	4.28	180.0
131.04	0.284	fixation	n/a	306.3	198.6	3604.0	n/a	n/a	n/a	n/a
131.326	0.038	saccade	n/a	307.6	193.7	n/a	411.2	203.7	3.64	177.0
131.366	0.184	fixation	n/a	407.7	200.4	3566.0	n/a	n/a	n/a	n/a
131.552	0.024	saccade	n/a	413.4	201.3	n/a	466.4	209.3	1.88	114.0
131.578	0.338	fixation	n/a	473.7	208.6	3586.0	n/a	n/a	n/a	n/a
131.918	0.034	saccade	n/a	480.6	204.8	n/a	590.9	219.0	3.88	173.0
131.954	0.362	fixation	n/a	587.4	214.8	3556.0	n/a	n/a	n/a	n/a
132.318	0.038	saccade	n/a	583.0	217.3	n/a	421.0	316.0	6.62	323.0
132.358	0.36	fixation	n/a	420.8	322.0	3457.0	n/a	n/a	n/a	n/a
132.72	0.044	saccade	n/a	415.9	312.3	n/a	548.0	217.7	5.68	184.0
132.766	0.288	fixation	n/a	575.8	211.1	3494.0	n/a	n/a	n/a	n/a
133.056	0.098	saccade	n/a	576.1	200.4	n/a	34.5	229.1	18.39	402.0
133.156	0.028	fixation	n/a	33.5	221.2	3343.0	n/a	n/a	n/a	n/a
133.186	0.024	saccade	n/a	35.6	223.1	n/a	55.7	234.8	0.78	101.0
133.212	0.146	fixation	n/a	39.5	232.8	3319.0	n/a	n/a	n/a	n/a
133.36	0.118	saccade	n/a	36.2	230.1	n/a	203.6	260.6	5.73	278.0
133.48	0.04	fixation	n/a	183.5	255.2	3589.0	n/a	n/a	n/a	n/a
133.522	0.016	saccade	n/a	169.1	251.0	n/a	194.4	256.8	0.89	83.0
133.54	0.028	fixation	n/a	204.9	255.2	3698.0	n/a	n/a	n/a	n/a
133.57	0.042	saccade	n/a	211.7	256.1	n/a	338.2	254.8	4.38	188.0
133.614	0.202	fixation	n/a	339.0	251.3	3773.0	n/a	n/a	n/a	n/a
133.818	0.026	saccade	n/a	343.5	244.9	n/a	412.7	247.1	2.42	130.0
133.846	0.188	fixation	n/a	422.9	242.0	3877.0	n/a	n/a	n/a	n/a
134.036	0.036	saccade	n/a	421.6	245.0	n/a	512.7	246.6	3.19	184.0
134.074	0.194	fixation	n/a	514.5	247.7	3877.0	n/a	n/a	n/a	n/a
134.27	0.024	saccade	n/a	518.0	248.0	n/a	577.6	251.4	2.08	114.0
134.296	0.182	fixation	n/a	586.4	252.4	3845.0	n/a	n/a	n/a	n/a
134.48	0.078	saccade	n/a	589.9	256.1	n/a	85.6	298.9	17.25	414.0
134.56	0.164	fixation	n/a	86.0	305.8	3539.0	n/a	n/a	n/a	n/a
134.726	0.022	saccade	n/a	60.5	301.3	n/a	85.7	304.6	0.85	78.0
134.75	0.044	fixation	n/a	72.6	305.4	3451.0	n/a	n/a	n/a	n/a
134.796	0.042	saccade	n/a	68.2	307.7	n/a	189.0	318.8	4.09	336.0
134.84	0.112	fixation	n/a	237.1	323.0	3550.0	n/a	n/a	n/a	n/a
134.954	0.036	saccade	n/a	239.6	322.6	n/a	246.5	322.1	0.24	132.0
134.992	0.022	fixation	n/a	248.1	325.0	3611.0	n/a	n/a	n/a	n/a
135.016	0.03	saccade	n/a	245.3	325.9	n/a	248.3	321.1	0.2	105.0
135.048	0.088	fixation	n/a	242.9	323.7	3587.0	n/a	n/a	n/a	n/a
135.138	0.07	saccade	n/a	243.1	325.9	n/a	332.1	323.6	3.08	195.0
135.21	0.028	fixation	n/a	329.3	318.4	3597.0	n/a	n/a	n/a	n/a
135.24	0.074	saccade	n/a	331.0	316.4	n/a	278.9	309.4	1.82	138.0
135.316	0.022	fixation	n/a	274.1	310.6	3437.0	n/a	n/a	n/a	n/a
135.34	0.136	saccade	n/a	281.8	312.7	n/a	377.1	323.9	3.33	215.0
135.478	0.436	fixation	n/a	400.0	327.0	3577.0	n/a	n/a	n/a	n/a
135.916	0.202	saccade	n/a	415.0	332.1	n/a	419.5	328.7	0.2	1632.0
135.952	0.104	blink	n/a	n/a	n/a	n/a	n/a	n/a	n/a	n/a
136.12	1.914	fixation	n/a	421.1	324.1	3533.0	n/a	n/a	n/a	n/a
138.036	0.02	saccade	n/a	417.0	316.5	n/a	400.8	288.3	1.14	65.0
138.058	0.338	fixation	n/a	405.1	276.2	3600.0	n/a	n/a	n/a	n/a
138.398	0.02	saccade	n/a	399.5	267.6	n/a	360.6	263.8	1.36	93.0
138.42	0.088	fixation	n/a	363.0	263.1	3670.0	n/a	n/a	n/a	n/a
138.51	0.028	saccade	n/a	360.9	256.3	n/a	324.9	245.6	1.31	131.0
138.54	0.078	fixation	n/a	349.4	254.8	3557.0	n/a	n/a	n/a	n/a
138.62	0.028	saccade	n/a	361.8	263.8	n/a	302.7	253.2	2.09	133.0
138.65	0.318	fixation	n/a	306.4	261.6	3455.0	n/a	n/a	n/a	n/a
138.97	0.028	saccade	n/a	321.1	265.8	n/a	282.3	214.2	2.27	144.0
139.0	0.298	fixation	n/a	283.8	209.6	3411.0	n/a	n/a	n/a	n/a
139.3	0.024	saccade	n/a	285.7	207.0	n/a	250.0	174.1	1.7	105.0
139.326	0.054	fixation	n/a	246.4	171.9	3341.0	n/a	n/a	n/a	n/a
139.382	0.044	saccade	n/a	245.8	171.2	n/a	228.6	176.1	0.62	100.0
139.428	0.078	fixation	n/a	242.7	171.7	3347.0	n/a	n/a	n/a	n/a
139.508	0.146	saccade	n/a	247.3	171.5	n/a	107.7	164.2	4.78	249.0
139.56	0.0	trigger_11	11	n/a	n/a	n/a	n/a	n/a	n/a	n/a
139.656	0.064	fixation	n/a	103.1	161.8	3176.0	n/a	n/a	n/a	n/a
139.666	0.0	trigger_10	10	n/a	n/a	n/a	n/a	n/a	n/a	n/a
139.722	0.138	saccade	n/a	110.1	163.9	n/a	53.5	165.4	1.9	163.0
139.862	0.264	fixation	n/a	43.5	165.9	3198.0	n/a	n/a	n/a	n/a
140.128	0.048	saccade	n/a	48.5	180.5	n/a	231.8	173.1	6.23	231.0
140.178	0.024	fixation	n/a	242.5	171.5	3304.0	n/a	n/a	n/a	n/a
140.204	0.312	saccade	n/a	232.9	171.0	n/a	326.6	192.8	3.35	233.0
140.518	0.122	fixation	n/a	331.7	193.3	3232.0	n/a	n/a	n/a	n/a
140.642	0.038	saccade	n/a	329.2	191.0	n/a	419.9	191.3	3.18	244.0
140.682	0.238	fixation	n/a	428.6	197.0	3231.0	n/a	n/a	n/a	n/a
140.922	0.028	saccade	n/a	432.3	193.7	n/a	488.5	207.0	2.02	90.0
140.952	0.17	fixation	n/a	494.3	209.4	3350.0	n/a	n/a	n/a	n/a
141.124	0.024	saccade	n/a	504.6	209.0	n/a	563.1	211.7	2.04	102.0
141.15	0.248	fixation	n/a	575.2	212.9	3463.0	n/a	n/a	n/a	n/a
141.4	0.066	saccade	n/a	576.5	213.3	n/a	91.7	231.1	16.59	397.0
141.468	0.678	fixation	n/a	65.3	236.6	3054.0	n/a	n/a	n/a	n/a
142.148	0.046	saccade	n/a	56.0	234.4	n/a	107.5	242.3	1.75	160.0
142.196	0.098	fixation	n/a	149.2	244.6	3043.0	n/a	n/a	n/a	n/a
142.296	0.016	saccade	n/a	146.4	242.4	n/a	187.0	258.5	1.5	111.0
142.314	0.03	fixation	n/a	189.7	259.2	3182.0	n/a	n/a	n/a	n/a
142.346	0.118	saccade	n/a	183.5	260.9	n/a	309.8	267.9	4.37	234.0
142.466	0.056	fixation	n/a	310.3	275.3	3361.0	n/a	n/a	n/a	n/a
142.524	0.118	saccade	n/a	311.3	291.9	n/a	401.7	325.7	3.37	1217.0
142.57	0.022	blink	n/a	n/a	n/a	n/a	n/a	n/a	n/a	n/a
142.644	0.134	fixation	n/a	401.9	279.9	3328.0	n/a	n/a	n/a	n/a
142.78	0.028	saccade	n/a	403.4	269.4	n/a	481.7	270.2	2.74	150.0
142.81	0.412	fixation	n/a	494.9	261.2	3270.0	n/a	n/a	n/a	n/a
143.224	0.018	saccade	n/a	515.9	258.7	n/a	546.3	274.5	1.2	84.0
143.244	0.144	fixation	n/a	545.9	266.0	3397.0	n/a	n/a	n/a	n/a
143.39	0.066	saccade	n/a	546.4	260.9	n/a	77.9	296.1	16.01	409.0
143.458	0.31	fixation	n/a	73.9	304.4	3269.0	n/a	n/a	n/a	n/a
143.77	0.036	saccade	n/a	63.8	300.6	n/a	153.0	303.2	2.99	266.0
143.808	0.086	fixation	n/a	170.9	304.7	3341.0	n/a	n/a	n/a	n/a
143.896	0.014	saccade	n/a	178.8	304.4	n/a	206.7	308.7	0.96	72.0
143.912	0.046	fixation	n/a	217.8	310.6	3538.0	n/a	n/a	n/a	n/a
143.96	0.104	saccade	n/a	230.7	312.7	n/a	153.5	303.8	2.65	192.0
144.066	0.098	fixation	n/a	130.3	299.6	3551.0	n/a	n/a	n/a	n/a
144.166	0.016	saccade	n/a	140.7	302.3	n/a	105.0	299.5	1.21	113.0
144.184	0.028	fixation	n/a	101.6	295.0	3525.0	n/a	n/a	n/a	n/a
144.214	0.076	saccade	n/a	107.7	294.7	n/a	307.8	312.9	6.85	235.0
144.292	0.194	fixation	n/a	311.9	311.1	3786.0	n/a	n/a	n/a	n/a
144.488	0.02	saccade	n/a	324.0	312.4	n/a	355.1	314.0	1.08	60.0
144.51	0.16	fixation	n/a	359.0	313.9	3821.0	n/a	n/a	n/a	n/a
144.672	0.04	saccade	n/a	354.5	312.0	n/a	480.8	332.4	4.44	239.0
144.714	0.298	fixation	n/a	482.9	324.9	3655.0	n/a	n/a	n/a	n/a
145.014	0.028	saccade	n/a	487.6	329.1	n/a	566.7	335.7	2.74	128.0
145.044	0.298	fixation	n/a	586.1	336.9	3557.0	n/a	n/a	n/a	n/a
145.344	0.07	saccade	n/a	588.9	342.5	n/a	92.8	382.1	16.82	424.0
145.416	0.298	fixation	n/a	95.4	386.2	3403.0	n/a	n/a	n/a	n/a
145.716	0.186	saccade	n/a	90.1	394.2	n/a	234.1	273.0	6.4	145.0
145.904	0.054	fixation	n/a	217.5	271.6	3319.0	n/a	n/a	n/a	n/a
145.96	0.182	saccade	n/a	206.6	270.6	n/a	292.2	250.6	3.03	1565.0
146.014	0.072	blink	n/a	n/a	n/a	n/a	n/a	n/a	n/a	n/a
146.144	0.128	fixation	n/a	287.7	226.7	3604.0	n/a	n/a	n/a	n/a
146.274	0.03	saccade	n/a	286.2	226.1	n/a	163.6	178.7	4.52	255.0
146.306	0.108	fixation	n/a	139.7	161.8	3586.0	n/a	n/a	n/a	n/a
146.416	0.018	saccade	n/a	135.4	160.9	n/a	109.9	157.5	0.87	83.0
146.436	0.17	fixation	n/a	125.1	156.6	3455.0	n/a	n/a	n/a	n/a
146.608	0.072	saccade	n/a	115.8	148.7	n/a	284.3	171.3	5.82	298.0
146.682	0.196	fixation	n/a	283.6	170.7	3576.0	n/a	n/a	n/a	n/a
146.88	0.028	saccade	n/a	288.2	165.2	n/a	277.0	166.0	0.39	97.0
146.91	0.054	fixation	n/a	279.0	167.2	3664.0	n/a	n/a	n/a	n/a
146.966	0.014	saccade	n/a	265.5	167.1	n/a	288.9	174.0	0.85	93.0
146.982	0.026	fixation	n/a	288.7	176.9	3676.0	n/a	n/a	n/a	n/a
147.01	0.042	saccade	n/a	288.5	179.2	n/a	82.1	181.3	7.03	303.0
147.054	0.118	fixation	n/a	91.3	173.8	3635.0	n/a	n/a	n/a	n/a
147.174	0.09	saccade	n/a	91.0	177.7	n/a	431.8	185.9	11.67	381.0
147.266	0.254	fixation	n/a	438.5	188.1	3748.0	n/a	n/a	n/a	n/a
147.522	0.038	saccade	n/a	441.7	192.8	n/a	548.5	196.4	3.72	162.0
147.562	0.224	fixation	n/a	551.4	200.0	3832.0	n/a	n/a	n/a	n/a
147.788	0.066	saccade	n/a	554.3	200.8	n/a	123.3	227.7	14.77	368.0
147.856	0.03	fixation	n/a	98.3	228.6	3711.0	n/a	n/a	n/a	n/a
147.888	0.066	saccade	n/a	79.0	223.5	n/a	78.8	234.9	0.39	93.0
147.956	0.162	fixation	n/a	70.6	236.4	3506.0	n/a	n/a	n/a	n/a
148.12	0.076	saccade	n/a	67.9	235.1	n/a	174.3	234.9	3.58	185.0
148.198	0.05	fixation	n/a	194.5	236.5	3582.0	n/a	n/a	n/a	n/a
148.25	0.022	saccade	n/a	204.1	239.4	n/a	242.3	244.3	1.32	106.0
148.274	0.05	fixation	n/a	242.5	245.2	3706.0	n/a	n/a	n/a	n/a
148.326	0.024	saccade	n/a	248.9	245.9	n/a	305.6	241.7	1.97	104.0
148.352	0.322	fixation	n/a	317.3	242.3	3778.0	n/a	n/a	n/a	n/a
148.676	0.02	saccade	n/a	316.6	240.7	n/a	282.4	243.4	1.19	76.0
148.698	0.14	fixation	n/a	283.9	241.4	3824.0	n/a	n/a	n/a	n/a
148.84	0.038	saccade	n/a	287.7	242.8	n/a	471.2	251.5	6.38	317.0
148.88	0.19	fixation	n/a	472.6	247.3	3875.0	n/a	n/a	n/a	n/a
149.072	0.022	saccade	n/a	475.2	246.4	n/a	529.0	239.3	1.89	112.0
149.096	0.178	fixation	n/a	537.4	243.7	3962.0	n/a	n/a	n/a	n/a
149.276	0.068	saccade	n/a	536.5	242.2	n/a	143.5	304.6	13.61	381.0
149.346	0.216	fixation	n/a	147.1	305.9	3975.0	n/a	n/a	n/a	n/a
149.564	0.024	saccade	n/a	157.4	309.7	n/a	216.4	299.3	2.04	110.0
149.59	0.088	fixation	n/a	233.2	299.2	3953.0	n/a	n/a	n/a	n/a
149.68	0.024	saccade	n/a	239.4	304.6	n/a	216.6	300.9	0.79	79.0
149.706	0.102	fixation	n/a	233.8	306.7	3852.0	n/a	n/a	n/a	n/a
149.81	0.026	saccade	n/a	235.8	311.6	n/a	330.1	312.6	3.25	176.0
149.838	0.222	fixation	n/a	348.1	316.0	3734.0	n/a	n/a	n/a	n/a
150.062	0.04	saccade	n/a	354.1	314.8	n/a	488.7	319.6	4.68	213.0
150.104	0.246	fixation	n/a	495.1	325.1	3633.0	n/a	n/a	n/a	n/a
150.352	0.034	saccade	n/a	501.3	328.0	n/a	590.1	327.2	3.06	151.0
150.388	0.196	fixation	n/a	588.5	327.5	3680.0	n/a	n/a	n/a	n/a
150.586	0.078	saccade	n/a	588.4	323.1	n/a	85.1	392.6	17.14	392.0
150.666	0.224	fixation	n/a	81.7	394.1	3529.0	n/a	n/a	n/a	n/a
150.89	0.0	trigger_11	11	n/a	n/a	n/a	n/a	n/a	n/a	n/a
150.892	0.058	saccade	n/a	74.5	393.7	n/a	192.1	264.8	5.92	244.0
150.952	0.072	fixation	n/a	211.1	268.4	3511.0	n/a	n/a	n/a	n/a
150.994	0.0	trigger_10	10	n/a	n/a	n/a	n/a	n/a	n/a	n/a
151.026	0.034	saccade	n/a	215.8	264.6	n/a	216.1	268.6	0.14	105.0
151.062	0.096	fixation	n/a	229.0	272.4	3551.0	n/a	n/a	n/a	n/a
151.16	0.042	saccade	n/a	229.6	273.3	n/a	80.4	198.5	5.69	276.0
151.204	0.162	fixation	n/a	91.2	194.2	3487.0	n/a	n/a	n/a	n/a
151.368	0.032	saccade	n/a	99.6	191.6	n/a	92.0	190.2	0.26	113.0
151.402	0.03	fixation	n/a	94.3	191.5	3526.0	n/a	n/a	n/a	n/a
151.434	0.032	saccade	n/a	99.8	196.2	n/a	228.7	194.5	4.38	267.0
151.468	0.226	fixation	n/a	228.0	189.2	3675.0	n/a	n/a	n/a	n/a
151.696	0.182	saccade	n/a	236.5	207.5	n/a	357.6	219.2	4.22	1552.0
151.748	0.078	blink	n/a	n/a	n/a	n/a	n/a	n/a	n/a	n/a
151.88	0.312	fixation	n/a	351.6	192.9	3638.0	n/a	n/a	n/a	n/a
152.194	0.024	saccade	n/a	350.8	192.4	n/a	417.5	191.6	2.33	145.0
152.22	0.602	fixation	n/a	436.4	200.3	3507.0	n/a	n/a	n/a	n/a
152.824	0.02	saccade	n/a	449.3	201.2	n/a	482.5	205.5	1.17	81.0
152.846	0.19	fixation	n/a	487.7	212.1	3645.0	n/a	n/a	n/a	n/a
153.038	0.014	saccade	n/a	494.7	211.4	n/a	514.8	211.2	0.7	58.0
153.054	0.272	fixation	n/a	516.6	210.4	3630.0	n/a	n/a	n/a	n/a
153.328	0.066	saccade	n/a	517.8	207.2	n/a	97.8	244.8	14.42	397.0
153.396	0.316	fixation	n/a	69.0	244.8	3295.0	n/a	n/a	n/a	n/a
153.714	0.016	saccade	n/a	70.9	237.8	n/a	100.4	233.4	1.0	80.0
153.732	0.024	fixation	n/a	98.6	237.0	3141.0	n/a	n/a	n/a	n/a
153.758	0.05	saccade	n/a	99.7	236.2	n/a	115.6	242.6	0.58	84.0
153.81	0.208	fixation	n/a	107.2	240.6	3077.0	n/a	n/a	n/a	n/a
154.02	0.036	saccade	n/a	108.2	242.2	n/a	163.9	236.6	1.89	169.0
154.058	0.176	fixation	n/a	165.0	238.3	2982.0	n/a	n/a	n/a	n/a
154.236	0.03	saccade	n/a	172.7	243.5	n/a	204.5	247.4	1.1	159.0
154.268	0.034	fixation	n/a	207.4	251.7	3072.0	n/a	n/a	n/a	n/a
154.304	0.082	saccade	n/a	202.9	252.6	n/a	262.9	251.4	2.06	126.0
154.388	0.046	fixation	n/a	263.7	250.4	2999.0	n/a	n/a	n/a	n/a
154.436	0.024	saccade	n/a	266.0	248.7	n/a	256.8	250.5	0.32	85.0
154.462	0.026	fixation	n/a	257.1	241.5	2977.0	n/a	n/a	n/a	n/a
154.49	0.058	saccade	n/a	244.9	229.5	n/a	322.5	250.1	2.78	160.0
154.55	0.172	fixation	n/a	350.1	258.0	3166.0	n/a	n/a	n/a	n/a
154.724	0.088	saccade	n/a	354.7	254.3	n/a	357.1	240.6	0.49	197.0
154.814	0.068	fixation	n/a	358.0	250.4	3181.0	n/a	n/a	n/a	n/a
154.884	0.018	saccade	n/a	358.5	257.5	n/a	334.9	250.1	0.86	55.0
154.904	0.082	fixation	n/a	329.8	250.2	3223.0	n/a	n/a	n/a	n/a
154.988	0.032	saccade	n/a	332.8	253.3	n/a	311.0	252.8	0.76	113.0
155.022	0.034	fixation	n/a	306.8	254.2	3145.0	n/a	n/a	n/a	n/a
155.058	0.016	saccade	n/a	305.3	251.6	n/a	334.8	260.3	1.07	81.0
155.076	0.062	fixation	n/a	331.4	257.2	3254.0	n/a	n/a	n/a	n/a
155.14	0.17	saccade	n/a	334.6	257.5	n/a	212.1	240.3	4.27	172.0
155.312	0.116	fixation	n/a	198.2	233.5	3155.0	n/a	n/a	n/a	n/a
155.43	0.034	saccade	n/a	186.0	230.4	n/a	352.6	252.2	5.8	306.0
155.466	0.234	fixation	n/a	350.6	257.2	3352.0	n/a	n/a	n/a	n/a
155.702	0.024	saccade	n/a	358.1	267.5	n/a	416.3	258.8	2.05	103.0
155.728	0.2	fixation	n/a	422.2	258.4	3246.0	n/a	n/a	n/a	n/a
155.93	0.02	saccade	n/a	437.4	247.1	n/a	480.3	262.8	1.59	95.0
155.952	0.168	fixation	n/a	504.5	272.8	3169.0	n/a	n/a	n/a	n/a
156.122	0.022	saccade	n/a	512.5	275.2	n/a	557.4	284.6	1.59	80.0
156.146	0.294	fixation	n/a	579.5	287.1	3224.0	n/a	n/a	n/a	n/a
156.442	0.076	saccade	n/a	579.3	279.0	n/a	106.4	332.8	16.17	389.0
156.52	0.272	fixation	n/a	107.8	323.3	3146.0	n/a	n/a	n/a	n/a
156.794	0.018	saccade	n/a	105.8	324.0	n/a	145.2	317.7	1.34	100.0
156.814	0.066	fixation	n/a	148.7	313.7	2998.0	n/a	n/a	n/a	n/a
156.882	0.118	saccade	n/a	171.3	319.9	n/a	208.9	316.8	1.28	115.0
157.002	0.022	fixation	n/a	206.9	319.4	3255.0	n/a	n/a	n/a	n/a
157.026	0.032	saccade	n/a	211.9	322.5	n/a	299.5	331.7	3.0	141.0
157.06	0.276	fixation	n/a	320.6	328.2	3419.0	n/a	n/a	n/a	n/a
157.338	0.036	saccade	n/a	325.4	329.4	n/a	455.3	332.2	4.47	196.0
157.376	0.226	fixation	n/a	464.3	319.0	3458.0	n/a	n/a	n/a	n/a
157.604	0.026	saccade	n/a	475.2	317.6	n/a	537.5	334.8	2.23	138.0
157.632	0.308	fixation	n/a	547.0	322.9	3685.0	n/a	n/a	n/a	n/a
157.942	0.078	saccade	n/a	546.5	319.0	n/a	94.9	340.5	15.3	408.0
158.022	0.11	fixation	n/a	111.8	349.3	3816.0	n/a	n/a	n/a	n/a
158.134	0.03	saccade	n/a	120.4	353.8	n/a	62.7	375.0	2.04	182.0
158.166	0.162	fixation	n/a	64.8	368.0	3810.0	n/a	n/a	n/a	n/a
158.33	0.242	saccade	n/a	49.3	371.5	n/a	248.0	321.4	6.88	1435.0
158.38	0.154	blink	n/a	n/a	n/a	n/a	n/a	n/a	n/a	n/a
158.574	0.16	fixation	n/a	249.0	291.4	4229.0	n/a	n/a	n/a	n/a
158.736	0.028	saccade	n/a	244.2	280.8	n/a	191.6	226.7	2.61	153.0
158.766	0.35	fixation	n/a	196.1	219.4	4175.0	n/a	n/a	n/a	n/a
158.858	0.0	trigger_11	11	n/a	n/a	n/a	n/a	n/a	n/a	n/a
158.962	0.0	trigger_12	12	n/a	n/a	n/a	n/a	n/a	n/a	n/a
159.118	0.028	saccade	n/a	197.3	212.9	n/a	128.1	201.6	2.39	136.0
159.148	0.316	fixation	n/a	129.7	193.4	4174.0	n/a	n/a	n/a	n/a
159.466	0.03	saccade	n/a	133.6	200.2	n/a	217.2	189.9	2.88	114.0
159.498	0.258	fixation	n/a	227.1	192.4	4286.0	n/a	n/a	n/a	n/a
159.758	0.022	saccade	n/a	232.9	189.0	n/a	278.9	184.2	1.6	94.0
159.782	0.594	fixation	n/a	300.4	188.7	4373.0	n/a	n/a	n/a	n/a
160.178	0.0	trigger_13	13	n/a	n/a	n/a	n/a	n/a	n/a	n/a
160.378	0.042	saccade	n/a	294.4	191.1	n/a	135.4	242.3	5.72	274.0
160.422	0.368	fixation	n/a	143.3	247.2	4352.0	n/a	n/a	n/a	n/a
160.792	0.028	saccade	n/a	142.3	246.0	n/a	158.8	326.2	2.82	126.0
160.822	0.204	fixation	n/a	165.2	323.5	4429.0	n/a	n/a	n/a	n/a
161.028	0.028	saccade	n/a	167.2	324.0	n/a	149.7	378.3	1.95	134.0
161.058	0.116	fixation	n/a	152.8	370.7	4470.0	n/a	n/a	n/a	n/a
161.176	0.028	saccade	n/a	153.7	371.1	n/a	104.6	376.6	1.65	131.0
161.206	0.126	fixation	n/a	118.4	375.8	4488.0	n/a	n/a	n/a	n/a
161.334	0.036	saccade	n/a	121.8	379.2	n/a	169.6	213.0	5.94	289.0
161.372	0.164	fixation	n/a	187.8	213.0	4473.0	n/a	n/a	n/a	n/a
161.538	0.018	saccade	n/a	197.8	210.5	n/a	225.2	196.3	1.06	79.0
161.558	0.286	fixation	n/a	228.2	192.1	4519.0	n/a	n/a	n/a	n/a
161.626	0.0	trigger_15	15	n/a	n/a	n/a	n/a	n/a	n/a	n/a
161.68	0.0	trigger_10	10	n/a	n/a	n/a	n/a	n/a	n/a	n/a
161.846	0.03	saccade	n/a	224.7	187.7	n/a	142.2	188.5	2.81	180.0
161.878	0.252	fixation	n/a	152.8	195.9	4409.0	n/a	n/a	n/a	n/a
162.132	0.024	saccade	n/a	159.9	192.0	n/a	216.7	194.8	1.94	98.0
162.158	0.22	fixation	n/a	220.9	195.7	4350.0	n/a	n/a	n/a	n/a
162.38	0.03	saccade	n/a	222.4	192.7	n/a	128.5	191.6	3.2	180.0
162.412	0.248	fixation	n/a	140.1	190.8	4187.0	n/a	n/a	n/a	n/a
162.662	0.032	saccade	n/a	130.3	190.6	n/a	230.9	195.4	3.43	196.0
162.696	0.272	fixation	n/a	219.8	195.7	4055.0	n/a	n/a	n/a	n/a
162.97	0.03	saccade	n/a	219.0	198.6	n/a	121.7	202.5	3.31	186.0
163.002	0.8	fixation	n/a	125.6	210.7	3840.0	n/a	n/a	n/a	n/a
163.804	0.03	saccade	n/a	128.3	209.7	n/a	224.5	217.3	3.29	196.0
163.836	0.288	fixation	n/a	226.2	209.1	3690.0	n/a	n/a	n/a	n/a
164.126	0.06	saccade	n/a	212.3	209.4	n/a	269.1	209.6	1.95	148.0
164.188	0.178	fixation	n/a	289.5	210.9	3514.0	n/a	n/a	n/a	n/a
164.368	0.064	saccade	n/a	289.2	204.5	n/a	342.2	211.6	1.85	158.0
164.434	0.21	fixation	n/a	364.0	213.8	3439.0	n/a	n/a	n/a	n/a
164.646	0.02	saccade	n/a	367.8	211.4	n/a	403.9	213.7	1.26	86.0
164.668	0.414	fixation	n/a	413.5	214.0	3353.0	n/a	n/a	n/a	n/a
164.826	0.0	trigger_11	11	n/a	n/a	n/a	n/a	n/a	n/a	n/a
164.93	0.0	trigger_10	10	n/a	n/a	n/a	n/a	n/a	n/a	n/a
165.084	0.046	saccade	n/a	413.8	213.4	n/a	110.1	199.4	10.41	420.0
165.132	0.06	fixation	n/a	100.7	194.1	3214.0	n/a	n/a	n/a	n/a
165.194	0.052	saccade	n/a	117.4	198.1	n/a	73.4	199.5	1.47	92.0
165.248	0.248	fixation	n/a	83.4	195.8	3265.0	n/a	n/a	n/a	n/a
165.498	0.116	saccade	n/a	105.4	194.3	n/a	179.4	183.1	2.54	154.0
165.616	0.058	fixation	n/a	192.4	188.3	3392.0	n/a	n/a	n/a	n/a
165.676	0.24	saccade	n/a	180.0	180.2	n/a	134.2	274.9	3.64	1445.0
165.79	0.084	blink	n/a	n/a	n/a	n/a	n/a	n/a	n/a	n/a
165.918	0.26	fixation	n/a	115.6	255.7	3561.0	n/a	n/a	n/a	n/a
166.18	0.04	saccade	n/a	109.6	247.7	n/a	247.6	254.5	4.69	210.0
166.222	0.15	fixation	n/a	250.5	251.9	3535.0	n/a	n/a	n/a	n/a
166.374	0.036	saccade	n/a	255.1	254.1	n/a	372.1	252.1	4.06	223.0
166.412	0.158	fixation	n/a	373.4	260.3	3512.0	n/a	n/a	n/a	n/a
166.572	0.02	saccade	n/a	382.1	255.8	n/a	422.4	263.4	1.43	86.0
166.594	0.188	fixation	n/a	445.8	264.6	3513.0	n/a	n/a	n/a	n/a
166.784	0.032	saccade	n/a	453.0	259.7	n/a	567.5	277.2	4.02	165.0
166.818	0.23	fixation	n/a	577.5	276.4	3550.0	n/a	n/a	n/a	n/a
167.05	0.016	saccade	n/a	581.2	280.3	n/a	604.8	280.1	0.81	59.0
167.068	0.29	fixation	n/a	609.9	278.5	3544.0	n/a	n/a	n/a	n/a
167.36	0.018	saccade	n/a	612.7	272.6	n/a	606.5	238.6	1.21	78.0
167.38	0.346	fixation	n/a	607.7	222.5	3591.0	n/a	n/a	n/a	n/a
167.728	0.04	saccade	n/a	611.0	229.6	n/a	421.1	174.0	6.87	325.0
167.77	0.18	fixation	n/a	426.5	185.9	3496.0	n/a	n/a	n/a	n/a
167.952	0.058	saccade	n/a	425.6	192.7	n/a	148.7	320.1	10.47	338.0
168.012	0.33	fixation	n/a	125.6	326.9	3370.0	n/a	n/a	n/a	n/a
168.344	0.038	saccade	n/a	111.0	329.0	n/a	252.4	322.0	4.78	279.0
168.384	0.072	fixation	n/a	255.5	321.3	3383.0	n/a	n/a	n/a	n/a
168.458	0.026	saccade	n/a	253.8	326.8	n/a	254.9	328.3	0.06	96.0
168.486	0.092	fixation	n/a	258.7	331.9	3385.0	n/a	n/a	n/a	n/a
168.58	0.024	saccade	n/a	262.8	330.2	n/a	327.7	320.3	2.26	128.0
168.606	0.174	fixation	n/a	324.8	323.5	3386.0	n/a	n/a	n/a	n/a
168.782	0.014	saccade	n/a	330.4	324.1	n/a	349.0	324.5	0.64	54.0
168.798	0.126	fixation	n/a	354.0	324.9	3370.0	n/a	n/a	n/a	n/a
168.926	0.046	saccade	n/a	351.6	315.9	n/a	91.1	189.1	9.89	394.0
168.974	0.334	fixation	n/a	75.8	186.4	3118.0	n/a	n/a	n/a	n/a
169.028	0.0	trigger_11	11	n/a	n/a	n/a	n/a	n/a	n/a	n/a
169.13	0.0	trigger_10	10	n/a	n/a	n/a	n/a	n/a	n/a	n/a
169.31	0.046	saccade	n/a	72.9	185.4	n/a	72.4	186.9	0.05	90.0
169.358	0.222	fixation	n/a	82.4	189.8	3159.0	n/a	n/a	n/a	n/a
169.582	0.048	saccade	n/a	84.7	181.4	n/a	189.4	182.7	3.54	163.0
169.632	0.058	fixation	n/a	177.5	177.1	3294.0	n/a	n/a	n/a	n/a
169.692	0.05	saccade	n/a	181.9	177.9	n/a	202.3	181.5	0.71	95.0
169.744	0.096	fixation	n/a	199.3	184.5	3331.0	n/a	n/a	n/a	n/a
169.842	0.06	saccade	n/a	202.4	185.2	n/a	172.6	185.3	1.02	102.0
169.904	0.046	fixation	n/a	172.4	183.6	3237.0	n/a	n/a	n/a	n/a
169.952	0.062	saccade	n/a	158.5	177.6	n/a	244.9	186.9	2.98	204.0
170.016	0.034	fixation	n/a	257.2	189.4	3320.0	n/a	n/a	n/a	n/a
170.052	0.014	saccade	n/a	237.1	180.9	n/a	266.0	183.6	1.0	92.0
170.068	0.032	fixation	n/a	273.8	191.0	3333.0	n/a	n/a	n/a	n/a
170.102	0.024	saccade	n/a	280.3	192.6	n/a	338.9	181.2	2.07	121.0
170.128	0.244	fixation	n/a	347.9	185.3	3332.0	n/a	n/a	n/a	n/a
170.374	0.066	saccade	n/a	351.4	184.7	n/a	380.8	193.8	1.07	226.0
170.442	0.09	fixation	n/a	386.0	193.7	3338.0	n/a	n/a	n/a	n/a
170.534	0.152	saccade	n/a	389.3	202.4	n/a	472.8	263.5	3.61	1134.0
170.576	0.07	blink	n/a	n/a	n/a	n/a	n/a	n/a	n/a	n/a
170.688	0.206	fixation	n/a	463.9	209.3	3489.0	n/a	n/a	n/a	n/a
170.896	0.028	saccade	n/a	466.7	206.2	n/a	556.7	219.4	3.16	164.0
170.926	0.222	fixation	n/a	566.7	221.2	3501.0	n/a	n/a	n/a	n/a
171.15	0.018	saccade	n/a	571.5	226.6	n/a	601.0	228.5	1.02	74.0
171.17	0.144	fixation	n/a	605.4	225.6	3484.0	n/a	n/a	n/a	n/a
171.316	0.074	saccade	n/a	604.4	224.4	n/a	155.0	256.0	15.35	400.0
171.392	0.168	fixation	n/a	162.7	263.2	3446.0	n/a	n/a	n/a	n/a
171.562	0.026	saccade	n/a	161.2	265.7	n/a	125.2	267.4	1.22	84.0
171.59	0.168	fixation	n/a	149.2	262.5	3487.0	n/a	n/a	n/a	n/a
171.76	0.024	saccade	n/a	154.2	261.2	n/a	200.5	252.8	1.6	110.0
171.786	0.56	fixation	n/a	211.2	253.1	3685.0	n/a	n/a	n/a	n/a
172.092	0.0	trigger_11	11	n/a	n/a	n/a	n/a	n/a	n/a	n/a
172.194	0.0	trigger_10	10	n/a	n/a	n/a	n/a	n/a	n/a	n/a
172.348	0.03	saccade	n/a	215.6	247.3	n/a	138.8	201.5	3.06	193.0
172.38	0.258	fixation	n/a	132.8	201.1	3880.0	n/a	n/a	n/a	n/a
172.64	0.026	saccade	n/a	124.8	195.5	n/a	196.2	188.0	2.43	138.0
172.668	0.228	fixation	n/a	210.0	193.2	3942.0	n/a	n/a	n/a	n/a
172.898	0.028	saccade	n/a	212.9	198.1	n/a	302.2	201.9	3.08	147.0
172.928	0.172	fixation	n/a	315.5	194.7	4003.0	n/a	n/a	n/a	n/a
173.102	0.026	saccade	n/a	321.9	195.4	n/a	376.2	201.9	1.9	84.0
173.13	0.244	fixation	n/a	390.6	197.6	3967.0	n/a	n/a	n/a	n/a
173.376	0.024	saccade	n/a	396.7	195.4	n/a	463.6	202.5	2.34	132.0
173.402	0.19	fixation	n/a	479.1	199.5	3932.0	n/a	n/a	n/a	n/a
173.594	0.032	saccade	n/a	483.4	198.7	n/a	580.1	209.5	3.37	180.0
173.628	0.244	fixation	n/a	583.5	211.5	3886.0	n/a	n/a	n/a	n/a
173.874	0.076	saccade	n/a	585.5	212.2	n/a	133.5	249.7	15.43	355.0
173.952	0.32	fixation	n/a	143.2	255.2	3733.0	n/a	n/a	n/a	n/a
174.274	0.022	saccade	n/a	150.3	259.7	n/a	203.0	258.3	1.79	108.0
174.298	0.262	fixation	n/a	223.0	258.6	3632.0	n/a	n/a	n/a	n/a
174.562	0.026	saccade	n/a	219.3	258.4	n/a	148.9	262.2	2.39	144.0
174.59	0.18	fixation	n/a	152.6	264.1	3659.0	n/a	n/a	n/a	n/a
174.772	0.024	saccade	n/a	156.4	267.2	n/a	216.4	254.4	2.09	110.0
174.798	0.51	fixation	n/a	225.1	260.7	3664.0	n/a	n/a	n/a	n/a
175.31	0.03	saccade	n/a	222.8	270.7	n/a	315.7	267.5	3.19	156.0
175.342	0.278	fixation	n/a	330.3	270.0	3544.0	n/a	n/a	n/a	n/a
175.622	0.026	saccade	n/a	334.3	265.2	n/a	406.5	272.4	2.51	131.0
175.65	0.192	fixation	n/a	424.4	274.9	3441.0	n/a	n/a	n/a	n/a
175.844	0.02	saccade	n/a	430.5	274.2	n/a	467.0	283.6	1.31	76.0
175.866	0.286	fixation	n/a	487.6	283.4	3304.0	n/a	n/a	n/a	n/a
176.154	0.022	saccade	n/a	487.4	275.3	n/a	529.7	295.3	1.62	100.0
176.178	0.104	fixation	n/a	535.3	284.1	3266.0	n/a	n/a	n/a	n/a
176.284	0.192	saccade	n/a	537.7	283.9	n/a	613.5	324.4	2.96	1424.0
176.324	0.112	blink	n/a	n/a	n/a	n/a	n/a	n/a	n/a	n/a
176.478	0.232	fixation	n/a	612.2	300.5	3439.0	n/a	n/a	n/a	n/a
176.712	0.028	saccade	n/a	610.7	286.2	n/a	529.6	276.8	2.81	145.0
176.742	0.604	fixation	n/a	522.4	281.4	3345.0	n/a	n/a	n/a	n/a
177.348	0.024	saccade	n/a	527.3	288.0	n/a	574.3	299.2	1.66	89.0
177.374	0.696	fixation	n/a	592.0	286.2	3519.0	n/a	n/a	n/a	n/a
178.072	0.02	saccade	n/a	597.8	283.4	n/a	567.5	286.6	1.05	66.0
178.094	0.2	fixation	n/a	546.8	284.1	3698.0	n/a	n/a	n/a	n/a
178.296	0.026	saccade	n/a	550.6	284.8	n/a	619.8	296.8	2.41	106.0
178.324	0.372	fixation	n/a	619.9	285.1	3802.0	n/a	n/a	n/a	n/a
178.698	0.04	saccade	n/a	622.5	280.9	n/a	503.4	274.4	4.1	200.0
178.74	0.196	fixation	n/a	512.7	273.2	3733.0	n/a	n/a	n/a	n/a
178.938	0.054	saccade	n/a	509.5	273.6	n/a	277.1	269.9	8.0	239.0
178.994	0.464	fixation	n/a	268.7	266.9	3548.0	n/a	n/a	n/a	n/a
179.196	0.0	trigger_11	11	n/a	n/a	n/a	n/a	n/a	n/a	n/a
179.302	0.0	trigger_12	12	n/a	n/a	n/a	n/a	n/a	n/a	n/a
179.46	0.028	saccade	n/a	263.1	267.8	n/a	162.8	228.9	3.68	190.0
179.49	0.412	fixation	n/a	138.4	214.1	3433.0	n/a	n/a	n/a	n/a
179.904	0.028	saccade	n/a	134.9	207.8	n/a	186.7	203.6	1.76	86.0
179.934	0.188	fixation	n/a	186.0	201.5	3379.0	n/a	n/a	n/a	n/a
180.124	0.016	saccade	n/a	186.6	198.2	n/a	161.4	202.8	0.87	67.0
180.142	0.17	fixation	n/a	160.0	205.0	3334.0	n/a	n/a	n/a	n/a
180.314	0.022	saccade	n/a	167.5	214.0	n/a	229.1	199.2	2.16	137.0
180.338	0.096	fixation	n/a	241.4	199.9	3240.0	n/a	n/a	n/a	n/a
180.436	0.024	saccade	n/a	248.4	200.4	n/a	228.5	198.0	0.69	70.0
180.462	0.066	fixation	n/a	250.3	205.4	3244.0	n/a	n/a	n/a	n/a
180.53	0.03	saccade	n/a	254.2	208.5	n/a	364.8	202.8	3.83	231.0
180.562	0.25	fixation	n/a	380.0	201.0	3276.0	n/a	n/a	n/a	n/a
180.814	0.026	saccade	n/a	381.5	200.5	n/a	456.1	207.4	2.61	136.0
180.842	0.188	fixation	n/a	473.6	206.6	3178.0	n/a	n/a	n/a	n/a
181.032	0.028	saccade	n/a	478.4	208.0	n/a	551.2	231.8	2.65	108.0
181.062	0.278	fixation	n/a	572.6	237.0	3156.0	n/a	n/a	n/a	n/a
181.342	0.05	saccade	n/a	573.5	237.8	n/a	326.8	250.4	8.53	300.0
181.394	0.446	fixation	n/a	312.5	257.6	3153.0	n/a	n/a	n/a	n/a
181.842	0.026	saccade	n/a	302.1	261.3	n/a	230.8	277.5	2.51	139.0
181.87	0.242	fixation	n/a	219.8	274.3	3168.0	n/a	n/a	n/a	n/a
182.114	0.046	saccade	n/a	226.6	273.8	n/a	452.4	267.1	7.78	285.0
182.162	0.402	fixation	n/a	462.0	271.2	3158.0	n/a	n/a	n/a	n/a
182.566	0.026	saccade	n/a	467.0	267.1	n/a	542.3	289.7	2.71	168.0
182.594	0.418	fixation	n/a	557.3	286.6	3036.0	n/a	n/a	n/a	n/a
183.014	0.07	saccade	n/a	565.1	284.6	n/a	140.1	317.5	14.5	400.0
183.086	0.504	fixation	n/a	135.4	316.4	3217.0	n/a	n/a	n/a	n/a
183.592	0.04	saccade	n/a	123.6	312.7	n/a	96.1	258.9	2.07	105.0
183.634	0.072	fixation	n/a	88.1	261.0	3157.0	n/a	n/a	n/a	n/a
183.708	0.044	saccade	n/a	94.2	261.4	n/a	89.4	260.0	0.17	90.0
183.754	0.146	fixation	n/a	112.5	263.9	3371.0	n/a	n/a	n/a	n/a
183.902	0.054	saccade	n/a	114.1	264.6	n/a	165.1	315.4	2.45	120.0
183.958	0.146	fixation	n/a	163.1	308.4	3541.0	n/a	n/a	n/a	n/a
184.106	0.028	saccade	n/a	172.9	312.5	n/a	169.2	309.8	0.16	88.0
184.108	0.0	trigger_13	13	n/a	n/a	n/a	n/a	n/a	n/a	n/a
184.136	0.03	fixation	n/a	169.7	309.5	3648.0	n/a	n/a	n/a	n/a
184.168	0.032	saccade	n/a	169.6	310.3	n/a	152.8	210.8	3.49	134.0
184.202	0.052	fixation	n/a	171.1	198.0	3687.0	n/a	n/a	n/a	n/a
184.256	0.022	saccade	n/a	175.2	198.9	n/a	128.0	191.4	1.62	98.0
184.28	0.02	fixation	n/a	128.4	191.7	3580.0	n/a	n/a	n/a	n/a
184.302	0.12	saccade	n/a	137.2	191.4	n/a	125.6	189.4	0.4	126.0
184.424	0.168	fixation	n/a	135.8	186.6	3828.0	n/a	n/a	n/a	n/a
184.594	0.032	saccade	n/a	141.8	180.6	n/a	243.0	171.3	3.46	262.0
184.628	0.166	fixation	n/a	243.3	171.2	3888.0	n/a	n/a	n/a	n/a
184.796	0.028	saccade	n/a	242.6	171.2	n/a	330.8	170.3	3.04	180.0
184.826	0.184	fixation	n/a	337.6	175.1	3969.0	n/a	n/a	n/a	n/a
185.012	0.046	saccade	n/a	337.0	176.7	n/a	118.2	242.1	7.81	340.0
185.06	0.132	fixation	n/a	120.3	249.8	4052.0	n/a	n/a	n/a	n/a
185.194	0.26	saccade	n/a	132.7	252.8	n/a	128.6	307.0	1.87	1421.0
185.286	0.12	blink	n/a	n/a	n/a	n/a	n/a	n/a	n/a	n/a
185.456	1.12	fixation	n/a	126.7	299.9	4239.0	n/a	n/a	n/a	n/a
186.578	0.2	saccade	n/a	140.8	318.6	n/a	130.7	347.9	1.06	1140.0
186.614	0.106	blink	n/a	n/a	n/a	n/a	n/a	n/a	n/a	n/a
186.78	0.296	fixation	n/a	130.7	332.2	4338.0	n/a	n/a	n/a	n/a
187.078	0.66	saccade	n/a	135.7	329.5	n/a	118.7	362.7	1.27	1275.0
187.108	0.6	blink	n/a	n/a	n/a	n/a	n/a	n/a	n/a	n/a
187.74	0.16	fixation	n/a	112.3	354.4	4136.0	n/a	n/a	n/a	n/a
187.902	0.026	saccade	n/a	107.7	347.8	n/a	93.1	285.8	2.17	132.0
187.93	0.292	fixation	n/a	95.6	291.6	3963.0	n/a	n/a	n/a	n/a
188.224	0.018	saccade	n/a	92.4	288.1	n/a	121.2	296.9	1.01	68.0
188.244	0.26	fixation	n/a	119.0	298.0	3936.0	n/a	n/a	n/a	n/a
188.26	0.0	trigger_15	15	n/a	n/a	n/a	n/a	n/a	n/a	n/a
188.314	0.0	trigger_10	10	n/a	n/a	n/a	n/a	n/a	n/a	n/a
188.506	0.026	saccade	n/a	124.0	295.0	n/a	117.3	228.1	2.32	119.0
188.534	0.076	fixation	n/a	127.4	211.7	4071.0	n/a	n/a	n/a	n/a
188.612	0.02	saccade	n/a	129.5	211.3	n/a	135.5	178.8	1.15	82.0
188.634	0.28	fixation	n/a	134.4	192.2	4152.0	n/a	n/a	n/a	n/a
188.916	0.026	saccade	n/a	140.6	196.5	n/a	220.7	195.7	2.72	149.0
188.944	0.302	fixation	n/a	224.6	194.8	4038.0	n/a	n/a	n/a	n/a
189.248	0.034	saccade	n/a	220.4	195.6	n/a	105.6	200.4	3.9	176.0
189.284	0.27	fixation	n/a	115.3	200.9	3932.0	n/a	n/a	n/a	n/a
189.556	0.03	saccade	n/a	113.2	200.4	n/a	219.6	202.2	3.61	230.0
189.588	0.388	fixation	n/a	226.1	190.5	3958.0	n/a	n/a	n/a	n/a
189.978	0.034	saccade	n/a	228.2	181.9	n/a	334.9	186.9	3.68	193.0
190.014	0.35	fixation	n/a	331.7	182.0	4129.0	n/a	n/a	n/a	n/a
190.366	0.024	saccade	n/a	336.4	181.0	n/a	389.3	180.2	1.83	95.0
190.392	0.256	fixation	n/a	405.7	181.1	4074.0	n/a	n/a	n/a	n/a
190.65	0.022	saccade	n/a	408.5	183.2	n/a	458.6	188.5	1.75	112.0
190.674	0.174	fixation	n/a	465.2	185.4	4055.0	n/a	n/a	n/a	n/a
190.85	0.034	saccade	n/a	468.7	187.0	n/a	556.8	197.0	3.07	109.0
190.886	0.214	fixation	n/a	563.1	198.7	4090.0	n/a	n/a	n/a	n/a
191.102	0.026	saccade	n/a	567.8	199.1	n/a	636.5	206.4	2.37	116.0
191.13	0.278	fixation	n/a	645.9	210.1	4047.0	n/a	n/a	n/a	n/a
191.41	0.074	saccade	n/a	648.2	213.0	n/a	170.3	232.0	16.27	383.0
191.486	0.372	fixation	n/a	170.3	240.1	3965.0	n/a	n/a	n/a	n/a
191.86	0.028	saccade	n/a	168.9	242.4	n/a	258.8	251.0	3.07	150.0
191.89	0.28	fixation	n/a	274.3	246.9	4017.0	n/a	n/a	n/a	n/a
192.172	0.026	saccade	n/a	275.0	251.0	n/a	359.1	249.1	2.9	170.0
192.2	0.698	fixation	n/a	353.9	248.1	3892.0	n/a	n/a	n/a	n/a
192.9	0.03	saccade	n/a	354.4	251.5	n/a	446.6	250.3	3.19	150.0
192.932	0.21	fixation	n/a	451.3	256.5	3734.0	n/a	n/a	n/a	n/a
193.144	0.018	saccade	n/a	456.6	258.8	n/a	483.3	265.7	0.96	62.0
193.164	0.094	fixation	n/a	498.9	270.7	3650.0	n/a	n/a	n/a	n/a
193.26	0.022	saccade	n/a	504.7	272.9	n/a	539.9	274.9	1.22	76.0
193.284	0.306	fixation	n/a	545.6	274.7	3617.0	n/a	n/a	n/a	n/a
193.592	0.024	saccade	n/a	547.7	275.6	n/a	580.6	232.4	1.88	112.0
193.618	0.142	fixation	n/a	590.0	220.1	3716.0	n/a	n/a	n/a	n/a
193.762	0.032	saccade	n/a	591.7	218.7	n/a	486.4	210.7	3.65	240.0
193.796	0.13	fixation	n/a	495.5	213.2	3850.0	n/a	n/a	n/a	n/a
193.928	0.056	saccade	n/a	495.3	212.6	n/a	198.7	187.9	10.21	340.0
193.986	0.104	fixation	n/a	203.6	188.5	3748.0	n/a	n/a	n/a	n/a
194.092	0.022	saccade	n/a	194.8	190.3	n/a	153.4	195.3	1.41	79.0
194.116	0.566	fixation	n/a	147.3	194.2	3920.0	n/a	n/a	n/a	n/a
194.684	0.028	saccade	n/a	127.0	189.3	n/a	217.4	188.0	3.06	154.0
194.714	0.258	fixation	n/a	232.1	194.0	3957.0	n/a	n/a	n/a	n/a
194.974	0.028	saccade	n/a	224.6	199.2	n/a	307.4	200.9	2.85	124.0
195.004	0.26	fixation	n/a	315.4	201.3	3851.0	n/a	n/a	n/a	n/a
195.266	0.028	saccade	n/a	314.7	199.2	n/a	391.4	200.3	2.66	116.0
195.296	0.284	fixation	n/a	416.1	198.6	3798.0	n/a	n/a	n/a	n/a
195.582	0.024	saccade	n/a	420.5	193.7	n/a	474.8	209.9	1.97	109.0
195.608	0.186	fixation	n/a	487.9	214.2	3751.0	n/a	n/a	n/a	n/a
195.796	0.16	saccade	n/a	494.4	223.0	n/a	592.2	227.8	3.38	1609.0
195.84	0.084	blink	n/a	n/a	n/a	n/a	n/a	n/a	n/a	n/a
195.958	0.242	fixation	n/a	590.7	213.6	3821.0	n/a	n/a	n/a	n/a
196.202	0.026	saccade	n/a	589.9	219.5	n/a	525.5	261.9	2.67	156.0
196.23	0.232	fixation	n/a	525.2	268.4	3615.0	n/a	n/a	n/a	n/a
196.464	0.058	saccade	n/a	529.4	271.6	n/a	156.8	313.0	12.8	376.0
196.524	0.246	fixation	n/a	152.8	321.4	3543.0	n/a	n/a	n/a	n/a
196.772	0.034	saccade	n/a	158.2	329.7	n/a	260.9	316.8	3.5	214.0
196.808	0.252	fixation	n/a	263.3	319.7	3599.0	n/a	n/a	n/a	n/a
197.062	0.026	saccade	n/a	270.2	330.2	n/a	350.8	314.7	2.82	152.0
197.09	0.394	fixation	n/a	355.1	315.9	3772.0	n/a	n/a	n/a	n/a
197.486	0.174	saccade	n/a	365.3	349.7	n/a	362.3	336.3	0.48	1827.0
197.518	0.106	blink	n/a	n/a	n/a	n/a	n/a	n/a	n/a	n/a
197.662	0.4	fixation	n/a	352.4	299.4	3913.0	n/a	n/a	n/a	n/a
198.064	0.022	saccade	n/a	342.4	297.6	n/a	297.4	303.6	1.56	96.0
198.088	0.028	fixation	n/a	284.1	305.8	3754.0	n/a	n/a	n/a	n/a
198.118	0.014	saccade	n/a	274.1	309.0	n/a	248.7	311.7	0.87	73.0
198.134	0.542	fixation	n/a	253.6	323.8	3800.0	n/a	n/a	n/a	n/a
198.438	0.0	trigger_11	11	n/a	n/a	n/a	n/a	n/a	n/a	n/a
198.54	0.0	trigger_10	10	n/a	n/a	n/a	n/a	n/a	n/a	n/a
198.678	0.036	saccade	n/a	261.2	323.1	n/a	157.2	215.7	5.14	230.0
198.716	0.084	fixation	n/a	153.5	208.6	3852.0	n/a	n/a	n/a	n/a
198.802	0.014	saccade	n/a	152.3	207.7	n/a	135.3	195.4	0.71	60.0
198.818	0.238	fixation	n/a	141.3	199.7	3857.0	n/a	n/a	n/a	n/a
199.058	0.024	saccade	n/a	144.5	200.9	n/a	203.6	196.7	2.01	129.0
199.084	0.228	fixation	n/a	208.0	203.9	3774.0	n/a	n/a	n/a	n/a
199.314	0.03	saccade	n/a	213.7	199.3	n/a	320.0	208.6	3.67	190.0
199.346	0.2	fixation	n/a	320.1	207.9	3768.0	n/a	n/a	n/a	n/a
199.548	0.024	saccade	n/a	323.0	209.8	n/a	383.9	206.8	2.11	125.0
199.574	0.214	fixation	n/a	389.8	204.9	3742.0	n/a	n/a	n/a	n/a
199.79	0.024	saccade	n/a	389.2	204.1	n/a	450.1	208.2	2.11	118.0
199.816	0.2	fixation	n/a	468.5	215.7	3745.0	n/a	n/a	n/a	n/a
200.018	0.024	saccade	n/a	470.1	214.9	n/a	533.3	218.8	2.19	128.0
200.044	0.21	fixation	n/a	544.2	221.7	3733.0	n/a	n/a	n/a	n/a
200.256	0.02	saccade	n/a	547.9	215.0	n/a	591.4	221.3	1.51	97.0
200.278	0.15	fixation	n/a	602.0	222.8	3746.0	n/a	n/a	n/a	n/a
200.43	0.022	saccade	n/a	606.2	220.4	n/a	646.8	222.0	1.39	87.0
200.454	0.082	fixation	n/a	650.8	226.3	3758.0	n/a	n/a	n/a	n/a
200.538	0.078	saccade	n/a	649.2	227.2	n/a	160.1	252.5	16.63	385.0
200.618	0.246	fixation	n/a	162.8	257.6	3745.0	n/a	n/a	n/a	n/a
200.866	0.028	saccade	n/a	158.1	256.6	n/a	236.2	250.5	2.66	175.0
200.896	0.18	fixation	n/a	243.0	254.2	3793.0	n/a	n/a	n/a	n/a
201.078	0.096	saccade	n/a	245.0	255.1	n/a	136.1	309.5	4.16	334.0
201.176	0.126	fixation	n/a	127.2	308.7	3875.0	n/a	n/a	n/a	n/a
201.304	0.072	saccade	n/a	139.2	305.7	n/a	261.2	304.0	4.15	234.0
201.378	0.286	fixation	n/a	265.8	300.2	4058.0	n/a	n/a	n/a	n/a
201.666	0.024	saccade	n/a	254.6	299.5	n/a	213.5	254.2	2.12	130.0
201.692	0.348	fixation	n/a	196.3	239.8	4019.0	n/a	n/a	n/a	n/a
202.042	0.032	saccade	n/a	190.1	233.7	n/a	308.0	179.4	4.5	242.0
202.076	0.362	fixation	n/a	313.9	179.7	4183.0	n/a	n/a	n/a	n/a
202.44	0.024	saccade	n/a	314.4	177.7	n/a	250.7	181.9	2.22	122.0
202.466	0.038	fixation	n/a	211.3	197.6	4340.0	n/a	n/a	n/a	n/a
202.506	0.018	saccade	n/a	179.8	212.9	n/a	160.4	227.9	0.84	98.0
202.526	0.174	fixation	n/a	161.6	226.4	4332.0	n/a	n/a	n/a	n/a
202.702	0.028	saccade	n/a	160.5	229.4	n/a	251.7	235.7	3.13	143.0
202.732	0.274	fixation	n/a	252.9	232.8	4341.0	n/a	n/a	n/a	n/a
203.008	0.032	saccade	n/a	255.2	233.1	n/a	359.7	241.3	3.63	203.0
203.042	0.184	fixation	n/a	362.3	239.0	4273.0	n/a	n/a	n/a	n/a
203.228	0.026	saccade	n/a	364.6	233.6	n/a	425.6	244.2	2.16	103.0
203.256	0.174	fixation	n/a	442.5	242.4	4214.0	n/a	n/a	n/a	n/a
203.432	0.034	saccade	n/a	444.6	238.4	n/a	551.3	246.2	3.72	183.0
203.468	0.194	fixation	n/a	548.8	244.5	4152.0	n/a	n/a	n/a	n/a
203.664	0.066	saccade	n/a	552.8	244.4	n/a	158.3	295.2	13.6	401.0
203.732	0.094	fixation	n/a	158.1	294.2	4046.0	n/a	n/a	n/a	n/a
203.828	0.092	saccade	n/a	148.9	294.0	n/a	126.1	293.8	0.77	117.0
203.922	0.028	fixation	n/a	134.2	291.3	3890.0	n/a	n/a	n/a	n/a
203.952	0.038	saccade	n/a	128.0	291.6	n/a	138.8	298.4	0.43	78.0
203.992	0.042	fixation	n/a	125.8	294.4	3868.0	n/a	n/a	n/a	n/a
204.036	0.084	saccade	n/a	127.2	295.9	n/a	230.2	289.1	3.5	145.0
204.122	0.134	fixation	n/a	238.0	291.7	3981.0	n/a	n/a	n/a	n/a
204.258	0.028	saccade	n/a	240.7	295.1	n/a	207.3	207.1	3.27	192.0
204.288	0.084	fixation	n/a	224.2	199.0	3997.0	n/a	n/a	n/a	n/a
204.374	0.026	saccade	n/a	227.7	196.9	n/a	283.0	175.3	2.05	128.0
204.402	0.26	fixation	n/a	286.7	177.5	4027.0	n/a	n/a	n/a	n/a
204.664	0.034	saccade	n/a	291.0	181.0	n/a	156.8	188.1	4.6	244.0
204.7	0.366	fixation	n/a	157.3	194.6	4029.0	n/a	n/a	n/a	n/a
205.068	0.172	saccade	n/a	150.0	207.6	n/a	299.5	208.5	5.11	1888.0
205.104	0.086	blink	n/a	n/a	n/a	n/a	n/a	n/a	n/a	n/a
205.242	0.432	fixation	n/a	298.5	186.1	4128.0	n/a	n/a	n/a	n/a
205.406	0.0	trigger_11	11	n/a	n/a	n/a	n/a	n/a	n/a	n/a
205.508	0.0	trigger_10	10	n/a	n/a	n/a	n/a	n/a	n/a	n/a
205.676	0.042	saccade	n/a	296.2	192.2	n/a	147.1	194.1	5.11	263.0
205.72	0.286	fixation	n/a	147.7	200.6	3859.0	n/a	n/a	n/a	n/a
206.008	0.034	saccade	n/a	141.5	194.0	n/a	288.0	194.7	5.01	228.0
206.044	0.196	fixation	n/a	303.9	191.8	3892.0	n/a	n/a	n/a	n/a
206.242	0.022	saccade	n/a	305.5	193.4	n/a	360.9	189.2	1.93	120.0
206.266	0.18	fixation	n/a	369.6	188.8	3839.0	n/a	n/a	n/a	n/a
206.448	0.03	saccade	n/a	366.6	189.7	n/a	459.8	201.7	3.26	187.0
206.48	0.496	fixation	n/a	473.9	205.1	3849.0	n/a	n/a	n/a	n/a
206.978	0.028	saccade	n/a	470.7	204.9	n/a	542.9	212.4	2.52	148.0
207.008	0.254	fixation	n/a	541.7	210.0	3860.0	n/a	n/a	n/a	n/a
207.264	0.022	saccade	n/a	546.3	206.7	n/a	595.5	216.0	1.73	106.0
207.288	0.25	fixation	n/a	590.0	210.4	3894.0	n/a	n/a	n/a	n/a
207.54	0.076	saccade	n/a	587.6	210.1	n/a	148.9	252.8	15.02	386.0
207.618	0.262	fixation	n/a	152.1	256.8	3924.0	n/a	n/a	n/a	n/a
207.882	0.022	saccade	n/a	153.1	252.8	n/a	193.4	246.1	1.39	76.0
207.906	0.252	fixation	n/a	197.3	245.1	3933.0	n/a	n/a	n/a	n/a
208.16	0.034	saccade	n/a	192.9	244.6	n/a	197.8	247.4	0.19	124.0
208.174	0.0	trigger_11	11	n/a	n/a	n/a	n/a	n/a	n/a	n/a
208.196	0.124	fixation	n/a	197.2	250.5	3981.0	n/a	n/a	n/a	n/a
208.278	0.0	trigger_10	10	n/a	n/a	n/a	n/a	n/a	n/a	n/a
208.322	0.014	saccade	n/a	179.8	246.0	n/a	198.1	248.9	0.63	69.0
208.338	0.082	fixation	n/a	196.8	250.5	4017.0	n/a	n/a	n/a	n/a
208.422	0.042	saccade	n/a	197.3	251.2	n/a	136.2	198.4	2.76	144.0
208.466	0.222	fixation	n/a	135.7	195.8	4002.0	n/a	n/a	n/a	n/a
208.69	0.036	saccade	n/a	135.3	194.2	n/a	200.9	192.5	2.23	195.0
208.728	0.128	fixation	n/a	199.1	191.3	4038.0	n/a	n/a	n/a	n/a
208.858	0.024	saccade	n/a	206.1	189.2	n/a	273.6	177.2	2.35	144.0
208.884	0.216	fixation	n/a	291.2	179.2	4062.0	n/a	n/a	n/a	n/a
209.102	0.036	saccade	n/a	295.7	177.1	n/a	423.1	183.0	4.41	190.0
209.14	0.244	fixation	n/a	435.3	181.8	4163.0	n/a	n/a	n/a	n/a
209.386	0.188	saccade	n/a	444.7	204.3	n/a	551.0	199.6	3.69	1754.0
209.432	0.094	blink	n/a	n/a	n/a	n/a	n/a	n/a	n/a	n/a
209.576	0.198	fixation	n/a	545.2	197.7	4210.0	n/a	n/a	n/a	n/a
209.776	0.068	saccade	n/a	551.2	200.0	n/a	131.7	248.9	14.42	371.0
209.846	0.364	fixation	n/a	139.3	255.6	3975.0	n/a	n/a	n/a	n/a
210.212	0.032	saccade	n/a	134.5	253.0	n/a	233.0	246.6	3.35	193.0
210.246	0.3	fixation	n/a	246.8	254.5	4027.0	n/a	n/a	n/a	n/a
210.548	0.026	saccade	n/a	252.0	254.1	n/a	313.2	253.9	2.11	100.0
210.576	0.33	fixation	n/a	317.0	249.2	4177.0	n/a	n/a	n/a	n/a
210.908	0.024	saccade	n/a	317.8	249.9	n/a	253.2	245.4	2.24	132.0
210.934	0.294	fixation	n/a	258.5	248.1	4227.0	n/a	n/a	n/a	n/a
211.23	0.022	saccade	n/a	262.2	250.1	n/a	240.6	202.3	1.84	114.0
211.254	0.504	fixation	n/a	248.1	201.8	4367.0	n/a	n/a	n/a	n/a
211.76	0.036	saccade	n/a	241.4	197.6	n/a	365.1	218.7	4.37	188.0
211.798	0.082	fixation	n/a	363.8	219.9	4456.0	n/a	n/a	n/a	n/a
211.882	0.028	saccade	n/a	364.4	217.4	n/a	428.8	216.3	2.26	128.0
211.912	0.368	fixation	n/a	416.0	196.2	4502.0	n/a	n/a	n/a	n/a
212.038	0.0	trigger_11	11	n/a	n/a	n/a	n/a	n/a	n/a	n/a
212.142	0.0	trigger_10	10	n/a	n/a	n/a	n/a	n/a	n/a	n/a
212.282	0.054	saccade	n/a	414.5	189.1	n/a	168.8	198.7	8.51	314.0
212.338	0.104	fixation	n/a	178.8	211.3	4436.0	n/a	n/a	n/a	n/a
212.444	2.496	saccade	n/a	178.8	225.3	n/a	312.4	298.5	5.27	92.0
212.494	2.432	blink	n/a	n/a	n/a	n/a	n/a	n/a	n/a	n/a
214.942	0.132	fixation	n/a	315.1	298.4	4526.0	n/a	n/a	n/a	n/a
215.076	0.026	saccade	n/a	318.2	280.7	n/a	385.1	263.5	2.4	112.0
215.104	0.198	fixation	n/a	391.7	261.2	4509.0	n/a	n/a	n/a	n/a
215.304	0.028	saccade	n/a	394.7	260.2	n/a	463.3	265.8	2.4	123.0
215.334	0.158	fixation	n/a	457.9	259.5	4419.0	n/a	n/a	n/a	n/a
215.494	0.024	saccade	n/a	463.1	256.6	n/a	530.6	262.2	2.36	132.0
215.52	0.214	fixation	n/a	534.5	261.1	4288.0	n/a	n/a	n/a	n/a
215.736	0.056	saccade	n/a	539.8	267.2	n/a	213.2	309.7	11.36	384.0
215.794	0.114	fixation	n/a	221.5	314.9	4156.0	n/a	n/a	n/a	n/a
215.91	0.026	saccade	n/a	217.9	314.2	n/a	157.8	323.2	2.07	133.0
215.938	0.058	fixation	n/a	156.7	326.0	4062.0	n/a	n/a	n/a	n/a
215.998	0.03	saccade	n/a	155.5	328.6	n/a	159.0	325.9	0.15	92.0
216.03	0.12	fixation	n/a	154.6	323.6	4018.0	n/a	n/a	n/a	n/a
216.152	0.092	saccade	n/a	158.8	321.9	n/a	416.7	332.3	8.84	188.0
216.246	0.176	fixation	n/a	413.0	331.3	4021.0	n/a	n/a	n/a	n/a
216.424	0.026	saccade	n/a	415.1	336.5	n/a	498.3	328.4	2.9	174.0
216.452	0.182	fixation	n/a	508.4	323.1	4009.0	n/a	n/a	n/a	n/a
216.636	0.022	saccade	n/a	515.1	322.4	n/a	565.5	327.7	1.75	108.0
216.66	0.17	fixation	n/a	570.2	327.6	3891.0	n/a	n/a	n/a	n/a
216.832	0.034	saccade	n/a	573.9	326.7	n/a	454.5	324.9	4.13	238.0
216.868	0.25	fixation	n/a	459.2	329.2	3725.0	n/a	n/a	n/a	n/a
217.12	0.024	saccade	n/a	465.2	338.6	n/a	535.3	330.8	2.44	151.0
217.146	0.33	fixation	n/a	543.4	330.2	3711.0	n/a	n/a	n/a	n/a
217.478	0.076	saccade	n/a	542.8	335.6	n/a	83.5	393.8	15.67	353.0
217.556	0.054	fixation	n/a	85.8	394.5	3607.0	n/a	n/a	n/a	n/a
217.612	0.016	saccade	n/a	87.5	393.1	n/a	54.2	391.7	1.1	82.0
217.63	0.154	fixation	n/a	60.9	398.7	3465.0	n/a	n/a	n/a	n/a
217.786	0.068	saccade	n/a	59.6	403.5	n/a	126.8	389.1	2.28	107.0
217.856	0.078	fixation	n/a	155.3	391.4	3403.0	n/a	n/a	n/a	n/a
217.936	0.114	saccade	n/a	170.2	391.2	n/a	278.7	399.2	3.7	355.0
218.052	0.036	fixation	n/a	287.2	398.3	3461.0	n/a	n/a	n/a	n/a
218.09	0.028	saccade	n/a	291.3	401.9	n/a	254.0	385.7	1.39	125.0
218.12	0.032	fixation	n/a	276.3	383.4	3439.0	n/a	n/a	n/a	n/a
218.154	0.102	saccade	n/a	257.0	383.2	n/a	404.4	389.9	5.06	256.0
218.258	0.16	fixation	n/a	400.1	392.1	3616.0	n/a	n/a	n/a	n/a
218.42	0.028	saccade	n/a	403.8	393.0	n/a	492.7	387.9	3.07	142.0
218.45	0.258	fixation	n/a	518.4	394.2	3417.0	n/a	n/a	n/a	n/a
218.71	0.024	saccade	n/a	521.4	389.6	n/a	566.3	413.0	1.74	96.0
218.736	0.146	fixation	n/a	571.2	415.7	3345.0	n/a	n/a	n/a	n/a
218.884	0.06	saccade	n/a	573.8	414.9	n/a	85.2	458.8	16.46	581.0
218.946	0.296	fixation	n/a	58.7	465.4	3425.0	n/a	n/a	n/a	n/a
219.244	0.038	saccade	n/a	57.1	457.8	n/a	58.1	228.5	7.76	376.0
219.284	0.074	fixation	n/a	81.2	207.7	3371.0	n/a	n/a	n/a	n/a
219.36	0.122	saccade	n/a	83.3	201.1	n/a	20.4	147.8	2.78	153.0
219.484	0.052	fixation	n/a	44.1	149.5	3432.0	n/a	n/a	n/a	n/a
219.512	0.0	trigger_11	11	n/a	n/a	n/a	n/a	n/a	n/a	n/a
219.538	0.122	saccade	n/a	41.5	154.9	n/a	48.0	169.8	0.56	138.0
219.614	0.0	trigger_10	10	n/a	n/a	n/a	n/a	n/a	n/a	n/a
219.662	0.122	fixation	n/a	57.5	156.3	3509.0	n/a	n/a	n/a	n/a
219.786	0.062	saccade	n/a	63.5	149.3	n/a	34.0	152.5	0.99	103.0
219.85	0.076	fixation	n/a	33.0	151.8	3564.0	n/a	n/a	n/a	n/a
219.928	0.12	saccade	n/a	43.9	149.5	n/a	214.2	182.6	5.87	395.0
220.05	0.19	fixation	n/a	213.1	183.8	3802.0	n/a	n/a	n/a	n/a
220.242	0.028	saccade	n/a	218.2	185.6	n/a	295.2	184.8	2.66	122.0
220.272	0.07	fixation	n/a	295.1	185.7	3781.0	n/a	n/a	n/a	n/a
220.344	0.03	saccade	n/a	293.3	188.4	n/a	371.3	183.3	2.73	180.0
220.376	0.154	fixation	n/a	367.1	185.0	3807.0	n/a	n/a	n/a	n/a
220.532	0.024	saccade	n/a	370.8	187.6	n/a	430.6	185.3	2.09	128.0
220.558	0.152	fixation	n/a	444.6	188.5	3786.0	n/a	n/a	n/a	n/a
220.712	0.024	saccade	n/a	447.6	192.0	n/a	505.6	202.4	2.06	120.0
220.738	0.278	fixation	n/a	517.0	199.6	3804.0	n/a	n/a	n/a	n/a
221.018	0.096	saccade	n/a	519.4	201.5	n/a	108.9	227.8	14.09	375.0
221.116	0.046	fixation	n/a	118.5	235.1	3642.0	n/a	n/a	n/a	n/a
221.164	0.04	saccade	n/a	129.8	249.2	n/a	82.4	221.9	1.85	104.0
221.206	0.084	fixation	n/a	95.5	234.1	3516.0	n/a	n/a	n/a	n/a
221.292	0.066	saccade	n/a	78.6	232.4	n/a	67.3	171.4	2.14	202.0
221.342	0.0	trigger_11	11	n/a	n/a	n/a	n/a	n/a	n/a	n/a
221.36	0.102	fixation	n/a	47.9	170.9	3447.0	n/a	n/a	n/a	n/a
221.446	0.0	trigger_10	10	n/a	n/a	n/a	n/a	n/a	n/a	n/a
221.464	0.102	saccade	n/a	52.5	177.1	n/a	53.7	175.1	0.08	121.0
221.568	0.036	fixation	n/a	64.5	176.1	3516.0	n/a	n/a	n/a	n/a
221.606	0.094	saccade	n/a	68.6	180.7	n/a	57.5	171.5	0.49	135.0
221.702	0.07	fixation	n/a	58.3	170.9	3640.0	n/a	n/a	n/a	n/a
221.774	0.036	saccade	n/a	45.4	160.0	n/a	223.8	197.7	6.17	388.0
221.812	0.234	fixation	n/a	226.4	194.8	3875.0	n/a	n/a	n/a	n/a
222.048	0.034	saccade	n/a	225.3	194.9	n/a	365.0	196.7	4.85	280.0
222.084	0.186	fixation	n/a	382.5	191.7	3874.0	n/a	n/a	n/a	n/a
222.272	0.026	saccade	n/a	386.3	189.4	n/a	454.8	189.8	2.4	125.0
222.3	0.244	fixation	n/a	480.7	186.9	3803.0	n/a	n/a	n/a	n/a
222.546	0.022	saccade	n/a	485.5	185.1	n/a	544.1	197.2	2.09	124.0
222.57	0.21	fixation	n/a	551.5	198.8	3725.0	n/a	n/a	n/a	n/a
222.782	0.028	saccade	n/a	553.9	201.6	n/a	630.4	210.6	2.67	124.0
222.812	0.212	fixation	n/a	636.0	214.0	3641.0	n/a	n/a	n/a	n/a
223.026	0.074	saccade	n/a	638.7	215.8	n/a	112.6	236.2	17.88	416.0
223.102	0.382	fixation	n/a	69.8	233.6	3312.0	n/a	n/a	n/a	n/a
223.486	0.016	saccade	n/a	49.3	220.8	n/a	38.7	195.3	0.95	73.0
223.504	0.382	fixation	n/a	46.1	175.4	3354.0	n/a	n/a	n/a	n/a
223.568	0.0	trigger_11	11	n/a	n/a	n/a	n/a	n/a	n/a	n/a
223.67	0.0	trigger_12	12	n/a	n/a	n/a	n/a	n/a	n/a	n/a
223.888	0.236	saccade	n/a	54.3	170.0	n/a	186.5	201.4	4.59	1430.0
223.98	0.088	blink	n/a	n/a	n/a	n/a	n/a	n/a	n/a	n/a
224.126	0.258	fixation	n/a	175.9	196.1	3675.0	n/a	n/a	n/a	n/a
224.386	0.028	saccade	n/a	160.3	196.9	n/a	245.2	213.1	2.96	181.0
224.416	0.244	fixation	n/a	243.2	205.2	3528.0	n/a	n/a	n/a	n/a
224.662	0.038	saccade	n/a	240.9	198.8	n/a	360.0	200.8	4.14	215.0
224.702	0.05	fixation	n/a	363.1	199.7	3513.0	n/a	n/a	n/a	n/a
224.754	0.024	saccade	n/a	363.0	193.4	n/a	357.0	189.7	0.25	84.0
224.78	0.118	fixation	n/a	360.5	190.9	3517.0	n/a	n/a	n/a	n/a
224.9	0.03	saccade	n/a	365.8	193.0	n/a	459.2	191.2	3.26	136.0
224.932	0.282	fixation	n/a	477.6	189.1	3668.0	n/a	n/a	n/a	n/a
225.216	0.034	saccade	n/a	492.8	200.5	n/a	571.9	200.8	2.76	118.0
225.252	0.264	fixation	n/a	568.6	201.7	3762.0	n/a	n/a	n/a	n/a
225.518	0.076	saccade	n/a	567.6	205.2	n/a	108.1	241.9	15.74	397.0
225.596	0.06	fixation	n/a	116.5	245.1	3813.0	n/a	n/a	n/a	n/a
225.658	0.036	saccade	n/a	104.1	244.7	n/a	107.5	241.0	0.17	96.0
225.696	0.024	fixation	n/a	112.1	244.2	3766.0	n/a	n/a	n/a	n/a
225.722	0.138	saccade	n/a	99.2	239.3	n/a	152.8	254.8	1.88	175.0
225.862	0.04	fixation	n/a	160.7	254.7	3825.0	n/a	n/a	n/a	n/a
225.904	0.034	saccade	n/a	166.6	255.9	n/a	168.5	249.1	0.25	111.0
225.94	0.08	fixation	n/a	166.1	251.4	3833.0	n/a	n/a	n/a	n/a
226.022	0.034	saccade	n/a	171.5	250.8	n/a	280.5	265.2	3.77	147.0
226.058	0.228	fixation	n/a	283.4	270.0	3870.0	n/a	n/a	n/a	n/a
226.288	0.026	saccade	n/a	290.6	270.4	n/a	375.3	248.5	3.04	148.0
226.316	0.174	fixation	n/a	375.9	239.2	3958.0	n/a	n/a	n/a	n/a
226.492	0.02	saccade	n/a	381.9	240.2	n/a	420.7	242.4	1.36	92.0
226.514	0.208	fixation	n/a	440.9	240.3	4040.0	n/a	n/a	n/a	n/a
226.724	0.034	saccade	n/a	447.8	233.3	n/a	572.6	241.0	4.35	163.0
226.76	0.22	fixation	n/a	592.6	239.0	4120.0	n/a	n/a	n/a	n/a
226.982	0.074	saccade	n/a	596.9	236.8	n/a	167.7	286.0	14.82	397.0
227.058	0.182	fixation	n/a	168.4	295.4	4084.0	n/a	n/a	n/a	n/a
227.242	0.032	saccade	n/a	167.7	305.0	n/a	115.4	301.9	1.77	160.0
227.276	0.07	fixation	n/a	130.8	312.6	3967.0	n/a	n/a	n/a	n/a
227.348	0.088	saccade	n/a	127.8	315.9	n/a	240.1	339.3	3.91	230.0
227.438	0.204	fixation	n/a	241.9	337.6	3976.0	n/a	n/a	n/a	n/a
227.644	0.026	saccade	n/a	243.6	340.2	n/a	310.4	347.7	2.31	120.0
227.672	0.246	fixation	n/a	331.1	333.4	4095.0	n/a	n/a	n/a	n/a
227.688	0.0	trigger_13	13	n/a	n/a	n/a	n/a	n/a	n/a	n/a
227.92	0.046	saccade	n/a	332.6	334.4	n/a	119.7	272.3	7.59	354.0
227.968	0.086	fixation	n/a	121.5	268.8	4051.0	n/a	n/a	n/a	n/a
228.056	0.182	saccade	n/a	102.0	266.5	n/a	99.2	225.7	1.42	208.0
228.24	0.022	fixation	n/a	105.3	227.7	3835.0	n/a	n/a	n/a	n/a
228.264	0.174	saccade	n/a	92.6	227.5	n/a	57.2	350.6	4.39	238.0
228.44	0.024	fixation	n/a	49.6	343.0	3793.0	n/a	n/a	n/a	n/a
228.466	0.092	saccade	n/a	62.9	350.2	n/a	113.7	300.5	2.4	222.0
228.56	0.182	fixation	n/a	107.9	301.6	4022.0	n/a	n/a	n/a	n/a
228.744	0.04	saccade	n/a	114.5	300.4	n/a	92.8	309.3	0.79	197.0
228.786	0.38	fixation	n/a	99.0	310.9	4183.0	n/a	n/a	n/a	n/a
228.936	0.0	trigger_15	15	n/a	n/a	n/a	n/a	n/a	n/a	n/a
228.99	0.0	trigger_10	10	n/a	n/a	n/a	n/a	n/a	n/a	n/a
229.168	0.034	saccade	n/a	102.8	309.6	n/a	118.1	194.5	4.02	207.0
229.204	0.23	fixation	n/a	126.5	196.1	4278.0	n/a	n/a	n/a	n/a
229.436	0.026	saccade	n/a	127.7	191.9	n/a	194.1	183.3	2.28	124.0
229.464	0.222	fixation	n/a	201.7	183.0	4325.0	n/a	n/a	n/a	n/a
229.688	0.03	saccade	n/a	201.8	185.1	n/a	300.2	190.5	3.41	181.0
229.72	0.232	fixation	n/a	304.6	184.8	4280.0	n/a	n/a	n/a	n/a
229.954	0.022	saccade	n/a	316.6	184.7	n/a	364.5	175.1	1.71	104.0
229.978	0.172	fixation	n/a	374.7	172.4	4254.0	n/a	n/a	n/a	n/a
230.152	0.024	saccade	n/a	380.3	176.1	n/a	448.5	182.5	2.4	132.0
230.178	0.264	fixation	n/a	454.3	186.3	4221.0	n/a	n/a	n/a	n/a
230.444	0.026	saccade	n/a	453.7	187.3	n/a	519.1	196.2	2.31	106.0
230.472	0.192	fixation	n/a	518.1	191.6	4149.0	n/a	n/a	n/a	n/a
230.666	0.06	saccade	n/a	514.2	188.4	n/a	122.1	246.0	13.62	387.0
230.728	0.024	fixation	n/a	114.3	254.9	4181.0	n/a	n/a	n/a	n/a
230.754	0.744	saccade	n/a	117.6	284.3	n/a	440.4	258.9	11.11	79.0
230.764	0.72	blink	n/a	n/a	n/a	n/a	n/a	n/a	n/a	n/a
231.5	0.23	fixation	n/a	463.1	241.1	3939.0	n/a	n/a	n/a	n/a
231.732	0.028	saccade	n/a	465.4	226.4	n/a	541.8	232.9	2.68	140.0
231.762	0.172	fixation	n/a	541.4	235.4	3852.0	n/a	n/a	n/a	n/a
231.936	0.024	saccade	n/a	544.2	240.6	n/a	608.1	249.2	2.24	131.0
231.962	0.21	fixation	n/a	611.2	251.2	3740.0	n/a	n/a	n/a	n/a
232.174	0.11	saccade	n/a	612.5	249.1	n/a	55.5	268.2	18.86	409.0
232.286	0.22	fixation	n/a	60.8	274.1	3369.0	n/a	n/a	n/a	n/a
232.508	0.058	saccade	n/a	62.3	279.2	n/a	270.0	298.0	7.06	311.0
232.568	0.084	fixation	n/a	259.1	295.2	3531.0	n/a	n/a	n/a	n/a
232.654	0.03	saccade	n/a	267.3	295.3	n/a	259.6	291.3	0.3	108.0
232.686	0.142	fixation	n/a	266.5	296.9	3568.0	n/a	n/a	n/a	n/a
232.83	0.038	saccade	n/a	270.7	302.2	n/a	405.0	302.4	4.66	228.0
232.87	0.194	fixation	n/a	412.6	301.5	3503.0	n/a	n/a	n/a	n/a
233.066	0.024	saccade	n/a	414.8	306.6	n/a	479.1	312.3	2.25	122.0
233.092	0.268	fixation	n/a	495.3	309.6	3420.0	n/a	n/a	n/a	n/a
233.362	0.132	saccade	n/a	495.3	317.2	n/a	162.3	189.2	12.31	300.0
233.496	0.024	fixation	n/a	145.6	190.9	3317.0	n/a	n/a	n/a	n/a
233.522	0.03	saccade	n/a	126.8	196.4	n/a	180.5	201.3	1.84	157.0
233.554	0.024	fixation	n/a	173.8	187.0	3339.0	n/a	n/a	n/a	n/a
233.58	0.016	saccade	n/a	165.4	173.3	n/a	194.4	184.0	1.06	98.0
233.598	0.084	fixation	n/a	182.9	179.9	3418.0	n/a	n/a	n/a	n/a
233.684	0.048	saccade	n/a	172.0	179.5	n/a	178.0	180.7	0.21	138.0
233.734	0.026	fixation	n/a	180.1	177.6	3415.0	n/a	n/a	n/a	n/a
233.762	0.08	saccade	n/a	170.9	169.0	n/a	328.5	181.4	5.45	211.0
233.844	0.364	fixation	n/a	336.1	188.1	3497.0	n/a	n/a	n/a	n/a
233.936	0.0	trigger_11	11	n/a	n/a	n/a	n/a	n/a	n/a	n/a
234.038	0.0	trigger_10	10	n/a	n/a	n/a	n/a	n/a	n/a	n/a
234.21	0.054	saccade	n/a	340.3	189.9	n/a	46.1	147.2	10.12	309.0
234.266	0.134	fixation	n/a	36.9	147.2	3439.0	n/a	n/a	n/a	n/a
234.402	0.094	saccade	n/a	24.2	146.7	n/a	40.7	149.2	0.55	97.0
234.498	0.034	fixation	n/a	54.6	147.8	3394.0	n/a	n/a	n/a	n/a
234.534	0.018	saccade	n/a	67.0	141.4	n/a	100.2	157.7	1.25	80.0
234.554	0.036	fixation	n/a	114.5	160.2	3347.0	n/a	n/a	n/a	n/a
234.592	0.022	saccade	n/a	134.0	163.8	n/a	166.5	183.8	1.31	118.0
234.616	0.08	fixation	n/a	148.0	175.6	3454.0	n/a	n/a	n/a	n/a
234.698	0.124	saccade	n/a	110.7	156.6	n/a	300.5	201.0	6.67	220.0
234.824	0.16	fixation	n/a	317.0	203.5	3563.0	n/a	n/a	n/a	n/a
234.986	0.156	saccade	n/a	325.9	201.2	n/a	435.6	229.0	3.95	1395.0
235.034	0.062	blink	n/a	n/a	n/a	n/a	n/a	n/a	n/a	n/a
235.144	0.164	fixation	n/a	428.2	207.3	3732.0	n/a	n/a	n/a	n/a
235.31	0.994	saccade	n/a	407.6	228.4	n/a	580.4	227.7	6.02	26.0
235.32	0.97	blink	n/a	n/a	n/a	n/a	n/a	n/a	n/a	n/a
236.306	0.056	fixation	n/a	578.4	217.9	3862.0	n/a	n/a	n/a	n/a
236.364	0.222	saccade	n/a	578.7	211.0	n/a	43.6	243.4	18.2	333.0
236.588	0.094	fixation	n/a	47.8	248.8	3693.0	n/a	n/a	n/a	n/a
236.684	0.04	saccade	n/a	44.8	245.5	n/a	180.0	237.3	4.56	160.0
236.726	0.034	fixation	n/a	187.4	239.3	3744.0	n/a	n/a	n/a	n/a
236.762	0.23	saccade	n/a	192.9	238.4	n/a	278.2	237.8	2.94	286.0
236.994	0.03	fixation	n/a	289.8	241.5	3802.0	n/a	n/a	n/a	n/a
237.026	0.046	saccade	n/a	295.7	248.4	n/a	292.2	250.3	0.14	422.0
237.074	0.088	fixation	n/a	294.9	251.8	3827.0	n/a	n/a	n/a	n/a
237.164	0.07	saccade	n/a	297.5	248.8	n/a	399.3	257.5	3.57	508.0
237.236	0.296	fixation	n/a	417.9	249.0	3979.0	n/a	n/a	n/a	n/a
237.534	1.238	saccade	n/a	417.1	267.0	n/a	369.4	201.1	2.87	26.0
237.544	1.214	blink	n/a	n/a	n/a	n/a	n/a	n/a	n/a	n/a
237.56	0.0	trigger_11	11	n/a	n/a	n/a	n/a	n/a	n/a	n/a
237.664	0.0	trigger_10	10	n/a	n/a	n/a	n/a	n/a	n/a	n/a
238.774	0.19	fixation	n/a	370.3	198.7	3785.0	n/a	n/a	n/a	n/a
238.966	0.02	saccade	n/a	375.4	185.4	n/a	415.2	183.0	1.4	84.0
238.988	0.176	fixation	n/a	429.4	177.0	3753.0	n/a	n/a	n/a	n/a
239.166	0.026	saccade	n/a	432.3	175.1	n/a	481.0	189.0	1.78	75.0
239.194	0.208	fixation	n/a	489.8	190.1	3818.0	n/a	n/a	n/a	n/a
239.404	0.02	saccade	n/a	494.9	194.3	n/a	529.7	191.4	1.22	72.0
239.426	0.214	fixation	n/a	543.4	197.2	3747.0	n/a	n/a	n/a	n/a
239.642	0.022	saccade	n/a	547.2	198.9	n/a	592.4	202.9	1.58	96.0
239.666	0.11	fixation	n/a	588.5	201.8	3726.0	n/a	n/a	n/a	n/a
239.778	0.122	saccade	n/a	589.6	201.2	n/a	94.7	245.3	16.96	381.0
239.902	0.244	fixation	n/a	61.2	241.5	3409.0	n/a	n/a	n/a	n/a
240.148	0.016	saccade	n/a	65.9	241.2	n/a	74.6	214.2	0.98	74.0
240.166	0.116	fixation	n/a	76.9	206.0	3147.0	n/a	n/a	n/a	n/a
240.284	0.026	saccade	n/a	76.5	200.6	n/a	98.2	212.8	0.84	93.0
240.312	0.036	fixation	n/a	81.5	205.3	3088.0	n/a	n/a	n/a	n/a
240.35	0.21	saccade	n/a	84.1	209.4	n/a	316.9	248.1	8.06	1335.0
240.388	0.07	blink	n/a	n/a	n/a	n/a	n/a	n/a	n/a	n/a
240.562	0.032	fixation	n/a	319.5	255.1	3359.0	n/a	n/a	n/a	n/a
240.596	0.026	saccade	n/a	309.6	250.3	n/a	321.9	246.1	0.45	103.0
240.624	0.094	fixation	n/a	324.2	241.7	3287.0	n/a	n/a	n/a	n/a
240.72	0.088	saccade	n/a	321.3	241.6	n/a	415.0	248.4	3.28	201.0
240.81	0.068	fixation	n/a	417.7	250.9	3112.0	n/a	n/a	n/a	n/a
240.88	0.088	saccade	n/a	419.6	263.5	n/a	418.2	236.9	0.94	129.0
240.97	0.052	fixation	n/a	424.6	247.4	3038.0	n/a	n/a	n/a	n/a
241.024	0.026	saccade	n/a	432.3	255.6	n/a	508.0	265.8	2.67	126.0
241.052	0.152	fixation	n/a	530.5	264.7	3163.0	n/a	n/a	n/a	n/a
241.206	0.02	saccade	n/a	539.6	282.0	n/a	583.0	274.4	1.53	106.0
241.228	0.176	fixation	n/a	595.5	270.3	3345.0	n/a	n/a	n/a	n/a
241.406	0.078	saccade	n/a	595.0	272.9	n/a	84.2	320.1	17.42	400.0
241.486	0.284	fixation	n/a	85.5	323.2	3094.0	n/a	n/a	n/a	n/a
241.772	0.014	saccade	n/a	87.3	324.1	n/a	109.0	314.2	0.8	60.0
241.788	0.054	fixation	n/a	137.5	312.7	2933.0	n/a	n/a	n/a	n/a
241.844	0.07	saccade	n/a	146.5	310.1	n/a	156.7	322.3	0.55	87.0
241.916	0.08	fixation	n/a	183.7	315.6	3070.0	n/a	n/a	n/a	n/a
241.998	0.294	saccade	n/a	200.5	320.8	n/a	184.4	310.5	0.66	319.0
242.064	0.0	trigger_11	11	n/a	n/a	n/a	n/a	n/a	n/a	n/a
242.168	0.0	trigger_10	10	n/a	n/a	n/a	n/a	n/a	n/a	n/a
242.294	0.022	fixation	n/a	179.6	313.3	3080.0	n/a	n/a	n/a	n/a
242.318	0.052	saccade	n/a	185.7	316.5	n/a	93.2	190.9	5.38	353.0
242.372	0.262	fixation	n/a	75.8	184.7	3205.0	n/a	n/a	n/a	n/a
242.636	0.024	saccade	n/a	78.4	184.8	n/a	122.2	138.2	2.2	131.0
242.662	0.036	fixation	n/a	125.1	128.3	3073.0	n/a	n/a	n/a	n/a
242.7	0.208	saccade	n/a	127.7	122.8	n/a	233.9	175.7	4.08	241.0
242.91	0.236	fixation	n/a	284.6	182.9	3485.0	n/a	n/a	n/a	n/a
243.148	0.03	saccade	n/a	311.4	190.2	n/a	390.2	188.9	2.75	118.0
243.18	0.244	fixation	n/a	403.0	191.0	3511.0	n/a	n/a	n/a	n/a
243.426	0.022	saccade	n/a	412.5	189.2	n/a	458.2	197.8	1.63	97.0
243.45	0.202	fixation	n/a	469.2	195.5	3574.0	n/a	n/a	n/a	n/a
243.654	0.026	saccade	n/a	474.1	196.2	n/a	543.8	212.5	2.5	118.0
243.682	0.252	fixation	n/a	564.2	209.2	3576.0	n/a	n/a	n/a	n/a
243.936	0.076	saccade	n/a	562.9	204.1	n/a	48.1	215.1	17.51	366.0
244.014	0.75	fixation	n/a	54.6	238.8	3128.0	n/a	n/a	n/a	n/a
244.504	0.0	trigger_11	11	n/a	n/a	n/a	n/a	n/a	n/a	n/a
244.608	0.0	trigger_10	10	n/a	n/a	n/a	n/a	n/a	n/a	n/a
244.766	0.032	saccade	n/a	54.9	246.7	n/a	36.2	186.1	2.18	117.0
244.8	0.222	fixation	n/a	51.7	187.5	3156.0	n/a	n/a	n/a	n/a
245.024	0.016	saccade	n/a	53.5	180.4	n/a	62.6	147.7	1.17	85.0
245.042	0.162	fixation	n/a	82.3	137.9	3149.0	n/a	n/a	n/a	n/a
245.206	0.178	saccade	n/a	90.1	135.4	n/a	254.0	204.1	6.09	1269.0
245.246	0.088	blink	n/a	n/a	n/a	n/a	n/a	n/a	n/a	n/a
245.386	0.172	fixation	n/a	243.0	181.9	3407.0	n/a	n/a	n/a	n/a
245.56	0.038	saccade	n/a	230.3	171.6	n/a	351.4	201.1	4.33	203.0
245.6	0.27	fixation	n/a	351.9	192.1	3400.0	n/a	n/a	n/a	n/a
245.872	0.068	saccade	n/a	354.4	191.7	n/a	436.6	198.0	2.88	207.0
245.942	0.2	fixation	n/a	455.2	195.4	3397.0	n/a	n/a	n/a	n/a
246.144	0.024	saccade	n/a	458.2	190.1	n/a	523.3	200.7	2.3	143.0
246.17	0.172	fixation	n/a	533.2	204.4	3526.0	n/a	n/a	n/a	n/a
246.344	0.022	saccade	n/a	540.1	196.3	n/a	591.9	205.7	1.83	107.0
246.368	0.588	fixation	n/a	615.4	215.9	3496.0	n/a	n/a	n/a	n/a
246.958	0.108	saccade	n/a	617.5	220.6	n/a	94.4	240.3	17.84	334.0
247.068	0.242	fixation	n/a	70.5	238.3	3185.0	n/a	n/a	n/a	n/a
247.312	0.066	saccade	n/a	73.1	240.6	n/a	261.2	253.2	6.41	417.0
247.38	0.02	fixation	n/a	260.0	248.7	3232.0	n/a	n/a	n/a	n/a
247.402	0.064	saccade	n/a	252.2	246.8	n/a	278.0	257.3	0.97	143.0
247.468	0.06	fixation	n/a	279.0	257.1	3290.0	n/a	n/a	n/a	n/a
247.53	0.112	saccade	n/a	286.5	263.7	n/a	397.3	255.0	3.87	209.0
247.644	0.432	fixation	n/a	402.9	256.4	3375.0	n/a	n/a	n/a	n/a
247.792	0.0	trigger_11	11	n/a	n/a	n/a	n/a	n/a	n/a	n/a
247.896	0.0	trigger_10	10	n/a	n/a	n/a	n/a	n/a	n/a	n/a
248.078	0.078	saccade	n/a	404.8	264.1	n/a	73.2	196.9	11.58	444.0
248.158	0.328	fixation	n/a	81.7	188.7	3386.0	n/a	n/a	n/a	n/a
248.488	0.03	saccade	n/a	92.2	187.6	n/a	214.8	191.1	4.17	230.0
248.52	0.128	fixation	n/a	219.7	186.8	3611.0	n/a	n/a	n/a	n/a
248.65	0.052	saccade	n/a	222.4	184.8	n/a	96.1	164.3	4.36	258.0
248.704	0.088	fixation	n/a	100.8	165.8	3633.0	n/a	n/a	n/a	n/a
248.794	0.014	saccade	n/a	107.8	170.4	n/a	86.5	160.8	0.79	67.0
248.81	0.052	fixation	n/a	85.5	158.5	3646.0	n/a	n/a	n/a	n/a
248.864	0.02	saccade	n/a	83.7	153.6	n/a	96.4	166.7	0.62	84.0
248.886	0.198	fixation	n/a	101.4	163.7	3731.0	n/a	n/a	n/a	n/a
249.086	0.024	saccade	n/a	95.7	163.2	n/a	73.9	156.1	0.77	98.0
249.112	0.038	fixation	n/a	90.1	162.6	3782.0	n/a	n/a	n/a	n/a
249.152	0.028	saccade	n/a	111.0	170.3	n/a	201.6	179.8	3.1	197.0
249.182	0.498	fixation	n/a	207.1	179.2	3942.0	n/a	n/a	n/a	n/a
249.682	0.036	saccade	n/a	211.4	180.3	n/a	200.5	170.9	0.5	123.0
249.72	0.024	fixation	n/a	204.7	174.3	4023.0	n/a	n/a	n/a	n/a
249.746	0.018	saccade	n/a	210.4	177.5	n/a	241.4	177.3	1.07	70.0
249.766	0.042	fixation	n/a	244.8	174.9	4023.0	n/a	n/a	n/a	n/a
249.81	0.014	saccade	n/a	245.5	170.6	n/a	273.2	176.0	0.98	81.0
249.826	0.22	fixation	n/a	287.7	175.9	4060.0	n/a	n/a	n/a	n/a
250.048	0.028	saccade	n/a	285.8	178.7	n/a	362.2	175.4	2.67	144.0
250.078	0.228	fixation	n/a	357.6	171.8	4240.0	n/a	n/a	n/a	n/a
250.308	0.026	saccade	n/a	359.8	170.3	n/a	429.3	174.9	2.44	115.0
250.336	0.24	fixation	n/a	437.2	176.6	4353.0	n/a	n/a	n/a	n/a
250.578	0.016	saccade	n/a	442.8	176.5	n/a	465.1	177.6	0.78	62.0
250.596	0.184	fixation	n/a	472.2	179.5	4401.0	n/a	n/a	n/a	n/a
250.782	0.022	saccade	n/a	477.3	182.5	n/a	523.7	191.6	1.66	103.0
250.806	0.114	fixation	n/a	530.2	197.2	4379.0	n/a	n/a	n/a	n/a
250.922	1.356	saccade	n/a	536.2	209.3	n/a	538.1	272.9	2.25	65.0
250.952	1.312	blink	n/a	n/a	n/a	n/a	n/a	n/a	n/a	n/a
252.28	0.026	fixation	n/a	538.5	262.8	4205.0	n/a	n/a	n/a	n/a
252.308	0.024	saccade	n/a	542.8	261.9	n/a	615.4	266.3	2.52	148.0
252.334	0.146	fixation	n/a	633.2	268.0	4134.0	n/a	n/a	n/a	n/a
252.482	0.078	saccade	n/a	636.9	265.1	n/a	184.0	300.6	15.53	445.0
252.562	0.104	fixation	n/a	188.9	293.6	4136.0	n/a	n/a	n/a	n/a
252.668	0.018	saccade	n/a	170.7	286.7	n/a	128.7	292.2	1.43	100.0
252.688	0.164	fixation	n/a	136.8	298.5	4100.0	n/a	n/a	n/a	n/a
252.854	0.028	saccade	n/a	127.4	298.4	n/a	216.4	286.4	3.05	166.0
252.884	0.192	fixation	n/a	231.5	297.1	4220.0	n/a	n/a	n/a	n/a
253.078	0.032	saccade	n/a	233.1	296.1	n/a	344.5	299.1	3.85	213.0
253.112	0.302	fixation	n/a	346.3	301.4	4291.0	n/a	n/a	n/a	n/a
253.416	0.026	saccade	n/a	344.6	299.6	n/a	412.0	299.3	2.34	150.0
253.444	0.23	fixation	n/a	413.4	305.9	4208.0	n/a	n/a	n/a	n/a
253.676	0.058	saccade	n/a	412.3	306.6	n/a	270.4	219.6	5.79	163.0
253.736	0.3	fixation	n/a	263.9	216.3	4156.0	n/a	n/a	n/a	n/a
253.77	0.0	trigger_11	11	n/a	n/a	n/a	n/a	n/a	n/a	n/a
253.874	0.0	trigger_10	10	n/a	n/a	n/a	n/a	n/a	n/a	n/a
254.038	0.034	saccade	n/a	265.4	218.8	n/a	150.8	191.8	4.04	218.0
254.074	0.176	fixation	n/a	159.5	188.4	4188.0	n/a	n/a	n/a	n/a
254.252	0.016	saccade	n/a	155.1	186.8	n/a	129.8	181.7	0.88	61.0
254.27	0.228	fixation	n/a	133.3	182.8	4215.0	n/a	n/a	n/a	n/a
254.5	0.048	saccade	n/a	132.2	181.5	n/a	278.0	183.1	5.0	158.0
254.55	0.202	fixation	n/a	276.4	186.9	4214.0	n/a	n/a	n/a	n/a
254.754	0.042	saccade	n/a	279.1	189.2	n/a	446.4	192.5	5.84	234.0
254.798	0.326	fixation	n/a	444.8	189.8	4260.0	n/a	n/a	n/a	n/a
255.126	0.026	saccade	n/a	445.2	192.1	n/a	500.8	203.0	1.99	117.0
255.154	0.21	fixation	n/a	497.6	198.1	4240.0	n/a	n/a	n/a	n/a
255.366	0.032	saccade	n/a	500.1	199.4	n/a	418.6	195.7	2.86	198.0
255.4	0.224	fixation	n/a	427.1	200.0	4250.0	n/a	n/a	n/a	n/a
255.626	0.036	saccade	n/a	427.4	204.9	n/a	593.0	206.0	5.78	260.0
255.664	0.246	fixation	n/a	598.9	208.5	4256.0	n/a	n/a	n/a	n/a
255.912	0.074	saccade	n/a	596.3	206.3	n/a	158.3	228.8	15.07	384.0
255.988	0.122	fixation	n/a	153.8	228.3	4240.0	n/a	n/a	n/a	n/a
256.112	0.014	saccade	n/a	142.1	227.8	n/a	118.4	235.6	0.85	66.0
256.128	0.138	fixation	n/a	125.2	238.2	4143.0	n/a	n/a	n/a	n/a
256.268	0.048	saccade	n/a	131.9	241.2	n/a	321.8	246.0	6.52	254.0
256.318	0.182	fixation	n/a	321.5	245.4	4187.0	n/a	n/a	n/a	n/a
256.502	0.028	saccade	n/a	316.4	241.3	n/a	391.6	240.9	2.62	124.0
256.532	0.25	fixation	n/a	403.4	242.5	4314.0	n/a	n/a	n/a	n/a
256.784	0.03	saccade	n/a	405.2	239.3	n/a	495.4	246.8	3.16	176.0
256.816	0.164	fixation	n/a	500.8	249.6	4316.0	n/a	n/a	n/a	n/a
256.982	0.158	saccade	n/a	498.1	252.6	n/a	595.8	277.7	3.51	1514.0
257.028	0.074	blink	n/a	n/a	n/a	n/a	n/a	n/a	n/a	n/a
257.142	0.19	fixation	n/a	599.3	265.2	4295.0	n/a	n/a	n/a	n/a
257.334	0.07	saccade	n/a	601.2	266.9	n/a	174.1	309.7	14.73	411.0
257.406	0.198	fixation	n/a	171.9	319.5	4155.0	n/a	n/a	n/a	n/a
257.606	0.034	saccade	n/a	160.5	314.2	n/a	67.1	306.1	3.15	188.0
257.642	0.3	fixation	n/a	90.0	313.1	3904.0	n/a	n/a	n/a	n/a
257.944	0.032	saccade	n/a	130.8	326.2	n/a	200.1	324.2	2.35	108.0
257.978	0.152	fixation	n/a	211.4	324.7	4053.0	n/a	n/a	n/a	n/a
258.132	0.026	saccade	n/a	213.3	320.1	n/a	275.9	310.5	2.18	107.0
258.16	0.67	fixation	n/a	278.8	318.7	3979.0	n/a	n/a	n/a	n/a
258.57	0.0	trigger_11	11	n/a	n/a	n/a	n/a	n/a	n/a	n/a
258.672	0.0	trigger_10	10	n/a	n/a	n/a	n/a	n/a	n/a	n/a
258.832	0.042	saccade	n/a	271.7	326.9	n/a	122.9	229.3	6.11	245.0
258.876	0.314	fixation	n/a	125.3	212.2	3985.0	n/a	n/a	n/a	n/a
259.192	0.026	saccade	n/a	131.5	202.7	n/a	214.7	197.3	2.85	148.0
259.22	0.164	fixation	n/a	230.4	195.2	4053.0	n/a	n/a	n/a	n/a
259.386	0.04	saccade	n/a	226.5	193.7	n/a	350.7	202.2	4.32	220.0
259.428	0.21	fixation	n/a	351.1	202.2	4122.0	n/a	n/a	n/a	n/a
259.64	0.032	saccade	n/a	357.4	201.9	n/a	464.7	206.7	3.76	161.0
259.674	0.188	fixation	n/a	474.0	208.5	4099.0	n/a	n/a	n/a	n/a
259.864	0.022	saccade	n/a	481.3	210.3	n/a	542.2	216.4	2.14	131.0
259.888	0.176	fixation	n/a	559.1	219.6	3998.0	n/a	n/a	n/a	n/a
260.066	0.098	saccade	n/a	563.8	220.6	n/a	89.7	241.8	16.17	389.0
260.166	0.198	fixation	n/a	81.2	240.7	3688.0	n/a	n/a	n/a	n/a
260.366	0.046	saccade	n/a	73.4	238.1	n/a	60.9	241.5	0.43	99.0
260.414	0.262	fixation	n/a	64.1	244.3	3613.0	n/a	n/a	n/a	n/a
260.678	0.022	saccade	n/a	80.5	249.9	n/a	50.2	243.7	1.03	102.0
260.702	0.036	fixation	n/a	47.6	242.7	3595.0	n/a	n/a	n/a	n/a
260.706	0.0	trigger_11	11	n/a	n/a	n/a	n/a	n/a	n/a	n/a
260.74	0.044	saccade	n/a	38.5	247.2	n/a	71.4	247.1	1.09	91.0
260.786	0.15	fixation	n/a	72.3	245.3	3619.0	n/a	n/a	n/a	n/a
260.81	0.0	trigger_10	10	n/a	n/a	n/a	n/a	n/a	n/a	n/a
260.938	0.016	saccade	n/a	72.3	248.7	n/a	102.5	247.0	1.01	79.0
260.956	0.03	fixation	n/a	87.1	244.1	3592.0	n/a	n/a	n/a	n/a
260.988	0.052	saccade	n/a	69.8	247.9	n/a	100.8	192.3	2.19	149.0
261.042	0.03	fixation	n/a	103.4	193.3	3615.0	n/a	n/a	n/a	n/a
261.074	0.018	saccade	n/a	94.5	190.9	n/a	61.9	185.5	1.11	78.0
261.094	0.106	fixation	n/a	86.1	189.9	3563.0	n/a	n/a	n/a	n/a
261.202	0.03	saccade	n/a	97.9	182.3	n/a	184.1	190.4	2.94	200.0
261.234	0.234	fixation	n/a	180.0	189.5	3692.0	n/a	n/a	n/a	n/a
261.47	0.024	saccade	n/a	186.7	184.4	n/a	252.9	177.7	2.29	133.0
261.496	0.03	fixation	n/a	262.2	181.6	3700.0	n/a	n/a	n/a	n/a
261.528	0.104	saccade	n/a	265.8	186.4	n/a	257.1	189.6	0.32	101.0
261.634	0.13	fixation	n/a	254.6	188.7	3531.0	n/a	n/a	n/a	n/a
261.766	0.032	saccade	n/a	267.6	190.7	n/a	403.6	194.4	4.74	224.0
261.8	0.298	fixation	n/a	434.8	198.8	3570.0	n/a	n/a	n/a	n/a
262.1	0.162	saccade	n/a	439.4	210.6	n/a	544.9	228.9	3.74	1315.0
262.15	0.068	blink	n/a	n/a	n/a	n/a	n/a	n/a	n/a	n/a
262.264	0.046	fixation	n/a	541.2	222.9	3601.0	n/a	n/a	n/a	n/a
262.312	0.024	saccade	n/a	540.9	218.6	n/a	597.2	220.5	1.96	117.0
262.338	0.45	fixation	n/a	600.8	221.4	3556.0	n/a	n/a	n/a	n/a
262.79	0.076	saccade	n/a	601.8	225.5	n/a	76.3	240.3	17.88	382.0
262.868	0.234	fixation	n/a	54.9	245.8	3180.0	n/a	n/a	n/a	n/a
263.104	0.15	saccade	n/a	59.8	250.6	n/a	188.1	248.3	4.34	152.0
263.256	0.022	fixation	n/a	196.6	250.1	3150.0	n/a	n/a	n/a	n/a
263.28	0.022	saccade	n/a	195.6	251.0	n/a	149.8	239.7	1.61	115.0
263.304	0.024	fixation	n/a	151.5	242.1	3120.0	n/a	n/a	n/a	n/a
263.33	0.098	saccade	n/a	155.6	243.3	n/a	324.2	256.0	5.8	332.0
263.43	0.1	fixation	n/a	306.5	254.7	3322.0	n/a	n/a	n/a	n/a
263.532	0.062	saccade	n/a	300.7	263.9	n/a	373.8	263.2	2.54	197.0
263.596	0.156	fixation	n/a	369.4	259.6	3488.0	n/a	n/a	n/a	n/a
263.754	0.036	saccade	n/a	369.1	261.7	n/a	465.3	266.1	3.36	172.0
263.792	0.222	fixation	n/a	464.2	258.8	3582.0	n/a	n/a	n/a	n/a
264.016	0.036	saccade	n/a	465.7	261.2	n/a	567.9	275.1	3.58	186.0
264.054	0.192	fixation	n/a	562.4	265.1	3673.0	n/a	n/a	n/a	n/a
264.248	0.03	saccade	n/a	564.3	265.6	n/a	478.1	211.4	3.56	184.0
264.28	0.188	fixation	n/a	478.9	207.2	3706.0	n/a	n/a	n/a	n/a
264.47	0.052	saccade	n/a	480.4	208.9	n/a	147.7	177.0	11.53	404.0
264.524	0.186	fixation	n/a	137.3	186.6	3525.0	n/a	n/a	n/a	n/a
264.712	0.018	saccade	n/a	139.7	188.1	n/a	120.7	187.0	0.65	83.0
264.732	0.042	fixation	n/a	142.9	192.0	3514.0	n/a	n/a	n/a	n/a
264.776	0.02	saccade	n/a	147.3	187.9	n/a	114.5	180.4	1.14	63.0
264.798	0.038	fixation	n/a	127.2	182.8	3494.0	n/a	n/a	n/a	n/a
264.838	0.03	saccade	n/a	142.3	188.1	n/a	252.5	194.2	3.78	224.0
264.87	0.438	fixation	n/a	262.9	196.4	3596.0	n/a	n/a	n/a	n/a
265.31	0.056	saccade	n/a	265.3	195.9	n/a	504.1	255.9	8.56	313.0
265.368	0.168	fixation	n/a	507.4	260.0	3680.0	n/a	n/a	n/a	n/a
265.538	0.028	saccade	n/a	508.6	260.1	n/a	590.2	272.8	2.87	171.0
265.568	0.128	fixation	n/a	588.7	271.9	3674.0	n/a	n/a	n/a	n/a
265.698	0.0	trigger_11	11	n/a	n/a	n/a	n/a	n/a	n/a	n/a
265.698	0.1	saccade	n/a	588.6	270.7	n/a	46.9	311.3	18.32	381.0
265.8	0.196	fixation	n/a	51.1	319.6	3355.0	n/a	n/a	n/a	n/a
265.806	0.0	trigger_10	10	n/a	n/a	n/a	n/a	n/a	n/a	n/a
265.998	0.04	saccade	n/a	54.6	331.6	n/a	30.2	198.9	4.62	172.0
266.04	0.196	fixation	n/a	46.8	192.5	3273.0	n/a	n/a	n/a	n/a
266.238	0.054	saccade	n/a	64.1	199.8	n/a	40.4	194.3	0.81	80.0
266.294	0.078	fixation	n/a	57.4	178.3	3277.0	n/a	n/a	n/a	n/a
266.374	0.228	saccade	n/a	82.3	165.8	n/a	267.1	194.6	6.38	259.0
266.604	0.218	fixation	n/a	275.1	194.1	3563.0	n/a	n/a	n/a	n/a
266.824	0.026	saccade	n/a	275.2	199.3	n/a	353.0	194.7	2.72	144.0
266.852	0.178	fixation	n/a	361.4	189.7	3679.0	n/a	n/a	n/a	n/a
267.032	0.022	saccade	n/a	364.0	187.3	n/a	407.0	184.0	1.51	90.0
267.056	0.208	fixation	n/a	415.2	179.2	3818.0	n/a	n/a	n/a	n/a
267.266	0.024	saccade	n/a	418.7	180.4	n/a	464.7	184.5	1.61	90.0
267.292	0.222	fixation	n/a	486.1	189.5	3777.0	n/a	n/a	n/a	n/a
267.516	0.026	saccade	n/a	493.1	191.1	n/a	564.4	205.3	2.54	124.0
267.544	0.288	fixation	n/a	568.7	204.7	3725.0	n/a	n/a	n/a	n/a
267.834	0.138	saccade	n/a	570.9	207.8	n/a	93.3	228.1	16.32	372.0
267.974	0.248	fixation	n/a	84.2	227.7	3412.0	n/a	n/a	n/a	n/a
268.224	0.226	saccade	n/a	85.3	232.3	n/a	227.4	270.4	5.0	1382.0
268.316	0.072	blink	n/a	n/a	n/a	n/a	n/a	n/a	n/a	n/a
268.452	0.188	fixation	n/a	227.5	254.2	3714.0	n/a	n/a	n/a	n/a
268.642	0.082	saccade	n/a	209.9	247.0	n/a	191.6	254.4	0.68	147.0
268.726	0.022	fixation	n/a	196.9	258.0	3606.0	n/a	n/a	n/a	n/a
268.75	0.078	saccade	n/a	193.6	256.4	n/a	151.8	243.7	1.49	133.0
268.83	0.052	fixation	n/a	158.0	247.9	3398.0	n/a	n/a	n/a	n/a
268.884	0.036	saccade	n/a	167.7	253.3	n/a	323.3	257.5	5.35	374.0
268.922	0.2	fixation	n/a	330.1	258.1	3457.0	n/a	n/a	n/a	n/a
269.124	0.03	saccade	n/a	328.8	261.8	n/a	422.4	262.3	3.26	177.0
269.156	0.222	fixation	n/a	423.3	268.2	3436.0	n/a	n/a	n/a	n/a
269.38	0.036	saccade	n/a	426.4	266.3	n/a	523.8	275.5	3.4	149.0
269.418	0.174	fixation	n/a	526.2	271.5	3444.0	n/a	n/a	n/a	n/a
269.594	0.02	saccade	n/a	529.9	269.7	n/a	568.2	268.3	1.33	87.0
269.616	0.17	fixation	n/a	575.6	269.7	3476.0	n/a	n/a	n/a	n/a
269.788	0.034	saccade	n/a	574.8	271.2	n/a	440.8	259.0	4.67	223.0
269.824	0.26	fixation	n/a	443.1	261.8	3298.0	n/a	n/a	n/a	n/a
270.086	0.03	saccade	n/a	444.2	265.8	n/a	550.2	278.9	3.72	190.0
270.118	0.324	fixation	n/a	560.5	272.9	3509.0	n/a	n/a	n/a	n/a
270.444	0.1	saccade	n/a	564.1	274.5	n/a	90.1	304.7	16.18	392.0
270.546	0.252	fixation	n/a	78.4	314.4	3200.0	n/a	n/a	n/a	n/a
270.8	0.016	saccade	n/a	91.3	307.5	n/a	122.0	299.8	1.06	84.0
270.818	0.172	fixation	n/a	121.1	306.1	2956.0	n/a	n/a	n/a	n/a
270.992	0.042	saccade	n/a	124.0	303.3	n/a	343.0	347.2	7.65	444.0
271.036	0.088	fixation	n/a	341.2	348.6	3212.0	n/a	n/a	n/a	n/a
271.126	0.098	saccade	n/a	344.8	344.1	n/a	429.1	313.0	3.13	259.0
271.226	0.268	fixation	n/a	440.3	311.4	3315.0	n/a	n/a	n/a	n/a
271.496	0.032	saccade	n/a	440.8	311.4	n/a	546.4	319.8	3.68	167.0
271.53	0.182	fixation	n/a	558.8	327.4	3559.0	n/a	n/a	n/a	n/a
271.714	0.026	saccade	n/a	560.3	319.4	n/a	633.6	321.2	2.52	138.0
271.742	0.3	fixation	n/a	649.0	329.7	3766.0	n/a	n/a	n/a	n/a
272.044	0.084	saccade	n/a	649.5	330.9	n/a	82.9	361.7	19.14	374.0
272.13	0.04	fixation	n/a	86.9	362.6	3729.0	n/a	n/a	n/a	n/a
272.172	0.03	saccade	n/a	101.5	372.1	n/a	43.5	349.4	2.07	156.0
272.204	0.242	fixation	n/a	40.0	355.1	3571.0	n/a	n/a	n/a	n/a
272.448	0.054	saccade	n/a	53.4	355.3	n/a	211.5	240.1	6.65	204.0
272.504	0.036	fixation	n/a	221.7	240.8	3720.0	n/a	n/a	n/a	n/a
272.54	0.0	trigger_11	11	n/a	n/a	n/a	n/a	n/a	n/a	n/a
272.542	0.032	saccade	n/a	220.8	242.0	n/a	210.6	235.7	0.41	120.0
272.576	0.088	fixation	n/a	224.2	237.5	3769.0	n/a	n/a	n/a	n/a
272.642	0.0	trigger_10	10	n/a	n/a	n/a	n/a	n/a	n/a	n/a
272.666	0.026	saccade	n/a	228.7	232.0	n/a	211.0	231.1	0.61	101.0
272.694	0.114	fixation	n/a	227.7	236.6	3832.0	n/a	n/a	n/a	n/a
272.81	0.08	saccade	n/a	234.6	240.8	n/a	120.0	194.1	4.24	232.0
272.892	0.172	fixation	n/a	120.9	193.2	3947.0	n/a	n/a	n/a	n/a
273.066	0.024	saccade	n/a	122.3	197.4	n/a	180.6	191.1	2.0	118.0
273.092	0.226	fixation	n/a	189.0	190.2	4000.0	n/a	n/a	n/a	n/a
273.32	0.028	saccade	n/a	193.2	193.4	n/a	264.1	185.0	2.47	120.0
273.35	0.206	fixation	n/a	269.0	189.7	3918.0	n/a	n/a	n/a	n/a
273.558	0.036	saccade	n/a	268.8	196.0	n/a	372.8	207.0	3.64	143.0
273.596	0.244	fixation	n/a	377.3	203.1	3918.0	n/a	n/a	n/a	n/a
273.842	0.024	saccade	n/a	380.2	198.6	n/a	334.1	196.6	1.62	111.0
273.868	0.086	fixation	n/a	343.8	195.0	3939.0	n/a	n/a	n/a	n/a
273.956	0.032	saccade	n/a	348.7	194.9	n/a	475.0	203.3	4.43	194.0
273.99	0.18	fixation	n/a	483.7	200.0	3984.0	n/a	n/a	n/a	n/a
274.172	0.02	saccade	n/a	483.8	193.4	n/a	518.8	202.1	1.26	82.0
274.194	0.272	fixation	n/a	558.1	203.6	4032.0	n/a	n/a	n/a	n/a
274.468	0.018	saccade	n/a	566.1	202.8	n/a	590.0	205.1	0.83	53.0
274.488	0.196	fixation	n/a	599.1	204.7	3982.0	n/a	n/a	n/a	n/a
274.686	0.076	saccade	n/a	603.2	206.6	n/a	144.5	256.4	15.81	364.0
274.764	0.12	fixation	n/a	137.3	252.9	3933.0	n/a	n/a	n/a	n/a
274.886	0.028	saccade	n/a	117.9	251.2	n/a	132.8	261.1	0.61	94.0
274.916	0.056	fixation	n/a	128.5	259.9	3831.0	n/a	n/a	n/a	n/a
274.974	0.082	saccade	n/a	122.5	256.9	n/a	218.3	255.5	3.26	170.0
275.058	0.056	fixation	n/a	206.5	251.3	3826.0	n/a	n/a	n/a	n/a
275.116	0.036	saccade	n/a	217.0	254.7	n/a	215.1	253.3	0.08	120.0
275.154	0.122	fixation	n/a	210.1	252.7	3806.0	n/a	n/a	n/a	n/a
275.278	0.034	saccade	n/a	217.9	250.9	n/a	326.7	259.4	3.77	182.0
275.314	0.18	fixation	n/a	320.2	255.3	3811.0	n/a	n/a	n/a	n/a
275.496	0.03	saccade	n/a	324.6	254.2	n/a	431.1	248.7	3.71	188.0
275.528	0.26	fixation	n/a	439.1	252.0	3935.0	n/a	n/a	n/a	n/a
275.79	0.02	saccade	n/a	443.0	252.3	n/a	483.4	252.5	1.41	90.0
275.812	0.728	fixation	n/a	480.1	249.8	4044.0	n/a	n/a	n/a	n/a
276.542	0.206	saccade	n/a	470.9	268.4	n/a	179.4	218.0	10.24	1568.0
276.59	0.11	blink	n/a	n/a	n/a	n/a	n/a	n/a	n/a	n/a
276.75	0.216	fixation	n/a	180.7	201.4	3991.0	n/a	n/a	n/a	n/a
276.968	0.024	saccade	n/a	178.5	195.4	n/a	119.0	204.8	2.05	135.0
276.994	0.288	fixation	n/a	116.8	195.5	3841.0	n/a	n/a	n/a	n/a
277.284	0.024	saccade	n/a	115.8	194.2	n/a	93.7	199.6	0.77	80.0
277.31	0.152	fixation	n/a	110.0	196.6	3795.0	n/a	n/a	n/a	n/a
277.464	0.014	saccade	n/a	93.3	195.9	n/a	118.8	201.5	0.88	69.0
277.48	0.114	fixation	n/a	121.2	199.4	3862.0	n/a	n/a	n/a	n/a
277.53	0.0	trigger_11	11	n/a	n/a	n/a	n/a	n/a	n/a	n/a
277.596	0.036	saccade	n/a	122.8	202.1	n/a	118.2	199.4	0.18	144.0
277.632	0.0	trigger_20	20	n/a	n/a	n/a	n/a	n/a	n/a	n/a
277.634	0.436	fixation	n/a	128.7	201.6	3985.0	n/a	n/a	n/a	n/a
278.072	0.064	saccade	n/a	135.4	205.4	n/a	268.9	211.6	4.58	173.0
