onset	duration	trial_type	value	gaze_x	gaze_y	pupil_size	sacc_endx	sacc_endy	sacc_amplitude	sacc_peakvel
0.013	0.206	fixation	n/a	252.9	287.8	4415.0	n/a	n/a	n/a	n/a
0.221	0.054	saccade	n/a	259.3	291.8	n/a	198.6	123.8	6.52	207.0
0.277	0.496	fixation	n/a	209.5	125.3	4275.0	n/a	n/a	n/a	n/a
0.775	0.028	saccade	n/a	208.7	120.6	n/a	240.1	64.5	2.33	106.0
0.805	0.474	fixation	n/a	248.5	50.9	4553.0	n/a	n/a	n/a	n/a
1.281	0.184	saccade	n/a	246.2	59.6	n/a	247.9	60.8	0.07	1758.0
1.329	0.086	blink	n/a	n/a	n/a	n/a	n/a	n/a	n/a	n/a
1.467	1.104	fixation	n/a	240.6	55.5	4656.0	n/a	n/a	n/a	n/a
2.062	0.0	trigger_110	110	n/a	n/a	n/a	n/a	n/a	n/a	n/a
2.573	0.032	saccade	n/a	241.7	58.3	n/a	243.4	162.9	3.82	159.0
2.607	0.248	fixation	n/a	254.7	181.1	4917.0	n/a	n/a	n/a	n/a
2.857	0.024	saccade	n/a	249.6	179.4	n/a	230.0	137.2	1.69	104.0
2.883	0.6	fixation	n/a	240.6	138.8	4643.0	n/a	n/a	n/a	n/a
3.485	0.032	saccade	n/a	244.8	153.2	n/a	342.3	187.8	3.73	163.0
3.519	0.34	fixation	n/a	349.9	194.8	4622.0	n/a	n/a	n/a	n/a
3.861	0.022	saccade	n/a	348.1	191.0	n/a	307.9	186.1	1.47	102.0
3.885	0.356	fixation	n/a	284.3	172.6	4363.0	n/a	n/a	n/a	n/a
4.078	0.0	trigger_10	10	n/a	n/a	n/a	n/a	n/a	n/a	n/a
4.243	0.032	saccade	n/a	286.4	172.1	n/a	178.0	185.1	3.89	239.0
4.277	0.064	fixation	n/a	185.9	183.6	4355.0	n/a	n/a	n/a	n/a
4.343	0.022	saccade	n/a	185.9	183.7	n/a	153.2	173.3	1.22	94.0
4.367	0.218	fixation	n/a	161.4	172.5	4381.0	n/a	n/a	n/a	n/a
4.587	0.022	saccade	n/a	163.4	173.5	n/a	199.7	178.1	1.3	70.0
4.611	0.396	fixation	n/a	211.6	179.7	4344.0	n/a	n/a	n/a	n/a
5.009	0.014	saccade	n/a	216.6	178.7	n/a	232.5	180.6	0.57	46.0
5.025	0.25	fixation	n/a	250.1	180.5	4232.0	n/a	n/a	n/a	n/a
5.277	0.024	saccade	n/a	252.4	178.8	n/a	301.4	177.7	1.76	96.0
5.303	0.142	fixation	n/a	314.0	177.3	4233.0	n/a	n/a	n/a	n/a
5.447	0.028	saccade	n/a	316.5	175.9	n/a	405.7	175.5	3.23	167.0
5.477	0.208	fixation	n/a	410.1	177.7	4250.0	n/a	n/a	n/a	n/a
5.687	0.022	saccade	n/a	411.6	178.3	n/a	448.2	182.4	1.33	82.0
5.711	0.15	fixation	n/a	452.0	180.1	4175.0	n/a	n/a	n/a	n/a
5.863	0.032	saccade	n/a	451.3	180.1	n/a	335.2	183.1	4.21	228.0
5.897	0.236	fixation	n/a	336.8	184.3	4091.0	n/a	n/a	n/a	n/a
6.135	0.172	saccade	n/a	337.8	195.6	n/a	467.2	213.7	4.73	1431.0
6.177	0.074	blink	n/a	n/a	n/a	n/a	n/a	n/a	n/a	n/a
6.309	0.138	fixation	n/a	468.8	203.6	4034.0	n/a	n/a	n/a	n/a
6.449	0.032	saccade	n/a	486.0	199.3	n/a	561.9	189.1	2.77	140.0
6.483	0.174	fixation	n/a	557.1	195.2	4029.0	n/a	n/a	n/a	n/a
6.659	0.02	saccade	n/a	552.5	191.5	n/a	591.8	189.1	1.41	97.0
6.681	0.154	fixation	n/a	591.3	194.6	3953.0	n/a	n/a	n/a	n/a
6.837	0.07	saccade	n/a	594.0	190.9	n/a	139.5	238.9	16.21	393.0
6.909	0.226	fixation	n/a	141.8	242.5	3941.0	n/a	n/a	n/a	n/a
7.137	0.024	saccade	n/a	141.6	239.2	n/a	202.8	233.2	2.17	136.0
7.163	0.234	fixation	n/a	219.5	239.9	3874.0	n/a	n/a	n/a	n/a
7.399	0.018	saccade	n/a	232.7	240.0	n/a	261.4	241.4	1.03	66.0
7.419	0.178	fixation	n/a	294.2	237.9	3932.0	n/a	n/a	n/a	n/a
7.599	0.028	saccade	n/a	296.6	229.5	n/a	365.7	236.3	2.51	136.0
7.629	0.182	fixation	n/a	360.4	234.9	4026.0	n/a	n/a	n/a	n/a
7.813	0.028	saccade	n/a	355.8	229.4	n/a	428.7	232.3	2.64	135.0
7.843	0.192	fixation	n/a	426.1	234.7	4067.0	n/a	n/a	n/a	n/a
8.037	0.028	saccade	n/a	422.4	231.0	n/a	504.8	238.0	3.0	145.0
8.067	0.194	fixation	n/a	511.2	239.2	4069.0	n/a	n/a	n/a	n/a
8.263	0.02	saccade	n/a	512.7	237.1	n/a	549.7	237.0	1.34	85.0
8.285	0.182	fixation	n/a	556.0	233.9	3990.0	n/a	n/a	n/a	n/a
8.469	0.068	saccade	n/a	554.6	233.8	n/a	121.4	312.4	15.6	422.0
8.539	0.4	fixation	n/a	117.4	319.2	3950.0	n/a	n/a	n/a	n/a
8.941	0.028	saccade	n/a	109.1	322.5	n/a	159.8	257.8	2.94	142.0
8.971	0.24	fixation	n/a	173.5	240.4	3963.0	n/a	n/a	n/a	n/a
9.213	0.026	saccade	n/a	176.2	240.9	n/a	249.3	222.6	2.69	147.0
9.241	0.274	fixation	n/a	274.7	232.3	4054.0	n/a	n/a	n/a	n/a
9.517	0.028	saccade	n/a	275.9	231.7	n/a	214.9	187.6	2.71	132.0
9.547	0.17	fixation	n/a	206.1	185.2	4085.0	n/a	n/a	n/a	n/a
9.719	0.024	saccade	n/a	209.0	187.1	n/a	157.0	199.2	1.9	112.0
9.745	0.144	fixation	n/a	151.8	198.5	4087.0	n/a	n/a	n/a	n/a
9.891	0.044	saccade	n/a	151.4	198.0	n/a	319.6	186.9	6.01	231.0
9.937	0.246	fixation	n/a	318.6	187.6	4069.0	n/a	n/a	n/a	n/a
10.185	0.028	saccade	n/a	316.1	186.2	n/a	405.9	176.8	3.26	160.0
10.215	0.228	fixation	n/a	431.0	177.0	3972.0	n/a	n/a	n/a	n/a
10.396	0.0	trigger_11	11	n/a	n/a	n/a	n/a	n/a	n/a	n/a
10.445	0.042	saccade	n/a	433.3	174.5	n/a	265.0	180.2	6.07	196.0
10.489	0.222	fixation	n/a	255.3	183.0	3893.0	n/a	n/a	n/a	n/a
10.494	0.0	trigger_12	12	n/a	n/a	n/a	n/a	n/a	n/a	n/a
10.713	0.034	saccade	n/a	257.8	182.6	n/a	150.8	191.3	3.81	213.0
10.749	0.096	fixation	n/a	155.1	191.2	3886.0	n/a	n/a	n/a	n/a
10.847	0.014	saccade	n/a	152.1	194.1	n/a	133.5	192.6	0.66	55.0
10.863	0.204	fixation	n/a	136.4	191.2	3968.0	n/a	n/a	n/a	n/a
11.069	0.024	saccade	n/a	138.0	186.1	n/a	204.1	177.3	2.36	138.0
11.095	0.156	fixation	n/a	208.7	176.1	4109.0	n/a	n/a	n/a	n/a
11.253	0.022	saccade	n/a	211.1	173.2	n/a	261.8	173.1	1.81	114.0
11.277	0.21	fixation	n/a	272.3	174.1	4120.0	n/a	n/a	n/a	n/a
11.489	0.02	saccade	n/a	274.9	172.7	n/a	313.6	170.1	1.4	88.0
11.511	0.726	fixation	n/a	313.7	170.7	4075.0	n/a	n/a	n/a	n/a
12.239	0.024	saccade	n/a	304.3	170.7	n/a	247.3	178.2	2.06	117.0
12.265	0.392	fixation	n/a	256.3	183.3	4049.0	n/a	n/a	n/a	n/a
12.659	0.018	saccade	n/a	263.5	183.0	n/a	287.1	178.5	0.86	58.0
12.679	0.156	fixation	n/a	292.2	179.7	4123.0	n/a	n/a	n/a	n/a
12.837	0.152	saccade	n/a	289.7	183.7	n/a	351.1	196.2	2.26	1410.0
12.881	0.046	blink	n/a	n/a	n/a	n/a	n/a	n/a	n/a	n/a
12.991	0.654	fixation	n/a	351.7	183.1	4058.0	n/a	n/a	n/a	n/a
13.647	0.014	saccade	n/a	373.7	183.6	n/a	389.5	174.7	0.66	53.0
13.663	0.238	fixation	n/a	392.1	167.7	3874.0	n/a	n/a	n/a	n/a
13.903	0.052	saccade	n/a	394.2	176.6	n/a	171.8	191.8	7.98	276.0
13.957	0.24	fixation	n/a	176.7	192.4	3852.0	n/a	n/a	n/a	n/a
14.199	0.036	saccade	n/a	180.9	191.8	n/a	316.5	180.6	4.87	228.0
14.237	0.238	fixation	n/a	322.8	178.5	3897.0	n/a	n/a	n/a	n/a
14.477	0.02	saccade	n/a	326.7	172.9	n/a	363.4	169.3	1.33	89.0
14.499	0.206	fixation	n/a	373.3	168.9	3997.0	n/a	n/a	n/a	n/a
14.707	0.04	saccade	n/a	376.2	171.8	n/a	171.1	189.8	7.37	318.0
14.748	0.0	trigger_13	13	n/a	n/a	n/a	n/a	n/a	n/a	n/a
14.749	0.216	fixation	n/a	170.1	191.0	4007.0	n/a	n/a	n/a	n/a
14.804	0.0	trigger_10	10	n/a	n/a	n/a	n/a	n/a	n/a	n/a
14.967	0.02	saccade	n/a	165.8	192.6	n/a	132.7	191.5	1.16	84.0
14.989	0.738	fixation	n/a	138.5	191.4	4140.0	n/a	n/a	n/a	n/a
15.729	0.024	saccade	n/a	145.8	191.9	n/a	203.5	188.0	2.05	114.0
15.755	0.176	fixation	n/a	210.7	189.8	4041.0	n/a	n/a	n/a	n/a
15.933	0.022	saccade	n/a	218.5	191.5	n/a	260.6	185.2	1.52	96.0
15.957	0.19	fixation	n/a	271.4	185.3	4023.0	n/a	n/a	n/a	n/a
16.149	0.022	saccade	n/a	273.1	187.8	n/a	312.8	189.1	1.43	81.0
16.173	0.18	fixation	n/a	328.6	190.5	3988.0	n/a	n/a	n/a	n/a
16.355	0.026	saccade	n/a	332.9	190.3	n/a	408.3	188.5	2.73	139.0
16.383	0.178	fixation	n/a	424.3	191.8	3889.0	n/a	n/a	n/a	n/a
16.563	0.03	saccade	n/a	424.2	188.7	n/a	524.0	195.3	3.62	157.0
16.595	0.33	fixation	n/a	531.9	190.2	3857.0	n/a	n/a	n/a	n/a
16.927	0.064	saccade	n/a	535.6	188.6	n/a	146.2	256.8	14.08	399.0
16.993	0.27	fixation	n/a	153.6	257.7	3875.0	n/a	n/a	n/a	n/a
17.265	0.032	saccade	n/a	154.6	257.3	n/a	263.2	245.7	3.88	154.0
17.299	0.226	fixation	n/a	269.5	242.1	3983.0	n/a	n/a	n/a	n/a
17.527	0.036	saccade	n/a	270.7	240.1	n/a	417.4	238.1	5.29	240.0
17.565	0.144	fixation	n/a	420.4	234.3	4139.0	n/a	n/a	n/a	n/a
17.711	0.036	saccade	n/a	420.2	235.7	n/a	518.3	236.0	3.55	142.0
17.749	0.348	fixation	n/a	507.9	233.1	4162.0	n/a	n/a	n/a	n/a
18.099	0.024	saccade	n/a	506.3	234.4	n/a	552.4	236.7	1.66	87.0
18.125	0.63	fixation	n/a	565.1	238.7	4175.0	n/a	n/a	n/a	n/a
18.757	0.2	saccade	n/a	563.2	245.6	n/a	571.0	234.4	0.5	1246.0
18.799	0.1	blink	n/a	n/a	n/a	n/a	n/a	n/a	n/a	n/a
18.959	0.192	fixation	n/a	574.1	232.2	4202.0	n/a	n/a	n/a	n/a
19.153	0.024	saccade	n/a	573.7	237.1	n/a	629.8	237.8	2.01	112.0
19.179	0.69	fixation	n/a	636.8	242.7	4259.0	n/a	n/a	n/a	n/a
19.871	0.08	saccade	n/a	648.2	249.4	n/a	159.9	289.3	17.35	348.0
19.953	0.11	fixation	n/a	167.7	290.9	4301.0	n/a	n/a	n/a	n/a
20.065	0.022	saccade	n/a	168.6	297.1	n/a	118.6	310.7	1.82	128.0
20.089	0.2	fixation	n/a	121.2	312.0	4203.0	n/a	n/a	n/a	n/a
20.291	0.024	saccade	n/a	126.7	309.3	n/a	176.8	303.5	1.77	95.0
20.317	0.258	fixation	n/a	192.7	303.9	4065.0	n/a	n/a	n/a	n/a
20.577	0.026	saccade	n/a	202.3	307.2	n/a	246.1	303.3	1.57	80.0
20.605	0.704	fixation	n/a	278.7	299.7	3916.0	n/a	n/a	n/a	n/a
21.311	0.024	saccade	n/a	284.7	299.2	n/a	354.9	290.9	2.54	151.0
21.337	0.252	fixation	n/a	364.3	293.7	3805.0	n/a	n/a	n/a	n/a
21.591	0.016	saccade	n/a	367.7	294.7	n/a	390.4	296.7	0.82	60.0
21.609	0.522	fixation	n/a	405.4	307.3	3774.0	n/a	n/a	n/a	n/a
22.133	0.034	saccade	n/a	412.8	311.8	n/a	503.2	314.8	3.27	146.0
22.169	0.33	fixation	n/a	503.4	303.7	3758.0	n/a	n/a	n/a	n/a
22.501	0.026	saccade	n/a	507.7	303.6	n/a	565.1	313.5	2.1	93.0
22.529	0.364	fixation	n/a	572.6	311.4	3692.0	n/a	n/a	n/a	n/a
22.895	0.084	saccade	n/a	570.0	308.9	n/a	142.5	380.2	15.35	273.0
22.981	0.456	fixation	n/a	138.7	379.9	3661.0	n/a	n/a	n/a	n/a
23.439	0.022	saccade	n/a	134.8	381.2	n/a	178.8	374.9	1.55	100.0
23.463	0.518	fixation	n/a	207.4	376.7	3688.0	n/a	n/a	n/a	n/a
23.983	0.022	saccade	n/a	232.9	371.4	n/a	273.4	371.1	1.44	79.0
24.007	0.212	fixation	n/a	272.8	367.8	3806.0	n/a	n/a	n/a	n/a
24.221	0.05	saccade	n/a	271.4	363.4	n/a	152.2	189.1	7.6	235.0
24.273	0.158	fixation	n/a	156.2	188.2	3878.0	n/a	n/a	n/a	n/a
24.433	0.014	saccade	n/a	155.3	190.3	n/a	138.5	188.1	0.6	49.0
24.449	0.26	fixation	n/a	136.6	183.6	3986.0	n/a	n/a	n/a	n/a
24.711	0.026	saccade	n/a	133.3	177.6	n/a	213.7	174.0	2.84	161.0
24.739	0.22	fixation	n/a	219.9	176.7	4105.0	n/a	n/a	n/a	n/a
24.961	0.022	saccade	n/a	222.2	179.0	n/a	266.2	171.4	1.6	100.0
24.985	0.224	fixation	n/a	276.1	169.8	4183.0	n/a	n/a	n/a	n/a
25.211	0.024	saccade	n/a	276.6	172.7	n/a	327.3	171.2	1.82	106.0
25.237	0.188	fixation	n/a	341.0	172.9	4128.0	n/a	n/a	n/a	n/a
25.427	0.022	saccade	n/a	343.6	173.4	n/a	379.6	176.5	1.31	78.0
25.451	0.28	fixation	n/a	389.1	175.3	4050.0	n/a	n/a	n/a	n/a
25.733	0.186	saccade	n/a	385.0	183.2	n/a	423.5	180.4	1.4	1514.0
25.779	0.086	blink	n/a	n/a	n/a	n/a	n/a	n/a	n/a	n/a
25.921	0.344	fixation	n/a	426.3	181.3	3899.0	n/a	n/a	n/a	n/a
26.267	0.014	saccade	n/a	441.8	182.7	n/a	457.8	178.2	0.61	46.0
26.283	0.16	fixation	n/a	472.5	179.6	3780.0	n/a	n/a	n/a	n/a
26.445	0.024	saccade	n/a	474.3	173.5	n/a	529.6	182.4	2.03	107.0
26.471	0.876	fixation	n/a	542.5	177.4	3896.0	n/a	n/a	n/a	n/a
27.349	0.074	saccade	n/a	564.2	183.1	n/a	118.9	239.0	15.95	390.0
27.425	0.238	fixation	n/a	127.2	238.6	4122.0	n/a	n/a	n/a	n/a
27.665	0.026	saccade	n/a	130.2	231.8	n/a	218.6	228.4	3.13	176.0
27.693	0.38	fixation	n/a	230.9	235.5	4181.0	n/a	n/a	n/a	n/a
28.075	0.026	saccade	n/a	225.9	234.7	n/a	291.4	236.8	2.34	127.0
28.103	0.188	fixation	n/a	311.0	231.2	4155.0	n/a	n/a	n/a	n/a
28.293	0.036	saccade	n/a	310.8	224.3	n/a	177.6	234.3	4.77	260.0
28.331	0.426	fixation	n/a	188.6	229.8	4128.0	n/a	n/a	n/a	n/a
28.759	0.046	saccade	n/a	200.9	227.3	n/a	279.4	223.6	2.81	106.0
28.807	0.318	fixation	n/a	281.0	229.2	4236.0	n/a	n/a	n/a	n/a
29.127	0.028	saccade	n/a	277.5	233.4	n/a	349.4	221.0	2.64	126.0
29.157	0.186	fixation	n/a	370.7	224.2	4184.0	n/a	n/a	n/a	n/a
29.345	0.146	saccade	n/a	368.8	231.5	n/a	500.5	245.9	4.8	1371.0
29.391	0.054	blink	n/a	n/a	n/a	n/a	n/a	n/a	n/a	n/a
29.493	0.4	fixation	n/a	506.2	231.7	4178.0	n/a	n/a	n/a	n/a
29.895	0.022	saccade	n/a	514.2	232.1	n/a	560.3	243.7	1.72	99.0
29.919	1.164	fixation	n/a	586.0	240.6	3970.0	n/a	n/a	n/a	n/a
31.085	0.028	saccade	n/a	582.2	237.3	n/a	641.5	252.8	2.2	95.0
31.115	0.746	fixation	n/a	650.2	245.8	4060.0	n/a	n/a	n/a	n/a
31.863	0.026	saccade	n/a	655.6	245.9	n/a	582.4	257.9	2.66	151.0
31.891	0.208	fixation	n/a	543.4	258.2	4111.0	n/a	n/a	n/a	n/a
32.101	0.052	saccade	n/a	541.3	259.0	n/a	317.3	267.7	8.09	250.0
32.155	0.168	fixation	n/a	309.9	270.0	4231.0	n/a	n/a	n/a	n/a
32.325	0.04	saccade	n/a	310.7	271.7	n/a	132.0	299.2	6.44	290.0
32.367	0.31	fixation	n/a	128.9	300.8	4188.0	n/a	n/a	n/a	n/a
32.679	0.02	saccade	n/a	129.0	304.1	n/a	166.4	301.0	1.32	84.0
32.701	0.278	fixation	n/a	192.1	297.6	4118.0	n/a	n/a	n/a	n/a
32.981	0.022	saccade	n/a	193.6	295.5	n/a	229.0	287.9	1.29	73.0
33.005	0.668	fixation	n/a	258.4	291.0	4019.0	n/a	n/a	n/a	n/a
33.675	0.03	saccade	n/a	267.7	295.6	n/a	346.1	294.6	2.82	120.0
33.707	0.254	fixation	n/a	364.8	294.0	3977.0	n/a	n/a	n/a	n/a
33.963	0.022	saccade	n/a	367.4	295.9	n/a	403.5	299.6	1.31	78.0
33.987	0.416	fixation	n/a	406.6	303.5	3955.0	n/a	n/a	n/a	n/a
34.405	0.026	saccade	n/a	409.8	301.7	n/a	476.3	304.5	2.41	116.0
34.433	0.266	fixation	n/a	495.1	309.5	3926.0	n/a	n/a	n/a	n/a
34.701	0.024	saccade	n/a	497.5	308.0	n/a	545.4	301.4	1.74	91.0
34.727	0.196	fixation	n/a	551.5	299.2	3845.0	n/a	n/a	n/a	n/a
34.925	0.062	saccade	n/a	551.5	298.4	n/a	209.1	370.5	12.53	351.0
34.989	0.298	fixation	n/a	216.3	373.5	3859.0	n/a	n/a	n/a	n/a
35.289	0.022	saccade	n/a	210.5	372.6	n/a	172.1	377.2	1.36	83.0
35.313	0.09	fixation	n/a	179.1	377.2	3828.0	n/a	n/a	n/a	n/a
35.405	0.024	saccade	n/a	175.2	376.5	n/a	132.2	382.8	1.52	110.0
35.431	0.206	fixation	n/a	144.4	378.8	3832.0	n/a	n/a	n/a	n/a
35.639	0.03	saccade	n/a	149.3	374.8	n/a	225.7	364.2	2.73	134.0
35.671	0.236	fixation	n/a	228.0	358.3	3967.0	n/a	n/a	n/a	n/a
35.909	0.028	saccade	n/a	233.2	358.5	n/a	312.8	360.8	2.84	142.0
35.939	0.166	fixation	n/a	314.9	359.7	4047.0	n/a	n/a	n/a	n/a
36.107	0.026	saccade	n/a	316.7	359.7	n/a	386.5	353.1	2.52	135.0
36.135	0.152	fixation	n/a	394.1	353.1	4098.0	n/a	n/a	n/a	n/a
36.289	0.018	saccade	n/a	397.8	354.6	n/a	425.1	354.9	0.99	71.0
36.309	0.196	fixation	n/a	424.5	353.5	4116.0	n/a	n/a	n/a	n/a
36.507	0.052	saccade	n/a	423.0	355.1	n/a	418.2	167.6	6.87	252.0
36.561	0.242	fixation	n/a	420.6	175.9	4000.0	n/a	n/a	n/a	n/a
36.805	0.042	saccade	n/a	431.7	177.3	n/a	279.3	187.4	5.52	231.0
36.849	0.302	fixation	n/a	280.7	188.6	4006.0	n/a	n/a	n/a	n/a
37.153	0.04	saccade	n/a	285.0	186.2	n/a	128.2	246.1	5.98	331.0
37.195	0.228	fixation	n/a	135.5	246.0	4067.0	n/a	n/a	n/a	n/a
37.425	0.06	saccade	n/a	137.9	245.0	n/a	475.2	180.8	12.27	353.0
37.487	0.166	fixation	n/a	477.8	179.6	4148.0	n/a	n/a	n/a	n/a
37.655	0.024	saccade	n/a	480.2	179.3	n/a	537.6	176.9	2.09	134.0
37.681	0.128	fixation	n/a	537.1	179.1	4198.0	n/a	n/a	n/a	n/a
37.811	0.06	saccade	n/a	537.2	179.9	n/a	205.0	170.8	11.91	397.0
37.852	0.0	trigger_11	11	n/a	n/a	n/a	n/a	n/a	n/a	n/a
37.873	0.24	fixation	n/a	214.3	175.5	4189.0	n/a	n/a	n/a	n/a
37.912	0.0	trigger_10	10	n/a	n/a	n/a	n/a	n/a	n/a	n/a
38.115	0.03	saccade	n/a	213.8	176.1	n/a	133.3	183.1	2.86	190.0
38.147	0.798	fixation	n/a	156.2	176.0	4236.0	n/a	n/a	n/a	n/a
38.947	0.026	saccade	n/a	177.8	173.7	n/a	242.8	178.5	2.32	119.0
38.975	0.224	fixation	n/a	257.3	182.5	4249.0	n/a	n/a	n/a	n/a
39.201	0.174	saccade	n/a	256.3	194.5	n/a	310.2	187.7	1.95	1675.0
39.247	0.068	blink	n/a	n/a	n/a	n/a	n/a	n/a	n/a	n/a
39.377	0.568	fixation	n/a	320.1	181.1	4022.0	n/a	n/a	n/a	n/a
39.947	0.022	saccade	n/a	337.6	170.1	n/a	383.8	180.8	1.72	91.0
39.971	0.404	fixation	n/a	393.1	181.0	3850.0	n/a	n/a	n/a	n/a
40.377	0.032	saccade	n/a	399.5	179.8	n/a	486.8	194.1	3.21	162.0
40.411	0.23	fixation	n/a	483.6	187.9	3831.0	n/a	n/a	n/a	n/a
40.643	0.034	saccade	n/a	479.1	172.7	n/a	599.3	195.1	4.42	179.0
40.679	0.142	fixation	n/a	614.6	193.5	3835.0	n/a	n/a	n/a	n/a
40.823	0.018	saccade	n/a	621.3	197.1	n/a	648.2	201.8	0.98	69.0
40.843	0.124	fixation	n/a	647.4	204.4	3851.0	n/a	n/a	n/a	n/a
40.969	0.078	saccade	n/a	647.5	203.0	n/a	138.5	245.2	18.11	418.0
41.049	0.274	fixation	n/a	146.6	244.0	3925.0	n/a	n/a	n/a	n/a
41.325	0.024	saccade	n/a	147.7	243.0	n/a	200.2	233.6	1.89	103.0
41.351	0.546	fixation	n/a	233.3	242.1	4010.0	n/a	n/a	n/a	n/a
41.899	0.036	saccade	n/a	240.0	238.6	n/a	343.5	231.2	3.74	165.0
41.937	0.276	fixation	n/a	348.9	239.5	4021.0	n/a	n/a	n/a	n/a
42.215	0.026	saccade	n/a	351.5	245.1	n/a	424.4	242.5	2.64	140.0
42.243	0.252	fixation	n/a	431.1	236.9	4023.0	n/a	n/a	n/a	n/a
42.497	0.02	saccade	n/a	437.9	239.1	n/a	470.5	240.4	1.19	73.0
42.519	0.138	fixation	n/a	485.3	242.0	4018.0	n/a	n/a	n/a	n/a
42.659	0.026	saccade	n/a	491.3	242.6	n/a	549.8	243.8	2.12	95.0
42.687	0.28	fixation	n/a	556.2	248.2	3977.0	n/a	n/a	n/a	n/a
42.969	0.02	saccade	n/a	565.8	250.9	n/a	602.3	251.9	1.31	81.0
42.991	0.22	fixation	n/a	614.8	252.2	3928.0	n/a	n/a	n/a	n/a
43.213	0.068	saccade	n/a	614.9	250.9	n/a	169.5	310.9	16.0	366.0
43.283	0.084	fixation	n/a	172.3	310.7	3954.0	n/a	n/a	n/a	n/a
43.369	0.016	saccade	n/a	173.2	315.1	n/a	146.5	319.2	0.95	74.0
43.387	0.21	fixation	n/a	148.7	319.8	3862.0	n/a	n/a	n/a	n/a
43.599	0.026	saccade	n/a	145.3	320.4	n/a	222.1	316.6	2.72	145.0
43.627	0.164	fixation	n/a	226.2	316.7	3822.0	n/a	n/a	n/a	n/a
43.793	0.026	saccade	n/a	225.7	319.0	n/a	200.9	254.6	2.51	136.0
43.821	0.218	fixation	n/a	205.2	253.3	3803.0	n/a	n/a	n/a	n/a
44.041	0.018	saccade	n/a	209.4	255.4	n/a	234.8	251.2	0.92	65.0
44.061	0.252	fixation	n/a	233.6	249.2	3823.0	n/a	n/a	n/a	n/a
44.315	0.032	saccade	n/a	235.2	247.5	n/a	336.7	241.9	3.65	169.0
44.349	0.21	fixation	n/a	344.2	243.4	3879.0	n/a	n/a	n/a	n/a
44.561	0.044	saccade	n/a	347.7	244.1	n/a	153.3	250.9	6.95	313.0
44.607	0.29	fixation	n/a	162.9	253.7	3867.0	n/a	n/a	n/a	n/a
44.662	0.0	trigger_11	11	n/a	n/a	n/a	n/a	n/a	n/a	n/a
44.72	0.0	trigger_12	12	n/a	n/a	n/a	n/a	n/a	n/a	n/a
44.899	0.026	saccade	n/a	161.4	252.5	n/a	120.8	193.9	2.55	139.0
44.927	0.27	fixation	n/a	124.3	195.3	3893.0	n/a	n/a	n/a	n/a
45.199	0.026	saccade	n/a	129.4	195.6	n/a	188.6	188.2	2.11	109.0
45.227	0.158	fixation	n/a	210.6	187.1	3927.0	n/a	n/a	n/a	n/a
45.387	0.172	saccade	n/a	211.6	190.9	n/a	274.1	197.4	2.25	1646.0
45.431	0.068	blink	n/a	n/a	n/a	n/a	n/a	n/a	n/a	n/a
45.561	0.222	fixation	n/a	266.5	186.4	3893.0	n/a	n/a	n/a	n/a
45.785	0.024	saccade	n/a	269.0	183.3	n/a	316.3	180.2	1.71	92.0
45.811	0.76	fixation	n/a	334.8	180.3	3895.0	n/a	n/a	n/a	n/a
46.573	0.02	saccade	n/a	344.1	175.5	n/a	374.9	177.3	1.12	71.0
46.595	0.248	fixation	n/a	385.2	175.3	4014.0	n/a	n/a	n/a	n/a
46.845	0.022	saccade	n/a	389.8	177.1	n/a	432.7	181.2	1.56	95.0
46.869	0.36	fixation	n/a	444.6	180.5	4029.0	n/a	n/a	n/a	n/a
47.231	0.016	saccade	n/a	447.5	180.3	n/a	467.1	185.6	0.74	51.0
47.249	0.288	fixation	n/a	494.7	189.6	3964.0	n/a	n/a	n/a	n/a
47.539	0.024	saccade	n/a	500.6	182.9	n/a	551.8	188.9	1.86	104.0
47.565	0.284	fixation	n/a	569.1	186.0	3881.0	n/a	n/a	n/a	n/a
47.851	0.016	saccade	n/a	571.0	183.9	n/a	593.6	187.2	0.82	61.0
47.869	0.168	fixation	n/a	605.7	191.8	3840.0	n/a	n/a	n/a	n/a
48.039	0.076	saccade	n/a	607.5	194.5	n/a	121.0	248.7	17.33	397.0
48.117	0.228	fixation	n/a	128.7	250.5	3813.0	n/a	n/a	n/a	n/a
48.347	0.034	saccade	n/a	131.8	249.5	n/a	234.4	255.3	3.64	145.0
48.383	0.192	fixation	n/a	233.9	255.5	3775.0	n/a	n/a	n/a	n/a
48.577	0.024	saccade	n/a	239.6	251.6	n/a	311.4	243.2	2.6	157.0
48.603	0.262	fixation	n/a	318.2	245.1	3748.0	n/a	n/a	n/a	n/a
48.867	0.028	saccade	n/a	323.1	247.8	n/a	405.5	243.8	2.99	151.0
48.897	0.196	fixation	n/a	418.5	243.1	3734.0	n/a	n/a	n/a	n/a
49.095	0.024	saccade	n/a	421.9	241.6	n/a	480.4	244.7	2.12	115.0
49.121	0.218	fixation	n/a	484.3	243.2	3727.0	n/a	n/a	n/a	n/a
49.341	0.028	saccade	n/a	487.3	242.5	n/a	560.5	241.6	2.65	118.0
49.371	0.414	fixation	n/a	570.8	243.4	3736.0	n/a	n/a	n/a	n/a
49.787	0.084	saccade	n/a	570.9	242.5	n/a	143.9	304.8	15.34	265.0
49.873	0.444	fixation	n/a	154.3	309.5	3695.0	n/a	n/a	n/a	n/a
50.319	0.022	saccade	n/a	155.1	310.8	n/a	194.6	304.4	1.41	80.0
50.343	0.322	fixation	n/a	201.1	305.7	3717.0	n/a	n/a	n/a	n/a
50.667	0.026	saccade	n/a	200.8	301.7	n/a	173.5	260.9	1.77	77.0
50.695	0.444	fixation	n/a	180.6	248.4	3777.0	n/a	n/a	n/a	n/a
51.141	0.018	saccade	n/a	187.5	251.2	n/a	207.9	273.4	1.08	81.0
51.161	0.276	fixation	n/a	209.1	266.4	3928.0	n/a	n/a	n/a	n/a
51.439	0.024	saccade	n/a	210.7	266.7	n/a	253.8	284.7	1.67	90.0
51.465	0.37	fixation	n/a	264.3	289.0	4005.0	n/a	n/a	n/a	n/a
51.837	0.026	saccade	n/a	263.2	287.4	n/a	284.2	234.5	2.08	113.0
51.865	0.262	fixation	n/a	290.6	237.4	3942.0	n/a	n/a	n/a	n/a
52.129	0.022	saccade	n/a	288.5	238.1	n/a	250.5	233.3	1.38	78.0
52.153	0.27	fixation	n/a	254.9	233.8	3862.0	n/a	n/a	n/a	n/a
52.425	0.026	saccade	n/a	258.1	234.7	n/a	302.9	191.9	2.25	112.0
52.453	0.192	fixation	n/a	322.7	185.6	3931.0	n/a	n/a	n/a	n/a
52.647	0.018	saccade	n/a	324.6	183.3	n/a	352.7	180.7	1.02	71.0
52.667	0.232	fixation	n/a	353.6	179.2	4032.0	n/a	n/a	n/a	n/a
52.901	0.036	saccade	n/a	351.7	177.2	n/a	486.4	179.6	4.88	199.0
52.939	0.188	fixation	n/a	488.3	177.9	4003.0	n/a	n/a	n/a	n/a
53.129	0.028	saccade	n/a	492.4	179.2	n/a	556.0	183.4	2.31	94.0
53.159	0.098	fixation	n/a	563.7	184.3	3936.0	n/a	n/a	n/a	n/a
53.259	0.064	saccade	n/a	563.3	184.5	n/a	235.7	239.8	11.94	359.0
53.325	0.232	fixation	n/a	243.3	243.2	3866.0	n/a	n/a	n/a	n/a
53.559	0.028	saccade	n/a	247.5	245.5	n/a	341.9	237.1	3.42	168.0
53.589	0.376	fixation	n/a	352.2	232.9	3835.0	n/a	n/a	n/a	n/a
53.966	0.0	trigger_13	13	n/a	n/a	n/a	n/a	n/a	n/a	n/a
53.967	0.03	saccade	n/a	353.7	233.2	n/a	274.9	272.1	3.18	178.0
53.999	0.21	fixation	n/a	278.9	275.5	3849.0	n/a	n/a	n/a	n/a
54.022	0.0	trigger_10	10	n/a	n/a	n/a	n/a	n/a	n/a	n/a
54.211	0.036	saccade	n/a	278.3	274.1	n/a	166.8	204.3	4.73	219.0
54.249	0.122	fixation	n/a	162.4	196.4	3831.0	n/a	n/a	n/a	n/a
54.373	0.016	saccade	n/a	158.8	197.7	n/a	136.0	190.3	0.85	67.0
54.391	0.166	fixation	n/a	138.4	189.3	3868.0	n/a	n/a	n/a	n/a
54.559	0.17	saccade	n/a	140.3	195.4	n/a	216.6	183.4	2.74	1430.0
54.599	0.064	blink	n/a	n/a	n/a	n/a	n/a	n/a	n/a	n/a
54.731	0.244	fixation	n/a	219.2	176.2	3867.0	n/a	n/a	n/a	n/a
54.977	0.022	saccade	n/a	226.6	171.9	n/a	274.6	179.7	1.75	103.0
55.001	0.27	fixation	n/a	285.4	175.3	3798.0	n/a	n/a	n/a	n/a
55.273	0.032	saccade	n/a	286.1	175.3	n/a	390.6	182.2	3.78	194.0
55.307	0.22	fixation	n/a	404.5	172.2	3790.0	n/a	n/a	n/a	n/a
55.529	0.04	saccade	n/a	401.3	176.0	n/a	569.9	176.9	6.09	238.0
55.571	0.17	fixation	n/a	580.2	190.3	3757.0	n/a	n/a	n/a	n/a
55.743	0.016	saccade	n/a	586.4	197.6	n/a	608.6	196.6	0.8	59.0
55.761	0.596	fixation	n/a	604.2	190.0	3801.0	n/a	n/a	n/a	n/a
56.359	0.072	saccade	n/a	614.2	200.3	n/a	154.4	238.2	16.39	395.0
56.433	0.114	fixation	n/a	159.7	239.6	3935.0	n/a	n/a	n/a	n/a
56.549	0.018	saccade	n/a	157.8	241.9	n/a	132.1	250.2	0.95	70.0
56.569	0.156	fixation	n/a	133.5	251.1	3928.0	n/a	n/a	n/a	n/a
56.727	0.026	saccade	n/a	133.3	252.5	n/a	197.1	252.8	2.25	142.0
56.755	0.216	fixation	n/a	201.8	245.9	3951.0	n/a	n/a	n/a	n/a
56.973	0.024	saccade	n/a	210.7	239.7	n/a	265.2	239.6	1.95	111.0
56.999	0.188	fixation	n/a	274.4	242.9	3970.0	n/a	n/a	n/a	n/a
57.189	0.026	saccade	n/a	278.9	246.6	n/a	352.5	241.5	2.66	152.0
57.217	0.554	fixation	n/a	371.9	240.6	3988.0	n/a	n/a	n/a	n/a
57.773	0.024	saccade	n/a	388.4	240.2	n/a	362.2	189.7	2.09	128.0
57.799	0.236	fixation	n/a	365.6	188.6	3862.0	n/a	n/a	n/a	n/a
58.037	0.024	saccade	n/a	368.6	191.4	n/a	370.7	237.9	1.72	87.0
58.063	0.178	fixation	n/a	374.0	230.6	3909.0	n/a	n/a	n/a	n/a
58.243	0.022	saccade	n/a	377.1	228.2	n/a	420.0	234.8	1.58	96.0
58.267	0.188	fixation	n/a	427.0	232.5	3992.0	n/a	n/a	n/a	n/a
58.457	0.026	saccade	n/a	431.3	234.4	n/a	498.2	235.4	2.43	132.0
58.485	0.26	fixation	n/a	504.6	233.8	3981.0	n/a	n/a	n/a	n/a
58.747	0.024	saccade	n/a	504.5	234.5	n/a	502.6	191.9	1.57	81.0
58.773	0.284	fixation	n/a	508.9	187.2	3817.0	n/a	n/a	n/a	n/a
59.059	0.022	saccade	n/a	511.5	193.9	n/a	527.0	238.1	1.72	110.0
59.083	0.316	fixation	n/a	533.9	239.0	3719.0	n/a	n/a	n/a	n/a
59.401	0.024	saccade	n/a	535.3	240.7	n/a	588.8	245.5	1.93	99.0
59.427	0.12	fixation	n/a	590.6	248.7	3690.0	n/a	n/a	n/a	n/a
59.549	0.068	saccade	n/a	588.7	250.5	n/a	158.5	311.5	15.47	337.0
59.619	0.518	fixation	n/a	145.5	313.0	3643.0	n/a	n/a	n/a	n/a
60.139	0.034	saccade	n/a	145.8	307.2	n/a	264.5	302.6	4.21	175.0
60.175	0.662	fixation	n/a	271.8	306.2	3560.0	n/a	n/a	n/a	n/a
60.839	0.024	saccade	n/a	271.3	305.1	n/a	323.6	307.0	1.88	98.0
60.865	0.274	fixation	n/a	348.3	307.4	3522.0	n/a	n/a	n/a	n/a
61.141	0.028	saccade	n/a	342.8	308.1	n/a	419.9	310.0	2.79	139.0
61.171	0.18	fixation	n/a	434.7	307.7	3505.0	n/a	n/a	n/a	n/a
61.353	0.036	saccade	n/a	435.2	305.8	n/a	412.3	193.3	4.22	162.0
61.391	0.266	fixation	n/a	422.2	190.4	3493.0	n/a	n/a	n/a	n/a
61.659	0.03	saccade	n/a	425.4	193.4	n/a	411.3	303.7	4.09	209.0
61.691	0.23	fixation	n/a	414.9	311.5	3559.0	n/a	n/a	n/a	n/a
61.923	0.018	saccade	n/a	409.1	309.3	n/a	382.9	302.0	0.99	68.0
61.943	0.296	fixation	n/a	387.1	300.5	3646.0	n/a	n/a	n/a	n/a
62.241	0.024	saccade	n/a	386.9	299.4	n/a	441.8	301.7	1.99	104.0
62.267	0.724	fixation	n/a	470.5	304.3	3601.0	n/a	n/a	n/a	n/a
62.993	0.03	saccade	n/a	487.8	308.7	n/a	398.4	308.3	3.24	175.0
63.025	0.208	fixation	n/a	394.7	309.8	3567.0	n/a	n/a	n/a	n/a
63.235	0.212	saccade	n/a	392.4	314.3	n/a	343.1	268.7	2.45	1530.0
63.289	0.1	blink	n/a	n/a	n/a	n/a	n/a	n/a	n/a	n/a
63.449	0.24	fixation	n/a	352.3	260.3	3636.0	n/a	n/a	n/a	n/a
63.486	0.0	trigger_11	11	n/a	n/a	n/a	n/a	n/a	n/a	n/a
63.546	0.0	trigger_10	10	n/a	n/a	n/a	n/a	n/a	n/a	n/a
63.691	0.04	saccade	n/a	351.3	247.8	n/a	201.6	191.6	5.76	227.0
63.733	0.076	fixation	n/a	180.4	203.1	3622.0	n/a	n/a	n/a	n/a
63.811	0.026	saccade	n/a	177.2	211.5	n/a	140.5	191.2	1.49	119.0
63.839	0.55	fixation	n/a	131.6	193.4	3667.0	n/a	n/a	n/a	n/a
64.391	0.042	saccade	n/a	127.5	188.7	n/a	305.9	181.1	6.35	239.0
64.435	0.214	fixation	n/a	309.8	179.4	3793.0	n/a	n/a	n/a	n/a
64.651	0.028	saccade	n/a	307.1	187.7	n/a	379.4	184.3	2.62	120.0
64.681	0.194	fixation	n/a	381.4	181.1	3829.0	n/a	n/a	n/a	n/a
64.877	0.03	saccade	n/a	384.1	178.8	n/a	478.3	181.8	3.43	161.0
64.909	0.234	fixation	n/a	488.4	181.5	3755.0	n/a	n/a	n/a	n/a
65.145	0.022	saccade	n/a	495.8	184.6	n/a	537.4	187.5	1.51	84.0
65.169	0.2	fixation	n/a	546.0	191.1	3728.0	n/a	n/a	n/a	n/a
65.371	0.064	saccade	n/a	546.1	193.8	n/a	152.4	257.2	14.23	396.0
65.437	0.186	fixation	n/a	161.1	255.2	3797.0	n/a	n/a	n/a	n/a
65.625	0.026	saccade	n/a	168.3	256.4	n/a	233.7	252.7	2.33	128.0
65.653	0.176	fixation	n/a	241.0	250.7	3815.0	n/a	n/a	n/a	n/a
65.831	0.03	saccade	n/a	242.8	249.2	n/a	320.5	176.3	3.87	204.0
65.863	0.19	fixation	n/a	338.6	177.4	3851.0	n/a	n/a	n/a	n/a
66.055	0.026	saccade	n/a	344.1	178.3	n/a	421.2	179.8	2.78	145.0
66.083	0.186	fixation	n/a	427.9	175.5	3956.0	n/a	n/a	n/a	n/a
66.271	0.034	saccade	n/a	431.3	173.6	n/a	551.2	179.5	4.3	188.0
66.307	0.202	fixation	n/a	553.8	177.1	4039.0	n/a	n/a	n/a	n/a
66.511	0.026	saccade	n/a	559.9	174.7	n/a	624.2	174.5	2.28	137.0
66.539	0.144	fixation	n/a	619.3	173.8	4090.0	n/a	n/a	n/a	n/a
66.685	0.08	saccade	n/a	617.4	177.9	n/a	136.8	254.8	17.12	383.0
66.767	0.214	fixation	n/a	144.7	254.9	4126.0	n/a	n/a	n/a	n/a
66.983	0.022	saccade	n/a	146.5	253.1	n/a	188.0	243.7	1.49	93.0
67.007	0.204	fixation	n/a	191.9	246.6	4066.0	n/a	n/a	n/a	n/a
67.213	0.208	saccade	n/a	193.5	256.1	n/a	511.2	192.5	11.52	1368.0
67.261	0.102	blink	n/a	n/a	n/a	n/a	n/a	n/a	n/a	n/a
67.423	0.418	fixation	n/a	511.9	179.1	4150.0	n/a	n/a	n/a	n/a
67.843	0.066	saccade	n/a	508.3	183.8	n/a	223.2	241.0	10.36	328.0
67.911	0.222	fixation	n/a	231.7	230.2	4115.0	n/a	n/a	n/a	n/a
68.072	0.0	trigger_11	11	n/a	n/a	n/a	n/a	n/a	n/a	n/a
68.128	0.0	trigger_10	10	n/a	n/a	n/a	n/a	n/a	n/a	n/a
68.135	0.018	saccade	n/a	223.7	236.2	n/a	192.9	239.2	1.09	81.0
68.155	0.178	fixation	n/a	199.1	234.7	4222.0	n/a	n/a	n/a	n/a
68.335	0.03	saccade	n/a	196.2	229.0	n/a	154.3	165.3	2.73	156.0
68.367	0.392	fixation	n/a	160.8	167.7	4311.0	n/a	n/a	n/a	n/a
68.761	0.024	saccade	n/a	148.5	171.0	n/a	206.5	176.3	2.05	136.0
68.787	0.158	fixation	n/a	206.6	177.9	4415.0	n/a	n/a	n/a	n/a
68.947	0.03	saccade	n/a	206.0	176.8	n/a	122.9	177.0	2.91	192.0
68.979	0.218	fixation	n/a	128.5	182.0	4428.0	n/a	n/a	n/a	n/a
69.199	0.026	saccade	n/a	128.1	184.6	n/a	201.3	170.9	2.62	161.0
69.227	0.298	fixation	n/a	211.7	173.9	4517.0	n/a	n/a	n/a	n/a
69.527	0.026	saccade	n/a	215.2	174.4	n/a	280.0	166.8	2.32	105.0
69.555	0.722	fixation	n/a	282.5	175.7	4414.0	n/a	n/a	n/a	n/a
70.279	0.024	saccade	n/a	302.2	177.1	n/a	354.3	175.2	1.87	102.0
70.305	0.144	fixation	n/a	354.0	176.6	4210.0	n/a	n/a	n/a	n/a
70.451	0.02	saccade	n/a	355.6	177.2	n/a	389.3	178.2	1.21	78.0
70.473	0.112	fixation	n/a	397.4	180.4	4177.0	n/a	n/a	n/a	n/a
70.587	0.046	saccade	n/a	397.9	181.0	n/a	596.4	197.9	7.15	297.0
70.635	0.258	fixation	n/a	601.2	197.0	4176.0	n/a	n/a	n/a	n/a
70.895	0.066	saccade	n/a	614.4	195.2	n/a	182.4	251.7	15.43	465.0
70.963	0.102	fixation	n/a	188.1	250.9	4208.0	n/a	n/a	n/a	n/a
71.067	0.02	saccade	n/a	187.0	251.4	n/a	147.9	258.5	1.4	98.0
71.089	0.104	fixation	n/a	150.2	255.8	4127.0	n/a	n/a	n/a	n/a
71.195	0.036	saccade	n/a	153.3	257.9	n/a	266.2	242.6	4.03	209.0
71.233	0.194	fixation	n/a	270.1	239.8	4129.0	n/a	n/a	n/a	n/a
71.429	0.032	saccade	n/a	271.9	235.3	n/a	384.7	228.4	4.06	204.0
71.463	0.172	fixation	n/a	387.8	225.5	4195.0	n/a	n/a	n/a	n/a
71.637	0.028	saccade	n/a	387.9	222.1	n/a	469.8	227.0	2.96	158.0
71.667	0.15	fixation	n/a	469.5	228.2	4261.0	n/a	n/a	n/a	n/a
71.819	0.026	saccade	n/a	469.2	228.2	n/a	543.1	229.4	2.67	152.0
71.847	0.26	fixation	n/a	551.2	228.8	4258.0	n/a	n/a	n/a	n/a
72.109	0.07	saccade	n/a	550.8	224.0	n/a	165.3	281.1	13.97	344.0
72.181	0.188	fixation	n/a	172.5	279.6	4276.0	n/a	n/a	n/a	n/a
72.371	0.026	saccade	n/a	172.4	284.0	n/a	107.9	295.8	2.32	159.0
72.399	0.174	fixation	n/a	112.6	290.2	4176.0	n/a	n/a	n/a	n/a
72.575	0.032	saccade	n/a	116.4	287.9	n/a	235.4	262.3	4.34	211.0
72.609	0.252	fixation	n/a	251.0	265.7	4239.0	n/a	n/a	n/a	n/a
72.863	0.028	saccade	n/a	255.8	264.5	n/a	328.2	202.9	3.47	192.0
72.893	0.328	fixation	n/a	375.8	203.5	4244.0	n/a	n/a	n/a	n/a
73.223	0.024	saccade	n/a	382.8	203.8	n/a	401.0	165.3	1.58	86.0
73.249	0.318	fixation	n/a	404.8	156.2	4256.0	n/a	n/a	n/a	n/a
73.569	0.024	saccade	n/a	406.0	156.7	n/a	459.6	161.2	1.96	105.0
73.595	0.204	fixation	n/a	478.0	166.3	4234.0	n/a	n/a	n/a	n/a
73.801	0.028	saccade	n/a	480.7	168.0	n/a	564.6	177.3	3.07	137.0
73.831	0.164	fixation	n/a	569.3	183.4	4188.0	n/a	n/a	n/a	n/a
73.997	0.02	saccade	n/a	572.9	187.4	n/a	604.3	188.9	1.14	66.0
74.019	0.078	fixation	n/a	614.9	190.1	4161.0	n/a	n/a	n/a	n/a
74.099	0.076	saccade	n/a	615.5	192.4	n/a	173.7	235.6	15.91	374.0
74.177	0.206	fixation	n/a	182.1	234.1	4181.0	n/a	n/a	n/a	n/a
74.385	0.036	saccade	n/a	181.7	231.5	n/a	318.2	214.9	4.95	210.0
74.423	0.114	fixation	n/a	331.7	218.1	4221.0	n/a	n/a	n/a	n/a
74.539	0.178	saccade	n/a	334.2	226.8	n/a	435.0	238.7	3.71	1589.0
74.591	0.068	blink	n/a	n/a	n/a	n/a	n/a	n/a	n/a	n/a
74.719	0.194	fixation	n/a	433.3	231.3	4235.0	n/a	n/a	n/a	n/a
74.915	0.034	saccade	n/a	431.2	233.7	n/a	550.3	228.2	4.34	198.0
74.951	0.228	fixation	n/a	557.4	236.0	4103.0	n/a	n/a	n/a	n/a
75.181	0.064	saccade	n/a	553.3	234.8	n/a	229.9	292.2	11.86	356.0
75.247	0.274	fixation	n/a	228.7	290.6	4061.0	n/a	n/a	n/a	n/a
75.523	0.026	saccade	n/a	222.1	290.6	n/a	141.0	289.7	2.89	162.0
75.551	0.206	fixation	n/a	137.5	291.3	4002.0	n/a	n/a	n/a	n/a
75.759	0.034	saccade	n/a	136.7	294.5	n/a	149.8	198.9	3.51	150.0
75.795	0.192	fixation	n/a	158.0	193.5	4024.0	n/a	n/a	n/a	n/a
75.944	0.0	trigger_11	11	n/a	n/a	n/a	n/a	n/a	n/a	n/a
75.989	0.03	saccade	n/a	162.8	193.2	n/a	243.8	165.1	3.08	138.0
76.008	0.0	trigger_10	10	n/a	n/a	n/a	n/a	n/a	n/a	n/a
76.021	0.23	fixation	n/a	247.8	169.3	4154.0	n/a	n/a	n/a	n/a
76.253	0.032	saccade	n/a	243.6	170.6	n/a	139.4	176.4	3.73	224.0
76.287	0.242	fixation	n/a	145.7	178.2	4277.0	n/a	n/a	n/a	n/a
76.531	0.028	saccade	n/a	144.0	179.9	n/a	215.9	169.5	2.6	168.0
76.561	0.134	fixation	n/a	222.2	164.2	4324.0	n/a	n/a	n/a	n/a
76.697	0.028	saccade	n/a	222.4	159.9	n/a	321.0	171.2	3.59	200.0
76.727	0.174	fixation	n/a	343.2	162.0	4332.0	n/a	n/a	n/a	n/a
76.903	0.03	saccade	n/a	347.3	155.6	n/a	433.1	161.5	3.14	142.0
76.935	0.186	fixation	n/a	443.0	165.6	4246.0	n/a	n/a	n/a	n/a
77.123	0.028	saccade	n/a	445.9	170.7	n/a	529.1	173.8	3.04	169.0
77.153	0.206	fixation	n/a	543.7	171.0	4138.0	n/a	n/a	n/a	n/a
77.361	0.07	saccade	n/a	548.8	172.9	n/a	127.8	243.1	15.28	387.0
77.433	0.274	fixation	n/a	129.4	246.1	4074.0	n/a	n/a	n/a	n/a
77.709	0.024	saccade	n/a	128.7	247.8	n/a	182.6	239.1	1.93	118.0
77.735	0.154	fixation	n/a	187.9	238.3	4051.0	n/a	n/a	n/a	n/a
77.891	0.034	saccade	n/a	186.4	236.7	n/a	93.1	251.9	3.34	199.0
77.927	0.504	fixation	n/a	114.6	247.1	4157.0	n/a	n/a	n/a	n/a
78.433	0.068	saccade	n/a	121.2	240.9	n/a	559.5	190.7	15.76	427.0
78.503	0.174	fixation	n/a	564.5	190.5	4247.0	n/a	n/a	n/a	n/a
78.679	0.072	saccade	n/a	566.1	192.8	n/a	113.5	251.4	16.34	406.0
78.753	0.31	fixation	n/a	127.8	252.4	4118.0	n/a	n/a	n/a	n/a
79.065	0.028	saccade	n/a	124.7	249.3	n/a	219.0	234.4	3.4	175.0
79.095	0.188	fixation	n/a	232.1	234.7	4053.0	n/a	n/a	n/a	n/a
79.285	0.03	saccade	n/a	237.7	233.2	n/a	343.8	236.3	3.85	207.0
79.317	0.178	fixation	n/a	360.1	234.7	4102.0	n/a	n/a	n/a	n/a
79.497	0.022	saccade	n/a	363.1	234.8	n/a	409.4	232.0	1.7	114.0
79.521	0.152	fixation	n/a	414.2	231.0	4081.0	n/a	n/a	n/a	n/a
79.675	0.028	saccade	n/a	414.3	231.8	n/a	501.4	241.5	3.2	170.0
79.705	0.17	fixation	n/a	510.9	245.9	3984.0	n/a	n/a	n/a	n/a
79.877	0.022	saccade	n/a	513.2	249.4	n/a	550.6	250.7	1.36	81.0
79.901	0.168	fixation	n/a	556.9	251.6	3887.0	n/a	n/a	n/a	n/a
80.071	0.066	saccade	n/a	557.3	254.2	n/a	169.8	310.7	14.07	385.0
80.139	0.158	fixation	n/a	177.1	309.8	3883.0	n/a	n/a	n/a	n/a
80.299	0.02	saccade	n/a	173.9	309.7	n/a	142.4	319.1	1.17	76.0
80.321	0.148	fixation	n/a	138.3	317.2	3839.0	n/a	n/a	n/a	n/a
80.471	0.034	saccade	n/a	141.7	314.4	n/a	268.2	302.0	4.53	229.0
80.507	0.214	fixation	n/a	277.1	296.0	3851.0	n/a	n/a	n/a	n/a
80.723	0.026	saccade	n/a	279.9	292.8	n/a	339.3	294.7	2.15	116.0
80.751	0.18	fixation	n/a	348.3	294.3	3950.0	n/a	n/a	n/a	n/a
80.933	0.014	saccade	n/a	352.3	293.7	n/a	367.3	285.5	0.63	52.0
80.949	0.062	fixation	n/a	369.2	280.2	3958.0	n/a	n/a	n/a	n/a
81.013	0.036	saccade	n/a	369.5	279.4	n/a	250.1	183.8	5.59	275.0
81.051	0.268	fixation	n/a	252.6	178.4	3918.0	n/a	n/a	n/a	n/a
81.321	0.048	saccade	n/a	253.5	179.6	n/a	439.3	174.0	6.76	254.0
81.371	0.186	fixation	n/a	440.5	172.8	3943.0	n/a	n/a	n/a	n/a
81.559	0.068	saccade	n/a	441.7	173.6	n/a	149.8	217.1	10.64	312.0
81.576	0.0	trigger_11	11	n/a	n/a	n/a	n/a	n/a	n/a	n/a
81.629	0.18	fixation	n/a	155.5	215.5	3959.0	n/a	n/a	n/a	n/a
81.642	0.0	trigger_12	12	n/a	n/a	n/a	n/a	n/a	n/a	n/a
81.811	0.018	saccade	n/a	151.7	213.6	n/a	129.4	195.6	1.03	78.0
81.831	0.198	fixation	n/a	132.9	195.7	4024.0	n/a	n/a	n/a	n/a
82.031	0.024	saccade	n/a	137.6	197.0	n/a	191.5	188.2	1.95	112.0
82.057	0.114	fixation	n/a	197.7	184.1	4130.0	n/a	n/a	n/a	n/a
82.173	0.154	saccade	n/a	199.0	189.3	n/a	263.4	182.8	2.33	1496.0
82.215	0.05	blink	n/a	n/a	n/a	n/a	n/a	n/a	n/a	n/a
82.329	0.548	fixation	n/a	261.1	174.4	4155.0	n/a	n/a	n/a	n/a
82.879	0.028	saccade	n/a	275.1	175.5	n/a	350.3	187.0	2.77	140.0
82.909	0.558	fixation	n/a	357.4	181.7	4025.0	n/a	n/a	n/a	n/a
83.469	0.018	saccade	n/a	355.9	185.4	n/a	382.6	182.2	0.98	62.0
83.489	0.03	fixation	n/a	394.5	183.1	3996.0	n/a	n/a	n/a	n/a
83.521	0.022	saccade	n/a	403.6	182.3	n/a	458.1	185.5	2.0	122.0
83.545	0.238	fixation	n/a	451.8	187.2	3975.0	n/a	n/a	n/a	n/a
83.785	0.028	saccade	n/a	452.1	186.4	n/a	518.8	193.2	2.45	133.0
83.815	0.594	fixation	n/a	512.3	197.2	3986.0	n/a	n/a	n/a	n/a
84.411	0.032	saccade	n/a	504.5	207.4	n/a	601.8	203.2	3.54	184.0
84.445	0.81	fixation	n/a	615.1	198.6	3931.0	n/a	n/a	n/a	n/a
85.257	0.082	saccade	n/a	632.2	197.7	n/a	160.2	246.6	16.95	384.0
85.341	0.116	fixation	n/a	169.1	247.1	4017.0	n/a	n/a	n/a	n/a
85.459	0.022	saccade	n/a	169.5	249.2	n/a	120.8	246.7	1.73	117.0
85.483	0.302	fixation	n/a	122.4	248.8	3986.0	n/a	n/a	n/a	n/a
85.787	0.018	saccade	n/a	124.4	251.5	n/a	152.6	245.2	1.02	72.0
85.807	0.212	fixation	n/a	155.1	242.2	3925.0	n/a	n/a	n/a	n/a
86.021	0.046	saccade	n/a	158.0	239.4	n/a	348.3	228.6	6.87	219.0
86.069	0.22	fixation	n/a	344.6	228.3	3977.0	n/a	n/a	n/a	n/a
86.291	0.046	saccade	n/a	344.8	224.7	n/a	537.8	232.0	7.02	257.0
86.339	0.132	fixation	n/a	538.3	236.3	3946.0	n/a	n/a	n/a	n/a
86.473	0.018	saccade	n/a	535.6	238.3	n/a	508.4	237.8	0.99	72.0
86.493	0.288	fixation	n/a	512.6	242.4	3877.0	n/a	n/a	n/a	n/a
86.783	0.026	saccade	n/a	512.4	243.5	n/a	568.2	252.8	2.05	113.0
86.811	0.21	fixation	n/a	573.6	255.3	3731.0	n/a	n/a	n/a	n/a
87.023	0.066	saccade	n/a	572.5	253.8	n/a	220.4	243.3	12.72	323.0
87.091	0.296	fixation	n/a	230.9	244.2	3711.0	n/a	n/a	n/a	n/a
87.389	0.024	saccade	n/a	232.5	245.4	n/a	293.7	243.0	2.21	124.0
87.415	0.288	fixation	n/a	310.6	242.9	3729.0	n/a	n/a	n/a	n/a
87.705	0.026	saccade	n/a	312.6	241.1	n/a	378.2	236.5	2.4	113.0
87.733	0.28	fixation	n/a	398.8	239.8	3714.0	n/a	n/a	n/a	n/a
88.015	0.038	saccade	n/a	401.5	241.1	n/a	517.9	250.6	4.26	186.0
88.055	0.2	fixation	n/a	520.7	251.3	3702.0	n/a	n/a	n/a	n/a
88.257	0.022	saccade	n/a	524.0	253.4	n/a	569.4	256.8	1.66	103.0
88.281	0.268	fixation	n/a	571.5	257.6	3671.0	n/a	n/a	n/a	n/a
88.551	0.026	saccade	n/a	571.7	258.2	n/a	625.7	266.2	1.97	94.0
88.579	0.244	fixation	n/a	624.7	263.7	3613.0	n/a	n/a	n/a	n/a
88.825	0.08	saccade	n/a	624.6	266.7	n/a	121.3	316.5	17.97	379.0
88.907	0.44	fixation	n/a	132.3	312.8	3579.0	n/a	n/a	n/a	n/a
89.349	0.02	saccade	n/a	136.0	310.2	n/a	168.3	302.2	1.18	76.0
89.371	0.238	fixation	n/a	182.7	299.3	3565.0	n/a	n/a	n/a	n/a
89.611	0.026	saccade	n/a	186.7	300.9	n/a	253.4	307.9	2.41	118.0
89.639	0.22	fixation	n/a	261.8	308.3	3574.0	n/a	n/a	n/a	n/a
89.861	0.154	saccade	n/a	262.4	311.6	n/a	358.3	293.1	3.54	1400.0
89.901	0.048	blink	n/a	n/a	n/a	n/a	n/a	n/a	n/a	n/a
90.017	0.216	fixation	n/a	350.9	299.9	3612.0	n/a	n/a	n/a	n/a
90.235	0.026	saccade	n/a	351.0	304.0	n/a	421.2	307.3	2.56	135.0
90.263	0.246	fixation	n/a	424.4	305.2	3529.0	n/a	n/a	n/a	n/a
90.511	0.034	saccade	n/a	420.6	298.4	n/a	536.4	301.5	4.2	171.0
90.547	0.352	fixation	n/a	547.1	314.3	3432.0	n/a	n/a	n/a	n/a
90.901	0.07	saccade	n/a	547.4	304.8	n/a	130.5	385.9	15.13	399.0
90.973	0.372	fixation	n/a	135.0	389.2	3442.0	n/a	n/a	n/a	n/a
91.347	0.028	saccade	n/a	129.9	381.6	n/a	219.3	365.8	3.2	161.0
91.377	0.312	fixation	n/a	237.3	365.4	3607.0	n/a	n/a	n/a	n/a
91.691	0.03	saccade	n/a	235.1	359.1	n/a	349.2	361.0	4.1	212.0
91.723	0.32	fixation	n/a	374.5	365.7	3743.0	n/a	n/a	n/a	n/a
92.045	0.026	saccade	n/a	374.2	363.7	n/a	435.4	364.9	2.22	103.0
92.073	0.282	fixation	n/a	448.3	366.5	3719.0	n/a	n/a	n/a	n/a
92.357	0.028	saccade	n/a	449.3	371.7	n/a	508.2	376.7	2.15	90.0
92.387	0.18	fixation	n/a	517.8	380.0	3682.0	n/a	n/a	n/a	n/a
92.569	0.022	saccade	n/a	522.9	380.0	n/a	564.4	377.4	1.5	92.0
92.593	0.602	fixation	n/a	566.4	376.3	3625.0	n/a	n/a	n/a	n/a
92.968	0.0	trigger_13	13	n/a	n/a	n/a	n/a	n/a	n/a	n/a
93.03	0.0	trigger_10	10	n/a	n/a	n/a	n/a	n/a	n/a	n/a
93.197	0.07	saccade	n/a	571.2	382.5	n/a	203.7	230.8	14.31	430.0
93.269	0.052	fixation	n/a	209.1	231.5	3642.0	n/a	n/a	n/a	n/a
93.323	0.03	saccade	n/a	207.9	234.2	n/a	147.6	207.9	2.36	161.0
93.355	0.086	fixation	n/a	152.9	205.1	3619.0	n/a	n/a	n/a	n/a
93.443	0.016	saccade	n/a	150.4	202.7	n/a	135.7	190.2	0.69	51.0
93.461	0.288	fixation	n/a	135.6	195.8	3596.0	n/a	n/a	n/a	n/a
93.751	0.17	saccade	n/a	139.0	203.3	n/a	257.3	189.0	4.26	1335.0
93.791	0.074	blink	n/a	n/a	n/a	n/a	n/a	n/a	n/a	n/a
93.923	0.37	fixation	n/a	259.5	180.2	3797.0	n/a	n/a	n/a	n/a
94.295	0.014	saccade	n/a	269.4	177.1	n/a	286.2	179.0	0.61	50.0
94.311	0.414	fixation	n/a	283.6	180.5	3736.0	n/a	n/a	n/a	n/a
94.727	0.022	saccade	n/a	274.4	179.4	n/a	325.1	178.2	1.84	115.0
94.751	0.476	fixation	n/a	324.8	178.2	3788.0	n/a	n/a	n/a	n/a
95.229	0.018	saccade	n/a	331.5	181.4	n/a	358.7	181.0	0.99	70.0
95.249	0.36	fixation	n/a	377.5	175.6	3852.0	n/a	n/a	n/a	n/a
95.611	0.022	saccade	n/a	382.2	175.7	n/a	419.0	178.2	1.35	76.0
95.635	0.436	fixation	n/a	422.1	171.5	3966.0	n/a	n/a	n/a	n/a
96.073	0.026	saccade	n/a	426.0	171.0	n/a	484.5	177.2	2.15	104.0
96.101	0.576	fixation	n/a	476.8	180.2	3997.0	n/a	n/a	n/a	n/a
96.679	0.02	saccade	n/a	472.7	187.3	n/a	505.4	193.9	1.22	77.0
96.701	0.268	fixation	n/a	504.5	193.0	3947.0	n/a	n/a	n/a	n/a
96.971	0.02	saccade	n/a	504.4	192.8	n/a	532.9	197.8	1.05	66.0
96.993	0.254	fixation	n/a	546.3	197.1	3961.0	n/a	n/a	n/a	n/a
97.249	0.026	saccade	n/a	549.7	199.0	n/a	487.1	197.1	2.28	144.0
97.277	0.24	fixation	n/a	490.8	194.5	4022.0	n/a	n/a	n/a	n/a
97.519	0.024	saccade	n/a	493.5	190.0	n/a	554.1	197.7	2.22	132.0
97.545	0.198	fixation	n/a	558.5	196.7	3977.0	n/a	n/a	n/a	n/a
97.745	0.02	saccade	n/a	561.5	196.6	n/a	594.8	194.1	1.21	78.0
97.767	0.312	fixation	n/a	602.6	194.1	3970.0	n/a	n/a	n/a	n/a
98.081	0.09	saccade	n/a	603.2	192.3	n/a	146.7	253.8	16.49	331.0
98.173	0.176	fixation	n/a	153.2	251.9	4062.0	n/a	n/a	n/a	n/a
98.351	0.026	saccade	n/a	154.1	252.0	n/a	98.3	256.3	1.97	129.0
98.379	0.158	fixation	n/a	101.1	253.9	3977.0	n/a	n/a	n/a	n/a
98.539	0.026	saccade	n/a	103.7	255.2	n/a	177.7	241.9	2.66	160.0
98.567	0.726	fixation	n/a	189.8	243.1	3767.0	n/a	n/a	n/a	n/a
99.295	0.02	saccade	n/a	197.6	242.7	n/a	231.4	243.2	1.21	75.0
99.317	0.306	fixation	n/a	253.0	240.9	3684.0	n/a	n/a	n/a	n/a
99.625	0.024	saccade	n/a	253.8	237.4	n/a	194.8	245.3	2.13	121.0
99.651	0.44	fixation	n/a	196.5	241.6	3703.0	n/a	n/a	n/a	n/a
99.874	0.0	trigger_11	11	n/a	n/a	n/a	n/a	n/a	n/a	n/a
99.938	0.0	trigger_10	10	n/a	n/a	n/a	n/a	n/a	n/a	n/a
100.093	0.024	saccade	n/a	196.6	241.2	n/a	144.3	216.7	2.06	117.0
100.119	0.218	fixation	n/a	137.2	204.9	3712.0	n/a	n/a	n/a	n/a
100.339	0.212	saccade	n/a	131.0	203.1	n/a	201.7	190.1	2.56	1395.0
100.381	0.11	blink	n/a	n/a	n/a	n/a	n/a	n/a	n/a	n/a
100.553	0.48	fixation	n/a	200.6	186.2	3611.0	n/a	n/a	n/a	n/a
101.035	0.028	saccade	n/a	201.1	183.5	n/a	130.4	195.0	2.54	156.0
101.065	0.25	fixation	n/a	143.5	196.4	3564.0	n/a	n/a	n/a	n/a
101.317	0.028	saccade	n/a	141.6	197.1	n/a	217.7	184.3	2.75	154.0
101.347	0.32	fixation	n/a	232.9	187.1	3601.0	n/a	n/a	n/a	n/a
101.669	0.016	saccade	n/a	234.9	194.4	n/a	215.3	192.4	0.71	55.0
101.687	0.128	fixation	n/a	216.8	182.6	3625.0	n/a	n/a	n/a	n/a
101.817	0.028	saccade	n/a	213.8	177.6	n/a	291.5	180.2	2.8	159.0
101.847	1.034	fixation	n/a	306.3	184.7	3811.0	n/a	n/a	n/a	n/a
102.883	0.026	saccade	n/a	314.0	194.0	n/a	379.7	190.4	2.4	131.0
102.911	0.216	fixation	n/a	387.7	190.6	3965.0	n/a	n/a	n/a	n/a
103.129	0.034	saccade	n/a	387.6	190.7	n/a	263.3	238.0	4.84	243.0
103.165	0.27	fixation	n/a	260.7	238.4	4060.0	n/a	n/a	n/a	n/a
103.437	0.06	saccade	n/a	264.6	238.5	n/a	505.6	195.3	8.84	287.0
103.499	0.164	fixation	n/a	508.0	198.2	4022.0	n/a	n/a	n/a	n/a
103.665	0.026	saccade	n/a	511.8	197.7	n/a	578.3	194.5	2.4	139.0
103.693	0.194	fixation	n/a	587.2	195.2	4006.0	n/a	n/a	n/a	n/a
103.889	0.05	saccade	n/a	593.7	197.8	n/a	385.8	187.4	7.5	358.0
103.941	0.286	fixation	n/a	392.4	188.9	3928.0	n/a	n/a	n/a	n/a
104.229	0.036	saccade	n/a	394.1	191.5	n/a	256.3	185.6	4.96	243.0
104.267	0.22	fixation	n/a	262.5	185.0	3921.0	n/a	n/a	n/a	n/a
104.489	0.034	saccade	n/a	268.4	183.2	n/a	157.9	191.6	3.92	212.0
104.525	0.302	fixation	n/a	164.7	188.0	4055.0	n/a	n/a	n/a	n/a
104.829	0.028	saccade	n/a	166.8	182.6	n/a	245.5	177.4	2.79	129.0
104.859	0.312	fixation	n/a	249.5	177.3	4255.0	n/a	n/a	n/a	n/a
105.173	0.024	saccade	n/a	251.3	176.7	n/a	296.4	167.1	1.65	88.0
105.199	0.198	fixation	n/a	297.6	167.6	4323.0	n/a	n/a	n/a	n/a
105.399	0.026	saccade	n/a	296.3	164.8	n/a	228.6	171.0	2.42	136.0
105.427	0.388	fixation	n/a	230.4	161.0	4381.0	n/a	n/a	n/a	n/a
105.817	0.022	saccade	n/a	233.6	152.0	n/a	277.4	144.5	1.58	96.0
105.841	0.542	fixation	n/a	302.5	151.1	4354.0	n/a	n/a	n/a	n/a
106.385	0.03	saccade	n/a	320.3	154.0	n/a	399.4	154.5	2.84	143.0
106.417	0.678	fixation	n/a	391.4	154.8	4346.0	n/a	n/a	n/a	n/a
107.097	0.038	saccade	n/a	380.8	159.7	n/a	507.0	168.2	4.54	186.0
107.137	0.23	fixation	n/a	509.3	167.7	4208.0	n/a	n/a	n/a	n/a
107.369	0.026	saccade	n/a	511.8	169.6	n/a	572.4	170.9	2.16	112.0
107.397	0.354	fixation	n/a	616.1	176.2	4166.0	n/a	n/a	n/a	n/a
107.753	0.074	saccade	n/a	615.8	173.7	n/a	164.7	226.9	16.0	392.0
107.829	0.156	fixation	n/a	170.7	225.6	4093.0	n/a	n/a	n/a	n/a
107.987	0.014	saccade	n/a	164.8	226.7	n/a	150.6	236.6	0.61	48.0
108.003	0.108	fixation	n/a	153.3	234.8	4036.0	n/a	n/a	n/a	n/a
108.113	0.024	saccade	n/a	159.5	238.0	n/a	227.4	237.7	2.39	133.0
108.139	0.236	fixation	n/a	231.8	238.8	3977.0	n/a	n/a	n/a	n/a
108.377	0.028	saccade	n/a	237.8	242.1	n/a	318.3	237.2	2.87	133.0
108.407	0.176	fixation	n/a	331.0	241.3	4005.0	n/a	n/a	n/a	n/a
108.585	0.024	saccade	n/a	332.3	241.8	n/a	397.4	240.6	2.34	134.0
108.611	0.164	fixation	n/a	404.9	242.0	4006.0	n/a	n/a	n/a	n/a
108.777	0.176	saccade	n/a	400.6	249.6	n/a	522.2	258.1	4.38	1429.0
108.827	0.066	blink	n/a	n/a	n/a	n/a	n/a	n/a	n/a	n/a
108.955	0.244	fixation	n/a	527.4	250.3	3982.0	n/a	n/a	n/a	n/a
109.201	0.028	saccade	n/a	519.3	241.4	n/a	602.2	240.7	2.96	147.0
109.231	0.17	fixation	n/a	600.8	250.1	3923.0	n/a	n/a	n/a	n/a
109.403	0.074	saccade	n/a	597.1	237.3	n/a	166.4	317.7	15.44	396.0
109.479	0.27	fixation	n/a	172.5	306.4	3922.0	n/a	n/a	n/a	n/a
109.751	0.038	saccade	n/a	181.5	307.8	n/a	298.8	305.9	4.15	160.0
109.791	0.228	fixation	n/a	304.3	306.1	3957.0	n/a	n/a	n/a	n/a
110.021	0.024	saccade	n/a	314.8	301.0	n/a	368.5	306.2	1.93	109.0
110.047	0.192	fixation	n/a	380.6	313.6	3979.0	n/a	n/a	n/a	n/a
110.241	0.026	saccade	n/a	381.7	315.7	n/a	452.6	296.5	2.64	133.0
110.269	0.188	fixation	n/a	453.0	296.6	3997.0	n/a	n/a	n/a	n/a
110.418	0.0	trigger_11	11	n/a	n/a	n/a	n/a	n/a	n/a	n/a
110.459	0.048	saccade	n/a	453.0	300.8	n/a	247.3	191.8	8.33	330.0
110.474	0.0	trigger_10	10	n/a	n/a	n/a	n/a	n/a	n/a	n/a
110.509	0.18	fixation	n/a	240.0	193.5	3957.0	n/a	n/a	n/a	n/a
110.691	0.03	saccade	n/a	241.0	192.6	n/a	153.6	184.2	3.09	189.0
110.723	0.244	fixation	n/a	156.4	185.0	3966.0	n/a	n/a	n/a	n/a
110.969	0.03	saccade	n/a	151.7	181.1	n/a	253.2	185.9	3.57	201.0
111.001	0.348	fixation	n/a	266.8	182.4	4095.0	n/a	n/a	n/a	n/a
111.351	0.034	saccade	n/a	266.1	182.2	n/a	170.9	192.8	3.38	207.0
111.387	0.228	fixation	n/a	188.8	189.5	4176.0	n/a	n/a	n/a	n/a
111.617	0.038	saccade	n/a	192.7	188.3	n/a	324.2	186.3	4.66	196.0
111.657	0.378	fixation	n/a	343.4	179.6	4244.0	n/a	n/a	n/a	n/a
112.037	0.036	saccade	n/a	358.0	177.5	n/a	491.4	178.8	4.78	188.0
112.075	0.288	fixation	n/a	494.9	176.1	4265.0	n/a	n/a	n/a	n/a
112.365	0.058	saccade	n/a	497.7	178.0	n/a	163.4	244.8	12.08	427.0
112.425	0.134	fixation	n/a	166.4	245.8	4247.0	n/a	n/a	n/a	n/a
112.561	0.016	saccade	n/a	163.3	246.6	n/a	137.4	245.0	0.9	71.0
112.579	0.132	fixation	n/a	144.8	243.9	4152.0	n/a	n/a	n/a	n/a
112.713	0.03	saccade	n/a	145.6	247.3	n/a	248.6	238.6	3.63	200.0
112.745	0.584	fixation	n/a	257.9	243.6	4134.0	n/a	n/a	n/a	n/a
113.106	0.0	trigger_11	11	n/a	n/a	n/a	n/a	n/a	n/a	n/a
113.17	0.0	trigger_12	12	n/a	n/a	n/a	n/a	n/a	n/a	n/a
113.331	0.03	saccade	n/a	261.1	245.3	n/a	185.3	195.9	3.22	146.0
113.363	0.594	fixation	n/a	180.9	194.5	4166.0	n/a	n/a	n/a	n/a
113.959	0.026	saccade	n/a	189.1	188.3	n/a	268.6	182.3	2.82	146.0
113.987	0.392	fixation	n/a	273.5	179.7	4192.0	n/a	n/a	n/a	n/a
114.381	0.02	saccade	n/a	274.3	178.2	n/a	302.8	178.4	1.02	62.0
114.403	0.276	fixation	n/a	337.3	175.1	4102.0	n/a	n/a	n/a	n/a
114.681	0.024	saccade	n/a	338.3	177.0	n/a	274.3	183.5	2.3	123.0
114.707	0.212	fixation	n/a	275.7	184.6	4028.0	n/a	n/a	n/a	n/a
114.921	0.022	saccade	n/a	277.2	184.0	n/a	331.5	181.0	1.94	118.0
114.945	0.17	fixation	n/a	361.1	180.4	4011.0	n/a	n/a	n/a	n/a
115.117	0.19	saccade	n/a	364.2	188.5	n/a	463.2	197.7	3.56	1634.0
115.159	0.092	blink	n/a	n/a	n/a	n/a	n/a	n/a	n/a	n/a
115.309	0.262	fixation	n/a	469.4	187.3	4041.0	n/a	n/a	n/a	n/a
115.573	0.03	saccade	n/a	463.7	179.6	n/a	544.9	191.1	2.94	121.0
115.605	0.166	fixation	n/a	556.0	187.5	3915.0	n/a	n/a	n/a	n/a
115.773	0.026	saccade	n/a	555.8	187.9	n/a	618.0	182.7	2.22	110.0
115.801	0.162	fixation	n/a	614.0	191.4	3895.0	n/a	n/a	n/a	n/a
115.965	0.072	saccade	n/a	605.7	190.1	n/a	154.8	249.7	15.99	424.0
116.039	0.258	fixation	n/a	164.5	251.8	3956.0	n/a	n/a	n/a	n/a
116.299	0.02	saccade	n/a	164.5	253.4	n/a	194.7	253.0	1.06	69.0
116.321	0.176	fixation	n/a	205.6	246.2	3930.0	n/a	n/a	n/a	n/a
116.499	0.032	saccade	n/a	208.5	253.1	n/a	298.8	253.6	3.2	190.0
116.533	0.27	fixation	n/a	298.3	251.4	3979.0	n/a	n/a	n/a	n/a
116.805	0.02	saccade	n/a	298.2	256.6	n/a	338.5	250.8	1.46	98.0
116.827	0.188	fixation	n/a	344.3	256.9	4001.0	n/a	n/a	n/a	n/a
117.017	0.03	saccade	n/a	346.0	255.9	n/a	458.2	254.8	4.02	213.0
117.049	0.232	fixation	n/a	462.3	246.9	4023.0	n/a	n/a	n/a	n/a
117.283	0.03	saccade	n/a	462.6	236.7	n/a	533.4	248.8	2.57	116.0
117.315	0.394	fixation	n/a	539.4	254.9	3933.0	n/a	n/a	n/a	n/a
117.711	0.024	saccade	n/a	542.9	266.7	n/a	588.3	259.3	1.64	82.0
117.737	0.188	fixation	n/a	598.6	256.8	3867.0	n/a	n/a	n/a	n/a
117.927	0.018	saccade	n/a	603.0	253.7	n/a	630.8	252.6	0.98	69.0
117.947	0.21	fixation	n/a	633.4	255.4	3825.0	n/a	n/a	n/a	n/a
118.159	0.078	saccade	n/a	634.4	254.5	n/a	162.9	322.7	16.72	426.0
118.239	0.218	fixation	n/a	172.3	322.5	3771.0	n/a	n/a	n/a	n/a
118.459	0.022	saccade	n/a	178.5	323.5	n/a	227.8	321.8	1.73	103.0
118.483	0.19	fixation	n/a	240.3	320.0	3756.0	n/a	n/a	n/a	n/a
118.675	0.022	saccade	n/a	244.7	318.8	n/a	302.7	312.3	2.07	128.0
118.699	0.232	fixation	n/a	317.2	315.0	3803.0	n/a	n/a	n/a	n/a
118.933	0.022	saccade	n/a	318.3	318.6	n/a	358.0	325.8	1.44	86.0
118.957	0.196	fixation	n/a	379.0	327.0	3850.0	n/a	n/a	n/a	n/a
119.155	0.04	saccade	n/a	381.4	325.5	n/a	490.1	315.4	3.9	140.0
119.197	0.23	fixation	n/a	494.9	315.1	3823.0	n/a	n/a	n/a	n/a
119.429	0.016	saccade	n/a	500.7	314.2	n/a	521.9	315.2	0.76	57.0
119.447	0.142	fixation	n/a	528.4	315.7	3723.0	n/a	n/a	n/a	n/a
119.591	0.064	saccade	n/a	531.2	317.8	n/a	181.1	381.5	12.56	372.0
119.657	0.286	fixation	n/a	183.7	381.9	3661.0	n/a	n/a	n/a	n/a
119.945	0.028	saccade	n/a	182.8	382.8	n/a	247.5	373.0	2.29	100.0
119.975	0.23	fixation	n/a	257.1	370.7	3630.0	n/a	n/a	n/a	n/a
120.207	0.02	saccade	n/a	265.2	372.9	n/a	299.4	369.3	1.22	74.0
120.229	0.176	fixation	n/a	318.4	369.4	3636.0	n/a	n/a	n/a	n/a
120.407	0.026	saccade	n/a	322.1	372.0	n/a	373.7	376.9	1.84	90.0
120.435	0.178	fixation	n/a	387.2	377.0	3636.0	n/a	n/a	n/a	n/a
120.615	0.022	saccade	n/a	392.6	381.6	n/a	431.7	366.6	1.5	93.0
120.639	0.338	fixation	n/a	443.4	364.3	3611.0	n/a	n/a	n/a	n/a
120.979	0.032	saccade	n/a	444.6	364.0	n/a	554.4	380.0	3.94	183.0
121.013	0.208	fixation	n/a	559.9	375.3	3608.0	n/a	n/a	n/a	n/a
121.223	0.026	saccade	n/a	559.9	373.4	n/a	626.4	384.7	2.38	119.0
121.251	0.518	fixation	n/a	644.0	387.6	3683.0	n/a	n/a	n/a	n/a
121.771	0.08	saccade	n/a	654.7	391.4	n/a	176.4	430.3	16.72	378.0
121.853	0.374	fixation	n/a	179.5	433.9	3733.0	n/a	n/a	n/a	n/a
122.229	0.024	saccade	n/a	181.8	437.1	n/a	245.4	438.0	2.22	134.0
122.255	0.2	fixation	n/a	262.1	433.3	3688.0	n/a	n/a	n/a	n/a
122.457	0.028	saccade	n/a	263.0	429.8	n/a	349.3	410.8	3.11	148.0
122.487	0.146	fixation	n/a	370.5	412.6	3734.0	n/a	n/a	n/a	n/a
122.635	0.058	saccade	n/a	370.1	415.3	n/a	194.1	193.9	10.06	286.0
122.695	0.228	fixation	n/a	195.1	188.2	3717.0	n/a	n/a	n/a	n/a
122.925	0.036	saccade	n/a	195.3	186.8	n/a	329.4	177.2	4.76	208.0
122.963	0.284	fixation	n/a	333.2	174.2	3777.0	n/a	n/a	n/a	n/a
123.249	0.032	saccade	n/a	333.0	169.7	n/a	253.9	191.1	2.92	180.0
123.283	0.306	fixation	n/a	267.1	191.6	3897.0	n/a	n/a	n/a	n/a
123.591	0.07	saccade	n/a	273.2	193.6	n/a	457.1	176.8	6.6	166.0
123.663	0.2	fixation	n/a	453.9	178.1	4019.0	n/a	n/a	n/a	n/a
123.865	0.032	saccade	n/a	454.5	178.2	n/a	538.5	168.1	3.03	162.0
123.899	0.322	fixation	n/a	534.0	167.2	4144.0	n/a	n/a	n/a	n/a
123.988	0.0	trigger_13	13	n/a	n/a	n/a	n/a	n/a	n/a	n/a
124.048	0.0	trigger_10	10	n/a	n/a	n/a	n/a	n/a	n/a	n/a
124.223	0.202	saccade	n/a	535.8	164.2	n/a	160.7	183.8	13.25	1558.0
124.299	0.088	blink	n/a	n/a	n/a	n/a	n/a	n/a	n/a	n/a
124.427	0.212	fixation	n/a	156.5	184.5	4204.0	n/a	n/a	n/a	n/a
124.641	0.022	saccade	n/a	157.4	190.6	n/a	200.4	171.0	1.67	104.0
124.665	0.294	fixation	n/a	211.1	176.5	4020.0	n/a	n/a	n/a	n/a
124.961	0.028	saccade	n/a	208.9	186.6	n/a	293.8	165.9	3.1	195.0
124.991	0.234	fixation	n/a	305.2	170.0	4020.0	n/a	n/a	n/a	n/a
125.227	0.026	saccade	n/a	316.1	171.3	n/a	391.0	172.2	2.68	138.0
125.255	0.192	fixation	n/a	444.7	165.8	4105.0	n/a	n/a	n/a	n/a
125.449	0.022	saccade	n/a	448.1	169.9	n/a	488.8	170.1	1.46	96.0
125.473	0.136	fixation	n/a	492.1	171.4	4109.0	n/a	n/a	n/a	n/a
125.611	0.036	saccade	n/a	494.0	170.2	n/a	611.7	180.7	4.21	219.0
125.649	0.268	fixation	n/a	617.9	179.9	4047.0	n/a	n/a	n/a	n/a
125.919	0.078	saccade	n/a	623.3	187.4	n/a	155.7	245.1	16.54	409.0
125.999	0.26	fixation	n/a	157.0	240.0	4017.0	n/a	n/a	n/a	n/a
126.261	0.034	saccade	n/a	157.3	242.6	n/a	260.7	239.2	3.64	153.0
126.297	0.84	fixation	n/a	264.1	244.5	3953.0	n/a	n/a	n/a	n/a
127.139	0.046	saccade	n/a	274.5	248.3	n/a	394.2	247.4	4.28	165.0
127.187	0.26	fixation	n/a	393.0	249.8	3934.0	n/a	n/a	n/a	n/a
127.449	0.024	saccade	n/a	395.6	251.7	n/a	455.8	245.1	2.17	112.0
127.475	0.212	fixation	n/a	471.7	247.7	3924.0	n/a	n/a	n/a	n/a
127.689	0.03	saccade	n/a	474.0	247.3	n/a	408.8	184.6	3.27	185.0
127.721	0.266	fixation	n/a	411.8	189.4	3864.0	n/a	n/a	n/a	n/a
127.989	0.034	saccade	n/a	409.4	188.2	n/a	540.9	187.8	4.7	199.0
128.025	0.422	fixation	n/a	559.3	186.9	3848.0	n/a	n/a	n/a	n/a
128.449	0.078	saccade	n/a	560.6	188.1	n/a	242.0	195.2	11.32	312.0
128.529	0.134	fixation	n/a	247.8	198.6	3852.0	n/a	n/a	n/a	n/a
128.665	0.02	saccade	n/a	245.5	197.9	n/a	206.2	193.3	1.4	94.0
128.687	0.234	fixation	n/a	212.0	191.6	3853.0	n/a	n/a	n/a	n/a
128.923	0.026	saccade	n/a	216.5	196.0	n/a	264.2	240.1	2.32	125.0
128.951	0.216	fixation	n/a	288.6	249.8	3933.0	n/a	n/a	n/a	n/a
129.169	0.038	saccade	n/a	285.9	246.5	n/a	401.1	242.3	4.12	178.0
129.209	0.192	fixation	n/a	401.4	243.8	3936.0	n/a	n/a	n/a	n/a
129.403	0.028	saccade	n/a	403.5	246.7	n/a	474.0	248.1	2.53	114.0
129.433	0.244	fixation	n/a	483.8	250.8	3799.0	n/a	n/a	n/a	n/a
129.452	0.0	trigger_11	11	n/a	n/a	n/a	n/a	n/a	n/a	n/a
129.512	0.0	trigger_10	10	n/a	n/a	n/a	n/a	n/a	n/a	n/a
129.679	0.256	saccade	n/a	481.8	252.0	n/a	147.5	197.8	11.97	1033.0
129.803	0.072	blink	n/a	n/a	n/a	n/a	n/a	n/a	n/a	n/a
129.937	0.266	fixation	n/a	150.9	196.0	3718.0	n/a	n/a	n/a	n/a
130.205	0.036	saccade	n/a	149.5	180.6	n/a	234.1	181.3	2.97	105.0
130.243	0.16	fixation	n/a	233.5	190.4	3719.0	n/a	n/a	n/a	n/a
130.405	0.018	saccade	n/a	239.6	181.8	n/a	267.8	179.3	1.01	66.0
130.425	0.266	fixation	n/a	276.8	188.3	3772.0	n/a	n/a	n/a	n/a
130.693	0.018	saccade	n/a	280.6	190.0	n/a	307.7	181.3	1.02	69.0
130.713	0.272	fixation	n/a	320.2	184.4	3782.0	n/a	n/a	n/a	n/a
130.987	0.024	saccade	n/a	328.6	191.4	n/a	379.0	190.1	1.8	91.0
131.013	0.186	fixation	n/a	387.7	185.9	3746.0	n/a	n/a	n/a	n/a
131.201	0.02	saccade	n/a	394.9	184.8	n/a	428.5	186.3	1.21	82.0
131.223	0.252	fixation	n/a	431.1	186.2	3759.0	n/a	n/a	n/a	n/a
131.477	0.018	saccade	n/a	434.4	185.4	n/a	460.6	185.5	0.94	60.0
131.497	0.166	fixation	n/a	472.3	185.1	3767.0	n/a	n/a	n/a	n/a
131.665	0.024	saccade	n/a	476.5	185.6	n/a	534.5	185.2	2.08	114.0
131.691	0.222	fixation	n/a	542.4	186.1	3807.0	n/a	n/a	n/a	n/a
131.915	0.022	saccade	n/a	544.4	184.7	n/a	584.3	185.5	1.42	83.0
131.939	0.812	fixation	n/a	590.8	185.9	3857.0	n/a	n/a	n/a	n/a
132.753	0.086	saccade	n/a	602.8	195.8	n/a	153.0	250.0	15.93	295.0
132.841	0.63	fixation	n/a	152.6	250.6	3848.0	n/a	n/a	n/a	n/a
133.473	0.024	saccade	n/a	148.9	252.3	n/a	208.7	240.6	2.14	122.0
133.499	0.29	fixation	n/a	217.3	240.6	3792.0	n/a	n/a	n/a	n/a
133.791	0.058	saccade	n/a	219.9	241.5	n/a	547.3	203.7	11.71	317.0
133.851	0.21	fixation	n/a	551.2	201.7	3782.0	n/a	n/a	n/a	n/a
134.063	0.022	saccade	n/a	554.4	200.1	n/a	599.9	191.4	1.65	100.0
134.087	0.116	fixation	n/a	600.8	189.8	3765.0	n/a	n/a	n/a	n/a
134.205	0.062	saccade	n/a	601.5	190.7	n/a	245.9	198.6	12.61	430.0
134.269	0.142	fixation	n/a	255.9	199.6	3742.0	n/a	n/a	n/a	n/a
134.413	0.028	saccade	n/a	257.0	200.1	n/a	186.5	193.0	2.5	166.0
134.443	0.162	fixation	n/a	189.6	191.7	3721.0	n/a	n/a	n/a	n/a
134.607	0.034	saccade	n/a	191.7	193.7	n/a	325.6	185.3	4.76	252.0
134.643	0.264	fixation	n/a	331.8	182.3	3709.0	n/a	n/a	n/a	n/a
134.909	0.026	saccade	n/a	332.9	180.6	n/a	399.6	176.3	2.39	125.0
134.937	0.3	fixation	n/a	417.3	179.0	3684.0	n/a	n/a	n/a	n/a
135.004	0.0	trigger_11	11	n/a	n/a	n/a	n/a	n/a	n/a	n/a
135.066	0.0	trigger_10	10	n/a	n/a	n/a	n/a	n/a	n/a	n/a
135.239	0.048	saccade	n/a	420.3	180.9	n/a	200.2	186.6	7.82	319.0
135.289	0.07	fixation	n/a	203.9	187.1	3710.0	n/a	n/a	n/a	n/a
135.361	0.032	saccade	n/a	204.3	187.6	n/a	132.2	197.6	2.54	201.0
135.395	0.222	fixation	n/a	140.7	197.9	3678.0	n/a	n/a	n/a	n/a
135.619	0.18	saccade	n/a	144.9	202.5	n/a	191.6	183.2	1.78	1409.0
135.661	0.078	blink	n/a	n/a	n/a	n/a	n/a	n/a	n/a	n/a
135.801	0.568	fixation	n/a	191.2	182.0	3698.0	n/a	n/a	n/a	n/a
136.371	0.046	saccade	n/a	203.5	178.5	n/a	360.6	177.9	5.58	210.0
136.419	0.2	fixation	n/a	357.8	183.2	3746.0	n/a	n/a	n/a	n/a
136.621	0.034	saccade	n/a	362.0	184.9	n/a	500.9	183.7	4.98	218.0
136.657	0.322	fixation	n/a	511.5	183.5	3829.0	n/a	n/a	n/a	n/a
136.981	0.022	saccade	n/a	512.5	182.2	n/a	559.0	185.2	1.66	98.0
137.005	0.19	fixation	n/a	559.9	183.3	3843.0	n/a	n/a	n/a	n/a
137.197	0.066	saccade	n/a	557.7	180.3	n/a	182.5	237.0	13.44	389.0
137.265	0.13	fixation	n/a	186.6	237.0	3912.0	n/a	n/a	n/a	n/a
137.397	0.018	saccade	n/a	184.2	240.8	n/a	155.4	247.3	1.03	81.0
137.417	0.436	fixation	n/a	159.8	240.1	3966.0	n/a	n/a	n/a	n/a
137.855	0.026	saccade	n/a	160.1	225.6	n/a	227.2	225.2	2.35	124.0
137.883	0.22	fixation	n/a	245.3	234.2	4100.0	n/a	n/a	n/a	n/a
138.105	0.028	saccade	n/a	250.3	238.1	n/a	307.5	235.0	2.05	83.0
138.135	0.194	fixation	n/a	336.1	232.9	4139.0	n/a	n/a	n/a	n/a
138.331	0.026	saccade	n/a	340.5	229.9	n/a	411.1	228.7	2.55	131.0
138.359	0.24	fixation	n/a	408.8	232.4	4140.0	n/a	n/a	n/a	n/a
138.601	0.026	saccade	n/a	411.5	231.7	n/a	456.1	235.9	1.63	69.0
138.629	0.194	fixation	n/a	461.3	233.7	4159.0	n/a	n/a	n/a	n/a
138.825	0.02	saccade	n/a	462.1	232.2	n/a	496.0	232.5	1.23	74.0
138.847	0.118	fixation	n/a	514.3	234.6	4111.0	n/a	n/a	n/a	n/a
138.967	0.024	saccade	n/a	516.5	234.1	n/a	571.6	234.8	2.0	117.0
138.993	0.474	fixation	n/a	577.3	234.0	4105.0	n/a	n/a	n/a	n/a
139.469	0.066	saccade	n/a	588.8	238.8	n/a	160.8	287.3	15.39	444.0
139.537	0.126	fixation	n/a	170.6	288.3	4105.0	n/a	n/a	n/a	n/a
139.665	0.018	saccade	n/a	168.7	291.1	n/a	137.5	298.4	1.13	87.0
139.685	0.184	fixation	n/a	148.5	300.0	4086.0	n/a	n/a	n/a	n/a
139.871	0.028	saccade	n/a	151.1	304.2	n/a	246.9	285.9	3.47	202.0
139.901	0.296	fixation	n/a	251.2	291.3	4140.0	n/a	n/a	n/a	n/a
140.199	0.024	saccade	n/a	251.9	293.2	n/a	319.3	283.7	2.45	146.0
140.225	0.52	fixation	n/a	336.2	280.4	4164.0	n/a	n/a	n/a	n/a
140.747	0.2	saccade	n/a	342.2	287.0	n/a	181.9	183.7	6.88	1307.0
140.797	0.096	blink	n/a	n/a	n/a	n/a	n/a	n/a	n/a	n/a
140.949	0.398	fixation	n/a	185.6	175.7	4086.0	n/a	n/a	n/a	n/a
141.349	0.036	saccade	n/a	182.8	177.7	n/a	292.9	167.9	3.96	140.0
141.387	0.324	fixation	n/a	303.9	168.0	4067.0	n/a	n/a	n/a	n/a
141.713	0.036	saccade	n/a	298.8	170.9	n/a	177.9	186.0	4.36	211.0
141.74	0.0	trigger_11	11	n/a	n/a	n/a	n/a	n/a	n/a	n/a
141.751	0.22	fixation	n/a	186.4	179.5	4140.0	n/a	n/a	n/a	n/a
141.802	0.0	trigger_10	10	n/a	n/a	n/a	n/a	n/a	n/a	n/a
141.973	0.022	saccade	n/a	184.7	178.6	n/a	151.3	186.7	1.22	108.0
141.997	0.208	fixation	n/a	166.6	176.9	4179.0	n/a	n/a	n/a	n/a
142.207	0.028	saccade	n/a	167.8	174.5	n/a	253.5	173.1	3.06	179.0
142.237	0.252	fixation	n/a	253.7	170.1	4228.0	n/a	n/a	n/a	n/a
142.491	0.026	saccade	n/a	250.8	170.8	n/a	320.6	165.8	2.53	130.0
142.519	0.228	fixation	n/a	336.7	159.9	4240.0	n/a	n/a	n/a	n/a
142.749	0.03	saccade	n/a	340.8	164.4	n/a	438.8	166.2	3.56	187.0
142.781	0.19	fixation	n/a	446.2	170.3	4142.0	n/a	n/a	n/a	n/a
142.973	0.03	saccade	n/a	447.4	175.7	n/a	538.7	179.1	3.32	168.0
143.005	0.342	fixation	n/a	543.7	184.0	3946.0	n/a	n/a	n/a	n/a
143.349	0.024	saccade	n/a	547.1	188.5	n/a	602.5	192.9	2.01	114.0
143.375	0.14	fixation	n/a	600.7	194.0	3847.0	n/a	n/a	n/a	n/a
143.517	0.07	saccade	n/a	599.1	196.4	n/a	137.5	251.8	16.52	385.0
143.589	0.264	fixation	n/a	149.0	253.8	3878.0	n/a	n/a	n/a	n/a
143.855	0.026	saccade	n/a	152.7	253.8	n/a	223.6	257.4	2.52	131.0
143.883	0.258	fixation	n/a	230.5	254.0	3897.0	n/a	n/a	n/a	n/a
144.143	0.032	saccade	n/a	236.4	248.3	n/a	340.9	237.8	3.79	166.0
144.177	0.186	fixation	n/a	353.5	237.2	3951.0	n/a	n/a	n/a	n/a
144.365	0.028	saccade	n/a	356.0	240.5	n/a	443.7	246.7	3.19	150.0
144.395	0.194	fixation	n/a	453.7	248.1	3944.0	n/a	n/a	n/a	n/a
144.591	0.028	saccade	n/a	459.5	248.8	n/a	521.4	253.0	2.25	102.0
144.621	0.212	fixation	n/a	526.7	249.6	3916.0	n/a	n/a	n/a	n/a
144.835	0.016	saccade	n/a	531.3	245.8	n/a	553.2	250.5	0.81	63.0
144.853	0.268	fixation	n/a	565.8	254.0	3832.0	n/a	n/a	n/a	n/a
145.123	0.066	saccade	n/a	567.6	252.5	n/a	174.6	311.2	14.17	408.0
145.191	0.126	fixation	n/a	179.0	311.6	3803.0	n/a	n/a	n/a	n/a
145.319	0.02	saccade	n/a	177.2	315.2	n/a	136.0	319.0	1.45	103.0
145.341	0.316	fixation	n/a	138.6	317.6	3738.0	n/a	n/a	n/a	n/a
145.659	0.026	saccade	n/a	143.1	319.4	n/a	201.9	312.7	2.09	100.0
145.687	0.286	fixation	n/a	212.9	309.5	3738.0	n/a	n/a	n/a	n/a
145.975	0.026	saccade	n/a	215.5	307.1	n/a	286.6	307.4	2.54	134.0
146.003	0.304	fixation	n/a	321.9	309.1	3759.0	n/a	n/a	n/a	n/a
146.309	0.028	saccade	n/a	318.7	309.8	n/a	230.8	313.0	3.15	145.0
146.339	0.3	fixation	n/a	226.3	311.3	3826.0	n/a	n/a	n/a	n/a
146.641	0.186	saccade	n/a	229.1	317.2	n/a	351.6	310.6	4.41	1572.0
146.687	0.086	blink	n/a	n/a	n/a	n/a	n/a	n/a	n/a	n/a
146.829	0.176	fixation	n/a	352.9	299.8	3912.0	n/a	n/a	n/a	n/a
147.007	0.034	saccade	n/a	353.8	297.8	n/a	439.4	312.2	3.14	203.0
147.043	0.246	fixation	n/a	436.9	311.3	3774.0	n/a	n/a	n/a	n/a
147.291	0.026	saccade	n/a	441.2	310.0	n/a	495.8	305.6	1.98	98.0
147.319	0.21	fixation	n/a	504.6	314.5	3683.0	n/a	n/a	n/a	n/a
147.531	0.014	saccade	n/a	509.8	314.8	n/a	526.5	313.3	0.61	49.0
147.547	0.254	fixation	n/a	528.8	314.5	3681.0	n/a	n/a	n/a	n/a
147.803	0.028	saccade	n/a	535.0	307.1	n/a	613.8	315.1	2.84	157.0
147.833	0.22	fixation	n/a	612.1	310.4	3642.0	n/a	n/a	n/a	n/a
148.055	0.062	saccade	n/a	605.4	310.6	n/a	264.0	202.4	12.9	375.0
148.119	0.178	fixation	n/a	268.4	198.8	3713.0	n/a	n/a	n/a	n/a
148.299	0.032	saccade	n/a	268.7	194.2	n/a	169.0	188.0	3.57	188.0
148.333	0.604	fixation	n/a	172.6	185.7	3844.0	n/a	n/a	n/a	n/a
148.702	0.0	trigger_11	11	n/a	n/a	n/a	n/a	n/a	n/a	n/a
148.76	0.0	trigger_12	12	n/a	n/a	n/a	n/a	n/a	n/a	n/a
148.939	0.016	saccade	n/a	173.2	182.7	n/a	146.2	180.4	0.96	74.0
148.957	0.256	fixation	n/a	154.9	182.8	4102.0	n/a	n/a	n/a	n/a
149.215	0.026	saccade	n/a	155.6	186.1	n/a	218.0	181.8	2.22	139.0
149.243	0.256	fixation	n/a	213.6	186.4	4226.0	n/a	n/a	n/a	n/a
149.501	0.022	saccade	n/a	217.1	190.4	n/a	263.9	191.4	1.68	100.0
149.525	0.17	fixation	n/a	269.9	187.4	4246.0	n/a	n/a	n/a	n/a
149.697	0.026	saccade	n/a	270.4	183.3	n/a	334.8	179.0	2.33	126.0
149.725	0.216	fixation	n/a	340.6	178.1	4276.0	n/a	n/a	n/a	n/a
149.943	0.038	saccade	n/a	344.6	180.3	n/a	464.7	172.4	4.36	166.0
149.983	0.338	fixation	n/a	465.6	170.8	4298.0	n/a	n/a	n/a	n/a
150.323	0.056	saccade	n/a	465.7	168.0	n/a	264.1	173.4	7.27	227.0
150.381	0.186	fixation	n/a	275.5	175.5	4254.0	n/a	n/a	n/a	n/a
150.569	0.028	saccade	n/a	275.2	175.2	n/a	195.4	180.9	2.85	162.0
150.599	0.234	fixation	n/a	207.1	181.3	4255.0	n/a	n/a	n/a	n/a
150.835	0.022	saccade	n/a	210.6	180.0	n/a	256.5	176.5	1.64	104.0
150.859	0.242	fixation	n/a	259.7	172.5	4337.0	n/a	n/a	n/a	n/a
151.103	0.022	saccade	n/a	262.4	170.5	n/a	307.0	174.0	1.61	100.0
151.127	0.236	fixation	n/a	308.8	173.6	4393.0	n/a	n/a	n/a	n/a
151.365	0.022	saccade	n/a	308.8	175.8	n/a	352.4	173.9	1.57	94.0
151.389	0.536	fixation	n/a	363.0	175.5	4292.0	n/a	n/a	n/a	n/a
151.927	0.178	saccade	n/a	361.5	182.6	n/a	402.3	179.6	1.48	1580.0
151.973	0.068	blink	n/a	n/a	n/a	n/a	n/a	n/a	n/a	n/a
152.107	0.134	fixation	n/a	398.5	176.5	4256.0	n/a	n/a	n/a	n/a
152.243	0.032	saccade	n/a	398.3	172.1	n/a	476.0	186.3	2.86	157.0
152.277	0.172	fixation	n/a	474.8	175.3	4236.0	n/a	n/a	n/a	n/a
152.451	0.028	saccade	n/a	477.9	170.6	n/a	557.4	191.4	2.96	131.0
152.481	0.326	fixation	n/a	572.2	185.6	4101.0	n/a	n/a	n/a	n/a
152.809	0.068	saccade	n/a	600.2	182.8	n/a	150.9	239.1	16.06	445.0
152.879	0.236	fixation	n/a	157.3	247.3	4154.0	n/a	n/a	n/a	n/a
153.117	0.034	saccade	n/a	155.8	248.1	n/a	269.8	234.1	4.07	219.0
153.153	0.212	fixation	n/a	271.7	234.3	4117.0	n/a	n/a	n/a	n/a
153.367	0.03	saccade	n/a	274.9	235.0	n/a	364.2	236.2	3.22	177.0
153.399	0.168	fixation	n/a	365.3	229.9	4116.0	n/a	n/a	n/a	n/a
153.569	0.034	saccade	n/a	366.2	222.6	n/a	497.5	229.9	4.76	222.0
153.605	0.17	fixation	n/a	504.3	230.3	4124.0	n/a	n/a	n/a	n/a
153.777	0.064	saccade	n/a	509.0	231.3	n/a	158.9	299.2	12.7	419.0
153.843	0.206	fixation	n/a	175.9	308.0	4112.0	n/a	n/a	n/a	n/a
154.051	0.04	saccade	n/a	186.3	310.4	n/a	328.9	294.8	5.12	251.0
154.093	0.248	fixation	n/a	333.6	295.8	4062.0	n/a	n/a	n/a	n/a
154.343	0.024	saccade	n/a	335.9	298.8	n/a	284.0	299.2	1.86	120.0
154.369	0.154	fixation	n/a	293.7	298.7	4070.0	n/a	n/a	n/a	n/a
154.525	0.036	saccade	n/a	297.4	298.9	n/a	400.0	296.1	3.68	171.0
154.563	0.182	fixation	n/a	397.8	294.4	4123.0	n/a	n/a	n/a	n/a
154.747	0.03	saccade	n/a	400.6	289.6	n/a	497.6	281.2	3.5	149.0
154.779	0.188	fixation	n/a	503.2	282.6	4168.0	n/a	n/a	n/a	n/a
154.969	0.064	saccade	n/a	503.9	283.8	n/a	175.4	180.4	12.28	340.0
155.035	0.636	fixation	n/a	195.9	176.7	4340.0	n/a	n/a	n/a	n/a
155.673	0.026	saccade	n/a	227.1	168.5	n/a	283.6	172.3	2.02	98.0
155.701	0.208	fixation	n/a	293.4	167.4	4614.0	n/a	n/a	n/a	n/a
155.911	0.022	saccade	n/a	295.9	170.0	n/a	333.6	168.1	1.37	82.0
155.935	0.174	fixation	n/a	343.7	170.7	4614.0	n/a	n/a	n/a	n/a
156.111	0.034	saccade	n/a	344.3	176.5	n/a	446.3	168.4	3.71	156.0
156.147	0.162	fixation	n/a	447.1	166.7	4538.0	n/a	n/a	n/a	n/a
156.311	0.022	saccade	n/a	449.2	162.4	n/a	495.4	158.5	1.68	105.0
156.335	0.22	fixation	n/a	497.6	158.0	4528.0	n/a	n/a	n/a	n/a
156.557	0.024	saccade	n/a	499.5	163.7	n/a	563.2	168.1	2.3	138.0
156.583	0.152	fixation	n/a	565.4	167.5	4538.0	n/a	n/a	n/a	n/a
156.737	0.068	saccade	n/a	566.6	168.1	n/a	133.6	228.7	15.46	400.0
156.807	0.322	fixation	n/a	134.5	233.6	4465.0	n/a	n/a	n/a	n/a
157.131	0.024	saccade	n/a	129.0	240.2	n/a	181.4	241.4	1.84	107.0
157.157	0.146	fixation	n/a	186.6	238.5	4318.0	n/a	n/a	n/a	n/a
157.305	0.014	saccade	n/a	183.9	239.9	n/a	166.1	240.4	0.63	56.0
157.321	0.214	fixation	n/a	170.2	239.1	4284.0	n/a	n/a	n/a	n/a
157.537	0.032	saccade	n/a	173.8	243.8	n/a	288.3	226.8	4.11	180.0
157.571	0.296	fixation	n/a	298.4	226.5	4261.0	n/a	n/a	n/a	n/a
157.869	0.02	saccade	n/a	302.8	224.9	n/a	336.1	225.5	1.2	73.0
157.891	0.21	fixation	n/a	355.7	228.9	4218.0	n/a	n/a	n/a	n/a
158.103	0.038	saccade	n/a	357.7	230.3	n/a	486.1	231.7	4.64	194.0
158.143	0.212	fixation	n/a	487.2	233.5	4151.0	n/a	n/a	n/a	n/a
158.357	0.062	saccade	n/a	489.3	234.2	n/a	121.6	310.9	13.31	383.0
158.421	0.36	fixation	n/a	131.1	315.9	4091.0	n/a	n/a	n/a	n/a
158.783	0.034	saccade	n/a	132.2	316.5	n/a	239.7	309.6	3.78	178.0
158.819	0.254	fixation	n/a	243.9	308.9	4028.0	n/a	n/a	n/a	n/a
159.075	0.026	saccade	n/a	243.5	310.7	n/a	321.4	304.9	2.79	147.0
159.103	0.212	fixation	n/a	330.9	307.7	3965.0	n/a	n/a	n/a	n/a
159.317	0.032	saccade	n/a	332.2	305.9	n/a	435.9	305.2	3.73	152.0
159.351	0.216	fixation	n/a	445.7	300.1	3892.0	n/a	n/a	n/a	n/a
159.569	0.066	saccade	n/a	447.6	297.3	n/a	137.5	205.0	11.48	379.0
159.637	0.96	fixation	n/a	135.3	196.9	3811.0	n/a	n/a	n/a	n/a
160.094	0.0	trigger_13	13	n/a	n/a	n/a	n/a	n/a	n/a	n/a
160.15	0.0	trigger_10	10	n/a	n/a	n/a	n/a	n/a	n/a	n/a
160.599	0.022	saccade	n/a	122.7	190.5	n/a	164.0	188.4	1.45	85.0
160.623	0.198	fixation	n/a	171.9	188.3	3955.0	n/a	n/a	n/a	n/a
160.823	0.02	saccade	n/a	174.7	190.3	n/a	208.8	186.2	1.21	78.0
160.845	0.218	fixation	n/a	220.3	183.9	3971.0	n/a	n/a	n/a	n/a
161.065	0.02	saccade	n/a	221.7	183.0	n/a	252.1	178.6	1.1	71.0
161.087	0.3	fixation	n/a	256.1	181.2	3970.0	n/a	n/a	n/a	n/a
161.389	0.172	saccade	n/a	257.7	190.3	n/a	271.9	189.4	0.51	1581.0
161.433	0.068	blink	n/a	n/a	n/a	n/a	n/a	n/a	n/a	n/a
161.563	0.198	fixation	n/a	272.7	182.6	3965.0	n/a	n/a	n/a	n/a
161.763	0.048	saccade	n/a	272.6	183.7	n/a	430.5	186.3	5.67	176.0
161.813	0.2	fixation	n/a	432.8	188.2	3901.0	n/a	n/a	n/a	n/a
162.015	0.036	saccade	n/a	435.6	194.5	n/a	573.9	195.4	4.99	225.0
162.053	0.144	fixation	n/a	580.4	195.8	3832.0	n/a	n/a	n/a	n/a
162.199	0.062	saccade	n/a	591.4	190.9	n/a	202.9	261.1	14.06	431.0
162.263	0.158	fixation	n/a	213.0	258.7	3924.0	n/a	n/a	n/a	n/a
162.423	0.02	saccade	n/a	217.0	263.2	n/a	177.0	268.3	1.43	107.0
162.445	0.196	fixation	n/a	183.5	257.3	3883.0	n/a	n/a	n/a	n/a
162.643	0.032	saccade	n/a	186.8	247.8	n/a	278.2	252.4	3.25	118.0
162.677	0.382	fixation	n/a	284.0	249.1	3910.0	n/a	n/a	n/a	n/a
163.061	0.022	saccade	n/a	271.5	249.7	n/a	232.2	250.9	1.4	80.0
163.085	0.236	fixation	n/a	218.7	254.2	3950.0	n/a	n/a	n/a	n/a
163.323	0.034	saccade	n/a	216.0	252.0	n/a	335.8	243.8	4.29	171.0
163.359	0.3	fixation	n/a	349.8	241.3	4007.0	n/a	n/a	n/a	n/a
163.661	0.026	saccade	n/a	358.5	241.8	n/a	424.0	239.0	2.36	119.0
163.689	0.284	fixation	n/a	424.2	242.7	4049.0	n/a	n/a	n/a	n/a
163.975	0.016	saccade	n/a	428.4	247.8	n/a	449.5	249.2	0.76	57.0
163.993	0.162	fixation	n/a	455.9	252.9	4021.0	n/a	n/a	n/a	n/a
164.157	0.194	saccade	n/a	451.5	262.0	n/a	282.2	255.7	6.08	1229.0
164.205	0.098	blink	n/a	n/a	n/a	n/a	n/a	n/a	n/a	n/a
164.353	0.272	fixation	n/a	272.3	255.5	4025.0	n/a	n/a	n/a	n/a
164.627	0.028	saccade	n/a	271.6	251.2	n/a	348.0	248.9	2.74	122.0
164.657	0.348	fixation	n/a	347.5	252.6	3968.0	n/a	n/a	n/a	n/a
165.007	0.03	saccade	n/a	338.6	246.0	n/a	232.0	250.3	3.82	202.0
165.039	0.28	fixation	n/a	237.8	250.0	3966.0	n/a	n/a	n/a	n/a
165.321	0.024	saccade	n/a	239.3	255.6	n/a	173.9	259.1	2.32	128.0
165.347	0.256	fixation	n/a	172.7	259.7	3962.0	n/a	n/a	n/a	n/a
165.605	0.022	saccade	n/a	169.2	252.6	n/a	127.6	245.5	1.48	85.0
165.629	0.226	fixation	n/a	128.8	249.2	4037.0	n/a	n/a	n/a	n/a
165.857	0.024	saccade	n/a	123.9	254.5	n/a	110.1	220.8	1.3	62.0
165.883	0.226	fixation	n/a	131.4	205.4	4046.0	n/a	n/a	n/a	n/a
166.111	0.026	saccade	n/a	138.8	204.9	n/a	216.5	190.2	2.79	140.0
166.139	0.198	fixation	n/a	230.5	189.5	4028.0	n/a	n/a	n/a	n/a
166.339	0.052	saccade	n/a	230.3	187.9	n/a	413.6	180.2	6.56	254.0
166.393	0.238	fixation	n/a	409.9	174.7	4005.0	n/a	n/a	n/a	n/a
166.633	0.042	saccade	n/a	409.2	174.4	n/a	576.4	190.0	6.04	236.0
166.677	0.244	fixation	n/a	583.4	193.0	3876.0	n/a	n/a	n/a	n/a
166.923	0.056	saccade	n/a	580.9	184.4	n/a	315.9	244.1	9.73	310.0
166.981	0.202	fixation	n/a	314.6	245.7	3854.0	n/a	n/a	n/a	n/a
167.185	0.026	saccade	n/a	318.0	249.0	n/a	257.5	250.2	2.17	131.0
167.213	0.25	fixation	n/a	261.9	249.0	3867.0	n/a	n/a	n/a	n/a
167.24	0.0	trigger_11	11	n/a	n/a	n/a	n/a	n/a	n/a	n/a
167.296	0.0	trigger_10	10	n/a	n/a	n/a	n/a	n/a	n/a	n/a
167.465	0.032	saccade	n/a	261.1	243.8	n/a	156.7	184.6	4.27	237.0
167.499	0.188	fixation	n/a	157.5	187.5	3986.0	n/a	n/a	n/a	n/a
167.689	0.02	saccade	n/a	152.6	187.4	n/a	120.4	191.2	1.13	74.0
167.711	0.28	fixation	n/a	126.9	189.3	4069.0	n/a	n/a	n/a	n/a
167.993	0.028	saccade	n/a	126.8	190.0	n/a	196.7	184.8	2.46	114.0
168.023	0.158	fixation	n/a	218.5	186.1	4079.0	n/a	n/a	n/a	n/a
168.183	0.028	saccade	n/a	220.6	190.1	n/a	303.2	182.1	2.96	162.0
168.213	0.248	fixation	n/a	311.5	185.3	4076.0	n/a	n/a	n/a	n/a
168.463	0.04	saccade	n/a	312.7	185.2	n/a	443.5	182.8	4.71	218.0
168.505	0.24	fixation	n/a	445.9	184.8	4014.0	n/a	n/a	n/a	n/a
168.747	0.032	saccade	n/a	447.6	184.1	n/a	351.5	184.6	3.46	197.0
168.781	0.194	fixation	n/a	352.1	186.7	3937.0	n/a	n/a	n/a	n/a
168.977	0.034	saccade	n/a	351.7	189.0	n/a	467.0	190.4	4.16	218.0
169.013	0.274	fixation	n/a	472.7	190.6	3856.0	n/a	n/a	n/a	n/a
169.289	0.024	saccade	n/a	476.2	191.8	n/a	529.2	191.5	1.91	104.0
169.315	0.28	fixation	n/a	534.1	189.4	3878.0	n/a	n/a	n/a	n/a
169.597	0.07	saccade	n/a	538.9	190.6	n/a	116.1	275.9	15.26	444.0
169.669	0.236	fixation	n/a	122.3	272.3	3933.0	n/a	n/a	n/a	n/a
169.907	0.02	saccade	n/a	126.1	273.4	n/a	163.8	256.5	1.45	94.0
169.929	0.15	fixation	n/a	161.9	257.1	3956.0	n/a	n/a	n/a	n/a
170.081	0.028	saccade	n/a	164.2	256.9	n/a	233.7	252.3	2.46	103.0
170.111	0.248	fixation	n/a	238.7	249.1	3925.0	n/a	n/a	n/a	n/a
170.361	0.026	saccade	n/a	239.3	248.3	n/a	302.1	238.8	2.27	118.0
170.389	0.292	fixation	n/a	308.0	243.2	3936.0	n/a	n/a	n/a	n/a
170.683	0.024	saccade	n/a	308.8	243.8	n/a	252.6	249.9	2.03	123.0
170.709	0.262	fixation	n/a	251.0	246.0	3880.0	n/a	n/a	n/a	n/a
170.973	0.022	saccade	n/a	255.6	248.1	n/a	309.1	248.2	1.91	116.0
170.997	0.51	fixation	n/a	318.9	252.7	3886.0	n/a	n/a	n/a	n/a
171.302	0.0	trigger_11	11	n/a	n/a	n/a	n/a	n/a	n/a	n/a
171.366	0.0	trigger_10	10	n/a	n/a	n/a	n/a	n/a	n/a	n/a
171.509	0.044	saccade	n/a	323.9	252.5	n/a	168.6	220.9	5.64	253.0
171.555	0.08	fixation	n/a	178.0	220.7	3920.0	n/a	n/a	n/a	n/a
171.637	0.018	saccade	n/a	177.4	218.7	n/a	148.5	203.8	1.15	83.0
171.657	0.392	fixation	n/a	144.4	204.1	3898.0	n/a	n/a	n/a	n/a
172.051	0.02	saccade	n/a	142.9	200.5	n/a	183.9	198.3	1.44	97.0
172.073	0.248	fixation	n/a	190.0	195.6	3944.0	n/a	n/a	n/a	n/a
172.323	0.026	saccade	n/a	193.5	196.5	n/a	260.8	188.9	2.41	131.0
172.351	0.248	fixation	n/a	267.3	190.4	3936.0	n/a	n/a	n/a	n/a
172.601	0.054	saccade	n/a	270.7	193.9	n/a	481.3	194.7	7.58	248.0
172.657	0.212	fixation	n/a	480.9	194.5	3911.0	n/a	n/a	n/a	n/a
172.871	0.028	saccade	n/a	482.4	191.8	n/a	410.2	189.2	2.61	165.0
172.901	0.488	fixation	n/a	425.4	189.9	3783.0	n/a	n/a	n/a	n/a
173.391	0.042	saccade	n/a	427.8	183.3	n/a	586.9	190.6	5.73	243.0
173.435	0.438	fixation	n/a	591.6	193.1	3674.0	n/a	n/a	n/a	n/a
173.875	0.024	saccade	n/a	602.1	193.3	n/a	662.6	197.8	2.16	126.0
173.901	0.218	fixation	n/a	656.4	199.2	3642.0	n/a	n/a	n/a	n/a
174.121	0.078	saccade	n/a	655.7	202.1	n/a	135.9	249.2	18.35	458.0
174.201	0.284	fixation	n/a	138.0	253.4	3747.0	n/a	n/a	n/a	n/a
174.487	0.028	saccade	n/a	130.5	259.4	n/a	213.5	251.5	2.93	157.0
174.517	0.26	fixation	n/a	220.7	249.7	3810.0	n/a	n/a	n/a	n/a
174.779	0.024	saccade	n/a	220.2	246.4	n/a	279.5	244.8	2.11	129.0
174.805	0.192	fixation	n/a	295.6	244.6	3956.0	n/a	n/a	n/a	n/a
174.999	0.076	saccade	n/a	300.3	251.2	n/a	388.5	267.6	3.22	178.0
175.077	0.182	fixation	n/a	399.4	256.4	4093.0	n/a	n/a	n/a	n/a
175.261	0.026	saccade	n/a	399.7	253.7	n/a	477.8	252.4	2.81	170.0
175.289	0.22	fixation	n/a	494.4	246.0	4050.0	n/a	n/a	n/a	n/a
175.511	0.034	saccade	n/a	497.3	246.5	n/a	586.6	249.4	3.2	116.0
175.547	0.096	fixation	n/a	589.0	246.9	3955.0	n/a	n/a	n/a	n/a
175.645	0.062	saccade	n/a	587.0	241.7	n/a	186.1	310.6	14.41	453.0
175.709	0.628	fixation	n/a	191.8	308.6	4012.0	n/a	n/a	n/a	n/a
176.339	0.022	saccade	n/a	193.3	307.6	n/a	245.2	310.5	1.84	115.0
176.363	0.248	fixation	n/a	254.8	306.8	4033.0	n/a	n/a	n/a	n/a
176.613	0.188	saccade	n/a	264.8	319.1	n/a	159.5	191.6	5.91	1437.0
176.655	0.088	blink	n/a	n/a	n/a	n/a	n/a	n/a	n/a	n/a
176.803	0.336	fixation	n/a	155.2	188.3	3942.0	n/a	n/a	n/a	n/a
177.141	0.026	saccade	n/a	158.9	185.8	n/a	239.3	186.4	2.83	152.0
177.169	0.142	fixation	n/a	241.5	184.1	3841.0	n/a	n/a	n/a	n/a
177.313	0.022	saccade	n/a	238.5	183.1	n/a	277.2	171.9	1.43	81.0
177.337	0.2	fixation	n/a	283.7	174.0	3903.0	n/a	n/a	n/a	n/a
177.488	0.0	trigger_11	11	n/a	n/a	n/a	n/a	n/a	n/a	n/a
177.539	0.028	saccade	n/a	277.7	176.3	n/a	188.5	179.0	3.16	192.0
177.542	0.0	trigger_10	10	n/a	n/a	n/a	n/a	n/a	n/a	n/a
177.569	0.23	fixation	n/a	197.5	180.8	3991.0	n/a	n/a	n/a	n/a
177.801	0.03	saccade	n/a	202.0	181.6	n/a	136.0	174.2	2.33	178.0
177.833	0.338	fixation	n/a	149.4	184.3	4123.0	n/a	n/a	n/a	n/a
178.173	0.022	saccade	n/a	151.2	181.2	n/a	187.9	175.6	1.3	72.0
178.197	0.282	fixation	n/a	195.7	174.1	4214.0	n/a	n/a	n/a	n/a
178.481	0.034	saccade	n/a	197.9	174.1	n/a	311.3	165.5	4.03	172.0
178.517	0.242	fixation	n/a	312.7	163.9	4279.0	n/a	n/a	n/a	n/a
178.761	0.022	saccade	n/a	311.1	163.0	n/a	262.8	171.3	1.75	115.0
178.785	0.14	fixation	n/a	266.0	170.6	4327.0	n/a	n/a	n/a	n/a
178.927	0.028	saccade	n/a	266.5	172.4	n/a	369.9	157.5	3.73	212.0
178.957	0.182	fixation	n/a	383.5	158.8	4290.0	n/a	n/a	n/a	n/a
179.141	0.028	saccade	n/a	386.9	159.7	n/a	478.5	164.4	3.29	162.0
179.171	0.238	fixation	n/a	490.7	170.8	4295.0	n/a	n/a	n/a	n/a
179.411	0.038	saccade	n/a	492.7	171.0	n/a	344.1	170.1	5.33	291.0
179.451	0.356	fixation	n/a	341.2	170.0	4179.0	n/a	n/a	n/a	n/a
179.809	0.024	saccade	n/a	347.8	168.7	n/a	398.1	163.6	1.82	112.0
179.835	0.254	fixation	n/a	397.2	160.5	4104.0	n/a	n/a	n/a	n/a
180.091	0.024	saccade	n/a	399.8	156.9	n/a	468.5	162.7	2.47	145.0
180.117	0.28	fixation	n/a	492.4	167.4	4105.0	n/a	n/a	n/a	n/a
180.399	0.026	saccade	n/a	488.7	169.3	n/a	423.1	168.3	2.36	146.0
180.427	0.242	fixation	n/a	424.7	180.0	4125.0	n/a	n/a	n/a	n/a
180.671	0.026	saccade	n/a	424.5	185.7	n/a	484.2	180.9	2.15	108.0
180.699	0.32	fixation	n/a	481.9	183.0	4052.0	n/a	n/a	n/a	n/a
181.021	0.026	saccade	n/a	481.3	186.7	n/a	544.1	183.3	2.25	111.0
181.049	0.344	fixation	n/a	556.9	187.1	4011.0	n/a	n/a	n/a	n/a
181.395	0.018	saccade	n/a	557.6	184.4	n/a	582.9	189.9	0.92	62.0
181.415	0.188	fixation	n/a	592.9	190.5	3977.0	n/a	n/a	n/a	n/a
181.605	0.07	saccade	n/a	591.7	191.5	n/a	155.4	259.7	15.59	399.0
181.677	0.122	fixation	n/a	163.9	258.6	3943.0	n/a	n/a	n/a	n/a
181.801	0.018	saccade	n/a	165.6	261.8	n/a	136.4	270.9	1.07	81.0
181.821	0.238	fixation	n/a	141.5	269.3	3891.0	n/a	n/a	n/a	n/a
182.061	0.026	saccade	n/a	141.6	269.7	n/a	223.1	262.8	2.87	154.0
182.089	0.204	fixation	n/a	238.1	258.5	3863.0	n/a	n/a	n/a	n/a
182.295	0.024	saccade	n/a	243.3	256.7	n/a	307.4	260.4	2.29	132.0
182.321	0.296	fixation	n/a	318.7	253.2	3971.0	n/a	n/a	n/a	n/a
182.619	0.028	saccade	n/a	322.3	250.3	n/a	422.3	239.9	3.58	179.0
182.649	0.302	fixation	n/a	422.5	243.3	4040.0	n/a	n/a	n/a	n/a
182.953	0.032	saccade	n/a	419.0	246.6	n/a	524.2	245.1	3.75	197.0
182.987	0.212	fixation	n/a	528.9	247.0	4074.0	n/a	n/a	n/a	n/a
183.201	0.062	saccade	n/a	529.8	250.1	n/a	171.3	309.3	12.78	407.0
183.265	0.188	fixation	n/a	182.0	311.7	4197.0	n/a	n/a	n/a	n/a
183.455	0.016	saccade	n/a	180.8	309.1	n/a	158.2	307.1	0.79	63.0
183.473	0.254	fixation	n/a	159.2	306.7	4178.0	n/a	n/a	n/a	n/a
183.729	0.03	saccade	n/a	160.8	308.5	n/a	168.9	201.3	3.83	203.0
183.761	0.294	fixation	n/a	174.8	199.9	4209.0	n/a	n/a	n/a	n/a
183.84	0.0	trigger_11	11	n/a	n/a	n/a	n/a	n/a	n/a	n/a
183.898	0.0	trigger_12	12	n/a	n/a	n/a	n/a	n/a	n/a	n/a
184.057	0.018	saccade	n/a	170.0	195.2	n/a	142.2	185.1	1.03	70.0
184.077	0.254	fixation	n/a	141.6	182.3	4375.0	n/a	n/a	n/a	n/a
184.333	0.022	saccade	n/a	141.7	180.7	n/a	182.7	176.1	1.43	86.0
184.357	0.17	fixation	n/a	180.5	173.8	4459.0	n/a	n/a	n/a	n/a
184.529	0.176	saccade	n/a	182.0	185.3	n/a	230.5	190.6	1.71	1586.0
184.577	0.08	blink	n/a	n/a	n/a	n/a	n/a	n/a	n/a	n/a
184.707	0.218	fixation	n/a	238.3	181.5	4503.0	n/a	n/a	n/a	n/a
184.927	0.032	saccade	n/a	241.6	172.6	n/a	342.9	175.1	3.59	230.0
184.961	0.19	fixation	n/a	343.7	172.0	4530.0	n/a	n/a	n/a	n/a
185.153	0.028	saccade	n/a	346.3	180.2	n/a	423.1	173.6	2.75	153.0
185.183	0.328	fixation	n/a	411.0	172.7	4415.0	n/a	n/a	n/a	n/a
185.513	0.036	saccade	n/a	398.0	173.7	n/a	515.1	178.3	4.18	210.0
185.551	0.142	fixation	n/a	514.1	178.1	4334.0	n/a	n/a	n/a	n/a
185.695	0.024	saccade	n/a	517.1	174.2	n/a	574.7	182.4	2.06	113.0
185.721	0.236	fixation	n/a	577.1	179.9	4296.0	n/a	n/a	n/a	n/a
185.959	0.066	saccade	n/a	582.1	183.0	n/a	182.1	236.3	14.19	428.0
186.027	0.178	fixation	n/a	188.4	237.5	4321.0	n/a	n/a	n/a	n/a
186.207	0.062	saccade	n/a	193.0	239.3	n/a	484.9	176.0	10.56	286.0
186.271	0.162	fixation	n/a	491.5	182.1	4305.0	n/a	n/a	n/a	n/a
186.435	0.03	saccade	n/a	492.8	187.9	n/a	410.6	182.4	2.94	179.0
186.467	0.062	fixation	n/a	417.8	184.9	4367.0	n/a	n/a	n/a	n/a
186.531	0.03	saccade	n/a	420.5	185.4	n/a	358.6	186.8	2.2	199.0
186.563	0.202	fixation	n/a	362.6	184.9	4397.0	n/a	n/a	n/a	n/a
186.767	0.022	saccade	n/a	362.8	180.8	n/a	408.2	187.8	1.64	109.0
186.791	0.154	fixation	n/a	400.7	189.1	4453.0	n/a	n/a	n/a	n/a
186.947	0.034	saccade	n/a	397.8	189.2	n/a	534.0	186.7	4.84	222.0
186.983	0.17	fixation	n/a	536.1	184.9	4461.0	n/a	n/a	n/a	n/a
187.155	0.018	saccade	n/a	535.2	184.0	n/a	560.2	187.5	0.9	61.0
187.175	0.224	fixation	n/a	556.0	184.0	4347.0	n/a	n/a	n/a	n/a
187.401	0.022	saccade	n/a	557.0	180.9	n/a	599.7	190.0	1.54	91.0
187.425	0.33	fixation	n/a	599.4	189.1	4146.0	n/a	n/a	n/a	n/a
187.757	0.076	saccade	n/a	600.4	189.6	n/a	154.1	266.6	15.87	372.0
187.835	0.408	fixation	n/a	158.9	263.7	4046.0	n/a	n/a	n/a	n/a
188.245	0.026	saccade	n/a	159.6	257.8	n/a	135.1	195.4	2.38	140.0
188.273	0.474	fixation	n/a	143.0	196.2	3926.0	n/a	n/a	n/a	n/a
188.328	0.0	trigger_13	13	n/a	n/a	n/a	n/a	n/a	n/a	n/a
188.39	0.0	trigger_10	10	n/a	n/a	n/a	n/a	n/a	n/a	n/a
188.749	0.024	saccade	n/a	141.5	198.2	n/a	191.9	192.7	1.76	100.0
188.775	0.186	fixation	n/a	203.1	191.1	4035.0	n/a	n/a	n/a	n/a
188.963	0.024	saccade	n/a	206.8	188.8	n/a	267.9	185.8	2.15	125.0
188.989	0.128	fixation	n/a	270.8	189.1	4004.0	n/a	n/a	n/a	n/a
189.119	0.028	saccade	n/a	268.0	188.3	n/a	187.1	196.8	2.86	164.0
189.149	0.18	fixation	n/a	187.3	194.2	3949.0	n/a	n/a	n/a	n/a
189.331	0.028	saccade	n/a	186.4	191.9	n/a	271.7	191.0	2.99	142.0
189.361	0.224	fixation	n/a	276.5	188.5	3949.0	n/a	n/a	n/a	n/a
189.587	0.034	saccade	n/a	279.1	190.2	n/a	395.5	186.9	4.14	214.0
189.623	0.178	fixation	n/a	399.5	186.7	3996.0	n/a	n/a	n/a	n/a
189.803	0.022	saccade	n/a	405.2	187.2	n/a	448.8	187.8	1.56	99.0
189.827	0.352	fixation	n/a	456.0	188.2	3935.0	n/a	n/a	n/a	n/a
190.181	0.026	saccade	n/a	458.6	191.3	n/a	383.4	192.6	2.68	142.0
190.209	0.282	fixation	n/a	382.2	193.2	3820.0	n/a	n/a	n/a	n/a
190.493	0.028	saccade	n/a	384.8	193.7	n/a	456.6	193.7	2.56	112.0
190.523	0.27	fixation	n/a	464.4	190.6	3752.0	n/a	n/a	n/a	n/a
190.795	0.026	saccade	n/a	465.3	188.8	n/a	520.9	185.4	1.98	94.0
190.823	0.424	fixation	n/a	523.2	186.1	3778.0	n/a	n/a	n/a	n/a
191.249	0.022	saccade	n/a	517.4	187.9	n/a	554.8	183.1	1.34	89.0
191.273	0.222	fixation	n/a	551.8	185.5	3740.0	n/a	n/a	n/a	n/a
191.497	0.018	saccade	n/a	557.7	188.3	n/a	583.5	192.6	0.93	61.0
191.517	0.504	fixation	n/a	592.2	194.6	3656.0	n/a	n/a	n/a	n/a
192.023	0.068	saccade	n/a	592.1	188.6	n/a	191.7	231.6	14.13	377.0
192.093	0.13	fixation	n/a	197.8	232.3	3716.0	n/a	n/a	n/a	n/a
192.225	0.026	saccade	n/a	196.9	233.4	n/a	135.0	256.4	2.3	137.0
192.253	0.418	fixation	n/a	138.9	256.6	3624.0	n/a	n/a	n/a	n/a
192.673	0.024	saccade	n/a	140.8	254.6	n/a	197.9	248.4	2.0	118.0
192.699	0.348	fixation	n/a	203.7	247.5	3676.0	n/a	n/a	n/a	n/a
193.049	0.052	saccade	n/a	207.2	249.5	n/a	209.6	528.8	9.8	373.0
193.103	0.272	fixation	n/a	206.8	535.9	3817.0	n/a	n/a	n/a	n/a
193.377	0.026	saccade	n/a	209.6	552.6	n/a	270.4	553.4	2.09	100.0
193.405	0.218	fixation	n/a	282.8	548.7	3741.0	n/a	n/a	n/a	n/a
193.625	0.016	saccade	n/a	287.4	546.6	n/a	308.2	537.1	0.79	58.0
193.643	0.08	fixation	n/a	308.5	539.9	3636.0	n/a	n/a	n/a	n/a
193.725	0.186	saccade	n/a	309.2	541.1	n/a	139.4	224.9	12.55	1114.0
193.773	0.08	blink	n/a	n/a	n/a	n/a	n/a	n/a	n/a	n/a
193.913	0.14	fixation	n/a	135.6	226.0	3519.0	n/a	n/a	n/a	n/a
194.055	0.03	saccade	n/a	130.9	225.0	n/a	212.6	249.1	2.96	172.0
194.087	0.166	fixation	n/a	208.4	255.0	3550.0	n/a	n/a	n/a	n/a
194.255	0.056	saccade	n/a	212.7	257.3	n/a	440.5	539.8	12.77	422.0
194.313	0.194	fixation	n/a	455.0	530.6	3746.0	n/a	n/a	n/a	n/a
194.509	0.036	saccade	n/a	458.9	527.0	n/a	596.5	540.3	4.79	231.0
194.547	0.228	fixation	n/a	609.6	552.1	3912.0	n/a	n/a	n/a	n/a
194.777	0.158	saccade	n/a	611.4	558.4	n/a	145.2	207.4	20.25	1220.0
194.859	0.016	blink	n/a	n/a	n/a	n/a	n/a	n/a	n/a	n/a
194.937	0.192	fixation	n/a	151.7	221.4	3757.0	n/a	n/a	n/a	n/a
195.131	0.028	saccade	n/a	154.1	214.6	n/a	139.1	275.7	2.24	149.0
195.161	0.466	fixation	n/a	140.0	253.6	3808.0	n/a	n/a	n/a	n/a
195.629	0.03	saccade	n/a	137.8	247.2	n/a	150.3	182.6	2.34	103.0
195.661	0.286	fixation	n/a	154.2	191.3	4097.0	n/a	n/a	n/a	n/a
195.949	0.026	saccade	n/a	155.7	197.1	n/a	229.6	176.0	2.69	148.0
195.977	0.286	fixation	n/a	242.3	170.5	4268.0	n/a	n/a	n/a	n/a
196.265	0.068	saccade	n/a	244.5	174.1	n/a	495.3	500.9	14.53	473.0
196.335	0.08	fixation	n/a	494.6	502.3	4377.0	n/a	n/a	n/a	n/a
196.417	0.036	saccade	n/a	496.2	506.3	n/a	625.6	515.9	4.51	271.0
196.455	0.26	fixation	n/a	630.6	519.2	4391.0	n/a	n/a	n/a	n/a
196.717	0.022	saccade	n/a	635.4	521.8	n/a	674.0	527.5	1.34	98.0
196.741	0.102	fixation	n/a	669.4	531.2	4377.0	n/a	n/a	n/a	n/a
196.845	0.076	saccade	n/a	674.8	537.7	n/a	250.5	545.2	14.56	535.0
196.923	0.074	fixation	n/a	247.6	547.8	4465.0	n/a	n/a	n/a	n/a
196.999	0.028	saccade	n/a	247.9	546.2	n/a	196.0	529.1	1.88	136.0
197.029	0.264	fixation	n/a	199.5	536.5	4480.0	n/a	n/a	n/a	n/a
197.295	0.03	saccade	n/a	200.6	535.3	n/a	293.1	524.4	3.21	179.0
197.327	0.246	fixation	n/a	324.2	522.7	4539.0	n/a	n/a	n/a	n/a
197.575	0.026	saccade	n/a	327.6	523.5	n/a	409.9	508.5	2.92	171.0
197.603	0.212	fixation	n/a	417.9	508.9	4572.0	n/a	n/a	n/a	n/a
197.817	0.03	saccade	n/a	418.7	507.5	n/a	496.9	504.8	2.74	175.0
197.849	0.242	fixation	n/a	491.8	505.1	4587.0	n/a	n/a	n/a	n/a
198.093	0.024	saccade	n/a	495.3	506.9	n/a	561.5	507.5	2.31	139.0
198.119	0.44	fixation	n/a	561.5	505.3	4617.0	n/a	n/a	n/a	n/a
198.561	0.028	saccade	n/a	563.0	505.5	n/a	479.3	506.5	2.92	150.0
198.591	0.316	fixation	n/a	489.2	506.9	4636.0	n/a	n/a	n/a	n/a
198.909	0.036	saccade	n/a	490.2	506.8	n/a	597.2	509.6	3.73	201.0
198.947	0.25	fixation	n/a	596.7	509.4	4602.0	n/a	n/a	n/a	n/a
199.199	0.2	saccade	n/a	598.2	511.8	n/a	334.1	474.3	9.2	1214.0
199.225	0.136	blink	n/a	n/a	n/a	n/a	n/a	n/a	n/a	n/a
199.401	0.106	fixation	n/a	325.7	475.1	4693.0	n/a	n/a	n/a	n/a
199.509	0.032	saccade	n/a	322.5	473.5	n/a	216.8	530.7	4.08	255.0
199.543	0.686	fixation	n/a	205.3	517.7	4692.0	n/a	n/a	n/a	n/a
200.231	0.024	saccade	n/a	196.1	521.2	n/a	171.3	531.5	0.92	94.0
200.257	0.284	fixation	n/a	182.6	530.4	4814.0	n/a	n/a	n/a	n/a
200.543	0.3	saccade	n/a	188.4	536.7	n/a	94.2	529.6	3.19	1136.0
200.565	0.24	blink	n/a	n/a	n/a	n/a	n/a	n/a	n/a	n/a
200.845	0.094	fixation	n/a	82.6	517.6	4932.0	n/a	n/a	n/a	n/a
200.941	0.054	saccade	n/a	84.7	520.8	n/a	-39.5	853.8	11.33	492.0
200.997	0.154	fixation	n/a	-34.7	840.7	4891.0	n/a	n/a	n/a	n/a
201.153	0.028	saccade	n/a	-38.3	844.1	n/a	-50.7	897.7	1.64	123.0
201.183	0.336	fixation	n/a	-49.7	880.7	4825.0	n/a	n/a	n/a	n/a
201.521	2.858	saccade	n/a	-47.2	879.2	n/a	309.4	162.0	26.0	1624.0
201.579	2.738	blink	n/a	n/a	n/a	n/a	n/a	n/a	n/a	n/a
204.381	0.114	fixation	n/a	318.2	155.8	5724.0	n/a	n/a	n/a	n/a
204.497	0.034	saccade	n/a	326.9	159.1	n/a	207.6	196.8	4.4	310.0
204.533	0.21	fixation	n/a	207.9	171.0	5684.0	n/a	n/a	n/a	n/a
204.745	0.034	saccade	n/a	205.7	164.3	n/a	210.3	163.7	0.16	107.0
204.781	0.13	fixation	n/a	214.0	165.9	5228.0	n/a	n/a	n/a	n/a
204.913	0.03	saccade	n/a	217.5	173.3	n/a	307.2	121.1	3.66	194.0
204.945	0.2	fixation	n/a	311.1	121.0	5037.0	n/a	n/a	n/a	n/a
205.147	0.07	saccade	n/a	316.8	129.2	n/a	531.7	491.0	14.84	428.0
205.219	0.15	fixation	n/a	529.3	496.1	5108.0	n/a	n/a	n/a	n/a
205.371	0.042	saccade	n/a	528.9	485.0	n/a	686.0	536.8	5.69	229.0
205.415	0.322	fixation	n/a	689.4	531.6	5089.0	n/a	n/a	n/a	n/a
205.739	0.026	saccade	n/a	697.5	535.9	n/a	640.0	519.7	2.03	140.0
205.767	0.234	fixation	n/a	652.4	521.1	4993.0	n/a	n/a	n/a	n/a
206.003	0.056	saccade	n/a	659.5	524.5	n/a	351.8	470.3	10.77	546.0
206.061	0.33	fixation	n/a	355.6	466.7	5069.0	n/a	n/a	n/a	n/a
206.393	0.038	saccade	n/a	360.7	479.3	n/a	207.5	495.7	5.34	207.0
206.433	0.442	fixation	n/a	210.0	508.2	5083.0	n/a	n/a	n/a	n/a
206.877	0.236	saccade	n/a	207.8	501.9	n/a	190.7	507.3	0.61	1050.0
206.899	0.174	blink	n/a	n/a	n/a	n/a	n/a	n/a	n/a	n/a
207.115	0.45	fixation	n/a	195.7	513.9	5123.0	n/a	n/a	n/a	n/a
207.567	0.022	saccade	n/a	207.6	519.4	n/a	246.3	511.6	1.36	74.0
207.591	0.442	fixation	n/a	268.3	507.5	5062.0	n/a	n/a	n/a	n/a
208.035	0.024	saccade	n/a	299.0	495.3	n/a	340.3	488.9	1.45	80.0
208.061	0.228	fixation	n/a	343.0	491.1	4996.0	n/a	n/a	n/a	n/a
208.291	0.026	saccade	n/a	345.3	494.2	n/a	413.3	482.6	2.41	131.0
208.319	0.372	fixation	n/a	421.4	490.5	4861.0	n/a	n/a	n/a	n/a
208.693	0.032	saccade	n/a	429.9	493.4	n/a	542.4	495.2	3.92	166.0
208.727	0.218	fixation	n/a	574.3	500.0	4821.0	n/a	n/a	n/a	n/a
208.947	0.026	saccade	n/a	584.3	506.3	n/a	664.5	526.5	2.85	155.0
208.975	0.248	fixation	n/a	665.5	521.2	4768.0	n/a	n/a	n/a	n/a
209.225	0.06	saccade	n/a	668.0	520.0	n/a	402.6	506.2	9.16	383.0
209.287	0.228	fixation	n/a	408.9	504.5	4772.0	n/a	n/a	n/a	n/a
209.517	0.038	saccade	n/a	408.2	506.3	n/a	224.1	527.8	6.42	323.0
209.557	0.686	fixation	n/a	210.3	529.0	4907.0	n/a	n/a	n/a	n/a
210.245	0.026	saccade	n/a	198.4	530.3	n/a	261.5	522.8	2.18	107.0
210.273	0.376	fixation	n/a	262.1	518.8	4963.0	n/a	n/a	n/a	n/a
210.651	0.07	saccade	n/a	259.3	513.4	n/a	565.8	506.3	10.61	260.0
210.723	0.244	fixation	n/a	564.2	503.0	5010.0	n/a	n/a	n/a	n/a
210.969	0.032	saccade	n/a	566.4	502.3	n/a	469.8	478.7	3.46	248.0
211.003	0.182	fixation	n/a	477.6	482.9	4857.0	n/a	n/a	n/a	n/a
211.187	0.038	saccade	n/a	480.1	486.7	n/a	284.8	515.6	6.87	306.0
211.227	0.206	fixation	n/a	276.6	520.1	4753.0	n/a	n/a	n/a	n/a
211.435	0.028	saccade	n/a	278.6	522.8	n/a	192.3	526.9	2.97	168.0
211.465	0.32	fixation	n/a	199.4	524.9	4648.0	n/a	n/a	n/a	n/a
211.787	0.276	saccade	n/a	200.4	534.6	n/a	380.8	523.7	6.23	1294.0
211.811	0.212	blink	n/a	n/a	n/a	n/a	n/a	n/a	n/a	n/a
212.065	0.898	fixation	n/a	369.0	510.3	4755.0	n/a	n/a	n/a	n/a
212.965	0.042	saccade	n/a	367.9	509.2	n/a	556.4	501.4	6.54	246.0
213.009	0.148	fixation	n/a	568.0	506.0	4839.0	n/a	n/a	n/a	n/a
213.159	0.064	saccade	n/a	568.8	516.0	n/a	365.4	163.6	14.31	480.0
213.225	0.15	fixation	n/a	371.1	159.9	4934.0	n/a	n/a	n/a	n/a
213.377	0.02	saccade	n/a	372.4	158.1	n/a	395.2	136.3	1.13	68.0
213.399	0.134	fixation	n/a	411.8	136.4	4927.0	n/a	n/a	n/a	n/a
213.535	0.03	saccade	n/a	412.6	135.6	n/a	527.1	147.6	4.09	210.0
213.567	0.184	fixation	n/a	547.4	152.8	4770.0	n/a	n/a	n/a	n/a
213.753	0.062	saccade	n/a	547.6	153.3	n/a	197.0	188.6	12.37	403.0
213.817	0.22	fixation	n/a	201.8	188.7	4745.0	n/a	n/a	n/a	n/a
214.039	0.352	saccade	n/a	203.7	195.0	n/a	416.2	431.9	11.22	1384.0
214.077	0.258	blink	n/a	n/a	n/a	n/a	n/a	n/a	n/a	n/a
214.393	0.084	fixation	n/a	410.6	391.4	5006.0	n/a	n/a	n/a	n/a
214.479	0.06	saccade	n/a	408.3	384.4	n/a	616.1	505.0	8.36	402.0
214.541	0.194	fixation	n/a	624.2	521.5	5120.0	n/a	n/a	n/a	n/a
214.737	0.02	saccade	n/a	626.5	524.1	n/a	667.0	539.3	1.47	105.0
214.759	0.278	fixation	n/a	663.7	539.9	4939.0	n/a	n/a	n/a	n/a
215.039	0.016	saccade	n/a	658.3	543.9	n/a	684.4	549.1	0.9	68.0
215.057	0.226	fixation	n/a	683.7	537.1	4849.0	n/a	n/a	n/a	n/a
215.285	0.208	saccade	n/a	686.3	545.6	n/a	169.9	205.4	21.21	1856.0
215.311	0.14	blink	n/a	n/a	n/a	n/a	n/a	n/a	n/a	n/a
215.495	0.104	fixation	n/a	175.9	194.8	4855.0	n/a	n/a	n/a	n/a
215.601	0.016	saccade	n/a	174.0	188.1	n/a	166.8	162.1	0.96	78.0
215.619	0.284	fixation	n/a	159.7	159.5	4868.0	n/a	n/a	n/a	n/a
215.905	0.026	saccade	n/a	149.3	159.4	n/a	213.7	154.2	2.24	139.0
215.933	0.22	fixation	n/a	212.0	150.5	4699.0	n/a	n/a	n/a	n/a
216.155	0.028	saccade	n/a	208.7	154.9	n/a	299.5	149.7	3.19	163.0
216.185	0.266	fixation	n/a	304.7	141.2	4737.0	n/a	n/a	n/a	n/a
216.453	0.014	saccade	n/a	311.5	133.2	n/a	329.3	128.6	0.65	52.0
216.469	0.558	fixation	n/a	333.8	140.5	4803.0	n/a	n/a	n/a	n/a
217.029	0.024	saccade	n/a	330.7	140.2	n/a	268.6	144.4	2.19	125.0
217.055	0.212	fixation	n/a	270.7	143.9	4974.0	n/a	n/a	n/a	n/a
217.269	0.026	saccade	n/a	270.6	144.3	n/a	344.8	138.8	2.62	161.0
217.297	0.452	fixation	n/a	346.7	132.8	5091.0	n/a	n/a	n/a	n/a
217.751	0.016	saccade	n/a	347.2	132.0	n/a	324.0	134.9	0.83	64.0
217.769	0.562	fixation	n/a	334.0	129.1	5189.0	n/a	n/a	n/a	n/a
218.333	0.022	saccade	n/a	330.8	123.5	n/a	374.6	114.9	1.58	97.0
218.357	0.334	fixation	n/a	375.6	114.1	5097.0	n/a	n/a	n/a	n/a
218.693	0.016	saccade	n/a	386.1	115.0	n/a	408.9	111.4	0.82	54.0
218.711	0.14	fixation	n/a	413.3	111.9	4987.0	n/a	n/a	n/a	n/a
218.853	0.024	saccade	n/a	415.7	114.6	n/a	471.2	126.5	2.01	115.0
218.879	0.206	fixation	n/a	475.9	124.2	5016.0	n/a	n/a	n/a	n/a
219.087	0.026	saccade	n/a	481.8	127.8	n/a	544.4	136.7	2.23	103.0
219.115	0.256	fixation	n/a	543.2	136.4	4962.0	n/a	n/a	n/a	n/a
219.373	0.022	saccade	n/a	549.1	138.7	n/a	598.2	148.9	1.76	102.0
219.397	0.184	fixation	n/a	613.1	152.4	4886.0	n/a	n/a	n/a	n/a
219.583	0.066	saccade	n/a	615.3	154.7	n/a	199.2	189.4	14.55	413.0
219.651	0.258	fixation	n/a	210.1	187.0	4856.0	n/a	n/a	n/a	n/a
219.911	0.02	saccade	n/a	209.5	188.2	n/a	176.5	188.4	1.15	79.0
219.933	0.118	fixation	n/a	182.4	187.1	4779.0	n/a	n/a	n/a	n/a
220.053	0.046	saccade	n/a	179.3	190.6	n/a	311.5	131.4	5.08	150.0
220.101	0.124	fixation	n/a	328.0	130.9	4732.0	n/a	n/a	n/a	n/a
220.227	0.294	saccade	n/a	327.3	135.9	n/a	489.8	146.4	5.75	1676.0
220.261	0.206	blink	n/a	n/a	n/a	n/a	n/a	n/a	n/a	n/a
220.523	0.414	fixation	n/a	481.7	147.3	4867.0	n/a	n/a	n/a	n/a
220.939	0.06	saccade	n/a	477.2	153.4	n/a	495.4	493.3	12.01	369.0
221.001	0.196	fixation	n/a	500.1	503.3	4566.0	n/a	n/a	n/a	n/a
221.199	0.04	saccade	n/a	496.1	512.4	n/a	638.9	522.5	4.94	244.0
221.241	0.074	fixation	n/a	640.1	516.6	4541.0	n/a	n/a	n/a	n/a
221.317	0.022	saccade	n/a	640.0	515.8	n/a	664.5	520.8	0.85	96.0
221.341	0.216	fixation	n/a	670.8	524.1	4480.0	n/a	n/a	n/a	n/a
221.546	0.0	trigger_11	11	n/a	n/a	n/a	n/a	n/a	n/a	n/a
221.559	0.064	saccade	n/a	675.1	529.0	n/a	291.5	205.5	17.44	666.0
221.602	0.0	trigger_10	10	n/a	n/a	n/a	n/a	n/a	n/a	n/a
221.625	0.286	fixation	n/a	303.6	200.1	4674.0	n/a	n/a	n/a	n/a
221.913	0.03	saccade	n/a	305.7	196.7	n/a	210.5	161.4	3.56	210.0
221.945	0.288	fixation	n/a	211.8	156.2	4805.0	n/a	n/a	n/a	n/a
222.235	0.022	saccade	n/a	206.8	149.7	n/a	160.8	145.1	1.6	102.0
222.259	0.22	fixation	n/a	171.7	143.6	4905.0	n/a	n/a	n/a	n/a
222.481	0.032	saccade	n/a	174.9	144.3	n/a	270.4	125.1	3.4	185.0
222.515	0.564	fixation	n/a	268.8	118.6	5016.0	n/a	n/a	n/a	n/a
223.081	0.026	saccade	n/a	263.8	117.3	n/a	197.7	133.5	2.38	126.0
223.109	0.202	fixation	n/a	201.2	130.9	5048.0	n/a	n/a	n/a	n/a
223.313	0.024	saccade	n/a	201.1	127.1	n/a	257.3	115.8	2.0	122.0
223.339	0.26	fixation	n/a	260.3	116.9	5121.0	n/a	n/a	n/a	n/a
223.601	0.028	saccade	n/a	261.7	119.2	n/a	344.9	120.7	2.93	136.0
223.631	0.634	fixation	n/a	335.2	122.0	4996.0	n/a	n/a	n/a	n/a
224.267	0.026	saccade	n/a	325.4	123.7	n/a	386.7	145.0	2.3	126.0
224.295	0.03	fixation	n/a	384.8	149.8	4853.0	n/a	n/a	n/a	n/a
224.327	0.076	saccade	n/a	383.4	152.3	n/a	618.3	473.0	14.0	389.0
224.405	0.252	fixation	n/a	626.4	482.7	4873.0	n/a	n/a	n/a	n/a
224.659	0.084	saccade	n/a	630.8	489.8	n/a	321.4	140.8	16.33	460.0
224.745	0.272	fixation	n/a	325.8	141.8	4437.0	n/a	n/a	n/a	n/a
225.019	0.036	saccade	n/a	327.9	142.4	n/a	183.4	158.3	5.08	284.0
225.057	0.096	fixation	n/a	191.1	158.0	4277.0	n/a	n/a	n/a	n/a
225.155	0.026	saccade	n/a	191.6	159.6	n/a	139.5	170.6	1.84	139.0
225.183	0.22	fixation	n/a	147.6	171.2	4304.0	n/a	n/a	n/a	n/a
225.405	0.028	saccade	n/a	151.9	171.5	n/a	238.4	160.0	3.03	149.0
225.435	0.384	fixation	n/a	249.2	154.8	4515.0	n/a	n/a	n/a	n/a
225.821	0.026	saccade	n/a	250.5	151.9	n/a	321.0	139.5	2.52	155.0
225.849	0.186	fixation	n/a	326.3	134.2	4584.0	n/a	n/a	n/a	n/a
226.037	0.024	saccade	n/a	328.7	136.2	n/a	378.1	131.3	1.75	97.0
226.063	0.212	fixation	n/a	376.5	135.2	4607.0	n/a	n/a	n/a	n/a
226.277	0.034	saccade	n/a	376.9	134.9	n/a	486.8	146.3	3.9	172.0
226.313	0.208	fixation	n/a	488.9	145.3	4639.0	n/a	n/a	n/a	n/a
226.523	0.014	saccade	n/a	498.0	143.2	n/a	515.2	142.9	0.61	46.0
226.539	0.136	fixation	n/a	519.2	141.5	4624.0	n/a	n/a	n/a	n/a
226.677	0.02	saccade	n/a	521.6	142.3	n/a	557.9	142.4	1.28	85.0
226.699	0.252	fixation	n/a	562.9	144.3	4537.0	n/a	n/a	n/a	n/a
226.953	0.062	saccade	n/a	566.8	145.2	n/a	171.2	218.2	14.05	451.0
227.017	0.302	fixation	n/a	173.5	218.2	4522.0	n/a	n/a	n/a	n/a
227.321	0.234	saccade	n/a	166.7	226.7	n/a	152.1	174.1	1.93	1563.0
227.361	0.152	blink	n/a	n/a	n/a	n/a	n/a	n/a	n/a	n/a
227.557	0.64	fixation	n/a	141.4	154.2	4594.0	n/a	n/a	n/a	n/a
228.199	0.03	saccade	n/a	130.6	154.2	n/a	228.5	137.9	3.43	177.0
228.231	0.34	fixation	n/a	229.8	136.9	4667.0	n/a	n/a	n/a	n/a
228.573	0.026	saccade	n/a	224.7	138.8	n/a	160.1	147.6	2.27	129.0
228.601	0.148	fixation	n/a	159.9	141.9	4642.0	n/a	n/a	n/a	n/a
228.751	0.038	saccade	n/a	159.1	139.6	n/a	326.8	133.1	5.86	278.0
228.791	0.2	fixation	n/a	331.3	133.5	4687.0	n/a	n/a	n/a	n/a
228.993	0.026	saccade	n/a	335.9	130.7	n/a	399.6	126.2	2.26	125.0
229.021	0.164	fixation	n/a	397.3	123.7	4752.0	n/a	n/a	n/a	n/a
229.187	0.034	saccade	n/a	398.0	124.3	n/a	508.0	131.8	3.9	212.0
229.223	0.214	fixation	n/a	508.3	134.1	4739.0	n/a	n/a	n/a	n/a
229.439	0.022	saccade	n/a	511.6	133.8	n/a	551.3	140.0	1.42	93.0
229.463	0.25	fixation	n/a	554.0	139.1	4714.0	n/a	n/a	n/a	n/a
229.715	0.058	saccade	n/a	557.1	144.8	n/a	205.2	187.7	12.42	422.0
229.775	0.512	fixation	n/a	210.7	187.7	4686.0	n/a	n/a	n/a	n/a
230.289	0.168	saccade	n/a	214.3	182.8	n/a	270.6	-155.4	11.94	1598.0
230.363	0.034	blink	n/a	n/a	n/a	n/a	n/a	n/a	n/a	n/a
230.459	0.39	fixation	n/a	269.7	-152.1	4816.0	n/a	n/a	n/a	n/a
230.851	0.126	saccade	n/a	266.1	-141.8	n/a	12.2	-88.4	8.71	1525.0
230.897	0.024	blink	n/a	n/a	n/a	n/a	n/a	n/a	n/a	n/a
230.979	0.188	fixation	n/a	19.4	-88.6	4923.0	n/a	n/a	n/a	n/a
231.169	0.06	saccade	n/a	21.6	-85.2	n/a	256.4	122.7	10.76	355.0
231.231	0.418	fixation	n/a	261.5	116.3	5068.0	n/a	n/a	n/a	n/a
231.651	0.036	saccade	n/a	261.4	124.4	n/a	380.7	120.4	4.21	188.0
231.689	0.21	fixation	n/a	381.7	120.3	4809.0	n/a	n/a	n/a	n/a
231.901	0.034	saccade	n/a	384.8	119.2	n/a	492.4	127.8	3.81	185.0
231.937	0.372	fixation	n/a	490.5	129.0	4699.0	n/a	n/a	n/a	n/a
232.311	0.054	saccade	n/a	491.7	127.2	n/a	206.6	141.1	10.02	352.0
232.367	0.364	fixation	n/a	216.2	140.9	4744.0	n/a	n/a	n/a	n/a
232.733	0.026	saccade	n/a	222.7	143.1	n/a	168.4	143.8	1.88	136.0
232.761	0.226	fixation	n/a	172.6	143.3	4870.0	n/a	n/a	n/a	n/a
232.989	0.322	saccade	n/a	166.7	153.8	n/a	232.7	196.6	2.75	1529.0
233.031	0.232	blink	n/a	n/a	n/a	n/a	n/a	n/a	n/a	n/a
233.313	0.106	fixation	n/a	232.2	185.1	5146.0	n/a	n/a	n/a	n/a
233.421	0.062	saccade	n/a	232.0	184.2	n/a	497.5	474.0	13.75	555.0
233.485	0.256	fixation	n/a	500.7	489.1	5212.0	n/a	n/a	n/a	n/a
233.743	0.022	saccade	n/a	489.4	506.2	n/a	465.1	476.7	1.32	78.0
233.767	0.252	fixation	n/a	463.0	478.2	4920.0	n/a	n/a	n/a	n/a
234.021	0.032	saccade	n/a	456.1	472.0	n/a	544.9	501.6	3.24	218.0
234.055	0.248	fixation	n/a	535.1	499.5	4740.0	n/a	n/a	n/a	n/a
234.305	0.038	saccade	n/a	539.2	504.1	n/a	355.1	505.3	6.36	346.0
234.345	0.206	fixation	n/a	358.5	498.8	4730.0	n/a	n/a	n/a	n/a
234.553	0.042	saccade	n/a	362.1	492.8	n/a	517.0	505.1	5.38	240.0
234.597	0.244	fixation	n/a	517.6	500.9	4719.0	n/a	n/a	n/a	n/a
234.843	0.032	saccade	n/a	518.1	497.1	n/a	434.5	485.4	2.93	204.0
234.877	0.306	fixation	n/a	442.1	479.4	4854.0	n/a	n/a	n/a	n/a
235.185	0.016	saccade	n/a	448.0	474.1	n/a	470.5	484.4	0.86	66.0
235.203	0.228	fixation	n/a	470.1	473.6	4981.0	n/a	n/a	n/a	n/a
235.433	0.032	saccade	n/a	461.8	475.4	n/a	557.4	481.9	3.32	203.0
235.467	0.354	fixation	n/a	552.0	480.7	5053.0	n/a	n/a	n/a	n/a
235.823	0.026	saccade	n/a	555.2	484.3	n/a	468.4	475.9	3.02	168.0
235.851	0.592	fixation	n/a	476.7	467.9	5003.0	n/a	n/a	n/a	n/a
236.445	0.042	saccade	n/a	489.1	468.4	n/a	365.0	485.9	4.35	192.0
236.489	0.194	fixation	n/a	374.6	479.1	4915.0	n/a	n/a	n/a	n/a
236.685	0.036	saccade	n/a	377.7	477.0	n/a	223.0	495.4	5.37	267.0
236.723	0.266	fixation	n/a	223.0	490.1	4980.0	n/a	n/a	n/a	n/a
236.991	0.058	saccade	n/a	223.9	487.5	n/a	265.5	155.3	11.72	333.0
237.051	0.272	fixation	n/a	273.3	143.3	4907.0	n/a	n/a	n/a	n/a
237.325	0.034	saccade	n/a	276.7	132.9	n/a	412.9	127.9	4.79	220.0
237.361	0.19	fixation	n/a	421.8	131.9	4690.0	n/a	n/a	n/a	n/a
237.553	0.028	saccade	n/a	422.7	136.7	n/a	514.5	136.6	3.23	173.0
237.583	0.196	fixation	n/a	527.1	141.4	4545.0	n/a	n/a	n/a	n/a
237.781	0.064	saccade	n/a	531.0	144.5	n/a	165.1	196.7	12.88	370.0
237.847	0.106	fixation	n/a	172.7	192.7	4556.0	n/a	n/a	n/a	n/a
237.955	0.084	saccade	n/a	173.4	193.6	n/a	603.2	492.7	18.1	499.0
238.041	0.182	fixation	n/a	605.9	503.5	4601.0	n/a	n/a	n/a	n/a
238.225	0.028	saccade	n/a	612.6	508.0	n/a	668.7	527.1	2.02	153.0
238.255	0.312	fixation	n/a	662.6	514.4	4717.0	n/a	n/a	n/a	n/a
238.569	0.084	saccade	n/a	665.6	510.9	n/a	246.2	182.1	18.41	538.0
238.655	0.28	fixation	n/a	245.2	173.1	4768.0	n/a	n/a	n/a	n/a
238.724	0.0	trigger_11	11	n/a	n/a	n/a	n/a	n/a	n/a	n/a
238.786	0.0	trigger_10	10	n/a	n/a	n/a	n/a	n/a	n/a	n/a
238.937	0.032	saccade	n/a	244.3	167.8	n/a	156.3	155.7	3.08	211.0
238.971	0.25	fixation	n/a	164.8	152.3	4779.0	n/a	n/a	n/a	n/a
239.223	0.026	saccade	n/a	168.8	148.7	n/a	249.0	137.3	2.8	153.0
239.251	0.204	fixation	n/a	261.0	133.9	4905.0	n/a	n/a	n/a	n/a
239.457	0.028	saccade	n/a	260.7	133.4	n/a	342.4	140.5	2.87	140.0
239.487	0.196	fixation	n/a	348.3	140.3	5002.0	n/a	n/a	n/a	n/a
239.685	0.028	saccade	n/a	352.7	142.7	n/a	437.7	128.9	3.03	160.0
239.715	0.178	fixation	n/a	441.5	127.9	5008.0	n/a	n/a	n/a	n/a
239.895	0.05	saccade	n/a	441.7	126.9	n/a	178.3	143.0	9.21	388.0
239.947	0.246	fixation	n/a	189.1	144.0	4928.0	n/a	n/a	n/a	n/a
240.195	0.014	saccade	n/a	195.6	146.2	n/a	212.8	143.7	0.6	50.0
240.211	0.312	fixation	n/a	212.0	143.1	4877.0	n/a	n/a	n/a	n/a
240.525	0.024	saccade	n/a	214.9	141.9	n/a	259.9	142.9	1.57	83.0
240.551	0.248	fixation	n/a	271.8	140.2	4954.0	n/a	n/a	n/a	n/a
240.801	0.026	saccade	n/a	275.6	137.2	n/a	344.1	131.2	2.41	128.0
240.829	0.378	fixation	n/a	356.0	131.7	5057.0	n/a	n/a	n/a	n/a
241.209	0.142	saccade	n/a	356.2	141.6	n/a	579.8	514.9	15.21	1614.0
241.255	0.06	blink	n/a	n/a	n/a	n/a	n/a	n/a	n/a	n/a
241.353	0.216	fixation	n/a	579.1	495.4	4914.0	n/a	n/a	n/a	n/a
241.571	0.028	saccade	n/a	572.1	496.7	n/a	642.9	509.2	2.46	169.0
241.601	0.132	fixation	n/a	630.1	509.1	4664.0	n/a	n/a	n/a	n/a
241.735	0.168	saccade	n/a	630.5	524.1	n/a	225.1	169.6	18.6	1828.0
241.751	0.1	blink	n/a	n/a	n/a	n/a	n/a	n/a	n/a	n/a
241.905	0.13	fixation	n/a	222.1	165.4	4295.0	n/a	n/a	n/a	n/a
242.037	0.028	saccade	n/a	222.6	161.2	n/a	155.7	162.6	2.31	171.0
242.067	0.194	fixation	n/a	169.9	167.9	4307.0	n/a	n/a	n/a	n/a
242.263	0.032	saccade	n/a	173.2	170.0	n/a	281.1	171.0	3.75	182.0
242.297	0.176	fixation	n/a	278.1	159.2	4310.0	n/a	n/a	n/a	n/a
242.475	0.03	saccade	n/a	277.2	163.2	n/a	380.7	155.3	3.64	202.0
242.507	0.336	fixation	n/a	385.5	145.1	4495.0	n/a	n/a	n/a	n/a
242.845	0.034	saccade	n/a	382.7	142.7	n/a	295.4	150.6	3.08	182.0
242.881	0.25	fixation	n/a	300.3	148.9	4634.0	n/a	n/a	n/a	n/a
243.133	0.07	saccade	n/a	298.9	143.8	n/a	593.3	471.0	15.39	386.0
243.205	0.166	fixation	n/a	600.1	461.9	4816.0	n/a	n/a	n/a	n/a
243.373	0.02	saccade	n/a	601.3	462.6	n/a	607.8	499.3	1.29	91.0
243.395	0.152	fixation	n/a	609.0	495.8	4848.0	n/a	n/a	n/a	n/a
243.549	0.02	saccade	n/a	605.7	497.6	n/a	636.9	509.3	1.14	76.0
243.571	0.258	fixation	n/a	638.5	518.4	4651.0	n/a	n/a	n/a	n/a
243.831	0.174	saccade	n/a	643.4	522.7	n/a	237.9	186.9	18.21	1865.0
243.891	0.074	blink	n/a	n/a	n/a	n/a	n/a	n/a	n/a	n/a
244.007	0.348	fixation	n/a	235.5	176.1	4502.0	n/a	n/a	n/a	n/a
244.357	0.026	saccade	n/a	225.8	176.6	n/a	290.8	151.7	2.44	129.0
244.385	2.682	fixation	n/a	311.2	159.0	4919.0	n/a	n/a	n/a	n/a
247.069	0.024	saccade	n/a	310.9	150.2	n/a	264.3	143.7	1.65	91.0
247.095	0.316	fixation	n/a	270.4	138.6	5182.0	n/a	n/a	n/a	n/a
247.413	0.032	saccade	n/a	271.8	130.9	n/a	364.9	138.8	3.28	128.0
247.447	0.184	fixation	n/a	362.0	135.2	5205.0	n/a	n/a	n/a	n/a
247.633	0.026	saccade	n/a	361.9	133.8	n/a	425.3	132.2	2.24	128.0
247.661	0.124	fixation	n/a	421.8	130.7	5180.0	n/a	n/a	n/a	n/a
247.787	0.056	saccade	n/a	422.9	129.6	n/a	168.5	142.5	8.86	356.0
247.845	0.268	fixation	n/a	177.7	149.2	4992.0	n/a	n/a	n/a	n/a
248.115	0.014	saccade	n/a	181.9	156.2	n/a	197.8	151.9	0.57	47.0
248.131	0.532	fixation	n/a	198.3	155.1	4871.0	n/a	n/a	n/a	n/a
248.454	0.0	trigger_11	11	n/a	n/a	n/a	n/a	n/a	n/a	n/a
248.51	0.0	trigger_10	10	n/a	n/a	n/a	n/a	n/a	n/a	n/a
248.665	0.028	saccade	n/a	203.8	152.2	n/a	143.0	156.0	2.1	140.0
248.695	0.154	fixation	n/a	151.0	155.9	4961.0	n/a	n/a	n/a	n/a
248.851	0.192	saccade	n/a	155.9	164.0	n/a	196.8	159.7	1.42	1762.0
248.891	0.106	blink	n/a	n/a	n/a	n/a	n/a	n/a	n/a	n/a
249.045	0.188	fixation	n/a	188.4	152.2	5011.0	n/a	n/a	n/a	n/a
249.235	0.03	saccade	n/a	187.7	152.9	n/a	266.2	153.3	2.73	154.0
249.267	0.284	fixation	n/a	265.5	151.5	4812.0	n/a	n/a	n/a	n/a
249.553	0.06	saccade	n/a	268.2	149.3	n/a	498.5	156.9	8.09	204.0
249.615	0.236	fixation	n/a	499.5	155.0	4693.0	n/a	n/a	n/a	n/a
249.853	0.026	saccade	n/a	502.7	152.3	n/a	575.3	157.7	2.55	128.0
249.881	0.112	fixation	n/a	575.0	166.2	4655.0	n/a	n/a	n/a	n/a
249.995	0.064	saccade	n/a	578.5	168.5	n/a	169.6	227.5	14.35	424.0
250.061	0.174	fixation	n/a	178.0	223.1	4564.0	n/a	n/a	n/a	n/a
250.237	0.022	saccade	n/a	178.8	224.1	n/a	129.8	229.1	1.7	104.0
250.261	0.184	fixation	n/a	137.2	234.8	4526.0	n/a	n/a	n/a	n/a
250.447	0.038	saccade	n/a	139.8	238.2	n/a	315.3	219.3	6.13	283.0
250.487	0.232	fixation	n/a	317.2	222.4	4615.0	n/a	n/a	n/a	n/a
250.721	0.034	saccade	n/a	319.2	223.9	n/a	417.8	217.7	3.49	176.0
250.757	0.474	fixation	n/a	411.1	212.8	4826.0	n/a	n/a	n/a	n/a
251.233	0.198	saccade	n/a	409.7	213.6	n/a	162.9	182.2	8.67	1770.0
251.315	0.072	blink	n/a	n/a	n/a	n/a	n/a	n/a	n/a	n/a
251.433	0.082	fixation	n/a	170.1	177.5	4920.0	n/a	n/a	n/a	n/a
251.517	0.028	saccade	n/a	171.2	194.6	n/a	181.4	158.6	1.32	105.0
251.547	0.114	fixation	n/a	176.1	180.8	4925.0	n/a	n/a	n/a	n/a
251.663	0.022	saccade	n/a	171.4	189.0	n/a	122.2	187.8	1.69	116.0
251.687	0.138	fixation	n/a	130.1	189.4	4881.0	n/a	n/a	n/a	n/a
251.827	0.074	saccade	n/a	134.7	189.8	n/a	590.5	504.9	19.12	514.0
251.903	0.186	fixation	n/a	595.9	508.9	4888.0	n/a	n/a	n/a	n/a
252.091	0.02	saccade	n/a	599.8	508.7	n/a	633.9	530.5	1.38	91.0
252.113	0.214	fixation	n/a	642.2	529.8	4881.0	n/a	n/a	n/a	n/a
252.329	0.064	saccade	n/a	645.6	535.1	n/a	313.5	536.2	11.35	448.0
252.395	0.136	fixation	n/a	318.8	535.6	4711.0	n/a	n/a	n/a	n/a
252.533	0.034	saccade	n/a	320.5	536.2	n/a	189.7	554.2	4.5	261.0
252.569	0.226	fixation	n/a	195.4	549.7	4651.0	n/a	n/a	n/a	n/a
252.797	0.024	saccade	n/a	194.1	547.0	n/a	255.6	543.9	2.09	125.0
252.823	0.208	fixation	n/a	264.9	545.2	4691.0	n/a	n/a	n/a	n/a
253.033	0.024	saccade	n/a	266.4	542.2	n/a	330.0	537.1	2.19	124.0
253.059	0.3	fixation	n/a	331.4	530.1	4820.0	n/a	n/a	n/a	n/a
253.361	0.032	saccade	n/a	327.0	526.1	n/a	413.3	503.1	3.08	195.0
253.395	0.288	fixation	n/a	411.6	497.1	4938.0	n/a	n/a	n/a	n/a
253.685	0.024	saccade	n/a	408.5	490.4	n/a	471.0	490.8	2.17	135.0
253.711	0.176	fixation	n/a	468.5	487.3	4936.0	n/a	n/a	n/a	n/a
253.889	0.03	saccade	n/a	464.3	488.0	n/a	539.9	505.7	2.7	150.0
253.921	0.206	fixation	n/a	535.6	507.9	4848.0	n/a	n/a	n/a	n/a
254.129	0.174	saccade	n/a	538.4	515.5	n/a	172.0	207.4	16.59	1863.0
254.163	0.1	blink	n/a	n/a	n/a	n/a	n/a	n/a	n/a	n/a
254.305	0.106	fixation	n/a	180.4	199.2	4817.0	n/a	n/a	n/a	n/a
254.413	0.024	saccade	n/a	184.8	196.6	n/a	134.2	174.9	1.9	131.0
254.439	0.754	fixation	n/a	138.6	173.1	4692.0	n/a	n/a	n/a	n/a
255.195	0.06	saccade	n/a	152.1	176.6	n/a	394.4	213.7	8.55	212.0
255.257	0.266	fixation	n/a	404.0	207.3	4930.0	n/a	n/a	n/a	n/a
255.525	0.028	saccade	n/a	407.7	207.6	n/a	488.6	149.6	3.53	172.0
255.555	0.312	fixation	n/a	512.8	158.5	4727.0	n/a	n/a	n/a	n/a
255.869	0.196	saccade	n/a	517.9	170.8	n/a	211.3	211.3	10.84	1607.0
255.923	0.098	blink	n/a	n/a	n/a	n/a	n/a	n/a	n/a	n/a
256.067	0.108	fixation	n/a	203.1	193.6	4626.0	n/a	n/a	n/a	n/a
256.177	0.022	saccade	n/a	201.5	188.9	n/a	157.9	180.1	1.54	85.0
256.201	0.522	fixation	n/a	144.2	179.0	4570.0	n/a	n/a	n/a	n/a
256.725	0.022	saccade	n/a	145.4	180.8	n/a	187.8	177.6	1.47	83.0
256.749	0.304	fixation	n/a	191.9	170.8	4670.0	n/a	n/a	n/a	n/a
257.055	0.024	saccade	n/a	192.9	168.1	n/a	129.6	176.6	2.2	133.0
257.081	0.516	fixation	n/a	138.2	176.2	4751.0	n/a	n/a	n/a	n/a
257.599	0.022	saccade	n/a	143.4	169.2	n/a	183.8	163.0	1.41	82.0
257.623	0.266	fixation	n/a	191.5	164.2	4911.0	n/a	n/a	n/a	n/a
257.891	0.014	saccade	n/a	201.8	160.5	n/a	220.5	158.0	0.66	54.0
257.907	0.298	fixation	n/a	217.5	159.4	4977.0	n/a	n/a	n/a	n/a
258.207	0.162	saccade	n/a	217.6	175.6	n/a	204.4	167.5	0.54	1700.0
258.241	0.082	blink	n/a	n/a	n/a	n/a	n/a	n/a	n/a	n/a
258.371	0.226	fixation	n/a	207.4	164.1	4921.0	n/a	n/a	n/a	n/a
258.599	0.068	saccade	n/a	213.6	161.3	n/a	433.6	491.7	13.91	390.0
258.669	0.18	fixation	n/a	434.6	481.3	4766.0	n/a	n/a	n/a	n/a
258.851	0.05	saccade	n/a	435.0	479.5	n/a	641.0	516.2	7.22	263.0
258.903	0.264	fixation	n/a	628.8	514.8	4428.0	n/a	n/a	n/a	n/a
259.169	0.188	saccade	n/a	622.7	519.3	n/a	161.9	196.4	19.41	1684.0
259.223	0.094	blink	n/a	n/a	n/a	n/a	n/a	n/a	n/a	n/a
259.359	0.128	fixation	n/a	167.7	194.0	4247.0	n/a	n/a	n/a	n/a
259.489	0.014	saccade	n/a	157.3	185.1	n/a	137.4	175.5	0.76	63.0
259.505	0.264	fixation	n/a	148.2	173.0	4337.0	n/a	n/a	n/a	n/a
259.771	0.022	saccade	n/a	153.5	173.5	n/a	197.7	168.3	1.54	95.0
259.795	0.184	fixation	n/a	196.0	163.8	4499.0	n/a	n/a	n/a	n/a
259.981	0.03	saccade	n/a	192.8	159.9	n/a	123.4	166.5	2.4	177.0
260.013	0.374	fixation	n/a	133.0	162.9	4723.0	n/a	n/a	n/a	n/a
260.389	0.022	saccade	n/a	139.6	162.8	n/a	200.2	157.1	2.1	129.0
260.413	0.58	fixation	n/a	202.2	157.1	4926.0	n/a	n/a	n/a	n/a
260.995	0.022	saccade	n/a	205.4	155.0	n/a	248.7	147.1	1.53	89.0
261.019	0.268	fixation	n/a	267.8	144.3	5016.0	n/a	n/a	n/a	n/a
261.289	0.036	saccade	n/a	270.6	144.8	n/a	176.9	150.9	3.26	157.0
261.327	0.41	fixation	n/a	190.4	149.1	4949.0	n/a	n/a	n/a	n/a
261.739	0.016	saccade	n/a	193.6	149.4	n/a	216.4	143.9	0.81	61.0
261.757	0.316	fixation	n/a	258.3	147.2	4881.0	n/a	n/a	n/a	n/a
262.075	0.066	saccade	n/a	261.5	147.0	n/a	573.2	158.7	10.91	243.0
262.143	0.136	fixation	n/a	573.1	162.1	4750.0	n/a	n/a	n/a	n/a
262.281	0.018	saccade	n/a	578.1	162.4	n/a	606.8	163.6	1.0	76.0
262.301	0.148	fixation	n/a	607.5	166.9	4730.0	n/a	n/a	n/a	n/a
262.451	0.068	saccade	n/a	608.9	168.6	n/a	139.4	236.9	16.43	468.0
262.521	0.326	fixation	n/a	137.2	240.1	4452.0	n/a	n/a	n/a	n/a
262.849	0.026	saccade	n/a	128.5	240.2	n/a	205.6	226.4	2.69	154.0
262.877	0.254	fixation	n/a	218.3	230.3	4396.0	n/a	n/a	n/a	n/a
263.133	0.028	saccade	n/a	218.1	229.8	n/a	299.5	224.1	2.85	146.0
263.163	0.192	fixation	n/a	307.2	226.5	4506.0	n/a	n/a	n/a	n/a
263.357	0.034	saccade	n/a	307.3	226.8	n/a	199.5	236.6	3.79	203.0
263.393	0.312	fixation	n/a	210.7	234.3	4546.0	n/a	n/a	n/a	n/a
263.707	0.026	saccade	n/a	212.3	231.9	n/a	267.5	223.8	1.95	87.0
263.735	0.262	fixation	n/a	306.1	221.6	4531.0	n/a	n/a	n/a	n/a
263.999	0.028	saccade	n/a	308.7	224.1	n/a	392.1	222.2	2.94	153.0
264.029	0.784	fixation	n/a	415.0	228.6	4326.0	n/a	n/a	n/a	n/a
264.815	0.182	saccade	n/a	414.4	248.4	n/a	473.7	181.9	3.17	1466.0
264.857	0.084	blink	n/a	n/a	n/a	n/a	n/a	n/a	n/a	n/a
264.999	0.216	fixation	n/a	473.8	170.4	4333.0	n/a	n/a	n/a	n/a
265.217	0.036	saccade	n/a	474.4	164.9	n/a	332.5	160.4	5.01	273.0
265.255	0.234	fixation	n/a	334.4	162.4	4369.0	n/a	n/a	n/a	n/a
265.491	0.032	saccade	n/a	334.0	163.8	n/a	219.1	180.0	4.06	235.0
265.525	0.39	fixation	n/a	225.4	182.0	4319.0	n/a	n/a	n/a	n/a
265.917	0.026	saccade	n/a	229.8	177.5	n/a	166.8	174.7	2.19	140.0
265.945	0.444	fixation	n/a	176.7	172.6	4478.0	n/a	n/a	n/a	n/a
266.174	0.0	trigger_11	11	n/a	n/a	n/a	n/a	n/a	n/a	n/a
266.234	0.0	trigger_12	12	n/a	n/a	n/a	n/a	n/a	n/a	n/a
266.391	0.024	saccade	n/a	176.8	174.4	n/a	130.5	175.8	1.59	115.0
266.417	0.288	fixation	n/a	132.8	177.2	4597.0	n/a	n/a	n/a	n/a
266.707	0.024	saccade	n/a	134.2	180.4	n/a	185.2	169.5	1.8	95.0
266.733	0.196	fixation	n/a	180.0	172.4	4677.0	n/a	n/a	n/a	n/a
266.931	0.068	saccade	n/a	181.9	172.1	n/a	470.6	501.7	15.28	438.0
267.001	0.2	fixation	n/a	478.9	507.5	4765.0	n/a	n/a	n/a	n/a
267.203	0.032	saccade	n/a	483.3	506.9	n/a	569.3	519.3	3.0	199.0
267.237	0.246	fixation	n/a	559.9	520.3	4540.0	n/a	n/a	n/a	n/a
267.485	0.154	saccade	n/a	558.8	533.2	n/a	152.3	204.5	18.05	1906.0
267.527	0.076	blink	n/a	n/a	n/a	n/a	n/a	n/a	n/a	n/a
267.641	0.232	fixation	n/a	144.7	197.6	4255.0	n/a	n/a	n/a	n/a
267.875	0.04	saccade	n/a	145.4	194.6	n/a	301.6	172.0	5.49	258.0
267.917	0.082	fixation	n/a	306.8	167.8	4284.0	n/a	n/a	n/a	n/a
268.001	0.04	saccade	n/a	310.5	168.8	n/a	480.6	172.0	6.0	296.0
268.043	0.154	fixation	n/a	484.2	171.4	4302.0	n/a	n/a	n/a	n/a
268.199	0.034	saccade	n/a	486.2	168.5	n/a	594.1	175.4	3.8	196.0
268.235	0.21	fixation	n/a	598.2	174.2	4451.0	n/a	n/a	n/a	n/a
268.447	0.064	saccade	n/a	609.1	170.9	n/a	159.3	221.3	15.67	478.0
268.513	0.236	fixation	n/a	168.1	223.3	4594.0	n/a	n/a	n/a	n/a
268.751	0.03	saccade	n/a	167.3	220.1	n/a	248.9	220.7	2.83	180.0
268.783	0.18	fixation	n/a	248.2	213.7	4641.0	n/a	n/a	n/a	n/a
268.965	0.032	saccade	n/a	247.7	209.4	n/a	339.6	211.4	3.22	186.0
268.999	0.214	fixation	n/a	334.0	209.5	4742.0	n/a	n/a	n/a	n/a
269.215	0.03	saccade	n/a	332.5	206.9	n/a	421.2	201.2	3.14	185.0
269.247	0.338	fixation	n/a	418.5	193.7	4827.0	n/a	n/a	n/a	n/a
269.587	0.026	saccade	n/a	419.3	192.6	n/a	495.2	189.5	2.68	136.0
269.615	0.256	fixation	n/a	494.6	193.2	4788.0	n/a	n/a	n/a	n/a
269.873	0.026	saccade	n/a	492.8	190.9	n/a	433.3	182.4	2.12	117.0
269.901	0.222	fixation	n/a	443.2	186.7	4801.0	n/a	n/a	n/a	n/a
270.125	0.024	saccade	n/a	446.3	188.5	n/a	505.3	192.2	2.09	120.0
270.151	0.138	fixation	n/a	520.1	196.2	4778.0	n/a	n/a	n/a	n/a
270.291	0.032	saccade	n/a	521.8	197.2	n/a	606.3	212.0	3.01	187.0
270.325	0.102	fixation	n/a	603.8	212.2	4750.0	n/a	n/a	n/a	n/a
270.429	0.068	saccade	n/a	602.7	212.1	n/a	186.1	267.1	14.62	415.0
270.499	0.284	fixation	n/a	189.3	273.0	4746.0	n/a	n/a	n/a	n/a
270.785	0.02	saccade	n/a	186.5	277.2	n/a	145.0	277.7	1.43	92.0
270.807	0.322	fixation	n/a	150.6	274.7	4650.0	n/a	n/a	n/a	n/a
270.926	0.0	trigger_13	13	n/a	n/a	n/a	n/a	n/a	n/a	n/a
270.986	0.0	trigger_10	10	n/a	n/a	n/a	n/a	n/a	n/a	n/a
271.131	0.04	saccade	n/a	156.8	274.6	n/a	185.7	155.8	4.32	199.0
271.173	0.152	fixation	n/a	189.3	160.8	4652.0	n/a	n/a	n/a	n/a
271.327	0.018	saccade	n/a	187.5	159.6	n/a	159.6	161.2	0.97	73.0
271.347	0.256	fixation	n/a	158.3	163.0	4707.0	n/a	n/a	n/a	n/a
271.605	0.022	saccade	n/a	157.6	164.4	n/a	202.1	150.8	1.61	106.0
271.629	0.63	fixation	n/a	203.3	155.7	4730.0	n/a	n/a	n/a	n/a
272.261	0.016	saccade	n/a	203.9	157.8	n/a	228.9	161.3	0.88	65.0
272.279	0.1	fixation	n/a	238.3	164.6	4672.0	n/a	n/a	n/a	n/a
272.381	0.062	saccade	n/a	243.1	166.0	n/a	588.1	176.1	12.07	321.0
272.445	0.124	fixation	n/a	595.3	172.9	4629.0	n/a	n/a	n/a	n/a
272.571	0.02	saccade	n/a	599.8	171.2	n/a	636.2	169.8	1.27	84.0
272.593	0.242	fixation	n/a	633.7	169.0	4593.0	n/a	n/a	n/a	n/a
272.837	0.07	saccade	n/a	631.4	168.7	n/a	177.2	228.2	15.86	402.0
272.909	0.12	fixation	n/a	182.7	232.4	4369.0	n/a	n/a	n/a	n/a
273.031	0.018	saccade	n/a	184.7	236.5	n/a	156.9	240.6	0.97	73.0
273.051	0.284	fixation	n/a	161.1	241.8	4315.0	n/a	n/a	n/a	n/a
273.337	0.286	saccade	n/a	164.5	252.5	n/a	334.6	174.0	6.55	1661.0
273.387	0.182	blink	n/a	n/a	n/a	n/a	n/a	n/a	n/a	n/a
273.625	0.99	fixation	n/a	325.4	165.1	4504.0	n/a	n/a	n/a	n/a
274.617	0.226	saccade	n/a	319.4	190.8	n/a	328.9	211.1	0.8	1452.0
274.683	0.112	blink	n/a	n/a	n/a	n/a	n/a	n/a	n/a	n/a
274.845	0.718	fixation	n/a	337.2	196.8	4581.0	n/a	n/a	n/a	n/a
275.565	0.04	saccade	n/a	329.1	194.2	n/a	468.0	149.0	5.12	180.0
275.607	0.346	fixation	n/a	463.9	147.7	4646.0	n/a	n/a	n/a	n/a
275.955	0.042	saccade	n/a	454.9	143.0	n/a	607.5	142.3	5.3	254.0
275.999	0.33	fixation	n/a	600.7	141.7	4753.0	n/a	n/a	n/a	n/a
276.331	0.068	saccade	n/a	597.6	136.2	n/a	186.5	145.6	14.18	432.0
276.401	0.13	fixation	n/a	194.9	144.8	4796.0	n/a	n/a	n/a	n/a
276.533	0.03	saccade	n/a	192.9	144.7	n/a	121.6	141.0	2.44	169.0
276.565	0.288	fixation	n/a	134.0	144.2	4760.0	n/a	n/a	n/a	n/a
276.855	0.022	saccade	n/a	140.3	142.4	n/a	193.8	146.4	1.84	112.0
276.879	0.594	fixation	n/a	195.3	141.1	4904.0	n/a	n/a	n/a	n/a
277.475	0.014	saccade	n/a	196.0	146.6	n/a	213.0	144.0	0.6	48.0
277.491	0.218	fixation	n/a	213.1	143.2	4971.0	n/a	n/a	n/a	n/a
277.711	0.03	saccade	n/a	211.3	147.1	n/a	301.5	131.7	3.2	175.0
277.743	0.198	fixation	n/a	292.2	129.9	4981.0	n/a	n/a	n/a	n/a
277.943	0.028	saccade	n/a	292.2	132.3	n/a	387.8	122.9	3.38	187.0
277.973	0.148	fixation	n/a	399.9	127.8	4907.0	n/a	n/a	n/a	n/a
278.123	0.042	saccade	n/a	400.9	132.4	n/a	562.2	152.0	5.72	229.0
278.167	0.148	fixation	n/a	567.0	158.3	4814.0	n/a	n/a	n/a	n/a
278.317	0.018	saccade	n/a	573.0	161.8	n/a	598.6	163.3	0.9	67.0
278.337	0.178	fixation	n/a	605.7	166.7	4745.0	n/a	n/a	n/a	n/a
278.517	0.072	saccade	n/a	607.7	169.6	n/a	139.4	212.9	16.3	397.0
278.591	0.662	fixation	n/a	134.6	221.3	4584.0	n/a	n/a	n/a	n/a
279.255	0.018	saccade	n/a	132.3	225.4	n/a	155.3	219.6	0.82	53.0
279.275	0.174	fixation	n/a	152.4	221.7	4664.0	n/a	n/a	n/a	n/a
279.451	0.024	saccade	n/a	153.0	223.5	n/a	211.3	226.6	2.02	111.0
279.477	0.242	fixation	n/a	214.2	225.5	4741.0	n/a	n/a	n/a	n/a
279.721	0.018	saccade	n/a	214.8	223.9	n/a	240.8	221.7	0.91	66.0
279.741	0.51	fixation	n/a	247.9	220.1	4741.0	n/a	n/a	n/a	n/a
280.253	0.022	saccade	n/a	259.6	214.9	n/a	305.0	209.4	1.61	99.0
280.277	0.224	fixation	n/a	310.1	207.7	4697.0	n/a	n/a	n/a	n/a
280.503	0.202	saccade	n/a	310.2	215.7	n/a	293.8	213.3	0.58	1819.0
280.543	0.118	blink	n/a	n/a	n/a	n/a	n/a	n/a	n/a	n/a
280.707	0.334	fixation	n/a	291.1	201.8	4517.0	n/a	n/a	n/a	n/a
281.043	0.034	saccade	n/a	291.8	206.3	n/a	167.1	223.9	4.4	207.0
281.079	0.254	fixation	n/a	164.9	219.9	4294.0	n/a	n/a	n/a	n/a
281.335	0.024	saccade	n/a	162.2	214.6	n/a	163.2	161.2	1.89	98.0
281.361	0.264	fixation	n/a	175.3	160.2	4286.0	n/a	n/a	n/a	n/a
281.627	0.022	saccade	n/a	174.0	160.7	n/a	127.4	169.2	1.64	101.0
281.651	0.214	fixation	n/a	135.7	166.5	4329.0	n/a	n/a	n/a	n/a
281.867	0.022	saccade	n/a	141.1	162.6	n/a	186.8	151.9	1.62	115.0
281.891	0.286	fixation	n/a	192.6	151.5	4417.0	n/a	n/a	n/a	n/a
282.179	0.054	saccade	n/a	196.9	153.2	n/a	404.4	143.5	7.28	260.0
282.235	0.148	fixation	n/a	404.0	145.6	4494.0	n/a	n/a	n/a	n/a
282.385	0.026	saccade	n/a	406.9	144.1	n/a	484.2	138.6	2.74	142.0
282.413	0.104	fixation	n/a	495.5	132.7	4486.0	n/a	n/a	n/a	n/a
282.519	0.038	saccade	n/a	496.9	137.8	n/a	619.2	154.3	4.34	172.0
282.559	0.366	fixation	n/a	622.2	162.8	4258.0	n/a	n/a	n/a	n/a
282.927	0.072	saccade	n/a	627.5	169.4	n/a	146.4	226.3	16.77	394.0
283.001	0.194	fixation	n/a	154.6	231.2	4238.0	n/a	n/a	n/a	n/a
283.197	0.028	saccade	n/a	155.6	234.6	n/a	243.4	229.8	3.05	158.0
283.227	0.598	fixation	n/a	250.4	228.0	4231.0	n/a	n/a	n/a	n/a
283.827	0.028	saccade	n/a	262.5	225.3	n/a	328.5	206.8	2.42	116.0
283.857	0.476	fixation	n/a	333.3	200.8	4381.0	n/a	n/a	n/a	n/a
284.335	0.196	saccade	n/a	329.0	212.0	n/a	635.6	535.2	15.54	1442.0
284.383	0.114	blink	n/a	n/a	n/a	n/a	n/a	n/a	n/a	n/a
284.533	0.242	fixation	n/a	633.1	523.2	4421.0	n/a	n/a	n/a	n/a
284.777	0.178	saccade	n/a	631.5	523.4	n/a	219.4	237.7	17.38	1729.0
284.845	0.072	blink	n/a	n/a	n/a	n/a	n/a	n/a	n/a	n/a
284.957	0.068	fixation	n/a	210.3	231.2	4076.0	n/a	n/a	n/a	n/a
285.027	0.03	saccade	n/a	211.9	232.3	n/a	156.9	213.5	2.02	144.0
285.059	0.114	fixation	n/a	158.1	208.1	4022.0	n/a	n/a	n/a	n/a
285.175	0.016	saccade	n/a	151.1	199.4	n/a	141.5	179.3	0.79	62.0
285.193	0.338	fixation	n/a	141.2	183.3	4015.0	n/a	n/a	n/a	n/a
285.533	0.024	saccade	n/a	141.9	182.8	n/a	188.4	177.1	1.62	88.0
285.559	0.28	fixation	n/a	187.8	170.9	4204.0	n/a	n/a	n/a	n/a
285.841	0.04	saccade	n/a	189.8	165.6	n/a	294.3	157.1	3.67	162.0
285.883	0.338	fixation	n/a	293.9	149.8	4418.0	n/a	n/a	n/a	n/a
286.223	0.038	saccade	n/a	300.2	155.0	n/a	176.3	171.5	4.38	202.0
286.263	0.708	fixation	n/a	195.0	165.5	4548.0	n/a	n/a	n/a	n/a
286.973	0.066	saccade	n/a	199.4	162.4	n/a	557.7	165.3	12.53	338.0
287.041	0.152	fixation	n/a	565.7	166.0	4698.0	n/a	n/a	n/a	n/a
287.195	0.024	saccade	n/a	569.1	169.8	n/a	620.4	165.7	1.8	127.0
287.221	0.338	fixation	n/a	609.4	174.0	4595.0	n/a	n/a	n/a	n/a
287.561	0.07	saccade	n/a	610.1	181.1	n/a	141.7	214.9	16.31	407.0
287.633	0.334	fixation	n/a	145.7	216.0	4289.0	n/a	n/a	n/a	n/a
287.969	0.046	saccade	n/a	152.1	218.4	n/a	210.4	222.0	2.02	68.0
288.017	0.232	fixation	n/a	209.6	217.6	4312.0	n/a	n/a	n/a	n/a
288.251	0.02	saccade	n/a	210.1	211.5	n/a	240.2	216.2	1.06	67.0
288.273	0.72	fixation	n/a	239.7	214.5	4474.0	n/a	n/a	n/a	n/a
288.995	0.024	saccade	n/a	237.9	216.9	n/a	182.8	212.5	1.92	112.0
289.021	0.262	fixation	n/a	185.0	216.3	4404.0	n/a	n/a	n/a	n/a
289.285	0.026	saccade	n/a	184.3	212.9	n/a	254.3	217.3	2.44	145.0
289.313	0.158	fixation	n/a	276.5	218.6	4417.0	n/a	n/a	n/a	n/a
289.473	0.024	saccade	n/a	278.9	217.9	n/a	327.6	211.5	1.73	101.0
289.499	0.414	fixation	n/a	327.6	208.7	4449.0	n/a	n/a	n/a	n/a
289.915	0.178	saccade	n/a	324.5	219.8	n/a	193.8	166.1	4.96	1549.0
289.961	0.082	blink	n/a	n/a	n/a	n/a	n/a	n/a	n/a	n/a
290.095	0.874	fixation	n/a	199.6	153.8	4576.0	n/a	n/a	n/a	n/a
290.752	0.0	trigger_11	11	n/a	n/a	n/a	n/a	n/a	n/a	n/a
290.816	0.0	trigger_10	10	n/a	n/a	n/a	n/a	n/a	n/a	n/a
290.971	0.03	saccade	n/a	202.4	151.5	n/a	126.5	155.6	2.63	169.0
291.003	0.156	fixation	n/a	138.6	157.2	4736.0	n/a	n/a	n/a	n/a
291.161	0.028	saccade	n/a	139.1	160.2	n/a	214.2	141.4	2.68	138.0
291.191	0.168	fixation	n/a	219.2	143.8	4789.0	n/a	n/a	n/a	n/a
291.361	0.022	saccade	n/a	225.0	149.3	n/a	270.3	146.8	1.59	107.0
291.385	0.156	fixation	n/a	273.4	146.9	4738.0	n/a	n/a	n/a	n/a
291.543	0.026	saccade	n/a	271.8	149.0	n/a	197.5	150.3	2.59	152.0
291.571	0.208	fixation	n/a	202.5	152.4	4565.0	n/a	n/a	n/a	n/a
291.781	0.026	saccade	n/a	206.7	155.3	n/a	300.2	146.1	3.29	186.0
291.809	0.124	fixation	n/a	313.1	148.9	4486.0	n/a	n/a	n/a	n/a
291.935	0.024	saccade	n/a	313.5	147.7	n/a	377.9	146.8	2.27	137.0
291.961	0.314	fixation	n/a	385.0	149.3	4410.0	n/a	n/a	n/a	n/a
292.277	0.026	saccade	n/a	389.9	148.2	n/a	443.6	148.7	1.9	91.0
292.305	0.27	fixation	n/a	451.2	157.2	4286.0	n/a	n/a	n/a	n/a
292.577	0.028	saccade	n/a	456.0	161.0	n/a	550.5	157.5	3.34	171.0
292.607	0.27	fixation	n/a	557.3	161.7	4133.0	n/a	n/a	n/a	n/a
292.879	0.022	saccade	n/a	565.4	165.2	n/a	607.4	173.5	1.5	86.0
292.903	0.202	fixation	n/a	609.0	175.4	4122.0	n/a	n/a	n/a	n/a
293.107	0.072	saccade	n/a	608.9	172.6	n/a	168.5	227.2	15.44	395.0
293.181	0.124	fixation	n/a	175.3	229.2	4305.0	n/a	n/a	n/a	n/a
293.307	0.018	saccade	n/a	173.7	229.7	n/a	145.5	232.4	0.98	75.0
293.327	0.26	fixation	n/a	148.4	228.6	4361.0	n/a	n/a	n/a	n/a
293.589	0.022	saccade	n/a	147.9	231.3	n/a	191.0	225.5	1.51	84.0
293.613	0.298	fixation	n/a	198.1	225.5	4387.0	n/a	n/a	n/a	n/a
293.913	0.028	saccade	n/a	197.7	225.2	n/a	123.4	234.1	2.59	154.0
293.943	0.262	fixation	n/a	131.0	232.8	4444.0	n/a	n/a	n/a	n/a
294.207	0.174	saccade	n/a	130.6	240.8	n/a	216.8	198.6	3.33	1726.0
294.239	0.102	blink	n/a	n/a	n/a	n/a	n/a	n/a	n/a	n/a
294.383	0.09	fixation	n/a	219.6	184.2	4504.0	n/a	n/a	n/a	n/a
294.475	0.07	saccade	n/a	225.1	175.2	n/a	596.6	536.8	18.05	492.0
294.547	0.156	fixation	n/a	595.9	536.2	4546.0	n/a	n/a	n/a	n/a
294.705	0.026	saccade	n/a	588.0	546.7	n/a	652.3	516.2	2.44	144.0
294.733	0.25	fixation	n/a	647.9	522.7	4409.0	n/a	n/a	n/a	n/a
294.985	0.084	saccade	n/a	645.2	533.1	n/a	279.7	184.6	17.56	486.0
295.071	0.182	fixation	n/a	288.1	187.2	4260.0	n/a	n/a	n/a	n/a
295.255	0.03	saccade	n/a	290.5	187.8	n/a	212.5	167.7	2.82	171.0
295.287	0.516	fixation	n/a	218.0	170.6	4259.0	n/a	n/a	n/a	n/a
295.805	0.014	saccade	n/a	213.8	164.3	n/a	196.9	164.1	0.59	51.0
295.821	0.162	fixation	n/a	200.7	165.0	4506.0	n/a	n/a	n/a	n/a
295.985	0.034	saccade	n/a	201.2	163.1	n/a	348.6	146.1	5.21	254.0
296.021	0.19	fixation	n/a	357.8	149.2	4624.0	n/a	n/a	n/a	n/a
296.213	0.026	saccade	n/a	359.5	151.1	n/a	426.6	139.8	2.41	142.0
296.241	0.334	fixation	n/a	440.0	145.0	4640.0	n/a	n/a	n/a	n/a
296.577	0.028	saccade	n/a	440.8	151.0	n/a	533.8	161.5	3.31	174.0
296.607	0.192	fixation	n/a	548.7	161.4	4548.0	n/a	n/a	n/a	n/a
296.801	0.068	saccade	n/a	557.7	167.1	n/a	234.7	169.6	11.33	323.0
296.871	0.508	fixation	n/a	240.4	165.4	4535.0	n/a	n/a	n/a	n/a
297.381	0.076	saccade	n/a	241.2	160.8	n/a	577.4	567.2	18.33	394.0
297.459	0.664	fixation	n/a	551.8	533.3	4456.0	n/a	n/a	n/a	n/a
298.125	0.028	saccade	n/a	537.4	541.6	n/a	442.5	530.6	3.31	186.0
298.155	0.29	fixation	n/a	440.0	529.6	4052.0	n/a	n/a	n/a	n/a
298.447	0.06	saccade	n/a	441.8	529.8	n/a	233.1	214.1	13.24	340.0
298.509	0.214	fixation	n/a	224.1	206.0	4022.0	n/a	n/a	n/a	n/a
298.725	0.032	saccade	n/a	225.5	199.4	n/a	334.2	180.6	3.88	191.0
298.759	0.186	fixation	n/a	347.1	175.9	4036.0	n/a	n/a	n/a	n/a
298.947	0.034	saccade	n/a	349.2	173.8	n/a	468.1	175.1	4.2	200.0
298.983	0.204	fixation	n/a	467.1	174.9	4102.0	n/a	n/a	n/a	n/a
299.189	0.028	saccade	n/a	468.6	173.0	n/a	550.4	173.7	2.89	164.0
299.219	0.158	fixation	n/a	549.4	169.0	4235.0	n/a	n/a	n/a	n/a
299.379	0.06	saccade	n/a	545.6	164.6	n/a	163.6	226.7	13.49	427.0
299.441	0.144	fixation	n/a	169.1	229.0	4372.0	n/a	n/a	n/a	n/a
299.587	0.016	saccade	n/a	169.7	230.0	n/a	145.6	235.2	0.85	69.0
299.605	0.2	fixation	n/a	149.7	231.8	4412.0	n/a	n/a	n/a	n/a
299.807	0.028	saccade	n/a	149.6	229.1	n/a	233.8	224.9	2.93	148.0
299.837	0.18	fixation	n/a	240.1	219.9	4441.0	n/a	n/a	n/a	n/a
300.019	0.05	saccade	n/a	239.0	220.3	n/a	185.2	517.5	10.56	395.0
300.071	0.24	fixation	n/a	191.1	515.9	4569.0	n/a	n/a	n/a	n/a
300.313	0.014	saccade	n/a	199.6	517.7	n/a	219.2	517.6	0.67	55.0
300.329	0.168	fixation	n/a	230.8	521.7	4533.0	n/a	n/a	n/a	n/a
300.499	0.028	saccade	n/a	235.1	524.9	n/a	322.1	531.9	3.0	157.0
300.529	0.256	fixation	n/a	325.8	534.5	4372.0	n/a	n/a	n/a	n/a
300.787	0.024	saccade	n/a	327.0	534.6	n/a	380.4	522.4	1.9	117.0
300.813	0.288	fixation	n/a	389.2	521.6	4238.0	n/a	n/a	n/a	n/a
301.103	0.028	saccade	n/a	395.1	523.3	n/a	483.0	535.0	3.08	155.0
301.133	0.156	fixation	n/a	484.4	529.1	4206.0	n/a	n/a	n/a	n/a
301.291	0.038	saccade	n/a	488.1	534.0	n/a	320.0	526.8	5.82	302.0
301.331	0.306	fixation	n/a	328.4	528.0	4226.0	n/a	n/a	n/a	n/a
301.639	0.042	saccade	n/a	343.0	525.7	n/a	541.2	545.3	6.89	293.0
301.683	0.666	fixation	n/a	539.4	537.5	4231.0	n/a	n/a	n/a	n/a
302.351	0.024	saccade	n/a	528.3	534.9	n/a	474.2	527.1	1.89	115.0
302.377	0.276	fixation	n/a	468.8	524.2	4291.0	n/a	n/a	n/a	n/a
302.655	0.022	saccade	n/a	472.2	527.4	n/a	526.2	534.2	1.89	122.0
302.679	0.24	fixation	n/a	533.3	532.9	4257.0	n/a	n/a	n/a	n/a
302.921	0.212	saccade	n/a	537.3	544.3	n/a	538.1	535.1	0.32	1142.0
302.947	0.144	blink	n/a	n/a	n/a	n/a	n/a	n/a	n/a	n/a
303.135	0.184	fixation	n/a	531.4	520.8	4337.0	n/a	n/a	n/a	n/a
303.321	0.038	saccade	n/a	536.4	515.5	n/a	411.6	512.0	4.34	262.0
303.361	0.232	fixation	n/a	423.0	518.2	4352.0	n/a	n/a	n/a	n/a
303.595	0.016	saccade	n/a	412.3	526.6	n/a	392.1	521.5	0.72	60.0
303.613	0.212	fixation	n/a	404.4	516.4	4297.0	n/a	n/a	n/a	n/a
303.827	0.022	saccade	n/a	409.8	517.2	n/a	448.4	516.4	1.35	80.0
303.851	0.474	fixation	n/a	463.4	518.5	4264.0	n/a	n/a	n/a	n/a
304.327	0.17	saccade	n/a	472.3	529.4	n/a	205.0	186.4	15.18	1834.0
304.399	0.054	blink	n/a	n/a	n/a	n/a	n/a	n/a	n/a	n/a
304.499	0.33	fixation	n/a	196.5	178.8	4186.0	n/a	n/a	n/a	n/a
304.831	0.052	saccade	n/a	187.8	178.2	n/a	449.1	171.7	9.17	312.0
304.885	0.228	fixation	n/a	454.8	171.0	3997.0	n/a	n/a	n/a	n/a
305.115	0.032	saccade	n/a	459.3	177.0	n/a	559.3	173.8	3.54	182.0
305.149	0.136	fixation	n/a	561.3	177.9	4067.0	n/a	n/a	n/a	n/a
305.287	0.064	saccade	n/a	555.9	176.4	n/a	167.8	240.7	13.74	406.0
305.353	0.204	fixation	n/a	174.5	239.4	4207.0	n/a	n/a	n/a	n/a
305.559	0.03	saccade	n/a	177.5	236.9	n/a	261.3	230.4	2.93	144.0
305.591	0.256	fixation	n/a	256.7	228.7	4301.0	n/a	n/a	n/a	n/a
305.849	0.028	saccade	n/a	264.7	227.6	n/a	207.0	182.5	2.58	169.0
305.879	0.24	fixation	n/a	213.0	180.1	4391.0	n/a	n/a	n/a	n/a
305.882	0.0	trigger_11	11	n/a	n/a	n/a	n/a	n/a	n/a	n/a
305.944	0.0	trigger_10	10	n/a	n/a	n/a	n/a	n/a	n/a	n/a
306.121	0.03	saccade	n/a	214.8	178.3	n/a	143.6	170.4	2.48	159.0
306.153	0.192	fixation	n/a	153.3	169.1	4440.0	n/a	n/a	n/a	n/a
306.347	0.194	saccade	n/a	155.0	182.8	n/a	234.7	209.9	2.94	1621.0
306.387	0.11	blink	n/a	n/a	n/a	n/a	n/a	n/a	n/a	n/a
306.543	0.144	fixation	n/a	226.6	189.8	4614.0	n/a	n/a	n/a	n/a
306.689	0.026	saccade	n/a	225.0	190.3	n/a	153.8	198.4	2.49	143.0
306.717	0.728	fixation	n/a	161.1	187.5	4523.0	n/a	n/a	n/a	n/a
307.447	0.324	saccade	n/a	161.2	212.6	n/a	162.4	191.0	0.77	1575.0
307.483	0.25	blink	n/a	n/a	n/a	n/a	n/a	n/a	n/a	n/a
307.773	0.512	fixation	n/a	145.3	182.8	4451.0	n/a	n/a	n/a	n/a
308.287	0.026	saccade	n/a	127.3	188.4	n/a	197.9	180.6	2.46	131.0
308.315	0.694	fixation	n/a	210.8	172.6	4245.0	n/a	n/a	n/a	n/a
309.011	0.026	saccade	n/a	221.4	172.5	n/a	285.2	163.9	2.26	145.0
309.039	0.222	fixation	n/a	285.5	159.5	4329.0	n/a	n/a	n/a	n/a
309.263	0.03	saccade	n/a	286.3	159.8	n/a	394.6	155.0	3.83	184.0
309.295	0.21	fixation	n/a	406.3	152.9	4507.0	n/a	n/a	n/a	n/a
309.507	0.038	saccade	n/a	406.3	152.4	n/a	569.3	159.6	5.77	231.0
309.547	0.194	fixation	n/a	572.1	160.1	4575.0	n/a	n/a	n/a	n/a
309.743	0.058	saccade	n/a	574.9	160.4	n/a	245.1	212.2	11.74	406.0
309.803	0.114	fixation	n/a	251.7	213.7	4521.0	n/a	n/a	n/a	n/a
309.919	0.026	saccade	n/a	251.9	216.2	n/a	189.8	223.2	2.18	158.0
309.947	0.252	fixation	n/a	202.3	229.0	4380.0	n/a	n/a	n/a	n/a
310.201	0.026	saccade	n/a	210.3	230.6	n/a	294.3	222.1	2.97	168.0
310.229	0.274	fixation	n/a	308.1	221.4	4458.0	n/a	n/a	n/a	n/a
310.505	0.028	saccade	n/a	310.3	221.8	n/a	396.5	218.1	3.05	160.0
310.535	0.362	fixation	n/a	402.1	209.6	4642.0	n/a	n/a	n/a	n/a
310.899	0.026	saccade	n/a	402.4	208.8	n/a	462.9	209.0	2.15	100.0
310.927	0.23	fixation	n/a	483.9	207.9	4625.0	n/a	n/a	n/a	n/a
311.159	0.03	saccade	n/a	484.4	206.4	n/a	404.4	207.8	2.83	173.0
311.191	0.264	fixation	n/a	414.5	211.9	4575.0	n/a	n/a	n/a	n/a
311.457	0.028	saccade	n/a	417.8	215.0	n/a	503.5	215.7	3.03	144.0
311.487	0.244	fixation	n/a	511.3	217.6	4456.0	n/a	n/a	n/a	n/a
311.733	0.024	saccade	n/a	518.8	222.9	n/a	578.7	224.1	2.11	131.0
311.759	0.206	fixation	n/a	577.5	226.1	4373.0	n/a	n/a	n/a	n/a
311.967	0.02	saccade	n/a	581.3	228.8	n/a	622.6	230.1	1.45	93.0
311.989	0.216	fixation	n/a	629.9	233.4	4287.0	n/a	n/a	n/a	n/a
312.207	0.016	saccade	n/a	633.5	235.3	n/a	655.0	234.6	0.75	57.0
312.225	0.158	fixation	n/a	656.5	235.8	4219.0	n/a	n/a	n/a	n/a
312.385	0.074	saccade	n/a	658.2	234.9	n/a	152.2	299.4	17.66	450.0
312.461	0.246	fixation	n/a	161.6	297.9	4270.0	n/a	n/a	n/a	n/a
312.709	0.026	saccade	n/a	161.6	294.7	n/a	232.0	284.7	2.47	134.0
312.737	0.258	fixation	n/a	250.0	286.7	4166.0	n/a	n/a	n/a	n/a
312.997	0.036	saccade	n/a	255.2	290.8	n/a	380.5	293.8	4.41	194.0
313.035	0.426	fixation	n/a	378.9	297.3	4120.0	n/a	n/a	n/a	n/a
313.463	0.026	saccade	n/a	382.8	304.1	n/a	454.4	302.4	2.54	142.0
313.491	0.208	fixation	n/a	459.8	299.4	4082.0	n/a	n/a	n/a	n/a
313.701	0.042	saccade	n/a	462.7	297.4	n/a	262.5	258.7	7.2	295.0
313.745	0.352	fixation	n/a	258.3	255.9	4208.0	n/a	n/a	n/a	n/a
314.099	0.02	saccade	n/a	253.1	254.0	n/a	213.5	253.5	1.38	91.0
314.121	0.154	fixation	n/a	213.7	258.2	4233.0	n/a	n/a	n/a	n/a
314.277	0.162	saccade	n/a	213.4	263.6	n/a	345.4	297.4	4.79	1744.0
314.315	0.082	blink	n/a	n/a	n/a	n/a	n/a	n/a	n/a	n/a
314.441	0.31	fixation	n/a	347.2	277.8	4334.0	n/a	n/a	n/a	n/a
314.753	0.046	saccade	n/a	349.4	274.1	n/a	534.1	242.9	6.62	263.0
314.801	0.214	fixation	n/a	537.0	238.5	4165.0	n/a	n/a	n/a	n/a
315.017	0.014	saccade	n/a	551.3	243.1	n/a	570.1	243.4	0.66	55.0
315.033	0.258	fixation	n/a	568.9	238.2	4102.0	n/a	n/a	n/a	n/a
315.293	0.02	saccade	n/a	571.1	232.7	n/a	610.0	240.7	1.39	91.0
315.315	0.266	fixation	n/a	612.9	240.0	4092.0	n/a	n/a	n/a	n/a
315.583	0.06	saccade	n/a	614.2	241.6	n/a	292.1	289.4	11.43	412.0
315.645	0.41	fixation	n/a	296.6	289.9	4284.0	n/a	n/a	n/a	n/a
316.057	0.066	saccade	n/a	293.7	283.8	n/a	586.3	525.4	13.22	349.0
316.125	0.198	fixation	n/a	579.3	511.5	4484.0	n/a	n/a	n/a	n/a
316.325	0.016	saccade	n/a	581.1	500.8	n/a	604.4	505.0	0.82	69.0
316.343	0.194	fixation	n/a	596.3	507.8	4565.0	n/a	n/a	n/a	n/a
316.539	0.076	saccade	n/a	596.8	515.8	n/a	240.7	294.1	14.56	410.0
316.617	0.198	fixation	n/a	246.7	291.4	4405.0	n/a	n/a	n/a	n/a
316.817	0.034	saccade	n/a	243.4	289.1	n/a	134.1	294.7	3.79	222.0
316.853	0.244	fixation	n/a	138.7	291.3	4300.0	n/a	n/a	n/a	n/a
317.099	0.038	saccade	n/a	141.1	291.8	n/a	291.0	276.6	5.24	213.0
317.139	0.148	fixation	n/a	302.7	273.0	4276.0	n/a	n/a	n/a	n/a
317.289	0.03	saccade	n/a	305.1	274.3	n/a	218.3	183.9	4.44	245.0
317.321	0.374	fixation	n/a	209.6	175.8	4328.0	n/a	n/a	n/a	n/a
317.378	0.0	trigger_11	11	n/a	n/a	n/a	n/a	n/a	n/a	n/a
317.434	0.0	trigger_10	10	n/a	n/a	n/a	n/a	n/a	n/a	n/a
317.697	0.196	saccade	n/a	212.1	185.7	n/a	330.1	524.4	12.57	1648.0
317.733	0.124	blink	n/a	n/a	n/a	n/a	n/a	n/a	n/a	n/a
317.895	0.13	fixation	n/a	334.4	528.0	4602.0	n/a	n/a	n/a	n/a
318.027	0.028	saccade	n/a	336.4	521.4	n/a	423.7	504.0	3.09	177.0
318.057	0.22	fixation	n/a	430.6	508.4	4515.0	n/a	n/a	n/a	n/a
318.279	0.02	saccade	n/a	433.4	500.6	n/a	473.5	512.5	1.46	92.0
318.301	0.23	fixation	n/a	487.3	516.0	4186.0	n/a	n/a	n/a	n/a
318.533	0.172	saccade	n/a	482.4	530.1	n/a	184.6	192.4	15.71	1696.0
318.557	0.104	blink	n/a	n/a	n/a	n/a	n/a	n/a	n/a	n/a
318.707	0.144	fixation	n/a	180.6	190.6	4026.0	n/a	n/a	n/a	n/a
318.853	0.022	saccade	n/a	182.8	192.7	n/a	141.7	183.7	1.46	102.0
318.877	0.628	fixation	n/a	139.4	183.0	4030.0	n/a	n/a	n/a	n/a
319.507	0.022	saccade	n/a	139.3	183.3	n/a	186.8	176.6	1.66	101.0
319.531	0.25	fixation	n/a	189.2	173.1	4272.0	n/a	n/a	n/a	n/a
319.783	0.028	saccade	n/a	193.8	158.5	n/a	279.3	161.5	3.0	155.0
319.813	0.174	fixation	n/a	292.3	156.7	4385.0	n/a	n/a	n/a	n/a
319.989	0.028	saccade	n/a	291.7	155.1	n/a	370.7	159.4	2.8	134.0
320.019	0.212	fixation	n/a	367.2	153.9	4472.0	n/a	n/a	n/a	n/a
320.233	0.014	saccade	n/a	372.3	152.4	n/a	389.7	152.9	0.62	50.0
320.249	0.172	fixation	n/a	391.5	153.0	4464.0	n/a	n/a	n/a	n/a
320.423	0.022	saccade	n/a	396.8	153.3	n/a	445.9	156.6	1.75	112.0
320.447	0.202	fixation	n/a	454.1	155.3	4481.0	n/a	n/a	n/a	n/a
320.651	0.032	saccade	n/a	452.6	155.1	n/a	545.0	154.1	3.26	169.0
320.685	0.242	fixation	n/a	539.8	157.3	4487.0	n/a	n/a	n/a	n/a
320.929	0.022	saccade	n/a	547.7	155.7	n/a	594.4	160.4	1.65	114.0
320.953	0.252	fixation	n/a	591.3	161.9	4419.0	n/a	n/a	n/a	n/a
321.207	0.068	saccade	n/a	594.0	164.0	n/a	140.9	225.7	15.91	446.0
321.277	0.224	fixation	n/a	150.6	228.0	4389.0	n/a	n/a	n/a	n/a
321.503	0.026	saccade	n/a	154.3	234.7	n/a	228.9	227.1	2.61	146.0
321.531	0.256	fixation	n/a	229.3	231.5	4311.0	n/a	n/a	n/a	n/a
321.789	0.032	saccade	n/a	228.8	234.3	n/a	347.9	231.1	4.19	212.0
321.823	0.288	fixation	n/a	354.7	233.8	4274.0	n/a	n/a	n/a	n/a
322.113	0.034	saccade	n/a	355.4	234.8	n/a	474.9	233.1	4.24	169.0
322.149	0.232	fixation	n/a	501.8	240.5	4164.0	n/a	n/a	n/a	n/a
322.383	0.02	saccade	n/a	506.5	242.1	n/a	549.4	238.3	1.52	102.0
322.405	0.204	fixation	n/a	549.5	241.6	4093.0	n/a	n/a	n/a	n/a
322.611	0.02	saccade	n/a	551.0	243.2	n/a	584.5	247.3	1.19	74.0
322.633	0.136	fixation	n/a	587.8	245.1	4035.0	n/a	n/a	n/a	n/a
322.771	0.07	saccade	n/a	587.7	243.1	n/a	140.8	313.2	15.72	426.0
322.843	0.544	fixation	n/a	145.6	314.4	4097.0	n/a	n/a	n/a	n/a
323.389	0.032	saccade	n/a	145.2	311.8	n/a	173.8	216.1	3.53	128.0
323.423	0.152	fixation	n/a	182.7	208.2	4078.0	n/a	n/a	n/a	n/a
323.577	0.02	saccade	n/a	180.5	207.4	n/a	141.1	194.7	1.43	101.0
323.599	0.316	fixation	n/a	151.3	190.9	4096.0	n/a	n/a	n/a	n/a
323.917	0.028	saccade	n/a	151.9	190.8	n/a	239.1	188.5	3.03	149.0
323.947	0.23	fixation	n/a	251.5	188.1	4270.0	n/a	n/a	n/a	n/a
324.179	0.02	saccade	n/a	251.4	184.9	n/a	237.7	217.3	1.25	90.0
324.201	0.114	fixation	n/a	241.7	208.4	4349.0	n/a	n/a	n/a	n/a
324.317	0.032	saccade	n/a	242.4	207.0	n/a	365.4	162.1	4.62	255.0
324.351	0.252	fixation	n/a	375.5	163.5	4312.0	n/a	n/a	n/a	n/a
324.605	0.026	saccade	n/a	377.9	165.7	n/a	443.2	161.8	2.32	131.0
324.633	0.156	fixation	n/a	463.9	164.4	4315.0	n/a	n/a	n/a	n/a
324.791	0.176	saccade	n/a	463.6	179.1	n/a	463.2	167.1	0.43	1548.0
324.831	0.076	blink	n/a	n/a	n/a	n/a	n/a	n/a	n/a	n/a
324.969	0.786	fixation	n/a	465.9	160.3	4252.0	n/a	n/a	n/a	n/a
325.757	0.052	saccade	n/a	466.1	153.6	n/a	255.1	182.2	7.5	243.0
325.811	0.192	fixation	n/a	267.0	163.7	4444.0	n/a	n/a	n/a	n/a
326.002	0.0	trigger_11	11	n/a	n/a	n/a	n/a	n/a	n/a	n/a
326.005	0.026	saccade	n/a	267.9	170.5	n/a	180.9	168.8	3.03	176.0
326.033	0.196	fixation	n/a	184.8	171.0	4480.0	n/a	n/a	n/a	n/a
326.066	0.0	trigger_12	12	n/a	n/a	n/a	n/a	n/a	n/a	n/a
326.231	0.024	saccade	n/a	184.4	174.8	n/a	135.7	177.9	1.69	128.0
326.257	0.526	fixation	n/a	145.2	169.3	4538.0	n/a	n/a	n/a	n/a
326.785	0.022	saccade	n/a	145.2	165.8	n/a	196.1	163.0	1.77	114.0
326.809	0.292	fixation	n/a	200.8	163.4	4566.0	n/a	n/a	n/a	n/a
327.103	0.022	saccade	n/a	204.2	159.8	n/a	245.8	153.3	1.47	84.0
327.127	0.256	fixation	n/a	270.8	149.1	4567.0	n/a	n/a	n/a	n/a
327.385	0.02	saccade	n/a	272.3	149.0	n/a	308.5	146.5	1.28	79.0
327.407	0.112	fixation	n/a	311.2	148.2	4535.0	n/a	n/a	n/a	n/a
327.521	0.054	saccade	n/a	310.9	150.3	n/a	581.8	161.6	9.55	319.0
327.577	0.212	fixation	n/a	580.4	162.1	4381.0	n/a	n/a	n/a	n/a
327.791	0.06	saccade	n/a	580.4	164.0	n/a	312.3	208.7	9.56	331.0
327.853	0.182	fixation	n/a	313.0	214.3	4285.0	n/a	n/a	n/a	n/a
328.037	0.02	saccade	n/a	310.4	217.2	n/a	272.0	221.5	1.36	89.0
328.059	0.192	fixation	n/a	276.5	222.4	4148.0	n/a	n/a	n/a	n/a
328.253	0.04	saccade	n/a	279.3	225.3	n/a	443.0	222.2	5.79	253.0
328.295	0.088	fixation	n/a	444.6	223.9	4123.0	n/a	n/a	n/a	n/a
328.385	0.024	saccade	n/a	447.6	221.8	n/a	495.0	223.1	1.68	119.0
328.411	0.16	fixation	n/a	493.5	223.7	4148.0	n/a	n/a	n/a	n/a
328.573	0.062	saccade	n/a	496.7	224.7	n/a	146.0	290.8	12.49	423.0
328.637	0.282	fixation	n/a	153.6	288.5	4153.0	n/a	n/a	n/a	n/a
328.921	0.028	saccade	n/a	158.2	287.5	n/a	246.3	281.2	3.07	153.0
328.951	0.222	fixation	n/a	263.7	282.5	4138.0	n/a	n/a	n/a	n/a
329.175	0.026	saccade	n/a	265.7	282.1	n/a	346.3	281.8	2.84	159.0
329.203	0.244	fixation	n/a	369.1	279.0	4190.0	n/a	n/a	n/a	n/a
329.449	0.02	saccade	n/a	377.1	283.4	n/a	418.0	285.7	1.45	99.0
329.471	0.146	fixation	n/a	426.3	285.2	4251.0	n/a	n/a	n/a	n/a
329.619	0.028	saccade	n/a	429.2	287.3	n/a	523.6	286.9	3.34	176.0
329.649	0.272	fixation	n/a	530.7	290.0	4216.0	n/a	n/a	n/a	n/a
329.923	0.026	saccade	n/a	529.7	290.3	n/a	589.8	292.7	2.11	107.0
329.951	0.162	fixation	n/a	587.8	295.5	4171.0	n/a	n/a	n/a	n/a
330.115	0.02	saccade	n/a	589.1	298.6	n/a	632.0	298.3	1.5	100.0
330.137	0.354	fixation	n/a	640.8	302.1	4052.0	n/a	n/a	n/a	n/a
330.493	0.076	saccade	n/a	641.8	305.8	n/a	170.6	357.8	16.44	363.0
330.571	0.116	fixation	n/a	177.0	359.4	4063.0	n/a	n/a	n/a	n/a
330.689	0.024	saccade	n/a	174.9	360.2	n/a	136.2	372.7	1.4	104.0
330.715	0.218	fixation	n/a	140.8	371.2	4002.0	n/a	n/a	n/a	n/a
330.935	0.032	saccade	n/a	137.6	371.3	n/a	261.4	360.3	4.29	210.0
330.969	0.252	fixation	n/a	275.3	367.3	3992.0	n/a	n/a	n/a	n/a
331.223	0.17	saccade	n/a	277.8	376.4	n/a	462.0	318.6	6.79	1672.0
331.257	0.096	blink	n/a	n/a	n/a	n/a	n/a	n/a	n/a	n/a
331.395	0.112	fixation	n/a	467.8	302.5	4057.0	n/a	n/a	n/a	n/a
331.509	0.038	saccade	n/a	469.7	300.2	n/a	568.3	305.1	3.48	141.0
331.549	0.178	fixation	n/a	567.1	300.0	4122.0	n/a	n/a	n/a	n/a
331.729	0.022	saccade	n/a	567.3	290.6	n/a	630.7	293.7	2.22	138.0
331.753	0.236	fixation	n/a	636.7	304.5	3980.0	n/a	n/a	n/a	n/a
331.991	0.074	saccade	n/a	638.3	310.2	n/a	173.5	352.1	16.15	391.0
332.067	0.12	fixation	n/a	181.9	354.6	4042.0	n/a	n/a	n/a	n/a
332.189	0.024	saccade	n/a	180.1	356.7	n/a	132.4	363.3	1.65	116.0
332.215	0.23	fixation	n/a	137.9	368.0	4008.0	n/a	n/a	n/a	n/a
332.447	0.03	saccade	n/a	139.1	367.8	n/a	229.5	350.9	3.18	139.0
332.479	0.438	fixation	n/a	236.4	353.3	4084.0	n/a	n/a	n/a	n/a
332.919	0.026	saccade	n/a	244.2	348.5	n/a	296.1	336.8	1.86	81.0
332.947	0.226	fixation	n/a	317.2	348.3	4182.0	n/a	n/a	n/a	n/a
333.175	0.02	saccade	n/a	311.2	347.1	n/a	316.2	307.2	1.43	98.0
333.197	0.148	fixation	n/a	314.9	309.4	4143.0	n/a	n/a	n/a	n/a
333.347	0.022	saccade	n/a	316.3	308.1	n/a	351.7	300.1	1.28	71.0
333.371	0.236	fixation	n/a	365.0	297.5	4102.0	n/a	n/a	n/a	n/a
333.609	0.024	saccade	n/a	366.6	295.3	n/a	348.2	248.1	1.82	91.0
333.635	0.312	fixation	n/a	350.5	240.0	4013.0	n/a	n/a	n/a	n/a
333.949	0.036	saccade	n/a	350.7	239.7	n/a	216.4	291.1	5.06	254.0
333.987	0.34	fixation	n/a	217.2	294.3	4014.0	n/a	n/a	n/a	n/a
334.329	0.028	saccade	n/a	217.8	296.2	n/a	300.1	265.2	3.09	150.0
334.359	0.294	fixation	n/a	329.0	253.9	3967.0	n/a	n/a	n/a	n/a
334.655	0.026	saccade	n/a	332.3	253.9	n/a	382.0	288.8	2.16	138.0
334.683	0.346	fixation	n/a	384.7	290.5	4039.0	n/a	n/a	n/a	n/a
334.812	0.0	trigger_13	13	n/a	n/a	n/a	n/a	n/a	n/a	n/a
334.876	0.0	trigger_10	10	n/a	n/a	n/a	n/a	n/a	n/a	n/a
335.031	0.038	saccade	n/a	381.8	285.1	n/a	207.7	209.1	6.68	319.0
335.071	0.064	fixation	n/a	204.6	207.9	4127.0	n/a	n/a	n/a	n/a
335.137	0.032	saccade	n/a	205.1	207.1	n/a	136.5	177.0	2.6	180.0
335.171	0.246	fixation	n/a	144.5	183.8	4054.0	n/a	n/a	n/a	n/a
335.419	0.026	saccade	n/a	146.9	188.1	n/a	200.9	181.4	1.89	99.0
335.447	0.26	fixation	n/a	209.0	177.5	3973.0	n/a	n/a	n/a	n/a
335.709	0.014	saccade	n/a	218.9	178.0	n/a	235.0	173.2	0.59	47.0
335.725	0.15	fixation	n/a	247.9	169.1	4060.0	n/a	n/a	n/a	n/a
335.877	0.022	saccade	n/a	248.5	166.1	n/a	287.5	157.6	1.4	86.0
335.901	0.302	fixation	n/a	300.9	152.7	4208.0	n/a	n/a	n/a	n/a
336.205	0.034	saccade	n/a	306.1	147.0	n/a	219.1	156.3	3.07	178.0
336.241	0.214	fixation	n/a	225.4	160.5	4312.0	n/a	n/a	n/a	n/a
336.457	0.038	saccade	n/a	223.4	162.4	n/a	359.8	153.7	4.8	227.0
336.497	0.166	fixation	n/a	358.8	156.3	4312.0	n/a	n/a	n/a	n/a
336.665	0.048	saccade	n/a	360.9	157.1	n/a	566.4	166.1	7.24	251.0
336.715	0.178	fixation	n/a	575.7	168.1	4336.0	n/a	n/a	n/a	n/a
336.895	0.018	saccade	n/a	580.4	165.4	n/a	613.4	163.8	1.16	88.0
336.915	0.074	fixation	n/a	614.1	162.0	4377.0	n/a	n/a	n/a	n/a
336.991	0.068	saccade	n/a	616.7	165.2	n/a	176.5	228.0	15.47	446.0
337.061	0.132	fixation	n/a	185.2	231.8	4343.0	n/a	n/a	n/a	n/a
337.195	0.026	saccade	n/a	188.1	237.3	n/a	140.8	243.0	1.65	130.0
337.223	0.306	fixation	n/a	145.7	240.4	4235.0	n/a	n/a	n/a	n/a
337.531	0.176	saccade	n/a	149.9	248.0	n/a	211.1	248.6	2.12	1595.0
337.563	0.106	blink	n/a	n/a	n/a	n/a	n/a	n/a	n/a	n/a
337.709	0.234	fixation	n/a	205.6	236.9	4241.0	n/a	n/a	n/a	n/a
337.945	0.02	saccade	n/a	208.3	238.1	n/a	243.9	230.8	1.27	86.0
337.967	0.526	fixation	n/a	242.0	237.4	4181.0	n/a	n/a	n/a	n/a
338.495	0.018	saccade	n/a	240.8	243.2	n/a	272.6	239.9	1.12	74.0
338.515	0.286	fixation	n/a	292.9	228.4	4225.0	n/a	n/a	n/a	n/a
338.803	0.022	saccade	n/a	293.9	217.4	n/a	349.7	216.1	1.97	117.0
338.827	0.166	fixation	n/a	342.8	221.8	4263.0	n/a	n/a	n/a	n/a
338.995	0.024	saccade	n/a	338.9	225.6	n/a	389.1	229.7	1.78	114.0
339.021	0.188	fixation	n/a	397.4	223.3	4346.0	n/a	n/a	n/a	n/a
339.211	0.026	saccade	n/a	403.5	217.2	n/a	463.9	226.2	2.17	112.0
339.239	0.398	fixation	n/a	466.7	217.8	4461.0	n/a	n/a	n/a	n/a
339.639	0.034	saccade	n/a	466.0	216.0	n/a	365.3	226.6	3.59	192.0
339.675	0.27	fixation	n/a	374.7	227.4	4355.0	n/a	n/a	n/a	n/a
339.947	0.024	saccade	n/a	373.7	226.7	n/a	427.8	225.8	1.92	126.0
339.973	0.208	fixation	n/a	429.4	227.7	4324.0	n/a	n/a	n/a	n/a
340.183	0.022	saccade	n/a	434.8	225.2	n/a	478.5	223.4	1.55	98.0
340.207	0.224	fixation	n/a	482.5	223.3	4404.0	n/a	n/a	n/a	n/a
340.433	0.232	saccade	n/a	476.9	228.4	n/a	453.3	225.9	0.84	1454.0
340.475	0.148	blink	n/a	n/a	n/a	n/a	n/a	n/a	n/a	n/a
340.667	0.464	fixation	n/a	455.8	220.8	4442.0	n/a	n/a	n/a	n/a
341.133	0.026	saccade	n/a	454.0	226.4	n/a	519.7	233.1	2.34	110.0
341.161	0.324	fixation	n/a	534.7	231.9	4198.0	n/a	n/a	n/a	n/a
341.487	0.016	saccade	n/a	540.0	229.8	n/a	560.1	229.6	0.71	52.0
341.505	0.806	fixation	n/a	559.2	229.1	4183.0	n/a	n/a	n/a	n/a
342.313	0.02	saccade	n/a	568.0	230.9	n/a	600.5	235.9	1.16	77.0
342.335	0.254	fixation	n/a	607.8	237.0	4273.0	n/a	n/a	n/a	n/a
342.591	0.024	saccade	n/a	610.1	239.4	n/a	550.4	219.3	2.22	127.0
342.617	0.51	fixation	n/a	556.0	220.3	4466.0	n/a	n/a	n/a	n/a
343.129	0.032	saccade	n/a	561.1	222.8	n/a	417.8	218.9	5.07	266.0
343.163	0.57	fixation	n/a	389.0	225.9	4403.0	n/a	n/a	n/a	n/a
343.735	0.036	saccade	n/a	385.4	219.3	n/a	508.6	217.1	4.35	167.0
343.773	0.224	fixation	n/a	510.4	217.9	4387.0	n/a	n/a	n/a	n/a
343.999	0.032	saccade	n/a	508.2	214.9	n/a	398.6	211.4	3.89	222.0
344.033	0.146	fixation	n/a	403.1	209.1	4413.0	n/a	n/a	n/a	n/a
344.181	0.034	saccade	n/a	404.0	208.9	n/a	257.1	221.4	5.2	290.0
344.217	0.278	fixation	n/a	247.0	224.4	4418.0	n/a	n/a	n/a	n/a
344.497	0.03	saccade	n/a	246.0	230.9	n/a	159.3	238.7	3.03	191.0
344.529	0.246	fixation	n/a	164.2	239.2	4409.0	n/a	n/a	n/a	n/a
344.777	0.156	saccade	n/a	165.0	248.0	n/a	467.5	227.3	10.62	1576.0
344.813	0.07	blink	n/a	n/a	n/a	n/a	n/a	n/a	n/a	n/a
344.935	0.214	fixation	n/a	469.6	221.6	4341.0	n/a	n/a	n/a	n/a
345.151	0.03	saccade	n/a	475.8	214.9	n/a	551.8	216.2	2.68	158.0
345.183	0.716	fixation	n/a	553.8	232.5	4217.0	n/a	n/a	n/a	n/a
345.901	0.062	saccade	n/a	560.0	239.4	n/a	351.3	181.2	7.65	221.0
345.965	0.168	fixation	n/a	362.3	183.4	4288.0	n/a	n/a	n/a	n/a
346.135	0.03	saccade	n/a	361.7	187.3	n/a	243.8	179.3	4.17	206.0
346.167	0.324	fixation	n/a	233.9	178.5	4415.0	n/a	n/a	n/a	n/a
346.284	0.0	trigger_11	11	n/a	n/a	n/a	n/a	n/a	n/a	n/a
346.346	0.0	trigger_10	10	n/a	n/a	n/a	n/a	n/a	n/a	n/a
346.493	0.032	saccade	n/a	229.8	180.8	n/a	129.8	186.2	3.47	214.0
346.527	0.098	fixation	n/a	134.3	184.6	4505.0	n/a	n/a	n/a	n/a
346.627	0.014	saccade	n/a	129.0	183.5	n/a	111.8	189.7	0.63	58.0
346.643	0.196	fixation	n/a	122.0	184.4	4549.0	n/a	n/a	n/a	n/a
346.841	0.022	saccade	n/a	123.9	180.1	n/a	166.0	175.0	1.46	91.0
346.865	0.17	fixation	n/a	170.7	177.5	4484.0	n/a	n/a	n/a	n/a
347.037	0.026	saccade	n/a	175.0	176.7	n/a	253.9	172.4	2.75	142.0
347.065	0.162	fixation	n/a	265.8	167.9	4419.0	n/a	n/a	n/a	n/a
347.229	0.026	saccade	n/a	266.6	166.5	n/a	332.6	160.9	2.33	126.0
347.257	0.206	fixation	n/a	339.7	164.7	4323.0	n/a	n/a	n/a	n/a
347.465	0.03	saccade	n/a	341.9	169.4	n/a	426.9	167.4	3.01	149.0
347.497	0.23	fixation	n/a	436.6	171.7	4257.0	n/a	n/a	n/a	n/a
347.729	0.028	saccade	n/a	444.7	173.0	n/a	539.2	180.5	3.36	174.0
347.759	0.222	fixation	n/a	553.0	178.7	4212.0	n/a	n/a	n/a	n/a
347.983	0.018	saccade	n/a	553.7	181.2	n/a	587.4	185.8	1.2	90.0
348.003	0.044	fixation	n/a	589.2	184.7	4209.0	n/a	n/a	n/a	n/a
348.049	0.064	saccade	n/a	589.9	185.2	n/a	227.2	251.4	12.92	383.0
348.115	0.246	fixation	n/a	231.3	251.2	4234.0	n/a	n/a	n/a	n/a
348.363	0.044	saccade	n/a	235.2	251.5	n/a	422.4	247.9	6.6	269.0
348.409	0.232	fixation	n/a	423.3	240.1	4208.0	n/a	n/a	n/a	n/a
348.643	0.024	saccade	n/a	426.6	239.2	n/a	478.7	241.5	1.85	88.0
348.669	0.15	fixation	n/a	482.1	243.5	4175.0	n/a	n/a	n/a	n/a
348.821	0.026	saccade	n/a	484.3	241.5	n/a	556.0	248.0	2.54	127.0
348.849	0.232	fixation	n/a	567.6	245.0	4087.0	n/a	n/a	n/a	n/a
349.083	0.072	saccade	n/a	569.6	242.4	n/a	153.8	315.7	14.67	390.0
349.157	0.256	fixation	n/a	164.0	319.8	3997.0	n/a	n/a	n/a	n/a
349.415	0.024	saccade	n/a	164.5	318.3	n/a	217.1	307.2	1.87	106.0
349.441	0.188	fixation	n/a	223.5	309.8	3888.0	n/a	n/a	n/a	n/a
349.631	0.02	saccade	n/a	228.5	308.4	n/a	267.5	306.6	1.36	89.0
349.653	0.264	fixation	n/a	283.2	302.1	3864.0	n/a	n/a	n/a	n/a
349.919	0.026	saccade	n/a	287.6	299.1	n/a	361.9	306.8	2.63	150.0
349.947	0.164	fixation	n/a	371.5	305.8	3883.0	n/a	n/a	n/a	n/a
350.113	0.026	saccade	n/a	375.3	305.5	n/a	448.2	315.3	2.6	132.0
350.141	0.242	fixation	n/a	454.2	307.3	3918.0	n/a	n/a	n/a	n/a
350.385	0.048	saccade	n/a	452.2	302.8	n/a	247.5	242.5	7.51	272.0
350.435	0.248	fixation	n/a	239.0	237.7	3985.0	n/a	n/a	n/a	n/a
350.462	0.0	trigger_11	11	n/a	n/a	n/a	n/a	n/a	n/a	n/a
350.526	0.0	trigger_10	10	n/a	n/a	n/a	n/a	n/a	n/a	n/a
350.685	0.026	saccade	n/a	236.2	238.2	n/a	165.2	196.7	2.88	165.0
350.713	0.092	fixation	n/a	165.1	193.8	4046.0	n/a	n/a	n/a	n/a
350.807	0.016	saccade	n/a	162.6	191.6	n/a	141.9	185.6	0.75	58.0
350.825	0.2	fixation	n/a	148.9	182.1	4120.0	n/a	n/a	n/a	n/a
351.027	0.174	saccade	n/a	150.7	187.6	n/a	239.4	192.8	3.09	1724.0
351.067	0.09	blink	n/a	n/a	n/a	n/a	n/a	n/a	n/a	n/a
351.203	0.268	fixation	n/a	234.2	180.9	4262.0	n/a	n/a	n/a	n/a
351.473	0.028	saccade	n/a	225.8	180.2	n/a	304.4	176.3	2.76	171.0
351.503	0.376	fixation	n/a	310.4	178.1	4176.0	n/a	n/a	n/a	n/a
351.881	0.178	saccade	n/a	308.8	195.6	n/a	215.2	209.5	3.33	1450.0
351.949	0.066	blink	n/a	n/a	n/a	n/a	n/a	n/a	n/a	n/a
352.061	0.27	fixation	n/a	204.9	186.5	4391.0	n/a	n/a	n/a	n/a
352.333	0.026	saccade	n/a	206.5	188.6	n/a	281.7	178.9	2.66	134.0
352.361	0.362	fixation	n/a	286.2	175.0	4241.0	n/a	n/a	n/a	n/a
352.725	0.024	saccade	n/a	281.3	171.7	n/a	235.2	184.7	1.68	86.0
352.751	0.292	fixation	n/a	236.0	180.6	4243.0	n/a	n/a	n/a	n/a
353.045	0.02	saccade	n/a	246.5	177.9	n/a	280.8	171.3	1.23	75.0
353.067	0.164	fixation	n/a	291.8	167.4	4298.0	n/a	n/a	n/a	n/a
353.233	0.024	saccade	n/a	296.6	168.9	n/a	353.6	169.9	2.01	108.0
353.259	0.212	fixation	n/a	351.3	167.5	4309.0	n/a	n/a	n/a	n/a
353.473	0.022	saccade	n/a	354.0	162.6	n/a	389.9	165.0	1.27	70.0
353.497	0.218	fixation	n/a	395.5	167.3	4288.0	n/a	n/a	n/a	n/a
353.717	0.022	saccade	n/a	397.7	164.9	n/a	436.5	163.6	1.37	71.0
353.741	0.64	fixation	n/a	458.7	167.5	4323.0	n/a	n/a	n/a	n/a
354.383	0.026	saccade	n/a	479.3	166.7	n/a	540.4	176.0	2.19	118.0
354.411	0.184	fixation	n/a	547.6	180.0	4238.0	n/a	n/a	n/a	n/a
354.597	0.032	saccade	n/a	550.4	183.3	n/a	444.9	169.3	3.76	203.0
354.631	0.246	fixation	n/a	451.4	172.5	4265.0	n/a	n/a	n/a	n/a
354.879	0.028	saccade	n/a	450.3	176.2	n/a	542.5	182.5	3.27	162.0
354.909	0.362	fixation	n/a	555.3	186.2	4240.0	n/a	n/a	n/a	n/a
355.273	0.024	saccade	n/a	559.0	186.2	n/a	612.1	197.3	1.91	109.0
355.299	0.15	fixation	n/a	613.5	201.3	4223.0	n/a	n/a	n/a	n/a
355.451	0.074	saccade	n/a	617.3	204.9	n/a	121.7	255.4	17.24	454.0
355.527	0.262	fixation	n/a	132.7	251.4	4223.0	n/a	n/a	n/a	n/a
355.791	0.024	saccade	n/a	136.5	248.0	n/a	196.8	237.3	2.12	127.0
355.817	0.156	fixation	n/a	195.8	237.7	4124.0	n/a	n/a	n/a	n/a
355.975	0.024	saccade	n/a	195.0	234.8	n/a	186.0	188.0	1.69	94.0
356.001	0.218	fixation	n/a	194.9	191.4	4050.0	n/a	n/a	n/a	n/a
356.221	0.026	saccade	n/a	198.2	191.7	n/a	260.3	221.0	2.41	127.0
356.249	0.39	fixation	n/a	264.5	221.0	4123.0	n/a	n/a	n/a	n/a
356.641	0.024	saccade	n/a	268.3	217.5	n/a	301.0	174.3	1.93	113.0
356.667	0.38	fixation	n/a	309.1	177.0	4169.0	n/a	n/a	n/a	n/a
357.049	0.076	saccade	n/a	309.9	177.7	n/a	592.1	552.4	16.39	320.0
357.127	0.206	fixation	n/a	593.9	547.8	4252.0	n/a	n/a	n/a	n/a
357.335	0.014	saccade	n/a	594.8	549.8	n/a	590.2	532.0	0.63	54.0
357.351	0.044	fixation	n/a	591.9	529.8	4250.0	n/a	n/a	n/a	n/a
357.397	0.03	saccade	n/a	593.7	530.3	n/a	660.3	532.4	2.28	153.0
357.429	0.16	fixation	n/a	660.8	547.8	4035.0	n/a	n/a	n/a	n/a
357.591	0.074	saccade	n/a	662.1	549.3	n/a	367.8	163.7	16.91	489.0
357.63	0.0	trigger_11	11	n/a	n/a	n/a	n/a	n/a	n/a	n/a
357.667	0.18	fixation	n/a	373.5	170.7	3855.0	n/a	n/a	n/a	n/a
357.684	0.0	trigger_10	10	n/a	n/a	n/a	n/a	n/a	n/a	n/a
357.849	0.038	saccade	n/a	375.1	175.6	n/a	220.1	172.8	5.46	278.0
357.889	0.078	fixation	n/a	224.9	175.0	3913.0	n/a	n/a	n/a	n/a
357.969	0.032	saccade	n/a	225.2	176.4	n/a	146.3	183.4	2.75	190.0
358.003	0.37	fixation	n/a	153.4	182.5	4090.0	n/a	n/a	n/a	n/a
358.375	0.03	saccade	n/a	155.6	178.5	n/a	227.6	166.4	2.54	151.0
358.407	0.216	fixation	n/a	226.4	161.2	4333.0	n/a	n/a	n/a	n/a
358.625	0.03	saccade	n/a	231.2	162.4	n/a	335.1	152.3	3.67	191.0
358.657	0.16	fixation	n/a	361.3	149.6	4379.0	n/a	n/a	n/a	n/a
358.819	0.128	saccade	n/a	361.4	152.1	n/a	433.7	118.2	2.83	1660.0
358.867	0.016	blink	n/a	n/a	n/a	n/a	n/a	n/a	n/a	n/a
358.949	0.202	fixation	n/a	441.0	135.9	4423.0	n/a	n/a	n/a	n/a
359.153	0.178	saccade	n/a	438.2	153.4	n/a	491.1	172.5	2.0	1693.0
359.191	0.086	blink	n/a	n/a	n/a	n/a	n/a	n/a	n/a	n/a
359.333	0.112	fixation	n/a	501.9	167.8	4237.0	n/a	n/a	n/a	n/a
359.447	0.034	saccade	n/a	503.0	168.9	n/a	395.7	170.0	3.8	200.0
359.483	0.254	fixation	n/a	407.5	159.6	4211.0	n/a	n/a	n/a	n/a
359.739	0.024	saccade	n/a	407.8	157.2	n/a	469.8	157.8	2.19	125.0
359.765	0.19	fixation	n/a	470.3	158.1	4161.0	n/a	n/a	n/a	n/a
359.957	0.022	saccade	n/a	474.4	159.1	n/a	520.1	159.9	1.62	95.0
359.981	0.324	fixation	n/a	518.5	156.4	4304.0	n/a	n/a	n/a	n/a
360.307	0.018	saccade	n/a	526.4	162.0	n/a	552.1	162.4	0.91	59.0
360.327	0.176	fixation	n/a	555.5	160.6	4416.0	n/a	n/a	n/a	n/a
360.505	0.018	saccade	n/a	559.2	163.8	n/a	585.9	165.6	0.94	65.0
360.525	0.136	fixation	n/a	586.7	166.3	4466.0	n/a	n/a	n/a	n/a
360.663	0.066	saccade	n/a	588.5	164.7	n/a	133.9	218.4	15.9	420.0
360.731	0.288	fixation	n/a	151.0	227.5	4504.0	n/a	n/a	n/a	n/a
361.021	0.022	saccade	n/a	146.0	235.3	n/a	184.6	229.0	1.35	80.0
361.045	0.192	fixation	n/a	195.6	230.0	4363.0	n/a	n/a	n/a	n/a
361.239	0.03	saccade	n/a	194.6	229.0	n/a	282.0	225.5	3.06	183.0
361.271	0.212	fixation	n/a	292.9	224.2	4315.0	n/a	n/a	n/a	n/a
361.485	0.022	saccade	n/a	293.2	219.4	n/a	341.5	216.5	1.71	105.0
361.509	0.174	fixation	n/a	343.9	212.7	4340.0	n/a	n/a	n/a	n/a
361.685	0.032	saccade	n/a	343.4	209.3	n/a	468.1	207.1	4.41	203.0
361.719	0.272	fixation	n/a	482.0	212.3	4377.0	n/a	n/a	n/a	n/a
361.993	0.026	saccade	n/a	481.3	211.9	n/a	546.7	214.2	2.32	117.0
362.021	0.29	fixation	n/a	551.6	219.5	4357.0	n/a	n/a	n/a	n/a
362.313	0.064	saccade	n/a	553.7	222.9	n/a	152.1	280.3	14.14	400.0
362.379	0.25	fixation	n/a	163.5	285.5	4241.0	n/a	n/a	n/a	n/a
362.631	0.026	saccade	n/a	165.1	288.3	n/a	246.4	294.2	2.83	144.0
362.659	0.256	fixation	n/a	253.9	291.9	4184.0	n/a	n/a	n/a	n/a
362.917	0.194	saccade	n/a	256.2	299.9	n/a	251.3	234.1	2.36	1560.0
362.957	0.11	blink	n/a	n/a	n/a	n/a	n/a	n/a	n/a	n/a
363.113	0.394	fixation	n/a	247.7	216.5	4162.0	n/a	n/a	n/a	n/a
363.509	0.064	saccade	n/a	248.6	217.3	n/a	500.8	491.9	13.1	361.0
363.575	0.132	fixation	n/a	506.7	492.4	4163.0	n/a	n/a	n/a	n/a
363.709	0.03	saccade	n/a	509.0	489.0	n/a	579.6	527.0	2.78	173.0
363.741	0.218	fixation	n/a	583.3	529.5	4229.0	n/a	n/a	n/a	n/a
363.961	0.022	saccade	n/a	585.8	539.8	n/a	630.9	534.1	1.56	111.0
363.985	0.238	fixation	n/a	625.7	541.6	4164.0	n/a	n/a	n/a	n/a
364.225	0.076	saccade	n/a	622.5	538.4	n/a	239.4	244.3	16.75	479.0
364.303	0.152	fixation	n/a	246.2	245.2	4214.0	n/a	n/a	n/a	n/a
364.457	0.062	saccade	n/a	247.7	241.0	n/a	316.1	495.8	9.27	478.0
364.521	0.124	fixation	n/a	321.2	505.2	4231.0	n/a	n/a	n/a	n/a
364.647	0.028	saccade	n/a	323.8	509.0	n/a	404.0	511.7	2.79	182.0
364.677	0.194	fixation	n/a	406.8	511.5	4163.0	n/a	n/a	n/a	n/a
364.873	0.026	saccade	n/a	407.0	508.2	n/a	469.2	520.5	2.21	137.0
364.901	0.232	fixation	n/a	471.0	517.8	4211.0	n/a	n/a	n/a	n/a
365.135	0.026	saccade	n/a	472.1	516.7	n/a	544.9	530.9	2.57	152.0
365.163	0.196	fixation	n/a	547.5	534.5	4178.0	n/a	n/a	n/a	n/a
365.361	0.036	saccade	n/a	548.1	535.0	n/a	378.9	518.8	5.88	317.0
365.399	0.312	fixation	n/a	376.9	522.6	4171.0	n/a	n/a	n/a	n/a
365.713	0.028	saccade	n/a	383.3	522.4	n/a	475.8	522.6	3.21	170.0
365.743	0.296	fixation	n/a	484.0	525.1	4189.0	n/a	n/a	n/a	n/a
366.041	0.03	saccade	n/a	487.2	529.8	n/a	589.1	543.5	3.55	178.0
366.073	0.224	fixation	n/a	602.0	543.2	4238.0	n/a	n/a	n/a	n/a
366.299	0.018	saccade	n/a	603.1	541.0	n/a	631.6	538.1	0.98	67.0
366.319	0.182	fixation	n/a	633.7	536.7	4336.0	n/a	n/a	n/a	n/a
366.503	0.078	saccade	n/a	634.6	532.5	n/a	270.0	178.3	17.69	459.0
366.583	0.342	fixation	n/a	283.3	174.4	4338.0	n/a	n/a	n/a	n/a
366.694	0.0	trigger_11	11	n/a	n/a	n/a	n/a	n/a	n/a	n/a
366.756	0.0	trigger_10	10	n/a	n/a	n/a	n/a	n/a	n/a	n/a
366.927	0.032	saccade	n/a	285.3	173.2	n/a	165.5	177.9	4.18	211.0
366.961	0.362	fixation	n/a	162.7	185.4	4256.0	n/a	n/a	n/a	n/a
367.325	0.158	saccade	n/a	158.3	198.0	n/a	166.6	181.8	0.64	1658.0
367.365	0.072	blink	n/a	n/a	n/a	n/a	n/a	n/a	n/a	n/a
367.485	0.826	fixation	n/a	141.9	182.1	4216.0	n/a	n/a	n/a	n/a
368.313	0.022	saccade	n/a	138.2	174.8	n/a	186.3	176.6	1.67	106.0
368.337	0.232	fixation	n/a	194.7	177.1	4287.0	n/a	n/a	n/a	n/a
368.571	0.022	saccade	n/a	194.0	177.3	n/a	237.4	171.7	1.53	95.0
368.595	0.186	fixation	n/a	239.1	164.9	4296.0	n/a	n/a	n/a	n/a
368.783	0.034	saccade	n/a	239.7	166.4	n/a	338.8	220.1	3.98	235.0
368.819	0.174	fixation	n/a	340.6	213.8	4305.0	n/a	n/a	n/a	n/a
368.995	0.016	saccade	n/a	340.8	217.2	n/a	313.9	223.4	0.97	77.0
369.013	0.232	fixation	n/a	318.8	223.3	4308.0	n/a	n/a	n/a	n/a
369.247	0.034	saccade	n/a	318.6	225.2	n/a	415.8	220.7	3.44	183.0
369.283	0.352	fixation	n/a	411.1	219.0	4204.0	n/a	n/a	n/a	n/a
369.637	0.024	saccade	n/a	403.9	214.4	n/a	462.1	223.9	2.09	124.0
369.663	0.188	fixation	n/a	464.9	225.8	4173.0	n/a	n/a	n/a	n/a
369.853	0.028	saccade	n/a	467.6	227.5	n/a	536.7	234.8	2.46	105.0
369.883	0.208	fixation	n/a	542.8	232.9	4127.0	n/a	n/a	n/a	n/a
370.093	0.04	saccade	n/a	536.3	226.6	n/a	664.4	239.4	4.51	155.0
370.135	0.134	fixation	n/a	661.5	239.0	4044.0	n/a	n/a	n/a	n/a
370.271	0.024	saccade	n/a	666.0	242.7	n/a	724.6	240.4	2.03	118.0
370.297	0.138	fixation	n/a	723.9	239.3	3975.0	n/a	n/a	n/a	n/a
370.437	0.078	saccade	n/a	723.0	240.0	n/a	152.1	299.5	19.73	484.0
370.517	0.266	fixation	n/a	165.3	306.0	4006.0	n/a	n/a	n/a	n/a
370.785	0.034	saccade	n/a	169.1	305.3	n/a	260.9	291.2	3.23	161.0
370.821	0.158	fixation	n/a	259.2	295.1	3970.0	n/a	n/a	n/a	n/a
370.981	0.022	saccade	n/a	261.5	298.6	n/a	305.9	301.1	1.56	92.0
371.005	0.544	fixation	n/a	326.1	301.2	4023.0	n/a	n/a	n/a	n/a
371.551	0.018	saccade	n/a	326.6	297.9	n/a	352.1	298.5	0.9	65.0
371.571	0.184	fixation	n/a	357.1	300.0	4088.0	n/a	n/a	n/a	n/a
371.757	0.022	saccade	n/a	360.3	299.5	n/a	403.8	297.1	1.54	88.0
371.781	0.212	fixation	n/a	412.3	293.2	4111.0	n/a	n/a	n/a	n/a
371.995	0.212	saccade	n/a	413.9	304.1	n/a	433.2	287.2	0.91	1558.0
372.043	0.122	blink	n/a	n/a	n/a	n/a	n/a	n/a	n/a	n/a
372.209	0.246	fixation	n/a	434.8	267.2	4192.0	n/a	n/a	n/a	n/a
372.457	0.02	saccade	n/a	435.0	254.1	n/a	421.8	222.4	1.23	85.0
372.479	0.33	fixation	n/a	422.4	226.7	4107.0	n/a	n/a	n/a	n/a
372.811	0.026	saccade	n/a	429.2	228.9	n/a	512.9	243.0	3.01	157.0
372.839	0.212	fixation	n/a	521.9	244.5	4054.0	n/a	n/a	n/a	n/a
373.053	0.05	saccade	n/a	528.8	248.8	n/a	560.7	544.7	10.44	371.0
373.105	0.21	fixation	n/a	559.5	542.4	4080.0	n/a	n/a	n/a	n/a
373.317	0.022	saccade	n/a	560.4	543.2	n/a	597.4	534.1	1.31	95.0
373.341	0.258	fixation	n/a	591.8	539.4	4076.0	n/a	n/a	n/a	n/a
373.601	0.02	saccade	n/a	590.9	545.7	n/a	626.9	556.1	1.28	84.0
373.623	0.224	fixation	n/a	633.7	558.0	4050.0	n/a	n/a	n/a	n/a
373.849	0.08	saccade	n/a	638.8	552.3	n/a	229.0	198.1	18.76	492.0
373.931	0.266	fixation	n/a	236.8	196.2	4037.0	n/a	n/a	n/a	n/a
374.199	0.028	saccade	n/a	237.1	196.2	n/a	331.4	181.3	3.36	166.0
374.229	0.286	fixation	n/a	340.7	172.9	3980.0	n/a	n/a	n/a	n/a
374.517	0.024	saccade	n/a	343.4	171.8	n/a	346.5	228.3	2.04	123.0
374.543	0.216	fixation	n/a	363.4	236.2	4091.0	n/a	n/a	n/a	n/a
374.761	0.042	saccade	n/a	365.7	235.4	n/a	546.8	221.6	6.41	264.0
374.805	0.2	fixation	n/a	550.4	224.6	4192.0	n/a	n/a	n/a	n/a
375.007	0.032	saccade	n/a	552.0	223.1	n/a	662.4	236.9	3.89	208.0
375.041	0.172	fixation	n/a	666.6	237.1	4162.0	n/a	n/a	n/a	n/a
375.215	0.02	saccade	n/a	672.5	238.4	n/a	716.8	243.8	1.54	104.0
375.237	0.13	fixation	n/a	718.7	241.7	4061.0	n/a	n/a	n/a	n/a
375.369	0.082	saccade	n/a	721.6	242.9	n/a	173.2	301.3	19.02	451.0
375.453	0.314	fixation	n/a	180.2	301.4	4133.0	n/a	n/a	n/a	n/a
375.769	0.036	saccade	n/a	179.5	304.0	n/a	146.8	188.5	4.24	226.0
375.807	0.558	fixation	n/a	154.3	181.8	4183.0	n/a	n/a	n/a	n/a
375.87	0.0	trigger_11	11	n/a	n/a	n/a	n/a	n/a	n/a	n/a
375.93	0.0	trigger_12	12	n/a	n/a	n/a	n/a	n/a	n/a	n/a
376.367	0.094	saccade	n/a	149.2	176.6	n/a	530.3	533.5	18.12	357.0
376.463	0.212	fixation	n/a	531.1	531.9	4483.0	n/a	n/a	n/a	n/a
376.677	0.024	saccade	n/a	531.9	524.1	n/a	582.9	507.0	1.86	108.0
376.703	0.106	fixation	n/a	582.0	511.1	4371.0	n/a	n/a	n/a	n/a
376.811	0.072	saccade	n/a	583.0	516.9	n/a	144.2	225.8	18.18	541.0
376.885	0.094	fixation	n/a	156.1	215.3	4085.0	n/a	n/a	n/a	n/a
376.981	0.022	saccade	n/a	156.0	211.6	n/a	135.9	189.9	1.03	97.0
377.005	0.186	fixation	n/a	142.7	192.0	3926.0	n/a	n/a	n/a	n/a
377.193	0.034	saccade	n/a	140.5	190.8	n/a	263.5	188.0	4.28	250.0
377.229	0.28	fixation	n/a	270.0	189.1	3953.0	n/a	n/a	n/a	n/a
377.511	0.022	saccade	n/a	275.7	186.7	n/a	315.2	174.9	1.45	82.0
377.535	0.218	fixation	n/a	325.7	168.7	4198.0	n/a	n/a	n/a	n/a
377.755	0.032	saccade	n/a	329.9	166.8	n/a	431.8	172.2	3.61	195.0
377.789	0.212	fixation	n/a	430.8	173.8	4345.0	n/a	n/a	n/a	n/a
378.003	0.026	saccade	n/a	434.2	174.8	n/a	499.9	175.5	2.33	159.0
378.031	0.226	fixation	n/a	498.7	176.6	4306.0	n/a	n/a	n/a	n/a
378.259	0.044	saccade	n/a	502.0	178.2	n/a	226.5	176.4	9.68	383.0
378.305	0.286	fixation	n/a	217.0	182.4	4260.0	n/a	n/a	n/a	n/a
378.593	0.022	saccade	n/a	217.2	181.7	n/a	263.8	184.7	1.64	103.0
378.617	0.314	fixation	n/a	270.4	183.5	4262.0	n/a	n/a	n/a	n/a
378.933	0.038	saccade	n/a	274.8	180.5	n/a	343.9	168.4	2.48	91.0
378.973	0.148	fixation	n/a	338.4	165.1	4376.0	n/a	n/a	n/a	n/a
379.123	0.194	saccade	n/a	336.3	172.2	n/a	386.1	171.9	1.76	1900.0
379.169	0.1	blink	n/a	n/a	n/a	n/a	n/a	n/a	n/a	n/a
379.319	0.242	fixation	n/a	383.9	156.7	4403.0	n/a	n/a	n/a	n/a
379.563	0.026	saccade	n/a	386.6	157.1	n/a	468.1	149.7	2.9	164.0
379.591	0.362	fixation	n/a	470.1	154.8	4223.0	n/a	n/a	n/a	n/a
379.955	0.064	saccade	n/a	472.3	160.4	n/a	166.2	180.8	10.75	301.0
380.021	0.146	fixation	n/a	171.5	181.0	4161.0	n/a	n/a	n/a	n/a
380.169	0.076	saccade	n/a	172.7	186.1	n/a	600.1	521.0	18.84	459.0
380.247	0.246	fixation	n/a	603.7	519.8	4147.0	n/a	n/a	n/a	n/a
380.495	0.02	saccade	n/a	606.9	522.6	n/a	633.9	544.4	1.19	86.0
380.517	0.196	fixation	n/a	628.3	535.2	4069.0	n/a	n/a	n/a	n/a
380.715	0.068	saccade	n/a	630.7	535.7	n/a	346.0	163.0	16.37	488.0
380.785	0.334	fixation	n/a	354.7	158.8	3966.0	n/a	n/a	n/a	n/a
380.896	0.0	trigger_13	13	n/a	n/a	n/a	n/a	n/a	n/a	n/a
380.952	0.0	trigger_10	10	n/a	n/a	n/a	n/a	n/a	n/a	n/a
381.121	0.04	saccade	n/a	354.0	157.6	n/a	165.6	176.6	6.62	341.0
381.163	0.376	fixation	n/a	160.8	177.2	4190.0	n/a	n/a	n/a	n/a
381.541	0.024	saccade	n/a	157.4	179.3	n/a	216.3	171.6	2.06	122.0
381.567	0.19	fixation	n/a	238.1	173.0	4412.0	n/a	n/a	n/a	n/a
381.759	0.042	saccade	n/a	241.3	168.9	n/a	380.8	163.0	4.92	207.0
381.803	0.192	fixation	n/a	376.4	165.8	4481.0	n/a	n/a	n/a	n/a
381.997	0.04	saccade	n/a	379.0	165.9	n/a	243.9	170.6	4.76	243.0
382.039	0.158	fixation	n/a	247.7	171.4	4493.0	n/a	n/a	n/a	n/a
382.199	0.076	saccade	n/a	243.2	171.3	n/a	571.8	508.3	16.46	407.0
382.277	0.224	fixation	n/a	582.6	500.0	4533.0	n/a	n/a	n/a	n/a
382.503	0.02	saccade	n/a	587.3	504.6	n/a	628.7	510.8	1.44	104.0
382.525	0.178	fixation	n/a	622.9	512.9	4440.0	n/a	n/a	n/a	n/a
382.705	0.174	saccade	n/a	625.7	529.0	n/a	476.2	-144.5	23.67	1332.0
382.775	0.056	blink	n/a	n/a	n/a	n/a	n/a	n/a	n/a	n/a
382.881	0.326	fixation	n/a	484.4	-144.9	4066.0	n/a	n/a	n/a	n/a
383.209	0.15	saccade	n/a	492.8	-144.5	n/a	270.4	135.6	12.5	1831.0
383.247	0.06	blink	n/a	n/a	n/a	n/a	n/a	n/a	n/a	n/a
383.361	0.484	fixation	n/a	271.7	128.5	4432.0	n/a	n/a	n/a	n/a
383.847	0.028	saccade	n/a	265.4	141.1	n/a	173.0	168.5	3.38	170.0
383.877	1.026	fixation	n/a	161.4	177.5	4521.0	n/a	n/a	n/a	n/a
384.905	0.044	saccade	n/a	144.6	188.5	n/a	294.4	175.0	5.24	159.0
384.951	0.322	fixation	n/a	312.7	166.5	4671.0	n/a	n/a	n/a	n/a
385.275	0.026	saccade	n/a	309.0	164.7	n/a	245.6	172.1	2.24	110.0
385.303	0.132	fixation	n/a	256.0	170.1	4566.0	n/a	n/a	n/a	n/a
385.437	0.08	saccade	n/a	255.9	173.6	n/a	600.1	492.0	16.4	476.0
385.519	0.324	fixation	n/a	614.8	503.4	4465.0	n/a	n/a	n/a	n/a
385.845	0.07	saccade	n/a	619.2	509.5	n/a	210.8	235.9	17.08	432.0
385.917	0.104	fixation	n/a	208.6	217.3	4201.0	n/a	n/a	n/a	n/a
386.023	0.02	saccade	n/a	207.5	211.6	n/a	177.5	190.5	1.29	103.0
386.045	0.178	fixation	n/a	184.6	191.2	4079.0	n/a	n/a	n/a	n/a
386.225	0.034	saccade	n/a	193.0	194.3	n/a	306.4	175.9	4.03	201.0
386.261	0.158	fixation	n/a	307.2	176.6	3971.0	n/a	n/a	n/a	n/a
386.421	0.028	saccade	n/a	309.1	174.2	n/a	409.4	170.6	3.55	185.0
386.451	0.15	fixation	n/a	429.0	172.1	4067.0	n/a	n/a	n/a	n/a
386.603	0.064	saccade	n/a	430.4	172.9	n/a	588.0	505.1	12.93	410.0
386.669	0.26	fixation	n/a	589.7	511.9	4342.0	n/a	n/a	n/a	n/a
386.931	0.032	saccade	n/a	588.1	516.9	n/a	498.7	515.9	3.09	229.0
386.965	0.3	fixation	n/a	512.5	528.3	4217.0	n/a	n/a	n/a	n/a
387.267	0.016	saccade	n/a	524.2	537.2	n/a	547.4	539.2	0.8	60.0
387.285	0.254	fixation	n/a	549.8	542.2	4063.0	n/a	n/a	n/a	n/a
387.541	0.076	saccade	n/a	554.7	546.1	n/a	368.8	164.0	14.89	340.0
387.619	0.22	fixation	n/a	371.5	164.6	3989.0	n/a	n/a	n/a	n/a
387.841	0.036	saccade	n/a	374.2	159.4	n/a	207.1	171.1	5.88	280.0
387.879	0.468	fixation	n/a	193.5	187.1	4057.0	n/a	n/a	n/a	n/a
388.349	0.072	saccade	n/a	197.1	190.8	n/a	431.5	484.6	13.2	324.0
388.423	0.072	fixation	n/a	428.5	480.4	4263.0	n/a	n/a	n/a	n/a
388.497	0.026	saccade	n/a	431.3	481.6	n/a	453.2	524.8	1.69	129.0
388.525	0.314	fixation	n/a	447.0	515.3	4311.0	n/a	n/a	n/a	n/a
388.841	0.074	saccade	n/a	441.0	518.4	n/a	296.1	169.4	13.29	298.0
388.917	0.248	fixation	n/a	301.0	177.0	4028.0	n/a	n/a	n/a	n/a
389.167	0.022	saccade	n/a	308.2	180.6	n/a	359.9	173.9	1.84	116.0
389.191	0.462	fixation	n/a	361.9	170.2	4076.0	n/a	n/a	n/a	n/a
389.655	0.028	saccade	n/a	366.6	176.0	n/a	280.1	176.2	3.06	183.0
389.685	0.222	fixation	n/a	260.8	180.6	4369.0	n/a	n/a	n/a	n/a
389.696	0.0	trigger_11	11	n/a	n/a	n/a	n/a	n/a	n/a	n/a
389.754	0.0	trigger_10	10	n/a	n/a	n/a	n/a	n/a	n/a	n/a
389.909	0.034	saccade	n/a	262.7	181.1	n/a	146.4	184.8	4.05	244.0
389.945	0.252	fixation	n/a	153.1	187.2	4448.0	n/a	n/a	n/a	n/a
390.199	0.04	saccade	n/a	153.5	188.1	n/a	323.5	166.8	5.99	288.0
390.241	0.226	fixation	n/a	329.1	167.3	4512.0	n/a	n/a	n/a	n/a
390.469	0.04	saccade	n/a	332.8	166.2	n/a	444.3	170.3	3.95	188.0
390.511	0.252	fixation	n/a	444.5	172.8	4484.0	n/a	n/a	n/a	n/a
390.765	0.036	saccade	n/a	446.3	171.3	n/a	562.6	175.4	4.11	189.0
390.803	0.31	fixation	n/a	563.7	183.6	4349.0	n/a	n/a	n/a	n/a
391.115	0.064	saccade	n/a	563.7	189.3	n/a	137.9	245.5	14.94	486.0
391.181	0.302	fixation	n/a	140.1	249.3	4350.0	n/a	n/a	n/a	n/a
391.485	0.028	saccade	n/a	135.7	248.6	n/a	118.4	200.6	1.8	102.0
391.515	0.21	fixation	n/a	130.2	194.3	4373.0	n/a	n/a	n/a	n/a
391.727	0.032	saccade	n/a	127.5	193.0	n/a	232.2	179.5	3.67	205.0
391.761	0.222	fixation	n/a	234.1	174.3	4500.0	n/a	n/a	n/a	n/a
391.985	0.028	saccade	n/a	235.9	166.6	n/a	319.7	162.9	2.96	164.0
392.015	0.31	fixation	n/a	319.0	152.0	4614.0	n/a	n/a	n/a	n/a
392.327	0.032	saccade	n/a	320.3	146.6	n/a	413.4	141.8	3.35	159.0
392.361	0.298	fixation	n/a	417.3	140.7	4632.0	n/a	n/a	n/a	n/a
392.661	0.062	saccade	n/a	419.0	138.3	n/a	504.2	465.0	12.2	389.0
392.725	0.116	fixation	n/a	506.5	467.3	4635.0	n/a	n/a	n/a	n/a
392.843	0.02	saccade	n/a	499.1	469.8	n/a	472.5	495.0	1.3	76.0
392.865	0.284	fixation	n/a	453.7	493.1	4664.0	n/a	n/a	n/a	n/a
393.151	0.068	saccade	n/a	465.4	503.1	n/a	672.8	543.8	7.4	314.0
393.221	0.174	fixation	n/a	679.3	539.0	4628.0	n/a	n/a	n/a	n/a
393.397	0.124	saccade	n/a	677.9	538.9	n/a	480.6	150.4	15.42	1869.0
393.419	0.06	blink	n/a	n/a	n/a	n/a	n/a	n/a	n/a	n/a
393.523	0.218	fixation	n/a	481.4	148.7	4551.0	n/a	n/a	n/a	n/a
393.743	0.016	saccade	n/a	485.0	150.5	n/a	506.2	160.8	0.85	64.0
393.761	0.138	fixation	n/a	508.3	159.8	4548.0	n/a	n/a	n/a	n/a
393.901	0.018	saccade	n/a	512.2	163.4	n/a	540.1	168.1	1.02	72.0
393.921	0.188	fixation	n/a	544.5	166.4	4462.0	n/a	n/a	n/a	n/a
394.111	0.066	saccade	n/a	541.2	166.4	n/a	120.5	225.2	15.04	432.0
394.179	0.252	fixation	n/a	127.7	224.7	4492.0	n/a	n/a	n/a	n/a
394.433	0.026	saccade	n/a	125.9	223.9	n/a	150.0	175.3	1.95	111.0
394.461	0.278	fixation	n/a	170.7	171.3	4402.0	n/a	n/a	n/a	n/a
394.512	0.0	trigger_11	11	n/a	n/a	n/a	n/a	n/a	n/a	n/a
394.576	0.0	trigger_10	10	n/a	n/a	n/a	n/a	n/a	n/a	n/a
394.741	0.026	saccade	n/a	174.6	174.4	n/a	127.2	178.7	1.67	127.0
394.769	0.292	fixation	n/a	134.9	174.2	4506.0	n/a	n/a	n/a	n/a
395.063	0.026	saccade	n/a	140.0	173.5	n/a	215.3	161.6	2.7	149.0
395.091	0.196	fixation	n/a	214.4	161.9	4619.0	n/a	n/a	n/a	n/a
395.289	0.028	saccade	n/a	209.6	161.2	n/a	155.1	168.9	1.95	141.0
395.319	0.162	fixation	n/a	165.3	167.4	4590.0	n/a	n/a	n/a	n/a
395.483	0.018	saccade	n/a	160.0	168.4	n/a	121.3	169.8	1.36	96.0
395.503	0.19	fixation	n/a	129.9	173.9	4555.0	n/a	n/a	n/a	n/a
395.695	0.028	saccade	n/a	134.7	177.3	n/a	212.9	166.8	2.79	160.0
395.725	0.08	fixation	n/a	217.9	167.9	4609.0	n/a	n/a	n/a	n/a
395.807	0.022	saccade	n/a	219.9	167.3	n/a	260.8	160.4	1.48	98.0
395.831	0.162	fixation	n/a	255.8	161.0	4697.0	n/a	n/a	n/a	n/a
395.995	0.018	saccade	n/a	262.6	163.5	n/a	289.1	157.6	0.98	66.0
396.015	0.102	fixation	n/a	287.5	156.0	4682.0	n/a	n/a	n/a	n/a
396.119	0.05	saccade	n/a	284.9	153.8	n/a	522.3	176.6	8.6	318.0
396.171	0.15	fixation	n/a	526.4	176.2	4655.0	n/a	n/a	n/a	n/a
396.323	0.028	saccade	n/a	521.9	171.7	n/a	582.9	187.9	2.27	142.0
396.353	0.096	fixation	n/a	577.3	189.0	4656.0	n/a	n/a	n/a	n/a
396.451	0.068	saccade	n/a	581.4	192.5	n/a	140.1	230.5	15.71	482.0
396.521	0.24	fixation	n/a	142.5	234.3	4502.0	n/a	n/a	n/a	n/a
396.763	0.04	saccade	n/a	142.0	236.0	n/a	259.1	230.7	4.15	186.0
396.805	0.258	fixation	n/a	260.3	230.7	4489.0	n/a	n/a	n/a	n/a
397.065	0.024	saccade	n/a	262.4	226.9	n/a	322.5	219.4	2.18	127.0
397.091	0.158	fixation	n/a	324.4	219.7	4520.0	n/a	n/a	n/a	n/a
397.251	0.032	saccade	n/a	319.6	217.1	n/a	226.3	227.5	3.36	193.0
397.285	0.186	fixation	n/a	235.3	229.0	4508.0	n/a	n/a	n/a	n/a
397.473	0.04	saccade	n/a	236.2	231.5	n/a	408.5	211.3	6.24	266.0
397.515	0.164	fixation	n/a	413.8	210.3	4487.0	n/a	n/a	n/a	n/a
397.681	0.022	saccade	n/a	419.6	211.7	n/a	462.3	205.7	1.56	101.0
397.705	0.154	fixation	n/a	461.9	206.3	4526.0	n/a	n/a	n/a	n/a
397.861	0.026	saccade	n/a	461.1	205.2	n/a	535.2	219.3	2.72	147.0
397.889	0.19	fixation	n/a	538.4	219.9	4466.0	n/a	n/a	n/a	n/a
398.081	0.05	saccade	n/a	533.4	223.8	n/a	627.3	537.9	11.7	547.0
398.133	0.26	fixation	n/a	623.5	535.2	4373.0	n/a	n/a	n/a	n/a
398.395	0.082	saccade	n/a	633.0	536.0	n/a	320.6	219.4	15.82	482.0
398.479	0.304	fixation	n/a	324.1	224.3	4198.0	n/a	n/a	n/a	n/a
398.576	0.0	trigger_11	11	n/a	n/a	n/a	n/a	n/a	n/a	n/a
398.636	0.0	trigger_10	10	n/a	n/a	n/a	n/a	n/a	n/a	n/a
398.785	0.04	saccade	n/a	327.6	225.0	n/a	154.3	196.8	6.29	268.0
398.827	0.314	fixation	n/a	143.2	185.7	4154.0	n/a	n/a	n/a	n/a
399.143	0.03	saccade	n/a	146.5	184.1	n/a	223.7	178.7	2.74	112.0
399.175	0.14	fixation	n/a	232.4	179.2	4372.0	n/a	n/a	n/a	n/a
399.317	0.18	saccade	n/a	232.4	182.4	n/a	243.4	172.2	0.54	1570.0
399.353	0.1	blink	n/a	n/a	n/a	n/a	n/a	n/a	n/a	n/a
399.499	0.156	fixation	n/a	246.1	173.8	4541.0	n/a	n/a	n/a	n/a
399.657	0.024	saccade	n/a	244.5	174.6	n/a	182.1	178.5	2.22	141.0
399.683	0.498	fixation	n/a	186.2	181.5	4431.0	n/a	n/a	n/a	n/a
400.183	0.36	saccade	n/a	180.7	190.9	n/a	160.8	201.2	0.8	1745.0
400.233	0.266	blink	n/a	n/a	n/a	n/a	n/a	n/a	n/a	n/a
400.545	0.21	fixation	n/a	158.2	194.4	4479.0	n/a	n/a	n/a	n/a
400.757	0.022	saccade	n/a	155.7	189.5	n/a	207.6	183.9	1.85	118.0
400.781	0.246	fixation	n/a	211.6	181.3	4423.0	n/a	n/a	n/a	n/a
401.029	0.034	saccade	n/a	207.0	182.0	n/a	305.8	177.1	3.54	178.0
401.065	0.26	fixation	n/a	303.6	178.7	4267.0	n/a	n/a	n/a	n/a
401.327	0.026	saccade	n/a	308.3	178.0	n/a	381.9	171.2	2.66	139.0
401.355	0.242	fixation	n/a	380.1	175.4	4263.0	n/a	n/a	n/a	n/a
401.599	0.022	saccade	n/a	383.6	171.9	n/a	429.0	167.8	1.65	108.0
401.623	0.192	fixation	n/a	433.7	170.3	4268.0	n/a	n/a	n/a	n/a
401.817	0.026	saccade	n/a	439.4	174.1	n/a	492.2	171.5	1.91	90.0
401.845	0.248	fixation	n/a	497.2	167.8	4412.0	n/a	n/a	n/a	n/a
402.095	0.018	saccade	n/a	500.7	157.7	n/a	525.0	160.9	0.89	54.0
402.115	0.192	fixation	n/a	533.9	159.5	4557.0	n/a	n/a	n/a	n/a
402.309	0.034	saccade	n/a	537.5	162.1	n/a	413.6	156.4	4.49	263.0
402.345	0.354	fixation	n/a	425.1	155.3	4701.0	n/a	n/a	n/a	n/a
402.701	0.024	saccade	n/a	435.4	156.7	n/a	480.8	154.3	1.65	84.0
402.727	0.214	fixation	n/a	482.8	153.4	4746.0	n/a	n/a	n/a	n/a
402.943	0.026	saccade	n/a	485.5	151.1	n/a	531.0	164.3	1.71	75.0
402.971	0.234	fixation	n/a	532.3	158.4	4802.0	n/a	n/a	n/a	n/a
403.207	0.022	saccade	n/a	533.8	158.3	n/a	586.3	179.6	2.04	126.0
403.231	0.508	fixation	n/a	594.5	180.9	4831.0	n/a	n/a	n/a	n/a
403.741	0.2	saccade	n/a	593.3	177.9	n/a	459.7	124.0	5.19	1243.0
403.773	0.106	blink	n/a	n/a	n/a	n/a	n/a	n/a	n/a	n/a
403.943	0.116	fixation	n/a	462.9	138.6	4836.0	n/a	n/a	n/a	n/a
404.061	0.028	saccade	n/a	460.0	142.6	n/a	385.6	134.6	2.71	174.0
404.091	0.676	fixation	n/a	402.2	145.1	4582.0	n/a	n/a	n/a	n/a
404.769	0.038	saccade	n/a	426.6	142.1	n/a	296.5	157.4	4.72	275.0
404.809	0.142	fixation	n/a	307.0	161.6	4520.0	n/a	n/a	n/a	n/a
404.953	0.04	saccade	n/a	306.8	161.6	n/a	147.6	165.7	5.66	314.0
404.995	0.284	fixation	n/a	157.2	165.5	4558.0	n/a	n/a	n/a	n/a
405.281	0.026	saccade	n/a	161.7	164.7	n/a	232.3	162.0	2.51	144.0
405.309	0.258	fixation	n/a	236.6	164.5	4585.0	n/a	n/a	n/a	n/a
405.569	0.022	saccade	n/a	240.5	171.6	n/a	292.9	158.3	1.94	117.0
405.593	0.028	fixation	n/a	294.9	156.3	4489.0	n/a	n/a	n/a	n/a
405.623	0.02	saccade	n/a	297.6	155.6	n/a	328.9	155.8	1.13	79.0
405.645	0.242	fixation	n/a	325.5	162.6	4432.0	n/a	n/a	n/a	n/a
405.889	0.026	saccade	n/a	326.0	164.7	n/a	387.0	165.3	2.2	112.0
405.917	0.358	fixation	n/a	391.6	167.3	4363.0	n/a	n/a	n/a	n/a
406.277	0.022	saccade	n/a	398.0	164.5	n/a	433.2	164.0	1.28	69.0
406.301	0.538	fixation	n/a	436.8	161.9	4367.0	n/a	n/a	n/a	n/a
406.841	0.02	saccade	n/a	438.1	159.7	n/a	471.0	158.9	1.19	78.0
406.863	0.536	fixation	n/a	481.3	162.2	4396.0	n/a	n/a	n/a	n/a
407.401	0.016	saccade	n/a	495.0	165.2	n/a	515.4	165.3	0.74	54.0
407.419	0.176	fixation	n/a	516.4	164.9	4440.0	n/a	n/a	n/a	n/a
407.597	0.05	saccade	n/a	518.0	165.0	n/a	584.0	184.4	2.48	146.0
407.649	0.236	fixation	n/a	584.6	184.9	4502.0	n/a	n/a	n/a	n/a
407.887	0.07	saccade	n/a	596.6	196.7	n/a	162.5	239.1	15.53	418.0
407.959	0.128	fixation	n/a	169.3	239.4	4515.0	n/a	n/a	n/a	n/a
408.089	0.022	saccade	n/a	164.9	243.6	n/a	127.6	247.5	1.32	98.0
408.113	0.22	fixation	n/a	130.6	247.5	4422.0	n/a	n/a	n/a	n/a
408.335	0.034	saccade	n/a	129.8	248.3	n/a	258.4	237.2	4.57	190.0
408.371	0.52	fixation	n/a	265.8	234.2	4343.0	n/a	n/a	n/a	n/a
408.893	0.024	saccade	n/a	255.5	229.0	n/a	314.4	228.7	2.11	116.0
408.919	0.228	fixation	n/a	314.2	227.9	4371.0	n/a	n/a	n/a	n/a
409.149	0.032	saccade	n/a	312.7	225.1	n/a	407.7	224.1	3.42	141.0
409.183	0.236	fixation	n/a	408.5	227.5	4332.0	n/a	n/a	n/a	n/a
409.421	0.022	saccade	n/a	411.1	227.5	n/a	459.0	222.6	1.74	103.0
409.445	0.146	fixation	n/a	464.3	222.6	4282.0	n/a	n/a	n/a	n/a
409.593	0.03	saccade	n/a	465.8	220.7	n/a	385.1	224.7	2.92	173.0
409.625	0.222	fixation	n/a	392.1	224.7	4270.0	n/a	n/a	n/a	n/a
409.849	0.034	saccade	n/a	396.4	227.3	n/a	493.4	219.5	3.53	187.0
409.885	0.218	fixation	n/a	495.8	219.1	4251.0	n/a	n/a	n/a	n/a
410.105	0.058	saccade	n/a	499.9	221.0	n/a	164.8	294.2	12.26	371.0
410.165	0.23	fixation	n/a	170.8	293.0	4336.0	n/a	n/a	n/a	n/a
410.397	0.032	saccade	n/a	175.3	294.3	n/a	302.4	278.9	4.57	245.0
410.431	0.122	fixation	n/a	315.5	281.0	4360.0	n/a	n/a	n/a	n/a
410.555	0.168	saccade	n/a	313.6	286.1	n/a	363.1	280.1	1.8	1646.0
410.595	0.082	blink	n/a	n/a	n/a	n/a	n/a	n/a	n/a	n/a
410.725	0.026	fixation	n/a	362.3	277.7	4267.0	n/a	n/a	n/a	n/a
410.753	0.028	saccade	n/a	363.4	275.8	n/a	420.3	281.5	2.07	116.0
410.783	0.252	fixation	n/a	410.4	275.4	4266.0	n/a	n/a	n/a	n/a
411.037	0.018	saccade	n/a	409.8	277.0	n/a	439.1	279.7	1.06	76.0
411.057	0.154	fixation	n/a	438.6	279.1	4163.0	n/a	n/a	n/a	n/a
411.213	0.034	saccade	n/a	442.4	284.1	n/a	349.8	284.8	3.34	199.0
411.249	0.226	fixation	n/a	359.8	290.6	4170.0	n/a	n/a	n/a	n/a
411.477	0.024	saccade	n/a	360.0	290.5	n/a	405.1	285.9	1.64	84.0
411.503	0.206	fixation	n/a	425.0	280.9	4234.0	n/a	n/a	n/a	n/a
411.711	0.018	saccade	n/a	429.3	273.6	n/a	454.3	274.5	0.9	60.0
411.731	0.316	fixation	n/a	455.0	279.1	4159.0	n/a	n/a	n/a	n/a
412.049	0.026	saccade	n/a	458.2	282.4	n/a	530.9	281.2	2.62	132.0
412.077	0.272	fixation	n/a	537.0	280.9	4024.0	n/a	n/a	n/a	n/a
412.351	0.026	saccade	n/a	539.2	280.6	n/a	605.7	282.0	2.38	116.0
412.379	0.44	fixation	n/a	606.5	278.6	4059.0	n/a	n/a	n/a	n/a
412.821	0.032	saccade	n/a	614.2	282.3	n/a	695.4	304.6	2.98	120.0
412.855	0.276	fixation	n/a	696.0	306.5	4109.0	n/a	n/a	n/a	n/a
413.133	0.022	saccade	n/a	695.1	307.2	n/a	736.1	315.1	1.46	76.0
413.157	0.3	fixation	n/a	736.8	315.5	4050.0	n/a	n/a	n/a	n/a
413.459	0.084	saccade	n/a	741.4	316.5	n/a	188.4	331.1	19.38	455.0
413.545	0.112	fixation	n/a	188.6	330.2	4030.0	n/a	n/a	n/a	n/a
413.659	0.028	saccade	n/a	191.8	331.8	n/a	123.8	360.3	2.6	165.0
413.689	0.254	fixation	n/a	128.0	357.5	3988.0	n/a	n/a	n/a	n/a
413.945	0.018	saccade	n/a	126.6	359.1	n/a	104.1	367.2	0.83	58.0
413.965	0.086	fixation	n/a	106.8	369.3	3980.0	n/a	n/a	n/a	n/a
414.053	0.038	saccade	n/a	102.8	368.5	n/a	246.0	358.5	5.04	259.0
414.093	0.226	fixation	n/a	249.7	355.6	4078.0	n/a	n/a	n/a	n/a
414.321	0.052	saccade	n/a	246.8	356.3	n/a	177.0	193.2	6.41	233.0
414.375	0.09	fixation	n/a	181.2	200.4	4058.0	n/a	n/a	n/a	n/a
414.467	0.024	saccade	n/a	178.8	196.3	n/a	145.9	173.8	1.42	118.0
414.493	0.212	fixation	n/a	147.9	184.0	4052.0	n/a	n/a	n/a	n/a
414.707	0.03	saccade	n/a	150.3	187.4	n/a	235.2	175.5	3.04	164.0
414.739	0.204	fixation	n/a	235.0	173.2	4131.0	n/a	n/a	n/a	n/a
414.945	0.028	saccade	n/a	240.6	170.3	n/a	322.7	162.0	2.96	150.0
414.975	0.224	fixation	n/a	327.7	156.1	4232.0	n/a	n/a	n/a	n/a
415.201	0.026	saccade	n/a	332.0	153.3	n/a	402.0	153.5	2.53	147.0
415.229	0.172	fixation	n/a	408.9	152.9	4263.0	n/a	n/a	n/a	n/a
415.403	0.026	saccade	n/a	410.2	151.2	n/a	473.8	149.9	2.3	127.0
415.431	0.176	fixation	n/a	490.1	155.1	4300.0	n/a	n/a	n/a	n/a
415.609	0.024	saccade	n/a	492.6	158.0	n/a	543.1	166.0	1.85	107.0
415.635	0.272	fixation	n/a	546.4	167.0	4257.0	n/a	n/a	n/a	n/a
415.909	0.064	saccade	n/a	551.8	170.5	n/a	179.0	225.1	13.44	413.0
415.975	0.122	fixation	n/a	180.1	223.6	4233.0	n/a	n/a	n/a	n/a
416.099	0.022	saccade	n/a	178.7	224.9	n/a	138.7	230.2	1.42	115.0
416.123	0.158	fixation	n/a	145.1	231.8	4181.0	n/a	n/a	n/a	n/a
416.283	0.038	saccade	n/a	148.0	233.9	n/a	323.2	226.6	6.25	298.0
416.323	0.204	fixation	n/a	331.2	228.5	4224.0	n/a	n/a	n/a	n/a
416.529	0.032	saccade	n/a	332.9	231.9	n/a	441.4	217.0	3.96	232.0
416.563	0.204	fixation	n/a	448.0	216.3	4334.0	n/a	n/a	n/a	n/a
416.769	0.066	saccade	n/a	448.8	211.7	n/a	189.1	280.1	9.6	384.0
416.837	0.188	fixation	n/a	187.7	285.7	4358.0	n/a	n/a	n/a	n/a
417.027	0.032	saccade	n/a	192.7	284.2	n/a	320.0	278.2	4.54	219.0
417.061	0.216	fixation	n/a	336.0	279.0	4271.0	n/a	n/a	n/a	n/a
417.279	0.05	saccade	n/a	340.5	282.1	n/a	522.4	279.2	6.56	242.0
417.331	0.23	fixation	n/a	522.5	277.5	4148.0	n/a	n/a	n/a	n/a
417.563	0.038	saccade	n/a	523.4	278.7	n/a	628.5	282.3	3.76	164.0
417.603	0.228	fixation	n/a	624.7	279.6	4057.0	n/a	n/a	n/a	n/a
417.833	0.034	saccade	n/a	626.8	282.9	n/a	742.6	317.7	4.26	201.0
417.869	0.122	fixation	n/a	741.3	316.5	3967.0	n/a	n/a	n/a	n/a
417.993	0.078	saccade	n/a	743.1	317.9	n/a	235.7	359.5	17.87	441.0
418.073	0.352	fixation	n/a	245.4	360.2	3857.0	n/a	n/a	n/a	n/a
418.427	0.056	saccade	n/a	254.4	356.5	n/a	579.4	575.8	13.84	455.0
418.485	0.32	fixation	n/a	586.4	563.9	3797.0	n/a	n/a	n/a	n/a
418.807	0.018	saccade	n/a	588.2	553.0	n/a	608.2	541.7	0.8	54.0
418.827	0.142	fixation	n/a	605.9	544.3	3817.0	n/a	n/a	n/a	n/a
418.971	0.072	saccade	n/a	603.7	544.7	n/a	267.5	250.7	15.84	459.0
419.045	0.248	fixation	n/a	272.3	252.7	3861.0	n/a	n/a	n/a	n/a
419.074	0.0	trigger_11	11	n/a	n/a	n/a	n/a	n/a	n/a	n/a
419.138	0.0	trigger_12	12	n/a	n/a	n/a	n/a	n/a	n/a	n/a
419.295	0.03	saccade	n/a	271.1	254.3	n/a	157.2	191.5	4.65	260.0
419.327	0.356	fixation	n/a	146.9	183.3	3974.0	n/a	n/a	n/a	n/a
419.685	0.158	saccade	n/a	143.8	187.1	n/a	199.9	174.9	2.03	1727.0
419.723	0.072	blink	n/a	n/a	n/a	n/a	n/a	n/a	n/a	n/a
419.845	0.274	fixation	n/a	203.4	174.9	4195.0	n/a	n/a	n/a	n/a
420.121	0.034	saccade	n/a	209.5	170.1	n/a	104.9	185.4	3.72	225.0
420.157	0.528	fixation	n/a	112.6	187.6	4171.0	n/a	n/a	n/a	n/a
420.687	0.076	saccade	n/a	114.6	190.7	n/a	492.2	500.4	17.29	399.0
420.765	0.114	fixation	n/a	490.3	500.7	4395.0	n/a	n/a	n/a	n/a
420.881	0.024	saccade	n/a	488.9	499.5	n/a	461.7	525.6	1.33	114.0
420.907	0.208	fixation	n/a	465.8	520.2	4452.0	n/a	n/a	n/a	n/a
421.117	0.016	saccade	n/a	459.5	517.7	n/a	435.5	516.2	0.85	61.0
421.135	0.27	fixation	n/a	442.5	521.6	4193.0	n/a	n/a	n/a	n/a
421.407	0.02	saccade	n/a	442.2	524.1	n/a	404.3	526.7	1.34	92.0
421.429	0.316	fixation	n/a	411.8	528.0	4085.0	n/a	n/a	n/a	n/a
421.747	0.208	saccade	n/a	413.6	539.1	n/a	472.4	545.7	2.09	1007.0
421.765	0.144	blink	n/a	n/a	n/a	n/a	n/a	n/a	n/a	n/a
421.957	0.28	fixation	n/a	469.4	542.1	4227.0	n/a	n/a	n/a	n/a
422.239	0.252	saccade	n/a	466.0	538.0	n/a	164.5	181.7	16.52	1825.0
422.273	0.164	blink	n/a	n/a	n/a	n/a	n/a	n/a	n/a	n/a
422.493	0.074	fixation	n/a	158.2	180.7	4194.0	n/a	n/a	n/a	n/a
422.569	0.02	saccade	n/a	157.2	180.4	n/a	123.9	166.6	1.27	99.0
422.591	0.228	fixation	n/a	133.2	166.1	4234.0	n/a	n/a	n/a	n/a
422.821	0.05	saccade	n/a	135.0	162.8	n/a	392.0	155.6	9.13	330.0
422.873	0.152	fixation	n/a	395.1	161.8	4191.0	n/a	n/a	n/a	n/a
423.027	0.034	saccade	n/a	396.3	158.8	n/a	487.5	165.2	3.31	177.0
423.063	0.064	fixation	n/a	481.4	161.6	4192.0	n/a	n/a	n/a	n/a
423.129	0.052	saccade	n/a	480.5	161.3	n/a	592.4	160.4	4.03	269.0
423.183	0.15	fixation	n/a	606.6	166.8	4227.0	n/a	n/a	n/a	n/a
423.335	0.032	saccade	n/a	605.1	164.5	n/a	685.0	196.1	3.06	189.0
423.369	0.11	fixation	n/a	680.6	195.2	4311.0	n/a	n/a	n/a	n/a
423.481	0.09	saccade	n/a	683.5	191.4	n/a	122.3	230.2	19.78	571.0
423.573	0.186	fixation	n/a	126.6	232.0	4400.0	n/a	n/a	n/a	n/a
423.761	0.04	saccade	n/a	127.0	232.1	n/a	277.4	224.3	5.33	270.0
423.803	0.21	fixation	n/a	281.8	223.2	4412.0	n/a	n/a	n/a	n/a
424.015	0.028	saccade	n/a	281.6	224.9	n/a	367.0	223.7	3.08	166.0
424.045	0.294	fixation	n/a	369.3	216.8	4427.0	n/a	n/a	n/a	n/a
424.341	0.038	saccade	n/a	366.9	216.0	n/a	505.8	203.2	5.05	190.0
424.381	0.198	fixation	n/a	511.1	202.6	4442.0	n/a	n/a	n/a	n/a
424.581	0.058	saccade	n/a	511.3	203.1	n/a	208.2	268.3	11.1	388.0
424.641	0.17	fixation	n/a	217.3	270.3	4483.0	n/a	n/a	n/a	n/a
424.813	0.024	saccade	n/a	221.5	276.7	n/a	280.5	274.1	2.11	131.0
424.839	0.33	fixation	n/a	287.3	279.3	4420.0	n/a	n/a	n/a	n/a
424.954	0.0	trigger_13	13	n/a	n/a	n/a	n/a	n/a	n/a	n/a
425.006	0.0	trigger_21	21	n/a	n/a	n/a	n/a	n/a	n/a	n/a
425.171	0.032	saccade	n/a	292.5	283.4	n/a	187.8	216.7	4.46	229.0
425.205	0.298	fixation	n/a	177.7	208.5	4376.0	n/a	n/a	n/a	n/a
