onset	duration	trial_type	value	gaze_x	gaze_y	pupil_size	sacc_endx	sacc_endy	sacc_amplitude	sacc_peakvel
0.073	0.258	fixation	n/a	172.8	297.1	3691.0	n/a	n/a	n/a	n/a
0.333	0.046	saccade	n/a	176.7	291.5	n/a	268.1	248.2	3.37	98.0
0.381	0.492	fixation	n/a	296.3	223.5	3736.0	n/a	n/a	n/a	n/a
0.875	0.148	saccade	n/a	304.1	219.3	n/a	294.4	270.3	1.78	1192.0
0.925	0.048	blink	n/a	n/a	n/a	n/a	n/a	n/a	n/a	n/a
1.025	3.264	fixation	n/a	289.2	234.9	3870.0	n/a	n/a	n/a	n/a
2.12	0.0	trigger_114	114	n/a	n/a	n/a	n/a	n/a	n/a	n/a
4.136	0.0	trigger_10	10	n/a	n/a	n/a	n/a	n/a	n/a	n/a
4.291	0.038	saccade	n/a	287.9	204.9	n/a	147.7	176.3	4.78	240.0
4.331	0.118	fixation	n/a	155.6	177.0	4091.0	n/a	n/a	n/a	n/a
4.451	0.024	saccade	n/a	155.6	178.8	n/a	127.3	132.0	1.84	111.0
4.477	0.278	fixation	n/a	128.0	132.8	4149.0	n/a	n/a	n/a	n/a
4.757	0.03	saccade	n/a	132.2	131.3	n/a	226.1	134.5	3.12	126.0
4.789	0.38	fixation	n/a	229.6	134.9	4025.0	n/a	n/a	n/a	n/a
5.171	0.024	saccade	n/a	232.4	138.7	n/a	283.9	151.0	1.78	101.0
5.197	0.16	fixation	n/a	288.9	156.1	3905.0	n/a	n/a	n/a	n/a
5.359	0.058	saccade	n/a	285.4	153.9	n/a	417.2	501.2	12.58	408.0
5.419	0.134	fixation	n/a	420.9	495.0	4014.0	n/a	n/a	n/a	n/a
5.555	0.026	saccade	n/a	424.8	495.2	n/a	480.3	524.5	2.1	102.0
5.583	0.16	fixation	n/a	477.3	517.6	4095.0	n/a	n/a	n/a	n/a
5.745	0.022	saccade	n/a	479.7	515.1	n/a	536.0	529.7	1.94	116.0
5.769	0.082	fixation	n/a	540.1	528.4	3998.0	n/a	n/a	n/a	n/a
5.853	0.066	saccade	n/a	537.9	523.4	n/a	335.7	203.6	12.79	328.0
5.921	0.118	fixation	n/a	339.5	195.6	3860.0	n/a	n/a	n/a	n/a
6.041	0.018	saccade	n/a	342.0	196.7	n/a	341.3	160.8	1.24	86.0
6.061	0.176	fixation	n/a	332.3	161.7	3766.0	n/a	n/a	n/a	n/a
6.239	0.026	saccade	n/a	326.4	160.2	n/a	412.5	157.8	2.94	168.0
6.267	0.166	fixation	n/a	413.7	160.4	3830.0	n/a	n/a	n/a	n/a
6.435	0.03	saccade	n/a	413.0	155.9	n/a	523.2	143.3	3.81	174.0
6.467	0.246	fixation	n/a	531.7	123.8	4084.0	n/a	n/a	n/a	n/a
6.715	0.016	saccade	n/a	536.7	114.0	n/a	558.5	107.6	0.78	61.0
6.733	0.094	fixation	n/a	558.4	105.6	4279.0	n/a	n/a	n/a	n/a
6.829	0.064	saccade	n/a	561.2	99.9	n/a	206.0	195.9	12.49	369.0
6.895	0.418	fixation	n/a	212.2	201.0	4363.0	n/a	n/a	n/a	n/a
7.315	0.032	saccade	n/a	222.3	207.0	n/a	324.8	215.9	3.48	142.0
7.349	0.16	fixation	n/a	338.1	218.6	4321.0	n/a	n/a	n/a	n/a
7.511	0.024	saccade	n/a	340.0	216.6	n/a	335.0	159.4	1.99	112.0
7.537	0.294	fixation	n/a	342.3	162.7	4322.0	n/a	n/a	n/a	n/a
7.833	0.068	saccade	n/a	344.1	165.1	n/a	423.6	539.8	12.94	384.0
7.903	0.298	fixation	n/a	429.1	530.9	4267.0	n/a	n/a	n/a	n/a
8.203	0.022	saccade	n/a	433.3	536.3	n/a	491.3	538.0	1.93	113.0
8.227	0.152	fixation	n/a	500.4	544.8	4037.0	n/a	n/a	n/a	n/a
8.381	0.022	saccade	n/a	506.6	550.4	n/a	559.2	548.9	1.75	104.0
8.405	0.114	fixation	n/a	563.6	551.1	3808.0	n/a	n/a	n/a	n/a
8.521	0.082	saccade	n/a	563.3	549.2	n/a	340.9	222.7	13.31	335.0
8.605	0.262	fixation	n/a	348.8	225.6	3711.0	n/a	n/a	n/a	n/a
8.869	0.04	saccade	n/a	349.8	226.3	n/a	202.7	181.6	5.18	255.0
8.87	0.0	trigger_11	11	n/a	n/a	n/a	n/a	n/a	n/a	n/a
8.911	0.164	fixation	n/a	209.7	178.0	3716.0	n/a	n/a	n/a	n/a
8.928	0.0	trigger_12	12	n/a	n/a	n/a	n/a	n/a	n/a	n/a
9.077	0.024	saccade	n/a	208.1	174.0	n/a	147.2	158.8	2.09	130.0
9.103	0.284	fixation	n/a	145.4	159.8	3887.0	n/a	n/a	n/a	n/a
9.389	0.028	saccade	n/a	148.2	161.9	n/a	230.9	161.1	2.74	130.0
9.419	0.128	fixation	n/a	236.3	160.8	4019.0	n/a	n/a	n/a	n/a
9.549	0.026	saccade	n/a	238.7	163.2	n/a	313.9	169.5	2.54	142.0
9.577	0.198	fixation	n/a	321.7	168.2	4001.0	n/a	n/a	n/a	n/a
9.777	0.05	saccade	n/a	323.0	174.1	n/a	568.3	161.1	8.34	242.0
9.829	0.2	fixation	n/a	586.0	163.2	3830.0	n/a	n/a	n/a	n/a
10.031	0.072	saccade	n/a	588.9	165.1	n/a	99.6	219.0	16.36	396.0
10.105	0.224	fixation	n/a	111.0	222.6	3810.0	n/a	n/a	n/a	n/a
10.331	0.026	saccade	n/a	113.4	222.2	n/a	188.1	215.4	2.46	134.0
10.359	0.278	fixation	n/a	200.6	215.3	3755.0	n/a	n/a	n/a	n/a
10.639	0.028	saccade	n/a	205.7	211.5	n/a	294.4	217.9	2.97	140.0
10.669	0.214	fixation	n/a	309.4	217.2	3862.0	n/a	n/a	n/a	n/a
10.885	0.028	saccade	n/a	311.1	219.2	n/a	392.4	221.5	2.76	130.0
10.915	0.218	fixation	n/a	399.1	226.6	3803.0	n/a	n/a	n/a	n/a
11.135	0.036	saccade	n/a	406.9	226.5	n/a	505.0	231.7	3.34	123.0
11.173	0.198	fixation	n/a	505.4	230.2	3676.0	n/a	n/a	n/a	n/a
11.373	0.02	saccade	n/a	513.3	225.9	n/a	558.6	225.4	1.54	98.0
11.395	0.31	fixation	n/a	577.1	223.3	3611.0	n/a	n/a	n/a	n/a
11.707	0.078	saccade	n/a	586.8	224.5	n/a	134.0	286.7	15.24	303.0
11.787	0.258	fixation	n/a	140.7	286.5	3757.0	n/a	n/a	n/a	n/a
12.047	0.03	saccade	n/a	144.1	287.6	n/a	241.1	283.5	3.21	154.0
12.079	0.188	fixation	n/a	250.1	285.8	3645.0	n/a	n/a	n/a	n/a
12.269	0.028	saccade	n/a	252.5	284.2	n/a	352.1	304.5	3.42	159.0
12.299	0.218	fixation	n/a	362.1	305.3	3545.0	n/a	n/a	n/a	n/a
12.519	0.024	saccade	n/a	365.5	305.9	n/a	441.3	310.1	2.57	156.0
12.545	0.198	fixation	n/a	470.2	304.3	3452.0	n/a	n/a	n/a	n/a
12.745	0.02	saccade	n/a	486.3	304.3	n/a	533.4	299.9	1.61	92.0
12.767	0.282	fixation	n/a	540.5	300.4	3350.0	n/a	n/a	n/a	n/a
13.051	0.068	saccade	n/a	543.7	303.1	n/a	139.0	353.8	13.55	391.0
13.121	0.266	fixation	n/a	145.2	352.5	3607.0	n/a	n/a	n/a	n/a
13.389	0.036	saccade	n/a	148.1	355.1	n/a	269.9	351.1	4.02	188.0
13.427	0.168	fixation	n/a	271.7	349.1	3642.0	n/a	n/a	n/a	n/a
13.597	0.048	saccade	n/a	270.0	346.0	n/a	417.8	360.7	4.98	158.0
13.647	0.164	fixation	n/a	417.7	359.7	3629.0	n/a	n/a	n/a	n/a
13.813	0.028	saccade	n/a	418.8	359.7	n/a	523.5	364.3	3.54	178.0
13.843	0.184	fixation	n/a	531.5	363.2	3529.0	n/a	n/a	n/a	n/a
14.029	0.028	saccade	n/a	534.5	368.1	n/a	611.2	365.6	2.58	111.0
14.059	0.382	fixation	n/a	618.5	365.0	3372.0	n/a	n/a	n/a	n/a
14.254	0.0	trigger_13	13	n/a	n/a	n/a	n/a	n/a	n/a	n/a
14.312	0.0	trigger_10	10	n/a	n/a	n/a	n/a	n/a	n/a	n/a
14.443	0.08	saccade	n/a	619.0	365.9	n/a	173.4	184.8	16.05	370.0
14.525	0.078	fixation	n/a	178.4	186.1	3618.0	n/a	n/a	n/a	n/a
14.605	0.022	saccade	n/a	179.8	186.6	n/a	142.8	169.1	1.36	102.0
14.629	0.22	fixation	n/a	140.5	173.1	3608.0	n/a	n/a	n/a	n/a
14.851	0.028	saccade	n/a	141.0	169.9	n/a	224.6	184.4	2.81	121.0
14.881	0.212	fixation	n/a	227.9	172.3	3529.0	n/a	n/a	n/a	n/a
15.095	0.024	saccade	n/a	229.4	172.0	n/a	302.8	161.9	2.48	150.0
15.121	0.19	fixation	n/a	320.6	168.0	3522.0	n/a	n/a	n/a	n/a
15.313	0.02	saccade	n/a	322.5	170.0	n/a	285.1	169.0	1.26	82.0
15.335	0.186	fixation	n/a	282.6	170.4	3522.0	n/a	n/a	n/a	n/a
15.523	0.034	saccade	n/a	281.3	163.3	n/a	385.4	175.4	3.54	139.0
15.559	0.162	fixation	n/a	396.7	176.9	3576.0	n/a	n/a	n/a	n/a
15.723	0.024	saccade	n/a	402.5	177.2	n/a	457.7	177.4	1.88	102.0
15.749	0.17	fixation	n/a	468.5	177.4	3594.0	n/a	n/a	n/a	n/a
15.921	0.024	saccade	n/a	472.0	174.2	n/a	526.3	169.8	1.85	89.0
15.947	0.436	fixation	n/a	547.3	175.8	3468.0	n/a	n/a	n/a	n/a
16.385	0.06	saccade	n/a	566.3	182.0	n/a	148.4	215.5	13.98	380.0
16.447	0.248	fixation	n/a	137.3	225.3	3576.0	n/a	n/a	n/a	n/a
16.697	0.02	saccade	n/a	141.7	228.2	n/a	178.9	230.6	1.23	81.0
16.719	0.166	fixation	n/a	191.0	233.3	3530.0	n/a	n/a	n/a	n/a
16.887	0.024	saccade	n/a	196.3	233.6	n/a	272.1	237.7	2.53	143.0
16.913	0.24	fixation	n/a	283.2	232.7	3495.0	n/a	n/a	n/a	n/a
17.155	0.018	saccade	n/a	290.1	234.2	n/a	326.3	238.5	1.23	84.0
17.175	0.126	fixation	n/a	327.4	236.6	3463.0	n/a	n/a	n/a	n/a
17.303	0.026	saccade	n/a	328.9	237.5	n/a	407.8	243.2	2.68	151.0
17.331	0.228	fixation	n/a	411.7	239.3	3436.0	n/a	n/a	n/a	n/a
17.561	0.03	saccade	n/a	419.4	241.0	n/a	508.9	238.1	3.05	124.0
17.593	0.208	fixation	n/a	512.0	237.4	3410.0	n/a	n/a	n/a	n/a
17.803	0.02	saccade	n/a	516.3	235.0	n/a	556.3	238.3	1.36	92.0
17.825	0.136	fixation	n/a	558.2	241.5	3404.0	n/a	n/a	n/a	n/a
17.963	0.072	saccade	n/a	559.0	242.0	n/a	129.9	291.8	14.38	364.0
18.037	0.264	fixation	n/a	135.5	291.2	3470.0	n/a	n/a	n/a	n/a
18.303	0.024	saccade	n/a	140.7	290.8	n/a	209.8	285.0	2.28	136.0
18.329	0.204	fixation	n/a	224.5	285.0	3433.0	n/a	n/a	n/a	n/a
18.535	0.024	saccade	n/a	232.9	289.1	n/a	289.7	290.7	1.9	101.0
18.561	0.232	fixation	n/a	310.8	293.6	3416.0	n/a	n/a	n/a	n/a
18.795	0.036	saccade	n/a	312.1	291.6	n/a	426.1	300.4	3.85	130.0
18.833	0.264	fixation	n/a	432.3	303.1	3346.0	n/a	n/a	n/a	n/a
19.099	0.024	saccade	n/a	440.5	309.7	n/a	503.6	310.8	2.14	118.0
19.125	0.25	fixation	n/a	530.8	307.1	3253.0	n/a	n/a	n/a	n/a
19.377	0.026	saccade	n/a	539.3	306.7	n/a	604.7	304.8	2.21	105.0
19.405	0.302	fixation	n/a	613.1	306.7	3117.0	n/a	n/a	n/a	n/a
19.709	0.076	saccade	n/a	613.1	315.3	n/a	148.3	352.2	15.47	332.0
19.787	0.354	fixation	n/a	150.3	350.6	3320.0	n/a	n/a	n/a	n/a
20.143	0.028	saccade	n/a	154.5	354.0	n/a	148.6	268.0	2.9	152.0
20.173	0.3	fixation	n/a	178.0	233.6	3368.0	n/a	n/a	n/a	n/a
20.475	0.044	saccade	n/a	178.2	224.0	n/a	356.8	232.4	5.99	210.0
20.521	0.144	fixation	n/a	357.2	230.8	3418.0	n/a	n/a	n/a	n/a
20.667	0.03	saccade	n/a	359.5	230.0	n/a	452.7	230.6	3.15	179.0
20.699	0.196	fixation	n/a	457.0	234.3	3407.0	n/a	n/a	n/a	n/a
20.897	0.032	saccade	n/a	456.7	232.1	n/a	477.3	159.7	2.6	179.0
20.931	0.25	fixation	n/a	485.5	163.7	3330.0	n/a	n/a	n/a	n/a
21.183	0.024	saccade	n/a	492.1	169.4	n/a	553.8	175.6	2.11	111.0
21.209	0.352	fixation	n/a	575.3	170.5	3328.0	n/a	n/a	n/a	n/a
21.318	0.0	trigger_11	11	n/a	n/a	n/a	n/a	n/a	n/a	n/a
21.38	0.0	trigger_10	10	n/a	n/a	n/a	n/a	n/a	n/a	n/a
21.563	0.204	saccade	n/a	575.5	167.3	n/a	130.2	189.4	14.86	1308.0
21.625	0.09	blink	n/a	n/a	n/a	n/a	n/a	n/a	n/a	n/a
21.769	0.23	fixation	n/a	129.4	180.9	3556.0	n/a	n/a	n/a	n/a
22.001	0.026	saccade	n/a	124.0	182.0	n/a	189.0	178.4	2.14	115.0
22.029	0.188	fixation	n/a	196.7	176.7	3447.0	n/a	n/a	n/a	n/a
22.219	0.026	saccade	n/a	203.1	170.2	n/a	263.0	170.3	2.0	92.0
22.247	0.226	fixation	n/a	269.7	179.4	3388.0	n/a	n/a	n/a	n/a
22.475	0.028	saccade	n/a	266.7	170.3	n/a	352.7	170.8	2.9	156.0
22.505	0.254	fixation	n/a	379.8	167.9	3358.0	n/a	n/a	n/a	n/a
22.761	0.028	saccade	n/a	383.4	166.6	n/a	460.5	168.4	2.62	114.0
22.791	0.222	fixation	n/a	481.2	174.6	3332.0	n/a	n/a	n/a	n/a
23.015	0.024	saccade	n/a	486.9	173.0	n/a	545.5	164.9	2.01	110.0
23.041	0.182	fixation	n/a	546.2	168.2	3290.0	n/a	n/a	n/a	n/a
23.225	0.02	saccade	n/a	553.7	172.9	n/a	583.7	182.4	1.07	64.0
23.247	0.174	fixation	n/a	583.8	178.1	3258.0	n/a	n/a	n/a	n/a
23.423	0.074	saccade	n/a	584.8	177.9	n/a	141.3	221.5	14.86	379.0
23.499	0.376	fixation	n/a	144.5	231.2	3456.0	n/a	n/a	n/a	n/a
23.877	0.026	saccade	n/a	149.1	233.5	n/a	221.9	232.1	2.41	125.0
23.905	0.398	fixation	n/a	241.6	231.3	3560.0	n/a	n/a	n/a	n/a
24.305	0.02	saccade	n/a	245.1	225.5	n/a	281.3	224.8	1.21	70.0
24.327	0.33	fixation	n/a	290.9	229.6	3506.0	n/a	n/a	n/a	n/a
24.659	0.026	saccade	n/a	283.1	225.5	n/a	263.8	165.9	2.14	103.0
24.687	0.168	fixation	n/a	267.6	165.5	3498.0	n/a	n/a	n/a	n/a
24.857	0.03	saccade	n/a	272.8	167.8	n/a	397.7	167.7	4.22	224.0
24.889	0.298	fixation	n/a	422.2	166.2	3493.0	n/a	n/a	n/a	n/a
25.189	0.022	saccade	n/a	425.8	168.0	n/a	468.2	159.4	1.47	86.0
25.213	0.306	fixation	n/a	476.5	165.9	3567.0	n/a	n/a	n/a	n/a
25.521	0.056	saccade	n/a	478.6	171.6	n/a	179.9	166.3	10.03	342.0
25.579	0.318	fixation	n/a	190.9	169.4	3700.0	n/a	n/a	n/a	n/a
25.899	0.026	saccade	n/a	195.1	166.3	n/a	277.1	167.6	2.73	128.0
25.927	0.096	fixation	n/a	280.7	171.1	3762.0	n/a	n/a	n/a	n/a
26.025	0.168	saccade	n/a	282.5	175.7	n/a	413.2	179.6	4.42	1254.0
26.073	0.07	blink	n/a	n/a	n/a	n/a	n/a	n/a	n/a	n/a
26.195	0.172	fixation	n/a	415.8	151.7	3646.0	n/a	n/a	n/a	n/a
26.369	0.044	saccade	n/a	417.3	158.9	n/a	174.5	166.0	8.12	335.0
26.415	0.172	fixation	n/a	181.0	166.3	3650.0	n/a	n/a	n/a	n/a
26.589	0.024	saccade	n/a	175.8	167.1	n/a	127.3	170.0	1.6	117.0
26.615	0.114	fixation	n/a	133.1	162.4	3524.0	n/a	n/a	n/a	n/a
26.731	0.03	saccade	n/a	135.0	164.5	n/a	233.2	172.6	3.26	176.0
26.763	0.238	fixation	n/a	242.8	170.0	3547.0	n/a	n/a	n/a	n/a
27.003	0.028	saccade	n/a	253.8	185.8	n/a	326.9	163.2	2.58	156.0
27.033	0.184	fixation	n/a	332.9	167.4	3583.0	n/a	n/a	n/a	n/a
27.219	0.02	saccade	n/a	337.9	172.5	n/a	377.2	167.1	1.34	84.0
27.241	0.26	fixation	n/a	394.2	175.1	3467.0	n/a	n/a	n/a	n/a
27.503	0.028	saccade	n/a	396.6	188.9	n/a	477.3	180.0	2.76	127.0
27.533	0.234	fixation	n/a	486.6	182.4	3322.0	n/a	n/a	n/a	n/a
27.769	0.026	saccade	n/a	486.7	178.0	n/a	550.9	185.5	2.2	104.0
27.797	0.22	fixation	n/a	557.2	184.3	3216.0	n/a	n/a	n/a	n/a
28.019	0.06	saccade	n/a	558.2	184.3	n/a	165.2	229.4	13.21	367.0
28.081	0.312	fixation	n/a	167.0	230.5	3342.0	n/a	n/a	n/a	n/a
28.395	0.026	saccade	n/a	172.3	238.9	n/a	239.1	230.5	2.23	106.0
28.423	0.248	fixation	n/a	246.2	228.1	3423.0	n/a	n/a	n/a	n/a
28.673	0.022	saccade	n/a	250.3	234.0	n/a	299.4	234.3	1.65	104.0
28.697	0.266	fixation	n/a	315.3	236.9	3534.0	n/a	n/a	n/a	n/a
28.965	0.06	saccade	n/a	316.7	237.6	n/a	488.5	544.9	11.77	385.0
29.027	0.268	fixation	n/a	494.2	540.5	3626.0	n/a	n/a	n/a	n/a
29.297	0.02	saccade	n/a	488.9	533.9	n/a	445.6	523.4	1.48	97.0
29.319	0.14	fixation	n/a	451.5	524.5	3479.0	n/a	n/a	n/a	n/a
29.461	0.072	saccade	n/a	452.3	525.7	n/a	343.1	162.4	12.75	374.0
29.535	0.192	fixation	n/a	349.9	167.9	3123.0	n/a	n/a	n/a	n/a
29.729	0.018	saccade	n/a	358.9	171.7	n/a	388.3	181.2	1.05	73.0
29.749	0.242	fixation	n/a	391.1	178.9	3086.0	n/a	n/a	n/a	n/a
29.782	0.0	trigger_11	11	n/a	n/a	n/a	n/a	n/a	n/a	n/a
29.84	0.0	trigger_10	10	n/a	n/a	n/a	n/a	n/a	n/a	n/a
29.993	0.052	saccade	n/a	387.8	169.7	n/a	131.2	163.1	8.56	325.0
30.047	0.442	fixation	n/a	125.1	163.2	3451.0	n/a	n/a	n/a	n/a
30.491	0.016	saccade	n/a	125.2	163.3	n/a	148.3	168.8	0.78	55.0
30.509	0.348	fixation	n/a	148.0	167.0	3625.0	n/a	n/a	n/a	n/a
30.859	0.024	saccade	n/a	154.2	168.1	n/a	216.4	162.9	2.07	112.0
30.885	0.268	fixation	n/a	221.0	154.1	3734.0	n/a	n/a	n/a	n/a
31.155	0.022	saccade	n/a	231.4	153.3	n/a	282.1	153.6	1.7	94.0
31.179	0.248	fixation	n/a	289.9	150.4	3645.0	n/a	n/a	n/a	n/a
31.429	0.024	saccade	n/a	298.9	159.3	n/a	351.7	163.0	1.79	87.0
31.455	0.2	fixation	n/a	377.5	164.2	3531.0	n/a	n/a	n/a	n/a
31.657	0.028	saccade	n/a	380.2	173.0	n/a	457.1	162.4	2.64	127.0
31.687	0.174	fixation	n/a	490.2	168.1	3466.0	n/a	n/a	n/a	n/a
31.863	0.022	saccade	n/a	498.9	173.6	n/a	542.6	168.2	1.5	78.0
31.887	0.184	fixation	n/a	547.6	176.0	3405.0	n/a	n/a	n/a	n/a
32.073	0.072	saccade	n/a	545.3	183.6	n/a	132.3	233.4	13.89	334.0
32.147	0.268	fixation	n/a	131.0	231.3	3540.0	n/a	n/a	n/a	n/a
32.417	0.028	saccade	n/a	123.5	229.2	n/a	219.7	224.7	3.19	162.0
32.447	0.272	fixation	n/a	243.4	220.5	3498.0	n/a	n/a	n/a	n/a
32.721	0.03	saccade	n/a	246.6	218.1	n/a	353.4	226.9	3.61	175.0
32.753	0.206	fixation	n/a	366.2	230.7	3522.0	n/a	n/a	n/a	n/a
32.961	0.022	saccade	n/a	365.8	229.7	n/a	416.9	221.1	1.77	111.0
32.985	0.202	fixation	n/a	425.9	226.2	3456.0	n/a	n/a	n/a	n/a
33.189	0.022	saccade	n/a	428.9	223.7	n/a	479.0	216.6	1.73	107.0
33.213	0.21	fixation	n/a	484.9	218.3	3435.0	n/a	n/a	n/a	n/a
33.425	0.018	saccade	n/a	491.8	221.4	n/a	521.2	226.1	1.02	72.0
33.445	0.172	fixation	n/a	523.3	224.8	3420.0	n/a	n/a	n/a	n/a
33.619	0.034	saccade	n/a	526.4	234.3	n/a	597.6	240.5	2.44	107.0
33.655	0.232	fixation	n/a	598.6	237.0	3314.0	n/a	n/a	n/a	n/a
33.889	0.054	saccade	n/a	600.3	222.9	n/a	365.9	209.7	8.0	239.0
33.945	0.234	fixation	n/a	363.4	196.4	3600.0	n/a	n/a	n/a	n/a
34.181	0.02	saccade	n/a	362.0	199.1	n/a	330.1	167.2	1.55	100.0
34.203	0.054	fixation	n/a	335.1	155.6	3730.0	n/a	n/a	n/a	n/a
34.259	0.024	saccade	n/a	337.3	159.8	n/a	392.7	154.7	1.9	110.0
34.285	0.188	fixation	n/a	387.1	151.7	3751.0	n/a	n/a	n/a	n/a
34.475	0.032	saccade	n/a	389.2	149.5	n/a	507.4	142.8	4.05	213.0
34.509	0.102	fixation	n/a	510.1	139.7	3802.0	n/a	n/a	n/a	n/a
34.613	0.056	saccade	n/a	510.7	134.9	n/a	166.3	132.3	11.62	377.0
34.671	0.342	fixation	n/a	166.1	130.1	3933.0	n/a	n/a	n/a	n/a
35.015	0.024	saccade	n/a	158.1	133.5	n/a	224.8	139.8	2.24	132.0
35.041	0.146	fixation	n/a	228.4	138.8	3947.0	n/a	n/a	n/a	n/a
35.189	0.03	saccade	n/a	229.3	142.2	n/a	309.0	151.0	2.71	150.0
35.221	0.168	fixation	n/a	317.5	155.7	3939.0	n/a	n/a	n/a	n/a
35.391	0.032	saccade	n/a	319.6	163.3	n/a	169.1	159.4	5.06	252.0
35.425	0.15	fixation	n/a	154.3	169.3	3932.0	n/a	n/a	n/a	n/a
35.577	0.02	saccade	n/a	152.6	170.3	n/a	140.5	210.8	1.44	95.0
35.599	0.196	fixation	n/a	140.5	209.8	3932.0	n/a	n/a	n/a	n/a
35.797	0.038	saccade	n/a	143.6	212.4	n/a	257.2	216.4	3.79	156.0
35.837	0.182	fixation	n/a	254.1	215.9	3900.0	n/a	n/a	n/a	n/a
36.021	0.038	saccade	n/a	256.2	216.0	n/a	410.1	230.0	5.24	240.0
36.061	0.248	fixation	n/a	413.8	230.5	3722.0	n/a	n/a	n/a	n/a
36.311	0.02	saccade	n/a	421.9	228.9	n/a	463.4	223.6	1.43	92.0
36.333	0.198	fixation	n/a	474.8	220.3	3561.0	n/a	n/a	n/a	n/a
36.533	0.022	saccade	n/a	481.9	223.4	n/a	530.8	228.8	1.68	100.0
36.557	0.43	fixation	n/a	539.4	233.1	3462.0	n/a	n/a	n/a	n/a
36.989	0.196	saccade	n/a	539.6	242.1	n/a	593.1	220.5	1.97	1307.0
37.043	0.092	blink	n/a	n/a	n/a	n/a	n/a	n/a	n/a	n/a
37.187	0.1	fixation	n/a	592.1	216.8	3670.0	n/a	n/a	n/a	n/a
37.289	0.034	saccade	n/a	590.3	212.5	n/a	432.6	241.4	5.47	305.0
37.325	0.586	fixation	n/a	431.4	238.3	3584.0	n/a	n/a	n/a	n/a
37.913	0.03	saccade	n/a	433.8	237.2	n/a	509.8	242.0	2.6	100.0
37.945	0.548	fixation	n/a	530.5	233.7	3564.0	n/a	n/a	n/a	n/a
38.495	0.022	saccade	n/a	531.3	226.8	n/a	537.3	179.5	1.65	102.0
38.519	0.154	fixation	n/a	545.5	185.3	3579.0	n/a	n/a	n/a	n/a
38.675	0.024	saccade	n/a	538.6	186.5	n/a	492.8	176.3	1.6	99.0
38.701	0.258	fixation	n/a	502.0	175.4	3586.0	n/a	n/a	n/a	n/a
38.961	0.044	saccade	n/a	504.8	179.8	n/a	336.9	216.7	5.85	207.0
39.007	0.302	fixation	n/a	328.6	214.5	3623.0	n/a	n/a	n/a	n/a
39.311	0.022	saccade	n/a	329.1	207.7	n/a	304.9	168.1	1.59	100.0
39.335	0.34	fixation	n/a	299.7	157.9	3623.0	n/a	n/a	n/a	n/a
39.464	0.0	trigger_11	11	n/a	n/a	n/a	n/a	n/a	n/a	n/a
39.526	0.0	trigger_10	10	n/a	n/a	n/a	n/a	n/a	n/a	n/a
39.677	0.042	saccade	n/a	301.7	161.1	n/a	133.7	158.9	5.6	234.0
39.721	0.322	fixation	n/a	134.2	159.1	3640.0	n/a	n/a	n/a	n/a
40.045	0.018	saccade	n/a	133.8	166.5	n/a	168.3	161.4	1.15	70.0
40.065	0.182	fixation	n/a	179.3	157.7	3600.0	n/a	n/a	n/a	n/a
40.249	0.026	saccade	n/a	183.0	158.7	n/a	265.2	154.4	2.75	147.0
40.277	0.484	fixation	n/a	290.9	158.5	3579.0	n/a	n/a	n/a	n/a
40.763	0.026	saccade	n/a	318.2	164.1	n/a	392.9	170.0	2.54	119.0
40.791	0.23	fixation	n/a	397.8	175.1	3523.0	n/a	n/a	n/a	n/a
41.023	0.024	saccade	n/a	403.0	179.8	n/a	464.5	169.0	2.12	119.0
41.049	0.188	fixation	n/a	481.7	165.3	3480.0	n/a	n/a	n/a	n/a
41.239	0.028	saccade	n/a	487.8	167.0	n/a	555.9	195.7	2.52	118.0
41.269	0.23	fixation	n/a	560.7	192.0	3366.0	n/a	n/a	n/a	n/a
41.501	0.068	saccade	n/a	560.5	197.3	n/a	139.7	238.1	14.14	319.0
41.571	0.256	fixation	n/a	145.2	239.4	3466.0	n/a	n/a	n/a	n/a
41.829	0.026	saccade	n/a	147.2	238.9	n/a	217.9	236.6	2.34	125.0
41.857	0.18	fixation	n/a	226.8	230.8	3418.0	n/a	n/a	n/a	n/a
42.039	0.028	saccade	n/a	231.1	230.8	n/a	321.9	233.6	3.05	144.0
42.069	0.202	fixation	n/a	330.4	226.8	3425.0	n/a	n/a	n/a	n/a
42.273	0.022	saccade	n/a	333.2	231.5	n/a	381.8	236.7	1.65	97.0
42.297	0.254	fixation	n/a	389.3	241.9	3458.0	n/a	n/a	n/a	n/a
42.553	0.018	saccade	n/a	392.1	245.2	n/a	419.5	241.8	0.94	66.0
42.573	0.08	fixation	n/a	422.3	241.2	3422.0	n/a	n/a	n/a	n/a
42.655	0.042	saccade	n/a	422.8	243.1	n/a	252.0	238.8	5.78	248.0
42.699	0.148	fixation	n/a	257.3	237.7	3461.0	n/a	n/a	n/a	n/a
42.849	0.208	saccade	n/a	261.5	256.5	n/a	185.9	213.2	2.93	980.0
42.893	0.11	blink	n/a	n/a	n/a	n/a	n/a	n/a	n/a	n/a
42.984	0.0	trigger_11	11	n/a	n/a	n/a	n/a	n/a	n/a	n/a
43.044	0.0	trigger_12	12	n/a	n/a	n/a	n/a	n/a	n/a	n/a
43.059	0.122	fixation	n/a	180.2	191.4	3669.0	n/a	n/a	n/a	n/a
43.183	0.024	saccade	n/a	173.5	185.5	n/a	128.3	175.5	1.53	118.0
43.209	0.27	fixation	n/a	136.5	179.9	3712.0	n/a	n/a	n/a	n/a
43.481	0.014	saccade	n/a	139.2	177.5	n/a	161.3	176.3	0.73	62.0
43.497	0.14	fixation	n/a	167.2	173.5	3574.0	n/a	n/a	n/a	n/a
43.639	0.022	saccade	n/a	170.0	168.9	n/a	220.5	165.1	1.68	104.0
43.663	0.252	fixation	n/a	237.6	170.2	3559.0	n/a	n/a	n/a	n/a
43.917	0.018	saccade	n/a	245.7	174.2	n/a	274.7	168.9	0.99	71.0
43.937	0.492	fixation	n/a	307.5	174.2	3459.0	n/a	n/a	n/a	n/a
44.431	0.03	saccade	n/a	322.1	174.5	n/a	418.7	186.9	3.3	135.0
44.463	0.436	fixation	n/a	435.9	173.2	3348.0	n/a	n/a	n/a	n/a
44.901	0.018	saccade	n/a	445.0	169.4	n/a	476.5	163.8	1.09	78.0
44.921	0.192	fixation	n/a	485.9	168.9	3297.0	n/a	n/a	n/a	n/a
45.115	0.026	saccade	n/a	490.8	171.7	n/a	553.4	174.8	2.14	99.0
45.143	0.226	fixation	n/a	553.0	188.5	3267.0	n/a	n/a	n/a	n/a
45.371	0.064	saccade	n/a	553.2	191.7	n/a	127.9	219.4	14.18	338.0
45.437	0.22	fixation	n/a	127.2	228.5	3387.0	n/a	n/a	n/a	n/a
45.659	0.032	saccade	n/a	131.8	233.3	n/a	245.8	235.8	3.78	154.0
45.693	0.192	fixation	n/a	270.9	232.4	3319.0	n/a	n/a	n/a	n/a
45.887	0.024	saccade	n/a	275.2	233.3	n/a	320.5	247.6	1.6	80.0
45.913	0.154	fixation	n/a	346.1	248.9	3292.0	n/a	n/a	n/a	n/a
46.069	0.03	saccade	n/a	346.6	249.1	n/a	452.0	248.2	3.58	178.0
46.101	0.176	fixation	n/a	474.0	234.0	3253.0	n/a	n/a	n/a	n/a
46.279	0.024	saccade	n/a	476.7	232.8	n/a	534.0	246.9	2.01	108.0
46.305	0.216	fixation	n/a	538.1	245.1	3200.0	n/a	n/a	n/a	n/a
46.523	0.014	saccade	n/a	547.2	247.5	n/a	566.9	249.1	0.67	57.0
46.539	0.102	fixation	n/a	572.5	250.7	3134.0	n/a	n/a	n/a	n/a
46.643	0.066	saccade	n/a	572.4	255.6	n/a	144.6	299.1	14.34	364.0
46.711	0.246	fixation	n/a	147.0	303.4	3218.0	n/a	n/a	n/a	n/a
46.959	0.04	saccade	n/a	149.0	302.4	n/a	259.0	299.6	3.64	142.0
47.001	0.218	fixation	n/a	257.2	297.7	3129.0	n/a	n/a	n/a	n/a
47.221	0.036	saccade	n/a	262.5	305.0	n/a	392.3	326.0	4.44	168.0
47.259	0.226	fixation	n/a	405.8	323.8	3036.0	n/a	n/a	n/a	n/a
47.487	0.028	saccade	n/a	407.8	320.4	n/a	493.9	327.0	2.93	154.0
47.517	0.498	fixation	n/a	526.5	324.5	2935.0	n/a	n/a	n/a	n/a
48.017	0.07	saccade	n/a	551.5	328.3	n/a	180.6	353.1	12.39	308.0
48.089	0.242	fixation	n/a	184.4	353.8	3002.0	n/a	n/a	n/a	n/a
48.333	0.016	saccade	n/a	181.7	353.4	n/a	153.6	358.4	0.94	75.0
48.351	0.354	fixation	n/a	162.1	350.8	3059.0	n/a	n/a	n/a	n/a
48.496	0.0	trigger_13	13	n/a	n/a	n/a	n/a	n/a	n/a	n/a
48.558	0.0	trigger_10	10	n/a	n/a	n/a	n/a	n/a	n/a	n/a
48.707	0.04	saccade	n/a	165.9	347.7	n/a	129.6	198.0	5.2	211.0
48.749	0.316	fixation	n/a	134.7	187.7	3184.0	n/a	n/a	n/a	n/a
49.067	0.028	saccade	n/a	140.3	182.6	n/a	208.6	179.2	2.26	92.0
49.097	0.578	fixation	n/a	224.5	174.2	3139.0	n/a	n/a	n/a	n/a
49.677	0.026	saccade	n/a	231.1	167.0	n/a	308.1	177.5	2.61	123.0
49.705	0.312	fixation	n/a	327.5	173.4	3042.0	n/a	n/a	n/a	n/a
50.019	0.026	saccade	n/a	331.6	168.9	n/a	397.8	190.0	2.36	118.0
50.047	0.25	fixation	n/a	409.5	189.0	2994.0	n/a	n/a	n/a	n/a
50.299	0.024	saccade	n/a	418.8	186.0	n/a	482.9	183.5	2.19	104.0
50.325	0.178	fixation	n/a	495.5	185.8	3008.0	n/a	n/a	n/a	n/a
50.505	0.02	saccade	n/a	501.3	198.0	n/a	544.5	187.6	1.51	97.0
50.527	0.208	fixation	n/a	547.6	190.1	3035.0	n/a	n/a	n/a	n/a
50.737	0.022	saccade	n/a	552.9	191.1	n/a	604.5	196.5	1.76	109.0
50.761	0.182	fixation	n/a	606.6	199.0	3060.0	n/a	n/a	n/a	n/a
50.945	0.074	saccade	n/a	608.4	190.2	n/a	152.6	235.8	15.27	341.0
51.021	0.296	fixation	n/a	156.5	238.1	3262.0	n/a	n/a	n/a	n/a
51.319	0.026	saccade	n/a	154.8	238.3	n/a	219.0	237.9	2.13	90.0
51.347	0.298	fixation	n/a	226.9	237.1	3215.0	n/a	n/a	n/a	n/a
51.647	0.024	saccade	n/a	230.9	242.0	n/a	277.1	244.6	1.55	78.0
51.673	0.352	fixation	n/a	293.2	245.1	3272.0	n/a	n/a	n/a	n/a
51.808	0.0	trigger_11	11	n/a	n/a	n/a	n/a	n/a	n/a	n/a
51.866	0.0	trigger_10	10	n/a	n/a	n/a	n/a	n/a	n/a	n/a
52.027	0.036	saccade	n/a	297.5	246.3	n/a	166.0	189.6	4.79	238.0
52.065	0.098	fixation	n/a	158.7	183.6	3345.0	n/a	n/a	n/a	n/a
52.165	0.016	saccade	n/a	157.4	182.0	n/a	130.2	171.8	0.96	77.0
52.183	0.188	fixation	n/a	134.9	170.1	3370.0	n/a	n/a	n/a	n/a
52.373	0.024	saccade	n/a	137.5	169.9	n/a	198.6	172.2	2.02	113.0
52.399	0.196	fixation	n/a	202.5	166.3	3326.0	n/a	n/a	n/a	n/a
52.597	0.026	saccade	n/a	204.7	167.0	n/a	294.6	172.6	3.01	150.0
52.625	0.246	fixation	n/a	303.8	173.4	3264.0	n/a	n/a	n/a	n/a
52.873	0.028	saccade	n/a	305.5	175.8	n/a	393.1	174.6	2.96	159.0
52.903	0.22	fixation	n/a	397.8	174.5	3177.0	n/a	n/a	n/a	n/a
53.125	0.036	saccade	n/a	397.3	172.2	n/a	492.2	163.1	3.24	114.0
53.163	0.206	fixation	n/a	505.2	171.9	3117.0	n/a	n/a	n/a	n/a
53.371	0.024	saccade	n/a	510.5	172.8	n/a	559.1	184.9	1.7	92.0
53.397	0.216	fixation	n/a	568.8	184.4	3076.0	n/a	n/a	n/a	n/a
53.615	0.064	saccade	n/a	571.6	186.7	n/a	174.5	230.5	13.37	329.0
53.681	0.41	fixation	n/a	167.4	233.8	3164.0	n/a	n/a	n/a	n/a
54.093	0.028	saccade	n/a	168.6	230.9	n/a	254.3	241.8	2.87	135.0
54.123	0.184	fixation	n/a	267.0	240.6	3177.0	n/a	n/a	n/a	n/a
54.309	0.174	saccade	n/a	268.5	232.8	n/a	306.1	184.2	2.09	841.0
54.357	0.076	blink	n/a	n/a	n/a	n/a	n/a	n/a	n/a	n/a
54.485	0.392	fixation	n/a	330.6	161.5	3224.0	n/a	n/a	n/a	n/a
54.879	0.03	saccade	n/a	343.4	168.7	n/a	425.6	185.4	2.85	120.0
54.911	0.318	fixation	n/a	443.2	186.2	3131.0	n/a	n/a	n/a	n/a
55.231	0.048	saccade	n/a	440.0	212.6	n/a	469.2	503.3	9.87	358.0
55.281	0.364	fixation	n/a	476.0	507.2	3200.0	n/a	n/a	n/a	n/a
55.647	0.14	saccade	n/a	473.8	513.1	n/a	496.1	210.6	10.25	907.0
55.717	0.03	blink	n/a	n/a	n/a	n/a	n/a	n/a	n/a	n/a
55.789	0.302	fixation	n/a	504.1	179.4	2900.0	n/a	n/a	n/a	n/a
56.064	0.0	trigger_11	11	n/a	n/a	n/a	n/a	n/a	n/a	n/a
56.093	0.014	saccade	n/a	510.8	186.5	n/a	509.4	204.3	0.62	51.0
56.109	0.166	fixation	n/a	511.7	192.5	2892.0	n/a	n/a	n/a	n/a
56.126	0.0	trigger_10	10	n/a	n/a	n/a	n/a	n/a	n/a	n/a
56.277	0.066	saccade	n/a	509.2	195.1	n/a	152.4	169.9	11.96	333.0
56.345	0.406	fixation	n/a	150.8	167.9	3109.0	n/a	n/a	n/a	n/a
56.753	0.022	saccade	n/a	145.8	165.6	n/a	207.2	166.5	2.03	135.0
56.777	0.23	fixation	n/a	219.7	171.1	3154.0	n/a	n/a	n/a	n/a
57.009	0.028	saccade	n/a	224.9	177.0	n/a	293.9	171.8	2.33	117.0
57.039	0.484	fixation	n/a	329.5	177.1	3150.0	n/a	n/a	n/a	n/a
57.525	0.026	saccade	n/a	351.9	181.6	n/a	423.6	188.5	2.45	118.0
57.553	0.206	fixation	n/a	449.5	180.6	3169.0	n/a	n/a	n/a	n/a
57.761	0.026	saccade	n/a	449.6	178.3	n/a	517.6	173.3	2.32	134.0
57.789	0.178	fixation	n/a	526.0	181.9	3248.0	n/a	n/a	n/a	n/a
57.969	0.064	saccade	n/a	524.0	177.1	n/a	142.6	230.0	12.86	380.0
58.035	0.252	fixation	n/a	142.9	225.7	3448.0	n/a	n/a	n/a	n/a
58.289	0.028	saccade	n/a	137.9	225.8	n/a	227.5	226.7	2.96	162.0
58.319	0.176	fixation	n/a	242.3	223.3	3409.0	n/a	n/a	n/a	n/a
58.497	0.028	saccade	n/a	246.8	222.8	n/a	322.8	230.7	2.57	147.0
58.527	0.29	fixation	n/a	323.5	232.0	3420.0	n/a	n/a	n/a	n/a
58.819	0.03	saccade	n/a	324.3	237.7	n/a	414.5	248.3	3.07	148.0
58.851	0.248	fixation	n/a	418.5	247.2	3466.0	n/a	n/a	n/a	n/a
59.101	0.028	saccade	n/a	419.1	245.7	n/a	502.8	225.0	2.94	147.0
59.131	0.214	fixation	n/a	508.9	225.3	3398.0	n/a	n/a	n/a	n/a
59.347	0.022	saccade	n/a	511.4	229.4	n/a	554.4	239.3	1.5	90.0
59.371	0.15	fixation	n/a	563.5	243.5	3351.0	n/a	n/a	n/a	n/a
59.523	0.066	saccade	n/a	564.6	245.9	n/a	140.5	274.7	14.15	390.0
59.591	0.24	fixation	n/a	150.2	281.5	3567.0	n/a	n/a	n/a	n/a
59.833	0.026	saccade	n/a	152.0	283.5	n/a	228.6	282.6	2.53	139.0
59.861	0.278	fixation	n/a	243.1	285.2	3568.0	n/a	n/a	n/a	n/a
60.141	0.034	saccade	n/a	244.7	280.4	n/a	179.5	199.6	3.5	138.0
60.177	0.126	fixation	n/a	185.5	202.9	3554.0	n/a	n/a	n/a	n/a
60.305	0.018	saccade	n/a	183.3	200.5	n/a	179.0	171.8	0.99	72.0
60.325	0.244	fixation	n/a	181.7	174.5	3562.0	n/a	n/a	n/a	n/a
60.571	0.062	saccade	n/a	181.2	173.0	n/a	339.2	172.4	5.28	122.0
60.635	0.252	fixation	n/a	338.5	171.3	3574.0	n/a	n/a	n/a	n/a
60.889	0.024	saccade	n/a	339.9	171.2	n/a	402.8	170.2	2.13	121.0
60.915	0.174	fixation	n/a	431.4	174.7	3484.0	n/a	n/a	n/a	n/a
61.091	0.026	saccade	n/a	442.9	179.0	n/a	500.9	168.0	2.01	89.0
61.119	0.254	fixation	n/a	515.8	171.4	3341.0	n/a	n/a	n/a	n/a
61.375	0.062	saccade	n/a	517.7	182.4	n/a	164.7	214.9	11.86	324.0
61.439	0.22	fixation	n/a	165.4	217.4	3320.0	n/a	n/a	n/a	n/a
61.661	0.05	saccade	n/a	168.1	222.9	n/a	341.8	244.4	5.85	236.0
61.713	0.246	fixation	n/a	346.7	245.3	3230.0	n/a	n/a	n/a	n/a
61.961	0.028	saccade	n/a	349.9	246.9	n/a	425.7	261.1	2.61	143.0
61.991	0.184	fixation	n/a	426.3	256.2	3261.0	n/a	n/a	n/a	n/a
62.177	0.026	saccade	n/a	433.1	252.6	n/a	504.0	243.8	2.43	128.0
62.205	0.176	fixation	n/a	512.7	244.2	3251.0	n/a	n/a	n/a	n/a
62.383	0.024	saccade	n/a	516.1	241.9	n/a	571.7	241.4	1.88	115.0
62.409	0.178	fixation	n/a	580.9	248.6	3248.0	n/a	n/a	n/a	n/a
62.589	0.074	saccade	n/a	580.6	244.8	n/a	146.0	292.3	14.58	289.0
62.665	0.29	fixation	n/a	157.8	291.5	3446.0	n/a	n/a	n/a	n/a
62.957	0.03	saccade	n/a	161.2	289.0	n/a	244.8	282.0	2.77	108.0
62.989	0.25	fixation	n/a	253.6	280.9	3383.0	n/a	n/a	n/a	n/a
63.241	0.026	saccade	n/a	256.3	277.2	n/a	321.7	278.3	2.19	115.0
63.269	0.414	fixation	n/a	334.0	291.6	3347.0	n/a	n/a	n/a	n/a
63.685	0.026	saccade	n/a	333.2	290.1	n/a	295.5	243.7	2.03	107.0
63.713	0.354	fixation	n/a	300.3	240.9	3369.0	n/a	n/a	n/a	n/a
63.832	0.0	trigger_11	11	n/a	n/a	n/a	n/a	n/a	n/a	n/a
63.896	0.0	trigger_10	10	n/a	n/a	n/a	n/a	n/a	n/a	n/a
64.069	0.036	saccade	n/a	298.8	240.5	n/a	153.5	200.8	5.02	227.0
64.107	0.322	fixation	n/a	125.5	194.3	3459.0	n/a	n/a	n/a	n/a
64.431	0.026	saccade	n/a	127.0	185.6	n/a	196.3	184.0	2.29	117.0
64.459	0.222	fixation	n/a	216.6	183.0	3339.0	n/a	n/a	n/a	n/a
64.683	0.026	saccade	n/a	221.5	181.4	n/a	299.6	181.5	2.62	127.0
64.711	0.2	fixation	n/a	309.9	180.8	3252.0	n/a	n/a	n/a	n/a
64.913	0.028	saccade	n/a	310.1	176.0	n/a	400.3	178.6	3.05	181.0
64.943	0.17	fixation	n/a	416.9	182.2	3201.0	n/a	n/a	n/a	n/a
65.115	0.014	saccade	n/a	423.9	174.2	n/a	449.1	169.8	0.87	73.0
65.131	0.166	fixation	n/a	462.2	185.4	3188.0	n/a	n/a	n/a	n/a
65.299	0.026	saccade	n/a	466.3	184.8	n/a	523.2	176.5	1.96	86.0
65.327	0.21	fixation	n/a	545.9	181.9	3129.0	n/a	n/a	n/a	n/a
65.539	0.072	saccade	n/a	549.3	179.4	n/a	140.9	230.4	13.75	361.0
65.613	0.526	fixation	n/a	126.1	227.0	3161.0	n/a	n/a	n/a	n/a
65.914	0.0	trigger_11	11	n/a	n/a	n/a	n/a	n/a	n/a	n/a
65.982	0.0	trigger_10	10	n/a	n/a	n/a	n/a	n/a	n/a	n/a
66.141	0.02	saccade	n/a	121.5	224.5	n/a	102.6	186.5	1.42	100.0
66.163	0.272	fixation	n/a	115.3	184.1	3164.0	n/a	n/a	n/a	n/a
66.437	0.188	saccade	n/a	128.7	204.0	n/a	120.1	163.7	1.39	980.0
66.481	0.09	blink	n/a	n/a	n/a	n/a	n/a	n/a	n/a	n/a
66.627	0.782	fixation	n/a	125.4	159.0	3260.0	n/a	n/a	n/a	n/a
67.411	0.022	saccade	n/a	135.4	171.5	n/a	177.6	167.7	1.4	80.0
67.435	0.2	fixation	n/a	184.0	172.6	3410.0	n/a	n/a	n/a	n/a
67.637	0.062	saccade	n/a	185.9	175.4	n/a	488.7	179.6	10.16	297.0
67.701	0.14	fixation	n/a	487.0	182.7	3376.0	n/a	n/a	n/a	n/a
67.843	0.024	saccade	n/a	490.5	180.5	n/a	569.0	177.1	2.67	164.0
67.869	0.084	fixation	n/a	586.1	182.1	3284.0	n/a	n/a	n/a	n/a
67.955	0.016	saccade	n/a	594.9	187.6	n/a	621.3	185.9	0.89	67.0
67.973	0.176	fixation	n/a	621.1	193.9	3137.0	n/a	n/a	n/a	n/a
68.151	0.072	saccade	n/a	624.8	204.2	n/a	150.0	234.5	15.86	352.0
68.225	0.256	fixation	n/a	153.0	234.1	3244.0	n/a	n/a	n/a	n/a
68.483	0.028	saccade	n/a	153.8	235.0	n/a	225.8	240.7	2.39	152.0
68.513	0.212	fixation	n/a	228.3	238.4	3241.0	n/a	n/a	n/a	n/a
68.727	0.028	saccade	n/a	230.8	245.4	n/a	324.2	249.9	3.13	152.0
68.757	0.202	fixation	n/a	359.9	253.6	3268.0	n/a	n/a	n/a	n/a
68.961	0.032	saccade	n/a	364.8	250.1	n/a	463.2	244.3	3.35	169.0
68.995	0.168	fixation	n/a	465.8	250.2	3184.0	n/a	n/a	n/a	n/a
69.165	0.026	saccade	n/a	476.7	252.6	n/a	532.8	252.6	1.9	84.0
69.193	0.196	fixation	n/a	538.9	250.8	3110.0	n/a	n/a	n/a	n/a
69.391	0.066	saccade	n/a	537.4	250.4	n/a	159.3	289.9	12.72	289.0
69.459	0.238	fixation	n/a	145.4	283.0	3173.0	n/a	n/a	n/a	n/a
69.699	0.028	saccade	n/a	151.5	284.5	n/a	248.7	296.9	3.25	147.0
69.729	0.288	fixation	n/a	296.7	292.4	3118.0	n/a	n/a	n/a	n/a
70.019	0.026	saccade	n/a	297.6	292.1	n/a	219.6	291.9	2.6	166.0
70.047	0.202	fixation	n/a	227.6	288.7	3176.0	n/a	n/a	n/a	n/a
70.251	0.04	saccade	n/a	227.9	289.6	n/a	426.0	310.4	6.69	271.0
70.293	0.244	fixation	n/a	433.8	305.8	3125.0	n/a	n/a	n/a	n/a
70.539	0.03	saccade	n/a	439.8	308.3	n/a	543.9	311.8	3.52	175.0
70.571	0.232	fixation	n/a	559.2	305.5	3056.0	n/a	n/a	n/a	n/a
70.805	0.066	saccade	n/a	559.5	306.3	n/a	178.2	335.2	12.75	358.0
70.873	0.176	fixation	n/a	181.0	336.6	3238.0	n/a	n/a	n/a	n/a
71.051	0.024	saccade	n/a	185.7	342.5	n/a	245.7	344.4	1.98	113.0
71.077	0.174	fixation	n/a	264.5	346.9	3277.0	n/a	n/a	n/a	n/a
71.253	0.028	saccade	n/a	266.8	347.6	n/a	346.3	349.3	2.66	127.0
71.283	0.36	fixation	n/a	419.0	355.8	3313.0	n/a	n/a	n/a	n/a
71.426	0.0	trigger_11	11	n/a	n/a	n/a	n/a	n/a	n/a	n/a
71.486	0.0	trigger_12	12	n/a	n/a	n/a	n/a	n/a	n/a	n/a
71.645	0.05	saccade	n/a	418.7	351.9	n/a	212.6	217.1	8.29	281.0
71.697	0.132	fixation	n/a	175.2	188.4	3279.0	n/a	n/a	n/a	n/a
71.831	0.022	saccade	n/a	171.0	182.9	n/a	127.2	164.5	1.57	88.0
71.855	0.242	fixation	n/a	125.7	168.2	3168.0	n/a	n/a	n/a	n/a
72.099	0.02	saccade	n/a	131.6	167.4	n/a	174.5	170.4	1.41	98.0
72.121	0.248	fixation	n/a	194.8	175.5	3137.0	n/a	n/a	n/a	n/a
72.371	0.028	saccade	n/a	197.3	173.3	n/a	268.3	169.3	2.37	118.0
72.401	0.234	fixation	n/a	271.8	166.9	3128.0	n/a	n/a	n/a	n/a
72.637	0.034	saccade	n/a	276.3	169.5	n/a	397.6	192.1	4.18	221.0
72.673	0.252	fixation	n/a	411.7	184.8	3132.0	n/a	n/a	n/a	n/a
72.927	0.018	saccade	n/a	420.3	177.4	n/a	452.0	182.3	1.09	75.0
72.947	0.054	fixation	n/a	458.0	185.4	3148.0	n/a	n/a	n/a	n/a
73.003	0.022	saccade	n/a	457.6	182.2	n/a	503.5	166.8	1.65	97.0
73.027	0.314	fixation	n/a	509.1	171.6	3118.0	n/a	n/a	n/a	n/a
73.343	0.054	saccade	n/a	524.5	172.3	n/a	180.3	224.8	11.65	374.0
73.399	0.288	fixation	n/a	178.6	229.1	3234.0	n/a	n/a	n/a	n/a
73.689	0.022	saccade	n/a	180.9	232.1	n/a	223.9	228.5	1.43	88.0
73.713	0.242	fixation	n/a	237.0	229.6	3214.0	n/a	n/a	n/a	n/a
73.957	0.028	saccade	n/a	240.8	232.4	n/a	318.0	239.4	2.61	120.0
73.987	0.288	fixation	n/a	329.4	244.7	3228.0	n/a	n/a	n/a	n/a
74.277	0.026	saccade	n/a	335.5	249.7	n/a	384.7	253.6	1.67	74.0
74.305	0.23	fixation	n/a	420.9	260.9	3188.0	n/a	n/a	n/a	n/a
74.537	0.024	saccade	n/a	431.5	269.4	n/a	483.4	253.6	1.84	97.0
74.563	0.114	fixation	n/a	492.1	254.1	3139.0	n/a	n/a	n/a	n/a
74.679	0.022	saccade	n/a	492.7	271.8	n/a	492.4	245.5	0.91	88.0
74.703	0.084	fixation	n/a	494.6	250.4	3121.0	n/a	n/a	n/a	n/a
74.789	0.046	saccade	n/a	497.0	258.3	n/a	287.1	239.9	7.12	292.0
74.837	0.216	fixation	n/a	279.8	242.5	3185.0	n/a	n/a	n/a	n/a
75.055	0.02	saccade	n/a	282.6	234.9	n/a	274.3	187.1	1.66	108.0
75.077	0.34	fixation	n/a	282.4	182.8	3145.0	n/a	n/a	n/a	n/a
75.419	0.032	saccade	n/a	282.4	181.4	n/a	183.4	207.5	3.41	171.0
75.453	0.24	fixation	n/a	191.4	210.6	3310.0	n/a	n/a	n/a	n/a
75.49	0.0	trigger_13	13	n/a	n/a	n/a	n/a	n/a	n/a	n/a
75.546	0.0	trigger_10	10	n/a	n/a	n/a	n/a	n/a	n/a	n/a
75.695	0.026	saccade	n/a	192.0	208.3	n/a	132.4	177.2	2.23	139.0
75.723	0.208	fixation	n/a	137.0	177.0	3381.0	n/a	n/a	n/a	n/a
75.933	0.168	saccade	n/a	146.3	195.3	n/a	222.1	182.2	2.55	966.0
75.977	0.064	blink	n/a	n/a	n/a	n/a	n/a	n/a	n/a	n/a
76.103	0.168	fixation	n/a	221.5	170.7	3309.0	n/a	n/a	n/a	n/a
76.273	0.02	saccade	n/a	220.7	167.6	n/a	180.3	164.6	1.35	84.0
76.295	0.032	fixation	n/a	174.1	164.4	3223.0	n/a	n/a	n/a	n/a
76.329	0.018	saccade	n/a	169.8	163.4	n/a	134.6	171.2	1.19	82.0
76.349	0.276	fixation	n/a	140.7	164.8	3117.0	n/a	n/a	n/a	n/a
76.627	0.034	saccade	n/a	145.4	163.2	n/a	257.4	177.4	3.75	132.0
76.663	0.356	fixation	n/a	272.5	182.2	3226.0	n/a	n/a	n/a	n/a
77.021	0.026	saccade	n/a	280.1	170.5	n/a	349.6	169.7	2.35	118.0
77.049	0.212	fixation	n/a	357.6	170.2	3298.0	n/a	n/a	n/a	n/a
77.263	0.026	saccade	n/a	356.0	172.1	n/a	423.4	163.2	2.32	137.0
77.291	0.212	fixation	n/a	435.1	160.1	3321.0	n/a	n/a	n/a	n/a
77.505	0.026	saccade	n/a	431.1	162.1	n/a	502.5	157.2	2.45	144.0
77.533	0.222	fixation	n/a	525.0	153.6	3344.0	n/a	n/a	n/a	n/a
77.757	0.066	saccade	n/a	524.6	148.0	n/a	134.4	198.8	13.23	382.0
77.825	0.2	fixation	n/a	144.9	197.3	3549.0	n/a	n/a	n/a	n/a
78.027	0.014	saccade	n/a	147.2	191.7	n/a	125.0	187.7	0.75	65.0
78.043	0.07	fixation	n/a	137.5	188.3	3621.0	n/a	n/a	n/a	n/a
78.115	0.028	saccade	n/a	143.0	186.4	n/a	236.2	191.1	3.12	203.0
78.145	0.04	fixation	n/a	252.8	198.0	3710.0	n/a	n/a	n/a	n/a
78.187	0.03	saccade	n/a	255.8	198.8	n/a	261.4	202.5	0.23	97.0
78.219	0.108	fixation	n/a	261.1	198.0	3807.0	n/a	n/a	n/a	n/a
78.329	0.026	saccade	n/a	258.4	194.8	n/a	327.4	197.2	2.35	122.0
78.357	0.242	fixation	n/a	329.8	198.4	3928.0	n/a	n/a	n/a	n/a
78.601	0.028	saccade	n/a	330.6	199.7	n/a	417.8	199.4	2.99	162.0
78.631	0.184	fixation	n/a	412.0	191.2	3964.0	n/a	n/a	n/a	n/a
78.817	0.032	saccade	n/a	411.4	192.5	n/a	524.8	166.1	4.02	207.0
78.851	0.28	fixation	n/a	530.3	150.9	3971.0	n/a	n/a	n/a	n/a
79.133	0.022	saccade	n/a	528.2	140.3	n/a	575.5	131.5	1.65	109.0
79.157	0.148	fixation	n/a	574.8	121.3	3982.0	n/a	n/a	n/a	n/a
79.307	0.03	saccade	n/a	575.5	119.2	n/a	501.3	145.2	2.71	181.0
79.339	0.288	fixation	n/a	511.8	133.4	4096.0	n/a	n/a	n/a	n/a
79.629	0.074	saccade	n/a	516.4	129.1	n/a	113.4	214.6	13.93	405.0
79.705	0.252	fixation	n/a	118.8	214.5	4307.0	n/a	n/a	n/a	n/a
79.959	0.026	saccade	n/a	116.9	213.8	n/a	195.2	225.6	2.65	142.0
79.987	0.222	fixation	n/a	192.2	222.1	4277.0	n/a	n/a	n/a	n/a
80.211	0.026	saccade	n/a	194.5	224.2	n/a	255.3	227.6	2.06	96.0
80.239	0.228	fixation	n/a	266.2	232.1	4326.0	n/a	n/a	n/a	n/a
80.469	0.03	saccade	n/a	271.0	231.8	n/a	368.3	241.1	3.35	151.0
80.501	0.564	fixation	n/a	405.1	245.9	4241.0	n/a	n/a	n/a	n/a
81.067	0.03	saccade	n/a	427.0	258.6	n/a	497.7	246.1	2.49	95.0
81.099	0.146	fixation	n/a	507.6	241.9	4128.0	n/a	n/a	n/a	n/a
81.247	0.02	saccade	n/a	515.2	236.9	n/a	550.1	237.1	1.21	67.0
81.269	0.172	fixation	n/a	562.4	233.1	4192.0	n/a	n/a	n/a	n/a
81.443	0.07	saccade	n/a	561.5	233.2	n/a	103.8	305.5	15.61	393.0
81.515	0.19	fixation	n/a	107.7	304.9	4292.0	n/a	n/a	n/a	n/a
81.707	0.026	saccade	n/a	105.2	307.6	n/a	185.1	309.0	2.65	150.0
81.735	0.248	fixation	n/a	186.2	308.0	4264.0	n/a	n/a	n/a	n/a
81.985	0.03	saccade	n/a	171.8	311.4	n/a	280.3	305.5	3.66	182.0
82.017	0.206	fixation	n/a	297.0	307.8	4156.0	n/a	n/a	n/a	n/a
82.225	0.03	saccade	n/a	297.0	309.2	n/a	398.4	327.2	3.52	192.0
82.257	0.242	fixation	n/a	408.4	324.6	4030.0	n/a	n/a	n/a	n/a
82.501	0.028	saccade	n/a	412.0	333.6	n/a	506.4	338.2	3.25	168.0
82.531	0.182	fixation	n/a	523.0	339.0	3959.0	n/a	n/a	n/a	n/a
82.715	0.062	saccade	n/a	521.2	342.8	n/a	157.4	379.8	12.31	362.0
82.779	0.322	fixation	n/a	158.1	380.0	4047.0	n/a	n/a	n/a	n/a
82.898	0.0	trigger_11	11	n/a	n/a	n/a	n/a	n/a	n/a	n/a
82.964	0.0	trigger_10	10	n/a	n/a	n/a	n/a	n/a	n/a	n/a
83.103	0.054	saccade	n/a	165.1	382.9	n/a	136.2	129.1	8.69	287.0
83.159	0.096	fixation	n/a	143.4	134.4	4049.0	n/a	n/a	n/a	n/a
83.257	0.048	saccade	n/a	149.3	137.5	n/a	108.7	143.4	1.36	82.0
83.307	0.198	fixation	n/a	109.3	144.3	4046.0	n/a	n/a	n/a	n/a
83.507	0.046	saccade	n/a	87.8	141.3	n/a	177.4	144.6	2.96	107.0
83.555	0.384	fixation	n/a	199.5	147.4	4061.0	n/a	n/a	n/a	n/a
83.941	0.02	saccade	n/a	193.0	150.2	n/a	152.5	145.4	1.36	92.0
83.963	0.19	fixation	n/a	157.1	143.7	4165.0	n/a	n/a	n/a	n/a
84.155	0.032	saccade	n/a	154.0	147.5	n/a	275.3	162.9	4.1	196.0
84.189	0.116	fixation	n/a	282.0	164.9	4124.0	n/a	n/a	n/a	n/a
84.307	0.026	saccade	n/a	283.9	166.5	n/a	286.6	169.0	0.13	93.0
84.335	0.058	fixation	n/a	281.7	165.2	4108.0	n/a	n/a	n/a	n/a
84.395	0.03	saccade	n/a	286.0	165.7	n/a	373.7	172.1	3.0	163.0
84.427	0.244	fixation	n/a	372.5	176.2	4062.0	n/a	n/a	n/a	n/a
84.673	0.024	saccade	n/a	375.1	179.8	n/a	438.6	175.1	2.18	123.0
84.699	0.36	fixation	n/a	460.1	165.7	3954.0	n/a	n/a	n/a	n/a
85.061	0.024	saccade	n/a	463.4	162.5	n/a	519.2	156.2	1.93	113.0
85.087	0.322	fixation	n/a	533.8	142.0	3976.0	n/a	n/a	n/a	n/a
85.411	0.07	saccade	n/a	535.5	143.1	n/a	116.8	216.0	14.27	363.0
85.483	0.296	fixation	n/a	119.0	212.6	3892.0	n/a	n/a	n/a	n/a
85.781	0.034	saccade	n/a	117.4	214.4	n/a	172.8	153.3	2.78	104.0
85.817	0.046	fixation	n/a	168.1	137.2	3625.0	n/a	n/a	n/a	n/a
85.865	0.118	saccade	n/a	163.6	135.2	n/a	200.2	147.4	1.29	124.0
85.985	0.034	fixation	n/a	200.5	148.1	3640.0	n/a	n/a	n/a	n/a
86.021	0.028	saccade	n/a	200.0	145.3	n/a	310.1	155.0	3.74	240.0
86.051	0.432	fixation	n/a	343.0	163.9	3738.0	n/a	n/a	n/a	n/a
86.276	0.0	trigger_11	11	n/a	n/a	n/a	n/a	n/a	n/a	n/a
86.332	0.0	trigger_10	10	n/a	n/a	n/a	n/a	n/a	n/a	n/a
86.485	0.052	saccade	n/a	345.9	163.6	n/a	94.3	152.2	8.42	311.0
86.539	0.194	fixation	n/a	103.7	166.2	3818.0	n/a	n/a	n/a	n/a
86.735	0.188	saccade	n/a	117.3	169.5	n/a	204.5	186.4	2.95	1387.0
86.777	0.09	blink	n/a	n/a	n/a	n/a	n/a	n/a	n/a	n/a
86.925	0.242	fixation	n/a	203.4	167.7	3675.0	n/a	n/a	n/a	n/a
87.169	0.022	saccade	n/a	210.0	159.8	n/a	261.9	167.3	1.77	100.0
87.193	0.204	fixation	n/a	269.3	171.0	3527.0	n/a	n/a	n/a	n/a
87.399	0.028	saccade	n/a	266.1	178.3	n/a	361.7	179.0	3.25	160.0
87.429	0.208	fixation	n/a	378.4	181.1	3447.0	n/a	n/a	n/a	n/a
87.639	0.032	saccade	n/a	380.3	182.7	n/a	465.5	171.2	2.95	132.0
87.673	0.206	fixation	n/a	458.4	172.1	3463.0	n/a	n/a	n/a	n/a
87.881	0.026	saccade	n/a	462.2	172.2	n/a	525.2	166.5	2.17	106.0
87.909	0.196	fixation	n/a	525.9	166.5	3509.0	n/a	n/a	n/a	n/a
88.107	0.018	saccade	n/a	531.2	167.0	n/a	563.0	172.7	1.11	78.0
88.127	0.156	fixation	n/a	571.4	169.3	3568.0	n/a	n/a	n/a	n/a
88.285	0.068	saccade	n/a	573.4	174.1	n/a	126.3	218.7	15.08	383.0
88.355	0.252	fixation	n/a	137.2	219.7	3593.0	n/a	n/a	n/a	n/a
88.609	0.014	saccade	n/a	139.1	219.0	n/a	156.0	210.2	0.63	50.0
88.625	0.166	fixation	n/a	166.7	208.5	3569.0	n/a	n/a	n/a	n/a
88.793	0.026	saccade	n/a	164.8	211.9	n/a	234.0	213.8	2.32	134.0
88.821	0.198	fixation	n/a	250.3	212.7	3601.0	n/a	n/a	n/a	n/a
89.021	0.024	saccade	n/a	253.1	214.4	n/a	317.9	222.7	2.22	132.0
89.047	0.21	fixation	n/a	335.0	226.1	3621.0	n/a	n/a	n/a	n/a
89.259	0.022	saccade	n/a	339.9	230.5	n/a	395.0	235.0	1.88	113.0
89.283	0.24	fixation	n/a	411.0	237.6	3600.0	n/a	n/a	n/a	n/a
89.525	0.024	saccade	n/a	420.6	235.9	n/a	477.1	226.8	1.96	104.0
89.551	0.512	fixation	n/a	490.5	232.3	3532.0	n/a	n/a	n/a	n/a
90.065	0.026	saccade	n/a	499.3	233.0	n/a	436.9	174.2	2.97	168.0
90.093	0.446	fixation	n/a	430.3	176.5	3499.0	n/a	n/a	n/a	n/a
90.34	0.0	trigger_11	11	n/a	n/a	n/a	n/a	n/a	n/a	n/a
90.402	0.0	trigger_10	10	n/a	n/a	n/a	n/a	n/a	n/a	n/a
90.541	0.052	saccade	n/a	434.5	178.9	n/a	144.3	155.7	9.82	336.0
90.595	0.092	fixation	n/a	145.6	161.1	3524.0	n/a	n/a	n/a	n/a
90.689	0.022	saccade	n/a	148.9	165.0	n/a	102.9	158.3	1.53	102.0
90.713	0.172	fixation	n/a	110.6	159.3	3526.0	n/a	n/a	n/a	n/a
90.887	0.026	saccade	n/a	112.3	159.9	n/a	189.7	158.3	2.57	154.0
90.915	0.22	fixation	n/a	199.8	156.9	3569.0	n/a	n/a	n/a	n/a
91.137	0.014	saccade	n/a	195.5	156.0	n/a	169.4	156.3	0.87	72.0
91.153	0.24	fixation	n/a	177.2	156.6	3602.0	n/a	n/a	n/a	n/a
91.395	0.026	saccade	n/a	175.2	157.8	n/a	235.8	155.4	2.03	120.0
91.423	0.182	fixation	n/a	246.2	156.4	3526.0	n/a	n/a	n/a	n/a
91.607	0.026	saccade	n/a	248.8	158.7	n/a	313.1	168.8	2.21	110.0
91.635	0.184	fixation	n/a	318.4	172.2	3493.0	n/a	n/a	n/a	n/a
91.821	0.024	saccade	n/a	324.6	171.0	n/a	387.3	180.0	2.16	118.0
91.847	0.18	fixation	n/a	390.6	174.9	3515.0	n/a	n/a	n/a	n/a
92.029	0.028	saccade	n/a	396.4	179.7	n/a	459.4	156.3	2.31	99.0
92.059	0.2	fixation	n/a	471.2	163.6	3450.0	n/a	n/a	n/a	n/a
92.261	0.022	saccade	n/a	473.2	168.1	n/a	512.4	172.8	1.35	80.0
92.285	0.254	fixation	n/a	518.3	173.8	3357.0	n/a	n/a	n/a	n/a
92.541	0.014	saccade	n/a	513.7	172.3	n/a	489.8	167.8	0.83	72.0
92.557	0.086	fixation	n/a	499.4	163.3	3323.0	n/a	n/a	n/a	n/a
92.645	0.026	saccade	n/a	506.5	150.8	n/a	582.2	167.9	2.65	160.0
92.673	0.29	fixation	n/a	606.6	165.0	3166.0	n/a	n/a	n/a	n/a
92.965	0.076	saccade	n/a	609.3	174.6	n/a	131.8	212.0	16.02	307.0
93.043	0.264	fixation	n/a	138.6	224.9	3302.0	n/a	n/a	n/a	n/a
93.309	0.024	saccade	n/a	143.8	223.0	n/a	194.7	218.7	1.7	86.0
93.335	0.318	fixation	n/a	203.6	226.8	3282.0	n/a	n/a	n/a	n/a
93.655	0.024	saccade	n/a	205.7	227.5	n/a	265.9	233.1	2.03	123.0
93.681	0.23	fixation	n/a	285.2	235.3	3291.0	n/a	n/a	n/a	n/a
93.913	0.014	saccade	n/a	286.6	241.0	n/a	312.9	246.7	0.91	67.0
93.929	0.282	fixation	n/a	311.9	239.2	3273.0	n/a	n/a	n/a	n/a
94.213	0.018	saccade	n/a	314.7	237.2	n/a	343.8	242.7	1.01	68.0
94.233	0.198	fixation	n/a	355.7	247.8	3288.0	n/a	n/a	n/a	n/a
94.433	0.026	saccade	n/a	361.0	247.7	n/a	434.9	238.6	2.54	146.0
94.461	0.238	fixation	n/a	445.8	246.6	3269.0	n/a	n/a	n/a	n/a
94.701	0.024	saccade	n/a	451.7	248.4	n/a	499.9	241.5	1.67	84.0
94.727	0.258	fixation	n/a	505.2	248.9	3242.0	n/a	n/a	n/a	n/a
94.987	0.016	saccade	n/a	508.8	245.8	n/a	532.0	250.2	0.81	62.0
95.005	0.152	fixation	n/a	542.8	250.5	3228.0	n/a	n/a	n/a	n/a
95.159	0.06	saccade	n/a	542.6	249.7	n/a	153.5	282.9	13.11	352.0
95.221	0.414	fixation	n/a	148.9	287.8	3406.0	n/a	n/a	n/a	n/a
95.637	0.198	saccade	n/a	142.7	295.0	n/a	200.0	235.3	2.78	1008.0
95.695	0.08	blink	n/a	n/a	n/a	n/a	n/a	n/a	n/a	n/a
95.837	0.234	fixation	n/a	199.0	220.8	3490.0	n/a	n/a	n/a	n/a
96.073	0.028	saccade	n/a	196.0	221.9	n/a	285.9	221.2	3.02	180.0
96.103	0.284	fixation	n/a	310.9	224.4	3383.0	n/a	n/a	n/a	n/a
96.389	0.02	saccade	n/a	315.5	223.5	n/a	352.2	234.0	1.3	82.0
96.411	0.868	fixation	n/a	367.3	229.5	3492.0	n/a	n/a	n/a	n/a
97.281	0.048	saccade	n/a	371.0	232.3	n/a	227.5	185.8	5.11	153.0
97.331	0.056	fixation	n/a	224.5	181.4	3674.0	n/a	n/a	n/a	n/a
97.389	0.032	saccade	n/a	226.5	182.7	n/a	134.5	157.4	3.18	196.0
97.423	0.134	fixation	n/a	140.9	155.0	3718.0	n/a	n/a	n/a	n/a
97.559	0.014	saccade	n/a	133.4	158.0	n/a	118.6	149.0	0.57	54.0
97.575	0.16	fixation	n/a	122.5	145.8	3733.0	n/a	n/a	n/a	n/a
97.737	0.026	saccade	n/a	128.4	142.7	n/a	195.7	146.1	2.23	116.0
97.765	0.17	fixation	n/a	206.8	144.0	3756.0	n/a	n/a	n/a	n/a
97.937	0.072	saccade	n/a	211.6	149.3	n/a	467.2	160.1	8.64	182.0
98.011	0.174	fixation	n/a	461.8	164.7	3637.0	n/a	n/a	n/a	n/a
98.187	0.026	saccade	n/a	463.8	169.2	n/a	540.6	172.6	2.63	146.0
98.215	0.304	fixation	n/a	552.4	185.3	3420.0	n/a	n/a	n/a	n/a
98.521	0.016	saccade	n/a	563.0	188.8	n/a	584.0	183.0	0.74	58.0
98.539	0.164	fixation	n/a	585.3	190.7	3301.0	n/a	n/a	n/a	n/a
98.705	0.078	saccade	n/a	588.1	192.6	n/a	134.6	231.1	15.22	312.0
98.785	0.236	fixation	n/a	138.8	227.1	3355.0	n/a	n/a	n/a	n/a
99.023	0.028	saccade	n/a	140.5	229.4	n/a	234.3	232.5	3.12	149.0
99.053	0.174	fixation	n/a	251.9	228.6	3274.0	n/a	n/a	n/a	n/a
99.229	0.038	saccade	n/a	255.3	222.7	n/a	467.6	247.5	7.25	323.0
99.269	0.406	fixation	n/a	495.8	246.2	3272.0	n/a	n/a	n/a	n/a
99.677	0.028	saccade	n/a	498.6	240.9	n/a	449.9	180.3	2.68	156.0
99.707	0.226	fixation	n/a	444.9	167.7	3275.0	n/a	n/a	n/a	n/a
99.935	0.044	saccade	n/a	440.9	165.5	n/a	245.9	161.1	6.6	229.0
99.948	0.0	trigger_11	11	n/a	n/a	n/a	n/a	n/a	n/a	n/a
99.981	0.198	fixation	n/a	233.7	159.0	3371.0	n/a	n/a	n/a	n/a
100.008	0.0	trigger_10	10	n/a	n/a	n/a	n/a	n/a	n/a	n/a
100.181	0.036	saccade	n/a	235.5	154.1	n/a	117.9	160.1	3.91	212.0
100.219	0.346	fixation	n/a	124.2	162.4	3508.0	n/a	n/a	n/a	n/a
100.567	0.024	saccade	n/a	127.5	160.1	n/a	185.7	158.4	1.93	112.0
100.593	0.218	fixation	n/a	220.5	152.5	3466.0	n/a	n/a	n/a	n/a
100.813	0.02	saccade	n/a	224.2	160.3	n/a	266.2	163.5	1.42	82.0
100.835	0.15	fixation	n/a	278.2	162.8	3370.0	n/a	n/a	n/a	n/a
100.987	0.032	saccade	n/a	276.4	161.6	n/a	177.0	159.6	3.33	184.0
101.021	0.198	fixation	n/a	181.2	158.4	3326.0	n/a	n/a	n/a	n/a
101.221	0.044	saccade	n/a	188.4	160.9	n/a	324.8	168.5	4.6	151.0
101.267	0.276	fixation	n/a	326.2	165.7	3308.0	n/a	n/a	n/a	n/a
101.545	0.028	saccade	n/a	327.9	161.2	n/a	401.1	165.3	2.49	126.0
101.575	0.212	fixation	n/a	407.3	172.2	3367.0	n/a	n/a	n/a	n/a
101.789	0.174	saccade	n/a	408.1	186.5	n/a	516.9	231.3	4.03	943.0
101.839	0.088	blink	n/a	n/a	n/a	n/a	n/a	n/a	n/a	n/a
101.965	0.31	fixation	n/a	525.7	180.7	3263.0	n/a	n/a	n/a	n/a
102.277	0.072	saccade	n/a	544.1	182.6	n/a	142.6	234.1	13.57	326.0
102.351	0.296	fixation	n/a	154.2	234.0	3193.0	n/a	n/a	n/a	n/a
102.649	0.04	saccade	n/a	150.8	233.9	n/a	270.4	228.5	3.99	171.0
102.691	0.22	fixation	n/a	268.3	233.3	3229.0	n/a	n/a	n/a	n/a
102.913	0.042	saccade	n/a	268.5	234.4	n/a	435.3	244.0	5.67	260.0
102.957	0.246	fixation	n/a	431.3	246.2	3359.0	n/a	n/a	n/a	n/a
103.205	0.018	saccade	n/a	441.2	246.2	n/a	474.1	247.5	1.12	76.0
103.225	0.212	fixation	n/a	482.5	237.8	3401.0	n/a	n/a	n/a	n/a
103.439	0.018	saccade	n/a	483.3	239.0	n/a	516.4	234.3	1.14	82.0
103.459	0.258	fixation	n/a	543.9	240.4	3381.0	n/a	n/a	n/a	n/a
103.719	0.014	saccade	n/a	555.9	239.2	n/a	577.7	248.5	0.81	68.0
103.735	0.164	fixation	n/a	583.7	255.8	3296.0	n/a	n/a	n/a	n/a
103.901	0.074	saccade	n/a	584.1	251.5	n/a	135.3	284.7	15.03	324.0
103.977	0.282	fixation	n/a	143.6	293.9	3486.0	n/a	n/a	n/a	n/a
104.261	0.026	saccade	n/a	143.9	298.6	n/a	209.2	293.2	2.17	101.0
104.289	0.266	fixation	n/a	226.3	295.8	3386.0	n/a	n/a	n/a	n/a
104.557	0.026	saccade	n/a	230.8	297.3	n/a	309.6	302.0	2.65	157.0
104.585	0.17	fixation	n/a	324.6	312.7	3331.0	n/a	n/a	n/a	n/a
104.757	0.036	saccade	n/a	328.8	314.1	n/a	177.9	303.1	5.07	244.0
104.795	0.43	fixation	n/a	178.1	302.2	3345.0	n/a	n/a	n/a	n/a
105.227	0.016	saccade	n/a	182.5	292.6	n/a	209.4	296.0	0.9	67.0
105.245	0.192	fixation	n/a	211.3	296.9	3403.0	n/a	n/a	n/a	n/a
105.439	0.016	saccade	n/a	213.0	294.2	n/a	236.5	290.4	0.8	58.0
105.457	0.464	fixation	n/a	242.7	287.3	3371.0	n/a	n/a	n/a	n/a
105.923	0.018	saccade	n/a	251.7	280.2	n/a	281.6	291.3	1.07	69.0
105.943	0.226	fixation	n/a	281.8	298.1	3326.0	n/a	n/a	n/a	n/a
106.171	0.016	saccade	n/a	286.1	296.7	n/a	314.8	302.4	0.99	71.0
106.189	0.202	fixation	n/a	323.0	299.1	3377.0	n/a	n/a	n/a	n/a
106.393	0.046	saccade	n/a	325.2	312.4	n/a	466.4	292.6	4.85	194.0
106.441	0.364	fixation	n/a	468.1	297.4	3355.0	n/a	n/a	n/a	n/a
106.807	0.036	saccade	n/a	470.7	298.7	n/a	344.7	301.2	4.29	154.0
106.845	0.334	fixation	n/a	324.1	293.3	3286.0	n/a	n/a	n/a	n/a
106.972	0.0	trigger_11	11	n/a	n/a	n/a	n/a	n/a	n/a	n/a
107.034	0.0	trigger_10	10	n/a	n/a	n/a	n/a	n/a	n/a	n/a
107.181	0.038	saccade	n/a	320.9	287.7	n/a	155.0	194.0	6.42	284.0
107.221	0.15	fixation	n/a	147.9	180.8	3364.0	n/a	n/a	n/a	n/a
107.373	0.018	saccade	n/a	147.5	178.7	n/a	116.3	170.1	1.07	81.0
107.393	0.206	fixation	n/a	123.3	169.8	3423.0	n/a	n/a	n/a	n/a
107.601	0.014	saccade	n/a	128.3	168.7	n/a	146.2	164.1	0.61	48.0
107.617	0.216	fixation	n/a	167.8	170.5	3347.0	n/a	n/a	n/a	n/a
107.835	0.024	saccade	n/a	174.6	171.1	n/a	219.9	169.4	1.51	75.0
107.861	0.168	fixation	n/a	235.2	172.4	3405.0	n/a	n/a	n/a	n/a
108.031	0.226	saccade	n/a	240.7	184.5	n/a	321.1	202.8	2.79	1200.0
108.073	0.136	blink	n/a	n/a	n/a	n/a	n/a	n/a	n/a	n/a
108.259	0.234	fixation	n/a	319.3	169.5	3580.0	n/a	n/a	n/a	n/a
108.495	0.03	saccade	n/a	315.6	157.6	n/a	404.9	172.4	3.09	174.0
108.527	0.232	fixation	n/a	399.6	165.5	3457.0	n/a	n/a	n/a	n/a
108.761	0.028	saccade	n/a	400.9	155.9	n/a	495.1	157.2	3.23	186.0
108.791	0.214	fixation	n/a	506.1	159.8	3394.0	n/a	n/a	n/a	n/a
109.007	0.022	saccade	n/a	508.6	152.7	n/a	553.0	153.4	1.52	94.0
109.031	0.102	fixation	n/a	561.9	151.2	3535.0	n/a	n/a	n/a	n/a
109.135	0.07	saccade	n/a	561.6	152.7	n/a	114.7	198.2	15.05	352.0
109.207	0.326	fixation	n/a	123.9	197.8	3686.0	n/a	n/a	n/a	n/a
109.535	0.036	saccade	n/a	122.8	193.3	n/a	263.6	202.5	4.71	246.0
109.573	0.278	fixation	n/a	267.7	202.8	3831.0	n/a	n/a	n/a	n/a
109.853	0.024	saccade	n/a	274.6	202.1	n/a	336.1	207.7	2.1	120.0
109.879	0.204	fixation	n/a	341.1	204.5	4022.0	n/a	n/a	n/a	n/a
110.085	0.036	saccade	n/a	337.0	198.0	n/a	433.6	195.2	3.31	178.0
110.123	0.216	fixation	n/a	430.4	185.3	4130.0	n/a	n/a	n/a	n/a
110.341	0.018	saccade	n/a	432.6	181.8	n/a	461.7	179.5	1.0	66.0
110.361	0.118	fixation	n/a	461.4	178.6	4191.0	n/a	n/a	n/a	n/a
110.481	0.058	saccade	n/a	461.7	182.0	n/a	151.6	245.2	10.68	355.0
110.541	0.286	fixation	n/a	156.2	252.7	4187.0	n/a	n/a	n/a	n/a
110.829	0.026	saccade	n/a	153.5	258.7	n/a	223.6	258.0	2.34	137.0
110.857	0.252	fixation	n/a	241.5	261.8	4153.0	n/a	n/a	n/a	n/a
111.111	0.024	saccade	n/a	249.7	262.7	n/a	301.4	260.8	1.75	104.0
111.137	0.266	fixation	n/a	309.9	254.8	4334.0	n/a	n/a	n/a	n/a
111.405	0.028	saccade	n/a	312.0	253.3	n/a	403.5	251.1	3.12	165.0
111.435	0.222	fixation	n/a	409.1	251.6	4370.0	n/a	n/a	n/a	n/a
111.659	0.026	saccade	n/a	415.0	253.3	n/a	495.0	251.6	2.75	138.0
111.687	0.106	fixation	n/a	496.0	252.4	4258.0	n/a	n/a	n/a	n/a
111.795	0.04	saccade	n/a	496.0	256.8	n/a	319.6	189.4	6.47	281.0
111.837	0.146	fixation	n/a	299.3	187.3	4234.0	n/a	n/a	n/a	n/a
111.985	0.02	saccade	n/a	297.8	185.1	n/a	297.2	145.1	1.38	95.0
112.007	0.164	fixation	n/a	312.2	146.9	4165.0	n/a	n/a	n/a	n/a
112.173	0.03	saccade	n/a	312.3	143.9	n/a	404.9	161.9	3.22	180.0
112.205	0.21	fixation	n/a	405.1	163.9	4198.0	n/a	n/a	n/a	n/a
112.417	0.038	saccade	n/a	405.4	165.4	n/a	233.8	146.2	5.86	278.0
112.457	0.338	fixation	n/a	237.1	148.1	4304.0	n/a	n/a	n/a	n/a
112.797	0.03	saccade	n/a	239.5	154.9	n/a	151.8	137.2	2.99	189.0
112.822	0.0	trigger_11	11	n/a	n/a	n/a	n/a	n/a	n/a	n/a
112.829	0.264	fixation	n/a	153.9	144.3	4345.0	n/a	n/a	n/a	n/a
112.88	0.0	trigger_12	12	n/a	n/a	n/a	n/a	n/a	n/a	n/a
113.095	0.13	saccade	n/a	159.8	148.5	n/a	104.3	175.1	2.04	995.0
113.149	0.006	blink	n/a	n/a	n/a	n/a	n/a	n/a	n/a	n/a
113.227	0.248	fixation	n/a	106.2	152.7	4356.0	n/a	n/a	n/a	n/a
113.477	0.022	saccade	n/a	110.7	143.2	n/a	156.3	153.4	1.54	87.0
113.501	0.104	fixation	n/a	170.4	152.6	4113.0	n/a	n/a	n/a	n/a
113.607	0.022	saccade	n/a	179.1	151.9	n/a	240.0	154.9	2.04	116.0
113.631	0.26	fixation	n/a	246.1	152.4	3891.0	n/a	n/a	n/a	n/a
113.893	0.058	saccade	n/a	245.7	153.1	n/a	403.0	154.5	5.34	145.0
113.953	0.26	fixation	n/a	397.2	157.7	3842.0	n/a	n/a	n/a	n/a
114.215	0.022	saccade	n/a	400.2	162.7	n/a	452.7	153.4	1.83	112.0
114.239	0.176	fixation	n/a	462.4	161.1	3797.0	n/a	n/a	n/a	n/a
114.417	0.032	saccade	n/a	463.0	165.7	n/a	564.1	155.0	3.49	153.0
114.451	0.218	fixation	n/a	570.3	148.2	3837.0	n/a	n/a	n/a	n/a
114.671	0.068	saccade	n/a	574.3	142.4	n/a	125.1	202.9	15.22	374.0
114.741	0.38	fixation	n/a	123.4	216.7	3862.0	n/a	n/a	n/a	n/a
115.123	0.022	saccade	n/a	115.9	220.4	n/a	172.0	220.0	1.85	128.0
115.147	0.212	fixation	n/a	202.5	220.0	3829.0	n/a	n/a	n/a	n/a
115.361	0.032	saccade	n/a	207.9	225.6	n/a	318.2	235.1	3.74	164.0
115.395	0.256	fixation	n/a	324.0	240.2	3730.0	n/a	n/a	n/a	n/a
115.653	0.026	saccade	n/a	332.4	235.4	n/a	391.6	238.1	2.03	102.0
115.681	0.284	fixation	n/a	399.6	240.7	3594.0	n/a	n/a	n/a	n/a
115.967	0.028	saccade	n/a	405.3	236.8	n/a	483.9	228.3	2.71	140.0
115.997	0.344	fixation	n/a	513.5	231.9	3410.0	n/a	n/a	n/a	n/a
116.343	0.07	saccade	n/a	528.9	228.7	n/a	118.8	288.3	13.89	404.0
116.415	0.296	fixation	n/a	125.1	290.5	3422.0	n/a	n/a	n/a	n/a
116.713	0.028	saccade	n/a	125.2	294.8	n/a	215.4	298.5	2.99	137.0
116.743	0.248	fixation	n/a	231.6	299.3	3384.0	n/a	n/a	n/a	n/a
116.993	0.018	saccade	n/a	238.7	297.3	n/a	265.8	300.5	0.92	59.0
117.013	0.186	fixation	n/a	282.4	301.3	3386.0	n/a	n/a	n/a	n/a
117.201	0.038	saccade	n/a	288.9	301.8	n/a	435.9	301.7	5.0	202.0
117.241	0.174	fixation	n/a	446.6	301.9	3326.0	n/a	n/a	n/a	n/a
117.417	0.154	saccade	n/a	446.3	320.0	n/a	499.3	316.8	1.81	1198.0
117.453	0.068	blink	n/a	n/a	n/a	n/a	n/a	n/a	n/a	n/a
117.573	0.204	fixation	n/a	498.8	286.9	3268.0	n/a	n/a	n/a	n/a
117.779	0.022	saccade	n/a	505.6	283.2	n/a	543.2	296.3	1.36	72.0
117.803	0.428	fixation	n/a	561.3	305.6	3141.0	n/a	n/a	n/a	n/a
118.233	0.02	saccade	n/a	574.4	311.4	n/a	604.1	311.7	1.01	59.0
118.255	0.118	fixation	n/a	609.8	310.9	3090.0	n/a	n/a	n/a	n/a
118.375	0.068	saccade	n/a	607.8	308.8	n/a	135.7	348.0	15.79	400.0
118.445	0.258	fixation	n/a	132.1	348.2	3292.0	n/a	n/a	n/a	n/a
118.705	0.018	saccade	n/a	136.5	352.3	n/a	166.8	356.5	1.01	72.0
118.725	0.206	fixation	n/a	168.4	358.1	3359.0	n/a	n/a	n/a	n/a
118.933	0.026	saccade	n/a	164.9	358.8	n/a	248.9	363.9	2.8	140.0
118.961	0.216	fixation	n/a	268.0	363.3	3391.0	n/a	n/a	n/a	n/a
119.179	0.028	saccade	n/a	270.0	369.0	n/a	342.2	364.6	2.44	126.0
119.209	0.288	fixation	n/a	364.8	365.5	3399.0	n/a	n/a	n/a	n/a
119.499	0.032	saccade	n/a	368.7	368.0	n/a	467.9	361.6	3.38	123.0
119.533	0.278	fixation	n/a	478.9	357.6	3396.0	n/a	n/a	n/a	n/a
119.813	0.016	saccade	n/a	492.8	358.6	n/a	521.3	357.4	0.97	68.0
119.831	0.318	fixation	n/a	555.5	355.3	3281.0	n/a	n/a	n/a	n/a
120.151	0.07	saccade	n/a	560.1	364.0	n/a	209.4	385.2	11.79	265.0
120.223	0.144	fixation	n/a	202.3	390.0	3356.0	n/a	n/a	n/a	n/a
120.369	0.032	saccade	n/a	203.8	391.9	n/a	157.7	260.8	4.71	241.0
120.403	0.12	fixation	n/a	177.0	240.3	3260.0	n/a	n/a	n/a	n/a
120.525	0.026	saccade	n/a	183.5	238.8	n/a	143.7	190.2	2.13	134.0
120.553	0.094	fixation	n/a	142.5	180.7	3242.0	n/a	n/a	n/a	n/a
120.649	0.016	saccade	n/a	147.3	180.9	n/a	127.2	159.2	1.0	78.0
120.667	0.216	fixation	n/a	129.2	157.8	3290.0	n/a	n/a	n/a	n/a
120.885	0.024	saccade	n/a	130.8	160.2	n/a	203.6	169.4	2.44	153.0
120.911	0.434	fixation	n/a	227.9	162.2	3439.0	n/a	n/a	n/a	n/a
121.347	0.022	saccade	n/a	244.8	157.0	n/a	292.5	168.3	1.66	107.0
121.371	0.216	fixation	n/a	294.2	169.1	3454.0	n/a	n/a	n/a	n/a
121.589	0.032	saccade	n/a	297.2	162.3	n/a	403.9	170.6	3.65	176.0
121.623	0.28	fixation	n/a	408.9	173.3	3530.0	n/a	n/a	n/a	n/a
121.905	0.026	saccade	n/a	409.7	176.0	n/a	476.1	159.9	2.35	124.0
121.933	0.224	fixation	n/a	485.6	158.6	3479.0	n/a	n/a	n/a	n/a
122.159	0.02	saccade	n/a	489.5	155.0	n/a	529.9	172.0	1.51	103.0
122.181	0.192	fixation	n/a	537.0	172.9	3347.0	n/a	n/a	n/a	n/a
122.375	0.014	saccade	n/a	546.0	169.8	n/a	566.1	167.6	0.69	57.0
122.391	0.204	fixation	n/a	574.7	168.8	3325.0	n/a	n/a	n/a	n/a
122.597	0.078	saccade	n/a	577.8	168.4	n/a	151.4	225.5	14.49	345.0
122.677	0.152	fixation	n/a	153.7	221.2	3510.0	n/a	n/a	n/a	n/a
122.831	0.016	saccade	n/a	149.8	225.1	n/a	127.5	233.7	0.79	58.0
122.849	0.146	fixation	n/a	132.9	231.9	3538.0	n/a	n/a	n/a	n/a
122.997	0.042	saccade	n/a	131.2	229.6	n/a	284.3	225.6	5.12	211.0
123.041	0.178	fixation	n/a	285.1	222.4	3530.0	n/a	n/a	n/a	n/a
123.221	0.016	saccade	n/a	291.6	221.6	n/a	316.0	224.7	0.84	61.0
123.239	0.166	fixation	n/a	317.3	229.2	3592.0	n/a	n/a	n/a	n/a
123.407	0.026	saccade	n/a	314.2	223.1	n/a	375.4	222.3	2.09	95.0
123.435	0.318	fixation	n/a	377.6	227.3	3456.0	n/a	n/a	n/a	n/a
123.755	0.024	saccade	n/a	387.0	222.4	n/a	447.7	229.2	2.1	115.0
123.781	0.24	fixation	n/a	471.3	225.7	3375.0	n/a	n/a	n/a	n/a
124.023	0.016	saccade	n/a	480.1	230.7	n/a	510.2	228.8	1.04	77.0
124.041	0.186	fixation	n/a	517.4	229.7	3393.0	n/a	n/a	n/a	n/a
124.229	0.02	saccade	n/a	515.9	232.3	n/a	468.0	228.9	1.65	106.0
124.251	0.188	fixation	n/a	467.7	230.0	3469.0	n/a	n/a	n/a	n/a
124.441	0.058	saccade	n/a	468.0	233.8	n/a	125.3	278.5	11.64	351.0
124.501	0.248	fixation	n/a	121.8	280.2	3606.0	n/a	n/a	n/a	n/a
124.751	0.05	saccade	n/a	122.8	280.0	n/a	322.3	277.8	6.67	212.0
124.803	0.176	fixation	n/a	320.0	275.2	3506.0	n/a	n/a	n/a	n/a
124.981	0.034	saccade	n/a	318.8	280.2	n/a	442.7	287.9	4.24	222.0
125.017	0.252	fixation	n/a	454.6	291.8	3393.0	n/a	n/a	n/a	n/a
125.271	0.026	saccade	n/a	458.7	290.8	n/a	526.2	289.8	2.31	115.0
125.299	0.186	fixation	n/a	529.6	293.0	3390.0	n/a	n/a	n/a	n/a
125.487	0.068	saccade	n/a	530.5	299.5	n/a	288.5	165.3	9.48	313.0
125.557	0.194	fixation	n/a	292.9	170.5	3417.0	n/a	n/a	n/a	n/a
125.753	0.028	saccade	n/a	294.7	168.2	n/a	388.1	159.7	3.2	179.0
125.783	0.458	fixation	n/a	404.4	168.6	3419.0	n/a	n/a	n/a	n/a
126.046	0.0	trigger_13	13	n/a	n/a	n/a	n/a	n/a	n/a	n/a
126.102	0.0	trigger_10	10	n/a	n/a	n/a	n/a	n/a	n/a	n/a
126.243	0.06	saccade	n/a	409.5	164.8	n/a	130.0	160.7	9.41	315.0
126.305	0.356	fixation	n/a	140.8	159.5	3619.0	n/a	n/a	n/a	n/a
126.663	0.016	saccade	n/a	142.8	156.9	n/a	167.0	152.1	0.82	63.0
126.681	0.34	fixation	n/a	188.4	154.7	3595.0	n/a	n/a	n/a	n/a
127.023	0.026	saccade	n/a	192.0	156.5	n/a	262.8	166.8	2.41	119.0
127.051	0.206	fixation	n/a	264.7	160.5	3511.0	n/a	n/a	n/a	n/a
127.259	0.028	saccade	n/a	266.0	158.3	n/a	354.1	169.3	3.03	137.0
127.289	0.246	fixation	n/a	359.0	166.0	3415.0	n/a	n/a	n/a	n/a
127.537	0.028	saccade	n/a	361.3	163.8	n/a	430.4	165.2	2.37	108.0
127.567	0.244	fixation	n/a	447.3	165.0	3317.0	n/a	n/a	n/a	n/a
127.813	0.038	saccade	n/a	451.3	166.7	n/a	562.1	157.9	3.82	154.0
127.853	0.306	fixation	n/a	569.6	168.7	3189.0	n/a	n/a	n/a	n/a
128.161	0.076	saccade	n/a	574.6	167.3	n/a	137.4	211.3	14.8	373.0
128.239	0.37	fixation	n/a	140.4	217.2	3349.0	n/a	n/a	n/a	n/a
128.611	0.024	saccade	n/a	143.4	216.9	n/a	206.2	216.4	2.09	116.0
128.637	0.258	fixation	n/a	213.5	212.6	3321.0	n/a	n/a	n/a	n/a
128.897	0.036	saccade	n/a	215.2	210.1	n/a	326.6	236.0	3.88	184.0
128.935	0.272	fixation	n/a	341.6	230.8	3320.0	n/a	n/a	n/a	n/a
129.209	0.024	saccade	n/a	341.9	230.8	n/a	395.4	234.4	1.83	105.0
129.235	0.21	fixation	n/a	409.7	236.6	3263.0	n/a	n/a	n/a	n/a
129.447	0.016	saccade	n/a	422.3	235.8	n/a	446.7	240.9	0.86	59.0
129.465	0.16	fixation	n/a	455.1	238.3	3211.0	n/a	n/a	n/a	n/a
129.627	0.022	saccade	n/a	463.8	236.4	n/a	520.6	237.7	1.95	118.0
129.651	0.366	fixation	n/a	541.7	235.1	3237.0	n/a	n/a	n/a	n/a
130.019	0.064	saccade	n/a	542.8	238.5	n/a	146.2	281.1	13.46	372.0
130.085	0.266	fixation	n/a	151.7	285.2	3289.0	n/a	n/a	n/a	n/a
130.353	0.018	saccade	n/a	151.9	291.1	n/a	125.2	298.1	0.91	55.0
130.373	0.168	fixation	n/a	119.3	290.5	3219.0	n/a	n/a	n/a	n/a
130.543	0.028	saccade	n/a	123.4	291.0	n/a	216.0	297.4	3.08	175.0
130.573	0.262	fixation	n/a	224.4	294.9	3140.0	n/a	n/a	n/a	n/a
130.837	0.028	saccade	n/a	225.9	288.2	n/a	300.0	304.8	2.56	129.0
130.867	0.32	fixation	n/a	313.2	308.0	3054.0	n/a	n/a	n/a	n/a
131.189	0.026	saccade	n/a	318.2	305.3	n/a	390.0	306.5	2.45	121.0
131.217	0.214	fixation	n/a	408.7	321.8	3004.0	n/a	n/a	n/a	n/a
131.433	0.048	saccade	n/a	416.8	326.5	n/a	305.0	183.8	6.24	217.0
131.483	0.228	fixation	n/a	307.3	187.6	3018.0	n/a	n/a	n/a	n/a
131.713	0.026	saccade	n/a	314.8	184.6	n/a	377.4	186.8	2.15	103.0
131.741	0.282	fixation	n/a	377.5	181.0	3059.0	n/a	n/a	n/a	n/a
131.798	0.0	trigger_11	11	n/a	n/a	n/a	n/a	n/a	n/a	n/a
131.858	0.0	trigger_10	10	n/a	n/a	n/a	n/a	n/a	n/a	n/a
132.025	0.054	saccade	n/a	373.6	177.1	n/a	89.0	170.6	9.52	330.0
132.081	0.202	fixation	n/a	97.2	170.5	3185.0	n/a	n/a	n/a	n/a
132.285	0.186	saccade	n/a	106.3	174.4	n/a	209.7	181.6	3.44	1088.0
132.329	0.09	blink	n/a	n/a	n/a	n/a	n/a	n/a	n/a	n/a
132.473	0.24	fixation	n/a	198.5	169.4	3194.0	n/a	n/a	n/a	n/a
132.715	0.024	saccade	n/a	201.6	165.2	n/a	252.2	164.7	1.7	90.0
132.741	0.164	fixation	n/a	258.8	167.7	3117.0	n/a	n/a	n/a	n/a
132.907	0.022	saccade	n/a	265.7	166.3	n/a	302.3	163.1	1.25	81.0
132.931	0.254	fixation	n/a	329.9	171.2	3102.0	n/a	n/a	n/a	n/a
133.187	0.03	saccade	n/a	335.4	169.7	n/a	430.0	169.3	3.24	142.0
133.219	0.392	fixation	n/a	432.2	178.9	3064.0	n/a	n/a	n/a	n/a
133.613	0.026	saccade	n/a	419.0	181.8	n/a	496.0	164.8	2.71	152.0
133.641	0.182	fixation	n/a	497.8	177.7	3162.0	n/a	n/a	n/a	n/a
133.825	0.066	saccade	n/a	498.1	183.0	n/a	134.8	237.8	12.38	373.0
133.893	0.302	fixation	n/a	138.6	240.3	3327.0	n/a	n/a	n/a	n/a
134.197	0.034	saccade	n/a	146.6	246.8	n/a	249.7	232.7	3.48	158.0
134.233	0.248	fixation	n/a	243.3	233.4	3371.0	n/a	n/a	n/a	n/a
134.483	0.024	saccade	n/a	248.9	240.0	n/a	314.9	231.6	2.26	126.0
134.509	0.206	fixation	n/a	330.9	228.7	3401.0	n/a	n/a	n/a	n/a
134.717	0.036	saccade	n/a	331.6	235.7	n/a	234.4	230.8	3.3	205.0
134.755	0.18	fixation	n/a	244.6	227.4	3378.0	n/a	n/a	n/a	n/a
134.937	0.036	saccade	n/a	242.6	222.2	n/a	375.7	231.1	4.54	223.0
134.975	0.396	fixation	n/a	392.3	231.2	3419.0	n/a	n/a	n/a	n/a
135.373	0.022	saccade	n/a	397.4	225.5	n/a	450.6	227.0	1.83	113.0
135.397	0.19	fixation	n/a	452.8	229.8	3512.0	n/a	n/a	n/a	n/a
135.589	0.024	saccade	n/a	456.9	231.2	n/a	508.7	237.4	1.79	100.0
135.615	0.126	fixation	n/a	518.5	237.0	3467.0	n/a	n/a	n/a	n/a
135.743	0.06	saccade	n/a	518.1	241.4	n/a	223.8	167.1	10.32	324.0
135.805	0.23	fixation	n/a	223.1	165.4	3475.0	n/a	n/a	n/a	n/a
135.808	0.0	trigger_11	11	n/a	n/a	n/a	n/a	n/a	n/a	n/a
135.866	0.0	trigger_10	10	n/a	n/a	n/a	n/a	n/a	n/a	n/a
136.037	0.03	saccade	n/a	214.2	168.6	n/a	137.7	156.6	2.58	171.0
136.069	0.182	fixation	n/a	144.3	159.4	3489.0	n/a	n/a	n/a	n/a
136.253	0.174	saccade	n/a	148.7	173.6	n/a	131.4	169.8	0.59	1030.0
136.299	0.064	blink	n/a	n/a	n/a	n/a	n/a	n/a	n/a	n/a
136.429	0.142	fixation	n/a	128.4	162.0	3588.0	n/a	n/a	n/a	n/a
136.573	0.022	saccade	n/a	129.1	153.6	n/a	178.7	163.9	1.68	97.0
136.597	0.38	fixation	n/a	194.1	164.9	3394.0	n/a	n/a	n/a	n/a
136.979	0.024	saccade	n/a	190.3	166.6	n/a	247.3	168.3	1.92	106.0
137.005	0.188	fixation	n/a	263.2	165.6	3323.0	n/a	n/a	n/a	n/a
137.195	0.028	saccade	n/a	268.1	155.1	n/a	343.8	158.6	2.58	137.0
137.225	0.168	fixation	n/a	349.3	163.2	3330.0	n/a	n/a	n/a	n/a
137.395	0.024	saccade	n/a	352.7	173.2	n/a	403.1	164.3	1.76	95.0
137.421	0.204	fixation	n/a	409.6	173.6	3335.0	n/a	n/a	n/a	n/a
137.627	0.038	saccade	n/a	409.9	175.8	n/a	488.2	163.3	2.72	110.0
137.667	0.144	fixation	n/a	490.1	159.9	3316.0	n/a	n/a	n/a	n/a
137.813	0.028	saccade	n/a	494.0	160.6	n/a	561.4	170.8	2.34	103.0
137.843	0.184	fixation	n/a	566.1	173.4	3245.0	n/a	n/a	n/a	n/a
138.029	0.07	saccade	n/a	566.7	183.6	n/a	120.8	238.2	15.08	413.0
138.101	0.252	fixation	n/a	128.7	232.9	3283.0	n/a	n/a	n/a	n/a
138.355	0.026	saccade	n/a	135.4	234.8	n/a	212.3	225.8	2.58	134.0
138.383	0.184	fixation	n/a	226.3	236.6	3186.0	n/a	n/a	n/a	n/a
138.569	0.028	saccade	n/a	237.6	241.5	n/a	331.4	232.4	3.19	190.0
138.599	0.216	fixation	n/a	357.3	239.5	3240.0	n/a	n/a	n/a	n/a
138.817	0.042	saccade	n/a	357.0	237.2	n/a	493.4	239.7	4.67	188.0
138.861	0.132	fixation	n/a	491.4	226.4	3275.0	n/a	n/a	n/a	n/a
138.995	0.028	saccade	n/a	495.7	221.1	n/a	585.4	239.5	3.13	160.0
139.025	0.19	fixation	n/a	585.5	245.6	3238.0	n/a	n/a	n/a	n/a
139.217	0.078	saccade	n/a	586.0	248.9	n/a	109.5	286.5	15.99	422.0
139.297	0.214	fixation	n/a	121.1	292.8	3405.0	n/a	n/a	n/a	n/a
139.513	0.028	saccade	n/a	119.8	298.1	n/a	210.7	289.3	3.03	166.0
139.543	0.252	fixation	n/a	222.6	292.1	3425.0	n/a	n/a	n/a	n/a
139.797	0.024	saccade	n/a	228.1	293.8	n/a	292.7	298.7	2.19	129.0
139.823	0.2	fixation	n/a	301.4	304.1	3459.0	n/a	n/a	n/a	n/a
140.025	0.024	saccade	n/a	304.4	314.7	n/a	383.2	307.2	2.7	163.0
140.051	0.172	fixation	n/a	415.4	294.1	3530.0	n/a	n/a	n/a	n/a
140.225	0.028	saccade	n/a	418.9	289.9	n/a	522.8	297.2	3.57	186.0
140.255	0.188	fixation	n/a	531.4	299.2	3515.0	n/a	n/a	n/a	n/a
140.445	0.024	saccade	n/a	530.6	302.1	n/a	589.2	301.9	2.0	117.0
140.471	0.138	fixation	n/a	591.2	302.8	3451.0	n/a	n/a	n/a	n/a
140.611	0.078	saccade	n/a	594.0	311.1	n/a	99.5	338.4	16.54	368.0
140.691	0.434	fixation	n/a	102.1	344.8	3579.0	n/a	n/a	n/a	n/a
141.127	0.03	saccade	n/a	105.0	356.1	n/a	142.3	260.6	3.47	172.0
141.128	0.0	trigger_11	11	n/a	n/a	n/a	n/a	n/a	n/a	n/a
141.159	0.234	fixation	n/a	177.1	243.9	3505.0	n/a	n/a	n/a	n/a
141.19	0.0	trigger_10	10	n/a	n/a	n/a	n/a	n/a	n/a	n/a
141.395	0.028	saccade	n/a	180.8	241.7	n/a	109.1	199.0	2.79	131.0
141.425	0.13	fixation	n/a	93.8	152.4	3521.0	n/a	n/a	n/a	n/a
141.557	0.016	saccade	n/a	87.8	131.8	n/a	112.2	138.2	0.83	71.0
141.575	0.26	fixation	n/a	110.3	132.4	3638.0	n/a	n/a	n/a	n/a
141.837	0.048	saccade	n/a	127.3	131.5	n/a	152.6	135.8	0.85	81.0
141.887	0.164	fixation	n/a	155.2	138.2	3765.0	n/a	n/a	n/a	n/a
142.053	0.018	saccade	n/a	158.5	139.3	n/a	133.5	129.8	0.89	68.0
142.073	0.076	fixation	n/a	150.5	134.4	3793.0	n/a	n/a	n/a	n/a
142.151	0.016	saccade	n/a	148.3	129.4	n/a	118.2	122.2	1.03	85.0
142.169	0.474	fixation	n/a	105.5	132.3	3906.0	n/a	n/a	n/a	n/a
142.645	0.02	saccade	n/a	119.7	128.4	n/a	154.0	129.6	1.14	62.0
142.667	0.482	fixation	n/a	169.4	134.7	3917.0	n/a	n/a	n/a	n/a
143.151	0.036	saccade	n/a	177.0	130.2	n/a	243.7	149.2	2.34	118.0
143.189	0.036	fixation	n/a	250.3	148.9	3865.0	n/a	n/a	n/a	n/a
143.227	0.03	saccade	n/a	251.1	145.9	n/a	248.9	142.6	0.14	110.0
143.259	0.108	fixation	n/a	250.2	145.4	3843.0	n/a	n/a	n/a	n/a
143.369	0.028	saccade	n/a	257.0	150.5	n/a	252.7	139.7	0.4	98.0
143.399	0.106	fixation	n/a	253.5	149.9	3829.0	n/a	n/a	n/a	n/a
143.507	0.016	saccade	n/a	265.7	152.8	n/a	294.6	157.2	1.0	69.0
143.525	0.22	fixation	n/a	310.2	151.4	3814.0	n/a	n/a	n/a	n/a
143.747	0.02	saccade	n/a	318.5	151.9	n/a	364.9	157.6	1.6	105.0
143.769	0.266	fixation	n/a	378.5	164.9	3824.0	n/a	n/a	n/a	n/a
144.037	0.024	saccade	n/a	383.6	168.8	n/a	424.0	162.2	1.41	77.0
144.063	0.166	fixation	n/a	440.7	159.4	3768.0	n/a	n/a	n/a	n/a
144.231	0.026	saccade	n/a	446.1	161.3	n/a	525.7	145.4	2.8	130.0
144.259	0.428	fixation	n/a	549.3	164.1	3659.0	n/a	n/a	n/a	n/a
144.689	0.07	saccade	n/a	562.9	171.6	n/a	110.4	223.8	15.34	402.0
144.761	0.262	fixation	n/a	120.7	231.1	3551.0	n/a	n/a	n/a	n/a
145.025	0.03	saccade	n/a	123.2	235.1	n/a	215.1	227.6	3.07	169.0
145.057	0.172	fixation	n/a	214.7	227.0	3502.0	n/a	n/a	n/a	n/a
145.231	0.028	saccade	n/a	216.8	226.3	n/a	336.7	234.2	4.08	245.0
145.261	0.372	fixation	n/a	336.1	235.6	3594.0	n/a	n/a	n/a	n/a
145.635	0.024	saccade	n/a	336.2	237.4	n/a	394.7	236.9	2.0	134.0
145.661	0.466	fixation	n/a	399.2	236.1	3538.0	n/a	n/a	n/a	n/a
145.928	0.0	trigger_11	11	n/a	n/a	n/a	n/a	n/a	n/a	n/a
145.982	0.0	trigger_12	12	n/a	n/a	n/a	n/a	n/a	n/a	n/a
146.129	0.048	saccade	n/a	405.1	235.9	n/a	134.4	172.3	9.39	357.0
146.179	0.094	fixation	n/a	130.6	173.0	3562.0	n/a	n/a	n/a	n/a
146.275	0.02	saccade	n/a	128.5	174.9	n/a	113.7	162.7	0.64	73.0
146.297	0.206	fixation	n/a	123.2	167.5	3543.0	n/a	n/a	n/a	n/a
146.505	0.024	saccade	n/a	120.1	168.8	n/a	183.4	170.9	2.1	128.0
146.531	0.512	fixation	n/a	165.5	169.6	3557.0	n/a	n/a	n/a	n/a
147.045	0.04	saccade	n/a	126.4	172.5	n/a	276.3	177.6	5.02	209.0
147.087	0.168	fixation	n/a	282.5	180.6	3633.0	n/a	n/a	n/a	n/a
147.257	0.176	saccade	n/a	286.3	191.8	n/a	388.9	204.6	3.52	1229.0
147.301	0.07	blink	n/a	n/a	n/a	n/a	n/a	n/a	n/a	n/a
147.435	0.164	fixation	n/a	392.1	190.7	3617.0	n/a	n/a	n/a	n/a
147.601	0.028	saccade	n/a	392.1	185.3	n/a	477.1	172.8	2.96	133.0
147.631	0.282	fixation	n/a	480.0	170.7	3371.0	n/a	n/a	n/a	n/a
147.915	0.022	saccade	n/a	486.7	167.7	n/a	538.8	167.4	1.79	100.0
147.939	0.032	fixation	n/a	543.4	164.6	3259.0	n/a	n/a	n/a	n/a
147.973	0.018	saccade	n/a	545.6	167.1	n/a	580.0	170.4	1.18	89.0
147.993	0.208	fixation	n/a	572.7	173.8	3225.0	n/a	n/a	n/a	n/a
148.203	0.07	saccade	n/a	571.7	170.7	n/a	145.4	230.6	14.5	383.0
148.275	0.302	fixation	n/a	147.3	232.1	3356.0	n/a	n/a	n/a	n/a
148.579	0.024	saccade	n/a	151.2	227.2	n/a	215.8	232.0	2.17	125.0
148.605	0.166	fixation	n/a	221.4	225.2	3367.0	n/a	n/a	n/a	n/a
148.773	0.036	saccade	n/a	222.5	225.0	n/a	350.8	232.9	4.37	196.0
148.811	0.208	fixation	n/a	353.8	235.5	3434.0	n/a	n/a	n/a	n/a
149.021	0.022	saccade	n/a	358.1	227.5	n/a	405.3	231.2	1.62	107.0
149.045	0.48	fixation	n/a	434.3	222.9	3449.0	n/a	n/a	n/a	n/a
149.527	0.022	saccade	n/a	423.9	210.2	n/a	417.7	150.8	2.08	126.0
149.551	0.374	fixation	n/a	418.7	151.9	3466.0	n/a	n/a	n/a	n/a
149.896	0.0	trigger_13	13	n/a	n/a	n/a	n/a	n/a	n/a	n/a
149.927	0.034	saccade	n/a	416.4	154.7	n/a	510.7	217.3	3.91	198.0
149.952	0.0	trigger_10	10	n/a	n/a	n/a	n/a	n/a	n/a	n/a
149.963	0.184	fixation	n/a	516.9	228.5	3507.0	n/a	n/a	n/a	n/a
150.149	0.058	saccade	n/a	519.2	231.1	n/a	166.4	167.2	12.14	344.0
150.209	0.136	fixation	n/a	157.7	163.9	3622.0	n/a	n/a	n/a	n/a
150.347	0.018	saccade	n/a	154.1	165.3	n/a	118.7	159.6	1.19	91.0
150.367	0.28	fixation	n/a	127.3	163.3	3524.0	n/a	n/a	n/a	n/a
150.649	0.028	saccade	n/a	126.6	163.7	n/a	209.5	163.6	2.76	150.0
150.679	0.246	fixation	n/a	216.0	163.8	3487.0	n/a	n/a	n/a	n/a
150.927	0.028	saccade	n/a	219.3	162.0	n/a	315.7	171.2	3.27	155.0
150.957	0.228	fixation	n/a	320.2	172.0	3449.0	n/a	n/a	n/a	n/a
151.187	0.03	saccade	n/a	324.3	175.0	n/a	415.9	174.8	3.13	137.0
151.219	0.266	fixation	n/a	427.9	172.1	3362.0	n/a	n/a	n/a	n/a
151.487	0.034	saccade	n/a	432.0	166.1	n/a	529.6	171.2	3.36	175.0
151.523	0.262	fixation	n/a	532.7	171.1	3235.0	n/a	n/a	n/a	n/a
151.787	0.068	saccade	n/a	537.1	170.3	n/a	128.6	226.4	13.89	349.0
151.857	0.142	fixation	n/a	132.7	230.7	3221.0	n/a	n/a	n/a	n/a
152.001	0.016	saccade	n/a	130.1	235.1	n/a	104.7	237.9	0.84	68.0
152.019	0.182	fixation	n/a	114.3	237.9	3182.0	n/a	n/a	n/a	n/a
152.203	0.032	saccade	n/a	121.6	234.7	n/a	227.6	242.2	3.53	146.0
152.237	0.23	fixation	n/a	234.4	243.8	3191.0	n/a	n/a	n/a	n/a
152.469	0.036	saccade	n/a	233.8	245.4	n/a	355.6	245.6	4.12	165.0
152.507	0.452	fixation	n/a	368.5	250.0	3258.0	n/a	n/a	n/a	n/a
152.961	0.174	saccade	n/a	382.1	265.4	n/a	431.1	272.1	1.69	1190.0
153.001	0.09	blink	n/a	n/a	n/a	n/a	n/a	n/a	n/a	n/a
153.137	0.244	fixation	n/a	426.4	229.7	3338.0	n/a	n/a	n/a	n/a
153.383	0.026	saccade	n/a	421.9	212.1	n/a	367.7	176.0	2.24	104.0
153.411	0.43	fixation	n/a	374.9	176.4	3261.0	n/a	n/a	n/a	n/a
153.616	0.0	trigger_11	11	n/a	n/a	n/a	n/a	n/a	n/a	n/a
153.682	0.0	trigger_10	10	n/a	n/a	n/a	n/a	n/a	n/a	n/a
153.843	0.044	saccade	n/a	375.8	167.7	n/a	145.0	156.8	7.78	303.0
153.889	1.024	fixation	n/a	132.0	167.3	3350.0	n/a	n/a	n/a	n/a
154.915	0.02	saccade	n/a	147.8	164.9	n/a	187.8	166.2	1.33	96.0
154.937	0.18	fixation	n/a	195.9	166.9	3440.0	n/a	n/a	n/a	n/a
155.119	0.024	saccade	n/a	202.9	171.8	n/a	250.2	180.8	1.62	79.0
155.145	0.262	fixation	n/a	258.4	175.7	3428.0	n/a	n/a	n/a	n/a
155.409	0.028	saccade	n/a	260.4	176.6	n/a	345.9	175.0	2.9	144.0
155.439	0.198	fixation	n/a	358.8	175.8	3426.0	n/a	n/a	n/a	n/a
155.639	0.026	saccade	n/a	361.7	175.3	n/a	427.3	180.3	2.26	144.0
155.667	0.248	fixation	n/a	438.9	174.9	3443.0	n/a	n/a	n/a	n/a
155.917	0.028	saccade	n/a	434.4	174.0	n/a	516.3	158.0	2.87	136.0
155.947	0.262	fixation	n/a	543.7	158.8	3338.0	n/a	n/a	n/a	n/a
156.211	0.062	saccade	n/a	547.2	160.1	n/a	153.1	218.4	13.47	345.0
156.275	0.34	fixation	n/a	141.9	221.5	3361.0	n/a	n/a	n/a	n/a
156.617	0.034	saccade	n/a	126.6	223.7	n/a	267.1	224.6	4.71	237.0
156.653	0.252	fixation	n/a	276.5	227.9	3330.0	n/a	n/a	n/a	n/a
156.907	0.036	saccade	n/a	279.4	231.5	n/a	411.6	242.5	4.52	206.0
156.945	0.19	fixation	n/a	417.9	236.8	3320.0	n/a	n/a	n/a	n/a
157.137	0.032	saccade	n/a	418.8	233.1	n/a	493.6	232.1	2.57	161.0
157.171	0.36	fixation	n/a	496.6	234.7	3247.0	n/a	n/a	n/a	n/a
157.533	0.066	saccade	n/a	498.5	233.2	n/a	148.4	290.4	11.93	274.0
157.601	0.552	fixation	n/a	149.9	291.9	3255.0	n/a	n/a	n/a	n/a
158.155	0.028	saccade	n/a	162.8	291.7	n/a	96.3	287.8	2.19	113.0
158.185	0.27	fixation	n/a	112.1	293.5	3210.0	n/a	n/a	n/a	n/a
158.224	0.0	trigger_11	11	n/a	n/a	n/a	n/a	n/a	n/a	n/a
158.284	0.0	trigger_10	10	n/a	n/a	n/a	n/a	n/a	n/a	n/a
158.457	0.218	saccade	n/a	108.9	293.5	n/a	117.4	160.7	4.53	989.0
158.525	0.098	blink	n/a	n/a	n/a	n/a	n/a	n/a	n/a	n/a
158.677	0.254	fixation	n/a	126.3	161.6	3245.0	n/a	n/a	n/a	n/a
158.933	0.016	saccade	n/a	136.7	163.9	n/a	162.4	170.8	0.88	61.0
158.951	0.176	fixation	n/a	175.6	170.9	3187.0	n/a	n/a	n/a	n/a
159.129	0.026	saccade	n/a	182.4	173.7	n/a	263.4	173.0	2.72	139.0
159.157	0.212	fixation	n/a	289.9	174.3	3176.0	n/a	n/a	n/a	n/a
159.371	0.024	saccade	n/a	299.7	168.7	n/a	355.6	170.5	1.9	96.0
159.397	0.18	fixation	n/a	368.9	172.5	3198.0	n/a	n/a	n/a	n/a
159.579	0.028	saccade	n/a	369.1	162.7	n/a	464.8	156.3	3.28	175.0
159.609	0.278	fixation	n/a	493.2	163.7	3216.0	n/a	n/a	n/a	n/a
159.889	0.026	saccade	n/a	496.0	163.6	n/a	560.5	168.5	2.22	114.0
159.917	0.262	fixation	n/a	571.1	168.8	3253.0	n/a	n/a	n/a	n/a
160.181	0.068	saccade	n/a	575.2	169.9	n/a	137.3	219.0	14.79	352.0
160.251	0.244	fixation	n/a	139.5	224.2	3349.0	n/a	n/a	n/a	n/a
160.497	0.014	saccade	n/a	142.2	227.6	n/a	164.8	233.0	0.77	67.0
160.513	0.412	fixation	n/a	190.1	224.7	3481.0	n/a	n/a	n/a	n/a
160.927	0.028	saccade	n/a	211.7	222.3	n/a	304.7	229.4	3.14	187.0
160.957	0.2	fixation	n/a	315.2	228.5	3628.0	n/a	n/a	n/a	n/a
161.159	0.02	saccade	n/a	318.3	230.7	n/a	362.4	235.7	1.51	88.0
161.181	0.256	fixation	n/a	373.0	230.5	3553.0	n/a	n/a	n/a	n/a
161.439	0.024	saccade	n/a	374.3	228.8	n/a	440.7	218.9	2.3	128.0
161.465	0.24	fixation	n/a	467.2	229.5	3356.0	n/a	n/a	n/a	n/a
161.707	0.026	saccade	n/a	472.0	234.3	n/a	529.8	233.8	1.98	96.0
161.735	0.338	fixation	n/a	547.7	243.8	3228.0	n/a	n/a	n/a	n/a
162.075	0.07	saccade	n/a	565.3	242.2	n/a	155.3	279.1	13.84	388.0
162.147	0.268	fixation	n/a	165.5	280.5	3371.0	n/a	n/a	n/a	n/a
162.417	0.19	saccade	n/a	182.2	287.6	n/a	112.6	160.5	4.91	969.0
162.457	0.1	blink	n/a	n/a	n/a	n/a	n/a	n/a	n/a	n/a
162.609	0.202	fixation	n/a	116.2	152.0	3510.0	n/a	n/a	n/a	n/a
162.813	0.036	saccade	n/a	124.1	149.5	n/a	253.1	169.8	4.36	219.0
162.851	0.21	fixation	n/a	252.3	165.3	3443.0	n/a	n/a	n/a	n/a
163.063	0.026	saccade	n/a	258.3	167.0	n/a	335.1	182.0	2.66	131.0
163.091	0.28	fixation	n/a	344.3	174.6	3305.0	n/a	n/a	n/a	n/a
163.373	0.036	saccade	n/a	345.6	166.0	n/a	467.5	178.7	4.2	158.0
163.411	0.248	fixation	n/a	483.9	168.9	3240.0	n/a	n/a	n/a	n/a
163.661	0.022	saccade	n/a	488.3	160.6	n/a	534.4	160.8	1.58	100.0
163.685	0.23	fixation	n/a	558.1	177.7	3198.0	n/a	n/a	n/a	n/a
163.917	0.07	saccade	n/a	561.5	175.7	n/a	148.1	228.0	14.04	354.0
163.989	0.258	fixation	n/a	151.1	229.9	3374.0	n/a	n/a	n/a	n/a
164.249	0.026	saccade	n/a	156.3	236.7	n/a	245.8	235.9	2.99	161.0
164.277	0.22	fixation	n/a	254.0	242.5	3424.0	n/a	n/a	n/a	n/a
164.499	0.036	saccade	n/a	258.8	245.5	n/a	376.9	244.1	4.02	172.0
164.537	0.278	fixation	n/a	375.6	245.7	3519.0	n/a	n/a	n/a	n/a
164.817	0.03	saccade	n/a	378.3	248.7	n/a	471.2	237.2	3.21	152.0
164.849	0.38	fixation	n/a	464.7	236.7	3485.0	n/a	n/a	n/a	n/a
165.042	0.0	trigger_11	11	n/a	n/a	n/a	n/a	n/a	n/a	n/a
165.1	0.0	trigger_12	12	n/a	n/a	n/a	n/a	n/a	n/a	n/a
165.231	0.056	saccade	n/a	465.9	236.4	n/a	144.7	169.6	11.06	385.0
165.289	0.6	fixation	n/a	139.0	165.8	3569.0	n/a	n/a	n/a	n/a
165.891	0.026	saccade	n/a	131.5	158.2	n/a	199.8	166.2	2.29	117.0
165.919	0.238	fixation	n/a	215.6	173.5	3608.0	n/a	n/a	n/a	n/a
166.159	0.048	saccade	n/a	218.1	176.1	n/a	334.3	173.7	3.93	132.0
166.209	0.096	fixation	n/a	335.5	172.2	3479.0	n/a	n/a	n/a	n/a
166.307	0.148	saccade	n/a	338.5	177.5	n/a	430.5	212.2	3.37	1182.0
166.355	0.06	blink	n/a	n/a	n/a	n/a	n/a	n/a	n/a	n/a
166.457	0.224	fixation	n/a	454.4	168.8	3427.0	n/a	n/a	n/a	n/a
166.683	0.02	saccade	n/a	460.6	164.4	n/a	500.6	166.2	1.38	84.0
166.705	0.178	fixation	n/a	509.0	168.8	3330.0	n/a	n/a	n/a	n/a
166.885	0.024	saccade	n/a	513.6	172.9	n/a	560.5	181.9	1.64	80.0
166.911	0.17	fixation	n/a	572.6	188.6	3207.0	n/a	n/a	n/a	n/a
167.083	0.074	saccade	n/a	574.7	183.8	n/a	148.3	231.0	14.42	408.0
167.159	0.234	fixation	n/a	158.5	231.6	3348.0	n/a	n/a	n/a	n/a
167.395	0.026	saccade	n/a	160.7	233.8	n/a	228.2	243.8	2.28	115.0
167.423	0.186	fixation	n/a	227.5	235.4	3374.0	n/a	n/a	n/a	n/a
167.611	0.028	saccade	n/a	228.4	236.4	n/a	193.6	176.6	2.36	148.0
167.641	0.198	fixation	n/a	207.5	175.7	3337.0	n/a	n/a	n/a	n/a
167.841	0.038	saccade	n/a	205.5	167.7	n/a	363.5	173.8	5.34	215.0
167.881	0.232	fixation	n/a	377.0	167.6	3338.0	n/a	n/a	n/a	n/a
168.115	0.032	saccade	n/a	380.5	163.3	n/a	491.9	163.3	3.82	186.0
168.149	0.254	fixation	n/a	503.6	161.5	3333.0	n/a	n/a	n/a	n/a
168.405	0.066	saccade	n/a	505.9	156.5	n/a	259.2	165.1	8.4	239.0
168.473	0.406	fixation	n/a	264.3	164.3	3356.0	n/a	n/a	n/a	n/a
168.881	0.028	saccade	n/a	270.6	168.4	n/a	349.4	172.1	2.68	130.0
168.911	0.188	fixation	n/a	382.7	173.0	3303.0	n/a	n/a	n/a	n/a
169.101	0.04	saccade	n/a	385.8	175.3	n/a	540.9	180.1	5.31	223.0
169.143	0.226	fixation	n/a	549.3	186.8	3223.0	n/a	n/a	n/a	n/a
169.371	0.058	saccade	n/a	549.9	179.7	n/a	219.0	239.4	11.41	383.0
169.431	0.17	fixation	n/a	217.5	238.2	3249.0	n/a	n/a	n/a	n/a
169.603	0.022	saccade	n/a	213.4	238.6	n/a	159.8	236.1	1.79	113.0
169.627	0.618	fixation	n/a	156.7	231.2	3158.0	n/a	n/a	n/a	n/a
170.247	0.026	saccade	n/a	159.2	231.0	n/a	156.9	186.4	1.53	76.0
170.275	0.226	fixation	n/a	181.0	174.9	3067.0	n/a	n/a	n/a	n/a
170.503	0.024	saccade	n/a	184.5	175.5	n/a	142.7	170.3	1.4	110.0
170.529	0.312	fixation	n/a	151.7	168.5	3089.0	n/a	n/a	n/a	n/a
170.843	0.032	saccade	n/a	159.8	172.0	n/a	247.7	175.3	2.95	141.0
170.877	0.244	fixation	n/a	260.5	175.7	3145.0	n/a	n/a	n/a	n/a
171.123	0.028	saccade	n/a	260.7	178.7	n/a	175.2	223.0	3.25	191.0
171.153	0.194	fixation	n/a	169.2	227.4	3174.0	n/a	n/a	n/a	n/a
171.349	0.148	saccade	n/a	177.6	233.8	n/a	130.7	233.0	1.56	975.0
171.393	0.05	blink	n/a	n/a	n/a	n/a	n/a	n/a	n/a	n/a
171.499	0.22	fixation	n/a	126.9	227.7	3214.0	n/a	n/a	n/a	n/a
171.721	0.066	saccade	n/a	129.0	225.9	n/a	450.2	186.2	10.9	239.0
171.789	0.24	fixation	n/a	455.4	175.7	3013.0	n/a	n/a	n/a	n/a
172.031	0.014	saccade	n/a	464.1	183.2	n/a	498.1	179.9	1.17	91.0
172.047	0.658	fixation	n/a	512.3	179.0	2977.0	n/a	n/a	n/a	n/a
172.707	0.038	saccade	n/a	529.7	167.9	n/a	383.0	181.0	5.04	241.0
172.747	0.038	fixation	n/a	393.9	174.3	3013.0	n/a	n/a	n/a	n/a
172.787	0.014	saccade	n/a	399.9	176.1	n/a	404.3	196.6	0.73	73.0
172.803	0.206	fixation	n/a	399.7	186.2	3018.0	n/a	n/a	n/a	n/a
173.011	0.046	saccade	n/a	398.8	181.5	n/a	538.1	162.1	4.82	195.0
173.059	0.282	fixation	n/a	533.7	169.3	3176.0	n/a	n/a	n/a	n/a
173.343	0.058	saccade	n/a	535.3	173.1	n/a	501.9	538.5	12.42	357.0
173.403	0.396	fixation	n/a	501.4	541.0	3296.0	n/a	n/a	n/a	n/a
173.801	0.032	saccade	n/a	499.1	536.1	n/a	582.4	536.3	2.78	154.0
173.835	0.128	fixation	n/a	582.1	536.6	3002.0	n/a	n/a	n/a	n/a
173.965	0.086	saccade	n/a	586.5	540.0	n/a	227.3	178.1	17.18	432.0
174.053	0.262	fixation	n/a	224.8	176.0	3008.0	n/a	n/a	n/a	n/a
174.178	0.0	trigger_13	13	n/a	n/a	n/a	n/a	n/a	n/a	n/a
174.234	0.0	trigger_10	10	n/a	n/a	n/a	n/a	n/a	n/a	n/a
174.317	0.024	saccade	n/a	222.1	163.2	n/a	214.6	165.9	0.27	82.0
174.343	0.02	fixation	n/a	212.1	165.9	3068.0	n/a	n/a	n/a	n/a
174.365	0.05	saccade	n/a	206.1	163.1	n/a	105.8	145.8	3.4	156.0
174.417	0.318	fixation	n/a	104.6	141.5	3305.0	n/a	n/a	n/a	n/a
174.737	0.052	saccade	n/a	101.4	138.6	n/a	194.7	133.4	3.12	112.0
174.791	0.064	fixation	n/a	174.8	125.4	3339.0	n/a	n/a	n/a	n/a
174.857	0.1	saccade	n/a	172.7	129.4	n/a	297.3	149.7	4.29	213.0
174.959	0.112	fixation	n/a	302.5	150.0	3578.0	n/a	n/a	n/a	n/a
175.073	0.024	saccade	n/a	305.9	145.7	n/a	309.4	148.3	0.15	84.0
175.099	0.134	fixation	n/a	307.5	150.6	3652.0	n/a	n/a	n/a	n/a
175.235	0.034	saccade	n/a	307.1	149.5	n/a	425.4	148.6	4.1	207.0
175.271	0.168	fixation	n/a	418.3	140.5	3730.0	n/a	n/a	n/a	n/a
175.441	0.026	saccade	n/a	425.2	134.2	n/a	490.4	119.4	2.33	116.0
175.469	0.106	fixation	n/a	488.1	119.6	3800.0	n/a	n/a	n/a	n/a
175.577	0.024	saccade	n/a	490.5	119.9	n/a	541.2	99.1	1.92	108.0
175.603	0.162	fixation	n/a	539.9	95.0	3781.0	n/a	n/a	n/a	n/a
175.767	0.17	saccade	n/a	539.3	94.0	n/a	21.9	153.0	17.51	440.0
175.939	0.038	fixation	n/a	26.7	159.0	3596.0	n/a	n/a	n/a	n/a
175.979	0.038	saccade	n/a	26.7	161.0	n/a	25.2	177.7	0.57	150.0
176.019	0.02	fixation	n/a	20.6	174.6	3585.0	n/a	n/a	n/a	n/a
176.041	0.176	saccade	n/a	20.5	170.4	n/a	222.6	187.1	6.75	455.0
176.219	0.034	fixation	n/a	224.7	185.9	3773.0	n/a	n/a	n/a	n/a
176.255	0.198	saccade	n/a	220.3	184.5	n/a	320.3	197.2	3.46	453.0
176.455	0.086	fixation	n/a	331.4	204.9	3940.0	n/a	n/a	n/a	n/a
176.543	0.028	saccade	n/a	336.8	210.0	n/a	422.1	202.3	2.97	164.0
176.573	0.276	fixation	n/a	421.2	200.0	4075.0	n/a	n/a	n/a	n/a
176.851	0.046	saccade	n/a	421.1	199.2	n/a	215.8	162.9	7.16	245.0
176.899	0.07	fixation	n/a	190.0	144.7	4101.0	n/a	n/a	n/a	n/a
176.971	0.022	saccade	n/a	180.0	146.3	n/a	174.9	143.3	0.2	71.0
176.986	0.0	trigger_11	11	n/a	n/a	n/a	n/a	n/a	n/a	n/a
176.995	0.03	fixation	n/a	185.6	145.3	4055.0	n/a	n/a	n/a	n/a
177.027	0.016	saccade	n/a	183.4	149.6	n/a	171.9	135.0	0.64	90.0
177.045	0.148	fixation	n/a	176.4	144.9	4024.0	n/a	n/a	n/a	n/a
177.05	0.0	trigger_10	10	n/a	n/a	n/a	n/a	n/a	n/a	n/a
177.195	0.03	saccade	n/a	175.5	144.5	n/a	91.4	129.0	2.85	160.0
177.227	0.19	fixation	n/a	100.1	132.0	4018.0	n/a	n/a	n/a	n/a
177.419	0.188	saccade	n/a	106.8	142.8	n/a	222.8	168.1	3.98	1284.0
177.469	0.076	blink	n/a	n/a	n/a	n/a	n/a	n/a	n/a	n/a
177.609	0.26	fixation	n/a	226.9	159.2	4109.0	n/a	n/a	n/a	n/a
177.871	0.026	saccade	n/a	226.2	156.2	n/a	292.1	169.9	2.29	126.0
177.899	0.252	fixation	n/a	300.1	168.7	3935.0	n/a	n/a	n/a	n/a
178.153	0.044	saccade	n/a	302.3	170.9	n/a	453.7	177.1	5.2	189.0
178.199	0.306	fixation	n/a	449.6	172.5	3834.0	n/a	n/a	n/a	n/a
178.507	0.032	saccade	n/a	460.0	174.2	n/a	518.2	167.0	2.03	89.0
178.541	0.332	fixation	n/a	529.8	162.3	3734.0	n/a	n/a	n/a	n/a
178.875	0.078	saccade	n/a	530.9	161.9	n/a	110.8	225.5	14.34	279.0
178.955	0.276	fixation	n/a	118.8	233.6	3729.0	n/a	n/a	n/a	n/a
179.233	0.03	saccade	n/a	126.3	224.5	n/a	224.0	230.7	3.27	196.0
179.265	0.26	fixation	n/a	237.3	224.3	3782.0	n/a	n/a	n/a	n/a
179.527	0.034	saccade	n/a	243.3	232.3	n/a	367.7	233.7	4.24	202.0
179.563	0.178	fixation	n/a	365.7	226.2	3844.0	n/a	n/a	n/a	n/a
179.743	0.022	saccade	n/a	367.6	226.8	n/a	411.7	227.2	1.51	98.0
179.767	0.304	fixation	n/a	410.5	229.1	3820.0	n/a	n/a	n/a	n/a
180.073	0.032	saccade	n/a	412.0	222.7	n/a	506.3	272.0	3.67	208.0
180.107	0.198	fixation	n/a	516.7	281.9	3604.0	n/a	n/a	n/a	n/a
180.307	0.014	saccade	n/a	514.6	287.2	n/a	496.5	293.0	0.65	62.0
180.323	0.142	fixation	n/a	505.7	295.0	3514.0	n/a	n/a	n/a	n/a
180.467	0.026	saccade	n/a	509.3	300.9	n/a	570.1	299.8	2.08	137.0
180.495	0.18	fixation	n/a	570.5	306.2	3389.0	n/a	n/a	n/a	n/a
180.677	0.07	saccade	n/a	573.9	306.7	n/a	140.2	353.3	14.67	333.0
180.749	0.29	fixation	n/a	134.9	358.4	3462.0	n/a	n/a	n/a	n/a
181.041	0.022	saccade	n/a	142.7	360.2	n/a	205.0	359.4	2.07	127.0
181.065	0.214	fixation	n/a	221.5	362.3	3378.0	n/a	n/a	n/a	n/a
181.281	0.03	saccade	n/a	228.3	364.6	n/a	324.1	368.8	3.24	132.0
181.313	0.428	fixation	n/a	340.3	365.3	3349.0	n/a	n/a	n/a	n/a
181.53	0.0	trigger_11	11	n/a	n/a	n/a	n/a	n/a	n/a	n/a
181.592	0.0	trigger_10	10	n/a	n/a	n/a	n/a	n/a	n/a	n/a
181.743	0.052	saccade	n/a	340.4	364.3	n/a	149.8	198.2	8.59	276.0
181.797	0.072	fixation	n/a	147.2	190.1	3314.0	n/a	n/a	n/a	n/a
181.871	0.062	saccade	n/a	137.3	182.0	n/a	104.9	156.8	1.37	101.0
181.935	0.15	fixation	n/a	109.7	155.1	3251.0	n/a	n/a	n/a	n/a
182.087	0.13	saccade	n/a	104.1	151.6	n/a	182.6	147.5	2.62	195.0
182.219	0.04	fixation	n/a	170.5	141.8	3155.0	n/a	n/a	n/a	n/a
182.261	0.02	saccade	n/a	170.5	141.7	n/a	210.2	148.8	1.35	113.0
182.283	0.03	fixation	n/a	218.8	156.4	3340.0	n/a	n/a	n/a	n/a
182.315	0.032	saccade	n/a	226.5	158.6	n/a	348.3	162.4	4.15	262.0
182.349	0.194	fixation	n/a	349.2	162.8	3428.0	n/a	n/a	n/a	n/a
182.545	0.036	saccade	n/a	350.2	162.2	n/a	479.2	163.3	4.44	185.0
182.583	0.272	fixation	n/a	483.7	158.7	3440.0	n/a	n/a	n/a	n/a
182.857	0.018	saccade	n/a	490.1	156.4	n/a	523.7	171.9	1.28	88.0
182.877	0.23	fixation	n/a	529.9	169.7	3317.0	n/a	n/a	n/a	n/a
183.109	0.076	saccade	n/a	532.4	177.4	n/a	99.6	218.9	14.62	444.0
183.187	0.56	fixation	n/a	99.8	220.0	3387.0	n/a	n/a	n/a	n/a
183.498	0.0	trigger_11	11	n/a	n/a	n/a	n/a	n/a	n/a	n/a
183.556	0.0	trigger_12	12	n/a	n/a	n/a	n/a	n/a	n/a	n/a
183.749	0.024	saccade	n/a	105.0	213.5	n/a	82.8	155.1	2.12	117.0
183.775	0.094	fixation	n/a	96.2	141.3	3519.0	n/a	n/a	n/a	n/a
183.871	0.016	saccade	n/a	97.8	140.5	n/a	68.2	132.7	1.0	79.0
183.889	0.084	fixation	n/a	84.9	141.4	3534.0	n/a	n/a	n/a	n/a
183.975	0.064	saccade	n/a	101.7	139.8	n/a	168.7	145.3	2.23	161.0
184.041	0.026	fixation	n/a	169.5	146.6	3547.0	n/a	n/a	n/a	n/a
184.069	0.022	saccade	n/a	166.0	147.1	n/a	184.6	152.9	0.65	95.0
184.093	0.1	fixation	n/a	185.3	150.9	3623.0	n/a	n/a	n/a	n/a
184.195	0.042	saccade	n/a	204.9	156.4	n/a	329.0	154.1	4.21	208.0
184.239	0.202	fixation	n/a	327.4	157.1	3524.0	n/a	n/a	n/a	n/a
184.443	0.036	saccade	n/a	323.4	163.7	n/a	445.7	155.2	4.21	183.0
184.481	0.16	fixation	n/a	452.7	154.6	3455.0	n/a	n/a	n/a	n/a
184.643	0.026	saccade	n/a	457.4	153.2	n/a	520.6	159.8	2.19	118.0
184.671	0.188	fixation	n/a	526.6	151.3	3352.0	n/a	n/a	n/a	n/a
184.861	0.046	saccade	n/a	530.8	144.7	n/a	261.6	212.3	9.48	399.0
184.909	0.072	fixation	n/a	261.2	212.4	3423.0	n/a	n/a	n/a	n/a
184.983	0.032	saccade	n/a	260.9	218.7	n/a	135.3	213.5	4.21	236.0
185.017	0.36	fixation	n/a	125.4	212.7	3427.0	n/a	n/a	n/a	n/a
185.379	0.034	saccade	n/a	111.5	213.1	n/a	216.0	215.9	3.48	254.0
185.415	0.17	fixation	n/a	228.0	219.6	3471.0	n/a	n/a	n/a	n/a
185.587	0.024	saccade	n/a	235.4	221.4	n/a	299.7	220.6	2.18	136.0
185.613	0.282	fixation	n/a	304.9	226.4	3479.0	n/a	n/a	n/a	n/a
185.897	0.028	saccade	n/a	319.2	224.7	n/a	383.1	223.2	2.19	94.0
185.927	0.28	fixation	n/a	386.0	227.5	3297.0	n/a	n/a	n/a	n/a
186.209	0.032	saccade	n/a	389.1	222.8	n/a	280.4	226.5	3.72	202.0
186.243	0.314	fixation	n/a	280.6	225.2	3159.0	n/a	n/a	n/a	n/a
186.31	0.0	trigger_13	13	n/a	n/a	n/a	n/a	n/a	n/a	n/a
186.374	0.0	trigger_10	10	n/a	n/a	n/a	n/a	n/a	n/a	n/a
186.559	0.198	saccade	n/a	286.7	226.5	n/a	105.5	174.3	6.32	1026.0
186.649	0.052	blink	n/a	n/a	n/a	n/a	n/a	n/a	n/a	n/a
186.759	0.202	fixation	n/a	107.0	153.5	3160.0	n/a	n/a	n/a	n/a
186.963	0.024	saccade	n/a	109.3	149.2	n/a	158.9	157.9	1.67	85.0
186.989	0.222	fixation	n/a	166.8	168.9	3067.0	n/a	n/a	n/a	n/a
187.213	0.026	saccade	n/a	172.4	172.1	n/a	255.8	170.2	2.81	150.0
187.241	0.25	fixation	n/a	267.3	166.6	3123.0	n/a	n/a	n/a	n/a
187.493	0.024	saccade	n/a	272.9	169.6	n/a	330.6	167.2	1.97	106.0
187.519	0.184	fixation	n/a	349.7	170.7	3133.0	n/a	n/a	n/a	n/a
187.705	0.028	saccade	n/a	358.1	166.7	n/a	444.3	151.9	3.01	148.0
187.735	0.326	fixation	n/a	464.9	155.2	3097.0	n/a	n/a	n/a	n/a
188.063	0.026	saccade	n/a	464.2	158.0	n/a	512.0	164.3	1.66	78.0
188.091	0.264	fixation	n/a	520.4	169.7	3055.0	n/a	n/a	n/a	n/a
188.357	0.02	saccade	n/a	532.0	184.9	n/a	576.7	175.5	1.57	86.0
188.379	0.298	fixation	n/a	584.6	182.6	2966.0	n/a	n/a	n/a	n/a
188.679	0.054	saccade	n/a	583.9	198.7	n/a	353.1	176.3	7.96	328.0
188.735	0.156	fixation	n/a	358.4	178.8	3005.0	n/a	n/a	n/a	n/a
188.893	0.036	saccade	n/a	359.0	179.3	n/a	224.7	164.1	4.59	188.0
188.931	0.55	fixation	n/a	206.6	165.0	3146.0	n/a	n/a	n/a	n/a
189.38	0.0	trigger_11	11	n/a	n/a	n/a	n/a	n/a	n/a	n/a
189.442	0.0	trigger_10	10	n/a	n/a	n/a	n/a	n/a	n/a	n/a
189.483	0.024	saccade	n/a	205.7	168.2	n/a	206.8	165.1	0.11	64.0
189.509	0.072	fixation	n/a	201.1	165.5	3229.0	n/a	n/a	n/a	n/a
189.583	0.074	saccade	n/a	212.0	165.1	n/a	118.3	153.1	3.15	175.0
189.659	0.274	fixation	n/a	110.6	152.9	3355.0	n/a	n/a	n/a	n/a
189.935	0.026	saccade	n/a	118.3	148.2	n/a	178.2	154.8	2.0	134.0
189.963	0.138	fixation	n/a	176.6	153.9	3506.0	n/a	n/a	n/a	n/a
190.103	0.022	saccade	n/a	176.4	154.7	n/a	176.7	152.3	0.08	63.0
190.127	0.024	fixation	n/a	178.1	154.0	3527.0	n/a	n/a	n/a	n/a
190.153	0.022	saccade	n/a	174.6	153.4	n/a	156.7	147.6	0.63	72.0
190.177	0.042	fixation	n/a	169.1	152.3	3542.0	n/a	n/a	n/a	n/a
190.221	0.026	saccade	n/a	173.0	153.6	n/a	249.4	158.0	2.58	150.0
190.249	0.064	fixation	n/a	264.6	157.6	3563.0	n/a	n/a	n/a	n/a
190.315	0.242	saccade	n/a	266.2	156.8	n/a	333.2	159.4	2.28	1153.0
190.437	0.062	blink	n/a	n/a	n/a	n/a	n/a	n/a	n/a	n/a
190.559	0.314	fixation	n/a	336.2	143.7	3543.0	n/a	n/a	n/a	n/a
190.875	0.018	saccade	n/a	349.4	144.2	n/a	380.3	155.2	1.13	73.0
190.895	0.526	fixation	n/a	395.5	155.2	3257.0	n/a	n/a	n/a	n/a
191.423	0.03	saccade	n/a	401.8	154.1	n/a	472.8	147.3	2.46	137.0
191.455	0.244	fixation	n/a	471.6	150.4	3338.0	n/a	n/a	n/a	n/a
191.701	0.028	saccade	n/a	472.9	148.2	n/a	551.5	173.6	2.85	161.0
191.731	0.256	fixation	n/a	560.1	176.1	3380.0	n/a	n/a	n/a	n/a
191.989	0.066	saccade	n/a	559.0	174.7	n/a	129.3	213.8	14.56	404.0
192.057	0.418	fixation	n/a	123.2	216.5	3497.0	n/a	n/a	n/a	n/a
192.477	0.028	saccade	n/a	121.0	210.4	n/a	204.2	210.3	2.77	127.0
192.507	0.272	fixation	n/a	212.0	209.8	3436.0	n/a	n/a	n/a	n/a
192.781	0.016	saccade	n/a	206.4	207.9	n/a	175.3	209.4	1.04	82.0
192.799	0.356	fixation	n/a	188.2	213.5	3427.0	n/a	n/a	n/a	n/a
192.956	0.0	trigger_11	11	n/a	n/a	n/a	n/a	n/a	n/a	n/a
193.01	0.0	trigger_10	10	n/a	n/a	n/a	n/a	n/a	n/a	n/a
193.157	0.028	saccade	n/a	185.9	211.4	n/a	104.9	157.9	3.25	188.0
193.187	0.21	fixation	n/a	112.4	161.0	3446.0	n/a	n/a	n/a	n/a
193.399	0.02	saccade	n/a	113.5	153.7	n/a	164.7	148.7	1.71	106.0
193.421	0.306	fixation	n/a	211.6	156.7	3491.0	n/a	n/a	n/a	n/a
193.729	0.032	saccade	n/a	212.0	155.4	n/a	341.8	165.5	4.42	227.0
193.763	0.324	fixation	n/a	353.1	165.7	3451.0	n/a	n/a	n/a	n/a
194.089	0.026	saccade	n/a	351.0	170.0	n/a	277.3	165.7	2.52	123.0
194.117	0.316	fixation	n/a	268.4	161.3	3356.0	n/a	n/a	n/a	n/a
194.435	0.194	saccade	n/a	273.4	174.0	n/a	302.8	177.0	1.01	929.0
194.489	0.08	blink	n/a	n/a	n/a	n/a	n/a	n/a	n/a	n/a
194.631	0.188	fixation	n/a	313.5	165.4	3354.0	n/a	n/a	n/a	n/a
194.821	0.018	saccade	n/a	316.5	158.9	n/a	351.4	167.9	1.23	82.0
194.841	0.236	fixation	n/a	353.2	162.2	3170.0	n/a	n/a	n/a	n/a
195.079	0.034	saccade	n/a	355.5	155.1	n/a	429.9	159.9	2.57	115.0
195.115	1.054	fixation	n/a	475.4	161.2	3145.0	n/a	n/a	n/a	n/a
196.171	0.068	saccade	n/a	541.5	184.6	n/a	122.6	216.2	14.1	372.0
196.241	0.258	fixation	n/a	134.0	223.5	3278.0	n/a	n/a	n/a	n/a
196.501	0.036	saccade	n/a	133.4	225.8	n/a	229.5	242.6	3.25	172.0
196.539	0.202	fixation	n/a	232.3	241.0	3264.0	n/a	n/a	n/a	n/a
196.743	0.026	saccade	n/a	238.2	233.9	n/a	297.7	235.5	2.01	90.0
196.771	0.236	fixation	n/a	307.5	231.8	3307.0	n/a	n/a	n/a	n/a
197.009	0.038	saccade	n/a	310.0	233.0	n/a	432.2	231.9	4.17	195.0
197.049	0.226	fixation	n/a	432.5	235.1	3323.0	n/a	n/a	n/a	n/a
197.277	0.024	saccade	n/a	435.6	236.1	n/a	487.5	235.8	1.78	105.0
197.303	0.52	fixation	n/a	497.7	240.5	3425.0	n/a	n/a	n/a	n/a
197.825	0.02	saccade	n/a	511.4	236.8	n/a	547.8	233.1	1.26	90.0
197.847	0.218	fixation	n/a	543.9	220.4	3459.0	n/a	n/a	n/a	n/a
198.067	0.022	saccade	n/a	545.8	213.0	n/a	585.7	222.9	1.41	77.0
198.091	0.222	fixation	n/a	586.5	217.8	3553.0	n/a	n/a	n/a	n/a
198.315	0.084	saccade	n/a	585.3	208.9	n/a	174.6	217.5	13.9	318.0
198.401	0.156	fixation	n/a	173.3	215.9	3633.0	n/a	n/a	n/a	n/a
198.559	0.028	saccade	n/a	174.2	216.9	n/a	167.0	145.6	2.47	132.0
198.589	0.16	fixation	n/a	216.3	131.9	3550.0	n/a	n/a	n/a	n/a
198.751	0.038	saccade	n/a	209.4	127.8	n/a	372.2	150.1	5.59	311.0
198.791	0.278	fixation	n/a	375.5	149.3	3586.0	n/a	n/a	n/a	n/a
199.071	0.026	saccade	n/a	380.0	155.9	n/a	456.5	149.5	2.64	133.0
199.099	0.098	fixation	n/a	465.9	147.6	3630.0	n/a	n/a	n/a	n/a
199.199	0.03	saccade	n/a	467.5	150.1	n/a	532.3	139.0	2.26	148.0
199.231	0.19	fixation	n/a	526.7	144.4	3734.0	n/a	n/a	n/a	n/a
199.423	0.068	saccade	n/a	525.0	149.3	n/a	150.9	201.5	12.77	356.0
199.493	0.494	fixation	n/a	157.6	211.7	3700.0	n/a	n/a	n/a	n/a
199.756	0.0	trigger_11	11	n/a	n/a	n/a	n/a	n/a	n/a	n/a
199.818	0.0	trigger_10	10	n/a	n/a	n/a	n/a	n/a	n/a	n/a
199.989	0.028	saccade	n/a	155.9	217.4	n/a	94.6	175.7	2.47	157.0
200.019	0.216	fixation	n/a	104.3	161.3	3585.0	n/a	n/a	n/a	n/a
200.237	0.2	saccade	n/a	109.0	169.7	n/a	82.0	160.1	0.94	1084.0
200.285	0.094	blink	n/a	n/a	n/a	n/a	n/a	n/a	n/a	n/a
200.439	0.226	fixation	n/a	82.2	146.9	3584.0	n/a	n/a	n/a	n/a
200.667	0.018	saccade	n/a	91.2	147.8	n/a	129.3	150.9	1.26	88.0
200.687	0.356	fixation	n/a	124.0	156.7	3453.0	n/a	n/a	n/a	n/a
201.045	0.024	saccade	n/a	127.8	151.6	n/a	171.8	161.4	1.5	69.0
201.071	0.236	fixation	n/a	192.9	161.0	3480.0	n/a	n/a	n/a	n/a
201.309	0.024	saccade	n/a	199.6	159.1	n/a	253.0	165.3	1.81	102.0
201.335	0.234	fixation	n/a	261.3	169.5	3547.0	n/a	n/a	n/a	n/a
201.571	0.028	saccade	n/a	256.6	158.5	n/a	329.0	163.9	2.47	123.0
201.601	0.21	fixation	n/a	334.1	160.6	3517.0	n/a	n/a	n/a	n/a
201.813	0.026	saccade	n/a	338.3	158.7	n/a	410.8	162.2	2.49	134.0
201.841	0.262	fixation	n/a	417.6	165.0	3549.0	n/a	n/a	n/a	n/a
202.105	0.018	saccade	n/a	425.6	166.2	n/a	456.1	158.8	1.08	76.0
202.125	0.148	fixation	n/a	461.7	157.0	3506.0	n/a	n/a	n/a	n/a
202.275	0.028	saccade	n/a	463.8	162.2	n/a	530.1	159.8	2.28	101.0
202.305	0.264	fixation	n/a	548.4	169.8	3398.0	n/a	n/a	n/a	n/a
202.571	0.072	saccade	n/a	547.3	173.7	n/a	142.7	217.8	13.75	332.0
202.645	0.366	fixation	n/a	140.9	223.6	3400.0	n/a	n/a	n/a	n/a
203.013	0.032	saccade	n/a	136.9	228.4	n/a	239.5	224.5	3.43	136.0
203.047	0.314	fixation	n/a	248.7	226.5	3457.0	n/a	n/a	n/a	n/a
203.363	0.022	saccade	n/a	250.7	226.1	n/a	294.8	229.0	1.5	85.0
203.387	0.212	fixation	n/a	301.4	223.4	3425.0	n/a	n/a	n/a	n/a
203.601	0.036	saccade	n/a	302.6	227.1	n/a	148.0	222.5	5.21	251.0
203.639	0.57	fixation	n/a	146.5	220.2	3459.0	n/a	n/a	n/a	n/a
204.211	0.072	saccade	n/a	144.4	222.4	n/a	471.6	172.9	11.2	281.0
204.285	0.336	fixation	n/a	464.1	165.9	3491.0	n/a	n/a	n/a	n/a
204.623	0.024	saccade	n/a	458.4	157.9	n/a	518.6	157.0	2.08	116.0
204.649	0.24	fixation	n/a	529.1	168.2	3243.0	n/a	n/a	n/a	n/a
204.891	0.066	saccade	n/a	532.5	173.4	n/a	202.4	225.6	11.35	269.0
204.959	0.332	fixation	n/a	183.1	226.9	3280.0	n/a	n/a	n/a	n/a
205.293	0.028	saccade	n/a	180.7	223.9	n/a	234.7	232.9	1.84	138.0
205.323	0.222	fixation	n/a	239.0	225.2	3338.0	n/a	n/a	n/a	n/a
205.547	0.082	saccade	n/a	238.7	220.6	n/a	220.3	197.7	1.01	189.0
205.631	0.04	fixation	n/a	231.5	203.0	3117.0	n/a	n/a	n/a	n/a
205.673	0.068	saccade	n/a	243.4	203.8	n/a	210.2	196.5	1.15	212.0
205.743	0.046	fixation	n/a	223.4	196.0	3148.0	n/a	n/a	n/a	n/a
205.791	0.242	saccade	n/a	245.8	203.2	n/a	35.1	71.4	8.37	941.0
205.879	0.03	blink	n/a	n/a	n/a	n/a	n/a	n/a	n/a	n/a
206.035	0.044	fixation	n/a	34.8	52.0	3308.0	n/a	n/a	n/a	n/a
206.081	0.082	saccade	n/a	31.3	56.5	n/a	0.8	95.0	1.65	240.0
206.165	0.478	fixation	n/a	20.9	90.1	3357.0	n/a	n/a	n/a	n/a
206.645	0.11	saccade	n/a	39.4	71.7	n/a	71.9	77.0	1.08	542.0
206.757	0.078	fixation	n/a	82.1	55.7	3287.0	n/a	n/a	n/a	n/a
206.837	0.014	saccade	n/a	88.2	57.5	n/a	87.8	48.6	0.31	63.0
206.853	0.032	fixation	n/a	86.1	57.1	3307.0	n/a	n/a	n/a	n/a
206.887	0.066	saccade	n/a	83.7	74.0	n/a	316.5	144.6	8.24	513.0
206.955	0.108	fixation	n/a	322.9	149.3	3776.0	n/a	n/a	n/a	n/a
207.065	0.1	saccade	n/a	322.4	150.4	n/a	110.6	132.0	7.22	181.0
207.167	0.066	fixation	n/a	119.1	149.9	3777.0	n/a	n/a	n/a	n/a
207.235	0.132	saccade	n/a	111.8	155.3	n/a	126.0	155.0	0.48	190.0
207.244	0.0	trigger_11	11	n/a	n/a	n/a	n/a	n/a	n/a	n/a
207.306	0.0	trigger_10	10	n/a	n/a	n/a	n/a	n/a	n/a	n/a
207.369	0.028	fixation	n/a	111.5	148.6	3765.0	n/a	n/a	n/a	n/a
207.399	0.39	saccade	n/a	109.5	141.0	n/a	227.5	171.1	4.12	339.0
207.791	0.38	fixation	n/a	258.3	180.3	4036.0	n/a	n/a	n/a	n/a
208.173	0.256	saccade	n/a	309.1	182.1	n/a	128.3	65.0	7.38	500.0
208.431	0.056	fixation	n/a	121.8	73.4	3182.0	n/a	n/a	n/a	n/a
208.489	0.038	saccade	n/a	117.6	68.4	n/a	403.8	164.6	10.31	629.0
208.529	0.246	fixation	n/a	447.2	149.2	3705.0	n/a	n/a	n/a	n/a
208.777	0.022	saccade	n/a	456.3	146.1	n/a	499.7	126.8	1.66	106.0
208.801	0.228	fixation	n/a	507.7	122.4	3734.0	n/a	n/a	n/a	n/a
209.031	0.016	saccade	n/a	513.1	121.9	n/a	533.9	121.3	0.73	52.0
209.049	0.074	fixation	n/a	543.3	121.3	3677.0	n/a	n/a	n/a	n/a
209.125	0.07	saccade	n/a	545.0	120.5	n/a	77.2	182.7	15.98	395.0
209.197	0.262	fixation	n/a	55.2	184.5	3425.0	n/a	n/a	n/a	n/a
209.461	0.024	saccade	n/a	47.6	179.5	n/a	88.6	167.3	1.41	96.0
209.487	0.068	fixation	n/a	87.0	173.3	3264.0	n/a	n/a	n/a	n/a
209.557	0.02	saccade	n/a	82.1	158.9	n/a	94.2	159.5	0.4	92.0
209.579	0.11	fixation	n/a	102.8	166.0	3367.0	n/a	n/a	n/a	n/a
209.691	0.036	saccade	n/a	97.2	152.4	n/a	114.4	168.9	0.81	186.0
209.729	0.226	fixation	n/a	115.5	136.7	3094.0	n/a	n/a	n/a	n/a
209.957	0.066	saccade	n/a	113.7	125.5	n/a	113.5	125.3	0.01	108.0
210.025	0.026	fixation	n/a	121.0	134.2	3002.0	n/a	n/a	n/a	n/a
210.053	0.022	saccade	n/a	120.7	151.1	n/a	131.2	120.8	1.11	83.0
210.077	0.028	fixation	n/a	116.9	124.6	2994.0	n/a	n/a	n/a	n/a
210.107	0.034	saccade	n/a	107.5	118.6	n/a	60.6	119.9	1.55	105.0
210.143	0.282	fixation	n/a	34.3	100.9	3339.0	n/a	n/a	n/a	n/a
210.427	0.046	saccade	n/a	42.1	108.0	n/a	128.7	61.7	3.28	126.0
210.475	0.222	fixation	n/a	136.9	66.4	3033.0	n/a	n/a	n/a	n/a
210.699	0.062	saccade	n/a	126.9	68.4	n/a	459.2	117.2	11.43	661.0
210.763	0.306	fixation	n/a	472.9	127.1	3707.0	n/a	n/a	n/a	n/a
211.071	0.12	saccade	n/a	474.7	125.0	n/a	89.7	156.7	13.1	298.0
211.193	0.05	fixation	n/a	68.0	147.8	3408.0	n/a	n/a	n/a	n/a
211.245	0.072	saccade	n/a	72.7	132.4	n/a	61.4	152.1	0.77	104.0
211.319	0.146	fixation	n/a	71.7	150.8	3320.0	n/a	n/a	n/a	n/a
211.467	0.018	saccade	n/a	66.3	150.8	n/a	62.0	106.7	1.52	103.0
211.487	0.222	fixation	n/a	69.0	83.5	3206.0	n/a	n/a	n/a	n/a
211.5	0.0	trigger_11	11	n/a	n/a	n/a	n/a	n/a	n/a	n/a
211.556	0.0	trigger_10	10	n/a	n/a	n/a	n/a	n/a	n/a	n/a
211.711	0.05	saccade	n/a	74.2	74.1	n/a	29.0	93.8	1.63	102.0
211.763	0.182	fixation	n/a	33.6	94.4	3355.0	n/a	n/a	n/a	n/a
211.947	0.052	saccade	n/a	57.7	112.1	n/a	16.9	94.2	1.46	108.0
212.001	0.228	fixation	n/a	22.4	94.1	3417.0	n/a	n/a	n/a	n/a
212.231	0.2	saccade	n/a	26.5	103.9	n/a	67.5	141.3	1.85	981.0
212.287	0.084	blink	n/a	n/a	n/a	n/a	n/a	n/a	n/a	n/a
212.433	0.266	fixation	n/a	64.5	123.7	3316.0	n/a	n/a	n/a	n/a
212.701	0.014	saccade	n/a	73.1	132.7	n/a	95.5	125.2	0.78	64.0
212.717	0.186	fixation	n/a	120.7	126.6	3098.0	n/a	n/a	n/a	n/a
212.905	0.02	saccade	n/a	138.0	137.1	n/a	119.0	126.8	0.73	86.0
212.927	0.026	fixation	n/a	121.8	126.8	3035.0	n/a	n/a	n/a	n/a
212.955	0.032	saccade	n/a	122.1	122.8	n/a	194.1	135.4	2.46	155.0
212.989	0.03	fixation	n/a	200.5	135.7	3068.0	n/a	n/a	n/a	n/a
213.021	0.058	saccade	n/a	194.8	129.6	n/a	221.5	141.2	0.99	104.0
213.081	0.068	fixation	n/a	226.6	138.2	3135.0	n/a	n/a	n/a	n/a
213.151	0.038	saccade	n/a	211.2	124.0	n/a	209.0	121.2	0.12	123.0
213.191	0.124	fixation	n/a	221.9	130.9	3173.0	n/a	n/a	n/a	n/a
213.317	0.07	saccade	n/a	233.7	148.2	n/a	290.1	139.6	1.95	144.0
213.389	0.03	fixation	n/a	304.9	139.0	3263.0	n/a	n/a	n/a	n/a
213.421	0.126	saccade	n/a	300.0	130.7	n/a	432.5	151.4	4.63	171.0
213.549	0.24	fixation	n/a	441.2	160.0	3399.0	n/a	n/a	n/a	n/a
213.791	0.016	saccade	n/a	449.2	165.0	n/a	472.7	148.8	0.99	74.0
213.809	0.17	fixation	n/a	490.5	139.9	3480.0	n/a	n/a	n/a	n/a
213.981	0.072	saccade	n/a	495.7	148.2	n/a	102.2	215.0	13.49	390.0
214.055	0.324	fixation	n/a	77.7	206.3	3534.0	n/a	n/a	n/a	n/a
214.381	0.036	saccade	n/a	93.6	208.4	n/a	195.0	210.3	3.38	133.0
214.419	0.022	fixation	n/a	205.9	210.8	3569.0	n/a	n/a	n/a	n/a
214.443	0.04	saccade	n/a	205.3	210.4	n/a	201.2	202.7	0.3	142.0
214.485	0.064	fixation	n/a	213.1	207.8	3624.0	n/a	n/a	n/a	n/a
214.551	0.024	saccade	n/a	222.5	213.5	n/a	215.0	207.3	0.33	71.0
214.577	0.092	fixation	n/a	220.9	209.8	3668.0	n/a	n/a	n/a	n/a
214.671	0.032	saccade	n/a	222.7	210.8	n/a	343.2	225.2	4.15	222.0
214.705	0.138	fixation	n/a	337.2	220.6	3699.0	n/a	n/a	n/a	n/a
214.845	0.028	saccade	n/a	335.2	220.9	n/a	419.2	218.7	2.89	141.0
214.875	0.198	fixation	n/a	422.8	220.5	3607.0	n/a	n/a	n/a	n/a
215.075	0.018	saccade	n/a	429.3	216.7	n/a	453.2	223.9	0.86	56.0
215.095	0.212	fixation	n/a	467.9	226.3	3433.0	n/a	n/a	n/a	n/a
215.309	0.026	saccade	n/a	470.8	224.1	n/a	543.8	238.8	2.57	117.0
215.337	0.324	fixation	n/a	562.0	236.2	3448.0	n/a	n/a	n/a	n/a
215.663	0.16	saccade	n/a	567.7	235.2	n/a	171.3	192.4	13.54	348.0
215.825	0.148	fixation	n/a	159.5	195.3	3092.0	n/a	n/a	n/a	n/a
215.975	0.018	saccade	n/a	154.3	189.5	n/a	143.3	157.8	1.15	81.0
215.995	0.214	fixation	n/a	151.8	141.7	3014.0	n/a	n/a	n/a	n/a
216.211	0.11	saccade	n/a	149.3	143.0	n/a	355.0	131.0	6.97	205.0
216.323	0.072	fixation	n/a	359.6	135.0	3018.0	n/a	n/a	n/a	n/a
216.397	0.038	saccade	n/a	370.4	145.5	n/a	364.3	138.0	0.34	149.0
216.437	0.02	fixation	n/a	363.5	139.3	3036.0	n/a	n/a	n/a	n/a
216.459	0.036	saccade	n/a	361.8	138.1	n/a	354.8	142.2	0.28	122.0
216.46	0.0	trigger_11	11	n/a	n/a	n/a	n/a	n/a	n/a	n/a
216.497	0.032	fixation	n/a	352.6	139.1	3005.0	n/a	n/a	n/a	n/a
216.52	0.0	trigger_10	10	n/a	n/a	n/a	n/a	n/a	n/a	n/a
216.531	0.098	saccade	n/a	357.6	138.5	n/a	419.2	150.2	2.17	219.0
216.631	0.03	fixation	n/a	408.3	154.3	3174.0	n/a	n/a	n/a	n/a
216.663	0.066	saccade	n/a	393.0	150.6	n/a	115.0	126.0	9.43	443.0
216.731	0.376	fixation	n/a	86.5	147.9	3140.0	n/a	n/a	n/a	n/a
217.109	0.016	saccade	n/a	79.6	145.3	n/a	99.2	128.4	0.87	60.0
217.127	0.218	fixation	n/a	113.9	126.2	3005.0	n/a	n/a	n/a	n/a
217.347	0.072	saccade	n/a	122.7	125.5	n/a	205.2	119.6	2.77	150.0
217.421	0.116	fixation	n/a	217.6	123.2	2951.0	n/a	n/a	n/a	n/a
217.539	0.034	saccade	n/a	222.9	120.1	n/a	394.8	150.9	5.96	380.0
217.575	0.042	fixation	n/a	399.1	158.7	3152.0	n/a	n/a	n/a	n/a
217.619	0.016	saccade	n/a	396.3	163.5	n/a	372.4	143.6	1.08	92.0
217.637	0.048	fixation	n/a	387.0	151.3	3122.0	n/a	n/a	n/a	n/a
217.687	0.278	saccade	n/a	400.1	157.9	n/a	534.5	163.4	4.64	186.0
217.967	0.176	fixation	n/a	544.0	159.9	3075.0	n/a	n/a	n/a	n/a
218.145	0.058	saccade	n/a	553.2	172.5	n/a	114.5	205.6	14.87	535.0
218.205	0.14	fixation	n/a	95.2	219.7	3218.0	n/a	n/a	n/a	n/a
218.347	0.162	saccade	n/a	104.2	222.9	n/a	305.5	252.9	6.83	1212.0
218.387	0.058	blink	n/a	n/a	n/a	n/a	n/a	n/a	n/a	n/a
218.511	0.036	fixation	n/a	312.7	242.8	3264.0	n/a	n/a	n/a	n/a
218.549	0.254	saccade	n/a	311.8	243.3	n/a	338.6	228.2	1.06	162.0
218.805	0.058	fixation	n/a	347.0	236.0	3384.0	n/a	n/a	n/a	n/a
218.865	0.026	saccade	n/a	358.2	238.9	n/a	433.6	227.5	2.63	130.0
218.893	0.256	fixation	n/a	436.4	229.5	3350.0	n/a	n/a	n/a	n/a
219.151	0.03	saccade	n/a	440.8	234.6	n/a	412.6	304.7	2.63	162.0
219.183	0.17	fixation	n/a	411.8	289.2	3505.0	n/a	n/a	n/a	n/a
219.355	0.02	saccade	n/a	415.6	292.3	n/a	459.5	297.8	1.52	102.0
219.377	0.124	fixation	n/a	458.4	298.0	3558.0	n/a	n/a	n/a	n/a
219.503	0.044	saccade	n/a	456.9	299.0	n/a	192.1	293.6	8.98	401.0
219.549	0.356	fixation	n/a	194.5	304.4	3620.0	n/a	n/a	n/a	n/a
219.678	0.0	trigger_11	11	n/a	n/a	n/a	n/a	n/a	n/a	n/a
219.738	0.0	trigger_12	12	n/a	n/a	n/a	n/a	n/a	n/a	n/a
219.907	0.032	saccade	n/a	187.8	299.6	n/a	108.7	200.6	4.28	210.0
219.941	0.402	fixation	n/a	105.4	169.1	3535.0	n/a	n/a	n/a	n/a
220.345	0.026	saccade	n/a	107.4	162.6	n/a	177.8	159.1	2.33	105.0
220.373	0.174	fixation	n/a	190.1	159.6	3634.0	n/a	n/a	n/a	n/a
220.549	0.02	saccade	n/a	212.7	164.2	n/a	258.4	158.5	1.56	100.0
220.571	0.036	fixation	n/a	254.7	159.2	3749.0	n/a	n/a	n/a	n/a
220.609	0.026	saccade	n/a	254.6	160.3	n/a	258.5	158.9	0.14	101.0
220.637	0.098	fixation	n/a	251.4	156.8	3796.0	n/a	n/a	n/a	n/a
220.737	0.028	saccade	n/a	253.3	157.1	n/a	311.8	156.5	1.99	138.0
220.767	0.108	fixation	n/a	317.2	154.4	3846.0	n/a	n/a	n/a	n/a
220.877	0.028	saccade	n/a	318.7	148.7	n/a	323.8	151.4	0.2	104.0
220.907	0.104	fixation	n/a	327.2	156.9	3894.0	n/a	n/a	n/a	n/a
221.013	0.032	saccade	n/a	328.0	162.4	n/a	412.7	147.8	2.94	147.0
221.047	0.098	fixation	n/a	403.1	148.6	3857.0	n/a	n/a	n/a	n/a
221.147	0.024	saccade	n/a	410.0	145.9	n/a	468.3	145.1	2.0	130.0
221.173	0.212	fixation	n/a	466.0	143.8	3865.0	n/a	n/a	n/a	n/a
221.387	0.022	saccade	n/a	468.7	140.5	n/a	512.7	127.6	1.58	95.0
221.411	0.14	fixation	n/a	513.5	130.1	3841.0	n/a	n/a	n/a	n/a
221.553	0.064	saccade	n/a	512.5	133.3	n/a	146.0	207.7	12.63	346.0
221.619	0.284	fixation	n/a	147.4	213.5	3906.0	n/a	n/a	n/a	n/a
221.905	0.032	saccade	n/a	148.0	217.1	n/a	68.3	219.1	2.62	182.0
221.939	0.25	fixation	n/a	85.3	216.6	3932.0	n/a	n/a	n/a	n/a
222.191	0.032	saccade	n/a	85.6	217.8	n/a	202.9	217.5	3.88	198.0
222.225	0.26	fixation	n/a	208.0	217.9	3946.0	n/a	n/a	n/a	n/a
222.238	0.0	trigger_13	13	n/a	n/a	n/a	n/a	n/a	n/a	n/a
222.294	0.0	trigger_10	10	n/a	n/a	n/a	n/a	n/a	n/a	n/a
222.487	0.028	saccade	n/a	200.6	215.2	n/a	113.0	169.0	3.31	186.0
222.517	0.252	fixation	n/a	110.0	155.5	3862.0	n/a	n/a	n/a	n/a
222.771	0.104	saccade	n/a	113.5	151.7	n/a	189.9	147.0	2.53	113.0
222.877	0.084	fixation	n/a	183.3	148.6	3761.0	n/a	n/a	n/a	n/a
222.963	0.07	saccade	n/a	189.5	146.4	n/a	274.6	162.5	2.92	142.0
223.035	0.268	fixation	n/a	289.9	162.8	3760.0	n/a	n/a	n/a	n/a
223.305	0.024	saccade	n/a	298.2	167.0	n/a	350.1	169.9	1.77	85.0
223.331	0.34	fixation	n/a	366.2	171.9	3630.0	n/a	n/a	n/a	n/a
223.673	0.028	saccade	n/a	368.2	171.7	n/a	279.5	161.7	3.04	143.0
223.703	0.26	fixation	n/a	261.3	159.4	3587.0	n/a	n/a	n/a	n/a
223.83	0.0	trigger_11	11	n/a	n/a	n/a	n/a	n/a	n/a	n/a
223.888	0.0	trigger_10	10	n/a	n/a	n/a	n/a	n/a	n/a	n/a
223.965	0.034	saccade	n/a	258.5	160.8	n/a	261.1	160.9	0.09	125.0
224.001	0.04	fixation	n/a	256.1	160.9	3590.0	n/a	n/a	n/a	n/a
224.043	0.034	saccade	n/a	261.3	161.2	n/a	138.7	145.9	4.13	211.0
224.079	0.23	fixation	n/a	136.0	148.8	3658.0	n/a	n/a	n/a	n/a
224.311	0.018	saccade	n/a	135.1	155.1	n/a	100.2	150.1	1.16	83.0
224.331	0.112	fixation	n/a	99.8	150.2	3716.0	n/a	n/a	n/a	n/a
224.445	0.198	saccade	n/a	106.2	155.3	n/a	235.7	182.2	4.4	1185.0
224.493	0.092	blink	n/a	n/a	n/a	n/a	n/a	n/a	n/a	n/a
224.645	0.412	fixation	n/a	234.6	167.6	3717.0	n/a	n/a	n/a	n/a
225.059	0.02	saccade	n/a	234.5	170.2	n/a	273.7	176.9	1.34	81.0
225.081	0.628	fixation	n/a	300.0	177.6	3431.0	n/a	n/a	n/a	n/a
225.711	0.026	saccade	n/a	336.3	170.3	n/a	396.3	172.5	2.05	91.0
225.739	0.586	fixation	n/a	438.3	169.4	3359.0	n/a	n/a	n/a	n/a
226.327	0.022	saccade	n/a	461.3	172.1	n/a	506.4	174.1	1.55	94.0
226.351	0.338	fixation	n/a	528.0	170.6	3419.0	n/a	n/a	n/a	n/a
226.691	0.072	saccade	n/a	535.7	170.0	n/a	116.0	221.6	14.2	403.0
226.765	0.338	fixation	n/a	132.2	228.8	3555.0	n/a	n/a	n/a	n/a
227.105	0.024	saccade	n/a	129.4	232.4	n/a	194.4	224.8	2.18	126.0
227.131	0.198	fixation	n/a	200.6	218.7	3510.0	n/a	n/a	n/a	n/a
227.331	0.048	saccade	n/a	206.0	217.7	n/a	426.2	212.9	7.45	302.0
227.381	0.326	fixation	n/a	427.6	216.0	3584.0	n/a	n/a	n/a	n/a
227.709	0.026	saccade	n/a	428.3	215.6	n/a	512.6	210.0	2.89	160.0
227.737	0.228	fixation	n/a	504.7	217.3	3580.0	n/a	n/a	n/a	n/a
227.967	0.026	saccade	n/a	502.0	224.4	n/a	571.5	230.0	2.38	150.0
227.995	0.206	fixation	n/a	572.7	235.2	3565.0	n/a	n/a	n/a	n/a
228.203	0.078	saccade	n/a	571.2	232.0	n/a	117.5	284.7	15.28	374.0
228.283	0.218	fixation	n/a	123.2	287.5	3701.0	n/a	n/a	n/a	n/a
228.503	0.032	saccade	n/a	119.9	285.6	n/a	239.5	292.1	3.97	198.0
228.537	0.308	fixation	n/a	252.3	299.3	3614.0	n/a	n/a	n/a	n/a
228.847	0.032	saccade	n/a	257.5	306.7	n/a	384.4	303.3	4.3	212.0
228.881	0.292	fixation	n/a	399.4	299.8	3474.0	n/a	n/a	n/a	n/a
229.175	0.048	saccade	n/a	406.5	301.6	n/a	539.5	308.8	4.55	140.0
229.225	1.038	fixation	n/a	536.0	313.1	3268.0	n/a	n/a	n/a	n/a
230.265	0.074	saccade	n/a	533.8	313.4	n/a	129.0	356.0	13.57	361.0
230.341	0.352	fixation	n/a	130.2	352.7	3364.0	n/a	n/a	n/a	n/a
230.695	0.032	saccade	n/a	128.7	355.2	n/a	238.7	365.0	3.65	158.0
230.729	0.332	fixation	n/a	274.1	368.6	3327.0	n/a	n/a	n/a	n/a
231.063	0.048	saccade	n/a	277.7	370.3	n/a	443.5	377.7	5.6	180.0
231.113	0.168	fixation	n/a	439.9	373.4	3272.0	n/a	n/a	n/a	n/a
231.283	0.184	saccade	n/a	440.0	377.5	n/a	554.3	367.2	3.89	1190.0
231.325	0.072	blink	n/a	n/a	n/a	n/a	n/a	n/a	n/a	n/a
231.469	0.128	fixation	n/a	555.1	356.8	3145.0	n/a	n/a	n/a	n/a
231.599	0.022	saccade	n/a	560.5	351.6	n/a	598.7	359.6	1.32	72.0
231.623	0.174	fixation	n/a	604.8	370.8	3086.0	n/a	n/a	n/a	n/a
231.799	0.068	saccade	n/a	603.9	368.2	n/a	220.1	219.7	13.87	436.0
231.869	0.182	fixation	n/a	220.1	220.7	3189.0	n/a	n/a	n/a	n/a
232.053	0.018	saccade	n/a	219.4	224.6	n/a	183.0	232.1	1.24	95.0
232.073	0.072	fixation	n/a	189.0	231.2	3235.0	n/a	n/a	n/a	n/a
232.147	0.03	saccade	n/a	188.1	227.5	n/a	115.9	223.4	2.39	170.0
232.179	0.15	fixation	n/a	124.6	231.3	3323.0	n/a	n/a	n/a	n/a
232.331	0.066	saccade	n/a	133.6	233.7	n/a	489.8	155.7	12.25	338.0
232.399	0.286	fixation	n/a	494.6	152.3	3418.0	n/a	n/a	n/a	n/a
232.687	0.028	saccade	n/a	492.5	152.5	n/a	400.3	160.6	3.16	195.0
232.717	0.026	fixation	n/a	396.1	162.7	3507.0	n/a	n/a	n/a	n/a
232.745	0.036	saccade	n/a	401.5	163.4	n/a	309.1	161.3	3.14	231.0
232.783	0.122	fixation	n/a	319.0	163.5	3552.0	n/a	n/a	n/a	n/a
232.907	0.02	saccade	n/a	315.9	167.4	n/a	271.3	166.8	1.51	112.0
232.929	0.232	fixation	n/a	272.9	171.3	3566.0	n/a	n/a	n/a	n/a
233.163	0.026	saccade	n/a	271.0	164.0	n/a	215.5	160.0	1.87	132.0
233.191	0.132	fixation	n/a	217.4	160.4	3629.0	n/a	n/a	n/a	n/a
233.325	0.028	saccade	n/a	217.8	158.5	n/a	130.6	145.8	2.92	180.0
233.355	0.27	fixation	n/a	137.6	147.8	3689.0	n/a	n/a	n/a	n/a
233.627	0.026	saccade	n/a	142.2	149.6	n/a	229.0	157.9	2.9	146.0
233.655	0.192	fixation	n/a	238.1	158.6	3760.0	n/a	n/a	n/a	n/a
233.849	0.036	saccade	n/a	243.3	162.1	n/a	411.2	166.3	5.68	248.0
233.887	0.198	fixation	n/a	424.9	159.5	3718.0	n/a	n/a	n/a	n/a
234.087	0.03	saccade	n/a	425.2	167.1	n/a	413.9	244.5	2.71	145.0
234.119	0.42	fixation	n/a	418.4	239.7	3664.0	n/a	n/a	n/a	n/a
234.541	0.028	saccade	n/a	423.6	247.1	n/a	522.4	229.1	3.44	192.0
234.571	0.324	fixation	n/a	539.3	237.9	3375.0	n/a	n/a	n/a	n/a
234.897	0.072	saccade	n/a	544.0	239.9	n/a	136.1	301.1	13.85	358.0
234.971	0.234	fixation	n/a	148.0	303.3	3406.0	n/a	n/a	n/a	n/a
235.207	0.03	saccade	n/a	149.9	306.1	n/a	278.3	314.3	4.29	211.0
235.239	0.318	fixation	n/a	304.0	313.5	3304.0	n/a	n/a	n/a	n/a
235.302	0.0	trigger_11	11	n/a	n/a	n/a	n/a	n/a	n/a	n/a
235.366	0.0	trigger_10	10	n/a	n/a	n/a	n/a	n/a	n/a	n/a
235.559	0.118	saccade	n/a	309.5	312.8	n/a	81.3	191.9	8.62	268.0
235.679	0.292	fixation	n/a	103.4	175.5	3297.0	n/a	n/a	n/a	n/a
235.973	0.018	saccade	n/a	109.9	171.9	n/a	141.9	167.4	1.06	72.0
235.993	0.158	fixation	n/a	138.2	161.8	3259.0	n/a	n/a	n/a	n/a
236.153	0.026	saccade	n/a	136.1	157.2	n/a	194.5	169.2	1.98	94.0
236.181	0.126	fixation	n/a	224.3	171.0	3283.0	n/a	n/a	n/a	n/a
236.309	0.204	saccade	n/a	228.0	176.4	n/a	308.5	187.9	2.75	1075.0
236.355	0.102	blink	n/a	n/a	n/a	n/a	n/a	n/a	n/a	n/a
236.515	0.112	fixation	n/a	304.4	177.0	3440.0	n/a	n/a	n/a	n/a
236.629	0.028	saccade	n/a	301.5	176.9	n/a	297.5	171.5	0.23	115.0
236.659	0.26	fixation	n/a	296.8	169.5	3378.0	n/a	n/a	n/a	n/a
236.921	0.032	saccade	n/a	292.4	169.6	n/a	353.7	157.4	2.13	156.0
236.955	0.162	fixation	n/a	359.5	164.9	3321.0	n/a	n/a	n/a	n/a
237.119	0.012	saccade	n/a	343.1	154.6	n/a	361.2	164.8	0.72	79.0
237.133	0.042	fixation	n/a	364.1	171.9	3387.0	n/a	n/a	n/a	n/a
237.177	0.032	saccade	n/a	363.1	174.0	n/a	469.4	169.1	3.66	197.0
237.211	0.312	fixation	n/a	473.8	159.1	3452.0	n/a	n/a	n/a	n/a
237.525	0.06	saccade	n/a	467.1	159.4	n/a	118.4	212.4	11.9	384.0
237.587	0.276	fixation	n/a	119.3	213.1	3602.0	n/a	n/a	n/a	n/a
237.865	0.03	saccade	n/a	120.7	215.1	n/a	215.0	222.6	3.15	168.0
237.897	0.206	fixation	n/a	209.9	214.6	3695.0	n/a	n/a	n/a	n/a
238.105	0.018	saccade	n/a	214.3	213.4	n/a	256.8	213.3	1.44	103.0
238.125	0.244	fixation	n/a	261.1	212.4	3844.0	n/a	n/a	n/a	n/a
238.371	0.034	saccade	n/a	263.1	207.8	n/a	382.6	219.7	4.09	248.0
238.407	0.628	fixation	n/a	377.7	215.6	3941.0	n/a	n/a	n/a	n/a
239.037	0.026	saccade	n/a	382.1	213.0	n/a	466.6	212.6	2.91	164.0
239.065	0.216	fixation	n/a	473.3	209.9	3749.0	n/a	n/a	n/a	n/a
239.283	0.04	saccade	n/a	478.7	213.2	n/a	581.3	198.9	3.55	138.0
239.325	0.192	fixation	n/a	577.9	194.3	3877.0	n/a	n/a	n/a	n/a
239.519	0.076	saccade	n/a	573.2	194.4	n/a	119.7	274.7	15.47	411.0
239.597	0.26	fixation	n/a	118.1	279.6	4028.0	n/a	n/a	n/a	n/a
239.859	0.024	saccade	n/a	117.2	282.8	n/a	177.6	277.8	2.0	117.0
239.885	0.154	fixation	n/a	191.3	280.3	3956.0	n/a	n/a	n/a	n/a
240.041	0.024	saccade	n/a	193.1	280.6	n/a	259.8	285.2	2.24	140.0
240.067	0.242	fixation	n/a	258.2	280.0	3891.0	n/a	n/a	n/a	n/a
240.311	0.022	saccade	n/a	270.2	284.1	n/a	322.1	284.1	1.76	100.0
240.335	0.246	fixation	n/a	340.8	289.4	3972.0	n/a	n/a	n/a	n/a
240.583	0.026	saccade	n/a	343.2	294.4	n/a	411.9	298.6	2.35	117.0
240.611	0.286	fixation	n/a	429.9	310.7	3897.0	n/a	n/a	n/a	n/a
240.899	0.018	saccade	n/a	437.5	315.6	n/a	462.5	307.9	0.9	55.0
240.919	0.506	fixation	n/a	473.4	305.8	3687.0	n/a	n/a	n/a	n/a
241.214	0.0	trigger_11	11	n/a	n/a	n/a	n/a	n/a	n/a	n/a
241.272	0.0	trigger_10	10	n/a	n/a	n/a	n/a	n/a	n/a	n/a
241.427	0.234	saccade	n/a	478.3	313.6	n/a	137.3	197.4	12.12	967.0
241.547	0.052	blink	n/a	n/a	n/a	n/a	n/a	n/a	n/a	n/a
241.663	0.13	fixation	n/a	133.3	196.2	3663.0	n/a	n/a	n/a	n/a
241.795	0.018	saccade	n/a	126.0	193.2	n/a	104.1	176.8	0.91	62.0
241.815	0.522	fixation	n/a	117.4	174.9	3532.0	n/a	n/a	n/a	n/a
242.339	0.024	saccade	n/a	133.3	170.5	n/a	183.1	167.2	1.66	88.0
242.365	0.328	fixation	n/a	220.2	171.0	3547.0	n/a	n/a	n/a	n/a
242.695	0.024	saccade	n/a	244.7	159.3	n/a	291.5	170.9	1.63	145.0
242.721	0.028	fixation	n/a	290.4	169.6	3564.0	n/a	n/a	n/a	n/a
242.751	0.026	saccade	n/a	289.7	164.5	n/a	272.1	158.0	0.64	81.0
242.779	0.108	fixation	n/a	292.4	166.9	3576.0	n/a	n/a	n/a	n/a
242.889	0.026	saccade	n/a	294.7	165.2	n/a	355.0	167.3	2.06	102.0
242.917	0.282	fixation	n/a	359.3	171.3	3577.0	n/a	n/a	n/a	n/a
243.201	0.026	saccade	n/a	364.4	166.7	n/a	429.4	162.0	2.24	108.0
243.229	0.256	fixation	n/a	450.8	160.8	3556.0	n/a	n/a	n/a	n/a
243.487	0.032	saccade	n/a	456.2	161.0	n/a	357.1	173.7	3.42	201.0
243.521	0.192	fixation	n/a	357.3	168.7	3507.0	n/a	n/a	n/a	n/a
243.715	0.034	saccade	n/a	355.7	173.5	n/a	458.2	168.3	3.51	187.0
243.751	0.252	fixation	n/a	453.9	167.7	3484.0	n/a	n/a	n/a	n/a
244.005	0.028	saccade	n/a	453.6	171.3	n/a	531.2	170.8	2.66	117.0
244.035	0.46	fixation	n/a	549.9	177.8	3365.0	n/a	n/a	n/a	n/a
244.497	0.074	saccade	n/a	570.3	185.1	n/a	125.3	226.4	14.98	341.0
244.573	0.314	fixation	n/a	132.3	231.4	3367.0	n/a	n/a	n/a	n/a
244.889	0.028	saccade	n/a	134.6	230.1	n/a	222.5	235.7	2.93	135.0
244.919	0.222	fixation	n/a	255.8	237.7	3338.0	n/a	n/a	n/a	n/a
245.143	0.026	saccade	n/a	265.8	242.1	n/a	303.8	247.4	1.3	73.0
245.171	0.196	fixation	n/a	318.1	244.7	3298.0	n/a	n/a	n/a	n/a
245.369	0.042	saccade	n/a	321.4	242.4	n/a	129.4	165.2	6.96	273.0
245.413	0.304	fixation	n/a	123.5	161.5	3156.0	n/a	n/a	n/a	n/a
245.719	0.026	saccade	n/a	131.0	165.8	n/a	204.5	170.9	2.45	139.0
245.747	0.194	fixation	n/a	210.9	169.6	3073.0	n/a	n/a	n/a	n/a
245.943	0.038	saccade	n/a	220.0	172.9	n/a	367.1	185.0	5.0	211.0
245.983	0.312	fixation	n/a	377.7	171.8	3037.0	n/a	n/a	n/a	n/a
246.297	0.024	saccade	n/a	387.3	168.7	n/a	445.8	161.2	2.02	100.0
246.323	0.194	fixation	n/a	450.8	163.5	2977.0	n/a	n/a	n/a	n/a
246.519	0.048	saccade	n/a	454.6	157.9	n/a	571.8	197.7	4.24	168.0
246.569	0.198	fixation	n/a	574.4	185.6	2996.0	n/a	n/a	n/a	n/a
246.769	0.014	saccade	n/a	584.0	179.2	n/a	601.7	188.9	0.69	59.0
246.785	0.112	fixation	n/a	607.3	185.4	2963.0	n/a	n/a	n/a	n/a
246.899	0.078	saccade	n/a	606.7	176.3	n/a	146.3	233.9	15.58	390.0
246.979	0.3	fixation	n/a	151.1	239.0	3042.0	n/a	n/a	n/a	n/a
247.281	0.028	saccade	n/a	150.8	236.5	n/a	234.4	247.4	2.81	122.0
247.311	0.3	fixation	n/a	235.7	244.2	3083.0	n/a	n/a	n/a	n/a
247.613	0.024	saccade	n/a	238.0	238.2	n/a	307.0	246.8	2.35	133.0
247.639	0.494	fixation	n/a	325.2	243.1	3212.0	n/a	n/a	n/a	n/a
248.135	0.19	saccade	n/a	333.3	255.7	n/a	345.7	223.3	1.2	1104.0
248.175	0.084	blink	n/a	n/a	n/a	n/a	n/a	n/a	n/a	n/a
248.327	0.484	fixation	n/a	343.8	222.3	3275.0	n/a	n/a	n/a	n/a
248.813	0.028	saccade	n/a	336.9	214.7	n/a	240.2	233.7	3.34	176.0
248.843	0.368	fixation	n/a	226.3	232.2	3277.0	n/a	n/a	n/a	n/a
249.213	0.022	saccade	n/a	230.4	237.3	n/a	252.3	190.2	1.78	111.0
249.237	0.21	fixation	n/a	277.3	171.5	3267.0	n/a	n/a	n/a	n/a
249.449	0.04	saccade	n/a	283.4	171.0	n/a	277.2	170.9	0.21	168.0
249.491	0.024	fixation	n/a	276.1	166.8	3281.0	n/a	n/a	n/a	n/a
249.517	0.028	saccade	n/a	277.2	162.1	n/a	369.3	165.8	3.13	139.0
249.547	0.25	fixation	n/a	374.2	169.5	3269.0	n/a	n/a	n/a	n/a
249.799	0.026	saccade	n/a	376.2	170.3	n/a	458.2	161.4	2.82	157.0
249.827	0.162	fixation	n/a	467.1	161.2	3251.0	n/a	n/a	n/a	n/a
249.991	0.056	saccade	n/a	471.2	162.0	n/a	233.1	252.7	8.67	326.0
250.049	0.13	fixation	n/a	237.4	250.5	3279.0	n/a	n/a	n/a	n/a
250.181	0.022	saccade	n/a	232.2	255.5	n/a	185.8	240.6	1.63	88.0
250.205	0.262	fixation	n/a	184.6	243.0	3333.0	n/a	n/a	n/a	n/a
250.469	0.046	saccade	n/a	178.6	241.9	n/a	338.9	230.0	5.4	183.0
250.517	0.486	fixation	n/a	392.6	183.1	3430.0	n/a	n/a	n/a	n/a
251.005	0.026	saccade	n/a	390.5	180.1	n/a	454.7	160.5	2.3	154.0
251.033	0.416	fixation	n/a	466.7	158.7	3525.0	n/a	n/a	n/a	n/a
251.256	0.0	trigger_11	11	n/a	n/a	n/a	n/a	n/a	n/a	n/a
251.316	0.0	trigger_10	10	n/a	n/a	n/a	n/a	n/a	n/a	n/a
251.451	0.058	saccade	n/a	463.8	159.4	n/a	133.5	165.6	11.1	386.0
251.511	0.114	fixation	n/a	136.6	163.9	3667.0	n/a	n/a	n/a	n/a
251.627	0.022	saccade	n/a	134.0	166.2	n/a	106.2	149.9	1.07	100.0
251.651	0.248	fixation	n/a	108.8	152.2	3642.0	n/a	n/a	n/a	n/a
251.901	0.028	saccade	n/a	110.0	148.8	n/a	205.2	153.4	3.16	187.0
251.931	0.166	fixation	n/a	207.1	160.5	3534.0	n/a	n/a	n/a	n/a
252.099	0.206	saccade	n/a	208.9	172.8	n/a	258.7	145.7	1.92	1022.0
252.143	0.074	blink	n/a	n/a	n/a	n/a	n/a	n/a	n/a	n/a
252.307	0.034	fixation	n/a	267.2	154.8	3471.0	n/a	n/a	n/a	n/a
252.343	0.014	saccade	n/a	269.9	156.2	n/a	280.2	131.7	0.92	81.0
252.359	0.488	fixation	n/a	298.7	147.3	3388.0	n/a	n/a	n/a	n/a
252.849	0.034	saccade	n/a	311.2	145.3	n/a	384.1	147.9	2.49	133.0
252.885	0.216	fixation	n/a	387.0	152.3	3323.0	n/a	n/a	n/a	n/a
253.103	0.026	saccade	n/a	393.4	159.2	n/a	468.3	146.1	2.6	125.0
253.131	0.258	fixation	n/a	475.3	151.6	3397.0	n/a	n/a	n/a	n/a
253.391	0.026	saccade	n/a	484.5	164.7	n/a	558.6	172.8	2.55	136.0
253.419	0.326	fixation	n/a	571.3	178.7	3402.0	n/a	n/a	n/a	n/a
253.747	0.078	saccade	n/a	585.3	186.1	n/a	102.6	221.4	16.16	382.0
253.827	0.244	fixation	n/a	111.0	226.3	3430.0	n/a	n/a	n/a	n/a
254.073	0.03	saccade	n/a	112.4	229.4	n/a	214.7	238.5	3.41	147.0
254.105	0.208	fixation	n/a	231.9	239.3	3327.0	n/a	n/a	n/a	n/a
254.315	0.026	saccade	n/a	241.5	239.0	n/a	310.7	251.7	2.38	129.0
254.343	0.256	fixation	n/a	338.7	247.6	3294.0	n/a	n/a	n/a	n/a
254.601	0.028	saccade	n/a	339.8	246.0	n/a	414.2	256.0	2.56	116.0
254.631	0.28	fixation	n/a	425.6	246.1	3168.0	n/a	n/a	n/a	n/a
254.913	0.024	saccade	n/a	421.9	237.4	n/a	488.5	238.0	2.28	143.0
254.939	0.312	fixation	n/a	513.7	234.6	3102.0	n/a	n/a	n/a	n/a
255.253	0.066	saccade	n/a	513.4	233.2	n/a	158.9	287.2	12.04	337.0
255.321	0.204	fixation	n/a	162.4	287.4	3126.0	n/a	n/a	n/a	n/a
255.527	0.038	saccade	n/a	159.7	289.2	n/a	156.0	166.1	4.2	149.0
255.567	0.184	fixation	n/a	175.0	164.6	3007.0	n/a	n/a	n/a	n/a
255.728	0.0	trigger_11	11	n/a	n/a	n/a	n/a	n/a	n/a	n/a
255.753	0.024	saccade	n/a	176.6	164.6	n/a	241.1	174.3	2.19	130.0
255.779	0.216	fixation	n/a	249.3	173.8	3111.0	n/a	n/a	n/a	n/a
255.788	0.0	trigger_10	10	n/a	n/a	n/a	n/a	n/a	n/a	n/a
255.997	0.032	saccade	n/a	257.1	174.7	n/a	142.7	158.1	3.86	220.0
256.031	0.138	fixation	n/a	149.2	156.8	3220.0	n/a	n/a	n/a	n/a
256.171	0.026	saccade	n/a	151.5	157.9	n/a	95.1	152.4	1.86	120.0
256.199	0.232	fixation	n/a	101.7	153.6	3365.0	n/a	n/a	n/a	n/a
256.433	0.026	saccade	n/a	101.9	152.0	n/a	196.6	149.7	3.13	180.0
256.461	0.186	fixation	n/a	212.5	147.4	3418.0	n/a	n/a	n/a	n/a
256.649	0.046	saccade	n/a	213.2	146.1	n/a	375.1	152.9	5.48	253.0
256.697	0.212	fixation	n/a	378.8	155.4	3457.0	n/a	n/a	n/a	n/a
256.911	0.024	saccade	n/a	386.0	158.0	n/a	438.3	154.1	1.79	95.0
256.937	0.454	fixation	n/a	437.0	155.5	3427.0	n/a	n/a	n/a	n/a
257.393	0.026	saccade	n/a	434.2	161.3	n/a	374.7	164.1	2.04	91.0
257.421	0.35	fixation	n/a	351.7	165.0	3372.0	n/a	n/a	n/a	n/a
257.56	0.0	trigger_11	11	n/a	n/a	n/a	n/a	n/a	n/a	n/a
257.622	0.0	trigger_10	10	n/a	n/a	n/a	n/a	n/a	n/a	n/a
257.773	0.044	saccade	n/a	351.7	164.8	n/a	149.6	153.2	6.81	240.0
257.819	0.15	fixation	n/a	143.5	151.3	3426.0	n/a	n/a	n/a	n/a
257.971	0.224	saccade	n/a	151.7	167.0	n/a	211.1	173.1	1.99	991.0
258.021	0.116	blink	n/a	n/a	n/a	n/a	n/a	n/a	n/a	n/a
258.197	0.392	fixation	n/a	193.6	157.1	3440.0	n/a	n/a	n/a	n/a
258.591	0.024	saccade	n/a	179.6	162.2	n/a	241.7	175.0	2.12	125.0
258.617	0.232	fixation	n/a	261.6	174.7	3218.0	n/a	n/a	n/a	n/a
258.851	0.024	saccade	n/a	260.9	162.2	n/a	314.1	177.1	1.87	116.0
258.877	0.2	fixation	n/a	312.2	171.4	3291.0	n/a	n/a	n/a	n/a
259.079	0.026	saccade	n/a	320.9	171.9	n/a	375.9	172.8	1.87	83.0
259.107	0.74	fixation	n/a	353.0	169.1	3285.0	n/a	n/a	n/a	n/a
259.849	0.062	saccade	n/a	346.9	159.6	n/a	341.7	160.3	0.18	99.0
259.913	0.17	fixation	n/a	347.6	162.6	3414.0	n/a	n/a	n/a	n/a
260.085	0.048	saccade	n/a	349.7	166.6	n/a	503.1	170.2	5.27	161.0
260.135	0.288	fixation	n/a	500.3	151.9	3516.0	n/a	n/a	n/a	n/a
260.425	0.016	saccade	n/a	501.4	144.5	n/a	523.3	138.7	0.78	64.0
260.443	0.214	fixation	n/a	526.9	134.1	3713.0	n/a	n/a	n/a	n/a
260.659	0.064	saccade	n/a	531.2	134.0	n/a	143.4	205.2	13.31	338.0
260.725	0.224	fixation	n/a	139.1	220.1	3856.0	n/a	n/a	n/a	n/a
260.951	0.02	saccade	n/a	142.0	225.7	n/a	179.4	221.6	1.25	82.0
260.973	0.242	fixation	n/a	187.2	216.9	3867.0	n/a	n/a	n/a	n/a
261.217	0.024	saccade	n/a	192.3	213.1	n/a	251.2	214.6	1.98	108.0
261.243	0.18	fixation	n/a	252.3	222.3	3877.0	n/a	n/a	n/a	n/a
261.425	0.024	saccade	n/a	245.3	221.7	n/a	310.2	230.9	2.22	149.0
261.451	0.186	fixation	n/a	316.7	228.1	3816.0	n/a	n/a	n/a	n/a
261.639	0.026	saccade	n/a	318.9	229.3	n/a	402.0	232.6	2.84	151.0
261.667	0.216	fixation	n/a	411.5	234.5	3666.0	n/a	n/a	n/a	n/a
261.885	0.024	saccade	n/a	422.6	237.9	n/a	469.0	224.7	1.65	80.0
261.911	0.104	fixation	n/a	475.2	221.2	3580.0	n/a	n/a	n/a	n/a
262.017	0.018	saccade	n/a	479.9	225.5	n/a	511.1	237.3	1.14	82.0
262.037	0.17	fixation	n/a	520.2	241.4	3515.0	n/a	n/a	n/a	n/a
262.209	0.066	saccade	n/a	517.2	241.7	n/a	106.0	303.1	13.91	382.0
262.277	0.238	fixation	n/a	111.6	302.3	3612.0	n/a	n/a	n/a	n/a
262.517	0.03	saccade	n/a	109.2	299.9	n/a	212.3	291.4	3.41	186.0
262.549	0.226	fixation	n/a	223.6	292.0	3530.0	n/a	n/a	n/a	n/a
262.777	0.026	saccade	n/a	224.4	288.0	n/a	292.5	295.1	2.3	125.0
262.805	0.196	fixation	n/a	306.8	298.2	3457.0	n/a	n/a	n/a	n/a
263.003	0.024	saccade	n/a	310.2	296.8	n/a	379.8	299.8	2.36	139.0
263.029	0.236	fixation	n/a	392.1	299.4	3407.0	n/a	n/a	n/a	n/a
263.267	0.04	saccade	n/a	389.2	297.6	n/a	215.0	184.7	7.04	313.0
263.309	0.238	fixation	n/a	206.0	181.3	3383.0	n/a	n/a	n/a	n/a
263.549	0.06	saccade	n/a	207.7	179.0	n/a	353.9	172.9	4.94	172.0
263.611	0.324	fixation	n/a	353.6	171.2	3445.0	n/a	n/a	n/a	n/a
263.937	0.07	saccade	n/a	350.9	171.2	n/a	233.9	153.6	4.0	231.0
264.009	0.04	fixation	n/a	232.0	153.5	3527.0	n/a	n/a	n/a	n/a
264.051	0.026	saccade	n/a	232.6	153.5	n/a	233.8	158.3	0.17	86.0
264.079	0.124	fixation	n/a	233.9	158.4	3483.0	n/a	n/a	n/a	n/a
264.205	0.05	saccade	n/a	236.0	157.6	n/a	513.1	163.9	9.38	333.0
264.257	0.28	fixation	n/a	523.6	168.6	3416.0	n/a	n/a	n/a	n/a
264.539	0.066	saccade	n/a	524.7	167.4	n/a	130.7	224.8	13.35	391.0
264.607	0.21	fixation	n/a	135.5	227.5	3355.0	n/a	n/a	n/a	n/a
264.819	0.03	saccade	n/a	136.8	227.8	n/a	212.5	227.6	2.51	152.0
264.851	0.148	fixation	n/a	218.7	235.0	3335.0	n/a	n/a	n/a	n/a
265.001	0.03	saccade	n/a	228.8	237.5	n/a	337.8	241.7	3.69	178.0
265.033	0.17	fixation	n/a	353.6	234.5	3404.0	n/a	n/a	n/a	n/a
265.205	0.028	saccade	n/a	359.0	236.9	n/a	452.0	224.0	3.2	191.0
265.235	0.23	fixation	n/a	464.7	225.8	3403.0	n/a	n/a	n/a	n/a
265.467	0.046	saccade	n/a	461.8	228.0	n/a	213.4	287.7	8.63	334.0
265.515	0.252	fixation	n/a	216.6	295.8	3362.0	n/a	n/a	n/a	n/a
265.769	0.028	saccade	n/a	218.4	298.5	n/a	299.9	303.3	2.74	137.0
265.799	0.4	fixation	n/a	327.1	304.6	3310.0	n/a	n/a	n/a	n/a
265.952	0.0	trigger_11	11	n/a	n/a	n/a	n/a	n/a	n/a	n/a
266.014	0.0	trigger_10	10	n/a	n/a	n/a	n/a	n/a	n/a	n/a
266.201	0.178	saccade	n/a	329.2	310.4	n/a	114.1	168.1	8.65	1053.0
266.259	0.064	blink	n/a	n/a	n/a	n/a	n/a	n/a	n/a	n/a
266.381	0.238	fixation	n/a	113.8	163.2	3237.0	n/a	n/a	n/a	n/a
266.621	0.024	saccade	n/a	120.8	164.9	n/a	177.9	172.0	1.9	102.0
266.647	0.19	fixation	n/a	185.6	168.8	3130.0	n/a	n/a	n/a	n/a
266.839	0.02	saccade	n/a	195.8	176.9	n/a	241.9	184.2	1.56	92.0
266.861	0.19	fixation	n/a	252.6	179.2	3159.0	n/a	n/a	n/a	n/a
267.053	0.022	saccade	n/a	261.8	177.1	n/a	316.7	174.2	1.86	112.0
267.077	0.066	fixation	n/a	321.4	175.8	3234.0	n/a	n/a	n/a	n/a
267.145	0.028	saccade	n/a	320.0	175.7	n/a	379.3	170.4	2.03	128.0
267.175	0.196	fixation	n/a	375.5	175.3	3307.0	n/a	n/a	n/a	n/a
267.373	0.028	saccade	n/a	374.1	177.3	n/a	462.0	163.7	3.04	159.0
267.403	0.198	fixation	n/a	480.7	172.9	3376.0	n/a	n/a	n/a	n/a
267.603	0.022	saccade	n/a	481.2	168.3	n/a	517.8	167.0	1.25	72.0
267.627	0.118	fixation	n/a	519.4	168.6	3385.0	n/a	n/a	n/a	n/a
267.747	0.064	saccade	n/a	520.2	172.8	n/a	128.9	218.6	13.2	436.0
267.813	0.266	fixation	n/a	132.2	218.9	3492.0	n/a	n/a	n/a	n/a
268.081	0.032	saccade	n/a	138.1	226.4	n/a	259.1	235.4	4.05	177.0
268.115	0.198	fixation	n/a	263.9	238.1	3599.0	n/a	n/a	n/a	n/a
268.315	0.028	saccade	n/a	264.5	240.7	n/a	366.7	239.9	3.46	171.0
268.345	0.238	fixation	n/a	385.1	230.9	3572.0	n/a	n/a	n/a	n/a
268.585	0.028	saccade	n/a	386.2	233.2	n/a	477.5	238.1	3.12	154.0
268.615	0.216	fixation	n/a	489.6	234.7	3505.0	n/a	n/a	n/a	n/a
268.833	0.024	saccade	n/a	492.0	232.5	n/a	553.6	240.9	2.12	114.0
268.859	0.19	fixation	n/a	559.4	248.2	3361.0	n/a	n/a	n/a	n/a
269.051	0.072	saccade	n/a	564.5	242.2	n/a	123.3	304.8	14.86	386.0
269.125	0.212	fixation	n/a	133.0	304.4	3397.0	n/a	n/a	n/a	n/a
269.339	0.048	saccade	n/a	137.5	305.9	n/a	312.7	316.5	5.85	224.0
269.389	0.198	fixation	n/a	313.1	310.2	3359.0	n/a	n/a	n/a	n/a
269.589	0.024	saccade	n/a	319.0	310.7	n/a	376.9	319.2	1.98	106.0
269.615	0.106	fixation	n/a	389.2	316.6	3336.0	n/a	n/a	n/a	n/a
269.714	0.0	trigger_11	11	n/a	n/a	n/a	n/a	n/a	n/a	n/a
269.723	0.026	saccade	n/a	391.1	312.2	n/a	459.7	303.4	2.35	130.0
269.751	0.282	fixation	n/a	462.2	305.5	3354.0	n/a	n/a	n/a	n/a
269.774	0.0	trigger_12	12	n/a	n/a	n/a	n/a	n/a	n/a	n/a
270.035	0.196	saccade	n/a	463.7	312.3	n/a	136.7	160.0	12.15	1086.0
270.099	0.074	blink	n/a	n/a	n/a	n/a	n/a	n/a	n/a	n/a
270.233	0.43	fixation	n/a	128.3	155.3	3263.0	n/a	n/a	n/a	n/a
270.665	0.014	saccade	n/a	130.5	154.0	n/a	150.2	157.7	0.66	52.0
270.681	0.23	fixation	n/a	168.9	161.5	3121.0	n/a	n/a	n/a	n/a
270.913	0.028	saccade	n/a	173.4	165.4	n/a	255.5	169.7	2.75	120.0
270.943	0.268	fixation	n/a	277.4	169.5	3172.0	n/a	n/a	n/a	n/a
271.213	0.022	saccade	n/a	287.7	175.6	n/a	337.5	174.1	1.69	97.0
271.237	0.286	fixation	n/a	364.2	177.3	3143.0	n/a	n/a	n/a	n/a
271.525	0.022	saccade	n/a	371.6	178.4	n/a	410.0	169.9	1.34	77.0
271.549	0.236	fixation	n/a	426.2	167.4	3014.0	n/a	n/a	n/a	n/a
271.787	0.038	saccade	n/a	425.3	177.0	n/a	289.3	177.4	4.62	183.0
271.827	0.152	fixation	n/a	287.8	181.8	3068.0	n/a	n/a	n/a	n/a
271.981	0.04	saccade	n/a	294.4	182.5	n/a	487.5	173.0	6.59	234.0
272.023	0.254	fixation	n/a	498.7	176.4	3131.0	n/a	n/a	n/a	n/a
272.279	0.022	saccade	n/a	504.6	183.4	n/a	552.0	182.5	1.62	92.0
272.303	0.152	fixation	n/a	562.2	179.2	3156.0	n/a	n/a	n/a	n/a
272.457	0.07	saccade	n/a	561.9	181.4	n/a	132.2	223.7	14.44	387.0
272.529	0.286	fixation	n/a	135.2	227.8	3141.0	n/a	n/a	n/a	n/a
272.817	0.03	saccade	n/a	137.7	229.7	n/a	233.8	247.3	3.24	164.0
272.849	0.19	fixation	n/a	238.3	250.1	3081.0	n/a	n/a	n/a	n/a
273.041	0.044	saccade	n/a	243.0	250.5	n/a	390.1	247.1	4.97	145.0
273.087	0.212	fixation	n/a	423.2	247.3	3046.0	n/a	n/a	n/a	n/a
273.301	0.026	saccade	n/a	426.7	246.4	n/a	507.3	253.4	2.76	144.0
273.329	0.202	fixation	n/a	520.6	253.9	3004.0	n/a	n/a	n/a	n/a
273.533	0.022	saccade	n/a	526.0	256.2	n/a	569.1	261.6	1.48	87.0
273.557	0.34	fixation	n/a	574.3	260.9	2946.0	n/a	n/a	n/a	n/a
273.899	0.072	saccade	n/a	576.0	270.6	n/a	158.0	288.7	14.02	310.0
273.973	0.294	fixation	n/a	152.4	294.0	3034.0	n/a	n/a	n/a	n/a
274.269	0.038	saccade	n/a	156.0	294.6	n/a	293.3	312.1	4.61	184.0
274.309	0.166	fixation	n/a	308.1	314.1	3086.0	n/a	n/a	n/a	n/a
274.477	0.018	saccade	n/a	311.9	313.3	n/a	341.3	320.6	1.03	67.0
274.497	0.29	fixation	n/a	372.3	318.2	3233.0	n/a	n/a	n/a	n/a
274.789	0.026	saccade	n/a	379.5	313.1	n/a	438.6	317.5	2.02	91.0
274.817	0.184	fixation	n/a	446.7	314.1	3330.0	n/a	n/a	n/a	n/a
275.003	0.026	saccade	n/a	454.3	319.3	n/a	513.9	319.8	2.03	93.0
275.031	0.17	fixation	n/a	524.1	316.8	3310.0	n/a	n/a	n/a	n/a
275.203	0.052	saccade	n/a	527.5	319.0	n/a	294.9	378.1	8.13	305.0
275.257	0.366	fixation	n/a	284.5	375.4	3317.0	n/a	n/a	n/a	n/a
275.625	0.014	saccade	n/a	292.3	372.1	n/a	312.3	369.0	0.68	54.0
275.641	0.1	fixation	n/a	314.7	371.4	3238.0	n/a	n/a	n/a	n/a
275.743	0.046	saccade	n/a	317.2	376.6	n/a	132.7	353.2	6.19	268.0
275.791	0.328	fixation	n/a	137.8	356.7	3220.0	n/a	n/a	n/a	n/a
276.121	0.06	saccade	n/a	134.5	357.6	n/a	287.9	370.9	5.12	145.0
276.183	0.204	fixation	n/a	282.5	363.8	3282.0	n/a	n/a	n/a	n/a
276.389	0.034	saccade	n/a	280.7	364.9	n/a	403.6	386.1	4.21	199.0
276.425	0.406	fixation	n/a	408.1	374.1	3305.0	n/a	n/a	n/a	n/a
276.833	0.028	saccade	n/a	396.4	367.6	n/a	434.8	294.7	2.83	150.0
276.863	0.18	fixation	n/a	443.3	291.3	3296.0	n/a	n/a	n/a	n/a
277.045	0.028	saccade	n/a	443.4	288.5	n/a	392.5	288.2	1.74	143.0
277.075	0.11	fixation	n/a	397.4	293.5	3265.0	n/a	n/a	n/a	n/a
277.187	0.034	saccade	n/a	404.0	297.2	n/a	531.2	301.1	4.34	246.0
277.223	0.208	fixation	n/a	529.7	291.6	3264.0	n/a	n/a	n/a	n/a
277.433	0.068	saccade	n/a	530.9	288.1	n/a	89.5	143.9	15.52	421.0
277.503	0.288	fixation	n/a	98.2	144.1	3318.0	n/a	n/a	n/a	n/a
277.793	0.022	saccade	n/a	90.2	131.3	n/a	149.2	133.1	1.94	96.0
277.817	0.034	fixation	n/a	160.9	133.9	3288.0	n/a	n/a	n/a	n/a
277.853	0.02	saccade	n/a	161.8	133.9	n/a	116.0	117.8	1.61	115.0
277.875	0.058	fixation	n/a	120.8	119.9	3165.0	n/a	n/a	n/a	n/a
277.935	0.016	saccade	n/a	128.1	124.6	n/a	153.2	135.0	0.9	70.0
277.953	0.058	fixation	n/a	165.7	133.7	3309.0	n/a	n/a	n/a	n/a
278.013	0.068	saccade	n/a	159.6	128.3	n/a	242.7	131.1	2.78	184.0
278.083	0.198	fixation	n/a	262.8	140.2	3357.0	n/a	n/a	n/a	n/a
278.283	0.178	saccade	n/a	292.8	181.1	n/a	344.9	150.2	2.07	1255.0
278.327	0.074	blink	n/a	n/a	n/a	n/a	n/a	n/a	n/a	n/a
278.463	0.158	fixation	n/a	349.0	142.7	3663.0	n/a	n/a	n/a	n/a
278.623	0.03	saccade	n/a	354.1	142.5	n/a	431.9	147.6	2.67	110.0
278.655	0.54	fixation	n/a	424.1	148.7	3394.0	n/a	n/a	n/a	n/a
279.197	0.022	saccade	n/a	428.5	150.1	n/a	468.8	150.2	1.38	70.0
279.221	0.248	fixation	n/a	484.1	160.2	3369.0	n/a	n/a	n/a	n/a
279.471	0.024	saccade	n/a	486.5	160.9	n/a	539.9	169.3	1.85	96.0
279.497	0.226	fixation	n/a	544.5	174.9	3421.0	n/a	n/a	n/a	n/a
279.725	0.066	saccade	n/a	544.1	176.9	n/a	124.4	214.3	14.1	403.0
279.793	0.386	fixation	n/a	126.7	219.5	3612.0	n/a	n/a	n/a	n/a
279.954	0.0	trigger_13	13	n/a	n/a	n/a	n/a	n/a	n/a	n/a
280.018	0.0	trigger_10	10	n/a	n/a	n/a	n/a	n/a	n/a	n/a
280.181	0.028	saccade	n/a	125.2	216.1	n/a	79.7	158.2	2.46	162.0
280.211	0.244	fixation	n/a	96.7	156.3	3557.0	n/a	n/a	n/a	n/a
280.457	0.048	saccade	n/a	101.8	155.9	n/a	152.4	164.2	1.69	123.0
280.507	0.03	fixation	n/a	151.7	163.2	3554.0	n/a	n/a	n/a	n/a
280.539	0.026	saccade	n/a	151.5	164.0	n/a	129.0	154.8	0.81	108.0
280.567	0.094	fixation	n/a	146.4	159.0	3569.0	n/a	n/a	n/a	n/a
280.663	0.024	saccade	n/a	145.0	158.2	n/a	201.0	156.1	1.86	138.0
280.689	0.066	fixation	n/a	226.9	152.0	3550.0	n/a	n/a	n/a	n/a
280.757	0.026	saccade	n/a	239.1	152.6	n/a	205.3	141.8	1.19	84.0
280.785	0.152	fixation	n/a	223.4	149.6	3542.0	n/a	n/a	n/a	n/a
280.939	0.046	saccade	n/a	218.3	146.2	n/a	395.6	173.6	6.06	210.0
280.987	0.21	fixation	n/a	401.6	173.9	3649.0	n/a	n/a	n/a	n/a
281.199	0.028	saccade	n/a	405.3	173.2	n/a	488.7	163.2	2.87	146.0
281.229	0.308	fixation	n/a	514.9	169.1	3591.0	n/a	n/a	n/a	n/a
281.539	0.058	saccade	n/a	513.5	176.9	n/a	136.3	230.7	12.77	400.0
281.599	0.348	fixation	n/a	137.0	223.3	3620.0	n/a	n/a	n/a	n/a
281.949	0.026	saccade	n/a	136.3	222.0	n/a	208.0	224.5	2.37	132.0
281.977	0.186	fixation	n/a	201.8	225.5	3738.0	n/a	n/a	n/a	n/a
282.165	0.052	saccade	n/a	203.8	226.3	n/a	397.6	234.0	6.53	257.0
282.219	0.2	fixation	n/a	395.5	229.8	3820.0	n/a	n/a	n/a	n/a
282.421	0.026	saccade	n/a	395.1	227.3	n/a	465.7	228.4	2.41	145.0
282.449	0.192	fixation	n/a	464.0	228.3	3761.0	n/a	n/a	n/a	n/a
282.643	0.026	saccade	n/a	471.1	222.6	n/a	542.4	234.0	2.46	122.0
282.671	0.564	fixation	n/a	566.1	235.1	3531.0	n/a	n/a	n/a	n/a
283.237	0.054	saccade	n/a	569.0	234.3	n/a	346.8	285.9	7.75	240.0
283.293	0.254	fixation	n/a	344.3	282.3	3781.0	n/a	n/a	n/a	n/a
283.549	0.028	saccade	n/a	336.0	279.3	n/a	275.5	277.5	2.04	86.0
283.579	0.184	fixation	n/a	255.8	280.9	3802.0	n/a	n/a	n/a	n/a
283.765	0.05	saccade	n/a	257.2	283.3	n/a	484.0	278.4	7.66	262.0
283.817	0.246	fixation	n/a	488.1	282.8	3616.0	n/a	n/a	n/a	n/a
284.065	0.026	saccade	n/a	494.2	285.0	n/a	576.9	302.7	2.87	151.0
284.093	0.344	fixation	n/a	590.9	305.8	3393.0	n/a	n/a	n/a	n/a
284.138	0.0	trigger_11	11	n/a	n/a	n/a	n/a	n/a	n/a	n/a
284.2	0.0	trigger_10	10	n/a	n/a	n/a	n/a	n/a	n/a	n/a
284.439	0.196	saccade	n/a	592.3	317.8	n/a	113.1	144.1	16.98	1178.0
284.507	0.066	blink	n/a	n/a	n/a	n/a	n/a	n/a	n/a	n/a
284.637	0.214	fixation	n/a	113.3	154.6	3445.0	n/a	n/a	n/a	n/a
284.853	0.022	saccade	n/a	118.5	162.3	n/a	163.9	165.5	1.5	83.0
284.877	0.2	fixation	n/a	174.7	163.1	3326.0	n/a	n/a	n/a	n/a
285.079	0.024	saccade	n/a	178.1	157.5	n/a	229.7	167.6	1.75	88.0
285.105	0.136	fixation	n/a	244.9	172.7	3320.0	n/a	n/a	n/a	n/a
285.243	0.028	saccade	n/a	250.8	175.4	n/a	338.5	174.2	2.96	170.0
285.273	0.226	fixation	n/a	355.4	177.3	3371.0	n/a	n/a	n/a	n/a
285.501	0.022	saccade	n/a	364.3	181.8	n/a	404.2	174.9	1.38	78.0
285.525	0.236	fixation	n/a	429.2	163.3	3348.0	n/a	n/a	n/a	n/a
285.763	0.03	saccade	n/a	431.6	160.9	n/a	526.8	158.0	3.24	136.0
285.795	0.22	fixation	n/a	539.7	171.9	3327.0	n/a	n/a	n/a	n/a
286.017	0.026	saccade	n/a	546.3	185.9	n/a	615.1	181.9	2.34	131.0
286.045	0.108	fixation	n/a	613.7	188.7	3259.0	n/a	n/a	n/a	n/a
286.155	0.08	saccade	n/a	614.5	187.9	n/a	123.9	230.4	16.39	412.0
286.237	0.272	fixation	n/a	128.2	227.0	3345.0	n/a	n/a	n/a	n/a
286.511	0.036	saccade	n/a	125.9	226.7	n/a	249.4	243.0	4.13	177.0
286.549	0.23	fixation	n/a	246.6	238.3	3364.0	n/a	n/a	n/a	n/a
286.781	0.026	saccade	n/a	248.0	238.5	n/a	339.4	237.0	3.08	183.0
286.809	0.294	fixation	n/a	353.8	241.6	3498.0	n/a	n/a	n/a	n/a
287.105	0.034	saccade	n/a	358.6	248.8	n/a	436.2	236.5	2.67	126.0
287.141	0.178	fixation	n/a	435.3	237.1	3483.0	n/a	n/a	n/a	n/a
287.321	0.028	saccade	n/a	441.0	241.4	n/a	527.2	229.1	2.97	154.0
287.351	0.238	fixation	n/a	542.3	241.4	3410.0	n/a	n/a	n/a	n/a
287.591	0.074	saccade	n/a	542.8	246.6	n/a	138.3	284.9	13.57	353.0
287.667	0.394	fixation	n/a	131.6	289.3	3432.0	n/a	n/a	n/a	n/a
288.063	0.022	saccade	n/a	124.4	293.6	n/a	177.3	297.8	1.74	111.0
288.087	0.23	fixation	n/a	181.5	294.6	3430.0	n/a	n/a	n/a	n/a
288.319	0.224	saccade	n/a	183.9	302.6	n/a	255.6	197.1	4.32	1210.0
288.389	0.1	blink	n/a	n/a	n/a	n/a	n/a	n/a	n/a	n/a
288.545	0.298	fixation	n/a	258.9	185.1	3458.0	n/a	n/a	n/a	n/a
288.845	0.062	saccade	n/a	260.7	194.1	n/a	399.5	559.9	13.1	381.0
288.909	0.286	fixation	n/a	408.1	551.1	3466.0	n/a	n/a	n/a	n/a
289.197	0.028	saccade	n/a	415.1	555.8	n/a	501.0	552.4	2.85	164.0
289.227	0.194	fixation	n/a	503.1	552.4	3323.0	n/a	n/a	n/a	n/a
289.423	0.128	saccade	n/a	504.1	548.8	n/a	385.9	277.5	9.93	1007.0
289.553	0.234	fixation	n/a	384.9	234.7	3120.0	n/a	n/a	n/a	n/a
289.789	0.026	saccade	n/a	385.9	229.2	n/a	439.4	244.6	1.9	89.0
289.817	0.5	fixation	n/a	441.1	236.0	3070.0	n/a	n/a	n/a	n/a
290.319	0.062	saccade	n/a	444.4	243.4	n/a	223.3	234.6	7.46	245.0
290.383	0.482	fixation	n/a	227.3	238.3	3213.0	n/a	n/a	n/a	n/a
290.867	0.028	saccade	n/a	230.0	240.3	n/a	178.1	286.0	2.33	108.0
290.897	0.36	fixation	n/a	184.5	295.4	3342.0	n/a	n/a	n/a	n/a
291.05	0.0	trigger_11	11	n/a	n/a	n/a	n/a	n/a	n/a	n/a
291.106	0.0	trigger_10	10	n/a	n/a	n/a	n/a	n/a	n/a	n/a
291.259	0.034	saccade	n/a	183.1	288.3	n/a	121.1	171.6	4.45	238.0
291.295	0.312	fixation	n/a	127.4	172.5	3524.0	n/a	n/a	n/a	n/a
291.609	0.018	saccade	n/a	153.8	167.3	n/a	188.9	160.5	1.19	84.0
291.629	0.664	fixation	n/a	197.6	161.5	3554.0	n/a	n/a	n/a	n/a
292.295	0.026	saccade	n/a	205.3	163.8	n/a	280.0	176.0	2.54	133.0
292.323	0.24	fixation	n/a	295.9	184.8	3541.0	n/a	n/a	n/a	n/a
292.565	0.022	saccade	n/a	301.4	183.5	n/a	342.3	176.7	1.4	84.0
292.589	0.412	fixation	n/a	363.7	173.8	3426.0	n/a	n/a	n/a	n/a
293.003	0.026	saccade	n/a	395.9	179.1	n/a	464.8	182.2	2.35	128.0
293.031	0.238	fixation	n/a	474.5	175.0	3322.0	n/a	n/a	n/a	n/a
293.271	0.024	saccade	n/a	476.7	180.8	n/a	531.8	162.9	1.98	111.0
293.297	0.18	fixation	n/a	540.3	166.8	3268.0	n/a	n/a	n/a	n/a
293.479	0.07	saccade	n/a	537.3	169.5	n/a	128.5	215.9	13.76	390.0
293.551	0.406	fixation	n/a	134.4	218.6	3290.0	n/a	n/a	n/a	n/a
293.959	0.018	saccade	n/a	123.0	214.4	n/a	157.1	209.7	1.14	88.0
293.979	0.068	fixation	n/a	155.8	203.8	3214.0	n/a	n/a	n/a	n/a
294.049	0.016	saccade	n/a	155.8	206.5	n/a	181.5	219.1	0.96	75.0
294.067	0.07	fixation	n/a	179.4	211.7	3329.0	n/a	n/a	n/a	n/a
294.139	0.08	saccade	n/a	187.6	213.1	n/a	178.4	209.3	0.33	112.0
294.221	0.056	fixation	n/a	182.3	209.8	3457.0	n/a	n/a	n/a	n/a
294.279	0.024	saccade	n/a	154.2	202.3	n/a	197.9	213.8	1.51	138.0
294.305	0.058	fixation	n/a	179.2	204.7	3509.0	n/a	n/a	n/a	n/a
294.365	0.03	saccade	n/a	167.3	191.0	n/a	235.9	198.5	2.32	166.0
294.397	0.02	fixation	n/a	231.7	199.6	3553.0	n/a	n/a	n/a	n/a
294.419	0.086	saccade	n/a	229.3	197.5	n/a	187.5	184.5	1.48	99.0
294.507	0.058	fixation	n/a	206.8	188.6	3565.0	n/a	n/a	n/a	n/a
294.567	0.022	saccade	n/a	222.1	187.3	n/a	281.7	179.1	2.04	131.0
294.591	0.042	fixation	n/a	275.0	177.3	3512.0	n/a	n/a	n/a	n/a
294.635	0.042	saccade	n/a	262.5	177.0	n/a	314.8	190.6	1.85	156.0
294.679	0.022	fixation	n/a	319.2	191.8	3679.0	n/a	n/a	n/a	n/a
294.703	0.034	saccade	n/a	325.2	194.3	n/a	321.5	197.1	0.16	108.0
294.739	0.084	fixation	n/a	320.2	193.8	3711.0	n/a	n/a	n/a	n/a
294.825	0.086	saccade	n/a	316.7	194.1	n/a	409.7	197.1	3.2	120.0
294.913	0.108	fixation	n/a	401.5	194.2	3668.0	n/a	n/a	n/a	n/a
295.023	0.028	saccade	n/a	399.6	191.5	n/a	384.9	179.5	0.66	128.0
295.053	0.058	fixation	n/a	395.4	186.8	3676.0	n/a	n/a	n/a	n/a
295.113	0.024	saccade	n/a	397.6	183.1	n/a	449.1	179.5	1.78	100.0
295.139	0.09	fixation	n/a	446.2	181.4	3650.0	n/a	n/a	n/a	n/a
295.231	0.036	saccade	n/a	445.0	182.7	n/a	441.6	173.0	0.36	135.0
295.269	0.054	fixation	n/a	442.2	174.0	3691.0	n/a	n/a	n/a	n/a
295.325	0.024	saccade	n/a	445.4	175.5	n/a	489.9	155.6	1.69	96.0
295.351	0.306	fixation	n/a	499.6	142.3	3892.0	n/a	n/a	n/a	n/a
295.659	0.022	saccade	n/a	502.0	140.2	n/a	541.3	122.8	1.49	81.0
295.683	0.132	fixation	n/a	548.5	118.3	3926.0	n/a	n/a	n/a	n/a
295.817	0.032	saccade	n/a	548.6	119.2	n/a	447.8	157.6	3.73	213.0
295.851	0.284	fixation	n/a	450.0	160.1	3932.0	n/a	n/a	n/a	n/a
296.137	0.034	saccade	n/a	453.8	169.6	n/a	560.7	136.7	3.86	190.0
296.173	0.156	fixation	n/a	558.8	139.7	4016.0	n/a	n/a	n/a	n/a
296.331	0.082	saccade	n/a	562.5	144.2	n/a	102.4	240.4	15.82	384.0
296.415	0.252	fixation	n/a	101.7	242.9	4107.0	n/a	n/a	n/a	n/a
296.669	0.028	saccade	n/a	93.7	247.4	n/a	183.1	245.8	2.96	183.0
296.699	0.18	fixation	n/a	191.8	248.9	4009.0	n/a	n/a	n/a	n/a
296.881	0.09	saccade	n/a	166.3	240.3	n/a	321.9	264.0	5.32	258.0
296.973	0.082	fixation	n/a	320.6	262.7	3917.0	n/a	n/a	n/a	n/a
297.057	0.022	saccade	n/a	294.5	253.2	n/a	326.4	262.1	1.13	129.0
297.081	0.05	fixation	n/a	325.1	263.7	3908.0	n/a	n/a	n/a	n/a
297.133	0.042	saccade	n/a	325.2	263.7	n/a	223.7	176.6	4.59	194.0
297.177	0.16	fixation	n/a	234.1	179.1	3877.0	n/a	n/a	n/a	n/a
297.339	0.028	saccade	n/a	241.3	178.3	n/a	139.6	185.0	3.42	185.0
297.369	0.114	fixation	n/a	131.5	181.5	3813.0	n/a	n/a	n/a	n/a
297.485	0.076	saccade	n/a	124.6	177.7	n/a	145.6	184.3	0.73	141.0
297.563	0.076	fixation	n/a	143.2	186.9	3902.0	n/a	n/a	n/a	n/a
297.641	0.044	saccade	n/a	143.2	185.4	n/a	311.8	138.7	5.9	213.0
297.687	0.496	fixation	n/a	357.1	143.8	4028.0	n/a	n/a	n/a	n/a
297.964	0.0	trigger_11	11	n/a	n/a	n/a	n/a	n/a	n/a	n/a
298.024	0.0	trigger_10	10	n/a	n/a	n/a	n/a	n/a	n/a	n/a
298.185	0.044	saccade	n/a	358.2	145.6	n/a	126.8	132.4	7.79	319.0
298.231	0.348	fixation	n/a	127.3	136.4	4053.0	n/a	n/a	n/a	n/a
298.581	0.022	saccade	n/a	142.6	126.7	n/a	183.4	140.3	1.44	89.0
298.605	0.228	fixation	n/a	196.1	131.8	4076.0	n/a	n/a	n/a	n/a
298.835	0.03	saccade	n/a	199.2	135.1	n/a	288.4	150.5	3.05	171.0
298.867	0.254	fixation	n/a	286.9	149.3	4076.0	n/a	n/a	n/a	n/a
299.123	0.024	saccade	n/a	285.5	144.3	n/a	336.9	145.9	1.75	91.0
299.149	0.174	fixation	n/a	359.3	148.5	4030.0	n/a	n/a	n/a	n/a
299.325	0.024	saccade	n/a	365.8	147.4	n/a	417.1	130.4	1.85	104.0
299.351	0.18	fixation	n/a	420.0	134.2	3961.0	n/a	n/a	n/a	n/a
299.533	0.02	saccade	n/a	422.7	133.5	n/a	454.2	127.4	1.1	68.0
299.555	0.132	fixation	n/a	462.7	126.1	3933.0	n/a	n/a	n/a	n/a
299.689	0.056	saccade	n/a	459.2	125.8	n/a	131.6	203.2	11.35	390.0
299.747	0.062	fixation	n/a	141.5	212.5	4013.0	n/a	n/a	n/a	n/a
299.811	0.024	saccade	n/a	143.8	220.0	n/a	105.1	205.1	1.37	112.0
299.837	0.588	fixation	n/a	114.4	218.2	3876.0	n/a	n/a	n/a	n/a
300.172	0.0	trigger_11	11	n/a	n/a	n/a	n/a	n/a	n/a	n/a
300.224	0.0	trigger_21	21	n/a	n/a	n/a	n/a	n/a	n/a	n/a
300.427	0.18	saccade	n/a	125.7	227.5	n/a	170.0	185.2	2.05	1193.0
300.479	0.064	blink	n/a	n/a	n/a	n/a	n/a	n/a	n/a	n/a
300.609	0.118	fixation	n/a	169.3	177.8	3996.0	n/a	n/a	n/a	n/a
