onset	duration	trial_type	value	gaze_x	gaze_y	pupil_size	sacc_endx	sacc_endy	sacc_amplitude	sacc_peakvel
0.02	0.206	fixation	n/a	302.3	297.2	5064.0	n/a	n/a	n/a	n/a
0.228	0.234	saccade	n/a	300.3	298.4	n/a	251.8	199.9	4.05	1257.0
0.3	0.094	blink	n/a	n/a	n/a	n/a	n/a	n/a	n/a	n/a
0.464	0.384	fixation	n/a	263.4	239.5	4414.0	n/a	n/a	n/a	n/a
0.85	0.162	saccade	n/a	271.2	266.1	n/a	387.3	286.2	4.32	1184.0
0.884	0.074	blink	n/a	n/a	n/a	n/a	n/a	n/a	n/a	n/a
1.014	0.118	fixation	n/a	385.8	300.7	4294.0	n/a	n/a	n/a	n/a
1.134	0.044	saccade	n/a	386.5	306.0	n/a	256.9	272.3	4.9	212.0
1.18	0.096	fixation	n/a	268.7	278.8	4304.0	n/a	n/a	n/a	n/a
1.278	0.224	saccade	n/a	274.2	278.4	n/a	410.1	318.1	5.2	1718.0
1.314	0.122	blink	n/a	n/a	n/a	n/a	n/a	n/a	n/a	n/a
1.504	0.094	fixation	n/a	408.9	311.2	4251.0	n/a	n/a	n/a	n/a
1.6	0.054	saccade	n/a	412.4	319.2	n/a	602.1	360.5	7.1	206.0
1.656	0.262	fixation	n/a	597.4	367.4	4122.0	n/a	n/a	n/a	n/a
1.92	0.03	saccade	n/a	603.0	369.0	n/a	538.3	344.4	2.53	183.0
1.952	0.154	fixation	n/a	546.2	348.6	3992.0	n/a	n/a	n/a	n/a
2.066	0.0	trigger_110	110	n/a	n/a	n/a	n/a	n/a	n/a	n/a
2.108	0.2	saccade	n/a	549.7	350.4	n/a	323.0	286.7	8.62	1112.0
2.142	0.112	blink	n/a	n/a	n/a	n/a	n/a	n/a	n/a	n/a
2.31	0.146	fixation	n/a	327.9	295.6	3861.0	n/a	n/a	n/a	n/a
2.458	0.048	saccade	n/a	333.5	303.0	n/a	190.5	378.8	5.9	234.0
2.508	0.102	fixation	n/a	198.3	378.8	3846.0	n/a	n/a	n/a	n/a
2.612	0.028	saccade	n/a	197.9	384.1	n/a	152.4	422.9	2.17	146.0
2.642	0.136	fixation	n/a	159.9	421.9	3860.0	n/a	n/a	n/a	n/a
2.78	0.046	saccade	n/a	163.9	424.8	n/a	343.3	401.5	6.55	261.0
2.828	0.142	fixation	n/a	340.0	409.3	3858.0	n/a	n/a	n/a	n/a
2.972	0.162	saccade	n/a	344.9	414.2	n/a	543.9	364.4	7.51	957.0
3.006	0.08	blink	n/a	n/a	n/a	n/a	n/a	n/a	n/a	n/a
3.136	0.114	fixation	n/a	542.9	371.0	3761.0	n/a	n/a	n/a	n/a
3.252	0.04	saccade	n/a	546.4	374.6	n/a	664.6	354.6	4.35	178.0
3.294	0.254	fixation	n/a	662.7	366.1	3558.0	n/a	n/a	n/a	n/a
3.55	0.052	saccade	n/a	664.1	375.6	n/a	443.2	573.3	10.84	401.0
3.604	0.124	fixation	n/a	444.0	578.1	3547.0	n/a	n/a	n/a	n/a
3.73	0.194	saccade	n/a	447.3	579.7	n/a	355.7	230.1	13.33	711.0
3.762	0.102	blink	n/a	n/a	n/a	n/a	n/a	n/a	n/a	n/a
3.926	0.19	fixation	n/a	361.7	246.7	3421.0	n/a	n/a	n/a	n/a
4.084	0.0	trigger_10	10	n/a	n/a	n/a	n/a	n/a	n/a	n/a
4.118	0.034	saccade	n/a	365.7	257.7	n/a	265.4	249.7	3.68	190.0
4.154	0.128	fixation	n/a	277.4	256.4	3394.0	n/a	n/a	n/a	n/a
4.284	0.036	saccade	n/a	278.0	256.9	n/a	173.4	220.7	4.0	211.0
4.322	0.048	fixation	n/a	179.1	219.5	3356.0	n/a	n/a	n/a	n/a
4.372	0.03	saccade	n/a	176.0	217.3	n/a	143.1	156.2	2.51	173.0
4.404	0.142	fixation	n/a	141.1	158.6	3271.0	n/a	n/a	n/a	n/a
4.548	0.014	saccade	n/a	136.7	157.9	n/a	122.0	149.3	0.6	53.0
4.564	0.176	fixation	n/a	124.0	152.5	3245.0	n/a	n/a	n/a	n/a
4.742	0.032	saccade	n/a	126.3	153.5	n/a	224.4	151.8	3.49	201.0
4.776	0.162	fixation	n/a	222.9	154.4	3297.0	n/a	n/a	n/a	n/a
4.94	0.018	saccade	n/a	222.0	154.8	n/a	193.1	152.3	1.04	75.0
4.96	0.194	fixation	n/a	197.5	157.0	3382.0	n/a	n/a	n/a	n/a
5.156	0.03	saccade	n/a	200.4	158.5	n/a	290.4	154.2	3.25	195.0
5.188	0.2	fixation	n/a	287.4	156.8	3467.0	n/a	n/a	n/a	n/a
5.39	0.024	saccade	n/a	290.2	159.2	n/a	352.1	159.3	2.26	133.0
5.416	0.064	fixation	n/a	351.0	162.2	3527.0	n/a	n/a	n/a	n/a
5.482	0.032	saccade	n/a	350.7	163.5	n/a	435.3	159.8	3.1	188.0
5.516	0.232	fixation	n/a	431.1	165.6	3593.0	n/a	n/a	n/a	n/a
5.75	0.03	saccade	n/a	434.2	167.9	n/a	525.0	168.2	3.31	177.0
5.782	0.11	fixation	n/a	520.9	168.6	3633.0	n/a	n/a	n/a	n/a
5.894	0.024	saccade	n/a	523.7	169.4	n/a	571.1	171.8	1.72	120.0
5.92	0.132	fixation	n/a	569.1	174.7	3658.0	n/a	n/a	n/a	n/a
6.054	0.016	saccade	n/a	571.9	174.0	n/a	591.9	172.1	0.73	55.0
6.072	0.074	fixation	n/a	591.1	173.5	3675.0	n/a	n/a	n/a	n/a
6.148	0.072	saccade	n/a	589.7	174.6	n/a	135.4	215.0	16.32	410.0
6.222	0.278	fixation	n/a	137.2	215.1	3851.0	n/a	n/a	n/a	n/a
6.502	0.032	saccade	n/a	136.5	214.4	n/a	224.9	215.6	3.16	200.0
6.536	0.17	fixation	n/a	222.9	218.7	3927.0	n/a	n/a	n/a	n/a
6.708	0.028	saccade	n/a	225.8	220.4	n/a	288.0	221.8	2.25	149.0
6.738	0.124	fixation	n/a	285.7	225.2	3971.0	n/a	n/a	n/a	n/a
6.864	0.028	saccade	n/a	288.7	226.3	n/a	363.1	222.9	2.72	169.0
6.894	0.32	fixation	n/a	357.4	227.8	3961.0	n/a	n/a	n/a	n/a
7.216	0.138	saccade	n/a	355.9	231.7	n/a	114.6	156.9	9.09	1076.0
7.248	0.05	blink	n/a	n/a	n/a	n/a	n/a	n/a	n/a	n/a
7.356	0.198	fixation	n/a	116.9	156.9	3978.0	n/a	n/a	n/a	n/a
7.556	0.024	saccade	n/a	122.3	161.4	n/a	183.5	160.2	2.18	146.0
7.582	0.232	fixation	n/a	181.1	162.9	3952.0	n/a	n/a	n/a	n/a
7.816	0.016	saccade	n/a	186.0	161.8	n/a	212.0	165.1	0.94	74.0
7.834	0.126	fixation	n/a	209.9	166.4	3929.0	n/a	n/a	n/a	n/a
7.962	0.032	saccade	n/a	211.8	165.8	n/a	306.1	161.7	3.41	190.0
7.996	0.146	fixation	n/a	300.5	163.4	3880.0	n/a	n/a	n/a	n/a
8.144	0.018	saccade	n/a	297.8	162.9	n/a	272.7	160.9	0.91	70.0
8.164	0.2	fixation	n/a	275.6	162.0	3841.0	n/a	n/a	n/a	n/a
8.366	0.026	saccade	n/a	276.7	161.1	n/a	331.0	160.0	1.97	130.0
8.394	0.166	fixation	n/a	327.4	160.6	3736.0	n/a	n/a	n/a	n/a
8.562	0.028	saccade	n/a	331.0	161.2	n/a	398.5	157.2	2.46	152.0
8.592	0.23	fixation	n/a	395.6	159.9	3705.0	n/a	n/a	n/a	n/a
8.824	0.02	saccade	n/a	398.3	161.6	n/a	431.3	161.4	1.2	85.0
8.846	0.216	fixation	n/a	429.0	165.0	3795.0	n/a	n/a	n/a	n/a
9.064	0.026	saccade	n/a	431.3	168.2	n/a	493.0	169.0	2.25	110.0
9.092	0.126	fixation	n/a	492.9	171.2	3846.0	n/a	n/a	n/a	n/a
9.22	0.022	saccade	n/a	494.5	172.5	n/a	538.4	169.4	1.6	105.0
9.244	0.094	fixation	n/a	536.8	172.2	3844.0	n/a	n/a	n/a	n/a
9.34	0.02	saccade	n/a	539.5	173.1	n/a	578.8	170.0	1.43	100.0
9.362	0.184	fixation	n/a	575.0	173.1	3837.0	n/a	n/a	n/a	n/a
9.548	0.068	saccade	n/a	575.2	172.9	n/a	149.8	212.8	15.34	376.0
9.618	0.156	fixation	n/a	154.4	212.4	3941.0	n/a	n/a	n/a	n/a
9.776	0.016	saccade	n/a	150.9	210.2	n/a	126.4	210.1	0.87	68.0
9.794	0.146	fixation	n/a	133.0	213.5	3997.0	n/a	n/a	n/a	n/a
9.942	0.032	saccade	n/a	135.4	214.7	n/a	238.7	213.2	3.7	212.0
9.976	0.324	fixation	n/a	233.8	216.4	4053.0	n/a	n/a	n/a	n/a
10.302	0.14	saccade	n/a	232.7	224.3	n/a	310.7	207.3	2.9	1113.0
10.336	0.052	blink	n/a	n/a	n/a	n/a	n/a	n/a	n/a	n/a
10.444	0.118	fixation	n/a	309.4	219.3	4026.0	n/a	n/a	n/a	n/a
10.564	0.016	saccade	n/a	307.2	225.5	n/a	281.8	223.0	0.93	75.0
10.582	0.438	fixation	n/a	285.6	224.4	3929.0	n/a	n/a	n/a	n/a
11.022	0.026	saccade	n/a	287.4	225.6	n/a	353.6	226.7	2.42	144.0
11.05	0.154	fixation	n/a	352.7	231.8	3845.0	n/a	n/a	n/a	n/a
11.206	0.03	saccade	n/a	355.7	234.4	n/a	442.0	229.0	3.18	173.0
11.238	0.25	fixation	n/a	438.6	234.4	3823.0	n/a	n/a	n/a	n/a
11.49	0.026	saccade	n/a	440.6	236.4	n/a	499.4	234.2	2.16	127.0
11.518	0.206	fixation	n/a	489.2	236.1	3846.0	n/a	n/a	n/a	n/a
11.726	0.028	saccade	n/a	481.0	238.0	n/a	552.8	240.3	2.63	155.0
11.756	0.258	fixation	n/a	557.2	241.0	3829.0	n/a	n/a	n/a	n/a
12.016	0.068	saccade	n/a	567.9	242.3	n/a	121.8	283.2	16.12	427.0
12.086	0.282	fixation	n/a	126.8	286.2	3973.0	n/a	n/a	n/a	n/a
12.37	0.024	saccade	n/a	125.8	290.2	n/a	166.0	305.8	1.54	106.0
12.396	0.05	fixation	n/a	161.5	302.3	3989.0	n/a	n/a	n/a	n/a
12.448	0.188	saccade	n/a	162.0	298.6	n/a	298.6	580.8	11.45	975.0
12.488	0.074	blink	n/a	n/a	n/a	n/a	n/a	n/a	n/a	n/a
12.638	0.07	fixation	n/a	296.6	585.1	4059.0	n/a	n/a	n/a	n/a
12.71	0.066	saccade	n/a	297.6	592.8	n/a	250.6	219.1	13.82	380.0
12.778	0.37	fixation	n/a	254.9	224.1	3953.0	n/a	n/a	n/a	n/a
13.15	0.2	saccade	n/a	258.5	216.6	n/a	211.7	214.4	1.69	691.0
13.202	0.09	blink	n/a	n/a	n/a	n/a	n/a	n/a	n/a	n/a
13.352	0.586	fixation	n/a	218.2	223.3	3995.0	n/a	n/a	n/a	n/a
13.94	0.148	saccade	n/a	221.9	234.0	n/a	359.8	260.2	5.13	1094.0
13.974	0.064	blink	n/a	n/a	n/a	n/a	n/a	n/a	n/a	n/a
14.09	0.41	fixation	n/a	360.3	278.1	4169.0	n/a	n/a	n/a	n/a
14.502	0.15	saccade	n/a	362.1	282.2	n/a	297.6	244.8	2.75	1024.0
14.534	0.066	blink	n/a	n/a	n/a	n/a	n/a	n/a	n/a	n/a
14.654	0.27	fixation	n/a	295.3	260.2	4284.0	n/a	n/a	n/a	n/a
14.926	0.172	saccade	n/a	296.8	259.0	n/a	311.4	589.2	12.17	1048.0
14.964	0.094	blink	n/a	n/a	n/a	n/a	n/a	n/a	n/a	n/a
15.1	0.224	fixation	n/a	310.8	596.7	4421.0	n/a	n/a	n/a	n/a
15.326	0.03	saccade	n/a	314.3	607.4	n/a	379.9	574.1	2.68	165.0
15.358	0.19	fixation	n/a	375.9	581.2	4407.0	n/a	n/a	n/a	n/a
15.55	0.026	saccade	n/a	378.1	581.8	n/a	380.3	529.9	1.91	140.0
15.578	0.138	fixation	n/a	381.0	540.6	4300.0	n/a	n/a	n/a	n/a
15.718	0.032	saccade	n/a	382.1	544.3	n/a	469.4	551.1	3.2	187.0
15.752	0.236	fixation	n/a	465.5	554.0	4127.0	n/a	n/a	n/a	n/a
15.99	0.036	saccade	n/a	469.6	554.4	n/a	575.8	537.4	3.91	188.0
16.028	0.126	fixation	n/a	570.2	538.3	4081.0	n/a	n/a	n/a	n/a
16.156	0.14	saccade	n/a	571.4	539.8	n/a	347.5	272.7	12.82	924.0
16.186	0.064	blink	n/a	n/a	n/a	n/a	n/a	n/a	n/a	n/a
16.298	0.094	fixation	n/a	347.8	283.2	4252.0	n/a	n/a	n/a	n/a
16.394	0.042	saccade	n/a	347.1	283.6	n/a	185.1	257.1	5.97	300.0
16.438	0.314	fixation	n/a	188.3	259.9	4340.0	n/a	n/a	n/a	n/a
16.514	0.0	trigger_11	11	n/a	n/a	n/a	n/a	n/a	n/a	n/a
16.576	0.0	trigger_12	12	n/a	n/a	n/a	n/a	n/a	n/a	n/a
16.754	0.034	saccade	n/a	187.3	261.7	n/a	235.3	167.5	3.86	222.0
16.79	0.1	fixation	n/a	230.9	173.9	4306.0	n/a	n/a	n/a	n/a
16.892	0.03	saccade	n/a	229.2	172.7	n/a	165.7	158.8	2.33	180.0
16.924	0.076	fixation	n/a	172.2	161.1	4337.0	n/a	n/a	n/a	n/a
17.002	0.018	saccade	n/a	170.1	161.1	n/a	143.3	156.1	0.97	77.0
17.022	0.198	fixation	n/a	149.5	159.7	4263.0	n/a	n/a	n/a	n/a
17.222	0.026	saccade	n/a	153.4	163.8	n/a	214.3	164.5	2.18	141.0
17.25	0.122	fixation	n/a	208.1	163.2	4186.0	n/a	n/a	n/a	n/a
17.374	0.03	saccade	n/a	209.5	163.8	n/a	284.7	160.1	2.72	182.0
17.406	0.228	fixation	n/a	279.8	160.7	4116.0	n/a	n/a	n/a	n/a
17.636	0.018	saccade	n/a	283.2	162.5	n/a	309.1	163.9	0.94	73.0
17.656	0.072	fixation	n/a	305.7	163.5	4071.0	n/a	n/a	n/a	n/a
17.73	0.17	saccade	n/a	305.3	158.9	n/a	352.4	154.7	1.72	1023.0
17.766	0.072	blink	n/a	n/a	n/a	n/a	n/a	n/a	n/a	n/a
17.902	0.382	fixation	n/a	352.9	168.0	4002.0	n/a	n/a	n/a	n/a
18.286	0.02	saccade	n/a	355.9	170.8	n/a	391.6	168.9	1.3	89.0
18.308	0.106	fixation	n/a	388.0	169.6	3878.0	n/a	n/a	n/a	n/a
18.416	0.046	saccade	n/a	387.6	168.8	n/a	182.2	152.2	7.44	328.0
18.464	0.118	fixation	n/a	186.2	154.8	3820.0	n/a	n/a	n/a	n/a
18.584	0.028	saccade	n/a	184.4	156.0	n/a	130.1	151.9	1.93	144.0
18.614	0.236	fixation	n/a	134.6	154.5	3790.0	n/a	n/a	n/a	n/a
18.852	0.028	saccade	n/a	134.8	156.4	n/a	210.1	157.6	2.68	154.0
18.882	0.138	fixation	n/a	207.3	161.4	3792.0	n/a	n/a	n/a	n/a
19.022	0.024	saccade	n/a	209.6	163.2	n/a	266.9	164.0	2.07	138.0
19.048	0.224	fixation	n/a	266.6	166.1	3817.0	n/a	n/a	n/a	n/a
19.274	0.022	saccade	n/a	271.9	168.1	n/a	312.0	169.3	1.46	97.0
19.298	0.11	fixation	n/a	310.1	170.9	3838.0	n/a	n/a	n/a	n/a
19.41	0.156	saccade	n/a	309.8	172.4	n/a	372.6	159.2	2.34	1014.0
19.444	0.064	blink	n/a	n/a	n/a	n/a	n/a	n/a	n/a	n/a
19.568	0.476	fixation	n/a	373.0	171.3	3882.0	n/a	n/a	n/a	n/a
20.046	0.04	saccade	n/a	372.7	171.0	n/a	250.9	206.3	4.62	235.0
20.088	0.318	fixation	n/a	262.0	209.2	4081.0	n/a	n/a	n/a	n/a
20.17	0.0	trigger_13	13	n/a	n/a	n/a	n/a	n/a	n/a	n/a
20.234	0.0	trigger_10	10	n/a	n/a	n/a	n/a	n/a	n/a	n/a
20.408	0.034	saccade	n/a	261.9	211.5	n/a	170.1	189.4	3.4	204.0
20.444	0.046	fixation	n/a	176.2	189.8	4171.0	n/a	n/a	n/a	n/a
20.492	0.03	saccade	n/a	175.0	190.4	n/a	131.6	137.0	2.47	181.0
20.524	0.276	fixation	n/a	137.5	146.5	4171.0	n/a	n/a	n/a	n/a
20.802	0.02	saccade	n/a	142.9	147.9	n/a	182.8	144.8	1.42	98.0
20.824	0.16	fixation	n/a	179.6	147.5	4104.0	n/a	n/a	n/a	n/a
20.986	0.02	saccade	n/a	182.6	149.5	n/a	221.5	151.6	1.4	100.0
21.008	0.08	fixation	n/a	217.7	154.3	4067.0	n/a	n/a	n/a	n/a
21.09	0.154	saccade	n/a	221.8	154.9	n/a	318.6	138.4	3.55	1046.0
21.13	0.058	blink	n/a	n/a	n/a	n/a	n/a	n/a	n/a	n/a
21.246	0.188	fixation	n/a	314.8	148.8	4053.0	n/a	n/a	n/a	n/a
21.436	0.03	saccade	n/a	313.3	152.9	n/a	399.0	156.7	3.13	178.0
21.468	0.136	fixation	n/a	393.0	159.0	3991.0	n/a	n/a	n/a	n/a
21.606	0.014	saccade	n/a	388.9	157.9	n/a	371.6	155.5	0.64	53.0
21.622	0.17	fixation	n/a	372.3	159.8	3883.0	n/a	n/a	n/a	n/a
21.794	0.03	saccade	n/a	374.5	161.4	n/a	457.3	160.1	3.02	162.0
21.826	0.2	fixation	n/a	453.6	163.4	3716.0	n/a	n/a	n/a	n/a
22.028	0.028	saccade	n/a	456.1	163.2	n/a	526.9	160.5	2.58	143.0
22.058	0.258	fixation	n/a	526.2	163.5	3660.0	n/a	n/a	n/a	n/a
22.318	0.066	saccade	n/a	527.6	167.2	n/a	150.6	193.4	13.62	374.0
22.386	0.348	fixation	n/a	148.2	203.6	3728.0	n/a	n/a	n/a	n/a
22.736	0.032	saccade	n/a	145.0	209.5	n/a	237.8	216.8	3.34	182.0
22.77	0.074	fixation	n/a	233.4	216.8	3746.0	n/a	n/a	n/a	n/a
22.846	0.024	saccade	n/a	235.2	217.1	n/a	285.0	217.7	1.81	129.0
22.872	0.2	fixation	n/a	282.1	220.4	3749.0	n/a	n/a	n/a	n/a
23.074	0.166	saccade	n/a	279.3	222.6	n/a	347.1	219.6	2.48	963.0
23.11	0.072	blink	n/a	n/a	n/a	n/a	n/a	n/a	n/a	n/a
23.242	0.1	fixation	n/a	346.1	227.6	3769.0	n/a	n/a	n/a	n/a
23.344	0.04	saccade	n/a	347.3	236.6	n/a	470.9	235.6	4.54	190.0
23.386	0.112	fixation	n/a	464.5	237.0	3716.0	n/a	n/a	n/a	n/a
23.5	0.03	saccade	n/a	466.5	237.1	n/a	536.8	231.2	2.59	159.0
23.532	0.27	fixation	n/a	531.3	234.3	3699.0	n/a	n/a	n/a	n/a
23.804	0.024	saccade	n/a	530.4	236.2	n/a	576.0	237.0	1.67	118.0
23.83	0.176	fixation	n/a	572.0	238.1	3591.0	n/a	n/a	n/a	n/a
24.008	0.028	saccade	n/a	570.4	237.8	n/a	501.0	228.8	2.55	164.0
24.038	0.248	fixation	n/a	502.9	230.4	3568.0	n/a	n/a	n/a	n/a
24.288	0.032	saccade	n/a	503.4	231.2	n/a	593.8	233.2	3.3	172.0
24.322	0.072	fixation	n/a	589.4	234.1	3538.0	n/a	n/a	n/a	n/a
24.396	0.072	saccade	n/a	587.7	234.1	n/a	129.5	137.3	16.8	411.0
24.47	0.536	fixation	n/a	137.2	149.3	3655.0	n/a	n/a	n/a	n/a
25.008	0.16	saccade	n/a	136.2	155.4	n/a	215.2	162.3	2.83	866.0
25.046	0.062	blink	n/a	n/a	n/a	n/a	n/a	n/a	n/a	n/a
25.17	0.196	fixation	n/a	220.1	159.4	3815.0	n/a	n/a	n/a	n/a
25.368	0.026	saccade	n/a	223.7	163.3	n/a	278.9	160.8	1.99	131.0
25.396	0.142	fixation	n/a	275.8	161.3	3868.0	n/a	n/a	n/a	n/a
25.54	0.032	saccade	n/a	276.2	161.0	n/a	371.3	161.0	3.46	195.0
25.574	0.224	fixation	n/a	367.4	164.9	3886.0	n/a	n/a	n/a	n/a
25.8	0.02	saccade	n/a	371.3	169.9	n/a	411.3	169.5	1.47	97.0
25.822	0.094	fixation	n/a	409.5	172.9	3876.0	n/a	n/a	n/a	n/a
25.918	0.028	saccade	n/a	410.1	174.2	n/a	491.7	169.9	2.99	156.0
25.948	0.14	fixation	n/a	488.3	171.3	3857.0	n/a	n/a	n/a	n/a
26.09	0.024	saccade	n/a	489.6	171.5	n/a	544.7	170.8	2.01	116.0
26.116	0.172	fixation	n/a	545.4	172.1	3820.0	n/a	n/a	n/a	n/a
26.29	0.03	saccade	n/a	544.9	173.6	n/a	471.2	172.0	2.69	191.0
26.322	0.092	fixation	n/a	478.8	173.2	3843.0	n/a	n/a	n/a	n/a
26.416	0.014	saccade	n/a	482.2	173.7	n/a	498.9	171.9	0.61	50.0
26.432	0.2	fixation	n/a	494.0	175.1	3872.0	n/a	n/a	n/a	n/a
26.634	0.024	saccade	n/a	494.2	175.8	n/a	557.6	175.0	2.31	131.0
26.66	0.158	fixation	n/a	553.1	176.8	3945.0	n/a	n/a	n/a	n/a
26.82	0.072	saccade	n/a	549.5	177.0	n/a	125.6	215.3	15.29	381.0
26.894	0.266	fixation	n/a	132.4	224.1	4155.0	n/a	n/a	n/a	n/a
27.162	0.186	saccade	n/a	133.2	235.3	n/a	240.5	219.2	3.9	930.0
27.204	0.042	blink	n/a	n/a	n/a	n/a	n/a	n/a	n/a	n/a
27.35	0.216	fixation	n/a	237.8	230.6	4223.0	n/a	n/a	n/a	n/a
27.568	0.016	saccade	n/a	242.4	232.1	n/a	265.1	230.9	0.83	64.0
27.586	0.114	fixation	n/a	263.1	233.7	4201.0	n/a	n/a	n/a	n/a
27.702	0.032	saccade	n/a	263.9	235.1	n/a	361.7	231.0	3.58	193.0
27.736	0.172	fixation	n/a	357.1	234.7	4169.0	n/a	n/a	n/a	n/a
27.91	0.024	saccade	n/a	360.0	236.1	n/a	416.5	236.2	2.08	128.0
27.936	0.05	fixation	n/a	415.8	238.4	4136.0	n/a	n/a	n/a	n/a
27.988	0.034	saccade	n/a	416.8	238.8	n/a	509.6	235.0	3.41	201.0
28.024	0.222	fixation	n/a	506.3	237.7	4077.0	n/a	n/a	n/a	n/a
28.248	0.024	saccade	n/a	509.2	239.5	n/a	563.7	238.3	1.99	119.0
28.274	0.522	fixation	n/a	570.0	243.4	3964.0	n/a	n/a	n/a	n/a
28.798	0.028	saccade	n/a	583.8	248.2	n/a	654.5	239.7	2.58	144.0
28.828	0.148	fixation	n/a	649.5	239.9	3840.0	n/a	n/a	n/a	n/a
28.978	0.078	saccade	n/a	649.3	240.4	n/a	155.9	280.6	17.81	435.0
29.058	0.104	fixation	n/a	166.9	285.3	3903.0	n/a	n/a	n/a	n/a
29.164	0.026	saccade	n/a	166.3	286.3	n/a	118.5	287.7	1.71	119.0
29.192	0.196	fixation	n/a	127.0	290.4	3875.0	n/a	n/a	n/a	n/a
29.39	0.148	saccade	n/a	132.5	296.5	n/a	222.2	283.4	3.26	941.0
29.428	0.048	blink	n/a	n/a	n/a	n/a	n/a	n/a	n/a	n/a
29.54	0.1	fixation	n/a	224.1	287.0	3978.0	n/a	n/a	n/a	n/a
29.642	0.016	saccade	n/a	222.2	293.0	n/a	197.3	291.7	0.9	70.0
29.66	0.108	fixation	n/a	201.8	293.8	3968.0	n/a	n/a	n/a	n/a
29.77	0.028	saccade	n/a	201.6	294.3	n/a	149.0	284.7	1.92	150.0
29.8	0.32	fixation	n/a	149.2	283.2	3915.0	n/a	n/a	n/a	n/a
30.122	0.022	saccade	n/a	149.6	283.9	n/a	193.5	282.4	1.57	106.0
30.146	0.14	fixation	n/a	193.8	285.9	3858.0	n/a	n/a	n/a	n/a
30.288	0.028	saccade	n/a	198.3	286.7	n/a	279.3	281.3	2.94	179.0
30.318	0.288	fixation	n/a	279.4	288.0	3825.0	n/a	n/a	n/a	n/a
30.608	0.032	saccade	n/a	283.5	288.8	n/a	383.3	285.7	3.66	200.0
30.642	0.242	fixation	n/a	380.6	288.6	3828.0	n/a	n/a	n/a	n/a
30.886	0.042	saccade	n/a	383.0	290.2	n/a	515.3	286.8	4.86	200.0
30.93	0.246	fixation	n/a	510.0	288.3	3683.0	n/a	n/a	n/a	n/a
31.178	0.024	saccade	n/a	512.9	290.2	n/a	560.0	290.7	1.72	101.0
31.204	0.142	fixation	n/a	557.0	294.0	3546.0	n/a	n/a	n/a	n/a
31.348	0.066	saccade	n/a	555.5	294.8	n/a	163.6	335.3	14.25	393.0
31.416	0.122	fixation	n/a	164.8	339.1	3568.0	n/a	n/a	n/a	n/a
31.54	0.022	saccade	n/a	159.7	341.5	n/a	113.5	351.1	1.68	111.0
31.564	0.152	fixation	n/a	117.7	354.1	3584.0	n/a	n/a	n/a	n/a
31.718	0.18	saccade	n/a	118.5	354.3	n/a	184.9	348.8	2.38	596.0
31.75	0.068	blink	n/a	n/a	n/a	n/a	n/a	n/a	n/a	n/a
31.9	0.076	fixation	n/a	186.9	352.4	3772.0	n/a	n/a	n/a	n/a
31.978	0.016	saccade	n/a	185.3	356.8	n/a	160.0	350.6	0.94	73.0
31.996	0.384	fixation	n/a	164.3	356.1	3727.0	n/a	n/a	n/a	n/a
32.382	0.014	saccade	n/a	159.2	358.3	n/a	143.8	356.1	0.56	48.0
32.398	0.042	fixation	n/a	146.1	356.4	3650.0	n/a	n/a	n/a	n/a
32.442	0.016	saccade	n/a	144.5	356.9	n/a	123.7	352.2	0.76	62.0
32.46	0.214	fixation	n/a	130.1	356.6	3613.0	n/a	n/a	n/a	n/a
32.676	0.03	saccade	n/a	132.6	357.9	n/a	221.8	351.7	3.21	180.0
32.708	0.396	fixation	n/a	220.9	357.4	3678.0	n/a	n/a	n/a	n/a
33.106	0.166	saccade	n/a	232.1	359.0	n/a	308.8	351.4	2.81	888.0
33.146	0.066	blink	n/a	n/a	n/a	n/a	n/a	n/a	n/a	n/a
33.274	0.154	fixation	n/a	309.3	356.1	3727.0	n/a	n/a	n/a	n/a
33.43	0.02	saccade	n/a	313.8	361.3	n/a	351.4	362.8	1.38	95.0
33.452	0.088	fixation	n/a	350.2	363.9	3698.0	n/a	n/a	n/a	n/a
33.542	0.026	saccade	n/a	350.3	362.4	n/a	409.2	360.8	2.17	144.0
33.57	0.128	fixation	n/a	407.3	360.7	3697.0	n/a	n/a	n/a	n/a
33.7	0.018	saccade	n/a	410.2	362.6	n/a	437.2	360.1	1.0	76.0
33.72	0.28	fixation	n/a	435.3	362.9	3659.0	n/a	n/a	n/a	n/a
34.002	0.044	saccade	n/a	436.3	364.5	n/a	266.6	355.2	6.24	289.0
34.048	0.18	fixation	n/a	271.0	357.4	3657.0	n/a	n/a	n/a	n/a
34.23	0.024	saccade	n/a	266.9	357.4	n/a	217.3	354.0	1.81	126.0
34.256	0.196	fixation	n/a	224.2	356.9	3687.0	n/a	n/a	n/a	n/a
34.454	0.02	saccade	n/a	224.5	359.8	n/a	194.4	355.6	1.1	84.0
34.476	0.23	fixation	n/a	201.9	356.6	3779.0	n/a	n/a	n/a	n/a
34.482	0.0	trigger_11	11	n/a	n/a	n/a	n/a	n/a	n/a	n/a
34.54	0.0	trigger_10	10	n/a	n/a	n/a	n/a	n/a	n/a	n/a
34.708	0.036	saccade	n/a	205.4	353.6	n/a	251.5	231.3	4.82	253.0
34.746	0.11	fixation	n/a	248.3	235.9	3842.0	n/a	n/a	n/a	n/a
34.858	0.034	saccade	n/a	247.7	236.4	n/a	176.4	167.5	3.6	228.0
34.894	0.054	fixation	n/a	180.3	170.1	3865.0	n/a	n/a	n/a	n/a
34.95	0.026	saccade	n/a	179.1	171.1	n/a	145.5	153.2	1.36	113.0
34.978	0.1	fixation	n/a	149.1	156.8	3874.0	n/a	n/a	n/a	n/a
35.08	0.014	saccade	n/a	147.1	158.2	n/a	128.4	156.5	0.66	55.0
35.096	0.156	fixation	n/a	129.1	157.5	3876.0	n/a	n/a	n/a	n/a
35.254	0.14	saccade	n/a	127.9	160.0	n/a	208.7	156.0	2.88	910.0
35.294	0.036	blink	n/a	n/a	n/a	n/a	n/a	n/a	n/a	n/a
35.396	0.118	fixation	n/a	211.2	162.7	3955.0	n/a	n/a	n/a	n/a
35.516	0.024	saccade	n/a	214.7	165.6	n/a	266.2	165.9	1.86	129.0
35.542	0.134	fixation	n/a	262.6	167.1	3933.0	n/a	n/a	n/a	n/a
35.678	0.03	saccade	n/a	263.7	168.9	n/a	348.9	168.3	3.1	175.0
35.71	0.262	fixation	n/a	343.9	170.4	3956.0	n/a	n/a	n/a	n/a
35.974	0.024	saccade	n/a	346.2	172.3	n/a	400.6	171.0	1.99	127.0
36.0	0.168	fixation	n/a	395.6	174.5	3944.0	n/a	n/a	n/a	n/a
36.17	0.034	saccade	n/a	396.8	178.2	n/a	500.6	175.4	3.8	184.0
36.206	0.186	fixation	n/a	495.9	178.7	3926.0	n/a	n/a	n/a	n/a
36.394	0.026	saccade	n/a	499.0	181.8	n/a	564.1	186.4	2.38	141.0
36.422	0.152	fixation	n/a	559.5	188.1	3921.0	n/a	n/a	n/a	n/a
36.576	0.02	saccade	n/a	561.3	189.0	n/a	601.3	186.7	1.45	98.0
36.598	0.202	fixation	n/a	596.6	188.2	3914.0	n/a	n/a	n/a	n/a
36.802	0.016	saccade	n/a	598.4	187.9	n/a	620.5	188.4	0.8	60.0
36.82	0.078	fixation	n/a	619.5	191.6	3930.0	n/a	n/a	n/a	n/a
36.9	0.022	saccade	n/a	619.8	194.4	n/a	660.6	190.4	1.47	107.0
36.924	0.13	fixation	n/a	654.5	193.6	3960.0	n/a	n/a	n/a	n/a
37.056	0.078	saccade	n/a	652.2	195.9	n/a	109.3	212.3	19.33	451.0
37.136	0.196	fixation	n/a	116.0	230.5	4154.0	n/a	n/a	n/a	n/a
37.334	0.212	saccade	n/a	111.7	248.6	n/a	222.4	224.4	4.05	736.0
37.376	0.106	blink	n/a	n/a	n/a	n/a	n/a	n/a	n/a	n/a
37.548	0.302	fixation	n/a	214.7	225.5	4386.0	n/a	n/a	n/a	n/a
37.852	0.022	saccade	n/a	210.0	223.3	n/a	248.7	219.2	1.41	102.0
37.876	0.14	fixation	n/a	244.7	224.8	4401.0	n/a	n/a	n/a	n/a
38.018	0.032	saccade	n/a	245.2	225.9	n/a	339.8	220.7	3.45	194.0
38.052	0.25	fixation	n/a	335.5	225.0	4308.0	n/a	n/a	n/a	n/a
38.304	0.16	saccade	n/a	339.6	218.8	n/a	438.6	214.3	3.63	1118.0
38.342	0.066	blink	n/a	n/a	n/a	n/a	n/a	n/a	n/a	n/a
38.466	0.212	fixation	n/a	439.3	223.2	4186.0	n/a	n/a	n/a	n/a
38.68	0.018	saccade	n/a	442.4	230.2	n/a	465.9	233.9	0.87	67.0
38.7	0.16	fixation	n/a	462.5	234.9	4138.0	n/a	n/a	n/a	n/a
38.862	0.02	saccade	n/a	466.3	236.7	n/a	504.2	237.3	1.39	98.0
38.884	0.116	fixation	n/a	500.1	237.0	4130.0	n/a	n/a	n/a	n/a
39.002	0.028	saccade	n/a	502.1	237.7	n/a	575.2	238.8	2.67	156.0
39.032	0.122	fixation	n/a	570.6	241.3	4069.0	n/a	n/a	n/a	n/a
39.156	0.018	saccade	n/a	572.6	244.9	n/a	599.3	244.1	0.97	76.0
39.176	0.048	fixation	n/a	594.7	246.0	4034.0	n/a	n/a	n/a	n/a
39.226	0.066	saccade	n/a	593.6	247.4	n/a	169.5	284.8	15.35	434.0
39.294	0.164	fixation	n/a	169.0	285.6	4134.0	n/a	n/a	n/a	n/a
39.46	0.036	saccade	n/a	167.9	287.1	n/a	128.7	186.8	3.92	232.0
39.498	0.17	fixation	n/a	128.6	193.0	4103.0	n/a	n/a	n/a	n/a
39.67	0.024	saccade	n/a	127.7	195.8	n/a	110.9	154.1	1.62	118.0
39.696	0.194	fixation	n/a	115.5	160.5	4105.0	n/a	n/a	n/a	n/a
39.892	0.026	saccade	n/a	119.1	160.6	n/a	182.4	158.2	2.24	146.0
39.92	0.442	fixation	n/a	181.0	161.7	4054.0	n/a	n/a	n/a	n/a
40.364	0.024	saccade	n/a	184.7	161.4	n/a	234.7	159.2	1.79	120.0
40.39	0.242	fixation	n/a	232.7	161.3	3925.0	n/a	n/a	n/a	n/a
40.634	0.03	saccade	n/a	234.9	161.8	n/a	323.5	162.9	3.2	186.0
40.666	0.194	fixation	n/a	320.6	164.4	3845.0	n/a	n/a	n/a	n/a
40.862	0.156	saccade	n/a	322.5	163.0	n/a	401.7	151.5	2.92	1011.0
40.898	0.062	blink	n/a	n/a	n/a	n/a	n/a	n/a	n/a	n/a
41.02	0.17	fixation	n/a	401.3	168.1	3803.0	n/a	n/a	n/a	n/a
41.192	0.014	saccade	n/a	405.8	172.7	n/a	423.6	172.6	0.65	56.0
41.208	0.12	fixation	n/a	420.5	173.8	3772.0	n/a	n/a	n/a	n/a
41.33	0.028	saccade	n/a	422.5	172.7	n/a	489.5	166.2	2.46	141.0
41.36	0.266	fixation	n/a	481.8	169.4	3688.0	n/a	n/a	n/a	n/a
41.628	0.024	saccade	n/a	476.7	170.1	n/a	526.4	169.3	1.81	118.0
41.654	0.61	fixation	n/a	535.8	170.7	3473.0	n/a	n/a	n/a	n/a
42.266	0.146	saccade	n/a	558.4	172.0	n/a	508.0	161.1	1.87	956.0
42.302	0.06	blink	n/a	n/a	n/a	n/a	n/a	n/a	n/a	n/a
42.414	0.28	fixation	n/a	511.7	171.6	3507.0	n/a	n/a	n/a	n/a
42.696	0.028	saccade	n/a	522.8	176.1	n/a	589.0	173.7	2.4	148.0
42.726	0.572	fixation	n/a	596.7	176.8	3557.0	n/a	n/a	n/a	n/a
43.3	0.024	saccade	n/a	608.3	181.2	n/a	660.6	179.1	1.88	109.0
43.326	0.134	fixation	n/a	658.8	181.5	3546.0	n/a	n/a	n/a	n/a
43.462	0.078	saccade	n/a	657.8	183.1	n/a	160.3	228.9	17.88	411.0
43.542	0.134	fixation	n/a	169.2	231.7	3721.0	n/a	n/a	n/a	n/a
43.678	0.022	saccade	n/a	169.4	233.2	n/a	138.0	230.5	1.12	91.0
43.702	0.244	fixation	n/a	145.0	231.2	3825.0	n/a	n/a	n/a	n/a
43.948	0.028	saccade	n/a	150.2	231.6	n/a	240.3	225.0	3.24	166.0
43.978	0.332	fixation	n/a	236.0	227.9	3912.0	n/a	n/a	n/a	n/a
44.312	0.198	saccade	n/a	235.2	227.4	n/a	336.2	209.5	3.72	672.0
44.358	0.046	blink	n/a	n/a	n/a	n/a	n/a	n/a	n/a	n/a
44.512	0.242	fixation	n/a	327.8	221.4	3858.0	n/a	n/a	n/a	n/a
44.756	0.036	saccade	n/a	329.3	222.0	n/a	448.9	224.5	4.37	231.0
44.794	0.164	fixation	n/a	442.7	226.0	3847.0	n/a	n/a	n/a	n/a
44.96	0.024	saccade	n/a	445.3	228.2	n/a	495.4	228.5	1.84	128.0
44.986	0.108	fixation	n/a	492.1	231.7	3813.0	n/a	n/a	n/a	n/a
45.096	0.03	saccade	n/a	494.2	233.0	n/a	576.5	229.4	3.01	165.0
45.128	0.238	fixation	n/a	571.5	233.0	3740.0	n/a	n/a	n/a	n/a
45.368	0.078	saccade	n/a	567.5	236.5	n/a	177.2	283.6	14.2	403.0
45.448	0.138	fixation	n/a	178.1	284.9	3779.0	n/a	n/a	n/a	n/a
45.588	0.028	saccade	n/a	175.1	288.3	n/a	124.2	287.0	1.82	135.0
45.618	0.272	fixation	n/a	127.9	288.5	3843.0	n/a	n/a	n/a	n/a
45.892	0.026	saccade	n/a	130.0	285.3	n/a	180.6	282.6	1.81	127.0
45.92	0.572	fixation	n/a	175.2	285.9	4023.0	n/a	n/a	n/a	n/a
46.362	0.0	trigger_11	11	n/a	n/a	n/a	n/a	n/a	n/a	n/a
46.42	0.0	trigger_12	12	n/a	n/a	n/a	n/a	n/a	n/a	n/a
46.494	0.024	saccade	n/a	180.9	289.6	n/a	178.5	249.6	1.48	112.0
46.52	0.058	fixation	n/a	180.4	253.8	4035.0	n/a	n/a	n/a	n/a
46.58	0.032	saccade	n/a	180.7	255.1	n/a	141.2	155.2	3.9	210.0
46.614	0.054	fixation	n/a	141.9	162.0	3961.0	n/a	n/a	n/a	n/a
46.67	0.024	saccade	n/a	140.5	162.6	n/a	110.7	129.1	1.6	122.0
46.696	0.346	fixation	n/a	116.2	136.2	3941.0	n/a	n/a	n/a	n/a
47.044	0.034	saccade	n/a	118.2	142.1	n/a	234.0	154.4	4.14	207.0
47.08	0.272	fixation	n/a	230.3	158.1	4035.0	n/a	n/a	n/a	n/a
47.354	0.13	saccade	n/a	232.6	163.8	n/a	326.3	143.6	3.47	1089.0
47.39	0.034	blink	n/a	n/a	n/a	n/a	n/a	n/a	n/a	n/a
47.486	0.132	fixation	n/a	326.7	156.9	4082.0	n/a	n/a	n/a	n/a
47.62	0.014	saccade	n/a	322.3	161.4	n/a	307.6	161.2	0.53	46.0
47.636	0.184	fixation	n/a	310.2	161.6	4015.0	n/a	n/a	n/a	n/a
47.822	0.036	saccade	n/a	311.8	163.3	n/a	435.6	166.1	4.52	220.0
47.86	0.198	fixation	n/a	430.2	169.1	3973.0	n/a	n/a	n/a	n/a
48.06	0.028	saccade	n/a	433.3	171.0	n/a	508.3	166.9	2.75	163.0
48.09	0.238	fixation	n/a	502.6	172.0	3907.0	n/a	n/a	n/a	n/a
48.33	0.024	saccade	n/a	503.9	175.1	n/a	557.1	175.2	1.94	118.0
48.356	0.222	fixation	n/a	554.8	175.8	3840.0	n/a	n/a	n/a	n/a
48.58	0.018	saccade	n/a	556.5	174.7	n/a	584.2	171.5	1.01	72.0
48.6	0.052	fixation	n/a	582.9	172.2	3808.0	n/a	n/a	n/a	n/a
48.654	0.018	saccade	n/a	585.0	171.7	n/a	615.2	166.0	1.11	87.0
48.674	0.124	fixation	n/a	610.3	168.5	3784.0	n/a	n/a	n/a	n/a
48.8	0.068	saccade	n/a	608.5	169.3	n/a	163.1	207.9	16.0	426.0
48.87	0.11	fixation	n/a	169.5	212.5	3908.0	n/a	n/a	n/a	n/a
48.982	0.026	saccade	n/a	166.5	215.0	n/a	117.7	215.1	1.73	133.0
49.01	0.198	fixation	n/a	121.6	218.8	3933.0	n/a	n/a	n/a	n/a
49.21	0.032	saccade	n/a	123.1	219.4	n/a	230.0	222.5	3.82	203.0
49.244	0.084	fixation	n/a	226.6	221.8	3961.0	n/a	n/a	n/a	n/a
49.33	0.03	saccade	n/a	228.8	221.2	n/a	313.7	217.5	3.08	191.0
49.362	0.146	fixation	n/a	312.2	220.1	3909.0	n/a	n/a	n/a	n/a
49.51	0.03	saccade	n/a	315.7	221.8	n/a	395.8	221.0	2.93	178.0
49.542	0.188	fixation	n/a	391.4	222.5	3807.0	n/a	n/a	n/a	n/a
49.732	0.022	saccade	n/a	395.0	222.7	n/a	444.4	220.9	1.81	123.0
49.756	0.166	fixation	n/a	440.3	223.5	3717.0	n/a	n/a	n/a	n/a
49.924	0.022	saccade	n/a	437.2	223.6	n/a	401.7	218.3	1.32	99.0
49.948	0.118	fixation	n/a	406.6	219.9	3662.0	n/a	n/a	n/a	n/a
50.068	0.028	saccade	n/a	405.0	220.7	n/a	341.8	209.0	2.35	159.0
50.098	0.288	fixation	n/a	346.1	212.1	3590.0	n/a	n/a	n/a	n/a
50.388	0.028	saccade	n/a	348.9	213.7	n/a	423.0	210.3	2.71	151.0
50.418	0.106	fixation	n/a	417.8	212.1	3620.0	n/a	n/a	n/a	n/a
50.526	0.028	saccade	n/a	418.3	213.2	n/a	483.2	219.8	2.39	153.0
50.556	0.22	fixation	n/a	478.3	222.6	3644.0	n/a	n/a	n/a	n/a
50.778	0.022	saccade	n/a	480.3	226.6	n/a	520.4	222.6	1.48	96.0
50.802	0.126	fixation	n/a	516.1	225.3	3631.0	n/a	n/a	n/a	n/a
50.93	0.02	saccade	n/a	519.3	226.4	n/a	555.3	225.8	1.31	91.0
50.952	0.298	fixation	n/a	553.6	227.4	3629.0	n/a	n/a	n/a	n/a
51.252	0.068	saccade	n/a	554.7	229.8	n/a	168.2	279.6	14.1	368.0
51.322	0.12	fixation	n/a	176.7	283.0	3763.0	n/a	n/a	n/a	n/a
51.444	0.026	saccade	n/a	174.1	286.2	n/a	124.0	287.3	1.79	126.0
51.472	0.194	fixation	n/a	131.4	290.4	3744.0	n/a	n/a	n/a	n/a
51.668	0.036	saccade	n/a	133.2	291.7	n/a	248.8	292.5	4.16	240.0
51.706	0.326	fixation	n/a	245.4	294.8	3718.0	n/a	n/a	n/a	n/a
52.034	0.046	saccade	n/a	246.3	297.6	n/a	320.8	545.1	9.53	414.0
52.082	0.216	fixation	n/a	321.6	551.5	3834.0	n/a	n/a	n/a	n/a
52.3	0.03	saccade	n/a	324.8	554.6	n/a	395.0	538.1	2.63	168.0
52.332	0.058	fixation	n/a	387.9	541.5	3905.0	n/a	n/a	n/a	n/a
52.392	0.112	saccade	n/a	388.0	542.6	n/a	354.5	449.3	3.66	905.0
52.422	0.032	blink	n/a	n/a	n/a	n/a	n/a	n/a	n/a	n/a
52.506	0.25	fixation	n/a	350.8	467.0	3957.0	n/a	n/a	n/a	n/a
52.758	0.05	saccade	n/a	349.1	470.9	n/a	536.9	546.5	7.4	285.0
52.81	0.146	fixation	n/a	532.9	549.2	4068.0	n/a	n/a	n/a	n/a
52.958	0.622	saccade	n/a	534.4	555.9	n/a	320.0	309.9	11.98	1079.0
53.02	0.518	blink	n/a	n/a	n/a	n/a	n/a	n/a	n/a	n/a
53.582	0.154	fixation	n/a	317.3	318.1	4343.0	n/a	n/a	n/a	n/a
53.738	0.036	saccade	n/a	317.0	318.0	n/a	415.7	282.0	3.86	246.0
53.776	0.15	fixation	n/a	412.4	283.7	4342.0	n/a	n/a	n/a	n/a
53.928	0.142	saccade	n/a	417.0	287.5	n/a	433.1	213.9	2.8	1172.0
53.962	0.056	blink	n/a	n/a	n/a	n/a	n/a	n/a	n/a	n/a
54.072	0.372	fixation	n/a	431.8	231.5	4145.0	n/a	n/a	n/a	n/a
54.446	0.038	saccade	n/a	431.2	239.9	n/a	540.5	248.5	4.02	198.0
54.486	0.218	fixation	n/a	535.0	250.9	4182.0	n/a	n/a	n/a	n/a
54.706	0.152	saccade	n/a	537.5	245.0	n/a	534.5	242.2	0.15	1156.0
54.744	0.056	blink	n/a	n/a	n/a	n/a	n/a	n/a	n/a	n/a
54.86	0.214	fixation	n/a	532.8	258.5	4256.0	n/a	n/a	n/a	n/a
55.076	2.516	saccade	n/a	532.8	268.4	n/a	288.0	257.8	8.96	1042.0
55.162	2.392	blink	n/a	n/a	n/a	n/a	n/a	n/a	n/a	n/a
57.594	0.198	fixation	n/a	288.8	275.4	5102.0	n/a	n/a	n/a	n/a
57.794	0.036	saccade	n/a	291.4	276.3	n/a	196.4	277.0	3.44	222.0
57.832	0.14	fixation	n/a	200.2	279.0	4969.0	n/a	n/a	n/a	n/a
57.974	0.052	saccade	n/a	198.8	286.1	n/a	345.4	536.4	10.64	420.0
58.028	0.202	fixation	n/a	349.4	549.3	4592.0	n/a	n/a	n/a	n/a
58.232	0.166	saccade	n/a	350.4	550.4	n/a	467.2	523.3	4.38	440.0
58.262	0.09	blink	n/a	n/a	n/a	n/a	n/a	n/a	n/a	n/a
58.4	0.084	fixation	n/a	463.4	531.6	4217.0	n/a	n/a	n/a	n/a
58.486	0.05	saccade	n/a	464.3	536.3	n/a	450.7	323.5	7.93	318.0
58.538	0.228	fixation	n/a	451.3	325.2	4029.0	n/a	n/a	n/a	n/a
58.768	0.046	saccade	n/a	451.3	325.3	n/a	576.0	558.5	9.77	454.0
58.816	0.136	fixation	n/a	578.1	563.5	4064.0	n/a	n/a	n/a	n/a
58.954	0.028	saccade	n/a	581.6	566.0	n/a	634.0	546.8	2.02	147.0
58.984	0.252	fixation	n/a	627.4	547.9	4114.0	n/a	n/a	n/a	n/a
59.238	0.068	saccade	n/a	626.0	548.0	n/a	289.9	523.5	12.19	402.0
59.308	0.16	fixation	n/a	277.3	525.0	4097.0	n/a	n/a	n/a	n/a
59.47	0.036	saccade	n/a	274.2	525.9	n/a	163.1	520.4	4.01	243.0
59.508	0.156	fixation	n/a	165.3	521.2	4094.0	n/a	n/a	n/a	n/a
59.666	0.016	saccade	n/a	160.9	521.8	n/a	139.5	515.2	0.8	62.0
59.684	0.24	fixation	n/a	147.1	518.0	4170.0	n/a	n/a	n/a	n/a
59.926	0.032	saccade	n/a	151.3	518.7	n/a	243.1	517.7	3.28	212.0
59.96	0.158	fixation	n/a	238.9	521.0	4243.0	n/a	n/a	n/a	n/a
60.12	0.03	saccade	n/a	243.0	522.3	n/a	329.2	521.1	3.12	191.0
60.152	0.168	fixation	n/a	323.3	523.4	4295.0	n/a	n/a	n/a	n/a
60.322	0.028	saccade	n/a	325.6	523.7	n/a	392.3	526.4	2.43	170.0
60.352	0.09	fixation	n/a	386.2	528.5	4335.0	n/a	n/a	n/a	n/a
60.444	0.03	saccade	n/a	386.5	530.2	n/a	463.5	530.4	2.81	182.0
60.476	0.186	fixation	n/a	457.2	532.9	4322.0	n/a	n/a	n/a	n/a
60.664	0.03	saccade	n/a	460.4	534.6	n/a	541.4	534.9	2.95	176.0
60.696	0.322	fixation	n/a	534.5	538.9	4192.0	n/a	n/a	n/a	n/a
61.02	0.026	saccade	n/a	535.1	541.6	n/a	587.0	539.1	1.89	124.0
61.048	0.262	fixation	n/a	583.6	540.4	4077.0	n/a	n/a	n/a	n/a
61.312	0.122	saccade	n/a	583.9	542.8	n/a	633.9	525.2	1.92	573.0
61.342	0.042	blink	n/a	n/a	n/a	n/a	n/a	n/a	n/a	n/a
61.436	0.22	fixation	n/a	623.3	540.6	4072.0	n/a	n/a	n/a	n/a
61.658	0.066	saccade	n/a	621.9	542.4	n/a	211.9	530.1	14.73	396.0
61.726	0.072	fixation	n/a	216.3	533.3	4097.0	n/a	n/a	n/a	n/a
61.8	0.032	saccade	n/a	211.8	533.1	n/a	136.7	528.0	2.68	201.0
61.834	0.242	fixation	n/a	138.8	530.4	3966.0	n/a	n/a	n/a	n/a
62.078	0.026	saccade	n/a	140.6	532.2	n/a	204.9	528.2	2.3	145.0
62.106	0.188	fixation	n/a	199.0	530.2	3873.0	n/a	n/a	n/a	n/a
62.296	0.026	saccade	n/a	199.7	532.1	n/a	250.8	529.6	1.84	132.0
62.324	0.02	fixation	n/a	245.8	522.7	3802.0	n/a	n/a	n/a	n/a
62.346	0.144	saccade	n/a	244.2	521.5	n/a	302.0	520.5	2.1	378.0
62.492	0.028	fixation	n/a	301.4	517.4	3746.0	n/a	n/a	n/a	n/a
62.522	0.218	saccade	n/a	302.5	517.8	n/a	323.0	513.7	0.76	612.0
62.562	0.122	blink	n/a	n/a	n/a	n/a	n/a	n/a	n/a	n/a
62.742	0.052	fixation	n/a	321.5	518.2	3671.0	n/a	n/a	n/a	n/a
62.796	0.024	saccade	n/a	326.1	532.1	n/a	389.5	534.0	2.32	144.0
62.822	0.1	fixation	n/a	386.5	534.7	3563.0	n/a	n/a	n/a	n/a
62.924	0.028	saccade	n/a	387.1	535.1	n/a	457.4	536.2	2.57	163.0
62.954	0.404	fixation	n/a	452.6	536.9	3541.0	n/a	n/a	n/a	n/a
63.36	0.03	saccade	n/a	454.0	537.3	n/a	543.2	537.7	3.25	179.0
63.392	0.382	fixation	n/a	539.0	540.0	3482.0	n/a	n/a	n/a	n/a
63.776	0.026	saccade	n/a	539.6	540.6	n/a	594.1	537.1	1.98	124.0
63.804	0.226	fixation	n/a	588.2	538.8	3578.0	n/a	n/a	n/a	n/a
64.032	0.018	saccade	n/a	591.7	540.5	n/a	624.8	539.8	1.2	88.0
64.052	0.226	fixation	n/a	621.8	542.7	3691.0	n/a	n/a	n/a	n/a
64.28	0.14	saccade	n/a	620.6	544.2	n/a	232.7	275.3	17.15	981.0
64.332	0.038	blink	n/a	n/a	n/a	n/a	n/a	n/a	n/a	n/a
64.422	0.284	fixation	n/a	232.7	284.2	3945.0	n/a	n/a	n/a	n/a
64.708	0.04	saccade	n/a	232.5	285.0	n/a	326.1	205.8	4.49	221.0
64.75	0.134	fixation	n/a	322.4	211.4	3925.0	n/a	n/a	n/a	n/a
64.886	0.054	saccade	n/a	325.3	212.8	n/a	567.0	230.3	8.86	287.0
64.942	0.162	fixation	n/a	562.9	233.5	3840.0	n/a	n/a	n/a	n/a
65.106	2.88	saccade	n/a	564.1	244.7	n/a	367.4	224.7	7.23	1201.0
65.16	2.786	blink	n/a	n/a	n/a	n/a	n/a	n/a	n/a	n/a
67.988	0.188	fixation	n/a	363.0	233.2	5168.0	n/a	n/a	n/a	n/a
68.178	0.03	saccade	n/a	358.0	234.9	n/a	296.5	228.7	2.26	176.0
68.21	0.404	fixation	n/a	304.4	238.8	4796.0	n/a	n/a	n/a	n/a
68.616	0.04	saccade	n/a	309.9	248.6	n/a	448.2	261.6	5.09	246.0
68.658	0.024	fixation	n/a	443.2	264.5	4377.0	n/a	n/a	n/a	n/a
68.684	0.032	saccade	n/a	444.5	266.3	n/a	508.5	226.3	2.78	186.0
68.718	0.128	fixation	n/a	508.0	228.9	4292.0	n/a	n/a	n/a	n/a
68.848	0.132	saccade	n/a	510.3	235.2	n/a	582.7	525.2	11.02	1344.0
68.89	0.032	blink	n/a	n/a	n/a	n/a	n/a	n/a	n/a	n/a
68.982	0.118	fixation	n/a	575.0	539.5	4326.0	n/a	n/a	n/a	n/a
69.102	0.18	saccade	n/a	575.8	537.5	n/a	505.9	501.2	2.88	726.0
69.136	0.096	blink	n/a	n/a	n/a	n/a	n/a	n/a	n/a	n/a
69.284	0.22	fixation	n/a	502.8	521.0	4330.0	n/a	n/a	n/a	n/a
69.506	0.034	saccade	n/a	505.5	527.0	n/a	601.3	531.9	3.49	203.0
69.542	0.132	fixation	n/a	594.6	532.9	4375.0	n/a	n/a	n/a	n/a
69.676	0.064	saccade	n/a	596.2	532.7	n/a	268.0	265.0	15.49	492.0
69.742	0.13	fixation	n/a	266.1	267.8	4372.0	n/a	n/a	n/a	n/a
69.874	0.032	saccade	n/a	261.2	268.7	n/a	168.9	277.5	3.35	190.0
69.908	0.106	fixation	n/a	177.5	281.5	4247.0	n/a	n/a	n/a	n/a
70.016	0.044	saccade	n/a	176.5	283.4	n/a	303.2	473.6	8.4	398.0
70.062	0.122	fixation	n/a	300.6	477.5	4199.0	n/a	n/a	n/a	n/a
70.186	0.028	saccade	n/a	300.6	481.8	n/a	255.5	506.6	1.88	150.0
70.216	0.032	fixation	n/a	258.9	504.2	4222.0	n/a	n/a	n/a	n/a
70.25	0.036	saccade	n/a	257.4	504.4	n/a	163.3	510.9	3.39	216.0
70.288	0.09	fixation	n/a	167.5	511.4	4259.0	n/a	n/a	n/a	n/a
70.38	0.026	saccade	n/a	164.5	511.8	n/a	129.0	508.7	1.27	110.0
70.408	0.226	fixation	n/a	133.2	511.3	4316.0	n/a	n/a	n/a	n/a
70.636	0.032	saccade	n/a	135.5	513.1	n/a	226.4	510.4	3.25	210.0
70.67	0.184	fixation	n/a	222.7	514.1	4305.0	n/a	n/a	n/a	n/a
70.856	0.036	saccade	n/a	225.6	517.0	n/a	342.4	515.6	4.24	233.0
70.894	0.124	fixation	n/a	336.6	518.5	4252.0	n/a	n/a	n/a	n/a
71.02	0.044	saccade	n/a	339.8	520.4	n/a	507.3	528.5	6.12	289.0
71.066	0.142	fixation	n/a	505.5	529.2	4193.0	n/a	n/a	n/a	n/a
71.21	0.03	saccade	n/a	507.8	529.3	n/a	582.1	534.0	2.71	157.0
71.242	0.272	fixation	n/a	574.9	538.0	4145.0	n/a	n/a	n/a	n/a
71.516	0.014	saccade	n/a	576.6	541.8	n/a	594.9	539.6	0.67	56.0
71.532	0.076	fixation	n/a	588.9	542.7	4140.0	n/a	n/a	n/a	n/a
71.61	0.164	saccade	n/a	587.6	545.1	n/a	616.4	535.6	1.1	554.0
71.64	0.084	blink	n/a	n/a	n/a	n/a	n/a	n/a	n/a	n/a
71.776	0.194	fixation	n/a	604.9	542.4	4139.0	n/a	n/a	n/a	n/a
71.972	0.078	saccade	n/a	602.0	546.5	n/a	212.2	525.1	14.07	398.0
72.052	0.096	fixation	n/a	206.4	523.8	4220.0	n/a	n/a	n/a	n/a
72.15	0.026	saccade	n/a	204.8	524.0	n/a	149.4	522.2	1.98	138.0
72.178	0.178	fixation	n/a	154.0	521.5	4176.0	n/a	n/a	n/a	n/a
72.358	0.21	saccade	n/a	146.2	509.8	n/a	254.6	511.3	3.89	577.0
72.394	0.106	blink	n/a	n/a	n/a	n/a	n/a	n/a	n/a	n/a
72.57	0.09	fixation	n/a	252.6	505.8	4080.0	n/a	n/a	n/a	n/a
72.662	0.03	saccade	n/a	253.4	507.5	n/a	331.3	518.8	2.86	179.0
72.694	0.178	fixation	n/a	326.8	529.5	3985.0	n/a	n/a	n/a	n/a
72.874	0.022	saccade	n/a	329.5	533.5	n/a	372.3	533.9	1.56	108.0
72.898	0.128	fixation	n/a	366.2	534.7	3926.0	n/a	n/a	n/a	n/a
73.028	0.024	saccade	n/a	367.8	535.2	n/a	431.5	534.4	2.33	140.0
73.054	0.144	fixation	n/a	429.5	537.1	3885.0	n/a	n/a	n/a	n/a
73.2	0.028	saccade	n/a	431.2	538.3	n/a	492.6	540.6	2.25	140.0
73.23	0.108	fixation	n/a	486.6	541.7	3889.0	n/a	n/a	n/a	n/a
73.34	0.178	saccade	n/a	487.8	536.2	n/a	562.6	540.5	2.72	628.0
73.374	0.094	blink	n/a	n/a	n/a	n/a	n/a	n/a	n/a	n/a
73.52	0.098	fixation	n/a	557.0	544.0	3996.0	n/a	n/a	n/a	n/a
73.62	0.022	saccade	n/a	556.7	551.6	n/a	602.0	538.3	1.71	117.0
73.644	0.184	fixation	n/a	595.8	541.6	4034.0	n/a	n/a	n/a	n/a
73.83	0.04	saccade	n/a	596.9	543.3	n/a	460.9	465.8	5.72	313.0
73.872	0.068	fixation	n/a	465.0	469.5	3986.0	n/a	n/a	n/a	n/a
73.942	0.058	saccade	n/a	463.3	468.4	n/a	247.8	234.2	11.72	397.0
74.002	0.066	fixation	n/a	249.9	236.3	3850.0	n/a	n/a	n/a	n/a
74.07	0.032	saccade	n/a	247.6	231.9	n/a	192.5	169.2	3.04	215.0
74.104	0.09	fixation	n/a	191.4	172.7	3764.0	n/a	n/a	n/a	n/a
74.196	0.026	saccade	n/a	188.3	170.3	n/a	157.9	139.7	1.55	123.0
74.224	0.078	fixation	n/a	160.5	144.4	3722.0	n/a	n/a	n/a	n/a
74.304	0.016	saccade	n/a	156.5	144.3	n/a	129.9	141.9	0.94	78.0
74.322	0.222	fixation	n/a	137.2	143.5	3723.0	n/a	n/a	n/a	n/a
74.546	0.178	saccade	n/a	137.1	140.5	n/a	233.1	137.0	3.42	639.0
74.596	0.068	blink	n/a	n/a	n/a	n/a	n/a	n/a	n/a	n/a
74.726	0.532	fixation	n/a	238.1	152.8	3967.0	n/a	n/a	n/a	n/a
75.26	0.048	saccade	n/a	241.5	167.8	n/a	339.3	429.9	10.3	436.0
75.31	0.152	fixation	n/a	341.3	433.1	4256.0	n/a	n/a	n/a	n/a
75.464	0.04	saccade	n/a	344.6	439.3	n/a	467.1	517.5	5.35	264.0
75.506	0.158	fixation	n/a	458.4	517.7	4331.0	n/a	n/a	n/a	n/a
75.666	0.054	saccade	n/a	458.2	520.6	n/a	171.6	518.2	10.37	396.0
75.722	0.062	fixation	n/a	180.3	522.1	4305.0	n/a	n/a	n/a	n/a
75.786	0.028	saccade	n/a	176.1	522.9	n/a	130.8	522.1	1.61	142.0
75.816	0.132	fixation	n/a	133.2	523.2	4209.0	n/a	n/a	n/a	n/a
75.95	0.21	saccade	n/a	129.5	516.1	n/a	170.9	520.0	1.48	509.0
75.984	0.09	blink	n/a	n/a	n/a	n/a	n/a	n/a	n/a	n/a
76.162	0.152	fixation	n/a	168.3	498.3	4201.0	n/a	n/a	n/a	n/a
76.316	0.022	saccade	n/a	171.8	502.5	n/a	210.8	509.5	1.42	95.0
76.34	0.156	fixation	n/a	206.2	518.6	4200.0	n/a	n/a	n/a	n/a
76.498	0.03	saccade	n/a	208.7	522.3	n/a	287.4	520.4	2.85	164.0
76.53	0.384	fixation	n/a	281.0	528.9	4049.0	n/a	n/a	n/a	n/a
76.916	0.028	saccade	n/a	282.3	533.8	n/a	351.8	525.2	2.56	155.0
76.946	0.286	fixation	n/a	346.9	530.6	3888.0	n/a	n/a	n/a	n/a
77.234	0.028	saccade	n/a	349.4	533.7	n/a	420.8	533.5	2.62	147.0
77.264	0.146	fixation	n/a	416.6	536.9	3860.0	n/a	n/a	n/a	n/a
77.412	0.048	saccade	n/a	416.6	538.2	n/a	195.2	518.5	8.07	340.0
77.462	0.222	fixation	n/a	199.8	522.9	3810.0	n/a	n/a	n/a	n/a
77.686	0.236	saccade	n/a	191.6	514.4	n/a	116.7	531.2	2.73	590.0
77.724	0.1	blink	n/a	n/a	n/a	n/a	n/a	n/a	n/a	n/a
77.924	0.14	fixation	n/a	121.2	518.1	3771.0	n/a	n/a	n/a	n/a
78.066	0.026	saccade	n/a	126.2	522.0	n/a	198.6	523.9	2.58	155.0
78.094	0.316	fixation	n/a	194.9	528.2	3765.0	n/a	n/a	n/a	n/a
78.412	0.032	saccade	n/a	195.0	529.8	n/a	288.6	529.0	3.38	191.0
78.446	0.264	fixation	n/a	283.6	532.6	3767.0	n/a	n/a	n/a	n/a
78.712	0.026	saccade	n/a	286.5	535.4	n/a	357.4	532.9	2.59	148.0
78.74	0.23	fixation	n/a	353.4	535.7	3709.0	n/a	n/a	n/a	n/a
78.972	0.034	saccade	n/a	355.7	536.5	n/a	457.5	532.6	3.73	178.0
79.008	0.146	fixation	n/a	450.4	533.9	3687.0	n/a	n/a	n/a	n/a
79.156	0.024	saccade	n/a	452.3	535.5	n/a	504.1	538.8	1.9	120.0
79.182	0.282	fixation	n/a	499.3	542.7	3709.0	n/a	n/a	n/a	n/a
79.466	0.022	saccade	n/a	501.7	545.8	n/a	547.1	545.9	1.65	107.0
79.49	0.218	fixation	n/a	544.5	548.9	3597.0	n/a	n/a	n/a	n/a
79.71	0.024	saccade	n/a	545.7	550.6	n/a	600.1	547.8	1.98	124.0
79.736	0.34	fixation	n/a	595.1	549.3	3550.0	n/a	n/a	n/a	n/a
80.078	0.014	saccade	n/a	591.8	548.4	n/a	575.0	541.7	0.66	56.0
80.094	0.126	fixation	n/a	579.0	544.7	3594.0	n/a	n/a	n/a	n/a
80.222	0.022	saccade	n/a	581.1	545.5	n/a	618.9	547.3	1.37	102.0
80.246	0.128	fixation	n/a	614.2	549.0	3639.0	n/a	n/a	n/a	n/a
80.376	0.176	saccade	n/a	613.6	548.0	n/a	639.2	548.8	0.92	626.0
80.408	0.092	blink	n/a	n/a	n/a	n/a	n/a	n/a	n/a	n/a
80.554	0.274	fixation	n/a	625.9	549.7	3868.0	n/a	n/a	n/a	n/a
80.83	0.178	saccade	n/a	626.8	545.6	n/a	613.0	534.6	0.64	854.0
80.864	0.09	blink	n/a	n/a	n/a	n/a	n/a	n/a	n/a	n/a
81.01	0.28	fixation	n/a	602.4	543.9	4104.0	n/a	n/a	n/a	n/a
81.292	0.018	saccade	n/a	597.8	545.8	n/a	586.4	523.0	0.93	70.0
81.312	0.142	fixation	n/a	589.0	528.4	4188.0	n/a	n/a	n/a	n/a
81.456	0.022	saccade	n/a	590.0	530.5	n/a	631.2	535.9	1.5	101.0
81.48	0.346	fixation	n/a	624.2	540.2	4146.0	n/a	n/a	n/a	n/a
81.828	0.034	saccade	n/a	624.9	542.3	n/a	536.8	536.7	3.2	197.0
81.864	0.03	fixation	n/a	544.2	538.7	4118.0	n/a	n/a	n/a	n/a
81.896	0.054	saccade	n/a	542.5	539.1	n/a	272.1	519.8	9.86	369.0
81.952	0.05	fixation	n/a	274.0	520.5	4123.0	n/a	n/a	n/a	n/a
82.004	0.04	saccade	n/a	270.5	520.7	n/a	123.5	511.2	5.28	302.0
82.046	0.226	fixation	n/a	126.0	513.4	4121.0	n/a	n/a	n/a	n/a
82.274	0.032	saccade	n/a	125.8	513.5	n/a	212.3	517.1	3.1	202.0
82.308	0.302	fixation	n/a	211.0	519.8	4149.0	n/a	n/a	n/a	n/a
82.612	0.032	saccade	n/a	214.2	520.9	n/a	313.0	519.3	3.57	212.0
82.646	0.492	fixation	n/a	300.4	523.8	4077.0	n/a	n/a	n/a	n/a
83.14	0.032	saccade	n/a	299.0	527.6	n/a	387.2	523.6	3.22	189.0
83.174	0.176	fixation	n/a	383.4	525.4	4009.0	n/a	n/a	n/a	n/a
83.352	0.03	saccade	n/a	387.1	526.3	n/a	464.0	528.5	2.82	161.0
83.384	0.268	fixation	n/a	457.9	530.7	4039.0	n/a	n/a	n/a	n/a
83.654	0.026	saccade	n/a	458.0	531.8	n/a	522.7	531.2	2.37	147.0
83.682	0.21	fixation	n/a	516.5	533.0	4031.0	n/a	n/a	n/a	n/a
83.894	0.018	saccade	n/a	519.0	535.0	n/a	548.3	536.9	1.07	82.0
83.914	0.42	fixation	n/a	543.0	539.6	4045.0	n/a	n/a	n/a	n/a
84.336	0.134	saccade	n/a	543.9	535.9	n/a	291.6	206.3	15.27	1036.0
84.366	0.056	blink	n/a	n/a	n/a	n/a	n/a	n/a	n/a	n/a
84.472	0.222	fixation	n/a	294.0	222.2	3989.0	n/a	n/a	n/a	n/a
84.696	0.026	saccade	n/a	295.6	222.1	n/a	357.9	224.0	2.28	151.0
84.724	0.138	fixation	n/a	352.3	226.1	3898.0	n/a	n/a	n/a	n/a
84.864	0.046	saccade	n/a	350.8	225.6	n/a	166.8	153.4	7.15	305.0
84.912	0.126	fixation	n/a	171.9	155.9	3785.0	n/a	n/a	n/a	n/a
85.04	0.018	saccade	n/a	167.1	156.2	n/a	137.1	148.8	1.1	86.0
85.06	0.252	fixation	n/a	139.6	152.0	3715.0	n/a	n/a	n/a	n/a
85.314	0.034	saccade	n/a	138.2	155.2	n/a	253.6	152.9	4.14	213.0
85.35	0.216	fixation	n/a	248.1	156.7	3696.0	n/a	n/a	n/a	n/a
85.568	0.032	saccade	n/a	251.1	159.4	n/a	347.0	159.5	3.49	203.0
85.602	0.276	fixation	n/a	341.4	160.7	3719.0	n/a	n/a	n/a	n/a
85.88	0.132	saccade	n/a	342.5	152.6	n/a	464.5	149.1	4.45	1016.0
85.916	0.042	blink	n/a	n/a	n/a	n/a	n/a	n/a	n/a	n/a
86.014	0.164	fixation	n/a	463.0	157.6	3825.0	n/a	n/a	n/a	n/a
86.18	0.026	saccade	n/a	465.7	161.9	n/a	521.1	166.1	2.02	135.0
86.208	0.058	fixation	n/a	515.6	167.3	3835.0	n/a	n/a	n/a	n/a
86.268	0.024	saccade	n/a	516.6	167.7	n/a	561.9	165.0	1.65	113.0
86.294	0.132	fixation	n/a	555.8	168.2	3851.0	n/a	n/a	n/a	n/a
86.428	0.02	saccade	n/a	557.8	170.7	n/a	592.1	167.0	1.25	83.0
86.45	0.082	fixation	n/a	590.4	169.8	3825.0	n/a	n/a	n/a	n/a
86.534	0.07	saccade	n/a	589.5	171.1	n/a	160.2	206.8	15.5	408.0
86.606	0.128	fixation	n/a	164.5	209.7	3924.0	n/a	n/a	n/a	n/a
86.736	0.016	saccade	n/a	158.9	211.6	n/a	131.5	211.3	0.98	79.0
86.754	0.148	fixation	n/a	137.9	216.4	3945.0	n/a	n/a	n/a	n/a
86.904	0.034	saccade	n/a	138.7	219.0	n/a	242.5	220.6	3.73	221.0
86.94	0.154	fixation	n/a	237.3	223.1	4000.0	n/a	n/a	n/a	n/a
87.096	0.03	saccade	n/a	240.0	224.3	n/a	319.2	224.3	2.88	190.0
87.128	0.278	fixation	n/a	314.6	227.2	4006.0	n/a	n/a	n/a	n/a
87.408	0.024	saccade	n/a	316.6	228.1	n/a	366.5	229.2	1.82	125.0
87.434	0.212	fixation	n/a	361.6	229.1	3961.0	n/a	n/a	n/a	n/a
87.648	0.024	saccade	n/a	365.0	227.8	n/a	412.8	222.8	1.76	123.0
87.674	0.138	fixation	n/a	409.3	224.5	3915.0	n/a	n/a	n/a	n/a
87.814	0.034	saccade	n/a	408.8	225.9	n/a	501.5	224.9	3.4	194.0
87.85	0.176	fixation	n/a	497.7	231.4	3851.0	n/a	n/a	n/a	n/a
88.028	0.024	saccade	n/a	502.1	234.4	n/a	552.1	232.9	1.83	123.0
88.054	0.202	fixation	n/a	547.1	236.0	3822.0	n/a	n/a	n/a	n/a
88.258	0.068	saccade	n/a	547.0	237.8	n/a	169.6	284.2	13.81	377.0
88.328	0.15	fixation	n/a	174.2	287.4	3891.0	n/a	n/a	n/a	n/a
88.48	0.02	saccade	n/a	170.3	288.5	n/a	134.9	285.7	1.27	98.0
88.502	0.292	fixation	n/a	140.6	286.8	3973.0	n/a	n/a	n/a	n/a
88.796	0.15	saccade	n/a	139.2	288.4	n/a	273.5	280.5	4.85	875.0
88.832	0.05	blink	n/a	n/a	n/a	n/a	n/a	n/a	n/a	n/a
88.948	0.176	fixation	n/a	276.7	292.2	4120.0	n/a	n/a	n/a	n/a
89.126	0.06	saccade	n/a	279.3	300.1	n/a	553.3	564.4	13.96	416.0
89.188	0.268	fixation	n/a	553.8	571.2	4140.0	n/a	n/a	n/a	n/a
89.458	0.03	saccade	n/a	556.4	575.2	n/a	629.2	543.3	2.88	173.0
89.49	0.152	fixation	n/a	621.0	553.5	4099.0	n/a	n/a	n/a	n/a
89.644	0.176	saccade	n/a	624.8	546.1	n/a	611.9	526.2	0.87	488.0
89.674	0.092	blink	n/a	n/a	n/a	n/a	n/a	n/a	n/a	n/a
89.822	0.456	fixation	n/a	603.0	546.1	4045.0	n/a	n/a	n/a	n/a
90.28	0.078	saccade	n/a	603.3	549.7	n/a	339.6	177.4	16.7	361.0
90.36	0.062	fixation	n/a	341.7	185.3	4065.0	n/a	n/a	n/a	n/a
90.424	0.038	saccade	n/a	340.6	184.0	n/a	243.9	137.3	3.9	252.0
90.464	0.126	fixation	n/a	247.2	141.1	4100.0	n/a	n/a	n/a	n/a
90.592	0.062	saccade	n/a	246.9	151.2	n/a	302.9	532.9	14.13	454.0
90.656	0.162	fixation	n/a	306.8	540.1	4266.0	n/a	n/a	n/a	n/a
90.82	0.192	saccade	n/a	312.6	537.1	n/a	321.2	564.5	1.05	607.0
90.85	0.114	blink	n/a	n/a	n/a	n/a	n/a	n/a	n/a	n/a
91.014	0.238	fixation	n/a	316.6	572.8	4396.0	n/a	n/a	n/a	n/a
91.254	0.028	saccade	n/a	315.6	574.5	n/a	258.3	543.6	2.37	149.0
91.284	0.172	fixation	n/a	265.5	545.7	4463.0	n/a	n/a	n/a	n/a
91.458	0.16	saccade	n/a	267.1	535.2	n/a	295.6	327.3	7.77	898.0
91.492	0.07	blink	n/a	n/a	n/a	n/a	n/a	n/a	n/a	n/a
91.62	0.162	fixation	n/a	299.0	339.4	4483.0	n/a	n/a	n/a	n/a
91.784	0.03	saccade	n/a	300.1	347.8	n/a	250.9	301.8	2.48	172.0
91.816	0.43	fixation	n/a	254.8	298.2	4307.0	n/a	n/a	n/a	n/a
91.95	0.0	trigger_13	13	n/a	n/a	n/a	n/a	n/a	n/a	n/a
92.014	0.0	trigger_10	10	n/a	n/a	n/a	n/a	n/a	n/a	n/a
92.248	0.038	saccade	n/a	249.6	286.2	n/a	153.8	177.1	5.28	274.0
92.288	0.08	fixation	n/a	158.3	181.8	4097.0	n/a	n/a	n/a	n/a
92.37	0.028	saccade	n/a	154.2	180.0	n/a	116.3	152.4	1.67	138.0
92.4	0.22	fixation	n/a	121.0	158.3	4042.0	n/a	n/a	n/a	n/a
92.622	0.032	saccade	n/a	122.0	159.3	n/a	201.2	153.0	2.82	171.0
92.656	0.232	fixation	n/a	198.1	155.6	4023.0	n/a	n/a	n/a	n/a
92.89	0.168	saccade	n/a	200.7	156.6	n/a	227.8	158.0	0.97	952.0
92.93	0.058	blink	n/a	n/a	n/a	n/a	n/a	n/a	n/a	n/a
93.06	0.09	fixation	n/a	227.9	149.0	4095.0	n/a	n/a	n/a	n/a
93.152	0.02	saccade	n/a	231.1	147.1	n/a	267.4	150.4	1.32	88.0
93.174	0.196	fixation	n/a	262.6	161.2	4045.0	n/a	n/a	n/a	n/a
93.372	0.026	saccade	n/a	265.8	161.4	n/a	320.9	160.1	2.0	134.0
93.4	0.196	fixation	n/a	316.1	162.6	4024.0	n/a	n/a	n/a	n/a
93.598	0.018	saccade	n/a	320.3	162.4	n/a	346.0	160.9	0.94	69.0
93.618	0.148	fixation	n/a	343.5	162.9	3951.0	n/a	n/a	n/a	n/a
93.768	0.024	saccade	n/a	346.4	163.9	n/a	398.4	161.5	1.9	123.0
93.794	0.168	fixation	n/a	394.6	166.1	3899.0	n/a	n/a	n/a	n/a
93.964	0.02	saccade	n/a	397.5	168.3	n/a	437.7	167.6	1.47	102.0
93.986	0.202	fixation	n/a	433.1	169.8	3837.0	n/a	n/a	n/a	n/a
94.19	0.15	saccade	n/a	433.1	170.4	n/a	463.8	151.5	1.32	1028.0
94.224	0.056	blink	n/a	n/a	n/a	n/a	n/a	n/a	n/a	n/a
94.342	0.14	fixation	n/a	461.9	167.8	3846.0	n/a	n/a	n/a	n/a
94.484	0.016	saccade	n/a	463.7	171.9	n/a	488.5	169.8	0.91	70.0
94.502	0.186	fixation	n/a	484.8	173.5	3823.0	n/a	n/a	n/a	n/a
94.69	0.018	saccade	n/a	489.2	175.0	n/a	515.0	172.7	0.95	69.0
94.71	0.622	fixation	n/a	520.2	174.9	3785.0	n/a	n/a	n/a	n/a
95.334	0.158	saccade	n/a	529.7	175.5	n/a	555.7	175.3	0.95	1032.0
95.366	0.068	blink	n/a	n/a	n/a	n/a	n/a	n/a	n/a	n/a
95.494	0.048	fixation	n/a	552.7	171.0	4034.0	n/a	n/a	n/a	n/a
95.544	0.022	saccade	n/a	554.4	178.4	n/a	599.1	177.8	1.62	110.0
95.568	0.336	fixation	n/a	590.9	181.8	4045.0	n/a	n/a	n/a	n/a
95.906	0.072	saccade	n/a	584.7	180.6	n/a	149.5	220.4	15.75	394.0
95.98	0.138	fixation	n/a	152.9	220.7	4155.0	n/a	n/a	n/a	n/a
96.12	0.016	saccade	n/a	144.5	219.2	n/a	119.3	218.0	0.89	72.0
96.138	0.208	fixation	n/a	126.1	220.5	4224.0	n/a	n/a	n/a	n/a
96.348	0.028	saccade	n/a	129.5	222.4	n/a	218.6	214.7	3.2	161.0
96.378	0.168	fixation	n/a	212.1	219.6	4260.0	n/a	n/a	n/a	n/a
96.548	0.154	saccade	n/a	212.4	221.2	n/a	286.8	221.1	2.69	998.0
96.588	0.052	blink	n/a	n/a	n/a	n/a	n/a	n/a	n/a	n/a
96.704	0.118	fixation	n/a	288.6	221.6	4232.0	n/a	n/a	n/a	n/a
96.824	0.032	saccade	n/a	291.8	232.8	n/a	380.3	230.0	3.24	195.0
96.858	0.126	fixation	n/a	373.5	233.1	4141.0	n/a	n/a	n/a	n/a
96.986	0.016	saccade	n/a	372.2	233.7	n/a	352.9	232.2	0.71	58.0
97.004	0.296	fixation	n/a	351.1	234.4	4050.0	n/a	n/a	n/a	n/a
97.302	0.036	saccade	n/a	349.0	237.1	n/a	451.2	230.3	3.75	188.0
97.34	0.146	fixation	n/a	444.8	232.0	3862.0	n/a	n/a	n/a	n/a
97.488	0.03	saccade	n/a	448.0	233.3	n/a	527.1	233.3	2.9	168.0
97.52	0.168	fixation	n/a	519.6	236.7	3789.0	n/a	n/a	n/a	n/a
97.69	0.158	saccade	n/a	521.0	241.0	n/a	588.6	240.4	2.47	1016.0
97.722	0.072	blink	n/a	n/a	n/a	n/a	n/a	n/a	n/a	n/a
97.85	0.182	fixation	n/a	584.8	245.9	3760.0	n/a	n/a	n/a	n/a
98.034	0.072	saccade	n/a	584.4	249.7	n/a	171.0	282.1	15.03	408.0
98.108	0.118	fixation	n/a	175.5	284.4	3872.0	n/a	n/a	n/a	n/a
98.228	0.024	saccade	n/a	172.5	285.7	n/a	134.3	290.5	1.38	109.0
98.254	0.226	fixation	n/a	139.2	292.4	3882.0	n/a	n/a	n/a	n/a
98.482	0.036	saccade	n/a	139.5	293.2	n/a	256.8	292.2	4.23	239.0
98.52	0.196	fixation	n/a	252.9	295.1	3906.0	n/a	n/a	n/a	n/a
98.718	0.034	saccade	n/a	257.0	296.6	n/a	356.5	290.5	3.65	198.0
98.754	0.258	fixation	n/a	350.4	293.0	3828.0	n/a	n/a	n/a	n/a
99.014	0.04	saccade	n/a	350.6	293.4	n/a	481.1	292.2	4.8	215.0
99.056	0.148	fixation	n/a	473.3	293.3	3693.0	n/a	n/a	n/a	n/a
99.206	0.026	saccade	n/a	476.7	294.8	n/a	545.2	294.2	2.51	155.0
99.234	0.198	fixation	n/a	539.6	296.9	3621.0	n/a	n/a	n/a	n/a
99.434	0.06	saccade	n/a	538.5	299.3	n/a	173.0	152.6	14.28	428.0
99.496	0.14	fixation	n/a	176.1	156.5	3604.0	n/a	n/a	n/a	n/a
99.638	0.026	saccade	n/a	172.3	156.5	n/a	124.6	151.1	1.71	121.0
99.666	0.254	fixation	n/a	129.7	153.4	3602.0	n/a	n/a	n/a	n/a
99.922	0.028	saccade	n/a	130.7	153.1	n/a	189.9	156.0	2.11	142.0
99.952	0.116	fixation	n/a	183.3	156.9	3663.0	n/a	n/a	n/a	n/a
100.07	0.162	saccade	n/a	182.6	158.0	n/a	123.4	155.0	2.1	825.0
100.11	0.058	blink	n/a	n/a	n/a	n/a	n/a	n/a	n/a	n/a
100.234	0.252	fixation	n/a	127.4	150.9	3745.0	n/a	n/a	n/a	n/a
100.488	0.032	saccade	n/a	131.3	155.3	n/a	221.2	157.0	3.21	174.0
100.522	0.324	fixation	n/a	210.9	163.1	3764.0	n/a	n/a	n/a	n/a
100.848	0.026	saccade	n/a	211.7	165.6	n/a	276.4	159.6	2.34	147.0
100.876	0.338	fixation	n/a	270.2	161.3	3698.0	n/a	n/a	n/a	n/a
101.216	0.028	saccade	n/a	272.0	163.5	n/a	349.9	162.5	2.83	155.0
101.246	0.296	fixation	n/a	347.2	165.8	3621.0	n/a	n/a	n/a	n/a
101.544	0.022	saccade	n/a	351.5	168.7	n/a	401.2	165.7	1.82	116.0
101.568	0.33	fixation	n/a	398.7	166.9	3648.0	n/a	n/a	n/a	n/a
101.9	0.174	saccade	n/a	399.7	155.5	n/a	428.4	154.7	1.05	986.0
101.938	0.076	blink	n/a	n/a	n/a	n/a	n/a	n/a	n/a	n/a
102.076	0.218	fixation	n/a	425.8	168.9	3740.0	n/a	n/a	n/a	n/a
102.296	0.024	saccade	n/a	426.1	172.0	n/a	480.2	165.0	2.0	125.0
102.322	0.358	fixation	n/a	476.0	169.9	3742.0	n/a	n/a	n/a	n/a
102.682	0.02	saccade	n/a	477.0	170.1	n/a	514.1	167.2	1.36	93.0
102.704	0.464	fixation	n/a	516.5	171.2	3694.0	n/a	n/a	n/a	n/a
103.17	0.024	saccade	n/a	525.2	174.9	n/a	579.1	171.5	1.97	121.0
103.196	0.432	fixation	n/a	577.8	176.2	3667.0	n/a	n/a	n/a	n/a
103.63	0.076	saccade	n/a	582.3	179.9	n/a	141.2	215.5	15.92	380.0
103.708	0.12	fixation	n/a	148.5	217.5	3909.0	n/a	n/a	n/a	n/a
103.83	0.016	saccade	n/a	144.8	218.3	n/a	117.4	217.2	0.97	77.0
103.848	0.248	fixation	n/a	123.6	220.6	3991.0	n/a	n/a	n/a	n/a
104.098	0.026	saccade	n/a	126.5	220.9	n/a	188.2	222.4	2.2	145.0
104.126	0.358	fixation	n/a	189.7	222.6	4009.0	n/a	n/a	n/a	n/a
104.486	0.148	saccade	n/a	200.6	222.9	n/a	279.9	216.2	2.88	891.0
104.528	0.044	blink	n/a	n/a	n/a	n/a	n/a	n/a	n/a	n/a
104.636	0.25	fixation	n/a	281.0	224.4	3967.0	n/a	n/a	n/a	n/a
104.888	0.026	saccade	n/a	284.9	227.9	n/a	344.4	227.6	2.17	137.0
104.916	0.284	fixation	n/a	340.3	231.7	3900.0	n/a	n/a	n/a	n/a
105.202	0.02	saccade	n/a	346.4	233.2	n/a	380.6	230.2	1.26	85.0
105.224	0.126	fixation	n/a	377.7	233.5	3843.0	n/a	n/a	n/a	n/a
105.352	0.028	saccade	n/a	380.7	236.0	n/a	460.9	228.9	2.95	151.0
105.382	0.108	fixation	n/a	458.0	233.0	3807.0	n/a	n/a	n/a	n/a
105.492	0.03	saccade	n/a	459.4	235.0	n/a	536.3	234.7	2.82	163.0
105.524	0.288	fixation	n/a	528.4	240.3	3821.0	n/a	n/a	n/a	n/a
105.814	0.02	saccade	n/a	529.2	246.8	n/a	564.8	245.3	1.3	86.0
105.836	0.158	fixation	n/a	563.1	245.1	3770.0	n/a	n/a	n/a	n/a
105.996	0.018	saccade	n/a	565.4	246.8	n/a	592.4	246.1	0.98	70.0
106.016	0.142	fixation	n/a	589.8	248.2	3732.0	n/a	n/a	n/a	n/a
106.16	0.07	saccade	n/a	588.7	249.2	n/a	182.6	270.3	14.71	405.0
106.232	0.11	fixation	n/a	192.4	275.5	3814.0	n/a	n/a	n/a	n/a
106.344	0.028	saccade	n/a	192.2	278.3	n/a	133.3	288.7	2.15	146.0
106.374	0.23	fixation	n/a	141.3	288.4	3837.0	n/a	n/a	n/a	n/a
106.606	0.176	saccade	n/a	139.8	286.0	n/a	196.9	296.5	2.09	777.0
106.648	0.058	blink	n/a	n/a	n/a	n/a	n/a	n/a	n/a	n/a
106.784	0.066	fixation	n/a	200.1	285.2	3967.0	n/a	n/a	n/a	n/a
106.852	0.024	saccade	n/a	202.7	277.4	n/a	261.0	285.0	2.13	130.0
106.878	0.19	fixation	n/a	256.5	291.5	3902.0	n/a	n/a	n/a	n/a
107.07	0.028	saccade	n/a	259.6	292.8	n/a	339.3	287.2	2.93	155.0
107.1	0.252	fixation	n/a	333.5	290.5	3829.0	n/a	n/a	n/a	n/a
107.354	0.026	saccade	n/a	334.7	293.9	n/a	387.0	292.4	1.92	124.0
107.382	0.118	fixation	n/a	381.4	295.6	3773.0	n/a	n/a	n/a	n/a
107.502	0.026	saccade	n/a	382.6	297.1	n/a	447.1	293.0	2.38	133.0
107.53	0.142	fixation	n/a	447.3	297.2	3781.0	n/a	n/a	n/a	n/a
107.674	0.026	saccade	n/a	450.6	299.2	n/a	507.4	297.8	2.09	132.0
107.702	0.264	fixation	n/a	501.4	303.3	3798.0	n/a	n/a	n/a	n/a
107.968	0.026	saccade	n/a	504.4	305.4	n/a	571.6	300.0	2.47	140.0
107.996	0.112	fixation	n/a	567.5	301.2	3755.0	n/a	n/a	n/a	n/a
108.11	0.046	saccade	n/a	567.5	304.2	n/a	597.2	540.4	8.78	420.0
108.158	0.218	fixation	n/a	598.7	543.1	3879.0	n/a	n/a	n/a	n/a
108.378	0.02	saccade	n/a	602.9	546.6	n/a	645.9	550.9	1.55	107.0
108.4	0.12	fixation	n/a	639.8	554.5	3951.0	n/a	n/a	n/a	n/a
108.522	0.064	saccade	n/a	639.9	557.1	n/a	239.6	532.5	14.43	424.0
108.588	0.188	fixation	n/a	237.7	536.6	3901.0	n/a	n/a	n/a	n/a
108.778	0.026	saccade	n/a	233.0	538.0	n/a	179.7	531.5	1.93	129.0
108.806	0.072	fixation	n/a	186.2	533.7	3841.0	n/a	n/a	n/a	n/a
108.88	0.062	saccade	n/a	186.5	534.0	n/a	567.3	550.3	13.71	366.0
108.944	0.182	fixation	n/a	566.5	549.3	3884.0	n/a	n/a	n/a	n/a
109.128	0.024	saccade	n/a	571.6	549.5	n/a	615.2	548.5	1.57	118.0
109.154	0.176	fixation	n/a	610.8	551.5	3975.0	n/a	n/a	n/a	n/a
109.332	0.146	saccade	n/a	612.2	554.9	n/a	612.5	539.1	0.58	499.0
109.362	0.066	blink	n/a	n/a	n/a	n/a	n/a	n/a	n/a	n/a
109.48	0.288	fixation	n/a	605.9	551.5	4096.0	n/a	n/a	n/a	n/a
109.77	0.016	saccade	n/a	604.0	550.8	n/a	584.7	539.5	0.81	66.0
109.788	0.33	fixation	n/a	591.3	540.0	4211.0	n/a	n/a	n/a	n/a
110.12	0.172	saccade	n/a	592.2	537.8	n/a	641.8	530.5	1.81	531.0
110.15	0.092	blink	n/a	n/a	n/a	n/a	n/a	n/a	n/a	n/a
110.294	0.6	fixation	n/a	625.3	539.9	4357.0	n/a	n/a	n/a	n/a
110.896	0.014	saccade	n/a	622.4	537.4	n/a	637.5	528.6	0.63	55.0
110.912	0.374	fixation	n/a	633.4	531.6	4343.0	n/a	n/a	n/a	n/a
111.288	0.016	saccade	n/a	636.7	532.7	n/a	660.9	538.3	0.89	70.0
111.306	0.298	fixation	n/a	654.6	543.4	4379.0	n/a	n/a	n/a	n/a
111.606	0.164	saccade	n/a	655.7	544.8	n/a	656.2	523.7	0.77	663.0
111.636	0.076	blink	n/a	n/a	n/a	n/a	n/a	n/a	n/a	n/a
111.772	0.41	fixation	n/a	643.8	546.8	4527.0	n/a	n/a	n/a	n/a
112.184	0.178	saccade	n/a	646.4	545.4	n/a	660.1	517.7	1.13	714.0
112.216	0.088	blink	n/a	n/a	n/a	n/a	n/a	n/a	n/a	n/a
112.364	0.43	fixation	n/a	646.2	539.0	4493.0	n/a	n/a	n/a	n/a
112.796	0.058	saccade	n/a	646.2	542.2	n/a	450.3	280.3	12.03	399.0
112.856	0.158	fixation	n/a	448.8	282.1	4330.0	n/a	n/a	n/a	n/a
113.016	0.06	saccade	n/a	445.3	277.8	n/a	156.5	147.4	11.51	341.0
113.078	0.244	fixation	n/a	161.5	154.1	4244.0	n/a	n/a	n/a	n/a
113.324	0.054	saccade	n/a	158.5	161.4	n/a	249.4	478.8	12.1	419.0
113.38	0.076	fixation	n/a	249.7	482.4	4206.0	n/a	n/a	n/a	n/a
113.458	0.03	saccade	n/a	250.2	488.8	n/a	188.2	525.9	2.63	199.0
113.49	0.032	fixation	n/a	192.6	523.6	4173.0	n/a	n/a	n/a	n/a
113.524	0.03	saccade	n/a	189.9	524.5	n/a	136.3	520.3	1.92	161.0
113.556	0.254	fixation	n/a	136.1	524.6	4156.0	n/a	n/a	n/a	n/a
113.812	0.03	saccade	n/a	136.0	527.8	n/a	228.5	525.8	3.32	182.0
113.844	0.154	fixation	n/a	222.9	527.7	4058.0	n/a	n/a	n/a	n/a
114.0	0.03	saccade	n/a	223.0	528.3	n/a	304.9	528.5	2.97	188.0
114.032	0.16	fixation	n/a	299.1	529.4	3926.0	n/a	n/a	n/a	n/a
114.194	0.018	saccade	n/a	296.6	529.4	n/a	266.5	526.7	1.1	80.0
114.214	0.234	fixation	n/a	266.6	529.2	3777.0	n/a	n/a	n/a	n/a
114.45	0.03	saccade	n/a	266.8	529.7	n/a	349.4	524.1	3.02	194.0
114.482	0.184	fixation	n/a	346.3	528.0	3650.0	n/a	n/a	n/a	n/a
114.668	0.028	saccade	n/a	348.2	530.6	n/a	431.0	522.7	3.05	175.0
114.698	0.168	fixation	n/a	433.5	526.0	3545.0	n/a	n/a	n/a	n/a
114.868	0.024	saccade	n/a	437.9	527.6	n/a	490.2	532.2	1.92	125.0
114.894	0.252	fixation	n/a	487.1	534.9	3470.0	n/a	n/a	n/a	n/a
115.148	0.018	saccade	n/a	488.8	537.0	n/a	516.0	536.4	0.99	73.0
115.168	0.06	fixation	n/a	512.7	538.5	3442.0	n/a	n/a	n/a	n/a
115.23	0.02	saccade	n/a	514.1	539.9	n/a	554.3	541.0	1.47	104.0
115.252	0.47	fixation	n/a	547.9	539.9	3487.0	n/a	n/a	n/a	n/a
115.724	0.142	saccade	n/a	542.9	539.4	n/a	231.3	208.8	16.59	968.0
115.758	0.05	blink	n/a	n/a	n/a	n/a	n/a	n/a	n/a	n/a
115.868	0.058	fixation	n/a	237.6	213.8	3688.0	n/a	n/a	n/a	n/a
115.928	0.034	saccade	n/a	238.2	219.7	n/a	158.6	162.8	3.53	211.0
115.964	0.072	fixation	n/a	163.5	165.7	3640.0	n/a	n/a	n/a	n/a
116.038	0.026	saccade	n/a	161.3	164.3	n/a	132.8	143.8	1.25	108.0
116.066	0.222	fixation	n/a	136.1	148.7	3646.0	n/a	n/a	n/a	n/a
116.29	0.03	saccade	n/a	137.9	151.6	n/a	221.4	157.0	2.98	191.0
116.322	0.142	fixation	n/a	216.1	157.5	3665.0	n/a	n/a	n/a	n/a
116.466	0.016	saccade	n/a	215.4	156.0	n/a	193.4	155.8	0.79	64.0
116.484	0.132	fixation	n/a	198.5	158.1	3698.0	n/a	n/a	n/a	n/a
116.618	0.03	saccade	n/a	198.6	160.5	n/a	137.2	153.1	2.21	156.0
116.65	0.144	fixation	n/a	142.3	156.1	3717.0	n/a	n/a	n/a	n/a
116.796	0.036	saccade	n/a	141.9	157.1	n/a	256.3	155.9	4.09	235.0
116.834	0.232	fixation	n/a	249.8	160.2	3741.0	n/a	n/a	n/a	n/a
117.068	0.024	saccade	n/a	253.3	163.8	n/a	300.3	166.4	1.71	119.0
117.094	0.054	fixation	n/a	295.4	168.2	3751.0	n/a	n/a	n/a	n/a
117.15	0.034	saccade	n/a	296.3	169.8	n/a	383.0	167.7	3.17	208.0
117.186	0.29	fixation	n/a	380.2	171.9	3737.0	n/a	n/a	n/a	n/a
117.478	0.022	saccade	n/a	378.9	174.0	n/a	340.6	167.7	1.42	93.0
117.502	0.128	fixation	n/a	341.6	171.6	3744.0	n/a	n/a	n/a	n/a
117.632	0.034	saccade	n/a	343.3	172.9	n/a	449.5	173.0	3.88	212.0
117.668	0.158	fixation	n/a	443.9	174.9	3732.0	n/a	n/a	n/a	n/a
117.828	0.016	saccade	n/a	447.6	175.4	n/a	472.3	176.1	0.91	72.0
117.846	0.124	fixation	n/a	467.7	176.0	3744.0	n/a	n/a	n/a	n/a
117.972	0.024	saccade	n/a	469.7	174.6	n/a	523.9	174.0	1.97	130.0
117.998	0.274	fixation	n/a	519.3	174.7	3738.0	n/a	n/a	n/a	n/a
118.274	0.026	saccade	n/a	521.5	176.6	n/a	591.7	172.1	2.56	149.0
118.302	0.148	fixation	n/a	585.9	173.4	3704.0	n/a	n/a	n/a	n/a
118.452	0.07	saccade	n/a	585.0	175.6	n/a	153.8	217.0	15.58	403.0
118.524	0.15	fixation	n/a	160.9	221.2	3848.0	n/a	n/a	n/a	n/a
118.676	0.018	saccade	n/a	158.2	223.9	n/a	131.6	224.5	0.95	73.0
118.696	0.098	fixation	n/a	137.5	227.4	3885.0	n/a	n/a	n/a	n/a
118.796	0.034	saccade	n/a	139.3	229.5	n/a	242.8	226.1	3.72	230.0
118.832	0.268	fixation	n/a	241.3	228.6	3955.0	n/a	n/a	n/a	n/a
119.102	0.154	saccade	n/a	242.7	231.9	n/a	383.1	222.3	5.15	998.0
119.136	0.06	blink	n/a	n/a	n/a	n/a	n/a	n/a	n/a	n/a
119.258	0.234	fixation	n/a	383.9	237.3	4022.0	n/a	n/a	n/a	n/a
119.494	0.028	saccade	n/a	387.2	240.0	n/a	451.8	238.4	2.38	150.0
119.524	0.088	fixation	n/a	444.7	240.6	4007.0	n/a	n/a	n/a	n/a
119.614	0.028	saccade	n/a	446.5	240.8	n/a	521.7	236.2	2.76	171.0
119.644	0.288	fixation	n/a	514.5	238.0	3826.0	n/a	n/a	n/a	n/a
119.934	0.022	saccade	n/a	514.3	238.8	n/a	550.7	236.4	1.33	90.0
119.958	0.118	fixation	n/a	544.3	238.4	3710.0	n/a	n/a	n/a	n/a
120.078	0.02	saccade	n/a	545.7	238.2	n/a	581.9	236.2	1.32	88.0
120.1	0.264	fixation	n/a	580.8	238.5	3706.0	n/a	n/a	n/a	n/a
120.366	0.024	saccade	n/a	579.5	242.3	n/a	541.0	234.1	1.44	108.0
120.392	0.11	fixation	n/a	547.4	237.8	3776.0	n/a	n/a	n/a	n/a
120.504	0.024	saccade	n/a	545.3	238.6	n/a	507.6	236.1	1.39	110.0
120.53	0.084	fixation	n/a	512.5	238.0	3813.0	n/a	n/a	n/a	n/a
120.616	0.036	saccade	n/a	509.8	239.0	n/a	397.5	234.6	4.13	252.0
120.654	0.174	fixation	n/a	402.2	235.9	3885.0	n/a	n/a	n/a	n/a
120.83	0.04	saccade	n/a	400.6	237.9	n/a	246.9	283.9	5.87	304.0
120.872	0.062	fixation	n/a	254.8	282.2	3950.0	n/a	n/a	n/a	n/a
120.936	0.034	saccade	n/a	252.6	283.3	n/a	156.2	282.8	3.47	225.0
120.972	0.088	fixation	n/a	163.5	284.7	3981.0	n/a	n/a	n/a	n/a
121.062	0.02	saccade	n/a	160.6	285.0	n/a	126.6	284.5	1.21	90.0
121.084	0.242	fixation	n/a	135.8	290.4	4011.0	n/a	n/a	n/a	n/a
121.328	0.034	saccade	n/a	139.1	294.6	n/a	254.1	286.7	4.15	223.0
121.364	0.19	fixation	n/a	249.9	291.3	3952.0	n/a	n/a	n/a	n/a
121.556	0.036	saccade	n/a	253.9	292.5	n/a	378.9	290.8	4.57	250.0
121.594	0.142	fixation	n/a	375.7	292.9	3878.0	n/a	n/a	n/a	n/a
121.738	0.032	saccade	n/a	380.8	294.8	n/a	464.0	292.4	3.06	191.0
121.772	0.116	fixation	n/a	458.9	294.7	3850.0	n/a	n/a	n/a	n/a
121.89	0.028	saccade	n/a	462.9	296.5	n/a	519.7	295.5	2.08	144.0
121.92	0.188	fixation	n/a	514.8	296.5	3839.0	n/a	n/a	n/a	n/a
122.11	0.028	saccade	n/a	515.9	298.1	n/a	578.9	294.6	2.31	149.0
122.14	0.198	fixation	n/a	571.4	298.1	3833.0	n/a	n/a	n/a	n/a
122.34	0.106	saccade	n/a	570.4	300.3	n/a	204.1	153.0	14.31	849.0
122.448	0.25	fixation	n/a	198.9	158.9	3929.0	n/a	n/a	n/a	n/a
122.7	0.028	saccade	n/a	196.1	161.0	n/a	128.2	159.9	2.42	154.0
122.73	0.302	fixation	n/a	135.7	163.2	3954.0	n/a	n/a	n/a	n/a
123.034	0.168	saccade	n/a	133.9	163.5	n/a	498.8	555.3	19.45	947.0
123.074	0.076	blink	n/a	n/a	n/a	n/a	n/a	n/a	n/a	n/a
123.204	0.1	fixation	n/a	493.5	565.0	4163.0	n/a	n/a	n/a	n/a
123.306	0.03	saccade	n/a	493.5	568.7	n/a	543.1	547.6	1.97	130.0
123.338	0.072	fixation	n/a	536.2	549.4	4204.0	n/a	n/a	n/a	n/a
123.412	0.034	saccade	n/a	537.4	550.0	n/a	618.2	541.7	2.95	204.0
123.448	0.2	fixation	n/a	614.8	543.2	4125.0	n/a	n/a	n/a	n/a
123.65	0.022	saccade	n/a	620.3	543.4	n/a	659.1	539.8	1.4	104.0
123.674	0.144	fixation	n/a	652.9	540.8	4011.0	n/a	n/a	n/a	n/a
123.82	0.016	saccade	n/a	650.9	539.9	n/a	626.1	532.5	0.93	75.0
123.838	0.36	fixation	n/a	633.9	534.6	4068.0	n/a	n/a	n/a	n/a
123.984	0.0	trigger_11	11	n/a	n/a	n/a	n/a	n/a	n/a	n/a
124.044	0.0	trigger_10	10	n/a	n/a	n/a	n/a	n/a	n/a	n/a
124.2	0.068	saccade	n/a	631.7	533.4	n/a	352.0	163.4	16.95	481.0
124.27	0.156	fixation	n/a	347.2	169.3	4136.0	n/a	n/a	n/a	n/a
124.428	0.04	saccade	n/a	343.6	169.6	n/a	190.7	175.0	5.53	313.0
124.47	0.074	fixation	n/a	195.3	172.5	4177.0	n/a	n/a	n/a	n/a
124.546	0.028	saccade	n/a	193.0	172.5	n/a	148.4	146.8	1.84	158.0
124.576	0.154	fixation	n/a	153.4	151.3	4205.0	n/a	n/a	n/a	n/a
124.732	0.018	saccade	n/a	150.5	152.2	n/a	125.8	148.2	0.89	72.0
124.752	0.05	fixation	n/a	132.0	150.9	4262.0	n/a	n/a	n/a	n/a
124.804	0.128	saccade	n/a	133.8	157.2	n/a	130.3	154.0	0.17	1060.0
124.842	0.032	blink	n/a	n/a	n/a	n/a	n/a	n/a	n/a	n/a
124.934	0.104	fixation	n/a	130.2	154.1	4342.0	n/a	n/a	n/a	n/a
125.04	0.026	saccade	n/a	131.6	157.4	n/a	179.0	160.4	1.69	126.0
125.068	0.18	fixation	n/a	173.4	162.3	4332.0	n/a	n/a	n/a	n/a
125.25	0.02	saccade	n/a	175.4	160.7	n/a	211.0	159.3	1.27	94.0
125.272	0.124	fixation	n/a	203.6	161.8	4356.0	n/a	n/a	n/a	n/a
125.398	0.03	saccade	n/a	203.9	163.1	n/a	281.3	157.0	2.8	164.0
125.43	0.148	fixation	n/a	277.1	163.5	4300.0	n/a	n/a	n/a	n/a
125.58	0.032	saccade	n/a	278.7	165.3	n/a	359.7	167.1	2.95	188.0
125.614	0.142	fixation	n/a	353.8	171.3	4263.0	n/a	n/a	n/a	n/a
125.758	0.03	saccade	n/a	356.9	173.4	n/a	425.0	176.3	2.49	166.0
125.79	0.088	fixation	n/a	419.2	177.8	4223.0	n/a	n/a	n/a	n/a
125.88	0.03	saccade	n/a	421.5	179.3	n/a	490.8	179.3	2.54	157.0
125.912	0.148	fixation	n/a	484.0	183.3	4118.0	n/a	n/a	n/a	n/a
126.062	0.022	saccade	n/a	485.7	183.8	n/a	528.4	184.6	1.56	109.0
126.086	0.318	fixation	n/a	521.5	183.6	3970.0	n/a	n/a	n/a	n/a
126.406	0.03	saccade	n/a	518.0	179.9	n/a	598.0	181.9	2.92	162.0
126.438	0.18	fixation	n/a	591.6	183.8	3886.0	n/a	n/a	n/a	n/a
126.62	0.068	saccade	n/a	595.4	184.9	n/a	154.4	224.3	15.93	433.0
126.69	0.29	fixation	n/a	151.6	224.9	4029.0	n/a	n/a	n/a	n/a
126.982	0.03	saccade	n/a	149.0	227.3	n/a	223.7	227.8	2.69	181.0
127.014	0.196	fixation	n/a	219.1	230.5	4029.0	n/a	n/a	n/a	n/a
127.212	0.028	saccade	n/a	220.2	232.3	n/a	204.5	174.1	2.21	151.0
127.242	0.25	fixation	n/a	207.5	178.5	3968.0	n/a	n/a	n/a	n/a
127.494	0.142	saccade	n/a	207.4	180.2	n/a	385.8	550.4	15.07	964.0
127.532	0.06	blink	n/a	n/a	n/a	n/a	n/a	n/a	n/a	n/a
127.638	0.124	fixation	n/a	383.6	557.7	4131.0	n/a	n/a	n/a	n/a
127.764	0.026	saccade	n/a	385.7	561.3	n/a	436.2	544.8	1.94	136.0
127.792	0.078	fixation	n/a	429.5	547.7	4162.0	n/a	n/a	n/a	n/a
127.872	0.044	saccade	n/a	431.3	548.4	n/a	608.9	541.3	6.48	288.0
127.918	0.448	fixation	n/a	608.7	544.9	4028.0	n/a	n/a	n/a	n/a
128.368	0.014	saccade	n/a	609.0	547.3	n/a	594.6	539.3	0.6	49.0
128.384	0.16	fixation	n/a	598.4	541.4	3989.0	n/a	n/a	n/a	n/a
128.546	0.014	saccade	n/a	597.0	539.6	n/a	582.3	535.5	0.55	50.0
128.562	0.124	fixation	n/a	587.5	537.5	4034.0	n/a	n/a	n/a	n/a
128.688	0.122	saccade	n/a	587.5	537.1	n/a	348.6	180.4	15.76	1145.0
128.718	0.046	blink	n/a	n/a	n/a	n/a	n/a	n/a	n/a	n/a
128.812	0.496	fixation	n/a	342.6	192.7	4093.0	n/a	n/a	n/a	n/a
129.31	0.048	saccade	n/a	338.3	195.8	n/a	160.4	170.2	6.49	285.0
129.36	0.362	fixation	n/a	163.1	173.1	4062.0	n/a	n/a	n/a	n/a
129.724	0.02	saccade	n/a	161.8	181.0	n/a	155.8	216.7	1.32	89.0
129.73	0.0	trigger_11	11	n/a	n/a	n/a	n/a	n/a	n/a	n/a
129.746	0.246	fixation	n/a	159.2	214.2	4102.0	n/a	n/a	n/a	n/a
129.788	0.0	trigger_10	10	n/a	n/a	n/a	n/a	n/a	n/a	n/a
129.994	0.03	saccade	n/a	159.0	213.9	n/a	137.7	147.6	2.53	169.0
130.026	0.256	fixation	n/a	136.8	153.7	4089.0	n/a	n/a	n/a	n/a
130.284	0.146	saccade	n/a	136.5	157.2	n/a	132.8	178.4	0.78	1071.0
130.32	0.046	blink	n/a	n/a	n/a	n/a	n/a	n/a	n/a	n/a
130.432	0.396	fixation	n/a	124.8	163.4	4174.0	n/a	n/a	n/a	n/a
130.83	0.026	saccade	n/a	123.6	163.5	n/a	173.9	157.3	1.8	120.0
130.858	0.162	fixation	n/a	169.6	160.0	4158.0	n/a	n/a	n/a	n/a
131.022	0.024	saccade	n/a	168.4	159.8	n/a	124.5	155.7	1.57	115.0
131.048	0.12	fixation	n/a	133.7	158.2	4091.0	n/a	n/a	n/a	n/a
131.17	0.018	saccade	n/a	133.0	157.9	n/a	107.3	153.2	0.92	69.0
131.19	0.078	fixation	n/a	114.5	154.4	4058.0	n/a	n/a	n/a	n/a
131.27	0.152	saccade	n/a	115.9	156.0	n/a	194.6	146.1	2.82	957.0
131.31	0.052	blink	n/a	n/a	n/a	n/a	n/a	n/a	n/a	n/a
131.424	0.212	fixation	n/a	197.9	152.1	4021.0	n/a	n/a	n/a	n/a
131.638	0.028	saccade	n/a	202.3	156.0	n/a	276.2	157.8	2.67	162.0
131.668	0.586	fixation	n/a	274.0	161.2	3850.0	n/a	n/a	n/a	n/a
132.256	0.032	saccade	n/a	274.7	165.4	n/a	355.2	164.3	2.93	154.0
132.29	0.174	fixation	n/a	349.2	168.5	3802.0	n/a	n/a	n/a	n/a
132.466	0.03	saccade	n/a	351.9	172.8	n/a	426.0	173.1	2.71	149.0
132.498	0.122	fixation	n/a	419.8	176.3	3895.0	n/a	n/a	n/a	n/a
132.622	0.028	saccade	n/a	421.4	175.7	n/a	488.1	174.6	2.44	146.0
132.652	0.188	fixation	n/a	483.6	178.3	3979.0	n/a	n/a	n/a	n/a
132.842	0.024	saccade	n/a	486.8	181.7	n/a	536.3	183.5	1.81	115.0
132.868	0.058	fixation	n/a	532.0	184.5	3960.0	n/a	n/a	n/a	n/a
132.928	0.03	saccade	n/a	532.2	184.6	n/a	600.5	185.2	2.48	161.0
132.96	0.062	fixation	n/a	595.0	186.4	3888.0	n/a	n/a	n/a	n/a
133.024	0.02	saccade	n/a	597.2	187.8	n/a	631.5	184.2	1.25	92.0
133.046	0.086	fixation	n/a	625.9	187.1	3830.0	n/a	n/a	n/a	n/a
133.134	0.074	saccade	n/a	625.6	188.4	n/a	161.8	227.8	16.75	424.0
133.21	0.25	fixation	n/a	161.5	227.1	3858.0	n/a	n/a	n/a	n/a
133.462	0.036	saccade	n/a	159.6	226.1	n/a	274.6	221.1	4.16	243.0
133.5	0.242	fixation	n/a	269.0	223.1	3841.0	n/a	n/a	n/a	n/a
133.744	0.036	saccade	n/a	271.6	222.8	n/a	396.4	225.3	4.57	246.0
133.782	0.104	fixation	n/a	390.8	226.7	3805.0	n/a	n/a	n/a	n/a
133.888	0.03	saccade	n/a	393.9	225.6	n/a	465.1	228.1	2.62	169.0
133.92	0.118	fixation	n/a	458.9	229.7	3745.0	n/a	n/a	n/a	n/a
134.04	0.032	saccade	n/a	461.4	230.3	n/a	546.0	230.7	3.1	182.0
134.074	0.072	fixation	n/a	539.7	231.6	3698.0	n/a	n/a	n/a	n/a
134.148	0.022	saccade	n/a	542.0	233.9	n/a	576.7	231.3	1.27	98.0
134.172	0.134	fixation	n/a	570.1	231.5	3689.0	n/a	n/a	n/a	n/a
134.308	0.058	saccade	n/a	570.5	231.5	n/a	257.7	274.4	11.48	395.0
134.368	0.216	fixation	n/a	254.2	277.7	3787.0	n/a	n/a	n/a	n/a
134.586	0.028	saccade	n/a	249.9	280.2	n/a	192.1	279.9	2.09	143.0
134.616	0.104	fixation	n/a	199.2	281.0	3812.0	n/a	n/a	n/a	n/a
134.722	0.028	saccade	n/a	196.0	281.1	n/a	136.3	283.5	2.14	142.0
134.752	0.242	fixation	n/a	139.9	284.7	3807.0	n/a	n/a	n/a	n/a
134.996	0.176	saccade	n/a	130.9	285.6	n/a	173.8	279.1	1.55	810.0
135.054	0.058	blink	n/a	n/a	n/a	n/a	n/a	n/a	n/a	n/a
135.174	0.116	fixation	n/a	177.1	281.2	3811.0	n/a	n/a	n/a	n/a
135.292	0.026	saccade	n/a	181.2	285.3	n/a	245.1	286.1	2.31	139.0
135.32	0.058	fixation	n/a	240.6	288.7	3818.0	n/a	n/a	n/a	n/a
135.38	0.028	saccade	n/a	242.9	290.1	n/a	306.2	292.2	2.31	154.0
135.41	0.166	fixation	n/a	301.7	295.2	3853.0	n/a	n/a	n/a	n/a
135.578	0.048	saccade	n/a	301.9	297.3	n/a	134.4	158.7	7.9	322.0
135.628	0.242	fixation	n/a	135.3	165.0	3729.0	n/a	n/a	n/a	n/a
135.872	0.024	saccade	n/a	137.9	167.5	n/a	189.6	162.3	1.85	126.0
135.898	0.284	fixation	n/a	185.1	164.1	3640.0	n/a	n/a	n/a	n/a
136.184	0.024	saccade	n/a	187.0	162.5	n/a	247.7	154.0	2.21	126.0
136.21	0.296	fixation	n/a	246.2	157.7	3636.0	n/a	n/a	n/a	n/a
136.508	0.038	saccade	n/a	245.4	157.7	n/a	137.0	151.1	3.89	215.0
136.548	0.15	fixation	n/a	145.3	154.1	3643.0	n/a	n/a	n/a	n/a
136.7	0.016	saccade	n/a	140.7	154.6	n/a	116.7	153.4	0.85	66.0
136.718	0.046	fixation	n/a	122.2	156.6	3640.0	n/a	n/a	n/a	n/a
136.766	0.158	saccade	n/a	125.4	160.4	n/a	138.9	176.5	0.75	942.0
136.804	0.052	blink	n/a	n/a	n/a	n/a	n/a	n/a	n/a	n/a
136.926	0.144	fixation	n/a	141.2	168.7	3763.0	n/a	n/a	n/a	n/a
137.072	0.022	saccade	n/a	143.9	170.8	n/a	189.4	163.3	1.65	104.0
137.096	0.176	fixation	n/a	186.4	165.4	3816.0	n/a	n/a	n/a	n/a
137.274	0.024	saccade	n/a	190.3	164.5	n/a	243.8	162.0	1.93	127.0
137.3	0.202	fixation	n/a	237.3	165.6	3772.0	n/a	n/a	n/a	n/a
137.504	0.016	saccade	n/a	241.4	166.4	n/a	266.8	164.4	0.92	73.0
137.522	0.25	fixation	n/a	261.6	164.0	3726.0	n/a	n/a	n/a	n/a
137.774	0.014	saccade	n/a	264.8	165.1	n/a	282.0	162.4	0.63	53.0
137.79	0.092	fixation	n/a	279.8	165.5	3709.0	n/a	n/a	n/a	n/a
137.884	0.022	saccade	n/a	282.3	166.9	n/a	324.5	163.9	1.54	110.0
137.908	0.416	fixation	n/a	320.8	165.5	3722.0	n/a	n/a	n/a	n/a
138.326	0.144	saccade	n/a	325.3	168.2	n/a	352.5	150.7	1.18	1073.0
138.362	0.05	blink	n/a	n/a	n/a	n/a	n/a	n/a	n/a	n/a
138.472	0.136	fixation	n/a	353.5	165.1	3895.0	n/a	n/a	n/a	n/a
138.61	0.024	saccade	n/a	355.4	171.7	n/a	406.1	166.8	1.86	121.0
138.636	0.226	fixation	n/a	402.7	172.0	3935.0	n/a	n/a	n/a	n/a
138.864	0.022	saccade	n/a	406.5	173.2	n/a	452.4	168.9	1.69	106.0
138.888	0.48	fixation	n/a	450.4	176.5	3881.0	n/a	n/a	n/a	n/a
139.37	0.02	saccade	n/a	453.7	180.7	n/a	488.7	179.8	1.28	87.0
139.392	0.106	fixation	n/a	483.6	180.7	3869.0	n/a	n/a	n/a	n/a
139.5	0.024	saccade	n/a	483.9	183.3	n/a	528.2	181.2	1.62	106.0
139.526	0.14	fixation	n/a	521.9	183.7	3861.0	n/a	n/a	n/a	n/a
139.668	0.18	saccade	n/a	520.6	187.1	n/a	534.2	182.6	0.52	1134.0
139.704	0.084	blink	n/a	n/a	n/a	n/a	n/a	n/a	n/a	n/a
139.85	0.038	fixation	n/a	532.8	180.7	4009.0	n/a	n/a	n/a	n/a
139.89	0.016	saccade	n/a	535.8	186.1	n/a	559.6	181.6	0.88	66.0
139.908	0.566	fixation	n/a	559.3	184.1	3848.0	n/a	n/a	n/a	n/a
140.476	0.024	saccade	n/a	561.3	188.0	n/a	616.8	186.7	2.02	125.0
140.502	0.152	fixation	n/a	611.5	186.1	3696.0	n/a	n/a	n/a	n/a
140.656	0.084	saccade	n/a	610.1	186.1	n/a	140.4	222.8	16.89	413.0
140.742	0.28	fixation	n/a	140.2	236.3	3812.0	n/a	n/a	n/a	n/a
141.024	0.034	saccade	n/a	139.8	236.4	n/a	228.0	253.0	3.23	198.0
141.06	0.108	fixation	n/a	225.8	239.9	3870.0	n/a	n/a	n/a	n/a
141.17	0.192	saccade	n/a	229.3	242.2	n/a	296.3	231.0	2.47	740.0
141.214	0.084	blink	n/a	n/a	n/a	n/a	n/a	n/a	n/a	n/a
141.364	0.292	fixation	n/a	297.0	237.2	3864.0	n/a	n/a	n/a	n/a
141.658	0.038	saccade	n/a	296.9	240.1	n/a	405.3	238.2	3.97	200.0
141.698	0.176	fixation	n/a	398.7	240.8	3772.0	n/a	n/a	n/a	n/a
141.876	0.016	saccade	n/a	403.4	243.0	n/a	425.9	241.8	0.83	63.0
141.894	0.114	fixation	n/a	422.8	243.8	3702.0	n/a	n/a	n/a	n/a
142.01	0.03	saccade	n/a	424.2	246.0	n/a	518.1	239.6	3.45	156.0
142.042	0.086	fixation	n/a	518.1	241.5	3625.0	n/a	n/a	n/a	n/a
142.13	0.024	saccade	n/a	519.3	241.7	n/a	566.3	241.3	1.72	114.0
142.156	0.268	fixation	n/a	559.8	244.5	3631.0	n/a	n/a	n/a	n/a
142.426	0.07	saccade	n/a	557.4	248.0	n/a	169.8	278.0	14.06	357.0
142.498	0.12	fixation	n/a	180.2	281.0	3818.0	n/a	n/a	n/a	n/a
142.62	0.026	saccade	n/a	178.1	283.2	n/a	128.2	291.3	1.81	125.0
142.648	0.314	fixation	n/a	128.2	295.3	3897.0	n/a	n/a	n/a	n/a
142.964	0.04	saccade	n/a	127.4	298.7	n/a	272.5	296.8	5.23	236.0
143.006	0.256	fixation	n/a	265.8	297.4	3976.0	n/a	n/a	n/a	n/a
143.264	0.022	saccade	n/a	270.1	298.3	n/a	315.0	297.4	1.64	111.0
143.288	0.146	fixation	n/a	308.8	300.3	3992.0	n/a	n/a	n/a	n/a
143.436	0.138	saccade	n/a	308.7	300.3	n/a	204.4	166.4	6.21	1055.0
143.472	0.048	blink	n/a	n/a	n/a	n/a	n/a	n/a	n/a	n/a
143.576	0.048	fixation	n/a	207.7	170.6	3935.0	n/a	n/a	n/a	n/a
143.626	0.032	saccade	n/a	207.4	173.9	n/a	132.1	151.7	2.8	209.0
143.66	0.254	fixation	n/a	137.0	155.6	3853.0	n/a	n/a	n/a	n/a
143.916	0.03	saccade	n/a	137.5	157.4	n/a	217.4	164.7	2.87	184.0
143.948	0.218	fixation	n/a	212.2	165.3	3866.0	n/a	n/a	n/a	n/a
144.168	0.028	saccade	n/a	216.5	165.5	n/a	283.9	164.4	2.44	158.0
144.198	0.344	fixation	n/a	280.3	166.4	3885.0	n/a	n/a	n/a	n/a
144.544	0.03	saccade	n/a	284.3	166.3	n/a	369.9	168.0	3.12	170.0
144.576	0.104	fixation	n/a	363.2	168.7	3879.0	n/a	n/a	n/a	n/a
144.682	0.028	saccade	n/a	365.5	171.6	n/a	436.3	169.8	2.59	159.0
144.712	0.132	fixation	n/a	429.0	170.7	3857.0	n/a	n/a	n/a	n/a
144.846	0.026	saccade	n/a	430.3	169.9	n/a	499.4	166.8	2.53	147.0
144.874	0.118	fixation	n/a	494.2	169.4	3839.0	n/a	n/a	n/a	n/a
144.994	0.022	saccade	n/a	495.6	171.6	n/a	541.1	170.2	1.66	109.0
145.018	0.132	fixation	n/a	536.6	173.8	3810.0	n/a	n/a	n/a	n/a
145.152	0.02	saccade	n/a	538.5	174.2	n/a	573.6	174.9	1.27	89.0
145.174	0.228	fixation	n/a	569.2	175.7	3750.0	n/a	n/a	n/a	n/a
145.404	0.022	saccade	n/a	570.9	176.8	n/a	622.7	174.5	1.88	123.0
145.428	0.118	fixation	n/a	617.5	175.7	3704.0	n/a	n/a	n/a	n/a
145.548	0.074	saccade	n/a	616.8	176.3	n/a	171.6	225.1	16.11	392.0
145.624	0.31	fixation	n/a	173.2	231.2	3794.0	n/a	n/a	n/a	n/a
145.936	0.158	saccade	n/a	171.0	233.5	n/a	272.0	222.9	3.67	869.0
145.976	0.056	blink	n/a	n/a	n/a	n/a	n/a	n/a	n/a	n/a
146.096	0.272	fixation	n/a	275.4	223.0	3756.0	n/a	n/a	n/a	n/a
146.37	0.026	saccade	n/a	278.0	227.1	n/a	341.6	230.7	2.32	140.0
146.398	0.168	fixation	n/a	338.2	234.5	3705.0	n/a	n/a	n/a	n/a
146.568	0.026	saccade	n/a	340.2	237.3	n/a	410.1	232.3	2.57	148.0
146.596	0.146	fixation	n/a	407.2	235.1	3670.0	n/a	n/a	n/a	n/a
146.744	0.026	saccade	n/a	411.3	235.6	n/a	476.7	234.5	2.4	137.0
146.772	0.126	fixation	n/a	472.6	236.5	3628.0	n/a	n/a	n/a	n/a
146.9	0.028	saccade	n/a	473.9	237.8	n/a	556.1	235.4	3.01	156.0
146.93	0.234	fixation	n/a	550.6	239.6	3587.0	n/a	n/a	n/a	n/a
147.166	0.176	saccade	n/a	549.1	244.6	n/a	573.8	235.3	0.97	1048.0
147.204	0.084	blink	n/a	n/a	n/a	n/a	n/a	n/a	n/a	n/a
147.344	0.242	fixation	n/a	569.2	238.0	3589.0	n/a	n/a	n/a	n/a
147.588	0.054	saccade	n/a	567.8	243.6	n/a	609.9	569.1	12.06	384.0
147.644	0.166	fixation	n/a	610.6	567.2	3647.0	n/a	n/a	n/a	n/a
147.812	0.02	saccade	n/a	613.8	568.4	n/a	648.6	552.8	1.38	95.0
147.834	0.18	fixation	n/a	644.3	556.2	3601.0	n/a	n/a	n/a	n/a
148.016	0.016	saccade	n/a	644.0	556.7	n/a	624.2	546.3	0.81	62.0
148.034	0.158	fixation	n/a	630.0	552.4	3530.0	n/a	n/a	n/a	n/a
148.194	0.026	saccade	n/a	633.6	552.4	n/a	696.3	568.1	2.31	126.0
148.222	0.128	fixation	n/a	683.9	558.2	3436.0	n/a	n/a	n/a	n/a
148.352	0.18	saccade	n/a	681.1	555.3	n/a	308.5	221.8	18.2	904.0
148.388	0.09	blink	n/a	n/a	n/a	n/a	n/a	n/a	n/a	n/a
148.534	0.376	fixation	n/a	303.3	234.5	3554.0	n/a	n/a	n/a	n/a
148.658	0.0	trigger_11	11	n/a	n/a	n/a	n/a	n/a	n/a	n/a
148.716	0.0	trigger_10	10	n/a	n/a	n/a	n/a	n/a	n/a	n/a
148.912	0.04	saccade	n/a	298.8	236.6	n/a	179.8	169.8	4.95	290.0
148.954	0.042	fixation	n/a	185.0	173.5	3747.0	n/a	n/a	n/a	n/a
148.998	0.032	saccade	n/a	181.9	173.3	n/a	124.6	134.5	2.47	200.0
149.032	0.344	fixation	n/a	120.8	144.7	3888.0	n/a	n/a	n/a	n/a
149.378	0.034	saccade	n/a	118.2	153.0	n/a	231.9	158.5	4.06	242.0
149.414	0.194	fixation	n/a	227.3	161.8	3972.0	n/a	n/a	n/a	n/a
149.61	0.024	saccade	n/a	233.5	164.3	n/a	278.8	165.7	1.64	115.0
149.636	0.134	fixation	n/a	273.6	167.0	3978.0	n/a	n/a	n/a	n/a
149.772	0.038	saccade	n/a	274.0	168.3	n/a	403.8	167.9	4.73	244.0
149.812	0.142	fixation	n/a	397.3	170.1	3979.0	n/a	n/a	n/a	n/a
149.956	0.03	saccade	n/a	401.4	172.4	n/a	474.0	172.5	2.65	164.0
149.988	0.13	fixation	n/a	467.1	175.9	3906.0	n/a	n/a	n/a	n/a
150.12	0.026	saccade	n/a	469.7	177.6	n/a	536.2	177.7	2.42	138.0
150.148	0.148	fixation	n/a	530.9	181.6	3837.0	n/a	n/a	n/a	n/a
150.298	0.144	saccade	n/a	528.8	187.4	n/a	471.9	161.5	2.29	1129.0
150.334	0.05	blink	n/a	n/a	n/a	n/a	n/a	n/a	n/a	n/a
150.444	0.338	fixation	n/a	472.4	182.6	3887.0	n/a	n/a	n/a	n/a
150.784	0.018	saccade	n/a	472.0	182.3	n/a	442.5	175.9	1.11	80.0
150.804	0.29	fixation	n/a	449.6	176.0	3976.0	n/a	n/a	n/a	n/a
151.096	0.024	saccade	n/a	451.8	178.6	n/a	492.8	181.7	1.51	103.0
151.122	0.106	fixation	n/a	486.5	183.5	3971.0	n/a	n/a	n/a	n/a
151.23	0.16	saccade	n/a	487.9	183.8	n/a	569.9	173.8	3.02	1170.0
151.266	0.066	blink	n/a	n/a	n/a	n/a	n/a	n/a	n/a	n/a
151.392	0.14	fixation	n/a	565.9	184.1	3995.0	n/a	n/a	n/a	n/a
151.534	0.024	saccade	n/a	565.8	187.5	n/a	610.5	186.9	1.62	108.0
151.56	0.118	fixation	n/a	602.5	186.5	3960.0	n/a	n/a	n/a	n/a
151.68	0.068	saccade	n/a	601.2	187.1	n/a	187.6	212.5	14.96	410.0
151.75	0.106	fixation	n/a	198.3	216.4	4016.0	n/a	n/a	n/a	n/a
151.858	0.028	saccade	n/a	195.1	217.4	n/a	130.0	223.8	2.34	161.0
151.888	0.24	fixation	n/a	135.7	226.4	3920.0	n/a	n/a	n/a	n/a
152.13	0.018	saccade	n/a	132.6	228.1	n/a	106.7	227.9	0.92	71.0
152.15	0.236	fixation	n/a	111.3	227.7	3820.0	n/a	n/a	n/a	n/a
152.388	0.024	saccade	n/a	111.5	227.7	n/a	158.4	224.8	1.67	117.0
152.414	0.164	fixation	n/a	153.7	229.3	3782.0	n/a	n/a	n/a	n/a
152.58	0.028	saccade	n/a	158.6	232.7	n/a	223.8	231.3	2.34	147.0
152.61	0.05	fixation	n/a	218.8	233.6	3792.0	n/a	n/a	n/a	n/a
152.662	0.034	saccade	n/a	220.9	234.7	n/a	325.2	234.0	3.79	217.0
152.698	0.206	fixation	n/a	320.9	236.4	3806.0	n/a	n/a	n/a	n/a
152.906	0.03	saccade	n/a	325.1	237.8	n/a	398.6	239.1	2.7	155.0
152.938	0.142	fixation	n/a	391.6	241.8	3828.0	n/a	n/a	n/a	n/a
153.082	0.11	saccade	n/a	392.0	244.1	n/a	321.3	226.1	2.68	1012.0
153.116	0.02	blink	n/a	n/a	n/a	n/a	n/a	n/a	n/a	n/a
153.194	0.226	fixation	n/a	321.4	239.0	3796.0	n/a	n/a	n/a	n/a
153.422	0.026	saccade	n/a	323.7	242.8	n/a	401.8	242.7	2.87	155.0
153.45	0.156	fixation	n/a	397.5	245.4	3762.0	n/a	n/a	n/a	n/a
153.608	0.018	saccade	n/a	400.3	246.0	n/a	429.3	241.7	1.08	83.0
153.628	0.084	fixation	n/a	423.0	245.4	3749.0	n/a	n/a	n/a	n/a
153.714	0.026	saccade	n/a	424.8	248.0	n/a	501.5	238.9	2.83	157.0
153.742	0.188	fixation	n/a	496.8	241.0	3698.0	n/a	n/a	n/a	n/a
153.932	0.03	saccade	n/a	498.0	242.1	n/a	575.0	240.1	2.81	154.0
153.964	0.296	fixation	n/a	563.8	242.5	3664.0	n/a	n/a	n/a	n/a
154.262	0.02	saccade	n/a	563.5	242.7	n/a	598.8	240.2	1.29	89.0
154.284	0.154	fixation	n/a	593.5	242.7	3585.0	n/a	n/a	n/a	n/a
154.44	0.066	saccade	n/a	591.8	242.9	n/a	209.4	278.8	13.94	395.0
154.508	0.108	fixation	n/a	215.6	281.3	3680.0	n/a	n/a	n/a	n/a
154.618	0.03	saccade	n/a	213.3	281.8	n/a	139.1	289.6	2.68	178.0
154.65	0.142	fixation	n/a	147.1	293.0	3737.0	n/a	n/a	n/a	n/a
154.794	0.014	saccade	n/a	144.7	295.8	n/a	127.5	296.7	0.61	51.0
154.81	0.244	fixation	n/a	131.3	299.7	3836.0	n/a	n/a	n/a	n/a
155.056	0.032	saccade	n/a	133.5	301.5	n/a	214.3	298.4	2.91	176.0
155.09	0.24	fixation	n/a	207.2	301.3	3874.0	n/a	n/a	n/a	n/a
155.332	0.016	saccade	n/a	204.4	301.0	n/a	180.0	297.7	0.89	68.0
155.35	0.198	fixation	n/a	175.1	301.1	3924.0	n/a	n/a	n/a	n/a
155.55	0.152	saccade	n/a	175.8	305.4	n/a	270.3	291.6	3.46	890.0
155.586	0.052	blink	n/a	n/a	n/a	n/a	n/a	n/a	n/a	n/a
155.704	0.124	fixation	n/a	271.5	300.5	4030.0	n/a	n/a	n/a	n/a
155.83	0.018	saccade	n/a	270.0	307.3	n/a	243.8	300.7	0.99	71.0
155.85	0.536	fixation	n/a	246.6	300.9	3962.0	n/a	n/a	n/a	n/a
156.388	0.03	saccade	n/a	246.2	297.8	n/a	327.0	293.5	2.95	162.0
156.42	0.222	fixation	n/a	317.6	294.2	3894.0	n/a	n/a	n/a	n/a
156.644	0.026	saccade	n/a	317.0	295.1	n/a	375.4	296.3	2.14	130.0
156.672	0.076	fixation	n/a	369.9	298.4	3906.0	n/a	n/a	n/a	n/a
156.75	0.346	saccade	n/a	370.4	296.2	n/a	287.7	295.0	3.03	822.0
156.796	0.23	blink	n/a	n/a	n/a	n/a	n/a	n/a	n/a	n/a
157.098	0.034	fixation	n/a	287.9	294.9	3957.0	n/a	n/a	n/a	n/a
157.134	0.048	saccade	n/a	288.4	300.0	n/a	144.0	190.0	6.6	314.0
157.184	0.056	fixation	n/a	149.3	195.4	3868.0	n/a	n/a	n/a	n/a
157.242	0.028	saccade	n/a	146.6	192.1	n/a	119.5	144.6	1.97	154.0
157.272	0.166	fixation	n/a	118.6	150.0	3922.0	n/a	n/a	n/a	n/a
157.44	0.032	saccade	n/a	117.0	152.6	n/a	206.7	156.0	3.19	201.0
157.474	0.226	fixation	n/a	200.5	159.4	3855.0	n/a	n/a	n/a	n/a
157.702	0.034	saccade	n/a	202.9	160.0	n/a	299.4	158.6	3.48	206.0
157.738	0.158	fixation	n/a	295.5	160.3	3804.0	n/a	n/a	n/a	n/a
157.898	0.018	saccade	n/a	295.6	159.3	n/a	270.1	155.6	0.94	71.0
157.918	0.05	fixation	n/a	276.8	157.9	3804.0	n/a	n/a	n/a	n/a
157.97	0.032	saccade	n/a	277.4	158.2	n/a	198.4	149.1	2.87	201.0
158.004	0.17	fixation	n/a	204.2	149.1	3819.0	n/a	n/a	n/a	n/a
158.176	0.024	saccade	n/a	202.8	149.2	n/a	150.8	144.9	1.86	119.0
158.202	0.318	fixation	n/a	153.0	151.0	3916.0	n/a	n/a	n/a	n/a
158.522	0.03	saccade	n/a	152.1	158.4	n/a	236.5	159.3	3.03	162.0
158.554	0.12	fixation	n/a	231.8	163.0	3944.0	n/a	n/a	n/a	n/a
158.676	0.026	saccade	n/a	236.1	166.5	n/a	297.3	164.7	2.22	141.0
158.704	0.28	fixation	n/a	293.2	167.8	3893.0	n/a	n/a	n/a	n/a
158.986	0.04	saccade	n/a	297.1	169.9	n/a	426.8	166.5	4.74	214.0
159.028	0.214	fixation	n/a	422.5	168.2	3751.0	n/a	n/a	n/a	n/a
159.244	0.03	saccade	n/a	425.1	169.1	n/a	509.1	168.9	3.07	168.0
159.276	0.11	fixation	n/a	503.1	170.4	3641.0	n/a	n/a	n/a	n/a
159.388	0.026	saccade	n/a	505.3	170.3	n/a	571.7	171.0	2.42	145.0
159.416	0.13	fixation	n/a	566.6	173.3	3582.0	n/a	n/a	n/a	n/a
159.548	0.02	saccade	n/a	567.5	174.3	n/a	609.3	170.7	1.52	104.0
159.57	0.124	fixation	n/a	604.1	174.5	3544.0	n/a	n/a	n/a	n/a
159.696	0.072	saccade	n/a	603.2	176.2	n/a	205.2	194.7	14.38	390.0
159.77	0.17	fixation	n/a	203.9	195.3	3650.0	n/a	n/a	n/a	n/a
159.942	0.028	saccade	n/a	198.4	196.8	n/a	143.2	209.8	2.03	147.0
159.972	0.156	fixation	n/a	148.0	211.0	3732.0	n/a	n/a	n/a	n/a
160.13	0.02	saccade	n/a	146.1	214.0	n/a	109.5	214.2	1.3	91.0
160.152	0.392	fixation	n/a	117.9	219.7	3887.0	n/a	n/a	n/a	n/a
160.546	0.022	saccade	n/a	121.4	223.8	n/a	164.2	223.1	1.52	111.0
160.57	0.158	fixation	n/a	161.7	227.3	3901.0	n/a	n/a	n/a	n/a
160.73	0.032	saccade	n/a	164.9	229.6	n/a	255.5	224.4	3.28	203.0
160.764	0.27	fixation	n/a	251.2	228.0	3912.0	n/a	n/a	n/a	n/a
161.036	0.036	saccade	n/a	253.6	232.5	n/a	345.0	325.0	4.79	278.0
161.074	0.146	fixation	n/a	340.7	322.1	3933.0	n/a	n/a	n/a	n/a
161.222	0.022	saccade	n/a	338.9	320.1	n/a	310.3	304.3	1.2	95.0
161.246	0.184	fixation	n/a	315.6	306.7	3913.0	n/a	n/a	n/a	n/a
161.432	0.03	saccade	n/a	315.4	302.5	n/a	332.5	221.6	3.07	172.0
161.464	0.266	fixation	n/a	328.3	227.7	3777.0	n/a	n/a	n/a	n/a
161.732	0.026	saccade	n/a	331.1	225.9	n/a	394.7	225.0	2.33	146.0
161.76	0.204	fixation	n/a	390.8	226.1	3702.0	n/a	n/a	n/a	n/a
161.966	0.032	saccade	n/a	391.2	227.4	n/a	311.2	217.7	2.96	205.0
162.0	0.226	fixation	n/a	314.5	220.4	3701.0	n/a	n/a	n/a	n/a
162.228	0.038	saccade	n/a	314.4	219.7	n/a	446.8	221.7	4.86	230.0
162.268	0.046	fixation	n/a	439.0	224.2	3702.0	n/a	n/a	n/a	n/a
162.316	0.03	saccade	n/a	439.3	223.8	n/a	515.1	224.3	2.78	185.0
162.348	0.144	fixation	n/a	509.6	227.0	3726.0	n/a	n/a	n/a	n/a
162.494	0.032	saccade	n/a	511.3	229.6	n/a	586.6	230.5	2.75	158.0
162.528	0.138	fixation	n/a	579.0	233.6	3770.0	n/a	n/a	n/a	n/a
162.668	0.068	saccade	n/a	579.6	234.4	n/a	177.1	277.5	14.67	412.0
162.738	0.12	fixation	n/a	179.4	279.0	3889.0	n/a	n/a	n/a	n/a
162.86	0.022	saccade	n/a	175.0	279.9	n/a	144.4	279.7	1.1	88.0
162.884	0.18	fixation	n/a	150.8	284.4	3904.0	n/a	n/a	n/a	n/a
163.066	0.03	saccade	n/a	151.9	287.2	n/a	223.0	289.8	2.57	172.0
163.098	0.118	fixation	n/a	216.6	290.3	3970.0	n/a	n/a	n/a	n/a
163.218	0.03	saccade	n/a	219.2	290.1	n/a	304.4	282.4	3.12	201.0
163.25	0.048	fixation	n/a	298.2	286.3	3965.0	n/a	n/a	n/a	n/a
163.3	0.032	saccade	n/a	299.0	288.5	n/a	383.8	285.2	3.12	214.0
163.334	0.254	fixation	n/a	377.1	286.4	3946.0	n/a	n/a	n/a	n/a
163.59	0.182	saccade	n/a	377.6	283.9	n/a	581.0	545.2	12.18	1063.0
163.622	0.058	blink	n/a	n/a	n/a	n/a	n/a	n/a	n/a	n/a
163.774	0.13	fixation	n/a	574.4	552.9	4097.0	n/a	n/a	n/a	n/a
163.906	0.028	saccade	n/a	577.4	555.5	n/a	645.4	536.9	2.54	167.0
163.936	0.228	fixation	n/a	638.5	539.9	4112.0	n/a	n/a	n/a	n/a
164.166	0.014	saccade	n/a	637.6	539.1	n/a	623.5	531.7	0.57	54.0
164.182	0.168	fixation	n/a	628.9	537.2	4041.0	n/a	n/a	n/a	n/a
164.352	0.074	saccade	n/a	627.5	541.5	n/a	254.4	528.5	13.48	421.0
164.428	0.108	fixation	n/a	247.7	530.0	3992.0	n/a	n/a	n/a	n/a
164.538	0.03	saccade	n/a	245.5	530.9	n/a	177.7	525.6	2.45	176.0
164.57	0.22	fixation	n/a	180.0	527.9	4024.0	n/a	n/a	n/a	n/a
164.792	0.038	saccade	n/a	174.8	528.8	n/a	299.3	527.2	4.5	244.0
164.832	0.328	fixation	n/a	292.4	530.2	4065.0	n/a	n/a	n/a	n/a
165.162	0.034	saccade	n/a	295.2	533.1	n/a	394.7	530.7	3.63	200.0
165.198	0.254	fixation	n/a	386.5	533.2	4047.0	n/a	n/a	n/a	n/a
165.454	0.028	saccade	n/a	388.8	532.8	n/a	458.6	533.7	2.56	160.0
165.484	0.266	fixation	n/a	452.3	533.5	3971.0	n/a	n/a	n/a	n/a
165.752	0.146	saccade	n/a	451.0	532.1	n/a	549.9	539.7	3.62	581.0
165.784	0.058	blink	n/a	n/a	n/a	n/a	n/a	n/a	n/a	n/a
165.9	0.3	fixation	n/a	541.9	542.4	3918.0	n/a	n/a	n/a	n/a
166.202	0.034	saccade	n/a	541.7	543.8	n/a	640.6	545.9	3.58	190.0
166.238	0.18	fixation	n/a	631.8	547.0	3899.0	n/a	n/a	n/a	n/a
166.42	0.02	saccade	n/a	634.6	547.3	n/a	671.0	542.6	1.32	93.0
166.442	0.322	fixation	n/a	664.4	545.0	3964.0	n/a	n/a	n/a	n/a
166.766	0.032	saccade	n/a	663.2	544.7	n/a	586.9	536.2	2.76	218.0
166.8	0.224	fixation	n/a	592.1	537.7	4138.0	n/a	n/a	n/a	n/a
167.026	0.02	saccade	n/a	591.8	539.0	n/a	624.3	536.8	1.17	83.0
167.048	0.118	fixation	n/a	615.5	539.3	4193.0	n/a	n/a	n/a	n/a
167.168	0.132	saccade	n/a	612.7	542.0	n/a	384.8	257.5	13.4	1082.0
167.198	0.054	blink	n/a	n/a	n/a	n/a	n/a	n/a	n/a	n/a
167.302	0.196	fixation	n/a	382.7	273.5	4249.0	n/a	n/a	n/a	n/a
167.5	0.016	saccade	n/a	386.1	277.7	n/a	402.1	289.2	0.73	58.0
167.518	0.406	fixation	n/a	399.2	290.7	4209.0	n/a	n/a	n/a	n/a
167.716	0.0	trigger_11	11	n/a	n/a	n/a	n/a	n/a	n/a	n/a
167.774	0.0	trigger_12	12	n/a	n/a	n/a	n/a	n/a	n/a	n/a
167.926	0.044	saccade	n/a	401.3	291.8	n/a	270.8	200.7	5.85	297.0
167.972	0.024	fixation	n/a	278.2	204.4	4078.0	n/a	n/a	n/a	n/a
167.998	0.04	saccade	n/a	277.1	203.7	n/a	147.6	163.5	4.89	280.0
168.04	0.316	fixation	n/a	147.1	162.4	4032.0	n/a	n/a	n/a	n/a
168.358	0.032	saccade	n/a	142.2	159.1	n/a	231.9	160.6	3.21	197.0
168.392	0.142	fixation	n/a	225.9	162.9	3961.0	n/a	n/a	n/a	n/a
168.536	0.034	saccade	n/a	227.6	164.1	n/a	324.2	165.9	3.51	205.0
168.572	0.112	fixation	n/a	317.7	165.5	3912.0	n/a	n/a	n/a	n/a
168.686	0.03	saccade	n/a	318.1	164.0	n/a	383.0	163.7	2.37	160.0
168.718	0.134	fixation	n/a	378.1	164.4	3888.0	n/a	n/a	n/a	n/a
168.854	0.04	saccade	n/a	378.9	164.8	n/a	513.1	166.9	4.91	243.0
168.896	0.278	fixation	n/a	506.7	169.5	3799.0	n/a	n/a	n/a	n/a
169.176	0.15	saccade	n/a	506.1	174.1	n/a	542.7	162.8	1.4	1100.0
169.21	0.06	blink	n/a	n/a	n/a	n/a	n/a	n/a	n/a	n/a
169.328	0.024	fixation	n/a	540.7	163.5	3814.0	n/a	n/a	n/a	n/a
169.354	0.022	saccade	n/a	542.6	168.8	n/a	598.1	173.9	2.02	122.0
169.378	0.34	fixation	n/a	593.3	180.8	3716.0	n/a	n/a	n/a	n/a
169.72	0.072	saccade	n/a	593.3	183.7	n/a	144.5	224.6	16.18	385.0
169.794	0.428	fixation	n/a	151.4	230.6	3853.0	n/a	n/a	n/a	n/a
170.224	0.038	saccade	n/a	153.2	232.2	n/a	280.6	229.4	4.6	248.0
170.264	0.236	fixation	n/a	275.8	230.7	3805.0	n/a	n/a	n/a	n/a
170.502	0.03	saccade	n/a	280.6	232.0	n/a	372.0	232.1	3.35	194.0
170.534	0.094	fixation	n/a	367.5	233.4	3772.0	n/a	n/a	n/a	n/a
170.63	0.034	saccade	n/a	369.9	234.8	n/a	479.8	232.8	4.04	229.0
170.666	0.112	fixation	n/a	474.3	234.8	3734.0	n/a	n/a	n/a	n/a
170.78	0.044	saccade	n/a	477.0	233.7	n/a	625.9	236.4	5.44	250.0
170.826	0.268	fixation	n/a	623.4	238.1	3649.0	n/a	n/a	n/a	n/a
171.096	0.07	saccade	n/a	629.6	240.1	n/a	194.7	289.9	15.84	425.0
171.168	0.208	fixation	n/a	192.4	292.9	3685.0	n/a	n/a	n/a	n/a
171.378	0.016	saccade	n/a	186.4	295.1	n/a	166.4	292.2	0.73	59.0
171.396	0.096	fixation	n/a	169.3	293.9	3718.0	n/a	n/a	n/a	n/a
171.494	0.036	saccade	n/a	169.6	295.3	n/a	274.3	292.7	3.79	226.0
171.532	0.142	fixation	n/a	269.1	294.3	3803.0	n/a	n/a	n/a	n/a
171.676	0.034	saccade	n/a	270.1	295.4	n/a	374.4	294.6	3.82	232.0
171.712	0.226	fixation	n/a	367.0	297.2	3859.0	n/a	n/a	n/a	n/a
171.94	0.038	saccade	n/a	368.8	299.7	n/a	480.9	299.6	4.12	215.0
171.98	0.056	fixation	n/a	472.1	300.4	3823.0	n/a	n/a	n/a	n/a
172.038	0.03	saccade	n/a	473.1	299.4	n/a	541.3	296.5	2.51	160.0
172.07	0.172	fixation	n/a	534.4	298.2	3750.0	n/a	n/a	n/a	n/a
172.244	0.026	saccade	n/a	535.4	299.6	n/a	585.8	296.3	1.85	121.0
172.272	0.08	fixation	n/a	579.1	299.2	3703.0	n/a	n/a	n/a	n/a
172.354	0.068	saccade	n/a	579.3	299.8	n/a	192.4	351.5	14.17	383.0
172.424	0.17	fixation	n/a	193.8	352.1	3803.0	n/a	n/a	n/a	n/a
172.596	0.018	saccade	n/a	188.6	353.0	n/a	158.6	351.5	1.08	80.0
172.616	0.244	fixation	n/a	163.3	353.8	3778.0	n/a	n/a	n/a	n/a
172.862	0.042	saccade	n/a	162.7	354.7	n/a	305.7	351.0	5.2	250.0
172.906	0.268	fixation	n/a	304.2	352.2	3786.0	n/a	n/a	n/a	n/a
173.176	0.03	saccade	n/a	308.7	353.9	n/a	397.9	354.2	3.27	177.0
173.208	0.26	fixation	n/a	395.5	357.9	3767.0	n/a	n/a	n/a	n/a
173.47	0.022	saccade	n/a	398.8	359.9	n/a	446.4	357.4	1.75	112.0
173.494	0.134	fixation	n/a	442.2	359.3	3694.0	n/a	n/a	n/a	n/a
173.63	0.032	saccade	n/a	442.6	361.4	n/a	543.3	364.2	3.7	194.0
173.664	0.154	fixation	n/a	535.7	363.9	3613.0	n/a	n/a	n/a	n/a
173.82	0.018	saccade	n/a	539.0	363.8	n/a	566.0	366.9	1.0	74.0
173.84	0.024	fixation	n/a	561.7	367.7	3602.0	n/a	n/a	n/a	n/a
173.866	0.16	saccade	n/a	560.5	366.9	n/a	573.0	363.1	0.48	1076.0
173.898	0.078	blink	n/a	n/a	n/a	n/a	n/a	n/a	n/a	n/a
174.028	0.102	fixation	n/a	567.9	367.5	3602.0	n/a	n/a	n/a	n/a
174.132	0.048	saccade	n/a	565.7	370.6	n/a	638.3	569.9	7.81	336.0
174.182	0.202	fixation	n/a	635.4	572.0	3686.0	n/a	n/a	n/a	n/a
174.386	0.014	saccade	n/a	635.8	570.6	n/a	642.0	555.0	0.61	52.0
174.402	0.118	fixation	n/a	641.3	560.8	3752.0	n/a	n/a	n/a	n/a
174.522	0.156	saccade	n/a	642.8	556.2	n/a	394.4	213.4	15.52	881.0
174.556	0.07	blink	n/a	n/a	n/a	n/a	n/a	n/a	n/a	n/a
174.68	0.292	fixation	n/a	389.9	232.0	3672.0	n/a	n/a	n/a	n/a
174.974	0.042	saccade	n/a	385.2	230.9	n/a	247.1	181.3	5.36	256.0
175.018	0.116	fixation	n/a	254.5	185.9	3730.0	n/a	n/a	n/a	n/a
175.136	0.032	saccade	n/a	252.7	184.6	n/a	169.0	155.1	3.2	198.0
175.17	0.142	fixation	n/a	177.4	159.0	3738.0	n/a	n/a	n/a	n/a
175.314	0.028	saccade	n/a	174.2	160.6	n/a	115.7	157.5	2.08	149.0
175.344	0.3	fixation	n/a	124.6	162.8	3715.0	n/a	n/a	n/a	n/a
175.646	0.024	saccade	n/a	127.5	165.3	n/a	177.5	164.8	1.78	106.0
175.672	0.128	fixation	n/a	171.1	166.8	3767.0	n/a	n/a	n/a	n/a
175.802	0.14	saccade	n/a	172.7	172.4	n/a	488.0	349.4	13.18	1694.0
175.85	0.042	blink	n/a	n/a	n/a	n/a	n/a	n/a	n/a	n/a
175.944	0.214	fixation	n/a	488.7	351.0	3931.0	n/a	n/a	n/a	n/a
176.16	0.074	saccade	n/a	489.9	355.5	n/a	146.6	166.7	14.2	413.0
176.236	0.128	fixation	n/a	152.8	171.5	3937.0	n/a	n/a	n/a	n/a
176.366	0.022	saccade	n/a	152.6	172.4	n/a	127.4	159.7	1.01	95.0
176.39	0.19	fixation	n/a	135.0	162.6	3853.0	n/a	n/a	n/a	n/a
176.582	0.028	saccade	n/a	136.9	161.6	n/a	196.2	158.3	2.12	138.0
176.612	0.302	fixation	n/a	189.5	160.1	3818.0	n/a	n/a	n/a	n/a
176.916	0.022	saccade	n/a	192.6	161.5	n/a	243.8	156.4	1.85	114.0
176.94	0.276	fixation	n/a	238.8	162.0	3809.0	n/a	n/a	n/a	n/a
177.218	0.032	saccade	n/a	242.4	166.5	n/a	334.0	162.8	3.33	178.0
177.252	0.268	fixation	n/a	333.3	167.5	3800.0	n/a	n/a	n/a	n/a
177.522	0.022	saccade	n/a	340.3	169.5	n/a	378.1	169.7	1.38	94.0
177.546	0.176	fixation	n/a	374.0	171.9	3802.0	n/a	n/a	n/a	n/a
177.724	0.028	saccade	n/a	377.1	170.0	n/a	456.9	168.2	2.92	140.0
177.754	0.27	fixation	n/a	455.5	171.7	3710.0	n/a	n/a	n/a	n/a
178.026	0.024	saccade	n/a	454.8	174.0	n/a	508.5	173.8	1.96	124.0
178.052	0.186	fixation	n/a	503.6	173.9	3595.0	n/a	n/a	n/a	n/a
178.24	0.028	saccade	n/a	503.5	178.6	n/a	580.8	178.2	2.82	145.0
178.27	0.488	fixation	n/a	591.8	181.5	3480.0	n/a	n/a	n/a	n/a
178.76	0.028	saccade	n/a	599.8	182.5	n/a	510.0	174.2	3.28	193.0
178.79	0.048	fixation	n/a	506.7	176.6	3560.0	n/a	n/a	n/a	n/a
178.84	0.026	saccade	n/a	506.3	177.5	n/a	466.9	172.5	1.45	119.0
178.868	0.076	fixation	n/a	469.3	173.1	3595.0	n/a	n/a	n/a	n/a
178.946	0.056	saccade	n/a	467.0	174.2	n/a	194.2	170.1	9.89	360.0
179.004	0.138	fixation	n/a	198.7	173.3	3703.0	n/a	n/a	n/a	n/a
179.144	0.026	saccade	n/a	196.8	176.5	n/a	142.0	182.6	1.97	126.0
179.172	0.15	fixation	n/a	149.6	183.4	3796.0	n/a	n/a	n/a	n/a
179.324	0.022	saccade	n/a	147.8	186.1	n/a	131.1	217.3	1.28	85.0
179.348	0.2	fixation	n/a	134.9	213.4	3882.0	n/a	n/a	n/a	n/a
179.55	0.142	saccade	n/a	136.2	218.2	n/a	210.2	224.0	2.66	822.0
179.594	0.028	blink	n/a	n/a	n/a	n/a	n/a	n/a	n/a	n/a
179.694	0.11	fixation	n/a	214.9	226.0	3940.0	n/a	n/a	n/a	n/a
179.806	0.03	saccade	n/a	217.7	229.8	n/a	290.5	234.2	2.66	167.0
179.838	0.148	fixation	n/a	283.9	236.0	3873.0	n/a	n/a	n/a	n/a
179.988	0.026	saccade	n/a	288.1	236.4	n/a	352.1	235.0	2.34	143.0
180.016	0.118	fixation	n/a	346.0	237.4	3878.0	n/a	n/a	n/a	n/a
180.136	0.026	saccade	n/a	348.9	238.5	n/a	412.7	238.4	2.35	145.0
180.164	0.094	fixation	n/a	406.2	241.4	3852.0	n/a	n/a	n/a	n/a
180.26	0.046	saccade	n/a	405.7	243.1	n/a	567.0	244.2	5.91	254.0
180.308	0.194	fixation	n/a	560.0	246.6	3767.0	n/a	n/a	n/a	n/a
180.504	0.018	saccade	n/a	563.9	247.6	n/a	592.0	245.3	1.03	78.0
180.524	0.088	fixation	n/a	588.2	248.4	3714.0	n/a	n/a	n/a	n/a
180.614	0.022	saccade	n/a	589.4	248.9	n/a	627.6	240.9	1.42	90.0
180.638	0.11	fixation	n/a	627.0	240.2	3636.0	n/a	n/a	n/a	n/a
180.75	0.072	saccade	n/a	627.0	239.9	n/a	181.8	283.0	16.15	408.0
180.824	0.12	fixation	n/a	182.3	283.6	3659.0	n/a	n/a	n/a	n/a
180.946	0.024	saccade	n/a	178.4	285.8	n/a	140.6	291.3	1.37	110.0
180.972	0.17	fixation	n/a	145.5	293.3	3632.0	n/a	n/a	n/a	n/a
181.144	0.032	saccade	n/a	146.9	294.3	n/a	228.9	297.4	2.96	178.0
181.178	0.244	fixation	n/a	226.1	299.1	3655.0	n/a	n/a	n/a	n/a
181.424	0.022	saccade	n/a	227.2	299.5	n/a	273.8	294.0	1.71	110.0
181.448	0.082	fixation	n/a	270.1	296.6	3579.0	n/a	n/a	n/a	n/a
181.532	0.15	saccade	n/a	270.8	299.8	n/a	344.5	291.3	2.72	834.0
181.57	0.052	blink	n/a	n/a	n/a	n/a	n/a	n/a	n/a	n/a
181.684	0.196	fixation	n/a	345.0	293.5	3513.0	n/a	n/a	n/a	n/a
181.882	0.028	saccade	n/a	345.5	299.8	n/a	404.5	302.1	2.17	135.0
181.912	0.16	fixation	n/a	397.5	302.2	3530.0	n/a	n/a	n/a	n/a
182.074	0.02	saccade	n/a	400.1	303.4	n/a	432.1	301.4	1.18	81.0
182.096	0.196	fixation	n/a	427.2	303.3	3553.0	n/a	n/a	n/a	n/a
182.294	0.026	saccade	n/a	430.0	304.7	n/a	497.2	296.7	2.49	125.0
182.322	0.138	fixation	n/a	493.8	298.8	3535.0	n/a	n/a	n/a	n/a
182.462	0.026	saccade	n/a	495.7	299.9	n/a	548.4	299.3	1.93	130.0
182.49	0.09	fixation	n/a	542.3	300.1	3531.0	n/a	n/a	n/a	n/a
182.582	0.024	saccade	n/a	543.8	301.3	n/a	591.0	297.5	1.73	114.0
182.608	0.116	fixation	n/a	584.6	299.8	3541.0	n/a	n/a	n/a	n/a
182.726	0.07	saccade	n/a	581.4	299.0	n/a	157.7	342.7	15.41	412.0
182.798	0.136	fixation	n/a	163.8	343.6	3713.0	n/a	n/a	n/a	n/a
182.936	0.024	saccade	n/a	162.8	345.7	n/a	129.7	352.6	1.21	98.0
182.962	0.128	fixation	n/a	137.4	355.2	3768.0	n/a	n/a	n/a	n/a
183.092	0.188	saccade	n/a	137.4	358.1	n/a	265.5	343.6	4.65	722.0
183.134	0.042	blink	n/a	n/a	n/a	n/a	n/a	n/a	n/a	n/a
183.282	0.168	fixation	n/a	260.1	361.9	3869.0	n/a	n/a	n/a	n/a
183.452	0.014	saccade	n/a	259.8	365.2	n/a	244.8	365.8	0.55	50.0
183.468	0.066	fixation	n/a	250.5	364.8	3871.0	n/a	n/a	n/a	n/a
183.536	0.018	saccade	n/a	248.3	364.1	n/a	219.6	362.6	1.05	79.0
183.556	0.248	fixation	n/a	223.1	363.7	3877.0	n/a	n/a	n/a	n/a
183.806	0.04	saccade	n/a	222.9	363.9	n/a	358.7	359.3	4.97	229.0
183.848	0.292	fixation	n/a	347.8	363.7	3876.0	n/a	n/a	n/a	n/a
184.142	0.026	saccade	n/a	342.2	368.6	n/a	394.1	367.8	1.91	127.0
184.17	0.216	fixation	n/a	388.6	371.8	3866.0	n/a	n/a	n/a	n/a
184.388	0.166	saccade	n/a	390.8	373.4	n/a	524.5	367.3	4.93	954.0
184.42	0.076	blink	n/a	n/a	n/a	n/a	n/a	n/a	n/a	n/a
184.556	0.146	fixation	n/a	521.7	373.9	3797.0	n/a	n/a	n/a	n/a
184.704	0.044	saccade	n/a	520.7	381.4	n/a	570.8	563.3	6.99	322.0
184.75	0.12	fixation	n/a	569.8	559.4	3802.0	n/a	n/a	n/a	n/a
184.872	0.032	saccade	n/a	571.2	564.0	n/a	650.0	553.8	2.87	182.0
184.906	0.166	fixation	n/a	644.9	557.8	3764.0	n/a	n/a	n/a	n/a
185.074	0.018	saccade	n/a	649.9	560.6	n/a	673.0	555.7	0.85	64.0
185.094	0.078	fixation	n/a	669.3	557.6	3703.0	n/a	n/a	n/a	n/a
185.174	0.188	saccade	n/a	673.6	552.7	n/a	538.6	378.3	8.09	858.0
185.212	0.092	blink	n/a	n/a	n/a	n/a	n/a	n/a	n/a	n/a
185.364	0.19	fixation	n/a	529.8	385.5	3658.0	n/a	n/a	n/a	n/a
185.556	0.032	saccade	n/a	527.8	389.8	n/a	450.9	362.7	3.01	210.0
185.566	0.0	trigger_13	13	n/a	n/a	n/a	n/a	n/a	n/a	n/a
185.59	0.184	fixation	n/a	458.9	364.4	3722.0	n/a	n/a	n/a	n/a
185.628	0.0	trigger_10	10	n/a	n/a	n/a	n/a	n/a	n/a	n/a
185.776	0.054	saccade	n/a	458.0	363.1	n/a	259.8	161.3	10.42	428.0
185.832	0.068	fixation	n/a	264.0	164.2	3733.0	n/a	n/a	n/a	n/a
185.902	0.046	saccade	n/a	262.4	164.1	n/a	171.0	169.6	3.3	269.0
185.95	0.096	fixation	n/a	164.7	169.5	3780.0	n/a	n/a	n/a	n/a
186.048	0.018	saccade	n/a	160.6	168.4	n/a	133.5	159.9	1.01	77.0
186.068	0.182	fixation	n/a	141.1	161.8	3781.0	n/a	n/a	n/a	n/a
186.252	0.018	saccade	n/a	137.3	158.5	n/a	110.7	151.7	0.97	74.0
186.272	0.192	fixation	n/a	121.5	155.4	3820.0	n/a	n/a	n/a	n/a
186.466	0.036	saccade	n/a	126.0	158.0	n/a	250.9	158.4	4.46	253.0
186.504	0.244	fixation	n/a	246.6	161.2	3923.0	n/a	n/a	n/a	n/a
186.75	0.03	saccade	n/a	252.2	163.4	n/a	327.6	161.5	2.73	169.0
186.782	0.474	fixation	n/a	323.0	167.4	3949.0	n/a	n/a	n/a	n/a
187.258	0.022	saccade	n/a	326.0	172.1	n/a	374.6	173.2	1.78	115.0
187.282	0.206	fixation	n/a	369.9	174.4	3872.0	n/a	n/a	n/a	n/a
187.49	0.168	saccade	n/a	370.3	172.4	n/a	397.9	167.1	1.03	1048.0
187.526	0.066	blink	n/a	n/a	n/a	n/a	n/a	n/a	n/a	n/a
187.66	0.034	fixation	n/a	397.9	156.8	4047.0	n/a	n/a	n/a	n/a
187.696	0.02	saccade	n/a	399.7	158.9	n/a	436.4	160.3	1.35	91.0
187.718	0.158	fixation	n/a	431.9	171.6	3983.0	n/a	n/a	n/a	n/a
187.878	0.028	saccade	n/a	431.8	172.6	n/a	489.0	171.4	2.1	132.0
187.908	0.31	fixation	n/a	475.8	171.0	3947.0	n/a	n/a	n/a	n/a
188.22	0.024	saccade	n/a	474.4	172.7	n/a	530.9	169.5	2.07	123.0
188.246	0.262	fixation	n/a	523.3	172.8	3855.0	n/a	n/a	n/a	n/a
188.51	0.024	saccade	n/a	524.9	176.0	n/a	580.5	175.4	2.02	119.0
188.536	0.25	fixation	n/a	575.8	178.9	3843.0	n/a	n/a	n/a	n/a
188.788	0.026	saccade	n/a	575.5	181.2	n/a	527.7	179.4	1.74	129.0
188.816	0.084	fixation	n/a	534.2	181.1	3864.0	n/a	n/a	n/a	n/a
188.902	0.022	saccade	n/a	536.8	181.7	n/a	582.0	183.1	1.65	113.0
188.926	0.142	fixation	n/a	580.5	186.3	3859.0	n/a	n/a	n/a	n/a
189.07	0.076	saccade	n/a	586.8	189.6	n/a	184.3	225.4	14.62	427.0
189.148	0.102	fixation	n/a	176.6	229.3	3993.0	n/a	n/a	n/a	n/a
189.252	0.026	saccade	n/a	173.7	231.4	n/a	129.1	230.0	1.6	135.0
189.28	0.212	fixation	n/a	134.7	233.7	3989.0	n/a	n/a	n/a	n/a
189.494	0.026	saccade	n/a	136.3	236.4	n/a	187.8	240.0	1.85	134.0
189.522	0.226	fixation	n/a	181.5	239.7	3967.0	n/a	n/a	n/a	n/a
189.75	0.028	saccade	n/a	185.8	237.2	n/a	269.8	231.1	3.05	173.0
189.78	0.278	fixation	n/a	265.2	231.3	3901.0	n/a	n/a	n/a	n/a
190.06	0.036	saccade	n/a	267.2	230.5	n/a	375.8	189.7	4.24	218.0
190.098	0.052	fixation	n/a	368.5	190.8	3879.0	n/a	n/a	n/a	n/a
190.152	0.026	saccade	n/a	369.7	189.7	n/a	406.7	167.2	1.59	120.0
190.18	0.186	fixation	n/a	405.2	171.6	3912.0	n/a	n/a	n/a	n/a
190.368	0.024	saccade	n/a	405.9	174.4	n/a	361.1	171.8	1.64	122.0
190.394	0.232	fixation	n/a	368.3	174.4	3964.0	n/a	n/a	n/a	n/a
190.628	0.04	saccade	n/a	367.2	176.9	n/a	243.2	244.2	5.15	264.0
190.67	0.158	fixation	n/a	246.2	242.1	4076.0	n/a	n/a	n/a	n/a
190.83	0.028	saccade	n/a	244.1	243.8	n/a	187.8	230.1	2.09	142.0
190.86	0.124	fixation	n/a	195.6	233.8	4129.0	n/a	n/a	n/a	n/a
190.986	0.134	saccade	n/a	194.3	238.9	n/a	528.1	556.0	16.8	1002.0
191.026	0.042	blink	n/a	n/a	n/a	n/a	n/a	n/a	n/a	n/a
191.122	0.116	fixation	n/a	525.9	569.2	4159.0	n/a	n/a	n/a	n/a
191.24	0.034	saccade	n/a	529.2	572.7	n/a	620.9	554.6	3.39	186.0
191.276	0.274	fixation	n/a	613.9	552.8	4123.0	n/a	n/a	n/a	n/a
191.552	0.018	saccade	n/a	612.4	551.1	n/a	586.9	540.0	1.01	81.0
191.572	0.342	fixation	n/a	594.7	544.4	3924.0	n/a	n/a	n/a	n/a
191.916	0.116	saccade	n/a	593.6	545.2	n/a	316.0	210.4	15.97	1052.0
191.952	0.032	blink	n/a	n/a	n/a	n/a	n/a	n/a	n/a	n/a
192.034	0.194	fixation	n/a	311.5	221.8	3979.0	n/a	n/a	n/a	n/a
192.23	0.026	saccade	n/a	308.5	222.0	n/a	264.6	226.6	1.61	119.0
192.258	0.148	fixation	n/a	269.6	227.5	3999.0	n/a	n/a	n/a	n/a
192.408	0.03	saccade	n/a	266.0	227.2	n/a	192.5	226.3	2.66	172.0
192.44	0.196	fixation	n/a	200.3	227.4	3994.0	n/a	n/a	n/a	n/a
192.638	0.056	saccade	n/a	200.2	235.2	n/a	348.0	535.6	12.32	446.0
192.696	0.156	fixation	n/a	349.2	540.4	4065.0	n/a	n/a	n/a	n/a
192.854	0.04	saccade	n/a	351.6	544.5	n/a	483.7	543.3	4.84	252.0
192.896	0.116	fixation	n/a	476.1	544.9	4052.0	n/a	n/a	n/a	n/a
193.014	0.032	saccade	n/a	478.2	546.0	n/a	558.7	537.8	2.95	196.0
193.048	0.21	fixation	n/a	552.9	541.7	3978.0	n/a	n/a	n/a	n/a
193.26	0.026	saccade	n/a	558.0	544.9	n/a	603.4	544.2	1.65	126.0
193.288	0.224	fixation	n/a	600.0	548.3	3919.0	n/a	n/a	n/a	n/a
193.514	0.056	saccade	n/a	600.9	552.8	n/a	292.7	514.7	11.25	388.0
193.572	0.08	fixation	n/a	297.4	526.3	3958.0	n/a	n/a	n/a	n/a
193.654	0.038	saccade	n/a	292.6	528.0	n/a	158.0	531.0	4.84	276.0
193.694	0.072	fixation	n/a	164.7	530.7	3973.0	n/a	n/a	n/a	n/a
193.768	0.02	saccade	n/a	161.5	531.0	n/a	136.3	528.9	0.9	81.0
193.79	0.188	fixation	n/a	145.8	530.6	4013.0	n/a	n/a	n/a	n/a
193.98	0.028	saccade	n/a	149.8	530.7	n/a	215.6	527.8	2.36	163.0
194.01	0.206	fixation	n/a	210.5	531.2	4038.0	n/a	n/a	n/a	n/a
194.218	0.032	saccade	n/a	215.8	534.5	n/a	314.3	532.0	3.56	211.0
194.252	0.366	fixation	n/a	305.5	536.5	3894.0	n/a	n/a	n/a	n/a
194.62	0.026	saccade	n/a	303.9	538.2	n/a	364.6	537.3	2.22	144.0
194.648	0.176	fixation	n/a	357.1	538.5	3796.0	n/a	n/a	n/a	n/a
194.826	0.036	saccade	n/a	358.1	536.9	n/a	473.6	537.6	4.23	205.0
194.864	0.6	fixation	n/a	458.3	539.6	3851.0	n/a	n/a	n/a	n/a
195.466	0.034	saccade	n/a	452.3	540.5	n/a	549.4	547.7	3.56	178.0
195.502	0.312	fixation	n/a	537.5	550.2	3929.0	n/a	n/a	n/a	n/a
195.816	0.136	saccade	n/a	536.5	551.4	n/a	295.6	265.5	13.76	1003.0
195.85	0.056	blink	n/a	n/a	n/a	n/a	n/a	n/a	n/a	n/a
195.954	0.146	fixation	n/a	293.9	278.3	4051.0	n/a	n/a	n/a	n/a
196.102	0.034	saccade	n/a	291.6	277.4	n/a	208.7	234.9	3.4	222.0
196.138	0.14	fixation	n/a	215.6	237.1	3981.0	n/a	n/a	n/a	n/a
196.28	0.036	saccade	n/a	215.7	236.9	n/a	125.9	206.8	3.4	215.0
196.318	0.23	fixation	n/a	132.0	208.5	3901.0	n/a	n/a	n/a	n/a
196.55	0.024	saccade	n/a	133.9	209.5	n/a	172.7	222.2	1.46	105.0
196.576	0.052	fixation	n/a	165.3	220.1	3880.0	n/a	n/a	n/a	n/a
196.63	0.032	saccade	n/a	163.7	218.4	n/a	111.7	151.7	3.05	214.0
196.664	0.276	fixation	n/a	117.9	160.1	3858.0	n/a	n/a	n/a	n/a
196.942	0.172	saccade	n/a	119.4	162.8	n/a	191.8	177.4	2.63	723.0
196.99	0.046	blink	n/a	n/a	n/a	n/a	n/a	n/a	n/a	n/a
197.116	0.044	fixation	n/a	195.3	167.9	3919.0	n/a	n/a	n/a	n/a
197.162	0.032	saccade	n/a	198.6	161.7	n/a	288.3	173.0	3.26	195.0
197.196	0.532	fixation	n/a	274.0	175.3	3798.0	n/a	n/a	n/a	n/a
197.73	0.034	saccade	n/a	265.4	173.2	n/a	360.4	175.2	3.46	216.0
197.766	0.234	fixation	n/a	355.2	176.2	3717.0	n/a	n/a	n/a	n/a
198.002	0.024	saccade	n/a	358.0	177.9	n/a	406.0	178.3	1.76	118.0
198.028	0.132	fixation	n/a	400.8	179.6	3702.0	n/a	n/a	n/a	n/a
198.162	0.02	saccade	n/a	403.5	177.6	n/a	434.8	176.3	1.15	84.0
198.184	0.054	fixation	n/a	429.5	178.3	3690.0	n/a	n/a	n/a	n/a
198.24	0.028	saccade	n/a	427.5	179.7	n/a	368.8	171.3	2.17	147.0
198.27	0.148	fixation	n/a	374.2	173.9	3709.0	n/a	n/a	n/a	n/a
198.42	0.042	saccade	n/a	374.2	173.7	n/a	525.7	177.0	5.54	255.0
198.464	0.298	fixation	n/a	522.2	177.7	3724.0	n/a	n/a	n/a	n/a
198.764	0.024	saccade	n/a	525.1	178.4	n/a	567.6	179.6	1.55	107.0
198.79	0.088	fixation	n/a	559.6	180.3	3831.0	n/a	n/a	n/a	n/a
198.88	0.02	saccade	n/a	560.9	182.4	n/a	597.5	179.5	1.33	93.0
198.902	0.092	fixation	n/a	591.1	180.9	3862.0	n/a	n/a	n/a	n/a
198.996	0.066	saccade	n/a	589.7	180.9	n/a	187.2	222.4	14.61	419.0
199.064	0.32	fixation	n/a	186.1	228.0	4029.0	n/a	n/a	n/a	n/a
199.386	0.13	saccade	n/a	182.1	235.8	n/a	176.6	189.5	1.71	914.0
199.428	0.032	blink	n/a	n/a	n/a	n/a	n/a	n/a	n/a	n/a
199.518	0.084	fixation	n/a	178.8	192.2	4133.0	n/a	n/a	n/a	n/a
199.604	0.068	saccade	n/a	179.5	200.5	n/a	511.4	574.7	18.24	569.0
199.674	0.112	fixation	n/a	512.4	576.8	4205.0	n/a	n/a	n/a	n/a
199.788	0.03	saccade	n/a	518.6	578.8	n/a	572.1	541.2	2.39	171.0
199.82	0.128	fixation	n/a	569.4	545.5	4245.0	n/a	n/a	n/a	n/a
199.95	0.028	saccade	n/a	572.2	544.3	n/a	624.4	535.9	1.92	143.0
199.98	0.208	fixation	n/a	616.7	539.8	4152.0	n/a	n/a	n/a	n/a
200.19	0.15	saccade	n/a	617.8	539.0	n/a	601.0	528.4	0.72	719.0
200.226	0.06	blink	n/a	n/a	n/a	n/a	n/a	n/a	n/a	n/a
200.342	0.364	fixation	n/a	583.6	541.3	4226.0	n/a	n/a	n/a	n/a
200.462	0.0	trigger_11	11	n/a	n/a	n/a	n/a	n/a	n/a	n/a
200.526	0.0	trigger_10	10	n/a	n/a	n/a	n/a	n/a	n/a	n/a
200.708	0.062	saccade	n/a	580.6	541.5	n/a	389.8	206.5	14.19	480.0
200.772	0.062	fixation	n/a	387.4	212.6	4234.0	n/a	n/a	n/a	n/a
200.836	0.058	saccade	n/a	383.9	210.1	n/a	206.4	154.3	6.76	365.0
200.896	0.036	fixation	n/a	202.0	155.7	4225.0	n/a	n/a	n/a	n/a
200.934	0.032	saccade	n/a	199.3	155.1	n/a	134.3	146.8	2.33	191.0
200.968	0.312	fixation	n/a	133.1	149.7	4175.0	n/a	n/a	n/a	n/a
201.282	0.134	saccade	n/a	130.9	158.9	n/a	245.5	145.1	4.12	939.0
201.322	0.038	blink	n/a	n/a	n/a	n/a	n/a	n/a	n/a	n/a
201.418	0.356	fixation	n/a	242.3	159.8	4166.0	n/a	n/a	n/a	n/a
201.776	0.024	saccade	n/a	241.6	167.4	n/a	295.2	164.8	1.94	132.0
201.802	0.158	fixation	n/a	286.6	169.2	4109.0	n/a	n/a	n/a	n/a
201.962	0.044	saccade	n/a	285.6	170.1	n/a	445.7	178.3	5.86	246.0
202.008	0.046	fixation	n/a	437.5	179.2	4035.0	n/a	n/a	n/a	n/a
202.056	0.038	saccade	n/a	438.5	180.2	n/a	562.5	185.2	4.55	254.0
202.096	0.126	fixation	n/a	558.7	187.1	3959.0	n/a	n/a	n/a	n/a
202.224	0.024	saccade	n/a	562.4	189.2	n/a	604.6	187.7	1.54	109.0
202.25	0.182	fixation	n/a	599.3	187.6	3897.0	n/a	n/a	n/a	n/a
202.434	0.082	saccade	n/a	600.5	186.4	n/a	160.3	227.8	15.94	434.0
202.518	0.184	fixation	n/a	153.3	231.6	3973.0	n/a	n/a	n/a	n/a
202.704	0.03	saccade	n/a	155.4	234.6	n/a	233.8	231.0	2.83	178.0
202.736	0.132	fixation	n/a	228.4	233.8	3968.0	n/a	n/a	n/a	n/a
202.87	0.03	saccade	n/a	231.1	234.2	n/a	306.3	231.6	2.74	181.0
202.902	0.09	fixation	n/a	300.6	233.0	3958.0	n/a	n/a	n/a	n/a
202.994	0.032	saccade	n/a	302.1	233.4	n/a	382.4	233.3	2.95	187.0
203.028	0.232	fixation	n/a	377.3	233.8	3946.0	n/a	n/a	n/a	n/a
203.262	0.152	saccade	n/a	379.5	232.0	n/a	449.0	225.0	2.57	1131.0
203.296	0.064	blink	n/a	n/a	n/a	n/a	n/a	n/a	n/a	n/a
203.416	0.13	fixation	n/a	446.7	234.3	3939.0	n/a	n/a	n/a	n/a
203.548	0.03	saccade	n/a	448.7	239.2	n/a	529.1	237.9	2.95	169.0
203.58	0.13	fixation	n/a	520.3	239.2	3897.0	n/a	n/a	n/a	n/a
203.712	0.028	saccade	n/a	523.5	240.7	n/a	593.3	238.4	2.55	160.0
203.742	0.134	fixation	n/a	586.0	240.7	3869.0	n/a	n/a	n/a	n/a
203.878	0.066	saccade	n/a	585.8	240.9	n/a	184.6	274.2	14.56	418.0
203.946	0.268	fixation	n/a	180.4	279.2	3868.0	n/a	n/a	n/a	n/a
204.216	0.03	saccade	n/a	176.0	282.5	n/a	118.0	291.0	2.09	151.0
204.248	0.224	fixation	n/a	123.0	293.0	3905.0	n/a	n/a	n/a	n/a
204.474	0.038	saccade	n/a	122.9	295.8	n/a	263.1	293.8	5.05	273.0
204.514	0.262	fixation	n/a	263.1	300.3	3926.0	n/a	n/a	n/a	n/a
204.778	0.028	saccade	n/a	269.0	304.0	n/a	334.8	305.4	2.41	153.0
204.808	0.132	fixation	n/a	329.5	307.4	3952.0	n/a	n/a	n/a	n/a
204.942	0.026	saccade	n/a	332.2	307.7	n/a	387.0	302.1	2.03	135.0
204.97	0.276	fixation	n/a	379.3	303.3	3918.0	n/a	n/a	n/a	n/a
205.248	0.024	saccade	n/a	380.4	305.8	n/a	447.5	302.4	2.48	147.0
205.274	0.318	fixation	n/a	448.2	301.8	3818.0	n/a	n/a	n/a	n/a
205.594	0.146	saccade	n/a	458.6	302.6	n/a	410.2	287.7	1.87	1171.0
205.63	0.056	blink	n/a	n/a	n/a	n/a	n/a	n/a	n/a	n/a
205.742	0.096	fixation	n/a	406.4	297.5	3840.0	n/a	n/a	n/a	n/a
205.84	0.018	saccade	n/a	404.8	304.1	n/a	374.7	302.3	1.11	81.0
205.86	0.3	fixation	n/a	376.0	302.9	3768.0	n/a	n/a	n/a	n/a
206.162	0.03	saccade	n/a	372.7	300.7	n/a	455.3	296.9	3.05	165.0
206.194	0.196	fixation	n/a	449.8	298.0	3735.0	n/a	n/a	n/a	n/a
206.392	0.054	saccade	n/a	450.5	298.0	n/a	211.0	279.7	8.78	331.0
206.448	0.234	fixation	n/a	211.9	282.0	3754.0	n/a	n/a	n/a	n/a
206.684	0.032	saccade	n/a	207.8	286.3	n/a	135.3	281.6	2.61	176.0
206.718	0.082	fixation	n/a	141.7	280.7	3736.0	n/a	n/a	n/a	n/a
206.802	0.036	saccade	n/a	140.9	280.3	n/a	218.3	212.3	3.74	235.0
206.84	0.138	fixation	n/a	214.7	217.6	3720.0	n/a	n/a	n/a	n/a
206.98	0.03	saccade	n/a	219.0	219.0	n/a	298.0	227.4	2.88	188.0
207.012	0.148	fixation	n/a	292.5	229.2	3690.0	n/a	n/a	n/a	n/a
207.162	0.03	saccade	n/a	295.3	229.5	n/a	366.6	231.8	2.61	168.0
207.194	0.062	fixation	n/a	360.9	233.6	3676.0	n/a	n/a	n/a	n/a
207.258	0.036	saccade	n/a	361.5	234.0	n/a	254.3	181.1	4.37	270.0
207.296	0.184	fixation	n/a	257.3	181.7	3674.0	n/a	n/a	n/a	n/a
207.482	0.032	saccade	n/a	257.3	183.6	n/a	342.4	219.3	3.37	208.0
207.516	0.128	fixation	n/a	337.9	219.5	3691.0	n/a	n/a	n/a	n/a
207.646	0.026	saccade	n/a	338.4	221.6	n/a	293.7	223.6	1.63	121.0
207.674	0.19	fixation	n/a	300.2	224.3	3733.0	n/a	n/a	n/a	n/a
207.866	0.038	saccade	n/a	301.2	227.6	n/a	420.2	236.4	4.37	224.0
207.906	0.19	fixation	n/a	414.8	238.4	3756.0	n/a	n/a	n/a	n/a
208.098	0.136	saccade	n/a	415.8	240.3	n/a	404.6	224.5	0.72	1128.0
208.132	0.046	blink	n/a	n/a	n/a	n/a	n/a	n/a	n/a	n/a
208.236	0.038	fixation	n/a	403.7	237.0	3839.0	n/a	n/a	n/a	n/a
208.276	0.034	saccade	n/a	401.8	243.8	n/a	313.7	232.2	3.26	209.0
208.312	0.32	fixation	n/a	314.5	234.0	3801.0	n/a	n/a	n/a	n/a
208.634	0.038	saccade	n/a	312.7	233.6	n/a	435.5	234.3	4.51	239.0
208.674	0.184	fixation	n/a	432.1	235.6	3901.0	n/a	n/a	n/a	n/a
208.86	0.03	saccade	n/a	437.3	234.7	n/a	515.8	228.9	2.89	176.0
208.892	0.138	fixation	n/a	509.4	231.6	3938.0	n/a	n/a	n/a	n/a
209.032	0.028	saccade	n/a	513.5	232.0	n/a	583.9	234.0	2.58	152.0
209.062	0.098	fixation	n/a	576.1	234.9	3923.0	n/a	n/a	n/a	n/a
209.162	0.02	saccade	n/a	579.3	234.3	n/a	616.7	231.9	1.36	98.0
209.184	0.102	fixation	n/a	609.4	234.9	3901.0	n/a	n/a	n/a	n/a
209.288	0.072	saccade	n/a	608.1	236.7	n/a	165.8	285.0	16.07	409.0
209.362	0.132	fixation	n/a	170.7	287.9	4017.0	n/a	n/a	n/a	n/a
209.496	0.024	saccade	n/a	167.3	291.0	n/a	126.2	293.3	1.47	99.0
209.522	0.244	fixation	n/a	133.9	297.2	4033.0	n/a	n/a	n/a	n/a
209.768	0.028	saccade	n/a	133.2	297.6	n/a	197.9	288.5	2.35	148.0
209.798	0.11	fixation	n/a	193.2	287.4	4080.0	n/a	n/a	n/a	n/a
209.91	0.032	saccade	n/a	194.8	284.4	n/a	145.4	228.4	2.72	188.0
209.944	0.184	fixation	n/a	152.0	232.7	4070.0	n/a	n/a	n/a	n/a
210.13	0.032	saccade	n/a	154.8	234.6	n/a	226.7	293.4	3.38	205.0
210.164	0.158	fixation	n/a	223.5	290.3	4075.0	n/a	n/a	n/a	n/a
210.324	0.048	saccade	n/a	225.8	290.1	n/a	360.8	167.5	6.68	309.0
210.374	0.114	fixation	n/a	357.5	169.4	4041.0	n/a	n/a	n/a	n/a
210.49	0.048	saccade	n/a	357.8	168.7	n/a	148.9	151.2	7.54	344.0
210.54	0.334	fixation	n/a	153.3	158.2	4063.0	n/a	n/a	n/a	n/a
210.876	0.032	saccade	n/a	154.8	162.7	n/a	245.6	163.6	3.27	209.0
210.91	0.272	fixation	n/a	238.2	165.0	4041.0	n/a	n/a	n/a	n/a
211.184	0.03	saccade	n/a	240.1	166.5	n/a	320.4	165.0	2.92	160.0
211.216	0.07	fixation	n/a	314.3	167.0	3979.0	n/a	n/a	n/a	n/a
211.288	0.034	saccade	n/a	314.7	166.2	n/a	425.1	165.2	4.03	226.0
211.324	0.138	fixation	n/a	419.6	166.7	3955.0	n/a	n/a	n/a	n/a
211.464	0.048	saccade	n/a	421.9	167.4	n/a	593.5	179.6	6.27	232.0
211.514	0.392	fixation	n/a	585.9	186.5	3904.0	n/a	n/a	n/a	n/a
211.908	0.052	saccade	n/a	584.0	197.2	n/a	583.5	498.3	11.13	425.0
211.962	0.188	fixation	n/a	581.1	506.0	4084.0	n/a	n/a	n/a	n/a
212.152	0.016	saccade	n/a	584.0	515.6	n/a	592.3	533.4	0.72	55.0
212.17	0.192	fixation	n/a	590.3	533.8	4114.0	n/a	n/a	n/a	n/a
212.364	0.178	saccade	n/a	591.4	534.2	n/a	392.6	298.3	11.38	1342.0
212.4	0.074	blink	n/a	n/a	n/a	n/a	n/a	n/a	n/a	n/a
212.544	0.342	fixation	n/a	387.2	313.6	3964.0	n/a	n/a	n/a	n/a
212.888	0.018	saccade	n/a	383.0	310.3	n/a	364.6	289.8	1.02	77.0
212.904	0.0	trigger_11	11	n/a	n/a	n/a	n/a	n/a	n/a	n/a
212.908	0.192	fixation	n/a	371.7	296.1	3912.0	n/a	n/a	n/a	n/a
212.958	0.0	trigger_10	10	n/a	n/a	n/a	n/a	n/a	n/a	n/a
213.102	0.044	saccade	n/a	372.9	294.7	n/a	276.4	166.0	5.94	286.0
213.148	0.064	fixation	n/a	280.9	173.7	3838.0	n/a	n/a	n/a	n/a
213.214	0.036	saccade	n/a	279.8	174.9	n/a	169.7	151.9	4.06	269.0
213.252	0.088	fixation	n/a	174.4	154.2	3833.0	n/a	n/a	n/a	n/a
213.342	0.026	saccade	n/a	170.6	154.7	n/a	132.3	158.8	1.37	118.0
213.37	0.204	fixation	n/a	131.9	162.3	3811.0	n/a	n/a	n/a	n/a
213.576	0.16	saccade	n/a	124.2	167.3	n/a	231.1	156.0	3.84	986.0
213.614	0.06	blink	n/a	n/a	n/a	n/a	n/a	n/a	n/a	n/a
213.738	0.314	fixation	n/a	232.5	165.8	3841.0	n/a	n/a	n/a	n/a
214.054	0.02	saccade	n/a	228.0	168.3	n/a	190.0	163.6	1.38	90.0
214.076	0.072	fixation	n/a	195.7	167.2	3792.0	n/a	n/a	n/a	n/a
214.15	0.024	saccade	n/a	194.4	167.1	n/a	152.4	164.7	1.5	120.0
214.176	0.196	fixation	n/a	159.1	167.7	3712.0	n/a	n/a	n/a	n/a
214.374	0.044	saccade	n/a	161.0	169.3	n/a	309.7	171.3	5.37	225.0
214.42	0.238	fixation	n/a	307.2	174.6	3613.0	n/a	n/a	n/a	n/a
214.66	0.018	saccade	n/a	312.4	174.6	n/a	336.7	173.2	0.89	67.0
214.68	0.108	fixation	n/a	332.6	176.1	3580.0	n/a	n/a	n/a	n/a
214.79	0.026	saccade	n/a	334.3	176.6	n/a	399.6	172.9	2.4	140.0
214.818	0.2	fixation	n/a	398.3	176.2	3591.0	n/a	n/a	n/a	n/a
215.02	0.026	saccade	n/a	402.0	177.7	n/a	464.9	175.2	2.31	133.0
215.048	0.208	fixation	n/a	460.9	176.6	3624.0	n/a	n/a	n/a	n/a
215.258	0.106	saccade	n/a	460.5	179.6	n/a	393.7	168.6	2.48	981.0
215.292	0.018	blink	n/a	n/a	n/a	n/a	n/a	n/a	n/a	n/a
215.366	0.132	fixation	n/a	391.5	184.1	3665.0	n/a	n/a	n/a	n/a
215.5	0.034	saccade	n/a	392.6	186.6	n/a	486.5	179.5	3.46	190.0
215.536	0.122	fixation	n/a	479.9	179.4	3627.0	n/a	n/a	n/a	n/a
215.66	0.024	saccade	n/a	483.3	180.7	n/a	521.2	178.5	1.39	107.0
215.686	0.17	fixation	n/a	515.7	180.4	3662.0	n/a	n/a	n/a	n/a
215.858	0.058	saccade	n/a	515.0	181.6	n/a	190.5	216.7	11.85	397.0
215.918	0.108	fixation	n/a	193.0	216.1	3799.0	n/a	n/a	n/a	n/a
216.028	0.03	saccade	n/a	188.0	216.3	n/a	125.6	225.9	2.26	167.0
216.06	0.246	fixation	n/a	129.6	227.0	3897.0	n/a	n/a	n/a	n/a
216.308	0.032	saccade	n/a	128.7	228.1	n/a	221.9	230.8	3.35	202.0
216.342	0.272	fixation	n/a	216.4	234.3	3958.0	n/a	n/a	n/a	n/a
216.616	0.024	saccade	n/a	222.1	236.4	n/a	271.0	236.5	1.78	125.0
216.642	0.224	fixation	n/a	267.7	237.3	3917.0	n/a	n/a	n/a	n/a
216.868	0.14	saccade	n/a	267.3	237.4	n/a	120.4	162.1	5.95	1035.0
216.904	0.048	blink	n/a	n/a	n/a	n/a	n/a	n/a	n/a	n/a
217.01	0.202	fixation	n/a	119.5	168.7	3975.0	n/a	n/a	n/a	n/a
217.214	0.026	saccade	n/a	122.0	170.1	n/a	168.7	161.5	1.69	115.0
217.242	0.526	fixation	n/a	156.0	164.6	4034.0	n/a	n/a	n/a	n/a
217.77	0.028	saccade	n/a	148.6	161.6	n/a	219.7	158.0	2.54	157.0
217.8	0.13	fixation	n/a	213.4	163.2	4090.0	n/a	n/a	n/a	n/a
217.932	0.026	saccade	n/a	215.8	165.2	n/a	268.8	164.8	1.91	131.0
217.96	0.166	fixation	n/a	261.2	166.6	4107.0	n/a	n/a	n/a	n/a
218.128	0.13	saccade	n/a	260.8	167.0	n/a	335.4	149.6	2.78	1058.0
218.166	0.034	blink	n/a	n/a	n/a	n/a	n/a	n/a	n/a	n/a
218.26	0.262	fixation	n/a	337.1	163.2	4120.0	n/a	n/a	n/a	n/a
218.524	0.026	saccade	n/a	342.3	167.3	n/a	417.1	167.2	2.73	161.0
218.552	0.324	fixation	n/a	413.1	173.7	3997.0	n/a	n/a	n/a	n/a
218.878	0.03	saccade	n/a	416.2	175.2	n/a	495.3	176.5	2.9	159.0
218.91	0.184	fixation	n/a	486.7	179.7	3873.0	n/a	n/a	n/a	n/a
219.096	0.02	saccade	n/a	488.9	182.5	n/a	523.6	179.5	1.28	92.0
219.118	0.184	fixation	n/a	516.4	180.9	3855.0	n/a	n/a	n/a	n/a
219.304	0.058	saccade	n/a	514.0	182.0	n/a	207.0	217.4	11.24	362.0
219.364	0.14	fixation	n/a	214.0	220.4	3982.0	n/a	n/a	n/a	n/a
219.506	0.034	saccade	n/a	211.6	223.8	n/a	124.1	227.2	3.14	219.0
219.542	0.264	fixation	n/a	131.0	229.5	4073.0	n/a	n/a	n/a	n/a
219.808	0.034	saccade	n/a	130.8	230.8	n/a	233.8	229.7	3.7	204.0
219.844	0.116	fixation	n/a	227.4	231.1	4143.0	n/a	n/a	n/a	n/a
219.962	0.026	saccade	n/a	229.8	230.2	n/a	276.2	229.2	1.69	130.0
219.99	0.59	fixation	n/a	277.2	229.3	4085.0	n/a	n/a	n/a	n/a
220.582	0.026	saccade	n/a	284.0	228.3	n/a	260.7	175.8	2.12	137.0
220.61	0.148	fixation	n/a	265.1	183.5	4063.0	n/a	n/a	n/a	n/a
220.76	0.072	saccade	n/a	263.8	185.4	n/a	585.7	581.7	18.62	483.0
220.834	0.114	fixation	n/a	588.5	583.2	4178.0	n/a	n/a	n/a	n/a
220.95	0.026	saccade	n/a	591.6	584.5	n/a	622.5	539.8	1.98	144.0
220.978	0.112	fixation	n/a	617.8	546.9	4247.0	n/a	n/a	n/a	n/a
221.092	0.022	saccade	n/a	619.1	548.4	n/a	659.8	536.8	1.52	103.0
221.116	0.142	fixation	n/a	652.8	540.9	4153.0	n/a	n/a	n/a	n/a
221.26	0.3	saccade	n/a	655.3	539.7	n/a	258.3	163.4	19.85	1011.0
221.3	0.21	blink	n/a	n/a	n/a	n/a	n/a	n/a	n/a	n/a
221.562	0.194	fixation	n/a	256.3	177.0	3936.0	n/a	n/a	n/a	n/a
221.758	0.022	saccade	n/a	253.5	179.2	n/a	231.8	164.0	0.96	86.0
221.782	0.298	fixation	n/a	235.9	171.2	4015.0	n/a	n/a	n/a	n/a
221.816	0.0	trigger_11	11	n/a	n/a	n/a	n/a	n/a	n/a	n/a
221.88	0.0	trigger_12	12	n/a	n/a	n/a	n/a	n/a	n/a	n/a
222.082	0.038	saccade	n/a	236.0	175.2	n/a	142.4	146.0	3.51	231.0
222.122	0.35	fixation	n/a	147.6	153.7	4069.0	n/a	n/a	n/a	n/a
222.474	0.17	saccade	n/a	147.2	153.0	n/a	125.2	178.9	1.22	840.0
222.52	0.056	blink	n/a	n/a	n/a	n/a	n/a	n/a	n/a	n/a
222.646	0.172	fixation	n/a	132.5	170.9	4023.0	n/a	n/a	n/a	n/a
222.82	0.024	saccade	n/a	136.3	174.6	n/a	187.2	173.0	1.82	127.0
222.846	0.122	fixation	n/a	181.1	174.8	3982.0	n/a	n/a	n/a	n/a
222.97	0.034	saccade	n/a	182.7	175.2	n/a	273.7	166.9	3.3	203.0
223.006	0.29	fixation	n/a	265.9	168.5	3996.0	n/a	n/a	n/a	n/a
223.298	0.026	saccade	n/a	266.1	168.6	n/a	327.5	166.2	2.23	141.0
223.326	0.15	fixation	n/a	322.1	168.8	3941.0	n/a	n/a	n/a	n/a
223.478	0.024	saccade	n/a	325.6	170.0	n/a	370.9	171.9	1.66	117.0
223.504	0.192	fixation	n/a	365.7	176.5	3842.0	n/a	n/a	n/a	n/a
223.698	0.03	saccade	n/a	367.2	179.3	n/a	449.5	172.7	3.03	162.0
223.73	0.362	fixation	n/a	442.9	175.6	3719.0	n/a	n/a	n/a	n/a
224.094	0.118	saccade	n/a	443.9	178.4	n/a	544.4	179.6	3.68	969.0
224.13	0.03	blink	n/a	n/a	n/a	n/a	n/a	n/a	n/a	n/a
224.214	0.414	fixation	n/a	536.4	183.9	3801.0	n/a	n/a	n/a	n/a
224.63	0.026	saccade	n/a	532.0	188.6	n/a	592.2	188.9	2.19	136.0
224.658	0.226	fixation	n/a	584.7	192.1	3766.0	n/a	n/a	n/a	n/a
224.886	0.078	saccade	n/a	585.3	193.3	n/a	140.7	220.4	16.02	355.0
224.966	0.332	fixation	n/a	144.6	221.6	3942.0	n/a	n/a	n/a	n/a
225.3	0.114	saccade	n/a	143.7	221.6	n/a	267.4	227.7	4.46	754.0
225.416	0.078	fixation	n/a	271.3	222.9	4117.0	n/a	n/a	n/a	n/a
225.496	0.208	saccade	n/a	273.1	229.1	n/a	324.6	219.6	1.91	821.0
225.542	0.054	blink	n/a	n/a	n/a	n/a	n/a	n/a	n/a	n/a
225.706	0.198	fixation	n/a	315.1	229.4	4099.0	n/a	n/a	n/a	n/a
225.906	0.046	saccade	n/a	314.4	232.0	n/a	147.6	167.0	6.47	325.0
225.954	0.092	fixation	n/a	152.5	173.1	4087.0	n/a	n/a	n/a	n/a
226.048	0.022	saccade	n/a	148.4	174.7	n/a	127.3	164.7	0.83	83.0
226.072	0.162	fixation	n/a	131.3	169.6	4026.0	n/a	n/a	n/a	n/a
226.236	0.16	saccade	n/a	130.8	168.8	n/a	204.9	158.5	2.66	829.0
226.278	0.054	blink	n/a	n/a	n/a	n/a	n/a	n/a	n/a	n/a
226.398	0.18	fixation	n/a	208.0	166.5	3973.0	n/a	n/a	n/a	n/a
226.58	0.028	saccade	n/a	211.0	171.4	n/a	266.7	171.3	2.01	143.0
226.61	0.368	fixation	n/a	261.0	173.5	3913.0	n/a	n/a	n/a	n/a
226.98	0.026	saccade	n/a	264.9	172.9	n/a	330.1	168.3	2.38	129.0
227.008	0.308	fixation	n/a	328.4	172.1	3810.0	n/a	n/a	n/a	n/a
227.318	0.018	saccade	n/a	334.8	174.3	n/a	363.0	170.8	1.04	77.0
227.338	0.174	fixation	n/a	357.6	173.1	3730.0	n/a	n/a	n/a	n/a
227.514	0.032	saccade	n/a	359.6	173.0	n/a	449.4	167.5	3.3	191.0
227.548	0.284	fixation	n/a	442.8	169.2	3654.0	n/a	n/a	n/a	n/a
227.834	0.156	saccade	n/a	442.5	168.7	n/a	497.3	165.3	2.01	981.0
227.87	0.07	blink	n/a	n/a	n/a	n/a	n/a	n/a	n/a	n/a
227.992	0.104	fixation	n/a	495.9	170.9	3600.0	n/a	n/a	n/a	n/a
228.098	0.022	saccade	n/a	497.6	173.7	n/a	537.4	169.0	1.46	95.0
228.122	0.344	fixation	n/a	530.4	172.2	3645.0	n/a	n/a	n/a	n/a
228.468	0.028	saccade	n/a	530.9	174.3	n/a	587.6	169.6	2.07	134.0
228.498	0.19	fixation	n/a	581.9	173.9	3824.0	n/a	n/a	n/a	n/a
228.69	0.016	saccade	n/a	586.4	176.9	n/a	606.5	176.0	0.73	56.0
228.708	0.068	fixation	n/a	603.6	178.9	3898.0	n/a	n/a	n/a	n/a
228.778	0.076	saccade	n/a	602.1	180.1	n/a	136.9	232.2	16.75	416.0
228.856	0.244	fixation	n/a	146.7	235.4	4083.0	n/a	n/a	n/a	n/a
229.102	0.032	saccade	n/a	150.2	238.7	n/a	235.3	234.3	3.07	198.0
229.136	0.122	fixation	n/a	232.7	238.1	4073.0	n/a	n/a	n/a	n/a
229.26	0.03	saccade	n/a	235.6	238.9	n/a	318.5	235.5	3.02	194.0
229.292	0.124	fixation	n/a	312.4	236.5	4035.0	n/a	n/a	n/a	n/a
229.418	0.018	saccade	n/a	310.4	235.5	n/a	285.4	231.6	0.93	71.0
229.438	0.052	fixation	n/a	291.6	233.3	4035.0	n/a	n/a	n/a	n/a
229.492	0.024	saccade	n/a	290.8	232.7	n/a	258.3	230.3	1.19	94.0
229.518	0.266	fixation	n/a	261.8	229.7	3974.0	n/a	n/a	n/a	n/a
229.786	0.032	saccade	n/a	262.0	229.8	n/a	355.7	230.1	3.43	199.0
229.82	0.13	fixation	n/a	348.2	231.0	3878.0	n/a	n/a	n/a	n/a
229.952	0.034	saccade	n/a	348.6	230.5	n/a	441.5	231.1	3.42	208.0
229.988	0.22	fixation	n/a	434.7	233.6	3838.0	n/a	n/a	n/a	n/a
230.21	0.03	saccade	n/a	436.9	235.6	n/a	512.6	232.3	2.78	165.0
230.242	0.232	fixation	n/a	505.6	236.0	3826.0	n/a	n/a	n/a	n/a
230.476	0.166	saccade	n/a	507.7	235.5	n/a	570.4	249.9	2.35	1104.0
230.512	0.078	blink	n/a	n/a	n/a	n/a	n/a	n/a	n/a	n/a
230.644	0.28	fixation	n/a	562.3	245.3	3773.0	n/a	n/a	n/a	n/a
230.926	0.024	saccade	n/a	560.8	247.3	n/a	617.9	245.0	2.08	125.0
230.952	0.226	fixation	n/a	614.6	245.8	3780.0	n/a	n/a	n/a	n/a
231.18	0.08	saccade	n/a	614.5	247.0	n/a	199.4	280.0	15.06	444.0
231.262	0.1	fixation	n/a	193.1	281.6	3860.0	n/a	n/a	n/a	n/a
231.364	0.026	saccade	n/a	190.2	283.6	n/a	144.2	287.4	1.66	136.0
231.392	0.164	fixation	n/a	149.4	288.5	3886.0	n/a	n/a	n/a	n/a
231.558	0.04	saccade	n/a	151.3	290.1	n/a	282.2	298.5	4.75	226.0
231.6	0.266	fixation	n/a	275.8	303.0	3935.0	n/a	n/a	n/a	n/a
231.868	0.036	saccade	n/a	278.1	304.9	n/a	388.1	300.4	4.05	201.0
231.906	0.234	fixation	n/a	378.6	301.2	3873.0	n/a	n/a	n/a	n/a
232.142	0.032	saccade	n/a	381.0	302.6	n/a	490.2	298.0	4.02	183.0
232.176	0.164	fixation	n/a	490.5	300.3	3799.0	n/a	n/a	n/a	n/a
232.342	0.018	saccade	n/a	489.8	301.5	n/a	466.7	297.7	0.86	69.0
232.362	0.26	fixation	n/a	473.1	300.2	3765.0	n/a	n/a	n/a	n/a
232.624	0.02	saccade	n/a	473.5	301.6	n/a	504.5	297.0	1.15	82.0
232.646	0.358	fixation	n/a	490.1	300.3	3667.0	n/a	n/a	n/a	n/a
233.006	0.058	saccade	n/a	483.0	302.1	n/a	220.4	330.1	9.64	330.0
233.066	0.128	fixation	n/a	222.3	332.7	3671.0	n/a	n/a	n/a	n/a
233.196	0.034	saccade	n/a	220.3	334.7	n/a	117.4	352.8	3.75	216.0
233.232	0.228	fixation	n/a	126.2	354.2	3711.0	n/a	n/a	n/a	n/a
233.462	0.162	saccade	n/a	124.5	356.6	n/a	269.7	352.0	5.24	807.0
233.498	0.064	blink	n/a	n/a	n/a	n/a	n/a	n/a	n/a	n/a
233.626	0.282	fixation	n/a	271.1	362.9	3755.0	n/a	n/a	n/a	n/a
233.91	0.028	saccade	n/a	272.0	367.7	n/a	332.4	364.0	2.22	147.0
233.94	0.084	fixation	n/a	325.1	365.8	3698.0	n/a	n/a	n/a	n/a
234.026	0.03	saccade	n/a	325.9	365.9	n/a	393.8	362.7	2.5	160.0
234.058	0.166	fixation	n/a	387.3	364.6	3643.0	n/a	n/a	n/a	n/a
234.226	0.026	saccade	n/a	390.8	364.4	n/a	439.3	361.4	1.79	126.0
234.254	0.258	fixation	n/a	434.6	364.5	3534.0	n/a	n/a	n/a	n/a
234.514	0.018	saccade	n/a	438.8	365.7	n/a	467.9	363.3	1.08	79.0
234.534	0.142	fixation	n/a	463.4	364.3	3438.0	n/a	n/a	n/a	n/a
234.678	0.038	saccade	n/a	465.1	363.7	n/a	598.0	357.0	4.88	234.0
234.718	0.126	fixation	n/a	591.6	356.5	3322.0	n/a	n/a	n/a	n/a
234.846	0.02	saccade	n/a	591.2	357.2	n/a	560.0	354.7	1.14	85.0
234.868	0.248	fixation	n/a	565.7	358.3	3339.0	n/a	n/a	n/a	n/a
235.118	0.016	saccade	n/a	568.2	359.6	n/a	588.5	358.2	0.74	59.0
235.136	0.102	fixation	n/a	582.4	359.1	3374.0	n/a	n/a	n/a	n/a
235.24	0.026	saccade	n/a	583.9	359.2	n/a	646.3	353.0	2.28	144.0
235.268	0.134	fixation	n/a	637.5	357.0	3405.0	n/a	n/a	n/a	n/a
235.404	0.074	saccade	n/a	636.8	358.9	n/a	163.1	403.0	17.15	444.0
235.48	0.072	fixation	n/a	168.5	406.7	3533.0	n/a	n/a	n/a	n/a
235.554	0.03	saccade	n/a	164.7	408.9	n/a	108.4	412.5	2.02	156.0
235.586	0.232	fixation	n/a	112.8	414.6	3524.0	n/a	n/a	n/a	n/a
235.82	0.03	saccade	n/a	113.7	415.9	n/a	186.1	411.1	2.59	173.0
235.852	0.136	fixation	n/a	182.2	415.4	3603.0	n/a	n/a	n/a	n/a
235.99	0.028	saccade	n/a	187.2	416.3	n/a	251.8	414.8	2.35	160.0
236.02	0.168	fixation	n/a	246.1	416.6	3661.0	n/a	n/a	n/a	n/a
236.19	0.036	saccade	n/a	247.5	419.2	n/a	370.9	418.7	4.51	244.0
236.228	0.212	fixation	n/a	364.7	421.4	3733.0	n/a	n/a	n/a	n/a
236.442	0.136	saccade	n/a	365.8	424.0	n/a	122.5	188.4	12.34	663.0
236.504	0.012	blink	n/a	n/a	n/a	n/a	n/a	n/a	n/a	n/a
236.58	0.214	fixation	n/a	128.1	170.5	3757.0	n/a	n/a	n/a	n/a
236.796	0.024	saccade	n/a	131.0	171.3	n/a	181.9	166.6	1.82	121.0
236.822	0.186	fixation	n/a	178.2	172.5	3752.0	n/a	n/a	n/a	n/a
237.01	0.226	saccade	n/a	180.9	172.4	n/a	270.3	161.6	3.25	855.0
237.052	0.072	blink	n/a	n/a	n/a	n/a	n/a	n/a	n/a	n/a
237.238	0.37	fixation	n/a	258.7	171.9	3751.0	n/a	n/a	n/a	n/a
237.61	0.032	saccade	n/a	258.2	172.6	n/a	336.2	170.2	2.84	171.0
237.644	0.542	fixation	n/a	333.7	174.9	3722.0	n/a	n/a	n/a	n/a
238.188	0.206	saccade	n/a	343.4	177.8	n/a	274.5	161.6	2.58	987.0
238.226	0.068	blink	n/a	n/a	n/a	n/a	n/a	n/a	n/a	n/a
238.396	0.298	fixation	n/a	281.5	169.9	3850.0	n/a	n/a	n/a	n/a
238.696	0.034	saccade	n/a	276.5	167.3	n/a	370.3	167.8	3.42	206.0
238.732	0.09	fixation	n/a	362.5	168.9	3887.0	n/a	n/a	n/a	n/a
238.824	0.032	saccade	n/a	364.0	169.6	n/a	438.0	172.4	2.71	179.0
238.858	0.194	fixation	n/a	432.4	176.7	3887.0	n/a	n/a	n/a	n/a
239.054	0.028	saccade	n/a	433.4	181.6	n/a	376.8	174.1	2.09	149.0
239.084	0.23	fixation	n/a	385.1	178.1	3880.0	n/a	n/a	n/a	n/a
239.316	0.03	saccade	n/a	387.0	181.8	n/a	455.8	177.3	2.53	149.0
239.348	0.264	fixation	n/a	445.8	179.6	3829.0	n/a	n/a	n/a	n/a
239.614	0.158	saccade	n/a	446.7	181.0	n/a	559.8	174.9	4.13	1030.0
239.648	0.066	blink	n/a	n/a	n/a	n/a	n/a	n/a	n/a	n/a
239.774	0.18	fixation	n/a	555.1	180.8	3876.0	n/a	n/a	n/a	n/a
239.956	0.016	saccade	n/a	551.4	186.3	n/a	532.4	183.4	0.7	55.0
239.974	0.142	fixation	n/a	537.1	186.0	3847.0	n/a	n/a	n/a	n/a
240.118	0.03	saccade	n/a	538.8	187.0	n/a	606.7	187.6	2.47	159.0
240.15	0.216	fixation	n/a	600.4	187.4	3775.0	n/a	n/a	n/a	n/a
240.368	0.08	saccade	n/a	601.1	188.3	n/a	180.8	216.6	15.18	411.0
240.45	0.116	fixation	n/a	175.6	217.9	3874.0	n/a	n/a	n/a	n/a
240.568	0.022	saccade	n/a	172.6	219.0	n/a	140.9	227.3	1.17	96.0
240.592	0.194	fixation	n/a	148.2	231.0	3917.0	n/a	n/a	n/a	n/a
240.788	0.036	saccade	n/a	147.3	234.6	n/a	262.5	236.3	4.15	237.0
240.826	0.312	fixation	n/a	257.4	242.4	3958.0	n/a	n/a	n/a	n/a
241.14	0.166	saccade	n/a	260.6	246.4	n/a	293.9	238.6	1.25	980.0
241.178	0.06	blink	n/a	n/a	n/a	n/a	n/a	n/a	n/a	n/a
241.308	0.038	fixation	n/a	292.9	231.4	3990.0	n/a	n/a	n/a	n/a
241.348	0.026	saccade	n/a	296.7	230.5	n/a	357.8	237.1	2.26	139.0
241.376	0.278	fixation	n/a	349.9	241.4	3954.0	n/a	n/a	n/a	n/a
241.656	0.038	saccade	n/a	351.3	239.4	n/a	450.2	238.4	3.64	181.0
241.696	0.24	fixation	n/a	442.5	240.6	3954.0	n/a	n/a	n/a	n/a
241.938	0.028	saccade	n/a	444.5	242.0	n/a	512.4	242.6	2.5	149.0
241.968	0.224	fixation	n/a	505.8	245.8	3936.0	n/a	n/a	n/a	n/a
242.194	0.018	saccade	n/a	509.7	248.8	n/a	539.3	245.9	1.09	85.0
242.214	0.074	fixation	n/a	532.2	248.5	3928.0	n/a	n/a	n/a	n/a
242.29	0.026	saccade	n/a	532.8	249.4	n/a	587.9	246.0	2.02	135.0
242.318	0.198	fixation	n/a	581.1	249.2	3910.0	n/a	n/a	n/a	n/a
242.518	0.188	saccade	n/a	581.7	247.1	n/a	639.4	263.2	2.18	945.0
242.556	0.086	blink	n/a	n/a	n/a	n/a	n/a	n/a	n/a	n/a
242.708	0.148	fixation	n/a	632.4	255.8	3943.0	n/a	n/a	n/a	n/a
242.858	0.086	saccade	n/a	631.4	261.2	n/a	185.4	279.6	16.14	411.0
242.946	0.106	fixation	n/a	181.3	276.9	4155.0	n/a	n/a	n/a	n/a
243.054	0.024	saccade	n/a	179.2	287.1	n/a	132.5	293.3	1.69	122.0
243.08	0.174	fixation	n/a	141.9	297.8	4162.0	n/a	n/a	n/a	n/a
243.256	0.214	saccade	n/a	141.2	296.4	n/a	270.7	297.2	4.68	840.0
243.302	0.098	blink	n/a	n/a	n/a	n/a	n/a	n/a	n/a	n/a
243.472	0.168	fixation	n/a	270.6	298.1	4177.0	n/a	n/a	n/a	n/a
243.642	0.026	saccade	n/a	274.1	308.3	n/a	334.4	309.2	2.21	145.0
243.67	0.068	fixation	n/a	327.3	312.2	4082.0	n/a	n/a	n/a	n/a
243.74	0.032	saccade	n/a	328.1	313.4	n/a	412.8	309.2	3.12	203.0
243.774	0.22	fixation	n/a	403.6	310.6	3954.0	n/a	n/a	n/a	n/a
243.996	0.028	saccade	n/a	403.6	312.9	n/a	488.0	309.5	3.12	158.0
244.026	0.236	fixation	n/a	493.9	312.4	3697.0	n/a	n/a	n/a	n/a
244.264	0.016	saccade	n/a	492.0	312.5	n/a	471.9	304.4	0.8	65.0
244.282	0.23	fixation	n/a	476.6	306.4	3555.0	n/a	n/a	n/a	n/a
244.514	0.06	saccade	n/a	475.4	307.3	n/a	145.1	350.5	12.12	368.0
244.576	0.316	fixation	n/a	148.4	355.8	3663.0	n/a	n/a	n/a	n/a
244.894	0.036	saccade	n/a	148.3	358.7	n/a	255.7	360.8	3.89	216.0
244.932	0.112	fixation	n/a	249.8	363.0	3802.0	n/a	n/a	n/a	n/a
245.046	0.05	saccade	n/a	252.4	363.7	n/a	159.1	183.8	7.44	327.0
245.098	0.116	fixation	n/a	158.9	188.2	3817.0	n/a	n/a	n/a	n/a
245.216	0.014	saccade	n/a	157.3	184.3	n/a	157.4	167.7	0.6	51.0
245.232	0.12	fixation	n/a	159.6	175.0	3834.0	n/a	n/a	n/a	n/a
245.354	0.04	saccade	n/a	160.3	177.9	n/a	294.5	172.7	4.84	241.0
245.396	0.362	fixation	n/a	288.3	175.3	3852.0	n/a	n/a	n/a	n/a
245.76	0.028	saccade	n/a	290.4	175.6	n/a	350.2	170.1	2.2	146.0
245.79	0.148	fixation	n/a	342.8	171.3	3837.0	n/a	n/a	n/a	n/a
245.94	0.034	saccade	n/a	344.6	171.0	n/a	436.9	166.5	3.38	186.0
245.976	0.218	fixation	n/a	430.4	167.5	3849.0	n/a	n/a	n/a	n/a
246.196	0.032	saccade	n/a	434.4	168.7	n/a	520.9	169.6	3.16	173.0
246.23	0.174	fixation	n/a	514.1	171.4	3896.0	n/a	n/a	n/a	n/a
246.406	0.02	saccade	n/a	518.1	172.4	n/a	554.2	175.9	1.32	95.0
246.428	0.124	fixation	n/a	547.6	178.0	3923.0	n/a	n/a	n/a	n/a
246.554	0.022	saccade	n/a	549.4	180.2	n/a	599.8	178.3	1.83	116.0
246.578	0.172	fixation	n/a	592.6	181.6	3943.0	n/a	n/a	n/a	n/a
246.752	0.074	saccade	n/a	591.5	183.4	n/a	139.2	236.4	16.36	386.0
246.828	0.216	fixation	n/a	146.9	238.8	4138.0	n/a	n/a	n/a	n/a
247.046	0.028	saccade	n/a	149.3	240.9	n/a	222.4	232.4	2.65	165.0
247.076	0.138	fixation	n/a	215.7	235.3	4221.0	n/a	n/a	n/a	n/a
247.216	0.032	saccade	n/a	218.0	236.3	n/a	313.6	233.5	3.48	224.0
247.25	0.144	fixation	n/a	305.7	233.9	4279.0	n/a	n/a	n/a	n/a
247.396	0.024	saccade	n/a	304.2	233.0	n/a	263.8	229.8	1.48	111.0
247.422	0.278	fixation	n/a	269.5	228.8	4313.0	n/a	n/a	n/a	n/a
247.702	0.03	saccade	n/a	270.9	229.3	n/a	347.5	224.5	2.81	178.0
247.734	0.136	fixation	n/a	342.5	228.3	4287.0	n/a	n/a	n/a	n/a
247.872	0.034	saccade	n/a	344.8	230.7	n/a	450.5	234.9	3.89	219.0
247.908	0.248	fixation	n/a	443.7	238.5	4255.0	n/a	n/a	n/a	n/a
248.158	0.028	saccade	n/a	445.2	240.8	n/a	514.4	240.9	2.54	160.0
248.188	0.206	fixation	n/a	509.3	240.7	4240.0	n/a	n/a	n/a	n/a
248.396	0.132	saccade	n/a	509.1	242.4	n/a	577.1	241.9	2.49	1236.0
248.43	0.048	blink	n/a	n/a	n/a	n/a	n/a	n/a	n/a	n/a
248.53	0.258	fixation	n/a	568.2	241.2	4248.0	n/a	n/a	n/a	n/a
248.79	0.02	saccade	n/a	568.6	242.5	n/a	607.4	240.7	1.41	96.0
248.812	0.114	fixation	n/a	603.0	242.2	4219.0	n/a	n/a	n/a	n/a
248.928	0.02	saccade	n/a	605.3	242.0	n/a	638.5	237.8	1.21	84.0
248.95	0.112	fixation	n/a	633.0	240.3	4165.0	n/a	n/a	n/a	n/a
249.064	0.068	saccade	n/a	633.6	241.5	n/a	194.9	274.5	15.86	445.0
249.134	0.112	fixation	n/a	199.4	275.4	4234.0	n/a	n/a	n/a	n/a
249.248	0.026	saccade	n/a	194.4	276.6	n/a	152.3	283.5	1.53	128.0
249.276	0.168	fixation	n/a	156.3	282.9	4200.0	n/a	n/a	n/a	n/a
249.446	0.034	saccade	n/a	157.3	284.9	n/a	262.8	290.1	3.81	224.0
249.482	0.23	fixation	n/a	259.3	290.0	4139.0	n/a	n/a	n/a	n/a
249.714	0.028	saccade	n/a	265.2	289.4	n/a	325.7	285.5	2.21	154.0
249.744	0.138	fixation	n/a	320.9	288.3	4077.0	n/a	n/a	n/a	n/a
249.884	0.032	saccade	n/a	324.3	290.2	n/a	411.5	288.1	3.21	182.0
249.918	0.156	fixation	n/a	404.7	290.5	4010.0	n/a	n/a	n/a	n/a
250.076	0.036	saccade	n/a	407.1	291.5	n/a	522.1	292.4	4.24	219.0
250.114	0.158	fixation	n/a	513.4	295.7	3899.0	n/a	n/a	n/a	n/a
250.274	0.02	saccade	n/a	511.6	297.9	n/a	479.5	294.5	1.19	92.0
250.296	0.368	fixation	n/a	477.5	298.1	3827.0	n/a	n/a	n/a	n/a
250.666	0.056	saccade	n/a	485.0	299.4	n/a	174.7	352.2	11.47	399.0
250.724	0.12	fixation	n/a	176.0	353.7	3826.0	n/a	n/a	n/a	n/a
250.846	0.024	saccade	n/a	171.3	354.5	n/a	132.6	354.9	1.39	107.0
250.872	0.182	fixation	n/a	138.5	357.6	3788.0	n/a	n/a	n/a	n/a
251.056	0.148	saccade	n/a	135.2	358.5	n/a	256.9	341.8	4.44	815.0
251.092	0.052	blink	n/a	n/a	n/a	n/a	n/a	n/a	n/a	n/a
251.206	0.188	fixation	n/a	260.8	350.8	3829.0	n/a	n/a	n/a	n/a
251.396	0.02	saccade	n/a	266.3	354.1	n/a	305.4	357.2	1.43	102.0
251.418	0.052	fixation	n/a	300.0	356.6	3812.0	n/a	n/a	n/a	n/a
251.472	0.03	saccade	n/a	300.3	356.2	n/a	374.4	352.7	2.72	177.0
251.504	0.29	fixation	n/a	365.7	355.7	3758.0	n/a	n/a	n/a	n/a
251.796	0.032	saccade	n/a	364.5	358.0	n/a	432.5	353.7	2.51	168.0
251.83	0.292	fixation	n/a	429.0	357.1	3699.0	n/a	n/a	n/a	n/a
252.124	0.018	saccade	n/a	433.1	359.5	n/a	463.9	357.0	1.14	84.0
252.144	0.202	fixation	n/a	458.3	359.8	3760.0	n/a	n/a	n/a	n/a
252.348	0.016	saccade	n/a	462.3	361.8	n/a	481.2	359.8	0.7	56.0
252.366	0.056	fixation	n/a	477.6	361.6	3761.0	n/a	n/a	n/a	n/a
252.424	0.038	saccade	n/a	478.5	362.1	n/a	600.1	354.0	4.47	237.0
252.464	0.21	fixation	n/a	595.6	355.0	3724.0	n/a	n/a	n/a	n/a
252.676	0.022	saccade	n/a	599.2	356.5	n/a	643.1	359.3	1.6	106.0
252.7	0.134	fixation	n/a	636.4	362.8	3735.0	n/a	n/a	n/a	n/a
252.836	0.07	saccade	n/a	635.4	365.0	n/a	193.4	399.6	16.04	421.0
252.908	0.11	fixation	n/a	197.7	402.1	3810.0	n/a	n/a	n/a	n/a
253.02	0.026	saccade	n/a	191.5	403.5	n/a	133.5	407.8	2.09	148.0
253.048	0.232	fixation	n/a	140.6	410.5	3787.0	n/a	n/a	n/a	n/a
253.282	0.036	saccade	n/a	140.4	411.6	n/a	271.9	411.3	4.75	268.0
253.32	0.304	fixation	n/a	268.6	411.4	3831.0	n/a	n/a	n/a	n/a
253.626	0.032	saccade	n/a	273.0	410.4	n/a	368.2	408.7	3.49	206.0
253.66	0.17	fixation	n/a	361.2	411.4	3853.0	n/a	n/a	n/a	n/a
253.832	0.018	saccade	n/a	359.9	412.3	n/a	331.1	411.4	1.06	79.0
253.852	0.23	fixation	n/a	336.1	414.9	3860.0	n/a	n/a	n/a	n/a
254.084	0.144	saccade	n/a	333.9	420.3	n/a	269.2	400.9	2.48	880.0
254.116	0.05	blink	n/a	n/a	n/a	n/a	n/a	n/a	n/a	n/a
254.23	0.308	fixation	n/a	268.3	420.3	3969.0	n/a	n/a	n/a	n/a
254.54	0.034	saccade	n/a	268.1	422.8	n/a	166.5	416.9	3.67	215.0
254.576	0.238	fixation	n/a	174.2	420.7	4053.0	n/a	n/a	n/a	n/a
254.816	0.914	saccade	n/a	173.5	429.4	n/a	444.3	481.3	10.01	455.0
254.904	0.812	blink	n/a	n/a	n/a	n/a	n/a	n/a	n/a	n/a
255.732	0.284	fixation	n/a	432.9	477.0	4397.0	n/a	n/a	n/a	n/a
256.018	2.134	saccade	n/a	429.0	488.9	n/a	346.5	318.8	7.02	661.0
256.08	2.034	blink	n/a	n/a	n/a	n/a	n/a	n/a	n/a	n/a
258.154	0.236	fixation	n/a	341.0	339.2	5031.0	n/a	n/a	n/a	n/a
258.266	0.0	trigger_13	13	n/a	n/a	n/a	n/a	n/a	n/a	n/a
258.33	0.0	trigger_10	10	n/a	n/a	n/a	n/a	n/a	n/a	n/a
258.392	0.038	saccade	n/a	337.8	342.6	n/a	317.4	214.9	4.81	299.0
258.432	0.1	fixation	n/a	315.8	224.3	4793.0	n/a	n/a	n/a	n/a
258.534	0.04	saccade	n/a	316.5	220.7	n/a	197.1	165.2	4.78	280.0
258.576	0.04	fixation	n/a	204.4	167.8	4558.0	n/a	n/a	n/a	n/a
258.618	0.032	saccade	n/a	201.1	166.8	n/a	139.8	139.6	2.39	190.0
258.652	0.098	fixation	n/a	142.4	140.1	4379.0	n/a	n/a	n/a	n/a
258.752	0.014	saccade	n/a	136.6	140.3	n/a	119.7	140.6	0.6	55.0
258.768	0.138	fixation	n/a	125.0	142.8	4220.0	n/a	n/a	n/a	n/a
258.908	0.146	saccade	n/a	125.1	142.3	n/a	198.7	147.5	2.63	946.0
258.952	0.038	blink	n/a	n/a	n/a	n/a	n/a	n/a	n/a	n/a
259.056	0.136	fixation	n/a	202.5	148.9	4072.0	n/a	n/a	n/a	n/a
259.194	0.03	saccade	n/a	208.6	154.3	n/a	290.7	158.9	2.97	183.0
259.226	0.402	fixation	n/a	292.5	160.0	4047.0	n/a	n/a	n/a	n/a
259.63	0.032	saccade	n/a	303.0	159.7	n/a	403.9	161.8	3.68	225.0
259.664	0.15	fixation	n/a	396.8	165.6	4049.0	n/a	n/a	n/a	n/a
259.816	0.028	saccade	n/a	399.1	168.2	n/a	460.1	168.7	2.23	153.0
259.846	0.136	fixation	n/a	454.4	169.7	4065.0	n/a	n/a	n/a	n/a
259.984	0.032	saccade	n/a	456.8	171.5	n/a	545.0	176.5	3.23	173.0
260.018	0.092	fixation	n/a	536.0	177.9	4060.0	n/a	n/a	n/a	n/a
260.112	0.026	saccade	n/a	537.3	178.8	n/a	594.6	179.9	2.08	133.0
260.14	0.074	fixation	n/a	587.8	181.3	4037.0	n/a	n/a	n/a	n/a
260.216	0.018	saccade	n/a	590.1	182.1	n/a	619.8	178.2	1.09	79.0
260.236	0.098	fixation	n/a	615.6	181.0	4020.0	n/a	n/a	n/a	n/a
260.336	0.082	saccade	n/a	615.9	182.4	n/a	190.6	223.0	15.43	423.0
260.42	0.114	fixation	n/a	184.0	223.7	4156.0	n/a	n/a	n/a	n/a
260.536	0.022	saccade	n/a	181.7	226.0	n/a	141.7	224.0	1.43	105.0
260.56	0.24	fixation	n/a	146.6	224.2	4217.0	n/a	n/a	n/a	n/a
260.802	0.04	saccade	n/a	147.4	221.5	n/a	287.9	222.3	5.06	256.0
260.844	0.198	fixation	n/a	283.1	224.5	4335.0	n/a	n/a	n/a	n/a
261.044	0.032	saccade	n/a	288.1	225.8	n/a	370.4	223.6	3.0	195.0
261.078	0.15	fixation	n/a	363.2	225.5	4364.0	n/a	n/a	n/a	n/a
261.23	0.026	saccade	n/a	367.0	226.8	n/a	423.6	229.1	2.08	131.0
261.258	0.086	fixation	n/a	417.4	230.6	4314.0	n/a	n/a	n/a	n/a
261.346	0.028	saccade	n/a	419.2	233.5	n/a	474.0	232.0	2.02	141.0
261.376	0.128	fixation	n/a	469.1	235.5	4233.0	n/a	n/a	n/a	n/a
261.506	0.018	saccade	n/a	472.8	237.3	n/a	502.8	236.7	1.1	79.0
261.526	0.116	fixation	n/a	498.4	239.4	4171.0	n/a	n/a	n/a	n/a
261.644	0.124	saccade	n/a	496.9	246.6	n/a	253.2	161.8	9.43	1192.0
261.678	0.038	blink	n/a	n/a	n/a	n/a	n/a	n/a	n/a	n/a
261.77	0.15	fixation	n/a	247.5	173.3	4138.0	n/a	n/a	n/a	n/a
261.922	0.032	saccade	n/a	242.6	176.3	n/a	159.0	169.8	3.02	182.0
261.956	0.146	fixation	n/a	168.1	170.8	4135.0	n/a	n/a	n/a	n/a
262.104	0.022	saccade	n/a	164.5	170.8	n/a	133.7	165.1	1.12	96.0
262.128	0.312	fixation	n/a	141.6	163.3	4213.0	n/a	n/a	n/a	n/a
262.442	0.03	saccade	n/a	145.4	159.3	n/a	213.9	152.5	2.46	174.0
262.474	0.36	fixation	n/a	209.4	158.7	4247.0	n/a	n/a	n/a	n/a
262.836	0.028	saccade	n/a	206.8	158.7	n/a	142.5	150.9	2.31	151.0
262.866	0.232	fixation	n/a	150.6	153.7	4263.0	n/a	n/a	n/a	n/a
263.1	0.032	saccade	n/a	151.6	156.9	n/a	231.3	160.8	2.86	198.0
263.134	0.104	fixation	n/a	224.1	161.7	4221.0	n/a	n/a	n/a	n/a
263.24	0.032	saccade	n/a	226.5	162.5	n/a	310.7	160.2	3.06	196.0
263.274	0.236	fixation	n/a	303.8	163.4	4170.0	n/a	n/a	n/a	n/a
263.512	0.034	saccade	n/a	306.1	164.4	n/a	410.0	166.2	3.8	227.0
263.548	0.16	fixation	n/a	400.8	167.4	4089.0	n/a	n/a	n/a	n/a
263.71	0.034	saccade	n/a	401.8	168.6	n/a	484.1	173.1	3.02	190.0
263.746	0.146	fixation	n/a	477.6	174.3	4032.0	n/a	n/a	n/a	n/a
263.894	0.03	saccade	n/a	478.9	176.5	n/a	496.4	241.3	2.48	164.0
263.926	0.162	fixation	n/a	495.1	233.3	4054.0	n/a	n/a	n/a	n/a
264.09	0.05	saccade	n/a	496.1	234.0	n/a	274.6	220.3	8.13	317.0
264.142	0.05	fixation	n/a	281.2	222.9	4105.0	n/a	n/a	n/a	n/a
264.194	0.036	saccade	n/a	279.5	223.8	n/a	182.7	226.5	3.51	237.0
264.232	0.132	fixation	n/a	188.9	228.7	4103.0	n/a	n/a	n/a	n/a
264.366	0.026	saccade	n/a	183.8	230.1	n/a	144.8	229.4	1.4	118.0
264.394	0.164	fixation	n/a	149.5	233.3	4084.0	n/a	n/a	n/a	n/a
264.56	0.032	saccade	n/a	150.2	235.0	n/a	226.6	231.4	2.75	192.0
264.594	0.212	fixation	n/a	222.5	235.2	4039.0	n/a	n/a	n/a	n/a
264.808	0.136	saccade	n/a	224.4	244.4	n/a	323.9	225.8	3.69	1064.0
264.842	0.044	blink	n/a	n/a	n/a	n/a	n/a	n/a	n/a	n/a
264.946	0.152	fixation	n/a	326.5	240.2	3985.0	n/a	n/a	n/a	n/a
265.1	0.034	saccade	n/a	328.0	244.4	n/a	419.4	245.2	3.35	190.0
265.136	0.178	fixation	n/a	411.8	245.2	3906.0	n/a	n/a	n/a	n/a
265.316	0.028	saccade	n/a	414.9	245.5	n/a	479.3	244.7	2.37	143.0
265.346	0.16	fixation	n/a	474.3	244.6	3828.0	n/a	n/a	n/a	n/a
265.508	0.034	saccade	n/a	475.2	240.8	n/a	394.6	173.5	3.88	238.0
265.544	0.212	fixation	n/a	400.0	177.2	3775.0	n/a	n/a	n/a	n/a
265.758	0.028	saccade	n/a	397.0	174.7	n/a	340.9	168.0	2.07	156.0
265.788	0.248	fixation	n/a	345.1	168.5	3766.0	n/a	n/a	n/a	n/a
266.038	0.026	saccade	n/a	345.8	167.7	n/a	400.3	168.1	2.0	131.0
266.066	0.172	fixation	n/a	392.5	170.5	3816.0	n/a	n/a	n/a	n/a
266.24	0.018	saccade	n/a	390.8	172.2	n/a	362.0	167.1	1.07	80.0
266.26	0.16	fixation	n/a	367.9	170.9	3850.0	n/a	n/a	n/a	n/a
266.422	0.036	saccade	n/a	367.0	172.8	n/a	472.5	173.3	3.86	217.0
266.46	0.188	fixation	n/a	467.0	175.0	3868.0	n/a	n/a	n/a	n/a
266.65	0.028	saccade	n/a	469.9	175.5	n/a	530.9	174.9	2.23	150.0
266.68	0.074	fixation	n/a	525.1	174.6	3882.0	n/a	n/a	n/a	n/a
266.756	0.022	saccade	n/a	527.5	174.1	n/a	560.8	172.9	1.21	95.0
266.78	0.154	fixation	n/a	554.6	172.9	3901.0	n/a	n/a	n/a	n/a
266.936	0.072	saccade	n/a	555.5	172.2	n/a	209.9	175.8	12.5	414.0
267.01	0.096	fixation	n/a	202.8	175.1	3969.0	n/a	n/a	n/a	n/a
267.108	0.03	saccade	n/a	200.6	174.7	n/a	137.1	154.5	2.38	155.0
267.14	0.238	fixation	n/a	144.4	157.9	3985.0	n/a	n/a	n/a	n/a
267.38	0.028	saccade	n/a	143.7	158.3	n/a	210.8	160.2	2.4	159.0
267.41	0.172	fixation	n/a	205.4	163.8	4046.0	n/a	n/a	n/a	n/a
267.584	0.12	saccade	n/a	207.6	172.8	n/a	469.5	246.4	9.9	947.0
267.626	0.024	blink	n/a	n/a	n/a	n/a	n/a	n/a	n/a	n/a
267.706	0.212	fixation	n/a	477.9	258.8	4112.0	n/a	n/a	n/a	n/a
267.92	0.026	saccade	n/a	480.4	262.1	n/a	436.0	241.2	1.81	136.0
267.948	0.256	fixation	n/a	439.0	246.2	4106.0	n/a	n/a	n/a	n/a
268.092	0.0	trigger_11	11	n/a	n/a	n/a	n/a	n/a	n/a	n/a
268.156	0.0	trigger_10	10	n/a	n/a	n/a	n/a	n/a	n/a	n/a
268.206	0.026	saccade	n/a	435.6	246.7	n/a	402.0	237.2	1.29	117.0
268.234	0.092	fixation	n/a	407.4	239.6	4007.0	n/a	n/a	n/a	n/a
268.328	0.062	saccade	n/a	407.5	238.8	n/a	181.8	203.5	8.33	399.0
268.392	0.088	fixation	n/a	177.0	205.1	4022.0	n/a	n/a	n/a	n/a
268.482	0.028	saccade	n/a	174.7	206.3	n/a	142.9	167.7	1.81	167.0
268.512	0.2	fixation	n/a	143.7	174.2	4009.0	n/a	n/a	n/a	n/a
268.714	0.13	saccade	n/a	142.5	180.3	n/a	251.8	153.4	4.05	1027.0
268.752	0.038	blink	n/a	n/a	n/a	n/a	n/a	n/a	n/a	n/a
268.846	0.274	fixation	n/a	255.0	166.2	3973.0	n/a	n/a	n/a	n/a
269.122	0.03	saccade	n/a	256.3	167.8	n/a	339.3	167.2	3.03	194.0
269.154	0.148	fixation	n/a	330.8	167.8	3928.0	n/a	n/a	n/a	n/a
269.304	0.03	saccade	n/a	333.0	169.8	n/a	396.5	171.9	2.33	148.0
269.336	0.122	fixation	n/a	389.4	171.9	3885.0	n/a	n/a	n/a	n/a
269.46	0.028	saccade	n/a	392.2	171.4	n/a	453.7	170.7	2.25	153.0
269.49	0.422	fixation	n/a	448.4	171.0	3811.0	n/a	n/a	n/a	n/a
269.914	0.02	saccade	n/a	450.9	174.8	n/a	493.8	172.7	1.57	105.0
269.936	0.06	fixation	n/a	489.4	173.3	3772.0	n/a	n/a	n/a	n/a
269.998	0.026	saccade	n/a	490.0	176.4	n/a	541.4	177.0	1.88	128.0
270.026	0.116	fixation	n/a	535.5	176.4	3707.0	n/a	n/a	n/a	n/a
270.144	0.146	saccade	n/a	534.7	178.0	n/a	603.3	172.1	2.5	1072.0
270.178	0.062	blink	n/a	n/a	n/a	n/a	n/a	n/a	n/a	n/a
270.292	0.248	fixation	n/a	602.7	179.8	3696.0	n/a	n/a	n/a	n/a
270.542	0.066	saccade	n/a	604.6	183.6	n/a	192.7	212.2	14.91	416.0
270.61	0.132	fixation	n/a	188.9	214.1	3821.0	n/a	n/a	n/a	n/a
270.744	0.026	saccade	n/a	182.9	214.7	n/a	125.7	217.5	2.05	145.0
270.772	0.184	fixation	n/a	132.6	220.9	3828.0	n/a	n/a	n/a	n/a
270.958	0.028	saccade	n/a	134.3	225.2	n/a	199.7	228.4	2.35	166.0
270.988	0.296	fixation	n/a	196.4	234.1	3868.0	n/a	n/a	n/a	n/a
271.286	0.128	saccade	n/a	200.2	241.9	n/a	150.7	160.4	3.47	892.0
271.324	0.036	blink	n/a	n/a	n/a	n/a	n/a	n/a	n/a	n/a
271.416	0.242	fixation	n/a	152.4	166.3	3787.0	n/a	n/a	n/a	n/a
271.66	0.032	saccade	n/a	154.4	166.9	n/a	244.3	167.5	3.23	208.0
271.694	0.23	fixation	n/a	239.1	171.2	3858.0	n/a	n/a	n/a	n/a
271.926	0.03	saccade	n/a	242.1	173.6	n/a	316.9	170.1	2.72	162.0
271.958	0.27	fixation	n/a	311.4	176.7	3877.0	n/a	n/a	n/a	n/a
272.23	0.032	saccade	n/a	315.9	175.8	n/a	412.3	175.3	3.53	190.0
272.264	0.344	fixation	n/a	406.4	178.5	3784.0	n/a	n/a	n/a	n/a
272.61	0.144	saccade	n/a	406.3	180.9	n/a	448.6	158.4	1.76	960.0
272.644	0.054	blink	n/a	n/a	n/a	n/a	n/a	n/a	n/a	n/a
272.756	0.148	fixation	n/a	447.4	173.9	3765.0	n/a	n/a	n/a	n/a
272.906	0.064	saccade	n/a	446.0	177.9	n/a	114.9	166.0	11.92	376.0
272.972	0.272	fixation	n/a	118.2	167.7	3805.0	n/a	n/a	n/a	n/a
273.246	0.024	saccade	n/a	119.7	169.8	n/a	169.8	164.2	1.79	123.0
273.272	0.146	fixation	n/a	165.0	167.7	3802.0	n/a	n/a	n/a	n/a
273.42	0.03	saccade	n/a	167.7	169.0	n/a	247.3	163.1	2.87	176.0
273.452	0.19	fixation	n/a	243.1	165.1	3794.0	n/a	n/a	n/a	n/a
273.644	0.028	saccade	n/a	247.3	165.6	n/a	309.2	163.4	2.25	137.0
273.674	0.224	fixation	n/a	302.3	164.9	3768.0	n/a	n/a	n/a	n/a
273.9	0.2	saccade	n/a	305.0	167.4	n/a	401.1	165.8	3.51	942.0
273.97	0.07	blink	n/a	n/a	n/a	n/a	n/a	n/a	n/a	n/a
274.102	0.422	fixation	n/a	398.8	173.4	3788.0	n/a	n/a	n/a	n/a
274.526	0.026	saccade	n/a	393.6	173.5	n/a	349.3	169.1	1.63	114.0
274.554	0.176	fixation	n/a	355.4	172.0	3779.0	n/a	n/a	n/a	n/a
274.732	0.034	saccade	n/a	354.1	172.8	n/a	443.4	170.4	3.28	184.0
274.768	0.164	fixation	n/a	436.1	173.0	3788.0	n/a	n/a	n/a	n/a
274.934	0.17	saccade	n/a	436.5	170.7	n/a	470.4	169.3	1.25	1021.0
274.972	0.07	blink	n/a	n/a	n/a	n/a	n/a	n/a	n/a	n/a
275.106	0.096	fixation	n/a	467.1	173.6	3880.0	n/a	n/a	n/a	n/a
275.204	0.016	saccade	n/a	463.3	182.5	n/a	440.2	177.8	0.87	67.0
275.222	0.224	fixation	n/a	446.6	180.8	3804.0	n/a	n/a	n/a	n/a
275.448	0.014	saccade	n/a	450.1	179.7	n/a	466.4	177.5	0.6	52.0
275.464	0.15	fixation	n/a	461.8	178.1	3747.0	n/a	n/a	n/a	n/a
275.616	0.026	saccade	n/a	463.2	178.8	n/a	520.4	176.7	2.1	138.0
275.644	0.28	fixation	n/a	513.7	180.2	3714.0	n/a	n/a	n/a	n/a
275.926	0.028	saccade	n/a	513.5	181.3	n/a	574.2	177.2	2.22	135.0
275.956	0.244	fixation	n/a	566.2	177.6	3707.0	n/a	n/a	n/a	n/a
276.202	0.024	saccade	n/a	569.1	179.1	n/a	617.9	178.3	1.77	110.0
276.228	0.236	fixation	n/a	614.7	183.4	3807.0	n/a	n/a	n/a	n/a
276.466	0.09	saccade	n/a	618.0	186.9	n/a	169.0	215.4	16.19	409.0
276.558	0.132	fixation	n/a	163.7	217.2	4092.0	n/a	n/a	n/a	n/a
276.692	0.02	saccade	n/a	159.9	219.2	n/a	127.0	221.6	1.18	94.0
276.714	0.206	fixation	n/a	136.4	226.2	4148.0	n/a	n/a	n/a	n/a
276.922	0.028	saccade	n/a	139.6	229.6	n/a	206.1	232.8	2.39	154.0
276.952	0.602	fixation	n/a	201.4	236.2	4042.0	n/a	n/a	n/a	n/a
277.556	0.028	saccade	n/a	203.8	238.1	n/a	148.9	228.9	2.0	137.0
277.586	0.182	fixation	n/a	156.1	231.0	4003.0	n/a	n/a	n/a	n/a
277.77	0.14	saccade	n/a	153.9	233.8	n/a	136.1	190.0	1.72	920.0
277.808	0.044	blink	n/a	n/a	n/a	n/a	n/a	n/a	n/a	n/a
277.912	0.18	fixation	n/a	139.5	193.1	4134.0	n/a	n/a	n/a	n/a
278.094	0.02	saccade	n/a	138.1	191.4	n/a	125.0	166.1	1.03	75.0
278.116	0.206	fixation	n/a	131.1	173.1	4107.0	n/a	n/a	n/a	n/a
278.324	0.038	saccade	n/a	131.7	171.1	n/a	245.9	167.0	4.1	206.0
278.364	0.198	fixation	n/a	238.7	168.4	4043.0	n/a	n/a	n/a	n/a
278.564	0.032	saccade	n/a	242.0	169.7	n/a	330.0	169.5	3.2	188.0
278.598	0.152	fixation	n/a	323.2	170.8	3976.0	n/a	n/a	n/a	n/a
278.752	0.034	saccade	n/a	325.6	172.4	n/a	408.1	173.1	3.02	189.0
278.788	0.274	fixation	n/a	403.0	177.1	3902.0	n/a	n/a	n/a	n/a
279.064	0.02	saccade	n/a	407.9	177.2	n/a	446.7	175.7	1.42	99.0
279.086	0.172	fixation	n/a	442.4	175.8	3859.0	n/a	n/a	n/a	n/a
279.26	0.032	saccade	n/a	445.7	175.2	n/a	533.5	174.8	3.22	174.0
279.294	0.254	fixation	n/a	524.4	177.1	3858.0	n/a	n/a	n/a	n/a
279.55	0.026	saccade	n/a	526.3	179.3	n/a	586.3	179.8	2.19	139.0
279.578	0.208	fixation	n/a	578.4	181.7	3936.0	n/a	n/a	n/a	n/a
279.788	0.018	saccade	n/a	581.8	179.4	n/a	611.3	178.3	1.07	80.0
279.808	0.188	fixation	n/a	609.8	179.8	3990.0	n/a	n/a	n/a	n/a
279.998	0.086	saccade	n/a	619.9	180.5	n/a	159.4	209.4	16.57	430.0
280.086	0.288	fixation	n/a	149.0	215.0	4147.0	n/a	n/a	n/a	n/a
280.376	0.03	saccade	n/a	147.5	221.0	n/a	218.6	222.3	2.55	171.0
280.408	0.084	fixation	n/a	212.2	223.5	4180.0	n/a	n/a	n/a	n/a
280.494	0.036	saccade	n/a	213.4	225.3	n/a	145.1	153.5	3.58	238.0
280.532	0.27	fixation	n/a	149.6	164.5	4123.0	n/a	n/a	n/a	n/a
280.804	0.044	saccade	n/a	151.7	170.8	n/a	329.7	166.9	6.43	292.0
280.85	0.234	fixation	n/a	329.3	168.2	4088.0	n/a	n/a	n/a	n/a
281.086	0.014	saccade	n/a	328.3	170.2	n/a	311.6	168.7	0.61	50.0
281.102	0.146	fixation	n/a	315.2	171.6	4097.0	n/a	n/a	n/a	n/a
281.25	0.044	saccade	n/a	316.5	174.3	n/a	472.7	177.9	5.73	256.0
281.296	0.174	fixation	n/a	468.8	177.3	4037.0	n/a	n/a	n/a	n/a
281.472	0.026	saccade	n/a	472.4	178.2	n/a	527.0	179.9	2.0	137.0
281.5	0.244	fixation	n/a	519.9	182.2	3988.0	n/a	n/a	n/a	n/a
281.746	0.154	saccade	n/a	521.3	185.2	n/a	564.8	159.9	1.84	1093.0
281.806	0.042	blink	n/a	n/a	n/a	n/a	n/a	n/a	n/a	n/a
281.902	0.166	fixation	n/a	563.5	176.9	3978.0	n/a	n/a	n/a	n/a
282.07	0.034	saccade	n/a	561.9	181.8	n/a	454.6	193.5	3.95	239.0
282.106	0.116	fixation	n/a	465.0	196.5	4019.0	n/a	n/a	n/a	n/a
282.224	0.05	saccade	n/a	463.5	201.8	n/a	250.1	229.1	7.87	353.0
282.276	0.136	fixation	n/a	249.0	228.9	4114.0	n/a	n/a	n/a	n/a
282.414	0.152	saccade	n/a	246.5	231.9	n/a	208.6	221.0	1.43	1055.0
282.454	0.054	blink	n/a	n/a	n/a	n/a	n/a	n/a	n/a	n/a
282.568	0.226	fixation	n/a	210.1	232.5	4292.0	n/a	n/a	n/a	n/a
282.796	0.026	saccade	n/a	208.0	236.8	n/a	160.2	222.5	1.8	129.0
282.824	0.274	fixation	n/a	168.6	225.2	4296.0	n/a	n/a	n/a	n/a
282.948	0.0	trigger_11	11	n/a	n/a	n/a	n/a	n/a	n/a	n/a
283.012	0.0	trigger_10	10	n/a	n/a	n/a	n/a	n/a	n/a	n/a
283.1	0.026	saccade	n/a	171.8	229.0	n/a	211.6	228.5	1.43	114.0
283.128	0.086	fixation	n/a	205.4	227.6	4280.0	n/a	n/a	n/a	n/a
283.216	0.036	saccade	n/a	206.6	225.5	n/a	129.4	147.8	3.95	255.0
283.254	0.324	fixation	n/a	136.9	157.0	4177.0	n/a	n/a	n/a	n/a
283.58	0.154	saccade	n/a	137.5	158.4	n/a	176.6	168.7	1.44	804.0
283.626	0.052	blink	n/a	n/a	n/a	n/a	n/a	n/a	n/a	n/a
283.736	0.156	fixation	n/a	178.9	166.2	4051.0	n/a	n/a	n/a	n/a
283.894	0.028	saccade	n/a	180.6	169.5	n/a	250.5	172.0	2.52	152.0
283.924	0.134	fixation	n/a	245.3	175.5	4014.0	n/a	n/a	n/a	n/a
284.06	0.034	saccade	n/a	247.9	175.9	n/a	344.7	182.2	3.53	211.0
284.096	0.252	fixation	n/a	338.7	183.7	4014.0	n/a	n/a	n/a	n/a
284.35	0.032	saccade	n/a	343.4	183.6	n/a	426.7	184.7	3.06	169.0
284.384	0.138	fixation	n/a	419.0	186.2	3977.0	n/a	n/a	n/a	n/a
284.524	0.028	saccade	n/a	422.8	186.4	n/a	486.0	184.5	2.32	146.0
284.554	0.046	fixation	n/a	478.5	186.8	3932.0	n/a	n/a	n/a	n/a
284.602	0.03	saccade	n/a	479.1	188.3	n/a	544.0	187.9	2.37	155.0
284.634	0.152	fixation	n/a	538.7	189.9	3898.0	n/a	n/a	n/a	n/a
284.788	0.02	saccade	n/a	539.2	189.8	n/a	511.2	187.3	1.03	80.0
284.81	0.258	fixation	n/a	518.5	190.0	3854.0	n/a	n/a	n/a	n/a
285.07	0.016	saccade	n/a	514.7	189.4	n/a	491.5	177.8	0.95	74.0
285.088	0.246	fixation	n/a	495.6	182.5	3851.0	n/a	n/a	n/a	n/a
285.336	0.02	saccade	n/a	497.6	182.5	n/a	536.7	179.8	1.43	96.0
285.358	0.212	fixation	n/a	527.1	183.9	3843.0	n/a	n/a	n/a	n/a
285.572	0.036	saccade	n/a	524.1	184.0	n/a	401.3	181.8	4.51	306.0
285.61	0.062	fixation	n/a	407.5	183.7	3894.0	n/a	n/a	n/a	n/a
285.674	0.034	saccade	n/a	406.8	184.2	n/a	500.3	180.9	3.43	204.0
285.71	0.048	fixation	n/a	491.8	183.4	3866.0	n/a	n/a	n/a	n/a
285.76	0.028	saccade	n/a	495.2	184.9	n/a	551.5	183.7	2.06	151.0
285.79	0.136	fixation	n/a	545.7	184.3	3845.0	n/a	n/a	n/a	n/a
285.928	0.068	saccade	n/a	545.0	184.9	n/a	130.4	163.8	14.93	444.0
285.998	0.29	fixation	n/a	138.0	172.6	3902.0	n/a	n/a	n/a	n/a
286.29	0.152	saccade	n/a	134.7	172.5	n/a	141.9	181.2	0.41	770.0
286.336	0.036	blink	n/a	n/a	n/a	n/a	n/a	n/a	n/a	n/a
286.444	0.064	fixation	n/a	145.4	167.8	3931.0	n/a	n/a	n/a	n/a
286.51	0.022	saccade	n/a	150.3	170.9	n/a	200.1	166.9	1.78	124.0
286.534	0.148	fixation	n/a	194.8	168.7	3866.0	n/a	n/a	n/a	n/a
286.684	0.032	saccade	n/a	199.3	169.8	n/a	285.4	165.6	3.11	206.0
286.718	0.356	fixation	n/a	276.3	170.0	3873.0	n/a	n/a	n/a	n/a
287.076	0.028	saccade	n/a	277.8	170.8	n/a	341.9	171.2	2.33	147.0
287.106	0.272	fixation	n/a	336.6	174.5	3828.0	n/a	n/a	n/a	n/a
287.38	0.018	saccade	n/a	342.3	176.8	n/a	374.7	175.4	1.19	89.0
287.4	0.12	fixation	n/a	367.3	177.3	3793.0	n/a	n/a	n/a	n/a
287.522	0.158	saccade	n/a	366.6	179.1	n/a	388.5	160.4	1.06	1057.0
287.558	0.062	blink	n/a	n/a	n/a	n/a	n/a	n/a	n/a	n/a
287.682	0.108	fixation	n/a	387.1	174.2	3799.0	n/a	n/a	n/a	n/a
287.792	0.026	saccade	n/a	389.3	180.0	n/a	444.4	172.6	2.04	131.0
287.82	0.428	fixation	n/a	444.3	178.7	3778.0	n/a	n/a	n/a	n/a
288.25	0.024	saccade	n/a	453.9	183.5	n/a	510.0	181.8	2.06	117.0
288.276	0.05	fixation	n/a	506.3	184.3	3736.0	n/a	n/a	n/a	n/a
288.328	0.028	saccade	n/a	505.4	183.9	n/a	559.6	180.7	1.99	133.0
288.358	0.158	fixation	n/a	552.5	183.5	3707.0	n/a	n/a	n/a	n/a
288.518	0.064	saccade	n/a	552.6	185.2	n/a	175.1	220.2	13.74	406.0
288.584	0.126	fixation	n/a	181.7	224.2	3802.0	n/a	n/a	n/a	n/a
288.712	0.024	saccade	n/a	177.2	226.6	n/a	138.6	229.4	1.39	113.0
288.738	0.328	fixation	n/a	143.7	229.1	3850.0	n/a	n/a	n/a	n/a
289.068	0.036	saccade	n/a	144.9	230.0	n/a	256.9	228.2	4.04	233.0
289.106	0.218	fixation	n/a	249.6	230.5	3857.0	n/a	n/a	n/a	n/a
289.326	0.032	saccade	n/a	251.5	230.0	n/a	335.8	227.3	3.08	187.0
289.36	0.122	fixation	n/a	329.6	229.5	3825.0	n/a	n/a	n/a	n/a
289.484	0.03	saccade	n/a	332.4	232.0	n/a	410.0	232.8	2.85	181.0
289.516	0.158	fixation	n/a	402.4	234.1	3845.0	n/a	n/a	n/a	n/a
289.676	0.03	saccade	n/a	404.9	234.6	n/a	477.5	226.6	2.69	160.0
289.708	0.354	fixation	n/a	471.7	230.3	3852.0	n/a	n/a	n/a	n/a
290.064	0.032	saccade	n/a	474.3	232.7	n/a	558.6	237.6	3.09	166.0
290.098	0.076	fixation	n/a	549.6	237.7	3830.0	n/a	n/a	n/a	n/a
290.176	0.026	saccade	n/a	550.7	238.5	n/a	592.1	241.0	1.51	115.0
290.204	0.13	fixation	n/a	585.4	243.0	3845.0	n/a	n/a	n/a	n/a
290.336	0.018	saccade	n/a	586.9	242.4	n/a	615.0	240.0	1.02	72.0
290.356	0.106	fixation	n/a	610.9	243.1	3869.0	n/a	n/a	n/a	n/a
290.464	0.072	saccade	n/a	609.9	244.1	n/a	176.5	286.8	15.75	404.0
290.538	0.116	fixation	n/a	178.0	288.4	4036.0	n/a	n/a	n/a	n/a
290.656	0.024	saccade	n/a	173.4	289.7	n/a	141.0	290.7	1.16	98.0
290.682	0.152	fixation	n/a	147.8	294.2	4032.0	n/a	n/a	n/a	n/a
290.836	0.034	saccade	n/a	149.1	298.5	n/a	251.2	296.4	3.69	234.0
290.872	0.22	fixation	n/a	247.2	300.1	4038.0	n/a	n/a	n/a	n/a
291.094	0.018	saccade	n/a	246.2	301.0	n/a	217.6	297.7	1.05	76.0
291.114	0.222	fixation	n/a	224.4	301.2	3984.0	n/a	n/a	n/a	n/a
291.338	0.04	saccade	n/a	223.8	304.1	n/a	146.1	178.5	5.4	276.0
291.38	0.324	fixation	n/a	144.8	175.8	3855.0	n/a	n/a	n/a	n/a
291.706	0.014	saccade	n/a	140.4	166.4	n/a	124.7	158.7	0.62	58.0
291.722	0.186	fixation	n/a	131.4	162.9	3897.0	n/a	n/a	n/a	n/a
291.91	0.048	saccade	n/a	133.3	164.5	n/a	342.6	299.6	9.06	403.0
291.96	0.194	fixation	n/a	342.8	300.0	4021.0	n/a	n/a	n/a	n/a
292.156	0.014	saccade	n/a	348.5	298.4	n/a	362.3	289.5	0.61	55.0
292.172	0.264	fixation	n/a	357.1	295.1	4041.0	n/a	n/a	n/a	n/a
292.438	0.014	saccade	n/a	352.5	296.8	n/a	336.5	290.3	0.64	53.0
292.454	0.156	fixation	n/a	339.6	293.3	3948.0	n/a	n/a	n/a	n/a
292.612	0.128	saccade	n/a	336.0	296.2	n/a	353.3	276.8	0.96	1030.0
292.646	0.038	blink	n/a	n/a	n/a	n/a	n/a	n/a	n/a	n/a
292.742	0.562	fixation	n/a	350.1	295.2	3850.0	n/a	n/a	n/a	n/a
293.306	0.048	saccade	n/a	350.4	295.5	n/a	171.7	179.8	7.76	343.0
293.356	0.102	fixation	n/a	175.6	182.8	3772.0	n/a	n/a	n/a	n/a
293.46	0.026	saccade	n/a	171.3	180.0	n/a	126.6	153.4	1.86	134.0
293.488	0.47	fixation	n/a	132.0	157.0	3834.0	n/a	n/a	n/a	n/a
293.96	0.028	saccade	n/a	129.6	154.3	n/a	194.6	156.6	2.31	148.0
293.99	0.664	fixation	n/a	185.5	162.5	3889.0	n/a	n/a	n/a	n/a
294.656	0.13	saccade	n/a	183.0	178.0	n/a	193.1	173.9	0.39	859.0
294.696	0.028	blink	n/a	n/a	n/a	n/a	n/a	n/a	n/a	n/a
294.788	0.15	fixation	n/a	193.4	173.6	3912.0	n/a	n/a	n/a	n/a
294.94	0.032	saccade	n/a	193.2	175.2	n/a	285.5	172.1	3.35	196.0
294.974	0.254	fixation	n/a	276.0	173.3	3889.0	n/a	n/a	n/a	n/a
295.23	0.03	saccade	n/a	280.2	176.0	n/a	354.9	173.0	2.73	168.0
295.262	0.09	fixation	n/a	348.8	174.7	3869.0	n/a	n/a	n/a	n/a
295.354	0.03	saccade	n/a	350.6	176.7	n/a	414.9	177.1	2.36	159.0
295.386	0.154	fixation	n/a	409.4	178.7	3809.0	n/a	n/a	n/a	n/a
295.542	0.022	saccade	n/a	413.9	180.2	n/a	455.6	176.6	1.54	106.0
295.566	0.556	fixation	n/a	448.4	174.8	3741.0	n/a	n/a	n/a	n/a
296.124	0.024	saccade	n/a	447.5	177.1	n/a	410.9	208.0	1.76	116.0
296.15	0.13	fixation	n/a	417.3	206.2	3757.0	n/a	n/a	n/a	n/a
296.282	0.038	saccade	n/a	416.9	210.3	n/a	329.2	320.1	5.21	281.0
296.322	0.128	fixation	n/a	332.3	314.8	3897.0	n/a	n/a	n/a	n/a
296.452	0.016	saccade	n/a	334.3	314.5	n/a	350.0	298.2	0.84	71.0
296.47	0.43	fixation	n/a	350.6	302.4	3967.0	n/a	n/a	n/a	n/a
296.902	0.114	saccade	n/a	354.6	310.7	n/a	447.8	178.3	5.99	952.0
296.938	0.028	blink	n/a	n/a	n/a	n/a	n/a	n/a	n/a	n/a
297.018	0.13	fixation	n/a	448.8	190.9	3824.0	n/a	n/a	n/a	n/a
297.15	0.05	saccade	n/a	449.0	189.9	n/a	215.5	195.4	8.49	354.0
297.202	0.138	fixation	n/a	218.0	195.7	3856.0	n/a	n/a	n/a	n/a
297.342	0.03	saccade	n/a	213.7	198.2	n/a	152.8	223.0	2.37	160.0
297.374	0.356	fixation	n/a	159.1	219.0	4026.0	n/a	n/a	n/a	n/a
297.732	0.036	saccade	n/a	162.0	221.2	n/a	290.8	230.7	4.68	255.0
297.77	0.214	fixation	n/a	285.6	233.0	4150.0	n/a	n/a	n/a	n/a
297.986	0.016	saccade	n/a	286.2	231.4	n/a	259.9	228.3	0.97	75.0
298.004	0.336	fixation	n/a	267.5	233.8	4137.0	n/a	n/a	n/a	n/a
298.342	0.026	saccade	n/a	269.7	237.0	n/a	323.4	235.3	1.97	133.0
298.37	0.112	fixation	n/a	316.5	237.8	4061.0	n/a	n/a	n/a	n/a
298.484	0.032	saccade	n/a	318.8	238.4	n/a	404.7	238.8	3.16	195.0
298.518	0.112	fixation	n/a	397.3	239.6	4014.0	n/a	n/a	n/a	n/a
298.632	0.056	saccade	n/a	398.2	239.4	n/a	183.6	160.8	8.33	300.0
298.69	0.074	fixation	n/a	186.9	162.2	3985.0	n/a	n/a	n/a	n/a
298.766	0.03	saccade	n/a	184.0	162.9	n/a	125.6	166.9	2.09	161.0
298.798	0.316	fixation	n/a	128.8	167.3	3985.0	n/a	n/a	n/a	n/a
298.95	0.0	trigger_11	11	n/a	n/a	n/a	n/a	n/a	n/a	n/a
299.012	0.0	trigger_10	10	n/a	n/a	n/a	n/a	n/a	n/a	n/a
299.116	0.024	saccade	n/a	128.4	169.5	n/a	167.2	172.1	1.38	116.0
299.142	0.164	fixation	n/a	160.4	175.0	3954.0	n/a	n/a	n/a	n/a
299.308	0.026	saccade	n/a	159.8	177.6	n/a	123.7	163.1	1.39	122.0
299.336	0.07	fixation	n/a	128.4	163.1	3989.0	n/a	n/a	n/a	n/a
299.408	0.17	saccade	n/a	129.2	169.9	n/a	219.6	162.3	3.24	990.0
299.456	0.064	blink	n/a	n/a	n/a	n/a	n/a	n/a	n/a	n/a
299.58	0.188	fixation	n/a	220.7	171.5	3993.0	n/a	n/a	n/a	n/a
299.77	0.034	saccade	n/a	223.3	174.4	n/a	326.7	175.0	3.75	229.0
299.806	0.112	fixation	n/a	318.8	176.8	3968.0	n/a	n/a	n/a	n/a
299.92	0.016	saccade	n/a	318.1	174.1	n/a	297.7	172.7	0.74	59.0
299.938	0.148	fixation	n/a	304.7	174.6	3919.0	n/a	n/a	n/a	n/a
300.088	0.046	saccade	n/a	307.5	173.9	n/a	470.0	173.1	5.94	244.0
300.136	0.204	fixation	n/a	465.9	175.6	3819.0	n/a	n/a	n/a	n/a
300.342	0.028	saccade	n/a	471.5	178.2	n/a	526.5	179.8	2.01	146.0
300.372	0.22	fixation	n/a	521.0	182.6	3720.0	n/a	n/a	n/a	n/a
300.594	0.028	saccade	n/a	523.6	185.1	n/a	602.8	181.7	2.89	151.0
300.624	0.148	fixation	n/a	598.2	183.6	3621.0	n/a	n/a	n/a	n/a
300.774	0.072	saccade	n/a	598.9	185.6	n/a	152.7	227.7	16.12	414.0
300.848	0.14	fixation	n/a	160.6	232.9	3706.0	n/a	n/a	n/a	n/a
300.99	0.016	saccade	n/a	156.8	233.1	n/a	136.1	231.7	0.74	57.0
301.008	0.162	fixation	n/a	141.6	233.7	3695.0	n/a	n/a	n/a	n/a
301.172	0.144	saccade	n/a	142.0	235.5	n/a	200.4	235.6	2.09	768.0
301.216	0.038	blink	n/a	n/a	n/a	n/a	n/a	n/a	n/a	n/a
301.318	0.05	fixation	n/a	202.6	232.2	3780.0	n/a	n/a	n/a	n/a
301.37	0.024	saccade	n/a	206.9	235.6	n/a	253.0	236.1	1.67	123.0
301.396	0.178	fixation	n/a	247.9	236.9	3726.0	n/a	n/a	n/a	n/a
301.576	0.03	saccade	n/a	250.8	238.2	n/a	330.9	236.6	2.93	163.0
301.608	0.084	fixation	n/a	323.5	237.7	3719.0	n/a	n/a	n/a	n/a
301.694	0.032	saccade	n/a	325.6	238.7	n/a	410.5	234.8	3.13	185.0
301.728	0.198	fixation	n/a	404.2	234.7	3677.0	n/a	n/a	n/a	n/a
301.928	0.024	saccade	n/a	407.1	235.0	n/a	452.5	231.0	1.68	114.0
301.954	0.134	fixation	n/a	446.0	232.0	3612.0	n/a	n/a	n/a	n/a
302.09	0.038	saccade	n/a	447.9	232.8	n/a	560.5	235.0	4.13	189.0
302.13	0.214	fixation	n/a	553.6	236.4	3524.0	n/a	n/a	n/a	n/a
302.346	0.022	saccade	n/a	559.0	238.0	n/a	604.5	232.1	1.67	101.0
302.37	0.056	fixation	n/a	601.6	233.4	3499.0	n/a	n/a	n/a	n/a
302.428	0.018	saccade	n/a	603.1	234.0	n/a	626.7	229.1	0.88	65.0
302.448	0.12	fixation	n/a	621.1	233.2	3498.0	n/a	n/a	n/a	n/a
302.57	0.072	saccade	n/a	620.4	236.0	n/a	147.0	267.7	17.1	457.0
302.644	0.298	fixation	n/a	153.1	271.9	3648.0	n/a	n/a	n/a	n/a
302.944	0.032	saccade	n/a	154.4	276.3	n/a	227.3	286.3	2.66	184.0
302.978	0.108	fixation	n/a	220.4	290.3	3754.0	n/a	n/a	n/a	n/a
303.088	0.134	saccade	n/a	220.7	294.3	n/a	131.8	307.3	3.23	813.0
303.13	0.028	blink	n/a	n/a	n/a	n/a	n/a	n/a	n/a	n/a
303.224	0.352	fixation	n/a	132.6	308.3	3851.0	n/a	n/a	n/a	n/a
303.578	0.016	saccade	n/a	137.5	310.0	n/a	155.1	300.5	0.72	58.0
303.596	0.058	fixation	n/a	151.4	302.1	3885.0	n/a	n/a	n/a	n/a
303.656	0.036	saccade	n/a	151.3	302.8	n/a	254.5	300.2	3.73	221.0
303.694	0.306	fixation	n/a	249.8	306.8	3903.0	n/a	n/a	n/a	n/a
304.002	0.016	saccade	n/a	256.5	307.7	n/a	275.8	306.8	0.71	55.0
304.02	0.07	fixation	n/a	271.0	308.3	3916.0	n/a	n/a	n/a	n/a
304.092	0.034	saccade	n/a	271.4	309.5	n/a	366.8	304.9	3.51	199.0
304.128	0.248	fixation	n/a	359.4	311.1	3879.0	n/a	n/a	n/a	n/a
304.378	0.022	saccade	n/a	365.9	314.9	n/a	407.2	308.0	1.55	109.0
304.402	0.204	fixation	n/a	401.1	313.4	3820.0	n/a	n/a	n/a	n/a
304.608	0.158	saccade	n/a	401.0	322.0	n/a	357.3	317.4	1.62	1098.0
304.644	0.044	blink	n/a	n/a	n/a	n/a	n/a	n/a	n/a	n/a
304.768	0.056	fixation	n/a	355.0	305.6	3838.0	n/a	n/a	n/a	n/a
304.826	0.028	saccade	n/a	356.7	308.7	n/a	421.4	309.1	2.39	148.0
304.856	0.142	fixation	n/a	412.7	312.4	3768.0	n/a	n/a	n/a	n/a
305.0	0.032	saccade	n/a	414.0	313.5	n/a	488.4	308.1	2.75	175.0
305.034	0.222	fixation	n/a	481.3	308.7	3690.0	n/a	n/a	n/a	n/a
305.258	0.16	saccade	n/a	483.5	310.5	n/a	544.5	302.5	2.26	1073.0
305.292	0.076	blink	n/a	n/a	n/a	n/a	n/a	n/a	n/a	n/a
305.42	0.304	fixation	n/a	537.4	304.0	3525.0	n/a	n/a	n/a	n/a
305.726	0.032	saccade	n/a	535.3	303.7	n/a	618.2	299.4	3.04	175.0
305.76	0.204	fixation	n/a	610.4	299.9	3530.0	n/a	n/a	n/a	n/a
305.966	0.03	saccade	n/a	610.5	300.9	n/a	548.2	295.5	2.28	165.0
305.998	0.282	fixation	n/a	553.2	299.8	3539.0	n/a	n/a	n/a	n/a
306.282	0.136	saccade	n/a	550.9	303.9	n/a	635.2	307.0	3.07	1015.0
306.32	0.04	blink	n/a	n/a	n/a	n/a	n/a	n/a	n/a	n/a
306.42	0.092	fixation	n/a	628.7	304.0	3555.0	n/a	n/a	n/a	n/a
306.514	0.07	saccade	n/a	627.5	306.6	n/a	204.2	294.9	15.37	407.0
306.586	0.094	fixation	n/a	210.1	298.4	3667.0	n/a	n/a	n/a	n/a
306.682	0.03	saccade	n/a	206.7	299.4	n/a	148.7	287.0	2.14	175.0
306.714	0.07	fixation	n/a	152.5	286.7	3670.0	n/a	n/a	n/a	n/a
306.786	0.036	saccade	n/a	150.1	285.1	n/a	123.4	173.8	4.19	234.0
306.824	0.084	fixation	n/a	122.2	180.5	3670.0	n/a	n/a	n/a	n/a
306.91	0.014	saccade	n/a	125.5	177.4	n/a	133.2	162.5	0.61	49.0
306.926	0.158	fixation	n/a	133.7	171.8	3715.0	n/a	n/a	n/a	n/a
307.086	0.034	saccade	n/a	135.9	174.2	n/a	233.2	171.0	3.48	220.0
307.122	0.104	fixation	n/a	227.1	173.3	3718.0	n/a	n/a	n/a	n/a
307.228	0.04	saccade	n/a	228.5	174.4	n/a	366.2	176.5	5.01	261.0
307.27	0.204	fixation	n/a	360.5	181.4	3679.0	n/a	n/a	n/a	n/a
307.476	0.016	saccade	n/a	366.7	181.1	n/a	392.5	178.4	0.95	76.0
307.494	0.196	fixation	n/a	385.9	180.4	3623.0	n/a	n/a	n/a	n/a
307.692	0.032	saccade	n/a	388.6	180.7	n/a	474.3	178.6	3.15	182.0
307.726	0.076	fixation	n/a	467.3	179.1	3586.0	n/a	n/a	n/a	n/a
307.804	0.03	saccade	n/a	469.1	179.4	n/a	532.6	179.1	2.33	166.0
307.836	0.274	fixation	n/a	526.2	182.1	3569.0	n/a	n/a	n/a	n/a
308.112	0.026	saccade	n/a	526.3	180.4	n/a	588.8	179.2	2.27	113.0
308.14	0.226	fixation	n/a	590.5	180.1	3522.0	n/a	n/a	n/a	n/a
308.368	0.072	saccade	n/a	594.9	181.1	n/a	146.3	239.1	16.28	426.0
308.442	0.154	fixation	n/a	148.7	240.4	3705.0	n/a	n/a	n/a	n/a
308.598	0.014	saccade	n/a	141.9	241.5	n/a	127.0	235.5	0.58	51.0
308.614	0.132	fixation	n/a	132.6	238.1	3783.0	n/a	n/a	n/a	n/a
308.748	0.172	saccade	n/a	132.5	240.3	n/a	151.0	236.2	0.68	702.0
308.796	0.042	blink	n/a	n/a	n/a	n/a	n/a	n/a	n/a	n/a
308.922	0.068	fixation	n/a	155.8	228.3	4022.0	n/a	n/a	n/a	n/a
308.992	0.024	saccade	n/a	160.5	230.9	n/a	216.2	230.0	2.0	125.0
309.018	0.372	fixation	n/a	217.1	233.5	3989.0	n/a	n/a	n/a	n/a
309.392	0.042	saccade	n/a	228.4	234.0	n/a	372.4	231.7	5.26	228.0
309.436	0.338	fixation	n/a	366.4	235.3	3878.0	n/a	n/a	n/a	n/a
309.776	0.156	saccade	n/a	369.5	235.7	n/a	431.9	234.9	2.29	1067.0
309.814	0.06	blink	n/a	n/a	n/a	n/a	n/a	n/a	n/a	n/a
309.934	0.112	fixation	n/a	431.6	235.7	3878.0	n/a	n/a	n/a	n/a
310.048	0.036	saccade	n/a	432.2	243.7	n/a	547.3	247.7	4.23	201.0
310.086	0.148	fixation	n/a	538.4	247.6	3858.0	n/a	n/a	n/a	n/a
310.236	0.022	saccade	n/a	542.0	248.6	n/a	582.2	244.9	1.48	99.0
310.26	0.182	fixation	n/a	575.5	246.8	3856.0	n/a	n/a	n/a	n/a
310.444	0.018	saccade	n/a	578.2	248.5	n/a	606.6	250.2	1.04	72.0
310.464	0.08	fixation	n/a	601.1	251.7	3803.0	n/a	n/a	n/a	n/a
310.546	0.074	saccade	n/a	599.9	253.7	n/a	149.8	289.8	16.27	424.0
310.622	0.228	fixation	n/a	151.3	292.1	3934.0	n/a	n/a	n/a	n/a
310.852	0.034	saccade	n/a	150.5	296.3	n/a	254.2	296.4	3.75	235.0
310.888	0.13	fixation	n/a	245.9	297.3	3949.0	n/a	n/a	n/a	n/a
311.02	0.032	saccade	n/a	244.5	296.2	n/a	159.8	288.9	3.08	213.0
311.054	0.076	fixation	n/a	168.6	289.6	3980.0	n/a	n/a	n/a	n/a
311.132	0.03	saccade	n/a	167.0	289.0	n/a	117.8	288.5	1.76	148.0
311.164	0.262	fixation	n/a	121.3	286.6	4035.0	n/a	n/a	n/a	n/a
311.428	0.17	saccade	n/a	119.6	287.5	n/a	275.4	280.0	5.63	881.0
311.466	0.07	blink	n/a	n/a	n/a	n/a	n/a	n/a	n/a	n/a
311.6	0.138	fixation	n/a	279.5	288.0	4123.0	n/a	n/a	n/a	n/a
311.74	0.018	saccade	n/a	279.8	295.3	n/a	250.9	291.8	1.06	80.0
311.76	0.274	fixation	n/a	254.6	293.5	4131.0	n/a	n/a	n/a	n/a
312.036	0.03	saccade	n/a	253.4	294.5	n/a	330.7	290.2	2.84	164.0
312.068	0.122	fixation	n/a	324.5	294.2	4204.0	n/a	n/a	n/a	n/a
312.192	0.036	saccade	n/a	327.1	296.9	n/a	455.5	294.5	4.73	250.0
312.23	0.204	fixation	n/a	450.9	300.1	4224.0	n/a	n/a	n/a	n/a
312.436	0.03	saccade	n/a	455.5	305.3	n/a	536.9	303.0	3.0	168.0
312.468	0.378	fixation	n/a	531.8	308.0	4156.0	n/a	n/a	n/a	n/a
312.848	0.034	saccade	n/a	536.7	311.5	n/a	637.0	304.8	3.67	200.0
312.884	0.196	fixation	n/a	628.0	307.8	3993.0	n/a	n/a	n/a	n/a
313.082	0.054	saccade	n/a	628.5	313.3	n/a	442.3	560.6	11.4	419.0
313.138	0.108	fixation	n/a	439.6	562.8	4136.0	n/a	n/a	n/a	n/a
313.248	0.076	saccade	n/a	436.3	566.7	n/a	260.3	182.3	15.52	392.0
313.326	0.036	fixation	n/a	261.2	188.9	4123.0	n/a	n/a	n/a	n/a
313.364	0.038	saccade	n/a	259.4	189.1	n/a	136.7	121.2	5.04	312.0
313.404	0.136	fixation	n/a	144.5	126.4	4093.0	n/a	n/a	n/a	n/a
313.542	0.02	saccade	n/a	143.8	129.7	n/a	139.3	158.3	1.05	70.0
313.564	0.192	fixation	n/a	140.7	154.5	4096.0	n/a	n/a	n/a	n/a
313.758	0.032	saccade	n/a	141.5	155.5	n/a	237.9	165.0	3.47	212.0
313.792	0.178	fixation	n/a	230.5	164.3	4177.0	n/a	n/a	n/a	n/a
313.972	0.04	saccade	n/a	231.8	163.5	n/a	358.5	170.0	4.61	258.0
314.014	0.094	fixation	n/a	352.2	173.8	4181.0	n/a	n/a	n/a	n/a
314.11	0.042	saccade	n/a	355.5	177.1	n/a	500.5	178.4	5.31	265.0
314.154	0.158	fixation	n/a	494.5	181.6	4143.0	n/a	n/a	n/a	n/a
314.314	0.052	saccade	n/a	498.3	183.9	n/a	249.2	224.9	9.22	356.0
314.368	0.168	fixation	n/a	256.6	231.5	4182.0	n/a	n/a	n/a	n/a
314.538	0.038	saccade	n/a	256.8	236.7	n/a	369.0	241.7	4.11	240.0
314.578	0.174	fixation	n/a	364.9	244.0	4140.0	n/a	n/a	n/a	n/a
314.754	0.06	saccade	n/a	366.3	245.0	n/a	154.3	239.0	7.7	361.0
314.816	0.264	fixation	n/a	143.3	239.8	4106.0	n/a	n/a	n/a	n/a
315.082	0.032	saccade	n/a	140.9	240.5	n/a	217.2	239.8	2.74	181.0
315.116	0.12	fixation	n/a	210.9	241.7	4019.0	n/a	n/a	n/a	n/a
315.238	0.118	saccade	n/a	213.7	246.7	n/a	477.4	234.1	9.65	1020.0
315.276	0.03	blink	n/a	n/a	n/a	n/a	n/a	n/a	n/a	n/a
315.358	0.052	fixation	n/a	477.3	246.9	3970.0	n/a	n/a	n/a	n/a
315.412	0.034	saccade	n/a	480.3	251.0	n/a	584.5	252.9	3.82	235.0
315.448	0.442	fixation	n/a	581.5	255.8	3870.0	n/a	n/a	n/a	n/a
315.892	0.068	saccade	n/a	594.4	253.8	n/a	187.6	288.1	14.82	404.0
315.962	0.118	fixation	n/a	192.7	291.9	3885.0	n/a	n/a	n/a	n/a
316.082	0.028	saccade	n/a	187.3	293.9	n/a	134.2	297.2	1.91	139.0
316.112	0.266	fixation	n/a	139.0	298.2	3904.0	n/a	n/a	n/a	n/a
316.38	0.034	saccade	n/a	139.1	298.3	n/a	232.8	295.4	3.38	212.0
316.416	0.276	fixation	n/a	231.2	300.6	3962.0	n/a	n/a	n/a	n/a
316.694	0.152	saccade	n/a	232.8	304.7	n/a	326.6	287.2	3.49	1052.0
316.73	0.058	blink	n/a	n/a	n/a	n/a	n/a	n/a	n/a	n/a
316.848	0.274	fixation	n/a	332.6	297.3	4020.0	n/a	n/a	n/a	n/a
317.124	0.03	saccade	n/a	336.7	300.3	n/a	423.6	300.7	3.2	180.0
317.156	0.458	fixation	n/a	417.4	306.0	3952.0	n/a	n/a	n/a	n/a
317.616	0.05	saccade	n/a	416.2	309.1	n/a	201.8	297.7	7.85	314.0
317.668	0.18	fixation	n/a	207.1	302.3	4033.0	n/a	n/a	n/a	n/a
317.85	0.062	saccade	n/a	206.4	306.4	n/a	500.6	570.7	14.48	444.0
317.914	0.138	fixation	n/a	502.3	573.1	4127.0	n/a	n/a	n/a	n/a
318.054	0.036	saccade	n/a	507.6	575.5	n/a	619.9	560.5	4.11	234.0
318.092	0.136	fixation	n/a	610.0	563.4	4170.0	n/a	n/a	n/a	n/a
318.23	0.024	saccade	n/a	613.0	565.1	n/a	652.4	552.3	1.5	108.0
318.256	0.06	fixation	n/a	644.4	555.5	4106.0	n/a	n/a	n/a	n/a
318.318	0.186	saccade	n/a	642.9	555.6	n/a	333.4	227.1	16.54	830.0
318.352	0.094	blink	n/a	n/a	n/a	n/a	n/a	n/a	n/a	n/a
318.506	0.686	fixation	n/a	325.5	250.4	4036.0	n/a	n/a	n/a	n/a
319.194	0.018	saccade	n/a	325.7	258.9	n/a	336.6	283.2	0.99	70.0
319.214	0.148	fixation	n/a	334.9	280.1	4177.0	n/a	n/a	n/a	n/a
319.364	0.042	saccade	n/a	334.7	282.1	n/a	217.1	158.8	6.26	339.0
319.408	0.112	fixation	n/a	224.3	169.0	4144.0	n/a	n/a	n/a	n/a
319.522	0.03	saccade	n/a	223.2	170.7	n/a	178.2	159.0	1.67	160.0
319.554	0.054	fixation	n/a	182.1	161.8	4120.0	n/a	n/a	n/a	n/a
319.61	0.03	saccade	n/a	180.5	161.9	n/a	122.5	155.0	2.08	173.0
319.642	0.246	fixation	n/a	131.7	159.5	4070.0	n/a	n/a	n/a	n/a
319.89	0.034	saccade	n/a	135.8	162.0	n/a	235.3	164.9	3.56	214.0
319.926	0.334	fixation	n/a	231.8	166.3	4048.0	n/a	n/a	n/a	n/a
319.998	0.0	trigger_11	11	n/a	n/a	n/a	n/a	n/a	n/a	n/a
320.056	0.0	trigger_12	12	n/a	n/a	n/a	n/a	n/a	n/a	n/a
320.262	0.036	saccade	n/a	232.1	169.5	n/a	128.9	163.4	3.7	227.0
320.3	0.218	fixation	n/a	136.3	164.9	4006.0	n/a	n/a	n/a	n/a
320.52	0.148	saccade	n/a	135.3	168.7	n/a	135.9	172.4	0.14	953.0
320.56	0.04	blink	n/a	n/a	n/a	n/a	n/a	n/a	n/a	n/a
320.67	0.096	fixation	n/a	139.9	159.9	4076.0	n/a	n/a	n/a	n/a
320.768	0.03	saccade	n/a	141.3	165.3	n/a	220.2	162.9	2.82	163.0
320.8	0.288	fixation	n/a	206.5	166.3	4024.0	n/a	n/a	n/a	n/a
321.09	0.028	saccade	n/a	204.7	164.7	n/a	259.3	163.6	1.97	140.0
321.12	0.146	fixation	n/a	252.4	165.8	4005.0	n/a	n/a	n/a	n/a
321.268	0.028	saccade	n/a	254.5	165.6	n/a	321.8	165.9	2.45	165.0
321.298	0.266	fixation	n/a	317.2	171.4	3954.0	n/a	n/a	n/a	n/a
321.566	0.032	saccade	n/a	322.1	174.7	n/a	418.8	175.0	3.55	194.0
321.6	0.17	fixation	n/a	411.9	177.9	3910.0	n/a	n/a	n/a	n/a
321.772	0.026	saccade	n/a	416.0	180.2	n/a	456.9	181.8	1.5	113.0
321.8	0.128	fixation	n/a	451.5	182.1	3862.0	n/a	n/a	n/a	n/a
321.93	0.032	saccade	n/a	453.2	182.9	n/a	534.2	182.6	2.97	164.0
321.964	0.128	fixation	n/a	525.7	182.5	3840.0	n/a	n/a	n/a	n/a
322.094	0.026	saccade	n/a	528.9	181.0	n/a	576.7	177.4	1.75	116.0
322.122	0.314	fixation	n/a	575.4	178.6	3867.0	n/a	n/a	n/a	n/a
322.438	0.078	saccade	n/a	580.5	180.2	n/a	170.1	185.7	14.79	415.0
322.518	0.194	fixation	n/a	161.2	187.7	4032.0	n/a	n/a	n/a	n/a
322.714	0.022	saccade	n/a	155.7	191.7	n/a	132.5	219.4	1.31	95.0
322.738	0.212	fixation	n/a	136.8	215.9	4131.0	n/a	n/a	n/a	n/a
322.952	0.034	saccade	n/a	139.0	216.8	n/a	229.8	221.7	3.27	210.0
322.988	0.218	fixation	n/a	225.8	222.4	4202.0	n/a	n/a	n/a	n/a
323.208	0.03	saccade	n/a	229.2	223.1	n/a	295.4	226.8	2.41	162.0
323.24	0.224	fixation	n/a	291.6	230.4	4179.0	n/a	n/a	n/a	n/a
323.466	0.038	saccade	n/a	295.5	233.4	n/a	418.4	234.3	4.52	224.0
323.506	0.144	fixation	n/a	410.0	235.9	4073.0	n/a	n/a	n/a	n/a
323.652	0.03	saccade	n/a	411.9	237.5	n/a	488.3	237.5	2.81	173.0
323.684	0.182	fixation	n/a	481.6	241.9	3990.0	n/a	n/a	n/a	n/a
323.868	0.02	saccade	n/a	485.6	244.0	n/a	520.7	240.2	1.3	92.0
323.89	0.16	fixation	n/a	515.0	243.9	3923.0	n/a	n/a	n/a	n/a
324.052	0.06	saccade	n/a	514.6	245.5	n/a	180.7	307.9	12.38	384.0
324.114	0.14	fixation	n/a	183.1	310.2	3970.0	n/a	n/a	n/a	n/a
324.256	0.02	saccade	n/a	177.2	310.8	n/a	149.7	301.6	1.05	91.0
324.278	0.136	fixation	n/a	155.6	303.8	3988.0	n/a	n/a	n/a	n/a
324.416	0.036	saccade	n/a	156.4	304.7	n/a	270.3	299.9	4.14	237.0
324.454	0.374	fixation	n/a	265.5	304.2	4018.0	n/a	n/a	n/a	n/a
324.83	0.122	saccade	n/a	265.8	311.1	n/a	350.2	285.0	3.25	973.0
324.864	0.036	blink	n/a	n/a	n/a	n/a	n/a	n/a	n/a	n/a
324.954	0.176	fixation	n/a	350.8	302.3	3982.0	n/a	n/a	n/a	n/a
325.132	0.036	saccade	n/a	352.7	304.7	n/a	462.7	306.3	4.07	210.0
325.17	0.272	fixation	n/a	454.5	306.2	3890.0	n/a	n/a	n/a	n/a
325.444	0.028	saccade	n/a	458.5	304.6	n/a	521.7	308.9	2.34	148.0
325.474	0.136	fixation	n/a	515.2	310.8	3801.0	n/a	n/a	n/a	n/a
325.612	0.016	saccade	n/a	517.9	311.3	n/a	537.4	306.1	0.74	54.0
325.63	0.194	fixation	n/a	532.8	306.7	3757.0	n/a	n/a	n/a	n/a
325.826	0.03	saccade	n/a	529.7	305.4	n/a	446.0	297.1	3.1	180.0
325.858	0.248	fixation	n/a	446.5	301.3	3786.0	n/a	n/a	n/a	n/a
326.108	0.036	saccade	n/a	445.7	302.6	n/a	533.1	301.5	3.23	176.0
326.146	0.45	fixation	n/a	530.5	303.1	3804.0	n/a	n/a	n/a	n/a
326.598	0.124	saccade	n/a	532.2	316.1	n/a	487.7	286.2	1.98	1108.0
326.632	0.038	blink	n/a	n/a	n/a	n/a	n/a	n/a	n/a	n/a
326.724	0.35	fixation	n/a	489.0	302.2	3996.0	n/a	n/a	n/a	n/a
327.076	0.024	saccade	n/a	490.8	303.6	n/a	534.4	307.1	1.61	117.0
327.102	0.048	fixation	n/a	525.2	308.4	4098.0	n/a	n/a	n/a	n/a
327.152	0.152	saccade	n/a	524.7	309.5	n/a	644.3	607.7	11.81	1190.0
327.19	0.062	blink	n/a	n/a	n/a	n/a	n/a	n/a	n/a	n/a
327.306	0.078	fixation	n/a	635.0	608.0	4221.0	n/a	n/a	n/a	n/a
327.386	0.028	saccade	n/a	630.7	610.8	n/a	617.7	556.5	2.03	148.0
327.416	0.264	fixation	n/a	621.7	569.4	4224.0	n/a	n/a	n/a	n/a
327.682	0.224	saccade	n/a	626.9	570.8	n/a	425.9	320.5	11.84	1147.0
327.776	0.082	blink	n/a	n/a	n/a	n/a	n/a	n/a	n/a	n/a
327.908	0.242	fixation	n/a	429.6	330.5	4063.0	n/a	n/a	n/a	n/a
328.136	0.0	trigger_13	13	n/a	n/a	n/a	n/a	n/a	n/a	n/a
328.152	0.014	saccade	n/a	429.4	323.2	n/a	428.3	304.1	0.72	62.0
328.168	0.064	fixation	n/a	429.4	312.1	4079.0	n/a	n/a	n/a	n/a
328.196	0.0	trigger_10	10	n/a	n/a	n/a	n/a	n/a	n/a	n/a
328.234	0.034	saccade	n/a	429.1	313.7	n/a	358.3	287.8	2.79	215.0
328.27	0.086	fixation	n/a	362.8	291.2	4074.0	n/a	n/a	n/a	n/a
328.358	0.048	saccade	n/a	360.4	289.1	n/a	211.0	169.4	7.03	339.0
328.408	0.044	fixation	n/a	215.1	172.4	4026.0	n/a	n/a	n/a	n/a
328.454	0.046	saccade	n/a	212.5	172.5	n/a	128.5	158.5	3.05	256.0
328.502	0.234	fixation	n/a	123.4	162.0	3987.0	n/a	n/a	n/a	n/a
328.738	0.028	saccade	n/a	121.8	162.2	n/a	189.8	164.2	2.43	156.0
328.768	0.214	fixation	n/a	183.0	166.6	3915.0	n/a	n/a	n/a	n/a
328.984	0.032	saccade	n/a	185.2	168.2	n/a	267.4	168.4	2.97	178.0
329.018	0.15	fixation	n/a	261.0	171.1	3910.0	n/a	n/a	n/a	n/a
329.17	0.036	saccade	n/a	263.3	171.9	n/a	367.8	172.8	3.81	219.0
329.208	0.124	fixation	n/a	361.8	172.5	3918.0	n/a	n/a	n/a	n/a
329.334	0.038	saccade	n/a	365.2	173.7	n/a	489.7	179.0	4.56	220.0
329.374	0.056	fixation	n/a	480.9	179.3	3883.0	n/a	n/a	n/a	n/a
329.432	0.038	saccade	n/a	482.4	180.5	n/a	605.5	181.1	4.49	239.0
329.472	0.188	fixation	n/a	600.5	183.3	3824.0	n/a	n/a	n/a	n/a
329.662	0.022	saccade	n/a	602.1	184.8	n/a	571.2	178.8	1.15	94.0
329.686	0.048	fixation	n/a	578.8	181.6	3820.0	n/a	n/a	n/a	n/a
329.736	0.016	saccade	n/a	575.4	180.9	n/a	551.8	177.5	0.87	67.0
329.754	0.082	fixation	n/a	556.9	180.3	3811.0	n/a	n/a	n/a	n/a
329.838	0.024	saccade	n/a	555.7	181.6	n/a	521.7	175.7	1.26	98.0
329.864	0.244	fixation	n/a	525.9	179.1	3791.0	n/a	n/a	n/a	n/a
330.11	0.058	saccade	n/a	523.2	181.9	n/a	219.6	224.2	11.17	383.0
330.17	0.118	fixation	n/a	223.6	226.6	3870.0	n/a	n/a	n/a	n/a
330.29	0.03	saccade	n/a	219.8	228.9	n/a	151.5	229.0	2.46	162.0
330.322	0.134	fixation	n/a	158.5	232.8	3897.0	n/a	n/a	n/a	n/a
330.458	0.022	saccade	n/a	155.8	234.3	n/a	124.8	232.2	1.11	93.0
330.482	0.232	fixation	n/a	130.9	234.8	3932.0	n/a	n/a	n/a	n/a
330.716	0.03	saccade	n/a	132.8	236.3	n/a	218.9	237.4	3.1	190.0
330.748	0.18	fixation	n/a	214.2	238.9	3893.0	n/a	n/a	n/a	n/a
330.93	0.032	saccade	n/a	217.5	240.1	n/a	302.6	242.0	3.1	196.0
330.964	0.058	fixation	n/a	296.9	242.9	3885.0	n/a	n/a	n/a	n/a
331.024	0.032	saccade	n/a	299.2	243.7	n/a	371.4	239.0	2.66	190.0
331.058	0.154	fixation	n/a	366.1	240.3	3863.0	n/a	n/a	n/a	n/a
331.214	0.032	saccade	n/a	368.7	240.4	n/a	455.9	242.0	3.22	189.0
331.248	0.2	fixation	n/a	448.3	246.3	3831.0	n/a	n/a	n/a	n/a
331.45	0.116	saccade	n/a	448.6	253.5	n/a	157.4	162.8	11.09	1178.0
331.486	0.024	blink	n/a	n/a	n/a	n/a	n/a	n/a	n/a	n/a
331.568	0.134	fixation	n/a	154.4	173.3	3832.0	n/a	n/a	n/a	n/a
331.704	0.016	saccade	n/a	149.2	173.7	n/a	129.3	165.9	0.76	59.0
331.722	0.414	fixation	n/a	136.5	169.3	3824.0	n/a	n/a	n/a	n/a
332.138	0.024	saccade	n/a	141.1	168.7	n/a	187.9	167.5	1.67	120.0
332.164	0.134	fixation	n/a	183.0	169.1	3838.0	n/a	n/a	n/a	n/a
332.3	0.028	saccade	n/a	186.7	169.2	n/a	250.8	166.7	2.32	144.0
332.33	0.228	fixation	n/a	247.6	170.5	3878.0	n/a	n/a	n/a	n/a
332.56	0.132	saccade	n/a	249.1	176.9	n/a	274.1	164.2	1.02	686.0
332.608	0.012	blink	n/a	n/a	n/a	n/a	n/a	n/a	n/a	n/a
332.694	0.218	fixation	n/a	274.7	167.8	3905.0	n/a	n/a	n/a	n/a
332.914	0.172	saccade	n/a	274.7	164.5	n/a	300.6	160.4	0.96	966.0
332.954	0.074	blink	n/a	n/a	n/a	n/a	n/a	n/a	n/a	n/a
333.088	0.092	fixation	n/a	299.9	173.0	3971.0	n/a	n/a	n/a	n/a
333.182	0.032	saccade	n/a	300.7	177.4	n/a	377.3	168.3	2.82	174.0
333.216	0.234	fixation	n/a	369.7	172.9	3915.0	n/a	n/a	n/a	n/a
333.452	0.024	saccade	n/a	374.1	178.8	n/a	431.6	179.2	2.11	128.0
333.478	0.106	fixation	n/a	428.1	179.7	3880.0	n/a	n/a	n/a	n/a
333.586	0.026	saccade	n/a	428.9	181.0	n/a	483.3	180.3	2.0	134.0
333.614	0.23	fixation	n/a	477.5	182.2	3820.0	n/a	n/a	n/a	n/a
333.846	0.018	saccade	n/a	482.5	185.0	n/a	511.0	183.8	1.05	76.0
333.866	0.102	fixation	n/a	503.2	185.3	3778.0	n/a	n/a	n/a	n/a
333.97	0.026	saccade	n/a	504.1	185.1	n/a	565.5	184.7	2.25	143.0
333.998	0.276	fixation	n/a	557.4	184.3	3726.0	n/a	n/a	n/a	n/a
334.276	0.026	saccade	n/a	560.6	185.3	n/a	619.4	184.2	2.14	129.0
334.304	0.16	fixation	n/a	610.8	184.8	3708.0	n/a	n/a	n/a	n/a
334.466	0.07	saccade	n/a	611.4	184.9	n/a	176.9	228.4	15.77	439.0
334.538	0.148	fixation	n/a	176.0	229.9	3867.0	n/a	n/a	n/a	n/a
334.688	0.026	saccade	n/a	170.2	229.6	n/a	129.2	224.6	1.48	116.0
334.716	0.168	fixation	n/a	133.9	224.5	3917.0	n/a	n/a	n/a	n/a
334.886	0.034	saccade	n/a	133.4	226.7	n/a	234.2	229.5	3.63	218.0
334.922	0.232	fixation	n/a	227.6	231.3	3977.0	n/a	n/a	n/a	n/a
335.156	0.046	saccade	n/a	230.6	235.2	n/a	395.4	238.6	6.04	246.0
335.204	0.2	fixation	n/a	391.0	242.7	3999.0	n/a	n/a	n/a	n/a
335.406	0.126	saccade	n/a	391.0	245.8	n/a	415.8	222.9	1.25	1128.0
335.442	0.032	blink	n/a	n/a	n/a	n/a	n/a	n/a	n/a	n/a
335.534	0.096	fixation	n/a	415.5	235.3	4098.0	n/a	n/a	n/a	n/a
335.632	0.024	saccade	n/a	418.3	243.1	n/a	467.4	243.9	1.81	120.0
335.658	0.14	fixation	n/a	461.5	243.6	4057.0	n/a	n/a	n/a	n/a
335.8	0.044	saccade	n/a	462.5	245.0	n/a	293.0	229.7	6.26	304.0
335.846	0.18	fixation	n/a	299.9	232.3	4077.0	n/a	n/a	n/a	n/a
336.028	0.016	saccade	n/a	295.4	233.7	n/a	271.7	231.3	0.87	70.0
336.046	0.412	fixation	n/a	279.1	231.6	3991.0	n/a	n/a	n/a	n/a
336.46	0.034	saccade	n/a	276.4	232.6	n/a	189.0	228.7	3.18	178.0
336.496	0.246	fixation	n/a	197.0	232.1	3881.0	n/a	n/a	n/a	n/a
336.744	0.032	saccade	n/a	196.6	233.2	n/a	138.2	171.4	3.08	206.0
336.778	0.128	fixation	n/a	145.9	178.8	3867.0	n/a	n/a	n/a	n/a
336.908	0.014	saccade	n/a	144.8	179.1	n/a	133.8	166.6	0.6	52.0
336.924	0.238	fixation	n/a	139.4	171.6	3885.0	n/a	n/a	n/a	n/a
337.164	0.028	saccade	n/a	140.2	171.2	n/a	197.7	167.6	2.06	138.0
337.194	0.184	fixation	n/a	190.9	169.2	3871.0	n/a	n/a	n/a	n/a
337.38	0.03	saccade	n/a	193.0	171.5	n/a	265.8	168.8	2.63	171.0
337.412	0.512	fixation	n/a	255.6	172.3	3832.0	n/a	n/a	n/a	n/a
337.926	0.152	saccade	n/a	249.2	178.0	n/a	267.7	167.9	0.77	951.0
337.962	0.048	blink	n/a	n/a	n/a	n/a	n/a	n/a	n/a	n/a
338.08	0.198	fixation	n/a	269.0	175.2	3974.0	n/a	n/a	n/a	n/a
338.28	0.024	saccade	n/a	270.9	186.6	n/a	276.2	227.2	1.51	101.0
338.306	0.1	fixation	n/a	275.8	221.8	3955.0	n/a	n/a	n/a	n/a
338.408	0.038	saccade	n/a	276.0	222.6	n/a	141.2	219.6	4.87	261.0
338.448	0.216	fixation	n/a	151.1	222.2	4001.0	n/a	n/a	n/a	n/a
338.666	0.018	saccade	n/a	145.2	223.1	n/a	120.0	223.1	0.9	69.0
338.686	0.4	fixation	n/a	128.4	224.7	4012.0	n/a	n/a	n/a	n/a
338.952	0.0	trigger_11	11	n/a	n/a	n/a	n/a	n/a	n/a	n/a
339.014	0.0	trigger_10	10	n/a	n/a	n/a	n/a	n/a	n/a	n/a
339.088	0.026	saccade	n/a	130.0	223.1	n/a	171.9	203.0	1.67	130.0
339.116	0.108	fixation	n/a	165.8	207.0	3991.0	n/a	n/a	n/a	n/a
339.226	0.028	saccade	n/a	166.3	205.0	n/a	132.9	159.1	2.05	137.0
339.256	0.328	fixation	n/a	139.6	170.2	4023.0	n/a	n/a	n/a	n/a
339.586	0.024	saccade	n/a	136.3	172.2	n/a	102.3	163.4	1.25	104.0
339.612	0.164	fixation	n/a	111.6	167.6	4018.0	n/a	n/a	n/a	n/a
339.778	0.146	saccade	n/a	114.4	173.1	n/a	157.0	176.0	1.52	979.0
339.816	0.048	blink	n/a	n/a	n/a	n/a	n/a	n/a	n/a	n/a
339.926	0.02	fixation	n/a	158.6	168.6	4046.0	n/a	n/a	n/a	n/a
339.948	0.034	saccade	n/a	160.8	163.9	n/a	244.0	173.0	3.01	170.0
339.984	0.16	fixation	n/a	238.7	177.3	3990.0	n/a	n/a	n/a	n/a
340.146	0.016	saccade	n/a	240.0	177.5	n/a	219.1	174.6	0.76	61.0
340.164	0.186	fixation	n/a	226.7	175.4	3963.0	n/a	n/a	n/a	n/a
340.352	0.032	saccade	n/a	229.5	175.4	n/a	307.6	169.3	2.84	185.0
340.386	0.522	fixation	n/a	292.3	171.6	3828.0	n/a	n/a	n/a	n/a
340.91	0.044	saccade	n/a	285.1	175.6	n/a	424.4	172.4	5.09	224.0
340.956	0.084	fixation	n/a	416.7	173.2	3704.0	n/a	n/a	n/a	n/a
341.042	0.028	saccade	n/a	418.4	174.2	n/a	480.9	177.0	2.3	149.0
341.072	0.168	fixation	n/a	477.2	179.0	3668.0	n/a	n/a	n/a	n/a
341.242	0.028	saccade	n/a	480.7	181.3	n/a	550.8	180.9	2.57	147.0
341.272	0.18	fixation	n/a	545.1	183.0	3640.0	n/a	n/a	n/a	n/a
341.454	0.066	saccade	n/a	545.0	184.2	n/a	175.1	220.2	13.49	406.0
341.522	0.118	fixation	n/a	177.2	220.8	3746.0	n/a	n/a	n/a	n/a
341.642	0.024	saccade	n/a	172.0	223.0	n/a	125.3	228.3	1.68	120.0
341.668	0.282	fixation	n/a	129.6	229.4	3768.0	n/a	n/a	n/a	n/a
341.952	0.034	saccade	n/a	129.6	230.4	n/a	238.1	231.8	3.9	206.0
341.988	0.252	fixation	n/a	230.2	234.2	3774.0	n/a	n/a	n/a	n/a
342.242	0.03	saccade	n/a	233.2	236.1	n/a	315.7	237.3	3.01	181.0
342.274	0.056	fixation	n/a	308.5	238.1	3701.0	n/a	n/a	n/a	n/a
342.332	0.15	saccade	n/a	308.9	241.8	n/a	313.9	223.8	0.69	933.0
342.368	0.058	blink	n/a	n/a	n/a	n/a	n/a	n/a	n/a	n/a
342.484	0.054	fixation	n/a	313.4	232.1	3745.0	n/a	n/a	n/a	n/a
342.54	0.032	saccade	n/a	312.3	239.9	n/a	246.3	232.5	2.42	172.0
342.574	0.044	fixation	n/a	251.6	233.8	3694.0	n/a	n/a	n/a	n/a
342.62	0.026	saccade	n/a	247.7	234.5	n/a	211.2	233.9	1.33	115.0
342.648	0.15	fixation	n/a	215.5	234.3	3686.0	n/a	n/a	n/a	n/a
342.8	0.028	saccade	n/a	215.8	233.0	n/a	276.8	233.1	2.22	144.0
342.83	0.238	fixation	n/a	271.9	234.8	3722.0	n/a	n/a	n/a	n/a
343.07	0.038	saccade	n/a	272.8	235.2	n/a	156.0	164.3	4.95	262.0
343.11	0.26	fixation	n/a	164.2	169.0	3735.0	n/a	n/a	n/a	n/a
343.372	0.024	saccade	n/a	164.6	169.5	n/a	203.0	169.2	1.38	103.0
343.398	0.238	fixation	n/a	198.8	171.2	3778.0	n/a	n/a	n/a	n/a
343.638	0.026	saccade	n/a	198.1	173.4	n/a	129.5	162.1	2.48	152.0
343.666	0.17	fixation	n/a	136.7	164.0	3817.0	n/a	n/a	n/a	n/a
343.838	0.138	saccade	n/a	137.0	170.9	n/a	170.3	172.7	1.19	983.0
343.876	0.038	blink	n/a	n/a	n/a	n/a	n/a	n/a	n/a	n/a
343.978	0.058	fixation	n/a	174.0	167.4	3903.0	n/a	n/a	n/a	n/a
344.038	0.044	saccade	n/a	176.0	171.4	n/a	350.5	169.4	6.32	286.0
344.084	0.448	fixation	n/a	350.5	175.2	3923.0	n/a	n/a	n/a	n/a
344.534	0.014	saccade	n/a	351.7	186.1	n/a	350.8	201.6	0.58	48.0
344.55	0.142	fixation	n/a	350.2	201.3	4018.0	n/a	n/a	n/a	n/a
344.694	0.202	saccade	n/a	348.1	201.4	n/a	263.7	184.9	3.15	1017.0
344.736	0.068	blink	n/a	n/a	n/a	n/a	n/a	n/a	n/a	n/a
344.898	0.124	fixation	n/a	263.5	190.0	4165.0	n/a	n/a	n/a	n/a
345.024	0.028	saccade	n/a	261.5	197.3	n/a	193.7	207.8	2.49	151.0
345.054	0.29	fixation	n/a	203.8	214.9	4118.0	n/a	n/a	n/a	n/a
345.12	0.0	trigger_11	11	n/a	n/a	n/a	n/a	n/a	n/a	n/a
345.178	0.0	trigger_10	10	n/a	n/a	n/a	n/a	n/a	n/a	n/a
345.346	0.032	saccade	n/a	199.7	212.3	n/a	142.7	155.8	2.9	198.0
345.38	0.124	fixation	n/a	148.5	163.1	4081.0	n/a	n/a	n/a	n/a
345.506	0.016	saccade	n/a	143.3	162.3	n/a	121.9	155.2	0.8	65.0
345.524	0.114	fixation	n/a	126.4	160.8	4019.0	n/a	n/a	n/a	n/a
345.64	0.172	saccade	n/a	126.1	160.2	n/a	146.8	172.7	0.86	1007.0
345.68	0.066	blink	n/a	n/a	n/a	n/a	n/a	n/a	n/a	n/a
345.814	0.122	fixation	n/a	152.1	167.0	3926.0	n/a	n/a	n/a	n/a
345.938	0.02	saccade	n/a	155.5	171.0	n/a	192.8	168.4	1.34	95.0
345.96	0.09	fixation	n/a	187.7	171.7	3845.0	n/a	n/a	n/a	n/a
346.052	0.034	saccade	n/a	189.7	171.3	n/a	284.6	170.5	3.43	213.0
346.088	0.366	fixation	n/a	283.7	171.9	3824.0	n/a	n/a	n/a	n/a
346.456	0.028	saccade	n/a	288.9	172.2	n/a	356.6	171.2	2.47	146.0
346.486	0.246	fixation	n/a	350.9	172.5	3847.0	n/a	n/a	n/a	n/a
346.734	0.028	saccade	n/a	355.3	174.8	n/a	424.0	172.9	2.52	153.0
346.764	0.096	fixation	n/a	416.5	174.4	3869.0	n/a	n/a	n/a	n/a
346.862	0.036	saccade	n/a	418.0	175.1	n/a	544.1	178.2	4.61	247.0
346.9	0.102	fixation	n/a	534.6	180.5	3844.0	n/a	n/a	n/a	n/a
347.004	0.03	saccade	n/a	537.9	182.3	n/a	613.1	184.4	2.74	178.0
347.036	0.08	fixation	n/a	605.9	187.1	3814.0	n/a	n/a	n/a	n/a
347.118	0.024	saccade	n/a	608.8	187.0	n/a	652.5	185.9	1.58	108.0
347.144	0.158	fixation	n/a	648.2	188.0	3783.0	n/a	n/a	n/a	n/a
347.304	0.076	saccade	n/a	648.9	188.5	n/a	172.5	224.5	17.16	418.0
347.382	0.36	fixation	n/a	172.1	228.4	3942.0	n/a	n/a	n/a	n/a
347.744	0.036	saccade	n/a	173.2	232.9	n/a	282.2	234.5	3.96	234.0
347.782	0.238	fixation	n/a	280.2	238.0	4064.0	n/a	n/a	n/a	n/a
348.022	0.04	saccade	n/a	283.3	239.4	n/a	417.9	236.0	4.95	263.0
348.064	0.16	fixation	n/a	410.3	237.3	4056.0	n/a	n/a	n/a	n/a
348.226	0.028	saccade	n/a	412.3	238.0	n/a	465.0	240.9	1.95	138.0
348.256	0.138	fixation	n/a	457.8	242.4	4039.0	n/a	n/a	n/a	n/a
348.396	0.024	saccade	n/a	459.5	244.2	n/a	517.9	244.9	2.15	129.0
348.422	0.136	fixation	n/a	513.4	246.5	3937.0	n/a	n/a	n/a	n/a
348.56	0.028	saccade	n/a	514.7	247.6	n/a	585.5	239.2	2.61	154.0
348.59	0.348	fixation	n/a	576.8	241.4	3820.0	n/a	n/a	n/a	n/a
348.94	0.072	saccade	n/a	573.7	240.5	n/a	198.0	288.1	13.75	308.0
349.014	0.138	fixation	n/a	198.3	289.4	3917.0	n/a	n/a	n/a	n/a
349.154	0.024	saccade	n/a	190.3	290.6	n/a	156.4	289.8	1.22	108.0
349.18	0.22	fixation	n/a	158.5	291.8	3955.0	n/a	n/a	n/a	n/a
349.402	0.1	saccade	n/a	154.1	298.5	n/a	98.1	286.8	2.04	814.0
349.504	0.1	fixation	n/a	101.6	292.3	4054.0	n/a	n/a	n/a	n/a
349.606	0.038	saccade	n/a	103.6	292.6	n/a	124.7	169.0	4.56	266.0
349.646	0.262	fixation	n/a	126.1	175.3	3978.0	n/a	n/a	n/a	n/a
349.91	0.028	saccade	n/a	133.5	175.2	n/a	195.1	162.9	2.24	149.0
349.94	0.2	fixation	n/a	188.6	167.1	3909.0	n/a	n/a	n/a	n/a
350.142	0.032	saccade	n/a	188.5	170.2	n/a	118.4	159.8	2.52	169.0
350.176	0.28	fixation	n/a	124.2	162.8	3859.0	n/a	n/a	n/a	n/a
350.458	0.12	saccade	n/a	124.1	167.8	n/a	216.9	166.9	3.31	716.0
350.58	0.114	fixation	n/a	220.0	169.1	3907.0	n/a	n/a	n/a	n/a
350.696	0.03	saccade	n/a	221.6	172.8	n/a	293.4	170.8	2.6	175.0
350.728	0.184	fixation	n/a	288.0	172.5	3896.0	n/a	n/a	n/a	n/a
350.914	0.032	saccade	n/a	293.7	174.7	n/a	380.8	171.0	3.18	194.0
350.948	0.08	fixation	n/a	372.8	172.5	3897.0	n/a	n/a	n/a	n/a
351.03	0.038	saccade	n/a	374.0	175.2	n/a	495.1	175.4	4.44	228.0
351.07	0.176	fixation	n/a	487.3	177.9	3848.0	n/a	n/a	n/a	n/a
351.248	0.032	saccade	n/a	488.3	180.4	n/a	407.3	172.1	2.98	184.0
351.282	0.14	fixation	n/a	414.5	174.9	3883.0	n/a	n/a	n/a	n/a
351.424	0.024	saccade	n/a	410.9	176.4	n/a	373.3	176.1	1.38	114.0
351.45	0.208	fixation	n/a	377.8	177.4	3853.0	n/a	n/a	n/a	n/a
351.66	0.126	saccade	n/a	375.9	176.4	n/a	554.6	172.1	6.55	1053.0
351.696	0.038	blink	n/a	n/a	n/a	n/a	n/a	n/a	n/a	n/a
351.788	0.202	fixation	n/a	553.8	183.7	3855.0	n/a	n/a	n/a	n/a
351.992	0.014	saccade	n/a	552.0	183.7	n/a	534.9	179.2	0.65	56.0
352.008	0.064	fixation	n/a	539.8	180.9	3870.0	n/a	n/a	n/a	n/a
352.074	0.024	saccade	n/a	537.9	180.3	n/a	500.3	174.1	1.4	118.0
352.1	0.258	fixation	n/a	503.2	175.8	3821.0	n/a	n/a	n/a	n/a
352.36	0.036	saccade	n/a	492.5	180.8	n/a	598.3	185.7	3.87	210.0
352.398	0.156	fixation	n/a	587.9	186.1	3762.0	n/a	n/a	n/a	n/a
352.556	0.028	saccade	n/a	589.4	187.5	n/a	650.8	188.0	2.22	132.0
352.586	0.156	fixation	n/a	642.3	191.3	3736.0	n/a	n/a	n/a	n/a
352.744	0.16	saccade	n/a	640.2	196.3	n/a	153.9	233.2	17.51	1205.0
352.794	0.042	blink	n/a	n/a	n/a	n/a	n/a	n/a	n/a	n/a
352.906	0.104	fixation	n/a	156.6	234.5	3824.0	n/a	n/a	n/a	n/a
353.012	0.022	saccade	n/a	154.6	238.1	n/a	123.8	233.0	1.11	89.0
353.036	0.19	fixation	n/a	134.3	236.2	3783.0	n/a	n/a	n/a	n/a
353.228	0.036	saccade	n/a	139.0	236.7	n/a	239.3	235.2	3.61	208.0
353.266	0.18	fixation	n/a	237.9	239.4	3760.0	n/a	n/a	n/a	n/a
353.448	0.022	saccade	n/a	244.1	241.0	n/a	281.4	236.2	1.37	98.0
353.472	0.094	fixation	n/a	274.2	239.5	3724.0	n/a	n/a	n/a	n/a
353.568	0.03	saccade	n/a	275.0	242.5	n/a	366.1	230.4	3.37	188.0
353.6	0.214	fixation	n/a	359.5	233.0	3593.0	n/a	n/a	n/a	n/a
353.816	0.03	saccade	n/a	362.9	235.1	n/a	430.6	234.7	2.49	147.0
353.848	0.086	fixation	n/a	423.7	236.3	3474.0	n/a	n/a	n/a	n/a
353.936	0.026	saccade	n/a	424.8	237.0	n/a	485.7	235.2	2.24	135.0
353.964	0.154	fixation	n/a	479.9	236.2	3428.0	n/a	n/a	n/a	n/a
354.12	0.028	saccade	n/a	481.7	237.0	n/a	551.9	239.5	2.58	140.0
354.15	0.172	fixation	n/a	546.3	241.7	3431.0	n/a	n/a	n/a	n/a
354.324	0.02	saccade	n/a	546.5	242.3	n/a	576.8	239.8	1.11	80.0
354.346	0.686	fixation	n/a	581.8	248.4	3603.0	n/a	n/a	n/a	n/a
355.034	0.074	saccade	n/a	595.7	251.6	n/a	162.7	271.8	15.71	413.0
355.11	0.132	fixation	n/a	166.6	272.6	3877.0	n/a	n/a	n/a	n/a
355.244	0.024	saccade	n/a	163.2	274.5	n/a	127.9	287.3	1.35	109.0
355.27	0.208	fixation	n/a	135.0	287.2	3949.0	n/a	n/a	n/a	n/a
355.48	0.202	saccade	n/a	135.0	291.7	n/a	188.7	287.7	1.93	897.0
355.546	0.068	blink	n/a	n/a	n/a	n/a	n/a	n/a	n/a	n/a
355.684	0.116	fixation	n/a	190.6	292.3	4029.0	n/a	n/a	n/a	n/a
355.802	0.014	saccade	n/a	188.2	297.1	n/a	168.1	296.2	0.73	60.0
355.818	0.424	fixation	n/a	173.4	297.1	4009.0	n/a	n/a	n/a	n/a
356.244	0.026	saccade	n/a	172.6	295.4	n/a	219.3	293.0	1.69	118.0
356.272	0.132	fixation	n/a	214.8	297.5	3933.0	n/a	n/a	n/a	n/a
356.406	0.024	saccade	n/a	218.8	300.5	n/a	260.1	300.1	1.5	107.0
356.432	0.342	fixation	n/a	257.4	300.4	3864.0	n/a	n/a	n/a	n/a
356.776	0.034	saccade	n/a	263.5	296.9	n/a	179.8	227.4	3.97	220.0
356.812	0.212	fixation	n/a	189.7	232.4	3871.0	n/a	n/a	n/a	n/a
357.026	0.034	saccade	n/a	189.2	230.1	n/a	136.3	156.1	3.29	201.0
357.062	0.292	fixation	n/a	144.3	163.9	3934.0	n/a	n/a	n/a	n/a
357.356	0.026	saccade	n/a	147.7	164.6	n/a	207.7	156.1	2.16	137.0
357.384	0.166	fixation	n/a	200.4	161.6	3987.0	n/a	n/a	n/a	n/a
357.552	0.036	saccade	n/a	204.2	164.1	n/a	320.9	166.4	4.22	237.0
357.59	0.224	fixation	n/a	316.7	169.2	3990.0	n/a	n/a	n/a	n/a
357.816	0.026	saccade	n/a	322.5	171.8	n/a	390.6	170.0	2.49	152.0
357.844	0.074	fixation	n/a	385.8	172.1	3987.0	n/a	n/a	n/a	n/a
357.92	0.026	saccade	n/a	388.0	173.6	n/a	447.5	173.9	2.18	145.0
357.948	0.334	fixation	n/a	442.3	176.9	3987.0	n/a	n/a	n/a	n/a
358.284	0.018	saccade	n/a	441.3	177.9	n/a	412.3	171.6	1.09	80.0
358.304	0.066	fixation	n/a	421.0	174.6	3940.0	n/a	n/a	n/a	n/a
358.372	0.032	saccade	n/a	422.3	176.6	n/a	344.8	170.7	2.85	214.0
358.406	0.224	fixation	n/a	347.8	172.5	3911.0	n/a	n/a	n/a	n/a
358.632	0.044	saccade	n/a	346.0	174.1	n/a	486.7	174.6	5.15	215.0
358.678	0.046	fixation	n/a	478.1	175.6	3873.0	n/a	n/a	n/a	n/a
358.726	0.032	saccade	n/a	479.8	175.0	n/a	560.6	174.9	2.95	192.0
358.76	0.168	fixation	n/a	553.1	178.7	3891.0	n/a	n/a	n/a	n/a
358.93	0.02	saccade	n/a	555.5	180.6	n/a	593.0	185.9	1.38	95.0
358.952	0.082	fixation	n/a	585.5	186.5	3901.0	n/a	n/a	n/a	n/a
359.036	0.016	saccade	n/a	588.2	187.4	n/a	607.6	187.5	0.71	55.0
359.054	0.324	fixation	n/a	602.5	189.8	3927.0	n/a	n/a	n/a	n/a
359.38	0.022	saccade	n/a	600.4	191.1	n/a	563.4	185.6	1.36	100.0
359.404	0.13	fixation	n/a	570.7	187.3	3964.0	n/a	n/a	n/a	n/a
359.536	0.056	saccade	n/a	568.5	190.6	n/a	279.7	293.2	11.23	357.0
359.594	0.056	fixation	n/a	288.1	292.0	4108.0	n/a	n/a	n/a	n/a
359.652	0.034	saccade	n/a	285.1	291.5	n/a	188.8	287.5	3.5	248.0
359.688	0.912	fixation	n/a	184.7	294.1	4104.0	n/a	n/a	n/a	n/a
360.602	0.048	saccade	n/a	179.8	294.2	n/a	362.1	171.8	8.01	348.0
360.652	0.272	fixation	n/a	360.4	172.3	4067.0	n/a	n/a	n/a	n/a
360.926	0.028	saccade	n/a	366.2	175.5	n/a	435.4	175.7	2.53	149.0
360.956	0.578	fixation	n/a	426.7	179.9	4176.0	n/a	n/a	n/a	n/a
361.536	0.114	saccade	n/a	423.8	173.5	n/a	227.7	255.3	7.76	995.0
361.58	0.008	blink	n/a	n/a	n/a	n/a	n/a	n/a	n/a	n/a
361.652	0.174	fixation	n/a	236.2	272.4	4304.0	n/a	n/a	n/a	n/a
361.828	0.02	saccade	n/a	232.7	278.5	n/a	208.8	301.4	1.21	87.0
361.85	0.118	fixation	n/a	213.1	299.8	4318.0	n/a	n/a	n/a	n/a
361.97	0.028	saccade	n/a	211.7	300.1	n/a	273.6	300.4	2.26	153.0
362.0	0.432	fixation	n/a	264.4	300.8	4261.0	n/a	n/a	n/a	n/a
362.434	0.034	saccade	n/a	261.9	303.7	n/a	162.8	295.9	3.61	202.0
362.47	0.282	fixation	n/a	176.8	299.7	4125.0	n/a	n/a	n/a	n/a
362.754	0.132	saccade	n/a	185.5	302.7	n/a	191.9	268.1	1.3	790.0
362.794	0.026	blink	n/a	n/a	n/a	n/a	n/a	n/a	n/a	n/a
362.888	0.054	fixation	n/a	194.6	273.4	4119.0	n/a	n/a	n/a	n/a
362.944	0.058	saccade	n/a	196.0	279.3	n/a	490.2	185.1	11.25	343.0
363.004	0.262	fixation	n/a	487.7	180.8	3899.0	n/a	n/a	n/a	n/a
363.268	0.048	saccade	n/a	487.1	181.8	n/a	297.1	266.0	7.63	341.0
363.318	0.14	fixation	n/a	298.6	267.4	3935.0	n/a	n/a	n/a	n/a
363.46	0.022	saccade	n/a	294.2	271.5	n/a	261.7	296.1	1.5	101.0
363.484	0.142	fixation	n/a	265.3	293.0	3936.0	n/a	n/a	n/a	n/a
363.628	0.04	saccade	n/a	266.2	291.5	n/a	340.4	185.4	4.78	228.0
363.67	0.144	fixation	n/a	338.7	189.5	3903.0	n/a	n/a	n/a	n/a
363.816	0.026	saccade	n/a	346.1	187.6	n/a	401.8	173.1	2.11	136.0
363.844	0.14	fixation	n/a	395.7	176.1	3848.0	n/a	n/a	n/a	n/a
363.986	0.016	saccade	n/a	400.6	174.4	n/a	424.0	166.4	0.91	71.0
364.004	0.576	fixation	n/a	432.5	170.2	3810.0	n/a	n/a	n/a	n/a
364.582	0.122	saccade	n/a	438.5	177.8	n/a	555.2	158.4	4.33	1054.0
364.62	0.034	blink	n/a	n/a	n/a	n/a	n/a	n/a	n/a	n/a
364.706	0.204	fixation	n/a	554.4	175.4	3915.0	n/a	n/a	n/a	n/a
364.912	0.028	saccade	n/a	557.2	177.8	n/a	609.1	179.1	1.89	129.0
364.942	0.352	fixation	n/a	603.7	180.4	3968.0	n/a	n/a	n/a	n/a
365.296	0.052	saccade	n/a	602.1	180.8	n/a	342.1	268.1	10.02	378.0
365.35	0.14	fixation	n/a	342.1	268.5	4130.0	n/a	n/a	n/a	n/a
365.492	0.026	saccade	n/a	335.5	268.4	n/a	286.9	263.5	1.79	131.0
365.52	0.04	fixation	n/a	295.1	264.4	4151.0	n/a	n/a	n/a	n/a
365.562	0.034	saccade	n/a	295.2	262.7	n/a	223.5	209.1	3.28	221.0
365.598	0.028	fixation	n/a	228.8	214.2	4154.0	n/a	n/a	n/a	n/a
365.628	0.032	saccade	n/a	227.8	215.6	n/a	150.0	225.4	2.82	210.0
365.662	0.246	fixation	n/a	153.4	224.1	4189.0	n/a	n/a	n/a	n/a
365.91	0.03	saccade	n/a	155.1	226.0	n/a	236.3	224.1	2.92	177.0
365.942	0.118	fixation	n/a	229.8	224.6	4200.0	n/a	n/a	n/a	n/a
366.062	0.028	saccade	n/a	233.5	224.7	n/a	301.9	224.3	2.49	164.0
366.092	0.14	fixation	n/a	293.9	224.9	4175.0	n/a	n/a	n/a	n/a
366.234	0.034	saccade	n/a	296.1	226.2	n/a	405.6	226.3	4.01	235.0
366.27	0.166	fixation	n/a	399.9	227.8	4107.0	n/a	n/a	n/a	n/a
366.438	0.052	saccade	n/a	401.4	228.9	n/a	161.7	157.6	9.06	368.0
366.492	0.17	fixation	n/a	162.4	160.9	4071.0	n/a	n/a	n/a	n/a
366.664	0.022	saccade	n/a	159.5	160.7	n/a	124.3	156.3	1.26	97.0
366.688	0.138	fixation	n/a	130.5	157.2	4061.0	n/a	n/a	n/a	n/a
366.828	0.03	saccade	n/a	132.8	157.8	n/a	206.0	155.5	2.61	178.0
366.86	0.602	fixation	n/a	195.7	162.0	4045.0	n/a	n/a	n/a	n/a
367.464	0.078	saccade	n/a	187.7	168.9	n/a	272.9	147.2	3.17	713.0
367.544	0.22	fixation	n/a	276.3	158.6	4033.0	n/a	n/a	n/a	n/a
367.766	0.158	saccade	n/a	278.2	156.9	n/a	565.2	238.0	10.86	1131.0
367.806	0.068	blink	n/a	n/a	n/a	n/a	n/a	n/a	n/a	n/a
367.926	0.116	fixation	n/a	563.6	249.0	4084.0	n/a	n/a	n/a	n/a
368.044	0.022	saccade	n/a	565.1	249.2	n/a	599.1	240.6	1.28	92.0
368.068	0.284	fixation	n/a	592.0	249.6	4055.0	n/a	n/a	n/a	n/a
368.354	0.016	saccade	n/a	589.9	250.8	n/a	569.3	242.0	0.82	66.0
368.372	0.286	fixation	n/a	573.5	246.6	3898.0	n/a	n/a	n/a	n/a
368.66	0.058	saccade	n/a	569.4	248.1	n/a	277.1	263.2	10.68	356.0
368.72	0.124	fixation	n/a	281.4	264.9	3971.0	n/a	n/a	n/a	n/a
368.846	0.162	saccade	n/a	279.1	271.2	n/a	206.1	319.1	3.19	860.0
368.888	0.048	blink	n/a	n/a	n/a	n/a	n/a	n/a	n/a	n/a
369.01	0.052	fixation	n/a	207.8	302.3	4058.0	n/a	n/a	n/a	n/a
369.064	0.174	saccade	n/a	209.3	302.8	n/a	189.6	278.8	1.14	833.0
369.108	0.068	blink	n/a	n/a	n/a	n/a	n/a	n/a	n/a	n/a
369.24	0.418	fixation	n/a	189.7	288.0	4099.0	n/a	n/a	n/a	n/a
369.426	0.0	trigger_11	11	n/a	n/a	n/a	n/a	n/a	n/a	n/a
369.49	0.0	trigger_10	10	n/a	n/a	n/a	n/a	n/a	n/a	n/a
369.66	0.034	saccade	n/a	186.1	287.3	n/a	183.1	199.6	3.23	193.0
369.696	0.028	fixation	n/a	181.6	206.5	4061.0	n/a	n/a	n/a	n/a
369.726	0.032	saccade	n/a	179.9	208.2	n/a	131.3	149.1	2.76	213.0
369.76	0.152	fixation	n/a	133.4	155.9	3992.0	n/a	n/a	n/a	n/a
369.914	0.014	saccade	n/a	128.2	155.6	n/a	111.1	152.5	0.61	52.0
369.93	0.286	fixation	n/a	119.1	157.3	3923.0	n/a	n/a	n/a	n/a
370.218	0.03	saccade	n/a	124.2	160.6	n/a	193.9	160.9	2.48	161.0
370.25	0.13	fixation	n/a	187.5	163.7	3919.0	n/a	n/a	n/a	n/a
370.382	0.024	saccade	n/a	187.3	162.7	n/a	137.0	155.1	1.81	131.0
370.408	0.072	fixation	n/a	145.8	156.8	3875.0	n/a	n/a	n/a	n/a
370.482	0.024	saccade	n/a	145.4	158.0	n/a	110.9	151.6	1.24	112.0
370.508	0.174	fixation	n/a	117.6	152.0	3869.0	n/a	n/a	n/a	n/a
370.684	0.032	saccade	n/a	119.6	152.4	n/a	211.0	156.3	3.26	198.0
370.718	0.158	fixation	n/a	205.0	161.3	3914.0	n/a	n/a	n/a	n/a
370.878	0.034	saccade	n/a	210.1	162.1	n/a	310.3	163.0	3.62	213.0
370.914	0.156	fixation	n/a	304.8	165.1	3981.0	n/a	n/a	n/a	n/a
371.072	0.032	saccade	n/a	307.6	166.4	n/a	399.5	168.6	3.35	195.0
371.106	0.128	fixation	n/a	392.4	171.5	3985.0	n/a	n/a	n/a	n/a
371.236	0.034	saccade	n/a	395.5	172.4	n/a	491.1	173.0	3.5	207.0
371.272	0.192	fixation	n/a	483.7	173.7	3904.0	n/a	n/a	n/a	n/a
371.466	0.026	saccade	n/a	486.4	174.2	n/a	554.2	172.0	2.48	146.0
371.494	0.124	fixation	n/a	546.9	174.2	3859.0	n/a	n/a	n/a	n/a
371.62	0.028	saccade	n/a	548.0	176.7	n/a	611.4	179.5	2.3	145.0
371.65	0.1	fixation	n/a	602.6	180.7	3861.0	n/a	n/a	n/a	n/a
371.752	0.078	saccade	n/a	601.7	182.0	n/a	180.0	149.2	15.22	442.0
371.832	0.458	fixation	n/a	169.4	155.5	4036.0	n/a	n/a	n/a	n/a
372.292	0.028	saccade	n/a	169.7	154.5	n/a	228.1	154.6	2.09	148.0
372.322	0.15	fixation	n/a	221.7	158.1	4188.0	n/a	n/a	n/a	n/a
372.474	0.032	saccade	n/a	223.6	158.7	n/a	312.2	163.6	3.21	197.0
372.508	0.09	fixation	n/a	302.3	163.9	4209.0	n/a	n/a	n/a	n/a
372.6	0.15	saccade	n/a	301.5	166.9	n/a	341.2	148.1	1.6	1205.0
372.636	0.052	blink	n/a	n/a	n/a	n/a	n/a	n/a	n/a	n/a
372.752	0.136	fixation	n/a	340.6	160.8	4237.0	n/a	n/a	n/a	n/a
372.89	0.034	saccade	n/a	342.4	165.7	n/a	428.1	164.8	3.13	196.0
372.926	0.168	fixation	n/a	420.1	168.0	4148.0	n/a	n/a	n/a	n/a
373.096	0.026	saccade	n/a	424.6	167.7	n/a	474.9	166.9	1.84	124.0
373.124	0.116	fixation	n/a	468.3	168.6	4085.0	n/a	n/a	n/a	n/a
373.242	0.034	saccade	n/a	470.4	169.5	n/a	559.3	171.0	3.24	190.0
373.278	0.1	fixation	n/a	550.3	171.3	4035.0	n/a	n/a	n/a	n/a
373.38	0.028	saccade	n/a	551.8	171.4	n/a	608.1	171.9	2.04	153.0
373.41	0.122	fixation	n/a	601.2	172.1	4033.0	n/a	n/a	n/a	n/a
373.534	0.084	saccade	n/a	602.3	171.6	n/a	160.8	196.9	15.91	428.0
373.62	0.132	fixation	n/a	152.1	200.2	4129.0	n/a	n/a	n/a	n/a
373.754	0.014	saccade	n/a	146.1	204.3	n/a	130.5	207.9	0.57	51.0
373.77	0.142	fixation	n/a	135.7	214.0	4129.0	n/a	n/a	n/a	n/a
373.914	0.034	saccade	n/a	136.8	217.4	n/a	237.7	219.9	3.62	224.0
373.95	0.094	fixation	n/a	231.5	222.1	4136.0	n/a	n/a	n/a	n/a
374.046	0.032	saccade	n/a	234.7	222.7	n/a	319.0	222.7	3.07	202.0
374.08	0.152	fixation	n/a	312.8	227.6	4113.0	n/a	n/a	n/a	n/a
374.234	0.024	saccade	n/a	317.7	230.0	n/a	355.3	231.6	1.38	110.0
374.26	0.09	fixation	n/a	350.2	232.8	4109.0	n/a	n/a	n/a	n/a
374.352	0.024	saccade	n/a	353.5	233.6	n/a	399.8	232.7	1.7	119.0
374.378	0.25	fixation	n/a	394.0	233.3	4080.0	n/a	n/a	n/a	n/a
374.63	0.02	saccade	n/a	398.5	235.2	n/a	431.3	234.3	1.21	92.0
374.652	0.092	fixation	n/a	424.9	236.0	4044.0	n/a	n/a	n/a	n/a
374.746	0.036	saccade	n/a	426.3	237.2	n/a	528.9	235.3	3.77	210.0
374.784	0.238	fixation	n/a	522.4	237.5	3992.0	n/a	n/a	n/a	n/a
375.024	0.06	saccade	n/a	523.7	239.5	n/a	174.3	294.1	12.82	401.0
375.086	0.18	fixation	n/a	177.7	298.1	4140.0	n/a	n/a	n/a	n/a
375.268	0.024	saccade	n/a	171.9	299.8	n/a	127.8	290.8	1.61	113.0
375.294	0.442	fixation	n/a	136.8	294.8	4114.0	n/a	n/a	n/a	n/a
375.738	0.026	saccade	n/a	139.3	294.3	n/a	190.2	289.9	1.83	130.0
375.766	0.272	fixation	n/a	184.3	292.4	4058.0	n/a	n/a	n/a	n/a
376.04	0.13	saccade	n/a	185.0	300.3	n/a	224.6	246.2	2.46	1007.0
376.076	0.042	blink	n/a	n/a	n/a	n/a	n/a	n/a	n/a	n/a
376.172	0.032	fixation	n/a	226.4	248.7	4079.0	n/a	n/a	n/a	n/a
376.206	0.04	saccade	n/a	227.2	254.7	n/a	166.9	140.9	4.7	266.0
376.248	0.342	fixation	n/a	167.0	148.5	4010.0	n/a	n/a	n/a	n/a
376.592	0.024	saccade	n/a	164.5	149.2	n/a	126.5	150.3	1.35	96.0
376.618	0.394	fixation	n/a	135.5	156.0	4069.0	n/a	n/a	n/a	n/a
377.014	0.15	saccade	n/a	140.3	163.0	n/a	183.0	186.2	1.74	917.0
377.056	0.046	blink	n/a	n/a	n/a	n/a	n/a	n/a	n/a	n/a
377.166	0.148	fixation	n/a	189.5	191.8	4191.0	n/a	n/a	n/a	n/a
377.316	0.026	saccade	n/a	188.6	195.8	n/a	146.0	182.2	1.6	127.0
377.344	0.214	fixation	n/a	153.9	186.0	4190.0	n/a	n/a	n/a	n/a
377.56	0.034	saccade	n/a	154.2	190.4	n/a	201.2	285.9	3.88	237.0
377.596	0.234	fixation	n/a	202.3	283.3	4219.0	n/a	n/a	n/a	n/a
377.832	0.056	saccade	n/a	204.2	288.7	n/a	416.6	519.7	11.5	454.0
377.868	0.0	trigger_11	11	n/a	n/a	n/a	n/a	n/a	n/a	n/a
377.89	0.104	fixation	n/a	415.6	525.5	4256.0	n/a	n/a	n/a	n/a
377.93	0.0	trigger_12	12	n/a	n/a	n/a	n/a	n/a	n/a	n/a
377.996	0.044	saccade	n/a	419.3	530.7	n/a	580.2	539.7	5.86	288.0
378.042	0.1	fixation	n/a	572.9	540.4	4204.0	n/a	n/a	n/a	n/a
378.144	0.078	saccade	n/a	573.4	543.0	n/a	192.3	170.6	19.34	495.0
378.224	0.152	fixation	n/a	191.3	177.4	4016.0	n/a	n/a	n/a	n/a
378.378	0.026	saccade	n/a	188.5	179.1	n/a	145.7	163.0	1.63	135.0
378.406	0.104	fixation	n/a	151.0	167.2	3867.0	n/a	n/a	n/a	n/a
378.512	0.014	saccade	n/a	146.7	167.5	n/a	127.4	168.0	0.68	58.0
378.528	0.364	fixation	n/a	133.1	164.5	3866.0	n/a	n/a	n/a	n/a
378.894	0.03	saccade	n/a	131.5	160.8	n/a	209.8	154.4	2.8	175.0
378.926	0.262	fixation	n/a	203.8	157.7	3979.0	n/a	n/a	n/a	n/a
379.19	0.032	saccade	n/a	206.3	157.9	n/a	280.0	161.0	2.66	173.0
379.224	0.162	fixation	n/a	274.5	161.7	4015.0	n/a	n/a	n/a	n/a
379.388	0.032	saccade	n/a	276.7	162.2	n/a	361.7	164.3	3.09	186.0
379.422	0.25	fixation	n/a	352.9	167.4	4033.0	n/a	n/a	n/a	n/a
379.674	0.024	saccade	n/a	354.2	171.4	n/a	398.6	173.6	1.63	112.0
379.7	0.262	fixation	n/a	392.3	175.8	4000.0	n/a	n/a	n/a	n/a
379.964	0.016	saccade	n/a	394.8	175.9	n/a	417.9	173.9	0.85	68.0
379.982	0.15	fixation	n/a	410.9	176.4	3965.0	n/a	n/a	n/a	n/a
380.134	0.02	saccade	n/a	414.5	176.4	n/a	450.2	173.0	1.31	90.0
380.156	0.106	fixation	n/a	443.2	173.6	3961.0	n/a	n/a	n/a	n/a
380.264	0.026	saccade	n/a	443.8	172.3	n/a	498.5	169.4	2.0	124.0
380.292	0.242	fixation	n/a	491.5	168.9	3960.0	n/a	n/a	n/a	n/a
380.536	0.03	saccade	n/a	494.9	168.8	n/a	559.5	167.7	2.35	147.0
380.568	0.322	fixation	n/a	551.2	170.4	3907.0	n/a	n/a	n/a	n/a
380.892	0.024	saccade	n/a	551.6	173.4	n/a	594.0	173.7	1.54	112.0
380.918	0.2	fixation	n/a	589.2	175.9	3915.0	n/a	n/a	n/a	n/a
381.12	0.07	saccade	n/a	592.3	178.6	n/a	165.9	222.9	15.42	398.0
381.192	0.252	fixation	n/a	166.4	226.5	4098.0	n/a	n/a	n/a	n/a
381.446	0.178	saccade	n/a	165.1	239.4	n/a	134.3	170.0	2.76	579.0
381.498	0.058	blink	n/a	n/a	n/a	n/a	n/a	n/a	n/a	n/a
381.626	0.458	fixation	n/a	134.6	159.8	4169.0	n/a	n/a	n/a	n/a
382.086	0.034	saccade	n/a	132.8	157.2	n/a	233.6	158.5	3.6	187.0
382.122	0.442	fixation	n/a	226.4	162.3	4060.0	n/a	n/a	n/a	n/a
382.566	0.052	saccade	n/a	226.5	167.6	n/a	459.3	169.7	8.45	325.0
382.62	0.186	fixation	n/a	460.2	170.3	3979.0	n/a	n/a	n/a	n/a
382.808	0.026	saccade	n/a	464.1	172.0	n/a	422.0	172.3	1.54	125.0
382.836	0.242	fixation	n/a	430.8	174.9	4031.0	n/a	n/a	n/a	n/a
383.08	0.03	saccade	n/a	433.4	178.1	n/a	497.7	176.1	2.36	164.0
383.112	0.334	fixation	n/a	490.8	173.0	4047.0	n/a	n/a	n/a	n/a
383.448	0.154	saccade	n/a	487.3	170.4	n/a	607.5	175.6	4.37	960.0
383.494	0.048	blink	n/a	n/a	n/a	n/a	n/a	n/a	n/a	n/a
383.604	0.324	fixation	n/a	607.9	189.6	4170.0	n/a	n/a	n/a	n/a
383.93	0.438	saccade	n/a	609.5	191.9	n/a	154.6	267.9	16.57	1004.0
383.982	0.328	blink	n/a	n/a	n/a	n/a	n/a	n/a	n/a	n/a
384.37	0.116	fixation	n/a	157.3	283.1	4345.0	n/a	n/a	n/a	n/a
384.488	0.024	saccade	n/a	156.7	292.3	n/a	133.2	265.9	1.28	93.0
384.514	0.094	fixation	n/a	139.7	273.1	4346.0	n/a	n/a	n/a	n/a
384.61	0.174	saccade	n/a	138.8	277.3	n/a	142.4	249.3	1.04	821.0
384.648	0.064	blink	n/a	n/a	n/a	n/a	n/a	n/a	n/a	n/a
384.786	0.256	fixation	n/a	144.1	246.6	4180.0	n/a	n/a	n/a	n/a
385.044	0.016	saccade	n/a	140.2	244.3	n/a	129.7	223.1	0.86	70.0
385.062	0.264	fixation	n/a	135.8	231.1	4067.0	n/a	n/a	n/a	n/a
385.328	0.046	saccade	n/a	138.5	229.0	n/a	247.4	179.4	4.31	174.0
385.376	0.042	fixation	n/a	240.0	184.3	3952.0	n/a	n/a	n/a	n/a
385.42	0.042	saccade	n/a	241.5	186.0	n/a	395.4	169.8	5.63	305.0
385.464	0.144	fixation	n/a	393.7	173.6	3927.0	n/a	n/a	n/a	n/a
385.61	0.03	saccade	n/a	398.6	176.8	n/a	464.9	174.3	2.43	159.0
385.642	0.15	fixation	n/a	457.6	176.1	3946.0	n/a	n/a	n/a	n/a
385.794	0.022	saccade	n/a	461.7	176.1	n/a	488.9	176.4	1.0	88.0
385.818	0.382	fixation	n/a	482.4	173.9	3989.0	n/a	n/a	n/a	n/a
386.202	0.142	saccade	n/a	480.2	174.8	n/a	489.0	151.8	0.91	1216.0
386.238	0.05	blink	n/a	n/a	n/a	n/a	n/a	n/a	n/a	n/a
386.346	0.116	fixation	n/a	488.4	166.8	4122.0	n/a	n/a	n/a	n/a
386.464	0.066	saccade	n/a	487.7	169.0	n/a	194.4	147.9	10.65	395.0
386.532	0.21	fixation	n/a	184.4	150.9	4222.0	n/a	n/a	n/a	n/a
386.744	0.03	saccade	n/a	184.8	155.9	n/a	246.3	163.7	2.23	161.0
386.776	0.356	fixation	n/a	240.7	166.6	4346.0	n/a	n/a	n/a	n/a
387.134	0.052	saccade	n/a	243.3	172.6	n/a	484.3	173.5	8.75	342.0
387.188	0.138	fixation	n/a	485.0	173.0	4350.0	n/a	n/a	n/a	n/a
387.328	0.028	saccade	n/a	489.6	173.5	n/a	428.3	170.4	2.24	158.0
387.358	0.092	fixation	n/a	437.3	172.0	4408.0	n/a	n/a	n/a	n/a
387.452	0.03	saccade	n/a	437.3	175.2	n/a	364.2	170.2	2.68	191.0
387.484	0.326	fixation	n/a	374.0	174.1	4486.0	n/a	n/a	n/a	n/a
387.556	0.0	trigger_13	13	n/a	n/a	n/a	n/a	n/a	n/a	n/a
387.616	0.0	trigger_10	10	n/a	n/a	n/a	n/a	n/a	n/a	n/a
387.812	0.046	saccade	n/a	373.5	176.7	n/a	172.2	183.0	7.28	352.0
387.86	0.068	fixation	n/a	180.0	182.3	4585.0	n/a	n/a	n/a	n/a
387.93	0.028	saccade	n/a	175.1	180.7	n/a	129.1	164.4	1.74	156.0
387.96	0.184	fixation	n/a	135.2	168.4	4556.0	n/a	n/a	n/a	n/a
388.146	0.136	saccade	n/a	133.7	173.2	n/a	214.9	153.5	2.99	1157.0
388.186	0.04	blink	n/a	n/a	n/a	n/a	n/a	n/a	n/a	n/a
388.284	0.156	fixation	n/a	214.3	160.1	4527.0	n/a	n/a	n/a	n/a
388.442	0.03	saccade	n/a	214.4	159.3	n/a	283.5	165.1	2.5	160.0
388.474	0.148	fixation	n/a	280.8	168.2	4458.0	n/a	n/a	n/a	n/a
388.624	0.036	saccade	n/a	282.4	169.1	n/a	385.5	170.3	3.76	220.0
388.662	0.128	fixation	n/a	379.9	170.8	4361.0	n/a	n/a	n/a	n/a
388.792	0.032	saccade	n/a	384.9	173.1	n/a	470.3	171.2	3.13	197.0
388.826	0.192	fixation	n/a	463.7	172.4	4254.0	n/a	n/a	n/a	n/a
389.02	0.032	saccade	n/a	467.0	173.5	n/a	546.5	174.8	2.91	176.0
389.054	0.088	fixation	n/a	537.9	176.8	4166.0	n/a	n/a	n/a	n/a
389.144	0.036	saccade	n/a	538.3	177.0	n/a	438.2	167.4	3.68	230.0
389.182	0.072	fixation	n/a	445.7	168.0	4163.0	n/a	n/a	n/a	n/a
389.256	0.026	saccade	n/a	442.7	168.2	n/a	405.7	168.0	1.36	118.0
389.284	0.148	fixation	n/a	408.5	170.1	4106.0	n/a	n/a	n/a	n/a
389.434	0.138	saccade	n/a	406.7	173.0	n/a	484.7	142.8	3.06	1097.0
389.47	0.044	blink	n/a	n/a	n/a	n/a	n/a	n/a	n/a	n/a
389.574	0.154	fixation	n/a	484.0	161.2	4157.0	n/a	n/a	n/a	n/a
389.73	0.028	saccade	n/a	486.9	165.4	n/a	550.9	172.2	2.34	153.0
389.76	0.256	fixation	n/a	543.7	175.3	4174.0	n/a	n/a	n/a	n/a
390.018	0.064	saccade	n/a	546.3	178.7	n/a	201.1	222.2	12.59	362.0
390.084	0.162	fixation	n/a	204.4	223.4	4261.0	n/a	n/a	n/a	n/a
390.248	0.026	saccade	n/a	202.0	225.7	n/a	155.4	223.6	1.67	130.0
390.276	0.148	fixation	n/a	163.7	224.4	4273.0	n/a	n/a	n/a	n/a
390.426	0.02	saccade	n/a	160.4	222.1	n/a	126.2	225.7	1.22	89.0
390.448	0.212	fixation	n/a	134.9	228.4	4289.0	n/a	n/a	n/a	n/a
390.662	0.024	saccade	n/a	136.7	230.2	n/a	167.5	184.9	1.98	121.0
390.688	0.136	fixation	n/a	165.5	188.5	4217.0	n/a	n/a	n/a	n/a
390.826	0.024	saccade	n/a	168.3	191.6	n/a	205.8	221.6	1.74	118.0
390.852	0.252	fixation	n/a	201.6	221.1	4180.0	n/a	n/a	n/a	n/a
391.106	0.032	saccade	n/a	200.4	222.5	n/a	143.9	161.2	3.01	184.0
391.14	0.248	fixation	n/a	152.8	166.5	4155.0	n/a	n/a	n/a	n/a
391.39	0.036	saccade	n/a	155.9	172.5	n/a	273.9	154.9	4.29	214.0
391.428	0.156	fixation	n/a	264.8	164.2	4145.0	n/a	n/a	n/a	n/a
391.586	0.262	saccade	n/a	268.6	168.2	n/a	411.1	159.1	5.2	908.0
391.71	0.082	blink	n/a	n/a	n/a	n/a	n/a	n/a	n/a	n/a
391.85	0.128	fixation	n/a	411.6	177.2	4051.0	n/a	n/a	n/a	n/a
391.98	0.026	saccade	n/a	413.8	178.1	n/a	463.8	175.8	1.83	126.0
392.008	0.248	fixation	n/a	459.2	177.2	4019.0	n/a	n/a	n/a	n/a
392.258	0.03	saccade	n/a	462.2	177.8	n/a	531.5	176.3	2.53	136.0
392.29	0.194	fixation	n/a	522.1	176.2	3887.0	n/a	n/a	n/a	n/a
392.486	0.024	saccade	n/a	524.9	177.6	n/a	579.2	175.8	1.98	122.0
392.512	0.216	fixation	n/a	571.2	179.9	3843.0	n/a	n/a	n/a	n/a
392.73	0.066	saccade	n/a	571.2	182.2	n/a	193.2	210.1	13.71	383.0
392.798	0.314	fixation	n/a	188.5	213.0	3938.0	n/a	n/a	n/a	n/a
393.114	0.014	saccade	n/a	188.3	216.5	n/a	206.9	220.2	0.68	56.0
393.13	0.34	fixation	n/a	202.7	225.5	4027.0	n/a	n/a	n/a	n/a
393.472	0.16	saccade	n/a	202.9	231.2	n/a	248.0	213.4	1.76	916.0
393.51	0.056	blink	n/a	n/a	n/a	n/a	n/a	n/a	n/a	n/a
393.634	0.114	fixation	n/a	250.8	216.0	4053.0	n/a	n/a	n/a	n/a
393.75	0.026	saccade	n/a	251.9	222.7	n/a	211.9	227.1	1.46	124.0
393.778	0.376	fixation	n/a	218.4	227.9	4048.0	n/a	n/a	n/a	n/a
394.156	0.018	saccade	n/a	214.9	228.3	n/a	189.8	226.5	0.91	69.0
394.176	0.25	fixation	n/a	199.2	228.6	4036.0	n/a	n/a	n/a	n/a
394.428	0.154	saccade	n/a	197.9	232.6	n/a	180.9	186.4	1.8	879.0
394.466	0.06	blink	n/a	n/a	n/a	n/a	n/a	n/a	n/a	n/a
394.584	0.118	fixation	n/a	184.4	187.7	4053.0	n/a	n/a	n/a	n/a
394.704	0.018	saccade	n/a	183.8	187.7	n/a	162.5	168.8	1.03	80.0
394.724	0.226	fixation	n/a	170.3	177.4	4076.0	n/a	n/a	n/a	n/a
394.952	0.026	saccade	n/a	171.8	182.5	n/a	197.1	226.4	1.85	110.0
394.98	0.354	fixation	n/a	196.9	227.8	4134.0	n/a	n/a	n/a	n/a
395.1	0.0	trigger_11	11	n/a	n/a	n/a	n/a	n/a	n/a	n/a
395.164	0.0	trigger_10	10	n/a	n/a	n/a	n/a	n/a	n/a	n/a
395.336	0.032	saccade	n/a	196.9	228.5	n/a	159.0	167.7	2.6	167.0
395.37	0.08	fixation	n/a	163.6	175.5	4111.0	n/a	n/a	n/a	n/a
395.452	0.022	saccade	n/a	160.0	176.6	n/a	139.8	168.2	0.78	81.0
395.476	0.24	fixation	n/a	142.4	173.4	4070.0	n/a	n/a	n/a	n/a
395.718	0.016	saccade	n/a	135.9	175.3	n/a	111.8	170.3	0.87	71.0
395.736	0.104	fixation	n/a	121.4	174.0	4024.0	n/a	n/a	n/a	n/a
395.842	0.036	saccade	n/a	123.0	173.8	n/a	239.1	172.4	4.15	231.0
395.88	0.384	fixation	n/a	228.1	168.5	4007.0	n/a	n/a	n/a	n/a
396.266	0.032	saccade	n/a	226.8	165.8	n/a	319.4	164.5	3.36	190.0
396.3	0.28	fixation	n/a	311.3	167.6	4035.0	n/a	n/a	n/a	n/a
396.582	0.022	saccade	n/a	316.0	170.4	n/a	352.9	170.4	1.34	103.0
396.606	0.188	fixation	n/a	347.4	172.7	4063.0	n/a	n/a	n/a	n/a
396.796	0.026	saccade	n/a	350.9	174.2	n/a	415.2	171.7	2.35	140.0
396.824	0.046	fixation	n/a	411.0	173.5	4050.0	n/a	n/a	n/a	n/a
396.872	0.03	saccade	n/a	413.4	174.6	n/a	493.3	173.6	2.92	185.0
396.904	0.172	fixation	n/a	487.5	175.1	4013.0	n/a	n/a	n/a	n/a
397.078	0.022	saccade	n/a	490.8	175.9	n/a	534.3	178.2	1.59	105.0
397.102	0.108	fixation	n/a	530.1	180.3	3990.0	n/a	n/a	n/a	n/a
397.212	0.072	saccade	n/a	530.0	181.0	n/a	162.7	219.4	13.33	418.0
397.286	0.414	fixation	n/a	153.1	226.6	4076.0	n/a	n/a	n/a	n/a
397.702	0.14	saccade	n/a	149.0	234.1	n/a	208.7	201.4	2.45	815.0
397.74	0.048	blink	n/a	n/a	n/a	n/a	n/a	n/a	n/a	n/a
397.844	0.158	fixation	n/a	213.5	210.7	4098.0	n/a	n/a	n/a	n/a
398.004	0.024	saccade	n/a	216.0	209.7	n/a	257.9	178.1	1.91	122.0
398.03	0.44	fixation	n/a	252.7	179.1	4030.0	n/a	n/a	n/a	n/a
398.472	0.032	saccade	n/a	245.8	173.3	n/a	166.9	166.1	2.85	178.0
398.506	0.318	fixation	n/a	172.1	168.6	3942.0	n/a	n/a	n/a	n/a
398.826	0.14	saccade	n/a	172.8	180.1	n/a	239.2	160.9	2.49	902.0
398.864	0.046	blink	n/a	n/a	n/a	n/a	n/a	n/a	n/a	n/a
398.968	1.17	fixation	n/a	251.6	164.4	4045.0	n/a	n/a	n/a	n/a
399.864	0.0	trigger_11	11	n/a	n/a	n/a	n/a	n/a	n/a	n/a
399.926	0.0	trigger_10	10	n/a	n/a	n/a	n/a	n/a	n/a	n/a
400.14	0.04	saccade	n/a	255.3	170.9	n/a	129.7	156.0	4.52	251.0
400.182	0.438	fixation	n/a	138.9	161.4	4178.0	n/a	n/a	n/a	n/a
400.622	0.028	saccade	n/a	140.7	165.7	n/a	216.5	165.1	2.71	146.0
400.652	0.17	fixation	n/a	209.2	169.0	4206.0	n/a	n/a	n/a	n/a
400.824	0.024	saccade	n/a	212.7	169.5	n/a	255.1	171.8	1.53	112.0
400.85	0.122	fixation	n/a	250.1	173.9	4191.0	n/a	n/a	n/a	n/a
400.974	0.028	saccade	n/a	254.5	175.8	n/a	314.8	179.7	2.2	140.0
401.004	0.192	fixation	n/a	308.8	181.8	4186.0	n/a	n/a	n/a	n/a
401.198	0.02	saccade	n/a	313.5	185.5	n/a	352.7	183.9	1.43	98.0
401.22	0.04	fixation	n/a	349.0	186.8	4149.0	n/a	n/a	n/a	n/a
401.262	0.032	saccade	n/a	350.9	189.9	n/a	428.3	187.8	2.84	168.0
401.296	0.316	fixation	n/a	419.7	185.3	4028.0	n/a	n/a	n/a	n/a
401.614	0.106	saccade	n/a	418.0	194.2	n/a	147.2	177.3	9.81	1212.0
401.65	0.014	blink	n/a	n/a	n/a	n/a	n/a	n/a	n/a	n/a
401.722	0.236	fixation	n/a	143.7	175.3	3945.0	n/a	n/a	n/a	n/a
401.96	0.042	saccade	n/a	142.8	173.5	n/a	282.9	165.5	5.05	254.0
402.004	0.192	fixation	n/a	280.4	165.9	3942.0	n/a	n/a	n/a	n/a
402.198	0.026	saccade	n/a	285.3	167.1	n/a	335.2	167.2	1.82	133.0
402.226	0.412	fixation	n/a	331.6	171.6	4021.0	n/a	n/a	n/a	n/a
402.64	0.122	saccade	n/a	331.1	174.9	n/a	265.1	158.4	2.48	1101.0
402.678	0.026	blink	n/a	n/a	n/a	n/a	n/a	n/a	n/a	n/a
402.764	0.046	fixation	n/a	264.4	160.5	4199.0	n/a	n/a	n/a	n/a
402.812	0.042	saccade	n/a	263.3	168.5	n/a	132.1	152.0	4.73	268.0
402.856	0.52	fixation	n/a	139.3	151.8	4280.0	n/a	n/a	n/a	n/a
403.378	0.048	saccade	n/a	146.0	152.3	n/a	352.5	156.0	7.43	290.0
403.428	0.174	fixation	n/a	352.0	161.3	4287.0	n/a	n/a	n/a	n/a
403.604	0.13	saccade	n/a	356.1	168.2	n/a	361.0	145.1	0.87	1147.0
403.64	0.038	blink	n/a	n/a	n/a	n/a	n/a	n/a	n/a	n/a
403.736	0.422	fixation	n/a	358.3	169.8	4371.0	n/a	n/a	n/a	n/a
404.16	0.038	saccade	n/a	351.7	172.7	n/a	233.4	165.6	4.3	236.0
404.2	0.188	fixation	n/a	246.7	170.2	4333.0	n/a	n/a	n/a	n/a
404.39	0.032	saccade	n/a	248.2	172.5	n/a	326.2	174.2	2.84	173.0
404.424	0.154	fixation	n/a	319.3	177.2	4343.0	n/a	n/a	n/a	n/a
404.454	0.0	trigger_11	11	n/a	n/a	n/a	n/a	n/a	n/a	n/a
404.518	0.0	trigger_10	10	n/a	n/a	n/a	n/a	n/a	n/a	n/a
404.58	0.03	saccade	n/a	322.6	177.1	n/a	387.4	177.7	2.37	158.0
404.612	0.096	fixation	n/a	378.9	180.4	4334.0	n/a	n/a	n/a	n/a
404.71	0.048	saccade	n/a	378.7	181.4	n/a	170.8	168.8	7.53	369.0
404.76	0.088	fixation	n/a	175.6	167.2	4303.0	n/a	n/a	n/a	n/a
404.85	0.024	saccade	n/a	171.0	168.3	n/a	145.4	166.2	0.92	89.0
404.876	0.112	fixation	n/a	149.1	167.3	4233.0	n/a	n/a	n/a	n/a
404.99	0.014	saccade	n/a	143.6	165.7	n/a	124.8	162.0	0.68	60.0
405.006	0.136	fixation	n/a	129.6	162.5	4180.0	n/a	n/a	n/a	n/a
405.144	0.148	saccade	n/a	127.8	159.3	n/a	176.0	164.0	1.72	1002.0
405.184	0.046	blink	n/a	n/a	n/a	n/a	n/a	n/a	n/a	n/a
405.294	0.17	fixation	n/a	180.2	165.6	4123.0	n/a	n/a	n/a	n/a
405.466	0.024	saccade	n/a	183.6	167.4	n/a	246.7	161.9	2.28	139.0
405.492	0.206	fixation	n/a	242.3	166.0	4019.0	n/a	n/a	n/a	n/a
405.7	0.042	saccade	n/a	245.4	169.6	n/a	369.1	163.6	4.5	199.0
405.744	0.048	fixation	n/a	362.8	166.7	3895.0	n/a	n/a	n/a	n/a
405.794	0.038	saccade	n/a	364.4	170.3	n/a	491.2	167.4	4.64	247.0
405.834	0.102	fixation	n/a	484.6	168.1	3815.0	n/a	n/a	n/a	n/a
405.938	0.032	saccade	n/a	487.0	168.6	n/a	568.7	169.3	2.98	180.0
405.972	0.132	fixation	n/a	562.4	172.0	3748.0	n/a	n/a	n/a	n/a
406.106	0.02	saccade	n/a	565.6	174.0	n/a	602.8	174.0	1.35	94.0
406.128	0.178	fixation	n/a	599.5	177.2	3681.0	n/a	n/a	n/a	n/a
406.308	0.072	saccade	n/a	600.5	178.6	n/a	171.7	225.7	15.52	394.0
406.382	0.124	fixation	n/a	174.6	226.5	3727.0	n/a	n/a	n/a	n/a
406.508	0.024	saccade	n/a	170.1	228.7	n/a	131.1	226.1	1.39	117.0
406.534	0.228	fixation	n/a	137.2	229.2	3700.0	n/a	n/a	n/a	n/a
406.764	0.028	saccade	n/a	139.7	230.7	n/a	210.6	227.8	2.54	155.0
406.794	0.294	fixation	n/a	207.5	232.4	3754.0	n/a	n/a	n/a	n/a
407.09	0.032	saccade	n/a	214.6	234.4	n/a	303.2	231.8	3.22	186.0
407.124	0.124	fixation	n/a	297.3	234.5	3761.0	n/a	n/a	n/a	n/a
407.25	0.03	saccade	n/a	301.7	235.7	n/a	387.7	240.8	3.16	176.0
407.282	0.134	fixation	n/a	382.7	243.3	3721.0	n/a	n/a	n/a	n/a
407.418	0.02	saccade	n/a	384.5	243.0	n/a	420.1	237.8	1.32	91.0
407.44	0.09	fixation	n/a	416.4	239.6	3680.0	n/a	n/a	n/a	n/a
407.532	0.14	saccade	n/a	416.5	245.5	n/a	489.9	230.9	2.75	1027.0
407.568	0.054	blink	n/a	n/a	n/a	n/a	n/a	n/a	n/a	n/a
407.674	0.386	fixation	n/a	489.7	247.0	3538.0	n/a	n/a	n/a	n/a
408.062	0.056	saccade	n/a	491.1	245.3	n/a	220.3	220.6	9.91	325.0
408.12	0.28	fixation	n/a	221.9	225.0	3462.0	n/a	n/a	n/a	n/a
408.402	0.038	saccade	n/a	217.6	224.4	n/a	117.6	158.1	4.32	233.0
408.442	0.322	fixation	n/a	127.3	162.6	3519.0	n/a	n/a	n/a	n/a
408.766	0.168	saccade	n/a	127.9	164.1	n/a	151.5	182.8	1.08	905.0
408.806	0.064	blink	n/a	n/a	n/a	n/a	n/a	n/a	n/a	n/a
408.936	0.12	fixation	n/a	154.0	168.5	3616.0	n/a	n/a	n/a	n/a
409.058	0.02	saccade	n/a	155.2	171.1	n/a	187.5	169.5	1.16	83.0
409.08	0.154	fixation	n/a	180.9	172.2	3585.0	n/a	n/a	n/a	n/a
409.236	0.024	saccade	n/a	183.4	172.0	n/a	239.9	167.2	2.04	121.0
409.262	0.344	fixation	n/a	234.9	168.2	3621.0	n/a	n/a	n/a	n/a
409.608	0.162	saccade	n/a	236.5	173.7	n/a	260.5	169.4	0.88	811.0
409.65	0.06	blink	n/a	n/a	n/a	n/a	n/a	n/a	n/a	n/a
409.772	0.364	fixation	n/a	270.1	170.6	3829.0	n/a	n/a	n/a	n/a
410.138	0.044	saccade	n/a	279.6	171.9	n/a	445.3	170.4	6.04	281.0
410.184	0.074	fixation	n/a	438.3	170.9	3801.0	n/a	n/a	n/a	n/a
410.26	0.036	saccade	n/a	441.7	172.0	n/a	558.1	172.6	4.25	242.0
410.298	0.14	fixation	n/a	551.6	174.0	3784.0	n/a	n/a	n/a	n/a
410.44	0.026	saccade	n/a	555.3	177.2	n/a	607.6	180.0	1.9	130.0
410.468	0.116	fixation	n/a	600.8	182.7	3808.0	n/a	n/a	n/a	n/a
410.586	0.054	saccade	n/a	600.1	184.1	n/a	329.0	161.9	9.89	395.0
410.642	0.046	fixation	n/a	333.7	162.0	3889.0	n/a	n/a	n/a	n/a
410.69	0.05	saccade	n/a	331.4	162.7	n/a	217.4	163.8	4.13	292.0
410.742	0.058	fixation	n/a	211.6	163.7	3903.0	n/a	n/a	n/a	n/a
410.802	0.03	saccade	n/a	207.5	162.9	n/a	132.1	157.8	2.69	193.0
410.834	0.224	fixation	n/a	141.3	161.7	3942.0	n/a	n/a	n/a	n/a
411.06	0.028	saccade	n/a	141.3	169.5	n/a	147.1	216.5	1.73	137.0
411.09	0.132	fixation	n/a	144.7	210.9	4058.0	n/a	n/a	n/a	n/a
411.224	0.032	saccade	n/a	144.7	215.2	n/a	223.7	224.9	2.85	199.0
411.258	0.272	fixation	n/a	219.1	226.3	4117.0	n/a	n/a	n/a	n/a
411.532	0.034	saccade	n/a	222.5	227.0	n/a	318.4	231.2	3.5	202.0
411.568	0.21	fixation	n/a	310.3	230.3	4072.0	n/a	n/a	n/a	n/a
411.78	0.032	saccade	n/a	312.5	228.9	n/a	410.6	227.8	3.6	199.0
411.814	0.286	fixation	n/a	404.0	229.1	4006.0	n/a	n/a	n/a	n/a
412.102	0.026	saccade	n/a	405.7	230.2	n/a	468.1	231.6	2.29	131.0
412.13	0.206	fixation	n/a	460.7	235.3	3933.0	n/a	n/a	n/a	n/a
412.338	0.034	saccade	n/a	458.8	236.1	n/a	379.6	166.2	3.89	209.0
412.374	0.196	fixation	n/a	383.1	173.8	3911.0	n/a	n/a	n/a	n/a
412.572	0.03	saccade	n/a	377.9	174.0	n/a	311.2	165.5	2.45	166.0
412.604	0.108	fixation	n/a	315.7	166.2	3960.0	n/a	n/a	n/a	n/a
412.714	0.154	saccade	n/a	315.7	163.3	n/a	406.0	152.5	3.31	1064.0
412.75	0.056	blink	n/a	n/a	n/a	n/a	n/a	n/a	n/a	n/a
412.87	0.114	fixation	n/a	406.6	167.4	4083.0	n/a	n/a	n/a	n/a
412.986	0.02	saccade	n/a	411.4	171.5	n/a	445.1	167.1	1.25	92.0
413.008	0.15	fixation	n/a	437.8	169.1	4055.0	n/a	n/a	n/a	n/a
413.16	0.032	saccade	n/a	439.4	168.0	n/a	515.7	165.7	2.78	173.0
413.194	0.232	fixation	n/a	511.0	168.4	4014.0	n/a	n/a	n/a	n/a
413.428	0.022	saccade	n/a	516.8	169.3	n/a	563.2	168.6	1.69	111.0
413.452	0.124	fixation	n/a	556.6	169.9	3938.0	n/a	n/a	n/a	n/a
413.578	0.026	saccade	n/a	560.1	170.7	n/a	614.9	170.2	1.99	132.0
413.606	0.438	fixation	n/a	610.2	173.8	3832.0	n/a	n/a	n/a	n/a
414.046	0.056	saccade	n/a	615.5	176.2	n/a	389.2	162.4	8.23	318.0
414.104	0.146	fixation	n/a	391.1	165.3	3842.0	n/a	n/a	n/a	n/a
414.252	0.026	saccade	n/a	386.8	167.3	n/a	348.4	161.9	1.42	120.0
414.28	0.098	fixation	n/a	354.6	163.8	3849.0	n/a	n/a	n/a	n/a
414.38	0.03	saccade	n/a	357.0	164.8	n/a	431.9	166.3	2.74	170.0
414.412	0.58	fixation	n/a	417.6	169.9	3958.0	n/a	n/a	n/a	n/a
414.994	0.148	saccade	n/a	403.3	173.1	n/a	560.2	159.1	5.75	1121.0
415.032	0.052	blink	n/a	n/a	n/a	n/a	n/a	n/a	n/a	n/a
415.144	0.132	fixation	n/a	565.2	174.9	3919.0	n/a	n/a	n/a	n/a
415.278	0.024	saccade	n/a	570.5	177.0	n/a	614.1	179.7	1.58	113.0
415.304	0.32	fixation	n/a	608.3	183.4	3884.0	n/a	n/a	n/a	n/a
415.626	0.07	saccade	n/a	608.0	183.0	n/a	161.0	164.9	16.04	403.0
415.698	0.158	fixation	n/a	169.3	168.9	3957.0	n/a	n/a	n/a	n/a
415.858	0.024	saccade	n/a	166.0	169.2	n/a	130.6	162.4	1.28	99.0
415.884	0.342	fixation	n/a	129.8	162.9	3960.0	n/a	n/a	n/a	n/a
416.228	0.03	saccade	n/a	127.1	164.6	n/a	197.0	162.3	2.49	166.0
416.26	0.32	fixation	n/a	194.7	166.8	3960.0	n/a	n/a	n/a	n/a
416.302	0.0	trigger_11	11	n/a	n/a	n/a	n/a	n/a	n/a	n/a
416.358	0.0	trigger_12	12	n/a	n/a	n/a	n/a	n/a	n/a	n/a
416.582	0.024	saccade	n/a	198.2	172.9	n/a	161.7	186.3	1.39	109.0
416.608	0.042	fixation	n/a	169.2	182.9	4002.0	n/a	n/a	n/a	n/a
416.652	0.026	saccade	n/a	167.9	179.8	n/a	133.0	154.0	1.55	133.0
416.68	0.33	fixation	n/a	131.1	156.6	4024.0	n/a	n/a	n/a	n/a
417.012	0.166	saccade	n/a	131.7	160.0	n/a	207.0	163.9	2.68	740.0
417.066	0.048	blink	n/a	n/a	n/a	n/a	n/a	n/a	n/a	n/a
417.18	0.312	fixation	n/a	210.8	171.6	3948.0	n/a	n/a	n/a	n/a
417.494	0.014	saccade	n/a	205.5	172.0	n/a	189.7	167.7	0.59	52.0
417.51	0.374	fixation	n/a	197.5	169.0	3818.0	n/a	n/a	n/a	n/a
417.886	0.054	saccade	n/a	204.0	170.6	n/a	514.8	180.0	11.29	364.0
417.942	0.216	fixation	n/a	515.7	181.7	3709.0	n/a	n/a	n/a	n/a
418.16	0.03	saccade	n/a	519.1	184.5	n/a	594.5	179.5	2.75	152.0
418.192	0.06	fixation	n/a	585.7	181.0	3689.0	n/a	n/a	n/a	n/a
418.254	0.022	saccade	n/a	586.9	182.3	n/a	623.5	186.5	1.34	99.0
418.278	0.144	fixation	n/a	616.0	187.3	3635.0	n/a	n/a	n/a	n/a
418.424	0.074	saccade	n/a	616.3	187.2	n/a	133.4	216.1	17.31	450.0
418.5	0.276	fixation	n/a	136.4	224.2	3750.0	n/a	n/a	n/a	n/a
418.778	0.032	saccade	n/a	135.6	226.9	n/a	231.9	227.9	3.46	206.0
418.812	0.252	fixation	n/a	227.1	227.6	3825.0	n/a	n/a	n/a	n/a
419.066	0.034	saccade	n/a	231.0	224.9	n/a	329.0	222.3	3.57	191.0
419.102	0.238	fixation	n/a	322.8	224.8	3812.0	n/a	n/a	n/a	n/a
419.342	0.032	saccade	n/a	326.3	227.5	n/a	426.7	227.6	3.68	201.0
419.376	0.378	fixation	n/a	416.4	229.5	3773.0	n/a	n/a	n/a	n/a
419.756	0.02	saccade	n/a	413.1	231.1	n/a	444.6	234.0	1.16	84.0
419.778	0.06	fixation	n/a	439.7	235.1	3764.0	n/a	n/a	n/a	n/a
419.84	0.02	saccade	n/a	441.1	236.0	n/a	478.9	235.7	1.39	96.0
419.862	0.106	fixation	n/a	474.1	237.5	3744.0	n/a	n/a	n/a	n/a
419.97	0.028	saccade	n/a	475.1	239.2	n/a	537.4	235.6	2.29	133.0
420.0	0.264	fixation	n/a	531.7	241.7	3715.0	n/a	n/a	n/a	n/a
420.266	0.134	saccade	n/a	530.4	248.3	n/a	505.3	232.6	1.09	1107.0
420.3	0.05	blink	n/a	n/a	n/a	n/a	n/a	n/a	n/a	n/a
420.402	0.02	fixation	n/a	504.3	233.5	3743.0	n/a	n/a	n/a	n/a
420.424	0.034	saccade	n/a	504.5	239.4	n/a	587.5	242.4	3.03	157.0
420.46	0.058	fixation	n/a	579.5	243.8	3635.0	n/a	n/a	n/a	n/a
420.52	0.028	saccade	n/a	581.1	245.9	n/a	637.9	248.2	2.06	143.0
420.55	0.154	fixation	n/a	634.5	248.9	3560.0	n/a	n/a	n/a	n/a
420.706	0.07	saccade	n/a	636.5	249.7	n/a	158.7	298.9	17.31	440.0
420.778	0.188	fixation	n/a	158.4	302.3	3695.0	n/a	n/a	n/a	n/a
420.968	0.022	saccade	n/a	152.7	302.5	n/a	115.9	293.2	1.36	97.0
420.992	0.278	fixation	n/a	124.9	294.9	3809.0	n/a	n/a	n/a	n/a
421.272	0.022	saccade	n/a	130.1	295.8	n/a	165.3	292.8	1.26	99.0
421.296	0.242	fixation	n/a	159.4	297.4	3846.0	n/a	n/a	n/a	n/a
421.54	0.026	saccade	n/a	158.9	298.7	n/a	145.7	251.1	1.82	124.0
421.568	0.066	fixation	n/a	148.1	256.7	3824.0	n/a	n/a	n/a	n/a
421.636	0.016	saccade	n/a	145.2	253.3	n/a	136.9	233.0	0.8	64.0
421.654	0.202	fixation	n/a	139.3	239.8	3819.0	n/a	n/a	n/a	n/a
421.858	0.032	saccade	n/a	140.5	239.4	n/a	237.9	234.0	3.52	213.0
421.892	0.3	fixation	n/a	230.1	234.4	3835.0	n/a	n/a	n/a	n/a
422.194	0.112	saccade	n/a	230.5	241.6	n/a	322.5	216.4	3.48	782.0
422.236	0.01	blink	n/a	n/a	n/a	n/a	n/a	n/a	n/a	n/a
422.308	0.16	fixation	n/a	325.9	230.0	3894.0	n/a	n/a	n/a	n/a
422.47	0.048	saccade	n/a	327.6	231.4	n/a	134.6	150.4	7.56	358.0
422.52	0.478	fixation	n/a	135.4	157.2	3923.0	n/a	n/a	n/a	n/a
423.0	0.164	saccade	n/a	130.1	158.2	n/a	121.8	171.8	0.57	782.0
423.05	0.05	blink	n/a	n/a	n/a	n/a	n/a	n/a	n/a	n/a
423.166	0.174	fixation	n/a	122.9	163.7	3948.0	n/a	n/a	n/a	n/a
423.342	0.028	saccade	n/a	124.4	167.0	n/a	193.9	165.0	2.47	145.0
423.372	0.488	fixation	n/a	181.8	167.6	3911.0	n/a	n/a	n/a	n/a
423.862	0.068	saccade	n/a	181.2	168.5	n/a	477.5	181.6	10.75	260.0
423.932	0.058	fixation	n/a	472.6	183.4	3868.0	n/a	n/a	n/a	n/a
423.992	0.034	saccade	n/a	477.1	185.0	n/a	569.3	183.6	3.37	213.0
424.028	0.134	fixation	n/a	567.8	187.3	3857.0	n/a	n/a	n/a	n/a
424.164	0.02	saccade	n/a	573.4	190.3	n/a	610.5	187.1	1.35	96.0
424.186	0.156	fixation	n/a	605.5	191.2	3824.0	n/a	n/a	n/a	n/a
424.344	0.014	saccade	n/a	612.4	194.0	n/a	630.0	192.9	0.64	54.0
424.36	0.086	fixation	n/a	625.4	196.2	3788.0	n/a	n/a	n/a	n/a
424.448	0.09	saccade	n/a	623.4	196.1	n/a	155.4	266.5	17.03	410.0
424.54	0.1	fixation	n/a	149.4	267.3	3897.0	n/a	n/a	n/a	n/a
424.642	0.018	saccade	n/a	147.5	265.3	n/a	131.1	237.3	1.18	87.0
424.662	0.156	fixation	n/a	133.8	242.5	3877.0	n/a	n/a	n/a	n/a
424.82	0.034	saccade	n/a	134.2	243.5	n/a	228.0	236.4	3.38	209.0
424.856	0.214	fixation	n/a	221.9	237.9	3909.0	n/a	n/a	n/a	n/a
425.072	0.142	saccade	n/a	224.7	242.1	n/a	333.8	223.5	4.03	852.0
425.11	0.042	blink	n/a	n/a	n/a	n/a	n/a	n/a	n/a	n/a
425.216	0.322	fixation	n/a	332.4	238.7	3931.0	n/a	n/a	n/a	n/a
425.54	0.018	saccade	n/a	333.4	242.0	n/a	361.1	242.8	1.02	78.0
425.56	0.294	fixation	n/a	355.0	242.6	3800.0	n/a	n/a	n/a	n/a
425.856	0.04	saccade	n/a	354.0	242.0	n/a	229.9	229.3	4.55	239.0
425.898	0.24	fixation	n/a	233.4	230.7	3719.0	n/a	n/a	n/a	n/a
426.14	0.036	saccade	n/a	229.2	231.4	n/a	110.3	224.4	4.27	242.0
426.178	0.352	fixation	n/a	122.7	228.4	3750.0	n/a	n/a	n/a	n/a
426.532	0.03	saccade	n/a	127.5	232.5	n/a	211.3	232.2	3.0	155.0
426.564	0.076	fixation	n/a	205.3	235.2	3793.0	n/a	n/a	n/a	n/a
426.642	0.03	saccade	n/a	207.6	236.6	n/a	286.0	234.8	2.85	179.0
426.674	0.082	fixation	n/a	280.5	237.4	3795.0	n/a	n/a	n/a	n/a
426.758	0.048	saccade	n/a	284.0	240.6	n/a	486.5	240.7	7.42	297.0
426.808	0.208	fixation	n/a	487.6	244.4	3773.0	n/a	n/a	n/a	n/a
427.018	0.02	saccade	n/a	489.8	245.9	n/a	453.0	240.9	1.37	92.0
427.04	0.032	fixation	n/a	458.8	242.1	3790.0	n/a	n/a	n/a	n/a
427.074	0.024	saccade	n/a	459.0	242.6	n/a	423.2	239.0	1.32	112.0
427.1	0.174	fixation	n/a	427.2	240.1	3791.0	n/a	n/a	n/a	n/a
427.276	0.018	saccade	n/a	430.2	241.1	n/a	462.3	245.7	1.19	87.0
427.296	0.096	fixation	n/a	456.8	246.8	3765.0	n/a	n/a	n/a	n/a
427.394	0.036	saccade	n/a	457.8	246.4	n/a	563.0	242.7	3.87	195.0
427.432	0.178	fixation	n/a	556.6	245.6	3773.0	n/a	n/a	n/a	n/a
427.612	0.02	saccade	n/a	561.6	247.5	n/a	591.6	244.9	1.1	73.0
427.634	0.062	fixation	n/a	586.4	246.6	3823.0	n/a	n/a	n/a	n/a
427.698	0.024	saccade	n/a	588.5	246.4	n/a	639.1	247.1	1.84	118.0
427.724	0.13	fixation	n/a	632.4	247.6	3819.0	n/a	n/a	n/a	n/a
427.856	0.08	saccade	n/a	632.8	248.8	n/a	181.7	268.5	16.3	463.0
427.938	0.148	fixation	n/a	173.0	269.7	3992.0	n/a	n/a	n/a	n/a
428.088	0.024	saccade	n/a	167.1	270.8	n/a	127.5	282.9	1.49	116.0
428.114	0.34	fixation	n/a	134.0	286.4	4091.0	n/a	n/a	n/a	n/a
428.456	0.156	saccade	n/a	130.5	292.2	n/a	155.8	294.7	0.91	911.0
428.496	0.046	blink	n/a	n/a	n/a	n/a	n/a	n/a	n/a	n/a
428.614	0.088	fixation	n/a	158.8	297.3	4195.0	n/a	n/a	n/a	n/a
428.704	0.028	saccade	n/a	161.4	303.0	n/a	215.5	300.8	1.96	139.0
428.734	0.12	fixation	n/a	208.6	303.1	4161.0	n/a	n/a	n/a	n/a
428.856	0.014	saccade	n/a	212.8	302.7	n/a	231.0	300.8	0.67	54.0
428.872	0.368	fixation	n/a	227.2	304.7	4148.0	n/a	n/a	n/a	n/a
429.242	0.032	saccade	n/a	227.8	305.3	n/a	161.2	231.9	3.63	197.0
429.276	0.298	fixation	n/a	166.8	237.1	4122.0	n/a	n/a	n/a	n/a
429.576	0.026	saccade	n/a	169.6	236.9	n/a	224.7	236.7	1.99	138.0
429.604	0.35	fixation	n/a	222.0	238.2	4162.0	n/a	n/a	n/a	n/a
429.956	0.154	saccade	n/a	222.5	234.9	n/a	215.5	228.7	0.34	986.0
429.996	0.048	blink	n/a	n/a	n/a	n/a	n/a	n/a	n/a	n/a
430.112	0.2	fixation	n/a	219.0	233.9	4232.0	n/a	n/a	n/a	n/a
430.314	0.026	saccade	n/a	221.1	240.1	n/a	223.4	289.7	1.84	125.0
430.342	0.136	fixation	n/a	224.9	281.9	4261.0	n/a	n/a	n/a	n/a
430.48	0.042	saccade	n/a	226.9	283.8	n/a	155.9	161.8	5.15	271.0
430.524	0.148	fixation	n/a	162.1	173.2	4270.0	n/a	n/a	n/a	n/a
430.674	0.016	saccade	n/a	161.1	173.1	n/a	140.0	164.6	0.81	65.0
430.692	0.342	fixation	n/a	145.3	166.1	4234.0	n/a	n/a	n/a	n/a
431.036	0.032	saccade	n/a	145.8	164.4	n/a	224.8	161.6	2.83	177.0
431.07	0.098	fixation	n/a	218.4	162.5	4116.0	n/a	n/a	n/a	n/a
431.17	0.038	saccade	n/a	221.3	163.8	n/a	365.4	188.3	5.32	299.0
431.21	0.118	fixation	n/a	361.5	189.1	4030.0	n/a	n/a	n/a	n/a
431.33	0.042	saccade	n/a	366.2	191.1	n/a	511.2	232.0	5.53	271.0
431.374	0.032	fixation	n/a	503.3	231.5	4002.0	n/a	n/a	n/a	n/a
431.408	0.032	saccade	n/a	505.9	231.5	n/a	595.3	240.9	3.29	221.0
431.442	0.196	fixation	n/a	589.5	242.8	4005.0	n/a	n/a	n/a	n/a
431.64	0.02	saccade	n/a	594.0	243.6	n/a	630.8	245.3	1.34	93.0
431.662	0.096	fixation	n/a	623.2	247.1	4001.0	n/a	n/a	n/a	n/a
431.76	0.036	saccade	n/a	623.0	247.6	n/a	486.4	232.6	5.02	331.0
431.798	0.194	fixation	n/a	490.4	234.1	3996.0	n/a	n/a	n/a	n/a
431.994	0.028	saccade	n/a	482.6	235.1	n/a	429.0	234.5	1.97	156.0
432.024	0.198	fixation	n/a	431.2	238.4	4006.0	n/a	n/a	n/a	n/a
432.224	0.014	saccade	n/a	432.7	240.4	n/a	449.2	240.2	0.61	54.0
432.24	0.066	fixation	n/a	443.1	241.8	4013.0	n/a	n/a	n/a	n/a
432.308	0.124	saccade	n/a	441.6	247.6	n/a	465.9	210.8	1.64	1167.0
432.342	0.042	blink	n/a	n/a	n/a	n/a	n/a	n/a	n/a	n/a
432.434	0.176	fixation	n/a	467.7	222.4	4035.0	n/a	n/a	n/a	n/a
432.612	0.016	saccade	n/a	472.2	224.2	n/a	494.0	234.2	0.88	70.0
432.63	0.24	fixation	n/a	485.8	232.8	4057.0	n/a	n/a	n/a	n/a
432.872	0.07	saccade	n/a	485.2	231.3	n/a	177.7	286.5	11.37	380.0
432.944	0.188	fixation	n/a	169.8	287.5	4162.0	n/a	n/a	n/a	n/a
433.134	0.034	saccade	n/a	167.2	287.3	n/a	138.0	200.4	3.34	207.0
433.17	0.062	fixation	n/a	139.1	208.7	4159.0	n/a	n/a	n/a	n/a
433.234	0.026	saccade	n/a	137.9	205.0	n/a	146.9	164.2	1.51	119.0
433.262	0.118	fixation	n/a	145.4	172.0	4182.0	n/a	n/a	n/a	n/a
433.382	0.016	saccade	n/a	144.5	170.7	n/a	136.8	152.4	0.72	61.0
433.4	0.128	fixation	n/a	142.1	162.6	4153.0	n/a	n/a	n/a	n/a
433.53	0.014	saccade	n/a	141.8	162.9	n/a	124.6	157.3	0.64	52.0
433.546	0.3	fixation	n/a	135.2	162.4	4130.0	n/a	n/a	n/a	n/a
433.848	0.028	saccade	n/a	139.0	162.6	n/a	199.6	163.3	2.16	144.0
433.878	0.4	fixation	n/a	193.8	167.5	4172.0	n/a	n/a	n/a	n/a
434.032	0.0	trigger_13	13	n/a	n/a	n/a	n/a	n/a	n/a	n/a
434.092	0.0	trigger_10	10	n/a	n/a	n/a	n/a	n/a	n/a	n/a
434.28	0.028	saccade	n/a	191.3	167.6	n/a	136.2	153.9	2.02	148.0
434.31	0.268	fixation	n/a	134.4	155.4	4197.0	n/a	n/a	n/a	n/a
434.58	0.138	saccade	n/a	131.0	161.1	n/a	195.9	155.2	2.32	994.0
434.622	0.036	blink	n/a	n/a	n/a	n/a	n/a	n/a	n/a	n/a
434.72	0.276	fixation	n/a	206.3	164.6	4142.0	n/a	n/a	n/a	n/a
434.998	0.052	saccade	n/a	205.1	170.1	n/a	419.7	179.5	7.78	263.0
435.052	0.114	fixation	n/a	414.7	180.0	4003.0	n/a	n/a	n/a	n/a
435.168	0.03	saccade	n/a	417.8	181.6	n/a	497.4	181.4	2.91	179.0
435.2	0.096	fixation	n/a	489.3	184.2	3944.0	n/a	n/a	n/a	n/a
435.298	0.044	saccade	n/a	489.5	185.9	n/a	277.6	164.4	7.76	331.0
435.344	0.166	fixation	n/a	280.6	169.3	3889.0	n/a	n/a	n/a	n/a
435.512	0.016	saccade	n/a	274.1	170.0	n/a	253.9	168.2	0.74	57.0
435.53	0.13	fixation	n/a	259.2	170.8	3842.0	n/a	n/a	n/a	n/a
435.662	0.024	saccade	n/a	261.2	171.1	n/a	306.0	171.4	1.63	115.0
435.688	0.112	fixation	n/a	299.0	171.8	3847.0	n/a	n/a	n/a	n/a
435.802	0.03	saccade	n/a	301.2	170.6	n/a	381.3	169.5	2.92	180.0
435.834	0.124	fixation	n/a	374.9	171.0	3829.0	n/a	n/a	n/a	n/a
435.96	0.032	saccade	n/a	377.3	171.1	n/a	483.5	172.6	3.88	189.0
435.994	0.088	fixation	n/a	477.7	174.6	3761.0	n/a	n/a	n/a	n/a
436.084	0.03	saccade	n/a	480.8	175.0	n/a	562.5	178.6	2.98	174.0
436.116	0.134	fixation	n/a	555.7	179.1	3677.0	n/a	n/a	n/a	n/a
436.252	0.02	saccade	n/a	560.0	179.7	n/a	600.7	180.7	1.48	100.0
436.274	0.09	fixation	n/a	596.5	182.3	3615.0	n/a	n/a	n/a	n/a
436.366	0.018	saccade	n/a	597.9	182.4	n/a	625.6	178.4	1.01	73.0
436.386	0.118	fixation	n/a	621.4	180.0	3563.0	n/a	n/a	n/a	n/a
436.506	0.07	saccade	n/a	621.2	180.9	n/a	171.9	215.7	16.18	429.0
436.578	0.13	fixation	n/a	172.7	218.2	3636.0	n/a	n/a	n/a	n/a
436.71	0.02	saccade	n/a	167.4	219.3	n/a	133.4	218.7	1.21	89.0
436.732	0.228	fixation	n/a	140.6	223.7	3652.0	n/a	n/a	n/a	n/a
436.962	0.032	saccade	n/a	142.6	226.3	n/a	235.1	224.8	3.32	198.0
436.996	0.266	fixation	n/a	231.5	228.3	3743.0	n/a	n/a	n/a	n/a
437.264	0.034	saccade	n/a	236.3	231.8	n/a	330.4	228.9	3.43	186.0
437.3	0.318	fixation	n/a	322.5	231.3	3763.0	n/a	n/a	n/a	n/a
437.62	0.048	saccade	n/a	321.3	233.7	n/a	141.6	160.2	7.01	298.0
437.67	0.146	fixation	n/a	147.9	163.6	3765.0	n/a	n/a	n/a	n/a
437.818	0.022	saccade	n/a	143.3	165.9	n/a	113.7	160.6	1.06	91.0
437.842	0.24	fixation	n/a	121.1	165.0	3766.0	n/a	n/a	n/a	n/a
438.084	0.102	saccade	n/a	123.8	173.2	n/a	204.8	174.7	2.89	721.0
438.188	0.302	fixation	n/a	208.3	172.2	3822.0	n/a	n/a	n/a	n/a
438.492	0.052	saccade	n/a	208.3	174.3	n/a	410.7	173.2	7.35	234.0
438.546	0.288	fixation	n/a	404.4	173.4	3774.0	n/a	n/a	n/a	n/a
438.836	0.044	saccade	n/a	404.9	175.9	n/a	256.1	217.8	5.65	296.0
438.882	0.138	fixation	n/a	259.2	217.6	3829.0	n/a	n/a	n/a	n/a
439.022	0.054	saccade	n/a	258.2	223.4	n/a	315.7	521.2	11.19	438.0
439.078	0.228	fixation	n/a	318.5	522.5	3926.0	n/a	n/a	n/a	n/a
439.308	0.028	saccade	n/a	319.7	527.4	n/a	373.6	531.4	1.97	145.0
439.338	0.128	fixation	n/a	369.2	534.7	3915.0	n/a	n/a	n/a	n/a
439.468	0.048	saccade	n/a	373.0	536.8	n/a	559.1	554.5	6.8	286.0
439.518	0.196	fixation	n/a	559.9	560.2	3766.0	n/a	n/a	n/a	n/a
439.716	0.16	saccade	n/a	565.2	559.7	n/a	615.7	552.4	1.84	760.0
439.748	0.064	blink	n/a	n/a	n/a	n/a	n/a	n/a	n/a	n/a
439.878	0.05	fixation	n/a	612.5	551.6	3680.0	n/a	n/a	n/a	n/a
439.93	0.064	saccade	n/a	607.7	557.7	n/a	258.7	535.8	12.65	349.0
439.996	0.038	fixation	n/a	263.4	537.9	3696.0	n/a	n/a	n/a	n/a
440.036	0.036	saccade	n/a	259.8	538.2	n/a	144.9	534.2	4.11	260.0
440.074	0.27	fixation	n/a	147.3	535.8	3717.0	n/a	n/a	n/a	n/a
440.346	0.03	saccade	n/a	142.8	534.7	n/a	225.2	533.7	2.94	190.0
440.378	0.166	fixation	n/a	217.8	537.6	3840.0	n/a	n/a	n/a	n/a
440.546	0.03	saccade	n/a	219.0	540.0	n/a	300.6	537.0	2.95	178.0
440.578	0.158	fixation	n/a	294.2	539.8	3811.0	n/a	n/a	n/a	n/a
440.738	0.166	saccade	n/a	291.2	529.0	n/a	154.2	810.5	11.07	670.0
440.778	0.112	blink	n/a	n/a	n/a	n/a	n/a	n/a	n/a	n/a
440.906	0.044	fixation	n/a	139.4	770.1	2377.0	n/a	n/a	n/a	n/a
440.952	0.038	saccade	n/a	147.9	720.2	n/a	373.7	510.1	11.05	706.0
440.992	0.076	fixation	n/a	370.8	521.0	3806.0	n/a	n/a	n/a	n/a
441.07	0.242	saccade	n/a	373.6	512.3	n/a	185.1	216.3	12.89	654.0
441.118	0.13	blink	n/a	n/a	n/a	n/a	n/a	n/a	n/a	n/a
441.314	0.166	fixation	n/a	191.0	222.2	3592.0	n/a	n/a	n/a	n/a
441.482	0.024	saccade	n/a	190.2	230.6	n/a	149.4	225.8	1.47	100.0
441.508	0.216	fixation	n/a	156.7	228.0	3575.0	n/a	n/a	n/a	n/a
441.712	0.0	trigger_11	11	n/a	n/a	n/a	n/a	n/a	n/a	n/a
441.726	0.028	saccade	n/a	156.6	227.6	n/a	131.2	166.6	2.4	166.0
441.756	0.244	fixation	n/a	134.6	181.5	3624.0	n/a	n/a	n/a	n/a
441.77	0.0	trigger_10	10	n/a	n/a	n/a	n/a	n/a	n/a	n/a
442.002	0.014	saccade	n/a	131.4	173.5	n/a	132.4	154.9	0.67	56.0
442.018	0.162	fixation	n/a	130.2	155.6	3683.0	n/a	n/a	n/a	n/a
442.182	0.032	saccade	n/a	129.9	153.6	n/a	212.7	152.6	2.94	186.0
442.216	0.25	fixation	n/a	209.5	158.1	3773.0	n/a	n/a	n/a	n/a
442.468	0.032	saccade	n/a	216.4	163.1	n/a	307.0	159.9	3.28	193.0
442.502	0.2	fixation	n/a	300.0	163.9	3822.0	n/a	n/a	n/a	n/a
442.704	0.026	saccade	n/a	303.6	165.2	n/a	345.6	168.9	1.54	114.0
442.732	0.228	fixation	n/a	344.1	171.3	3920.0	n/a	n/a	n/a	n/a
442.962	0.016	saccade	n/a	350.9	172.6	n/a	373.7	171.9	0.83	63.0
442.98	0.104	fixation	n/a	370.1	173.1	3937.0	n/a	n/a	n/a	n/a
443.086	0.022	saccade	n/a	372.2	174.5	n/a	421.2	169.1	1.8	116.0
443.11	0.514	fixation	n/a	406.1	172.3	3853.0	n/a	n/a	n/a	n/a
443.626	0.13	saccade	n/a	398.8	176.7	n/a	517.8	166.6	4.36	863.0
443.758	0.074	fixation	n/a	518.5	174.8	3893.0	n/a	n/a	n/a	n/a
443.834	0.154	saccade	n/a	520.5	178.1	n/a	599.5	165.4	2.91	1088.0
443.872	0.064	blink	n/a	n/a	n/a	n/a	n/a	n/a	n/a	n/a
443.99	0.156	fixation	n/a	598.9	177.4	3868.0	n/a	n/a	n/a	n/a
444.148	0.068	saccade	n/a	599.4	178.2	n/a	174.0	220.1	15.41	433.0
444.218	0.152	fixation	n/a	179.6	221.8	3970.0	n/a	n/a	n/a	n/a
444.372	0.026	saccade	n/a	173.2	220.4	n/a	127.6	221.0	1.62	136.0
444.4	0.228	fixation	n/a	132.9	222.9	3970.0	n/a	n/a	n/a	n/a
444.63	0.034	saccade	n/a	135.2	222.6	n/a	246.8	229.6	4.02	232.0
444.666	0.132	fixation	n/a	240.6	230.9	3938.0	n/a	n/a	n/a	n/a
444.8	0.026	saccade	n/a	240.7	231.4	n/a	201.3	229.4	1.43	122.0
444.828	0.202	fixation	n/a	207.1	231.3	3935.0	n/a	n/a	n/a	n/a
445.032	0.138	saccade	n/a	207.7	237.4	n/a	188.2	180.3	2.21	953.0
445.072	0.038	blink	n/a	n/a	n/a	n/a	n/a	n/a	n/a	n/a
445.172	0.392	fixation	n/a	190.1	181.9	3902.0	n/a	n/a	n/a	n/a
445.566	0.02	saccade	n/a	187.3	188.8	n/a	175.6	214.9	1.04	69.0
445.588	0.366	fixation	n/a	179.3	211.6	3999.0	n/a	n/a	n/a	n/a
445.956	0.02	saccade	n/a	181.8	214.9	n/a	217.7	219.8	1.3	89.0
445.978	0.116	fixation	n/a	209.8	221.9	4098.0	n/a	n/a	n/a	n/a
446.096	0.032	saccade	n/a	211.6	223.4	n/a	275.4	253.9	2.57	188.0
446.13	0.096	fixation	n/a	270.5	259.3	4099.0	n/a	n/a	n/a	n/a
446.228	0.036	saccade	n/a	273.7	284.2	n/a	292.2	419.8	5.08	299.0
446.266	0.05	fixation	n/a	292.1	411.1	4159.0	n/a	n/a	n/a	n/a
446.318	0.05	saccade	n/a	294.1	411.4	n/a	192.8	233.2	7.53	306.0
446.37	0.046	fixation	n/a	194.0	237.1	4144.0	n/a	n/a	n/a	n/a
446.418	0.036	saccade	n/a	194.5	236.8	n/a	145.3	144.5	3.79	250.0
446.456	0.238	fixation	n/a	145.6	155.4	4149.0	n/a	n/a	n/a	n/a
446.696	0.03	saccade	n/a	147.9	160.2	n/a	224.9	162.4	2.75	188.0
446.728	0.186	fixation	n/a	220.4	163.9	4131.0	n/a	n/a	n/a	n/a
446.916	0.03	saccade	n/a	224.5	164.7	n/a	297.7	167.7	2.65	182.0
446.948	0.122	fixation	n/a	291.0	169.6	4167.0	n/a	n/a	n/a	n/a
447.072	0.03	saccade	n/a	295.0	170.0	n/a	377.5	171.4	3.01	181.0
447.104	0.2	fixation	n/a	372.6	175.2	4235.0	n/a	n/a	n/a	n/a
447.306	0.144	saccade	n/a	376.5	179.3	n/a	430.8	157.6	2.14	1168.0
447.34	0.056	blink	n/a	n/a	n/a	n/a	n/a	n/a	n/a	n/a
447.452	0.14	fixation	n/a	432.2	171.6	4324.0	n/a	n/a	n/a	n/a
447.594	0.028	saccade	n/a	436.6	177.6	n/a	501.0	176.7	2.35	143.0
447.624	0.158	fixation	n/a	492.1	179.8	4247.0	n/a	n/a	n/a	n/a
447.784	0.028	saccade	n/a	495.9	181.3	n/a	560.5	179.3	2.36	140.0
447.814	0.162	fixation	n/a	551.6	180.2	4099.0	n/a	n/a	n/a	n/a
447.978	0.024	saccade	n/a	554.0	179.3	n/a	607.1	179.1	1.93	118.0
448.004	0.172	fixation	n/a	598.7	178.5	4019.0	n/a	n/a	n/a	n/a
448.178	0.068	saccade	n/a	598.2	178.1	n/a	186.8	201.1	14.85	406.0
448.248	0.122	fixation	n/a	190.9	204.5	4144.0	n/a	n/a	n/a	n/a
448.372	0.026	saccade	n/a	186.2	208.2	n/a	138.7	214.2	1.71	128.0
448.4	0.304	fixation	n/a	143.9	218.4	4222.0	n/a	n/a	n/a	n/a
448.706	0.028	saccade	n/a	145.1	222.9	n/a	208.6	218.6	2.28	156.0
448.736	0.236	fixation	n/a	200.2	221.6	4234.0	n/a	n/a	n/a	n/a
448.974	0.018	saccade	n/a	204.3	220.7	n/a	236.0	220.7	1.14	87.0
448.994	0.284	fixation	n/a	218.1	219.6	4216.0	n/a	n/a	n/a	n/a
449.28	0.114	saccade	n/a	214.2	227.7	n/a	262.8	215.0	1.82	924.0
449.316	0.022	blink	n/a	n/a	n/a	n/a	n/a	n/a	n/a	n/a
449.396	0.12	fixation	n/a	264.1	223.2	4236.0	n/a	n/a	n/a	n/a
449.518	0.02	saccade	n/a	268.6	230.5	n/a	304.9	230.9	1.32	94.0
449.54	0.198	fixation	n/a	300.1	231.8	4150.0	n/a	n/a	n/a	n/a
449.74	0.058	saccade	n/a	302.8	234.7	n/a	584.5	532.4	15.02	471.0
449.8	0.244	fixation	n/a	589.4	542.0	4187.0	n/a	n/a	n/a	n/a
450.046	0.024	saccade	n/a	594.2	547.2	n/a	655.2	548.3	2.2	125.0
450.072	0.118	fixation	n/a	647.9	552.5	4109.0	n/a	n/a	n/a	n/a
450.192	0.308	saccade	n/a	644.3	553.2	n/a	340.7	222.5	16.4	797.0
450.24	0.204	blink	n/a	n/a	n/a	n/a	n/a	n/a	n/a	n/a
450.502	0.178	fixation	n/a	335.7	236.5	3955.0	n/a	n/a	n/a	n/a
450.682	0.028	saccade	n/a	331.1	236.2	n/a	285.8	219.8	1.76	145.0
450.712	0.186	fixation	n/a	289.6	224.0	4067.0	n/a	n/a	n/a	n/a
450.9	0.036	saccade	n/a	288.0	223.4	n/a	207.6	165.2	3.61	259.0
450.938	0.222	fixation	n/a	210.4	171.3	4085.0	n/a	n/a	n/a	n/a
451.152	0.0	trigger_11	11	n/a	n/a	n/a	n/a	n/a	n/a	n/a
451.162	0.024	saccade	n/a	207.1	171.7	n/a	175.0	167.2	1.16	97.0
451.188	0.266	fixation	n/a	183.0	169.2	4094.0	n/a	n/a	n/a	n/a
451.214	0.0	trigger_10	10	n/a	n/a	n/a	n/a	n/a	n/a	n/a
451.456	0.03	saccade	n/a	183.0	168.1	n/a	126.9	154.5	2.06	144.0
451.488	0.22	fixation	n/a	134.0	154.1	4136.0	n/a	n/a	n/a	n/a
451.71	0.148	saccade	n/a	133.0	155.3	n/a	221.0	157.2	3.14	902.0
451.752	0.046	blink	n/a	n/a	n/a	n/a	n/a	n/a	n/a	n/a
451.86	0.356	fixation	n/a	212.3	163.0	4165.0	n/a	n/a	n/a	n/a
452.218	0.026	saccade	n/a	209.7	168.1	n/a	271.4	161.0	2.24	141.0
452.246	0.222	fixation	n/a	266.6	168.3	4031.0	n/a	n/a	n/a	n/a
452.47	0.04	saccade	n/a	270.8	171.3	n/a	400.4	173.8	4.72	214.0
452.512	0.162	fixation	n/a	394.1	176.9	3953.0	n/a	n/a	n/a	n/a
452.676	0.042	saccade	n/a	397.7	179.6	n/a	528.9	184.3	4.8	209.0
452.72	0.048	fixation	n/a	520.3	184.3	3897.0	n/a	n/a	n/a	n/a
452.77	0.028	saccade	n/a	522.9	185.0	n/a	581.6	186.1	2.13	150.0
452.8	0.186	fixation	n/a	574.5	186.6	3860.0	n/a	n/a	n/a	n/a
452.988	0.014	saccade	n/a	580.3	186.3	n/a	595.3	180.1	0.59	50.0
453.004	0.156	fixation	n/a	592.0	181.8	3850.0	n/a	n/a	n/a	n/a
453.162	0.022	saccade	n/a	590.6	183.9	n/a	561.3	180.5	1.07	94.0
453.186	0.054	fixation	n/a	570.1	183.9	3857.0	n/a	n/a	n/a	n/a
453.242	0.014	saccade	n/a	567.0	183.7	n/a	551.9	179.8	0.57	48.0
453.258	0.108	fixation	n/a	556.1	182.8	3866.0	n/a	n/a	n/a	n/a
453.368	0.056	saccade	n/a	555.4	181.9	n/a	299.2	162.7	9.34	361.0
453.426	0.27	fixation	n/a	297.7	167.4	3962.0	n/a	n/a	n/a	n/a
453.698	0.028	saccade	n/a	290.1	167.9	n/a	222.7	156.0	2.47	152.0
453.728	0.04	fixation	n/a	230.4	158.2	4021.0	n/a	n/a	n/a	n/a
453.77	0.034	saccade	n/a	229.8	160.6	n/a	137.3	156.5	3.3	224.0
453.806	0.096	fixation	n/a	144.6	159.6	4042.0	n/a	n/a	n/a	n/a
453.904	0.018	saccade	n/a	140.7	161.5	n/a	114.5	163.2	0.92	73.0
453.924	0.204	fixation	n/a	122.3	167.3	4003.0	n/a	n/a	n/a	n/a
454.13	0.026	saccade	n/a	126.1	163.2	n/a	190.5	165.9	2.29	137.0
454.158	0.134	fixation	n/a	189.0	168.9	4027.0	n/a	n/a	n/a	n/a
454.294	0.2	saccade	n/a	191.2	178.9	n/a	249.2	179.2	2.09	693.0
454.342	0.078	blink	n/a	n/a	n/a	n/a	n/a	n/a	n/a	n/a
454.496	0.122	fixation	n/a	252.9	163.7	3914.0	n/a	n/a	n/a	n/a
454.62	0.02	saccade	n/a	259.2	163.9	n/a	293.4	161.5	1.24	97.0
454.642	0.178	fixation	n/a	286.4	170.0	3844.0	n/a	n/a	n/a	n/a
454.822	0.028	saccade	n/a	287.1	174.1	n/a	368.7	170.1	2.98	154.0
454.852	0.19	fixation	n/a	364.4	171.6	3722.0	n/a	n/a	n/a	n/a
455.044	0.024	saccade	n/a	366.2	172.6	n/a	412.2	171.0	1.69	113.0
455.07	0.26	fixation	n/a	408.0	174.3	3630.0	n/a	n/a	n/a	n/a
455.332	0.018	saccade	n/a	412.9	174.2	n/a	439.5	171.7	0.98	70.0
455.352	0.35	fixation	n/a	434.2	172.6	3574.0	n/a	n/a	n/a	n/a
455.704	0.022	saccade	n/a	435.8	172.5	n/a	479.0	168.1	1.58	104.0
455.728	0.57	fixation	n/a	476.0	171.4	3503.0	n/a	n/a	n/a	n/a
456.3	0.024	saccade	n/a	484.4	172.7	n/a	536.7	168.3	1.91	108.0
456.326	0.184	fixation	n/a	536.4	170.9	3494.0	n/a	n/a	n/a	n/a
456.512	0.02	saccade	n/a	539.1	173.3	n/a	572.5	170.1	1.22	85.0
456.534	0.472	fixation	n/a	584.8	174.7	3483.0	n/a	n/a	n/a	n/a
457.008	0.074	saccade	n/a	598.2	177.5	n/a	154.0	215.2	15.98	407.0
457.084	0.122	fixation	n/a	159.8	216.7	3610.0	n/a	n/a	n/a	n/a
457.208	0.02	saccade	n/a	154.8	218.6	n/a	122.5	219.9	1.15	89.0
457.23	0.128	fixation	n/a	128.9	222.0	3621.0	n/a	n/a	n/a	n/a
457.36	0.184	saccade	n/a	128.2	221.0	n/a	135.0	253.1	1.2	724.0
457.408	0.058	blink	n/a	n/a	n/a	n/a	n/a	n/a	n/a	n/a
457.546	0.116	fixation	n/a	138.1	228.2	3761.0	n/a	n/a	n/a	n/a
457.664	0.028	saccade	n/a	141.4	232.1	n/a	201.7	229.0	2.16	150.0
457.694	0.186	fixation	n/a	196.1	229.9	3712.0	n/a	n/a	n/a	n/a
457.882	0.026	saccade	n/a	200.5	228.0	n/a	253.3	226.0	1.91	130.0
457.91	0.19	fixation	n/a	247.6	228.2	3714.0	n/a	n/a	n/a	n/a
458.102	0.042	saccade	n/a	252.3	229.8	n/a	354.7	224.8	3.73	155.0
458.146	0.224	fixation	n/a	347.2	225.0	3713.0	n/a	n/a	n/a	n/a
458.372	0.026	saccade	n/a	351.3	229.5	n/a	399.4	234.7	1.78	124.0
458.4	0.466	fixation	n/a	393.6	239.0	3732.0	n/a	n/a	n/a	n/a
458.868	0.034	saccade	n/a	396.1	241.7	n/a	488.2	235.1	3.39	164.0
458.904	0.222	fixation	n/a	478.2	237.2	3695.0	n/a	n/a	n/a	n/a
459.128	0.136	saccade	n/a	476.6	241.3	n/a	573.7	243.0	3.56	1029.0
459.162	0.05	blink	n/a	n/a	n/a	n/a	n/a	n/a	n/a	n/a
459.266	0.232	fixation	n/a	569.7	243.8	3652.0	n/a	n/a	n/a	n/a
459.5	0.022	saccade	n/a	567.6	242.5	n/a	612.1	237.0	1.63	105.0
459.524	0.112	fixation	n/a	604.2	241.1	3677.0	n/a	n/a	n/a	n/a
459.638	0.02	saccade	n/a	605.9	242.4	n/a	638.3	237.1	1.19	84.0
459.66	0.138	fixation	n/a	631.4	240.9	3694.0	n/a	n/a	n/a	n/a
459.8	0.072	saccade	n/a	630.7	240.0	n/a	172.9	268.5	16.5	452.0
459.874	0.126	fixation	n/a	178.0	273.3	3863.0	n/a	n/a	n/a	n/a
460.002	0.026	saccade	n/a	175.4	275.8	n/a	122.5	281.7	1.9	136.0
460.03	0.262	fixation	n/a	133.2	286.5	3934.0	n/a	n/a	n/a	n/a
460.294	0.032	saccade	n/a	136.1	289.3	n/a	241.7	287.4	3.79	213.0
460.328	0.204	fixation	n/a	234.6	292.0	3954.0	n/a	n/a	n/a	n/a
460.534	0.03	saccade	n/a	238.5	296.0	n/a	320.9	292.8	3.0	183.0
460.566	0.144	fixation	n/a	315.8	298.1	3949.0	n/a	n/a	n/a	n/a
460.712	0.03	saccade	n/a	319.3	300.4	n/a	390.5	296.7	2.62	166.0
460.744	0.248	fixation	n/a	386.2	300.7	3946.0	n/a	n/a	n/a	n/a
460.994	0.018	saccade	n/a	392.4	301.6	n/a	417.3	297.8	0.93	64.0
461.014	0.218	fixation	n/a	414.5	300.1	3864.0	n/a	n/a	n/a	n/a
461.234	0.03	saccade	n/a	414.6	300.8	n/a	360.9	241.9	2.95	177.0
461.266	0.144	fixation	n/a	367.1	247.3	3788.0	n/a	n/a	n/a	n/a
461.412	0.03	saccade	n/a	364.4	246.5	n/a	278.5	231.2	3.19	200.0
461.444	0.14	fixation	n/a	284.3	234.1	3760.0	n/a	n/a	n/a	n/a
461.586	0.038	saccade	n/a	281.6	233.2	n/a	191.1	149.5	4.48	265.0
461.626	0.114	fixation	n/a	195.4	156.5	3749.0	n/a	n/a	n/a	n/a
461.742	0.028	saccade	n/a	192.2	157.9	n/a	130.5	163.2	2.2	164.0
461.772	0.23	fixation	n/a	137.3	163.4	3809.0	n/a	n/a	n/a	n/a
462.004	0.028	saccade	n/a	137.9	163.6	n/a	206.9	166.0	2.46	150.0
462.034	0.186	fixation	n/a	200.7	167.9	3854.0	n/a	n/a	n/a	n/a
462.222	0.03	saccade	n/a	205.6	169.5	n/a	285.0	168.8	2.87	178.0
462.254	0.37	fixation	n/a	281.0	170.0	3864.0	n/a	n/a	n/a	n/a
462.626	0.04	saccade	n/a	280.5	170.2	n/a	390.5	324.5	6.98	347.0
462.668	0.122	fixation	n/a	387.2	322.1	3916.0	n/a	n/a	n/a	n/a
462.792	0.03	saccade	n/a	389.4	323.4	n/a	443.6	306.1	2.1	147.0
462.824	0.192	fixation	n/a	439.3	308.2	3924.0	n/a	n/a	n/a	n/a
463.018	0.046	saccade	n/a	440.2	309.2	n/a	499.0	492.8	7.16	332.0
463.066	0.038	fixation	n/a	497.5	490.5	4000.0	n/a	n/a	n/a	n/a
463.106	0.038	saccade	n/a	498.6	493.3	n/a	600.1	558.0	4.39	257.0
463.146	0.148	fixation	n/a	596.5	556.7	4032.0	n/a	n/a	n/a	n/a
463.296	0.026	saccade	n/a	600.6	558.9	n/a	656.6	543.4	2.09	138.0
463.324	0.068	fixation	n/a	649.6	546.4	4079.0	n/a	n/a	n/a	n/a
463.394	0.17	saccade	n/a	650.7	542.8	n/a	328.2	178.0	17.74	929.0
463.43	0.082	blink	n/a	n/a	n/a	n/a	n/a	n/a	n/a	n/a
463.566	0.27	fixation	n/a	323.7	195.7	3974.0	n/a	n/a	n/a	n/a
463.838	0.032	saccade	n/a	323.8	199.9	n/a	266.6	237.4	2.5	178.0
463.872	0.232	fixation	n/a	274.1	237.4	4108.0	n/a	n/a	n/a	n/a
464.106	0.02	saccade	n/a	275.2	237.7	n/a	263.3	209.3	1.13	87.0
464.128	0.09	fixation	n/a	266.6	217.2	4166.0	n/a	n/a	n/a	n/a
464.154	0.0	trigger_11	11	n/a	n/a	n/a	n/a	n/a	n/a	n/a
464.218	0.0	trigger_10	10	n/a	n/a	n/a	n/a	n/a	n/a	n/a
464.22	0.04	saccade	n/a	266.0	218.7	n/a	130.7	219.2	4.86	290.0
464.262	0.234	fixation	n/a	138.2	224.2	4148.0	n/a	n/a	n/a	n/a
464.498	0.032	saccade	n/a	138.9	227.8	n/a	176.9	155.7	2.96	181.0
464.532	0.104	fixation	n/a	172.9	162.9	4057.0	n/a	n/a	n/a	n/a
464.638	0.024	saccade	n/a	171.0	161.7	n/a	133.7	154.5	1.35	114.0
464.664	0.362	fixation	n/a	139.1	158.9	4016.0	n/a	n/a	n/a	n/a
465.028	0.028	saccade	n/a	139.9	160.6	n/a	225.4	160.2	3.05	169.0
465.058	0.202	fixation	n/a	221.9	165.7	3933.0	n/a	n/a	n/a	n/a
465.262	0.14	saccade	n/a	225.8	175.9	n/a	386.0	155.2	5.86	868.0
465.302	0.042	blink	n/a	n/a	n/a	n/a	n/a	n/a	n/a	n/a
465.404	0.264	fixation	n/a	381.3	178.2	3971.0	n/a	n/a	n/a	n/a
465.67	0.024	saccade	n/a	377.0	182.4	n/a	344.8	176.7	1.2	95.0
465.696	0.042	fixation	n/a	350.5	177.5	3960.0	n/a	n/a	n/a	n/a
465.74	0.014	saccade	n/a	346.8	178.5	n/a	330.2	176.2	0.61	54.0
465.756	0.198	fixation	n/a	334.8	176.1	3914.0	n/a	n/a	n/a	n/a
465.956	0.03	saccade	n/a	335.9	175.8	n/a	409.0	172.2	2.68	155.0
465.988	0.112	fixation	n/a	398.9	174.0	3879.0	n/a	n/a	n/a	n/a
466.102	0.026	saccade	n/a	399.0	175.3	n/a	446.1	176.1	1.73	116.0
466.13	0.16	fixation	n/a	438.3	176.1	3933.0	n/a	n/a	n/a	n/a
466.292	0.03	saccade	n/a	440.3	174.7	n/a	519.3	173.5	2.89	163.0
466.324	0.204	fixation	n/a	509.2	175.3	3965.0	n/a	n/a	n/a	n/a
466.53	0.026	saccade	n/a	511.3	178.6	n/a	585.4	171.7	2.71	146.0
466.558	0.394	fixation	n/a	584.4	179.7	3946.0	n/a	n/a	n/a	n/a
466.954	0.08	saccade	n/a	598.1	185.3	n/a	202.0	225.2	14.37	414.0
467.036	0.09	fixation	n/a	196.0	225.5	4014.0	n/a	n/a	n/a	n/a
467.128	0.032	saccade	n/a	194.6	227.4	n/a	128.9	226.6	2.35	170.0
467.162	0.282	fixation	n/a	134.8	227.2	4067.0	n/a	n/a	n/a	n/a
467.446	0.026	saccade	n/a	135.6	232.2	n/a	212.1	232.1	2.74	162.0
467.474	0.188	fixation	n/a	209.6	226.6	4090.0	n/a	n/a	n/a	n/a
467.664	0.03	saccade	n/a	212.5	230.4	n/a	283.7	232.0	2.58	177.0
467.696	0.06	fixation	n/a	275.7	231.9	4046.0	n/a	n/a	n/a	n/a
467.758	0.172	saccade	n/a	275.0	230.8	n/a	336.8	223.8	2.27	912.0
467.8	0.068	blink	n/a	n/a	n/a	n/a	n/a	n/a	n/a	n/a
467.932	0.16	fixation	n/a	336.6	234.8	4016.0	n/a	n/a	n/a	n/a
468.094	0.046	saccade	n/a	336.7	239.2	n/a	150.0	164.7	7.26	342.0
468.142	0.49	fixation	n/a	142.5	166.6	3958.0	n/a	n/a	n/a	n/a
468.634	0.032	saccade	n/a	137.0	165.9	n/a	224.5	164.7	3.13	181.0
468.668	0.252	fixation	n/a	221.7	169.0	3963.0	n/a	n/a	n/a	n/a
468.922	0.022	saccade	n/a	226.1	173.4	n/a	267.6	173.7	1.5	106.0
468.946	0.202	fixation	n/a	259.7	175.6	3984.0	n/a	n/a	n/a	n/a
469.15	0.036	saccade	n/a	259.1	174.6	n/a	153.5	167.1	3.8	226.0
469.188	0.304	fixation	n/a	159.9	165.9	4020.0	n/a	n/a	n/a	n/a
469.494	0.018	saccade	n/a	154.3	165.1	n/a	128.8	160.5	0.92	71.0
469.514	0.316	fixation	n/a	137.6	160.2	4075.0	n/a	n/a	n/a	n/a
469.832	0.016	saccade	n/a	135.9	161.3	n/a	112.7	161.9	0.82	65.0
469.85	0.05	fixation	n/a	120.0	162.8	4088.0	n/a	n/a	n/a	n/a
469.902	0.168	saccade	n/a	120.9	154.7	n/a	122.4	166.7	0.44	949.0
469.95	0.06	blink	n/a	n/a	n/a	n/a	n/a	n/a	n/a	n/a
470.072	0.298	fixation	n/a	126.5	163.4	4166.0	n/a	n/a	n/a	n/a
470.372	0.044	saccade	n/a	130.6	166.8	n/a	277.7	167.1	5.26	216.0
470.418	0.13	fixation	n/a	269.5	167.1	4169.0	n/a	n/a	n/a	n/a
470.55	0.032	saccade	n/a	273.2	168.6	n/a	358.1	164.9	3.09	187.0
470.584	0.178	fixation	n/a	351.8	166.9	4129.0	n/a	n/a	n/a	n/a
470.764	0.028	saccade	n/a	356.1	167.7	n/a	415.3	166.2	2.16	148.0
470.794	0.142	fixation	n/a	409.9	168.0	4107.0	n/a	n/a	n/a	n/a
470.938	0.024	saccade	n/a	414.9	168.9	n/a	465.6	166.3	1.85	123.0
470.964	0.108	fixation	n/a	459.9	168.8	4046.0	n/a	n/a	n/a	n/a
471.074	0.03	saccade	n/a	463.2	169.5	n/a	553.5	165.3	3.29	176.0
471.106	0.204	fixation	n/a	546.5	170.7	3949.0	n/a	n/a	n/a	n/a
471.312	0.026	saccade	n/a	552.9	173.0	n/a	604.6	171.6	1.87	79.0
471.34	0.138	fixation	n/a	605.0	172.8	3894.0	n/a	n/a	n/a	n/a
471.48	0.072	saccade	n/a	604.8	174.0	n/a	190.5	239.5	15.09	400.0
471.554	0.116	fixation	n/a	189.1	240.9	4021.0	n/a	n/a	n/a	n/a
471.672	0.026	saccade	n/a	183.7	243.1	n/a	140.7	227.9	1.63	115.0
471.7	0.232	fixation	n/a	147.8	232.7	3980.0	n/a	n/a	n/a	n/a
471.934	0.03	saccade	n/a	150.1	234.8	n/a	236.5	221.4	3.14	192.0
471.966	0.202	fixation	n/a	229.9	225.6	3949.0	n/a	n/a	n/a	n/a
472.17	0.034	saccade	n/a	231.9	229.3	n/a	330.0	227.0	3.57	212.0
472.206	0.152	fixation	n/a	322.3	230.4	3906.0	n/a	n/a	n/a	n/a
472.36	0.026	saccade	n/a	325.6	232.9	n/a	376.4	232.3	1.86	131.0
472.388	0.142	fixation	n/a	370.5	233.0	3841.0	n/a	n/a	n/a	n/a
472.532	0.028	saccade	n/a	372.1	233.1	n/a	436.7	232.7	2.38	146.0
472.562	0.288	fixation	n/a	429.5	237.5	3769.0	n/a	n/a	n/a	n/a
472.852	0.024	saccade	n/a	431.3	240.4	n/a	483.6	239.2	1.92	118.0
472.878	0.13	fixation	n/a	481.0	240.8	3693.0	n/a	n/a	n/a	n/a
473.01	0.024	saccade	n/a	483.4	241.7	n/a	532.8	242.5	1.81	112.0
473.036	0.37	fixation	n/a	529.0	244.8	3619.0	n/a	n/a	n/a	n/a
473.408	0.024	saccade	n/a	531.4	246.0	n/a	578.8	244.6	1.73	108.0
473.434	0.154	fixation	n/a	574.6	244.8	3580.0	n/a	n/a	n/a	n/a
473.59	0.068	saccade	n/a	575.5	245.9	n/a	162.7	295.0	15.04	408.0
473.66	0.176	fixation	n/a	160.3	295.2	3698.0	n/a	n/a	n/a	n/a
473.838	0.024	saccade	n/a	155.1	295.6	n/a	121.6	288.0	1.23	102.0
473.864	0.208	fixation	n/a	124.8	290.5	3755.0	n/a	n/a	n/a	n/a
474.074	0.024	saccade	n/a	126.4	293.0	n/a	170.1	295.4	1.56	112.0
474.1	0.142	fixation	n/a	163.2	298.5	3774.0	n/a	n/a	n/a	n/a
474.244	0.138	saccade	n/a	164.1	303.2	n/a	152.9	277.4	1.03	857.0
474.28	0.036	blink	n/a	n/a	n/a	n/a	n/a	n/a	n/a	n/a
474.384	0.708	fixation	n/a	155.0	280.7	3788.0	n/a	n/a	n/a	n/a
475.094	0.026	saccade	n/a	155.9	286.9	n/a	116.8	285.6	1.39	115.0
475.122	0.448	fixation	n/a	127.5	290.1	3963.0	n/a	n/a	n/a	n/a
475.572	0.034	saccade	n/a	132.6	289.4	n/a	133.0	196.8	3.38	198.0
475.608	0.064	fixation	n/a	131.8	205.1	4124.0	n/a	n/a	n/a	n/a
475.674	0.018	saccade	n/a	130.9	201.1	n/a	137.4	177.9	0.87	65.0
475.694	0.05	fixation	n/a	136.6	185.1	4153.0	n/a	n/a	n/a	n/a
475.746	0.022	saccade	n/a	134.3	182.4	n/a	126.8	143.8	1.42	106.0
475.77	0.156	fixation	n/a	128.8	153.5	4171.0	n/a	n/a	n/a	n/a
475.928	0.04	saccade	n/a	129.1	154.6	n/a	263.4	156.6	4.81	260.0
475.97	0.366	fixation	n/a	257.2	159.8	4221.0	n/a	n/a	n/a	n/a
476.338	0.018	saccade	n/a	256.7	163.5	n/a	231.8	157.9	0.92	72.0
476.358	0.218	fixation	n/a	241.7	160.7	4200.0	n/a	n/a	n/a	n/a
476.578	0.14	saccade	n/a	243.3	167.0	n/a	146.1	280.3	5.43	994.0
476.618	0.034	blink	n/a	n/a	n/a	n/a	n/a	n/a	n/a	n/a
476.72	0.306	fixation	n/a	151.2	285.1	4262.0	n/a	n/a	n/a	n/a
477.028	0.02	saccade	n/a	156.0	287.6	n/a	189.0	290.8	1.19	88.0
477.05	0.118	fixation	n/a	179.9	292.2	4228.0	n/a	n/a	n/a	n/a
477.17	0.036	saccade	n/a	180.5	291.0	n/a	237.8	196.7	4.04	218.0
477.208	0.238	fixation	n/a	233.7	205.8	4097.0	n/a	n/a	n/a	n/a
477.448	0.014	saccade	n/a	230.3	206.0	n/a	214.3	211.0	0.61	49.0
477.464	0.068	fixation	n/a	219.2	211.6	4078.0	n/a	n/a	n/a	n/a
477.534	0.024	saccade	n/a	220.9	212.5	n/a	263.9	217.7	1.57	104.0
477.56	0.14	fixation	n/a	254.9	218.3	4096.0	n/a	n/a	n/a	n/a
477.702	0.038	saccade	n/a	254.4	221.5	n/a	153.5	290.5	4.44	280.0
477.742	0.188	fixation	n/a	152.3	287.6	4132.0	n/a	n/a	n/a	n/a
477.932	0.022	saccade	n/a	148.5	289.5	n/a	119.3	285.4	1.05	94.0
477.956	0.202	fixation	n/a	128.3	288.1	4144.0	n/a	n/a	n/a	n/a
478.16	0.026	saccade	n/a	133.3	290.0	n/a	185.0	285.5	1.85	126.0
478.188	0.306	fixation	n/a	181.5	289.9	4067.0	n/a	n/a	n/a	n/a
478.496	0.03	saccade	n/a	182.6	293.2	n/a	112.7	284.2	2.51	162.0
478.528	0.422	fixation	n/a	116.9	285.7	4039.0	n/a	n/a	n/a	n/a
478.692	0.0	trigger_11	11	n/a	n/a	n/a	n/a	n/a	n/a	n/a
478.754	0.0	trigger_12	12	n/a	n/a	n/a	n/a	n/a	n/a	n/a
478.952	0.092	saccade	n/a	114.1	283.6	n/a	139.6	177.8	3.95	633.0
479.046	0.096	fixation	n/a	140.4	182.3	4053.0	n/a	n/a	n/a	n/a
479.144	0.014	saccade	n/a	139.0	177.1	n/a	131.3	160.0	0.68	58.0
479.16	0.126	fixation	n/a	136.8	167.9	4015.0	n/a	n/a	n/a	n/a
479.288	0.162	saccade	n/a	141.5	178.5	n/a	176.7	173.5	1.27	986.0
479.326	0.064	blink	n/a	n/a	n/a	n/a	n/a	n/a	n/a	n/a
479.452	0.252	fixation	n/a	177.8	171.6	3935.0	n/a	n/a	n/a	n/a
479.706	0.03	saccade	n/a	178.6	174.7	n/a	249.4	166.5	2.56	168.0
479.738	0.19	fixation	n/a	242.3	168.9	3890.0	n/a	n/a	n/a	n/a
479.93	0.026	saccade	n/a	239.6	168.4	n/a	191.2	165.0	1.75	128.0
479.958	0.076	fixation	n/a	197.5	166.1	3903.0	n/a	n/a	n/a	n/a
480.036	0.014	saccade	n/a	192.7	165.8	n/a	176.5	165.6	0.58	51.0
480.052	0.206	fixation	n/a	180.8	166.3	3901.0	n/a	n/a	n/a	n/a
480.26	0.046	saccade	n/a	182.6	166.9	n/a	361.7	168.4	6.47	258.0
480.308	0.158	fixation	n/a	357.0	171.1	3883.0	n/a	n/a	n/a	n/a
480.468	0.026	saccade	n/a	363.6	174.3	n/a	418.4	175.6	2.01	138.0
480.496	0.232	fixation	n/a	411.8	177.5	3907.0	n/a	n/a	n/a	n/a
480.73	0.022	saccade	n/a	414.4	177.1	n/a	456.8	174.8	1.55	106.0
480.754	0.12	fixation	n/a	450.3	176.5	3919.0	n/a	n/a	n/a	n/a
480.876	0.038	saccade	n/a	451.2	177.0	n/a	573.9	177.7	4.47	194.0
480.916	0.076	fixation	n/a	564.2	178.5	3872.0	n/a	n/a	n/a	n/a
480.994	0.028	saccade	n/a	566.0	179.3	n/a	626.1	180.8	2.18	150.0
481.024	0.292	fixation	n/a	618.4	183.3	3871.0	n/a	n/a	n/a	n/a
481.318	0.07	saccade	n/a	618.5	186.4	n/a	186.8	215.7	15.57	405.0
481.39	0.118	fixation	n/a	190.9	218.2	3996.0	n/a	n/a	n/a	n/a
481.51	0.026	saccade	n/a	186.5	222.7	n/a	141.2	224.2	1.62	118.0
481.538	0.278	fixation	n/a	148.0	229.1	4018.0	n/a	n/a	n/a	n/a
481.818	0.028	saccade	n/a	151.1	231.0	n/a	222.8	232.1	2.57	150.0
481.848	0.204	fixation	n/a	216.3	232.5	4029.0	n/a	n/a	n/a	n/a
482.054	0.156	saccade	n/a	217.7	238.7	n/a	221.9	227.3	0.45	965.0
482.092	0.052	blink	n/a	n/a	n/a	n/a	n/a	n/a	n/a	n/a
482.212	0.142	fixation	n/a	222.5	229.5	4012.0	n/a	n/a	n/a	n/a
482.356	0.034	saccade	n/a	223.7	233.2	n/a	326.1	237.0	3.72	231.0
482.392	0.214	fixation	n/a	321.2	236.7	3947.0	n/a	n/a	n/a	n/a
482.608	0.034	saccade	n/a	322.6	233.7	n/a	414.6	228.2	3.37	212.0
482.644	0.188	fixation	n/a	407.4	233.0	3893.0	n/a	n/a	n/a	n/a
482.834	0.022	saccade	n/a	410.3	236.6	n/a	445.3	237.7	1.29	96.0
482.858	0.136	fixation	n/a	439.2	239.0	3793.0	n/a	n/a	n/a	n/a
482.996	0.03	saccade	n/a	438.1	239.3	n/a	355.9	227.7	3.05	171.0
483.028	0.43	fixation	n/a	360.2	232.3	3698.0	n/a	n/a	n/a	n/a
483.46	0.028	saccade	n/a	359.8	234.7	n/a	438.8	232.5	2.91	162.0
483.49	0.218	fixation	n/a	433.4	233.6	3676.0	n/a	n/a	n/a	n/a
483.71	0.028	saccade	n/a	435.4	232.8	n/a	502.9	232.7	2.48	138.0
483.74	0.168	fixation	n/a	496.0	233.3	3695.0	n/a	n/a	n/a	n/a
483.91	0.064	saccade	n/a	496.0	232.7	n/a	144.3	299.4	12.93	380.0
483.976	0.312	fixation	n/a	141.5	300.4	3719.0	n/a	n/a	n/a	n/a
484.29	0.032	saccade	n/a	138.0	300.1	n/a	229.6	285.3	3.33	186.0
484.324	0.348	fixation	n/a	224.4	289.2	3640.0	n/a	n/a	n/a	n/a
484.674	0.016	saccade	n/a	229.6	288.8	n/a	252.1	284.7	0.83	64.0
484.692	0.122	fixation	n/a	249.0	288.3	3615.0	n/a	n/a	n/a	n/a
484.816	0.038	saccade	n/a	250.1	288.7	n/a	372.5	277.2	4.5	234.0
484.856	0.274	fixation	n/a	370.4	280.2	3589.0	n/a	n/a	n/a	n/a
485.132	0.022	saccade	n/a	376.9	284.0	n/a	418.1	286.7	1.52	102.0
485.156	0.132	fixation	n/a	415.7	288.4	3590.0	n/a	n/a	n/a	n/a
485.29	0.034	saccade	n/a	417.6	291.7	n/a	515.7	287.8	3.61	201.0
485.326	0.126	fixation	n/a	508.6	289.0	3554.0	n/a	n/a	n/a	n/a
485.454	0.03	saccade	n/a	512.1	290.9	n/a	588.9	291.7	2.81	161.0
485.486	0.1	fixation	n/a	582.5	294.0	3515.0	n/a	n/a	n/a	n/a
485.588	0.02	saccade	n/a	587.0	294.3	n/a	629.1	292.7	1.53	102.0
485.61	0.206	fixation	n/a	624.5	294.0	3512.0	n/a	n/a	n/a	n/a
485.818	0.072	saccade	n/a	625.2	294.6	n/a	167.1	339.5	16.59	391.0
485.892	0.15	fixation	n/a	168.1	342.2	3571.0	n/a	n/a	n/a	n/a
486.044	0.026	saccade	n/a	161.9	344.8	n/a	109.5	344.7	1.86	136.0
486.072	0.338	fixation	n/a	115.7	349.2	3589.0	n/a	n/a	n/a	n/a
486.412	0.132	saccade	n/a	118.2	353.4	n/a	227.0	342.9	3.93	709.0
486.454	0.022	blink	n/a	n/a	n/a	n/a	n/a	n/a	n/a	n/a
486.546	0.18	fixation	n/a	236.2	356.0	3693.0	n/a	n/a	n/a	n/a
486.728	0.02	saccade	n/a	238.6	358.1	n/a	204.0	352.5	1.27	86.0
486.75	0.176	fixation	n/a	207.7	354.1	3756.0	n/a	n/a	n/a	n/a
486.928	0.036	saccade	n/a	208.0	356.0	n/a	313.0	353.5	3.82	219.0
486.966	0.252	fixation	n/a	308.7	356.9	3766.0	n/a	n/a	n/a	n/a
487.22	0.202	saccade	n/a	309.9	363.2	n/a	353.1	370.6	1.61	854.0
487.256	0.096	blink	n/a	n/a	n/a	n/a	n/a	n/a	n/a	n/a
487.424	0.18	fixation	n/a	354.9	372.8	3834.0	n/a	n/a	n/a	n/a
487.606	0.018	saccade	n/a	353.5	380.0	n/a	330.8	366.7	0.97	76.0
487.626	0.28	fixation	n/a	334.8	372.3	3851.0	n/a	n/a	n/a	n/a
487.908	0.034	saccade	n/a	335.7	378.3	n/a	395.0	490.8	4.71	253.0
487.944	0.24	fixation	n/a	392.6	491.6	3907.0	n/a	n/a	n/a	n/a
488.186	0.176	saccade	n/a	393.5	485.3	n/a	322.9	330.6	6.31	810.0
488.232	0.074	blink	n/a	n/a	n/a	n/a	n/a	n/a	n/a	n/a
488.364	0.344	fixation	n/a	323.2	347.9	3975.0	n/a	n/a	n/a	n/a
488.532	0.0	trigger_13	13	n/a	n/a	n/a	n/a	n/a	n/a	n/a
488.588	0.0	trigger_10	10	n/a	n/a	n/a	n/a	n/a	n/a	n/a
488.71	0.044	saccade	n/a	323.8	349.1	n/a	277.6	161.3	7.14	364.0
488.756	0.056	fixation	n/a	276.8	170.5	3951.0	n/a	n/a	n/a	n/a
488.814	0.042	saccade	n/a	274.4	169.5	n/a	124.5	137.4	5.48	313.0
488.858	0.256	fixation	n/a	129.0	140.7	3949.0	n/a	n/a	n/a	n/a
489.116	0.032	saccade	n/a	126.2	143.1	n/a	205.6	153.8	2.85	187.0
489.15	0.208	fixation	n/a	199.6	156.4	3968.0	n/a	n/a	n/a	n/a
489.36	0.156	saccade	n/a	201.2	163.4	n/a	269.0	158.9	2.45	714.0
489.408	0.048	blink	n/a	n/a	n/a	n/a	n/a	n/a	n/a	n/a
489.518	0.128	fixation	n/a	274.6	156.3	4025.0	n/a	n/a	n/a	n/a
489.648	0.022	saccade	n/a	272.4	167.5	n/a	241.6	162.1	1.13	89.0
489.672	0.126	fixation	n/a	248.0	166.0	3974.0	n/a	n/a	n/a	n/a
489.8	0.028	saccade	n/a	246.6	167.1	n/a	200.5	158.3	1.69	136.0
489.83	0.284	fixation	n/a	205.8	163.4	3967.0	n/a	n/a	n/a	n/a
490.116	0.02	saccade	n/a	207.0	164.7	n/a	243.8	161.1	1.33	92.0
490.138	0.106	fixation	n/a	236.9	164.3	3929.0	n/a	n/a	n/a	n/a
490.246	0.026	saccade	n/a	238.8	165.3	n/a	289.2	165.9	1.83	123.0
490.274	0.118	fixation	n/a	283.2	167.6	3896.0	n/a	n/a	n/a	n/a
490.394	0.034	saccade	n/a	286.2	168.3	n/a	379.5	169.2	3.41	190.0
490.43	0.114	fixation	n/a	371.3	169.8	3860.0	n/a	n/a	n/a	n/a
490.546	0.046	saccade	n/a	373.3	169.6	n/a	533.3	178.8	5.85	248.0
490.594	0.048	fixation	n/a	525.3	180.2	3816.0	n/a	n/a	n/a	n/a
490.644	0.03	saccade	n/a	528.1	182.2	n/a	594.5	185.4	2.42	170.0
490.676	0.32	fixation	n/a	593.9	184.9	3773.0	n/a	n/a	n/a	n/a
490.998	0.074	saccade	n/a	598.1	182.8	n/a	148.4	230.4	16.24	414.0
491.074	0.184	fixation	n/a	151.9	232.4	3887.0	n/a	n/a	n/a	n/a
491.26	0.014	saccade	n/a	147.3	233.9	n/a	129.1	228.0	0.68	57.0
491.276	0.078	fixation	n/a	135.4	231.4	3918.0	n/a	n/a	n/a	n/a
491.356	0.018	saccade	n/a	135.6	234.1	n/a	105.4	226.4	1.1	80.0
491.376	0.202	fixation	n/a	116.5	229.8	3967.0	n/a	n/a	n/a	n/a
491.58	0.03	saccade	n/a	118.2	231.9	n/a	200.8	225.0	2.96	175.0
491.612	0.23	fixation	n/a	197.8	230.7	3970.0	n/a	n/a	n/a	n/a
491.844	0.152	saccade	n/a	201.8	234.3	n/a	326.8	223.9	4.55	903.0
491.882	0.054	blink	n/a	n/a	n/a	n/a	n/a	n/a	n/a	n/a
491.998	0.146	fixation	n/a	329.6	231.6	3946.0	n/a	n/a	n/a	n/a
492.146	0.032	saccade	n/a	331.5	234.2	n/a	428.2	238.2	3.55	213.0
492.18	0.118	fixation	n/a	418.9	240.5	3889.0	n/a	n/a	n/a	n/a
492.3	0.03	saccade	n/a	421.0	243.3	n/a	490.2	238.8	2.54	166.0
492.332	0.118	fixation	n/a	483.7	239.9	3827.0	n/a	n/a	n/a	n/a
492.452	0.032	saccade	n/a	484.8	240.0	n/a	579.0	239.5	3.44	189.0
492.486	0.174	fixation	n/a	572.0	243.4	3720.0	n/a	n/a	n/a	n/a
492.662	0.016	saccade	n/a	570.6	244.3	n/a	549.6	241.0	0.78	62.0
492.68	0.128	fixation	n/a	556.9	242.5	3677.0	n/a	n/a	n/a	n/a
492.81	0.024	saccade	n/a	557.4	242.5	n/a	609.1	242.4	1.88	116.0
492.836	0.21	fixation	n/a	601.5	242.9	3631.0	n/a	n/a	n/a	n/a
493.048	0.038	saccade	n/a	603.8	238.6	n/a	467.3	181.4	5.41	294.0
493.088	0.062	fixation	n/a	475.2	185.2	3645.0	n/a	n/a	n/a	n/a
493.152	0.03	saccade	n/a	472.0	184.8	n/a	397.6	172.1	2.77	201.0
493.184	0.174	fixation	n/a	399.3	174.6	3665.0	n/a	n/a	n/a	n/a
493.36	0.03	saccade	n/a	395.5	173.2	n/a	337.0	167.9	2.15	157.0
493.392	0.134	fixation	n/a	341.1	169.1	3703.0	n/a	n/a	n/a	n/a
493.528	0.042	saccade	n/a	338.7	168.9	n/a	172.7	154.7	6.0	296.0
493.572	0.102	fixation	n/a	183.5	159.8	3799.0	n/a	n/a	n/a	n/a
493.676	0.028	saccade	n/a	179.5	161.9	n/a	122.7	160.3	2.02	167.0
493.706	0.296	fixation	n/a	129.7	161.2	3896.0	n/a	n/a	n/a	n/a
494.004	0.024	saccade	n/a	130.6	162.1	n/a	192.3	161.9	2.2	130.0
494.03	0.258	fixation	n/a	189.4	165.0	3890.0	n/a	n/a	n/a	n/a
494.29	0.028	saccade	n/a	195.1	168.0	n/a	269.7	165.6	2.69	157.0
494.32	0.262	fixation	n/a	268.4	172.9	3921.0	n/a	n/a	n/a	n/a
494.584	0.164	saccade	n/a	273.5	172.9	n/a	368.3	211.4	3.73	979.0
494.624	0.062	blink	n/a	n/a	n/a	n/a	n/a	n/a	n/a	n/a
494.75	0.08	fixation	n/a	367.6	222.8	4002.0	n/a	n/a	n/a	n/a
494.832	0.028	saccade	n/a	367.9	225.9	n/a	380.2	180.2	1.75	138.0
494.862	0.13	fixation	n/a	378.3	184.4	3919.0	n/a	n/a	n/a	n/a
494.994	0.018	saccade	n/a	376.9	183.5	n/a	354.1	179.4	0.85	62.0
495.014	0.174	fixation	n/a	357.9	179.9	3921.0	n/a	n/a	n/a	n/a
495.19	0.04	saccade	n/a	357.8	179.8	n/a	480.0	174.5	4.46	187.0
495.232	0.304	fixation	n/a	470.6	178.2	3903.0	n/a	n/a	n/a	n/a
495.538	0.04	saccade	n/a	466.5	179.4	n/a	329.4	168.0	5.03	309.0
495.58	0.262	fixation	n/a	335.5	172.8	3982.0	n/a	n/a	n/a	n/a
495.844	0.062	saccade	n/a	332.6	175.1	n/a	517.8	559.9	15.65	505.0
495.908	0.186	fixation	n/a	523.8	563.2	4135.0	n/a	n/a	n/a	n/a
496.096	0.014	saccade	n/a	529.9	563.9	n/a	541.0	550.8	0.63	55.0
496.112	0.266	fixation	n/a	540.3	558.0	4081.0	n/a	n/a	n/a	n/a
496.38	0.036	saccade	n/a	541.6	558.6	n/a	432.9	542.1	4.01	247.0
496.418	0.166	fixation	n/a	435.4	545.1	3837.0	n/a	n/a	n/a	n/a
496.586	0.142	saccade	n/a	431.9	542.9	n/a	237.6	202.9	14.35	809.0
496.618	0.06	blink	n/a	n/a	n/a	n/a	n/a	n/a	n/a	n/a
496.73	0.126	fixation	n/a	235.6	201.6	3800.0	n/a	n/a	n/a	n/a
496.858	0.034	saccade	n/a	232.4	198.9	n/a	154.2	160.3	3.13	202.0
496.894	0.156	fixation	n/a	160.9	162.9	3823.0	n/a	n/a	n/a	n/a
497.052	0.024	saccade	n/a	158.7	162.0	n/a	127.7	158.4	1.1	94.0
497.078	0.074	fixation	n/a	134.3	161.5	3890.0	n/a	n/a	n/a	n/a
497.154	0.054	saccade	n/a	135.0	167.1	n/a	190.6	474.9	11.41	440.0
497.21	0.08	fixation	n/a	192.4	477.8	4045.0	n/a	n/a	n/a	n/a
497.292	0.028	saccade	n/a	194.9	488.1	n/a	181.9	532.6	1.69	129.0
497.322	0.166	fixation	n/a	181.5	531.0	4114.0	n/a	n/a	n/a	n/a
497.49	0.026	saccade	n/a	180.7	533.3	n/a	227.0	532.8	1.66	122.0
497.518	0.074	fixation	n/a	218.4	534.8	4142.0	n/a	n/a	n/a	n/a
497.594	0.034	saccade	n/a	219.4	535.7	n/a	317.2	534.3	3.54	219.0
497.63	0.18	fixation	n/a	307.9	537.8	4083.0	n/a	n/a	n/a	n/a
497.812	0.026	saccade	n/a	308.9	539.7	n/a	357.8	532.4	1.8	128.0
497.84	0.114	fixation	n/a	350.7	534.5	3981.0	n/a	n/a	n/a	n/a
497.956	0.028	saccade	n/a	352.7	535.3	n/a	431.0	537.0	2.86	171.0
497.986	0.06	fixation	n/a	424.3	538.5	3914.0	n/a	n/a	n/a	n/a
498.048	0.026	saccade	n/a	425.3	538.8	n/a	475.3	536.0	1.83	130.0
498.076	0.304	fixation	n/a	465.6	539.3	3866.0	n/a	n/a	n/a	n/a
498.382	0.032	saccade	n/a	459.3	541.2	n/a	535.1	545.4	2.77	172.0
498.416	0.272	fixation	n/a	530.0	547.1	3797.0	n/a	n/a	n/a	n/a
498.69	0.152	saccade	n/a	530.2	549.8	n/a	260.8	190.4	16.42	870.0
498.724	0.068	blink	n/a	n/a	n/a	n/a	n/a	n/a	n/a	n/a
498.844	0.132	fixation	n/a	256.8	193.5	3808.0	n/a	n/a	n/a	n/a
498.978	0.04	saccade	n/a	256.3	190.1	n/a	149.7	155.8	4.02	228.0
499.02	0.058	fixation	n/a	156.8	157.1	3807.0	n/a	n/a	n/a	n/a
499.08	0.024	saccade	n/a	153.7	157.6	n/a	125.0	154.8	1.02	98.0
499.106	0.258	fixation	n/a	128.5	155.0	3923.0	n/a	n/a	n/a	n/a
499.366	0.03	saccade	n/a	128.9	156.4	n/a	193.7	156.3	2.3	148.0
499.398	0.234	fixation	n/a	187.3	157.0	4039.0	n/a	n/a	n/a	n/a
499.634	0.178	saccade	n/a	189.3	160.7	n/a	220.7	164.5	1.13	949.0
499.674	0.074	blink	n/a	n/a	n/a	n/a	n/a	n/a	n/a	n/a
499.814	0.048	fixation	n/a	222.5	162.2	4079.0	n/a	n/a	n/a	n/a
499.864	0.02	saccade	n/a	225.6	163.8	n/a	264.6	169.4	1.42	97.0
499.886	0.584	fixation	n/a	270.1	173.4	3929.0	n/a	n/a	n/a	n/a
500.472	0.03	saccade	n/a	280.7	172.5	n/a	355.8	168.0	2.74	162.0
500.504	0.254	fixation	n/a	347.6	171.3	3765.0	n/a	n/a	n/a	n/a
500.76	0.022	saccade	n/a	348.9	173.7	n/a	393.4	170.6	1.63	110.0
500.784	0.048	fixation	n/a	388.4	171.0	3793.0	n/a	n/a	n/a	n/a
500.834	0.21	saccade	n/a	389.5	166.8	n/a	398.2	161.3	0.38	963.0
500.876	0.098	blink	n/a	n/a	n/a	n/a	n/a	n/a	n/a	n/a
501.046	0.258	fixation	n/a	387.0	171.6	3861.0	n/a	n/a	n/a	n/a
501.306	0.024	saccade	n/a	389.0	179.4	n/a	436.2	169.8	1.76	111.0
501.332	0.214	fixation	n/a	429.6	172.9	3890.0	n/a	n/a	n/a	n/a
501.548	0.018	saccade	n/a	433.6	170.8	n/a	456.0	168.7	0.82	61.0
501.568	0.27	fixation	n/a	454.0	168.4	3832.0	n/a	n/a	n/a	n/a
501.84	0.026	saccade	n/a	458.1	168.4	n/a	522.3	168.6	2.34	124.0
501.868	0.208	fixation	n/a	522.7	173.4	3774.0	n/a	n/a	n/a	n/a
502.078	0.146	saccade	n/a	522.8	173.8	n/a	596.4	177.1	2.67	986.0
502.116	0.05	blink	n/a	n/a	n/a	n/a	n/a	n/a	n/a	n/a
502.226	0.148	fixation	n/a	591.0	178.5	3880.0	n/a	n/a	n/a	n/a
502.376	0.016	saccade	n/a	593.4	185.5	n/a	613.2	185.2	0.72	58.0
502.394	0.36	fixation	n/a	609.3	185.0	3942.0	n/a	n/a	n/a	n/a
502.756	0.07	saccade	n/a	614.2	185.9	n/a	205.3	209.8	14.76	417.0
502.828	0.106	fixation	n/a	213.6	211.7	4134.0	n/a	n/a	n/a	n/a
502.936	0.032	saccade	n/a	211.1	211.8	n/a	138.9	216.4	2.58	178.0
502.97	0.36	fixation	n/a	136.8	221.0	4161.0	n/a	n/a	n/a	n/a
503.332	0.03	saccade	n/a	129.3	225.3	n/a	200.4	223.2	2.54	160.0
503.364	0.266	fixation	n/a	195.5	226.3	4115.0	n/a	n/a	n/a	n/a
503.632	0.028	saccade	n/a	198.8	227.2	n/a	270.6	223.9	2.6	164.0
503.662	0.17	fixation	n/a	267.1	226.9	4079.0	n/a	n/a	n/a	n/a
503.834	0.024	saccade	n/a	272.3	226.9	n/a	312.7	225.4	1.47	112.0
503.86	0.17	fixation	n/a	308.3	228.2	4071.0	n/a	n/a	n/a	n/a
504.032	0.032	saccade	n/a	310.3	230.5	n/a	390.6	228.4	2.94	162.0
504.066	0.172	fixation	n/a	381.7	230.2	3959.0	n/a	n/a	n/a	n/a
504.24	0.028	saccade	n/a	384.1	230.5	n/a	463.3	230.5	2.9	165.0
504.27	0.19	fixation	n/a	459.5	233.0	3837.0	n/a	n/a	n/a	n/a
504.462	0.146	saccade	n/a	457.7	237.9	n/a	523.7	234.2	2.42	1108.0
504.498	0.06	blink	n/a	n/a	n/a	n/a	n/a	n/a	n/a	n/a
504.61	0.084	fixation	n/a	523.2	231.5	3810.0	n/a	n/a	n/a	n/a
504.696	0.018	saccade	n/a	520.7	238.1	n/a	496.5	234.9	0.89	69.0
504.716	0.298	fixation	n/a	500.1	236.9	3765.0	n/a	n/a	n/a	n/a
505.016	0.026	saccade	n/a	500.6	239.2	n/a	559.2	233.9	2.15	127.0
505.044	0.274	fixation	n/a	552.9	234.5	3697.0	n/a	n/a	n/a	n/a
505.32	0.022	saccade	n/a	556.2	237.2	n/a	600.6	234.1	1.62	102.0
505.344	0.39	fixation	n/a	593.8	240.6	3762.0	n/a	n/a	n/a	n/a
505.736	0.052	saccade	n/a	594.4	246.3	n/a	592.7	541.4	10.87	443.0
505.79	0.19	fixation	n/a	594.4	547.5	4021.0	n/a	n/a	n/a	n/a
505.982	0.19	saccade	n/a	596.5	548.6	n/a	355.7	171.6	16.36	814.0
506.02	0.092	blink	n/a	n/a	n/a	n/a	n/a	n/a	n/a	n/a
506.174	0.02	fixation	n/a	352.6	177.6	4146.0	n/a	n/a	n/a	n/a
506.196	0.046	saccade	n/a	351.2	184.0	n/a	176.4	176.0	6.32	318.0
506.244	0.062	fixation	n/a	184.5	178.2	4028.0	n/a	n/a	n/a	n/a
506.308	0.03	saccade	n/a	182.0	179.1	n/a	127.6	151.8	2.17	178.0
506.34	0.28	fixation	n/a	132.6	157.4	4064.0	n/a	n/a	n/a	n/a
506.622	0.168	saccade	n/a	130.7	156.4	n/a	209.0	166.3	2.8	672.0
506.676	0.042	blink	n/a	n/a	n/a	n/a	n/a	n/a	n/a	n/a
506.792	0.11	fixation	n/a	214.8	155.5	4221.0	n/a	n/a	n/a	n/a
506.904	0.016	saccade	n/a	213.7	155.3	n/a	190.4	152.7	0.84	66.0
506.922	0.218	fixation	n/a	195.7	159.3	4155.0	n/a	n/a	n/a	n/a
507.142	0.032	saccade	n/a	194.6	162.1	n/a	278.5	154.6	3.03	195.0
507.176	0.178	fixation	n/a	274.7	163.4	4199.0	n/a	n/a	n/a	n/a
507.356	0.214	saccade	n/a	274.8	171.7	n/a	293.9	178.3	0.73	1011.0
507.396	0.09	blink	n/a	n/a	n/a	n/a	n/a	n/a	n/a	n/a
507.572	0.212	fixation	n/a	296.2	166.0	4267.0	n/a	n/a	n/a	n/a
507.786	0.022	saccade	n/a	299.1	169.0	n/a	345.3	163.7	1.69	111.0
507.81	0.136	fixation	n/a	335.6	166.9	4278.0	n/a	n/a	n/a	n/a
507.948	0.256	saccade	n/a	334.2	165.0	n/a	374.5	172.0	1.49	900.0
507.996	0.124	blink	n/a	n/a	n/a	n/a	n/a	n/a	n/a	n/a
508.206	0.276	fixation	n/a	370.0	175.6	4024.0	n/a	n/a	n/a	n/a
508.484	0.022	saccade	n/a	366.5	178.6	n/a	334.3	167.5	1.24	92.0
508.508	0.15	fixation	n/a	341.5	170.3	3975.0	n/a	n/a	n/a	n/a
508.66	0.032	saccade	n/a	343.0	170.9	n/a	417.4	170.2	2.72	168.0
508.694	0.184	fixation	n/a	411.8	171.2	3939.0	n/a	n/a	n/a	n/a
508.88	0.018	saccade	n/a	415.4	171.2	n/a	443.2	171.1	1.01	77.0
508.9	0.32	fixation	n/a	435.7	171.5	3918.0	n/a	n/a	n/a	n/a
509.222	0.018	saccade	n/a	434.9	172.4	n/a	461.0	171.6	0.95	68.0
509.242	0.15	fixation	n/a	456.7	171.6	3886.0	n/a	n/a	n/a	n/a
509.394	0.032	saccade	n/a	459.5	172.9	n/a	552.6	172.4	3.39	183.0
509.428	0.12	fixation	n/a	546.0	174.3	3864.0	n/a	n/a	n/a	n/a
509.55	0.024	saccade	n/a	551.6	176.4	n/a	602.6	179.0	1.85	128.0
509.576	0.08	fixation	n/a	597.0	180.7	3846.0	n/a	n/a	n/a	n/a
509.658	0.018	saccade	n/a	599.4	182.3	n/a	626.5	176.8	1.0	75.0
509.678	0.472	fixation	n/a	620.6	180.6	3842.0	n/a	n/a	n/a	n/a
510.152	0.082	saccade	n/a	617.6	183.1	n/a	223.1	224.5	14.32	284.0
510.236	0.054	fixation	n/a	227.2	225.1	4000.0	n/a	n/a	n/a	n/a
510.292	0.028	saccade	n/a	221.7	226.9	n/a	170.7	229.9	1.83	150.0
510.322	0.1	fixation	n/a	174.5	233.6	4020.0	n/a	n/a	n/a	n/a
510.424	0.022	saccade	n/a	170.3	235.5	n/a	139.4	232.1	1.11	96.0
510.448	0.076	fixation	n/a	145.6	234.0	4079.0	n/a	n/a	n/a	n/a
510.526	0.022	saccade	n/a	144.0	234.7	n/a	115.1	227.2	1.06	92.0
510.55	0.204	fixation	n/a	122.0	229.4	4131.0	n/a	n/a	n/a	n/a
510.756	0.032	saccade	n/a	122.5	226.8	n/a	212.1	224.3	3.2	183.0
510.79	0.136	fixation	n/a	202.5	226.7	4132.0	n/a	n/a	n/a	n/a
510.928	0.14	saccade	n/a	202.5	231.1	n/a	310.8	217.6	3.96	1014.0
510.966	0.044	blink	n/a	n/a	n/a	n/a	n/a	n/a	n/a	n/a
511.07	0.288	fixation	n/a	311.1	227.2	4110.0	n/a	n/a	n/a	n/a
511.36	0.034	saccade	n/a	310.6	231.0	n/a	416.8	226.9	3.89	206.0
511.396	0.124	fixation	n/a	407.5	229.6	4027.0	n/a	n/a	n/a	n/a
511.522	0.028	saccade	n/a	410.6	229.0	n/a	476.7	230.0	2.43	152.0
511.552	0.168	fixation	n/a	469.6	231.2	3965.0	n/a	n/a	n/a	n/a
511.722	0.032	saccade	n/a	472.0	231.9	n/a	557.0	235.6	3.12	180.0
511.756	0.324	fixation	n/a	551.6	238.1	3921.0	n/a	n/a	n/a	n/a
512.082	0.026	saccade	n/a	556.1	240.2	n/a	604.2	238.3	1.75	115.0
512.11	0.17	fixation	n/a	598.7	239.0	3864.0	n/a	n/a	n/a	n/a
512.282	0.016	saccade	n/a	602.6	237.9	n/a	624.0	236.7	0.78	60.0
512.3	0.358	fixation	n/a	619.5	238.2	3867.0	n/a	n/a	n/a	n/a
512.66	0.068	saccade	n/a	619.2	239.6	n/a	278.4	222.0	12.39	311.0
512.73	0.17	fixation	n/a	279.3	224.6	4031.0	n/a	n/a	n/a	n/a
512.902	0.034	saccade	n/a	274.4	226.2	n/a	184.7	219.6	3.25	212.0
512.938	0.224	fixation	n/a	188.8	221.9	4072.0	n/a	n/a	n/a	n/a
513.164	0.032	saccade	n/a	185.0	221.7	n/a	109.5	219.0	2.69	179.0
513.198	0.242	fixation	n/a	117.1	221.6	4135.0	n/a	n/a	n/a	n/a
513.442	0.03	saccade	n/a	118.1	223.6	n/a	198.4	222.7	2.86	176.0
513.474	0.316	fixation	n/a	197.4	225.9	4074.0	n/a	n/a	n/a	n/a
513.792	0.036	saccade	n/a	203.4	225.7	n/a	307.3	221.6	3.77	195.0
513.83	0.136	fixation	n/a	299.4	224.1	3999.0	n/a	n/a	n/a	n/a
513.968	0.038	saccade	n/a	302.1	225.6	n/a	427.8	226.8	4.6	242.0
514.008	0.202	fixation	n/a	422.3	229.8	3907.0	n/a	n/a	n/a	n/a
514.212	0.024	saccade	n/a	426.1	230.0	n/a	470.4	231.1	1.63	115.0
514.238	0.25	fixation	n/a	461.9	232.1	3827.0	n/a	n/a	n/a	n/a
514.49	0.054	saccade	n/a	459.6	235.3	n/a	183.8	155.5	10.41	393.0
514.546	0.134	fixation	n/a	185.3	157.3	3746.0	n/a	n/a	n/a	n/a
514.682	0.028	saccade	n/a	179.6	156.4	n/a	125.9	150.6	1.92	130.0
514.712	0.2	fixation	n/a	129.7	150.1	3742.0	n/a	n/a	n/a	n/a
514.914	0.03	saccade	n/a	128.8	149.6	n/a	202.1	154.1	2.6	166.0
514.946	0.166	fixation	n/a	196.5	155.6	3808.0	n/a	n/a	n/a	n/a
515.114	0.03	saccade	n/a	199.2	157.1	n/a	272.7	155.5	2.64	174.0
515.146	0.21	fixation	n/a	267.7	160.6	3835.0	n/a	n/a	n/a	n/a
515.358	0.212	saccade	n/a	271.0	172.3	n/a	377.8	266.6	5.22	907.0
515.398	0.086	blink	n/a	n/a	n/a	n/a	n/a	n/a	n/a	n/a
515.572	0.12	fixation	n/a	382.2	275.8	3960.0	n/a	n/a	n/a	n/a
515.694	0.034	saccade	n/a	383.0	286.6	n/a	331.5	223.0	3.02	205.0
515.73	0.024	fixation	n/a	336.3	231.2	3897.0	n/a	n/a	n/a	n/a
515.756	0.346	saccade	n/a	335.9	229.4	n/a	248.3	226.6	3.19	1067.0
515.792	0.254	blink	n/a	n/a	n/a	n/a	n/a	n/a	n/a	n/a
516.104	0.304	fixation	n/a	249.9	241.0	4006.0	n/a	n/a	n/a	n/a
516.41	0.032	saccade	n/a	248.3	243.5	n/a	212.2	169.1	3.03	198.0
516.444	0.138	fixation	n/a	214.5	179.2	4053.0	n/a	n/a	n/a	n/a
516.584	0.03	saccade	n/a	212.7	177.8	n/a	146.7	155.3	2.5	178.0
516.616	0.396	fixation	n/a	155.8	157.5	4018.0	n/a	n/a	n/a	n/a
517.014	0.024	saccade	n/a	159.2	158.9	n/a	196.0	167.0	1.35	101.0
517.04	0.572	fixation	n/a	194.2	170.0	4112.0	n/a	n/a	n/a	n/a
517.35	0.0	trigger_11	11	n/a	n/a	n/a	n/a	n/a	n/a	n/a
517.41	0.0	trigger_10	10	n/a	n/a	n/a	n/a	n/a	n/a	n/a
517.614	0.03	saccade	n/a	196.4	174.9	n/a	138.2	166.3	2.1	173.0
517.646	0.062	fixation	n/a	146.0	167.0	4273.0	n/a	n/a	n/a	n/a
517.71	0.018	saccade	n/a	143.7	164.6	n/a	121.9	149.4	0.95	74.0
517.73	0.134	fixation	n/a	129.8	155.7	4317.0	n/a	n/a	n/a	n/a
517.866	0.14	saccade	n/a	131.8	161.7	n/a	231.0	143.2	3.6	1046.0
517.908	0.04	blink	n/a	n/a	n/a	n/a	n/a	n/a	n/a	n/a
518.008	0.134	fixation	n/a	233.3	156.8	4320.0	n/a	n/a	n/a	n/a
518.144	0.016	saccade	n/a	229.7	160.7	n/a	207.0	157.5	0.82	63.0
518.162	0.124	fixation	n/a	213.1	161.6	4286.0	n/a	n/a	n/a	n/a
518.288	0.038	saccade	n/a	213.1	162.8	n/a	330.2	163.5	4.23	226.0
518.328	0.072	fixation	n/a	321.8	166.9	4245.0	n/a	n/a	n/a	n/a
518.402	0.036	saccade	n/a	324.4	167.8	n/a	435.0	170.7	4.03	244.0
518.44	0.23	fixation	n/a	433.7	173.1	4154.0	n/a	n/a	n/a	n/a
518.672	0.024	saccade	n/a	438.9	174.3	n/a	485.7	176.8	1.71	116.0
518.698	0.104	fixation	n/a	480.0	178.4	4038.0	n/a	n/a	n/a	n/a
518.804	0.026	saccade	n/a	483.1	179.0	n/a	546.7	177.9	2.32	146.0
518.832	0.136	fixation	n/a	538.9	180.7	3942.0	n/a	n/a	n/a	n/a
518.97	0.148	saccade	n/a	538.7	181.8	n/a	615.1	166.0	2.83	1141.0
519.004	0.06	blink	n/a	n/a	n/a	n/a	n/a	n/a	n/a	n/a
519.12	0.292	fixation	n/a	613.7	177.9	3830.0	n/a	n/a	n/a	n/a
519.414	0.04	saccade	n/a	613.5	177.3	n/a	478.2	167.2	4.93	267.0
519.456	0.184	fixation	n/a	481.4	169.1	3934.0	n/a	n/a	n/a	n/a
519.642	0.042	saccade	n/a	476.5	169.5	n/a	311.6	158.7	6.03	302.0
519.686	0.084	fixation	n/a	318.3	160.9	4003.0	n/a	n/a	n/a	n/a
519.772	0.032	saccade	n/a	315.5	162.8	n/a	237.2	161.3	2.84	213.0
519.806	0.218	fixation	n/a	242.7	164.4	4085.0	n/a	n/a	n/a	n/a
520.026	0.03	saccade	n/a	240.4	168.5	n/a	206.9	215.7	2.11	156.0
520.058	0.042	fixation	n/a	209.8	208.0	4164.0	n/a	n/a	n/a	n/a
520.102	0.028	saccade	n/a	207.1	206.4	n/a	153.7	218.5	1.97	160.0
520.132	0.128	fixation	n/a	161.1	218.1	4152.0	n/a	n/a	n/a	n/a
520.262	0.022	saccade	n/a	158.8	217.2	n/a	122.6	215.8	1.29	96.0
520.286	0.248	fixation	n/a	128.8	218.0	4137.0	n/a	n/a	n/a	n/a
520.536	0.028	saccade	n/a	129.4	217.0	n/a	207.0	219.6	2.78	161.0
520.566	0.228	fixation	n/a	198.3	221.2	4101.0	n/a	n/a	n/a	n/a
520.796	0.016	saccade	n/a	196.5	222.4	n/a	172.6	217.6	0.87	70.0
520.814	0.118	fixation	n/a	180.6	221.4	4032.0	n/a	n/a	n/a	n/a
520.934	0.032	saccade	n/a	182.5	223.9	n/a	275.8	224.9	3.37	201.0
520.968	0.094	fixation	n/a	270.4	228.0	3947.0	n/a	n/a	n/a	n/a
521.064	0.03	saccade	n/a	273.3	228.1	n/a	343.1	225.2	2.55	169.0
521.096	0.348	fixation	n/a	341.2	227.7	3874.0	n/a	n/a	n/a	n/a
521.446	0.016	saccade	n/a	340.6	228.5	n/a	320.6	225.5	0.74	60.0
521.464	0.196	fixation	n/a	326.6	227.7	3809.0	n/a	n/a	n/a	n/a
521.662	0.024	saccade	n/a	323.4	229.7	n/a	267.2	224.7	2.06	116.0
521.688	0.044	fixation	n/a	271.7	225.2	3788.0	n/a	n/a	n/a	n/a
521.734	0.028	saccade	n/a	271.1	225.3	n/a	219.5	223.0	1.87	142.0
521.764	0.122	fixation	n/a	224.2	225.4	3796.0	n/a	n/a	n/a	n/a
521.888	0.05	saccade	n/a	225.2	227.0	n/a	462.6	236.2	8.64	333.0
521.94	0.238	fixation	n/a	468.1	239.2	3828.0	n/a	n/a	n/a	n/a
522.18	0.026	saccade	n/a	481.7	241.8	n/a	536.7	240.2	2.01	131.0
522.208	0.186	fixation	n/a	529.4	242.8	3818.0	n/a	n/a	n/a	n/a
522.396	0.024	saccade	n/a	531.2	243.3	n/a	588.3	238.3	2.09	120.0
522.422	0.152	fixation	n/a	582.0	240.6	3760.0	n/a	n/a	n/a	n/a
522.576	0.07	saccade	n/a	580.5	241.9	n/a	165.8	277.7	15.03	395.0
522.648	0.158	fixation	n/a	166.1	281.5	3840.0	n/a	n/a	n/a	n/a
522.808	0.014	saccade	n/a	159.4	281.7	n/a	143.1	284.6	0.59	53.0
522.824	0.216	fixation	n/a	148.8	286.5	3870.0	n/a	n/a	n/a	n/a
523.042	0.032	saccade	n/a	149.1	283.8	n/a	236.6	286.4	3.14	189.0
523.076	0.148	fixation	n/a	231.0	289.7	3966.0	n/a	n/a	n/a	n/a
523.226	0.028	saccade	n/a	232.3	289.5	n/a	291.7	289.1	2.16	146.0
523.256	0.166	fixation	n/a	284.8	292.2	3965.0	n/a	n/a	n/a	n/a
523.424	0.028	saccade	n/a	286.3	293.7	n/a	345.4	291.5	2.17	147.0
523.454	0.188	fixation	n/a	339.0	295.7	3912.0	n/a	n/a	n/a	n/a
523.644	0.136	saccade	n/a	340.3	302.2	n/a	418.2	279.1	3.0	986.0
523.678	0.048	blink	n/a	n/a	n/a	n/a	n/a	n/a	n/a	n/a
523.782	0.168	fixation	n/a	418.3	294.9	3810.0	n/a	n/a	n/a	n/a
523.952	0.018	saccade	n/a	420.9	296.8	n/a	448.9	293.7	1.04	78.0
523.972	0.22	fixation	n/a	442.8	294.8	3742.0	n/a	n/a	n/a	n/a
524.194	0.026	saccade	n/a	445.4	295.5	n/a	528.8	292.0	3.07	163.0
524.222	0.314	fixation	n/a	529.8	292.2	3656.0	n/a	n/a	n/a	n/a
524.538	0.04	saccade	n/a	531.5	297.3	n/a	551.1	427.4	4.91	231.0
524.58	0.12	fixation	n/a	548.1	425.5	3647.0	n/a	n/a	n/a	n/a
524.702	0.034	saccade	n/a	548.1	431.3	n/a	601.6	535.9	4.34	249.0
524.738	0.148	fixation	n/a	598.2	534.9	3690.0	n/a	n/a	n/a	n/a
524.888	0.024	saccade	n/a	601.1	538.6	n/a	638.3	525.7	1.43	102.0
524.914	0.024	fixation	n/a	632.9	527.2	3721.0	n/a	n/a	n/a	n/a
524.94	0.056	saccade	n/a	630.8	527.4	n/a	484.0	293.9	10.15	402.0
524.998	0.16	fixation	n/a	478.5	304.5	3746.0	n/a	n/a	n/a	n/a
525.16	0.15	saccade	n/a	476.2	294.8	n/a	320.0	214.5	6.47	1020.0
525.202	0.056	blink	n/a	n/a	n/a	n/a	n/a	n/a	n/a	n/a
525.312	0.326	fixation	n/a	318.8	227.8	3786.0	n/a	n/a	n/a	n/a
525.64	0.034	saccade	n/a	317.0	230.7	n/a	282.7	148.4	3.28	205.0
525.676	0.26	fixation	n/a	285.8	158.1	3858.0	n/a	n/a	n/a	n/a
525.938	0.04	saccade	n/a	287.3	160.9	n/a	162.0	162.3	4.49	247.0
525.98	0.176	fixation	n/a	171.9	164.8	3934.0	n/a	n/a	n/a	n/a
526.158	0.03	saccade	n/a	171.1	169.6	n/a	134.5	225.1	2.4	162.0
526.19	0.482	fixation	n/a	137.4	223.5	4081.0	n/a	n/a	n/a	n/a
526.674	0.156	saccade	n/a	142.9	243.5	n/a	166.1	278.7	1.53	974.0
526.714	0.046	blink	n/a	n/a	n/a	n/a	n/a	n/a	n/a	n/a
526.832	0.184	fixation	n/a	170.5	291.6	4260.0	n/a	n/a	n/a	n/a
527.016	0.0	trigger_11	11	n/a	n/a	n/a	n/a	n/a	n/a	n/a
527.018	0.03	saccade	n/a	172.2	296.5	n/a	139.8	235.5	2.52	175.0
527.05	0.196	fixation	n/a	145.4	240.5	4276.0	n/a	n/a	n/a	n/a
527.074	0.0	trigger_10	10	n/a	n/a	n/a	n/a	n/a	n/a	n/a
527.248	0.03	saccade	n/a	145.8	237.1	n/a	143.1	172.8	2.35	160.0
527.28	0.054	fixation	n/a	142.2	183.0	4218.0	n/a	n/a	n/a	n/a
527.336	0.028	saccade	n/a	141.7	180.7	n/a	128.6	137.1	1.65	134.0
527.366	0.22	fixation	n/a	127.2	144.6	4146.0	n/a	n/a	n/a	n/a
527.588	0.032	saccade	n/a	128.0	146.6	n/a	203.2	154.0	2.69	176.0
527.622	0.196	fixation	n/a	196.3	158.0	4076.0	n/a	n/a	n/a	n/a
527.82	0.016	saccade	n/a	199.7	161.6	n/a	220.7	160.7	0.75	60.0
527.838	0.172	fixation	n/a	215.3	165.6	4020.0	n/a	n/a	n/a	n/a
528.012	0.016	saccade	n/a	211.0	167.1	n/a	186.8	162.0	0.89	74.0
528.03	0.176	fixation	n/a	193.0	163.3	3937.0	n/a	n/a	n/a	n/a
528.208	0.026	saccade	n/a	196.8	164.8	n/a	255.6	165.4	2.12	138.0
528.236	0.122	fixation	n/a	249.0	166.1	3914.0	n/a	n/a	n/a	n/a
528.36	0.036	saccade	n/a	251.1	165.1	n/a	356.9	164.3	3.85	221.0
528.398	0.26	fixation	n/a	352.0	165.1	3892.0	n/a	n/a	n/a	n/a
528.66	0.024	saccade	n/a	357.2	164.6	n/a	399.3	165.9	1.54	112.0
528.686	0.198	fixation	n/a	392.7	164.1	3818.0	n/a	n/a	n/a	n/a
528.886	0.024	saccade	n/a	396.6	163.9	n/a	442.6	162.9	1.68	115.0
528.912	0.166	fixation	n/a	437.6	166.0	3771.0	n/a	n/a	n/a	n/a
529.08	0.026	saccade	n/a	442.1	167.7	n/a	509.0	168.9	2.45	141.0
529.108	0.088	fixation	n/a	503.4	169.7	3742.0	n/a	n/a	n/a	n/a
529.198	0.026	saccade	n/a	505.8	169.9	n/a	565.1	169.6	2.16	136.0
529.226	0.466	fixation	n/a	559.6	172.6	3767.0	n/a	n/a	n/a	n/a
529.694	0.018	saccade	n/a	555.6	174.2	n/a	527.6	170.4	1.03	83.0
529.714	0.038	fixation	n/a	534.5	172.4	3823.0	n/a	n/a	n/a	n/a
529.754	0.032	saccade	n/a	535.8	174.2	n/a	460.4	165.6	2.77	202.0
529.788	0.324	fixation	n/a	463.5	171.7	3894.0	n/a	n/a	n/a	n/a
530.114	0.142	saccade	n/a	463.2	181.1	n/a	486.2	161.1	1.12	1210.0
530.148	0.052	blink	n/a	n/a	n/a	n/a	n/a	n/a	n/a	n/a
530.258	0.084	fixation	n/a	485.5	177.5	4009.0	n/a	n/a	n/a	n/a
530.344	0.028	saccade	n/a	487.2	181.1	n/a	556.8	178.9	2.55	158.0
530.374	0.26	fixation	n/a	549.9	180.8	3935.0	n/a	n/a	n/a	n/a
530.636	0.022	saccade	n/a	552.4	181.3	n/a	596.3	176.2	1.61	97.0
530.66	0.106	fixation	n/a	590.3	178.4	3883.0	n/a	n/a	n/a	n/a
530.768	0.068	saccade	n/a	588.8	178.8	n/a	169.1	221.2	15.23	413.0
530.838	0.104	fixation	n/a	173.7	223.7	3988.0	n/a	n/a	n/a	n/a
530.944	0.026	saccade	n/a	169.3	226.7	n/a	124.5	225.2	1.6	128.0
530.972	0.19	fixation	n/a	131.5	229.3	3971.0	n/a	n/a	n/a	n/a
531.164	0.032	saccade	n/a	132.1	229.8	n/a	213.4	231.9	2.92	193.0
531.198	0.306	fixation	n/a	208.5	235.1	3947.0	n/a	n/a	n/a	n/a
531.506	0.018	saccade	n/a	214.0	237.2	n/a	241.6	235.2	1.0	73.0
531.526	0.12	fixation	n/a	235.0	235.2	3926.0	n/a	n/a	n/a	n/a
531.648	0.028	saccade	n/a	237.0	237.5	n/a	302.4	233.7	2.38	146.0
531.678	0.33	fixation	n/a	296.9	235.1	3864.0	n/a	n/a	n/a	n/a
532.01	0.13	saccade	n/a	295.9	241.9	n/a	311.5	218.7	1.03	976.0
532.044	0.042	blink	n/a	n/a	n/a	n/a	n/a	n/a	n/a	n/a
532.142	0.31	fixation	n/a	312.0	229.4	3891.0	n/a	n/a	n/a	n/a
532.454	0.018	saccade	n/a	311.0	230.6	n/a	283.7	223.2	1.03	77.0
532.474	0.364	fixation	n/a	289.7	227.9	3902.0	n/a	n/a	n/a	n/a
532.84	0.02	saccade	n/a	292.8	230.6	n/a	328.9	226.5	1.33	91.0
532.862	0.254	fixation	n/a	324.4	231.0	3915.0	n/a	n/a	n/a	n/a
533.118	0.028	saccade	n/a	324.2	231.6	n/a	264.1	224.4	2.21	151.0
533.148	0.196	fixation	n/a	272.2	226.7	3944.0	n/a	n/a	n/a	n/a
533.346	0.026	saccade	n/a	268.8	228.5	n/a	226.2	229.7	1.55	127.0
533.374	0.438	fixation	n/a	232.1	233.9	3962.0	n/a	n/a	n/a	n/a
533.814	0.032	saccade	n/a	239.1	237.4	n/a	322.3	234.3	3.03	206.0
533.848	0.406	fixation	n/a	318.4	234.6	3833.0	n/a	n/a	n/a	n/a
534.256	0.048	saccade	n/a	319.2	233.8	n/a	124.4	215.9	7.05	308.0
534.306	0.294	fixation	n/a	132.0	216.3	3817.0	n/a	n/a	n/a	n/a
534.602	0.064	saccade	n/a	132.6	214.5	n/a	522.6	174.2	14.11	378.0
534.668	0.14	fixation	n/a	523.0	178.2	3819.0	n/a	n/a	n/a	n/a
534.81	0.124	saccade	n/a	525.8	187.6	n/a	521.7	180.2	0.31	1095.0
534.85	0.028	blink	n/a	n/a	n/a	n/a	n/a	n/a	n/a	n/a
534.936	0.14	fixation	n/a	520.0	202.8	3961.0	n/a	n/a	n/a	n/a
535.078	0.484	saccade	n/a	519.9	200.5	n/a	292.8	238.3	8.41	993.0
535.124	0.372	blink	n/a	n/a	n/a	n/a	n/a	n/a	n/a	n/a
535.564	0.326	fixation	n/a	289.1	266.3	4273.0	n/a	n/a	n/a	n/a
535.892	0.328	saccade	n/a	288.4	273.6	n/a	282.6	254.3	0.75	814.0
535.94	0.206	blink	n/a	n/a	n/a	n/a	n/a	n/a	n/a	n/a
536.222	0.162	fixation	n/a	283.0	263.5	4115.0	n/a	n/a	n/a	n/a
536.36	0.0	trigger_11	11	n/a	n/a	n/a	n/a	n/a	n/a	n/a
536.386	0.026	saccade	n/a	279.7	274.0	n/a	255.3	242.3	1.47	126.0
536.414	0.186	fixation	n/a	261.5	252.4	4097.0	n/a	n/a	n/a	n/a
536.418	0.0	trigger_10	10	n/a	n/a	n/a	n/a	n/a	n/a	n/a
536.602	0.036	saccade	n/a	260.9	254.1	n/a	159.8	175.9	4.63	291.0
536.64	0.056	fixation	n/a	169.5	181.1	4018.0	n/a	n/a	n/a	n/a
536.698	0.028	saccade	n/a	167.1	179.1	n/a	134.0	149.6	1.59	141.0
536.728	0.514	fixation	n/a	137.2	154.6	3874.0	n/a	n/a	n/a	n/a
537.244	0.028	saccade	n/a	137.0	155.0	n/a	207.4	156.6	2.51	149.0
537.274	0.154	fixation	n/a	203.3	160.5	3805.0	n/a	n/a	n/a	n/a
537.43	0.032	saccade	n/a	208.5	162.4	n/a	300.4	162.0	3.32	202.0
537.464	0.194	fixation	n/a	294.4	164.7	3845.0	n/a	n/a	n/a	n/a
537.66	0.172	saccade	n/a	297.7	167.0	n/a	355.6	158.0	2.14	711.0
537.746	0.026	blink	n/a	n/a	n/a	n/a	n/a	n/a	n/a	n/a
537.834	0.024	fixation	n/a	354.9	165.2	3978.0	n/a	n/a	n/a	n/a
537.86	0.028	saccade	n/a	357.9	170.9	n/a	418.7	160.6	2.26	148.0
537.89	0.208	fixation	n/a	411.7	164.3	3875.0	n/a	n/a	n/a	n/a
538.1	0.016	saccade	n/a	410.9	166.2	n/a	390.6	165.7	0.74	59.0
538.118	0.13	fixation	n/a	396.6	167.9	3922.0	n/a	n/a	n/a	n/a
538.25	0.028	saccade	n/a	399.4	169.6	n/a	469.0	170.1	2.55	158.0
538.28	0.09	fixation	n/a	461.8	171.0	3977.0	n/a	n/a	n/a	n/a
538.372	0.028	saccade	n/a	463.5	170.9	n/a	522.9	173.5	2.17	137.0
538.402	0.168	fixation	n/a	516.4	174.3	4038.0	n/a	n/a	n/a	n/a
538.572	0.026	saccade	n/a	521.9	177.7	n/a	571.9	176.1	1.82	124.0
538.6	0.112	fixation	n/a	565.6	179.0	4033.0	n/a	n/a	n/a	n/a
538.714	0.064	saccade	n/a	565.9	180.2	n/a	162.7	215.1	14.59	426.0
538.78	0.118	fixation	n/a	166.1	219.4	4143.0	n/a	n/a	n/a	n/a
538.9	0.018	saccade	n/a	159.7	218.2	n/a	126.9	217.0	1.17	86.0
538.92	0.216	fixation	n/a	134.7	217.5	4149.0	n/a	n/a	n/a	n/a
539.138	0.144	saccade	n/a	132.3	220.2	n/a	233.0	201.7	3.68	1104.0
539.176	0.05	blink	n/a	n/a	n/a	n/a	n/a	n/a	n/a	n/a
539.284	0.12	fixation	n/a	234.7	213.3	4221.0	n/a	n/a	n/a	n/a
539.406	0.034	saccade	n/a	236.0	217.1	n/a	325.9	219.5	3.28	203.0
539.442	0.27	fixation	n/a	316.9	224.4	4188.0	n/a	n/a	n/a	n/a
539.714	0.032	saccade	n/a	315.0	226.4	n/a	406.6	228.7	3.36	188.0
539.748	0.04	fixation	n/a	401.8	230.9	4145.0	n/a	n/a	n/a	n/a
539.79	0.028	saccade	n/a	404.4	231.9	n/a	472.9	230.2	2.52	169.0
539.82	0.254	fixation	n/a	470.5	235.6	4107.0	n/a	n/a	n/a	n/a
540.076	0.03	saccade	n/a	475.2	239.0	n/a	557.5	237.5	3.02	170.0
540.108	0.138	fixation	n/a	548.7	241.1	4039.0	n/a	n/a	n/a	n/a
540.248	0.018	saccade	n/a	552.3	242.7	n/a	580.7	241.7	1.04	76.0
540.268	0.116	fixation	n/a	575.6	245.0	3988.0	n/a	n/a	n/a	n/a
540.386	0.066	saccade	n/a	575.0	246.8	n/a	194.5	274.3	13.85	427.0
540.454	0.122	fixation	n/a	195.9	274.4	4034.0	n/a	n/a	n/a	n/a
540.578	0.026	saccade	n/a	190.5	275.5	n/a	137.3	283.6	1.93	131.0
540.606	0.278	fixation	n/a	143.3	286.8	4013.0	n/a	n/a	n/a	n/a
540.886	0.032	saccade	n/a	144.9	287.9	n/a	240.4	293.1	3.45	221.0
540.92	0.226	fixation	n/a	234.7	295.1	3956.0	n/a	n/a	n/a	n/a
541.148	0.028	saccade	n/a	238.3	295.8	n/a	301.8	295.5	2.32	155.0
541.178	0.22	fixation	n/a	297.2	298.6	3960.0	n/a	n/a	n/a	n/a
541.4	0.046	saccade	n/a	298.5	301.1	n/a	155.4	161.2	7.28	321.0
541.448	0.224	fixation	n/a	160.8	166.9	3948.0	n/a	n/a	n/a	n/a
541.674	0.016	saccade	n/a	157.8	164.1	n/a	138.4	156.6	0.74	63.0
541.692	0.248	fixation	n/a	144.5	157.3	3960.0	n/a	n/a	n/a	n/a
541.942	0.044	saccade	n/a	144.5	160.3	n/a	307.0	184.4	5.9	279.0
541.988	0.234	fixation	n/a	306.7	182.8	4007.0	n/a	n/a	n/a	n/a
542.224	0.018	saccade	n/a	308.6	181.5	n/a	289.1	160.8	1.04	80.0
542.244	0.094	fixation	n/a	293.1	165.7	4020.0	n/a	n/a	n/a	n/a
542.34	0.03	saccade	n/a	292.7	167.9	n/a	230.1	162.2	2.27	161.0
542.372	0.134	fixation	n/a	237.5	166.4	4001.0	n/a	n/a	n/a	n/a
542.508	0.118	saccade	n/a	237.0	177.8	n/a	291.3	218.9	2.49	969.0
542.548	0.02	blink	n/a	n/a	n/a	n/a	n/a	n/a	n/a	n/a
542.628	0.398	fixation	n/a	294.6	241.3	4064.0	n/a	n/a	n/a	n/a
543.028	0.028	saccade	n/a	296.6	238.7	n/a	280.2	170.9	2.58	157.0
543.058	0.152	fixation	n/a	284.0	177.2	4026.0	n/a	n/a	n/a	n/a
543.212	0.028	saccade	n/a	283.9	178.0	n/a	228.4	161.0	2.11	149.0
543.242	0.34	fixation	n/a	235.8	164.1	4051.0	n/a	n/a	n/a	n/a
543.584	0.026	saccade	n/a	233.5	165.8	n/a	187.7	157.9	1.67	139.0
543.612	0.196	fixation	n/a	194.2	160.0	4018.0	n/a	n/a	n/a	n/a
543.81	0.028	saccade	n/a	191.3	158.0	n/a	135.4	150.5	2.01	144.0
543.84	0.274	fixation	n/a	141.9	154.5	4064.0	n/a	n/a	n/a	n/a
544.116	0.04	saccade	n/a	142.1	158.4	n/a	227.1	270.4	5.11	272.0
544.158	0.146	fixation	n/a	222.2	267.5	4188.0	n/a	n/a	n/a	n/a
544.306	0.03	saccade	n/a	224.9	270.4	n/a	295.6	279.1	2.6	161.0
544.338	0.146	fixation	n/a	287.2	282.6	4259.0	n/a	n/a	n/a	n/a
544.486	0.114	saccade	n/a	288.8	283.5	n/a	295.1	276.5	0.35	925.0
544.526	0.012	blink	n/a	n/a	n/a	n/a	n/a	n/a	n/a	n/a
544.602	0.358	fixation	n/a	294.0	293.9	4349.0	n/a	n/a	n/a	n/a
544.962	0.156	saccade	n/a	294.3	295.1	n/a	292.6	297.2	0.1	1054.0
545.002	0.05	blink	n/a	n/a	n/a	n/a	n/a	n/a	n/a	n/a
545.12	0.136	fixation	n/a	295.2	299.9	4476.0	n/a	n/a	n/a	n/a
545.258	0.024	saccade	n/a	295.2	310.5	n/a	265.7	295.3	1.21	98.0
545.284	0.196	fixation	n/a	273.4	300.9	4426.0	n/a	n/a	n/a	n/a
545.482	0.016	saccade	n/a	274.2	301.9	n/a	269.2	284.4	0.68	55.0
545.5	0.244	fixation	n/a	273.4	296.5	4285.0	n/a	n/a	n/a	n/a
545.636	0.0	trigger_11	11	n/a	n/a	n/a	n/a	n/a	n/a	n/a
545.692	0.0	trigger_10	10	n/a	n/a	n/a	n/a	n/a	n/a	n/a
545.746	0.034	saccade	n/a	275.8	297.4	n/a	256.9	209.6	3.32	209.0
545.782	0.046	fixation	n/a	257.6	218.2	4168.0	n/a	n/a	n/a	n/a
545.83	0.036	saccade	n/a	257.3	218.0	n/a	180.1	138.5	4.02	262.0
545.868	0.062	fixation	n/a	184.2	145.8	4133.0	n/a	n/a	n/a	n/a
545.932	0.03	saccade	n/a	182.4	147.9	n/a	134.2	159.5	1.77	158.0
545.964	0.29	fixation	n/a	135.4	160.8	4161.0	n/a	n/a	n/a	n/a
546.256	0.028	saccade	n/a	133.5	160.9	n/a	192.4	161.1	2.1	139.0
546.286	0.242	fixation	n/a	184.2	163.2	4152.0	n/a	n/a	n/a	n/a
546.53	0.024	saccade	n/a	185.4	163.8	n/a	241.1	164.4	2.0	125.0
546.556	0.164	fixation	n/a	236.6	167.5	4075.0	n/a	n/a	n/a	n/a
546.722	0.13	saccade	n/a	237.7	171.4	n/a	378.3	153.9	5.14	1050.0
546.76	0.036	blink	n/a	n/a	n/a	n/a	n/a	n/a	n/a	n/a
546.854	0.216	fixation	n/a	377.2	169.8	3998.0	n/a	n/a	n/a	n/a
547.072	0.032	saccade	n/a	378.3	172.3	n/a	469.3	175.0	3.33	169.0
547.106	0.048	fixation	n/a	461.0	175.6	3911.0	n/a	n/a	n/a	n/a
547.156	0.028	saccade	n/a	461.9	175.8	n/a	521.1	173.3	2.17	155.0
547.186	0.146	fixation	n/a	516.2	173.7	3881.0	n/a	n/a	n/a	n/a
547.334	0.014	saccade	n/a	521.5	174.1	n/a	539.3	171.4	0.66	54.0
547.35	0.136	fixation	n/a	537.1	174.7	3847.0	n/a	n/a	n/a	n/a
547.488	0.064	saccade	n/a	536.6	175.8	n/a	157.4	217.2	13.77	391.0
547.554	0.144	fixation	n/a	163.1	221.2	3892.0	n/a	n/a	n/a	n/a
547.7	0.018	saccade	n/a	157.7	223.1	n/a	133.4	221.0	0.87	67.0
547.72	0.17	fixation	n/a	138.8	223.9	3905.0	n/a	n/a	n/a	n/a
547.892	0.034	saccade	n/a	140.7	228.3	n/a	251.0	223.5	3.96	202.0
547.928	0.152	fixation	n/a	246.5	228.0	3966.0	n/a	n/a	n/a	n/a
548.082	0.146	saccade	n/a	250.1	225.9	n/a	320.4	218.5	2.57	974.0
548.124	0.046	blink	n/a	n/a	n/a	n/a	n/a	n/a	n/a	n/a
548.23	0.114	fixation	n/a	322.6	227.4	3978.0	n/a	n/a	n/a	n/a
548.346	0.028	saccade	n/a	324.5	232.6	n/a	392.0	231.7	2.47	169.0
548.376	0.11	fixation	n/a	386.8	231.5	3927.0	n/a	n/a	n/a	n/a
548.488	0.03	saccade	n/a	390.0	232.4	n/a	462.7	231.8	2.67	179.0
548.52	0.158	fixation	n/a	456.8	232.9	3884.0	n/a	n/a	n/a	n/a
548.68	0.03	saccade	n/a	459.1	232.6	n/a	522.9	230.0	2.34	157.0
548.712	0.204	fixation	n/a	518.6	233.9	3776.0	n/a	n/a	n/a	n/a
548.918	0.034	saccade	n/a	522.4	235.3	n/a	610.4	236.2	3.21	170.0
548.954	0.11	fixation	n/a	601.8	237.7	3655.0	n/a	n/a	n/a	n/a
549.066	0.026	saccade	n/a	603.3	239.3	n/a	648.9	238.6	1.65	114.0
549.094	0.09	fixation	n/a	641.9	239.0	3607.0	n/a	n/a	n/a	n/a
549.186	0.114	saccade	n/a	639.2	240.5	n/a	171.5	169.9	16.99	382.0
549.302	0.146	fixation	n/a	167.1	172.7	3668.0	n/a	n/a	n/a	n/a
549.45	0.026	saccade	n/a	161.4	174.2	n/a	124.8	161.5	1.38	114.0
549.478	0.488	fixation	n/a	128.4	162.5	3770.0	n/a	n/a	n/a	n/a
549.968	0.028	saccade	n/a	123.2	159.2	n/a	184.9	157.0	2.19	151.0
549.998	0.23	fixation	n/a	179.8	157.1	3849.0	n/a	n/a	n/a	n/a
550.23	0.026	saccade	n/a	182.6	155.1	n/a	237.3	156.3	1.96	141.0
550.258	0.406	fixation	n/a	231.4	158.9	3961.0	n/a	n/a	n/a	n/a
550.666	0.124	saccade	n/a	232.2	165.2	n/a	180.9	155.3	1.88	1054.0
550.704	0.03	blink	n/a	n/a	n/a	n/a	n/a	n/a	n/a	n/a
550.792	0.088	fixation	n/a	183.2	157.1	4102.0	n/a	n/a	n/a	n/a
550.882	0.026	saccade	n/a	181.0	160.2	n/a	136.9	157.9	1.57	131.0
550.91	0.422	fixation	n/a	134.7	161.7	4167.0	n/a	n/a	n/a	n/a
551.334	0.05	saccade	n/a	133.5	162.9	n/a	360.8	220.1	8.44	351.0
551.386	0.21	fixation	n/a	363.3	225.5	4290.0	n/a	n/a	n/a	n/a
551.598	0.026	saccade	n/a	369.7	229.4	n/a	424.9	236.9	2.04	138.0
551.626	0.066	fixation	n/a	417.6	236.8	4275.0	n/a	n/a	n/a	n/a
551.694	0.032	saccade	n/a	419.3	237.8	n/a	502.9	238.1	3.07	190.0
551.728	0.142	fixation	n/a	495.0	237.7	4143.0	n/a	n/a	n/a	n/a
551.872	0.028	saccade	n/a	497.9	237.3	n/a	556.0	240.3	2.13	140.0
551.902	0.132	fixation	n/a	550.2	242.3	3994.0	n/a	n/a	n/a	n/a
552.036	0.032	saccade	n/a	552.9	243.2	n/a	648.0	242.1	3.45	186.0
552.07	0.068	fixation	n/a	639.0	244.0	3848.0	n/a	n/a	n/a	n/a
552.14	0.028	saccade	n/a	640.2	245.1	n/a	699.3	240.3	2.13	147.0
552.17	0.132	fixation	n/a	693.1	242.7	3760.0	n/a	n/a	n/a	n/a
552.304	0.094	saccade	n/a	692.5	244.9	n/a	153.5	281.5	19.33	416.0
552.4	0.284	fixation	n/a	144.1	286.5	3815.0	n/a	n/a	n/a	n/a
552.686	0.026	saccade	n/a	145.9	286.9	n/a	206.6	286.2	2.18	154.0
552.714	0.22	fixation	n/a	202.0	289.7	3835.0	n/a	n/a	n/a	n/a
552.936	0.04	saccade	n/a	204.4	290.3	n/a	342.8	290.0	5.04	250.0
552.978	0.302	fixation	n/a	336.8	295.3	3843.0	n/a	n/a	n/a	n/a
553.282	0.028	saccade	n/a	337.3	298.0	n/a	390.2	294.6	1.95	138.0
553.312	0.206	fixation	n/a	382.2	296.6	3926.0	n/a	n/a	n/a	n/a
553.52	0.13	saccade	n/a	380.8	297.5	n/a	420.7	273.7	1.71	979.0
553.558	0.036	blink	n/a	n/a	n/a	n/a	n/a	n/a	n/a	n/a
553.652	0.11	fixation	n/a	420.6	286.3	4062.0	n/a	n/a	n/a	n/a
553.764	0.034	saccade	n/a	422.6	290.7	n/a	515.5	296.8	3.42	199.0
553.8	0.236	fixation	n/a	506.9	298.5	4046.0	n/a	n/a	n/a	n/a
554.038	0.06	saccade	n/a	506.2	298.1	n/a	202.2	284.7	11.09	331.0
554.1	0.054	fixation	n/a	210.8	285.4	4087.0	n/a	n/a	n/a	n/a
554.156	0.032	saccade	n/a	207.3	284.3	n/a	127.1	293.1	2.89	208.0
554.16	0.0	trigger_11	11	n/a	n/a	n/a	n/a	n/a	n/a	n/a
554.19	0.226	fixation	n/a	135.4	294.9	4019.0	n/a	n/a	n/a	n/a
554.222	0.0	trigger_12	12	n/a	n/a	n/a	n/a	n/a	n/a	n/a
554.418	0.036	saccade	n/a	135.6	291.9	n/a	165.1	179.8	4.24	240.0
554.456	0.098	fixation	n/a	160.9	185.2	4003.0	n/a	n/a	n/a	n/a
554.556	0.024	saccade	n/a	159.9	182.2	n/a	124.2	164.2	1.42	121.0
554.582	0.272	fixation	n/a	130.3	166.5	4017.0	n/a	n/a	n/a	n/a
554.856	0.016	saccade	n/a	124.3	162.4	n/a	99.8	157.9	0.88	72.0
554.874	0.244	fixation	n/a	111.6	161.4	4022.0	n/a	n/a	n/a	n/a
555.12	0.038	saccade	n/a	114.1	163.7	n/a	230.2	166.7	4.13	206.0
555.16	0.238	fixation	n/a	224.0	169.7	4036.0	n/a	n/a	n/a	n/a
555.4	0.028	saccade	n/a	228.8	173.2	n/a	292.5	171.5	2.31	143.0
555.43	0.106	fixation	n/a	285.5	173.8	4062.0	n/a	n/a	n/a	n/a
555.538	0.028	saccade	n/a	288.7	174.3	n/a	358.8	175.4	2.56	157.0
555.568	0.156	fixation	n/a	355.6	176.5	4043.0	n/a	n/a	n/a	n/a
555.726	0.028	saccade	n/a	361.8	178.8	n/a	428.3	178.5	2.44	160.0
555.756	0.124	fixation	n/a	423.5	179.9	4029.0	n/a	n/a	n/a	n/a
555.882	0.024	saccade	n/a	427.8	180.3	n/a	474.9	179.3	1.73	120.0
555.908	0.38	fixation	n/a	467.3	178.6	3969.0	n/a	n/a	n/a	n/a
556.29	0.014	saccade	n/a	469.3	183.6	n/a	486.6	183.6	0.63	51.0
556.306	0.096	fixation	n/a	486.6	183.9	3923.0	n/a	n/a	n/a	n/a
556.404	0.12	saccade	n/a	485.3	185.8	n/a	154.7	175.8	11.94	1231.0
556.444	0.022	blink	n/a	n/a	n/a	n/a	n/a	n/a	n/a	n/a
556.526	0.102	fixation	n/a	154.3	173.7	4075.0	n/a	n/a	n/a	n/a
556.63	0.018	saccade	n/a	150.7	173.6	n/a	123.3	161.2	1.07	80.0
556.65	0.146	fixation	n/a	132.7	167.2	4055.0	n/a	n/a	n/a	n/a
556.798	0.014	saccade	n/a	129.5	166.3	n/a	114.9	158.4	0.59	53.0
556.814	0.146	fixation	n/a	121.2	160.5	4071.0	n/a	n/a	n/a	n/a
556.962	0.03	saccade	n/a	123.7	160.9	n/a	198.2	156.0	2.66	166.0
556.994	0.062	fixation	n/a	190.3	157.4	4047.0	n/a	n/a	n/a	n/a
557.058	0.03	saccade	n/a	192.5	158.2	n/a	260.6	157.7	2.45	173.0
557.09	0.32	fixation	n/a	253.2	158.1	4001.0	n/a	n/a	n/a	n/a
557.412	0.028	saccade	n/a	253.1	159.1	n/a	321.9	158.3	2.49	150.0
557.442	0.088	fixation	n/a	313.3	159.9	3946.0	n/a	n/a	n/a	n/a
557.532	0.142	saccade	n/a	314.3	164.8	n/a	430.4	152.1	4.26	1076.0
557.568	0.05	blink	n/a	n/a	n/a	n/a	n/a	n/a	n/a	n/a
557.676	0.206	fixation	n/a	430.7	166.7	3926.0	n/a	n/a	n/a	n/a
557.884	0.016	saccade	n/a	435.7	170.7	n/a	457.0	167.9	0.79	64.0
557.902	0.118	fixation	n/a	451.7	172.0	3853.0	n/a	n/a	n/a	n/a
558.022	0.018	saccade	n/a	454.4	172.1	n/a	481.2	168.8	0.99	71.0
558.042	0.146	fixation	n/a	476.8	171.1	3788.0	n/a	n/a	n/a	n/a
558.19	0.018	saccade	n/a	480.3	172.0	n/a	503.5	172.8	0.85	61.0
558.21	0.252	fixation	n/a	501.3	176.1	3738.0	n/a	n/a	n/a	n/a
558.464	0.056	saccade	n/a	501.1	178.2	n/a	199.7	156.2	10.93	395.0
558.522	0.124	fixation	n/a	201.8	158.6	3755.0	n/a	n/a	n/a	n/a
558.648	0.03	saccade	n/a	197.6	159.7	n/a	140.9	154.4	2.03	152.0
558.68	0.276	fixation	n/a	147.0	155.1	3842.0	n/a	n/a	n/a	n/a
558.958	0.026	saccade	n/a	149.7	154.8	n/a	201.9	157.1	1.86	124.0
558.986	0.278	fixation	n/a	197.9	159.3	3973.0	n/a	n/a	n/a	n/a
559.266	0.016	saccade	n/a	196.5	163.0	n/a	176.7	157.9	0.73	58.0
559.284	0.044	fixation	n/a	182.2	159.3	3977.0	n/a	n/a	n/a	n/a
559.33	0.028	saccade	n/a	182.0	160.1	n/a	135.3	158.1	1.66	134.0
559.36	0.1	fixation	n/a	142.0	158.6	3956.0	n/a	n/a	n/a	n/a
559.462	0.02	saccade	n/a	137.9	159.0	n/a	115.1	156.5	0.81	79.0
559.484	0.268	fixation	n/a	123.2	159.8	3920.0	n/a	n/a	n/a	n/a
559.754	0.036	saccade	n/a	126.8	163.4	n/a	232.3	165.6	3.77	206.0
559.792	0.092	fixation	n/a	224.5	166.3	3909.0	n/a	n/a	n/a	n/a
559.886	0.03	saccade	n/a	228.6	168.0	n/a	298.7	166.5	2.54	183.0
559.918	0.152	fixation	n/a	293.9	168.0	3935.0	n/a	n/a	n/a	n/a
560.072	0.018	saccade	n/a	293.6	167.6	n/a	268.3	162.3	0.94	77.0
560.092	0.262	fixation	n/a	272.0	164.9	3976.0	n/a	n/a	n/a	n/a
560.356	0.132	saccade	n/a	261.5	176.9	n/a	439.9	161.1	6.53	1070.0
560.392	0.044	blink	n/a	n/a	n/a	n/a	n/a	n/a	n/a	n/a
560.49	0.452	fixation	n/a	444.0	172.0	3966.0	n/a	n/a	n/a	n/a
560.944	0.024	saccade	n/a	442.1	170.7	n/a	400.6	181.9	1.58	112.0
560.97	0.024	fixation	n/a	407.8	186.5	3889.0	n/a	n/a	n/a	n/a
560.996	0.046	saccade	n/a	408.9	193.0	n/a	457.2	433.4	9.11	411.0
561.044	0.196	fixation	n/a	459.3	439.0	3969.0	n/a	n/a	n/a	n/a
561.242	0.05	saccade	n/a	460.6	446.3	n/a	619.1	529.8	6.55	266.0
561.294	0.262	fixation	n/a	617.7	534.7	4057.0	n/a	n/a	n/a	n/a
561.558	0.07	saccade	n/a	620.9	539.8	n/a	382.6	181.9	15.76	426.0
561.63	0.166	fixation	n/a	379.7	186.7	3886.0	n/a	n/a	n/a	n/a
561.798	0.032	saccade	n/a	378.0	185.9	n/a	271.4	158.7	4.01	205.0
561.832	0.056	fixation	n/a	279.6	162.1	3863.0	n/a	n/a	n/a	n/a
561.89	0.036	saccade	n/a	279.0	163.5	n/a	164.0	152.3	4.15	272.0
561.928	0.472	fixation	n/a	169.0	153.7	3961.0	n/a	n/a	n/a	n/a
562.402	0.022	saccade	n/a	172.1	156.5	n/a	210.4	161.0	1.38	100.0
562.426	0.142	fixation	n/a	203.3	162.8	4044.0	n/a	n/a	n/a	n/a
562.57	0.036	saccade	n/a	205.6	166.0	n/a	317.3	168.2	4.03	225.0
562.608	0.13	fixation	n/a	310.9	172.1	4039.0	n/a	n/a	n/a	n/a
562.74	0.15	saccade	n/a	312.9	179.1	n/a	392.1	148.7	3.1	907.0
562.78	0.05	blink	n/a	n/a	n/a	n/a	n/a	n/a	n/a	n/a
562.892	0.266	fixation	n/a	389.9	171.2	4144.0	n/a	n/a	n/a	n/a
563.16	0.028	saccade	n/a	390.1	172.0	n/a	476.2	171.9	3.15	162.0
563.19	0.2	fixation	n/a	470.6	173.8	4103.0	n/a	n/a	n/a	n/a
563.282	0.0	trigger_13	13	n/a	n/a	n/a	n/a	n/a	n/a	n/a
563.346	0.0	trigger_10	10	n/a	n/a	n/a	n/a	n/a	n/a	n/a
563.392	0.052	saccade	n/a	469.5	177.3	n/a	323.6	179.8	5.34	333.0
563.446	0.064	fixation	n/a	317.9	181.0	4161.0	n/a	n/a	n/a	n/a
563.512	0.052	saccade	n/a	316.5	183.0	n/a	177.5	159.4	5.09	330.0
563.566	0.042	fixation	n/a	172.7	160.2	4170.0	n/a	n/a	n/a	n/a
563.61	0.03	saccade	n/a	171.2	160.8	n/a	124.3	149.2	1.71	166.0
563.642	0.228	fixation	n/a	128.5	152.9	4175.0	n/a	n/a	n/a	n/a
563.872	0.03	saccade	n/a	129.1	156.4	n/a	207.1	163.5	2.79	174.0
563.904	0.182	fixation	n/a	199.4	165.1	4134.0	n/a	n/a	n/a	n/a
564.088	0.032	saccade	n/a	200.9	165.9	n/a	290.7	169.0	3.24	189.0
564.122	0.114	fixation	n/a	282.6	169.9	4084.0	n/a	n/a	n/a	n/a
564.238	0.034	saccade	n/a	283.0	168.9	n/a	379.0	166.7	3.5	212.0
564.274	0.49	fixation	n/a	369.0	170.3	4029.0	n/a	n/a	n/a	n/a
564.766	0.024	saccade	n/a	373.8	174.8	n/a	425.1	176.3	1.88	128.0
564.792	0.136	fixation	n/a	419.4	179.9	4026.0	n/a	n/a	n/a	n/a
564.93	0.116	saccade	n/a	421.0	189.5	n/a	409.8	167.0	0.92	1147.0
564.966	0.026	blink	n/a	n/a	n/a	n/a	n/a	n/a	n/a	n/a
565.048	0.306	fixation	n/a	411.6	183.6	4122.0	n/a	n/a	n/a	n/a
565.356	0.054	saccade	n/a	412.3	186.0	n/a	179.8	170.5	8.43	282.0
565.412	0.144	fixation	n/a	187.9	173.1	4205.0	n/a	n/a	n/a	n/a
565.558	0.028	saccade	n/a	184.9	174.3	n/a	126.0	166.1	2.11	145.0
565.588	0.16	fixation	n/a	135.9	169.0	4203.0	n/a	n/a	n/a	n/a
565.75	0.138	saccade	n/a	135.8	177.1	n/a	190.6	176.6	1.95	811.0
565.794	0.034	blink	n/a	n/a	n/a	n/a	n/a	n/a	n/a	n/a
565.89	0.166	fixation	n/a	195.1	181.8	4219.0	n/a	n/a	n/a	n/a
566.058	0.034	saccade	n/a	196.2	183.5	n/a	291.1	175.7	3.44	192.0
566.094	0.144	fixation	n/a	283.7	178.9	4194.0	n/a	n/a	n/a	n/a
566.24	0.04	saccade	n/a	288.6	180.4	n/a	414.3	174.6	4.59	225.0
566.282	0.346	fixation	n/a	409.2	178.0	4108.0	n/a	n/a	n/a	n/a
566.63	0.134	saccade	n/a	410.3	185.5	n/a	429.2	170.6	0.88	1089.0
566.664	0.044	blink	n/a	n/a	n/a	n/a	n/a	n/a	n/a	n/a
566.766	0.144	fixation	n/a	430.1	184.8	4114.0	n/a	n/a	n/a	n/a
566.912	0.032	saccade	n/a	430.4	187.8	n/a	341.5	176.9	3.28	216.0
566.946	0.162	fixation	n/a	350.6	179.2	4100.0	n/a	n/a	n/a	n/a
567.05	0.0	trigger_11	11	n/a	n/a	n/a	n/a	n/a	n/a	n/a
567.104	0.0	trigger_10	10	n/a	n/a	n/a	n/a	n/a	n/a	n/a
567.11	0.046	saccade	n/a	345.8	177.8	n/a	187.6	152.6	5.79	275.0
567.158	0.104	fixation	n/a	195.3	158.1	4131.0	n/a	n/a	n/a	n/a
567.264	0.03	saccade	n/a	192.0	159.1	n/a	132.0	159.0	2.14	175.0
567.296	0.384	fixation	n/a	132.7	156.2	4137.0	n/a	n/a	n/a	n/a
567.682	0.032	saccade	n/a	130.7	156.9	n/a	224.1	158.8	3.33	194.0
567.716	0.224	fixation	n/a	219.6	160.8	4032.0	n/a	n/a	n/a	n/a
567.942	0.014	saccade	n/a	226.1	161.5	n/a	242.8	161.5	0.6	50.0
567.958	0.052	fixation	n/a	240.6	162.8	4007.0	n/a	n/a	n/a	n/a
568.012	0.032	saccade	n/a	240.6	163.4	n/a	320.2	165.0	2.88	187.0
568.046	0.224	fixation	n/a	315.1	167.8	4001.0	n/a	n/a	n/a	n/a
568.272	0.138	saccade	n/a	316.9	173.5	n/a	405.0	155.5	3.28	1064.0
568.306	0.05	blink	n/a	n/a	n/a	n/a	n/a	n/a	n/a	n/a
568.412	0.144	fixation	n/a	405.4	167.2	3920.0	n/a	n/a	n/a	n/a
568.558	0.032	saccade	n/a	408.3	172.2	n/a	486.4	172.8	2.85	171.0
568.592	0.196	fixation	n/a	478.8	175.6	3795.0	n/a	n/a	n/a	n/a
568.79	0.026	saccade	n/a	476.4	177.9	n/a	432.2	169.3	1.64	129.0
568.818	0.15	fixation	n/a	436.8	170.5	3720.0	n/a	n/a	n/a	n/a
568.97	0.024	saccade	n/a	436.1	171.0	n/a	485.9	171.2	1.82	118.0
568.996	0.154	fixation	n/a	480.1	173.8	3702.0	n/a	n/a	n/a	n/a
569.152	0.024	saccade	n/a	480.9	174.6	n/a	540.8	173.8	2.18	129.0
569.178	0.304	fixation	n/a	538.1	174.9	3723.0	n/a	n/a	n/a	n/a
569.484	0.014	saccade	n/a	542.5	175.4	n/a	558.5	172.9	0.59	51.0
569.5	0.128	fixation	n/a	555.3	174.9	3738.0	n/a	n/a	n/a	n/a
569.63	0.018	saccade	n/a	557.5	175.6	n/a	585.2	173.8	1.01	73.0
569.65	0.286	fixation	n/a	582.9	178.0	3805.0	n/a	n/a	n/a	n/a
569.938	0.072	saccade	n/a	583.8	184.4	n/a	168.7	215.0	15.0	370.0
570.012	0.154	fixation	n/a	168.4	216.9	3965.0	n/a	n/a	n/a	n/a
570.168	0.02	saccade	n/a	161.8	220.1	n/a	129.3	227.3	1.19	88.0
570.19	0.38	fixation	n/a	136.5	229.5	4031.0	n/a	n/a	n/a	n/a
570.572	0.026	saccade	n/a	134.2	227.3	n/a	132.6	169.6	2.1	136.0
570.6	0.198	fixation	n/a	134.2	178.5	4025.0	n/a	n/a	n/a	n/a
570.8	0.144	saccade	n/a	136.7	187.0	n/a	152.7	169.7	0.85	1004.0
570.834	0.05	blink	n/a	n/a	n/a	n/a	n/a	n/a	n/a	n/a
570.946	0.088	fixation	n/a	153.9	170.9	4022.0	n/a	n/a	n/a	n/a
571.036	0.03	saccade	n/a	154.7	173.3	n/a	236.0	173.5	2.91	186.0
571.068	0.14	fixation	n/a	229.4	177.3	4013.0	n/a	n/a	n/a	n/a
571.21	0.032	saccade	n/a	231.7	178.1	n/a	314.6	173.8	3.01	184.0
571.244	0.398	fixation	n/a	304.9	175.8	3951.0	n/a	n/a	n/a	n/a
571.644	0.036	saccade	n/a	301.9	175.9	n/a	415.3	175.3	4.14	211.0
571.682	0.288	fixation	n/a	409.0	176.0	3887.0	n/a	n/a	n/a	n/a
571.972	0.026	saccade	n/a	415.0	175.8	n/a	474.4	175.1	2.17	128.0
572.0	0.168	fixation	n/a	468.2	177.1	3901.0	n/a	n/a	n/a	n/a
572.17	0.138	saccade	n/a	468.7	183.5	n/a	517.7	163.9	1.93	1104.0
572.204	0.05	blink	n/a	n/a	n/a	n/a	n/a	n/a	n/a	n/a
572.31	0.21	fixation	n/a	518.1	181.2	3953.0	n/a	n/a	n/a	n/a
572.522	0.018	saccade	n/a	515.7	182.3	n/a	488.1	173.7	1.06	76.0
572.542	0.384	fixation	n/a	495.3	177.9	3903.0	n/a	n/a	n/a	n/a
572.928	0.138	saccade	n/a	496.4	186.5	n/a	528.3	150.5	1.76	1124.0
572.962	0.052	blink	n/a	n/a	n/a	n/a	n/a	n/a	n/a	n/a
573.068	0.398	fixation	n/a	526.0	173.8	4073.0	n/a	n/a	n/a	n/a
573.468	0.062	saccade	n/a	522.7	179.8	n/a	230.9	165.6	10.6	328.0
573.532	0.074	fixation	n/a	241.2	169.3	4143.0	n/a	n/a	n/a	n/a
573.608	0.034	saccade	n/a	239.1	171.6	n/a	163.1	167.2	2.73	212.0
573.644	0.154	fixation	n/a	166.2	167.1	4117.0	n/a	n/a	n/a	n/a
573.8	0.016	saccade	n/a	161.6	168.7	n/a	136.3	166.6	0.9	71.0
573.818	0.122	fixation	n/a	145.0	166.8	4145.0	n/a	n/a	n/a	n/a
573.942	0.166	saccade	n/a	146.2	170.4	n/a	146.2	165.9	0.16	967.0
573.982	0.058	blink	n/a	n/a	n/a	n/a	n/a	n/a	n/a	n/a
574.11	0.14	fixation	n/a	149.4	159.4	4210.0	n/a	n/a	n/a	n/a
574.252	0.032	saccade	n/a	151.2	164.3	n/a	237.0	163.0	3.08	187.0
574.286	0.222	fixation	n/a	229.1	165.4	4145.0	n/a	n/a	n/a	n/a
574.51	0.028	saccade	n/a	232.4	169.7	n/a	300.6	162.4	2.49	165.0
574.54	0.168	fixation	n/a	292.1	167.3	4078.0	n/a	n/a	n/a	n/a
574.71	0.022	saccade	n/a	294.2	167.4	n/a	346.6	164.9	1.91	121.0
574.734	0.172	fixation	n/a	342.6	167.7	3968.0	n/a	n/a	n/a	n/a
574.908	0.028	saccade	n/a	343.5	168.4	n/a	416.6	165.0	2.67	152.0
574.938	0.22	fixation	n/a	412.3	168.0	3887.0	n/a	n/a	n/a	n/a
575.16	0.03	saccade	n/a	416.2	170.7	n/a	491.4	172.6	2.75	143.0
575.192	0.214	fixation	n/a	486.1	176.3	3818.0	n/a	n/a	n/a	n/a
575.408	0.014	saccade	n/a	492.1	178.3	n/a	510.4	177.4	0.67	57.0
575.424	0.074	fixation	n/a	506.1	180.3	3798.0	n/a	n/a	n/a	n/a
575.5	0.026	saccade	n/a	507.0	181.0	n/a	570.9	179.5	2.33	139.0
575.528	0.252	fixation	n/a	564.8	183.8	3776.0	n/a	n/a	n/a	n/a
575.782	0.014	saccade	n/a	561.3	185.2	n/a	545.0	181.3	0.61	51.0
575.798	0.352	fixation	n/a	550.3	182.2	3779.0	n/a	n/a	n/a	n/a
576.152	0.018	saccade	n/a	553.9	182.2	n/a	583.0	183.2	1.06	78.0
576.172	0.158	fixation	n/a	577.2	185.4	3797.0	n/a	n/a	n/a	n/a
576.332	0.066	saccade	n/a	578.3	187.5	n/a	193.2	151.5	13.94	393.0
576.4	0.128	fixation	n/a	193.8	152.9	3919.0	n/a	n/a	n/a	n/a
576.53	0.026	saccade	n/a	188.3	154.0	n/a	138.6	156.5	1.77	121.0
576.558	0.402	fixation	n/a	147.3	160.3	4038.0	n/a	n/a	n/a	n/a
576.962	0.036	saccade	n/a	149.6	163.7	n/a	263.1	174.4	4.09	206.0
577.0	0.042	fixation	n/a	253.6	174.1	4049.0	n/a	n/a	n/a	n/a
577.044	0.044	saccade	n/a	255.5	175.6	n/a	430.4	171.0	6.37	296.0
577.09	0.048	fixation	n/a	422.6	171.4	4002.0	n/a	n/a	n/a	n/a
577.14	0.034	saccade	n/a	427.0	173.1	n/a	525.9	172.5	3.62	217.0
577.176	0.22	fixation	n/a	521.5	177.2	4003.0	n/a	n/a	n/a	n/a
577.398	0.066	saccade	n/a	522.4	178.7	n/a	148.8	229.0	13.61	399.0
577.466	0.246	fixation	n/a	146.9	230.4	4053.0	n/a	n/a	n/a	n/a
577.714	0.168	saccade	n/a	142.5	238.7	n/a	140.1	229.9	0.33	879.0
577.754	0.058	blink	n/a	n/a	n/a	n/a	n/a	n/a	n/a	n/a
577.884	0.266	fixation	n/a	140.5	223.8	4097.0	n/a	n/a	n/a	n/a
577.906	0.0	trigger_11	11	n/a	n/a	n/a	n/a	n/a	n/a	n/a
577.972	0.0	trigger_10	10	n/a	n/a	n/a	n/a	n/a	n/a	n/a
578.152	0.028	saccade	n/a	139.8	221.3	n/a	143.1	164.4	2.07	138.0
578.182	0.116	fixation	n/a	142.5	173.6	4095.0	n/a	n/a	n/a	n/a
578.3	0.016	saccade	n/a	140.2	174.8	n/a	120.2	160.9	0.87	72.0
578.318	0.176	fixation	n/a	130.4	166.5	4054.0	n/a	n/a	n/a	n/a
578.496	0.028	saccade	n/a	134.0	171.2	n/a	207.9	166.0	2.64	158.0
578.526	0.206	fixation	n/a	204.8	171.0	3994.0	n/a	n/a	n/a	n/a
578.734	0.028	saccade	n/a	208.5	173.2	n/a	274.8	171.4	2.39	149.0
578.764	0.342	fixation	n/a	271.7	175.1	3913.0	n/a	n/a	n/a	n/a
579.108	0.142	saccade	n/a	282.6	178.2	n/a	149.3	176.5	4.78	1012.0
579.144	0.048	blink	n/a	n/a	n/a	n/a	n/a	n/a	n/a	n/a
579.252	0.196	fixation	n/a	151.1	166.0	3862.0	n/a	n/a	n/a	n/a
579.45	0.018	saccade	n/a	153.4	167.0	n/a	182.7	167.2	1.04	81.0
579.47	0.186	fixation	n/a	177.1	170.7	3872.0	n/a	n/a	n/a	n/a
579.658	0.026	saccade	n/a	181.0	171.5	n/a	245.8	169.4	2.33	134.0
579.686	0.142	fixation	n/a	242.2	171.0	3882.0	n/a	n/a	n/a	n/a
579.83	0.024	saccade	n/a	245.0	171.1	n/a	304.2	169.6	2.15	127.0
579.856	0.138	fixation	n/a	299.2	172.5	3842.0	n/a	n/a	n/a	n/a
579.996	0.04	saccade	n/a	300.9	172.8	n/a	439.0	176.0	5.04	240.0
580.038	0.116	fixation	n/a	431.5	176.6	3805.0	n/a	n/a	n/a	n/a
580.156	0.032	saccade	n/a	432.8	177.2	n/a	524.3	180.8	3.35	200.0
580.19	0.042	fixation	n/a	516.1	182.0	3794.0	n/a	n/a	n/a	n/a
580.234	0.028	saccade	n/a	517.8	183.7	n/a	575.3	182.5	2.1	153.0
580.264	0.19	fixation	n/a	568.7	186.6	3750.0	n/a	n/a	n/a	n/a
580.456	0.066	saccade	n/a	568.1	187.0	n/a	161.0	207.8	14.69	404.0
580.524	0.142	fixation	n/a	165.0	208.2	3798.0	n/a	n/a	n/a	n/a
580.668	0.016	saccade	n/a	159.2	209.2	n/a	141.0	215.2	0.68	56.0
580.686	0.172	fixation	n/a	144.6	217.4	3790.0	n/a	n/a	n/a	n/a
580.86	0.032	saccade	n/a	144.3	218.0	n/a	224.7	224.7	2.89	186.0
580.894	0.226	fixation	n/a	220.1	227.1	3825.0	n/a	n/a	n/a	n/a
581.122	0.03	saccade	n/a	222.1	225.9	n/a	303.1	224.7	2.94	175.0
581.154	0.24	fixation	n/a	296.4	224.6	3833.0	n/a	n/a	n/a	n/a
581.396	0.026	saccade	n/a	298.2	225.0	n/a	351.4	225.3	1.95	130.0
581.424	0.168	fixation	n/a	344.4	226.8	3776.0	n/a	n/a	n/a	n/a
581.594	0.032	saccade	n/a	344.7	227.8	n/a	434.2	228.0	3.28	181.0
581.628	0.186	fixation	n/a	427.5	229.4	3712.0	n/a	n/a	n/a	n/a
581.816	0.016	saccade	n/a	432.5	231.4	n/a	453.2	233.3	0.76	65.0
581.834	0.092	fixation	n/a	448.0	235.0	3668.0	n/a	n/a	n/a	n/a
581.928	0.032	saccade	n/a	449.8	236.5	n/a	543.5	231.9	3.44	176.0
581.962	0.188	fixation	n/a	535.7	233.8	3616.0	n/a	n/a	n/a	n/a
582.152	0.02	saccade	n/a	538.7	235.4	n/a	572.9	238.6	1.26	86.0
582.174	0.14	fixation	n/a	566.5	240.0	3583.0	n/a	n/a	n/a	n/a
582.316	0.072	saccade	n/a	566.7	240.4	n/a	152.6	272.3	15.0	381.0
582.39	0.254	fixation	n/a	150.3	273.6	3740.0	n/a	n/a	n/a	n/a
582.646	0.018	saccade	n/a	146.9	274.9	n/a	118.3	277.4	1.02	79.0
582.666	0.23	fixation	n/a	128.8	281.6	3823.0	n/a	n/a	n/a	n/a
582.898	0.034	saccade	n/a	130.5	280.7	n/a	166.6	177.8	3.97	219.0
582.934	0.124	fixation	n/a	164.1	184.3	3825.0	n/a	n/a	n/a	n/a
583.06	0.02	saccade	n/a	162.9	182.4	n/a	152.0	161.0	0.87	80.0
583.082	0.1	fixation	n/a	154.5	167.1	3853.0	n/a	n/a	n/a	n/a
583.184	0.024	saccade	n/a	152.5	166.6	n/a	115.4	157.9	1.35	103.0
583.21	0.196	fixation	n/a	122.8	161.2	3885.0	n/a	n/a	n/a	n/a
583.408	0.03	saccade	n/a	124.8	161.9	n/a	225.0	161.6	3.57	190.0
583.44	0.312	fixation	n/a	225.6	165.4	3945.0	n/a	n/a	n/a	n/a
583.754	0.15	saccade	n/a	229.2	177.0	n/a	303.8	154.7	2.82	976.0
583.792	0.054	blink	n/a	n/a	n/a	n/a	n/a	n/a	n/a	n/a
583.906	0.144	fixation	n/a	303.3	165.7	4000.0	n/a	n/a	n/a	n/a
584.052	0.014	saccade	n/a	298.3	173.0	n/a	282.0	169.2	0.61	52.0
584.068	0.442	fixation	n/a	281.6	166.8	3914.0	n/a	n/a	n/a	n/a
584.512	0.03	saccade	n/a	276.9	164.1	n/a	211.4	163.2	2.36	155.0
584.544	0.432	fixation	n/a	218.8	165.8	3850.0	n/a	n/a	n/a	n/a
584.978	0.028	saccade	n/a	222.9	174.0	n/a	272.1	224.0	2.56	166.0
585.008	0.128	fixation	n/a	268.8	220.2	3949.0	n/a	n/a	n/a	n/a
585.138	0.024	saccade	n/a	272.4	222.4	n/a	319.1	225.2	1.71	116.0
585.164	0.098	fixation	n/a	311.5	227.5	3951.0	n/a	n/a	n/a	n/a
585.264	0.034	saccade	n/a	310.6	226.6	n/a	233.0	161.6	3.69	208.0
585.3	0.152	fixation	n/a	241.4	166.7	3971.0	n/a	n/a	n/a	n/a
585.454	0.016	saccade	n/a	236.2	163.8	n/a	209.8	158.6	0.97	77.0
585.472	0.252	fixation	n/a	217.4	162.8	4016.0	n/a	n/a	n/a	n/a
585.726	0.128	saccade	n/a	221.1	173.9	n/a	227.6	156.1	0.69	1030.0
585.762	0.034	blink	n/a	n/a	n/a	n/a	n/a	n/a	n/a	n/a
585.856	0.2	fixation	n/a	229.9	166.7	4097.0	n/a	n/a	n/a	n/a
586.058	0.024	saccade	n/a	232.3	170.7	n/a	285.3	165.0	1.92	122.0
586.084	0.116	fixation	n/a	280.6	168.8	4093.0	n/a	n/a	n/a	n/a
586.202	0.042	saccade	n/a	282.7	173.3	n/a	429.6	172.5	5.35	271.0
586.246	0.232	fixation	n/a	428.7	175.6	4020.0	n/a	n/a	n/a	n/a
586.48	0.212	saccade	n/a	433.3	175.7	n/a	550.3	185.5	4.29	1076.0
586.516	0.114	blink	n/a	n/a	n/a	n/a	n/a	n/a	n/a	n/a
586.694	0.114	fixation	n/a	547.2	196.7	3946.0	n/a	n/a	n/a	n/a
586.81	0.014	saccade	n/a	542.8	206.3	n/a	528.8	215.7	0.62	51.0
586.826	0.144	fixation	n/a	533.9	219.2	3935.0	n/a	n/a	n/a	n/a
586.972	0.056	saccade	n/a	532.5	221.4	n/a	224.1	216.4	11.22	400.0
587.03	0.208	fixation	n/a	230.7	222.9	3987.0	n/a	n/a	n/a	n/a
587.24	0.028	saccade	n/a	228.4	226.5	n/a	295.7	230.1	2.45	168.0
587.27	0.37	fixation	n/a	285.9	231.9	3935.0	n/a	n/a	n/a	n/a
587.642	0.026	saccade	n/a	286.9	234.8	n/a	334.2	234.5	1.73	118.0
587.67	0.202	fixation	n/a	328.3	236.8	3908.0	n/a	n/a	n/a	n/a
587.874	0.024	saccade	n/a	331.6	238.7	n/a	383.7	235.7	1.92	118.0
587.9	0.252	fixation	n/a	380.0	238.9	3832.0	n/a	n/a	n/a	n/a
588.154	0.134	saccade	n/a	380.0	244.9	n/a	494.2	213.4	4.35	955.0
588.188	0.044	blink	n/a	n/a	n/a	n/a	n/a	n/a	n/a	n/a
588.29	0.24	fixation	n/a	495.3	230.1	3813.0	n/a	n/a	n/a	n/a
588.532	0.022	saccade	n/a	492.7	232.1	n/a	455.3	228.6	1.38	103.0
588.556	0.258	fixation	n/a	462.2	230.4	3909.0	n/a	n/a	n/a	n/a
588.816	0.056	saccade	n/a	461.6	231.4	n/a	239.6	172.8	8.37	317.0
588.874	0.202	fixation	n/a	242.0	175.9	4016.0	n/a	n/a	n/a	n/a
589.078	0.402	saccade	n/a	239.1	182.9	n/a	198.4	189.1	1.48	745.0
589.124	0.286	blink	n/a	n/a	n/a	n/a	n/a	n/a	n/a	n/a
589.482	0.118	fixation	n/a	202.0	192.9	4268.0	n/a	n/a	n/a	n/a
589.602	0.028	saccade	n/a	202.4	199.5	n/a	180.4	168.1	1.39	120.0
589.628	0.0	trigger_11	11	n/a	n/a	n/a	n/a	n/a	n/a	n/a
589.632	0.132	fixation	n/a	184.9	174.8	4251.0	n/a	n/a	n/a	n/a
589.692	0.0	trigger_10	10	n/a	n/a	n/a	n/a	n/a	n/a	n/a
589.766	0.02	saccade	n/a	182.9	173.2	n/a	163.0	160.7	0.84	79.0
589.788	0.122	fixation	n/a	169.2	168.5	4188.0	n/a	n/a	n/a	n/a
589.912	0.026	saccade	n/a	166.2	165.7	n/a	124.5	151.7	1.56	118.0
589.94	0.232	fixation	n/a	127.7	150.0	4065.0	n/a	n/a	n/a	n/a
590.174	0.032	saccade	n/a	126.7	148.1	n/a	222.2	154.1	3.41	216.0
590.208	0.16	fixation	n/a	216.8	157.2	3982.0	n/a	n/a	n/a	n/a
590.37	0.024	saccade	n/a	217.5	159.5	n/a	174.3	156.3	1.55	113.0
590.396	0.086	fixation	n/a	181.8	158.0	3926.0	n/a	n/a	n/a	n/a
590.484	0.028	saccade	n/a	181.2	159.7	n/a	136.7	149.8	1.62	134.0
590.514	0.096	fixation	n/a	142.5	153.5	3901.0	n/a	n/a	n/a	n/a
590.612	0.014	saccade	n/a	139.9	156.6	n/a	118.8	154.8	0.75	64.0
590.628	0.226	fixation	n/a	128.3	159.8	3907.0	n/a	n/a	n/a	n/a
590.856	0.028	saccade	n/a	130.9	161.6	n/a	209.0	160.1	2.78	150.0
590.886	0.15	fixation	n/a	207.0	163.1	3916.0	n/a	n/a	n/a	n/a
591.038	0.026	saccade	n/a	210.6	164.0	n/a	265.7	161.1	1.99	127.0
591.066	0.124	fixation	n/a	259.1	163.5	3909.0	n/a	n/a	n/a	n/a
591.192	0.024	saccade	n/a	261.8	164.6	n/a	310.0	161.4	1.75	123.0
591.218	0.194	fixation	n/a	303.1	163.3	3862.0	n/a	n/a	n/a	n/a
591.414	0.026	saccade	n/a	307.4	165.0	n/a	360.9	166.2	1.95	125.0
591.442	0.156	fixation	n/a	354.9	167.6	3760.0	n/a	n/a	n/a	n/a
591.6	0.024	saccade	n/a	358.0	167.9	n/a	412.0	166.6	1.97	120.0
591.626	0.366	fixation	n/a	409.2	169.6	3667.0	n/a	n/a	n/a	n/a
591.994	0.026	saccade	n/a	410.4	170.5	n/a	475.3	167.2	2.38	135.0
592.022	0.396	fixation	n/a	473.0	173.4	3656.0	n/a	n/a	n/a	n/a
592.42	0.022	saccade	n/a	485.1	177.1	n/a	524.4	178.1	1.44	96.0
592.444	0.08	fixation	n/a	519.1	180.1	3658.0	n/a	n/a	n/a	n/a
592.526	0.118	saccade	n/a	517.7	187.6	n/a	589.6	166.1	2.73	1054.0
592.562	0.032	blink	n/a	n/a	n/a	n/a	n/a	n/a	n/a	n/a
592.646	0.29	fixation	n/a	586.7	178.3	3702.0	n/a	n/a	n/a	n/a
592.938	0.076	saccade	n/a	585.1	183.7	n/a	156.2	216.3	15.47	369.0
593.016	0.178	fixation	n/a	163.8	217.2	3821.0	n/a	n/a	n/a	n/a
593.196	0.02	saccade	n/a	161.7	221.0	n/a	130.6	222.2	1.11	88.0
593.218	0.274	fixation	n/a	136.8	227.8	3859.0	n/a	n/a	n/a	n/a
593.494	0.044	saccade	n/a	139.0	235.6	n/a	281.4	232.6	5.13	207.0
593.54	0.198	fixation	n/a	277.4	236.5	3874.0	n/a	n/a	n/a	n/a
593.74	0.028	saccade	n/a	284.7	239.0	n/a	343.9	233.4	2.17	148.0
593.77	0.154	fixation	n/a	337.8	237.9	3838.0	n/a	n/a	n/a	n/a
593.926	0.028	saccade	n/a	338.3	237.2	n/a	311.9	171.2	2.62	164.0
593.956	0.204	fixation	n/a	315.1	183.8	3738.0	n/a	n/a	n/a	n/a
594.162	0.028	saccade	n/a	314.8	190.2	n/a	369.9	229.1	2.48	169.0
594.192	0.046	fixation	n/a	364.4	226.2	3694.0	n/a	n/a	n/a	n/a
594.24	0.03	saccade	n/a	365.9	227.4	n/a	435.6	236.8	2.58	168.0
594.272	0.172	fixation	n/a	428.9	239.4	3667.0	n/a	n/a	n/a	n/a
594.446	0.02	saccade	n/a	433.0	240.6	n/a	469.8	241.7	1.35	94.0
594.468	0.088	fixation	n/a	462.9	244.7	3639.0	n/a	n/a	n/a	n/a
594.558	0.124	saccade	n/a	462.5	249.0	n/a	519.5	224.2	2.29	1494.0
594.594	0.034	blink	n/a	n/a	n/a	n/a	n/a	n/a	n/a	n/a
594.684	0.102	fixation	n/a	516.6	238.7	3618.0	n/a	n/a	n/a	n/a
594.788	0.066	saccade	n/a	514.3	244.9	n/a	157.4	266.3	12.93	401.0
594.856	0.134	fixation	n/a	162.4	273.3	3641.0	n/a	n/a	n/a	n/a
594.992	0.024	saccade	n/a	158.6	276.7	n/a	121.1	287.2	1.39	105.0
595.018	0.156	fixation	n/a	128.2	288.7	3694.0	n/a	n/a	n/a	n/a
595.176	0.038	saccade	n/a	128.5	289.8	n/a	248.5	299.4	4.33	229.0
595.216	0.08	fixation	n/a	241.5	302.8	3748.0	n/a	n/a	n/a	n/a
595.298	0.03	saccade	n/a	245.5	305.6	n/a	315.0	304.0	2.54	171.0
595.33	0.154	fixation	n/a	309.6	307.4	3759.0	n/a	n/a	n/a	n/a
595.486	0.028	saccade	n/a	314.5	308.6	n/a	382.1	299.3	2.5	148.0
595.516	0.138	fixation	n/a	373.6	302.6	3737.0	n/a	n/a	n/a	n/a
595.656	0.032	saccade	n/a	375.9	305.2	n/a	456.1	299.1	2.96	187.0
595.69	0.142	fixation	n/a	448.9	301.5	3685.0	n/a	n/a	n/a	n/a
595.834	0.032	saccade	n/a	452.1	301.5	n/a	544.9	300.0	3.41	185.0
595.868	0.102	fixation	n/a	538.2	301.0	3606.0	n/a	n/a	n/a	n/a
595.972	0.058	saccade	n/a	538.6	299.5	n/a	248.1	168.2	11.62	403.0
596.032	0.078	fixation	n/a	253.1	169.9	3602.0	n/a	n/a	n/a	n/a
596.112	0.034	saccade	n/a	248.2	170.5	n/a	161.7	161.6	3.11	224.0
596.148	0.134	fixation	n/a	163.8	162.9	3584.0	n/a	n/a	n/a	n/a
596.284	0.026	saccade	n/a	160.3	163.9	n/a	107.1	157.7	1.89	129.0
596.312	0.214	fixation	n/a	115.5	160.4	3613.0	n/a	n/a	n/a	n/a
596.528	0.036	saccade	n/a	118.8	162.0	n/a	226.8	168.4	3.85	207.0
596.566	0.39	fixation	n/a	224.3	175.7	3688.0	n/a	n/a	n/a	n/a
596.958	0.03	saccade	n/a	229.4	177.3	n/a	308.9	170.0	2.89	171.0
596.99	0.202	fixation	n/a	301.1	169.4	3730.0	n/a	n/a	n/a	n/a
597.194	0.028	saccade	n/a	304.6	170.0	n/a	377.7	167.3	2.66	164.0
597.224	0.222	fixation	n/a	372.0	169.3	3776.0	n/a	n/a	n/a	n/a
597.448	0.028	saccade	n/a	373.6	170.4	n/a	433.3	172.3	2.18	136.0
597.478	0.166	fixation	n/a	426.4	173.6	3836.0	n/a	n/a	n/a	n/a
597.646	0.142	saccade	n/a	427.6	173.7	n/a	462.4	156.2	1.43	1012.0
597.682	0.05	blink	n/a	n/a	n/a	n/a	n/a	n/a	n/a	n/a
597.79	0.04	fixation	n/a	461.5	159.8	3955.0	n/a	n/a	n/a	n/a
597.832	0.022	saccade	n/a	463.5	166.4	n/a	510.7	164.5	1.72	109.0
597.856	0.244	fixation	n/a	503.8	171.1	3876.0	n/a	n/a	n/a	n/a
598.102	0.016	saccade	n/a	504.1	175.2	n/a	523.3	174.1	0.7	54.0
598.12	0.098	fixation	n/a	518.9	175.2	3868.0	n/a	n/a	n/a	n/a
598.22	0.024	saccade	n/a	520.1	175.2	n/a	576.6	167.5	2.08	116.0
598.246	0.376	fixation	n/a	573.1	170.3	3816.0	n/a	n/a	n/a	n/a
598.624	0.074	saccade	n/a	574.0	174.2	n/a	170.0	211.8	14.6	367.0
598.7	0.118	fixation	n/a	177.8	211.9	3980.0	n/a	n/a	n/a	n/a
598.82	0.024	saccade	n/a	173.9	215.1	n/a	135.9	217.3	1.35	108.0
598.846	0.14	fixation	n/a	142.7	219.8	4023.0	n/a	n/a	n/a	n/a
598.988	0.016	saccade	n/a	138.9	221.1	n/a	117.6	218.5	0.76	62.0
599.006	0.074	fixation	n/a	125.6	221.7	4065.0	n/a	n/a	n/a	n/a
599.082	0.016	saccade	n/a	123.6	222.5	n/a	101.9	221.8	0.76	60.0
599.1	0.212	fixation	n/a	111.5	225.4	4077.0	n/a	n/a	n/a	n/a
599.314	0.028	saccade	n/a	117.1	230.1	n/a	183.4	225.7	2.36	139.0
599.344	0.186	fixation	n/a	176.1	229.7	4050.0	n/a	n/a	n/a	n/a
599.532	0.032	saccade	n/a	180.0	231.3	n/a	273.8	228.1	3.38	185.0
599.566	0.186	fixation	n/a	267.1	231.5	4008.0	n/a	n/a	n/a	n/a
599.754	0.028	saccade	n/a	273.1	232.9	n/a	336.0	233.4	2.29	148.0
599.784	0.058	fixation	n/a	329.9	234.9	3926.0	n/a	n/a	n/a	n/a
599.844	0.032	saccade	n/a	331.8	235.6	n/a	421.9	236.3	3.29	193.0
599.878	0.27	fixation	n/a	416.6	237.7	3860.0	n/a	n/a	n/a	n/a
600.15	0.134	saccade	n/a	416.3	247.4	n/a	498.6	222.2	3.16	1078.0
600.186	0.044	blink	n/a	n/a	n/a	n/a	n/a	n/a	n/a	n/a
600.286	0.17	fixation	n/a	495.5	236.6	3873.0	n/a	n/a	n/a	n/a
600.458	0.068	saccade	n/a	494.7	240.9	n/a	140.1	298.2	12.97	379.0
600.528	0.256	fixation	n/a	141.8	300.5	3930.0	n/a	n/a	n/a	n/a
600.786	0.03	saccade	n/a	140.6	299.2	n/a	217.9	291.6	2.78	169.0
600.818	0.098	fixation	n/a	211.4	291.2	3868.0	n/a	n/a	n/a	n/a
600.918	0.03	saccade	n/a	215.1	291.2	n/a	289.8	286.2	2.72	172.0
600.95	0.228	fixation	n/a	284.0	288.8	3841.0	n/a	n/a	n/a	n/a
601.18	0.026	saccade	n/a	286.3	289.0	n/a	342.8	289.4	2.06	138.0
601.208	0.106	fixation	n/a	336.7	292.7	3794.0	n/a	n/a	n/a	n/a
601.316	0.034	saccade	n/a	338.3	292.9	n/a	438.0	289.4	3.66	195.0
601.352	0.154	fixation	n/a	430.4	290.4	3721.0	n/a	n/a	n/a	n/a
601.508	0.024	saccade	n/a	434.4	289.4	n/a	480.7	290.8	1.7	110.0
601.534	0.18	fixation	n/a	474.1	294.0	3661.0	n/a	n/a	n/a	n/a
601.716	0.028	saccade	n/a	476.0	294.5	n/a	537.6	292.8	2.25	142.0
601.746	0.14	fixation	n/a	531.6	295.4	3571.0	n/a	n/a	n/a	n/a
601.888	0.028	saccade	n/a	534.2	297.6	n/a	621.8	294.0	3.19	163.0
601.918	0.234	fixation	n/a	621.9	296.0	3465.0	n/a	n/a	n/a	n/a
602.154	0.026	saccade	n/a	626.3	297.4	n/a	708.0	293.0	2.94	150.0
602.182	0.23	fixation	n/a	706.9	295.6	3412.0	n/a	n/a	n/a	n/a
602.414	0.018	saccade	n/a	710.3	298.0	n/a	739.4	299.0	1.03	74.0
602.434	0.29	fixation	n/a	734.0	301.8	3494.0	n/a	n/a	n/a	n/a
602.726	0.084	saccade	n/a	732.7	303.1	n/a	177.1	345.6	19.9	428.0
602.812	0.112	fixation	n/a	181.4	348.0	3782.0	n/a	n/a	n/a	n/a
602.926	0.026	saccade	n/a	177.7	349.6	n/a	131.2	345.6	1.67	128.0
602.954	0.238	fixation	n/a	139.5	347.9	3834.0	n/a	n/a	n/a	n/a
603.194	0.158	saccade	n/a	140.6	350.0	n/a	109.9	356.2	1.12	972.0
603.232	0.052	blink	n/a	n/a	n/a	n/a	n/a	n/a	n/a	n/a
603.354	0.242	fixation	n/a	113.1	353.1	3895.0	n/a	n/a	n/a	n/a
603.598	0.022	saccade	n/a	115.2	359.1	n/a	161.5	360.8	1.65	108.0
603.622	0.424	fixation	n/a	155.9	362.0	3826.0	n/a	n/a	n/a	n/a
604.048	0.026	saccade	n/a	153.1	360.5	n/a	212.0	357.8	2.12	129.0
604.076	0.218	fixation	n/a	205.7	360.6	3641.0	n/a	n/a	n/a	n/a
604.296	0.02	saccade	n/a	208.7	360.8	n/a	241.0	357.9	1.18	82.0
604.318	0.14	fixation	n/a	236.4	360.2	3590.0	n/a	n/a	n/a	n/a
604.46	0.19	saccade	n/a	237.1	364.1	n/a	277.2	341.7	1.68	688.0
604.498	0.082	blink	n/a	n/a	n/a	n/a	n/a	n/a	n/a	n/a
604.652	0.024	fixation	n/a	276.8	333.9	3706.0	n/a	n/a	n/a	n/a
604.678	0.022	saccade	n/a	281.3	326.7	n/a	319.2	310.2	1.52	103.0
604.702	0.092	fixation	n/a	315.0	321.9	3704.0	n/a	n/a	n/a	n/a
604.796	0.044	saccade	n/a	315.2	322.1	n/a	137.4	290.0	6.53	316.0
604.842	0.466	fixation	n/a	146.5	292.6	3762.0	n/a	n/a	n/a	n/a
605.31	0.028	saccade	n/a	147.0	295.8	n/a	168.9	353.8	2.27	133.0
605.34	0.242	fixation	n/a	167.9	349.0	3855.0	n/a	n/a	n/a	n/a
605.584	0.03	saccade	n/a	169.5	351.5	n/a	253.3	355.1	3.03	179.0
605.616	0.172	fixation	n/a	249.5	356.3	3918.0	n/a	n/a	n/a	n/a
605.79	0.032	saccade	n/a	249.4	355.6	n/a	205.8	298.6	2.64	195.0
605.824	0.076	fixation	n/a	209.3	304.9	3951.0	n/a	n/a	n/a	n/a
605.902	0.032	saccade	n/a	209.6	302.8	n/a	234.9	250.3	2.14	150.0
605.936	0.034	fixation	n/a	231.9	255.0	3950.0	n/a	n/a	n/a	n/a
605.972	0.034	saccade	n/a	231.9	253.7	n/a	183.4	163.7	3.73	222.0
606.008	0.042	fixation	n/a	187.3	172.8	3921.0	n/a	n/a	n/a	n/a
606.052	0.026	saccade	n/a	185.5	171.5	n/a	158.4	148.4	1.28	131.0
606.08	0.12	fixation	n/a	162.6	152.9	3928.0	n/a	n/a	n/a	n/a
606.202	0.026	saccade	n/a	160.0	153.0	n/a	118.0	149.5	1.49	113.0
606.23	0.214	fixation	n/a	125.6	150.8	3982.0	n/a	n/a	n/a	n/a
606.446	0.044	saccade	n/a	126.6	151.3	n/a	288.3	157.2	5.78	250.0
606.492	0.312	fixation	n/a	282.7	161.6	4025.0	n/a	n/a	n/a	n/a
606.806	0.018	saccade	n/a	289.2	166.8	n/a	321.6	167.1	1.18	84.0
606.826	0.128	fixation	n/a	317.3	169.6	4008.0	n/a	n/a	n/a	n/a
606.956	0.032	saccade	n/a	320.9	173.2	n/a	411.1	173.5	3.3	180.0
606.99	0.216	fixation	n/a	406.7	176.0	3981.0	n/a	n/a	n/a	n/a
607.208	0.024	saccade	n/a	411.3	179.5	n/a	459.7	181.2	1.77	112.0
607.234	0.082	fixation	n/a	453.1	182.9	3971.0	n/a	n/a	n/a	n/a
607.318	0.028	saccade	n/a	455.0	182.7	n/a	523.2	183.2	2.49	154.0
607.348	0.134	fixation	n/a	516.4	184.6	3969.0	n/a	n/a	n/a	n/a
607.484	0.024	saccade	n/a	518.5	185.3	n/a	569.7	181.7	1.87	115.0
607.51	0.29	fixation	n/a	564.5	183.1	3934.0	n/a	n/a	n/a	n/a
607.802	0.024	saccade	n/a	562.0	182.6	n/a	529.2	178.9	1.2	96.0
607.828	0.106	fixation	n/a	536.5	179.7	3961.0	n/a	n/a	n/a	n/a
607.936	0.06	saccade	n/a	535.2	178.2	n/a	195.7	217.6	12.36	396.0
607.998	0.134	fixation	n/a	200.7	219.3	4126.0	n/a	n/a	n/a	n/a
608.134	0.022	saccade	n/a	193.5	220.8	n/a	162.9	222.2	1.1	90.0
608.158	0.28	fixation	n/a	168.0	222.8	4229.0	n/a	n/a	n/a	n/a
608.44	0.034	saccade	n/a	168.5	224.6	n/a	265.2	220.9	3.49	195.0
608.476	0.184	fixation	n/a	256.9	225.2	4270.0	n/a	n/a	n/a	n/a
608.662	0.03	saccade	n/a	259.8	224.9	n/a	326.9	227.5	2.45	156.0
608.694	0.06	fixation	n/a	318.6	230.6	4223.0	n/a	n/a	n/a	n/a
608.756	0.16	saccade	n/a	319.4	231.2	n/a	366.5	220.0	1.77	1148.0
608.792	0.054	blink	n/a	n/a	n/a	n/a	n/a	n/a	n/a	n/a
608.918	0.144	fixation	n/a	365.1	230.9	4235.0	n/a	n/a	n/a	n/a
609.064	0.032	saccade	n/a	365.6	237.1	n/a	448.8	238.3	3.06	184.0
609.098	0.088	fixation	n/a	440.0	239.4	4193.0	n/a	n/a	n/a	n/a
609.188	0.024	saccade	n/a	443.3	240.6	n/a	484.9	234.3	1.55	114.0
609.214	0.218	fixation	n/a	479.9	236.6	4199.0	n/a	n/a	n/a	n/a
609.434	0.062	saccade	n/a	480.5	237.5	n/a	139.9	281.0	12.4	362.0
609.498	0.324	fixation	n/a	145.2	286.3	4249.0	n/a	n/a	n/a	n/a
609.824	0.146	saccade	n/a	144.8	291.3	n/a	308.4	278.7	5.92	1008.0
609.864	0.052	blink	n/a	n/a	n/a	n/a	n/a	n/a	n/a	n/a
609.972	0.228	fixation	n/a	313.8	294.8	4299.0	n/a	n/a	n/a	n/a
610.202	0.038	saccade	n/a	318.3	300.4	n/a	435.0	301.7	4.28	208.0
610.242	0.092	fixation	n/a	424.5	304.4	4303.0	n/a	n/a	n/a	n/a
610.336	0.03	saccade	n/a	426.9	306.2	n/a	496.4	306.1	2.56	172.0
610.368	0.15	fixation	n/a	492.5	307.6	4300.0	n/a	n/a	n/a	n/a
610.52	0.028	saccade	n/a	498.0	307.4	n/a	565.5	307.5	2.47	165.0
610.55	0.154	fixation	n/a	559.4	310.1	4228.0	n/a	n/a	n/a	n/a
610.706	0.038	saccade	n/a	563.3	309.3	n/a	667.2	307.2	3.77	182.0
610.746	0.184	fixation	n/a	659.2	307.9	4151.0	n/a	n/a	n/a	n/a
610.932	0.028	saccade	n/a	661.1	310.5	n/a	732.4	310.6	2.55	138.0
610.962	0.17	fixation	n/a	723.0	314.8	4136.0	n/a	n/a	n/a	n/a
611.134	0.122	saccade	n/a	722.2	318.0	n/a	152.3	334.3	20.33	1143.0
611.258	0.148	fixation	n/a	149.2	348.2	4352.0	n/a	n/a	n/a	n/a
611.408	0.244	saccade	n/a	148.2	350.9	n/a	119.6	351.8	1.02	758.0
611.456	0.116	blink	n/a	n/a	n/a	n/a	n/a	n/a	n/a	n/a
611.654	0.056	fixation	n/a	121.4	345.6	4484.0	n/a	n/a	n/a	n/a
611.712	0.026	saccade	n/a	123.8	341.2	n/a	169.2	340.9	1.62	116.0
611.74	0.508	fixation	n/a	161.8	356.3	4417.0	n/a	n/a	n/a	n/a
612.25	0.03	saccade	n/a	161.4	360.8	n/a	241.9	357.6	2.91	179.0
612.282	0.338	fixation	n/a	231.7	360.7	4280.0	n/a	n/a	n/a	n/a
612.622	0.018	saccade	n/a	232.1	363.5	n/a	260.6	362.0	1.04	76.0
612.642	0.124	fixation	n/a	254.2	365.1	4255.0	n/a	n/a	n/a	n/a
612.768	0.046	saccade	n/a	254.5	367.8	n/a	405.9	519.7	7.89	364.0
612.816	0.244	fixation	n/a	406.1	525.8	4260.0	n/a	n/a	n/a	n/a
613.062	0.046	saccade	n/a	409.4	530.5	n/a	498.4	353.8	7.33	324.0
613.11	0.19	fixation	n/a	503.0	357.3	4177.0	n/a	n/a	n/a	n/a
613.302	0.03	saccade	n/a	505.4	352.8	n/a	480.6	291.2	2.47	172.0
613.334	0.36	fixation	n/a	481.7	293.1	4078.0	n/a	n/a	n/a	n/a
613.696	0.138	saccade	n/a	479.6	294.0	n/a	475.3	265.5	1.07	1183.0
613.732	0.044	blink	n/a	n/a	n/a	n/a	n/a	n/a	n/a	n/a
613.836	0.134	fixation	n/a	475.0	279.7	4214.0	n/a	n/a	n/a	n/a
613.972	0.05	saccade	n/a	475.8	285.0	n/a	261.2	282.0	7.83	370.0
614.024	0.18	fixation	n/a	264.6	282.9	4268.0	n/a	n/a	n/a	n/a
614.206	0.034	saccade	n/a	263.0	283.1	n/a	157.5	282.8	3.8	222.0
614.242	0.33	fixation	n/a	166.7	283.9	4216.0	n/a	n/a	n/a	n/a
614.574	0.036	saccade	n/a	163.6	285.7	n/a	248.1	202.3	4.31	217.0
614.612	0.352	fixation	n/a	244.4	213.7	4057.0	n/a	n/a	n/a	n/a
614.966	0.052	saccade	n/a	247.0	228.5	n/a	329.5	444.9	8.56	350.0
615.02	0.108	fixation	n/a	331.0	448.7	4097.0	n/a	n/a	n/a	n/a
615.13	0.032	saccade	n/a	335.2	453.7	n/a	437.3	515.3	4.38	240.0
615.164	0.176	fixation	n/a	434.5	515.6	4127.0	n/a	n/a	n/a	n/a
615.318	0.0	trigger_11	11	n/a	n/a	n/a	n/a	n/a	n/a	n/a
615.342	0.036	saccade	n/a	436.4	521.1	n/a	546.7	536.3	4.06	231.0
615.376	0.0	trigger_12	12	n/a	n/a	n/a	n/a	n/a	n/a	n/a
615.38	0.074	fixation	n/a	536.1	537.2	4027.0	n/a	n/a	n/a	n/a
615.456	0.068	saccade	n/a	535.6	538.0	n/a	276.9	227.9	14.8	448.0
615.526	0.098	fixation	n/a	277.3	233.2	3900.0	n/a	n/a	n/a	n/a
615.626	0.038	saccade	n/a	276.4	233.1	n/a	160.4	150.0	5.16	305.0
615.666	0.066	fixation	n/a	168.0	157.1	3799.0	n/a	n/a	n/a	n/a
615.734	0.028	saccade	n/a	165.1	157.4	n/a	117.7	140.7	1.78	153.0
615.764	0.288	fixation	n/a	122.9	145.3	3794.0	n/a	n/a	n/a	n/a
616.054	0.118	saccade	n/a	122.3	150.7	n/a	217.8	160.2	3.4	996.0
616.094	0.02	blink	n/a	n/a	n/a	n/a	n/a	n/a	n/a	n/a
616.174	0.128	fixation	n/a	219.0	159.6	3935.0	n/a	n/a	n/a	n/a
616.304	0.018	saccade	n/a	217.5	159.6	n/a	191.0	157.4	0.95	70.0
616.324	0.28	fixation	n/a	191.6	161.1	3894.0	n/a	n/a	n/a	n/a
616.606	0.028	saccade	n/a	190.5	164.3	n/a	265.0	165.3	2.68	160.0
616.636	0.138	fixation	n/a	260.2	168.7	3843.0	n/a	n/a	n/a	n/a
616.776	0.034	saccade	n/a	261.4	168.6	n/a	358.3	166.7	3.52	201.0
616.812	0.292	fixation	n/a	353.3	169.0	3782.0	n/a	n/a	n/a	n/a
617.106	0.028	saccade	n/a	358.1	172.1	n/a	428.2	171.0	2.56	142.0
617.136	0.164	fixation	n/a	420.0	171.9	3659.0	n/a	n/a	n/a	n/a
617.302	0.028	saccade	n/a	422.1	171.6	n/a	491.7	172.0	2.54	149.0
617.332	0.234	fixation	n/a	485.7	173.6	3573.0	n/a	n/a	n/a	n/a
617.568	0.02	saccade	n/a	488.3	175.6	n/a	522.3	176.9	1.24	84.0
617.59	0.062	fixation	n/a	518.1	177.3	3540.0	n/a	n/a	n/a	n/a
617.654	0.036	saccade	n/a	517.9	178.2	n/a	623.0	184.5	3.82	207.0
617.692	0.08	fixation	n/a	615.5	184.9	3494.0	n/a	n/a	n/a	n/a
617.774	0.026	saccade	n/a	619.4	186.5	n/a	667.7	186.6	1.74	120.0
617.802	0.25	fixation	n/a	667.7	188.2	3496.0	n/a	n/a	n/a	n/a
618.054	0.074	saccade	n/a	675.5	188.8	n/a	174.8	218.7	17.92	452.0
618.13	0.126	fixation	n/a	178.8	220.6	3700.0	n/a	n/a	n/a	n/a
618.258	0.022	saccade	n/a	173.8	220.7	n/a	138.1	220.7	1.27	105.0
618.282	0.23	fixation	n/a	145.7	221.8	3776.0	n/a	n/a	n/a	n/a
618.514	0.038	saccade	n/a	147.5	222.5	n/a	270.9	221.0	4.44	243.0
618.554	0.298	fixation	n/a	265.0	221.8	3881.0	n/a	n/a	n/a	n/a
618.854	0.148	saccade	n/a	267.1	231.0	n/a	361.2	216.4	3.48	1098.0
618.89	0.056	blink	n/a	n/a	n/a	n/a	n/a	n/a	n/a	n/a
619.004	0.206	fixation	n/a	361.9	231.4	3914.0	n/a	n/a	n/a	n/a
619.212	0.03	saccade	n/a	364.3	236.1	n/a	435.0	230.4	2.6	154.0
619.244	0.182	fixation	n/a	427.8	232.3	3845.0	n/a	n/a	n/a	n/a
619.428	0.026	saccade	n/a	433.4	232.3	n/a	490.9	233.5	2.11	130.0
619.456	0.12	fixation	n/a	485.3	235.1	3775.0	n/a	n/a	n/a	n/a
619.578	0.026	saccade	n/a	488.2	234.4	n/a	551.0	228.9	2.31	120.0
619.606	0.144	fixation	n/a	542.8	230.5	3706.0	n/a	n/a	n/a	n/a
619.752	0.024	saccade	n/a	544.8	231.9	n/a	589.0	231.6	1.61	110.0
619.778	0.23	fixation	n/a	582.2	233.0	3623.0	n/a	n/a	n/a	n/a
620.01	0.074	saccade	n/a	581.5	235.3	n/a	140.8	267.0	15.9	382.0
620.086	0.114	fixation	n/a	147.4	269.9	3669.0	n/a	n/a	n/a	n/a
620.202	0.022	saccade	n/a	143.1	272.4	n/a	113.6	276.5	1.06	90.0
620.226	0.23	fixation	n/a	120.4	281.0	3740.0	n/a	n/a	n/a	n/a
620.458	0.034	saccade	n/a	122.2	285.6	n/a	216.0	289.5	3.36	208.0
620.494	0.292	fixation	n/a	214.4	295.3	3875.0	n/a	n/a	n/a	n/a
620.788	0.028	saccade	n/a	219.6	298.5	n/a	284.6	291.9	2.37	156.0
620.818	0.194	fixation	n/a	276.6	294.1	3903.0	n/a	n/a	n/a	n/a
621.014	0.028	saccade	n/a	274.7	294.1	n/a	220.9	282.7	1.99	141.0
621.044	0.064	fixation	n/a	228.0	284.8	3834.0	n/a	n/a	n/a	n/a
621.11	0.026	saccade	n/a	225.1	286.2	n/a	183.6	283.6	1.5	132.0
621.138	0.51	fixation	n/a	190.3	289.3	3776.0	n/a	n/a	n/a	n/a
621.65	0.102	saccade	n/a	194.3	298.0	n/a	295.8	276.6	3.76	828.0
621.686	0.006	blink	n/a	n/a	n/a	n/a	n/a	n/a	n/a	n/a
621.754	0.324	fixation	n/a	301.5	295.7	3901.0	n/a	n/a	n/a	n/a
622.08	0.024	saccade	n/a	306.0	293.2	n/a	358.2	289.2	1.91	131.0
622.106	0.098	fixation	n/a	351.2	290.6	3854.0	n/a	n/a	n/a	n/a
622.206	0.028	saccade	n/a	352.8	292.1	n/a	413.4	292.4	2.22	148.0
622.236	0.178	fixation	n/a	406.0	295.3	3759.0	n/a	n/a	n/a	n/a
622.416	0.018	saccade	n/a	408.9	296.5	n/a	433.5	294.3	0.91	67.0
622.436	0.652	fixation	n/a	420.5	297.7	3670.0	n/a	n/a	n/a	n/a
623.09	0.174	saccade	n/a	408.4	303.6	n/a	437.9	291.1	1.18	1058.0
623.124	0.076	blink	n/a	n/a	n/a	n/a	n/a	n/a	n/a	n/a
623.266	0.44	fixation	n/a	424.1	299.8	3724.0	n/a	n/a	n/a	n/a
623.708	0.03	saccade	n/a	420.2	299.9	n/a	486.2	295.1	2.43	158.0
623.74	0.248	fixation	n/a	476.8	294.5	3575.0	n/a	n/a	n/a	n/a
623.99	0.016	saccade	n/a	474.8	293.9	n/a	497.5	291.7	0.84	64.0
624.008	0.518	fixation	n/a	499.3	296.1	3521.0	n/a	n/a	n/a	n/a
624.528	0.07	saccade	n/a	504.4	301.6	n/a	147.5	182.0	13.62	355.0
624.6	0.114	fixation	n/a	156.3	188.0	3646.0	n/a	n/a	n/a	n/a
624.716	0.024	saccade	n/a	154.5	190.2	n/a	115.1	173.2	1.52	108.0
624.742	0.216	fixation	n/a	122.6	178.8	3692.0	n/a	n/a	n/a	n/a
624.96	0.02	saccade	n/a	126.3	180.3	n/a	160.9	171.0	1.27	88.0
624.982	0.234	fixation	n/a	156.4	175.0	3704.0	n/a	n/a	n/a	n/a
625.218	0.016	saccade	n/a	160.9	174.1	n/a	180.3	167.5	0.73	57.0
625.236	0.218	fixation	n/a	176.8	172.0	3650.0	n/a	n/a	n/a	n/a
625.456	0.024	saccade	n/a	178.5	172.6	n/a	232.3	168.1	1.94	123.0
625.482	0.216	fixation	n/a	229.4	172.7	3611.0	n/a	n/a	n/a	n/a
625.7	0.028	saccade	n/a	233.7	176.4	n/a	304.3	174.5	2.55	142.0
625.73	0.046	fixation	n/a	299.7	176.1	3623.0	n/a	n/a	n/a	n/a
625.778	0.042	saccade	n/a	300.5	177.6	n/a	447.6	177.6	5.37	249.0
625.822	0.4	fixation	n/a	440.5	179.0	3653.0	n/a	n/a	n/a	n/a
626.224	0.048	saccade	n/a	439.5	180.5	n/a	642.6	186.3	7.38	282.0
626.274	0.14	fixation	n/a	637.4	185.5	3671.0	n/a	n/a	n/a	n/a
626.416	0.018	saccade	n/a	642.2	186.6	n/a	671.6	182.5	1.07	78.0
626.436	0.158	fixation	n/a	665.3	184.2	3729.0	n/a	n/a	n/a	n/a
626.596	0.082	saccade	n/a	666.1	184.6	n/a	141.6	217.7	18.74	426.0
626.68	0.382	fixation	n/a	151.4	223.2	4003.0	n/a	n/a	n/a	n/a
627.064	0.154	saccade	n/a	152.1	228.4	n/a	200.0	222.4	1.73	911.0
627.104	0.046	blink	n/a	n/a	n/a	n/a	n/a	n/a	n/a	n/a
627.22	0.076	fixation	n/a	203.6	221.5	4161.0	n/a	n/a	n/a	n/a
627.298	0.026	saccade	n/a	206.1	224.1	n/a	265.6	226.5	2.15	139.0
627.326	0.332	fixation	n/a	261.7	230.9	4155.0	n/a	n/a	n/a	n/a
627.66	0.032	saccade	n/a	266.3	234.1	n/a	348.1	230.1	2.99	148.0
627.694	0.084	fixation	n/a	340.1	233.5	4050.0	n/a	n/a	n/a	n/a
627.78	0.026	saccade	n/a	342.0	234.6	n/a	393.4	230.5	1.89	123.0
627.808	0.178	fixation	n/a	387.5	235.3	3968.0	n/a	n/a	n/a	n/a
627.988	0.03	saccade	n/a	390.0	236.7	n/a	465.4	237.3	2.76	172.0
628.02	0.192	fixation	n/a	458.3	239.8	3851.0	n/a	n/a	n/a	n/a
628.214	0.024	saccade	n/a	460.7	241.5	n/a	507.2	240.1	1.71	109.0
628.24	0.064	fixation	n/a	501.0	242.7	3785.0	n/a	n/a	n/a	n/a
628.306	0.028	saccade	n/a	503.3	244.1	n/a	558.1	240.6	2.01	138.0
628.336	0.174	fixation	n/a	550.5	244.1	3741.0	n/a	n/a	n/a	n/a
628.512	0.066	saccade	n/a	548.8	248.7	n/a	161.5	279.9	14.03	404.0
628.58	0.12	fixation	n/a	166.1	282.7	3787.0	n/a	n/a	n/a	n/a
628.702	0.024	saccade	n/a	160.7	284.6	n/a	121.7	291.6	1.41	108.0
628.728	0.142	fixation	n/a	127.9	294.9	3777.0	n/a	n/a	n/a	n/a
628.872	0.032	saccade	n/a	128.6	298.5	n/a	218.4	301.3	3.21	193.0
628.906	0.148	fixation	n/a	212.5	302.8	3857.0	n/a	n/a	n/a	n/a
629.056	0.03	saccade	n/a	217.4	303.8	n/a	282.0	301.6	2.35	162.0
629.088	0.328	fixation	n/a	279.5	303.5	3901.0	n/a	n/a	n/a	n/a
629.418	0.032	saccade	n/a	281.8	302.7	n/a	367.7	297.5	3.14	194.0
629.452	0.144	fixation	n/a	361.5	300.3	3870.0	n/a	n/a	n/a	n/a
629.598	0.03	saccade	n/a	364.5	302.6	n/a	430.4	301.0	2.42	161.0
629.63	0.128	fixation	n/a	424.5	302.4	3810.0	n/a	n/a	n/a	n/a
629.76	0.026	saccade	n/a	428.2	302.4	n/a	486.9	300.4	2.16	138.0
629.788	0.154	fixation	n/a	479.2	301.8	3774.0	n/a	n/a	n/a	n/a
629.944	0.016	saccade	n/a	483.1	300.4	n/a	508.0	295.1	0.93	74.0
629.962	0.34	fixation	n/a	501.7	297.5	3735.0	n/a	n/a	n/a	n/a
630.304	0.044	saccade	n/a	500.6	298.9	n/a	337.4	291.0	6.0	276.0
630.35	0.1	fixation	n/a	344.1	291.9	3733.0	n/a	n/a	n/a	n/a
630.452	0.036	saccade	n/a	340.8	291.3	n/a	258.2	195.8	4.64	268.0
630.49	0.13	fixation	n/a	264.1	201.0	3725.0	n/a	n/a	n/a	n/a
630.622	0.048	saccade	n/a	265.1	200.7	n/a	428.6	185.1	5.98	229.0
630.672	0.028	fixation	n/a	423.1	185.3	3755.0	n/a	n/a	n/a	n/a
630.702	0.034	saccade	n/a	425.9	186.1	n/a	515.4	176.2	3.29	208.0
630.738	0.29	fixation	n/a	516.1	178.7	3843.0	n/a	n/a	n/a	n/a
631.03	0.02	saccade	n/a	522.4	179.6	n/a	553.2	173.9	1.14	80.0
631.052	0.058	fixation	n/a	547.5	174.4	3878.0	n/a	n/a	n/a	n/a
631.112	0.032	saccade	n/a	545.7	175.1	n/a	456.3	161.5	3.29	220.0
631.146	0.354	fixation	n/a	461.3	165.1	3886.0	n/a	n/a	n/a	n/a
631.502	0.026	saccade	n/a	458.3	165.3	n/a	417.8	162.2	1.48	114.0
631.53	0.042	fixation	n/a	423.7	163.4	3891.0	n/a	n/a	n/a	n/a
631.574	0.034	saccade	n/a	422.3	164.5	n/a	325.2	156.5	3.55	244.0
631.61	0.286	fixation	n/a	329.4	162.1	3911.0	n/a	n/a	n/a	n/a
631.898	0.122	saccade	n/a	326.6	165.1	n/a	417.4	157.9	3.32	1057.0
631.936	0.026	blink	n/a	n/a	n/a	n/a	n/a	n/a	n/a	n/a
632.022	0.156	fixation	n/a	418.7	171.3	4020.0	n/a	n/a	n/a	n/a
632.18	0.02	saccade	n/a	422.5	177.1	n/a	464.6	174.9	1.54	106.0
632.202	0.49	fixation	n/a	463.2	172.1	3899.0	n/a	n/a	n/a	n/a
632.694	0.036	saccade	n/a	465.5	170.2	n/a	569.4	172.6	3.79	216.0
632.732	0.25	fixation	n/a	561.4	173.6	3788.0	n/a	n/a	n/a	n/a
632.984	0.03	saccade	n/a	563.1	174.0	n/a	635.4	175.8	2.62	162.0
633.016	0.258	fixation	n/a	624.7	177.1	3815.0	n/a	n/a	n/a	n/a
633.276	0.046	saccade	n/a	621.7	180.0	n/a	474.8	320.8	7.47	346.0
633.324	0.168	fixation	n/a	472.1	316.4	3966.0	n/a	n/a	n/a	n/a
633.494	0.052	saccade	n/a	469.1	316.2	n/a	389.0	286.7	3.14	183.0
633.548	0.132	fixation	n/a	395.4	289.8	4041.0	n/a	n/a	n/a	n/a
633.682	0.02	saccade	n/a	396.7	289.9	n/a	428.3	282.2	1.2	89.0
633.704	0.28	fixation	n/a	421.0	284.3	4004.0	n/a	n/a	n/a	n/a
633.986	0.028	saccade	n/a	422.5	282.6	n/a	416.8	192.0	3.37	173.0
634.016	0.072	fixation	n/a	423.4	185.2	3915.0	n/a	n/a	n/a	n/a
634.09	0.016	saccade	n/a	423.8	179.5	n/a	432.8	156.7	0.9	68.0
634.108	0.22	fixation	n/a	433.0	163.3	3928.0	n/a	n/a	n/a	n/a
634.33	0.014	saccade	n/a	436.9	163.4	n/a	453.4	160.4	0.61	52.0
634.346	0.346	fixation	n/a	449.7	164.2	4020.0	n/a	n/a	n/a	n/a
634.694	0.038	saccade	n/a	451.4	168.4	n/a	420.2	297.3	4.91	289.0
634.734	0.57	fixation	n/a	425.9	291.5	4224.0	n/a	n/a	n/a	n/a
635.306	0.144	saccade	n/a	431.4	291.1	n/a	483.6	274.1	2.02	1069.0
635.34	0.052	blink	n/a	n/a	n/a	n/a	n/a	n/a	n/a	n/a
635.452	0.11	fixation	n/a	480.7	281.5	4217.0	n/a	n/a	n/a	n/a
635.564	0.022	saccade	n/a	483.4	287.4	n/a	522.2	290.7	1.43	107.0
635.588	0.444	fixation	n/a	516.4	288.7	4173.0	n/a	n/a	n/a	n/a
636.034	0.044	saccade	n/a	522.2	286.8	n/a	605.3	169.7	5.29	224.0
636.08	0.23	fixation	n/a	604.8	175.9	4032.0	n/a	n/a	n/a	n/a
636.312	0.016	saccade	n/a	609.1	176.3	n/a	629.0	168.8	0.77	61.0
636.33	0.54	fixation	n/a	623.2	172.6	4012.0	n/a	n/a	n/a	n/a
636.872	0.044	saccade	n/a	623.0	175.1	n/a	523.0	299.1	5.86	308.0
636.918	0.292	fixation	n/a	515.9	291.5	4269.0	n/a	n/a	n/a	n/a
637.212	0.016	saccade	n/a	508.8	286.0	n/a	490.0	278.5	0.75	59.0
637.23	0.25	fixation	n/a	493.4	283.9	4383.0	n/a	n/a	n/a	n/a
637.482	0.042	saccade	n/a	491.7	286.0	n/a	621.1	182.7	6.07	272.0
637.526	0.248	fixation	n/a	617.2	184.9	4127.0	n/a	n/a	n/a	n/a
637.776	0.016	saccade	n/a	617.4	181.9	n/a	594.5	170.4	0.93	75.0
637.794	0.278	fixation	n/a	600.6	174.4	4032.0	n/a	n/a	n/a	n/a
638.074	0.026	saccade	n/a	597.6	172.3	n/a	554.8	163.3	1.59	129.0
638.102	0.224	fixation	n/a	561.2	164.8	4090.0	n/a	n/a	n/a	n/a
638.328	0.026	saccade	n/a	561.9	165.9	n/a	612.2	169.1	1.82	128.0
638.356	0.334	fixation	n/a	603.6	172.2	4146.0	n/a	n/a	n/a	n/a
638.692	0.11	saccade	n/a	602.0	182.2	n/a	482.7	275.6	5.55	1203.0
638.804	0.146	fixation	n/a	482.3	287.1	4335.0	n/a	n/a	n/a	n/a
638.952	0.016	saccade	n/a	485.7	289.6	n/a	506.6	289.8	0.77	60.0
638.97	0.198	fixation	n/a	501.6	291.5	4292.0	n/a	n/a	n/a	n/a
639.17	0.056	saccade	n/a	502.6	294.0	n/a	236.3	279.6	9.73	355.0
639.228	0.088	fixation	n/a	241.8	283.2	4159.0	n/a	n/a	n/a	n/a
639.318	0.034	saccade	n/a	238.7	285.9	n/a	147.3	298.5	3.31	227.0
639.354	0.198	fixation	n/a	157.3	302.1	4083.0	n/a	n/a	n/a	n/a
639.554	0.028	saccade	n/a	159.7	304.3	n/a	210.8	300.7	1.84	127.0
639.584	0.058	fixation	n/a	206.1	303.5	4076.0	n/a	n/a	n/a	n/a
639.644	0.036	saccade	n/a	207.7	304.9	n/a	316.4	296.4	3.97	249.0
639.682	0.214	fixation	n/a	313.2	300.8	4054.0	n/a	n/a	n/a	n/a
639.898	0.14	saccade	n/a	317.3	304.8	n/a	324.9	275.1	1.14	1108.0
639.934	0.044	blink	n/a	n/a	n/a	n/a	n/a	n/a	n/a	n/a
640.04	0.282	fixation	n/a	320.9	290.1	4003.0	n/a	n/a	n/a	n/a
640.324	0.028	saccade	n/a	321.2	296.2	n/a	400.2	295.3	2.9	175.0
640.354	0.41	fixation	n/a	395.7	293.9	3890.0	n/a	n/a	n/a	n/a
640.552	0.0	trigger_13	13	n/a	n/a	n/a	n/a	n/a	n/a	n/a
640.604	0.0	trigger_21	21	n/a	n/a	n/a	n/a	n/a	n/a	n/a
640.766	0.052	saccade	n/a	393.1	281.8	n/a	241.7	150.2	7.34	291.0
640.82	0.222	fixation	n/a	250.4	163.2	3795.0	n/a	n/a	n/a	n/a
641.044	0.058	saccade	n/a	258.7	175.5	n/a	500.1	289.1	9.76	328.0
