onset	duration	trial_type	value	gaze_x	gaze_y	pupil_size	sacc_endx	sacc_endy	sacc_amplitude	sacc_peakvel
0.113	0.28	fixation	n/a	161.5	192.6	2914.0	n/a	n/a	n/a	n/a
0.395	0.226	saccade	n/a	159.7	196.0	n/a	171.0	277.8	2.97	620.0
0.449	0.092	blink	n/a	n/a	n/a	n/a	n/a	n/a	n/a	n/a
0.623	0.44	fixation	n/a	177.0	274.6	2902.0	n/a	n/a	n/a	n/a
1.065	0.018	saccade	n/a	177.8	279.6	n/a	149.2	285.0	1.02	73.0
1.085	2.012	fixation	n/a	145.3	290.9	2874.0	n/a	n/a	n/a	n/a
2.158	0.0	trigger_116	116	n/a	n/a	n/a	n/a	n/a	n/a	n/a
3.099	0.016	saccade	n/a	137.2	302.7	n/a	153.1	315.8	0.72	52.0
3.117	0.944	fixation	n/a	145.4	330.9	2904.0	n/a	n/a	n/a	n/a
4.063	0.04	saccade	n/a	136.3	342.7	n/a	261.8	345.9	4.39	141.0
4.105	0.148	fixation	n/a	271.8	351.2	2784.0	n/a	n/a	n/a	n/a
4.168	0.0	trigger_10	10	n/a	n/a	n/a	n/a	n/a	n/a	n/a
4.255	0.04	saccade	n/a	278.5	354.4	n/a	421.7	344.4	5.13	196.0
4.297	0.096	fixation	n/a	425.4	343.6	2744.0	n/a	n/a	n/a	n/a
4.395	0.054	saccade	n/a	428.1	342.3	n/a	204.6	230.5	8.93	295.0
4.451	0.122	fixation	n/a	217.7	235.1	2669.0	n/a	n/a	n/a	n/a
4.575	0.03	saccade	n/a	221.9	236.7	n/a	139.1	194.8	3.27	200.0
4.607	0.182	fixation	n/a	143.2	198.2	2497.0	n/a	n/a	n/a	n/a
4.791	0.018	saccade	n/a	137.6	201.6	n/a	109.7	192.2	1.02	79.0
4.811	0.3	fixation	n/a	114.9	193.5	2412.0	n/a	n/a	n/a	n/a
5.113	0.02	saccade	n/a	119.1	193.6	n/a	153.0	187.2	1.2	81.0
5.135	0.286	fixation	n/a	151.8	186.2	2439.0	n/a	n/a	n/a	n/a
5.423	0.022	saccade	n/a	155.1	186.7	n/a	200.9	184.8	1.61	101.0
5.447	0.16	fixation	n/a	200.7	183.5	2554.0	n/a	n/a	n/a	n/a
5.609	0.02	saccade	n/a	204.1	188.7	n/a	243.7	185.1	1.41	98.0
5.631	0.244	fixation	n/a	242.8	187.9	2715.0	n/a	n/a	n/a	n/a
5.877	0.028	saccade	n/a	240.5	187.7	n/a	184.3	186.1	1.98	136.0
5.907	0.14	fixation	n/a	187.9	187.4	2836.0	n/a	n/a	n/a	n/a
6.049	0.034	saccade	n/a	185.1	186.3	n/a	96.1	189.0	3.08	212.0
6.085	0.266	fixation	n/a	100.7	193.3	2895.0	n/a	n/a	n/a	n/a
6.353	0.02	saccade	n/a	102.9	194.3	n/a	139.7	186.8	1.3	88.0
6.375	0.644	fixation	n/a	149.9	189.0	3091.0	n/a	n/a	n/a	n/a
7.021	0.02	saccade	n/a	160.8	195.9	n/a	198.7	195.6	1.33	94.0
7.043	0.168	fixation	n/a	197.9	197.4	3033.0	n/a	n/a	n/a	n/a
7.213	0.028	saccade	n/a	199.0	195.0	n/a	264.3	189.2	2.32	148.0
7.243	0.146	fixation	n/a	263.1	189.5	3073.0	n/a	n/a	n/a	n/a
7.391	0.026	saccade	n/a	265.9	188.6	n/a	321.2	184.1	1.98	128.0
7.419	0.184	fixation	n/a	318.8	185.3	3114.0	n/a	n/a	n/a	n/a
7.605	0.02	saccade	n/a	323.2	188.7	n/a	363.6	185.9	1.45	100.0
7.627	0.148	fixation	n/a	362.3	187.1	3111.0	n/a	n/a	n/a	n/a
7.777	0.026	saccade	n/a	366.1	188.2	n/a	422.8	185.6	2.05	129.0
7.805	0.202	fixation	n/a	420.4	184.9	3136.0	n/a	n/a	n/a	n/a
8.009	0.026	saccade	n/a	423.8	184.4	n/a	485.9	181.8	2.24	136.0
8.037	0.228	fixation	n/a	483.7	183.6	3120.0	n/a	n/a	n/a	n/a
8.267	0.028	saccade	n/a	486.2	184.9	n/a	561.4	184.4	2.71	159.0
8.297	0.17	fixation	n/a	561.5	186.3	3079.0	n/a	n/a	n/a	n/a
8.469	0.018	saccade	n/a	565.1	185.9	n/a	595.9	183.5	1.11	78.0
8.489	0.112	fixation	n/a	593.5	183.6	3055.0	n/a	n/a	n/a	n/a
8.603	0.062	saccade	n/a	593.2	184.4	n/a	134.5	250.9	16.36	431.0
8.667	0.292	fixation	n/a	133.3	254.1	3018.0	n/a	n/a	n/a	n/a
8.961	0.028	saccade	n/a	133.2	254.5	n/a	216.9	248.0	2.93	163.0
8.991	0.228	fixation	n/a	218.4	248.8	3019.0	n/a	n/a	n/a	n/a
9.221	0.024	saccade	n/a	221.6	249.2	n/a	285.5	245.3	2.27	142.0
9.247	0.172	fixation	n/a	287.7	242.2	2941.0	n/a	n/a	n/a	n/a
9.421	0.02	saccade	n/a	291.5	243.4	n/a	331.8	239.9	1.45	103.0
9.443	0.15	fixation	n/a	328.7	238.4	2902.0	n/a	n/a	n/a	n/a
9.595	0.03	saccade	n/a	328.8	239.2	n/a	407.6	234.3	2.83	172.0
9.627	0.164	fixation	n/a	407.5	235.1	2894.0	n/a	n/a	n/a	n/a
9.793	0.018	saccade	n/a	412.8	236.0	n/a	446.1	235.1	1.2	91.0
9.813	0.16	fixation	n/a	444.0	237.1	2871.0	n/a	n/a	n/a	n/a
9.975	0.028	saccade	n/a	444.2	238.5	n/a	372.5	234.1	2.59	166.0
10.005	0.256	fixation	n/a	375.3	236.5	2856.0	n/a	n/a	n/a	n/a
10.042	0.0	trigger_11	11	n/a	n/a	n/a	n/a	n/a	n/a	n/a
10.104	0.0	trigger_10	10	n/a	n/a	n/a	n/a	n/a	n/a	n/a
10.263	0.048	saccade	n/a	369.8	234.3	n/a	123.8	194.8	8.79	350.0
10.313	0.386	fixation	n/a	126.5	194.8	2936.0	n/a	n/a	n/a	n/a
10.701	0.03	saccade	n/a	124.6	193.9	n/a	211.6	186.0	3.05	170.0
10.733	0.268	fixation	n/a	213.1	188.1	2987.0	n/a	n/a	n/a	n/a
11.003	0.028	saccade	n/a	217.5	191.6	n/a	289.6	185.7	2.57	162.0
11.033	0.232	fixation	n/a	291.5	183.6	3131.0	n/a	n/a	n/a	n/a
11.267	0.02	saccade	n/a	295.1	181.8	n/a	328.6	179.6	1.2	85.0
11.289	0.306	fixation	n/a	327.1	183.5	3187.0	n/a	n/a	n/a	n/a
11.597	0.022	saccade	n/a	329.1	183.9	n/a	375.7	183.2	1.67	112.0
11.621	0.208	fixation	n/a	374.5	185.5	3164.0	n/a	n/a	n/a	n/a
11.831	0.026	saccade	n/a	375.3	186.8	n/a	432.1	179.2	2.07	126.0
11.859	0.17	fixation	n/a	428.5	181.4	3201.0	n/a	n/a	n/a	n/a
12.031	0.024	saccade	n/a	432.1	184.0	n/a	485.6	183.8	1.93	121.0
12.057	0.358	fixation	n/a	482.2	187.2	3200.0	n/a	n/a	n/a	n/a
12.417	0.022	saccade	n/a	483.2	185.8	n/a	525.1	181.4	1.52	98.0
12.441	0.23	fixation	n/a	525.8	185.6	3107.0	n/a	n/a	n/a	n/a
12.673	0.024	saccade	n/a	528.2	183.0	n/a	575.9	181.1	1.71	107.0
12.699	0.156	fixation	n/a	572.7	182.6	3120.0	n/a	n/a	n/a	n/a
12.857	0.064	saccade	n/a	573.6	182.9	n/a	120.7	243.6	16.07	417.0
12.923	0.306	fixation	n/a	117.6	247.2	3050.0	n/a	n/a	n/a	n/a
13.231	0.028	saccade	n/a	114.2	246.9	n/a	120.8	184.2	2.25	142.0
13.242	0.0	trigger_11	11	n/a	n/a	n/a	n/a	n/a	n/a	n/a
13.261	0.468	fixation	n/a	120.3	189.0	3045.0	n/a	n/a	n/a	n/a
13.302	0.0	trigger_10	10	n/a	n/a	n/a	n/a	n/a	n/a	n/a
13.731	0.028	saccade	n/a	121.5	192.7	n/a	188.8	189.0	2.34	146.0
13.761	0.342	fixation	n/a	187.4	190.0	3174.0	n/a	n/a	n/a	n/a
14.105	0.048	saccade	n/a	190.8	192.8	n/a	405.8	181.7	7.65	264.0
14.155	0.174	fixation	n/a	407.5	183.8	3143.0	n/a	n/a	n/a	n/a
14.331	0.034	saccade	n/a	410.5	185.2	n/a	517.3	179.1	3.86	208.0
14.367	0.204	fixation	n/a	517.6	182.5	3156.0	n/a	n/a	n/a	n/a
14.573	0.022	saccade	n/a	522.0	181.2	n/a	567.9	179.1	1.65	109.0
14.597	0.136	fixation	n/a	565.0	179.8	3117.0	n/a	n/a	n/a	n/a
14.735	0.062	saccade	n/a	565.8	179.5	n/a	140.0	238.0	15.14	433.0
14.799	0.178	fixation	n/a	138.1	241.8	3089.0	n/a	n/a	n/a	n/a
14.979	0.016	saccade	n/a	134.6	246.2	n/a	113.2	250.9	0.76	58.0
14.997	0.146	fixation	n/a	117.3	252.5	3078.0	n/a	n/a	n/a	n/a
15.145	0.032	saccade	n/a	117.9	253.2	n/a	202.4	244.7	2.95	191.0
15.179	0.148	fixation	n/a	204.0	247.8	3134.0	n/a	n/a	n/a	n/a
15.329	0.028	saccade	n/a	208.9	248.8	n/a	272.4	244.4	2.25	152.0
15.359	0.202	fixation	n/a	272.5	246.2	3136.0	n/a	n/a	n/a	n/a
15.563	0.026	saccade	n/a	276.0	247.8	n/a	330.8	243.5	1.96	129.0
15.591	0.166	fixation	n/a	328.3	242.6	3107.0	n/a	n/a	n/a	n/a
15.759	0.026	saccade	n/a	330.0	242.9	n/a	385.1	242.1	1.98	134.0
15.787	0.228	fixation	n/a	385.6	243.5	3052.0	n/a	n/a	n/a	n/a
16.017	0.026	saccade	n/a	388.0	244.9	n/a	456.7	240.6	2.48	148.0
16.045	0.212	fixation	n/a	456.1	242.8	3034.0	n/a	n/a	n/a	n/a
16.259	0.03	saccade	n/a	458.6	242.1	n/a	539.9	238.6	2.92	169.0
16.291	0.214	fixation	n/a	541.0	241.5	3032.0	n/a	n/a	n/a	n/a
16.507	0.022	saccade	n/a	543.6	241.2	n/a	582.2	238.4	1.39	88.0
16.531	0.146	fixation	n/a	581.3	241.6	3020.0	n/a	n/a	n/a	n/a
16.679	0.064	saccade	n/a	580.1	242.5	n/a	116.2	304.3	16.43	436.0
16.745	0.282	fixation	n/a	117.5	310.9	3061.0	n/a	n/a	n/a	n/a
17.029	0.026	saccade	n/a	115.7	310.2	n/a	178.1	309.8	2.16	134.0
17.057	0.306	fixation	n/a	180.7	315.3	3016.0	n/a	n/a	n/a	n/a
17.365	0.038	saccade	n/a	180.8	318.2	n/a	295.1	309.5	4.04	181.0
17.405	0.298	fixation	n/a	295.6	309.7	2895.0	n/a	n/a	n/a	n/a
17.705	0.03	saccade	n/a	297.9	308.7	n/a	394.0	297.5	3.46	172.0
17.737	0.154	fixation	n/a	400.8	298.0	2826.0	n/a	n/a	n/a	n/a
17.893	0.02	saccade	n/a	407.0	299.0	n/a	450.6	295.3	1.57	106.0
17.915	0.234	fixation	n/a	449.3	295.8	2818.0	n/a	n/a	n/a	n/a
18.151	0.034	saccade	n/a	449.8	297.7	n/a	346.7	284.0	3.73	208.0
18.178	0.0	trigger_11	11	n/a	n/a	n/a	n/a	n/a	n/a	n/a
18.187	0.18	fixation	n/a	350.8	285.7	2830.0	n/a	n/a	n/a	n/a
18.232	0.0	trigger_10	10	n/a	n/a	n/a	n/a	n/a	n/a	n/a
18.369	0.04	saccade	n/a	348.6	285.0	n/a	182.3	192.9	6.75	302.0
18.411	0.162	fixation	n/a	184.5	194.8	2862.0	n/a	n/a	n/a	n/a
18.575	0.028	saccade	n/a	183.1	193.9	n/a	120.3	190.3	2.18	148.0
18.605	0.27	fixation	n/a	126.8	193.2	2809.0	n/a	n/a	n/a	n/a
18.877	0.03	saccade	n/a	128.9	195.7	n/a	219.9	188.8	3.19	163.0
18.909	0.22	fixation	n/a	221.7	186.1	2861.0	n/a	n/a	n/a	n/a
19.131	0.026	saccade	n/a	224.1	189.1	n/a	278.2	184.4	1.92	124.0
19.159	0.24	fixation	n/a	279.2	188.2	2938.0	n/a	n/a	n/a	n/a
19.401	0.026	saccade	n/a	282.6	190.2	n/a	341.1	184.3	2.1	134.0
19.429	0.288	fixation	n/a	342.6	188.0	2982.0	n/a	n/a	n/a	n/a
19.719	0.022	saccade	n/a	346.5	189.0	n/a	393.4	186.2	1.69	108.0
19.743	0.244	fixation	n/a	394.4	186.7	3008.0	n/a	n/a	n/a	n/a
19.989	0.028	saccade	n/a	393.0	187.6	n/a	332.4	187.0	2.18	154.0
20.019	0.112	fixation	n/a	336.9	187.5	3068.0	n/a	n/a	n/a	n/a
20.133	0.03	saccade	n/a	335.7	188.3	n/a	272.7	189.3	2.25	164.0
20.165	0.238	fixation	n/a	276.7	192.3	3099.0	n/a	n/a	n/a	n/a
20.405	0.032	saccade	n/a	277.4	194.8	n/a	366.8	188.4	3.2	170.0
20.439	0.352	fixation	n/a	369.3	193.2	3131.0	n/a	n/a	n/a	n/a
20.793	0.026	saccade	n/a	374.8	197.2	n/a	438.9	188.9	2.33	138.0
20.821	0.284	fixation	n/a	440.2	191.4	3091.0	n/a	n/a	n/a	n/a
21.107	0.024	saccade	n/a	443.3	190.7	n/a	500.8	185.7	2.08	122.0
21.133	0.206	fixation	n/a	501.6	188.4	3039.0	n/a	n/a	n/a	n/a
21.341	0.022	saccade	n/a	505.1	186.6	n/a	555.1	177.6	1.83	112.0
21.365	0.51	fixation	n/a	551.6	181.1	2901.0	n/a	n/a	n/a	n/a
21.877	0.02	saccade	n/a	535.3	182.4	n/a	499.2	180.0	1.3	92.0
21.899	0.116	fixation	n/a	502.9	180.5	2788.0	n/a	n/a	n/a	n/a
22.017	0.208	saccade	n/a	500.1	182.5	n/a	537.3	161.3	1.55	2286.0
22.059	0.106	blink	n/a	n/a	n/a	n/a	n/a	n/a	n/a	n/a
22.227	0.406	fixation	n/a	546.6	173.6	2663.0	n/a	n/a	n/a	n/a
22.635	0.022	saccade	n/a	554.0	177.5	n/a	605.2	175.0	1.84	115.0
22.659	0.342	fixation	n/a	610.3	174.0	2621.0	n/a	n/a	n/a	n/a
23.003	0.068	saccade	n/a	616.2	175.2	n/a	134.5	251.0	17.12	427.0
23.073	0.268	fixation	n/a	135.4	256.6	2641.0	n/a	n/a	n/a	n/a
23.343	0.024	saccade	n/a	138.2	260.0	n/a	199.2	248.0	2.17	136.0
23.369	0.336	fixation	n/a	205.4	249.9	2676.0	n/a	n/a	n/a	n/a
23.707	0.032	saccade	n/a	209.6	248.6	n/a	311.1	242.0	3.6	172.0
23.741	0.208	fixation	n/a	315.4	242.4	2687.0	n/a	n/a	n/a	n/a
23.951	0.024	saccade	n/a	318.3	240.9	n/a	373.8	240.5	1.99	126.0
23.977	0.144	fixation	n/a	375.2	243.0	2698.0	n/a	n/a	n/a	n/a
24.123	0.026	saccade	n/a	379.6	244.4	n/a	434.1	236.4	1.98	123.0
24.151	0.134	fixation	n/a	433.8	236.4	2687.0	n/a	n/a	n/a	n/a
24.287	0.028	saccade	n/a	435.6	236.8	n/a	505.1	231.7	2.51	153.0
24.317	0.188	fixation	n/a	503.8	233.8	2678.0	n/a	n/a	n/a	n/a
24.507	0.028	saccade	n/a	505.7	235.5	n/a	577.1	232.3	2.57	160.0
24.537	0.236	fixation	n/a	577.8	231.5	2658.0	n/a	n/a	n/a	n/a
24.775	0.014	saccade	n/a	584.4	235.2	n/a	603.1	232.3	0.68	57.0
24.791	0.21	fixation	n/a	603.7	231.6	2656.0	n/a	n/a	n/a	n/a
24.794	0.0	trigger_11	11	n/a	n/a	n/a	n/a	n/a	n/a	n/a
24.85	0.0	trigger_12	12	n/a	n/a	n/a	n/a	n/a	n/a	n/a
25.003	0.052	saccade	n/a	604.1	227.4	n/a	285.9	188.8	11.41	395.0
25.057	0.124	fixation	n/a	285.4	188.7	2674.0	n/a	n/a	n/a	n/a
25.183	0.038	saccade	n/a	284.3	191.1	n/a	131.3	189.3	5.36	274.0
25.223	0.418	fixation	n/a	130.5	192.6	2626.0	n/a	n/a	n/a	n/a
25.643	0.026	saccade	n/a	126.4	194.9	n/a	189.5	187.7	2.21	121.0
25.671	0.204	fixation	n/a	189.8	184.3	2662.0	n/a	n/a	n/a	n/a
25.877	0.02	saccade	n/a	193.1	186.2	n/a	230.8	184.5	1.32	90.0
25.899	0.24	fixation	n/a	232.1	185.7	2728.0	n/a	n/a	n/a	n/a
26.141	0.02	saccade	n/a	235.0	187.2	n/a	272.5	185.5	1.33	87.0
26.163	0.238	fixation	n/a	272.7	185.6	2794.0	n/a	n/a	n/a	n/a
26.403	0.014	saccade	n/a	278.5	187.0	n/a	297.0	184.1	0.67	55.0
26.419	0.234	fixation	n/a	298.2	182.0	2794.0	n/a	n/a	n/a	n/a
26.655	0.018	saccade	n/a	300.3	180.8	n/a	331.0	179.7	1.1	82.0
26.675	0.144	fixation	n/a	331.2	183.4	2840.0	n/a	n/a	n/a	n/a
26.821	0.02	saccade	n/a	335.7	185.8	n/a	375.5	184.9	1.42	101.0
26.843	0.896	fixation	n/a	371.0	186.3	2901.0	n/a	n/a	n/a	n/a
27.741	0.022	saccade	n/a	394.2	191.1	n/a	440.2	186.4	1.66	108.0
27.765	0.218	fixation	n/a	438.9	187.9	3057.0	n/a	n/a	n/a	n/a
27.985	0.03	saccade	n/a	442.4	190.7	n/a	524.4	183.9	2.96	170.0
28.017	0.316	fixation	n/a	522.7	188.5	3086.0	n/a	n/a	n/a	n/a
28.335	0.06	saccade	n/a	522.3	190.7	n/a	121.0	248.5	14.28	394.0
28.397	0.26	fixation	n/a	124.7	252.5	3010.0	n/a	n/a	n/a	n/a
28.659	0.028	saccade	n/a	124.6	254.6	n/a	203.7	250.1	2.76	169.0
28.689	0.23	fixation	n/a	206.3	252.3	3054.0	n/a	n/a	n/a	n/a
28.921	0.028	saccade	n/a	206.9	254.3	n/a	151.8	252.9	1.92	136.0
28.951	0.162	fixation	n/a	155.3	253.6	2995.0	n/a	n/a	n/a	n/a
29.115	0.026	saccade	n/a	155.5	253.2	n/a	227.5	252.8	2.52	148.0
29.143	0.8	fixation	n/a	245.4	252.3	3043.0	n/a	n/a	n/a	n/a
29.945	0.02	saccade	n/a	257.2	247.0	n/a	293.6	246.9	1.29	89.0
29.967	0.222	fixation	n/a	292.0	249.5	3058.0	n/a	n/a	n/a	n/a
30.191	0.03	saccade	n/a	294.7	252.1	n/a	373.5	248.9	2.82	173.0
30.223	0.192	fixation	n/a	374.3	250.2	3014.0	n/a	n/a	n/a	n/a
30.417	0.026	saccade	n/a	378.7	249.4	n/a	438.1	243.5	2.14	130.0
30.445	0.35	fixation	n/a	441.5	247.5	2942.0	n/a	n/a	n/a	n/a
30.797	0.018	saccade	n/a	444.4	246.3	n/a	415.6	244.5	1.04	80.0
30.817	0.27	fixation	n/a	425.3	243.7	2835.0	n/a	n/a	n/a	n/a
31.089	0.024	saccade	n/a	429.5	243.1	n/a	483.5	238.7	1.94	114.0
31.115	0.182	fixation	n/a	486.9	240.9	2859.0	n/a	n/a	n/a	n/a
31.299	0.026	saccade	n/a	489.4	243.0	n/a	551.9	240.2	2.25	135.0
31.327	0.212	fixation	n/a	550.5	240.8	2873.0	n/a	n/a	n/a	n/a
31.541	0.024	saccade	n/a	551.8	239.2	n/a	613.5	234.3	2.21	126.0
31.567	0.182	fixation	n/a	613.2	239.6	2847.0	n/a	n/a	n/a	n/a
31.751	0.064	saccade	n/a	611.5	238.2	n/a	140.5	306.4	16.68	419.0
31.817	0.29	fixation	n/a	138.7	311.1	2822.0	n/a	n/a	n/a	n/a
32.109	0.028	saccade	n/a	138.6	314.7	n/a	207.5	309.6	2.4	143.0
32.139	0.174	fixation	n/a	208.4	311.7	2821.0	n/a	n/a	n/a	n/a
32.315	0.036	saccade	n/a	210.4	310.9	n/a	333.2	298.4	4.35	224.0
32.353	0.312	fixation	n/a	339.9	299.7	2793.0	n/a	n/a	n/a	n/a
32.45	0.0	trigger_13	13	n/a	n/a	n/a	n/a	n/a	n/a	n/a
32.508	0.0	trigger_10	10	n/a	n/a	n/a	n/a	n/a	n/a	n/a
32.667	0.046	saccade	n/a	341.9	300.6	n/a	142.6	186.8	8.12	345.0
32.715	0.162	fixation	n/a	146.2	186.8	2822.0	n/a	n/a	n/a	n/a
32.879	0.022	saccade	n/a	144.7	186.5	n/a	105.9	188.9	1.34	98.0
32.903	0.28	fixation	n/a	109.8	191.0	2809.0	n/a	n/a	n/a	n/a
33.185	0.022	saccade	n/a	112.3	194.9	n/a	165.0	193.4	1.82	116.0
33.209	0.282	fixation	n/a	165.8	195.7	2874.0	n/a	n/a	n/a	n/a
33.493	0.028	saccade	n/a	162.3	194.6	n/a	106.0	195.2	1.94	135.0
33.523	0.346	fixation	n/a	112.3	195.6	2939.0	n/a	n/a	n/a	n/a
33.871	0.022	saccade	n/a	116.5	196.7	n/a	158.4	192.8	1.45	84.0
33.895	0.244	fixation	n/a	165.2	196.4	3038.0	n/a	n/a	n/a	n/a
34.141	0.02	saccade	n/a	169.5	197.8	n/a	207.8	195.0	1.34	92.0
34.163	0.146	fixation	n/a	206.5	193.7	3063.0	n/a	n/a	n/a	n/a
34.311	0.022	saccade	n/a	209.9	193.7	n/a	258.8	190.6	1.73	112.0
34.335	0.21	fixation	n/a	258.9	190.4	3089.0	n/a	n/a	n/a	n/a
34.547	0.024	saccade	n/a	263.2	192.8	n/a	310.4	192.3	1.67	110.0
34.573	0.138	fixation	n/a	307.6	193.0	3086.0	n/a	n/a	n/a	n/a
34.713	0.024	saccade	n/a	309.1	193.4	n/a	367.8	190.7	2.1	133.0
34.739	0.236	fixation	n/a	367.6	191.8	3080.0	n/a	n/a	n/a	n/a
34.977	0.028	saccade	n/a	368.5	193.9	n/a	441.3	187.6	2.62	157.0
35.007	0.262	fixation	n/a	440.6	189.4	3065.0	n/a	n/a	n/a	n/a
35.271	0.03	saccade	n/a	445.3	188.6	n/a	517.3	182.6	2.59	139.0
35.303	0.186	fixation	n/a	515.2	181.5	3029.0	n/a	n/a	n/a	n/a
35.491	0.026	saccade	n/a	518.2	182.9	n/a	579.4	178.9	2.19	133.0
35.519	0.136	fixation	n/a	577.2	179.3	2983.0	n/a	n/a	n/a	n/a
35.657	0.064	saccade	n/a	576.4	178.8	n/a	131.8	238.5	15.75	426.0
35.723	0.184	fixation	n/a	129.4	240.3	2927.0	n/a	n/a	n/a	n/a
35.909	0.014	saccade	n/a	125.3	244.3	n/a	106.7	249.7	0.67	58.0
35.925	0.214	fixation	n/a	112.0	255.6	2905.0	n/a	n/a	n/a	n/a
36.141	0.024	saccade	n/a	112.9	259.7	n/a	165.9	252.6	1.85	117.0
36.167	0.34	fixation	n/a	167.4	253.7	2983.0	n/a	n/a	n/a	n/a
36.298	0.0	trigger_11	11	n/a	n/a	n/a	n/a	n/a	n/a	n/a
36.36	0.0	trigger_10	10	n/a	n/a	n/a	n/a	n/a	n/a	n/a
36.509	0.032	saccade	n/a	167.2	251.0	n/a	103.8	186.8	3.17	196.0
36.543	0.254	fixation	n/a	109.2	189.1	3031.0	n/a	n/a	n/a	n/a
36.799	0.024	saccade	n/a	111.2	191.5	n/a	165.9	188.5	1.89	117.0
36.825	0.654	fixation	n/a	171.3	190.2	3021.0	n/a	n/a	n/a	n/a
37.481	0.016	saccade	n/a	176.1	190.2	n/a	198.9	187.4	0.8	61.0
37.499	0.228	fixation	n/a	201.1	188.6	3166.0	n/a	n/a	n/a	n/a
37.729	0.018	saccade	n/a	205.4	190.7	n/a	231.9	188.4	0.94	66.0
37.749	0.134	fixation	n/a	230.5	186.9	3266.0	n/a	n/a	n/a	n/a
37.885	0.022	saccade	n/a	232.3	187.4	n/a	277.5	185.2	1.6	107.0
37.909	0.28	fixation	n/a	274.8	187.8	3192.0	n/a	n/a	n/a	n/a
38.191	0.022	saccade	n/a	276.7	187.9	n/a	311.2	185.7	1.23	75.0
38.215	0.176	fixation	n/a	311.5	186.2	3152.0	n/a	n/a	n/a	n/a
38.393	0.024	saccade	n/a	313.1	187.6	n/a	362.5	186.7	1.76	114.0
38.419	0.388	fixation	n/a	359.5	187.7	3097.0	n/a	n/a	n/a	n/a
38.809	0.022	saccade	n/a	364.6	191.9	n/a	407.2	189.7	1.53	93.0
38.833	0.166	fixation	n/a	406.9	190.5	3074.0	n/a	n/a	n/a	n/a
39.001	0.022	saccade	n/a	410.8	191.1	n/a	457.7	185.7	1.69	106.0
39.025	0.208	fixation	n/a	456.0	185.5	3024.0	n/a	n/a	n/a	n/a
39.235	0.028	saccade	n/a	459.1	184.0	n/a	520.8	179.8	2.22	131.0
39.265	0.214	fixation	n/a	521.5	180.9	2932.0	n/a	n/a	n/a	n/a
39.481	0.02	saccade	n/a	525.3	180.5	n/a	562.0	178.6	1.31	88.0
39.503	0.152	fixation	n/a	560.8	178.9	2861.0	n/a	n/a	n/a	n/a
39.657	0.064	saccade	n/a	561.2	178.7	n/a	128.8	237.1	15.32	401.0
39.723	0.338	fixation	n/a	127.3	242.5	2764.0	n/a	n/a	n/a	n/a
40.063	0.024	saccade	n/a	125.5	246.4	n/a	180.9	249.7	1.92	118.0
40.089	0.244	fixation	n/a	182.8	252.0	2731.0	n/a	n/a	n/a	n/a
40.335	0.024	saccade	n/a	185.6	251.0	n/a	239.6	248.4	1.89	122.0
40.361	0.134	fixation	n/a	240.4	249.2	2755.0	n/a	n/a	n/a	n/a
40.497	0.022	saccade	n/a	241.9	249.8	n/a	288.1	244.3	1.64	112.0
40.521	0.156	fixation	n/a	289.7	245.8	2780.0	n/a	n/a	n/a	n/a
40.679	0.032	saccade	n/a	291.7	244.4	n/a	385.2	235.9	3.34	186.0
40.713	0.218	fixation	n/a	386.6	240.3	2763.0	n/a	n/a	n/a	n/a
40.933	0.028	saccade	n/a	389.8	242.4	n/a	479.5	234.5	3.23	165.0
40.963	0.162	fixation	n/a	486.2	236.5	2717.0	n/a	n/a	n/a	n/a
41.127	0.056	saccade	n/a	487.2	237.6	n/a	142.7	306.8	12.36	400.0
41.185	0.186	fixation	n/a	142.5	309.3	2708.0	n/a	n/a	n/a	n/a
41.373	0.03	saccade	n/a	144.8	311.6	n/a	230.7	302.4	3.01	181.0
41.405	0.17	fixation	n/a	234.9	304.3	2719.0	n/a	n/a	n/a	n/a
41.516	0.0	trigger_11	11	n/a	n/a	n/a	n/a	n/a	n/a	n/a
41.577	0.036	saccade	n/a	233.8	302.0	n/a	139.1	199.0	4.94	247.0
41.582	0.0	trigger_10	10	n/a	n/a	n/a	n/a	n/a	n/a	n/a
41.615	0.152	fixation	n/a	140.6	200.5	2720.0	n/a	n/a	n/a	n/a
41.769	0.018	saccade	n/a	137.0	197.9	n/a	108.3	189.2	1.03	80.0
41.789	0.23	fixation	n/a	116.1	191.5	2749.0	n/a	n/a	n/a	n/a
42.021	0.024	saccade	n/a	120.5	195.9	n/a	182.1	191.5	2.14	132.0
42.047	0.302	fixation	n/a	180.9	193.9	2824.0	n/a	n/a	n/a	n/a
42.351	0.026	saccade	n/a	181.0	196.4	n/a	261.2	189.3	2.83	150.0
42.379	0.43	fixation	n/a	266.3	191.5	2955.0	n/a	n/a	n/a	n/a
42.811	0.024	saccade	n/a	270.1	192.1	n/a	316.9	189.0	1.67	93.0
42.837	0.286	fixation	n/a	331.8	190.1	3131.0	n/a	n/a	n/a	n/a
43.125	0.024	saccade	n/a	337.8	191.9	n/a	395.0	192.8	2.06	118.0
43.151	0.214	fixation	n/a	394.3	195.4	3125.0	n/a	n/a	n/a	n/a
43.367	0.022	saccade	n/a	397.6	197.7	n/a	440.0	193.3	1.54	104.0
43.391	0.166	fixation	n/a	439.1	193.7	3157.0	n/a	n/a	n/a	n/a
43.559	0.032	saccade	n/a	442.7	192.5	n/a	529.7	182.4	3.17	182.0
43.593	0.324	fixation	n/a	527.6	183.5	3184.0	n/a	n/a	n/a	n/a
43.919	0.058	saccade	n/a	526.3	183.6	n/a	132.9	239.9	14.1	413.0
43.979	0.26	fixation	n/a	135.4	244.9	3192.0	n/a	n/a	n/a	n/a
44.241	0.032	saccade	n/a	137.1	247.5	n/a	230.9	240.8	3.3	200.0
44.275	0.268	fixation	n/a	231.5	243.5	3259.0	n/a	n/a	n/a	n/a
44.545	0.032	saccade	n/a	234.6	242.7	n/a	329.3	237.4	3.39	208.0
44.579	0.168	fixation	n/a	331.9	238.7	3200.0	n/a	n/a	n/a	n/a
44.749	0.024	saccade	n/a	334.9	239.0	n/a	388.3	234.7	1.93	124.0
44.775	0.37	fixation	n/a	389.5	233.3	3223.0	n/a	n/a	n/a	n/a
44.956	0.0	trigger_11	11	n/a	n/a	n/a	n/a	n/a	n/a	n/a
45.02	0.0	trigger_12	12	n/a	n/a	n/a	n/a	n/a	n/a	n/a
45.147	0.048	saccade	n/a	391.4	230.8	n/a	145.3	179.5	8.92	371.0
45.197	0.286	fixation	n/a	139.7	181.1	3332.0	n/a	n/a	n/a	n/a
45.485	0.226	saccade	n/a	125.9	182.1	n/a	259.5	162.6	4.74	841.0
45.529	0.106	blink	n/a	n/a	n/a	n/a	n/a	n/a	n/a	n/a
45.713	0.266	fixation	n/a	267.0	173.6	3272.0	n/a	n/a	n/a	n/a
45.981	0.034	saccade	n/a	270.5	175.0	n/a	371.3	168.1	3.62	217.0
46.017	0.186	fixation	n/a	371.7	172.2	3252.0	n/a	n/a	n/a	n/a
46.205	0.034	saccade	n/a	374.2	173.3	n/a	274.3	168.1	3.58	208.0
46.241	0.328	fixation	n/a	278.1	170.9	3065.0	n/a	n/a	n/a	n/a
46.571	0.024	saccade	n/a	279.8	172.5	n/a	328.7	205.2	2.12	129.0
46.597	0.104	fixation	n/a	325.7	207.7	3024.0	n/a	n/a	n/a	n/a
46.703	0.052	saccade	n/a	326.7	208.6	n/a	581.1	172.2	9.21	302.0
46.757	0.22	fixation	n/a	588.3	170.4	3027.0	n/a	n/a	n/a	n/a
46.979	0.064	saccade	n/a	590.4	171.9	n/a	161.0	235.3	15.37	427.0
47.045	0.212	fixation	n/a	159.5	242.7	2976.0	n/a	n/a	n/a	n/a
47.259	0.024	saccade	n/a	157.5	246.0	n/a	120.3	247.4	1.29	106.0
47.285	0.156	fixation	n/a	123.1	247.9	2938.0	n/a	n/a	n/a	n/a
47.443	0.032	saccade	n/a	123.4	249.2	n/a	234.6	241.7	3.89	194.0
47.477	0.14	fixation	n/a	238.6	240.9	2944.0	n/a	n/a	n/a	n/a
47.619	0.026	saccade	n/a	240.8	243.8	n/a	300.3	239.8	2.12	145.0
47.647	0.244	fixation	n/a	300.0	241.7	2918.0	n/a	n/a	n/a	n/a
47.893	0.022	saccade	n/a	300.2	244.5	n/a	341.0	238.8	1.47	96.0
47.917	0.222	fixation	n/a	340.2	242.5	2876.0	n/a	n/a	n/a	n/a
48.141	0.024	saccade	n/a	343.8	246.3	n/a	397.9	238.6	1.97	116.0
48.167	0.222	fixation	n/a	403.3	242.4	2773.0	n/a	n/a	n/a	n/a
48.391	0.034	saccade	n/a	409.8	244.6	n/a	518.3	236.2	3.93	200.0
48.427	0.178	fixation	n/a	518.1	238.6	2663.0	n/a	n/a	n/a	n/a
48.607	0.024	saccade	n/a	520.0	241.6	n/a	573.4	240.7	1.92	124.0
48.633	0.136	fixation	n/a	570.2	238.5	2648.0	n/a	n/a	n/a	n/a
48.771	0.02	saccade	n/a	573.4	235.2	n/a	603.7	236.6	1.09	73.0
48.793	0.132	fixation	n/a	601.4	238.8	2656.0	n/a	n/a	n/a	n/a
48.927	0.066	saccade	n/a	599.6	241.8	n/a	109.2	305.7	17.39	447.0
48.995	0.236	fixation	n/a	107.9	315.1	2718.0	n/a	n/a	n/a	n/a
49.233	0.03	saccade	n/a	107.8	320.1	n/a	186.8	308.7	2.76	164.0
49.265	0.262	fixation	n/a	192.7	311.9	2749.0	n/a	n/a	n/a	n/a
49.529	0.028	saccade	n/a	197.4	313.3	n/a	268.4	311.0	2.51	155.0
49.559	0.15	fixation	n/a	271.9	310.5	2681.0	n/a	n/a	n/a	n/a
49.711	0.022	saccade	n/a	275.8	310.1	n/a	321.5	302.0	1.65	107.0
49.735	0.15	fixation	n/a	322.6	302.0	2666.0	n/a	n/a	n/a	n/a
49.887	0.038	saccade	n/a	324.0	302.4	n/a	476.5	293.6	5.48	261.0
49.927	0.212	fixation	n/a	482.6	295.7	2639.0	n/a	n/a	n/a	n/a
50.141	0.022	saccade	n/a	486.3	295.3	n/a	528.3	291.3	1.52	87.0
50.165	0.138	fixation	n/a	530.4	291.9	2626.0	n/a	n/a	n/a	n/a
50.305	0.056	saccade	n/a	529.4	295.4	n/a	155.9	361.3	13.39	419.0
50.363	0.278	fixation	n/a	153.4	366.8	2628.0	n/a	n/a	n/a	n/a
50.643	0.028	saccade	n/a	150.7	367.6	n/a	223.4	367.2	2.53	148.0
50.673	0.18	fixation	n/a	227.9	366.9	2615.0	n/a	n/a	n/a	n/a
50.855	0.05	saccade	n/a	233.2	367.3	n/a	466.8	353.4	8.31	259.0
50.907	0.192	fixation	n/a	476.3	355.0	2597.0	n/a	n/a	n/a	n/a
51.101	0.032	saccade	n/a	483.4	356.4	n/a	573.7	353.3	3.24	189.0
51.116	0.0	trigger_13	13	n/a	n/a	n/a	n/a	n/a	n/a	n/a
51.135	0.236	fixation	n/a	575.8	352.0	2619.0	n/a	n/a	n/a	n/a
51.186	0.0	trigger_10	10	n/a	n/a	n/a	n/a	n/a	n/a	n/a
51.373	0.054	saccade	n/a	576.3	351.3	n/a	238.7	184.9	13.44	443.0
51.429	0.112	fixation	n/a	237.9	184.1	2655.0	n/a	n/a	n/a	n/a
51.543	0.036	saccade	n/a	235.6	182.5	n/a	119.4	173.4	4.06	253.0
51.581	0.454	fixation	n/a	117.8	182.6	2774.0	n/a	n/a	n/a	n/a
52.037	0.03	saccade	n/a	116.4	189.6	n/a	206.0	184.8	3.12	174.0
52.069	0.2	fixation	n/a	210.7	185.6	2990.0	n/a	n/a	n/a	n/a
52.271	0.026	saccade	n/a	212.5	186.2	n/a	285.2	188.3	2.57	143.0
52.299	0.192	fixation	n/a	290.4	189.4	3047.0	n/a	n/a	n/a	n/a
52.493	0.03	saccade	n/a	295.2	190.5	n/a	382.8	182.9	3.15	160.0
52.525	0.188	fixation	n/a	383.6	183.9	3030.0	n/a	n/a	n/a	n/a
52.715	0.02	saccade	n/a	389.1	185.9	n/a	419.7	184.3	1.1	78.0
52.737	0.104	fixation	n/a	417.6	183.7	2972.0	n/a	n/a	n/a	n/a
52.843	0.028	saccade	n/a	419.2	182.5	n/a	490.0	179.6	2.55	147.0
52.873	0.2	fixation	n/a	490.3	181.9	2908.0	n/a	n/a	n/a	n/a
53.075	0.018	saccade	n/a	496.1	181.9	n/a	522.4	180.3	0.95	71.0
53.095	0.274	fixation	n/a	521.2	183.5	2846.0	n/a	n/a	n/a	n/a
53.371	0.018	saccade	n/a	525.7	182.9	n/a	550.6	176.8	0.92	61.0
53.391	0.292	fixation	n/a	551.5	179.6	2820.0	n/a	n/a	n/a	n/a
53.685	0.064	saccade	n/a	549.5	183.4	n/a	128.4	244.6	14.99	387.0
53.751	0.35	fixation	n/a	123.7	253.9	2789.0	n/a	n/a	n/a	n/a
54.103	0.032	saccade	n/a	118.7	256.9	n/a	221.4	249.1	3.58	192.0
54.137	0.328	fixation	n/a	229.0	250.4	2736.0	n/a	n/a	n/a	n/a
54.467	0.028	saccade	n/a	230.5	250.7	n/a	311.6	240.9	2.89	155.0
54.497	0.184	fixation	n/a	321.6	241.5	2683.0	n/a	n/a	n/a	n/a
54.683	0.022	saccade	n/a	325.5	243.1	n/a	369.4	242.9	1.57	103.0
54.707	0.266	fixation	n/a	371.7	242.9	2643.0	n/a	n/a	n/a	n/a
54.975	0.026	saccade	n/a	374.8	242.7	n/a	436.7	238.1	2.23	120.0
55.003	0.21	fixation	n/a	437.6	237.1	2592.0	n/a	n/a	n/a	n/a
55.215	0.032	saccade	n/a	438.8	233.8	n/a	547.2	228.7	3.9	194.0
55.249	0.296	fixation	n/a	551.2	232.2	2578.0	n/a	n/a	n/a	n/a
55.547	0.022	saccade	n/a	556.0	233.0	n/a	603.7	227.5	1.72	112.0
55.571	0.204	fixation	n/a	604.5	228.6	2557.0	n/a	n/a	n/a	n/a
55.777	0.026	saccade	n/a	604.7	230.0	n/a	548.6	227.8	2.02	136.0
55.805	0.124	fixation	n/a	552.8	229.1	2579.0	n/a	n/a	n/a	n/a
55.931	0.028	saccade	n/a	553.9	230.3	n/a	628.5	228.7	2.66	158.0
55.961	0.192	fixation	n/a	628.9	229.0	2599.0	n/a	n/a	n/a	n/a
56.155	0.068	saccade	n/a	627.4	226.5	n/a	120.6	296.8	17.93	426.0
56.225	0.352	fixation	n/a	117.9	304.7	2602.0	n/a	n/a	n/a	n/a
56.579	0.034	saccade	n/a	115.8	307.9	n/a	219.2	307.9	3.58	205.0
56.615	0.182	fixation	n/a	219.4	307.5	2590.0	n/a	n/a	n/a	n/a
56.799	0.014	saccade	n/a	214.9	307.8	n/a	197.5	307.7	0.61	54.0
56.815	0.254	fixation	n/a	200.7	308.6	2581.0	n/a	n/a	n/a	n/a
57.071	0.032	saccade	n/a	203.8	309.7	n/a	314.2	297.5	3.92	195.0
57.105	0.254	fixation	n/a	322.5	301.1	2555.0	n/a	n/a	n/a	n/a
57.361	0.026	saccade	n/a	325.6	301.7	n/a	398.3	295.5	2.61	155.0
57.389	0.196	fixation	n/a	402.7	294.7	2532.0	n/a	n/a	n/a	n/a
57.587	0.022	saccade	n/a	406.0	292.2	n/a	449.9	289.1	1.58	97.0
57.611	0.124	fixation	n/a	450.9	290.3	2499.0	n/a	n/a	n/a	n/a
57.737	0.028	saccade	n/a	454.6	292.7	n/a	523.5	290.6	2.47	146.0
57.767	0.152	fixation	n/a	523.9	293.4	2466.0	n/a	n/a	n/a	n/a
57.921	0.016	saccade	n/a	528.9	294.9	n/a	551.4	293.5	0.81	60.0
57.939	0.096	fixation	n/a	552.3	292.4	2441.0	n/a	n/a	n/a	n/a
58.037	0.06	saccade	n/a	552.3	293.4	n/a	113.0	366.5	15.58	428.0
58.099	0.3	fixation	n/a	117.7	370.6	2414.0	n/a	n/a	n/a	n/a
58.401	0.028	saccade	n/a	122.0	371.5	n/a	200.7	363.5	2.73	148.0
58.431	0.216	fixation	n/a	207.0	365.8	2353.0	n/a	n/a	n/a	n/a
58.649	0.022	saccade	n/a	211.6	365.0	n/a	262.2	361.9	1.78	113.0
58.673	0.372	fixation	n/a	269.9	365.0	2348.0	n/a	n/a	n/a	n/a
59.047	0.024	saccade	n/a	272.8	367.7	n/a	332.8	362.1	2.14	123.0
59.073	0.146	fixation	n/a	338.5	360.5	2361.0	n/a	n/a	n/a	n/a
59.221	0.03	saccade	n/a	343.0	362.4	n/a	419.0	354.4	2.73	160.0
59.253	0.264	fixation	n/a	419.1	352.8	2353.0	n/a	n/a	n/a	n/a
59.519	0.032	saccade	n/a	420.6	351.7	n/a	523.9	351.3	3.7	191.0
59.553	0.222	fixation	n/a	525.7	349.1	2286.0	n/a	n/a	n/a	n/a
59.777	0.02	saccade	n/a	531.9	348.6	n/a	575.1	348.4	1.54	103.0
59.799	0.112	fixation	n/a	576.4	350.0	2273.0	n/a	n/a	n/a	n/a
59.913	0.028	saccade	n/a	580.3	350.9	n/a	654.0	347.6	2.63	152.0
59.943	0.428	fixation	n/a	664.0	347.7	2239.0	n/a	n/a	n/a	n/a
60.373	0.07	saccade	n/a	672.0	346.2	n/a	134.5	411.7	18.84	434.0
60.445	0.138	fixation	n/a	134.9	413.6	2483.0	n/a	n/a	n/a	n/a
60.585	0.022	saccade	n/a	129.3	413.0	n/a	93.6	427.5	1.31	100.0
60.609	0.25	fixation	n/a	98.2	430.2	2514.0	n/a	n/a	n/a	n/a
60.861	0.028	saccade	n/a	100.4	431.2	n/a	197.8	431.3	3.34	177.0
60.891	0.178	fixation	n/a	208.9	433.6	2640.0	n/a	n/a	n/a	n/a
61.071	0.026	saccade	n/a	211.4	433.5	n/a	274.0	431.4	2.19	144.0
61.099	0.19	fixation	n/a	278.4	430.0	2794.0	n/a	n/a	n/a	n/a
61.291	0.036	saccade	n/a	283.8	433.4	n/a	410.2	418.8	4.51	174.0
61.329	0.19	fixation	n/a	416.9	421.7	2817.0	n/a	n/a	n/a	n/a
61.521	0.03	saccade	n/a	420.3	422.4	n/a	506.9	415.5	3.1	180.0
61.553	0.184	fixation	n/a	506.3	415.6	2745.0	n/a	n/a	n/a	n/a
61.739	0.03	saccade	n/a	508.5	412.7	n/a	586.4	409.3	2.77	163.0
61.771	0.158	fixation	n/a	586.0	411.0	2631.0	n/a	n/a	n/a	n/a
61.931	0.022	saccade	n/a	589.2	407.8	n/a	632.2	409.0	1.52	94.0
61.955	0.172	fixation	n/a	631.7	409.6	2559.0	n/a	n/a	n/a	n/a
62.129	0.068	saccade	n/a	630.9	414.6	n/a	139.7	482.7	17.19	409.0
62.199	0.246	fixation	n/a	138.6	486.9	2539.0	n/a	n/a	n/a	n/a
62.447	0.028	saccade	n/a	139.6	488.4	n/a	230.1	485.5	3.11	166.0
62.477	0.256	fixation	n/a	237.9	487.3	2481.0	n/a	n/a	n/a	n/a
62.735	0.024	saccade	n/a	237.6	487.3	n/a	297.0	476.6	2.11	131.0
62.761	0.18	fixation	n/a	303.4	478.7	2409.0	n/a	n/a	n/a	n/a
62.943	0.034	saccade	n/a	306.1	475.8	n/a	426.3	459.5	4.29	199.0
62.979	0.244	fixation	n/a	436.7	458.1	2287.0	n/a	n/a	n/a	n/a
63.225	0.052	saccade	n/a	435.9	452.3	n/a	230.8	225.8	10.9	342.0
63.279	0.106	fixation	n/a	233.3	221.7	2369.0	n/a	n/a	n/a	n/a
63.316	0.0	trigger_11	11	n/a	n/a	n/a	n/a	n/a	n/a	n/a
63.376	0.0	trigger_10	10	n/a	n/a	n/a	n/a	n/a	n/a	n/a
63.387	0.032	saccade	n/a	230.9	220.7	n/a	139.3	182.2	3.48	202.0
63.421	0.188	fixation	n/a	142.4	187.5	2392.0	n/a	n/a	n/a	n/a
63.611	0.018	saccade	n/a	140.8	188.7	n/a	109.8	185.4	1.07	79.0
63.631	0.4	fixation	n/a	115.8	189.8	2440.0	n/a	n/a	n/a	n/a
64.033	0.02	saccade	n/a	117.9	189.0	n/a	157.2	183.0	1.37	93.0
64.055	0.278	fixation	n/a	157.1	183.3	2625.0	n/a	n/a	n/a	n/a
64.335	0.022	saccade	n/a	161.8	183.6	n/a	201.7	183.0	1.39	94.0
64.359	0.262	fixation	n/a	202.0	183.2	2887.0	n/a	n/a	n/a	n/a
64.623	0.018	saccade	n/a	206.2	184.2	n/a	232.1	182.0	0.91	64.0
64.643	0.31	fixation	n/a	232.0	182.8	3020.0	n/a	n/a	n/a	n/a
64.955	0.022	saccade	n/a	238.4	185.9	n/a	290.2	182.0	1.84	117.0
64.979	0.276	fixation	n/a	292.4	185.0	3100.0	n/a	n/a	n/a	n/a
65.257	0.02	saccade	n/a	296.5	186.6	n/a	332.1	185.1	1.27	92.0
65.279	0.194	fixation	n/a	327.7	185.4	3090.0	n/a	n/a	n/a	n/a
65.475	0.026	saccade	n/a	330.3	183.8	n/a	392.3	180.6	2.22	137.0
65.503	0.25	fixation	n/a	393.4	186.4	3073.0	n/a	n/a	n/a	n/a
65.755	0.03	saccade	n/a	394.8	187.4	n/a	330.9	182.0	2.29	154.0
65.787	0.22	fixation	n/a	334.9	183.7	3072.0	n/a	n/a	n/a	n/a
66.009	0.208	saccade	n/a	334.5	188.8	n/a	403.8	158.6	2.71	1696.0
66.061	0.104	blink	n/a	n/a	n/a	n/a	n/a	n/a	n/a	n/a
66.219	0.198	fixation	n/a	410.3	177.9	2891.0	n/a	n/a	n/a	n/a
66.419	0.026	saccade	n/a	416.3	175.3	n/a	468.6	176.3	1.88	126.0
66.447	0.286	fixation	n/a	473.4	177.4	2903.0	n/a	n/a	n/a	n/a
66.735	0.03	saccade	n/a	479.9	181.0	n/a	546.7	176.7	2.4	164.0
66.767	0.218	fixation	n/a	544.2	178.3	2814.0	n/a	n/a	n/a	n/a
66.987	0.016	saccade	n/a	547.9	180.9	n/a	572.3	177.7	0.88	68.0
67.005	0.246	fixation	n/a	569.0	176.7	2829.0	n/a	n/a	n/a	n/a
67.253	0.062	saccade	n/a	567.5	174.2	n/a	131.4	224.3	15.43	408.0
67.317	0.432	fixation	n/a	119.4	236.1	2833.0	n/a	n/a	n/a	n/a
67.751	0.028	saccade	n/a	116.0	245.4	n/a	199.0	246.0	2.87	175.0
67.781	0.302	fixation	n/a	199.1	247.2	2876.0	n/a	n/a	n/a	n/a
68.085	0.028	saccade	n/a	201.0	248.6	n/a	288.7	237.3	3.11	173.0
68.115	0.538	fixation	n/a	296.6	241.3	2795.0	n/a	n/a	n/a	n/a
68.655	0.026	saccade	n/a	297.9	244.2	n/a	366.3	233.9	2.47	138.0
68.683	0.138	fixation	n/a	369.6	234.2	2757.0	n/a	n/a	n/a	n/a
68.823	0.044	saccade	n/a	368.7	233.2	n/a	183.0	181.6	6.82	306.0
68.869	0.266	fixation	n/a	185.8	187.4	2802.0	n/a	n/a	n/a	n/a
68.934	0.0	trigger_11	11	n/a	n/a	n/a	n/a	n/a	n/a	n/a
68.99	0.0	trigger_10	10	n/a	n/a	n/a	n/a	n/a	n/a	n/a
69.137	0.03	saccade	n/a	186.5	189.6	n/a	112.5	181.0	2.58	177.0
69.169	0.408	fixation	n/a	111.5	187.3	2840.0	n/a	n/a	n/a	n/a
69.579	0.03	saccade	n/a	104.2	191.1	n/a	188.8	190.3	2.92	166.0
69.611	0.304	fixation	n/a	189.9	189.6	2952.0	n/a	n/a	n/a	n/a
69.917	0.032	saccade	n/a	193.2	190.5	n/a	280.3	183.1	3.07	177.0
69.951	0.236	fixation	n/a	278.6	184.0	2970.0	n/a	n/a	n/a	n/a
70.189	0.018	saccade	n/a	282.5	188.5	n/a	308.9	188.2	0.94	68.0
70.209	0.25	fixation	n/a	308.0	187.8	2940.0	n/a	n/a	n/a	n/a
70.461	0.026	saccade	n/a	308.0	186.6	n/a	378.1	179.6	2.52	136.0
70.489	0.208	fixation	n/a	380.8	180.8	2912.0	n/a	n/a	n/a	n/a
70.699	0.02	saccade	n/a	383.1	179.5	n/a	413.2	177.3	1.08	73.0
70.721	0.126	fixation	n/a	411.6	178.9	2917.0	n/a	n/a	n/a	n/a
70.849	0.028	saccade	n/a	415.2	180.1	n/a	484.1	174.9	2.48	147.0
70.879	0.404	fixation	n/a	485.3	181.0	2853.0	n/a	n/a	n/a	n/a
71.285	0.024	saccade	n/a	489.2	180.6	n/a	546.7	175.3	2.07	127.0
71.311	0.16	fixation	n/a	545.4	177.6	2788.0	n/a	n/a	n/a	n/a
71.473	0.022	saccade	n/a	548.7	177.5	n/a	589.2	171.3	1.47	98.0
71.497	0.15	fixation	n/a	586.2	172.2	2815.0	n/a	n/a	n/a	n/a
71.649	0.07	saccade	n/a	586.4	173.0	n/a	103.9	241.6	17.05	407.0
71.721	0.262	fixation	n/a	104.8	248.4	2764.0	n/a	n/a	n/a	n/a
71.985	0.02	saccade	n/a	107.0	251.2	n/a	145.2	250.0	1.31	89.0
72.007	0.12	fixation	n/a	145.8	249.0	2769.0	n/a	n/a	n/a	n/a
72.129	0.028	saccade	n/a	146.4	247.6	n/a	107.4	193.7	2.34	152.0
72.158	0.0	trigger_11	11	n/a	n/a	n/a	n/a	n/a	n/a	n/a
72.159	0.444	fixation	n/a	109.0	197.0	2811.0	n/a	n/a	n/a	n/a
72.218	0.0	trigger_10	10	n/a	n/a	n/a	n/a	n/a	n/a	n/a
72.605	0.024	saccade	n/a	107.7	197.9	n/a	166.5	190.5	2.04	120.0
72.631	0.158	fixation	n/a	165.0	189.8	2855.0	n/a	n/a	n/a	n/a
72.791	0.03	saccade	n/a	167.5	189.2	n/a	260.5	184.3	3.26	172.0
72.823	0.22	fixation	n/a	262.7	184.2	2891.0	n/a	n/a	n/a	n/a
73.045	0.022	saccade	n/a	267.2	186.0	n/a	306.5	182.9	1.4	87.0
73.069	0.126	fixation	n/a	305.4	183.1	2886.0	n/a	n/a	n/a	n/a
73.197	0.03	saccade	n/a	307.4	184.0	n/a	398.1	175.8	3.25	169.0
73.229	0.208	fixation	n/a	398.8	177.3	2897.0	n/a	n/a	n/a	n/a
73.439	0.02	saccade	n/a	402.8	181.4	n/a	439.1	177.8	1.31	89.0
73.461	0.148	fixation	n/a	437.8	179.0	2904.0	n/a	n/a	n/a	n/a
73.611	0.03	saccade	n/a	439.9	180.9	n/a	524.2	176.3	3.04	166.0
73.643	0.326	fixation	n/a	525.4	177.7	2936.0	n/a	n/a	n/a	n/a
73.971	0.024	saccade	n/a	529.9	177.1	n/a	582.6	170.4	1.9	111.0
73.997	0.242	fixation	n/a	588.3	171.2	2861.0	n/a	n/a	n/a	n/a
74.241	0.066	saccade	n/a	589.5	171.7	n/a	133.1	241.4	16.18	400.0
74.309	0.268	fixation	n/a	132.4	251.7	2831.0	n/a	n/a	n/a	n/a
74.579	0.032	saccade	n/a	130.8	258.4	n/a	225.8	245.4	3.33	184.0
74.613	0.23	fixation	n/a	228.7	248.1	2882.0	n/a	n/a	n/a	n/a
74.845	0.042	saccade	n/a	228.3	247.8	n/a	398.5	236.4	6.05	255.0
74.889	0.202	fixation	n/a	399.4	237.7	2898.0	n/a	n/a	n/a	n/a
75.093	0.04	saccade	n/a	400.5	238.7	n/a	562.2	225.2	5.82	269.0
75.135	0.38	fixation	n/a	573.9	228.8	2846.0	n/a	n/a	n/a	n/a
75.517	0.064	saccade	n/a	583.5	233.8	n/a	138.3	312.0	15.87	435.0
75.583	0.394	fixation	n/a	136.3	316.6	2712.0	n/a	n/a	n/a	n/a
75.979	0.042	saccade	n/a	138.7	317.2	n/a	296.7	304.6	5.54	215.0
76.023	0.208	fixation	n/a	305.5	304.8	2659.0	n/a	n/a	n/a	n/a
76.233	0.03	saccade	n/a	308.4	304.4	n/a	393.5	290.5	3.08	180.0
76.265	0.15	fixation	n/a	396.2	292.3	2621.0	n/a	n/a	n/a	n/a
76.417	0.032	saccade	n/a	399.5	294.3	n/a	508.0	290.7	3.9	206.0
76.451	0.306	fixation	n/a	523.1	289.6	2610.0	n/a	n/a	n/a	n/a
76.759	0.06	saccade	n/a	533.6	289.2	n/a	145.4	174.1	14.26	424.0
76.821	0.226	fixation	n/a	147.9	179.2	2618.0	n/a	n/a	n/a	n/a
76.83	0.0	trigger_11	11	n/a	n/a	n/a	n/a	n/a	n/a	n/a
76.89	0.0	trigger_10	10	n/a	n/a	n/a	n/a	n/a	n/a	n/a
77.049	0.02	saccade	n/a	145.7	183.4	n/a	113.7	188.4	1.12	94.0
77.071	0.23	fixation	n/a	117.7	190.8	2749.0	n/a	n/a	n/a	n/a
77.303	0.018	saccade	n/a	121.0	192.3	n/a	152.9	195.4	1.11	77.0
77.323	0.34	fixation	n/a	150.7	194.1	2915.0	n/a	n/a	n/a	n/a
77.665	0.024	saccade	n/a	150.7	191.0	n/a	206.8	188.6	1.95	115.0
77.691	0.18	fixation	n/a	209.8	187.4	3043.0	n/a	n/a	n/a	n/a
77.873	0.028	saccade	n/a	213.6	187.4	n/a	275.9	182.9	2.2	149.0
77.903	0.28	fixation	n/a	274.7	185.3	3052.0	n/a	n/a	n/a	n/a
78.185	0.024	saccade	n/a	277.9	184.8	n/a	330.2	179.3	1.87	121.0
78.211	0.284	fixation	n/a	329.4	183.7	2984.0	n/a	n/a	n/a	n/a
78.497	0.024	saccade	n/a	330.3	183.4	n/a	384.6	179.6	1.94	129.0
78.523	0.132	fixation	n/a	383.6	179.2	2978.0	n/a	n/a	n/a	n/a
78.657	0.018	saccade	n/a	388.2	180.1	n/a	421.0	173.7	1.2	86.0
78.677	0.308	fixation	n/a	418.6	175.0	2991.0	n/a	n/a	n/a	n/a
78.987	0.026	saccade	n/a	421.6	175.9	n/a	490.1	167.3	2.48	136.0
79.015	0.358	fixation	n/a	497.1	170.1	2921.0	n/a	n/a	n/a	n/a
79.375	0.026	saccade	n/a	502.8	174.3	n/a	572.2	171.7	2.49	159.0
79.403	0.306	fixation	n/a	574.8	170.8	2881.0	n/a	n/a	n/a	n/a
79.711	0.018	saccade	n/a	582.9	169.6	n/a	610.7	168.2	0.99	69.0
79.731	0.074	fixation	n/a	610.5	169.7	2847.0	n/a	n/a	n/a	n/a
79.807	0.064	saccade	n/a	610.4	171.9	n/a	127.3	237.1	17.08	426.0
79.873	0.29	fixation	n/a	132.4	247.3	2790.0	n/a	n/a	n/a	n/a
80.165	0.038	saccade	n/a	135.1	253.6	n/a	260.7	241.8	4.4	196.0
80.205	0.388	fixation	n/a	263.4	243.6	2794.0	n/a	n/a	n/a	n/a
80.595	0.024	saccade	n/a	264.4	245.9	n/a	325.3	243.8	2.16	127.0
80.621	0.15	fixation	n/a	328.5	243.0	2717.0	n/a	n/a	n/a	n/a
80.773	0.028	saccade	n/a	332.6	242.3	n/a	407.0	238.1	2.66	148.0
80.803	0.498	fixation	n/a	408.8	238.9	2663.0	n/a	n/a	n/a	n/a
81.126	0.0	trigger_11	11	n/a	n/a	n/a	n/a	n/a	n/a	n/a
81.182	0.0	trigger_12	12	n/a	n/a	n/a	n/a	n/a	n/a	n/a
81.303	0.048	saccade	n/a	405.2	238.0	n/a	143.9	186.0	9.39	374.0
81.353	0.206	fixation	n/a	146.1	185.3	2684.0	n/a	n/a	n/a	n/a
81.561	0.014	saccade	n/a	142.1	186.8	n/a	119.9	190.0	0.77	66.0
81.577	0.306	fixation	n/a	123.7	194.2	2713.0	n/a	n/a	n/a	n/a
81.885	0.034	saccade	n/a	124.3	193.8	n/a	235.7	184.6	3.88	206.0
81.921	0.418	fixation	n/a	242.1	188.6	2902.0	n/a	n/a	n/a	n/a
82.341	0.024	saccade	n/a	249.3	190.9	n/a	309.3	183.1	2.14	127.0
82.367	0.164	fixation	n/a	312.8	185.8	2964.0	n/a	n/a	n/a	n/a
82.533	0.024	saccade	n/a	317.5	187.1	n/a	373.6	183.2	2.01	133.0
82.559	0.384	fixation	n/a	373.8	186.4	3020.0	n/a	n/a	n/a	n/a
82.945	0.016	saccade	n/a	373.6	189.3	n/a	352.1	189.7	0.77	62.0
82.963	0.204	fixation	n/a	358.0	191.7	2977.0	n/a	n/a	n/a	n/a
83.169	0.032	saccade	n/a	358.3	191.1	n/a	452.9	176.8	3.42	158.0
83.203	0.236	fixation	n/a	456.2	179.4	2959.0	n/a	n/a	n/a	n/a
83.441	0.026	saccade	n/a	459.0	182.5	n/a	514.0	179.9	1.98	120.0
83.469	0.318	fixation	n/a	514.9	180.4	2928.0	n/a	n/a	n/a	n/a
83.789	0.056	saccade	n/a	521.6	181.4	n/a	150.8	199.3	13.07	407.0
83.847	0.156	fixation	n/a	154.3	202.3	2842.0	n/a	n/a	n/a	n/a
84.005	0.016	saccade	n/a	151.1	203.5	n/a	123.9	198.3	0.96	78.0
84.023	0.582	fixation	n/a	125.0	200.8	2864.0	n/a	n/a	n/a	n/a
84.038	0.0	trigger_13	13	n/a	n/a	n/a	n/a	n/a	n/a	n/a
84.098	0.0	trigger_10	10	n/a	n/a	n/a	n/a	n/a	n/a	n/a
84.607	0.038	saccade	n/a	117.3	203.3	n/a	245.6	195.6	4.48	196.0
84.647	0.186	fixation	n/a	247.0	194.3	2877.0	n/a	n/a	n/a	n/a
84.835	0.022	saccade	n/a	251.4	197.0	n/a	288.5	191.8	1.33	96.0
84.859	0.21	fixation	n/a	284.9	193.7	2890.0	n/a	n/a	n/a	n/a
85.071	0.026	saccade	n/a	287.9	197.2	n/a	350.8	190.6	2.26	138.0
85.099	0.084	fixation	n/a	349.9	192.2	2837.0	n/a	n/a	n/a	n/a
85.185	0.03	saccade	n/a	350.4	190.7	n/a	421.8	182.0	2.57	163.0
85.217	0.248	fixation	n/a	423.4	180.4	2828.0	n/a	n/a	n/a	n/a
85.467	0.018	saccade	n/a	424.4	179.4	n/a	398.0	179.5	0.95	75.0
85.487	0.168	fixation	n/a	403.8	181.4	2775.0	n/a	n/a	n/a	n/a
85.657	0.026	saccade	n/a	403.5	180.5	n/a	470.6	170.9	2.43	129.0
85.685	0.296	fixation	n/a	477.3	173.3	2756.0	n/a	n/a	n/a	n/a
85.983	0.072	saccade	n/a	477.8	174.3	n/a	157.1	189.7	11.31	254.0
86.057	0.168	fixation	n/a	159.9	194.5	2748.0	n/a	n/a	n/a	n/a
86.227	0.034	saccade	n/a	160.5	196.6	n/a	274.5	184.6	4.02	225.0
86.263	0.202	fixation	n/a	278.2	184.1	2791.0	n/a	n/a	n/a	n/a
86.467	0.024	saccade	n/a	282.0	184.6	n/a	329.1	185.9	1.68	123.0
86.493	0.248	fixation	n/a	329.0	188.9	2806.0	n/a	n/a	n/a	n/a
86.743	0.032	saccade	n/a	330.7	189.4	n/a	447.5	174.9	4.21	199.0
86.777	0.252	fixation	n/a	454.0	176.5	2822.0	n/a	n/a	n/a	n/a
87.031	0.028	saccade	n/a	456.0	178.2	n/a	547.0	171.1	3.28	168.0
87.061	0.38	fixation	n/a	548.6	169.7	2840.0	n/a	n/a	n/a	n/a
87.443	0.06	saccade	n/a	547.4	171.0	n/a	155.0	227.8	13.97	382.0
87.505	0.126	fixation	n/a	156.3	232.4	2839.0	n/a	n/a	n/a	n/a
87.633	0.02	saccade	n/a	153.9	234.8	n/a	120.2	247.1	1.24	91.0
87.655	0.244	fixation	n/a	124.5	248.5	2779.0	n/a	n/a	n/a	n/a
87.901	0.03	saccade	n/a	126.6	248.7	n/a	216.3	243.5	3.12	186.0
87.933	0.396	fixation	n/a	221.0	245.6	2727.0	n/a	n/a	n/a	n/a
88.331	0.03	saccade	n/a	223.7	248.6	n/a	317.5	238.4	3.33	182.0
88.363	0.196	fixation	n/a	322.6	241.2	2639.0	n/a	n/a	n/a	n/a
88.561	0.018	saccade	n/a	325.8	243.3	n/a	351.9	242.8	0.93	68.0
88.581	0.238	fixation	n/a	351.5	241.0	2593.0	n/a	n/a	n/a	n/a
88.821	0.03	saccade	n/a	353.0	241.1	n/a	436.9	228.4	3.04	152.0
88.853	0.22	fixation	n/a	438.3	229.5	2518.0	n/a	n/a	n/a	n/a
89.075	0.026	saccade	n/a	440.4	229.9	n/a	513.5	233.0	2.63	141.0
89.103	0.188	fixation	n/a	516.3	230.9	2502.0	n/a	n/a	n/a	n/a
89.293	0.036	saccade	n/a	519.1	227.9	n/a	641.5	230.0	4.36	193.0
89.331	0.24	fixation	n/a	644.9	229.3	2495.0	n/a	n/a	n/a	n/a
89.573	0.072	saccade	n/a	644.9	230.7	n/a	95.4	294.5	19.22	435.0
89.647	0.25	fixation	n/a	98.8	299.5	2410.0	n/a	n/a	n/a	n/a
89.899	0.03	saccade	n/a	99.6	301.8	n/a	193.1	295.7	3.22	177.0
89.931	0.194	fixation	n/a	201.9	301.0	2444.0	n/a	n/a	n/a	n/a
90.127	0.03	saccade	n/a	207.7	301.9	n/a	297.4	293.9	3.16	194.0
90.159	0.174	fixation	n/a	304.8	296.2	2505.0	n/a	n/a	n/a	n/a
90.335	0.044	saccade	n/a	307.2	295.7	n/a	101.7	188.2	8.1	342.0
90.381	0.714	fixation	n/a	107.8	193.4	2601.0	n/a	n/a	n/a	n/a
90.664	0.0	trigger_11	11	n/a	n/a	n/a	n/a	n/a	n/a	n/a
90.726	0.0	trigger_10	10	n/a	n/a	n/a	n/a	n/a	n/a	n/a
91.097	0.02	saccade	n/a	107.5	195.7	n/a	146.7	191.6	1.35	86.0
91.119	0.31	fixation	n/a	150.3	193.7	2856.0	n/a	n/a	n/a	n/a
91.431	0.026	saccade	n/a	152.5	197.5	n/a	217.0	191.8	2.26	137.0
91.459	0.17	fixation	n/a	214.9	190.7	2957.0	n/a	n/a	n/a	n/a
91.631	0.026	saccade	n/a	220.2	189.2	n/a	280.3	180.0	2.15	131.0
91.659	0.308	fixation	n/a	279.6	181.7	3027.0	n/a	n/a	n/a	n/a
91.969	0.028	saccade	n/a	284.7	185.7	n/a	359.1	183.3	2.65	158.0
91.999	0.158	fixation	n/a	357.2	179.9	3033.0	n/a	n/a	n/a	n/a
92.159	0.03	saccade	n/a	358.7	179.4	n/a	440.4	173.2	2.93	163.0
92.191	0.23	fixation	n/a	440.0	174.2	3060.0	n/a	n/a	n/a	n/a
92.423	0.024	saccade	n/a	444.0	174.9	n/a	495.1	174.8	1.83	123.0
92.449	0.128	fixation	n/a	492.2	176.2	3014.0	n/a	n/a	n/a	n/a
92.579	0.02	saccade	n/a	496.8	176.4	n/a	532.9	173.4	1.3	85.0
92.601	0.11	fixation	n/a	532.0	173.0	3011.0	n/a	n/a	n/a	n/a
92.713	0.06	saccade	n/a	533.1	172.7	n/a	102.8	240.5	15.22	425.0
92.775	0.172	fixation	n/a	105.7	245.7	3030.0	n/a	n/a	n/a	n/a
92.949	0.032	saccade	n/a	104.8	243.4	n/a	111.2	160.7	2.94	184.0
92.983	0.446	fixation	n/a	110.2	171.7	3113.0	n/a	n/a	n/a	n/a
93.008	0.0	trigger_11	11	n/a	n/a	n/a	n/a	n/a	n/a	n/a
93.07	0.0	trigger_10	10	n/a	n/a	n/a	n/a	n/a	n/a	n/a
93.431	0.248	saccade	n/a	108.0	179.2	n/a	120.3	199.8	0.84	857.0
93.479	0.116	blink	n/a	n/a	n/a	n/a	n/a	n/a	n/a	n/a
93.681	0.372	fixation	n/a	119.8	198.7	3070.0	n/a	n/a	n/a	n/a
94.055	0.024	saccade	n/a	118.8	204.0	n/a	177.5	200.5	2.03	130.0
94.081	0.218	fixation	n/a	180.2	200.3	3012.0	n/a	n/a	n/a	n/a
94.301	0.032	saccade	n/a	184.6	201.9	n/a	284.2	185.8	3.55	192.0
94.335	0.24	fixation	n/a	288.9	189.9	2898.0	n/a	n/a	n/a	n/a
94.577	0.022	saccade	n/a	292.5	189.5	n/a	335.1	188.3	1.51	99.0
94.601	0.146	fixation	n/a	333.2	188.2	2821.0	n/a	n/a	n/a	n/a
94.749	0.032	saccade	n/a	332.7	188.0	n/a	429.2	181.2	3.46	190.0
94.783	0.276	fixation	n/a	433.6	182.8	2781.0	n/a	n/a	n/a	n/a
95.061	0.03	saccade	n/a	436.3	180.5	n/a	536.4	171.8	3.6	170.0
95.093	0.156	fixation	n/a	544.6	171.7	2740.0	n/a	n/a	n/a	n/a
95.251	0.02	saccade	n/a	548.5	173.6	n/a	579.8	171.7	1.12	78.0
95.273	0.35	fixation	n/a	591.1	177.6	2697.0	n/a	n/a	n/a	n/a
95.625	0.064	saccade	n/a	605.7	182.0	n/a	151.1	238.8	16.08	436.0
95.691	0.336	fixation	n/a	145.0	250.3	2614.0	n/a	n/a	n/a	n/a
96.029	0.02	saccade	n/a	138.7	255.2	n/a	103.3	257.6	1.22	89.0
96.051	0.19	fixation	n/a	107.3	259.0	2610.0	n/a	n/a	n/a	n/a
96.243	0.034	saccade	n/a	108.6	258.8	n/a	222.7	249.7	3.96	220.0
96.279	0.18	fixation	n/a	230.3	248.7	2617.0	n/a	n/a	n/a	n/a
96.461	0.028	saccade	n/a	238.1	249.4	n/a	310.4	240.8	2.57	150.0
96.491	0.21	fixation	n/a	312.4	244.5	2640.0	n/a	n/a	n/a	n/a
96.703	0.034	saccade	n/a	316.1	244.8	n/a	413.4	235.6	3.49	168.0
96.739	0.206	fixation	n/a	415.6	236.7	2607.0	n/a	n/a	n/a	n/a
96.947	0.03	saccade	n/a	417.6	236.4	n/a	511.3	234.9	3.35	182.0
96.979	0.116	fixation	n/a	514.5	236.2	2583.0	n/a	n/a	n/a	n/a
97.097	0.02	saccade	n/a	517.6	235.9	n/a	554.2	235.3	1.31	92.0
97.119	0.486	fixation	n/a	554.5	240.0	2514.0	n/a	n/a	n/a	n/a
97.607	0.066	saccade	n/a	553.2	246.5	n/a	116.1	302.8	15.39	384.0
97.675	0.316	fixation	n/a	120.9	311.6	2495.0	n/a	n/a	n/a	n/a
97.993	0.03	saccade	n/a	119.7	312.9	n/a	207.5	311.7	3.03	160.0
98.025	0.336	fixation	n/a	213.3	313.1	2685.0	n/a	n/a	n/a	n/a
98.363	0.034	saccade	n/a	215.7	316.0	n/a	334.9	306.1	4.22	223.0
98.399	0.37	fixation	n/a	339.5	309.4	2642.0	n/a	n/a	n/a	n/a
98.771	0.028	saccade	n/a	346.7	305.2	n/a	421.8	294.2	2.71	146.0
98.801	0.248	fixation	n/a	424.9	295.3	2550.0	n/a	n/a	n/a	n/a
99.051	0.038	saccade	n/a	428.2	300.3	n/a	307.3	261.6	4.54	248.0
99.091	0.22	fixation	n/a	309.0	260.4	2577.0	n/a	n/a	n/a	n/a
99.313	0.016	saccade	n/a	306.6	258.1	n/a	284.6	252.0	0.81	63.0
99.331	0.246	fixation	n/a	287.2	251.8	2643.0	n/a	n/a	n/a	n/a
99.376	0.0	trigger_11	11	n/a	n/a	n/a	n/a	n/a	n/a	n/a
99.436	0.0	trigger_10	10	n/a	n/a	n/a	n/a	n/a	n/a	n/a
99.579	0.04	saccade	n/a	287.0	251.8	n/a	126.1	193.1	5.99	284.0
99.621	0.174	fixation	n/a	132.0	197.4	2678.0	n/a	n/a	n/a	n/a
99.797	0.016	saccade	n/a	129.8	199.2	n/a	109.8	199.3	0.69	56.0
99.815	0.176	fixation	n/a	114.0	200.6	2663.0	n/a	n/a	n/a	n/a
99.993	0.024	saccade	n/a	116.9	202.0	n/a	167.9	198.7	1.76	116.0
100.019	0.222	fixation	n/a	169.0	198.9	2729.0	n/a	n/a	n/a	n/a
100.243	0.026	saccade	n/a	173.5	200.6	n/a	238.3	192.1	2.29	129.0
100.271	0.234	fixation	n/a	241.1	191.5	2819.0	n/a	n/a	n/a	n/a
100.507	0.036	saccade	n/a	241.5	192.1	n/a	112.1	190.4	4.49	263.0
100.545	0.208	fixation	n/a	119.6	195.2	2812.0	n/a	n/a	n/a	n/a
100.755	0.026	saccade	n/a	125.0	198.8	n/a	203.7	195.1	2.73	140.0
100.783	0.178	fixation	n/a	213.7	193.4	2883.0	n/a	n/a	n/a	n/a
100.963	0.026	saccade	n/a	215.6	193.3	n/a	281.3	187.1	2.32	152.0
100.991	0.18	fixation	n/a	283.4	190.0	2970.0	n/a	n/a	n/a	n/a
101.173	0.034	saccade	n/a	283.3	194.4	n/a	165.7	193.0	4.12	232.0
101.209	0.384	fixation	n/a	169.1	195.9	2962.0	n/a	n/a	n/a	n/a
101.595	0.194	saccade	n/a	169.0	196.3	n/a	227.2	169.0	2.26	1358.0
101.631	0.082	blink	n/a	n/a	n/a	n/a	n/a	n/a	n/a	n/a
101.791	0.242	fixation	n/a	233.5	180.2	2867.0	n/a	n/a	n/a	n/a
102.035	0.024	saccade	n/a	237.0	174.6	n/a	289.6	177.7	1.86	100.0
102.061	0.198	fixation	n/a	292.2	183.2	2967.0	n/a	n/a	n/a	n/a
102.261	0.026	saccade	n/a	294.9	185.2	n/a	358.7	179.7	2.28	136.0
102.289	0.212	fixation	n/a	359.9	185.1	2868.0	n/a	n/a	n/a	n/a
102.503	0.03	saccade	n/a	362.5	187.8	n/a	432.1	171.4	2.56	153.0
102.535	0.204	fixation	n/a	432.2	171.3	2825.0	n/a	n/a	n/a	n/a
102.741	0.032	saccade	n/a	436.1	173.9	n/a	532.2	166.8	3.45	166.0
102.775	0.26	fixation	n/a	533.5	168.0	2793.0	n/a	n/a	n/a	n/a
103.037	0.022	saccade	n/a	537.9	171.8	n/a	583.5	169.2	1.63	106.0
103.061	0.146	fixation	n/a	582.6	171.9	2786.0	n/a	n/a	n/a	n/a
103.209	0.062	saccade	n/a	583.2	171.2	n/a	158.7	243.3	15.12	432.0
103.273	0.18	fixation	n/a	161.1	249.4	2820.0	n/a	n/a	n/a	n/a
103.455	0.03	saccade	n/a	162.1	251.8	n/a	240.5	241.1	2.76	174.0
103.487	0.234	fixation	n/a	242.5	243.5	2902.0	n/a	n/a	n/a	n/a
103.723	0.034	saccade	n/a	245.3	247.0	n/a	363.0	238.9	4.18	226.0
103.759	0.218	fixation	n/a	364.1	240.8	2831.0	n/a	n/a	n/a	n/a
103.979	0.026	saccade	n/a	366.0	242.3	n/a	419.3	235.9	1.91	138.0
104.007	0.292	fixation	n/a	419.2	238.2	2765.0	n/a	n/a	n/a	n/a
104.12	0.0	trigger_11	11	n/a	n/a	n/a	n/a	n/a	n/a	n/a
104.178	0.0	trigger_12	12	n/a	n/a	n/a	n/a	n/a	n/a	n/a
104.301	0.05	saccade	n/a	419.8	241.6	n/a	132.8	184.9	10.27	380.0
104.353	0.362	fixation	n/a	134.5	188.0	2823.0	n/a	n/a	n/a	n/a
104.717	0.024	saccade	n/a	135.9	191.7	n/a	189.4	189.8	1.85	124.0
104.743	0.218	fixation	n/a	188.0	189.9	2944.0	n/a	n/a	n/a	n/a
104.963	0.026	saccade	n/a	190.4	190.7	n/a	258.4	186.3	2.39	140.0
104.991	0.19	fixation	n/a	264.5	185.8	2993.0	n/a	n/a	n/a	n/a
105.183	0.026	saccade	n/a	266.6	185.3	n/a	327.6	183.1	2.16	132.0
105.211	0.18	fixation	n/a	325.9	186.6	3001.0	n/a	n/a	n/a	n/a
105.393	0.02	saccade	n/a	326.7	185.6	n/a	367.9	184.8	1.47	102.0
105.415	0.34	fixation	n/a	363.5	186.2	2967.0	n/a	n/a	n/a	n/a
105.757	0.028	saccade	n/a	358.9	189.0	n/a	305.7	188.1	1.89	133.0
105.787	0.202	fixation	n/a	310.8	188.8	2925.0	n/a	n/a	n/a	n/a
105.991	0.024	saccade	n/a	312.5	191.9	n/a	364.9	185.6	1.88	116.0
106.017	0.54	fixation	n/a	355.1	185.7	2873.0	n/a	n/a	n/a	n/a
106.559	0.022	saccade	n/a	352.2	186.2	n/a	394.6	180.0	1.53	98.0
106.583	0.17	fixation	n/a	394.1	183.1	2840.0	n/a	n/a	n/a	n/a
106.755	0.022	saccade	n/a	396.7	183.4	n/a	440.0	176.9	1.56	102.0
106.779	0.208	fixation	n/a	439.7	179.9	2827.0	n/a	n/a	n/a	n/a
106.989	0.024	saccade	n/a	442.7	181.0	n/a	493.5	176.4	1.83	118.0
107.015	0.182	fixation	n/a	492.1	176.0	2803.0	n/a	n/a	n/a	n/a
107.199	0.028	saccade	n/a	494.9	176.7	n/a	566.7	171.1	2.57	163.0
107.229	0.162	fixation	n/a	566.4	174.4	2781.0	n/a	n/a	n/a	n/a
107.393	0.016	saccade	n/a	570.4	177.4	n/a	593.8	176.7	0.83	64.0
107.411	0.1	fixation	n/a	590.0	176.4	2745.0	n/a	n/a	n/a	n/a
107.513	0.064	saccade	n/a	590.9	176.6	n/a	138.0	239.5	16.0	427.0
107.579	0.26	fixation	n/a	140.2	246.6	2734.0	n/a	n/a	n/a	n/a
107.841	0.026	saccade	n/a	141.0	249.1	n/a	212.7	250.1	2.49	151.0
107.869	0.202	fixation	n/a	219.5	250.4	2768.0	n/a	n/a	n/a	n/a
108.073	0.026	saccade	n/a	223.6	252.8	n/a	295.1	247.0	2.53	149.0
108.101	0.206	fixation	n/a	302.4	247.6	2759.0	n/a	n/a	n/a	n/a
108.309	0.024	saccade	n/a	306.1	246.9	n/a	356.1	241.0	1.79	101.0
108.335	0.224	fixation	n/a	356.1	242.1	2760.0	n/a	n/a	n/a	n/a
108.376	0.0	trigger_13	13	n/a	n/a	n/a	n/a	n/a	n/a	n/a
108.44	0.0	trigger_10	10	n/a	n/a	n/a	n/a	n/a	n/a	n/a
108.561	0.048	saccade	n/a	356.1	243.9	n/a	120.0	196.4	8.43	336.0
108.611	0.286	fixation	n/a	124.0	198.3	2748.0	n/a	n/a	n/a	n/a
108.899	0.032	saccade	n/a	127.3	200.7	n/a	222.3	186.7	3.33	177.0
108.933	0.206	fixation	n/a	225.4	191.3	2705.0	n/a	n/a	n/a	n/a
109.141	0.018	saccade	n/a	231.2	190.7	n/a	258.2	188.7	0.95	68.0
109.161	0.158	fixation	n/a	257.0	189.9	2727.0	n/a	n/a	n/a	n/a
109.321	0.026	saccade	n/a	259.5	188.7	n/a	339.3	183.8	2.83	151.0
109.349	0.216	fixation	n/a	343.9	185.4	2747.0	n/a	n/a	n/a	n/a
109.567	0.032	saccade	n/a	346.6	185.2	n/a	443.4	179.6	3.46	196.0
109.601	0.398	fixation	n/a	445.7	180.5	2690.0	n/a	n/a	n/a	n/a
110.001	0.024	saccade	n/a	448.6	183.9	n/a	501.6	178.3	1.91	115.0
110.027	0.132	fixation	n/a	504.2	178.8	2615.0	n/a	n/a	n/a	n/a
110.161	0.024	saccade	n/a	508.5	175.2	n/a	561.3	169.6	1.9	112.0
110.187	0.174	fixation	n/a	564.5	171.1	2549.0	n/a	n/a	n/a	n/a
110.363	0.062	saccade	n/a	564.4	169.9	n/a	138.7	226.8	15.05	386.0
110.427	0.368	fixation	n/a	144.3	253.1	2441.0	n/a	n/a	n/a	n/a
110.797	0.036	saccade	n/a	145.1	255.5	n/a	268.2	243.8	4.31	190.0
110.835	0.304	fixation	n/a	272.4	245.0	2511.0	n/a	n/a	n/a	n/a
111.141	0.03	saccade	n/a	274.7	250.1	n/a	374.6	240.8	3.56	179.0
111.173	0.308	fixation	n/a	381.7	238.0	2482.0	n/a	n/a	n/a	n/a
111.483	0.03	saccade	n/a	385.9	240.3	n/a	469.0	232.5	2.99	160.0
111.515	0.26	fixation	n/a	473.0	232.4	2461.0	n/a	n/a	n/a	n/a
111.777	0.03	saccade	n/a	476.8	232.4	n/a	579.3	221.5	3.68	197.0
111.809	0.24	fixation	n/a	583.9	223.3	2452.0	n/a	n/a	n/a	n/a
112.051	0.014	saccade	n/a	588.4	225.2	n/a	606.6	224.2	0.65	54.0
112.067	0.286	fixation	n/a	606.0	226.1	2444.0	n/a	n/a	n/a	n/a
112.355	0.064	saccade	n/a	604.5	224.9	n/a	154.0	306.3	16.05	403.0
112.421	0.334	fixation	n/a	153.2	314.2	2575.0	n/a	n/a	n/a	n/a
112.757	0.038	saccade	n/a	154.3	318.2	n/a	306.6	303.9	5.35	226.0
112.797	0.234	fixation	n/a	315.6	308.0	2579.0	n/a	n/a	n/a	n/a
113.033	0.198	saccade	n/a	322.3	311.4	n/a	336.9	285.9	1.06	1423.0
113.067	0.108	blink	n/a	n/a	n/a	n/a	n/a	n/a	n/a	n/a
113.233	0.16	fixation	n/a	342.8	295.1	2461.0	n/a	n/a	n/a	n/a
113.395	0.026	saccade	n/a	349.5	295.3	n/a	409.7	288.7	2.16	135.0
113.423	0.166	fixation	n/a	410.5	291.8	2555.0	n/a	n/a	n/a	n/a
113.591	0.03	saccade	n/a	409.6	298.6	n/a	495.1	294.6	3.06	186.0
113.623	0.362	fixation	n/a	494.9	296.8	2524.0	n/a	n/a	n/a	n/a
113.987	0.032	saccade	n/a	500.1	301.0	n/a	585.2	291.5	3.05	149.0
114.021	0.23	fixation	n/a	589.4	290.8	2527.0	n/a	n/a	n/a	n/a
114.253	0.062	saccade	n/a	592.3	289.8	n/a	152.5	376.1	15.68	429.0
114.317	0.164	fixation	n/a	149.2	378.0	2589.0	n/a	n/a	n/a	n/a
114.483	0.022	saccade	n/a	144.6	379.3	n/a	101.2	374.2	1.49	109.0
114.507	0.308	fixation	n/a	111.8	378.9	2591.0	n/a	n/a	n/a	n/a
114.817	0.034	saccade	n/a	112.1	379.8	n/a	218.5	366.6	3.69	192.0
114.853	0.282	fixation	n/a	226.6	367.2	2580.0	n/a	n/a	n/a	n/a
115.137	0.036	saccade	n/a	235.4	368.4	n/a	362.5	357.1	4.49	229.0
115.175	0.188	fixation	n/a	368.0	360.4	2548.0	n/a	n/a	n/a	n/a
115.365	0.028	saccade	n/a	370.6	360.5	n/a	440.3	349.6	2.52	162.0
115.395	0.222	fixation	n/a	441.2	354.1	2614.0	n/a	n/a	n/a	n/a
115.619	0.028	saccade	n/a	444.8	356.6	n/a	516.8	358.2	2.59	155.0
115.649	0.306	fixation	n/a	517.8	359.1	2760.0	n/a	n/a	n/a	n/a
115.957	0.03	saccade	n/a	519.0	361.8	n/a	597.5	355.0	2.83	110.0
115.989	0.138	fixation	n/a	602.6	358.0	2880.0	n/a	n/a	n/a	n/a
116.129	0.016	saccade	n/a	606.2	357.9	n/a	633.0	357.3	0.96	72.0
116.147	0.376	fixation	n/a	635.6	357.0	2996.0	n/a	n/a	n/a	n/a
116.525	0.066	saccade	n/a	644.1	357.0	n/a	158.5	423.8	17.24	437.0
116.593	0.268	fixation	n/a	159.2	428.6	3050.0	n/a	n/a	n/a	n/a
116.863	0.03	saccade	n/a	161.2	431.1	n/a	262.3	421.3	3.56	198.0
116.895	0.184	fixation	n/a	263.9	421.8	3048.0	n/a	n/a	n/a	n/a
117.081	0.044	saccade	n/a	268.3	424.6	n/a	436.4	406.1	6.02	252.0
117.127	0.248	fixation	n/a	439.3	403.6	3054.0	n/a	n/a	n/a	n/a
117.377	0.03	saccade	n/a	440.3	404.0	n/a	508.8	403.4	2.46	172.0
117.409	0.14	fixation	n/a	509.4	407.4	3100.0	n/a	n/a	n/a	n/a
117.551	0.026	saccade	n/a	513.3	409.3	n/a	570.4	410.7	2.04	131.0
117.562	0.0	trigger_11	11	n/a	n/a	n/a	n/a	n/a	n/a	n/a
117.579	0.182	fixation	n/a	568.8	414.1	3134.0	n/a	n/a	n/a	n/a
117.622	0.0	trigger_10	10	n/a	n/a	n/a	n/a	n/a	n/a	n/a
117.763	0.06	saccade	n/a	569.2	414.8	n/a	201.3	187.5	15.4	466.0
117.825	0.138	fixation	n/a	206.4	187.0	3189.0	n/a	n/a	n/a	n/a
117.965	0.032	saccade	n/a	208.6	187.7	n/a	137.0	180.1	2.52	196.0
117.999	0.252	fixation	n/a	138.8	184.9	3108.0	n/a	n/a	n/a	n/a
118.253	0.03	saccade	n/a	140.3	188.4	n/a	223.6	184.1	2.92	174.0
118.285	0.232	fixation	n/a	223.9	185.9	3205.0	n/a	n/a	n/a	n/a
118.519	0.03	saccade	n/a	224.7	184.8	n/a	304.6	178.5	2.85	166.0
118.551	0.288	fixation	n/a	307.2	179.8	3337.0	n/a	n/a	n/a	n/a
118.841	0.03	saccade	n/a	309.4	180.7	n/a	387.4	177.9	2.8	168.0
118.873	0.226	fixation	n/a	387.0	179.9	3357.0	n/a	n/a	n/a	n/a
119.101	0.032	saccade	n/a	388.9	180.1	n/a	478.2	178.1	3.21	186.0
119.135	0.194	fixation	n/a	476.4	179.9	3331.0	n/a	n/a	n/a	n/a
119.331	0.034	saccade	n/a	479.4	180.8	n/a	575.1	172.2	3.46	170.0
119.367	0.22	fixation	n/a	572.9	175.0	3282.0	n/a	n/a	n/a	n/a
119.589	0.042	saccade	n/a	573.8	177.7	n/a	390.6	179.7	6.59	330.0
119.633	0.438	fixation	n/a	389.0	183.3	3251.0	n/a	n/a	n/a	n/a
120.073	0.016	saccade	n/a	388.3	185.5	n/a	410.1	181.0	0.8	62.0
120.091	0.106	fixation	n/a	407.3	183.6	3278.0	n/a	n/a	n/a	n/a
120.199	0.16	saccade	n/a	407.6	187.9	n/a	527.0	147.5	4.54	2133.0
120.233	0.082	blink	n/a	n/a	n/a	n/a	n/a	n/a	n/a	n/a
120.361	0.148	fixation	n/a	537.2	162.6	3026.0	n/a	n/a	n/a	n/a
120.511	0.022	saccade	n/a	543.4	163.8	n/a	589.0	165.9	1.64	106.0
120.535	0.278	fixation	n/a	589.0	171.2	3220.0	n/a	n/a	n/a	n/a
120.815	0.068	saccade	n/a	587.4	176.9	n/a	128.8	229.7	16.2	404.0
120.885	0.166	fixation	n/a	132.0	236.6	3278.0	n/a	n/a	n/a	n/a
121.053	0.016	saccade	n/a	127.7	238.8	n/a	105.3	246.2	0.81	65.0
121.071	0.36	fixation	n/a	112.7	252.4	3299.0	n/a	n/a	n/a	n/a
121.433	0.032	saccade	n/a	113.6	252.0	n/a	205.2	253.6	3.18	181.0
121.467	0.208	fixation	n/a	204.8	254.6	3347.0	n/a	n/a	n/a	n/a
121.677	0.04	saccade	n/a	206.0	255.0	n/a	339.0	241.2	4.74	228.0
121.719	0.282	fixation	n/a	341.0	242.9	3258.0	n/a	n/a	n/a	n/a
122.003	0.032	saccade	n/a	344.9	244.6	n/a	440.7	243.9	3.44	192.0
122.037	0.14	fixation	n/a	441.5	246.0	3119.0	n/a	n/a	n/a	n/a
122.179	0.02	saccade	n/a	446.5	246.8	n/a	485.1	242.4	1.4	98.0
122.201	0.354	fixation	n/a	481.5	245.8	2967.0	n/a	n/a	n/a	n/a
122.346	0.0	trigger_11	11	n/a	n/a	n/a	n/a	n/a	n/a	n/a
122.404	0.0	trigger_12	12	n/a	n/a	n/a	n/a	n/a	n/a	n/a
122.557	0.054	saccade	n/a	480.1	248.2	n/a	143.8	214.4	11.93	392.0
122.613	0.302	fixation	n/a	143.1	215.8	2854.0	n/a	n/a	n/a	n/a
122.917	0.026	saccade	n/a	143.3	216.1	n/a	197.8	198.8	2.0	122.0
122.945	0.146	fixation	n/a	197.1	199.1	2845.0	n/a	n/a	n/a	n/a
123.093	0.026	saccade	n/a	197.5	197.5	n/a	259.3	191.5	2.19	143.0
123.121	0.202	fixation	n/a	260.1	193.5	2854.0	n/a	n/a	n/a	n/a
123.325	0.024	saccade	n/a	265.4	194.6	n/a	314.8	191.1	1.76	98.0
123.351	0.128	fixation	n/a	322.4	189.2	2886.0	n/a	n/a	n/a	n/a
123.481	0.02	saccade	n/a	324.3	187.1	n/a	363.6	184.6	1.41	99.0
123.503	0.212	fixation	n/a	361.9	186.1	2913.0	n/a	n/a	n/a	n/a
123.717	0.034	saccade	n/a	363.6	190.3	n/a	476.9	179.2	4.09	196.0
123.753	0.208	fixation	n/a	477.8	180.1	2910.0	n/a	n/a	n/a	n/a
123.963	0.022	saccade	n/a	481.4	183.1	n/a	527.2	183.2	1.65	109.0
123.987	0.106	fixation	n/a	523.9	181.2	2911.0	n/a	n/a	n/a	n/a
124.095	0.028	saccade	n/a	528.8	181.6	n/a	602.0	180.9	2.62	145.0
124.125	0.206	fixation	n/a	600.7	182.5	2923.0	n/a	n/a	n/a	n/a
124.333	0.068	saccade	n/a	600.8	179.9	n/a	125.0	253.9	16.91	421.0
124.403	0.302	fixation	n/a	130.7	263.6	2884.0	n/a	n/a	n/a	n/a
124.707	0.03	saccade	n/a	130.2	267.8	n/a	212.9	253.9	2.92	176.0
124.739	0.21	fixation	n/a	216.3	255.0	2893.0	n/a	n/a	n/a	n/a
124.951	0.026	saccade	n/a	219.4	253.9	n/a	287.2	248.6	2.4	135.0
124.979	0.174	fixation	n/a	290.0	248.1	2888.0	n/a	n/a	n/a	n/a
125.155	0.022	saccade	n/a	290.6	248.2	n/a	332.2	247.2	1.48	99.0
125.179	0.19	fixation	n/a	330.3	249.2	2843.0	n/a	n/a	n/a	n/a
125.371	0.026	saccade	n/a	332.6	251.6	n/a	395.3	243.1	2.26	139.0
125.399	0.236	fixation	n/a	398.0	246.7	2773.0	n/a	n/a	n/a	n/a
125.637	0.024	saccade	n/a	402.4	245.0	n/a	461.7	238.0	2.14	123.0
125.663	0.226	fixation	n/a	465.4	239.2	2735.0	n/a	n/a	n/a	n/a
125.891	0.026	saccade	n/a	468.0	239.6	n/a	533.2	233.6	2.35	120.0
125.919	0.18	fixation	n/a	541.5	233.0	2723.0	n/a	n/a	n/a	n/a
126.101	0.054	saccade	n/a	541.3	232.4	n/a	198.2	172.4	12.32	418.0
126.157	0.244	fixation	n/a	201.4	176.0	2704.0	n/a	n/a	n/a	n/a
126.21	0.0	trigger_13	13	n/a	n/a	n/a	n/a	n/a	n/a	n/a
126.274	0.0	trigger_10	10	n/a	n/a	n/a	n/a	n/a	n/a	n/a
126.403	0.032	saccade	n/a	200.7	175.9	n/a	115.4	184.8	2.97	206.0
126.437	0.292	fixation	n/a	117.2	188.6	2741.0	n/a	n/a	n/a	n/a
126.731	0.03	saccade	n/a	116.1	188.8	n/a	192.7	184.9	2.65	165.0
126.763	0.2	fixation	n/a	197.4	190.1	2779.0	n/a	n/a	n/a	n/a
126.965	0.028	saccade	n/a	202.1	191.3	n/a	267.6	186.1	2.31	140.0
126.995	0.148	fixation	n/a	265.9	186.9	2822.0	n/a	n/a	n/a	n/a
127.145	0.032	saccade	n/a	268.8	185.9	n/a	360.6	178.0	3.27	187.0
127.179	0.214	fixation	n/a	362.9	181.8	2867.0	n/a	n/a	n/a	n/a
127.395	0.042	saccade	n/a	367.9	185.1	n/a	520.1	177.9	5.46	222.0
127.439	0.138	fixation	n/a	522.5	179.1	2861.0	n/a	n/a	n/a	n/a
127.579	0.018	saccade	n/a	526.8	181.3	n/a	559.6	178.1	1.18	90.0
127.599	0.12	fixation	n/a	555.3	178.6	2862.0	n/a	n/a	n/a	n/a
127.721	0.054	saccade	n/a	556.0	177.5	n/a	237.1	241.6	11.54	395.0
127.777	0.22	fixation	n/a	242.9	245.9	2850.0	n/a	n/a	n/a	n/a
127.999	0.044	saccade	n/a	245.4	246.4	n/a	424.5	239.1	6.39	266.0
128.045	0.18	fixation	n/a	431.6	240.4	2871.0	n/a	n/a	n/a	n/a
128.227	0.022	saccade	n/a	431.9	238.7	n/a	394.9	241.0	1.33	100.0
128.251	0.282	fixation	n/a	398.6	243.2	2860.0	n/a	n/a	n/a	n/a
128.535	0.022	saccade	n/a	400.2	245.3	n/a	450.9	240.0	1.83	117.0
128.559	0.144	fixation	n/a	450.0	237.5	2807.0	n/a	n/a	n/a	n/a
128.705	0.024	saccade	n/a	454.0	236.7	n/a	507.9	232.5	1.94	130.0
128.731	0.14	fixation	n/a	505.7	234.2	2796.0	n/a	n/a	n/a	n/a
128.873	0.026	saccade	n/a	508.2	231.7	n/a	558.4	230.0	1.8	117.0
128.901	0.11	fixation	n/a	557.7	232.0	2772.0	n/a	n/a	n/a	n/a
129.013	0.064	saccade	n/a	557.4	229.8	n/a	117.6	313.9	15.7	408.0
129.079	0.286	fixation	n/a	119.0	318.1	2726.0	n/a	n/a	n/a	n/a
129.367	0.03	saccade	n/a	118.3	318.9	n/a	201.2	304.9	2.91	159.0
129.399	0.218	fixation	n/a	205.9	304.9	2666.0	n/a	n/a	n/a	n/a
129.619	0.022	saccade	n/a	211.4	307.1	n/a	258.1	302.0	1.65	107.0
129.643	0.248	fixation	n/a	256.9	300.4	2626.0	n/a	n/a	n/a	n/a
129.893	0.03	saccade	n/a	259.6	301.9	n/a	338.9	301.0	2.81	167.0
129.925	0.36	fixation	n/a	340.4	298.8	2597.0	n/a	n/a	n/a	n/a
130.287	0.02	saccade	n/a	340.8	300.1	n/a	310.2	305.5	1.1	79.0
130.309	0.178	fixation	n/a	316.0	306.3	2538.0	n/a	n/a	n/a	n/a
130.489	0.026	saccade	n/a	317.3	306.9	n/a	393.8	294.1	2.76	149.0
130.517	0.212	fixation	n/a	405.1	295.3	2534.0	n/a	n/a	n/a	n/a
130.731	0.026	saccade	n/a	408.3	294.9	n/a	465.4	290.1	2.05	120.0
130.759	0.19	fixation	n/a	467.3	296.7	2506.0	n/a	n/a	n/a	n/a
130.951	0.03	saccade	n/a	470.5	295.5	n/a	570.4	285.9	3.58	184.0
130.983	0.21	fixation	n/a	575.3	286.1	2411.0	n/a	n/a	n/a	n/a
131.195	0.03	saccade	n/a	578.1	287.8	n/a	673.3	286.7	3.38	183.0
131.227	0.168	fixation	n/a	676.2	286.0	2362.0	n/a	n/a	n/a	n/a
131.397	0.074	saccade	n/a	674.8	284.2	n/a	118.8	371.4	19.52	426.0
131.473	0.344	fixation	n/a	126.8	378.3	2437.0	n/a	n/a	n/a	n/a
131.819	0.026	saccade	n/a	132.1	379.9	n/a	214.5	366.5	2.89	156.0
131.847	0.24	fixation	n/a	228.9	363.0	2395.0	n/a	n/a	n/a	n/a
132.089	0.036	saccade	n/a	233.6	364.3	n/a	364.4	354.5	4.64	205.0
132.127	0.282	fixation	n/a	370.1	355.7	2376.0	n/a	n/a	n/a	n/a
132.411	0.03	saccade	n/a	373.6	356.3	n/a	476.3	347.2	3.69	161.0
132.443	0.198	fixation	n/a	490.2	347.1	2340.0	n/a	n/a	n/a	n/a
132.643	0.028	saccade	n/a	494.3	348.5	n/a	572.4	342.1	2.8	147.0
132.673	0.236	fixation	n/a	576.6	343.0	2313.0	n/a	n/a	n/a	n/a
132.911	0.05	saccade	n/a	574.6	341.2	n/a	351.2	408.4	8.28	307.0
132.963	0.282	fixation	n/a	356.0	412.2	2383.0	n/a	n/a	n/a	n/a
133.247	0.024	saccade	n/a	355.6	415.4	n/a	297.4	420.6	2.06	133.0
133.273	0.302	fixation	n/a	301.0	424.4	2452.0	n/a	n/a	n/a	n/a
133.37	0.0	trigger_11	11	n/a	n/a	n/a	n/a	n/a	n/a	n/a
133.432	0.0	trigger_10	10	n/a	n/a	n/a	n/a	n/a	n/a	n/a
133.577	0.048	saccade	n/a	300.0	423.7	n/a	148.7	233.3	8.59	324.0
133.627	0.098	fixation	n/a	154.7	234.1	2421.0	n/a	n/a	n/a	n/a
133.727	0.028	saccade	n/a	154.0	231.0	n/a	111.6	190.7	2.05	141.0
133.757	0.25	fixation	n/a	115.8	194.8	2417.0	n/a	n/a	n/a	n/a
134.009	0.024	saccade	n/a	116.5	194.4	n/a	175.3	188.5	2.04	118.0
134.035	0.184	fixation	n/a	180.1	190.7	2510.0	n/a	n/a	n/a	n/a
134.221	0.02	saccade	n/a	183.4	190.8	n/a	222.6	186.3	1.38	99.0
134.243	0.232	fixation	n/a	224.6	190.9	2638.0	n/a	n/a	n/a	n/a
134.477	0.026	saccade	n/a	228.8	195.7	n/a	287.9	187.3	2.11	129.0
134.505	0.142	fixation	n/a	284.2	186.1	2815.0	n/a	n/a	n/a	n/a
134.649	0.024	saccade	n/a	283.3	186.7	n/a	242.1	183.6	1.46	111.0
134.675	0.188	fixation	n/a	248.1	185.8	2959.0	n/a	n/a	n/a	n/a
134.865	0.026	saccade	n/a	251.4	185.6	n/a	313.0	183.8	2.19	141.0
134.893	0.39	fixation	n/a	314.2	180.8	3151.0	n/a	n/a	n/a	n/a
135.285	0.032	saccade	n/a	319.5	179.9	n/a	413.2	172.3	3.36	177.0
135.319	0.222	fixation	n/a	412.9	173.9	3258.0	n/a	n/a	n/a	n/a
135.543	0.018	saccade	n/a	412.8	174.7	n/a	384.1	177.8	1.03	79.0
135.563	0.156	fixation	n/a	391.7	182.0	3274.0	n/a	n/a	n/a	n/a
135.721	0.022	saccade	n/a	395.5	183.2	n/a	437.2	177.9	1.51	99.0
135.745	0.208	fixation	n/a	433.3	180.5	3217.0	n/a	n/a	n/a	n/a
135.955	0.028	saccade	n/a	435.6	181.5	n/a	509.7	178.2	2.66	154.0
135.985	0.29	fixation	n/a	505.6	181.2	3199.0	n/a	n/a	n/a	n/a
136.277	0.028	saccade	n/a	506.2	182.3	n/a	573.2	177.1	2.4	150.0
136.307	0.27	fixation	n/a	571.6	179.8	3129.0	n/a	n/a	n/a	n/a
136.579	0.02	saccade	n/a	574.7	179.3	n/a	614.1	176.1	1.4	92.0
136.601	0.106	fixation	n/a	613.8	176.6	3017.0	n/a	n/a	n/a	n/a
136.709	0.026	saccade	n/a	617.3	178.0	n/a	664.0	173.0	1.66	113.0
136.737	0.2	fixation	n/a	660.9	175.6	2972.0	n/a	n/a	n/a	n/a
136.939	0.026	saccade	n/a	659.2	178.3	n/a	610.2	172.2	1.75	126.0
136.967	0.306	fixation	n/a	610.5	173.5	2937.0	n/a	n/a	n/a	n/a
137.275	0.022	saccade	n/a	610.6	172.0	n/a	657.0	169.9	1.64	104.0
137.299	0.132	fixation	n/a	654.3	171.0	2893.0	n/a	n/a	n/a	n/a
137.433	0.068	saccade	n/a	653.9	168.8	n/a	142.6	242.6	18.04	436.0
137.503	0.344	fixation	n/a	144.4	253.5	2853.0	n/a	n/a	n/a	n/a
137.849	0.026	saccade	n/a	146.2	258.9	n/a	198.1	250.2	1.83	131.0
137.877	0.244	fixation	n/a	198.2	252.7	2837.0	n/a	n/a	n/a	n/a
138.123	0.036	saccade	n/a	201.9	256.4	n/a	333.8	246.7	4.67	222.0
138.161	0.258	fixation	n/a	339.1	246.1	2806.0	n/a	n/a	n/a	n/a
138.421	0.028	saccade	n/a	346.1	246.7	n/a	422.3	238.3	2.74	167.0
138.451	0.252	fixation	n/a	423.5	238.4	2753.0	n/a	n/a	n/a	n/a
138.705	0.032	saccade	n/a	426.2	237.5	n/a	517.3	231.4	3.27	172.0
138.739	0.146	fixation	n/a	518.5	233.7	2754.0	n/a	n/a	n/a	n/a
138.887	0.022	saccade	n/a	522.9	233.2	n/a	568.2	230.9	1.62	114.0
138.911	0.112	fixation	n/a	565.6	234.5	2817.0	n/a	n/a	n/a	n/a
139.025	0.022	saccade	n/a	570.0	235.3	n/a	614.9	229.5	1.61	114.0
139.049	0.186	fixation	n/a	612.3	233.9	2863.0	n/a	n/a	n/a	n/a
139.237	0.014	saccade	n/a	618.2	233.1	n/a	635.2	234.4	0.6	51.0
139.253	0.084	fixation	n/a	632.9	235.8	2911.0	n/a	n/a	n/a	n/a
139.339	0.07	saccade	n/a	632.9	236.0	n/a	110.2	311.6	18.38	431.0
139.411	0.176	fixation	n/a	109.3	315.4	2934.0	n/a	n/a	n/a	n/a
139.589	0.024	saccade	n/a	109.1	316.3	n/a	156.6	308.1	1.66	114.0
139.615	0.174	fixation	n/a	154.3	310.1	2988.0	n/a	n/a	n/a	n/a
139.791	0.026	saccade	n/a	157.9	308.8	n/a	214.7	302.9	1.99	126.0
139.819	0.152	fixation	n/a	213.0	302.6	3052.0	n/a	n/a	n/a	n/a
139.962	0.0	trigger_11	11	n/a	n/a	n/a	n/a	n/a	n/a	n/a
139.973	0.04	saccade	n/a	213.2	302.6	n/a	114.7	178.3	5.58	269.0
140.015	0.41	fixation	n/a	121.6	185.9	3063.0	n/a	n/a	n/a	n/a
140.028	0.0	trigger_10	10	n/a	n/a	n/a	n/a	n/a	n/a	n/a
140.427	0.024	saccade	n/a	124.1	188.2	n/a	173.0	188.7	1.69	114.0
140.453	0.398	fixation	n/a	171.1	190.7	3127.0	n/a	n/a	n/a	n/a
140.853	0.022	saccade	n/a	172.3	187.5	n/a	224.2	180.9	1.82	116.0
140.877	0.172	fixation	n/a	225.1	182.8	3175.0	n/a	n/a	n/a	n/a
141.051	0.022	saccade	n/a	228.0	181.1	n/a	271.9	182.6	1.55	108.0
141.075	0.266	fixation	n/a	270.4	184.2	3218.0	n/a	n/a	n/a	n/a
141.343	0.024	saccade	n/a	269.1	185.6	n/a	225.4	185.9	1.54	113.0
141.369	0.18	fixation	n/a	230.4	188.7	3205.0	n/a	n/a	n/a	n/a
141.551	0.214	saccade	n/a	230.3	188.8	n/a	283.3	181.9	1.88	1200.0
141.601	0.086	blink	n/a	n/a	n/a	n/a	n/a	n/a	n/a	n/a
141.767	0.212	fixation	n/a	291.0	183.2	3052.0	n/a	n/a	n/a	n/a
141.981	0.024	saccade	n/a	299.4	181.0	n/a	356.3	169.5	2.06	119.0
142.007	0.18	fixation	n/a	358.5	173.3	3111.0	n/a	n/a	n/a	n/a
142.189	0.02	saccade	n/a	364.8	178.2	n/a	403.7	176.9	1.39	97.0
142.211	0.182	fixation	n/a	399.7	180.7	2963.0	n/a	n/a	n/a	n/a
142.395	0.028	saccade	n/a	401.8	182.7	n/a	468.1	173.4	2.4	154.0
142.425	0.192	fixation	n/a	465.7	173.7	2911.0	n/a	n/a	n/a	n/a
142.619	0.014	saccade	n/a	470.2	175.5	n/a	487.1	172.4	0.62	52.0
142.635	0.274	fixation	n/a	486.8	181.1	2891.0	n/a	n/a	n/a	n/a
142.911	0.024	saccade	n/a	490.0	184.0	n/a	545.3	174.5	2.01	134.0
142.937	0.326	fixation	n/a	543.6	177.5	2882.0	n/a	n/a	n/a	n/a
143.265	0.018	saccade	n/a	546.2	179.0	n/a	569.7	177.8	0.84	58.0
143.285	0.126	fixation	n/a	569.3	176.3	2886.0	n/a	n/a	n/a	n/a
143.413	0.062	saccade	n/a	568.6	176.0	n/a	134.4	235.6	15.36	402.0
143.477	0.278	fixation	n/a	133.7	239.1	2976.0	n/a	n/a	n/a	n/a
143.757	0.02	saccade	n/a	133.7	240.4	n/a	172.4	239.4	1.33	92.0
143.779	0.11	fixation	n/a	171.2	240.7	3029.0	n/a	n/a	n/a	n/a
143.891	0.026	saccade	n/a	174.9	246.1	n/a	236.2	243.1	2.14	141.0
143.919	0.486	fixation	n/a	230.6	249.2	2968.0	n/a	n/a	n/a	n/a
144.407	0.03	saccade	n/a	222.7	254.0	n/a	307.4	248.9	3.0	154.0
144.439	0.212	fixation	n/a	309.1	249.6	2884.0	n/a	n/a	n/a	n/a
144.653	0.032	saccade	n/a	310.8	249.2	n/a	394.2	244.7	2.98	174.0
144.687	0.182	fixation	n/a	394.9	242.9	2861.0	n/a	n/a	n/a	n/a
144.871	0.022	saccade	n/a	398.7	244.3	n/a	445.5	242.8	1.68	110.0
144.895	0.2	fixation	n/a	445.6	240.1	2792.0	n/a	n/a	n/a	n/a
145.097	0.022	saccade	n/a	449.9	242.6	n/a	490.8	238.8	1.47	94.0
145.121	0.346	fixation	n/a	489.4	236.8	2710.0	n/a	n/a	n/a	n/a
145.469	0.024	saccade	n/a	494.8	237.9	n/a	546.5	232.9	1.86	128.0
145.495	0.284	fixation	n/a	545.9	233.3	2658.0	n/a	n/a	n/a	n/a
145.781	0.034	saccade	n/a	545.6	235.7	n/a	438.7	235.6	3.82	238.0
145.817	0.258	fixation	n/a	441.0	236.0	2760.0	n/a	n/a	n/a	n/a
146.077	0.042	saccade	n/a	442.1	235.2	n/a	594.3	227.1	5.42	222.0
146.121	0.456	fixation	n/a	605.4	229.3	2831.0	n/a	n/a	n/a	n/a
146.579	0.032	saccade	n/a	610.9	230.1	n/a	526.2	234.7	3.02	170.0
146.613	0.058	fixation	n/a	531.3	233.6	2885.0	n/a	n/a	n/a	n/a
146.673	0.058	saccade	n/a	529.3	233.3	n/a	149.5	289.3	13.45	410.0
146.733	0.13	fixation	n/a	151.6	294.8	2960.0	n/a	n/a	n/a	n/a
146.865	0.02	saccade	n/a	149.3	298.9	n/a	117.0	306.3	1.14	90.0
146.887	0.354	fixation	n/a	122.9	309.9	2973.0	n/a	n/a	n/a	n/a
147.243	0.03	saccade	n/a	125.8	313.5	n/a	210.4	305.8	2.94	159.0
147.275	0.356	fixation	n/a	214.3	305.5	2946.0	n/a	n/a	n/a	n/a
147.633	0.02	saccade	n/a	219.3	308.0	n/a	263.5	305.6	1.55	106.0
147.655	0.128	fixation	n/a	264.0	305.9	2922.0	n/a	n/a	n/a	n/a
147.785	0.024	saccade	n/a	266.7	307.5	n/a	320.7	300.8	1.92	120.0
147.811	0.264	fixation	n/a	322.6	301.4	2881.0	n/a	n/a	n/a	n/a
148.077	0.028	saccade	n/a	325.3	301.3	n/a	397.5	296.4	2.57	168.0
148.107	0.188	fixation	n/a	398.7	297.0	2807.0	n/a	n/a	n/a	n/a
148.297	0.022	saccade	n/a	402.0	295.8	n/a	450.1	297.3	1.72	110.0
148.321	0.238	fixation	n/a	449.9	294.8	2736.0	n/a	n/a	n/a	n/a
148.561	0.026	saccade	n/a	448.1	295.4	n/a	400.5	293.5	1.7	124.0
148.589	0.238	fixation	n/a	406.0	294.3	2640.0	n/a	n/a	n/a	n/a
148.829	0.026	saccade	n/a	408.0	294.3	n/a	472.6	288.6	2.31	140.0
148.857	0.18	fixation	n/a	471.0	288.1	2589.0	n/a	n/a	n/a	n/a
149.039	0.024	saccade	n/a	473.2	289.3	n/a	528.1	285.6	1.96	131.0
149.065	0.194	fixation	n/a	528.2	287.7	2562.0	n/a	n/a	n/a	n/a
149.261	0.026	saccade	n/a	530.5	289.7	n/a	591.0	284.7	2.16	134.0
149.289	0.144	fixation	n/a	595.7	286.3	2508.0	n/a	n/a	n/a	n/a
149.435	0.02	saccade	n/a	599.9	287.0	n/a	635.0	290.3	1.24	84.0
149.457	0.17	fixation	n/a	632.6	292.7	2483.0	n/a	n/a	n/a	n/a
149.629	0.074	saccade	n/a	632.7	292.5	n/a	96.3	356.7	18.7	419.0
149.705	0.362	fixation	n/a	98.5	361.8	2414.0	n/a	n/a	n/a	n/a
150.069	0.022	saccade	n/a	97.6	364.6	n/a	142.9	366.5	1.54	106.0
150.093	0.268	fixation	n/a	143.5	366.4	2430.0	n/a	n/a	n/a	n/a
150.363	0.022	saccade	n/a	144.0	367.7	n/a	188.6	367.1	1.54	94.0
150.387	0.304	fixation	n/a	198.5	370.6	2546.0	n/a	n/a	n/a	n/a
150.693	0.022	saccade	n/a	195.1	371.8	n/a	156.9	374.9	1.32	96.0
150.717	0.144	fixation	n/a	161.5	374.9	2598.0	n/a	n/a	n/a	n/a
150.863	0.048	saccade	n/a	162.8	375.5	n/a	357.0	360.7	6.81	218.0
150.913	0.202	fixation	n/a	366.6	361.6	2605.0	n/a	n/a	n/a	n/a
151.117	0.038	saccade	n/a	368.9	360.2	n/a	515.9	344.9	5.25	256.0
151.157	0.262	fixation	n/a	521.2	344.1	2604.0	n/a	n/a	n/a	n/a
151.164	0.0	trigger_11	11	n/a	n/a	n/a	n/a	n/a	n/a	n/a
151.226	0.0	trigger_10	10	n/a	n/a	n/a	n/a	n/a	n/a	n/a
151.421	0.058	saccade	n/a	521.8	343.9	n/a	174.5	189.9	13.38	420.0
151.481	0.108	fixation	n/a	177.5	192.5	2610.0	n/a	n/a	n/a	n/a
151.591	0.03	saccade	n/a	175.8	191.6	n/a	107.3	181.2	2.38	169.0
151.623	0.336	fixation	n/a	114.8	183.8	2539.0	n/a	n/a	n/a	n/a
151.961	0.022	saccade	n/a	121.0	188.2	n/a	174.4	188.5	1.84	124.0
151.985	0.262	fixation	n/a	175.3	190.9	2662.0	n/a	n/a	n/a	n/a
152.249	0.024	saccade	n/a	179.0	191.6	n/a	239.2	185.2	2.11	137.0
152.275	0.22	fixation	n/a	238.3	184.9	2778.0	n/a	n/a	n/a	n/a
152.497	0.022	saccade	n/a	239.9	185.9	n/a	292.1	184.5	1.84	116.0
152.521	0.138	fixation	n/a	292.4	186.5	2848.0	n/a	n/a	n/a	n/a
152.661	0.028	saccade	n/a	295.4	187.1	n/a	356.4	181.8	2.17	128.0
152.691	0.18	fixation	n/a	353.4	184.0	2881.0	n/a	n/a	n/a	n/a
152.873	0.032	saccade	n/a	354.5	181.3	n/a	444.2	171.2	3.22	197.0
152.907	0.24	fixation	n/a	447.2	173.4	2850.0	n/a	n/a	n/a	n/a
153.149	0.034	saccade	n/a	449.7	174.7	n/a	572.2	169.4	4.37	207.0
153.185	0.24	fixation	n/a	571.5	170.3	2822.0	n/a	n/a	n/a	n/a
153.427	0.018	saccade	n/a	569.5	169.6	n/a	543.6	169.4	0.92	71.0
153.447	0.148	fixation	n/a	548.1	168.3	2797.0	n/a	n/a	n/a	n/a
153.597	0.066	saccade	n/a	548.6	170.8	n/a	104.5	243.6	15.69	390.0
153.665	0.218	fixation	n/a	109.1	249.4	2776.0	n/a	n/a	n/a	n/a
153.885	0.026	saccade	n/a	110.7	254.3	n/a	169.8	246.1	2.05	139.0
153.913	0.116	fixation	n/a	169.4	246.4	2820.0	n/a	n/a	n/a	n/a
154.031	0.024	saccade	n/a	174.0	247.9	n/a	224.2	247.9	1.75	122.0
154.057	0.186	fixation	n/a	222.4	246.5	2871.0	n/a	n/a	n/a	n/a
154.245	0.036	saccade	n/a	222.9	246.7	n/a	102.6	198.2	4.5	262.0
154.283	0.4	fixation	n/a	112.1	196.5	2905.0	n/a	n/a	n/a	n/a
154.364	0.0	trigger_11	11	n/a	n/a	n/a	n/a	n/a	n/a	n/a
154.424	0.0	trigger_10	10	n/a	n/a	n/a	n/a	n/a	n/a	n/a
154.685	0.024	saccade	n/a	116.0	194.5	n/a	165.6	193.9	1.7	117.0
154.711	0.152	fixation	n/a	163.1	193.2	3096.0	n/a	n/a	n/a	n/a
154.865	0.022	saccade	n/a	166.2	195.1	n/a	217.1	188.8	1.78	118.0
154.889	0.16	fixation	n/a	214.9	187.1	3194.0	n/a	n/a	n/a	n/a
155.051	0.028	saccade	n/a	216.6	184.6	n/a	290.1	175.5	2.6	151.0
155.081	0.228	fixation	n/a	291.3	181.9	3255.0	n/a	n/a	n/a	n/a
155.311	0.03	saccade	n/a	294.6	183.3	n/a	368.5	177.7	2.63	158.0
155.343	0.158	fixation	n/a	366.9	176.9	3241.0	n/a	n/a	n/a	n/a
155.503	0.03	saccade	n/a	369.0	175.0	n/a	452.5	169.7	2.98	169.0
155.535	0.268	fixation	n/a	451.2	174.1	3194.0	n/a	n/a	n/a	n/a
155.805	0.032	saccade	n/a	453.1	175.8	n/a	552.7	165.9	3.57	185.0
155.839	0.526	fixation	n/a	554.0	172.1	3138.0	n/a	n/a	n/a	n/a
156.164	0.0	trigger_11	11	n/a	n/a	n/a	n/a	n/a	n/a	n/a
156.22	0.0	trigger_10	10	n/a	n/a	n/a	n/a	n/a	n/a	n/a
156.367	0.06	saccade	n/a	555.1	175.2	n/a	155.9	194.9	14.0	431.0
156.429	0.176	fixation	n/a	158.7	200.9	3248.0	n/a	n/a	n/a	n/a
156.607	0.024	saccade	n/a	157.1	206.1	n/a	117.5	197.7	1.39	112.0
156.633	0.28	fixation	n/a	122.9	201.0	3194.0	n/a	n/a	n/a	n/a
156.915	0.032	saccade	n/a	125.9	204.4	n/a	227.8	190.2	3.57	177.0
156.949	0.264	fixation	n/a	231.0	187.2	3232.0	n/a	n/a	n/a	n/a
157.215	0.02	saccade	n/a	234.1	185.5	n/a	267.2	182.5	1.17	83.0
157.237	0.148	fixation	n/a	266.2	182.3	3324.0	n/a	n/a	n/a	n/a
157.387	0.032	saccade	n/a	267.3	180.1	n/a	359.0	175.6	3.25	185.0
157.421	0.24	fixation	n/a	359.4	181.1	3356.0	n/a	n/a	n/a	n/a
157.663	0.03	saccade	n/a	364.1	185.0	n/a	443.1	175.7	2.84	170.0
157.695	0.344	fixation	n/a	442.2	177.6	3296.0	n/a	n/a	n/a	n/a
158.041	0.038	saccade	n/a	444.1	179.2	n/a	545.5	166.5	3.66	142.0
158.081	0.192	fixation	n/a	542.5	166.7	3278.0	n/a	n/a	n/a	n/a
158.275	0.018	saccade	n/a	545.0	165.5	n/a	572.8	163.8	0.99	77.0
158.295	0.144	fixation	n/a	567.6	165.3	3316.0	n/a	n/a	n/a	n/a
158.441	0.06	saccade	n/a	565.8	169.5	n/a	141.9	231.6	15.01	438.0
158.503	0.248	fixation	n/a	138.2	239.0	3261.0	n/a	n/a	n/a	n/a
158.753	0.024	saccade	n/a	137.3	240.9	n/a	191.4	244.3	1.88	116.0
158.779	0.256	fixation	n/a	189.5	245.1	3172.0	n/a	n/a	n/a	n/a
159.037	0.026	saccade	n/a	192.2	248.0	n/a	255.1	247.2	2.2	141.0
159.065	0.176	fixation	n/a	257.0	250.2	3051.0	n/a	n/a	n/a	n/a
159.243	0.038	saccade	n/a	258.2	250.7	n/a	392.3	246.0	4.76	219.0
159.283	0.264	fixation	n/a	396.6	245.2	2981.0	n/a	n/a	n/a	n/a
159.549	0.03	saccade	n/a	400.5	244.6	n/a	490.1	234.8	3.22	182.0
159.581	0.222	fixation	n/a	491.2	234.3	2898.0	n/a	n/a	n/a	n/a
159.805	0.022	saccade	n/a	493.9	238.2	n/a	541.3	232.6	1.71	105.0
159.829	0.336	fixation	n/a	541.7	236.0	2845.0	n/a	n/a	n/a	n/a
159.98	0.0	trigger_11	11	n/a	n/a	n/a	n/a	n/a	n/a	n/a
160.038	0.0	trigger_12	12	n/a	n/a	n/a	n/a	n/a	n/a	n/a
160.167	0.058	saccade	n/a	542.0	236.4	n/a	153.5	182.8	13.77	439.0
160.227	0.176	fixation	n/a	154.2	186.3	2853.0	n/a	n/a	n/a	n/a
160.405	0.026	saccade	n/a	152.4	190.1	n/a	101.4	192.0	1.75	141.0
160.433	0.318	fixation	n/a	104.1	192.7	2879.0	n/a	n/a	n/a	n/a
160.753	0.03	saccade	n/a	102.3	192.2	n/a	192.9	187.5	3.12	178.0
160.785	0.222	fixation	n/a	195.6	190.0	3099.0	n/a	n/a	n/a	n/a
161.009	0.022	saccade	n/a	199.1	190.9	n/a	243.6	185.2	1.57	107.0
161.033	0.266	fixation	n/a	237.9	183.5	3292.0	n/a	n/a	n/a	n/a
161.301	0.03	saccade	n/a	239.4	184.8	n/a	314.2	179.1	2.65	177.0
161.333	0.24	fixation	n/a	313.2	180.4	3440.0	n/a	n/a	n/a	n/a
161.575	0.022	saccade	n/a	318.7	180.7	n/a	365.7	180.7	1.67	114.0
161.599	0.166	fixation	n/a	362.0	181.3	3518.0	n/a	n/a	n/a	n/a
161.767	0.024	saccade	n/a	363.7	180.5	n/a	411.4	179.2	1.7	114.0
161.793	0.21	fixation	n/a	408.0	183.7	3558.0	n/a	n/a	n/a	n/a
162.005	0.034	saccade	n/a	409.9	185.3	n/a	509.3	178.0	3.56	189.0
162.041	0.458	fixation	n/a	501.9	177.1	3614.0	n/a	n/a	n/a	n/a
162.501	0.028	saccade	n/a	501.3	173.8	n/a	560.5	167.5	2.12	126.0
162.531	0.184	fixation	n/a	555.4	170.2	3668.0	n/a	n/a	n/a	n/a
162.717	0.024	saccade	n/a	557.3	172.9	n/a	603.3	170.9	1.64	108.0
162.743	0.172	fixation	n/a	599.3	171.0	3675.0	n/a	n/a	n/a	n/a
162.917	0.068	saccade	n/a	601.8	174.3	n/a	142.6	238.4	16.22	423.0
162.987	0.178	fixation	n/a	143.5	245.9	3476.0	n/a	n/a	n/a	n/a
163.167	0.018	saccade	n/a	139.2	248.9	n/a	108.5	252.1	1.06	81.0
163.187	0.356	fixation	n/a	113.8	257.9	3265.0	n/a	n/a	n/a	n/a
163.545	0.044	saccade	n/a	113.1	260.0	n/a	301.7	243.3	6.59	250.0
163.591	0.198	fixation	n/a	314.6	245.2	3153.0	n/a	n/a	n/a	n/a
163.791	0.028	saccade	n/a	322.4	248.0	n/a	385.4	245.9	2.25	141.0
163.821	0.16	fixation	n/a	383.5	245.2	3094.0	n/a	n/a	n/a	n/a
163.983	0.03	saccade	n/a	385.2	244.2	n/a	472.5	240.7	3.12	173.0
164.015	0.16	fixation	n/a	473.3	241.7	2999.0	n/a	n/a	n/a	n/a
164.177	0.032	saccade	n/a	476.2	244.1	n/a	565.7	238.8	3.21	186.0
164.211	0.248	fixation	n/a	566.3	239.0	2939.0	n/a	n/a	n/a	n/a
164.461	0.062	saccade	n/a	567.5	239.8	n/a	123.5	302.7	15.66	418.0
164.525	0.352	fixation	n/a	124.7	311.8	2801.0	n/a	n/a	n/a	n/a
164.879	0.028	saccade	n/a	125.8	312.5	n/a	216.5	304.6	3.15	166.0
164.909	0.204	fixation	n/a	225.5	306.2	2758.0	n/a	n/a	n/a	n/a
165.115	0.034	saccade	n/a	232.1	306.9	n/a	339.3	302.1	3.78	182.0
165.151	0.266	fixation	n/a	342.1	303.1	2740.0	n/a	n/a	n/a	n/a
165.419	0.022	saccade	n/a	345.6	305.8	n/a	398.4	300.6	1.89	125.0
165.443	0.158	fixation	n/a	400.6	299.4	2698.0	n/a	n/a	n/a	n/a
165.603	0.024	saccade	n/a	403.3	297.2	n/a	457.7	295.8	1.94	123.0
165.629	0.14	fixation	n/a	455.6	298.7	2657.0	n/a	n/a	n/a	n/a
165.771	0.028	saccade	n/a	456.7	299.6	n/a	528.3	292.6	2.57	165.0
165.801	0.224	fixation	n/a	528.6	290.9	2613.0	n/a	n/a	n/a	n/a
166.027	0.03	saccade	n/a	530.8	288.5	n/a	622.4	287.7	3.25	182.0
166.059	0.192	fixation	n/a	624.2	289.6	2578.0	n/a	n/a	n/a	n/a
166.253	0.056	saccade	n/a	625.1	285.1	n/a	259.9	195.6	13.28	431.0
166.278	0.0	trigger_13	13	n/a	n/a	n/a	n/a	n/a	n/a	n/a
166.311	0.144	fixation	n/a	261.5	197.8	2632.0	n/a	n/a	n/a	n/a
166.334	0.0	trigger_10	10	n/a	n/a	n/a	n/a	n/a	n/a	n/a
166.457	0.036	saccade	n/a	259.8	197.3	n/a	133.6	190.3	4.4	252.0
166.495	0.206	fixation	n/a	134.6	193.1	2627.0	n/a	n/a	n/a	n/a
166.703	0.018	saccade	n/a	129.6	193.1	n/a	102.5	192.8	0.92	71.0
166.723	0.078	fixation	n/a	107.2	194.8	2674.0	n/a	n/a	n/a	n/a
166.803	0.224	saccade	n/a	107.4	201.9	n/a	115.5	185.5	0.64	698.0
166.847	0.112	blink	n/a	n/a	n/a	n/a	n/a	n/a	n/a	n/a
167.029	0.176	fixation	n/a	126.2	184.1	2606.0	n/a	n/a	n/a	n/a
167.207	0.016	saccade	n/a	137.4	188.9	n/a	161.5	185.3	0.84	64.0
167.225	0.126	fixation	n/a	156.9	190.2	2755.0	n/a	n/a	n/a	n/a
167.353	0.022	saccade	n/a	161.1	192.2	n/a	213.2	188.1	1.82	112.0
167.377	0.294	fixation	n/a	213.7	189.4	2803.0	n/a	n/a	n/a	n/a
167.673	0.034	saccade	n/a	217.4	189.7	n/a	323.4	181.7	3.74	178.0
167.709	0.24	fixation	n/a	328.7	184.4	2844.0	n/a	n/a	n/a	n/a
167.951	0.022	saccade	n/a	338.4	178.9	n/a	385.1	178.7	1.66	110.0
167.975	0.12	fixation	n/a	385.0	181.6	2895.0	n/a	n/a	n/a	n/a
168.097	0.024	saccade	n/a	390.6	182.0	n/a	444.5	176.4	1.94	122.0
168.123	0.238	fixation	n/a	445.6	178.1	2918.0	n/a	n/a	n/a	n/a
168.363	0.022	saccade	n/a	447.9	179.3	n/a	495.9	175.5	1.72	104.0
168.387	0.086	fixation	n/a	495.2	175.4	2884.0	n/a	n/a	n/a	n/a
168.475	0.028	saccade	n/a	500.0	174.5	n/a	572.7	164.9	2.61	141.0
168.505	0.222	fixation	n/a	573.5	172.1	2939.0	n/a	n/a	n/a	n/a
168.729	0.018	saccade	n/a	579.6	175.9	n/a	606.7	172.2	0.97	70.0
168.749	0.118	fixation	n/a	603.8	173.1	2926.0	n/a	n/a	n/a	n/a
168.869	0.066	saccade	n/a	600.3	175.1	n/a	123.5	242.8	16.82	431.0
168.937	0.304	fixation	n/a	123.1	253.9	2908.0	n/a	n/a	n/a	n/a
169.243	0.032	saccade	n/a	119.8	259.3	n/a	209.0	247.6	3.11	194.0
169.277	0.312	fixation	n/a	211.5	249.0	2904.0	n/a	n/a	n/a	n/a
169.591	0.02	saccade	n/a	219.0	251.3	n/a	256.8	249.8	1.33	87.0
169.613	0.31	fixation	n/a	258.0	250.4	2893.0	n/a	n/a	n/a	n/a
169.925	0.024	saccade	n/a	257.6	246.6	n/a	324.0	238.5	2.36	140.0
169.951	0.318	fixation	n/a	331.0	241.9	2780.0	n/a	n/a	n/a	n/a
170.271	0.026	saccade	n/a	332.5	239.5	n/a	398.6	230.9	2.37	154.0
170.299	0.404	fixation	n/a	399.9	232.1	2714.0	n/a	n/a	n/a	n/a
170.705	0.026	saccade	n/a	402.8	233.8	n/a	463.1	228.8	2.17	114.0
170.733	0.21	fixation	n/a	466.5	232.3	2651.0	n/a	n/a	n/a	n/a
170.945	0.03	saccade	n/a	469.4	233.9	n/a	547.1	229.0	2.79	157.0
170.977	0.196	fixation	n/a	548.3	228.2	2627.0	n/a	n/a	n/a	n/a
171.175	0.024	saccade	n/a	552.5	231.7	n/a	611.2	223.5	2.11	117.0
171.201	0.208	fixation	n/a	613.1	225.8	2590.0	n/a	n/a	n/a	n/a
171.411	0.068	saccade	n/a	612.6	227.1	n/a	150.8	298.2	16.35	384.0
171.481	0.208	fixation	n/a	147.3	301.1	2458.0	n/a	n/a	n/a	n/a
171.691	0.018	saccade	n/a	145.4	300.9	n/a	114.1	303.1	1.07	76.0
171.711	0.214	fixation	n/a	118.8	305.3	2395.0	n/a	n/a	n/a	n/a
171.927	0.036	saccade	n/a	117.4	303.5	n/a	108.9	171.9	4.66	202.0
171.965	0.432	fixation	n/a	114.0	179.1	2434.0	n/a	n/a	n/a	n/a
172.022	0.0	trigger_11	11	n/a	n/a	n/a	n/a	n/a	n/a	n/a
172.088	0.0	trigger_10	10	n/a	n/a	n/a	n/a	n/a	n/a	n/a
172.399	0.02	saccade	n/a	112.1	183.7	n/a	156.0	185.0	1.51	101.0
172.421	0.14	fixation	n/a	160.7	184.5	2531.0	n/a	n/a	n/a	n/a
172.563	0.022	saccade	n/a	164.6	182.8	n/a	214.4	181.6	1.73	111.0
172.587	0.244	fixation	n/a	217.3	185.0	2575.0	n/a	n/a	n/a	n/a
172.833	0.014	saccade	n/a	222.2	185.6	n/a	239.4	184.8	0.6	49.0
172.849	0.21	fixation	n/a	236.6	187.4	2599.0	n/a	n/a	n/a	n/a
173.061	0.026	saccade	n/a	235.4	185.7	n/a	306.1	184.3	2.49	143.0
173.089	0.298	fixation	n/a	312.1	188.4	2632.0	n/a	n/a	n/a	n/a
173.389	0.032	saccade	n/a	314.7	188.2	n/a	403.5	176.8	3.19	166.0
173.423	0.212	fixation	n/a	403.2	178.8	2632.0	n/a	n/a	n/a	n/a
173.637	0.03	saccade	n/a	404.1	181.3	n/a	485.8	170.1	2.95	176.0
173.669	0.27	fixation	n/a	487.1	170.3	2616.0	n/a	n/a	n/a	n/a
173.941	0.024	saccade	n/a	490.8	172.9	n/a	549.1	169.0	2.08	126.0
173.967	0.13	fixation	n/a	551.6	169.8	2572.0	n/a	n/a	n/a	n/a
174.099	0.016	saccade	n/a	558.5	171.4	n/a	582.1	168.3	0.85	64.0
174.117	0.156	fixation	n/a	582.1	168.8	2560.0	n/a	n/a	n/a	n/a
174.275	0.064	saccade	n/a	579.3	169.9	n/a	110.6	243.4	16.54	404.0
174.341	0.286	fixation	n/a	113.9	249.6	2514.0	n/a	n/a	n/a	n/a
174.629	0.028	saccade	n/a	117.0	249.8	n/a	202.4	247.2	2.96	171.0
174.659	0.166	fixation	n/a	211.4	247.1	2505.0	n/a	n/a	n/a	n/a
174.827	0.022	saccade	n/a	214.0	246.1	n/a	259.9	244.4	1.61	105.0
174.851	0.206	fixation	n/a	261.5	244.5	2501.0	n/a	n/a	n/a	n/a
175.059	0.022	saccade	n/a	263.4	246.6	n/a	318.4	242.0	1.95	125.0
175.083	0.166	fixation	n/a	320.1	240.4	2490.0	n/a	n/a	n/a	n/a
175.251	0.03	saccade	n/a	322.7	241.0	n/a	429.9	230.7	3.83	216.0
175.283	0.242	fixation	n/a	438.3	231.2	2474.0	n/a	n/a	n/a	n/a
175.527	0.028	saccade	n/a	440.1	231.0	n/a	507.2	224.3	2.41	140.0
175.557	0.132	fixation	n/a	506.9	224.0	2434.0	n/a	n/a	n/a	n/a
175.691	0.02	saccade	n/a	513.6	224.0	n/a	548.1	224.7	1.23	82.0
175.713	0.12	fixation	n/a	550.0	226.1	2406.0	n/a	n/a	n/a	n/a
175.835	0.014	saccade	n/a	556.4	227.5	n/a	574.4	225.4	0.65	52.0
175.851	0.118	fixation	n/a	577.6	226.7	2387.0	n/a	n/a	n/a	n/a
175.971	0.064	saccade	n/a	576.7	227.0	n/a	111.6	297.8	16.37	408.0
176.037	0.346	fixation	n/a	117.7	306.5	2364.0	n/a	n/a	n/a	n/a
176.385	0.03	saccade	n/a	124.2	308.0	n/a	217.2	300.2	3.23	155.0
176.417	0.348	fixation	n/a	230.2	303.3	2323.0	n/a	n/a	n/a	n/a
176.767	0.03	saccade	n/a	237.8	306.6	n/a	333.3	293.6	3.4	200.0
176.799	0.276	fixation	n/a	338.5	293.4	2314.0	n/a	n/a	n/a	n/a
177.077	0.02	saccade	n/a	342.0	292.6	n/a	383.3	289.4	1.47	99.0
177.099	0.124	fixation	n/a	384.4	290.8	2302.0	n/a	n/a	n/a	n/a
177.225	0.026	saccade	n/a	388.0	290.5	n/a	451.0	292.2	2.25	139.0
177.253	0.356	fixation	n/a	456.7	291.7	2246.0	n/a	n/a	n/a	n/a
177.611	0.028	saccade	n/a	452.6	289.7	n/a	368.0	287.9	3.02	179.0
177.641	0.408	fixation	n/a	364.6	292.9	2308.0	n/a	n/a	n/a	n/a
178.051	0.04	saccade	n/a	361.0	290.3	n/a	498.1	283.5	4.88	178.0
178.093	0.23	fixation	n/a	500.1	288.5	2385.0	n/a	n/a	n/a	n/a
178.325	0.02	saccade	n/a	501.4	287.1	n/a	537.1	284.7	1.28	87.0
178.347	0.23	fixation	n/a	545.6	287.1	2419.0	n/a	n/a	n/a	n/a
178.579	0.066	saccade	n/a	555.1	286.3	n/a	106.3	362.4	15.82	393.0
178.647	0.27	fixation	n/a	116.9	367.8	2455.0	n/a	n/a	n/a	n/a
178.919	0.028	saccade	n/a	122.5	369.1	n/a	205.0	363.9	2.85	157.0
178.949	0.15	fixation	n/a	213.9	364.2	2439.0	n/a	n/a	n/a	n/a
179.101	0.034	saccade	n/a	217.7	364.8	n/a	324.7	360.8	3.76	192.0
179.137	0.3	fixation	n/a	329.5	362.2	2382.0	n/a	n/a	n/a	n/a
179.439	0.026	saccade	n/a	334.7	364.0	n/a	400.5	353.2	2.37	142.0
179.467	0.21	fixation	n/a	403.0	356.8	2351.0	n/a	n/a	n/a	n/a
179.679	0.032	saccade	n/a	403.2	354.3	n/a	500.9	340.6	3.5	183.0
179.713	0.152	fixation	n/a	505.2	342.6	2317.0	n/a	n/a	n/a	n/a
179.867	0.026	saccade	n/a	509.6	345.4	n/a	569.8	337.6	2.16	131.0
179.895	0.166	fixation	n/a	569.5	342.6	2305.0	n/a	n/a	n/a	n/a
180.063	0.026	saccade	n/a	573.0	342.5	n/a	637.5	336.5	2.29	132.0
180.091	0.104	fixation	n/a	636.9	338.2	2282.0	n/a	n/a	n/a	n/a
180.197	0.02	saccade	n/a	643.4	339.2	n/a	680.0	338.4	1.28	88.0
180.219	0.22	fixation	n/a	680.1	340.1	2258.0	n/a	n/a	n/a	n/a
180.441	0.074	saccade	n/a	679.0	340.6	n/a	103.1	417.2	20.01	430.0
180.517	0.282	fixation	n/a	102.8	421.0	2403.0	n/a	n/a	n/a	n/a
180.801	0.026	saccade	n/a	100.6	422.4	n/a	174.7	422.1	2.52	157.0
180.829	0.234	fixation	n/a	186.0	426.6	2449.0	n/a	n/a	n/a	n/a
181.065	0.036	saccade	n/a	190.7	427.0	n/a	314.8	417.9	4.34	229.0
181.103	0.164	fixation	n/a	316.2	415.3	2493.0	n/a	n/a	n/a	n/a
181.269	0.05	saccade	n/a	318.1	412.7	n/a	160.2	205.6	9.21	362.0
181.321	0.26	fixation	n/a	163.7	205.2	2573.0	n/a	n/a	n/a	n/a
181.374	0.0	trigger_11	11	n/a	n/a	n/a	n/a	n/a	n/a	n/a
181.432	0.0	trigger_10	10	n/a	n/a	n/a	n/a	n/a	n/a	n/a
181.583	0.024	saccade	n/a	161.6	207.1	n/a	113.2	192.3	1.74	131.0
181.609	0.408	fixation	n/a	119.7	197.6	2652.0	n/a	n/a	n/a	n/a
182.019	0.208	saccade	n/a	116.7	202.2	n/a	191.0	189.2	2.61	645.0
182.061	0.096	blink	n/a	n/a	n/a	n/a	n/a	n/a	n/a	n/a
182.229	0.276	fixation	n/a	200.0	195.8	2807.0	n/a	n/a	n/a	n/a
182.507	0.026	saccade	n/a	210.8	198.0	n/a	270.2	184.3	2.14	138.0
182.535	0.354	fixation	n/a	270.8	185.3	2872.0	n/a	n/a	n/a	n/a
182.891	0.018	saccade	n/a	269.0	182.2	n/a	238.6	182.1	1.07	77.0
182.911	0.232	fixation	n/a	247.6	185.2	2852.0	n/a	n/a	n/a	n/a
183.145	0.016	saccade	n/a	250.4	189.3	n/a	273.3	186.9	0.81	65.0
183.163	0.156	fixation	n/a	272.9	187.2	2857.0	n/a	n/a	n/a	n/a
183.321	0.026	saccade	n/a	275.4	186.2	n/a	333.6	186.1	2.06	144.0
183.349	0.318	fixation	n/a	332.5	189.5	2863.0	n/a	n/a	n/a	n/a
183.669	0.026	saccade	n/a	333.8	189.8	n/a	396.8	177.4	2.29	121.0
183.697	0.256	fixation	n/a	403.4	178.6	2840.0	n/a	n/a	n/a	n/a
183.955	0.03	saccade	n/a	407.3	181.5	n/a	493.8	175.4	3.1	164.0
183.987	0.242	fixation	n/a	495.4	177.2	2814.0	n/a	n/a	n/a	n/a
184.231	0.022	saccade	n/a	498.7	179.8	n/a	536.8	174.7	1.37	90.0
184.255	0.208	fixation	n/a	537.0	174.8	2772.0	n/a	n/a	n/a	n/a
184.465	0.02	saccade	n/a	542.2	175.8	n/a	577.2	175.0	1.25	83.0
184.487	0.112	fixation	n/a	578.3	175.5	2738.0	n/a	n/a	n/a	n/a
184.601	0.02	saccade	n/a	582.9	176.9	n/a	626.3	174.4	1.54	104.0
184.623	0.116	fixation	n/a	624.0	177.8	2707.0	n/a	n/a	n/a	n/a
184.741	0.072	saccade	n/a	624.4	180.3	n/a	126.1	237.9	17.48	388.0
184.815	0.26	fixation	n/a	132.3	242.9	2668.0	n/a	n/a	n/a	n/a
185.077	0.03	saccade	n/a	133.0	244.4	n/a	214.8	244.6	2.84	175.0
185.109	0.154	fixation	n/a	220.3	245.4	2636.0	n/a	n/a	n/a	n/a
185.265	0.034	saccade	n/a	222.2	244.0	n/a	144.1	194.2	3.24	213.0
185.27	0.0	trigger_11	11	n/a	n/a	n/a	n/a	n/a	n/a	n/a
185.301	0.178	fixation	n/a	148.2	199.1	2620.0	n/a	n/a	n/a	n/a
185.332	0.0	trigger_10	10	n/a	n/a	n/a	n/a	n/a	n/a	n/a
185.481	0.024	saccade	n/a	146.4	198.5	n/a	99.6	190.0	1.63	114.0
185.507	0.25	fixation	n/a	108.4	194.5	2624.0	n/a	n/a	n/a	n/a
185.759	0.024	saccade	n/a	109.0	195.6	n/a	170.3	190.8	2.11	130.0
185.785	0.334	fixation	n/a	170.8	190.5	2637.0	n/a	n/a	n/a	n/a
186.121	0.032	saccade	n/a	171.8	190.7	n/a	278.1	180.5	3.73	202.0
186.155	0.372	fixation	n/a	282.9	181.8	2680.0	n/a	n/a	n/a	n/a
186.529	0.028	saccade	n/a	286.2	180.9	n/a	363.5	178.5	2.74	160.0
186.559	0.39	fixation	n/a	363.5	180.9	2665.0	n/a	n/a	n/a	n/a
186.951	0.022	saccade	n/a	362.7	179.2	n/a	402.8	174.1	1.44	90.0
186.975	0.124	fixation	n/a	401.6	177.6	2614.0	n/a	n/a	n/a	n/a
187.101	0.024	saccade	n/a	404.1	176.9	n/a	460.9	176.3	2.03	123.0
187.127	0.374	fixation	n/a	463.1	177.2	2576.0	n/a	n/a	n/a	n/a
187.503	0.026	saccade	n/a	466.8	177.8	n/a	538.8	166.1	2.6	140.0
187.531	0.178	fixation	n/a	545.1	166.0	2500.0	n/a	n/a	n/a	n/a
187.711	0.022	saccade	n/a	549.6	167.0	n/a	592.1	166.3	1.51	101.0
187.735	0.12	fixation	n/a	591.0	168.2	2488.0	n/a	n/a	n/a	n/a
187.857	0.064	saccade	n/a	589.0	168.1	n/a	109.5	236.1	16.85	408.0
187.923	0.208	fixation	n/a	113.8	240.7	2461.0	n/a	n/a	n/a	n/a
188.133	0.028	saccade	n/a	115.4	242.8	n/a	185.1	233.7	2.42	154.0
188.163	0.274	fixation	n/a	192.9	241.5	2546.0	n/a	n/a	n/a	n/a
188.23	0.0	trigger_11	11	n/a	n/a	n/a	n/a	n/a	n/a	n/a
188.29	0.0	trigger_10	10	n/a	n/a	n/a	n/a	n/a	n/a	n/a
188.439	0.034	saccade	n/a	194.6	239.3	n/a	115.2	181.7	3.42	216.0
188.475	0.212	fixation	n/a	119.1	187.5	2690.0	n/a	n/a	n/a	n/a
188.689	0.022	saccade	n/a	124.6	191.8	n/a	170.5	192.0	1.59	97.0
188.713	0.138	fixation	n/a	167.3	190.1	2820.0	n/a	n/a	n/a	n/a
188.853	0.02	saccade	n/a	173.0	191.3	n/a	209.3	188.6	1.27	91.0
188.875	0.144	fixation	n/a	206.5	186.4	2977.0	n/a	n/a	n/a	n/a
189.021	0.03	saccade	n/a	209.1	187.9	n/a	299.1	180.1	3.18	198.0
189.053	0.238	fixation	n/a	294.2	179.8	3046.0	n/a	n/a	n/a	n/a
189.293	0.024	saccade	n/a	295.8	179.7	n/a	345.5	184.3	1.77	116.0
189.319	0.16	fixation	n/a	345.9	186.3	3070.0	n/a	n/a	n/a	n/a
189.481	0.026	saccade	n/a	350.7	189.3	n/a	408.6	179.9	2.09	129.0
189.509	0.228	fixation	n/a	404.5	180.3	3103.0	n/a	n/a	n/a	n/a
189.739	0.028	saccade	n/a	406.3	180.8	n/a	484.1	173.4	2.79	153.0
189.769	0.116	fixation	n/a	485.0	177.0	3165.0	n/a	n/a	n/a	n/a
189.887	0.028	saccade	n/a	488.3	177.0	n/a	551.4	171.9	2.26	145.0
189.917	0.186	fixation	n/a	549.0	173.0	3214.0	n/a	n/a	n/a	n/a
190.105	0.024	saccade	n/a	551.3	174.4	n/a	601.7	172.5	1.79	108.0
190.131	0.146	fixation	n/a	598.9	175.5	3143.0	n/a	n/a	n/a	n/a
190.279	0.062	saccade	n/a	598.2	173.3	n/a	166.5	235.7	15.29	431.0
190.343	0.18	fixation	n/a	167.7	241.8	3070.0	n/a	n/a	n/a	n/a
190.525	0.022	saccade	n/a	167.4	239.5	n/a	220.2	239.9	1.83	121.0
190.549	0.178	fixation	n/a	221.8	242.9	3104.0	n/a	n/a	n/a	n/a
190.729	0.024	saccade	n/a	224.2	244.4	n/a	274.9	240.0	1.79	117.0
190.755	0.13	fixation	n/a	272.4	240.2	3140.0	n/a	n/a	n/a	n/a
190.887	0.038	saccade	n/a	272.2	239.2	n/a	114.7	180.8	5.84	321.0
190.927	0.476	fixation	n/a	121.3	187.4	3086.0	n/a	n/a	n/a	n/a
191.014	0.0	trigger_11	11	n/a	n/a	n/a	n/a	n/a	n/a	n/a
191.076	0.0	trigger_10	10	n/a	n/a	n/a	n/a	n/a	n/a	n/a
191.405	0.024	saccade	n/a	117.6	186.8	n/a	172.8	183.6	1.9	128.0
191.431	0.242	fixation	n/a	169.3	186.5	3160.0	n/a	n/a	n/a	n/a
191.675	0.034	saccade	n/a	170.3	188.3	n/a	274.8	173.4	3.69	211.0
191.711	0.262	fixation	n/a	275.1	178.4	3205.0	n/a	n/a	n/a	n/a
191.975	0.034	saccade	n/a	279.6	180.1	n/a	381.1	178.0	3.6	208.0
192.011	0.232	fixation	n/a	380.3	178.9	3259.0	n/a	n/a	n/a	n/a
192.245	0.028	saccade	n/a	384.9	179.6	n/a	450.8	172.5	2.36	139.0
192.275	0.214	fixation	n/a	450.3	175.2	3299.0	n/a	n/a	n/a	n/a
192.491	0.026	saccade	n/a	455.9	178.3	n/a	526.6	173.6	2.53	151.0
192.519	0.2	fixation	n/a	528.2	176.6	3224.0	n/a	n/a	n/a	n/a
192.721	0.02	saccade	n/a	532.7	176.9	n/a	565.3	172.7	1.17	84.0
192.743	0.344	fixation	n/a	563.3	171.5	3201.0	n/a	n/a	n/a	n/a
192.878	0.0	trigger_11	11	n/a	n/a	n/a	n/a	n/a	n/a	n/a
192.942	0.0	trigger_12	12	n/a	n/a	n/a	n/a	n/a	n/a	n/a
193.089	0.06	saccade	n/a	563.7	171.7	n/a	146.8	190.1	14.62	425.0
193.151	0.518	fixation	n/a	135.5	192.2	3197.0	n/a	n/a	n/a	n/a
193.671	0.22	saccade	n/a	120.2	200.8	n/a	156.0	183.9	1.37	1300.0
193.721	0.102	blink	n/a	n/a	n/a	n/a	n/a	n/a	n/a	n/a
193.893	0.146	fixation	n/a	165.8	192.5	3063.0	n/a	n/a	n/a	n/a
194.041	0.026	saccade	n/a	174.5	193.8	n/a	217.9	188.7	1.52	113.0
194.069	0.182	fixation	n/a	215.0	191.7	3237.0	n/a	n/a	n/a	n/a
194.253	0.024	saccade	n/a	218.2	195.7	n/a	278.2	188.2	2.13	133.0
194.279	0.176	fixation	n/a	277.3	187.6	3156.0	n/a	n/a	n/a	n/a
194.457	0.032	saccade	n/a	276.8	185.9	n/a	198.6	196.6	2.76	205.0
194.491	0.346	fixation	n/a	203.0	190.6	3209.0	n/a	n/a	n/a	n/a
194.839	0.034	saccade	n/a	201.6	190.8	n/a	295.0	186.6	3.28	212.0
194.875	0.258	fixation	n/a	297.6	181.0	3276.0	n/a	n/a	n/a	n/a
195.135	0.024	saccade	n/a	310.1	176.2	n/a	359.1	175.3	1.74	121.0
195.161	0.234	fixation	n/a	358.6	182.0	3214.0	n/a	n/a	n/a	n/a
195.397	0.042	saccade	n/a	361.8	184.4	n/a	509.6	168.6	5.3	212.0
195.441	0.16	fixation	n/a	510.0	170.8	3148.0	n/a	n/a	n/a	n/a
195.603	0.026	saccade	n/a	513.5	172.2	n/a	574.4	167.8	2.17	148.0
195.631	0.3	fixation	n/a	571.1	168.9	3074.0	n/a	n/a	n/a	n/a
195.933	0.062	saccade	n/a	569.0	168.3	n/a	140.2	230.7	15.13	413.0
195.997	0.29	fixation	n/a	136.2	238.4	3054.0	n/a	n/a	n/a	n/a
196.289	0.03	saccade	n/a	134.7	241.0	n/a	229.9	238.5	3.3	188.0
196.321	0.228	fixation	n/a	235.1	243.6	3138.0	n/a	n/a	n/a	n/a
196.551	0.032	saccade	n/a	239.4	243.6	n/a	368.6	237.2	4.57	216.0
196.585	0.172	fixation	n/a	375.1	236.1	3119.0	n/a	n/a	n/a	n/a
196.759	0.028	saccade	n/a	379.6	236.8	n/a	449.6	235.2	2.5	151.0
196.789	0.202	fixation	n/a	449.1	233.5	3050.0	n/a	n/a	n/a	n/a
196.993	0.026	saccade	n/a	454.6	236.6	n/a	514.5	235.6	2.14	125.0
197.021	0.286	fixation	n/a	514.9	236.9	2920.0	n/a	n/a	n/a	n/a
197.309	0.03	saccade	n/a	517.6	235.2	n/a	592.9	222.2	2.72	149.0
197.341	0.174	fixation	n/a	591.8	224.9	2803.0	n/a	n/a	n/a	n/a
197.517	0.064	saccade	n/a	590.8	226.2	n/a	144.3	294.4	15.77	406.0
197.583	0.276	fixation	n/a	140.0	302.0	2733.0	n/a	n/a	n/a	n/a
197.861	0.028	saccade	n/a	139.6	303.5	n/a	211.9	303.9	2.49	145.0
197.891	0.216	fixation	n/a	215.8	304.4	2760.0	n/a	n/a	n/a	n/a
198.109	0.038	saccade	n/a	219.5	304.5	n/a	127.5	181.6	5.41	276.0
198.12	0.0	trigger_13	13	n/a	n/a	n/a	n/a	n/a	n/a	n/a
198.149	0.39	fixation	n/a	122.8	188.2	2778.0	n/a	n/a	n/a	n/a
198.174	0.0	trigger_10	10	n/a	n/a	n/a	n/a	n/a	n/a	n/a
198.541	0.03	saccade	n/a	115.4	194.5	n/a	198.3	189.7	2.87	189.0
198.573	0.228	fixation	n/a	199.1	189.8	2982.0	n/a	n/a	n/a	n/a
198.803	0.04	saccade	n/a	199.3	186.9	n/a	328.7	179.1	4.56	213.0
198.845	0.256	fixation	n/a	333.2	181.1	3013.0	n/a	n/a	n/a	n/a
199.103	0.02	saccade	n/a	339.0	182.6	n/a	379.1	182.0	1.42	102.0
199.125	0.148	fixation	n/a	376.8	180.5	2969.0	n/a	n/a	n/a	n/a
199.275	0.018	saccade	n/a	380.2	179.0	n/a	413.4	177.7	1.18	83.0
199.295	0.268	fixation	n/a	410.0	179.1	2982.0	n/a	n/a	n/a	n/a
199.565	0.028	saccade	n/a	411.7	181.2	n/a	492.2	176.0	2.88	157.0
199.595	0.18	fixation	n/a	494.1	176.1	2969.0	n/a	n/a	n/a	n/a
199.777	0.026	saccade	n/a	500.5	175.6	n/a	563.6	166.8	2.27	145.0
199.805	0.172	fixation	n/a	561.8	169.3	2927.0	n/a	n/a	n/a	n/a
199.979	0.062	saccade	n/a	562.3	171.1	n/a	134.1	230.4	15.12	411.0
200.043	0.148	fixation	n/a	132.9	236.5	2901.0	n/a	n/a	n/a	n/a
200.193	0.016	saccade	n/a	130.1	240.6	n/a	107.9	250.6	0.84	65.0
200.211	0.32	fixation	n/a	113.1	254.5	2876.0	n/a	n/a	n/a	n/a
200.533	0.036	saccade	n/a	117.6	259.8	n/a	236.5	246.2	4.15	182.0
200.571	0.32	fixation	n/a	239.9	245.2	2897.0	n/a	n/a	n/a	n/a
200.893	0.032	saccade	n/a	245.2	246.4	n/a	341.6	238.0	3.41	170.0
200.927	0.22	fixation	n/a	341.8	242.9	2833.0	n/a	n/a	n/a	n/a
201.149	0.03	saccade	n/a	345.0	245.4	n/a	424.3	241.5	2.83	162.0
201.181	0.388	fixation	n/a	426.4	240.8	2794.0	n/a	n/a	n/a	n/a
201.36	0.0	trigger_11	11	n/a	n/a	n/a	n/a	n/a	n/a	n/a
201.422	0.0	trigger_10	10	n/a	n/a	n/a	n/a	n/a	n/a	n/a
201.571	0.052	saccade	n/a	428.7	239.6	n/a	141.5	198.3	10.15	371.0
201.625	0.222	fixation	n/a	143.6	197.5	2850.0	n/a	n/a	n/a	n/a
201.849	0.02	saccade	n/a	141.9	196.9	n/a	108.1	194.7	1.16	98.0
201.871	0.172	fixation	n/a	114.8	197.0	2902.0	n/a	n/a	n/a	n/a
202.045	0.032	saccade	n/a	116.8	200.4	n/a	228.4	196.3	3.86	194.0
202.079	0.324	fixation	n/a	230.8	196.8	2969.0	n/a	n/a	n/a	n/a
202.405	0.03	saccade	n/a	231.9	199.0	n/a	301.9	188.8	2.49	144.0
202.437	0.308	fixation	n/a	298.7	187.8	3051.0	n/a	n/a	n/a	n/a
202.747	0.024	saccade	n/a	300.8	185.8	n/a	365.2	180.2	2.29	138.0
202.773	0.198	fixation	n/a	367.2	182.5	3071.0	n/a	n/a	n/a	n/a
202.973	0.024	saccade	n/a	365.0	181.2	n/a	318.2	179.3	1.66	123.0
202.999	0.162	fixation	n/a	325.4	182.0	3046.0	n/a	n/a	n/a	n/a
203.163	0.188	saccade	n/a	325.8	186.6	n/a	376.6	156.6	2.1	1204.0
203.207	0.086	blink	n/a	n/a	n/a	n/a	n/a	n/a	n/a	n/a
203.353	0.224	fixation	n/a	385.4	175.5	2821.0	n/a	n/a	n/a	n/a
203.579	0.028	saccade	n/a	385.9	177.9	n/a	461.6	168.7	2.71	166.0
203.609	0.262	fixation	n/a	461.2	170.9	2792.0	n/a	n/a	n/a	n/a
203.873	0.026	saccade	n/a	467.8	176.0	n/a	526.7	172.0	2.1	131.0
203.901	0.162	fixation	n/a	525.1	174.5	2677.0	n/a	n/a	n/a	n/a
204.065	0.028	saccade	n/a	526.9	176.7	n/a	588.6	167.6	2.22	135.0
204.095	0.086	fixation	n/a	585.4	169.8	2652.0	n/a	n/a	n/a	n/a
204.183	0.062	saccade	n/a	585.1	168.7	n/a	113.3	247.6	16.68	428.0
204.247	0.26	fixation	n/a	115.2	252.4	2687.0	n/a	n/a	n/a	n/a
204.509	0.03	saccade	n/a	115.3	250.7	n/a	109.4	181.5	2.45	148.0
204.541	0.28	fixation	n/a	111.2	191.1	2792.0	n/a	n/a	n/a	n/a
204.544	0.0	trigger_11	11	n/a	n/a	n/a	n/a	n/a	n/a	n/a
204.6	0.0	trigger_10	10	n/a	n/a	n/a	n/a	n/a	n/a	n/a
204.823	0.02	saccade	n/a	112.3	193.2	n/a	145.6	191.4	1.14	83.0
204.845	0.156	fixation	n/a	139.3	191.1	2972.0	n/a	n/a	n/a	n/a
205.003	0.026	saccade	n/a	140.6	190.1	n/a	205.0	190.2	2.23	146.0
205.031	0.22	fixation	n/a	206.3	193.4	3085.0	n/a	n/a	n/a	n/a
205.253	0.026	saccade	n/a	212.8	195.8	n/a	270.5	190.0	2.04	128.0
205.281	0.216	fixation	n/a	269.8	192.4	3117.0	n/a	n/a	n/a	n/a
205.499	0.028	saccade	n/a	274.8	194.0	n/a	348.6	185.3	2.63	158.0
205.529	0.192	fixation	n/a	347.4	184.1	3109.0	n/a	n/a	n/a	n/a
205.723	0.022	saccade	n/a	349.3	182.0	n/a	390.5	178.9	1.47	93.0
205.747	0.576	fixation	n/a	384.6	185.0	3087.0	n/a	n/a	n/a	n/a
206.325	0.026	saccade	n/a	378.2	185.9	n/a	448.9	177.3	2.54	133.0
206.353	0.318	fixation	n/a	451.0	177.9	2998.0	n/a	n/a	n/a	n/a
206.673	0.02	saccade	n/a	454.2	177.5	n/a	491.0	174.2	1.32	93.0
206.695	0.276	fixation	n/a	488.7	176.5	2888.0	n/a	n/a	n/a	n/a
206.973	0.018	saccade	n/a	492.1	177.5	n/a	519.1	175.8	0.97	70.0
206.993	0.094	fixation	n/a	516.7	173.7	2822.0	n/a	n/a	n/a	n/a
207.089	0.028	saccade	n/a	518.6	171.1	n/a	583.1	166.9	2.3	140.0
207.119	0.284	fixation	n/a	588.6	169.2	2798.0	n/a	n/a	n/a	n/a
207.405	0.072	saccade	n/a	598.8	168.3	n/a	96.1	242.3	17.65	400.0
207.479	0.38	fixation	n/a	98.6	249.4	2720.0	n/a	n/a	n/a	n/a
207.861	0.024	saccade	n/a	102.1	251.9	n/a	164.8	251.1	2.15	136.0
207.887	0.184	fixation	n/a	169.0	253.2	2601.0	n/a	n/a	n/a	n/a
208.073	0.02	saccade	n/a	170.7	249.8	n/a	203.9	245.4	1.16	82.0
208.095	0.208	fixation	n/a	207.4	249.4	2562.0	n/a	n/a	n/a	n/a
208.305	0.024	saccade	n/a	213.1	250.1	n/a	268.0	244.2	1.94	128.0
208.331	0.154	fixation	n/a	273.3	249.5	2529.0	n/a	n/a	n/a	n/a
208.487	0.02	saccade	n/a	279.4	250.6	n/a	310.1	244.3	1.11	75.0
208.509	0.232	fixation	n/a	309.7	240.1	2531.0	n/a	n/a	n/a	n/a
208.743	0.026	saccade	n/a	313.2	240.0	n/a	384.7	234.1	2.54	136.0
208.771	0.248	fixation	n/a	392.7	235.2	2503.0	n/a	n/a	n/a	n/a
209.021	0.028	saccade	n/a	394.4	236.1	n/a	475.9	227.1	2.92	154.0
209.051	0.23	fixation	n/a	481.0	229.2	2470.0	n/a	n/a	n/a	n/a
209.283	0.022	saccade	n/a	485.5	232.0	n/a	531.9	231.9	1.66	109.0
209.307	0.148	fixation	n/a	532.8	229.6	2447.0	n/a	n/a	n/a	n/a
209.457	0.018	saccade	n/a	537.7	230.1	n/a	564.8	226.7	0.97	66.0
209.477	0.186	fixation	n/a	565.4	227.4	2444.0	n/a	n/a	n/a	n/a
209.665	0.066	saccade	n/a	563.9	232.2	n/a	109.0	293.0	15.97	398.0
209.733	0.274	fixation	n/a	114.0	297.4	2418.0	n/a	n/a	n/a	n/a
210.009	0.03	saccade	n/a	119.6	297.9	n/a	218.9	300.7	3.43	174.0
210.041	0.232	fixation	n/a	230.6	302.5	2410.0	n/a	n/a	n/a	n/a
210.275	0.022	saccade	n/a	236.3	303.0	n/a	285.3	300.4	1.72	107.0
210.299	0.202	fixation	n/a	292.0	302.1	2413.0	n/a	n/a	n/a	n/a
210.503	0.026	saccade	n/a	293.2	298.7	n/a	366.2	293.9	2.59	128.0
210.531	0.268	fixation	n/a	373.3	294.6	2364.0	n/a	n/a	n/a	n/a
210.801	0.024	saccade	n/a	375.7	292.2	n/a	442.9	285.8	2.4	140.0
210.827	0.236	fixation	n/a	451.6	291.2	2285.0	n/a	n/a	n/a	n/a
211.065	0.02	saccade	n/a	459.0	295.4	n/a	495.9	289.3	1.33	88.0
211.087	0.142	fixation	n/a	499.0	289.2	2253.0	n/a	n/a	n/a	n/a
211.231	0.026	saccade	n/a	502.4	289.7	n/a	564.7	288.9	2.21	111.0
211.259	0.21	fixation	n/a	572.3	286.9	2193.0	n/a	n/a	n/a	n/a
211.471	0.068	saccade	n/a	569.7	286.5	n/a	103.6	359.8	16.37	385.0
211.541	0.308	fixation	n/a	108.2	362.2	2305.0	n/a	n/a	n/a	n/a
211.851	0.026	saccade	n/a	115.1	361.5	n/a	180.5	360.3	2.24	135.0
211.879	0.178	fixation	n/a	189.5	357.9	2312.0	n/a	n/a	n/a	n/a
212.059	0.042	saccade	n/a	193.4	353.2	n/a	143.1	205.1	5.54	230.0
212.103	0.344	fixation	n/a	152.4	207.4	2344.0	n/a	n/a	n/a	n/a
212.168	0.0	trigger_11	11	n/a	n/a	n/a	n/a	n/a	n/a	n/a
212.22	0.0	trigger_21	21	n/a	n/a	n/a	n/a	n/a	n/a	n/a
212.449	0.018	saccade	n/a	151.8	205.1	n/a	132.4	187.7	0.91	68.0
212.469	0.246	fixation	n/a	139.2	190.9	2367.0	n/a	n/a	n/a	n/a
