onset	duration	trial_type	value	gaze_x	gaze_y	pupil_size	sacc_endx	sacc_endy	sacc_amplitude	sacc_peakvel
0.102	0.588	fixation	n/a	243.6	344.1	3918.0	n/a	n/a	n/a	n/a
0.14	0.0	trigger_95	95	n/a	n/a	n/a	n/a	n/a	n/a	n/a
0.692	0.034	saccade	n/a	243.6	345.7	n/a	184.1	249.4	4.19	184.0
0.728	0.28	fixation	n/a	184.9	246.5	3513.0	n/a	n/a	n/a	n/a
1.01	0.02	saccade	n/a	180.2	247.9	n/a	145.3	244.5	1.26	93.0
1.032	0.232	fixation	n/a	148.3	246.3	3516.0	n/a	n/a	n/a	n/a
1.266	0.016	saccade	n/a	144.2	248.5	n/a	120.5	250.9	0.85	66.0
1.284	0.282	fixation	n/a	126.0	248.4	3638.0	n/a	n/a	n/a	n/a
1.568	0.016	saccade	n/a	123.1	245.5	n/a	100.9	248.1	0.79	65.0
1.586	0.136	fixation	n/a	106.7	247.4	3800.0	n/a	n/a	n/a	n/a
1.724	0.14	saccade	n/a	120.3	248.9	n/a	92.8	210.1	1.73	1468.0
1.76	0.026	blink	n/a	n/a	n/a	n/a	n/a	n/a	n/a	n/a
1.866	0.464	fixation	n/a	101.2	220.4	3876.0	n/a	n/a	n/a	n/a
2.15	0.0	trigger_10	10	n/a	n/a	n/a	n/a	n/a	n/a	n/a
2.332	0.028	saccade	n/a	98.2	222.9	n/a	125.4	174.8	2.01	126.0
2.362	0.172	fixation	n/a	123.4	181.8	3951.0	n/a	n/a	n/a	n/a
2.536	0.022	saccade	n/a	125.4	184.9	n/a	168.4	181.4	1.53	110.0
2.56	0.186	fixation	n/a	161.5	185.7	3862.0	n/a	n/a	n/a	n/a
2.748	0.024	saccade	n/a	162.9	189.1	n/a	213.1	184.4	1.82	125.0
2.774	0.244	fixation	n/a	210.1	186.9	3753.0	n/a	n/a	n/a	n/a
3.02	0.02	saccade	n/a	215.8	191.4	n/a	252.9	186.1	1.36	95.0
3.042	0.256	fixation	n/a	249.6	187.6	3657.0	n/a	n/a	n/a	n/a
3.3	0.018	saccade	n/a	250.8	186.0	n/a	277.1	185.1	0.96	72.0
3.32	0.16	fixation	n/a	275.1	190.4	3628.0	n/a	n/a	n/a	n/a
3.482	0.028	saccade	n/a	275.6	192.1	n/a	337.8	193.1	2.29	144.0
3.512	0.138	fixation	n/a	335.7	195.2	3608.0	n/a	n/a	n/a	n/a
3.652	0.02	saccade	n/a	339.3	196.6	n/a	379.4	194.0	1.49	106.0
3.674	0.15	fixation	n/a	378.1	195.3	3561.0	n/a	n/a	n/a	n/a
3.826	0.028	saccade	n/a	380.8	197.4	n/a	446.6	192.5	2.45	151.0
3.856	0.148	fixation	n/a	446.7	192.0	3472.0	n/a	n/a	n/a	n/a
4.006	0.022	saccade	n/a	451.2	193.1	n/a	491.0	189.1	1.49	104.0
4.03	0.246	fixation	n/a	487.3	187.2	3438.0	n/a	n/a	n/a	n/a
4.278	0.02	saccade	n/a	489.0	188.4	n/a	519.7	187.2	1.14	78.0
4.3	0.118	fixation	n/a	518.6	188.7	3393.0	n/a	n/a	n/a	n/a
4.42	0.022	saccade	n/a	521.6	192.8	n/a	559.1	186.1	1.41	92.0
4.444	0.246	fixation	n/a	555.6	187.6	3399.0	n/a	n/a	n/a	n/a
4.692	0.062	saccade	n/a	556.5	190.6	n/a	147.5	247.3	15.0	406.0
4.756	0.136	fixation	n/a	149.0	249.0	3420.0	n/a	n/a	n/a	n/a
4.894	0.022	saccade	n/a	146.0	253.9	n/a	112.9	259.5	1.19	98.0
4.918	0.232	fixation	n/a	117.4	258.4	3428.0	n/a	n/a	n/a	n/a
5.152	0.024	saccade	n/a	118.6	259.7	n/a	174.6	254.4	2.0	123.0
5.178	0.188	fixation	n/a	176.8	256.8	3447.0	n/a	n/a	n/a	n/a
5.368	0.026	saccade	n/a	179.9	259.0	n/a	239.3	251.5	2.16	143.0
5.396	0.208	fixation	n/a	238.0	251.9	3416.0	n/a	n/a	n/a	n/a
5.606	0.024	saccade	n/a	239.2	250.5	n/a	289.6	247.0	1.84	122.0
5.632	0.162	fixation	n/a	287.3	250.2	3387.0	n/a	n/a	n/a	n/a
5.796	0.026	saccade	n/a	289.0	252.6	n/a	338.7	249.5	1.83	123.0
5.824	0.222	fixation	n/a	336.6	249.9	3338.0	n/a	n/a	n/a	n/a
6.048	0.022	saccade	n/a	340.1	251.1	n/a	386.8	249.4	1.72	119.0
6.072	0.182	fixation	n/a	384.2	247.6	3313.0	n/a	n/a	n/a	n/a
6.256	0.016	saccade	n/a	388.1	247.7	n/a	410.8	244.5	0.85	65.0
6.274	0.304	fixation	n/a	410.3	242.5	3295.0	n/a	n/a	n/a	n/a
6.58	0.036	saccade	n/a	412.0	242.8	n/a	324.6	178.0	4.03	226.0
6.618	0.37	fixation	n/a	327.8	179.5	3336.0	n/a	n/a	n/a	n/a
6.716	0.0	trigger_11	11	n/a	n/a	n/a	n/a	n/a	n/a	n/a
6.82	0.0	trigger_12	12	n/a	n/a	n/a	n/a	n/a	n/a	n/a
6.99	0.044	saccade	n/a	326.8	182.5	n/a	132.5	180.4	7.01	307.0
7.036	0.32	fixation	n/a	131.8	182.7	3474.0	n/a	n/a	n/a	n/a
7.358	0.026	saccade	n/a	130.9	181.4	n/a	186.3	181.5	1.97	126.0
7.386	0.274	fixation	n/a	183.6	184.1	3445.0	n/a	n/a	n/a	n/a
7.662	0.026	saccade	n/a	188.2	188.7	n/a	254.3	183.2	2.4	147.0
7.69	0.248	fixation	n/a	255.4	186.5	3410.0	n/a	n/a	n/a	n/a
7.94	0.026	saccade	n/a	258.6	192.4	n/a	320.0	187.6	2.26	138.0
7.968	0.176	fixation	n/a	319.7	189.7	3373.0	n/a	n/a	n/a	n/a
8.146	0.028	saccade	n/a	322.6	188.8	n/a	387.2	188.0	2.38	140.0
8.176	0.192	fixation	n/a	384.9	189.8	3346.0	n/a	n/a	n/a	n/a
8.37	0.018	saccade	n/a	387.7	190.0	n/a	410.2	190.3	0.83	59.0
8.39	0.156	fixation	n/a	410.3	192.7	3303.0	n/a	n/a	n/a	n/a
8.548	0.026	saccade	n/a	413.0	192.7	n/a	473.1	190.4	2.23	139.0
8.576	0.298	fixation	n/a	470.6	188.3	3258.0	n/a	n/a	n/a	n/a
8.876	0.024	saccade	n/a	474.2	189.1	n/a	528.2	186.1	2.0	122.0
8.902	1.26	fixation	n/a	516.2	187.4	3350.0	n/a	n/a	n/a	n/a
10.164	0.026	saccade	n/a	519.2	189.0	n/a	568.2	186.9	1.81	118.0
10.192	0.138	fixation	n/a	564.1	188.4	3506.0	n/a	n/a	n/a	n/a
10.332	0.064	saccade	n/a	563.8	187.9	n/a	149.9	236.6	15.1	408.0
10.398	0.344	fixation	n/a	150.8	243.1	3528.0	n/a	n/a	n/a	n/a
10.744	0.032	saccade	n/a	149.6	249.3	n/a	236.7	244.0	3.14	183.0
10.778	0.264	fixation	n/a	234.2	246.4	3445.0	n/a	n/a	n/a	n/a
11.044	0.026	saccade	n/a	235.4	246.1	n/a	235.8	188.2	2.15	138.0
11.072	0.18	fixation	n/a	238.1	192.0	3405.0	n/a	n/a	n/a	n/a
11.254	0.02	saccade	n/a	241.5	192.8	n/a	277.5	192.0	1.31	96.0
11.276	0.132	fixation	n/a	273.7	192.2	3456.0	n/a	n/a	n/a	n/a
11.41	0.038	saccade	n/a	273.9	192.0	n/a	131.3	186.6	5.14	280.0
11.45	0.156	fixation	n/a	133.4	187.1	3496.0	n/a	n/a	n/a	n/a
11.608	0.032	saccade	n/a	132.7	185.1	n/a	218.6	183.8	3.07	184.0
11.642	0.154	fixation	n/a	218.3	187.3	3549.0	n/a	n/a	n/a	n/a
11.798	0.032	saccade	n/a	222.1	186.7	n/a	296.0	178.4	2.71	179.0
11.832	0.27	fixation	n/a	294.1	178.0	3624.0	n/a	n/a	n/a	n/a
11.876	0.0	trigger_13	13	n/a	n/a	n/a	n/a	n/a	n/a	n/a
12.104	0.04	saccade	n/a	294.9	179.5	n/a	129.6	194.8	5.98	320.0
12.146	0.172	fixation	n/a	130.3	197.2	3673.0	n/a	n/a	n/a	n/a
12.32	0.022	saccade	n/a	129.9	204.7	n/a	132.0	245.0	1.48	99.0
12.344	0.152	fixation	n/a	132.0	239.9	3686.0	n/a	n/a	n/a	n/a
12.498	0.028	saccade	n/a	132.4	235.9	n/a	140.7	179.2	2.11	145.0
12.528	0.174	fixation	n/a	140.6	182.7	3743.0	n/a	n/a	n/a	n/a
12.704	0.024	saccade	n/a	143.5	183.6	n/a	194.6	180.4	1.83	124.0
12.73	0.234	fixation	n/a	193.5	182.9	3766.0	n/a	n/a	n/a	n/a
12.966	0.028	saccade	n/a	196.5	184.1	n/a	257.1	179.9	2.21	139.0
12.996	0.28	fixation	n/a	254.8	178.4	3833.0	n/a	n/a	n/a	n/a
13.278	0.036	saccade	n/a	254.8	177.6	n/a	134.5	176.9	4.32	257.0
13.316	0.194	fixation	n/a	138.6	179.2	3904.0	n/a	n/a	n/a	n/a
13.512	0.026	saccade	n/a	138.1	183.4	n/a	134.3	242.2	2.17	127.0
13.54	0.182	fixation	n/a	134.8	239.3	3966.0	n/a	n/a	n/a	n/a
13.724	0.028	saccade	n/a	132.9	241.2	n/a	127.7	299.7	2.15	128.0
13.754	0.222	fixation	n/a	126.9	303.3	3984.0	n/a	n/a	n/a	n/a
13.978	0.024	saccade	n/a	123.4	308.1	n/a	129.3	360.9	1.93	115.0
14.004	0.108	fixation	n/a	130.8	361.4	3973.0	n/a	n/a	n/a	n/a
14.114	0.116	saccade	n/a	130.7	364.2	n/a	383.5	776.8	16.81	223.0
14.232	0.052	fixation	n/a	382.7	822.1	3756.0	n/a	n/a	n/a	n/a
14.286	0.014	saccade	n/a	389.6	843.0	n/a	416.9	836.3	0.96	80.0
14.302	0.374	fixation	n/a	423.5	818.0	3418.0	n/a	n/a	n/a	n/a
14.678	0.186	saccade	n/a	421.8	812.7	n/a	147.1	241.4	21.95	542.0
14.724	0.066	blink	n/a	n/a	n/a	n/a	n/a	n/a	n/a	n/a
14.866	0.192	fixation	n/a	149.2	246.3	3741.0	n/a	n/a	n/a	n/a
15.06	0.016	saccade	n/a	146.2	241.1	n/a	120.8	242.1	0.9	74.0
15.078	0.48	fixation	n/a	130.4	242.8	3841.0	n/a	n/a	n/a	n/a
15.56	0.016	saccade	n/a	136.8	244.5	n/a	112.0	241.8	0.89	72.0
15.578	0.422	fixation	n/a	125.3	246.2	3764.0	n/a	n/a	n/a	n/a
15.74	0.0	trigger_15	15	n/a	n/a	n/a	n/a	n/a	n/a	n/a
15.8	0.0	trigger_10	10	n/a	n/a	n/a	n/a	n/a	n/a	n/a
16.002	0.03	saccade	n/a	132.2	244.6	n/a	118.2	173.8	2.65	166.0
16.034	0.302	fixation	n/a	120.7	180.4	3724.0	n/a	n/a	n/a	n/a
16.338	0.022	saccade	n/a	123.4	181.4	n/a	166.5	181.8	1.54	100.0
16.362	0.16	fixation	n/a	162.6	177.8	3657.0	n/a	n/a	n/a	n/a
16.524	0.02	saccade	n/a	160.4	178.4	n/a	122.6	174.0	1.35	91.0
16.546	0.454	fixation	n/a	133.3	178.9	3659.0	n/a	n/a	n/a	n/a
17.002	0.034	saccade	n/a	143.6	183.3	n/a	240.0	175.1	3.48	171.0
17.038	0.168	fixation	n/a	237.8	176.5	3693.0	n/a	n/a	n/a	n/a
17.208	0.022	saccade	n/a	241.2	178.2	n/a	285.8	178.5	1.62	107.0
17.232	0.176	fixation	n/a	282.7	180.9	3706.0	n/a	n/a	n/a	n/a
17.41	0.028	saccade	n/a	286.3	183.5	n/a	355.2	180.5	2.53	150.0
17.44	0.236	fixation	n/a	353.6	184.1	3632.0	n/a	n/a	n/a	n/a
17.678	0.146	saccade	n/a	355.6	192.0	n/a	436.6	166.1	3.14	1873.0
17.714	0.044	blink	n/a	n/a	n/a	n/a	n/a	n/a	n/a	n/a
17.826	0.304	fixation	n/a	444.5	184.0	3320.0	n/a	n/a	n/a	n/a
18.132	0.034	saccade	n/a	447.9	185.2	n/a	554.6	183.2	3.95	205.0
18.168	0.274	fixation	n/a	555.4	184.5	3297.0	n/a	n/a	n/a	n/a
18.444	0.022	saccade	n/a	560.7	184.3	n/a	604.9	182.9	1.63	109.0
18.468	0.16	fixation	n/a	604.1	180.2	3209.0	n/a	n/a	n/a	n/a
18.63	0.066	saccade	n/a	604.7	178.9	n/a	139.0	249.4	17.01	437.0
18.698	0.352	fixation	n/a	139.0	254.1	3207.0	n/a	n/a	n/a	n/a
19.052	0.026	saccade	n/a	136.6	256.0	n/a	192.4	245.8	2.02	140.0
19.08	0.158	fixation	n/a	192.5	251.4	3220.0	n/a	n/a	n/a	n/a
19.24	0.022	saccade	n/a	197.1	254.4	n/a	239.9	247.9	1.56	110.0
19.264	0.192	fixation	n/a	238.7	250.2	3225.0	n/a	n/a	n/a	n/a
19.458	0.032	saccade	n/a	240.4	249.9	n/a	327.1	242.0	3.17	173.0
19.492	0.296	fixation	n/a	330.1	246.2	3206.0	n/a	n/a	n/a	n/a
19.79	0.036	saccade	n/a	333.5	248.3	n/a	451.2	238.2	4.36	220.0
19.828	0.324	fixation	n/a	452.3	239.6	3204.0	n/a	n/a	n/a	n/a
20.154	0.046	saccade	n/a	453.9	242.8	n/a	265.0	202.5	7.11	327.0
20.202	0.386	fixation	n/a	266.1	203.1	3270.0	n/a	n/a	n/a	n/a
20.348	0.0	trigger_11	11	n/a	n/a	n/a	n/a	n/a	n/a	n/a
20.454	0.0	trigger_10	10	n/a	n/a	n/a	n/a	n/a	n/a	n/a
20.59	0.038	saccade	n/a	264.4	204.0	n/a	122.9	183.1	5.13	279.0
20.63	0.284	fixation	n/a	127.7	188.8	3399.0	n/a	n/a	n/a	n/a
20.916	0.028	saccade	n/a	129.8	193.2	n/a	196.4	193.6	2.38	152.0
20.946	0.27	fixation	n/a	194.7	192.9	3372.0	n/a	n/a	n/a	n/a
21.218	0.026	saccade	n/a	197.4	192.4	n/a	266.7	186.9	2.51	152.0
21.246	0.202	fixation	n/a	268.4	188.8	3338.0	n/a	n/a	n/a	n/a
21.45	0.026	saccade	n/a	270.9	190.3	n/a	329.1	190.1	2.13	128.0
21.478	0.202	fixation	n/a	329.7	190.8	3311.0	n/a	n/a	n/a	n/a
21.682	0.032	saccade	n/a	332.6	191.0	n/a	427.3	185.6	3.49	196.0
21.716	0.198	fixation	n/a	426.2	187.8	3259.0	n/a	n/a	n/a	n/a
21.916	0.02	saccade	n/a	429.3	189.5	n/a	461.9	187.5	1.21	84.0
21.938	0.13	fixation	n/a	460.2	186.5	3201.0	n/a	n/a	n/a	n/a
22.07	0.026	saccade	n/a	462.4	186.4	n/a	517.6	182.2	2.05	118.0
22.098	0.266	fixation	n/a	517.6	185.2	3124.0	n/a	n/a	n/a	n/a
22.366	0.026	saccade	n/a	521.0	186.3	n/a	588.9	182.0	2.51	134.0
22.394	0.18	fixation	n/a	592.2	183.5	3072.0	n/a	n/a	n/a	n/a
22.576	0.066	saccade	n/a	592.5	182.4	n/a	137.2	239.4	16.57	409.0
22.644	0.29	fixation	n/a	133.5	242.8	3065.0	n/a	n/a	n/a	n/a
22.936	0.026	saccade	n/a	134.4	244.2	n/a	195.4	246.8	2.18	133.0
22.964	0.136	fixation	n/a	195.0	247.0	3105.0	n/a	n/a	n/a	n/a
23.102	0.028	saccade	n/a	196.3	247.0	n/a	252.0	244.8	2.02	137.0
23.132	0.238	fixation	n/a	251.7	247.9	3109.0	n/a	n/a	n/a	n/a
23.372	0.016	saccade	n/a	250.1	246.8	n/a	227.6	247.0	0.82	65.0
23.39	0.14	fixation	n/a	232.6	249.2	3040.0	n/a	n/a	n/a	n/a
23.532	0.026	saccade	n/a	237.9	253.2	n/a	307.1	248.5	2.54	158.0
23.56	0.154	fixation	n/a	309.5	249.3	2978.0	n/a	n/a	n/a	n/a
23.716	0.024	saccade	n/a	312.5	248.8	n/a	366.8	243.3	2.01	127.0
23.742	0.214	fixation	n/a	367.3	244.1	2973.0	n/a	n/a	n/a	n/a
23.958	0.022	saccade	n/a	369.3	246.1	n/a	410.4	241.4	1.53	102.0
23.982	0.154	fixation	n/a	409.4	241.3	2978.0	n/a	n/a	n/a	n/a
24.138	0.026	saccade	n/a	412.3	241.5	n/a	475.8	238.7	2.35	144.0
24.166	0.336	fixation	n/a	477.2	241.6	2936.0	n/a	n/a	n/a	n/a
24.504	0.024	saccade	n/a	480.7	247.1	n/a	535.7	241.9	2.05	113.0
24.53	0.212	fixation	n/a	538.6	240.7	2917.0	n/a	n/a	n/a	n/a
24.744	0.022	saccade	n/a	542.2	239.9	n/a	590.8	239.5	1.79	115.0
24.768	0.098	fixation	n/a	592.0	239.5	2910.0	n/a	n/a	n/a	n/a
24.868	0.022	saccade	n/a	596.1	239.7	n/a	639.4	240.4	1.59	106.0
24.892	0.15	fixation	n/a	638.9	242.1	2889.0	n/a	n/a	n/a	n/a
25.044	0.072	saccade	n/a	640.7	242.7	n/a	113.2	299.8	19.02	428.0
25.118	0.24	fixation	n/a	117.0	305.5	2902.0	n/a	n/a	n/a	n/a
25.36	0.034	saccade	n/a	115.5	308.7	n/a	217.4	305.1	3.64	183.0
25.396	0.248	fixation	n/a	218.7	306.5	2917.0	n/a	n/a	n/a	n/a
25.646	0.026	saccade	n/a	222.2	309.3	n/a	280.1	307.1	2.1	144.0
25.674	0.306	fixation	n/a	278.9	307.4	2872.0	n/a	n/a	n/a	n/a
25.982	0.032	saccade	n/a	280.1	307.0	n/a	376.0	295.1	3.54	177.0
26.016	0.188	fixation	n/a	381.8	295.9	2828.0	n/a	n/a	n/a	n/a
26.206	0.03	saccade	n/a	384.8	295.3	n/a	463.5	292.0	2.91	169.0
26.238	0.198	fixation	n/a	465.3	294.0	2812.0	n/a	n/a	n/a	n/a
26.438	0.024	saccade	n/a	468.6	295.6	n/a	519.9	296.4	1.9	122.0
26.464	0.18	fixation	n/a	520.1	295.8	2781.0	n/a	n/a	n/a	n/a
26.646	0.026	saccade	n/a	523.3	297.2	n/a	586.8	291.4	2.35	131.0
26.674	0.202	fixation	n/a	588.4	293.5	2729.0	n/a	n/a	n/a	n/a
26.878	0.066	saccade	n/a	587.8	297.6	n/a	138.2	361.2	16.37	422.0
26.946	0.37	fixation	n/a	139.5	365.1	2693.0	n/a	n/a	n/a	n/a
27.318	0.014	saccade	n/a	132.9	366.5	n/a	113.6	369.7	0.69	58.0
27.334	0.356	fixation	n/a	117.8	376.2	2702.0	n/a	n/a	n/a	n/a
27.692	0.032	saccade	n/a	118.4	374.6	n/a	221.9	363.5	3.7	201.0
27.726	0.144	fixation	n/a	224.9	365.2	2823.0	n/a	n/a	n/a	n/a
27.872	0.032	saccade	n/a	226.8	367.6	n/a	323.9	356.4	3.54	208.0
27.906	0.174	fixation	n/a	329.4	360.4	2830.0	n/a	n/a	n/a	n/a
28.082	0.02	saccade	n/a	335.6	361.9	n/a	374.8	359.6	1.44	100.0
28.104	0.138	fixation	n/a	371.8	359.8	2797.0	n/a	n/a	n/a	n/a
28.244	0.022	saccade	n/a	374.0	359.6	n/a	417.8	359.6	1.61	103.0
28.268	0.178	fixation	n/a	417.1	359.6	2756.0	n/a	n/a	n/a	n/a
28.448	0.036	saccade	n/a	418.0	359.7	n/a	547.6	355.8	4.77	195.0
28.486	0.144	fixation	n/a	553.6	356.9	2741.0	n/a	n/a	n/a	n/a
28.632	0.018	saccade	n/a	557.7	356.3	n/a	584.6	354.3	0.99	70.0
28.652	0.176	fixation	n/a	582.7	358.7	2755.0	n/a	n/a	n/a	n/a
28.83	0.066	saccade	n/a	582.6	359.7	n/a	137.5	423.0	16.15	410.0
28.898	0.272	fixation	n/a	138.0	426.6	2714.0	n/a	n/a	n/a	n/a
29.172	0.032	saccade	n/a	138.4	426.6	n/a	232.1	426.5	3.33	196.0
29.206	0.176	fixation	n/a	233.8	424.3	2724.0	n/a	n/a	n/a	n/a
29.384	0.046	saccade	n/a	234.4	418.3	n/a	160.8	241.3	6.99	278.0
29.39	0.0	trigger_11	11	n/a	n/a	n/a	n/a	n/a	n/a	n/a
29.432	0.12	fixation	n/a	163.8	244.2	2761.0	n/a	n/a	n/a	n/a
29.492	0.0	trigger_10	10	n/a	n/a	n/a	n/a	n/a	n/a	n/a
29.554	0.028	saccade	n/a	164.5	243.6	n/a	118.5	199.5	2.3	155.0
29.584	0.24	fixation	n/a	123.3	202.4	2837.0	n/a	n/a	n/a	n/a
29.826	0.02	saccade	n/a	126.1	201.7	n/a	164.8	191.4	1.43	101.0
29.848	0.21	fixation	n/a	162.7	193.1	2878.0	n/a	n/a	n/a	n/a
30.06	0.024	saccade	n/a	164.7	194.1	n/a	222.4	187.0	2.09	122.0
30.086	0.266	fixation	n/a	222.9	189.0	2926.0	n/a	n/a	n/a	n/a
30.354	0.022	saccade	n/a	224.6	188.2	n/a	267.6	189.2	1.56	103.0
30.378	0.278	fixation	n/a	269.4	192.2	3079.0	n/a	n/a	n/a	n/a
30.658	0.038	saccade	n/a	272.0	190.5	n/a	382.2	180.7	4.06	165.0
30.698	0.348	fixation	n/a	379.2	180.5	3221.0	n/a	n/a	n/a	n/a
31.048	0.032	saccade	n/a	375.8	184.3	n/a	475.6	178.2	3.7	207.0
31.082	0.27	fixation	n/a	475.9	183.9	3214.0	n/a	n/a	n/a	n/a
31.354	0.032	saccade	n/a	481.2	186.8	n/a	573.9	179.8	3.44	191.0
31.388	0.122	fixation	n/a	573.5	179.1	3201.0	n/a	n/a	n/a	n/a
31.512	0.02	saccade	n/a	579.6	180.4	n/a	614.5	181.7	1.28	90.0
31.534	0.128	fixation	n/a	612.4	182.3	3157.0	n/a	n/a	n/a	n/a
31.664	0.018	saccade	n/a	616.9	179.9	n/a	641.2	179.8	0.89	66.0
31.684	0.106	fixation	n/a	637.4	182.0	3148.0	n/a	n/a	n/a	n/a
31.792	0.066	saccade	n/a	636.6	184.7	n/a	166.2	242.4	17.15	443.0
31.86	0.132	fixation	n/a	164.8	247.5	3187.0	n/a	n/a	n/a	n/a
31.994	0.018	saccade	n/a	161.0	250.8	n/a	131.2	252.1	1.06	82.0
32.014	0.23	fixation	n/a	134.8	252.4	3225.0	n/a	n/a	n/a	n/a
32.246	0.028	saccade	n/a	135.4	254.9	n/a	208.7	245.6	2.64	167.0
32.276	0.572	fixation	n/a	207.5	254.6	3240.0	n/a	n/a	n/a	n/a
32.85	0.032	saccade	n/a	208.2	257.3	n/a	291.5	251.6	3.03	160.0
32.884	0.318	fixation	n/a	288.6	253.6	3281.0	n/a	n/a	n/a	n/a
33.204	0.03	saccade	n/a	286.3	251.9	n/a	362.0	250.2	2.77	168.0
33.236	0.206	fixation	n/a	360.5	251.8	3285.0	n/a	n/a	n/a	n/a
33.444	0.028	saccade	n/a	362.9	254.0	n/a	430.6	252.1	2.5	156.0
33.474	0.206	fixation	n/a	429.3	253.5	3271.0	n/a	n/a	n/a	n/a
33.682	0.024	saccade	n/a	433.2	253.5	n/a	483.9	248.6	1.88	124.0
33.708	0.404	fixation	n/a	482.6	250.3	3226.0	n/a	n/a	n/a	n/a
34.114	0.028	saccade	n/a	484.7	250.1	n/a	539.9	244.2	2.05	122.0
34.144	0.092	fixation	n/a	536.1	245.0	3220.0	n/a	n/a	n/a	n/a
34.238	0.034	saccade	n/a	537.5	245.8	n/a	434.5	191.5	4.31	279.0
34.274	0.38	fixation	n/a	437.4	195.2	3341.0	n/a	n/a	n/a	n/a
34.382	0.0	trigger_11	11	n/a	n/a	n/a	n/a	n/a	n/a	n/a
34.486	0.0	trigger_10	10	n/a	n/a	n/a	n/a	n/a	n/a	n/a
34.656	0.05	saccade	n/a	434.3	196.0	n/a	176.2	183.6	9.38	363.0
34.708	0.14	fixation	n/a	177.8	187.2	3480.0	n/a	n/a	n/a	n/a
34.85	0.03	saccade	n/a	179.1	192.3	n/a	118.6	188.8	2.16	161.0
34.882	0.248	fixation	n/a	124.6	187.5	3498.0	n/a	n/a	n/a	n/a
35.132	0.022	saccade	n/a	126.1	184.3	n/a	171.5	181.9	1.62	112.0
35.156	0.132	fixation	n/a	168.3	181.9	3538.0	n/a	n/a	n/a	n/a
35.29	0.026	saccade	n/a	169.7	180.2	n/a	225.2	177.5	2.0	139.0
35.318	0.264	fixation	n/a	222.0	181.0	3561.0	n/a	n/a	n/a	n/a
35.584	0.028	saccade	n/a	222.0	184.7	n/a	292.7	177.4	2.58	156.0
35.614	0.194	fixation	n/a	291.4	182.3	3579.0	n/a	n/a	n/a	n/a
35.81	0.02	saccade	n/a	296.4	184.9	n/a	330.4	181.9	1.25	85.0
35.832	0.276	fixation	n/a	329.6	185.2	3574.0	n/a	n/a	n/a	n/a
36.11	0.016	saccade	n/a	330.7	191.0	n/a	306.8	192.1	0.88	71.0
36.128	0.386	fixation	n/a	312.4	190.4	3486.0	n/a	n/a	n/a	n/a
36.516	0.024	saccade	n/a	313.7	187.0	n/a	359.8	183.8	1.7	98.0
36.542	0.262	fixation	n/a	360.4	183.8	3462.0	n/a	n/a	n/a	n/a
36.806	0.024	saccade	n/a	363.1	183.3	n/a	417.4	178.6	2.01	123.0
36.832	0.31	fixation	n/a	415.6	184.3	3400.0	n/a	n/a	n/a	n/a
37.144	0.026	saccade	n/a	417.8	189.0	n/a	482.9	184.8	2.42	135.0
37.172	0.174	fixation	n/a	482.0	184.5	3332.0	n/a	n/a	n/a	n/a
37.348	0.03	saccade	n/a	484.8	184.9	n/a	563.9	182.7	2.91	165.0
37.38	0.216	fixation	n/a	560.8	182.2	3315.0	n/a	n/a	n/a	n/a
37.598	0.024	saccade	n/a	564.1	181.5	n/a	615.7	181.1	1.89	121.0
37.624	0.166	fixation	n/a	613.2	184.8	3272.0	n/a	n/a	n/a	n/a
37.792	0.068	saccade	n/a	613.6	188.0	n/a	116.5	249.0	17.99	428.0
37.862	0.27	fixation	n/a	122.2	256.3	3221.0	n/a	n/a	n/a	n/a
38.134	0.028	saccade	n/a	121.7	258.7	n/a	193.4	258.4	2.56	153.0
38.164	0.244	fixation	n/a	195.2	258.1	3202.0	n/a	n/a	n/a	n/a
38.41	0.026	saccade	n/a	197.2	258.5	n/a	258.5	251.2	2.23	136.0
38.438	0.24	fixation	n/a	256.1	252.7	3173.0	n/a	n/a	n/a	n/a
38.68	0.028	saccade	n/a	257.9	255.9	n/a	323.6	245.5	2.43	150.0
38.71	0.194	fixation	n/a	323.3	245.8	3139.0	n/a	n/a	n/a	n/a
38.906	0.028	saccade	n/a	326.7	245.4	n/a	386.1	244.0	2.18	153.0
38.936	0.252	fixation	n/a	385.0	247.1	3183.0	n/a	n/a	n/a	n/a
39.19	0.034	saccade	n/a	386.8	248.2	n/a	489.4	245.9	3.78	188.0
39.226	0.278	fixation	n/a	488.7	251.3	3203.0	n/a	n/a	n/a	n/a
39.506	0.026	saccade	n/a	491.0	252.4	n/a	549.3	248.5	2.16	127.0
39.534	0.144	fixation	n/a	547.7	249.0	3169.0	n/a	n/a	n/a	n/a
39.68	0.02	saccade	n/a	550.6	250.6	n/a	585.9	246.0	1.31	93.0
39.702	0.172	fixation	n/a	582.4	246.5	3147.0	n/a	n/a	n/a	n/a
39.876	0.062	saccade	n/a	581.9	245.2	n/a	152.1	294.9	15.65	434.0
39.94	0.148	fixation	n/a	155.5	294.5	3228.0	n/a	n/a	n/a	n/a
40.09	0.018	saccade	n/a	152.5	295.5	n/a	125.8	302.8	0.98	79.0
40.11	0.344	fixation	n/a	131.3	304.3	3281.0	n/a	n/a	n/a	n/a
40.456	0.028	saccade	n/a	132.1	305.1	n/a	207.8	302.5	2.69	158.0
40.486	0.312	fixation	n/a	208.8	304.1	3216.0	n/a	n/a	n/a	n/a
40.8	0.028	saccade	n/a	210.5	306.7	n/a	279.1	300.4	2.49	164.0
40.83	0.14	fixation	n/a	277.1	301.4	3193.0	n/a	n/a	n/a	n/a
40.972	0.234	saccade	n/a	277.2	302.3	n/a	250.9	294.8	0.99	748.0
41.018	0.114	blink	n/a	n/a	n/a	n/a	n/a	n/a	n/a	n/a
41.208	0.402	fixation	n/a	258.7	302.0	3093.0	n/a	n/a	n/a	n/a
41.31	0.0	trigger_11	11	n/a	n/a	n/a	n/a	n/a	n/a	n/a
41.414	0.0	trigger_10	10	n/a	n/a	n/a	n/a	n/a	n/a	n/a
41.612	0.04	saccade	n/a	257.6	304.1	n/a	140.7	186.7	6.03	304.0
41.654	0.198	fixation	n/a	138.0	186.5	3152.0	n/a	n/a	n/a	n/a
41.854	0.024	saccade	n/a	134.8	184.1	n/a	102.5	176.9	1.17	106.0
41.88	0.3	fixation	n/a	107.8	181.8	3193.0	n/a	n/a	n/a	n/a
42.182	0.018	saccade	n/a	110.0	184.2	n/a	138.2	181.9	1.0	71.0
42.202	0.31	fixation	n/a	137.0	178.1	3265.0	n/a	n/a	n/a	n/a
42.514	0.016	saccade	n/a	141.8	174.9	n/a	163.1	174.5	0.76	55.0
42.532	0.152	fixation	n/a	164.2	173.7	3380.0	n/a	n/a	n/a	n/a
42.686	0.02	saccade	n/a	168.1	173.1	n/a	208.9	171.3	1.46	103.0
42.708	0.17	fixation	n/a	207.8	175.6	3442.0	n/a	n/a	n/a	n/a
42.88	0.02	saccade	n/a	211.9	178.9	n/a	255.1	175.5	1.57	109.0
42.902	0.234	fixation	n/a	253.2	177.1	3471.0	n/a	n/a	n/a	n/a
43.138	0.028	saccade	n/a	256.3	181.2	n/a	324.5	173.2	2.51	153.0
43.168	0.206	fixation	n/a	322.6	178.7	3433.0	n/a	n/a	n/a	n/a
43.376	0.03	saccade	n/a	325.2	181.4	n/a	401.0	181.6	2.79	157.0
43.408	0.162	fixation	n/a	399.1	186.0	3399.0	n/a	n/a	n/a	n/a
43.572	0.024	saccade	n/a	400.6	186.7	n/a	450.8	183.2	1.86	119.0
43.598	0.214	fixation	n/a	447.6	182.7	3376.0	n/a	n/a	n/a	n/a
43.814	0.02	saccade	n/a	450.4	180.0	n/a	483.8	178.9	1.23	87.0
43.836	0.16	fixation	n/a	482.5	182.2	3321.0	n/a	n/a	n/a	n/a
43.998	0.02	saccade	n/a	485.5	183.6	n/a	519.9	180.7	1.27	87.0
44.02	0.198	fixation	n/a	516.7	182.0	3256.0	n/a	n/a	n/a	n/a
44.22	0.064	saccade	n/a	516.8	181.6	n/a	117.9	237.7	14.52	379.0
44.286	0.236	fixation	n/a	119.5	242.9	3238.0	n/a	n/a	n/a	n/a
44.524	0.022	saccade	n/a	122.2	245.2	n/a	160.3	245.7	1.35	90.0
44.548	0.192	fixation	n/a	157.5	247.2	3230.0	n/a	n/a	n/a	n/a
44.742	0.026	saccade	n/a	159.2	249.9	n/a	232.2	247.7	2.62	142.0
44.77	0.226	fixation	n/a	237.3	251.0	3161.0	n/a	n/a	n/a	n/a
44.998	0.028	saccade	n/a	239.1	251.9	n/a	292.9	247.5	1.96	131.0
45.028	0.304	fixation	n/a	294.3	251.6	3077.0	n/a	n/a	n/a	n/a
45.334	0.036	saccade	n/a	295.6	251.9	n/a	401.7	242.5	3.91	199.0
45.372	0.224	fixation	n/a	402.8	243.3	3015.0	n/a	n/a	n/a	n/a
45.598	0.018	saccade	n/a	403.2	246.7	n/a	374.3	246.3	1.07	78.0
45.618	0.092	fixation	n/a	379.6	245.4	3011.0	n/a	n/a	n/a	n/a
45.712	0.032	saccade	n/a	379.1	243.5	n/a	307.9	244.0	2.62	188.0
45.746	0.544	fixation	n/a	308.8	242.9	3020.0	n/a	n/a	n/a	n/a
46.292	0.024	saccade	n/a	310.1	243.9	n/a	367.3	241.2	2.1	126.0
46.318	0.24	fixation	n/a	371.8	243.8	3052.0	n/a	n/a	n/a	n/a
46.56	0.018	saccade	n/a	377.2	246.9	n/a	401.7	246.5	0.9	67.0
46.58	0.132	fixation	n/a	399.6	244.8	3087.0	n/a	n/a	n/a	n/a
46.714	0.03	saccade	n/a	401.3	243.2	n/a	478.1	237.4	2.84	165.0
46.746	0.146	fixation	n/a	477.3	240.5	3099.0	n/a	n/a	n/a	n/a
46.894	0.03	saccade	n/a	480.2	240.0	n/a	558.0	234.3	2.87	161.0
46.926	0.236	fixation	n/a	558.3	236.3	3049.0	n/a	n/a	n/a	n/a
47.164	0.026	saccade	n/a	563.0	237.3	n/a	616.9	232.8	1.99	129.0
47.192	0.226	fixation	n/a	614.7	234.5	3068.0	n/a	n/a	n/a	n/a
47.42	0.018	saccade	n/a	617.5	237.5	n/a	642.8	237.0	0.93	64.0
47.44	0.244	fixation	n/a	640.2	240.2	3055.0	n/a	n/a	n/a	n/a
47.686	0.014	saccade	n/a	644.3	243.0	n/a	659.5	242.5	0.55	49.0
47.702	0.162	fixation	n/a	656.9	242.6	3090.0	n/a	n/a	n/a	n/a
47.866	0.02	saccade	n/a	656.3	244.2	n/a	624.1	239.9	1.19	88.0
47.888	0.168	fixation	n/a	631.3	238.2	3127.0	n/a	n/a	n/a	n/a
48.058	0.018	saccade	n/a	635.7	237.5	n/a	661.8	237.5	0.95	68.0
48.078	0.108	fixation	n/a	658.4	238.2	3157.0	n/a	n/a	n/a	n/a
48.188	0.194	saccade	n/a	656.8	238.7	n/a	241.6	186.5	15.19	1707.0
48.246	0.052	blink	n/a	n/a	n/a	n/a	n/a	n/a	n/a	n/a
48.384	0.174	fixation	n/a	250.7	190.8	3084.0	n/a	n/a	n/a	n/a
48.56	0.03	saccade	n/a	251.5	186.4	n/a	183.0	183.1	2.48	187.0
48.592	0.17	fixation	n/a	185.8	181.8	3282.0	n/a	n/a	n/a	n/a
48.764	0.018	saccade	n/a	182.5	181.3	n/a	148.2	177.4	1.23	90.0
48.784	0.746	fixation	n/a	146.2	185.2	3319.0	n/a	n/a	n/a	n/a
49.182	0.0	trigger_11	11	n/a	n/a	n/a	n/a	n/a	n/a	n/a
49.286	0.0	trigger_10	10	n/a	n/a	n/a	n/a	n/a	n/a	n/a
49.532	0.018	saccade	n/a	142.2	189.1	n/a	113.0	182.8	1.06	78.0
49.552	0.296	fixation	n/a	116.5	183.1	3478.0	n/a	n/a	n/a	n/a
49.85	0.016	saccade	n/a	117.5	183.2	n/a	140.7	179.8	0.83	64.0
49.868	0.328	fixation	n/a	140.2	185.2	3493.0	n/a	n/a	n/a	n/a
50.198	0.036	saccade	n/a	143.1	187.9	n/a	250.4	181.3	3.86	185.0
50.236	0.298	fixation	n/a	253.1	181.6	3601.0	n/a	n/a	n/a	n/a
50.536	0.024	saccade	n/a	257.6	181.8	n/a	305.2	179.9	1.73	105.0
50.562	0.304	fixation	n/a	305.8	185.3	3500.0	n/a	n/a	n/a	n/a
50.868	0.02	saccade	n/a	312.6	188.0	n/a	348.0	185.6	1.3	86.0
50.89	0.22	fixation	n/a	349.6	186.1	3380.0	n/a	n/a	n/a	n/a
51.112	0.136	saccade	n/a	352.6	191.7	n/a	448.3	188.0	3.53	1726.0
51.15	0.036	blink	n/a	n/a	n/a	n/a	n/a	n/a	n/a	n/a
51.25	0.238	fixation	n/a	450.2	199.5	3225.0	n/a	n/a	n/a	n/a
51.49	0.026	saccade	n/a	454.4	200.0	n/a	518.2	193.9	2.37	138.0
51.518	0.152	fixation	n/a	515.8	191.1	3316.0	n/a	n/a	n/a	n/a
51.672	0.016	saccade	n/a	512.6	187.6	n/a	492.1	185.8	0.76	59.0
51.69	0.194	fixation	n/a	495.3	189.3	3222.0	n/a	n/a	n/a	n/a
51.886	0.03	saccade	n/a	499.6	189.2	n/a	571.9	179.9	2.69	140.0
51.918	0.188	fixation	n/a	567.9	180.2	3162.0	n/a	n/a	n/a	n/a
52.108	0.064	saccade	n/a	567.1	180.7	n/a	127.2	247.5	16.04	400.0
52.174	0.236	fixation	n/a	126.4	251.4	3191.0	n/a	n/a	n/a	n/a
52.412	0.03	saccade	n/a	125.3	251.7	n/a	201.6	247.1	2.72	178.0
52.444	0.268	fixation	n/a	204.0	251.5	3176.0	n/a	n/a	n/a	n/a
52.714	0.028	saccade	n/a	205.9	254.6	n/a	275.6	246.1	2.54	148.0
52.744	0.346	fixation	n/a	275.5	249.8	3166.0	n/a	n/a	n/a	n/a
53.092	0.032	saccade	n/a	274.3	251.2	n/a	190.9	258.0	3.02	200.0
53.126	0.36	fixation	n/a	189.1	258.4	3176.0	n/a	n/a	n/a	n/a
53.488	0.028	saccade	n/a	183.3	257.9	n/a	248.7	251.1	2.37	149.0
53.518	0.212	fixation	n/a	248.9	253.5	3240.0	n/a	n/a	n/a	n/a
53.732	0.034	saccade	n/a	252.5	252.7	n/a	348.5	245.7	3.51	209.0
53.768	0.214	fixation	n/a	350.8	247.0	3254.0	n/a	n/a	n/a	n/a
53.984	0.028	saccade	n/a	354.7	248.3	n/a	416.7	247.4	2.28	144.0
54.014	0.146	fixation	n/a	415.9	250.4	3272.0	n/a	n/a	n/a	n/a
54.162	0.022	saccade	n/a	419.3	253.1	n/a	458.7	247.6	1.47	101.0
54.186	0.116	fixation	n/a	454.6	246.6	3271.0	n/a	n/a	n/a	n/a
54.304	0.036	saccade	n/a	455.5	244.5	n/a	347.2	201.2	4.3	261.0
54.342	0.152	fixation	n/a	351.6	203.8	3248.0	n/a	n/a	n/a	n/a
54.496	0.17	saccade	n/a	348.2	206.3	n/a	294.1	180.8	2.2	1816.0
54.532	0.06	blink	n/a	n/a	n/a	n/a	n/a	n/a	n/a	n/a
54.668	0.586	fixation	n/a	292.0	180.8	3335.0	n/a	n/a	n/a	n/a
54.944	0.0	trigger_11	11	n/a	n/a	n/a	n/a	n/a	n/a	n/a
55.05	0.0	trigger_10	10	n/a	n/a	n/a	n/a	n/a	n/a	n/a
55.256	0.042	saccade	n/a	289.7	176.8	n/a	124.0	176.4	5.95	290.0
55.3	0.536	fixation	n/a	127.6	178.6	3510.0	n/a	n/a	n/a	n/a
55.838	0.024	saccade	n/a	128.6	181.7	n/a	173.1	176.8	1.59	110.0
55.864	0.176	fixation	n/a	171.0	177.0	3415.0	n/a	n/a	n/a	n/a
56.042	0.022	saccade	n/a	173.0	178.7	n/a	217.1	176.9	1.58	105.0
56.066	0.116	fixation	n/a	215.2	177.9	3459.0	n/a	n/a	n/a	n/a
56.184	0.028	saccade	n/a	217.9	179.7	n/a	285.8	177.4	2.46	150.0
56.214	0.308	fixation	n/a	286.1	183.2	3427.0	n/a	n/a	n/a	n/a
56.524	0.032	saccade	n/a	288.5	184.6	n/a	359.0	181.0	2.58	158.0
56.558	0.26	fixation	n/a	356.7	184.5	3353.0	n/a	n/a	n/a	n/a
56.82	0.024	saccade	n/a	357.9	184.6	n/a	407.4	182.1	1.82	121.0
56.846	0.202	fixation	n/a	406.0	182.8	3288.0	n/a	n/a	n/a	n/a
57.05	0.018	saccade	n/a	409.8	185.1	n/a	438.5	182.0	1.06	77.0
57.07	0.15	fixation	n/a	438.5	185.0	3235.0	n/a	n/a	n/a	n/a
57.222	0.018	saccade	n/a	436.7	186.6	n/a	411.3	184.2	0.94	71.0
57.242	0.43	fixation	n/a	415.0	185.7	3211.0	n/a	n/a	n/a	n/a
57.674	0.022	saccade	n/a	418.1	184.6	n/a	457.0	178.5	1.45	83.0
57.698	0.158	fixation	n/a	457.5	180.8	3186.0	n/a	n/a	n/a	n/a
57.858	0.022	saccade	n/a	458.7	180.2	n/a	502.2	177.5	1.6	111.0
57.882	0.264	fixation	n/a	499.6	180.4	3218.0	n/a	n/a	n/a	n/a
58.148	0.028	saccade	n/a	502.6	181.4	n/a	571.5	178.3	2.54	154.0
58.178	0.238	fixation	n/a	571.1	182.3	3220.0	n/a	n/a	n/a	n/a
58.418	0.022	saccade	n/a	574.4	185.5	n/a	620.2	183.9	1.68	109.0
58.442	0.108	fixation	n/a	616.8	185.1	3199.0	n/a	n/a	n/a	n/a
58.552	0.014	saccade	n/a	621.2	184.5	n/a	637.0	183.6	0.58	48.0
58.568	0.128	fixation	n/a	636.7	183.6	3182.0	n/a	n/a	n/a	n/a
58.698	0.026	saccade	n/a	636.3	184.7	n/a	593.0	180.0	1.59	124.0
58.726	0.222	fixation	n/a	596.4	183.7	3172.0	n/a	n/a	n/a	n/a
58.95	0.014	saccade	n/a	591.6	180.9	n/a	575.4	180.2	0.59	51.0
58.966	0.226	fixation	n/a	580.1	183.1	3184.0	n/a	n/a	n/a	n/a
59.194	0.016	saccade	n/a	583.9	186.2	n/a	602.5	184.8	0.68	52.0
59.212	0.36	fixation	n/a	601.3	184.6	3179.0	n/a	n/a	n/a	n/a
59.574	0.022	saccade	n/a	602.3	185.4	n/a	643.5	182.2	1.51	100.0
59.598	0.138	fixation	n/a	639.4	184.1	3186.0	n/a	n/a	n/a	n/a
59.738	0.07	saccade	n/a	637.1	184.4	n/a	151.6	241.2	17.59	404.0
59.81	0.16	fixation	n/a	155.6	249.9	3225.0	n/a	n/a	n/a	n/a
59.972	0.024	saccade	n/a	155.1	254.6	n/a	109.7	254.3	1.61	123.0
59.998	0.192	fixation	n/a	113.6	255.9	3145.0	n/a	n/a	n/a	n/a
60.192	0.026	saccade	n/a	114.5	259.0	n/a	179.3	252.7	2.31	144.0
60.22	0.176	fixation	n/a	181.7	256.6	3071.0	n/a	n/a	n/a	n/a
60.398	0.028	saccade	n/a	183.9	258.0	n/a	253.2	253.9	2.5	146.0
60.428	0.29	fixation	n/a	254.2	253.2	2997.0	n/a	n/a	n/a	n/a
60.72	0.036	saccade	n/a	256.7	250.6	n/a	359.2	244.5	3.74	169.0
60.758	0.322	fixation	n/a	357.1	246.0	2901.0	n/a	n/a	n/a	n/a
61.082	0.014	saccade	n/a	348.8	248.0	n/a	329.6	245.4	0.71	62.0
61.098	0.256	fixation	n/a	337.2	245.8	2860.0	n/a	n/a	n/a	n/a
61.356	0.018	saccade	n/a	339.6	245.1	n/a	364.4	245.9	0.91	66.0
61.376	0.116	fixation	n/a	361.2	245.7	2902.0	n/a	n/a	n/a	n/a
61.494	0.028	saccade	n/a	360.9	243.9	n/a	431.7	238.8	2.61	147.0
61.524	0.228	fixation	n/a	432.0	241.1	2937.0	n/a	n/a	n/a	n/a
61.754	0.024	saccade	n/a	434.5	240.9	n/a	485.4	237.2	1.88	120.0
61.78	0.228	fixation	n/a	486.7	239.8	2965.0	n/a	n/a	n/a	n/a
62.01	0.03	saccade	n/a	489.9	241.6	n/a	562.6	238.9	2.68	153.0
62.042	0.212	fixation	n/a	561.1	239.9	2980.0	n/a	n/a	n/a	n/a
62.256	0.02	saccade	n/a	564.3	242.4	n/a	600.7	237.0	1.35	96.0
62.278	0.154	fixation	n/a	597.4	238.1	3031.0	n/a	n/a	n/a	n/a
62.434	0.068	saccade	n/a	597.5	238.3	n/a	130.1	301.9	16.95	414.0
62.504	0.334	fixation	n/a	130.4	307.9	3109.0	n/a	n/a	n/a	n/a
62.84	0.022	saccade	n/a	127.6	310.1	n/a	174.7	309.7	1.67	115.0
62.864	0.268	fixation	n/a	172.2	312.2	3198.0	n/a	n/a	n/a	n/a
63.134	0.048	saccade	n/a	171.5	309.8	n/a	339.5	196.7	7.37	281.0
63.184	0.262	fixation	n/a	342.2	198.2	3186.0	n/a	n/a	n/a	n/a
63.448	0.032	saccade	n/a	344.5	200.0	n/a	430.6	188.6	3.2	204.0
63.482	0.146	fixation	n/a	430.8	190.2	3204.0	n/a	n/a	n/a	n/a
63.63	0.156	saccade	n/a	431.4	196.9	n/a	505.0	167.8	2.92	2465.0
63.668	0.064	blink	n/a	n/a	n/a	n/a	n/a	n/a	n/a	n/a
63.788	0.166	fixation	n/a	509.5	175.9	3050.0	n/a	n/a	n/a	n/a
63.956	0.034	saccade	n/a	509.8	172.4	n/a	424.2	178.3	3.16	228.0
63.976	0.0	trigger_11	11	n/a	n/a	n/a	n/a	n/a	n/a	n/a
63.992	0.276	fixation	n/a	423.3	177.8	3244.0	n/a	n/a	n/a	n/a
64.08	0.0	trigger_10	10	n/a	n/a	n/a	n/a	n/a	n/a	n/a
64.27	0.05	saccade	n/a	420.1	175.8	n/a	154.1	185.4	9.63	384.0
64.322	0.132	fixation	n/a	155.7	187.3	3364.0	n/a	n/a	n/a	n/a
64.456	0.024	saccade	n/a	153.3	190.2	n/a	114.4	185.5	1.39	125.0
64.482	0.27	fixation	n/a	119.1	190.6	3305.0	n/a	n/a	n/a	n/a
64.754	0.03	saccade	n/a	122.1	194.6	n/a	208.0	190.6	3.07	177.0
64.786	0.24	fixation	n/a	209.9	189.1	3185.0	n/a	n/a	n/a	n/a
65.028	0.022	saccade	n/a	210.7	186.2	n/a	255.2	182.1	1.61	108.0
65.052	0.148	fixation	n/a	254.9	184.4	3147.0	n/a	n/a	n/a	n/a
65.202	0.022	saccade	n/a	256.3	185.8	n/a	301.1	179.9	1.64	114.0
65.226	0.304	fixation	n/a	299.8	180.9	3146.0	n/a	n/a	n/a	n/a
65.532	0.032	saccade	n/a	302.2	182.7	n/a	389.3	176.4	3.19	179.0
65.566	0.214	fixation	n/a	389.8	178.5	3160.0	n/a	n/a	n/a	n/a
65.782	0.024	saccade	n/a	393.9	181.8	n/a	447.7	179.4	1.98	126.0
65.808	0.144	fixation	n/a	446.7	180.1	3163.0	n/a	n/a	n/a	n/a
65.954	0.024	saccade	n/a	449.7	179.7	n/a	498.1	178.6	1.78	117.0
65.98	0.938	fixation	n/a	496.6	181.4	3216.0	n/a	n/a	n/a	n/a
66.92	0.024	saccade	n/a	503.5	187.7	n/a	549.9	186.7	1.71	105.0
66.946	0.182	fixation	n/a	548.2	185.7	3341.0	n/a	n/a	n/a	n/a
67.13	0.026	saccade	n/a	550.2	184.0	n/a	604.2	177.4	1.99	125.0
67.158	0.146	fixation	n/a	601.1	180.0	3335.0	n/a	n/a	n/a	n/a
67.306	0.068	saccade	n/a	601.8	182.2	n/a	144.3	247.5	16.66	414.0
67.376	0.316	fixation	n/a	143.1	251.4	3349.0	n/a	n/a	n/a	n/a
67.694	0.03	saccade	n/a	140.5	252.2	n/a	222.5	248.7	2.93	183.0
67.726	0.302	fixation	n/a	221.7	249.1	3274.0	n/a	n/a	n/a	n/a
68.03	0.026	saccade	n/a	227.2	251.9	n/a	285.8	245.7	2.14	137.0
68.058	0.266	fixation	n/a	286.3	248.1	3181.0	n/a	n/a	n/a	n/a
68.326	0.026	saccade	n/a	289.0	247.9	n/a	339.5	246.9	1.84	127.0
68.354	0.182	fixation	n/a	339.7	249.5	3131.0	n/a	n/a	n/a	n/a
68.538	0.032	saccade	n/a	342.4	250.4	n/a	428.4	242.6	3.18	166.0
68.572	0.258	fixation	n/a	428.6	241.8	3094.0	n/a	n/a	n/a	n/a
68.832	0.026	saccade	n/a	430.3	241.2	n/a	491.5	240.2	2.26	135.0
68.86	0.348	fixation	n/a	489.6	241.5	3076.0	n/a	n/a	n/a	n/a
69.21	0.03	saccade	n/a	492.0	243.0	n/a	569.3	237.9	2.84	145.0
69.242	0.174	fixation	n/a	566.8	241.2	3067.0	n/a	n/a	n/a	n/a
69.418	0.024	saccade	n/a	568.5	242.8	n/a	616.7	234.3	1.79	115.0
69.444	0.456	fixation	n/a	623.1	239.7	3152.0	n/a	n/a	n/a	n/a
69.902	0.046	saccade	n/a	631.2	240.1	n/a	455.7	183.0	6.76	311.0
69.95	0.394	fixation	n/a	454.6	184.8	3303.0	n/a	n/a	n/a	n/a
70.056	0.0	trigger_11	11	n/a	n/a	n/a	n/a	n/a	n/a	n/a
70.16	0.0	trigger_10	10	n/a	n/a	n/a	n/a	n/a	n/a	n/a
70.346	0.052	saccade	n/a	447.9	181.0	n/a	146.5	189.5	10.87	381.0
70.4	0.134	fixation	n/a	148.4	192.2	3585.0	n/a	n/a	n/a	n/a
70.536	0.024	saccade	n/a	143.6	194.1	n/a	109.7	186.8	1.22	103.0
70.562	0.204	fixation	n/a	113.1	188.5	3578.0	n/a	n/a	n/a	n/a
70.768	0.202	saccade	n/a	120.5	182.8	n/a	174.5	180.9	1.91	1553.0
70.816	0.084	blink	n/a	n/a	n/a	n/a	n/a	n/a	n/a	n/a
70.972	0.444	fixation	n/a	184.5	180.6	3387.0	n/a	n/a	n/a	n/a
71.418	0.022	saccade	n/a	188.2	177.7	n/a	230.1	178.9	1.5	94.0
71.442	0.132	fixation	n/a	227.9	179.1	3492.0	n/a	n/a	n/a	n/a
71.576	0.034	saccade	n/a	227.5	179.6	n/a	120.5	181.1	3.81	222.0
71.612	0.282	fixation	n/a	127.4	183.0	3432.0	n/a	n/a	n/a	n/a
71.896	0.03	saccade	n/a	127.2	186.3	n/a	201.8	186.4	2.65	172.0
71.928	0.176	fixation	n/a	200.0	189.1	3316.0	n/a	n/a	n/a	n/a
72.106	0.03	saccade	n/a	203.8	190.9	n/a	284.1	186.6	2.9	175.0
72.138	0.208	fixation	n/a	285.5	187.2	3242.0	n/a	n/a	n/a	n/a
72.348	0.024	saccade	n/a	289.5	185.8	n/a	340.4	180.1	1.87	121.0
72.374	0.22	fixation	n/a	342.1	182.1	3202.0	n/a	n/a	n/a	n/a
72.596	0.018	saccade	n/a	349.9	183.6	n/a	378.7	182.6	1.06	78.0
72.616	0.134	fixation	n/a	377.9	183.5	3142.0	n/a	n/a	n/a	n/a
72.752	0.018	saccade	n/a	382.8	184.2	n/a	412.2	178.6	1.1	79.0
72.772	0.502	fixation	n/a	409.1	183.2	3130.0	n/a	n/a	n/a	n/a
73.276	0.024	saccade	n/a	406.0	186.3	n/a	363.7	183.3	1.56	110.0
73.302	0.262	fixation	n/a	369.5	184.1	3181.0	n/a	n/a	n/a	n/a
73.566	0.024	saccade	n/a	369.2	182.7	n/a	422.0	179.9	1.94	117.0
73.592	0.154	fixation	n/a	423.5	184.2	3207.0	n/a	n/a	n/a	n/a
73.748	0.03	saccade	n/a	426.3	184.0	n/a	506.3	173.9	2.97	171.0
73.78	0.218	fixation	n/a	507.0	177.2	3158.0	n/a	n/a	n/a	n/a
74.0	0.026	saccade	n/a	510.1	178.8	n/a	563.3	178.6	1.96	123.0
74.028	0.258	fixation	n/a	569.9	181.6	3090.0	n/a	n/a	n/a	n/a
74.288	0.068	saccade	n/a	584.5	181.9	n/a	125.9	235.8	16.59	423.0
74.358	0.298	fixation	n/a	127.2	241.8	3070.0	n/a	n/a	n/a	n/a
74.658	0.028	saccade	n/a	129.4	244.9	n/a	202.1	245.6	2.59	164.0
74.688	0.246	fixation	n/a	201.1	246.2	3073.0	n/a	n/a	n/a	n/a
74.936	0.032	saccade	n/a	203.7	248.3	n/a	302.6	240.1	3.59	208.0
74.97	0.21	fixation	n/a	305.9	240.0	3016.0	n/a	n/a	n/a	n/a
75.182	0.028	saccade	n/a	311.8	240.2	n/a	383.2	238.0	2.62	158.0
75.212	0.192	fixation	n/a	381.9	237.5	2978.0	n/a	n/a	n/a	n/a
75.406	0.024	saccade	n/a	385.1	236.8	n/a	428.3	234.4	1.59	106.0
75.432	0.144	fixation	n/a	426.4	235.9	2927.0	n/a	n/a	n/a	n/a
75.578	0.028	saccade	n/a	429.1	236.9	n/a	494.0	234.7	2.39	147.0
75.608	0.188	fixation	n/a	493.2	235.8	2898.0	n/a	n/a	n/a	n/a
75.798	0.024	saccade	n/a	494.5	238.1	n/a	545.0	233.6	1.87	119.0
75.824	0.272	fixation	n/a	544.7	237.0	2862.0	n/a	n/a	n/a	n/a
76.098	0.03	saccade	n/a	546.7	235.9	n/a	619.8	232.5	2.68	143.0
76.13	0.256	fixation	n/a	621.1	238.1	2848.0	n/a	n/a	n/a	n/a
76.388	0.066	saccade	n/a	627.7	239.3	n/a	140.0	302.0	17.66	440.0
76.456	0.244	fixation	n/a	139.9	308.1	2931.0	n/a	n/a	n/a	n/a
76.702	0.014	saccade	n/a	136.0	310.9	n/a	117.9	311.1	0.64	54.0
76.718	0.132	fixation	n/a	120.0	308.9	2995.0	n/a	n/a	n/a	n/a
76.852	0.024	saccade	n/a	122.1	309.3	n/a	177.9	305.5	1.98	126.0
76.878	0.232	fixation	n/a	178.3	308.2	2988.0	n/a	n/a	n/a	n/a
77.112	0.03	saccade	n/a	180.1	308.8	n/a	254.6	295.3	2.72	170.0
77.144	0.17	fixation	n/a	259.0	297.7	3010.0	n/a	n/a	n/a	n/a
77.316	0.028	saccade	n/a	262.0	299.1	n/a	321.1	296.2	2.15	140.0
77.346	0.172	fixation	n/a	320.2	298.5	3042.0	n/a	n/a	n/a	n/a
77.52	0.044	saccade	n/a	323.0	300.9	n/a	500.2	293.6	6.5	257.0
77.566	0.2	fixation	n/a	503.0	293.3	2988.0	n/a	n/a	n/a	n/a
77.768	0.024	saccade	n/a	507.6	293.6	n/a	567.7	292.8	2.21	136.0
77.794	0.168	fixation	n/a	568.1	297.9	2949.0	n/a	n/a	n/a	n/a
77.964	0.024	saccade	n/a	571.3	298.7	n/a	620.3	299.5	1.79	117.0
77.99	0.166	fixation	n/a	616.0	300.9	2933.0	n/a	n/a	n/a	n/a
78.158	0.066	saccade	n/a	615.4	302.9	n/a	129.7	360.7	17.51	440.0
78.226	0.576	fixation	n/a	121.8	368.8	2937.0	n/a	n/a	n/a	n/a
78.804	0.022	saccade	n/a	117.3	372.0	n/a	167.1	367.7	1.76	115.0
78.828	0.232	fixation	n/a	168.9	368.3	2878.0	n/a	n/a	n/a	n/a
79.062	0.026	saccade	n/a	172.3	369.8	n/a	229.8	365.8	2.06	131.0
79.09	0.398	fixation	n/a	227.7	368.5	2857.0	n/a	n/a	n/a	n/a
79.49	0.026	saccade	n/a	224.2	370.4	n/a	169.1	369.0	1.97	141.0
79.518	0.144	fixation	n/a	174.2	370.3	2858.0	n/a	n/a	n/a	n/a
79.664	0.026	saccade	n/a	175.5	371.0	n/a	227.2	366.5	1.85	123.0
79.692	0.468	fixation	n/a	223.9	370.0	2895.0	n/a	n/a	n/a	n/a
80.162	0.02	saccade	n/a	223.0	373.2	n/a	264.3	368.3	1.5	103.0
80.184	0.118	fixation	n/a	264.3	370.0	2909.0	n/a	n/a	n/a	n/a
80.304	0.028	saccade	n/a	266.7	370.8	n/a	328.9	366.6	2.26	144.0
80.334	0.172	fixation	n/a	327.8	365.4	2936.0	n/a	n/a	n/a	n/a
80.508	0.026	saccade	n/a	331.7	364.3	n/a	385.6	360.0	1.97	131.0
80.536	0.174	fixation	n/a	384.8	361.2	2915.0	n/a	n/a	n/a	n/a
80.712	0.026	saccade	n/a	389.1	364.2	n/a	449.2	356.7	2.22	136.0
80.74	0.34	fixation	n/a	447.6	355.9	2862.0	n/a	n/a	n/a	n/a
80.818	0.0	trigger_11	11	n/a	n/a	n/a	n/a	n/a	n/a	n/a
80.922	0.0	trigger_10	10	n/a	n/a	n/a	n/a	n/a	n/a	n/a
81.082	0.054	saccade	n/a	446.5	357.7	n/a	148.4	209.8	12.04	420.0
81.138	0.132	fixation	n/a	149.3	209.7	2966.0	n/a	n/a	n/a	n/a
81.272	0.018	saccade	n/a	147.3	206.1	n/a	121.8	189.7	1.08	81.0
81.292	0.324	fixation	n/a	122.5	187.3	2997.0	n/a	n/a	n/a	n/a
81.618	0.036	saccade	n/a	116.6	188.4	n/a	238.6	179.4	4.35	206.0
81.656	0.274	fixation	n/a	244.5	182.8	2982.0	n/a	n/a	n/a	n/a
81.932	0.024	saccade	n/a	247.4	183.8	n/a	299.2	174.7	1.91	122.0
81.958	0.33	fixation	n/a	299.7	180.3	3042.0	n/a	n/a	n/a	n/a
82.29	0.024	saccade	n/a	303.0	180.3	n/a	361.5	177.4	2.14	135.0
82.316	0.134	fixation	n/a	362.7	182.1	3065.0	n/a	n/a	n/a	n/a
82.452	0.034	saccade	n/a	362.5	178.9	n/a	241.1	179.6	4.41	250.0
82.488	0.26	fixation	n/a	243.8	185.6	3051.0	n/a	n/a	n/a	n/a
82.75	0.028	saccade	n/a	245.9	187.5	n/a	309.7	180.2	2.34	138.0
82.78	0.11	fixation	n/a	308.0	180.7	3059.0	n/a	n/a	n/a	n/a
82.892	0.032	saccade	n/a	309.2	181.6	n/a	407.6	176.3	3.61	204.0
82.926	0.216	fixation	n/a	411.6	177.1	3064.0	n/a	n/a	n/a	n/a
83.144	0.03	saccade	n/a	415.4	177.0	n/a	492.3	173.1	2.84	159.0
83.176	0.182	fixation	n/a	492.4	172.5	3025.0	n/a	n/a	n/a	n/a
83.36	0.02	saccade	n/a	496.7	173.2	n/a	533.1	173.6	1.34	94.0
83.382	0.124	fixation	n/a	530.8	174.4	2989.0	n/a	n/a	n/a	n/a
83.508	0.016	saccade	n/a	535.8	178.2	n/a	558.3	177.2	0.83	61.0
83.526	0.19	fixation	n/a	557.6	177.9	2980.0	n/a	n/a	n/a	n/a
83.718	0.066	saccade	n/a	557.7	181.7	n/a	125.1	239.8	15.71	398.0
83.786	0.308	fixation	n/a	124.5	245.3	2962.0	n/a	n/a	n/a	n/a
84.096	0.026	saccade	n/a	125.6	248.4	n/a	200.1	250.1	2.65	146.0
84.124	0.34	fixation	n/a	205.7	248.9	2978.0	n/a	n/a	n/a	n/a
84.466	0.02	saccade	n/a	208.5	249.9	n/a	250.0	248.6	1.49	103.0
84.488	0.274	fixation	n/a	250.3	248.8	2984.0	n/a	n/a	n/a	n/a
84.764	0.026	saccade	n/a	253.1	249.5	n/a	315.6	242.3	2.28	138.0
84.792	0.206	fixation	n/a	318.2	245.9	2971.0	n/a	n/a	n/a	n/a
85.0	0.026	saccade	n/a	319.9	245.0	n/a	374.6	245.1	2.0	128.0
85.028	0.138	fixation	n/a	373.2	246.9	2956.0	n/a	n/a	n/a	n/a
85.168	0.024	saccade	n/a	376.1	248.0	n/a	422.7	242.5	1.72	114.0
85.194	0.216	fixation	n/a	420.7	244.1	2919.0	n/a	n/a	n/a	n/a
85.412	0.026	saccade	n/a	423.1	245.2	n/a	486.4	238.8	2.34	133.0
85.44	0.164	fixation	n/a	488.8	239.2	2882.0	n/a	n/a	n/a	n/a
85.606	0.022	saccade	n/a	492.7	239.4	n/a	541.1	235.8	1.78	110.0
85.63	0.136	fixation	n/a	546.0	236.8	2852.0	n/a	n/a	n/a	n/a
85.768	0.018	saccade	n/a	551.3	237.9	n/a	576.1	236.8	0.91	65.0
85.788	0.12	fixation	n/a	575.8	236.0	2819.0	n/a	n/a	n/a	n/a
85.91	0.064	saccade	n/a	575.5	237.8	n/a	135.4	291.4	15.95	405.0
85.976	0.232	fixation	n/a	137.5	296.4	2767.0	n/a	n/a	n/a	n/a
86.21	0.014	saccade	n/a	135.7	300.3	n/a	115.8	303.6	0.71	60.0
86.226	0.134	fixation	n/a	121.6	304.3	2736.0	n/a	n/a	n/a	n/a
86.362	0.028	saccade	n/a	126.0	304.9	n/a	216.2	302.4	3.2	158.0
86.392	0.26	fixation	n/a	237.2	306.2	2699.0	n/a	n/a	n/a	n/a
86.654	0.03	saccade	n/a	240.8	307.5	n/a	322.4	301.1	2.97	179.0
86.686	0.246	fixation	n/a	325.7	300.9	2618.0	n/a	n/a	n/a	n/a
86.934	0.024	saccade	n/a	329.5	300.7	n/a	390.5	293.8	2.24	137.0
86.96	0.21	fixation	n/a	393.4	294.1	2570.0	n/a	n/a	n/a	n/a
87.172	0.024	saccade	n/a	396.1	295.3	n/a	446.0	292.4	1.83	111.0
87.198	0.196	fixation	n/a	448.2	293.3	2577.0	n/a	n/a	n/a	n/a
87.396	0.022	saccade	n/a	450.3	293.6	n/a	498.0	294.6	1.75	111.0
87.42	0.162	fixation	n/a	497.3	296.2	2607.0	n/a	n/a	n/a	n/a
87.584	0.024	saccade	n/a	500.1	296.7	n/a	552.3	294.0	1.92	119.0
87.61	0.226	fixation	n/a	552.0	295.2	2611.0	n/a	n/a	n/a	n/a
87.838	0.024	saccade	n/a	556.6	293.7	n/a	615.1	290.9	2.14	122.0
87.864	0.224	fixation	n/a	613.5	292.6	2631.0	n/a	n/a	n/a	n/a
88.09	0.07	saccade	n/a	611.8	291.8	n/a	130.9	360.7	17.36	414.0
88.162	0.312	fixation	n/a	132.8	367.3	2676.0	n/a	n/a	n/a	n/a
88.476	0.024	saccade	n/a	136.3	369.6	n/a	189.8	361.8	1.91	125.0
88.502	0.164	fixation	n/a	187.9	360.5	2711.0	n/a	n/a	n/a	n/a
88.668	0.044	saccade	n/a	188.4	360.2	n/a	135.0	194.0	6.36	270.0
88.714	0.334	fixation	n/a	138.8	198.7	2745.0	n/a	n/a	n/a	n/a
88.77	0.0	trigger_11	11	n/a	n/a	n/a	n/a	n/a	n/a	n/a
88.874	0.0	trigger_10	10	n/a	n/a	n/a	n/a	n/a	n/a	n/a
89.05	0.018	saccade	n/a	137.5	199.7	n/a	111.1	185.2	1.07	80.0
89.07	0.2	fixation	n/a	114.3	188.0	2858.0	n/a	n/a	n/a	n/a
89.272	0.02	saccade	n/a	116.3	190.7	n/a	151.6	185.4	1.26	86.0
89.294	0.244	fixation	n/a	153.5	187.7	2903.0	n/a	n/a	n/a	n/a
89.54	0.026	saccade	n/a	156.6	189.2	n/a	221.5	186.6	2.32	148.0
89.568	0.252	fixation	n/a	220.8	185.5	3001.0	n/a	n/a	n/a	n/a
89.822	0.026	saccade	n/a	221.8	182.4	n/a	277.7	178.6	2.02	131.0
89.85	0.206	fixation	n/a	276.0	179.7	3064.0	n/a	n/a	n/a	n/a
90.058	0.018	saccade	n/a	277.9	177.3	n/a	300.7	177.8	0.83	63.0
90.078	0.272	fixation	n/a	298.3	179.2	3088.0	n/a	n/a	n/a	n/a
90.352	0.028	saccade	n/a	301.2	179.9	n/a	367.1	182.1	2.41	160.0
90.382	0.264	fixation	n/a	366.5	183.8	3078.0	n/a	n/a	n/a	n/a
90.648	0.02	saccade	n/a	371.0	183.9	n/a	409.9	180.5	1.43	99.0
90.67	0.14	fixation	n/a	409.4	182.3	3063.0	n/a	n/a	n/a	n/a
90.812	0.022	saccade	n/a	414.4	184.9	n/a	459.7	180.2	1.68	113.0
90.836	0.424	fixation	n/a	456.5	178.0	3053.0	n/a	n/a	n/a	n/a
91.262	0.018	saccade	n/a	458.3	176.6	n/a	485.0	175.0	0.98	73.0
91.282	0.156	fixation	n/a	481.9	179.4	3090.0	n/a	n/a	n/a	n/a
91.44	0.024	saccade	n/a	482.5	179.5	n/a	529.5	179.2	1.73	114.0
91.466	0.252	fixation	n/a	528.6	180.9	3159.0	n/a	n/a	n/a	n/a
91.72	0.022	saccade	n/a	533.1	180.3	n/a	576.8	176.3	1.61	100.0
91.744	0.124	fixation	n/a	576.2	178.8	3182.0	n/a	n/a	n/a	n/a
91.87	0.018	saccade	n/a	578.8	178.9	n/a	602.8	181.0	0.88	64.0
91.89	0.214	fixation	n/a	601.8	183.9	3230.0	n/a	n/a	n/a	n/a
92.106	0.066	saccade	n/a	601.5	181.4	n/a	145.7	232.7	16.47	412.0
92.174	0.376	fixation	n/a	142.9	240.7	3406.0	n/a	n/a	n/a	n/a
92.552	0.03	saccade	n/a	136.4	246.1	n/a	209.6	243.8	2.6	165.0
92.584	0.228	fixation	n/a	207.6	245.4	3513.0	n/a	n/a	n/a	n/a
92.814	0.026	saccade	n/a	209.8	242.5	n/a	221.6	180.6	2.32	129.0
92.842	0.116	fixation	n/a	223.1	186.5	3559.0	n/a	n/a	n/a	n/a
92.96	0.206	saccade	n/a	218.9	176.2	n/a	247.3	180.5	1.03	1731.0
92.994	0.098	blink	n/a	n/a	n/a	n/a	n/a	n/a	n/a	n/a
93.168	0.18	fixation	n/a	256.0	178.3	3403.0	n/a	n/a	n/a	n/a
93.35	0.026	saccade	n/a	264.8	174.3	n/a	314.9	172.1	1.82	128.0
93.378	0.32	fixation	n/a	306.7	174.3	3562.0	n/a	n/a	n/a	n/a
93.41	0.0	trigger_11	11	n/a	n/a	n/a	n/a	n/a	n/a	n/a
93.514	0.0	trigger_12	12	n/a	n/a	n/a	n/a	n/a	n/a	n/a
93.7	0.042	saccade	n/a	306.8	182.7	n/a	126.9	177.5	6.44	320.0
93.744	0.224	fixation	n/a	128.5	178.8	3606.0	n/a	n/a	n/a	n/a
93.97	0.176	saccade	n/a	131.4	182.1	n/a	176.1	192.1	1.62	1207.0
94.008	0.058	blink	n/a	n/a	n/a	n/a	n/a	n/a	n/a	n/a
94.148	0.198	fixation	n/a	181.6	177.5	3392.0	n/a	n/a	n/a	n/a
94.348	0.02	saccade	n/a	189.2	176.0	n/a	234.1	174.1	1.61	107.0
94.37	0.206	fixation	n/a	232.9	173.5	3489.0	n/a	n/a	n/a	n/a
94.578	0.022	saccade	n/a	235.3	169.7	n/a	277.1	168.8	1.51	95.0
94.602	0.192	fixation	n/a	277.7	169.9	3424.0	n/a	n/a	n/a	n/a
94.796	0.028	saccade	n/a	280.6	172.9	n/a	341.3	169.8	2.22	136.0
94.826	0.26	fixation	n/a	341.3	171.2	3340.0	n/a	n/a	n/a	n/a
95.088	0.03	saccade	n/a	343.1	176.2	n/a	277.3	175.5	2.4	158.0
95.12	0.27	fixation	n/a	283.5	182.0	3241.0	n/a	n/a	n/a	n/a
95.392	0.024	saccade	n/a	288.3	186.1	n/a	345.0	182.1	2.07	117.0
95.418	0.188	fixation	n/a	351.2	180.4	3208.0	n/a	n/a	n/a	n/a
95.608	0.024	saccade	n/a	356.0	179.9	n/a	406.8	176.5	1.87	118.0
95.634	0.17	fixation	n/a	408.1	179.2	3281.0	n/a	n/a	n/a	n/a
95.806	0.026	saccade	n/a	412.9	181.6	n/a	461.3	176.8	1.79	122.0
95.834	0.176	fixation	n/a	459.5	178.1	3331.0	n/a	n/a	n/a	n/a
96.012	0.022	saccade	n/a	462.5	178.3	n/a	504.0	176.9	1.53	104.0
96.036	0.168	fixation	n/a	502.1	181.2	3296.0	n/a	n/a	n/a	n/a
96.206	0.026	saccade	n/a	504.1	181.8	n/a	561.8	176.2	2.13	128.0
96.234	0.29	fixation	n/a	560.4	179.4	3248.0	n/a	n/a	n/a	n/a
96.526	0.022	saccade	n/a	562.3	179.6	n/a	605.1	175.4	1.57	98.0
96.55	0.272	fixation	n/a	604.3	175.6	3190.0	n/a	n/a	n/a	n/a
96.824	0.066	saccade	n/a	603.4	177.5	n/a	151.7	224.1	16.31	412.0
96.892	0.136	fixation	n/a	150.9	229.6	3220.0	n/a	n/a	n/a	n/a
97.03	0.016	saccade	n/a	147.0	234.8	n/a	126.5	244.2	0.8	62.0
97.048	0.218	fixation	n/a	128.1	243.7	3205.0	n/a	n/a	n/a	n/a
97.268	0.028	saccade	n/a	126.1	244.6	n/a	188.2	241.8	2.2	138.0
97.298	0.254	fixation	n/a	188.4	246.6	3157.0	n/a	n/a	n/a	n/a
97.554	0.02	saccade	n/a	192.9	251.2	n/a	232.0	248.8	1.41	97.0
97.576	0.172	fixation	n/a	228.6	245.6	3140.0	n/a	n/a	n/a	n/a
97.75	0.024	saccade	n/a	230.3	246.7	n/a	283.1	242.7	1.92	118.0
97.776	0.268	fixation	n/a	282.8	241.6	3078.0	n/a	n/a	n/a	n/a
98.046	0.026	saccade	n/a	284.7	241.0	n/a	342.7	234.5	2.12	133.0
98.074	0.17	fixation	n/a	341.9	236.5	2995.0	n/a	n/a	n/a	n/a
98.246	0.026	saccade	n/a	344.7	238.4	n/a	407.8	234.6	2.32	149.0
98.274	0.338	fixation	n/a	408.9	237.6	2932.0	n/a	n/a	n/a	n/a
98.614	0.028	saccade	n/a	411.7	239.6	n/a	488.4	235.0	2.83	165.0
98.644	0.152	fixation	n/a	489.8	235.1	2901.0	n/a	n/a	n/a	n/a
98.798	0.026	saccade	n/a	493.5	235.7	n/a	549.8	233.5	2.07	138.0
98.826	0.182	fixation	n/a	550.4	235.7	2929.0	n/a	n/a	n/a	n/a
99.01	0.024	saccade	n/a	553.9	238.0	n/a	600.8	234.7	1.72	110.0
99.036	0.218	fixation	n/a	605.3	235.8	2921.0	n/a	n/a	n/a	n/a
99.256	0.068	saccade	n/a	613.4	239.9	n/a	118.5	306.4	17.87	446.0
99.326	0.212	fixation	n/a	113.5	309.9	2972.0	n/a	n/a	n/a	n/a
99.54	0.024	saccade	n/a	114.9	308.3	n/a	161.8	302.7	1.66	116.0
99.566	0.312	fixation	n/a	160.9	306.7	3081.0	n/a	n/a	n/a	n/a
99.88	0.02	saccade	n/a	164.0	305.9	n/a	209.0	302.9	1.61	112.0
99.902	0.244	fixation	n/a	209.3	305.8	3050.0	n/a	n/a	n/a	n/a
100.148	0.032	saccade	n/a	207.6	304.3	n/a	304.3	296.9	3.5	193.0
100.182	0.202	fixation	n/a	310.6	301.1	3044.0	n/a	n/a	n/a	n/a
100.386	0.028	saccade	n/a	315.1	299.7	n/a	381.0	295.9	2.41	155.0
100.416	0.372	fixation	n/a	381.0	297.1	3017.0	n/a	n/a	n/a	n/a
100.79	0.02	saccade	n/a	385.1	293.9	n/a	419.7	293.1	1.27	90.0
100.812	0.384	fixation	n/a	418.5	295.9	2974.0	n/a	n/a	n/a	n/a
101.198	0.03	saccade	n/a	419.2	297.4	n/a	500.2	294.8	2.98	157.0
101.23	0.264	fixation	n/a	496.6	295.7	2980.0	n/a	n/a	n/a	n/a
101.496	0.218	saccade	n/a	495.0	298.4	n/a	506.7	277.5	0.89	2238.0
101.536	0.124	blink	n/a	n/a	n/a	n/a	n/a	n/a	n/a	n/a
101.716	0.158	fixation	n/a	510.4	299.0	2929.0	n/a	n/a	n/a	n/a
101.876	0.02	saccade	n/a	513.2	301.8	n/a	488.8	298.3	0.9	81.0
101.898	0.454	fixation	n/a	506.9	299.4	3027.0	n/a	n/a	n/a	n/a
102.1	0.0	trigger_13	13	n/a	n/a	n/a	n/a	n/a	n/a	n/a
102.354	0.054	saccade	n/a	515.6	296.7	n/a	171.5	235.4	12.6	426.0
102.41	0.184	fixation	n/a	173.9	237.0	3121.0	n/a	n/a	n/a	n/a
102.596	0.024	saccade	n/a	171.8	237.1	n/a	131.7	247.0	1.46	113.0
102.622	0.3	fixation	n/a	137.5	248.1	3216.0	n/a	n/a	n/a	n/a
102.924	0.024	saccade	n/a	139.8	251.1	n/a	152.8	295.9	1.7	106.0
102.95	0.368	fixation	n/a	148.7	289.7	3508.0	n/a	n/a	n/a	n/a
103.32	0.022	saccade	n/a	144.3	295.4	n/a	138.3	340.9	1.67	109.0
103.344	0.254	fixation	n/a	136.0	339.6	3839.0	n/a	n/a	n/a	n/a
103.6	0.036	saccade	n/a	134.4	337.7	n/a	126.9	227.5	4.02	238.0
103.638	0.204	fixation	n/a	127.3	233.6	3935.0	n/a	n/a	n/a	n/a
103.844	0.018	saccade	n/a	132.0	234.4	n/a	161.5	228.2	1.07	78.0
103.864	0.114	fixation	n/a	160.0	230.3	3880.0	n/a	n/a	n/a	n/a
103.98	0.02	saccade	n/a	165.3	233.0	n/a	206.5	228.3	1.48	106.0
104.002	0.168	fixation	n/a	204.7	228.7	3888.0	n/a	n/a	n/a	n/a
104.172	0.016	saccade	n/a	209.1	227.8	n/a	232.9	224.5	0.86	67.0
104.19	0.116	fixation	n/a	232.0	226.2	3855.0	n/a	n/a	n/a	n/a
104.308	0.156	saccade	n/a	241.6	229.7	n/a	148.1	280.4	3.82	2546.0
104.344	0.026	blink	n/a	n/a	n/a	n/a	n/a	n/a	n/a	n/a
104.466	0.142	fixation	n/a	150.2	279.1	3696.0	n/a	n/a	n/a	n/a
104.61	0.016	saccade	n/a	146.4	282.0	n/a	127.0	287.3	0.71	56.0
104.628	0.284	fixation	n/a	134.3	287.9	3884.0	n/a	n/a	n/a	n/a
104.914	0.03	saccade	n/a	134.1	289.3	n/a	133.0	223.1	2.42	150.0
104.946	0.31	fixation	n/a	136.0	231.0	3833.0	n/a	n/a	n/a	n/a
105.258	0.02	saccade	n/a	138.8	234.5	n/a	179.6	234.7	1.45	101.0
105.28	0.172	fixation	n/a	178.2	236.2	3821.0	n/a	n/a	n/a	n/a
105.454	0.02	saccade	n/a	182.2	237.2	n/a	223.3	242.0	1.48	103.0
105.476	0.102	fixation	n/a	220.2	242.7	3820.0	n/a	n/a	n/a	n/a
105.58	0.028	saccade	n/a	222.0	247.1	n/a	203.0	298.9	2.03	132.0
105.61	0.464	fixation	n/a	200.1	295.1	3890.0	n/a	n/a	n/a	n/a
106.076	0.03	saccade	n/a	195.6	291.9	n/a	207.9	229.0	2.35	151.0
106.108	0.382	fixation	n/a	215.8	233.4	3817.0	n/a	n/a	n/a	n/a
106.492	0.036	saccade	n/a	226.4	231.2	n/a	133.3	178.0	3.85	240.0
106.53	0.236	fixation	n/a	138.7	177.3	3840.0	n/a	n/a	n/a	n/a
106.768	0.026	saccade	n/a	139.5	175.6	n/a	200.0	162.6	2.2	144.0
106.796	0.33	fixation	n/a	197.5	164.2	3800.0	n/a	n/a	n/a	n/a
107.128	0.026	saccade	n/a	201.4	167.4	n/a	260.1	163.6	2.12	127.0
107.156	0.512	fixation	n/a	260.9	167.7	3816.0	n/a	n/a	n/a	n/a
107.67	0.036	saccade	n/a	261.1	171.8	n/a	160.3	242.7	4.46	232.0
107.708	0.226	fixation	n/a	165.2	248.7	3857.0	n/a	n/a	n/a	n/a
107.936	0.03	saccade	n/a	164.5	255.2	n/a	157.9	321.7	2.45	142.0
107.968	0.154	fixation	n/a	157.1	320.8	3995.0	n/a	n/a	n/a	n/a
108.124	0.02	saccade	n/a	156.9	323.8	n/a	183.9	346.1	1.26	89.0
108.146	0.19	fixation	n/a	180.7	345.9	4068.0	n/a	n/a	n/a	n/a
108.338	0.028	saccade	n/a	179.0	346.8	n/a	128.3	354.1	1.81	132.0
108.368	0.302	fixation	n/a	133.6	359.2	4008.0	n/a	n/a	n/a	n/a
108.672	0.026	saccade	n/a	136.4	362.8	n/a	198.4	359.7	2.2	147.0
108.7	0.236	fixation	n/a	198.2	360.8	3884.0	n/a	n/a	n/a	n/a
108.938	0.026	saccade	n/a	196.3	360.8	n/a	138.0	359.6	2.06	142.0
108.966	0.148	fixation	n/a	147.6	363.2	3722.0	n/a	n/a	n/a	n/a
109.116	0.04	saccade	n/a	148.0	363.2	n/a	137.3	226.1	5.02	232.0
109.158	0.3	fixation	n/a	139.9	229.5	3648.0	n/a	n/a	n/a	n/a
109.188	0.0	trigger_15	15	n/a	n/a	n/a	n/a	n/a	n/a	n/a
109.242	0.0	trigger_10	10	n/a	n/a	n/a	n/a	n/a	n/a	n/a
109.46	0.212	saccade	n/a	138.1	225.6	n/a	114.6	176.9	1.96	993.0
109.522	0.078	blink	n/a	n/a	n/a	n/a	n/a	n/a	n/a	n/a
109.674	0.464	fixation	n/a	125.0	172.0	3602.0	n/a	n/a	n/a	n/a
110.14	0.026	saccade	n/a	126.9	179.3	n/a	186.1	178.9	2.1	133.0
110.168	0.156	fixation	n/a	185.7	181.2	3611.0	n/a	n/a	n/a	n/a
110.326	0.018	saccade	n/a	192.8	180.5	n/a	215.7	179.7	0.82	58.0
110.346	0.144	fixation	n/a	215.0	181.2	3584.0	n/a	n/a	n/a	n/a
110.492	0.018	saccade	n/a	219.2	182.6	n/a	246.3	181.1	0.98	72.0
110.512	0.142	fixation	n/a	244.2	183.6	3515.0	n/a	n/a	n/a	n/a
110.656	0.028	saccade	n/a	247.4	182.1	n/a	315.7	177.6	2.48	161.0
110.686	0.374	fixation	n/a	312.6	181.4	3384.0	n/a	n/a	n/a	n/a
111.062	0.026	saccade	n/a	311.9	183.0	n/a	366.6	178.9	2.01	133.0
111.09	0.378	fixation	n/a	363.1	180.9	3365.0	n/a	n/a	n/a	n/a
111.47	0.028	saccade	n/a	362.5	185.1	n/a	306.5	183.1	2.05	146.0
111.5	0.172	fixation	n/a	311.5	185.3	3374.0	n/a	n/a	n/a	n/a
111.674	0.038	saccade	n/a	312.9	187.9	n/a	437.0	182.0	4.55	205.0
111.714	0.23	fixation	n/a	437.3	182.9	3377.0	n/a	n/a	n/a	n/a
111.946	0.016	saccade	n/a	441.3	184.8	n/a	462.4	183.1	0.78	60.0
111.964	0.25	fixation	n/a	460.6	183.3	3431.0	n/a	n/a	n/a	n/a
112.216	0.024	saccade	n/a	462.7	182.5	n/a	515.2	176.6	1.94	116.0
112.242	0.344	fixation	n/a	517.6	181.8	3355.0	n/a	n/a	n/a	n/a
112.588	0.02	saccade	n/a	521.8	183.2	n/a	549.2	180.9	1.01	69.0
112.61	0.084	fixation	n/a	546.5	183.7	3329.0	n/a	n/a	n/a	n/a
112.696	0.026	saccade	n/a	549.7	186.6	n/a	597.9	182.8	1.77	126.0
112.724	0.198	fixation	n/a	595.0	182.7	3382.0	n/a	n/a	n/a	n/a
112.924	0.068	saccade	n/a	595.0	182.2	n/a	129.8	235.8	16.79	410.0
112.994	0.384	fixation	n/a	125.0	244.2	3368.0	n/a	n/a	n/a	n/a
113.38	0.028	saccade	n/a	121.7	250.9	n/a	195.7	244.1	2.63	150.0
113.41	0.204	fixation	n/a	198.6	245.8	3256.0	n/a	n/a	n/a	n/a
113.616	0.02	saccade	n/a	202.2	248.0	n/a	234.8	246.6	1.17	82.0
113.638	0.294	fixation	n/a	234.0	249.1	3169.0	n/a	n/a	n/a	n/a
113.934	0.034	saccade	n/a	236.8	252.8	n/a	335.9	237.3	3.64	164.0
113.97	0.194	fixation	n/a	337.7	239.6	3062.0	n/a	n/a	n/a	n/a
114.166	0.02	saccade	n/a	341.0	239.8	n/a	371.6	238.9	1.12	81.0
114.188	0.15	fixation	n/a	371.6	241.2	3039.0	n/a	n/a	n/a	n/a
114.34	0.022	saccade	n/a	374.8	242.4	n/a	416.9	240.6	1.55	98.0
114.364	0.138	fixation	n/a	415.6	242.2	3028.0	n/a	n/a	n/a	n/a
114.504	0.028	saccade	n/a	418.7	243.8	n/a	483.6	235.3	2.41	145.0
114.534	0.498	fixation	n/a	484.0	238.1	3014.0	n/a	n/a	n/a	n/a
115.034	0.022	saccade	n/a	486.9	239.7	n/a	537.1	234.5	1.85	116.0
115.058	0.296	fixation	n/a	538.8	235.9	2983.0	n/a	n/a	n/a	n/a
115.356	0.028	saccade	n/a	542.1	233.9	n/a	621.7	229.4	2.91	145.0
115.386	0.212	fixation	n/a	625.9	236.4	3018.0	n/a	n/a	n/a	n/a
115.6	0.022	saccade	n/a	627.9	239.1	n/a	665.7	237.5	1.37	92.0
115.624	0.122	fixation	n/a	662.9	237.6	3021.0	n/a	n/a	n/a	n/a
115.748	0.07	saccade	n/a	662.7	237.5	n/a	140.6	304.1	18.84	448.0
115.82	0.408	fixation	n/a	138.2	311.8	3141.0	n/a	n/a	n/a	n/a
116.23	0.028	saccade	n/a	137.2	312.6	n/a	205.4	304.2	2.44	152.0
116.26	0.18	fixation	n/a	205.0	305.2	3235.0	n/a	n/a	n/a	n/a
116.442	0.022	saccade	n/a	206.4	305.3	n/a	256.1	301.6	1.79	119.0
116.466	0.222	fixation	n/a	256.3	303.2	3246.0	n/a	n/a	n/a	n/a
116.69	0.028	saccade	n/a	256.8	301.5	n/a	283.0	235.5	2.62	157.0
116.72	0.31	fixation	n/a	286.2	238.2	3275.0	n/a	n/a	n/a	n/a
116.748	0.0	trigger_11	11	n/a	n/a	n/a	n/a	n/a	n/a	n/a
116.854	0.0	trigger_10	10	n/a	n/a	n/a	n/a	n/a	n/a	n/a
117.032	0.04	saccade	n/a	287.2	241.0	n/a	126.1	180.9	6.16	326.0
117.074	0.33	fixation	n/a	126.8	184.8	3402.0	n/a	n/a	n/a	n/a
117.406	0.024	saccade	n/a	127.3	189.0	n/a	180.0	185.9	1.87	126.0
117.432	0.22	fixation	n/a	177.7	188.9	3365.0	n/a	n/a	n/a	n/a
117.654	0.032	saccade	n/a	178.0	190.1	n/a	106.3	184.9	2.54	190.0
117.688	0.214	fixation	n/a	111.4	186.1	3281.0	n/a	n/a	n/a	n/a
117.904	0.03	saccade	n/a	113.2	188.6	n/a	212.3	182.9	3.52	174.0
117.936	0.228	fixation	n/a	214.0	183.3	3308.0	n/a	n/a	n/a	n/a
118.166	0.024	saccade	n/a	218.7	184.2	n/a	269.6	181.2	1.84	130.0
118.192	0.276	fixation	n/a	269.8	184.2	3315.0	n/a	n/a	n/a	n/a
118.47	0.022	saccade	n/a	273.5	183.0	n/a	316.2	178.9	1.56	106.0
118.494	0.182	fixation	n/a	315.4	181.9	3268.0	n/a	n/a	n/a	n/a
118.678	0.026	saccade	n/a	318.3	182.2	n/a	380.4	179.6	2.27	137.0
118.706	0.584	fixation	n/a	370.5	179.4	3217.0	n/a	n/a	n/a	n/a
119.292	0.032	saccade	n/a	370.6	179.2	n/a	452.5	173.8	3.01	149.0
119.326	0.394	fixation	n/a	453.5	177.9	3219.0	n/a	n/a	n/a	n/a
119.722	0.014	saccade	n/a	458.8	179.1	n/a	474.9	176.2	0.6	50.0
119.738	0.154	fixation	n/a	474.5	175.3	3170.0	n/a	n/a	n/a	n/a
119.894	0.026	saccade	n/a	479.0	178.0	n/a	529.0	177.2	1.84	126.0
119.922	0.298	fixation	n/a	529.0	178.7	3116.0	n/a	n/a	n/a	n/a
120.222	0.026	saccade	n/a	531.1	179.7	n/a	583.4	174.8	1.92	122.0
120.25	0.166	fixation	n/a	581.9	175.0	3122.0	n/a	n/a	n/a	n/a
120.418	0.028	saccade	n/a	581.6	177.2	n/a	517.9	179.7	2.34	161.0
120.448	0.316	fixation	n/a	522.3	179.8	3137.0	n/a	n/a	n/a	n/a
120.766	0.022	saccade	n/a	523.5	180.9	n/a	561.8	176.0	1.41	96.0
120.79	0.106	fixation	n/a	557.6	177.8	3150.0	n/a	n/a	n/a	n/a
120.898	0.028	saccade	n/a	559.8	180.0	n/a	626.1	174.7	2.43	167.0
120.928	0.282	fixation	n/a	624.7	176.2	3097.0	n/a	n/a	n/a	n/a
121.212	0.072	saccade	n/a	625.4	175.7	n/a	131.7	236.1	17.77	398.0
121.286	0.34	fixation	n/a	135.7	246.7	3062.0	n/a	n/a	n/a	n/a
121.628	0.024	saccade	n/a	136.1	249.5	n/a	186.8	246.1	1.8	120.0
121.654	0.416	fixation	n/a	190.6	250.1	2947.0	n/a	n/a	n/a	n/a
122.072	0.03	saccade	n/a	190.5	249.7	n/a	290.8	242.6	3.62	170.0
122.104	0.276	fixation	n/a	297.7	243.7	2913.0	n/a	n/a	n/a	n/a
122.382	0.028	saccade	n/a	301.3	244.9	n/a	367.5	239.3	2.42	164.0
122.412	0.25	fixation	n/a	370.9	240.2	2901.0	n/a	n/a	n/a	n/a
122.664	0.032	saccade	n/a	373.2	240.7	n/a	276.8	241.2	3.51	217.0
122.698	0.286	fixation	n/a	279.9	243.2	2835.0	n/a	n/a	n/a	n/a
122.986	0.032	saccade	n/a	282.2	245.6	n/a	396.0	236.8	4.17	211.0
123.02	0.208	fixation	n/a	400.5	236.7	2800.0	n/a	n/a	n/a	n/a
123.23	0.022	saccade	n/a	403.6	235.0	n/a	450.6	234.5	1.72	109.0
123.254	0.206	fixation	n/a	449.4	236.9	2865.0	n/a	n/a	n/a	n/a
123.462	0.032	saccade	n/a	450.5	236.5	n/a	531.5	231.7	2.98	186.0
123.496	0.21	fixation	n/a	530.5	233.8	2945.0	n/a	n/a	n/a	n/a
123.708	0.04	saccade	n/a	530.8	235.9	n/a	363.2	194.1	6.33	315.0
123.75	0.31	fixation	n/a	364.7	196.8	2983.0	n/a	n/a	n/a	n/a
123.806	0.0	trigger_11	11	n/a	n/a	n/a	n/a	n/a	n/a	n/a
123.908	0.0	trigger_10	10	n/a	n/a	n/a	n/a	n/a	n/a	n/a
124.062	0.048	saccade	n/a	361.7	197.5	n/a	133.6	176.9	8.23	343.0
124.112	0.254	fixation	n/a	134.8	178.0	3157.0	n/a	n/a	n/a	n/a
124.368	0.022	saccade	n/a	134.7	181.2	n/a	180.0	181.9	1.6	114.0
124.392	0.242	fixation	n/a	177.1	180.6	3208.0	n/a	n/a	n/a	n/a
124.636	0.024	saccade	n/a	179.2	178.8	n/a	229.2	180.7	1.79	115.0
124.662	0.2	fixation	n/a	224.6	183.8	3317.0	n/a	n/a	n/a	n/a
124.864	0.022	saccade	n/a	227.0	184.6	n/a	274.6	181.4	1.72	120.0
124.888	0.224	fixation	n/a	272.7	182.0	3390.0	n/a	n/a	n/a	n/a
125.114	0.02	saccade	n/a	276.0	180.1	n/a	308.8	179.1	1.19	88.0
125.136	0.118	fixation	n/a	304.9	182.5	3443.0	n/a	n/a	n/a	n/a
125.256	0.04	saccade	n/a	304.8	184.8	n/a	155.0	181.3	5.38	309.0
125.298	0.45	fixation	n/a	155.3	182.4	3561.0	n/a	n/a	n/a	n/a
125.366	0.0	trigger_11	11	n/a	n/a	n/a	n/a	n/a	n/a	n/a
125.468	0.0	trigger_10	10	n/a	n/a	n/a	n/a	n/a	n/a	n/a
125.75	0.018	saccade	n/a	151.5	180.0	n/a	120.5	179.6	1.09	84.0
125.77	0.586	fixation	n/a	129.4	184.0	3655.0	n/a	n/a	n/a	n/a
126.358	0.022	saccade	n/a	133.4	183.2	n/a	176.3	179.4	1.52	94.0
126.382	0.146	fixation	n/a	175.4	177.0	3648.0	n/a	n/a	n/a	n/a
126.53	0.026	saccade	n/a	176.8	176.5	n/a	238.7	172.6	2.22	147.0
126.558	0.242	fixation	n/a	240.9	179.0	3670.0	n/a	n/a	n/a	n/a
126.802	0.03	saccade	n/a	243.8	177.9	n/a	322.8	174.2	2.87	158.0
126.834	0.2	fixation	n/a	322.1	177.1	3577.0	n/a	n/a	n/a	n/a
127.036	0.018	saccade	n/a	324.7	173.8	n/a	351.3	172.6	0.97	71.0
127.056	0.246	fixation	n/a	350.0	177.4	3490.0	n/a	n/a	n/a	n/a
127.304	0.026	saccade	n/a	353.3	181.7	n/a	415.7	175.4	2.3	132.0
127.332	0.212	fixation	n/a	411.8	177.5	3376.0	n/a	n/a	n/a	n/a
127.546	0.034	saccade	n/a	412.7	176.4	n/a	510.2	174.8	3.58	204.0
127.582	0.262	fixation	n/a	513.3	177.0	3279.0	n/a	n/a	n/a	n/a
127.846	0.02	saccade	n/a	519.9	177.8	n/a	558.8	174.1	1.43	93.0
127.868	0.138	fixation	n/a	559.4	178.1	3214.0	n/a	n/a	n/a	n/a
128.008	0.02	saccade	n/a	563.5	176.5	n/a	601.0	176.5	1.37	94.0
128.03	0.182	fixation	n/a	599.7	177.9	3165.0	n/a	n/a	n/a	n/a
128.214	0.018	saccade	n/a	603.4	178.6	n/a	626.5	177.0	0.84	61.0
128.234	0.286	fixation	n/a	623.7	180.0	3128.0	n/a	n/a	n/a	n/a
128.522	0.07	saccade	n/a	622.6	177.8	n/a	133.8	237.0	17.59	419.0
128.594	0.162	fixation	n/a	133.8	243.0	3144.0	n/a	n/a	n/a	n/a
128.758	0.014	saccade	n/a	129.1	247.2	n/a	111.3	249.0	0.63	57.0
128.774	0.2	fixation	n/a	120.3	253.5	3124.0	n/a	n/a	n/a	n/a
128.976	0.02	saccade	n/a	123.3	255.3	n/a	163.2	253.1	1.41	102.0
128.998	0.156	fixation	n/a	159.9	252.7	3089.0	n/a	n/a	n/a	n/a
129.156	0.206	saccade	n/a	156.7	254.7	n/a	208.6	243.0	1.9	1235.0
129.204	0.088	blink	n/a	n/a	n/a	n/a	n/a	n/a	n/a	n/a
129.364	0.172	fixation	n/a	219.3	248.8	2871.0	n/a	n/a	n/a	n/a
129.538	0.026	saccade	n/a	221.7	249.9	n/a	275.9	245.1	1.97	137.0
129.566	0.346	fixation	n/a	274.8	245.6	2985.0	n/a	n/a	n/a	n/a
129.914	0.022	saccade	n/a	277.8	247.0	n/a	319.0	242.1	1.51	102.0
129.938	0.304	fixation	n/a	318.8	242.9	2968.0	n/a	n/a	n/a	n/a
130.244	0.026	saccade	n/a	319.0	242.7	n/a	375.8	239.0	2.08	136.0
130.272	1.21	fixation	n/a	387.4	239.9	3109.0	n/a	n/a	n/a	n/a
131.206	0.0	trigger_11	11	n/a	n/a	n/a	n/a	n/a	n/a	n/a
131.31	0.0	trigger_12	12	n/a	n/a	n/a	n/a	n/a	n/a	n/a
131.484	0.048	saccade	n/a	399.9	242.7	n/a	153.2	186.8	9.13	366.0
131.534	0.174	fixation	n/a	155.0	184.9	3287.0	n/a	n/a	n/a	n/a
131.71	0.028	saccade	n/a	154.5	186.7	n/a	110.9	187.7	1.54	133.0
131.74	0.236	fixation	n/a	112.7	187.2	3442.0	n/a	n/a	n/a	n/a
131.978	0.032	saccade	n/a	114.0	189.5	n/a	217.6	180.1	3.69	203.0
132.012	0.314	fixation	n/a	219.4	185.2	3459.0	n/a	n/a	n/a	n/a
132.328	0.032	saccade	n/a	222.8	185.7	n/a	315.9	176.3	3.39	171.0
132.362	0.134	fixation	n/a	314.3	173.8	3484.0	n/a	n/a	n/a	n/a
132.498	0.03	saccade	n/a	316.9	173.5	n/a	400.6	172.6	3.05	173.0
132.53	0.204	fixation	n/a	400.6	174.6	3496.0	n/a	n/a	n/a	n/a
132.736	0.024	saccade	n/a	404.2	176.3	n/a	456.2	172.1	1.91	127.0
132.762	0.256	fixation	n/a	454.7	173.7	3417.0	n/a	n/a	n/a	n/a
133.02	0.018	saccade	n/a	459.1	177.0	n/a	485.0	176.1	0.95	68.0
133.04	0.212	fixation	n/a	484.8	177.3	3297.0	n/a	n/a	n/a	n/a
133.254	0.032	saccade	n/a	487.5	179.2	n/a	569.2	175.8	3.0	160.0
133.288	0.21	fixation	n/a	568.8	177.2	3222.0	n/a	n/a	n/a	n/a
133.5	0.028	saccade	n/a	568.9	176.8	n/a	514.1	175.6	2.0	151.0
133.53	0.158	fixation	n/a	518.4	176.0	3186.0	n/a	n/a	n/a	n/a
133.69	0.03	saccade	n/a	520.5	177.8	n/a	591.9	171.8	2.62	149.0
133.722	0.282	fixation	n/a	591.4	175.0	3182.0	n/a	n/a	n/a	n/a
134.006	0.068	saccade	n/a	592.4	175.7	n/a	129.0	237.4	16.73	400.0
134.076	0.474	fixation	n/a	128.8	247.5	3210.0	n/a	n/a	n/a	n/a
134.552	0.028	saccade	n/a	127.2	250.6	n/a	198.0	243.5	2.52	168.0
134.582	0.284	fixation	n/a	200.3	244.9	3189.0	n/a	n/a	n/a	n/a
134.868	0.026	saccade	n/a	203.2	247.9	n/a	266.0	239.6	2.28	145.0
134.896	0.348	fixation	n/a	267.6	242.9	3177.0	n/a	n/a	n/a	n/a
135.246	0.024	saccade	n/a	268.7	244.0	n/a	275.1	188.4	2.07	122.0
135.272	0.224	fixation	n/a	279.3	194.2	3187.0	n/a	n/a	n/a	n/a
135.498	0.036	saccade	n/a	279.3	192.3	n/a	156.1	189.0	4.42	263.0
135.536	0.256	fixation	n/a	160.1	192.0	3330.0	n/a	n/a	n/a	n/a
135.794	0.056	saccade	n/a	161.5	192.9	n/a	428.6	180.5	9.65	288.0
135.852	0.218	fixation	n/a	434.7	181.4	3417.0	n/a	n/a	n/a	n/a
136.072	0.028	saccade	n/a	439.4	177.7	n/a	508.0	175.3	2.51	161.0
136.102	0.154	fixation	n/a	507.6	182.1	3418.0	n/a	n/a	n/a	n/a
136.258	0.038	saccade	n/a	509.6	186.5	n/a	360.3	183.2	5.48	320.0
136.298	0.13	fixation	n/a	361.5	184.9	3389.0	n/a	n/a	n/a	n/a
136.43	0.046	saccade	n/a	358.9	184.5	n/a	177.8	250.9	6.96	313.0
136.478	0.18	fixation	n/a	181.3	250.8	3406.0	n/a	n/a	n/a	n/a
136.66	0.026	saccade	n/a	182.7	251.5	n/a	238.1	247.7	1.99	140.0
136.688	0.164	fixation	n/a	235.2	249.8	3410.0	n/a	n/a	n/a	n/a
136.854	0.022	saccade	n/a	236.3	250.0	n/a	281.6	245.1	1.65	118.0
136.878	0.164	fixation	n/a	279.9	245.6	3313.0	n/a	n/a	n/a	n/a
137.044	0.032	saccade	n/a	279.8	247.4	n/a	364.7	243.7	3.1	170.0
137.078	0.164	fixation	n/a	367.8	246.1	3198.0	n/a	n/a	n/a	n/a
137.244	0.024	saccade	n/a	372.3	247.3	n/a	413.3	242.8	1.51	108.0
137.27	0.326	fixation	n/a	411.4	243.7	3156.0	n/a	n/a	n/a	n/a
137.598	0.014	saccade	n/a	409.1	244.8	n/a	392.7	244.6	0.6	54.0
137.614	0.146	fixation	n/a	397.9	244.3	3147.0	n/a	n/a	n/a	n/a
137.762	0.044	saccade	n/a	396.7	241.4	n/a	523.3	181.9	5.14	220.0
137.808	0.314	fixation	n/a	528.7	181.0	3182.0	n/a	n/a	n/a	n/a
137.854	0.0	trigger_13	13	n/a	n/a	n/a	n/a	n/a	n/a	n/a
138.124	0.056	saccade	n/a	530.0	187.8	n/a	172.1	241.0	13.09	435.0
138.182	0.192	fixation	n/a	167.7	241.2	3374.0	n/a	n/a	n/a	n/a
138.376	0.018	saccade	n/a	162.8	243.4	n/a	136.7	247.7	0.94	72.0
138.396	0.256	fixation	n/a	142.4	245.7	3454.0	n/a	n/a	n/a	n/a
138.654	0.022	saccade	n/a	142.1	247.8	n/a	133.2	291.9	1.64	104.0
138.678	0.288	fixation	n/a	137.6	290.5	3581.0	n/a	n/a	n/a	n/a
138.968	0.026	saccade	n/a	137.6	294.1	n/a	140.5	349.4	2.01	130.0
138.996	0.34	fixation	n/a	146.2	352.7	3809.0	n/a	n/a	n/a	n/a
139.338	0.028	saccade	n/a	149.4	355.2	n/a	136.3	295.2	2.23	146.0
139.368	0.252	fixation	n/a	141.9	302.9	3869.0	n/a	n/a	n/a	n/a
139.622	0.028	saccade	n/a	140.7	300.8	n/a	136.7	240.3	2.21	140.0
139.652	0.126	fixation	n/a	139.4	249.1	3798.0	n/a	n/a	n/a	n/a
139.78	0.182	saccade	n/a	142.5	249.3	n/a	112.4	184.6	2.58	945.0
139.826	0.06	blink	n/a	n/a	n/a	n/a	n/a	n/a	n/a	n/a
139.964	0.16	fixation	n/a	119.8	179.0	3599.0	n/a	n/a	n/a	n/a
140.126	0.032	saccade	n/a	119.7	176.0	n/a	181.2	230.7	2.95	172.0
140.16	0.246	fixation	n/a	183.8	233.0	3793.0	n/a	n/a	n/a	n/a
140.408	0.032	saccade	n/a	186.6	233.9	n/a	115.1	176.1	3.3	213.0
140.442	0.274	fixation	n/a	120.5	180.4	3781.0	n/a	n/a	n/a	n/a
140.718	0.022	saccade	n/a	123.5	181.7	n/a	165.8	181.4	1.49	111.0
140.742	0.226	fixation	n/a	164.1	183.7	3707.0	n/a	n/a	n/a	n/a
140.97	0.03	saccade	n/a	169.9	186.7	n/a	253.6	178.0	3.02	173.0
141.002	0.274	fixation	n/a	249.2	174.7	3643.0	n/a	n/a	n/a	n/a
141.278	0.02	saccade	n/a	253.1	172.3	n/a	293.1	171.0	1.45	103.0
141.3	0.17	fixation	n/a	291.7	175.2	3599.0	n/a	n/a	n/a	n/a
141.472	0.02	saccade	n/a	295.1	178.1	n/a	332.9	176.6	1.38	96.0
141.494	0.25	fixation	n/a	332.5	176.4	3610.0	n/a	n/a	n/a	n/a
141.746	0.02	saccade	n/a	336.5	175.1	n/a	374.9	173.4	1.4	96.0
141.768	0.242	fixation	n/a	373.3	176.1	3645.0	n/a	n/a	n/a	n/a
142.012	0.03	saccade	n/a	376.5	178.3	n/a	435.7	174.8	2.17	129.0
142.044	0.126	fixation	n/a	432.3	175.8	3612.0	n/a	n/a	n/a	n/a
142.172	0.05	saccade	n/a	432.4	175.9	n/a	157.3	258.7	10.35	403.0
142.224	0.13	fixation	n/a	156.2	263.6	3614.0	n/a	n/a	n/a	n/a
142.356	0.018	saccade	n/a	154.6	268.5	n/a	153.0	292.0	0.86	64.0
142.376	0.48	fixation	n/a	146.8	298.3	3656.0	n/a	n/a	n/a	n/a
142.858	0.024	saccade	n/a	136.2	308.1	n/a	130.8	361.7	1.95	113.0
142.884	0.266	fixation	n/a	132.7	360.8	3780.0	n/a	n/a	n/a	n/a
143.152	0.022	saccade	n/a	134.5	361.2	n/a	177.1	361.0	1.5	106.0
143.176	0.16	fixation	n/a	171.7	363.5	3805.0	n/a	n/a	n/a	n/a
143.338	0.026	saccade	n/a	173.7	366.4	n/a	230.0	363.5	2.01	138.0
143.366	0.304	fixation	n/a	229.6	366.9	3713.0	n/a	n/a	n/a	n/a
143.672	0.024	saccade	n/a	233.0	367.5	n/a	279.5	362.4	1.68	114.0
143.698	0.09	fixation	n/a	276.9	365.1	3618.0	n/a	n/a	n/a	n/a
143.79	0.042	saccade	n/a	278.7	365.0	n/a	125.5	304.3	5.89	316.0
143.834	1.456	fixation	n/a	131.8	304.8	3725.0	n/a	n/a	n/a	n/a
145.292	0.022	saccade	n/a	126.0	312.8	n/a	132.3	351.7	1.42	84.0
145.316	0.246	fixation	n/a	136.2	351.9	3906.0	n/a	n/a	n/a	n/a
145.564	0.028	saccade	n/a	136.2	349.8	n/a	132.7	292.8	2.07	138.0
145.594	0.108	fixation	n/a	135.3	300.1	3947.0	n/a	n/a	n/a	n/a
145.704	0.03	saccade	n/a	135.3	300.0	n/a	197.8	295.6	2.21	165.0
145.736	0.244	fixation	n/a	197.6	299.0	3920.0	n/a	n/a	n/a	n/a
145.75	0.0	trigger_15	15	n/a	n/a	n/a	n/a	n/a	n/a	n/a
145.808	0.0	trigger_10	10	n/a	n/a	n/a	n/a	n/a	n/a	n/a
145.982	0.038	saccade	n/a	199.2	298.6	n/a	125.3	201.2	4.42	260.0
146.022	0.12	fixation	n/a	129.8	202.4	3808.0	n/a	n/a	n/a	n/a
146.144	0.016	saccade	n/a	127.2	197.6	n/a	110.3	180.7	0.85	67.0
146.162	0.134	fixation	n/a	117.6	181.3	3668.0	n/a	n/a	n/a	n/a
146.298	0.194	saccade	n/a	125.5	182.7	n/a	155.9	189.6	1.1	978.0
146.336	0.078	blink	n/a	n/a	n/a	n/a	n/a	n/a	n/a	n/a
146.494	0.148	fixation	n/a	157.6	183.5	3386.0	n/a	n/a	n/a	n/a
146.644	0.024	saccade	n/a	154.1	188.0	n/a	110.0	181.3	1.57	120.0
146.67	0.13	fixation	n/a	115.1	182.6	3623.0	n/a	n/a	n/a	n/a
146.802	0.022	saccade	n/a	118.1	179.5	n/a	169.2	182.4	1.8	122.0
146.826	0.212	fixation	n/a	172.3	184.8	3578.0	n/a	n/a	n/a	n/a
147.04	0.024	saccade	n/a	174.7	186.2	n/a	230.9	181.6	2.02	127.0
147.066	0.186	fixation	n/a	232.5	183.4	3499.0	n/a	n/a	n/a	n/a
147.254	0.026	saccade	n/a	237.0	183.5	n/a	294.5	181.8	2.08	130.0
147.282	0.402	fixation	n/a	295.4	186.8	3413.0	n/a	n/a	n/a	n/a
147.686	0.026	saccade	n/a	299.6	189.5	n/a	375.7	184.1	2.78	153.0
147.714	0.298	fixation	n/a	384.5	183.5	3464.0	n/a	n/a	n/a	n/a
148.014	0.024	saccade	n/a	388.7	184.6	n/a	444.6	181.6	2.05	120.0
148.04	0.17	fixation	n/a	443.0	184.4	3495.0	n/a	n/a	n/a	n/a
148.212	0.032	saccade	n/a	445.4	186.7	n/a	533.1	182.4	3.22	188.0
148.246	0.142	fixation	n/a	531.7	182.2	3462.0	n/a	n/a	n/a	n/a
148.39	0.024	saccade	n/a	536.2	181.2	n/a	579.0	178.4	1.57	109.0
148.416	0.154	fixation	n/a	576.1	179.5	3407.0	n/a	n/a	n/a	n/a
148.572	0.022	saccade	n/a	580.4	180.3	n/a	619.1	177.6	1.41	84.0
148.596	0.374	fixation	n/a	619.9	181.1	3327.0	n/a	n/a	n/a	n/a
148.972	0.026	saccade	n/a	619.8	182.8	n/a	571.3	179.4	1.77	130.0
149.0	0.168	fixation	n/a	577.2	181.5	3262.0	n/a	n/a	n/a	n/a
149.17	0.024	saccade	n/a	579.8	183.9	n/a	631.1	178.4	1.88	117.0
149.196	0.306	fixation	n/a	627.8	179.1	3240.0	n/a	n/a	n/a	n/a
149.504	0.068	saccade	n/a	628.1	181.1	n/a	148.4	243.2	17.35	410.0
149.574	0.158	fixation	n/a	147.9	247.3	3268.0	n/a	n/a	n/a	n/a
149.734	0.018	saccade	n/a	142.8	248.2	n/a	116.5	249.6	0.92	78.0
149.754	0.364	fixation	n/a	123.8	253.6	3232.0	n/a	n/a	n/a	n/a
150.12	0.028	saccade	n/a	125.2	255.9	n/a	195.8	249.3	2.51	159.0
150.15	0.666	fixation	n/a	190.9	252.3	3143.0	n/a	n/a	n/a	n/a
150.818	0.032	saccade	n/a	189.7	251.7	n/a	124.1	189.3	3.25	185.0
150.852	0.818	fixation	n/a	127.4	196.3	3203.0	n/a	n/a	n/a	n/a
151.214	0.0	trigger_11	11	n/a	n/a	n/a	n/a	n/a	n/a	n/a
151.318	0.0	trigger_10	10	n/a	n/a	n/a	n/a	n/a	n/a	n/a
151.672	0.024	saccade	n/a	130.4	197.1	n/a	171.6	191.5	1.47	111.0
151.698	0.202	fixation	n/a	165.5	189.1	3439.0	n/a	n/a	n/a	n/a
151.902	0.022	saccade	n/a	167.7	187.8	n/a	209.7	182.9	1.51	100.0
151.926	0.136	fixation	n/a	206.4	185.0	3484.0	n/a	n/a	n/a	n/a
152.064	0.026	saccade	n/a	209.4	185.0	n/a	268.8	180.4	2.14	136.0
152.092	0.284	fixation	n/a	266.9	183.4	3404.0	n/a	n/a	n/a	n/a
152.378	0.024	saccade	n/a	268.5	183.2	n/a	328.2	174.3	2.19	124.0
152.404	0.178	fixation	n/a	330.9	175.5	3386.0	n/a	n/a	n/a	n/a
152.584	0.028	saccade	n/a	334.9	178.0	n/a	395.3	178.3	2.21	133.0
152.614	0.234	fixation	n/a	393.9	179.6	3355.0	n/a	n/a	n/a	n/a
152.85	0.022	saccade	n/a	397.8	178.9	n/a	441.1	175.5	1.59	105.0
152.874	0.2	fixation	n/a	439.4	179.6	3280.0	n/a	n/a	n/a	n/a
153.076	0.022	saccade	n/a	441.9	179.4	n/a	478.5	179.5	1.34	86.0
153.1	0.122	fixation	n/a	477.6	180.8	3219.0	n/a	n/a	n/a	n/a
153.224	0.024	saccade	n/a	480.4	182.1	n/a	532.6	177.3	1.92	120.0
153.25	0.234	fixation	n/a	529.7	178.8	3182.0	n/a	n/a	n/a	n/a
153.486	0.02	saccade	n/a	534.2	179.6	n/a	569.9	176.8	1.31	91.0
153.508	0.186	fixation	n/a	567.8	178.6	3135.0	n/a	n/a	n/a	n/a
153.696	0.068	saccade	n/a	567.4	175.9	n/a	108.3	242.7	16.58	385.0
153.766	0.276	fixation	n/a	111.7	249.4	3111.0	n/a	n/a	n/a	n/a
154.044	0.066	saccade	n/a	109.4	251.0	n/a	495.9	169.8	14.15	339.0
154.112	0.194	fixation	n/a	503.3	175.1	3111.0	n/a	n/a	n/a	n/a
154.308	0.014	saccade	n/a	508.7	177.0	n/a	524.2	177.3	0.57	50.0
154.324	0.272	fixation	n/a	521.7	175.9	3131.0	n/a	n/a	n/a	n/a
154.598	0.028	saccade	n/a	524.0	176.9	n/a	576.3	173.5	1.92	119.0
154.628	0.21	fixation	n/a	573.2	175.3	3101.0	n/a	n/a	n/a	n/a
154.84	0.066	saccade	n/a	572.5	175.6	n/a	114.4	243.2	16.58	412.0
154.908	0.26	fixation	n/a	116.5	248.8	3152.0	n/a	n/a	n/a	n/a
155.17	0.024	saccade	n/a	118.8	250.6	n/a	188.5	242.1	2.49	148.0
155.196	0.294	fixation	n/a	196.4	242.5	3183.0	n/a	n/a	n/a	n/a
155.492	0.026	saccade	n/a	200.3	247.0	n/a	267.9	239.8	2.45	148.0
155.52	0.162	fixation	n/a	272.0	239.4	3139.0	n/a	n/a	n/a	n/a
155.684	0.022	saccade	n/a	275.7	239.6	n/a	316.9	238.1	1.5	109.0
155.708	0.236	fixation	n/a	315.0	242.0	3131.0	n/a	n/a	n/a	n/a
155.946	0.02	saccade	n/a	319.7	247.1	n/a	353.9	243.2	1.26	85.0
155.968	0.152	fixation	n/a	350.6	243.3	3111.0	n/a	n/a	n/a	n/a
156.122	0.024	saccade	n/a	352.0	244.0	n/a	402.6	242.7	1.85	116.0
156.148	0.214	fixation	n/a	401.4	242.4	3098.0	n/a	n/a	n/a	n/a
156.364	0.02	saccade	n/a	404.0	241.5	n/a	436.7	240.5	1.2	84.0
156.386	0.156	fixation	n/a	433.7	241.7	3095.0	n/a	n/a	n/a	n/a
156.544	0.03	saccade	n/a	436.1	243.1	n/a	514.9	237.4	2.89	163.0
156.576	0.358	fixation	n/a	515.4	239.2	3044.0	n/a	n/a	n/a	n/a
156.664	0.0	trigger_11	11	n/a	n/a	n/a	n/a	n/a	n/a	n/a
156.766	0.0	trigger_10	10	n/a	n/a	n/a	n/a	n/a	n/a	n/a
156.936	0.056	saccade	n/a	514.1	239.0	n/a	146.8	191.8	13.33	421.0
156.994	0.162	fixation	n/a	146.1	193.2	3088.0	n/a	n/a	n/a	n/a
157.158	0.024	saccade	n/a	143.5	194.2	n/a	108.0	186.8	1.28	103.0
157.184	0.166	fixation	n/a	114.6	190.4	3079.0	n/a	n/a	n/a	n/a
157.352	0.026	saccade	n/a	114.5	190.4	n/a	173.5	187.8	2.08	138.0
157.38	0.39	fixation	n/a	170.1	190.9	3117.0	n/a	n/a	n/a	n/a
157.772	0.02	saccade	n/a	172.9	192.9	n/a	208.0	187.0	1.27	87.0
157.794	0.174	fixation	n/a	208.7	189.5	3136.0	n/a	n/a	n/a	n/a
157.97	0.028	saccade	n/a	212.1	189.7	n/a	281.7	180.2	2.53	154.0
158.0	0.282	fixation	n/a	286.7	182.4	3112.0	n/a	n/a	n/a	n/a
158.284	0.026	saccade	n/a	291.3	182.4	n/a	351.4	180.4	2.19	114.0
158.312	0.374	fixation	n/a	382.8	184.2	3046.0	n/a	n/a	n/a	n/a
158.688	0.022	saccade	n/a	384.0	188.6	n/a	352.1	184.2	1.18	91.0
158.712	0.22	fixation	n/a	358.6	184.4	3015.0	n/a	n/a	n/a	n/a
158.934	0.026	saccade	n/a	359.9	184.2	n/a	427.5	179.9	2.48	143.0
158.962	0.182	fixation	n/a	429.3	181.5	2987.0	n/a	n/a	n/a	n/a
159.146	0.024	saccade	n/a	432.0	180.9	n/a	480.0	178.7	1.76	122.0
159.172	0.318	fixation	n/a	478.8	181.3	2984.0	n/a	n/a	n/a	n/a
159.492	0.026	saccade	n/a	484.7	183.9	n/a	541.9	179.5	2.11	132.0
159.52	0.416	fixation	n/a	537.2	178.6	3018.0	n/a	n/a	n/a	n/a
159.938	0.036	saccade	n/a	530.6	176.2	n/a	434.5	180.4	3.53	184.0
159.976	0.26	fixation	n/a	440.9	182.0	3032.0	n/a	n/a	n/a	n/a
160.238	0.024	saccade	n/a	441.3	185.2	n/a	496.5	180.9	2.04	124.0
160.264	0.096	fixation	n/a	493.8	180.5	3061.0	n/a	n/a	n/a	n/a
160.362	0.026	saccade	n/a	496.5	182.6	n/a	552.9	173.5	2.09	142.0
160.39	0.158	fixation	n/a	550.9	174.2	3085.0	n/a	n/a	n/a	n/a
160.55	0.022	saccade	n/a	554.9	179.7	n/a	598.4	177.2	1.59	113.0
160.574	0.152	fixation	n/a	594.7	176.6	3074.0	n/a	n/a	n/a	n/a
160.728	0.018	saccade	n/a	597.7	175.7	n/a	625.2	174.4	1.0	74.0
160.748	0.154	fixation	n/a	619.9	175.4	3085.0	n/a	n/a	n/a	n/a
160.904	0.066	saccade	n/a	618.1	173.6	n/a	135.4	248.3	17.49	422.0
160.972	0.202	fixation	n/a	138.6	250.8	3100.0	n/a	n/a	n/a	n/a
161.176	0.018	saccade	n/a	134.6	251.6	n/a	106.2	249.2	1.0	87.0
161.196	0.27	fixation	n/a	113.0	251.1	3028.0	n/a	n/a	n/a	n/a
161.468	0.032	saccade	n/a	113.0	252.2	n/a	206.7	241.4	3.33	181.0
161.502	0.252	fixation	n/a	211.0	247.5	2983.0	n/a	n/a	n/a	n/a
161.756	0.024	saccade	n/a	216.0	249.4	n/a	272.8	244.6	2.05	129.0
161.782	0.348	fixation	n/a	275.5	246.1	2921.0	n/a	n/a	n/a	n/a
162.132	0.026	saccade	n/a	272.7	244.5	n/a	225.1	247.2	1.72	126.0
162.16	0.26	fixation	n/a	228.4	249.1	2887.0	n/a	n/a	n/a	n/a
162.422	0.024	saccade	n/a	231.5	250.5	n/a	299.1	242.9	2.46	143.0
162.448	0.192	fixation	n/a	306.2	243.2	2889.0	n/a	n/a	n/a	n/a
162.642	0.022	saccade	n/a	310.3	243.6	n/a	353.9	238.2	1.6	114.0
162.666	0.388	fixation	n/a	356.3	240.9	2888.0	n/a	n/a	n/a	n/a
163.056	0.028	saccade	n/a	362.0	243.6	n/a	440.6	233.6	2.91	132.0
163.086	0.316	fixation	n/a	450.2	234.4	2860.0	n/a	n/a	n/a	n/a
163.404	0.028	saccade	n/a	452.3	232.8	n/a	518.6	232.0	2.43	142.0
163.434	0.232	fixation	n/a	519.2	235.6	2830.0	n/a	n/a	n/a	n/a
163.668	0.016	saccade	n/a	516.8	234.3	n/a	497.8	233.9	0.7	52.0
163.686	0.114	fixation	n/a	501.6	234.1	2826.0	n/a	n/a	n/a	n/a
163.802	0.05	saccade	n/a	502.0	232.8	n/a	263.7	188.6	8.82	349.0
163.854	0.162	fixation	n/a	264.2	194.5	2882.0	n/a	n/a	n/a	n/a
164.018	0.028	saccade	n/a	263.9	196.2	n/a	209.4	186.3	1.99	142.0
164.048	0.386	fixation	n/a	208.7	184.2	3039.0	n/a	n/a	n/a	n/a
164.168	0.0	trigger_11	11	n/a	n/a	n/a	n/a	n/a	n/a	n/a
164.27	0.0	trigger_12	12	n/a	n/a	n/a	n/a	n/a	n/a	n/a
164.436	0.032	saccade	n/a	205.8	184.9	n/a	120.0	176.3	3.05	202.0
164.47	0.274	fixation	n/a	123.6	178.3	3275.0	n/a	n/a	n/a	n/a
164.746	0.022	saccade	n/a	126.0	176.9	n/a	167.9	179.0	1.48	102.0
164.77	0.186	fixation	n/a	165.1	182.4	3311.0	n/a	n/a	n/a	n/a
164.958	0.02	saccade	n/a	167.2	181.7	n/a	208.0	176.6	1.46	100.0
164.98	0.282	fixation	n/a	206.6	177.5	3316.0	n/a	n/a	n/a	n/a
165.264	0.026	saccade	n/a	206.6	179.2	n/a	146.6	184.4	2.14	140.0
165.292	0.174	fixation	n/a	153.0	181.0	3358.0	n/a	n/a	n/a	n/a
165.468	0.026	saccade	n/a	151.2	180.2	n/a	111.0	176.5	1.41	113.0
165.496	0.286	fixation	n/a	118.8	180.1	3348.0	n/a	n/a	n/a	n/a
165.784	0.022	saccade	n/a	122.9	184.5	n/a	170.4	181.7	1.68	109.0
165.808	0.188	fixation	n/a	167.1	180.3	3334.0	n/a	n/a	n/a	n/a
165.998	0.026	saccade	n/a	170.0	180.1	n/a	225.9	175.3	2.0	125.0
166.026	0.51	fixation	n/a	225.0	182.0	3272.0	n/a	n/a	n/a	n/a
166.538	0.016	saccade	n/a	223.1	183.1	n/a	200.2	181.6	0.82	67.0
166.556	0.242	fixation	n/a	209.2	180.6	3228.0	n/a	n/a	n/a	n/a
166.8	0.026	saccade	n/a	216.2	185.9	n/a	270.7	183.2	1.97	132.0
166.828	0.21	fixation	n/a	268.3	179.1	3242.0	n/a	n/a	n/a	n/a
167.04	0.018	saccade	n/a	272.9	177.1	n/a	302.5	175.6	1.07	80.0
167.06	0.156	fixation	n/a	300.9	176.3	3256.0	n/a	n/a	n/a	n/a
167.218	0.024	saccade	n/a	304.0	180.1	n/a	345.4	174.9	1.52	107.0
167.244	0.31	fixation	n/a	342.2	175.8	3203.0	n/a	n/a	n/a	n/a
167.556	0.022	saccade	n/a	345.2	178.8	n/a	389.5	177.6	1.61	106.0
167.58	0.146	fixation	n/a	393.0	184.0	3142.0	n/a	n/a	n/a	n/a
167.728	0.028	saccade	n/a	395.2	183.2	n/a	449.7	180.8	2.0	129.0
167.758	0.288	fixation	n/a	448.9	182.6	3131.0	n/a	n/a	n/a	n/a
168.048	0.024	saccade	n/a	450.6	179.9	n/a	503.9	176.6	1.96	116.0
168.074	0.236	fixation	n/a	503.9	181.5	3098.0	n/a	n/a	n/a	n/a
168.312	0.028	saccade	n/a	507.2	183.3	n/a	576.5	177.5	2.55	143.0
168.342	0.188	fixation	n/a	574.7	178.0	3068.0	n/a	n/a	n/a	n/a
168.532	0.022	saccade	n/a	577.3	176.1	n/a	620.0	175.0	1.56	103.0
168.556	0.664	fixation	n/a	613.5	176.3	3037.0	n/a	n/a	n/a	n/a
169.222	0.066	saccade	n/a	609.2	179.8	n/a	136.2	240.3	17.07	410.0
169.29	0.346	fixation	n/a	130.1	246.8	3087.0	n/a	n/a	n/a	n/a
169.638	0.228	saccade	n/a	118.5	252.0	n/a	108.4	234.9	0.72	1228.0
169.69	0.106	blink	n/a	n/a	n/a	n/a	n/a	n/a	n/a	n/a
169.868	0.382	fixation	n/a	118.1	237.4	3080.0	n/a	n/a	n/a	n/a
169.992	0.0	trigger_13	13	n/a	n/a	n/a	n/a	n/a	n/a	n/a
170.252	0.024	saccade	n/a	123.8	238.2	n/a	118.5	195.1	1.58	110.0
170.278	0.308	fixation	n/a	121.0	194.9	3218.0	n/a	n/a	n/a	n/a
170.588	0.016	saccade	n/a	127.0	188.3	n/a	152.5	181.3	0.93	74.0
170.606	0.236	fixation	n/a	147.8	186.2	3269.0	n/a	n/a	n/a	n/a
170.844	0.036	saccade	n/a	149.0	191.3	n/a	140.9	291.7	3.67	199.0
170.882	0.378	fixation	n/a	130.4	293.1	3505.0	n/a	n/a	n/a	n/a
171.262	0.044	saccade	n/a	124.8	290.4	n/a	267.3	187.6	6.31	271.0
171.308	0.168	fixation	n/a	271.5	188.7	3731.0	n/a	n/a	n/a	n/a
171.478	0.02	saccade	n/a	278.5	190.3	n/a	313.1	176.8	1.35	93.0
171.5	0.26	fixation	n/a	314.9	182.1	3701.0	n/a	n/a	n/a	n/a
171.762	0.018	saccade	n/a	322.3	185.1	n/a	346.3	178.9	0.9	66.0
171.782	0.11	fixation	n/a	342.8	179.6	3637.0	n/a	n/a	n/a	n/a
171.894	0.05	saccade	n/a	342.8	180.4	n/a	141.7	295.7	8.34	369.0
171.946	0.256	fixation	n/a	137.6	295.4	3675.0	n/a	n/a	n/a	n/a
172.204	0.206	saccade	n/a	143.2	295.0	n/a	108.9	298.4	1.21	735.0
172.252	0.062	blink	n/a	n/a	n/a	n/a	n/a	n/a	n/a	n/a
172.412	0.446	fixation	n/a	116.2	294.8	3854.0	n/a	n/a	n/a	n/a
172.552	0.0	trigger_15	15	n/a	n/a	n/a	n/a	n/a	n/a	n/a
172.606	0.0	trigger_10	10	n/a	n/a	n/a	n/a	n/a	n/a	n/a
172.86	0.04	saccade	n/a	114.8	292.7	n/a	112.8	158.4	4.88	225.0
172.902	0.292	fixation	n/a	118.1	165.3	3907.0	n/a	n/a	n/a	n/a
173.196	0.022	saccade	n/a	121.8	172.7	n/a	163.4	165.9	1.49	97.0
173.22	0.204	fixation	n/a	159.5	167.6	3834.0	n/a	n/a	n/a	n/a
173.426	0.024	saccade	n/a	156.9	167.0	n/a	112.1	166.4	1.57	121.0
173.452	0.344	fixation	n/a	118.7	166.1	3860.0	n/a	n/a	n/a	n/a
173.798	0.022	saccade	n/a	122.0	164.4	n/a	166.0	164.8	1.55	97.0
173.822	0.328	fixation	n/a	164.2	171.6	3895.0	n/a	n/a	n/a	n/a
174.152	0.03	saccade	n/a	166.7	180.5	n/a	230.7	176.9	2.29	149.0
174.184	0.31	fixation	n/a	229.0	183.6	3727.0	n/a	n/a	n/a	n/a
174.496	0.02	saccade	n/a	233.0	188.0	n/a	270.9	185.5	1.37	94.0
174.518	0.61	fixation	n/a	269.7	188.7	3578.0	n/a	n/a	n/a	n/a
175.13	0.03	saccade	n/a	270.7	186.2	n/a	214.2	187.7	2.03	148.0
175.162	0.966	fixation	n/a	219.6	184.8	3619.0	n/a	n/a	n/a	n/a
176.13	0.018	saccade	n/a	224.9	174.5	n/a	253.6	172.9	1.03	76.0
176.15	0.128	fixation	n/a	253.2	174.3	3715.0	n/a	n/a	n/a	n/a
176.28	0.02	saccade	n/a	257.7	178.8	n/a	292.9	177.8	1.27	86.0
176.302	0.218	fixation	n/a	290.9	177.3	3678.0	n/a	n/a	n/a	n/a
176.522	0.036	saccade	n/a	292.2	176.5	n/a	168.4	173.2	4.44	264.0
176.56	0.372	fixation	n/a	172.1	175.0	3550.0	n/a	n/a	n/a	n/a
176.934	0.03	saccade	n/a	170.1	174.8	n/a	240.1	173.6	2.5	146.0
176.966	0.196	fixation	n/a	238.1	177.7	3520.0	n/a	n/a	n/a	n/a
177.164	0.022	saccade	n/a	243.1	183.0	n/a	295.1	179.3	1.89	114.0
177.188	0.204	fixation	n/a	295.0	180.3	3467.0	n/a	n/a	n/a	n/a
177.394	0.026	saccade	n/a	297.3	183.1	n/a	353.6	178.9	2.05	135.0
177.422	0.158	fixation	n/a	352.4	182.9	3406.0	n/a	n/a	n/a	n/a
177.582	0.02	saccade	n/a	355.5	182.8	n/a	390.6	182.8	1.28	87.0
177.604	0.15	fixation	n/a	389.2	183.2	3329.0	n/a	n/a	n/a	n/a
177.756	0.024	saccade	n/a	392.4	185.9	n/a	438.8	185.4	1.7	117.0
177.782	0.172	fixation	n/a	437.8	184.6	3233.0	n/a	n/a	n/a	n/a
177.956	0.02	saccade	n/a	440.4	178.6	n/a	471.7	175.4	1.15	83.0
177.978	0.134	fixation	n/a	470.0	176.8	3190.0	n/a	n/a	n/a	n/a
178.114	0.026	saccade	n/a	472.1	178.0	n/a	535.4	172.8	2.33	133.0
178.142	0.152	fixation	n/a	536.2	173.7	3135.0	n/a	n/a	n/a	n/a
178.296	0.026	saccade	n/a	539.8	172.4	n/a	597.7	169.4	2.12	142.0
178.324	0.23	fixation	n/a	597.5	171.5	3043.0	n/a	n/a	n/a	n/a
178.556	0.066	saccade	n/a	598.5	173.0	n/a	131.7	233.4	16.88	426.0
178.624	0.338	fixation	n/a	126.4	239.6	2980.0	n/a	n/a	n/a	n/a
178.964	0.034	saccade	n/a	124.2	240.8	n/a	262.2	234.3	4.92	239.0
179.0	0.182	fixation	n/a	268.6	233.3	3010.0	n/a	n/a	n/a	n/a
179.184	0.026	saccade	n/a	271.1	231.9	n/a	322.5	231.6	1.86	125.0
179.212	0.186	fixation	n/a	324.3	237.1	3023.0	n/a	n/a	n/a	n/a
179.4	0.036	saccade	n/a	325.3	239.1	n/a	438.6	231.8	4.15	221.0
179.438	0.322	fixation	n/a	443.0	232.7	2952.0	n/a	n/a	n/a	n/a
179.762	0.032	saccade	n/a	445.3	233.5	n/a	541.7	226.2	3.54	182.0
179.796	0.21	fixation	n/a	542.1	227.1	2876.0	n/a	n/a	n/a	n/a
180.008	0.026	saccade	n/a	544.2	227.2	n/a	609.0	227.1	2.36	142.0
180.036	0.284	fixation	n/a	609.7	230.7	2845.0	n/a	n/a	n/a	n/a
180.322	0.048	saccade	n/a	611.2	230.6	n/a	356.3	177.4	9.49	365.0
180.33	0.0	trigger_11	11	n/a	n/a	n/a	n/a	n/a	n/a	n/a
180.372	0.206	fixation	n/a	358.0	182.0	2901.0	n/a	n/a	n/a	n/a
180.436	0.0	trigger_10	10	n/a	n/a	n/a	n/a	n/a	n/a	n/a
180.58	0.048	saccade	n/a	356.9	184.3	n/a	131.1	177.3	8.1	346.0
180.63	0.304	fixation	n/a	128.4	177.7	3076.0	n/a	n/a	n/a	n/a
180.936	0.024	saccade	n/a	126.3	179.1	n/a	173.2	180.5	1.66	113.0
180.962	0.19	fixation	n/a	172.5	181.4	3196.0	n/a	n/a	n/a	n/a
181.154	0.02	saccade	n/a	174.3	181.3	n/a	211.8	179.8	1.34	93.0
181.176	0.248	fixation	n/a	207.7	179.8	3305.0	n/a	n/a	n/a	n/a
181.426	0.02	saccade	n/a	208.8	183.3	n/a	251.1	180.0	1.52	104.0
181.448	0.24	fixation	n/a	249.7	181.5	3315.0	n/a	n/a	n/a	n/a
181.69	0.02	saccade	n/a	253.0	182.0	n/a	292.3	179.8	1.42	97.0
181.712	0.204	fixation	n/a	290.6	181.7	3310.0	n/a	n/a	n/a	n/a
181.918	0.018	saccade	n/a	291.0	185.1	n/a	261.6	182.3	1.07	83.0
181.938	0.14	fixation	n/a	267.4	182.9	3278.0	n/a	n/a	n/a	n/a
182.08	0.02	saccade	n/a	270.0	180.3	n/a	306.5	177.9	1.32	95.0
182.102	0.246	fixation	n/a	305.0	183.7	3268.0	n/a	n/a	n/a	n/a
182.35	0.022	saccade	n/a	307.4	182.7	n/a	346.0	179.1	1.41	98.0
182.374	0.268	fixation	n/a	343.5	184.0	3295.0	n/a	n/a	n/a	n/a
182.644	0.02	saccade	n/a	343.8	186.5	n/a	378.0	184.8	1.25	85.0
182.666	0.492	fixation	n/a	379.3	186.7	3345.0	n/a	n/a	n/a	n/a
183.16	0.028	saccade	n/a	381.4	191.0	n/a	445.8	182.0	2.39	141.0
183.19	0.13	fixation	n/a	443.3	179.1	3396.0	n/a	n/a	n/a	n/a
183.322	0.024	saccade	n/a	445.8	176.2	n/a	498.6	174.8	1.93	127.0
183.348	0.162	fixation	n/a	495.3	177.2	3477.0	n/a	n/a	n/a	n/a
183.512	0.016	saccade	n/a	493.0	177.2	n/a	470.6	175.0	0.82	65.0
183.53	0.398	fixation	n/a	475.4	175.1	3550.0	n/a	n/a	n/a	n/a
183.642	0.0	trigger_11	11	n/a	n/a	n/a	n/a	n/a	n/a	n/a
183.744	0.0	trigger_10	10	n/a	n/a	n/a	n/a	n/a	n/a	n/a
183.93	0.054	saccade	n/a	473.1	178.5	n/a	141.2	172.9	11.94	393.0
183.986	0.142	fixation	n/a	144.0	175.5	3618.0	n/a	n/a	n/a	n/a
184.13	0.266	saccade	n/a	142.0	179.2	n/a	122.5	179.2	0.68	1154.0
184.218	0.092	blink	n/a	n/a	n/a	n/a	n/a	n/a	n/a	n/a
184.398	0.092	fixation	n/a	129.5	170.2	3488.0	n/a	n/a	n/a	n/a
184.492	0.018	saccade	n/a	141.8	169.9	n/a	173.1	174.2	1.12	79.0
184.512	0.25	fixation	n/a	170.6	173.8	3592.0	n/a	n/a	n/a	n/a
184.764	0.028	saccade	n/a	168.8	168.1	n/a	241.5	177.4	2.62	158.0
184.794	0.318	fixation	n/a	240.4	177.1	3475.0	n/a	n/a	n/a	n/a
185.114	0.028	saccade	n/a	239.2	177.0	n/a	308.3	174.9	2.49	140.0
185.144	0.186	fixation	n/a	307.5	179.9	3385.0	n/a	n/a	n/a	n/a
185.332	0.024	saccade	n/a	315.1	186.0	n/a	362.5	178.5	1.75	120.0
185.358	0.152	fixation	n/a	362.7	180.0	3296.0	n/a	n/a	n/a	n/a
185.512	0.026	saccade	n/a	368.1	179.3	n/a	420.9	172.2	1.95	124.0
185.54	0.2	fixation	n/a	419.9	175.2	3220.0	n/a	n/a	n/a	n/a
185.742	0.028	saccade	n/a	423.7	179.1	n/a	485.9	175.2	2.29	154.0
185.772	0.468	fixation	n/a	482.5	174.1	3187.0	n/a	n/a	n/a	n/a
186.242	0.028	saccade	n/a	483.6	176.3	n/a	555.7	171.9	2.64	159.0
186.272	0.174	fixation	n/a	553.7	173.1	3253.0	n/a	n/a	n/a	n/a
186.448	0.064	saccade	n/a	554.8	175.6	n/a	134.1	241.1	15.3	396.0
186.514	0.362	fixation	n/a	135.7	245.3	3333.0	n/a	n/a	n/a	n/a
186.878	0.026	saccade	n/a	134.0	248.9	n/a	191.2	248.5	2.02	128.0
186.906	0.274	fixation	n/a	191.2	252.7	3316.0	n/a	n/a	n/a	n/a
187.182	0.026	saccade	n/a	193.2	254.8	n/a	249.1	249.3	2.01	136.0
187.21	0.28	fixation	n/a	249.7	250.9	3268.0	n/a	n/a	n/a	n/a
187.492	0.018	saccade	n/a	249.8	254.6	n/a	222.6	255.1	0.98	74.0
187.512	0.14	fixation	n/a	227.9	251.7	3281.0	n/a	n/a	n/a	n/a
187.654	0.028	saccade	n/a	230.1	249.3	n/a	299.8	237.4	2.55	159.0
187.684	0.458	fixation	n/a	302.8	238.9	3307.0	n/a	n/a	n/a	n/a
187.866	0.0	trigger_11	11	n/a	n/a	n/a	n/a	n/a	n/a	n/a
187.968	0.0	trigger_10	10	n/a	n/a	n/a	n/a	n/a	n/a	n/a
188.144	0.04	saccade	n/a	303.3	238.0	n/a	139.0	184.2	6.2	327.0
188.186	0.168	fixation	n/a	144.3	184.7	3463.0	n/a	n/a	n/a	n/a
188.356	0.018	saccade	n/a	141.4	183.9	n/a	115.1	181.8	0.93	72.0
188.376	0.16	fixation	n/a	122.6	186.4	3523.0	n/a	n/a	n/a	n/a
188.538	0.02	saccade	n/a	125.2	190.9	n/a	162.4	186.5	1.32	92.0
188.56	0.224	fixation	n/a	157.5	186.4	3519.0	n/a	n/a	n/a	n/a
188.786	0.026	saccade	n/a	159.1	188.0	n/a	223.0	183.7	2.28	144.0
188.814	0.226	fixation	n/a	224.9	186.7	3502.0	n/a	n/a	n/a	n/a
189.042	0.024	saccade	n/a	225.1	189.5	n/a	183.5	185.8	1.49	112.0
189.068	0.196	fixation	n/a	189.4	187.2	3496.0	n/a	n/a	n/a	n/a
189.266	0.024	saccade	n/a	194.2	191.7	n/a	246.9	188.3	1.89	122.0
189.292	0.18	fixation	n/a	244.1	188.0	3450.0	n/a	n/a	n/a	n/a
189.474	0.016	saccade	n/a	247.3	185.1	n/a	268.1	182.6	0.75	58.0
189.492	0.372	fixation	n/a	270.2	185.9	3369.0	n/a	n/a	n/a	n/a
189.866	0.02	saccade	n/a	275.7	187.2	n/a	316.1	184.9	1.47	96.0
189.888	0.184	fixation	n/a	317.3	184.5	3291.0	n/a	n/a	n/a	n/a
190.074	0.028	saccade	n/a	319.4	186.1	n/a	384.6	179.9	2.39	151.0
190.104	0.22	fixation	n/a	383.9	184.3	3259.0	n/a	n/a	n/a	n/a
190.326	0.024	saccade	n/a	387.7	187.8	n/a	440.5	181.9	1.95	123.0
190.352	0.342	fixation	n/a	438.2	182.4	3178.0	n/a	n/a	n/a	n/a
190.696	0.032	saccade	n/a	441.2	183.5	n/a	531.0	175.3	3.3	160.0
190.73	0.304	fixation	n/a	531.6	178.4	3128.0	n/a	n/a	n/a	n/a
191.036	0.022	saccade	n/a	535.0	179.5	n/a	577.8	173.3	1.58	100.0
191.06	0.296	fixation	n/a	584.4	175.8	3097.0	n/a	n/a	n/a	n/a
191.358	0.066	saccade	n/a	591.9	178.0	n/a	155.9	221.9	15.74	389.0
191.426	0.118	fixation	n/a	152.8	222.6	3143.0	n/a	n/a	n/a	n/a
191.546	0.064	saccade	n/a	150.8	222.1	n/a	537.7	168.7	14.01	345.0
191.612	0.308	fixation	n/a	544.8	176.8	3166.0	n/a	n/a	n/a	n/a
191.922	0.024	saccade	n/a	548.4	180.7	n/a	595.1	173.5	1.73	109.0
191.948	0.258	fixation	n/a	592.2	176.2	3172.0	n/a	n/a	n/a	n/a
192.208	0.068	saccade	n/a	591.2	172.6	n/a	117.5	238.9	17.06	428.0
192.278	0.314	fixation	n/a	119.6	245.7	3148.0	n/a	n/a	n/a	n/a
192.594	0.072	saccade	n/a	117.8	247.2	n/a	604.4	166.4	17.57	396.0
192.668	0.188	fixation	n/a	610.7	172.0	3072.0	n/a	n/a	n/a	n/a
192.858	0.018	saccade	n/a	609.3	174.0	n/a	584.3	173.3	0.91	71.0
192.878	0.118	fixation	n/a	587.4	174.7	3085.0	n/a	n/a	n/a	n/a
192.998	0.066	saccade	n/a	587.1	175.1	n/a	134.9	246.5	16.36	405.0
193.066	0.174	fixation	n/a	137.2	253.1	3089.0	n/a	n/a	n/a	n/a
193.242	0.022	saccade	n/a	134.2	255.2	n/a	104.8	250.1	1.04	91.0
193.266	0.15	fixation	n/a	109.6	251.0	3068.0	n/a	n/a	n/a	n/a
193.418	0.026	saccade	n/a	112.2	253.2	n/a	174.4	247.5	2.2	147.0
193.446	0.29	fixation	n/a	172.4	245.3	3021.0	n/a	n/a	n/a	n/a
193.738	0.03	saccade	n/a	175.1	247.6	n/a	265.1	243.6	3.22	190.0
193.77	0.19	fixation	n/a	265.5	243.5	2994.0	n/a	n/a	n/a	n/a
193.962	0.024	saccade	n/a	269.4	244.0	n/a	322.4	236.9	1.94	120.0
193.988	0.23	fixation	n/a	323.8	240.9	2992.0	n/a	n/a	n/a	n/a
194.22	0.024	saccade	n/a	326.5	241.2	n/a	378.7	238.8	1.91	120.0
194.246	0.178	fixation	n/a	376.6	238.6	2984.0	n/a	n/a	n/a	n/a
194.426	0.026	saccade	n/a	378.8	236.7	n/a	440.1	233.8	2.24	147.0
194.454	0.144	fixation	n/a	441.9	236.2	2924.0	n/a	n/a	n/a	n/a
194.6	0.04	saccade	n/a	443.1	235.2	n/a	282.6	194.4	6.04	309.0
194.642	0.3	fixation	n/a	283.5	194.4	2980.0	n/a	n/a	n/a	n/a
194.674	0.0	trigger_11	11	n/a	n/a	n/a	n/a	n/a	n/a	n/a
194.778	0.0	trigger_10	10	n/a	n/a	n/a	n/a	n/a	n/a	n/a
194.944	0.04	saccade	n/a	281.3	193.6	n/a	122.7	184.9	5.66	300.0
194.986	0.428	fixation	n/a	121.1	188.1	3289.0	n/a	n/a	n/a	n/a
195.416	0.024	saccade	n/a	119.4	189.1	n/a	171.7	185.7	1.85	118.0
195.442	0.266	fixation	n/a	168.3	184.5	3348.0	n/a	n/a	n/a	n/a
195.71	0.022	saccade	n/a	170.5	180.8	n/a	213.1	178.7	1.52	99.0
195.734	0.174	fixation	n/a	214.9	177.8	3415.0	n/a	n/a	n/a	n/a
195.91	0.03	saccade	n/a	218.0	178.0	n/a	307.2	175.3	3.22	144.0
195.942	0.26	fixation	n/a	308.9	177.2	3407.0	n/a	n/a	n/a	n/a
196.204	0.022	saccade	n/a	311.1	179.9	n/a	355.4	178.7	1.61	104.0
196.228	0.218	fixation	n/a	356.7	185.0	3270.0	n/a	n/a	n/a	n/a
196.448	0.024	saccade	n/a	360.7	187.7	n/a	410.8	181.4	1.84	114.0
196.474	0.154	fixation	n/a	409.5	181.6	3187.0	n/a	n/a	n/a	n/a
196.63	0.022	saccade	n/a	415.1	183.4	n/a	459.5	178.7	1.64	104.0
196.654	0.238	fixation	n/a	458.3	178.4	3147.0	n/a	n/a	n/a	n/a
196.894	0.014	saccade	n/a	462.8	177.9	n/a	479.3	177.5	0.6	50.0
196.91	0.118	fixation	n/a	476.8	177.5	3121.0	n/a	n/a	n/a	n/a
197.03	0.224	saccade	n/a	473.4	177.8	n/a	484.8	160.1	0.78	2498.0
197.084	0.118	blink	n/a	n/a	n/a	n/a	n/a	n/a	n/a	n/a
197.256	0.388	fixation	n/a	491.0	180.5	2985.0	n/a	n/a	n/a	n/a
197.646	0.024	saccade	n/a	496.7	183.5	n/a	542.1	179.0	1.67	114.0
197.672	0.204	fixation	n/a	539.2	178.5	2919.0	n/a	n/a	n/a	n/a
197.878	0.024	saccade	n/a	544.2	175.9	n/a	593.6	167.7	1.83	121.0
197.904	0.146	fixation	n/a	592.0	173.1	2912.0	n/a	n/a	n/a	n/a
198.052	0.02	saccade	n/a	596.0	173.7	n/a	628.3	171.5	1.18	79.0
198.074	0.14	fixation	n/a	625.9	171.5	2924.0	n/a	n/a	n/a	n/a
198.216	0.068	saccade	n/a	625.2	168.8	n/a	127.6	241.3	17.94	440.0
198.286	0.244	fixation	n/a	127.3	250.2	2982.0	n/a	n/a	n/a	n/a
198.532	0.026	saccade	n/a	127.3	256.0	n/a	190.2	248.5	2.24	151.0
198.56	0.25	fixation	n/a	186.0	248.0	3087.0	n/a	n/a	n/a	n/a
198.812	0.02	saccade	n/a	188.4	248.0	n/a	226.7	241.7	1.38	99.0
198.834	0.224	fixation	n/a	226.0	245.2	3107.0	n/a	n/a	n/a	n/a
199.06	0.028	saccade	n/a	230.1	246.6	n/a	295.0	242.1	2.34	158.0
199.09	0.342	fixation	n/a	296.3	244.2	3109.0	n/a	n/a	n/a	n/a
199.434	0.026	saccade	n/a	301.0	246.3	n/a	357.9	239.8	2.09	134.0
199.462	0.314	fixation	n/a	357.7	240.7	3126.0	n/a	n/a	n/a	n/a
199.778	0.02	saccade	n/a	361.0	241.2	n/a	402.5	239.6	1.52	103.0
199.8	0.292	fixation	n/a	400.6	241.6	3133.0	n/a	n/a	n/a	n/a
200.094	0.044	saccade	n/a	399.9	241.9	n/a	568.7	180.5	6.58	261.0
200.14	0.122	fixation	n/a	571.6	179.3	3142.0	n/a	n/a	n/a	n/a
200.264	0.032	saccade	n/a	573.3	180.3	n/a	495.0	184.0	2.87	200.0
200.298	0.134	fixation	n/a	495.8	181.8	3182.0	n/a	n/a	n/a	n/a
200.434	0.168	saccade	n/a	494.2	184.6	n/a	452.9	229.2	2.24	1998.0
200.484	0.064	blink	n/a	n/a	n/a	n/a	n/a	n/a	n/a	n/a
200.604	0.16	fixation	n/a	454.9	238.4	3047.0	n/a	n/a	n/a	n/a
200.766	0.026	saccade	n/a	458.1	243.0	n/a	513.8	241.0	2.04	136.0
200.794	0.158	fixation	n/a	512.9	239.3	3145.0	n/a	n/a	n/a	n/a
200.954	0.056	saccade	n/a	517.1	240.0	n/a	150.1	294.1	13.33	429.0
201.012	0.2	fixation	n/a	148.4	297.1	3160.0	n/a	n/a	n/a	n/a
201.214	0.016	saccade	n/a	142.3	297.8	n/a	118.7	304.5	0.86	72.0
201.232	0.102	fixation	n/a	125.7	303.3	3174.0	n/a	n/a	n/a	n/a
201.336	0.034	saccade	n/a	125.4	302.0	n/a	232.6	292.2	3.81	237.0
201.372	0.43	fixation	n/a	242.8	296.2	3204.0	n/a	n/a	n/a	n/a
201.804	0.03	saccade	n/a	252.4	296.6	n/a	219.6	228.6	2.75	179.0
201.836	0.324	fixation	n/a	222.0	232.5	3301.0	n/a	n/a	n/a	n/a
201.876	0.0	trigger_11	11	n/a	n/a	n/a	n/a	n/a	n/a	n/a
201.978	0.0	trigger_10	10	n/a	n/a	n/a	n/a	n/a	n/a	n/a
202.162	0.036	saccade	n/a	220.5	229.0	n/a	119.6	176.2	4.05	255.0
202.2	0.292	fixation	n/a	124.1	179.4	3552.0	n/a	n/a	n/a	n/a
202.494	0.02	saccade	n/a	121.9	179.1	n/a	159.8	177.4	1.33	92.0
202.516	0.164	fixation	n/a	158.0	180.3	3534.0	n/a	n/a	n/a	n/a
202.682	0.022	saccade	n/a	157.9	179.8	n/a	203.9	170.1	1.67	114.0
202.706	0.27	fixation	n/a	201.6	174.8	3504.0	n/a	n/a	n/a	n/a
202.978	0.024	saccade	n/a	203.8	173.1	n/a	257.4	171.5	1.92	116.0
203.004	0.218	fixation	n/a	257.1	174.7	3524.0	n/a	n/a	n/a	n/a
203.224	0.02	saccade	n/a	260.9	174.8	n/a	300.6	175.6	1.43	97.0
203.246	0.272	fixation	n/a	302.7	181.0	3500.0	n/a	n/a	n/a	n/a
203.52	0.016	saccade	n/a	308.9	184.5	n/a	332.1	180.9	0.85	63.0
203.538	0.264	fixation	n/a	332.2	182.6	3399.0	n/a	n/a	n/a	n/a
203.804	0.028	saccade	n/a	336.7	186.6	n/a	414.6	183.3	2.85	152.0
203.834	0.312	fixation	n/a	411.3	182.2	3272.0	n/a	n/a	n/a	n/a
204.148	0.02	saccade	n/a	415.9	182.6	n/a	449.2	179.3	1.23	83.0
204.17	0.214	fixation	n/a	450.0	179.8	3167.0	n/a	n/a	n/a	n/a
204.386	0.018	saccade	n/a	455.8	179.2	n/a	481.8	175.9	0.96	74.0
204.406	0.162	fixation	n/a	479.4	178.3	3114.0	n/a	n/a	n/a	n/a
204.57	0.026	saccade	n/a	482.9	177.3	n/a	537.0	172.0	1.99	134.0
204.598	0.204	fixation	n/a	536.0	173.9	3087.0	n/a	n/a	n/a	n/a
204.804	0.022	saccade	n/a	539.8	176.0	n/a	582.4	169.7	1.57	105.0
204.828	0.124	fixation	n/a	580.2	173.3	3051.0	n/a	n/a	n/a	n/a
204.954	0.016	saccade	n/a	583.6	175.6	n/a	607.1	176.2	0.86	68.0
204.972	0.104	fixation	n/a	601.9	173.0	3063.0	n/a	n/a	n/a	n/a
205.078	0.064	saccade	n/a	600.2	171.5	n/a	139.5	232.6	16.63	419.0
205.144	0.18	fixation	n/a	138.9	236.0	3128.0	n/a	n/a	n/a	n/a
205.326	0.022	saccade	n/a	134.7	235.7	n/a	104.6	240.0	1.06	91.0
205.35	0.138	fixation	n/a	110.0	238.1	3216.0	n/a	n/a	n/a	n/a
205.49	0.034	saccade	n/a	110.4	237.3	n/a	221.3	232.5	3.92	208.0
205.526	0.212	fixation	n/a	221.4	234.9	3290.0	n/a	n/a	n/a	n/a
205.74	0.016	saccade	n/a	219.0	236.4	n/a	194.4	240.7	0.89	71.0
205.758	0.098	fixation	n/a	200.4	240.1	3290.0	n/a	n/a	n/a	n/a
205.858	0.03	saccade	n/a	200.5	240.9	n/a	141.8	240.4	2.07	170.0
205.89	0.144	fixation	n/a	144.9	243.5	3297.0	n/a	n/a	n/a	n/a
206.036	0.034	saccade	n/a	145.9	245.8	n/a	259.6	236.0	4.06	225.0
206.072	0.412	fixation	n/a	263.3	236.6	3413.0	n/a	n/a	n/a	n/a
206.486	0.026	saccade	n/a	269.0	237.9	n/a	336.4	234.2	2.44	140.0
206.514	0.192	fixation	n/a	339.7	234.7	3510.0	n/a	n/a	n/a	n/a
206.708	0.022	saccade	n/a	343.7	235.6	n/a	384.4	235.1	1.48	99.0
206.732	0.172	fixation	n/a	381.5	238.0	3528.0	n/a	n/a	n/a	n/a
206.906	0.024	saccade	n/a	379.9	234.6	n/a	375.2	178.4	2.09	121.0
206.932	0.298	fixation	n/a	380.4	188.4	3544.0	n/a	n/a	n/a	n/a
207.232	0.03	saccade	n/a	383.0	189.4	n/a	464.5	175.4	3.02	171.0
207.264	0.238	fixation	n/a	462.6	182.1	3511.0	n/a	n/a	n/a	n/a
207.504	0.026	saccade	n/a	462.4	182.5	n/a	414.3	182.5	1.76	127.0
207.532	0.42	fixation	n/a	418.9	182.2	3502.0	n/a	n/a	n/a	n/a
207.652	0.0	trigger_11	11	n/a	n/a	n/a	n/a	n/a	n/a	n/a
207.76	0.0	trigger_10	10	n/a	n/a	n/a	n/a	n/a	n/a	n/a
207.954	0.052	saccade	n/a	417.4	178.8	n/a	133.3	171.4	10.19	374.0
208.008	0.218	fixation	n/a	134.8	169.7	3600.0	n/a	n/a	n/a	n/a
208.228	0.016	saccade	n/a	130.4	170.7	n/a	110.0	173.2	0.72	56.0
208.246	0.358	fixation	n/a	113.5	177.4	3573.0	n/a	n/a	n/a	n/a
208.606	0.032	saccade	n/a	114.3	179.8	n/a	204.7	176.8	3.2	174.0
208.64	0.786	fixation	n/a	215.4	182.0	3465.0	n/a	n/a	n/a	n/a
209.428	0.02	saccade	n/a	222.4	185.9	n/a	258.3	184.3	1.29	90.0
209.45	0.24	fixation	n/a	258.9	187.0	3219.0	n/a	n/a	n/a	n/a
209.692	0.026	saccade	n/a	262.7	187.3	n/a	314.3	184.5	1.87	126.0
209.72	0.338	fixation	n/a	315.5	186.2	3144.0	n/a	n/a	n/a	n/a
210.06	0.024	saccade	n/a	320.9	188.3	n/a	364.7	184.5	1.6	110.0
210.086	0.594	fixation	n/a	359.8	183.3	3072.0	n/a	n/a	n/a	n/a
210.682	0.016	saccade	n/a	356.5	186.3	n/a	378.0	186.5	0.78	61.0
210.7	0.34	fixation	n/a	375.1	181.8	3094.0	n/a	n/a	n/a	n/a
211.042	0.026	saccade	n/a	375.7	182.4	n/a	429.1	178.2	1.96	122.0
211.07	0.622	fixation	n/a	424.0	184.0	3283.0	n/a	n/a	n/a	n/a
211.694	0.026	saccade	n/a	420.9	184.8	n/a	491.4	181.8	2.58	140.0
211.722	0.196	fixation	n/a	494.4	181.4	3380.0	n/a	n/a	n/a	n/a
211.92	0.024	saccade	n/a	498.8	185.7	n/a	544.2	176.9	1.69	116.0
211.946	0.384	fixation	n/a	540.0	179.8	3459.0	n/a	n/a	n/a	n/a
212.004	0.0	trigger_11	11	n/a	n/a	n/a	n/a	n/a	n/a	n/a
212.11	0.0	trigger_10	10	n/a	n/a	n/a	n/a	n/a	n/a	n/a
212.332	0.058	saccade	n/a	538.8	179.5	n/a	156.4	180.1	13.73	429.0
212.392	0.128	fixation	n/a	156.0	182.8	3585.0	n/a	n/a	n/a	n/a
212.522	0.026	saccade	n/a	153.2	185.2	n/a	115.7	181.4	1.33	124.0
212.55	0.146	fixation	n/a	118.4	182.8	3600.0	n/a	n/a	n/a	n/a
212.698	0.182	saccade	n/a	121.3	188.2	n/a	121.7	197.1	0.32	816.0
212.742	0.064	blink	n/a	n/a	n/a	n/a	n/a	n/a	n/a	n/a
212.882	0.126	fixation	n/a	133.4	173.7	3396.0	n/a	n/a	n/a	n/a
213.01	0.028	saccade	n/a	136.4	173.6	n/a	201.3	172.7	2.29	140.0
213.04	0.172	fixation	n/a	200.5	175.5	3601.0	n/a	n/a	n/a	n/a
213.214	0.03	saccade	n/a	203.9	176.7	n/a	271.0	176.7	2.41	96.0
213.246	0.216	fixation	n/a	276.9	179.6	3527.0	n/a	n/a	n/a	n/a
213.464	0.026	saccade	n/a	279.8	181.2	n/a	331.5	176.7	1.88	127.0
213.492	0.264	fixation	n/a	330.1	181.7	3381.0	n/a	n/a	n/a	n/a
213.758	0.02	saccade	n/a	336.5	186.0	n/a	372.2	181.8	1.31	92.0
213.78	0.138	fixation	n/a	370.0	181.8	3259.0	n/a	n/a	n/a	n/a
213.92	0.028	saccade	n/a	373.6	185.7	n/a	430.3	178.7	2.09	139.0
213.95	0.282	fixation	n/a	428.4	182.0	3206.0	n/a	n/a	n/a	n/a
214.234	0.022	saccade	n/a	429.4	180.6	n/a	472.5	175.4	1.58	111.0
214.258	0.34	fixation	n/a	469.5	179.3	3231.0	n/a	n/a	n/a	n/a
214.6	0.032	saccade	n/a	470.8	179.6	n/a	552.6	175.6	2.99	168.0
214.634	0.202	fixation	n/a	548.6	176.9	3246.0	n/a	n/a	n/a	n/a
214.838	0.024	saccade	n/a	551.0	175.1	n/a	599.1	168.2	1.76	118.0
214.864	0.582	fixation	n/a	602.4	175.7	3309.0	n/a	n/a	n/a	n/a
215.448	0.066	saccade	n/a	605.1	180.8	n/a	141.2	236.0	16.72	417.0
215.516	0.496	fixation	n/a	137.3	238.6	3471.0	n/a	n/a	n/a	n/a
216.014	0.022	saccade	n/a	137.6	235.5	n/a	155.9	187.7	1.86	115.0
216.038	0.456	fixation	n/a	162.8	189.8	3571.0	n/a	n/a	n/a	n/a
216.196	0.0	trigger_11	11	n/a	n/a	n/a	n/a	n/a	n/a	n/a
216.302	0.0	trigger_10	10	n/a	n/a	n/a	n/a	n/a	n/a	n/a
216.496	0.028	saccade	n/a	161.7	185.1	n/a	106.6	179.5	1.94	143.0
216.526	0.15	fixation	n/a	113.1	180.7	3707.0	n/a	n/a	n/a	n/a
216.678	0.188	saccade	n/a	118.5	185.7	n/a	191.4	181.9	2.58	970.0
216.718	0.056	blink	n/a	n/a	n/a	n/a	n/a	n/a	n/a	n/a
216.868	0.248	fixation	n/a	193.0	180.5	3567.0	n/a	n/a	n/a	n/a
217.118	0.02	saccade	n/a	197.9	182.3	n/a	230.6	182.3	1.17	80.0
217.14	0.24	fixation	n/a	231.1	180.8	3559.0	n/a	n/a	n/a	n/a
217.382	0.014	saccade	n/a	236.6	181.3	n/a	257.1	179.2	0.74	59.0
217.398	0.316	fixation	n/a	256.8	182.9	3417.0	n/a	n/a	n/a	n/a
217.716	0.026	saccade	n/a	258.8	179.9	n/a	316.9	173.9	2.11	129.0
217.744	0.132	fixation	n/a	315.6	177.2	3308.0	n/a	n/a	n/a	n/a
217.878	0.032	saccade	n/a	317.5	180.5	n/a	221.4	182.7	3.47	210.0
217.912	0.184	fixation	n/a	224.5	182.1	3244.0	n/a	n/a	n/a	n/a
218.098	0.026	saccade	n/a	219.0	178.2	n/a	163.2	181.5	1.98	140.0
218.126	0.272	fixation	n/a	169.0	187.0	3253.0	n/a	n/a	n/a	n/a
218.4	0.02	saccade	n/a	171.6	192.2	n/a	207.0	187.0	1.27	86.0
218.422	0.216	fixation	n/a	205.3	186.5	3302.0	n/a	n/a	n/a	n/a
218.64	0.014	saccade	n/a	208.7	188.2	n/a	225.4	186.2	0.6	50.0
218.656	0.214	fixation	n/a	225.8	189.0	3312.0	n/a	n/a	n/a	n/a
218.872	0.018	saccade	n/a	230.2	193.4	n/a	261.9	192.1	1.14	88.0
218.892	0.208	fixation	n/a	257.9	188.8	3295.0	n/a	n/a	n/a	n/a
219.102	0.022	saccade	n/a	260.9	188.9	n/a	302.8	187.1	1.51	100.0
219.126	0.134	fixation	n/a	302.7	187.1	3286.0	n/a	n/a	n/a	n/a
219.262	0.022	saccade	n/a	305.4	188.3	n/a	349.3	183.5	1.6	103.0
219.286	0.306	fixation	n/a	350.4	185.9	3218.0	n/a	n/a	n/a	n/a
219.594	0.03	saccade	n/a	353.7	188.7	n/a	438.3	182.8	3.1	154.0
219.626	0.24	fixation	n/a	439.9	183.6	3088.0	n/a	n/a	n/a	n/a
219.868	0.018	saccade	n/a	444.9	183.6	n/a	470.0	181.8	0.92	70.0
219.888	0.168	fixation	n/a	470.1	181.5	3042.0	n/a	n/a	n/a	n/a
220.058	0.026	saccade	n/a	474.9	182.8	n/a	538.4	177.4	2.33	147.0
220.086	0.216	fixation	n/a	538.5	177.2	3000.0	n/a	n/a	n/a	n/a
220.304	0.028	saccade	n/a	541.5	174.3	n/a	603.4	171.4	2.25	135.0
220.334	0.228	fixation	n/a	601.9	172.6	2975.0	n/a	n/a	n/a	n/a
220.564	0.066	saccade	n/a	601.9	173.9	n/a	126.0	249.2	17.19	420.0
220.632	0.458	fixation	n/a	129.7	253.3	2953.0	n/a	n/a	n/a	n/a
221.092	0.024	saccade	n/a	129.7	257.0	n/a	182.8	250.5	1.89	125.0
221.118	0.226	fixation	n/a	185.1	251.0	2904.0	n/a	n/a	n/a	n/a
221.346	0.034	saccade	n/a	186.8	251.9	n/a	293.1	242.6	3.83	169.0
221.382	0.224	fixation	n/a	295.6	243.1	2912.0	n/a	n/a	n/a	n/a
221.608	0.026	saccade	n/a	298.3	242.0	n/a	360.0	238.9	2.24	135.0
221.636	0.212	fixation	n/a	359.5	241.1	2940.0	n/a	n/a	n/a	n/a
221.85	0.028	saccade	n/a	362.2	240.1	n/a	432.2	236.1	2.55	160.0
221.88	0.364	fixation	n/a	433.3	241.5	2960.0	n/a	n/a	n/a	n/a
222.246	0.162	saccade	n/a	439.7	248.1	n/a	515.1	216.0	3.0	2117.0
222.278	0.08	blink	n/a	n/a	n/a	n/a	n/a	n/a	n/a	n/a
222.41	0.198	fixation	n/a	517.8	233.5	2917.0	n/a	n/a	n/a	n/a
222.61	0.06	saccade	n/a	520.0	239.8	n/a	126.2	297.4	14.22	430.0
222.672	0.302	fixation	n/a	127.8	299.0	3255.0	n/a	n/a	n/a	n/a
222.964	0.0	trigger_11	11	n/a	n/a	n/a	n/a	n/a	n/a	n/a
222.976	0.03	saccade	n/a	129.8	299.2	n/a	151.1	227.8	2.7	169.0
223.008	0.202	fixation	n/a	153.6	233.3	3363.0	n/a	n/a	n/a	n/a
223.07	0.0	trigger_10	10	n/a	n/a	n/a	n/a	n/a	n/a	n/a
223.212	0.03	saccade	n/a	153.4	231.8	n/a	117.7	181.2	2.22	162.0
223.244	0.262	fixation	n/a	119.0	186.7	3432.0	n/a	n/a	n/a	n/a
223.508	0.02	saccade	n/a	121.8	191.4	n/a	162.3	186.9	1.43	102.0
223.53	0.158	fixation	n/a	156.6	187.3	3463.0	n/a	n/a	n/a	n/a
223.69	0.024	saccade	n/a	156.9	185.8	n/a	200.7	179.5	1.57	113.0
223.716	0.204	fixation	n/a	198.3	184.5	3429.0	n/a	n/a	n/a	n/a
223.922	0.026	saccade	n/a	199.9	185.7	n/a	259.1	180.6	2.13	144.0
223.95	0.202	fixation	n/a	255.9	178.2	3387.0	n/a	n/a	n/a	n/a
224.154	0.024	saccade	n/a	259.3	180.5	n/a	313.4	174.7	1.97	130.0
224.18	0.136	fixation	n/a	311.9	174.8	3366.0	n/a	n/a	n/a	n/a
224.318	0.03	saccade	n/a	313.4	176.7	n/a	238.2	177.6	2.71	189.0
224.35	0.222	fixation	n/a	244.1	177.9	3328.0	n/a	n/a	n/a	n/a
224.574	0.03	saccade	n/a	246.7	182.7	n/a	318.1	176.8	2.59	152.0
224.606	0.262	fixation	n/a	318.8	175.8	3260.0	n/a	n/a	n/a	n/a
224.87	0.022	saccade	n/a	322.4	179.1	n/a	360.3	175.5	1.39	95.0
224.894	0.132	fixation	n/a	357.4	176.6	3209.0	n/a	n/a	n/a	n/a
225.028	0.022	saccade	n/a	361.0	180.0	n/a	400.9	175.8	1.46	99.0
225.052	0.248	fixation	n/a	399.0	178.5	3115.0	n/a	n/a	n/a	n/a
225.302	0.026	saccade	n/a	402.0	179.7	n/a	461.1	175.2	2.17	131.0
225.33	0.168	fixation	n/a	459.3	175.0	3048.0	n/a	n/a	n/a	n/a
225.5	0.022	saccade	n/a	461.6	172.2	n/a	502.0	169.6	1.48	110.0
225.524	0.154	fixation	n/a	500.0	170.9	3032.0	n/a	n/a	n/a	n/a
225.68	0.026	saccade	n/a	502.7	172.9	n/a	559.1	168.4	2.07	132.0
225.708	0.272	fixation	n/a	559.7	170.2	3014.0	n/a	n/a	n/a	n/a
225.982	0.02	saccade	n/a	564.9	173.9	n/a	597.9	169.9	1.21	80.0
226.004	0.182	fixation	n/a	596.2	168.4	2987.0	n/a	n/a	n/a	n/a
226.188	0.066	saccade	n/a	596.2	169.4	n/a	132.5	243.6	16.78	421.0
226.256	0.28	fixation	n/a	130.9	248.3	3012.0	n/a	n/a	n/a	n/a
226.538	0.022	saccade	n/a	131.7	250.0	n/a	173.6	243.7	1.49	93.0
226.562	0.276	fixation	n/a	171.1	244.1	3067.0	n/a	n/a	n/a	n/a
226.84	0.022	saccade	n/a	173.9	247.7	n/a	228.7	246.7	1.95	120.0
226.864	0.198	fixation	n/a	233.0	245.0	3041.0	n/a	n/a	n/a	n/a
227.064	0.02	saccade	n/a	235.3	243.8	n/a	270.7	241.0	1.28	94.0
227.086	0.182	fixation	n/a	268.2	240.6	3059.0	n/a	n/a	n/a	n/a
227.27	0.034	saccade	n/a	269.3	240.3	n/a	367.1	233.8	3.55	168.0
227.306	0.22	fixation	n/a	369.1	236.3	3005.0	n/a	n/a	n/a	n/a
227.528	0.028	saccade	n/a	372.8	240.1	n/a	433.0	236.7	2.2	142.0
227.558	0.164	fixation	n/a	433.7	237.0	2937.0	n/a	n/a	n/a	n/a
227.724	0.022	saccade	n/a	437.2	237.3	n/a	482.1	234.2	1.65	109.0
227.748	0.202	fixation	n/a	480.6	237.0	2888.0	n/a	n/a	n/a	n/a
227.952	0.028	saccade	n/a	481.7	234.6	n/a	560.1	229.6	2.87	148.0
227.982	0.146	fixation	n/a	564.8	227.7	2826.0	n/a	n/a	n/a	n/a
228.13	0.024	saccade	n/a	567.3	228.7	n/a	620.3	228.7	1.92	121.0
228.156	0.21	fixation	n/a	619.4	231.9	2802.0	n/a	n/a	n/a	n/a
228.368	0.066	saccade	n/a	619.1	233.8	n/a	147.2	296.2	17.01	434.0
228.436	0.304	fixation	n/a	144.2	299.2	2852.0	n/a	n/a	n/a	n/a
228.742	0.028	saccade	n/a	143.9	299.4	n/a	216.5	303.0	2.56	163.0
228.772	0.232	fixation	n/a	219.5	302.3	2903.0	n/a	n/a	n/a	n/a
229.006	0.034	saccade	n/a	222.9	300.9	n/a	327.3	294.2	3.76	202.0
229.042	0.204	fixation	n/a	328.6	294.6	2887.0	n/a	n/a	n/a	n/a
229.248	0.03	saccade	n/a	331.0	295.4	n/a	402.1	295.0	2.59	166.0
229.28	0.214	fixation	n/a	401.8	296.4	2834.0	n/a	n/a	n/a	n/a
229.496	0.04	saccade	n/a	403.7	299.5	n/a	525.9	295.3	4.46	172.0
229.538	0.266	fixation	n/a	527.4	292.5	2757.0	n/a	n/a	n/a	n/a
229.806	0.026	saccade	n/a	531.2	294.0	n/a	593.8	290.5	2.28	133.0
229.834	0.27	fixation	n/a	600.5	291.7	2719.0	n/a	n/a	n/a	n/a
230.106	0.066	saccade	n/a	606.2	291.6	n/a	144.9	366.8	16.64	423.0
230.174	0.17	fixation	n/a	147.6	372.4	2769.0	n/a	n/a	n/a	n/a
230.346	0.014	saccade	n/a	140.8	371.1	n/a	124.1	367.5	0.6	53.0
230.362	0.208	fixation	n/a	131.2	370.2	2794.0	n/a	n/a	n/a	n/a
230.572	0.036	saccade	n/a	133.1	371.5	n/a	259.5	364.9	4.47	205.0
230.61	0.19	fixation	n/a	263.1	364.0	2799.0	n/a	n/a	n/a	n/a
230.802	0.05	saccade	n/a	265.8	365.6	n/a	482.6	354.4	7.84	249.0
230.854	0.202	fixation	n/a	487.3	355.2	2747.0	n/a	n/a	n/a	n/a
231.058	0.02	saccade	n/a	493.9	355.7	n/a	525.4	354.5	1.15	80.0
231.08	0.152	fixation	n/a	525.2	355.8	2709.0	n/a	n/a	n/a	n/a
231.234	0.024	saccade	n/a	529.4	356.8	n/a	584.3	349.9	2.01	129.0
231.26	0.22	fixation	n/a	587.4	349.8	2650.0	n/a	n/a	n/a	n/a
231.482	0.066	saccade	n/a	588.3	348.8	n/a	110.6	422.0	17.09	408.0
231.55	0.242	fixation	n/a	112.2	427.1	2618.0	n/a	n/a	n/a	n/a
231.794	0.028	saccade	n/a	118.1	429.4	n/a	184.9	431.5	2.33	148.0
231.824	0.242	fixation	n/a	183.5	431.2	2603.0	n/a	n/a	n/a	n/a
232.068	0.024	saccade	n/a	186.4	432.6	n/a	243.5	425.3	2.03	125.0
232.094	0.23	fixation	n/a	245.5	424.4	2597.0	n/a	n/a	n/a	n/a
232.326	0.028	saccade	n/a	247.8	422.9	n/a	325.6	419.3	2.79	164.0
232.356	0.242	fixation	n/a	329.9	420.3	2579.0	n/a	n/a	n/a	n/a
232.6	0.026	saccade	n/a	337.9	421.1	n/a	406.8	410.8	2.52	149.0
232.628	0.204	fixation	n/a	410.0	413.3	2537.0	n/a	n/a	n/a	n/a
232.834	0.028	saccade	n/a	412.6	414.4	n/a	479.7	406.5	2.45	152.0
232.864	0.288	fixation	n/a	481.9	408.6	2491.0	n/a	n/a	n/a	n/a
233.154	0.018	saccade	n/a	481.1	411.5	n/a	453.4	411.2	1.01	75.0
233.174	0.238	fixation	n/a	457.9	410.4	2514.0	n/a	n/a	n/a	n/a
233.414	0.022	saccade	n/a	462.8	411.9	n/a	511.0	410.1	1.75	114.0
233.438	0.154	fixation	n/a	510.9	412.1	2586.0	n/a	n/a	n/a	n/a
233.594	0.024	saccade	n/a	513.6	413.2	n/a	565.4	406.0	1.89	119.0
233.62	0.38	fixation	n/a	563.7	409.8	2689.0	n/a	n/a	n/a	n/a
234.002	0.02	saccade	n/a	564.9	410.0	n/a	598.8	407.3	1.23	85.0
234.024	0.216	fixation	n/a	596.6	408.8	2734.0	n/a	n/a	n/a	n/a
234.242	0.016	saccade	n/a	600.2	408.0	n/a	618.8	409.3	0.67	50.0
234.26	0.316	fixation	n/a	617.7	412.2	2765.0	n/a	n/a	n/a	n/a
234.578	0.02	saccade	n/a	614.7	413.1	n/a	576.4	412.1	1.38	99.0
234.6	0.458	fixation	n/a	574.2	413.0	2847.0	n/a	n/a	n/a	n/a
235.06	0.022	saccade	n/a	568.3	411.7	n/a	608.0	408.7	1.43	94.0
235.084	0.334	fixation	n/a	599.6	412.0	2949.0	n/a	n/a	n/a	n/a
235.134	0.0	trigger_11	11	n/a	n/a	n/a	n/a	n/a	n/a	n/a
235.236	0.0	trigger_10	10	n/a	n/a	n/a	n/a	n/a	n/a	n/a
235.42	0.062	saccade	n/a	596.1	411.8	n/a	218.9	209.0	15.41	452.0
235.484	0.132	fixation	n/a	220.8	210.0	3019.0	n/a	n/a	n/a	n/a
235.618	0.034	saccade	n/a	219.4	207.9	n/a	122.4	180.6	3.57	228.0
235.654	0.4	fixation	n/a	118.1	180.7	2994.0	n/a	n/a	n/a	n/a
236.056	0.024	saccade	n/a	114.8	185.3	n/a	172.0	181.3	2.01	130.0
236.082	0.246	fixation	n/a	171.3	183.6	3005.0	n/a	n/a	n/a	n/a
236.33	0.03	saccade	n/a	171.8	186.0	n/a	105.5	182.5	2.33	150.0
236.362	0.172	fixation	n/a	112.6	182.8	3055.0	n/a	n/a	n/a	n/a
236.536	0.024	saccade	n/a	115.7	183.8	n/a	173.5	183.3	2.03	133.0
236.562	0.312	fixation	n/a	173.8	185.1	3188.0	n/a	n/a	n/a	n/a
236.876	0.02	saccade	n/a	177.8	187.2	n/a	212.6	181.3	1.25	88.0
236.898	0.112	fixation	n/a	209.3	180.7	3221.0	n/a	n/a	n/a	n/a
237.012	0.03	saccade	n/a	207.0	179.1	n/a	137.3	174.9	2.46	160.0
237.044	0.296	fixation	n/a	146.2	184.1	3238.0	n/a	n/a	n/a	n/a
237.342	0.026	saccade	n/a	146.8	188.6	n/a	212.5	183.4	2.34	137.0
237.37	0.192	fixation	n/a	213.4	180.8	3326.0	n/a	n/a	n/a	n/a
237.564	0.024	saccade	n/a	215.4	183.2	n/a	263.0	177.0	1.72	113.0
237.59	0.138	fixation	n/a	262.3	180.1	3312.0	n/a	n/a	n/a	n/a
237.73	0.02	saccade	n/a	263.5	179.9	n/a	304.6	178.9	1.48	104.0
237.752	0.168	fixation	n/a	302.8	181.1	3304.0	n/a	n/a	n/a	n/a
237.922	0.022	saccade	n/a	307.3	182.1	n/a	349.0	181.8	1.51	102.0
237.946	0.226	fixation	n/a	348.3	184.6	3235.0	n/a	n/a	n/a	n/a
238.174	0.02	saccade	n/a	351.5	184.1	n/a	381.8	182.9	1.1	70.0
238.196	0.282	fixation	n/a	380.2	187.6	3163.0	n/a	n/a	n/a	n/a
238.48	0.022	saccade	n/a	380.8	187.8	n/a	425.6	183.5	1.64	105.0
238.504	0.356	fixation	n/a	425.7	186.7	3113.0	n/a	n/a	n/a	n/a
238.862	0.024	saccade	n/a	429.3	192.8	n/a	482.1	184.0	1.96	117.0
238.888	0.224	fixation	n/a	480.8	184.1	3069.0	n/a	n/a	n/a	n/a
239.114	0.024	saccade	n/a	486.7	184.5	n/a	539.6	180.7	1.94	125.0
239.14	0.282	fixation	n/a	537.7	180.4	3035.0	n/a	n/a	n/a	n/a
239.424	0.022	saccade	n/a	541.1	178.7	n/a	590.0	176.2	1.78	110.0
239.448	0.176	fixation	n/a	588.8	178.5	3001.0	n/a	n/a	n/a	n/a
239.626	0.066	saccade	n/a	588.3	176.7	n/a	125.7	240.9	16.66	410.0
239.694	0.326	fixation	n/a	126.6	245.7	3067.0	n/a	n/a	n/a	n/a
240.022	0.026	saccade	n/a	126.2	249.0	n/a	188.3	245.2	2.19	140.0
240.05	0.25	fixation	n/a	187.6	247.9	3114.0	n/a	n/a	n/a	n/a
240.302	0.026	saccade	n/a	192.2	250.8	n/a	246.0	244.5	1.93	140.0
240.33	0.316	fixation	n/a	246.4	247.4	3173.0	n/a	n/a	n/a	n/a
240.648	0.026	saccade	n/a	251.3	250.3	n/a	316.9	240.9	2.39	156.0
240.676	0.162	fixation	n/a	314.7	240.8	3221.0	n/a	n/a	n/a	n/a
240.84	0.026	saccade	n/a	315.6	242.6	n/a	267.9	244.3	1.72	134.0
240.868	0.306	fixation	n/a	274.8	241.3	3252.0	n/a	n/a	n/a	n/a
240.894	0.0	trigger_11	11	n/a	n/a	n/a	n/a	n/a	n/a	n/a
240.998	0.0	trigger_10	10	n/a	n/a	n/a	n/a	n/a	n/a	n/a
241.176	0.04	saccade	n/a	274.2	239.3	n/a	130.2	178.9	5.56	301.0
241.218	0.366	fixation	n/a	129.5	177.8	3433.0	n/a	n/a	n/a	n/a
241.586	0.022	saccade	n/a	125.0	177.6	n/a	169.2	172.1	1.57	110.0
241.61	0.292	fixation	n/a	165.6	174.6	3581.0	n/a	n/a	n/a	n/a
241.904	0.022	saccade	n/a	166.0	174.9	n/a	209.7	171.3	1.55	103.0
241.928	0.744	fixation	n/a	208.5	174.9	3680.0	n/a	n/a	n/a	n/a
242.674	0.018	saccade	n/a	222.5	186.6	n/a	253.5	177.1	1.16	84.0
242.694	0.238	fixation	n/a	249.5	178.3	3741.0	n/a	n/a	n/a	n/a
242.934	0.02	saccade	n/a	249.9	178.9	n/a	279.6	175.0	1.08	71.0
242.956	0.198	fixation	n/a	281.2	181.7	3681.0	n/a	n/a	n/a	n/a
243.156	0.024	saccade	n/a	283.6	183.2	n/a	330.0	175.6	1.7	115.0
243.182	0.246	fixation	n/a	330.1	180.6	3585.0	n/a	n/a	n/a	n/a
243.43	0.016	saccade	n/a	336.7	178.4	n/a	361.6	176.4	0.91	68.0
243.448	0.59	fixation	n/a	374.9	181.5	3504.0	n/a	n/a	n/a	n/a
244.04	0.22	saccade	n/a	389.5	186.0	n/a	349.5	179.5	1.47	1839.0
244.09	0.106	blink	n/a	n/a	n/a	n/a	n/a	n/a	n/a	n/a
244.262	0.192	fixation	n/a	352.1	180.2	3397.0	n/a	n/a	n/a	n/a
244.456	0.026	saccade	n/a	354.8	175.6	n/a	304.3	175.5	1.83	131.0
244.484	0.874	fixation	n/a	308.9	176.3	3536.0	n/a	n/a	n/a	n/a
245.054	0.0	trigger_11	11	n/a	n/a	n/a	n/a	n/a	n/a	n/a
245.162	0.0	trigger_10	10	n/a	n/a	n/a	n/a	n/a	n/a	n/a
245.36	0.042	saccade	n/a	308.0	172.1	n/a	137.0	183.2	6.1	310.0
245.404	0.35	fixation	n/a	129.8	178.9	3770.0	n/a	n/a	n/a	n/a
245.756	0.024	saccade	n/a	124.3	177.5	n/a	181.0	174.3	2.0	119.0
245.782	0.176	fixation	n/a	180.6	177.2	3725.0	n/a	n/a	n/a	n/a
245.96	0.022	saccade	n/a	184.0	178.0	n/a	232.6	173.4	1.74	117.0
245.984	0.12	fixation	n/a	229.4	173.3	3703.0	n/a	n/a	n/a	n/a
246.106	0.028	saccade	n/a	231.8	175.7	n/a	295.1	174.0	2.28	143.0
246.136	0.278	fixation	n/a	297.4	177.5	3656.0	n/a	n/a	n/a	n/a
246.416	0.022	saccade	n/a	303.9	179.7	n/a	352.8	179.2	1.77	110.0
246.44	0.23	fixation	n/a	353.8	182.1	3521.0	n/a	n/a	n/a	n/a
246.672	0.02	saccade	n/a	356.7	183.1	n/a	388.9	178.8	1.18	82.0
246.694	0.256	fixation	n/a	386.9	180.1	3392.0	n/a	n/a	n/a	n/a
246.952	0.026	saccade	n/a	389.2	180.4	n/a	457.8	177.3	2.51	145.0
246.98	0.162	fixation	n/a	459.1	180.7	3291.0	n/a	n/a	n/a	n/a
247.144	0.032	saccade	n/a	460.1	178.8	n/a	364.0	173.7	3.51	202.0
247.178	0.21	fixation	n/a	369.4	175.5	3217.0	n/a	n/a	n/a	n/a
247.39	0.034	saccade	n/a	373.1	175.6	n/a	477.0	176.4	3.79	236.0
247.426	0.35	fixation	n/a	478.8	179.9	3222.0	n/a	n/a	n/a	n/a
247.778	0.028	saccade	n/a	482.0	180.9	n/a	550.9	174.8	2.52	166.0
247.808	0.156	fixation	n/a	550.9	176.7	3158.0	n/a	n/a	n/a	n/a
247.966	0.028	saccade	n/a	554.4	177.1	n/a	603.9	172.6	1.81	128.0
247.996	0.22	fixation	n/a	604.0	172.5	3100.0	n/a	n/a	n/a	n/a
248.218	0.068	saccade	n/a	604.3	171.3	n/a	113.7	234.5	17.58	421.0
248.288	0.328	fixation	n/a	117.5	239.8	3085.0	n/a	n/a	n/a	n/a
248.618	0.026	saccade	n/a	119.4	241.8	n/a	182.3	239.1	2.21	116.0
248.646	0.35	fixation	n/a	184.2	241.1	3049.0	n/a	n/a	n/a	n/a
248.998	0.028	saccade	n/a	183.9	242.7	n/a	258.9	239.9	2.68	153.0
249.028	0.184	fixation	n/a	259.0	242.0	3113.0	n/a	n/a	n/a	n/a
249.214	0.18	saccade	n/a	258.7	242.1	n/a	327.5	234.7	2.49	1443.0
249.25	0.072	blink	n/a	n/a	n/a	n/a	n/a	n/a	n/a	n/a
249.396	0.294	fixation	n/a	327.9	248.0	3046.0	n/a	n/a	n/a	n/a
249.692	0.03	saccade	n/a	330.2	243.0	n/a	415.7	236.7	3.12	151.0
249.724	0.212	fixation	n/a	414.3	241.5	3162.0	n/a	n/a	n/a	n/a
249.938	0.022	saccade	n/a	419.0	241.7	n/a	459.7	236.8	1.5	97.0
249.962	0.16	fixation	n/a	459.0	239.1	3108.0	n/a	n/a	n/a	n/a
250.124	0.03	saccade	n/a	461.6	238.7	n/a	535.7	231.2	2.72	169.0
250.156	0.208	fixation	n/a	535.8	234.8	3038.0	n/a	n/a	n/a	n/a
250.366	0.02	saccade	n/a	541.2	236.2	n/a	573.6	235.7	1.18	84.0
250.388	0.144	fixation	n/a	572.1	233.3	2948.0	n/a	n/a	n/a	n/a
250.534	0.064	saccade	n/a	573.4	232.7	n/a	125.6	297.6	16.11	413.0
250.6	0.214	fixation	n/a	127.3	302.6	2863.0	n/a	n/a	n/a	n/a
250.816	0.026	saccade	n/a	127.1	301.9	n/a	190.8	303.6	2.24	146.0
250.844	0.164	fixation	n/a	192.9	305.4	2856.0	n/a	n/a	n/a	n/a
251.01	0.032	saccade	n/a	194.2	308.4	n/a	293.0	302.1	3.54	195.0
251.044	0.402	fixation	n/a	299.8	303.5	2810.0	n/a	n/a	n/a	n/a
251.448	0.022	saccade	n/a	299.8	302.4	n/a	347.2	297.5	1.72	112.0
251.472	0.128	fixation	n/a	349.4	297.6	2733.0	n/a	n/a	n/a	n/a
251.602	0.022	saccade	n/a	353.9	298.6	n/a	400.4	295.4	1.7	111.0
251.626	0.166	fixation	n/a	402.2	295.0	2715.0	n/a	n/a	n/a	n/a
251.794	0.026	saccade	n/a	403.1	295.2	n/a	471.1	292.3	2.48	137.0
251.822	0.154	fixation	n/a	475.6	291.5	2673.0	n/a	n/a	n/a	n/a
251.978	0.022	saccade	n/a	478.4	293.2	n/a	527.2	290.2	1.78	113.0
252.002	0.17	fixation	n/a	528.4	290.0	2646.0	n/a	n/a	n/a	n/a
252.174	0.02	saccade	n/a	532.0	286.9	n/a	573.2	287.5	1.5	100.0
252.196	0.272	fixation	n/a	573.6	288.4	2639.0	n/a	n/a	n/a	n/a
252.47	0.018	saccade	n/a	577.9	292.5	n/a	606.6	289.6	1.05	74.0
252.49	0.13	fixation	n/a	607.1	292.6	2638.0	n/a	n/a	n/a	n/a
252.622	0.066	saccade	n/a	607.1	291.5	n/a	128.8	352.7	17.14	430.0
252.69	0.36	fixation	n/a	121.9	364.7	2694.0	n/a	n/a	n/a	n/a
253.052	0.03	saccade	n/a	114.4	372.5	n/a	196.0	366.1	2.87	175.0
253.084	0.202	fixation	n/a	201.5	367.2	2736.0	n/a	n/a	n/a	n/a
253.288	0.018	saccade	n/a	208.8	368.1	n/a	239.2	369.3	1.08	76.0
253.308	0.192	fixation	n/a	238.4	368.9	2760.0	n/a	n/a	n/a	n/a
253.502	0.03	saccade	n/a	241.4	372.3	n/a	326.1	362.8	3.06	165.0
253.534	0.202	fixation	n/a	331.1	361.6	2773.0	n/a	n/a	n/a	n/a
253.738	0.028	saccade	n/a	334.2	359.4	n/a	396.1	357.5	2.24	144.0
253.768	0.198	fixation	n/a	395.9	361.0	2746.0	n/a	n/a	n/a	n/a
253.968	0.03	saccade	n/a	396.9	360.5	n/a	472.8	349.5	2.79	157.0
254.0	0.266	fixation	n/a	471.1	351.3	2731.0	n/a	n/a	n/a	n/a
254.268	0.028	saccade	n/a	472.1	348.8	n/a	543.4	348.2	2.59	154.0
254.298	0.246	fixation	n/a	544.4	349.7	2739.0	n/a	n/a	n/a	n/a
254.546	0.022	saccade	n/a	542.0	353.2	n/a	506.7	391.1	1.89	124.0
254.57	0.26	fixation	n/a	508.7	393.6	2788.0	n/a	n/a	n/a	n/a
254.832	0.026	saccade	n/a	505.7	396.9	n/a	452.1	406.4	1.97	141.0
254.86	0.342	fixation	n/a	456.5	409.9	2756.0	n/a	n/a	n/a	n/a
255.204	0.032	saccade	n/a	457.2	407.9	n/a	352.5	414.8	3.79	235.0
255.238	0.31	fixation	n/a	353.0	418.1	2750.0	n/a	n/a	n/a	n/a
255.55	0.03	saccade	n/a	355.6	421.1	n/a	455.4	410.7	3.63	183.0
255.582	0.218	fixation	n/a	462.3	410.1	2769.0	n/a	n/a	n/a	n/a
255.802	0.028	saccade	n/a	464.2	412.6	n/a	535.6	405.3	2.6	158.0
255.832	0.344	fixation	n/a	538.8	406.2	2827.0	n/a	n/a	n/a	n/a
255.898	0.0	trigger_11	11	n/a	n/a	n/a	n/a	n/a	n/a	n/a
256.0	0.0	trigger_12	12	n/a	n/a	n/a	n/a	n/a	n/a	n/a
256.178	0.056	saccade	n/a	539.4	404.9	n/a	197.8	205.1	14.27	463.0
256.236	0.116	fixation	n/a	198.6	205.7	2939.0	n/a	n/a	n/a	n/a
256.354	0.03	saccade	n/a	198.0	204.6	n/a	121.8	178.4	2.85	189.0
256.386	0.474	fixation	n/a	129.1	182.5	2929.0	n/a	n/a	n/a	n/a
256.862	0.022	saccade	n/a	133.0	186.5	n/a	179.3	185.8	1.63	101.0
256.886	0.286	fixation	n/a	181.3	185.9	3131.0	n/a	n/a	n/a	n/a
257.174	0.03	saccade	n/a	184.8	188.0	n/a	268.3	180.4	3.01	164.0
257.206	0.234	fixation	n/a	268.6	179.4	3392.0	n/a	n/a	n/a	n/a
257.442	0.026	saccade	n/a	271.1	178.0	n/a	327.5	167.5	2.08	135.0
257.47	0.212	fixation	n/a	325.3	172.8	3512.0	n/a	n/a	n/a	n/a
257.684	0.032	saccade	n/a	327.9	172.9	n/a	428.1	169.0	3.67	199.0
257.718	0.374	fixation	n/a	424.3	175.5	3530.0	n/a	n/a	n/a	n/a
258.094	0.034	saccade	n/a	421.5	179.8	n/a	521.3	173.2	3.67	165.0
258.13	0.318	fixation	n/a	519.0	175.6	3535.0	n/a	n/a	n/a	n/a
258.45	0.022	saccade	n/a	521.1	175.4	n/a	565.5	170.8	1.64	106.0
258.474	0.384	fixation	n/a	561.9	168.6	3572.0	n/a	n/a	n/a	n/a
258.86	0.026	saccade	n/a	557.4	166.7	n/a	617.2	161.2	2.19	138.0
258.888	0.284	fixation	n/a	617.0	165.1	3610.0	n/a	n/a	n/a	n/a
259.174	0.068	saccade	n/a	620.4	168.1	n/a	144.2	221.6	17.18	430.0
259.244	0.194	fixation	n/a	143.0	225.4	3815.0	n/a	n/a	n/a	n/a
259.44	0.018	saccade	n/a	138.7	229.4	n/a	115.1	226.6	0.84	77.0
259.46	0.21	fixation	n/a	121.8	229.9	3858.0	n/a	n/a	n/a	n/a
259.672	0.034	saccade	n/a	124.7	234.9	n/a	230.0	228.0	3.75	209.0
259.708	0.386	fixation	n/a	230.3	231.5	3743.0	n/a	n/a	n/a	n/a
260.096	0.03	saccade	n/a	229.1	235.4	n/a	305.6	231.9	2.77	170.0
260.128	0.256	fixation	n/a	303.1	231.9	3771.0	n/a	n/a	n/a	n/a
260.386	0.018	saccade	n/a	308.0	234.0	n/a	334.8	233.4	0.98	72.0
260.406	0.1	fixation	n/a	333.7	233.3	3791.0	n/a	n/a	n/a	n/a
260.508	0.028	saccade	n/a	335.6	234.2	n/a	302.1	180.4	2.34	155.0
260.538	0.264	fixation	n/a	305.6	182.6	3791.0	n/a	n/a	n/a	n/a
260.576	0.0	trigger_13	13	n/a	n/a	n/a	n/a	n/a	n/a	n/a
260.804	0.04	saccade	n/a	304.1	181.6	n/a	150.1	176.9	5.54	282.0
260.846	0.628	fixation	n/a	154.7	177.9	3956.0	n/a	n/a	n/a	n/a
261.476	0.032	saccade	n/a	155.0	181.9	n/a	142.4	268.7	3.23	171.0
261.51	0.152	fixation	n/a	140.7	262.9	4285.0	n/a	n/a	n/a	n/a
261.664	0.014	saccade	n/a	140.7	268.7	n/a	138.7	287.6	0.7	57.0
261.68	0.19	fixation	n/a	139.7	287.3	4368.0	n/a	n/a	n/a	n/a
261.872	0.024	saccade	n/a	137.1	290.3	n/a	134.8	345.6	2.02	118.0
261.898	0.22	fixation	n/a	135.7	345.5	4383.0	n/a	n/a	n/a	n/a
262.12	0.188	saccade	n/a	146.9	345.8	n/a	132.1	277.0	2.57	985.0
262.16	0.066	blink	n/a	n/a	n/a	n/a	n/a	n/a	n/a	n/a
262.31	0.18	fixation	n/a	129.2	280.0	4152.0	n/a	n/a	n/a	n/a
262.492	0.028	saccade	n/a	128.3	280.9	n/a	109.0	341.3	2.31	144.0
262.522	0.162	fixation	n/a	110.5	340.9	4273.0	n/a	n/a	n/a	n/a
262.686	0.042	saccade	n/a	107.3	343.1	n/a	130.7	188.8	5.68	286.0
262.73	0.13	fixation	n/a	133.0	195.1	4283.0	n/a	n/a	n/a	n/a
262.862	0.026	saccade	n/a	137.9	196.7	n/a	200.4	174.2	2.38	148.0
262.89	0.164	fixation	n/a	197.9	175.7	4251.0	n/a	n/a	n/a	n/a
263.056	0.042	saccade	n/a	199.7	175.6	n/a	359.5	166.8	5.82	241.0
263.1	0.206	fixation	n/a	364.4	169.9	4106.0	n/a	n/a	n/a	n/a
263.308	0.04	saccade	n/a	370.0	172.7	n/a	523.0	165.3	5.65	272.0
263.35	0.24	fixation	n/a	528.2	170.1	3938.0	n/a	n/a	n/a	n/a
263.592	0.02	saccade	n/a	527.6	174.9	n/a	494.5	175.3	1.22	91.0
263.614	0.128	fixation	n/a	499.3	176.4	3892.0	n/a	n/a	n/a	n/a
263.744	0.182	saccade	n/a	496.2	184.5	n/a	134.9	384.4	14.96	1616.0
263.78	0.068	blink	n/a	n/a	n/a	n/a	n/a	n/a	n/a	n/a
263.928	0.182	fixation	n/a	138.4	396.3	3890.0	n/a	n/a	n/a	n/a
264.112	0.02	saccade	n/a	138.6	396.9	n/a	122.1	369.0	1.17	83.0
264.134	0.254	fixation	n/a	129.8	368.2	4106.0	n/a	n/a	n/a	n/a
264.336	0.0	trigger_15	15	n/a	n/a	n/a	n/a	n/a	n/a	n/a
264.39	0.0	trigger_10	10	n/a	n/a	n/a	n/a	n/a	n/a	n/a
264.39	0.018	saccade	n/a	133.6	366.7	n/a	161.5	362.0	1.0	78.0
264.41	0.234	fixation	n/a	159.1	364.9	4018.0	n/a	n/a	n/a	n/a
264.646	0.046	saccade	n/a	159.8	364.2	n/a	105.6	179.8	6.98	291.0
264.694	0.398	fixation	n/a	114.9	180.0	3876.0	n/a	n/a	n/a	n/a
265.094	0.022	saccade	n/a	122.0	182.3	n/a	167.5	179.6	1.62	109.0
265.118	0.656	fixation	n/a	163.7	174.5	3852.0	n/a	n/a	n/a	n/a
265.776	0.022	saccade	n/a	158.7	172.0	n/a	201.7	170.5	1.53	95.0
265.8	0.214	fixation	n/a	200.5	175.0	3846.0	n/a	n/a	n/a	n/a
266.016	0.024	saccade	n/a	203.4	176.9	n/a	252.7	175.4	1.78	105.0
266.042	0.42	fixation	n/a	246.6	179.0	3805.0	n/a	n/a	n/a	n/a
266.464	0.16	saccade	n/a	242.6	182.0	n/a	284.5	184.9	1.52	1496.0
266.506	0.04	blink	n/a	n/a	n/a	n/a	n/a	n/a	n/a	n/a
266.626	0.396	fixation	n/a	287.9	178.6	3791.0	n/a	n/a	n/a	n/a
267.024	0.02	saccade	n/a	293.7	179.1	n/a	336.4	179.4	1.56	106.0
267.046	0.248	fixation	n/a	335.2	181.5	3677.0	n/a	n/a	n/a	n/a
267.296	0.024	saccade	n/a	339.4	183.6	n/a	394.7	177.2	2.04	128.0
267.322	0.516	fixation	n/a	407.9	175.4	3537.0	n/a	n/a	n/a	n/a
267.84	0.022	saccade	n/a	419.6	177.6	n/a	463.2	175.0	1.61	103.0
267.864	0.28	fixation	n/a	462.4	178.3	3470.0	n/a	n/a	n/a	n/a
268.146	0.026	saccade	n/a	466.0	180.0	n/a	543.1	171.5	2.85	152.0
268.174	0.238	fixation	n/a	547.1	174.4	3448.0	n/a	n/a	n/a	n/a
268.414	0.062	saccade	n/a	547.5	176.5	n/a	129.3	231.1	15.18	435.0
268.478	0.146	fixation	n/a	127.7	235.0	3505.0	n/a	n/a	n/a	n/a
268.626	0.014	saccade	n/a	123.1	237.0	n/a	105.0	241.4	0.66	59.0
268.642	0.216	fixation	n/a	112.4	244.0	3471.0	n/a	n/a	n/a	n/a
268.86	0.034	saccade	n/a	112.8	246.9	n/a	218.3	239.6	3.76	212.0
268.896	0.356	fixation	n/a	222.4	240.9	3421.0	n/a	n/a	n/a	n/a
269.254	0.026	saccade	n/a	227.2	244.1	n/a	309.5	239.6	2.99	165.0
269.282	0.164	fixation	n/a	317.4	239.4	3373.0	n/a	n/a	n/a	n/a
269.448	0.026	saccade	n/a	320.9	241.1	n/a	376.4	239.4	2.03	138.0
269.476	0.356	fixation	n/a	374.9	240.8	3305.0	n/a	n/a	n/a	n/a
269.834	0.028	saccade	n/a	377.5	243.2	n/a	460.6	236.9	3.06	172.0
269.864	0.198	fixation	n/a	460.0	239.5	3226.0	n/a	n/a	n/a	n/a
270.064	0.028	saccade	n/a	461.7	240.8	n/a	535.8	240.5	2.72	167.0
270.094	0.566	fixation	n/a	530.6	243.3	3234.0	n/a	n/a	n/a	n/a
270.662	0.028	saccade	n/a	527.4	247.5	n/a	600.6	239.7	2.69	151.0
270.692	0.124	fixation	n/a	599.1	241.8	3370.0	n/a	n/a	n/a	n/a
270.818	0.024	saccade	n/a	601.8	244.5	n/a	644.4	245.2	1.55	106.0
270.844	0.136	fixation	n/a	641.2	247.3	3444.0	n/a	n/a	n/a	n/a
270.982	0.07	saccade	n/a	640.4	247.5	n/a	141.0	304.3	17.96	442.0
271.054	0.332	fixation	n/a	137.8	310.5	3550.0	n/a	n/a	n/a	n/a
271.388	0.036	saccade	n/a	139.4	311.5	n/a	257.6	299.2	4.24	218.0
271.426	0.332	fixation	n/a	262.3	302.2	3598.0	n/a	n/a	n/a	n/a
271.76	0.044	saccade	n/a	264.9	304.5	n/a	425.7	310.4	5.85	229.0
271.806	0.254	fixation	n/a	427.7	308.9	3547.0	n/a	n/a	n/a	n/a
272.062	0.038	saccade	n/a	430.4	309.5	n/a	569.4	301.8	5.09	232.0
272.102	0.154	fixation	n/a	570.9	302.9	3463.0	n/a	n/a	n/a	n/a
272.258	0.064	saccade	n/a	573.6	301.3	n/a	138.3	361.3	15.76	419.0
272.324	0.424	fixation	n/a	134.4	367.3	3491.0	n/a	n/a	n/a	n/a
272.496	0.0	trigger_11	11	n/a	n/a	n/a	n/a	n/a	n/a	n/a
272.6	0.0	trigger_10	10	n/a	n/a	n/a	n/a	n/a	n/a	n/a
272.75	0.044	saccade	n/a	133.9	367.9	n/a	120.0	192.6	6.37	276.0
272.796	0.278	fixation	n/a	119.8	192.8	3545.0	n/a	n/a	n/a	n/a
273.076	0.026	saccade	n/a	120.5	189.6	n/a	180.8	176.8	2.17	135.0
273.104	0.31	fixation	n/a	179.2	183.2	3552.0	n/a	n/a	n/a	n/a
273.416	0.028	saccade	n/a	180.2	187.0	n/a	120.1	179.5	2.14	159.0
273.446	0.432	fixation	n/a	121.8	180.5	3443.0	n/a	n/a	n/a	n/a
273.88	0.014	saccade	n/a	123.1	183.2	n/a	141.2	182.3	0.64	52.0
273.896	0.182	fixation	n/a	141.0	185.3	3523.0	n/a	n/a	n/a	n/a
274.08	0.026	saccade	n/a	142.8	185.9	n/a	194.1	183.8	1.82	129.0
274.108	0.24	fixation	n/a	192.0	189.5	3508.0	n/a	n/a	n/a	n/a
274.35	0.022	saccade	n/a	193.0	189.1	n/a	240.8	185.0	1.72	109.0
274.374	0.264	fixation	n/a	240.8	188.0	3449.0	n/a	n/a	n/a	n/a
274.64	0.018	saccade	n/a	245.7	191.7	n/a	273.2	190.9	1.0	74.0
274.66	0.15	fixation	n/a	273.0	192.8	3405.0	n/a	n/a	n/a	n/a
274.812	0.026	saccade	n/a	274.5	190.2	n/a	328.2	185.3	1.96	128.0
274.84	0.214	fixation	n/a	328.1	187.6	3394.0	n/a	n/a	n/a	n/a
275.056	0.028	saccade	n/a	330.0	186.6	n/a	397.0	182.9	2.45	160.0
275.086	0.18	fixation	n/a	396.8	186.4	3343.0	n/a	n/a	n/a	n/a
275.268	0.018	saccade	n/a	400.4	187.3	n/a	424.0	188.8	0.87	66.0
275.288	0.23	fixation	n/a	421.3	185.9	3309.0	n/a	n/a	n/a	n/a
275.52	0.034	saccade	n/a	426.3	188.3	n/a	527.8	181.4	3.74	189.0
275.556	0.3	fixation	n/a	527.6	179.5	3249.0	n/a	n/a	n/a	n/a
275.858	0.022	saccade	n/a	532.1	181.6	n/a	579.7	181.1	1.74	114.0
275.882	0.084	fixation	n/a	578.6	184.0	3196.0	n/a	n/a	n/a	n/a
275.968	0.018	saccade	n/a	582.2	185.9	n/a	611.3	185.6	1.06	74.0
275.988	0.128	fixation	n/a	608.6	185.3	3176.0	n/a	n/a	n/a	n/a
276.118	0.07	saccade	n/a	609.6	185.4	n/a	101.6	250.3	18.23	422.0
276.19	0.286	fixation	n/a	103.0	257.3	3202.0	n/a	n/a	n/a	n/a
276.478	0.024	saccade	n/a	105.3	262.9	n/a	168.8	254.5	2.26	137.0
276.504	0.138	fixation	n/a	173.6	256.9	3212.0	n/a	n/a	n/a	n/a
276.644	0.026	saccade	n/a	175.1	256.1	n/a	224.6	251.2	1.78	129.0
276.672	0.224	fixation	n/a	224.9	255.0	3176.0	n/a	n/a	n/a	n/a
276.898	0.026	saccade	n/a	228.0	255.4	n/a	290.2	250.1	2.25	149.0
276.926	0.192	fixation	n/a	290.2	249.6	3138.0	n/a	n/a	n/a	n/a
277.12	0.026	saccade	n/a	294.8	249.8	n/a	354.2	243.8	2.17	143.0
277.148	0.248	fixation	n/a	355.0	246.3	3058.0	n/a	n/a	n/a	n/a
277.398	0.026	saccade	n/a	359.0	247.5	n/a	410.1	245.3	1.87	123.0
277.426	0.23	fixation	n/a	411.8	245.3	2942.0	n/a	n/a	n/a	n/a
277.658	0.02	saccade	n/a	416.0	243.4	n/a	453.7	239.0	1.39	95.0
277.68	0.122	fixation	n/a	454.8	241.1	2893.0	n/a	n/a	n/a	n/a
277.804	0.028	saccade	n/a	458.4	240.7	n/a	528.0	234.1	2.57	143.0
277.834	0.228	fixation	n/a	527.9	233.5	2917.0	n/a	n/a	n/a	n/a
278.064	0.024	saccade	n/a	529.1	233.9	n/a	578.5	231.6	1.8	114.0
278.09	0.152	fixation	n/a	576.0	235.5	2974.0	n/a	n/a	n/a	n/a
278.244	0.03	saccade	n/a	575.4	239.3	n/a	502.1	235.9	2.69	182.0
278.276	0.354	fixation	n/a	505.4	239.1	3064.0	n/a	n/a	n/a	n/a
278.376	0.0	trigger_11	11	n/a	n/a	n/a	n/a	n/a	n/a	n/a
278.486	0.0	trigger_10	10	n/a	n/a	n/a	n/a	n/a	n/a	n/a
278.632	0.056	saccade	n/a	503.0	237.5	n/a	158.7	185.7	12.55	418.0
278.69	0.154	fixation	n/a	159.3	183.2	3236.0	n/a	n/a	n/a	n/a
278.846	0.022	saccade	n/a	155.2	180.9	n/a	120.8	184.9	1.22	97.0
278.87	0.232	fixation	n/a	126.1	185.6	3282.0	n/a	n/a	n/a	n/a
279.104	0.026	saccade	n/a	129.0	186.1	n/a	189.9	184.5	2.15	142.0
279.132	0.314	fixation	n/a	188.4	185.3	3373.0	n/a	n/a	n/a	n/a
279.448	0.018	saccade	n/a	192.4	192.7	n/a	222.7	188.9	1.09	80.0
279.468	0.134	fixation	n/a	219.3	190.2	3374.0	n/a	n/a	n/a	n/a
279.604	0.02	saccade	n/a	221.3	190.0	n/a	257.9	186.7	1.32	89.0
279.626	0.21	fixation	n/a	258.0	191.4	3375.0	n/a	n/a	n/a	n/a
279.838	0.022	saccade	n/a	260.4	191.5	n/a	303.4	185.6	1.57	112.0
279.862	0.126	fixation	n/a	301.3	187.6	3350.0	n/a	n/a	n/a	n/a
279.99	0.034	saccade	n/a	300.7	187.4	n/a	200.2	188.4	3.62	238.0
280.026	0.272	fixation	n/a	205.7	192.2	3329.0	n/a	n/a	n/a	n/a
280.3	0.022	saccade	n/a	207.8	190.8	n/a	260.1	184.4	1.89	123.0
280.324	0.184	fixation	n/a	261.2	186.6	3355.0	n/a	n/a	n/a	n/a
280.51	0.024	saccade	n/a	262.9	187.2	n/a	308.6	184.5	1.65	112.0
280.536	0.226	fixation	n/a	307.2	188.1	3377.0	n/a	n/a	n/a	n/a
280.764	0.022	saccade	n/a	311.2	192.0	n/a	363.9	189.5	1.92	116.0
280.788	0.156	fixation	n/a	363.4	187.1	3375.0	n/a	n/a	n/a	n/a
280.946	0.02	saccade	n/a	366.2	185.6	n/a	402.3	185.7	1.32	96.0
280.968	0.31	fixation	n/a	398.2	183.9	3336.0	n/a	n/a	n/a	n/a
281.28	0.022	saccade	n/a	399.8	184.1	n/a	438.9	180.3	1.44	93.0
281.304	0.182	fixation	n/a	438.7	183.5	3243.0	n/a	n/a	n/a	n/a
281.488	0.024	saccade	n/a	443.0	185.4	n/a	494.3	182.0	1.88	124.0
281.514	0.544	fixation	n/a	484.7	183.3	3237.0	n/a	n/a	n/a	n/a
282.06	0.03	saccade	n/a	476.3	186.2	n/a	563.3	182.8	3.18	170.0
282.092	0.332	fixation	n/a	562.7	184.9	3265.0	n/a	n/a	n/a	n/a
282.426	0.022	saccade	n/a	567.7	187.7	n/a	612.5	182.2	1.64	105.0
282.45	0.194	fixation	n/a	609.9	184.1	3307.0	n/a	n/a	n/a	n/a
282.646	0.066	saccade	n/a	610.0	186.0	n/a	140.0	236.9	16.92	429.0
282.714	0.688	fixation	n/a	126.7	250.6	3313.0	n/a	n/a	n/a	n/a
283.404	0.03	saccade	n/a	115.3	255.0	n/a	209.3	250.0	3.33	169.0
283.436	0.254	fixation	n/a	210.1	252.2	3225.0	n/a	n/a	n/a	n/a
283.692	0.028	saccade	n/a	213.6	251.8	n/a	276.2	245.3	2.26	153.0
283.722	0.16	fixation	n/a	277.0	248.5	3225.0	n/a	n/a	n/a	n/a
283.884	0.032	saccade	n/a	278.6	249.4	n/a	363.7	245.4	3.09	202.0
283.918	0.64	fixation	n/a	369.4	246.3	3293.0	n/a	n/a	n/a	n/a
284.258	0.0	trigger_11	11	n/a	n/a	n/a	n/a	n/a	n/a	n/a
284.364	0.0	trigger_12	12	n/a	n/a	n/a	n/a	n/a	n/a	n/a
284.56	0.048	saccade	n/a	373.9	246.7	n/a	148.7	184.8	8.39	351.0
284.61	0.178	fixation	n/a	149.3	185.0	3408.0	n/a	n/a	n/a	n/a
284.79	0.024	saccade	n/a	145.1	184.3	n/a	102.9	186.7	1.48	119.0
284.816	0.43	fixation	n/a	107.9	190.6	3457.0	n/a	n/a	n/a	n/a
285.248	0.016	saccade	n/a	112.8	194.0	n/a	137.0	190.0	0.86	64.0
285.266	0.122	fixation	n/a	135.5	186.1	3486.0	n/a	n/a	n/a	n/a
285.39	0.022	saccade	n/a	138.6	184.8	n/a	181.2	185.1	1.5	96.0
285.414	0.126	fixation	n/a	181.9	185.8	3518.0	n/a	n/a	n/a	n/a
285.542	0.03	saccade	n/a	184.9	187.1	n/a	262.6	179.4	2.8	174.0
285.574	0.444	fixation	n/a	264.6	185.2	3511.0	n/a	n/a	n/a	n/a
286.02	0.024	saccade	n/a	266.1	190.4	n/a	221.4	192.9	1.61	114.0
286.046	0.124	fixation	n/a	227.2	192.2	3447.0	n/a	n/a	n/a	n/a
286.172	0.028	saccade	n/a	225.8	191.0	n/a	164.3	190.9	2.18	143.0
286.202	0.182	fixation	n/a	174.2	194.8	3423.0	n/a	n/a	n/a	n/a
286.386	0.19	saccade	n/a	176.2	198.6	n/a	202.6	193.5	0.96	1087.0
286.432	0.068	blink	n/a	n/a	n/a	n/a	n/a	n/a	n/a	n/a
286.578	0.22	fixation	n/a	206.5	193.9	3284.0	n/a	n/a	n/a	n/a
286.8	0.03	saccade	n/a	202.9	193.3	n/a	130.9	188.8	2.54	174.0
286.832	0.282	fixation	n/a	135.1	195.2	3370.0	n/a	n/a	n/a	n/a
287.116	0.02	saccade	n/a	136.3	195.4	n/a	178.9	192.7	1.51	102.0
287.138	0.164	fixation	n/a	179.6	195.4	3371.0	n/a	n/a	n/a	n/a
287.304	0.034	saccade	n/a	182.0	198.7	n/a	287.9	189.9	3.81	204.0
287.34	0.166	fixation	n/a	288.6	189.5	3324.0	n/a	n/a	n/a	n/a
287.508	0.028	saccade	n/a	293.5	187.3	n/a	349.0	183.3	2.02	133.0
287.538	0.362	fixation	n/a	349.7	182.6	3279.0	n/a	n/a	n/a	n/a
287.902	0.022	saccade	n/a	354.2	180.5	n/a	392.9	177.4	1.41	95.0
287.926	0.198	fixation	n/a	389.9	177.9	3243.0	n/a	n/a	n/a	n/a
288.126	0.02	saccade	n/a	390.7	176.1	n/a	421.2	177.5	1.11	82.0
288.148	0.114	fixation	n/a	417.1	181.1	3223.0	n/a	n/a	n/a	n/a
288.264	0.024	saccade	n/a	419.3	182.6	n/a	470.1	180.3	1.86	125.0
288.29	0.212	fixation	n/a	466.6	180.1	3224.0	n/a	n/a	n/a	n/a
288.504	0.028	saccade	n/a	468.7	179.9	n/a	534.5	179.1	2.41	148.0
288.534	0.174	fixation	n/a	532.3	181.6	3238.0	n/a	n/a	n/a	n/a
288.71	0.018	saccade	n/a	536.7	182.1	n/a	567.1	179.2	1.11	80.0
288.73	0.222	fixation	n/a	563.7	184.3	3238.0	n/a	n/a	n/a	n/a
288.954	0.064	saccade	n/a	564.1	187.3	n/a	133.7	239.0	15.52	410.0
289.02	0.342	fixation	n/a	131.9	242.4	3338.0	n/a	n/a	n/a	n/a
289.364	0.028	saccade	n/a	131.6	247.0	n/a	194.5	243.1	2.23	151.0
289.394	0.288	fixation	n/a	192.8	243.2	3449.0	n/a	n/a	n/a	n/a
289.684	0.026	saccade	n/a	195.2	241.7	n/a	256.2	240.1	2.18	122.0
289.712	0.282	fixation	n/a	254.8	241.2	3452.0	n/a	n/a	n/a	n/a
289.996	0.02	saccade	n/a	256.8	242.8	n/a	292.9	240.9	1.3	90.0
290.018	0.23	fixation	n/a	291.5	242.5	3399.0	n/a	n/a	n/a	n/a
290.25	0.022	saccade	n/a	293.7	244.3	n/a	332.8	238.5	1.43	96.0
290.274	0.124	fixation	n/a	330.7	239.3	3369.0	n/a	n/a	n/a	n/a
290.4	0.026	saccade	n/a	329.8	237.0	n/a	333.1	180.1	2.11	136.0
290.428	0.12	fixation	n/a	334.3	186.9	3375.0	n/a	n/a	n/a	n/a
290.55	0.174	saccade	n/a	338.4	190.9	n/a	338.4	186.7	0.16	2057.0
290.582	0.078	blink	n/a	n/a	n/a	n/a	n/a	n/a	n/a	n/a
290.726	0.324	fixation	n/a	337.5	188.5	3415.0	n/a	n/a	n/a	n/a
290.802	0.0	trigger_13	13	n/a	n/a	n/a	n/a	n/a	n/a	n/a
291.052	0.044	saccade	n/a	337.4	186.0	n/a	134.4	226.2	7.37	356.0
291.098	0.248	fixation	n/a	132.4	228.7	3567.0	n/a	n/a	n/a	n/a
291.348	0.03	saccade	n/a	130.5	231.0	n/a	141.2	303.4	2.65	148.0
291.38	0.37	fixation	n/a	140.8	298.5	3729.0	n/a	n/a	n/a	n/a
291.752	0.018	saccade	n/a	141.9	299.9	n/a	113.9	298.3	0.98	71.0
291.772	0.79	fixation	n/a	129.8	293.2	4007.0	n/a	n/a	n/a	n/a
292.564	0.038	saccade	n/a	143.5	296.6	n/a	153.9	176.5	4.37	234.0
292.602	0.0	trigger_15	15	n/a	n/a	n/a	n/a	n/a	n/a	n/a
292.604	0.27	fixation	n/a	156.9	184.4	4004.0	n/a	n/a	n/a	n/a
292.654	0.0	trigger_10	10	n/a	n/a	n/a	n/a	n/a	n/a	n/a
292.876	0.222	saccade	n/a	162.5	185.0	n/a	93.8	168.1	2.48	1041.0
292.916	0.096	blink	n/a	n/a	n/a	n/a	n/a	n/a	n/a	n/a
293.1	0.28	fixation	n/a	104.3	162.6	3889.0	n/a	n/a	n/a	n/a
293.382	0.022	saccade	n/a	108.6	163.6	n/a	156.1	165.0	1.66	104.0
293.406	0.138	fixation	n/a	153.7	167.1	3907.0	n/a	n/a	n/a	n/a
293.546	0.02	saccade	n/a	154.8	166.9	n/a	193.2	168.9	1.36	98.0
293.568	0.196	fixation	n/a	188.5	173.9	3816.0	n/a	n/a	n/a	n/a
293.766	0.02	saccade	n/a	193.4	178.9	n/a	227.1	178.4	1.2	79.0
293.788	0.366	fixation	n/a	226.2	179.5	3676.0	n/a	n/a	n/a	n/a
294.156	0.032	saccade	n/a	226.1	179.7	n/a	306.6	178.9	2.9	157.0
294.19	0.224	fixation	n/a	306.2	182.1	3582.0	n/a	n/a	n/a	n/a
294.416	0.028	saccade	n/a	310.2	184.7	n/a	377.1	181.1	2.45	147.0
294.446	0.242	fixation	n/a	374.8	181.6	3629.0	n/a	n/a	n/a	n/a
294.69	0.022	saccade	n/a	378.1	183.6	n/a	419.2	182.4	1.51	98.0
294.714	0.3	fixation	n/a	417.0	182.0	3599.0	n/a	n/a	n/a	n/a
295.016	0.026	saccade	n/a	419.2	184.8	n/a	476.6	180.6	2.11	117.0
295.044	0.226	fixation	n/a	477.7	181.0	3496.0	n/a	n/a	n/a	n/a
295.272	0.022	saccade	n/a	481.0	181.3	n/a	520.9	178.8	1.46	99.0
295.296	0.174	fixation	n/a	518.5	179.3	3406.0	n/a	n/a	n/a	n/a
295.472	0.016	saccade	n/a	523.1	175.5	n/a	546.9	177.4	0.87	68.0
295.49	0.392	fixation	n/a	546.3	178.9	3320.0	n/a	n/a	n/a	n/a
295.884	0.02	saccade	n/a	549.6	179.6	n/a	580.0	175.1	1.12	76.0
295.906	0.152	fixation	n/a	577.7	175.3	3282.0	n/a	n/a	n/a	n/a
296.06	0.062	saccade	n/a	576.9	177.1	n/a	138.3	241.0	15.87	420.0
296.124	0.154	fixation	n/a	141.0	247.7	3378.0	n/a	n/a	n/a	n/a
296.28	0.024	saccade	n/a	138.3	251.8	n/a	104.7	252.5	1.18	98.0
296.306	0.2	fixation	n/a	107.7	251.6	3376.0	n/a	n/a	n/a	n/a
296.508	0.024	saccade	n/a	111.2	256.1	n/a	161.3	249.2	1.78	126.0
296.534	0.204	fixation	n/a	159.3	250.2	3349.0	n/a	n/a	n/a	n/a
296.74	0.03	saccade	n/a	161.4	250.9	n/a	240.6	241.6	2.84	146.0
296.772	0.27	fixation	n/a	240.9	243.4	3333.0	n/a	n/a	n/a	n/a
297.044	0.026	saccade	n/a	244.6	242.3	n/a	298.2	238.8	1.94	128.0
297.072	0.316	fixation	n/a	295.8	241.4	3298.0	n/a	n/a	n/a	n/a
297.39	0.026	saccade	n/a	295.0	241.5	n/a	262.6	197.6	2.0	141.0
297.418	0.444	fixation	n/a	264.7	198.3	3338.0	n/a	n/a	n/a	n/a
297.61	0.0	trigger_11	11	n/a	n/a	n/a	n/a	n/a	n/a	n/a
297.714	0.0	trigger_10	10	n/a	n/a	n/a	n/a	n/a	n/a	n/a
297.864	0.038	saccade	n/a	264.2	200.0	n/a	121.9	179.8	5.11	282.0
297.904	0.324	fixation	n/a	121.6	182.8	3481.0	n/a	n/a	n/a	n/a
298.23	0.022	saccade	n/a	118.4	189.7	n/a	160.1	189.4	1.47	107.0
298.254	0.142	fixation	n/a	152.5	186.1	3477.0	n/a	n/a	n/a	n/a
298.398	0.026	saccade	n/a	153.5	188.0	n/a	205.9	184.4	1.86	127.0
298.426	0.166	fixation	n/a	202.8	187.5	3461.0	n/a	n/a	n/a	n/a
298.594	0.022	saccade	n/a	203.9	187.6	n/a	242.7	185.8	1.39	96.0
298.618	0.148	fixation	n/a	240.2	189.0	3477.0	n/a	n/a	n/a	n/a
298.768	0.026	saccade	n/a	242.3	190.3	n/a	304.9	185.8	2.27	132.0
298.796	0.208	fixation	n/a	304.0	187.7	3511.0	n/a	n/a	n/a	n/a
299.006	0.028	saccade	n/a	307.2	188.8	n/a	366.2	186.2	2.15	151.0
299.036	0.23	fixation	n/a	367.6	186.3	3508.0	n/a	n/a	n/a	n/a
299.268	0.024	saccade	n/a	373.7	186.4	n/a	432.2	182.9	2.14	130.0
299.294	0.222	fixation	n/a	432.2	185.1	3456.0	n/a	n/a	n/a	n/a
299.518	0.024	saccade	n/a	436.1	184.9	n/a	492.1	179.6	2.06	122.0
299.544	0.14	fixation	n/a	491.5	183.1	3415.0	n/a	n/a	n/a	n/a
299.686	0.02	saccade	n/a	495.4	183.2	n/a	533.5	180.6	1.4	98.0
299.708	0.184	fixation	n/a	532.2	180.6	3404.0	n/a	n/a	n/a	n/a
299.894	0.018	saccade	n/a	539.1	180.5	n/a	564.9	178.5	0.94	69.0
299.914	0.12	fixation	n/a	562.7	180.6	3370.0	n/a	n/a	n/a	n/a
300.036	0.064	saccade	n/a	563.9	183.0	n/a	123.8	229.3	15.81	433.0
300.102	0.274	fixation	n/a	121.5	237.0	3405.0	n/a	n/a	n/a	n/a
300.378	0.026	saccade	n/a	121.4	238.0	n/a	117.8	178.6	2.16	124.0
300.406	0.47	fixation	n/a	115.7	185.6	3474.0	n/a	n/a	n/a	n/a
300.42	0.0	trigger_11	11	n/a	n/a	n/a	n/a	n/a	n/a	n/a
300.522	0.0	trigger_10	10	n/a	n/a	n/a	n/a	n/a	n/a	n/a
300.878	0.026	saccade	n/a	109.0	189.7	n/a	164.4	184.0	1.95	136.0
300.906	0.494	fixation	n/a	152.6	188.2	3408.0	n/a	n/a	n/a	n/a
301.402	0.034	saccade	n/a	148.2	191.5	n/a	255.1	189.1	3.81	170.0
301.438	0.192	fixation	n/a	255.4	189.6	3333.0	n/a	n/a	n/a	n/a
301.632	0.026	saccade	n/a	255.9	185.4	n/a	307.8	183.8	1.87	127.0
301.66	0.3	fixation	n/a	309.1	186.0	3266.0	n/a	n/a	n/a	n/a
301.962	0.02	saccade	n/a	315.2	187.2	n/a	349.4	185.4	1.24	86.0
301.984	0.202	fixation	n/a	349.5	187.5	3130.0	n/a	n/a	n/a	n/a
302.188	0.03	saccade	n/a	348.7	187.9	n/a	294.6	187.6	1.97	147.0
302.22	0.232	fixation	n/a	298.2	187.0	3113.0	n/a	n/a	n/a	n/a
302.454	0.03	saccade	n/a	298.5	185.3	n/a	382.5	179.8	3.06	182.0
302.486	0.28	fixation	n/a	383.9	181.8	3100.0	n/a	n/a	n/a	n/a
302.768	0.022	saccade	n/a	386.8	182.1	n/a	428.2	180.0	1.52	103.0
302.792	0.154	fixation	n/a	425.7	178.4	3083.0	n/a	n/a	n/a	n/a
302.948	0.018	saccade	n/a	429.5	178.7	n/a	460.1	179.0	1.12	83.0
302.968	0.176	fixation	n/a	458.3	179.3	3066.0	n/a	n/a	n/a	n/a
303.146	0.022	saccade	n/a	462.5	178.3	n/a	506.7	176.0	1.62	106.0
303.17	0.1	fixation	n/a	504.1	177.9	3053.0	n/a	n/a	n/a	n/a
303.272	0.022	saccade	n/a	507.3	178.2	n/a	551.8	172.6	1.63	103.0
303.296	0.204	fixation	n/a	549.6	174.7	3061.0	n/a	n/a	n/a	n/a
303.502	0.018	saccade	n/a	551.6	174.8	n/a	576.2	173.5	0.9	63.0
303.522	0.152	fixation	n/a	573.0	173.3	3086.0	n/a	n/a	n/a	n/a
303.676	0.064	saccade	n/a	571.7	174.1	n/a	129.6	232.1	15.93	412.0
303.742	0.398	fixation	n/a	123.4	241.4	3159.0	n/a	n/a	n/a	n/a
304.142	0.02	saccade	n/a	120.5	242.4	n/a	155.6	242.0	1.23	87.0
304.164	0.338	fixation	n/a	155.0	243.0	3139.0	n/a	n/a	n/a	n/a
304.504	0.028	saccade	n/a	155.6	243.3	n/a	248.8	233.9	3.33	168.0
304.534	0.28	fixation	n/a	253.9	236.1	3194.0	n/a	n/a	n/a	n/a
304.816	0.016	saccade	n/a	251.8	236.6	n/a	229.8	236.7	0.79	61.0
304.834	0.224	fixation	n/a	233.6	238.8	3249.0	n/a	n/a	n/a	n/a
305.06	0.03	saccade	n/a	233.2	239.6	n/a	312.0	234.3	2.85	173.0
305.092	0.256	fixation	n/a	308.3	235.6	3254.0	n/a	n/a	n/a	n/a
305.35	0.028	saccade	n/a	309.5	238.8	n/a	375.1	235.8	2.38	151.0
305.38	0.26	fixation	n/a	373.4	239.3	3290.0	n/a	n/a	n/a	n/a
305.642	0.024	saccade	n/a	372.5	240.6	n/a	333.3	237.5	1.43	110.0
305.668	0.544	fixation	n/a	338.8	241.4	3245.0	n/a	n/a	n/a	n/a
306.214	0.026	saccade	n/a	332.9	240.7	n/a	401.7	239.3	2.51	153.0
306.242	0.17	fixation	n/a	400.0	241.8	3262.0	n/a	n/a	n/a	n/a
306.414	0.024	saccade	n/a	403.3	243.9	n/a	445.5	242.7	1.54	106.0
306.44	0.486	fixation	n/a	443.5	244.3	3248.0	n/a	n/a	n/a	n/a
306.692	0.0	trigger_11	11	n/a	n/a	n/a	n/a	n/a	n/a	n/a
306.794	0.0	trigger_10	10	n/a	n/a	n/a	n/a	n/a	n/a	n/a
306.928	0.052	saccade	n/a	444.8	244.1	n/a	139.5	185.4	11.15	400.0
306.982	0.31	fixation	n/a	134.6	186.2	3175.0	n/a	n/a	n/a	n/a
307.294	0.026	saccade	n/a	130.3	187.5	n/a	191.2	187.6	2.15	141.0
307.322	0.24	fixation	n/a	189.3	188.0	3216.0	n/a	n/a	n/a	n/a
307.564	0.024	saccade	n/a	192.1	187.4	n/a	243.0	181.5	1.83	122.0
307.59	0.188	fixation	n/a	241.2	182.8	3209.0	n/a	n/a	n/a	n/a
307.78	0.024	saccade	n/a	245.3	184.7	n/a	297.2	181.0	1.88	117.0
307.806	0.196	fixation	n/a	297.7	183.8	3229.0	n/a	n/a	n/a	n/a
308.004	0.022	saccade	n/a	303.3	185.4	n/a	348.5	181.0	1.65	107.0
308.028	0.154	fixation	n/a	346.3	181.8	3300.0	n/a	n/a	n/a	n/a
308.184	0.024	saccade	n/a	349.7	186.9	n/a	399.9	181.7	1.84	127.0
308.21	0.192	fixation	n/a	397.0	184.8	3334.0	n/a	n/a	n/a	n/a
308.404	0.03	saccade	n/a	398.5	183.1	n/a	463.5	175.0	2.39	156.0
308.436	0.27	fixation	n/a	460.8	177.7	3377.0	n/a	n/a	n/a	n/a
308.708	0.022	saccade	n/a	463.7	176.8	n/a	507.6	176.6	1.6	102.0
308.732	0.188	fixation	n/a	505.5	177.0	3395.0	n/a	n/a	n/a	n/a
308.922	0.024	saccade	n/a	507.4	177.2	n/a	550.6	175.6	1.58	110.0
308.948	0.198	fixation	n/a	546.6	178.4	3430.0	n/a	n/a	n/a	n/a
309.148	0.062	saccade	n/a	546.8	178.7	n/a	125.4	237.0	15.2	417.0
309.212	0.348	fixation	n/a	123.2	241.9	3478.0	n/a	n/a	n/a	n/a
309.562	0.022	saccade	n/a	120.8	242.5	n/a	169.9	240.3	1.72	117.0
309.586	0.218	fixation	n/a	170.4	245.2	3406.0	n/a	n/a	n/a	n/a
309.806	0.022	saccade	n/a	175.8	249.5	n/a	214.4	245.5	1.38	103.0
309.83	0.224	fixation	n/a	211.4	245.9	3340.0	n/a	n/a	n/a	n/a
310.056	0.03	saccade	n/a	212.5	245.2	n/a	278.7	240.5	2.38	141.0
310.088	0.32	fixation	n/a	277.4	241.5	3297.0	n/a	n/a	n/a	n/a
310.41	0.03	saccade	n/a	280.8	245.0	n/a	346.4	239.9	2.38	150.0
310.442	0.334	fixation	n/a	345.5	243.9	3295.0	n/a	n/a	n/a	n/a
310.524	0.0	trigger_11	11	n/a	n/a	n/a	n/a	n/a	n/a	n/a
310.628	0.0	trigger_10	10	n/a	n/a	n/a	n/a	n/a	n/a	n/a
310.778	0.046	saccade	n/a	345.4	244.2	n/a	128.1	187.7	8.02	351.0
310.826	0.386	fixation	n/a	130.8	191.5	3232.0	n/a	n/a	n/a	n/a
311.214	0.018	saccade	n/a	134.0	192.5	n/a	159.1	192.5	0.88	66.0
311.234	0.286	fixation	n/a	157.3	191.2	3201.0	n/a	n/a	n/a	n/a
311.522	0.02	saccade	n/a	161.6	191.9	n/a	190.9	186.3	1.06	73.0
311.544	0.29	fixation	n/a	193.4	188.4	3162.0	n/a	n/a	n/a	n/a
311.836	0.028	saccade	n/a	196.7	190.2	n/a	265.1	183.5	2.46	138.0
311.866	0.306	fixation	n/a	264.7	185.4	3119.0	n/a	n/a	n/a	n/a
312.174	0.02	saccade	n/a	267.4	184.3	n/a	304.5	182.7	1.34	91.0
312.196	0.258	fixation	n/a	305.5	184.7	3047.0	n/a	n/a	n/a	n/a
312.456	0.024	saccade	n/a	309.2	188.1	n/a	363.5	183.1	1.98	120.0
312.482	0.286	fixation	n/a	364.0	184.2	2982.0	n/a	n/a	n/a	n/a
312.77	0.022	saccade	n/a	367.5	186.1	n/a	409.4	182.7	1.53	102.0
312.794	0.2	fixation	n/a	408.3	183.5	2938.0	n/a	n/a	n/a	n/a
312.996	0.024	saccade	n/a	411.4	184.6	n/a	466.6	179.9	2.03	121.0
313.022	0.312	fixation	n/a	465.6	180.9	2886.0	n/a	n/a	n/a	n/a
313.336	0.018	saccade	n/a	467.1	180.7	n/a	490.8	179.6	0.87	62.0
313.356	0.152	fixation	n/a	491.2	180.2	2859.0	n/a	n/a	n/a	n/a
313.51	0.024	saccade	n/a	492.7	182.5	n/a	540.4	177.3	1.75	113.0
313.536	0.2	fixation	n/a	537.4	177.3	2919.0	n/a	n/a	n/a	n/a
313.738	0.02	saccade	n/a	539.7	176.8	n/a	571.2	176.6	1.15	82.0
313.76	0.124	fixation	n/a	567.3	176.8	2976.0	n/a	n/a	n/a	n/a
313.886	0.064	saccade	n/a	566.4	178.6	n/a	134.5	233.7	15.56	405.0
313.952	0.314	fixation	n/a	133.7	241.6	3114.0	n/a	n/a	n/a	n/a
314.268	0.026	saccade	n/a	133.1	243.1	n/a	191.4	244.8	2.05	136.0
314.296	0.25	fixation	n/a	188.1	246.5	3118.0	n/a	n/a	n/a	n/a
314.548	0.028	saccade	n/a	191.1	248.7	n/a	263.0	239.8	2.59	154.0
314.578	0.296	fixation	n/a	264.4	242.1	3063.0	n/a	n/a	n/a	n/a
314.876	0.03	saccade	n/a	268.9	244.1	n/a	356.5	238.8	3.17	173.0
314.908	0.21	fixation	n/a	359.2	240.0	2989.0	n/a	n/a	n/a	n/a
315.12	0.016	saccade	n/a	358.0	241.9	n/a	334.0	242.8	0.87	70.0
315.138	0.154	fixation	n/a	339.9	244.7	2956.0	n/a	n/a	n/a	n/a
315.294	0.028	saccade	n/a	342.0	244.1	n/a	420.0	236.3	2.86	159.0
315.324	0.174	fixation	n/a	420.6	237.2	2932.0	n/a	n/a	n/a	n/a
315.5	0.034	saccade	n/a	419.7	236.0	n/a	292.9	184.6	4.98	256.0
315.536	0.34	fixation	n/a	297.0	191.0	2939.0	n/a	n/a	n/a	n/a
315.588	0.0	trigger_11	11	n/a	n/a	n/a	n/a	n/a	n/a	n/a
315.69	0.0	trigger_10	10	n/a	n/a	n/a	n/a	n/a	n/a	n/a
315.878	0.04	saccade	n/a	295.7	191.4	n/a	129.5	187.4	5.91	313.0
315.92	0.402	fixation	n/a	125.3	191.1	3062.0	n/a	n/a	n/a	n/a
316.324	0.03	saccade	n/a	120.7	191.6	n/a	210.0	184.7	3.16	182.0
316.356	0.336	fixation	n/a	206.8	184.5	3130.0	n/a	n/a	n/a	n/a
316.694	0.03	saccade	n/a	203.9	185.8	n/a	135.5	182.9	2.42	170.0
316.726	0.18	fixation	n/a	137.6	184.9	3172.0	n/a	n/a	n/a	n/a
316.908	0.014	saccade	n/a	132.3	183.8	n/a	114.9	183.5	0.61	51.0
316.924	0.234	fixation	n/a	117.3	186.4	3247.0	n/a	n/a	n/a	n/a
317.16	0.018	saccade	n/a	119.3	187.8	n/a	150.1	189.3	1.08	77.0
317.18	0.202	fixation	n/a	147.9	191.3	3259.0	n/a	n/a	n/a	n/a
317.384	0.018	saccade	n/a	151.1	193.8	n/a	182.2	194.3	1.1	82.0
317.404	0.188	fixation	n/a	182.2	193.2	3259.0	n/a	n/a	n/a	n/a
317.594	0.018	saccade	n/a	184.9	191.3	n/a	212.4	190.4	0.98	70.0
317.614	0.134	fixation	n/a	211.3	191.5	3259.0	n/a	n/a	n/a	n/a
317.75	0.022	saccade	n/a	214.1	191.8	n/a	258.0	185.9	1.59	100.0
317.774	0.344	fixation	n/a	257.6	187.8	3244.0	n/a	n/a	n/a	n/a
318.12	0.022	saccade	n/a	261.0	188.6	n/a	313.4	183.0	1.9	117.0
318.144	0.238	fixation	n/a	314.3	183.3	3198.0	n/a	n/a	n/a	n/a
318.384	0.022	saccade	n/a	319.9	186.9	n/a	367.1	183.1	1.72	113.0
318.408	0.318	fixation	n/a	368.6	183.1	3099.0	n/a	n/a	n/a	n/a
318.728	0.028	saccade	n/a	370.9	181.6	n/a	438.7	178.0	2.47	147.0
318.758	0.506	fixation	n/a	435.8	181.2	3051.0	n/a	n/a	n/a	n/a
319.266	0.024	saccade	n/a	430.2	183.3	n/a	479.3	181.3	1.8	114.0
319.292	0.232	fixation	n/a	476.5	182.6	3057.0	n/a	n/a	n/a	n/a
319.526	0.018	saccade	n/a	479.6	185.1	n/a	507.5	181.6	1.03	75.0
319.546	0.314	fixation	n/a	505.4	180.8	3134.0	n/a	n/a	n/a	n/a
319.862	0.024	saccade	n/a	508.0	182.8	n/a	556.3	178.0	1.77	108.0
319.888	0.29	fixation	n/a	554.0	179.4	3129.0	n/a	n/a	n/a	n/a
320.18	0.018	saccade	n/a	554.5	179.1	n/a	583.3	178.4	1.05	73.0
320.2	0.16	fixation	n/a	580.8	178.6	3146.0	n/a	n/a	n/a	n/a
320.362	0.064	saccade	n/a	580.7	178.4	n/a	115.4	247.5	16.75	428.0
320.428	0.692	fixation	n/a	117.4	247.5	3249.0	n/a	n/a	n/a	n/a
320.772	0.0	trigger_11	11	n/a	n/a	n/a	n/a	n/a	n/a	n/a
320.876	0.0	trigger_10	10	n/a	n/a	n/a	n/a	n/a	n/a	n/a
321.122	0.028	saccade	n/a	118.7	241.9	n/a	114.1	177.6	2.34	143.0
321.152	0.27	fixation	n/a	115.1	181.2	3349.0	n/a	n/a	n/a	n/a
321.424	0.028	saccade	n/a	116.6	179.2	n/a	187.8	174.5	2.51	153.0
321.454	0.204	fixation	n/a	188.0	180.3	3465.0	n/a	n/a	n/a	n/a
321.66	0.02	saccade	n/a	191.4	179.8	n/a	233.8	175.3	1.52	106.0
321.682	0.416	fixation	n/a	233.1	180.4	3489.0	n/a	n/a	n/a	n/a
322.1	0.022	saccade	n/a	235.8	182.8	n/a	281.2	176.9	1.64	111.0
322.124	0.168	fixation	n/a	279.1	176.9	3475.0	n/a	n/a	n/a	n/a
322.294	0.16	saccade	n/a	281.5	179.4	n/a	329.4	174.8	1.74	1778.0
322.33	0.066	blink	n/a	n/a	n/a	n/a	n/a	n/a	n/a	n/a
322.456	0.218	fixation	n/a	327.6	176.1	3321.0	n/a	n/a	n/a	n/a
322.676	0.022	saccade	n/a	330.0	174.6	n/a	369.4	175.6	1.43	91.0
322.7	0.26	fixation	n/a	367.6	178.3	3405.0	n/a	n/a	n/a	n/a
322.962	0.016	saccade	n/a	373.9	176.9	n/a	392.5	179.6	0.68	53.0
322.98	0.286	fixation	n/a	412.6	182.8	3332.0	n/a	n/a	n/a	n/a
323.268	0.03	saccade	n/a	414.1	183.4	n/a	491.2	177.6	2.82	170.0
323.3	0.29	fixation	n/a	489.1	179.6	3308.0	n/a	n/a	n/a	n/a
323.592	0.222	saccade	n/a	486.9	182.6	n/a	222.9	180.4	9.53	2128.0
323.634	0.106	blink	n/a	n/a	n/a	n/a	n/a	n/a	n/a	n/a
323.816	0.268	fixation	n/a	232.7	185.7	3311.0	n/a	n/a	n/a	n/a
324.086	0.024	saccade	n/a	235.4	182.2	n/a	286.0	173.6	1.84	131.0
324.112	0.336	fixation	n/a	279.6	180.6	3537.0	n/a	n/a	n/a	n/a
324.18	0.0	trigger_11	11	n/a	n/a	n/a	n/a	n/a	n/a	n/a
324.284	0.0	trigger_10	10	n/a	n/a	n/a	n/a	n/a	n/a	n/a
324.45	0.04	saccade	n/a	279.8	177.8	n/a	126.8	175.0	5.43	298.0
324.492	0.452	fixation	n/a	127.2	178.0	3605.0	n/a	n/a	n/a	n/a
324.946	0.024	saccade	n/a	127.8	181.8	n/a	200.6	178.3	2.57	146.0
324.972	0.212	fixation	n/a	212.3	176.5	3548.0	n/a	n/a	n/a	n/a
325.186	0.018	saccade	n/a	216.4	171.1	n/a	244.2	169.8	0.99	70.0
325.206	0.538	fixation	n/a	239.0	174.1	3596.0	n/a	n/a	n/a	n/a
325.746	0.022	saccade	n/a	237.2	179.2	n/a	273.4	174.9	1.31	84.0
325.77	0.136	fixation	n/a	273.9	178.7	3537.0	n/a	n/a	n/a	n/a
325.908	0.02	saccade	n/a	277.6	180.7	n/a	316.5	180.3	1.41	98.0
325.93	0.588	fixation	n/a	309.5	180.9	3487.0	n/a	n/a	n/a	n/a
326.52	0.026	saccade	n/a	307.2	180.5	n/a	366.7	176.0	2.16	136.0
326.548	0.206	fixation	n/a	365.7	177.0	3410.0	n/a	n/a	n/a	n/a
326.756	0.022	saccade	n/a	369.3	179.4	n/a	415.3	181.8	1.68	112.0
326.78	0.15	fixation	n/a	412.9	183.4	3380.0	n/a	n/a	n/a	n/a
326.932	0.02	saccade	n/a	416.5	186.5	n/a	457.8	182.5	1.51	105.0
326.954	0.208	fixation	n/a	455.6	181.8	3361.0	n/a	n/a	n/a	n/a
327.164	0.038	saccade	n/a	458.7	184.5	n/a	574.7	178.5	4.22	182.0
327.204	0.288	fixation	n/a	575.9	183.6	3286.0	n/a	n/a	n/a	n/a
327.494	0.02	saccade	n/a	575.5	184.0	n/a	538.7	181.1	1.34	96.0
327.516	0.13	fixation	n/a	544.9	183.3	3242.0	n/a	n/a	n/a	n/a
327.648	0.064	saccade	n/a	544.3	184.0	n/a	130.4	248.5	14.94	394.0
327.714	0.466	fixation	n/a	124.4	256.2	3203.0	n/a	n/a	n/a	n/a
328.182	0.02	saccade	n/a	121.8	260.5	n/a	167.6	251.2	1.64	116.0
328.204	0.16	fixation	n/a	166.5	251.8	3125.0	n/a	n/a	n/a	n/a
328.366	0.026	saccade	n/a	170.4	253.2	n/a	224.9	246.0	1.95	140.0
328.394	0.54	fixation	n/a	224.8	245.2	3109.0	n/a	n/a	n/a	n/a
328.612	0.0	trigger_11	11	n/a	n/a	n/a	n/a	n/a	n/a	n/a
328.716	0.0	trigger_20	20	n/a	n/a	n/a	n/a	n/a	n/a	n/a
328.936	0.032	saccade	n/a	225.5	245.1	n/a	129.6	188.2	3.97	235.0
328.97	0.246	fixation	n/a	134.0	189.7	3254.0	n/a	n/a	n/a	n/a
