onset	duration	trial_type	value	gaze_x	gaze_y	pupil_size	sacc_endx	sacc_endy	sacc_amplitude	sacc_peakvel
0.067	0.154	fixation	n/a	182.3	369.6	3351.0	n/a	n/a	n/a	n/a
0.112	0.0	trigger_94	94	n/a	n/a	n/a	n/a	n/a	n/a	n/a
0.223	0.038	saccade	n/a	185.0	368.8	n/a	191.6	238.5	5.07	203.0
0.263	0.266	fixation	n/a	197.1	226.9	3393.0	n/a	n/a	n/a	n/a
0.531	0.198	saccade	n/a	203.2	224.1	n/a	239.2	196.4	1.75	1460.0
0.567	0.108	blink	n/a	n/a	n/a	n/a	n/a	n/a	n/a	n/a
0.731	1.148	fixation	n/a	245.6	207.3	3415.0	n/a	n/a	n/a	n/a
1.881	0.014	saccade	n/a	244.0	207.7	n/a	232.4	198.8	0.57	47.0
1.897	0.382	fixation	n/a	235.7	196.2	3734.0	n/a	n/a	n/a	n/a
2.122	0.0	trigger_10	10	n/a	n/a	n/a	n/a	n/a	n/a	n/a
2.281	0.026	saccade	n/a	233.0	198.3	n/a	181.3	191.4	1.98	92.0
2.309	0.146	fixation	n/a	163.6	192.3	3785.0	n/a	n/a	n/a	n/a
2.457	0.018	saccade	n/a	158.6	191.5	n/a	130.9	188.6	1.04	77.0
2.477	0.146	fixation	n/a	131.1	189.3	3796.0	n/a	n/a	n/a	n/a
2.625	0.114	saccade	n/a	131.0	190.5	n/a	119.5	178.7	0.63	1180.0
2.667	0.024	blink	n/a	n/a	n/a	n/a	n/a	n/a	n/a	n/a
2.741	0.26	fixation	n/a	121.7	186.0	3802.0	n/a	n/a	n/a	n/a
3.003	0.028	saccade	n/a	124.0	183.9	n/a	199.5	175.8	2.85	150.0
3.033	0.294	fixation	n/a	206.0	176.7	3890.0	n/a	n/a	n/a	n/a
3.329	0.022	saccade	n/a	210.7	177.8	n/a	249.7	175.4	1.49	98.0
3.353	0.24	fixation	n/a	252.5	176.7	3852.0	n/a	n/a	n/a	n/a
3.595	0.026	saccade	n/a	255.1	175.4	n/a	329.8	167.8	2.88	147.0
3.623	0.256	fixation	n/a	342.0	169.8	3690.0	n/a	n/a	n/a	n/a
3.881	0.022	saccade	n/a	345.9	171.2	n/a	390.0	169.9	1.71	111.0
3.905	0.13	fixation	n/a	395.9	171.0	3660.0	n/a	n/a	n/a	n/a
4.037	0.028	saccade	n/a	397.6	171.0	n/a	322.6	169.9	2.9	164.0
4.067	0.198	fixation	n/a	320.8	169.6	3654.0	n/a	n/a	n/a	n/a
4.267	0.046	saccade	n/a	322.8	172.1	n/a	491.8	162.4	6.55	228.0
4.315	0.416	fixation	n/a	497.1	162.7	3674.0	n/a	n/a	n/a	n/a
4.733	0.106	saccade	n/a	497.1	170.9	n/a	493.0	157.8	0.54	2130.0
4.761	0.036	blink	n/a	n/a	n/a	n/a	n/a	n/a	n/a	n/a
4.841	0.162	fixation	n/a	492.7	164.3	3531.0	n/a	n/a	n/a	n/a
5.005	0.022	saccade	n/a	495.3	166.2	n/a	535.1	167.4	1.54	102.0
5.029	0.478	fixation	n/a	537.9	162.6	3653.0	n/a	n/a	n/a	n/a
5.509	0.066	saccade	n/a	534.2	163.8	n/a	163.3	223.9	14.24	350.0
5.577	0.13	fixation	n/a	157.2	229.7	3773.0	n/a	n/a	n/a	n/a
5.709	0.022	saccade	n/a	154.6	231.2	n/a	117.7	237.8	1.39	93.0
5.733	0.284	fixation	n/a	119.9	239.9	3775.0	n/a	n/a	n/a	n/a
6.019	0.034	saccade	n/a	121.9	238.5	n/a	234.1	232.4	4.22	184.0
6.055	0.2	fixation	n/a	240.2	233.8	3694.0	n/a	n/a	n/a	n/a
6.257	0.028	saccade	n/a	242.9	234.7	n/a	323.3	231.8	3.08	150.0
6.287	0.308	fixation	n/a	328.6	233.0	3645.0	n/a	n/a	n/a	n/a
6.597	0.028	saccade	n/a	330.9	231.6	n/a	406.6	226.9	2.91	152.0
6.627	0.43	fixation	n/a	414.1	232.5	3519.0	n/a	n/a	n/a	n/a
7.059	0.026	saccade	n/a	418.5	235.1	n/a	481.4	229.6	2.44	124.0
7.087	0.458	fixation	n/a	484.3	231.3	3466.0	n/a	n/a	n/a	n/a
7.547	0.026	saccade	n/a	483.1	233.0	n/a	550.4	228.9	2.59	134.0
7.575	0.284	fixation	n/a	559.0	233.9	3572.0	n/a	n/a	n/a	n/a
7.861	0.026	saccade	n/a	562.9	234.4	n/a	624.8	227.3	2.38	126.0
7.889	0.132	fixation	n/a	631.0	227.9	3595.0	n/a	n/a	n/a	n/a
8.023	0.142	saccade	n/a	621.4	236.4	n/a	172.0	302.3	17.15	1068.0
8.047	0.078	blink	n/a	n/a	n/a	n/a	n/a	n/a	n/a	n/a
8.167	0.116	fixation	n/a	172.8	305.1	3559.0	n/a	n/a	n/a	n/a
8.285	0.022	saccade	n/a	171.2	305.7	n/a	120.3	308.3	1.89	120.0
8.309	0.318	fixation	n/a	117.1	306.9	3543.0	n/a	n/a	n/a	n/a
8.629	0.026	saccade	n/a	121.8	306.6	n/a	197.1	301.0	2.81	147.0
8.657	0.366	fixation	n/a	208.5	301.1	3459.0	n/a	n/a	n/a	n/a
9.025	0.022	saccade	n/a	213.4	302.0	n/a	250.8	300.8	1.42	95.0
9.049	0.168	fixation	n/a	253.2	299.6	3483.0	n/a	n/a	n/a	n/a
9.219	0.024	saccade	n/a	257.8	302.0	n/a	310.3	298.9	2.01	119.0
9.245	0.418	fixation	n/a	315.5	296.3	3441.0	n/a	n/a	n/a	n/a
9.665	0.024	saccade	n/a	320.6	296.5	n/a	371.5	293.6	1.96	111.0
9.691	0.236	fixation	n/a	378.1	293.5	3381.0	n/a	n/a	n/a	n/a
9.929	0.014	saccade	n/a	375.3	294.1	n/a	358.3	296.0	0.66	55.0
9.945	0.126	fixation	n/a	357.6	296.8	3411.0	n/a	n/a	n/a	n/a
10.073	0.026	saccade	n/a	360.0	297.5	n/a	428.9	295.9	2.66	132.0
10.101	0.172	fixation	n/a	434.8	295.4	3419.0	n/a	n/a	n/a	n/a
10.275	0.026	saccade	n/a	438.5	293.8	n/a	503.2	292.2	2.49	126.0
10.303	0.374	fixation	n/a	509.9	294.6	3504.0	n/a	n/a	n/a	n/a
10.679	0.018	saccade	n/a	512.7	295.8	n/a	541.8	296.4	1.12	80.0
10.699	0.136	fixation	n/a	543.4	297.4	3550.0	n/a	n/a	n/a	n/a
10.837	0.024	saccade	n/a	546.2	297.2	n/a	599.1	291.8	2.03	112.0
10.863	0.354	fixation	n/a	606.5	294.7	3507.0	n/a	n/a	n/a	n/a
11.219	0.096	saccade	n/a	593.4	304.5	n/a	580.8	308.3	0.5	1777.0
11.243	0.034	blink	n/a	n/a	n/a	n/a	n/a	n/a	n/a	n/a
11.317	0.048	fixation	n/a	578.9	313.6	3366.0	n/a	n/a	n/a	n/a
11.367	0.06	saccade	n/a	578.6	312.7	n/a	216.2	375.2	13.94	379.0
11.429	0.114	fixation	n/a	210.0	379.0	3523.0	n/a	n/a	n/a	n/a
11.545	0.026	saccade	n/a	208.2	379.6	n/a	141.2	378.6	2.49	140.0
11.573	0.288	fixation	n/a	136.5	379.9	3552.0	n/a	n/a	n/a	n/a
11.863	0.04	saccade	n/a	139.6	382.1	n/a	272.8	363.6	5.04	197.0
11.905	0.378	fixation	n/a	278.1	364.1	3420.0	n/a	n/a	n/a	n/a
12.285	0.018	saccade	n/a	281.2	361.9	n/a	302.6	354.5	0.86	62.0
12.305	0.146	fixation	n/a	305.3	354.4	3324.0	n/a	n/a	n/a	n/a
12.453	0.02	saccade	n/a	305.7	354.0	n/a	298.9	330.3	0.95	63.0
12.475	0.26	fixation	n/a	298.8	327.4	3328.0	n/a	n/a	n/a	n/a
12.737	0.044	saccade	n/a	299.3	329.4	n/a	120.3	369.7	6.88	260.0
12.783	0.17	fixation	n/a	114.6	372.6	3453.0	n/a	n/a	n/a	n/a
12.955	0.156	saccade	n/a	112.4	373.9	n/a	190.2	328.9	3.35	926.0
12.993	0.076	blink	n/a	n/a	n/a	n/a	n/a	n/a	n/a	n/a
13.113	0.202	fixation	n/a	196.2	337.2	3464.0	n/a	n/a	n/a	n/a
13.317	0.03	saccade	n/a	198.1	338.3	n/a	295.8	354.6	3.74	180.0
13.349	0.62	fixation	n/a	302.8	358.0	3604.0	n/a	n/a	n/a	n/a
13.708	0.0	trigger_11	11	n/a	n/a	n/a	n/a	n/a	n/a	n/a
13.814	0.0	trigger_10	10	n/a	n/a	n/a	n/a	n/a	n/a	n/a
13.971	0.052	saccade	n/a	302.8	357.2	n/a	156.5	181.5	8.73	313.0
14.025	0.312	fixation	n/a	160.3	180.7	3602.0	n/a	n/a	n/a	n/a
14.339	0.026	saccade	n/a	164.2	180.9	n/a	230.5	176.0	2.5	138.0
14.367	0.302	fixation	n/a	244.8	178.8	3662.0	n/a	n/a	n/a	n/a
14.671	0.028	saccade	n/a	247.9	179.6	n/a	320.3	176.7	2.77	128.0
14.701	0.27	fixation	n/a	329.2	177.2	3751.0	n/a	n/a	n/a	n/a
14.973	0.028	saccade	n/a	330.7	178.0	n/a	407.4	171.8	2.95	146.0
15.003	0.19	fixation	n/a	418.4	174.7	3772.0	n/a	n/a	n/a	n/a
15.195	0.026	saccade	n/a	418.6	179.9	n/a	350.7	176.4	2.62	148.0
15.223	0.23	fixation	n/a	347.0	175.3	3764.0	n/a	n/a	n/a	n/a
15.455	0.034	saccade	n/a	349.7	176.1	n/a	454.8	175.4	4.05	177.0
15.491	0.196	fixation	n/a	459.5	177.6	3740.0	n/a	n/a	n/a	n/a
15.689	0.026	saccade	n/a	461.0	176.8	n/a	527.0	169.9	2.55	130.0
15.717	0.068	fixation	n/a	531.1	171.4	3754.0	n/a	n/a	n/a	n/a
15.787	0.17	saccade	n/a	531.2	171.9	n/a	113.8	233.6	15.87	1431.0
15.833	0.074	blink	n/a	n/a	n/a	n/a	n/a	n/a	n/a	n/a
15.959	0.312	fixation	n/a	113.3	235.4	3732.0	n/a	n/a	n/a	n/a
16.273	0.026	saccade	n/a	112.1	236.4	n/a	147.3	184.9	2.36	127.0
16.301	0.284	fixation	n/a	158.1	180.9	3653.0	n/a	n/a	n/a	n/a
16.587	0.024	saccade	n/a	163.4	183.8	n/a	226.3	180.6	2.37	139.0
16.604	0.0	trigger_11	11	n/a	n/a	n/a	n/a	n/a	n/a	n/a
16.613	0.282	fixation	n/a	234.3	178.7	3620.0	n/a	n/a	n/a	n/a
16.708	0.0	trigger_12	12	n/a	n/a	n/a	n/a	n/a	n/a	n/a
16.897	0.03	saccade	n/a	235.9	177.5	n/a	144.9	187.9	3.43	187.0
16.929	0.646	fixation	n/a	146.8	186.3	3760.0	n/a	n/a	n/a	n/a
17.577	0.026	saccade	n/a	163.0	183.8	n/a	236.1	180.4	2.75	142.0
17.605	0.24	fixation	n/a	251.1	186.0	3769.0	n/a	n/a	n/a	n/a
17.847	0.022	saccade	n/a	249.7	186.5	n/a	209.2	183.8	1.53	97.0
17.871	0.152	fixation	n/a	209.0	187.3	3710.0	n/a	n/a	n/a	n/a
18.025	0.028	saccade	n/a	211.8	189.7	n/a	297.9	184.6	3.27	160.0
18.055	0.232	fixation	n/a	309.3	182.6	3598.0	n/a	n/a	n/a	n/a
18.289	0.028	saccade	n/a	313.4	180.6	n/a	397.4	176.8	3.22	163.0
18.319	0.254	fixation	n/a	405.1	177.8	3559.0	n/a	n/a	n/a	n/a
18.575	0.02	saccade	n/a	409.4	176.8	n/a	443.6	177.3	1.32	89.0
18.597	0.208	fixation	n/a	446.0	177.4	3532.0	n/a	n/a	n/a	n/a
18.807	0.026	saccade	n/a	449.8	180.0	n/a	517.4	175.1	2.61	139.0
18.835	0.128	fixation	n/a	520.0	175.9	3528.0	n/a	n/a	n/a	n/a
18.965	0.13	saccade	n/a	520.4	178.1	n/a	132.4	251.5	14.91	1953.0
19.097	0.502	fixation	n/a	132.5	244.0	3596.0	n/a	n/a	n/a	n/a
19.601	0.026	saccade	n/a	124.2	243.1	n/a	195.2	238.3	2.65	146.0
19.629	0.18	fixation	n/a	207.2	239.9	3412.0	n/a	n/a	n/a	n/a
19.811	0.024	saccade	n/a	210.7	240.2	n/a	266.0	238.2	2.09	122.0
19.837	0.3	fixation	n/a	275.4	239.0	3413.0	n/a	n/a	n/a	n/a
20.139	0.028	saccade	n/a	278.5	239.4	n/a	362.2	235.8	3.2	155.0
20.169	0.156	fixation	n/a	374.6	235.0	3369.0	n/a	n/a	n/a	n/a
20.327	0.034	saccade	n/a	377.1	235.0	n/a	481.6	234.3	4.02	158.0
20.363	0.16	fixation	n/a	485.6	235.1	3287.0	n/a	n/a	n/a	n/a
20.525	0.024	saccade	n/a	485.5	235.1	n/a	436.9	235.4	1.87	120.0
20.551	0.208	fixation	n/a	433.9	237.4	3318.0	n/a	n/a	n/a	n/a
20.761	0.032	saccade	n/a	436.3	238.5	n/a	545.0	232.6	4.18	172.0
20.795	0.322	fixation	n/a	555.3	235.0	3219.0	n/a	n/a	n/a	n/a
21.119	0.014	saccade	n/a	562.2	235.7	n/a	577.6	236.0	0.59	51.0
21.135	0.112	fixation	n/a	577.0	236.2	3188.0	n/a	n/a	n/a	n/a
21.249	0.024	saccade	n/a	578.8	237.7	n/a	631.8	235.0	2.03	113.0
21.275	0.086	fixation	n/a	634.2	234.2	3187.0	n/a	n/a	n/a	n/a
21.363	0.118	saccade	n/a	631.7	238.9	n/a	134.2	294.6	18.72	2992.0
21.391	0.042	blink	n/a	n/a	n/a	n/a	n/a	n/a	n/a	n/a
21.483	0.314	fixation	n/a	134.6	297.1	3254.0	n/a	n/a	n/a	n/a
21.799	0.034	saccade	n/a	138.1	299.3	n/a	240.9	295.9	3.85	150.0
21.835	0.2	fixation	n/a	251.1	296.2	3292.0	n/a	n/a	n/a	n/a
22.037	0.026	saccade	n/a	254.4	295.8	n/a	316.5	293.4	2.36	128.0
22.065	0.218	fixation	n/a	323.1	295.4	3288.0	n/a	n/a	n/a	n/a
22.285	0.028	saccade	n/a	324.8	298.0	n/a	407.1	296.2	3.16	158.0
22.315	0.33	fixation	n/a	414.7	299.0	3318.0	n/a	n/a	n/a	n/a
22.647	0.026	saccade	n/a	417.3	300.0	n/a	480.0	297.1	2.41	134.0
22.675	0.2	fixation	n/a	485.6	294.8	3279.0	n/a	n/a	n/a	n/a
22.877	0.058	saccade	n/a	487.1	294.2	n/a	150.5	363.7	12.98	356.0
22.937	0.214	fixation	n/a	146.4	367.8	3256.0	n/a	n/a	n/a	n/a
23.153	0.018	saccade	n/a	145.2	369.9	n/a	122.8	374.1	0.84	61.0
23.173	0.13	fixation	n/a	122.0	374.0	3257.0	n/a	n/a	n/a	n/a
23.305	0.044	saccade	n/a	123.7	373.8	n/a	290.2	361.0	6.24	218.0
23.351	0.296	fixation	n/a	298.2	362.8	3262.0	n/a	n/a	n/a	n/a
23.649	0.016	saccade	n/a	298.5	364.8	n/a	278.2	365.8	0.77	58.0
23.667	0.132	fixation	n/a	276.3	366.0	3299.0	n/a	n/a	n/a	n/a
23.801	0.04	saccade	n/a	278.1	366.6	n/a	407.8	354.9	4.96	177.0
23.843	0.16	fixation	n/a	411.2	356.2	3298.0	n/a	n/a	n/a	n/a
24.005	0.028	saccade	n/a	414.6	357.0	n/a	493.2	358.6	3.02	144.0
24.035	0.25	fixation	n/a	500.0	359.7	3337.0	n/a	n/a	n/a	n/a
24.287	0.104	saccade	n/a	499.1	360.6	n/a	124.1	245.7	14.78	879.0
24.393	0.228	fixation	n/a	142.0	250.9	3304.0	n/a	n/a	n/a	n/a
24.623	0.024	saccade	n/a	144.3	249.7	n/a	197.1	242.0	1.99	124.0
24.649	0.404	fixation	n/a	206.5	242.8	3444.0	n/a	n/a	n/a	n/a
24.814	0.0	trigger_13	13	n/a	n/a	n/a	n/a	n/a	n/a	n/a
25.055	0.032	saccade	n/a	207.3	245.5	n/a	113.3	234.4	3.53	185.0
25.089	0.228	fixation	n/a	111.0	234.9	3567.0	n/a	n/a	n/a	n/a
25.319	0.034	saccade	n/a	110.8	237.4	n/a	143.7	325.9	3.59	179.0
25.355	0.17	fixation	n/a	145.4	332.3	3666.0	n/a	n/a	n/a	n/a
25.527	0.03	saccade	n/a	145.5	335.8	n/a	132.7	227.6	4.17	214.0
25.559	0.382	fixation	n/a	140.2	210.3	3839.0	n/a	n/a	n/a	n/a
25.943	0.028	saccade	n/a	144.9	208.2	n/a	149.3	291.3	3.19	156.0
25.973	0.166	fixation	n/a	149.3	297.5	4086.0	n/a	n/a	n/a	n/a
26.141	0.016	saccade	n/a	146.5	299.1	n/a	129.6	309.2	0.74	57.0
26.159	0.144	fixation	n/a	130.9	309.7	4193.0	n/a	n/a	n/a	n/a
26.305	0.028	saccade	n/a	129.8	311.8	n/a	143.2	369.9	2.26	153.0
26.335	0.23	fixation	n/a	143.1	373.7	4287.0	n/a	n/a	n/a	n/a
26.567	0.022	saccade	n/a	146.4	375.6	n/a	144.7	325.7	1.9	126.0
26.591	0.226	fixation	n/a	150.6	321.6	4278.0	n/a	n/a	n/a	n/a
26.819	0.018	saccade	n/a	154.4	319.0	n/a	178.8	311.6	0.95	69.0
26.839	0.298	fixation	n/a	179.8	310.7	4272.0	n/a	n/a	n/a	n/a
27.139	0.024	saccade	n/a	177.2	309.3	n/a	125.4	302.1	1.94	128.0
27.165	0.166	fixation	n/a	127.0	305.7	4200.0	n/a	n/a	n/a	n/a
27.333	0.128	saccade	n/a	128.4	308.2	n/a	169.1	294.7	1.6	1224.0
27.359	0.062	blink	n/a	n/a	n/a	n/a	n/a	n/a	n/a	n/a
27.463	0.154	fixation	n/a	174.2	303.2	4006.0	n/a	n/a	n/a	n/a
27.619	0.026	saccade	n/a	176.5	306.3	n/a	177.4	360.8	2.09	138.0
27.647	0.176	fixation	n/a	179.2	361.3	4179.0	n/a	n/a	n/a	n/a
27.825	0.02	saccade	n/a	179.6	362.4	n/a	149.3	370.7	1.17	85.0
27.847	0.142	fixation	n/a	150.1	370.3	4287.0	n/a	n/a	n/a	n/a
27.991	0.026	saccade	n/a	152.4	371.7	n/a	221.7	368.4	2.59	148.0
28.019	0.154	fixation	n/a	225.5	367.9	4277.0	n/a	n/a	n/a	n/a
28.175	0.032	saccade	n/a	222.2	365.3	n/a	121.7	365.4	3.73	190.0
28.209	0.512	fixation	n/a	121.2	367.5	4205.0	n/a	n/a	n/a	n/a
28.51	0.0	trigger_15	15	n/a	n/a	n/a	n/a	n/a	n/a	n/a
28.564	0.0	trigger_10	10	n/a	n/a	n/a	n/a	n/a	n/a	n/a
28.723	0.152	saccade	n/a	122.1	365.6	n/a	203.7	153.5	8.66	1634.0
28.787	0.05	blink	n/a	n/a	n/a	n/a	n/a	n/a	n/a	n/a
28.877	0.15	fixation	n/a	203.8	157.0	4045.0	n/a	n/a	n/a	n/a
29.029	0.028	saccade	n/a	199.6	156.7	n/a	130.3	172.3	2.65	158.0
29.059	0.302	fixation	n/a	124.8	174.0	4036.0	n/a	n/a	n/a	n/a
29.363	0.158	saccade	n/a	124.6	171.1	n/a	118.2	170.7	0.24	1572.0
29.407	0.072	blink	n/a	n/a	n/a	n/a	n/a	n/a	n/a	n/a
29.523	0.568	fixation	n/a	119.8	179.5	4066.0	n/a	n/a	n/a	n/a
30.093	0.022	saccade	n/a	119.3	182.1	n/a	160.9	180.5	1.54	102.0
30.117	0.268	fixation	n/a	162.2	180.7	3964.0	n/a	n/a	n/a	n/a
30.387	0.018	saccade	n/a	169.0	182.7	n/a	198.0	181.1	1.08	81.0
30.407	0.732	fixation	n/a	197.6	183.9	3921.0	n/a	n/a	n/a	n/a
31.141	0.018	saccade	n/a	197.8	187.2	n/a	221.3	183.7	0.9	68.0
31.161	0.222	fixation	n/a	221.7	183.8	4098.0	n/a	n/a	n/a	n/a
31.385	0.016	saccade	n/a	219.8	184.0	n/a	198.4	186.8	0.81	63.0
31.403	0.132	fixation	n/a	197.4	185.6	4145.0	n/a	n/a	n/a	n/a
31.537	0.032	saccade	n/a	199.3	185.4	n/a	282.9	171.5	3.21	161.0
31.571	0.144	fixation	n/a	286.0	172.6	4092.0	n/a	n/a	n/a	n/a
31.717	0.018	saccade	n/a	284.8	174.4	n/a	260.9	178.9	0.93	70.0
31.737	0.338	fixation	n/a	263.5	182.6	4123.0	n/a	n/a	n/a	n/a
32.077	0.026	saccade	n/a	268.9	182.3	n/a	338.6	173.1	2.67	144.0
32.105	0.276	fixation	n/a	346.1	171.6	3956.0	n/a	n/a	n/a	n/a
32.383	0.02	saccade	n/a	347.4	173.8	n/a	378.1	174.7	1.18	87.0
32.405	0.156	fixation	n/a	378.5	176.7	3851.0	n/a	n/a	n/a	n/a
32.563	0.096	saccade	n/a	376.8	185.1	n/a	437.2	181.0	2.34	1497.0
32.595	0.022	blink	n/a	n/a	n/a	n/a	n/a	n/a	n/a	n/a
32.661	0.316	fixation	n/a	438.4	177.2	3823.0	n/a	n/a	n/a	n/a
32.979	0.024	saccade	n/a	441.7	173.1	n/a	495.4	177.5	2.09	119.0
33.005	0.154	fixation	n/a	500.4	176.6	3821.0	n/a	n/a	n/a	n/a
33.161	0.02	saccade	n/a	502.4	176.2	n/a	534.1	174.0	1.23	82.0
33.183	0.232	fixation	n/a	537.4	174.2	3762.0	n/a	n/a	n/a	n/a
33.417	0.134	saccade	n/a	536.3	179.9	n/a	566.2	164.2	1.3	2478.0
33.441	0.054	blink	n/a	n/a	n/a	n/a	n/a	n/a	n/a	n/a
33.553	0.182	fixation	n/a	563.7	168.8	3599.0	n/a	n/a	n/a	n/a
33.737	0.06	saccade	n/a	563.4	167.9	n/a	158.1	230.4	15.43	402.0
33.799	0.162	fixation	n/a	151.8	233.1	3788.0	n/a	n/a	n/a	n/a
33.963	0.014	saccade	n/a	148.6	232.7	n/a	132.2	235.0	0.61	53.0
33.979	0.148	fixation	n/a	132.0	234.5	3767.0	n/a	n/a	n/a	n/a
34.129	0.046	saccade	n/a	133.5	234.9	n/a	299.5	224.1	6.16	191.0
34.177	0.224	fixation	n/a	307.1	228.6	3721.0	n/a	n/a	n/a	n/a
34.403	0.022	saccade	n/a	311.2	230.3	n/a	357.9	224.7	1.78	115.0
34.427	0.506	fixation	n/a	374.3	227.2	3742.0	n/a	n/a	n/a	n/a
34.935	0.028	saccade	n/a	373.7	229.9	n/a	438.5	228.5	2.46	114.0
34.965	0.514	fixation	n/a	444.5	231.2	3811.0	n/a	n/a	n/a	n/a
35.222	0.0	trigger_11	11	n/a	n/a	n/a	n/a	n/a	n/a	n/a
35.328	0.0	trigger_10	10	n/a	n/a	n/a	n/a	n/a	n/a	n/a
35.481	0.05	saccade	n/a	445.7	231.4	n/a	181.8	186.0	10.13	334.0
35.533	0.126	fixation	n/a	176.7	187.6	4002.0	n/a	n/a	n/a	n/a
35.661	0.112	saccade	n/a	173.6	191.7	n/a	112.6	169.1	2.41	775.0
35.775	0.288	fixation	n/a	113.3	175.1	3914.0	n/a	n/a	n/a	n/a
36.065	0.034	saccade	n/a	116.6	178.9	n/a	219.5	175.9	3.81	182.0
36.101	0.19	fixation	n/a	226.8	178.3	3951.0	n/a	n/a	n/a	n/a
36.293	0.018	saccade	n/a	227.0	181.2	n/a	202.6	181.7	0.91	70.0
36.313	0.468	fixation	n/a	203.5	183.4	3879.0	n/a	n/a	n/a	n/a
36.783	0.028	saccade	n/a	203.0	184.4	n/a	286.0	178.0	3.14	169.0
36.813	0.558	fixation	n/a	295.2	180.3	3939.0	n/a	n/a	n/a	n/a
37.373	0.034	saccade	n/a	298.9	182.7	n/a	404.7	180.5	4.02	182.0
37.409	0.098	fixation	n/a	411.0	184.1	3945.0	n/a	n/a	n/a	n/a
37.509	0.132	saccade	n/a	410.9	189.4	n/a	441.4	176.8	1.26	1559.0
37.535	0.064	blink	n/a	n/a	n/a	n/a	n/a	n/a	n/a	n/a
37.643	0.178	fixation	n/a	440.7	183.5	3837.0	n/a	n/a	n/a	n/a
37.823	0.026	saccade	n/a	443.0	180.0	n/a	512.2	177.2	2.64	134.0
37.851	0.25	fixation	n/a	516.9	178.3	3912.0	n/a	n/a	n/a	n/a
38.103	0.018	saccade	n/a	516.0	181.2	n/a	493.0	181.9	0.88	66.0
38.123	0.108	fixation	n/a	492.8	182.0	3867.0	n/a	n/a	n/a	n/a
38.233	0.026	saccade	n/a	491.0	183.1	n/a	427.1	178.2	2.46	153.0
38.261	0.276	fixation	n/a	422.9	175.2	3849.0	n/a	n/a	n/a	n/a
38.539	0.038	saccade	n/a	425.1	176.4	n/a	555.9	173.1	4.99	204.0
38.579	0.164	fixation	n/a	560.4	173.0	3840.0	n/a	n/a	n/a	n/a
38.745	0.018	saccade	n/a	563.9	169.2	n/a	588.8	169.5	0.95	74.0
38.765	0.102	fixation	n/a	587.2	171.3	3948.0	n/a	n/a	n/a	n/a
38.869	0.066	saccade	n/a	588.3	172.7	n/a	155.4	233.6	16.38	406.0
38.937	0.134	fixation	n/a	148.8	236.9	4100.0	n/a	n/a	n/a	n/a
39.073	0.018	saccade	n/a	147.2	240.3	n/a	120.8	248.5	1.02	77.0
39.093	0.168	fixation	n/a	120.7	249.3	4096.0	n/a	n/a	n/a	n/a
39.263	0.026	saccade	n/a	123.9	250.7	n/a	199.4	244.6	2.81	151.0
39.291	0.182	fixation	n/a	210.9	244.5	3990.0	n/a	n/a	n/a	n/a
39.475	0.11	saccade	n/a	213.5	247.8	n/a	275.7	234.4	2.39	1957.0
39.501	0.046	blink	n/a	n/a	n/a	n/a	n/a	n/a	n/a	n/a
39.587	0.236	fixation	n/a	278.1	241.8	3716.0	n/a	n/a	n/a	n/a
39.825	0.046	saccade	n/a	281.6	242.1	n/a	429.0	236.6	5.62	183.0
39.873	0.2	fixation	n/a	430.2	237.9	3739.0	n/a	n/a	n/a	n/a
40.075	0.022	saccade	n/a	428.6	240.5	n/a	382.2	240.8	1.78	116.0
40.099	0.364	fixation	n/a	379.2	238.8	3626.0	n/a	n/a	n/a	n/a
40.465	0.028	saccade	n/a	382.9	236.2	n/a	462.6	235.4	3.05	149.0
40.495	0.228	fixation	n/a	470.9	234.7	3577.0	n/a	n/a	n/a	n/a
40.725	0.02	saccade	n/a	470.5	234.9	n/a	440.1	236.1	1.17	84.0
40.747	0.166	fixation	n/a	439.3	237.8	3703.0	n/a	n/a	n/a	n/a
40.915	0.024	saccade	n/a	440.5	239.4	n/a	497.8	236.3	2.2	128.0
40.941	0.15	fixation	n/a	500.8	236.0	3803.0	n/a	n/a	n/a	n/a
41.093	0.024	saccade	n/a	502.8	234.4	n/a	556.2	232.6	2.04	122.0
41.119	0.126	fixation	n/a	557.8	232.2	3884.0	n/a	n/a	n/a	n/a
41.247	0.062	saccade	n/a	558.5	234.0	n/a	165.4	292.4	14.92	387.0
41.311	0.132	fixation	n/a	158.9	297.1	3958.0	n/a	n/a	n/a	n/a
41.445	0.02	saccade	n/a	158.0	302.1	n/a	122.4	306.5	1.32	97.0
41.467	0.142	fixation	n/a	123.8	306.2	3826.0	n/a	n/a	n/a	n/a
41.611	0.028	saccade	n/a	124.5	304.6	n/a	220.0	295.5	3.55	185.0
41.641	0.772	fixation	n/a	245.4	295.2	3565.0	n/a	n/a	n/a	n/a
42.15	0.0	trigger_11	11	n/a	n/a	n/a	n/a	n/a	n/a	n/a
42.254	0.0	trigger_10	10	n/a	n/a	n/a	n/a	n/a	n/a	n/a
42.415	0.028	saccade	n/a	259.2	293.4	n/a	216.2	220.3	3.23	168.0
42.445	0.02	fixation	n/a	196.2	213.1	3488.0	n/a	n/a	n/a	n/a
42.467	0.116	saccade	n/a	181.7	202.8	n/a	124.1	174.5	2.38	1392.0
42.499	0.038	blink	n/a	n/a	n/a	n/a	n/a	n/a	n/a	n/a
42.585	0.26	fixation	n/a	126.7	182.3	3452.0	n/a	n/a	n/a	n/a
42.847	0.026	saccade	n/a	129.1	184.9	n/a	197.5	181.0	2.54	147.0
42.875	0.152	fixation	n/a	206.5	181.0	3498.0	n/a	n/a	n/a	n/a
43.029	0.02	saccade	n/a	204.7	181.7	n/a	169.0	183.7	1.33	89.0
43.051	0.394	fixation	n/a	165.4	182.6	3369.0	n/a	n/a	n/a	n/a
43.447	0.02	saccade	n/a	164.3	181.8	n/a	129.0	180.9	1.3	83.0
43.469	0.178	fixation	n/a	127.5	182.9	3263.0	n/a	n/a	n/a	n/a
43.649	0.024	saccade	n/a	129.8	183.5	n/a	184.9	176.8	2.05	118.0
43.675	0.236	fixation	n/a	197.6	179.6	3226.0	n/a	n/a	n/a	n/a
43.913	0.03	saccade	n/a	201.2	180.6	n/a	278.4	177.4	2.91	152.0
43.945	0.176	fixation	n/a	282.7	177.8	3219.0	n/a	n/a	n/a	n/a
44.123	0.014	saccade	n/a	280.6	178.6	n/a	263.6	179.3	0.64	54.0
44.139	0.252	fixation	n/a	261.7	180.2	3215.0	n/a	n/a	n/a	n/a
44.393	0.026	saccade	n/a	262.2	179.0	n/a	325.5	174.4	2.4	131.0
44.421	0.244	fixation	n/a	333.5	174.6	3282.0	n/a	n/a	n/a	n/a
44.667	0.03	saccade	n/a	335.2	174.7	n/a	416.3	170.9	3.09	158.0
44.699	0.224	fixation	n/a	420.4	172.1	3400.0	n/a	n/a	n/a	n/a
44.925	0.028	saccade	n/a	422.6	173.5	n/a	499.9	173.7	2.95	150.0
44.955	0.252	fixation	n/a	504.2	175.5	3528.0	n/a	n/a	n/a	n/a
45.209	0.024	saccade	n/a	506.4	175.2	n/a	560.8	170.4	2.08	115.0
45.235	0.284	fixation	n/a	565.4	173.8	3477.0	n/a	n/a	n/a	n/a
45.521	0.022	saccade	n/a	567.1	174.0	n/a	609.0	171.8	1.59	98.0
45.545	0.074	fixation	n/a	607.8	173.4	3493.0	n/a	n/a	n/a	n/a
45.621	0.066	saccade	n/a	609.4	172.8	n/a	168.9	243.1	16.69	391.0
45.689	0.112	fixation	n/a	162.9	245.4	3665.0	n/a	n/a	n/a	n/a
45.803	0.024	saccade	n/a	161.0	247.7	n/a	110.0	251.7	1.88	122.0
45.829	0.24	fixation	n/a	112.7	252.6	3677.0	n/a	n/a	n/a	n/a
46.071	0.08	saccade	n/a	113.0	258.0	n/a	242.0	244.1	4.82	592.0
46.153	0.258	fixation	n/a	245.1	250.2	3577.0	n/a	n/a	n/a	n/a
46.413	0.134	saccade	n/a	243.3	247.7	n/a	237.8	229.6	0.72	1313.0
46.441	0.066	blink	n/a	n/a	n/a	n/a	n/a	n/a	n/a	n/a
46.549	0.424	fixation	n/a	236.7	239.4	3454.0	n/a	n/a	n/a	n/a
46.975	0.026	saccade	n/a	238.5	240.5	n/a	314.2	236.0	2.86	151.0
47.003	0.248	fixation	n/a	325.3	235.4	3482.0	n/a	n/a	n/a	n/a
47.253	0.022	saccade	n/a	328.9	236.2	n/a	373.5	236.6	1.69	106.0
47.277	0.25	fixation	n/a	380.0	235.9	3397.0	n/a	n/a	n/a	n/a
47.529	0.038	saccade	n/a	381.1	236.7	n/a	494.6	232.8	4.32	173.0
47.569	0.292	fixation	n/a	499.1	232.5	3298.0	n/a	n/a	n/a	n/a
47.863	0.024	saccade	n/a	501.3	231.7	n/a	553.9	232.5	2.0	114.0
47.889	0.118	fixation	n/a	561.9	234.4	3364.0	n/a	n/a	n/a	n/a
48.009	0.066	saccade	n/a	562.3	236.9	n/a	131.0	297.8	16.23	367.0
48.077	0.368	fixation	n/a	125.3	300.1	3513.0	n/a	n/a	n/a	n/a
48.447	0.028	saccade	n/a	126.1	303.8	n/a	211.7	296.4	3.17	165.0
48.477	0.26	fixation	n/a	221.8	298.9	3606.0	n/a	n/a	n/a	n/a
48.739	0.03	saccade	n/a	221.7	302.9	n/a	139.4	305.2	3.04	157.0
48.771	0.22	fixation	n/a	136.0	305.9	3561.0	n/a	n/a	n/a	n/a
48.993	0.03	saccade	n/a	137.7	306.0	n/a	231.1	300.1	3.47	165.0
49.025	0.242	fixation	n/a	245.6	300.2	3572.0	n/a	n/a	n/a	n/a
49.269	0.026	saccade	n/a	248.2	301.3	n/a	314.2	300.9	2.5	142.0
49.297	0.23	fixation	n/a	319.1	302.1	3618.0	n/a	n/a	n/a	n/a
49.529	0.032	saccade	n/a	319.5	301.3	n/a	408.7	298.6	3.41	170.0
49.563	0.21	fixation	n/a	414.3	299.7	3704.0	n/a	n/a	n/a	n/a
49.775	0.028	saccade	n/a	417.6	299.1	n/a	495.1	299.8	2.97	143.0
49.805	0.238	fixation	n/a	502.3	302.0	3657.0	n/a	n/a	n/a	n/a
50.045	0.026	saccade	n/a	505.7	300.8	n/a	577.6	292.1	2.76	135.0
50.073	0.102	fixation	n/a	581.2	294.0	3602.0	n/a	n/a	n/a	n/a
50.177	0.126	saccade	n/a	578.8	301.1	n/a	136.9	372.7	16.75	2389.0
50.205	0.06	blink	n/a	n/a	n/a	n/a	n/a	n/a	n/a	n/a
50.305	0.286	fixation	n/a	140.0	373.7	3612.0	n/a	n/a	n/a	n/a
50.593	0.028	saccade	n/a	142.8	374.1	n/a	234.9	366.6	3.44	171.0
50.623	0.264	fixation	n/a	249.1	365.7	3575.0	n/a	n/a	n/a	n/a
50.889	0.044	saccade	n/a	251.0	365.8	n/a	399.5	359.5	5.63	198.0
50.935	0.246	fixation	n/a	404.7	359.1	3409.0	n/a	n/a	n/a	n/a
51.183	0.018	saccade	n/a	409.9	359.7	n/a	436.8	361.5	1.03	77.0
51.203	0.198	fixation	n/a	438.8	360.1	3381.0	n/a	n/a	n/a	n/a
51.403	0.032	saccade	n/a	443.1	360.9	n/a	539.9	359.1	3.69	163.0
51.437	0.954	fixation	n/a	550.2	364.0	3487.0	n/a	n/a	n/a	n/a
52.393	0.014	saccade	n/a	559.2	367.9	n/a	575.7	368.5	0.63	53.0
52.409	0.336	fixation	n/a	575.1	368.2	3534.0	n/a	n/a	n/a	n/a
52.496	0.0	trigger_11	11	n/a	n/a	n/a	n/a	n/a	n/a	n/a
52.602	0.0	trigger_10	10	n/a	n/a	n/a	n/a	n/a	n/a	n/a
52.747	0.062	saccade	n/a	575.6	369.0	n/a	240.3	204.7	14.2	404.0
52.811	0.032	fixation	n/a	238.5	203.3	3710.0	n/a	n/a	n/a	n/a
52.845	0.028	saccade	n/a	239.0	203.1	n/a	171.4	166.8	2.9	172.0
52.875	0.078	fixation	n/a	163.3	167.3	3699.0	n/a	n/a	n/a	n/a
52.955	0.114	saccade	n/a	160.2	171.4	n/a	131.0	179.8	1.13	1244.0
52.985	0.04	blink	n/a	n/a	n/a	n/a	n/a	n/a	n/a	n/a
53.071	0.42	fixation	n/a	133.0	184.5	3583.0	n/a	n/a	n/a	n/a
53.493	0.026	saccade	n/a	131.6	186.4	n/a	210.9	181.5	2.96	160.0
53.521	0.284	fixation	n/a	224.2	182.0	3527.0	n/a	n/a	n/a	n/a
53.807	0.03	saccade	n/a	226.6	183.7	n/a	322.3	178.6	3.64	163.0
53.839	0.402	fixation	n/a	326.7	179.8	3547.0	n/a	n/a	n/a	n/a
54.243	0.026	saccade	n/a	317.2	179.4	n/a	251.9	177.4	2.47	136.0
54.271	0.126	fixation	n/a	245.9	179.7	3625.0	n/a	n/a	n/a	n/a
54.399	0.03	saccade	n/a	245.6	179.9	n/a	156.0	181.6	3.35	170.0
54.431	0.164	fixation	n/a	148.6	184.0	3632.0	n/a	n/a	n/a	n/a
54.597	0.018	saccade	n/a	145.8	187.4	n/a	114.6	185.6	1.15	84.0
54.617	0.222	fixation	n/a	114.9	188.2	3657.0	n/a	n/a	n/a	n/a
54.841	0.038	saccade	n/a	114.7	189.0	n/a	246.6	183.6	4.92	211.0
54.881	0.162	fixation	n/a	254.2	183.9	3773.0	n/a	n/a	n/a	n/a
55.045	0.028	saccade	n/a	255.7	183.3	n/a	343.5	179.6	3.34	172.0
55.075	0.166	fixation	n/a	353.7	177.8	3786.0	n/a	n/a	n/a	n/a
55.243	0.018	saccade	n/a	352.5	178.1	n/a	323.4	178.2	1.11	82.0
55.263	0.146	fixation	n/a	322.8	177.7	3795.0	n/a	n/a	n/a	n/a
55.411	0.032	saccade	n/a	324.0	177.4	n/a	431.2	166.4	4.11	176.0
55.445	0.186	fixation	n/a	440.1	166.4	3714.0	n/a	n/a	n/a	n/a
55.633	0.11	saccade	n/a	442.2	172.6	n/a	520.0	162.9	2.98	2583.0
55.659	0.034	blink	n/a	n/a	n/a	n/a	n/a	n/a	n/a	n/a
55.745	0.194	fixation	n/a	519.0	168.1	3638.0	n/a	n/a	n/a	n/a
55.941	0.018	saccade	n/a	517.2	169.1	n/a	491.8	171.0	0.97	74.0
55.961	0.552	fixation	n/a	486.6	174.3	3664.0	n/a	n/a	n/a	n/a
56.515	0.026	saccade	n/a	485.0	177.0	n/a	543.6	173.0	2.23	120.0
56.543	0.156	fixation	n/a	551.3	175.4	3586.0	n/a	n/a	n/a	n/a
56.701	0.022	saccade	n/a	554.8	179.2	n/a	603.9	178.1	1.86	115.0
56.725	0.106	fixation	n/a	605.4	177.4	3588.0	n/a	n/a	n/a	n/a
56.833	0.116	saccade	n/a	603.9	181.5	n/a	594.9	170.1	0.55	1712.0
56.855	0.058	blink	n/a	n/a	n/a	n/a	n/a	n/a	n/a	n/a
56.951	0.124	fixation	n/a	594.7	172.8	3512.0	n/a	n/a	n/a	n/a
57.077	0.066	saccade	n/a	594.3	171.0	n/a	131.9	248.4	17.44	417.0
57.145	0.244	fixation	n/a	127.8	254.2	3707.0	n/a	n/a	n/a	n/a
57.391	0.024	saccade	n/a	129.3	254.7	n/a	180.6	245.2	1.92	110.0
57.417	0.154	fixation	n/a	193.1	247.0	3645.0	n/a	n/a	n/a	n/a
57.573	0.03	saccade	n/a	194.6	247.9	n/a	295.4	241.4	3.79	176.0
57.605	0.28	fixation	n/a	309.1	241.4	3455.0	n/a	n/a	n/a	n/a
57.887	0.026	saccade	n/a	314.2	241.8	n/a	373.5	240.1	2.25	113.0
57.915	0.196	fixation	n/a	390.2	241.0	3318.0	n/a	n/a	n/a	n/a
58.113	0.034	saccade	n/a	393.4	241.0	n/a	492.5	236.8	3.78	161.0
58.149	0.202	fixation	n/a	498.9	236.7	3222.0	n/a	n/a	n/a	n/a
58.353	0.018	saccade	n/a	498.0	238.3	n/a	469.3	238.5	1.09	79.0
58.373	0.09	fixation	n/a	469.3	238.4	3258.0	n/a	n/a	n/a	n/a
58.465	0.034	saccade	n/a	471.8	238.7	n/a	577.6	236.2	4.02	174.0
58.501	0.504	fixation	n/a	581.0	237.0	3379.0	n/a	n/a	n/a	n/a
58.752	0.0	trigger_11	11	n/a	n/a	n/a	n/a	n/a	n/a	n/a
58.856	0.0	trigger_10	10	n/a	n/a	n/a	n/a	n/a	n/a	n/a
59.007	0.196	saccade	n/a	580.9	235.8	n/a	155.9	164.6	16.09	1281.0
59.113	0.044	blink	n/a	n/a	n/a	n/a	n/a	n/a	n/a	n/a
59.205	0.142	fixation	n/a	155.5	171.0	3505.0	n/a	n/a	n/a	n/a
59.349	0.018	saccade	n/a	151.3	173.7	n/a	124.0	180.0	1.03	79.0
59.369	0.286	fixation	n/a	124.0	179.9	3654.0	n/a	n/a	n/a	n/a
59.657	0.032	saccade	n/a	124.5	179.1	n/a	234.1	174.6	4.06	183.0
59.691	0.344	fixation	n/a	243.9	177.5	3658.0	n/a	n/a	n/a	n/a
60.037	0.028	saccade	n/a	248.1	182.2	n/a	316.0	181.1	2.57	151.0
60.067	0.476	fixation	n/a	324.5	180.6	3610.0	n/a	n/a	n/a	n/a
60.545	0.03	saccade	n/a	329.7	179.8	n/a	402.3	173.8	2.78	138.0
60.577	0.486	fixation	n/a	400.2	175.3	3518.0	n/a	n/a	n/a	n/a
61.065	0.028	saccade	n/a	398.2	178.8	n/a	473.3	176.9	2.87	149.0
61.095	0.13	fixation	n/a	479.6	177.9	3637.0	n/a	n/a	n/a	n/a
61.227	0.022	saccade	n/a	482.2	180.1	n/a	517.4	180.7	1.34	86.0
61.251	0.022	fixation	n/a	515.2	183.2	3656.0	n/a	n/a	n/a	n/a
61.275	0.168	saccade	n/a	515.6	186.2	n/a	125.4	241.8	14.74	1155.0
61.295	0.11	blink	n/a	n/a	n/a	n/a	n/a	n/a	n/a	n/a
61.445	0.838	fixation	n/a	125.5	246.0	3570.0	n/a	n/a	n/a	n/a
62.285	0.022	saccade	n/a	132.6	247.2	n/a	166.1	243.7	1.24	75.0
62.309	0.128	fixation	n/a	173.3	244.1	3481.0	n/a	n/a	n/a	n/a
62.439	0.026	saccade	n/a	176.0	243.1	n/a	251.3	241.3	2.81	157.0
62.467	0.264	fixation	n/a	263.4	243.6	3499.0	n/a	n/a	n/a	n/a
62.733	0.02	saccade	n/a	264.5	245.4	n/a	234.5	243.7	1.13	79.0
62.755	0.152	fixation	n/a	232.2	243.6	3488.0	n/a	n/a	n/a	n/a
62.909	0.048	saccade	n/a	232.1	242.7	n/a	419.1	239.5	7.07	238.0
62.959	0.164	fixation	n/a	424.9	239.5	3358.0	n/a	n/a	n/a	n/a
63.125	0.026	saccade	n/a	424.8	242.1	n/a	362.6	237.1	2.38	141.0
63.153	0.12	fixation	n/a	354.3	235.6	3342.0	n/a	n/a	n/a	n/a
63.275	0.032	saccade	n/a	350.5	236.4	n/a	241.5	237.8	4.11	197.0
63.309	0.2	fixation	n/a	236.8	239.0	3334.0	n/a	n/a	n/a	n/a
63.511	0.114	saccade	n/a	239.3	246.3	n/a	403.0	235.7	6.21	1004.0
63.541	0.05	blink	n/a	n/a	n/a	n/a	n/a	n/a	n/a	n/a
63.627	0.296	fixation	n/a	402.8	237.0	3357.0	n/a	n/a	n/a	n/a
63.925	0.026	saccade	n/a	404.2	234.9	n/a	463.1	236.8	2.25	116.0
63.953	0.322	fixation	n/a	470.6	236.9	3417.0	n/a	n/a	n/a	n/a
64.277	0.022	saccade	n/a	473.0	237.7	n/a	515.8	236.5	1.63	103.0
64.301	0.18	fixation	n/a	520.9	235.7	3394.0	n/a	n/a	n/a	n/a
64.483	0.03	saccade	n/a	524.2	237.2	n/a	613.4	231.6	3.38	144.0
64.515	0.256	fixation	n/a	622.1	231.0	3395.0	n/a	n/a	n/a	n/a
64.773	0.026	saccade	n/a	625.5	229.7	n/a	686.9	227.6	2.29	120.0
64.801	0.076	fixation	n/a	689.9	230.9	3437.0	n/a	n/a	n/a	n/a
64.879	0.066	saccade	n/a	691.1	233.6	n/a	248.2	173.7	16.72	410.0
64.947	0.292	fixation	n/a	243.5	174.7	3538.0	n/a	n/a	n/a	n/a
65.241	0.03	saccade	n/a	242.7	177.1	n/a	145.2	182.3	3.64	178.0
65.273	0.19	fixation	n/a	138.9	185.2	3610.0	n/a	n/a	n/a	n/a
65.465	0.048	saccade	n/a	139.8	188.2	n/a	354.4	178.0	8.03	254.0
65.515	0.464	fixation	n/a	367.3	177.4	3694.0	n/a	n/a	n/a	n/a
65.664	0.0	trigger_11	11	n/a	n/a	n/a	n/a	n/a	n/a	n/a
65.768	0.0	trigger_10	10	n/a	n/a	n/a	n/a	n/a	n/a	n/a
65.981	0.046	saccade	n/a	369.3	176.2	n/a	143.2	188.0	8.46	304.0
66.029	0.112	fixation	n/a	135.4	192.1	3776.0	n/a	n/a	n/a	n/a
66.143	0.12	saccade	n/a	134.2	197.1	n/a	161.7	176.4	1.28	1339.0
66.173	0.042	blink	n/a	n/a	n/a	n/a	n/a	n/a	n/a	n/a
66.265	0.318	fixation	n/a	163.2	185.4	3704.0	n/a	n/a	n/a	n/a
66.585	0.022	saccade	n/a	162.3	186.7	n/a	213.2	183.9	1.89	120.0
66.609	0.172	fixation	n/a	219.5	185.2	3705.0	n/a	n/a	n/a	n/a
66.783	0.03	saccade	n/a	223.2	187.3	n/a	320.0	177.6	3.66	160.0
66.815	0.222	fixation	n/a	330.8	177.4	3613.0	n/a	n/a	n/a	n/a
67.039	0.022	saccade	n/a	330.4	179.2	n/a	280.2	182.4	1.9	122.0
67.063	0.374	fixation	n/a	276.2	183.8	3569.0	n/a	n/a	n/a	n/a
67.439	0.034	saccade	n/a	279.3	184.3	n/a	380.7	178.5	3.85	148.0
67.475	0.272	fixation	n/a	389.3	176.8	3522.0	n/a	n/a	n/a	n/a
67.749	0.036	saccade	n/a	392.8	178.6	n/a	499.5	178.6	4.07	146.0
67.787	0.158	fixation	n/a	505.1	176.8	3507.0	n/a	n/a	n/a	n/a
67.947	0.022	saccade	n/a	508.4	173.3	n/a	552.2	173.9	1.66	104.0
67.971	0.084	fixation	n/a	555.3	175.9	3514.0	n/a	n/a	n/a	n/a
68.057	0.114	saccade	n/a	555.2	180.2	n/a	133.5	243.3	15.92	2230.0
68.095	0.034	blink	n/a	n/a	n/a	n/a	n/a	n/a	n/a	n/a
68.173	0.306	fixation	n/a	136.5	236.2	3515.0	n/a	n/a	n/a	n/a
68.481	0.024	saccade	n/a	137.5	233.6	n/a	171.0	193.8	1.95	112.0
68.507	0.314	fixation	n/a	187.9	185.1	3518.0	n/a	n/a	n/a	n/a
68.823	0.028	saccade	n/a	190.2	189.4	n/a	160.8	248.3	2.49	168.0
68.853	0.218	fixation	n/a	158.9	253.4	3550.0	n/a	n/a	n/a	n/a
69.073	0.024	saccade	n/a	163.3	255.2	n/a	214.8	246.2	1.94	131.0
69.099	0.53	fixation	n/a	222.2	250.8	3641.0	n/a	n/a	n/a	n/a
69.354	0.0	trigger_11	11	n/a	n/a	n/a	n/a	n/a	n/a	n/a
69.456	0.0	trigger_12	12	n/a	n/a	n/a	n/a	n/a	n/a	n/a
69.631	0.03	saccade	n/a	226.1	252.2	n/a	140.4	220.0	3.41	178.0
69.663	0.098	fixation	n/a	137.7	217.5	3748.0	n/a	n/a	n/a	n/a
69.763	0.1	saccade	n/a	138.4	219.8	n/a	148.8	181.0	1.52	944.0
69.865	0.24	fixation	n/a	150.4	185.5	3750.0	n/a	n/a	n/a	n/a
70.107	0.014	saccade	n/a	148.5	186.0	n/a	133.7	188.2	0.55	47.0
70.123	0.38	fixation	n/a	133.8	187.1	3759.0	n/a	n/a	n/a	n/a
70.505	0.036	saccade	n/a	133.5	186.0	n/a	271.7	180.2	5.14	207.0
70.543	0.292	fixation	n/a	281.9	181.7	3693.0	n/a	n/a	n/a	n/a
70.837	0.026	saccade	n/a	284.6	181.0	n/a	352.4	174.9	2.58	146.0
70.865	0.204	fixation	n/a	363.3	175.0	3682.0	n/a	n/a	n/a	n/a
71.071	0.034	saccade	n/a	367.4	174.7	n/a	465.9	171.0	3.75	176.0
71.107	0.258	fixation	n/a	472.1	169.0	3721.0	n/a	n/a	n/a	n/a
71.367	0.028	saccade	n/a	476.9	171.0	n/a	559.5	166.2	3.13	155.0
71.397	0.214	fixation	n/a	570.2	164.2	3808.0	n/a	n/a	n/a	n/a
71.613	0.062	saccade	n/a	571.2	160.8	n/a	176.2	220.6	14.89	373.0
71.677	0.12	fixation	n/a	169.5	221.0	3913.0	n/a	n/a	n/a	n/a
71.799	0.022	saccade	n/a	166.7	221.2	n/a	118.3	229.2	1.79	119.0
71.823	0.202	fixation	n/a	117.4	233.1	3826.0	n/a	n/a	n/a	n/a
72.027	0.112	saccade	n/a	117.6	235.7	n/a	157.6	229.1	1.49	1098.0
72.051	0.044	blink	n/a	n/a	n/a	n/a	n/a	n/a	n/a	n/a
72.141	0.12	fixation	n/a	159.7	238.9	3767.0	n/a	n/a	n/a	n/a
72.263	0.02	saccade	n/a	158.2	240.8	n/a	120.3	244.0	1.41	95.0
72.285	0.364	fixation	n/a	121.0	245.8	3922.0	n/a	n/a	n/a	n/a
72.651	0.026	saccade	n/a	126.2	246.5	n/a	191.7	242.8	2.45	140.0
72.679	0.234	fixation	n/a	197.5	241.4	3956.0	n/a	n/a	n/a	n/a
72.915	0.032	saccade	n/a	200.2	243.9	n/a	286.1	226.5	3.32	168.0
72.949	0.26	fixation	n/a	298.0	231.7	3947.0	n/a	n/a	n/a	n/a
73.211	0.026	saccade	n/a	305.2	235.5	n/a	372.2	233.3	2.57	142.0
73.239	0.09	fixation	n/a	379.0	238.2	3941.0	n/a	n/a	n/a	n/a
73.331	0.032	saccade	n/a	380.2	241.8	n/a	262.0	248.0	4.53	212.0
73.365	0.154	fixation	n/a	247.7	248.9	3889.0	n/a	n/a	n/a	n/a
73.521	0.016	saccade	n/a	242.8	248.7	n/a	221.7	248.8	0.79	63.0
73.539	0.162	fixation	n/a	221.5	250.1	3813.0	n/a	n/a	n/a	n/a
73.703	0.018	saccade	n/a	218.4	251.6	n/a	194.8	247.5	0.9	63.0
73.723	0.16	fixation	n/a	192.8	247.0	3804.0	n/a	n/a	n/a	n/a
73.885	0.026	saccade	n/a	197.5	250.1	n/a	267.1	240.7	2.65	149.0
73.913	0.192	fixation	n/a	275.4	240.2	3701.0	n/a	n/a	n/a	n/a
74.107	0.026	saccade	n/a	280.0	237.4	n/a	354.2	242.0	2.85	148.0
74.135	0.208	fixation	n/a	365.3	242.4	3645.0	n/a	n/a	n/a	n/a
74.345	0.15	saccade	n/a	366.1	244.6	n/a	469.1	236.3	3.97	1850.0
74.365	0.088	blink	n/a	n/a	n/a	n/a	n/a	n/a	n/a	n/a
74.497	0.232	fixation	n/a	471.4	249.9	3535.0	n/a	n/a	n/a	n/a
74.731	0.028	saccade	n/a	474.4	251.1	n/a	550.6	236.8	2.98	150.0
74.761	0.116	fixation	n/a	557.3	235.0	3586.0	n/a	n/a	n/a	n/a
74.879	0.062	saccade	n/a	558.4	234.2	n/a	155.0	300.5	15.44	394.0
74.943	0.142	fixation	n/a	147.9	304.4	3569.0	n/a	n/a	n/a	n/a
75.087	0.02	saccade	n/a	145.7	306.2	n/a	112.2	301.4	1.25	88.0
75.109	0.154	fixation	n/a	111.6	302.4	3498.0	n/a	n/a	n/a	n/a
75.265	0.026	saccade	n/a	113.8	303.4	n/a	182.2	296.3	2.54	155.0
75.293	0.258	fixation	n/a	190.6	297.4	3475.0	n/a	n/a	n/a	n/a
75.553	0.024	saccade	n/a	191.6	298.3	n/a	132.8	303.0	2.19	128.0
75.579	0.2	fixation	n/a	129.5	304.1	3490.0	n/a	n/a	n/a	n/a
75.781	0.14	saccade	n/a	128.5	305.4	n/a	186.9	286.3	2.28	876.0
75.809	0.068	blink	n/a	n/a	n/a	n/a	n/a	n/a	n/a	n/a
75.923	0.176	fixation	n/a	189.0	293.9	3417.0	n/a	n/a	n/a	n/a
76.101	0.028	saccade	n/a	188.5	291.1	n/a	183.3	207.4	3.21	165.0
76.131	0.306	fixation	n/a	185.6	197.7	3535.0	n/a	n/a	n/a	n/a
76.439	0.02	saccade	n/a	177.1	191.8	n/a	143.2	183.8	1.3	94.0
76.461	0.53	fixation	n/a	143.3	184.2	3705.0	n/a	n/a	n/a	n/a
76.53	0.0	trigger_13	13	n/a	n/a	n/a	n/a	n/a	n/a	n/a
76.993	0.032	saccade	n/a	146.8	184.5	n/a	255.6	183.5	4.06	199.0
77.027	0.072	fixation	n/a	261.2	185.0	3804.0	n/a	n/a	n/a	n/a
77.101	0.042	saccade	n/a	262.4	185.7	n/a	135.9	328.5	7.22	353.0
77.145	0.234	fixation	n/a	130.5	337.1	3909.0	n/a	n/a	n/a	n/a
77.381	0.018	saccade	n/a	131.5	339.4	n/a	143.5	358.5	0.85	62.0
77.401	0.124	fixation	n/a	142.9	356.8	4007.0	n/a	n/a	n/a	n/a
77.527	0.042	saccade	n/a	143.8	357.8	n/a	156.3	203.9	5.88	247.0
77.571	0.412	fixation	n/a	159.2	193.5	4150.0	n/a	n/a	n/a	n/a
77.985	0.028	saccade	n/a	159.8	188.7	n/a	254.8	181.1	3.58	180.0
78.015	0.218	fixation	n/a	265.8	180.1	4273.0	n/a	n/a	n/a	n/a
78.235	0.022	saccade	n/a	265.2	181.3	n/a	225.1	187.2	1.53	108.0
78.259	0.1	fixation	n/a	225.0	189.4	4327.0	n/a	n/a	n/a	n/a
78.361	0.036	saccade	n/a	225.8	190.7	n/a	122.2	273.1	4.99	274.0
78.399	0.19	fixation	n/a	118.1	278.9	4378.0	n/a	n/a	n/a	n/a
78.591	0.024	saccade	n/a	117.6	280.9	n/a	134.6	320.2	1.61	111.0
78.617	0.272	fixation	n/a	135.8	323.8	4462.0	n/a	n/a	n/a	n/a
78.891	0.146	saccade	n/a	137.5	329.6	n/a	123.9	280.6	1.93	1050.0
78.915	0.076	blink	n/a	n/a	n/a	n/a	n/a	n/a	n/a	n/a
79.039	0.26	fixation	n/a	127.9	292.0	4288.0	n/a	n/a	n/a	n/a
79.301	0.018	saccade	n/a	126.7	292.7	n/a	120.8	268.4	0.95	69.0
79.321	0.28	fixation	n/a	125.5	270.0	4349.0	n/a	n/a	n/a	n/a
79.603	0.018	saccade	n/a	126.1	275.3	n/a	125.5	298.6	0.89	64.0
79.623	0.178	fixation	n/a	123.9	298.6	4388.0	n/a	n/a	n/a	n/a
79.803	0.028	saccade	n/a	123.8	299.8	n/a	147.5	364.6	2.6	182.0
79.833	0.284	fixation	n/a	151.6	368.3	4452.0	n/a	n/a	n/a	n/a
80.119	0.022	saccade	n/a	153.1	368.0	n/a	114.0	370.8	1.44	105.0
80.143	0.196	fixation	n/a	119.4	373.9	4455.0	n/a	n/a	n/a	n/a
80.341	0.024	saccade	n/a	122.9	373.2	n/a	131.9	316.8	2.16	139.0
80.367	0.702	fixation	n/a	134.0	309.5	4440.0	n/a	n/a	n/a	n/a
80.722	0.0	trigger_15	15	n/a	n/a	n/a	n/a	n/a	n/a	n/a
80.774	0.0	trigger_10	10	n/a	n/a	n/a	n/a	n/a	n/a	n/a
81.071	0.146	saccade	n/a	134.7	315.9	n/a	129.8	182.4	5.09	1177.0
81.111	0.062	blink	n/a	n/a	n/a	n/a	n/a	n/a	n/a	n/a
81.219	0.42	fixation	n/a	137.2	185.1	4170.0	n/a	n/a	n/a	n/a
81.641	0.014	saccade	n/a	136.8	180.9	n/a	118.6	187.8	0.72	60.0
81.657	0.81	fixation	n/a	125.3	186.0	4225.0	n/a	n/a	n/a	n/a
82.469	0.152	saccade	n/a	130.5	193.5	n/a	132.9	177.1	0.63	824.0
82.517	0.056	blink	n/a	n/a	n/a	n/a	n/a	n/a	n/a	n/a
82.623	0.664	fixation	n/a	133.8	191.4	4429.0	n/a	n/a	n/a	n/a
83.289	0.156	saccade	n/a	131.9	191.9	n/a	147.7	171.2	0.98	931.0
83.343	0.052	blink	n/a	n/a	n/a	n/a	n/a	n/a	n/a	n/a
83.447	0.178	fixation	n/a	154.3	179.2	4199.0	n/a	n/a	n/a	n/a
83.627	0.02	saccade	n/a	159.2	177.9	n/a	196.0	183.7	1.39	101.0
83.649	0.43	fixation	n/a	195.5	184.0	4262.0	n/a	n/a	n/a	n/a
84.081	0.024	saccade	n/a	199.3	184.9	n/a	252.4	183.2	1.99	118.0
84.107	0.338	fixation	n/a	259.3	184.6	4166.0	n/a	n/a	n/a	n/a
84.447	0.022	saccade	n/a	263.0	183.3	n/a	309.9	183.2	1.78	115.0
84.471	0.26	fixation	n/a	317.5	184.4	4180.0	n/a	n/a	n/a	n/a
84.733	0.028	saccade	n/a	321.3	188.2	n/a	414.5	180.3	3.58	170.0
84.763	0.292	fixation	n/a	422.5	180.2	4134.0	n/a	n/a	n/a	n/a
85.057	0.028	saccade	n/a	421.9	181.5	n/a	347.6	184.0	2.84	171.0
85.087	0.23	fixation	n/a	339.6	186.3	4169.0	n/a	n/a	n/a	n/a
85.319	0.022	saccade	n/a	340.6	190.8	n/a	382.6	188.9	1.61	103.0
85.343	0.082	fixation	n/a	392.6	186.3	4160.0	n/a	n/a	n/a	n/a
85.427	0.032	saccade	n/a	396.3	188.6	n/a	510.6	180.5	4.39	199.0
85.461	0.178	fixation	n/a	521.0	173.6	4172.0	n/a	n/a	n/a	n/a
85.641	0.024	saccade	n/a	524.9	174.3	n/a	581.0	173.9	2.13	124.0
85.667	0.142	fixation	n/a	585.6	174.6	4091.0	n/a	n/a	n/a	n/a
85.811	0.13	saccade	n/a	589.6	180.7	n/a	613.5	156.2	1.31	1241.0
85.831	0.07	blink	n/a	n/a	n/a	n/a	n/a	n/a	n/a	n/a
85.943	0.094	fixation	n/a	614.0	164.7	3873.0	n/a	n/a	n/a	n/a
86.039	0.036	saccade	n/a	613.3	164.4	n/a	475.5	172.0	5.25	240.0
86.077	0.104	fixation	n/a	465.6	170.9	3970.0	n/a	n/a	n/a	n/a
86.183	0.054	saccade	n/a	464.7	172.5	n/a	172.0	185.7	11.04	349.0
86.239	0.15	fixation	n/a	165.8	184.4	4038.0	n/a	n/a	n/a	n/a
86.391	0.026	saccade	n/a	165.9	187.3	n/a	116.7	185.3	1.81	132.0
86.419	0.128	fixation	n/a	115.2	188.0	4057.0	n/a	n/a	n/a	n/a
86.549	0.146	saccade	n/a	115.8	188.7	n/a	163.9	173.0	1.87	1084.0
86.585	0.068	blink	n/a	n/a	n/a	n/a	n/a	n/a	n/a	n/a
86.697	0.636	fixation	n/a	167.3	176.3	4077.0	n/a	n/a	n/a	n/a
87.335	0.022	saccade	n/a	168.1	171.2	n/a	129.6	164.3	1.44	108.0
87.359	0.202	fixation	n/a	131.0	162.5	4325.0	n/a	n/a	n/a	n/a
87.563	0.024	saccade	n/a	131.0	161.9	n/a	186.5	162.1	2.05	133.0
87.589	0.53	fixation	n/a	189.1	168.5	3984.0	n/a	n/a	n/a	n/a
88.121	0.028	saccade	n/a	185.7	177.4	n/a	264.9	166.8	3.03	162.0
88.151	0.186	fixation	n/a	273.7	166.2	3910.0	n/a	n/a	n/a	n/a
88.339	0.016	saccade	n/a	273.6	167.1	n/a	250.7	169.8	0.88	70.0
88.357	0.492	fixation	n/a	248.5	173.1	4001.0	n/a	n/a	n/a	n/a
88.851	0.024	saccade	n/a	243.3	174.8	n/a	192.8	167.8	1.93	123.0
88.877	0.258	fixation	n/a	188.8	169.3	4021.0	n/a	n/a	n/a	n/a
89.137	0.028	saccade	n/a	187.3	170.4	n/a	111.7	169.0	2.8	161.0
89.167	0.268	fixation	n/a	110.4	171.3	4220.0	n/a	n/a	n/a	n/a
89.437	0.034	saccade	n/a	113.3	172.3	n/a	216.0	168.0	3.82	186.0
89.473	0.308	fixation	n/a	220.4	170.7	4259.0	n/a	n/a	n/a	n/a
89.783	0.018	saccade	n/a	222.5	172.8	n/a	248.3	170.0	0.98	74.0
89.803	0.096	fixation	n/a	248.1	171.5	4190.0	n/a	n/a	n/a	n/a
89.901	0.134	saccade	n/a	249.2	171.9	n/a	265.3	166.7	0.64	1531.0
89.937	0.054	blink	n/a	n/a	n/a	n/a	n/a	n/a	n/a	n/a
90.037	0.274	fixation	n/a	266.8	172.6	4104.0	n/a	n/a	n/a	n/a
90.313	0.02	saccade	n/a	271.5	174.9	n/a	306.7	174.0	1.35	95.0
90.335	0.246	fixation	n/a	306.6	173.1	4113.0	n/a	n/a	n/a	n/a
90.583	0.028	saccade	n/a	309.3	173.0	n/a	391.8	168.6	3.17	153.0
90.613	0.212	fixation	n/a	403.3	169.0	3953.0	n/a	n/a	n/a	n/a
90.827	0.034	saccade	n/a	406.1	171.2	n/a	514.7	168.9	4.18	175.0
90.863	0.19	fixation	n/a	522.8	168.9	3839.0	n/a	n/a	n/a	n/a
91.055	0.024	saccade	n/a	526.1	168.9	n/a	578.7	165.1	2.02	121.0
91.081	0.186	fixation	n/a	582.7	164.6	3754.0	n/a	n/a	n/a	n/a
91.269	0.062	saccade	n/a	584.0	166.6	n/a	161.3	223.9	16.1	396.0
91.333	0.134	fixation	n/a	154.3	227.5	3677.0	n/a	n/a	n/a	n/a
91.469	0.018	saccade	n/a	149.9	228.8	n/a	118.5	236.1	1.2	87.0
91.489	0.184	fixation	n/a	117.2	237.7	3584.0	n/a	n/a	n/a	n/a
91.675	0.12	saccade	n/a	116.4	238.6	n/a	263.0	225.8	5.51	1032.0
91.713	0.028	blink	n/a	n/a	n/a	n/a	n/a	n/a	n/a	n/a
91.797	0.208	fixation	n/a	265.9	230.4	3546.0	n/a	n/a	n/a	n/a
92.007	0.014	saccade	n/a	262.6	230.2	n/a	244.0	234.2	0.72	60.0
92.023	0.384	fixation	n/a	242.3	232.9	3602.0	n/a	n/a	n/a	n/a
92.409	0.026	saccade	n/a	241.5	225.4	n/a	305.3	222.0	2.38	135.0
92.437	0.414	fixation	n/a	313.2	226.0	3528.0	n/a	n/a	n/a	n/a
92.853	0.026	saccade	n/a	320.6	231.6	n/a	403.5	227.1	3.12	161.0
92.881	0.152	fixation	n/a	416.5	229.0	3523.0	n/a	n/a	n/a	n/a
93.035	0.13	saccade	n/a	419.0	233.6	n/a	429.6	221.9	0.6	1554.0
93.059	0.066	blink	n/a	n/a	n/a	n/a	n/a	n/a	n/a	n/a
93.167	0.13	fixation	n/a	426.3	231.4	3537.0	n/a	n/a	n/a	n/a
93.299	0.022	saccade	n/a	427.5	234.5	n/a	472.0	235.2	1.69	112.0
93.323	0.196	fixation	n/a	472.2	236.6	3745.0	n/a	n/a	n/a	n/a
93.521	0.042	saccade	n/a	471.6	237.5	n/a	300.1	244.1	6.5	279.0
93.565	0.502	fixation	n/a	291.9	242.3	3808.0	n/a	n/a	n/a	n/a
94.069	0.142	saccade	n/a	290.4	235.8	n/a	197.7	230.6	3.48	1196.0
94.101	0.066	blink	n/a	n/a	n/a	n/a	n/a	n/a	n/a	n/a
94.213	0.166	fixation	n/a	199.3	240.6	3718.0	n/a	n/a	n/a	n/a
94.381	0.038	saccade	n/a	216.2	239.7	n/a	148.5	236.9	2.51	127.0
94.421	0.44	fixation	n/a	150.1	238.4	3770.0	n/a	n/a	n/a	n/a
94.863	0.022	saccade	n/a	151.1	233.7	n/a	164.5	189.0	1.77	118.0
94.887	0.19	fixation	n/a	172.6	182.9	3709.0	n/a	n/a	n/a	n/a
95.079	0.02	saccade	n/a	173.3	183.7	n/a	138.7	176.0	1.31	97.0
95.101	0.206	fixation	n/a	142.3	178.2	3733.0	n/a	n/a	n/a	n/a
95.309	0.018	saccade	n/a	143.2	181.1	n/a	119.8	181.0	0.86	67.0
95.329	0.602	fixation	n/a	122.6	182.0	3856.0	n/a	n/a	n/a	n/a
95.933	0.152	saccade	n/a	126.1	184.5	n/a	182.6	162.1	2.23	1558.0
95.977	0.044	blink	n/a	n/a	n/a	n/a	n/a	n/a	n/a	n/a
96.087	0.442	fixation	n/a	187.2	173.6	4050.0	n/a	n/a	n/a	n/a
96.531	0.028	saccade	n/a	186.2	177.9	n/a	121.7	175.0	2.37	152.0
96.561	0.274	fixation	n/a	122.6	180.5	4078.0	n/a	n/a	n/a	n/a
96.837	0.022	saccade	n/a	123.8	184.3	n/a	177.6	181.9	1.97	129.0
96.861	0.472	fixation	n/a	185.4	181.1	4132.0	n/a	n/a	n/a	n/a
97.335	0.022	saccade	n/a	184.6	179.3	n/a	143.3	178.3	1.52	96.0
97.359	0.416	fixation	n/a	145.6	175.9	4322.0	n/a	n/a	n/a	n/a
97.777	0.018	saccade	n/a	152.1	176.0	n/a	184.0	171.4	1.19	86.0
97.797	0.292	fixation	n/a	188.2	174.4	4487.0	n/a	n/a	n/a	n/a
98.091	0.148	saccade	n/a	189.2	178.9	n/a	213.1	161.2	1.11	1287.0
98.127	0.066	blink	n/a	n/a	n/a	n/a	n/a	n/a	n/a	n/a
98.241	0.544	fixation	n/a	214.3	180.1	4700.0	n/a	n/a	n/a	n/a
98.787	0.026	saccade	n/a	215.7	178.3	n/a	279.7	171.2	2.41	128.0
98.815	0.302	fixation	n/a	291.2	171.7	4840.0	n/a	n/a	n/a	n/a
99.119	0.018	saccade	n/a	294.7	172.2	n/a	321.8	170.9	1.02	76.0
99.139	0.854	fixation	n/a	328.5	175.2	4956.0	n/a	n/a	n/a	n/a
99.995	0.052	saccade	n/a	335.7	181.6	n/a	549.6	172.3	8.06	232.0
100.049	0.436	fixation	n/a	559.0	173.4	5068.0	n/a	n/a	n/a	n/a
100.487	0.126	saccade	n/a	552.7	180.2	n/a	274.7	171.5	10.46	1755.0
100.515	0.06	blink	n/a	n/a	n/a	n/a	n/a	n/a	n/a	n/a
100.615	0.18	fixation	n/a	276.6	189.3	5062.0	n/a	n/a	n/a	n/a
100.797	0.038	saccade	n/a	276.6	187.8	n/a	145.7	169.2	4.91	203.0
100.837	0.176	fixation	n/a	140.6	170.0	5096.0	n/a	n/a	n/a	n/a
101.015	0.016	saccade	n/a	134.0	170.8	n/a	109.3	173.4	0.9	68.0
101.033	0.216	fixation	n/a	104.6	176.7	4996.0	n/a	n/a	n/a	n/a
101.251	0.16	saccade	n/a	100.7	171.9	n/a	151.3	168.8	1.84	1113.0
101.293	0.066	blink	n/a	n/a	n/a	n/a	n/a	n/a	n/a	n/a
101.413	0.228	fixation	n/a	155.9	181.9	4607.0	n/a	n/a	n/a	n/a
101.643	0.024	saccade	n/a	157.1	181.3	n/a	109.2	177.2	1.76	118.0
101.669	0.388	fixation	n/a	108.8	177.5	4620.0	n/a	n/a	n/a	n/a
102.059	0.02	saccade	n/a	111.8	177.2	n/a	147.9	174.6	1.32	95.0
102.081	1.088	fixation	n/a	156.7	178.7	4636.0	n/a	n/a	n/a	n/a
103.171	0.024	saccade	n/a	162.8	179.2	n/a	223.3	187.5	2.28	131.0
103.197	0.198	fixation	n/a	229.4	191.4	4819.0	n/a	n/a	n/a	n/a
103.397	2.86	saccade	n/a	232.5	198.9	n/a	83.6	142.0	5.64	792.0
103.457	2.774	blink	n/a	n/a	n/a	n/a	n/a	n/a	n/a	n/a
106.259	0.496	fixation	n/a	107.8	175.2	4962.0	n/a	n/a	n/a	n/a
106.757	0.126	saccade	n/a	117.4	177.8	n/a	172.2	159.4	2.16	1914.0
106.789	0.052	blink	n/a	n/a	n/a	n/a	n/a	n/a	n/a	n/a
106.885	0.166	fixation	n/a	176.5	158.8	3952.0	n/a	n/a	n/a	n/a
107.053	0.028	saccade	n/a	177.7	161.5	n/a	107.9	171.2	2.66	164.0
107.083	0.204	fixation	n/a	111.0	177.5	3872.0	n/a	n/a	n/a	n/a
107.289	0.028	saccade	n/a	118.5	179.5	n/a	206.2	174.7	3.33	161.0
107.319	0.27	fixation	n/a	216.1	171.3	3803.0	n/a	n/a	n/a	n/a
107.591	0.026	saccade	n/a	218.2	170.1	n/a	279.5	167.4	2.38	132.0
107.619	0.266	fixation	n/a	285.4	172.5	3724.0	n/a	n/a	n/a	n/a
107.887	0.03	saccade	n/a	289.5	176.3	n/a	375.3	170.3	3.35	163.0
107.919	0.166	fixation	n/a	380.6	171.1	3661.0	n/a	n/a	n/a	n/a
108.087	0.02	saccade	n/a	379.2	170.7	n/a	344.2	171.0	1.36	93.0
108.109	0.274	fixation	n/a	344.5	173.3	3591.0	n/a	n/a	n/a	n/a
108.385	0.028	saccade	n/a	349.1	176.3	n/a	426.1	172.0	3.0	144.0
108.415	0.134	fixation	n/a	437.5	170.7	3614.0	n/a	n/a	n/a	n/a
108.551	0.028	saccade	n/a	440.7	170.7	n/a	522.2	170.3	3.18	162.0
108.581	0.248	fixation	n/a	530.8	170.7	3728.0	n/a	n/a	n/a	n/a
108.831	0.024	saccade	n/a	532.2	172.3	n/a	589.0	170.9	2.21	127.0
108.857	0.116	fixation	n/a	594.8	169.6	3691.0	n/a	n/a	n/a	n/a
108.975	0.062	saccade	n/a	595.8	170.0	n/a	167.0	235.0	16.63	422.0
109.039	0.128	fixation	n/a	157.1	235.4	3700.0	n/a	n/a	n/a	n/a
109.169	0.022	saccade	n/a	150.8	238.8	n/a	107.9	242.9	1.61	107.0
109.193	0.22	fixation	n/a	108.0	244.5	3697.0	n/a	n/a	n/a	n/a
109.415	0.118	saccade	n/a	109.8	245.6	n/a	215.1	237.4	3.98	1344.0
109.447	0.042	blink	n/a	n/a	n/a	n/a	n/a	n/a	n/a	n/a
109.535	0.246	fixation	n/a	214.6	241.9	3713.0	n/a	n/a	n/a	n/a
109.783	0.018	saccade	n/a	216.6	243.3	n/a	241.6	242.8	0.96	74.0
109.803	0.284	fixation	n/a	240.3	241.5	3753.0	n/a	n/a	n/a	n/a
110.089	0.028	saccade	n/a	241.1	243.0	n/a	312.1	239.6	2.73	153.0
110.119	0.484	fixation	n/a	311.6	240.5	3639.0	n/a	n/a	n/a	n/a
110.605	0.022	saccade	n/a	313.3	243.6	n/a	355.0	239.6	1.62	98.0
110.629	0.186	fixation	n/a	363.3	239.5	3650.0	n/a	n/a	n/a	n/a
110.817	0.028	saccade	n/a	365.7	242.4	n/a	432.5	235.9	2.61	130.0
110.847	0.312	fixation	n/a	434.6	236.5	3752.0	n/a	n/a	n/a	n/a
111.161	0.03	saccade	n/a	432.7	238.6	n/a	340.6	239.7	3.58	186.0
111.193	0.194	fixation	n/a	333.2	241.1	3840.0	n/a	n/a	n/a	n/a
111.389	0.02	saccade	n/a	331.8	242.2	n/a	298.9	242.3	1.27	90.0
111.411	0.17	fixation	n/a	296.1	242.3	3811.0	n/a	n/a	n/a	n/a
111.583	0.03	saccade	n/a	296.4	243.6	n/a	212.9	236.5	3.21	167.0
111.615	0.332	fixation	n/a	211.8	236.0	3852.0	n/a	n/a	n/a	n/a
111.692	0.0	trigger_11	11	n/a	n/a	n/a	n/a	n/a	n/a	n/a
111.796	0.0	trigger_10	10	n/a	n/a	n/a	n/a	n/a	n/a	n/a
111.949	0.03	saccade	n/a	214.0	235.2	n/a	124.4	195.1	3.7	197.0
111.981	0.134	fixation	n/a	118.2	194.3	3863.0	n/a	n/a	n/a	n/a
112.117	0.136	saccade	n/a	120.5	199.9	n/a	164.2	163.5	2.15	1203.0
112.143	0.064	blink	n/a	n/a	n/a	n/a	n/a	n/a	n/a	n/a
112.255	0.218	fixation	n/a	163.2	171.1	3865.0	n/a	n/a	n/a	n/a
112.475	0.022	saccade	n/a	163.9	175.5	n/a	208.8	182.2	1.71	117.0
112.499	0.154	fixation	n/a	211.9	182.1	3931.0	n/a	n/a	n/a	n/a
112.655	0.026	saccade	n/a	211.2	184.3	n/a	279.3	185.7	2.6	136.0
112.683	0.214	fixation	n/a	287.0	187.7	3891.0	n/a	n/a	n/a	n/a
112.899	0.02	saccade	n/a	289.0	187.4	n/a	259.1	186.5	1.15	81.0
112.921	0.238	fixation	n/a	258.9	188.2	3851.0	n/a	n/a	n/a	n/a
113.161	0.03	saccade	n/a	262.6	190.6	n/a	336.4	181.7	2.88	144.0
113.193	0.708	fixation	n/a	344.4	178.3	3890.0	n/a	n/a	n/a	n/a
113.903	0.022	saccade	n/a	347.4	182.4	n/a	395.5	181.7	1.88	119.0
113.927	0.184	fixation	n/a	401.2	184.5	3945.0	n/a	n/a	n/a	n/a
114.113	0.024	saccade	n/a	403.9	187.4	n/a	459.5	185.2	2.17	128.0
114.139	0.184	fixation	n/a	467.1	188.4	3948.0	n/a	n/a	n/a	n/a
114.325	0.036	saccade	n/a	470.3	189.8	n/a	569.5	176.1	3.9	178.0
114.363	0.13	fixation	n/a	573.1	177.2	3912.0	n/a	n/a	n/a	n/a
114.495	0.12	saccade	n/a	569.4	186.8	n/a	139.0	247.2	16.6	1902.0
114.523	0.054	blink	n/a	n/a	n/a	n/a	n/a	n/a	n/a	n/a
114.617	0.166	fixation	n/a	139.4	247.2	3955.0	n/a	n/a	n/a	n/a
114.785	0.014	saccade	n/a	136.5	250.0	n/a	117.3	252.4	0.73	63.0
114.801	0.532	fixation	n/a	119.9	255.3	3919.0	n/a	n/a	n/a	n/a
115.335	0.024	saccade	n/a	121.7	255.3	n/a	175.0	246.4	2.03	124.0
115.361	0.408	fixation	n/a	186.4	245.0	3883.0	n/a	n/a	n/a	n/a
115.771	0.024	saccade	n/a	192.8	246.4	n/a	252.0	245.0	2.26	135.0
115.797	0.198	fixation	n/a	265.8	245.6	3946.0	n/a	n/a	n/a	n/a
115.997	0.114	saccade	n/a	269.8	250.5	n/a	315.2	242.0	1.78	1492.0
116.023	0.05	blink	n/a	n/a	n/a	n/a	n/a	n/a	n/a	n/a
116.113	0.232	fixation	n/a	316.8	243.7	3847.0	n/a	n/a	n/a	n/a
116.347	0.02	saccade	n/a	320.6	243.2	n/a	356.5	240.8	1.4	99.0
116.369	0.368	fixation	n/a	353.7	244.3	3863.0	n/a	n/a	n/a	n/a
116.739	0.028	saccade	n/a	342.8	250.0	n/a	416.1	246.4	2.86	155.0
116.769	0.23	fixation	n/a	421.2	247.4	3738.0	n/a	n/a	n/a	n/a
117.001	0.03	saccade	n/a	422.7	251.2	n/a	520.5	247.9	3.82	182.0
117.033	0.282	fixation	n/a	531.8	244.2	3678.0	n/a	n/a	n/a	n/a
117.317	0.022	saccade	n/a	536.9	243.7	n/a	576.6	235.4	1.58	105.0
117.341	0.116	fixation	n/a	580.1	234.8	3602.0	n/a	n/a	n/a	n/a
117.459	0.022	saccade	n/a	582.5	235.8	n/a	624.4	238.8	1.62	103.0
117.483	0.09	fixation	n/a	627.8	238.9	3594.0	n/a	n/a	n/a	n/a
117.575	0.13	saccade	n/a	628.1	241.7	n/a	140.2	297.8	18.68	1505.0
117.613	0.066	blink	n/a	n/a	n/a	n/a	n/a	n/a	n/a	n/a
117.707	0.154	fixation	n/a	143.8	302.2	3587.0	n/a	n/a	n/a	n/a
117.863	0.016	saccade	n/a	142.6	303.9	n/a	119.7	306.3	0.86	68.0
117.881	0.166	fixation	n/a	120.4	307.4	3645.0	n/a	n/a	n/a	n/a
118.049	0.024	saccade	n/a	122.3	308.4	n/a	186.9	306.1	2.43	138.0
118.075	0.284	fixation	n/a	201.2	306.8	3537.0	n/a	n/a	n/a	n/a
118.361	0.03	saccade	n/a	204.3	307.6	n/a	299.5	294.8	3.68	183.0
118.393	0.378	fixation	n/a	312.2	298.0	3507.0	n/a	n/a	n/a	n/a
118.773	0.028	saccade	n/a	316.7	300.9	n/a	395.6	300.4	3.06	146.0
118.803	0.222	fixation	n/a	404.2	303.9	3589.0	n/a	n/a	n/a	n/a
119.027	0.038	saccade	n/a	403.9	303.2	n/a	514.6	305.0	4.3	174.0
119.067	0.106	fixation	n/a	517.5	305.9	3621.0	n/a	n/a	n/a	n/a
119.175	0.13	saccade	n/a	515.8	312.6	n/a	118.2	376.9	15.32	1322.0
119.203	0.062	blink	n/a	n/a	n/a	n/a	n/a	n/a	n/a	n/a
119.307	0.272	fixation	n/a	121.4	373.2	3649.0	n/a	n/a	n/a	n/a
119.581	0.136	saccade	n/a	119.9	374.5	n/a	167.2	185.3	7.5	1558.0
119.623	0.056	blink	n/a	n/a	n/a	n/a	n/a	n/a	n/a	n/a
119.719	0.452	fixation	n/a	175.0	187.2	3640.0	n/a	n/a	n/a	n/a
119.822	0.0	trigger_11	11	n/a	n/a	n/a	n/a	n/a	n/a	n/a
119.924	0.0	trigger_10	10	n/a	n/a	n/a	n/a	n/a	n/a	n/a
120.173	0.022	saccade	n/a	176.5	186.7	n/a	133.7	182.1	1.62	109.0
120.197	1.026	fixation	n/a	130.2	186.9	3894.0	n/a	n/a	n/a	n/a
121.225	0.024	saccade	n/a	123.5	186.6	n/a	181.0	183.2	2.17	129.0
121.251	0.234	fixation	n/a	188.9	185.9	4039.0	n/a	n/a	n/a	n/a
121.487	0.026	saccade	n/a	189.8	182.6	n/a	252.6	170.3	2.44	149.0
121.515	0.448	fixation	n/a	260.2	177.2	3984.0	n/a	n/a	n/a	n/a
121.965	0.028	saccade	n/a	264.4	183.8	n/a	337.9	177.4	2.85	133.0
121.995	0.224	fixation	n/a	346.6	176.6	3711.0	n/a	n/a	n/a	n/a
122.221	0.12	saccade	n/a	346.4	184.9	n/a	377.4	175.1	1.26	1518.0
122.247	0.054	blink	n/a	n/a	n/a	n/a	n/a	n/a	n/a	n/a
122.343	0.194	fixation	n/a	379.0	177.7	3647.0	n/a	n/a	n/a	n/a
122.539	0.024	saccade	n/a	383.5	179.9	n/a	437.0	181.5	2.09	123.0
122.565	0.378	fixation	n/a	436.3	180.8	3751.0	n/a	n/a	n/a	n/a
122.945	0.028	saccade	n/a	430.6	178.5	n/a	513.6	176.2	3.22	165.0
122.975	0.236	fixation	n/a	518.4	175.0	3686.0	n/a	n/a	n/a	n/a
123.213	0.026	saccade	n/a	518.8	174.2	n/a	580.5	169.0	2.39	134.0
123.241	0.118	fixation	n/a	583.8	171.3	3654.0	n/a	n/a	n/a	n/a
123.361	0.142	saccade	n/a	582.1	177.7	n/a	162.2	234.3	16.12	2076.0
123.385	0.08	blink	n/a	n/a	n/a	n/a	n/a	n/a	n/a	n/a
123.505	0.122	fixation	n/a	160.8	234.6	3674.0	n/a	n/a	n/a	n/a
123.629	0.02	saccade	n/a	159.1	235.1	n/a	120.9	241.5	1.44	102.0
123.651	0.242	fixation	n/a	121.2	239.4	3762.0	n/a	n/a	n/a	n/a
123.895	0.028	saccade	n/a	124.3	243.1	n/a	199.1	242.0	2.8	143.0
123.925	0.21	fixation	n/a	209.5	242.6	3717.0	n/a	n/a	n/a	n/a
124.137	0.028	saccade	n/a	211.2	243.5	n/a	300.1	242.2	3.39	158.0
124.167	0.184	fixation	n/a	311.4	240.3	3585.0	n/a	n/a	n/a	n/a
124.353	0.016	saccade	n/a	309.6	243.2	n/a	290.7	248.1	0.75	60.0
124.371	0.31	fixation	n/a	296.3	246.2	3535.0	n/a	n/a	n/a	n/a
124.683	0.028	saccade	n/a	301.1	243.8	n/a	383.3	242.1	3.17	152.0
124.713	0.196	fixation	n/a	394.4	240.4	3448.0	n/a	n/a	n/a	n/a
124.911	0.014	saccade	n/a	392.0	241.4	n/a	376.4	248.1	0.66	56.0
124.927	0.234	fixation	n/a	377.6	248.6	3526.0	n/a	n/a	n/a	n/a
125.163	0.03	saccade	n/a	382.3	250.5	n/a	478.7	234.3	3.79	180.0
125.195	0.162	fixation	n/a	485.5	234.6	3660.0	n/a	n/a	n/a	n/a
125.359	0.03	saccade	n/a	487.4	235.4	n/a	562.7	236.3	2.91	149.0
125.391	0.064	fixation	n/a	562.9	236.2	3774.0	n/a	n/a	n/a	n/a
125.457	0.062	saccade	n/a	563.6	237.8	n/a	171.8	297.7	15.08	421.0
125.521	0.14	fixation	n/a	163.2	301.1	3864.0	n/a	n/a	n/a	n/a
125.663	0.018	saccade	n/a	159.9	300.2	n/a	132.3	304.8	1.04	76.0
125.683	0.212	fixation	n/a	132.9	309.6	3884.0	n/a	n/a	n/a	n/a
125.897	0.03	saccade	n/a	134.0	310.3	n/a	227.3	305.5	3.51	154.0
125.929	0.26	fixation	n/a	239.9	303.7	3893.0	n/a	n/a	n/a	n/a
126.191	0.03	saccade	n/a	244.1	303.4	n/a	335.3	302.7	3.51	180.0
126.223	0.614	fixation	n/a	345.1	304.2	4034.0	n/a	n/a	n/a	n/a
126.566	0.0	trigger_11	11	n/a	n/a	n/a	n/a	n/a	n/a	n/a
126.67	0.0	trigger_10	10	n/a	n/a	n/a	n/a	n/a	n/a	n/a
126.839	0.13	saccade	n/a	343.8	302.9	n/a	134.7	217.3	8.61	1289.0
126.907	0.018	blink	n/a	n/a	n/a	n/a	n/a	n/a	n/a	n/a
126.971	0.346	fixation	n/a	144.4	204.4	3828.0	n/a	n/a	n/a	n/a
127.319	0.128	saccade	n/a	145.6	205.1	n/a	215.0	183.3	2.74	1494.0
127.347	0.062	blink	n/a	n/a	n/a	n/a	n/a	n/a	n/a	n/a
127.449	0.644	fixation	n/a	220.3	187.6	3837.0	n/a	n/a	n/a	n/a
128.095	0.022	saccade	n/a	232.6	184.3	n/a	276.5	185.7	1.68	109.0
128.119	0.074	fixation	n/a	280.4	184.5	3758.0	n/a	n/a	n/a	n/a
128.195	0.072	saccade	n/a	281.6	182.9	n/a	358.9	174.4	2.98	156.0
128.269	0.274	fixation	n/a	368.1	176.8	3787.0	n/a	n/a	n/a	n/a
128.545	0.028	saccade	n/a	370.4	178.2	n/a	462.8	169.7	3.58	178.0
128.575	0.408	fixation	n/a	472.0	169.9	3941.0	n/a	n/a	n/a	n/a
128.985	0.032	saccade	n/a	469.2	175.2	n/a	377.4	183.0	3.55	187.0
129.019	0.278	fixation	n/a	372.3	184.1	3944.0	n/a	n/a	n/a	n/a
129.299	0.044	saccade	n/a	373.2	186.8	n/a	527.8	173.1	5.96	215.0
129.345	0.218	fixation	n/a	537.0	172.5	3990.0	n/a	n/a	n/a	n/a
129.565	0.026	saccade	n/a	539.5	171.8	n/a	603.2	168.3	2.44	129.0
129.593	0.17	fixation	n/a	610.5	171.0	3976.0	n/a	n/a	n/a	n/a
129.765	0.124	saccade	n/a	609.1	174.0	n/a	623.7	156.5	0.87	1807.0
129.789	0.062	blink	n/a	n/a	n/a	n/a	n/a	n/a	n/a	n/a
129.891	0.29	fixation	n/a	622.9	158.2	3770.0	n/a	n/a	n/a	n/a
130.183	0.062	saccade	n/a	620.5	159.7	n/a	193.4	230.9	16.29	499.0
130.247	0.132	fixation	n/a	185.7	233.5	3887.0	n/a	n/a	n/a	n/a
130.381	0.024	saccade	n/a	185.1	237.0	n/a	134.4	241.3	1.89	125.0
130.407	0.226	fixation	n/a	132.4	244.4	3836.0	n/a	n/a	n/a	n/a
130.635	0.042	saccade	n/a	134.2	245.3	n/a	287.5	237.2	5.75	222.0
130.679	0.248	fixation	n/a	296.5	240.1	3659.0	n/a	n/a	n/a	n/a
130.929	0.014	saccade	n/a	296.0	241.7	n/a	278.4	243.9	0.67	57.0
130.945	0.142	fixation	n/a	277.8	242.3	3600.0	n/a	n/a	n/a	n/a
131.089	0.026	saccade	n/a	280.5	241.8	n/a	361.0	237.3	3.07	161.0
131.117	0.198	fixation	n/a	373.6	242.0	3518.0	n/a	n/a	n/a	n/a
131.317	0.016	saccade	n/a	379.3	245.8	n/a	398.4	250.9	0.76	60.0
131.335	0.248	fixation	n/a	399.1	252.3	3444.0	n/a	n/a	n/a	n/a
131.585	0.034	saccade	n/a	401.0	253.5	n/a	510.4	233.5	4.26	190.0
131.621	0.152	fixation	n/a	515.3	234.5	3353.0	n/a	n/a	n/a	n/a
131.775	0.016	saccade	n/a	513.4	233.3	n/a	491.2	233.5	0.85	68.0
131.793	0.346	fixation	n/a	491.5	234.2	3359.0	n/a	n/a	n/a	n/a
132.141	0.026	saccade	n/a	495.8	235.5	n/a	564.4	234.0	2.62	138.0
132.169	0.226	fixation	n/a	570.4	236.8	3451.0	n/a	n/a	n/a	n/a
132.397	0.068	saccade	n/a	570.0	236.0	n/a	184.7	296.5	14.67	335.0
132.467	0.128	fixation	n/a	180.0	301.2	3610.0	n/a	n/a	n/a	n/a
132.597	0.022	saccade	n/a	179.9	303.0	n/a	136.4	309.5	1.63	108.0
132.621	0.24	fixation	n/a	137.3	311.8	3602.0	n/a	n/a	n/a	n/a
132.863	0.114	saccade	n/a	138.6	314.0	n/a	310.8	296.4	6.48	1182.0
132.887	0.048	blink	n/a	n/a	n/a	n/a	n/a	n/a	n/a	n/a
132.979	0.078	fixation	n/a	310.5	300.1	3432.0	n/a	n/a	n/a	n/a
133.059	0.024	saccade	n/a	312.7	303.5	n/a	375.1	310.1	2.39	142.0
133.085	0.234	fixation	n/a	382.8	311.1	3422.0	n/a	n/a	n/a	n/a
133.321	0.016	saccade	n/a	381.7	311.9	n/a	360.0	308.7	0.84	63.0
133.339	0.132	fixation	n/a	359.4	308.3	3428.0	n/a	n/a	n/a	n/a
133.473	0.038	saccade	n/a	362.3	309.0	n/a	480.3	293.1	4.55	178.0
133.513	0.33	fixation	n/a	488.3	295.4	3298.0	n/a	n/a	n/a	n/a
133.845	0.024	saccade	n/a	492.5	294.8	n/a	535.9	298.9	1.66	103.0
133.871	0.212	fixation	n/a	537.2	301.4	3291.0	n/a	n/a	n/a	n/a
134.085	0.024	saccade	n/a	536.1	300.6	n/a	475.4	288.0	2.37	150.0
134.111	0.24	fixation	n/a	466.9	287.1	3322.0	n/a	n/a	n/a	n/a
134.118	0.0	trigger_11	11	n/a	n/a	n/a	n/a	n/a	n/a	n/a
134.22	0.0	trigger_10	10	n/a	n/a	n/a	n/a	n/a	n/a	n/a
134.353	0.054	saccade	n/a	463.8	288.1	n/a	188.8	181.9	11.18	355.0
134.409	0.156	fixation	n/a	184.8	180.5	3548.0	n/a	n/a	n/a	n/a
134.567	0.022	saccade	n/a	184.0	182.3	n/a	143.0	188.9	1.54	104.0
134.591	0.04	fixation	n/a	141.8	189.2	3620.0	n/a	n/a	n/a	n/a
134.633	0.126	saccade	n/a	140.1	189.0	n/a	185.8	172.9	1.8	1267.0
134.665	0.022	blink	n/a	n/a	n/a	n/a	n/a	n/a	n/a	n/a
134.761	0.056	fixation	n/a	187.6	175.0	3532.0	n/a	n/a	n/a	n/a
134.819	0.028	saccade	n/a	190.2	174.0	n/a	273.0	172.4	3.11	171.0
134.849	0.37	fixation	n/a	281.0	176.0	3670.0	n/a	n/a	n/a	n/a
135.221	0.028	saccade	n/a	282.1	177.9	n/a	358.2	178.2	2.89	140.0
135.251	0.202	fixation	n/a	369.1	182.6	3653.0	n/a	n/a	n/a	n/a
135.455	0.032	saccade	n/a	373.2	183.3	n/a	482.4	167.9	4.23	188.0
135.489	0.232	fixation	n/a	493.4	168.1	3539.0	n/a	n/a	n/a	n/a
135.723	0.024	saccade	n/a	497.5	167.7	n/a	552.9	168.4	2.11	123.0
135.749	0.222	fixation	n/a	556.9	170.7	3585.0	n/a	n/a	n/a	n/a
135.973	0.064	saccade	n/a	556.4	171.2	n/a	134.5	244.8	16.05	457.0
136.039	0.318	fixation	n/a	121.6	246.8	3663.0	n/a	n/a	n/a	n/a
136.359	0.022	saccade	n/a	123.0	244.7	n/a	163.8	239.7	1.51	101.0
136.383	0.35	fixation	n/a	171.5	242.5	3685.0	n/a	n/a	n/a	n/a
136.446	0.0	trigger_11	11	n/a	n/a	n/a	n/a	n/a	n/a	n/a
136.554	0.0	trigger_10	10	n/a	n/a	n/a	n/a	n/a	n/a	n/a
136.735	0.024	saccade	n/a	173.1	242.6	n/a	139.9	198.3	2.09	133.0
136.761	0.12	fixation	n/a	142.5	196.1	3666.0	n/a	n/a	n/a	n/a
136.883	0.124	saccade	n/a	143.7	200.6	n/a	165.8	172.7	1.34	1426.0
136.913	0.046	blink	n/a	n/a	n/a	n/a	n/a	n/a	n/a	n/a
137.009	0.302	fixation	n/a	171.5	178.0	3753.0	n/a	n/a	n/a	n/a
137.313	0.028	saccade	n/a	174.5	176.0	n/a	257.5	177.8	3.11	164.0
137.343	0.274	fixation	n/a	262.3	180.9	3825.0	n/a	n/a	n/a	n/a
137.619	0.024	saccade	n/a	266.3	182.8	n/a	325.3	178.9	2.25	137.0
137.645	0.188	fixation	n/a	335.6	178.0	3832.0	n/a	n/a	n/a	n/a
137.835	0.032	saccade	n/a	338.1	178.0	n/a	418.3	170.3	3.08	142.0
137.869	0.278	fixation	n/a	421.6	172.9	3762.0	n/a	n/a	n/a	n/a
138.149	0.034	saccade	n/a	422.8	175.3	n/a	528.5	165.7	4.06	164.0
138.185	0.172	fixation	n/a	536.8	164.8	3656.0	n/a	n/a	n/a	n/a
138.359	0.062	saccade	n/a	538.3	166.6	n/a	143.2	238.7	15.11	399.0
138.423	0.21	fixation	n/a	138.0	243.0	3693.0	n/a	n/a	n/a	n/a
138.635	0.084	saccade	n/a	139.1	249.1	n/a	352.2	173.3	8.53	243.0
138.721	0.15	fixation	n/a	352.2	180.7	3679.0	n/a	n/a	n/a	n/a
138.873	0.022	saccade	n/a	349.6	182.2	n/a	304.7	182.5	1.72	117.0
138.897	0.408	fixation	n/a	301.1	183.2	3806.0	n/a	n/a	n/a	n/a
139.006	0.0	trigger_11	11	n/a	n/a	n/a	n/a	n/a	n/a	n/a
139.11	0.0	trigger_10	10	n/a	n/a	n/a	n/a	n/a	n/a	n/a
139.307	0.028	saccade	n/a	300.9	185.5	n/a	205.4	187.4	3.6	182.0
139.337	0.06	fixation	n/a	190.9	189.1	3952.0	n/a	n/a	n/a	n/a
139.399	0.026	saccade	n/a	188.0	190.6	n/a	126.6	186.0	2.29	158.0
139.427	0.124	fixation	n/a	125.6	189.2	3999.0	n/a	n/a	n/a	n/a
139.553	0.134	saccade	n/a	125.5	193.5	n/a	125.7	183.9	0.37	1033.0
139.595	0.04	blink	n/a	n/a	n/a	n/a	n/a	n/a	n/a	n/a
139.689	0.03	fixation	n/a	128.6	187.9	3926.0	n/a	n/a	n/a	n/a
139.721	0.026	saccade	n/a	131.8	190.2	n/a	193.3	190.4	2.29	138.0
139.749	0.14	fixation	n/a	196.9	188.4	3955.0	n/a	n/a	n/a	n/a
139.891	0.022	saccade	n/a	198.8	186.1	n/a	243.8	183.5	1.69	113.0
139.915	0.228	fixation	n/a	247.9	185.3	4026.0	n/a	n/a	n/a	n/a
140.145	0.016	saccade	n/a	246.3	186.9	n/a	227.0	190.7	0.74	60.0
140.163	0.23	fixation	n/a	229.2	189.9	3981.0	n/a	n/a	n/a	n/a
140.395	0.022	saccade	n/a	232.6	188.7	n/a	275.0	185.3	1.61	101.0
140.419	0.288	fixation	n/a	280.0	184.9	3796.0	n/a	n/a	n/a	n/a
140.709	0.028	saccade	n/a	284.5	185.2	n/a	364.9	177.7	3.08	167.0
140.739	0.44	fixation	n/a	365.9	178.3	3774.0	n/a	n/a	n/a	n/a
141.181	0.036	saccade	n/a	354.4	177.9	n/a	474.2	168.6	4.6	194.0
141.219	0.392	fixation	n/a	478.1	175.1	3777.0	n/a	n/a	n/a	n/a
141.613	0.026	saccade	n/a	477.2	172.7	n/a	545.9	161.9	2.67	150.0
141.641	0.13	fixation	n/a	554.5	160.9	3873.0	n/a	n/a	n/a	n/a
141.773	0.064	saccade	n/a	557.0	160.8	n/a	142.5	250.3	15.96	424.0
141.839	0.29	fixation	n/a	143.0	254.1	3873.0	n/a	n/a	n/a	n/a
142.131	0.028	saccade	n/a	163.7	250.2	n/a	257.8	238.6	3.59	186.0
142.161	0.368	fixation	n/a	272.2	243.7	3712.0	n/a	n/a	n/a	n/a
142.531	0.022	saccade	n/a	272.9	246.2	n/a	232.2	251.8	1.56	104.0
142.555	0.042	fixation	n/a	232.5	252.7	3759.0	n/a	n/a	n/a	n/a
142.599	0.048	saccade	n/a	233.7	252.7	n/a	433.8	238.6	7.67	264.0
142.649	0.118	fixation	n/a	439.8	240.2	3740.0	n/a	n/a	n/a	n/a
142.769	0.116	saccade	n/a	439.2	249.8	n/a	495.9	237.7	2.24	1635.0
142.795	0.054	blink	n/a	n/a	n/a	n/a	n/a	n/a	n/a	n/a
142.887	0.244	fixation	n/a	495.5	233.4	3679.0	n/a	n/a	n/a	n/a
143.133	0.026	saccade	n/a	495.0	233.9	n/a	424.4	236.9	2.72	157.0
143.161	0.27	fixation	n/a	416.9	239.8	3715.0	n/a	n/a	n/a	n/a
143.433	0.04	saccade	n/a	416.6	239.4	n/a	542.9	230.1	4.86	196.0
143.475	0.144	fixation	n/a	546.7	229.1	3606.0	n/a	n/a	n/a	n/a
143.621	0.028	saccade	n/a	547.5	228.6	n/a	633.6	232.0	3.28	155.0
143.651	0.242	fixation	n/a	642.5	232.3	3543.0	n/a	n/a	n/a	n/a
143.895	0.04	saccade	n/a	643.3	233.2	n/a	486.8	207.6	6.06	279.0
143.937	0.38	fixation	n/a	481.5	208.6	3659.0	n/a	n/a	n/a	n/a
144.054	0.0	trigger_11	11	n/a	n/a	n/a	n/a	n/a	n/a	n/a
144.16	0.0	trigger_10	10	n/a	n/a	n/a	n/a	n/a	n/a	n/a
144.319	0.052	saccade	n/a	480.8	210.5	n/a	204.4	222.9	10.52	337.0
144.373	0.048	fixation	n/a	197.6	223.3	3845.0	n/a	n/a	n/a	n/a
144.423	0.024	saccade	n/a	196.4	222.5	n/a	180.4	187.8	1.47	126.0
144.449	0.128	fixation	n/a	178.2	187.5	3848.0	n/a	n/a	n/a	n/a
144.579	0.102	saccade	n/a	178.2	192.0	n/a	107.7	187.9	2.62	948.0
144.683	0.232	fixation	n/a	109.2	192.2	3898.0	n/a	n/a	n/a	n/a
144.917	0.026	saccade	n/a	111.8	194.7	n/a	179.9	192.4	2.53	147.0
144.945	0.206	fixation	n/a	192.0	192.6	3968.0	n/a	n/a	n/a	n/a
145.153	0.026	saccade	n/a	197.3	195.2	n/a	266.2	190.6	2.61	137.0
145.181	0.238	fixation	n/a	278.7	188.9	3952.0	n/a	n/a	n/a	n/a
145.421	0.046	saccade	n/a	282.2	188.2	n/a	414.9	176.6	5.1	166.0
145.469	0.172	fixation	n/a	416.9	177.6	3823.0	n/a	n/a	n/a	n/a
145.643	0.144	saccade	n/a	417.4	186.6	n/a	537.3	167.4	4.66	1763.0
145.663	0.084	blink	n/a	n/a	n/a	n/a	n/a	n/a	n/a	n/a
145.789	0.202	fixation	n/a	541.6	169.0	3761.0	n/a	n/a	n/a	n/a
145.993	0.062	saccade	n/a	542.9	168.7	n/a	162.9	242.4	14.67	382.0
146.057	0.136	fixation	n/a	158.3	244.2	3893.0	n/a	n/a	n/a	n/a
146.195	0.018	saccade	n/a	156.5	244.9	n/a	130.4	247.1	0.97	77.0
146.215	0.25	fixation	n/a	133.1	246.9	3805.0	n/a	n/a	n/a	n/a
146.467	0.036	saccade	n/a	133.7	247.1	n/a	258.3	240.7	4.68	199.0
146.505	0.214	fixation	n/a	267.9	239.9	3723.0	n/a	n/a	n/a	n/a
146.721	0.036	saccade	n/a	270.4	238.9	n/a	393.1	238.8	4.67	192.0
146.759	0.22	fixation	n/a	399.9	241.1	3767.0	n/a	n/a	n/a	n/a
146.981	0.016	saccade	n/a	391.3	253.3	n/a	365.9	251.4	0.98	76.0
146.999	0.194	fixation	n/a	363.6	248.2	3774.0	n/a	n/a	n/a	n/a
147.195	0.044	saccade	n/a	368.2	248.1	n/a	522.7	238.0	5.97	210.0
147.241	0.378	fixation	n/a	525.7	243.2	3845.0	n/a	n/a	n/a	n/a
147.621	0.166	saccade	n/a	526.3	251.3	n/a	600.6	238.5	2.89	1030.0
147.647	0.066	blink	n/a	n/a	n/a	n/a	n/a	n/a	n/a	n/a
147.789	0.344	fixation	n/a	606.9	239.3	3784.0	n/a	n/a	n/a	n/a
148.135	0.062	saccade	n/a	609.7	236.1	n/a	215.3	314.9	15.28	373.0
148.199	0.126	fixation	n/a	206.8	316.3	3913.0	n/a	n/a	n/a	n/a
148.327	0.024	saccade	n/a	205.5	317.3	n/a	151.5	313.6	2.03	126.0
148.353	0.158	fixation	n/a	146.4	312.3	3829.0	n/a	n/a	n/a	n/a
148.513	0.018	saccade	n/a	144.4	314.4	n/a	120.4	310.0	0.91	69.0
148.533	0.106	fixation	n/a	122.4	310.0	3747.0	n/a	n/a	n/a	n/a
148.641	0.042	saccade	n/a	123.4	309.5	n/a	284.4	300.3	6.07	234.0
148.685	0.142	fixation	n/a	289.7	298.5	3658.0	n/a	n/a	n/a	n/a
148.829	0.026	saccade	n/a	292.5	299.9	n/a	344.0	298.6	1.98	124.0
148.857	0.084	fixation	n/a	343.6	299.5	3588.0	n/a	n/a	n/a	n/a
148.943	0.112	saccade	n/a	342.6	303.6	n/a	142.3	217.9	8.28	1337.0
148.979	0.036	blink	n/a	n/a	n/a	n/a	n/a	n/a	n/a	n/a
149.057	0.322	fixation	n/a	146.7	228.9	3474.0	n/a	n/a	n/a	n/a
149.381	0.018	saccade	n/a	145.0	237.3	n/a	119.4	241.9	0.97	70.0
149.401	0.088	fixation	n/a	118.8	244.1	3584.0	n/a	n/a	n/a	n/a
149.491	0.034	saccade	n/a	119.4	244.5	n/a	241.7	242.5	4.59	233.0
149.496	0.0	trigger_11	11	n/a	n/a	n/a	n/a	n/a	n/a	n/a
149.527	0.27	fixation	n/a	251.2	243.4	3706.0	n/a	n/a	n/a	n/a
149.6	0.0	trigger_12	12	n/a	n/a	n/a	n/a	n/a	n/a	n/a
149.799	0.038	saccade	n/a	251.4	244.0	n/a	111.5	219.5	5.32	246.0
149.839	0.136	fixation	n/a	109.2	221.3	3733.0	n/a	n/a	n/a	n/a
149.977	0.118	saccade	n/a	113.2	223.3	n/a	160.7	178.6	2.46	1212.0
150.003	0.044	blink	n/a	n/a	n/a	n/a	n/a	n/a	n/a	n/a
150.097	0.288	fixation	n/a	161.5	183.8	3645.0	n/a	n/a	n/a	n/a
150.387	0.028	saccade	n/a	165.1	184.2	n/a	260.0	176.2	3.6	174.0
150.417	0.206	fixation	n/a	273.1	177.5	3711.0	n/a	n/a	n/a	n/a
150.625	0.028	saccade	n/a	275.8	178.2	n/a	358.7	172.3	3.19	158.0
150.655	0.184	fixation	n/a	369.5	171.5	3713.0	n/a	n/a	n/a	n/a
150.841	0.034	saccade	n/a	372.2	173.0	n/a	468.4	173.9	3.71	177.0
150.877	0.162	fixation	n/a	473.2	172.6	3705.0	n/a	n/a	n/a	n/a
151.041	0.022	saccade	n/a	474.8	173.5	n/a	518.8	173.4	1.7	108.0
151.065	0.11	fixation	n/a	521.8	173.2	3740.0	n/a	n/a	n/a	n/a
151.177	0.06	saccade	n/a	522.0	172.5	n/a	141.1	178.3	14.4	393.0
151.239	0.22	fixation	n/a	137.7	183.7	3825.0	n/a	n/a	n/a	n/a
151.461	0.018	saccade	n/a	136.5	184.4	n/a	107.5	186.6	1.08	82.0
151.481	0.206	fixation	n/a	108.8	186.5	3852.0	n/a	n/a	n/a	n/a
151.689	0.024	saccade	n/a	108.6	188.5	n/a	94.9	227.2	1.56	113.0
151.715	0.412	fixation	n/a	96.8	235.7	3894.0	n/a	n/a	n/a	n/a
151.88	0.0	trigger_13	13	n/a	n/a	n/a	n/a	n/a	n/a	n/a
152.129	0.022	saccade	n/a	101.2	236.9	n/a	116.0	204.6	1.35	87.0
152.153	0.19	fixation	n/a	120.8	202.2	3951.0	n/a	n/a	n/a	n/a
152.345	0.028	saccade	n/a	118.7	204.5	n/a	103.8	289.1	3.28	189.0
152.375	0.152	fixation	n/a	99.9	292.9	3907.0	n/a	n/a	n/a	n/a
152.529	0.026	saccade	n/a	101.7	294.2	n/a	112.0	355.7	2.37	157.0
152.557	0.106	fixation	n/a	112.6	359.2	3912.0	n/a	n/a	n/a	n/a
152.665	0.06	saccade	n/a	113.8	358.8	n/a	345.3	165.2	11.46	310.0
152.727	0.128	fixation	n/a	355.2	158.5	3947.0	n/a	n/a	n/a	n/a
152.857	0.038	saccade	n/a	357.4	158.4	n/a	481.9	164.8	4.8	197.0
152.897	0.1	fixation	n/a	484.2	169.0	3979.0	n/a	n/a	n/a	n/a
152.999	0.058	saccade	n/a	484.9	172.7	n/a	117.6	340.9	15.34	477.0
153.059	0.432	fixation	n/a	107.6	349.8	3938.0	n/a	n/a	n/a	n/a
153.256	0.0	trigger_15	15	n/a	n/a	n/a	n/a	n/a	n/a	n/a
153.316	0.0	trigger_10	10	n/a	n/a	n/a	n/a	n/a	n/a	n/a
153.493	0.134	saccade	n/a	108.4	353.6	n/a	138.9	199.3	5.99	1200.0
153.531	0.05	blink	n/a	n/a	n/a	n/a	n/a	n/a	n/a	n/a
153.629	0.216	fixation	n/a	144.7	202.4	3758.0	n/a	n/a	n/a	n/a
153.847	0.014	saccade	n/a	145.9	201.6	n/a	132.2	193.6	0.59	51.0
153.863	0.208	fixation	n/a	138.2	194.8	3744.0	n/a	n/a	n/a	n/a
154.073	0.016	saccade	n/a	138.4	197.8	n/a	117.0	195.0	0.8	62.0
154.091	0.312	fixation	n/a	119.5	191.3	3657.0	n/a	n/a	n/a	n/a
154.405	0.04	saccade	n/a	122.3	192.0	n/a	238.6	185.4	4.36	156.0
154.447	0.256	fixation	n/a	240.9	185.6	3571.0	n/a	n/a	n/a	n/a
154.705	0.024	saccade	n/a	243.6	186.2	n/a	299.0	187.1	2.1	125.0
154.731	0.214	fixation	n/a	307.6	190.4	3675.0	n/a	n/a	n/a	n/a
154.947	0.03	saccade	n/a	312.1	192.7	n/a	388.1	176.1	2.98	177.0
154.979	0.172	fixation	n/a	393.9	176.0	3661.0	n/a	n/a	n/a	n/a
155.153	0.068	saccade	n/a	396.8	174.6	n/a	214.7	178.1	6.9	242.0
155.223	0.382	fixation	n/a	203.9	181.1	3758.0	n/a	n/a	n/a	n/a
155.607	0.026	saccade	n/a	200.4	184.5	n/a	275.2	180.7	2.82	154.0
155.635	0.3	fixation	n/a	287.6	187.2	3851.0	n/a	n/a	n/a	n/a
155.937	0.322	saccade	n/a	289.6	190.4	n/a	350.0	191.9	2.31	1390.0
155.969	0.03	blink	n/a	n/a	n/a	n/a	n/a	n/a	n/a	n/a
156.261	0.034	fixation	n/a	352.9	191.3	3584.0	n/a	n/a	n/a	n/a
156.297	0.122	saccade	n/a	352.6	191.4	n/a	435.2	175.3	3.22	229.0
156.421	0.118	fixation	n/a	434.3	177.5	3710.0	n/a	n/a	n/a	n/a
156.541	0.054	saccade	n/a	435.1	182.1	n/a	141.9	189.9	11.07	349.0
156.597	0.676	fixation	n/a	138.2	190.3	3753.0	n/a	n/a	n/a	n/a
156.88	0.0	trigger_11	11	n/a	n/a	n/a	n/a	n/a	n/a	n/a
156.984	0.0	trigger_10	10	n/a	n/a	n/a	n/a	n/a	n/a	n/a
157.275	0.116	saccade	n/a	140.9	193.4	n/a	125.0	177.5	0.84	1260.0
157.315	0.008	blink	n/a	n/a	n/a	n/a	n/a	n/a	n/a	n/a
157.393	0.182	fixation	n/a	128.1	183.0	3648.0	n/a	n/a	n/a	n/a
157.577	0.14	saccade	n/a	126.0	182.7	n/a	182.9	178.6	2.11	939.0
157.623	0.042	blink	n/a	n/a	n/a	n/a	n/a	n/a	n/a	n/a
157.719	0.278	fixation	n/a	181.8	187.0	3741.0	n/a	n/a	n/a	n/a
157.999	0.024	saccade	n/a	185.4	188.5	n/a	245.0	182.7	2.25	125.0
158.025	0.176	fixation	n/a	257.2	181.9	3751.0	n/a	n/a	n/a	n/a
158.203	0.026	saccade	n/a	259.9	181.8	n/a	323.6	178.2	2.43	127.0
158.231	0.176	fixation	n/a	334.6	176.6	3632.0	n/a	n/a	n/a	n/a
158.409	0.028	saccade	n/a	338.8	175.1	n/a	424.3	169.6	3.28	159.0
158.439	0.234	fixation	n/a	433.8	171.2	3510.0	n/a	n/a	n/a	n/a
158.675	0.02	saccade	n/a	433.6	171.0	n/a	397.6	173.3	1.38	91.0
158.697	0.234	fixation	n/a	391.6	176.2	3520.0	n/a	n/a	n/a	n/a
158.933	0.04	saccade	n/a	391.7	179.2	n/a	537.4	182.7	5.57	212.0
158.975	0.158	fixation	n/a	547.9	180.3	3505.0	n/a	n/a	n/a	n/a
159.135	0.022	saccade	n/a	552.6	182.0	n/a	588.9	173.1	1.43	94.0
159.159	0.06	fixation	n/a	589.9	172.4	3565.0	n/a	n/a	n/a	n/a
159.221	0.062	saccade	n/a	591.2	171.6	n/a	172.9	248.1	15.97	472.0
159.285	0.136	fixation	n/a	163.8	252.7	3670.0	n/a	n/a	n/a	n/a
159.423	0.02	saccade	n/a	162.0	255.1	n/a	126.9	252.1	1.3	90.0
159.445	0.236	fixation	n/a	125.8	253.3	3637.0	n/a	n/a	n/a	n/a
159.683	0.03	saccade	n/a	126.9	255.0	n/a	220.0	249.7	3.48	175.0
159.715	0.046	fixation	n/a	232.2	246.2	3567.0	n/a	n/a	n/a	n/a
159.763	0.15	saccade	n/a	234.5	244.9	n/a	361.0	240.0	4.81	1730.0
159.793	0.08	blink	n/a	n/a	n/a	n/a	n/a	n/a	n/a	n/a
159.915	0.212	fixation	n/a	369.4	240.8	3485.0	n/a	n/a	n/a	n/a
160.129	0.02	saccade	n/a	368.8	240.1	n/a	337.8	241.6	1.19	87.0
160.151	0.228	fixation	n/a	338.0	242.4	3558.0	n/a	n/a	n/a	n/a
160.381	0.026	saccade	n/a	340.2	243.3	n/a	403.5	239.9	2.43	129.0
160.409	0.208	fixation	n/a	409.7	237.5	3449.0	n/a	n/a	n/a	n/a
160.619	0.026	saccade	n/a	415.6	242.0	n/a	484.9	241.9	2.67	144.0
160.647	0.212	fixation	n/a	492.8	243.5	3344.0	n/a	n/a	n/a	n/a
160.861	0.024	saccade	n/a	495.6	240.3	n/a	543.0	242.8	1.82	98.0
160.887	0.124	fixation	n/a	549.3	243.1	3289.0	n/a	n/a	n/a	n/a
161.013	0.126	saccade	n/a	549.3	248.9	n/a	117.4	299.2	16.29	2127.0
161.061	0.032	blink	n/a	n/a	n/a	n/a	n/a	n/a	n/a	n/a
161.141	0.22	fixation	n/a	124.9	301.4	3231.0	n/a	n/a	n/a	n/a
161.363	0.046	saccade	n/a	124.7	300.7	n/a	267.2	298.1	5.31	173.0
161.411	0.188	fixation	n/a	273.3	302.0	3287.0	n/a	n/a	n/a	n/a
161.601	0.036	saccade	n/a	276.3	303.3	n/a	388.4	293.9	4.29	168.0
161.639	0.168	fixation	n/a	392.7	294.2	3261.0	n/a	n/a	n/a	n/a
161.809	0.042	saccade	n/a	395.8	295.6	n/a	537.4	299.7	5.41	189.0
161.853	0.164	fixation	n/a	542.0	299.8	3181.0	n/a	n/a	n/a	n/a
162.019	0.018	saccade	n/a	546.9	300.6	n/a	572.2	309.8	1.02	71.0
162.039	0.146	fixation	n/a	574.6	311.5	3161.0	n/a	n/a	n/a	n/a
162.187	0.138	saccade	n/a	576.6	316.3	n/a	280.5	192.9	12.19	1836.0
162.225	0.028	blink	n/a	n/a	n/a	n/a	n/a	n/a	n/a	n/a
162.327	0.392	fixation	n/a	284.7	193.6	3071.0	n/a	n/a	n/a	n/a
162.44	0.0	trigger_11	11	n/a	n/a	n/a	n/a	n/a	n/a	n/a
162.544	0.0	trigger_10	10	n/a	n/a	n/a	n/a	n/a	n/a	n/a
162.721	0.038	saccade	n/a	286.8	196.1	n/a	143.6	184.2	5.4	234.0
162.761	0.52	fixation	n/a	140.0	184.3	3192.0	n/a	n/a	n/a	n/a
163.283	0.042	saccade	n/a	147.6	185.5	n/a	302.8	177.7	5.84	222.0
163.327	0.378	fixation	n/a	311.7	182.1	3270.0	n/a	n/a	n/a	n/a
163.707	0.026	saccade	n/a	313.2	185.7	n/a	381.9	179.0	2.65	146.0
163.735	0.18	fixation	n/a	388.1	178.3	3341.0	n/a	n/a	n/a	n/a
163.917	0.042	saccade	n/a	389.6	177.9	n/a	391.5	183.1	0.22	484.0
163.961	0.064	fixation	n/a	391.8	182.3	3298.0	n/a	n/a	n/a	n/a
164.027	0.032	saccade	n/a	393.1	181.8	n/a	485.9	177.6	3.57	152.0
164.061	0.446	fixation	n/a	494.0	175.3	3347.0	n/a	n/a	n/a	n/a
164.509	0.04	saccade	n/a	496.5	176.2	n/a	604.9	167.1	4.15	154.0
164.551	0.084	fixation	n/a	606.3	168.2	3341.0	n/a	n/a	n/a	n/a
164.637	0.11	saccade	n/a	604.6	176.0	n/a	150.0	246.0	17.27	1194.0
164.671	0.026	blink	n/a	n/a	n/a	n/a	n/a	n/a	n/a	n/a
164.749	0.276	fixation	n/a	155.9	247.0	3479.0	n/a	n/a	n/a	n/a
165.027	0.036	saccade	n/a	156.3	248.6	n/a	271.6	243.8	4.35	208.0
165.065	0.284	fixation	n/a	276.4	242.8	3599.0	n/a	n/a	n/a	n/a
165.351	0.022	saccade	n/a	279.0	243.3	n/a	316.6	242.3	1.44	91.0
165.375	0.16	fixation	n/a	324.0	242.6	3597.0	n/a	n/a	n/a	n/a
165.537	0.034	saccade	n/a	327.0	241.3	n/a	435.8	238.4	4.19	189.0
165.573	0.272	fixation	n/a	440.0	239.2	3606.0	n/a	n/a	n/a	n/a
165.847	0.028	saccade	n/a	443.4	237.0	n/a	523.6	230.1	3.11	148.0
165.877	0.16	fixation	n/a	529.9	231.3	3603.0	n/a	n/a	n/a	n/a
166.039	0.02	saccade	n/a	532.1	233.4	n/a	561.1	234.9	1.12	82.0
166.061	0.078	fixation	n/a	559.3	237.3	3522.0	n/a	n/a	n/a	n/a
166.141	0.06	saccade	n/a	560.2	238.8	n/a	172.8	296.7	14.87	409.0
166.203	0.282	fixation	n/a	168.6	301.8	3584.0	n/a	n/a	n/a	n/a
166.487	0.026	saccade	n/a	170.9	306.6	n/a	237.9	303.0	2.54	144.0
166.515	0.092	fixation	n/a	247.7	306.2	3639.0	n/a	n/a	n/a	n/a
166.609	0.124	saccade	n/a	248.3	309.7	n/a	321.9	286.4	2.97	947.0
166.637	0.05	blink	n/a	n/a	n/a	n/a	n/a	n/a	n/a	n/a
166.735	0.196	fixation	n/a	331.1	298.0	3567.0	n/a	n/a	n/a	n/a
166.933	0.02	saccade	n/a	334.3	299.2	n/a	372.7	299.4	1.49	100.0
166.955	0.556	fixation	n/a	376.0	297.1	3609.0	n/a	n/a	n/a	n/a
167.256	0.0	trigger_11	11	n/a	n/a	n/a	n/a	n/a	n/a	n/a
167.36	0.0	trigger_10	10	n/a	n/a	n/a	n/a	n/a	n/a	n/a
167.513	0.05	saccade	n/a	374.8	295.6	n/a	150.4	219.8	9.01	279.0
167.565	0.038	fixation	n/a	147.0	220.6	3584.0	n/a	n/a	n/a	n/a
167.605	0.146	saccade	n/a	147.8	221.3	n/a	148.1	175.3	1.78	1418.0
167.629	0.08	blink	n/a	n/a	n/a	n/a	n/a	n/a	n/a	n/a
167.753	0.262	fixation	n/a	148.8	175.6	3592.0	n/a	n/a	n/a	n/a
168.017	0.018	saccade	n/a	151.7	173.2	n/a	182.8	174.8	1.17	85.0
168.037	0.296	fixation	n/a	186.2	177.9	3701.0	n/a	n/a	n/a	n/a
168.335	0.032	saccade	n/a	188.9	181.6	n/a	294.0	174.2	4.01	196.0
168.369	0.524	fixation	n/a	298.5	179.8	3777.0	n/a	n/a	n/a	n/a
168.895	0.028	saccade	n/a	297.3	181.5	n/a	371.6	177.3	2.87	144.0
168.925	0.124	fixation	n/a	377.4	178.1	3841.0	n/a	n/a	n/a	n/a
169.051	0.116	saccade	n/a	378.2	181.1	n/a	394.7	155.6	1.19	2018.0
169.077	0.044	blink	n/a	n/a	n/a	n/a	n/a	n/a	n/a	n/a
169.169	0.332	fixation	n/a	394.8	171.3	3678.0	n/a	n/a	n/a	n/a
169.503	0.024	saccade	n/a	395.4	177.4	n/a	345.3	179.1	1.94	136.0
169.529	0.192	fixation	n/a	342.4	181.5	3766.0	n/a	n/a	n/a	n/a
169.723	0.04	saccade	n/a	341.8	184.0	n/a	471.0	177.3	5.0	208.0
169.765	0.408	fixation	n/a	474.0	177.0	3707.0	n/a	n/a	n/a	n/a
170.175	0.032	saccade	n/a	467.8	172.9	n/a	567.2	168.1	3.83	186.0
170.209	0.104	fixation	n/a	571.6	172.0	3664.0	n/a	n/a	n/a	n/a
170.315	0.156	saccade	n/a	571.6	177.5	n/a	142.1	247.8	16.5	1517.0
170.339	0.06	blink	n/a	n/a	n/a	n/a	n/a	n/a	n/a	n/a
170.473	0.364	fixation	n/a	132.5	249.1	3806.0	n/a	n/a	n/a	n/a
170.839	0.032	saccade	n/a	129.3	247.1	n/a	243.8	242.0	4.32	197.0
170.873	0.286	fixation	n/a	254.5	241.3	3632.0	n/a	n/a	n/a	n/a
171.161	0.028	saccade	n/a	254.6	242.3	n/a	339.6	233.5	3.27	155.0
171.191	0.224	fixation	n/a	354.5	235.7	3544.0	n/a	n/a	n/a	n/a
171.417	0.032	saccade	n/a	356.5	238.6	n/a	452.4	234.5	3.71	183.0
171.451	0.204	fixation	n/a	459.5	234.7	3565.0	n/a	n/a	n/a	n/a
171.657	0.014	saccade	n/a	458.0	237.8	n/a	440.4	234.7	0.69	58.0
171.673	0.15	fixation	n/a	442.0	234.8	3584.0	n/a	n/a	n/a	n/a
171.825	0.026	saccade	n/a	444.5	233.2	n/a	509.5	234.0	2.51	142.0
171.853	0.182	fixation	n/a	514.9	232.5	3499.0	n/a	n/a	n/a	n/a
172.037	0.052	saccade	n/a	517.7	234.6	n/a	264.2	169.5	10.06	316.0
172.088	0.0	trigger_11	11	n/a	n/a	n/a	n/a	n/a	n/a	n/a
172.091	0.272	fixation	n/a	259.0	167.7	3596.0	n/a	n/a	n/a	n/a
172.192	0.0	trigger_10	10	n/a	n/a	n/a	n/a	n/a	n/a	n/a
172.365	0.036	saccade	n/a	257.7	168.0	n/a	137.5	170.4	4.53	223.0
172.403	0.194	fixation	n/a	133.1	173.7	3721.0	n/a	n/a	n/a	n/a
172.599	0.124	saccade	n/a	134.4	178.7	n/a	187.1	174.3	1.99	1254.0
172.627	0.052	blink	n/a	n/a	n/a	n/a	n/a	n/a	n/a	n/a
172.725	0.256	fixation	n/a	192.4	180.0	3810.0	n/a	n/a	n/a	n/a
172.983	0.028	saccade	n/a	192.3	182.8	n/a	127.2	187.1	2.45	154.0
173.013	0.728	fixation	n/a	127.2	188.7	3968.0	n/a	n/a	n/a	n/a
173.743	0.024	saccade	n/a	136.6	186.8	n/a	197.8	183.6	2.31	132.0
173.769	0.086	fixation	n/a	202.9	185.9	3929.0	n/a	n/a	n/a	n/a
173.857	0.13	saccade	n/a	199.9	180.4	n/a	238.1	182.1	1.46	1172.0
173.895	0.052	blink	n/a	n/a	n/a	n/a	n/a	n/a	n/a	n/a
173.989	0.154	fixation	n/a	242.5	185.0	3815.0	n/a	n/a	n/a	n/a
174.145	0.024	saccade	n/a	247.5	182.1	n/a	303.6	182.5	2.17	121.0
174.171	0.412	fixation	n/a	314.7	184.2	3873.0	n/a	n/a	n/a	n/a
174.585	0.026	saccade	n/a	319.0	184.2	n/a	380.4	180.5	2.39	130.0
174.613	0.194	fixation	n/a	389.2	181.4	3745.0	n/a	n/a	n/a	n/a
174.809	0.038	saccade	n/a	391.9	181.3	n/a	511.5	174.7	4.65	184.0
174.849	0.198	fixation	n/a	515.8	171.6	3655.0	n/a	n/a	n/a	n/a
175.049	0.02	saccade	n/a	514.7	172.2	n/a	485.9	176.0	1.13	82.0
175.071	0.252	fixation	n/a	485.1	177.8	3626.0	n/a	n/a	n/a	n/a
175.325	0.056	saccade	n/a	486.0	179.9	n/a	184.2	238.3	11.79	364.0
175.383	0.132	fixation	n/a	183.4	241.0	3610.0	n/a	n/a	n/a	n/a
175.517	0.024	saccade	n/a	183.7	241.3	n/a	128.8	245.6	2.07	127.0
175.543	0.308	fixation	n/a	130.0	245.5	3498.0	n/a	n/a	n/a	n/a
175.853	0.03	saccade	n/a	136.5	242.9	n/a	220.0	237.3	3.15	142.0
175.885	0.268	fixation	n/a	229.9	237.4	3391.0	n/a	n/a	n/a	n/a
176.155	0.028	saccade	n/a	231.5	238.9	n/a	316.8	237.2	3.28	166.0
176.185	0.146	fixation	n/a	326.4	237.8	3326.0	n/a	n/a	n/a	n/a
176.333	0.024	saccade	n/a	326.1	239.0	n/a	274.5	239.4	1.98	122.0
176.359	0.134	fixation	n/a	268.8	239.5	3338.0	n/a	n/a	n/a	n/a
176.495	0.142	saccade	n/a	267.0	242.7	n/a	160.0	167.5	4.99	1633.0
176.531	0.06	blink	n/a	n/a	n/a	n/a	n/a	n/a	n/a	n/a
176.639	0.286	fixation	n/a	168.8	172.8	3360.0	n/a	n/a	n/a	n/a
176.898	0.0	trigger_11	11	n/a	n/a	n/a	n/a	n/a	n/a	n/a
176.927	0.018	saccade	n/a	165.1	171.0	n/a	140.0	175.8	0.96	74.0
176.947	0.382	fixation	n/a	142.4	175.8	3497.0	n/a	n/a	n/a	n/a
177.0	0.0	trigger_10	10	n/a	n/a	n/a	n/a	n/a	n/a	n/a
177.331	0.016	saccade	n/a	146.3	177.1	n/a	166.7	176.2	0.76	57.0
177.349	0.268	fixation	n/a	170.1	175.0	3515.0	n/a	n/a	n/a	n/a
177.619	0.042	saccade	n/a	171.0	175.7	n/a	316.2	168.7	5.52	202.0
177.663	0.238	fixation	n/a	321.1	169.4	3502.0	n/a	n/a	n/a	n/a
177.903	0.026	saccade	n/a	326.0	172.1	n/a	393.2	170.2	2.59	131.0
177.931	0.15	fixation	n/a	401.0	171.8	3487.0	n/a	n/a	n/a	n/a
178.083	0.024	saccade	n/a	399.4	172.3	n/a	334.3	174.2	2.52	151.0
178.109	0.226	fixation	n/a	325.7	176.2	3462.0	n/a	n/a	n/a	n/a
178.337	0.046	saccade	n/a	327.7	177.6	n/a	474.3	174.5	5.66	177.0
178.385	0.146	fixation	n/a	477.3	176.7	3442.0	n/a	n/a	n/a	n/a
178.533	0.024	saccade	n/a	478.5	176.6	n/a	530.1	173.6	2.0	118.0
178.559	0.088	fixation	n/a	531.7	175.4	3417.0	n/a	n/a	n/a	n/a
178.649	0.12	saccade	n/a	528.7	184.2	n/a	137.8	249.0	14.99	1141.0
178.679	0.05	blink	n/a	n/a	n/a	n/a	n/a	n/a	n/a	n/a
178.771	0.198	fixation	n/a	140.2	246.5	3487.0	n/a	n/a	n/a	n/a
178.971	0.014	saccade	n/a	138.1	246.3	n/a	121.3	248.7	0.63	52.0
178.987	0.152	fixation	n/a	123.9	248.2	3511.0	n/a	n/a	n/a	n/a
179.141	0.128	saccade	n/a	123.3	248.7	n/a	167.1	243.1	1.65	1329.0
179.175	0.044	blink	n/a	n/a	n/a	n/a	n/a	n/a	n/a	n/a
179.271	0.118	fixation	n/a	168.1	246.4	3395.0	n/a	n/a	n/a	n/a
179.391	0.026	saccade	n/a	165.5	244.3	n/a	103.7	246.3	2.29	140.0
179.419	0.268	fixation	n/a	106.0	249.2	3519.0	n/a	n/a	n/a	n/a
179.689	0.026	saccade	n/a	111.5	252.1	n/a	169.8	251.0	2.17	145.0
179.717	0.328	fixation	n/a	173.7	250.4	3637.0	n/a	n/a	n/a	n/a
180.047	0.03	saccade	n/a	176.1	249.5	n/a	254.8	240.6	3.0	164.0
180.079	0.536	fixation	n/a	250.9	240.5	3669.0	n/a	n/a	n/a	n/a
180.617	0.02	saccade	n/a	248.9	242.1	n/a	279.4	244.6	1.17	83.0
180.639	0.198	fixation	n/a	283.7	244.3	3715.0	n/a	n/a	n/a	n/a
180.839	0.026	saccade	n/a	287.7	245.1	n/a	366.9	240.6	3.05	155.0
180.867	0.266	fixation	n/a	374.3	240.3	3827.0	n/a	n/a	n/a	n/a
181.135	0.028	saccade	n/a	376.2	239.5	n/a	462.6	234.0	3.34	161.0
181.165	0.202	fixation	n/a	472.7	236.0	3919.0	n/a	n/a	n/a	n/a
181.369	0.026	saccade	n/a	474.0	241.2	n/a	533.5	238.5	2.3	120.0
181.397	0.268	fixation	n/a	539.8	241.9	3844.0	n/a	n/a	n/a	n/a
181.667	0.028	saccade	n/a	532.2	246.0	n/a	615.8	240.2	3.21	154.0
181.697	0.124	fixation	n/a	626.0	239.7	3694.0	n/a	n/a	n/a	n/a
181.823	0.13	saccade	n/a	624.7	248.6	n/a	137.9	300.1	18.41	1430.0
181.851	0.052	blink	n/a	n/a	n/a	n/a	n/a	n/a	n/a	n/a
181.955	0.144	fixation	n/a	142.2	299.6	3726.0	n/a	n/a	n/a	n/a
182.101	0.018	saccade	n/a	142.3	301.7	n/a	118.7	307.7	0.9	72.0
182.121	0.4	fixation	n/a	121.7	308.5	3669.0	n/a	n/a	n/a	n/a
182.523	0.026	saccade	n/a	122.3	309.5	n/a	192.2	302.3	2.62	153.0
182.551	0.244	fixation	n/a	207.2	301.3	3442.0	n/a	n/a	n/a	n/a
182.797	0.024	saccade	n/a	210.8	302.1	n/a	267.0	297.1	2.14	135.0
182.823	0.212	fixation	n/a	269.8	297.4	3391.0	n/a	n/a	n/a	n/a
183.037	0.038	saccade	n/a	271.4	299.6	n/a	125.7	301.5	5.48	253.0
183.077	0.636	fixation	n/a	111.9	309.1	3450.0	n/a	n/a	n/a	n/a
183.434	0.0	trigger_11	11	n/a	n/a	n/a	n/a	n/a	n/a	n/a
183.54	0.0	trigger_10	10	n/a	n/a	n/a	n/a	n/a	n/a	n/a
183.715	0.036	saccade	n/a	103.9	311.3	n/a	145.2	207.9	4.25	179.0
183.753	0.188	fixation	n/a	148.4	203.5	3575.0	n/a	n/a	n/a	n/a
183.943	0.102	saccade	n/a	147.4	204.7	n/a	167.7	182.8	1.13	1349.0
183.981	0.014	blink	n/a	n/a	n/a	n/a	n/a	n/a	n/a	n/a
184.047	0.194	fixation	n/a	168.5	181.2	3558.0	n/a	n/a	n/a	n/a
184.243	0.02	saccade	n/a	168.6	181.8	n/a	134.3	187.7	1.3	91.0
184.265	0.268	fixation	n/a	133.9	187.6	3672.0	n/a	n/a	n/a	n/a
184.535	0.026	saccade	n/a	137.8	191.8	n/a	200.0	189.1	2.33	128.0
184.563	0.168	fixation	n/a	206.9	189.1	3709.0	n/a	n/a	n/a	n/a
184.733	0.028	saccade	n/a	211.4	190.8	n/a	294.8	188.9	3.18	162.0
184.763	0.372	fixation	n/a	309.1	188.3	3648.0	n/a	n/a	n/a	n/a
185.137	0.028	saccade	n/a	312.2	188.5	n/a	390.8	182.6	3.03	151.0
185.167	0.202	fixation	n/a	401.6	182.3	3564.0	n/a	n/a	n/a	n/a
185.371	0.024	saccade	n/a	406.1	182.9	n/a	467.8	183.1	2.38	138.0
185.397	0.15	fixation	n/a	473.4	184.7	3518.0	n/a	n/a	n/a	n/a
185.549	0.028	saccade	n/a	475.3	186.7	n/a	554.7	183.8	3.06	150.0
185.579	0.112	fixation	n/a	564.6	183.3	3548.0	n/a	n/a	n/a	n/a
185.693	0.144	saccade	n/a	561.7	189.5	n/a	128.2	238.0	16.44	1321.0
185.713	0.086	blink	n/a	n/a	n/a	n/a	n/a	n/a	n/a	n/a
185.839	0.258	fixation	n/a	130.0	241.6	3568.0	n/a	n/a	n/a	n/a
186.099	0.04	saccade	n/a	133.3	242.0	n/a	234.1	242.4	3.79	130.0
186.141	0.258	fixation	n/a	234.3	243.2	3544.0	n/a	n/a	n/a	n/a
186.401	0.044	saccade	n/a	236.8	244.2	n/a	351.2	246.1	4.38	156.0
186.447	0.178	fixation	n/a	353.6	244.8	3560.0	n/a	n/a	n/a	n/a
186.627	0.02	saccade	n/a	351.8	244.7	n/a	320.7	245.4	1.19	84.0
186.649	0.144	fixation	n/a	320.0	245.9	3582.0	n/a	n/a	n/a	n/a
186.795	0.024	saccade	n/a	323.1	246.1	n/a	384.5	242.1	2.37	142.0
186.821	0.474	fixation	n/a	394.1	241.7	3658.0	n/a	n/a	n/a	n/a
187.034	0.0	trigger_11	11	n/a	n/a	n/a	n/a	n/a	n/a	n/a
187.138	0.0	trigger_10	10	n/a	n/a	n/a	n/a	n/a	n/a	n/a
187.297	0.042	saccade	n/a	395.4	243.4	n/a	225.8	177.6	6.97	297.0
187.341	0.136	fixation	n/a	223.8	174.9	3840.0	n/a	n/a	n/a	n/a
187.479	0.024	saccade	n/a	225.1	178.2	n/a	167.3	185.7	2.2	137.0
187.505	0.304	fixation	n/a	161.5	189.1	3875.0	n/a	n/a	n/a	n/a
187.811	0.04	saccade	n/a	162.6	190.5	n/a	297.4	184.9	5.11	206.0
187.853	0.326	fixation	n/a	304.1	185.2	3908.0	n/a	n/a	n/a	n/a
188.181	0.028	saccade	n/a	308.6	187.7	n/a	396.6	183.1	3.4	178.0
188.211	0.172	fixation	n/a	403.3	181.5	3882.0	n/a	n/a	n/a	n/a
188.385	0.048	saccade	n/a	404.2	182.2	n/a	178.9	193.2	8.59	302.0
188.435	0.394	fixation	n/a	175.1	192.7	3879.0	n/a	n/a	n/a	n/a
188.546	0.0	trigger_11	11	n/a	n/a	n/a	n/a	n/a	n/a	n/a
188.65	0.0	trigger_10	10	n/a	n/a	n/a	n/a	n/a	n/a	n/a
188.831	0.02	saccade	n/a	175.2	197.1	n/a	146.8	192.9	1.08	88.0
188.853	0.124	fixation	n/a	147.6	192.2	3928.0	n/a	n/a	n/a	n/a
188.979	0.118	saccade	n/a	148.9	195.8	n/a	120.3	190.4	1.08	1185.0
189.017	0.026	blink	n/a	n/a	n/a	n/a	n/a	n/a	n/a	n/a
189.099	0.218	fixation	n/a	121.7	184.7	3764.0	n/a	n/a	n/a	n/a
189.319	0.024	saccade	n/a	124.6	183.8	n/a	177.6	182.7	1.98	122.0
189.345	0.184	fixation	n/a	179.9	185.1	3752.0	n/a	n/a	n/a	n/a
189.531	0.03	saccade	n/a	181.9	184.0	n/a	271.1	181.0	3.38	182.0
189.563	0.178	fixation	n/a	276.9	182.6	3684.0	n/a	n/a	n/a	n/a
189.743	0.016	saccade	n/a	275.4	184.2	n/a	256.6	184.2	0.72	58.0
189.761	0.304	fixation	n/a	258.4	183.8	3545.0	n/a	n/a	n/a	n/a
190.067	0.026	saccade	n/a	260.0	183.8	n/a	324.2	182.2	2.46	134.0
190.095	0.156	fixation	n/a	331.3	181.8	3532.0	n/a	n/a	n/a	n/a
190.253	0.03	saccade	n/a	334.1	181.4	n/a	433.3	175.3	3.83	178.0
190.285	0.548	fixation	n/a	447.3	173.8	3600.0	n/a	n/a	n/a	n/a
190.835	0.028	saccade	n/a	448.7	176.6	n/a	532.4	170.8	3.23	157.0
190.865	0.06	fixation	n/a	539.2	170.8	3521.0	n/a	n/a	n/a	n/a
190.927	0.034	saccade	n/a	540.2	172.0	n/a	412.2	178.4	4.94	237.0
190.963	0.276	fixation	n/a	396.8	183.7	3632.0	n/a	n/a	n/a	n/a
191.241	0.042	saccade	n/a	389.5	190.1	n/a	528.1	181.4	5.35	201.0
191.285	0.124	fixation	n/a	533.1	179.6	3803.0	n/a	n/a	n/a	n/a
191.411	0.098	saccade	n/a	531.8	183.1	n/a	555.3	182.6	0.9	1598.0
191.443	0.02	blink	n/a	n/a	n/a	n/a	n/a	n/a	n/a	n/a
191.511	0.22	fixation	n/a	555.0	184.8	3687.0	n/a	n/a	n/a	n/a
191.733	0.062	saccade	n/a	555.9	182.0	n/a	147.7	242.3	15.64	389.0
191.797	0.142	fixation	n/a	143.5	244.4	3711.0	n/a	n/a	n/a	n/a
191.941	0.016	saccade	n/a	140.3	245.4	n/a	120.7	249.6	0.74	61.0
191.959	0.156	fixation	n/a	122.3	251.3	3664.0	n/a	n/a	n/a	n/a
192.117	0.128	saccade	n/a	122.2	254.9	n/a	258.1	239.5	5.14	1322.0
192.141	0.06	blink	n/a	n/a	n/a	n/a	n/a	n/a	n/a	n/a
192.247	0.296	fixation	n/a	257.8	245.7	3491.0	n/a	n/a	n/a	n/a
192.545	0.016	saccade	n/a	257.6	245.7	n/a	238.9	243.8	0.72	57.0
192.563	0.196	fixation	n/a	237.5	244.7	3510.0	n/a	n/a	n/a	n/a
192.761	0.028	saccade	n/a	239.7	245.1	n/a	318.5	242.9	3.01	147.0
192.791	0.186	fixation	n/a	328.2	245.6	3439.0	n/a	n/a	n/a	n/a
192.979	0.034	saccade	n/a	329.4	245.1	n/a	444.9	239.4	4.46	184.0
193.015	0.398	fixation	n/a	455.7	241.5	3411.0	n/a	n/a	n/a	n/a
193.415	0.042	saccade	n/a	458.2	242.7	n/a	589.6	234.4	5.05	187.0
193.459	0.222	fixation	n/a	594.6	232.5	3477.0	n/a	n/a	n/a	n/a
193.683	0.024	saccade	n/a	598.1	231.5	n/a	653.7	232.5	2.11	128.0
193.709	0.086	fixation	n/a	657.4	234.7	3543.0	n/a	n/a	n/a	n/a
193.797	0.144	saccade	n/a	655.9	242.0	n/a	138.6	284.6	19.48	2306.0
193.821	0.082	blink	n/a	n/a	n/a	n/a	n/a	n/a	n/a	n/a
193.943	0.144	fixation	n/a	142.8	289.7	3593.0	n/a	n/a	n/a	n/a
194.089	0.014	saccade	n/a	141.4	290.4	n/a	125.0	299.9	0.71	60.0
194.105	0.128	fixation	n/a	127.9	298.7	3639.0	n/a	n/a	n/a	n/a
194.235	0.026	saccade	n/a	131.4	297.2	n/a	208.9	296.3	2.9	159.0
194.263	0.424	fixation	n/a	223.2	300.9	3558.0	n/a	n/a	n/a	n/a
194.689	0.064	saccade	n/a	227.0	306.8	n/a	585.5	243.3	13.88	339.0
194.755	0.33	fixation	n/a	596.6	245.2	3377.0	n/a	n/a	n/a	n/a
195.087	0.024	saccade	n/a	598.0	242.8	n/a	654.3	237.2	2.15	127.0
195.113	0.12	fixation	n/a	656.9	237.0	3417.0	n/a	n/a	n/a	n/a
195.235	0.068	saccade	n/a	657.6	235.5	n/a	159.1	302.7	18.85	438.0
195.305	0.144	fixation	n/a	156.2	306.2	3440.0	n/a	n/a	n/a	n/a
195.451	0.018	saccade	n/a	153.9	309.1	n/a	124.2	308.4	1.1	82.0
195.471	0.178	fixation	n/a	124.2	312.2	3439.0	n/a	n/a	n/a	n/a
195.634	0.0	trigger_11	11	n/a	n/a	n/a	n/a	n/a	n/a	n/a
195.651	0.03	saccade	n/a	123.4	314.9	n/a	219.3	300.6	3.63	194.0
195.683	0.208	fixation	n/a	231.2	300.8	3457.0	n/a	n/a	n/a	n/a
195.738	0.0	trigger_10	10	n/a	n/a	n/a	n/a	n/a	n/a	n/a
195.893	0.034	saccade	n/a	235.0	301.1	n/a	172.3	198.9	4.62	229.0
195.929	0.082	fixation	n/a	172.4	192.2	3352.0	n/a	n/a	n/a	n/a
196.013	0.14	saccade	n/a	175.9	193.1	n/a	145.2	174.9	1.35	1152.0
196.035	0.072	blink	n/a	n/a	n/a	n/a	n/a	n/a	n/a	n/a
196.155	0.226	fixation	n/a	150.4	178.3	3273.0	n/a	n/a	n/a	n/a
196.383	0.032	saccade	n/a	149.8	174.8	n/a	247.2	176.9	3.67	150.0
196.417	0.21	fixation	n/a	254.0	176.1	3391.0	n/a	n/a	n/a	n/a
196.629	0.022	saccade	n/a	251.3	175.1	n/a	197.6	175.2	2.03	128.0
196.653	0.132	fixation	n/a	190.2	176.1	3424.0	n/a	n/a	n/a	n/a
196.787	0.024	saccade	n/a	186.4	176.9	n/a	126.3	176.4	2.24	131.0
196.813	0.208	fixation	n/a	123.0	178.1	3386.0	n/a	n/a	n/a	n/a
197.023	0.044	saccade	n/a	125.4	179.4	n/a	286.1	173.5	6.05	205.0
197.069	0.208	fixation	n/a	293.2	173.4	3453.0	n/a	n/a	n/a	n/a
197.279	0.028	saccade	n/a	295.8	174.5	n/a	388.5	172.8	3.56	186.0
197.309	0.218	fixation	n/a	403.9	174.9	3555.0	n/a	n/a	n/a	n/a
197.529	0.026	saccade	n/a	408.1	177.3	n/a	484.4	174.6	2.95	155.0
197.557	0.172	fixation	n/a	490.5	175.4	3502.0	n/a	n/a	n/a	n/a
197.731	0.02	saccade	n/a	490.1	175.9	n/a	459.5	178.2	1.18	85.0
197.753	0.302	fixation	n/a	458.8	178.9	3449.0	n/a	n/a	n/a	n/a
198.057	0.026	saccade	n/a	462.8	176.6	n/a	533.2	173.1	2.72	142.0
198.085	0.086	fixation	n/a	536.9	175.5	3415.0	n/a	n/a	n/a	n/a
198.173	0.102	saccade	n/a	534.3	182.8	n/a	551.2	175.4	0.71	2048.0
198.199	0.034	blink	n/a	n/a	n/a	n/a	n/a	n/a	n/a	n/a
198.277	0.1	fixation	n/a	551.3	176.0	3347.0	n/a	n/a	n/a	n/a
198.379	0.06	saccade	n/a	551.5	175.1	n/a	171.0	244.2	14.66	390.0
198.441	0.15	fixation	n/a	165.5	247.0	3457.0	n/a	n/a	n/a	n/a
198.593	0.022	saccade	n/a	165.2	247.7	n/a	122.1	247.5	1.6	107.0
198.617	0.256	fixation	n/a	121.3	247.6	3438.0	n/a	n/a	n/a	n/a
198.875	0.03	saccade	n/a	123.1	249.1	n/a	217.6	236.3	3.57	194.0
198.907	0.108	fixation	n/a	222.8	233.2	3390.0	n/a	n/a	n/a	n/a
199.017	0.028	saccade	n/a	226.0	233.0	n/a	275.4	181.9	2.73	151.0
199.047	0.422	fixation	n/a	303.1	179.1	3439.0	n/a	n/a	n/a	n/a
199.186	0.0	trigger_11	11	n/a	n/a	n/a	n/a	n/a	n/a	n/a
199.29	0.0	trigger_10	10	n/a	n/a	n/a	n/a	n/a	n/a	n/a
199.471	0.04	saccade	n/a	306.3	182.2	n/a	151.4	175.8	5.85	245.0
199.513	0.146	fixation	n/a	142.5	176.8	3622.0	n/a	n/a	n/a	n/a
199.661	0.12	saccade	n/a	141.7	179.5	n/a	292.2	179.6	5.67	759.0
199.783	0.238	fixation	n/a	298.2	179.9	3601.0	n/a	n/a	n/a	n/a
200.023	0.034	saccade	n/a	299.0	181.1	n/a	423.4	172.6	4.78	217.0
200.059	0.27	fixation	n/a	434.0	174.9	3629.0	n/a	n/a	n/a	n/a
200.331	0.03	saccade	n/a	434.8	178.6	n/a	527.1	172.2	3.55	164.0
200.363	0.366	fixation	n/a	540.5	172.4	3486.0	n/a	n/a	n/a	n/a
200.731	0.06	saccade	n/a	544.3	172.3	n/a	232.8	190.6	11.87	307.0
200.738	0.0	trigger_11	11	n/a	n/a	n/a	n/a	n/a	n/a	n/a
200.793	0.218	fixation	n/a	229.7	192.8	3525.0	n/a	n/a	n/a	n/a
200.842	0.0	trigger_10	10	n/a	n/a	n/a	n/a	n/a	n/a	n/a
201.013	0.028	saccade	n/a	228.5	192.5	n/a	159.6	183.0	2.61	162.0
201.043	0.156	fixation	n/a	154.2	184.1	3654.0	n/a	n/a	n/a	n/a
201.201	0.108	saccade	n/a	154.1	190.4	n/a	157.9	179.8	0.43	1428.0
201.235	0.026	blink	n/a	n/a	n/a	n/a	n/a	n/a	n/a	n/a
201.311	0.26	fixation	n/a	177.7	186.9	3654.0	n/a	n/a	n/a	n/a
201.573	0.02	saccade	n/a	177.3	188.9	n/a	134.0	191.3	1.62	110.0
201.595	0.346	fixation	n/a	131.2	191.1	3757.0	n/a	n/a	n/a	n/a
201.943	0.038	saccade	n/a	132.4	191.2	n/a	253.8	184.4	4.55	203.0
201.983	0.532	fixation	n/a	264.1	187.1	3869.0	n/a	n/a	n/a	n/a
202.244	0.0	trigger_11	11	n/a	n/a	n/a	n/a	n/a	n/a	n/a
202.346	0.0	trigger_12	12	n/a	n/a	n/a	n/a	n/a	n/a	n/a
202.517	0.034	saccade	n/a	269.9	191.0	n/a	139.9	201.9	4.91	239.0
202.553	0.3	fixation	n/a	131.1	201.9	3946.0	n/a	n/a	n/a	n/a
202.855	0.152	saccade	n/a	125.8	203.6	n/a	195.7	175.9	2.82	1048.0
202.891	0.068	blink	n/a	n/a	n/a	n/a	n/a	n/a	n/a	n/a
203.009	0.238	fixation	n/a	204.3	179.8	3912.0	n/a	n/a	n/a	n/a
203.249	0.022	saccade	n/a	206.9	175.8	n/a	250.7	171.8	1.67	115.0
203.273	0.178	fixation	n/a	251.8	172.9	3904.0	n/a	n/a	n/a	n/a
203.453	0.026	saccade	n/a	253.0	174.1	n/a	315.5	176.6	2.39	116.0
203.481	0.254	fixation	n/a	327.4	178.5	3754.0	n/a	n/a	n/a	n/a
203.737	0.03	saccade	n/a	331.1	178.2	n/a	426.3	172.3	3.66	161.0
203.769	0.264	fixation	n/a	439.8	174.2	3587.0	n/a	n/a	n/a	n/a
204.035	0.028	saccade	n/a	444.9	175.6	n/a	524.0	172.9	3.05	140.0
204.065	0.198	fixation	n/a	535.8	171.4	3488.0	n/a	n/a	n/a	n/a
204.265	0.026	saccade	n/a	538.7	168.9	n/a	602.9	166.7	2.45	131.0
204.293	0.168	fixation	n/a	609.1	169.9	3533.0	n/a	n/a	n/a	n/a
204.463	0.068	saccade	n/a	610.1	171.1	n/a	127.5	230.6	18.25	399.0
204.533	0.158	fixation	n/a	119.4	230.3	3561.0	n/a	n/a	n/a	n/a
204.693	0.126	saccade	n/a	115.8	231.0	n/a	105.5	237.6	0.45	1231.0
204.725	0.048	blink	n/a	n/a	n/a	n/a	n/a	n/a	n/a	n/a
204.821	0.71	fixation	n/a	106.5	246.0	3598.0	n/a	n/a	n/a	n/a
205.533	0.15	saccade	n/a	98.2	244.6	n/a	104.3	246.4	0.23	1098.0
205.591	0.042	blink	n/a	n/a	n/a	n/a	n/a	n/a	n/a	n/a
205.685	1.052	fixation	n/a	107.4	243.2	3543.0	n/a	n/a	n/a	n/a
206.739	0.158	saccade	n/a	109.3	243.8	n/a	197.2	168.0	4.38	1499.0
206.773	0.08	blink	n/a	n/a	n/a	n/a	n/a	n/a	n/a	n/a
206.899	0.292	fixation	n/a	204.7	178.5	3555.0	n/a	n/a	n/a	n/a
206.948	0.0	trigger_13	13	n/a	n/a	n/a	n/a	n/a	n/a	n/a
207.193	0.028	saccade	n/a	206.3	181.9	n/a	137.3	211.6	2.83	174.0
207.223	0.162	fixation	n/a	129.2	211.0	3662.0	n/a	n/a	n/a	n/a
207.387	0.024	saccade	n/a	127.9	212.8	n/a	126.5	256.4	1.67	114.0
207.413	0.206	fixation	n/a	126.6	257.1	3686.0	n/a	n/a	n/a	n/a
207.621	0.022	saccade	n/a	128.7	261.2	n/a	133.9	304.5	1.67	108.0
207.645	0.424	fixation	n/a	133.8	305.5	3815.0	n/a	n/a	n/a	n/a
208.071	0.02	saccade	n/a	134.5	303.6	n/a	98.5	302.7	1.32	98.0
208.093	0.346	fixation	n/a	102.9	303.2	3979.0	n/a	n/a	n/a	n/a
208.441	0.018	saccade	n/a	106.1	304.9	n/a	130.2	303.2	0.89	69.0
208.461	0.638	fixation	n/a	134.8	305.9	3993.0	n/a	n/a	n/a	n/a
208.86	0.0	trigger_15	15	n/a	n/a	n/a	n/a	n/a	n/a	n/a
208.912	0.0	trigger_12	12	n/a	n/a	n/a	n/a	n/a	n/a	n/a
209.101	0.162	saccade	n/a	145.8	303.4	n/a	127.4	166.6	5.28	1231.0
209.167	0.048	blink	n/a	n/a	n/a	n/a	n/a	n/a	n/a	n/a
209.265	0.322	fixation	n/a	129.8	174.2	3740.0	n/a	n/a	n/a	n/a
209.589	0.032	saccade	n/a	132.9	174.0	n/a	239.0	174.6	3.97	176.0
209.623	0.164	fixation	n/a	246.5	176.4	3851.0	n/a	n/a	n/a	n/a
209.789	0.026	saccade	n/a	245.0	176.0	n/a	179.2	180.2	2.48	153.0
209.817	0.188	fixation	n/a	173.5	179.0	3897.0	n/a	n/a	n/a	n/a
210.007	0.018	saccade	n/a	171.8	178.3	n/a	141.9	181.0	1.12	81.0
210.027	0.286	fixation	n/a	143.7	179.1	3908.0	n/a	n/a	n/a	n/a
210.315	0.022	saccade	n/a	145.0	180.4	n/a	186.4	178.2	1.54	98.0
210.339	0.302	fixation	n/a	190.7	181.0	3828.0	n/a	n/a	n/a	n/a
210.643	0.024	saccade	n/a	193.2	178.8	n/a	252.2	174.0	2.23	128.0
210.669	0.286	fixation	n/a	266.3	177.9	3826.0	n/a	n/a	n/a	n/a
210.957	0.1	saccade	n/a	266.5	184.5	n/a	380.7	176.4	4.38	1995.0
210.983	0.03	blink	n/a	n/a	n/a	n/a	n/a	n/a	n/a	n/a
211.059	0.348	fixation	n/a	381.3	175.4	3742.0	n/a	n/a	n/a	n/a
211.409	0.03	saccade	n/a	385.6	175.5	n/a	473.5	176.9	3.38	145.0
211.441	0.202	fixation	n/a	483.0	176.0	3688.0	n/a	n/a	n/a	n/a
211.645	0.026	saccade	n/a	484.7	174.6	n/a	553.7	167.9	2.66	137.0
211.673	0.242	fixation	n/a	562.2	168.0	3553.0	n/a	n/a	n/a	n/a
211.917	0.02	saccade	n/a	565.5	166.9	n/a	599.6	168.7	1.3	85.0
211.939	0.472	fixation	n/a	608.3	173.8	3533.0	n/a	n/a	n/a	n/a
212.413	0.018	saccade	n/a	604.7	173.8	n/a	578.7	176.3	1.0	79.0
212.433	0.08	fixation	n/a	580.9	176.3	3654.0	n/a	n/a	n/a	n/a
212.515	0.062	saccade	n/a	581.5	177.3	n/a	183.7	240.6	15.24	392.0
212.579	0.132	fixation	n/a	179.1	242.0	3870.0	n/a	n/a	n/a	n/a
212.713	0.022	saccade	n/a	179.5	244.1	n/a	138.0	244.3	1.54	101.0
212.737	0.212	fixation	n/a	138.4	247.4	3905.0	n/a	n/a	n/a	n/a
212.951	0.04	saccade	n/a	142.0	250.3	n/a	276.7	246.5	5.06	188.0
212.993	0.234	fixation	n/a	285.0	246.6	3751.0	n/a	n/a	n/a	n/a
213.229	0.028	saccade	n/a	287.6	245.9	n/a	367.7	242.3	3.07	156.0
213.259	0.086	fixation	n/a	374.6	243.8	3660.0	n/a	n/a	n/a	n/a
213.347	0.122	saccade	n/a	374.0	247.3	n/a	382.3	242.6	0.37	1198.0
213.385	0.03	blink	n/a	n/a	n/a	n/a	n/a	n/a	n/a	n/a
213.471	0.06	fixation	n/a	380.2	244.4	3486.0	n/a	n/a	n/a	n/a
213.533	0.048	saccade	n/a	379.2	244.6	n/a	135.2	245.1	9.21	329.0
213.583	0.308	fixation	n/a	130.7	244.9	3468.0	n/a	n/a	n/a	n/a
213.893	0.032	saccade	n/a	133.3	242.4	n/a	225.5	239.0	3.45	140.0
213.927	0.236	fixation	n/a	235.1	238.0	3499.0	n/a	n/a	n/a	n/a
214.165	0.026	saccade	n/a	234.9	238.2	n/a	171.5	235.6	2.38	134.0
214.193	0.25	fixation	n/a	166.1	238.6	3413.0	n/a	n/a	n/a	n/a
214.445	0.038	saccade	n/a	167.4	239.7	n/a	301.7	238.4	5.07	190.0
214.485	0.13	fixation	n/a	309.3	240.2	3360.0	n/a	n/a	n/a	n/a
214.617	0.048	saccade	n/a	311.3	241.1	n/a	101.7	242.5	7.85	295.0
214.667	0.35	fixation	n/a	106.5	246.3	3384.0	n/a	n/a	n/a	n/a
214.748	0.0	trigger_13	13	n/a	n/a	n/a	n/a	n/a	n/a	n/a
215.019	0.15	saccade	n/a	109.3	244.3	n/a	144.1	203.5	2.02	1693.0
215.101	0.012	blink	n/a	n/a	n/a	n/a	n/a	n/a	n/a	n/a
215.171	0.058	fixation	n/a	144.9	208.3	3448.0	n/a	n/a	n/a	n/a
215.231	0.036	saccade	n/a	146.5	210.0	n/a	164.8	320.8	4.29	238.0
215.269	0.128	fixation	n/a	165.5	323.7	3541.0	n/a	n/a	n/a	n/a
215.399	0.028	saccade	n/a	164.1	317.4	n/a	150.9	233.1	3.26	177.0
215.429	0.064	fixation	n/a	152.6	224.5	3562.0	n/a	n/a	n/a	n/a
215.495	0.024	saccade	n/a	154.0	221.3	n/a	149.0	179.2	1.62	116.0
215.521	0.308	fixation	n/a	153.7	179.5	3727.0	n/a	n/a	n/a	n/a
215.831	0.024	saccade	n/a	155.1	178.5	n/a	113.1	193.5	1.66	114.0
215.857	0.086	fixation	n/a	110.5	193.4	3932.0	n/a	n/a	n/a	n/a
215.945	0.02	saccade	n/a	110.7	196.6	n/a	130.7	230.3	1.48	101.0
215.967	0.166	fixation	n/a	128.5	233.2	4034.0	n/a	n/a	n/a	n/a
216.135	0.022	saccade	n/a	127.1	234.7	n/a	90.1	237.2	1.36	99.0
216.159	0.226	fixation	n/a	95.8	242.1	4173.0	n/a	n/a	n/a	n/a
216.387	0.026	saccade	n/a	100.5	245.8	n/a	158.3	240.5	2.15	141.0
216.415	0.364	fixation	n/a	162.8	236.3	4186.0	n/a	n/a	n/a	n/a
216.548	0.0	trigger_15	15	n/a	n/a	n/a	n/a	n/a	n/a	n/a
216.602	0.0	trigger_10	10	n/a	n/a	n/a	n/a	n/a	n/a	n/a
216.781	0.168	saccade	n/a	165.9	240.2	n/a	131.7	174.2	2.83	1171.0
216.815	0.088	blink	n/a	n/a	n/a	n/a	n/a	n/a	n/a	n/a
216.951	0.452	fixation	n/a	135.5	180.4	4022.0	n/a	n/a	n/a	n/a
217.405	0.024	saccade	n/a	138.9	178.6	n/a	192.5	172.0	2.01	130.0
217.431	0.618	fixation	n/a	203.9	175.9	3832.0	n/a	n/a	n/a	n/a
218.051	0.028	saccade	n/a	220.5	175.1	n/a	295.8	171.8	2.87	138.0
218.081	0.442	fixation	n/a	307.2	174.2	3760.0	n/a	n/a	n/a	n/a
218.525	0.018	saccade	n/a	308.3	177.9	n/a	282.9	180.1	0.98	71.0
218.545	0.202	fixation	n/a	283.7	179.8	3813.0	n/a	n/a	n/a	n/a
218.749	0.162	saccade	n/a	283.7	185.6	n/a	395.1	165.2	4.36	1465.0
218.771	0.098	blink	n/a	n/a	n/a	n/a	n/a	n/a	n/a	n/a
218.913	0.23	fixation	n/a	397.6	172.7	3735.0	n/a	n/a	n/a	n/a
219.145	0.036	saccade	n/a	398.5	169.4	n/a	249.1	170.7	5.74	253.0
219.183	0.166	fixation	n/a	239.6	173.3	3829.0	n/a	n/a	n/a	n/a
219.351	0.03	saccade	n/a	238.6	175.3	n/a	138.4	170.6	3.78	194.0
219.383	0.26	fixation	n/a	126.9	176.0	3809.0	n/a	n/a	n/a	n/a
219.645	0.18	saccade	n/a	122.1	180.4	n/a	146.7	172.2	0.97	912.0
219.679	0.106	blink	n/a	n/a	n/a	n/a	n/a	n/a	n/a	n/a
219.827	0.394	fixation	n/a	144.9	174.9	3951.0	n/a	n/a	n/a	n/a
220.223	0.018	saccade	n/a	144.9	178.4	n/a	117.5	178.9	1.02	76.0
220.243	0.28	fixation	n/a	118.8	182.3	4037.0	n/a	n/a	n/a	n/a
220.525	0.042	saccade	n/a	121.4	186.6	n/a	255.0	178.6	5.04	196.0
220.569	0.15	fixation	n/a	258.2	176.5	4075.0	n/a	n/a	n/a	n/a
220.721	0.036	saccade	n/a	259.5	177.8	n/a	132.3	183.0	4.8	239.0
220.759	0.232	fixation	n/a	129.6	185.5	4034.0	n/a	n/a	n/a	n/a
220.993	0.04	saccade	n/a	132.9	186.6	n/a	267.8	178.6	5.1	190.0
221.035	0.232	fixation	n/a	274.0	180.5	3971.0	n/a	n/a	n/a	n/a
221.269	0.04	saccade	n/a	276.6	185.3	n/a	401.5	176.8	4.82	191.0
221.311	0.318	fixation	n/a	405.2	176.6	3842.0	n/a	n/a	n/a	n/a
221.631	0.04	saccade	n/a	408.3	178.6	n/a	532.0	172.9	4.78	181.0
221.673	0.086	fixation	n/a	534.2	172.9	3676.0	n/a	n/a	n/a	n/a
221.761	0.1	saccade	n/a	530.0	177.4	n/a	556.1	172.5	1.02	3270.0
221.793	0.016	blink	n/a	n/a	n/a	n/a	n/a	n/a	n/a	n/a
221.863	0.248	fixation	n/a	554.7	170.3	3535.0	n/a	n/a	n/a	n/a
222.113	0.016	saccade	n/a	551.3	167.1	n/a	530.5	171.8	0.82	66.0
222.131	0.348	fixation	n/a	530.8	172.1	3583.0	n/a	n/a	n/a	n/a
222.481	0.03	saccade	n/a	532.3	176.6	n/a	597.1	173.5	2.5	131.0
222.513	0.138	fixation	n/a	597.9	172.1	3523.0	n/a	n/a	n/a	n/a
222.653	0.144	saccade	n/a	598.5	171.6	n/a	152.6	246.2	17.1	1098.0
222.727	0.028	blink	n/a	n/a	n/a	n/a	n/a	n/a	n/a	n/a
222.799	0.158	fixation	n/a	158.0	253.8	3501.0	n/a	n/a	n/a	n/a
222.959	0.016	saccade	n/a	156.9	251.7	n/a	136.7	246.2	0.78	62.0
222.977	0.136	fixation	n/a	137.6	243.6	3529.0	n/a	n/a	n/a	n/a
223.115	0.034	saccade	n/a	137.8	240.7	n/a	254.8	234.5	4.41	194.0
223.151	0.278	fixation	n/a	264.1	234.5	3481.0	n/a	n/a	n/a	n/a
223.431	0.038	saccade	n/a	265.7	234.1	n/a	393.7	233.3	4.91	201.0
223.471	0.196	fixation	n/a	399.2	233.1	3410.0	n/a	n/a	n/a	n/a
223.669	0.028	saccade	n/a	402.0	233.3	n/a	475.5	229.3	2.84	148.0
223.699	0.276	fixation	n/a	481.1	232.3	3445.0	n/a	n/a	n/a	n/a
223.977	0.018	saccade	n/a	485.3	236.6	n/a	509.5	238.1	0.94	73.0
223.997	0.144	fixation	n/a	509.0	237.3	3476.0	n/a	n/a	n/a	n/a
224.143	0.03	saccade	n/a	510.5	239.6	n/a	603.8	234.6	3.59	169.0
224.175	0.12	fixation	n/a	612.0	233.8	3457.0	n/a	n/a	n/a	n/a
224.297	0.132	saccade	n/a	611.6	238.5	n/a	142.6	298.8	17.85	1374.0
224.323	0.068	blink	n/a	n/a	n/a	n/a	n/a	n/a	n/a	n/a
224.431	0.174	fixation	n/a	146.9	303.5	3521.0	n/a	n/a	n/a	n/a
224.607	0.016	saccade	n/a	144.5	303.9	n/a	123.0	305.1	0.8	63.0
224.625	0.18	fixation	n/a	123.4	305.3	3571.0	n/a	n/a	n/a	n/a
224.807	0.03	saccade	n/a	126.2	306.1	n/a	222.7	298.5	3.63	175.0
224.839	0.188	fixation	n/a	233.4	299.7	3483.0	n/a	n/a	n/a	n/a
225.029	0.014	saccade	n/a	231.5	299.4	n/a	214.2	300.6	0.66	52.0
225.045	0.152	fixation	n/a	213.3	301.8	3392.0	n/a	n/a	n/a	n/a
225.199	0.028	saccade	n/a	215.3	302.4	n/a	303.5	299.5	3.36	162.0
225.229	0.162	fixation	n/a	314.5	298.5	3317.0	n/a	n/a	n/a	n/a
225.393	0.038	saccade	n/a	318.6	300.8	n/a	434.1	306.2	4.46	177.0
225.433	0.082	fixation	n/a	437.9	305.8	3275.0	n/a	n/a	n/a	n/a
225.517	0.132	saccade	n/a	438.8	308.6	n/a	543.0	293.1	4.06	1080.0
225.541	0.068	blink	n/a	n/a	n/a	n/a	n/a	n/a	n/a	n/a
225.651	0.282	fixation	n/a	542.3	300.1	3206.0	n/a	n/a	n/a	n/a
225.935	0.056	saccade	n/a	542.9	298.7	n/a	227.0	375.3	12.4	351.0
225.993	0.174	fixation	n/a	220.9	379.0	3405.0	n/a	n/a	n/a	n/a
226.169	0.026	saccade	n/a	218.0	378.1	n/a	150.8	369.3	2.53	150.0
226.197	0.164	fixation	n/a	148.7	371.7	3509.0	n/a	n/a	n/a	n/a
226.363	0.042	saccade	n/a	151.2	373.9	n/a	297.1	365.3	5.51	227.0
226.407	0.456	fixation	n/a	305.5	366.7	3535.0	n/a	n/a	n/a	n/a
226.604	0.0	trigger_11	11	n/a	n/a	n/a	n/a	n/a	n/a	n/a
226.708	0.0	trigger_10	10	n/a	n/a	n/a	n/a	n/a	n/a	n/a
226.865	0.174	saccade	n/a	307.1	367.4	n/a	139.0	157.8	10.26	1770.0
226.931	0.066	blink	n/a	n/a	n/a	n/a	n/a	n/a	n/a	n/a
227.041	0.2	fixation	n/a	141.8	161.7	3673.0	n/a	n/a	n/a	n/a
227.243	0.018	saccade	n/a	144.3	162.0	n/a	168.7	172.2	0.99	76.0
227.263	0.134	fixation	n/a	167.5	169.7	3775.0	n/a	n/a	n/a	n/a
227.399	0.016	saccade	n/a	164.1	171.0	n/a	144.2	180.6	0.83	65.0
227.417	0.206	fixation	n/a	145.2	181.6	3868.0	n/a	n/a	n/a	n/a
227.625	0.024	saccade	n/a	146.8	184.3	n/a	203.5	182.9	2.13	129.0
227.651	0.462	fixation	n/a	204.3	183.7	3954.0	n/a	n/a	n/a	n/a
228.115	0.026	saccade	n/a	206.2	184.5	n/a	272.7	179.6	2.53	148.0
228.143	0.4	fixation	n/a	283.3	177.1	4023.0	n/a	n/a	n/a	n/a
228.545	0.028	saccade	n/a	288.8	177.8	n/a	355.5	174.1	2.56	150.0
228.575	0.216	fixation	n/a	359.7	174.9	4025.0	n/a	n/a	n/a	n/a
228.793	0.03	saccade	n/a	361.6	176.2	n/a	451.4	173.2	3.47	173.0
228.825	0.242	fixation	n/a	457.6	172.8	4079.0	n/a	n/a	n/a	n/a
229.069	0.024	saccade	n/a	459.7	173.3	n/a	518.2	171.9	2.26	133.0
229.095	0.22	fixation	n/a	524.2	172.3	4146.0	n/a	n/a	n/a	n/a
229.317	0.028	saccade	n/a	526.5	172.5	n/a	588.6	168.6	2.39	132.0
229.347	0.114	fixation	n/a	589.1	169.9	4161.0	n/a	n/a	n/a	n/a
229.463	0.138	saccade	n/a	587.2	177.3	n/a	170.0	245.3	16.02	2258.0
229.485	0.066	blink	n/a	n/a	n/a	n/a	n/a	n/a	n/a	n/a
229.603	0.142	fixation	n/a	172.6	242.8	4243.0	n/a	n/a	n/a	n/a
229.747	0.024	saccade	n/a	173.8	243.5	n/a	131.6	247.2	1.58	112.0
229.773	0.144	fixation	n/a	132.1	247.8	4229.0	n/a	n/a	n/a	n/a
229.919	0.016	saccade	n/a	128.8	248.2	n/a	108.7	249.1	0.74	60.0
229.937	0.17	fixation	n/a	109.8	250.1	4140.0	n/a	n/a	n/a	n/a
230.109	0.026	saccade	n/a	113.4	250.4	n/a	197.6	242.1	3.15	167.0
230.137	0.422	fixation	n/a	208.4	242.8	3941.0	n/a	n/a	n/a	n/a
230.561	0.024	saccade	n/a	204.7	239.1	n/a	157.8	237.7	1.76	106.0
230.587	0.168	fixation	n/a	159.2	238.6	3731.0	n/a	n/a	n/a	n/a
230.757	0.034	saccade	n/a	163.4	241.7	n/a	262.5	242.5	3.75	175.0
230.793	0.364	fixation	n/a	270.6	240.3	3650.0	n/a	n/a	n/a	n/a
231.159	0.092	saccade	n/a	269.6	238.1	n/a	352.2	234.0	3.16	1591.0
231.197	0.006	blink	n/a	n/a	n/a	n/a	n/a	n/a	n/a	n/a
231.253	0.26	fixation	n/a	351.0	235.2	3464.0	n/a	n/a	n/a	n/a
231.515	0.03	saccade	n/a	354.0	236.4	n/a	450.6	233.4	3.72	184.0
231.547	0.17	fixation	n/a	460.2	233.3	3496.0	n/a	n/a	n/a	n/a
231.719	0.022	saccade	n/a	463.4	232.6	n/a	501.5	234.2	1.47	98.0
231.743	0.46	fixation	n/a	505.7	235.8	3545.0	n/a	n/a	n/a	n/a
232.205	0.028	saccade	n/a	504.2	236.7	n/a	431.4	235.7	2.81	161.0
232.235	0.23	fixation	n/a	427.4	237.1	3490.0	n/a	n/a	n/a	n/a
232.467	0.028	saccade	n/a	430.0	237.0	n/a	508.4	234.4	3.02	158.0
232.497	0.638	fixation	n/a	515.4	236.6	3501.0	n/a	n/a	n/a	n/a
232.87	0.0	trigger_11	11	n/a	n/a	n/a	n/a	n/a	n/a	n/a
232.974	0.0	trigger_10	10	n/a	n/a	n/a	n/a	n/a	n/a	n/a
233.137	0.056	saccade	n/a	516.9	235.9	n/a	195.8	215.8	12.23	365.0
233.195	0.06	fixation	n/a	192.7	219.6	3613.0	n/a	n/a	n/a	n/a
233.257	0.126	saccade	n/a	196.2	223.9	n/a	144.9	182.5	2.5	1547.0
233.283	0.052	blink	n/a	n/a	n/a	n/a	n/a	n/a	n/a	n/a
233.385	0.222	fixation	n/a	148.4	188.5	3622.0	n/a	n/a	n/a	n/a
233.609	0.016	saccade	n/a	146.3	190.6	n/a	126.7	186.1	0.75	60.0
233.627	0.31	fixation	n/a	127.5	187.7	3710.0	n/a	n/a	n/a	n/a
233.939	0.032	saccade	n/a	131.0	190.9	n/a	229.6	183.0	3.71	160.0
233.973	0.436	fixation	n/a	240.5	181.5	3659.0	n/a	n/a	n/a	n/a
234.411	0.12	saccade	n/a	239.3	180.7	n/a	291.4	179.2	1.98	1300.0
234.441	0.048	blink	n/a	n/a	n/a	n/a	n/a	n/a	n/a	n/a
234.533	0.218	fixation	n/a	298.4	179.8	3474.0	n/a	n/a	n/a	n/a
234.753	0.028	saccade	n/a	300.3	178.5	n/a	377.2	182.1	2.96	166.0
234.783	0.258	fixation	n/a	387.8	183.0	3567.0	n/a	n/a	n/a	n/a
235.043	0.02	saccade	n/a	390.2	182.0	n/a	420.1	180.6	1.16	78.0
235.065	0.122	fixation	n/a	423.2	180.3	3518.0	n/a	n/a	n/a	n/a
235.189	0.028	saccade	n/a	425.3	180.8	n/a	498.2	175.0	2.82	140.0
235.219	0.458	fixation	n/a	507.0	173.1	3512.0	n/a	n/a	n/a	n/a
235.679	0.018	saccade	n/a	509.6	175.5	n/a	533.9	178.4	0.94	73.0
235.699	0.11	fixation	n/a	532.9	178.6	3639.0	n/a	n/a	n/a	n/a
235.811	0.058	saccade	n/a	533.3	179.9	n/a	191.1	246.8	13.29	388.0
235.871	0.13	fixation	n/a	182.0	250.8	3699.0	n/a	n/a	n/a	n/a
236.003	0.022	saccade	n/a	180.1	252.3	n/a	127.6	252.6	1.96	129.0
236.027	0.142	fixation	n/a	123.3	253.7	3763.0	n/a	n/a	n/a	n/a
236.171	0.124	saccade	n/a	122.2	256.6	n/a	267.2	240.9	5.48	912.0
236.205	0.052	blink	n/a	n/a	n/a	n/a	n/a	n/a	n/a	n/a
236.297	0.458	fixation	n/a	264.7	246.1	3776.0	n/a	n/a	n/a	n/a
236.757	0.024	saccade	n/a	264.8	247.8	n/a	314.4	245.1	1.9	111.0
236.783	0.36	fixation	n/a	322.4	245.1	3800.0	n/a	n/a	n/a	n/a
237.145	0.018	saccade	n/a	321.8	245.3	n/a	292.0	243.8	1.14	87.0
237.165	0.224	fixation	n/a	293.4	244.1	3844.0	n/a	n/a	n/a	n/a
237.391	0.034	saccade	n/a	296.9	245.1	n/a	400.9	238.7	4.01	185.0
237.427	0.188	fixation	n/a	406.6	239.4	3814.0	n/a	n/a	n/a	n/a
237.617	0.134	saccade	n/a	408.0	240.4	n/a	409.1	220.5	0.78	1366.0
237.641	0.062	blink	n/a	n/a	n/a	n/a	n/a	n/a	n/a	n/a
237.753	0.386	fixation	n/a	404.9	231.0	3497.0	n/a	n/a	n/a	n/a
238.141	0.028	saccade	n/a	399.8	232.7	n/a	476.1	237.0	2.95	158.0
238.171	0.776	fixation	n/a	480.3	239.0	3619.0	n/a	n/a	n/a	n/a
238.949	0.024	saccade	n/a	477.8	235.2	n/a	524.5	234.2	1.8	108.0
238.975	0.152	fixation	n/a	528.5	236.1	3549.0	n/a	n/a	n/a	n/a
239.129	0.022	saccade	n/a	531.8	236.7	n/a	570.6	236.3	1.48	97.0
239.153	0.216	fixation	n/a	571.4	235.4	3607.0	n/a	n/a	n/a	n/a
239.371	0.038	saccade	n/a	575.3	237.8	n/a	629.5	232.7	2.07	188.0
239.411	0.182	fixation	n/a	635.5	232.4	3663.0	n/a	n/a	n/a	n/a
239.595	0.07	saccade	n/a	637.8	233.3	n/a	150.9	296.7	18.36	418.0
239.667	0.19	fixation	n/a	147.4	299.8	3830.0	n/a	n/a	n/a	n/a
239.859	0.142	saccade	n/a	149.2	301.9	n/a	171.2	298.9	0.83	1677.0
239.897	0.05	blink	n/a	n/a	n/a	n/a	n/a	n/a	n/a	n/a
240.003	0.188	fixation	n/a	176.2	301.2	3657.0	n/a	n/a	n/a	n/a
240.193	0.032	saccade	n/a	181.6	301.0	n/a	287.0	301.4	3.99	168.0
240.227	0.248	fixation	n/a	296.5	305.0	3737.0	n/a	n/a	n/a	n/a
240.477	0.028	saccade	n/a	300.2	306.0	n/a	378.3	303.9	3.0	148.0
240.507	0.226	fixation	n/a	382.7	302.5	3815.0	n/a	n/a	n/a	n/a
240.735	0.026	saccade	n/a	383.4	301.5	n/a	440.9	303.7	2.21	128.0
240.763	0.32	fixation	n/a	447.1	307.6	3810.0	n/a	n/a	n/a	n/a
241.085	0.02	saccade	n/a	452.5	312.5	n/a	490.1	311.3	1.45	99.0
241.107	0.162	fixation	n/a	494.3	312.5	3741.0	n/a	n/a	n/a	n/a
241.271	0.028	saccade	n/a	497.4	311.3	n/a	572.9	305.4	2.9	134.0
241.301	0.064	fixation	n/a	577.6	306.2	3615.0	n/a	n/a	n/a	n/a
241.367	0.14	saccade	n/a	577.5	309.6	n/a	150.8	377.2	16.25	1351.0
241.399	0.06	blink	n/a	n/a	n/a	n/a	n/a	n/a	n/a	n/a
241.509	0.168	fixation	n/a	156.9	378.3	3496.0	n/a	n/a	n/a	n/a
241.679	0.016	saccade	n/a	155.3	378.5	n/a	134.1	382.9	0.8	65.0
241.697	0.17	fixation	n/a	136.0	383.4	3566.0	n/a	n/a	n/a	n/a
241.869	0.03	saccade	n/a	136.6	382.3	n/a	221.1	367.2	3.21	187.0
241.901	0.242	fixation	n/a	232.9	368.5	3556.0	n/a	n/a	n/a	n/a
242.145	0.046	saccade	n/a	235.9	367.1	n/a	250.4	206.9	6.22	238.0
242.193	0.392	fixation	n/a	261.1	203.3	3441.0	n/a	n/a	n/a	n/a
242.31	0.0	trigger_11	11	n/a	n/a	n/a	n/a	n/a	n/a	n/a
242.42	0.0	trigger_10	10	n/a	n/a	n/a	n/a	n/a	n/a	n/a
242.587	0.028	saccade	n/a	262.0	204.7	n/a	180.4	188.2	3.16	170.0
242.617	0.148	fixation	n/a	169.3	189.9	3494.0	n/a	n/a	n/a	n/a
242.767	0.02	saccade	n/a	166.6	191.4	n/a	129.9	194.6	1.37	93.0
242.789	0.046	fixation	n/a	128.3	194.4	3563.0	n/a	n/a	n/a	n/a
242.837	0.16	saccade	n/a	126.9	193.0	n/a	151.1	180.4	1.03	2163.0
242.873	0.078	blink	n/a	n/a	n/a	n/a	n/a	n/a	n/a	n/a
242.999	0.488	fixation	n/a	152.1	185.0	3695.0	n/a	n/a	n/a	n/a
243.489	0.026	saccade	n/a	153.4	183.5	n/a	219.4	178.0	2.49	144.0
243.517	0.522	fixation	n/a	235.5	181.9	3807.0	n/a	n/a	n/a	n/a
244.041	0.026	saccade	n/a	247.7	184.2	n/a	311.6	178.9	2.45	137.0
244.069	0.26	fixation	n/a	317.4	178.7	3842.0	n/a	n/a	n/a	n/a
244.331	0.038	saccade	n/a	318.6	183.6	n/a	434.5	178.6	4.48	174.0
244.371	0.134	fixation	n/a	438.4	175.5	3758.0	n/a	n/a	n/a	n/a
244.507	0.038	saccade	n/a	438.7	174.4	n/a	439.0	173.8	0.03	231.0
244.547	0.024	fixation	n/a	439.1	173.9	3786.0	n/a	n/a	n/a	n/a
244.573	0.044	saccade	n/a	438.9	173.1	n/a	439.5	175.4	0.09	252.0
244.619	0.044	fixation	n/a	439.5	175.6	3769.0	n/a	n/a	n/a	n/a
244.665	0.018	saccade	n/a	442.3	175.9	n/a	467.0	177.3	0.96	65.0
244.685	0.172	fixation	n/a	468.9	179.2	3768.0	n/a	n/a	n/a	n/a
244.859	0.126	saccade	n/a	467.5	179.5	n/a	386.4	170.4	3.15	907.0
244.905	0.022	blink	n/a	n/a	n/a	n/a	n/a	n/a	n/a	n/a
244.987	0.252	fixation	n/a	384.7	174.3	3787.0	n/a	n/a	n/a	n/a
245.241	0.026	saccade	n/a	385.5	171.1	n/a	461.4	169.9	2.92	154.0
245.269	0.68	fixation	n/a	468.7	174.0	3639.0	n/a	n/a	n/a	n/a
245.951	0.15	saccade	n/a	465.7	181.7	n/a	549.9	159.8	3.34	1949.0
245.975	0.08	blink	n/a	n/a	n/a	n/a	n/a	n/a	n/a	n/a
246.103	0.406	fixation	n/a	553.3	169.5	3487.0	n/a	n/a	n/a	n/a
246.511	0.018	saccade	n/a	555.8	170.8	n/a	578.9	175.8	0.9	69.0
246.531	0.216	fixation	n/a	579.4	175.9	3476.0	n/a	n/a	n/a	n/a
246.749	0.018	saccade	n/a	577.8	175.0	n/a	544.0	176.0	1.29	96.0
246.769	0.21	fixation	n/a	542.5	177.2	3533.0	n/a	n/a	n/a	n/a
246.981	0.058	saccade	n/a	542.5	178.0	n/a	191.8	238.7	13.49	371.0
247.041	0.136	fixation	n/a	187.4	239.8	3608.0	n/a	n/a	n/a	n/a
247.179	0.026	saccade	n/a	186.9	240.6	n/a	129.8	247.4	2.14	138.0
247.207	0.092	fixation	n/a	127.9	249.2	3558.0	n/a	n/a	n/a	n/a
247.301	0.132	saccade	n/a	128.8	250.1	n/a	165.8	243.0	1.4	947.0
247.331	0.044	blink	n/a	n/a	n/a	n/a	n/a	n/a	n/a	n/a
247.435	0.16	fixation	n/a	197.2	243.7	3434.0	n/a	n/a	n/a	n/a
247.597	0.026	saccade	n/a	199.3	242.1	n/a	259.5	244.0	2.28	127.0
247.625	0.394	fixation	n/a	267.7	241.8	3447.0	n/a	n/a	n/a	n/a
248.021	0.042	saccade	n/a	272.1	242.5	n/a	402.3	242.7	4.99	177.0
248.065	0.278	fixation	n/a	409.4	245.1	3395.0	n/a	n/a	n/a	n/a
248.345	0.032	saccade	n/a	413.5	246.8	n/a	509.5	241.7	3.7	169.0
248.379	0.26	fixation	n/a	514.8	240.2	3460.0	n/a	n/a	n/a	n/a
248.641	0.146	saccade	n/a	515.2	247.4	n/a	541.1	221.0	1.43	1508.0
248.665	0.082	blink	n/a	n/a	n/a	n/a	n/a	n/a	n/a	n/a
248.789	0.548	fixation	n/a	538.8	228.2	3602.0	n/a	n/a	n/a	n/a
249.339	0.018	saccade	n/a	543.0	231.6	n/a	567.8	230.9	0.95	72.0
249.359	0.258	fixation	n/a	568.6	231.5	3740.0	n/a	n/a	n/a	n/a
249.619	0.072	saccade	n/a	566.6	230.7	n/a	183.3	303.5	14.76	351.0
249.693	0.124	fixation	n/a	176.9	306.5	3851.0	n/a	n/a	n/a	n/a
249.819	0.026	saccade	n/a	176.2	306.2	n/a	115.0	306.3	2.27	144.0
249.847	0.22	fixation	n/a	114.9	314.2	3789.0	n/a	n/a	n/a	n/a
250.069	0.118	saccade	n/a	114.0	317.2	n/a	204.5	299.3	3.45	922.0
250.097	0.042	blink	n/a	n/a	n/a	n/a	n/a	n/a	n/a	n/a
250.189	0.262	fixation	n/a	207.4	302.8	3563.0	n/a	n/a	n/a	n/a
250.453	0.02	saccade	n/a	215.0	302.3	n/a	246.9	301.2	1.21	84.0
250.475	0.17	fixation	n/a	248.8	299.7	3640.0	n/a	n/a	n/a	n/a
250.647	0.022	saccade	n/a	250.9	299.1	n/a	288.4	296.4	1.43	91.0
250.671	0.338	fixation	n/a	295.7	297.4	3640.0	n/a	n/a	n/a	n/a
251.011	0.038	saccade	n/a	295.7	297.3	n/a	296.7	296.9	0.04	194.0
251.051	0.316	fixation	n/a	299.0	297.0	3489.0	n/a	n/a	n/a	n/a
251.369	0.022	saccade	n/a	304.1	297.1	n/a	342.3	292.4	1.47	92.0
251.393	0.372	fixation	n/a	345.5	292.8	3629.0	n/a	n/a	n/a	n/a
251.767	0.03	saccade	n/a	342.6	293.3	n/a	262.4	294.4	3.06	172.0
251.799	0.056	fixation	n/a	257.6	294.2	3823.0	n/a	n/a	n/a	n/a
251.857	0.034	saccade	n/a	256.9	295.2	n/a	257.9	297.9	0.11	127.0
251.893	0.09	fixation	n/a	258.1	297.2	3807.0	n/a	n/a	n/a	n/a
251.985	0.038	saccade	n/a	257.6	294.9	n/a	258.9	296.4	0.08	184.0
252.025	0.072	fixation	n/a	259.6	297.2	3805.0	n/a	n/a	n/a	n/a
252.099	0.072	saccade	n/a	260.3	297.7	n/a	310.6	293.7	1.92	125.0
252.173	0.354	fixation	n/a	315.8	295.7	3949.0	n/a	n/a	n/a	n/a
252.529	0.028	saccade	n/a	317.2	296.8	n/a	394.4	295.0	2.96	154.0
252.559	0.396	fixation	n/a	405.8	296.8	4127.0	n/a	n/a	n/a	n/a
252.957	0.146	saccade	n/a	403.0	300.2	n/a	410.4	283.9	0.7	900.0
252.979	0.08	blink	n/a	n/a	n/a	n/a	n/a	n/a	n/a	n/a
253.105	0.208	fixation	n/a	415.3	295.0	3962.0	n/a	n/a	n/a	n/a
253.315	0.03	saccade	n/a	419.1	297.3	n/a	505.5	300.1	3.32	160.0
253.347	0.3	fixation	n/a	514.7	303.8	3976.0	n/a	n/a	n/a	n/a
253.649	0.014	saccade	n/a	514.0	305.0	n/a	497.1	303.3	0.65	56.0
253.665	0.284	fixation	n/a	500.4	302.2	3755.0	n/a	n/a	n/a	n/a
253.951	0.02	saccade	n/a	503.7	301.3	n/a	537.7	298.9	1.31	92.0
253.973	0.124	fixation	n/a	538.7	300.5	3684.0	n/a	n/a	n/a	n/a
254.099	0.022	saccade	n/a	543.9	302.5	n/a	587.7	297.4	1.69	104.0
254.123	0.338	fixation	n/a	595.4	296.5	3669.0	n/a	n/a	n/a	n/a
254.463	0.066	saccade	n/a	596.7	296.7	n/a	171.7	356.2	16.17	380.0
254.531	0.146	fixation	n/a	164.5	362.1	3595.0	n/a	n/a	n/a	n/a
254.679	0.024	saccade	n/a	160.0	364.7	n/a	108.2	369.9	1.92	126.0
254.705	0.066	fixation	n/a	106.1	371.4	3527.0	n/a	n/a	n/a	n/a
254.773	0.014	saccade	n/a	104.2	368.4	n/a	98.3	352.5	0.64	50.0
254.789	0.116	fixation	n/a	100.1	367.8	3485.0	n/a	n/a	n/a	n/a
254.907	0.144	saccade	n/a	97.0	366.1	n/a	114.3	367.0	0.63	735.0
254.939	0.066	blink	n/a	n/a	n/a	n/a	n/a	n/a	n/a	n/a
255.053	0.202	fixation	n/a	117.3	373.1	3499.0	n/a	n/a	n/a	n/a
255.257	0.022	saccade	n/a	121.3	372.1	n/a	170.8	369.9	1.83	118.0
255.281	0.254	fixation	n/a	175.3	369.9	3570.0	n/a	n/a	n/a	n/a
255.537	0.016	saccade	n/a	175.0	374.2	n/a	157.1	376.5	0.67	54.0
255.555	0.32	fixation	n/a	162.1	375.1	3405.0	n/a	n/a	n/a	n/a
255.877	0.02	saccade	n/a	172.1	373.2	n/a	204.8	366.2	1.25	82.0
255.899	0.298	fixation	n/a	210.1	368.4	3268.0	n/a	n/a	n/a	n/a
256.199	0.02	saccade	n/a	216.7	373.0	n/a	253.2	369.6	1.38	94.0
256.221	0.532	fixation	n/a	258.2	369.4	3300.0	n/a	n/a	n/a	n/a
256.755	0.026	saccade	n/a	262.4	370.0	n/a	325.1	362.7	2.4	134.0
256.783	0.414	fixation	n/a	331.5	363.5	3371.0	n/a	n/a	n/a	n/a
257.199	0.03	saccade	n/a	334.4	365.1	n/a	420.6	360.1	3.31	150.0
257.231	0.252	fixation	n/a	430.6	360.9	3389.0	n/a	n/a	n/a	n/a
257.485	0.036	saccade	n/a	432.4	360.5	n/a	538.9	362.1	4.07	159.0
257.523	0.2	fixation	n/a	544.4	364.5	3292.0	n/a	n/a	n/a	n/a
257.725	0.016	saccade	n/a	548.5	363.9	n/a	570.4	364.0	0.83	63.0
257.743	0.218	fixation	n/a	572.3	365.4	3243.0	n/a	n/a	n/a	n/a
257.963	0.116	saccade	n/a	574.2	370.0	n/a	169.7	430.9	15.36	785.0
257.987	0.062	blink	n/a	n/a	n/a	n/a	n/a	n/a	n/a	n/a
258.081	0.132	fixation	n/a	173.0	438.2	3227.0	n/a	n/a	n/a	n/a
258.215	0.02	saccade	n/a	170.0	438.6	n/a	137.5	448.6	1.26	89.0
258.237	0.202	fixation	n/a	137.1	448.0	3328.0	n/a	n/a	n/a	n/a
258.441	0.046	saccade	n/a	137.4	446.3	n/a	307.7	427.0	6.38	230.0
258.489	0.056	fixation	n/a	312.4	427.9	3378.0	n/a	n/a	n/a	n/a
258.547	0.03	saccade	n/a	314.0	428.8	n/a	312.9	429.5	0.05	106.0
258.579	0.142	fixation	n/a	313.1	429.7	3404.0	n/a	n/a	n/a	n/a
258.723	0.022	saccade	n/a	314.8	430.9	n/a	356.2	427.2	1.58	101.0
258.747	0.374	fixation	n/a	363.9	426.5	3369.0	n/a	n/a	n/a	n/a
259.123	0.042	saccade	n/a	367.1	425.6	n/a	489.1	433.3	4.66	163.0
259.167	0.14	fixation	n/a	491.3	433.4	3401.0	n/a	n/a	n/a	n/a
259.309	0.03	saccade	n/a	492.4	431.9	n/a	455.0	335.2	3.98	200.0
259.341	0.292	fixation	n/a	450.2	321.6	3511.0	n/a	n/a	n/a	n/a
259.635	0.026	saccade	n/a	449.4	321.4	n/a	392.8	300.7	2.32	127.0
259.663	0.132	fixation	n/a	386.3	299.6	3611.0	n/a	n/a	n/a	n/a
259.797	0.022	saccade	n/a	385.2	299.7	n/a	343.5	299.3	1.6	107.0
259.821	0.108	fixation	n/a	339.4	296.8	3680.0	n/a	n/a	n/a	n/a
259.931	0.056	saccade	n/a	339.3	297.1	n/a	284.6	293.8	2.1	980.0
259.989	0.254	fixation	n/a	281.8	295.6	3753.0	n/a	n/a	n/a	n/a
260.245	0.146	saccade	n/a	281.6	294.3	n/a	479.1	365.7	8.05	1370.0
260.283	0.008	blink	n/a	n/a	n/a	n/a	n/a	n/a	n/a	n/a
260.393	0.188	fixation	n/a	481.5	362.5	3702.0	n/a	n/a	n/a	n/a
260.583	0.03	saccade	n/a	481.3	363.6	n/a	558.6	414.3	3.54	198.0
260.615	0.124	fixation	n/a	561.9	415.4	3821.0	n/a	n/a	n/a	n/a
260.741	0.022	saccade	n/a	563.8	415.4	n/a	598.8	429.6	1.43	93.0
260.765	0.158	fixation	n/a	601.0	433.9	3897.0	n/a	n/a	n/a	n/a
260.925	0.062	saccade	n/a	601.4	434.0	n/a	221.3	504.2	14.48	390.0
260.989	0.14	fixation	n/a	216.3	506.2	3966.0	n/a	n/a	n/a	n/a
261.131	0.026	saccade	n/a	213.0	506.0	n/a	151.7	512.6	2.27	139.0
261.159	0.354	fixation	n/a	146.6	518.1	3765.0	n/a	n/a	n/a	n/a
261.515	0.042	saccade	n/a	141.2	522.6	n/a	286.2	506.9	5.39	182.0
261.559	0.2	fixation	n/a	289.5	505.4	3603.0	n/a	n/a	n/a	n/a
261.761	0.026	saccade	n/a	292.8	507.8	n/a	366.8	503.1	2.79	143.0
261.789	0.154	fixation	n/a	375.0	502.4	3559.0	n/a	n/a	n/a	n/a
261.945	0.136	saccade	n/a	375.5	501.1	n/a	425.0	276.6	8.81	1130.0
261.969	0.076	blink	n/a	n/a	n/a	n/a	n/a	n/a	n/a	n/a
262.083	0.29	fixation	n/a	426.2	281.6	3538.0	n/a	n/a	n/a	n/a
262.375	0.02	saccade	n/a	426.5	285.4	n/a	405.5	261.0	1.25	87.0
262.397	0.238	fixation	n/a	400.9	253.7	3746.0	n/a	n/a	n/a	n/a
262.637	0.026	saccade	n/a	398.4	255.8	n/a	350.3	287.9	2.23	118.0
262.665	0.166	fixation	n/a	338.5	289.9	3740.0	n/a	n/a	n/a	n/a
262.833	0.026	saccade	n/a	335.3	290.2	n/a	275.5	293.3	2.29	124.0
262.861	0.102	fixation	n/a	269.2	293.9	3742.0	n/a	n/a	n/a	n/a
262.965	0.104	saccade	n/a	269.5	295.2	n/a	537.2	235.9	10.49	348.0
263.071	0.162	fixation	n/a	546.6	234.7	3758.0	n/a	n/a	n/a	n/a
263.235	0.062	saccade	n/a	549.3	234.7	n/a	142.0	326.0	15.74	426.0
263.299	0.342	fixation	n/a	134.2	330.5	3882.0	n/a	n/a	n/a	n/a
263.336	0.0	trigger_11	11	n/a	n/a	n/a	n/a	n/a	n/a	n/a
263.44	0.0	trigger_10	10	n/a	n/a	n/a	n/a	n/a	n/a	n/a
263.643	0.038	saccade	n/a	134.7	331.1	n/a	158.0	196.6	5.22	245.0
263.683	0.238	fixation	n/a	163.2	191.5	4001.0	n/a	n/a	n/a	n/a
263.923	0.128	saccade	n/a	162.2	193.7	n/a	289.0	173.5	4.86	1949.0
263.961	0.018	blink	n/a	n/a	n/a	n/a	n/a	n/a	n/a	n/a
264.053	0.14	fixation	n/a	287.1	177.3	3853.0	n/a	n/a	n/a	n/a
264.195	0.022	saccade	n/a	286.1	178.8	n/a	242.2	185.5	1.69	106.0
264.219	0.252	fixation	n/a	236.4	189.1	3906.0	n/a	n/a	n/a	n/a
264.473	0.086	saccade	n/a	237.3	191.9	n/a	316.4	190.5	3.01	233.0
264.561	0.064	fixation	n/a	316.3	192.6	3924.0	n/a	n/a	n/a	n/a
264.627	0.148	saccade	n/a	317.9	196.6	n/a	371.9	180.1	2.17	978.0
264.677	0.032	blink	n/a	n/a	n/a	n/a	n/a	n/a	n/a	n/a
264.777	0.21	fixation	n/a	372.0	175.5	3737.0	n/a	n/a	n/a	n/a
264.989	0.018	saccade	n/a	372.8	175.6	n/a	346.1	180.8	1.05	77.0
265.009	0.306	fixation	n/a	345.2	180.1	3790.0	n/a	n/a	n/a	n/a
265.317	0.028	saccade	n/a	345.1	181.4	n/a	426.3	174.9	3.13	159.0
265.347	0.252	fixation	n/a	435.3	175.5	3655.0	n/a	n/a	n/a	n/a
265.601	0.026	saccade	n/a	437.6	175.1	n/a	496.8	174.3	2.28	123.0
265.629	0.152	fixation	n/a	504.2	175.4	3572.0	n/a	n/a	n/a	n/a
265.783	0.026	saccade	n/a	507.0	175.7	n/a	562.8	169.4	2.16	120.0
265.811	0.09	fixation	n/a	565.8	171.3	3592.0	n/a	n/a	n/a	n/a
265.903	0.118	saccade	n/a	562.4	179.6	n/a	166.6	234.1	15.11	970.0
265.933	0.054	blink	n/a	n/a	n/a	n/a	n/a	n/a	n/a	n/a
266.023	0.144	fixation	n/a	169.6	237.9	3530.0	n/a	n/a	n/a	n/a
266.169	0.02	saccade	n/a	167.2	238.5	n/a	125.4	244.7	1.57	110.0
266.191	0.338	fixation	n/a	122.1	242.6	3637.0	n/a	n/a	n/a	n/a
266.531	0.024	saccade	n/a	121.8	240.3	n/a	129.6	190.4	1.93	113.0
266.557	0.118	fixation	n/a	135.9	186.7	3626.0	n/a	n/a	n/a	n/a
266.677	0.1	saccade	n/a	137.1	187.0	n/a	203.3	179.5	2.49	565.0
266.779	0.254	fixation	n/a	231.3	174.9	3542.0	n/a	n/a	n/a	n/a
267.035	0.034	saccade	n/a	234.3	175.9	n/a	335.0	172.8	3.84	143.0
267.071	0.248	fixation	n/a	349.4	172.0	3602.0	n/a	n/a	n/a	n/a
267.321	0.026	saccade	n/a	353.4	174.0	n/a	420.0	172.8	2.56	133.0
267.349	0.194	fixation	n/a	428.6	174.1	3530.0	n/a	n/a	n/a	n/a
267.545	0.144	saccade	n/a	428.2	181.5	n/a	498.5	170.4	2.74	986.0
267.583	0.03	blink	n/a	n/a	n/a	n/a	n/a	n/a	n/a	n/a
267.691	0.074	fixation	n/a	503.6	176.9	3463.0	n/a	n/a	n/a	n/a
267.767	0.074	saccade	n/a	506.1	180.7	n/a	508.8	178.7	0.13	668.0
267.843	0.094	fixation	n/a	509.6	180.2	3578.0	n/a	n/a	n/a	n/a
267.939	0.024	saccade	n/a	511.9	179.7	n/a	564.4	176.6	2.02	124.0
267.965	0.048	fixation	n/a	567.1	173.9	3622.0	n/a	n/a	n/a	n/a
268.015	0.06	saccade	n/a	568.9	172.6	n/a	186.3	228.1	14.65	399.0
268.077	0.12	fixation	n/a	178.6	229.9	3643.0	n/a	n/a	n/a	n/a
268.199	0.024	saccade	n/a	177.1	231.9	n/a	126.7	239.6	1.9	123.0
268.225	0.214	fixation	n/a	124.0	240.9	3509.0	n/a	n/a	n/a	n/a
268.441	0.038	saccade	n/a	125.2	241.7	n/a	263.2	233.2	5.18	200.0
268.481	0.37	fixation	n/a	267.4	236.2	3353.0	n/a	n/a	n/a	n/a
268.853	0.166	saccade	n/a	267.7	240.6	n/a	375.8	228.5	4.16	1667.0
268.877	0.07	blink	n/a	n/a	n/a	n/a	n/a	n/a	n/a	n/a
269.021	0.078	fixation	n/a	377.1	231.4	3114.0	n/a	n/a	n/a	n/a
269.101	0.046	saccade	n/a	377.7	232.8	n/a	377.5	234.0	0.05	438.0
269.149	0.538	fixation	n/a	367.2	238.0	3299.0	n/a	n/a	n/a	n/a
269.689	0.032	saccade	n/a	365.6	240.0	n/a	459.0	236.1	3.6	146.0
269.723	0.29	fixation	n/a	467.0	235.9	3398.0	n/a	n/a	n/a	n/a
270.015	0.022	saccade	n/a	471.4	235.5	n/a	515.5	234.2	1.69	110.0
270.039	0.122	fixation	n/a	518.7	234.5	3557.0	n/a	n/a	n/a	n/a
270.163	0.034	saccade	n/a	519.7	238.8	n/a	403.7	241.7	4.47	226.0
270.199	0.21	fixation	n/a	398.5	241.3	3632.0	n/a	n/a	n/a	n/a
270.411	0.026	saccade	n/a	397.2	239.4	n/a	331.5	235.4	2.53	147.0
270.439	0.228	fixation	n/a	322.6	235.8	3670.0	n/a	n/a	n/a	n/a
270.669	0.04	saccade	n/a	324.7	237.5	n/a	443.1	235.9	4.55	165.0
270.711	0.058	fixation	n/a	445.3	236.5	3698.0	n/a	n/a	n/a	n/a
270.771	0.03	saccade	n/a	447.3	236.5	n/a	516.1	239.3	2.65	146.0
270.803	0.098	fixation	n/a	519.3	237.4	3691.0	n/a	n/a	n/a	n/a
270.903	0.12	saccade	n/a	520.5	241.8	n/a	121.6	309.7	15.22	1577.0
270.953	0.038	blink	n/a	n/a	n/a	n/a	n/a	n/a	n/a	n/a
271.025	0.302	fixation	n/a	129.5	310.9	3638.0	n/a	n/a	n/a	n/a
271.329	0.028	saccade	n/a	132.2	309.0	n/a	229.0	297.9	3.64	179.0
271.359	0.244	fixation	n/a	246.0	298.5	3507.0	n/a	n/a	n/a	n/a
271.605	0.034	saccade	n/a	249.1	297.4	n/a	359.0	291.7	4.19	165.0
271.641	0.208	fixation	n/a	372.5	293.9	3299.0	n/a	n/a	n/a	n/a
271.851	0.032	saccade	n/a	378.5	293.9	n/a	472.3	297.1	3.61	150.0
271.885	0.19	fixation	n/a	482.2	297.3	3153.0	n/a	n/a	n/a	n/a
272.077	0.03	saccade	n/a	485.5	296.8	n/a	567.8	292.0	3.16	144.0
272.109	0.178	fixation	n/a	578.3	295.5	3181.0	n/a	n/a	n/a	n/a
272.289	0.024	saccade	n/a	581.7	298.4	n/a	628.2	298.4	1.77	103.0
272.315	0.226	fixation	n/a	630.0	296.5	3250.0	n/a	n/a	n/a	n/a
272.543	0.114	saccade	n/a	626.0	299.6	n/a	318.6	215.1	12.16	767.0
272.603	0.014	blink	n/a	n/a	n/a	n/a	n/a	n/a	n/a	n/a
272.659	0.086	fixation	n/a	311.2	216.7	3261.0	n/a	n/a	n/a	n/a
272.672	0.0	trigger_11	11	n/a	n/a	n/a	n/a	n/a	n/a	n/a
272.747	0.104	saccade	n/a	311.0	216.9	n/a	312.8	212.6	0.18	903.0
272.78	0.0	trigger_10	10	n/a	n/a	n/a	n/a	n/a	n/a	n/a
272.853	0.068	fixation	n/a	312.8	211.7	3301.0	n/a	n/a	n/a	n/a
272.923	0.116	saccade	n/a	314.2	211.4	n/a	228.8	175.5	3.53	1220.0
273.041	0.078	fixation	n/a	228.6	176.5	3451.0	n/a	n/a	n/a	n/a
273.121	0.028	saccade	n/a	226.6	176.2	n/a	140.3	176.8	3.23	176.0
273.151	0.226	fixation	n/a	134.6	181.7	3616.0	n/a	n/a	n/a	n/a
273.379	0.016	saccade	n/a	139.2	186.8	n/a	163.8	185.9	0.92	72.0
273.397	0.132	fixation	n/a	162.9	186.2	3629.0	n/a	n/a	n/a	n/a
273.531	0.03	saccade	n/a	163.1	185.6	n/a	265.3	177.3	3.86	188.0
273.563	0.222	fixation	n/a	278.6	180.5	3661.0	n/a	n/a	n/a	n/a
273.787	0.04	saccade	n/a	280.9	184.4	n/a	408.4	182.1	4.9	197.0
273.829	0.204	fixation	n/a	413.5	179.3	3718.0	n/a	n/a	n/a	n/a
274.035	0.026	saccade	n/a	417.4	179.3	n/a	488.6	175.8	2.75	153.0
274.063	0.202	fixation	n/a	497.3	175.1	3641.0	n/a	n/a	n/a	n/a
274.267	0.024	saccade	n/a	498.5	174.8	n/a	451.2	174.4	1.83	124.0
274.293	0.432	fixation	n/a	449.7	172.0	3663.0	n/a	n/a	n/a	n/a
274.727	0.028	saccade	n/a	453.6	171.5	n/a	523.7	165.6	2.7	136.0
274.757	0.382	fixation	n/a	528.9	168.7	3747.0	n/a	n/a	n/a	n/a
275.141	0.152	saccade	n/a	529.3	177.0	n/a	573.7	168.4	1.74	1994.0
275.177	0.07	blink	n/a	n/a	n/a	n/a	n/a	n/a	n/a	n/a
275.295	0.226	fixation	n/a	575.2	169.8	3636.0	n/a	n/a	n/a	n/a
275.523	0.064	saccade	n/a	575.6	168.2	n/a	156.3	239.5	16.09	395.0
275.589	0.144	fixation	n/a	151.2	238.4	3692.0	n/a	n/a	n/a	n/a
275.735	0.018	saccade	n/a	148.0	238.5	n/a	122.0	242.1	0.97	78.0
275.755	0.336	fixation	n/a	125.1	242.0	3605.0	n/a	n/a	n/a	n/a
276.093	0.026	saccade	n/a	130.3	243.6	n/a	212.1	239.0	3.06	167.0
276.121	0.19	fixation	n/a	224.8	239.1	3427.0	n/a	n/a	n/a	n/a
276.313	0.03	saccade	n/a	228.0	241.0	n/a	326.7	233.3	3.77	192.0
276.345	0.318	fixation	n/a	338.4	232.4	3448.0	n/a	n/a	n/a	n/a
276.665	0.026	saccade	n/a	339.3	236.3	n/a	404.1	233.4	2.5	145.0
276.693	0.574	fixation	n/a	415.3	233.6	3516.0	n/a	n/a	n/a	n/a
276.994	0.0	trigger_11	11	n/a	n/a	n/a	n/a	n/a	n/a	n/a
277.096	0.0	trigger_10	10	n/a	n/a	n/a	n/a	n/a	n/a	n/a
277.269	0.052	saccade	n/a	420.6	234.0	n/a	161.8	205.2	9.87	325.0
277.323	0.054	fixation	n/a	157.2	205.8	3710.0	n/a	n/a	n/a	n/a
277.379	0.132	saccade	n/a	158.0	207.8	n/a	145.7	167.1	1.63	3126.0
277.403	0.022	blink	n/a	n/a	n/a	n/a	n/a	n/a	n/a	n/a
277.513	0.506	fixation	n/a	149.6	170.0	3711.0	n/a	n/a	n/a	n/a
278.021	0.02	saccade	n/a	151.6	175.2	n/a	187.4	176.6	1.34	95.0
278.043	0.34	fixation	n/a	189.2	181.7	3710.0	n/a	n/a	n/a	n/a
278.385	0.024	saccade	n/a	189.9	182.7	n/a	137.9	184.8	1.95	114.0
278.411	0.288	fixation	n/a	132.2	183.1	3546.0	n/a	n/a	n/a	n/a
278.701	0.034	saccade	n/a	134.3	181.2	n/a	243.6	168.5	4.12	175.0
278.737	0.376	fixation	n/a	252.1	168.9	3460.0	n/a	n/a	n/a	n/a
279.115	0.022	saccade	n/a	255.2	168.9	n/a	296.5	169.5	1.57	91.0
279.139	0.142	fixation	n/a	314.8	171.1	3446.0	n/a	n/a	n/a	n/a
279.283	0.12	saccade	n/a	318.0	176.4	n/a	374.2	167.6	2.19	1503.0
279.315	0.014	blink	n/a	n/a	n/a	n/a	n/a	n/a	n/a	n/a
279.405	0.228	fixation	n/a	373.5	167.5	3350.0	n/a	n/a	n/a	n/a
279.635	0.026	saccade	n/a	374.9	165.9	n/a	439.5	168.8	2.49	139.0
279.663	0.114	fixation	n/a	447.3	170.6	3422.0	n/a	n/a	n/a	n/a
279.779	0.18	saccade	n/a	448.5	172.5	n/a	416.4	175.0	1.24	1008.0
279.961	0.09	fixation	n/a	414.6	176.5	3483.0	n/a	n/a	n/a	n/a
280.053	0.13	saccade	n/a	414.7	178.0	n/a	414.8	178.2	0.01	725.0
280.185	0.066	fixation	n/a	414.2	178.0	3454.0	n/a	n/a	n/a	n/a
280.253	0.042	saccade	n/a	413.8	178.6	n/a	414.1	178.3	0.02	507.0
280.297	0.22	fixation	n/a	415.1	178.7	3530.0	n/a	n/a	n/a	n/a
280.519	0.026	saccade	n/a	418.1	177.7	n/a	481.4	172.4	2.45	123.0
280.547	0.168	fixation	n/a	493.7	171.4	3520.0	n/a	n/a	n/a	n/a
280.717	0.026	saccade	n/a	496.3	169.5	n/a	553.0	167.9	2.18	118.0
280.745	0.222	fixation	n/a	555.7	170.5	3606.0	n/a	n/a	n/a	n/a
280.969	0.018	saccade	n/a	556.7	166.9	n/a	587.4	163.8	1.18	82.0
280.989	0.142	fixation	n/a	584.6	165.3	3741.0	n/a	n/a	n/a	n/a
281.133	0.062	saccade	n/a	584.1	165.8	n/a	180.7	224.7	15.45	404.0
281.197	0.12	fixation	n/a	178.0	227.8	3837.0	n/a	n/a	n/a	n/a
281.319	0.026	saccade	n/a	177.8	230.9	n/a	123.3	242.1	2.08	141.0
281.347	0.146	fixation	n/a	120.4	243.2	3841.0	n/a	n/a	n/a	n/a
281.495	0.114	saccade	n/a	117.1	244.3	n/a	193.1	227.1	2.92	889.0
281.533	0.02	blink	n/a	n/a	n/a	n/a	n/a	n/a	n/a	n/a
281.611	0.184	fixation	n/a	190.6	234.3	3760.0	n/a	n/a	n/a	n/a
281.797	0.028	saccade	n/a	189.0	234.8	n/a	279.1	236.1	3.41	183.0
281.827	0.152	fixation	n/a	288.1	237.0	3759.0	n/a	n/a	n/a	n/a
281.981	0.024	saccade	n/a	287.4	237.7	n/a	245.5	240.0	1.6	119.0
282.007	0.644	fixation	n/a	239.0	240.4	3717.0	n/a	n/a	n/a	n/a
282.653	0.03	saccade	n/a	233.3	236.9	n/a	317.1	229.4	3.22	138.0
282.685	0.182	fixation	n/a	326.5	230.8	3675.0	n/a	n/a	n/a	n/a
282.869	0.022	saccade	n/a	330.4	228.8	n/a	371.2	228.7	1.58	107.0
282.893	0.152	fixation	n/a	376.0	230.3	3703.0	n/a	n/a	n/a	n/a
283.047	0.026	saccade	n/a	378.6	230.6	n/a	446.5	228.1	2.63	140.0
283.075	0.214	fixation	n/a	456.1	229.9	3725.0	n/a	n/a	n/a	n/a
283.291	0.038	saccade	n/a	459.5	231.2	n/a	575.3	229.0	4.47	179.0
283.331	0.104	fixation	n/a	578.2	228.9	3628.0	n/a	n/a	n/a	n/a
283.437	0.146	saccade	n/a	576.7	235.6	n/a	475.9	217.0	3.94	1579.0
283.457	0.082	blink	n/a	n/a	n/a	n/a	n/a	n/a	n/a	n/a
283.585	0.104	fixation	n/a	477.1	224.1	3493.0	n/a	n/a	n/a	n/a
283.691	0.024	saccade	n/a	475.9	224.7	n/a	419.2	233.4	2.22	142.0
283.717	0.282	fixation	n/a	416.2	234.9	3633.0	n/a	n/a	n/a	n/a
284.001	0.042	saccade	n/a	416.6	234.9	n/a	562.2	236.7	5.62	216.0
284.045	0.144	fixation	n/a	568.6	236.4	3685.0	n/a	n/a	n/a	n/a
284.191	0.06	saccade	n/a	570.6	236.6	n/a	200.0	296.1	14.31	410.0
284.253	0.154	fixation	n/a	195.3	298.4	3727.0	n/a	n/a	n/a	n/a
284.409	0.024	saccade	n/a	192.5	297.1	n/a	146.4	299.2	1.73	116.0
284.435	0.188	fixation	n/a	145.1	301.5	3643.0	n/a	n/a	n/a	n/a
284.625	0.036	saccade	n/a	148.1	303.7	n/a	268.3	298.7	4.54	191.0
284.663	0.19	fixation	n/a	272.1	296.0	3560.0	n/a	n/a	n/a	n/a
284.855	0.02	saccade	n/a	275.2	297.2	n/a	306.0	298.0	1.18	84.0
284.877	0.578	fixation	n/a	306.8	297.6	3509.0	n/a	n/a	n/a	n/a
285.21	0.0	trigger_11	11	n/a	n/a	n/a	n/a	n/a	n/a	n/a
285.312	0.0	trigger_10	10	n/a	n/a	n/a	n/a	n/a	n/a	n/a
285.457	0.042	saccade	n/a	308.1	296.6	n/a	184.8	212.6	5.7	247.0
285.501	0.064	fixation	n/a	183.5	210.8	3556.0	n/a	n/a	n/a	n/a
285.567	0.02	saccade	n/a	181.0	211.3	n/a	153.6	189.5	1.33	98.0
285.589	0.22	fixation	n/a	155.1	191.8	3594.0	n/a	n/a	n/a	n/a
285.811	0.112	saccade	n/a	157.6	198.9	n/a	146.0	176.9	0.95	1382.0
285.843	0.034	blink	n/a	n/a	n/a	n/a	n/a	n/a	n/a	n/a
285.925	0.242	fixation	n/a	145.5	182.1	3740.0	n/a	n/a	n/a	n/a
286.169	0.026	saccade	n/a	143.9	179.6	n/a	214.0	176.4	2.63	156.0
286.197	0.172	fixation	n/a	222.0	179.3	3889.0	n/a	n/a	n/a	n/a
286.371	0.018	saccade	n/a	220.8	180.3	n/a	196.2	187.0	0.96	71.0
286.391	0.232	fixation	n/a	196.8	193.9	3924.0	n/a	n/a	n/a	n/a
286.625	0.028	saccade	n/a	197.8	197.1	n/a	274.4	190.0	2.92	158.0
286.655	0.296	fixation	n/a	281.0	189.3	3916.0	n/a	n/a	n/a	n/a
286.953	0.038	saccade	n/a	284.3	189.2	n/a	400.0	180.7	4.46	190.0
286.993	0.238	fixation	n/a	403.7	179.0	3865.0	n/a	n/a	n/a	n/a
287.233	0.014	saccade	n/a	400.9	178.6	n/a	384.3	179.7	0.64	55.0
287.249	0.152	fixation	n/a	384.7	181.6	3755.0	n/a	n/a	n/a	n/a
287.403	0.136	saccade	n/a	383.7	189.4	n/a	406.8	168.2	1.22	1486.0
287.427	0.07	blink	n/a	n/a	n/a	n/a	n/a	n/a	n/a	n/a
287.541	0.194	fixation	n/a	437.5	172.0	3535.0	n/a	n/a	n/a	n/a
287.737	0.028	saccade	n/a	443.1	168.4	n/a	520.9	169.5	3.0	143.0
287.767	0.256	fixation	n/a	534.6	171.1	3645.0	n/a	n/a	n/a	n/a
288.025	0.024	saccade	n/a	536.3	171.7	n/a	594.9	167.8	2.25	130.0
288.051	0.17	fixation	n/a	599.0	166.6	3624.0	n/a	n/a	n/a	n/a
288.223	0.066	saccade	n/a	600.5	165.5	n/a	151.7	226.0	17.1	416.0
288.291	0.226	fixation	n/a	150.2	230.0	3572.0	n/a	n/a	n/a	n/a
288.519	0.028	saccade	n/a	153.5	232.8	n/a	225.7	238.0	2.73	157.0
288.549	0.38	fixation	n/a	230.8	237.4	3593.0	n/a	n/a	n/a	n/a
288.931	0.128	saccade	n/a	234.8	241.0	n/a	322.7	240.9	3.37	1387.0
288.961	0.054	blink	n/a	n/a	n/a	n/a	n/a	n/a	n/a	n/a
289.061	0.3	fixation	n/a	325.2	239.2	3467.0	n/a	n/a	n/a	n/a
289.363	0.028	saccade	n/a	328.3	238.4	n/a	404.7	234.6	2.95	144.0
289.393	0.354	fixation	n/a	416.1	233.4	3545.0	n/a	n/a	n/a	n/a
289.749	0.036	saccade	n/a	420.4	235.0	n/a	534.3	233.1	4.39	161.0
289.787	0.24	fixation	n/a	542.1	236.8	3470.0	n/a	n/a	n/a	n/a
290.029	0.064	saccade	n/a	543.1	235.9	n/a	132.8	300.3	15.71	388.0
290.095	0.284	fixation	n/a	128.7	306.3	3520.0	n/a	n/a	n/a	n/a
290.381	0.122	saccade	n/a	127.0	306.8	n/a	244.4	189.5	6.32	1620.0
290.411	0.048	blink	n/a	n/a	n/a	n/a	n/a	n/a	n/a	n/a
290.442	0.0	trigger_11	11	n/a	n/a	n/a	n/a	n/a	n/a	n/a
290.505	0.218	fixation	n/a	248.4	194.7	3436.0	n/a	n/a	n/a	n/a
290.546	0.0	trigger_10	10	n/a	n/a	n/a	n/a	n/a	n/a	n/a
290.725	0.028	saccade	n/a	249.3	197.4	n/a	157.0	187.3	3.5	184.0
290.755	0.39	fixation	n/a	149.3	186.7	3509.0	n/a	n/a	n/a	n/a
291.147	0.046	saccade	n/a	144.0	186.5	n/a	305.4	177.0	6.12	230.0
291.195	0.478	fixation	n/a	311.0	177.1	3516.0	n/a	n/a	n/a	n/a
291.675	0.03	saccade	n/a	314.1	179.4	n/a	411.9	176.4	3.77	169.0
291.707	0.254	fixation	n/a	420.1	175.4	3550.0	n/a	n/a	n/a	n/a
291.963	0.03	saccade	n/a	423.7	177.7	n/a	521.5	172.3	3.77	174.0
291.995	0.124	fixation	n/a	534.2	173.2	3521.0	n/a	n/a	n/a	n/a
292.121	0.118	saccade	n/a	534.8	180.5	n/a	130.1	238.0	15.43	1292.0
292.161	0.038	blink	n/a	n/a	n/a	n/a	n/a	n/a	n/a	n/a
292.241	0.158	fixation	n/a	135.7	240.1	3617.0	n/a	n/a	n/a	n/a
292.401	0.014	saccade	n/a	133.3	239.6	n/a	117.6	246.1	0.63	57.0
292.417	0.132	fixation	n/a	120.2	245.8	3638.0	n/a	n/a	n/a	n/a
292.551	0.034	saccade	n/a	120.5	245.9	n/a	225.2	242.0	3.92	191.0
292.587	0.25	fixation	n/a	230.3	241.2	3643.0	n/a	n/a	n/a	n/a
292.839	0.016	saccade	n/a	232.7	240.8	n/a	252.0	240.8	0.73	61.0
292.857	0.04	fixation	n/a	250.3	241.9	3596.0	n/a	n/a	n/a	n/a
292.899	0.058	saccade	n/a	252.0	243.6	n/a	543.2	173.3	11.47	307.0
292.959	0.498	fixation	n/a	558.7	172.5	3502.0	n/a	n/a	n/a	n/a
293.242	0.0	trigger_11	11	n/a	n/a	n/a	n/a	n/a	n/a	n/a
293.35	0.0	trigger_10	10	n/a	n/a	n/a	n/a	n/a	n/a	n/a
293.459	0.104	saccade	n/a	552.9	184.6	n/a	140.4	182.0	15.63	1621.0
293.491	0.008	blink	n/a	n/a	n/a	n/a	n/a	n/a	n/a	n/a
293.565	0.352	fixation	n/a	144.9	181.3	3518.0	n/a	n/a	n/a	n/a
293.919	0.146	saccade	n/a	143.1	184.4	n/a	262.4	165.8	4.54	1590.0
293.947	0.078	blink	n/a	n/a	n/a	n/a	n/a	n/a	n/a	n/a
294.067	0.264	fixation	n/a	260.2	180.0	3659.0	n/a	n/a	n/a	n/a
294.333	0.026	saccade	n/a	260.8	184.1	n/a	328.6	181.0	2.61	141.0
294.361	0.158	fixation	n/a	341.7	179.6	3714.0	n/a	n/a	n/a	n/a
294.521	0.038	saccade	n/a	345.9	181.0	n/a	469.2	180.0	4.77	189.0
294.561	0.234	fixation	n/a	476.7	177.5	3623.0	n/a	n/a	n/a	n/a
294.797	0.02	saccade	n/a	481.7	176.0	n/a	515.9	174.9	1.32	90.0
294.819	0.246	fixation	n/a	521.8	173.2	3535.0	n/a	n/a	n/a	n/a
295.067	0.024	saccade	n/a	527.4	172.0	n/a	585.7	168.5	2.25	125.0
295.093	0.07	fixation	n/a	593.6	170.7	3378.0	n/a	n/a	n/a	n/a
295.165	0.142	saccade	n/a	595.2	177.6	n/a	120.0	233.0	18.03	1084.0
295.189	0.082	blink	n/a	n/a	n/a	n/a	n/a	n/a	n/a	n/a
295.309	0.246	fixation	n/a	123.4	236.0	3248.0	n/a	n/a	n/a	n/a
295.557	0.028	saccade	n/a	125.8	239.2	n/a	219.8	238.3	3.53	184.0
295.587	0.396	fixation	n/a	233.6	242.2	3291.0	n/a	n/a	n/a	n/a
295.985	0.044	saccade	n/a	236.2	244.9	n/a	386.0	239.6	5.74	204.0
296.031	0.25	fixation	n/a	392.0	239.9	3248.0	n/a	n/a	n/a	n/a
296.283	0.028	saccade	n/a	396.6	241.0	n/a	473.9	237.2	2.99	151.0
296.313	0.096	fixation	n/a	481.1	236.4	3244.0	n/a	n/a	n/a	n/a
296.411	0.1	saccade	n/a	482.8	240.5	n/a	210.9	180.3	10.64	1470.0
296.435	0.038	blink	n/a	n/a	n/a	n/a	n/a	n/a	n/a	n/a
296.513	0.2	fixation	n/a	214.7	171.4	3223.0	n/a	n/a	n/a	n/a
296.715	0.024	saccade	n/a	214.4	169.1	n/a	160.6	180.4	2.07	130.0
296.741	0.47	fixation	n/a	156.5	184.9	3521.0	n/a	n/a	n/a	n/a
296.89	0.0	trigger_11	11	n/a	n/a	n/a	n/a	n/a	n/a	n/a
296.994	0.0	trigger_10	10	n/a	n/a	n/a	n/a	n/a	n/a	n/a
297.213	0.028	saccade	n/a	159.2	187.9	n/a	235.9	176.7	2.92	175.0
297.243	0.144	fixation	n/a	240.9	178.5	3703.0	n/a	n/a	n/a	n/a
297.389	0.15	saccade	n/a	242.1	179.1	n/a	132.9	172.5	4.11	1116.0
297.417	0.076	blink	n/a	n/a	n/a	n/a	n/a	n/a	n/a	n/a
297.541	0.338	fixation	n/a	135.3	176.1	3735.0	n/a	n/a	n/a	n/a
297.881	0.022	saccade	n/a	138.4	175.5	n/a	180.9	176.9	1.59	104.0
297.905	0.202	fixation	n/a	186.4	180.2	3790.0	n/a	n/a	n/a	n/a
298.109	0.052	saccade	n/a	186.5	178.0	n/a	396.6	170.8	8.01	247.0
298.163	0.334	fixation	n/a	404.4	172.5	3661.0	n/a	n/a	n/a	n/a
298.499	0.026	saccade	n/a	409.6	173.8	n/a	474.6	174.0	2.51	126.0
298.527	0.166	fixation	n/a	484.1	173.4	3576.0	n/a	n/a	n/a	n/a
298.695	0.028	saccade	n/a	487.0	172.9	n/a	567.5	164.7	3.11	154.0
298.725	0.112	fixation	n/a	573.5	168.0	3562.0	n/a	n/a	n/a	n/a
298.839	0.12	saccade	n/a	571.5	177.3	n/a	166.1	244.9	15.61	875.0
298.863	0.064	blink	n/a	n/a	n/a	n/a	n/a	n/a	n/a	n/a
298.961	0.204	fixation	n/a	167.3	244.0	3609.0	n/a	n/a	n/a	n/a
299.167	0.016	saccade	n/a	165.6	243.3	n/a	144.7	246.1	0.79	61.0
299.185	0.154	fixation	n/a	146.2	247.1	3718.0	n/a	n/a	n/a	n/a
299.341	0.034	saccade	n/a	147.5	246.0	n/a	258.6	239.1	4.2	220.0
299.377	0.332	fixation	n/a	267.0	240.7	3588.0	n/a	n/a	n/a	n/a
299.711	0.016	saccade	n/a	267.7	237.1	n/a	285.8	237.2	0.69	57.0
299.729	0.352	fixation	n/a	285.3	236.8	3552.0	n/a	n/a	n/a	n/a
299.81	0.0	trigger_11	11	n/a	n/a	n/a	n/a	n/a	n/a	n/a
299.914	0.0	trigger_12	12	n/a	n/a	n/a	n/a	n/a	n/a	n/a
300.083	0.036	saccade	n/a	287.0	236.3	n/a	163.5	187.9	5.02	214.0
300.121	0.138	fixation	n/a	158.4	190.4	3617.0	n/a	n/a	n/a	n/a
300.261	0.136	saccade	n/a	161.7	198.6	n/a	214.1	167.1	2.32	1192.0
300.293	0.054	blink	n/a	n/a	n/a	n/a	n/a	n/a	n/a	n/a
300.399	0.186	fixation	n/a	221.8	171.1	3606.0	n/a	n/a	n/a	n/a
300.587	0.036	saccade	n/a	226.0	171.7	n/a	348.6	173.5	4.68	172.0
300.625	0.284	fixation	n/a	357.3	179.1	3701.0	n/a	n/a	n/a	n/a
300.911	0.026	saccade	n/a	357.6	180.2	n/a	410.7	176.2	2.06	112.0
300.939	0.266	fixation	n/a	420.0	175.2	3672.0	n/a	n/a	n/a	n/a
301.207	0.028	saccade	n/a	423.9	172.9	n/a	505.7	170.4	3.16	153.0
301.237	0.258	fixation	n/a	518.0	171.7	3621.0	n/a	n/a	n/a	n/a
301.497	0.026	saccade	n/a	520.8	171.2	n/a	583.7	168.3	2.42	135.0
301.525	0.156	fixation	n/a	588.4	169.9	3667.0	n/a	n/a	n/a	n/a
301.683	0.134	saccade	n/a	584.6	180.2	n/a	110.4	236.8	17.96	2058.0
301.705	0.07	blink	n/a	n/a	n/a	n/a	n/a	n/a	n/a	n/a
301.819	0.232	fixation	n/a	113.5	242.3	3722.0	n/a	n/a	n/a	n/a
302.053	0.046	saccade	n/a	113.8	240.2	n/a	290.8	237.9	6.65	237.0
302.101	0.27	fixation	n/a	298.2	239.4	3703.0	n/a	n/a	n/a	n/a
302.373	0.04	saccade	n/a	299.1	239.8	n/a	430.1	236.4	5.04	196.0
302.415	0.246	fixation	n/a	436.8	236.4	3498.0	n/a	n/a	n/a	n/a
302.663	0.026	saccade	n/a	441.0	236.2	n/a	499.9	236.1	2.27	136.0
302.691	0.672	fixation	n/a	507.4	238.2	3356.0	n/a	n/a	n/a	n/a
303.164	0.0	trigger_13	13	n/a	n/a	n/a	n/a	n/a	n/a	n/a
303.365	0.054	saccade	n/a	508.6	239.2	n/a	177.8	218.7	12.6	374.0
303.421	0.18	fixation	n/a	175.1	222.6	3480.0	n/a	n/a	n/a	n/a
303.603	0.026	saccade	n/a	173.5	222.8	n/a	139.0	275.3	2.39	146.0
303.631	0.21	fixation	n/a	138.7	281.9	3625.0	n/a	n/a	n/a	n/a
303.843	0.026	saccade	n/a	139.6	287.2	n/a	146.5	338.8	1.99	131.0
303.871	0.266	fixation	n/a	146.9	339.4	3803.0	n/a	n/a	n/a	n/a
304.139	0.028	saccade	n/a	148.8	340.7	n/a	149.6	270.2	2.7	173.0
304.169	0.136	fixation	n/a	151.6	267.7	3922.0	n/a	n/a	n/a	n/a
304.307	0.07	saccade	n/a	152.1	268.7	n/a	131.4	235.6	1.49	505.0
304.379	0.148	fixation	n/a	133.0	241.3	4019.0	n/a	n/a	n/a	n/a
304.529	0.03	saccade	n/a	135.2	241.7	n/a	197.2	182.6	3.26	175.0
304.561	0.164	fixation	n/a	209.6	182.8	4129.0	n/a	n/a	n/a	n/a
304.727	0.022	saccade	n/a	212.1	184.1	n/a	254.9	175.3	1.66	110.0
304.751	0.134	fixation	n/a	261.3	176.2	4235.0	n/a	n/a	n/a	n/a
304.887	0.032	saccade	n/a	263.1	175.6	n/a	158.7	191.0	3.98	213.0
304.921	0.204	fixation	n/a	153.0	192.2	4326.0	n/a	n/a	n/a	n/a
305.127	0.142	saccade	n/a	153.7	200.7	n/a	143.2	269.6	2.68	962.0
305.155	0.062	blink	n/a	n/a	n/a	n/a	n/a	n/a	n/a	n/a
305.271	0.208	fixation	n/a	144.4	276.2	4313.0	n/a	n/a	n/a	n/a
305.481	0.02	saccade	n/a	144.2	279.2	n/a	145.7	306.0	1.03	70.0
305.503	0.26	fixation	n/a	144.8	306.6	4400.0	n/a	n/a	n/a	n/a
305.765	0.028	saccade	n/a	145.3	309.3	n/a	155.1	366.5	2.22	157.0
305.795	0.242	fixation	n/a	154.1	369.3	4425.0	n/a	n/a	n/a	n/a
306.039	0.028	saccade	n/a	154.8	371.3	n/a	129.6	309.5	2.54	159.0
306.069	0.178	fixation	n/a	129.3	306.1	4391.0	n/a	n/a	n/a	n/a
306.249	0.028	saccade	n/a	131.4	308.3	n/a	147.2	367.0	2.32	152.0
306.279	0.262	fixation	n/a	147.9	365.5	4434.0	n/a	n/a	n/a	n/a
306.543	0.02	saccade	n/a	148.0	364.9	n/a	120.0	377.6	1.14	79.0
306.565	0.238	fixation	n/a	119.9	379.2	4516.0	n/a	n/a	n/a	n/a
306.805	0.044	saccade	n/a	122.3	382.2	n/a	282.0	428.2	6.22	249.0
306.851	0.314	fixation	n/a	288.6	430.6	4548.0	n/a	n/a	n/a	n/a
306.964	0.0	trigger_15	15	n/a	n/a	n/a	n/a	n/a	n/a	n/a
307.018	0.0	trigger_10	10	n/a	n/a	n/a	n/a	n/a	n/a	n/a
307.167	0.128	saccade	n/a	287.9	430.7	n/a	196.9	195.0	9.69	999.0
307.219	0.03	blink	n/a	n/a	n/a	n/a	n/a	n/a	n/a	n/a
307.297	0.186	fixation	n/a	202.9	197.7	4441.0	n/a	n/a	n/a	n/a
307.485	0.024	saccade	n/a	203.8	191.1	n/a	145.8	183.1	2.19	133.0
307.511	1.476	fixation	n/a	144.7	176.9	4471.0	n/a	n/a	n/a	n/a
308.989	0.02	saccade	n/a	143.0	177.4	n/a	114.0	181.8	1.09	79.0
309.011	0.146	fixation	n/a	118.2	183.1	4650.0	n/a	n/a	n/a	n/a
309.159	0.154	saccade	n/a	120.5	188.5	n/a	135.0	162.5	1.13	1278.0
309.193	0.072	blink	n/a	n/a	n/a	n/a	n/a	n/a	n/a	n/a
309.315	0.268	fixation	n/a	139.0	172.6	4619.0	n/a	n/a	n/a	n/a
309.585	0.026	saccade	n/a	140.7	171.9	n/a	200.0	178.9	2.24	139.0
309.613	0.21	fixation	n/a	205.4	178.3	4674.0	n/a	n/a	n/a	n/a
309.825	0.02	saccade	n/a	201.8	178.6	n/a	169.6	183.2	1.22	84.0
309.847	0.22	fixation	n/a	167.5	182.2	4575.0	n/a	n/a	n/a	n/a
310.069	0.056	saccade	n/a	167.5	182.7	n/a	429.3	168.3	9.99	289.0
310.127	0.216	fixation	n/a	438.5	168.5	4364.0	n/a	n/a	n/a	n/a
310.345	0.148	saccade	n/a	437.7	179.5	n/a	129.3	168.2	11.67	1194.0
310.373	0.078	blink	n/a	n/a	n/a	n/a	n/a	n/a	n/a	n/a
310.495	0.384	fixation	n/a	136.3	174.9	4266.0	n/a	n/a	n/a	n/a
310.881	0.026	saccade	n/a	140.0	172.4	n/a	205.6	169.4	2.46	145.0
310.909	0.246	fixation	n/a	219.2	170.0	4273.0	n/a	n/a	n/a	n/a
311.157	0.02	saccade	n/a	216.5	171.7	n/a	185.1	176.7	1.2	85.0
311.179	0.134	fixation	n/a	184.0	175.0	4179.0	n/a	n/a	n/a	n/a
311.315	0.028	saccade	n/a	183.8	172.9	n/a	274.4	165.6	3.44	180.0
311.345	0.258	fixation	n/a	284.7	168.8	4115.0	n/a	n/a	n/a	n/a
311.605	0.16	saccade	n/a	289.1	173.9	n/a	277.3	156.5	0.82	962.0
311.631	0.086	blink	n/a	n/a	n/a	n/a	n/a	n/a	n/a	n/a
311.767	0.198	fixation	n/a	277.6	160.4	4083.0	n/a	n/a	n/a	n/a
311.967	0.026	saccade	n/a	279.0	158.6	n/a	344.8	165.6	2.54	136.0
311.995	0.178	fixation	n/a	351.8	164.1	4188.0	n/a	n/a	n/a	n/a
312.175	0.026	saccade	n/a	352.9	163.4	n/a	420.5	161.1	2.61	144.0
312.203	0.22	fixation	n/a	428.0	162.9	4213.0	n/a	n/a	n/a	n/a
312.425	0.03	saccade	n/a	431.0	161.8	n/a	526.7	158.0	3.69	166.0
312.457	0.194	fixation	n/a	537.6	160.3	4075.0	n/a	n/a	n/a	n/a
312.653	0.022	saccade	n/a	538.6	165.8	n/a	490.2	170.0	1.88	126.0
312.677	0.16	fixation	n/a	486.7	168.8	3981.0	n/a	n/a	n/a	n/a
312.839	0.024	saccade	n/a	483.4	170.5	n/a	434.7	168.7	1.89	106.0
312.865	0.094	fixation	n/a	425.6	169.5	3929.0	n/a	n/a	n/a	n/a
312.961	0.022	saccade	n/a	422.7	170.0	n/a	370.9	170.9	2.0	126.0
312.985	0.312	fixation	n/a	363.7	170.7	3956.0	n/a	n/a	n/a	n/a
313.299	0.03	saccade	n/a	365.3	169.6	n/a	456.9	163.2	3.54	161.0
313.331	0.164	fixation	n/a	468.4	165.9	4053.0	n/a	n/a	n/a	n/a
313.497	0.03	saccade	n/a	470.8	165.2	n/a	562.5	161.4	3.53	172.0
313.529	0.108	fixation	n/a	569.7	162.1	4071.0	n/a	n/a	n/a	n/a
313.639	0.126	saccade	n/a	570.6	168.9	n/a	158.9	230.7	15.78	1113.0
313.665	0.06	blink	n/a	n/a	n/a	n/a	n/a	n/a	n/a	n/a
313.767	0.292	fixation	n/a	158.3	231.2	4086.0	n/a	n/a	n/a	n/a
314.061	0.03	saccade	n/a	158.3	229.4	n/a	267.7	222.9	4.14	209.0
314.093	0.148	fixation	n/a	280.0	225.3	4097.0	n/a	n/a	n/a	n/a
314.243	0.028	saccade	n/a	283.0	226.9	n/a	358.3	224.3	2.9	155.0
314.273	0.212	fixation	n/a	362.8	224.7	4114.0	n/a	n/a	n/a	n/a
314.487	0.022	saccade	n/a	364.2	225.0	n/a	413.0	224.2	1.88	122.0
314.511	0.37	fixation	n/a	416.9	226.3	3980.0	n/a	n/a	n/a	n/a
314.628	0.0	trigger_11	11	n/a	n/a	n/a	n/a	n/a	n/a	n/a
314.732	0.0	trigger_10	10	n/a	n/a	n/a	n/a	n/a	n/a	n/a
314.883	0.05	saccade	n/a	416.3	229.0	n/a	177.0	193.4	9.22	313.0
314.935	0.126	fixation	n/a	172.7	194.3	3975.0	n/a	n/a	n/a	n/a
315.063	0.016	saccade	n/a	169.6	194.3	n/a	149.5	185.1	0.83	64.0
315.081	0.21	fixation	n/a	151.3	187.7	4004.0	n/a	n/a	n/a	n/a
315.293	0.044	saccade	n/a	154.0	188.7	n/a	299.8	173.8	5.56	227.0
315.339	0.172	fixation	n/a	305.9	172.8	4087.0	n/a	n/a	n/a	n/a
315.513	0.044	saccade	n/a	306.6	169.9	n/a	463.6	166.6	6.04	230.0
315.559	0.188	fixation	n/a	470.3	167.6	4097.0	n/a	n/a	n/a	n/a
315.749	0.026	saccade	n/a	473.0	167.4	n/a	527.8	165.6	2.12	124.0
315.777	0.126	fixation	n/a	528.9	165.1	4103.0	n/a	n/a	n/a	n/a
315.905	0.134	saccade	n/a	530.2	169.8	n/a	140.8	228.6	14.9	776.0
315.927	0.074	blink	n/a	n/a	n/a	n/a	n/a	n/a	n/a	n/a
316.041	0.264	fixation	n/a	146.8	231.9	3950.0	n/a	n/a	n/a	n/a
316.307	0.036	saccade	n/a	150.2	233.4	n/a	281.1	231.3	4.95	223.0
316.345	0.25	fixation	n/a	290.5	231.8	3940.0	n/a	n/a	n/a	n/a
316.597	0.026	saccade	n/a	293.4	233.7	n/a	358.7	228.3	2.52	142.0
316.625	0.152	fixation	n/a	364.2	228.9	3822.0	n/a	n/a	n/a	n/a
316.779	0.034	saccade	n/a	364.2	230.4	n/a	247.5	234.9	4.48	203.0
316.815	0.296	fixation	n/a	237.6	237.6	3617.0	n/a	n/a	n/a	n/a
317.113	0.028	saccade	n/a	235.9	240.7	n/a	318.4	234.7	3.16	155.0
317.143	0.106	fixation	n/a	333.9	236.6	3490.0	n/a	n/a	n/a	n/a
317.251	0.142	saccade	n/a	338.5	242.6	n/a	381.9	231.5	1.73	1609.0
317.273	0.08	blink	n/a	n/a	n/a	n/a	n/a	n/a	n/a	n/a
317.395	0.192	fixation	n/a	383.2	234.0	3346.0	n/a	n/a	n/a	n/a
317.589	0.036	saccade	n/a	385.5	233.6	n/a	491.8	236.7	4.12	185.0
317.627	0.234	fixation	n/a	494.5	236.7	3461.0	n/a	n/a	n/a	n/a
317.863	0.054	saccade	n/a	496.2	237.9	n/a	181.6	297.6	12.23	377.0
317.919	0.146	fixation	n/a	179.1	298.3	3548.0	n/a	n/a	n/a	n/a
318.067	0.024	saccade	n/a	179.5	299.5	n/a	131.1	307.7	1.84	129.0
318.093	0.152	fixation	n/a	130.2	306.8	3517.0	n/a	n/a	n/a	n/a
318.247	0.14	saccade	n/a	131.1	305.3	n/a	226.5	297.8	3.6	905.0
318.275	0.06	blink	n/a	n/a	n/a	n/a	n/a	n/a	n/a	n/a
318.389	0.26	fixation	n/a	236.3	304.8	3496.0	n/a	n/a	n/a	n/a
318.651	0.028	saccade	n/a	240.7	305.3	n/a	328.1	295.9	3.38	170.0
318.681	0.22	fixation	n/a	342.6	294.4	3557.0	n/a	n/a	n/a	n/a
318.903	0.038	saccade	n/a	345.4	293.9	n/a	470.8	294.7	4.85	203.0
318.943	0.238	fixation	n/a	476.7	294.5	3521.0	n/a	n/a	n/a	n/a
319.183	0.028	saccade	n/a	479.8	296.4	n/a	565.0	294.0	3.3	170.0
319.213	0.178	fixation	n/a	574.9	294.6	3605.0	n/a	n/a	n/a	n/a
319.393	0.026	saccade	n/a	577.1	295.9	n/a	639.0	294.9	2.38	136.0
319.421	0.21	fixation	n/a	641.7	295.5	3719.0	n/a	n/a	n/a	n/a
319.633	0.03	saccade	n/a	641.4	294.6	n/a	559.6	292.3	3.14	200.0
319.665	0.218	fixation	n/a	553.5	294.0	3833.0	n/a	n/a	n/a	n/a
319.885	0.06	saccade	n/a	551.5	294.9	n/a	185.4	366.4	14.22	407.0
319.947	0.148	fixation	n/a	177.9	369.3	3919.0	n/a	n/a	n/a	n/a
320.097	0.018	saccade	n/a	177.0	371.9	n/a	146.4	371.2	1.15	86.0
320.117	0.11	fixation	n/a	148.4	370.3	3961.0	n/a	n/a	n/a	n/a
320.229	0.03	saccade	n/a	148.4	369.3	n/a	238.2	365.6	3.37	199.0
320.261	0.168	fixation	n/a	246.5	366.4	3970.0	n/a	n/a	n/a	n/a
320.431	0.114	saccade	n/a	249.2	367.8	n/a	204.7	187.3	7.2	1371.0
320.469	0.034	blink	n/a	n/a	n/a	n/a	n/a	n/a	n/a	n/a
320.547	0.29	fixation	n/a	203.8	186.4	3760.0	n/a	n/a	n/a	n/a
320.564	0.0	trigger_11	11	n/a	n/a	n/a	n/a	n/a	n/a	n/a
320.668	0.0	trigger_10	10	n/a	n/a	n/a	n/a	n/a	n/a	n/a
320.839	0.028	saccade	n/a	203.4	178.0	n/a	125.5	173.0	2.92	164.0
320.869	0.342	fixation	n/a	125.0	174.6	3892.0	n/a	n/a	n/a	n/a
321.213	0.022	saccade	n/a	128.2	175.3	n/a	176.2	172.4	1.79	117.0
321.237	0.174	fixation	n/a	186.9	178.9	3994.0	n/a	n/a	n/a	n/a
321.413	0.02	saccade	n/a	184.6	178.2	n/a	145.9	176.7	1.45	97.0
321.435	0.358	fixation	n/a	139.6	178.0	3923.0	n/a	n/a	n/a	n/a
321.795	0.12	saccade	n/a	140.1	186.8	n/a	241.2	173.6	3.83	1198.0
321.825	0.048	blink	n/a	n/a	n/a	n/a	n/a	n/a	n/a	n/a
321.917	0.278	fixation	n/a	244.6	176.7	3780.0	n/a	n/a	n/a	n/a
322.197	0.022	saccade	n/a	246.4	175.9	n/a	296.0	176.7	1.89	122.0
322.221	0.212	fixation	n/a	298.5	177.1	3890.0	n/a	n/a	n/a	n/a
322.435	0.032	saccade	n/a	298.5	176.7	n/a	208.8	178.3	3.4	188.0
322.469	0.186	fixation	n/a	208.7	183.4	3969.0	n/a	n/a	n/a	n/a
322.657	0.046	saccade	n/a	210.0	183.4	n/a	386.9	169.2	6.76	242.0
322.705	0.282	fixation	n/a	396.2	166.2	4056.0	n/a	n/a	n/a	n/a
322.989	0.028	saccade	n/a	400.9	170.2	n/a	484.7	166.2	3.24	168.0
323.019	0.484	fixation	n/a	495.6	169.5	3967.0	n/a	n/a	n/a	n/a
323.505	0.026	saccade	n/a	498.3	175.2	n/a	571.0	168.3	2.81	149.0
323.533	0.11	fixation	n/a	575.1	169.8	4023.0	n/a	n/a	n/a	n/a
323.645	0.146	saccade	n/a	575.1	173.7	n/a	145.9	232.2	16.38	2142.0
323.675	0.076	blink	n/a	n/a	n/a	n/a	n/a	n/a	n/a	n/a
323.793	0.356	fixation	n/a	146.2	242.0	4188.0	n/a	n/a	n/a	n/a
324.151	0.032	saccade	n/a	142.8	243.8	n/a	250.3	237.7	4.05	194.0
324.185	0.19	fixation	n/a	257.2	235.8	3951.0	n/a	n/a	n/a	n/a
324.377	0.018	saccade	n/a	255.3	235.1	n/a	228.8	238.2	1.01	76.0
324.397	0.136	fixation	n/a	229.3	239.0	3795.0	n/a	n/a	n/a	n/a
324.535	0.136	saccade	n/a	230.5	237.1	n/a	303.0	228.2	2.78	1076.0
324.563	0.068	blink	n/a	n/a	n/a	n/a	n/a	n/a	n/a	n/a
324.673	0.176	fixation	n/a	307.5	233.8	3612.0	n/a	n/a	n/a	n/a
324.851	0.04	saccade	n/a	310.4	234.6	n/a	446.1	236.5	5.22	212.0
324.893	0.16	fixation	n/a	451.9	233.5	3731.0	n/a	n/a	n/a	n/a
325.055	0.016	saccade	n/a	450.4	232.5	n/a	426.9	232.4	0.91	70.0
325.073	0.36	fixation	n/a	429.1	232.2	3794.0	n/a	n/a	n/a	n/a
325.435	0.024	saccade	n/a	433.3	234.0	n/a	488.2	231.0	2.12	125.0
325.461	0.248	fixation	n/a	494.8	230.3	3706.0	n/a	n/a	n/a	n/a
325.711	0.028	saccade	n/a	496.7	232.2	n/a	568.9	227.3	2.78	134.0
325.741	0.172	fixation	n/a	575.4	228.5	3675.0	n/a	n/a	n/a	n/a
325.915	0.024	saccade	n/a	577.0	229.4	n/a	629.8	225.6	2.02	113.0
325.941	0.134	fixation	n/a	633.7	226.9	3664.0	n/a	n/a	n/a	n/a
326.077	0.108	saccade	n/a	632.4	233.7	n/a	650.2	220.8	0.84	1401.0
326.103	0.036	blink	n/a	n/a	n/a	n/a	n/a	n/a	n/a	n/a
326.187	0.116	fixation	n/a	653.5	227.6	3473.0	n/a	n/a	n/a	n/a
326.305	0.07	saccade	n/a	654.3	227.3	n/a	154.4	301.1	19.01	423.0
326.377	0.456	fixation	n/a	149.3	303.6	3616.0	n/a	n/a	n/a	n/a
326.835	0.044	saccade	n/a	146.5	304.1	n/a	308.8	291.0	6.15	220.0
326.881	0.26	fixation	n/a	315.8	292.2	3411.0	n/a	n/a	n/a	n/a
327.143	0.024	saccade	n/a	314.1	292.9	n/a	249.9	294.3	2.45	141.0
327.169	0.086	fixation	n/a	241.9	297.2	3376.0	n/a	n/a	n/a	n/a
327.257	0.132	saccade	n/a	242.8	295.6	n/a	194.9	287.7	1.83	1157.0
327.285	0.056	blink	n/a	n/a	n/a	n/a	n/a	n/a	n/a	n/a
327.391	0.206	fixation	n/a	193.9	290.0	3263.0	n/a	n/a	n/a	n/a
327.599	0.028	saccade	n/a	194.9	289.6	n/a	124.2	299.2	2.65	164.0
327.629	0.236	fixation	n/a	122.0	301.7	3345.0	n/a	n/a	n/a	n/a
327.867	0.03	saccade	n/a	122.8	302.2	n/a	205.4	292.9	3.09	175.0
327.899	0.232	fixation	n/a	211.7	295.9	3422.0	n/a	n/a	n/a	n/a
328.133	0.03	saccade	n/a	214.7	294.7	n/a	307.7	290.9	3.52	161.0
328.165	0.28	fixation	n/a	319.2	292.8	3422.0	n/a	n/a	n/a	n/a
328.447	0.032	saccade	n/a	321.7	293.6	n/a	423.6	293.0	3.9	172.0
328.481	0.244	fixation	n/a	435.9	295.7	3378.0	n/a	n/a	n/a	n/a
328.727	0.03	saccade	n/a	437.9	298.1	n/a	527.4	296.6	3.42	155.0
328.759	0.344	fixation	n/a	538.3	297.5	3484.0	n/a	n/a	n/a	n/a
329.105	0.024	saccade	n/a	540.6	296.6	n/a	597.3	294.5	2.16	129.0
329.131	0.308	fixation	n/a	601.5	293.7	3486.0	n/a	n/a	n/a	n/a
329.18	0.0	trigger_11	11	n/a	n/a	n/a	n/a	n/a	n/a	n/a
329.286	0.0	trigger_10	10	n/a	n/a	n/a	n/a	n/a	n/a	n/a
329.441	0.14	saccade	n/a	601.8	295.2	n/a	132.2	168.6	18.22	1412.0
329.515	0.022	blink	n/a	n/a	n/a	n/a	n/a	n/a	n/a	n/a
329.583	0.55	fixation	n/a	137.3	175.2	3577.0	n/a	n/a	n/a	n/a
330.135	0.02	saccade	n/a	134.2	179.5	n/a	99.1	188.2	1.33	94.0
330.157	0.09	fixation	n/a	99.6	187.4	3662.0	n/a	n/a	n/a	n/a
330.249	0.03	saccade	n/a	100.0	185.8	n/a	200.4	179.0	3.73	198.0
330.281	0.166	fixation	n/a	209.7	180.3	3692.0	n/a	n/a	n/a	n/a
330.449	0.018	saccade	n/a	210.9	180.0	n/a	180.3	182.9	1.15	85.0
330.469	0.258	fixation	n/a	183.8	180.7	3772.0	n/a	n/a	n/a	n/a
330.729	0.016	saccade	n/a	192.1	181.8	n/a	214.9	181.2	0.86	68.0
330.747	0.22	fixation	n/a	216.7	180.8	3816.0	n/a	n/a	n/a	n/a
330.969	0.132	saccade	n/a	221.3	185.4	n/a	199.3	175.1	0.92	1426.0
331.007	0.044	blink	n/a	n/a	n/a	n/a	n/a	n/a	n/a	n/a
331.103	1.274	fixation	n/a	211.2	187.5	3882.0	n/a	n/a	n/a	n/a
332.379	0.02	saccade	n/a	227.9	188.0	n/a	262.2	183.7	1.3	93.0
332.401	0.52	fixation	n/a	259.1	180.3	4092.0	n/a	n/a	n/a	n/a
332.923	0.024	saccade	n/a	256.2	181.2	n/a	312.9	177.0	2.16	125.0
332.949	0.282	fixation	n/a	319.5	178.6	4130.0	n/a	n/a	n/a	n/a
333.233	0.026	saccade	n/a	321.9	181.6	n/a	393.7	176.8	2.77	147.0
333.261	0.244	fixation	n/a	399.5	172.7	4149.0	n/a	n/a	n/a	n/a
333.507	0.034	saccade	n/a	400.2	174.0	n/a	499.3	173.1	3.82	176.0
333.543	0.208	fixation	n/a	503.3	167.7	4123.0	n/a	n/a	n/a	n/a
333.753	0.016	saccade	n/a	501.8	161.7	n/a	479.1	164.6	0.88	71.0
333.771	0.256	fixation	n/a	481.9	164.0	4147.0	n/a	n/a	n/a	n/a
334.029	0.028	saccade	n/a	485.0	164.7	n/a	557.7	160.5	2.81	139.0
334.059	0.108	fixation	n/a	561.6	159.1	4024.0	n/a	n/a	n/a	n/a
334.169	0.126	saccade	n/a	560.3	170.4	n/a	157.7	222.1	15.41	1136.0
334.193	0.07	blink	n/a	n/a	n/a	n/a	n/a	n/a	n/a	n/a
334.297	0.142	fixation	n/a	160.9	222.7	3906.0	n/a	n/a	n/a	n/a
334.441	0.024	saccade	n/a	162.2	219.8	n/a	118.4	228.6	1.66	118.0
334.467	0.106	fixation	n/a	118.9	227.5	3889.0	n/a	n/a	n/a	n/a
334.575	0.06	saccade	n/a	120.1	225.1	n/a	473.6	156.1	13.58	364.0
334.637	1.3	fixation	n/a	477.9	206.3	3745.0	n/a	n/a	n/a	n/a
335.939	0.022	saccade	n/a	486.3	188.8	n/a	528.4	182.9	1.64	108.0
335.963	0.126	fixation	n/a	531.2	180.6	3807.0	n/a	n/a	n/a	n/a
336.091	0.026	saccade	n/a	529.3	177.6	n/a	473.4	180.8	2.16	151.0
336.119	0.206	fixation	n/a	470.8	173.0	3813.0	n/a	n/a	n/a	n/a
336.327	0.132	saccade	n/a	468.6	184.3	n/a	490.1	160.6	1.25	876.0
336.351	0.072	blink	n/a	n/a	n/a	n/a	n/a	n/a	n/a	n/a
336.461	0.23	fixation	n/a	492.1	166.0	3909.0	n/a	n/a	n/a	n/a
336.693	0.022	saccade	n/a	496.0	163.0	n/a	539.2	165.1	1.66	102.0
336.717	0.14	fixation	n/a	541.8	161.2	3976.0	n/a	n/a	n/a	n/a
336.859	0.018	saccade	n/a	546.7	154.9	n/a	579.4	151.1	1.26	90.0
336.879	0.068	fixation	n/a	580.0	153.9	3989.0	n/a	n/a	n/a	n/a
336.949	0.088	saccade	n/a	580.9	158.1	n/a	164.9	237.3	15.96	409.0
337.039	0.106	fixation	n/a	165.2	239.2	3989.0	n/a	n/a	n/a	n/a
337.147	0.02	saccade	n/a	162.5	241.4	n/a	126.7	240.8	1.33	94.0
337.169	0.338	fixation	n/a	124.7	241.5	3900.0	n/a	n/a	n/a	n/a
337.509	0.018	saccade	n/a	122.2	242.3	n/a	93.4	239.6	1.06	79.0
337.529	0.092	fixation	n/a	95.9	242.4	3715.0	n/a	n/a	n/a	n/a
337.623	0.12	saccade	n/a	98.3	246.0	n/a	248.3	226.7	5.61	1146.0
337.647	0.046	blink	n/a	n/a	n/a	n/a	n/a	n/a	n/a	n/a
337.745	0.252	fixation	n/a	250.1	236.4	3545.0	n/a	n/a	n/a	n/a
337.999	0.026	saccade	n/a	247.9	236.8	n/a	318.7	236.5	2.68	144.0
338.027	0.274	fixation	n/a	324.8	238.0	3606.0	n/a	n/a	n/a	n/a
338.303	0.018	saccade	n/a	322.4	237.1	n/a	294.6	236.0	1.06	81.0
338.323	0.15	fixation	n/a	294.5	236.9	3576.0	n/a	n/a	n/a	n/a
338.475	0.024	saccade	n/a	296.0	237.0	n/a	345.5	235.5	1.89	116.0
338.501	0.146	fixation	n/a	349.0	234.3	3477.0	n/a	n/a	n/a	n/a
338.649	0.026	saccade	n/a	351.7	234.7	n/a	415.0	233.9	2.42	127.0
338.677	0.128	fixation	n/a	422.2	236.9	3421.0	n/a	n/a	n/a	n/a
338.807	0.11	saccade	n/a	424.1	241.7	n/a	435.3	227.9	0.69	1479.0
338.831	0.048	blink	n/a	n/a	n/a	n/a	n/a	n/a	n/a	n/a
338.919	0.182	fixation	n/a	433.4	231.1	3421.0	n/a	n/a	n/a	n/a
339.103	0.028	saccade	n/a	435.6	233.9	n/a	519.8	239.2	3.24	159.0
339.133	0.676	fixation	n/a	521.4	235.6	3591.0	n/a	n/a	n/a	n/a
339.811	0.03	saccade	n/a	519.3	233.2	n/a	613.3	227.6	3.58	169.0
339.843	0.152	fixation	n/a	619.8	228.9	3683.0	n/a	n/a	n/a	n/a
339.997	0.142	saccade	n/a	621.5	235.3	n/a	140.6	280.3	18.06	1375.0
340.029	0.056	blink	n/a	n/a	n/a	n/a	n/a	n/a	n/a	n/a
340.141	0.134	fixation	n/a	141.0	282.8	3720.0	n/a	n/a	n/a	n/a
340.277	0.014	saccade	n/a	137.5	287.4	n/a	121.5	295.2	0.66	61.0
340.293	0.166	fixation	n/a	122.9	298.1	3774.0	n/a	n/a	n/a	n/a
340.461	0.036	saccade	n/a	123.0	300.2	n/a	236.8	292.0	4.25	201.0
340.499	0.286	fixation	n/a	241.7	292.5	3728.0	n/a	n/a	n/a	n/a
340.787	0.038	saccade	n/a	242.7	291.4	n/a	366.3	294.5	4.69	183.0
340.827	0.458	fixation	n/a	373.7	296.9	3574.0	n/a	n/a	n/a	n/a
341.287	0.024	saccade	n/a	373.6	299.1	n/a	420.5	299.8	1.8	106.0
341.313	0.17	fixation	n/a	430.2	299.9	3555.0	n/a	n/a	n/a	n/a
341.485	0.024	saccade	n/a	432.4	298.3	n/a	481.0	297.6	1.86	110.0
341.511	0.19	fixation	n/a	486.6	298.7	3495.0	n/a	n/a	n/a	n/a
341.703	0.026	saccade	n/a	489.9	299.5	n/a	556.5	295.2	2.55	132.0
341.731	0.072	fixation	n/a	561.2	294.9	3459.0	n/a	n/a	n/a	n/a
341.805	0.148	saccade	n/a	561.9	296.6	n/a	122.5	357.4	16.59	1388.0
341.857	0.05	blink	n/a	n/a	n/a	n/a	n/a	n/a	n/a	n/a
341.955	0.274	fixation	n/a	129.1	364.3	3403.0	n/a	n/a	n/a	n/a
342.231	0.024	saccade	n/a	130.6	361.4	n/a	195.8	356.4	2.41	149.0
342.257	0.166	fixation	n/a	202.8	358.0	3492.0	n/a	n/a	n/a	n/a
342.425	0.026	saccade	n/a	203.6	358.2	n/a	268.5	354.7	2.43	125.0
342.453	0.316	fixation	n/a	284.3	359.3	3378.0	n/a	n/a	n/a	n/a
342.771	0.026	saccade	n/a	287.6	361.7	n/a	349.0	357.9	2.33	123.0
342.799	0.16	fixation	n/a	360.7	359.0	3307.0	n/a	n/a	n/a	n/a
342.961	0.026	saccade	n/a	365.6	359.2	n/a	424.0	357.6	2.23	114.0
342.989	0.198	fixation	n/a	432.4	357.9	3256.0	n/a	n/a	n/a	n/a
343.189	0.03	saccade	n/a	435.0	359.1	n/a	521.7	359.2	3.32	152.0
343.221	0.09	fixation	n/a	529.7	361.5	3174.0	n/a	n/a	n/a	n/a
343.313	0.144	saccade	n/a	530.1	364.3	n/a	160.9	424.5	14.02	870.0
343.339	0.084	blink	n/a	n/a	n/a	n/a	n/a	n/a	n/a	n/a
343.459	0.206	fixation	n/a	168.6	427.6	3151.0	n/a	n/a	n/a	n/a
343.667	0.024	saccade	n/a	170.9	427.0	n/a	226.4	432.7	2.07	124.0
343.693	0.184	fixation	n/a	233.6	430.9	3200.0	n/a	n/a	n/a	n/a
343.879	0.128	saccade	n/a	234.6	433.0	n/a	201.9	170.2	10.09	1841.0
343.931	0.038	blink	n/a	n/a	n/a	n/a	n/a	n/a	n/a	n/a
344.009	0.448	fixation	n/a	209.6	177.8	3190.0	n/a	n/a	n/a	n/a
344.158	0.0	trigger_11	11	n/a	n/a	n/a	n/a	n/a	n/a	n/a
344.266	0.0	trigger_10	10	n/a	n/a	n/a	n/a	n/a	n/a	n/a
344.459	0.028	saccade	n/a	211.8	179.1	n/a	148.9	171.3	2.37	143.0
344.489	0.2	fixation	n/a	143.1	173.6	3338.0	n/a	n/a	n/a	n/a
344.691	0.044	saccade	n/a	139.8	177.6	n/a	284.6	173.4	5.44	176.0
344.737	0.19	fixation	n/a	286.5	174.3	3357.0	n/a	n/a	n/a	n/a
344.929	0.032	saccade	n/a	287.9	176.8	n/a	398.8	171.8	4.24	203.0
344.963	0.212	fixation	n/a	409.4	174.1	3406.0	n/a	n/a	n/a	n/a
345.177	0.122	saccade	n/a	409.9	176.6	n/a	413.8	155.3	0.84	1649.0
345.203	0.056	blink	n/a	n/a	n/a	n/a	n/a	n/a	n/a	n/a
345.301	0.312	fixation	n/a	412.7	164.6	3472.0	n/a	n/a	n/a	n/a
345.615	0.018	saccade	n/a	410.7	163.9	n/a	385.7	166.3	0.95	75.0
345.635	0.328	fixation	n/a	388.4	162.2	3676.0	n/a	n/a	n/a	n/a
345.965	0.024	saccade	n/a	391.9	160.3	n/a	447.3	158.5	2.08	120.0
345.991	0.2	fixation	n/a	456.0	157.7	3712.0	n/a	n/a	n/a	n/a
346.193	0.024	saccade	n/a	461.4	158.4	n/a	526.4	155.1	2.44	138.0
346.219	0.356	fixation	n/a	533.1	152.9	3693.0	n/a	n/a	n/a	n/a
346.577	0.018	saccade	n/a	538.1	153.3	n/a	562.1	156.8	0.91	69.0
346.597	0.076	fixation	n/a	561.6	159.1	3695.0	n/a	n/a	n/a	n/a
346.675	0.064	saccade	n/a	562.1	159.6	n/a	141.4	221.7	15.67	400.0
346.741	0.154	fixation	n/a	136.0	228.2	3879.0	n/a	n/a	n/a	n/a
346.897	0.124	saccade	n/a	138.2	232.5	n/a	104.6	230.9	1.23	1865.0
346.935	0.034	blink	n/a	n/a	n/a	n/a	n/a	n/a	n/a	n/a
347.023	0.24	fixation	n/a	107.3	234.1	3766.0	n/a	n/a	n/a	n/a
347.265	0.028	saccade	n/a	109.5	234.2	n/a	195.4	234.6	3.14	170.0
347.295	0.206	fixation	n/a	206.5	238.0	3822.0	n/a	n/a	n/a	n/a
347.503	0.036	saccade	n/a	209.6	241.2	n/a	337.7	234.1	4.8	227.0
347.541	0.166	fixation	n/a	347.7	233.7	3744.0	n/a	n/a	n/a	n/a
347.709	0.016	saccade	n/a	351.3	235.5	n/a	325.5	237.3	0.98	78.0
347.727	0.234	fixation	n/a	324.5	237.3	3597.0	n/a	n/a	n/a	n/a
347.963	0.028	saccade	n/a	328.0	238.0	n/a	406.6	238.2	2.99	149.0
347.993	0.196	fixation	n/a	423.2	238.5	3549.0	n/a	n/a	n/a	n/a
348.191	0.03	saccade	n/a	426.3	240.5	n/a	519.9	242.2	3.61	176.0
348.223	0.322	fixation	n/a	528.5	244.8	3565.0	n/a	n/a	n/a	n/a
348.547	0.034	saccade	n/a	528.2	247.0	n/a	615.8	236.5	3.39	159.0
348.583	0.06	fixation	n/a	616.9	237.9	3578.0	n/a	n/a	n/a	n/a
348.645	0.068	saccade	n/a	618.6	238.1	n/a	133.2	305.6	18.47	437.0
348.715	0.116	fixation	n/a	129.0	308.0	3676.0	n/a	n/a	n/a	n/a
348.833	0.15	saccade	n/a	124.9	311.0	n/a	153.5	249.3	2.6	1031.0
348.863	0.078	blink	n/a	n/a	n/a	n/a	n/a	n/a	n/a	n/a
348.985	0.182	fixation	n/a	154.0	253.0	3688.0	n/a	n/a	n/a	n/a
349.169	0.026	saccade	n/a	155.8	255.4	n/a	175.7	198.8	2.31	150.0
349.197	0.388	fixation	n/a	190.6	195.5	3815.0	n/a	n/a	n/a	n/a
349.587	0.014	saccade	n/a	193.9	194.7	n/a	208.7	192.0	0.57	47.0
349.603	0.974	fixation	n/a	222.9	191.8	3793.0	n/a	n/a	n/a	n/a
349.974	0.0	trigger_11	11	n/a	n/a	n/a	n/a	n/a	n/a	n/a
350.076	0.0	trigger_20	20	n/a	n/a	n/a	n/a	n/a	n/a	n/a
