onset	duration	trial_type	value	gaze_x	gaze_y	pupil_size	sacc_endx	sacc_endy	sacc_amplitude	sacc_peakvel
0.024	0.442	fixation	n/a	194.4	366.7	4024.0	n/a	n/a	n/a	n/a
0.074	0.0	trigger_91	91	n/a	n/a	n/a	n/a	n/a	n/a	n/a
0.468	0.04	saccade	n/a	199.5	368.7	n/a	313.3	319.8	4.96	178.0
0.51	0.294	fixation	n/a	321.4	321.4	3740.0	n/a	n/a	n/a	n/a
0.806	0.114	saccade	n/a	323.3	319.9	n/a	265.5	196.1	5.54	2074.0
0.922	0.494	fixation	n/a	268.6	210.8	3512.0	n/a	n/a	n/a	n/a
1.418	0.02	saccade	n/a	274.0	215.5	n/a	307.4	219.9	1.35	92.0
1.44	0.704	fixation	n/a	315.5	224.1	3754.0	n/a	n/a	n/a	n/a
2.086	0.0	trigger_10	10	n/a	n/a	n/a	n/a	n/a	n/a	n/a
2.146	0.024	saccade	n/a	320.7	232.7	n/a	371.6	259.7	2.32	136.0
2.172	0.078	fixation	n/a	375.7	264.2	3833.0	n/a	n/a	n/a	n/a
2.252	0.046	saccade	n/a	377.2	264.7	n/a	192.7	199.9	7.81	285.0
2.3	0.106	fixation	n/a	189.3	197.4	3805.0	n/a	n/a	n/a	n/a
2.408	0.022	saccade	n/a	187.0	193.7	n/a	170.1	151.9	1.81	122.0
2.432	0.27	fixation	n/a	169.7	154.6	3805.0	n/a	n/a	n/a	n/a
2.704	0.09	saccade	n/a	168.1	158.1	n/a	138.5	142.4	1.32	1167.0
2.796	0.224	fixation	n/a	139.6	157.6	3722.0	n/a	n/a	n/a	n/a
3.022	0.04	saccade	n/a	141.9	154.1	n/a	264.8	158.3	4.85	187.0
3.064	0.152	fixation	n/a	269.0	158.2	3819.0	n/a	n/a	n/a	n/a
3.218	0.024	saccade	n/a	273.2	160.7	n/a	323.9	166.2	2.04	121.0
3.244	0.142	fixation	n/a	327.3	166.5	3934.0	n/a	n/a	n/a	n/a
3.388	0.028	saccade	n/a	331.3	171.6	n/a	404.3	175.3	2.92	146.0
3.418	0.136	fixation	n/a	404.9	172.3	3950.0	n/a	n/a	n/a	n/a
3.556	0.114	saccade	n/a	401.4	168.7	n/a	112.9	141.1	11.37	2070.0
3.592	0.006	blink	n/a	n/a	n/a	n/a	n/a	n/a	n/a	n/a
3.672	0.308	fixation	n/a	117.0	154.4	3875.0	n/a	n/a	n/a	n/a
3.982	0.024	saccade	n/a	120.4	155.0	n/a	177.1	156.2	2.21	134.0
4.008	0.338	fixation	n/a	185.2	157.5	4029.0	n/a	n/a	n/a	n/a
4.348	0.024	saccade	n/a	188.2	159.1	n/a	238.5	158.4	1.99	120.0
4.374	0.486	fixation	n/a	245.9	158.6	4243.0	n/a	n/a	n/a	n/a
4.862	0.028	saccade	n/a	252.9	162.0	n/a	310.6	159.7	2.3	138.0
4.892	0.474	fixation	n/a	308.7	170.7	4471.0	n/a	n/a	n/a	n/a
5.368	0.128	saccade	n/a	306.7	165.6	n/a	314.2	143.9	0.92	2256.0
5.498	0.088	fixation	n/a	315.5	158.3	4436.0	n/a	n/a	n/a	n/a
5.588	0.808	saccade	n/a	316.9	156.3	n/a	271.4	168.4	1.87	823.0
5.612	0.714	blink	n/a	n/a	n/a	n/a	n/a	n/a	n/a	n/a
6.398	0.246	fixation	n/a	280.7	187.1	4941.0	n/a	n/a	n/a	n/a
6.646	0.162	saccade	n/a	274.3	208.1	n/a	281.7	152.4	2.26	3270.0
6.75	0.016	blink	n/a	n/a	n/a	n/a	n/a	n/a	n/a	n/a
6.81	0.214	fixation	n/a	284.0	179.3	5056.0	n/a	n/a	n/a	n/a
7.026	0.036	saccade	n/a	285.8	184.0	n/a	164.1	175.2	4.8	222.0
7.064	0.162	fixation	n/a	161.8	176.6	4878.0	n/a	n/a	n/a	n/a
7.228	0.018	saccade	n/a	162.4	174.1	n/a	142.7	164.8	0.86	66.0
7.248	0.172	fixation	n/a	144.3	167.1	4637.0	n/a	n/a	n/a	n/a
7.422	0.022	saccade	n/a	147.9	167.4	n/a	189.2	167.1	1.62	107.0
7.446	0.236	fixation	n/a	193.6	164.6	4494.0	n/a	n/a	n/a	n/a
7.684	0.026	saccade	n/a	197.0	160.8	n/a	259.7	163.7	2.48	140.0
7.712	0.26	fixation	n/a	265.3	160.4	4416.0	n/a	n/a	n/a	n/a
7.974	0.024	saccade	n/a	268.7	160.7	n/a	327.9	167.9	2.36	141.0
8.0	0.184	fixation	n/a	332.1	169.7	4425.0	n/a	n/a	n/a	n/a
8.186	0.02	saccade	n/a	331.8	171.6	n/a	305.2	170.8	1.06	74.0
8.208	0.056	fixation	n/a	306.6	170.3	4427.0	n/a	n/a	n/a	n/a
8.266	0.026	saccade	n/a	304.1	170.2	n/a	257.4	158.2	1.91	130.0
8.294	0.24	fixation	n/a	255.6	159.1	4308.0	n/a	n/a	n/a	n/a
8.536	0.088	saccade	n/a	249.7	155.5	n/a	313.1	134.7	2.64	953.0
8.626	0.434	fixation	n/a	316.9	160.1	4360.0	n/a	n/a	n/a	n/a
9.062	0.014	saccade	n/a	319.9	161.2	n/a	305.6	163.8	0.57	49.0
9.078	0.144	fixation	n/a	306.4	165.0	4458.0	n/a	n/a	n/a	n/a
9.224	0.032	saccade	n/a	309.4	167.2	n/a	394.2	164.8	3.36	167.0
9.258	0.372	fixation	n/a	397.5	165.0	4380.0	n/a	n/a	n/a	n/a
9.632	0.124	saccade	n/a	394.8	164.7	n/a	461.7	142.9	2.78	2450.0
9.666	0.042	blink	n/a	n/a	n/a	n/a	n/a	n/a	n/a	n/a
9.758	0.256	fixation	n/a	468.9	151.2	4161.0	n/a	n/a	n/a	n/a
10.016	0.018	saccade	n/a	477.0	151.2	n/a	500.7	145.2	0.96	69.0
10.036	0.194	fixation	n/a	499.8	145.6	4205.0	n/a	n/a	n/a	n/a
10.232	0.028	saccade	n/a	501.1	146.1	n/a	576.4	137.2	2.96	154.0
10.262	0.392	fixation	n/a	590.5	136.4	4081.0	n/a	n/a	n/a	n/a
10.656	0.066	saccade	n/a	601.6	136.4	n/a	143.4	177.4	17.8	425.0
10.724	0.134	fixation	n/a	136.0	183.1	4063.0	n/a	n/a	n/a	n/a
10.86	0.016	saccade	n/a	133.0	187.3	n/a	118.2	198.6	0.73	59.0
10.878	0.146	fixation	n/a	118.4	201.6	4087.0	n/a	n/a	n/a	n/a
11.026	0.13	saccade	n/a	118.7	203.3	n/a	200.7	206.1	3.2	2091.0
11.158	0.19	fixation	n/a	199.7	222.1	4082.0	n/a	n/a	n/a	n/a
11.35	0.022	saccade	n/a	196.3	218.2	n/a	161.2	218.3	1.38	87.0
11.374	0.17	fixation	n/a	161.1	220.5	4120.0	n/a	n/a	n/a	n/a
11.546	0.016	saccade	n/a	159.0	222.9	n/a	138.4	222.8	0.8	64.0
11.564	0.184	fixation	n/a	139.6	222.6	4091.0	n/a	n/a	n/a	n/a
11.75	0.022	saccade	n/a	143.9	223.9	n/a	191.5	222.0	1.87	117.0
11.774	0.27	fixation	n/a	196.3	219.4	4129.0	n/a	n/a	n/a	n/a
12.046	0.016	saccade	n/a	195.0	217.5	n/a	172.5	208.2	0.96	76.0
12.064	0.03	fixation	n/a	175.1	206.2	4092.0	n/a	n/a	n/a	n/a
12.096	0.04	saccade	n/a	174.8	206.0	n/a	272.3	154.6	4.35	183.0
12.138	0.264	fixation	n/a	284.7	156.8	4073.0	n/a	n/a	n/a	n/a
12.404	0.04	saccade	n/a	289.0	158.7	n/a	420.7	164.2	5.23	194.0
12.446	0.164	fixation	n/a	426.6	164.3	4161.0	n/a	n/a	n/a	n/a
12.612	0.042	saccade	n/a	428.1	163.3	n/a	566.6	148.9	5.47	206.0
12.656	0.23	fixation	n/a	570.3	147.8	4170.0	n/a	n/a	n/a	n/a
12.888	0.018	saccade	n/a	571.5	144.6	n/a	596.0	147.7	0.96	74.0
12.908	0.108	fixation	n/a	593.9	145.2	4183.0	n/a	n/a	n/a	n/a
13.018	0.124	saccade	n/a	594.5	145.4	n/a	155.4	203.8	17.18	1998.0
13.072	0.038	blink	n/a	n/a	n/a	n/a	n/a	n/a	n/a	n/a
13.144	0.444	fixation	n/a	158.9	213.8	4177.0	n/a	n/a	n/a	n/a
13.59	0.022	saccade	n/a	158.9	216.7	n/a	203.4	218.6	1.75	114.0
13.614	0.442	fixation	n/a	208.5	223.8	4037.0	n/a	n/a	n/a	n/a
14.058	0.034	saccade	n/a	212.0	228.8	n/a	310.5	238.1	3.93	161.0
14.094	0.316	fixation	n/a	314.8	236.7	3941.0	n/a	n/a	n/a	n/a
14.412	0.094	saccade	n/a	315.4	223.0	n/a	386.2	227.0	2.83	818.0
14.508	0.542	fixation	n/a	384.6	242.0	3823.0	n/a	n/a	n/a	n/a
15.052	0.024	saccade	n/a	389.4	243.4	n/a	437.5	244.4	1.91	117.0
15.078	0.41	fixation	n/a	444.0	239.9	3859.0	n/a	n/a	n/a	n/a
15.49	0.144	saccade	n/a	442.1	233.9	n/a	516.3	217.5	2.99	2563.0
15.542	0.006	blink	n/a	n/a	n/a	n/a	n/a	n/a	n/a	n/a
15.636	0.186	fixation	n/a	520.9	231.9	3764.0	n/a	n/a	n/a	n/a
15.824	0.072	saccade	n/a	524.4	235.1	n/a	166.6	283.7	14.25	430.0
15.898	0.112	fixation	n/a	170.5	286.7	3940.0	n/a	n/a	n/a	n/a
16.012	0.02	saccade	n/a	167.2	288.1	n/a	125.9	292.6	1.63	110.0
16.034	0.2	fixation	n/a	124.7	293.2	3890.0	n/a	n/a	n/a	n/a
16.236	0.132	saccade	n/a	125.0	294.3	n/a	205.1	292.7	3.15	1457.0
16.37	0.204	fixation	n/a	213.3	307.4	3912.0	n/a	n/a	n/a	n/a
16.576	0.03	saccade	n/a	215.2	306.8	n/a	303.1	306.4	3.49	172.0
16.608	0.268	fixation	n/a	308.4	308.3	4032.0	n/a	n/a	n/a	n/a
16.878	0.026	saccade	n/a	310.1	308.3	n/a	381.1	309.3	2.83	150.0
16.906	0.3	fixation	n/a	392.4	308.5	3919.0	n/a	n/a	n/a	n/a
17.208	0.018	saccade	n/a	389.4	307.5	n/a	365.7	305.7	0.95	71.0
17.228	0.184	fixation	n/a	365.9	307.7	3856.0	n/a	n/a	n/a	n/a
17.414	0.024	saccade	n/a	364.5	308.8	n/a	310.1	300.7	2.19	135.0
17.44	0.246	fixation	n/a	309.5	301.4	3849.0	n/a	n/a	n/a	n/a
17.688	0.028	saccade	n/a	311.7	301.8	n/a	379.6	309.0	2.72	152.0
17.718	0.268	fixation	n/a	388.0	309.5	3949.0	n/a	n/a	n/a	n/a
17.988	0.038	saccade	n/a	389.8	308.9	n/a	487.0	299.2	3.88	165.0
18.028	0.302	fixation	n/a	491.0	300.0	4117.0	n/a	n/a	n/a	n/a
18.332	0.024	saccade	n/a	492.8	301.3	n/a	539.3	294.6	1.85	106.0
18.358	0.196	fixation	n/a	543.4	296.9	4118.0	n/a	n/a	n/a	n/a
18.556	0.124	saccade	n/a	539.6	299.4	n/a	414.4	207.1	6.18	2482.0
18.582	0.014	blink	n/a	n/a	n/a	n/a	n/a	n/a	n/a	n/a
18.682	0.194	fixation	n/a	418.9	219.7	4020.0	n/a	n/a	n/a	n/a
18.878	0.026	saccade	n/a	422.4	217.2	n/a	489.6	221.4	2.66	144.0
18.906	0.254	fixation	n/a	499.6	223.8	4221.0	n/a	n/a	n/a	n/a
19.162	0.018	saccade	n/a	502.7	222.1	n/a	531.5	227.2	1.15	84.0
19.182	0.144	fixation	n/a	533.3	231.6	4288.0	n/a	n/a	n/a	n/a
19.328	0.032	saccade	n/a	533.9	233.7	n/a	589.7	286.6	3.04	187.0
19.362	0.262	fixation	n/a	585.4	290.1	4231.0	n/a	n/a	n/a	n/a
19.626	0.124	saccade	n/a	582.0	295.8	n/a	235.2	152.3	14.71	2254.0
19.752	0.562	fixation	n/a	244.2	165.7	4213.0	n/a	n/a	n/a	n/a
20.012	0.0	trigger_11	11	n/a	n/a	n/a	n/a	n/a	n/a	n/a
20.118	0.0	trigger_10	10	n/a	n/a	n/a	n/a	n/a	n/a	n/a
20.316	0.028	saccade	n/a	247.5	170.8	n/a	169.1	157.9	3.12	173.0
20.346	0.17	fixation	n/a	163.3	159.6	4262.0	n/a	n/a	n/a	n/a
20.518	0.074	saccade	n/a	159.8	162.0	n/a	123.8	111.7	2.44	297.0
20.594	0.072	fixation	n/a	121.3	131.6	4260.0	n/a	n/a	n/a	n/a
20.668	0.126	saccade	n/a	119.8	122.8	n/a	143.8	132.5	1.01	2165.0
20.726	0.0	blink	n/a	n/a	n/a	n/a	n/a	n/a	n/a	n/a
20.796	0.242	fixation	n/a	140.7	143.9	4123.0	n/a	n/a	n/a	n/a
21.04	0.026	saccade	n/a	144.8	144.1	n/a	201.2	142.1	2.2	136.0
21.068	0.146	fixation	n/a	204.1	143.4	4212.0	n/a	n/a	n/a	n/a
21.216	0.144	saccade	n/a	203.8	143.7	n/a	239.4	130.7	1.49	1931.0
21.362	0.126	fixation	n/a	238.3	145.6	4070.0	n/a	n/a	n/a	n/a
21.49	0.024	saccade	n/a	242.8	143.2	n/a	293.1	155.6	2.05	135.0
21.516	0.386	fixation	n/a	300.1	148.7	4137.0	n/a	n/a	n/a	n/a
21.904	0.028	saccade	n/a	303.8	141.0	n/a	360.2	146.7	2.2	128.0
21.934	0.452	fixation	n/a	363.5	154.7	4195.0	n/a	n/a	n/a	n/a
22.388	0.026	saccade	n/a	366.3	160.2	n/a	430.7	154.2	2.54	131.0
22.416	0.388	fixation	n/a	434.8	157.6	4148.0	n/a	n/a	n/a	n/a
22.806	0.026	saccade	n/a	436.3	156.4	n/a	491.5	147.2	2.2	122.0
22.834	0.174	fixation	n/a	492.8	149.6	4199.0	n/a	n/a	n/a	n/a
23.01	0.134	saccade	n/a	492.2	150.7	n/a	568.9	130.4	3.09	3270.0
23.068	0.008	blink	n/a	n/a	n/a	n/a	n/a	n/a	n/a	n/a
23.146	0.404	fixation	n/a	573.1	138.1	4145.0	n/a	n/a	n/a	n/a
23.552	0.064	saccade	n/a	572.1	133.1	n/a	161.5	200.1	16.1	415.0
23.618	0.13	fixation	n/a	154.5	206.1	4097.0	n/a	n/a	n/a	n/a
23.75	0.018	saccade	n/a	152.4	208.5	n/a	125.8	210.2	1.03	76.0
23.77	0.152	fixation	n/a	125.5	211.9	4108.0	n/a	n/a	n/a	n/a
23.924	0.124	saccade	n/a	125.5	211.2	n/a	189.5	196.7	2.54	3270.0
24.05	0.308	fixation	n/a	192.4	218.4	4018.0	n/a	n/a	n/a	n/a
24.36	0.02	saccade	n/a	196.9	223.2	n/a	237.8	225.3	1.59	106.0
24.382	0.382	fixation	n/a	240.2	225.6	3999.0	n/a	n/a	n/a	n/a
24.766	0.038	saccade	n/a	240.5	225.6	n/a	352.3	227.8	4.39	188.0
24.806	0.524	fixation	n/a	361.0	226.9	3950.0	n/a	n/a	n/a	n/a
25.332	0.02	saccade	n/a	362.1	226.5	n/a	331.9	226.9	1.19	88.0
25.354	0.306	fixation	n/a	335.0	226.8	4116.0	n/a	n/a	n/a	n/a
25.662	0.034	saccade	n/a	344.1	227.4	n/a	446.8	228.0	4.04	180.0
25.698	0.178	fixation	n/a	451.9	230.1	4238.0	n/a	n/a	n/a	n/a
25.878	0.022	saccade	n/a	455.9	233.6	n/a	498.2	226.5	1.68	105.0
25.902	0.2	fixation	n/a	500.9	228.5	4246.0	n/a	n/a	n/a	n/a
26.104	0.028	saccade	n/a	502.6	228.8	n/a	574.9	223.5	2.8	153.0
26.134	0.142	fixation	n/a	578.3	223.8	4147.0	n/a	n/a	n/a	n/a
26.278	0.02	saccade	n/a	582.0	225.3	n/a	618.2	222.7	1.39	94.0
26.3	0.138	fixation	n/a	619.5	226.0	4015.0	n/a	n/a	n/a	n/a
26.44	0.104	saccade	n/a	617.2	225.2	n/a	103.3	281.9	19.78	2359.0
26.546	0.754	fixation	n/a	103.6	281.8	3800.0	n/a	n/a	n/a	n/a
27.302	0.142	saccade	n/a	100.1	269.3	n/a	105.1	275.7	0.32	3270.0
27.446	0.352	fixation	n/a	105.4	285.4	3744.0	n/a	n/a	n/a	n/a
27.8	0.048	saccade	n/a	109.2	286.0	n/a	231.9	182.1	6.29	236.0
27.85	0.17	fixation	n/a	239.0	183.9	3811.0	n/a	n/a	n/a	n/a
28.022	0.02	saccade	n/a	240.2	182.0	n/a	258.6	165.3	0.98	63.0
28.044	0.348	fixation	n/a	273.5	168.7	3879.0	n/a	n/a	n/a	n/a
28.394	0.04	saccade	n/a	278.5	177.1	n/a	371.4	226.6	4.14	129.0
28.436	0.172	fixation	n/a	384.0	228.2	3955.0	n/a	n/a	n/a	n/a
28.61	0.04	saccade	n/a	386.8	229.0	n/a	248.9	219.0	5.42	239.0
28.652	0.366	fixation	n/a	244.7	223.3	4035.0	n/a	n/a	n/a	n/a
29.02	0.046	saccade	n/a	247.9	226.1	n/a	441.2	232.2	7.57	259.0
29.068	0.396	fixation	n/a	451.7	236.4	4044.0	n/a	n/a	n/a	n/a
29.188	0.0	trigger_11	11	n/a	n/a	n/a	n/a	n/a	n/a	n/a
29.294	0.0	trigger_10	10	n/a	n/a	n/a	n/a	n/a	n/a	n/a
29.466	0.132	saccade	n/a	452.2	240.9	n/a	180.6	132.9	11.38	2145.0
29.528	0.018	blink	n/a	n/a	n/a	n/a	n/a	n/a	n/a	n/a
29.6	0.166	fixation	n/a	183.1	148.2	3954.0	n/a	n/a	n/a	n/a
29.768	0.02	saccade	n/a	181.4	147.1	n/a	145.9	143.1	1.37	94.0
29.79	0.08	fixation	n/a	142.6	143.6	3925.0	n/a	n/a	n/a	n/a
29.872	0.158	saccade	n/a	143.0	143.2	n/a	139.1	117.3	1.02	3270.0
29.942	0.012	blink	n/a	n/a	n/a	n/a	n/a	n/a	n/a	n/a
30.032	0.236	fixation	n/a	135.2	139.1	3893.0	n/a	n/a	n/a	n/a
30.27	0.024	saccade	n/a	136.9	139.9	n/a	188.7	144.8	2.0	118.0
30.296	0.16	fixation	n/a	194.0	148.7	3947.0	n/a	n/a	n/a	n/a
30.458	0.026	saccade	n/a	195.7	147.9	n/a	249.4	153.8	2.09	128.0
30.486	0.106	fixation	n/a	250.3	154.0	3943.0	n/a	n/a	n/a	n/a
30.594	0.16	saccade	n/a	249.0	146.5	n/a	265.3	134.8	0.79	2081.0
30.63	0.052	blink	n/a	n/a	n/a	n/a	n/a	n/a	n/a	n/a
30.756	0.386	fixation	n/a	265.7	147.6	3883.0	n/a	n/a	n/a	n/a
31.144	0.028	saccade	n/a	267.3	148.4	n/a	330.0	159.6	2.5	146.0
31.174	0.292	fixation	n/a	333.8	163.1	3994.0	n/a	n/a	n/a	n/a
31.468	0.142	saccade	n/a	333.5	156.7	n/a	402.0	152.8	2.7	2230.0
31.51	0.002	blink	n/a	n/a	n/a	n/a	n/a	n/a	n/a	n/a
31.612	0.264	fixation	n/a	402.9	162.5	3878.0	n/a	n/a	n/a	n/a
31.878	0.014	saccade	n/a	407.7	162.3	n/a	423.2	161.9	0.61	56.0
31.894	0.166	fixation	n/a	418.6	160.8	4039.0	n/a	n/a	n/a	n/a
32.062	0.03	saccade	n/a	419.5	161.2	n/a	498.2	154.1	3.09	159.0
32.094	0.296	fixation	n/a	500.4	151.0	4067.0	n/a	n/a	n/a	n/a
32.392	0.026	saccade	n/a	501.3	146.0	n/a	573.7	145.0	2.8	145.0
32.42	0.128	fixation	n/a	577.8	145.6	3873.0	n/a	n/a	n/a	n/a
32.55	0.14	saccade	n/a	574.0	145.3	n/a	614.8	131.2	1.66	3270.0
32.612	0.018	blink	n/a	n/a	n/a	n/a	n/a	n/a	n/a	n/a
32.692	0.312	fixation	n/a	617.8	148.0	3707.0	n/a	n/a	n/a	n/a
33.006	0.02	saccade	n/a	619.1	145.4	n/a	581.4	150.0	1.46	105.0
33.028	0.19	fixation	n/a	580.1	146.6	3961.0	n/a	n/a	n/a	n/a
33.22	0.02	saccade	n/a	583.0	146.8	n/a	623.0	139.8	1.55	106.0
33.242	0.678	fixation	n/a	624.7	137.5	3967.0	n/a	n/a	n/a	n/a
33.922	0.13	saccade	n/a	617.7	145.2	n/a	627.8	137.2	0.5	3270.0
33.968	0.044	blink	n/a	n/a	n/a	n/a	n/a	n/a	n/a	n/a
34.054	0.186	fixation	n/a	632.1	150.1	3777.0	n/a	n/a	n/a	n/a
34.242	0.066	saccade	n/a	633.5	147.9	n/a	179.2	203.8	17.58	421.0
34.31	0.116	fixation	n/a	171.3	206.0	4009.0	n/a	n/a	n/a	n/a
34.428	0.024	saccade	n/a	166.5	204.2	n/a	116.3	206.5	1.93	132.0
34.454	0.156	fixation	n/a	117.0	211.1	3947.0	n/a	n/a	n/a	n/a
34.612	0.128	saccade	n/a	115.6	196.7	n/a	136.3	190.5	0.83	3270.0
34.676	0.002	blink	n/a	n/a	n/a	n/a	n/a	n/a	n/a	n/a
34.742	0.176	fixation	n/a	138.3	212.2	3776.0	n/a	n/a	n/a	n/a
34.92	0.024	saccade	n/a	137.2	216.3	n/a	89.8	210.0	1.84	131.0
34.946	0.138	fixation	n/a	96.9	213.6	3789.0	n/a	n/a	n/a	n/a
35.086	0.02	saccade	n/a	101.7	216.0	n/a	135.5	216.5	1.3	94.0
35.108	0.8	fixation	n/a	142.4	217.8	3839.0	n/a	n/a	n/a	n/a
35.91	0.022	saccade	n/a	155.7	218.0	n/a	200.2	223.0	1.74	121.0
35.934	0.254	fixation	n/a	207.3	224.4	4056.0	n/a	n/a	n/a	n/a
36.19	0.12	saccade	n/a	211.0	208.6	n/a	235.1	208.3	0.94	1872.0
36.312	0.168	fixation	n/a	233.3	226.4	4125.0	n/a	n/a	n/a	n/a
36.482	0.026	saccade	n/a	233.4	223.3	n/a	296.1	232.4	2.49	143.0
36.51	0.262	fixation	n/a	303.4	233.8	4112.0	n/a	n/a	n/a	n/a
36.774	0.018	saccade	n/a	310.1	234.5	n/a	339.8	231.1	1.18	85.0
36.794	0.168	fixation	n/a	340.5	233.8	4168.0	n/a	n/a	n/a	n/a
36.964	0.016	saccade	n/a	335.3	234.3	n/a	316.3	232.1	0.76	63.0
36.982	0.232	fixation	n/a	315.3	234.6	4078.0	n/a	n/a	n/a	n/a
37.216	0.142	saccade	n/a	312.1	229.5	n/a	318.3	210.1	0.82	2791.0
37.252	0.004	blink	n/a	n/a	n/a	n/a	n/a	n/a	n/a	n/a
37.36	0.194	fixation	n/a	319.5	227.8	3934.0	n/a	n/a	n/a	n/a
37.556	0.02	saccade	n/a	322.7	228.4	n/a	355.4	228.4	1.29	96.0
37.578	0.338	fixation	n/a	355.3	226.6	4147.0	n/a	n/a	n/a	n/a
37.918	0.018	saccade	n/a	355.6	229.8	n/a	326.8	226.8	1.14	83.0
37.938	0.788	fixation	n/a	317.5	228.1	3997.0	n/a	n/a	n/a	n/a
38.728	0.046	saccade	n/a	312.3	227.5	n/a	126.0	208.1	7.29	272.0
38.776	0.376	fixation	n/a	127.6	211.5	3985.0	n/a	n/a	n/a	n/a
39.154	0.066	saccade	n/a	131.1	213.2	n/a	535.7	152.7	15.8	366.0
39.222	0.11	fixation	n/a	544.8	150.8	3999.0	n/a	n/a	n/a	n/a
39.334	0.026	saccade	n/a	547.3	150.2	n/a	610.3	141.4	2.45	143.0
39.362	0.126	fixation	n/a	615.6	142.4	4068.0	n/a	n/a	n/a	n/a
39.49	0.12	saccade	n/a	614.1	145.4	n/a	369.9	230.2	10.06	2170.0
39.516	0.008	blink	n/a	n/a	n/a	n/a	n/a	n/a	n/a	n/a
39.612	0.156	fixation	n/a	371.7	234.0	4111.0	n/a	n/a	n/a	n/a
39.77	0.022	saccade	n/a	369.5	229.2	n/a	333.2	226.5	1.43	107.0
39.794	0.376	fixation	n/a	332.0	231.8	4305.0	n/a	n/a	n/a	n/a
39.852	0.0	trigger_11	11	n/a	n/a	n/a	n/a	n/a	n/a	n/a
39.956	0.0	trigger_12	12	n/a	n/a	n/a	n/a	n/a	n/a	n/a
40.172	0.044	saccade	n/a	328.1	235.2	n/a	158.3	195.0	6.81	259.0
40.218	0.06	fixation	n/a	154.8	196.7	4273.0	n/a	n/a	n/a	n/a
40.28	0.02	saccade	n/a	154.3	196.7	n/a	143.9	165.2	1.31	107.0
40.302	0.124	fixation	n/a	143.2	165.6	4191.0	n/a	n/a	n/a	n/a
40.428	0.132	saccade	n/a	144.0	156.1	n/a	163.4	133.2	1.17	3270.0
40.562	0.802	fixation	n/a	150.8	133.3	4151.0	n/a	n/a	n/a	n/a
41.366	0.03	saccade	n/a	147.1	132.8	n/a	231.2	134.7	3.21	168.0
41.398	0.156	fixation	n/a	239.2	135.5	3996.0	n/a	n/a	n/a	n/a
41.556	0.124	saccade	n/a	242.1	116.3	n/a	243.3	108.4	0.31	1909.0
41.586	0.04	blink	n/a	n/a	n/a	n/a	n/a	n/a	n/a	n/a
41.682	0.124	fixation	n/a	245.4	132.9	3967.0	n/a	n/a	n/a	n/a
41.808	0.016	saccade	n/a	244.7	136.0	n/a	220.6	136.2	0.94	73.0
41.826	0.126	fixation	n/a	222.4	137.7	4044.0	n/a	n/a	n/a	n/a
41.954	0.034	saccade	n/a	225.1	140.2	n/a	337.3	148.5	4.38	191.0
41.99	0.184	fixation	n/a	345.3	147.5	4143.0	n/a	n/a	n/a	n/a
42.176	0.022	saccade	n/a	349.1	150.8	n/a	394.7	152.4	1.78	113.0
42.2	0.23	fixation	n/a	400.3	152.7	4248.0	n/a	n/a	n/a	n/a
42.432	0.132	saccade	n/a	397.7	149.4	n/a	484.0	143.3	3.35	3270.0
42.484	0.026	blink	n/a	n/a	n/a	n/a	n/a	n/a	n/a	n/a
42.566	0.518	fixation	n/a	487.1	141.9	3945.0	n/a	n/a	n/a	n/a
43.086	0.03	saccade	n/a	489.6	141.4	n/a	571.4	130.6	3.14	171.0
43.118	0.416	fixation	n/a	573.8	133.4	3774.0	n/a	n/a	n/a	n/a
43.536	0.142	saccade	n/a	563.8	146.7	n/a	140.1	176.9	16.18	3029.0
43.596	0.048	blink	n/a	n/a	n/a	n/a	n/a	n/a	n/a	n/a
43.68	0.13	fixation	n/a	143.5	196.7	3903.0	n/a	n/a	n/a	n/a
43.812	0.02	saccade	n/a	141.8	200.4	n/a	109.1	208.7	1.28	96.0
43.834	0.17	fixation	n/a	110.0	207.2	4081.0	n/a	n/a	n/a	n/a
44.006	0.022	saccade	n/a	111.4	208.9	n/a	160.6	210.4	1.86	124.0
44.03	0.036	fixation	n/a	162.8	210.4	4076.0	n/a	n/a	n/a	n/a
44.068	0.176	saccade	n/a	162.6	210.2	n/a	166.9	176.9	1.3	1556.0
44.154	0.024	blink	n/a	n/a	n/a	n/a	n/a	n/a	n/a	n/a
44.246	0.274	fixation	n/a	166.4	200.6	4048.0	n/a	n/a	n/a	n/a
44.522	0.184	saccade	n/a	171.9	193.4	n/a	172.4	196.8	0.13	1664.0
44.572	0.044	blink	n/a	n/a	n/a	n/a	n/a	n/a	n/a	n/a
44.708	0.182	fixation	n/a	174.6	223.1	4202.0	n/a	n/a	n/a	n/a
44.892	0.016	saccade	n/a	179.0	226.1	n/a	203.1	225.2	0.91	75.0
44.91	0.5	fixation	n/a	203.1	222.1	4254.0	n/a	n/a	n/a	n/a
45.412	0.026	saccade	n/a	210.9	223.5	n/a	262.5	196.5	2.23	123.0
45.438	0.0	trigger_13	13	n/a	n/a	n/a	n/a	n/a	n/a	n/a
45.44	0.24	fixation	n/a	273.3	195.7	4132.0	n/a	n/a	n/a	n/a
45.682	0.036	saccade	n/a	272.1	196.3	n/a	150.7	158.8	4.83	230.0
45.72	0.176	fixation	n/a	147.6	160.6	4007.0	n/a	n/a	n/a	n/a
45.898	0.014	saccade	n/a	147.8	157.8	n/a	149.9	142.1	0.61	50.0
45.914	0.2	fixation	n/a	151.9	142.4	4013.0	n/a	n/a	n/a	n/a
46.116	0.118	saccade	n/a	155.0	133.4	n/a	142.6	103.1	1.26	2492.0
46.146	0.036	blink	n/a	n/a	n/a	n/a	n/a	n/a	n/a	n/a
46.236	0.144	fixation	n/a	141.6	122.9	4114.0	n/a	n/a	n/a	n/a
46.382	0.028	saccade	n/a	143.4	124.8	n/a	215.1	135.7	2.75	159.0
46.412	0.264	fixation	n/a	218.0	137.1	4271.0	n/a	n/a	n/a	n/a
46.678	0.03	saccade	n/a	216.3	140.8	n/a	153.2	199.9	3.32	208.0
46.71	0.268	fixation	n/a	148.7	203.5	4222.0	n/a	n/a	n/a	n/a
46.98	0.028	saccade	n/a	149.8	206.2	n/a	147.2	258.1	2.01	134.0
47.01	0.25	fixation	n/a	147.4	259.9	4306.0	n/a	n/a	n/a	n/a
47.262	0.018	saccade	n/a	148.1	264.3	n/a	136.6	284.0	0.88	72.0
47.282	0.392	fixation	n/a	139.3	286.2	4467.0	n/a	n/a	n/a	n/a
47.676	0.02	saccade	n/a	138.7	287.5	n/a	117.2	321.0	1.53	107.0
47.698	0.14	fixation	n/a	116.3	321.8	4627.0	n/a	n/a	n/a	n/a
47.84	0.02	saccade	n/a	118.0	323.7	n/a	152.9	343.3	1.51	107.0
47.862	0.17	fixation	n/a	156.5	346.1	4685.0	n/a	n/a	n/a	n/a
48.034	0.024	saccade	n/a	159.7	346.2	n/a	148.1	296.2	1.99	115.0
48.06	0.554	fixation	n/a	144.7	292.4	4588.0	n/a	n/a	n/a	n/a
48.39	0.0	trigger_15	15	n/a	n/a	n/a	n/a	n/a	n/a	n/a
48.446	0.0	trigger_10	10	n/a	n/a	n/a	n/a	n/a	n/a	n/a
48.616	0.166	saccade	n/a	144.0	291.6	n/a	138.8	102.0	7.31	3270.0
48.72	0.008	blink	n/a	n/a	n/a	n/a	n/a	n/a	n/a	n/a
48.784	0.254	fixation	n/a	139.8	119.8	4271.0	n/a	n/a	n/a	n/a
49.04	0.132	saccade	n/a	141.7	99.0	n/a	114.1	94.9	1.05	2639.0
49.074	0.046	blink	n/a	n/a	n/a	n/a	n/a	n/a	n/a	n/a
49.174	0.602	fixation	n/a	115.6	125.3	4255.0	n/a	n/a	n/a	n/a
49.778	0.026	saccade	n/a	121.8	123.2	n/a	189.6	129.7	2.57	139.0
49.806	0.246	fixation	n/a	201.2	130.4	4250.0	n/a	n/a	n/a	n/a
50.054	0.014	saccade	n/a	208.5	132.8	n/a	224.6	135.5	0.62	54.0
50.07	0.232	fixation	n/a	225.9	136.7	4290.0	n/a	n/a	n/a	n/a
50.304	0.026	saccade	n/a	229.1	139.7	n/a	285.3	142.3	2.14	112.0
50.332	0.278	fixation	n/a	295.0	146.5	4311.0	n/a	n/a	n/a	n/a
50.612	0.018	saccade	n/a	300.4	147.4	n/a	325.5	148.8	0.97	70.0
50.632	0.118	fixation	n/a	329.8	152.2	4360.0	n/a	n/a	n/a	n/a
50.752	0.03	saccade	n/a	332.8	155.4	n/a	261.5	137.9	2.83	165.0
50.784	0.262	fixation	n/a	258.5	141.9	4368.0	n/a	n/a	n/a	n/a
51.048	0.026	saccade	n/a	259.4	145.2	n/a	332.1	151.5	2.8	159.0
51.076	0.274	fixation	n/a	341.7	152.3	4380.0	n/a	n/a	n/a	n/a
51.352	0.022	saccade	n/a	345.2	154.7	n/a	380.4	152.2	1.36	91.0
51.376	0.16	fixation	n/a	381.9	153.6	4403.0	n/a	n/a	n/a	n/a
51.538	0.024	saccade	n/a	386.9	153.6	n/a	432.6	149.7	1.76	110.0
51.564	0.28	fixation	n/a	444.5	149.2	4411.0	n/a	n/a	n/a	n/a
51.846	0.024	saccade	n/a	448.6	149.0	n/a	501.5	143.4	2.04	126.0
51.872	0.414	fixation	n/a	502.1	142.6	4426.0	n/a	n/a	n/a	n/a
52.288	0.024	saccade	n/a	503.2	144.3	n/a	558.5	141.7	2.11	123.0
52.314	0.112	fixation	n/a	562.0	143.4	4329.0	n/a	n/a	n/a	n/a
52.428	0.14	saccade	n/a	556.2	149.7	n/a	560.9	118.1	1.24	1365.0
52.452	0.07	blink	n/a	n/a	n/a	n/a	n/a	n/a	n/a	n/a
52.57	0.154	fixation	n/a	563.1	135.1	4115.0	n/a	n/a	n/a	n/a
52.726	0.018	saccade	n/a	567.7	137.9	n/a	599.2	134.2	1.2	87.0
52.746	0.346	fixation	n/a	596.8	132.3	4284.0	n/a	n/a	n/a	n/a
53.094	0.014	saccade	n/a	599.3	130.4	n/a	615.7	128.8	0.62	52.0
53.11	0.152	fixation	n/a	612.9	130.4	4317.0	n/a	n/a	n/a	n/a
53.264	0.064	saccade	n/a	612.4	129.3	n/a	176.4	206.6	16.72	440.0
53.33	0.122	fixation	n/a	166.8	211.4	4226.0	n/a	n/a	n/a	n/a
53.454	0.024	saccade	n/a	165.4	212.9	n/a	113.7	203.4	1.99	135.0
53.48	0.096	fixation	n/a	112.0	205.0	4146.0	n/a	n/a	n/a	n/a
53.578	0.136	saccade	n/a	112.5	209.0	n/a	159.6	191.0	1.92	2306.0
53.716	0.124	fixation	n/a	157.5	206.7	3939.0	n/a	n/a	n/a	n/a
53.842	0.028	saccade	n/a	158.4	204.2	n/a	235.0	216.9	2.97	173.0
53.872	0.26	fixation	n/a	239.7	213.8	3975.0	n/a	n/a	n/a	n/a
54.134	0.154	saccade	n/a	236.8	200.3	n/a	208.5	198.1	1.09	2812.0
54.166	0.034	blink	n/a	n/a	n/a	n/a	n/a	n/a	n/a	n/a
54.29	0.116	fixation	n/a	208.7	206.6	3857.0	n/a	n/a	n/a	n/a
54.408	0.03	saccade	n/a	207.3	210.3	n/a	127.0	207.8	3.05	173.0
54.44	0.426	fixation	n/a	125.1	203.5	3979.0	n/a	n/a	n/a	n/a
54.868	0.026	saccade	n/a	133.3	206.8	n/a	211.2	209.0	2.96	153.0
54.896	0.124	fixation	n/a	217.3	209.9	4049.0	n/a	n/a	n/a	n/a
55.022	0.06	saccade	n/a	215.7	207.6	n/a	535.4	118.9	12.63	362.0
55.084	0.216	fixation	n/a	549.7	117.0	4047.0	n/a	n/a	n/a	n/a
55.302	0.026	saccade	n/a	549.3	116.9	n/a	491.8	129.6	2.24	142.0
55.33	0.264	fixation	n/a	488.7	135.5	4204.0	n/a	n/a	n/a	n/a
55.596	0.03	saccade	n/a	487.4	135.3	n/a	405.7	140.6	3.14	182.0
55.628	0.29	fixation	n/a	402.1	144.7	4275.0	n/a	n/a	n/a	n/a
55.92	0.024	saccade	n/a	401.8	145.6	n/a	348.2	142.4	2.07	128.0
55.946	0.298	fixation	n/a	345.4	144.6	4249.0	n/a	n/a	n/a	n/a
56.246	0.042	saccade	n/a	342.9	143.4	n/a	167.7	187.0	6.91	278.0
56.29	0.14	fixation	n/a	162.2	191.4	4261.0	n/a	n/a	n/a	n/a
56.432	0.028	saccade	n/a	167.0	196.8	n/a	234.2	208.2	2.6	156.0
56.462	0.098	fixation	n/a	238.1	206.8	4291.0	n/a	n/a	n/a	n/a
56.562	0.13	saccade	n/a	238.7	195.1	n/a	224.0	187.4	0.64	3270.0
56.602	0.026	blink	n/a	n/a	n/a	n/a	n/a	n/a	n/a	n/a
56.694	0.292	fixation	n/a	223.8	209.6	4154.0	n/a	n/a	n/a	n/a
56.988	0.03	saccade	n/a	227.3	211.3	n/a	316.0	214.2	3.41	170.0
57.02	0.212	fixation	n/a	319.7	213.2	4073.0	n/a	n/a	n/a	n/a
57.234	0.016	saccade	n/a	317.7	213.8	n/a	294.6	215.0	0.89	70.0
57.252	0.16	fixation	n/a	295.9	217.2	3943.0	n/a	n/a	n/a	n/a
57.414	0.026	saccade	n/a	298.4	217.7	n/a	368.7	213.9	2.72	151.0
57.442	0.172	fixation	n/a	373.0	213.9	3862.0	n/a	n/a	n/a	n/a
57.616	0.148	saccade	n/a	372.7	207.4	n/a	374.7	193.4	0.55	3270.0
57.654	0.056	blink	n/a	n/a	n/a	n/a	n/a	n/a	n/a	n/a
57.766	0.244	fixation	n/a	376.2	209.4	3664.0	n/a	n/a	n/a	n/a
58.012	0.018	saccade	n/a	379.5	212.1	n/a	405.4	214.0	1.0	75.0
58.032	0.414	fixation	n/a	411.1	216.1	3632.0	n/a	n/a	n/a	n/a
58.448	0.024	saccade	n/a	423.3	215.1	n/a	483.3	210.2	2.32	138.0
58.474	0.208	fixation	n/a	490.7	213.0	3496.0	n/a	n/a	n/a	n/a
58.684	0.024	saccade	n/a	495.0	215.0	n/a	551.2	211.6	2.16	126.0
58.71	0.148	fixation	n/a	557.7	209.9	3438.0	n/a	n/a	n/a	n/a
58.86	0.02	saccade	n/a	560.8	208.9	n/a	590.6	206.8	1.13	77.0
58.882	0.032	fixation	n/a	591.3	208.4	3389.0	n/a	n/a	n/a	n/a
58.916	0.072	saccade	n/a	591.2	209.3	n/a	122.4	227.7	17.74	406.0
58.99	0.138	fixation	n/a	121.7	236.8	3533.0	n/a	n/a	n/a	n/a
59.13	0.016	saccade	n/a	117.8	242.4	n/a	115.4	262.0	0.77	58.0
59.148	0.154	fixation	n/a	118.1	266.6	3621.0	n/a	n/a	n/a	n/a
59.304	0.124	saccade	n/a	117.5	258.7	n/a	226.0	271.3	4.15	3270.0
59.43	0.236	fixation	n/a	227.4	287.3	3813.0	n/a	n/a	n/a	n/a
59.668	0.02	saccade	n/a	231.9	287.0	n/a	267.5	288.1	1.37	95.0
59.69	0.204	fixation	n/a	269.5	288.6	3896.0	n/a	n/a	n/a	n/a
59.896	0.034	saccade	n/a	272.5	290.4	n/a	363.3	290.9	3.51	164.0
59.932	0.286	fixation	n/a	365.9	287.6	3758.0	n/a	n/a	n/a	n/a
60.22	0.026	saccade	n/a	369.6	287.7	n/a	438.9	286.1	2.69	141.0
60.248	0.142	fixation	n/a	446.0	284.7	3712.0	n/a	n/a	n/a	n/a
60.392	0.028	saccade	n/a	442.8	282.1	n/a	365.2	283.6	3.0	173.0
60.422	0.198	fixation	n/a	362.9	283.9	3773.0	n/a	n/a	n/a	n/a
60.622	0.03	saccade	n/a	364.9	284.6	n/a	445.6	287.2	3.12	155.0
60.654	0.228	fixation	n/a	450.6	288.5	3756.0	n/a	n/a	n/a	n/a
60.884	0.038	saccade	n/a	453.7	290.4	n/a	567.0	284.8	4.35	183.0
60.924	0.098	fixation	n/a	570.9	285.1	3656.0	n/a	n/a	n/a	n/a
61.024	0.132	saccade	n/a	570.3	285.7	n/a	134.2	343.8	16.67	2968.0
61.05	0.03	blink	n/a	n/a	n/a	n/a	n/a	n/a	n/a	n/a
61.158	0.186	fixation	n/a	138.9	352.3	3590.0	n/a	n/a	n/a	n/a
61.346	0.018	saccade	n/a	139.4	353.8	n/a	110.1	349.3	1.12	83.0
61.366	1.658	fixation	n/a	105.6	344.7	3797.0	n/a	n/a	n/a	n/a
63.026	0.024	saccade	n/a	114.1	346.0	n/a	162.4	349.9	1.84	135.0
63.052	0.208	fixation	n/a	163.1	348.1	3957.0	n/a	n/a	n/a	n/a
63.262	0.098	saccade	n/a	162.2	346.5	n/a	350.5	170.1	9.99	393.0
63.362	0.168	fixation	n/a	352.5	185.0	4020.0	n/a	n/a	n/a	n/a
63.532	0.016	saccade	n/a	355.0	189.1	n/a	366.8	204.8	0.77	62.0
63.55	0.45	fixation	n/a	361.2	209.1	4126.0	n/a	n/a	n/a	n/a
63.702	0.0	trigger_11	11	n/a	n/a	n/a	n/a	n/a	n/a	n/a
63.812	0.0	trigger_10	10	n/a	n/a	n/a	n/a	n/a	n/a	n/a
64.002	0.044	saccade	n/a	359.3	214.3	n/a	174.3	190.6	7.18	280.0
64.048	0.068	fixation	n/a	168.8	192.3	4139.0	n/a	n/a	n/a	n/a
64.118	0.118	saccade	n/a	167.9	183.2	n/a	148.0	132.9	2.09	3201.0
64.146	0.036	blink	n/a	n/a	n/a	n/a	n/a	n/a	n/a	n/a
64.238	0.256	fixation	n/a	151.0	144.9	4030.0	n/a	n/a	n/a	n/a
64.496	0.202	saccade	n/a	151.7	140.8	n/a	152.9	102.1	1.49	2015.0
64.572	0.028	blink	n/a	n/a	n/a	n/a	n/a	n/a	n/a	n/a
64.7	0.18	fixation	n/a	151.6	129.3	4154.0	n/a	n/a	n/a	n/a
64.882	0.022	saccade	n/a	154.1	127.8	n/a	195.4	136.5	1.6	104.0
64.906	0.264	fixation	n/a	198.9	135.3	4196.0	n/a	n/a	n/a	n/a
65.172	0.018	saccade	n/a	197.3	136.2	n/a	164.2	133.1	1.26	89.0
65.192	0.286	fixation	n/a	157.7	126.1	4022.0	n/a	n/a	n/a	n/a
65.48	0.034	saccade	n/a	157.8	122.1	n/a	269.4	128.0	4.25	190.0
65.516	0.416	fixation	n/a	278.5	130.6	4012.0	n/a	n/a	n/a	n/a
65.934	0.018	saccade	n/a	284.5	134.6	n/a	308.3	134.4	0.91	68.0
65.954	0.074	fixation	n/a	306.0	135.8	4034.0	n/a	n/a	n/a	n/a
66.03	0.022	saccade	n/a	304.5	137.0	n/a	260.6	133.0	1.7	107.0
66.054	0.19	fixation	n/a	260.0	136.2	4061.0	n/a	n/a	n/a	n/a
66.246	0.018	saccade	n/a	258.4	140.7	n/a	235.0	135.7	0.92	72.0
66.266	0.034	fixation	n/a	237.0	136.0	4095.0	n/a	n/a	n/a	n/a
66.302	0.042	saccade	n/a	237.3	137.0	n/a	377.2	148.7	5.42	211.0
66.346	0.164	fixation	n/a	381.0	147.5	4158.0	n/a	n/a	n/a	n/a
66.512	0.136	saccade	n/a	377.1	151.0	n/a	457.9	136.2	3.17	1055.0
66.538	0.042	blink	n/a	n/a	n/a	n/a	n/a	n/a	n/a	n/a
66.65	0.198	fixation	n/a	457.2	156.4	4208.0	n/a	n/a	n/a	n/a
66.85	0.034	saccade	n/a	460.7	154.1	n/a	562.2	143.3	3.91	190.0
66.886	0.488	fixation	n/a	570.2	142.6	4120.0	n/a	n/a	n/a	n/a
67.376	0.02	saccade	n/a	568.9	143.4	n/a	535.9	143.3	1.26	103.0
67.398	0.18	fixation	n/a	537.3	145.3	3957.0	n/a	n/a	n/a	n/a
67.58	0.026	saccade	n/a	539.7	147.2	n/a	597.1	143.2	2.18	140.0
67.608	0.082	fixation	n/a	597.4	140.9	3960.0	n/a	n/a	n/a	n/a
67.692	0.062	saccade	n/a	599.0	139.7	n/a	170.7	193.6	16.36	439.0
67.756	0.122	fixation	n/a	160.0	196.5	4051.0	n/a	n/a	n/a	n/a
67.88	0.022	saccade	n/a	156.7	199.6	n/a	114.0	204.7	1.63	101.0
67.904	0.124	fixation	n/a	113.9	208.1	4021.0	n/a	n/a	n/a	n/a
68.03	0.148	saccade	n/a	114.9	209.6	n/a	164.7	192.0	2.01	1346.0
68.09	0.008	blink	n/a	n/a	n/a	n/a	n/a	n/a	n/a	n/a
68.18	0.602	fixation	n/a	166.4	211.6	4060.0	n/a	n/a	n/a	n/a
68.784	0.016	saccade	n/a	170.2	210.5	n/a	191.8	209.4	0.83	63.0
68.802	0.506	fixation	n/a	190.7	210.9	3932.0	n/a	n/a	n/a	n/a
69.31	0.144	saccade	n/a	186.7	200.8	n/a	198.7	187.3	0.7	2510.0
69.354	0.002	blink	n/a	n/a	n/a	n/a	n/a	n/a	n/a	n/a
69.456	0.472	fixation	n/a	199.4	208.4	3894.0	n/a	n/a	n/a	n/a
69.93	0.018	saccade	n/a	203.0	208.8	n/a	229.7	207.7	1.03	74.0
69.95	0.24	fixation	n/a	232.3	208.5	3956.0	n/a	n/a	n/a	n/a
70.192	0.018	saccade	n/a	235.3	208.8	n/a	263.4	212.2	1.09	83.0
70.212	0.162	fixation	n/a	262.5	212.8	3938.0	n/a	n/a	n/a	n/a
70.376	0.022	saccade	n/a	264.5	213.3	n/a	313.4	210.7	1.89	118.0
70.4	0.278	fixation	n/a	318.1	214.7	3830.0	n/a	n/a	n/a	n/a
70.68	0.016	saccade	n/a	317.1	219.6	n/a	297.4	218.3	0.77	62.0
70.698	0.188	fixation	n/a	296.2	219.8	3757.0	n/a	n/a	n/a	n/a
70.888	0.146	saccade	n/a	294.1	211.8	n/a	311.1	188.8	1.12	2586.0
70.922	0.026	blink	n/a	n/a	n/a	n/a	n/a	n/a	n/a	n/a
71.036	0.686	fixation	n/a	308.1	214.5	3788.0	n/a	n/a	n/a	n/a
71.724	0.03	saccade	n/a	305.6	218.2	n/a	382.2	222.0	2.98	152.0
71.756	0.102	fixation	n/a	380.9	221.0	3858.0	n/a	n/a	n/a	n/a
71.86	0.132	saccade	n/a	380.6	221.1	n/a	362.1	203.8	0.99	1568.0
71.9	0.042	blink	n/a	n/a	n/a	n/a	n/a	n/a	n/a	n/a
71.994	0.148	fixation	n/a	365.0	214.3	3705.0	n/a	n/a	n/a	n/a
72.144	0.038	saccade	n/a	367.1	215.9	n/a	486.5	213.8	4.64	196.0
72.184	0.3	fixation	n/a	490.8	210.9	3835.0	n/a	n/a	n/a	n/a
72.486	0.022	saccade	n/a	493.6	211.0	n/a	532.3	209.1	1.49	100.0
72.51	0.282	fixation	n/a	533.3	210.7	3830.0	n/a	n/a	n/a	n/a
72.794	0.024	saccade	n/a	538.1	213.8	n/a	597.8	204.5	2.31	131.0
72.82	0.418	fixation	n/a	613.7	207.9	3529.0	n/a	n/a	n/a	n/a
73.24	0.024	saccade	n/a	618.5	210.3	n/a	669.9	204.8	1.94	118.0
73.266	0.128	fixation	n/a	671.7	207.2	3451.0	n/a	n/a	n/a	n/a
73.396	0.032	saccade	n/a	671.4	207.9	n/a	563.5	209.3	4.08	221.0
73.43	0.268	fixation	n/a	557.3	207.9	3743.0	n/a	n/a	n/a	n/a
73.7	0.026	saccade	n/a	556.2	207.7	n/a	625.3	199.0	2.65	144.0
73.728	0.134	fixation	n/a	632.7	203.7	3786.0	n/a	n/a	n/a	n/a
73.864	0.02	saccade	n/a	637.7	204.7	n/a	668.4	202.8	1.15	80.0
73.886	0.108	fixation	n/a	668.9	202.9	3619.0	n/a	n/a	n/a	n/a
73.996	0.132	saccade	n/a	665.2	207.4	n/a	653.3	194.7	0.66	1337.0
74.022	0.074	blink	n/a	n/a	n/a	n/a	n/a	n/a	n/a	n/a
74.13	0.162	fixation	n/a	655.2	199.4	3639.0	n/a	n/a	n/a	n/a
74.294	0.068	saccade	n/a	657.2	199.7	n/a	164.2	266.0	18.89	427.0
74.364	0.118	fixation	n/a	154.8	269.9	4023.0	n/a	n/a	n/a	n/a
74.484	0.024	saccade	n/a	151.2	270.2	n/a	109.7	273.7	1.58	106.0
74.51	0.176	fixation	n/a	109.0	275.6	3959.0	n/a	n/a	n/a	n/a
74.688	0.124	saccade	n/a	108.6	265.7	n/a	124.8	268.8	0.63	2130.0
74.814	0.292	fixation	n/a	120.5	274.0	3760.0	n/a	n/a	n/a	n/a
75.108	0.026	saccade	n/a	123.0	274.3	n/a	194.4	281.8	2.74	154.0
75.136	0.38	fixation	n/a	204.9	282.2	3726.0	n/a	n/a	n/a	n/a
75.518	0.024	saccade	n/a	208.3	281.5	n/a	266.4	281.6	2.24	129.0
75.544	0.436	fixation	n/a	272.9	284.9	3466.0	n/a	n/a	n/a	n/a
75.982	0.024	saccade	n/a	276.9	286.1	n/a	328.2	281.8	2.0	120.0
76.008	0.27	fixation	n/a	333.8	284.4	3471.0	n/a	n/a	n/a	n/a
76.28	0.022	saccade	n/a	338.7	287.0	n/a	374.4	283.3	1.4	84.0
76.304	0.21	fixation	n/a	381.6	284.9	3511.0	n/a	n/a	n/a	n/a
76.516	0.02	saccade	n/a	382.1	284.2	n/a	415.2	283.8	1.29	86.0
76.538	0.216	fixation	n/a	418.9	285.8	3572.0	n/a	n/a	n/a	n/a
76.756	0.036	saccade	n/a	421.4	287.2	n/a	534.3	277.5	4.38	166.0
76.794	0.152	fixation	n/a	539.6	280.2	3402.0	n/a	n/a	n/a	n/a
76.948	0.128	saccade	n/a	539.0	285.2	n/a	559.8	262.1	1.21	3270.0
77.002	0.026	blink	n/a	n/a	n/a	n/a	n/a	n/a	n/a	n/a
77.078	0.128	fixation	n/a	560.8	273.2	3169.0	n/a	n/a	n/a	n/a
77.208	0.06	saccade	n/a	562.4	275.7	n/a	177.1	346.8	14.99	401.0
77.27	0.124	fixation	n/a	169.2	348.7	3336.0	n/a	n/a	n/a	n/a
77.396	0.024	saccade	n/a	168.4	349.3	n/a	118.8	348.9	1.88	116.0
77.422	0.156	fixation	n/a	118.3	350.8	3386.0	n/a	n/a	n/a	n/a
77.58	0.13	saccade	n/a	117.8	343.4	n/a	133.9	330.6	0.79	1726.0
77.624	0.0	blink	n/a	n/a	n/a	n/a	n/a	n/a	n/a	n/a
77.712	0.36	fixation	n/a	129.3	343.9	3459.0	n/a	n/a	n/a	n/a
78.074	0.03	saccade	n/a	128.5	351.3	n/a	204.0	350.8	2.89	159.0
78.106	0.236	fixation	n/a	209.2	351.3	3708.0	n/a	n/a	n/a	n/a
78.344	0.034	saccade	n/a	211.7	352.7	n/a	312.0	353.1	3.87	177.0
78.38	0.454	fixation	n/a	317.2	355.6	3854.0	n/a	n/a	n/a	n/a
78.836	0.026	saccade	n/a	318.4	354.3	n/a	379.4	348.4	2.38	134.0
78.864	0.28	fixation	n/a	390.2	349.3	3899.0	n/a	n/a	n/a	n/a
79.146	0.024	saccade	n/a	391.9	348.2	n/a	448.9	344.9	2.22	129.0
79.172	0.228	fixation	n/a	456.4	345.5	3852.0	n/a	n/a	n/a	n/a
79.402	0.028	saccade	n/a	459.0	345.1	n/a	535.0	339.3	2.94	156.0
79.432	0.394	fixation	n/a	543.0	340.6	3654.0	n/a	n/a	n/a	n/a
79.828	0.024	saccade	n/a	543.7	341.5	n/a	598.9	336.8	2.11	121.0
79.854	0.236	fixation	n/a	606.0	336.4	3329.0	n/a	n/a	n/a	n/a
80.092	0.128	saccade	n/a	606.2	341.2	n/a	159.1	415.3	17.27	1612.0
80.116	0.032	blink	n/a	n/a	n/a	n/a	n/a	n/a	n/a	n/a
80.222	0.206	fixation	n/a	160.7	415.8	3609.0	n/a	n/a	n/a	n/a
80.43	0.02	saccade	n/a	158.1	414.0	n/a	121.6	413.6	1.38	94.0
80.452	0.326	fixation	n/a	118.0	415.2	3628.0	n/a	n/a	n/a	n/a
80.78	0.032	saccade	n/a	124.2	420.3	n/a	225.2	417.6	3.85	169.0
80.814	0.174	fixation	n/a	235.5	419.4	3494.0	n/a	n/a	n/a	n/a
80.99	0.028	saccade	n/a	237.5	419.5	n/a	314.1	419.2	2.96	145.0
81.02	0.178	fixation	n/a	329.9	419.7	3430.0	n/a	n/a	n/a	n/a
81.2	0.032	saccade	n/a	331.2	418.6	n/a	428.6	412.8	3.78	162.0
81.234	0.146	fixation	n/a	438.5	415.2	3345.0	n/a	n/a	n/a	n/a
81.382	0.03	saccade	n/a	441.2	414.9	n/a	532.6	403.8	3.55	162.0
81.414	0.242	fixation	n/a	545.3	406.5	3230.0	n/a	n/a	n/a	n/a
81.658	0.02	saccade	n/a	546.1	407.5	n/a	511.9	407.9	1.31	90.0
81.68	0.184	fixation	n/a	508.7	408.6	3236.0	n/a	n/a	n/a	n/a
81.866	0.028	saccade	n/a	510.3	408.0	n/a	438.4	367.0	3.2	183.0
81.896	0.3	fixation	n/a	434.0	361.6	3369.0	n/a	n/a	n/a	n/a
81.928	0.0	trigger_11	11	n/a	n/a	n/a	n/a	n/a	n/a	n/a
82.032	0.0	trigger_10	10	n/a	n/a	n/a	n/a	n/a	n/a	n/a
82.198	0.142	saccade	n/a	432.8	361.3	n/a	139.1	112.5	14.87	1812.0
82.342	0.272	fixation	n/a	142.2	128.6	3379.0	n/a	n/a	n/a	n/a
82.616	0.018	saccade	n/a	140.7	130.9	n/a	116.8	137.4	0.94	72.0
82.636	0.146	fixation	n/a	113.8	135.9	3435.0	n/a	n/a	n/a	n/a
82.784	0.124	saccade	n/a	116.4	133.3	n/a	130.7	122.5	0.68	2024.0
82.91	0.238	fixation	n/a	131.3	130.1	3479.0	n/a	n/a	n/a	n/a
83.15	0.024	saccade	n/a	135.5	131.2	n/a	184.6	137.8	1.89	110.0
83.176	0.226	fixation	n/a	186.9	135.9	3700.0	n/a	n/a	n/a	n/a
83.404	0.024	saccade	n/a	187.8	137.2	n/a	245.7	149.3	2.28	134.0
83.43	0.216	fixation	n/a	251.4	149.8	3758.0	n/a	n/a	n/a	n/a
83.648	0.016	saccade	n/a	249.4	149.2	n/a	229.9	148.0	0.75	57.0
83.666	0.124	fixation	n/a	229.8	147.7	3749.0	n/a	n/a	n/a	n/a
83.792	0.032	saccade	n/a	231.3	151.3	n/a	320.0	159.1	3.45	181.0
83.826	0.268	fixation	n/a	326.7	160.6	3830.0	n/a	n/a	n/a	n/a
84.096	0.028	saccade	n/a	331.1	161.3	n/a	414.9	152.8	3.27	160.0
84.126	0.314	fixation	n/a	424.4	152.1	3972.0	n/a	n/a	n/a	n/a
84.442	0.024	saccade	n/a	426.9	154.3	n/a	477.8	157.2	1.98	119.0
84.468	0.114	fixation	n/a	481.3	159.8	3992.0	n/a	n/a	n/a	n/a
84.584	0.126	saccade	n/a	477.2	163.5	n/a	520.9	136.7	1.99	3270.0
84.612	0.062	blink	n/a	n/a	n/a	n/a	n/a	n/a	n/a	n/a
84.712	0.206	fixation	n/a	523.1	146.8	3917.0	n/a	n/a	n/a	n/a
84.92	0.018	saccade	n/a	526.6	145.5	n/a	550.6	147.9	0.93	69.0
84.94	0.214	fixation	n/a	550.7	149.0	4009.0	n/a	n/a	n/a	n/a
85.156	0.02	saccade	n/a	553.4	150.6	n/a	582.6	146.2	1.13	79.0
85.178	0.25	fixation	n/a	583.1	149.2	3910.0	n/a	n/a	n/a	n/a
85.43	0.062	saccade	n/a	585.0	149.3	n/a	170.5	206.3	15.95	418.0
85.494	0.122	fixation	n/a	163.5	211.9	4038.0	n/a	n/a	n/a	n/a
85.618	0.024	saccade	n/a	160.0	213.6	n/a	116.1	219.2	1.68	113.0
85.644	0.092	fixation	n/a	115.6	220.5	4014.0	n/a	n/a	n/a	n/a
85.738	0.118	saccade	n/a	115.5	210.3	n/a	173.5	204.2	2.23	1561.0
85.782	0.002	blink	n/a	n/a	n/a	n/a	n/a	n/a	n/a	n/a
85.858	0.318	fixation	n/a	175.3	219.5	3846.0	n/a	n/a	n/a	n/a
86.178	0.026	saccade	n/a	176.2	214.5	n/a	226.0	210.7	1.92	127.0
86.206	0.032	fixation	n/a	228.5	210.5	3811.0	n/a	n/a	n/a	n/a
86.24	0.03	saccade	n/a	228.7	208.1	n/a	184.9	132.5	3.41	208.0
86.272	0.186	fixation	n/a	185.1	135.2	3780.0	n/a	n/a	n/a	n/a
86.46	0.024	saccade	n/a	188.1	140.2	n/a	240.9	154.3	2.1	131.0
86.486	0.208	fixation	n/a	244.3	154.0	3783.0	n/a	n/a	n/a	n/a
86.696	0.028	saccade	n/a	247.5	154.1	n/a	338.4	153.5	3.52	174.0
86.726	0.572	fixation	n/a	351.3	157.2	3944.0	n/a	n/a	n/a	n/a
87.3	0.02	saccade	n/a	354.0	159.6	n/a	322.3	159.9	1.23	89.0
87.322	0.222	fixation	n/a	322.4	158.3	4078.0	n/a	n/a	n/a	n/a
87.546	0.044	saccade	n/a	323.3	156.9	n/a	492.5	148.8	6.57	239.0
87.592	0.126	fixation	n/a	497.5	148.7	4100.0	n/a	n/a	n/a	n/a
87.72	0.032	saccade	n/a	500.0	147.8	n/a	588.5	141.1	3.39	165.0
87.754	0.05	fixation	n/a	590.1	143.9	4134.0	n/a	n/a	n/a	n/a
87.806	0.128	saccade	n/a	589.5	144.7	n/a	167.0	198.7	16.23	2474.0
87.848	0.0	blink	n/a	n/a	n/a	n/a	n/a	n/a	n/a	n/a
87.936	0.146	fixation	n/a	166.9	221.8	4032.0	n/a	n/a	n/a	n/a
88.084	0.018	saccade	n/a	165.6	226.6	n/a	134.7	225.9	1.18	88.0
88.104	0.12	fixation	n/a	133.3	222.0	4039.0	n/a	n/a	n/a	n/a
88.226	0.136	saccade	n/a	136.3	210.9	n/a	179.5	191.6	1.82	1988.0
88.28	0.014	blink	n/a	n/a	n/a	n/a	n/a	n/a	n/a	n/a
88.364	0.232	fixation	n/a	175.8	204.2	3793.0	n/a	n/a	n/a	n/a
88.598	0.028	saccade	n/a	177.9	200.3	n/a	261.6	211.1	3.24	179.0
88.628	0.456	fixation	n/a	274.0	215.3	3914.0	n/a	n/a	n/a	n/a
89.086	0.024	saccade	n/a	272.7	219.3	n/a	215.2	217.6	2.23	133.0
89.112	0.246	fixation	n/a	210.2	216.7	3811.0	n/a	n/a	n/a	n/a
89.36	0.026	saccade	n/a	212.5	216.5	n/a	289.6	219.5	2.98	154.0
89.388	0.186	fixation	n/a	301.4	220.4	3872.0	n/a	n/a	n/a	n/a
89.576	0.026	saccade	n/a	304.2	222.0	n/a	368.4	221.9	2.49	138.0
89.604	0.71	fixation	n/a	372.5	226.2	3925.0	n/a	n/a	n/a	n/a
90.316	0.026	saccade	n/a	367.2	226.2	n/a	441.0	223.2	2.87	151.0
90.344	0.224	fixation	n/a	449.9	226.3	3943.0	n/a	n/a	n/a	n/a
90.57	0.024	saccade	n/a	453.3	227.0	n/a	506.3	222.3	2.06	120.0
90.596	0.172	fixation	n/a	513.4	221.2	3931.0	n/a	n/a	n/a	n/a
90.77	0.016	saccade	n/a	511.5	220.6	n/a	489.6	220.4	0.85	66.0
90.788	0.312	fixation	n/a	487.8	216.7	3853.0	n/a	n/a	n/a	n/a
91.102	0.124	saccade	n/a	488.2	211.7	n/a	572.5	194.8	3.3	3270.0
91.152	0.028	blink	n/a	n/a	n/a	n/a	n/a	n/a	n/a	n/a
91.228	0.216	fixation	n/a	572.9	209.6	3725.0	n/a	n/a	n/a	n/a
91.446	0.02	saccade	n/a	574.3	209.1	n/a	602.4	206.0	1.08	74.0
91.468	0.208	fixation	n/a	606.1	203.9	3868.0	n/a	n/a	n/a	n/a
91.678	0.15	saccade	n/a	607.3	203.4	n/a	136.4	263.9	18.03	1979.0
91.75	0.004	blink	n/a	n/a	n/a	n/a	n/a	n/a	n/a	n/a
91.83	0.138	fixation	n/a	139.2	285.8	3942.0	n/a	n/a	n/a	n/a
91.97	0.018	saccade	n/a	137.5	282.5	n/a	117.0	269.5	0.92	69.0
91.99	0.158	fixation	n/a	120.3	272.7	3937.0	n/a	n/a	n/a	n/a
92.15	0.026	saccade	n/a	120.5	274.4	n/a	192.0	273.4	2.72	154.0
92.178	0.562	fixation	n/a	196.2	277.1	3659.0	n/a	n/a	n/a	n/a
92.742	0.132	saccade	n/a	187.5	279.2	n/a	262.3	263.9	2.94	3270.0
92.876	0.216	fixation	n/a	264.4	283.0	3560.0	n/a	n/a	n/a	n/a
93.094	0.026	saccade	n/a	272.3	287.8	n/a	339.3	290.9	2.61	141.0
93.122	0.286	fixation	n/a	351.7	290.8	3861.0	n/a	n/a	n/a	n/a
93.41	0.024	saccade	n/a	356.0	292.1	n/a	403.6	288.1	1.87	114.0
93.436	0.196	fixation	n/a	408.0	289.2	3886.0	n/a	n/a	n/a	n/a
93.634	0.028	saccade	n/a	408.3	291.4	n/a	336.1	287.7	2.83	146.0
93.664	0.404	fixation	n/a	325.3	284.2	3847.0	n/a	n/a	n/a	n/a
93.81	0.0	trigger_11	11	n/a	n/a	n/a	n/a	n/a	n/a	n/a
93.914	0.0	trigger_10	10	n/a	n/a	n/a	n/a	n/a	n/a	n/a
94.07	0.046	saccade	n/a	325.2	285.3	n/a	170.4	172.8	7.45	302.0
94.118	0.142	fixation	n/a	167.3	167.2	3899.0	n/a	n/a	n/a	n/a
94.262	0.02	saccade	n/a	163.3	162.8	n/a	132.7	142.5	1.41	100.0
94.284	0.054	fixation	n/a	133.1	143.4	3960.0	n/a	n/a	n/a	n/a
94.34	0.122	saccade	n/a	134.6	147.5	n/a	145.3	117.7	1.22	2133.0
94.464	0.242	fixation	n/a	141.7	131.6	3981.0	n/a	n/a	n/a	n/a
94.708	0.022	saccade	n/a	144.8	129.1	n/a	189.9	135.0	1.74	114.0
94.732	0.184	fixation	n/a	197.6	136.0	4136.0	n/a	n/a	n/a	n/a
94.918	0.024	saccade	n/a	199.9	134.7	n/a	140.6	129.4	2.27	136.0
94.944	0.268	fixation	n/a	137.9	132.2	4175.0	n/a	n/a	n/a	n/a
95.214	0.02	saccade	n/a	142.7	135.7	n/a	172.0	135.0	1.12	77.0
95.236	0.13	fixation	n/a	173.4	135.3	4068.0	n/a	n/a	n/a	n/a
95.368	0.042	saccade	n/a	174.3	135.1	n/a	305.2	150.9	5.07	195.0
95.412	0.298	fixation	n/a	311.7	155.6	4079.0	n/a	n/a	n/a	n/a
95.712	0.124	saccade	n/a	312.9	147.5	n/a	368.7	140.1	2.18	3270.0
95.774	0.008	blink	n/a	n/a	n/a	n/a	n/a	n/a	n/a	n/a
95.838	0.264	fixation	n/a	371.0	156.2	4039.0	n/a	n/a	n/a	n/a
96.104	0.026	saccade	n/a	375.0	158.9	n/a	439.3	159.7	2.5	141.0
96.132	0.236	fixation	n/a	444.9	160.0	4086.0	n/a	n/a	n/a	n/a
96.37	0.022	saccade	n/a	446.9	161.7	n/a	493.4	158.6	1.8	109.0
96.394	0.242	fixation	n/a	499.1	157.3	4124.0	n/a	n/a	n/a	n/a
96.638	0.022	saccade	n/a	504.0	156.4	n/a	548.9	158.4	1.73	113.0
96.662	0.194	fixation	n/a	551.3	157.6	4126.0	n/a	n/a	n/a	n/a
96.858	0.016	saccade	n/a	555.1	157.9	n/a	576.1	156.8	0.8	63.0
96.876	0.236	fixation	n/a	576.6	157.4	4095.0	n/a	n/a	n/a	n/a
97.114	0.134	saccade	n/a	572.8	154.5	n/a	182.8	199.4	15.02	1647.0
97.148	0.04	blink	n/a	n/a	n/a	n/a	n/a	n/a	n/a	n/a
97.25	0.134	fixation	n/a	171.9	211.5	4142.0	n/a	n/a	n/a	n/a
97.386	0.022	saccade	n/a	171.4	214.3	n/a	130.3	212.1	1.57	102.0
97.41	0.2	fixation	n/a	129.4	212.9	4133.0	n/a	n/a	n/a	n/a
97.612	0.042	saccade	n/a	128.9	211.2	n/a	273.3	216.0	5.54	218.0
97.656	0.29	fixation	n/a	282.1	217.2	3979.0	n/a	n/a	n/a	n/a
97.948	0.044	saccade	n/a	286.2	218.9	n/a	429.9	218.5	5.58	197.0
97.994	0.196	fixation	n/a	432.3	216.0	3766.0	n/a	n/a	n/a	n/a
98.192	0.024	saccade	n/a	431.6	215.2	n/a	376.1	215.7	2.16	136.0
98.218	0.218	fixation	n/a	372.8	219.3	3726.0	n/a	n/a	n/a	n/a
98.438	0.11	saccade	n/a	371.7	213.4	n/a	423.8	196.0	2.14	1325.0
98.474	0.016	blink	n/a	n/a	n/a	n/a	n/a	n/a	n/a	n/a
98.55	0.182	fixation	n/a	425.0	211.9	3698.0	n/a	n/a	n/a	n/a
98.734	0.028	saccade	n/a	428.2	213.5	n/a	502.5	177.5	3.21	167.0
98.764	0.072	fixation	n/a	518.0	171.0	3789.0	n/a	n/a	n/a	n/a
98.838	0.022	saccade	n/a	523.9	171.5	n/a	557.5	164.1	1.32	105.0
98.862	0.08	fixation	n/a	556.6	164.4	3774.0	n/a	n/a	n/a	n/a
98.944	0.136	saccade	n/a	556.7	169.8	n/a	247.7	198.5	12.01	3270.0
98.976	0.038	blink	n/a	n/a	n/a	n/a	n/a	n/a	n/a	n/a
99.082	0.222	fixation	n/a	251.6	210.9	3731.0	n/a	n/a	n/a	n/a
99.306	0.028	saccade	n/a	253.7	208.7	n/a	334.3	213.8	3.15	170.0
99.336	0.142	fixation	n/a	344.7	215.2	3859.0	n/a	n/a	n/a	n/a
99.48	0.022	saccade	n/a	344.3	212.5	n/a	356.1	173.9	1.59	109.0
99.504	0.088	fixation	n/a	360.9	175.6	3783.0	n/a	n/a	n/a	n/a
99.594	0.02	saccade	n/a	363.6	175.6	n/a	391.8	164.7	1.18	76.0
99.616	0.198	fixation	n/a	395.6	160.3	3770.0	n/a	n/a	n/a	n/a
99.816	0.028	saccade	n/a	398.0	164.0	n/a	315.2	149.9	3.27	180.0
99.846	0.34	fixation	n/a	306.3	147.0	3906.0	n/a	n/a	n/a	n/a
99.89	0.0	trigger_11	11	n/a	n/a	n/a	n/a	n/a	n/a	n/a
99.996	0.0	trigger_12	12	n/a	n/a	n/a	n/a	n/a	n/a	n/a
100.188	0.042	saccade	n/a	309.7	148.4	n/a	152.4	142.0	6.04	248.0
100.232	0.088	fixation	n/a	145.7	140.7	4068.0	n/a	n/a	n/a	n/a
100.322	0.126	saccade	n/a	142.9	138.1	n/a	171.6	90.6	2.13	2136.0
100.45	0.16	fixation	n/a	193.4	117.2	4064.0	n/a	n/a	n/a	n/a
100.612	0.026	saccade	n/a	198.7	125.6	n/a	273.9	130.8	2.89	154.0
100.64	0.514	fixation	n/a	271.2	135.9	4156.0	n/a	n/a	n/a	n/a
101.156	0.032	saccade	n/a	264.2	142.2	n/a	372.7	142.3	4.19	180.0
101.19	0.228	fixation	n/a	385.8	144.5	4022.0	n/a	n/a	n/a	n/a
101.42	0.036	saccade	n/a	390.4	144.3	n/a	503.6	133.2	4.38	181.0
101.458	0.126	fixation	n/a	507.6	133.6	4024.0	n/a	n/a	n/a	n/a
101.586	0.022	saccade	n/a	511.3	134.4	n/a	554.2	135.5	1.64	104.0
101.61	0.038	fixation	n/a	554.2	135.9	4100.0	n/a	n/a	n/a	n/a
101.65	0.062	saccade	n/a	554.1	135.6	n/a	126.7	186.1	16.34	438.0
101.714	0.2	fixation	n/a	116.8	193.5	4189.0	n/a	n/a	n/a	n/a
101.916	0.146	saccade	n/a	112.5	193.3	n/a	179.1	100.2	4.39	1870.0
101.97	0.01	blink	n/a	n/a	n/a	n/a	n/a	n/a	n/a	n/a
102.064	0.136	fixation	n/a	180.5	123.2	4174.0	n/a	n/a	n/a	n/a
102.202	0.04	saccade	n/a	180.1	126.3	n/a	305.6	140.5	4.83	199.0
102.244	0.138	fixation	n/a	308.9	136.8	4209.0	n/a	n/a	n/a	n/a
102.384	0.022	saccade	n/a	309.7	138.6	n/a	270.9	134.1	1.5	104.0
102.408	0.562	fixation	n/a	271.2	138.2	4330.0	n/a	n/a	n/a	n/a
102.738	0.0	trigger_13	13	n/a	n/a	n/a	n/a	n/a	n/a	n/a
102.972	0.04	saccade	n/a	278.8	147.6	n/a	131.0	200.5	6.03	280.0
103.014	0.254	fixation	n/a	129.5	203.3	4371.0	n/a	n/a	n/a	n/a
103.27	0.028	saccade	n/a	128.4	204.4	n/a	131.0	266.8	2.43	148.0
103.3	0.172	fixation	n/a	132.0	271.3	4415.0	n/a	n/a	n/a	n/a
103.474	0.028	saccade	n/a	131.6	273.5	n/a	139.5	333.6	2.35	164.0
103.504	0.268	fixation	n/a	141.8	338.1	4504.0	n/a	n/a	n/a	n/a
103.774	0.022	saccade	n/a	142.8	340.7	n/a	128.0	298.7	1.72	113.0
103.798	0.16	fixation	n/a	126.8	293.2	4540.0	n/a	n/a	n/a	n/a
103.96	0.02	saccade	n/a	126.0	291.9	n/a	95.4	280.0	1.24	87.0
103.982	0.202	fixation	n/a	96.1	279.1	4464.0	n/a	n/a	n/a	n/a
104.186	0.02	saccade	n/a	98.3	279.5	n/a	131.8	280.0	1.26	88.0
104.186	0.0	trigger_15	15	n/a	n/a	n/a	n/a	n/a	n/a	n/a
104.208	0.228	fixation	n/a	132.4	282.7	4398.0	n/a	n/a	n/a	n/a
104.238	0.0	trigger_10	10	n/a	n/a	n/a	n/a	n/a	n/a	n/a
104.438	0.134	saccade	n/a	134.1	286.9	n/a	158.5	104.3	7.14	1828.0
104.49	0.02	blink	n/a	n/a	n/a	n/a	n/a	n/a	n/a	n/a
104.574	0.286	fixation	n/a	160.4	117.4	4132.0	n/a	n/a	n/a	n/a
104.862	0.038	saccade	n/a	163.1	116.3	n/a	289.7	139.4	4.91	202.0
104.902	0.218	fixation	n/a	296.2	140.7	4170.0	n/a	n/a	n/a	n/a
105.122	0.038	saccade	n/a	297.3	143.2	n/a	145.1	123.3	5.86	254.0
105.162	0.132	fixation	n/a	139.5	122.8	4152.0	n/a	n/a	n/a	n/a
105.296	0.122	saccade	n/a	140.9	108.3	n/a	120.0	94.2	0.95	1755.0
105.34	0.01	blink	n/a	n/a	n/a	n/a	n/a	n/a	n/a	n/a
105.42	0.922	fixation	n/a	115.5	116.5	4137.0	n/a	n/a	n/a	n/a
106.344	0.024	saccade	n/a	124.3	118.4	n/a	183.6	124.9	2.24	127.0
106.37	0.25	fixation	n/a	191.0	128.3	4116.0	n/a	n/a	n/a	n/a
106.622	0.02	saccade	n/a	195.0	133.5	n/a	238.7	137.9	1.67	112.0
106.644	0.25	fixation	n/a	243.4	136.4	4028.0	n/a	n/a	n/a	n/a
106.896	0.026	saccade	n/a	245.0	135.7	n/a	309.2	138.5	2.46	133.0
106.924	0.194	fixation	n/a	316.9	139.9	3956.0	n/a	n/a	n/a	n/a
107.12	0.024	saccade	n/a	318.4	139.0	n/a	370.8	138.5	2.01	117.0
107.146	0.144	fixation	n/a	379.0	139.5	3972.0	n/a	n/a	n/a	n/a
107.292	0.036	saccade	n/a	382.2	138.1	n/a	489.0	133.7	4.1	184.0
107.33	0.21	fixation	n/a	491.2	133.2	3945.0	n/a	n/a	n/a	n/a
107.542	0.058	saccade	n/a	490.3	132.2	n/a	147.4	181.6	13.15	370.0
107.602	0.136	fixation	n/a	140.7	187.6	3938.0	n/a	n/a	n/a	n/a
107.74	0.132	saccade	n/a	138.6	187.2	n/a	490.6	127.5	13.58	1956.0
107.794	0.034	blink	n/a	n/a	n/a	n/a	n/a	n/a	n/a	n/a
107.874	0.146	fixation	n/a	490.9	141.0	3803.0	n/a	n/a	n/a	n/a
108.022	0.028	saccade	n/a	492.0	140.9	n/a	426.7	143.9	2.51	164.0
108.052	0.14	fixation	n/a	423.1	144.0	3925.0	n/a	n/a	n/a	n/a
108.194	0.022	saccade	n/a	421.8	143.5	n/a	384.8	140.5	1.43	107.0
108.218	0.226	fixation	n/a	384.3	139.2	4001.0	n/a	n/a	n/a	n/a
108.446	0.032	saccade	n/a	387.8	142.4	n/a	481.2	134.3	3.61	180.0
108.48	0.362	fixation	n/a	487.2	132.1	4036.0	n/a	n/a	n/a	n/a
108.844	0.17	saccade	n/a	484.9	140.1	n/a	99.3	180.6	14.72	2875.0
108.87	0.112	blink	n/a	n/a	n/a	n/a	n/a	n/a	n/a	n/a
109.016	0.394	fixation	n/a	102.3	200.6	4087.0	n/a	n/a	n/a	n/a
109.412	0.21	saccade	n/a	104.7	207.4	n/a	163.8	108.0	4.45	3270.0
109.504	0.054	blink	n/a	n/a	n/a	n/a	n/a	n/a	n/a	n/a
109.624	0.168	fixation	n/a	162.3	127.9	3746.0	n/a	n/a	n/a	n/a
109.794	0.026	saccade	n/a	163.0	131.8	n/a	225.4	134.7	2.38	140.0
109.822	0.168	fixation	n/a	231.9	131.9	3809.0	n/a	n/a	n/a	n/a
109.992	0.034	saccade	n/a	234.0	130.7	n/a	122.3	112.5	4.29	214.0
110.028	0.172	fixation	n/a	120.3	116.7	3817.0	n/a	n/a	n/a	n/a
110.202	0.05	saccade	n/a	120.9	117.3	n/a	328.5	139.0	7.94	248.0
110.254	0.202	fixation	n/a	335.4	140.6	3838.0	n/a	n/a	n/a	n/a
110.458	0.02	saccade	n/a	338.3	143.6	n/a	378.4	142.9	1.55	106.0
110.48	0.382	fixation	n/a	381.8	150.0	3953.0	n/a	n/a	n/a	n/a
110.562	0.0	trigger_11	11	n/a	n/a	n/a	n/a	n/a	n/a	n/a
110.666	0.0	trigger_10	10	n/a	n/a	n/a	n/a	n/a	n/a	n/a
110.864	0.132	saccade	n/a	382.7	155.1	n/a	139.6	95.5	9.54	1791.0
110.998	0.254	fixation	n/a	141.2	122.8	3914.0	n/a	n/a	n/a	n/a
111.254	0.018	saccade	n/a	140.8	128.9	n/a	115.6	131.5	0.95	74.0
111.274	0.13	fixation	n/a	117.8	132.8	3983.0	n/a	n/a	n/a	n/a
111.406	0.162	saccade	n/a	119.3	137.1	n/a	126.8	95.1	1.64	2032.0
111.476	0.016	blink	n/a	n/a	n/a	n/a	n/a	n/a	n/a	n/a
111.57	0.444	fixation	n/a	127.9	117.1	4022.0	n/a	n/a	n/a	n/a
112.016	0.024	saccade	n/a	133.6	119.9	n/a	191.3	130.5	2.23	136.0
112.042	0.39	fixation	n/a	199.4	131.3	4120.0	n/a	n/a	n/a	n/a
112.434	0.024	saccade	n/a	206.7	136.6	n/a	262.6	141.5	2.15	131.0
112.46	0.524	fixation	n/a	266.3	141.3	4046.0	n/a	n/a	n/a	n/a
112.986	0.02	saccade	n/a	266.2	138.7	n/a	301.6	136.9	1.36	91.0
113.008	0.148	fixation	n/a	302.5	139.3	3898.0	n/a	n/a	n/a	n/a
113.158	0.026	saccade	n/a	301.4	139.3	n/a	240.7	133.6	2.34	140.0
113.186	0.256	fixation	n/a	238.9	137.0	3835.0	n/a	n/a	n/a	n/a
113.444	0.036	saccade	n/a	241.6	142.4	n/a	314.4	124.7	2.89	152.0
113.482	0.078	fixation	n/a	307.9	110.7	3926.0	n/a	n/a	n/a	n/a
113.562	0.156	saccade	n/a	305.6	104.0	n/a	302.7	115.6	0.46	2374.0
113.614	0.032	blink	n/a	n/a	n/a	n/a	n/a	n/a	n/a	n/a
113.72	0.408	fixation	n/a	305.5	136.3	3885.0	n/a	n/a	n/a	n/a
114.13	0.03	saccade	n/a	309.3	139.7	n/a	385.6	141.8	2.95	146.0
114.162	0.672	fixation	n/a	380.2	145.0	3956.0	n/a	n/a	n/a	n/a
114.836	0.02	saccade	n/a	376.7	142.6	n/a	409.2	139.9	1.26	83.0
114.858	0.292	fixation	n/a	414.1	140.8	3936.0	n/a	n/a	n/a	n/a
115.152	0.028	saccade	n/a	418.8	142.1	n/a	493.2	134.9	2.88	143.0
115.182	0.18	fixation	n/a	500.5	131.0	3980.0	n/a	n/a	n/a	n/a
115.364	0.02	saccade	n/a	503.6	132.4	n/a	541.3	131.6	1.44	99.0
115.386	0.182	fixation	n/a	541.0	127.5	3927.0	n/a	n/a	n/a	n/a
115.57	0.024	saccade	n/a	540.2	127.7	n/a	488.9	127.4	1.96	129.0
115.596	0.286	fixation	n/a	487.8	128.7	3991.0	n/a	n/a	n/a	n/a
115.884	0.024	saccade	n/a	491.4	129.3	n/a	538.4	125.6	1.8	104.0
115.91	0.212	fixation	n/a	541.4	127.1	4092.0	n/a	n/a	n/a	n/a
116.124	0.13	saccade	n/a	539.5	126.4	n/a	560.9	96.1	1.42	1446.0
116.152	0.052	blink	n/a	n/a	n/a	n/a	n/a	n/a	n/a	n/a
116.256	0.268	fixation	n/a	558.3	121.9	4034.0	n/a	n/a	n/a	n/a
116.526	0.022	saccade	n/a	559.9	130.1	n/a	609.0	126.1	1.87	121.0
116.55	0.292	fixation	n/a	613.2	124.6	3930.0	n/a	n/a	n/a	n/a
116.844	0.02	saccade	n/a	616.0	124.7	n/a	646.2	121.8	1.13	78.0
116.866	0.072	fixation	n/a	644.3	123.0	3885.0	n/a	n/a	n/a	n/a
116.94	0.126	saccade	n/a	639.2	122.0	n/a	144.6	201.2	18.84	1708.0
116.972	0.036	blink	n/a	n/a	n/a	n/a	n/a	n/a	n/a	n/a
117.068	0.164	fixation	n/a	145.0	210.1	3802.0	n/a	n/a	n/a	n/a
117.234	0.014	saccade	n/a	140.4	208.9	n/a	122.5	204.9	0.69	58.0
117.25	0.172	fixation	n/a	124.6	204.1	3932.0	n/a	n/a	n/a	n/a
117.424	0.03	saccade	n/a	126.0	204.4	n/a	227.5	204.0	3.85	193.0
117.456	0.29	fixation	n/a	244.2	209.6	3919.0	n/a	n/a	n/a	n/a
117.748	0.132	saccade	n/a	242.3	207.3	n/a	337.1	190.1	3.71	3270.0
117.808	0.024	blink	n/a	n/a	n/a	n/a	n/a	n/a	n/a	n/a
117.882	0.224	fixation	n/a	337.9	206.6	3741.0	n/a	n/a	n/a	n/a
118.108	0.026	saccade	n/a	339.9	208.4	n/a	417.1	206.1	2.98	160.0
118.136	0.426	fixation	n/a	428.3	209.7	3785.0	n/a	n/a	n/a	n/a
118.564	0.04	saccade	n/a	430.4	214.8	n/a	567.0	202.7	5.26	213.0
118.606	0.202	fixation	n/a	572.4	203.3	3735.0	n/a	n/a	n/a	n/a
118.81	0.06	saccade	n/a	572.5	204.0	n/a	219.0	145.8	13.68	381.0
118.872	0.194	fixation	n/a	212.9	145.6	3835.0	n/a	n/a	n/a	n/a
119.068	0.02	saccade	n/a	209.1	144.0	n/a	177.6	131.1	1.3	94.0
119.09	0.124	fixation	n/a	177.3	130.7	3940.0	n/a	n/a	n/a	n/a
119.216	0.028	saccade	n/a	178.0	130.4	n/a	273.8	136.8	3.67	191.0
119.246	0.29	fixation	n/a	286.7	137.6	4110.0	n/a	n/a	n/a	n/a
119.538	0.02	saccade	n/a	288.3	140.1	n/a	327.5	143.3	1.52	105.0
119.56	0.14	fixation	n/a	331.2	144.9	4243.0	n/a	n/a	n/a	n/a
119.702	0.024	saccade	n/a	335.8	147.0	n/a	387.0	146.3	1.98	116.0
119.728	0.342	fixation	n/a	392.8	148.3	4282.0	n/a	n/a	n/a	n/a
120.072	0.04	saccade	n/a	394.6	148.7	n/a	526.7	129.4	5.11	210.0
120.114	0.302	fixation	n/a	532.6	134.3	4153.0	n/a	n/a	n/a	n/a
120.132	0.0	trigger_11	11	n/a	n/a	n/a	n/a	n/a	n/a	n/a
120.234	0.0	trigger_10	10	n/a	n/a	n/a	n/a	n/a	n/a	n/a
120.418	0.136	saccade	n/a	535.3	136.5	n/a	140.8	91.2	15.02	1879.0
120.556	0.172	fixation	n/a	140.3	116.4	4105.0	n/a	n/a	n/a	n/a
120.73	0.014	saccade	n/a	138.7	122.2	n/a	125.8	131.2	0.6	53.0
120.746	0.176	fixation	n/a	131.5	131.2	4220.0	n/a	n/a	n/a	n/a
120.924	0.032	saccade	n/a	132.0	128.9	n/a	243.4	143.2	4.26	191.0
120.958	0.172	fixation	n/a	251.9	146.4	4218.0	n/a	n/a	n/a	n/a
121.132	0.022	saccade	n/a	251.5	149.7	n/a	209.7	145.5	1.61	103.0
121.156	0.128	fixation	n/a	207.1	143.7	4219.0	n/a	n/a	n/a	n/a
121.286	0.022	saccade	n/a	205.5	144.4	n/a	159.2	136.1	1.79	114.0
121.31	0.23	fixation	n/a	158.7	137.0	4171.0	n/a	n/a	n/a	n/a
121.542	0.016	saccade	n/a	154.7	134.2	n/a	132.5	134.5	0.84	63.0
121.56	0.142	fixation	n/a	132.9	138.2	4157.0	n/a	n/a	n/a	n/a
121.704	0.036	saccade	n/a	134.5	143.1	n/a	262.4	131.0	4.89	202.0
121.742	0.068	fixation	n/a	268.9	141.9	4173.0	n/a	n/a	n/a	n/a
121.812	0.162	saccade	n/a	269.6	140.0	n/a	285.0	131.0	0.69	3270.0
121.854	0.03	blink	n/a	n/a	n/a	n/a	n/a	n/a	n/a	n/a
121.976	0.12	fixation	n/a	283.2	146.8	4023.0	n/a	n/a	n/a	n/a
122.098	0.02	saccade	n/a	280.8	143.0	n/a	245.3	139.2	1.37	96.0
122.12	0.206	fixation	n/a	247.4	141.5	4135.0	n/a	n/a	n/a	n/a
122.328	0.024	saccade	n/a	252.4	142.8	n/a	314.2	145.4	2.37	141.0
122.354	0.254	fixation	n/a	320.8	147.0	4096.0	n/a	n/a	n/a	n/a
122.61	0.028	saccade	n/a	321.2	147.1	n/a	397.0	145.3	2.92	153.0
122.64	0.1	fixation	n/a	402.2	145.3	4086.0	n/a	n/a	n/a	n/a
122.742	0.138	saccade	n/a	402.5	142.8	n/a	428.1	130.8	1.09	3270.0
122.796	0.038	blink	n/a	n/a	n/a	n/a	n/a	n/a	n/a	n/a
122.882	0.158	fixation	n/a	429.5	131.9	3982.0	n/a	n/a	n/a	n/a
123.042	0.014	saccade	n/a	427.2	134.7	n/a	408.6	139.1	0.74	64.0
123.058	0.136	fixation	n/a	412.3	140.9	4040.0	n/a	n/a	n/a	n/a
123.196	0.02	saccade	n/a	411.4	142.7	n/a	383.5	145.0	1.08	77.0
123.218	0.164	fixation	n/a	382.3	142.8	4093.0	n/a	n/a	n/a	n/a
123.384	0.026	saccade	n/a	386.9	146.2	n/a	442.5	142.4	2.15	142.0
123.412	0.176	fixation	n/a	444.2	141.6	4087.0	n/a	n/a	n/a	n/a
123.59	0.152	saccade	n/a	439.0	132.9	n/a	428.4	118.2	0.7	3270.0
123.636	0.062	blink	n/a	n/a	n/a	n/a	n/a	n/a	n/a	n/a
123.744	0.214	fixation	n/a	429.5	137.2	4077.0	n/a	n/a	n/a	n/a
123.96	0.028	saccade	n/a	430.2	135.4	n/a	502.5	129.8	2.78	164.0
123.99	0.208	fixation	n/a	507.8	130.7	4167.0	n/a	n/a	n/a	n/a
124.2	0.032	saccade	n/a	509.7	133.5	n/a	604.0	123.2	3.61	176.0
124.234	0.204	fixation	n/a	609.1	123.0	4066.0	n/a	n/a	n/a	n/a
124.44	0.164	saccade	n/a	608.9	116.7	n/a	608.2	100.9	0.61	2585.0
124.476	0.086	blink	n/a	n/a	n/a	n/a	n/a	n/a	n/a	n/a
124.606	0.424	fixation	n/a	616.5	115.9	3823.0	n/a	n/a	n/a	n/a
125.032	0.068	saccade	n/a	623.2	115.9	n/a	154.6	183.6	17.78	431.0
125.102	0.146	fixation	n/a	148.8	190.0	4166.0	n/a	n/a	n/a	n/a
125.25	0.02	saccade	n/a	144.7	189.5	n/a	107.5	188.4	1.4	100.0
125.272	0.276	fixation	n/a	109.3	193.6	4064.0	n/a	n/a	n/a	n/a
125.55	0.026	saccade	n/a	111.6	197.3	n/a	181.9	200.3	2.67	136.0
125.578	0.154	fixation	n/a	196.1	201.6	3836.0	n/a	n/a	n/a	n/a
125.734	0.132	saccade	n/a	197.4	202.4	n/a	173.8	169.9	1.55	2356.0
125.868	0.198	fixation	n/a	170.3	193.2	3597.0	n/a	n/a	n/a	n/a
126.068	0.028	saccade	n/a	171.4	198.8	n/a	247.4	208.5	2.94	160.0
126.098	0.708	fixation	n/a	257.8	209.2	3609.0	n/a	n/a	n/a	n/a
126.808	0.028	saccade	n/a	261.7	209.0	n/a	342.8	211.7	3.14	152.0
126.838	0.23	fixation	n/a	356.6	213.8	3541.0	n/a	n/a	n/a	n/a
127.07	0.028	saccade	n/a	361.1	214.1	n/a	441.9	203.6	3.15	156.0
127.1	0.168	fixation	n/a	451.7	203.1	3664.0	n/a	n/a	n/a	n/a
127.27	0.022	saccade	n/a	451.2	202.1	n/a	404.8	210.0	1.82	124.0
127.294	0.138	fixation	n/a	399.6	211.8	3771.0	n/a	n/a	n/a	n/a
127.434	0.02	saccade	n/a	396.0	212.4	n/a	366.8	210.1	1.14	75.0
127.456	0.228	fixation	n/a	364.2	212.8	3765.0	n/a	n/a	n/a	n/a
127.686	0.03	saccade	n/a	364.3	214.6	n/a	445.2	210.3	3.14	166.0
127.718	0.204	fixation	n/a	448.5	210.7	3778.0	n/a	n/a	n/a	n/a
127.924	0.136	saccade	n/a	448.2	210.1	n/a	510.0	183.8	2.6	3270.0
127.952	0.008	blink	n/a	n/a	n/a	n/a	n/a	n/a	n/a	n/a
128.062	0.356	fixation	n/a	513.7	199.6	3875.0	n/a	n/a	n/a	n/a
128.42	0.026	saccade	n/a	515.2	199.5	n/a	575.0	195.6	2.29	133.0
128.448	0.2	fixation	n/a	579.5	198.7	3839.0	n/a	n/a	n/a	n/a
128.65	0.018	saccade	n/a	579.9	198.6	n/a	551.4	200.8	1.09	83.0
128.67	0.226	fixation	n/a	553.5	202.7	3749.0	n/a	n/a	n/a	n/a
128.898	0.026	saccade	n/a	556.3	204.6	n/a	608.8	194.9	2.03	137.0
128.926	0.06	fixation	n/a	609.5	196.1	3752.0	n/a	n/a	n/a	n/a
128.988	0.146	saccade	n/a	609.4	195.4	n/a	127.1	247.0	18.31	1954.0
129.136	0.318	fixation	n/a	128.9	273.5	3762.0	n/a	n/a	n/a	n/a
129.456	0.142	saccade	n/a	128.7	262.2	n/a	328.1	188.8	8.15	3099.0
129.502	0.014	blink	n/a	n/a	n/a	n/a	n/a	n/a	n/a	n/a
129.6	0.23	fixation	n/a	330.4	207.2	3630.0	n/a	n/a	n/a	n/a
129.832	0.036	saccade	n/a	332.8	208.4	n/a	448.7	207.8	4.48	172.0
129.87	0.34	fixation	n/a	460.5	207.7	3841.0	n/a	n/a	n/a	n/a
129.94	0.0	trigger_11	11	n/a	n/a	n/a	n/a	n/a	n/a	n/a
130.046	0.0	trigger_10	10	n/a	n/a	n/a	n/a	n/a	n/a	n/a
130.212	0.05	saccade	n/a	461.1	209.1	n/a	212.6	130.7	10.04	321.0
130.264	0.132	fixation	n/a	209.6	131.4	3952.0	n/a	n/a	n/a	n/a
130.398	0.026	saccade	n/a	210.2	133.2	n/a	143.1	127.1	2.56	147.0
130.426	0.338	fixation	n/a	138.9	131.0	3960.0	n/a	n/a	n/a	n/a
130.766	0.03	saccade	n/a	141.2	135.6	n/a	224.2	141.3	3.18	147.0
130.798	0.204	fixation	n/a	232.9	141.6	4032.0	n/a	n/a	n/a	n/a
131.004	0.028	saccade	n/a	232.6	141.6	n/a	163.0	131.4	2.68	160.0
131.034	0.206	fixation	n/a	161.5	132.8	4069.0	n/a	n/a	n/a	n/a
131.242	0.028	saccade	n/a	166.0	136.6	n/a	248.5	142.9	3.16	159.0
131.272	0.178	fixation	n/a	258.9	145.4	4083.0	n/a	n/a	n/a	n/a
131.452	0.024	saccade	n/a	263.2	147.0	n/a	323.7	148.3	2.34	136.0
131.478	0.244	fixation	n/a	333.0	151.0	4097.0	n/a	n/a	n/a	n/a
131.724	0.022	saccade	n/a	333.9	150.3	n/a	379.2	153.0	1.76	115.0
131.748	0.072	fixation	n/a	382.0	153.3	3968.0	n/a	n/a	n/a	n/a
131.822	0.028	saccade	n/a	384.6	152.7	n/a	453.4	147.1	2.67	163.0
131.852	0.184	fixation	n/a	457.7	145.8	3907.0	n/a	n/a	n/a	n/a
132.038	0.014	saccade	n/a	455.4	146.1	n/a	439.2	147.2	0.63	54.0
132.054	0.19	fixation	n/a	440.7	149.3	3963.0	n/a	n/a	n/a	n/a
132.246	0.024	saccade	n/a	443.2	150.2	n/a	495.2	145.1	2.01	124.0
132.272	0.184	fixation	n/a	497.5	146.8	4042.0	n/a	n/a	n/a	n/a
132.458	0.114	saccade	n/a	494.2	148.7	n/a	487.7	138.1	0.48	912.0
132.49	0.028	blink	n/a	n/a	n/a	n/a	n/a	n/a	n/a	n/a
132.574	0.2	fixation	n/a	489.4	142.3	4063.0	n/a	n/a	n/a	n/a
132.776	0.014	saccade	n/a	494.8	143.8	n/a	512.7	146.7	0.7	60.0
132.792	0.468	fixation	n/a	510.9	146.5	4203.0	n/a	n/a	n/a	n/a
132.988	0.0	trigger_11	11	n/a	n/a	n/a	n/a	n/a	n/a	n/a
133.092	0.0	trigger_10	10	n/a	n/a	n/a	n/a	n/a	n/a	n/a
133.262	0.052	saccade	n/a	510.3	141.8	n/a	219.7	166.8	11.18	369.0
133.316	0.05	fixation	n/a	213.4	170.5	4197.0	n/a	n/a	n/a	n/a
133.368	0.142	saccade	n/a	212.3	172.2	n/a	133.4	112.6	3.79	1915.0
133.412	0.01	blink	n/a	n/a	n/a	n/a	n/a	n/a	n/a	n/a
133.512	0.198	fixation	n/a	133.6	134.3	4007.0	n/a	n/a	n/a	n/a
133.712	0.148	saccade	n/a	132.8	119.1	n/a	107.9	102.1	1.14	1658.0
133.862	0.54	fixation	n/a	108.4	128.5	3951.0	n/a	n/a	n/a	n/a
134.404	0.024	saccade	n/a	111.0	128.5	n/a	164.5	132.9	2.03	125.0
134.43	0.364	fixation	n/a	168.8	128.5	3889.0	n/a	n/a	n/a	n/a
134.796	0.018	saccade	n/a	170.8	129.1	n/a	143.8	126.1	1.03	74.0
134.816	0.316	fixation	n/a	142.9	129.5	3971.0	n/a	n/a	n/a	n/a
135.134	0.016	saccade	n/a	147.3	134.9	n/a	170.6	133.7	0.89	66.0
135.152	0.266	fixation	n/a	175.4	138.6	3947.0	n/a	n/a	n/a	n/a
135.42	0.024	saccade	n/a	180.7	141.3	n/a	239.4	146.7	2.26	131.0
135.446	0.178	fixation	n/a	249.8	149.5	3988.0	n/a	n/a	n/a	n/a
135.626	0.14	saccade	n/a	250.0	134.6	n/a	298.3	128.1	1.89	3270.0
135.66	0.004	blink	n/a	n/a	n/a	n/a	n/a	n/a	n/a	n/a
135.768	0.262	fixation	n/a	294.5	142.5	3977.0	n/a	n/a	n/a	n/a
136.032	0.02	saccade	n/a	292.4	138.1	n/a	258.0	140.6	1.33	91.0
136.054	0.292	fixation	n/a	256.0	145.5	3950.0	n/a	n/a	n/a	n/a
136.348	0.04	saccade	n/a	254.9	145.6	n/a	109.6	127.9	5.59	238.0
136.39	0.212	fixation	n/a	110.8	134.5	3878.0	n/a	n/a	n/a	n/a
136.604	0.046	saccade	n/a	111.5	135.2	n/a	281.5	145.1	6.51	231.0
136.652	0.156	fixation	n/a	289.2	142.8	3948.0	n/a	n/a	n/a	n/a
136.81	0.016	saccade	n/a	287.4	140.6	n/a	265.6	144.2	0.85	68.0
136.828	0.78	fixation	n/a	265.0	143.7	3996.0	n/a	n/a	n/a	n/a
137.61	0.026	saccade	n/a	267.2	146.3	n/a	330.3	142.6	2.45	130.0
137.638	0.238	fixation	n/a	340.9	144.9	4117.0	n/a	n/a	n/a	n/a
137.878	0.03	saccade	n/a	343.8	148.1	n/a	426.9	145.1	3.22	153.0
137.91	0.2	fixation	n/a	437.6	148.9	4246.0	n/a	n/a	n/a	n/a
138.112	0.02	saccade	n/a	437.6	151.5	n/a	407.2	155.0	1.19	80.0
138.134	0.152	fixation	n/a	404.3	155.9	4356.0	n/a	n/a	n/a	n/a
138.288	0.038	saccade	n/a	405.1	156.8	n/a	527.4	150.1	4.76	210.0
138.328	0.194	fixation	n/a	531.3	148.4	4355.0	n/a	n/a	n/a	n/a
138.524	0.058	saccade	n/a	530.3	149.4	n/a	155.1	203.5	14.56	398.0
138.584	0.178	fixation	n/a	149.9	208.2	4223.0	n/a	n/a	n/a	n/a
138.764	0.016	saccade	n/a	147.3	208.0	n/a	124.1	208.8	0.88	69.0
138.782	0.22	fixation	n/a	123.6	208.8	4125.0	n/a	n/a	n/a	n/a
139.004	0.14	saccade	n/a	125.5	196.1	n/a	194.0	189.1	2.63	3245.0
139.146	0.202	fixation	n/a	196.0	209.7	4097.0	n/a	n/a	n/a	n/a
139.35	0.026	saccade	n/a	200.6	212.9	n/a	269.2	216.5	2.67	157.0
139.378	0.152	fixation	n/a	276.8	217.7	4159.0	n/a	n/a	n/a	n/a
139.532	0.146	saccade	n/a	278.6	201.8	n/a	280.1	193.3	0.34	3270.0
139.602	0.022	blink	n/a	n/a	n/a	n/a	n/a	n/a	n/a	n/a
139.68	0.238	fixation	n/a	279.4	213.1	3985.0	n/a	n/a	n/a	n/a
139.828	0.0	trigger_11	11	n/a	n/a	n/a	n/a	n/a	n/a	n/a
139.92	0.02	saccade	n/a	277.7	212.2	n/a	238.5	214.0	1.53	105.0
139.932	0.0	trigger_10	10	n/a	n/a	n/a	n/a	n/a	n/a	n/a
139.942	0.206	fixation	n/a	235.7	212.1	4039.0	n/a	n/a	n/a	n/a
140.15	0.032	saccade	n/a	235.4	213.9	n/a	143.6	156.3	4.19	209.0
140.184	0.156	fixation	n/a	143.5	159.2	3927.0	n/a	n/a	n/a	n/a
140.342	0.018	saccade	n/a	143.1	158.7	n/a	133.6	139.9	0.81	61.0
140.362	0.096	fixation	n/a	134.6	141.9	3880.0	n/a	n/a	n/a	n/a
140.46	0.142	saccade	n/a	134.9	135.1	n/a	218.6	112.8	3.3	3270.0
140.604	0.456	fixation	n/a	222.2	126.5	3801.0	n/a	n/a	n/a	n/a
141.062	0.024	saccade	n/a	225.2	125.7	n/a	281.6	131.8	2.18	127.0
141.088	0.236	fixation	n/a	294.7	130.3	3838.0	n/a	n/a	n/a	n/a
141.326	0.014	saccade	n/a	291.2	128.9	n/a	274.7	126.9	0.64	55.0
141.342	0.188	fixation	n/a	277.1	133.2	3855.0	n/a	n/a	n/a	n/a
141.532	0.036	saccade	n/a	278.7	134.4	n/a	381.7	138.6	3.99	178.0
141.57	0.252	fixation	n/a	384.7	139.2	3898.0	n/a	n/a	n/a	n/a
141.824	0.028	saccade	n/a	385.1	139.4	n/a	458.5	135.1	2.83	157.0
141.854	0.28	fixation	n/a	465.8	137.6	3887.0	n/a	n/a	n/a	n/a
142.136	0.016	saccade	n/a	471.5	138.4	n/a	491.3	138.9	0.76	61.0
142.154	0.084	fixation	n/a	488.7	138.0	3944.0	n/a	n/a	n/a	n/a
142.24	0.12	saccade	n/a	484.4	137.9	n/a	460.7	126.1	1.02	1622.0
142.276	0.024	blink	n/a	n/a	n/a	n/a	n/a	n/a	n/a	n/a
142.362	0.224	fixation	n/a	463.3	139.6	3923.0	n/a	n/a	n/a	n/a
142.588	0.054	saccade	n/a	463.9	135.7	n/a	179.0	194.5	11.18	357.0
142.644	0.132	fixation	n/a	171.7	199.0	4033.0	n/a	n/a	n/a	n/a
142.778	0.02	saccade	n/a	169.0	199.3	n/a	136.2	198.8	1.25	90.0
142.8	0.256	fixation	n/a	132.3	197.6	4007.0	n/a	n/a	n/a	n/a
143.058	0.016	saccade	n/a	133.4	197.9	n/a	153.0	198.0	0.74	58.0
143.076	0.374	fixation	n/a	156.7	200.0	3739.0	n/a	n/a	n/a	n/a
143.452	0.038	saccade	n/a	159.2	200.9	n/a	288.6	207.0	4.97	217.0
143.492	0.472	fixation	n/a	297.5	205.5	3583.0	n/a	n/a	n/a	n/a
143.966	0.132	saccade	n/a	299.5	202.5	n/a	293.3	180.8	0.89	1890.0
143.994	0.054	blink	n/a	n/a	n/a	n/a	n/a	n/a	n/a	n/a
144.1	0.278	fixation	n/a	295.7	201.8	3587.0	n/a	n/a	n/a	n/a
144.38	0.022	saccade	n/a	297.9	202.3	n/a	285.0	152.8	2.01	133.0
144.404	0.072	fixation	n/a	284.3	150.6	3725.0	n/a	n/a	n/a	n/a
144.478	0.024	saccade	n/a	284.8	152.6	n/a	236.4	137.5	1.96	114.0
144.504	0.162	fixation	n/a	232.0	141.0	3750.0	n/a	n/a	n/a	n/a
144.646	0.0	trigger_11	11	n/a	n/a	n/a	n/a	n/a	n/a	n/a
144.668	0.024	saccade	n/a	223.2	149.0	n/a	152.2	144.4	2.72	148.0
144.694	0.074	fixation	n/a	146.2	169.7	3683.0	n/a	n/a	n/a	n/a
144.75	0.0	trigger_10	10	n/a	n/a	n/a	n/a	n/a	n/a	n/a
144.77	0.058	saccade	n/a	143.9	200.8	n/a	143.9	200.8	0.0	2.0
144.78	0.034	blink	n/a	n/a	n/a	n/a	n/a	n/a	n/a	n/a
144.83	0.192	fixation	n/a	143.4	198.1	3623.0	n/a	n/a	n/a	n/a
145.024	0.188	saccade	n/a	131.5	185.5	n/a	177.2	110.1	3.4	2970.0
145.086	0.02	blink	n/a	n/a	n/a	n/a	n/a	n/a	n/a	n/a
145.214	0.162	fixation	n/a	175.2	122.4	3467.0	n/a	n/a	n/a	n/a
145.378	0.016	saccade	n/a	171.6	129.9	n/a	146.2	128.3	0.97	73.0
145.396	0.234	fixation	n/a	144.0	132.4	3516.0	n/a	n/a	n/a	n/a
145.632	0.028	saccade	n/a	142.5	130.7	n/a	220.2	135.2	2.96	148.0
145.662	0.406	fixation	n/a	233.8	134.2	3452.0	n/a	n/a	n/a	n/a
146.07	0.038	saccade	n/a	238.8	133.4	n/a	353.8	140.4	4.44	180.0
146.11	0.218	fixation	n/a	360.1	144.4	3437.0	n/a	n/a	n/a	n/a
146.33	0.018	saccade	n/a	360.7	146.8	n/a	336.0	146.6	0.96	69.0
146.35	0.342	fixation	n/a	336.7	146.4	3599.0	n/a	n/a	n/a	n/a
146.694	0.022	saccade	n/a	341.3	147.4	n/a	383.9	144.4	1.65	107.0
146.718	0.144	fixation	n/a	388.8	146.3	3684.0	n/a	n/a	n/a	n/a
146.864	0.026	saccade	n/a	391.2	146.3	n/a	450.7	140.0	2.31	120.0
146.892	0.08	fixation	n/a	453.9	140.1	3686.0	n/a	n/a	n/a	n/a
146.974	0.156	saccade	n/a	451.2	141.9	n/a	449.1	120.7	0.83	3270.0
147.064	0.01	blink	n/a	n/a	n/a	n/a	n/a	n/a	n/a	n/a
147.132	0.336	fixation	n/a	450.4	140.6	3755.0	n/a	n/a	n/a	n/a
147.428	0.0	trigger_11	11	n/a	n/a	n/a	n/a	n/a	n/a	n/a
147.47	0.03	saccade	n/a	451.1	139.9	n/a	529.6	140.1	3.02	166.0
147.502	0.574	fixation	n/a	538.1	143.4	3888.0	n/a	n/a	n/a	n/a
147.532	0.0	trigger_10	10	n/a	n/a	n/a	n/a	n/a	n/a	n/a
148.078	0.046	saccade	n/a	542.4	140.3	n/a	389.3	136.9	5.88	221.0
148.126	0.124	fixation	n/a	387.5	140.4	4070.0	n/a	n/a	n/a	n/a
148.252	0.05	saccade	n/a	386.9	142.7	n/a	149.5	132.0	9.11	323.0
148.304	0.298	fixation	n/a	144.1	138.9	4198.0	n/a	n/a	n/a	n/a
148.604	0.018	saccade	n/a	146.9	140.1	n/a	175.5	136.2	1.09	84.0
148.624	0.604	fixation	n/a	177.2	143.3	4477.0	n/a	n/a	n/a	n/a
149.23	0.02	saccade	n/a	185.2	146.8	n/a	223.4	135.1	1.53	102.0
149.252	0.134	fixation	n/a	227.3	134.6	4453.0	n/a	n/a	n/a	n/a
149.388	0.032	saccade	n/a	227.3	133.7	n/a	143.8	125.5	3.2	173.0
149.422	0.042	fixation	n/a	141.4	125.2	4491.0	n/a	n/a	n/a	n/a
149.466	0.136	saccade	n/a	139.5	121.5	n/a	155.2	114.8	0.65	3270.0
149.53	0.006	blink	n/a	n/a	n/a	n/a	n/a	n/a	n/a	n/a
149.604	0.468	fixation	n/a	151.2	130.0	4545.0	n/a	n/a	n/a	n/a
150.074	0.016	saccade	n/a	152.8	135.6	n/a	132.6	128.9	0.8	63.0
150.092	0.138	fixation	n/a	136.7	129.0	4532.0	n/a	n/a	n/a	n/a
150.232	0.146	saccade	n/a	138.2	130.0	n/a	177.0	109.0	1.68	2259.0
150.276	0.034	blink	n/a	n/a	n/a	n/a	n/a	n/a	n/a	n/a
150.38	0.238	fixation	n/a	176.4	133.5	4491.0	n/a	n/a	n/a	n/a
150.62	0.016	saccade	n/a	172.1	131.6	n/a	152.5	127.6	0.76	59.0
150.638	0.238	fixation	n/a	153.0	124.8	4426.0	n/a	n/a	n/a	n/a
150.878	0.014	saccade	n/a	149.6	126.9	n/a	134.5	122.2	0.6	53.0
150.894	0.378	fixation	n/a	138.6	123.2	4277.0	n/a	n/a	n/a	n/a
151.274	0.02	saccade	n/a	140.8	119.7	n/a	173.1	122.4	1.22	85.0
151.296	0.23	fixation	n/a	178.7	126.8	4356.0	n/a	n/a	n/a	n/a
151.528	0.136	saccade	n/a	181.6	114.7	n/a	179.2	107.7	0.29	2185.0
151.566	0.04	blink	n/a	n/a	n/a	n/a	n/a	n/a	n/a	n/a
151.666	0.626	fixation	n/a	177.0	130.3	4406.0	n/a	n/a	n/a	n/a
152.294	0.022	saccade	n/a	177.4	134.1	n/a	220.4	134.0	1.64	109.0
152.318	0.23	fixation	n/a	223.3	134.4	4195.0	n/a	n/a	n/a	n/a
152.55	0.024	saccade	n/a	227.4	133.3	n/a	274.9	142.8	1.86	108.0
152.576	0.57	fixation	n/a	287.6	146.3	4224.0	n/a	n/a	n/a	n/a
153.148	0.018	saccade	n/a	293.4	147.6	n/a	321.8	146.1	1.1	79.0
153.168	0.196	fixation	n/a	324.6	146.5	4208.0	n/a	n/a	n/a	n/a
153.366	0.014	saccade	n/a	323.0	150.1	n/a	304.5	150.9	0.71	66.0
153.382	0.23	fixation	n/a	306.4	150.1	4232.0	n/a	n/a	n/a	n/a
153.614	0.026	saccade	n/a	309.9	153.0	n/a	369.9	147.3	2.33	127.0
153.642	0.202	fixation	n/a	376.8	147.8	4265.0	n/a	n/a	n/a	n/a
153.846	0.024	saccade	n/a	376.6	148.8	n/a	326.3	148.4	1.94	126.0
153.872	0.182	fixation	n/a	326.1	151.6	4256.0	n/a	n/a	n/a	n/a
154.056	0.024	saccade	n/a	328.4	152.6	n/a	389.5	146.3	2.38	137.0
154.082	0.42	fixation	n/a	397.2	149.6	4089.0	n/a	n/a	n/a	n/a
154.504	0.014	saccade	n/a	394.2	150.9	n/a	378.0	149.6	0.63	54.0
154.52	0.38	fixation	n/a	378.6	149.4	3960.0	n/a	n/a	n/a	n/a
154.902	0.034	saccade	n/a	381.4	150.9	n/a	473.8	141.3	3.58	166.0
154.938	0.294	fixation	n/a	479.3	142.4	4101.0	n/a	n/a	n/a	n/a
155.234	0.028	saccade	n/a	483.7	142.6	n/a	547.4	134.5	2.46	144.0
155.264	0.112	fixation	n/a	547.5	136.2	4173.0	n/a	n/a	n/a	n/a
155.378	0.134	saccade	n/a	544.4	135.8	n/a	547.2	110.2	1.0	3270.0
155.43	0.04	blink	n/a	n/a	n/a	n/a	n/a	n/a	n/a	n/a
155.514	0.286	fixation	n/a	546.7	126.3	4165.0	n/a	n/a	n/a	n/a
155.802	0.026	saccade	n/a	549.9	120.1	n/a	606.6	114.6	2.15	128.0
155.83	0.11	fixation	n/a	608.0	117.5	4305.0	n/a	n/a	n/a	n/a
155.942	0.064	saccade	n/a	608.4	119.7	n/a	176.5	185.6	16.53	458.0
156.008	0.12	fixation	n/a	167.1	191.4	4250.0	n/a	n/a	n/a	n/a
156.13	0.024	saccade	n/a	164.5	193.0	n/a	119.6	195.4	1.7	116.0
156.156	0.238	fixation	n/a	120.2	197.9	4162.0	n/a	n/a	n/a	n/a
156.396	0.036	saccade	n/a	122.2	199.4	n/a	242.8	206.0	4.6	202.0
156.434	0.294	fixation	n/a	243.8	204.7	3944.0	n/a	n/a	n/a	n/a
156.73	0.118	saccade	n/a	241.9	196.8	n/a	269.5	195.5	1.06	3002.0
156.776	0.016	blink	n/a	n/a	n/a	n/a	n/a	n/a	n/a	n/a
156.85	0.1	fixation	n/a	268.7	211.1	3701.0	n/a	n/a	n/a	n/a
156.952	0.028	saccade	n/a	263.5	214.1	n/a	180.6	207.1	3.19	176.0
156.982	0.288	fixation	n/a	179.4	210.7	3646.0	n/a	n/a	n/a	n/a
157.272	0.026	saccade	n/a	185.9	210.7	n/a	268.3	212.2	3.16	167.0
157.3	0.21	fixation	n/a	279.0	211.2	3746.0	n/a	n/a	n/a	n/a
157.512	0.016	saccade	n/a	281.0	214.6	n/a	259.1	212.3	0.85	65.0
157.53	0.45	fixation	n/a	258.9	212.1	3725.0	n/a	n/a	n/a	n/a
157.982	0.02	saccade	n/a	263.0	215.6	n/a	300.4	218.3	1.45	98.0
158.004	0.478	fixation	n/a	304.3	221.3	3731.0	n/a	n/a	n/a	n/a
158.182	0.0	trigger_11	11	n/a	n/a	n/a	n/a	n/a	n/a	n/a
158.31	0.0	trigger_10	10	n/a	n/a	n/a	n/a	n/a	n/a	n/a
158.484	0.224	saccade	n/a	303.4	218.4	n/a	146.4	94.6	7.68	2613.0
158.578	0.086	blink	n/a	n/a	n/a	n/a	n/a	n/a	n/a	n/a
158.71	0.276	fixation	n/a	151.5	122.9	3743.0	n/a	n/a	n/a	n/a
158.988	0.186	saccade	n/a	154.0	107.2	n/a	155.7	101.0	0.25	3270.0
159.018	0.1	blink	n/a	n/a	n/a	n/a	n/a	n/a	n/a	n/a
159.176	0.368	fixation	n/a	152.5	122.7	3946.0	n/a	n/a	n/a	n/a
159.546	0.026	saccade	n/a	152.9	125.4	n/a	210.7	139.7	2.27	143.0
159.574	0.448	fixation	n/a	214.1	138.6	3848.0	n/a	n/a	n/a	n/a
160.024	0.028	saccade	n/a	216.2	133.9	n/a	288.0	134.0	2.75	138.0
160.054	0.242	fixation	n/a	299.4	139.2	3845.0	n/a	n/a	n/a	n/a
160.298	0.024	saccade	n/a	304.6	143.0	n/a	365.2	143.9	2.34	125.0
160.324	0.294	fixation	n/a	371.1	147.4	3927.0	n/a	n/a	n/a	n/a
160.62	0.024	saccade	n/a	374.5	148.2	n/a	428.2	140.2	2.1	113.0
160.646	0.156	fixation	n/a	436.2	142.4	3873.0	n/a	n/a	n/a	n/a
160.804	0.018	saccade	n/a	434.9	146.6	n/a	405.7	148.0	1.13	83.0
160.824	0.194	fixation	n/a	404.1	148.2	3799.0	n/a	n/a	n/a	n/a
161.02	0.026	saccade	n/a	402.8	149.1	n/a	339.2	142.4	2.47	143.0
161.048	0.17	fixation	n/a	334.8	146.1	3825.0	n/a	n/a	n/a	n/a
161.22	0.034	saccade	n/a	336.9	147.7	n/a	436.0	144.7	3.83	169.0
161.256	0.272	fixation	n/a	444.7	144.3	3919.0	n/a	n/a	n/a	n/a
161.53	0.026	saccade	n/a	452.0	145.2	n/a	524.3	139.1	2.79	147.0
161.558	0.362	fixation	n/a	527.3	137.6	3926.0	n/a	n/a	n/a	n/a
161.922	0.02	saccade	n/a	523.4	138.9	n/a	558.2	133.9	1.34	93.0
161.944	0.138	fixation	n/a	558.4	137.1	3875.0	n/a	n/a	n/a	n/a
162.084	0.134	saccade	n/a	554.6	141.9	n/a	124.9	175.7	16.33	2012.0
162.11	0.062	blink	n/a	n/a	n/a	n/a	n/a	n/a	n/a	n/a
162.22	0.266	fixation	n/a	128.3	197.1	3880.0	n/a	n/a	n/a	n/a
162.488	0.028	saccade	n/a	134.2	197.9	n/a	207.1	209.7	2.81	163.0
162.518	0.222	fixation	n/a	211.3	207.1	3882.0	n/a	n/a	n/a	n/a
162.742	0.146	saccade	n/a	213.5	210.0	n/a	241.6	182.3	1.53	1911.0
162.786	0.05	blink	n/a	n/a	n/a	n/a	n/a	n/a	n/a	n/a
162.89	0.218	fixation	n/a	238.3	202.3	3673.0	n/a	n/a	n/a	n/a
163.11	0.036	saccade	n/a	241.7	207.8	n/a	353.0	213.0	4.3	196.0
163.148	0.316	fixation	n/a	359.7	213.0	3710.0	n/a	n/a	n/a	n/a
163.466	0.018	saccade	n/a	362.2	214.4	n/a	362.2	182.3	1.26	93.0
163.486	0.1	fixation	n/a	365.1	180.9	3712.0	n/a	n/a	n/a	n/a
163.588	0.024	saccade	n/a	365.3	181.5	n/a	317.2	157.6	2.08	123.0
163.614	0.126	fixation	n/a	312.0	158.1	3737.0	n/a	n/a	n/a	n/a
163.742	0.04	saccade	n/a	310.2	157.2	n/a	164.1	129.7	5.69	232.0
163.784	0.148	fixation	n/a	159.8	131.9	3756.0	n/a	n/a	n/a	n/a
163.934	0.052	saccade	n/a	161.4	134.9	n/a	419.4	134.2	9.85	298.0
163.988	0.208	fixation	n/a	427.9	132.0	3887.0	n/a	n/a	n/a	n/a
164.198	0.016	saccade	n/a	430.8	134.9	n/a	448.6	143.6	0.76	62.0
164.216	0.128	fixation	n/a	448.2	144.3	3905.0	n/a	n/a	n/a	n/a
164.346	0.116	saccade	n/a	449.9	134.7	n/a	362.6	193.1	4.07	538.0
164.464	0.298	fixation	n/a	364.5	207.8	3888.0	n/a	n/a	n/a	n/a
164.764	0.028	saccade	n/a	369.0	208.1	n/a	453.2	212.2	3.25	168.0
164.794	0.28	fixation	n/a	462.9	215.6	3947.0	n/a	n/a	n/a	n/a
165.076	0.04	saccade	n/a	466.8	216.9	n/a	598.9	202.9	5.06	203.0
165.118	0.298	fixation	n/a	605.2	204.5	3728.0	n/a	n/a	n/a	n/a
165.418	0.126	saccade	n/a	605.5	204.3	n/a	98.5	263.0	19.19	2172.0
165.476	0.02	blink	n/a	n/a	n/a	n/a	n/a	n/a	n/a	n/a
165.546	0.196	fixation	n/a	102.9	274.2	3822.0	n/a	n/a	n/a	n/a
165.744	0.034	saccade	n/a	102.7	272.0	n/a	154.9	156.9	4.86	267.0
165.78	0.182	fixation	n/a	171.4	154.9	3919.0	n/a	n/a	n/a	n/a
165.964	0.024	saccade	n/a	173.0	156.2	n/a	216.8	145.8	1.71	99.0
165.99	0.254	fixation	n/a	236.7	147.1	3946.0	n/a	n/a	n/a	n/a
166.246	0.028	saccade	n/a	240.4	148.0	n/a	311.6	134.8	2.77	156.0
166.276	0.27	fixation	n/a	317.6	133.5	3975.0	n/a	n/a	n/a	n/a
166.548	0.032	saccade	n/a	322.7	133.3	n/a	426.3	134.9	3.97	182.0
166.582	0.31	fixation	n/a	437.1	136.7	3962.0	n/a	n/a	n/a	n/a
166.894	0.026	saccade	n/a	440.5	140.7	n/a	510.1	140.4	2.67	150.0
166.922	0.108	fixation	n/a	513.7	138.8	4004.0	n/a	n/a	n/a	n/a
167.032	0.052	saccade	n/a	512.9	138.1	n/a	213.3	187.0	11.61	389.0
167.086	0.37	fixation	n/a	202.7	194.9	3956.0	n/a	n/a	n/a	n/a
167.184	0.0	trigger_11	11	n/a	n/a	n/a	n/a	n/a	n/a	n/a
167.286	0.0	trigger_10	10	n/a	n/a	n/a	n/a	n/a	n/a	n/a
167.458	0.028	saccade	n/a	204.3	198.6	n/a	154.7	141.5	2.92	178.0
167.488	0.144	fixation	n/a	149.4	134.6	3975.0	n/a	n/a	n/a	n/a
167.634	0.11	saccade	n/a	150.7	116.4	n/a	170.8	108.8	0.81	1586.0
167.746	0.152	fixation	n/a	166.1	119.3	3928.0	n/a	n/a	n/a	n/a
167.9	0.028	saccade	n/a	169.5	123.1	n/a	245.5	132.7	2.92	152.0
167.93	0.34	fixation	n/a	255.2	133.5	3934.0	n/a	n/a	n/a	n/a
168.272	0.02	saccade	n/a	251.8	131.4	n/a	219.7	125.4	1.24	84.0
168.294	0.08	fixation	n/a	216.8	128.0	3905.0	n/a	n/a	n/a	n/a
168.376	0.042	saccade	n/a	219.7	130.6	n/a	360.4	143.8	5.43	209.0
168.42	0.288	fixation	n/a	365.5	144.2	3850.0	n/a	n/a	n/a	n/a
168.71	0.032	saccade	n/a	367.4	140.8	n/a	462.4	139.4	3.65	170.0
168.744	0.246	fixation	n/a	468.7	142.9	3937.0	n/a	n/a	n/a	n/a
168.992	0.024	saccade	n/a	472.0	148.0	n/a	528.7	142.7	2.18	125.0
169.018	0.108	fixation	n/a	536.4	142.4	3901.0	n/a	n/a	n/a	n/a
169.128	0.142	saccade	n/a	535.5	147.2	n/a	132.6	100.3	15.37	2685.0
169.166	0.062	blink	n/a	n/a	n/a	n/a	n/a	n/a	n/a	n/a
169.272	1.014	fixation	n/a	128.1	122.2	3931.0	n/a	n/a	n/a	n/a
170.288	0.02	saccade	n/a	130.8	127.0	n/a	169.0	136.9	1.49	102.0
170.31	0.304	fixation	n/a	174.5	140.9	3860.0	n/a	n/a	n/a	n/a
170.328	0.0	trigger_11	11	n/a	n/a	n/a	n/a	n/a	n/a	n/a
170.434	0.0	trigger_10	10	n/a	n/a	n/a	n/a	n/a	n/a	n/a
170.616	0.02	saccade	n/a	176.8	142.6	n/a	138.8	130.1	1.51	106.0
170.638	0.184	fixation	n/a	139.8	130.2	3980.0	n/a	n/a	n/a	n/a
170.824	0.162	saccade	n/a	141.0	131.1	n/a	129.3	98.5	1.32	3270.0
170.912	0.0	blink	n/a	n/a	n/a	n/a	n/a	n/a	n/a	n/a
170.988	0.182	fixation	n/a	128.3	116.2	4059.0	n/a	n/a	n/a	n/a
171.172	0.024	saccade	n/a	131.6	119.9	n/a	189.2	128.1	2.2	139.0
171.198	0.234	fixation	n/a	194.0	132.4	4168.0	n/a	n/a	n/a	n/a
171.434	0.172	saccade	n/a	190.2	132.4	n/a	239.6	108.4	2.09	3270.0
171.474	0.01	blink	n/a	n/a	n/a	n/a	n/a	n/a	n/a	n/a
171.608	0.148	fixation	n/a	237.9	132.1	3985.0	n/a	n/a	n/a	n/a
171.758	0.022	saccade	n/a	240.8	132.2	n/a	283.3	137.9	1.64	106.0
171.782	0.316	fixation	n/a	290.2	137.0	3954.0	n/a	n/a	n/a	n/a
172.1	0.028	saccade	n/a	292.6	135.8	n/a	371.6	146.5	3.08	166.0
172.13	0.326	fixation	n/a	380.5	147.8	4001.0	n/a	n/a	n/a	n/a
172.458	0.028	saccade	n/a	382.4	147.5	n/a	454.9	143.1	2.8	159.0
172.488	0.284	fixation	n/a	459.0	140.9	4035.0	n/a	n/a	n/a	n/a
172.774	0.028	saccade	n/a	460.3	139.8	n/a	537.4	132.9	2.95	159.0
172.804	0.268	fixation	n/a	538.4	134.9	4024.0	n/a	n/a	n/a	n/a
173.074	0.052	saccade	n/a	537.8	135.6	n/a	274.3	126.6	10.06	291.0
173.128	0.032	fixation	n/a	267.6	128.2	4014.0	n/a	n/a	n/a	n/a
173.162	0.036	saccade	n/a	264.6	129.5	n/a	144.9	129.9	4.56	229.0
173.2	0.154	fixation	n/a	142.3	133.5	3962.0	n/a	n/a	n/a	n/a
173.356	0.018	saccade	n/a	143.8	137.6	n/a	121.6	147.9	0.93	67.0
173.376	0.142	fixation	n/a	121.6	148.9	4015.0	n/a	n/a	n/a	n/a
173.52	0.024	saccade	n/a	121.9	151.3	n/a	121.7	194.9	1.69	120.0
173.546	0.242	fixation	n/a	122.3	197.2	4141.0	n/a	n/a	n/a	n/a
173.79	0.068	saccade	n/a	126.4	206.0	n/a	496.2	151.4	14.3	906.0
173.86	0.192	fixation	n/a	507.4	149.2	4136.0	n/a	n/a	n/a	n/a
174.054	0.124	saccade	n/a	504.0	154.1	n/a	179.9	213.2	12.63	3270.0
174.086	0.032	blink	n/a	n/a	n/a	n/a	n/a	n/a	n/a	n/a
174.18	0.174	fixation	n/a	178.9	221.0	4044.0	n/a	n/a	n/a	n/a
174.356	0.026	saccade	n/a	180.2	218.0	n/a	245.5	216.8	2.51	155.0
174.384	0.498	fixation	n/a	258.6	215.5	4089.0	n/a	n/a	n/a	n/a
174.884	0.028	saccade	n/a	262.6	219.9	n/a	328.6	219.3	2.56	122.0
174.914	0.23	fixation	n/a	340.2	218.9	3854.0	n/a	n/a	n/a	n/a
175.146	0.134	saccade	n/a	340.3	214.8	n/a	442.2	202.8	3.98	3270.0
175.192	0.014	blink	n/a	n/a	n/a	n/a	n/a	n/a	n/a	n/a
175.282	0.19	fixation	n/a	445.8	212.5	3580.0	n/a	n/a	n/a	n/a
175.474	0.024	saccade	n/a	448.6	213.3	n/a	498.9	209.6	1.95	120.0
175.5	0.234	fixation	n/a	502.6	209.1	3620.0	n/a	n/a	n/a	n/a
175.736	0.024	saccade	n/a	503.7	207.8	n/a	552.6	203.8	1.88	104.0
175.762	0.254	fixation	n/a	559.5	205.6	3446.0	n/a	n/a	n/a	n/a
176.018	0.018	saccade	n/a	557.4	206.3	n/a	526.1	209.5	1.21	92.0
176.038	0.09	fixation	n/a	525.6	211.0	3387.0	n/a	n/a	n/a	n/a
176.13	0.146	saccade	n/a	525.6	211.1	n/a	594.1	199.4	2.66	1962.0
176.17	0.062	blink	n/a	n/a	n/a	n/a	n/a	n/a	n/a	n/a
176.278	0.174	fixation	n/a	596.9	214.6	3282.0	n/a	n/a	n/a	n/a
176.454	0.02	saccade	n/a	595.1	215.4	n/a	553.9	216.3	1.58	112.0
176.476	0.232	fixation	n/a	551.9	214.3	3508.0	n/a	n/a	n/a	n/a
176.71	0.028	saccade	n/a	551.4	211.3	n/a	628.3	207.4	2.93	144.0
176.74	0.162	fixation	n/a	634.6	210.2	3466.0	n/a	n/a	n/a	n/a
176.904	0.018	saccade	n/a	633.3	209.8	n/a	608.7	210.0	0.93	75.0
176.924	0.138	fixation	n/a	611.6	210.5	3378.0	n/a	n/a	n/a	n/a
177.064	0.116	saccade	n/a	613.7	212.3	n/a	182.6	232.9	16.51	2758.0
177.182	0.06	fixation	n/a	181.8	232.8	3500.0	n/a	n/a	n/a	n/a
177.244	0.024	saccade	n/a	180.0	232.7	n/a	121.8	230.3	2.23	132.0
177.27	0.142	fixation	n/a	116.0	228.0	3507.0	n/a	n/a	n/a	n/a
177.414	0.03	saccade	n/a	114.0	225.0	n/a	122.7	127.6	3.79	201.0
177.446	0.206	fixation	n/a	131.8	129.9	3584.0	n/a	n/a	n/a	n/a
177.654	0.038	saccade	n/a	138.3	136.5	n/a	158.7	274.6	5.45	283.0
177.694	0.168	fixation	n/a	161.1	283.4	3769.0	n/a	n/a	n/a	n/a
177.864	0.02	saccade	n/a	162.7	288.9	n/a	124.3	291.9	1.48	105.0
177.886	0.12	fixation	n/a	120.0	287.4	3851.0	n/a	n/a	n/a	n/a
178.008	0.136	saccade	n/a	120.2	278.4	n/a	126.4	263.5	0.63	1320.0
178.146	0.21	fixation	n/a	121.9	276.2	3676.0	n/a	n/a	n/a	n/a
178.358	0.024	saccade	n/a	123.9	276.7	n/a	176.4	280.7	2.01	125.0
178.384	0.402	fixation	n/a	185.0	281.2	3690.0	n/a	n/a	n/a	n/a
178.788	0.142	saccade	n/a	187.9	279.0	n/a	308.6	271.6	4.69	2130.0
178.852	0.01	blink	n/a	n/a	n/a	n/a	n/a	n/a	n/a	n/a
178.932	0.266	fixation	n/a	312.2	280.7	3442.0	n/a	n/a	n/a	n/a
179.2	0.028	saccade	n/a	314.6	282.9	n/a	397.8	284.8	3.26	164.0
179.23	0.19	fixation	n/a	406.9	285.1	3642.0	n/a	n/a	n/a	n/a
179.422	0.022	saccade	n/a	406.3	286.7	n/a	358.2	289.8	1.89	124.0
179.446	0.198	fixation	n/a	355.4	288.9	3675.0	n/a	n/a	n/a	n/a
179.646	0.038	saccade	n/a	356.4	291.1	n/a	477.1	285.5	4.73	195.0
179.686	0.174	fixation	n/a	481.7	286.5	3622.0	n/a	n/a	n/a	n/a
179.862	0.02	saccade	n/a	481.7	290.2	n/a	448.6	292.6	1.3	90.0
179.884	0.206	fixation	n/a	446.6	291.6	3635.0	n/a	n/a	n/a	n/a
180.092	0.04	saccade	n/a	447.4	291.8	n/a	577.9	285.8	5.06	203.0
180.134	0.262	fixation	n/a	583.8	285.2	3534.0	n/a	n/a	n/a	n/a
180.398	0.022	saccade	n/a	586.4	285.9	n/a	632.7	281.2	1.78	107.0
180.422	0.068	fixation	n/a	636.9	281.8	3526.0	n/a	n/a	n/a	n/a
180.492	0.062	saccade	n/a	637.2	282.8	n/a	243.6	287.4	15.11	393.0
180.556	0.224	fixation	n/a	237.9	290.4	3623.0	n/a	n/a	n/a	n/a
180.782	0.018	saccade	n/a	234.8	290.3	n/a	209.3	289.4	0.99	70.0
180.802	0.406	fixation	n/a	211.6	294.4	3723.0	n/a	n/a	n/a	n/a
181.21	0.12	saccade	n/a	211.0	282.2	n/a	344.2	279.6	5.19	1642.0
181.332	0.564	fixation	n/a	339.7	293.0	3653.0	n/a	n/a	n/a	n/a
181.898	0.022	saccade	n/a	333.7	298.7	n/a	378.7	298.4	1.76	115.0
181.922	0.128	fixation	n/a	384.0	300.2	3662.0	n/a	n/a	n/a	n/a
182.052	0.026	saccade	n/a	387.0	299.4	n/a	444.0	293.4	2.24	139.0
182.08	0.25	fixation	n/a	452.0	295.8	3600.0	n/a	n/a	n/a	n/a
182.332	0.128	saccade	n/a	454.6	288.9	n/a	559.1	280.5	4.08	3270.0
182.382	0.028	blink	n/a	n/a	n/a	n/a	n/a	n/a	n/a	n/a
182.462	0.312	fixation	n/a	561.3	296.6	3521.0	n/a	n/a	n/a	n/a
182.776	0.024	saccade	n/a	562.1	298.1	n/a	611.1	292.0	1.9	110.0
182.802	0.206	fixation	n/a	614.4	290.9	3521.0	n/a	n/a	n/a	n/a
183.01	0.014	saccade	n/a	612.3	291.8	n/a	598.2	292.3	0.54	48.0
183.026	0.186	fixation	n/a	600.0	287.0	3505.0	n/a	n/a	n/a	n/a
183.214	0.024	saccade	n/a	603.1	284.2	n/a	654.8	277.5	1.98	111.0
183.24	0.144	fixation	n/a	661.0	280.7	3467.0	n/a	n/a	n/a	n/a
183.386	0.126	saccade	n/a	658.6	285.6	n/a	165.1	346.0	18.95	2583.0
183.422	0.004	blink	n/a	n/a	n/a	n/a	n/a	n/a	n/a	n/a
183.514	0.124	fixation	n/a	168.9	354.3	3561.0	n/a	n/a	n/a	n/a
183.64	0.02	saccade	n/a	167.4	353.7	n/a	133.0	354.3	1.32	94.0
183.662	0.192	fixation	n/a	133.8	355.3	3682.0	n/a	n/a	n/a	n/a
183.856	0.04	saccade	n/a	137.4	357.4	n/a	278.2	353.0	5.45	205.0
183.898	0.188	fixation	n/a	284.5	355.0	3674.0	n/a	n/a	n/a	n/a
184.088	0.026	saccade	n/a	286.6	354.2	n/a	363.0	351.6	2.99	159.0
184.116	0.208	fixation	n/a	373.0	351.2	3651.0	n/a	n/a	n/a	n/a
184.326	0.014	saccade	n/a	371.9	352.1	n/a	356.4	353.2	0.61	54.0
184.342	0.058	fixation	n/a	358.4	353.3	3638.0	n/a	n/a	n/a	n/a
184.402	0.03	saccade	n/a	360.0	353.2	n/a	440.1	349.5	3.14	165.0
184.434	0.076	fixation	n/a	442.0	347.4	3592.0	n/a	n/a	n/a	n/a
184.512	0.146	saccade	n/a	439.6	345.6	n/a	188.3	143.6	12.57	3245.0
184.556	0.042	blink	n/a	n/a	n/a	n/a	n/a	n/a	n/a	n/a
184.66	0.134	fixation	n/a	190.3	164.2	3379.0	n/a	n/a	n/a	n/a
184.796	0.02	saccade	n/a	190.1	166.6	n/a	166.3	147.2	1.19	86.0
184.818	0.14	fixation	n/a	167.7	150.2	3444.0	n/a	n/a	n/a	n/a
184.96	0.02	saccade	n/a	167.7	153.4	n/a	135.0	141.1	1.34	92.0
184.982	0.2	fixation	n/a	131.0	137.6	3562.0	n/a	n/a	n/a	n/a
185.184	0.038	saccade	n/a	129.9	137.4	n/a	260.3	148.7	5.03	220.0
185.224	0.436	fixation	n/a	269.2	156.5	3655.0	n/a	n/a	n/a	n/a
185.36	0.0	trigger_11	11	n/a	n/a	n/a	n/a	n/a	n/a	n/a
185.464	0.0	trigger_10	10	n/a	n/a	n/a	n/a	n/a	n/a	n/a
185.662	0.034	saccade	n/a	270.4	159.0	n/a	168.0	136.6	4.04	195.0
185.698	0.124	fixation	n/a	164.1	139.6	3756.0	n/a	n/a	n/a	n/a
185.824	0.104	saccade	n/a	165.3	140.6	n/a	124.0	113.4	1.9	850.0
185.93	0.382	fixation	n/a	125.1	134.5	3827.0	n/a	n/a	n/a	n/a
186.314	0.026	saccade	n/a	131.5	138.6	n/a	189.7	149.7	2.27	139.0
186.342	0.262	fixation	n/a	197.3	149.9	3937.0	n/a	n/a	n/a	n/a
186.606	0.188	saccade	n/a	198.3	146.6	n/a	226.2	131.3	1.24	2007.0
186.658	0.036	blink	n/a	n/a	n/a	n/a	n/a	n/a	n/a	n/a
186.796	0.216	fixation	n/a	225.9	145.6	3813.0	n/a	n/a	n/a	n/a
187.014	0.03	saccade	n/a	229.5	144.8	n/a	295.5	155.2	2.61	157.0
187.046	0.392	fixation	n/a	301.1	155.4	3915.0	n/a	n/a	n/a	n/a
187.44	0.026	saccade	n/a	305.1	157.5	n/a	371.5	158.9	2.59	138.0
187.468	0.476	fixation	n/a	369.8	158.8	3852.0	n/a	n/a	n/a	n/a
187.946	0.022	saccade	n/a	373.1	162.6	n/a	417.3	159.8	1.73	108.0
187.97	0.19	fixation	n/a	424.6	156.0	4000.0	n/a	n/a	n/a	n/a
188.162	0.028	saccade	n/a	428.4	154.8	n/a	493.9	146.6	2.56	143.0
188.192	0.25	fixation	n/a	494.4	148.0	4114.0	n/a	n/a	n/a	n/a
188.444	0.02	saccade	n/a	495.0	147.8	n/a	522.5	142.5	1.08	73.0
188.466	0.208	fixation	n/a	523.7	145.3	4115.0	n/a	n/a	n/a	n/a
188.676	0.058	saccade	n/a	525.8	146.0	n/a	165.3	197.9	13.96	410.0
188.736	0.114	fixation	n/a	159.1	200.0	4121.0	n/a	n/a	n/a	n/a
188.852	0.022	saccade	n/a	156.8	199.0	n/a	119.2	207.9	1.47	99.0
188.876	0.112	fixation	n/a	120.0	210.5	4070.0	n/a	n/a	n/a	n/a
188.99	0.148	saccade	n/a	121.7	206.2	n/a	218.9	209.8	3.73	1436.0
189.04	0.006	blink	n/a	n/a	n/a	n/a	n/a	n/a	n/a	n/a
189.14	0.896	fixation	n/a	217.7	223.8	3941.0	n/a	n/a	n/a	n/a
190.038	0.03	saccade	n/a	217.2	221.7	n/a	296.4	216.7	3.09	157.0
190.07	0.294	fixation	n/a	299.4	217.0	3931.0	n/a	n/a	n/a	n/a
190.366	0.042	saccade	n/a	297.5	220.3	n/a	426.4	215.1	5.04	204.0
190.41	0.342	fixation	n/a	433.5	219.6	3890.0	n/a	n/a	n/a	n/a
190.754	0.032	saccade	n/a	432.9	223.8	n/a	527.3	225.4	3.67	170.0
190.788	0.224	fixation	n/a	533.3	221.6	3820.0	n/a	n/a	n/a	n/a
191.014	0.02	saccade	n/a	534.9	216.5	n/a	565.2	214.1	1.17	82.0
191.036	0.228	fixation	n/a	567.5	216.7	3724.0	n/a	n/a	n/a	n/a
191.266	0.128	saccade	n/a	563.3	221.5	n/a	593.0	203.9	1.33	1321.0
191.294	0.058	blink	n/a	n/a	n/a	n/a	n/a	n/a	n/a	n/a
191.396	0.148	fixation	n/a	595.6	214.0	3507.0	n/a	n/a	n/a	n/a
191.546	0.014	saccade	n/a	600.6	213.0	n/a	617.3	209.0	0.66	57.0
191.562	0.046	fixation	n/a	615.5	210.6	3584.0	n/a	n/a	n/a	n/a
191.61	0.064	saccade	n/a	616.4	209.7	n/a	184.2	273.6	16.72	414.0
191.676	0.122	fixation	n/a	178.1	277.9	3823.0	n/a	n/a	n/a	n/a
191.8	0.022	saccade	n/a	175.3	277.9	n/a	132.7	281.3	1.64	108.0
191.824	0.24	fixation	n/a	129.9	285.7	3860.0	n/a	n/a	n/a	n/a
192.066	0.042	saccade	n/a	129.4	290.2	n/a	291.8	286.7	6.26	237.0
192.11	0.252	fixation	n/a	299.9	285.7	3788.0	n/a	n/a	n/a	n/a
192.364	0.03	saccade	n/a	300.9	286.4	n/a	389.4	279.2	3.46	179.0
192.396	0.188	fixation	n/a	397.6	278.8	3674.0	n/a	n/a	n/a	n/a
192.586	0.034	saccade	n/a	396.0	278.0	n/a	293.3	277.5	3.99	213.0
192.622	0.244	fixation	n/a	292.0	283.2	3627.0	n/a	n/a	n/a	n/a
192.868	0.14	saccade	n/a	290.9	273.2	n/a	397.6	269.3	4.15	2147.0
192.912	0.044	blink	n/a	n/a	n/a	n/a	n/a	n/a	n/a	n/a
193.01	0.17	fixation	n/a	400.8	285.1	3680.0	n/a	n/a	n/a	n/a
193.182	0.03	saccade	n/a	401.5	287.0	n/a	320.2	287.8	3.18	192.0
193.214	0.162	fixation	n/a	315.3	290.9	3824.0	n/a	n/a	n/a	n/a
193.378	0.022	saccade	n/a	313.8	294.1	n/a	262.2	287.2	2.03	127.0
193.402	0.144	fixation	n/a	258.7	287.8	3793.0	n/a	n/a	n/a	n/a
193.548	0.122	saccade	n/a	257.9	286.3	n/a	380.8	139.8	7.5	3270.0
193.608	0.004	blink	n/a	n/a	n/a	n/a	n/a	n/a	n/a	n/a
193.672	0.718	fixation	n/a	386.1	152.1	3836.0	n/a	n/a	n/a	n/a
194.104	0.0	trigger_11	11	n/a	n/a	n/a	n/a	n/a	n/a	n/a
194.208	0.0	trigger_12	12	n/a	n/a	n/a	n/a	n/a	n/a	n/a
194.392	0.046	saccade	n/a	385.8	152.3	n/a	177.8	126.1	8.1	308.0
194.44	0.16	fixation	n/a	175.8	132.3	3990.0	n/a	n/a	n/a	n/a
194.602	0.02	saccade	n/a	175.9	134.9	n/a	144.9	130.7	1.2	85.0
194.624	0.232	fixation	n/a	145.1	129.6	4045.0	n/a	n/a	n/a	n/a
194.858	0.036	saccade	n/a	145.8	129.2	n/a	252.4	145.7	4.13	167.0
194.896	0.17	fixation	n/a	255.1	146.5	4052.0	n/a	n/a	n/a	n/a
195.068	0.024	saccade	n/a	256.2	147.8	n/a	304.2	153.1	1.87	116.0
195.094	0.188	fixation	n/a	308.6	154.7	4073.0	n/a	n/a	n/a	n/a
195.284	0.016	saccade	n/a	304.6	157.0	n/a	286.3	153.7	0.72	57.0
195.302	0.154	fixation	n/a	286.4	155.9	4060.0	n/a	n/a	n/a	n/a
195.458	0.024	saccade	n/a	288.4	156.0	n/a	354.0	158.9	2.55	147.0
195.484	0.154	fixation	n/a	361.4	160.4	4014.0	n/a	n/a	n/a	n/a
195.64	0.118	saccade	n/a	359.8	155.6	n/a	357.9	142.7	0.51	1439.0
195.674	0.034	blink	n/a	n/a	n/a	n/a	n/a	n/a	n/a	n/a
195.76	0.226	fixation	n/a	362.4	154.6	3970.0	n/a	n/a	n/a	n/a
195.988	0.016	saccade	n/a	366.3	152.5	n/a	389.2	155.7	0.9	70.0
196.006	0.14	fixation	n/a	388.1	157.1	4023.0	n/a	n/a	n/a	n/a
196.148	0.022	saccade	n/a	389.0	156.2	n/a	427.7	150.6	1.52	102.0
196.172	0.132	fixation	n/a	428.4	152.6	3953.0	n/a	n/a	n/a	n/a
196.306	0.156	saccade	n/a	427.3	152.8	n/a	428.1	133.9	0.74	2655.0
196.332	0.084	blink	n/a	n/a	n/a	n/a	n/a	n/a	n/a	n/a
196.464	0.778	fixation	n/a	436.4	140.1	3739.0	n/a	n/a	n/a	n/a
197.244	0.128	saccade	n/a	441.2	142.9	n/a	433.2	130.4	0.58	3270.0
197.276	0.038	blink	n/a	n/a	n/a	n/a	n/a	n/a	n/a	n/a
197.374	0.352	fixation	n/a	435.4	142.9	3784.0	n/a	n/a	n/a	n/a
197.512	0.0	trigger_13	13	n/a	n/a	n/a	n/a	n/a	n/a	n/a
197.728	0.054	saccade	n/a	435.8	138.8	n/a	155.0	189.4	11.0	332.0
197.784	0.182	fixation	n/a	146.9	195.2	3958.0	n/a	n/a	n/a	n/a
197.968	0.034	saccade	n/a	146.5	196.3	n/a	136.8	312.0	4.53	206.0
198.004	0.274	fixation	n/a	130.2	324.3	3990.0	n/a	n/a	n/a	n/a
198.28	0.048	saccade	n/a	128.1	336.6	n/a	172.4	135.1	8.02	318.0
198.33	0.164	fixation	n/a	175.5	134.6	3955.0	n/a	n/a	n/a	n/a
198.496	0.024	saccade	n/a	180.2	139.4	n/a	237.4	136.1	2.2	138.0
198.522	0.148	fixation	n/a	245.0	136.4	3995.0	n/a	n/a	n/a	n/a
198.672	0.044	saccade	n/a	245.8	136.2	n/a	117.8	322.9	8.78	384.0
198.718	0.134	fixation	n/a	108.8	330.2	4127.0	n/a	n/a	n/a	n/a
198.854	0.018	saccade	n/a	109.6	333.4	n/a	90.8	346.9	0.88	72.0
198.874	0.148	fixation	n/a	93.7	346.8	4149.0	n/a	n/a	n/a	n/a
199.024	0.022	saccade	n/a	94.9	347.0	n/a	134.0	349.5	1.48	100.0
199.048	0.184	fixation	n/a	136.3	350.7	4098.0	n/a	n/a	n/a	n/a
199.234	0.028	saccade	n/a	137.1	352.0	n/a	195.8	399.0	2.89	158.0
199.264	0.152	fixation	n/a	204.6	402.5	3921.0	n/a	n/a	n/a	n/a
199.418	0.032	saccade	n/a	206.9	403.4	n/a	315.4	406.4	4.18	190.0
199.452	0.168	fixation	n/a	324.4	406.3	3833.0	n/a	n/a	n/a	n/a
199.622	0.046	saccade	n/a	325.3	405.7	n/a	501.6	395.1	6.82	240.0
199.67	0.17	fixation	n/a	507.2	395.9	3565.0	n/a	n/a	n/a	n/a
199.794	0.0	trigger_15	15	n/a	n/a	n/a	n/a	n/a	n/a	n/a
199.842	0.058	saccade	n/a	507.4	395.5	n/a	149.5	374.8	13.71	383.0
199.846	0.0	trigger_10	10	n/a	n/a	n/a	n/a	n/a	n/a	n/a
199.902	0.144	fixation	n/a	147.7	378.7	3493.0	n/a	n/a	n/a	n/a
200.048	0.148	saccade	n/a	146.7	379.7	n/a	154.3	118.0	10.15	1902.0
200.1	0.024	blink	n/a	n/a	n/a	n/a	n/a	n/a	n/a	n/a
200.198	0.206	fixation	n/a	156.3	135.1	3311.0	n/a	n/a	n/a	n/a
200.406	0.164	saccade	n/a	155.5	122.3	n/a	112.0	91.2	2.04	3229.0
200.442	0.002	blink	n/a	n/a	n/a	n/a	n/a	n/a	n/a	n/a
200.572	0.886	fixation	n/a	112.1	119.6	3590.0	n/a	n/a	n/a	n/a
201.46	0.164	saccade	n/a	110.8	120.5	n/a	139.1	106.2	1.19	2601.0
201.506	0.068	blink	n/a	n/a	n/a	n/a	n/a	n/a	n/a	n/a
201.626	0.164	fixation	n/a	139.0	119.6	3870.0	n/a	n/a	n/a	n/a
201.792	0.026	saccade	n/a	142.7	125.5	n/a	197.7	144.5	2.21	140.0
201.82	0.498	fixation	n/a	204.6	145.7	4089.0	n/a	n/a	n/a	n/a
202.32	0.03	saccade	n/a	203.4	144.2	n/a	275.5	138.8	2.77	156.0
202.352	0.518	fixation	n/a	278.0	138.3	4094.0	n/a	n/a	n/a	n/a
202.872	0.03	saccade	n/a	279.6	140.3	n/a	371.1	143.6	3.52	156.0
202.904	0.232	fixation	n/a	379.4	144.9	4158.0	n/a	n/a	n/a	n/a
203.138	0.128	saccade	n/a	378.4	146.3	n/a	363.9	144.3	0.56	1960.0
203.168	0.044	blink	n/a	n/a	n/a	n/a	n/a	n/a	n/a	n/a
203.268	0.162	fixation	n/a	370.5	150.7	4190.0	n/a	n/a	n/a	n/a
203.432	0.02	saccade	n/a	373.9	156.6	n/a	409.5	156.7	1.37	95.0
203.454	0.204	fixation	n/a	412.5	156.7	4228.0	n/a	n/a	n/a	n/a
203.66	0.13	saccade	n/a	410.9	154.4	n/a	462.6	138.1	2.1	3270.0
203.718	0.02	blink	n/a	n/a	n/a	n/a	n/a	n/a	n/a	n/a
203.792	0.472	fixation	n/a	465.4	150.1	4231.0	n/a	n/a	n/a	n/a
204.266	0.146	saccade	n/a	461.4	149.8	n/a	486.1	139.3	1.04	3270.0
204.326	0.034	blink	n/a	n/a	n/a	n/a	n/a	n/a	n/a	n/a
204.414	0.258	fixation	n/a	485.6	145.8	4092.0	n/a	n/a	n/a	n/a
204.674	0.03	saccade	n/a	487.4	145.9	n/a	564.6	137.9	2.98	170.0
204.706	0.564	fixation	n/a	558.2	138.4	4128.0	n/a	n/a	n/a	n/a
205.272	0.022	saccade	n/a	550.4	140.1	n/a	589.0	134.2	1.49	98.0
205.296	0.23	fixation	n/a	585.1	136.0	3957.0	n/a	n/a	n/a	n/a
205.528	0.02	saccade	n/a	581.9	137.3	n/a	551.6	136.3	1.16	84.0
205.55	0.174	fixation	n/a	552.8	136.1	3993.0	n/a	n/a	n/a	n/a
205.726	0.018	saccade	n/a	554.0	135.8	n/a	580.9	132.9	1.03	74.0
205.746	0.148	fixation	n/a	582.0	135.7	4082.0	n/a	n/a	n/a	n/a
205.896	0.026	saccade	n/a	584.5	135.3	n/a	629.6	133.4	1.71	121.0
205.924	0.08	fixation	n/a	628.8	134.6	4110.0	n/a	n/a	n/a	n/a
206.006	0.132	saccade	n/a	625.1	130.8	n/a	616.2	116.7	0.64	3270.0
206.076	0.012	blink	n/a	n/a	n/a	n/a	n/a	n/a	n/a	n/a
206.14	0.262	fixation	n/a	614.0	133.5	4089.0	n/a	n/a	n/a	n/a
206.404	0.072	saccade	n/a	613.0	135.3	n/a	178.1	200.0	16.85	396.0
206.478	0.132	fixation	n/a	173.7	205.3	4156.0	n/a	n/a	n/a	n/a
206.612	0.024	saccade	n/a	173.6	207.4	n/a	127.1	214.0	1.8	121.0
206.638	0.12	fixation	n/a	125.3	215.2	4030.0	n/a	n/a	n/a	n/a
206.76	0.138	saccade	n/a	125.3	213.7	n/a	204.6	206.9	3.06	2138.0
206.9	0.256	fixation	n/a	203.5	217.9	3760.0	n/a	n/a	n/a	n/a
207.158	0.028	saccade	n/a	205.8	218.7	n/a	277.6	220.3	2.79	148.0
207.188	0.312	fixation	n/a	285.1	221.2	3655.0	n/a	n/a	n/a	n/a
207.502	0.022	saccade	n/a	287.3	220.9	n/a	327.6	221.1	1.57	101.0
207.526	0.218	fixation	n/a	334.3	224.6	3567.0	n/a	n/a	n/a	n/a
207.746	0.126	saccade	n/a	336.0	218.6	n/a	156.2	117.5	8.01	2103.0
207.874	0.13	fixation	n/a	156.9	133.1	3371.0	n/a	n/a	n/a	n/a
208.006	0.016	saccade	n/a	155.6	135.1	n/a	135.0	132.8	0.79	63.0
208.024	0.37	fixation	n/a	136.4	128.9	3535.0	n/a	n/a	n/a	n/a
208.396	0.034	saccade	n/a	137.7	129.0	n/a	237.5	154.2	3.95	174.0
208.432	0.346	fixation	n/a	245.3	158.0	3676.0	n/a	n/a	n/a	n/a
208.506	0.0	trigger_11	11	n/a	n/a	n/a	n/a	n/a	n/a	n/a
208.61	0.0	trigger_10	10	n/a	n/a	n/a	n/a	n/a	n/a	n/a
208.78	0.028	saccade	n/a	249.0	161.9	n/a	164.4	141.0	3.36	186.0
208.81	0.158	fixation	n/a	150.2	135.2	3757.0	n/a	n/a	n/a	n/a
208.97	0.106	saccade	n/a	147.8	133.1	n/a	111.0	106.0	1.74	1486.0
209.078	0.25	fixation	n/a	114.3	125.1	3773.0	n/a	n/a	n/a	n/a
209.33	0.014	saccade	n/a	113.9	127.0	n/a	97.1	124.5	0.64	56.0
209.346	0.512	fixation	n/a	103.0	129.6	3895.0	n/a	n/a	n/a	n/a
209.86	0.026	saccade	n/a	109.1	135.9	n/a	159.9	136.8	1.92	135.0
209.888	0.366	fixation	n/a	166.8	140.6	4038.0	n/a	n/a	n/a	n/a
210.256	0.02	saccade	n/a	173.6	145.7	n/a	206.5	139.5	1.29	89.0
210.278	0.188	fixation	n/a	210.3	143.7	4110.0	n/a	n/a	n/a	n/a
210.468	0.132	saccade	n/a	210.4	130.3	n/a	234.3	105.7	1.33	3270.0
210.602	0.418	fixation	n/a	228.6	130.2	4197.0	n/a	n/a	n/a	n/a
211.022	0.02	saccade	n/a	227.4	135.0	n/a	266.3	137.6	1.51	105.0
211.044	0.316	fixation	n/a	265.6	139.2	4192.0	n/a	n/a	n/a	n/a
211.362	0.182	saccade	n/a	264.8	134.4	n/a	315.6	135.9	1.97	3270.0
211.448	0.018	blink	n/a	n/a	n/a	n/a	n/a	n/a	n/a	n/a
211.546	0.158	fixation	n/a	316.0	152.4	4066.0	n/a	n/a	n/a	n/a
211.706	0.024	saccade	n/a	318.4	155.7	n/a	363.7	150.7	1.77	114.0
211.732	0.856	fixation	n/a	369.5	150.7	4059.0	n/a	n/a	n/a	n/a
212.59	0.016	saccade	n/a	367.8	151.7	n/a	385.1	152.4	0.68	54.0
212.608	0.24	fixation	n/a	382.3	151.3	3997.0	n/a	n/a	n/a	n/a
212.85	0.124	saccade	n/a	378.6	143.0	n/a	450.9	142.2	2.81	1179.0
212.88	0.042	blink	n/a	n/a	n/a	n/a	n/a	n/a	n/a	n/a
212.976	0.382	fixation	n/a	452.7	146.6	4017.0	n/a	n/a	n/a	n/a
213.36	0.026	saccade	n/a	458.0	142.3	n/a	522.7	132.0	2.53	140.0
213.388	0.122	fixation	n/a	528.1	134.2	4125.0	n/a	n/a	n/a	n/a
213.512	0.058	saccade	n/a	528.4	132.5	n/a	164.3	194.8	14.13	413.0
213.572	0.12	fixation	n/a	157.6	201.3	4053.0	n/a	n/a	n/a	n/a
213.694	0.02	saccade	n/a	154.8	204.2	n/a	117.6	208.4	1.42	98.0
213.716	0.236	fixation	n/a	117.2	211.7	3917.0	n/a	n/a	n/a	n/a
213.954	0.028	saccade	n/a	121.9	213.6	n/a	210.9	214.4	3.4	165.0
213.984	0.238	fixation	n/a	220.4	214.6	3889.0	n/a	n/a	n/a	n/a
214.224	0.026	saccade	n/a	223.2	215.9	n/a	291.3	219.3	2.64	147.0
214.252	0.08	fixation	n/a	299.5	218.0	3850.0	n/a	n/a	n/a	n/a
214.334	0.148	saccade	n/a	297.7	204.1	n/a	296.8	197.2	0.27	2087.0
214.382	0.032	blink	n/a	n/a	n/a	n/a	n/a	n/a	n/a	n/a
214.484	0.118	fixation	n/a	295.5	217.1	3732.0	n/a	n/a	n/a	n/a
214.604	0.028	saccade	n/a	294.3	218.8	n/a	218.9	220.0	2.92	169.0
214.634	0.198	fixation	n/a	212.3	220.6	3785.0	n/a	n/a	n/a	n/a
214.834	0.032	saccade	n/a	210.1	218.9	n/a	122.1	197.7	3.46	183.0
214.868	0.334	fixation	n/a	123.2	199.5	3756.0	n/a	n/a	n/a	n/a
215.204	0.026	saccade	n/a	125.7	202.0	n/a	185.4	208.5	2.29	141.0
215.232	0.194	fixation	n/a	193.2	211.8	3746.0	n/a	n/a	n/a	n/a
215.428	0.03	saccade	n/a	192.6	213.1	n/a	116.2	205.8	2.93	161.0
215.46	0.596	fixation	n/a	121.4	212.8	3708.0	n/a	n/a	n/a	n/a
216.058	0.026	saccade	n/a	136.0	215.6	n/a	202.8	219.6	2.56	138.0
216.086	0.61	fixation	n/a	212.9	218.8	3780.0	n/a	n/a	n/a	n/a
216.698	0.024	saccade	n/a	215.9	218.6	n/a	268.3	217.4	2.03	116.0
216.724	0.304	fixation	n/a	277.3	222.1	3578.0	n/a	n/a	n/a	n/a
217.03	0.026	saccade	n/a	277.1	220.7	n/a	264.2	157.5	2.54	140.0
217.058	0.18	fixation	n/a	269.5	152.3	3588.0	n/a	n/a	n/a	n/a
217.24	0.022	saccade	n/a	272.2	153.7	n/a	309.0	151.4	1.43	97.0
217.264	0.1	fixation	n/a	307.5	150.1	3583.0	n/a	n/a	n/a	n/a
217.366	0.04	saccade	n/a	306.2	148.3	n/a	140.8	123.5	6.41	274.0
217.408	0.292	fixation	n/a	144.4	133.0	3600.0	n/a	n/a	n/a	n/a
217.702	0.064	saccade	n/a	151.3	139.7	n/a	338.2	161.9	7.25	219.0
217.768	0.254	fixation	n/a	343.1	160.2	3771.0	n/a	n/a	n/a	n/a
218.024	0.024	saccade	n/a	342.0	161.6	n/a	287.0	139.0	2.31	142.0
218.05	0.18	fixation	n/a	282.8	139.4	3827.0	n/a	n/a	n/a	n/a
218.05	0.0	trigger_11	11	n/a	n/a	n/a	n/a	n/a	n/a	n/a
218.154	0.0	trigger_10	10	n/a	n/a	n/a	n/a	n/a	n/a	n/a
218.232	0.038	saccade	n/a	283.2	142.9	n/a	147.7	132.7	5.22	237.0
218.272	0.134	fixation	n/a	140.2	133.7	3813.0	n/a	n/a	n/a	n/a
218.408	0.136	saccade	n/a	139.0	117.6	n/a	166.7	131.1	1.17	1775.0
218.546	0.19	fixation	n/a	165.7	138.9	3868.0	n/a	n/a	n/a	n/a
218.738	0.024	saccade	n/a	162.9	140.2	n/a	111.1	125.6	2.03	126.0
218.764	0.172	fixation	n/a	110.5	129.4	3942.0	n/a	n/a	n/a	n/a
218.938	0.162	saccade	n/a	112.8	130.5	n/a	173.7	105.0	2.49	1917.0
219.006	0.006	blink	n/a	n/a	n/a	n/a	n/a	n/a	n/a	n/a
219.102	0.148	fixation	n/a	176.8	129.8	3957.0	n/a	n/a	n/a	n/a
219.252	0.024	saccade	n/a	180.0	134.4	n/a	239.7	139.5	2.29	145.0
219.278	0.296	fixation	n/a	246.4	139.9	4105.0	n/a	n/a	n/a	n/a
219.576	0.016	saccade	n/a	245.3	139.4	n/a	225.4	142.0	0.77	62.0
219.594	0.232	fixation	n/a	226.0	142.0	4123.0	n/a	n/a	n/a	n/a
219.828	0.02	saccade	n/a	227.9	143.9	n/a	259.7	143.2	1.22	84.0
219.85	0.086	fixation	n/a	258.2	142.6	4047.0	n/a	n/a	n/a	n/a
219.938	0.138	saccade	n/a	258.6	132.5	n/a	249.3	124.9	0.46	2579.0
219.994	0.002	blink	n/a	n/a	n/a	n/a	n/a	n/a	n/a	n/a
220.078	0.168	fixation	n/a	245.8	135.7	3948.0	n/a	n/a	n/a	n/a
220.248	0.018	saccade	n/a	242.3	140.7	n/a	219.4	143.3	0.88	66.0
220.268	0.24	fixation	n/a	219.9	145.2	4090.0	n/a	n/a	n/a	n/a
220.51	0.024	saccade	n/a	215.9	141.4	n/a	161.8	141.7	2.06	126.0
220.536	0.192	fixation	n/a	159.5	145.1	4118.0	n/a	n/a	n/a	n/a
220.73	0.138	saccade	n/a	159.4	134.8	n/a	222.8	133.4	2.42	1768.0
220.87	0.224	fixation	n/a	225.4	134.8	4039.0	n/a	n/a	n/a	n/a
221.096	0.014	saccade	n/a	228.7	138.0	n/a	245.5	138.1	0.64	56.0
221.112	0.262	fixation	n/a	245.1	140.3	4068.0	n/a	n/a	n/a	n/a
221.376	0.02	saccade	n/a	245.7	139.4	n/a	276.2	142.2	1.18	78.0
221.398	0.186	fixation	n/a	281.9	145.3	3909.0	n/a	n/a	n/a	n/a
221.586	0.016	saccade	n/a	279.2	143.1	n/a	259.2	139.3	0.78	64.0
221.604	0.402	fixation	n/a	264.6	143.4	3819.0	n/a	n/a	n/a	n/a
222.008	0.026	saccade	n/a	270.2	143.1	n/a	337.9	148.0	2.62	144.0
222.036	0.28	fixation	n/a	343.4	146.2	3873.0	n/a	n/a	n/a	n/a
222.318	0.022	saccade	n/a	345.2	145.9	n/a	385.5	147.1	1.56	102.0
222.342	0.202	fixation	n/a	388.1	147.7	3911.0	n/a	n/a	n/a	n/a
222.546	0.116	saccade	n/a	385.3	145.4	n/a	323.0	149.2	2.4	3230.0
222.664	0.148	fixation	n/a	324.4	153.8	3729.0	n/a	n/a	n/a	n/a
222.814	0.042	saccade	n/a	327.9	154.2	n/a	465.2	147.5	5.3	195.0
222.858	0.284	fixation	n/a	471.8	147.7	3664.0	n/a	n/a	n/a	n/a
223.144	0.034	saccade	n/a	478.1	149.2	n/a	579.2	139.4	3.88	163.0
223.18	0.268	fixation	n/a	581.5	137.0	3510.0	n/a	n/a	n/a	n/a
223.45	0.1	saccade	n/a	581.7	131.6	n/a	585.4	115.9	0.62	3270.0
223.552	0.126	fixation	n/a	587.1	127.2	3317.0	n/a	n/a	n/a	n/a
223.68	0.026	saccade	n/a	589.1	130.9	n/a	652.9	122.8	2.41	128.0
223.708	0.114	fixation	n/a	658.5	122.4	3294.0	n/a	n/a	n/a	n/a
223.824	0.12	saccade	n/a	660.2	124.3	n/a	128.7	183.2	20.03	1979.0
223.946	0.136	fixation	n/a	129.5	198.0	3440.0	n/a	n/a	n/a	n/a
224.084	0.018	saccade	n/a	128.7	201.2	n/a	105.5	214.1	1.01	78.0
224.104	0.158	fixation	n/a	109.3	215.8	3578.0	n/a	n/a	n/a	n/a
224.264	0.136	saccade	n/a	109.6	206.2	n/a	148.3	221.5	1.58	1670.0
224.402	0.182	fixation	n/a	151.0	225.0	3594.0	n/a	n/a	n/a	n/a
224.586	0.022	saccade	n/a	156.1	221.6	n/a	202.3	220.5	1.77	115.0
224.61	0.412	fixation	n/a	210.1	217.6	3627.0	n/a	n/a	n/a	n/a
225.024	0.166	saccade	n/a	207.9	212.1	n/a	225.5	189.1	1.12	3270.0
225.082	0.026	blink	n/a	n/a	n/a	n/a	n/a	n/a	n/a	n/a
225.192	0.17	fixation	n/a	225.0	210.2	3601.0	n/a	n/a	n/a	n/a
225.364	0.02	saccade	n/a	228.1	215.4	n/a	267.2	217.5	1.51	106.0
225.386	0.128	fixation	n/a	267.9	215.2	3661.0	n/a	n/a	n/a	n/a
225.516	0.024	saccade	n/a	271.7	215.0	n/a	328.2	215.9	2.18	133.0
225.542	0.728	fixation	n/a	334.8	219.7	3684.0	n/a	n/a	n/a	n/a
226.272	0.026	saccade	n/a	333.2	218.7	n/a	265.2	214.8	2.64	142.0
226.3	0.226	fixation	n/a	256.0	219.0	3651.0	n/a	n/a	n/a	n/a
226.528	0.026	saccade	n/a	256.7	218.4	n/a	307.2	217.9	1.95	137.0
226.556	0.164	fixation	n/a	313.7	217.3	3791.0	n/a	n/a	n/a	n/a
226.722	0.018	saccade	n/a	318.5	218.4	n/a	350.1	218.9	1.22	89.0
226.742	0.386	fixation	n/a	351.2	216.3	3789.0	n/a	n/a	n/a	n/a
227.13	0.024	saccade	n/a	355.1	218.8	n/a	410.6	213.2	2.16	125.0
227.156	0.132	fixation	n/a	416.5	215.9	3536.0	n/a	n/a	n/a	n/a
227.29	0.134	saccade	n/a	418.0	213.4	n/a	499.1	209.7	3.13	1400.0
227.328	0.038	blink	n/a	n/a	n/a	n/a	n/a	n/a	n/a	n/a
227.426	0.198	fixation	n/a	497.0	208.4	3380.0	n/a	n/a	n/a	n/a
227.626	0.022	saccade	n/a	496.9	203.3	n/a	540.7	204.4	1.68	106.0
227.65	0.25	fixation	n/a	548.1	206.2	3522.0	n/a	n/a	n/a	n/a
227.902	0.02	saccade	n/a	550.2	206.5	n/a	578.8	201.4	1.11	78.0
227.924	0.164	fixation	n/a	580.6	202.9	3623.0	n/a	n/a	n/a	n/a
228.09	0.066	saccade	n/a	580.4	205.0	n/a	145.4	263.7	16.63	427.0
228.158	0.138	fixation	n/a	140.3	284.3	3680.0	n/a	n/a	n/a	n/a
228.298	0.018	saccade	n/a	134.8	284.7	n/a	107.4	289.6	1.05	80.0
228.318	0.218	fixation	n/a	107.5	290.0	3676.0	n/a	n/a	n/a	n/a
228.538	0.13	saccade	n/a	110.6	276.0	n/a	196.0	282.4	3.27	2182.0
228.67	0.202	fixation	n/a	195.1	295.0	3604.0	n/a	n/a	n/a	n/a
228.874	0.026	saccade	n/a	201.3	298.3	n/a	268.5	293.2	2.6	149.0
228.902	0.194	fixation	n/a	274.3	292.7	3674.0	n/a	n/a	n/a	n/a
229.098	0.25	saccade	n/a	276.0	293.2	n/a	199.7	103.2	7.93	3270.0
229.174	0.084	blink	n/a	n/a	n/a	n/a	n/a	n/a	n/a	n/a
229.35	0.51	fixation	n/a	199.6	121.4	3736.0	n/a	n/a	n/a	n/a
229.588	0.0	trigger_11	11	n/a	n/a	n/a	n/a	n/a	n/a	n/a
229.69	0.0	trigger_10	10	n/a	n/a	n/a	n/a	n/a	n/a	n/a
229.862	0.026	saccade	n/a	196.0	122.1	n/a	123.3	118.3	2.75	158.0
229.89	0.234	fixation	n/a	119.3	122.8	3717.0	n/a	n/a	n/a	n/a
230.126	0.154	saccade	n/a	119.9	107.4	n/a	108.0	117.5	0.59	3270.0
230.282	0.63	fixation	n/a	111.7	120.8	3811.0	n/a	n/a	n/a	n/a
230.914	0.014	saccade	n/a	118.4	124.1	n/a	135.6	123.9	0.65	53.0
230.93	0.22	fixation	n/a	136.5	125.8	3877.0	n/a	n/a	n/a	n/a
231.152	0.022	saccade	n/a	142.5	131.1	n/a	181.4	132.5	1.47	94.0
231.176	0.774	fixation	n/a	178.3	133.4	3927.0	n/a	n/a	n/a	n/a
231.952	0.022	saccade	n/a	195.0	132.8	n/a	245.8	133.5	1.94	122.0
231.976	0.254	fixation	n/a	254.0	136.8	3950.0	n/a	n/a	n/a	n/a
232.232	0.026	saccade	n/a	257.6	140.5	n/a	323.6	145.8	2.56	147.0
232.26	0.31	fixation	n/a	329.1	146.1	3907.0	n/a	n/a	n/a	n/a
232.572	0.024	saccade	n/a	332.8	146.6	n/a	385.2	146.3	2.03	118.0
232.598	0.162	fixation	n/a	390.6	145.0	3822.0	n/a	n/a	n/a	n/a
232.762	0.022	saccade	n/a	392.8	145.7	n/a	435.6	139.1	1.68	107.0
232.786	0.202	fixation	n/a	440.6	141.4	3836.0	n/a	n/a	n/a	n/a
232.99	0.024	saccade	n/a	441.1	142.8	n/a	391.7	142.7	1.91	129.0
233.016	0.152	fixation	n/a	389.3	146.4	3883.0	n/a	n/a	n/a	n/a
233.17	0.024	saccade	n/a	391.3	148.0	n/a	444.5	141.9	2.07	129.0
233.196	0.132	fixation	n/a	448.4	139.7	3873.0	n/a	n/a	n/a	n/a
233.33	0.152	saccade	n/a	447.6	143.5	n/a	115.4	104.3	12.7	1933.0
233.386	0.018	blink	n/a	n/a	n/a	n/a	n/a	n/a	n/a	n/a
233.484	0.202	fixation	n/a	115.1	128.4	3900.0	n/a	n/a	n/a	n/a
233.688	0.15	saccade	n/a	113.0	110.7	n/a	135.1	88.7	1.18	2172.0
233.754	0.006	blink	n/a	n/a	n/a	n/a	n/a	n/a	n/a	n/a
233.84	1.016	fixation	n/a	127.0	115.2	3772.0	n/a	n/a	n/a	n/a
234.764	0.0	trigger_11	11	n/a	n/a	n/a	n/a	n/a	n/a	n/a
234.858	0.022	saccade	n/a	131.2	122.1	n/a	178.5	132.0	1.83	118.0
234.868	0.0	trigger_10	10	n/a	n/a	n/a	n/a	n/a	n/a	n/a
234.882	0.214	fixation	n/a	181.3	132.6	3812.0	n/a	n/a	n/a	n/a
235.098	0.016	saccade	n/a	181.5	131.4	n/a	162.5	125.7	0.75	56.0
235.116	0.128	fixation	n/a	162.1	128.9	3899.0	n/a	n/a	n/a	n/a
235.246	0.122	saccade	n/a	162.3	120.5	n/a	164.1	117.0	0.15	2195.0
235.37	0.334	fixation	n/a	160.6	124.4	3902.0	n/a	n/a	n/a	n/a
235.706	0.02	saccade	n/a	165.2	125.4	n/a	195.7	129.8	1.17	81.0
235.728	0.228	fixation	n/a	201.2	134.5	4024.0	n/a	n/a	n/a	n/a
235.958	0.024	saccade	n/a	202.1	133.0	n/a	258.3	132.8	2.15	135.0
235.984	0.264	fixation	n/a	266.3	136.3	3992.0	n/a	n/a	n/a	n/a
236.25	0.202	saccade	n/a	265.3	130.4	n/a	347.4	152.0	3.28	2609.0
236.308	0.016	blink	n/a	n/a	n/a	n/a	n/a	n/a	n/a	n/a
236.454	0.376	fixation	n/a	346.8	153.3	3996.0	n/a	n/a	n/a	n/a
236.832	0.026	saccade	n/a	350.7	156.2	n/a	409.6	151.0	2.29	126.0
236.86	0.376	fixation	n/a	419.3	150.9	3920.0	n/a	n/a	n/a	n/a
237.238	0.022	saccade	n/a	425.8	152.5	n/a	464.3	148.1	1.49	96.0
237.262	0.19	fixation	n/a	468.9	145.0	3848.0	n/a	n/a	n/a	n/a
237.454	0.126	saccade	n/a	469.3	144.9	n/a	569.3	114.8	3.99	1402.0
237.484	0.052	blink	n/a	n/a	n/a	n/a	n/a	n/a	n/a	n/a
237.582	0.22	fixation	n/a	567.3	135.2	3785.0	n/a	n/a	n/a	n/a
237.804	0.024	saccade	n/a	568.4	136.7	n/a	621.3	130.8	2.01	128.0
237.83	0.042	fixation	n/a	621.0	129.4	3908.0	n/a	n/a	n/a	n/a
237.874	0.084	saccade	n/a	621.7	128.7	n/a	147.6	222.9	18.29	1232.0
237.96	0.186	fixation	n/a	152.3	221.5	4023.0	n/a	n/a	n/a	n/a
238.148	0.154	saccade	n/a	152.0	207.4	n/a	193.1	198.3	1.61	3270.0
238.304	0.294	fixation	n/a	192.7	212.9	3804.0	n/a	n/a	n/a	n/a
238.58	0.0	trigger_11	11	n/a	n/a	n/a	n/a	n/a	n/a	n/a
238.6	0.014	saccade	n/a	199.7	215.5	n/a	216.4	218.5	0.65	55.0
238.616	0.232	fixation	n/a	217.6	220.0	3796.0	n/a	n/a	n/a	n/a
238.684	0.0	trigger_10	10	n/a	n/a	n/a	n/a	n/a	n/a	n/a
238.85	0.032	saccade	n/a	219.7	222.8	n/a	167.7	149.2	3.5	208.0
238.884	0.14	fixation	n/a	165.0	143.3	3784.0	n/a	n/a	n/a	n/a
239.026	0.018	saccade	n/a	162.5	140.1	n/a	137.3	131.4	1.01	76.0
239.046	0.712	fixation	n/a	134.0	132.6	3809.0	n/a	n/a	n/a	n/a
239.76	0.024	saccade	n/a	134.0	133.5	n/a	186.2	132.7	1.98	110.0
239.786	0.206	fixation	n/a	202.5	140.0	3970.0	n/a	n/a	n/a	n/a
239.994	0.018	saccade	n/a	208.2	142.0	n/a	239.4	141.2	1.2	89.0
240.014	0.31	fixation	n/a	242.3	145.3	4041.0	n/a	n/a	n/a	n/a
240.326	0.026	saccade	n/a	248.2	149.6	n/a	306.9	150.9	2.27	128.0
240.354	0.186	fixation	n/a	316.6	149.4	4033.0	n/a	n/a	n/a	n/a
240.542	0.02	saccade	n/a	318.9	145.9	n/a	355.7	139.3	1.44	98.0
240.564	0.268	fixation	n/a	360.0	140.3	3946.0	n/a	n/a	n/a	n/a
240.834	0.158	saccade	n/a	358.4	143.1	n/a	325.3	129.5	1.39	3270.0
240.878	0.04	blink	n/a	n/a	n/a	n/a	n/a	n/a	n/a	n/a
240.994	0.546	fixation	n/a	322.4	146.7	3972.0	n/a	n/a	n/a	n/a
241.542	0.022	saccade	n/a	322.6	144.4	n/a	374.6	150.3	2.02	133.0
241.566	0.214	fixation	n/a	381.4	149.7	4089.0	n/a	n/a	n/a	n/a
241.782	0.052	saccade	n/a	381.1	147.6	n/a	127.2	123.8	9.73	339.0
241.836	0.906	fixation	n/a	127.1	128.6	3930.0	n/a	n/a	n/a	n/a
242.332	0.0	trigger_11	11	n/a	n/a	n/a	n/a	n/a	n/a	n/a
242.436	0.0	trigger_10	10	n/a	n/a	n/a	n/a	n/a	n/a	n/a
242.744	0.178	saccade	n/a	127.1	118.5	n/a	127.4	115.6	0.11	1639.0
242.808	0.008	blink	n/a	n/a	n/a	n/a	n/a	n/a	n/a	n/a
242.924	0.242	fixation	n/a	127.7	134.5	3893.0	n/a	n/a	n/a	n/a
243.168	0.026	saccade	n/a	128.3	130.2	n/a	189.8	135.1	2.35	137.0
243.196	0.14	fixation	n/a	192.1	132.6	3883.0	n/a	n/a	n/a	n/a
243.338	0.022	saccade	n/a	190.9	132.1	n/a	148.4	130.6	1.62	107.0
243.362	0.134	fixation	n/a	147.6	132.3	3833.0	n/a	n/a	n/a	n/a
243.498	0.02	saccade	n/a	143.3	130.2	n/a	106.2	127.3	1.4	96.0
243.52	0.138	fixation	n/a	106.3	129.2	3793.0	n/a	n/a	n/a	n/a
243.66	0.132	saccade	n/a	110.1	127.6	n/a	178.1	116.3	2.6	3270.0
243.794	0.274	fixation	n/a	178.9	134.1	3734.0	n/a	n/a	n/a	n/a
244.07	0.024	saccade	n/a	183.3	134.9	n/a	229.9	135.1	1.77	111.0
244.096	0.302	fixation	n/a	234.0	134.0	3869.0	n/a	n/a	n/a	n/a
244.4	0.028	saccade	n/a	238.4	132.9	n/a	325.3	151.1	3.42	167.0
244.43	0.196	fixation	n/a	334.7	149.0	3778.0	n/a	n/a	n/a	n/a
244.628	0.016	saccade	n/a	333.5	147.2	n/a	312.7	140.4	0.84	67.0
244.646	0.268	fixation	n/a	315.1	139.9	3690.0	n/a	n/a	n/a	n/a
244.916	0.028	saccade	n/a	318.5	138.8	n/a	395.8	139.7	2.96	145.0
244.946	0.18	fixation	n/a	404.6	137.5	3658.0	n/a	n/a	n/a	n/a
245.128	0.016	saccade	n/a	404.7	140.1	n/a	382.1	140.8	0.87	65.0
245.146	0.26	fixation	n/a	376.6	137.2	3627.0	n/a	n/a	n/a	n/a
245.408	0.038	saccade	n/a	375.5	141.2	n/a	495.4	133.8	4.59	193.0
245.448	0.14	fixation	n/a	500.1	134.2	3601.0	n/a	n/a	n/a	n/a
245.59	0.134	saccade	n/a	501.0	135.1	n/a	556.8	109.2	2.34	2233.0
245.632	0.046	blink	n/a	n/a	n/a	n/a	n/a	n/a	n/a	n/a
245.726	0.262	fixation	n/a	558.2	125.9	3564.0	n/a	n/a	n/a	n/a
245.99	0.02	saccade	n/a	560.0	121.1	n/a	595.7	118.6	1.35	92.0
246.012	0.05	fixation	n/a	595.1	120.6	3582.0	n/a	n/a	n/a	n/a
246.064	0.064	saccade	n/a	596.4	121.6	n/a	132.3	197.5	17.66	464.0
246.13	0.18	fixation	n/a	124.0	205.2	3685.0	n/a	n/a	n/a	n/a
246.312	0.014	saccade	n/a	119.9	207.9	n/a	105.3	208.2	0.55	48.0
246.328	0.318	fixation	n/a	108.2	212.6	3651.0	n/a	n/a	n/a	n/a
246.648	0.024	saccade	n/a	111.9	216.4	n/a	167.2	211.2	2.1	127.0
246.674	0.22	fixation	n/a	172.6	209.0	3495.0	n/a	n/a	n/a	n/a
246.896	0.024	saccade	n/a	177.2	208.7	n/a	233.9	207.8	2.16	125.0
246.922	0.346	fixation	n/a	240.6	211.8	3525.0	n/a	n/a	n/a	n/a
247.27	0.02	saccade	n/a	241.3	217.5	n/a	210.2	217.0	1.19	83.0
247.292	0.074	fixation	n/a	209.8	217.6	3588.0	n/a	n/a	n/a	n/a
247.368	0.16	saccade	n/a	208.7	215.1	n/a	260.9	182.2	2.37	2298.0
247.422	0.022	blink	n/a	n/a	n/a	n/a	n/a	n/a	n/a	n/a
247.53	0.192	fixation	n/a	263.8	208.8	3527.0	n/a	n/a	n/a	n/a
247.724	0.026	saccade	n/a	268.5	211.6	n/a	338.8	209.4	2.71	149.0
247.752	0.502	fixation	n/a	349.9	206.1	3658.0	n/a	n/a	n/a	n/a
248.256	0.028	saccade	n/a	352.5	203.2	n/a	433.2	196.3	3.11	147.0
248.286	0.384	fixation	n/a	442.3	200.4	3691.0	n/a	n/a	n/a	n/a
248.672	0.028	saccade	n/a	445.1	203.1	n/a	517.7	196.8	2.79	128.0
248.702	0.156	fixation	n/a	533.7	198.5	3574.0	n/a	n/a	n/a	n/a
248.86	0.016	saccade	n/a	538.4	201.5	n/a	560.8	200.7	0.85	66.0
248.878	0.028	fixation	n/a	562.3	201.0	3469.0	n/a	n/a	n/a	n/a
248.908	0.062	saccade	n/a	564.6	201.4	n/a	130.4	274.2	16.69	424.0
248.972	0.156	fixation	n/a	126.5	277.7	3639.0	n/a	n/a	n/a	n/a
249.13	0.02	saccade	n/a	125.0	278.4	n/a	88.9	279.8	1.35	95.0
249.152	0.166	fixation	n/a	89.9	279.9	3741.0	n/a	n/a	n/a	n/a
249.32	0.154	saccade	n/a	89.1	267.2	n/a	140.1	262.6	1.92	1966.0
249.37	0.022	blink	n/a	n/a	n/a	n/a	n/a	n/a	n/a	n/a
249.476	0.19	fixation	n/a	138.3	282.1	3740.0	n/a	n/a	n/a	n/a
249.668	0.014	saccade	n/a	141.3	286.8	n/a	159.3	289.2	0.69	58.0
249.684	0.83	fixation	n/a	162.1	288.4	3564.0	n/a	n/a	n/a	n/a
250.254	0.0	trigger_11	11	n/a	n/a	n/a	n/a	n/a	n/a	n/a
250.356	0.0	trigger_10	10	n/a	n/a	n/a	n/a	n/a	n/a	n/a
250.516	0.034	saccade	n/a	166.2	286.2	n/a	162.0	158.2	4.95	243.0
250.552	0.142	fixation	n/a	166.7	150.6	3365.0	n/a	n/a	n/a	n/a
250.696	0.098	saccade	n/a	167.1	149.9	n/a	121.9	114.4	2.18	1575.0
250.796	0.376	fixation	n/a	123.2	125.1	3541.0	n/a	n/a	n/a	n/a
251.174	0.026	saccade	n/a	126.9	129.3	n/a	199.3	133.6	2.74	150.0
251.202	0.202	fixation	n/a	207.1	137.6	3772.0	n/a	n/a	n/a	n/a
251.406	0.014	saccade	n/a	204.9	141.0	n/a	187.6	139.4	0.66	52.0
251.422	0.194	fixation	n/a	187.1	141.8	3913.0	n/a	n/a	n/a	n/a
251.618	0.026	saccade	n/a	190.5	143.0	n/a	250.7	142.6	2.29	126.0
251.646	0.228	fixation	n/a	256.3	143.4	4003.0	n/a	n/a	n/a	n/a
251.876	0.02	saccade	n/a	257.2	141.1	n/a	291.1	141.5	1.29	90.0
251.898	0.324	fixation	n/a	294.7	149.8	3980.0	n/a	n/a	n/a	n/a
252.224	0.118	saccade	n/a	296.3	154.3	n/a	145.6	130.7	5.8	2051.0
252.344	0.158	fixation	n/a	145.3	140.3	4020.0	n/a	n/a	n/a	n/a
252.504	0.042	saccade	n/a	147.8	135.5	n/a	279.2	150.9	5.01	197.0
252.548	0.176	fixation	n/a	285.2	149.3	4098.0	n/a	n/a	n/a	n/a
252.726	0.022	saccade	n/a	284.1	148.2	n/a	235.8	138.8	1.88	124.0
252.75	0.25	fixation	n/a	230.8	144.7	4057.0	n/a	n/a	n/a	n/a
253.002	0.028	saccade	n/a	227.7	141.9	n/a	298.5	148.8	2.72	152.0
253.032	0.31	fixation	n/a	304.9	151.7	3736.0	n/a	n/a	n/a	n/a
253.07	0.0	trigger_11	11	n/a	n/a	n/a	n/a	n/a	n/a	n/a
253.172	0.0	trigger_10	10	n/a	n/a	n/a	n/a	n/a	n/a	n/a
253.344	0.038	saccade	n/a	307.9	153.5	n/a	153.9	142.9	5.88	260.0
253.384	0.06	fixation	n/a	148.3	144.6	3615.0	n/a	n/a	n/a	n/a
253.446	0.134	saccade	n/a	148.3	140.3	n/a	152.7	116.3	0.94	2226.0
253.582	0.22	fixation	n/a	154.6	135.6	3593.0	n/a	n/a	n/a	n/a
253.804	0.026	saccade	n/a	157.3	135.6	n/a	222.7	137.6	2.47	137.0
253.832	0.158	fixation	n/a	229.6	138.5	3721.0	n/a	n/a	n/a	n/a
253.992	0.188	saccade	n/a	228.6	132.4	n/a	270.7	108.9	1.84	3270.0
254.05	0.052	blink	n/a	n/a	n/a	n/a	n/a	n/a	n/a	n/a
254.182	0.304	fixation	n/a	271.7	131.1	3804.0	n/a	n/a	n/a	n/a
254.488	0.024	saccade	n/a	275.1	141.0	n/a	337.0	148.8	2.41	142.0
254.514	0.264	fixation	n/a	347.0	152.3	3931.0	n/a	n/a	n/a	n/a
254.78	0.144	saccade	n/a	349.3	143.0	n/a	365.3	139.3	0.64	1893.0
254.812	0.066	blink	n/a	n/a	n/a	n/a	n/a	n/a	n/a	n/a
254.926	0.668	fixation	n/a	370.1	148.7	4026.0	n/a	n/a	n/a	n/a
255.596	0.032	saccade	n/a	364.8	150.0	n/a	453.0	139.9	3.43	175.0
255.63	0.116	fixation	n/a	454.8	140.9	4038.0	n/a	n/a	n/a	n/a
255.748	0.122	saccade	n/a	453.1	138.4	n/a	464.3	138.2	0.43	840.0
255.792	0.024	blink	n/a	n/a	n/a	n/a	n/a	n/a	n/a	n/a
255.872	0.18	fixation	n/a	464.5	148.6	3985.0	n/a	n/a	n/a	n/a
256.054	0.024	saccade	n/a	466.4	155.5	n/a	517.2	147.5	1.99	122.0
256.08	0.336	fixation	n/a	521.7	141.3	4044.0	n/a	n/a	n/a	n/a
256.418	0.018	saccade	n/a	523.5	140.8	n/a	546.4	139.0	0.88	70.0
256.438	0.308	fixation	n/a	545.4	141.3	4089.0	n/a	n/a	n/a	n/a
256.748	0.164	saccade	n/a	544.8	141.1	n/a	543.4	115.7	0.99	3270.0
256.774	0.028	blink	n/a	n/a	n/a	n/a	n/a	n/a	n/a	n/a
256.914	0.338	fixation	n/a	547.5	136.0	3919.0	n/a	n/a	n/a	n/a
257.254	0.026	saccade	n/a	551.7	139.0	n/a	610.6	129.7	2.26	138.0
257.282	0.102	fixation	n/a	613.8	129.1	3971.0	n/a	n/a	n/a	n/a
257.386	0.064	saccade	n/a	615.9	127.9	n/a	183.1	197.3	16.61	452.0
257.452	0.116	fixation	n/a	177.2	201.3	4012.0	n/a	n/a	n/a	n/a
257.57	0.024	saccade	n/a	172.3	201.1	n/a	126.2	200.9	1.75	122.0
257.596	0.152	fixation	n/a	124.6	200.9	3968.0	n/a	n/a	n/a	n/a
257.75	0.166	saccade	n/a	125.8	193.5	n/a	187.0	181.3	2.37	2272.0
257.798	0.026	blink	n/a	n/a	n/a	n/a	n/a	n/a	n/a	n/a
257.918	0.224	fixation	n/a	189.3	203.1	3837.0	n/a	n/a	n/a	n/a
258.144	0.02	saccade	n/a	190.5	203.3	n/a	222.4	208.5	1.24	88.0
258.166	0.236	fixation	n/a	224.9	209.7	3843.0	n/a	n/a	n/a	n/a
258.404	0.162	saccade	n/a	225.3	201.4	n/a	219.5	186.7	0.62	3270.0
258.456	0.01	blink	n/a	n/a	n/a	n/a	n/a	n/a	n/a	n/a
258.568	0.262	fixation	n/a	220.0	212.8	3577.0	n/a	n/a	n/a	n/a
258.832	0.028	saccade	n/a	222.5	211.9	n/a	300.5	179.8	3.26	166.0
258.862	0.128	fixation	n/a	311.6	178.9	3633.0	n/a	n/a	n/a	n/a
258.992	0.024	saccade	n/a	316.8	178.3	n/a	365.0	162.3	1.97	115.0
259.018	0.522	fixation	n/a	372.4	160.1	3811.0	n/a	n/a	n/a	n/a
259.542	0.03	saccade	n/a	375.3	161.3	n/a	310.4	201.2	2.97	178.0
259.574	0.254	fixation	n/a	309.0	206.6	3981.0	n/a	n/a	n/a	n/a
259.83	0.028	saccade	n/a	310.8	208.8	n/a	393.1	213.1	3.21	172.0
259.86	0.06	fixation	n/a	397.2	211.7	4085.0	n/a	n/a	n/a	n/a
259.922	0.042	saccade	n/a	399.4	213.5	n/a	519.8	144.1	5.39	246.0
259.966	0.162	fixation	n/a	525.9	139.4	4145.0	n/a	n/a	n/a	n/a
260.13	0.04	saccade	n/a	526.0	140.5	n/a	361.0	212.1	6.96	328.0
260.172	0.192	fixation	n/a	351.4	216.7	4070.0	n/a	n/a	n/a	n/a
260.366	0.03	saccade	n/a	348.6	216.6	n/a	445.9	212.7	3.77	180.0
260.398	0.058	fixation	n/a	454.9	212.9	4006.0	n/a	n/a	n/a	n/a
260.458	0.03	saccade	n/a	457.6	214.4	n/a	537.9	202.6	3.13	182.0
260.49	0.154	fixation	n/a	542.5	205.3	4026.0	n/a	n/a	n/a	n/a
260.646	0.02	saccade	n/a	545.2	206.9	n/a	579.4	204.4	1.31	92.0
260.668	0.2	fixation	n/a	577.6	209.4	4011.0	n/a	n/a	n/a	n/a
260.87	0.124	saccade	n/a	573.8	210.6	n/a	568.4	195.9	0.61	1713.0
260.9	0.044	blink	n/a	n/a	n/a	n/a	n/a	n/a	n/a	n/a
260.996	0.29	fixation	n/a	565.3	206.9	3908.0	n/a	n/a	n/a	n/a
261.288	0.014	saccade	n/a	570.0	203.2	n/a	584.8	202.3	0.57	47.0
261.304	0.146	fixation	n/a	582.6	201.1	4051.0	n/a	n/a	n/a	n/a
261.452	0.028	saccade	n/a	581.6	201.9	n/a	535.4	155.6	2.54	159.0
261.482	0.306	fixation	n/a	536.5	157.3	4062.0	n/a	n/a	n/a	n/a
261.518	0.0	trigger_11	11	n/a	n/a	n/a	n/a	n/a	n/a	n/a
261.626	0.0	trigger_10	10	n/a	n/a	n/a	n/a	n/a	n/a	n/a
261.79	0.092	saccade	n/a	538.8	159.0	n/a	213.6	130.8	12.56	2924.0
261.884	0.054	fixation	n/a	213.3	133.0	4074.0	n/a	n/a	n/a	n/a
261.94	0.114	saccade	n/a	213.6	125.1	n/a	138.6	101.5	3.0	1749.0
262.056	0.27	fixation	n/a	141.0	121.7	3988.0	n/a	n/a	n/a	n/a
262.328	0.016	saccade	n/a	135.2	115.5	n/a	113.1	119.4	0.85	66.0
262.346	0.094	fixation	n/a	114.0	122.5	4056.0	n/a	n/a	n/a	n/a
262.442	0.258	saccade	n/a	111.9	117.6	n/a	159.0	106.2	1.83	2785.0
262.516	0.064	blink	n/a	n/a	n/a	n/a	n/a	n/a	n/a	n/a
262.702	0.158	fixation	n/a	158.7	119.9	4083.0	n/a	n/a	n/a	n/a
262.862	0.018	saccade	n/a	156.2	124.7	n/a	133.2	132.8	0.93	72.0
262.882	0.346	fixation	n/a	129.6	132.3	4055.0	n/a	n/a	n/a	n/a
263.23	0.014	saccade	n/a	125.9	131.9	n/a	108.3	128.4	0.67	56.0
263.246	0.404	fixation	n/a	111.3	126.7	3814.0	n/a	n/a	n/a	n/a
263.652	0.02	saccade	n/a	116.1	128.2	n/a	146.2	127.8	1.14	81.0
263.674	0.132	fixation	n/a	147.1	129.7	3769.0	n/a	n/a	n/a	n/a
263.808	0.024	saccade	n/a	150.2	132.3	n/a	197.9	138.5	1.84	113.0
263.834	0.04	fixation	n/a	200.3	138.4	3806.0	n/a	n/a	n/a	n/a
263.876	0.176	saccade	n/a	201.7	124.9	n/a	129.4	115.4	2.77	2060.0
263.928	0.03	blink	n/a	n/a	n/a	n/a	n/a	n/a	n/a	n/a
264.054	0.228	fixation	n/a	129.2	127.2	3831.0	n/a	n/a	n/a	n/a
264.284	0.026	saccade	n/a	132.1	132.8	n/a	194.8	135.7	2.39	132.0
264.312	0.302	fixation	n/a	204.7	137.6	3998.0	n/a	n/a	n/a	n/a
264.616	0.026	saccade	n/a	210.8	140.8	n/a	273.1	146.2	2.41	138.0
264.644	0.126	fixation	n/a	281.1	149.8	4059.0	n/a	n/a	n/a	n/a
264.772	0.02	saccade	n/a	282.5	152.0	n/a	252.7	150.3	1.15	84.0
264.794	0.192	fixation	n/a	252.1	147.5	4005.0	n/a	n/a	n/a	n/a
264.988	0.172	saccade	n/a	250.2	144.7	n/a	323.8	136.3	2.86	3270.0
265.046	0.006	blink	n/a	n/a	n/a	n/a	n/a	n/a	n/a	n/a
265.162	0.28	fixation	n/a	326.0	154.4	3833.0	n/a	n/a	n/a	n/a
265.444	0.028	saccade	n/a	328.6	150.7	n/a	407.8	145.0	3.07	151.0
265.474	0.334	fixation	n/a	414.1	144.2	3899.0	n/a	n/a	n/a	n/a
265.81	0.022	saccade	n/a	417.6	143.8	n/a	460.9	140.7	1.68	107.0
265.834	0.214	fixation	n/a	464.1	138.7	3905.0	n/a	n/a	n/a	n/a
266.05	0.03	saccade	n/a	467.4	139.8	n/a	548.9	125.0	3.18	156.0
266.082	0.352	fixation	n/a	551.9	129.3	3862.0	n/a	n/a	n/a	n/a
266.436	0.024	saccade	n/a	550.8	134.9	n/a	601.9	127.9	1.96	116.0
266.462	0.06	fixation	n/a	604.0	132.1	3834.0	n/a	n/a	n/a	n/a
266.524	0.152	saccade	n/a	597.3	136.7	n/a	143.2	173.1	17.26	2823.0
266.546	0.058	blink	n/a	n/a	n/a	n/a	n/a	n/a	n/a	n/a
266.678	0.122	fixation	n/a	145.6	200.0	3819.0	n/a	n/a	n/a	n/a
266.802	0.022	saccade	n/a	144.4	202.1	n/a	113.0	211.8	1.25	96.0
266.826	0.158	fixation	n/a	113.4	210.3	3946.0	n/a	n/a	n/a	n/a
266.986	0.152	saccade	n/a	112.4	208.3	n/a	144.1	200.2	1.24	2013.0
267.052	0.02	blink	n/a	n/a	n/a	n/a	n/a	n/a	n/a	n/a
267.14	0.498	fixation	n/a	144.3	210.3	3804.0	n/a	n/a	n/a	n/a
267.64	0.024	saccade	n/a	149.9	215.2	n/a	214.1	217.7	2.47	145.0
267.666	0.192	fixation	n/a	222.8	217.1	3823.0	n/a	n/a	n/a	n/a
267.86	0.03	saccade	n/a	224.4	218.6	n/a	150.2	222.0	2.86	162.0
267.892	0.192	fixation	n/a	148.1	223.1	3858.0	n/a	n/a	n/a	n/a
268.086	0.146	saccade	n/a	149.9	221.1	n/a	254.1	211.9	4.04	3270.0
268.234	0.3	fixation	n/a	254.2	230.9	3841.0	n/a	n/a	n/a	n/a
268.536	0.032	saccade	n/a	258.7	234.5	n/a	354.7	229.6	3.77	157.0
268.57	0.238	fixation	n/a	362.3	227.6	3841.0	n/a	n/a	n/a	n/a
268.81	0.024	saccade	n/a	365.4	227.7	n/a	410.0	224.6	1.75	102.0
268.836	0.29	fixation	n/a	415.3	223.1	3618.0	n/a	n/a	n/a	n/a
269.128	0.142	saccade	n/a	409.1	219.4	n/a	466.2	205.7	2.29	3270.0
269.156	0.002	blink	n/a	n/a	n/a	n/a	n/a	n/a	n/a	n/a
269.272	0.146	fixation	n/a	470.2	212.9	3455.0	n/a	n/a	n/a	n/a
269.42	0.026	saccade	n/a	474.9	216.9	n/a	545.8	210.7	2.76	150.0
269.448	0.27	fixation	n/a	550.9	204.5	3689.0	n/a	n/a	n/a	n/a
269.72	0.06	saccade	n/a	549.2	205.1	n/a	174.7	211.6	14.41	393.0
269.782	0.16	fixation	n/a	171.0	217.4	3662.0	n/a	n/a	n/a	n/a
269.944	0.016	saccade	n/a	169.2	220.0	n/a	148.8	215.3	0.8	61.0
269.962	0.2	fixation	n/a	145.8	213.9	3600.0	n/a	n/a	n/a	n/a
270.164	0.024	saccade	n/a	148.9	215.3	n/a	166.0	156.2	2.41	152.0
270.19	0.216	fixation	n/a	179.6	146.4	3619.0	n/a	n/a	n/a	n/a
270.408	0.044	saccade	n/a	180.1	142.7	n/a	335.9	144.3	6.02	215.0
270.454	0.266	fixation	n/a	342.9	147.3	3722.0	n/a	n/a	n/a	n/a
270.722	0.04	saccade	n/a	342.9	144.8	n/a	480.1	134.7	5.33	219.0
270.764	0.17	fixation	n/a	483.4	138.5	3806.0	n/a	n/a	n/a	n/a
270.936	0.032	saccade	n/a	484.6	141.0	n/a	569.2	134.0	3.27	163.0
270.97	0.162	fixation	n/a	571.4	132.1	3854.0	n/a	n/a	n/a	n/a
271.134	0.118	saccade	n/a	569.2	134.8	n/a	142.2	196.5	16.47	2289.0
271.164	0.008	blink	n/a	n/a	n/a	n/a	n/a	n/a	n/a	n/a
271.254	0.322	fixation	n/a	143.4	219.2	3909.0	n/a	n/a	n/a	n/a
271.578	0.03	saccade	n/a	143.8	218.1	n/a	232.3	228.3	3.43	181.0
271.61	0.328	fixation	n/a	239.5	229.3	3915.0	n/a	n/a	n/a	n/a
271.94	0.036	saccade	n/a	241.7	231.8	n/a	128.7	219.3	4.38	205.0
271.978	0.296	fixation	n/a	127.6	222.8	3896.0	n/a	n/a	n/a	n/a
272.276	0.054	saccade	n/a	130.8	225.1	n/a	377.4	240.0	9.54	272.0
272.332	0.24	fixation	n/a	381.8	238.6	3932.0	n/a	n/a	n/a	n/a
272.442	0.0	trigger_11	11	n/a	n/a	n/a	n/a	n/a	n/a	n/a
272.546	0.0	trigger_10	10	n/a	n/a	n/a	n/a	n/a	n/a	n/a
272.574	0.026	saccade	n/a	384.8	237.9	n/a	451.2	234.7	2.59	150.0
272.602	0.116	fixation	n/a	454.7	233.3	4012.0	n/a	n/a	n/a	n/a
272.72	0.052	saccade	n/a	455.8	234.2	n/a	168.5	140.5	11.69	377.0
272.774	0.148	fixation	n/a	157.0	153.8	4054.0	n/a	n/a	n/a	n/a
272.924	0.134	saccade	n/a	153.2	144.6	n/a	155.8	119.7	0.98	2046.0
272.976	0.002	blink	n/a	n/a	n/a	n/a	n/a	n/a	n/a	n/a
273.06	0.15	fixation	n/a	154.6	133.8	4009.0	n/a	n/a	n/a	n/a
273.212	0.024	saccade	n/a	153.8	135.2	n/a	215.1	138.1	2.34	144.0
273.238	0.338	fixation	n/a	223.1	134.7	4122.0	n/a	n/a	n/a	n/a
273.578	0.026	saccade	n/a	225.3	132.3	n/a	292.6	137.1	2.6	142.0
273.606	0.422	fixation	n/a	293.6	141.2	3905.0	n/a	n/a	n/a	n/a
274.03	0.04	saccade	n/a	291.0	142.7	n/a	425.4	136.6	5.19	202.0
274.072	0.264	fixation	n/a	432.6	137.2	3934.0	n/a	n/a	n/a	n/a
274.338	0.022	saccade	n/a	433.8	138.4	n/a	387.2	140.7	1.81	118.0
274.362	0.126	fixation	n/a	381.3	140.5	4005.0	n/a	n/a	n/a	n/a
274.49	0.05	saccade	n/a	380.7	139.3	n/a	598.4	118.2	8.37	270.0
274.542	0.204	fixation	n/a	602.9	124.8	3867.0	n/a	n/a	n/a	n/a
274.748	0.148	saccade	n/a	599.4	129.4	n/a	109.2	185.7	18.7	1423.0
274.78	0.026	blink	n/a	n/a	n/a	n/a	n/a	n/a	n/a	n/a
274.898	0.266	fixation	n/a	107.2	193.6	3815.0	n/a	n/a	n/a	n/a
275.166	0.018	saccade	n/a	112.9	195.0	n/a	144.3	197.3	1.2	87.0
275.186	0.176	fixation	n/a	150.9	199.4	3814.0	n/a	n/a	n/a	n/a
275.364	0.026	saccade	n/a	150.9	199.7	n/a	98.7	196.6	1.98	129.0
275.392	0.222	fixation	n/a	97.8	198.0	3732.0	n/a	n/a	n/a	n/a
275.616	0.124	saccade	n/a	98.6	201.2	n/a	157.4	193.9	2.25	1958.0
275.742	0.36	fixation	n/a	159.4	203.2	3571.0	n/a	n/a	n/a	n/a
276.104	0.026	saccade	n/a	160.1	196.5	n/a	190.3	144.8	2.32	135.0
276.132	0.404	fixation	n/a	202.9	142.9	3462.0	n/a	n/a	n/a	n/a
276.272	0.0	trigger_11	11	n/a	n/a	n/a	n/a	n/a	n/a	n/a
276.376	0.0	trigger_10	10	n/a	n/a	n/a	n/a	n/a	n/a	n/a
276.538	0.028	saccade	n/a	202.5	146.5	n/a	121.9	125.5	3.17	173.0
276.568	0.164	fixation	n/a	117.7	126.5	3347.0	n/a	n/a	n/a	n/a
276.734	0.148	saccade	n/a	119.9	125.7	n/a	187.3	114.5	2.59	3270.0
276.788	0.002	blink	n/a	n/a	n/a	n/a	n/a	n/a	n/a	n/a
276.884	0.12	fixation	n/a	186.1	131.2	3464.0	n/a	n/a	n/a	n/a
277.006	0.018	saccade	n/a	185.9	135.7	n/a	163.8	137.2	0.85	63.0
277.026	0.24	fixation	n/a	162.3	131.1	3681.0	n/a	n/a	n/a	n/a
277.268	0.026	saccade	n/a	167.7	131.6	n/a	238.5	141.8	2.75	158.0
277.296	0.34	fixation	n/a	247.1	140.7	3862.0	n/a	n/a	n/a	n/a
277.638	0.026	saccade	n/a	250.7	142.1	n/a	319.8	141.9	2.67	145.0
277.666	0.142	fixation	n/a	321.5	142.0	3925.0	n/a	n/a	n/a	n/a
277.81	0.02	saccade	n/a	319.9	144.9	n/a	291.3	143.4	1.11	85.0
277.832	0.264	fixation	n/a	291.0	143.1	3744.0	n/a	n/a	n/a	n/a
278.098	0.03	saccade	n/a	292.9	145.4	n/a	376.1	145.7	3.22	156.0
278.13	0.24	fixation	n/a	379.8	146.7	3628.0	n/a	n/a	n/a	n/a
278.372	0.024	saccade	n/a	382.5	148.1	n/a	428.7	143.7	1.8	110.0
278.398	0.352	fixation	n/a	436.9	143.4	3620.0	n/a	n/a	n/a	n/a
278.752	0.024	saccade	n/a	441.2	146.0	n/a	489.1	140.1	1.87	109.0
278.778	0.182	fixation	n/a	495.3	138.3	3636.0	n/a	n/a	n/a	n/a
278.962	0.02	saccade	n/a	493.7	139.2	n/a	463.9	140.9	1.15	87.0
278.984	0.23	fixation	n/a	462.8	139.1	3567.0	n/a	n/a	n/a	n/a
279.216	0.026	saccade	n/a	464.6	140.2	n/a	522.6	130.5	2.26	134.0
279.244	0.172	fixation	n/a	524.4	130.6	3580.0	n/a	n/a	n/a	n/a
279.418	0.1	saccade	n/a	522.0	129.5	n/a	521.4	125.4	0.16	1547.0
279.46	0.012	blink	n/a	n/a	n/a	n/a	n/a	n/a	n/a	n/a
279.52	0.1	fixation	n/a	516.9	135.6	3563.0	n/a	n/a	n/a	n/a
279.622	0.054	saccade	n/a	515.5	136.9	n/a	195.4	137.0	12.29	375.0
279.678	0.074	fixation	n/a	190.8	138.2	3714.0	n/a	n/a	n/a	n/a
279.754	0.026	saccade	n/a	190.0	137.7	n/a	127.9	131.9	2.38	138.0
279.782	0.296	fixation	n/a	126.7	132.6	3698.0	n/a	n/a	n/a	n/a
280.08	0.028	saccade	n/a	129.8	137.5	n/a	111.3	202.5	2.62	170.0
280.11	0.15	fixation	n/a	109.5	205.3	3734.0	n/a	n/a	n/a	n/a
280.262	0.152	saccade	n/a	109.2	202.4	n/a	156.0	192.5	1.82	3270.0
280.32	0.01	blink	n/a	n/a	n/a	n/a	n/a	n/a	n/a	n/a
280.416	0.144	fixation	n/a	156.5	207.3	3588.0	n/a	n/a	n/a	n/a
280.562	0.02	saccade	n/a	160.5	212.9	n/a	198.1	209.6	1.45	99.0
280.584	0.262	fixation	n/a	203.5	211.0	3616.0	n/a	n/a	n/a	n/a
280.848	0.026	saccade	n/a	206.8	211.5	n/a	275.2	214.7	2.64	136.0
280.876	0.71	fixation	n/a	275.2	219.9	3609.0	n/a	n/a	n/a	n/a
281.588	0.024	saccade	n/a	272.2	224.1	n/a	333.9	226.7	2.4	140.0
281.614	0.386	fixation	n/a	342.6	227.5	3592.0	n/a	n/a	n/a	n/a
282.002	0.146	saccade	n/a	343.8	224.8	n/a	434.3	205.4	3.61	3151.0
282.048	0.052	blink	n/a	n/a	n/a	n/a	n/a	n/a	n/a	n/a
282.15	0.286	fixation	n/a	437.9	212.0	3551.0	n/a	n/a	n/a	n/a
282.438	0.024	saccade	n/a	441.2	210.6	n/a	488.9	207.0	1.85	113.0
282.464	0.364	fixation	n/a	495.6	207.4	3516.0	n/a	n/a	n/a	n/a
282.83	0.028	saccade	n/a	500.6	207.3	n/a	574.6	196.8	2.87	150.0
282.86	0.384	fixation	n/a	579.7	200.8	3366.0	n/a	n/a	n/a	n/a
283.246	0.02	saccade	n/a	577.5	199.6	n/a	548.3	201.5	1.12	93.0
283.268	0.088	fixation	n/a	551.2	204.2	3507.0	n/a	n/a	n/a	n/a
283.358	0.022	saccade	n/a	549.2	203.1	n/a	507.6	205.7	1.61	109.0
283.382	0.318	fixation	n/a	503.3	207.6	3601.0	n/a	n/a	n/a	n/a
283.702	0.03	saccade	n/a	506.0	212.0	n/a	584.2	204.3	3.02	153.0
283.734	0.162	fixation	n/a	585.7	206.1	3676.0	n/a	n/a	n/a	n/a
283.898	0.122	saccade	n/a	583.7	209.2	n/a	124.6	252.1	17.57	2468.0
283.932	0.028	blink	n/a	n/a	n/a	n/a	n/a	n/a	n/a	n/a
284.022	0.172	fixation	n/a	128.1	269.0	3756.0	n/a	n/a	n/a	n/a
284.196	0.014	saccade	n/a	129.1	271.5	n/a	113.1	276.5	0.64	54.0
284.212	0.25	fixation	n/a	115.0	274.8	3806.0	n/a	n/a	n/a	n/a
284.464	0.104	saccade	n/a	107.5	263.6	n/a	129.9	266.0	0.85	589.0
284.57	0.166	fixation	n/a	129.8	274.6	3554.0	n/a	n/a	n/a	n/a
284.738	0.026	saccade	n/a	134.0	277.8	n/a	199.5	280.3	2.51	134.0
284.766	0.426	fixation	n/a	210.7	280.6	3538.0	n/a	n/a	n/a	n/a
285.194	0.024	saccade	n/a	204.1	280.0	n/a	264.5	281.7	2.33	132.0
285.22	0.286	fixation	n/a	276.5	286.8	3301.0	n/a	n/a	n/a	n/a
285.508	0.136	saccade	n/a	278.5	283.1	n/a	340.6	267.5	2.5	3270.0
285.57	0.006	blink	n/a	n/a	n/a	n/a	n/a	n/a	n/a	n/a
285.646	0.28	fixation	n/a	337.6	282.6	3121.0	n/a	n/a	n/a	n/a
285.928	0.024	saccade	n/a	340.7	286.0	n/a	390.2	284.3	1.93	110.0
285.954	0.326	fixation	n/a	397.3	283.6	3266.0	n/a	n/a	n/a	n/a
286.282	0.024	saccade	n/a	401.1	285.5	n/a	445.7	282.8	1.74	103.0
286.308	0.632	fixation	n/a	447.9	280.9	3458.0	n/a	n/a	n/a	n/a
286.942	0.018	saccade	n/a	451.1	281.5	n/a	473.7	280.2	0.88	65.0
286.962	0.254	fixation	n/a	472.7	282.9	3572.0	n/a	n/a	n/a	n/a
287.218	0.15	saccade	n/a	468.3	279.4	n/a	220.8	137.8	11.1	2246.0
287.268	0.014	blink	n/a	n/a	n/a	n/a	n/a	n/a	n/a	n/a
287.37	0.392	fixation	n/a	220.2	154.3	3758.0	n/a	n/a	n/a	n/a
287.488	0.0	trigger_11	11	n/a	n/a	n/a	n/a	n/a	n/a	n/a
287.592	0.0	trigger_10	10	n/a	n/a	n/a	n/a	n/a	n/a	n/a
287.764	0.03	saccade	n/a	220.8	150.9	n/a	128.2	122.3	3.7	197.0
287.796	0.146	fixation	n/a	122.4	123.0	3691.0	n/a	n/a	n/a	n/a
287.944	0.124	saccade	n/a	121.9	111.5	n/a	145.4	109.8	0.89	1877.0
287.994	0.002	blink	n/a	n/a	n/a	n/a	n/a	n/a	n/a	n/a
288.07	0.192	fixation	n/a	147.6	121.9	3576.0	n/a	n/a	n/a	n/a
288.264	0.024	saccade	n/a	150.2	121.1	n/a	207.4	130.0	2.21	128.0
288.29	0.182	fixation	n/a	225.2	137.5	3706.0	n/a	n/a	n/a	n/a
288.474	0.022	saccade	n/a	232.0	142.7	n/a	276.2	143.6	1.71	110.0
288.498	0.214	fixation	n/a	282.8	147.2	3746.0	n/a	n/a	n/a	n/a
288.714	0.028	saccade	n/a	284.7	149.5	n/a	365.4	149.6	3.13	154.0
288.744	0.242	fixation	n/a	374.3	148.7	3727.0	n/a	n/a	n/a	n/a
288.988	0.12	saccade	n/a	375.2	145.0	n/a	390.4	142.2	0.6	2643.0
289.024	0.02	blink	n/a	n/a	n/a	n/a	n/a	n/a	n/a	n/a
289.11	0.144	fixation	n/a	395.5	140.4	3528.0	n/a	n/a	n/a	n/a
289.256	0.026	saccade	n/a	397.5	143.3	n/a	457.8	141.9	2.34	134.0
289.284	0.158	fixation	n/a	466.1	138.6	3608.0	n/a	n/a	n/a	n/a
289.444	0.024	saccade	n/a	468.8	137.8	n/a	523.8	129.5	2.14	129.0
289.47	0.252	fixation	n/a	526.7	130.7	3763.0	n/a	n/a	n/a	n/a
289.724	0.014	saccade	n/a	523.4	129.8	n/a	506.9	132.5	0.64	60.0
289.74	0.126	fixation	n/a	510.4	133.3	3860.0	n/a	n/a	n/a	n/a
289.868	0.026	saccade	n/a	513.1	131.8	n/a	585.9	122.6	2.81	138.0
289.896	0.12	fixation	n/a	593.7	125.6	3812.0	n/a	n/a	n/a	n/a
290.018	0.016	saccade	n/a	598.7	130.1	n/a	620.2	128.6	0.82	62.0
290.036	0.102	fixation	n/a	620.3	129.0	3801.0	n/a	n/a	n/a	n/a
290.14	0.126	saccade	n/a	618.5	127.4	n/a	149.1	183.3	17.95	1711.0
290.166	0.036	blink	n/a	n/a	n/a	n/a	n/a	n/a	n/a	n/a
290.268	0.15	fixation	n/a	152.4	201.8	3842.0	n/a	n/a	n/a	n/a
290.42	0.018	saccade	n/a	149.1	202.1	n/a	121.7	204.3	1.05	79.0
290.44	0.346	fixation	n/a	123.6	206.6	3947.0	n/a	n/a	n/a	n/a
290.788	0.03	saccade	n/a	124.2	209.1	n/a	202.8	213.9	3.0	168.0
290.82	0.388	fixation	n/a	209.8	216.0	3785.0	n/a	n/a	n/a	n/a
291.21	0.03	saccade	n/a	214.0	217.3	n/a	293.7	215.6	3.08	128.0
291.242	0.502	fixation	n/a	302.7	216.9	3788.0	n/a	n/a	n/a	n/a
291.746	0.12	saccade	n/a	299.1	207.9	n/a	308.0	211.5	0.37	2534.0
291.794	0.0	blink	n/a	n/a	n/a	n/a	n/a	n/a	n/a	n/a
291.868	0.124	fixation	n/a	307.7	212.4	3608.0	n/a	n/a	n/a	n/a
291.994	0.026	saccade	n/a	308.6	215.6	n/a	377.4	219.3	2.67	145.0
292.022	0.264	fixation	n/a	384.3	218.1	3687.0	n/a	n/a	n/a	n/a
292.288	0.026	saccade	n/a	385.3	213.6	n/a	453.8	208.7	2.66	148.0
292.316	0.35	fixation	n/a	459.9	210.7	3776.0	n/a	n/a	n/a	n/a
292.668	0.024	saccade	n/a	462.2	212.4	n/a	504.9	205.4	1.67	102.0
292.694	0.636	fixation	n/a	511.3	212.5	3600.0	n/a	n/a	n/a	n/a
293.332	0.018	saccade	n/a	517.2	214.3	n/a	544.7	209.9	1.07	76.0
293.352	0.248	fixation	n/a	549.1	207.3	3747.0	n/a	n/a	n/a	n/a
293.602	0.022	saccade	n/a	553.8	206.8	n/a	594.6	199.1	1.59	100.0
293.626	0.154	fixation	n/a	597.9	198.0	3781.0	n/a	n/a	n/a	n/a
293.782	0.132	saccade	n/a	596.7	188.8	n/a	203.8	236.2	15.08	3226.0
293.808	0.034	blink	n/a	n/a	n/a	n/a	n/a	n/a	n/a	n/a
293.916	0.036	fixation	n/a	206.2	259.5	3869.0	n/a	n/a	n/a	n/a
293.954	0.028	saccade	n/a	207.1	266.6	n/a	130.5	281.0	2.98	178.0
293.984	0.984	fixation	n/a	125.7	288.8	3736.0	n/a	n/a	n/a	n/a
294.97	0.026	saccade	n/a	125.8	296.0	n/a	187.3	290.9	2.34	131.0
294.998	0.358	fixation	n/a	197.9	292.7	3725.0	n/a	n/a	n/a	n/a
295.358	0.022	saccade	n/a	202.2	294.1	n/a	245.9	289.9	1.69	106.0
295.382	0.17	fixation	n/a	258.0	291.7	3584.0	n/a	n/a	n/a	n/a
295.554	0.026	saccade	n/a	262.1	291.9	n/a	331.9	279.1	2.75	137.0
295.582	0.174	fixation	n/a	343.5	280.5	3485.0	n/a	n/a	n/a	n/a
295.758	0.022	saccade	n/a	343.4	283.7	n/a	295.9	286.5	1.84	116.0
295.782	0.206	fixation	n/a	293.8	291.5	3451.0	n/a	n/a	n/a	n/a
295.99	0.128	saccade	n/a	294.3	291.4	n/a	283.1	275.8	0.75	2142.0
296.042	0.0	blink	n/a	n/a	n/a	n/a	n/a	n/a	n/a	n/a
296.12	0.168	fixation	n/a	284.8	284.7	3309.0	n/a	n/a	n/a	n/a
296.29	0.018	saccade	n/a	283.6	287.5	n/a	258.3	289.8	0.98	72.0
296.31	0.224	fixation	n/a	259.4	289.9	3432.0	n/a	n/a	n/a	n/a
296.536	0.028	saccade	n/a	261.3	289.4	n/a	340.2	283.5	3.06	159.0
296.566	0.198	fixation	n/a	352.1	285.4	3432.0	n/a	n/a	n/a	n/a
296.766	0.132	saccade	n/a	352.3	276.9	n/a	371.0	267.4	0.82	2760.0
296.9	0.056	fixation	n/a	370.4	271.0	3232.0	n/a	n/a	n/a	n/a
296.958	0.024	saccade	n/a	369.0	274.6	n/a	316.4	282.7	2.06	130.0
296.984	0.17	fixation	n/a	313.1	284.1	3296.0	n/a	n/a	n/a	n/a
297.156	0.022	saccade	n/a	311.6	284.3	n/a	275.5	290.5	1.41	93.0
297.18	0.156	fixation	n/a	273.6	292.4	3414.0	n/a	n/a	n/a	n/a
297.338	0.028	saccade	n/a	276.7	294.2	n/a	350.8	281.3	2.92	158.0
297.368	0.176	fixation	n/a	357.5	281.5	3372.0	n/a	n/a	n/a	n/a
297.546	0.048	saccade	n/a	359.7	281.4	n/a	158.8	285.7	7.71	256.0
297.596	0.204	fixation	n/a	156.2	289.1	3270.0	n/a	n/a	n/a	n/a
297.802	0.022	saccade	n/a	155.2	287.7	n/a	170.8	259.0	1.26	92.0
297.826	0.128	fixation	n/a	181.7	261.4	3218.0	n/a	n/a	n/a	n/a
297.956	0.022	saccade	n/a	184.1	262.2	n/a	224.0	272.7	1.58	104.0
297.98	0.146	fixation	n/a	225.2	273.2	3284.0	n/a	n/a	n/a	n/a
298.128	0.024	saccade	n/a	220.7	271.8	n/a	161.8	278.3	2.26	134.0
298.154	0.142	fixation	n/a	158.6	281.3	3422.0	n/a	n/a	n/a	n/a
298.298	0.056	saccade	n/a	159.0	284.2	n/a	424.7	221.6	10.47	307.0
298.356	0.136	fixation	n/a	432.2	219.3	3504.0	n/a	n/a	n/a	n/a
298.494	0.03	saccade	n/a	432.2	220.1	n/a	338.7	210.2	3.63	205.0
298.526	0.274	fixation	n/a	334.9	211.7	3639.0	n/a	n/a	n/a	n/a
298.802	0.022	saccade	n/a	337.1	210.2	n/a	385.6	207.6	1.87	122.0
298.826	0.454	fixation	n/a	388.6	209.8	3835.0	n/a	n/a	n/a	n/a
299.024	0.0	trigger_11	11	n/a	n/a	n/a	n/a	n/a	n/a	n/a
299.128	0.0	trigger_12	12	n/a	n/a	n/a	n/a	n/a	n/a	n/a
299.282	0.046	saccade	n/a	391.7	213.0	n/a	222.1	121.9	7.4	292.0
299.33	0.136	fixation	n/a	218.7	121.9	4009.0	n/a	n/a	n/a	n/a
299.468	0.03	saccade	n/a	220.1	124.7	n/a	133.2	128.4	3.29	172.0
299.5	0.404	fixation	n/a	127.3	125.4	4003.0	n/a	n/a	n/a	n/a
299.906	0.072	saccade	n/a	127.3	127.4	n/a	240.9	135.1	4.31	402.0
299.98	0.292	fixation	n/a	239.4	140.6	3982.0	n/a	n/a	n/a	n/a
300.274	0.02	saccade	n/a	239.3	141.7	n/a	206.9	132.7	1.28	86.0
300.296	0.186	fixation	n/a	205.0	133.0	4012.0	n/a	n/a	n/a	n/a
300.484	0.04	saccade	n/a	204.0	133.1	n/a	338.0	143.9	5.14	215.0
300.526	0.278	fixation	n/a	343.5	142.5	3791.0	n/a	n/a	n/a	n/a
300.806	0.02	saccade	n/a	347.5	142.8	n/a	380.8	142.9	1.28	89.0
300.828	0.148	fixation	n/a	382.3	146.0	3721.0	n/a	n/a	n/a	n/a
300.978	0.026	saccade	n/a	381.1	148.7	n/a	319.8	133.4	2.44	150.0
301.006	0.132	fixation	n/a	316.7	137.4	3749.0	n/a	n/a	n/a	n/a
301.14	0.026	saccade	n/a	317.9	138.8	n/a	382.9	151.2	2.55	147.0
301.168	0.31	fixation	n/a	387.2	154.0	3831.0	n/a	n/a	n/a	n/a
301.28	0.0	trigger_13	13	n/a	n/a	n/a	n/a	n/a	n/a	n/a
301.48	0.048	saccade	n/a	387.6	156.2	n/a	140.0	201.9	9.62	335.0
301.53	0.24	fixation	n/a	131.0	202.8	4042.0	n/a	n/a	n/a	n/a
301.772	0.032	saccade	n/a	135.7	208.7	n/a	120.9	304.3	3.74	212.0
301.806	0.328	fixation	n/a	119.2	311.8	4153.0	n/a	n/a	n/a	n/a
302.136	0.018	saccade	n/a	118.3	312.6	n/a	115.4	284.2	1.1	80.0
302.156	0.168	fixation	n/a	119.2	287.5	4207.0	n/a	n/a	n/a	n/a
302.326	0.026	saccade	n/a	122.4	289.6	n/a	112.9	221.5	2.66	156.0
302.354	0.27	fixation	n/a	114.8	219.3	4224.0	n/a	n/a	n/a	n/a
302.626	0.024	saccade	n/a	116.2	219.5	n/a	123.4	262.5	1.69	117.0
302.652	0.674	fixation	n/a	126.4	265.8	4363.0	n/a	n/a	n/a	n/a
303.328	0.158	saccade	n/a	131.7	272.7	n/a	158.5	171.3	4.06	1826.0
303.488	0.09	fixation	n/a	157.7	167.6	4127.0	n/a	n/a	n/a	n/a
303.58	0.026	saccade	n/a	160.7	168.5	n/a	233.3	155.0	2.81	154.0
303.608	0.182	fixation	n/a	245.3	150.5	4110.0	n/a	n/a	n/a	n/a
303.792	0.042	saccade	n/a	244.7	144.8	n/a	101.7	292.7	7.86	381.0
303.836	0.146	fixation	n/a	96.5	301.7	4133.0	n/a	n/a	n/a	n/a
303.984	0.016	saccade	n/a	96.0	297.2	n/a	110.9	284.3	0.75	59.0
304.002	0.196	fixation	n/a	116.6	287.6	4131.0	n/a	n/a	n/a	n/a
304.2	0.016	saccade	n/a	116.7	288.3	n/a	91.0	287.7	0.96	75.0
304.218	0.228	fixation	n/a	96.0	290.4	4091.0	n/a	n/a	n/a	n/a
304.448	0.014	saccade	n/a	99.8	288.6	n/a	115.2	283.4	0.61	54.0
304.464	0.108	fixation	n/a	113.9	285.2	4036.0	n/a	n/a	n/a	n/a
304.574	0.02	saccade	n/a	113.2	287.3	n/a	77.9	284.0	1.32	95.0
304.596	0.182	fixation	n/a	83.4	289.1	4089.0	n/a	n/a	n/a	n/a
304.78	0.04	saccade	n/a	84.3	289.5	n/a	113.3	131.7	6.18	279.0
304.822	0.3	fixation	n/a	117.4	122.0	4194.0	n/a	n/a	n/a	n/a
305.124	0.036	saccade	n/a	119.1	125.4	n/a	107.6	260.7	5.22	275.0
305.162	0.296	fixation	n/a	107.6	268.8	4328.0	n/a	n/a	n/a	n/a
305.194	0.0	trigger_15	15	n/a	n/a	n/a	n/a	n/a	n/a	n/a
305.246	0.0	trigger_10	10	n/a	n/a	n/a	n/a	n/a	n/a	n/a
305.46	0.184	saccade	n/a	112.2	274.3	n/a	158.7	125.2	6.01	2173.0
305.51	0.052	blink	n/a	n/a	n/a	n/a	n/a	n/a	n/a	n/a
305.646	0.376	fixation	n/a	159.6	151.1	4140.0	n/a	n/a	n/a	n/a
306.024	0.024	saccade	n/a	160.0	149.8	n/a	209.5	146.0	1.88	117.0
306.05	0.166	fixation	n/a	215.9	146.5	4059.0	n/a	n/a	n/a	n/a
306.218	0.028	saccade	n/a	216.1	146.4	n/a	140.4	132.6	2.92	161.0
306.248	0.134	fixation	n/a	136.3	129.7	3932.0	n/a	n/a	n/a	n/a
306.384	0.146	saccade	n/a	136.1	128.8	n/a	131.4	113.4	0.62	1721.0
306.532	0.36	fixation	n/a	133.3	125.9	3906.0	n/a	n/a	n/a	n/a
306.894	0.166	saccade	n/a	133.1	119.0	n/a	115.7	104.9	0.85	1916.0
307.062	0.274	fixation	n/a	117.4	131.7	3840.0	n/a	n/a	n/a	n/a
307.338	0.018	saccade	n/a	124.1	133.9	n/a	150.5	135.8	1.0	72.0
307.358	0.264	fixation	n/a	157.1	139.2	3895.0	n/a	n/a	n/a	n/a
307.624	0.02	saccade	n/a	163.6	144.4	n/a	200.5	147.7	1.42	98.0
307.646	0.204	fixation	n/a	207.7	148.7	3959.0	n/a	n/a	n/a	n/a
307.852	0.136	saccade	n/a	212.0	136.9	n/a	228.5	138.1	0.64	1871.0
307.99	0.196	fixation	n/a	224.2	153.5	3919.0	n/a	n/a	n/a	n/a
308.188	0.02	saccade	n/a	218.6	144.3	n/a	178.3	137.9	1.55	109.0
308.21	0.168	fixation	n/a	175.1	134.8	4049.0	n/a	n/a	n/a	n/a
308.38	0.026	saccade	n/a	173.8	134.9	n/a	124.7	134.7	1.84	128.0
308.408	0.186	fixation	n/a	125.2	138.1	4086.0	n/a	n/a	n/a	n/a
308.596	0.14	saccade	n/a	129.0	134.5	n/a	202.5	129.9	2.77	2017.0
308.644	0.016	blink	n/a	n/a	n/a	n/a	n/a	n/a	n/a	n/a
308.738	0.5	fixation	n/a	205.6	138.9	4223.0	n/a	n/a	n/a	n/a
309.24	0.17	saccade	n/a	211.1	135.1	n/a	207.7	105.2	1.16	3172.0
309.29	0.066	blink	n/a	n/a	n/a	n/a	n/a	n/a	n/a	n/a
309.412	0.328	fixation	n/a	210.3	133.8	4283.0	n/a	n/a	n/a	n/a
309.742	0.018	saccade	n/a	213.1	134.7	n/a	235.8	137.4	0.87	70.0
309.762	0.302	fixation	n/a	230.2	133.1	4265.0	n/a	n/a	n/a	n/a
310.066	0.016	saccade	n/a	226.8	131.8	n/a	202.6	131.4	0.92	74.0
310.084	0.068	fixation	n/a	206.6	129.7	4167.0	n/a	n/a	n/a	n/a
310.154	0.03	saccade	n/a	208.3	130.1	n/a	285.3	135.6	2.94	164.0
310.186	0.2	fixation	n/a	288.4	137.5	4021.0	n/a	n/a	n/a	n/a
310.388	0.152	saccade	n/a	286.5	127.1	n/a	293.2	109.1	0.74	1722.0
310.42	0.062	blink	n/a	n/a	n/a	n/a	n/a	n/a	n/a	n/a
310.542	0.324	fixation	n/a	293.8	133.1	3875.0	n/a	n/a	n/a	n/a
310.868	0.026	saccade	n/a	297.6	132.7	n/a	369.7	138.6	2.77	148.0
310.896	0.316	fixation	n/a	378.3	141.2	4029.0	n/a	n/a	n/a	n/a
311.214	0.024	saccade	n/a	382.9	143.0	n/a	436.6	139.9	2.06	122.0
311.24	0.274	fixation	n/a	440.7	135.9	3902.0	n/a	n/a	n/a	n/a
311.516	0.024	saccade	n/a	443.4	137.0	n/a	496.9	130.9	2.05	116.0
311.542	0.304	fixation	n/a	502.1	132.6	3685.0	n/a	n/a	n/a	n/a
311.848	0.154	saccade	n/a	498.4	137.9	n/a	462.6	128.5	1.41	2534.0
311.888	0.07	blink	n/a	n/a	n/a	n/a	n/a	n/a	n/a	n/a
312.004	0.166	fixation	n/a	465.5	131.6	3453.0	n/a	n/a	n/a	n/a
312.172	0.038	saccade	n/a	465.6	131.1	n/a	578.4	127.1	4.27	173.0
312.212	0.278	fixation	n/a	581.6	128.1	3421.0	n/a	n/a	n/a	n/a
312.492	0.068	saccade	n/a	583.1	129.1	n/a	125.4	163.7	17.23	400.0
312.562	0.308	fixation	n/a	119.3	177.4	3781.0	n/a	n/a	n/a	n/a
312.872	0.154	saccade	n/a	128.1	183.9	n/a	199.8	173.5	2.74	3270.0
312.904	0.072	blink	n/a	n/a	n/a	n/a	n/a	n/a	n/a	n/a
313.028	0.132	fixation	n/a	198.6	197.9	3799.0	n/a	n/a	n/a	n/a
313.162	0.02	saccade	n/a	201.2	204.0	n/a	235.3	210.3	1.32	94.0
313.184	1.17	fixation	n/a	238.2	215.1	3753.0	n/a	n/a	n/a	n/a
314.356	0.028	saccade	n/a	248.5	213.3	n/a	245.0	135.1	3.04	168.0
314.386	0.284	fixation	n/a	248.2	127.6	3848.0	n/a	n/a	n/a	n/a
314.402	0.0	trigger_11	11	n/a	n/a	n/a	n/a	n/a	n/a	n/a
314.508	0.0	trigger_12	12	n/a	n/a	n/a	n/a	n/a	n/a	n/a
314.672	0.028	saccade	n/a	250.2	129.4	n/a	169.9	120.8	3.07	162.0
314.702	0.116	fixation	n/a	159.1	121.5	3779.0	n/a	n/a	n/a	n/a
314.82	0.13	saccade	n/a	159.5	111.4	n/a	137.3	106.5	0.86	2213.0
314.866	0.012	blink	n/a	n/a	n/a	n/a	n/a	n/a	n/a	n/a
314.952	0.438	fixation	n/a	139.9	115.0	3805.0	n/a	n/a	n/a	n/a
315.392	0.034	saccade	n/a	145.3	111.6	n/a	239.8	130.1	3.65	172.0
315.428	0.242	fixation	n/a	243.0	127.6	3861.0	n/a	n/a	n/a	n/a
315.672	0.024	saccade	n/a	244.1	128.1	n/a	293.3	141.2	1.95	117.0
315.698	0.306	fixation	n/a	299.7	142.4	3899.0	n/a	n/a	n/a	n/a
316.006	0.026	saccade	n/a	302.5	145.9	n/a	361.8	146.1	2.28	111.0
316.034	0.17	fixation	n/a	371.8	147.1	3798.0	n/a	n/a	n/a	n/a
316.206	0.024	saccade	n/a	374.9	147.4	n/a	423.6	145.9	1.88	112.0
316.232	0.156	fixation	n/a	428.8	147.1	3888.0	n/a	n/a	n/a	n/a
316.39	0.022	saccade	n/a	426.6	147.0	n/a	387.0	149.7	1.52	105.0
316.414	0.146	fixation	n/a	384.6	149.7	3882.0	n/a	n/a	n/a	n/a
316.562	0.024	saccade	n/a	383.2	149.1	n/a	331.2	142.7	2.01	122.0
316.588	0.286	fixation	n/a	328.4	146.8	3876.0	n/a	n/a	n/a	n/a
316.876	0.028	saccade	n/a	330.4	151.9	n/a	405.3	149.4	2.87	159.0
316.906	0.306	fixation	n/a	413.7	152.5	3985.0	n/a	n/a	n/a	n/a
317.214	0.03	saccade	n/a	417.0	154.7	n/a	500.6	146.6	3.2	164.0
317.246	0.198	fixation	n/a	505.9	148.0	3993.0	n/a	n/a	n/a	n/a
317.446	0.02	saccade	n/a	510.4	148.3	n/a	540.0	139.6	1.17	80.0
317.468	0.302	fixation	n/a	542.6	138.0	4005.0	n/a	n/a	n/a	n/a
317.772	0.06	saccade	n/a	542.6	138.9	n/a	155.1	193.1	14.74	400.0
317.834	0.154	fixation	n/a	147.8	198.1	3995.0	n/a	n/a	n/a	n/a
317.99	0.02	saccade	n/a	143.8	199.6	n/a	112.3	198.4	1.18	85.0
318.012	0.152	fixation	n/a	109.4	198.8	3912.0	n/a	n/a	n/a	n/a
318.166	0.122	saccade	n/a	109.0	186.2	n/a	217.1	205.2	4.14	2033.0
318.2	0.036	blink	n/a	n/a	n/a	n/a	n/a	n/a	n/a	n/a
318.29	0.31	fixation	n/a	214.9	225.2	3888.0	n/a	n/a	n/a	n/a
318.602	0.03	saccade	n/a	219.9	226.9	n/a	312.8	218.5	3.57	172.0
318.634	0.262	fixation	n/a	324.1	218.4	3822.0	n/a	n/a	n/a	n/a
318.898	0.04	saccade	n/a	326.6	218.7	n/a	460.1	215.4	5.13	195.0
318.94	0.376	fixation	n/a	466.1	216.9	3584.0	n/a	n/a	n/a	n/a
319.318	0.024	saccade	n/a	472.6	214.3	n/a	531.4	213.5	2.24	120.0
319.344	0.24	fixation	n/a	538.5	211.3	3348.0	n/a	n/a	n/a	n/a
319.586	0.026	saccade	n/a	541.8	212.5	n/a	604.6	202.3	2.41	119.0
319.614	0.166	fixation	n/a	610.9	200.3	3343.0	n/a	n/a	n/a	n/a
319.782	0.032	saccade	n/a	612.4	198.9	n/a	500.2	209.0	4.26	233.0
319.816	0.274	fixation	n/a	492.7	214.6	3632.0	n/a	n/a	n/a	n/a
320.092	0.134	saccade	n/a	493.7	216.5	n/a	406.9	160.8	3.98	1854.0
320.13	0.046	blink	n/a	n/a	n/a	n/a	n/a	n/a	n/a	n/a
320.228	0.312	fixation	n/a	406.3	175.2	3569.0	n/a	n/a	n/a	n/a
320.33	0.0	trigger_13	13	n/a	n/a	n/a	n/a	n/a	n/a	n/a
320.542	0.052	saccade	n/a	406.9	172.0	n/a	132.4	154.1	10.44	320.0
320.596	0.116	fixation	n/a	126.7	158.7	3628.0	n/a	n/a	n/a	n/a
320.714	0.13	saccade	n/a	128.9	154.9	n/a	115.8	122.0	1.35	2050.0
320.756	0.006	blink	n/a	n/a	n/a	n/a	n/a	n/a	n/a	n/a
320.846	0.13	fixation	n/a	113.9	137.2	3541.0	n/a	n/a	n/a	n/a
320.978	0.022	saccade	n/a	116.3	144.4	n/a	117.2	192.3	1.84	120.0
321.002	0.178	fixation	n/a	118.8	195.0	3625.0	n/a	n/a	n/a	n/a
321.182	0.032	saccade	n/a	121.2	197.5	n/a	119.6	286.8	3.44	188.0
321.216	0.204	fixation	n/a	118.4	290.9	3792.0	n/a	n/a	n/a	n/a
321.422	0.026	saccade	n/a	118.0	293.2	n/a	136.4	334.3	1.72	122.0
321.45	0.212	fixation	n/a	138.1	338.0	3975.0	n/a	n/a	n/a	n/a
321.664	0.028	saccade	n/a	138.6	338.5	n/a	133.3	274.0	2.49	166.0
321.694	0.048	fixation	n/a	134.3	274.6	4023.0	n/a	n/a	n/a	n/a
321.744	0.14	saccade	n/a	136.8	267.0	n/a	128.1	178.6	3.42	2601.0
321.804	0.03	blink	n/a	n/a	n/a	n/a	n/a	n/a	n/a	n/a
321.886	0.322	fixation	n/a	127.9	204.6	4175.0	n/a	n/a	n/a	n/a
322.21	0.028	saccade	n/a	128.6	211.3	n/a	122.4	272.0	2.35	160.0
322.24	0.69	fixation	n/a	122.6	275.7	4461.0	n/a	n/a	n/a	n/a
322.932	0.016	saccade	n/a	124.3	274.6	n/a	105.8	277.7	0.7	59.0
322.95	0.222	fixation	n/a	110.1	279.6	4539.0	n/a	n/a	n/a	n/a
323.174	0.014	saccade	n/a	115.4	281.4	n/a	128.6	288.0	0.55	45.0
323.19	0.098	fixation	n/a	128.2	290.3	4603.0	n/a	n/a	n/a	n/a
323.29	0.036	saccade	n/a	129.7	293.0	n/a	208.4	401.7	5.12	266.0
323.328	0.17	fixation	n/a	212.5	409.6	4725.0	n/a	n/a	n/a	n/a
323.5	0.048	saccade	n/a	211.1	408.7	n/a	391.2	403.2	6.84	224.0
323.55	0.124	fixation	n/a	398.0	405.5	4742.0	n/a	n/a	n/a	n/a
323.676	0.124	saccade	n/a	399.6	408.2	n/a	124.2	218.7	12.72	2411.0
323.718	0.04	blink	n/a	n/a	n/a	n/a	n/a	n/a	n/a	n/a
323.802	0.104	fixation	n/a	123.7	240.4	4641.0	n/a	n/a	n/a	n/a
323.908	0.022	saccade	n/a	124.3	240.8	n/a	123.6	206.3	1.33	106.0
323.932	0.358	fixation	n/a	125.9	211.0	4595.0	n/a	n/a	n/a	n/a
324.292	0.018	saccade	n/a	128.6	218.7	n/a	101.3	214.0	1.03	78.0
324.312	0.796	fixation	n/a	108.7	212.7	4599.0	n/a	n/a	n/a	n/a
325.11	0.136	saccade	n/a	116.4	196.6	n/a	138.5	189.1	0.88	1915.0
325.138	0.046	blink	n/a	n/a	n/a	n/a	n/a	n/a	n/a	n/a
325.248	0.664	fixation	n/a	132.8	219.2	4660.0	n/a	n/a	n/a	n/a
325.914	0.018	saccade	n/a	130.2	219.4	n/a	133.7	242.0	0.88	62.0
325.934	0.12	fixation	n/a	136.7	242.7	4602.0	n/a	n/a	n/a	n/a
326.056	0.024	saccade	n/a	138.3	246.3	n/a	128.0	287.0	1.62	119.0
326.082	0.68	fixation	n/a	128.6	282.6	4696.0	n/a	n/a	n/a	n/a
326.452	0.0	trigger_15	15	n/a	n/a	n/a	n/a	n/a	n/a	n/a
326.508	0.0	trigger_10	10	n/a	n/a	n/a	n/a	n/a	n/a	n/a
326.764	0.048	saccade	n/a	134.0	285.8	n/a	198.1	145.9	5.9	197.0
326.814	0.252	fixation	n/a	205.7	145.7	4766.0	n/a	n/a	n/a	n/a
327.068	0.04	saccade	n/a	210.3	150.2	n/a	329.3	144.7	4.52	182.0
327.11	0.246	fixation	n/a	333.8	146.2	4814.0	n/a	n/a	n/a	n/a
327.358	0.044	saccade	n/a	335.4	149.1	n/a	149.2	139.7	7.05	293.0
327.404	0.366	fixation	n/a	155.9	170.4	4999.0	n/a	n/a	n/a	n/a
327.772	0.578	saccade	n/a	177.2	192.1	n/a	560.5	932.1	29.22	126.0
327.8	0.536	blink	n/a	n/a	n/a	n/a	n/a	n/a	n/a	n/a
328.352	0.114	fixation	n/a	544.6	947.2	1569.0	n/a	n/a	n/a	n/a
328.468	0.026	saccade	n/a	889.2	-507.6	n/a	889.7	-500.6	0.21	62.0
328.478	0.002	blink	n/a	n/a	n/a	n/a	n/a	n/a	n/a	n/a
328.496	0.092	fixation	n/a	877.9	-460.9	1334.0	n/a	n/a	n/a	n/a
328.59	1.878	saccade	n/a	867.1	-433.2	n/a	-426.6	704.9	53.21	2134.0
328.612	1.832	blink	n/a	n/a	n/a	n/a	n/a	n/a	n/a	n/a
330.47	0.238	fixation	n/a	-437.7	698.3	4418.0	n/a	n/a	n/a	n/a
330.71	0.052	saccade	n/a	-440.3	696.9	n/a	-442.1	696.3	0.06	2690.0
330.734	0.004	blink	n/a	n/a	n/a	n/a	n/a	n/a	n/a	n/a
330.764	0.032	fixation	n/a	-444.2	695.3	4346.0	n/a	n/a	n/a	n/a
330.798	0.314	saccade	n/a	-446.0	694.4	n/a	-412.8	713.9	1.15	3053.0
330.818	0.268	blink	n/a	n/a	n/a	n/a	n/a	n/a	n/a	n/a
331.114	0.032	fixation	n/a	-412.3	714.1	4115.0	n/a	n/a	n/a	n/a
331.148	1.416	saccade	n/a	-413.8	713.1	n/a	528.9	221.9	35.66	2525.0
331.174	1.362	blink	n/a	n/a	n/a	n/a	n/a	n/a	n/a	n/a
332.566	0.532	fixation	n/a	537.7	218.5	4611.0	n/a	n/a	n/a	n/a
333.1	0.164	saccade	n/a	534.2	222.4	n/a	529.0	127.9	3.65	3270.0
333.266	0.15	fixation	n/a	536.0	154.2	4307.0	n/a	n/a	n/a	n/a
333.418	0.04	saccade	n/a	533.5	167.1	n/a	545.6	171.4	0.49	2177.0
333.46	0.132	fixation	n/a	546.7	176.5	4589.0	n/a	n/a	n/a	n/a
333.594	0.022	saccade	n/a	552.5	177.6	n/a	599.6	178.0	1.77	116.0
333.618	0.478	fixation	n/a	600.3	173.8	4927.0	n/a	n/a	n/a	n/a
334.098	0.026	saccade	n/a	609.3	143.7	n/a	566.1	175.1	2.02	129.0
334.126	0.146	fixation	n/a	567.3	159.2	4681.0	n/a	n/a	n/a	n/a
334.274	0.056	saccade	n/a	567.9	157.6	n/a	276.8	180.6	11.08	347.0
334.332	0.062	fixation	n/a	268.3	172.7	4680.0	n/a	n/a	n/a	n/a
334.396	0.116	saccade	n/a	253.8	159.3	n/a	121.0	101.5	5.46	3270.0
334.514	0.262	fixation	n/a	114.8	146.6	4611.0	n/a	n/a	n/a	n/a
334.778	0.024	saccade	n/a	113.5	160.3	n/a	170.3	158.8	2.12	131.0
334.804	0.25	fixation	n/a	176.2	162.2	4563.0	n/a	n/a	n/a	n/a
335.056	0.022	saccade	n/a	174.0	161.5	n/a	131.1	165.0	1.62	108.0
335.08	0.132	fixation	n/a	128.8	164.8	4438.0	n/a	n/a	n/a	n/a
335.214	0.174	saccade	n/a	134.3	161.9	n/a	149.0	94.8	2.62	3270.0
335.39	0.402	fixation	n/a	145.2	151.9	4453.0	n/a	n/a	n/a	n/a
335.794	0.028	saccade	n/a	153.4	165.9	n/a	243.3	166.7	3.4	175.0
335.824	0.174	fixation	n/a	256.2	168.1	4666.0	n/a	n/a	n/a	n/a
336.0	0.026	saccade	n/a	257.5	159.8	n/a	316.6	168.6	2.29	140.0
336.028	0.152	fixation	n/a	321.6	173.5	4767.0	n/a	n/a	n/a	n/a
336.182	0.026	saccade	n/a	321.5	176.2	n/a	261.0	160.8	2.39	149.0
336.21	0.288	fixation	n/a	256.0	149.2	4648.0	n/a	n/a	n/a	n/a
336.5	0.032	saccade	n/a	255.2	152.1	n/a	349.9	162.5	3.64	176.0
336.534	0.19	fixation	n/a	354.7	155.4	4667.0	n/a	n/a	n/a	n/a
336.726	0.028	saccade	n/a	357.3	152.7	n/a	447.0	150.9	3.43	165.0
336.756	0.216	fixation	n/a	456.0	148.1	4703.0	n/a	n/a	n/a	n/a
336.974	0.024	saccade	n/a	457.2	145.3	n/a	507.9	140.0	1.94	118.0
337.0	0.222	fixation	n/a	511.5	141.4	4644.0	n/a	n/a	n/a	n/a
337.224	0.024	saccade	n/a	512.3	139.8	n/a	568.2	129.0	2.15	123.0
337.25	0.392	fixation	n/a	570.5	129.3	4537.0	n/a	n/a	n/a	n/a
337.644	0.022	saccade	n/a	566.8	129.4	n/a	604.1	123.7	1.42	90.0
337.668	0.24	fixation	n/a	608.8	126.4	4472.0	n/a	n/a	n/a	n/a
337.91	0.136	saccade	n/a	606.8	134.9	n/a	606.4	103.9	1.19	1665.0
338.048	0.662	fixation	n/a	607.2	125.7	4427.0	n/a	n/a	n/a	n/a
338.712	0.062	saccade	n/a	606.7	131.1	n/a	193.4	217.6	15.92	433.0
338.776	0.118	fixation	n/a	182.6	215.8	4512.0	n/a	n/a	n/a	n/a
338.896	0.028	saccade	n/a	179.4	213.3	n/a	120.7	212.5	2.2	146.0
338.926	0.168	fixation	n/a	121.2	213.1	4360.0	n/a	n/a	n/a	n/a
339.096	0.126	saccade	n/a	123.9	179.0	n/a	204.5	198.7	3.14	2113.0
339.156	0.004	blink	n/a	n/a	n/a	n/a	n/a	n/a	n/a	n/a
339.224	0.368	fixation	n/a	204.3	214.8	4099.0	n/a	n/a	n/a	n/a
339.594	0.026	saccade	n/a	207.6	222.0	n/a	281.4	223.4	2.82	148.0
339.622	0.556	fixation	n/a	288.6	217.6	3987.0	n/a	n/a	n/a	n/a
340.18	0.026	saccade	n/a	289.4	215.5	n/a	353.0	216.7	2.44	123.0
340.208	0.25	fixation	n/a	367.2	217.6	3876.0	n/a	n/a	n/a	n/a
340.46	0.034	saccade	n/a	371.3	219.8	n/a	472.2	217.4	3.87	170.0
340.496	0.126	fixation	n/a	475.0	214.7	3878.0	n/a	n/a	n/a	n/a
340.624	0.138	saccade	n/a	473.3	212.8	n/a	386.4	209.2	3.34	3270.0
340.764	0.34	fixation	n/a	387.2	207.0	3945.0	n/a	n/a	n/a	n/a
341.106	0.032	saccade	n/a	389.0	207.2	n/a	484.9	204.8	3.67	174.0
341.14	0.37	fixation	n/a	489.8	210.5	3879.0	n/a	n/a	n/a	n/a
341.512	0.028	saccade	n/a	492.2	211.3	n/a	567.8	204.8	2.88	146.0
341.542	0.372	fixation	n/a	564.4	207.5	3653.0	n/a	n/a	n/a	n/a
341.916	0.024	saccade	n/a	558.7	210.3	n/a	606.7	204.6	1.82	112.0
341.942	0.07	fixation	n/a	609.6	204.5	3567.0	n/a	n/a	n/a	n/a
342.014	0.172	saccade	n/a	611.8	206.2	n/a	130.7	276.5	18.25	1603.0
342.078	0.026	blink	n/a	n/a	n/a	n/a	n/a	n/a	n/a	n/a
342.188	0.266	fixation	n/a	133.1	288.1	3931.0	n/a	n/a	n/a	n/a
342.456	0.026	saccade	n/a	133.7	286.9	n/a	210.1	284.3	2.88	159.0
342.484	0.21	fixation	n/a	220.3	288.0	4005.0	n/a	n/a	n/a	n/a
342.696	0.116	saccade	n/a	216.8	284.1	n/a	133.0	239.8	3.6	2982.0
342.814	0.134	fixation	n/a	132.5	263.6	3868.0	n/a	n/a	n/a	n/a
342.95	0.038	saccade	n/a	135.0	267.0	n/a	160.7	132.2	5.27	264.0
342.99	0.24	fixation	n/a	170.2	135.1	3939.0	n/a	n/a	n/a	n/a
343.232	0.032	saccade	n/a	179.6	137.0	n/a	297.0	136.3	4.46	200.0
343.266	0.392	fixation	n/a	309.1	139.5	4076.0	n/a	n/a	n/a	n/a
343.66	0.022	saccade	n/a	314.0	141.5	n/a	357.8	145.4	1.68	111.0
343.684	0.164	fixation	n/a	365.4	146.2	4137.0	n/a	n/a	n/a	n/a
343.85	0.024	saccade	n/a	367.5	148.1	n/a	326.6	143.6	1.58	112.0
343.876	0.516	fixation	n/a	324.5	141.8	4250.0	n/a	n/a	n/a	n/a
344.076	0.0	trigger_11	11	n/a	n/a	n/a	n/a	n/a	n/a	n/a
344.182	0.0	trigger_10	10	n/a	n/a	n/a	n/a	n/a	n/a	n/a
344.394	0.172	saccade	n/a	325.9	147.0	n/a	113.8	88.0	8.32	2009.0
344.484	0.004	blink	n/a	n/a	n/a	n/a	n/a	n/a	n/a	n/a
344.568	0.39	fixation	n/a	111.2	135.4	4312.0	n/a	n/a	n/a	n/a
344.96	0.024	saccade	n/a	115.1	148.1	n/a	167.0	154.0	1.95	123.0
344.986	0.154	fixation	n/a	168.6	156.2	4356.0	n/a	n/a	n/a	n/a
345.142	0.016	saccade	n/a	166.3	155.6	n/a	141.7	160.4	0.94	74.0
345.16	0.464	fixation	n/a	142.9	157.8	4249.0	n/a	n/a	n/a	n/a
345.626	0.02	saccade	n/a	147.6	160.9	n/a	181.2	157.3	1.27	89.0
345.648	0.912	fixation	n/a	190.5	160.4	4323.0	n/a	n/a	n/a	n/a
346.562	0.016	saccade	n/a	207.5	164.8	n/a	227.0	165.1	0.74	60.0
346.58	0.094	fixation	n/a	225.7	171.2	4241.0	n/a	n/a	n/a	n/a
346.676	0.154	saccade	n/a	226.9	165.1	n/a	269.4	113.5	2.57	2805.0
346.832	0.29	fixation	n/a	271.5	152.3	4389.0	n/a	n/a	n/a	n/a
347.124	0.022	saccade	n/a	276.1	155.1	n/a	323.6	156.7	1.82	116.0
347.148	0.502	fixation	n/a	315.8	151.2	4073.0	n/a	n/a	n/a	n/a
347.652	0.014	saccade	n/a	308.8	151.2	n/a	324.6	151.1	0.6	51.0
347.668	0.198	fixation	n/a	327.7	159.0	3727.0	n/a	n/a	n/a	n/a
347.868	0.03	saccade	n/a	329.1	161.4	n/a	255.0	151.8	2.86	172.0
347.9	0.262	fixation	n/a	257.9	153.1	3726.0	n/a	n/a	n/a	n/a
348.164	0.142	saccade	n/a	256.4	154.8	n/a	370.5	126.5	4.5	2863.0
348.308	0.332	fixation	n/a	376.0	155.5	3952.0	n/a	n/a	n/a	n/a
348.642	0.032	saccade	n/a	381.8	158.1	n/a	476.8	158.5	3.63	172.0
348.676	0.51	fixation	n/a	472.3	169.1	3883.0	n/a	n/a	n/a	n/a
349.188	0.026	saccade	n/a	462.1	169.7	n/a	517.7	161.6	2.14	119.0
349.216	0.274	fixation	n/a	518.1	157.3	3667.0	n/a	n/a	n/a	n/a
349.492	0.026	saccade	n/a	518.7	155.2	n/a	583.6	146.2	2.48	132.0
349.52	0.15	fixation	n/a	589.7	141.4	3791.0	n/a	n/a	n/a	n/a
349.672	0.144	saccade	n/a	587.6	125.8	n/a	165.9	193.4	16.09	2727.0
349.818	0.12	fixation	n/a	167.1	213.5	3776.0	n/a	n/a	n/a	n/a
349.94	0.026	saccade	n/a	163.5	220.6	n/a	104.9	218.9	2.2	141.0
349.968	0.242	fixation	n/a	103.5	221.3	3854.0	n/a	n/a	n/a	n/a
350.212	0.152	saccade	n/a	113.6	218.8	n/a	218.9	178.8	4.26	2035.0
350.366	0.194	fixation	n/a	216.6	204.1	3728.0	n/a	n/a	n/a	n/a
350.562	0.026	saccade	n/a	214.6	204.9	n/a	192.2	152.3	2.2	154.0
350.59	0.312	fixation	n/a	188.1	156.1	3808.0	n/a	n/a	n/a	n/a
350.904	0.032	saccade	n/a	184.3	159.2	n/a	288.6	207.9	4.4	227.0
350.938	0.428	fixation	n/a	294.6	217.0	3803.0	n/a	n/a	n/a	n/a
351.368	0.028	saccade	n/a	296.0	218.1	n/a	387.3	219.2	3.52	172.0
351.398	0.162	fixation	n/a	396.1	217.9	3750.0	n/a	n/a	n/a	n/a
351.562	0.018	saccade	n/a	394.5	218.9	n/a	369.2	217.9	0.97	74.0
351.582	0.368	fixation	n/a	368.3	221.7	3808.0	n/a	n/a	n/a	n/a
351.952	0.126	saccade	n/a	366.5	207.5	n/a	350.7	192.5	0.84	2542.0
352.016	0.008	blink	n/a	n/a	n/a	n/a	n/a	n/a	n/a	n/a
352.08	0.178	fixation	n/a	355.5	211.9	3677.0	n/a	n/a	n/a	n/a
352.26	0.026	saccade	n/a	357.6	215.8	n/a	421.8	215.7	2.47	135.0
352.288	1.26	fixation	n/a	425.7	216.8	3646.0	n/a	n/a	n/a	n/a
353.55	0.014	saccade	n/a	436.3	217.6	n/a	455.0	215.0	0.73	63.0
353.566	0.704	fixation	n/a	449.8	216.8	3616.0	n/a	n/a	n/a	n/a
354.272	0.014	saccade	n/a	453.0	219.0	n/a	468.9	216.2	0.62	54.0
354.288	1.418	fixation	n/a	480.4	211.8	3810.0	n/a	n/a	n/a	n/a
355.708	0.014	saccade	n/a	488.4	209.4	n/a	503.2	205.3	0.59	50.0
355.724	0.498	fixation	n/a	504.4	209.0	3972.0	n/a	n/a	n/a	n/a
356.224	0.028	saccade	n/a	505.8	212.8	n/a	576.7	204.9	2.72	147.0
356.254	0.126	fixation	n/a	575.7	203.7	4000.0	n/a	n/a	n/a	n/a
356.382	0.144	saccade	n/a	571.0	202.7	n/a	581.9	187.7	0.71	2446.0
356.528	0.288	fixation	n/a	588.0	199.7	3965.0	n/a	n/a	n/a	n/a
356.818	0.022	saccade	n/a	592.6	198.9	n/a	632.9	194.0	1.53	96.0
356.842	0.266	fixation	n/a	636.1	194.0	4054.0	n/a	n/a	n/a	n/a
357.11	0.02	saccade	n/a	638.4	194.3	n/a	673.0	189.3	1.3	88.0
357.132	0.072	fixation	n/a	673.3	190.6	3899.0	n/a	n/a	n/a	n/a
357.206	0.136	saccade	n/a	665.0	196.8	n/a	140.1	258.7	19.73	3178.0
357.284	0.002	blink	n/a	n/a	n/a	n/a	n/a	n/a	n/a	n/a
357.344	0.14	fixation	n/a	146.5	269.3	3731.0	n/a	n/a	n/a	n/a
357.486	0.022	saccade	n/a	147.6	272.6	n/a	107.2	279.9	1.55	107.0
357.51	0.268	fixation	n/a	104.0	280.6	3879.0	n/a	n/a	n/a	n/a
357.78	0.114	saccade	n/a	91.5	264.6	n/a	214.8	273.6	4.67	1838.0
357.896	0.216	fixation	n/a	210.6	282.5	3672.0	n/a	n/a	n/a	n/a
358.114	0.02	saccade	n/a	207.9	284.4	n/a	170.0	281.6	1.44	97.0
358.136	0.136	fixation	n/a	166.5	281.8	3681.0	n/a	n/a	n/a	n/a
358.274	0.03	saccade	n/a	167.5	281.2	n/a	273.6	285.2	4.04	200.0
358.306	0.286	fixation	n/a	287.9	286.7	3527.0	n/a	n/a	n/a	n/a
358.594	0.022	saccade	n/a	288.5	286.6	n/a	249.1	284.5	1.51	95.0
358.618	0.156	fixation	n/a	244.4	282.2	3442.0	n/a	n/a	n/a	n/a
358.776	0.034	saccade	n/a	245.5	281.9	n/a	347.1	288.6	3.91	180.0
358.812	0.18	fixation	n/a	352.6	289.4	3402.0	n/a	n/a	n/a	n/a
358.994	0.026	saccade	n/a	354.1	286.5	n/a	426.2	280.6	2.78	142.0
359.022	0.276	fixation	n/a	437.5	280.7	3418.0	n/a	n/a	n/a	n/a
359.3	0.016	saccade	n/a	442.8	279.8	n/a	465.3	278.9	0.86	65.0
359.318	0.224	fixation	n/a	468.4	280.7	3301.0	n/a	n/a	n/a	n/a
359.544	0.028	saccade	n/a	470.6	281.2	n/a	549.9	274.9	3.03	146.0
359.574	0.15	fixation	n/a	556.9	275.0	3164.0	n/a	n/a	n/a	n/a
359.726	0.026	saccade	n/a	556.4	274.8	n/a	484.7	273.1	2.73	157.0
359.754	0.138	fixation	n/a	478.3	272.8	3214.0	n/a	n/a	n/a	n/a
359.894	0.028	saccade	n/a	479.8	273.7	n/a	566.1	271.3	3.29	156.0
359.924	0.066	fixation	n/a	573.8	272.8	3271.0	n/a	n/a	n/a	n/a
359.992	0.126	saccade	n/a	573.2	274.0	n/a	139.1	339.9	16.55	1868.0
360.12	0.304	fixation	n/a	139.1	346.0	3369.0	n/a	n/a	n/a	n/a
360.426	0.014	saccade	n/a	139.2	350.8	n/a	121.7	351.8	0.66	55.0
360.442	0.12	fixation	n/a	122.2	352.7	3405.0	n/a	n/a	n/a	n/a
360.564	0.024	saccade	n/a	126.9	354.4	n/a	186.7	355.6	2.26	138.0
360.59	0.102	fixation	n/a	192.6	356.4	3342.0	n/a	n/a	n/a	n/a
360.694	0.114	saccade	n/a	190.3	347.9	n/a	208.0	111.6	9.15	1959.0
360.746	0.002	blink	n/a	n/a	n/a	n/a	n/a	n/a	n/a	n/a
360.81	0.156	fixation	n/a	209.7	125.6	3217.0	n/a	n/a	n/a	n/a
360.968	0.022	saccade	n/a	207.4	122.8	n/a	161.8	122.5	1.72	110.0
360.992	0.164	fixation	n/a	161.1	124.4	3288.0	n/a	n/a	n/a	n/a
361.158	0.05	saccade	n/a	165.2	126.2	n/a	377.1	137.0	8.08	240.0
361.21	0.216	fixation	n/a	382.8	128.3	3463.0	n/a	n/a	n/a	n/a
361.428	0.036	saccade	n/a	384.3	125.9	n/a	490.4	129.3	4.05	176.0
361.466	0.23	fixation	n/a	493.2	133.6	3597.0	n/a	n/a	n/a	n/a
361.698	0.02	saccade	n/a	489.8	133.6	n/a	450.4	123.0	1.56	110.0
361.72	0.244	fixation	n/a	449.5	127.8	3738.0	n/a	n/a	n/a	n/a
361.966	0.038	saccade	n/a	452.0	128.2	n/a	561.3	130.1	4.15	159.0
362.006	0.174	fixation	n/a	565.9	134.4	3762.0	n/a	n/a	n/a	n/a
362.182	0.118	saccade	n/a	567.5	138.1	n/a	129.1	190.2	16.6	1762.0
362.302	0.218	fixation	n/a	130.3	219.5	3884.0	n/a	n/a	n/a	n/a
362.522	0.028	saccade	n/a	133.7	229.3	n/a	214.8	219.9	3.09	160.0
362.552	0.116	fixation	n/a	228.7	222.8	3974.0	n/a	n/a	n/a	n/a
362.67	0.032	saccade	n/a	230.4	224.3	n/a	210.3	135.5	3.53	223.0
362.704	0.162	fixation	n/a	211.1	133.9	3914.0	n/a	n/a	n/a	n/a
362.734	0.0	trigger_11	11	n/a	n/a	n/a	n/a	n/a	n/a	n/a
362.842	0.0	trigger_10	10	n/a	n/a	n/a	n/a	n/a	n/a	n/a
362.868	0.024	saccade	n/a	213.0	135.0	n/a	264.8	141.2	1.99	123.0
362.894	0.2	fixation	n/a	271.8	143.8	3896.0	n/a	n/a	n/a	n/a
363.096	0.14	saccade	n/a	274.7	147.1	n/a	119.0	80.9	6.4	2029.0
363.238	0.4	fixation	n/a	118.6	115.0	3995.0	n/a	n/a	n/a	n/a
363.64	0.138	saccade	n/a	113.7	113.3	n/a	173.6	111.7	2.24	1837.0
363.696	0.01	blink	n/a	n/a	n/a	n/a	n/a	n/a	n/a	n/a
363.78	0.22	fixation	n/a	175.2	131.6	3999.0	n/a	n/a	n/a	n/a
364.002	0.028	saccade	n/a	179.7	137.4	n/a	261.5	143.5	3.12	163.0
364.032	0.474	fixation	n/a	269.7	147.5	4002.0	n/a	n/a	n/a	n/a
364.508	0.024	saccade	n/a	271.6	144.6	n/a	332.7	148.8	2.34	136.0
364.534	0.236	fixation	n/a	343.0	152.1	4001.0	n/a	n/a	n/a	n/a
364.772	0.026	saccade	n/a	348.0	152.8	n/a	421.9	148.3	2.84	147.0
364.8	0.086	fixation	n/a	427.0	148.4	4054.0	n/a	n/a	n/a	n/a
364.888	0.14	saccade	n/a	426.0	138.6	n/a	423.3	126.2	0.49	3270.0
364.966	0.014	blink	n/a	n/a	n/a	n/a	n/a	n/a	n/a	n/a
365.03	0.302	fixation	n/a	426.7	138.3	4103.0	n/a	n/a	n/a	n/a
365.334	0.03	saccade	n/a	426.6	140.1	n/a	501.3	143.1	2.86	150.0
365.366	0.62	fixation	n/a	513.7	143.1	3980.0	n/a	n/a	n/a	n/a
365.988	0.026	saccade	n/a	527.9	143.5	n/a	600.5	131.9	2.77	153.0
366.016	0.264	fixation	n/a	606.6	130.6	3768.0	n/a	n/a	n/a	n/a
366.282	0.14	saccade	n/a	604.2	128.2	n/a	107.2	176.8	18.67	2314.0
366.326	0.022	blink	n/a	n/a	n/a	n/a	n/a	n/a	n/a	n/a
366.424	0.432	fixation	n/a	114.0	195.6	3837.0	n/a	n/a	n/a	n/a
366.858	0.024	saccade	n/a	116.2	197.7	n/a	181.1	206.4	2.46	142.0
366.884	0.358	fixation	n/a	190.8	212.3	3846.0	n/a	n/a	n/a	n/a
367.244	0.02	saccade	n/a	195.0	214.9	n/a	235.3	218.4	1.54	109.0
367.266	0.3	fixation	n/a	237.4	218.4	3650.0	n/a	n/a	n/a	n/a
367.568	0.02	saccade	n/a	241.9	216.3	n/a	273.7	215.8	1.22	84.0
367.59	0.192	fixation	n/a	280.6	218.8	3505.0	n/a	n/a	n/a	n/a
367.784	0.024	saccade	n/a	285.8	221.2	n/a	334.6	216.1	1.89	115.0
367.81	0.376	fixation	n/a	334.5	215.2	3438.0	n/a	n/a	n/a	n/a
368.188	0.022	saccade	n/a	331.1	218.7	n/a	377.1	213.8	1.78	115.0
368.212	0.202	fixation	n/a	383.2	214.0	3418.0	n/a	n/a	n/a	n/a
368.416	0.026	saccade	n/a	386.9	215.0	n/a	451.0	212.1	2.47	129.0
368.444	0.296	fixation	n/a	460.6	210.6	3529.0	n/a	n/a	n/a	n/a
368.742	0.022	saccade	n/a	464.2	209.6	n/a	505.4	206.9	1.58	104.0
368.766	0.164	fixation	n/a	508.0	210.5	3535.0	n/a	n/a	n/a	n/a
368.932	0.176	saccade	n/a	504.6	206.3	n/a	85.8	258.6	15.93	1923.0
369.11	0.172	fixation	n/a	86.2	263.1	3475.0	n/a	n/a	n/a	n/a
369.284	0.202	saccade	n/a	84.4	251.3	n/a	119.1	271.2	1.5	1902.0
369.336	0.056	blink	n/a	n/a	n/a	n/a	n/a	n/a	n/a	n/a
369.488	0.292	fixation	n/a	117.6	276.4	3580.0	n/a	n/a	n/a	n/a
369.782	0.03	saccade	n/a	119.6	280.4	n/a	159.3	182.8	4.05	205.0
369.814	0.31	fixation	n/a	179.3	166.2	3446.0	n/a	n/a	n/a	n/a
369.846	0.0	trigger_11	11	n/a	n/a	n/a	n/a	n/a	n/a	n/a
369.95	0.0	trigger_10	10	n/a	n/a	n/a	n/a	n/a	n/a	n/a
370.126	0.028	saccade	n/a	180.5	164.5	n/a	138.6	112.4	2.55	154.0
370.156	0.14	fixation	n/a	138.5	116.1	3325.0	n/a	n/a	n/a	n/a
370.298	0.142	saccade	n/a	141.0	111.1	n/a	113.1	99.7	1.13	1871.0
370.364	0.012	blink	n/a	n/a	n/a	n/a	n/a	n/a	n/a	n/a
370.442	0.162	fixation	n/a	109.1	115.7	3314.0	n/a	n/a	n/a	n/a
370.606	0.022	saccade	n/a	112.1	116.6	n/a	159.7	123.6	1.8	115.0
370.63	0.232	fixation	n/a	165.0	122.2	3456.0	n/a	n/a	n/a	n/a
370.864	0.016	saccade	n/a	168.7	123.8	n/a	188.4	129.4	0.77	57.0
370.882	0.23	fixation	n/a	188.3	129.6	3497.0	n/a	n/a	n/a	n/a
371.114	0.024	saccade	n/a	190.2	128.5	n/a	247.7	134.6	2.19	119.0
371.14	0.232	fixation	n/a	258.4	140.0	3527.0	n/a	n/a	n/a	n/a
371.374	0.032	saccade	n/a	261.0	140.6	n/a	354.6	147.5	3.58	172.0
371.408	0.282	fixation	n/a	359.5	145.6	3590.0	n/a	n/a	n/a	n/a
371.692	0.022	saccade	n/a	363.7	145.6	n/a	410.4	140.6	1.8	111.0
371.716	0.31	fixation	n/a	418.8	140.7	3709.0	n/a	n/a	n/a	n/a
372.028	0.02	saccade	n/a	413.6	142.0	n/a	374.6	143.3	1.5	104.0
372.05	0.208	fixation	n/a	372.9	145.4	3772.0	n/a	n/a	n/a	n/a
372.26	0.028	saccade	n/a	375.4	145.7	n/a	455.1	135.3	3.07	150.0
372.29	0.106	fixation	n/a	459.4	134.3	3813.0	n/a	n/a	n/a	n/a
372.398	0.142	saccade	n/a	458.9	134.1	n/a	160.4	165.3	11.39	3270.0
372.462	0.016	blink	n/a	n/a	n/a	n/a	n/a	n/a	n/a	n/a
372.542	0.144	fixation	n/a	149.8	191.1	3908.0	n/a	n/a	n/a	n/a
372.688	0.02	saccade	n/a	145.9	195.9	n/a	106.5	197.3	1.48	104.0
372.71	0.162	fixation	n/a	106.1	199.8	3891.0	n/a	n/a	n/a	n/a
372.874	0.178	saccade	n/a	110.2	197.4	n/a	167.5	174.8	2.32	3263.0
372.94	0.052	blink	n/a	n/a	n/a	n/a	n/a	n/a	n/a	n/a
373.054	0.22	fixation	n/a	166.8	204.7	3743.0	n/a	n/a	n/a	n/a
373.276	0.02	saccade	n/a	166.3	207.9	n/a	131.1	204.9	1.33	90.0
373.298	0.374	fixation	n/a	129.5	208.3	3833.0	n/a	n/a	n/a	n/a
373.674	0.034	saccade	n/a	133.9	212.2	n/a	232.7	215.9	3.73	172.0
373.71	0.33	fixation	n/a	234.9	214.7	3763.0	n/a	n/a	n/a	n/a
374.042	0.124	saccade	n/a	235.0	203.7	n/a	321.1	202.3	3.29	3270.0
374.106	0.014	blink	n/a	n/a	n/a	n/a	n/a	n/a	n/a	n/a
374.168	0.35	fixation	n/a	322.6	214.5	3638.0	n/a	n/a	n/a	n/a
374.52	0.018	saccade	n/a	328.6	219.3	n/a	353.5	219.1	0.96	68.0
374.54	0.14	fixation	n/a	354.1	218.9	3664.0	n/a	n/a	n/a	n/a
374.682	0.14	saccade	n/a	351.9	206.8	n/a	376.3	182.4	1.33	3270.0
374.744	0.032	blink	n/a	n/a	n/a	n/a	n/a	n/a	n/a	n/a
374.824	0.17	fixation	n/a	375.7	202.2	3521.0	n/a	n/a	n/a	n/a
374.996	0.026	saccade	n/a	377.0	205.4	n/a	440.2	207.2	2.43	132.0
375.024	0.492	fixation	n/a	449.7	210.3	3611.0	n/a	n/a	n/a	n/a
375.518	0.026	saccade	n/a	452.6	212.4	n/a	518.5	208.5	2.52	133.0
375.546	0.342	fixation	n/a	530.1	207.7	3591.0	n/a	n/a	n/a	n/a
375.89	0.018	saccade	n/a	534.0	206.4	n/a	561.8	204.2	1.06	75.0
375.91	0.162	fixation	n/a	561.7	204.1	3638.0	n/a	n/a	n/a	n/a
376.074	0.022	saccade	n/a	565.5	207.6	n/a	614.1	200.8	1.85	112.0
376.098	0.266	fixation	n/a	618.5	202.2	3581.0	n/a	n/a	n/a	n/a
376.366	0.024	saccade	n/a	619.6	201.3	n/a	672.9	192.3	2.01	116.0
376.392	0.136	fixation	n/a	677.4	192.0	3517.0	n/a	n/a	n/a	n/a
376.53	0.018	saccade	n/a	681.0	193.1	n/a	705.7	189.4	0.92	68.0
376.55	0.074	fixation	n/a	704.4	191.8	3468.0	n/a	n/a	n/a	n/a
376.626	0.116	saccade	n/a	701.9	195.9	n/a	157.4	275.4	20.47	2117.0
376.662	0.008	blink	n/a	n/a	n/a	n/a	n/a	n/a	n/a	n/a
376.744	0.144	fixation	n/a	159.5	281.3	3741.0	n/a	n/a	n/a	n/a
376.89	0.02	saccade	n/a	156.3	280.5	n/a	121.2	277.3	1.33	99.0
376.912	0.2	fixation	n/a	122.2	280.4	3924.0	n/a	n/a	n/a	n/a
377.114	0.034	saccade	n/a	120.8	282.2	n/a	239.6	278.0	4.49	196.0
377.15	0.272	fixation	n/a	247.7	281.7	3762.0	n/a	n/a	n/a	n/a
377.424	0.032	saccade	n/a	252.4	286.1	n/a	365.4	278.8	4.35	196.0
377.458	0.312	fixation	n/a	376.4	278.0	3624.0	n/a	n/a	n/a	n/a
377.772	0.038	saccade	n/a	380.1	279.0	n/a	489.5	274.3	4.21	168.0
377.812	0.138	fixation	n/a	492.6	275.5	3512.0	n/a	n/a	n/a	n/a
377.952	0.122	saccade	n/a	491.3	274.3	n/a	499.0	253.0	0.88	3270.0
378.008	0.014	blink	n/a	n/a	n/a	n/a	n/a	n/a	n/a	n/a
378.076	0.218	fixation	n/a	500.3	268.1	3363.0	n/a	n/a	n/a	n/a
378.296	0.068	saccade	n/a	504.6	270.1	n/a	354.1	232.9	5.97	216.0
378.366	0.322	fixation	n/a	347.7	230.3	3619.0	n/a	n/a	n/a	n/a
378.69	0.044	saccade	n/a	348.8	234.7	n/a	507.8	264.8	6.23	232.0
378.736	0.214	fixation	n/a	511.6	266.9	3601.0	n/a	n/a	n/a	n/a
378.952	0.024	saccade	n/a	514.3	266.6	n/a	573.4	268.8	2.25	134.0
378.978	0.162	fixation	n/a	579.1	268.5	3541.0	n/a	n/a	n/a	n/a
379.142	0.128	saccade	n/a	580.0	266.5	n/a	143.8	342.7	16.69	2094.0
379.19	0.0	blink	n/a	n/a	n/a	n/a	n/a	n/a	n/a	n/a
379.272	0.14	fixation	n/a	145.4	351.7	3645.0	n/a	n/a	n/a	n/a
379.414	0.018	saccade	n/a	143.6	353.4	n/a	117.2	347.6	1.02	78.0
379.434	0.43	fixation	n/a	121.5	351.3	3634.0	n/a	n/a	n/a	n/a
379.866	0.028	saccade	n/a	126.7	354.9	n/a	207.5	348.7	3.06	148.0
379.896	0.29	fixation	n/a	221.8	349.0	3491.0	n/a	n/a	n/a	n/a
380.188	0.028	saccade	n/a	228.5	351.5	n/a	308.2	346.6	3.06	161.0
380.218	0.232	fixation	n/a	315.5	346.1	3426.0	n/a	n/a	n/a	n/a
380.452	0.032	saccade	n/a	319.5	347.0	n/a	411.3	334.8	3.58	144.0
380.486	0.114	fixation	n/a	418.0	333.7	3380.0	n/a	n/a	n/a	n/a
380.602	0.132	saccade	n/a	417.2	333.3	n/a	533.5	251.0	5.49	3270.0
380.666	0.0	blink	n/a	n/a	n/a	n/a	n/a	n/a	n/a	n/a
380.736	0.156	fixation	n/a	533.2	266.5	3368.0	n/a	n/a	n/a	n/a
380.894	0.02	saccade	n/a	531.3	273.0	n/a	502.7	273.0	1.09	82.0
380.916	0.84	fixation	n/a	503.5	287.4	3710.0	n/a	n/a	n/a	n/a
381.504	0.0	trigger_11	11	n/a	n/a	n/a	n/a	n/a	n/a	n/a
381.612	0.0	trigger_10	10	n/a	n/a	n/a	n/a	n/a	n/a	n/a
381.758	0.238	saccade	n/a	502.1	290.3	n/a	144.4	111.7	15.41	3150.0
381.822	0.0	blink	n/a	n/a	n/a	n/a	n/a	n/a	n/a	n/a
381.998	0.306	fixation	n/a	148.0	129.7	3564.0	n/a	n/a	n/a	n/a
382.306	0.03	saccade	n/a	148.7	127.1	n/a	245.3	138.9	3.72	189.0
382.338	0.25	fixation	n/a	257.3	144.0	3805.0	n/a	n/a	n/a	n/a
382.59	0.026	saccade	n/a	260.7	146.7	n/a	332.5	151.9	2.77	153.0
382.618	0.252	fixation	n/a	341.3	149.8	3807.0	n/a	n/a	n/a	n/a
382.872	0.028	saccade	n/a	345.1	149.4	n/a	419.5	144.5	2.88	142.0
382.902	0.198	fixation	n/a	425.7	144.3	3830.0	n/a	n/a	n/a	n/a
383.102	0.02	saccade	n/a	424.5	143.2	n/a	391.9	146.6	1.27	94.0
383.124	0.162	fixation	n/a	391.1	148.2	3862.0	n/a	n/a	n/a	n/a
383.288	0.038	saccade	n/a	390.2	145.2	n/a	521.4	137.7	5.04	216.0
383.328	0.228	fixation	n/a	527.6	137.3	3921.0	n/a	n/a	n/a	n/a
383.558	0.024	saccade	n/a	531.6	135.9	n/a	588.4	134.7	2.16	125.0
383.584	0.132	fixation	n/a	593.8	137.9	3885.0	n/a	n/a	n/a	n/a
383.718	0.086	saccade	n/a	593.4	140.2	n/a	124.5	168.8	17.7	422.0
383.806	0.264	fixation	n/a	128.4	199.0	3849.0	n/a	n/a	n/a	n/a
384.072	0.028	saccade	n/a	131.6	202.0	n/a	215.7	216.8	3.25	175.0
384.102	0.2	fixation	n/a	228.3	222.2	3869.0	n/a	n/a	n/a	n/a
384.304	0.022	saccade	n/a	225.4	221.7	n/a	180.8	208.2	1.78	116.0
384.328	0.214	fixation	n/a	177.6	209.0	3682.0	n/a	n/a	n/a	n/a
384.544	0.058	saccade	n/a	177.3	208.7	n/a	459.2	150.2	11.02	306.0
384.604	0.186	fixation	n/a	471.1	147.5	3525.0	n/a	n/a	n/a	n/a
384.792	0.024	saccade	n/a	478.7	149.3	n/a	526.6	145.6	1.84	104.0
384.818	0.17	fixation	n/a	533.9	146.2	3578.0	n/a	n/a	n/a	n/a
384.99	0.034	saccade	n/a	534.1	146.3	n/a	423.0	144.7	4.26	218.0
385.026	0.16	fixation	n/a	419.3	145.8	3640.0	n/a	n/a	n/a	n/a
385.188	0.022	saccade	n/a	417.3	145.1	n/a	377.4	145.4	1.54	105.0
385.212	0.196	fixation	n/a	376.0	147.5	3662.0	n/a	n/a	n/a	n/a
385.41	0.044	saccade	n/a	377.8	147.8	n/a	550.2	134.4	6.63	255.0
385.456	0.2	fixation	n/a	558.4	135.8	3712.0	n/a	n/a	n/a	n/a
385.658	0.132	saccade	n/a	555.8	139.1	n/a	110.5	185.1	16.93	3270.0
385.688	0.01	blink	n/a	n/a	n/a	n/a	n/a	n/a	n/a	n/a
385.792	0.364	fixation	n/a	117.5	200.6	3840.0	n/a	n/a	n/a	n/a
386.158	0.026	saccade	n/a	120.7	202.1	n/a	178.2	206.9	2.19	130.0
386.186	0.554	fixation	n/a	185.0	208.6	3642.0	n/a	n/a	n/a	n/a
386.742	0.022	saccade	n/a	183.9	210.1	n/a	234.6	214.7	1.95	124.0
386.766	0.21	fixation	n/a	241.9	213.7	3582.0	n/a	n/a	n/a	n/a
386.978	0.014	saccade	n/a	240.5	212.9	n/a	225.4	212.9	0.58	52.0
386.994	0.17	fixation	n/a	226.0	212.1	3705.0	n/a	n/a	n/a	n/a
387.166	0.02	saccade	n/a	226.1	209.1	n/a	258.1	209.6	1.23	83.0
387.168	0.0	trigger_11	11	n/a	n/a	n/a	n/a	n/a	n/a	n/a
387.188	0.246	fixation	n/a	262.9	213.9	3777.0	n/a	n/a	n/a	n/a
387.272	0.0	trigger_10	10	n/a	n/a	n/a	n/a	n/a	n/a	n/a
387.436	0.042	saccade	n/a	262.9	212.9	n/a	112.5	117.9	6.79	255.0
387.48	0.048	fixation	n/a	108.3	101.0	3816.0	n/a	n/a	n/a	n/a
387.53	0.158	saccade	n/a	104.8	89.3	n/a	116.8	105.1	0.75	2050.0
387.578	0.018	blink	n/a	n/a	n/a	n/a	n/a	n/a	n/a	n/a
387.69	0.43	fixation	n/a	118.0	120.5	3621.0	n/a	n/a	n/a	n/a
388.122	0.02	saccade	n/a	123.3	121.9	n/a	159.4	118.8	1.36	94.0
388.144	0.214	fixation	n/a	165.8	121.5	3549.0	n/a	n/a	n/a	n/a
388.36	0.022	saccade	n/a	170.4	126.3	n/a	215.4	127.8	1.71	114.0
388.384	0.062	fixation	n/a	219.1	128.0	3483.0	n/a	n/a	n/a	n/a
388.448	0.03	saccade	n/a	219.9	127.4	n/a	128.3	115.3	3.49	188.0
388.48	0.152	fixation	n/a	122.0	115.2	3466.0	n/a	n/a	n/a	n/a
388.634	0.04	saccade	n/a	123.1	116.4	n/a	258.6	129.4	5.15	189.0
388.676	0.272	fixation	n/a	265.1	129.4	3461.0	n/a	n/a	n/a	n/a
388.95	0.022	saccade	n/a	270.1	134.2	n/a	314.9	137.3	1.72	111.0
388.974	0.158	fixation	n/a	318.3	138.0	3510.0	n/a	n/a	n/a	n/a
389.134	0.128	saccade	n/a	317.0	126.5	n/a	361.1	116.9	1.73	1977.0
389.174	0.004	blink	n/a	n/a	n/a	n/a	n/a	n/a	n/a	n/a
389.264	0.212	fixation	n/a	360.4	140.5	3485.0	n/a	n/a	n/a	n/a
389.478	0.036	saccade	n/a	361.5	142.9	n/a	455.5	145.7	3.62	166.0
389.516	0.306	fixation	n/a	459.1	145.1	3705.0	n/a	n/a	n/a	n/a
389.824	0.026	saccade	n/a	460.6	148.3	n/a	515.6	147.8	2.11	113.0
389.852	0.08	fixation	n/a	525.3	150.1	3761.0	n/a	n/a	n/a	n/a
389.934	0.022	saccade	n/a	529.2	150.8	n/a	567.6	147.3	1.47	100.0
389.958	0.352	fixation	n/a	570.4	143.5	3633.0	n/a	n/a	n/a	n/a
390.312	0.172	saccade	n/a	582.3	142.3	n/a	132.0	179.4	17.02	1841.0
390.406	0.002	blink	n/a	n/a	n/a	n/a	n/a	n/a	n/a	n/a
390.486	0.168	fixation	n/a	131.3	205.3	3610.0	n/a	n/a	n/a	n/a
390.656	0.014	saccade	n/a	126.6	207.1	n/a	108.6	204.4	0.68	60.0
390.672	0.162	fixation	n/a	112.4	206.4	3628.0	n/a	n/a	n/a	n/a
390.836	0.034	saccade	n/a	118.4	211.2	n/a	230.6	221.6	4.28	190.0
390.872	0.272	fixation	n/a	237.3	223.9	3586.0	n/a	n/a	n/a	n/a
391.146	0.028	saccade	n/a	239.8	224.7	n/a	307.7	225.1	2.61	119.0
391.176	0.168	fixation	n/a	319.6	225.0	3522.0	n/a	n/a	n/a	n/a
391.346	0.03	saccade	n/a	320.4	221.0	n/a	422.4	216.0	3.94	182.0
391.378	0.238	fixation	n/a	436.5	216.4	3485.0	n/a	n/a	n/a	n/a
391.618	0.024	saccade	n/a	440.6	213.9	n/a	493.3	212.1	2.02	107.0
391.644	0.228	fixation	n/a	502.1	212.3	3543.0	n/a	n/a	n/a	n/a
391.874	0.026	saccade	n/a	503.8	213.2	n/a	574.6	209.8	2.7	146.0
391.902	0.116	fixation	n/a	580.5	208.2	3498.0	n/a	n/a	n/a	n/a
392.02	0.152	saccade	n/a	579.4	209.0	n/a	155.7	270.4	16.22	3270.0
392.174	0.142	fixation	n/a	150.5	283.8	3495.0	n/a	n/a	n/a	n/a
392.318	0.02	saccade	n/a	150.7	286.2	n/a	114.3	282.9	1.38	97.0
392.34	0.244	fixation	n/a	114.2	280.5	3562.0	n/a	n/a	n/a	n/a
392.586	0.034	saccade	n/a	117.0	280.4	n/a	230.3	282.0	4.29	194.0
392.622	0.146	fixation	n/a	238.5	284.2	3655.0	n/a	n/a	n/a	n/a
392.77	0.162	saccade	n/a	238.6	285.0	n/a	246.5	200.1	3.33	2132.0
392.826	0.006	blink	n/a	n/a	n/a	n/a	n/a	n/a	n/a	n/a
392.934	0.272	fixation	n/a	243.3	209.5	3684.0	n/a	n/a	n/a	n/a
392.936	0.0	trigger_11	11	n/a	n/a	n/a	n/a	n/a	n/a	n/a
393.04	0.0	trigger_10	10	n/a	n/a	n/a	n/a	n/a	n/a	n/a
393.208	0.036	saccade	n/a	243.9	208.9	n/a	138.9	127.3	5.07	259.0
393.246	0.118	fixation	n/a	135.6	130.2	3811.0	n/a	n/a	n/a	n/a
393.366	0.124	saccade	n/a	135.3	124.3	n/a	141.7	107.4	0.69	1924.0
393.408	0.002	blink	n/a	n/a	n/a	n/a	n/a	n/a	n/a	n/a
393.492	0.196	fixation	n/a	140.8	121.0	3677.0	n/a	n/a	n/a	n/a
393.69	0.026	saccade	n/a	144.4	121.3	n/a	205.3	136.5	2.37	133.0
393.718	0.294	fixation	n/a	212.4	137.7	3718.0	n/a	n/a	n/a	n/a
394.014	0.022	saccade	n/a	216.3	138.8	n/a	256.7	146.7	1.57	102.0
394.038	0.15	fixation	n/a	258.8	146.0	3735.0	n/a	n/a	n/a	n/a
394.19	0.028	saccade	n/a	258.8	142.2	n/a	337.8	146.9	3.02	151.0
394.22	0.276	fixation	n/a	348.3	147.7	3718.0	n/a	n/a	n/a	n/a
394.498	0.016	saccade	n/a	354.3	150.3	n/a	374.9	152.8	0.8	62.0
394.516	0.178	fixation	n/a	373.2	152.4	3836.0	n/a	n/a	n/a	n/a
394.696	0.03	saccade	n/a	374.1	147.8	n/a	461.4	141.7	3.35	160.0
394.728	0.206	fixation	n/a	469.1	143.3	3927.0	n/a	n/a	n/a	n/a
394.936	0.018	saccade	n/a	470.0	144.0	n/a	442.9	145.0	1.04	76.0
394.956	0.224	fixation	n/a	445.0	147.0	4019.0	n/a	n/a	n/a	n/a
395.182	0.024	saccade	n/a	443.8	147.5	n/a	395.3	144.7	1.86	122.0
395.208	0.276	fixation	n/a	392.6	146.1	4009.0	n/a	n/a	n/a	n/a
395.486	0.032	saccade	n/a	394.4	150.7	n/a	494.5	139.8	3.86	192.0
395.52	0.242	fixation	n/a	499.1	138.8	4011.0	n/a	n/a	n/a	n/a
395.764	0.104	saccade	n/a	494.4	140.0	n/a	597.2	123.2	3.94	2204.0
395.87	0.176	fixation	n/a	596.3	140.5	3844.0	n/a	n/a	n/a	n/a
396.048	0.146	saccade	n/a	594.5	145.5	n/a	137.5	169.9	17.21	3270.0
396.126	0.006	blink	n/a	n/a	n/a	n/a	n/a	n/a	n/a	n/a
396.196	0.148	fixation	n/a	138.6	188.2	3846.0	n/a	n/a	n/a	n/a
396.346	0.016	saccade	n/a	135.1	186.8	n/a	116.1	194.6	0.77	63.0
396.364	0.168	fixation	n/a	118.2	197.2	3898.0	n/a	n/a	n/a	n/a
396.534	0.034	saccade	n/a	122.0	202.1	n/a	228.3	219.7	4.08	181.0
396.57	0.35	fixation	n/a	231.6	220.6	3767.0	n/a	n/a	n/a	n/a
396.922	0.028	saccade	n/a	232.9	221.6	n/a	314.8	221.8	3.14	155.0
396.952	0.27	fixation	n/a	329.8	223.1	3635.0	n/a	n/a	n/a	n/a
397.224	0.03	saccade	n/a	335.3	224.0	n/a	426.9	217.2	3.53	161.0
397.256	0.354	fixation	n/a	439.9	217.7	3656.0	n/a	n/a	n/a	n/a
397.612	0.14	saccade	n/a	441.2	211.2	n/a	465.6	196.5	1.1	3270.0
397.67	0.032	blink	n/a	n/a	n/a	n/a	n/a	n/a	n/a	n/a
397.754	0.276	fixation	n/a	469.9	204.0	3539.0	n/a	n/a	n/a	n/a
398.032	0.03	saccade	n/a	472.1	204.5	n/a	551.7	204.3	3.04	162.0
398.064	1.172	fixation	n/a	571.4	208.2	3578.0	n/a	n/a	n/a	n/a
398.992	0.0	trigger_11	11	n/a	n/a	n/a	n/a	n/a	n/a	n/a
399.096	0.0	trigger_12	12	n/a	n/a	n/a	n/a	n/a	n/a	n/a
399.238	0.146	saccade	n/a	578.2	215.8	n/a	129.3	107.9	17.35	1728.0
399.386	0.456	fixation	n/a	130.2	126.2	3862.0	n/a	n/a	n/a	n/a
399.844	0.022	saccade	n/a	126.7	128.1	n/a	173.9	129.6	1.78	113.0
399.868	0.224	fixation	n/a	178.4	129.1	3774.0	n/a	n/a	n/a	n/a
400.094	0.022	saccade	n/a	185.2	133.2	n/a	228.9	144.4	1.71	112.0
400.118	0.36	fixation	n/a	240.3	147.4	3825.0	n/a	n/a	n/a	n/a
400.48	0.024	saccade	n/a	244.5	149.0	n/a	290.4	149.8	1.76	120.0
400.506	0.142	fixation	n/a	294.5	150.5	3872.0	n/a	n/a	n/a	n/a
400.65	0.12	saccade	n/a	292.1	148.3	n/a	302.3	116.3	1.3	2332.0
400.698	0.006	blink	n/a	n/a	n/a	n/a	n/a	n/a	n/a	n/a
400.772	0.162	fixation	n/a	300.4	137.9	3738.0	n/a	n/a	n/a	n/a
400.936	0.032	saccade	n/a	301.9	144.3	n/a	391.5	153.8	3.45	176.0
400.97	0.23	fixation	n/a	398.2	156.6	3902.0	n/a	n/a	n/a	n/a
401.202	0.014	saccade	n/a	398.1	158.1	n/a	379.7	158.0	0.71	60.0
401.218	0.168	fixation	n/a	379.4	156.4	3963.0	n/a	n/a	n/a	n/a
401.388	0.028	saccade	n/a	380.5	158.9	n/a	464.6	154.0	3.25	165.0
401.418	0.118	fixation	n/a	473.4	152.9	3933.0	n/a	n/a	n/a	n/a
401.538	0.02	saccade	n/a	476.1	152.3	n/a	511.2	148.3	1.35	94.0
401.56	0.112	fixation	n/a	513.5	148.6	3940.0	n/a	n/a	n/a	n/a
401.674	0.058	saccade	n/a	514.6	147.8	n/a	165.6	199.3	13.42	404.0
401.734	0.14	fixation	n/a	159.7	206.8	3992.0	n/a	n/a	n/a	n/a
401.876	0.018	saccade	n/a	157.6	208.6	n/a	130.6	206.3	1.02	77.0
401.896	0.19	fixation	n/a	132.1	208.2	3968.0	n/a	n/a	n/a	n/a
402.088	0.038	saccade	n/a	133.2	209.2	n/a	268.2	217.1	5.16	214.0
402.128	0.218	fixation	n/a	273.9	215.6	3774.0	n/a	n/a	n/a	n/a
402.348	0.034	saccade	n/a	278.5	217.2	n/a	377.1	218.8	3.81	167.0
402.384	0.11	fixation	n/a	378.7	219.2	3719.0	n/a	n/a	n/a	n/a
402.496	0.098	saccade	n/a	379.7	212.0	n/a	301.9	206.6	3.01	3226.0
402.596	0.03	fixation	n/a	300.8	210.3	3706.0	n/a	n/a	n/a	n/a
402.628	0.026	saccade	n/a	295.0	219.3	n/a	238.7	220.0	2.16	134.0
402.656	0.498	fixation	n/a	225.6	218.5	3770.0	n/a	n/a	n/a	n/a
403.156	0.028	saccade	n/a	221.1	215.6	n/a	284.0	217.7	2.4	113.0
403.186	0.184	fixation	n/a	292.8	217.5	3650.0	n/a	n/a	n/a	n/a
403.372	0.028	saccade	n/a	294.6	218.3	n/a	371.6	218.0	2.96	145.0
403.402	0.14	fixation	n/a	380.0	217.5	3524.0	n/a	n/a	n/a	n/a
403.544	0.024	saccade	n/a	384.8	218.5	n/a	436.1	216.9	1.97	115.0
403.57	0.358	fixation	n/a	445.5	215.9	3548.0	n/a	n/a	n/a	n/a
403.728	0.0	trigger_13	13	n/a	n/a	n/a	n/a	n/a	n/a	n/a
403.93	0.052	saccade	n/a	447.3	214.9	n/a	159.1	182.9	11.03	348.0
403.984	0.08	fixation	n/a	152.2	184.7	3652.0	n/a	n/a	n/a	n/a
404.066	0.11	saccade	n/a	150.0	173.5	n/a	139.3	113.5	2.33	1870.0
404.178	0.26	fixation	n/a	143.3	128.9	3574.0	n/a	n/a	n/a	n/a
404.44	0.022	saccade	n/a	147.7	127.1	n/a	183.5	139.3	1.43	87.0
404.464	0.16	fixation	n/a	190.5	148.1	3708.0	n/a	n/a	n/a	n/a
404.626	0.032	saccade	n/a	194.4	149.0	n/a	296.5	147.0	3.89	171.0
404.66	0.108	fixation	n/a	304.7	146.7	3840.0	n/a	n/a	n/a	n/a
404.77	0.04	saccade	n/a	305.1	143.8	n/a	173.2	234.3	6.11	313.0
404.812	0.124	fixation	n/a	166.1	242.2	3992.0	n/a	n/a	n/a	n/a
404.938	0.018	saccade	n/a	168.2	243.1	n/a	189.2	228.2	0.98	72.0
404.958	0.126	fixation	n/a	193.9	232.5	4010.0	n/a	n/a	n/a	n/a
405.086	0.028	saccade	n/a	195.1	233.3	n/a	132.6	208.9	2.54	160.0
405.116	0.17	fixation	n/a	132.2	211.0	4024.0	n/a	n/a	n/a	n/a
405.288	0.02	saccade	n/a	130.0	212.7	n/a	94.0	204.9	1.38	98.0
405.31	0.178	fixation	n/a	93.3	206.3	3974.0	n/a	n/a	n/a	n/a
405.49	0.028	saccade	n/a	95.6	209.0	n/a	181.4	214.3	3.22	174.0
405.52	0.292	fixation	n/a	193.7	217.7	4037.0	n/a	n/a	n/a	n/a
405.552	0.0	trigger_15	15	n/a	n/a	n/a	n/a	n/a	n/a	n/a
405.606	0.0	trigger_10	10	n/a	n/a	n/a	n/a	n/a	n/a	n/a
405.814	0.148	saccade	n/a	190.9	208.8	n/a	128.7	99.4	4.8	2083.0
405.858	0.026	blink	n/a	n/a	n/a	n/a	n/a	n/a	n/a	n/a
405.964	0.39	fixation	n/a	130.3	122.1	3878.0	n/a	n/a	n/a	n/a
406.356	0.17	saccade	n/a	130.6	118.4	n/a	132.3	114.0	0.18	2632.0
406.528	0.248	fixation	n/a	132.2	139.5	3966.0	n/a	n/a	n/a	n/a
406.778	0.186	saccade	n/a	136.7	138.4	n/a	140.3	94.1	1.7	2115.0
406.844	0.03	blink	n/a	n/a	n/a	n/a	n/a	n/a	n/a	n/a
406.966	0.466	fixation	n/a	143.4	109.3	4061.0	n/a	n/a	n/a	n/a
407.434	0.014	saccade	n/a	145.2	113.3	n/a	126.5	107.9	0.73	62.0
407.45	0.276	fixation	n/a	130.2	109.6	4161.0	n/a	n/a	n/a	n/a
407.728	0.038	saccade	n/a	134.3	113.1	n/a	257.5	126.0	4.67	196.0
407.768	0.138	fixation	n/a	260.7	124.9	4224.0	n/a	n/a	n/a	n/a
407.908	0.134	saccade	n/a	260.1	109.4	n/a	134.3	101.7	4.74	2392.0
407.938	0.04	blink	n/a	n/a	n/a	n/a	n/a	n/a	n/a	n/a
408.044	0.388	fixation	n/a	134.1	126.1	4269.0	n/a	n/a	n/a	n/a
408.434	0.02	saccade	n/a	139.7	126.0	n/a	172.2	125.9	1.22	88.0
408.456	0.404	fixation	n/a	176.1	125.3	4375.0	n/a	n/a	n/a	n/a
408.862	0.022	saccade	n/a	176.2	125.7	n/a	131.8	117.7	1.69	111.0
408.886	0.208	fixation	n/a	131.3	116.8	4398.0	n/a	n/a	n/a	n/a
409.096	0.16	saccade	n/a	134.1	106.6	n/a	148.3	98.4	0.62	3046.0
409.122	0.082	blink	n/a	n/a	n/a	n/a	n/a	n/a	n/a	n/a
409.258	0.462	fixation	n/a	144.6	122.7	4395.0	n/a	n/a	n/a	n/a
409.722	0.028	saccade	n/a	147.9	122.4	n/a	214.2	122.9	2.49	142.0
409.752	0.43	fixation	n/a	219.9	128.5	4331.0	n/a	n/a	n/a	n/a
410.184	0.028	saccade	n/a	222.5	126.8	n/a	304.4	131.5	3.12	152.0
410.214	0.18	fixation	n/a	311.9	132.0	4123.0	n/a	n/a	n/a	n/a
410.396	0.016	saccade	n/a	310.2	132.0	n/a	289.7	131.8	0.78	60.0
410.414	0.142	fixation	n/a	288.0	130.1	4071.0	n/a	n/a	n/a	n/a
410.558	0.14	saccade	n/a	285.9	116.0	n/a	365.0	107.1	3.03	3270.0
410.608	0.04	blink	n/a	n/a	n/a	n/a	n/a	n/a	n/a	n/a
410.7	0.142	fixation	n/a	366.8	124.4	3938.0	n/a	n/a	n/a	n/a
410.844	0.042	saccade	n/a	368.4	127.8	n/a	179.5	109.4	7.19	298.0
410.888	0.196	fixation	n/a	174.6	110.2	3950.0	n/a	n/a	n/a	n/a
411.086	0.186	saccade	n/a	179.9	96.3	n/a	147.8	90.4	1.22	1758.0
411.12	0.108	blink	n/a	n/a	n/a	n/a	n/a	n/a	n/a	n/a
411.274	0.202	fixation	n/a	145.3	105.6	4034.0	n/a	n/a	n/a	n/a
411.478	0.024	saccade	n/a	144.5	102.7	n/a	108.4	103.6	1.33	105.0
411.504	0.388	fixation	n/a	112.2	104.1	4191.0	n/a	n/a	n/a	n/a
411.894	0.028	saccade	n/a	117.8	105.1	n/a	206.5	111.5	3.31	162.0
411.924	0.446	fixation	n/a	211.8	116.9	4205.0	n/a	n/a	n/a	n/a
412.372	0.026	saccade	n/a	207.5	124.3	n/a	271.7	129.5	2.42	136.0
412.4	0.444	fixation	n/a	275.2	131.0	4118.0	n/a	n/a	n/a	n/a
412.846	0.024	saccade	n/a	273.8	128.8	n/a	215.4	116.6	2.25	135.0
412.872	0.396	fixation	n/a	206.8	120.5	4163.0	n/a	n/a	n/a	n/a
413.27	0.03	saccade	n/a	196.4	119.2	n/a	109.5	106.4	3.27	186.0
413.302	0.196	fixation	n/a	111.0	112.2	4244.0	n/a	n/a	n/a	n/a
413.5	0.05	saccade	n/a	113.9	113.7	n/a	335.5	128.9	8.34	286.0
413.552	0.248	fixation	n/a	343.3	129.5	4174.0	n/a	n/a	n/a	n/a
413.802	0.14	saccade	n/a	342.6	134.5	n/a	414.9	129.7	2.77	2465.0
413.85	0.04	blink	n/a	n/a	n/a	n/a	n/a	n/a	n/a	n/a
413.944	0.412	fixation	n/a	417.3	138.7	3838.0	n/a	n/a	n/a	n/a
414.358	0.024	saccade	n/a	419.0	140.4	n/a	477.0	136.4	2.21	137.0
414.384	1.242	fixation	n/a	489.8	138.9	3651.0	n/a	n/a	n/a	n/a
415.628	0.028	saccade	n/a	508.4	143.4	n/a	580.8	124.0	2.83	144.0
415.658	0.522	fixation	n/a	586.0	124.3	3791.0	n/a	n/a	n/a	n/a
416.182	0.018	saccade	n/a	590.0	128.3	n/a	614.2	126.8	0.91	69.0
416.202	0.294	fixation	n/a	612.5	127.2	3743.0	n/a	n/a	n/a	n/a
416.498	0.022	saccade	n/a	615.2	125.1	n/a	664.0	121.2	1.81	113.0
416.522	0.29	fixation	n/a	665.6	122.9	4102.0	n/a	n/a	n/a	n/a
416.814	0.03	saccade	n/a	665.8	124.4	n/a	600.3	126.5	2.43	169.0
416.846	0.17	fixation	n/a	597.5	129.4	3911.0	n/a	n/a	n/a	n/a
417.018	0.124	saccade	n/a	592.8	131.2	n/a	672.3	112.4	3.02	1497.0
417.05	0.052	blink	n/a	n/a	n/a	n/a	n/a	n/a	n/a	n/a
417.144	0.264	fixation	n/a	672.4	118.1	4018.0	n/a	n/a	n/a	n/a
417.41	0.178	saccade	n/a	672.6	115.7	n/a	146.5	178.7	19.6	2151.0
417.488	0.072	blink	n/a	n/a	n/a	n/a	n/a	n/a	n/a	n/a
417.59	0.138	fixation	n/a	145.6	197.0	4075.0	n/a	n/a	n/a	n/a
417.73	0.022	saccade	n/a	143.7	200.0	n/a	98.9	194.7	1.68	117.0
417.754	0.218	fixation	n/a	97.9	191.9	4102.0	n/a	n/a	n/a	n/a
417.974	0.138	saccade	n/a	100.0	190.5	n/a	195.9	173.4	3.64	2113.0
418.01	0.006	blink	n/a	n/a	n/a	n/a	n/a	n/a	n/a	n/a
418.114	0.206	fixation	n/a	192.7	194.9	3809.0	n/a	n/a	n/a	n/a
418.322	0.014	saccade	n/a	189.7	193.9	n/a	172.0	192.9	0.67	57.0
418.338	0.134	fixation	n/a	172.2	194.1	3791.0	n/a	n/a	n/a	n/a
418.474	0.02	saccade	n/a	175.4	195.4	n/a	207.5	201.5	1.23	86.0
418.496	0.376	fixation	n/a	207.3	203.9	3727.0	n/a	n/a	n/a	n/a
418.874	0.02	saccade	n/a	196.6	202.2	n/a	164.4	194.9	1.24	86.0
418.896	0.244	fixation	n/a	168.2	199.9	3702.0	n/a	n/a	n/a	n/a
419.142	0.03	saccade	n/a	175.1	202.9	n/a	268.8	205.7	3.54	184.0
419.174	0.156	fixation	n/a	271.4	205.9	3858.0	n/a	n/a	n/a	n/a
419.332	0.122	saccade	n/a	269.2	203.5	n/a	300.6	199.1	1.21	711.0
419.456	0.154	fixation	n/a	301.9	210.7	3930.0	n/a	n/a	n/a	n/a
419.612	0.026	saccade	n/a	304.9	215.5	n/a	376.7	217.2	2.74	143.0
419.64	0.346	fixation	n/a	385.3	218.6	3985.0	n/a	n/a	n/a	n/a
419.988	0.042	saccade	n/a	390.1	221.3	n/a	525.7	203.7	5.2	194.0
420.032	0.228	fixation	n/a	530.1	200.4	3888.0	n/a	n/a	n/a	n/a
420.262	0.02	saccade	n/a	532.7	201.6	n/a	563.5	203.9	1.16	80.0
420.284	0.054	fixation	n/a	564.2	204.8	3583.0	n/a	n/a	n/a	n/a
420.34	0.156	saccade	n/a	563.8	205.4	n/a	407.0	153.1	6.26	1664.0
420.376	0.054	blink	n/a	n/a	n/a	n/a	n/a	n/a	n/a	n/a
420.498	0.174	fixation	n/a	405.2	169.4	3728.0	n/a	n/a	n/a	n/a
420.626	0.0	trigger_11	11	n/a	n/a	n/a	n/a	n/a	n/a	n/a
420.674	0.024	saccade	n/a	404.6	169.0	n/a	360.4	147.0	1.88	129.0
420.7	0.216	fixation	n/a	356.9	153.7	4001.0	n/a	n/a	n/a	n/a
420.728	0.0	trigger_10	10	n/a	n/a	n/a	n/a	n/a	n/a	n/a
420.918	0.046	saccade	n/a	358.3	158.2	n/a	150.3	139.6	7.87	287.0
420.966	0.15	fixation	n/a	144.9	145.6	4098.0	n/a	n/a	n/a	n/a
421.118	0.018	saccade	n/a	143.2	148.3	n/a	115.9	147.5	1.02	76.0
421.138	0.146	fixation	n/a	116.3	151.3	4052.0	n/a	n/a	n/a	n/a
421.286	0.166	saccade	n/a	113.8	154.1	n/a	166.7	107.8	2.64	3270.0
421.454	0.674	fixation	n/a	140.7	151.4	4043.0	n/a	n/a	n/a	n/a
422.13	0.022	saccade	n/a	128.0	151.0	n/a	177.7	149.6	1.86	117.0
422.154	0.178	fixation	n/a	183.9	153.3	4137.0	n/a	n/a	n/a	n/a
422.334	0.018	saccade	n/a	185.1	160.3	n/a	153.1	161.2	1.2	87.0
422.354	0.134	fixation	n/a	151.8	160.6	4207.0	n/a	n/a	n/a	n/a
422.49	0.02	saccade	n/a	150.7	163.5	n/a	115.8	166.7	1.31	96.0
422.512	0.172	fixation	n/a	115.8	163.7	4293.0	n/a	n/a	n/a	n/a
422.686	0.192	saccade	n/a	114.5	164.3	n/a	113.1	95.2	2.62	2655.0
422.76	0.028	blink	n/a	n/a	n/a	n/a	n/a	n/a	n/a	n/a
422.88	0.27	fixation	n/a	104.0	141.3	4383.0	n/a	n/a	n/a	n/a
423.152	0.018	saccade	n/a	103.0	160.0	n/a	129.8	159.9	0.99	78.0
423.172	0.186	fixation	n/a	130.0	174.7	4419.0	n/a	n/a	n/a	n/a
423.36	0.028	saccade	n/a	132.6	190.0	n/a	209.3	191.4	2.87	167.0
423.39	0.266	fixation	n/a	218.3	195.0	4366.0	n/a	n/a	n/a	n/a
423.658	0.026	saccade	n/a	218.7	182.7	n/a	288.7	181.1	2.65	145.0
423.686	0.406	fixation	n/a	294.7	173.6	4003.0	n/a	n/a	n/a	n/a
424.094	0.026	saccade	n/a	283.9	167.7	n/a	349.7	173.4	2.52	141.0
424.122	0.206	fixation	n/a	355.9	169.3	3893.0	n/a	n/a	n/a	n/a
424.33	0.034	saccade	n/a	357.9	167.4	n/a	460.5	159.7	3.92	170.0
424.366	0.262	fixation	n/a	468.8	163.4	3934.0	n/a	n/a	n/a	n/a
424.63	0.018	saccade	n/a	472.5	165.9	n/a	501.8	158.8	1.15	81.0
424.65	0.268	fixation	n/a	504.0	158.6	3894.0	n/a	n/a	n/a	n/a
424.92	0.026	saccade	n/a	504.9	162.0	n/a	570.1	151.4	2.48	126.0
424.948	0.044	fixation	n/a	573.5	149.2	3799.0	n/a	n/a	n/a	n/a
424.994	0.064	saccade	n/a	574.2	147.8	n/a	132.3	188.7	16.62	398.0
425.06	0.076	fixation	n/a	124.6	195.5	3776.0	n/a	n/a	n/a	n/a
425.138	0.166	saccade	n/a	119.7	194.9	n/a	117.9	181.4	0.52	3270.0
425.306	0.204	fixation	n/a	113.0	203.1	3724.0	n/a	n/a	n/a	n/a
425.512	0.036	saccade	n/a	112.4	202.8	n/a	213.9	146.0	4.39	194.0
425.55	0.394	fixation	n/a	232.1	151.8	3805.0	n/a	n/a	n/a	n/a
425.666	0.0	trigger_11	11	n/a	n/a	n/a	n/a	n/a	n/a	n/a
425.77	0.0	trigger_10	10	n/a	n/a	n/a	n/a	n/a	n/a	n/a
425.946	0.028	saccade	n/a	237.1	159.8	n/a	152.5	150.9	3.2	170.0
425.976	0.198	fixation	n/a	142.8	149.6	3845.0	n/a	n/a	n/a	n/a
426.176	0.142	saccade	n/a	140.8	152.1	n/a	136.3	109.1	1.65	1995.0
426.32	0.556	fixation	n/a	135.7	127.0	4032.0	n/a	n/a	n/a	n/a
426.878	0.03	saccade	n/a	136.5	135.6	n/a	229.0	146.1	3.5	171.0
426.91	0.148	fixation	n/a	233.4	145.4	4135.0	n/a	n/a	n/a	n/a
427.06	0.02	saccade	n/a	229.7	145.2	n/a	193.6	145.5	1.36	96.0
427.082	0.456	fixation	n/a	193.2	147.8	4205.0	n/a	n/a	n/a	n/a
427.54	0.158	saccade	n/a	183.2	131.9	n/a	181.6	46.0	3.26	3270.0
427.7	0.222	fixation	n/a	180.8	92.0	4306.0	n/a	n/a	n/a	n/a
427.924	0.024	saccade	n/a	187.5	109.4	n/a	138.0	133.2	2.06	132.0
427.95	0.396	fixation	n/a	134.4	166.8	4368.0	n/a	n/a	n/a	n/a
428.348	0.026	saccade	n/a	126.3	160.0	n/a	199.8	161.5	2.74	151.0
428.376	0.274	fixation	n/a	206.1	168.0	4171.0	n/a	n/a	n/a	n/a
428.652	0.02	saccade	n/a	204.8	166.2	n/a	170.4	168.4	1.28	83.0
428.674	0.208	fixation	n/a	161.5	163.6	4106.0	n/a	n/a	n/a	n/a
428.884	0.028	saccade	n/a	162.1	155.0	n/a	241.7	151.6	2.98	157.0
428.914	0.13	fixation	n/a	241.5	149.7	4187.0	n/a	n/a	n/a	n/a
429.046	0.142	saccade	n/a	235.2	142.8	n/a	198.1	99.6	2.15	1842.0
429.094	0.044	blink	n/a	n/a	n/a	n/a	n/a	n/a	n/a	n/a
429.19	0.478	fixation	n/a	198.0	133.4	4251.0	n/a	n/a	n/a	n/a
429.67	0.02	saccade	n/a	204.0	134.3	n/a	235.2	135.1	1.17	85.0
429.692	0.246	fixation	n/a	233.8	130.5	4318.0	n/a	n/a	n/a	n/a
429.94	0.028	saccade	n/a	236.8	132.9	n/a	303.2	147.6	2.57	145.0
429.97	0.166	fixation	n/a	308.3	144.9	4349.0	n/a	n/a	n/a	n/a
430.138	0.032	saccade	n/a	313.6	145.4	n/a	409.6	141.5	3.65	182.0
430.172	0.46	fixation	n/a	414.2	147.1	4279.0	n/a	n/a	n/a	n/a
430.634	0.036	saccade	n/a	415.4	150.8	n/a	526.5	141.8	4.21	154.0
430.672	0.334	fixation	n/a	530.1	147.9	4054.0	n/a	n/a	n/a	n/a
431.008	0.022	saccade	n/a	533.1	155.8	n/a	572.4	151.6	1.48	88.0
431.032	0.128	fixation	n/a	577.3	152.4	4021.0	n/a	n/a	n/a	n/a
431.162	0.02	saccade	n/a	580.1	153.9	n/a	611.3	148.2	1.18	79.0
431.184	0.09	fixation	n/a	611.8	146.4	4090.0	n/a	n/a	n/a	n/a
431.276	0.158	saccade	n/a	608.1	137.2	n/a	137.6	212.6	17.69	3270.0
431.338	0.048	blink	n/a	n/a	n/a	n/a	n/a	n/a	n/a	n/a
431.436	0.122	fixation	n/a	135.8	216.5	4141.0	n/a	n/a	n/a	n/a
431.56	0.016	saccade	n/a	131.1	211.2	n/a	103.8	206.6	1.03	79.0
431.578	0.18	fixation	n/a	104.0	208.5	4015.0	n/a	n/a	n/a	n/a
431.76	0.028	saccade	n/a	106.6	211.0	n/a	189.2	210.5	3.07	150.0
431.79	0.486	fixation	n/a	201.8	215.7	3830.0	n/a	n/a	n/a	n/a
432.278	0.026	saccade	n/a	206.0	221.2	n/a	274.8	216.9	2.61	143.0
432.306	0.252	fixation	n/a	281.7	218.5	3646.0	n/a	n/a	n/a	n/a
432.56	0.13	saccade	n/a	278.6	213.5	n/a	163.9	87.0	6.47	2824.0
432.596	0.052	blink	n/a	n/a	n/a	n/a	n/a	n/a	n/a	n/a
432.692	0.33	fixation	n/a	163.2	116.6	3617.0	n/a	n/a	n/a	n/a
433.024	0.03	saccade	n/a	165.2	123.2	n/a	265.8	168.4	4.16	221.0
433.044	0.0	trigger_11	11	n/a	n/a	n/a	n/a	n/a	n/a	n/a
433.056	0.27	fixation	n/a	278.2	176.4	3740.0	n/a	n/a	n/a	n/a
433.146	0.0	trigger_10	10	n/a	n/a	n/a	n/a	n/a	n/a	n/a
433.328	0.038	saccade	n/a	277.7	180.1	n/a	129.0	135.8	5.82	263.0
433.368	0.338	fixation	n/a	128.8	124.7	3867.0	n/a	n/a	n/a	n/a
433.708	0.202	saccade	n/a	129.9	105.8	n/a	296.8	160.9	6.6	1902.0
433.912	0.188	fixation	n/a	290.9	166.7	3887.0	n/a	n/a	n/a	n/a
434.102	0.018	saccade	n/a	286.0	168.7	n/a	258.8	170.1	1.03	79.0
434.122	0.342	fixation	n/a	255.5	166.1	3927.0	n/a	n/a	n/a	n/a
434.466	0.04	saccade	n/a	256.0	155.1	n/a	392.7	144.2	5.17	213.0
434.508	0.262	fixation	n/a	398.7	142.4	3817.0	n/a	n/a	n/a	n/a
434.772	0.024	saccade	n/a	398.9	146.4	n/a	449.1	149.7	1.91	117.0
434.798	0.16	fixation	n/a	454.0	149.0	3893.0	n/a	n/a	n/a	n/a
434.96	0.02	saccade	n/a	452.2	146.0	n/a	419.5	148.6	1.24	93.0
434.982	0.404	fixation	n/a	416.6	149.6	3994.0	n/a	n/a	n/a	n/a
435.388	0.028	saccade	n/a	419.3	153.2	n/a	491.4	145.0	2.74	160.0
435.418	0.458	fixation	n/a	495.8	140.3	3964.0	n/a	n/a	n/a	n/a
435.878	0.026	saccade	n/a	501.0	141.7	n/a	572.2	136.4	2.67	148.0
435.906	0.234	fixation	n/a	579.7	139.0	3989.0	n/a	n/a	n/a	n/a
436.142	0.128	saccade	n/a	578.1	139.6	n/a	570.8	108.0	1.23	2168.0
436.174	0.052	blink	n/a	n/a	n/a	n/a	n/a	n/a	n/a	n/a
436.272	0.166	fixation	n/a	575.0	120.1	3882.0	n/a	n/a	n/a	n/a
436.44	0.062	saccade	n/a	577.8	119.1	n/a	150.1	184.8	16.09	432.0
436.504	0.122	fixation	n/a	144.5	190.6	4170.0	n/a	n/a	n/a	n/a
436.628	0.02	saccade	n/a	143.1	195.1	n/a	104.3	198.4	1.44	103.0
436.65	0.208	fixation	n/a	105.2	198.3	4206.0	n/a	n/a	n/a	n/a
436.86	0.13	saccade	n/a	103.8	171.7	n/a	175.1	187.5	2.71	866.0
436.9	0.02	blink	n/a	n/a	n/a	n/a	n/a	n/a	n/a	n/a
436.992	0.436	fixation	n/a	174.6	195.7	3958.0	n/a	n/a	n/a	n/a
437.43	0.026	saccade	n/a	180.9	199.1	n/a	252.3	206.9	2.7	154.0
437.458	0.452	fixation	n/a	260.5	209.9	3819.0	n/a	n/a	n/a	n/a
437.912	0.028	saccade	n/a	261.8	209.8	n/a	345.8	205.5	3.19	158.0
437.942	0.17	fixation	n/a	353.3	205.9	3821.0	n/a	n/a	n/a	n/a
438.114	0.02	saccade	n/a	353.7	208.0	n/a	316.6	208.9	1.41	100.0
438.136	0.11	fixation	n/a	315.0	209.9	3853.0	n/a	n/a	n/a	n/a
438.248	0.04	saccade	n/a	314.1	209.7	n/a	162.7	204.1	5.7	251.0
438.29	0.256	fixation	n/a	163.5	207.8	3882.0	n/a	n/a	n/a	n/a
438.548	0.042	saccade	n/a	166.9	208.2	n/a	323.6	210.0	5.9	225.0
438.592	0.514	fixation	n/a	332.2	210.1	3815.0	n/a	n/a	n/a	n/a
439.108	0.022	saccade	n/a	337.2	217.4	n/a	385.8	214.8	1.85	116.0
439.132	0.086	fixation	n/a	391.0	213.3	3558.0	n/a	n/a	n/a	n/a
439.22	0.138	saccade	n/a	391.8	204.6	n/a	449.4	200.6	2.19	2736.0
439.254	0.042	blink	n/a	n/a	n/a	n/a	n/a	n/a	n/a	n/a
439.36	0.612	fixation	n/a	450.2	207.2	3463.0	n/a	n/a	n/a	n/a
439.974	0.024	saccade	n/a	453.8	207.9	n/a	505.0	203.4	1.94	112.0
440.0	0.278	fixation	n/a	511.2	204.4	3340.0	n/a	n/a	n/a	n/a
440.28	0.026	saccade	n/a	515.8	207.1	n/a	577.2	204.2	2.3	118.0
440.308	0.292	fixation	n/a	584.8	205.7	3291.0	n/a	n/a	n/a	n/a
440.602	0.024	saccade	n/a	588.3	207.2	n/a	641.7	203.1	1.98	117.0
440.628	0.096	fixation	n/a	647.4	202.5	3346.0	n/a	n/a	n/a	n/a
440.726	0.118	saccade	n/a	645.7	203.6	n/a	125.5	278.5	19.37	1032.0
440.762	0.008	blink	n/a	n/a	n/a	n/a	n/a	n/a	n/a	n/a
440.846	0.136	fixation	n/a	128.5	283.8	3493.0	n/a	n/a	n/a	n/a
440.984	0.02	saccade	n/a	130.7	285.2	n/a	91.1	279.7	1.47	103.0
441.006	0.136	fixation	n/a	93.0	280.2	3666.0	n/a	n/a	n/a	n/a
441.144	0.032	saccade	n/a	96.4	281.5	n/a	214.6	282.3	4.39	210.0
441.178	0.2	fixation	n/a	222.7	283.7	3626.0	n/a	n/a	n/a	n/a
441.38	0.042	saccade	n/a	222.6	284.5	n/a	229.1	121.6	6.22	257.0
441.424	0.188	fixation	n/a	229.6	132.4	3492.0	n/a	n/a	n/a	n/a
441.614	0.026	saccade	n/a	229.2	134.9	n/a	152.6	103.5	3.09	165.0
441.642	0.842	fixation	n/a	147.7	109.6	3581.0	n/a	n/a	n/a	n/a
441.964	0.0	trigger_11	11	n/a	n/a	n/a	n/a	n/a	n/a	n/a
442.066	0.0	trigger_20	20	n/a	n/a	n/a	n/a	n/a	n/a	n/a
442.486	0.034	saccade	n/a	156.1	121.1	n/a	256.8	141.2	3.83	177.0
442.522	0.042	fixation	n/a	259.6	143.0	3737.0	n/a	n/a	n/a	n/a
