onset	duration	trial_type	value	gaze_x	gaze_y	pupil_size	sacc_endx	sacc_endy	sacc_amplitude	sacc_peakvel
0.046	0.0	trigger_91	91	n/a	n/a	n/a	n/a	n/a	n/a	n/a
0.21	0.032	saccade	n/a	190.0	296.0	n/a	201.5	205.5	3.4	193.0
0.244	0.358	fixation	n/a	202.1	215.2	3518.0	n/a	n/a	n/a	n/a
0.604	0.052	saccade	n/a	204.7	224.0	n/a	304.3	413.2	7.92	328.0
0.658	0.18	fixation	n/a	309.6	415.4	3517.0	n/a	n/a	n/a	n/a
0.84	0.118	saccade	n/a	314.3	422.3	n/a	222.4	60.1	13.8	824.0
0.876	0.03	blink	n/a	n/a	n/a	n/a	n/a	n/a	n/a	n/a
0.96	0.274	fixation	n/a	227.9	63.7	3487.0	n/a	n/a	n/a	n/a
1.236	0.032	saccade	n/a	229.0	63.6	n/a	167.4	46.6	2.32	175.0
1.27	0.386	fixation	n/a	174.2	59.6	3474.0	n/a	n/a	n/a	n/a
1.658	0.188	saccade	n/a	185.3	74.2	n/a	250.5	73.9	2.38	1055.0
1.698	0.08	blink	n/a	n/a	n/a	n/a	n/a	n/a	n/a	n/a
1.848	0.374	fixation	n/a	254.4	78.9	3635.0	n/a	n/a	n/a	n/a
2.056	0.0	trigger_10	10	n/a	n/a	n/a	n/a	n/a	n/a	n/a
2.224	0.032	saccade	n/a	255.1	89.0	n/a	189.2	134.3	2.94	213.0
2.258	0.066	fixation	n/a	195.6	129.5	3660.0	n/a	n/a	n/a	n/a
2.326	0.028	saccade	n/a	193.9	131.4	n/a	146.8	134.3	1.7	151.0
2.356	0.186	fixation	n/a	154.3	137.7	3635.0	n/a	n/a	n/a	n/a
2.544	0.044	saccade	n/a	152.9	140.1	n/a	296.6	133.8	5.24	244.0
2.59	0.238	fixation	n/a	290.6	135.5	3561.0	n/a	n/a	n/a	n/a
2.83	0.038	saccade	n/a	291.0	136.0	n/a	405.5	127.7	4.25	266.0
2.87	0.174	fixation	n/a	400.4	130.7	3513.0	n/a	n/a	n/a	n/a
3.046	0.166	saccade	n/a	401.3	141.8	n/a	138.9	152.3	9.6	826.0
3.076	0.076	blink	n/a	n/a	n/a	n/a	n/a	n/a	n/a	n/a
3.214	0.19	fixation	n/a	137.1	152.0	3524.0	n/a	n/a	n/a	n/a
3.406	0.026	saccade	n/a	135.5	155.1	n/a	179.5	148.0	1.6	136.0
3.434	0.158	fixation	n/a	172.5	149.6	3484.0	n/a	n/a	n/a	n/a
3.594	0.062	saccade	n/a	173.0	152.2	n/a	437.5	140.9	9.7	441.0
3.658	0.212	fixation	n/a	446.7	141.6	3401.0	n/a	n/a	n/a	n/a
3.872	0.03	saccade	n/a	448.5	140.1	n/a	378.6	139.8	2.6	189.0
3.904	0.204	fixation	n/a	384.9	140.3	3466.0	n/a	n/a	n/a	n/a
4.11	0.054	saccade	n/a	383.9	144.8	n/a	550.5	149.4	6.21	353.0
4.166	0.268	fixation	n/a	562.0	149.2	3406.0	n/a	n/a	n/a	n/a
4.436	0.062	saccade	n/a	564.8	148.6	n/a	137.3	216.3	15.86	478.0
4.5	0.254	fixation	n/a	142.1	212.5	3442.0	n/a	n/a	n/a	n/a
4.756	0.022	saccade	n/a	136.6	216.3	n/a	108.4	219.0	1.02	79.0
4.78	0.158	fixation	n/a	115.8	220.4	3463.0	n/a	n/a	n/a	n/a
4.94	0.022	saccade	n/a	113.7	225.8	n/a	90.9	229.0	0.82	94.0
4.964	0.158	fixation	n/a	96.0	229.1	3461.0	n/a	n/a	n/a	n/a
5.124	0.16	saccade	n/a	97.6	230.0	n/a	232.7	229.6	4.89	799.0
5.156	0.068	blink	n/a	n/a	n/a	n/a	n/a	n/a	n/a	n/a
5.286	0.222	fixation	n/a	234.1	227.8	3409.0	n/a	n/a	n/a	n/a
5.51	0.038	saccade	n/a	236.0	228.7	n/a	373.1	215.4	5.08	326.0
5.55	0.146	fixation	n/a	368.7	216.9	3411.0	n/a	n/a	n/a	n/a
5.698	0.028	saccade	n/a	368.3	218.2	n/a	326.8	221.6	1.55	127.0
5.728	0.096	fixation	n/a	331.0	222.2	3412.0	n/a	n/a	n/a	n/a
5.826	0.052	saccade	n/a	329.3	223.3	n/a	479.8	218.9	5.6	345.0
5.88	0.172	fixation	n/a	487.7	219.1	3348.0	n/a	n/a	n/a	n/a
6.054	0.03	saccade	n/a	488.0	217.7	n/a	415.3	211.5	2.72	193.0
6.086	0.168	fixation	n/a	416.0	213.0	3324.0	n/a	n/a	n/a	n/a
6.256	0.05	saccade	n/a	414.5	214.4	n/a	534.4	274.4	5.01	346.0
6.308	0.15	fixation	n/a	541.8	276.0	3272.0	n/a	n/a	n/a	n/a
6.46	0.07	saccade	n/a	543.2	274.6	n/a	198.1	304.8	12.69	446.0
6.532	0.138	fixation	n/a	191.9	302.2	3331.0	n/a	n/a	n/a	n/a
6.672	0.032	saccade	n/a	190.7	302.0	n/a	117.2	295.6	2.65	187.0
6.706	0.23	fixation	n/a	122.5	297.3	3314.0	n/a	n/a	n/a	n/a
6.938	0.108	saccade	n/a	122.0	300.2	n/a	375.9	292.9	9.25	359.0
7.048	0.236	fixation	n/a	381.4	296.3	3288.0	n/a	n/a	n/a	n/a
7.286	0.194	saccade	n/a	386.8	299.5	n/a	513.6	282.8	4.76	671.0
7.318	0.102	blink	n/a	n/a	n/a	n/a	n/a	n/a	n/a	n/a
7.482	0.202	fixation	n/a	518.2	286.4	3289.0	n/a	n/a	n/a	n/a
7.686	0.034	saccade	n/a	520.1	285.2	n/a	597.2	291.5	2.87	217.0
7.722	0.264	fixation	n/a	595.4	292.7	3262.0	n/a	n/a	n/a	n/a
7.988	0.05	saccade	n/a	595.8	293.9	n/a	335.2	236.6	9.89	417.0
8.04	0.202	fixation	n/a	342.9	238.2	3244.0	n/a	n/a	n/a	n/a
8.244	0.044	saccade	n/a	343.0	239.7	n/a	160.5	226.1	6.7	363.0
8.29	0.202	fixation	n/a	167.3	223.7	3254.0	n/a	n/a	n/a	n/a
8.494	0.026	saccade	n/a	164.3	225.6	n/a	119.0	220.5	1.64	140.0
8.522	0.174	fixation	n/a	125.6	221.2	3287.0	n/a	n/a	n/a	n/a
8.698	0.038	saccade	n/a	125.8	222.4	n/a	264.0	223.2	5.01	318.0
8.738	0.318	fixation	n/a	262.7	224.2	3394.0	n/a	n/a	n/a	n/a
8.77	0.0	trigger_11	11	n/a	n/a	n/a	n/a	n/a	n/a	n/a
8.874	0.0	trigger_10	10	n/a	n/a	n/a	n/a	n/a	n/a	n/a
9.058	0.036	saccade	n/a	260.9	222.6	n/a	172.6	173.0	3.72	244.0
9.096	0.064	fixation	n/a	178.0	176.6	3470.0	n/a	n/a	n/a	n/a
9.162	0.032	saccade	n/a	174.3	173.3	n/a	154.6	132.2	1.68	170.0
9.196	0.126	fixation	n/a	152.1	138.7	3478.0	n/a	n/a	n/a	n/a
9.324	0.052	saccade	n/a	152.6	138.8	n/a	317.2	130.3	6.02	352.0
9.378	0.164	fixation	n/a	325.3	130.3	3439.0	n/a	n/a	n/a	n/a
9.544	0.03	saccade	n/a	326.3	129.8	n/a	266.7	136.4	2.21	176.0
9.576	0.162	fixation	n/a	271.8	140.8	3404.0	n/a	n/a	n/a	n/a
9.74	0.028	saccade	n/a	269.0	143.8	n/a	222.1	148.3	1.73	153.0
9.77	0.312	fixation	n/a	224.7	153.2	3398.0	n/a	n/a	n/a	n/a
10.084	0.092	saccade	n/a	225.6	161.8	n/a	303.7	154.1	2.89	689.0
10.178	0.22	fixation	n/a	304.3	152.7	3450.0	n/a	n/a	n/a	n/a
10.4	0.142	saccade	n/a	308.4	157.8	n/a	439.4	144.6	4.9	945.0
10.432	0.052	blink	n/a	n/a	n/a	n/a	n/a	n/a	n/a	n/a
10.544	0.264	fixation	n/a	440.6	148.9	3404.0	n/a	n/a	n/a	n/a
10.81	0.032	saccade	n/a	443.0	144.5	n/a	525.3	144.2	3.07	217.0
10.844	0.296	fixation	n/a	521.3	149.1	3302.0	n/a	n/a	n/a	n/a
11.142	0.058	saccade	n/a	520.5	149.1	n/a	143.2	226.4	14.07	464.0
11.202	0.144	fixation	n/a	144.4	224.9	3317.0	n/a	n/a	n/a	n/a
11.348	0.024	saccade	n/a	138.6	222.8	n/a	100.9	221.7	1.34	122.0
11.374	0.206	fixation	n/a	107.4	221.4	3328.0	n/a	n/a	n/a	n/a
11.582	0.04	saccade	n/a	104.9	219.4	n/a	263.7	210.8	5.74	335.0
11.624	0.218	fixation	n/a	260.3	212.2	3369.0	n/a	n/a	n/a	n/a
11.844	0.04	saccade	n/a	262.8	214.7	n/a	397.4	213.4	4.99	277.0
11.886	0.18	fixation	n/a	391.7	213.6	3355.0	n/a	n/a	n/a	n/a
12.068	0.052	saccade	n/a	394.5	212.3	n/a	543.7	213.4	5.55	349.0
12.122	0.296	fixation	n/a	551.7	215.1	3294.0	n/a	n/a	n/a	n/a
12.42	0.032	saccade	n/a	553.0	219.9	n/a	653.0	217.0	3.69	227.0
12.454	0.17	fixation	n/a	643.8	222.1	3239.0	n/a	n/a	n/a	n/a
12.626	0.07	saccade	n/a	644.2	221.2	n/a	108.4	289.4	19.54	522.0
12.698	0.302	fixation	n/a	111.4	293.1	3307.0	n/a	n/a	n/a	n/a
13.002	0.022	saccade	n/a	108.4	292.5	n/a	80.1	297.2	1.02	93.0
13.026	0.172	fixation	n/a	87.6	298.0	3318.0	n/a	n/a	n/a	n/a
13.2	0.198	saccade	n/a	94.1	301.3	n/a	99.5	295.4	0.29	813.0
13.236	0.094	blink	n/a	n/a	n/a	n/a	n/a	n/a	n/a	n/a
13.4	0.312	fixation	n/a	97.4	303.3	3339.0	n/a	n/a	n/a	n/a
13.714	0.024	saccade	n/a	97.7	302.0	n/a	130.7	296.3	1.19	110.0
13.74	0.232	fixation	n/a	122.3	297.3	3380.0	n/a	n/a	n/a	n/a
13.974	0.024	saccade	n/a	119.4	297.3	n/a	89.6	294.7	1.06	102.0
14.0	0.37	fixation	n/a	94.5	297.2	3419.0	n/a	n/a	n/a	n/a
14.372	0.022	saccade	n/a	98.0	301.5	n/a	127.6	285.4	1.21	97.0
14.396	0.458	fixation	n/a	123.9	284.1	3540.0	n/a	n/a	n/a	n/a
14.57	0.0	trigger_11	11	n/a	n/a	n/a	n/a	n/a	n/a	n/a
14.676	0.0	trigger_10	10	n/a	n/a	n/a	n/a	n/a	n/a	n/a
14.856	0.044	saccade	n/a	126.9	283.1	n/a	195.9	159.3	5.22	288.0
14.902	0.146	fixation	n/a	192.3	171.2	3583.0	n/a	n/a	n/a	n/a
15.05	0.03	saccade	n/a	191.9	168.9	n/a	133.2	147.4	2.26	170.0
15.082	0.214	fixation	n/a	139.9	152.8	3581.0	n/a	n/a	n/a	n/a
15.298	0.04	saccade	n/a	138.9	152.8	n/a	306.8	130.0	6.16	340.0
15.34	0.354	fixation	n/a	305.2	132.7	3514.0	n/a	n/a	n/a	n/a
15.696	0.026	saccade	n/a	305.4	132.4	n/a	255.3	132.9	1.84	138.0
15.724	0.248	fixation	n/a	263.6	137.9	3443.0	n/a	n/a	n/a	n/a
15.974	0.044	saccade	n/a	264.3	140.0	n/a	452.1	140.7	6.96	342.0
16.02	0.154	fixation	n/a	450.8	140.8	3363.0	n/a	n/a	n/a	n/a
16.176	0.028	saccade	n/a	452.9	141.6	n/a	401.0	134.6	1.95	162.0
16.206	0.22	fixation	n/a	404.5	136.4	3367.0	n/a	n/a	n/a	n/a
16.428	0.056	saccade	n/a	402.9	133.9	n/a	599.8	147.1	7.3	382.0
16.486	0.24	fixation	n/a	609.2	146.1	3323.0	n/a	n/a	n/a	n/a
16.728	0.016	saccade	n/a	606.8	145.3	n/a	584.4	140.4	0.85	73.0
16.746	0.044	fixation	n/a	592.7	143.3	3363.0	n/a	n/a	n/a	n/a
16.792	0.028	saccade	n/a	595.0	146.7	n/a	649.6	141.8	2.02	157.0
16.822	0.162	fixation	n/a	642.1	143.0	3349.0	n/a	n/a	n/a	n/a
16.986	0.068	saccade	n/a	641.8	143.7	n/a	124.2	221.3	18.91	521.0
17.056	0.312	fixation	n/a	130.2	222.4	3397.0	n/a	n/a	n/a	n/a
17.37	0.154	saccade	n/a	133.5	225.8	n/a	258.5	223.5	4.52	907.0
17.41	0.056	blink	n/a	n/a	n/a	n/a	n/a	n/a	n/a	n/a
17.526	0.19	fixation	n/a	258.7	225.6	3390.0	n/a	n/a	n/a	n/a
17.718	0.028	saccade	n/a	259.7	229.7	n/a	212.3	222.1	1.75	132.0
17.748	0.226	fixation	n/a	218.5	227.4	3315.0	n/a	n/a	n/a	n/a
17.976	0.038	saccade	n/a	218.8	233.2	n/a	331.5	216.1	4.19	298.0
18.016	0.256	fixation	n/a	330.8	217.5	3280.0	n/a	n/a	n/a	n/a
18.274	0.022	saccade	n/a	329.3	218.2	n/a	302.6	218.7	0.99	85.0
18.298	0.35	fixation	n/a	307.0	220.9	3256.0	n/a	n/a	n/a	n/a
18.65	0.028	saccade	n/a	308.2	222.4	n/a	356.2	212.9	1.81	157.0
18.68	0.37	fixation	n/a	352.2	215.4	3237.0	n/a	n/a	n/a	n/a
19.052	0.03	saccade	n/a	351.3	214.4	n/a	419.7	211.7	2.54	187.0
19.084	0.164	fixation	n/a	414.2	214.9	3275.0	n/a	n/a	n/a	n/a
19.25	0.046	saccade	n/a	413.7	217.0	n/a	207.8	226.7	7.59	335.0
19.298	0.402	fixation	n/a	215.1	224.9	3403.0	n/a	n/a	n/a	n/a
19.426	0.0	trigger_11	11	n/a	n/a	n/a	n/a	n/a	n/a	n/a
19.53	0.0	trigger_12	12	n/a	n/a	n/a	n/a	n/a	n/a	n/a
19.702	0.032	saccade	n/a	212.6	222.6	n/a	141.7	210.8	2.6	192.0
19.736	0.162	fixation	n/a	146.0	212.2	3508.0	n/a	n/a	n/a	n/a
19.9	0.034	saccade	n/a	144.1	210.4	n/a	145.0	147.2	2.34	186.0
19.936	0.112	fixation	n/a	137.6	151.9	3539.0	n/a	n/a	n/a	n/a
20.05	0.046	saccade	n/a	138.7	155.3	n/a	280.9	139.3	5.21	262.0
20.098	0.24	fixation	n/a	279.5	136.9	3503.0	n/a	n/a	n/a	n/a
20.34	0.04	saccade	n/a	279.4	140.5	n/a	163.7	144.5	4.22	208.0
20.382	0.108	fixation	n/a	170.8	144.1	3430.0	n/a	n/a	n/a	n/a
20.492	0.048	saccade	n/a	169.2	145.0	n/a	387.5	134.2	8.01	374.0
20.542	0.154	fixation	n/a	389.7	133.1	3435.0	n/a	n/a	n/a	n/a
20.698	0.068	saccade	n/a	391.5	138.4	n/a	540.0	138.3	5.51	326.0
20.768	0.24	fixation	n/a	545.4	141.0	3451.0	n/a	n/a	n/a	n/a
21.01	0.028	saccade	n/a	546.1	142.8	n/a	494.6	141.7	1.91	163.0
21.04	0.238	fixation	n/a	498.3	142.2	3439.0	n/a	n/a	n/a	n/a
21.28	0.058	saccade	n/a	497.7	146.2	n/a	169.8	215.7	12.24	412.0
21.34	0.352	fixation	n/a	172.3	221.2	3481.0	n/a	n/a	n/a	n/a
21.694	0.142	saccade	n/a	178.0	223.1	n/a	154.7	194.5	1.35	880.0
21.732	0.048	blink	n/a	n/a	n/a	n/a	n/a	n/a	n/a	n/a
21.838	0.462	fixation	n/a	149.6	192.2	3488.0	n/a	n/a	n/a	n/a
22.05	0.0	trigger_13	13	n/a	n/a	n/a	n/a	n/a	n/a	n/a
22.302	0.022	saccade	n/a	145.4	188.8	n/a	158.8	156.1	1.3	97.0
22.326	0.216	fixation	n/a	163.2	161.2	3576.0	n/a	n/a	n/a	n/a
22.544	0.028	saccade	n/a	162.0	162.3	n/a	148.1	217.4	2.1	155.0
22.574	0.22	fixation	n/a	146.4	208.7	3639.0	n/a	n/a	n/a	n/a
22.796	0.034	saccade	n/a	145.7	207.0	n/a	221.3	136.7	3.78	235.0
22.832	0.182	fixation	n/a	213.6	146.4	3742.0	n/a	n/a	n/a	n/a
23.016	0.04	saccade	n/a	213.7	141.2	n/a	158.0	263.3	4.95	298.0
23.058	0.392	fixation	n/a	151.6	258.3	3877.0	n/a	n/a	n/a	n/a
23.452	0.128	saccade	n/a	154.0	262.9	n/a	109.4	224.1	2.14	1028.0
23.49	0.04	blink	n/a	n/a	n/a	n/a	n/a	n/a	n/a	n/a
23.582	0.234	fixation	n/a	106.9	219.0	3947.0	n/a	n/a	n/a	n/a
23.818	0.032	saccade	n/a	107.6	223.4	n/a	131.2	285.7	2.45	198.0
23.852	0.27	fixation	n/a	133.6	286.7	3857.0	n/a	n/a	n/a	n/a
24.124	0.032	saccade	n/a	134.5	297.2	n/a	117.4	367.8	2.66	197.0
24.158	0.224	fixation	n/a	117.9	361.4	3768.0	n/a	n/a	n/a	n/a
24.384	0.038	saccade	n/a	118.4	357.1	n/a	100.3	224.0	4.93	309.0
24.424	0.354	fixation	n/a	101.4	231.3	3689.0	n/a	n/a	n/a	n/a
24.78	0.038	saccade	n/a	100.9	233.8	n/a	134.9	369.4	5.11	341.0
24.82	0.206	fixation	n/a	137.3	366.4	3664.0	n/a	n/a	n/a	n/a
25.028	0.142	saccade	n/a	144.4	373.0	n/a	133.9	261.9	4.1	865.0
25.066	0.054	blink	n/a	n/a	n/a	n/a	n/a	n/a	n/a	n/a
25.172	0.118	fixation	n/a	133.7	263.0	3693.0	n/a	n/a	n/a	n/a
25.292	0.028	saccade	n/a	134.6	261.9	n/a	140.4	216.8	1.68	143.0
25.322	0.216	fixation	n/a	132.5	220.2	3634.0	n/a	n/a	n/a	n/a
25.54	0.028	saccade	n/a	129.9	221.9	n/a	95.1	234.0	1.32	114.0
25.57	0.1	fixation	n/a	98.8	236.7	3541.0	n/a	n/a	n/a	n/a
25.672	0.042	saccade	n/a	96.9	242.7	n/a	156.6	431.5	7.21	441.0
25.716	0.208	fixation	n/a	162.3	428.1	3599.0	n/a	n/a	n/a	n/a
25.926	0.052	saccade	n/a	166.2	430.4	n/a	320.1	417.9	5.56	366.0
25.98	0.22	fixation	n/a	328.1	421.4	3651.0	n/a	n/a	n/a	n/a
26.172	0.0	trigger_15	15	n/a	n/a	n/a	n/a	n/a	n/a	n/a
26.202	0.062	saccade	n/a	326.8	423.7	n/a	167.0	229.3	9.22	477.0
26.226	0.0	trigger_10	10	n/a	n/a	n/a	n/a	n/a	n/a	n/a
26.266	0.162	fixation	n/a	165.0	217.5	3535.0	n/a	n/a	n/a	n/a
26.43	0.032	saccade	n/a	165.7	217.8	n/a	133.6	171.2	2.08	199.0
26.464	0.1	fixation	n/a	133.2	174.2	3446.0	n/a	n/a	n/a	n/a
26.566	0.03	saccade	n/a	133.5	172.6	n/a	179.2	143.0	1.97	167.0
26.598	0.108	fixation	n/a	175.6	149.9	3430.0	n/a	n/a	n/a	n/a
26.708	0.032	saccade	n/a	176.7	149.8	n/a	280.0	134.1	3.81	233.0
26.742	0.186	fixation	n/a	276.0	136.2	3456.0	n/a	n/a	n/a	n/a
26.93	0.028	saccade	n/a	276.8	138.4	n/a	368.2	133.4	3.38	202.0
26.96	0.216	fixation	n/a	380.7	137.3	3493.0	n/a	n/a	n/a	n/a
27.178	0.038	saccade	n/a	382.1	140.1	n/a	500.4	136.8	4.39	274.0
27.218	0.294	fixation	n/a	494.5	140.3	3496.0	n/a	n/a	n/a	n/a
27.514	0.028	saccade	n/a	491.7	140.7	n/a	428.4	135.4	2.36	171.0
27.544	0.186	fixation	n/a	435.7	137.7	3488.0	n/a	n/a	n/a	n/a
27.732	0.038	saccade	n/a	435.2	136.2	n/a	309.0	135.0	4.67	296.0
27.772	0.15	fixation	n/a	316.5	137.1	3489.0	n/a	n/a	n/a	n/a
27.924	0.13	saccade	n/a	321.0	143.9	n/a	235.0	148.8	3.16	986.0
27.956	0.046	blink	n/a	n/a	n/a	n/a	n/a	n/a	n/a	n/a
28.056	0.25	fixation	n/a	231.7	147.2	3531.0	n/a	n/a	n/a	n/a
28.308	0.042	saccade	n/a	230.1	148.6	n/a	388.0	139.8	5.8	356.0
28.352	0.294	fixation	n/a	387.3	138.7	3557.0	n/a	n/a	n/a	n/a
28.648	0.038	saccade	n/a	388.7	142.1	n/a	502.9	144.0	4.23	274.0
28.688	0.288	fixation	n/a	498.7	144.4	3494.0	n/a	n/a	n/a	n/a
28.978	0.03	saccade	n/a	499.3	149.7	n/a	568.6	147.1	2.57	194.0
29.01	0.166	fixation	n/a	560.3	148.6	3474.0	n/a	n/a	n/a	n/a
29.178	0.06	saccade	n/a	558.4	150.3	n/a	142.1	220.3	15.36	508.0
29.24	0.22	fixation	n/a	143.0	220.7	3530.0	n/a	n/a	n/a	n/a
29.462	0.176	saccade	n/a	148.3	226.2	n/a	256.8	224.5	3.93	780.0
29.492	0.082	blink	n/a	n/a	n/a	n/a	n/a	n/a	n/a	n/a
29.64	0.154	fixation	n/a	254.0	222.2	3523.0	n/a	n/a	n/a	n/a
29.796	0.024	saccade	n/a	252.4	223.7	n/a	222.2	225.2	1.11	97.0
29.822	0.334	fixation	n/a	226.2	227.4	3461.0	n/a	n/a	n/a	n/a
30.158	0.038	saccade	n/a	227.5	230.0	n/a	349.6	212.3	4.54	280.0
30.198	0.242	fixation	n/a	348.0	214.4	3350.0	n/a	n/a	n/a	n/a
30.442	0.036	saccade	n/a	350.0	215.0	n/a	459.9	212.0	4.08	250.0
30.48	0.108	fixation	n/a	452.5	215.1	3318.0	n/a	n/a	n/a	n/a
30.59	0.158	saccade	n/a	455.7	225.9	n/a	394.8	216.8	2.29	680.0
30.62	0.068	blink	n/a	n/a	n/a	n/a	n/a	n/a	n/a	n/a
30.75	0.1	fixation	n/a	394.6	215.5	3335.0	n/a	n/a	n/a	n/a
30.852	0.054	saccade	n/a	395.1	213.8	n/a	551.7	215.4	5.81	364.0
30.908	0.2	fixation	n/a	556.5	215.6	3322.0	n/a	n/a	n/a	n/a
31.11	0.062	saccade	n/a	557.2	216.1	n/a	125.4	289.7	15.91	526.0
31.174	0.232	fixation	n/a	127.2	289.1	3333.0	n/a	n/a	n/a	n/a
31.408	0.042	saccade	n/a	126.1	292.4	n/a	266.6	283.9	5.08	273.0
31.452	0.268	fixation	n/a	267.2	283.0	3351.0	n/a	n/a	n/a	n/a
31.722	0.034	saccade	n/a	268.9	282.8	n/a	369.0	276.2	3.69	275.0
31.758	0.242	fixation	n/a	366.9	282.9	3372.0	n/a	n/a	n/a	n/a
32.002	0.032	saccade	n/a	370.0	285.8	n/a	442.5	282.5	2.69	216.0
32.036	0.198	fixation	n/a	437.7	282.2	3334.0	n/a	n/a	n/a	n/a
32.236	0.028	saccade	n/a	439.3	282.0	n/a	485.2	284.7	1.7	146.0
32.266	0.15	fixation	n/a	479.7	286.8	3302.0	n/a	n/a	n/a	n/a
32.418	0.156	saccade	n/a	482.0	294.0	n/a	573.4	294.5	3.39	755.0
32.456	0.058	blink	n/a	n/a	n/a	n/a	n/a	n/a	n/a	n/a
32.576	0.176	fixation	n/a	575.8	297.8	3309.0	n/a	n/a	n/a	n/a
32.754	0.068	saccade	n/a	576.2	295.1	n/a	99.7	367.6	17.38	488.0
32.824	0.31	fixation	n/a	103.8	375.3	3356.0	n/a	n/a	n/a	n/a
33.136	0.222	saccade	n/a	109.7	376.0	n/a	111.2	358.4	0.64	503.0
33.166	0.12	blink	n/a	n/a	n/a	n/a	n/a	n/a	n/a	n/a
33.36	0.544	fixation	n/a	106.7	367.0	3413.0	n/a	n/a	n/a	n/a
33.906	0.038	saccade	n/a	108.9	370.4	n/a	218.1	291.8	4.86	294.0
33.946	0.148	fixation	n/a	214.6	300.6	3469.0	n/a	n/a	n/a	n/a
34.096	0.032	saccade	n/a	217.0	300.6	n/a	153.0	296.5	2.31	187.0
34.13	0.208	fixation	n/a	158.2	298.7	3477.0	n/a	n/a	n/a	n/a
34.34	0.032	saccade	n/a	158.2	300.1	n/a	266.0	290.9	3.93	244.0
34.374	0.266	fixation	n/a	258.3	292.5	3510.0	n/a	n/a	n/a	n/a
34.642	0.04	saccade	n/a	257.7	290.8	n/a	162.0	196.1	4.94	297.0
34.684	0.264	fixation	n/a	166.4	210.6	3482.0	n/a	n/a	n/a	n/a
34.95	0.032	saccade	n/a	166.6	216.6	n/a	195.5	293.8	3.05	225.0
34.984	0.142	fixation	n/a	193.9	289.1	3573.0	n/a	n/a	n/a	n/a
35.128	0.032	saccade	n/a	194.4	292.7	n/a	241.0	226.7	2.99	196.0
35.162	0.212	fixation	n/a	236.7	236.3	3598.0	n/a	n/a	n/a	n/a
35.376	0.024	saccade	n/a	234.7	236.9	n/a	206.7	230.8	1.05	103.0
35.402	0.338	fixation	n/a	212.4	235.2	3496.0	n/a	n/a	n/a	n/a
35.742	0.046	saccade	n/a	210.9	236.3	n/a	399.7	219.0	6.97	346.0
35.79	0.15	fixation	n/a	399.2	215.5	3421.0	n/a	n/a	n/a	n/a
35.942	0.032	saccade	n/a	402.7	216.0	n/a	340.6	221.1	2.31	194.0
35.976	0.29	fixation	n/a	343.6	221.9	3449.0	n/a	n/a	n/a	n/a
36.204	0.0	trigger_11	11	n/a	n/a	n/a	n/a	n/a	n/a	n/a
36.268	0.036	saccade	n/a	342.1	226.2	n/a	227.4	226.3	4.22	268.0
36.306	0.204	fixation	n/a	235.7	227.0	3495.0	n/a	n/a	n/a	n/a
36.31	0.0	trigger_10	10	n/a	n/a	n/a	n/a	n/a	n/a	n/a
36.512	0.032	saccade	n/a	234.3	225.2	n/a	161.2	211.0	2.7	211.0
36.546	0.182	fixation	n/a	169.4	216.5	3515.0	n/a	n/a	n/a	n/a
36.73	0.034	saccade	n/a	168.2	217.4	n/a	132.8	148.4	2.85	224.0
36.766	0.192	fixation	n/a	133.8	154.4	3517.0	n/a	n/a	n/a	n/a
36.96	0.034	saccade	n/a	134.7	152.8	n/a	260.3	139.3	4.57	267.0
36.996	0.126	fixation	n/a	256.1	139.8	3459.0	n/a	n/a	n/a	n/a
37.124	0.034	saccade	n/a	257.5	141.3	n/a	365.0	133.5	3.97	244.0
37.16	0.192	fixation	n/a	357.7	136.1	3447.0	n/a	n/a	n/a	n/a
37.354	0.036	saccade	n/a	358.1	136.9	n/a	469.4	135.3	4.13	241.0
37.392	0.164	fixation	n/a	460.9	137.5	3450.0	n/a	n/a	n/a	n/a
37.558	0.038	saccade	n/a	462.7	138.6	n/a	571.5	138.6	4.03	247.0
37.598	0.152	fixation	n/a	567.3	141.3	3444.0	n/a	n/a	n/a	n/a
37.752	0.14	saccade	n/a	566.6	148.7	n/a	175.4	223.6	14.55	774.0
37.818	0.02	blink	n/a	n/a	n/a	n/a	n/a	n/a	n/a	n/a
37.894	0.136	fixation	n/a	172.3	225.3	3446.0	n/a	n/a	n/a	n/a
38.032	0.032	saccade	n/a	170.9	225.5	n/a	106.0	223.5	2.32	193.0
38.066	0.172	fixation	n/a	110.6	223.9	3450.0	n/a	n/a	n/a	n/a
38.24	0.16	saccade	n/a	118.7	224.0	n/a	273.4	224.1	5.57	932.0
38.272	0.064	blink	n/a	n/a	n/a	n/a	n/a	n/a	n/a	n/a
38.402	0.216	fixation	n/a	272.4	222.6	3431.0	n/a	n/a	n/a	n/a
38.62	0.034	saccade	n/a	272.5	224.0	n/a	355.0	216.6	3.05	231.0
38.656	0.322	fixation	n/a	350.0	218.1	3395.0	n/a	n/a	n/a	n/a
38.98	0.058	saccade	n/a	352.7	218.3	n/a	560.1	211.9	7.69	369.0
39.04	0.152	fixation	n/a	566.0	209.6	3343.0	n/a	n/a	n/a	n/a
39.194	0.028	saccade	n/a	566.5	208.7	n/a	521.0	207.7	1.68	156.0
39.224	0.122	fixation	n/a	525.6	208.4	3346.0	n/a	n/a	n/a	n/a
39.348	0.038	saccade	n/a	525.6	209.9	n/a	647.9	210.1	4.5	256.0
39.388	0.136	fixation	n/a	641.2	211.3	3371.0	n/a	n/a	n/a	n/a
39.526	0.068	saccade	n/a	641.8	213.2	n/a	158.7	284.0	17.7	508.0
39.596	0.17	fixation	n/a	164.2	281.1	3460.0	n/a	n/a	n/a	n/a
39.768	0.03	saccade	n/a	161.2	283.5	n/a	106.3	290.5	1.98	162.0
39.8	0.166	fixation	n/a	112.5	291.0	3499.0	n/a	n/a	n/a	n/a
39.968	0.164	saccade	n/a	119.3	291.8	n/a	260.7	290.9	5.1	728.0
39.998	0.068	blink	n/a	n/a	n/a	n/a	n/a	n/a	n/a	n/a
40.134	0.188	fixation	n/a	254.4	285.5	3638.0	n/a	n/a	n/a	n/a
40.324	0.056	saccade	n/a	254.8	280.9	n/a	405.5	275.8	5.56	318.0
40.382	0.27	fixation	n/a	415.0	278.8	3585.0	n/a	n/a	n/a	n/a
40.654	0.038	saccade	n/a	419.0	285.2	n/a	548.7	282.5	4.81	274.0
40.694	0.188	fixation	n/a	541.6	285.7	3519.0	n/a	n/a	n/a	n/a
40.884	0.068	saccade	n/a	542.4	284.7	n/a	180.0	356.6	13.47	477.0
40.954	0.148	fixation	n/a	174.4	357.6	3571.0	n/a	n/a	n/a	n/a
41.104	0.032	saccade	n/a	175.1	361.5	n/a	102.2	364.0	2.59	208.0
41.138	0.208	fixation	n/a	107.3	364.0	3533.0	n/a	n/a	n/a	n/a
41.348	0.058	saccade	n/a	106.9	365.4	n/a	316.3	361.1	7.53	381.0
41.408	0.194	fixation	n/a	329.4	361.3	3474.0	n/a	n/a	n/a	n/a
41.604	0.022	saccade	n/a	328.7	355.1	n/a	305.0	352.1	0.88	95.0
41.628	0.172	fixation	n/a	312.2	355.1	3461.0	n/a	n/a	n/a	n/a
41.802	0.054	saccade	n/a	311.8	354.3	n/a	479.4	345.5	6.19	389.0
41.858	0.212	fixation	n/a	489.0	346.5	3408.0	n/a	n/a	n/a	n/a
42.072	0.026	saccade	n/a	489.3	348.6	n/a	449.3	349.5	1.48	126.0
42.1	0.112	fixation	n/a	455.7	351.5	3427.0	n/a	n/a	n/a	n/a
42.214	0.04	saccade	n/a	455.2	352.9	n/a	600.0	352.0	5.34	311.0
42.256	0.212	fixation	n/a	596.7	354.2	3457.0	n/a	n/a	n/a	n/a
42.47	0.064	saccade	n/a	599.2	357.3	n/a	137.8	416.4	16.8	510.0
42.536	0.208	fixation	n/a	142.5	420.3	3472.0	n/a	n/a	n/a	n/a
42.746	0.164	saccade	n/a	151.3	424.5	n/a	140.3	438.6	0.64	542.0
42.776	0.072	blink	n/a	n/a	n/a	n/a	n/a	n/a	n/a	n/a
42.912	0.128	fixation	n/a	139.2	431.1	3447.0	n/a	n/a	n/a	n/a
43.042	0.056	saccade	n/a	139.3	434.6	n/a	350.2	439.4	7.6	419.0
43.1	0.148	fixation	n/a	357.8	435.4	3474.0	n/a	n/a	n/a	n/a
43.25	0.044	saccade	n/a	359.1	434.9	n/a	286.6	432.6	2.65	242.0
43.296	0.186	fixation	n/a	279.4	432.2	3527.0	n/a	n/a	n/a	n/a
43.484	0.054	saccade	n/a	276.6	432.8	n/a	154.1	435.3	4.39	308.0
43.54	0.134	fixation	n/a	147.3	434.3	3492.0	n/a	n/a	n/a	n/a
43.676	0.064	saccade	n/a	145.6	434.0	n/a	447.1	426.2	10.89	452.0
43.742	0.336	fixation	n/a	458.6	424.5	3446.0	n/a	n/a	n/a	n/a
44.08	0.036	saccade	n/a	460.2	425.8	n/a	350.2	425.1	4.04	273.0
44.118	0.216	fixation	n/a	356.6	429.5	3535.0	n/a	n/a	n/a	n/a
44.336	0.204	saccade	n/a	355.7	431.8	n/a	403.9	225.1	7.9	478.0
44.366	0.102	blink	n/a	n/a	n/a	n/a	n/a	n/a	n/a	n/a
44.542	0.182	fixation	n/a	404.0	233.5	3476.0	n/a	n/a	n/a	n/a
44.726	0.03	saccade	n/a	403.9	237.1	n/a	429.0	297.1	2.44	190.0
44.758	0.174	fixation	n/a	429.5	293.6	3553.0	n/a	n/a	n/a	n/a
44.934	0.042	saccade	n/a	430.3	299.0	n/a	579.3	308.4	5.53	300.0
44.978	0.18	fixation	n/a	574.7	309.9	3520.0	n/a	n/a	n/a	n/a
45.16	0.054	saccade	n/a	579.6	310.3	n/a	318.4	391.1	10.08	404.0
45.216	0.148	fixation	n/a	322.8	392.1	3510.0	n/a	n/a	n/a	n/a
45.366	0.034	saccade	n/a	319.8	393.7	n/a	237.8	430.3	3.28	254.0
45.402	0.192	fixation	n/a	242.6	425.9	3499.0	n/a	n/a	n/a	n/a
45.596	0.034	saccade	n/a	241.1	425.0	n/a	145.5	426.0	3.43	214.0
45.632	0.24	fixation	n/a	158.5	428.9	3522.0	n/a	n/a	n/a	n/a
45.874	0.112	saccade	n/a	170.8	427.4	n/a	181.0	232.5	7.17	598.0
45.906	0.028	blink	n/a	n/a	n/a	n/a	n/a	n/a	n/a	n/a
45.988	0.184	fixation	n/a	180.7	226.4	3492.0	n/a	n/a	n/a	n/a
46.036	0.0	trigger_11	11	n/a	n/a	n/a	n/a	n/a	n/a	n/a
46.14	0.0	trigger_10	10	n/a	n/a	n/a	n/a	n/a	n/a	n/a
46.174	0.034	saccade	n/a	182.3	224.9	n/a	162.3	171.0	2.13	197.0
46.21	0.184	fixation	n/a	156.2	177.5	3550.0	n/a	n/a	n/a	n/a
46.396	0.03	saccade	n/a	155.9	173.7	n/a	236.0	132.5	3.28	212.0
46.428	0.212	fixation	n/a	234.3	137.2	3562.0	n/a	n/a	n/a	n/a
46.642	0.038	saccade	n/a	233.5	135.3	n/a	367.8	133.3	4.94	302.0
46.682	0.184	fixation	n/a	362.5	134.1	3519.0	n/a	n/a	n/a	n/a
46.868	0.034	saccade	n/a	365.3	136.8	n/a	470.8	135.3	3.92	256.0
46.904	0.276	fixation	n/a	465.9	143.0	3470.0	n/a	n/a	n/a	n/a
47.182	0.028	saccade	n/a	467.9	146.0	n/a	423.3	141.6	1.67	140.0
47.212	0.176	fixation	n/a	428.7	143.4	3458.0	n/a	n/a	n/a	n/a
47.39	0.04	saccade	n/a	428.1	142.4	n/a	575.4	146.7	5.47	301.0
47.432	0.112	fixation	n/a	571.4	148.7	3452.0	n/a	n/a	n/a	n/a
47.546	0.06	saccade	n/a	573.6	151.0	n/a	160.8	204.3	15.2	501.0
47.608	0.228	fixation	n/a	163.8	207.5	3561.0	n/a	n/a	n/a	n/a
47.838	0.03	saccade	n/a	160.9	212.5	n/a	110.0	226.9	1.9	156.0
47.87	0.148	fixation	n/a	112.6	222.9	3571.0	n/a	n/a	n/a	n/a
48.02	0.056	saccade	n/a	110.2	223.1	n/a	306.5	214.6	7.13	421.0
48.078	0.14	fixation	n/a	318.0	213.7	3572.0	n/a	n/a	n/a	n/a
48.22	0.18	saccade	n/a	323.5	221.3	n/a	269.0	225.6	2.02	720.0
48.25	0.088	blink	n/a	n/a	n/a	n/a	n/a	n/a	n/a	n/a
48.402	0.196	fixation	n/a	271.2	223.0	3460.0	n/a	n/a	n/a	n/a
48.6	0.032	saccade	n/a	272.8	222.8	n/a	363.3	216.3	3.35	223.0
48.634	0.192	fixation	n/a	357.8	217.5	3409.0	n/a	n/a	n/a	n/a
48.828	0.052	saccade	n/a	359.3	218.6	n/a	498.6	218.2	5.18	338.0
48.882	0.15	fixation	n/a	507.2	214.8	3366.0	n/a	n/a	n/a	n/a
49.034	0.03	saccade	n/a	506.6	219.5	n/a	450.5	211.7	2.11	183.0
49.066	0.25	fixation	n/a	454.0	214.5	3315.0	n/a	n/a	n/a	n/a
49.318	0.016	saccade	n/a	452.0	214.6	n/a	432.9	211.4	0.72	58.0
49.336	0.02	fixation	n/a	439.6	210.9	3302.0	n/a	n/a	n/a	n/a
49.358	0.05	saccade	n/a	440.7	211.7	n/a	561.7	215.8	4.49	297.0
49.41	0.19	fixation	n/a	570.9	216.1	3290.0	n/a	n/a	n/a	n/a
49.602	0.024	saccade	n/a	569.4	218.1	n/a	534.4	211.6	1.32	118.0
49.628	0.222	fixation	n/a	539.9	213.2	3323.0	n/a	n/a	n/a	n/a
49.852	0.064	saccade	n/a	540.7	214.3	n/a	116.6	294.7	15.65	457.0
49.918	0.296	fixation	n/a	119.6	297.9	3390.0	n/a	n/a	n/a	n/a
50.216	0.088	saccade	n/a	119.3	301.2	n/a	211.5	305.8	3.31	651.0
50.306	0.2	fixation	n/a	211.0	302.8	3460.0	n/a	n/a	n/a	n/a
50.508	0.038	saccade	n/a	212.9	301.0	n/a	332.5	290.4	4.39	290.0
50.548	0.166	fixation	n/a	326.5	291.1	3406.0	n/a	n/a	n/a	n/a
50.716	0.188	saccade	n/a	330.4	295.7	n/a	370.0	297.0	1.46	718.0
50.746	0.094	blink	n/a	n/a	n/a	n/a	n/a	n/a	n/a	n/a
50.906	0.222	fixation	n/a	373.6	296.2	3276.0	n/a	n/a	n/a	n/a
51.13	0.036	saccade	n/a	374.1	291.7	n/a	303.9	228.9	3.51	236.0
51.168	0.152	fixation	n/a	305.8	234.8	3303.0	n/a	n/a	n/a	n/a
51.322	0.054	saccade	n/a	303.3	232.1	n/a	160.5	236.6	5.2	306.0
51.378	0.166	fixation	n/a	151.4	235.7	3265.0	n/a	n/a	n/a	n/a
51.546	0.058	saccade	n/a	149.6	236.6	n/a	330.9	228.0	6.6	276.0
51.606	0.17	fixation	n/a	331.2	226.6	3291.0	n/a	n/a	n/a	n/a
51.778	0.052	saccade	n/a	333.7	226.2	n/a	469.2	214.9	5.03	351.0
51.832	0.274	fixation	n/a	477.9	214.8	3346.0	n/a	n/a	n/a	n/a
52.108	0.018	saccade	n/a	480.0	215.0	n/a	503.7	214.4	0.88	69.0
52.128	0.148	fixation	n/a	496.4	218.3	3357.0	n/a	n/a	n/a	n/a
52.278	0.048	saccade	n/a	495.5	217.1	n/a	261.9	254.3	8.73	394.0
52.31	0.0	trigger_11	11	n/a	n/a	n/a	n/a	n/a	n/a	n/a
52.328	0.254	fixation	n/a	267.6	254.8	3417.0	n/a	n/a	n/a	n/a
52.42	0.0	trigger_10	10	n/a	n/a	n/a	n/a	n/a	n/a	n/a
52.584	0.032	saccade	n/a	264.5	253.5	n/a	196.3	203.6	3.1	238.0
52.618	0.134	fixation	n/a	200.7	212.2	3491.0	n/a	n/a	n/a	n/a
52.754	0.032	saccade	n/a	201.9	212.0	n/a	169.0	151.2	2.56	192.0
52.788	0.14	fixation	n/a	169.0	156.6	3489.0	n/a	n/a	n/a	n/a
52.93	0.024	saccade	n/a	166.8	153.9	n/a	138.2	148.5	1.04	101.0
52.956	0.104	fixation	n/a	146.3	153.2	3426.0	n/a	n/a	n/a	n/a
53.062	0.06	saccade	n/a	144.8	154.1	n/a	370.3	131.0	8.26	388.0
53.124	0.176	fixation	n/a	379.4	132.7	3374.0	n/a	n/a	n/a	n/a
53.302	0.05	saccade	n/a	382.7	134.7	n/a	169.5	139.4	7.8	307.0
53.354	0.154	fixation	n/a	174.6	140.5	3339.0	n/a	n/a	n/a	n/a
53.51	0.028	saccade	n/a	172.8	142.6	n/a	123.6	147.8	1.77	154.0
53.54	0.068	fixation	n/a	131.2	149.5	3349.0	n/a	n/a	n/a	n/a
53.61	0.064	saccade	n/a	129.8	148.6	n/a	418.9	135.7	10.54	433.0
53.676	0.208	fixation	n/a	427.9	135.3	3392.0	n/a	n/a	n/a	n/a
53.886	0.032	saccade	n/a	429.0	138.5	n/a	503.0	146.2	2.77	217.0
53.92	0.224	fixation	n/a	500.0	145.2	3381.0	n/a	n/a	n/a	n/a
54.146	0.068	saccade	n/a	502.1	145.5	n/a	162.7	210.3	12.62	476.0
54.216	0.258	fixation	n/a	155.7	213.1	3417.0	n/a	n/a	n/a	n/a
54.476	0.106	saccade	n/a	157.8	219.4	n/a	295.6	226.8	5.01	923.0
54.516	0.008	blink	n/a	n/a	n/a	n/a	n/a	n/a	n/a	n/a
54.584	0.2	fixation	n/a	298.0	223.1	3445.0	n/a	n/a	n/a	n/a
54.786	0.04	saccade	n/a	297.7	222.1	n/a	418.9	218.5	4.49	277.0
54.828	0.264	fixation	n/a	415.7	216.8	3397.0	n/a	n/a	n/a	n/a
55.094	0.03	saccade	n/a	417.4	216.3	n/a	487.8	212.5	2.62	199.0
55.126	0.26	fixation	n/a	482.0	213.9	3295.0	n/a	n/a	n/a	n/a
55.388	0.042	saccade	n/a	483.8	214.6	n/a	357.3	157.9	5.16	300.0
55.432	0.18	fixation	n/a	362.5	164.2	3258.0	n/a	n/a	n/a	n/a
55.614	0.03	saccade	n/a	360.7	160.8	n/a	306.1	147.9	2.08	165.0
55.646	0.458	fixation	n/a	309.3	152.3	3306.0	n/a	n/a	n/a	n/a
55.83	0.0	trigger_11	11	n/a	n/a	n/a	n/a	n/a	n/a	n/a
55.932	0.0	trigger_12	12	n/a	n/a	n/a	n/a	n/a	n/a	n/a
56.106	0.042	saccade	n/a	308.5	153.8	n/a	150.2	152.7	5.77	281.0
56.15	0.34	fixation	n/a	157.4	156.0	3380.0	n/a	n/a	n/a	n/a
56.492	0.038	saccade	n/a	157.2	155.7	n/a	289.0	138.6	4.83	293.0
56.532	0.336	fixation	n/a	282.0	141.7	3381.0	n/a	n/a	n/a	n/a
56.87	0.052	saccade	n/a	281.9	138.8	n/a	432.4	140.7	5.55	349.0
56.924	0.198	fixation	n/a	440.6	140.5	3384.0	n/a	n/a	n/a	n/a
57.124	0.034	saccade	n/a	441.3	142.4	n/a	542.7	139.5	3.76	246.0
57.16	0.084	fixation	n/a	534.7	141.3	3353.0	n/a	n/a	n/a	n/a
57.246	0.06	saccade	n/a	534.6	140.9	n/a	134.2	208.2	14.77	480.0
57.308	0.164	fixation	n/a	134.6	209.1	3374.0	n/a	n/a	n/a	n/a
57.474	0.024	saccade	n/a	130.5	212.7	n/a	96.5	223.0	1.27	108.0
57.5	0.172	fixation	n/a	102.3	223.9	3376.0	n/a	n/a	n/a	n/a
57.674	0.16	saccade	n/a	116.0	228.0	n/a	227.0	169.4	4.55	833.0
57.706	0.068	blink	n/a	n/a	n/a	n/a	n/a	n/a	n/a	n/a
57.836	0.326	fixation	n/a	228.6	172.4	3481.0	n/a	n/a	n/a	n/a
57.934	0.0	trigger_13	13	n/a	n/a	n/a	n/a	n/a	n/a	n/a
58.164	0.036	saccade	n/a	229.0	172.0	n/a	119.4	199.7	4.08	264.0
58.202	0.284	fixation	n/a	123.5	200.0	3542.0	n/a	n/a	n/a	n/a
58.488	0.036	saccade	n/a	123.8	208.4	n/a	133.2	323.3	4.25	304.0
58.526	0.264	fixation	n/a	129.5	314.0	3644.0	n/a	n/a	n/a	n/a
58.792	0.03	saccade	n/a	127.2	315.4	n/a	79.0	310.2	1.71	147.0
58.824	0.192	fixation	n/a	84.4	311.3	3721.0	n/a	n/a	n/a	n/a
59.018	0.126	saccade	n/a	93.3	312.1	n/a	113.7	338.1	1.19	890.0
59.052	0.034	blink	n/a	n/a	n/a	n/a	n/a	n/a	n/a	n/a
59.146	0.098	fixation	n/a	112.8	338.1	3717.0	n/a	n/a	n/a	n/a
59.166	0.0	trigger_15	15	n/a	n/a	n/a	n/a	n/a	n/a	n/a
59.218	0.0	trigger_10	10	n/a	n/a	n/a	n/a	n/a	n/a	n/a
59.246	0.04	saccade	n/a	112.5	334.3	n/a	171.9	213.2	4.94	310.0
59.288	0.136	fixation	n/a	171.8	225.8	3727.0	n/a	n/a	n/a	n/a
59.426	0.032	saccade	n/a	172.7	223.6	n/a	143.5	168.8	2.29	199.0
59.46	0.128	fixation	n/a	143.7	175.9	3688.0	n/a	n/a	n/a	n/a
59.59	0.024	saccade	n/a	141.7	177.7	n/a	120.6	159.3	1.02	95.0
59.616	0.164	fixation	n/a	124.4	164.1	3627.0	n/a	n/a	n/a	n/a
59.782	0.036	saccade	n/a	124.3	164.1	n/a	242.6	140.8	4.35	270.0
59.82	0.17	fixation	n/a	235.0	143.3	3563.0	n/a	n/a	n/a	n/a
59.992	0.038	saccade	n/a	237.4	142.6	n/a	353.7	133.3	4.29	293.0
60.032	0.174	fixation	n/a	351.3	135.5	3590.0	n/a	n/a	n/a	n/a
60.208	0.03	saccade	n/a	352.4	136.6	n/a	288.4	133.3	2.36	176.0
60.24	0.116	fixation	n/a	294.9	139.0	3612.0	n/a	n/a	n/a	n/a
60.358	0.036	saccade	n/a	293.1	141.6	n/a	177.3	142.4	4.22	277.0
60.396	0.242	fixation	n/a	184.0	146.2	3541.0	n/a	n/a	n/a	n/a
60.64	0.026	saccade	n/a	183.8	152.0	n/a	231.1	146.3	1.73	142.0
60.668	0.038	fixation	n/a	225.4	145.6	3509.0	n/a	n/a	n/a	n/a
60.708	0.056	saccade	n/a	226.1	146.7	n/a	410.7	139.1	6.79	367.0
60.766	0.226	fixation	n/a	423.8	139.2	3509.0	n/a	n/a	n/a	n/a
60.994	0.15	saccade	n/a	427.1	145.9	n/a	108.7	217.3	11.86	938.0
61.046	0.036	blink	n/a	n/a	n/a	n/a	n/a	n/a	n/a	n/a
61.146	0.186	fixation	n/a	106.5	220.6	3536.0	n/a	n/a	n/a	n/a
61.334	0.164	saccade	n/a	114.0	225.6	n/a	130.7	168.8	2.18	911.0
61.368	0.072	blink	n/a	n/a	n/a	n/a	n/a	n/a	n/a	n/a
61.5	0.506	fixation	n/a	132.9	161.9	3545.0	n/a	n/a	n/a	n/a
61.71	0.0	trigger_11	11	n/a	n/a	n/a	n/a	n/a	n/a	n/a
61.814	0.0	trigger_10	10	n/a	n/a	n/a	n/a	n/a	n/a	n/a
62.008	0.034	saccade	n/a	135.5	164.1	n/a	250.6	136.7	4.28	253.0
62.044	0.198	fixation	n/a	240.2	137.0	3641.0	n/a	n/a	n/a	n/a
62.244	0.066	saccade	n/a	241.0	136.1	n/a	520.2	133.7	10.25	430.0
62.312	0.188	fixation	n/a	530.3	133.1	3583.0	n/a	n/a	n/a	n/a
62.502	0.034	saccade	n/a	533.2	132.5	n/a	626.4	137.0	3.42	234.0
62.538	0.196	fixation	n/a	616.9	136.3	3514.0	n/a	n/a	n/a	n/a
62.736	0.068	saccade	n/a	617.2	136.9	n/a	144.0	204.2	17.23	509.0
62.806	0.29	fixation	n/a	143.0	206.2	3541.0	n/a	n/a	n/a	n/a
63.098	0.038	saccade	n/a	137.8	203.9	n/a	268.0	197.9	4.68	261.0
63.138	0.222	fixation	n/a	258.8	201.9	3674.0	n/a	n/a	n/a	n/a
63.362	0.034	saccade	n/a	259.8	203.7	n/a	372.7	202.8	4.13	277.0
63.398	0.232	fixation	n/a	364.6	207.6	3691.0	n/a	n/a	n/a	n/a
63.632	0.032	saccade	n/a	366.0	210.6	n/a	441.6	209.6	2.78	202.0
63.666	0.158	fixation	n/a	434.3	212.5	3681.0	n/a	n/a	n/a	n/a
63.826	0.038	saccade	n/a	436.6	212.1	n/a	561.1	216.5	4.57	294.0
63.866	0.16	fixation	n/a	558.9	218.5	3626.0	n/a	n/a	n/a	n/a
64.028	0.072	saccade	n/a	561.5	220.9	n/a	164.8	152.2	14.54	495.0
64.102	0.288	fixation	n/a	158.8	149.0	3554.0	n/a	n/a	n/a	n/a
64.392	0.03	saccade	n/a	162.3	147.5	n/a	223.0	137.0	2.21	182.0
64.424	0.174	fixation	n/a	220.3	138.5	3566.0	n/a	n/a	n/a	n/a
64.6	0.062	saccade	n/a	222.5	136.6	n/a	485.3	134.6	9.61	415.0
64.664	0.118	fixation	n/a	492.1	138.7	3558.0	n/a	n/a	n/a	n/a
64.784	0.112	saccade	n/a	490.9	160.4	n/a	576.2	150.1	3.18	821.0
64.822	0.018	blink	n/a	n/a	n/a	n/a	n/a	n/a	n/a	n/a
64.898	0.31	fixation	n/a	577.4	142.3	3538.0	n/a	n/a	n/a	n/a
65.21	0.03	saccade	n/a	577.7	143.8	n/a	561.4	214.2	2.71	216.0
65.242	0.204	fixation	n/a	564.8	208.5	3471.0	n/a	n/a	n/a	n/a
65.448	0.054	saccade	n/a	565.5	209.1	n/a	391.1	207.7	6.45	372.0
65.504	0.096	fixation	n/a	384.2	206.5	3512.0	n/a	n/a	n/a	n/a
65.602	0.032	saccade	n/a	382.5	206.4	n/a	389.6	138.9	2.55	225.0
65.636	0.198	fixation	n/a	387.2	144.3	3482.0	n/a	n/a	n/a	n/a
65.836	0.024	saccade	n/a	385.6	149.2	n/a	352.7	140.6	1.26	123.0
65.862	0.114	fixation	n/a	358.9	142.4	3414.0	n/a	n/a	n/a	n/a
65.978	0.034	saccade	n/a	357.5	144.7	n/a	280.8	134.8	2.85	235.0
66.014	0.118	fixation	n/a	287.1	139.2	3388.0	n/a	n/a	n/a	n/a
66.134	0.212	saccade	n/a	292.9	148.4	n/a	275.7	142.3	0.67	969.0
66.164	0.118	blink	n/a	n/a	n/a	n/a	n/a	n/a	n/a	n/a
66.348	0.114	fixation	n/a	273.2	137.7	3325.0	n/a	n/a	n/a	n/a
66.464	0.052	saccade	n/a	274.7	136.1	n/a	428.0	134.7	5.65	372.0
66.518	0.312	fixation	n/a	437.7	134.5	3349.0	n/a	n/a	n/a	n/a
66.832	0.032	saccade	n/a	437.7	131.7	n/a	362.8	133.9	2.77	220.0
66.866	0.314	fixation	n/a	369.7	135.7	3338.0	n/a	n/a	n/a	n/a
67.182	0.05	saccade	n/a	368.5	137.8	n/a	494.5	138.9	4.67	309.0
67.234	0.218	fixation	n/a	502.8	136.2	3334.0	n/a	n/a	n/a	n/a
67.454	0.028	saccade	n/a	505.8	138.3	n/a	557.4	142.6	1.92	160.0
67.484	0.38	fixation	n/a	553.1	139.3	3408.0	n/a	n/a	n/a	n/a
67.866	0.052	saccade	n/a	555.9	142.3	n/a	637.9	138.4	3.02	275.0
67.92	0.156	fixation	n/a	644.2	141.3	3421.0	n/a	n/a	n/a	n/a
68.078	0.062	saccade	n/a	642.4	140.4	n/a	190.8	228.8	16.72	521.0
68.142	0.152	fixation	n/a	198.1	229.4	3498.0	n/a	n/a	n/a	n/a
68.296	0.032	saccade	n/a	194.8	232.1	n/a	125.5	224.1	2.51	201.0
68.33	0.158	fixation	n/a	131.1	226.3	3494.0	n/a	n/a	n/a	n/a
68.49	0.044	saccade	n/a	128.4	228.1	n/a	328.5	216.5	7.26	413.0
68.536	0.042	fixation	n/a	326.9	216.3	3451.0	n/a	n/a	n/a	n/a
68.58	0.056	saccade	n/a	330.9	215.7	n/a	502.6	216.7	6.34	417.0
68.638	0.176	fixation	n/a	516.1	222.0	3391.0	n/a	n/a	n/a	n/a
68.816	0.032	saccade	n/a	519.9	225.5	n/a	441.9	210.8	2.94	239.0
68.85	0.332	fixation	n/a	442.0	213.9	3369.0	n/a	n/a	n/a	n/a
69.184	0.05	saccade	n/a	440.3	216.7	n/a	556.4	210.3	4.31	284.0
69.236	0.188	fixation	n/a	563.1	209.3	3329.0	n/a	n/a	n/a	n/a
69.254	0.0	trigger_11	11	n/a	n/a	n/a	n/a	n/a	n/a	n/a
69.358	0.0	trigger_10	10	n/a	n/a	n/a	n/a	n/a	n/a	n/a
69.426	0.06	saccade	n/a	564.1	206.8	n/a	330.0	190.1	8.65	421.0
69.488	0.118	fixation	n/a	323.0	188.7	3424.0	n/a	n/a	n/a	n/a
69.608	0.052	saccade	n/a	322.2	188.7	n/a	185.6	162.9	5.06	327.0
69.662	0.152	fixation	n/a	178.5	157.8	3483.0	n/a	n/a	n/a	n/a
69.816	0.028	saccade	n/a	175.7	155.9	n/a	129.3	145.9	1.7	139.0
69.846	0.106	fixation	n/a	136.6	153.9	3496.0	n/a	n/a	n/a	n/a
69.954	0.142	saccade	n/a	138.1	158.9	n/a	321.1	138.1	6.66	935.0
69.986	0.052	blink	n/a	n/a	n/a	n/a	n/a	n/a	n/a	n/a
70.098	0.156	fixation	n/a	321.6	136.0	3384.0	n/a	n/a	n/a	n/a
70.256	0.036	saccade	n/a	320.0	132.0	n/a	214.6	134.4	3.85	263.0
70.294	0.244	fixation	n/a	217.6	134.0	3377.0	n/a	n/a	n/a	n/a
70.54	0.058	saccade	n/a	216.3	133.1	n/a	457.1	132.8	8.82	408.0
70.6	0.142	fixation	n/a	466.5	130.5	3355.0	n/a	n/a	n/a	n/a
70.744	0.028	saccade	n/a	468.6	131.2	n/a	413.4	130.2	2.04	169.0
70.774	0.286	fixation	n/a	416.2	132.1	3339.0	n/a	n/a	n/a	n/a
71.062	0.044	saccade	n/a	415.2	134.1	n/a	567.4	136.5	5.63	303.0
71.108	0.222	fixation	n/a	568.9	134.2	3319.0	n/a	n/a	n/a	n/a
71.332	0.058	saccade	n/a	569.3	135.8	n/a	171.9	210.0	14.71	494.0
71.392	0.162	fixation	n/a	177.7	207.6	3441.0	n/a	n/a	n/a	n/a
71.556	0.032	saccade	n/a	175.9	210.7	n/a	104.0	214.5	2.57	194.0
71.59	0.132	fixation	n/a	112.3	215.9	3467.0	n/a	n/a	n/a	n/a
71.724	0.042	saccade	n/a	109.5	218.4	n/a	277.5	211.2	6.05	315.0
71.768	0.132	fixation	n/a	268.5	213.8	3481.0	n/a	n/a	n/a	n/a
71.902	0.16	saccade	n/a	281.2	223.0	n/a	175.5	217.7	3.84	844.0
71.934	0.064	blink	n/a	n/a	n/a	n/a	n/a	n/a	n/a	n/a
72.064	0.238	fixation	n/a	174.0	214.6	3390.0	n/a	n/a	n/a	n/a
72.304	0.028	saccade	n/a	171.9	211.0	n/a	134.0	212.1	1.35	136.0
72.334	0.088	fixation	n/a	139.5	215.5	3348.0	n/a	n/a	n/a	n/a
72.424	0.052	saccade	n/a	138.5	217.6	n/a	320.0	211.1	6.58	377.0
72.478	0.324	fixation	n/a	331.0	212.2	3294.0	n/a	n/a	n/a	n/a
72.804	0.044	saccade	n/a	333.0	214.7	n/a	481.0	214.7	5.48	297.0
72.85	0.242	fixation	n/a	481.8	211.0	3282.0	n/a	n/a	n/a	n/a
73.094	0.036	saccade	n/a	483.0	209.5	n/a	596.6	212.0	4.19	271.0
73.132	0.3	fixation	n/a	588.5	215.7	3273.0	n/a	n/a	n/a	n/a
73.434	0.068	saccade	n/a	588.1	214.4	n/a	123.9	286.6	16.97	484.0
73.504	0.268	fixation	n/a	125.1	289.6	3300.0	n/a	n/a	n/a	n/a
73.774	0.162	saccade	n/a	134.1	292.4	n/a	154.6	180.9	4.16	741.0
73.812	0.056	blink	n/a	n/a	n/a	n/a	n/a	n/a	n/a	n/a
73.938	0.12	fixation	n/a	152.0	177.0	3399.0	n/a	n/a	n/a	n/a
74.06	0.032	saccade	n/a	151.5	176.3	n/a	215.3	211.8	2.64	225.0
74.094	0.08	fixation	n/a	211.0	210.5	3410.0	n/a	n/a	n/a	n/a
74.176	0.052	saccade	n/a	211.2	211.2	n/a	353.5	202.2	5.21	372.0
74.23	0.2	fixation	n/a	361.7	201.4	3414.0	n/a	n/a	n/a	n/a
74.432	0.034	saccade	n/a	361.1	201.3	n/a	272.0	205.5	3.27	254.0
74.468	0.184	fixation	n/a	275.6	207.0	3452.0	n/a	n/a	n/a	n/a
74.654	0.048	saccade	n/a	273.3	209.0	n/a	374.5	201.1	3.73	306.0
74.704	0.256	fixation	n/a	386.7	205.1	3389.0	n/a	n/a	n/a	n/a
74.962	0.048	saccade	n/a	391.1	206.5	n/a	172.6	177.5	8.05	359.0
75.012	0.184	fixation	n/a	176.6	177.2	3362.0	n/a	n/a	n/a	n/a
75.174	0.0	trigger_11	11	n/a	n/a	n/a	n/a	n/a	n/a	n/a
75.198	0.028	saccade	n/a	175.3	176.8	n/a	141.5	150.0	1.57	142.0
75.228	0.262	fixation	n/a	146.7	159.3	3414.0	n/a	n/a	n/a	n/a
75.278	0.0	trigger_10	10	n/a	n/a	n/a	n/a	n/a	n/a	n/a
75.492	0.04	saccade	n/a	147.8	159.4	n/a	289.6	134.9	5.22	334.0
75.534	0.186	fixation	n/a	285.7	133.7	3568.0	n/a	n/a	n/a	n/a
75.722	0.03	saccade	n/a	286.9	132.6	n/a	226.4	138.9	2.22	174.0
75.754	0.29	fixation	n/a	229.1	141.3	3583.0	n/a	n/a	n/a	n/a
76.046	0.128	saccade	n/a	236.9	154.5	n/a	382.7	146.4	5.35	935.0
76.078	0.038	blink	n/a	n/a	n/a	n/a	n/a	n/a	n/a	n/a
76.176	0.172	fixation	n/a	383.1	140.9	3488.0	n/a	n/a	n/a	n/a
76.35	0.028	saccade	n/a	383.0	140.3	n/a	341.8	139.2	1.52	138.0
76.38	0.282	fixation	n/a	343.1	140.4	3482.0	n/a	n/a	n/a	n/a
76.664	0.04	saccade	n/a	339.4	141.4	n/a	471.2	143.3	4.86	279.0
76.706	0.268	fixation	n/a	467.0	140.1	3428.0	n/a	n/a	n/a	n/a
76.976	0.028	saccade	n/a	468.4	139.0	n/a	412.3	137.0	2.08	168.0
77.006	0.17	fixation	n/a	419.6	138.1	3440.0	n/a	n/a	n/a	n/a
77.178	0.06	saccade	n/a	417.0	136.7	n/a	215.5	146.5	7.39	344.0
77.24	0.33	fixation	n/a	206.9	147.4	3460.0	n/a	n/a	n/a	n/a
77.288	0.0	trigger_11	11	n/a	n/a	n/a	n/a	n/a	n/a	n/a
77.39	0.0	trigger_10	10	n/a	n/a	n/a	n/a	n/a	n/a	n/a
77.572	0.032	saccade	n/a	203.9	148.8	n/a	124.7	148.1	2.83	194.0
77.606	0.316	fixation	n/a	130.2	151.4	3522.0	n/a	n/a	n/a	n/a
77.924	0.024	saccade	n/a	127.0	156.3	n/a	94.0	158.2	1.17	105.0
77.95	0.308	fixation	n/a	100.8	160.2	3444.0	n/a	n/a	n/a	n/a
78.26	0.04	saccade	n/a	102.6	163.4	n/a	256.0	140.4	5.57	322.0
78.302	0.15	fixation	n/a	250.3	142.2	3443.0	n/a	n/a	n/a	n/a
78.454	0.03	saccade	n/a	252.7	142.5	n/a	199.5	144.6	1.94	162.0
78.486	0.138	fixation	n/a	205.2	145.1	3460.0	n/a	n/a	n/a	n/a
78.626	0.036	saccade	n/a	203.9	142.1	n/a	323.7	130.4	4.39	294.0
78.664	0.23	fixation	n/a	319.4	134.7	3465.0	n/a	n/a	n/a	n/a
78.896	0.03	saccade	n/a	319.9	137.3	n/a	264.5	134.7	2.03	163.0
78.928	0.234	fixation	n/a	269.3	139.8	3418.0	n/a	n/a	n/a	n/a
79.164	0.144	saccade	n/a	275.9	149.9	n/a	399.5	144.1	4.54	949.0
79.196	0.054	blink	n/a	n/a	n/a	n/a	n/a	n/a	n/a	n/a
79.31	0.242	fixation	n/a	405.5	143.8	3383.0	n/a	n/a	n/a	n/a
79.554	0.028	saccade	n/a	407.8	142.6	n/a	451.0	144.0	1.6	147.0
79.584	0.264	fixation	n/a	445.6	144.9	3394.0	n/a	n/a	n/a	n/a
79.85	0.034	saccade	n/a	444.7	147.5	n/a	525.5	145.8	2.99	232.0
79.886	0.25	fixation	n/a	522.9	148.2	3317.0	n/a	n/a	n/a	n/a
80.138	0.062	saccade	n/a	524.1	150.0	n/a	136.7	224.5	14.33	428.0
80.202	0.268	fixation	n/a	138.5	223.0	3351.0	n/a	n/a	n/a	n/a
80.472	0.034	saccade	n/a	136.0	221.6	n/a	230.4	219.2	3.4	258.0
80.508	0.198	fixation	n/a	226.2	219.0	3375.0	n/a	n/a	n/a	n/a
80.708	0.182	saccade	n/a	234.7	223.7	n/a	326.9	204.1	3.46	862.0
80.748	0.074	blink	n/a	n/a	n/a	n/a	n/a	n/a	n/a	n/a
80.892	0.238	fixation	n/a	324.5	199.9	3368.0	n/a	n/a	n/a	n/a
81.132	0.03	saccade	n/a	325.6	193.5	n/a	293.5	157.2	1.8	150.0
81.164	0.36	fixation	n/a	291.4	165.7	3383.0	n/a	n/a	n/a	n/a
81.24	0.0	trigger_11	11	n/a	n/a	n/a	n/a	n/a	n/a	n/a
81.346	0.0	trigger_10	10	n/a	n/a	n/a	n/a	n/a	n/a	n/a
81.526	0.038	saccade	n/a	290.6	167.6	n/a	174.6	150.7	4.26	255.0
81.566	0.146	fixation	n/a	182.3	152.7	3425.0	n/a	n/a	n/a	n/a
81.714	0.026	saccade	n/a	178.8	152.8	n/a	136.3	149.0	1.53	134.0
81.742	0.234	fixation	n/a	144.4	154.5	3460.0	n/a	n/a	n/a	n/a
81.978	0.054	saccade	n/a	142.1	152.2	n/a	319.5	141.4	6.44	384.0
82.034	0.252	fixation	n/a	329.5	141.5	3400.0	n/a	n/a	n/a	n/a
82.288	0.036	saccade	n/a	332.0	146.7	n/a	423.8	136.2	3.42	230.0
82.326	0.144	fixation	n/a	416.1	136.5	3427.0	n/a	n/a	n/a	n/a
82.472	0.032	saccade	n/a	417.5	136.8	n/a	474.2	140.3	2.1	176.0
82.506	0.132	fixation	n/a	468.0	141.4	3468.0	n/a	n/a	n/a	n/a
82.64	0.062	saccade	n/a	467.6	142.5	n/a	182.8	216.7	10.75	435.0
82.704	0.188	fixation	n/a	172.7	220.5	3484.0	n/a	n/a	n/a	n/a
82.894	0.03	saccade	n/a	169.2	223.2	n/a	105.1	223.1	2.28	175.0
82.926	0.184	fixation	n/a	114.8	227.0	3431.0	n/a	n/a	n/a	n/a
83.112	0.168	saccade	n/a	120.2	229.0	n/a	123.5	236.0	0.28	946.0
83.148	0.066	blink	n/a	n/a	n/a	n/a	n/a	n/a	n/a	n/a
83.282	0.09	fixation	n/a	120.6	235.3	3405.0	n/a	n/a	n/a	n/a
83.374	0.052	saccade	n/a	119.2	231.8	n/a	281.3	228.1	5.84	396.0
83.428	0.422	fixation	n/a	293.1	227.6	3442.0	n/a	n/a	n/a	n/a
83.852	0.042	saccade	n/a	297.7	226.5	n/a	174.9	192.1	4.64	263.0
83.896	0.316	fixation	n/a	178.5	198.0	3453.0	n/a	n/a	n/a	n/a
83.92	0.0	trigger_11	11	n/a	n/a	n/a	n/a	n/a	n/a	n/a
84.024	0.0	trigger_10	10	n/a	n/a	n/a	n/a	n/a	n/a	n/a
84.214	0.032	saccade	n/a	178.4	201.0	n/a	126.0	155.0	2.53	194.0
84.248	0.154	fixation	n/a	131.7	164.9	3511.0	n/a	n/a	n/a	n/a
84.404	0.038	saccade	n/a	130.3	167.2	n/a	255.3	142.4	4.6	284.0
84.444	0.274	fixation	n/a	250.6	145.1	3510.0	n/a	n/a	n/a	n/a
84.72	0.04	saccade	n/a	254.3	148.4	n/a	379.7	137.7	4.62	289.0
84.762	0.154	fixation	n/a	376.8	139.8	3392.0	n/a	n/a	n/a	n/a
84.918	0.136	saccade	n/a	380.5	152.8	n/a	333.9	153.4	1.72	831.0
84.95	0.048	blink	n/a	n/a	n/a	n/a	n/a	n/a	n/a	n/a
85.056	0.138	fixation	n/a	333.7	149.8	3403.0	n/a	n/a	n/a	n/a
85.196	0.02	saccade	n/a	328.4	148.0	n/a	304.7	150.0	0.87	89.0
85.218	0.222	fixation	n/a	313.1	147.4	3439.0	n/a	n/a	n/a	n/a
85.442	0.054	saccade	n/a	315.2	147.5	n/a	486.6	144.4	6.33	374.0
85.498	0.178	fixation	n/a	496.1	144.6	3425.0	n/a	n/a	n/a	n/a
85.678	0.026	saccade	n/a	496.5	145.9	n/a	449.4	141.0	1.75	144.0
85.706	0.222	fixation	n/a	452.9	146.1	3395.0	n/a	n/a	n/a	n/a
85.93	0.03	saccade	n/a	452.2	146.8	n/a	525.3	136.8	2.73	183.0
85.962	0.328	fixation	n/a	520.6	137.8	3348.0	n/a	n/a	n/a	n/a
86.292	0.06	saccade	n/a	522.7	139.0	n/a	125.8	225.6	14.74	454.0
86.354	0.388	fixation	n/a	126.6	224.2	3373.0	n/a	n/a	n/a	n/a
86.744	0.152	saccade	n/a	130.4	231.2	n/a	149.7	227.9	0.7	686.0
86.776	0.062	blink	n/a	n/a	n/a	n/a	n/a	n/a	n/a	n/a
86.898	0.162	fixation	n/a	145.9	226.5	3396.0	n/a	n/a	n/a	n/a
87.062	0.036	saccade	n/a	143.9	225.7	n/a	255.4	223.0	4.03	304.0
87.1	0.12	fixation	n/a	253.5	223.9	3375.0	n/a	n/a	n/a	n/a
87.222	0.034	saccade	n/a	258.2	223.0	n/a	357.3	220.7	3.64	251.0
87.258	0.188	fixation	n/a	351.7	221.5	3326.0	n/a	n/a	n/a	n/a
87.448	0.034	saccade	n/a	353.9	223.2	n/a	259.6	225.1	3.46	232.0
87.484	0.07	fixation	n/a	267.4	224.0	3276.0	n/a	n/a	n/a	n/a
87.556	0.062	saccade	n/a	266.1	222.0	n/a	537.1	220.3	9.95	438.0
87.62	0.188	fixation	n/a	547.1	218.1	3180.0	n/a	n/a	n/a	n/a
87.81	0.032	saccade	n/a	551.3	217.7	n/a	635.4	220.5	3.09	234.0
87.844	0.316	fixation	n/a	631.1	218.9	3189.0	n/a	n/a	n/a	n/a
88.162	0.154	saccade	n/a	627.2	232.4	n/a	168.0	207.6	16.63	648.0
88.198	0.06	blink	n/a	n/a	n/a	n/a	n/a	n/a	n/a	n/a
88.288	0.0	trigger_11	11	n/a	n/a	n/a	n/a	n/a	n/a	n/a
88.318	0.262	fixation	n/a	165.5	212.6	3397.0	n/a	n/a	n/a	n/a
88.39	0.0	trigger_10	10	n/a	n/a	n/a	n/a	n/a	n/a	n/a
88.582	0.032	saccade	n/a	165.3	211.7	n/a	163.0	161.3	1.87	156.0
88.616	0.218	fixation	n/a	160.5	167.3	3478.0	n/a	n/a	n/a	n/a
88.836	0.03	saccade	n/a	162.0	165.7	n/a	224.2	143.7	2.38	172.0
88.868	0.128	fixation	n/a	216.1	148.8	3448.0	n/a	n/a	n/a	n/a
88.998	0.036	saccade	n/a	215.7	149.1	n/a	330.6	138.9	4.21	275.0
89.036	0.154	fixation	n/a	325.6	141.2	3393.0	n/a	n/a	n/a	n/a
89.192	0.03	saccade	n/a	328.5	142.7	n/a	274.0	142.1	2.0	164.0
89.224	0.162	fixation	n/a	277.1	141.7	3379.0	n/a	n/a	n/a	n/a
89.388	0.04	saccade	n/a	274.4	144.0	n/a	428.9	131.6	5.7	342.0
89.43	0.228	fixation	n/a	427.0	134.4	3374.0	n/a	n/a	n/a	n/a
89.66	0.028	saccade	n/a	429.5	133.5	n/a	382.3	134.1	1.75	143.0
89.69	0.132	fixation	n/a	387.0	138.2	3362.0	n/a	n/a	n/a	n/a
89.824	0.032	saccade	n/a	385.5	140.1	n/a	462.5	142.1	2.85	215.0
89.858	0.286	fixation	n/a	460.1	145.4	3298.0	n/a	n/a	n/a	n/a
90.146	0.036	saccade	n/a	461.3	144.2	n/a	563.6	140.9	3.78	228.0
90.184	0.19	fixation	n/a	559.0	142.3	3326.0	n/a	n/a	n/a	n/a
90.376	0.15	saccade	n/a	562.3	149.0	n/a	179.4	205.9	14.08	822.0
90.416	0.044	blink	n/a	n/a	n/a	n/a	n/a	n/a	n/a	n/a
90.528	0.158	fixation	n/a	171.9	203.9	3395.0	n/a	n/a	n/a	n/a
90.688	0.03	saccade	n/a	169.4	204.3	n/a	120.3	214.3	1.79	160.0
90.72	0.232	fixation	n/a	123.6	213.0	3378.0	n/a	n/a	n/a	n/a
90.954	0.05	saccade	n/a	121.4	210.5	n/a	245.8	210.2	4.47	339.0
91.006	0.548	fixation	n/a	256.8	213.1	3390.0	n/a	n/a	n/a	n/a
91.556	0.164	saccade	n/a	269.0	222.4	n/a	346.5	157.6	3.74	770.0
91.59	0.072	blink	n/a	n/a	n/a	n/a	n/a	n/a	n/a	n/a
91.722	0.132	fixation	n/a	348.6	153.8	3403.0	n/a	n/a	n/a	n/a
91.856	0.038	saccade	n/a	349.4	147.0	n/a	469.2	140.0	4.42	295.0
91.896	0.382	fixation	n/a	462.9	140.7	3438.0	n/a	n/a	n/a	n/a
92.28	0.054	saccade	n/a	463.1	140.1	n/a	210.4	178.6	9.37	343.0
92.336	0.34	fixation	n/a	212.5	177.4	3446.0	n/a	n/a	n/a	n/a
92.392	0.0	trigger_11	11	n/a	n/a	n/a	n/a	n/a	n/a	n/a
92.498	0.0	trigger_10	10	n/a	n/a	n/a	n/a	n/a	n/a	n/a
92.678	0.032	saccade	n/a	209.8	180.4	n/a	130.7	148.4	3.08	216.0
92.712	0.214	fixation	n/a	137.5	153.3	3603.0	n/a	n/a	n/a	n/a
92.928	0.04	saccade	n/a	136.9	154.1	n/a	274.5	131.5	5.03	326.0
92.97	0.148	fixation	n/a	266.4	133.1	3633.0	n/a	n/a	n/a	n/a
93.12	0.028	saccade	n/a	269.6	133.8	n/a	323.0	131.0	1.96	157.0
93.15	0.128	fixation	n/a	315.9	133.9	3545.0	n/a	n/a	n/a	n/a
93.28	0.04	saccade	n/a	318.0	135.0	n/a	442.8	125.7	4.61	278.0
93.322	0.234	fixation	n/a	437.0	129.2	3482.0	n/a	n/a	n/a	n/a
93.558	0.032	saccade	n/a	436.6	129.3	n/a	530.6	127.6	3.46	206.0
93.592	0.178	fixation	n/a	524.1	133.1	3461.0	n/a	n/a	n/a	n/a
93.772	0.074	saccade	n/a	527.5	135.5	n/a	126.8	216.1	14.8	460.0
93.848	0.248	fixation	n/a	116.3	219.7	3457.0	n/a	n/a	n/a	n/a
94.098	0.038	saccade	n/a	114.7	224.4	n/a	253.8	231.6	5.01	309.0
94.138	0.306	fixation	n/a	243.2	224.3	3442.0	n/a	n/a	n/a	n/a
94.446	0.226	saccade	n/a	249.3	225.1	n/a	419.8	226.9	6.25	891.0
94.478	0.088	blink	n/a	n/a	n/a	n/a	n/a	n/a	n/a	n/a
94.674	0.214	fixation	n/a	415.5	223.3	3345.0	n/a	n/a	n/a	n/a
94.89	0.028	saccade	n/a	414.5	217.9	n/a	360.5	213.3	2.0	155.0
94.92	0.258	fixation	n/a	365.4	215.4	3291.0	n/a	n/a	n/a	n/a
95.18	0.034	saccade	n/a	365.3	216.6	n/a	462.6	215.2	3.59	247.0
95.216	0.27	fixation	n/a	460.0	218.8	3193.0	n/a	n/a	n/a	n/a
95.488	0.042	saccade	n/a	462.8	220.9	n/a	615.2	219.7	5.61	318.0
95.532	0.262	fixation	n/a	614.7	219.5	3136.0	n/a	n/a	n/a	n/a
95.796	0.072	saccade	n/a	616.2	217.2	n/a	112.8	282.2	18.27	483.0
95.87	0.294	fixation	n/a	113.2	285.1	3250.0	n/a	n/a	n/a	n/a
96.166	0.168	saccade	n/a	116.5	286.1	n/a	156.1	177.4	4.24	832.0
96.218	0.056	blink	n/a	n/a	n/a	n/a	n/a	n/a	n/a	n/a
96.336	0.462	fixation	n/a	153.0	178.0	3432.0	n/a	n/a	n/a	n/a
96.5	0.0	trigger_11	11	n/a	n/a	n/a	n/a	n/a	n/a	n/a
96.606	0.0	trigger_10	10	n/a	n/a	n/a	n/a	n/a	n/a	n/a
96.8	0.024	saccade	n/a	151.6	173.1	n/a	140.2	150.3	0.93	96.0
96.826	0.194	fixation	n/a	142.6	157.8	3562.0	n/a	n/a	n/a	n/a
97.022	0.036	saccade	n/a	141.9	160.9	n/a	248.5	143.2	3.89	286.0
97.06	0.284	fixation	n/a	246.8	147.1	3465.0	n/a	n/a	n/a	n/a
97.346	0.028	saccade	n/a	247.1	150.4	n/a	193.9	146.7	1.93	144.0
97.376	0.09	fixation	n/a	201.5	149.3	3399.0	n/a	n/a	n/a	n/a
97.468	0.054	saccade	n/a	200.0	152.2	n/a	388.3	140.9	6.89	392.0
97.524	0.328	fixation	n/a	401.2	144.2	3379.0	n/a	n/a	n/a	n/a
97.854	0.04	saccade	n/a	402.7	146.5	n/a	518.4	147.6	4.27	291.0
97.896	0.206	fixation	n/a	516.7	149.7	3377.0	n/a	n/a	n/a	n/a
98.104	0.03	saccade	n/a	518.6	151.6	n/a	466.1	146.7	1.95	165.0
98.136	0.206	fixation	n/a	470.2	148.5	3358.0	n/a	n/a	n/a	n/a
98.344	0.174	saccade	n/a	469.2	156.1	n/a	233.0	156.4	8.65	950.0
98.382	0.074	blink	n/a	n/a	n/a	n/a	n/a	n/a	n/a	n/a
98.52	0.124	fixation	n/a	228.3	150.7	3450.0	n/a	n/a	n/a	n/a
98.646	0.038	saccade	n/a	227.0	148.5	n/a	123.6	159.2	3.73	260.0
98.686	0.384	fixation	n/a	127.2	165.2	3612.0	n/a	n/a	n/a	n/a
98.752	0.0	trigger_11	11	n/a	n/a	n/a	n/a	n/a	n/a	n/a
98.858	0.0	trigger_10	10	n/a	n/a	n/a	n/a	n/a	n/a	n/a
99.072	0.034	saccade	n/a	126.5	165.1	n/a	206.4	172.4	2.87	208.0
99.108	0.074	fixation	n/a	198.5	173.5	3754.0	n/a	n/a	n/a	n/a
99.184	0.036	saccade	n/a	200.3	174.1	n/a	296.0	136.6	3.75	255.0
99.222	0.098	fixation	n/a	285.3	143.5	3751.0	n/a	n/a	n/a	n/a
99.322	0.046	saccade	n/a	286.0	143.9	n/a	216.3	145.4	2.54	234.0
99.37	0.14	fixation	n/a	211.0	149.9	3688.0	n/a	n/a	n/a	n/a
99.512	0.032	saccade	n/a	209.8	153.3	n/a	145.0	151.0	2.33	182.0
99.546	0.378	fixation	n/a	149.9	154.1	3493.0	n/a	n/a	n/a	n/a
99.926	0.028	saccade	n/a	150.5	153.8	n/a	207.1	149.3	2.04	164.0
99.956	0.116	fixation	n/a	201.1	149.2	3420.0	n/a	n/a	n/a	n/a
100.074	0.038	saccade	n/a	204.9	148.5	n/a	335.1	137.8	4.76	303.0
100.114	0.204	fixation	n/a	329.8	139.8	3436.0	n/a	n/a	n/a	n/a
100.32	0.03	saccade	n/a	334.4	145.1	n/a	399.6	141.9	2.4	194.0
100.352	0.132	fixation	n/a	392.4	142.3	3441.0	n/a	n/a	n/a	n/a
100.486	0.036	saccade	n/a	393.4	142.3	n/a	494.5	141.3	3.73	259.0
100.524	0.254	fixation	n/a	488.1	145.5	3395.0	n/a	n/a	n/a	n/a
100.78	0.056	saccade	n/a	489.6	149.6	n/a	147.8	212.7	12.63	459.0
100.838	0.348	fixation	n/a	146.6	213.0	3339.0	n/a	n/a	n/a	n/a
101.188	0.028	saccade	n/a	143.8	212.1	n/a	99.1	221.5	1.62	131.0
101.218	0.198	fixation	n/a	105.5	221.6	3376.0	n/a	n/a	n/a	n/a
101.418	0.054	saccade	n/a	105.9	224.4	n/a	281.3	211.8	6.32	382.0
101.474	0.086	fixation	n/a	290.3	214.9	3389.0	n/a	n/a	n/a	n/a
101.562	0.158	saccade	n/a	301.3	220.5	n/a	355.2	223.8	1.99	790.0
101.594	0.062	blink	n/a	n/a	n/a	n/a	n/a	n/a	n/a	n/a
101.722	0.142	fixation	n/a	354.8	226.8	3404.0	n/a	n/a	n/a	n/a
101.866	0.052	saccade	n/a	354.6	225.2	n/a	499.3	216.2	5.34	335.0
101.92	0.242	fixation	n/a	510.5	217.2	3363.0	n/a	n/a	n/a	n/a
102.164	0.04	saccade	n/a	513.7	217.5	n/a	651.2	221.0	5.04	274.0
102.206	0.172	fixation	n/a	644.8	218.2	3228.0	n/a	n/a	n/a	n/a
102.38	0.066	saccade	n/a	647.3	220.9	n/a	160.8	286.3	17.7	553.0
102.448	0.2	fixation	n/a	154.5	288.1	3234.0	n/a	n/a	n/a	n/a
102.65	0.026	saccade	n/a	147.9	287.9	n/a	110.3	297.7	1.38	119.0
102.678	0.262	fixation	n/a	115.5	299.9	3306.0	n/a	n/a	n/a	n/a
102.942	0.034	saccade	n/a	114.4	299.3	n/a	203.0	298.1	3.15	246.0
102.978	0.262	fixation	n/a	200.1	300.1	3355.0	n/a	n/a	n/a	n/a
103.242	0.054	saccade	n/a	202.4	297.8	n/a	365.7	282.5	5.97	359.0
103.298	0.172	fixation	n/a	375.1	283.6	3321.0	n/a	n/a	n/a	n/a
103.472	0.028	saccade	n/a	376.7	283.0	n/a	336.3	284.8	1.49	135.0
103.502	0.202	fixation	n/a	341.2	287.4	3303.0	n/a	n/a	n/a	n/a
103.706	0.038	saccade	n/a	340.5	288.8	n/a	467.1	281.3	4.67	284.0
103.746	0.206	fixation	n/a	463.0	284.5	3231.0	n/a	n/a	n/a	n/a
103.954	0.038	saccade	n/a	465.4	286.5	n/a	336.2	289.9	4.76	300.0
103.994	0.328	fixation	n/a	341.0	290.4	3217.0	n/a	n/a	n/a	n/a
104.324	0.048	saccade	n/a	338.1	290.0	n/a	460.1	283.8	4.49	320.0
104.374	0.28	fixation	n/a	473.1	287.0	3261.0	n/a	n/a	n/a	n/a
104.656	0.026	saccade	n/a	474.8	290.3	n/a	433.6	287.5	1.52	131.0
104.684	0.12	fixation	n/a	441.5	290.2	3247.0	n/a	n/a	n/a	n/a
104.806	0.052	saccade	n/a	441.8	291.3	n/a	590.2	292.6	5.46	337.0
104.86	0.196	fixation	n/a	599.4	291.8	3225.0	n/a	n/a	n/a	n/a
105.058	0.028	saccade	n/a	601.2	292.1	n/a	643.7	293.3	1.55	131.0
105.088	0.132	fixation	n/a	639.0	293.2	3216.0	n/a	n/a	n/a	n/a
105.222	0.068	saccade	n/a	638.3	294.4	n/a	143.8	362.1	17.96	524.0
105.292	0.27	fixation	n/a	144.7	364.7	3261.0	n/a	n/a	n/a	n/a
105.564	0.054	saccade	n/a	142.9	366.9	n/a	327.4	362.9	6.65	398.0
105.62	0.288	fixation	n/a	338.2	362.0	3254.0	n/a	n/a	n/a	n/a
105.91	0.032	saccade	n/a	340.2	361.7	n/a	411.1	331.1	2.83	223.0
105.944	0.098	fixation	n/a	407.7	338.1	3240.0	n/a	n/a	n/a	n/a
106.044	0.06	saccade	n/a	409.6	338.0	n/a	187.7	306.6	8.14	404.0
106.106	0.202	fixation	n/a	179.1	303.7	3249.0	n/a	n/a	n/a	n/a
106.31	0.032	saccade	n/a	175.7	304.0	n/a	107.8	305.9	2.41	197.0
106.344	0.198	fixation	n/a	110.9	305.1	3243.0	n/a	n/a	n/a	n/a
106.544	0.16	saccade	n/a	111.0	302.9	n/a	476.7	257.7	13.28	788.0
106.584	0.062	blink	n/a	n/a	n/a	n/a	n/a	n/a	n/a	n/a
106.706	0.08	fixation	n/a	477.4	259.4	3305.0	n/a	n/a	n/a	n/a
106.788	0.052	saccade	n/a	478.6	260.8	n/a	191.9	298.6	10.52	419.0
106.842	0.482	fixation	n/a	194.2	297.0	3449.0	n/a	n/a	n/a	n/a
107.312	0.0	trigger_11	11	n/a	n/a	n/a	n/a	n/a	n/a	n/a
107.326	0.036	saccade	n/a	194.1	298.3	n/a	171.5	237.7	2.38	208.0
107.364	0.24	fixation	n/a	167.8	243.9	3529.0	n/a	n/a	n/a	n/a
107.416	0.0	trigger_10	10	n/a	n/a	n/a	n/a	n/a	n/a	n/a
107.606	0.032	saccade	n/a	169.1	242.3	n/a	166.5	177.7	2.39	180.0
107.64	0.088	fixation	n/a	162.2	185.9	3593.0	n/a	n/a	n/a	n/a
107.73	0.024	saccade	n/a	160.1	183.0	n/a	156.7	152.7	1.12	105.0
107.756	0.212	fixation	n/a	155.0	161.0	3603.0	n/a	n/a	n/a	n/a
107.97	0.022	saccade	n/a	151.7	162.8	n/a	132.4	155.8	0.73	85.0
107.994	0.056	fixation	n/a	139.2	159.0	3497.0	n/a	n/a	n/a	n/a
108.052	0.03	saccade	n/a	139.7	159.5	n/a	198.5	148.5	2.15	179.0
108.084	0.236	fixation	n/a	193.6	152.5	3432.0	n/a	n/a	n/a	n/a
108.322	0.036	saccade	n/a	195.6	153.8	n/a	101.8	150.6	3.35	232.0
108.36	0.23	fixation	n/a	111.1	154.5	3409.0	n/a	n/a	n/a	n/a
108.592	0.064	saccade	n/a	111.1	156.0	n/a	362.0	130.1	9.09	366.0
108.658	0.138	fixation	n/a	369.1	131.6	3462.0	n/a	n/a	n/a	n/a
108.798	0.03	saccade	n/a	371.2	134.2	n/a	306.7	134.6	2.37	189.0
108.83	0.336	fixation	n/a	310.1	138.3	3497.0	n/a	n/a	n/a	n/a
109.168	0.138	saccade	n/a	315.8	150.5	n/a	421.0	143.9	3.88	843.0
109.2	0.048	blink	n/a	n/a	n/a	n/a	n/a	n/a	n/a	n/a
109.308	0.21	fixation	n/a	424.2	145.5	3407.0	n/a	n/a	n/a	n/a
109.52	0.04	saccade	n/a	424.1	141.5	n/a	289.8	145.6	4.93	287.0
109.562	0.452	fixation	n/a	299.4	151.0	3401.0	n/a	n/a	n/a	n/a
110.016	0.03	saccade	n/a	298.8	151.8	n/a	367.1	142.8	2.53	190.0
110.048	0.112	fixation	n/a	361.3	143.2	3398.0	n/a	n/a	n/a	n/a
110.162	0.052	saccade	n/a	363.6	144.1	n/a	475.5	138.2	4.14	307.0
110.216	0.268	fixation	n/a	483.2	139.9	3398.0	n/a	n/a	n/a	n/a
110.486	0.024	saccade	n/a	480.6	139.0	n/a	451.8	138.6	1.06	110.0
110.512	0.072	fixation	n/a	459.0	141.8	3396.0	n/a	n/a	n/a	n/a
110.586	0.068	saccade	n/a	457.4	141.4	n/a	142.1	214.2	11.78	466.0
110.656	0.232	fixation	n/a	131.6	217.4	3337.0	n/a	n/a	n/a	n/a
110.89	0.032	saccade	n/a	129.2	220.1	n/a	215.6	215.4	3.1	233.0
110.924	0.122	fixation	n/a	209.1	218.7	3341.0	n/a	n/a	n/a	n/a
111.048	0.164	saccade	n/a	218.8	222.3	n/a	266.0	227.2	1.72	799.0
111.08	0.072	blink	n/a	n/a	n/a	n/a	n/a	n/a	n/a	n/a
111.214	0.078	fixation	n/a	260.4	221.3	3425.0	n/a	n/a	n/a	n/a
111.294	0.03	saccade	n/a	260.2	222.3	n/a	337.5	221.1	2.83	220.0
111.326	0.208	fixation	n/a	328.2	223.6	3385.0	n/a	n/a	n/a	n/a
111.536	0.05	saccade	n/a	329.0	223.5	n/a	444.8	219.8	4.27	334.0
111.588	0.17	fixation	n/a	455.5	218.8	3340.0	n/a	n/a	n/a	n/a
111.76	0.036	saccade	n/a	457.8	215.5	n/a	567.5	216.2	4.04	247.0
111.798	0.246	fixation	n/a	559.2	219.0	3288.0	n/a	n/a	n/a	n/a
112.046	0.058	saccade	n/a	560.9	220.9	n/a	201.3	294.7	13.36	464.0
112.106	0.246	fixation	n/a	199.0	294.4	3298.0	n/a	n/a	n/a	n/a
112.354	0.034	saccade	n/a	198.0	296.6	n/a	117.8	298.8	2.86	198.0
112.39	0.254	fixation	n/a	121.1	302.3	3322.0	n/a	n/a	n/a	n/a
112.646	0.052	saccade	n/a	118.6	302.4	n/a	283.7	290.0	5.95	386.0
112.7	0.24	fixation	n/a	296.4	292.4	3338.0	n/a	n/a	n/a	n/a
112.942	0.036	saccade	n/a	300.8	292.9	n/a	404.4	289.4	3.81	294.0
112.98	0.22	fixation	n/a	405.2	291.9	3337.0	n/a	n/a	n/a	n/a
113.202	0.184	saccade	n/a	416.5	301.6	n/a	382.5	316.2	1.37	806.0
113.236	0.08	blink	n/a	n/a	n/a	n/a	n/a	n/a	n/a	n/a
113.388	0.114	fixation	n/a	383.3	305.5	3303.0	n/a	n/a	n/a	n/a
113.504	0.036	saccade	n/a	382.8	304.4	n/a	270.5	296.1	4.12	286.0
113.542	0.32	fixation	n/a	278.2	300.8	3289.0	n/a	n/a	n/a	n/a
113.864	0.038	saccade	n/a	276.8	302.1	n/a	406.8	297.9	4.76	301.0
113.904	0.178	fixation	n/a	405.1	298.5	3177.0	n/a	n/a	n/a	n/a
114.084	0.054	saccade	n/a	408.4	300.2	n/a	142.0	219.0	10.13	381.0
114.14	0.224	fixation	n/a	148.0	215.0	3144.0	n/a	n/a	n/a	n/a
114.366	0.024	saccade	n/a	146.0	212.1	n/a	147.0	180.4	1.17	95.0
114.392	0.148	fixation	n/a	146.5	188.4	3148.0	n/a	n/a	n/a	n/a
114.542	0.03	saccade	n/a	146.7	185.7	n/a	211.0	159.3	2.5	183.0
114.574	0.246	fixation	n/a	207.2	162.9	3228.0	n/a	n/a	n/a	n/a
114.778	0.0	trigger_11	11	n/a	n/a	n/a	n/a	n/a	n/a	n/a
114.822	0.034	saccade	n/a	209.5	165.7	n/a	147.0	223.2	3.09	245.0
114.858	0.204	fixation	n/a	147.9	214.9	3317.0	n/a	n/a	n/a	n/a
114.88	0.0	trigger_12	12	n/a	n/a	n/a	n/a	n/a	n/a	n/a
115.064	0.032	saccade	n/a	147.2	214.9	n/a	161.2	144.0	2.66	207.0
115.098	0.202	fixation	n/a	156.0	154.2	3449.0	n/a	n/a	n/a	n/a
115.302	0.03	saccade	n/a	155.9	154.7	n/a	235.8	146.3	2.9	205.0
115.334	0.19	fixation	n/a	227.1	147.6	3456.0	n/a	n/a	n/a	n/a
115.526	0.052	saccade	n/a	226.0	145.6	n/a	370.5	143.8	5.27	349.0
115.58	0.19	fixation	n/a	378.6	143.6	3405.0	n/a	n/a	n/a	n/a
115.772	0.196	saccade	n/a	381.6	154.3	n/a	428.2	151.3	1.72	1027.0
115.808	0.092	blink	n/a	n/a	n/a	n/a	n/a	n/a	n/a	n/a
115.97	0.564	fixation	n/a	430.9	147.5	3344.0	n/a	n/a	n/a	n/a
116.536	0.13	saccade	n/a	431.9	162.4	n/a	193.7	164.0	8.69	716.0
116.566	0.044	blink	n/a	n/a	n/a	n/a	n/a	n/a	n/a	n/a
116.668	0.668	fixation	n/a	188.9	158.0	3384.0	n/a	n/a	n/a	n/a
117.106	0.0	trigger_13	13	n/a	n/a	n/a	n/a	n/a	n/a	n/a
117.338	0.032	saccade	n/a	188.0	158.4	n/a	115.1	189.5	2.84	202.0
117.372	0.23	fixation	n/a	124.3	184.0	3543.0	n/a	n/a	n/a	n/a
117.604	0.036	saccade	n/a	122.8	181.7	n/a	233.0	172.3	3.97	258.0
117.642	0.104	fixation	n/a	222.0	176.4	3673.0	n/a	n/a	n/a	n/a
117.748	0.05	saccade	n/a	224.2	180.3	n/a	153.9	313.9	5.54	400.0
117.8	0.158	fixation	n/a	148.9	320.3	3802.0	n/a	n/a	n/a	n/a
117.96	0.024	saccade	n/a	144.3	322.5	n/a	115.1	348.1	1.39	120.0
117.986	0.21	fixation	n/a	120.2	342.7	3895.0	n/a	n/a	n/a	n/a
118.198	0.03	saccade	n/a	115.7	340.8	n/a	59.1	354.3	2.04	165.0
118.23	0.176	fixation	n/a	66.7	354.4	3904.0	n/a	n/a	n/a	n/a
118.408	0.138	saccade	n/a	72.8	355.9	n/a	110.1	306.9	2.21	799.0
118.45	0.034	blink	n/a	n/a	n/a	n/a	n/a	n/a	n/a	n/a
118.548	0.456	fixation	n/a	107.4	290.8	3879.0	n/a	n/a	n/a	n/a
119.006	0.034	saccade	n/a	110.1	299.3	n/a	99.2	381.7	3.02	200.0
119.042	0.15	fixation	n/a	95.6	378.6	3877.0	n/a	n/a	n/a	n/a
119.194	0.036	saccade	n/a	97.6	382.6	n/a	203.2	408.6	3.85	285.0
119.232	0.318	fixation	n/a	199.4	409.8	3815.0	n/a	n/a	n/a	n/a
119.552	0.14	saccade	n/a	214.0	415.6	n/a	320.3	472.6	4.35	672.0
119.592	0.036	blink	n/a	n/a	n/a	n/a	n/a	n/a	n/a	n/a
119.694	0.138	fixation	n/a	315.3	432.0	3728.0	n/a	n/a	n/a	n/a
119.834	0.056	saccade	n/a	317.7	427.6	n/a	490.2	430.9	6.29	388.0
119.892	0.17	fixation	n/a	499.3	430.6	3750.0	n/a	n/a	n/a	n/a
120.064	0.068	saccade	n/a	502.7	430.7	n/a	147.9	376.5	12.89	523.0
120.134	0.13	fixation	n/a	140.4	374.2	3807.0	n/a	n/a	n/a	n/a
120.21	0.0	trigger_15	15	n/a	n/a	n/a	n/a	n/a	n/a	n/a
120.264	0.0	trigger_10	10	n/a	n/a	n/a	n/a	n/a	n/a	n/a
120.266	0.056	saccade	n/a	138.3	374.9	n/a	138.0	224.0	5.52	386.0
120.324	0.18	fixation	n/a	142.7	216.2	3713.0	n/a	n/a	n/a	n/a
120.506	0.032	saccade	n/a	144.6	211.9	n/a	172.1	138.4	2.88	249.0
120.54	0.212	fixation	n/a	167.1	143.6	3667.0	n/a	n/a	n/a	n/a
120.754	0.036	saccade	n/a	167.6	141.7	n/a	297.9	126.3	4.76	290.0
120.792	0.222	fixation	n/a	289.7	128.9	3681.0	n/a	n/a	n/a	n/a
121.016	0.052	saccade	n/a	291.5	130.4	n/a	582.0	125.6	10.66	421.0
121.07	0.178	fixation	n/a	581.2	125.2	3572.0	n/a	n/a	n/a	n/a
121.25	0.03	saccade	n/a	584.0	126.3	n/a	510.3	134.2	2.73	234.0
121.282	0.084	fixation	n/a	517.7	133.7	3578.0	n/a	n/a	n/a	n/a
121.368	0.052	saccade	n/a	514.5	136.5	n/a	210.5	197.1	11.34	480.0
121.422	0.156	fixation	n/a	212.8	198.5	3654.0	n/a	n/a	n/a	n/a
121.58	0.036	saccade	n/a	209.3	199.1	n/a	113.4	205.4	3.45	226.0
121.618	0.118	fixation	n/a	120.1	207.3	3696.0	n/a	n/a	n/a	n/a
121.738	0.17	saccade	n/a	121.5	210.7	n/a	255.2	234.5	4.87	810.0
121.776	0.064	blink	n/a	n/a	n/a	n/a	n/a	n/a	n/a	n/a
121.91	0.204	fixation	n/a	261.2	231.1	3665.0	n/a	n/a	n/a	n/a
122.116	0.03	saccade	n/a	265.0	230.4	n/a	324.5	226.5	2.18	181.0
122.148	0.218	fixation	n/a	318.1	228.7	3554.0	n/a	n/a	n/a	n/a
122.368	0.032	saccade	n/a	320.9	230.8	n/a	258.6	198.8	2.58	207.0
122.402	0.198	fixation	n/a	264.2	205.8	3407.0	n/a	n/a	n/a	n/a
122.602	0.036	saccade	n/a	262.7	205.0	n/a	167.0	231.2	3.59	252.0
122.64	0.32	fixation	n/a	172.4	229.8	3389.0	n/a	n/a	n/a	n/a
122.962	0.036	saccade	n/a	172.1	228.5	n/a	286.9	215.2	4.18	273.0
123.0	0.184	fixation	n/a	280.8	219.4	3490.0	n/a	n/a	n/a	n/a
123.186	0.134	saccade	n/a	285.4	224.8	n/a	417.7	158.2	5.46	732.0
123.222	0.038	blink	n/a	n/a	n/a	n/a	n/a	n/a	n/a	n/a
123.322	0.272	fixation	n/a	420.5	155.8	3485.0	n/a	n/a	n/a	n/a
123.596	0.044	saccade	n/a	420.7	149.7	n/a	298.6	214.2	5.1	365.0
123.642	0.242	fixation	n/a	293.2	215.8	3463.0	n/a	n/a	n/a	n/a
123.886	0.054	saccade	n/a	290.9	217.5	n/a	173.8	171.9	4.58	319.0
123.942	0.142	fixation	n/a	166.5	166.0	3486.0	n/a	n/a	n/a	n/a
124.086	0.032	saccade	n/a	165.6	164.4	n/a	249.6	143.2	3.13	214.0
124.12	0.242	fixation	n/a	248.5	146.8	3471.0	n/a	n/a	n/a	n/a
124.364	0.018	saccade	n/a	253.5	148.5	n/a	282.5	144.6	1.07	83.0
124.384	0.212	fixation	n/a	273.7	144.9	3412.0	n/a	n/a	n/a	n/a
124.598	0.052	saccade	n/a	274.2	147.2	n/a	160.3	155.4	4.12	267.0
124.65	0.0	trigger_11	11	n/a	n/a	n/a	n/a	n/a	n/a	n/a
124.652	0.34	fixation	n/a	153.0	153.6	3420.0	n/a	n/a	n/a	n/a
124.756	0.0	trigger_10	10	n/a	n/a	n/a	n/a	n/a	n/a	n/a
124.994	0.022	saccade	n/a	147.7	150.4	n/a	122.9	143.1	0.92	86.0
125.018	0.21	fixation	n/a	131.7	147.7	3502.0	n/a	n/a	n/a	n/a
125.23	0.14	saccade	n/a	137.6	152.5	n/a	420.7	129.4	10.29	927.0
125.268	0.042	blink	n/a	n/a	n/a	n/a	n/a	n/a	n/a	n/a
125.372	0.156	fixation	n/a	420.7	129.3	3453.0	n/a	n/a	n/a	n/a
125.53	0.03	saccade	n/a	420.6	128.5	n/a	474.6	131.8	2.0	180.0
125.562	0.088	fixation	n/a	469.6	133.1	3454.0	n/a	n/a	n/a	n/a
125.652	0.032	saccade	n/a	471.3	135.1	n/a	390.9	135.7	2.97	224.0
125.686	0.14	fixation	n/a	396.7	137.4	3451.0	n/a	n/a	n/a	n/a
125.828	0.06	saccade	n/a	394.1	139.6	n/a	163.2	209.3	8.77	419.0
125.89	0.166	fixation	n/a	155.8	214.1	3402.0	n/a	n/a	n/a	n/a
126.058	0.026	saccade	n/a	151.1	217.7	n/a	110.9	222.6	1.44	124.0
126.086	0.148	fixation	n/a	117.7	222.9	3397.0	n/a	n/a	n/a	n/a
126.236	0.038	saccade	n/a	118.2	224.7	n/a	245.6	221.7	4.57	317.0
126.276	0.108	fixation	n/a	243.1	222.2	3428.0	n/a	n/a	n/a	n/a
126.386	0.176	saccade	n/a	251.4	222.7	n/a	234.1	224.9	0.63	785.0
126.42	0.076	blink	n/a	n/a	n/a	n/a	n/a	n/a	n/a	n/a
126.564	0.078	fixation	n/a	229.2	221.2	3414.0	n/a	n/a	n/a	n/a
126.644	0.038	saccade	n/a	228.9	219.0	n/a	126.7	228.5	3.69	245.0
126.684	0.176	fixation	n/a	132.7	229.2	3426.0	n/a	n/a	n/a	n/a
126.862	0.032	saccade	n/a	132.2	229.6	n/a	216.6	222.4	3.03	242.0
126.896	0.228	fixation	n/a	214.2	226.3	3422.0	n/a	n/a	n/a	n/a
127.126	0.12	saccade	n/a	225.4	226.3	n/a	232.2	157.0	2.59	792.0
127.164	0.028	blink	n/a	n/a	n/a	n/a	n/a	n/a	n/a	n/a
127.248	0.152	fixation	n/a	232.8	151.7	3385.0	n/a	n/a	n/a	n/a
127.402	0.034	saccade	n/a	233.4	152.4	n/a	330.8	143.0	3.57	247.0
127.438	0.22	fixation	n/a	322.5	142.8	3430.0	n/a	n/a	n/a	n/a
127.66	0.056	saccade	n/a	325.1	144.5	n/a	151.4	159.3	6.32	336.0
127.718	0.23	fixation	n/a	144.6	159.3	3392.0	n/a	n/a	n/a	n/a
127.95	0.016	saccade	n/a	146.1	157.4	n/a	170.5	147.2	0.95	77.0
127.968	0.126	fixation	n/a	160.9	147.1	3399.0	n/a	n/a	n/a	n/a
128.096	0.066	saccade	n/a	159.4	147.0	n/a	455.4	136.6	10.75	446.0
128.164	0.238	fixation	n/a	465.0	142.9	3423.0	n/a	n/a	n/a	n/a
128.404	0.064	saccade	n/a	466.3	143.9	n/a	219.5	203.5	9.29	421.0
128.47	0.146	fixation	n/a	210.3	205.1	3492.0	n/a	n/a	n/a	n/a
128.618	0.034	saccade	n/a	207.9	207.4	n/a	132.4	176.5	2.94	215.0
128.654	0.288	fixation	n/a	143.5	180.0	3504.0	n/a	n/a	n/a	n/a
128.668	0.0	trigger_11	11	n/a	n/a	n/a	n/a	n/a	n/a	n/a
128.772	0.0	trigger_10	10	n/a	n/a	n/a	n/a	n/a	n/a	n/a
128.944	0.026	saccade	n/a	144.9	178.6	n/a	168.5	142.7	1.57	118.0
128.972	0.1	fixation	n/a	162.7	150.2	3552.0	n/a	n/a	n/a	n/a
129.074	0.038	saccade	n/a	165.3	151.7	n/a	294.3	129.5	4.75	311.0
129.114	0.196	fixation	n/a	286.8	130.9	3577.0	n/a	n/a	n/a	n/a
129.312	0.032	saccade	n/a	288.6	133.1	n/a	382.4	128.4	3.45	226.0
129.346	0.224	fixation	n/a	376.5	135.9	3511.0	n/a	n/a	n/a	n/a
129.572	0.056	saccade	n/a	377.9	138.5	n/a	534.2	142.2	5.77	326.0
129.63	0.134	fixation	n/a	541.9	142.5	3443.0	n/a	n/a	n/a	n/a
129.766	0.144	saccade	n/a	545.0	155.6	n/a	479.2	146.7	2.45	882.0
129.806	0.044	blink	n/a	n/a	n/a	n/a	n/a	n/a	n/a	n/a
129.912	0.152	fixation	n/a	478.3	145.9	3394.0	n/a	n/a	n/a	n/a
130.066	0.034	saccade	n/a	478.8	144.4	n/a	387.5	136.3	3.38	248.0
130.102	0.268	fixation	n/a	392.5	140.4	3370.0	n/a	n/a	n/a	n/a
130.372	0.042	saccade	n/a	389.2	138.1	n/a	514.5	143.6	4.63	247.0
130.416	0.162	fixation	n/a	509.9	142.5	3349.0	n/a	n/a	n/a	n/a
130.58	0.036	saccade	n/a	514.9	145.2	n/a	630.4	146.9	4.24	274.0
130.618	0.292	fixation	n/a	622.1	142.1	3300.0	n/a	n/a	n/a	n/a
130.912	0.07	saccade	n/a	621.9	141.8	n/a	128.4	215.8	17.96	482.0
130.984	0.276	fixation	n/a	129.1	216.5	3400.0	n/a	n/a	n/a	n/a
131.262	0.14	saccade	n/a	133.8	223.9	n/a	292.6	215.4	5.72	933.0
131.294	0.05	blink	n/a	n/a	n/a	n/a	n/a	n/a	n/a	n/a
131.404	0.178	fixation	n/a	289.0	211.6	3451.0	n/a	n/a	n/a	n/a
131.584	0.028	saccade	n/a	285.5	213.2	n/a	235.8	214.5	1.81	152.0
131.614	0.264	fixation	n/a	240.1	216.6	3412.0	n/a	n/a	n/a	n/a
131.88	0.052	saccade	n/a	237.5	219.4	n/a	375.3	213.9	5.05	327.0
131.934	0.13	fixation	n/a	382.2	213.9	3312.0	n/a	n/a	n/a	n/a
132.066	0.026	saccade	n/a	384.6	215.2	n/a	345.4	216.1	1.44	130.0
132.094	0.206	fixation	n/a	349.8	217.2	3283.0	n/a	n/a	n/a	n/a
132.302	0.03	saccade	n/a	348.6	218.2	n/a	420.2	215.0	2.64	193.0
132.334	0.252	fixation	n/a	414.6	217.2	3252.0	n/a	n/a	n/a	n/a
132.588	0.052	saccade	n/a	417.3	217.0	n/a	558.4	216.8	5.2	340.0
132.642	0.316	fixation	n/a	569.1	219.7	3251.0	n/a	n/a	n/a	n/a
132.96	0.06	saccade	n/a	572.2	220.7	n/a	179.0	298.9	14.56	467.0
133.022	0.164	fixation	n/a	181.6	298.0	3340.0	n/a	n/a	n/a	n/a
133.188	0.03	saccade	n/a	177.9	298.5	n/a	112.4	301.1	2.33	177.0
133.22	0.246	fixation	n/a	118.0	303.5	3317.0	n/a	n/a	n/a	n/a
133.468	0.136	saccade	n/a	122.4	306.4	n/a	277.9	299.4	5.57	818.0
133.506	0.038	blink	n/a	n/a	n/a	n/a	n/a	n/a	n/a	n/a
133.606	0.146	fixation	n/a	272.1	289.0	3311.0	n/a	n/a	n/a	n/a
133.754	0.034	saccade	n/a	269.5	282.8	n/a	206.6	212.5	3.46	248.0
133.79	0.254	fixation	n/a	207.2	225.0	3309.0	n/a	n/a	n/a	n/a
134.046	0.024	saccade	n/a	209.2	228.0	n/a	246.3	223.5	1.35	114.0
134.072	0.188	fixation	n/a	238.0	223.6	3326.0	n/a	n/a	n/a	n/a
134.262	0.036	saccade	n/a	238.4	221.8	n/a	293.5	135.3	3.78	239.0
134.3	0.204	fixation	n/a	290.7	149.0	3336.0	n/a	n/a	n/a	n/a
134.506	0.024	saccade	n/a	290.5	149.0	n/a	264.9	144.0	0.95	96.0
134.532	0.214	fixation	n/a	269.3	148.3	3344.0	n/a	n/a	n/a	n/a
134.748	0.05	saccade	n/a	269.2	149.3	n/a	415.8	141.9	5.39	354.0
134.8	0.254	fixation	n/a	425.6	141.3	3314.0	n/a	n/a	n/a	n/a
135.056	0.03	saccade	n/a	427.1	140.3	n/a	492.7	145.3	2.43	197.0
135.088	0.058	fixation	n/a	484.8	146.7	3331.0	n/a	n/a	n/a	n/a
135.148	0.062	saccade	n/a	485.1	146.4	n/a	258.8	164.7	8.32	392.0
135.212	0.35	fixation	n/a	248.9	167.5	3381.0	n/a	n/a	n/a	n/a
135.292	0.0	trigger_11	11	n/a	n/a	n/a	n/a	n/a	n/a	n/a
135.394	0.0	trigger_10	10	n/a	n/a	n/a	n/a	n/a	n/a	n/a
135.564	0.034	saccade	n/a	246.8	167.7	n/a	167.7	148.8	2.94	212.0
135.6	0.24	fixation	n/a	172.1	151.7	3498.0	n/a	n/a	n/a	n/a
135.842	0.03	saccade	n/a	168.2	150.6	n/a	115.7	151.2	1.87	151.0
135.874	0.096	fixation	n/a	122.0	153.0	3456.0	n/a	n/a	n/a	n/a
135.972	0.054	saccade	n/a	121.0	154.0	n/a	288.7	137.5	6.05	384.0
136.028	0.106	fixation	n/a	299.2	139.3	3385.0	n/a	n/a	n/a	n/a
136.136	0.158	saccade	n/a	308.1	145.5	n/a	227.0	161.6	3.01	809.0
136.168	0.066	blink	n/a	n/a	n/a	n/a	n/a	n/a	n/a	n/a
136.296	0.158	fixation	n/a	225.1	157.3	3358.0	n/a	n/a	n/a	n/a
136.456	0.03	saccade	n/a	223.9	153.3	n/a	162.1	145.1	2.24	184.0
136.488	0.212	fixation	n/a	169.5	149.8	3369.0	n/a	n/a	n/a	n/a
136.702	0.054	saccade	n/a	168.3	152.8	n/a	348.1	145.5	6.52	376.0
136.758	0.23	fixation	n/a	360.0	149.6	3334.0	n/a	n/a	n/a	n/a
136.99	0.034	saccade	n/a	361.5	149.8	n/a	452.0	150.4	3.34	239.0
137.026	0.398	fixation	n/a	450.4	151.1	3293.0	n/a	n/a	n/a	n/a
137.426	0.022	saccade	n/a	454.0	153.5	n/a	479.5	149.5	0.95	97.0
137.45	0.376	fixation	n/a	473.2	152.5	3289.0	n/a	n/a	n/a	n/a
137.828	0.142	saccade	n/a	470.5	158.0	n/a	161.0	165.0	11.24	822.0
137.874	0.038	blink	n/a	n/a	n/a	n/a	n/a	n/a	n/a	n/a
137.924	0.0	trigger_11	11	n/a	n/a	n/a	n/a	n/a	n/a	n/a
137.972	0.296	fixation	n/a	160.0	166.0	3382.0	n/a	n/a	n/a	n/a
138.026	0.0	trigger_10	10	n/a	n/a	n/a	n/a	n/a	n/a	n/a
138.27	0.03	saccade	n/a	161.7	161.0	n/a	248.4	137.4	3.24	207.0
138.302	0.288	fixation	n/a	242.5	141.2	3420.0	n/a	n/a	n/a	n/a
138.592	0.032	saccade	n/a	242.6	143.7	n/a	334.6	140.3	3.37	228.0
138.626	0.232	fixation	n/a	327.0	140.9	3381.0	n/a	n/a	n/a	n/a
138.86	0.04	saccade	n/a	329.7	143.4	n/a	462.2	139.3	4.88	300.0
138.902	0.262	fixation	n/a	459.5	138.7	3358.0	n/a	n/a	n/a	n/a
139.166	0.052	saccade	n/a	459.3	140.6	n/a	603.9	139.2	5.31	344.0
139.22	0.15	fixation	n/a	611.0	142.4	3357.0	n/a	n/a	n/a	n/a
139.372	0.028	saccade	n/a	611.4	142.1	n/a	561.8	144.7	1.82	162.0
139.402	0.102	fixation	n/a	565.3	143.4	3363.0	n/a	n/a	n/a	n/a
139.506	0.062	saccade	n/a	563.7	145.8	n/a	178.2	207.0	14.18	459.0
139.57	0.316	fixation	n/a	176.5	211.2	3396.0	n/a	n/a	n/a	n/a
139.888	0.146	saccade	n/a	188.1	221.1	n/a	208.9	225.9	0.77	826.0
139.922	0.048	blink	n/a	n/a	n/a	n/a	n/a	n/a	n/a	n/a
140.036	0.334	fixation	n/a	204.8	217.1	3412.0	n/a	n/a	n/a	n/a
140.372	0.034	saccade	n/a	203.2	216.5	n/a	142.7	157.1	3.08	225.0
140.408	0.194	fixation	n/a	149.4	168.0	3399.0	n/a	n/a	n/a	n/a
140.604	0.03	saccade	n/a	150.0	167.9	n/a	248.1	144.2	3.64	224.0
140.636	0.396	fixation	n/a	245.7	149.4	3348.0	n/a	n/a	n/a	n/a
141.034	0.032	saccade	n/a	246.3	151.2	n/a	181.8	201.6	2.98	238.0
141.068	0.286	fixation	n/a	185.6	198.4	3404.0	n/a	n/a	n/a	n/a
141.084	0.0	trigger_11	11	n/a	n/a	n/a	n/a	n/a	n/a	n/a
141.186	0.0	trigger_10	10	n/a	n/a	n/a	n/a	n/a	n/a	n/a
141.356	0.028	saccade	n/a	186.2	197.6	n/a	185.5	145.0	1.94	165.0
141.386	0.136	fixation	n/a	185.6	157.1	3489.0	n/a	n/a	n/a	n/a
141.524	0.028	saccade	n/a	184.5	155.7	n/a	133.6	153.4	1.82	148.0
141.554	0.288	fixation	n/a	139.7	156.9	3525.0	n/a	n/a	n/a	n/a
141.844	0.052	saccade	n/a	136.1	155.5	n/a	298.5	140.7	5.87	373.0
141.898	0.158	fixation	n/a	308.0	142.1	3508.0	n/a	n/a	n/a	n/a
142.058	0.03	saccade	n/a	309.2	138.1	n/a	247.4	139.7	2.26	178.0
142.09	0.35	fixation	n/a	250.7	140.2	3510.0	n/a	n/a	n/a	n/a
142.442	0.122	saccade	n/a	256.2	146.5	n/a	373.3	146.6	4.28	953.0
142.478	0.026	blink	n/a	n/a	n/a	n/a	n/a	n/a	n/a	n/a
142.566	0.41	fixation	n/a	372.7	148.6	3418.0	n/a	n/a	n/a	n/a
142.978	0.026	saccade	n/a	370.6	154.0	n/a	326.0	152.3	1.64	141.0
143.006	0.212	fixation	n/a	334.0	151.1	3261.0	n/a	n/a	n/a	n/a
143.22	0.198	saccade	n/a	336.3	154.5	n/a	385.5	145.7	1.84	1021.0
143.254	0.096	blink	n/a	n/a	n/a	n/a	n/a	n/a	n/a	n/a
143.42	0.13	fixation	n/a	386.9	145.8	3216.0	n/a	n/a	n/a	n/a
143.552	0.06	saccade	n/a	385.4	148.0	n/a	169.8	155.2	7.84	387.0
143.614	0.262	fixation	n/a	161.0	154.5	3292.0	n/a	n/a	n/a	n/a
143.878	0.026	saccade	n/a	158.6	155.7	n/a	125.6	157.5	1.18	125.0
143.906	0.448	fixation	n/a	127.5	160.4	3317.0	n/a	n/a	n/a	n/a
144.036	0.0	trigger_11	11	n/a	n/a	n/a	n/a	n/a	n/a	n/a
144.14	0.0	trigger_10	10	n/a	n/a	n/a	n/a	n/a	n/a	n/a
144.356	0.03	saccade	n/a	128.2	163.7	n/a	214.3	142.9	3.17	206.0
144.388	0.258	fixation	n/a	209.7	148.4	3451.0	n/a	n/a	n/a	n/a
144.648	0.044	saccade	n/a	209.1	149.4	n/a	407.6	138.2	7.26	371.0
144.694	0.188	fixation	n/a	405.0	138.3	3450.0	n/a	n/a	n/a	n/a
144.884	0.026	saccade	n/a	407.9	139.3	n/a	363.6	138.0	1.63	150.0
144.912	0.17	fixation	n/a	367.8	139.3	3418.0	n/a	n/a	n/a	n/a
145.084	0.056	saccade	n/a	367.4	141.9	n/a	531.3	139.1	6.03	363.0
145.142	0.226	fixation	n/a	539.9	140.7	3359.0	n/a	n/a	n/a	n/a
145.37	0.062	saccade	n/a	543.0	143.8	n/a	121.3	228.0	15.51	469.0
145.434	0.256	fixation	n/a	125.7	227.5	3391.0	n/a	n/a	n/a	n/a
145.692	0.146	saccade	n/a	128.9	229.9	n/a	191.4	227.1	2.23	872.0
145.73	0.044	blink	n/a	n/a	n/a	n/a	n/a	n/a	n/a	n/a
145.84	0.29	fixation	n/a	187.7	224.3	3372.0	n/a	n/a	n/a	n/a
146.132	0.032	saccade	n/a	188.8	223.6	n/a	272.3	221.2	3.02	241.0
146.166	0.288	fixation	n/a	267.2	222.3	3303.0	n/a	n/a	n/a	n/a
146.456	0.058	saccade	n/a	268.7	222.8	n/a	432.5	214.0	6.02	316.0
146.516	0.134	fixation	n/a	439.6	214.2	3277.0	n/a	n/a	n/a	n/a
146.652	0.034	saccade	n/a	441.4	213.7	n/a	362.4	217.4	2.91	216.0
146.688	0.142	fixation	n/a	367.8	219.6	3273.0	n/a	n/a	n/a	n/a
146.832	0.154	saccade	n/a	371.2	229.1	n/a	511.3	225.4	5.16	973.0
146.866	0.06	blink	n/a	n/a	n/a	n/a	n/a	n/a	n/a	n/a
146.988	0.162	fixation	n/a	515.1	224.5	3273.0	n/a	n/a	n/a	n/a
147.152	0.03	saccade	n/a	515.5	222.6	n/a	579.9	223.5	2.37	185.0
147.184	0.184	fixation	n/a	573.4	223.5	3248.0	n/a	n/a	n/a	n/a
147.37	0.074	saccade	n/a	573.6	218.4	n/a	138.3	303.1	16.0	509.0
147.446	0.208	fixation	n/a	129.4	305.4	3251.0	n/a	n/a	n/a	n/a
147.656	0.024	saccade	n/a	125.9	307.8	n/a	91.2	304.6	1.23	112.0
147.682	0.224	fixation	n/a	96.2	303.8	3257.0	n/a	n/a	n/a	n/a
147.908	0.032	saccade	n/a	97.8	305.8	n/a	177.3	302.1	2.82	235.0
147.942	0.194	fixation	n/a	175.7	304.2	3289.0	n/a	n/a	n/a	n/a
148.138	0.188	saccade	n/a	186.5	300.6	n/a	255.0	228.5	3.64	720.0
148.172	0.088	blink	n/a	n/a	n/a	n/a	n/a	n/a	n/a	n/a
148.328	0.508	fixation	n/a	249.2	215.0	3398.0	n/a	n/a	n/a	n/a
148.78	0.0	trigger_11	11	n/a	n/a	n/a	n/a	n/a	n/a	n/a
148.838	0.032	saccade	n/a	251.5	216.4	n/a	176.5	226.2	2.73	214.0
148.872	0.214	fixation	n/a	187.7	230.2	3439.0	n/a	n/a	n/a	n/a
148.884	0.0	trigger_10	10	n/a	n/a	n/a	n/a	n/a	n/a	n/a
149.088	0.034	saccade	n/a	188.5	232.6	n/a	237.8	144.9	3.7	272.0
149.124	0.18	fixation	n/a	231.5	152.6	3483.0	n/a	n/a	n/a	n/a
149.306	0.038	saccade	n/a	233.0	151.4	n/a	140.9	154.9	3.31	226.0
149.346	0.126	fixation	n/a	145.9	156.3	3521.0	n/a	n/a	n/a	n/a
149.474	0.052	saccade	n/a	143.3	154.7	n/a	285.4	138.8	5.15	365.0
149.528	0.292	fixation	n/a	297.0	139.1	3455.0	n/a	n/a	n/a	n/a
149.822	0.05	saccade	n/a	299.7	140.6	n/a	172.3	149.0	4.61	302.0
149.874	0.232	fixation	n/a	163.5	151.9	3421.0	n/a	n/a	n/a	n/a
150.108	0.026	saccade	n/a	161.0	154.1	n/a	120.2	157.0	1.45	133.0
150.136	0.054	fixation	n/a	128.3	157.3	3404.0	n/a	n/a	n/a	n/a
150.192	0.034	saccade	n/a	127.4	157.1	n/a	233.8	144.6	3.84	264.0
150.228	0.194	fixation	n/a	227.7	146.3	3444.0	n/a	n/a	n/a	n/a
150.424	0.15	saccade	n/a	234.5	151.0	n/a	172.5	156.6	2.24	848.0
150.474	0.04	blink	n/a	n/a	n/a	n/a	n/a	n/a	n/a	n/a
150.576	0.622	fixation	n/a	169.2	153.7	3510.0	n/a	n/a	n/a	n/a
150.884	0.0	trigger_11	11	n/a	n/a	n/a	n/a	n/a	n/a	n/a
150.988	0.0	trigger_10	10	n/a	n/a	n/a	n/a	n/a	n/a	n/a
151.2	0.024	saccade	n/a	168.6	158.2	n/a	139.6	157.5	1.03	94.0
151.226	0.112	fixation	n/a	145.9	159.0	3536.0	n/a	n/a	n/a	n/a
151.34	0.044	saccade	n/a	145.5	157.8	n/a	302.0	145.0	5.67	308.0
151.386	0.142	fixation	n/a	296.5	145.8	3546.0	n/a	n/a	n/a	n/a
151.53	0.028	saccade	n/a	295.1	144.3	n/a	250.6	143.1	1.62	141.0
151.56	0.138	fixation	n/a	256.8	149.1	3476.0	n/a	n/a	n/a	n/a
151.7	0.05	saccade	n/a	256.0	150.7	n/a	157.0	154.4	3.57	267.0
151.752	0.076	fixation	n/a	151.2	151.3	3419.0	n/a	n/a	n/a	n/a
151.83	0.056	saccade	n/a	151.1	151.5	n/a	336.3	141.5	6.71	399.0
151.888	0.23	fixation	n/a	349.5	145.0	3392.0	n/a	n/a	n/a	n/a
152.12	0.038	saccade	n/a	352.4	145.8	n/a	474.6	138.9	4.51	293.0
152.16	0.162	fixation	n/a	469.1	139.7	3378.0	n/a	n/a	n/a	n/a
152.324	0.038	saccade	n/a	472.8	142.8	n/a	355.0	141.5	4.34	291.0
152.364	0.242	fixation	n/a	360.3	146.5	3345.0	n/a	n/a	n/a	n/a
152.608	0.05	saccade	n/a	360.5	145.8	n/a	489.0	139.4	4.74	304.0
152.66	0.208	fixation	n/a	499.5	140.2	3288.0	n/a	n/a	n/a	n/a
152.87	0.028	saccade	n/a	502.2	140.2	n/a	555.3	145.0	1.96	147.0
152.9	0.374	fixation	n/a	548.5	145.2	3262.0	n/a	n/a	n/a	n/a
153.276	0.07	saccade	n/a	547.1	145.0	n/a	189.7	222.3	13.29	461.0
153.348	0.15	fixation	n/a	182.3	224.9	3346.0	n/a	n/a	n/a	n/a
153.5	0.03	saccade	n/a	181.3	228.2	n/a	115.7	224.7	2.34	186.0
153.532	0.164	fixation	n/a	124.1	228.3	3362.0	n/a	n/a	n/a	n/a
153.698	0.148	saccade	n/a	135.9	231.2	n/a	266.3	227.2	4.69	835.0
153.73	0.06	blink	n/a	n/a	n/a	n/a	n/a	n/a	n/a	n/a
153.848	0.186	fixation	n/a	262.2	221.1	3323.0	n/a	n/a	n/a	n/a
154.036	0.05	saccade	n/a	261.7	219.5	n/a	398.9	216.0	5.03	353.0
154.088	0.266	fixation	n/a	408.1	214.7	3291.0	n/a	n/a	n/a	n/a
154.356	0.036	saccade	n/a	410.4	218.8	n/a	512.3	215.1	3.76	266.0
154.394	0.122	fixation	n/a	508.2	215.2	3230.0	n/a	n/a	n/a	n/a
154.518	0.034	saccade	n/a	511.0	216.5	n/a	591.1	219.5	2.95	222.0
154.554	0.196	fixation	n/a	587.8	220.2	3210.0	n/a	n/a	n/a	n/a
154.752	0.14	saccade	n/a	589.9	220.6	n/a	411.3	143.4	7.17	779.0
154.822	0.01	blink	n/a	n/a	n/a	n/a	n/a	n/a	n/a	n/a
154.894	0.326	fixation	n/a	411.1	141.3	3258.0	n/a	n/a	n/a	n/a
155.222	0.028	saccade	n/a	410.2	138.4	n/a	367.0	137.3	1.59	141.0
155.252	0.094	fixation	n/a	374.8	138.0	3338.0	n/a	n/a	n/a	n/a
155.348	0.052	saccade	n/a	373.3	138.0	n/a	522.8	136.1	5.51	361.0
155.402	0.202	fixation	n/a	534.3	137.1	3365.0	n/a	n/a	n/a	n/a
155.606	0.034	saccade	n/a	537.3	137.9	n/a	451.8	135.9	3.15	246.0
155.642	0.19	fixation	n/a	456.8	135.3	3411.0	n/a	n/a	n/a	n/a
155.834	0.064	saccade	n/a	455.2	135.8	n/a	198.9	219.8	9.85	421.0
155.9	0.188	fixation	n/a	192.8	220.1	3470.0	n/a	n/a	n/a	n/a
156.09	0.034	saccade	n/a	190.2	224.4	n/a	107.4	221.0	2.95	223.0
156.126	0.114	fixation	n/a	113.9	225.7	3447.0	n/a	n/a	n/a	n/a
156.242	0.038	saccade	n/a	109.6	227.0	n/a	239.5	208.8	4.69	327.0
156.282	0.264	fixation	n/a	240.6	212.9	3432.0	n/a	n/a	n/a	n/a
156.454	0.0	trigger_11	11	n/a	n/a	n/a	n/a	n/a	n/a	n/a
156.548	0.036	saccade	n/a	244.0	213.5	n/a	213.0	177.4	1.75	179.0
156.558	0.0	trigger_10	10	n/a	n/a	n/a	n/a	n/a	n/a	n/a
156.586	0.172	fixation	n/a	206.2	186.0	3454.0	n/a	n/a	n/a	n/a
156.76	0.03	saccade	n/a	204.6	186.2	n/a	150.2	161.0	2.16	165.0
156.792	0.128	fixation	n/a	158.2	166.1	3511.0	n/a	n/a	n/a	n/a
156.922	0.204	saccade	n/a	162.1	168.5	n/a	273.5	156.0	4.05	791.0
156.956	0.106	blink	n/a	n/a	n/a	n/a	n/a	n/a	n/a	n/a
157.128	0.184	fixation	n/a	274.9	154.4	3420.0	n/a	n/a	n/a	n/a
157.314	0.028	saccade	n/a	275.4	154.4	n/a	228.0	157.1	1.73	149.0
157.344	0.202	fixation	n/a	231.5	155.5	3395.0	n/a	n/a	n/a	n/a
157.548	0.052	saccade	n/a	232.9	156.8	n/a	379.6	149.5	5.36	346.0
157.602	0.234	fixation	n/a	387.2	146.9	3354.0	n/a	n/a	n/a	n/a
157.838	0.054	saccade	n/a	389.5	137.8	n/a	564.8	140.5	6.43	350.0
157.894	0.222	fixation	n/a	574.0	142.7	3343.0	n/a	n/a	n/a	n/a
158.118	0.03	saccade	n/a	574.0	145.5	n/a	491.3	144.7	3.04	205.0
158.15	0.124	fixation	n/a	497.8	146.9	3381.0	n/a	n/a	n/a	n/a
158.276	0.064	saccade	n/a	494.2	152.1	n/a	208.9	212.6	10.65	442.0
158.342	0.238	fixation	n/a	197.8	216.2	3397.0	n/a	n/a	n/a	n/a
158.582	0.056	saccade	n/a	194.4	218.2	n/a	374.0	211.4	6.55	410.0
158.64	0.142	fixation	n/a	384.8	212.0	3378.0	n/a	n/a	n/a	n/a
158.784	0.03	saccade	n/a	387.4	212.5	n/a	325.1	218.6	2.3	186.0
158.816	0.172	fixation	n/a	332.7	221.2	3363.0	n/a	n/a	n/a	n/a
158.99	0.042	saccade	n/a	332.7	223.8	n/a	497.2	219.8	6.06	332.0
159.034	0.328	fixation	n/a	498.0	220.7	3284.0	n/a	n/a	n/a	n/a
159.364	0.032	saccade	n/a	501.7	224.1	n/a	580.6	224.4	2.91	202.0
159.398	0.112	fixation	n/a	572.6	225.4	3254.0	n/a	n/a	n/a	n/a
159.512	0.136	saccade	n/a	573.4	241.1	n/a	308.3	166.0	10.11	755.0
159.552	0.038	blink	n/a	n/a	n/a	n/a	n/a	n/a	n/a	n/a
159.65	0.296	fixation	n/a	307.0	162.9	3299.0	n/a	n/a	n/a	n/a
159.948	0.05	saccade	n/a	306.9	164.1	n/a	182.0	159.2	4.53	312.0
160.0	0.2	fixation	n/a	174.9	160.1	3274.0	n/a	n/a	n/a	n/a
160.202	0.026	saccade	n/a	170.5	162.8	n/a	134.5	160.5	1.28	123.0
160.23	0.176	fixation	n/a	139.4	161.6	3263.0	n/a	n/a	n/a	n/a
160.408	0.052	saccade	n/a	138.8	160.9	n/a	423.8	192.4	10.39	437.0
160.462	0.284	fixation	n/a	428.5	191.9	3313.0	n/a	n/a	n/a	n/a
160.748	0.04	saccade	n/a	431.6	191.8	n/a	294.9	133.5	5.47	307.0
160.774	0.0	trigger_11	11	n/a	n/a	n/a	n/a	n/a	n/a	n/a
160.79	0.256	fixation	n/a	302.5	146.1	3366.0	n/a	n/a	n/a	n/a
160.876	0.0	trigger_10	10	n/a	n/a	n/a	n/a	n/a	n/a	n/a
161.048	0.042	saccade	n/a	299.5	144.8	n/a	171.2	141.0	4.63	301.0
161.092	0.22	fixation	n/a	169.8	142.4	3464.0	n/a	n/a	n/a	n/a
161.314	0.028	saccade	n/a	169.9	143.3	n/a	221.4	139.9	1.86	147.0
161.344	0.158	fixation	n/a	215.6	140.5	3509.0	n/a	n/a	n/a	n/a
161.504	0.038	saccade	n/a	215.7	139.6	n/a	361.2	136.6	5.3	321.0
161.544	0.094	fixation	n/a	349.8	141.0	3461.0	n/a	n/a	n/a	n/a
161.64	0.06	saccade	n/a	352.6	142.9	n/a	586.6	141.0	8.59	414.0
161.702	0.16	fixation	n/a	595.0	142.3	3384.0	n/a	n/a	n/a	n/a
161.864	0.03	saccade	n/a	593.0	143.6	n/a	523.7	137.8	2.55	199.0
161.896	0.324	fixation	n/a	530.4	141.2	3358.0	n/a	n/a	n/a	n/a
162.222	0.036	saccade	n/a	529.8	139.9	n/a	407.1	133.1	4.53	295.0
162.26	0.18	fixation	n/a	414.7	138.9	3316.0	n/a	n/a	n/a	n/a
162.442	0.032	saccade	n/a	413.6	142.1	n/a	341.2	148.1	2.68	204.0
162.476	0.154	fixation	n/a	347.6	147.2	3293.0	n/a	n/a	n/a	n/a
162.632	0.084	saccade	n/a	348.3	153.8	n/a	132.7	224.5	8.2	388.0
162.718	0.26	fixation	n/a	137.0	228.0	3315.0	n/a	n/a	n/a	n/a
162.98	0.13	saccade	n/a	136.6	226.2	n/a	631.2	164.9	17.9	838.0
163.046	0.014	blink	n/a	n/a	n/a	n/a	n/a	n/a	n/a	n/a
163.112	0.31	fixation	n/a	638.1	156.1	3293.0	n/a	n/a	n/a	n/a
163.424	0.076	saccade	n/a	640.9	153.3	n/a	101.2	224.1	19.49	485.0
163.502	0.224	fixation	n/a	102.9	224.2	3305.0	n/a	n/a	n/a	n/a
163.728	0.022	saccade	n/a	99.3	228.2	n/a	79.1	230.9	0.72	76.0
163.752	0.166	fixation	n/a	82.8	228.4	3319.0	n/a	n/a	n/a	n/a
163.92	0.032	saccade	n/a	79.7	224.5	n/a	159.6	222.2	2.82	241.0
163.954	0.376	fixation	n/a	155.8	225.4	3346.0	n/a	n/a	n/a	n/a
164.332	0.158	saccade	n/a	163.2	228.5	n/a	198.3	165.7	2.63	864.0
164.372	0.062	blink	n/a	n/a	n/a	n/a	n/a	n/a	n/a	n/a
164.492	0.378	fixation	n/a	194.7	161.9	3350.0	n/a	n/a	n/a	n/a
164.574	0.0	trigger_11	11	n/a	n/a	n/a	n/a	n/a	n/a	n/a
164.676	0.0	trigger_10	10	n/a	n/a	n/a	n/a	n/a	n/a	n/a
164.872	0.03	saccade	n/a	192.9	163.7	n/a	132.9	148.8	2.21	182.0
164.904	0.126	fixation	n/a	140.6	151.9	3420.0	n/a	n/a	n/a	n/a
165.032	0.046	saccade	n/a	141.4	151.5	n/a	303.6	150.1	5.86	304.0
165.08	0.208	fixation	n/a	301.8	153.4	3388.0	n/a	n/a	n/a	n/a
165.29	0.032	saccade	n/a	303.9	156.7	n/a	213.0	145.2	3.33	211.0
165.324	0.166	fixation	n/a	221.9	145.6	3293.0	n/a	n/a	n/a	n/a
165.492	0.028	saccade	n/a	219.8	149.1	n/a	171.9	150.2	1.72	150.0
165.522	0.126	fixation	n/a	177.7	147.5	3224.0	n/a	n/a	n/a	n/a
165.65	0.044	saccade	n/a	174.4	145.4	n/a	388.8	140.9	7.77	406.0
165.696	0.294	fixation	n/a	390.9	136.3	3233.0	n/a	n/a	n/a	n/a
165.992	0.034	saccade	n/a	392.3	131.2	n/a	495.9	138.0	3.82	265.0
166.028	0.258	fixation	n/a	493.1	140.7	3260.0	n/a	n/a	n/a	n/a
166.288	0.058	saccade	n/a	495.6	140.2	n/a	129.0	234.0	13.7	448.0
166.348	0.174	fixation	n/a	134.0	228.2	3259.0	n/a	n/a	n/a	n/a
166.524	0.022	saccade	n/a	128.2	230.2	n/a	101.9	225.8	0.94	86.0
166.548	0.162	fixation	n/a	107.8	230.1	3253.0	n/a	n/a	n/a	n/a
166.712	0.034	saccade	n/a	107.1	234.2	n/a	206.9	222.8	3.58	262.0
166.748	0.194	fixation	n/a	205.6	225.8	3263.0	n/a	n/a	n/a	n/a
166.944	0.138	saccade	n/a	214.0	230.0	n/a	311.5	223.2	3.55	844.0
166.978	0.05	blink	n/a	n/a	n/a	n/a	n/a	n/a	n/a	n/a
167.084	0.162	fixation	n/a	308.1	220.0	3238.0	n/a	n/a	n/a	n/a
167.248	0.022	saccade	n/a	305.2	218.1	n/a	276.1	220.9	1.07	88.0
167.272	0.184	fixation	n/a	282.2	221.2	3221.0	n/a	n/a	n/a	n/a
167.458	0.036	saccade	n/a	280.1	221.1	n/a	386.9	209.6	3.94	260.0
167.496	0.082	fixation	n/a	380.7	214.9	3153.0	n/a	n/a	n/a	n/a
167.58	0.05	saccade	n/a	385.0	216.6	n/a	517.8	213.9	4.89	338.0
167.632	0.168	fixation	n/a	526.4	214.7	3108.0	n/a	n/a	n/a	n/a
167.802	0.028	saccade	n/a	528.7	214.9	n/a	485.5	211.8	1.6	140.0
167.832	0.14	fixation	n/a	490.5	215.1	3100.0	n/a	n/a	n/a	n/a
167.974	0.036	saccade	n/a	489.5	218.5	n/a	606.2	216.5	4.28	265.0
168.012	0.208	fixation	n/a	598.7	217.9	3091.0	n/a	n/a	n/a	n/a
168.222	0.066	saccade	n/a	600.1	216.5	n/a	125.8	298.3	17.29	510.0
168.29	0.328	fixation	n/a	124.9	299.8	3185.0	n/a	n/a	n/a	n/a
168.62	0.156	saccade	n/a	130.8	300.9	n/a	160.8	298.8	1.07	506.0
168.65	0.066	blink	n/a	n/a	n/a	n/a	n/a	n/a	n/a	n/a
168.778	0.16	fixation	n/a	155.5	296.5	3361.0	n/a	n/a	n/a	n/a
168.94	0.028	saccade	n/a	154.4	297.4	n/a	211.3	297.7	2.04	175.0
168.97	0.102	fixation	n/a	205.1	299.1	3356.0	n/a	n/a	n/a	n/a
169.074	0.05	saccade	n/a	204.2	297.1	n/a	352.8	287.5	5.42	379.0
169.126	0.216	fixation	n/a	362.8	288.8	3300.0	n/a	n/a	n/a	n/a
169.344	0.032	saccade	n/a	367.0	288.8	n/a	453.4	286.9	3.18	239.0
169.378	0.304	fixation	n/a	449.9	287.4	3204.0	n/a	n/a	n/a	n/a
169.684	0.038	saccade	n/a	454.2	288.4	n/a	551.7	217.7	4.46	266.0
169.724	0.176	fixation	n/a	549.5	223.5	3152.0	n/a	n/a	n/a	n/a
169.902	0.036	saccade	n/a	551.0	222.0	n/a	441.2	287.7	4.73	298.0
169.94	0.294	fixation	n/a	447.8	284.3	3200.0	n/a	n/a	n/a	n/a
170.236	0.126	saccade	n/a	447.2	285.0	n/a	307.7	182.9	6.38	742.0
170.294	0.014	blink	n/a	n/a	n/a	n/a	n/a	n/a	n/a	n/a
170.364	0.226	fixation	n/a	307.8	181.3	3286.0	n/a	n/a	n/a	n/a
170.592	0.052	saccade	n/a	308.6	180.7	n/a	459.7	157.6	5.62	365.0
170.646	0.158	fixation	n/a	469.6	154.2	3277.0	n/a	n/a	n/a	n/a
170.806	0.024	saccade	n/a	472.9	150.8	n/a	511.8	146.5	1.44	116.0
170.832	0.094	fixation	n/a	505.0	149.4	3255.0	n/a	n/a	n/a	n/a
170.928	0.06	saccade	n/a	507.0	148.1	n/a	299.5	200.0	7.84	428.0
170.99	0.228	fixation	n/a	292.8	204.2	3266.0	n/a	n/a	n/a	n/a
171.22	0.046	saccade	n/a	291.1	203.6	n/a	500.4	150.9	7.93	353.0
171.268	0.23	fixation	n/a	500.7	151.6	3307.0	n/a	n/a	n/a	n/a
171.5	0.032	saccade	n/a	502.4	149.0	n/a	432.2	149.3	2.59	227.0
171.534	0.086	fixation	n/a	437.9	150.3	3353.0	n/a	n/a	n/a	n/a
171.59	0.0	trigger_11	11	n/a	n/a	n/a	n/a	n/a	n/a	n/a
171.622	0.062	saccade	n/a	436.7	149.9	n/a	203.3	197.2	8.7	392.0
171.686	0.184	fixation	n/a	195.4	195.9	3368.0	n/a	n/a	n/a	n/a
171.694	0.0	trigger_10	10	n/a	n/a	n/a	n/a	n/a	n/a	n/a
171.872	0.034	saccade	n/a	194.4	199.5	n/a	136.1	153.5	2.69	208.0
171.908	0.164	fixation	n/a	140.3	157.6	3429.0	n/a	n/a	n/a	n/a
172.074	0.054	saccade	n/a	138.1	155.7	n/a	293.3	133.3	5.64	360.0
172.13	0.316	fixation	n/a	303.7	132.7	3387.0	n/a	n/a	n/a	n/a
172.448	0.03	saccade	n/a	306.1	137.1	n/a	372.4	130.4	2.45	183.0
172.48	0.154	fixation	n/a	368.4	134.2	3295.0	n/a	n/a	n/a	n/a
172.636	0.124	saccade	n/a	376.4	146.4	n/a	253.3	140.0	4.5	858.0
172.674	0.032	blink	n/a	n/a	n/a	n/a	n/a	n/a	n/a	n/a
172.762	0.238	fixation	n/a	252.3	141.9	3293.0	n/a	n/a	n/a	n/a
173.002	0.06	saccade	n/a	251.7	140.5	n/a	501.8	132.8	9.13	416.0
173.064	0.18	fixation	n/a	512.1	135.6	3226.0	n/a	n/a	n/a	n/a
173.246	0.028	saccade	n/a	512.7	136.7	n/a	466.0	135.9	1.72	150.0
173.276	0.214	fixation	n/a	468.6	138.2	3207.0	n/a	n/a	n/a	n/a
173.492	0.034	saccade	n/a	467.0	139.2	n/a	562.2	145.8	3.52	248.0
173.528	0.082	fixation	n/a	553.8	143.6	3192.0	n/a	n/a	n/a	n/a
173.612	0.062	saccade	n/a	555.9	144.2	n/a	154.1	202.5	14.69	471.0
173.676	0.316	fixation	n/a	152.6	203.3	3267.0	n/a	n/a	n/a	n/a
173.994	0.052	saccade	n/a	149.5	203.1	n/a	311.8	207.9	5.85	378.0
174.048	0.396	fixation	n/a	323.6	208.0	3378.0	n/a	n/a	n/a	n/a
174.446	0.032	saccade	n/a	323.6	214.0	n/a	388.3	212.7	2.37	202.0
174.48	0.182	fixation	n/a	382.4	215.0	3424.0	n/a	n/a	n/a	n/a
174.664	0.058	saccade	n/a	385.4	215.5	n/a	204.3	220.2	6.59	369.0
174.724	0.2	fixation	n/a	195.2	218.5	3443.0	n/a	n/a	n/a	n/a
174.926	0.022	saccade	n/a	197.1	222.0	n/a	223.9	218.7	0.97	90.0
174.95	0.21	fixation	n/a	217.2	221.3	3458.0	n/a	n/a	n/a	n/a
175.162	0.14	saccade	n/a	228.5	229.5	n/a	499.7	224.9	9.92	681.0
175.192	0.052	blink	n/a	n/a	n/a	n/a	n/a	n/a	n/a	n/a
175.304	0.138	fixation	n/a	498.4	220.7	3395.0	n/a	n/a	n/a	n/a
175.444	0.03	saccade	n/a	498.0	219.8	n/a	560.9	224.4	2.32	197.0
175.476	0.13	fixation	n/a	553.7	222.3	3389.0	n/a	n/a	n/a	n/a
175.608	0.062	saccade	n/a	554.7	221.7	n/a	268.9	270.6	10.63	439.0
175.672	0.104	fixation	n/a	259.9	272.1	3397.0	n/a	n/a	n/a	n/a
175.778	0.038	saccade	n/a	255.4	273.7	n/a	131.3	290.8	4.49	283.0
175.818	0.202	fixation	n/a	138.5	290.3	3394.0	n/a	n/a	n/a	n/a
176.022	0.028	saccade	n/a	136.7	288.5	n/a	191.7	293.2	1.96	173.0
176.052	0.166	fixation	n/a	184.8	294.0	3430.0	n/a	n/a	n/a	n/a
176.22	0.048	saccade	n/a	185.9	293.6	n/a	318.3	288.1	4.78	360.0
176.27	0.142	fixation	n/a	327.1	288.6	3402.0	n/a	n/a	n/a	n/a
176.414	0.03	saccade	n/a	327.5	287.8	n/a	381.7	283.1	2.0	182.0
176.446	0.164	fixation	n/a	378.4	286.5	3367.0	n/a	n/a	n/a	n/a
176.612	0.164	saccade	n/a	385.7	291.8	n/a	339.2	210.2	3.5	933.0
176.65	0.068	blink	n/a	n/a	n/a	n/a	n/a	n/a	n/a	n/a
176.778	0.274	fixation	n/a	339.2	205.0	3350.0	n/a	n/a	n/a	n/a
177.054	0.024	saccade	n/a	338.4	202.2	n/a	307.7	212.6	1.19	108.0
177.08	0.09	fixation	n/a	314.5	210.2	3434.0	n/a	n/a	n/a	n/a
177.172	0.03	saccade	n/a	315.2	210.0	n/a	384.9	210.2	2.56	199.0
177.204	0.172	fixation	n/a	378.1	215.8	3455.0	n/a	n/a	n/a	n/a
177.374	0.0	trigger_11	11	n/a	n/a	n/a	n/a	n/a	n/a	n/a
177.378	0.054	saccade	n/a	380.7	220.5	n/a	234.2	226.7	5.36	318.0
177.434	0.22	fixation	n/a	227.9	225.3	3488.0	n/a	n/a	n/a	n/a
177.478	0.0	trigger_12	12	n/a	n/a	n/a	n/a	n/a	n/a	n/a
177.656	0.038	saccade	n/a	228.9	227.8	n/a	145.9	149.4	4.16	266.0
177.696	0.218	fixation	n/a	152.6	157.3	3557.0	n/a	n/a	n/a	n/a
177.916	0.054	saccade	n/a	152.3	157.9	n/a	327.5	142.0	6.35	395.0
177.972	0.196	fixation	n/a	337.4	142.0	3488.0	n/a	n/a	n/a	n/a
178.17	0.1	saccade	n/a	346.2	153.4	n/a	260.3	158.4	3.15	880.0
178.202	0.014	blink	n/a	n/a	n/a	n/a	n/a	n/a	n/a	n/a
178.272	0.206	fixation	n/a	257.8	156.5	3440.0	n/a	n/a	n/a	n/a
178.48	0.028	saccade	n/a	256.3	154.6	n/a	211.1	154.9	1.64	130.0
178.51	0.14	fixation	n/a	219.4	157.6	3425.0	n/a	n/a	n/a	n/a
178.652	0.192	saccade	n/a	226.9	163.0	n/a	374.3	146.3	5.42	810.0
178.684	0.092	blink	n/a	n/a	n/a	n/a	n/a	n/a	n/a	n/a
178.846	0.512	fixation	n/a	376.7	147.6	3432.0	n/a	n/a	n/a	n/a
179.36	0.052	saccade	n/a	380.1	148.3	n/a	172.6	165.1	7.56	309.0
179.414	0.446	fixation	n/a	180.4	168.9	3401.0	n/a	n/a	n/a	n/a
179.638	0.0	trigger_13	13	n/a	n/a	n/a	n/a	n/a	n/a	n/a
179.862	0.03	saccade	n/a	178.8	172.6	n/a	121.6	207.7	2.41	168.0
179.894	0.12	fixation	n/a	128.2	205.5	3500.0	n/a	n/a	n/a	n/a
180.016	0.05	saccade	n/a	126.7	206.0	n/a	247.5	160.0	4.66	353.0
180.068	0.304	fixation	n/a	253.6	156.5	3516.0	n/a	n/a	n/a	n/a
180.374	0.052	saccade	n/a	255.3	159.7	n/a	149.2	291.2	6.17	374.0
180.428	0.424	fixation	n/a	138.3	295.3	3607.0	n/a	n/a	n/a	n/a
180.854	0.03	saccade	n/a	136.8	297.7	n/a	79.0	300.7	2.03	166.0
180.886	0.234	fixation	n/a	85.5	298.5	3725.0	n/a	n/a	n/a	n/a
181.122	0.13	saccade	n/a	89.5	300.4	n/a	112.6	278.8	1.13	756.0
181.166	0.03	blink	n/a	n/a	n/a	n/a	n/a	n/a	n/a	n/a
181.254	0.234	fixation	n/a	112.1	265.4	3836.0	n/a	n/a	n/a	n/a
181.278	0.0	trigger_15	15	n/a	n/a	n/a	n/a	n/a	n/a	n/a
181.332	0.0	trigger_10	10	n/a	n/a	n/a	n/a	n/a	n/a	n/a
181.49	0.036	saccade	n/a	113.5	260.5	n/a	177.1	181.9	3.67	272.0
181.528	0.13	fixation	n/a	171.4	194.6	3853.0	n/a	n/a	n/a	n/a
181.66	0.032	saccade	n/a	171.5	192.4	n/a	141.0	148.9	1.94	185.0
181.694	0.184	fixation	n/a	141.3	156.6	3729.0	n/a	n/a	n/a	n/a
181.88	0.032	saccade	n/a	140.7	154.9	n/a	240.1	136.2	3.64	227.0
181.914	0.178	fixation	n/a	233.6	139.3	3616.0	n/a	n/a	n/a	n/a
182.094	0.028	saccade	n/a	236.1	143.1	n/a	287.3	137.4	1.87	155.0
182.124	0.116	fixation	n/a	281.8	141.4	3533.0	n/a	n/a	n/a	n/a
182.242	0.17	saccade	n/a	286.8	149.6	n/a	367.5	138.1	2.99	895.0
182.282	0.064	blink	n/a	n/a	n/a	n/a	n/a	n/a	n/a	n/a
182.414	0.162	fixation	n/a	367.6	138.6	3487.0	n/a	n/a	n/a	n/a
182.578	0.04	saccade	n/a	367.5	137.0	n/a	501.4	143.1	4.94	295.0
182.62	0.228	fixation	n/a	496.3	142.5	3442.0	n/a	n/a	n/a	n/a
182.85	0.056	saccade	n/a	498.1	143.5	n/a	273.3	138.6	8.24	430.0
182.908	0.228	fixation	n/a	264.4	137.4	3357.0	n/a	n/a	n/a	n/a
183.138	0.03	saccade	n/a	261.7	135.2	n/a	211.1	139.4	1.84	167.0
183.17	0.292	fixation	n/a	213.4	137.8	3390.0	n/a	n/a	n/a	n/a
183.464	0.036	saccade	n/a	213.8	139.9	n/a	325.9	137.8	4.07	271.0
183.502	0.266	fixation	n/a	320.4	139.7	3430.0	n/a	n/a	n/a	n/a
183.77	0.054	saccade	n/a	321.5	139.9	n/a	471.4	140.2	5.51	347.0
183.826	0.138	fixation	n/a	478.6	141.4	3422.0	n/a	n/a	n/a	n/a
183.966	0.162	saccade	n/a	481.6	153.5	n/a	417.8	141.0	2.4	891.0
184.0	0.06	blink	n/a	n/a	n/a	n/a	n/a	n/a	n/a	n/a
184.13	0.182	fixation	n/a	419.1	150.1	3428.0	n/a	n/a	n/a	n/a
184.314	0.03	saccade	n/a	418.5	147.9	n/a	360.2	151.6	2.15	169.0
184.346	0.18	fixation	n/a	366.3	150.2	3441.0	n/a	n/a	n/a	n/a
184.528	0.03	saccade	n/a	364.1	153.9	n/a	295.0	150.5	2.54	192.0
184.56	0.18	fixation	n/a	302.5	150.0	3357.0	n/a	n/a	n/a	n/a
184.742	0.048	saccade	n/a	299.2	148.3	n/a	532.5	142.6	8.55	394.0
184.792	0.238	fixation	n/a	535.9	142.9	3271.0	n/a	n/a	n/a	n/a
185.032	0.058	saccade	n/a	538.0	144.2	n/a	196.8	218.2	12.71	430.0
185.092	0.158	fixation	n/a	199.8	217.3	3293.0	n/a	n/a	n/a	n/a
185.252	0.03	saccade	n/a	196.2	219.9	n/a	135.2	221.5	2.18	177.0
185.284	0.212	fixation	n/a	142.2	225.3	3331.0	n/a	n/a	n/a	n/a
185.498	0.232	saccade	n/a	149.7	231.2	n/a	172.1	237.1	0.83	859.0
185.538	0.116	blink	n/a	n/a	n/a	n/a	n/a	n/a	n/a	n/a
185.732	0.192	fixation	n/a	169.2	237.5	3309.0	n/a	n/a	n/a	n/a
185.926	0.03	saccade	n/a	169.6	238.6	n/a	242.2	229.4	2.63	201.0
185.958	0.164	fixation	n/a	232.6	230.1	3355.0	n/a	n/a	n/a	n/a
186.124	0.034	saccade	n/a	231.7	226.8	n/a	167.9	165.5	3.22	240.0
186.16	0.168	fixation	n/a	172.0	179.1	3320.0	n/a	n/a	n/a	n/a
186.33	0.026	saccade	n/a	169.0	177.9	n/a	140.8	159.0	1.22	129.0
186.358	0.466	fixation	n/a	145.6	165.4	3296.0	n/a	n/a	n/a	n/a
186.52	0.0	trigger_11	11	n/a	n/a	n/a	n/a	n/a	n/a	n/a
186.624	0.0	trigger_12	12	n/a	n/a	n/a	n/a	n/a	n/a	n/a
186.826	0.026	saccade	n/a	147.0	166.8	n/a	188.7	150.6	1.6	131.0
186.854	0.136	fixation	n/a	182.5	154.6	3403.0	n/a	n/a	n/a	n/a
186.992	0.054	saccade	n/a	182.6	155.5	n/a	352.0	145.2	6.16	349.0
187.048	0.13	fixation	n/a	360.0	143.6	3463.0	n/a	n/a	n/a	n/a
187.18	0.028	saccade	n/a	361.4	144.2	n/a	320.3	144.2	1.51	147.0
187.21	0.108	fixation	n/a	325.4	146.2	3456.0	n/a	n/a	n/a	n/a
187.32	0.03	saccade	n/a	325.7	146.6	n/a	401.3	142.4	2.78	207.0
187.352	0.14	fixation	n/a	394.3	144.4	3410.0	n/a	n/a	n/a	n/a
187.494	0.038	saccade	n/a	396.7	146.9	n/a	518.1	140.3	4.47	293.0
187.534	0.204	fixation	n/a	514.4	142.0	3346.0	n/a	n/a	n/a	n/a
187.74	0.064	saccade	n/a	517.0	143.2	n/a	119.5	227.3	14.66	470.0
187.806	0.216	fixation	n/a	121.2	227.8	3343.0	n/a	n/a	n/a	n/a
188.024	0.132	saccade	n/a	125.1	233.1	n/a	230.1	230.4	3.76	908.0
188.058	0.04	blink	n/a	n/a	n/a	n/a	n/a	n/a	n/a	n/a
188.158	0.222	fixation	n/a	224.8	224.7	3336.0	n/a	n/a	n/a	n/a
188.382	0.036	saccade	n/a	225.9	224.2	n/a	338.4	224.0	4.09	293.0
188.42	0.318	fixation	n/a	335.2	224.2	3297.0	n/a	n/a	n/a	n/a
188.74	0.05	saccade	n/a	336.7	224.1	n/a	466.9	219.7	4.79	335.0
188.792	0.164	fixation	n/a	475.2	220.2	3196.0	n/a	n/a	n/a	n/a
188.958	0.028	saccade	n/a	476.2	221.0	n/a	438.8	217.2	1.38	137.0
188.988	0.172	fixation	n/a	442.7	221.0	3179.0	n/a	n/a	n/a	n/a
189.162	0.12	saccade	n/a	444.9	235.3	n/a	564.5	221.1	4.43	733.0
189.196	0.026	blink	n/a	n/a	n/a	n/a	n/a	n/a	n/a	n/a
189.284	0.38	fixation	n/a	565.9	220.3	3204.0	n/a	n/a	n/a	n/a
189.666	0.056	saccade	n/a	567.6	217.9	n/a	319.7	204.2	9.11	363.0
189.724	0.296	fixation	n/a	316.9	206.8	3219.0	n/a	n/a	n/a	n/a
190.022	0.044	saccade	n/a	315.4	209.5	n/a	159.1	169.2	5.85	320.0
190.068	0.194	fixation	n/a	165.2	173.7	3304.0	n/a	n/a	n/a	n/a
190.264	0.026	saccade	n/a	162.0	172.2	n/a	129.5	151.3	1.39	117.0
190.28	0.0	trigger_13	13	n/a	n/a	n/a	n/a	n/a	n/a	n/a
190.292	0.452	fixation	n/a	130.5	156.8	3351.0	n/a	n/a	n/a	n/a
190.746	0.032	saccade	n/a	125.8	160.1	n/a	109.1	220.6	2.29	187.0
190.78	0.274	fixation	n/a	107.2	213.9	3436.0	n/a	n/a	n/a	n/a
191.056	0.178	saccade	n/a	110.8	217.9	n/a	127.3	301.0	3.09	986.0
191.094	0.07	blink	n/a	n/a	n/a	n/a	n/a	n/a	n/a	n/a
191.236	0.284	fixation	n/a	120.4	296.5	3656.0	n/a	n/a	n/a	n/a
191.522	0.03	saccade	n/a	117.7	296.2	n/a	123.5	361.1	2.36	169.0
191.554	0.414	fixation	n/a	120.7	346.8	3867.0	n/a	n/a	n/a	n/a
191.97	0.026	saccade	n/a	117.9	346.1	n/a	106.2	303.6	1.6	131.0
191.998	0.668	fixation	n/a	108.4	318.8	3847.0	n/a	n/a	n/a	n/a
192.668	0.028	saccade	n/a	108.4	322.1	n/a	140.5	369.0	2.05	160.0
192.698	0.184	fixation	n/a	134.9	361.5	3927.0	n/a	n/a	n/a	n/a
192.884	0.03	saccade	n/a	135.0	363.5	n/a	90.0	365.2	1.58	148.0
192.916	0.32	fixation	n/a	92.6	365.4	3951.0	n/a	n/a	n/a	n/a
193.238	0.038	saccade	n/a	92.6	370.5	n/a	207.9	412.2	4.34	287.0
193.278	0.188	fixation	n/a	201.5	409.8	3862.0	n/a	n/a	n/a	n/a
193.468	0.062	saccade	n/a	203.5	411.6	n/a	131.5	224.4	7.3	466.0
193.532	0.476	fixation	n/a	131.7	207.8	3851.0	n/a	n/a	n/a	n/a
193.744	0.0	trigger_15	15	n/a	n/a	n/a	n/a	n/a	n/a	n/a
193.796	0.0	trigger_10	10	n/a	n/a	n/a	n/a	n/a	n/a	n/a
194.01	0.034	saccade	n/a	132.0	210.0	n/a	175.8	124.2	3.51	218.0
194.046	0.284	fixation	n/a	172.8	136.0	3805.0	n/a	n/a	n/a	n/a
194.332	0.15	saccade	n/a	177.8	140.1	n/a	351.6	143.1	6.29	996.0
194.368	0.054	blink	n/a	n/a	n/a	n/a	n/a	n/a	n/a	n/a
194.484	0.22	fixation	n/a	352.1	138.3	3709.0	n/a	n/a	n/a	n/a
194.706	0.042	saccade	n/a	351.6	135.2	n/a	491.9	132.4	5.16	292.0
194.75	0.174	fixation	n/a	484.8	133.1	3663.0	n/a	n/a	n/a	n/a
194.926	0.058	saccade	n/a	486.8	134.3	n/a	176.9	140.4	11.23	391.0
194.986	0.172	fixation	n/a	180.6	144.7	3601.0	n/a	n/a	n/a	n/a
195.16	0.028	saccade	n/a	178.6	145.0	n/a	131.1	144.2	1.69	153.0
195.19	0.178	fixation	n/a	137.2	145.6	3589.0	n/a	n/a	n/a	n/a
195.37	0.034	saccade	n/a	136.9	149.7	n/a	237.7	132.7	3.66	243.0
195.406	0.226	fixation	n/a	232.6	136.9	3577.0	n/a	n/a	n/a	n/a
195.634	0.038	saccade	n/a	233.5	138.8	n/a	358.5	133.9	4.56	298.0
195.674	0.282	fixation	n/a	354.8	137.9	3542.0	n/a	n/a	n/a	n/a
195.958	0.028	saccade	n/a	357.5	139.3	n/a	409.7	138.6	1.92	160.0
195.988	0.214	fixation	n/a	403.2	137.0	3568.0	n/a	n/a	n/a	n/a
196.204	0.046	saccade	n/a	404.8	138.5	n/a	577.5	136.0	6.34	321.0
196.252	0.302	fixation	n/a	578.0	139.4	3495.0	n/a	n/a	n/a	n/a
196.556	0.148	saccade	n/a	579.9	152.4	n/a	159.5	195.4	15.29	827.0
196.594	0.054	blink	n/a	n/a	n/a	n/a	n/a	n/a	n/a	n/a
196.706	0.166	fixation	n/a	160.1	196.3	3506.0	n/a	n/a	n/a	n/a
196.874	0.024	saccade	n/a	163.7	194.9	n/a	173.0	164.5	1.17	99.0
196.9	0.184	fixation	n/a	171.0	173.9	3495.0	n/a	n/a	n/a	n/a
197.086	0.026	saccade	n/a	172.0	176.7	n/a	215.8	209.3	1.98	137.0
197.114	0.102	fixation	n/a	210.7	208.0	3425.0	n/a	n/a	n/a	n/a
197.218	0.038	saccade	n/a	211.5	212.9	n/a	337.2	210.4	4.57	284.0
197.258	0.158	fixation	n/a	332.8	214.1	3389.0	n/a	n/a	n/a	n/a
197.418	0.03	saccade	n/a	336.7	214.1	n/a	410.6	214.8	2.72	221.0
197.45	0.25	fixation	n/a	404.9	213.3	3386.0	n/a	n/a	n/a	n/a
197.702	0.03	saccade	n/a	406.8	213.1	n/a	477.3	213.1	2.6	202.0
197.734	0.292	fixation	n/a	472.7	215.0	3320.0	n/a	n/a	n/a	n/a
198.028	0.034	saccade	n/a	475.8	216.8	n/a	563.0	215.6	3.21	226.0
198.064	0.208	fixation	n/a	558.8	217.8	3265.0	n/a	n/a	n/a	n/a
198.274	0.034	saccade	n/a	562.0	220.1	n/a	470.4	216.0	3.37	261.0
198.31	0.154	fixation	n/a	477.9	220.7	3286.0	n/a	n/a	n/a	n/a
198.466	0.056	saccade	n/a	473.8	219.9	n/a	155.3	304.1	11.95	439.0
198.524	0.266	fixation	n/a	156.6	302.2	3334.0	n/a	n/a	n/a	n/a
198.792	0.032	saccade	n/a	154.1	304.7	n/a	232.8	295.8	2.84	219.0
198.826	0.102	fixation	n/a	225.1	297.6	3358.0	n/a	n/a	n/a	n/a
198.93	0.152	saccade	n/a	232.7	301.3	n/a	223.1	226.1	2.8	720.0
198.966	0.062	blink	n/a	n/a	n/a	n/a	n/a	n/a	n/a	n/a
199.084	0.2	fixation	n/a	220.4	223.8	3394.0	n/a	n/a	n/a	n/a
199.286	0.04	saccade	n/a	221.4	224.6	n/a	376.2	215.1	5.65	330.0
199.328	0.158	fixation	n/a	370.2	216.0	3357.0	n/a	n/a	n/a	n/a
199.488	0.06	saccade	n/a	373.4	214.7	n/a	175.8	175.8	7.3	380.0
199.55	0.214	fixation	n/a	169.5	172.9	3371.0	n/a	n/a	n/a	n/a
199.766	0.028	saccade	n/a	168.4	172.7	n/a	210.9	154.2	1.67	145.0
199.796	0.148	fixation	n/a	205.9	157.6	3326.0	n/a	n/a	n/a	n/a
199.946	0.04	saccade	n/a	208.0	158.3	n/a	352.2	141.6	5.28	321.0
199.988	0.322	fixation	n/a	348.1	140.9	3318.0	n/a	n/a	n/a	n/a
200.312	0.032	saccade	n/a	348.6	142.3	n/a	437.8	144.4	3.28	239.0
200.346	0.196	fixation	n/a	432.8	148.1	3321.0	n/a	n/a	n/a	n/a
200.544	0.036	saccade	n/a	433.5	154.1	n/a	337.0	215.4	4.22	308.0
200.582	0.172	fixation	n/a	337.0	209.3	3346.0	n/a	n/a	n/a	n/a
200.756	0.042	saccade	n/a	335.2	210.3	n/a	190.6	211.9	5.24	304.0
200.8	0.11	fixation	n/a	197.0	215.6	3413.0	n/a	n/a	n/a	n/a
200.888	0.0	trigger_11	11	n/a	n/a	n/a	n/a	n/a	n/a	n/a
200.912	0.038	saccade	n/a	197.2	221.4	n/a	162.4	163.3	2.48	222.0
200.952	0.242	fixation	n/a	154.7	165.3	3423.0	n/a	n/a	n/a	n/a
200.994	0.0	trigger_10	10	n/a	n/a	n/a	n/a	n/a	n/a	n/a
201.196	0.032	saccade	n/a	153.0	164.3	n/a	256.5	137.3	3.84	242.0
201.23	0.134	fixation	n/a	248.8	142.6	3430.0	n/a	n/a	n/a	n/a
201.366	0.04	saccade	n/a	250.0	144.1	n/a	381.0	132.5	4.8	320.0
201.408	0.112	fixation	n/a	379.2	137.5	3457.0	n/a	n/a	n/a	n/a
201.522	0.152	saccade	n/a	385.6	150.3	n/a	314.7	154.8	2.61	897.0
201.554	0.062	blink	n/a	n/a	n/a	n/a	n/a	n/a	n/a	n/a
201.676	0.266	fixation	n/a	312.2	152.0	3351.0	n/a	n/a	n/a	n/a
201.944	0.056	saccade	n/a	312.6	155.7	n/a	472.2	149.3	5.87	351.0
202.002	0.154	fixation	n/a	481.3	150.5	3307.0	n/a	n/a	n/a	n/a
202.158	0.03	saccade	n/a	483.1	147.3	n/a	419.6	140.7	2.35	178.0
202.19	0.224	fixation	n/a	424.0	142.7	3284.0	n/a	n/a	n/a	n/a
202.416	0.044	saccade	n/a	423.2	145.1	n/a	589.9	145.8	6.13	339.0
202.462	0.17	fixation	n/a	590.7	144.2	3229.0	n/a	n/a	n/a	n/a
202.634	0.074	saccade	n/a	593.6	145.8	n/a	164.0	225.9	15.79	501.0
202.71	0.32	fixation	n/a	152.3	226.8	3269.0	n/a	n/a	n/a	n/a
203.032	0.058	saccade	n/a	149.4	229.6	n/a	316.6	216.2	6.06	312.0
203.092	0.118	fixation	n/a	324.1	214.4	3300.0	n/a	n/a	n/a	n/a
203.212	0.134	saccade	n/a	329.9	221.0	n/a	279.2	224.6	1.86	750.0
203.244	0.042	blink	n/a	n/a	n/a	n/a	n/a	n/a	n/a	n/a
203.348	0.224	fixation	n/a	277.7	225.4	3291.0	n/a	n/a	n/a	n/a
203.574	0.066	saccade	n/a	276.8	222.7	n/a	587.5	217.9	11.34	443.0
203.642	0.17	fixation	n/a	593.3	217.9	3257.0	n/a	n/a	n/a	n/a
203.814	0.028	saccade	n/a	593.3	217.2	n/a	635.0	219.3	1.52	139.0
203.844	0.146	fixation	n/a	630.5	222.3	3240.0	n/a	n/a	n/a	n/a
203.992	0.062	saccade	n/a	631.0	220.6	n/a	202.9	290.3	15.7	520.0
204.056	0.136	fixation	n/a	200.4	291.6	3287.0	n/a	n/a	n/a	n/a
204.194	0.032	saccade	n/a	197.1	294.9	n/a	122.2	302.5	2.68	205.0
204.228	0.234	fixation	n/a	126.2	303.0	3284.0	n/a	n/a	n/a	n/a
204.464	0.044	saccade	n/a	127.3	305.5	n/a	294.2	301.8	5.99	333.0
204.51	0.128	fixation	n/a	295.4	299.5	3248.0	n/a	n/a	n/a	n/a
204.64	0.164	saccade	n/a	306.8	302.4	n/a	318.9	298.0	0.47	527.0
204.67	0.076	blink	n/a	n/a	n/a	n/a	n/a	n/a	n/a	n/a
204.806	0.158	fixation	n/a	313.7	290.1	3237.0	n/a	n/a	n/a	n/a
204.966	0.054	saccade	n/a	313.9	290.1	n/a	481.5	289.3	6.14	363.0
205.022	0.238	fixation	n/a	488.6	290.1	3275.0	n/a	n/a	n/a	n/a
205.262	0.034	saccade	n/a	491.4	293.3	n/a	589.2	295.6	3.59	242.0
205.298	0.156	fixation	n/a	580.5	293.2	3222.0	n/a	n/a	n/a	n/a
205.456	0.062	saccade	n/a	582.6	292.2	n/a	176.7	361.7	14.85	464.0
205.52	0.224	fixation	n/a	175.9	361.1	3207.0	n/a	n/a	n/a	n/a
205.746	0.088	saccade	n/a	176.7	365.2	n/a	191.8	226.1	5.12	630.0
205.836	0.232	fixation	n/a	187.8	225.7	3274.0	n/a	n/a	n/a	n/a
206.07	0.032	saccade	n/a	188.5	225.3	n/a	178.0	160.0	2.43	183.0
206.104	0.246	fixation	n/a	176.1	169.1	3366.0	n/a	n/a	n/a	n/a
206.352	0.174	saccade	n/a	186.3	175.3	n/a	221.4	153.7	1.49	772.0
206.384	0.082	blink	n/a	n/a	n/a	n/a	n/a	n/a	n/a	n/a
206.528	0.462	fixation	n/a	216.1	145.5	3396.0	n/a	n/a	n/a	n/a
206.992	0.024	saccade	n/a	212.7	149.4	n/a	178.6	164.1	1.34	126.0
207.018	0.536	fixation	n/a	187.0	163.0	3484.0	n/a	n/a	n/a	n/a
207.242	0.0	trigger_11	11	n/a	n/a	n/a	n/a	n/a	n/a	n/a
207.344	0.0	trigger_10	10	n/a	n/a	n/a	n/a	n/a	n/a	n/a
207.556	0.026	saccade	n/a	187.9	163.4	n/a	153.0	147.0	1.39	118.0
207.584	0.058	fixation	n/a	161.8	154.1	3576.0	n/a	n/a	n/a	n/a
207.644	0.034	saccade	n/a	162.2	155.0	n/a	273.7	134.2	4.09	258.0
207.68	0.216	fixation	n/a	262.3	138.4	3591.0	n/a	n/a	n/a	n/a
207.898	0.046	saccade	n/a	263.6	140.4	n/a	146.5	145.2	4.22	288.0
207.946	0.232	fixation	n/a	139.6	141.7	3504.0	n/a	n/a	n/a	n/a
208.18	0.026	saccade	n/a	135.5	141.2	n/a	99.1	146.4	1.3	120.0
208.208	0.122	fixation	n/a	108.6	150.8	3461.0	n/a	n/a	n/a	n/a
208.332	0.134	saccade	n/a	121.3	153.7	n/a	289.9	141.3	6.07	927.0
208.366	0.042	blink	n/a	n/a	n/a	n/a	n/a	n/a	n/a	n/a
208.468	0.196	fixation	n/a	289.5	141.8	3522.0	n/a	n/a	n/a	n/a
208.666	0.05	saccade	n/a	289.5	140.5	n/a	402.5	132.2	4.15	308.0
208.718	0.19	fixation	n/a	408.4	133.7	3594.0	n/a	n/a	n/a	n/a
208.91	0.026	saccade	n/a	406.7	133.2	n/a	360.6	134.2	1.69	145.0
208.938	0.194	fixation	n/a	367.5	136.9	3584.0	n/a	n/a	n/a	n/a
209.134	0.032	saccade	n/a	367.4	138.8	n/a	443.1	139.4	2.79	211.0
209.168	0.18	fixation	n/a	437.1	140.8	3517.0	n/a	n/a	n/a	n/a
209.35	0.032	saccade	n/a	436.8	139.8	n/a	364.9	136.3	2.65	218.0
209.384	0.206	fixation	n/a	371.3	141.4	3453.0	n/a	n/a	n/a	n/a
209.592	0.158	saccade	n/a	376.0	152.3	n/a	373.5	142.2	0.39	813.0
209.622	0.066	blink	n/a	n/a	n/a	n/a	n/a	n/a	n/a	n/a
209.752	0.112	fixation	n/a	375.8	147.9	3424.0	n/a	n/a	n/a	n/a
209.866	0.052	saccade	n/a	377.3	147.2	n/a	506.0	145.7	4.73	322.0
209.92	0.248	fixation	n/a	512.8	145.9	3403.0	n/a	n/a	n/a	n/a
210.17	0.034	saccade	n/a	514.0	146.0	n/a	599.5	144.4	3.13	230.0
210.206	0.106	fixation	n/a	594.3	144.0	3352.0	n/a	n/a	n/a	n/a
210.314	0.064	saccade	n/a	595.8	147.9	n/a	156.9	221.0	16.07	492.0
210.38	0.26	fixation	n/a	160.3	222.2	3339.0	n/a	n/a	n/a	n/a
210.642	0.03	saccade	n/a	159.0	225.9	n/a	107.3	226.3	1.83	174.0
210.674	0.068	fixation	n/a	113.3	228.5	3347.0	n/a	n/a	n/a	n/a
210.744	0.058	saccade	n/a	109.8	226.7	n/a	325.0	216.7	7.74	438.0
210.804	0.34	fixation	n/a	337.5	218.3	3323.0	n/a	n/a	n/a	n/a
211.146	0.032	saccade	n/a	339.7	219.5	n/a	428.5	212.4	3.28	225.0
211.18	0.184	fixation	n/a	421.7	211.3	3283.0	n/a	n/a	n/a	n/a
211.366	0.036	saccade	n/a	423.2	208.9	n/a	526.6	206.3	3.8	277.0
211.404	0.246	fixation	n/a	522.1	211.8	3280.0	n/a	n/a	n/a	n/a
211.652	0.066	saccade	n/a	522.5	209.4	n/a	113.7	293.3	15.03	443.0
211.72	0.268	fixation	n/a	109.7	293.5	3371.0	n/a	n/a	n/a	n/a
211.99	0.214	saccade	n/a	113.3	296.3	n/a	158.6	184.1	4.4	616.0
212.026	0.11	blink	n/a	n/a	n/a	n/a	n/a	n/a	n/a	n/a
212.206	0.298	fixation	n/a	162.7	186.6	3371.0	n/a	n/a	n/a	n/a
212.226	0.0	trigger_11	11	n/a	n/a	n/a	n/a	n/a	n/a	n/a
212.33	0.0	trigger_10	10	n/a	n/a	n/a	n/a	n/a	n/a	n/a
212.506	0.026	saccade	n/a	165.4	185.0	n/a	177.0	148.0	1.42	124.0
212.534	0.106	fixation	n/a	171.7	153.0	3413.0	n/a	n/a	n/a	n/a
212.642	0.032	saccade	n/a	172.8	152.8	n/a	260.2	142.4	3.17	222.0
212.676	0.264	fixation	n/a	252.2	144.0	3400.0	n/a	n/a	n/a	n/a
212.942	0.03	saccade	n/a	253.3	143.3	n/a	330.1	137.6	2.81	208.0
212.974	0.148	fixation	n/a	323.8	142.8	3305.0	n/a	n/a	n/a	n/a
213.124	0.05	saccade	n/a	324.3	143.3	n/a	438.1	138.6	4.17	310.0
213.176	0.242	fixation	n/a	446.3	140.6	3255.0	n/a	n/a	n/a	n/a
213.42	0.066	saccade	n/a	446.9	143.6	n/a	159.1	210.6	10.72	445.0
213.488	0.244	fixation	n/a	150.7	211.3	3271.0	n/a	n/a	n/a	n/a
213.734	0.034	saccade	n/a	149.4	214.2	n/a	241.3	214.6	3.3	252.0
213.77	0.224	fixation	n/a	240.0	217.2	3278.0	n/a	n/a	n/a	n/a
213.996	0.152	saccade	n/a	249.9	225.6	n/a	381.2	221.7	4.79	739.0
214.026	0.06	blink	n/a	n/a	n/a	n/a	n/a	n/a	n/a	n/a
214.15	0.216	fixation	n/a	383.4	217.4	3247.0	n/a	n/a	n/a	n/a
214.368	0.022	saccade	n/a	382.9	214.5	n/a	357.5	214.9	0.93	91.0
214.392	0.028	fixation	n/a	365.7	215.4	3226.0	n/a	n/a	n/a	n/a
214.422	0.044	saccade	n/a	365.4	216.6	n/a	542.7	217.9	6.52	352.0
214.468	0.276	fixation	n/a	540.0	220.7	3175.0	n/a	n/a	n/a	n/a
214.746	0.036	saccade	n/a	543.0	221.3	n/a	659.8	215.7	4.27	241.0
214.784	0.206	fixation	n/a	652.0	214.3	3111.0	n/a	n/a	n/a	n/a
214.992	0.064	saccade	n/a	653.3	216.0	n/a	165.4	276.3	17.66	552.0
215.058	0.264	fixation	n/a	163.8	278.1	3163.0	n/a	n/a	n/a	n/a
215.324	0.052	saccade	n/a	161.2	282.8	n/a	329.9	283.1	6.09	350.0
215.378	0.154	fixation	n/a	339.3	283.9	3219.0	n/a	n/a	n/a	n/a
215.534	0.06	saccade	n/a	341.1	283.0	n/a	160.1	293.0	6.53	326.0
215.596	0.278	fixation	n/a	153.6	294.2	3238.0	n/a	n/a	n/a	n/a
215.876	0.06	saccade	n/a	156.6	298.0	n/a	409.3	280.8	9.16	424.0
215.938	0.2	fixation	n/a	421.1	283.3	3217.0	n/a	n/a	n/a	n/a
216.14	0.036	saccade	n/a	423.6	286.7	n/a	517.7	285.6	3.46	266.0
216.178	0.252	fixation	n/a	517.8	285.8	3201.0	n/a	n/a	n/a	n/a
216.432	0.03	saccade	n/a	521.1	286.6	n/a	584.3	290.8	2.32	173.0
216.464	0.178	fixation	n/a	578.7	291.1	3162.0	n/a	n/a	n/a	n/a
216.644	0.068	saccade	n/a	579.1	289.1	n/a	252.5	358.2	12.13	456.0
216.714	0.19	fixation	n/a	242.3	358.2	3192.0	n/a	n/a	n/a	n/a
216.906	0.034	saccade	n/a	240.0	359.9	n/a	147.9	361.3	3.28	225.0
216.942	0.064	fixation	n/a	158.4	363.7	3218.0	n/a	n/a	n/a	n/a
217.008	0.172	saccade	n/a	167.8	363.3	n/a	489.6	307.9	11.79	669.0
217.042	0.074	blink	n/a	n/a	n/a	n/a	n/a	n/a	n/a	n/a
217.182	0.132	fixation	n/a	489.5	299.8	3298.0	n/a	n/a	n/a	n/a
217.316	0.04	saccade	n/a	488.0	297.7	n/a	352.5	355.7	5.41	348.0
217.358	0.144	fixation	n/a	357.9	352.4	3360.0	n/a	n/a	n/a	n/a
217.504	0.056	saccade	n/a	355.7	352.9	n/a	211.5	361.7	5.23	335.0
217.562	0.252	fixation	n/a	205.2	363.9	3370.0	n/a	n/a	n/a	n/a
217.816	0.032	saccade	n/a	203.8	367.5	n/a	122.1	367.3	2.89	208.0
217.85	0.26	fixation	n/a	134.1	371.5	3324.0	n/a	n/a	n/a	n/a
218.112	0.058	saccade	n/a	133.7	374.3	n/a	355.2	362.5	7.95	436.0
218.172	0.28	fixation	n/a	366.3	362.3	3334.0	n/a	n/a	n/a	n/a
218.454	0.142	saccade	n/a	374.9	367.3	n/a	303.3	210.3	6.37	916.0
218.488	0.054	blink	n/a	n/a	n/a	n/a	n/a	n/a	n/a	n/a
218.53	0.0	trigger_11	11	n/a	n/a	n/a	n/a	n/a	n/a	n/a
218.598	0.218	fixation	n/a	301.1	205.9	3432.0	n/a	n/a	n/a	n/a
218.634	0.0	trigger_10	10	n/a	n/a	n/a	n/a	n/a	n/a	n/a
218.818	0.038	saccade	n/a	301.6	202.5	n/a	171.5	172.1	4.83	298.0
218.858	0.15	fixation	n/a	183.5	176.2	3445.0	n/a	n/a	n/a	n/a
219.01	0.016	saccade	n/a	181.0	176.9	n/a	166.1	163.6	0.72	62.0
219.028	0.106	fixation	n/a	175.3	168.3	3409.0	n/a	n/a	n/a	n/a
219.136	0.056	saccade	n/a	175.2	167.6	n/a	344.7	144.6	6.19	346.0
219.194	0.226	fixation	n/a	352.8	145.0	3330.0	n/a	n/a	n/a	n/a
219.422	0.036	saccade	n/a	355.3	146.4	n/a	469.2	139.2	4.2	297.0
219.46	0.17	fixation	n/a	464.7	137.9	3301.0	n/a	n/a	n/a	n/a
219.632	0.026	saccade	n/a	465.7	135.4	n/a	438.0	143.6	1.07	108.0
219.66	0.264	fixation	n/a	439.1	142.4	3309.0	n/a	n/a	n/a	n/a
219.926	0.052	saccade	n/a	436.1	142.2	n/a	553.0	141.1	4.29	313.0
219.98	0.156	fixation	n/a	558.4	141.7	3305.0	n/a	n/a	n/a	n/a
220.138	0.058	saccade	n/a	557.5	140.8	n/a	175.0	211.0	14.07	471.0
220.198	0.16	fixation	n/a	176.1	210.2	3335.0	n/a	n/a	n/a	n/a
220.36	0.03	saccade	n/a	171.2	212.5	n/a	107.3	218.9	2.27	175.0
220.392	0.282	fixation	n/a	114.0	221.6	3380.0	n/a	n/a	n/a	n/a
220.676	0.14	saccade	n/a	116.8	225.0	n/a	244.2	239.2	4.58	879.0
220.71	0.048	blink	n/a	n/a	n/a	n/a	n/a	n/a	n/a	n/a
220.818	0.216	fixation	n/a	239.9	232.8	3382.0	n/a	n/a	n/a	n/a
221.036	0.182	saccade	n/a	245.6	231.8	n/a	226.0	165.8	2.55	853.0
221.07	0.084	blink	n/a	n/a	n/a	n/a	n/a	n/a	n/a	n/a
221.22	0.294	fixation	n/a	221.1	163.8	3411.0	n/a	n/a	n/a	n/a
221.234	0.0	trigger_11	11	n/a	n/a	n/a	n/a	n/a	n/a	n/a
221.338	0.0	trigger_10	10	n/a	n/a	n/a	n/a	n/a	n/a	n/a
221.516	0.032	saccade	n/a	219.4	164.0	n/a	143.5	153.5	2.74	189.0
221.55	0.26	fixation	n/a	151.3	161.3	3452.0	n/a	n/a	n/a	n/a
221.812	0.056	saccade	n/a	150.2	160.2	n/a	336.1	140.8	6.75	425.0
221.87	0.276	fixation	n/a	350.1	139.3	3405.0	n/a	n/a	n/a	n/a
222.148	0.028	saccade	n/a	352.3	138.2	n/a	294.8	135.4	2.1	165.0
222.178	0.076	fixation	n/a	300.9	137.1	3383.0	n/a	n/a	n/a	n/a
222.256	0.056	saccade	n/a	300.6	137.7	n/a	478.6	128.9	6.52	392.0
222.314	0.168	fixation	n/a	487.0	130.2	3372.0	n/a	n/a	n/a	n/a
222.484	0.026	saccade	n/a	486.8	133.3	n/a	445.3	133.2	1.53	134.0
222.512	0.146	fixation	n/a	451.7	137.0	3371.0	n/a	n/a	n/a	n/a
222.66	0.062	saccade	n/a	450.6	137.7	n/a	164.6	213.2	10.73	455.0
222.724	0.302	fixation	n/a	153.4	211.4	3405.0	n/a	n/a	n/a	n/a
223.028	0.154	saccade	n/a	158.6	217.5	n/a	280.5	220.2	4.39	874.0
223.068	0.052	blink	n/a	n/a	n/a	n/a	n/a	n/a	n/a	n/a
223.184	0.146	fixation	n/a	279.0	218.8	3415.0	n/a	n/a	n/a	n/a
223.332	0.032	saccade	n/a	279.3	219.1	n/a	213.2	219.1	2.39	179.0
223.366	0.22	fixation	n/a	220.3	218.1	3400.0	n/a	n/a	n/a	n/a
223.588	0.044	saccade	n/a	221.0	218.4	n/a	397.3	215.8	6.42	341.0
223.634	0.19	fixation	n/a	396.3	219.1	3305.0	n/a	n/a	n/a	n/a
223.826	0.034	saccade	n/a	400.6	219.1	n/a	495.9	210.9	3.52	243.0
223.862	0.144	fixation	n/a	489.3	212.9	3268.0	n/a	n/a	n/a	n/a
224.008	0.026	saccade	n/a	489.9	213.3	n/a	451.0	209.9	1.44	122.0
224.036	0.144	fixation	n/a	457.8	213.7	3261.0	n/a	n/a	n/a	n/a
224.182	0.04	saccade	n/a	458.7	216.5	n/a	612.4	218.3	5.64	341.0
224.224	0.156	fixation	n/a	609.3	217.4	3205.0	n/a	n/a	n/a	n/a
224.382	0.066	saccade	n/a	610.9	217.9	n/a	137.2	306.1	17.32	517.0
224.45	0.22	fixation	n/a	137.4	305.9	3251.0	n/a	n/a	n/a	n/a
224.672	0.034	saccade	n/a	134.2	307.7	n/a	238.3	294.5	3.75	274.0
224.708	0.19	fixation	n/a	237.6	296.3	3265.0	n/a	n/a	n/a	n/a
224.9	0.03	saccade	n/a	240.9	297.1	n/a	193.7	296.8	1.7	144.0
224.932	0.114	fixation	n/a	199.3	297.2	3284.0	n/a	n/a	n/a	n/a
225.048	0.188	saccade	n/a	209.8	302.0	n/a	247.5	200.3	3.99	744.0
225.084	0.09	blink	n/a	n/a	n/a	n/a	n/a	n/a	n/a	n/a
225.238	0.192	fixation	n/a	246.3	196.3	3330.0	n/a	n/a	n/a	n/a
225.298	0.0	trigger_11	11	n/a	n/a	n/a	n/a	n/a	n/a	n/a
225.404	0.0	trigger_10	10	n/a	n/a	n/a	n/a	n/a	n/a	n/a
225.432	0.032	saccade	n/a	248.1	193.5	n/a	164.7	158.7	3.26	218.0
225.466	0.176	fixation	n/a	172.2	163.6	3401.0	n/a	n/a	n/a	n/a
225.644	0.028	saccade	n/a	168.7	163.1	n/a	126.3	159.4	1.51	139.0
225.674	0.184	fixation	n/a	130.2	158.5	3458.0	n/a	n/a	n/a	n/a
225.86	0.034	saccade	n/a	127.8	155.1	n/a	263.7	135.5	4.92	279.0
225.896	0.136	fixation	n/a	256.4	138.8	3449.0	n/a	n/a	n/a	n/a
226.034	0.04	saccade	n/a	257.1	137.3	n/a	391.6	131.1	4.91	286.0
226.076	0.208	fixation	n/a	384.7	133.7	3420.0	n/a	n/a	n/a	n/a
226.286	0.032	saccade	n/a	388.6	134.6	n/a	321.4	136.4	2.46	179.0
226.32	0.064	fixation	n/a	329.6	139.1	3407.0	n/a	n/a	n/a	n/a
226.386	0.056	saccade	n/a	329.0	140.5	n/a	502.6	137.7	6.37	361.0
226.444	0.356	fixation	n/a	514.3	137.9	3345.0	n/a	n/a	n/a	n/a
226.802	0.028	saccade	n/a	518.6	140.9	n/a	570.8	158.3	2.02	177.0
226.832	0.172	fixation	n/a	565.0	157.4	3296.0	n/a	n/a	n/a	n/a
227.006	0.06	saccade	n/a	565.4	158.7	n/a	186.4	218.9	13.91	458.0
227.068	0.158	fixation	n/a	187.7	219.5	3340.0	n/a	n/a	n/a	n/a
227.228	0.032	saccade	n/a	182.3	221.1	n/a	121.1	221.7	2.17	177.0
227.262	0.156	fixation	n/a	127.9	225.0	3359.0	n/a	n/a	n/a	n/a
227.42	0.038	saccade	n/a	125.5	229.4	n/a	266.7	221.3	5.07	315.0
227.46	0.166	fixation	n/a	259.7	223.0	3344.0	n/a	n/a	n/a	n/a
227.628	0.032	saccade	n/a	262.3	222.4	n/a	354.7	219.8	3.37	246.0
227.662	0.096	fixation	n/a	348.8	221.9	3302.0	n/a	n/a	n/a	n/a
227.76	0.1	saccade	n/a	356.0	229.3	n/a	504.4	232.8	5.45	741.0
227.862	0.276	fixation	n/a	504.1	224.7	3315.0	n/a	n/a	n/a	n/a
228.14	0.032	saccade	n/a	503.6	221.1	n/a	575.1	212.6	2.64	207.0
228.174	0.246	fixation	n/a	567.5	217.2	3287.0	n/a	n/a	n/a	n/a
228.422	0.048	saccade	n/a	568.7	217.5	n/a	461.1	211.5	3.96	332.0
228.472	0.138	fixation	n/a	453.2	211.6	3299.0	n/a	n/a	n/a	n/a
228.538	0.0	trigger_11	11	n/a	n/a	n/a	n/a	n/a	n/a	n/a
228.612	0.058	saccade	n/a	451.4	210.0	n/a	234.1	200.1	7.92	391.0
228.642	0.0	trigger_12	12	n/a	n/a	n/a	n/a	n/a	n/a	n/a
228.672	0.204	fixation	n/a	227.7	197.3	3318.0	n/a	n/a	n/a	n/a
228.878	0.034	saccade	n/a	226.0	195.4	n/a	148.4	154.3	3.16	224.0
228.914	0.28	fixation	n/a	156.5	157.9	3396.0	n/a	n/a	n/a	n/a
229.196	0.034	saccade	n/a	155.3	153.7	n/a	259.5	133.0	3.82	228.0
229.232	0.134	fixation	n/a	250.4	139.6	3408.0	n/a	n/a	n/a	n/a
229.368	0.166	saccade	n/a	256.4	145.3	n/a	330.7	141.0	2.71	974.0
229.402	0.072	blink	n/a	n/a	n/a	n/a	n/a	n/a	n/a	n/a
229.536	0.048	fixation	n/a	328.6	141.5	3346.0	n/a	n/a	n/a	n/a
229.586	0.042	saccade	n/a	327.9	142.7	n/a	181.8	146.5	5.3	283.0
229.63	0.23	fixation	n/a	184.6	147.4	3361.0	n/a	n/a	n/a	n/a
229.862	0.032	saccade	n/a	180.0	152.4	n/a	259.2	144.1	2.87	210.0
229.896	0.096	fixation	n/a	251.6	144.5	3346.0	n/a	n/a	n/a	n/a
229.994	0.034	saccade	n/a	253.1	148.5	n/a	342.7	143.2	3.27	254.0
230.03	0.204	fixation	n/a	339.0	148.4	3348.0	n/a	n/a	n/a	n/a
230.236	0.038	saccade	n/a	341.0	150.6	n/a	452.9	143.1	4.13	289.0
230.276	0.262	fixation	n/a	450.5	141.2	3366.0	n/a	n/a	n/a	n/a
230.54	0.064	saccade	n/a	451.6	138.1	n/a	172.6	216.4	10.52	454.0
230.606	0.234	fixation	n/a	161.8	220.9	3358.0	n/a	n/a	n/a	n/a
230.842	0.028	saccade	n/a	159.5	226.2	n/a	115.5	229.3	1.56	143.0
230.872	0.09	fixation	n/a	120.4	230.7	3334.0	n/a	n/a	n/a	n/a
230.964	0.054	saccade	n/a	119.4	229.9	n/a	342.0	218.3	8.02	425.0
231.02	0.184	fixation	n/a	354.7	219.0	3326.0	n/a	n/a	n/a	n/a
231.206	0.034	saccade	n/a	356.1	217.4	n/a	260.7	215.1	3.48	251.0
231.242	0.28	fixation	n/a	265.3	217.2	3295.0	n/a	n/a	n/a	n/a
231.524	0.042	saccade	n/a	265.6	218.5	n/a	426.8	202.6	5.92	306.0
231.568	0.21	fixation	n/a	426.2	206.9	3274.0	n/a	n/a	n/a	n/a
231.78	0.038	saccade	n/a	430.1	207.0	n/a	333.6	137.1	4.4	299.0
231.82	0.198	fixation	n/a	338.7	143.3	3288.0	n/a	n/a	n/a	n/a
232.02	0.026	saccade	n/a	336.0	142.7	n/a	291.0	139.9	1.65	142.0
232.048	0.174	fixation	n/a	295.9	142.0	3277.0	n/a	n/a	n/a	n/a
232.224	0.032	saccade	n/a	295.1	146.5	n/a	214.3	139.0	2.94	224.0
232.258	0.262	fixation	n/a	222.7	140.8	3259.0	n/a	n/a	n/a	n/a
232.522	0.034	saccade	n/a	223.0	142.5	n/a	307.0	141.7	3.05	224.0
232.558	0.37	fixation	n/a	307.6	146.3	3261.0	n/a	n/a	n/a	n/a
232.706	0.0	trigger_13	13	n/a	n/a	n/a	n/a	n/a	n/a	n/a
232.93	0.042	saccade	n/a	310.7	152.3	n/a	167.0	163.5	5.21	300.0
232.974	0.272	fixation	n/a	170.2	161.9	3323.0	n/a	n/a	n/a	n/a
233.248	0.03	saccade	n/a	167.0	165.3	n/a	176.8	220.5	2.06	167.0
233.28	0.284	fixation	n/a	175.2	214.5	3393.0	n/a	n/a	n/a	n/a
233.566	0.03	saccade	n/a	174.5	217.6	n/a	184.4	284.3	2.48	197.0
233.598	0.238	fixation	n/a	184.8	277.0	3551.0	n/a	n/a	n/a	n/a
233.838	0.026	saccade	n/a	189.5	273.8	n/a	202.8	226.3	1.81	129.0
233.866	0.156	fixation	n/a	200.1	232.6	3640.0	n/a	n/a	n/a	n/a
234.024	0.034	saccade	n/a	200.2	229.7	n/a	124.5	209.6	2.79	218.0
234.06	0.136	fixation	n/a	130.1	215.3	3644.0	n/a	n/a	n/a	n/a
234.198	0.116	saccade	n/a	138.4	222.3	n/a	180.1	341.0	4.59	775.0
234.316	0.19	fixation	n/a	179.3	337.9	3608.0	n/a	n/a	n/a	n/a
234.508	0.028	saccade	n/a	178.7	340.3	n/a	203.7	292.8	1.96	138.0
234.538	0.408	fixation	n/a	200.4	308.8	3523.0	n/a	n/a	n/a	n/a
234.922	0.0	trigger_15	15	n/a	n/a	n/a	n/a	n/a	n/a	n/a
234.948	0.024	saccade	n/a	201.6	317.5	n/a	179.3	346.5	1.33	115.0
234.974	0.188	fixation	n/a	184.4	342.2	3400.0	n/a	n/a	n/a	n/a
234.976	0.0	trigger_10	10	n/a	n/a	n/a	n/a	n/a	n/a	n/a
235.164	0.038	saccade	n/a	185.6	344.1	n/a	228.0	208.2	5.22	316.0
235.204	0.092	fixation	n/a	228.1	226.1	3426.0	n/a	n/a	n/a	n/a
235.298	0.038	saccade	n/a	231.6	224.4	n/a	136.6	184.3	3.71	236.0
235.338	0.188	fixation	n/a	145.9	182.5	3436.0	n/a	n/a	n/a	n/a
235.528	0.176	saccade	n/a	156.3	183.3	n/a	177.9	141.7	1.71	927.0
235.562	0.086	blink	n/a	n/a	n/a	n/a	n/a	n/a	n/a	n/a
235.706	0.182	fixation	n/a	174.4	138.1	3314.0	n/a	n/a	n/a	n/a
235.89	0.054	saccade	n/a	173.0	136.3	n/a	358.3	126.4	6.71	380.0
235.946	0.08	fixation	n/a	365.5	125.8	3400.0	n/a	n/a	n/a	n/a
236.028	0.056	saccade	n/a	367.6	126.3	n/a	552.4	127.2	6.77	400.0
236.086	0.3	fixation	n/a	565.0	127.0	3453.0	n/a	n/a	n/a	n/a
236.388	0.058	saccade	n/a	566.6	135.6	n/a	233.2	200.7	12.36	458.0
236.448	0.18	fixation	n/a	239.8	196.4	3546.0	n/a	n/a	n/a	n/a
236.63	0.032	saccade	n/a	237.3	199.9	n/a	168.0	212.3	2.53	216.0
236.664	0.28	fixation	n/a	171.9	215.0	3564.0	n/a	n/a	n/a	n/a
236.946	0.142	saccade	n/a	181.0	219.4	n/a	319.2	208.1	5.02	839.0
236.978	0.048	blink	n/a	n/a	n/a	n/a	n/a	n/a	n/a	n/a
237.09	0.072	fixation	n/a	318.3	208.0	3467.0	n/a	n/a	n/a	n/a
237.164	0.036	saccade	n/a	317.5	207.9	n/a	209.6	146.6	4.53	299.0
237.202	0.262	fixation	n/a	217.9	156.8	3456.0	n/a	n/a	n/a	n/a
237.466	0.034	saccade	n/a	215.3	156.0	n/a	133.3	154.8	2.92	211.0
237.502	0.09	fixation	n/a	140.7	156.9	3375.0	n/a	n/a	n/a	n/a
237.594	0.034	saccade	n/a	141.7	159.3	n/a	285.3	140.4	5.21	286.0
237.63	0.212	fixation	n/a	279.8	143.8	3338.0	n/a	n/a	n/a	n/a
237.844	0.05	saccade	n/a	281.7	145.9	n/a	396.1	192.0	4.53	343.0
237.896	0.246	fixation	n/a	404.5	198.7	3323.0	n/a	n/a	n/a	n/a
238.144	0.034	saccade	n/a	405.5	201.1	n/a	482.1	219.2	2.9	236.0
238.18	0.152	fixation	n/a	479.3	217.0	3346.0	n/a	n/a	n/a	n/a
238.334	0.066	saccade	n/a	481.8	215.7	n/a	186.3	172.7	10.84	459.0
238.402	0.272	fixation	n/a	175.8	168.0	3289.0	n/a	n/a	n/a	n/a
238.676	0.024	saccade	n/a	173.3	164.6	n/a	200.7	146.5	1.18	102.0
238.702	0.024	fixation	n/a	195.8	150.1	3278.0	n/a	n/a	n/a	n/a
238.728	0.04	saccade	n/a	193.6	152.9	n/a	135.7	158.2	2.07	210.0
238.77	0.228	fixation	n/a	128.2	154.2	3303.0	n/a	n/a	n/a	n/a
239.0	0.05	saccade	n/a	129.6	155.7	n/a	280.9	146.7	5.44	379.0
239.052	0.21	fixation	n/a	289.3	144.0	3321.0	n/a	n/a	n/a	n/a
239.264	0.15	saccade	n/a	296.1	154.8	n/a	262.5	144.7	1.28	827.0
239.298	0.058	blink	n/a	n/a	n/a	n/a	n/a	n/a	n/a	n/a
239.416	0.14	fixation	n/a	258.4	141.2	3330.0	n/a	n/a	n/a	n/a
239.558	0.064	saccade	n/a	257.0	143.6	n/a	540.3	137.9	10.34	443.0
239.624	0.258	fixation	n/a	552.0	138.2	3318.0	n/a	n/a	n/a	n/a
239.884	0.038	saccade	n/a	553.0	140.8	n/a	425.4	205.6	5.27	332.0
239.924	0.176	fixation	n/a	434.1	203.4	3331.0	n/a	n/a	n/a	n/a
240.102	0.036	saccade	n/a	432.2	208.0	n/a	312.3	210.5	4.41	268.0
240.14	0.12	fixation	n/a	321.6	212.7	3304.0	n/a	n/a	n/a	n/a
240.262	0.034	saccade	n/a	320.4	213.6	n/a	231.0	216.0	3.25	248.0
240.298	0.178	fixation	n/a	237.4	221.5	3264.0	n/a	n/a	n/a	n/a
240.478	0.046	saccade	n/a	236.9	224.9	n/a	382.1	156.6	5.88	293.0
240.526	0.212	fixation	n/a	382.8	154.3	3231.0	n/a	n/a	n/a	n/a
240.74	0.03	saccade	n/a	385.0	152.0	n/a	466.8	144.8	3.02	210.0
240.772	0.244	fixation	n/a	461.9	147.6	3232.0	n/a	n/a	n/a	n/a
241.018	0.068	saccade	n/a	463.5	150.6	n/a	127.4	229.3	12.48	454.0
241.088	0.29	fixation	n/a	116.1	227.9	3229.0	n/a	n/a	n/a	n/a
241.38	0.088	saccade	n/a	113.1	230.8	n/a	339.6	223.0	8.14	328.0
241.47	0.26	fixation	n/a	335.4	220.6	3266.0	n/a	n/a	n/a	n/a
241.732	0.058	saccade	n/a	336.2	214.6	n/a	524.8	217.9	6.91	378.0
241.792	0.192	fixation	n/a	532.4	219.5	3269.0	n/a	n/a	n/a	n/a
241.94	0.0	trigger_11	11	n/a	n/a	n/a	n/a	n/a	n/a	n/a
241.986	0.054	saccade	n/a	533.7	218.8	n/a	238.8	190.6	10.79	433.0
242.04	0.0	trigger_10	10	n/a	n/a	n/a	n/a	n/a	n/a	n/a
242.042	0.16	fixation	n/a	243.5	189.3	3306.0	n/a	n/a	n/a	n/a
242.204	0.032	saccade	n/a	241.3	189.3	n/a	165.3	154.1	3.02	215.0
242.238	0.154	fixation	n/a	174.0	157.5	3321.0	n/a	n/a	n/a	n/a
242.394	0.03	saccade	n/a	172.3	159.3	n/a	123.2	157.0	1.75	152.0
242.426	0.202	fixation	n/a	126.2	158.9	3350.0	n/a	n/a	n/a	n/a
242.63	0.054	saccade	n/a	124.8	160.9	n/a	323.5	140.4	7.17	394.0
242.686	0.184	fixation	n/a	333.9	140.6	3319.0	n/a	n/a	n/a	n/a
242.872	0.04	saccade	n/a	338.2	141.5	n/a	485.2	137.1	5.4	319.0
242.914	0.072	fixation	n/a	477.6	137.5	3297.0	n/a	n/a	n/a	n/a
242.988	0.144	saccade	n/a	480.8	144.4	n/a	501.6	144.5	0.76	853.0
243.032	0.04	blink	n/a	n/a	n/a	n/a	n/a	n/a	n/a	n/a
243.134	0.256	fixation	n/a	501.9	140.9	3314.0	n/a	n/a	n/a	n/a
243.392	0.058	saccade	n/a	502.9	141.2	n/a	145.6	210.9	13.18	442.0
243.452	0.246	fixation	n/a	147.8	208.8	3300.0	n/a	n/a	n/a	n/a
243.7	0.026	saccade	n/a	140.8	209.0	n/a	101.1	197.0	1.46	130.0
243.728	0.158	fixation	n/a	109.9	201.2	3283.0	n/a	n/a	n/a	n/a
243.888	0.032	saccade	n/a	111.4	202.0	n/a	170.5	143.0	3.01	216.0
243.922	0.35	fixation	n/a	170.0	154.2	3288.0	n/a	n/a	n/a	n/a
243.932	0.0	trigger_11	11	n/a	n/a	n/a	n/a	n/a	n/a	n/a
244.034	0.0	trigger_10	10	n/a	n/a	n/a	n/a	n/a	n/a	n/a
244.274	0.034	saccade	n/a	171.9	155.3	n/a	286.2	138.2	4.16	262.0
244.31	0.33	fixation	n/a	279.2	143.0	3357.0	n/a	n/a	n/a	n/a
244.642	0.044	saccade	n/a	281.5	143.9	n/a	442.2	138.4	5.88	294.0
244.688	0.272	fixation	n/a	437.5	138.3	3319.0	n/a	n/a	n/a	n/a
244.962	0.042	saccade	n/a	438.7	141.3	n/a	558.2	139.5	4.39	243.0
245.006	0.274	fixation	n/a	553.3	140.5	3288.0	n/a	n/a	n/a	n/a
245.282	0.054	saccade	n/a	554.2	142.7	n/a	243.3	203.5	11.55	420.0
245.338	0.1	fixation	n/a	246.0	198.1	3352.0	n/a	n/a	n/a	n/a
245.44	0.038	saccade	n/a	242.4	202.3	n/a	122.5	223.8	4.36	272.0
245.48	0.184	fixation	n/a	125.9	225.0	3333.0	n/a	n/a	n/a	n/a
245.666	0.198	saccade	n/a	130.9	232.5	n/a	206.9	239.8	2.72	684.0
245.7	0.098	blink	n/a	n/a	n/a	n/a	n/a	n/a	n/a	n/a
245.866	0.202	fixation	n/a	205.2	234.9	3379.0	n/a	n/a	n/a	n/a
246.07	0.032	saccade	n/a	207.1	233.0	n/a	292.4	223.2	3.11	239.0
246.104	0.266	fixation	n/a	286.3	224.9	3300.0	n/a	n/a	n/a	n/a
246.372	0.034	saccade	n/a	285.3	224.5	n/a	190.2	225.3	3.43	233.0
246.408	0.154	fixation	n/a	197.6	227.3	3243.0	n/a	n/a	n/a	n/a
246.564	0.034	saccade	n/a	193.6	224.3	n/a	169.1	164.4	2.37	184.0
246.6	0.162	fixation	n/a	170.5	174.8	3201.0	n/a	n/a	n/a	n/a
246.764	0.036	saccade	n/a	170.4	175.9	n/a	285.3	151.1	4.24	281.0
246.802	0.34	fixation	n/a	283.0	153.6	3216.0	n/a	n/a	n/a	n/a
247.144	0.036	saccade	n/a	282.9	152.0	n/a	185.6	180.3	3.66	237.0
247.182	0.302	fixation	n/a	194.8	181.7	3354.0	n/a	n/a	n/a	n/a
247.204	0.0	trigger_11	11	n/a	n/a	n/a	n/a	n/a	n/a	n/a
247.306	0.0	trigger_10	10	n/a	n/a	n/a	n/a	n/a	n/a	n/a
247.486	0.03	saccade	n/a	193.3	179.1	n/a	142.5	151.3	2.08	170.0
247.518	0.16	fixation	n/a	150.1	161.8	3459.0	n/a	n/a	n/a	n/a
247.68	0.032	saccade	n/a	149.6	164.1	n/a	238.0	147.8	3.23	220.0
247.714	0.182	fixation	n/a	229.6	148.1	3411.0	n/a	n/a	n/a	n/a
247.898	0.034	saccade	n/a	231.3	147.0	n/a	332.2	142.4	3.67	264.0
247.934	0.16	fixation	n/a	324.3	144.4	3378.0	n/a	n/a	n/a	n/a
248.096	0.036	saccade	n/a	325.1	143.0	n/a	426.9	133.1	3.75	263.0
248.134	0.218	fixation	n/a	423.5	135.6	3342.0	n/a	n/a	n/a	n/a
248.354	0.032	saccade	n/a	425.4	135.2	n/a	513.4	139.6	3.24	218.0
248.388	0.348	fixation	n/a	506.0	141.1	3296.0	n/a	n/a	n/a	n/a
248.738	0.038	saccade	n/a	507.2	139.9	n/a	385.5	134.4	4.47	297.0
248.778	0.33	fixation	n/a	390.9	139.6	3299.0	n/a	n/a	n/a	n/a
249.11	0.152	saccade	n/a	392.3	148.7	n/a	151.9	214.6	9.01	946.0
249.152	0.046	blink	n/a	n/a	n/a	n/a	n/a	n/a	n/a	n/a
249.264	0.158	fixation	n/a	159.4	211.8	3331.0	n/a	n/a	n/a	n/a
249.424	0.028	saccade	n/a	157.3	210.9	n/a	106.9	222.5	1.83	150.0
249.454	0.262	fixation	n/a	115.3	222.1	3367.0	n/a	n/a	n/a	n/a
249.718	0.036	saccade	n/a	114.3	225.3	n/a	229.1	219.0	4.1	285.0
249.756	0.152	fixation	n/a	220.9	218.1	3392.0	n/a	n/a	n/a	n/a
249.91	0.024	saccade	n/a	219.3	215.8	n/a	186.6	216.3	1.17	112.0
249.936	0.054	fixation	n/a	195.1	219.6	3395.0	n/a	n/a	n/a	n/a
249.992	0.032	saccade	n/a	194.3	218.9	n/a	298.1	216.2	3.75	252.0
250.026	0.278	fixation	n/a	292.3	219.3	3325.0	n/a	n/a	n/a	n/a
250.306	0.05	saccade	n/a	295.7	220.5	n/a	438.2	218.1	5.23	334.0
250.358	0.34	fixation	n/a	450.2	216.9	3262.0	n/a	n/a	n/a	n/a
250.7	0.05	saccade	n/a	452.5	216.9	n/a	579.6	217.1	4.66	304.0
250.752	0.166	fixation	n/a	588.6	219.2	3210.0	n/a	n/a	n/a	n/a
250.92	0.03	saccade	n/a	590.7	219.6	n/a	530.6	215.7	2.21	189.0
250.952	0.146	fixation	n/a	533.6	218.3	3203.0	n/a	n/a	n/a	n/a
251.1	0.06	saccade	n/a	531.8	220.4	n/a	162.2	290.9	13.62	434.0
251.162	0.258	fixation	n/a	162.9	290.7	3230.0	n/a	n/a	n/a	n/a
251.422	0.034	saccade	n/a	158.5	290.9	n/a	259.5	290.1	3.62	248.0
251.458	0.114	fixation	n/a	255.6	292.9	3248.0	n/a	n/a	n/a	n/a
251.574	0.148	saccade	n/a	269.7	293.5	n/a	191.9	188.6	4.79	698.0
251.612	0.056	blink	n/a	n/a	n/a	n/a	n/a	n/a	n/a	n/a
251.724	0.3	fixation	n/a	192.5	179.1	3271.0	n/a	n/a	n/a	n/a
252.026	0.03	saccade	n/a	191.9	177.6	n/a	153.8	150.3	1.69	159.0
252.058	0.6	fixation	n/a	156.2	157.2	3286.0	n/a	n/a	n/a	n/a
252.284	0.0	trigger_11	11	n/a	n/a	n/a	n/a	n/a	n/a	n/a
252.386	0.0	trigger_20	20	n/a	n/a	n/a	n/a	n/a	n/a	n/a
252.66	0.036	saccade	n/a	157.3	160.8	n/a	260.4	124.1	3.94	247.0
252.698	0.188	fixation	n/a	251.6	129.9	3410.0	n/a	n/a	n/a	n/a
