onset	duration	trial_type	value	gaze_x	gaze_y	pupil_size	sacc_endx	sacc_endy	sacc_amplitude	sacc_peakvel
0.011	0.156	fixation	n/a	265.3	211.9	3042.0	n/a	n/a	n/a	n/a
0.06	0.0	trigger_91	91	n/a	n/a	n/a	n/a	n/a	n/a	n/a
0.169	0.036	saccade	n/a	264.9	210.3	n/a	157.1	163.5	4.21	298.0
0.207	0.216	fixation	n/a	156.6	167.0	2991.0	n/a	n/a	n/a	n/a
0.425	0.026	saccade	n/a	156.3	165.0	n/a	207.3	141.9	2.0	142.0
0.453	0.54	fixation	n/a	208.3	145.9	2977.0	n/a	n/a	n/a	n/a
0.995	0.02	saccade	n/a	211.7	142.5	n/a	243.1	134.6	1.16	82.0
1.017	0.434	fixation	n/a	236.7	138.1	3172.0	n/a	n/a	n/a	n/a
1.453	0.02	saccade	n/a	238.8	144.9	n/a	278.0	152.5	1.43	97.0
1.475	0.742	fixation	n/a	274.8	153.7	3280.0	n/a	n/a	n/a	n/a
2.074	0.0	trigger_10	10	n/a	n/a	n/a	n/a	n/a	n/a	n/a
2.219	0.032	saccade	n/a	278.8	160.1	n/a	209.6	146.6	2.52	222.0
2.253	0.092	fixation	n/a	211.3	148.8	3295.0	n/a	n/a	n/a	n/a
2.347	0.022	saccade	n/a	207.0	151.1	n/a	176.4	151.9	1.09	93.0
2.371	0.14	fixation	n/a	181.9	153.6	3301.0	n/a	n/a	n/a	n/a
2.513	0.03	saccade	n/a	181.6	154.3	n/a	246.6	158.3	2.33	181.0
2.545	0.192	fixation	n/a	243.5	158.3	3275.0	n/a	n/a	n/a	n/a
2.739	0.024	saccade	n/a	245.3	158.7	n/a	283.1	160.3	1.36	99.0
2.765	0.152	fixation	n/a	277.6	160.7	3219.0	n/a	n/a	n/a	n/a
2.919	0.014	saccade	n/a	284.4	160.4	n/a	302.8	162.4	0.67	56.0
2.935	0.296	fixation	n/a	299.7	159.6	3156.0	n/a	n/a	n/a	n/a
3.233	0.03	saccade	n/a	301.4	158.7	n/a	380.7	166.2	2.87	201.0
3.265	0.3	fixation	n/a	380.7	166.7	3082.0	n/a	n/a	n/a	n/a
3.567	0.032	saccade	n/a	383.1	166.5	n/a	462.5	166.6	2.85	188.0
3.601	0.096	fixation	n/a	461.6	166.1	3033.0	n/a	n/a	n/a	n/a
3.699	0.024	saccade	n/a	466.9	168.9	n/a	505.4	168.2	1.38	104.0
3.725	0.166	fixation	n/a	500.8	165.5	2983.0	n/a	n/a	n/a	n/a
3.893	0.032	saccade	n/a	503.7	161.7	n/a	597.7	170.9	3.35	216.0
3.927	0.108	fixation	n/a	595.4	170.5	2942.0	n/a	n/a	n/a	n/a
4.037	0.058	saccade	n/a	597.9	171.0	n/a	165.3	228.3	15.4	551.0
4.097	0.102	fixation	n/a	159.4	230.7	2981.0	n/a	n/a	n/a	n/a
4.201	0.024	saccade	n/a	154.7	232.9	n/a	121.8	218.7	1.26	118.0
4.227	0.656	fixation	n/a	118.6	222.5	2915.0	n/a	n/a	n/a	n/a
4.885	0.034	saccade	n/a	118.9	226.3	n/a	235.8	228.0	4.13	267.0
4.921	0.244	fixation	n/a	239.2	229.6	2918.0	n/a	n/a	n/a	n/a
5.167	0.02	saccade	n/a	243.1	229.7	n/a	272.6	229.4	1.05	74.0
5.189	0.12	fixation	n/a	268.6	231.1	2961.0	n/a	n/a	n/a	n/a
5.311	0.028	saccade	n/a	270.7	227.7	n/a	332.1	227.9	2.2	174.0
5.341	0.286	fixation	n/a	332.8	228.4	2927.0	n/a	n/a	n/a	n/a
5.629	0.026	saccade	n/a	335.8	228.1	n/a	388.2	226.5	1.88	137.0
5.657	0.2	fixation	n/a	385.9	227.0	2881.0	n/a	n/a	n/a	n/a
5.859	0.018	saccade	n/a	390.0	226.5	n/a	422.0	226.2	1.15	81.0
5.879	0.464	fixation	n/a	419.5	227.2	2890.0	n/a	n/a	n/a	n/a
6.345	0.018	saccade	n/a	423.8	227.5	n/a	457.3	230.1	1.2	88.0
6.365	0.256	fixation	n/a	450.9	228.1	2920.0	n/a	n/a	n/a	n/a
6.623	0.018	saccade	n/a	452.9	228.3	n/a	479.3	230.1	0.95	69.0
6.643	0.466	fixation	n/a	473.9	231.3	2958.0	n/a	n/a	n/a	n/a
7.111	0.028	saccade	n/a	475.8	232.4	n/a	536.4	231.6	2.16	147.0
7.141	0.338	fixation	n/a	535.1	230.5	2934.0	n/a	n/a	n/a	n/a
7.481	0.054	saccade	n/a	534.7	227.9	n/a	151.4	271.3	13.63	515.0
7.537	0.104	fixation	n/a	148.3	274.7	2993.0	n/a	n/a	n/a	n/a
7.643	0.018	saccade	n/a	143.6	277.0	n/a	122.9	292.1	0.9	72.0
7.663	0.348	fixation	n/a	129.6	290.3	2948.0	n/a	n/a	n/a	n/a
8.013	0.03	saccade	n/a	131.2	289.5	n/a	193.0	294.0	2.18	158.0
8.045	0.164	fixation	n/a	190.5	293.5	2913.0	n/a	n/a	n/a	n/a
8.211	0.034	saccade	n/a	192.2	293.0	n/a	300.4	289.5	3.84	263.0
8.247	0.484	fixation	n/a	304.0	288.9	2885.0	n/a	n/a	n/a	n/a
8.733	0.03	saccade	n/a	305.8	288.7	n/a	367.0	289.9	2.18	151.0
8.765	0.184	fixation	n/a	365.6	289.5	2861.0	n/a	n/a	n/a	n/a
8.951	0.016	saccade	n/a	371.6	289.2	n/a	391.9	289.3	0.73	58.0
8.969	0.49	fixation	n/a	389.1	290.7	2892.0	n/a	n/a	n/a	n/a
9.461	0.03	saccade	n/a	393.7	290.4	n/a	466.2	291.3	2.58	181.0
9.493	0.214	fixation	n/a	465.1	289.4	2886.0	n/a	n/a	n/a	n/a
9.709	0.02	saccade	n/a	468.8	289.1	n/a	501.5	289.2	1.16	82.0
9.731	0.374	fixation	n/a	497.1	290.0	2905.0	n/a	n/a	n/a	n/a
10.107	0.024	saccade	n/a	499.7	291.5	n/a	540.2	293.2	1.43	104.0
10.133	0.492	fixation	n/a	547.4	292.8	2904.0	n/a	n/a	n/a	n/a
10.627	0.018	saccade	n/a	554.7	293.1	n/a	584.4	292.2	1.04	74.0
10.647	0.122	fixation	n/a	578.3	292.2	2896.0	n/a	n/a	n/a	n/a
10.771	0.016	saccade	n/a	582.4	291.3	n/a	605.7	293.3	0.82	68.0
10.789	0.124	fixation	n/a	598.1	290.7	2911.0	n/a	n/a	n/a	n/a
10.915	0.052	saccade	n/a	596.9	288.6	n/a	443.4	220.2	5.95	400.0
10.969	0.298	fixation	n/a	437.4	221.3	2957.0	n/a	n/a	n/a	n/a
11.004	0.0	trigger_11	11	n/a	n/a	n/a	n/a	n/a	n/a	n/a
11.108	0.0	trigger_10	10	n/a	n/a	n/a	n/a	n/a	n/a	n/a
11.269	0.054	saccade	n/a	435.1	222.1	n/a	227.1	157.4	7.79	481.0
11.325	0.08	fixation	n/a	219.1	156.9	2939.0	n/a	n/a	n/a	n/a
11.407	0.03	saccade	n/a	218.9	158.3	n/a	153.3	145.0	2.38	187.0
11.439	0.174	fixation	n/a	155.6	146.7	2878.0	n/a	n/a	n/a	n/a
11.615	0.014	saccade	n/a	152.4	149.6	n/a	133.8	147.8	0.66	55.0
11.631	0.144	fixation	n/a	140.1	148.5	2863.0	n/a	n/a	n/a	n/a
11.777	0.032	saccade	n/a	142.5	150.7	n/a	222.5	153.7	2.84	215.0
11.811	0.364	fixation	n/a	226.0	150.3	2845.0	n/a	n/a	n/a	n/a
12.177	0.028	saccade	n/a	230.7	151.7	n/a	288.6	153.5	2.07	148.0
12.207	0.478	fixation	n/a	290.1	155.1	2856.0	n/a	n/a	n/a	n/a
12.687	0.036	saccade	n/a	299.8	155.6	n/a	423.3	166.3	4.46	286.0
12.725	0.396	fixation	n/a	427.8	165.4	2844.0	n/a	n/a	n/a	n/a
13.123	0.028	saccade	n/a	431.1	167.2	n/a	489.6	169.0	2.1	139.0
13.153	0.25	fixation	n/a	486.5	168.8	2828.0	n/a	n/a	n/a	n/a
13.405	0.016	saccade	n/a	490.9	169.3	n/a	513.7	168.7	0.81	61.0
13.423	0.174	fixation	n/a	509.1	168.3	2863.0	n/a	n/a	n/a	n/a
13.599	0.026	saccade	n/a	512.7	169.8	n/a	563.4	173.3	1.81	130.0
13.627	0.166	fixation	n/a	558.9	171.6	2861.0	n/a	n/a	n/a	n/a
13.795	0.058	saccade	n/a	559.4	172.1	n/a	151.0	217.4	14.55	526.0
13.855	0.146	fixation	n/a	147.8	219.1	2900.0	n/a	n/a	n/a	n/a
14.003	0.018	saccade	n/a	141.7	218.9	n/a	116.7	217.6	0.88	67.0
14.023	0.096	fixation	n/a	124.4	218.1	2873.0	n/a	n/a	n/a	n/a
14.121	0.032	saccade	n/a	128.7	221.0	n/a	219.8	222.5	3.22	238.0
14.155	0.23	fixation	n/a	222.0	220.2	2864.0	n/a	n/a	n/a	n/a
14.387	0.018	saccade	n/a	226.2	219.8	n/a	254.3	222.0	1.0	72.0
14.407	0.148	fixation	n/a	248.8	222.9	2831.0	n/a	n/a	n/a	n/a
14.557	0.036	saccade	n/a	250.6	222.4	n/a	374.0	224.2	4.41	298.0
14.595	0.346	fixation	n/a	379.6	220.6	2799.0	n/a	n/a	n/a	n/a
14.943	0.028	saccade	n/a	383.9	221.0	n/a	441.8	223.2	2.07	149.0
14.973	0.12	fixation	n/a	439.0	223.2	2760.0	n/a	n/a	n/a	n/a
15.095	0.026	saccade	n/a	443.3	223.8	n/a	491.8	222.0	1.73	119.0
15.123	0.138	fixation	n/a	487.5	221.3	2743.0	n/a	n/a	n/a	n/a
15.263	0.036	saccade	n/a	488.6	221.1	n/a	600.7	224.2	3.96	244.0
15.301	0.43	fixation	n/a	602.8	225.0	2713.0	n/a	n/a	n/a	n/a
15.733	0.018	saccade	n/a	606.7	225.2	n/a	632.6	225.6	0.91	64.0
15.753	0.29	fixation	n/a	628.9	229.5	2724.0	n/a	n/a	n/a	n/a
16.045	0.07	saccade	n/a	625.6	228.4	n/a	143.3	280.7	17.0	471.0
16.117	0.114	fixation	n/a	142.4	281.4	2878.0	n/a	n/a	n/a	n/a
16.233	0.018	saccade	n/a	136.0	281.2	n/a	106.6	284.4	1.03	78.0
16.253	0.536	fixation	n/a	114.3	286.2	2881.0	n/a	n/a	n/a	n/a
16.791	0.036	saccade	n/a	114.7	287.2	n/a	213.2	197.4	4.73	290.0
16.829	0.16	fixation	n/a	217.3	198.7	2877.0	n/a	n/a	n/a	n/a
16.991	0.028	saccade	n/a	220.5	197.0	n/a	241.9	145.7	2.01	148.0
17.021	0.108	fixation	n/a	237.8	150.1	2900.0	n/a	n/a	n/a	n/a
17.131	0.03	saccade	n/a	238.2	148.2	n/a	312.4	152.9	2.66	180.0
17.163	0.064	fixation	n/a	307.5	152.9	2900.0	n/a	n/a	n/a	n/a
17.229	0.04	saccade	n/a	307.9	152.2	n/a	138.7	282.0	7.59	399.0
17.271	0.358	fixation	n/a	137.3	288.3	2912.0	n/a	n/a	n/a	n/a
17.631	0.044	saccade	n/a	133.4	288.8	n/a	355.7	166.8	9.01	474.0
17.677	0.22	fixation	n/a	366.7	162.5	2893.0	n/a	n/a	n/a	n/a
17.899	0.03	saccade	n/a	364.8	159.7	n/a	311.8	147.0	1.95	145.0
17.931	0.144	fixation	n/a	317.1	151.0	2914.0	n/a	n/a	n/a	n/a
18.077	0.032	saccade	n/a	315.1	149.8	n/a	240.1	138.4	2.72	222.0
18.108	0.0	trigger_11	11	n/a	n/a	n/a	n/a	n/a	n/a	n/a
18.111	0.276	fixation	n/a	243.3	145.9	2931.0	n/a	n/a	n/a	n/a
18.214	0.0	trigger_10	10	n/a	n/a	n/a	n/a	n/a	n/a	n/a
18.389	0.03	saccade	n/a	239.7	147.8	n/a	179.4	146.2	2.15	187.0
18.421	0.096	fixation	n/a	181.1	148.0	2940.0	n/a	n/a	n/a	n/a
18.519	0.02	saccade	n/a	178.0	147.3	n/a	145.2	149.6	1.16	82.0
18.541	0.124	fixation	n/a	153.2	149.9	2958.0	n/a	n/a	n/a	n/a
18.667	0.036	saccade	n/a	154.3	150.8	n/a	266.3	154.7	3.99	276.0
18.705	0.23	fixation	n/a	270.0	152.3	2940.0	n/a	n/a	n/a	n/a
18.937	0.026	saccade	n/a	275.5	154.1	n/a	321.2	155.3	1.64	128.0
18.965	0.146	fixation	n/a	320.0	156.1	2903.0	n/a	n/a	n/a	n/a
19.113	0.016	saccade	n/a	317.3	155.4	n/a	291.7	154.2	0.92	72.0
19.131	0.256	fixation	n/a	298.8	152.4	2911.0	n/a	n/a	n/a	n/a
19.389	0.026	saccade	n/a	300.0	153.5	n/a	352.3	158.8	1.89	144.0
19.417	0.282	fixation	n/a	350.1	157.6	2919.0	n/a	n/a	n/a	n/a
19.701	0.03	saccade	n/a	352.1	156.3	n/a	412.4	159.8	2.17	158.0
19.733	0.3	fixation	n/a	412.4	158.2	2900.0	n/a	n/a	n/a	n/a
20.035	0.028	saccade	n/a	416.0	159.4	n/a	477.1	165.0	2.2	150.0
20.065	0.222	fixation	n/a	473.1	163.3	2873.0	n/a	n/a	n/a	n/a
20.289	0.036	saccade	n/a	475.8	163.1	n/a	594.0	174.2	4.22	252.0
20.327	0.43	fixation	n/a	609.2	170.5	2837.0	n/a	n/a	n/a	n/a
20.759	0.062	saccade	n/a	626.1	170.9	n/a	170.1	216.2	16.14	568.0
20.823	0.13	fixation	n/a	165.5	218.0	2884.0	n/a	n/a	n/a	n/a
20.955	0.016	saccade	n/a	159.9	220.3	n/a	133.8	220.0	0.92	75.0
20.973	0.462	fixation	n/a	141.9	221.6	2883.0	n/a	n/a	n/a	n/a
21.437	0.032	saccade	n/a	144.3	223.7	n/a	229.1	222.5	3.0	199.0
21.471	0.22	fixation	n/a	229.5	221.5	2871.0	n/a	n/a	n/a	n/a
21.693	0.034	saccade	n/a	231.8	223.0	n/a	328.3	225.6	3.45	236.0
21.729	0.316	fixation	n/a	324.3	226.5	2887.0	n/a	n/a	n/a	n/a
22.047	0.046	saccade	n/a	319.1	226.6	n/a	235.3	221.0	3.0	254.0
22.095	0.366	fixation	n/a	229.2	222.1	2887.0	n/a	n/a	n/a	n/a
22.463	0.032	saccade	n/a	231.2	222.4	n/a	313.6	224.9	2.94	214.0
22.497	1.136	fixation	n/a	318.7	224.0	2949.0	n/a	n/a	n/a	n/a
23.635	0.016	saccade	n/a	320.9	226.1	n/a	345.0	227.6	0.87	67.0
23.653	0.092	fixation	n/a	338.9	227.5	3004.0	n/a	n/a	n/a	n/a
23.747	0.018	saccade	n/a	341.7	227.1	n/a	367.7	226.4	0.93	69.0
23.767	0.636	fixation	n/a	360.8	228.9	2982.0	n/a	n/a	n/a	n/a
24.405	0.026	saccade	n/a	360.8	233.1	n/a	417.5	232.1	2.03	136.0
24.433	0.134	fixation	n/a	410.9	231.1	2985.0	n/a	n/a	n/a	n/a
24.569	0.042	saccade	n/a	411.8	228.5	n/a	598.9	175.9	6.9	360.0
24.613	0.284	fixation	n/a	610.8	175.2	2931.0	n/a	n/a	n/a	n/a
24.899	0.058	saccade	n/a	621.1	173.4	n/a	169.2	216.1	15.96	590.0
24.959	0.23	fixation	n/a	164.2	218.6	2921.0	n/a	n/a	n/a	n/a
25.142	0.0	trigger_11	11	n/a	n/a	n/a	n/a	n/a	n/a	n/a
25.191	0.036	saccade	n/a	158.2	220.1	n/a	255.8	159.2	4.11	287.0
25.229	0.196	fixation	n/a	261.8	161.5	2920.0	n/a	n/a	n/a	n/a
25.244	0.0	trigger_12	12	n/a	n/a	n/a	n/a	n/a	n/a	n/a
25.427	0.044	saccade	n/a	261.0	162.9	n/a	178.4	150.4	2.98	254.0
25.473	0.104	fixation	n/a	173.7	152.8	2927.0	n/a	n/a	n/a	n/a
25.579	0.02	saccade	n/a	170.6	156.3	n/a	143.2	157.2	0.97	82.0
25.601	0.166	fixation	n/a	148.9	158.2	2927.0	n/a	n/a	n/a	n/a
25.769	0.034	saccade	n/a	149.2	160.9	n/a	252.9	161.0	3.69	244.0
25.805	0.524	fixation	n/a	256.9	158.5	2931.0	n/a	n/a	n/a	n/a
26.331	0.036	saccade	n/a	264.5	159.4	n/a	380.2	163.4	4.16	256.0
26.369	0.43	fixation	n/a	382.6	159.8	2928.0	n/a	n/a	n/a	n/a
26.801	0.032	saccade	n/a	386.1	159.3	n/a	467.0	167.5	2.91	183.0
26.835	0.142	fixation	n/a	467.3	166.2	2885.0	n/a	n/a	n/a	n/a
26.979	0.016	saccade	n/a	473.1	165.2	n/a	494.3	165.8	0.76	58.0
26.997	0.336	fixation	n/a	490.5	166.5	2878.0	n/a	n/a	n/a	n/a
27.335	0.028	saccade	n/a	494.1	168.4	n/a	566.3	177.0	2.59	166.0
27.365	0.2	fixation	n/a	563.6	173.3	2831.0	n/a	n/a	n/a	n/a
27.567	0.022	saccade	n/a	567.5	171.8	n/a	604.7	171.1	1.31	95.0
27.591	0.07	fixation	n/a	598.4	171.1	2853.0	n/a	n/a	n/a	n/a
27.663	0.064	saccade	n/a	597.6	169.8	n/a	127.4	211.9	16.6	558.0
27.729	0.328	fixation	n/a	123.5	217.3	2896.0	n/a	n/a	n/a	n/a
28.059	0.028	saccade	n/a	122.7	218.2	n/a	179.8	226.0	2.03	148.0
28.089	0.256	fixation	n/a	180.8	221.7	2848.0	n/a	n/a	n/a	n/a
28.347	0.04	saccade	n/a	191.8	219.5	n/a	343.1	147.4	5.99	337.0
28.389	0.75	fixation	n/a	351.3	147.5	2812.0	n/a	n/a	n/a	n/a
28.79	0.0	trigger_13	13	n/a	n/a	n/a	n/a	n/a	n/a	n/a
29.141	0.054	saccade	n/a	350.7	149.8	n/a	160.9	205.7	7.06	423.0
29.197	0.196	fixation	n/a	153.9	214.2	2990.0	n/a	n/a	n/a	n/a
29.395	0.03	saccade	n/a	153.5	213.2	n/a	151.4	151.4	2.23	176.0
29.427	0.174	fixation	n/a	155.0	157.8	3034.0	n/a	n/a	n/a	n/a
29.603	0.028	saccade	n/a	157.5	157.1	n/a	218.5	153.9	2.17	152.0
29.633	0.194	fixation	n/a	217.3	154.7	3062.0	n/a	n/a	n/a	n/a
29.829	0.032	saccade	n/a	219.8	157.9	n/a	145.8	151.4	2.64	212.0
29.863	0.18	fixation	n/a	148.7	155.1	3077.0	n/a	n/a	n/a	n/a
30.045	0.034	saccade	n/a	147.1	159.1	n/a	165.4	240.0	2.98	221.0
30.081	0.24	fixation	n/a	167.7	239.7	3192.0	n/a	n/a	n/a	n/a
30.323	0.022	saccade	n/a	165.0	239.3	n/a	138.9	219.6	1.16	88.0
30.347	0.21	fixation	n/a	146.2	226.3	3222.0	n/a	n/a	n/a	n/a
30.559	0.03	saccade	n/a	146.2	226.7	n/a	125.6	167.7	2.24	160.0
30.591	0.222	fixation	n/a	128.9	172.0	3188.0	n/a	n/a	n/a	n/a
30.815	0.028	saccade	n/a	129.0	169.4	n/a	196.0	160.5	2.39	162.0
30.845	0.264	fixation	n/a	192.1	161.1	3184.0	n/a	n/a	n/a	n/a
31.111	0.07	saccade	n/a	198.5	170.7	n/a	228.6	172.4	1.07	327.0
31.183	0.106	fixation	n/a	223.5	170.0	3214.0	n/a	n/a	n/a	n/a
31.291	0.034	saccade	n/a	223.1	169.3	n/a	158.1	226.4	3.1	244.0
31.327	0.162	fixation	n/a	155.0	221.2	3188.0	n/a	n/a	n/a	n/a
31.491	0.126	saccade	n/a	161.7	223.4	n/a	119.2	239.5	1.6	652.0
31.539	0.014	blink	n/a	n/a	n/a	n/a	n/a	n/a	n/a	n/a
31.619	0.126	fixation	n/a	116.2	237.8	3182.0	n/a	n/a	n/a	n/a
31.747	0.148	saccade	n/a	117.1	238.1	n/a	134.7	277.0	1.52	768.0
31.791	0.04	blink	n/a	n/a	n/a	n/a	n/a	n/a	n/a	n/a
31.897	0.308	fixation	n/a	133.7	273.0	3207.0	n/a	n/a	n/a	n/a
32.207	0.018	saccade	n/a	135.0	269.8	n/a	125.8	243.9	0.98	73.0
32.227	0.21	fixation	n/a	129.8	248.2	3203.0	n/a	n/a	n/a	n/a
32.439	0.034	saccade	n/a	130.0	250.0	n/a	149.6	337.9	3.2	197.0
32.475	0.342	fixation	n/a	148.5	329.8	3179.0	n/a	n/a	n/a	n/a
32.819	0.032	saccade	n/a	153.7	329.0	n/a	140.6	261.1	2.46	187.0
32.853	0.14	fixation	n/a	142.0	263.6	3129.0	n/a	n/a	n/a	n/a
32.995	0.024	saccade	n/a	141.0	258.8	n/a	132.9	220.8	1.39	114.0
33.021	0.274	fixation	n/a	136.2	226.8	3106.0	n/a	n/a	n/a	n/a
33.297	0.016	saccade	n/a	138.0	226.3	n/a	158.7	222.6	0.74	56.0
33.315	0.346	fixation	n/a	158.7	225.3	3149.0	n/a	n/a	n/a	n/a
33.43	0.0	trigger_15	15	n/a	n/a	n/a	n/a	n/a	n/a	n/a
33.49	0.0	trigger_10	10	n/a	n/a	n/a	n/a	n/a	n/a	n/a
33.663	0.032	saccade	n/a	157.0	220.5	n/a	134.3	153.4	2.55	190.0
33.697	0.222	fixation	n/a	137.8	159.3	3204.0	n/a	n/a	n/a	n/a
33.921	0.034	saccade	n/a	137.2	159.4	n/a	241.0	166.0	3.69	244.0
33.957	0.2	fixation	n/a	238.4	165.1	3176.0	n/a	n/a	n/a	n/a
34.159	0.034	saccade	n/a	239.3	167.3	n/a	341.2	169.1	3.65	241.0
34.195	0.202	fixation	n/a	342.0	168.3	3117.0	n/a	n/a	n/a	n/a
34.399	0.026	saccade	n/a	348.0	169.8	n/a	393.2	170.2	1.63	116.0
34.427	0.198	fixation	n/a	391.3	170.1	3100.0	n/a	n/a	n/a	n/a
34.627	0.022	saccade	n/a	394.7	168.0	n/a	439.2	169.5	1.6	107.0
34.651	0.206	fixation	n/a	434.7	170.9	3058.0	n/a	n/a	n/a	n/a
34.859	0.022	saccade	n/a	439.6	170.6	n/a	482.6	171.5	1.54	110.0
34.883	0.562	fixation	n/a	478.9	171.4	2997.0	n/a	n/a	n/a	n/a
35.447	0.03	saccade	n/a	482.7	174.6	n/a	553.5	180.6	2.53	154.0
35.479	0.264	fixation	n/a	551.4	176.0	2945.0	n/a	n/a	n/a	n/a
35.745	0.056	saccade	n/a	565.4	176.2	n/a	161.3	223.5	14.38	537.0
35.803	0.226	fixation	n/a	157.7	227.4	2997.0	n/a	n/a	n/a	n/a
36.031	0.02	saccade	n/a	153.6	231.5	n/a	119.1	229.9	1.21	86.0
36.053	0.172	fixation	n/a	125.5	228.8	2969.0	n/a	n/a	n/a	n/a
36.227	0.034	saccade	n/a	124.5	227.6	n/a	237.4	230.8	3.99	278.0
36.263	0.446	fixation	n/a	237.5	226.6	2924.0	n/a	n/a	n/a	n/a
36.711	0.014	saccade	n/a	241.6	225.1	n/a	257.4	225.8	0.56	48.0
36.727	0.44	fixation	n/a	255.6	223.8	2903.0	n/a	n/a	n/a	n/a
37.169	0.032	saccade	n/a	259.1	225.0	n/a	334.5	225.2	2.7	188.0
37.203	0.216	fixation	n/a	334.1	222.4	2905.0	n/a	n/a	n/a	n/a
37.421	0.028	saccade	n/a	337.1	224.4	n/a	392.7	228.6	2.01	136.0
37.451	0.462	fixation	n/a	388.7	229.7	2944.0	n/a	n/a	n/a	n/a
37.915	0.02	saccade	n/a	391.4	233.4	n/a	428.4	231.3	1.33	94.0
37.937	0.488	fixation	n/a	422.4	229.3	2949.0	n/a	n/a	n/a	n/a
38.427	0.024	saccade	n/a	422.9	230.2	n/a	472.4	234.2	1.78	120.0
38.453	0.288	fixation	n/a	468.3	231.7	2993.0	n/a	n/a	n/a	n/a
38.743	0.03	saccade	n/a	468.2	230.0	n/a	534.6	233.2	2.37	155.0
38.775	0.228	fixation	n/a	529.9	232.6	3037.0	n/a	n/a	n/a	n/a
39.005	0.02	saccade	n/a	533.2	233.4	n/a	568.3	235.8	1.25	84.0
39.027	0.176	fixation	n/a	562.2	236.7	3032.0	n/a	n/a	n/a	n/a
39.205	0.056	saccade	n/a	561.0	237.6	n/a	151.6	283.7	14.56	556.0
39.263	0.48	fixation	n/a	147.7	288.3	3032.0	n/a	n/a	n/a	n/a
39.745	0.016	saccade	n/a	148.9	288.7	n/a	174.2	291.7	0.9	70.0
39.763	0.118	fixation	n/a	170.0	292.3	3006.0	n/a	n/a	n/a	n/a
39.883	0.032	saccade	n/a	172.3	292.2	n/a	259.1	285.8	3.09	227.0
39.917	0.15	fixation	n/a	258.9	287.5	3014.0	n/a	n/a	n/a	n/a
40.069	0.034	saccade	n/a	261.6	287.4	n/a	354.1	289.3	3.31	224.0
40.105	0.272	fixation	n/a	354.4	288.9	2993.0	n/a	n/a	n/a	n/a
40.379	0.03	saccade	n/a	357.6	290.4	n/a	433.4	292.7	2.71	190.0
40.411	0.23	fixation	n/a	431.8	290.8	2932.0	n/a	n/a	n/a	n/a
40.643	0.03	saccade	n/a	434.6	289.0	n/a	494.7	289.3	2.14	144.0
40.675	0.164	fixation	n/a	492.6	289.4	2885.0	n/a	n/a	n/a	n/a
40.841	0.032	saccade	n/a	495.4	290.7	n/a	581.4	287.8	3.05	201.0
40.875	0.194	fixation	n/a	579.7	287.6	2818.0	n/a	n/a	n/a	n/a
41.071	0.058	saccade	n/a	579.3	286.0	n/a	150.5	330.1	15.15	509.0
41.131	0.102	fixation	n/a	151.3	334.3	2863.0	n/a	n/a	n/a	n/a
41.235	0.018	saccade	n/a	148.7	338.6	n/a	120.1	344.7	1.02	80.0
41.255	0.85	fixation	n/a	118.3	349.3	2835.0	n/a	n/a	n/a	n/a
42.107	0.014	saccade	n/a	121.2	349.7	n/a	137.6	350.5	0.58	49.0
42.123	0.122	fixation	n/a	134.9	351.9	2874.0	n/a	n/a	n/a	n/a
42.247	0.036	saccade	n/a	134.1	350.1	n/a	244.5	248.4	5.34	321.0
42.285	1.038	fixation	n/a	248.0	239.5	2914.0	n/a	n/a	n/a	n/a
43.325	0.034	saccade	n/a	247.3	247.9	n/a	166.4	317.4	3.81	208.0
43.361	0.194	fixation	n/a	171.5	316.5	3062.0	n/a	n/a	n/a	n/a
43.557	0.034	saccade	n/a	173.0	319.1	n/a	239.3	226.5	4.09	287.0
43.593	0.27	fixation	n/a	241.8	229.5	3146.0	n/a	n/a	n/a	n/a
43.688	0.0	trigger_11	11	n/a	n/a	n/a	n/a	n/a	n/a	n/a
43.792	0.0	trigger_10	10	n/a	n/a	n/a	n/a	n/a	n/a	n/a
43.865	0.032	saccade	n/a	242.6	225.6	n/a	181.1	164.6	3.12	240.0
43.899	0.096	fixation	n/a	187.6	169.8	3085.0	n/a	n/a	n/a	n/a
43.997	0.024	saccade	n/a	185.2	171.1	n/a	146.1	167.2	1.4	106.0
44.023	0.154	fixation	n/a	152.1	168.1	3015.0	n/a	n/a	n/a	n/a
44.179	0.028	saccade	n/a	154.1	167.3	n/a	213.4	163.6	2.11	158.0
44.209	0.294	fixation	n/a	211.0	163.4	2949.0	n/a	n/a	n/a	n/a
44.505	0.02	saccade	n/a	213.7	162.3	n/a	251.7	162.1	1.36	95.0
44.527	0.166	fixation	n/a	248.0	162.5	2897.0	n/a	n/a	n/a	n/a
44.695	0.026	saccade	n/a	253.0	164.3	n/a	307.0	167.6	1.95	142.0
44.723	0.116	fixation	n/a	302.9	166.0	2892.0	n/a	n/a	n/a	n/a
44.841	0.028	saccade	n/a	307.4	166.5	n/a	361.9	173.7	1.98	144.0
44.871	0.21	fixation	n/a	359.1	171.9	2890.0	n/a	n/a	n/a	n/a
45.083	0.03	saccade	n/a	360.5	170.5	n/a	430.3	169.8	2.52	159.0
45.115	0.126	fixation	n/a	427.7	169.1	2851.0	n/a	n/a	n/a	n/a
45.243	0.022	saccade	n/a	433.0	170.1	n/a	472.7	172.4	1.43	100.0
45.267	0.124	fixation	n/a	466.7	170.1	2820.0	n/a	n/a	n/a	n/a
45.393	0.034	saccade	n/a	469.8	170.5	n/a	569.3	172.5	3.55	209.0
45.429	0.148	fixation	n/a	568.7	171.9	2780.0	n/a	n/a	n/a	n/a
45.579	0.06	saccade	n/a	570.3	170.9	n/a	138.4	212.6	15.36	558.0
45.641	0.34	fixation	n/a	143.4	219.6	2788.0	n/a	n/a	n/a	n/a
45.983	0.03	saccade	n/a	146.4	222.4	n/a	214.9	226.2	2.44	177.0
46.015	0.296	fixation	n/a	207.4	224.7	2791.0	n/a	n/a	n/a	n/a
46.313	0.026	saccade	n/a	204.0	225.1	n/a	246.1	225.1	1.51	109.0
46.341	0.14	fixation	n/a	242.4	225.7	2815.0	n/a	n/a	n/a	n/a
46.483	0.022	saccade	n/a	239.5	224.7	n/a	206.6	219.8	1.19	94.0
46.507	0.222	fixation	n/a	213.1	223.0	2805.0	n/a	n/a	n/a	n/a
46.731	0.038	saccade	n/a	211.8	222.9	n/a	340.9	227.6	4.63	288.0
46.771	0.314	fixation	n/a	339.3	225.9	2791.0	n/a	n/a	n/a	n/a
47.087	0.024	saccade	n/a	335.7	226.9	n/a	380.4	226.9	1.61	112.0
47.113	0.304	fixation	n/a	379.5	227.0	2790.0	n/a	n/a	n/a	n/a
47.419	0.036	saccade	n/a	390.3	228.5	n/a	518.5	232.7	4.59	279.0
47.457	0.254	fixation	n/a	519.5	231.0	2779.0	n/a	n/a	n/a	n/a
47.713	0.032	saccade	n/a	521.5	229.6	n/a	616.2	234.2	3.35	194.0
47.747	0.202	fixation	n/a	613.8	234.3	2758.0	n/a	n/a	n/a	n/a
47.951	0.018	saccade	n/a	619.2	234.1	n/a	650.8	236.3	1.11	78.0
47.971	0.138	fixation	n/a	645.1	236.7	2751.0	n/a	n/a	n/a	n/a
48.111	0.088	saccade	n/a	645.4	237.2	n/a	203.5	265.8	15.57	508.0
48.201	0.08	fixation	n/a	210.4	270.8	2801.0	n/a	n/a	n/a	n/a
48.283	0.032	saccade	n/a	209.1	272.8	n/a	140.4	283.8	2.46	204.0
48.317	0.408	fixation	n/a	134.2	287.0	2806.0	n/a	n/a	n/a	n/a
48.727	0.032	saccade	n/a	130.7	289.4	n/a	216.5	292.3	3.03	210.0
48.761	0.412	fixation	n/a	217.6	290.0	2793.0	n/a	n/a	n/a	n/a
49.175	0.028	saccade	n/a	220.5	287.4	n/a	279.9	288.6	2.11	160.0
49.205	0.298	fixation	n/a	279.3	289.2	2794.0	n/a	n/a	n/a	n/a
49.505	0.05	saccade	n/a	279.6	289.5	n/a	575.7	246.3	10.63	436.0
49.557	0.064	fixation	n/a	585.9	244.8	2745.0	n/a	n/a	n/a	n/a
49.623	0.026	saccade	n/a	590.7	244.7	n/a	631.0	238.8	1.43	107.0
49.651	0.102	fixation	n/a	627.9	238.5	2766.0	n/a	n/a	n/a	n/a
49.755	0.022	saccade	n/a	631.6	237.0	n/a	670.3	238.3	1.35	95.0
49.779	0.054	fixation	n/a	664.9	240.0	2768.0	n/a	n/a	n/a	n/a
49.835	0.06	saccade	n/a	665.7	239.7	n/a	329.6	281.2	11.95	568.0
49.897	0.13	fixation	n/a	321.4	283.5	2833.0	n/a	n/a	n/a	n/a
50.029	0.026	saccade	n/a	317.8	282.4	n/a	282.3	280.9	1.27	124.0
50.057	0.446	fixation	n/a	281.6	283.5	2818.0	n/a	n/a	n/a	n/a
50.505	0.036	saccade	n/a	282.0	284.0	n/a	418.6	289.6	4.88	306.0
50.543	0.202	fixation	n/a	420.0	289.1	2825.0	n/a	n/a	n/a	n/a
50.747	0.018	saccade	n/a	423.1	288.7	n/a	452.2	288.8	1.04	76.0
50.767	0.246	fixation	n/a	448.3	289.1	2832.0	n/a	n/a	n/a	n/a
51.015	0.034	saccade	n/a	448.2	287.1	n/a	550.4	288.4	3.63	230.0
51.051	0.17	fixation	n/a	550.4	286.1	2785.0	n/a	n/a	n/a	n/a
51.223	0.024	saccade	n/a	553.9	283.6	n/a	595.4	285.8	1.46	105.0
51.249	0.154	fixation	n/a	590.5	286.2	2767.0	n/a	n/a	n/a	n/a
51.405	0.066	saccade	n/a	592.1	285.4	n/a	138.3	345.5	16.04	507.0
51.473	0.454	fixation	n/a	137.5	349.4	2818.0	n/a	n/a	n/a	n/a
51.929	0.03	saccade	n/a	138.0	349.6	n/a	213.8	344.8	2.67	183.0
51.961	0.256	fixation	n/a	217.8	345.3	2838.0	n/a	n/a	n/a	n/a
52.219	0.032	saccade	n/a	224.7	347.4	n/a	138.2	347.7	3.05	238.0
52.253	0.2	fixation	n/a	138.7	346.9	2839.0	n/a	n/a	n/a	n/a
52.455	0.03	saccade	n/a	138.4	346.4	n/a	217.9	346.4	2.79	216.0
52.487	0.17	fixation	n/a	218.4	345.4	2829.0	n/a	n/a	n/a	n/a
52.659	0.032	saccade	n/a	220.5	344.8	n/a	317.3	351.9	3.44	242.0
52.693	0.212	fixation	n/a	319.7	351.2	2830.0	n/a	n/a	n/a	n/a
52.907	0.036	saccade	n/a	323.1	352.2	n/a	433.3	351.9	3.92	256.0
52.945	0.162	fixation	n/a	432.4	353.1	2813.0	n/a	n/a	n/a	n/a
53.109	0.02	saccade	n/a	436.7	353.6	n/a	469.6	354.6	1.17	82.0
53.131	0.214	fixation	n/a	466.2	354.2	2761.0	n/a	n/a	n/a	n/a
53.347	0.032	saccade	n/a	469.5	352.2	n/a	573.5	352.8	3.67	217.0
53.381	0.224	fixation	n/a	572.7	349.7	2694.0	n/a	n/a	n/a	n/a
53.607	0.022	saccade	n/a	578.4	350.3	n/a	621.4	351.5	1.5	107.0
53.631	0.232	fixation	n/a	614.9	350.2	2692.0	n/a	n/a	n/a	n/a
53.865	0.028	saccade	n/a	612.5	350.2	n/a	564.5	343.7	1.69	150.0
53.895	0.106	fixation	n/a	569.3	347.1	2700.0	n/a	n/a	n/a	n/a
54.003	0.028	saccade	n/a	570.3	346.4	n/a	624.0	350.8	1.88	133.0
54.033	0.052	fixation	n/a	619.2	350.9	2686.0	n/a	n/a	n/a	n/a
54.087	0.06	saccade	n/a	618.9	350.1	n/a	160.7	392.2	16.03	551.0
54.149	0.104	fixation	n/a	161.3	397.4	2766.0	n/a	n/a	n/a	n/a
54.255	0.022	saccade	n/a	155.6	398.4	n/a	127.7	395.0	0.98	88.0
54.279	0.28	fixation	n/a	133.0	398.5	2736.0	n/a	n/a	n/a	n/a
54.561	0.02	saccade	n/a	137.9	401.6	n/a	172.2	409.3	1.23	87.0
54.583	0.24	fixation	n/a	166.0	409.7	2747.0	n/a	n/a	n/a	n/a
54.825	0.034	saccade	n/a	167.2	408.9	n/a	283.4	408.3	4.07	268.0
54.861	0.332	fixation	n/a	284.6	408.1	2804.0	n/a	n/a	n/a	n/a
55.195	0.016	saccade	n/a	289.6	406.9	n/a	311.2	407.7	0.76	62.0
55.213	0.328	fixation	n/a	308.1	408.4	2840.0	n/a	n/a	n/a	n/a
55.543	0.036	saccade	n/a	309.0	408.5	n/a	436.5	415.0	4.51	260.0
55.581	0.248	fixation	n/a	436.2	411.3	2874.0	n/a	n/a	n/a	n/a
55.831	0.026	saccade	n/a	441.1	409.2	n/a	489.5	409.7	1.7	124.0
55.859	0.124	fixation	n/a	485.1	410.9	2895.0	n/a	n/a	n/a	n/a
55.985	0.03	saccade	n/a	484.8	412.0	n/a	413.8	407.1	2.51	184.0
56.017	0.346	fixation	n/a	417.7	412.0	2932.0	n/a	n/a	n/a	n/a
56.365	0.034	saccade	n/a	417.3	412.5	n/a	511.3	408.3	3.31	190.0
56.401	0.08	fixation	n/a	507.3	408.4	2905.0	n/a	n/a	n/a	n/a
56.483	0.028	saccade	n/a	510.1	410.1	n/a	563.5	415.3	1.88	133.0
56.513	0.132	fixation	n/a	558.3	413.0	2902.0	n/a	n/a	n/a	n/a
56.647	0.046	saccade	n/a	558.6	412.0	n/a	317.9	255.4	10.16	517.0
56.695	0.284	fixation	n/a	324.3	253.2	2977.0	n/a	n/a	n/a	n/a
56.72	0.0	trigger_11	11	n/a	n/a	n/a	n/a	n/a	n/a	n/a
56.824	0.0	trigger_10	10	n/a	n/a	n/a	n/a	n/a	n/a	n/a
56.981	0.048	saccade	n/a	324.2	253.4	n/a	216.8	213.9	4.1	332.0
57.031	0.054	fixation	n/a	210.0	212.7	2945.0	n/a	n/a	n/a	n/a
57.087	0.03	saccade	n/a	209.9	209.9	n/a	181.1	157.4	2.16	178.0
57.119	0.086	fixation	n/a	181.9	160.2	2906.0	n/a	n/a	n/a	n/a
57.207	0.016	saccade	n/a	177.4	158.1	n/a	158.3	152.0	0.71	58.0
57.225	0.162	fixation	n/a	162.6	152.6	2868.0	n/a	n/a	n/a	n/a
57.389	0.034	saccade	n/a	162.5	151.5	n/a	269.6	159.9	3.84	242.0
57.425	0.452	fixation	n/a	266.6	159.6	2851.0	n/a	n/a	n/a	n/a
57.879	0.034	saccade	n/a	258.7	157.6	n/a	170.2	151.9	3.16	232.0
57.915	0.116	fixation	n/a	174.8	156.1	2867.0	n/a	n/a	n/a	n/a
58.033	0.036	saccade	n/a	176.8	157.6	n/a	289.9	163.0	4.05	280.0
58.071	0.124	fixation	n/a	295.2	163.6	2859.0	n/a	n/a	n/a	n/a
58.197	0.026	saccade	n/a	300.2	163.7	n/a	350.9	166.5	1.83	126.0
58.225	0.16	fixation	n/a	348.4	165.2	2872.0	n/a	n/a	n/a	n/a
58.387	0.036	saccade	n/a	351.2	166.8	n/a	476.2	170.5	4.5	285.0
58.425	0.232	fixation	n/a	479.8	169.5	2836.0	n/a	n/a	n/a	n/a
58.659	0.034	saccade	n/a	483.0	169.8	n/a	577.8	172.4	3.38	220.0
58.695	0.122	fixation	n/a	577.4	171.1	2797.0	n/a	n/a	n/a	n/a
58.819	0.054	saccade	n/a	578.8	171.6	n/a	173.2	217.1	14.48	568.0
58.875	0.134	fixation	n/a	168.0	220.0	2803.0	n/a	n/a	n/a	n/a
59.011	0.02	saccade	n/a	161.2	222.0	n/a	129.6	219.7	1.12	86.0
59.033	0.23	fixation	n/a	138.0	222.8	2776.0	n/a	n/a	n/a	n/a
59.265	0.026	saccade	n/a	141.6	224.4	n/a	194.4	225.5	1.87	134.0
59.293	0.362	fixation	n/a	190.0	225.3	2767.0	n/a	n/a	n/a	n/a
59.657	0.03	saccade	n/a	192.6	224.9	n/a	272.8	224.4	2.86	205.0
59.689	0.188	fixation	n/a	271.3	225.3	2754.0	n/a	n/a	n/a	n/a
59.879	0.018	saccade	n/a	276.4	227.4	n/a	306.1	228.1	1.07	78.0
59.899	0.276	fixation	n/a	302.1	230.5	2786.0	n/a	n/a	n/a	n/a
60.177	0.018	saccade	n/a	307.1	232.2	n/a	335.7	232.0	1.03	73.0
60.197	0.128	fixation	n/a	331.2	228.7	2779.0	n/a	n/a	n/a	n/a
60.327	0.018	saccade	n/a	335.4	230.3	n/a	364.4	231.4	1.04	78.0
60.347	0.15	fixation	n/a	359.5	230.5	2767.0	n/a	n/a	n/a	n/a
60.499	0.038	saccade	n/a	358.7	229.4	n/a	492.3	230.2	4.78	284.0
60.539	0.79	fixation	n/a	501.4	232.9	2767.0	n/a	n/a	n/a	n/a
61.331	0.032	saccade	n/a	504.0	233.8	n/a	584.9	234.0	2.86	185.0
61.365	0.204	fixation	n/a	580.8	233.0	2737.0	n/a	n/a	n/a	n/a
61.571	0.022	saccade	n/a	583.6	234.1	n/a	626.0	235.6	1.49	101.0
61.595	0.326	fixation	n/a	621.2	233.0	2737.0	n/a	n/a	n/a	n/a
61.923	0.066	saccade	n/a	622.1	232.8	n/a	165.0	286.0	16.18	525.0
61.991	0.094	fixation	n/a	167.2	287.7	2777.0	n/a	n/a	n/a	n/a
62.087	0.026	saccade	n/a	162.1	290.4	n/a	130.2	285.4	1.14	99.0
62.115	0.142	fixation	n/a	134.6	286.7	2747.0	n/a	n/a	n/a	n/a
62.259	0.03	saccade	n/a	135.0	285.9	n/a	200.4	286.6	2.31	172.0
62.291	0.574	fixation	n/a	208.7	288.5	2740.0	n/a	n/a	n/a	n/a
62.867	0.034	saccade	n/a	214.3	287.5	n/a	320.4	287.9	3.78	240.0
62.903	0.312	fixation	n/a	322.9	289.3	2762.0	n/a	n/a	n/a	n/a
63.217	0.024	saccade	n/a	319.9	289.3	n/a	282.0	285.4	1.36	123.0
63.243	0.096	fixation	n/a	288.3	287.0	2790.0	n/a	n/a	n/a	n/a
63.341	0.022	saccade	n/a	292.6	288.7	n/a	334.6	289.5	1.5	113.0
63.365	0.236	fixation	n/a	330.4	288.5	2781.0	n/a	n/a	n/a	n/a
63.603	0.032	saccade	n/a	331.7	288.1	n/a	408.8	287.1	2.75	188.0
63.637	0.264	fixation	n/a	409.8	285.5	2801.0	n/a	n/a	n/a	n/a
63.903	0.03	saccade	n/a	414.8	284.5	n/a	481.2	241.5	2.83	164.0
63.935	0.312	fixation	n/a	480.7	241.1	2829.0	n/a	n/a	n/a	n/a
64.249	0.026	saccade	n/a	481.1	246.4	n/a	464.9	288.6	1.62	114.0
64.277	0.18	fixation	n/a	465.8	283.8	2827.0	n/a	n/a	n/a	n/a
64.459	0.02	saccade	n/a	467.5	285.3	n/a	504.9	286.0	1.33	91.0
64.481	0.204	fixation	n/a	498.6	286.1	2843.0	n/a	n/a	n/a	n/a
64.687	0.03	saccade	n/a	499.2	282.9	n/a	478.2	227.0	2.15	158.0
64.719	0.212	fixation	n/a	483.3	231.7	2844.0	n/a	n/a	n/a	n/a
64.933	0.014	saccade	n/a	489.5	230.8	n/a	509.1	230.2	0.7	59.0
64.949	0.168	fixation	n/a	506.8	231.4	2837.0	n/a	n/a	n/a	n/a
65.119	0.028	saccade	n/a	505.1	230.2	n/a	463.1	197.2	1.92	154.0
65.149	0.342	fixation	n/a	466.1	198.5	2885.0	n/a	n/a	n/a	n/a
65.232	0.0	trigger_11	11	n/a	n/a	n/a	n/a	n/a	n/a	n/a
65.342	0.0	trigger_10	10	n/a	n/a	n/a	n/a	n/a	n/a	n/a
65.493	0.056	saccade	n/a	464.0	197.2	n/a	252.9	158.2	7.7	444.0
65.551	0.068	fixation	n/a	245.9	159.5	2950.0	n/a	n/a	n/a	n/a
65.621	0.032	saccade	n/a	243.3	160.4	n/a	173.8	151.3	2.5	184.0
65.655	0.242	fixation	n/a	174.8	154.3	2925.0	n/a	n/a	n/a	n/a
65.899	0.022	saccade	n/a	177.6	157.4	n/a	210.5	158.5	1.17	93.0
65.923	0.13	fixation	n/a	206.4	158.9	2917.0	n/a	n/a	n/a	n/a
66.055	0.034	saccade	n/a	210.1	161.0	n/a	319.0	167.7	3.91	279.0
66.091	0.194	fixation	n/a	321.8	165.0	2886.0	n/a	n/a	n/a	n/a
66.287	0.03	saccade	n/a	325.3	164.4	n/a	404.0	162.0	2.83	194.0
66.319	0.128	fixation	n/a	402.7	161.6	2896.0	n/a	n/a	n/a	n/a
66.449	0.03	saccade	n/a	406.5	162.7	n/a	488.0	168.9	2.94	198.0
66.481	0.114	fixation	n/a	484.5	168.4	2877.0	n/a	n/a	n/a	n/a
66.597	0.028	saccade	n/a	487.2	167.8	n/a	543.0	172.8	2.0	138.0
66.627	0.194	fixation	n/a	538.8	170.9	2862.0	n/a	n/a	n/a	n/a
66.823	0.054	saccade	n/a	540.0	171.0	n/a	176.6	211.7	12.99	530.0
66.879	0.116	fixation	n/a	172.2	213.6	2896.0	n/a	n/a	n/a	n/a
66.997	0.024	saccade	n/a	167.9	213.8	n/a	140.1	217.8	0.99	97.0
67.023	0.196	fixation	n/a	143.4	219.2	2897.0	n/a	n/a	n/a	n/a
67.221	0.032	saccade	n/a	145.8	220.1	n/a	233.0	229.7	3.11	214.0
67.255	0.288	fixation	n/a	237.3	229.0	2906.0	n/a	n/a	n/a	n/a
67.545	0.02	saccade	n/a	239.3	229.0	n/a	276.6	228.9	1.33	95.0
67.567	0.128	fixation	n/a	269.7	228.2	2863.0	n/a	n/a	n/a	n/a
67.697	0.024	saccade	n/a	275.9	228.7	n/a	317.9	232.6	1.51	114.0
67.723	0.154	fixation	n/a	313.1	228.8	2853.0	n/a	n/a	n/a	n/a
67.879	0.034	saccade	n/a	314.5	227.0	n/a	406.5	229.3	3.3	208.0
67.915	0.194	fixation	n/a	405.8	229.9	2860.0	n/a	n/a	n/a	n/a
68.111	0.028	saccade	n/a	410.1	230.2	n/a	456.8	232.4	1.68	122.0
68.141	0.114	fixation	n/a	452.5	229.0	2842.0	n/a	n/a	n/a	n/a
68.257	0.028	saccade	n/a	451.4	232.0	n/a	403.0	230.6	1.74	136.0
68.287	0.232	fixation	n/a	407.6	231.9	2842.0	n/a	n/a	n/a	n/a
68.521	0.022	saccade	n/a	407.4	231.7	n/a	443.8	219.8	1.37	91.0
68.545	0.032	fixation	n/a	439.1	220.4	2833.0	n/a	n/a	n/a	n/a
68.579	0.036	saccade	n/a	437.3	222.1	n/a	343.8	168.4	3.88	289.0
68.617	0.222	fixation	n/a	343.1	168.8	2843.0	n/a	n/a	n/a	n/a
68.841	0.046	saccade	n/a	341.3	167.2	n/a	439.9	214.2	3.92	303.0
68.889	0.104	fixation	n/a	448.8	224.4	2845.0	n/a	n/a	n/a	n/a
68.995	0.024	saccade	n/a	451.8	228.6	n/a	497.6	233.7	1.65	121.0
69.021	0.114	fixation	n/a	492.7	230.7	2833.0	n/a	n/a	n/a	n/a
69.137	0.05	saccade	n/a	493.4	227.9	n/a	369.8	166.3	4.95	383.0
69.189	0.16	fixation	n/a	363.4	166.2	2850.0	n/a	n/a	n/a	n/a
69.351	0.026	saccade	n/a	361.7	167.9	n/a	326.3	160.8	1.3	112.0
69.379	0.4	fixation	n/a	328.6	163.7	2843.0	n/a	n/a	n/a	n/a
69.498	0.0	trigger_11	11	n/a	n/a	n/a	n/a	n/a	n/a	n/a
69.6	0.0	trigger_12	12	n/a	n/a	n/a	n/a	n/a	n/a	n/a
69.781	0.022	saccade	n/a	326.1	164.8	n/a	294.6	154.2	1.19	95.0
69.805	0.13	fixation	n/a	302.5	158.5	2842.0	n/a	n/a	n/a	n/a
69.937	0.036	saccade	n/a	300.6	159.3	n/a	166.8	153.6	4.78	315.0
69.975	0.292	fixation	n/a	169.7	157.2	2848.0	n/a	n/a	n/a	n/a
70.269	0.036	saccade	n/a	167.9	157.1	n/a	275.1	164.8	3.83	237.0
70.307	0.578	fixation	n/a	281.4	164.8	2862.0	n/a	n/a	n/a	n/a
70.887	0.038	saccade	n/a	289.6	165.5	n/a	427.0	169.9	4.93	289.0
70.927	0.26	fixation	n/a	430.5	171.0	2881.0	n/a	n/a	n/a	n/a
71.189	0.034	saccade	n/a	430.7	173.1	n/a	528.5	177.3	3.5	231.0
71.225	0.11	fixation	n/a	526.3	175.6	2860.0	n/a	n/a	n/a	n/a
71.337	0.052	saccade	n/a	526.7	175.3	n/a	166.6	210.1	12.83	528.0
71.391	0.094	fixation	n/a	163.1	213.7	2885.0	n/a	n/a	n/a	n/a
71.487	0.024	saccade	n/a	161.6	217.4	n/a	128.8	225.6	1.19	98.0
71.513	0.136	fixation	n/a	131.4	223.8	2855.0	n/a	n/a	n/a	n/a
71.651	0.04	saccade	n/a	128.1	221.6	n/a	272.0	163.9	5.51	324.0
71.693	0.226	fixation	n/a	279.6	160.4	2859.0	n/a	n/a	n/a	n/a
71.921	0.014	saccade	n/a	285.0	161.1	n/a	301.6	157.4	0.61	51.0
71.937	0.572	fixation	n/a	298.7	159.1	2887.0	n/a	n/a	n/a	n/a
72.026	0.0	trigger_13	13	n/a	n/a	n/a	n/a	n/a	n/a	n/a
72.511	0.034	saccade	n/a	296.6	158.5	n/a	204.1	150.6	3.32	249.0
72.547	0.046	fixation	n/a	205.9	151.6	2998.0	n/a	n/a	n/a	n/a
72.595	0.026	saccade	n/a	198.6	151.4	n/a	156.1	149.3	1.51	146.0
72.623	0.266	fixation	n/a	162.6	156.4	3043.0	n/a	n/a	n/a	n/a
72.891	0.032	saccade	n/a	163.3	153.7	n/a	241.7	163.4	2.81	198.0
72.925	0.198	fixation	n/a	239.8	160.9	3124.0	n/a	n/a	n/a	n/a
73.125	0.034	saccade	n/a	240.7	160.0	n/a	145.6	224.9	4.1	273.0
73.161	0.236	fixation	n/a	148.5	226.0	3114.0	n/a	n/a	n/a	n/a
73.399	0.032	saccade	n/a	148.5	232.5	n/a	154.2	296.4	2.29	147.0
73.433	0.372	fixation	n/a	145.3	289.4	3121.0	n/a	n/a	n/a	n/a
73.807	0.086	saccade	n/a	139.0	309.5	n/a	141.3	324.6	0.54	377.0
73.895	0.382	fixation	n/a	143.0	318.0	3092.0	n/a	n/a	n/a	n/a
74.279	0.11	saccade	n/a	162.1	328.8	n/a	137.9	331.9	0.85	422.0
74.391	0.112	fixation	n/a	138.5	324.5	3089.0	n/a	n/a	n/a	n/a
74.505	0.142	saccade	n/a	145.2	326.9	n/a	133.5	305.1	0.87	567.0
74.551	0.03	blink	n/a	n/a	n/a	n/a	n/a	n/a	n/a	n/a
74.649	0.264	fixation	n/a	134.4	289.7	3170.0	n/a	n/a	n/a	n/a
74.714	0.0	trigger_15	15	n/a	n/a	n/a	n/a	n/a	n/a	n/a
74.766	0.0	trigger_10	10	n/a	n/a	n/a	n/a	n/a	n/a	n/a
74.915	0.032	saccade	n/a	136.5	282.8	n/a	158.1	198.1	3.13	250.0
74.949	0.058	fixation	n/a	160.6	203.0	3186.0	n/a	n/a	n/a	n/a
75.009	0.024	saccade	n/a	161.0	199.7	n/a	152.0	162.6	1.38	106.0
75.035	0.182	fixation	n/a	154.7	169.4	3148.0	n/a	n/a	n/a	n/a
75.219	0.032	saccade	n/a	155.0	168.3	n/a	239.1	173.2	2.99	218.0
75.253	0.21	fixation	n/a	238.2	173.0	3120.0	n/a	n/a	n/a	n/a
75.465	0.034	saccade	n/a	241.0	174.7	n/a	348.9	177.9	3.87	251.0
75.501	0.226	fixation	n/a	350.3	178.0	3110.0	n/a	n/a	n/a	n/a
75.729	0.014	saccade	n/a	347.6	176.5	n/a	330.4	172.9	0.63	51.0
75.745	0.222	fixation	n/a	335.5	175.9	3092.0	n/a	n/a	n/a	n/a
75.969	0.026	saccade	n/a	338.0	176.2	n/a	385.5	178.3	1.71	124.0
75.997	0.226	fixation	n/a	382.2	178.5	3073.0	n/a	n/a	n/a	n/a
76.225	0.014	saccade	n/a	387.2	178.1	n/a	404.4	175.8	0.62	51.0
76.241	0.404	fixation	n/a	400.1	178.1	3078.0	n/a	n/a	n/a	n/a
76.647	0.034	saccade	n/a	399.1	175.3	n/a	497.6	181.0	3.53	210.0
76.683	0.566	fixation	n/a	497.3	179.1	3114.0	n/a	n/a	n/a	n/a
77.251	0.016	saccade	n/a	502.3	179.4	n/a	526.7	179.8	0.87	68.0
77.269	0.068	fixation	n/a	521.5	178.4	3124.0	n/a	n/a	n/a	n/a
77.339	0.052	saccade	n/a	520.8	178.5	n/a	175.8	206.9	12.28	494.0
77.393	0.106	fixation	n/a	174.7	207.0	3170.0	n/a	n/a	n/a	n/a
77.501	0.022	saccade	n/a	172.7	210.4	n/a	149.9	230.4	1.08	84.0
77.525	0.246	fixation	n/a	153.9	227.2	3154.0	n/a	n/a	n/a	n/a
77.773	0.03	saccade	n/a	154.9	225.3	n/a	182.6	172.8	2.13	147.0
77.805	0.198	fixation	n/a	180.6	177.9	3090.0	n/a	n/a	n/a	n/a
78.005	0.026	saccade	n/a	177.5	175.2	n/a	135.9	158.5	1.59	136.0
78.033	0.508	fixation	n/a	141.8	163.2	2986.0	n/a	n/a	n/a	n/a
78.178	0.0	trigger_11	11	n/a	n/a	n/a	n/a	n/a	n/a	n/a
78.282	0.0	trigger_10	10	n/a	n/a	n/a	n/a	n/a	n/a	n/a
78.543	0.03	saccade	n/a	143.4	162.5	n/a	217.8	159.6	2.65	184.0
78.575	0.114	fixation	n/a	213.4	160.4	2941.0	n/a	n/a	n/a	n/a
78.691	0.014	saccade	n/a	210.1	161.6	n/a	191.4	161.0	0.67	56.0
78.707	0.488	fixation	n/a	195.6	163.3	2942.0	n/a	n/a	n/a	n/a
79.197	0.038	saccade	n/a	200.4	164.6	n/a	329.8	170.9	4.64	288.0
79.237	0.226	fixation	n/a	332.4	169.7	2964.0	n/a	n/a	n/a	n/a
79.465	0.032	saccade	n/a	336.1	169.7	n/a	406.7	172.7	2.54	178.0
79.499	0.106	fixation	n/a	404.0	173.2	2980.0	n/a	n/a	n/a	n/a
79.607	0.03	saccade	n/a	405.6	172.1	n/a	472.3	175.6	2.4	159.0
79.639	0.152	fixation	n/a	468.9	174.8	2949.0	n/a	n/a	n/a	n/a
79.793	0.026	saccade	n/a	473.0	174.1	n/a	530.7	175.1	2.06	140.0
79.821	0.05	fixation	n/a	526.5	174.3	2906.0	n/a	n/a	n/a	n/a
79.873	0.016	saccade	n/a	530.2	174.1	n/a	552.6	174.7	0.8	61.0
79.891	0.146	fixation	n/a	548.5	174.3	2881.0	n/a	n/a	n/a	n/a
80.039	0.03	saccade	n/a	549.8	171.3	n/a	616.2	178.9	2.36	167.0
80.071	0.116	fixation	n/a	611.8	177.8	2849.0	n/a	n/a	n/a	n/a
80.189	0.046	saccade	n/a	612.3	179.3	n/a	330.8	162.6	10.02	505.0
80.237	0.162	fixation	n/a	328.8	167.0	2888.0	n/a	n/a	n/a	n/a
80.401	0.046	saccade	n/a	327.1	171.0	n/a	196.4	219.2	4.98	334.0
80.449	0.088	fixation	n/a	187.7	221.7	2896.0	n/a	n/a	n/a	n/a
80.539	0.016	saccade	n/a	183.5	223.0	n/a	157.5	222.3	0.92	73.0
80.557	0.244	fixation	n/a	164.8	224.1	2887.0	n/a	n/a	n/a	n/a
80.803	0.034	saccade	n/a	165.2	225.0	n/a	264.6	233.1	3.56	242.0
80.839	0.55	fixation	n/a	270.0	233.1	2889.0	n/a	n/a	n/a	n/a
81.391	0.032	saccade	n/a	273.0	231.0	n/a	353.2	232.9	2.87	185.0
81.425	0.272	fixation	n/a	352.9	233.8	2907.0	n/a	n/a	n/a	n/a
81.699	0.034	saccade	n/a	355.6	236.2	n/a	443.5	234.8	3.15	207.0
81.735	0.138	fixation	n/a	443.5	236.0	2948.0	n/a	n/a	n/a	n/a
81.875	0.03	saccade	n/a	443.9	236.4	n/a	377.9	229.3	2.38	172.0
81.907	0.098	fixation	n/a	380.9	231.2	2941.0	n/a	n/a	n/a	n/a
82.007	0.024	saccade	n/a	379.0	234.5	n/a	345.5	235.0	1.2	96.0
82.033	0.102	fixation	n/a	350.3	235.6	2930.0	n/a	n/a	n/a	n/a
82.137	0.034	saccade	n/a	350.9	235.0	n/a	446.6	239.2	3.43	232.0
82.173	0.178	fixation	n/a	448.7	239.7	2909.0	n/a	n/a	n/a	n/a
82.353	0.016	saccade	n/a	454.4	242.2	n/a	474.4	239.5	0.72	56.0
82.371	0.158	fixation	n/a	471.1	239.3	2901.0	n/a	n/a	n/a	n/a
82.531	0.034	saccade	n/a	472.8	237.1	n/a	567.2	236.4	3.35	225.0
82.567	0.184	fixation	n/a	568.7	238.8	2846.0	n/a	n/a	n/a	n/a
82.753	0.016	saccade	n/a	574.5	240.2	n/a	600.6	239.6	0.92	70.0
82.771	0.03	fixation	n/a	597.7	239.4	2828.0	n/a	n/a	n/a	n/a
82.803	0.034	saccade	n/a	596.3	240.0	n/a	521.4	233.6	2.66	202.0
82.839	0.026	fixation	n/a	525.3	235.2	2847.0	n/a	n/a	n/a	n/a
82.867	0.024	saccade	n/a	519.2	234.5	n/a	484.5	231.7	1.24	117.0
82.893	0.238	fixation	n/a	485.8	233.6	2850.0	n/a	n/a	n/a	n/a
83.133	0.036	saccade	n/a	484.6	233.9	n/a	599.1	242.0	4.07	258.0
83.171	0.124	fixation	n/a	599.5	238.8	2827.0	n/a	n/a	n/a	n/a
83.297	0.052	saccade	n/a	600.4	240.5	n/a	384.8	173.3	8.06	482.0
83.351	0.4	fixation	n/a	372.4	170.6	2842.0	n/a	n/a	n/a	n/a
83.466	0.0	trigger_11	11	n/a	n/a	n/a	n/a	n/a	n/a	n/a
83.57	0.0	trigger_10	10	n/a	n/a	n/a	n/a	n/a	n/a	n/a
83.753	0.038	saccade	n/a	369.9	171.6	n/a	214.2	157.2	5.62	358.0
83.793	0.036	fixation	n/a	217.0	159.3	2865.0	n/a	n/a	n/a	n/a
83.831	0.026	saccade	n/a	209.1	159.4	n/a	167.0	152.1	1.52	139.0
83.859	0.244	fixation	n/a	164.1	158.1	2836.0	n/a	n/a	n/a	n/a
84.105	0.03	saccade	n/a	158.9	162.8	n/a	236.1	163.9	2.75	210.0
84.137	0.178	fixation	n/a	236.2	163.5	2845.0	n/a	n/a	n/a	n/a
84.317	0.034	saccade	n/a	239.4	163.9	n/a	324.5	166.3	3.06	223.0
84.353	0.202	fixation	n/a	325.1	165.5	2810.0	n/a	n/a	n/a	n/a
84.557	0.026	saccade	n/a	326.3	163.3	n/a	378.8	163.9	1.89	128.0
84.585	0.152	fixation	n/a	374.9	164.4	2776.0	n/a	n/a	n/a	n/a
84.739	0.018	saccade	n/a	380.0	165.5	n/a	413.6	166.3	1.21	88.0
84.759	0.32	fixation	n/a	401.6	166.5	2759.0	n/a	n/a	n/a	n/a
85.081	0.026	saccade	n/a	398.5	165.9	n/a	442.5	170.8	1.59	115.0
85.109	0.522	fixation	n/a	439.6	171.1	2771.0	n/a	n/a	n/a	n/a
85.633	0.026	saccade	n/a	443.4	168.9	n/a	497.6	169.1	1.94	134.0
85.661	0.122	fixation	n/a	493.3	171.0	2789.0	n/a	n/a	n/a	n/a
85.785	0.024	saccade	n/a	499.8	171.7	n/a	545.2	173.0	1.62	117.0
85.811	0.118	fixation	n/a	541.7	172.1	2830.0	n/a	n/a	n/a	n/a
85.931	0.028	saccade	n/a	544.6	173.8	n/a	601.5	178.4	2.02	144.0
85.961	0.04	fixation	n/a	595.4	176.9	2860.0	n/a	n/a	n/a	n/a
86.003	0.058	saccade	n/a	594.9	176.1	n/a	149.2	212.2	15.78	583.0
86.063	0.324	fixation	n/a	151.7	221.2	2873.0	n/a	n/a	n/a	n/a
86.389	0.028	saccade	n/a	155.5	225.4	n/a	213.9	228.0	2.07	151.0
86.419	0.218	fixation	n/a	213.0	229.2	2826.0	n/a	n/a	n/a	n/a
86.639	0.028	saccade	n/a	217.0	231.1	n/a	277.3	231.8	2.16	151.0
86.669	0.498	fixation	n/a	287.3	231.1	2792.0	n/a	n/a	n/a	n/a
87.169	0.032	saccade	n/a	293.0	231.8	n/a	381.0	235.4	3.16	208.0
87.203	0.402	fixation	n/a	381.0	231.4	2787.0	n/a	n/a	n/a	n/a
87.607	0.032	saccade	n/a	383.4	230.6	n/a	474.7	232.2	3.27	215.0
87.641	0.116	fixation	n/a	473.7	232.1	2786.0	n/a	n/a	n/a	n/a
87.759	0.024	saccade	n/a	477.6	231.1	n/a	517.5	231.8	1.42	104.0
87.785	0.208	fixation	n/a	513.2	232.8	2776.0	n/a	n/a	n/a	n/a
87.995	0.014	saccade	n/a	516.2	230.5	n/a	532.5	230.6	0.58	49.0
88.011	0.116	fixation	n/a	531.0	232.9	2776.0	n/a	n/a	n/a	n/a
88.129	0.018	saccade	n/a	527.4	233.2	n/a	501.0	230.0	0.95	68.0
88.149	0.208	fixation	n/a	505.8	228.5	2757.0	n/a	n/a	n/a	n/a
88.359	0.02	saccade	n/a	507.9	229.0	n/a	541.1	231.7	1.18	83.0
88.381	0.356	fixation	n/a	537.0	231.1	2768.0	n/a	n/a	n/a	n/a
88.739	0.03	saccade	n/a	539.4	231.4	n/a	615.6	233.5	2.69	178.0
88.771	0.074	fixation	n/a	611.2	234.3	2734.0	n/a	n/a	n/a	n/a
88.847	0.062	saccade	n/a	610.9	235.9	n/a	158.2	280.2	15.99	539.0
88.911	0.124	fixation	n/a	157.9	288.4	2802.0	n/a	n/a	n/a	n/a
89.037	0.016	saccade	n/a	153.7	292.6	n/a	129.1	291.3	0.87	73.0
89.055	0.09	fixation	n/a	137.8	290.9	2797.0	n/a	n/a	n/a	n/a
89.147	0.036	saccade	n/a	138.5	290.6	n/a	224.3	208.6	4.23	273.0
89.185	0.308	fixation	n/a	228.8	206.6	2796.0	n/a	n/a	n/a	n/a
89.474	0.0	trigger_11	11	n/a	n/a	n/a	n/a	n/a	n/a	n/a
89.495	0.026	saccade	n/a	232.2	204.7	n/a	239.6	154.3	1.85	127.0
89.523	0.224	fixation	n/a	238.0	160.0	2807.0	n/a	n/a	n/a	n/a
89.578	0.0	trigger_10	10	n/a	n/a	n/a	n/a	n/a	n/a	n/a
89.749	0.032	saccade	n/a	235.6	159.8	n/a	167.0	148.0	2.48	210.0
89.783	0.238	fixation	n/a	168.7	153.1	2856.0	n/a	n/a	n/a	n/a
90.023	0.03	saccade	n/a	170.0	155.8	n/a	241.2	161.7	2.55	192.0
90.055	0.164	fixation	n/a	238.5	161.1	2869.0	n/a	n/a	n/a	n/a
90.221	0.034	saccade	n/a	241.3	162.4	n/a	328.2	166.0	3.12	231.0
90.257	0.276	fixation	n/a	330.3	169.2	2869.0	n/a	n/a	n/a	n/a
90.535	0.016	saccade	n/a	321.0	170.6	n/a	297.4	167.0	0.86	69.0
90.553	0.08	fixation	n/a	305.1	168.6	2867.0	n/a	n/a	n/a	n/a
90.635	0.026	saccade	n/a	307.6	170.8	n/a	357.6	176.6	1.81	134.0
90.663	0.14	fixation	n/a	354.1	173.8	2880.0	n/a	n/a	n/a	n/a
90.805	0.034	saccade	n/a	356.6	174.1	n/a	463.4	176.4	3.84	245.0
90.841	0.238	fixation	n/a	465.6	177.4	2909.0	n/a	n/a	n/a	n/a
91.081	0.034	saccade	n/a	463.8	179.2	n/a	370.7	174.1	3.35	237.0
91.117	0.58	fixation	n/a	362.8	172.4	2900.0	n/a	n/a	n/a	n/a
91.699	0.034	saccade	n/a	355.8	170.9	n/a	458.7	173.3	3.7	244.0
91.735	1.076	fixation	n/a	465.5	171.7	2907.0	n/a	n/a	n/a	n/a
92.49	0.0	trigger_11	11	n/a	n/a	n/a	n/a	n/a	n/a	n/a
92.596	0.0	trigger_10	10	n/a	n/a	n/a	n/a	n/a	n/a	n/a
92.813	0.058	saccade	n/a	467.6	171.5	n/a	195.5	153.5	9.74	487.0
92.873	0.084	fixation	n/a	185.8	156.6	3010.0	n/a	n/a	n/a	n/a
92.959	0.026	saccade	n/a	182.5	160.0	n/a	142.9	156.6	1.41	120.0
92.987	0.278	fixation	n/a	141.7	162.5	3001.0	n/a	n/a	n/a	n/a
93.267	0.032	saccade	n/a	134.2	161.4	n/a	212.3	161.6	2.76	209.0
93.301	0.2	fixation	n/a	214.1	163.7	2944.0	n/a	n/a	n/a	n/a
93.503	0.028	saccade	n/a	218.9	166.0	n/a	280.5	170.1	2.21	166.0
93.533	0.346	fixation	n/a	278.9	168.3	2918.0	n/a	n/a	n/a	n/a
93.881	0.026	saccade	n/a	282.8	167.4	n/a	332.8	170.8	1.8	133.0
93.909	0.394	fixation	n/a	328.9	171.4	2871.0	n/a	n/a	n/a	n/a
94.305	0.03	saccade	n/a	329.4	169.8	n/a	404.8	170.4	2.71	188.0
94.337	0.264	fixation	n/a	401.8	169.7	2891.0	n/a	n/a	n/a	n/a
94.603	0.028	saccade	n/a	401.6	169.6	n/a	343.7	161.9	2.1	178.0
94.633	0.112	fixation	n/a	350.4	167.6	2938.0	n/a	n/a	n/a	n/a
94.747	0.028	saccade	n/a	349.3	168.2	n/a	410.3	172.1	2.2	158.0
94.777	0.35	fixation	n/a	404.5	172.5	2922.0	n/a	n/a	n/a	n/a
95.129	0.026	saccade	n/a	408.1	171.5	n/a	463.2	174.8	1.98	144.0
95.157	0.304	fixation	n/a	459.7	173.0	2919.0	n/a	n/a	n/a	n/a
95.463	0.014	saccade	n/a	463.6	173.2	n/a	478.9	173.2	0.55	45.0
95.479	0.136	fixation	n/a	474.7	172.4	2951.0	n/a	n/a	n/a	n/a
95.617	0.03	saccade	n/a	477.3	174.0	n/a	546.2	177.4	2.46	178.0
95.649	0.994	fixation	n/a	541.6	176.9	2946.0	n/a	n/a	n/a	n/a
96.645	0.056	saccade	n/a	536.9	179.9	n/a	153.9	232.7	13.69	544.0
96.703	0.12	fixation	n/a	154.4	236.8	3104.0	n/a	n/a	n/a	n/a
96.825	0.016	saccade	n/a	150.0	240.2	n/a	129.2	239.7	0.73	56.0
96.843	0.176	fixation	n/a	134.5	237.6	3095.0	n/a	n/a	n/a	n/a
97.021	0.026	saccade	n/a	134.9	236.5	n/a	180.0	234.2	1.59	124.0
97.049	0.11	fixation	n/a	175.5	235.4	3033.0	n/a	n/a	n/a	n/a
97.161	0.026	saccade	n/a	181.1	237.0	n/a	228.9	237.9	1.7	139.0
97.189	0.722	fixation	n/a	239.2	233.8	2919.0	n/a	n/a	n/a	n/a
97.913	0.028	saccade	n/a	248.4	232.3	n/a	304.3	228.9	2.0	138.0
97.943	0.214	fixation	n/a	301.8	231.8	2905.0	n/a	n/a	n/a	n/a
98.159	0.032	saccade	n/a	304.0	231.0	n/a	351.4	169.9	2.8	190.0
98.193	0.138	fixation	n/a	350.0	171.9	2960.0	n/a	n/a	n/a	n/a
98.333	0.028	saccade	n/a	353.7	173.5	n/a	408.3	172.5	1.96	142.0
98.363	0.146	fixation	n/a	404.9	170.3	2959.0	n/a	n/a	n/a	n/a
98.511	0.034	saccade	n/a	406.6	169.9	n/a	328.9	162.8	2.81	231.0
98.547	0.304	fixation	n/a	327.5	166.4	2947.0	n/a	n/a	n/a	n/a
98.564	0.0	trigger_11	11	n/a	n/a	n/a	n/a	n/a	n/a	n/a
98.666	0.0	trigger_10	10	n/a	n/a	n/a	n/a	n/a	n/a	n/a
98.853	0.038	saccade	n/a	326.1	168.3	n/a	168.0	157.6	5.66	345.0
98.893	0.114	fixation	n/a	169.0	159.4	2959.0	n/a	n/a	n/a	n/a
99.009	0.016	saccade	n/a	163.8	160.3	n/a	140.1	158.3	0.84	65.0
99.027	0.25	fixation	n/a	147.5	159.2	2959.0	n/a	n/a	n/a	n/a
99.279	0.142	saccade	n/a	154.2	160.8	n/a	228.0	178.2	2.7	529.0
99.339	0.014	blink	n/a	n/a	n/a	n/a	n/a	n/a	n/a	n/a
99.423	0.23	fixation	n/a	248.5	168.3	2968.0	n/a	n/a	n/a	n/a
99.655	0.028	saccade	n/a	250.7	166.5	n/a	305.9	167.5	1.98	150.0
99.685	0.298	fixation	n/a	301.8	165.4	2928.0	n/a	n/a	n/a	n/a
99.985	0.018	saccade	n/a	304.7	163.7	n/a	330.7	165.6	0.94	67.0
100.005	0.176	fixation	n/a	326.8	165.0	2840.0	n/a	n/a	n/a	n/a
100.183	0.028	saccade	n/a	328.9	166.6	n/a	391.1	165.0	2.24	152.0
100.213	0.222	fixation	n/a	387.4	164.9	2831.0	n/a	n/a	n/a	n/a
100.437	0.032	saccade	n/a	390.2	165.5	n/a	481.6	169.2	3.28	213.0
100.471	0.316	fixation	n/a	482.8	168.6	2807.0	n/a	n/a	n/a	n/a
100.789	0.052	saccade	n/a	494.6	170.1	n/a	153.4	216.3	12.26	482.0
100.843	0.288	fixation	n/a	149.8	219.8	2819.0	n/a	n/a	n/a	n/a
101.133	0.016	saccade	n/a	151.3	221.8	n/a	169.6	224.0	0.65	51.0
101.151	0.748	fixation	n/a	170.9	226.3	2772.0	n/a	n/a	n/a	n/a
101.901	0.036	saccade	n/a	172.1	224.0	n/a	295.3	227.7	4.39	276.0
101.939	0.2	fixation	n/a	294.5	225.4	2798.0	n/a	n/a	n/a	n/a
102.141	0.02	saccade	n/a	297.0	223.9	n/a	327.9	228.2	1.12	79.0
102.163	0.162	fixation	n/a	324.0	230.4	2818.0	n/a	n/a	n/a	n/a
102.3	0.0	trigger_11	11	n/a	n/a	n/a	n/a	n/a	n/a	n/a
102.327	0.046	saccade	n/a	325.0	228.4	n/a	250.0	151.0	3.89	299.0
102.375	0.192	fixation	n/a	243.5	147.7	2806.0	n/a	n/a	n/a	n/a
102.402	0.0	trigger_10	10	n/a	n/a	n/a	n/a	n/a	n/a	n/a
102.569	0.032	saccade	n/a	242.6	148.9	n/a	159.3	146.7	2.97	213.0
102.603	0.226	fixation	n/a	163.6	148.9	2788.0	n/a	n/a	n/a	n/a
102.831	0.032	saccade	n/a	166.4	152.7	n/a	242.4	158.8	2.71	191.0
102.865	0.342	fixation	n/a	252.4	159.4	2817.0	n/a	n/a	n/a	n/a
103.209	0.034	saccade	n/a	262.9	163.6	n/a	369.5	159.2	3.83	227.0
103.245	0.552	fixation	n/a	378.0	158.6	2794.0	n/a	n/a	n/a	n/a
103.799	0.032	saccade	n/a	386.2	159.1	n/a	462.2	162.0	2.73	186.0
103.833	0.738	fixation	n/a	460.5	165.1	2780.0	n/a	n/a	n/a	n/a
104.573	0.032	saccade	n/a	457.5	166.2	n/a	526.9	169.0	2.48	158.0
104.607	0.138	fixation	n/a	524.9	166.5	2841.0	n/a	n/a	n/a	n/a
104.747	0.048	saccade	n/a	525.3	166.7	n/a	187.0	221.8	12.18	522.0
104.797	0.104	fixation	n/a	182.9	223.8	2874.0	n/a	n/a	n/a	n/a
104.903	0.024	saccade	n/a	179.9	226.3	n/a	146.7	224.9	1.17	102.0
104.929	0.352	fixation	n/a	149.5	224.8	2823.0	n/a	n/a	n/a	n/a
105.283	0.034	saccade	n/a	150.1	225.1	n/a	258.4	230.9	3.85	261.0
105.319	0.426	fixation	n/a	259.5	228.9	2775.0	n/a	n/a	n/a	n/a
105.747	0.032	saccade	n/a	261.8	225.1	n/a	228.2	162.0	2.58	200.0
105.781	0.216	fixation	n/a	233.2	164.2	2777.0	n/a	n/a	n/a	n/a
105.999	0.034	saccade	n/a	233.5	163.2	n/a	278.7	229.4	2.89	195.0
106.035	0.172	fixation	n/a	277.6	225.9	2805.0	n/a	n/a	n/a	n/a
106.209	0.03	saccade	n/a	279.4	227.4	n/a	338.6	233.6	2.13	150.0
106.241	0.35	fixation	n/a	337.1	233.5	2809.0	n/a	n/a	n/a	n/a
106.593	0.032	saccade	n/a	339.6	233.4	n/a	435.4	238.1	3.43	232.0
106.627	0.29	fixation	n/a	434.5	237.4	2783.0	n/a	n/a	n/a	n/a
106.919	0.03	saccade	n/a	438.6	238.9	n/a	516.8	236.7	2.79	171.0
106.951	0.276	fixation	n/a	515.3	235.4	2769.0	n/a	n/a	n/a	n/a
107.229	0.02	saccade	n/a	520.4	234.2	n/a	560.8	236.3	1.43	97.0
107.251	0.154	fixation	n/a	555.7	237.7	2750.0	n/a	n/a	n/a	n/a
107.407	0.024	saccade	n/a	558.6	237.3	n/a	602.1	235.7	1.53	104.0
107.433	0.122	fixation	n/a	596.7	239.0	2733.0	n/a	n/a	n/a	n/a
107.557	0.016	saccade	n/a	602.1	239.5	n/a	623.3	240.0	0.74	60.0
107.575	0.274	fixation	n/a	619.6	238.6	2741.0	n/a	n/a	n/a	n/a
107.851	0.056	saccade	n/a	619.2	237.5	n/a	411.7	146.7	8.04	482.0
107.909	0.448	fixation	n/a	404.0	150.2	2758.0	n/a	n/a	n/a	n/a
107.972	0.0	trigger_11	11	n/a	n/a	n/a	n/a	n/a	n/a	n/a
108.076	0.0	trigger_10	10	n/a	n/a	n/a	n/a	n/a	n/a	n/a
108.359	0.042	saccade	n/a	401.9	152.9	n/a	186.7	146.2	7.7	421.0
108.403	0.34	fixation	n/a	182.6	149.5	2760.0	n/a	n/a	n/a	n/a
108.745	0.036	saccade	n/a	180.0	147.0	n/a	291.5	157.6	3.99	280.0
108.783	0.25	fixation	n/a	298.3	158.3	2759.0	n/a	n/a	n/a	n/a
109.035	0.03	saccade	n/a	301.9	159.0	n/a	369.7	157.8	2.43	170.0
109.067	0.116	fixation	n/a	368.7	157.5	2752.0	n/a	n/a	n/a	n/a
109.185	0.02	saccade	n/a	373.4	157.2	n/a	407.2	156.2	1.21	86.0
109.207	0.364	fixation	n/a	396.6	159.6	2723.0	n/a	n/a	n/a	n/a
109.573	0.03	saccade	n/a	393.4	158.9	n/a	473.4	162.6	2.88	190.0
109.605	0.424	fixation	n/a	471.3	162.0	2706.0	n/a	n/a	n/a	n/a
110.031	0.03	saccade	n/a	472.8	161.9	n/a	543.8	166.6	2.54	172.0
110.063	0.242	fixation	n/a	543.0	165.9	2706.0	n/a	n/a	n/a	n/a
110.307	0.028	saccade	n/a	547.1	165.1	n/a	601.0	168.2	1.91	133.0
110.337	0.172	fixation	n/a	597.7	169.4	2764.0	n/a	n/a	n/a	n/a
110.511	0.056	saccade	n/a	599.0	170.8	n/a	180.4	223.4	14.91	527.0
110.569	0.118	fixation	n/a	179.5	224.5	2785.0	n/a	n/a	n/a	n/a
110.689	0.014	saccade	n/a	173.7	228.6	n/a	155.5	225.9	0.65	56.0
110.705	0.332	fixation	n/a	160.2	225.0	2756.0	n/a	n/a	n/a	n/a
111.039	0.034	saccade	n/a	162.1	227.5	n/a	264.7	232.9	3.65	251.0
111.075	0.41	fixation	n/a	272.9	231.5	2736.0	n/a	n/a	n/a	n/a
111.487	0.042	saccade	n/a	282.8	230.8	n/a	435.0	164.3	5.95	342.0
111.531	0.178	fixation	n/a	441.9	163.4	2736.0	n/a	n/a	n/a	n/a
111.711	0.028	saccade	n/a	441.2	160.3	n/a	388.9	154.0	1.89	152.0
111.741	0.424	fixation	n/a	393.7	158.2	2753.0	n/a	n/a	n/a	n/a
111.844	0.0	trigger_11	11	n/a	n/a	n/a	n/a	n/a	n/a	n/a
111.948	0.0	trigger_10	10	n/a	n/a	n/a	n/a	n/a	n/a	n/a
112.167	0.04	saccade	n/a	392.4	160.3	n/a	222.2	146.9	6.12	365.0
112.209	0.076	fixation	n/a	220.4	151.3	2774.0	n/a	n/a	n/a	n/a
112.287	0.03	saccade	n/a	216.8	154.1	n/a	159.2	153.1	2.05	184.0
112.319	0.114	fixation	n/a	162.7	155.1	2764.0	n/a	n/a	n/a	n/a
112.435	0.016	saccade	n/a	155.9	154.0	n/a	129.6	151.4	0.93	72.0
112.453	0.09	fixation	n/a	138.2	153.8	2787.0	n/a	n/a	n/a	n/a
112.545	0.032	saccade	n/a	139.9	154.6	n/a	221.9	161.8	2.92	221.0
112.579	0.124	fixation	n/a	222.1	160.3	2788.0	n/a	n/a	n/a	n/a
112.705	0.022	saccade	n/a	224.8	158.7	n/a	264.0	159.5	1.4	96.0
112.729	0.21	fixation	n/a	258.1	160.0	2784.0	n/a	n/a	n/a	n/a
112.941	0.028	saccade	n/a	261.6	159.5	n/a	327.8	160.4	2.38	149.0
112.971	0.118	fixation	n/a	322.8	159.2	2771.0	n/a	n/a	n/a	n/a
113.091	0.02	saccade	n/a	325.6	159.2	n/a	360.6	158.6	1.26	92.0
113.113	0.144	fixation	n/a	354.5	159.4	2773.0	n/a	n/a	n/a	n/a
113.259	0.032	saccade	n/a	356.0	157.9	n/a	454.7	160.7	3.55	215.0
113.293	0.162	fixation	n/a	453.7	161.4	2763.0	n/a	n/a	n/a	n/a
113.457	0.02	saccade	n/a	458.1	162.9	n/a	487.9	162.0	1.07	76.0
113.479	0.136	fixation	n/a	481.6	160.7	2747.0	n/a	n/a	n/a	n/a
113.617	0.028	saccade	n/a	482.6	161.3	n/a	538.8	165.4	2.01	147.0
113.647	0.11	fixation	n/a	535.4	163.8	2723.0	n/a	n/a	n/a	n/a
113.759	0.056	saccade	n/a	536.1	162.8	n/a	155.8	224.3	13.67	506.0
113.817	0.172	fixation	n/a	158.5	226.6	2714.0	n/a	n/a	n/a	n/a
113.991	0.312	saccade	n/a	164.8	235.5	n/a	261.1	236.9	3.42	416.0
114.141	0.056	blink	n/a	n/a	n/a	n/a	n/a	n/a	n/a	n/a
114.305	0.434	fixation	n/a	255.5	232.0	2705.0	n/a	n/a	n/a	n/a
114.741	0.034	saccade	n/a	257.0	231.4	n/a	356.0	229.4	3.54	219.0
114.777	0.254	fixation	n/a	357.8	228.6	2660.0	n/a	n/a	n/a	n/a
115.033	0.018	saccade	n/a	362.0	227.9	n/a	390.1	227.2	1.01	72.0
115.053	0.586	fixation	n/a	379.7	229.6	2667.0	n/a	n/a	n/a	n/a
115.641	0.032	saccade	n/a	379.1	227.8	n/a	464.6	233.6	3.07	204.0
115.675	0.234	fixation	n/a	463.7	232.8	2666.0	n/a	n/a	n/a	n/a
115.911	0.016	saccade	n/a	469.5	232.8	n/a	491.1	234.2	0.77	60.0
115.929	0.26	fixation	n/a	486.8	233.6	2698.0	n/a	n/a	n/a	n/a
116.191	0.03	saccade	n/a	486.9	232.7	n/a	563.5	235.8	2.72	169.0
116.223	0.192	fixation	n/a	561.5	235.4	2674.0	n/a	n/a	n/a	n/a
116.417	0.028	saccade	n/a	565.6	234.9	n/a	621.3	240.1	1.97	130.0
116.447	0.154	fixation	n/a	618.3	240.5	2695.0	n/a	n/a	n/a	n/a
116.603	0.064	saccade	n/a	618.3	240.1	n/a	155.1	276.9	16.28	505.0
116.669	0.096	fixation	n/a	158.8	281.0	2771.0	n/a	n/a	n/a	n/a
116.767	0.026	saccade	n/a	156.1	286.2	n/a	114.2	294.9	1.5	133.0
116.795	0.23	fixation	n/a	115.5	294.7	2721.0	n/a	n/a	n/a	n/a
117.027	0.038	saccade	n/a	115.6	293.5	n/a	220.1	217.7	4.57	264.0
117.067	0.132	fixation	n/a	221.3	214.1	2710.0	n/a	n/a	n/a	n/a
117.201	0.03	saccade	n/a	222.0	208.6	n/a	189.8	147.7	2.48	183.0
117.233	0.502	fixation	n/a	198.0	156.5	2687.0	n/a	n/a	n/a	n/a
117.47	0.0	trigger_11	11	n/a	n/a	n/a	n/a	n/a	n/a	n/a
117.572	0.0	trigger_10	10	n/a	n/a	n/a	n/a	n/a	n/a	n/a
117.737	0.03	saccade	n/a	194.6	154.2	n/a	137.6	144.8	2.05	162.0
117.769	0.2	fixation	n/a	141.8	148.6	2773.0	n/a	n/a	n/a	n/a
117.971	0.032	saccade	n/a	142.6	151.5	n/a	235.1	155.3	3.29	242.0
118.005	0.122	fixation	n/a	233.4	155.0	2819.0	n/a	n/a	n/a	n/a
118.129	0.016	saccade	n/a	238.2	154.8	n/a	262.3	155.5	0.86	66.0
118.147	0.146	fixation	n/a	257.8	154.4	2811.0	n/a	n/a	n/a	n/a
118.295	0.036	saccade	n/a	259.8	154.3	n/a	376.9	159.3	4.21	260.0
118.333	0.214	fixation	n/a	381.0	159.8	2803.0	n/a	n/a	n/a	n/a
118.549	0.018	saccade	n/a	386.8	160.9	n/a	418.6	161.5	1.14	84.0
118.569	0.176	fixation	n/a	413.1	161.3	2819.0	n/a	n/a	n/a	n/a
118.747	0.03	saccade	n/a	414.2	160.4	n/a	487.7	162.0	2.63	172.0
118.779	0.378	fixation	n/a	484.2	164.3	2851.0	n/a	n/a	n/a	n/a
119.159	0.026	saccade	n/a	486.3	168.5	n/a	531.2	170.4	1.61	117.0
119.187	0.512	fixation	n/a	520.4	172.7	2953.0	n/a	n/a	n/a	n/a
119.701	0.052	saccade	n/a	513.6	174.3	n/a	341.6	162.7	6.18	398.0
119.755	0.54	fixation	n/a	332.1	167.6	3038.0	n/a	n/a	n/a	n/a
119.884	0.0	trigger_11	11	n/a	n/a	n/a	n/a	n/a	n/a	n/a
119.992	0.0	trigger_10	10	n/a	n/a	n/a	n/a	n/a	n/a	n/a
120.297	0.038	saccade	n/a	328.7	170.1	n/a	186.0	155.0	5.13	308.0
120.337	0.08	fixation	n/a	191.1	157.1	3062.0	n/a	n/a	n/a	n/a
120.419	0.026	saccade	n/a	188.1	160.1	n/a	148.6	160.9	1.4	116.0
120.447	0.362	fixation	n/a	154.4	160.7	3006.0	n/a	n/a	n/a	n/a
120.811	0.028	saccade	n/a	154.7	159.6	n/a	211.9	162.2	2.03	149.0
120.841	0.276	fixation	n/a	211.3	166.6	2947.0	n/a	n/a	n/a	n/a
121.119	0.03	saccade	n/a	212.3	169.2	n/a	283.8	165.2	2.56	187.0
121.151	0.414	fixation	n/a	291.1	166.3	2919.0	n/a	n/a	n/a	n/a
121.567	0.03	saccade	n/a	301.1	166.0	n/a	379.7	167.3	2.83	186.0
121.599	0.22	fixation	n/a	377.8	164.7	2850.0	n/a	n/a	n/a	n/a
121.821	0.014	saccade	n/a	383.4	162.9	n/a	403.0	162.4	0.7	59.0
121.837	0.3	fixation	n/a	398.3	162.0	2828.0	n/a	n/a	n/a	n/a
122.139	0.03	saccade	n/a	400.3	162.0	n/a	474.4	166.5	2.66	159.0
122.171	0.226	fixation	n/a	469.6	166.6	2785.0	n/a	n/a	n/a	n/a
122.399	0.022	saccade	n/a	471.2	164.5	n/a	512.6	163.6	1.48	100.0
122.423	0.074	fixation	n/a	506.2	163.7	2797.0	n/a	n/a	n/a	n/a
122.499	0.056	saccade	n/a	505.3	164.5	n/a	145.1	207.7	12.87	506.0
122.557	0.13	fixation	n/a	146.0	213.2	2833.0	n/a	n/a	n/a	n/a
122.689	0.016	saccade	n/a	143.1	216.9	n/a	124.1	224.6	0.72	61.0
122.707	0.254	fixation	n/a	128.6	222.8	2821.0	n/a	n/a	n/a	n/a
122.963	0.036	saccade	n/a	132.3	225.3	n/a	251.3	228.1	4.21	228.0
123.001	0.166	fixation	n/a	253.5	228.1	2836.0	n/a	n/a	n/a	n/a
123.169	0.024	saccade	n/a	259.3	229.1	n/a	299.4	229.7	1.43	109.0
123.195	0.134	fixation	n/a	294.9	228.7	2828.0	n/a	n/a	n/a	n/a
123.331	0.028	saccade	n/a	298.9	229.4	n/a	359.9	231.6	2.19	160.0
123.361	0.166	fixation	n/a	357.4	229.3	2815.0	n/a	n/a	n/a	n/a
123.529	0.032	saccade	n/a	360.5	230.4	n/a	445.6	231.6	3.05	194.0
123.563	0.284	fixation	n/a	442.9	230.9	2799.0	n/a	n/a	n/a	n/a
123.849	0.028	saccade	n/a	444.2	231.4	n/a	502.7	231.4	2.09	145.0
123.879	0.466	fixation	n/a	512.7	236.0	2771.0	n/a	n/a	n/a	n/a
124.347	0.034	saccade	n/a	518.5	238.3	n/a	620.2	239.4	3.59	213.0
124.383	0.192	fixation	n/a	618.6	239.4	2744.0	n/a	n/a	n/a	n/a
124.577	0.022	saccade	n/a	621.5	238.7	n/a	664.4	238.1	1.49	99.0
124.601	0.182	fixation	n/a	658.9	239.3	2750.0	n/a	n/a	n/a	n/a
124.785	0.066	saccade	n/a	659.5	240.1	n/a	164.5	285.7	17.38	556.0
124.853	0.106	fixation	n/a	164.6	289.4	2799.0	n/a	n/a	n/a	n/a
124.961	0.02	saccade	n/a	160.3	289.7	n/a	133.7	288.8	0.93	79.0
124.983	0.32	fixation	n/a	141.1	291.7	2750.0	n/a	n/a	n/a	n/a
125.305	0.028	saccade	n/a	142.2	291.1	n/a	203.5	295.3	2.16	148.0
125.335	0.33	fixation	n/a	208.8	293.4	2695.0	n/a	n/a	n/a	n/a
125.667	0.036	saccade	n/a	217.6	291.1	n/a	353.7	290.2	4.84	310.0
125.705	0.34	fixation	n/a	356.9	290.2	2675.0	n/a	n/a	n/a	n/a
126.047	0.014	saccade	n/a	361.2	290.7	n/a	378.7	291.8	0.63	51.0
126.063	0.292	fixation	n/a	380.2	291.1	2668.0	n/a	n/a	n/a	n/a
126.357	0.032	saccade	n/a	388.8	292.4	n/a	471.5	294.1	2.95	202.0
126.391	0.378	fixation	n/a	472.8	293.2	2663.0	n/a	n/a	n/a	n/a
126.771	0.016	saccade	n/a	469.6	295.0	n/a	449.4	295.2	0.72	56.0
126.789	0.112	fixation	n/a	454.5	295.7	2656.0	n/a	n/a	n/a	n/a
126.903	0.036	saccade	n/a	455.8	293.8	n/a	569.8	293.9	4.03	247.0
126.941	0.364	fixation	n/a	573.5	293.4	2670.0	n/a	n/a	n/a	n/a
127.307	0.022	saccade	n/a	576.6	291.5	n/a	621.9	293.5	1.59	107.0
127.331	0.13	fixation	n/a	617.0	294.3	2705.0	n/a	n/a	n/a	n/a
127.463	0.02	saccade	n/a	621.0	295.4	n/a	653.9	295.3	1.14	82.0
127.485	0.14	fixation	n/a	648.5	296.5	2713.0	n/a	n/a	n/a	n/a
127.627	0.064	saccade	n/a	648.5	296.7	n/a	172.1	335.7	16.69	537.0
127.693	0.098	fixation	n/a	175.2	338.5	2829.0	n/a	n/a	n/a	n/a
127.793	0.024	saccade	n/a	173.7	341.7	n/a	140.2	349.2	1.2	103.0
127.819	0.276	fixation	n/a	143.8	350.1	2829.0	n/a	n/a	n/a	n/a
128.097	0.034	saccade	n/a	143.0	349.2	n/a	238.5	352.8	3.35	236.0
128.133	0.292	fixation	n/a	241.3	352.9	2835.0	n/a	n/a	n/a	n/a
128.427	0.034	saccade	n/a	243.7	352.5	n/a	353.4	355.1	3.88	247.0
128.463	0.382	fixation	n/a	362.5	355.1	2829.0	n/a	n/a	n/a	n/a
128.847	0.032	saccade	n/a	374.5	356.5	n/a	446.0	356.8	2.53	182.0
128.881	0.078	fixation	n/a	443.7	357.8	2790.0	n/a	n/a	n/a	n/a
128.961	0.054	saccade	n/a	443.8	355.7	n/a	287.8	197.7	7.94	502.0
129.017	0.302	fixation	n/a	284.6	193.5	2812.0	n/a	n/a	n/a	n/a
129.062	0.0	trigger_11	11	n/a	n/a	n/a	n/a	n/a	n/a	n/a
129.164	0.0	trigger_10	10	n/a	n/a	n/a	n/a	n/a	n/a	n/a
129.321	0.046	saccade	n/a	283.0	192.8	n/a	182.0	160.8	3.78	320.0
129.369	0.28	fixation	n/a	165.6	160.1	2888.0	n/a	n/a	n/a	n/a
129.651	0.028	saccade	n/a	161.2	160.2	n/a	217.1	159.8	1.99	146.0
129.681	0.286	fixation	n/a	216.5	158.8	2868.0	n/a	n/a	n/a	n/a
129.969	0.032	saccade	n/a	219.6	158.6	n/a	305.2	161.8	3.07	210.0
130.003	0.454	fixation	n/a	307.4	162.8	2928.0	n/a	n/a	n/a	n/a
130.459	0.032	saccade	n/a	309.6	166.7	n/a	397.7	167.7	3.17	207.0
130.493	0.318	fixation	n/a	403.8	167.2	2938.0	n/a	n/a	n/a	n/a
130.813	0.028	saccade	n/a	417.8	166.7	n/a	474.7	168.1	2.04	144.0
130.843	0.208	fixation	n/a	471.7	166.9	2925.0	n/a	n/a	n/a	n/a
131.053	0.02	saccade	n/a	475.3	168.0	n/a	511.8	169.8	1.31	93.0
131.075	0.168	fixation	n/a	506.1	168.3	2889.0	n/a	n/a	n/a	n/a
131.245	0.056	saccade	n/a	505.6	168.0	n/a	153.4	228.4	12.68	495.0
131.303	0.112	fixation	n/a	156.9	231.4	2909.0	n/a	n/a	n/a	n/a
131.417	0.018	saccade	n/a	151.9	231.2	n/a	124.1	224.5	1.01	81.0
131.437	0.186	fixation	n/a	131.5	225.9	2865.0	n/a	n/a	n/a	n/a
131.625	0.032	saccade	n/a	132.4	225.7	n/a	204.3	224.3	2.54	181.0
131.659	0.128	fixation	n/a	204.9	226.7	2845.0	n/a	n/a	n/a	n/a
131.789	0.018	saccade	n/a	208.9	227.2	n/a	241.0	224.1	1.15	85.0
131.809	0.156	fixation	n/a	238.1	224.4	2822.0	n/a	n/a	n/a	n/a
131.967	0.15	saccade	n/a	242.2	224.4	n/a	328.5	239.7	3.14	472.0
132.119	0.214	fixation	n/a	329.1	234.8	2811.0	n/a	n/a	n/a	n/a
132.335	0.028	saccade	n/a	331.0	232.1	n/a	385.0	231.3	1.94	133.0
132.365	0.206	fixation	n/a	381.9	230.6	2793.0	n/a	n/a	n/a	n/a
132.573	0.028	saccade	n/a	384.9	230.6	n/a	455.0	230.0	2.51	169.0
132.603	0.258	fixation	n/a	451.8	232.2	2729.0	n/a	n/a	n/a	n/a
132.863	0.036	saccade	n/a	452.5	233.1	n/a	559.4	236.1	3.81	225.0
132.901	0.17	fixation	n/a	559.1	233.2	2717.0	n/a	n/a	n/a	n/a
133.073	0.04	saccade	n/a	561.0	235.3	n/a	401.3	298.7	6.11	400.0
133.115	0.14	fixation	n/a	395.9	300.1	2798.0	n/a	n/a	n/a	n/a
133.257	0.056	saccade	n/a	394.8	298.1	n/a	184.0	285.0	7.49	449.0
133.315	0.096	fixation	n/a	176.3	288.4	2835.0	n/a	n/a	n/a	n/a
133.413	0.024	saccade	n/a	174.6	289.6	n/a	143.6	289.8	1.09	93.0
133.439	0.182	fixation	n/a	149.9	290.3	2833.0	n/a	n/a	n/a	n/a
133.623	0.026	saccade	n/a	150.4	293.1	n/a	197.9	295.5	1.68	123.0
133.651	0.104	fixation	n/a	192.8	292.3	2840.0	n/a	n/a	n/a	n/a
133.757	0.018	saccade	n/a	197.3	293.2	n/a	224.9	294.3	0.98	69.0
133.777	0.138	fixation	n/a	219.2	294.4	2840.0	n/a	n/a	n/a	n/a
133.917	0.036	saccade	n/a	217.7	292.2	n/a	324.8	298.0	3.82	268.0
133.955	0.328	fixation	n/a	323.2	296.3	2830.0	n/a	n/a	n/a	n/a
134.285	0.022	saccade	n/a	322.1	294.3	n/a	359.9	294.6	1.35	104.0
134.309	0.11	fixation	n/a	354.3	293.1	2811.0	n/a	n/a	n/a	n/a
134.421	0.03	saccade	n/a	356.2	291.7	n/a	425.2	295.5	2.47	179.0
134.453	0.134	fixation	n/a	422.1	295.9	2799.0	n/a	n/a	n/a	n/a
134.589	0.034	saccade	n/a	423.2	296.5	n/a	355.9	230.5	3.39	263.0
134.625	0.308	fixation	n/a	355.1	233.8	2813.0	n/a	n/a	n/a	n/a
134.935	0.034	saccade	n/a	356.3	235.2	n/a	306.8	161.8	3.21	220.0
134.971	0.42	fixation	n/a	311.0	167.7	2817.0	n/a	n/a	n/a	n/a
135.086	0.0	trigger_11	11	n/a	n/a	n/a	n/a	n/a	n/a	n/a
135.194	0.0	trigger_12	12	n/a	n/a	n/a	n/a	n/a	n/a	n/a
135.393	0.038	saccade	n/a	310.9	168.7	n/a	175.0	146.6	4.92	315.0
135.433	0.112	fixation	n/a	176.8	150.5	2845.0	n/a	n/a	n/a	n/a
135.547	0.016	saccade	n/a	172.9	154.8	n/a	150.2	152.9	0.81	68.0
135.565	0.112	fixation	n/a	156.8	152.8	2846.0	n/a	n/a	n/a	n/a
135.679	0.026	saccade	n/a	160.1	155.8	n/a	211.0	154.8	1.81	127.0
135.707	0.106	fixation	n/a	208.1	156.9	2866.0	n/a	n/a	n/a	n/a
135.815	0.028	saccade	n/a	211.7	155.9	n/a	267.2	159.5	1.99	151.0
135.845	0.08	fixation	n/a	263.3	157.8	2885.0	n/a	n/a	n/a	n/a
135.927	0.03	saccade	n/a	267.5	158.5	n/a	339.4	167.6	2.6	199.0
135.959	0.138	fixation	n/a	336.8	165.6	2900.0	n/a	n/a	n/a	n/a
136.099	0.026	saccade	n/a	340.6	164.6	n/a	387.9	164.8	1.7	125.0
136.127	0.422	fixation	n/a	394.4	168.0	2961.0	n/a	n/a	n/a	n/a
136.551	0.092	saccade	n/a	395.5	181.2	n/a	407.5	172.9	0.53	470.0
136.645	0.15	fixation	n/a	404.4	169.7	3041.0	n/a	n/a	n/a	n/a
136.797	0.026	saccade	n/a	404.6	167.4	n/a	459.3	165.6	1.97	145.0
136.825	1.374	fixation	n/a	447.7	161.6	3082.0	n/a	n/a	n/a	n/a
137.814	0.0	trigger_13	13	n/a	n/a	n/a	n/a	n/a	n/a	n/a
138.201	0.058	saccade	n/a	448.2	159.0	n/a	201.2	144.7	8.87	452.0
138.261	0.156	fixation	n/a	197.4	151.2	3359.0	n/a	n/a	n/a	n/a
138.419	0.02	saccade	n/a	193.3	152.0	n/a	164.5	145.5	1.05	84.0
138.441	0.2	fixation	n/a	171.6	149.0	3387.0	n/a	n/a	n/a	n/a
138.643	0.034	saccade	n/a	170.7	149.1	n/a	262.1	155.5	3.28	229.0
138.679	0.146	fixation	n/a	261.4	156.7	3350.0	n/a	n/a	n/a	n/a
138.827	0.026	saccade	n/a	264.2	156.6	n/a	309.8	160.9	1.65	117.0
138.855	0.094	fixation	n/a	304.3	159.2	3318.0	n/a	n/a	n/a	n/a
138.951	0.048	saccade	n/a	304.9	158.5	n/a	202.3	152.8	3.68	297.0
139.001	0.27	fixation	n/a	196.6	154.6	3308.0	n/a	n/a	n/a	n/a
139.273	0.044	saccade	n/a	197.2	158.7	n/a	150.5	304.1	5.49	280.0
139.319	0.202	fixation	n/a	148.0	300.0	3295.0	n/a	n/a	n/a	n/a
139.523	0.03	saccade	n/a	148.9	303.7	n/a	158.5	361.7	2.09	168.0
139.555	0.252	fixation	n/a	153.4	357.8	3263.0	n/a	n/a	n/a	n/a
139.809	0.02	saccade	n/a	150.3	358.3	n/a	124.0	351.1	0.95	84.0
139.831	0.22	fixation	n/a	135.0	356.0	3193.0	n/a	n/a	n/a	n/a
140.053	0.1	saccade	n/a	155.2	364.2	n/a	145.3	373.3	0.47	421.0
140.155	0.436	fixation	n/a	144.2	367.7	3209.0	n/a	n/a	n/a	n/a
140.593	0.022	saccade	n/a	142.1	369.1	n/a	167.1	408.6	1.64	106.0
140.617	0.234	fixation	n/a	166.9	403.0	3199.0	n/a	n/a	n/a	n/a
140.853	0.02	saccade	n/a	169.8	402.4	n/a	206.9	401.1	1.3	93.0
140.875	0.352	fixation	n/a	201.1	400.1	3224.0	n/a	n/a	n/a	n/a
141.229	0.034	saccade	n/a	203.2	402.0	n/a	293.5	417.8	3.22	226.0
141.265	0.24	fixation	n/a	294.3	415.8	3240.0	n/a	n/a	n/a	n/a
141.507	0.038	saccade	n/a	296.0	415.7	n/a	161.9	366.2	5.03	340.0
141.547	0.256	fixation	n/a	163.9	368.5	3307.0	n/a	n/a	n/a	n/a
141.805	0.018	saccade	n/a	162.8	365.2	n/a	142.2	347.3	0.96	72.0
141.825	0.374	fixation	n/a	151.7	348.0	3258.0	n/a	n/a	n/a	n/a
141.998	0.0	trigger_15	15	n/a	n/a	n/a	n/a	n/a	n/a	n/a
142.052	0.0	trigger_10	10	n/a	n/a	n/a	n/a	n/a	n/a	n/a
142.201	0.036	saccade	n/a	153.1	344.8	n/a	183.5	206.5	5.07	349.0
142.239	0.126	fixation	n/a	188.5	209.5	3259.0	n/a	n/a	n/a	n/a
142.367	0.03	saccade	n/a	191.3	208.4	n/a	140.6	161.1	2.49	188.0
142.399	0.212	fixation	n/a	145.0	165.3	3222.0	n/a	n/a	n/a	n/a
142.613	0.03	saccade	n/a	146.9	164.4	n/a	227.3	164.3	2.87	201.0
142.645	0.192	fixation	n/a	225.5	163.8	3172.0	n/a	n/a	n/a	n/a
142.839	0.022	saccade	n/a	225.2	163.5	n/a	193.1	163.4	1.14	92.0
142.863	0.12	fixation	n/a	201.8	163.4	3141.0	n/a	n/a	n/a	n/a
142.985	0.03	saccade	n/a	201.0	165.8	n/a	145.0	158.8	2.01	156.0
143.017	0.18	fixation	n/a	153.2	162.8	3144.0	n/a	n/a	n/a	n/a
143.199	0.028	saccade	n/a	157.3	163.2	n/a	216.2	164.3	2.1	160.0
143.229	0.288	fixation	n/a	213.0	163.4	3171.0	n/a	n/a	n/a	n/a
143.519	0.032	saccade	n/a	212.8	162.4	n/a	290.4	166.9	2.79	194.0
143.553	0.31	fixation	n/a	290.0	166.3	3207.0	n/a	n/a	n/a	n/a
143.865	0.016	saccade	n/a	295.1	165.5	n/a	316.3	166.9	0.76	62.0
143.883	0.304	fixation	n/a	312.6	167.9	3206.0	n/a	n/a	n/a	n/a
144.189	0.034	saccade	n/a	312.4	167.2	n/a	400.6	173.5	3.18	205.0
144.225	0.14	fixation	n/a	398.9	173.5	3215.0	n/a	n/a	n/a	n/a
144.367	0.038	saccade	n/a	400.5	173.9	n/a	534.2	170.9	4.8	283.0
144.407	0.224	fixation	n/a	535.6	170.6	3159.0	n/a	n/a	n/a	n/a
144.633	0.032	saccade	n/a	535.5	170.8	n/a	616.8	180.4	2.9	182.0
144.667	0.078	fixation	n/a	610.9	179.9	3086.0	n/a	n/a	n/a	n/a
144.747	0.014	saccade	n/a	615.0	181.1	n/a	632.2	183.0	0.61	50.0
144.763	0.108	fixation	n/a	626.8	181.2	3039.0	n/a	n/a	n/a	n/a
144.873	0.052	saccade	n/a	624.8	180.2	n/a	455.6	166.0	6.03	410.0
144.927	0.182	fixation	n/a	446.0	167.5	3027.0	n/a	n/a	n/a	n/a
145.111	0.046	saccade	n/a	444.0	168.2	n/a	161.5	237.4	10.38	486.0
145.159	0.108	fixation	n/a	160.4	235.7	3036.0	n/a	n/a	n/a	n/a
145.269	0.022	saccade	n/a	158.1	238.4	n/a	127.8	227.1	1.14	91.0
145.293	0.078	fixation	n/a	134.0	228.5	3014.0	n/a	n/a	n/a	n/a
145.373	0.032	saccade	n/a	134.7	228.7	n/a	206.6	231.3	2.55	195.0
145.407	0.186	fixation	n/a	205.6	228.2	2980.0	n/a	n/a	n/a	n/a
145.595	0.034	saccade	n/a	208.7	229.9	n/a	293.5	229.0	3.03	219.0
145.631	0.136	fixation	n/a	295.6	232.4	2931.0	n/a	n/a	n/a	n/a
145.769	0.146	saccade	n/a	309.2	250.9	n/a	318.2	251.6	0.32	531.0
145.817	0.042	blink	n/a	n/a	n/a	n/a	n/a	n/a	n/a	n/a
145.917	0.242	fixation	n/a	313.1	240.2	2956.0	n/a	n/a	n/a	n/a
146.161	0.132	saccade	n/a	315.2	242.0	n/a	319.4	261.6	0.73	586.0
146.213	0.024	blink	n/a	n/a	n/a	n/a	n/a	n/a	n/a	n/a
146.295	0.176	fixation	n/a	314.7	244.7	2932.0	n/a	n/a	n/a	n/a
146.473	0.034	saccade	n/a	315.3	237.5	n/a	391.6	168.8	3.71	245.0
146.509	0.24	fixation	n/a	394.4	167.4	2878.0	n/a	n/a	n/a	n/a
146.751	0.026	saccade	n/a	399.5	166.5	n/a	452.9	158.9	1.94	135.0
146.779	0.246	fixation	n/a	450.4	158.2	2785.0	n/a	n/a	n/a	n/a
147.027	0.018	saccade	n/a	453.9	159.1	n/a	480.8	158.5	0.97	69.0
147.047	0.104	fixation	n/a	476.6	159.0	2772.0	n/a	n/a	n/a	n/a
147.153	0.038	saccade	n/a	477.4	158.4	n/a	611.1	165.2	4.76	299.0
147.193	0.116	fixation	n/a	614.7	165.6	2743.0	n/a	n/a	n/a	n/a
147.311	0.052	saccade	n/a	616.4	166.7	n/a	298.3	209.2	11.42	472.0
147.365	0.172	fixation	n/a	295.9	213.0	2807.0	n/a	n/a	n/a	n/a
147.539	0.042	saccade	n/a	292.9	214.6	n/a	225.6	219.6	2.41	228.0
147.583	0.112	fixation	n/a	219.5	223.8	2892.0	n/a	n/a	n/a	n/a
147.697	0.102	saccade	n/a	227.6	235.4	n/a	257.0	220.5	1.18	417.0
147.801	0.078	fixation	n/a	255.5	220.2	2967.0	n/a	n/a	n/a	n/a
147.881	0.024	saccade	n/a	255.2	213.9	n/a	276.3	170.6	1.75	109.0
147.907	0.266	fixation	n/a	273.4	176.0	2987.0	n/a	n/a	n/a	n/a
147.928	0.0	trigger_11	11	n/a	n/a	n/a	n/a	n/a	n/a	n/a
148.032	0.0	trigger_10	10	n/a	n/a	n/a	n/a	n/a	n/a	n/a
148.175	0.036	saccade	n/a	275.5	181.4	n/a	165.7	159.9	4.0	293.0
148.213	0.116	fixation	n/a	168.4	164.5	2937.0	n/a	n/a	n/a	n/a
148.331	0.018	saccade	n/a	163.1	164.1	n/a	130.3	160.6	1.17	85.0
148.351	0.228	fixation	n/a	135.7	161.8	2917.0	n/a	n/a	n/a	n/a
148.581	0.026	saccade	n/a	132.7	161.1	n/a	180.8	163.9	1.71	121.0
148.609	0.258	fixation	n/a	180.2	162.5	2908.0	n/a	n/a	n/a	n/a
148.869	0.032	saccade	n/a	184.4	162.3	n/a	284.9	161.2	3.6	235.0
148.903	0.304	fixation	n/a	279.2	158.3	2916.0	n/a	n/a	n/a	n/a
149.209	0.028	saccade	n/a	272.2	157.0	n/a	319.8	157.5	1.72	130.0
149.239	0.244	fixation	n/a	317.4	159.5	2923.0	n/a	n/a	n/a	n/a
149.485	0.028	saccade	n/a	319.0	159.7	n/a	384.0	169.2	2.37	160.0
149.515	0.164	fixation	n/a	379.2	167.1	2905.0	n/a	n/a	n/a	n/a
149.681	0.014	saccade	n/a	382.5	168.3	n/a	400.6	168.3	0.65	52.0
149.697	0.092	fixation	n/a	397.8	168.2	2908.0	n/a	n/a	n/a	n/a
149.791	0.048	saccade	n/a	397.5	168.1	n/a	274.9	156.6	4.44	341.0
149.841	0.114	fixation	n/a	266.7	158.8	2914.0	n/a	n/a	n/a	n/a
149.957	0.016	saccade	n/a	260.6	162.3	n/a	235.7	163.2	0.89	71.0
149.975	0.108	fixation	n/a	243.3	161.6	2888.0	n/a	n/a	n/a	n/a
150.085	0.028	saccade	n/a	243.3	159.2	n/a	301.7	159.4	2.1	157.0
150.115	0.504	fixation	n/a	313.0	164.1	2875.0	n/a	n/a	n/a	n/a
150.621	0.032	saccade	n/a	317.9	165.1	n/a	388.2	168.9	2.54	184.0
150.655	0.31	fixation	n/a	384.9	168.3	2867.0	n/a	n/a	n/a	n/a
150.967	0.034	saccade	n/a	386.6	167.8	n/a	473.5	167.0	3.13	203.0
151.003	0.102	fixation	n/a	472.1	165.6	2888.0	n/a	n/a	n/a	n/a
151.107	0.026	saccade	n/a	474.3	164.5	n/a	523.1	169.7	1.76	123.0
151.135	0.204	fixation	n/a	521.2	168.9	2853.0	n/a	n/a	n/a	n/a
151.341	0.054	saccade	n/a	522.5	168.6	n/a	160.1	226.0	13.06	523.0
151.397	0.462	fixation	n/a	145.4	226.8	2858.0	n/a	n/a	n/a	n/a
151.861	0.03	saccade	n/a	143.4	226.3	n/a	219.3	225.0	2.7	186.0
151.893	0.272	fixation	n/a	220.6	225.2	2816.0	n/a	n/a	n/a	n/a
152.167	0.03	saccade	n/a	226.3	227.5	n/a	289.7	223.6	2.28	150.0
152.199	0.252	fixation	n/a	289.0	224.9	2838.0	n/a	n/a	n/a	n/a
152.453	0.034	saccade	n/a	292.6	224.6	n/a	374.7	157.8	3.83	238.0
152.489	0.726	fixation	n/a	381.7	161.0	2845.0	n/a	n/a	n/a	n/a
152.864	0.0	trigger_11	11	n/a	n/a	n/a	n/a	n/a	n/a	n/a
152.968	0.0	trigger_10	10	n/a	n/a	n/a	n/a	n/a	n/a	n/a
153.217	0.056	saccade	n/a	385.7	162.4	n/a	172.8	149.7	7.64	416.0
153.275	0.302	fixation	n/a	167.9	153.6	2859.0	n/a	n/a	n/a	n/a
153.579	0.032	saccade	n/a	172.5	157.1	n/a	262.8	156.1	3.23	220.0
153.613	0.252	fixation	n/a	264.7	156.7	2833.0	n/a	n/a	n/a	n/a
153.867	0.03	saccade	n/a	265.5	159.6	n/a	198.2	153.1	2.42	182.0
153.899	0.266	fixation	n/a	203.2	158.3	2821.0	n/a	n/a	n/a	n/a
154.167	0.032	saccade	n/a	206.3	159.9	n/a	280.8	158.6	2.68	188.0
154.201	0.438	fixation	n/a	281.4	157.6	2862.0	n/a	n/a	n/a	n/a
154.641	0.108	saccade	n/a	284.5	163.5	n/a	295.3	165.7	0.4	523.0
154.751	0.816	fixation	n/a	292.7	165.1	2952.0	n/a	n/a	n/a	n/a
155.569	0.024	saccade	n/a	295.2	165.6	n/a	344.1	164.9	1.76	126.0
155.595	0.154	fixation	n/a	337.1	162.0	3022.0	n/a	n/a	n/a	n/a
155.751	0.026	saccade	n/a	339.4	160.9	n/a	386.1	166.1	1.7	121.0
155.779	0.25	fixation	n/a	383.2	167.9	3118.0	n/a	n/a	n/a	n/a
156.031	0.016	saccade	n/a	387.9	170.2	n/a	410.9	172.0	0.83	67.0
156.049	0.416	fixation	n/a	403.8	172.9	3142.0	n/a	n/a	n/a	n/a
156.467	0.032	saccade	n/a	402.3	173.9	n/a	482.9	173.7	2.9	190.0
156.501	0.212	fixation	n/a	479.9	173.7	3159.0	n/a	n/a	n/a	n/a
156.715	0.02	saccade	n/a	484.4	174.2	n/a	518.5	178.0	1.23	90.0
156.737	0.212	fixation	n/a	513.4	176.4	3208.0	n/a	n/a	n/a	n/a
156.951	0.026	saccade	n/a	511.5	175.7	n/a	472.8	164.1	1.45	126.0
156.979	0.226	fixation	n/a	478.7	167.3	3194.0	n/a	n/a	n/a	n/a
157.207	0.034	saccade	n/a	479.0	168.1	n/a	582.4	179.3	3.7	251.0
157.243	0.268	fixation	n/a	579.7	176.7	3188.0	n/a	n/a	n/a	n/a
157.513	0.022	saccade	n/a	581.8	177.2	n/a	618.4	184.4	1.32	93.0
157.537	0.112	fixation	n/a	611.6	183.3	3190.0	n/a	n/a	n/a	n/a
157.651	0.022	saccade	n/a	615.3	182.6	n/a	654.0	188.4	1.37	97.0
157.675	0.196	fixation	n/a	647.0	186.9	3165.0	n/a	n/a	n/a	n/a
157.873	0.054	saccade	n/a	648.0	186.9	n/a	492.4	163.9	5.57	384.0
157.929	0.11	fixation	n/a	486.6	165.9	3193.0	n/a	n/a	n/a	n/a
158.041	0.038	saccade	n/a	485.8	166.8	n/a	630.3	187.2	5.18	314.0
158.081	0.138	fixation	n/a	632.2	186.4	3140.0	n/a	n/a	n/a	n/a
158.221	0.066	saccade	n/a	633.1	185.8	n/a	165.5	221.1	16.51	570.0
158.289	0.126	fixation	n/a	164.1	224.4	3187.0	n/a	n/a	n/a	n/a
158.417	0.024	saccade	n/a	159.2	225.7	n/a	130.3	228.4	1.02	96.0
158.443	0.15	fixation	n/a	136.6	229.5	3118.0	n/a	n/a	n/a	n/a
158.595	0.034	saccade	n/a	135.1	225.2	n/a	211.5	166.9	3.43	210.0
158.631	0.246	fixation	n/a	214.1	164.6	3083.0	n/a	n/a	n/a	n/a
158.879	0.032	saccade	n/a	218.2	165.2	n/a	297.0	162.9	2.83	210.0
158.913	0.164	fixation	n/a	297.3	162.8	3031.0	n/a	n/a	n/a	n/a
159.079	0.042	saccade	n/a	297.9	161.0	n/a	229.5	228.4	3.47	258.0
159.123	0.072	fixation	n/a	222.4	229.5	3008.0	n/a	n/a	n/a	n/a
159.197	0.028	saccade	n/a	219.1	232.9	n/a	168.2	232.1	1.81	169.0
159.227	0.196	fixation	n/a	171.8	235.4	2961.0	n/a	n/a	n/a	n/a
159.425	0.03	saccade	n/a	171.2	235.3	n/a	239.1	228.9	2.43	177.0
159.457	0.12	fixation	n/a	236.3	231.5	2949.0	n/a	n/a	n/a	n/a
159.579	0.014	saccade	n/a	241.2	232.6	n/a	259.4	233.2	0.65	52.0
159.595	0.618	fixation	n/a	259.8	236.2	2918.0	n/a	n/a	n/a	n/a
160.215	0.034	saccade	n/a	263.4	237.6	n/a	356.7	242.6	3.35	198.0
160.251	0.296	fixation	n/a	355.7	242.6	2905.0	n/a	n/a	n/a	n/a
160.549	0.026	saccade	n/a	359.9	242.5	n/a	409.1	242.1	1.77	123.0
160.577	0.168	fixation	n/a	404.8	241.8	2920.0	n/a	n/a	n/a	n/a
160.747	0.014	saccade	n/a	410.4	240.2	n/a	429.3	239.0	0.68	56.0
160.763	0.154	fixation	n/a	426.7	238.4	2898.0	n/a	n/a	n/a	n/a
160.919	0.04	saccade	n/a	427.2	236.5	n/a	569.4	237.6	5.06	296.0
160.961	0.378	fixation	n/a	575.3	234.6	2831.0	n/a	n/a	n/a	n/a
161.341	0.054	saccade	n/a	584.4	233.2	n/a	196.0	276.8	13.79	492.0
161.397	0.168	fixation	n/a	194.1	285.9	2823.0	n/a	n/a	n/a	n/a
161.567	0.028	saccade	n/a	192.6	288.5	n/a	140.0	289.0	1.86	163.0
161.597	0.478	fixation	n/a	143.2	291.7	2825.0	n/a	n/a	n/a	n/a
162.077	0.028	saccade	n/a	143.4	292.5	n/a	205.1	293.2	2.18	166.0
162.107	0.118	fixation	n/a	202.5	294.1	2765.0	n/a	n/a	n/a	n/a
162.227	0.03	saccade	n/a	207.1	294.9	n/a	280.7	290.3	2.62	192.0
162.259	0.09	fixation	n/a	278.8	289.5	2777.0	n/a	n/a	n/a	n/a
162.296	0.0	trigger_11	11	n/a	n/a	n/a	n/a	n/a	n/a	n/a
162.351	0.036	saccade	n/a	280.9	284.3	n/a	265.2	165.9	4.33	293.0
162.389	0.18	fixation	n/a	267.5	171.0	2816.0	n/a	n/a	n/a	n/a
162.4	0.0	trigger_10	10	n/a	n/a	n/a	n/a	n/a	n/a	n/a
162.571	0.034	saccade	n/a	266.5	171.8	n/a	173.4	146.8	3.45	263.0
162.607	0.104	fixation	n/a	175.9	152.5	2831.0	n/a	n/a	n/a	n/a
162.713	0.02	saccade	n/a	174.7	155.2	n/a	144.2	154.4	1.08	78.0
162.735	0.432	fixation	n/a	150.0	155.7	2835.0	n/a	n/a	n/a	n/a
163.169	0.026	saccade	n/a	151.6	155.2	n/a	202.3	157.4	1.8	135.0
163.197	0.222	fixation	n/a	202.3	159.4	2856.0	n/a	n/a	n/a	n/a
163.421	0.028	saccade	n/a	206.2	159.8	n/a	265.3	164.7	2.13	146.0
163.451	0.344	fixation	n/a	260.3	163.6	2959.0	n/a	n/a	n/a	n/a
163.797	0.03	saccade	n/a	259.1	163.1	n/a	336.9	165.7	2.8	192.0
163.829	0.2	fixation	n/a	334.2	167.8	2972.0	n/a	n/a	n/a	n/a
164.031	0.032	saccade	n/a	335.3	167.9	n/a	432.8	172.0	3.51	226.0
164.065	0.192	fixation	n/a	431.5	172.8	2951.0	n/a	n/a	n/a	n/a
164.259	0.016	saccade	n/a	429.6	173.6	n/a	406.1	171.0	0.85	69.0
164.277	0.072	fixation	n/a	414.3	171.2	2948.0	n/a	n/a	n/a	n/a
164.351	0.026	saccade	n/a	416.7	171.9	n/a	464.5	176.9	1.73	130.0
164.379	0.214	fixation	n/a	459.5	174.9	2911.0	n/a	n/a	n/a	n/a
164.595	0.048	saccade	n/a	458.1	173.9	n/a	207.2	152.8	9.01	421.0
164.645	0.118	fixation	n/a	209.0	159.1	2915.0	n/a	n/a	n/a	n/a
164.765	0.03	saccade	n/a	206.6	160.1	n/a	152.6	161.7	1.92	158.0
164.797	0.476	fixation	n/a	154.7	162.1	2938.0	n/a	n/a	n/a	n/a
164.912	0.0	trigger_11	11	n/a	n/a	n/a	n/a	n/a	n/a	n/a
165.016	0.0	trigger_10	10	n/a	n/a	n/a	n/a	n/a	n/a	n/a
165.275	0.02	saccade	n/a	154.4	158.1	n/a	192.1	157.6	1.34	94.0
165.297	0.43	fixation	n/a	185.1	160.6	2963.0	n/a	n/a	n/a	n/a
165.729	0.032	saccade	n/a	179.1	161.2	n/a	265.6	165.8	3.1	231.0
165.763	0.092	fixation	n/a	265.9	165.1	2950.0	n/a	n/a	n/a	n/a
165.857	0.03	saccade	n/a	270.1	163.7	n/a	333.4	160.9	2.28	184.0
165.889	0.098	fixation	n/a	332.7	161.6	2969.0	n/a	n/a	n/a	n/a
165.989	0.028	saccade	n/a	338.3	164.9	n/a	394.4	169.2	2.03	154.0
166.019	0.138	fixation	n/a	391.7	168.6	2986.0	n/a	n/a	n/a	n/a
166.159	0.032	saccade	n/a	394.6	168.5	n/a	479.7	169.0	3.06	208.0
166.193	0.42	fixation	n/a	489.0	169.0	2889.0	n/a	n/a	n/a	n/a
166.615	0.03	saccade	n/a	499.3	170.8	n/a	577.6	176.9	2.8	171.0
166.647	0.21	fixation	n/a	574.7	173.9	2851.0	n/a	n/a	n/a	n/a
166.859	0.052	saccade	n/a	575.9	175.8	n/a	235.6	208.4	12.17	493.0
166.913	0.094	fixation	n/a	231.6	210.4	2903.0	n/a	n/a	n/a	n/a
167.009	0.026	saccade	n/a	228.9	213.4	n/a	189.5	226.2	1.48	124.0
167.037	0.218	fixation	n/a	192.9	227.8	2866.0	n/a	n/a	n/a	n/a
167.257	0.022	saccade	n/a	196.2	228.1	n/a	231.6	228.0	1.26	93.0
167.281	0.118	fixation	n/a	227.6	229.2	2866.0	n/a	n/a	n/a	n/a
167.401	0.032	saccade	n/a	229.1	224.4	n/a	218.3	155.1	2.54	184.0
167.435	0.534	fixation	n/a	220.7	158.8	2850.0	n/a	n/a	n/a	n/a
167.704	0.0	trigger_11	11	n/a	n/a	n/a	n/a	n/a	n/a	n/a
167.808	0.0	trigger_10	10	n/a	n/a	n/a	n/a	n/a	n/a	n/a
167.971	0.028	saccade	n/a	218.4	159.7	n/a	170.7	152.6	1.72	138.0
168.001	0.126	fixation	n/a	174.9	155.5	2887.0	n/a	n/a	n/a	n/a
168.129	0.018	saccade	n/a	171.0	156.8	n/a	142.5	158.7	1.01	74.0
168.149	0.242	fixation	n/a	147.0	157.4	2928.0	n/a	n/a	n/a	n/a
168.393	0.022	saccade	n/a	149.1	160.7	n/a	187.8	158.2	1.38	104.0
168.417	0.23	fixation	n/a	183.3	157.8	2949.0	n/a	n/a	n/a	n/a
168.649	0.02	saccade	n/a	187.1	159.5	n/a	216.3	159.4	1.04	73.0
168.671	0.16	fixation	n/a	213.8	160.1	2972.0	n/a	n/a	n/a	n/a
168.833	0.028	saccade	n/a	217.8	161.2	n/a	273.8	168.4	2.02	148.0
168.863	0.468	fixation	n/a	271.9	166.6	2999.0	n/a	n/a	n/a	n/a
169.333	0.014	saccade	n/a	275.9	167.5	n/a	291.7	166.4	0.57	46.0
169.349	0.122	fixation	n/a	291.6	166.5	2972.0	n/a	n/a	n/a	n/a
169.473	0.026	saccade	n/a	296.0	166.8	n/a	345.1	170.7	1.78	128.0
169.501	0.122	fixation	n/a	341.3	168.2	2987.0	n/a	n/a	n/a	n/a
169.625	0.024	saccade	n/a	343.6	169.4	n/a	385.1	171.9	1.5	105.0
169.651	0.268	fixation	n/a	380.6	171.0	2999.0	n/a	n/a	n/a	n/a
169.921	0.016	saccade	n/a	377.8	170.9	n/a	351.4	169.5	0.95	76.0
169.939	0.478	fixation	n/a	349.8	169.8	2965.0	n/a	n/a	n/a	n/a
170.419	0.024	saccade	n/a	346.5	170.3	n/a	394.6	174.2	1.74	130.0
170.445	0.24	fixation	n/a	389.4	173.6	2980.0	n/a	n/a	n/a	n/a
170.687	0.018	saccade	n/a	392.2	174.6	n/a	415.0	173.5	0.82	60.0
170.707	0.266	fixation	n/a	410.0	172.9	3008.0	n/a	n/a	n/a	n/a
170.975	0.04	saccade	n/a	408.6	171.1	n/a	232.2	156.5	6.36	390.0
171.017	0.13	fixation	n/a	234.1	158.3	3004.0	n/a	n/a	n/a	n/a
171.149	0.026	saccade	n/a	230.1	160.0	n/a	179.2	157.4	1.82	136.0
171.177	0.172	fixation	n/a	187.5	160.2	2993.0	n/a	n/a	n/a	n/a
171.351	0.026	saccade	n/a	182.9	161.1	n/a	138.2	160.4	1.59	139.0
171.379	0.226	fixation	n/a	144.3	162.9	2982.0	n/a	n/a	n/a	n/a
171.607	0.03	saccade	n/a	142.5	160.2	n/a	212.3	160.8	2.48	193.0
171.639	0.426	fixation	n/a	213.1	163.3	2944.0	n/a	n/a	n/a	n/a
171.722	0.0	trigger_11	11	n/a	n/a	n/a	n/a	n/a	n/a	n/a
171.824	0.0	trigger_10	10	n/a	n/a	n/a	n/a	n/a	n/a	n/a
172.067	0.03	saccade	n/a	213.4	164.5	n/a	150.2	155.8	2.28	174.0
172.099	0.178	fixation	n/a	154.2	156.4	2950.0	n/a	n/a	n/a	n/a
172.279	0.028	saccade	n/a	154.4	154.9	n/a	212.1	159.9	2.06	143.0
172.309	0.118	fixation	n/a	207.1	159.2	2957.0	n/a	n/a	n/a	n/a
172.429	0.018	saccade	n/a	210.0	159.3	n/a	235.3	160.0	0.91	64.0
172.449	0.122	fixation	n/a	231.3	162.3	2955.0	n/a	n/a	n/a	n/a
172.573	0.036	saccade	n/a	232.1	162.5	n/a	355.7	167.9	4.45	287.0
172.611	0.306	fixation	n/a	356.8	167.7	2940.0	n/a	n/a	n/a	n/a
172.919	0.03	saccade	n/a	361.8	170.4	n/a	430.5	172.5	2.48	158.0
172.951	0.118	fixation	n/a	426.4	172.6	2912.0	n/a	n/a	n/a	n/a
173.071	0.018	saccade	n/a	431.7	173.9	n/a	464.5	174.2	1.18	85.0
173.091	0.316	fixation	n/a	460.7	170.5	2883.0	n/a	n/a	n/a	n/a
173.409	0.028	saccade	n/a	464.3	172.9	n/a	521.8	173.4	2.06	138.0
173.439	0.136	fixation	n/a	518.3	172.0	2866.0	n/a	n/a	n/a	n/a
173.577	0.024	saccade	n/a	523.6	170.4	n/a	566.7	172.2	1.54	107.0
173.603	0.152	fixation	n/a	562.2	173.0	2886.0	n/a	n/a	n/a	n/a
173.757	0.03	saccade	n/a	562.4	172.6	n/a	498.6	169.2	2.28	167.0
173.789	0.212	fixation	n/a	505.4	171.3	2917.0	n/a	n/a	n/a	n/a
174.003	0.03	saccade	n/a	503.8	169.4	n/a	575.2	173.8	2.55	174.0
174.035	0.026	fixation	n/a	569.2	174.3	2873.0	n/a	n/a	n/a	n/a
174.063	0.06	saccade	n/a	569.7	175.9	n/a	137.7	223.4	15.36	554.0
174.125	0.446	fixation	n/a	134.7	226.1	2849.0	n/a	n/a	n/a	n/a
174.573	0.026	saccade	n/a	134.3	227.2	n/a	185.8	227.0	1.82	134.0
174.601	0.364	fixation	n/a	185.1	225.9	2770.0	n/a	n/a	n/a	n/a
174.967	0.032	saccade	n/a	186.0	223.9	n/a	270.2	227.3	3.0	222.0
175.001	1.024	fixation	n/a	279.5	227.8	2815.0	n/a	n/a	n/a	n/a
176.027	0.032	saccade	n/a	283.1	225.1	n/a	370.9	236.6	3.18	204.0
176.061	0.304	fixation	n/a	370.6	234.2	2967.0	n/a	n/a	n/a	n/a
176.367	0.034	saccade	n/a	373.5	235.8	n/a	463.5	231.7	3.24	216.0
176.403	0.214	fixation	n/a	461.7	229.8	2956.0	n/a	n/a	n/a	n/a
176.619	0.016	saccade	n/a	468.0	230.9	n/a	487.9	231.3	0.71	56.0
176.637	0.28	fixation	n/a	483.9	231.8	2911.0	n/a	n/a	n/a	n/a
176.919	0.032	saccade	n/a	484.2	231.9	n/a	574.5	233.0	3.21	200.0
176.953	0.536	fixation	n/a	573.1	233.5	2884.0	n/a	n/a	n/a	n/a
177.491	0.07	saccade	n/a	574.5	234.4	n/a	161.9	294.9	14.71	470.0
177.563	0.104	fixation	n/a	164.5	298.7	2957.0	n/a	n/a	n/a	n/a
177.669	0.022	saccade	n/a	158.6	299.5	n/a	131.2	290.9	1.01	84.0
177.693	0.074	fixation	n/a	137.9	293.0	2971.0	n/a	n/a	n/a	n/a
177.769	0.014	saccade	n/a	133.2	294.1	n/a	114.7	292.7	0.65	52.0
177.785	0.228	fixation	n/a	117.2	293.0	2993.0	n/a	n/a	n/a	n/a
178.015	0.03	saccade	n/a	120.4	294.7	n/a	191.1	300.7	2.49	193.0
178.047	0.31	fixation	n/a	192.5	299.7	2915.0	n/a	n/a	n/a	n/a
178.359	0.034	saccade	n/a	197.0	298.6	n/a	283.2	231.1	3.92	226.0
178.395	0.208	fixation	n/a	282.0	229.9	2885.0	n/a	n/a	n/a	n/a
178.605	0.048	saccade	n/a	281.8	227.9	n/a	164.4	224.9	4.17	312.0
178.655	0.116	fixation	n/a	157.8	225.4	2857.0	n/a	n/a	n/a	n/a
178.773	0.02	saccade	n/a	157.7	225.3	n/a	123.8	220.9	1.2	87.0
178.795	0.102	fixation	n/a	133.9	221.1	2822.0	n/a	n/a	n/a	n/a
178.899	0.034	saccade	n/a	135.1	218.4	n/a	208.7	174.6	3.05	213.0
178.935	0.124	fixation	n/a	212.7	176.3	2811.0	n/a	n/a	n/a	n/a
179.061	0.022	saccade	n/a	216.5	172.7	n/a	248.7	153.4	1.35	88.0
179.085	0.25	fixation	n/a	244.0	157.7	2836.0	n/a	n/a	n/a	n/a
179.337	0.026	saccade	n/a	247.6	158.2	n/a	299.3	154.2	1.86	130.0
179.365	0.136	fixation	n/a	296.8	155.2	2858.0	n/a	n/a	n/a	n/a
179.466	0.0	trigger_11	11	n/a	n/a	n/a	n/a	n/a	n/a	n/a
179.503	0.028	saccade	n/a	298.0	156.6	n/a	245.1	155.4	1.9	157.0
179.533	0.258	fixation	n/a	251.2	157.5	2914.0	n/a	n/a	n/a	n/a
179.568	0.0	trigger_10	10	n/a	n/a	n/a	n/a	n/a	n/a	n/a
179.793	0.036	saccade	n/a	250.6	159.8	n/a	146.1	159.3	3.73	272.0
179.831	0.358	fixation	n/a	148.0	164.7	2974.0	n/a	n/a	n/a	n/a
180.191	0.032	saccade	n/a	148.1	169.5	n/a	229.6	167.4	2.9	192.0
180.225	0.738	fixation	n/a	244.2	165.8	3022.0	n/a	n/a	n/a	n/a
180.965	0.03	saccade	n/a	255.1	167.7	n/a	321.7	165.3	2.39	174.0
180.997	0.192	fixation	n/a	319.5	166.3	3049.0	n/a	n/a	n/a	n/a
181.191	0.138	saccade	n/a	321.2	176.4	n/a	342.9	183.8	0.83	660.0
181.245	0.028	blink	n/a	n/a	n/a	n/a	n/a	n/a	n/a	n/a
181.331	0.892	fixation	n/a	338.3	175.6	2958.0	n/a	n/a	n/a	n/a
182.225	0.024	saccade	n/a	333.0	171.0	n/a	294.7	159.0	1.45	108.0
182.251	0.158	fixation	n/a	302.9	159.9	2969.0	n/a	n/a	n/a	n/a
182.411	0.026	saccade	n/a	302.3	158.8	n/a	347.4	161.6	1.63	116.0
182.439	0.494	fixation	n/a	342.6	166.1	3057.0	n/a	n/a	n/a	n/a
182.61	0.0	trigger_11	11	n/a	n/a	n/a	n/a	n/a	n/a	n/a
182.714	0.0	trigger_10	10	n/a	n/a	n/a	n/a	n/a	n/a	n/a
182.935	0.036	saccade	n/a	341.7	167.0	n/a	230.2	152.1	4.04	280.0
182.973	0.094	fixation	n/a	234.2	154.9	3013.0	n/a	n/a	n/a	n/a
183.069	0.03	saccade	n/a	232.0	154.3	n/a	178.0	157.4	1.93	170.0
183.101	0.4	fixation	n/a	171.1	163.7	3022.0	n/a	n/a	n/a	n/a
183.503	0.032	saccade	n/a	168.6	165.8	n/a	251.8	167.5	2.97	206.0
183.537	0.128	fixation	n/a	251.4	166.7	2987.0	n/a	n/a	n/a	n/a
183.667	0.032	saccade	n/a	255.9	166.7	n/a	345.0	168.2	3.2	212.0
183.701	0.096	fixation	n/a	343.3	167.8	2986.0	n/a	n/a	n/a	n/a
183.799	0.02	saccade	n/a	349.0	169.3	n/a	386.2	171.3	1.34	92.0
183.821	0.518	fixation	n/a	381.6	171.6	2943.0	n/a	n/a	n/a	n/a
184.341	0.028	saccade	n/a	383.5	170.4	n/a	448.8	171.8	2.35	163.0
184.371	0.456	fixation	n/a	445.9	171.3	2904.0	n/a	n/a	n/a	n/a
184.829	0.034	saccade	n/a	446.5	170.0	n/a	541.4	172.9	3.38	206.0
184.865	0.762	fixation	n/a	550.6	173.6	2901.0	n/a	n/a	n/a	n/a
185.629	0.05	saccade	n/a	554.4	174.1	n/a	411.5	168.7	5.11	353.0
185.681	0.102	fixation	n/a	404.1	168.3	2923.0	n/a	n/a	n/a	n/a
185.785	0.02	saccade	n/a	401.8	170.8	n/a	370.9	165.5	1.13	83.0
185.807	0.078	fixation	n/a	377.6	167.5	2943.0	n/a	n/a	n/a	n/a
185.887	0.054	saccade	n/a	376.1	167.7	n/a	173.2	216.6	7.46	409.0
185.943	0.102	fixation	n/a	163.9	218.4	2988.0	n/a	n/a	n/a	n/a
186.047	0.022	saccade	n/a	161.3	221.9	n/a	129.6	225.9	1.13	95.0
186.071	0.114	fixation	n/a	135.5	225.4	2944.0	n/a	n/a	n/a	n/a
186.187	0.034	saccade	n/a	138.0	227.0	n/a	228.9	227.2	3.22	220.0
186.223	0.128	fixation	n/a	232.1	226.5	2885.0	n/a	n/a	n/a	n/a
186.353	0.016	saccade	n/a	237.4	227.6	n/a	256.2	228.8	0.67	55.0
186.371	0.288	fixation	n/a	252.2	227.9	2831.0	n/a	n/a	n/a	n/a
186.661	0.03	saccade	n/a	254.0	226.2	n/a	317.9	234.8	2.31	163.0
186.693	0.178	fixation	n/a	319.5	234.2	2767.0	n/a	n/a	n/a	n/a
186.873	0.034	saccade	n/a	323.7	233.9	n/a	415.0	242.5	3.29	220.0
186.909	0.21	fixation	n/a	415.2	240.4	2756.0	n/a	n/a	n/a	n/a
187.121	0.034	saccade	n/a	417.9	239.1	n/a	518.6	236.7	3.6	222.0
187.157	0.136	fixation	n/a	518.7	234.1	2711.0	n/a	n/a	n/a	n/a
187.295	0.028	saccade	n/a	523.3	234.0	n/a	592.2	236.8	2.44	159.0
187.325	0.358	fixation	n/a	591.9	237.7	2693.0	n/a	n/a	n/a	n/a
187.685	0.034	saccade	n/a	597.0	236.7	n/a	529.6	178.1	3.18	252.0
187.721	0.194	fixation	n/a	531.1	172.9	2716.0	n/a	n/a	n/a	n/a
187.917	0.05	saccade	n/a	529.9	172.2	n/a	398.7	165.4	4.71	356.0
187.969	0.196	fixation	n/a	386.5	163.3	2767.0	n/a	n/a	n/a	n/a
188.167	0.038	saccade	n/a	379.6	164.9	n/a	232.0	157.8	5.31	344.0
188.207	0.134	fixation	n/a	231.9	160.0	2804.0	n/a	n/a	n/a	n/a
188.343	0.026	saccade	n/a	229.1	160.7	n/a	187.8	155.8	1.48	125.0
188.371	0.1	fixation	n/a	191.3	157.4	2799.0	n/a	n/a	n/a	n/a
188.473	0.032	saccade	n/a	190.9	156.7	n/a	283.9	157.8	3.33	239.0
188.507	0.32	fixation	n/a	285.0	155.7	2828.0	n/a	n/a	n/a	n/a
188.53	0.0	trigger_11	11	n/a	n/a	n/a	n/a	n/a	n/a	n/a
188.666	0.0	trigger_10	10	n/a	n/a	n/a	n/a	n/a	n/a	n/a
188.829	0.034	saccade	n/a	287.6	157.7	n/a	196.2	149.7	3.29	234.0
188.865	0.108	fixation	n/a	200.5	151.8	2856.0	n/a	n/a	n/a	n/a
188.975	0.024	saccade	n/a	197.0	151.8	n/a	160.3	151.0	1.3	102.0
189.001	0.546	fixation	n/a	160.6	156.1	2884.0	n/a	n/a	n/a	n/a
189.549	0.028	saccade	n/a	158.0	156.9	n/a	221.4	158.7	2.25	167.0
189.579	0.158	fixation	n/a	218.7	161.1	2890.0	n/a	n/a	n/a	n/a
189.739	0.03	saccade	n/a	222.0	161.3	n/a	283.4	160.9	2.2	170.0
189.771	0.216	fixation	n/a	282.5	162.2	2904.0	n/a	n/a	n/a	n/a
189.989	0.034	saccade	n/a	281.1	161.8	n/a	368.9	172.0	3.18	202.0
190.025	0.164	fixation	n/a	367.6	169.0	2837.0	n/a	n/a	n/a	n/a
190.191	0.03	saccade	n/a	369.9	165.7	n/a	439.7	167.0	2.51	161.0
190.223	0.11	fixation	n/a	435.8	165.0	2788.0	n/a	n/a	n/a	n/a
190.335	0.032	saccade	n/a	438.9	165.3	n/a	532.8	167.6	3.35	184.0
190.369	0.122	fixation	n/a	530.3	166.7	2754.0	n/a	n/a	n/a	n/a
190.493	0.026	saccade	n/a	534.3	165.3	n/a	588.9	172.7	1.95	130.0
190.521	0.194	fixation	n/a	584.7	171.2	2745.0	n/a	n/a	n/a	n/a
190.717	0.06	saccade	n/a	590.6	171.6	n/a	151.2	210.4	15.59	555.0
190.779	0.336	fixation	n/a	156.5	217.2	2730.0	n/a	n/a	n/a	n/a
191.117	0.016	saccade	n/a	162.2	220.5	n/a	182.0	227.3	0.74	58.0
191.135	0.14	fixation	n/a	177.2	224.0	2744.0	n/a	n/a	n/a	n/a
191.277	0.026	saccade	n/a	180.5	221.1	n/a	227.8	203.0	1.8	136.0
191.305	0.064	fixation	n/a	225.2	205.6	2761.0	n/a	n/a	n/a	n/a
191.371	0.032	saccade	n/a	225.3	204.4	n/a	169.2	162.5	2.5	213.0
191.405	0.16	fixation	n/a	169.4	166.2	2759.0	n/a	n/a	n/a	n/a
191.567	0.052	saccade	n/a	167.6	165.3	n/a	321.4	220.7	5.84	352.0
191.621	0.176	fixation	n/a	340.2	230.8	2742.0	n/a	n/a	n/a	n/a
191.799	0.03	saccade	n/a	343.7	233.0	n/a	418.6	235.2	2.69	193.0
191.831	0.826	fixation	n/a	419.9	236.3	2740.0	n/a	n/a	n/a	n/a
192.659	0.028	saccade	n/a	422.2	236.8	n/a	472.2	240.0	1.79	133.0
192.689	0.232	fixation	n/a	469.5	238.3	2748.0	n/a	n/a	n/a	n/a
192.923	0.026	saccade	n/a	472.6	238.4	n/a	529.3	240.0	2.02	140.0
192.951	0.244	fixation	n/a	525.0	239.0	2795.0	n/a	n/a	n/a	n/a
193.197	0.028	saccade	n/a	529.9	241.3	n/a	588.4	245.9	2.07	147.0
193.227	0.102	fixation	n/a	584.8	244.8	2796.0	n/a	n/a	n/a	n/a
193.331	0.054	saccade	n/a	586.3	245.4	n/a	205.4	174.5	13.72	539.0
193.387	0.114	fixation	n/a	207.9	174.6	2857.0	n/a	n/a	n/a	n/a
193.503	0.03	saccade	n/a	203.8	175.4	n/a	148.6	158.0	2.06	165.0
193.535	0.162	fixation	n/a	152.7	163.8	2859.0	n/a	n/a	n/a	n/a
193.699	0.026	saccade	n/a	154.1	164.9	n/a	200.6	158.4	1.67	125.0
193.727	0.288	fixation	n/a	199.1	159.9	2863.0	n/a	n/a	n/a	n/a
193.746	0.0	trigger_11	11	n/a	n/a	n/a	n/a	n/a	n/a	n/a
193.85	0.0	trigger_10	10	n/a	n/a	n/a	n/a	n/a	n/a	n/a
194.017	0.028	saccade	n/a	197.5	161.2	n/a	144.0	157.4	1.9	153.0
194.047	0.152	fixation	n/a	148.2	160.0	2872.0	n/a	n/a	n/a	n/a
194.201	0.03	saccade	n/a	149.3	160.2	n/a	226.7	159.8	2.75	207.0
194.233	0.158	fixation	n/a	225.5	159.3	2885.0	n/a	n/a	n/a	n/a
194.393	0.032	saccade	n/a	226.9	159.3	n/a	143.1	158.3	2.98	233.0
194.427	0.194	fixation	n/a	146.8	160.6	2857.0	n/a	n/a	n/a	n/a
194.623	0.032	saccade	n/a	148.3	160.8	n/a	234.3	157.6	3.06	211.0
194.657	0.096	fixation	n/a	230.7	155.9	2841.0	n/a	n/a	n/a	n/a
194.755	0.14	saccade	n/a	238.8	162.0	n/a	272.1	165.0	1.2	636.0
194.803	0.03	blink	n/a	n/a	n/a	n/a	n/a	n/a	n/a	n/a
194.897	0.106	fixation	n/a	270.5	162.2	2860.0	n/a	n/a	n/a	n/a
195.005	0.026	saccade	n/a	271.6	161.7	n/a	315.1	163.7	1.56	124.0
195.033	0.124	fixation	n/a	311.7	162.8	2865.0	n/a	n/a	n/a	n/a
195.159	0.016	saccade	n/a	317.4	163.9	n/a	339.8	165.3	0.81	62.0
195.177	0.258	fixation	n/a	335.2	163.8	2825.0	n/a	n/a	n/a	n/a
195.437	0.032	saccade	n/a	338.9	166.2	n/a	415.7	168.4	2.76	195.0
195.471	0.256	fixation	n/a	415.6	164.0	2732.0	n/a	n/a	n/a	n/a
195.729	0.028	saccade	n/a	419.4	163.8	n/a	476.7	164.2	2.06	137.0
195.759	0.31	fixation	n/a	473.2	163.6	2712.0	n/a	n/a	n/a	n/a
196.071	0.03	saccade	n/a	475.4	166.0	n/a	544.7	169.2	2.48	167.0
196.103	0.294	fixation	n/a	542.9	167.1	2701.0	n/a	n/a	n/a	n/a
196.399	0.028	saccade	n/a	545.5	168.3	n/a	610.8	176.4	2.33	143.0
196.429	0.116	fixation	n/a	606.5	176.2	2719.0	n/a	n/a	n/a	n/a
196.547	0.058	saccade	n/a	605.3	176.5	n/a	160.1	209.4	15.75	546.0
196.607	0.324	fixation	n/a	158.2	220.7	2745.0	n/a	n/a	n/a	n/a
196.933	0.018	saccade	n/a	155.4	224.8	n/a	181.7	227.2	0.93	71.0
196.953	0.202	fixation	n/a	174.7	225.8	2752.0	n/a	n/a	n/a	n/a
197.157	0.028	saccade	n/a	172.4	227.5	n/a	115.5	222.9	2.01	161.0
197.187	0.206	fixation	n/a	121.5	224.6	2773.0	n/a	n/a	n/a	n/a
197.395	0.038	saccade	n/a	123.3	225.9	n/a	254.2	158.4	5.25	294.0
197.435	0.232	fixation	n/a	260.0	156.3	2787.0	n/a	n/a	n/a	n/a
197.669	0.052	saccade	n/a	262.8	156.1	n/a	611.9	183.1	12.42	510.0
197.723	0.202	fixation	n/a	628.0	185.7	2752.0	n/a	n/a	n/a	n/a
197.927	0.084	saccade	n/a	630.9	185.5	n/a	131.9	208.1	17.56	579.0
198.013	0.126	fixation	n/a	137.0	211.2	2789.0	n/a	n/a	n/a	n/a
198.141	0.022	saccade	n/a	137.7	213.8	n/a	174.4	226.3	1.37	102.0
198.165	0.52	fixation	n/a	161.3	225.8	2805.0	n/a	n/a	n/a	n/a
198.687	0.024	saccade	n/a	152.6	229.5	n/a	116.4	222.4	1.3	110.0
198.713	0.154	fixation	n/a	123.3	223.7	2828.0	n/a	n/a	n/a	n/a
198.869	0.028	saccade	n/a	123.5	222.4	n/a	178.2	222.8	1.93	140.0
198.899	0.104	fixation	n/a	174.1	222.3	2841.0	n/a	n/a	n/a	n/a
198.994	0.0	trigger_11	11	n/a	n/a	n/a	n/a	n/a	n/a	n/a
199.005	0.028	saccade	n/a	175.8	217.0	n/a	178.2	161.8	1.99	143.0
199.035	0.222	fixation	n/a	182.4	167.1	2868.0	n/a	n/a	n/a	n/a
199.1	0.0	trigger_10	10	n/a	n/a	n/a	n/a	n/a	n/a	n/a
199.259	0.028	saccade	n/a	179.6	165.3	n/a	131.3	152.5	1.77	135.0
199.289	0.294	fixation	n/a	135.2	156.7	2874.0	n/a	n/a	n/a	n/a
199.585	0.028	saccade	n/a	136.2	157.9	n/a	194.4	161.0	2.07	144.0
199.615	0.318	fixation	n/a	193.0	163.2	2844.0	n/a	n/a	n/a	n/a
199.935	0.024	saccade	n/a	199.4	164.1	n/a	238.2	163.3	1.39	106.0
199.961	0.134	fixation	n/a	233.4	163.0	2848.0	n/a	n/a	n/a	n/a
200.097	0.032	saccade	n/a	236.1	163.1	n/a	314.5	166.4	2.81	193.0
200.131	0.136	fixation	n/a	313.8	166.0	2851.0	n/a	n/a	n/a	n/a
200.269	0.018	saccade	n/a	317.3	165.6	n/a	344.5	167.3	0.98	71.0
200.289	0.288	fixation	n/a	337.9	164.7	2861.0	n/a	n/a	n/a	n/a
200.579	0.026	saccade	n/a	333.4	162.1	n/a	381.7	167.1	1.75	131.0
200.607	0.136	fixation	n/a	377.7	167.2	2822.0	n/a	n/a	n/a	n/a
200.745	0.018	saccade	n/a	382.9	166.0	n/a	411.8	162.4	1.05	75.0
200.765	0.126	fixation	n/a	407.2	161.1	2832.0	n/a	n/a	n/a	n/a
200.893	0.028	saccade	n/a	410.4	163.0	n/a	474.5	168.2	2.31	157.0
200.923	0.066	fixation	n/a	470.1	168.0	2837.0	n/a	n/a	n/a	n/a
200.991	0.11	saccade	n/a	469.3	171.9	n/a	473.1	177.0	0.23	630.0
201.041	0.01	blink	n/a	n/a	n/a	n/a	n/a	n/a	n/a	n/a
201.103	0.48	fixation	n/a	470.5	168.0	2843.0	n/a	n/a	n/a	n/a
201.585	0.028	saccade	n/a	471.9	165.0	n/a	530.3	167.4	2.09	145.0
201.615	0.118	fixation	n/a	524.9	166.1	2753.0	n/a	n/a	n/a	n/a
201.735	0.022	saccade	n/a	523.1	166.5	n/a	486.4	163.7	1.32	92.0
201.759	0.214	fixation	n/a	487.2	164.0	2756.0	n/a	n/a	n/a	n/a
201.975	0.03	saccade	n/a	481.4	164.3	n/a	546.2	167.7	2.32	172.0
202.007	0.112	fixation	n/a	542.4	168.1	2774.0	n/a	n/a	n/a	n/a
202.121	0.052	saccade	n/a	541.6	168.8	n/a	173.7	221.0	13.2	554.0
202.175	0.118	fixation	n/a	171.1	223.1	2820.0	n/a	n/a	n/a	n/a
202.295	0.024	saccade	n/a	166.2	225.3	n/a	133.7	223.6	1.15	101.0
202.321	0.312	fixation	n/a	130.2	225.1	2761.0	n/a	n/a	n/a	n/a
202.635	0.032	saccade	n/a	126.7	223.1	n/a	203.7	228.3	2.73	182.0
202.669	0.516	fixation	n/a	205.6	227.1	2761.0	n/a	n/a	n/a	n/a
203.187	0.024	saccade	n/a	208.7	227.4	n/a	255.1	228.8	1.65	114.0
203.213	0.146	fixation	n/a	249.6	227.3	2753.0	n/a	n/a	n/a	n/a
203.361	0.024	saccade	n/a	248.3	226.1	n/a	214.9	223.0	1.2	99.0
203.387	0.09	fixation	n/a	221.4	225.0	2771.0	n/a	n/a	n/a	n/a
203.479	0.03	saccade	n/a	221.9	224.7	n/a	291.4	230.4	2.49	180.0
203.511	0.336	fixation	n/a	290.1	231.1	2767.0	n/a	n/a	n/a	n/a
203.849	0.028	saccade	n/a	295.5	232.6	n/a	354.0	233.2	2.1	143.0
203.879	0.366	fixation	n/a	351.5	232.3	2741.0	n/a	n/a	n/a	n/a
204.247	0.022	saccade	n/a	354.9	232.9	n/a	399.8	231.3	1.61	105.0
204.271	0.234	fixation	n/a	395.1	232.2	2707.0	n/a	n/a	n/a	n/a
204.507	0.03	saccade	n/a	396.3	234.9	n/a	472.8	240.5	2.75	174.0
204.539	0.134	fixation	n/a	469.9	237.4	2704.0	n/a	n/a	n/a	n/a
204.675	0.018	saccade	n/a	475.7	236.2	n/a	502.3	237.2	0.95	68.0
204.695	0.322	fixation	n/a	499.4	238.2	2709.0	n/a	n/a	n/a	n/a
205.019	0.032	saccade	n/a	502.6	236.4	n/a	593.3	236.8	3.21	188.0
205.053	0.174	fixation	n/a	591.3	235.2	2686.0	n/a	n/a	n/a	n/a
205.229	0.062	saccade	n/a	592.9	235.0	n/a	134.5	276.0	16.18	525.0
205.293	0.778	fixation	n/a	135.6	289.1	2763.0	n/a	n/a	n/a	n/a
206.073	0.032	saccade	n/a	135.9	292.8	n/a	210.6	306.9	2.67	194.0
206.107	0.1	fixation	n/a	210.9	305.7	2805.0	n/a	n/a	n/a	n/a
206.209	0.028	saccade	n/a	210.2	306.1	n/a	150.7	295.9	2.13	146.0
206.239	0.142	fixation	n/a	157.1	296.5	2831.0	n/a	n/a	n/a	n/a
206.383	0.028	saccade	n/a	157.3	296.1	n/a	222.9	299.9	2.32	178.0
206.413	0.246	fixation	n/a	218.1	300.6	2807.0	n/a	n/a	n/a	n/a
206.661	0.032	saccade	n/a	217.3	298.2	n/a	309.1	299.9	3.26	221.0
206.695	0.186	fixation	n/a	310.7	301.9	2794.0	n/a	n/a	n/a	n/a
206.883	0.022	saccade	n/a	315.1	302.5	n/a	353.2	301.3	1.36	105.0
206.907	0.318	fixation	n/a	348.7	300.1	2776.0	n/a	n/a	n/a	n/a
207.227	0.034	saccade	n/a	350.5	299.3	n/a	452.1	300.9	3.62	221.0
207.263	0.11	fixation	n/a	452.5	303.3	2723.0	n/a	n/a	n/a	n/a
207.375	0.016	saccade	n/a	460.0	303.7	n/a	481.7	303.4	0.77	61.0
207.393	0.174	fixation	n/a	478.0	303.6	2717.0	n/a	n/a	n/a	n/a
207.569	0.038	saccade	n/a	478.8	303.2	n/a	467.4	172.8	4.73	314.0
207.609	0.158	fixation	n/a	468.0	171.8	2728.0	n/a	n/a	n/a	n/a
207.769	0.046	saccade	n/a	467.1	169.9	n/a	234.4	151.6	8.35	437.0
207.817	0.094	fixation	n/a	231.8	152.7	2722.0	n/a	n/a	n/a	n/a
207.913	0.032	saccade	n/a	230.3	153.2	n/a	154.4	147.3	2.7	209.0
207.947	0.302	fixation	n/a	160.3	154.0	2709.0	n/a	n/a	n/a	n/a
207.956	0.0	trigger_11	11	n/a	n/a	n/a	n/a	n/a	n/a	n/a
208.06	0.0	trigger_10	10	n/a	n/a	n/a	n/a	n/a	n/a	n/a
208.251	0.022	saccade	n/a	156.7	155.2	n/a	125.1	155.4	1.11	87.0
208.275	0.086	fixation	n/a	132.5	157.4	2777.0	n/a	n/a	n/a	n/a
208.363	0.034	saccade	n/a	132.9	157.7	n/a	231.5	157.6	3.5	257.0
208.399	0.134	fixation	n/a	234.6	159.1	2794.0	n/a	n/a	n/a	n/a
208.535	0.028	saccade	n/a	238.8	160.3	n/a	294.7	160.1	2.01	149.0
208.565	0.214	fixation	n/a	291.2	158.4	2803.0	n/a	n/a	n/a	n/a
208.781	0.032	saccade	n/a	294.7	158.4	n/a	379.6	162.8	3.05	204.0
208.815	0.174	fixation	n/a	379.8	163.1	2798.0	n/a	n/a	n/a	n/a
208.991	0.018	saccade	n/a	385.1	163.8	n/a	411.7	161.9	0.96	72.0
209.011	0.11	fixation	n/a	408.6	163.3	2791.0	n/a	n/a	n/a	n/a
209.123	0.03	saccade	n/a	407.0	163.3	n/a	358.8	155.5	1.76	146.0
209.155	0.17	fixation	n/a	362.7	159.0	2816.0	n/a	n/a	n/a	n/a
209.327	0.028	saccade	n/a	361.1	160.3	n/a	312.3	157.1	1.76	139.0
209.357	0.194	fixation	n/a	315.9	156.9	2808.0	n/a	n/a	n/a	n/a
209.553	0.03	saccade	n/a	314.3	156.5	n/a	364.8	185.8	2.11	156.0
209.585	0.048	fixation	n/a	362.7	182.1	2822.0	n/a	n/a	n/a	n/a
209.635	0.024	saccade	n/a	366.4	181.4	n/a	406.4	166.0	1.54	118.0
209.661	0.52	fixation	n/a	403.1	165.9	2835.0	n/a	n/a	n/a	n/a
210.183	0.03	saccade	n/a	403.2	162.3	n/a	469.1	164.3	2.36	160.0
210.215	0.216	fixation	n/a	465.8	165.6	2807.0	n/a	n/a	n/a	n/a
210.433	0.032	saccade	n/a	467.9	167.5	n/a	557.8	176.3	3.22	198.0
210.467	0.292	fixation	n/a	553.8	174.2	2819.0	n/a	n/a	n/a	n/a
210.761	0.066	saccade	n/a	553.6	173.5	n/a	121.5	225.9	15.36	530.0
210.829	0.23	fixation	n/a	123.9	230.5	2794.0	n/a	n/a	n/a	n/a
211.061	0.02	saccade	n/a	125.0	231.4	n/a	155.3	228.5	1.07	74.0
211.083	0.232	fixation	n/a	152.7	229.5	2755.0	n/a	n/a	n/a	n/a
211.317	0.03	saccade	n/a	156.1	228.5	n/a	226.0	226.9	2.48	173.0
211.349	0.268	fixation	n/a	225.7	225.5	2723.0	n/a	n/a	n/a	n/a
211.619	0.032	saccade	n/a	227.0	224.5	n/a	319.4	223.6	3.3	206.0
211.653	0.488	fixation	n/a	319.0	220.9	2718.0	n/a	n/a	n/a	n/a
212.143	0.032	saccade	n/a	320.2	218.9	n/a	402.2	230.4	2.97	196.0
212.177	0.412	fixation	n/a	400.2	230.1	2716.0	n/a	n/a	n/a	n/a
212.591	0.018	saccade	n/a	405.2	231.4	n/a	438.0	230.8	1.17	82.0
212.611	0.122	fixation	n/a	433.0	231.3	2749.0	n/a	n/a	n/a	n/a
212.735	0.032	saccade	n/a	435.6	233.4	n/a	515.1	236.4	2.84	184.0
212.769	0.146	fixation	n/a	513.3	235.3	2730.0	n/a	n/a	n/a	n/a
212.917	0.02	saccade	n/a	511.8	236.1	n/a	479.8	230.4	1.16	84.0
212.939	0.116	fixation	n/a	487.3	232.2	2765.0	n/a	n/a	n/a	n/a
213.057	0.028	saccade	n/a	489.0	231.8	n/a	548.8	234.9	2.13	141.0
213.087	0.184	fixation	n/a	543.6	234.0	2764.0	n/a	n/a	n/a	n/a
213.273	0.114	saccade	n/a	544.3	249.6	n/a	602.8	256.8	2.08	486.0
213.325	0.012	blink	n/a	n/a	n/a	n/a	n/a	n/a	n/a	n/a
213.389	0.226	fixation	n/a	595.1	239.9	2804.0	n/a	n/a	n/a	n/a
213.617	0.026	saccade	n/a	593.7	238.9	n/a	548.4	234.0	1.61	120.0
213.645	0.152	fixation	n/a	556.2	237.4	2807.0	n/a	n/a	n/a	n/a
213.799	0.026	saccade	n/a	557.9	238.5	n/a	616.3	240.4	2.05	142.0
213.827	0.14	fixation	n/a	610.7	239.3	2773.0	n/a	n/a	n/a	n/a
213.969	0.062	saccade	n/a	610.9	239.9	n/a	159.1	289.5	15.92	544.0
214.033	0.108	fixation	n/a	159.8	294.1	2831.0	n/a	n/a	n/a	n/a
214.143	0.022	saccade	n/a	153.8	294.3	n/a	126.8	288.6	0.97	90.0
214.167	0.126	fixation	n/a	132.6	289.8	2801.0	n/a	n/a	n/a	n/a
214.295	0.028	saccade	n/a	134.2	291.3	n/a	191.6	295.0	2.02	156.0
214.325	0.336	fixation	n/a	199.2	296.3	2792.0	n/a	n/a	n/a	n/a
214.663	0.034	saccade	n/a	210.7	300.4	n/a	319.9	298.7	3.89	220.0
214.699	0.166	fixation	n/a	317.4	297.9	2784.0	n/a	n/a	n/a	n/a
214.867	0.024	saccade	n/a	321.5	296.8	n/a	361.4	294.8	1.42	112.0
214.893	0.292	fixation	n/a	358.8	296.4	2776.0	n/a	n/a	n/a	n/a
215.187	0.02	saccade	n/a	357.0	295.7	n/a	326.1	295.0	1.1	80.0
215.209	0.426	fixation	n/a	333.5	297.7	2759.0	n/a	n/a	n/a	n/a
215.637	0.03	saccade	n/a	333.6	297.5	n/a	390.1	291.9	2.03	150.0
215.669	0.328	fixation	n/a	390.0	294.8	2807.0	n/a	n/a	n/a	n/a
215.999	0.034	saccade	n/a	391.4	296.6	n/a	330.5	228.4	3.29	264.0
216.035	0.39	fixation	n/a	334.3	231.1	2848.0	n/a	n/a	n/a	n/a
216.427	0.028	saccade	n/a	335.0	229.9	n/a	392.6	230.4	2.06	135.0
216.457	0.1	fixation	n/a	386.3	228.1	2858.0	n/a	n/a	n/a	n/a
216.559	0.058	saccade	n/a	386.3	227.5	n/a	177.0	226.9	7.46	438.0
216.619	0.11	fixation	n/a	173.5	230.1	2878.0	n/a	n/a	n/a	n/a
216.731	0.036	saccade	n/a	175.0	228.7	n/a	292.7	172.1	4.68	316.0
216.769	0.296	fixation	n/a	298.4	170.6	2916.0	n/a	n/a	n/a	n/a
216.804	0.0	trigger_11	11	n/a	n/a	n/a	n/a	n/a	n/a	n/a
216.908	0.0	trigger_12	12	n/a	n/a	n/a	n/a	n/a	n/a	n/a
217.067	0.034	saccade	n/a	300.2	172.5	n/a	204.0	151.4	3.53	264.0
217.103	0.094	fixation	n/a	207.6	153.0	2922.0	n/a	n/a	n/a	n/a
217.199	0.03	saccade	n/a	205.0	151.5	n/a	147.7	152.5	2.03	172.0
217.231	0.29	fixation	n/a	149.5	154.9	2945.0	n/a	n/a	n/a	n/a
217.523	0.034	saccade	n/a	149.8	157.4	n/a	258.4	161.6	3.87	259.0
217.559	0.154	fixation	n/a	258.2	159.6	2963.0	n/a	n/a	n/a	n/a
217.715	0.032	saccade	n/a	260.0	158.7	n/a	181.6	152.9	2.81	209.0
217.749	0.12	fixation	n/a	186.8	156.9	2949.0	n/a	n/a	n/a	n/a
217.871	0.03	saccade	n/a	187.6	159.8	n/a	260.9	159.8	2.62	185.0
217.903	0.138	fixation	n/a	260.9	158.6	2963.0	n/a	n/a	n/a	n/a
218.043	0.018	saccade	n/a	264.5	160.4	n/a	291.6	160.5	0.97	73.0
218.063	0.416	fixation	n/a	282.7	159.0	2970.0	n/a	n/a	n/a	n/a
218.481	0.032	saccade	n/a	282.1	159.6	n/a	363.4	161.7	2.93	202.0
218.515	0.196	fixation	n/a	362.1	158.6	2926.0	n/a	n/a	n/a	n/a
218.713	0.03	saccade	n/a	361.9	158.9	n/a	291.1	156.6	2.54	195.0
218.745	0.324	fixation	n/a	292.2	160.2	2923.0	n/a	n/a	n/a	n/a
219.071	0.03	saccade	n/a	286.5	158.6	n/a	358.6	162.3	2.59	188.0
219.103	0.426	fixation	n/a	354.9	161.6	2876.0	n/a	n/a	n/a	n/a
219.531	0.024	saccade	n/a	359.4	163.5	n/a	398.2	162.8	1.4	105.0
219.557	0.314	fixation	n/a	392.8	161.8	2873.0	n/a	n/a	n/a	n/a
219.873	0.018	saccade	n/a	389.5	163.9	n/a	359.1	159.9	1.1	80.0
219.893	0.354	fixation	n/a	368.2	160.3	2926.0	n/a	n/a	n/a	n/a
220.004	0.0	trigger_13	13	n/a	n/a	n/a	n/a	n/a	n/a	n/a
220.249	0.056	saccade	n/a	367.6	160.2	n/a	143.8	172.7	7.99	432.0
220.307	0.246	fixation	n/a	139.0	169.3	2946.0	n/a	n/a	n/a	n/a
220.555	0.032	saccade	n/a	142.8	166.2	n/a	248.2	157.8	3.76	217.0
220.589	0.128	fixation	n/a	248.0	158.9	2983.0	n/a	n/a	n/a	n/a
220.719	0.026	saccade	n/a	251.9	158.8	n/a	296.1	159.4	1.59	126.0
220.747	0.172	fixation	n/a	291.9	161.6	2975.0	n/a	n/a	n/a	n/a
220.921	0.05	saccade	n/a	292.4	163.1	n/a	151.7	216.6	5.38	356.0
220.973	0.312	fixation	n/a	142.3	219.5	3011.0	n/a	n/a	n/a	n/a
221.287	0.04	saccade	n/a	143.0	220.2	n/a	278.7	177.5	5.06	330.0
221.329	0.24	fixation	n/a	283.9	174.4	3120.0	n/a	n/a	n/a	n/a
221.571	0.05	saccade	n/a	284.0	174.7	n/a	142.3	220.1	5.29	360.0
221.623	0.266	fixation	n/a	136.4	225.9	3085.0	n/a	n/a	n/a	n/a
221.891	0.034	saccade	n/a	137.9	230.7	n/a	149.1	318.0	3.14	208.0
221.927	0.146	fixation	n/a	147.5	311.2	3111.0	n/a	n/a	n/a	n/a
222.075	0.016	saccade	n/a	145.4	308.7	n/a	129.6	292.6	0.8	60.0
222.093	0.086	fixation	n/a	136.4	295.8	3113.0	n/a	n/a	n/a	n/a
222.181	0.036	saccade	n/a	135.5	293.4	n/a	148.9	171.7	4.39	315.0
222.219	0.188	fixation	n/a	153.1	169.7	3090.0	n/a	n/a	n/a	n/a
222.409	0.044	saccade	n/a	156.0	173.7	n/a	145.4	290.0	4.19	232.0
222.455	0.242	fixation	n/a	142.8	292.1	3074.0	n/a	n/a	n/a	n/a
222.699	0.072	saccade	n/a	155.5	309.6	n/a	120.3	309.0	1.23	240.0
222.773	0.216	fixation	n/a	115.3	303.6	3116.0	n/a	n/a	n/a	n/a
222.991	0.156	saccade	n/a	117.0	304.8	n/a	123.2	338.3	1.2	572.0
223.041	0.044	blink	n/a	n/a	n/a	n/a	n/a	n/a	n/a	n/a
223.149	0.382	fixation	n/a	123.4	319.0	3110.0	n/a	n/a	n/a	n/a
223.533	0.134	saccade	n/a	131.6	321.6	n/a	123.6	331.6	0.45	531.0
223.583	0.02	blink	n/a	n/a	n/a	n/a	n/a	n/a	n/a	n/a
223.669	0.23	fixation	n/a	124.5	326.5	3159.0	n/a	n/a	n/a	n/a
223.901	0.398	saccade	n/a	128.8	326.9	n/a	172.1	313.1	1.6	609.0
223.949	0.286	blink	n/a	n/a	n/a	n/a	n/a	n/a	n/a	n/a
224.301	0.122	fixation	n/a	171.2	293.8	3312.0	n/a	n/a	n/a	n/a
224.334	0.0	trigger_15	15	n/a	n/a	n/a	n/a	n/a	n/a	n/a
224.386	0.0	trigger_10	10	n/a	n/a	n/a	n/a	n/a	n/a	n/a
224.425	0.024	saccade	n/a	168.3	291.7	n/a	135.0	287.8	1.18	105.0
224.451	0.146	fixation	n/a	145.8	289.6	3447.0	n/a	n/a	n/a	n/a
224.599	0.032	saccade	n/a	147.6	287.7	n/a	180.2	217.1	2.79	216.0
224.633	0.112	fixation	n/a	178.7	221.8	3437.0	n/a	n/a	n/a	n/a
224.747	0.032	saccade	n/a	180.2	221.2	n/a	155.1	150.7	2.7	221.0
224.781	0.386	fixation	n/a	148.4	161.1	3220.0	n/a	n/a	n/a	n/a
225.169	0.032	saccade	n/a	144.2	162.1	n/a	228.2	166.4	2.99	231.0
225.203	0.814	fixation	n/a	231.8	165.3	3228.0	n/a	n/a	n/a	n/a
226.019	0.03	saccade	n/a	239.2	164.6	n/a	317.9	175.3	2.85	196.0
226.051	0.354	fixation	n/a	315.7	174.2	3301.0	n/a	n/a	n/a	n/a
226.407	0.036	saccade	n/a	315.6	175.3	n/a	446.2	177.7	4.69	285.0
226.445	0.198	fixation	n/a	446.2	175.7	3270.0	n/a	n/a	n/a	n/a
226.645	0.024	saccade	n/a	450.3	176.4	n/a	494.0	175.8	1.57	112.0
226.671	0.164	fixation	n/a	489.6	175.3	3206.0	n/a	n/a	n/a	n/a
226.837	0.028	saccade	n/a	489.2	173.9	n/a	439.4	166.0	1.8	146.0
226.867	0.416	fixation	n/a	446.3	173.7	3111.0	n/a	n/a	n/a	n/a
227.285	0.026	saccade	n/a	449.7	174.8	n/a	494.6	177.9	1.61	116.0
227.313	0.13	fixation	n/a	489.2	177.5	3084.0	n/a	n/a	n/a	n/a
227.445	0.018	saccade	n/a	492.4	177.9	n/a	524.8	179.3	1.16	85.0
227.465	0.37	fixation	n/a	518.3	179.0	3089.0	n/a	n/a	n/a	n/a
227.837	0.032	saccade	n/a	520.2	177.9	n/a	587.9	183.9	2.41	158.0
227.871	0.262	fixation	n/a	585.7	182.3	3007.0	n/a	n/a	n/a	n/a
228.135	0.058	saccade	n/a	585.0	182.7	n/a	180.8	221.6	14.38	525.0
228.195	0.14	fixation	n/a	181.7	225.0	3050.0	n/a	n/a	n/a	n/a
228.337	0.018	saccade	n/a	174.9	228.5	n/a	147.3	230.2	0.98	76.0
228.357	0.198	fixation	n/a	154.3	231.1	3008.0	n/a	n/a	n/a	n/a
228.557	0.11	saccade	n/a	168.2	243.1	n/a	170.6	239.2	0.16	461.0
228.669	1.088	fixation	n/a	171.0	234.5	2959.0	n/a	n/a	n/a	n/a
229.759	0.032	saccade	n/a	175.1	237.1	n/a	254.4	238.4	2.82	204.0
229.793	0.578	fixation	n/a	253.7	235.5	3016.0	n/a	n/a	n/a	n/a
230.373	0.03	saccade	n/a	255.9	231.6	n/a	230.8	167.7	2.49	164.0
230.405	0.27	fixation	n/a	233.9	169.1	2996.0	n/a	n/a	n/a	n/a
230.677	0.03	saccade	n/a	229.8	166.8	n/a	179.2	154.9	1.85	149.0
230.709	0.064	fixation	n/a	186.0	159.2	3017.0	n/a	n/a	n/a	n/a
230.775	0.028	saccade	n/a	186.7	159.2	n/a	241.1	163.2	1.95	150.0
230.805	0.282	fixation	n/a	237.9	162.3	3011.0	n/a	n/a	n/a	n/a
230.806	0.0	trigger_11	11	n/a	n/a	n/a	n/a	n/a	n/a	n/a
230.908	0.0	trigger_12	12	n/a	n/a	n/a	n/a	n/a	n/a	n/a
231.089	0.032	saccade	n/a	237.7	163.0	n/a	159.6	161.8	2.78	214.0
231.123	0.26	fixation	n/a	165.2	162.1	2988.0	n/a	n/a	n/a	n/a
231.385	0.028	saccade	n/a	166.5	162.3	n/a	224.6	160.0	2.07	156.0
231.415	0.126	fixation	n/a	220.9	159.8	2967.0	n/a	n/a	n/a	n/a
231.543	0.032	saccade	n/a	223.4	159.0	n/a	309.7	162.3	3.1	207.0
231.577	0.038	fixation	n/a	305.9	161.7	2927.0	n/a	n/a	n/a	n/a
231.617	0.026	saccade	n/a	310.7	162.7	n/a	358.5	163.5	1.72	136.0
231.645	0.202	fixation	n/a	357.3	164.8	2919.0	n/a	n/a	n/a	n/a
231.849	0.028	saccade	n/a	360.5	165.2	n/a	422.4	170.2	2.23	157.0
231.879	0.184	fixation	n/a	419.0	169.2	2902.0	n/a	n/a	n/a	n/a
232.065	0.032	saccade	n/a	420.7	169.7	n/a	504.8	176.3	3.02	183.0
232.099	0.096	fixation	n/a	502.4	174.6	2866.0	n/a	n/a	n/a	n/a
232.197	0.024	saccade	n/a	506.0	175.2	n/a	550.7	174.6	1.59	102.0
232.223	0.146	fixation	n/a	543.6	173.3	2838.0	n/a	n/a	n/a	n/a
232.371	0.052	saccade	n/a	543.0	172.5	n/a	159.0	215.8	13.68	529.0
232.425	0.138	fixation	n/a	160.7	222.1	2829.0	n/a	n/a	n/a	n/a
232.565	0.016	saccade	n/a	155.6	224.8	n/a	135.5	224.4	0.71	57.0
232.583	0.206	fixation	n/a	142.4	225.6	2779.0	n/a	n/a	n/a	n/a
232.791	0.054	saccade	n/a	143.6	224.5	n/a	513.6	174.6	13.24	492.0
232.847	0.112	fixation	n/a	523.4	174.6	2763.0	n/a	n/a	n/a	n/a
232.961	0.018	saccade	n/a	528.1	175.4	n/a	555.7	173.0	0.98	70.0
232.981	0.038	fixation	n/a	550.4	174.5	2794.0	n/a	n/a	n/a	n/a
233.021	0.052	saccade	n/a	549.5	174.4	n/a	169.6	214.2	13.57	557.0
233.075	0.366	fixation	n/a	167.4	223.9	2805.0	n/a	n/a	n/a	n/a
233.443	0.028	saccade	n/a	167.7	226.6	n/a	226.2	230.4	2.08	157.0
233.473	0.12	fixation	n/a	224.3	229.1	2829.0	n/a	n/a	n/a	n/a
233.595	0.036	saccade	n/a	226.1	231.4	n/a	348.9	234.2	4.39	284.0
233.633	0.212	fixation	n/a	349.5	232.1	2834.0	n/a	n/a	n/a	n/a
233.847	0.014	saccade	n/a	354.3	231.1	n/a	372.7	229.9	0.66	56.0
233.863	0.216	fixation	n/a	370.3	231.9	2834.0	n/a	n/a	n/a	n/a
234.081	0.032	saccade	n/a	370.9	231.2	n/a	457.6	234.8	3.1	205.0
234.115	0.35	fixation	n/a	463.3	237.9	2819.0	n/a	n/a	n/a	n/a
234.467	0.03	saccade	n/a	474.7	236.7	n/a	546.3	237.0	2.55	166.0
234.499	0.2	fixation	n/a	542.5	237.7	2816.0	n/a	n/a	n/a	n/a
234.701	0.026	saccade	n/a	546.4	240.1	n/a	596.8	241.8	1.78	123.0
234.729	0.222	fixation	n/a	593.5	240.7	2833.0	n/a	n/a	n/a	n/a
234.953	0.016	saccade	n/a	590.0	240.8	n/a	563.3	239.1	0.94	73.0
234.971	0.13	fixation	n/a	570.5	239.0	2871.0	n/a	n/a	n/a	n/a
235.103	0.054	saccade	n/a	569.7	240.4	n/a	199.7	230.3	13.13	494.0
235.159	0.108	fixation	n/a	202.1	232.6	2900.0	n/a	n/a	n/a	n/a
235.269	0.03	saccade	n/a	199.6	232.9	n/a	141.1	226.5	2.08	166.0
235.301	0.086	fixation	n/a	146.0	229.1	2876.0	n/a	n/a	n/a	n/a
235.389	0.032	saccade	n/a	146.8	226.4	n/a	198.2	168.1	2.79	196.0
235.423	0.15	fixation	n/a	202.5	170.5	2867.0	n/a	n/a	n/a	n/a
235.575	0.028	saccade	n/a	207.1	168.1	n/a	266.5	165.3	2.13	155.0
235.605	0.254	fixation	n/a	263.1	163.9	2868.0	n/a	n/a	n/a	n/a
235.638	0.0	trigger_13	13	n/a	n/a	n/a	n/a	n/a	n/a	n/a
235.861	0.036	saccade	n/a	261.6	163.8	n/a	145.8	167.6	4.12	260.0
235.899	0.732	fixation	n/a	149.6	172.7	2929.0	n/a	n/a	n/a	n/a
236.633	0.04	saccade	n/a	151.2	177.1	n/a	149.2	298.9	4.37	254.0
236.675	0.742	fixation	n/a	147.6	299.2	3220.0	n/a	n/a	n/a	n/a
237.419	0.028	saccade	n/a	148.7	304.6	n/a	169.6	351.6	1.82	111.0
237.449	0.104	fixation	n/a	165.3	341.0	3222.0	n/a	n/a	n/a	n/a
237.555	0.014	saccade	n/a	166.6	346.7	n/a	165.4	363.3	0.59	49.0
237.571	0.322	fixation	n/a	162.9	358.4	3270.0	n/a	n/a	n/a	n/a
237.895	0.026	saccade	n/a	160.6	361.0	n/a	114.8	356.2	1.6	137.0
237.923	0.432	fixation	n/a	124.0	360.8	3214.0	n/a	n/a	n/a	n/a
238.357	0.032	saccade	n/a	125.3	365.5	n/a	198.0	393.2	2.71	202.0
238.391	0.27	fixation	n/a	196.8	391.1	3277.0	n/a	n/a	n/a	n/a
238.663	0.028	saccade	n/a	193.6	388.2	n/a	156.0	362.9	1.59	139.0
238.693	0.216	fixation	n/a	160.3	365.0	3331.0	n/a	n/a	n/a	n/a
238.911	0.038	saccade	n/a	160.8	364.9	n/a	316.0	380.5	5.47	325.0
238.951	0.12	fixation	n/a	316.9	381.2	3291.0	n/a	n/a	n/a	n/a
239.073	0.052	saccade	n/a	319.6	382.0	n/a	167.0	354.8	5.45	398.0
239.127	0.214	fixation	n/a	161.7	355.8	3292.0	n/a	n/a	n/a	n/a
239.343	0.132	saccade	n/a	170.1	356.1	n/a	167.3	371.4	0.55	626.0
239.395	0.01	blink	n/a	n/a	n/a	n/a	n/a	n/a	n/a	n/a
239.477	0.546	fixation	n/a	162.6	359.8	3313.0	n/a	n/a	n/a	n/a
239.806	0.0	trigger_15	15	n/a	n/a	n/a	n/a	n/a	n/a	n/a
239.858	0.0	trigger_10	10	n/a	n/a	n/a	n/a	n/a	n/a	n/a
240.025	0.036	saccade	n/a	161.2	354.0	n/a	218.5	230.2	4.85	331.0
240.063	0.04	fixation	n/a	221.3	231.4	3278.0	n/a	n/a	n/a	n/a
240.105	0.042	saccade	n/a	224.2	224.3	n/a	190.0	162.0	2.56	230.0
240.149	0.098	fixation	n/a	187.7	158.4	3250.0	n/a	n/a	n/a	n/a
240.249	0.024	saccade	n/a	186.3	160.4	n/a	152.2	170.4	1.26	100.0
240.275	0.158	fixation	n/a	160.5	171.0	3215.0	n/a	n/a	n/a	n/a
240.435	0.026	saccade	n/a	164.3	171.6	n/a	214.7	171.1	1.79	139.0
240.463	0.426	fixation	n/a	215.0	173.5	3174.0	n/a	n/a	n/a	n/a
240.891	0.036	saccade	n/a	215.3	175.0	n/a	334.0	180.0	4.25	287.0
240.929	0.38	fixation	n/a	335.7	179.3	3182.0	n/a	n/a	n/a	n/a
241.311	0.032	saccade	n/a	337.1	178.9	n/a	423.6	182.1	3.11	203.0
241.345	0.208	fixation	n/a	421.8	181.0	3123.0	n/a	n/a	n/a	n/a
241.555	0.028	saccade	n/a	425.4	179.4	n/a	483.6	177.4	2.09	145.0
241.585	0.186	fixation	n/a	479.5	175.3	3064.0	n/a	n/a	n/a	n/a
241.773	0.036	saccade	n/a	481.3	175.1	n/a	597.1	181.6	4.12	254.0
241.811	0.164	fixation	n/a	596.6	180.7	2994.0	n/a	n/a	n/a	n/a
241.977	0.058	saccade	n/a	597.9	178.7	n/a	186.4	210.4	14.59	539.0
242.037	0.092	fixation	n/a	188.7	213.8	3031.0	n/a	n/a	n/a	n/a
242.131	0.026	saccade	n/a	184.9	217.2	n/a	143.3	228.2	1.52	123.0
242.159	0.298	fixation	n/a	147.6	228.8	2991.0	n/a	n/a	n/a	n/a
242.459	0.032	saccade	n/a	149.8	228.8	n/a	229.7	232.4	2.84	191.0
242.493	0.108	fixation	n/a	228.9	229.6	2967.0	n/a	n/a	n/a	n/a
242.603	0.026	saccade	n/a	232.2	228.5	n/a	281.4	229.1	1.76	126.0
242.631	0.102	fixation	n/a	278.7	230.6	2955.0	n/a	n/a	n/a	n/a
242.735	0.034	saccade	n/a	279.9	229.6	n/a	371.5	231.0	3.28	227.0
242.771	0.328	fixation	n/a	372.8	231.5	2960.0	n/a	n/a	n/a	n/a
243.101	0.022	saccade	n/a	375.6	232.0	n/a	421.3	236.3	1.65	113.0
243.125	0.23	fixation	n/a	418.2	235.5	2912.0	n/a	n/a	n/a	n/a
243.357	0.028	saccade	n/a	420.8	233.0	n/a	489.1	232.6	2.44	162.0
243.387	0.402	fixation	n/a	487.7	233.9	2880.0	n/a	n/a	n/a	n/a
243.791	0.032	saccade	n/a	489.1	232.8	n/a	563.9	237.7	2.66	175.0
243.825	0.212	fixation	n/a	562.0	236.1	2844.0	n/a	n/a	n/a	n/a
244.039	0.028	saccade	n/a	565.1	237.9	n/a	623.9	246.1	2.09	151.0
244.069	0.058	fixation	n/a	618.6	243.0	2852.0	n/a	n/a	n/a	n/a
244.129	0.062	saccade	n/a	618.7	240.8	n/a	147.8	283.7	16.59	562.0
244.193	0.226	fixation	n/a	150.9	293.1	2917.0	n/a	n/a	n/a	n/a
244.421	0.028	saccade	n/a	153.1	298.0	n/a	217.6	300.7	2.28	176.0
244.451	0.37	fixation	n/a	216.8	297.9	2873.0	n/a	n/a	n/a	n/a
244.823	0.028	saccade	n/a	215.2	297.1	n/a	165.6	294.8	1.75	134.0
244.853	0.118	fixation	n/a	169.9	296.4	2843.0	n/a	n/a	n/a	n/a
244.973	0.044	saccade	n/a	170.1	297.1	n/a	373.7	235.8	7.57	388.0
245.019	0.338	fixation	n/a	383.2	230.5	2852.0	n/a	n/a	n/a	n/a
245.359	0.03	saccade	n/a	382.9	227.2	n/a	354.3	168.7	2.37	172.0
245.391	0.212	fixation	n/a	357.0	169.3	2818.0	n/a	n/a	n/a	n/a
245.605	0.046	saccade	n/a	356.3	169.8	n/a	257.1	279.6	5.33	285.0
245.653	0.126	fixation	n/a	255.1	278.5	2821.0	n/a	n/a	n/a	n/a
245.781	0.018	saccade	n/a	253.0	282.1	n/a	224.8	290.4	1.05	73.0
245.801	0.204	fixation	n/a	230.8	291.7	2837.0	n/a	n/a	n/a	n/a
246.007	0.038	saccade	n/a	231.1	293.0	n/a	314.1	176.0	5.17	322.0
246.047	1.028	fixation	n/a	331.3	169.5	2845.0	n/a	n/a	n/a	n/a
246.806	0.0	trigger_11	11	n/a	n/a	n/a	n/a	n/a	n/a	n/a
246.914	0.0	trigger_10	10	n/a	n/a	n/a	n/a	n/a	n/a	n/a
247.077	0.048	saccade	n/a	337.9	172.1	n/a	201.3	164.4	4.9	340.0
247.127	0.082	fixation	n/a	194.1	165.7	2957.0	n/a	n/a	n/a	n/a
247.211	0.028	saccade	n/a	190.7	164.7	n/a	145.6	159.3	1.61	144.0
247.241	0.182	fixation	n/a	148.8	163.7	2990.0	n/a	n/a	n/a	n/a
247.425	0.014	saccade	n/a	151.8	164.1	n/a	169.5	163.8	0.63	53.0
247.441	0.69	fixation	n/a	169.0	164.2	2911.0	n/a	n/a	n/a	n/a
248.133	0.018	saccade	n/a	173.8	166.7	n/a	208.6	169.1	1.24	91.0
248.153	0.486	fixation	n/a	202.8	165.5	2926.0	n/a	n/a	n/a	n/a
248.641	0.018	saccade	n/a	206.9	165.2	n/a	232.4	163.2	0.91	72.0
248.661	0.23	fixation	n/a	226.9	163.8	2906.0	n/a	n/a	n/a	n/a
248.893	0.024	saccade	n/a	225.1	165.4	n/a	195.4	161.2	1.07	93.0
248.919	0.226	fixation	n/a	201.6	164.8	2908.0	n/a	n/a	n/a	n/a
249.147	0.018	saccade	n/a	206.2	166.5	n/a	236.4	164.8	1.08	84.0
249.167	0.294	fixation	n/a	229.3	164.8	2872.0	n/a	n/a	n/a	n/a
249.463	0.028	saccade	n/a	230.7	163.8	n/a	291.0	167.3	2.16	154.0
249.493	0.154	fixation	n/a	289.3	167.3	2874.0	n/a	n/a	n/a	n/a
249.649	0.022	saccade	n/a	293.5	168.4	n/a	327.8	166.7	1.24	94.0
249.673	0.132	fixation	n/a	323.1	168.0	2875.0	n/a	n/a	n/a	n/a
249.807	0.03	saccade	n/a	325.6	169.0	n/a	394.1	169.2	2.46	184.0
249.839	0.294	fixation	n/a	393.9	167.8	2860.0	n/a	n/a	n/a	n/a
250.135	0.036	saccade	n/a	395.4	167.7	n/a	510.4	173.9	4.16	231.0
250.173	0.2	fixation	n/a	508.2	172.8	2827.0	n/a	n/a	n/a	n/a
250.375	0.03	saccade	n/a	510.8	173.6	n/a	580.2	178.7	2.48	162.0
250.407	0.128	fixation	n/a	576.9	178.2	2837.0	n/a	n/a	n/a	n/a
250.537	0.06	saccade	n/a	577.7	177.0	n/a	120.5	231.9	16.22	565.0
250.599	0.264	fixation	n/a	124.1	234.7	2850.0	n/a	n/a	n/a	n/a
250.865	0.026	saccade	n/a	127.2	235.5	n/a	176.4	232.1	1.74	131.0
250.893	0.152	fixation	n/a	173.2	232.0	2851.0	n/a	n/a	n/a	n/a
251.047	0.018	saccade	n/a	170.2	232.8	n/a	139.3	230.7	1.09	80.0
251.067	0.152	fixation	n/a	147.6	231.4	2855.0	n/a	n/a	n/a	n/a
251.221	0.026	saccade	n/a	150.3	232.5	n/a	196.9	230.5	1.65	122.0
251.249	0.556	fixation	n/a	206.1	231.9	2882.0	n/a	n/a	n/a	n/a
251.807	0.032	saccade	n/a	212.5	234.0	n/a	294.1	234.6	2.9	197.0
251.841	0.186	fixation	n/a	293.4	235.6	2920.0	n/a	n/a	n/a	n/a
252.029	0.038	saccade	n/a	294.8	235.3	n/a	427.8	233.8	4.75	270.0
252.069	0.156	fixation	n/a	427.8	235.3	2935.0	n/a	n/a	n/a	n/a
252.227	0.022	saccade	n/a	426.7	237.9	n/a	387.6	230.4	1.42	106.0
252.251	0.248	fixation	n/a	387.4	232.1	2910.0	n/a	n/a	n/a	n/a
252.501	0.034	saccade	n/a	379.7	233.0	n/a	285.6	230.5	3.37	266.0
252.537	0.186	fixation	n/a	287.8	233.5	2867.0	n/a	n/a	n/a	n/a
252.725	0.048	saccade	n/a	289.4	236.5	n/a	563.6	236.6	9.74	428.0
252.775	0.242	fixation	n/a	574.4	235.4	2827.0	n/a	n/a	n/a	n/a
253.019	0.028	saccade	n/a	578.5	235.5	n/a	635.5	245.0	2.03	135.0
253.049	0.162	fixation	n/a	632.4	241.4	2810.0	n/a	n/a	n/a	n/a
253.213	0.064	saccade	n/a	634.8	241.4	n/a	173.0	280.1	16.23	551.0
253.279	0.102	fixation	n/a	173.8	284.1	2868.0	n/a	n/a	n/a	n/a
253.383	0.026	saccade	n/a	170.7	285.1	n/a	133.1	292.1	1.34	107.0
253.411	0.284	fixation	n/a	135.6	292.6	2844.0	n/a	n/a	n/a	n/a
253.697	0.022	saccade	n/a	137.5	293.4	n/a	183.5	295.6	1.62	113.0
253.721	0.296	fixation	n/a	182.9	296.1	2847.0	n/a	n/a	n/a	n/a
254.019	0.018	saccade	n/a	187.4	297.3	n/a	219.0	298.2	1.12	80.0
254.039	0.136	fixation	n/a	211.5	295.2	2829.0	n/a	n/a	n/a	n/a
254.177	0.02	saccade	n/a	215.2	294.6	n/a	246.3	293.9	1.1	79.0
254.199	0.274	fixation	n/a	241.2	292.8	2829.0	n/a	n/a	n/a	n/a
254.475	0.03	saccade	n/a	242.7	290.0	n/a	317.9	293.7	2.67	188.0
254.507	0.322	fixation	n/a	317.1	292.7	2831.0	n/a	n/a	n/a	n/a
254.831	0.034	saccade	n/a	319.3	291.9	n/a	420.6	293.0	3.61	211.0
254.867	0.248	fixation	n/a	420.2	294.7	2825.0	n/a	n/a	n/a	n/a
255.117	0.022	saccade	n/a	424.3	294.8	n/a	464.5	293.6	1.43	98.0
255.141	0.192	fixation	n/a	460.0	293.9	2822.0	n/a	n/a	n/a	n/a
255.335	0.014	saccade	n/a	465.5	294.2	n/a	482.8	293.0	0.62	50.0
255.351	0.242	fixation	n/a	481.3	293.0	2796.0	n/a	n/a	n/a	n/a
255.595	0.014	saccade	n/a	486.1	291.3	n/a	501.8	292.1	0.56	45.0
255.611	0.122	fixation	n/a	500.3	292.3	2763.0	n/a	n/a	n/a	n/a
255.735	0.032	saccade	n/a	502.0	290.2	n/a	594.6	292.0	3.26	206.0
255.769	0.122	fixation	n/a	592.4	292.0	2724.0	n/a	n/a	n/a	n/a
255.893	0.066	saccade	n/a	593.3	290.7	n/a	174.9	340.6	14.74	491.0
255.961	0.148	fixation	n/a	172.0	344.0	2745.0	n/a	n/a	n/a	n/a
256.111	0.026	saccade	n/a	163.3	345.1	n/a	125.0	348.1	1.34	121.0
256.139	0.414	fixation	n/a	127.6	349.2	2703.0	n/a	n/a	n/a	n/a
256.555	0.026	saccade	n/a	128.3	347.1	n/a	178.5	342.8	1.76	124.0
256.583	0.142	fixation	n/a	176.3	342.5	2739.0	n/a	n/a	n/a	n/a
256.727	0.036	saccade	n/a	178.4	341.0	n/a	211.9	201.2	5.13	320.0
256.765	0.134	fixation	n/a	217.8	200.0	2754.0	n/a	n/a	n/a	n/a
256.901	0.02	saccade	n/a	217.1	194.3	n/a	215.0	162.7	1.15	82.0
256.923	0.102	fixation	n/a	217.8	169.0	2757.0	n/a	n/a	n/a	n/a
257.027	0.03	saccade	n/a	219.4	170.2	n/a	286.3	162.6	2.41	170.0
257.059	0.146	fixation	n/a	286.2	162.1	2731.0	n/a	n/a	n/a	n/a
257.207	0.05	saccade	n/a	288.0	162.3	n/a	211.2	345.6	7.11	340.0
257.259	0.164	fixation	n/a	207.2	345.8	2731.0	n/a	n/a	n/a	n/a
257.425	0.04	saccade	n/a	205.7	345.7	n/a	334.2	192.9	7.12	378.0
257.467	0.244	fixation	n/a	368.6	170.6	2727.0	n/a	n/a	n/a	n/a
257.713	0.11	saccade	n/a	373.9	172.2	n/a	402.0	162.0	1.07	615.0
257.753	0.014	blink	n/a	n/a	n/a	n/a	n/a	n/a	n/a	n/a
257.825	0.356	fixation	n/a	400.7	160.9	2752.0	n/a	n/a	n/a	n/a
257.904	0.0	trigger_11	11	n/a	n/a	n/a	n/a	n/a	n/a	n/a
258.008	0.0	trigger_10	10	n/a	n/a	n/a	n/a	n/a	n/a	n/a
258.183	0.038	saccade	n/a	399.3	162.4	n/a	268.3	155.6	4.71	328.0
258.223	0.07	fixation	n/a	268.1	157.4	2785.0	n/a	n/a	n/a	n/a
258.295	0.046	saccade	n/a	266.9	158.9	n/a	177.7	158.6	3.18	274.0
258.343	0.128	fixation	n/a	172.9	159.1	2781.0	n/a	n/a	n/a	n/a
258.473	0.018	saccade	n/a	170.9	160.9	n/a	140.2	159.9	1.08	78.0
258.493	0.116	fixation	n/a	148.8	162.6	2786.0	n/a	n/a	n/a	n/a
258.611	0.016	saccade	n/a	146.3	165.4	n/a	121.4	162.6	0.88	68.0
258.629	0.242	fixation	n/a	128.1	162.5	2775.0	n/a	n/a	n/a	n/a
258.873	0.026	saccade	n/a	130.8	162.8	n/a	181.2	162.8	1.78	129.0
258.901	0.228	fixation	n/a	181.2	164.1	2793.0	n/a	n/a	n/a	n/a
259.131	0.026	saccade	n/a	184.9	164.3	n/a	234.3	166.9	1.76	125.0
259.159	0.206	fixation	n/a	230.6	167.6	2853.0	n/a	n/a	n/a	n/a
259.367	0.024	saccade	n/a	234.5	169.3	n/a	283.3	168.0	1.75	121.0
259.393	0.204	fixation	n/a	279.1	167.5	2854.0	n/a	n/a	n/a	n/a
259.599	0.018	saccade	n/a	282.7	168.1	n/a	308.3	166.4	0.92	68.0
259.619	0.184	fixation	n/a	304.7	167.2	2820.0	n/a	n/a	n/a	n/a
259.805	0.032	saccade	n/a	305.7	167.1	n/a	393.8	169.8	3.16	195.0
259.839	0.218	fixation	n/a	391.6	169.6	2825.0	n/a	n/a	n/a	n/a
260.059	0.028	saccade	n/a	394.8	171.3	n/a	449.6	172.0	1.96	142.0
260.089	0.484	fixation	n/a	455.0	171.9	2840.0	n/a	n/a	n/a	n/a
260.575	0.026	saccade	n/a	463.7	172.6	n/a	522.9	177.3	2.12	131.0
260.603	0.306	fixation	n/a	518.9	176.9	2843.0	n/a	n/a	n/a	n/a
260.911	0.028	saccade	n/a	519.2	177.2	n/a	570.6	182.7	1.83	133.0
260.941	0.348	fixation	n/a	566.2	181.0	2849.0	n/a	n/a	n/a	n/a
261.291	0.06	saccade	n/a	566.5	180.9	n/a	169.1	168.4	14.05	482.0
261.353	0.202	fixation	n/a	174.4	174.5	2847.0	n/a	n/a	n/a	n/a
261.557	0.032	saccade	n/a	173.5	175.2	n/a	133.1	232.1	2.49	202.0
261.591	0.328	fixation	n/a	132.3	228.7	2860.0	n/a	n/a	n/a	n/a
261.921	0.024	saccade	n/a	134.7	228.9	n/a	179.2	230.3	1.57	116.0
261.947	0.144	fixation	n/a	175.2	228.4	2818.0	n/a	n/a	n/a	n/a
262.093	0.026	saccade	n/a	178.8	227.7	n/a	231.7	227.7	1.88	137.0
262.121	0.234	fixation	n/a	229.6	228.8	2792.0	n/a	n/a	n/a	n/a
262.357	0.036	saccade	n/a	229.5	229.6	n/a	333.9	233.0	3.72	249.0
262.395	0.312	fixation	n/a	335.9	230.4	2778.0	n/a	n/a	n/a	n/a
262.709	0.028	saccade	n/a	338.6	227.4	n/a	391.1	226.5	1.88	133.0
262.739	0.222	fixation	n/a	389.3	224.8	2745.0	n/a	n/a	n/a	n/a
262.963	0.024	saccade	n/a	386.8	224.0	n/a	344.1	221.2	1.53	121.0
262.989	0.138	fixation	n/a	350.4	223.1	2726.0	n/a	n/a	n/a	n/a
263.129	0.024	saccade	n/a	352.2	224.8	n/a	401.0	227.1	1.75	128.0
263.155	0.134	fixation	n/a	396.4	224.4	2704.0	n/a	n/a	n/a	n/a
263.291	0.034	saccade	n/a	399.6	226.0	n/a	497.1	228.0	3.48	230.0
263.327	0.256	fixation	n/a	497.7	228.8	2703.0	n/a	n/a	n/a	n/a
263.585	0.018	saccade	n/a	501.2	228.4	n/a	529.5	228.6	1.0	76.0
263.605	0.142	fixation	n/a	525.8	230.7	2690.0	n/a	n/a	n/a	n/a
263.749	0.02	saccade	n/a	528.8	230.4	n/a	564.8	228.5	1.27	87.0
263.771	0.094	fixation	n/a	559.8	230.9	2683.0	n/a	n/a	n/a	n/a
263.867	0.052	saccade	n/a	559.5	229.4	n/a	180.8	272.2	13.42	519.0
263.921	0.08	fixation	n/a	176.7	276.0	2758.0	n/a	n/a	n/a	n/a
264.003	0.028	saccade	n/a	172.8	278.8	n/a	126.3	294.3	1.72	137.0
264.033	0.25	fixation	n/a	128.1	294.2	2727.0	n/a	n/a	n/a	n/a
264.285	0.038	saccade	n/a	128.1	294.0	n/a	206.8	176.3	5.04	305.0
264.325	0.17	fixation	n/a	211.2	174.3	2752.0	n/a	n/a	n/a	n/a
264.497	0.026	saccade	n/a	215.0	172.9	n/a	274.1	162.7	2.14	152.0
264.525	0.188	fixation	n/a	271.3	163.2	2763.0	n/a	n/a	n/a	n/a
264.715	0.02	saccade	n/a	275.1	162.3	n/a	306.4	160.1	1.12	80.0
264.737	0.266	fixation	n/a	303.1	161.4	2764.0	n/a	n/a	n/a	n/a
265.005	0.026	saccade	n/a	308.0	160.6	n/a	357.1	161.1	1.76	125.0
265.032	0.0	trigger_11	11	n/a	n/a	n/a	n/a	n/a	n/a	n/a
265.033	0.282	fixation	n/a	354.9	162.7	2792.0	n/a	n/a	n/a	n/a
265.136	0.0	trigger_10	10	n/a	n/a	n/a	n/a	n/a	n/a	n/a
265.317	0.054	saccade	n/a	354.9	164.8	n/a	168.9	162.4	6.62	413.0
265.373	0.102	fixation	n/a	163.6	165.8	2847.0	n/a	n/a	n/a	n/a
265.477	0.016	saccade	n/a	161.8	168.3	n/a	141.8	162.9	0.73	60.0
265.495	0.098	fixation	n/a	148.2	163.3	2853.0	n/a	n/a	n/a	n/a
265.595	0.026	saccade	n/a	152.4	165.3	n/a	215.3	163.5	2.23	154.0
265.623	0.102	fixation	n/a	211.5	162.9	2852.0	n/a	n/a	n/a	n/a
265.727	0.026	saccade	n/a	215.2	163.1	n/a	264.5	164.7	1.76	122.0
265.755	0.216	fixation	n/a	261.8	163.8	2824.0	n/a	n/a	n/a	n/a
265.973	0.036	saccade	n/a	264.7	163.5	n/a	379.5	170.0	4.11	243.0
266.011	0.146	fixation	n/a	379.2	169.6	2800.0	n/a	n/a	n/a	n/a
266.159	0.032	saccade	n/a	382.4	169.7	n/a	476.9	173.1	3.38	206.0
266.193	0.384	fixation	n/a	476.0	170.7	2819.0	n/a	n/a	n/a	n/a
266.579	0.036	saccade	n/a	476.3	171.9	n/a	368.5	218.6	4.21	274.0
266.617	0.17	fixation	n/a	369.8	218.5	2828.0	n/a	n/a	n/a	n/a
266.789	0.056	saccade	n/a	367.7	218.2	n/a	160.4	221.0	7.35	420.0
266.847	0.116	fixation	n/a	153.6	224.3	2867.0	n/a	n/a	n/a	n/a
266.965	0.016	saccade	n/a	150.4	225.8	n/a	127.5	228.4	0.81	61.0
266.983	0.182	fixation	n/a	133.9	229.5	2851.0	n/a	n/a	n/a	n/a
267.167	0.036	saccade	n/a	134.5	229.7	n/a	240.5	229.3	3.75	244.0
267.205	0.08	fixation	n/a	243.7	228.8	2825.0	n/a	n/a	n/a	n/a
267.287	0.032	saccade	n/a	247.0	228.9	n/a	340.5	226.6	3.33	240.0
267.321	0.042	fixation	n/a	339.6	226.5	2818.0	n/a	n/a	n/a	n/a
267.365	0.028	saccade	n/a	346.1	228.9	n/a	409.5	228.1	2.27	173.0
267.395	0.202	fixation	n/a	407.5	227.0	2805.0	n/a	n/a	n/a	n/a
267.599	0.03	saccade	n/a	411.3	225.8	n/a	482.1	230.5	2.53	177.0
267.631	0.212	fixation	n/a	480.8	229.5	2763.0	n/a	n/a	n/a	n/a
267.845	0.034	saccade	n/a	483.3	228.3	n/a	582.6	233.0	3.51	221.0
267.881	0.208	fixation	n/a	581.9	233.8	2733.0	n/a	n/a	n/a	n/a
268.091	0.02	saccade	n/a	586.2	236.1	n/a	624.2	236.4	1.33	92.0
268.113	0.22	fixation	n/a	618.6	234.7	2743.0	n/a	n/a	n/a	n/a
268.335	0.018	saccade	n/a	623.1	235.3	n/a	651.0	238.3	0.98	70.0
268.355	0.044	fixation	n/a	645.8	237.8	2744.0	n/a	n/a	n/a	n/a
268.401	0.062	saccade	n/a	644.6	237.2	n/a	186.9	288.9	16.11	522.0
268.465	0.114	fixation	n/a	188.3	289.0	2826.0	n/a	n/a	n/a	n/a
268.581	0.026	saccade	n/a	184.0	292.9	n/a	150.0	290.9	1.2	112.0
268.609	0.272	fixation	n/a	152.8	291.2	2827.0	n/a	n/a	n/a	n/a
268.883	0.02	saccade	n/a	155.8	291.0	n/a	193.3	286.7	1.32	92.0
268.905	0.304	fixation	n/a	190.3	288.6	2827.0	n/a	n/a	n/a	n/a
269.211	0.032	saccade	n/a	193.1	288.3	n/a	287.3	292.3	3.33	207.0
269.245	0.672	fixation	n/a	287.7	292.5	2852.0	n/a	n/a	n/a	n/a
269.919	0.03	saccade	n/a	290.6	293.2	n/a	366.6	290.9	2.71	172.0
269.951	0.118	fixation	n/a	363.5	289.9	2831.0	n/a	n/a	n/a	n/a
270.071	0.026	saccade	n/a	366.1	288.6	n/a	418.2	289.0	1.85	120.0
270.099	0.108	fixation	n/a	413.1	288.5	2849.0	n/a	n/a	n/a	n/a
270.209	0.034	saccade	n/a	414.8	289.2	n/a	517.1	291.2	3.63	243.0
270.245	0.296	fixation	n/a	517.9	289.9	2829.0	n/a	n/a	n/a	n/a
270.543	0.028	saccade	n/a	520.9	291.3	n/a	577.7	291.8	2.0	134.0
270.573	0.122	fixation	n/a	573.7	290.9	2772.0	n/a	n/a	n/a	n/a
270.697	0.054	saccade	n/a	574.3	292.3	n/a	173.7	337.0	14.12	515.0
270.753	0.244	fixation	n/a	172.7	341.6	2792.0	n/a	n/a	n/a	n/a
270.999	0.018	saccade	n/a	166.4	342.4	n/a	138.4	344.0	0.98	70.0
271.019	0.336	fixation	n/a	144.3	344.8	2757.0	n/a	n/a	n/a	n/a
271.357	0.032	saccade	n/a	147.8	345.3	n/a	236.7	353.9	3.13	206.0
271.391	0.348	fixation	n/a	237.4	351.3	2750.0	n/a	n/a	n/a	n/a
271.741	0.03	saccade	n/a	240.3	350.0	n/a	300.7	348.1	2.13	151.0
271.773	0.086	fixation	n/a	297.9	348.4	2761.0	n/a	n/a	n/a	n/a
271.861	0.024	saccade	n/a	296.2	348.9	n/a	260.1	344.9	1.28	96.0
271.887	0.036	fixation	n/a	268.3	346.1	2778.0	n/a	n/a	n/a	n/a
271.925	0.026	saccade	n/a	265.2	347.7	n/a	226.0	345.2	1.39	125.0
271.953	0.196	fixation	n/a	231.0	346.4	2774.0	n/a	n/a	n/a	n/a
272.151	0.032	saccade	n/a	231.9	346.8	n/a	320.3	355.0	3.13	214.0
272.185	0.17	fixation	n/a	316.8	353.1	2792.0	n/a	n/a	n/a	n/a
272.357	0.02	saccade	n/a	319.6	353.3	n/a	355.3	352.6	1.26	88.0
272.379	0.114	fixation	n/a	349.3	353.4	2805.0	n/a	n/a	n/a	n/a
272.495	0.026	saccade	n/a	353.3	352.9	n/a	403.7	353.8	1.78	123.0
272.523	0.16	fixation	n/a	399.6	355.2	2810.0	n/a	n/a	n/a	n/a
272.685	0.036	saccade	n/a	402.0	355.5	n/a	380.5	237.4	4.29	298.0
272.723	0.16	fixation	n/a	384.6	239.6	2808.0	n/a	n/a	n/a	n/a
272.885	0.014	saccade	n/a	382.2	239.5	n/a	365.4	233.7	0.64	54.0
272.901	0.61	fixation	n/a	370.7	233.3	2788.0	n/a	n/a	n/a	n/a
273.24	0.0	trigger_11	11	n/a	n/a	n/a	n/a	n/a	n/a	n/a
273.344	0.0	trigger_10	10	n/a	n/a	n/a	n/a	n/a	n/a	n/a
273.513	0.036	saccade	n/a	369.9	230.7	n/a	259.4	205.4	4.04	282.0
273.551	0.038	fixation	n/a	261.0	206.2	2821.0	n/a	n/a	n/a	n/a
273.591	0.046	saccade	n/a	258.2	205.6	n/a	182.1	170.0	2.99	274.0
273.639	0.202	fixation	n/a	175.0	168.6	2851.0	n/a	n/a	n/a	n/a
273.843	0.03	saccade	n/a	176.6	171.5	n/a	249.4	164.3	2.6	157.0
273.875	0.098	fixation	n/a	245.9	163.1	2874.0	n/a	n/a	n/a	n/a
273.975	0.03	saccade	n/a	247.3	161.2	n/a	317.3	161.0	2.5	177.0
274.007	0.078	fixation	n/a	314.3	163.2	2875.0	n/a	n/a	n/a	n/a
274.087	0.03	saccade	n/a	316.1	164.3	n/a	378.2	163.2	2.23	165.0
274.119	0.116	fixation	n/a	377.1	163.3	2855.0	n/a	n/a	n/a	n/a
274.237	0.03	saccade	n/a	379.8	163.0	n/a	444.5	165.0	2.32	156.0
274.269	0.216	fixation	n/a	442.6	164.3	2857.0	n/a	n/a	n/a	n/a
274.487	0.028	saccade	n/a	447.0	165.0	n/a	511.7	167.8	2.31	153.0
274.517	0.102	fixation	n/a	508.5	166.6	2855.0	n/a	n/a	n/a	n/a
274.621	0.026	saccade	n/a	512.2	166.7	n/a	562.9	169.2	1.8	122.0
274.649	0.11	fixation	n/a	558.0	169.9	2849.0	n/a	n/a	n/a	n/a
274.761	0.054	saccade	n/a	558.8	168.8	n/a	158.3	212.0	14.21	549.0
274.817	0.25	fixation	n/a	159.7	217.3	2866.0	n/a	n/a	n/a	n/a
275.069	0.016	saccade	n/a	155.8	220.6	n/a	130.4	224.1	0.9	72.0
275.087	0.238	fixation	n/a	141.3	224.0	2838.0	n/a	n/a	n/a	n/a
275.327	0.028	saccade	n/a	145.0	223.0	n/a	199.9	227.3	1.94	142.0
275.357	0.218	fixation	n/a	196.8	227.4	2809.0	n/a	n/a	n/a	n/a
275.577	0.124	saccade	n/a	213.5	235.8	n/a	277.5	235.0	2.27	544.0
275.619	0.016	blink	n/a	n/a	n/a	n/a	n/a	n/a	n/a	n/a
275.703	0.27	fixation	n/a	277.6	231.9	2832.0	n/a	n/a	n/a	n/a
275.975	0.036	saccade	n/a	278.4	230.1	n/a	202.0	157.6	3.77	279.0
276.013	0.432	fixation	n/a	203.0	159.4	2745.0	n/a	n/a	n/a	n/a
276.17	0.0	trigger_11	11	n/a	n/a	n/a	n/a	n/a	n/a	n/a
276.274	0.0	trigger_10	10	n/a	n/a	n/a	n/a	n/a	n/a	n/a
276.447	0.028	saccade	n/a	199.5	159.8	n/a	141.8	152.9	2.05	157.0
276.477	0.176	fixation	n/a	147.5	154.5	2734.0	n/a	n/a	n/a	n/a
276.655	0.02	saccade	n/a	149.4	154.8	n/a	182.0	153.8	1.15	80.0
276.677	0.086	fixation	n/a	177.5	154.9	2738.0	n/a	n/a	n/a	n/a
276.765	0.036	saccade	n/a	178.9	155.0	n/a	291.2	167.7	4.02	262.0
276.803	0.16	fixation	n/a	295.7	167.6	2747.0	n/a	n/a	n/a	n/a
276.965	0.022	saccade	n/a	301.4	168.6	n/a	343.8	168.9	1.52	107.0
276.989	0.124	fixation	n/a	341.2	169.0	2756.0	n/a	n/a	n/a	n/a
277.115	0.034	saccade	n/a	345.5	168.6	n/a	451.8	169.5	3.8	225.0
277.151	0.122	fixation	n/a	450.1	165.9	2737.0	n/a	n/a	n/a	n/a
277.275	0.028	saccade	n/a	453.6	166.2	n/a	515.5	169.1	2.21	153.0
277.305	0.17	fixation	n/a	512.2	169.2	2732.0	n/a	n/a	n/a	n/a
277.477	0.052	saccade	n/a	512.7	169.7	n/a	156.3	219.4	12.72	515.0
277.531	0.364	fixation	n/a	155.1	223.0	2726.0	n/a	n/a	n/a	n/a
277.897	0.034	saccade	n/a	156.0	225.0	n/a	247.2	225.0	3.23	212.0
277.933	0.284	fixation	n/a	250.7	224.4	2723.0	n/a	n/a	n/a	n/a
278.219	0.02	saccade	n/a	255.8	224.9	n/a	290.9	227.7	1.26	90.0
278.241	0.248	fixation	n/a	286.5	226.5	2706.0	n/a	n/a	n/a	n/a
278.491	0.026	saccade	n/a	290.2	226.7	n/a	350.8	227.9	2.16	150.0
278.519	0.086	fixation	n/a	346.3	225.7	2712.0	n/a	n/a	n/a	n/a
278.607	0.018	saccade	n/a	351.1	224.7	n/a	384.3	224.7	1.19	88.0
278.627	0.23	fixation	n/a	378.0	224.7	2719.0	n/a	n/a	n/a	n/a
278.859	0.028	saccade	n/a	379.8	224.0	n/a	437.1	228.5	2.05	139.0
278.889	0.24	fixation	n/a	434.5	229.7	2722.0	n/a	n/a	n/a	n/a
279.131	0.032	saccade	n/a	436.5	230.1	n/a	518.4	231.1	2.9	174.0
279.165	0.16	fixation	n/a	516.6	232.0	2702.0	n/a	n/a	n/a	n/a
279.327	0.03	saccade	n/a	519.9	233.6	n/a	589.6	237.9	2.46	166.0
279.359	0.114	fixation	n/a	586.9	235.4	2686.0	n/a	n/a	n/a	n/a
279.475	0.02	saccade	n/a	590.1	236.3	n/a	625.4	236.8	1.23	84.0
279.497	0.112	fixation	n/a	620.3	239.2	2686.0	n/a	n/a	n/a	n/a
279.611	0.062	saccade	n/a	620.7	242.2	n/a	151.1	271.5	16.45	553.0
279.675	0.332	fixation	n/a	154.4	282.6	2719.0	n/a	n/a	n/a	n/a
280.009	0.03	saccade	n/a	156.6	287.1	n/a	226.7	289.8	2.47	179.0
280.041	0.258	fixation	n/a	226.5	289.8	2743.0	n/a	n/a	n/a	n/a
280.301	0.028	saccade	n/a	227.4	289.1	n/a	288.8	284.4	2.18	152.0
280.331	0.246	fixation	n/a	284.1	283.1	2760.0	n/a	n/a	n/a	n/a
280.579	0.036	saccade	n/a	286.7	280.6	n/a	333.4	180.1	3.98	259.0
280.617	0.066	fixation	n/a	334.2	182.6	2763.0	n/a	n/a	n/a	n/a
280.685	0.034	saccade	n/a	331.7	180.3	n/a	240.4	154.8	3.39	252.0
280.721	0.156	fixation	n/a	243.1	157.4	2762.0	n/a	n/a	n/a	n/a
280.77	0.0	trigger_11	11	n/a	n/a	n/a	n/a	n/a	n/a	n/a
280.874	0.0	trigger_10	10	n/a	n/a	n/a	n/a	n/a	n/a	n/a
280.879	0.03	saccade	n/a	240.8	158.2	n/a	166.7	155.3	2.63	210.0
280.911	0.206	fixation	n/a	171.3	158.3	2761.0	n/a	n/a	n/a	n/a
281.119	0.016	saccade	n/a	166.3	158.1	n/a	141.3	153.9	0.89	68.0
281.137	0.102	fixation	n/a	150.5	154.4	2775.0	n/a	n/a	n/a	n/a
281.241	0.034	saccade	n/a	151.7	155.2	n/a	258.1	157.6	3.77	264.0
281.277	0.208	fixation	n/a	257.1	156.2	2814.0	n/a	n/a	n/a	n/a
281.487	0.032	saccade	n/a	258.4	156.4	n/a	336.8	158.5	2.81	203.0
281.521	0.266	fixation	n/a	336.4	159.0	2820.0	n/a	n/a	n/a	n/a
281.789	0.026	saccade	n/a	339.7	161.9	n/a	390.5	163.0	1.82	122.0
281.817	0.144	fixation	n/a	386.0	162.5	2816.0	n/a	n/a	n/a	n/a
281.963	0.018	saccade	n/a	390.9	161.9	n/a	422.6	163.5	1.14	84.0
281.983	0.188	fixation	n/a	417.2	163.2	2844.0	n/a	n/a	n/a	n/a
282.173	0.032	saccade	n/a	419.7	164.4	n/a	491.8	167.8	2.58	180.0
282.207	0.144	fixation	n/a	490.6	167.4	2863.0	n/a	n/a	n/a	n/a
282.353	0.014	saccade	n/a	487.1	165.6	n/a	471.0	165.3	0.57	51.0
282.369	0.162	fixation	n/a	476.3	166.6	2849.0	n/a	n/a	n/a	n/a
282.533	0.026	saccade	n/a	477.4	165.7	n/a	521.6	170.1	1.58	108.0
282.561	0.146	fixation	n/a	517.8	171.1	2834.0	n/a	n/a	n/a	n/a
282.709	0.03	saccade	n/a	520.6	171.0	n/a	584.0	174.3	2.24	146.0
282.741	0.086	fixation	n/a	579.7	174.1	2815.0	n/a	n/a	n/a	n/a
282.829	0.058	saccade	n/a	581.7	172.2	n/a	182.7	224.3	14.17	542.0
282.889	0.13	fixation	n/a	180.7	224.1	2860.0	n/a	n/a	n/a	n/a
283.021	0.018	saccade	n/a	172.9	225.5	n/a	144.8	220.9	1.0	76.0
283.041	0.458	fixation	n/a	155.2	224.7	2813.0	n/a	n/a	n/a	n/a
283.501	0.03	saccade	n/a	155.2	225.3	n/a	230.5	230.7	2.66	169.0
283.533	0.636	fixation	n/a	229.1	228.5	2816.0	n/a	n/a	n/a	n/a
284.171	0.03	saccade	n/a	233.3	228.6	n/a	309.4	231.5	2.71	179.0
284.203	0.18	fixation	n/a	309.0	231.9	2836.0	n/a	n/a	n/a	n/a
284.385	0.02	saccade	n/a	315.0	229.5	n/a	349.2	231.5	1.22	87.0
284.407	0.236	fixation	n/a	345.6	232.0	2910.0	n/a	n/a	n/a	n/a
284.645	0.034	saccade	n/a	347.2	232.2	n/a	465.5	235.6	4.22	259.0
284.681	1.084	fixation	n/a	476.5	233.8	2833.0	n/a	n/a	n/a	n/a
285.767	0.032	saccade	n/a	479.8	234.7	n/a	562.1	240.3	2.92	192.0
285.801	0.322	fixation	n/a	559.0	239.3	2899.0	n/a	n/a	n/a	n/a
286.125	0.022	saccade	n/a	558.5	239.1	n/a	529.4	234.5	1.04	85.0
286.149	0.098	fixation	n/a	537.5	237.1	2922.0	n/a	n/a	n/a	n/a
286.249	0.02	saccade	n/a	540.2	236.4	n/a	578.0	236.7	1.33	94.0
286.271	0.238	fixation	n/a	571.3	236.5	2884.0	n/a	n/a	n/a	n/a
286.511	0.056	saccade	n/a	573.3	237.5	n/a	382.9	180.1	7.06	427.0
286.569	0.096	fixation	n/a	376.5	178.6	2933.0	n/a	n/a	n/a	n/a
286.667	0.044	saccade	n/a	376.1	179.4	n/a	288.3	162.6	3.2	278.0
286.674	0.0	trigger_11	11	n/a	n/a	n/a	n/a	n/a	n/a	n/a
286.713	0.262	fixation	n/a	280.9	165.0	2932.0	n/a	n/a	n/a	n/a
286.778	0.0	trigger_12	12	n/a	n/a	n/a	n/a	n/a	n/a	n/a
286.977	0.034	saccade	n/a	281.7	167.0	n/a	201.5	156.1	2.88	201.0
287.013	0.094	fixation	n/a	205.5	159.5	2910.0	n/a	n/a	n/a	n/a
287.109	0.026	saccade	n/a	200.5	160.4	n/a	162.4	157.7	1.35	111.0
287.137	0.044	fixation	n/a	168.5	159.9	2880.0	n/a	n/a	n/a	n/a
287.183	0.016	saccade	n/a	163.1	160.1	n/a	135.2	158.9	0.98	77.0
287.201	0.272	fixation	n/a	141.0	160.5	2872.0	n/a	n/a	n/a	n/a
287.475	0.022	saccade	n/a	138.7	161.8	n/a	180.9	163.0	1.49	101.0
287.499	0.14	fixation	n/a	178.1	164.6	2867.0	n/a	n/a	n/a	n/a
287.641	0.03	saccade	n/a	182.6	166.5	n/a	257.2	167.4	2.66	192.0
287.673	0.282	fixation	n/a	255.7	166.1	2876.0	n/a	n/a	n/a	n/a
287.957	0.03	saccade	n/a	259.0	166.2	n/a	321.3	170.1	2.23	162.0
287.989	0.486	fixation	n/a	320.9	168.7	2894.0	n/a	n/a	n/a	n/a
288.477	0.028	saccade	n/a	322.4	167.6	n/a	385.3	170.1	2.25	146.0
288.507	0.366	fixation	n/a	380.3	166.8	2933.0	n/a	n/a	n/a	n/a
288.875	0.03	saccade	n/a	380.4	168.7	n/a	458.8	170.5	2.81	189.0
288.907	0.26	fixation	n/a	457.5	168.7	2920.0	n/a	n/a	n/a	n/a
289.169	0.026	saccade	n/a	463.1	170.3	n/a	507.6	172.3	1.59	111.0
289.197	0.116	fixation	n/a	503.1	172.7	2893.0	n/a	n/a	n/a	n/a
289.315	0.048	saccade	n/a	502.8	170.3	n/a	178.7	212.8	11.59	487.0
289.365	0.118	fixation	n/a	177.8	214.9	2904.0	n/a	n/a	n/a	n/a
289.485	0.024	saccade	n/a	172.1	216.1	n/a	141.1	222.0	1.11	93.0
289.511	0.176	fixation	n/a	146.3	221.6	2872.0	n/a	n/a	n/a	n/a
289.689	0.036	saccade	n/a	148.3	223.4	n/a	266.0	231.5	4.17	278.0
289.727	0.162	fixation	n/a	271.2	230.6	2838.0	n/a	n/a	n/a	n/a
289.891	0.014	saccade	n/a	277.9	229.7	n/a	297.0	229.8	0.68	56.0
289.907	0.46	fixation	n/a	292.5	229.4	2760.0	n/a	n/a	n/a	n/a
290.369	0.032	saccade	n/a	293.4	228.5	n/a	387.1	224.8	3.34	204.0
290.403	0.158	fixation	n/a	386.8	224.9	2712.0	n/a	n/a	n/a	n/a
290.563	0.028	saccade	n/a	390.7	224.8	n/a	446.7	227.5	2.0	140.0
290.593	0.258	fixation	n/a	448.4	227.2	2728.0	n/a	n/a	n/a	n/a
290.853	0.046	saccade	n/a	461.5	227.1	n/a	214.3	164.9	9.08	425.0
290.901	0.128	fixation	n/a	217.9	167.7	2715.0	n/a	n/a	n/a	n/a
291.031	0.026	saccade	n/a	214.1	167.7	n/a	170.7	155.9	1.59	126.0
291.059	0.104	fixation	n/a	176.0	159.6	2703.0	n/a	n/a	n/a	n/a
291.165	0.032	saccade	n/a	176.3	158.8	n/a	253.4	158.6	2.73	198.0
291.199	0.266	fixation	n/a	255.6	161.3	2752.0	n/a	n/a	n/a	n/a
291.226	0.0	trigger_13	13	n/a	n/a	n/a	n/a	n/a	n/a	n/a
291.467	0.032	saccade	n/a	254.5	161.1	n/a	160.0	161.3	3.35	251.0
291.501	0.37	fixation	n/a	163.6	163.8	2815.0	n/a	n/a	n/a	n/a
291.873	0.02	saccade	n/a	166.1	164.5	n/a	205.2	159.8	1.39	101.0
291.895	0.196	fixation	n/a	200.0	161.1	2869.0	n/a	n/a	n/a	n/a
292.093	0.018	saccade	n/a	203.2	163.6	n/a	231.0	162.3	0.99	72.0
292.113	0.372	fixation	n/a	228.1	164.9	3011.0	n/a	n/a	n/a	n/a
292.487	0.032	saccade	n/a	230.0	169.0	n/a	219.6	235.5	2.42	164.0
292.521	0.244	fixation	n/a	218.4	230.0	3136.0	n/a	n/a	n/a	n/a
292.767	0.032	saccade	n/a	216.1	232.3	n/a	144.5	226.1	2.53	209.0
292.801	0.134	fixation	n/a	149.7	229.8	3219.0	n/a	n/a	n/a	n/a
292.937	0.022	saccade	n/a	144.7	231.0	n/a	114.5	233.7	1.06	91.0
292.961	0.214	fixation	n/a	122.5	235.9	3151.0	n/a	n/a	n/a	n/a
293.177	0.114	saccade	n/a	135.4	252.4	n/a	139.8	281.2	1.04	448.0
293.293	0.142	fixation	n/a	140.4	274.9	3165.0	n/a	n/a	n/a	n/a
293.437	0.02	saccade	n/a	138.1	269.5	n/a	142.9	234.9	1.24	88.0
293.459	0.114	fixation	n/a	145.5	242.9	3190.0	n/a	n/a	n/a	n/a
293.575	0.028	saccade	n/a	147.6	241.0	n/a	204.9	233.6	2.04	145.0
293.605	0.29	fixation	n/a	198.3	231.7	3134.0	n/a	n/a	n/a	n/a
293.65	0.0	trigger_15	15	n/a	n/a	n/a	n/a	n/a	n/a	n/a
293.704	0.0	trigger_10	10	n/a	n/a	n/a	n/a	n/a	n/a	n/a
293.897	0.03	saccade	n/a	197.0	231.1	n/a	132.7	202.0	2.49	195.0
293.929	0.052	fixation	n/a	141.2	204.3	3060.0	n/a	n/a	n/a	n/a
293.983	0.018	saccade	n/a	141.0	198.8	n/a	148.1	168.2	1.13	83.0
294.003	0.946	fixation	n/a	143.1	165.8	3038.0	n/a	n/a	n/a	n/a
294.951	0.032	saccade	n/a	140.7	160.7	n/a	223.9	164.0	2.94	204.0
294.985	0.798	fixation	n/a	221.3	164.9	3274.0	n/a	n/a	n/a	n/a
295.785	0.032	saccade	n/a	222.2	165.8	n/a	301.7	170.5	2.84	210.0
295.819	0.126	fixation	n/a	298.6	168.4	3258.0	n/a	n/a	n/a	n/a
295.947	0.032	saccade	n/a	300.6	168.5	n/a	224.3	159.2	2.74	228.0
295.981	0.206	fixation	n/a	227.7	163.7	3320.0	n/a	n/a	n/a	n/a
296.189	0.032	saccade	n/a	228.0	165.5	n/a	302.6	175.7	2.69	208.0
296.223	0.59	fixation	n/a	301.1	175.0	3206.0	n/a	n/a	n/a	n/a
296.815	0.032	saccade	n/a	303.5	174.7	n/a	386.8	176.1	2.98	194.0
296.849	0.202	fixation	n/a	385.6	174.7	3150.0	n/a	n/a	n/a	n/a
297.053	0.03	saccade	n/a	388.5	172.9	n/a	451.9	172.9	2.27	152.0
297.085	0.098	fixation	n/a	448.9	172.3	3160.0	n/a	n/a	n/a	n/a
297.185	0.024	saccade	n/a	451.8	172.0	n/a	492.3	174.3	1.45	103.0
297.211	0.364	fixation	n/a	494.2	174.8	3069.0	n/a	n/a	n/a	n/a
297.577	0.036	saccade	n/a	502.1	175.4	n/a	623.8	178.4	4.29	233.0
297.615	0.118	fixation	n/a	622.9	176.0	2934.0	n/a	n/a	n/a	n/a
297.735	0.018	saccade	n/a	628.9	175.2	n/a	661.7	177.9	1.14	83.0
297.755	0.444	fixation	n/a	655.6	178.8	2892.0	n/a	n/a	n/a	n/a
298.201	0.062	saccade	n/a	654.5	177.6	n/a	180.4	213.1	16.63	542.0
298.265	0.072	fixation	n/a	183.6	219.6	2930.0	n/a	n/a	n/a	n/a
298.339	0.024	saccade	n/a	178.0	222.9	n/a	144.9	222.8	1.17	101.0
298.365	0.094	fixation	n/a	148.5	224.8	2912.0	n/a	n/a	n/a	n/a
298.461	0.018	saccade	n/a	143.7	225.0	n/a	116.9	224.1	0.94	71.0
298.481	0.106	fixation	n/a	126.0	224.6	2935.0	n/a	n/a	n/a	n/a
298.589	0.034	saccade	n/a	126.1	224.3	n/a	232.0	225.5	3.73	242.0
298.625	0.126	fixation	n/a	232.7	225.8	2925.0	n/a	n/a	n/a	n/a
298.753	0.028	saccade	n/a	236.4	224.9	n/a	292.1	225.7	1.98	145.0
298.783	0.148	fixation	n/a	289.6	225.7	2905.0	n/a	n/a	n/a	n/a
298.933	0.028	saccade	n/a	292.8	225.5	n/a	350.6	225.8	2.06	148.0
298.963	0.2	fixation	n/a	349.2	224.7	2879.0	n/a	n/a	n/a	n/a
299.165	0.024	saccade	n/a	352.4	224.4	n/a	397.5	224.4	1.61	114.0
299.191	0.172	fixation	n/a	393.8	225.3	2839.0	n/a	n/a	n/a	n/a
299.365	0.016	saccade	n/a	397.7	226.1	n/a	420.6	227.2	0.82	62.0
299.383	0.502	fixation	n/a	419.2	227.6	2821.0	n/a	n/a	n/a	n/a
299.887	0.016	saccade	n/a	424.0	225.0	n/a	445.4	225.6	0.76	61.0
299.905	0.096	fixation	n/a	442.8	227.5	2855.0	n/a	n/a	n/a	n/a
300.003	0.034	saccade	n/a	445.0	226.5	n/a	556.0	228.6	3.93	236.0
300.039	0.202	fixation	n/a	555.5	229.4	2882.0	n/a	n/a	n/a	n/a
300.243	0.014	saccade	n/a	562.4	230.3	n/a	578.4	231.9	0.57	50.0
300.259	0.116	fixation	n/a	573.3	231.4	2908.0	n/a	n/a	n/a	n/a
300.377	0.054	saccade	n/a	573.7	231.7	n/a	375.8	174.5	7.33	478.0
300.433	0.394	fixation	n/a	369.4	175.2	2919.0	n/a	n/a	n/a	n/a
300.562	0.0	trigger_11	11	n/a	n/a	n/a	n/a	n/a	n/a	n/a
300.666	0.0	trigger_10	10	n/a	n/a	n/a	n/a	n/a	n/a	n/a
300.829	0.052	saccade	n/a	369.0	176.7	n/a	194.7	152.6	6.28	393.0
300.883	0.092	fixation	n/a	187.2	153.2	2922.0	n/a	n/a	n/a	n/a
300.977	0.024	saccade	n/a	183.7	153.9	n/a	143.9	153.3	1.41	114.0
301.003	0.198	fixation	n/a	149.8	155.5	2916.0	n/a	n/a	n/a	n/a
301.203	0.028	saccade	n/a	151.8	156.6	n/a	210.6	157.5	2.08	148.0
301.233	0.266	fixation	n/a	209.5	160.4	2904.0	n/a	n/a	n/a	n/a
301.501	0.028	saccade	n/a	209.5	161.7	n/a	159.3	158.1	1.78	140.0
301.531	0.286	fixation	n/a	167.3	159.9	2880.0	n/a	n/a	n/a	n/a
301.819	0.028	saccade	n/a	168.8	161.4	n/a	227.6	161.4	2.09	151.0
301.849	0.068	fixation	n/a	223.5	162.8	2895.0	n/a	n/a	n/a	n/a
301.919	0.024	saccade	n/a	227.8	164.2	n/a	269.0	166.0	1.47	116.0
301.945	0.118	fixation	n/a	263.5	164.5	2900.0	n/a	n/a	n/a	n/a
302.065	0.028	saccade	n/a	267.9	163.7	n/a	327.4	167.5	2.13	150.0
302.095	0.51	fixation	n/a	310.0	168.1	2881.0	n/a	n/a	n/a	n/a
302.607	0.032	saccade	n/a	298.6	167.6	n/a	223.5	158.7	2.7	189.0
302.641	0.042	fixation	n/a	230.8	161.8	2866.0	n/a	n/a	n/a	n/a
302.685	0.014	saccade	n/a	225.8	163.0	n/a	205.7	160.8	0.72	61.0
302.701	0.086	fixation	n/a	212.6	161.3	2873.0	n/a	n/a	n/a	n/a
302.789	0.032	saccade	n/a	213.6	161.5	n/a	305.4	162.5	3.27	232.0
302.823	0.038	fixation	n/a	303.0	163.1	2876.0	n/a	n/a	n/a	n/a
302.863	0.028	saccade	n/a	308.1	163.6	n/a	360.7	164.2	1.89	154.0
302.893	0.244	fixation	n/a	357.5	164.8	2918.0	n/a	n/a	n/a	n/a
303.139	0.048	saccade	n/a	356.2	165.5	n/a	247.1	156.5	3.92	300.0
303.189	0.096	fixation	n/a	241.2	157.6	2882.0	n/a	n/a	n/a	n/a
303.287	0.034	saccade	n/a	240.9	157.4	n/a	359.3	166.5	4.24	280.0
303.323	0.248	fixation	n/a	362.5	165.7	2876.0	n/a	n/a	n/a	n/a
303.573	0.032	saccade	n/a	365.2	169.2	n/a	459.0	176.8	3.37	241.0
303.607	0.522	fixation	n/a	456.7	171.9	2899.0	n/a	n/a	n/a	n/a
304.131	0.026	saccade	n/a	453.0	172.1	n/a	496.8	175.2	1.57	106.0
304.159	0.184	fixation	n/a	492.4	173.9	2898.0	n/a	n/a	n/a	n/a
304.345	0.032	saccade	n/a	496.0	173.4	n/a	572.4	177.5	2.71	176.0
304.379	0.09	fixation	n/a	569.7	177.2	2898.0	n/a	n/a	n/a	n/a
304.471	0.068	saccade	n/a	571.2	178.2	n/a	149.6	225.6	14.94	521.0
304.541	0.242	fixation	n/a	148.6	227.8	2943.0	n/a	n/a	n/a	n/a
304.785	0.03	saccade	n/a	150.2	228.7	n/a	192.9	165.0	2.74	184.0
304.817	0.34	fixation	n/a	192.9	165.0	2899.0	n/a	n/a	n/a	n/a
305.159	0.028	saccade	n/a	191.8	165.4	n/a	145.6	158.1	1.65	116.0
305.189	0.29	fixation	n/a	150.1	158.5	2857.0	n/a	n/a	n/a	n/a
305.481	0.032	saccade	n/a	149.7	157.9	n/a	229.3	163.0	2.82	190.0
305.515	0.132	fixation	n/a	226.6	161.0	2850.0	n/a	n/a	n/a	n/a
305.649	0.03	saccade	n/a	230.4	161.1	n/a	290.2	162.9	2.13	155.0
305.681	0.144	fixation	n/a	289.3	164.6	2871.0	n/a	n/a	n/a	n/a
305.827	0.032	saccade	n/a	290.3	168.1	n/a	215.1	159.4	2.7	206.0
305.861	0.454	fixation	n/a	219.4	159.8	2867.0	n/a	n/a	n/a	n/a
306.028	0.0	trigger_11	11	n/a	n/a	n/a	n/a	n/a	n/a	n/a
306.13	0.0	trigger_10	10	n/a	n/a	n/a	n/a	n/a	n/a	n/a
306.317	0.03	saccade	n/a	215.9	160.5	n/a	142.2	151.3	2.62	183.0
306.349	0.122	fixation	n/a	151.3	155.9	2843.0	n/a	n/a	n/a	n/a
306.473	0.014	saccade	n/a	146.1	156.5	n/a	129.7	156.6	0.58	48.0
306.489	0.112	fixation	n/a	134.3	156.0	2850.0	n/a	n/a	n/a	n/a
306.603	0.03	saccade	n/a	135.2	155.6	n/a	205.2	160.5	2.48	166.0
306.635	0.104	fixation	n/a	201.4	159.5	2893.0	n/a	n/a	n/a	n/a
306.741	0.028	saccade	n/a	204.1	158.5	n/a	259.7	163.5	1.99	148.0
306.771	0.118	fixation	n/a	258.3	164.5	2893.0	n/a	n/a	n/a	n/a
306.891	0.02	saccade	n/a	263.0	165.2	n/a	302.9	162.0	1.43	100.0
306.913	0.134	fixation	n/a	298.4	162.4	2878.0	n/a	n/a	n/a	n/a
307.049	0.018	saccade	n/a	303.2	163.5	n/a	330.8	162.6	0.99	72.0
307.069	0.074	fixation	n/a	326.2	162.0	2873.0	n/a	n/a	n/a	n/a
307.145	0.034	saccade	n/a	327.4	163.1	n/a	414.3	166.9	3.12	213.0
307.181	0.17	fixation	n/a	414.6	167.3	2854.0	n/a	n/a	n/a	n/a
307.353	0.028	saccade	n/a	416.6	165.3	n/a	467.2	165.7	1.81	129.0
307.383	0.352	fixation	n/a	462.8	167.6	2826.0	n/a	n/a	n/a	n/a
307.737	0.032	saccade	n/a	465.3	169.6	n/a	560.0	175.6	3.37	218.0
307.771	0.194	fixation	n/a	557.4	173.0	2774.0	n/a	n/a	n/a	n/a
307.967	0.026	saccade	n/a	559.8	172.9	n/a	613.3	173.1	1.88	132.0
307.995	0.052	fixation	n/a	608.1	173.2	2788.0	n/a	n/a	n/a	n/a
308.049	0.06	saccade	n/a	607.7	174.0	n/a	148.9	221.1	16.19	579.0
308.111	0.114	fixation	n/a	150.4	225.3	2872.0	n/a	n/a	n/a	n/a
308.227	0.018	saccade	n/a	146.9	227.2	n/a	119.7	225.7	0.95	71.0
308.247	0.332	fixation	n/a	128.5	226.9	2834.0	n/a	n/a	n/a	n/a
308.581	0.032	saccade	n/a	130.4	229.2	n/a	210.1	229.7	2.81	199.0
308.615	0.154	fixation	n/a	210.9	227.8	2813.0	n/a	n/a	n/a	n/a
308.771	0.014	saccade	n/a	215.9	226.7	n/a	230.8	227.5	0.53	44.0
308.787	0.53	fixation	n/a	228.8	224.9	2813.0	n/a	n/a	n/a	n/a
309.319	0.032	saccade	n/a	231.5	225.4	n/a	312.9	225.9	2.9	188.0
309.353	0.45	fixation	n/a	310.3	223.9	2762.0	n/a	n/a	n/a	n/a
309.805	0.03	saccade	n/a	309.9	220.6	n/a	275.8	160.2	2.5	178.0
309.837	0.26	fixation	n/a	281.0	162.7	2707.0	n/a	n/a	n/a	n/a
310.099	0.02	saccade	n/a	284.1	159.9	n/a	318.3	156.8	1.23	87.0
310.121	0.366	fixation	n/a	316.0	160.8	2726.0	n/a	n/a	n/a	n/a
310.212	0.0	trigger_11	11	n/a	n/a	n/a	n/a	n/a	n/a	n/a
310.316	0.0	trigger_10	10	n/a	n/a	n/a	n/a	n/a	n/a	n/a
310.489	0.038	saccade	n/a	315.4	162.6	n/a	164.7	160.2	5.36	323.0
310.529	0.29	fixation	n/a	171.4	162.2	2754.0	n/a	n/a	n/a	n/a
310.821	0.018	saccade	n/a	167.4	161.9	n/a	140.1	154.3	1.0	74.0
310.841	0.088	fixation	n/a	147.9	156.8	2763.0	n/a	n/a	n/a	n/a
310.931	0.024	saccade	n/a	150.6	156.9	n/a	195.3	158.3	1.58	113.0
310.957	0.21	fixation	n/a	195.3	158.8	2745.0	n/a	n/a	n/a	n/a
311.169	0.014	saccade	n/a	201.2	158.7	n/a	217.9	158.2	0.59	52.0
311.185	0.126	fixation	n/a	215.1	158.8	2764.0	n/a	n/a	n/a	n/a
311.313	0.034	saccade	n/a	216.8	160.6	n/a	311.6	166.8	3.39	229.0
311.349	0.332	fixation	n/a	310.3	165.1	2792.0	n/a	n/a	n/a	n/a
311.683	0.018	saccade	n/a	316.1	166.5	n/a	345.8	167.3	1.06	79.0
311.703	0.23	fixation	n/a	341.9	167.6	2791.0	n/a	n/a	n/a	n/a
311.935	0.024	saccade	n/a	347.5	169.6	n/a	395.8	170.0	1.73	117.0
311.961	0.142	fixation	n/a	391.5	169.3	2815.0	n/a	n/a	n/a	n/a
312.105	0.014	saccade	n/a	397.9	168.8	n/a	415.4	167.0	0.63	54.0
312.121	0.384	fixation	n/a	414.8	168.5	2847.0	n/a	n/a	n/a	n/a
312.507	0.016	saccade	n/a	419.4	168.7	n/a	438.6	169.8	0.69	54.0
312.525	0.13	fixation	n/a	434.8	170.5	2840.0	n/a	n/a	n/a	n/a
312.657	0.028	saccade	n/a	438.1	169.7	n/a	500.1	172.4	2.22	140.0
312.687	0.326	fixation	n/a	497.4	171.5	2865.0	n/a	n/a	n/a	n/a
313.015	0.03	saccade	n/a	496.8	172.7	n/a	437.3	163.8	2.15	160.0
313.047	0.17	fixation	n/a	442.4	166.5	2864.0	n/a	n/a	n/a	n/a
313.219	0.032	saccade	n/a	442.0	167.0	n/a	530.3	173.5	3.15	194.0
313.253	0.09	fixation	n/a	527.3	171.8	2839.0	n/a	n/a	n/a	n/a
313.345	0.024	saccade	n/a	532.3	172.1	n/a	579.1	172.1	1.65	116.0
313.371	0.078	fixation	n/a	573.2	172.9	2850.0	n/a	n/a	n/a	n/a
313.451	0.056	saccade	n/a	573.9	172.9	n/a	171.1	220.2	14.31	529.0
313.509	0.102	fixation	n/a	171.7	223.2	2878.0	n/a	n/a	n/a	n/a
313.613	0.024	saccade	n/a	167.9	226.4	n/a	128.3	224.3	1.39	115.0
313.639	0.494	fixation	n/a	126.1	225.3	2811.0	n/a	n/a	n/a	n/a
314.135	0.032	saccade	n/a	124.3	224.4	n/a	223.0	226.6	3.48	220.0
314.169	0.296	fixation	n/a	222.7	224.9	2776.0	n/a	n/a	n/a	n/a
314.467	0.016	saccade	n/a	219.1	223.6	n/a	196.8	220.9	0.8	62.0
314.485	0.142	fixation	n/a	202.6	223.4	2777.0	n/a	n/a	n/a	n/a
314.629	0.032	saccade	n/a	203.6	226.5	n/a	284.6	224.9	2.88	202.0
314.663	0.508	fixation	n/a	285.7	223.5	2748.0	n/a	n/a	n/a	n/a
315.173	0.034	saccade	n/a	287.1	221.8	n/a	384.0	220.1	3.46	207.0
315.209	0.272	fixation	n/a	384.5	219.5	2759.0	n/a	n/a	n/a	n/a
315.483	0.022	saccade	n/a	390.9	220.5	n/a	432.3	224.6	1.49	100.0
315.507	0.13	fixation	n/a	427.4	225.0	2801.0	n/a	n/a	n/a	n/a
315.639	0.024	saccade	n/a	424.3	226.1	n/a	388.5	221.4	1.29	102.0
315.665	0.25	fixation	n/a	394.4	221.6	2805.0	n/a	n/a	n/a	n/a
315.917	0.028	saccade	n/a	396.1	220.5	n/a	459.4	227.5	2.27	160.0
315.947	0.496	fixation	n/a	456.4	226.3	2794.0	n/a	n/a	n/a	n/a
316.445	0.028	saccade	n/a	458.9	224.0	n/a	522.4	226.0	2.26	152.0
316.475	0.338	fixation	n/a	519.8	225.5	2827.0	n/a	n/a	n/a	n/a
316.815	0.032	saccade	n/a	524.4	228.4	n/a	610.7	236.1	3.05	180.0
316.849	0.108	fixation	n/a	607.3	234.9	2841.0	n/a	n/a	n/a	n/a
316.959	0.02	saccade	n/a	612.4	236.5	n/a	645.0	237.4	1.14	78.0
316.981	0.064	fixation	n/a	640.4	239.4	2832.0	n/a	n/a	n/a	n/a
317.047	0.062	saccade	n/a	640.3	239.1	n/a	182.3	289.9	16.12	543.0
317.111	0.11	fixation	n/a	184.9	292.1	2914.0	n/a	n/a	n/a	n/a
317.223	0.02	saccade	n/a	181.3	293.5	n/a	149.9	289.0	1.11	78.0
317.245	0.162	fixation	n/a	159.0	290.3	2875.0	n/a	n/a	n/a	n/a
317.409	0.02	saccade	n/a	160.0	290.6	n/a	197.7	290.7	1.32	93.0
317.431	0.19	fixation	n/a	194.4	290.6	2852.0	n/a	n/a	n/a	n/a
317.623	0.036	saccade	n/a	196.6	289.7	n/a	251.0	183.2	4.28	262.0
317.661	0.232	fixation	n/a	255.9	183.1	2809.0	n/a	n/a	n/a	n/a
317.895	0.038	saccade	n/a	257.8	186.4	n/a	217.7	289.4	3.96	206.0
317.935	0.202	fixation	n/a	213.9	283.0	2789.0	n/a	n/a	n/a	n/a
318.139	0.014	saccade	n/a	210.6	287.2	n/a	195.6	295.8	0.61	51.0
318.155	0.154	fixation	n/a	199.1	292.5	2796.0	n/a	n/a	n/a	n/a
318.311	0.032	saccade	n/a	199.5	293.1	n/a	277.3	289.2	2.75	198.0
318.345	0.216	fixation	n/a	278.0	288.6	2788.0	n/a	n/a	n/a	n/a
318.563	0.034	saccade	n/a	279.2	283.8	n/a	240.9	185.2	3.8	260.0
318.599	0.172	fixation	n/a	245.7	186.8	2749.0	n/a	n/a	n/a	n/a
318.612	0.0	trigger_11	11	n/a	n/a	n/a	n/a	n/a	n/a	n/a
318.714	0.0	trigger_20	20	n/a	n/a	n/a	n/a	n/a	n/a	n/a
318.773	0.03	saccade	n/a	243.8	185.0	n/a	183.9	155.6	2.37	186.0
318.805	0.282	fixation	n/a	188.4	161.5	2718.0	n/a	n/a	n/a	n/a
319.089	0.032	saccade	n/a	189.6	161.7	n/a	281.6	177.0	3.31	227.0
319.123	0.092	fixation	n/a	280.7	176.6	2740.0	n/a	n/a	n/a	n/a
