onset	duration	trial_type	value	gaze_x	gaze_y	pupil_size	sacc_endx	sacc_endy	sacc_amplitude	sacc_peakvel
0.034	0.42	fixation	n/a	202.7	156.2	3781.0	n/a	n/a	n/a	n/a
0.078	0.0	trigger_93	93	n/a	n/a	n/a	n/a	n/a	n/a	n/a
0.456	0.034	saccade	n/a	202.7	151.8	n/a	304.2	161.9	3.99	171.0
0.492	0.094	fixation	n/a	307.8	161.6	3833.0	n/a	n/a	n/a	n/a
0.588	0.164	saccade	n/a	308.8	160.8	n/a	291.7	184.4	1.16	1517.0
0.612	0.084	blink	n/a	n/a	n/a	n/a	n/a	n/a	n/a	n/a
0.754	0.156	fixation	n/a	289.0	173.9	3894.0	n/a	n/a	n/a	n/a
0.912	0.19	saccade	n/a	290.5	172.8	n/a	289.7	210.6	1.51	988.0
0.936	0.116	blink	n/a	n/a	n/a	n/a	n/a	n/a	n/a	n/a
1.104	0.182	fixation	n/a	288.2	194.1	3670.0	n/a	n/a	n/a	n/a
1.288	0.182	saccade	n/a	287.7	193.5	n/a	307.2	208.5	0.96	1409.0
1.314	0.108	blink	n/a	n/a	n/a	n/a	n/a	n/a	n/a	n/a
1.472	0.062	fixation	n/a	307.5	194.5	3523.0	n/a	n/a	n/a	n/a
1.536	0.198	saccade	n/a	308.3	195.1	n/a	317.8	184.6	0.55	716.0
1.56	0.118	blink	n/a	n/a	n/a	n/a	n/a	n/a	n/a	n/a
1.736	0.112	fixation	n/a	316.4	177.5	3593.0	n/a	n/a	n/a	n/a
1.85	0.204	saccade	n/a	317.3	179.1	n/a	354.6	207.6	1.85	661.0
1.876	0.116	blink	n/a	n/a	n/a	n/a	n/a	n/a	n/a	n/a
2.056	0.216	fixation	n/a	356.3	199.6	3679.0	n/a	n/a	n/a	n/a
2.088	0.0	trigger_10	10	n/a	n/a	n/a	n/a	n/a	n/a	n/a
2.274	0.044	saccade	n/a	360.7	204.5	n/a	209.1	186.5	5.95	239.0
2.32	0.144	fixation	n/a	217.9	187.7	3756.0	n/a	n/a	n/a	n/a
2.466	0.026	saccade	n/a	216.2	186.2	n/a	163.5	187.5	2.03	135.0
2.494	0.168	fixation	n/a	168.7	186.5	3579.0	n/a	n/a	n/a	n/a
2.664	0.04	saccade	n/a	168.6	186.6	n/a	296.7	188.3	4.97	236.0
2.706	0.116	fixation	n/a	294.5	186.7	3487.0	n/a	n/a	n/a	n/a
2.824	0.038	saccade	n/a	296.6	185.3	n/a	442.1	189.3	5.71	290.0
2.864	0.048	fixation	n/a	440.2	189.2	3453.0	n/a	n/a	n/a	n/a
2.914	0.188	saccade	n/a	439.7	189.6	n/a	497.1	181.0	2.28	1581.0
2.94	0.102	blink	n/a	n/a	n/a	n/a	n/a	n/a	n/a	n/a
3.104	0.074	fixation	n/a	493.9	183.6	3428.0	n/a	n/a	n/a	n/a
3.18	0.186	saccade	n/a	493.2	187.0	n/a	535.4	208.6	1.88	2520.0
3.202	0.12	blink	n/a	n/a	n/a	n/a	n/a	n/a	n/a	n/a
3.368	0.084	fixation	n/a	534.9	210.8	3352.0	n/a	n/a	n/a	n/a
3.454	0.158	saccade	n/a	536.5	211.9	n/a	612.1	198.7	3.02	819.0
3.476	0.084	blink	n/a	n/a	n/a	n/a	n/a	n/a	n/a	n/a
3.614	0.064	fixation	n/a	609.6	199.1	3304.0	n/a	n/a	n/a	n/a
3.68	0.062	saccade	n/a	610.1	197.6	n/a	190.8	250.8	16.42	476.0
3.744	0.228	fixation	n/a	182.6	251.2	3372.0	n/a	n/a	n/a	n/a
3.974	0.174	saccade	n/a	168.0	250.3	n/a	324.3	245.5	6.11	608.0
3.996	0.112	blink	n/a	n/a	n/a	n/a	n/a	n/a	n/a	n/a
4.15	0.142	fixation	n/a	331.6	243.0	3201.0	n/a	n/a	n/a	n/a
4.294	0.028	saccade	n/a	336.1	246.3	n/a	424.4	243.4	3.49	172.0
4.324	0.096	fixation	n/a	426.1	244.7	3263.0	n/a	n/a	n/a	n/a
4.422	0.164	saccade	n/a	426.8	244.4	n/a	466.4	236.4	1.59	1931.0
4.446	0.1	blink	n/a	n/a	n/a	n/a	n/a	n/a	n/a	n/a
4.588	0.114	fixation	n/a	466.2	234.4	3103.0	n/a	n/a	n/a	n/a
4.704	0.026	saccade	n/a	469.9	235.9	n/a	515.8	233.4	1.81	82.0
4.732	0.1	fixation	n/a	514.8	231.8	3212.0	n/a	n/a	n/a	n/a
4.834	0.056	saccade	n/a	514.9	234.7	n/a	182.8	300.0	13.15	441.0
4.892	0.134	fixation	n/a	180.0	299.8	3321.0	n/a	n/a	n/a	n/a
5.028	0.014	saccade	n/a	177.0	302.1	n/a	157.7	302.5	0.74	64.0
5.044	0.226	fixation	n/a	163.1	304.8	3236.0	n/a	n/a	n/a	n/a
5.272	0.05	saccade	n/a	165.8	306.7	n/a	340.8	302.6	6.8	264.0
5.324	0.234	fixation	n/a	340.1	301.8	3166.0	n/a	n/a	n/a	n/a
5.56	0.024	saccade	n/a	345.0	301.4	n/a	401.3	302.7	2.21	137.0
5.586	0.57	fixation	n/a	401.9	303.5	3166.0	n/a	n/a	n/a	n/a
6.158	0.04	saccade	n/a	395.1	305.1	n/a	543.5	304.2	5.8	278.0
6.2	0.4	fixation	n/a	543.5	304.8	3133.0	n/a	n/a	n/a	n/a
6.602	0.02	saccade	n/a	543.5	302.1	n/a	512.6	301.5	1.2	80.0
6.624	0.188	fixation	n/a	512.4	300.6	3008.0	n/a	n/a	n/a	n/a
6.814	0.038	saccade	n/a	512.8	300.4	n/a	646.4	307.3	5.18	262.0
6.854	0.198	fixation	n/a	648.9	305.1	2934.0	n/a	n/a	n/a	n/a
7.054	0.074	saccade	n/a	651.2	303.4	n/a	149.8	381.7	19.31	452.0
7.13	0.146	fixation	n/a	148.1	383.4	2905.0	n/a	n/a	n/a	n/a
7.278	0.018	saccade	n/a	145.5	383.1	n/a	120.2	377.9	0.98	70.0
7.298	0.164	fixation	n/a	125.9	377.0	2825.0	n/a	n/a	n/a	n/a
7.464	0.232	saccade	n/a	126.5	380.9	n/a	157.7	186.5	7.69	663.0
7.488	0.16	blink	n/a	n/a	n/a	n/a	n/a	n/a	n/a	n/a
7.618	0.0	trigger_11	11	n/a	n/a	n/a	n/a	n/a	n/a	n/a
7.698	0.262	fixation	n/a	169.2	185.0	2875.0	n/a	n/a	n/a	n/a
7.724	0.0	trigger_10	10	n/a	n/a	n/a	n/a	n/a	n/a	n/a
7.962	0.026	saccade	n/a	172.0	185.7	n/a	242.0	190.5	2.7	162.0
7.99	0.074	fixation	n/a	244.6	191.9	2900.0	n/a	n/a	n/a	n/a
8.066	0.218	saccade	n/a	243.4	188.8	n/a	183.0	187.2	2.34	956.0
8.086	0.114	blink	n/a	n/a	n/a	n/a	n/a	n/a	n/a	n/a
8.286	0.104	fixation	n/a	175.9	183.0	2763.0	n/a	n/a	n/a	n/a
8.392	0.026	saccade	n/a	174.5	181.7	n/a	126.2	183.8	1.84	128.0
8.42	0.468	fixation	n/a	126.1	183.8	2841.0	n/a	n/a	n/a	n/a
8.89	0.038	saccade	n/a	117.6	180.8	n/a	264.4	193.5	5.66	295.0
8.93	0.278	fixation	n/a	266.5	194.3	3007.0	n/a	n/a	n/a	n/a
9.21	0.036	saccade	n/a	265.9	191.3	n/a	391.1	199.7	4.91	245.0
9.248	0.25	fixation	n/a	391.5	197.3	3073.0	n/a	n/a	n/a	n/a
9.5	0.018	saccade	n/a	389.2	197.5	n/a	359.5	194.4	1.18	87.0
9.52	0.22	fixation	n/a	365.3	190.7	3102.0	n/a	n/a	n/a	n/a
9.742	0.04	saccade	n/a	365.8	189.9	n/a	481.7	197.0	4.55	241.0
9.784	0.238	fixation	n/a	485.6	193.5	3143.0	n/a	n/a	n/a	n/a
10.024	0.018	saccade	n/a	492.0	188.2	n/a	519.7	188.5	1.08	79.0
10.044	0.216	fixation	n/a	517.4	189.5	3115.0	n/a	n/a	n/a	n/a
10.262	0.018	saccade	n/a	521.8	189.8	n/a	547.2	191.6	0.99	75.0
10.282	0.398	fixation	n/a	547.7	187.8	3112.0	n/a	n/a	n/a	n/a
10.682	0.064	saccade	n/a	560.1	186.9	n/a	143.7	239.8	16.15	428.0
10.748	0.234	fixation	n/a	138.4	238.2	3251.0	n/a	n/a	n/a	n/a
10.984	0.014	saccade	n/a	133.1	240.9	n/a	118.5	237.4	0.57	47.0
11.0	0.138	fixation	n/a	121.7	235.4	3239.0	n/a	n/a	n/a	n/a
11.14	0.026	saccade	n/a	120.0	230.7	n/a	115.4	172.4	2.28	136.0
11.168	0.83	fixation	n/a	121.5	170.1	3094.0	n/a	n/a	n/a	n/a
11.682	0.0	trigger_11	11	n/a	n/a	n/a	n/a	n/a	n/a	n/a
11.786	0.0	trigger_10	10	n/a	n/a	n/a	n/a	n/a	n/a	n/a
12.0	0.028	saccade	n/a	125.4	171.2	n/a	206.6	173.7	3.09	174.0
12.03	0.052	fixation	n/a	209.2	176.0	3012.0	n/a	n/a	n/a	n/a
12.084	0.21	saccade	n/a	212.4	179.7	n/a	242.9	194.7	1.32	834.0
12.106	0.142	blink	n/a	n/a	n/a	n/a	n/a	n/a	n/a	n/a
12.296	0.074	fixation	n/a	245.1	186.0	2933.0	n/a	n/a	n/a	n/a
12.372	0.022	saccade	n/a	245.3	186.9	n/a	201.1	183.5	1.71	112.0
12.396	0.26	fixation	n/a	205.3	183.4	2915.0	n/a	n/a	n/a	n/a
12.658	0.026	saccade	n/a	209.9	184.3	n/a	271.5	189.7	2.4	133.0
12.686	0.294	fixation	n/a	274.7	186.0	2808.0	n/a	n/a	n/a	n/a
12.982	0.048	saccade	n/a	277.1	184.9	n/a	499.8	188.7	8.68	297.0
13.032	0.122	fixation	n/a	505.0	186.0	2734.0	n/a	n/a	n/a	n/a
13.156	0.026	saccade	n/a	508.9	186.1	n/a	563.6	187.2	2.13	128.0
13.184	0.2	fixation	n/a	562.1	185.6	2743.0	n/a	n/a	n/a	n/a
13.386	0.062	saccade	n/a	560.9	187.6	n/a	183.6	233.2	14.68	391.0
13.45	0.106	fixation	n/a	183.1	233.9	2805.0	n/a	n/a	n/a	n/a
13.558	0.022	saccade	n/a	181.1	235.9	n/a	141.9	236.9	1.5	105.0
13.582	0.18	fixation	n/a	147.2	237.6	2813.0	n/a	n/a	n/a	n/a
13.764	0.034	saccade	n/a	148.7	238.9	n/a	280.0	245.7	5.06	264.0
13.8	0.23	fixation	n/a	285.2	248.3	2847.0	n/a	n/a	n/a	n/a
14.032	0.03	saccade	n/a	285.8	247.8	n/a	366.8	249.3	3.17	192.0
14.064	0.274	fixation	n/a	368.8	250.0	2881.0	n/a	n/a	n/a	n/a
14.34	0.024	saccade	n/a	372.3	252.4	n/a	425.1	244.9	2.1	128.0
14.366	0.282	fixation	n/a	428.6	242.8	2951.0	n/a	n/a	n/a	n/a
14.65	0.018	saccade	n/a	426.6	243.7	n/a	398.5	247.6	1.11	79.0
14.67	0.15	fixation	n/a	402.2	247.1	2963.0	n/a	n/a	n/a	n/a
14.822	0.036	saccade	n/a	401.7	246.0	n/a	514.5	248.5	4.42	238.0
14.86	0.13	fixation	n/a	513.5	248.1	2929.0	n/a	n/a	n/a	n/a
14.992	0.168	saccade	n/a	514.6	254.8	n/a	573.3	236.0	2.4	918.0
15.016	0.09	blink	n/a	n/a	n/a	n/a	n/a	n/a	n/a	n/a
15.162	0.106	fixation	n/a	570.7	232.5	2843.0	n/a	n/a	n/a	n/a
15.27	0.022	saccade	n/a	571.9	233.4	n/a	612.5	237.2	1.57	101.0
15.294	0.136	fixation	n/a	609.6	235.5	2879.0	n/a	n/a	n/a	n/a
15.432	0.022	saccade	n/a	610.2	235.6	n/a	648.9	232.1	1.49	91.0
15.456	0.11	fixation	n/a	649.8	233.0	2821.0	n/a	n/a	n/a	n/a
15.568	0.068	saccade	n/a	650.2	234.0	n/a	162.0	296.8	18.8	454.0
15.638	0.254	fixation	n/a	156.3	294.5	2838.0	n/a	n/a	n/a	n/a
15.894	0.034	saccade	n/a	154.5	294.4	n/a	255.4	304.7	3.89	216.0
15.93	0.194	fixation	n/a	258.4	307.1	2843.0	n/a	n/a	n/a	n/a
16.126	0.036	saccade	n/a	259.0	306.5	n/a	363.7	304.4	4.07	245.0
16.164	0.238	fixation	n/a	364.8	303.3	2861.0	n/a	n/a	n/a	n/a
16.404	0.04	saccade	n/a	366.3	304.6	n/a	482.7	303.6	4.56	216.0
16.446	0.156	fixation	n/a	483.0	304.1	2824.0	n/a	n/a	n/a	n/a
16.604	0.016	saccade	n/a	481.1	305.5	n/a	458.8	306.2	0.87	70.0
16.622	0.098	fixation	n/a	461.9	305.8	2855.0	n/a	n/a	n/a	n/a
16.722	0.034	saccade	n/a	461.1	306.9	n/a	351.3	308.3	4.3	233.0
16.758	0.652	fixation	n/a	352.1	311.0	2893.0	n/a	n/a	n/a	n/a
17.412	0.028	saccade	n/a	349.6	311.1	n/a	277.0	308.6	2.83	167.0
17.442	0.18	fixation	n/a	279.7	305.8	2888.0	n/a	n/a	n/a	n/a
17.624	0.018	saccade	n/a	277.9	308.0	n/a	255.2	307.5	0.88	66.0
17.644	0.148	fixation	n/a	256.4	303.8	2905.0	n/a	n/a	n/a	n/a
17.794	0.022	saccade	n/a	258.7	304.9	n/a	295.6	306.6	1.43	87.0
17.818	0.446	fixation	n/a	296.6	308.9	2893.0	n/a	n/a	n/a	n/a
18.266	0.028	saccade	n/a	298.0	309.8	n/a	363.5	312.2	2.56	151.0
18.296	0.276	fixation	n/a	362.0	310.7	2874.0	n/a	n/a	n/a	n/a
18.574	0.02	saccade	n/a	363.8	309.8	n/a	399.2	305.8	1.39	97.0
18.596	0.214	fixation	n/a	400.4	304.6	2855.0	n/a	n/a	n/a	n/a
18.812	0.026	saccade	n/a	403.6	306.6	n/a	471.0	310.0	2.64	138.0
18.84	0.21	fixation	n/a	478.3	310.3	2821.0	n/a	n/a	n/a	n/a
19.052	0.024	saccade	n/a	482.0	311.5	n/a	534.7	307.5	2.06	115.0
19.078	0.18	fixation	n/a	536.3	306.7	2775.0	n/a	n/a	n/a	n/a
19.26	0.016	saccade	n/a	541.4	306.2	n/a	561.1	304.2	0.77	61.0
19.278	0.19	fixation	n/a	559.1	304.3	2738.0	n/a	n/a	n/a	n/a
19.47	0.024	saccade	n/a	557.8	306.1	n/a	508.4	314.1	1.95	122.0
19.496	0.16	fixation	n/a	511.1	311.1	2712.0	n/a	n/a	n/a	n/a
19.658	0.026	saccade	n/a	509.6	309.1	n/a	454.8	295.7	2.2	140.0
19.686	0.066	fixation	n/a	457.9	295.8	2728.0	n/a	n/a	n/a	n/a
19.754	0.054	saccade	n/a	457.4	297.5	n/a	201.9	169.8	11.13	339.0
19.81	0.144	fixation	n/a	199.6	165.2	2729.0	n/a	n/a	n/a	n/a
19.956	0.024	saccade	n/a	195.0	164.3	n/a	149.4	153.7	1.79	100.0
19.982	0.58	fixation	n/a	143.7	155.7	2718.0	n/a	n/a	n/a	n/a
20.148	0.0	trigger_11	11	n/a	n/a	n/a	n/a	n/a	n/a	n/a
20.25	0.0	trigger_12	12	n/a	n/a	n/a	n/a	n/a	n/a	n/a
20.564	0.032	saccade	n/a	146.4	160.8	n/a	263.6	179.7	4.56	223.0
20.598	0.088	fixation	n/a	270.2	181.7	2680.0	n/a	n/a	n/a	n/a
20.688	0.182	saccade	n/a	263.3	182.6	n/a	342.2	186.5	3.09	429.0
20.712	0.122	blink	n/a	n/a	n/a	n/a	n/a	n/a	n/a	n/a
20.872	0.138	fixation	n/a	343.1	176.6	2657.0	n/a	n/a	n/a	n/a
21.012	0.032	saccade	n/a	342.7	179.2	n/a	244.9	182.0	3.8	216.0
21.046	0.168	fixation	n/a	248.3	183.2	2723.0	n/a	n/a	n/a	n/a
21.216	0.03	saccade	n/a	248.8	183.3	n/a	349.4	187.8	3.91	195.0
21.248	0.186	fixation	n/a	357.8	185.6	2693.0	n/a	n/a	n/a	n/a
21.436	0.048	saccade	n/a	357.1	182.3	n/a	129.3	168.3	8.76	346.0
21.486	0.572	fixation	n/a	131.9	174.0	2847.0	n/a	n/a	n/a	n/a
21.772	0.0	trigger_13	13	n/a	n/a	n/a	n/a	n/a	n/a	n/a
22.06	0.026	saccade	n/a	134.8	175.2	n/a	204.7	178.2	2.67	149.0
22.088	0.15	fixation	n/a	209.7	180.6	2855.0	n/a	n/a	n/a	n/a
22.24	0.02	saccade	n/a	212.1	179.1	n/a	245.4	181.3	1.29	87.0
22.262	0.086	fixation	n/a	247.2	181.6	2831.0	n/a	n/a	n/a	n/a
22.35	0.036	saccade	n/a	246.7	181.4	n/a	141.5	249.4	4.84	268.0
22.388	0.232	fixation	n/a	141.5	252.3	2924.0	n/a	n/a	n/a	n/a
22.622	0.024	saccade	n/a	143.0	258.8	n/a	157.6	303.6	1.84	119.0
22.648	0.416	fixation	n/a	155.6	302.2	2976.0	n/a	n/a	n/a	n/a
23.066	0.028	saccade	n/a	156.6	299.7	n/a	142.6	228.5	2.83	159.0
23.096	0.088	fixation	n/a	149.3	229.4	2971.0	n/a	n/a	n/a	n/a
23.186	0.036	saccade	n/a	151.8	225.4	n/a	256.9	183.3	4.36	208.0
23.224	0.3	fixation	n/a	259.1	181.7	3000.0	n/a	n/a	n/a	n/a
23.526	0.034	saccade	n/a	260.4	182.3	n/a	189.1	262.1	4.18	194.0
23.562	0.116	fixation	n/a	187.2	265.5	3053.0	n/a	n/a	n/a	n/a
23.68	0.024	saccade	n/a	185.7	269.3	n/a	147.3	298.5	1.86	122.0
23.706	0.22	fixation	n/a	154.0	304.0	3057.0	n/a	n/a	n/a	n/a
23.928	0.018	saccade	n/a	156.9	305.7	n/a	179.5	307.7	0.86	62.0
23.948	0.218	fixation	n/a	176.7	305.7	3069.0	n/a	n/a	n/a	n/a
24.168	0.026	saccade	n/a	177.8	309.2	n/a	168.7	370.5	2.42	132.0
24.196	0.204	fixation	n/a	169.7	372.0	3037.0	n/a	n/a	n/a	n/a
24.402	0.024	saccade	n/a	167.7	371.4	n/a	125.2	326.5	2.38	141.0
24.428	0.19	fixation	n/a	128.9	319.2	3005.0	n/a	n/a	n/a	n/a
24.62	0.014	saccade	n/a	125.8	317.4	n/a	109.0	313.9	0.65	54.0
24.636	0.246	fixation	n/a	109.6	310.7	2957.0	n/a	n/a	n/a	n/a
24.884	0.03	saccade	n/a	111.1	305.6	n/a	127.9	210.8	3.75	179.0
24.916	0.166	fixation	n/a	138.2	196.0	2964.0	n/a	n/a	n/a	n/a
25.084	0.024	saccade	n/a	139.7	191.0	n/a	174.8	162.1	1.75	102.0
25.11	0.324	fixation	n/a	178.4	166.0	2985.0	n/a	n/a	n/a	n/a
25.18	0.0	trigger_15	15	n/a	n/a	n/a	n/a	n/a	n/a	n/a
25.234	0.0	trigger_10	10	n/a	n/a	n/a	n/a	n/a	n/a	n/a
25.436	0.02	saccade	n/a	175.9	167.7	n/a	136.3	163.5	1.51	101.0
25.458	0.072	fixation	n/a	141.4	166.2	2982.0	n/a	n/a	n/a	n/a
25.532	0.242	saccade	n/a	144.6	169.9	n/a	133.3	173.5	0.45	592.0
25.56	0.152	blink	n/a	n/a	n/a	n/a	n/a	n/a	n/a	n/a
25.776	0.284	fixation	n/a	132.8	171.0	2961.0	n/a	n/a	n/a	n/a
26.062	0.03	saccade	n/a	131.6	169.4	n/a	203.7	171.6	2.75	169.0
26.094	0.296	fixation	n/a	203.8	172.9	2967.0	n/a	n/a	n/a	n/a
26.392	0.026	saccade	n/a	208.0	173.3	n/a	266.8	180.5	2.3	137.0
26.42	0.256	fixation	n/a	267.2	177.9	2958.0	n/a	n/a	n/a	n/a
26.678	0.03	saccade	n/a	266.1	175.2	n/a	349.5	182.8	3.26	194.0
26.71	0.22	fixation	n/a	356.0	183.9	2875.0	n/a	n/a	n/a	n/a
26.932	0.034	saccade	n/a	358.0	180.4	n/a	469.0	174.1	4.36	184.0
26.968	0.356	fixation	n/a	475.9	172.7	2814.0	n/a	n/a	n/a	n/a
27.326	0.028	saccade	n/a	478.2	170.6	n/a	550.3	171.4	2.81	128.0
27.356	0.138	fixation	n/a	558.5	170.3	2726.0	n/a	n/a	n/a	n/a
27.496	0.064	saccade	n/a	558.0	170.6	n/a	180.1	247.2	14.9	382.0
27.562	0.198	fixation	n/a	173.8	242.8	2796.0	n/a	n/a	n/a	n/a
27.762	0.022	saccade	n/a	170.1	243.5	n/a	126.7	239.5	1.65	111.0
27.786	0.458	fixation	n/a	125.3	239.4	2813.0	n/a	n/a	n/a	n/a
28.246	0.032	saccade	n/a	122.7	241.1	n/a	115.0	161.5	3.12	182.0
28.28	0.732	fixation	n/a	119.9	161.6	2943.0	n/a	n/a	n/a	n/a
28.644	0.0	trigger_11	11	n/a	n/a	n/a	n/a	n/a	n/a	n/a
28.748	0.0	trigger_10	10	n/a	n/a	n/a	n/a	n/a	n/a	n/a
29.014	0.026	saccade	n/a	123.9	162.9	n/a	192.9	163.2	2.62	143.0
29.042	0.118	fixation	n/a	196.1	162.8	2972.0	n/a	n/a	n/a	n/a
29.162	0.166	saccade	n/a	199.9	165.5	n/a	245.6	161.0	1.77	461.0
29.186	0.104	blink	n/a	n/a	n/a	n/a	n/a	n/a	n/a	n/a
29.33	0.022	fixation	n/a	245.8	151.6	2931.0	n/a	n/a	n/a	n/a
29.354	0.02	saccade	n/a	239.2	149.0	n/a	195.0	155.4	1.72	116.0
29.376	0.262	fixation	n/a	196.4	162.4	2933.0	n/a	n/a	n/a	n/a
29.64	0.03	saccade	n/a	199.1	172.5	n/a	303.8	177.8	4.06	212.0
29.672	0.194	fixation	n/a	311.8	177.3	2813.0	n/a	n/a	n/a	n/a
29.868	0.026	saccade	n/a	310.5	176.4	n/a	245.1	174.1	2.54	138.0
29.896	0.258	fixation	n/a	241.7	177.7	2791.0	n/a	n/a	n/a	n/a
30.156	0.034	saccade	n/a	243.9	177.3	n/a	345.0	185.3	3.95	185.0
30.192	0.16	fixation	n/a	352.3	183.1	2766.0	n/a	n/a	n/a	n/a
30.354	0.024	saccade	n/a	355.9	181.4	n/a	405.5	179.0	1.95	112.0
30.38	0.168	fixation	n/a	404.7	175.2	2776.0	n/a	n/a	n/a	n/a
30.55	0.032	saccade	n/a	406.9	174.4	n/a	484.7	171.0	3.05	148.0
30.584	0.134	fixation	n/a	482.5	169.2	2756.0	n/a	n/a	n/a	n/a
30.72	0.028	saccade	n/a	485.9	171.9	n/a	567.5	173.1	3.18	158.0
30.75	0.282	fixation	n/a	572.7	170.7	2683.0	n/a	n/a	n/a	n/a
31.034	0.018	saccade	n/a	569.8	169.2	n/a	545.3	168.3	0.95	70.0
31.054	0.2	fixation	n/a	547.0	168.5	2672.0	n/a	n/a	n/a	n/a
31.256	0.022	saccade	n/a	548.9	171.2	n/a	591.5	171.8	1.65	98.0
31.28	0.134	fixation	n/a	594.5	167.3	2713.0	n/a	n/a	n/a	n/a
31.416	0.064	saccade	n/a	592.3	167.3	n/a	176.8	230.6	16.17	416.0
31.482	0.234	fixation	n/a	178.0	233.3	2906.0	n/a	n/a	n/a	n/a
31.718	0.022	saccade	n/a	181.7	237.7	n/a	231.1	236.9	1.91	126.0
31.742	0.126	fixation	n/a	234.8	237.8	2927.0	n/a	n/a	n/a	n/a
31.87	0.036	saccade	n/a	235.7	236.7	n/a	143.0	165.9	4.52	237.0
31.908	0.192	fixation	n/a	150.9	164.3	2940.0	n/a	n/a	n/a	n/a
32.102	0.014	saccade	n/a	148.2	164.3	n/a	131.0	163.2	0.65	58.0
32.118	0.47	fixation	n/a	134.9	163.9	2965.0	n/a	n/a	n/a	n/a
32.22	0.0	trigger_11	11	n/a	n/a	n/a	n/a	n/a	n/a	n/a
32.324	0.0	trigger_10	10	n/a	n/a	n/a	n/a	n/a	n/a	n/a
32.59	0.024	saccade	n/a	139.7	163.8	n/a	186.6	163.7	1.79	100.0
32.616	0.18	fixation	n/a	191.9	165.8	2860.0	n/a	n/a	n/a	n/a
32.798	0.03	saccade	n/a	195.1	166.6	n/a	301.1	172.7	4.12	229.0
32.83	0.082	fixation	n/a	307.7	172.2	2782.0	n/a	n/a	n/a	n/a
32.914	0.194	saccade	n/a	308.9	176.4	n/a	313.9	180.6	0.26	474.0
32.934	0.136	blink	n/a	n/a	n/a	n/a	n/a	n/a	n/a	n/a
33.11	0.08	fixation	n/a	317.2	178.0	2677.0	n/a	n/a	n/a	n/a
33.192	0.032	saccade	n/a	321.3	180.4	n/a	418.8	186.1	3.82	183.0
33.226	0.184	fixation	n/a	419.7	180.8	2691.0	n/a	n/a	n/a	n/a
33.412	0.028	saccade	n/a	421.1	178.4	n/a	493.3	173.4	2.83	155.0
33.442	0.604	fixation	n/a	498.8	167.2	2624.0	n/a	n/a	n/a	n/a
34.048	0.036	saccade	n/a	496.7	167.8	n/a	594.6	161.8	3.81	183.0
34.086	0.216	fixation	n/a	596.5	159.8	2651.0	n/a	n/a	n/a	n/a
34.304	0.068	saccade	n/a	597.9	158.1	n/a	166.4	224.0	16.73	412.0
34.374	0.29	fixation	n/a	162.0	227.9	2779.0	n/a	n/a	n/a	n/a
34.666	0.016	saccade	n/a	154.1	231.1	n/a	135.4	232.1	0.71	56.0
34.684	0.11	fixation	n/a	138.0	232.1	2783.0	n/a	n/a	n/a	n/a
34.796	0.042	saccade	n/a	139.3	232.7	n/a	301.9	238.4	6.27	293.0
34.84	0.21	fixation	n/a	306.3	234.6	2766.0	n/a	n/a	n/a	n/a
35.052	0.024	saccade	n/a	304.1	234.7	n/a	256.7	234.1	1.84	118.0
35.078	0.22	fixation	n/a	262.9	239.0	2807.0	n/a	n/a	n/a	n/a
35.3	0.044	saccade	n/a	262.8	239.2	n/a	441.4	237.8	6.98	326.0
35.346	0.11	fixation	n/a	442.0	235.7	2811.0	n/a	n/a	n/a	n/a
35.458	0.028	saccade	n/a	443.5	234.8	n/a	508.2	233.2	2.53	157.0
35.488	0.214	fixation	n/a	508.1	229.7	2802.0	n/a	n/a	n/a	n/a
35.704	0.06	saccade	n/a	509.1	230.5	n/a	165.1	305.4	13.58	384.0
35.766	0.128	fixation	n/a	163.6	305.3	2795.0	n/a	n/a	n/a	n/a
35.896	0.016	saccade	n/a	158.8	305.6	n/a	139.3	306.3	0.74	59.0
35.914	0.276	fixation	n/a	135.3	302.8	2828.0	n/a	n/a	n/a	n/a
36.192	0.03	saccade	n/a	131.5	302.3	n/a	217.1	302.3	3.26	167.0
36.224	0.164	fixation	n/a	220.9	301.3	2833.0	n/a	n/a	n/a	n/a
36.39	0.038	saccade	n/a	221.8	300.2	n/a	352.3	305.0	5.05	274.0
36.43	0.402	fixation	n/a	359.5	307.8	2776.0	n/a	n/a	n/a	n/a
36.834	0.054	saccade	n/a	360.8	306.3	n/a	144.7	181.9	9.65	322.0
36.89	0.92	fixation	n/a	136.2	165.9	2764.0	n/a	n/a	n/a	n/a
37.508	0.0	trigger_11	11	n/a	n/a	n/a	n/a	n/a	n/a	n/a
37.614	0.0	trigger_10	10	n/a	n/a	n/a	n/a	n/a	n/a	n/a
37.812	0.028	saccade	n/a	137.1	163.2	n/a	209.8	156.1	2.79	122.0
37.842	0.078	fixation	n/a	224.1	157.6	2685.0	n/a	n/a	n/a	n/a
37.922	0.172	saccade	n/a	228.0	167.8	n/a	278.5	145.1	2.15	611.0
37.944	0.114	blink	n/a	n/a	n/a	n/a	n/a	n/a	n/a	n/a
38.096	0.094	fixation	n/a	280.7	142.3	2658.0	n/a	n/a	n/a	n/a
38.192	0.026	saccade	n/a	283.7	145.7	n/a	352.8	161.3	2.76	157.0
38.22	0.16	fixation	n/a	366.4	163.7	2666.0	n/a	n/a	n/a	n/a
38.382	0.03	saccade	n/a	368.9	164.8	n/a	458.3	164.3	3.49	186.0
38.414	0.418	fixation	n/a	461.2	164.7	2637.0	n/a	n/a	n/a	n/a
38.834	0.022	saccade	n/a	468.9	166.3	n/a	512.5	164.1	1.71	102.0
38.858	0.236	fixation	n/a	515.8	164.4	2617.0	n/a	n/a	n/a	n/a
39.096	0.022	saccade	n/a	519.8	164.8	n/a	555.0	163.6	1.37	86.0
39.12	0.218	fixation	n/a	553.6	160.6	2690.0	n/a	n/a	n/a	n/a
39.34	0.062	saccade	n/a	552.8	163.3	n/a	170.5	226.7	14.94	427.0
39.404	0.258	fixation	n/a	167.2	225.2	2737.0	n/a	n/a	n/a	n/a
39.664	0.024	saccade	n/a	165.2	228.3	n/a	115.2	229.8	1.9	124.0
39.69	0.19	fixation	n/a	116.4	226.2	2793.0	n/a	n/a	n/a	n/a
39.882	0.024	saccade	n/a	117.1	219.7	n/a	117.4	174.9	1.74	98.0
39.908	0.784	fixation	n/a	132.9	160.4	2804.0	n/a	n/a	n/a	n/a
40.374	0.0	trigger_11	11	n/a	n/a	n/a	n/a	n/a	n/a	n/a
40.478	0.0	trigger_10	10	n/a	n/a	n/a	n/a	n/a	n/a	n/a
40.694	0.028	saccade	n/a	141.7	150.9	n/a	212.0	156.9	2.69	125.0
40.724	0.182	fixation	n/a	226.6	156.6	2799.0	n/a	n/a	n/a	n/a
40.908	0.024	saccade	n/a	233.7	160.0	n/a	293.3	157.1	2.31	132.0
40.934	0.18	fixation	n/a	309.1	160.3	2752.0	n/a	n/a	n/a	n/a
41.116	0.024	saccade	n/a	314.2	159.3	n/a	372.8	163.5	2.29	131.0
41.142	0.16	fixation	n/a	387.2	163.7	2708.0	n/a	n/a	n/a	n/a
41.304	0.02	saccade	n/a	391.8	164.0	n/a	424.3	164.7	1.27	83.0
41.326	0.1	fixation	n/a	427.9	165.2	2681.0	n/a	n/a	n/a	n/a
41.428	0.186	saccade	n/a	437.8	177.2	n/a	479.2	167.3	1.66	1926.0
41.448	0.134	blink	n/a	n/a	n/a	n/a	n/a	n/a	n/a	n/a
41.616	0.232	fixation	n/a	477.5	160.8	2650.0	n/a	n/a	n/a	n/a
41.85	0.026	saccade	n/a	480.9	162.7	n/a	540.7	161.1	2.33	117.0
41.878	0.344	fixation	n/a	544.5	158.4	2692.0	n/a	n/a	n/a	n/a
42.224	0.016	saccade	n/a	542.7	159.2	n/a	523.2	160.0	0.76	58.0
42.242	0.182	fixation	n/a	524.1	158.7	2703.0	n/a	n/a	n/a	n/a
42.426	0.024	saccade	n/a	524.5	156.6	n/a	584.1	153.2	2.31	130.0
42.452	0.158	fixation	n/a	586.1	155.5	2734.0	n/a	n/a	n/a	n/a
42.612	0.02	saccade	n/a	589.2	153.4	n/a	618.2	154.8	1.11	77.0
42.634	0.126	fixation	n/a	616.3	156.0	2779.0	n/a	n/a	n/a	n/a
42.762	0.072	saccade	n/a	617.6	155.6	n/a	139.8	219.7	18.41	445.0
42.836	0.254	fixation	n/a	142.1	221.2	2873.0	n/a	n/a	n/a	n/a
43.092	0.026	saccade	n/a	145.0	225.5	n/a	211.3	224.5	2.54	143.0
43.12	0.124	fixation	n/a	216.4	224.4	2803.0	n/a	n/a	n/a	n/a
43.246	0.238	saccade	n/a	218.8	229.7	n/a	276.1	225.5	2.23	453.0
43.27	0.162	blink	n/a	n/a	n/a	n/a	n/a	n/a	n/a	n/a
43.486	0.276	fixation	n/a	285.0	218.9	2739.0	n/a	n/a	n/a	n/a
43.764	0.016	saccade	n/a	292.1	223.7	n/a	313.8	227.7	0.86	64.0
43.782	0.662	fixation	n/a	311.8	228.2	2626.0	n/a	n/a	n/a	n/a
44.446	0.03	saccade	n/a	311.7	228.5	n/a	394.8	235.9	3.26	176.0
44.478	0.172	fixation	n/a	394.0	234.0	2603.0	n/a	n/a	n/a	n/a
44.652	0.028	saccade	n/a	396.3	235.5	n/a	472.7	233.8	2.99	153.0
44.682	0.194	fixation	n/a	478.0	231.0	2617.0	n/a	n/a	n/a	n/a
44.878	0.026	saccade	n/a	481.6	232.4	n/a	545.7	230.3	2.51	133.0
44.906	0.148	fixation	n/a	550.5	227.7	2622.0	n/a	n/a	n/a	n/a
45.056	0.018	saccade	n/a	554.8	227.5	n/a	579.4	225.7	0.96	64.0
45.076	0.11	fixation	n/a	585.3	224.8	2625.0	n/a	n/a	n/a	n/a
45.188	0.07	saccade	n/a	585.1	224.1	n/a	161.4	289.5	16.44	407.0
45.26	0.138	fixation	n/a	164.0	290.2	2675.0	n/a	n/a	n/a	n/a
45.4	0.016	saccade	n/a	160.3	291.0	n/a	141.9	296.0	0.73	57.0
45.418	0.202	fixation	n/a	146.0	298.6	2628.0	n/a	n/a	n/a	n/a
45.622	0.044	saccade	n/a	147.0	296.5	n/a	298.9	297.4	5.83	208.0
45.668	0.242	fixation	n/a	302.3	299.9	2601.0	n/a	n/a	n/a	n/a
45.912	0.03	saccade	n/a	304.0	299.8	n/a	413.7	304.4	4.29	230.0
45.944	0.21	fixation	n/a	425.8	297.7	2594.0	n/a	n/a	n/a	n/a
46.156	0.03	saccade	n/a	428.3	298.1	n/a	517.9	295.4	3.5	185.0
46.188	0.2	fixation	n/a	525.0	291.7	2496.0	n/a	n/a	n/a	n/a
46.39	0.022	saccade	n/a	530.8	292.1	n/a	569.1	292.7	1.49	84.0
46.414	0.16	fixation	n/a	569.7	291.2	2444.0	n/a	n/a	n/a	n/a
46.576	0.04	saccade	n/a	569.7	290.6	n/a	392.9	256.6	7.02	304.0
46.618	0.278	fixation	n/a	387.4	255.2	2450.0	n/a	n/a	n/a	n/a
46.898	0.05	saccade	n/a	386.6	255.4	n/a	590.1	289.0	8.01	270.0
46.95	0.208	fixation	n/a	592.3	288.9	2376.0	n/a	n/a	n/a	n/a
47.16	0.024	saccade	n/a	590.9	290.5	n/a	543.8	291.8	1.82	108.0
47.186	0.036	fixation	n/a	525.6	288.7	2413.0	n/a	n/a	n/a	n/a
47.224	0.22	saccade	n/a	505.3	281.4	n/a	120.7	169.9	15.37	715.0
47.246	0.152	blink	n/a	n/a	n/a	n/a	n/a	n/a	n/a	n/a
47.446	0.0	trigger_11	11	n/a	n/a	n/a	n/a	n/a	n/a	n/a
47.446	0.352	fixation	n/a	137.4	170.5	2502.0	n/a	n/a	n/a	n/a
47.548	0.0	trigger_10	10	n/a	n/a	n/a	n/a	n/a	n/a	n/a
47.8	0.024	saccade	n/a	142.3	170.8	n/a	203.6	169.7	2.34	142.0
47.826	0.17	fixation	n/a	216.5	170.5	2489.0	n/a	n/a	n/a	n/a
47.998	0.032	saccade	n/a	220.1	171.6	n/a	320.3	170.1	3.88	171.0
48.032	0.358	fixation	n/a	335.3	174.3	2523.0	n/a	n/a	n/a	n/a
48.392	0.036	saccade	n/a	338.1	175.0	n/a	448.6	174.4	4.32	167.0
48.43	0.154	fixation	n/a	453.8	170.5	2580.0	n/a	n/a	n/a	n/a
48.586	0.022	saccade	n/a	456.9	167.7	n/a	505.8	169.1	1.91	119.0
48.61	0.264	fixation	n/a	516.0	167.6	2645.0	n/a	n/a	n/a	n/a
48.876	0.024	saccade	n/a	518.0	168.8	n/a	569.2	168.3	1.99	120.0
48.902	0.182	fixation	n/a	571.6	165.4	2674.0	n/a	n/a	n/a	n/a
49.086	0.016	saccade	n/a	575.6	165.3	n/a	593.7	168.6	0.71	51.0
49.104	0.11	fixation	n/a	599.6	167.3	2694.0	n/a	n/a	n/a	n/a
49.216	0.062	saccade	n/a	600.2	165.7	n/a	167.8	210.9	16.66	442.0
49.28	0.118	fixation	n/a	169.9	214.4	2822.0	n/a	n/a	n/a	n/a
49.4	0.026	saccade	n/a	165.8	218.2	n/a	115.1	227.6	1.96	127.0
49.428	0.272	fixation	n/a	120.1	226.1	2850.0	n/a	n/a	n/a	n/a
49.702	0.024	saccade	n/a	122.4	225.7	n/a	181.0	227.8	2.23	128.0
49.728	0.202	fixation	n/a	185.6	225.9	2827.0	n/a	n/a	n/a	n/a
49.932	0.03	saccade	n/a	190.0	226.8	n/a	147.8	164.6	2.92	168.0
49.964	0.488	fixation	n/a	161.4	168.4	2846.0	n/a	n/a	n/a	n/a
50.126	0.0	trigger_11	11	n/a	n/a	n/a	n/a	n/a	n/a	n/a
50.228	0.0	trigger_10	10	n/a	n/a	n/a	n/a	n/a	n/a	n/a
50.454	0.036	saccade	n/a	167.0	169.2	n/a	295.9	175.4	4.97	225.0
50.492	0.182	fixation	n/a	303.3	171.7	2783.0	n/a	n/a	n/a	n/a
50.676	0.044	saccade	n/a	304.1	170.9	n/a	133.5	162.5	6.54	270.0
50.722	0.126	fixation	n/a	137.0	164.9	2756.0	n/a	n/a	n/a	n/a
50.85	0.014	saccade	n/a	134.0	165.4	n/a	120.2	166.1	0.52	46.0
50.866	0.23	fixation	n/a	123.0	166.7	2753.0	n/a	n/a	n/a	n/a
51.098	0.032	saccade	n/a	123.4	167.5	n/a	220.8	176.1	3.73	210.0
51.132	0.194	fixation	n/a	220.7	176.9	2788.0	n/a	n/a	n/a	n/a
51.328	0.026	saccade	n/a	221.7	178.3	n/a	283.4	177.6	2.39	143.0
51.356	0.178	fixation	n/a	286.9	180.2	2714.0	n/a	n/a	n/a	n/a
51.536	0.032	saccade	n/a	291.9	180.2	n/a	392.4	174.1	3.93	207.0
51.57	0.21	fixation	n/a	390.8	173.0	2712.0	n/a	n/a	n/a	n/a
51.782	0.028	saccade	n/a	392.2	169.9	n/a	477.1	167.0	3.32	171.0
51.812	0.144	fixation	n/a	487.0	167.5	2712.0	n/a	n/a	n/a	n/a
51.958	0.042	saccade	n/a	487.2	166.8	n/a	275.1	180.5	8.29	327.0
52.002	0.144	fixation	n/a	266.2	183.2	2746.0	n/a	n/a	n/a	n/a
52.148	0.194	saccade	n/a	263.0	185.5	n/a	480.0	177.3	8.48	1610.0
52.172	0.134	blink	n/a	n/a	n/a	n/a	n/a	n/a	n/a	n/a
52.344	0.144	fixation	n/a	481.1	166.5	2728.0	n/a	n/a	n/a	n/a
52.49	0.042	saccade	n/a	480.3	164.8	n/a	284.0	188.5	7.71	313.0
52.534	0.14	fixation	n/a	276.4	185.6	2796.0	n/a	n/a	n/a	n/a
52.676	0.024	saccade	n/a	273.2	184.5	n/a	238.0	189.2	1.37	103.0
52.702	0.588	fixation	n/a	243.0	188.0	2778.0	n/a	n/a	n/a	n/a
53.292	0.028	saccade	n/a	240.9	185.8	n/a	154.4	179.3	3.32	170.0
53.322	0.304	fixation	n/a	156.0	179.5	2753.0	n/a	n/a	n/a	n/a
53.628	0.032	saccade	n/a	158.6	180.1	n/a	249.4	194.7	3.53	183.0
53.662	0.236	fixation	n/a	254.7	192.6	2696.0	n/a	n/a	n/a	n/a
53.9	0.028	saccade	n/a	257.5	193.1	n/a	352.0	185.8	3.69	197.0
53.93	0.26	fixation	n/a	361.5	177.8	2587.0	n/a	n/a	n/a	n/a
54.192	0.028	saccade	n/a	365.2	176.9	n/a	430.3	167.0	2.57	123.0
54.222	0.162	fixation	n/a	436.7	164.9	2461.0	n/a	n/a	n/a	n/a
54.386	0.028	saccade	n/a	439.9	164.9	n/a	512.8	166.9	2.84	145.0
54.416	0.26	fixation	n/a	518.4	163.8	2353.0	n/a	n/a	n/a	n/a
54.678	0.024	saccade	n/a	522.4	162.9	n/a	562.7	161.4	1.57	80.0
54.704	0.138	fixation	n/a	567.1	159.6	2295.0	n/a	n/a	n/a	n/a
54.844	0.022	saccade	n/a	569.4	159.2	n/a	602.8	162.9	1.3	75.0
54.868	0.098	fixation	n/a	607.9	162.2	2273.0	n/a	n/a	n/a	n/a
54.968	0.07	saccade	n/a	608.1	162.1	n/a	167.2	233.8	17.13	414.0
55.04	0.306	fixation	n/a	170.0	233.8	2311.0	n/a	n/a	n/a	n/a
55.348	0.03	saccade	n/a	172.9	234.6	n/a	261.9	239.8	3.43	161.0
55.38	0.412	fixation	n/a	273.2	238.2	2407.0	n/a	n/a	n/a	n/a
55.794	0.03	saccade	n/a	279.1	240.5	n/a	371.9	239.8	3.63	189.0
55.826	0.538	fixation	n/a	374.7	236.5	2454.0	n/a	n/a	n/a	n/a
56.366	0.036	saccade	n/a	374.4	239.0	n/a	504.7	235.8	5.1	243.0
56.404	0.284	fixation	n/a	512.7	232.5	2544.0	n/a	n/a	n/a	n/a
56.69	0.024	saccade	n/a	516.7	232.4	n/a	571.1	226.5	2.13	125.0
56.716	0.31	fixation	n/a	575.8	222.9	2535.0	n/a	n/a	n/a	n/a
57.028	0.028	saccade	n/a	575.7	224.0	n/a	505.3	231.1	2.75	149.0
57.058	0.132	fixation	n/a	507.1	231.0	2474.0	n/a	n/a	n/a	n/a
57.192	0.202	saccade	n/a	503.8	238.3	n/a	192.3	170.6	12.34	1498.0
57.218	0.132	blink	n/a	n/a	n/a	n/a	n/a	n/a	n/a	n/a
57.396	0.106	fixation	n/a	202.5	169.2	2602.0	n/a	n/a	n/a	n/a
57.438	0.0	trigger_11	11	n/a	n/a	n/a	n/a	n/a	n/a	n/a
57.504	0.022	saccade	n/a	205.9	173.0	n/a	167.4	180.5	1.5	98.0
57.528	0.446	fixation	n/a	169.1	181.6	2647.0	n/a	n/a	n/a	n/a
57.542	0.0	trigger_10	10	n/a	n/a	n/a	n/a	n/a	n/a	n/a
57.976	0.044	saccade	n/a	168.8	180.4	n/a	283.3	185.0	4.42	138.0
58.022	0.202	fixation	n/a	283.0	183.6	2542.0	n/a	n/a	n/a	n/a
58.226	0.034	saccade	n/a	282.2	181.9	n/a	402.2	180.8	4.69	227.0
58.262	0.192	fixation	n/a	402.6	176.2	2526.0	n/a	n/a	n/a	n/a
58.456	0.026	saccade	n/a	404.9	174.8	n/a	466.2	170.6	2.4	127.0
58.484	0.296	fixation	n/a	471.6	168.0	2508.0	n/a	n/a	n/a	n/a
58.782	0.02	saccade	n/a	474.8	164.9	n/a	505.7	164.0	1.21	80.0
58.804	0.136	fixation	n/a	505.7	163.2	2506.0	n/a	n/a	n/a	n/a
58.942	0.026	saccade	n/a	508.1	162.8	n/a	567.7	161.7	2.32	116.0
58.97	0.164	fixation	n/a	574.8	161.1	2491.0	n/a	n/a	n/a	n/a
59.136	0.066	saccade	n/a	574.9	161.8	n/a	165.4	242.0	16.06	404.0
59.204	0.138	fixation	n/a	162.4	236.3	2610.0	n/a	n/a	n/a	n/a
59.344	0.016	saccade	n/a	156.6	235.3	n/a	136.3	233.1	0.78	60.0
59.362	0.252	fixation	n/a	140.6	237.4	2652.0	n/a	n/a	n/a	n/a
59.616	0.03	saccade	n/a	146.7	235.5	n/a	248.1	237.8	3.89	180.0
59.648	0.266	fixation	n/a	254.2	238.4	2636.0	n/a	n/a	n/a	n/a
59.916	0.034	saccade	n/a	254.5	238.4	n/a	360.0	238.3	4.11	236.0
59.952	0.34	fixation	n/a	359.0	239.0	2574.0	n/a	n/a	n/a	n/a
60.294	0.018	saccade	n/a	356.8	239.7	n/a	333.8	240.3	0.9	61.0
60.314	0.124	fixation	n/a	335.3	240.5	2611.0	n/a	n/a	n/a	n/a
60.44	0.028	saccade	n/a	334.4	240.4	n/a	265.0	239.7	2.7	163.0
60.47	0.264	fixation	n/a	270.1	239.1	2617.0	n/a	n/a	n/a	n/a
60.736	0.032	saccade	n/a	270.8	240.1	n/a	379.0	241.7	4.22	196.0
60.77	0.186	fixation	n/a	383.8	235.2	2656.0	n/a	n/a	n/a	n/a
60.958	0.024	saccade	n/a	384.4	232.5	n/a	440.1	226.1	2.19	128.0
60.984	0.204	fixation	n/a	443.7	225.8	2656.0	n/a	n/a	n/a	n/a
61.19	0.05	saccade	n/a	444.2	225.8	n/a	167.7	182.2	10.83	368.0
61.242	0.138	fixation	n/a	167.2	181.5	2641.0	n/a	n/a	n/a	n/a
61.382	0.02	saccade	n/a	167.7	183.8	n/a	134.3	176.0	1.31	89.0
61.404	0.41	fixation	n/a	138.2	169.6	2594.0	n/a	n/a	n/a	n/a
61.486	0.0	trigger_11	11	n/a	n/a	n/a	n/a	n/a	n/a	n/a
61.592	0.0	trigger_10	10	n/a	n/a	n/a	n/a	n/a	n/a	n/a
61.816	0.032	saccade	n/a	139.6	166.3	n/a	247.8	181.3	4.18	188.0
61.85	0.21	fixation	n/a	254.5	181.0	2544.0	n/a	n/a	n/a	n/a
62.062	0.03	saccade	n/a	256.0	180.4	n/a	328.2	184.7	2.81	152.0
62.094	0.078	fixation	n/a	326.6	184.6	2537.0	n/a	n/a	n/a	n/a
62.174	0.214	saccade	n/a	320.2	184.4	n/a	259.8	181.2	2.35	434.0
62.198	0.152	blink	n/a	n/a	n/a	n/a	n/a	n/a	n/a	n/a
62.39	0.202	fixation	n/a	263.1	175.1	2592.0	n/a	n/a	n/a	n/a
62.594	0.03	saccade	n/a	264.5	175.4	n/a	350.2	182.6	3.35	182.0
62.626	0.334	fixation	n/a	358.7	186.7	2606.0	n/a	n/a	n/a	n/a
62.962	0.05	saccade	n/a	361.2	190.5	n/a	149.9	181.8	8.15	319.0
63.014	0.578	fixation	n/a	148.8	180.6	2634.0	n/a	n/a	n/a	n/a
63.198	0.0	trigger_11	11	n/a	n/a	n/a	n/a	n/a	n/a	n/a
63.302	0.0	trigger_12	12	n/a	n/a	n/a	n/a	n/a	n/a	n/a
63.594	0.024	saccade	n/a	150.1	181.6	n/a	205.2	185.2	2.11	121.0
63.62	0.218	fixation	n/a	218.0	186.8	2651.0	n/a	n/a	n/a	n/a
63.84	0.026	saccade	n/a	220.2	187.0	n/a	298.7	182.5	3.04	174.0
63.868	0.282	fixation	n/a	312.3	182.1	2594.0	n/a	n/a	n/a	n/a
64.152	0.034	saccade	n/a	315.1	183.2	n/a	425.0	185.4	4.29	182.0
64.188	0.206	fixation	n/a	433.8	178.4	2465.0	n/a	n/a	n/a	n/a
64.396	0.024	saccade	n/a	438.7	176.3	n/a	497.7	169.3	2.32	131.0
64.422	0.18	fixation	n/a	513.0	168.8	2436.0	n/a	n/a	n/a	n/a
64.604	0.024	saccade	n/a	517.4	169.0	n/a	572.3	166.8	2.13	128.0
64.63	0.372	fixation	n/a	586.7	163.6	2373.0	n/a	n/a	n/a	n/a
65.004	0.022	saccade	n/a	597.8	158.7	n/a	553.9	158.5	1.69	104.0
65.028	0.164	fixation	n/a	554.4	161.1	2357.0	n/a	n/a	n/a	n/a
65.194	0.066	saccade	n/a	553.5	163.1	n/a	138.6	240.4	16.18	417.0
65.262	0.266	fixation	n/a	129.6	244.1	2517.0	n/a	n/a	n/a	n/a
65.53	0.024	saccade	n/a	126.2	244.7	n/a	101.4	200.6	1.96	122.0
65.556	0.22	fixation	n/a	115.1	189.6	2518.0	n/a	n/a	n/a	n/a
65.778	0.022	saccade	n/a	122.1	186.1	n/a	156.3	176.6	1.35	80.0
65.79	0.0	trigger_13	13	n/a	n/a	n/a	n/a	n/a	n/a	n/a
65.802	0.258	fixation	n/a	160.1	176.0	2423.0	n/a	n/a	n/a	n/a
66.062	0.026	saccade	n/a	162.7	175.6	n/a	221.5	182.3	2.26	134.0
66.09	0.176	fixation	n/a	222.8	179.8	2375.0	n/a	n/a	n/a	n/a
66.268	0.026	saccade	n/a	220.6	179.5	n/a	155.9	172.5	2.49	147.0
66.296	0.098	fixation	n/a	155.8	172.0	2414.0	n/a	n/a	n/a	n/a
66.396	0.03	saccade	n/a	157.8	174.3	n/a	249.1	185.7	3.53	196.0
66.428	0.174	fixation	n/a	252.4	187.0	2492.0	n/a	n/a	n/a	n/a
66.604	0.036	saccade	n/a	249.5	188.6	n/a	161.3	240.7	3.96	208.0
66.642	0.228	fixation	n/a	158.0	239.6	2676.0	n/a	n/a	n/a	n/a
66.872	0.024	saccade	n/a	159.9	245.7	n/a	167.8	291.1	1.81	113.0
66.898	0.286	fixation	n/a	165.8	286.8	2815.0	n/a	n/a	n/a	n/a
67.186	0.022	saccade	n/a	164.3	286.9	n/a	140.7	260.5	1.37	84.0
67.21	0.29	fixation	n/a	147.4	259.5	2812.0	n/a	n/a	n/a	n/a
67.502	0.024	saccade	n/a	146.6	259.7	n/a	104.1	250.4	1.65	114.0
67.528	0.226	fixation	n/a	110.2	252.4	2872.0	n/a	n/a	n/a	n/a
67.756	0.022	saccade	n/a	112.0	250.5	n/a	119.0	205.0	1.8	117.0
67.78	0.142	fixation	n/a	129.0	207.4	2972.0	n/a	n/a	n/a	n/a
67.924	0.028	saccade	n/a	131.7	205.9	n/a	208.9	184.8	3.05	157.0
67.954	0.364	fixation	n/a	214.6	188.4	2962.0	n/a	n/a	n/a	n/a
68.064	0.0	trigger_15	15	n/a	n/a	n/a	n/a	n/a	n/a	n/a
68.118	0.0	trigger_10	10	n/a	n/a	n/a	n/a	n/a	n/a	n/a
68.32	0.022	saccade	n/a	214.0	188.4	n/a	176.5	184.3	1.45	99.0
68.344	0.094	fixation	n/a	183.3	186.5	2929.0	n/a	n/a	n/a	n/a
68.44	0.024	saccade	n/a	181.1	187.0	n/a	132.1	188.1	1.87	120.0
68.466	0.294	fixation	n/a	129.1	189.4	2880.0	n/a	n/a	n/a	n/a
68.762	0.236	saccade	n/a	122.7	191.3	n/a	131.3	178.6	0.59	654.0
68.796	0.146	blink	n/a	n/a	n/a	n/a	n/a	n/a	n/a	n/a
69.0	0.734	fixation	n/a	134.9	181.5	2833.0	n/a	n/a	n/a	n/a
69.736	0.038	saccade	n/a	138.7	183.8	n/a	257.4	190.3	4.54	197.0
69.776	0.206	fixation	n/a	251.6	185.4	2819.0	n/a	n/a	n/a	n/a
69.984	0.032	saccade	n/a	251.7	184.1	n/a	358.7	183.1	4.16	214.0
70.018	0.192	fixation	n/a	361.2	187.2	2693.0	n/a	n/a	n/a	n/a
70.212	0.028	saccade	n/a	363.2	188.5	n/a	439.5	190.1	2.98	156.0
70.242	0.158	fixation	n/a	445.8	184.6	2634.0	n/a	n/a	n/a	n/a
70.402	0.026	saccade	n/a	448.0	182.3	n/a	512.5	169.4	2.56	138.0
70.43	0.18	fixation	n/a	514.4	169.4	2570.0	n/a	n/a	n/a	n/a
70.612	0.014	saccade	n/a	518.5	171.0	n/a	533.5	172.1	0.58	48.0
70.628	0.152	fixation	n/a	536.7	174.9	2495.0	n/a	n/a	n/a	n/a
70.782	0.024	saccade	n/a	536.7	176.0	n/a	484.3	179.6	2.05	122.0
70.808	0.146	fixation	n/a	484.9	182.9	2504.0	n/a	n/a	n/a	n/a
70.956	0.056	saccade	n/a	484.5	181.4	n/a	176.9	236.0	12.05	392.0
71.014	0.172	fixation	n/a	180.8	241.3	2620.0	n/a	n/a	n/a	n/a
71.188	0.018	saccade	n/a	178.9	245.3	n/a	155.1	248.3	0.91	68.0
71.208	0.252	fixation	n/a	154.2	246.7	2640.0	n/a	n/a	n/a	n/a
71.462	0.022	saccade	n/a	151.1	248.3	n/a	116.5	245.0	1.31	83.0
71.486	0.146	fixation	n/a	120.2	243.4	2626.0	n/a	n/a	n/a	n/a
71.634	0.044	saccade	n/a	121.5	242.9	n/a	312.0	243.1	7.28	285.0
71.68	0.322	fixation	n/a	317.3	247.0	2624.0	n/a	n/a	n/a	n/a
72.004	0.024	saccade	n/a	322.4	249.8	n/a	379.5	246.3	2.24	132.0
72.03	0.188	fixation	n/a	383.5	242.1	2558.0	n/a	n/a	n/a	n/a
72.22	0.192	saccade	n/a	381.8	242.9	n/a	417.0	254.0	1.44	571.0
72.242	0.13	blink	n/a	n/a	n/a	n/a	n/a	n/a	n/a	n/a
72.414	0.222	fixation	n/a	416.6	251.0	2592.0	n/a	n/a	n/a	n/a
72.638	0.032	saccade	n/a	419.6	252.6	n/a	507.6	237.5	3.49	168.0
72.672	0.254	fixation	n/a	510.6	235.9	2596.0	n/a	n/a	n/a	n/a
72.928	0.032	saccade	n/a	510.8	235.7	n/a	436.3	245.5	2.94	173.0
72.962	0.308	fixation	n/a	439.4	244.6	2565.0	n/a	n/a	n/a	n/a
73.272	0.028	saccade	n/a	439.7	243.3	n/a	509.9	239.5	2.74	139.0
73.302	0.156	fixation	n/a	523.9	236.9	2572.0	n/a	n/a	n/a	n/a
73.46	0.064	saccade	n/a	524.5	237.2	n/a	166.9	297.3	13.96	358.0
73.526	0.31	fixation	n/a	160.1	299.7	2674.0	n/a	n/a	n/a	n/a
73.838	0.034	saccade	n/a	160.5	301.7	n/a	256.8	299.0	3.7	158.0
73.874	0.272	fixation	n/a	257.5	299.9	2654.0	n/a	n/a	n/a	n/a
74.148	0.036	saccade	n/a	258.4	299.2	n/a	360.3	305.5	3.97	184.0
74.186	0.33	fixation	n/a	362.8	301.3	2578.0	n/a	n/a	n/a	n/a
74.518	0.024	saccade	n/a	363.9	299.8	n/a	403.5	305.0	1.56	91.0
74.544	0.18	fixation	n/a	411.7	301.6	2577.0	n/a	n/a	n/a	n/a
74.726	0.022	saccade	n/a	417.8	300.8	n/a	459.0	299.6	1.61	94.0
74.75	0.156	fixation	n/a	460.9	298.7	2535.0	n/a	n/a	n/a	n/a
74.908	0.022	saccade	n/a	466.1	299.0	n/a	506.6	294.7	1.59	97.0
74.932	0.598	fixation	n/a	521.0	293.0	2438.0	n/a	n/a	n/a	n/a
75.532	0.062	saccade	n/a	535.0	291.0	n/a	161.4	361.4	14.6	378.0
75.596	0.364	fixation	n/a	153.1	363.5	2583.0	n/a	n/a	n/a	n/a
75.962	0.038	saccade	n/a	149.1	362.8	n/a	274.0	348.0	4.82	237.0
76.002	0.726	fixation	n/a	265.6	352.6	2571.0	n/a	n/a	n/a	n/a
76.73	0.026	saccade	n/a	264.4	355.3	n/a	319.2	356.9	2.13	114.0
76.758	0.172	fixation	n/a	328.2	355.0	2538.0	n/a	n/a	n/a	n/a
76.932	0.032	saccade	n/a	331.6	352.1	n/a	423.6	357.3	3.59	177.0
76.966	0.414	fixation	n/a	425.4	361.0	2520.0	n/a	n/a	n/a	n/a
77.382	0.022	saccade	n/a	428.2	358.2	n/a	470.0	354.8	1.63	102.0
77.406	0.184	fixation	n/a	475.7	352.7	2434.0	n/a	n/a	n/a	n/a
77.592	0.03	saccade	n/a	479.0	352.7	n/a	579.4	350.6	3.88	203.0
77.624	0.218	fixation	n/a	587.4	349.8	2407.0	n/a	n/a	n/a	n/a
77.844	0.022	saccade	n/a	590.8	350.1	n/a	626.4	347.7	1.37	79.0
77.868	0.27	fixation	n/a	631.4	345.8	2417.0	n/a	n/a	n/a	n/a
78.14	0.02	saccade	n/a	635.6	347.7	n/a	662.5	352.5	1.04	60.0
78.162	0.066	fixation	n/a	664.4	353.8	2430.0	n/a	n/a	n/a	n/a
78.23	0.076	saccade	n/a	663.4	354.9	n/a	173.2	439.0	18.85	402.0
78.308	0.248	fixation	n/a	177.0	444.4	2581.0	n/a	n/a	n/a	n/a
78.558	0.02	saccade	n/a	177.7	444.7	n/a	144.0	443.9	1.27	86.0
78.58	0.126	fixation	n/a	148.8	445.0	2541.0	n/a	n/a	n/a	n/a
78.708	0.036	saccade	n/a	149.6	441.8	n/a	292.5	414.1	5.54	272.0
78.746	0.26	fixation	n/a	300.9	408.9	2330.0	n/a	n/a	n/a	n/a
79.008	0.024	saccade	n/a	303.8	407.8	n/a	349.2	403.7	1.76	119.0
79.034	0.172	fixation	n/a	348.2	409.6	2366.0	n/a	n/a	n/a	n/a
79.208	0.018	saccade	n/a	353.4	414.0	n/a	384.4	414.6	1.2	84.0
79.228	0.076	fixation	n/a	388.9	416.9	2395.0	n/a	n/a	n/a	n/a
79.306	0.038	saccade	n/a	388.3	415.8	n/a	294.9	274.5	6.64	316.0
79.346	0.174	fixation	n/a	307.1	260.8	2520.0	n/a	n/a	n/a	n/a
79.522	0.024	saccade	n/a	308.3	256.0	n/a	338.6	226.8	1.65	90.0
79.548	0.148	fixation	n/a	341.5	226.0	2531.0	n/a	n/a	n/a	n/a
79.698	0.036	saccade	n/a	340.1	227.8	n/a	229.2	225.9	4.3	231.0
79.736	0.15	fixation	n/a	232.9	225.7	2536.0	n/a	n/a	n/a	n/a
79.888	0.194	saccade	n/a	240.6	233.8	n/a	167.7	165.6	3.88	380.0
79.912	0.114	blink	n/a	n/a	n/a	n/a	n/a	n/a	n/a	n/a
80.084	0.736	fixation	n/a	167.3	176.4	2552.0	n/a	n/a	n/a	n/a
80.224	0.0	trigger_11	11	n/a	n/a	n/a	n/a	n/a	n/a	n/a
80.326	0.0	trigger_10	10	n/a	n/a	n/a	n/a	n/a	n/a	n/a
80.822	0.032	saccade	n/a	155.4	175.2	n/a	255.7	184.0	3.86	181.0
80.856	0.262	fixation	n/a	264.8	182.6	2591.0	n/a	n/a	n/a	n/a
81.12	0.018	saccade	n/a	271.4	184.6	n/a	295.7	181.7	0.95	68.0
81.14	0.17	fixation	n/a	298.8	179.4	2611.0	n/a	n/a	n/a	n/a
81.312	0.03	saccade	n/a	301.5	180.8	n/a	398.7	197.2	3.85	182.0
81.344	0.23	fixation	n/a	406.8	201.1	2595.0	n/a	n/a	n/a	n/a
81.576	0.024	saccade	n/a	407.3	201.5	n/a	456.3	193.3	1.94	111.0
81.602	0.642	fixation	n/a	474.7	189.5	2504.0	n/a	n/a	n/a	n/a
82.246	0.016	saccade	n/a	483.5	188.5	n/a	500.9	190.0	0.68	51.0
82.264	0.108	fixation	n/a	501.8	190.6	2517.0	n/a	n/a	n/a	n/a
82.374	0.028	saccade	n/a	503.2	191.6	n/a	575.8	196.6	2.83	142.0
82.404	0.306	fixation	n/a	600.6	196.9	2507.0	n/a	n/a	n/a	n/a
82.712	0.078	saccade	n/a	616.3	195.8	n/a	193.7	237.8	16.28	328.0
82.792	0.132	fixation	n/a	199.3	237.5	2459.0	n/a	n/a	n/a	n/a
82.926	0.016	saccade	n/a	199.0	238.7	n/a	181.3	239.8	0.68	53.0
82.944	0.162	fixation	n/a	187.5	243.8	2417.0	n/a	n/a	n/a	n/a
83.108	0.034	saccade	n/a	193.5	247.2	n/a	277.1	241.4	3.24	110.0
83.144	0.184	fixation	n/a	290.0	239.3	2381.0	n/a	n/a	n/a	n/a
83.33	0.026	saccade	n/a	292.5	237.6	n/a	361.4	242.2	2.69	144.0
83.358	0.174	fixation	n/a	369.2	243.3	2384.0	n/a	n/a	n/a	n/a
83.534	0.026	saccade	n/a	372.0	244.7	n/a	433.1	246.4	2.39	127.0
83.562	0.2	fixation	n/a	439.4	242.3	2392.0	n/a	n/a	n/a	n/a
83.764	0.048	saccade	n/a	439.3	240.5	n/a	185.6	213.2	9.85	302.0
83.814	0.138	fixation	n/a	181.9	209.0	2432.0	n/a	n/a	n/a	n/a
83.954	0.022	saccade	n/a	184.5	206.6	n/a	145.8	181.7	1.76	105.0
83.978	0.19	fixation	n/a	144.6	177.4	2362.0	n/a	n/a	n/a	n/a
84.17	0.016	saccade	n/a	145.6	175.7	n/a	126.1	167.2	0.81	59.0
84.188	0.464	fixation	n/a	130.6	167.7	2399.0	n/a	n/a	n/a	n/a
84.192	0.0	trigger_11	11	n/a	n/a	n/a	n/a	n/a	n/a	n/a
84.298	0.0	trigger_10	10	n/a	n/a	n/a	n/a	n/a	n/a	n/a
84.654	0.04	saccade	n/a	132.8	167.1	n/a	264.5	191.4	5.13	176.0
84.696	0.092	fixation	n/a	280.1	186.7	2397.0	n/a	n/a	n/a	n/a
84.79	0.282	saccade	n/a	283.8	188.3	n/a	414.4	188.8	5.09	377.0
84.848	0.174	blink	n/a	n/a	n/a	n/a	n/a	n/a	n/a	n/a
85.074	0.182	fixation	n/a	427.3	184.7	2316.0	n/a	n/a	n/a	n/a
85.258	0.024	saccade	n/a	436.6	189.8	n/a	479.6	189.1	1.68	96.0
85.284	0.23	fixation	n/a	483.3	182.6	2312.0	n/a	n/a	n/a	n/a
85.516	0.026	saccade	n/a	486.4	182.7	n/a	539.3	191.6	2.08	104.0
85.544	0.336	fixation	n/a	547.1	194.7	2188.0	n/a	n/a	n/a	n/a
85.882	0.026	saccade	n/a	554.0	194.9	n/a	603.1	197.6	1.9	84.0
85.91	0.17	fixation	n/a	610.4	199.4	2179.0	n/a	n/a	n/a	n/a
86.082	0.076	saccade	n/a	607.9	197.6	n/a	169.1	234.2	16.87	367.0
86.16	0.108	fixation	n/a	171.7	234.7	2351.0	n/a	n/a	n/a	n/a
86.27	0.02	saccade	n/a	168.6	235.9	n/a	137.9	246.0	1.23	82.0
86.292	0.29	fixation	n/a	141.7	248.0	2397.0	n/a	n/a	n/a	n/a
86.584	0.028	saccade	n/a	142.4	244.7	n/a	214.8	242.0	2.75	138.0
86.614	0.314	fixation	n/a	228.5	243.8	2465.0	n/a	n/a	n/a	n/a
86.93	0.028	saccade	n/a	231.1	242.7	n/a	320.3	240.5	3.46	177.0
86.96	0.148	fixation	n/a	336.3	242.9	2458.0	n/a	n/a	n/a	n/a
87.11	0.03	saccade	n/a	339.5	242.0	n/a	438.6	244.6	3.87	193.0
87.142	0.69	fixation	n/a	434.9	245.3	2445.0	n/a	n/a	n/a	n/a
87.834	0.036	saccade	n/a	416.0	243.8	n/a	318.6	245.1	3.81	200.0
87.872	0.25	fixation	n/a	323.2	246.9	2522.0	n/a	n/a	n/a	n/a
88.124	0.05	saccade	n/a	323.2	248.6	n/a	499.3	244.5	6.88	208.0
88.176	0.23	fixation	n/a	500.9	240.8	2567.0	n/a	n/a	n/a	n/a
88.408	0.014	saccade	n/a	504.5	240.6	n/a	518.2	238.7	0.54	44.0
88.424	0.514	fixation	n/a	523.9	239.8	2549.0	n/a	n/a	n/a	n/a
88.94	0.024	saccade	n/a	535.0	242.2	n/a	596.0	243.9	2.37	140.0
88.966	0.244	fixation	n/a	598.7	243.0	2580.0	n/a	n/a	n/a	n/a
89.212	0.072	saccade	n/a	597.1	244.2	n/a	152.1	298.5	17.18	386.0
89.286	0.432	fixation	n/a	146.6	305.4	2648.0	n/a	n/a	n/a	n/a
89.72	0.024	saccade	n/a	143.9	307.0	n/a	197.3	299.6	2.05	116.0
89.746	0.488	fixation	n/a	200.0	299.3	2597.0	n/a	n/a	n/a	n/a
90.236	0.036	saccade	n/a	197.0	299.0	n/a	319.0	296.1	4.7	259.0
90.274	0.184	fixation	n/a	323.3	298.8	2564.0	n/a	n/a	n/a	n/a
90.46	0.212	saccade	n/a	325.7	300.2	n/a	369.3	311.7	1.76	560.0
90.488	0.14	blink	n/a	n/a	n/a	n/a	n/a	n/a	n/a	n/a
90.674	0.042	fixation	n/a	370.3	305.5	2590.0	n/a	n/a	n/a	n/a
90.718	0.026	saccade	n/a	373.7	307.0	n/a	434.8	306.0	2.39	145.0
90.746	0.492	fixation	n/a	434.6	314.2	2560.0	n/a	n/a	n/a	n/a
91.24	0.026	saccade	n/a	436.2	315.8	n/a	500.0	299.6	2.57	138.0
91.268	0.278	fixation	n/a	507.3	292.3	2537.0	n/a	n/a	n/a	n/a
91.548	0.024	saccade	n/a	506.6	291.9	n/a	460.8	304.4	1.85	115.0
91.574	0.292	fixation	n/a	464.9	305.0	2563.0	n/a	n/a	n/a	n/a
91.868	0.03	saccade	n/a	466.4	305.8	n/a	539.5	293.2	2.89	167.0
91.9	0.184	fixation	n/a	540.5	294.3	2582.0	n/a	n/a	n/a	n/a
92.086	0.024	saccade	n/a	544.0	297.2	n/a	592.3	298.2	1.87	100.0
92.112	0.104	fixation	n/a	601.7	297.9	2618.0	n/a	n/a	n/a	n/a
92.218	0.022	saccade	n/a	606.2	297.0	n/a	651.2	302.4	1.74	112.0
92.242	0.178	fixation	n/a	649.0	303.2	2633.0	n/a	n/a	n/a	n/a
92.422	0.08	saccade	n/a	649.9	301.7	n/a	146.4	372.5	19.27	389.0
92.504	0.132	fixation	n/a	145.1	371.4	2754.0	n/a	n/a	n/a	n/a
92.638	0.02	saccade	n/a	139.6	373.6	n/a	111.0	385.3	1.16	80.0
92.66	0.108	fixation	n/a	117.1	384.2	2754.0	n/a	n/a	n/a	n/a
92.77	0.042	saccade	n/a	117.8	381.8	n/a	135.9	194.7	7.27	342.0
92.794	0.0	trigger_11	11	n/a	n/a	n/a	n/a	n/a	n/a	n/a
92.814	0.206	fixation	n/a	143.2	192.3	2731.0	n/a	n/a	n/a	n/a
92.898	0.0	trigger_10	10	n/a	n/a	n/a	n/a	n/a	n/a	n/a
93.022	0.016	saccade	n/a	148.6	190.5	n/a	165.4	181.1	0.74	55.0
93.04	0.28	fixation	n/a	168.2	183.2	2705.0	n/a	n/a	n/a	n/a
93.322	0.02	saccade	n/a	171.8	183.7	n/a	203.2	186.0	1.2	78.0
93.344	0.196	fixation	n/a	206.6	187.6	2645.0	n/a	n/a	n/a	n/a
93.542	0.026	saccade	n/a	209.7	187.8	n/a	266.4	177.6	2.22	124.0
93.57	0.458	fixation	n/a	275.6	176.8	2594.0	n/a	n/a	n/a	n/a
94.03	0.032	saccade	n/a	276.2	178.7	n/a	361.5	176.6	3.32	134.0
94.064	0.208	fixation	n/a	370.5	174.4	2602.0	n/a	n/a	n/a	n/a
94.274	0.03	saccade	n/a	371.6	174.9	n/a	277.6	173.6	3.65	174.0
94.306	0.25	fixation	n/a	268.6	173.2	2625.0	n/a	n/a	n/a	n/a
94.558	0.036	saccade	n/a	268.7	171.5	n/a	401.8	183.1	5.19	247.0
94.596	0.192	fixation	n/a	404.4	191.3	2604.0	n/a	n/a	n/a	n/a
94.79	0.028	saccade	n/a	407.9	197.7	n/a	469.0	192.8	2.39	97.0
94.82	0.156	fixation	n/a	474.9	186.3	2603.0	n/a	n/a	n/a	n/a
94.978	0.034	saccade	n/a	475.5	184.0	n/a	372.9	181.7	4.0	198.0
95.014	0.158	fixation	n/a	377.6	177.8	2555.0	n/a	n/a	n/a	n/a
95.174	0.176	saccade	n/a	377.4	186.1	n/a	501.4	197.3	4.85	1558.0
95.198	0.118	blink	n/a	n/a	n/a	n/a	n/a	n/a	n/a	n/a
95.352	0.134	fixation	n/a	497.3	192.3	2524.0	n/a	n/a	n/a	n/a
95.488	0.028	saccade	n/a	497.5	189.9	n/a	573.5	183.9	2.96	171.0
95.518	0.09	fixation	n/a	574.9	181.6	2576.0	n/a	n/a	n/a	n/a
95.61	0.068	saccade	n/a	575.0	182.5	n/a	161.9	238.7	15.98	405.0
95.68	0.328	fixation	n/a	174.6	243.5	2694.0	n/a	n/a	n/a	n/a
96.01	0.028	saccade	n/a	178.7	245.0	n/a	252.3	245.6	2.84	129.0
96.04	0.072	fixation	n/a	256.8	244.7	2721.0	n/a	n/a	n/a	n/a
96.114	0.188	saccade	n/a	257.0	244.3	n/a	307.3	240.9	1.95	344.0
96.136	0.126	blink	n/a	n/a	n/a	n/a	n/a	n/a	n/a	n/a
96.304	0.162	fixation	n/a	306.5	238.4	2757.0	n/a	n/a	n/a	n/a
96.468	0.022	saccade	n/a	304.5	234.6	n/a	264.2	238.3	1.57	107.0
96.492	0.136	fixation	n/a	267.4	238.5	2907.0	n/a	n/a	n/a	n/a
96.63	0.02	saccade	n/a	263.4	239.0	n/a	231.6	241.3	1.23	86.0
96.652	0.372	fixation	n/a	233.8	243.9	2934.0	n/a	n/a	n/a	n/a
97.026	0.034	saccade	n/a	234.2	244.3	n/a	329.9	248.0	3.71	166.0
97.062	0.148	fixation	n/a	328.3	248.6	2930.0	n/a	n/a	n/a	n/a
97.212	0.024	saccade	n/a	333.5	251.1	n/a	385.1	254.6	2.02	125.0
97.238	0.202	fixation	n/a	388.9	251.7	2863.0	n/a	n/a	n/a	n/a
97.442	0.026	saccade	n/a	390.8	251.4	n/a	464.3	255.5	2.88	161.0
97.47	0.338	fixation	n/a	477.9	254.4	2857.0	n/a	n/a	n/a	n/a
97.81	0.026	saccade	n/a	482.0	253.8	n/a	538.6	252.7	2.21	108.0
97.838	0.184	fixation	n/a	544.5	248.8	2889.0	n/a	n/a	n/a	n/a
98.024	0.064	saccade	n/a	544.7	247.7	n/a	139.6	301.6	15.63	442.0
98.09	0.32	fixation	n/a	140.9	307.4	3111.0	n/a	n/a	n/a	n/a
98.412	0.038	saccade	n/a	141.4	312.3	n/a	273.4	305.4	5.06	237.0
98.452	0.24	fixation	n/a	272.4	302.3	2971.0	n/a	n/a	n/a	n/a
98.694	0.044	saccade	n/a	274.9	302.5	n/a	391.7	300.9	4.55	177.0
98.74	0.182	fixation	n/a	391.1	298.7	2926.0	n/a	n/a	n/a	n/a
98.924	0.018	saccade	n/a	390.4	297.0	n/a	364.8	295.2	1.0	73.0
98.944	0.254	fixation	n/a	369.5	293.5	2939.0	n/a	n/a	n/a	n/a
99.2	0.026	saccade	n/a	370.2	292.2	n/a	438.0	298.8	2.65	151.0
99.228	0.172	fixation	n/a	444.2	300.8	2922.0	n/a	n/a	n/a	n/a
99.402	0.026	saccade	n/a	447.7	299.6	n/a	513.3	301.7	2.55	150.0
99.43	0.346	fixation	n/a	511.2	298.2	2845.0	n/a	n/a	n/a	n/a
99.778	0.028	saccade	n/a	513.5	297.2	n/a	578.2	296.3	2.5	105.0
99.808	0.19	fixation	n/a	587.0	299.4	2773.0	n/a	n/a	n/a	n/a
100.0	0.02	saccade	n/a	590.0	300.0	n/a	619.8	300.0	1.14	77.0
100.022	0.318	fixation	n/a	619.3	299.6	2825.0	n/a	n/a	n/a	n/a
100.342	0.074	saccade	n/a	619.6	300.6	n/a	160.6	384.6	17.79	401.0
100.418	0.14	fixation	n/a	165.0	386.8	3052.0	n/a	n/a	n/a	n/a
100.56	0.014	saccade	n/a	161.8	391.8	n/a	145.0	394.2	0.64	54.0
100.576	0.28	fixation	n/a	148.3	392.7	3033.0	n/a	n/a	n/a	n/a
100.858	0.018	saccade	n/a	143.1	392.3	n/a	123.6	378.0	0.92	66.0
100.878	0.286	fixation	n/a	128.3	377.3	3032.0	n/a	n/a	n/a	n/a
101.166	0.03	saccade	n/a	126.0	375.2	n/a	201.7	366.1	2.88	172.0
101.198	0.296	fixation	n/a	203.9	366.9	3076.0	n/a	n/a	n/a	n/a
101.496	0.032	saccade	n/a	208.0	370.8	n/a	308.8	367.7	3.89	230.0
101.53	0.366	fixation	n/a	318.6	360.8	2999.0	n/a	n/a	n/a	n/a
101.898	0.026	saccade	n/a	322.4	361.2	n/a	390.1	354.5	2.64	139.0
101.926	0.33	fixation	n/a	397.6	355.4	2845.0	n/a	n/a	n/a	n/a
102.258	0.028	saccade	n/a	402.1	353.4	n/a	475.5	356.6	2.86	161.0
102.288	0.326	fixation	n/a	485.6	360.7	2726.0	n/a	n/a	n/a	n/a
102.616	0.018	saccade	n/a	488.4	358.9	n/a	513.9	360.0	0.99	70.0
102.636	0.13	fixation	n/a	521.0	354.9	2641.0	n/a	n/a	n/a	n/a
102.768	0.188	saccade	n/a	519.3	352.4	n/a	150.3	188.8	15.53	463.0
102.79	0.116	blink	n/a	n/a	n/a	n/a	n/a	n/a	n/a	n/a
102.958	0.546	fixation	n/a	162.8	188.9	2697.0	n/a	n/a	n/a	n/a
103.05	0.0	trigger_11	11	n/a	n/a	n/a	n/a	n/a	n/a	n/a
103.154	0.0	trigger_10	10	n/a	n/a	n/a	n/a	n/a	n/a	n/a
103.506	0.034	saccade	n/a	160.5	183.5	n/a	273.7	175.0	4.34	219.0
103.542	0.254	fixation	n/a	277.0	177.9	2607.0	n/a	n/a	n/a	n/a
103.798	0.026	saccade	n/a	282.8	179.1	n/a	345.0	180.1	2.43	148.0
103.826	0.21	fixation	n/a	350.5	178.6	2573.0	n/a	n/a	n/a	n/a
104.038	0.022	saccade	n/a	355.9	177.1	n/a	398.4	178.9	1.66	105.0
104.062	0.372	fixation	n/a	407.4	180.5	2539.0	n/a	n/a	n/a	n/a
104.436	0.024	saccade	n/a	409.2	179.3	n/a	458.0	177.9	1.91	110.0
104.462	0.184	fixation	n/a	464.7	175.1	2513.0	n/a	n/a	n/a	n/a
104.648	0.022	saccade	n/a	467.6	175.6	n/a	503.9	173.3	1.42	94.0
104.672	0.204	fixation	n/a	505.1	172.6	2529.0	n/a	n/a	n/a	n/a
104.878	0.028	saccade	n/a	506.4	172.7	n/a	595.9	166.9	3.47	183.0
104.908	0.18	fixation	n/a	598.0	168.8	2523.0	n/a	n/a	n/a	n/a
105.09	0.07	saccade	n/a	596.6	171.7	n/a	185.6	223.7	15.91	378.0
105.162	0.11	fixation	n/a	188.2	224.2	2641.0	n/a	n/a	n/a	n/a
105.274	0.022	saccade	n/a	188.1	225.8	n/a	145.7	234.9	1.65	113.0
105.298	0.3	fixation	n/a	144.7	234.6	2669.0	n/a	n/a	n/a	n/a
105.6	0.028	saccade	n/a	145.1	236.7	n/a	229.1	224.2	3.24	175.0
105.63	0.206	fixation	n/a	240.6	220.4	2671.0	n/a	n/a	n/a	n/a
105.838	0.024	saccade	n/a	248.0	224.0	n/a	310.2	221.3	2.42	139.0
105.864	0.176	fixation	n/a	316.7	220.0	2637.0	n/a	n/a	n/a	n/a
106.042	0.032	saccade	n/a	316.3	216.7	n/a	415.2	221.5	3.86	219.0
106.076	0.22	fixation	n/a	419.8	223.6	2603.0	n/a	n/a	n/a	n/a
106.298	0.028	saccade	n/a	423.6	227.9	n/a	488.9	232.4	2.56	143.0
106.328	0.272	fixation	n/a	490.5	229.0	2561.0	n/a	n/a	n/a	n/a
106.602	0.018	saccade	n/a	494.7	229.3	n/a	521.3	229.4	1.04	75.0
106.622	0.08	fixation	n/a	531.1	228.9	2517.0	n/a	n/a	n/a	n/a
106.704	0.184	saccade	n/a	540.1	237.8	n/a	613.5	231.1	2.84	2692.0
106.728	0.116	blink	n/a	n/a	n/a	n/a	n/a	n/a	n/a	n/a
106.89	0.062	fixation	n/a	607.7	221.9	2455.0	n/a	n/a	n/a	n/a
106.954	0.02	saccade	n/a	609.7	222.3	n/a	638.6	224.4	1.11	72.0
106.976	0.134	fixation	n/a	640.4	224.2	2490.0	n/a	n/a	n/a	n/a
107.112	0.072	saccade	n/a	639.8	226.9	n/a	202.3	261.8	16.82	398.0
107.186	0.112	fixation	n/a	205.2	262.0	2571.0	n/a	n/a	n/a	n/a
107.3	0.022	saccade	n/a	205.4	264.7	n/a	170.3	269.8	1.36	89.0
107.324	0.188	fixation	n/a	171.6	269.3	2548.0	n/a	n/a	n/a	n/a
107.514	0.018	saccade	n/a	168.4	269.6	n/a	142.4	271.0	0.99	69.0
107.534	0.39	fixation	n/a	139.3	271.8	2567.0	n/a	n/a	n/a	n/a
107.926	0.038	saccade	n/a	135.1	271.0	n/a	275.5	268.1	5.38	226.0
107.966	0.35	fixation	n/a	288.0	268.0	2546.0	n/a	n/a	n/a	n/a
108.318	0.028	saccade	n/a	291.1	270.7	n/a	364.5	278.0	2.88	141.0
108.348	0.27	fixation	n/a	374.1	278.5	2514.0	n/a	n/a	n/a	n/a
108.62	0.036	saccade	n/a	378.2	277.1	n/a	472.9	282.6	3.71	155.0
108.658	0.236	fixation	n/a	474.8	280.2	2498.0	n/a	n/a	n/a	n/a
108.896	0.022	saccade	n/a	478.6	279.1	n/a	514.0	277.3	1.38	85.0
108.92	0.184	fixation	n/a	512.4	276.9	2482.0	n/a	n/a	n/a	n/a
109.106	0.018	saccade	n/a	515.4	275.8	n/a	536.5	275.7	0.82	53.0
109.126	0.124	fixation	n/a	547.7	278.3	2478.0	n/a	n/a	n/a	n/a
109.252	0.07	saccade	n/a	547.6	279.6	n/a	167.0	343.7	14.83	360.0
109.324	0.136	fixation	n/a	169.1	339.1	2577.0	n/a	n/a	n/a	n/a
109.462	0.018	saccade	n/a	167.1	342.2	n/a	145.3	353.6	0.94	64.0
109.482	0.218	fixation	n/a	147.5	353.8	2565.0	n/a	n/a	n/a	n/a
109.702	0.024	saccade	n/a	152.3	355.9	n/a	210.6	351.5	2.23	140.0
109.728	0.204	fixation	n/a	217.8	349.5	2526.0	n/a	n/a	n/a	n/a
109.934	0.04	saccade	n/a	218.4	344.8	n/a	126.2	225.1	5.84	220.0
109.976	0.494	fixation	n/a	143.7	206.6	2534.0	n/a	n/a	n/a	n/a
110.17	0.0	trigger_11	11	n/a	n/a	n/a	n/a	n/a	n/a	n/a
110.274	0.0	trigger_10	10	n/a	n/a	n/a	n/a	n/a	n/a	n/a
110.472	0.024	saccade	n/a	152.2	207.3	n/a	195.2	203.5	1.65	94.0
110.498	0.172	fixation	n/a	199.9	203.2	2577.0	n/a	n/a	n/a	n/a
110.672	0.024	saccade	n/a	202.7	200.9	n/a	254.5	199.3	1.99	111.0
110.698	0.162	fixation	n/a	266.5	196.1	2557.0	n/a	n/a	n/a	n/a
110.862	0.038	saccade	n/a	266.0	197.0	n/a	143.7	202.6	4.69	156.0
110.902	0.202	fixation	n/a	147.1	204.4	2567.0	n/a	n/a	n/a	n/a
111.106	0.024	saccade	n/a	150.1	204.9	n/a	191.6	204.1	1.58	94.0
111.132	0.26	fixation	n/a	192.9	202.9	2599.0	n/a	n/a	n/a	n/a
111.394	0.026	saccade	n/a	194.6	201.2	n/a	252.0	202.4	2.21	112.0
111.422	0.224	fixation	n/a	261.7	200.3	2629.0	n/a	n/a	n/a	n/a
111.648	0.04	saccade	n/a	266.5	201.0	n/a	388.8	196.6	4.78	203.0
111.69	0.154	fixation	n/a	386.0	194.7	2591.0	n/a	n/a	n/a	n/a
111.846	0.21	saccade	n/a	388.8	186.4	n/a	512.0	193.9	4.82	559.0
111.868	0.144	blink	n/a	n/a	n/a	n/a	n/a	n/a	n/a	n/a
112.058	0.266	fixation	n/a	510.3	186.7	2542.0	n/a	n/a	n/a	n/a
112.326	0.028	saccade	n/a	509.0	183.0	n/a	582.4	179.5	2.85	149.0
112.356	0.13	fixation	n/a	595.5	180.3	2534.0	n/a	n/a	n/a	n/a
112.488	0.02	saccade	n/a	599.7	180.9	n/a	633.7	185.0	1.31	88.0
112.51	0.118	fixation	n/a	650.2	185.0	2527.0	n/a	n/a	n/a	n/a
112.63	0.078	saccade	n/a	651.7	184.7	n/a	176.8	224.7	18.16	390.0
112.71	0.126	fixation	n/a	182.0	226.9	2610.0	n/a	n/a	n/a	n/a
112.838	0.022	saccade	n/a	179.7	228.5	n/a	139.2	232.7	1.55	94.0
112.862	0.246	fixation	n/a	136.8	232.1	2591.0	n/a	n/a	n/a	n/a
113.11	0.03	saccade	n/a	136.3	230.1	n/a	223.8	221.2	3.36	168.0
113.142	0.438	fixation	n/a	230.2	215.5	2600.0	n/a	n/a	n/a	n/a
113.582	0.016	saccade	n/a	227.5	214.4	n/a	207.6	213.5	0.76	59.0
113.6	0.474	fixation	n/a	211.1	215.8	2615.0	n/a	n/a	n/a	n/a
114.076	0.032	saccade	n/a	210.9	217.0	n/a	306.4	212.0	3.71	162.0
114.11	0.186	fixation	n/a	321.6	209.7	2590.0	n/a	n/a	n/a	n/a
114.298	0.02	saccade	n/a	326.0	208.0	n/a	352.9	210.6	1.05	70.0
114.32	0.232	fixation	n/a	356.7	213.7	2573.0	n/a	n/a	n/a	n/a
114.554	0.04	saccade	n/a	358.7	213.0	n/a	476.3	219.6	4.6	158.0
114.596	0.194	fixation	n/a	491.7	218.4	2540.0	n/a	n/a	n/a	n/a
114.792	0.018	saccade	n/a	489.8	218.8	n/a	467.0	217.3	0.89	63.0
114.812	0.318	fixation	n/a	463.9	219.6	2496.0	n/a	n/a	n/a	n/a
115.132	0.03	saccade	n/a	455.4	222.6	n/a	537.9	216.1	3.23	134.0
115.164	0.172	fixation	n/a	548.6	217.4	2486.0	n/a	n/a	n/a	n/a
115.338	0.078	saccade	n/a	550.2	219.6	n/a	130.7	267.4	16.21	304.0
115.418	0.226	fixation	n/a	125.8	271.5	2583.0	n/a	n/a	n/a	n/a
115.646	0.038	saccade	n/a	126.5	271.8	n/a	247.1	263.5	4.61	192.0
115.686	0.38	fixation	n/a	250.3	262.5	2546.0	n/a	n/a	n/a	n/a
116.068	0.03	saccade	n/a	250.8	260.4	n/a	339.9	253.2	3.46	158.0
116.1	0.178	fixation	n/a	355.6	254.6	2483.0	n/a	n/a	n/a	n/a
116.28	0.03	saccade	n/a	358.7	257.2	n/a	443.2	275.6	3.39	213.0
116.312	0.244	fixation	n/a	442.3	280.7	2449.0	n/a	n/a	n/a	n/a
116.558	0.024	saccade	n/a	442.7	281.1	n/a	493.3	274.6	1.99	118.0
116.584	0.152	fixation	n/a	496.3	275.8	2429.0	n/a	n/a	n/a	n/a
116.738	0.028	saccade	n/a	497.9	276.6	n/a	564.8	280.8	2.61	144.0
116.768	0.224	fixation	n/a	568.5	281.3	2415.0	n/a	n/a	n/a	n/a
116.994	0.022	saccade	n/a	570.4	280.5	n/a	603.4	282.8	1.27	82.0
117.018	0.206	fixation	n/a	607.2	283.6	2423.0	n/a	n/a	n/a	n/a
117.226	0.018	saccade	n/a	613.2	284.7	n/a	640.0	284.8	1.03	66.0
117.246	0.214	fixation	n/a	651.3	284.4	2410.0	n/a	n/a	n/a	n/a
117.462	0.202	saccade	n/a	657.3	277.2	n/a	154.9	203.0	19.29	1483.0
117.492	0.12	blink	n/a	n/a	n/a	n/a	n/a	n/a	n/a	n/a
117.564	0.0	trigger_11	11	n/a	n/a	n/a	n/a	n/a	n/a	n/a
117.666	0.396	fixation	n/a	165.5	208.1	2549.0	n/a	n/a	n/a	n/a
117.67	0.0	trigger_12	12	n/a	n/a	n/a	n/a	n/a	n/a	n/a
118.064	0.026	saccade	n/a	163.8	202.0	n/a	224.4	192.9	2.34	121.0
118.092	0.384	fixation	n/a	231.3	193.2	2597.0	n/a	n/a	n/a	n/a
118.478	0.026	saccade	n/a	231.7	188.8	n/a	295.0	185.4	2.45	139.0
118.506	0.428	fixation	n/a	313.0	184.5	2661.0	n/a	n/a	n/a	n/a
118.936	0.026	saccade	n/a	297.7	185.0	n/a	242.7	187.5	2.13	108.0
118.964	0.19	fixation	n/a	238.9	186.6	2750.0	n/a	n/a	n/a	n/a
119.156	0.024	saccade	n/a	236.9	187.9	n/a	195.4	188.5	1.6	109.0
119.182	0.088	fixation	n/a	200.5	189.8	2787.0	n/a	n/a	n/a	n/a
119.272	0.03	saccade	n/a	202.5	190.6	n/a	283.2	186.6	3.13	193.0
119.304	0.198	fixation	n/a	280.3	186.4	2758.0	n/a	n/a	n/a	n/a
119.504	0.032	saccade	n/a	282.7	185.9	n/a	376.8	181.7	3.67	153.0
119.538	0.394	fixation	n/a	380.3	182.7	2724.0	n/a	n/a	n/a	n/a
119.934	0.022	saccade	n/a	384.5	184.7	n/a	425.4	182.8	1.6	98.0
119.958	0.196	fixation	n/a	433.9	183.7	2669.0	n/a	n/a	n/a	n/a
120.156	0.02	saccade	n/a	435.9	183.9	n/a	470.1	181.9	1.34	88.0
120.178	0.412	fixation	n/a	478.1	181.8	2639.0	n/a	n/a	n/a	n/a
120.592	0.028	saccade	n/a	496.9	179.0	n/a	584.8	174.6	3.42	177.0
120.622	0.204	fixation	n/a	588.0	175.0	2597.0	n/a	n/a	n/a	n/a
120.828	0.07	saccade	n/a	586.7	175.8	n/a	178.3	214.7	15.75	391.0
120.9	0.14	fixation	n/a	187.5	212.4	2710.0	n/a	n/a	n/a	n/a
121.042	0.016	saccade	n/a	188.8	212.6	n/a	170.7	217.8	0.72	54.0
121.06	0.178	fixation	n/a	173.9	218.7	2679.0	n/a	n/a	n/a	n/a
121.24	0.016	saccade	n/a	168.7	218.8	n/a	147.0	219.4	0.82	61.0
121.258	0.152	fixation	n/a	144.7	222.0	2664.0	n/a	n/a	n/a	n/a
121.412	0.016	saccade	n/a	141.9	224.9	n/a	123.1	226.3	0.71	57.0
121.43	0.12	fixation	n/a	125.3	226.4	2641.0	n/a	n/a	n/a	n/a
121.552	0.04	saccade	n/a	127.4	226.1	n/a	258.4	210.3	5.05	209.0
121.594	0.302	fixation	n/a	262.5	208.7	2667.0	n/a	n/a	n/a	n/a
121.898	0.026	saccade	n/a	268.3	209.4	n/a	324.9	205.7	2.21	116.0
121.926	0.312	fixation	n/a	329.0	207.5	2653.0	n/a	n/a	n/a	n/a
122.24	0.026	saccade	n/a	330.7	207.2	n/a	392.6	214.0	2.43	139.0
122.268	0.57	fixation	n/a	406.1	216.4	2575.0	n/a	n/a	n/a	n/a
122.84	0.02	saccade	n/a	420.2	217.1	n/a	392.8	213.9	1.08	71.0
122.862	0.496	fixation	n/a	386.6	215.2	2553.0	n/a	n/a	n/a	n/a
123.36	0.03	saccade	n/a	382.3	218.9	n/a	469.0	227.8	3.41	152.0
123.392	0.426	fixation	n/a	475.6	229.8	2541.0	n/a	n/a	n/a	n/a
123.82	0.044	saccade	n/a	468.8	229.1	n/a	600.7	216.6	5.14	201.0
123.866	0.096	fixation	n/a	604.0	217.6	2549.0	n/a	n/a	n/a	n/a
123.964	0.204	saccade	n/a	604.5	226.1	n/a	617.3	235.8	0.62	2770.0
123.992	0.128	blink	n/a	n/a	n/a	n/a	n/a	n/a	n/a	n/a
124.17	0.17	fixation	n/a	615.1	226.6	2498.0	n/a	n/a	n/a	n/a
124.342	0.078	saccade	n/a	616.5	222.3	n/a	119.8	256.4	18.9	412.0
124.422	0.18	fixation	n/a	120.2	257.8	2635.0	n/a	n/a	n/a	n/a
124.604	0.026	saccade	n/a	119.7	260.1	n/a	177.8	257.9	2.2	140.0
124.632	0.224	fixation	n/a	176.3	255.5	2619.0	n/a	n/a	n/a	n/a
124.858	0.024	saccade	n/a	174.0	251.5	n/a	136.9	221.2	1.84	115.0
124.884	0.408	fixation	n/a	147.5	222.3	2711.0	n/a	n/a	n/a	n/a
125.068	0.0	trigger_13	13	n/a	n/a	n/a	n/a	n/a	n/a	n/a
125.294	0.018	saccade	n/a	147.2	225.1	n/a	124.8	205.3	1.15	86.0
125.314	0.19	fixation	n/a	139.2	207.0	2789.0	n/a	n/a	n/a	n/a
125.506	0.028	saccade	n/a	141.3	207.7	n/a	225.1	197.0	3.23	183.0
125.536	0.188	fixation	n/a	231.3	196.2	2739.0	n/a	n/a	n/a	n/a
125.726	0.024	saccade	n/a	236.6	199.8	n/a	293.8	202.9	2.22	132.0
125.752	0.168	fixation	n/a	300.9	202.5	2731.0	n/a	n/a	n/a	n/a
125.922	0.036	saccade	n/a	301.1	200.3	n/a	156.8	222.5	5.6	274.0
125.96	0.188	fixation	n/a	158.8	226.1	2784.0	n/a	n/a	n/a	n/a
126.15	0.024	saccade	n/a	157.9	226.9	n/a	129.3	258.6	1.65	103.0
126.176	0.318	fixation	n/a	133.1	264.8	2830.0	n/a	n/a	n/a	n/a
126.496	0.028	saccade	n/a	132.6	271.9	n/a	137.1	326.0	2.12	124.0
126.526	0.216	fixation	n/a	135.2	322.5	2817.0	n/a	n/a	n/a	n/a
126.744	0.026	saccade	n/a	133.6	319.9	n/a	133.4	260.2	2.32	117.0
126.772	0.16	fixation	n/a	137.8	256.0	2815.0	n/a	n/a	n/a	n/a
126.934	0.276	saccade	n/a	142.3	257.3	n/a	93.3	281.6	2.07	542.0
126.962	0.186	blink	n/a	n/a	n/a	n/a	n/a	n/a	n/a	n/a
127.212	0.232	fixation	n/a	102.6	273.5	2883.0	n/a	n/a	n/a	n/a
127.446	0.024	saccade	n/a	101.8	266.4	n/a	122.1	233.4	1.49	81.0
127.472	0.428	fixation	n/a	134.1	235.8	2811.0	n/a	n/a	n/a	n/a
127.868	0.0	trigger_15	15	n/a	n/a	n/a	n/a	n/a	n/a	n/a
127.902	0.018	saccade	n/a	129.5	234.7	n/a	116.1	213.4	0.97	67.0
127.922	0.0	trigger_10	10	n/a	n/a	n/a	n/a	n/a	n/a	n/a
127.922	0.226	fixation	n/a	125.8	215.0	2766.0	n/a	n/a	n/a	n/a
128.15	0.024	saccade	n/a	129.7	212.5	n/a	179.5	201.8	1.93	104.0
128.176	0.154	fixation	n/a	192.0	200.6	2803.0	n/a	n/a	n/a	n/a
128.332	0.028	saccade	n/a	195.3	201.9	n/a	270.3	201.1	2.89	138.0
128.362	0.09	fixation	n/a	274.8	199.1	2776.0	n/a	n/a	n/a	n/a
128.454	0.17	saccade	n/a	274.2	197.8	n/a	391.6	195.0	4.56	2048.0
128.48	0.108	blink	n/a	n/a	n/a	n/a	n/a	n/a	n/a	n/a
128.626	0.204	fixation	n/a	392.5	195.8	2663.0	n/a	n/a	n/a	n/a
128.832	0.03	saccade	n/a	396.2	200.7	n/a	471.9	206.8	2.97	168.0
128.864	0.188	fixation	n/a	471.4	207.5	2618.0	n/a	n/a	n/a	n/a
129.054	0.02	saccade	n/a	477.3	204.7	n/a	509.8	202.2	1.27	82.0
129.076	0.174	fixation	n/a	510.9	202.6	2579.0	n/a	n/a	n/a	n/a
129.252	0.056	saccade	n/a	511.0	205.4	n/a	194.2	237.7	12.3	388.0
129.31	0.15	fixation	n/a	194.7	237.2	2671.0	n/a	n/a	n/a	n/a
129.462	0.026	saccade	n/a	192.0	239.3	n/a	131.2	242.3	2.32	147.0
129.49	0.452	fixation	n/a	126.2	242.5	2789.0	n/a	n/a	n/a	n/a
129.944	0.042	saccade	n/a	122.1	240.9	n/a	288.9	231.0	6.4	294.0
129.988	0.15	fixation	n/a	288.9	229.8	2861.0	n/a	n/a	n/a	n/a
130.14	0.034	saccade	n/a	289.2	230.4	n/a	385.8	230.2	3.77	222.0
130.176	0.15	fixation	n/a	387.7	227.6	2885.0	n/a	n/a	n/a	n/a
130.328	0.024	saccade	n/a	391.5	225.3	n/a	449.0	227.1	2.25	129.0
130.354	0.192	fixation	n/a	450.8	231.9	2848.0	n/a	n/a	n/a	n/a
130.548	0.032	saccade	n/a	453.4	234.8	n/a	527.7	236.0	2.9	166.0
130.582	0.226	fixation	n/a	521.3	231.0	2844.0	n/a	n/a	n/a	n/a
130.81	0.024	saccade	n/a	522.3	229.8	n/a	577.9	226.3	2.15	116.0
130.836	0.104	fixation	n/a	581.6	227.6	2818.0	n/a	n/a	n/a	n/a
130.942	0.064	saccade	n/a	581.0	229.5	n/a	158.6	267.0	16.25	429.0
131.008	0.278	fixation	n/a	162.0	268.1	2895.0	n/a	n/a	n/a	n/a
131.288	0.03	saccade	n/a	163.8	267.4	n/a	241.3	261.6	2.98	177.0
131.32	0.232	fixation	n/a	242.3	260.7	2874.0	n/a	n/a	n/a	n/a
131.554	0.03	saccade	n/a	245.9	260.4	n/a	335.7	264.5	3.48	201.0
131.586	0.19	fixation	n/a	336.1	265.2	2837.0	n/a	n/a	n/a	n/a
131.778	0.036	saccade	n/a	338.4	268.0	n/a	437.6	273.8	3.88	192.0
131.816	0.174	fixation	n/a	437.6	277.5	2826.0	n/a	n/a	n/a	n/a
131.992	0.028	saccade	n/a	439.7	277.6	n/a	514.7	276.4	2.92	162.0
132.022	0.224	fixation	n/a	510.3	276.2	2772.0	n/a	n/a	n/a	n/a
132.248	0.024	saccade	n/a	510.5	275.6	n/a	564.8	278.1	2.11	117.0
132.274	0.21	fixation	n/a	571.6	281.5	2723.0	n/a	n/a	n/a	n/a
132.486	0.064	saccade	n/a	574.1	281.8	n/a	171.5	315.5	15.54	420.0
132.552	0.14	fixation	n/a	169.7	316.5	2815.0	n/a	n/a	n/a	n/a
132.694	0.02	saccade	n/a	165.3	316.5	n/a	131.3	323.8	1.32	88.0
132.716	0.28	fixation	n/a	134.5	326.2	2806.0	n/a	n/a	n/a	n/a
132.998	0.026	saccade	n/a	135.3	328.1	n/a	199.8	330.7	2.45	150.0
133.026	0.134	fixation	n/a	201.5	325.9	2832.0	n/a	n/a	n/a	n/a
133.162	0.178	saccade	n/a	202.0	328.1	n/a	119.5	233.7	4.83	445.0
133.186	0.106	blink	n/a	n/a	n/a	n/a	n/a	n/a	n/a	n/a
133.342	0.692	fixation	n/a	141.6	223.3	2789.0	n/a	n/a	n/a	n/a
133.732	0.0	trigger_11	11	n/a	n/a	n/a	n/a	n/a	n/a	n/a
133.836	0.0	trigger_10	10	n/a	n/a	n/a	n/a	n/a	n/a	n/a
134.036	0.024	saccade	n/a	146.0	222.7	n/a	203.5	208.1	2.27	131.0
134.062	0.236	fixation	n/a	212.5	209.5	2802.0	n/a	n/a	n/a	n/a
134.3	0.034	saccade	n/a	213.7	211.7	n/a	315.1	207.6	3.93	204.0
134.336	0.406	fixation	n/a	320.0	204.1	2758.0	n/a	n/a	n/a	n/a
134.744	0.036	saccade	n/a	324.2	202.4	n/a	441.5	208.9	4.59	238.0
134.782	0.344	fixation	n/a	449.6	204.7	2702.0	n/a	n/a	n/a	n/a
135.128	0.018	saccade	n/a	452.9	204.2	n/a	475.3	203.1	0.88	62.0
135.148	0.158	fixation	n/a	474.5	202.7	2717.0	n/a	n/a	n/a	n/a
135.308	0.03	saccade	n/a	476.8	202.3	n/a	551.9	194.6	2.94	149.0
135.34	0.274	fixation	n/a	555.6	192.2	2780.0	n/a	n/a	n/a	n/a
135.616	0.064	saccade	n/a	556.0	196.2	n/a	149.2	239.2	15.68	452.0
135.682	0.304	fixation	n/a	143.4	240.0	2939.0	n/a	n/a	n/a	n/a
135.988	0.044	saccade	n/a	145.2	241.6	n/a	302.3	228.1	6.05	224.0
136.034	0.148	fixation	n/a	306.1	226.0	2840.0	n/a	n/a	n/a	n/a
136.184	0.17	saccade	n/a	308.7	224.8	n/a	363.6	230.1	2.15	778.0
136.206	0.112	blink	n/a	n/a	n/a	n/a	n/a	n/a	n/a	n/a
136.356	0.044	fixation	n/a	363.5	227.8	2809.0	n/a	n/a	n/a	n/a
136.402	0.026	saccade	n/a	361.2	229.4	n/a	292.7	235.6	2.67	144.0
136.43	0.086	fixation	n/a	293.8	236.9	2873.0	n/a	n/a	n/a	n/a
136.518	0.024	saccade	n/a	291.0	237.1	n/a	250.9	235.0	1.55	118.0
136.544	0.506	fixation	n/a	255.1	235.7	2944.0	n/a	n/a	n/a	n/a
137.052	0.02	saccade	n/a	258.1	237.4	n/a	289.7	234.2	1.23	80.0
137.074	0.33	fixation	n/a	292.7	232.5	2890.0	n/a	n/a	n/a	n/a
137.406	0.022	saccade	n/a	296.2	234.0	n/a	338.9	234.0	1.66	106.0
137.43	0.212	fixation	n/a	349.5	232.8	2887.0	n/a	n/a	n/a	n/a
137.644	0.034	saccade	n/a	350.1	231.5	n/a	446.9	236.3	3.78	211.0
137.68	0.192	fixation	n/a	444.5	238.0	2845.0	n/a	n/a	n/a	n/a
137.874	0.026	saccade	n/a	446.2	238.5	n/a	519.1	237.3	2.84	155.0
137.902	0.212	fixation	n/a	517.4	236.7	2833.0	n/a	n/a	n/a	n/a
138.116	0.022	saccade	n/a	517.2	237.2	n/a	555.1	237.2	1.47	98.0
138.14	0.076	fixation	n/a	559.9	237.5	2805.0	n/a	n/a	n/a	n/a
138.218	0.066	saccade	n/a	559.8	237.6	n/a	155.9	272.8	15.57	434.0
138.286	0.248	fixation	n/a	154.2	272.0	2925.0	n/a	n/a	n/a	n/a
138.536	0.034	saccade	n/a	153.3	272.0	n/a	251.9	272.5	3.77	199.0
138.572	0.154	fixation	n/a	250.5	271.2	2947.0	n/a	n/a	n/a	n/a
138.728	0.026	saccade	n/a	254.8	271.5	n/a	315.3	274.4	2.35	120.0
138.756	0.234	fixation	n/a	321.3	274.3	2891.0	n/a	n/a	n/a	n/a
138.992	0.026	saccade	n/a	322.3	272.2	n/a	385.9	276.0	2.48	149.0
139.02	0.19	fixation	n/a	384.2	275.7	2818.0	n/a	n/a	n/a	n/a
139.212	0.016	saccade	n/a	388.5	275.6	n/a	409.1	278.3	0.81	62.0
139.23	0.186	fixation	n/a	408.3	279.9	2769.0	n/a	n/a	n/a	n/a
139.418	0.318	saccade	n/a	408.2	279.8	n/a	138.6	174.0	11.15	482.0
139.494	0.186	blink	n/a	n/a	n/a	n/a	n/a	n/a	n/a	n/a
139.738	0.172	fixation	n/a	147.4	181.4	2720.0	n/a	n/a	n/a	n/a
139.912	0.052	saccade	n/a	147.6	190.0	n/a	384.8	283.7	9.84	329.0
139.966	0.184	fixation	n/a	388.8	282.4	2665.0	n/a	n/a	n/a	n/a
140.152	0.014	saccade	n/a	393.4	283.5	n/a	409.4	283.2	0.63	53.0
140.168	0.438	fixation	n/a	415.8	283.6	2551.0	n/a	n/a	n/a	n/a
140.608	0.044	saccade	n/a	425.4	281.9	n/a	184.2	219.3	9.65	376.0
140.654	0.14	fixation	n/a	178.5	222.1	2594.0	n/a	n/a	n/a	n/a
140.796	0.022	saccade	n/a	176.0	220.0	n/a	135.3	208.6	1.61	106.0
140.82	0.574	fixation	n/a	141.2	208.0	2582.0	n/a	n/a	n/a	n/a
140.956	0.0	trigger_11	11	n/a	n/a	n/a	n/a	n/a	n/a	n/a
141.06	0.0	trigger_10	10	n/a	n/a	n/a	n/a	n/a	n/a	n/a
141.396	0.03	saccade	n/a	144.6	207.2	n/a	252.1	202.8	4.12	204.0
141.428	0.102	fixation	n/a	268.7	202.0	2625.0	n/a	n/a	n/a	n/a
141.532	0.172	saccade	n/a	267.0	202.6	n/a	357.7	190.7	3.56	1759.0
141.556	0.116	blink	n/a	n/a	n/a	n/a	n/a	n/a	n/a	n/a
141.706	0.136	fixation	n/a	360.0	183.5	2618.0	n/a	n/a	n/a	n/a
141.844	0.028	saccade	n/a	363.0	182.9	n/a	420.8	189.0	2.27	143.0
141.874	0.124	fixation	n/a	420.5	191.9	2665.0	n/a	n/a	n/a	n/a
142.0	0.026	saccade	n/a	421.4	192.0	n/a	479.9	192.9	2.29	132.0
142.028	0.244	fixation	n/a	484.5	193.9	2663.0	n/a	n/a	n/a	n/a
142.274	0.026	saccade	n/a	488.4	193.3	n/a	552.2	192.9	2.48	136.0
142.302	0.154	fixation	n/a	553.9	193.8	2678.0	n/a	n/a	n/a	n/a
142.458	0.058	saccade	n/a	552.7	195.1	n/a	181.6	236.5	14.37	441.0
142.518	0.124	fixation	n/a	177.4	236.4	2779.0	n/a	n/a	n/a	n/a
142.644	0.016	saccade	n/a	170.8	237.8	n/a	151.0	242.7	0.78	58.0
142.662	0.168	fixation	n/a	150.9	244.3	2796.0	n/a	n/a	n/a	n/a
142.832	0.042	saccade	n/a	152.4	246.0	n/a	301.6	230.8	5.76	261.0
142.876	0.256	fixation	n/a	304.1	230.4	2823.0	n/a	n/a	n/a	n/a
143.134	0.022	saccade	n/a	307.0	231.0	n/a	352.0	234.5	1.76	116.0
143.158	0.176	fixation	n/a	355.2	235.5	2854.0	n/a	n/a	n/a	n/a
143.336	0.028	saccade	n/a	354.2	233.6	n/a	289.5	229.0	2.52	158.0
143.366	0.18	fixation	n/a	296.0	230.8	2911.0	n/a	n/a	n/a	n/a
143.548	0.046	saccade	n/a	296.6	229.7	n/a	486.5	237.1	7.41	318.0
143.596	0.208	fixation	n/a	492.7	238.3	2905.0	n/a	n/a	n/a	n/a
143.806	0.02	saccade	n/a	492.3	236.5	n/a	459.6	233.8	1.28	92.0
143.828	0.128	fixation	n/a	464.9	235.9	2895.0	n/a	n/a	n/a	n/a
143.958	0.026	saccade	n/a	466.0	235.1	n/a	520.5	233.3	2.13	135.0
143.986	0.192	fixation	n/a	515.2	232.6	2871.0	n/a	n/a	n/a	n/a
144.18	0.056	saccade	n/a	514.4	233.4	n/a	177.7	278.3	13.09	416.0
144.238	0.28	fixation	n/a	172.0	279.2	3001.0	n/a	n/a	n/a	n/a
144.52	0.028	saccade	n/a	169.0	284.3	n/a	252.1	280.6	3.19	177.0
144.55	0.154	fixation	n/a	256.7	277.8	2964.0	n/a	n/a	n/a	n/a
144.706	0.036	saccade	n/a	257.3	277.8	n/a	364.0	278.9	4.14	235.0
144.744	0.274	fixation	n/a	364.8	280.9	2910.0	n/a	n/a	n/a	n/a
145.02	0.038	saccade	n/a	367.7	283.0	n/a	491.7	293.7	4.85	259.0
145.06	0.278	fixation	n/a	495.0	292.4	2888.0	n/a	n/a	n/a	n/a
145.34	0.026	saccade	n/a	497.9	287.7	n/a	562.3	282.9	2.5	142.0
145.368	0.238	fixation	n/a	564.3	284.2	2835.0	n/a	n/a	n/a	n/a
145.608	0.114	saccade	n/a	566.3	284.4	n/a	80.3	394.4	18.86	436.0
145.724	0.106	fixation	n/a	81.4	375.9	2851.0	n/a	n/a	n/a	n/a
145.832	0.178	saccade	n/a	81.3	378.4	n/a	153.5	207.2	7.17	606.0
145.876	0.074	blink	n/a	n/a	n/a	n/a	n/a	n/a	n/a	n/a
146.012	0.478	fixation	n/a	165.0	202.8	2817.0	n/a	n/a	n/a	n/a
146.07	0.0	trigger_11	11	n/a	n/a	n/a	n/a	n/a	n/a	n/a
146.176	0.0	trigger_10	10	n/a	n/a	n/a	n/a	n/a	n/a	n/a
146.492	0.032	saccade	n/a	166.9	196.3	n/a	264.9	188.0	3.77	208.0
146.526	0.178	fixation	n/a	266.0	187.6	2787.0	n/a	n/a	n/a	n/a
146.706	0.034	saccade	n/a	267.7	187.4	n/a	377.9	181.1	4.29	235.0
146.742	0.16	fixation	n/a	385.1	181.1	2740.0	n/a	n/a	n/a	n/a
146.904	0.036	saccade	n/a	385.3	182.6	n/a	221.4	192.1	6.36	305.0
146.942	0.282	fixation	n/a	217.4	193.8	2799.0	n/a	n/a	n/a	n/a
147.226	0.04	saccade	n/a	217.4	193.2	n/a	381.7	183.7	6.38	299.0
147.268	0.2	fixation	n/a	387.8	185.4	2788.0	n/a	n/a	n/a	n/a
147.47	0.024	saccade	n/a	391.1	183.8	n/a	442.4	184.3	2.0	124.0
147.496	0.148	fixation	n/a	444.5	185.2	2783.0	n/a	n/a	n/a	n/a
147.646	0.028	saccade	n/a	446.4	184.8	n/a	515.7	184.1	2.71	153.0
147.676	0.17	fixation	n/a	514.6	181.1	2785.0	n/a	n/a	n/a	n/a
147.848	0.07	saccade	n/a	514.5	181.0	n/a	140.1	251.9	14.64	374.0
147.92	0.22	fixation	n/a	135.7	245.3	2890.0	n/a	n/a	n/a	n/a
148.142	0.034	saccade	n/a	134.2	242.5	n/a	249.7	226.6	4.45	243.0
148.178	0.254	fixation	n/a	253.3	229.6	2886.0	n/a	n/a	n/a	n/a
148.434	0.028	saccade	n/a	253.3	228.2	n/a	329.8	222.5	2.97	147.0
148.464	0.202	fixation	n/a	340.8	225.6	2869.0	n/a	n/a	n/a	n/a
148.668	0.032	saccade	n/a	343.9	223.6	n/a	433.0	224.8	3.47	186.0
148.702	0.118	fixation	n/a	434.2	224.0	2823.0	n/a	n/a	n/a	n/a
148.822	0.182	saccade	n/a	435.1	218.0	n/a	464.1	219.1	1.13	2582.0
148.846	0.128	blink	n/a	n/a	n/a	n/a	n/a	n/a	n/a	n/a
149.006	0.226	fixation	n/a	460.4	210.2	2761.0	n/a	n/a	n/a	n/a
149.234	0.034	saccade	n/a	463.1	213.3	n/a	539.3	219.9	2.98	141.0
149.27	0.232	fixation	n/a	536.4	220.3	2783.0	n/a	n/a	n/a	n/a
149.504	0.026	saccade	n/a	539.9	222.9	n/a	592.5	220.3	2.04	97.0
149.532	0.142	fixation	n/a	595.1	220.1	2740.0	n/a	n/a	n/a	n/a
149.676	0.07	saccade	n/a	595.9	220.7	n/a	169.9	292.2	16.59	402.0
149.748	0.308	fixation	n/a	167.6	290.3	2851.0	n/a	n/a	n/a	n/a
150.058	0.032	saccade	n/a	171.5	289.8	n/a	271.6	284.6	3.85	200.0
150.092	0.186	fixation	n/a	271.9	279.8	2817.0	n/a	n/a	n/a	n/a
150.28	0.028	saccade	n/a	273.6	277.8	n/a	342.0	271.7	2.67	166.0
150.31	0.318	fixation	n/a	344.2	272.2	2806.0	n/a	n/a	n/a	n/a
150.63	0.02	saccade	n/a	341.3	270.6	n/a	305.2	273.2	1.41	96.0
150.652	0.136	fixation	n/a	309.0	273.3	2818.0	n/a	n/a	n/a	n/a
150.79	0.028	saccade	n/a	307.7	275.0	n/a	235.9	279.7	2.79	162.0
150.82	0.144	fixation	n/a	239.4	280.0	2852.0	n/a	n/a	n/a	n/a
150.966	0.038	saccade	n/a	241.4	280.7	n/a	364.5	274.4	4.79	210.0
151.006	0.214	fixation	n/a	366.7	273.4	2754.0	n/a	n/a	n/a	n/a
151.222	0.028	saccade	n/a	366.8	272.2	n/a	447.9	276.5	3.17	184.0
151.252	0.218	fixation	n/a	460.3	276.9	2724.0	n/a	n/a	n/a	n/a
151.472	0.024	saccade	n/a	466.0	279.1	n/a	523.3	276.8	2.24	130.0
151.498	0.186	fixation	n/a	526.9	274.5	2695.0	n/a	n/a	n/a	n/a
151.686	0.022	saccade	n/a	531.5	272.4	n/a	565.6	272.5	1.32	74.0
151.71	0.052	fixation	n/a	570.1	269.1	2669.0	n/a	n/a	n/a	n/a
151.764	0.068	saccade	n/a	570.2	270.0	n/a	144.4	382.3	16.83	424.0
151.834	0.162	fixation	n/a	144.1	382.6	2745.0	n/a	n/a	n/a	n/a
151.998	0.042	saccade	n/a	146.3	379.6	n/a	133.9	213.8	6.47	272.0
152.042	0.51	fixation	n/a	148.1	192.0	2617.0	n/a	n/a	n/a	n/a
152.254	0.0	trigger_11	11	n/a	n/a	n/a	n/a	n/a	n/a	n/a
152.358	0.0	trigger_12	12	n/a	n/a	n/a	n/a	n/a	n/a	n/a
152.554	0.032	saccade	n/a	152.2	183.1	n/a	246.2	178.1	3.6	202.0
152.588	0.106	fixation	n/a	245.2	177.2	2606.0	n/a	n/a	n/a	n/a
152.696	0.182	saccade	n/a	249.7	178.3	n/a	244.3	172.4	0.31	653.0
152.718	0.122	blink	n/a	n/a	n/a	n/a	n/a	n/a	n/a	n/a
152.88	0.1	fixation	n/a	242.2	169.4	2610.0	n/a	n/a	n/a	n/a
152.982	0.024	saccade	n/a	244.7	176.6	n/a	299.3	178.1	2.11	129.0
153.008	0.334	fixation	n/a	307.7	175.0	2636.0	n/a	n/a	n/a	n/a
153.344	0.04	saccade	n/a	315.9	171.9	n/a	153.6	187.1	6.25	294.0
153.386	0.384	fixation	n/a	161.2	187.7	2670.0	n/a	n/a	n/a	n/a
153.502	0.0	trigger_13	13	n/a	n/a	n/a	n/a	n/a	n/a	n/a
153.772	0.022	saccade	n/a	164.7	184.7	n/a	210.0	182.5	1.73	107.0
153.796	0.156	fixation	n/a	216.3	183.7	2744.0	n/a	n/a	n/a	n/a
153.954	0.016	saccade	n/a	220.9	185.9	n/a	239.4	186.0	0.71	53.0
153.972	0.094	fixation	n/a	241.3	184.1	2749.0	n/a	n/a	n/a	n/a
154.068	0.034	saccade	n/a	242.4	184.5	n/a	143.7	245.3	4.46	246.0
154.104	0.224	fixation	n/a	143.1	243.9	2798.0	n/a	n/a	n/a	n/a
154.33	0.024	saccade	n/a	140.8	248.7	n/a	157.1	296.2	1.96	118.0
154.356	0.172	fixation	n/a	154.0	291.9	2869.0	n/a	n/a	n/a	n/a
154.53	0.032	saccade	n/a	153.2	292.8	n/a	139.8	371.4	3.09	188.0
154.564	0.206	fixation	n/a	141.7	368.0	2901.0	n/a	n/a	n/a	n/a
154.772	0.022	saccade	n/a	140.4	371.9	n/a	103.6	371.5	1.38	88.0
154.796	0.142	fixation	n/a	107.9	374.6	2847.0	n/a	n/a	n/a	n/a
154.94	0.038	saccade	n/a	108.7	372.9	n/a	126.1	229.2	5.61	268.0
154.98	0.224	fixation	n/a	139.8	223.4	2819.0	n/a	n/a	n/a	n/a
154.99	0.0	trigger_15	15	n/a	n/a	n/a	n/a	n/a	n/a	n/a
155.044	0.0	trigger_10	10	n/a	n/a	n/a	n/a	n/a	n/a	n/a
155.206	0.02	saccade	n/a	144.7	215.8	n/a	157.8	189.9	1.13	72.0
155.228	0.218	fixation	n/a	161.2	188.3	2785.0	n/a	n/a	n/a	n/a
155.448	0.026	saccade	n/a	162.6	187.9	n/a	232.4	180.9	2.68	162.0
155.476	0.088	fixation	n/a	237.9	182.7	2754.0	n/a	n/a	n/a	n/a
155.566	0.204	saccade	n/a	237.6	185.5	n/a	307.4	181.3	2.71	709.0
155.592	0.14	blink	n/a	n/a	n/a	n/a	n/a	n/a	n/a	n/a
155.772	0.308	fixation	n/a	314.6	177.6	2703.0	n/a	n/a	n/a	n/a
156.082	0.022	saccade	n/a	317.2	176.0	n/a	363.4	175.9	1.8	112.0
156.106	0.154	fixation	n/a	363.8	175.2	2617.0	n/a	n/a	n/a	n/a
156.262	0.022	saccade	n/a	366.6	172.7	n/a	411.8	177.9	1.77	112.0
156.286	0.31	fixation	n/a	421.4	177.3	2565.0	n/a	n/a	n/a	n/a
156.598	0.052	saccade	n/a	429.0	176.1	n/a	165.4	188.4	10.17	367.0
156.652	0.292	fixation	n/a	169.3	190.8	2660.0	n/a	n/a	n/a	n/a
156.662	0.0	trigger_11	11	n/a	n/a	n/a	n/a	n/a	n/a	n/a
156.766	0.0	trigger_10	10	n/a	n/a	n/a	n/a	n/a	n/a	n/a
156.946	0.016	saccade	n/a	167.3	192.6	n/a	146.2	192.2	0.8	61.0
156.964	0.488	fixation	n/a	144.7	193.3	2736.0	n/a	n/a	n/a	n/a
157.454	0.03	saccade	n/a	134.6	195.5	n/a	225.5	188.7	3.49	187.0
157.486	0.18	fixation	n/a	232.7	185.2	2814.0	n/a	n/a	n/a	n/a
157.668	0.056	saccade	n/a	232.1	182.8	n/a	525.4	174.8	11.33	385.0
157.726	0.154	fixation	n/a	522.0	174.8	2831.0	n/a	n/a	n/a	n/a
157.882	0.022	saccade	n/a	523.3	178.7	n/a	568.2	178.3	1.74	118.0
157.906	0.076	fixation	n/a	565.0	179.0	2813.0	n/a	n/a	n/a	n/a
157.984	0.064	saccade	n/a	564.8	179.4	n/a	163.0	230.2	15.55	420.0
158.05	0.354	fixation	n/a	154.0	235.7	2848.0	n/a	n/a	n/a	n/a
158.406	0.032	saccade	n/a	147.7	237.4	n/a	247.9	224.6	3.86	202.0
158.44	0.094	fixation	n/a	248.2	225.4	2904.0	n/a	n/a	n/a	n/a
158.536	0.21	saccade	n/a	245.1	228.2	n/a	307.9	212.3	2.51	528.0
158.56	0.14	blink	n/a	n/a	n/a	n/a	n/a	n/a	n/a	n/a
158.748	0.1	fixation	n/a	311.6	216.6	2917.0	n/a	n/a	n/a	n/a
158.85	0.028	saccade	n/a	315.1	215.0	n/a	384.6	215.5	2.71	150.0
158.88	0.238	fixation	n/a	389.4	216.7	2893.0	n/a	n/a	n/a	n/a
159.12	0.032	saccade	n/a	389.6	217.3	n/a	468.9	220.6	3.09	168.0
159.154	0.458	fixation	n/a	469.6	222.3	2765.0	n/a	n/a	n/a	n/a
159.614	0.026	saccade	n/a	472.8	226.8	n/a	525.6	223.4	2.06	116.0
159.642	0.194	fixation	n/a	528.1	219.1	2722.0	n/a	n/a	n/a	n/a
159.838	0.02	saccade	n/a	531.8	219.1	n/a	561.0	219.6	1.13	75.0
159.86	0.24	fixation	n/a	561.7	218.4	2720.0	n/a	n/a	n/a	n/a
160.102	0.014	saccade	n/a	566.3	219.7	n/a	581.2	219.9	0.58	45.0
160.118	0.164	fixation	n/a	591.4	219.5	2719.0	n/a	n/a	n/a	n/a
160.284	0.064	saccade	n/a	592.0	218.9	n/a	191.3	285.0	15.6	398.0
160.35	0.118	fixation	n/a	189.8	284.0	2852.0	n/a	n/a	n/a	n/a
160.47	0.026	saccade	n/a	186.7	284.4	n/a	129.6	293.7	2.19	148.0
160.498	0.314	fixation	n/a	138.5	296.2	2876.0	n/a	n/a	n/a	n/a
160.814	0.04	saccade	n/a	140.8	298.0	n/a	285.0	283.2	5.57	246.0
160.856	0.34	fixation	n/a	286.5	282.7	2911.0	n/a	n/a	n/a	n/a
161.198	0.022	saccade	n/a	283.7	283.9	n/a	242.4	287.9	1.61	98.0
161.222	0.15	fixation	n/a	245.2	287.6	2897.0	n/a	n/a	n/a	n/a
161.374	0.024	saccade	n/a	249.0	287.1	n/a	295.7	277.0	1.85	115.0
161.4	0.066	fixation	n/a	303.2	274.6	2826.0	n/a	n/a	n/a	n/a
161.468	0.048	saccade	n/a	303.8	275.2	n/a	131.6	187.9	7.42	294.0
161.518	0.512	fixation	n/a	144.3	187.8	2706.0	n/a	n/a	n/a	n/a
161.638	0.0	trigger_11	11	n/a	n/a	n/a	n/a	n/a	n/a	n/a
161.742	0.0	trigger_10	10	n/a	n/a	n/a	n/a	n/a	n/a	n/a
162.032	0.028	saccade	n/a	145.1	187.0	n/a	232.2	180.8	3.34	186.0
162.062	0.084	fixation	n/a	241.6	180.0	2655.0	n/a	n/a	n/a	n/a
162.148	0.2	saccade	n/a	239.1	178.8	n/a	296.6	175.8	2.23	358.0
162.172	0.138	blink	n/a	n/a	n/a	n/a	n/a	n/a	n/a	n/a
162.35	0.05	fixation	n/a	296.7	173.7	2599.0	n/a	n/a	n/a	n/a
162.402	0.03	saccade	n/a	299.2	175.9	n/a	382.6	179.8	3.26	163.0
162.434	0.248	fixation	n/a	386.6	179.6	2586.0	n/a	n/a	n/a	n/a
162.684	0.024	saccade	n/a	385.6	180.9	n/a	340.5	178.9	1.76	88.0
162.71	0.156	fixation	n/a	342.2	178.6	2564.0	n/a	n/a	n/a	n/a
162.868	0.016	saccade	n/a	340.3	178.2	n/a	319.6	176.6	0.81	64.0
162.886	0.032	fixation	n/a	325.4	176.7	2538.0	n/a	n/a	n/a	n/a
162.92	0.042	saccade	n/a	327.5	176.6	n/a	492.4	184.7	6.42	278.0
162.964	0.26	fixation	n/a	494.1	185.1	2551.0	n/a	n/a	n/a	n/a
163.226	0.026	saccade	n/a	495.5	186.2	n/a	558.1	186.7	2.44	144.0
163.254	0.176	fixation	n/a	559.7	184.2	2570.0	n/a	n/a	n/a	n/a
163.432	0.022	saccade	n/a	563.8	185.4	n/a	596.8	184.8	1.28	68.0
163.456	0.1	fixation	n/a	610.0	178.8	2580.0	n/a	n/a	n/a	n/a
163.558	0.066	saccade	n/a	610.0	178.2	n/a	213.4	223.1	15.3	379.0
163.626	0.248	fixation	n/a	211.9	227.0	2695.0	n/a	n/a	n/a	n/a
163.876	0.016	saccade	n/a	209.1	230.0	n/a	188.6	233.6	0.8	62.0
163.894	0.12	fixation	n/a	190.3	233.0	2722.0	n/a	n/a	n/a	n/a
164.016	0.048	saccade	n/a	190.0	231.4	n/a	442.1	183.4	9.9	361.0
164.066	0.216	fixation	n/a	449.4	185.9	2654.0	n/a	n/a	n/a	n/a
164.284	0.028	saccade	n/a	449.9	187.4	n/a	535.8	183.4	3.35	186.0
164.314	0.23	fixation	n/a	540.2	181.9	2685.0	n/a	n/a	n/a	n/a
164.546	0.026	saccade	n/a	540.8	181.2	n/a	604.2	183.5	2.45	134.0
164.574	0.126	fixation	n/a	606.4	185.7	2764.0	n/a	n/a	n/a	n/a
164.702	0.068	saccade	n/a	606.8	188.5	n/a	198.0	229.0	15.8	420.0
164.772	0.112	fixation	n/a	197.4	230.4	2936.0	n/a	n/a	n/a	n/a
164.886	0.028	saccade	n/a	195.4	229.3	n/a	140.0	235.2	2.12	156.0
164.916	0.15	fixation	n/a	145.4	237.3	2968.0	n/a	n/a	n/a	n/a
165.068	0.032	saccade	n/a	145.1	238.2	n/a	233.7	230.8	3.4	213.0
165.102	0.208	fixation	n/a	232.4	231.0	2994.0	n/a	n/a	n/a	n/a
165.312	0.028	saccade	n/a	233.0	229.9	n/a	178.2	185.9	2.73	156.0
165.342	0.152	fixation	n/a	190.4	183.2	3002.0	n/a	n/a	n/a	n/a
165.496	0.018	saccade	n/a	189.7	181.5	n/a	164.3	180.0	0.97	73.0
165.516	0.184	fixation	n/a	171.9	179.1	2986.0	n/a	n/a	n/a	n/a
165.702	0.026	saccade	n/a	175.0	178.6	n/a	237.4	178.1	2.4	120.0
165.73	0.094	fixation	n/a	248.6	176.4	2965.0	n/a	n/a	n/a	n/a
165.822	0.0	trigger_11	11	n/a	n/a	n/a	n/a	n/a	n/a	n/a
165.826	0.034	saccade	n/a	248.7	176.6	n/a	154.8	175.1	3.6	185.0
165.862	0.406	fixation	n/a	158.7	172.4	2932.0	n/a	n/a	n/a	n/a
165.926	0.0	trigger_10	10	n/a	n/a	n/a	n/a	n/a	n/a	n/a
166.27	0.036	saccade	n/a	158.5	174.2	n/a	277.5	174.3	4.57	193.0
166.308	0.148	fixation	n/a	279.9	175.6	2868.0	n/a	n/a	n/a	n/a
166.458	0.03	saccade	n/a	278.9	174.5	n/a	381.2	179.6	3.99	220.0
166.49	0.09	fixation	n/a	391.6	179.5	2801.0	n/a	n/a	n/a	n/a
166.582	0.158	saccade	n/a	399.1	179.8	n/a	485.3	176.8	3.36	2532.0
166.604	0.102	blink	n/a	n/a	n/a	n/a	n/a	n/a	n/a	n/a
166.742	0.132	fixation	n/a	483.1	173.2	2696.0	n/a	n/a	n/a	n/a
166.876	0.022	saccade	n/a	485.4	176.7	n/a	525.5	178.4	1.56	93.0
166.9	0.132	fixation	n/a	526.5	178.9	2739.0	n/a	n/a	n/a	n/a
167.034	0.024	saccade	n/a	527.4	174.4	n/a	584.5	174.8	2.2	129.0
167.06	0.122	fixation	n/a	586.8	174.6	2723.0	n/a	n/a	n/a	n/a
167.184	0.064	saccade	n/a	587.4	174.0	n/a	185.5	215.9	15.49	429.0
167.25	0.156	fixation	n/a	186.9	216.7	2770.0	n/a	n/a	n/a	n/a
167.408	0.016	saccade	n/a	184.0	220.0	n/a	164.0	223.1	0.77	58.0
167.426	0.248	fixation	n/a	161.1	225.6	2745.0	n/a	n/a	n/a	n/a
167.676	0.03	saccade	n/a	164.8	228.7	n/a	264.5	220.0	3.85	186.0
167.708	0.132	fixation	n/a	269.8	217.7	2712.0	n/a	n/a	n/a	n/a
167.842	0.04	saccade	n/a	271.8	217.2	n/a	412.9	221.6	5.49	259.0
167.884	0.152	fixation	n/a	419.8	220.2	2695.0	n/a	n/a	n/a	n/a
168.038	0.044	saccade	n/a	422.2	222.4	n/a	536.0	213.4	4.45	153.0
168.084	0.146	fixation	n/a	536.5	211.7	2721.0	n/a	n/a	n/a	n/a
168.232	0.026	saccade	n/a	539.4	210.1	n/a	586.2	178.1	2.2	110.0
168.26	0.318	fixation	n/a	603.1	175.6	2704.0	n/a	n/a	n/a	n/a
168.58	0.066	saccade	n/a	616.2	171.1	n/a	175.7	216.1	16.94	443.0
168.648	0.252	fixation	n/a	175.0	217.3	2821.0	n/a	n/a	n/a	n/a
168.902	0.024	saccade	n/a	175.6	217.3	n/a	225.6	217.6	1.92	124.0
168.928	0.094	fixation	n/a	224.7	216.5	2857.0	n/a	n/a	n/a	n/a
169.024	0.034	saccade	n/a	225.3	216.9	n/a	135.0	224.2	3.46	217.0
169.06	0.324	fixation	n/a	141.5	221.2	2851.0	n/a	n/a	n/a	n/a
169.386	0.026	saccade	n/a	143.2	218.7	n/a	216.8	218.5	2.81	153.0
169.414	0.098	fixation	n/a	221.8	214.3	2833.0	n/a	n/a	n/a	n/a
169.514	0.204	saccade	n/a	225.6	208.4	n/a	184.4	210.1	1.58	528.0
169.54	0.138	blink	n/a	n/a	n/a	n/a	n/a	n/a	n/a	n/a
169.72	0.084	fixation	n/a	187.4	204.2	2782.0	n/a	n/a	n/a	n/a
169.806	0.028	saccade	n/a	189.6	206.3	n/a	277.7	213.5	3.41	190.0
169.836	0.236	fixation	n/a	284.9	210.1	2802.0	n/a	n/a	n/a	n/a
170.074	0.04	saccade	n/a	287.8	211.6	n/a	441.2	212.0	5.98	269.0
170.116	0.154	fixation	n/a	445.2	215.6	2691.0	n/a	n/a	n/a	n/a
170.272	0.028	saccade	n/a	446.4	215.7	n/a	518.5	217.8	2.81	174.0
170.302	0.14	fixation	n/a	517.0	215.5	2712.0	n/a	n/a	n/a	n/a
170.444	0.028	saccade	n/a	517.8	215.1	n/a	590.4	212.7	2.81	156.0
170.474	0.18	fixation	n/a	591.7	212.4	2720.0	n/a	n/a	n/a	n/a
170.656	0.066	saccade	n/a	595.8	214.5	n/a	191.3	204.0	15.56	439.0
170.724	0.116	fixation	n/a	188.4	202.2	2800.0	n/a	n/a	n/a	n/a
170.842	0.024	saccade	n/a	183.1	200.3	n/a	144.7	171.3	1.85	125.0
170.868	0.804	fixation	n/a	152.7	162.7	2910.0	n/a	n/a	n/a	n/a
171.096	0.0	trigger_11	11	n/a	n/a	n/a	n/a	n/a	n/a	n/a
171.198	0.0	trigger_12	12	n/a	n/a	n/a	n/a	n/a	n/a	n/a
171.674	0.032	saccade	n/a	156.7	157.8	n/a	261.6	161.6	4.03	196.0
171.708	0.198	fixation	n/a	265.2	159.9	2878.0	n/a	n/a	n/a	n/a
171.908	0.018	saccade	n/a	263.2	159.9	n/a	232.8	160.3	1.17	84.0
171.928	0.092	fixation	n/a	234.2	160.8	2866.0	n/a	n/a	n/a	n/a
172.022	0.202	saccade	n/a	231.4	159.7	n/a	363.2	167.3	5.11	471.0
172.046	0.13	blink	n/a	n/a	n/a	n/a	n/a	n/a	n/a	n/a
172.226	0.272	fixation	n/a	370.5	176.7	2815.0	n/a	n/a	n/a	n/a
172.5	0.032	saccade	n/a	375.1	178.1	n/a	476.6	183.2	3.97	215.0
172.534	0.588	fixation	n/a	463.2	178.8	2720.0	n/a	n/a	n/a	n/a
173.124	0.028	saccade	n/a	453.5	176.8	n/a	513.2	175.6	2.33	134.0
173.154	0.192	fixation	n/a	512.8	176.8	2695.0	n/a	n/a	n/a	n/a
173.348	0.206	saccade	n/a	517.5	178.5	n/a	518.2	181.3	0.11	2426.0
173.374	0.14	blink	n/a	n/a	n/a	n/a	n/a	n/a	n/a	n/a
173.556	0.146	fixation	n/a	514.1	172.4	2737.0	n/a	n/a	n/a	n/a
173.704	0.026	saccade	n/a	515.4	173.0	n/a	575.2	180.9	2.34	129.0
173.732	0.192	fixation	n/a	577.5	180.0	2828.0	n/a	n/a	n/a	n/a
173.926	0.066	saccade	n/a	582.3	180.1	n/a	171.4	224.9	15.87	433.0
173.994	0.276	fixation	n/a	171.0	226.6	2916.0	n/a	n/a	n/a	n/a
174.272	0.024	saccade	n/a	172.1	227.0	n/a	220.2	219.0	1.87	111.0
174.298	0.114	fixation	n/a	225.1	218.1	2869.0	n/a	n/a	n/a	n/a
174.414	0.032	saccade	n/a	224.5	219.5	n/a	138.7	217.2	3.28	163.0
174.448	0.344	fixation	n/a	140.1	214.4	2818.0	n/a	n/a	n/a	n/a
174.794	0.024	saccade	n/a	143.5	217.6	n/a	203.2	218.9	2.27	135.0
174.82	0.26	fixation	n/a	208.4	216.7	2838.0	n/a	n/a	n/a	n/a
175.082	0.03	saccade	n/a	209.3	216.0	n/a	305.1	213.5	3.7	188.0
175.114	0.308	fixation	n/a	308.7	211.4	2809.0	n/a	n/a	n/a	n/a
175.424	0.016	saccade	n/a	307.3	210.7	n/a	289.2	211.5	0.7	55.0
175.442	0.176	fixation	n/a	293.1	212.6	2784.0	n/a	n/a	n/a	n/a
175.62	0.042	saccade	n/a	295.2	214.1	n/a	453.2	221.7	6.17	257.0
175.664	0.206	fixation	n/a	459.0	223.6	2682.0	n/a	n/a	n/a	n/a
175.872	0.026	saccade	n/a	462.7	223.7	n/a	527.5	220.1	2.53	139.0
175.9	0.162	fixation	n/a	529.3	217.7	2671.0	n/a	n/a	n/a	n/a
176.064	0.062	saccade	n/a	528.7	217.4	n/a	136.1	287.7	15.26	437.0
176.128	0.116	fixation	n/a	137.2	288.5	2740.0	n/a	n/a	n/a	n/a
176.246	0.266	saccade	n/a	134.2	296.0	n/a	104.4	169.9	5.02	524.0
176.278	0.18	blink	n/a	n/a	n/a	n/a	n/a	n/a	n/a	n/a
176.514	0.44	fixation	n/a	132.3	169.8	2634.0	n/a	n/a	n/a	n/a
176.704	0.0	trigger_13	13	n/a	n/a	n/a	n/a	n/a	n/a	n/a
176.956	0.028	saccade	n/a	146.6	169.8	n/a	226.1	175.1	3.05	154.0
176.986	0.15	fixation	n/a	231.1	171.6	2637.0	n/a	n/a	n/a	n/a
177.138	0.026	saccade	n/a	232.7	168.6	n/a	294.6	164.5	2.4	135.0
177.166	0.148	fixation	n/a	297.3	166.3	2626.0	n/a	n/a	n/a	n/a
177.316	0.022	saccade	n/a	301.3	166.9	n/a	341.1	167.4	1.55	94.0
177.34	0.104	fixation	n/a	346.1	168.2	2623.0	n/a	n/a	n/a	n/a
177.446	0.052	saccade	n/a	346.8	170.1	n/a	144.7	270.9	8.72	327.0
177.5	0.146	fixation	n/a	140.9	268.5	2725.0	n/a	n/a	n/a	n/a
177.648	0.02	saccade	n/a	139.1	271.3	n/a	121.2	292.4	1.06	70.0
177.67	0.16	fixation	n/a	121.1	289.9	2772.0	n/a	n/a	n/a	n/a
177.832	0.02	saccade	n/a	121.1	289.6	n/a	86.0	288.6	1.32	92.0
177.854	0.316	fixation	n/a	92.6	287.2	2823.0	n/a	n/a	n/a	n/a
178.172	0.034	saccade	n/a	92.5	284.2	n/a	71.6	169.0	4.52	214.0
178.208	0.288	fixation	n/a	125.3	170.1	2831.0	n/a	n/a	n/a	n/a
178.232	0.0	trigger_15	15	n/a	n/a	n/a	n/a	n/a	n/a	n/a
178.284	0.0	trigger_10	10	n/a	n/a	n/a	n/a	n/a	n/a	n/a
178.498	0.028	saccade	n/a	134.3	170.2	n/a	215.4	173.7	3.09	156.0
178.528	0.078	fixation	n/a	221.2	172.0	2895.0	n/a	n/a	n/a	n/a
178.608	0.21	saccade	n/a	218.2	165.5	n/a	226.0	164.7	0.3	728.0
178.634	0.14	blink	n/a	n/a	n/a	n/a	n/a	n/a	n/a	n/a
178.82	0.084	fixation	n/a	230.3	160.5	2755.0	n/a	n/a	n/a	n/a
178.906	0.026	saccade	n/a	230.0	166.8	n/a	163.9	174.9	2.55	124.0
178.934	0.144	fixation	n/a	146.7	174.4	2723.0	n/a	n/a	n/a	n/a
179.08	0.018	saccade	n/a	141.3	172.6	n/a	109.7	172.3	1.19	89.0
179.1	0.244	fixation	n/a	115.0	174.2	2683.0	n/a	n/a	n/a	n/a
179.346	0.032	saccade	n/a	119.1	175.6	n/a	219.0	183.6	3.81	188.0
179.38	0.388	fixation	n/a	221.5	180.6	2664.0	n/a	n/a	n/a	n/a
179.77	0.032	saccade	n/a	220.2	180.1	n/a	322.4	178.0	3.95	211.0
179.804	0.306	fixation	n/a	331.3	177.0	2612.0	n/a	n/a	n/a	n/a
180.112	0.028	saccade	n/a	336.6	178.0	n/a	417.2	185.0	3.17	170.0
180.142	0.21	fixation	n/a	425.0	182.9	2564.0	n/a	n/a	n/a	n/a
180.354	0.024	saccade	n/a	428.3	181.1	n/a	487.7	182.3	2.32	140.0
180.38	0.186	fixation	n/a	495.5	181.4	2560.0	n/a	n/a	n/a	n/a
180.568	0.026	saccade	n/a	497.5	179.1	n/a	562.7	178.8	2.53	124.0
180.596	0.152	fixation	n/a	570.5	179.9	2545.0	n/a	n/a	n/a	n/a
180.75	0.038	saccade	n/a	572.2	181.4	n/a	434.5	182.5	5.35	252.0
180.79	0.172	fixation	n/a	433.3	183.5	2526.0	n/a	n/a	n/a	n/a
180.964	0.016	saccade	n/a	430.0	184.0	n/a	411.3	182.7	0.73	56.0
180.982	0.13	fixation	n/a	411.9	181.8	2534.0	n/a	n/a	n/a	n/a
181.114	0.188	saccade	n/a	410.5	180.7	n/a	303.1	172.0	4.19	481.0
181.136	0.13	blink	n/a	n/a	n/a	n/a	n/a	n/a	n/a	n/a
181.304	0.18	fixation	n/a	305.4	174.8	2627.0	n/a	n/a	n/a	n/a
181.486	0.034	saccade	n/a	308.9	176.3	n/a	409.7	180.7	3.93	171.0
181.522	0.218	fixation	n/a	414.5	182.3	2641.0	n/a	n/a	n/a	n/a
181.742	0.014	saccade	n/a	421.4	184.5	n/a	438.4	183.8	0.66	54.0
181.758	0.164	fixation	n/a	438.0	184.5	2606.0	n/a	n/a	n/a	n/a
181.924	0.028	saccade	n/a	440.1	185.6	n/a	517.6	184.5	3.02	141.0
181.954	0.16	fixation	n/a	535.8	182.5	2611.0	n/a	n/a	n/a	n/a
182.116	0.028	saccade	n/a	538.6	179.6	n/a	609.3	176.3	2.73	144.0
182.146	0.144	fixation	n/a	608.2	176.0	2616.0	n/a	n/a	n/a	n/a
182.292	0.024	saccade	n/a	609.5	176.1	n/a	656.4	175.7	1.79	104.0
182.318	0.144	fixation	n/a	660.2	173.3	2603.0	n/a	n/a	n/a	n/a
182.464	0.026	saccade	n/a	659.7	174.7	n/a	599.4	175.0	2.31	128.0
182.492	0.246	fixation	n/a	602.4	173.9	2592.0	n/a	n/a	n/a	n/a
182.74	0.028	saccade	n/a	603.1	171.9	n/a	675.3	170.8	2.75	148.0
182.77	0.086	fixation	n/a	674.7	171.8	2597.0	n/a	n/a	n/a	n/a
182.858	0.072	saccade	n/a	675.0	172.4	n/a	151.3	220.6	19.89	468.0
182.932	0.29	fixation	n/a	152.1	230.3	2708.0	n/a	n/a	n/a	n/a
183.224	0.036	saccade	n/a	152.7	234.9	n/a	261.9	224.3	4.21	204.0
183.262	0.23	fixation	n/a	264.6	220.9	2694.0	n/a	n/a	n/a	n/a
183.494	0.028	saccade	n/a	268.0	222.3	n/a	336.6	224.3	2.67	157.0
183.524	0.246	fixation	n/a	338.9	221.4	2664.0	n/a	n/a	n/a	n/a
183.772	0.034	saccade	n/a	340.9	222.2	n/a	450.9	226.0	4.3	215.0
183.808	0.2	fixation	n/a	453.2	226.4	2627.0	n/a	n/a	n/a	n/a
184.01	0.02	saccade	n/a	450.4	228.0	n/a	418.8	224.5	1.24	85.0
184.032	0.166	fixation	n/a	420.4	223.0	2626.0	n/a	n/a	n/a	n/a
184.2	0.018	saccade	n/a	416.3	224.1	n/a	388.9	226.5	1.07	77.0
184.22	0.094	fixation	n/a	392.8	225.6	2644.0	n/a	n/a	n/a	n/a
184.316	0.028	saccade	n/a	391.2	225.5	n/a	334.3	223.5	2.22	143.0
184.346	0.266	fixation	n/a	338.3	224.7	2681.0	n/a	n/a	n/a	n/a
184.614	0.032	saccade	n/a	337.3	224.1	n/a	420.0	228.0	3.23	167.0
184.648	0.222	fixation	n/a	420.6	226.8	2628.0	n/a	n/a	n/a	n/a
184.872	0.044	saccade	n/a	424.0	225.6	n/a	543.4	223.6	4.65	166.0
184.918	0.342	fixation	n/a	541.3	222.9	2631.0	n/a	n/a	n/a	n/a
185.262	0.016	saccade	n/a	540.2	223.8	n/a	520.8	227.4	0.77	58.0
185.28	0.076	fixation	n/a	523.0	227.7	2596.0	n/a	n/a	n/a	n/a
185.358	0.028	saccade	n/a	520.7	229.6	n/a	431.7	226.9	3.47	179.0
185.388	0.11	fixation	n/a	424.0	225.3	2585.0	n/a	n/a	n/a	n/a
185.5	0.206	saccade	n/a	423.3	227.9	n/a	520.3	219.6	3.79	2532.0
185.522	0.14	blink	n/a	n/a	n/a	n/a	n/a	n/a	n/a	n/a
185.708	0.194	fixation	n/a	520.9	225.5	2602.0	n/a	n/a	n/a	n/a
185.904	0.066	saccade	n/a	517.0	226.8	n/a	158.0	280.4	13.94	360.0
185.972	0.294	fixation	n/a	161.4	282.3	2627.0	n/a	n/a	n/a	n/a
186.268	0.028	saccade	n/a	159.3	287.9	n/a	233.8	282.2	2.86	145.0
186.298	0.18	fixation	n/a	243.5	281.3	2557.0	n/a	n/a	n/a	n/a
186.48	0.03	saccade	n/a	246.4	279.2	n/a	321.7	280.0	2.92	128.0
186.512	0.17	fixation	n/a	332.7	278.5	2494.0	n/a	n/a	n/a	n/a
186.684	0.026	saccade	n/a	334.0	279.0	n/a	277.4	262.2	2.3	125.0
186.712	0.07	fixation	n/a	281.0	261.7	2529.0	n/a	n/a	n/a	n/a
186.784	0.042	saccade	n/a	280.0	261.1	n/a	140.8	163.3	6.57	279.0
186.828	0.472	fixation	n/a	144.2	160.6	2518.0	n/a	n/a	n/a	n/a
186.968	0.0	trigger_11	11	n/a	n/a	n/a	n/a	n/a	n/a	n/a
187.074	0.0	trigger_10	10	n/a	n/a	n/a	n/a	n/a	n/a	n/a
187.302	0.02	saccade	n/a	146.6	160.6	n/a	181.3	167.7	1.35	93.0
187.324	0.12	fixation	n/a	178.9	166.6	2575.0	n/a	n/a	n/a	n/a
187.446	0.022	saccade	n/a	176.3	164.7	n/a	133.0	159.3	1.66	108.0
187.47	0.072	fixation	n/a	138.3	160.3	2591.0	n/a	n/a	n/a	n/a
187.544	0.038	saccade	n/a	139.6	161.5	n/a	303.7	169.5	6.31	312.0
187.584	0.184	fixation	n/a	311.9	170.7	2583.0	n/a	n/a	n/a	n/a
187.77	0.028	saccade	n/a	315.5	172.6	n/a	383.5	173.3	2.65	145.0
187.8	0.194	fixation	n/a	386.7	173.8	2560.0	n/a	n/a	n/a	n/a
187.996	0.03	saccade	n/a	388.3	175.5	n/a	484.0	177.3	3.74	194.0
188.028	0.304	fixation	n/a	488.3	173.7	2491.0	n/a	n/a	n/a	n/a
188.334	0.022	saccade	n/a	485.4	172.3	n/a	447.9	175.0	1.47	92.0
188.358	0.226	fixation	n/a	446.8	173.4	2460.0	n/a	n/a	n/a	n/a
188.586	0.03	saccade	n/a	448.3	172.9	n/a	549.6	171.2	3.94	186.0
188.618	0.27	fixation	n/a	564.5	172.6	2492.0	n/a	n/a	n/a	n/a
188.89	0.024	saccade	n/a	569.3	172.9	n/a	620.0	174.6	1.95	118.0
188.916	0.112	fixation	n/a	621.4	173.1	2494.0	n/a	n/a	n/a	n/a
189.03	0.074	saccade	n/a	621.4	173.4	n/a	148.3	206.9	18.07	413.0
189.106	0.266	fixation	n/a	149.3	207.2	2620.0	n/a	n/a	n/a	n/a
189.374	0.036	saccade	n/a	150.9	210.3	n/a	253.9	212.0	3.94	180.0
189.412	0.094	fixation	n/a	253.6	211.2	2658.0	n/a	n/a	n/a	n/a
189.508	0.222	saccade	n/a	258.1	219.5	n/a	120.8	200.3	5.3	660.0
189.532	0.14	blink	n/a	n/a	n/a	n/a	n/a	n/a	n/a	n/a
189.732	0.11	fixation	n/a	126.2	200.6	2666.0	n/a	n/a	n/a	n/a
189.844	0.02	saccade	n/a	128.8	204.7	n/a	95.0	196.6	1.31	98.0
189.866	0.274	fixation	n/a	102.9	201.4	2722.0	n/a	n/a	n/a	n/a
190.142	0.052	saccade	n/a	102.5	204.8	n/a	353.5	210.0	9.58	316.0
190.196	0.356	fixation	n/a	360.6	214.4	2770.0	n/a	n/a	n/a	n/a
190.554	0.024	saccade	n/a	364.7	218.4	n/a	427.2	216.5	2.45	139.0
190.58	0.234	fixation	n/a	436.9	216.5	2692.0	n/a	n/a	n/a	n/a
190.816	0.028	saccade	n/a	438.6	217.4	n/a	535.5	216.7	3.77	198.0
190.846	0.166	fixation	n/a	538.2	213.1	2706.0	n/a	n/a	n/a	n/a
191.014	0.02	saccade	n/a	542.1	215.7	n/a	575.6	214.0	1.3	79.0
191.036	0.128	fixation	n/a	579.5	213.2	2717.0	n/a	n/a	n/a	n/a
191.166	0.068	saccade	n/a	580.2	212.7	n/a	193.9	282.4	15.11	423.0
191.236	0.13	fixation	n/a	190.2	279.4	2819.0	n/a	n/a	n/a	n/a
191.368	0.02	saccade	n/a	187.7	279.8	n/a	153.0	284.1	1.34	94.0
191.39	0.288	fixation	n/a	158.1	286.4	2805.0	n/a	n/a	n/a	n/a
191.68	0.03	saccade	n/a	160.2	286.9	n/a	254.0	282.1	3.61	190.0
191.712	0.204	fixation	n/a	252.9	275.8	2813.0	n/a	n/a	n/a	n/a
191.918	0.038	saccade	n/a	252.0	273.0	n/a	137.4	162.0	6.16	292.0
191.958	1.116	fixation	n/a	139.6	153.1	2770.0	n/a	n/a	n/a	n/a
192.2	0.0	trigger_11	11	n/a	n/a	n/a	n/a	n/a	n/a	n/a
192.304	0.0	trigger_10	10	n/a	n/a	n/a	n/a	n/a	n/a	n/a
193.076	0.034	saccade	n/a	128.9	147.5	n/a	250.7	156.7	4.65	254.0
193.112	0.106	fixation	n/a	256.1	157.2	2802.0	n/a	n/a	n/a	n/a
193.22	0.194	saccade	n/a	258.2	161.4	n/a	335.7	173.0	3.05	474.0
193.246	0.132	blink	n/a	n/a	n/a	n/a	n/a	n/a	n/a	n/a
193.416	0.186	fixation	n/a	337.4	160.9	2755.0	n/a	n/a	n/a	n/a
193.604	0.03	saccade	n/a	341.3	160.8	n/a	438.1	165.5	3.79	175.0
193.636	0.41	fixation	n/a	438.1	166.6	2741.0	n/a	n/a	n/a	n/a
194.048	0.034	saccade	n/a	431.1	165.2	n/a	535.9	180.2	4.14	227.0
194.084	0.134	fixation	n/a	530.8	179.6	2755.0	n/a	n/a	n/a	n/a
194.22	0.024	saccade	n/a	530.4	181.8	n/a	583.7	182.1	2.07	130.0
194.246	0.164	fixation	n/a	587.5	180.9	2777.0	n/a	n/a	n/a	n/a
194.412	0.066	saccade	n/a	588.8	180.3	n/a	145.8	200.7	17.06	463.0
194.48	0.22	fixation	n/a	142.4	200.8	2903.0	n/a	n/a	n/a	n/a
194.702	0.024	saccade	n/a	142.1	202.6	n/a	194.1	212.7	2.04	130.0
194.728	0.206	fixation	n/a	194.1	212.8	2982.0	n/a	n/a	n/a	n/a
194.936	0.03	saccade	n/a	191.6	209.7	n/a	123.9	156.6	3.32	185.0
194.968	0.494	fixation	n/a	132.9	152.1	3001.0	n/a	n/a	n/a	n/a
195.146	0.0	trigger_11	11	n/a	n/a	n/a	n/a	n/a	n/a	n/a
195.25	0.0	trigger_10	10	n/a	n/a	n/a	n/a	n/a	n/a	n/a
195.464	0.022	saccade	n/a	138.9	150.6	n/a	186.9	156.3	1.85	114.0
195.488	0.192	fixation	n/a	191.7	153.6	3070.0	n/a	n/a	n/a	n/a
195.682	0.022	saccade	n/a	192.2	152.3	n/a	147.6	149.1	1.71	111.0
195.706	0.052	fixation	n/a	151.1	149.1	3048.0	n/a	n/a	n/a	n/a
195.76	0.026	saccade	n/a	150.4	148.0	n/a	108.4	144.5	1.59	110.0
195.788	0.188	fixation	n/a	112.7	146.8	2999.0	n/a	n/a	n/a	n/a
195.978	0.046	saccade	n/a	114.2	146.9	n/a	313.1	154.1	7.61	325.0
196.026	0.232	fixation	n/a	316.7	154.4	2974.0	n/a	n/a	n/a	n/a
196.26	0.036	saccade	n/a	317.2	154.4	n/a	436.2	163.0	4.65	224.0
196.298	0.104	fixation	n/a	438.4	162.5	2940.0	n/a	n/a	n/a	n/a
196.404	0.172	saccade	n/a	434.6	165.6	n/a	431.4	155.7	0.41	2148.0
196.428	0.108	blink	n/a	n/a	n/a	n/a	n/a	n/a	n/a	n/a
196.578	0.152	fixation	n/a	432.5	157.0	2855.0	n/a	n/a	n/a	n/a
196.732	0.028	saccade	n/a	434.2	158.7	n/a	519.4	170.8	3.36	171.0
196.762	0.15	fixation	n/a	522.4	173.4	2915.0	n/a	n/a	n/a	n/a
196.914	0.06	saccade	n/a	524.4	173.5	n/a	170.4	220.1	13.76	447.0
196.976	0.144	fixation	n/a	171.4	220.5	2996.0	n/a	n/a	n/a	n/a
197.122	0.018	saccade	n/a	166.5	219.6	n/a	143.9	211.6	0.91	62.0
197.142	0.342	fixation	n/a	134.1	204.7	2951.0	n/a	n/a	n/a	n/a
197.486	0.036	saccade	n/a	128.8	200.1	n/a	244.1	216.0	4.45	233.0
197.524	0.194	fixation	n/a	244.0	213.5	2977.0	n/a	n/a	n/a	n/a
197.72	0.026	saccade	n/a	246.1	213.0	n/a	304.9	210.8	2.28	130.0
197.748	0.186	fixation	n/a	304.4	208.5	2916.0	n/a	n/a	n/a	n/a
197.936	0.046	saccade	n/a	304.4	207.2	n/a	112.5	152.4	7.65	338.0
197.984	0.41	fixation	n/a	122.7	151.7	2914.0	n/a	n/a	n/a	n/a
198.098	0.0	trigger_11	11	n/a	n/a	n/a	n/a	n/a	n/a	n/a
198.202	0.0	trigger_10	10	n/a	n/a	n/a	n/a	n/a	n/a	n/a
198.396	0.026	saccade	n/a	125.7	152.2	n/a	176.4	148.8	1.93	99.0
198.424	0.18	fixation	n/a	191.4	149.8	2962.0	n/a	n/a	n/a	n/a
198.606	0.016	saccade	n/a	189.1	150.6	n/a	169.6	151.4	0.75	61.0
198.624	0.304	fixation	n/a	170.7	149.0	2937.0	n/a	n/a	n/a	n/a
198.93	0.026	saccade	n/a	174.3	151.2	n/a	243.0	153.1	2.64	152.0
198.958	0.152	fixation	n/a	246.7	151.8	2913.0	n/a	n/a	n/a	n/a
199.112	0.03	saccade	n/a	247.4	152.3	n/a	333.3	151.8	3.34	180.0
199.144	0.136	fixation	n/a	333.5	151.1	2881.0	n/a	n/a	n/a	n/a
199.282	0.036	saccade	n/a	334.3	150.6	n/a	434.4	159.2	3.92	192.0
199.32	0.246	fixation	n/a	436.6	159.8	2825.0	n/a	n/a	n/a	n/a
199.568	0.02	saccade	n/a	441.7	161.1	n/a	477.5	164.2	1.41	92.0
199.59	0.13	fixation	n/a	477.6	162.1	2753.0	n/a	n/a	n/a	n/a
199.722	0.026	saccade	n/a	480.1	161.1	n/a	531.0	159.4	1.99	93.0
199.75	0.09	fixation	n/a	539.1	159.0	2730.0	n/a	n/a	n/a	n/a
199.842	0.058	saccade	n/a	538.3	158.7	n/a	166.3	191.7	14.37	424.0
199.902	0.126	fixation	n/a	161.5	195.6	2792.0	n/a	n/a	n/a	n/a
200.03	0.018	saccade	n/a	156.9	196.9	n/a	126.8	196.2	1.14	85.0
200.05	0.182	fixation	n/a	129.6	197.2	2759.0	n/a	n/a	n/a	n/a
200.234	0.032	saccade	n/a	134.0	199.6	n/a	250.9	202.5	4.47	221.0
200.268	0.078	fixation	n/a	255.4	202.0	2746.0	n/a	n/a	n/a	n/a
200.348	0.212	saccade	n/a	258.0	204.5	n/a	297.2	195.7	1.56	442.0
200.374	0.148	blink	n/a	n/a	n/a	n/a	n/a	n/a	n/a	n/a
200.562	0.076	fixation	n/a	298.0	188.4	2727.0	n/a	n/a	n/a	n/a
200.64	0.032	saccade	n/a	301.6	189.9	n/a	392.3	202.6	3.57	207.0
200.674	0.204	fixation	n/a	392.1	204.9	2760.0	n/a	n/a	n/a	n/a
200.88	0.032	saccade	n/a	394.3	210.1	n/a	477.5	212.2	3.26	189.0
200.914	0.138	fixation	n/a	478.3	212.6	2744.0	n/a	n/a	n/a	n/a
201.054	0.024	saccade	n/a	483.5	213.1	n/a	533.0	214.4	1.93	118.0
201.08	0.154	fixation	n/a	528.2	211.3	2719.0	n/a	n/a	n/a	n/a
201.236	0.028	saccade	n/a	527.7	211.0	n/a	598.6	215.9	2.74	123.0
201.266	0.146	fixation	n/a	603.8	215.2	2709.0	n/a	n/a	n/a	n/a
201.414	0.07	saccade	n/a	605.3	216.1	n/a	159.6	271.7	17.18	439.0
201.486	0.15	fixation	n/a	157.3	268.8	2797.0	n/a	n/a	n/a	n/a
201.638	0.018	saccade	n/a	152.0	269.6	n/a	126.9	274.6	0.97	68.0
201.658	0.156	fixation	n/a	128.2	275.4	2763.0	n/a	n/a	n/a	n/a
201.816	0.05	saccade	n/a	129.8	275.2	n/a	341.4	270.1	8.11	288.0
201.868	0.262	fixation	n/a	342.9	269.1	2720.0	n/a	n/a	n/a	n/a
202.132	0.034	saccade	n/a	343.4	269.7	n/a	438.6	279.1	3.73	197.0
202.168	0.156	fixation	n/a	439.9	281.0	2689.0	n/a	n/a	n/a	n/a
202.326	0.032	saccade	n/a	441.9	281.8	n/a	517.5	276.3	2.96	166.0
202.36	0.238	fixation	n/a	515.2	274.5	2733.0	n/a	n/a	n/a	n/a
202.6	0.016	saccade	n/a	519.1	274.3	n/a	539.0	272.7	0.78	62.0
202.618	0.114	fixation	n/a	536.6	273.1	2732.0	n/a	n/a	n/a	n/a
202.734	0.032	saccade	n/a	535.2	275.7	n/a	451.7	275.6	3.26	221.0
202.768	0.248	fixation	n/a	454.7	273.5	2716.0	n/a	n/a	n/a	n/a
203.018	0.022	saccade	n/a	458.5	277.2	n/a	494.5	279.1	1.41	79.0
203.042	0.116	fixation	n/a	497.5	277.7	2749.0	n/a	n/a	n/a	n/a
203.16	0.058	saccade	n/a	496.9	276.3	n/a	173.6	370.2	12.94	429.0
203.22	0.374	fixation	n/a	174.2	368.4	2863.0	n/a	n/a	n/a	n/a
203.596	0.02	saccade	n/a	170.0	367.5	n/a	139.4	361.9	1.18	79.0
203.618	0.204	fixation	n/a	144.4	361.3	2785.0	n/a	n/a	n/a	n/a
203.824	0.036	saccade	n/a	145.9	363.7	n/a	269.8	362.0	4.75	188.0
203.862	0.146	fixation	n/a	274.4	355.8	2720.0	n/a	n/a	n/a	n/a
204.01	0.032	saccade	n/a	276.3	349.9	n/a	362.7	345.7	3.35	176.0
204.044	0.174	fixation	n/a	364.3	345.0	2640.0	n/a	n/a	n/a	n/a
204.22	0.036	saccade	n/a	366.4	343.3	n/a	499.2	352.0	5.17	254.0
204.258	0.236	fixation	n/a	498.5	350.9	2645.0	n/a	n/a	n/a	n/a
204.496	0.02	saccade	n/a	501.7	351.8	n/a	538.2	351.4	1.41	94.0
204.518	0.184	fixation	n/a	556.7	352.6	2640.0	n/a	n/a	n/a	n/a
204.704	0.066	saccade	n/a	558.1	352.1	n/a	141.8	455.6	16.33	458.0
204.772	0.258	fixation	n/a	128.6	457.9	2815.0	n/a	n/a	n/a	n/a
205.032	0.198	saccade	n/a	112.5	459.6	n/a	102.6	172.5	11.03	425.0
205.062	0.108	blink	n/a	n/a	n/a	n/a	n/a	n/a	n/a	n/a
205.13	0.0	trigger_11	11	n/a	n/a	n/a	n/a	n/a	n/a	n/a
205.232	0.35	fixation	n/a	119.1	161.1	2850.0	n/a	n/a	n/a	n/a
205.234	0.0	trigger_10	10	n/a	n/a	n/a	n/a	n/a	n/a	n/a
205.584	0.034	saccade	n/a	122.6	161.0	n/a	232.5	162.7	4.18	159.0
205.62	0.3	fixation	n/a	240.3	162.1	2806.0	n/a	n/a	n/a	n/a
205.922	0.018	saccade	n/a	235.7	164.4	n/a	212.7	167.1	0.89	64.0
205.942	0.222	fixation	n/a	215.7	166.5	2778.0	n/a	n/a	n/a	n/a
206.166	0.042	saccade	n/a	220.0	164.7	n/a	360.0	166.5	5.42	235.0
206.21	0.304	fixation	n/a	365.3	168.6	2710.0	n/a	n/a	n/a	n/a
206.516	0.016	saccade	n/a	362.6	167.1	n/a	343.6	167.0	0.74	56.0
206.534	0.286	fixation	n/a	345.3	165.8	2710.0	n/a	n/a	n/a	n/a
206.822	0.038	saccade	n/a	346.2	167.2	n/a	466.9	170.9	4.71	217.0
206.862	0.17	fixation	n/a	466.1	171.5	2721.0	n/a	n/a	n/a	n/a
207.034	0.024	saccade	n/a	468.7	173.4	n/a	510.0	176.0	1.61	83.0
207.06	0.138	fixation	n/a	516.9	173.8	2714.0	n/a	n/a	n/a	n/a
207.2	0.062	saccade	n/a	517.5	172.6	n/a	160.8	208.5	13.79	390.0
207.264	0.182	fixation	n/a	156.5	208.2	2721.0	n/a	n/a	n/a	n/a
207.448	0.026	saccade	n/a	153.9	207.8	n/a	120.5	161.8	2.19	135.0
207.476	0.528	fixation	n/a	132.8	161.6	2668.0	n/a	n/a	n/a	n/a
207.61	0.0	trigger_11	11	n/a	n/a	n/a	n/a	n/a	n/a	n/a
207.714	0.0	trigger_10	10	n/a	n/a	n/a	n/a	n/a	n/a	n/a
208.006	0.028	saccade	n/a	133.9	159.5	n/a	214.5	157.4	3.07	151.0
208.036	0.166	fixation	n/a	233.0	155.2	2599.0	n/a	n/a	n/a	n/a
208.204	0.212	saccade	n/a	230.9	157.4	n/a	356.0	174.8	4.9	1863.0
208.234	0.152	blink	n/a	n/a	n/a	n/a	n/a	n/a	n/a	n/a
208.418	0.112	fixation	n/a	361.1	179.3	2541.0	n/a	n/a	n/a	n/a
208.532	0.028	saccade	n/a	365.7	178.8	n/a	446.1	179.1	3.14	144.0
208.562	0.322	fixation	n/a	450.8	177.6	2563.0	n/a	n/a	n/a	n/a
208.886	0.038	saccade	n/a	452.6	175.7	n/a	567.3	174.7	4.45	151.0
208.926	0.152	fixation	n/a	573.8	171.8	2495.0	n/a	n/a	n/a	n/a
209.08	0.022	saccade	n/a	574.9	172.0	n/a	615.9	177.2	1.59	98.0
209.104	0.12	fixation	n/a	621.7	175.1	2506.0	n/a	n/a	n/a	n/a
209.226	0.072	saccade	n/a	623.7	173.9	n/a	144.0	206.5	18.32	429.0
209.3	0.15	fixation	n/a	142.9	206.9	2612.0	n/a	n/a	n/a	n/a
209.452	0.02	saccade	n/a	139.7	208.9	n/a	111.3	212.8	1.08	76.0
209.474	0.094	fixation	n/a	114.3	212.2	2597.0	n/a	n/a	n/a	n/a
209.57	0.022	saccade	n/a	114.9	211.7	n/a	114.5	173.4	1.49	95.0
209.594	0.392	fixation	n/a	123.9	170.4	2621.0	n/a	n/a	n/a	n/a
209.65	0.0	trigger_11	11	n/a	n/a	n/a	n/a	n/a	n/a	n/a
209.754	0.0	trigger_12	12	n/a	n/a	n/a	n/a	n/a	n/a	n/a
209.988	0.042	saccade	n/a	126.3	168.0	n/a	254.3	163.7	4.89	200.0
210.032	0.4	fixation	n/a	251.5	162.2	2753.0	n/a	n/a	n/a	n/a
210.434	0.036	saccade	n/a	244.4	162.7	n/a	367.7	170.2	4.8	242.0
210.472	0.152	fixation	n/a	372.0	169.0	2730.0	n/a	n/a	n/a	n/a
210.626	0.026	saccade	n/a	376.2	170.7	n/a	449.6	172.9	2.87	166.0
210.654	0.326	fixation	n/a	454.3	170.5	2738.0	n/a	n/a	n/a	n/a
210.982	0.034	saccade	n/a	455.6	169.4	n/a	557.7	166.8	3.96	174.0
211.018	0.138	fixation	n/a	555.7	168.1	2725.0	n/a	n/a	n/a	n/a
211.158	0.022	saccade	n/a	555.9	172.0	n/a	596.8	171.9	1.58	102.0
211.182	0.12	fixation	n/a	595.1	170.3	2706.0	n/a	n/a	n/a	n/a
211.304	0.072	saccade	n/a	594.1	169.2	n/a	141.0	220.9	17.41	418.0
211.378	0.286	fixation	n/a	144.4	223.4	2770.0	n/a	n/a	n/a	n/a
211.666	0.038	saccade	n/a	146.8	222.5	n/a	286.4	204.2	5.41	242.0
211.706	0.302	fixation	n/a	290.4	203.0	2697.0	n/a	n/a	n/a	n/a
212.01	0.028	saccade	n/a	294.5	205.4	n/a	370.4	213.6	2.98	149.0
212.04	0.162	fixation	n/a	383.5	213.0	2676.0	n/a	n/a	n/a	n/a
212.204	0.024	saccade	n/a	390.3	212.8	n/a	456.8	214.8	2.6	152.0
212.23	0.178	fixation	n/a	457.7	213.7	2672.0	n/a	n/a	n/a	n/a
212.41	0.026	saccade	n/a	459.1	211.7	n/a	526.7	208.7	2.63	137.0
212.438	0.132	fixation	n/a	537.5	210.2	2666.0	n/a	n/a	n/a	n/a
212.572	0.026	saccade	n/a	543.5	208.2	n/a	598.7	208.5	2.13	107.0
212.6	0.11	fixation	n/a	601.0	209.9	2660.0	n/a	n/a	n/a	n/a
212.712	0.064	saccade	n/a	601.0	209.3	n/a	178.5	262.9	16.29	455.0
212.778	0.15	fixation	n/a	177.7	263.2	2750.0	n/a	n/a	n/a	n/a
212.93	0.02	saccade	n/a	173.4	261.3	n/a	139.1	264.7	1.31	89.0
212.952	0.25	fixation	n/a	137.8	266.6	2742.0	n/a	n/a	n/a	n/a
213.204	0.034	saccade	n/a	137.9	266.8	n/a	237.5	258.6	3.81	213.0
213.24	0.124	fixation	n/a	241.0	258.8	2758.0	n/a	n/a	n/a	n/a
213.366	0.254	saccade	n/a	243.4	263.5	n/a	286.6	286.3	1.9	444.0
213.39	0.186	blink	n/a	n/a	n/a	n/a	n/a	n/a	n/a	n/a
213.622	0.15	fixation	n/a	287.8	283.3	2806.0	n/a	n/a	n/a	n/a
213.774	0.02	saccade	n/a	290.6	286.1	n/a	320.1	287.6	1.15	78.0
213.796	0.102	fixation	n/a	319.9	282.6	2783.0	n/a	n/a	n/a	n/a
213.9	0.042	saccade	n/a	319.5	280.2	n/a	152.8	181.5	7.51	344.0
213.944	0.45	fixation	n/a	157.9	178.8	2738.0	n/a	n/a	n/a	n/a
214.042	0.0	trigger_13	13	n/a	n/a	n/a	n/a	n/a	n/a	n/a
214.396	0.034	saccade	n/a	160.9	174.8	n/a	276.4	169.4	4.44	212.0
214.432	0.272	fixation	n/a	278.3	169.7	2719.0	n/a	n/a	n/a	n/a
214.706	0.026	saccade	n/a	280.9	169.4	n/a	343.7	171.3	2.44	135.0
214.734	0.136	fixation	n/a	352.2	172.2	2716.0	n/a	n/a	n/a	n/a
214.872	0.048	saccade	n/a	354.5	172.9	n/a	147.4	257.6	8.63	357.0
214.922	0.14	fixation	n/a	143.3	253.8	2798.0	n/a	n/a	n/a	n/a
215.064	0.026	saccade	n/a	141.1	256.3	n/a	125.2	311.0	2.21	131.0
215.092	0.144	fixation	n/a	124.8	309.9	2819.0	n/a	n/a	n/a	n/a
215.238	0.018	saccade	n/a	123.2	310.0	n/a	109.5	290.3	0.92	65.0
215.258	0.19	fixation	n/a	111.7	288.7	2845.0	n/a	n/a	n/a	n/a
215.45	0.032	saccade	n/a	111.9	284.0	n/a	93.2	181.7	4.03	188.0
215.484	0.302	fixation	n/a	117.0	173.6	2726.0	n/a	n/a	n/a	n/a
215.514	0.0	trigger_15	15	n/a	n/a	n/a	n/a	n/a	n/a	n/a
215.57	0.0	trigger_10	10	n/a	n/a	n/a	n/a	n/a	n/a	n/a
215.788	0.036	saccade	n/a	126.6	172.6	n/a	226.9	171.9	3.83	127.0
215.826	0.344	fixation	n/a	234.1	168.3	2720.0	n/a	n/a	n/a	n/a
216.172	0.038	saccade	n/a	237.8	166.9	n/a	354.3	171.1	4.53	201.0
216.212	0.282	fixation	n/a	358.7	172.8	2604.0	n/a	n/a	n/a	n/a
216.496	0.028	saccade	n/a	360.0	172.0	n/a	440.8	176.7	3.16	156.0
216.526	0.092	fixation	n/a	448.3	179.7	2545.0	n/a	n/a	n/a	n/a
216.62	0.204	saccade	n/a	445.7	181.2	n/a	481.6	195.2	1.51	2568.0
216.642	0.146	blink	n/a	n/a	n/a	n/a	n/a	n/a	n/a	n/a
216.826	0.148	fixation	n/a	475.8	177.1	2470.0	n/a	n/a	n/a	n/a
216.976	0.022	saccade	n/a	476.2	174.3	n/a	516.3	177.3	1.56	93.0
217.0	0.288	fixation	n/a	524.2	174.1	2497.0	n/a	n/a	n/a	n/a
217.29	0.022	saccade	n/a	526.9	173.3	n/a	491.2	177.7	1.4	90.0
217.314	0.146	fixation	n/a	492.0	176.6	2453.0	n/a	n/a	n/a	n/a
217.462	0.06	saccade	n/a	489.5	177.9	n/a	156.9	200.0	12.85	376.0
217.524	0.376	fixation	n/a	152.6	201.7	2526.0	n/a	n/a	n/a	n/a
217.902	0.032	saccade	n/a	149.1	205.9	n/a	242.6	210.3	3.58	148.0
217.936	0.23	fixation	n/a	246.1	205.8	2581.0	n/a	n/a	n/a	n/a
218.168	0.026	saccade	n/a	247.3	208.6	n/a	310.9	213.7	2.48	132.0
218.196	0.238	fixation	n/a	320.0	212.9	2605.0	n/a	n/a	n/a	n/a
218.436	0.028	saccade	n/a	323.7	214.6	n/a	411.2	221.9	3.44	174.0
218.466	0.15	fixation	n/a	424.0	223.8	2587.0	n/a	n/a	n/a	n/a
218.618	0.032	saccade	n/a	428.2	221.5	n/a	520.9	221.9	3.61	180.0
218.652	0.27	fixation	n/a	521.6	217.4	2621.0	n/a	n/a	n/a	n/a
218.924	0.024	saccade	n/a	522.6	214.6	n/a	583.7	214.2	2.36	144.0
218.95	0.218	fixation	n/a	587.8	215.3	2607.0	n/a	n/a	n/a	n/a
219.17	0.068	saccade	n/a	588.2	215.3	n/a	163.6	255.9	16.31	425.0
219.24	0.33	fixation	n/a	154.9	257.8	2735.0	n/a	n/a	n/a	n/a
219.572	0.032	saccade	n/a	152.1	262.8	n/a	273.0	270.1	4.64	235.0
219.606	0.244	fixation	n/a	288.7	267.6	2740.0	n/a	n/a	n/a	n/a
219.852	0.04	saccade	n/a	292.4	271.0	n/a	428.8	271.0	5.32	242.0
219.894	0.282	fixation	n/a	432.0	273.5	2672.0	n/a	n/a	n/a	n/a
220.178	0.024	saccade	n/a	435.6	275.5	n/a	477.1	281.8	1.64	119.0
220.204	0.114	fixation	n/a	475.2	281.6	2655.0	n/a	n/a	n/a	n/a
220.32	0.034	saccade	n/a	476.7	281.9	n/a	356.0	269.2	4.74	238.0
220.356	0.29	fixation	n/a	353.1	264.6	2659.0	n/a	n/a	n/a	n/a
220.648	0.05	saccade	n/a	352.2	258.9	n/a	208.6	169.4	6.58	268.0
220.7	0.116	fixation	n/a	214.2	170.3	2762.0	n/a	n/a	n/a	n/a
220.818	0.03	saccade	n/a	216.8	171.1	n/a	140.0	159.0	2.97	173.0
220.85	0.594	fixation	n/a	144.4	158.9	2738.0	n/a	n/a	n/a	n/a
221.132	0.0	trigger_11	11	n/a	n/a	n/a	n/a	n/a	n/a	n/a
221.234	0.0	trigger_10	10	n/a	n/a	n/a	n/a	n/a	n/a	n/a
221.446	0.028	saccade	n/a	146.7	158.4	n/a	222.6	162.5	2.9	150.0
221.476	0.108	fixation	n/a	228.4	162.2	2670.0	n/a	n/a	n/a	n/a
221.586	0.198	saccade	n/a	231.1	156.9	n/a	315.4	172.6	3.32	720.0
221.614	0.132	blink	n/a	n/a	n/a	n/a	n/a	n/a	n/a	n/a
221.786	0.19	fixation	n/a	317.8	162.6	2585.0	n/a	n/a	n/a	n/a
221.978	0.036	saccade	n/a	322.1	162.9	n/a	433.9	169.8	4.37	186.0
222.016	0.292	fixation	n/a	438.1	169.9	2511.0	n/a	n/a	n/a	n/a
222.31	0.018	saccade	n/a	445.6	168.7	n/a	469.1	173.6	0.94	67.0
222.33	0.2	fixation	n/a	466.7	173.0	2502.0	n/a	n/a	n/a	n/a
222.532	0.018	saccade	n/a	467.0	173.0	n/a	490.6	175.9	0.93	68.0
222.552	0.222	fixation	n/a	489.0	175.9	2536.0	n/a	n/a	n/a	n/a
222.776	0.024	saccade	n/a	492.2	176.3	n/a	542.4	174.3	1.95	118.0
222.802	0.172	fixation	n/a	547.5	173.2	2570.0	n/a	n/a	n/a	n/a
222.976	0.022	saccade	n/a	551.6	171.9	n/a	586.7	172.7	1.35	74.0
223.0	0.11	fixation	n/a	595.9	172.1	2587.0	n/a	n/a	n/a	n/a
223.112	0.066	saccade	n/a	595.9	172.8	n/a	179.4	193.9	15.98	424.0
223.18	0.124	fixation	n/a	179.7	192.8	2681.0	n/a	n/a	n/a	n/a
223.306	0.02	saccade	n/a	177.1	194.2	n/a	138.9	199.9	1.47	98.0
223.328	0.17	fixation	n/a	139.9	198.1	2641.0	n/a	n/a	n/a	n/a
223.5	0.042	saccade	n/a	137.5	197.8	n/a	317.5	198.4	6.91	307.0
223.544	0.212	fixation	n/a	322.0	196.4	2632.0	n/a	n/a	n/a	n/a
223.758	0.028	saccade	n/a	325.3	196.3	n/a	413.0	198.7	3.42	166.0
223.788	0.202	fixation	n/a	419.6	200.8	2580.0	n/a	n/a	n/a	n/a
223.992	0.05	saccade	n/a	419.9	201.3	n/a	223.6	181.3	7.65	279.0
224.044	0.214	fixation	n/a	227.2	183.8	2648.0	n/a	n/a	n/a	n/a
224.26	0.028	saccade	n/a	226.9	183.0	n/a	151.1	154.9	3.1	170.0
224.29	0.202	fixation	n/a	141.6	153.4	2616.0	n/a	n/a	n/a	n/a
224.494	0.016	saccade	n/a	136.1	151.8	n/a	117.1	147.5	0.73	52.0
224.512	0.466	fixation	n/a	118.9	148.4	2596.0	n/a	n/a	n/a	n/a
224.684	0.0	trigger_11	11	n/a	n/a	n/a	n/a	n/a	n/a	n/a
224.786	0.0	trigger_10	10	n/a	n/a	n/a	n/a	n/a	n/a	n/a
224.98	0.028	saccade	n/a	122.5	150.7	n/a	192.6	164.2	2.72	142.0
225.01	0.32	fixation	n/a	207.6	163.6	2621.0	n/a	n/a	n/a	n/a
225.332	0.02	saccade	n/a	205.8	161.9	n/a	173.7	159.8	1.23	80.0
225.354	0.05	fixation	n/a	172.0	159.7	2605.0	n/a	n/a	n/a	n/a
225.406	0.02	saccade	n/a	170.0	159.9	n/a	130.3	152.8	1.53	103.0
225.428	0.266	fixation	n/a	133.7	152.4	2521.0	n/a	n/a	n/a	n/a
225.696	0.038	saccade	n/a	137.7	154.1	n/a	300.1	162.9	6.23	264.0
225.736	0.14	fixation	n/a	309.5	163.0	2544.0	n/a	n/a	n/a	n/a
225.878	0.044	saccade	n/a	309.7	160.9	n/a	153.3	159.5	6.0	220.0
225.924	0.122	fixation	n/a	157.1	159.8	2583.0	n/a	n/a	n/a	n/a
226.048	0.214	saccade	n/a	158.5	161.5	n/a	334.3	170.5	6.77	527.0
226.088	0.128	blink	n/a	n/a	n/a	n/a	n/a	n/a	n/a	n/a
226.264	0.288	fixation	n/a	342.9	168.0	2556.0	n/a	n/a	n/a	n/a
226.554	0.028	saccade	n/a	345.7	170.1	n/a	416.0	172.7	2.75	135.0
226.584	0.164	fixation	n/a	429.3	173.9	2523.0	n/a	n/a	n/a	n/a
226.75	0.026	saccade	n/a	430.7	175.8	n/a	490.0	176.5	2.31	127.0
226.778	0.304	fixation	n/a	496.3	173.3	2481.0	n/a	n/a	n/a	n/a
227.084	0.018	saccade	n/a	496.8	171.2	n/a	519.8	173.9	0.9	62.0
227.104	0.226	fixation	n/a	520.6	171.6	2498.0	n/a	n/a	n/a	n/a
227.332	0.022	saccade	n/a	521.9	171.3	n/a	562.1	173.3	1.56	95.0
227.356	0.13	fixation	n/a	568.2	173.8	2510.0	n/a	n/a	n/a	n/a
227.488	0.064	saccade	n/a	567.1	172.6	n/a	190.2	185.7	14.48	395.0
227.554	0.122	fixation	n/a	189.5	187.4	2679.0	n/a	n/a	n/a	n/a
227.678	0.024	saccade	n/a	188.9	189.9	n/a	149.3	199.8	1.56	110.0
227.704	0.13	fixation	n/a	154.8	199.3	2693.0	n/a	n/a	n/a	n/a
227.836	0.02	saccade	n/a	152.4	199.9	n/a	118.3	197.5	1.3	86.0
227.858	0.576	fixation	n/a	120.1	196.8	2713.0	n/a	n/a	n/a	n/a
228.436	0.026	saccade	n/a	118.6	194.5	n/a	174.6	196.0	2.12	112.0
228.464	0.254	fixation	n/a	191.5	193.2	2719.0	n/a	n/a	n/a	n/a
228.72	0.032	saccade	n/a	193.0	193.4	n/a	309.5	198.2	4.5	232.0
228.754	0.332	fixation	n/a	314.8	198.2	2705.0	n/a	n/a	n/a	n/a
229.088	0.034	saccade	n/a	314.6	198.9	n/a	439.3	206.8	4.87	232.0
229.124	0.112	fixation	n/a	444.2	207.7	2649.0	n/a	n/a	n/a	n/a
229.238	0.178	saccade	n/a	441.6	205.0	n/a	485.9	212.4	1.75	706.0
229.26	0.12	blink	n/a	n/a	n/a	n/a	n/a	n/a	n/a	n/a
229.418	0.118	fixation	n/a	489.4	212.3	2656.0	n/a	n/a	n/a	n/a
229.538	0.028	saccade	n/a	487.8	210.5	n/a	567.3	208.5	3.08	153.0
229.568	0.228	fixation	n/a	573.4	210.6	2703.0	n/a	n/a	n/a	n/a
229.798	0.064	saccade	n/a	572.1	208.7	n/a	169.1	248.9	15.52	404.0
229.864	0.272	fixation	n/a	169.5	248.5	2706.0	n/a	n/a	n/a	n/a
230.138	0.026	saccade	n/a	165.9	246.4	n/a	110.0	246.8	2.11	132.0
230.166	0.188	fixation	n/a	115.6	248.5	2709.0	n/a	n/a	n/a	n/a
230.356	0.04	saccade	n/a	113.5	247.1	n/a	278.0	255.3	6.29	296.0
230.398	0.12	fixation	n/a	281.7	254.1	2688.0	n/a	n/a	n/a	n/a
230.52	0.04	saccade	n/a	283.6	250.9	n/a	139.6	158.5	6.59	299.0
230.562	0.496	fixation	n/a	145.8	159.6	2719.0	n/a	n/a	n/a	n/a
230.588	0.0	trigger_11	11	n/a	n/a	n/a	n/a	n/a	n/a	n/a
230.692	0.0	trigger_10	10	n/a	n/a	n/a	n/a	n/a	n/a	n/a
231.06	0.03	saccade	n/a	144.8	160.6	n/a	240.2	165.2	3.65	191.0
231.092	0.192	fixation	n/a	248.3	161.5	2715.0	n/a	n/a	n/a	n/a
231.286	0.038	saccade	n/a	251.2	162.9	n/a	360.5	164.4	4.25	163.0
231.326	0.354	fixation	n/a	363.9	167.3	2740.0	n/a	n/a	n/a	n/a
231.682	0.022	saccade	n/a	363.5	164.6	n/a	328.8	161.8	1.36	86.0
231.706	0.132	fixation	n/a	331.1	161.3	2715.0	n/a	n/a	n/a	n/a
231.84	0.04	saccade	n/a	332.0	164.1	n/a	490.5	174.4	6.19	278.0
231.882	0.22	fixation	n/a	493.2	172.2	2716.0	n/a	n/a	n/a	n/a
232.104	0.018	saccade	n/a	496.5	170.9	n/a	519.0	169.9	0.87	63.0
232.124	0.18	fixation	n/a	519.6	169.1	2761.0	n/a	n/a	n/a	n/a
232.306	0.026	saccade	n/a	523.4	168.0	n/a	580.6	167.7	2.21	117.0
232.334	0.116	fixation	n/a	601.1	167.9	2721.0	n/a	n/a	n/a	n/a
232.452	0.082	saccade	n/a	601.4	168.6	n/a	127.3	198.9	18.1	416.0
232.536	0.186	fixation	n/a	132.9	199.3	2771.0	n/a	n/a	n/a	n/a
232.724	0.018	saccade	n/a	128.6	198.5	n/a	102.6	193.0	1.0	73.0
232.744	0.136	fixation	n/a	110.0	192.1	2749.0	n/a	n/a	n/a	n/a
232.882	0.02	saccade	n/a	108.2	188.5	n/a	97.4	163.8	1.04	64.0
232.904	0.388	fixation	n/a	111.5	165.6	2794.0	n/a	n/a	n/a	n/a
232.996	0.0	trigger_11	11	n/a	n/a	n/a	n/a	n/a	n/a	n/a
233.102	0.0	trigger_10	10	n/a	n/a	n/a	n/a	n/a	n/a	n/a
233.294	0.028	saccade	n/a	114.5	166.0	n/a	200.5	167.9	3.26	161.0
233.324	0.138	fixation	n/a	206.8	164.1	2922.0	n/a	n/a	n/a	n/a
233.464	0.232	saccade	n/a	207.2	157.5	n/a	165.3	178.8	1.8	449.0
233.492	0.162	blink	n/a	n/a	n/a	n/a	n/a	n/a	n/a	n/a
233.698	0.45	fixation	n/a	169.1	167.8	2853.0	n/a	n/a	n/a	n/a
234.15	0.026	saccade	n/a	173.3	165.5	n/a	241.1	167.2	2.6	163.0
234.178	0.236	fixation	n/a	244.8	166.9	2804.0	n/a	n/a	n/a	n/a
234.416	0.038	saccade	n/a	251.2	169.8	n/a	362.7	171.2	4.34	192.0
234.456	0.232	fixation	n/a	358.8	167.8	2792.0	n/a	n/a	n/a	n/a
234.69	0.03	saccade	n/a	360.1	165.3	n/a	449.5	166.4	3.48	163.0
234.722	0.176	fixation	n/a	459.0	168.9	2734.0	n/a	n/a	n/a	n/a
234.9	0.024	saccade	n/a	463.3	167.7	n/a	507.1	165.1	1.7	94.0
234.926	0.224	fixation	n/a	516.2	163.7	2712.0	n/a	n/a	n/a	n/a
235.152	0.026	saccade	n/a	522.1	164.8	n/a	591.2	165.3	2.67	136.0
235.18	0.158	fixation	n/a	603.0	164.5	2650.0	n/a	n/a	n/a	n/a
235.34	0.078	saccade	n/a	601.1	163.5	n/a	158.9	183.2	16.86	375.0
235.42	0.324	fixation	n/a	160.7	182.4	2686.0	n/a	n/a	n/a	n/a
235.746	0.018	saccade	n/a	154.5	182.4	n/a	124.1	181.6	1.15	81.0
235.766	0.162	fixation	n/a	123.6	181.2	2664.0	n/a	n/a	n/a	n/a
235.93	0.042	saccade	n/a	126.7	181.6	n/a	278.7	182.3	5.81	245.0
235.974	0.182	fixation	n/a	277.9	184.2	2656.0	n/a	n/a	n/a	n/a
236.158	0.038	saccade	n/a	279.5	184.7	n/a	398.0	193.4	4.62	229.0
236.198	0.394	fixation	n/a	395.9	195.5	2616.0	n/a	n/a	n/a	n/a
236.594	0.03	saccade	n/a	389.4	195.1	n/a	305.8	187.4	3.27	178.0
236.626	0.284	fixation	n/a	301.8	188.2	2602.0	n/a	n/a	n/a	n/a
236.912	0.028	saccade	n/a	302.5	189.5	n/a	372.7	190.3	2.74	127.0
236.942	0.194	fixation	n/a	381.4	190.8	2603.0	n/a	n/a	n/a	n/a
237.138	0.028	saccade	n/a	383.2	192.1	n/a	453.9	198.6	2.77	144.0
237.168	0.2	fixation	n/a	466.0	199.9	2581.0	n/a	n/a	n/a	n/a
237.37	0.054	saccade	n/a	465.1	200.0	n/a	211.9	156.8	9.96	302.0
237.426	0.318	fixation	n/a	221.5	159.3	2590.0	n/a	n/a	n/a	n/a
237.468	0.0	trigger_11	11	n/a	n/a	n/a	n/a	n/a	n/a	n/a
237.576	0.0	trigger_10	10	n/a	n/a	n/a	n/a	n/a	n/a	n/a
237.746	0.028	saccade	n/a	221.2	159.9	n/a	150.8	157.3	2.69	136.0
237.776	0.29	fixation	n/a	142.2	158.1	2534.0	n/a	n/a	n/a	n/a
238.068	0.168	saccade	n/a	129.2	152.5	n/a	234.8	184.1	4.22	867.0
238.108	0.094	blink	n/a	n/a	n/a	n/a	n/a	n/a	n/a	n/a
238.238	0.2	fixation	n/a	240.7	173.2	2531.0	n/a	n/a	n/a	n/a
238.44	0.034	saccade	n/a	239.3	167.1	n/a	366.1	168.2	4.92	217.0
238.476	0.366	fixation	n/a	373.9	167.2	2478.0	n/a	n/a	n/a	n/a
238.844	0.032	saccade	n/a	376.4	167.6	n/a	467.0	166.9	3.53	149.0
238.878	0.25	fixation	n/a	499.4	165.2	2427.0	n/a	n/a	n/a	n/a
239.13	0.02	saccade	n/a	500.6	165.4	n/a	529.8	166.7	1.13	75.0
239.152	0.142	fixation	n/a	530.7	166.3	2447.0	n/a	n/a	n/a	n/a
239.296	0.018	saccade	n/a	535.0	165.6	n/a	557.3	164.5	0.86	57.0
239.316	0.126	fixation	n/a	563.7	164.9	2460.0	n/a	n/a	n/a	n/a
239.444	0.066	saccade	n/a	562.5	165.7	n/a	150.6	177.2	15.76	431.0
239.512	0.122	fixation	n/a	153.5	177.9	2565.0	n/a	n/a	n/a	n/a
239.636	0.02	saccade	n/a	151.1	180.5	n/a	122.8	184.7	1.08	73.0
239.658	0.254	fixation	n/a	125.2	185.5	2545.0	n/a	n/a	n/a	n/a
239.914	0.034	saccade	n/a	129.1	188.0	n/a	216.6	189.6	3.33	152.0
239.95	0.302	fixation	n/a	215.7	188.3	2622.0	n/a	n/a	n/a	n/a
240.254	0.03	saccade	n/a	218.2	188.4	n/a	315.9	189.2	3.78	180.0
240.286	0.314	fixation	n/a	333.6	189.0	2580.0	n/a	n/a	n/a	n/a
240.602	0.024	saccade	n/a	330.3	186.9	n/a	289.2	184.1	1.6	89.0
240.628	0.18	fixation	n/a	287.4	185.8	2579.0	n/a	n/a	n/a	n/a
240.81	0.016	saccade	n/a	285.8	186.4	n/a	267.5	185.7	0.71	53.0
240.828	0.276	fixation	n/a	270.9	185.4	2596.0	n/a	n/a	n/a	n/a
241.106	0.052	saccade	n/a	274.4	187.2	n/a	507.7	195.6	9.07	289.0
241.16	0.192	fixation	n/a	507.6	195.0	2543.0	n/a	n/a	n/a	n/a
241.354	0.018	saccade	n/a	510.7	192.6	n/a	536.6	189.6	1.01	68.0
241.374	0.164	fixation	n/a	538.1	187.0	2542.0	n/a	n/a	n/a	n/a
241.54	0.028	saccade	n/a	541.4	189.8	n/a	603.9	188.9	2.41	110.0
241.57	0.156	fixation	n/a	612.9	189.6	2488.0	n/a	n/a	n/a	n/a
241.728	0.07	saccade	n/a	612.6	189.4	n/a	170.1	217.4	16.92	389.0
241.8	0.114	fixation	n/a	171.3	217.9	2577.0	n/a	n/a	n/a	n/a
241.916	0.02	saccade	n/a	168.7	219.4	n/a	129.9	227.0	1.5	104.0
241.938	0.192	fixation	n/a	134.9	229.2	2547.0	n/a	n/a	n/a	n/a
242.132	0.026	saccade	n/a	141.2	234.0	n/a	217.9	234.1	2.93	150.0
242.16	0.524	fixation	n/a	227.2	229.8	2601.0	n/a	n/a	n/a	n/a
242.686	0.03	saccade	n/a	223.8	229.8	n/a	309.3	228.4	3.31	178.0
242.718	0.144	fixation	n/a	311.5	225.0	2593.0	n/a	n/a	n/a	n/a
242.864	0.024	saccade	n/a	315.9	223.7	n/a	376.1	226.6	2.34	135.0
242.89	0.172	fixation	n/a	379.5	228.4	2574.0	n/a	n/a	n/a	n/a
243.064	0.058	saccade	n/a	378.8	225.8	n/a	152.6	167.7	9.0	256.0
243.124	0.524	fixation	n/a	158.9	170.0	2629.0	n/a	n/a	n/a	n/a
243.188	0.0	trigger_11	11	n/a	n/a	n/a	n/a	n/a	n/a	n/a
243.292	0.0	trigger_10	10	n/a	n/a	n/a	n/a	n/a	n/a	n/a
243.65	0.032	saccade	n/a	165.7	173.9	n/a	260.2	175.9	3.64	152.0
243.684	0.09	fixation	n/a	273.0	175.4	2569.0	n/a	n/a	n/a	n/a
243.776	0.202	saccade	n/a	277.5	169.5	n/a	448.4	176.2	6.64	652.0
243.802	0.138	blink	n/a	n/a	n/a	n/a	n/a	n/a	n/a	n/a
243.98	0.316	fixation	n/a	446.0	178.1	2481.0	n/a	n/a	n/a	n/a
244.298	0.024	saccade	n/a	443.8	177.5	n/a	499.3	174.4	2.17	120.0
244.324	0.194	fixation	n/a	502.0	173.9	2392.0	n/a	n/a	n/a	n/a
244.52	0.022	saccade	n/a	498.5	172.9	n/a	453.9	172.8	1.74	109.0
244.544	0.16	fixation	n/a	454.4	172.2	2377.0	n/a	n/a	n/a	n/a
244.706	0.036	saccade	n/a	455.0	169.2	n/a	569.2	162.8	4.44	172.0
244.744	0.224	fixation	n/a	579.2	160.4	2438.0	n/a	n/a	n/a	n/a
244.97	0.072	saccade	n/a	578.7	159.6	n/a	144.5	179.7	16.56	405.0
245.044	0.282	fixation	n/a	146.8	184.5	2521.0	n/a	n/a	n/a	n/a
245.328	0.046	saccade	n/a	146.3	181.3	n/a	295.0	182.0	5.69	200.0
245.376	0.142	fixation	n/a	295.1	181.1	2586.0	n/a	n/a	n/a	n/a
245.52	0.034	saccade	n/a	296.9	182.4	n/a	395.0	193.9	3.84	218.0
245.556	0.358	fixation	n/a	397.8	194.5	2681.0	n/a	n/a	n/a	n/a
245.916	0.034	saccade	n/a	399.4	193.4	n/a	509.6	199.5	4.3	239.0
245.952	0.312	fixation	n/a	506.8	196.8	2746.0	n/a	n/a	n/a	n/a
246.266	0.02	saccade	n/a	509.1	196.0	n/a	544.2	190.7	1.38	93.0
246.288	0.156	fixation	n/a	548.1	192.6	2785.0	n/a	n/a	n/a	n/a
246.446	0.02	saccade	n/a	550.1	191.9	n/a	580.5	190.7	1.18	81.0
246.468	0.112	fixation	n/a	578.5	189.7	2818.0	n/a	n/a	n/a	n/a
246.582	0.064	saccade	n/a	577.6	189.6	n/a	170.2	244.0	15.78	436.0
246.648	0.136	fixation	n/a	168.0	243.6	2935.0	n/a	n/a	n/a	n/a
246.786	0.02	saccade	n/a	164.1	241.8	n/a	134.2	232.2	1.19	80.0
246.808	0.406	fixation	n/a	135.4	230.8	2927.0	n/a	n/a	n/a	n/a
247.216	0.03	saccade	n/a	138.7	230.9	n/a	231.6	233.6	3.55	187.0
247.248	0.2	fixation	n/a	234.1	229.3	2950.0	n/a	n/a	n/a	n/a
247.45	0.028	saccade	n/a	235.1	225.7	n/a	177.5	179.1	2.87	169.0
247.48	0.108	fixation	n/a	183.5	181.1	2986.0	n/a	n/a	n/a	n/a
247.59	0.02	saccade	n/a	183.7	180.1	n/a	169.1	154.7	1.14	85.0
247.612	0.388	fixation	n/a	177.7	162.7	2968.0	n/a	n/a	n/a	n/a
247.702	0.0	trigger_11	11	n/a	n/a	n/a	n/a	n/a	n/a	n/a
247.804	0.0	trigger_10	10	n/a	n/a	n/a	n/a	n/a	n/a	n/a
248.002	0.016	saccade	n/a	174.0	160.9	n/a	155.9	160.9	0.69	52.0
248.02	0.106	fixation	n/a	160.0	161.4	2983.0	n/a	n/a	n/a	n/a
248.128	0.024	saccade	n/a	159.3	163.4	n/a	111.3	165.1	1.81	111.0
248.154	0.104	fixation	n/a	115.8	167.6	2933.0	n/a	n/a	n/a	n/a
248.26	0.172	saccade	n/a	112.9	162.1	n/a	342.8	177.3	8.83	504.0
248.292	0.104	blink	n/a	n/a	n/a	n/a	n/a	n/a	n/a	n/a
248.434	0.188	fixation	n/a	350.8	174.1	2820.0	n/a	n/a	n/a	n/a
248.624	0.024	saccade	n/a	355.5	170.7	n/a	400.6	171.0	1.76	105.0
248.65	0.118	fixation	n/a	400.8	171.2	2807.0	n/a	n/a	n/a	n/a
248.77	0.032	saccade	n/a	404.3	170.8	n/a	516.8	171.1	4.38	200.0
248.804	0.184	fixation	n/a	522.6	168.6	2675.0	n/a	n/a	n/a	n/a
248.99	0.02	saccade	n/a	525.7	166.1	n/a	555.6	162.9	1.16	73.0
249.012	0.118	fixation	n/a	559.6	163.1	2647.0	n/a	n/a	n/a	n/a
249.132	0.064	saccade	n/a	561.9	164.8	n/a	94.1	179.6	17.8	506.0
249.198	0.592	fixation	n/a	97.6	178.6	2755.0	n/a	n/a	n/a	n/a
249.766	0.0	trigger_11	11	n/a	n/a	n/a	n/a	n/a	n/a	n/a
249.792	0.018	saccade	n/a	100.8	176.9	n/a	101.0	154.2	0.88	67.0
249.812	0.298	fixation	n/a	120.7	160.6	2854.0	n/a	n/a	n/a	n/a
249.87	0.0	trigger_10	10	n/a	n/a	n/a	n/a	n/a	n/a	n/a
250.112	0.034	saccade	n/a	126.9	160.6	n/a	230.9	156.4	3.96	157.0
250.148	0.242	fixation	n/a	236.1	162.4	2918.0	n/a	n/a	n/a	n/a
250.392	0.026	saccade	n/a	234.2	163.3	n/a	152.2	160.8	3.14	177.0
250.42	0.24	fixation	n/a	141.6	161.4	2856.0	n/a	n/a	n/a	n/a
250.662	0.022	saccade	n/a	137.9	158.6	n/a	98.9	149.6	1.51	90.0
250.686	0.09	fixation	n/a	98.5	152.2	2770.0	n/a	n/a	n/a	n/a
250.778	0.246	saccade	n/a	98.8	149.5	n/a	233.0	176.8	5.21	508.0
250.822	0.12	blink	n/a	n/a	n/a	n/a	n/a	n/a	n/a	n/a
251.026	0.156	fixation	n/a	230.9	171.4	2820.0	n/a	n/a	n/a	n/a
251.184	0.03	saccade	n/a	230.0	168.4	n/a	333.6	169.5	4.01	209.0
251.216	0.154	fixation	n/a	345.7	166.2	2814.0	n/a	n/a	n/a	n/a
251.372	0.032	saccade	n/a	349.3	164.3	n/a	447.5	165.6	3.82	182.0
251.406	0.22	fixation	n/a	452.0	166.2	2663.0	n/a	n/a	n/a	n/a
251.628	0.032	saccade	n/a	456.8	166.1	n/a	570.6	164.0	4.42	203.0
251.662	0.174	fixation	n/a	571.3	161.8	2591.0	n/a	n/a	n/a	n/a
251.838	0.024	saccade	n/a	572.7	159.2	n/a	618.3	159.0	1.75	91.0
251.864	0.088	fixation	n/a	618.7	158.9	2560.0	n/a	n/a	n/a	n/a
251.954	0.066	saccade	n/a	617.7	159.6	n/a	184.0	183.6	16.61	455.0
252.022	0.284	fixation	n/a	182.7	184.7	2613.0	n/a	n/a	n/a	n/a
252.308	0.036	saccade	n/a	179.9	183.2	n/a	322.2	185.7	5.48	282.0
252.346	0.314	fixation	n/a	326.8	186.5	2690.0	n/a	n/a	n/a	n/a
252.662	0.034	saccade	n/a	328.4	185.9	n/a	445.7	194.2	4.58	252.0
252.698	0.126	fixation	n/a	450.6	193.8	2683.0	n/a	n/a	n/a	n/a
252.826	0.164	saccade	n/a	452.7	192.1	n/a	551.6	191.7	3.84	2210.0
252.848	0.104	blink	n/a	n/a	n/a	n/a	n/a	n/a	n/a	n/a
252.992	0.204	fixation	n/a	548.8	187.8	2736.0	n/a	n/a	n/a	n/a
253.198	0.06	saccade	n/a	546.5	187.4	n/a	154.4	214.2	15.06	437.0
253.26	0.146	fixation	n/a	152.4	215.9	2875.0	n/a	n/a	n/a	n/a
253.398	0.0	trigger_11	11	n/a	n/a	n/a	n/a	n/a	n/a	n/a
253.408	0.03	saccade	n/a	148.9	215.3	n/a	123.7	157.5	2.45	151.0
253.44	0.44	fixation	n/a	138.5	161.4	2774.0	n/a	n/a	n/a	n/a
253.502	0.0	trigger_10	10	n/a	n/a	n/a	n/a	n/a	n/a	n/a
253.882	0.036	saccade	n/a	141.9	161.9	n/a	252.9	167.1	4.25	163.0
253.92	0.312	fixation	n/a	267.5	164.9	2746.0	n/a	n/a	n/a	n/a
254.234	0.044	saccade	n/a	269.4	162.0	n/a	421.0	164.5	5.89	228.0
254.28	0.244	fixation	n/a	424.1	164.1	2668.0	n/a	n/a	n/a	n/a
254.526	0.024	saccade	n/a	429.8	163.3	n/a	483.2	164.7	2.08	117.0
254.552	0.168	fixation	n/a	496.4	164.4	2636.0	n/a	n/a	n/a	n/a
254.722	0.026	saccade	n/a	500.8	165.7	n/a	559.2	162.8	2.27	115.0
254.75	0.134	fixation	n/a	563.4	160.8	2627.0	n/a	n/a	n/a	n/a
254.886	0.064	saccade	n/a	562.7	159.4	n/a	153.2	176.7	15.7	474.0
254.952	0.138	fixation	n/a	155.8	176.7	2676.0	n/a	n/a	n/a	n/a
255.092	0.014	saccade	n/a	154.5	177.2	n/a	138.3	178.6	0.62	51.0
255.108	0.128	fixation	n/a	140.3	179.5	2639.0	n/a	n/a	n/a	n/a
255.238	0.02	saccade	n/a	138.3	179.8	n/a	104.2	168.9	1.35	91.0
255.26	0.502	fixation	n/a	99.5	170.3	2618.0	n/a	n/a	n/a	n/a
255.764	0.034	saccade	n/a	94.1	172.4	n/a	212.3	187.8	4.52	222.0
255.8	0.218	fixation	n/a	218.3	190.0	2698.0	n/a	n/a	n/a	n/a
256.02	0.018	saccade	n/a	218.3	190.9	n/a	196.2	188.6	0.85	61.0
256.04	0.148	fixation	n/a	198.0	187.8	2727.0	n/a	n/a	n/a	n/a
256.19	0.044	saccade	n/a	197.1	186.5	n/a	380.5	189.4	7.1	297.0
256.236	0.338	fixation	n/a	385.2	191.2	2740.0	n/a	n/a	n/a	n/a
256.576	0.022	saccade	n/a	386.9	191.7	n/a	347.4	187.9	1.55	97.0
256.6	0.19	fixation	n/a	349.6	188.0	2709.0	n/a	n/a	n/a	n/a
256.792	0.046	saccade	n/a	349.5	187.5	n/a	511.7	197.3	6.34	236.0
256.84	0.138	fixation	n/a	516.9	197.1	2682.0	n/a	n/a	n/a	n/a
256.98	0.182	saccade	n/a	518.9	192.8	n/a	335.6	194.4	7.13	1122.0
257.006	0.122	blink	n/a	n/a	n/a	n/a	n/a	n/a	n/a	n/a
257.164	0.21	fixation	n/a	334.6	193.3	2761.0	n/a	n/a	n/a	n/a
257.376	0.048	saccade	n/a	334.2	192.0	n/a	538.1	198.1	7.94	322.0
257.426	0.138	fixation	n/a	537.7	195.4	2707.0	n/a	n/a	n/a	n/a
257.566	0.024	saccade	n/a	540.7	195.9	n/a	583.2	189.5	1.66	84.0
257.592	0.138	fixation	n/a	595.2	185.7	2662.0	n/a	n/a	n/a	n/a
257.732	0.064	saccade	n/a	595.7	185.3	n/a	212.7	204.0	14.72	427.0
257.798	0.082	fixation	n/a	212.9	204.2	2733.0	n/a	n/a	n/a	n/a
257.882	0.028	saccade	n/a	210.1	204.0	n/a	151.4	225.1	2.38	160.0
257.912	0.124	fixation	n/a	152.3	223.5	2704.0	n/a	n/a	n/a	n/a
258.038	0.016	saccade	n/a	145.7	221.0	n/a	124.8	218.3	0.8	59.0
258.056	0.258	fixation	n/a	123.2	216.4	2668.0	n/a	n/a	n/a	n/a
258.316	0.05	saccade	n/a	120.8	216.1	n/a	346.9	226.2	8.69	317.0
258.368	0.156	fixation	n/a	351.7	226.2	2653.0	n/a	n/a	n/a	n/a
258.526	0.03	saccade	n/a	355.5	227.0	n/a	434.8	232.4	3.11	180.0
258.558	0.168	fixation	n/a	435.1	231.8	2629.0	n/a	n/a	n/a	n/a
258.728	0.032	saccade	n/a	436.7	232.2	n/a	528.1	239.9	3.58	207.0
258.762	0.166	fixation	n/a	528.5	240.2	2591.0	n/a	n/a	n/a	n/a
258.93	0.03	saccade	n/a	529.8	238.0	n/a	617.2	240.1	3.38	152.0
258.962	0.206	fixation	n/a	626.0	240.1	2583.0	n/a	n/a	n/a	n/a
259.17	0.078	saccade	n/a	627.6	238.2	n/a	99.1	299.2	20.08	446.0
259.25	0.166	fixation	n/a	96.2	287.3	2587.0	n/a	n/a	n/a	n/a
259.418	0.038	saccade	n/a	99.2	284.4	n/a	106.8	155.0	5.02	258.0
259.438	0.0	trigger_11	11	n/a	n/a	n/a	n/a	n/a	n/a	n/a
259.458	0.478	fixation	n/a	118.9	156.5	2597.0	n/a	n/a	n/a	n/a
259.542	0.0	trigger_10	10	n/a	n/a	n/a	n/a	n/a	n/a	n/a
259.938	0.026	saccade	n/a	129.8	161.4	n/a	186.2	160.8	2.14	117.0
259.966	0.262	fixation	n/a	198.7	159.0	2692.0	n/a	n/a	n/a	n/a
260.23	0.024	saccade	n/a	201.4	157.4	n/a	248.6	161.5	1.82	106.0
260.256	0.162	fixation	n/a	256.5	161.1	2733.0	n/a	n/a	n/a	n/a
260.42	0.036	saccade	n/a	263.0	162.3	n/a	384.3	164.1	4.72	220.0
260.458	0.148	fixation	n/a	387.3	162.0	2661.0	n/a	n/a	n/a	n/a
260.608	0.192	saccade	n/a	393.3	157.3	n/a	363.9	175.2	1.35	489.0
260.63	0.134	blink	n/a	n/a	n/a	n/a	n/a	n/a	n/a	n/a
260.802	0.118	fixation	n/a	363.6	165.5	2615.0	n/a	n/a	n/a	n/a
260.922	0.04	saccade	n/a	364.6	164.1	n/a	527.2	162.6	6.31	285.0
260.964	0.196	fixation	n/a	529.4	162.9	2622.0	n/a	n/a	n/a	n/a
261.162	0.018	saccade	n/a	535.5	161.5	n/a	565.7	160.9	1.17	81.0
261.182	0.196	fixation	n/a	566.6	160.6	2610.0	n/a	n/a	n/a	n/a
261.38	0.018	saccade	n/a	570.3	160.6	n/a	596.6	160.5	1.01	68.0
261.4	0.178	fixation	n/a	599.9	159.3	2628.0	n/a	n/a	n/a	n/a
261.58	0.07	saccade	n/a	600.5	159.6	n/a	145.3	178.6	17.42	445.0
261.652	0.25	fixation	n/a	144.5	179.1	2774.0	n/a	n/a	n/a	n/a
261.904	0.032	saccade	n/a	147.3	180.9	n/a	251.2	180.0	3.98	190.0
261.938	0.204	fixation	n/a	251.7	179.9	2866.0	n/a	n/a	n/a	n/a
262.144	0.034	saccade	n/a	252.1	178.4	n/a	360.3	182.4	4.2	207.0
262.18	0.16	fixation	n/a	362.1	182.2	2855.0	n/a	n/a	n/a	n/a
262.342	0.032	saccade	n/a	365.2	182.0	n/a	463.7	185.2	3.85	203.0
262.376	0.238	fixation	n/a	462.7	183.9	2822.0	n/a	n/a	n/a	n/a
262.616	0.018	saccade	n/a	468.8	183.8	n/a	496.5	183.9	1.08	74.0
262.636	0.128	fixation	n/a	512.3	186.1	2786.0	n/a	n/a	n/a	n/a
262.766	0.06	saccade	n/a	513.7	185.5	n/a	156.6	157.4	13.75	424.0
262.828	0.136	fixation	n/a	156.4	159.8	2859.0	n/a	n/a	n/a	n/a
262.95	0.0	trigger_11	11	n/a	n/a	n/a	n/a	n/a	n/a	n/a
262.966	0.022	saccade	n/a	155.1	161.1	n/a	117.5	155.3	1.44	97.0
262.99	0.388	fixation	n/a	123.7	154.4	2856.0	n/a	n/a	n/a	n/a
263.052	0.0	trigger_20	20	n/a	n/a	n/a	n/a	n/a	n/a	n/a
263.38	0.178	saccade	n/a	121.8	142.7	n/a	104.4	248.9	4.18	508.0
263.41	0.148	blink	n/a	n/a	n/a	n/a	n/a	n/a	n/a	n/a
