onset	duration	trial_type	value	gaze_x	gaze_y	pupil_size	sacc_endx	sacc_endy	sacc_amplitude	sacc_peakvel
0.022	0.0	trigger_91	91	n/a	n/a	n/a	n/a	n/a	n/a	n/a
0.391	0.172	saccade	n/a	177.3	178.2	n/a	241.0	181.6	2.43	1624.0
0.419	0.102	blink	n/a	n/a	n/a	n/a	n/a	n/a	n/a	n/a
0.565	0.47	fixation	n/a	246.8	182.5	2891.0	n/a	n/a	n/a	n/a
1.037	0.222	saccade	n/a	243.7	198.0	n/a	281.1	215.9	1.6	1754.0
1.063	0.15	blink	n/a	n/a	n/a	n/a	n/a	n/a	n/a	n/a
1.261	0.218	fixation	n/a	281.3	209.2	2853.0	n/a	n/a	n/a	n/a
1.481	0.026	saccade	n/a	283.6	213.5	n/a	340.0	226.4	2.24	117.0
1.509	0.286	fixation	n/a	347.9	225.8	2762.0	n/a	n/a	n/a	n/a
1.797	0.026	saccade	n/a	344.9	216.3	n/a	301.8	192.7	1.91	83.0
1.825	0.186	fixation	n/a	302.3	191.1	2632.0	n/a	n/a	n/a	n/a
2.013	0.038	saccade	n/a	301.7	192.1	n/a	180.3	169.6	4.72	170.0
2.032	0.0	trigger_10	10	n/a	n/a	n/a	n/a	n/a	n/a	n/a
2.053	0.264	fixation	n/a	182.1	165.3	2547.0	n/a	n/a	n/a	n/a
2.319	0.018	saccade	n/a	177.0	159.8	n/a	153.1	155.3	0.92	68.0
2.339	0.358	fixation	n/a	153.1	155.7	2748.0	n/a	n/a	n/a	n/a
2.699	0.022	saccade	n/a	154.8	156.9	n/a	200.0	163.5	1.73	106.0
2.723	0.152	fixation	n/a	211.6	165.2	2811.0	n/a	n/a	n/a	n/a
2.877	0.032	saccade	n/a	213.3	165.2	n/a	317.3	171.9	4.0	206.0
2.911	0.244	fixation	n/a	324.0	168.7	2898.0	n/a	n/a	n/a	n/a
3.157	0.026	saccade	n/a	326.8	168.6	n/a	405.6	164.3	3.06	161.0
3.185	0.496	fixation	n/a	413.2	162.1	2945.0	n/a	n/a	n/a	n/a
3.683	0.03	saccade	n/a	415.1	160.7	n/a	500.6	169.9	3.33	176.0
3.715	0.164	fixation	n/a	504.0	169.4	2967.0	n/a	n/a	n/a	n/a
3.881	0.028	saccade	n/a	506.1	167.3	n/a	573.2	169.3	2.59	153.0
3.911	0.148	fixation	n/a	573.5	167.1	2987.0	n/a	n/a	n/a	n/a
4.061	0.022	saccade	n/a	576.4	166.7	n/a	618.7	161.7	1.63	101.0
4.085	0.11	fixation	n/a	617.9	163.7	2956.0	n/a	n/a	n/a	n/a
4.197	0.068	saccade	n/a	618.8	164.5	n/a	152.1	226.8	17.88	488.0
4.267	0.524	fixation	n/a	139.1	227.9	2923.0	n/a	n/a	n/a	n/a
4.793	0.034	saccade	n/a	128.8	226.8	n/a	231.9	230.9	3.91	205.0
4.829	0.19	fixation	n/a	234.7	231.0	2920.0	n/a	n/a	n/a	n/a
5.021	0.032	saccade	n/a	237.6	230.8	n/a	344.2	227.1	4.11	218.0
5.055	0.37	fixation	n/a	350.5	230.7	2905.0	n/a	n/a	n/a	n/a
5.427	0.028	saccade	n/a	352.7	231.5	n/a	416.0	232.7	2.45	141.0
5.457	0.154	fixation	n/a	418.0	231.2	2844.0	n/a	n/a	n/a	n/a
5.613	0.032	saccade	n/a	420.6	232.2	n/a	497.9	234.9	3.0	141.0
5.647	0.146	fixation	n/a	499.7	233.2	2807.0	n/a	n/a	n/a	n/a
5.795	0.02	saccade	n/a	505.0	234.2	n/a	536.0	235.0	1.2	75.0
5.817	0.162	fixation	n/a	536.4	233.9	2770.0	n/a	n/a	n/a	n/a
5.981	0.06	saccade	n/a	536.3	232.6	n/a	158.9	284.4	14.55	432.0
6.043	0.124	fixation	n/a	155.8	280.9	2817.0	n/a	n/a	n/a	n/a
6.169	0.018	saccade	n/a	151.6	281.8	n/a	126.1	287.6	0.98	72.0
6.189	0.232	fixation	n/a	126.8	293.2	2825.0	n/a	n/a	n/a	n/a
6.423	0.032	saccade	n/a	129.3	299.1	n/a	226.4	296.0	3.69	212.0
6.457	0.124	fixation	n/a	228.7	297.9	2814.0	n/a	n/a	n/a	n/a
6.583	0.18	saccade	n/a	238.4	304.2	n/a	334.3	297.4	3.71	2224.0
6.609	0.116	blink	n/a	n/a	n/a	n/a	n/a	n/a	n/a	n/a
6.765	0.152	fixation	n/a	335.1	294.2	2632.0	n/a	n/a	n/a	n/a
6.919	0.02	saccade	n/a	337.9	297.2	n/a	376.0	297.0	1.48	102.0
6.941	0.218	fixation	n/a	376.9	293.4	2612.0	n/a	n/a	n/a	n/a
7.161	0.032	saccade	n/a	379.5	292.9	n/a	475.9	293.1	3.74	202.0
7.195	0.2	fixation	n/a	475.3	295.9	2566.0	n/a	n/a	n/a	n/a
7.397	0.026	saccade	n/a	477.1	299.2	n/a	539.6	296.1	2.42	135.0
7.425	0.18	fixation	n/a	545.6	291.8	2595.0	n/a	n/a	n/a	n/a
7.607	0.02	saccade	n/a	551.1	291.1	n/a	579.2	291.4	1.08	68.0
7.629	0.176	fixation	n/a	582.5	289.5	2600.0	n/a	n/a	n/a	n/a
7.807	0.018	saccade	n/a	581.0	290.0	n/a	554.1	291.3	1.04	76.0
7.827	0.186	fixation	n/a	559.2	290.4	2618.0	n/a	n/a	n/a	n/a
8.015	0.024	saccade	n/a	558.8	291.3	n/a	608.1	289.3	1.9	116.0
8.041	0.186	fixation	n/a	608.0	288.0	2654.0	n/a	n/a	n/a	n/a
8.229	0.05	saccade	n/a	608.8	288.8	n/a	408.5	228.5	8.09	327.0
8.281	0.128	fixation	n/a	410.7	225.9	2708.0	n/a	n/a	n/a	n/a
8.411	0.042	saccade	n/a	409.8	224.7	n/a	231.0	202.9	6.94	281.0
8.455	0.136	fixation	n/a	228.3	204.2	2728.0	n/a	n/a	n/a	n/a
8.593	0.022	saccade	n/a	225.3	204.8	n/a	174.9	200.1	1.93	126.0
8.617	0.144	fixation	n/a	173.9	205.7	2731.0	n/a	n/a	n/a	n/a
8.763	0.018	saccade	n/a	170.7	203.5	n/a	153.2	189.8	0.85	60.0
8.783	0.504	fixation	n/a	148.7	192.4	2767.0	n/a	n/a	n/a	n/a
8.864	0.0	trigger_11	11	n/a	n/a	n/a	n/a	n/a	n/a	n/a
8.968	0.0	trigger_10	10	n/a	n/a	n/a	n/a	n/a	n/a	n/a
9.289	0.028	saccade	n/a	144.6	194.2	n/a	227.4	193.6	3.14	165.0
9.319	0.224	fixation	n/a	235.4	197.1	2783.0	n/a	n/a	n/a	n/a
9.545	0.026	saccade	n/a	237.3	200.0	n/a	298.9	200.4	2.37	136.0
9.573	0.068	fixation	n/a	301.0	200.0	2778.0	n/a	n/a	n/a	n/a
9.643	0.178	saccade	n/a	303.2	191.0	n/a	342.6	177.0	1.62	1787.0
9.675	0.106	blink	n/a	n/a	n/a	n/a	n/a	n/a	n/a	n/a
9.823	0.3	fixation	n/a	339.1	179.3	2785.0	n/a	n/a	n/a	n/a
10.125	0.034	saccade	n/a	336.8	186.5	n/a	428.2	195.5	3.56	169.0
10.161	0.2	fixation	n/a	429.5	194.7	2718.0	n/a	n/a	n/a	n/a
10.363	0.028	saccade	n/a	429.0	192.8	n/a	363.5	192.3	2.54	158.0
10.393	0.144	fixation	n/a	365.6	192.8	2746.0	n/a	n/a	n/a	n/a
10.539	0.014	saccade	n/a	362.6	193.7	n/a	348.0	191.4	0.57	47.0
10.555	0.154	fixation	n/a	349.8	189.1	2747.0	n/a	n/a	n/a	n/a
10.711	0.04	saccade	n/a	351.2	187.6	n/a	483.7	191.3	5.14	226.0
10.753	0.272	fixation	n/a	489.2	191.3	2689.0	n/a	n/a	n/a	n/a
11.027	0.022	saccade	n/a	494.8	192.3	n/a	542.0	193.8	1.83	113.0
11.051	0.144	fixation	n/a	546.4	188.8	2615.0	n/a	n/a	n/a	n/a
11.197	0.02	saccade	n/a	550.3	186.8	n/a	580.1	190.4	1.15	80.0
11.219	0.154	fixation	n/a	581.3	190.6	2599.0	n/a	n/a	n/a	n/a
11.375	0.064	saccade	n/a	581.9	191.0	n/a	165.3	224.2	15.95	434.0
11.441	0.13	fixation	n/a	164.4	220.5	2643.0	n/a	n/a	n/a	n/a
11.573	0.018	saccade	n/a	160.6	218.4	n/a	131.3	217.4	1.1	79.0
11.593	0.352	fixation	n/a	131.6	215.7	2679.0	n/a	n/a	n/a	n/a
11.947	0.032	saccade	n/a	131.1	214.3	n/a	221.3	222.6	3.43	168.0
11.981	0.196	fixation	n/a	224.6	222.3	2751.0	n/a	n/a	n/a	n/a
12.179	0.034	saccade	n/a	227.0	219.7	n/a	338.1	221.9	4.27	227.0
12.215	0.252	fixation	n/a	343.8	220.4	2751.0	n/a	n/a	n/a	n/a
12.469	0.02	saccade	n/a	350.0	217.1	n/a	384.2	216.9	1.33	92.0
12.491	0.128	fixation	n/a	383.7	215.4	2725.0	n/a	n/a	n/a	n/a
12.621	0.028	saccade	n/a	386.3	215.9	n/a	469.1	219.8	3.23	160.0
12.651	0.202	fixation	n/a	487.0	215.8	2717.0	n/a	n/a	n/a	n/a
12.855	0.034	saccade	n/a	492.3	215.3	n/a	581.9	219.0	3.46	174.0
12.891	0.188	fixation	n/a	583.2	217.9	2709.0	n/a	n/a	n/a	n/a
13.081	0.024	saccade	n/a	588.8	220.2	n/a	640.3	222.2	1.97	109.0
13.107	0.12	fixation	n/a	647.6	220.4	2689.0	n/a	n/a	n/a	n/a
13.229	0.068	saccade	n/a	648.6	219.9	n/a	151.4	276.4	18.96	486.0
13.299	0.128	fixation	n/a	150.1	275.6	2729.0	n/a	n/a	n/a	n/a
13.429	0.02	saccade	n/a	146.1	273.0	n/a	115.4	271.2	1.15	80.0
13.451	0.31	fixation	n/a	112.9	268.8	2697.0	n/a	n/a	n/a	n/a
13.763	0.284	saccade	n/a	105.5	267.2	n/a	100.7	242.7	0.96	792.0
13.801	0.168	blink	n/a	n/a	n/a	n/a	n/a	n/a	n/a	n/a
14.049	0.396	fixation	n/a	116.4	256.6	2706.0	n/a	n/a	n/a	n/a
14.447	0.026	saccade	n/a	127.3	260.1	n/a	122.1	190.8	2.69	144.0
14.475	0.202	fixation	n/a	133.3	185.0	2653.0	n/a	n/a	n/a	n/a
14.679	0.024	saccade	n/a	136.9	182.5	n/a	188.0	168.8	2.0	108.0
14.705	0.152	fixation	n/a	199.2	167.5	2676.0	n/a	n/a	n/a	n/a
14.859	0.02	saccade	n/a	198.9	165.6	n/a	166.3	171.5	1.26	84.0
14.881	0.418	fixation	n/a	169.8	169.1	2722.0	n/a	n/a	n/a	n/a
14.904	0.0	trigger_11	11	n/a	n/a	n/a	n/a	n/a	n/a	n/a
15.01	0.0	trigger_10	10	n/a	n/a	n/a	n/a	n/a	n/a	n/a
15.301	0.034	saccade	n/a	169.9	167.2	n/a	280.0	168.3	4.19	176.0
15.337	0.182	fixation	n/a	286.8	169.0	2744.0	n/a	n/a	n/a	n/a
15.521	0.024	saccade	n/a	291.1	166.7	n/a	338.0	169.5	1.82	106.0
15.547	0.208	fixation	n/a	344.9	166.2	2732.0	n/a	n/a	n/a	n/a
15.757	0.02	saccade	n/a	342.3	168.8	n/a	308.8	169.0	1.3	90.0
15.779	0.094	fixation	n/a	312.2	168.4	2723.0	n/a	n/a	n/a	n/a
15.875	0.032	saccade	n/a	311.2	167.5	n/a	199.5	160.5	4.29	222.0
15.909	0.242	fixation	n/a	195.1	162.0	2772.0	n/a	n/a	n/a	n/a
16.153	0.02	saccade	n/a	191.0	165.5	n/a	163.2	166.9	1.06	71.0
16.175	0.094	fixation	n/a	162.3	166.5	2807.0	n/a	n/a	n/a	n/a
16.271	0.02	saccade	n/a	158.8	165.6	n/a	130.1	168.4	1.08	74.0
16.293	0.198	fixation	n/a	132.8	169.0	2833.0	n/a	n/a	n/a	n/a
16.493	0.036	saccade	n/a	133.7	170.1	n/a	252.6	170.3	4.52	211.0
16.531	0.182	fixation	n/a	254.5	171.1	2831.0	n/a	n/a	n/a	n/a
16.715	0.024	saccade	n/a	256.7	169.0	n/a	310.6	170.5	2.07	130.0
16.741	0.608	fixation	n/a	302.9	170.9	2792.0	n/a	n/a	n/a	n/a
17.351	0.028	saccade	n/a	290.4	172.0	n/a	368.0	169.4	3.0	173.0
17.381	0.132	fixation	n/a	370.7	168.7	2775.0	n/a	n/a	n/a	n/a
17.515	0.192	saccade	n/a	369.3	168.6	n/a	433.3	166.4	2.48	2537.0
17.545	0.12	blink	n/a	n/a	n/a	n/a	n/a	n/a	n/a	n/a
17.709	0.214	fixation	n/a	434.8	170.7	2674.0	n/a	n/a	n/a	n/a
17.925	0.026	saccade	n/a	437.0	170.0	n/a	507.8	173.8	2.75	138.0
17.953	0.128	fixation	n/a	517.8	174.5	2634.0	n/a	n/a	n/a	n/a
18.083	0.028	saccade	n/a	521.4	172.3	n/a	604.5	175.1	3.2	162.0
18.113	0.148	fixation	n/a	610.7	176.4	2533.0	n/a	n/a	n/a	n/a
18.263	0.018	saccade	n/a	616.3	175.3	n/a	643.0	177.9	1.02	67.0
18.283	0.604	fixation	n/a	651.0	179.7	2526.0	n/a	n/a	n/a	n/a
18.889	0.068	saccade	n/a	664.2	182.1	n/a	187.0	205.3	18.13	467.0
18.959	0.114	fixation	n/a	184.7	204.1	2726.0	n/a	n/a	n/a	n/a
19.075	0.02	saccade	n/a	179.9	205.0	n/a	152.4	206.5	1.04	75.0
19.097	0.156	fixation	n/a	154.0	203.4	2750.0	n/a	n/a	n/a	n/a
19.255	0.02	saccade	n/a	151.3	206.3	n/a	118.1	205.1	1.25	82.0
19.277	0.246	fixation	n/a	118.0	200.9	2756.0	n/a	n/a	n/a	n/a
19.525	0.018	saccade	n/a	120.1	195.7	n/a	148.5	194.0	1.07	75.0
19.545	0.216	fixation	n/a	150.9	196.6	2796.0	n/a	n/a	n/a	n/a
19.763	0.026	saccade	n/a	154.8	202.4	n/a	219.2	203.9	2.45	125.0
19.791	0.212	fixation	n/a	226.8	200.3	2808.0	n/a	n/a	n/a	n/a
20.005	0.03	saccade	n/a	229.2	197.3	n/a	331.1	199.7	3.91	183.0
20.037	0.288	fixation	n/a	334.4	203.9	2785.0	n/a	n/a	n/a	n/a
20.327	0.018	saccade	n/a	332.2	202.6	n/a	303.9	203.2	1.1	77.0
20.347	0.256	fixation	n/a	306.8	203.5	2745.0	n/a	n/a	n/a	n/a
20.605	0.014	saccade	n/a	311.0	204.4	n/a	326.1	203.9	0.59	48.0
20.621	0.146	fixation	n/a	325.3	201.3	2725.0	n/a	n/a	n/a	n/a
20.769	0.03	saccade	n/a	326.7	203.2	n/a	406.8	208.7	3.12	164.0
20.801	0.166	fixation	n/a	410.0	208.5	2713.0	n/a	n/a	n/a	n/a
20.969	0.022	saccade	n/a	406.6	207.6	n/a	364.6	201.9	1.64	104.0
20.993	0.12	fixation	n/a	365.5	201.8	2731.0	n/a	n/a	n/a	n/a
21.115	0.022	saccade	n/a	361.7	201.9	n/a	320.7	197.8	1.59	101.0
21.139	0.154	fixation	n/a	321.3	199.1	2724.0	n/a	n/a	n/a	n/a
21.295	0.202	saccade	n/a	323.3	202.3	n/a	325.1	187.0	0.61	2268.0
21.327	0.124	blink	n/a	n/a	n/a	n/a	n/a	n/a	n/a	n/a
21.499	0.748	fixation	n/a	329.0	189.7	2685.0	n/a	n/a	n/a	n/a
22.249	0.02	saccade	n/a	329.1	197.5	n/a	361.7	198.2	1.27	88.0
22.271	0.354	fixation	n/a	361.0	193.9	2716.0	n/a	n/a	n/a	n/a
22.627	0.05	saccade	n/a	360.4	190.5	n/a	193.8	161.7	6.49	183.0
22.679	0.154	fixation	n/a	199.3	163.9	2732.0	n/a	n/a	n/a	n/a
22.835	0.022	saccade	n/a	196.8	164.7	n/a	160.5	160.5	1.38	90.0
22.859	0.37	fixation	n/a	163.3	159.6	2735.0	n/a	n/a	n/a	n/a
22.906	0.0	trigger_11	11	n/a	n/a	n/a	n/a	n/a	n/a	n/a
23.01	0.0	trigger_12	12	n/a	n/a	n/a	n/a	n/a	n/a	n/a
23.231	0.034	saccade	n/a	164.2	158.8	n/a	283.8	152.7	4.56	201.0
23.267	0.294	fixation	n/a	289.6	154.0	2737.0	n/a	n/a	n/a	n/a
23.563	0.02	saccade	n/a	294.8	153.6	n/a	323.4	150.7	1.11	70.0
23.585	0.022	fixation	n/a	327.8	149.9	2702.0	n/a	n/a	n/a	n/a
23.609	0.034	saccade	n/a	331.0	149.7	n/a	421.9	151.0	3.52	187.0
23.645	0.192	fixation	n/a	422.9	151.1	2695.0	n/a	n/a	n/a	n/a
23.839	0.038	saccade	n/a	423.6	152.6	n/a	257.6	152.8	6.42	288.0
23.879	0.122	fixation	n/a	249.9	151.2	2724.0	n/a	n/a	n/a	n/a
24.003	0.022	saccade	n/a	247.2	153.0	n/a	207.1	152.0	1.53	106.0
24.027	0.198	fixation	n/a	209.8	152.7	2751.0	n/a	n/a	n/a	n/a
24.227	0.048	saccade	n/a	209.2	156.1	n/a	381.3	159.5	6.62	210.0
24.277	0.168	fixation	n/a	380.3	158.3	2813.0	n/a	n/a	n/a	n/a
24.447	0.04	saccade	n/a	382.7	157.7	n/a	513.1	158.5	5.04	230.0
24.489	0.342	fixation	n/a	509.7	160.8	2761.0	n/a	n/a	n/a	n/a
24.833	0.03	saccade	n/a	504.6	162.1	n/a	581.7	165.6	2.98	154.0
24.865	0.14	fixation	n/a	581.8	165.3	2689.0	n/a	n/a	n/a	n/a
25.007	0.064	saccade	n/a	581.7	164.3	n/a	176.8	190.6	15.49	426.0
25.073	0.144	fixation	n/a	175.4	190.0	2736.0	n/a	n/a	n/a	n/a
25.219	0.022	saccade	n/a	173.4	191.3	n/a	131.8	200.0	1.6	102.0
25.243	0.212	fixation	n/a	129.2	201.0	2709.0	n/a	n/a	n/a	n/a
25.457	0.024	saccade	n/a	128.6	203.0	n/a	183.4	193.5	2.1	132.0
25.483	0.156	fixation	n/a	189.6	190.8	2702.0	n/a	n/a	n/a	n/a
25.641	0.022	saccade	n/a	189.3	190.2	n/a	149.7	167.8	1.73	111.0
25.665	0.3	fixation	n/a	156.1	171.0	2729.0	n/a	n/a	n/a	n/a
25.69	0.0	trigger_13	13	n/a	n/a	n/a	n/a	n/a	n/a	n/a
25.967	0.024	saccade	n/a	157.4	168.2	n/a	201.7	165.5	1.68	95.0
25.993	0.13	fixation	n/a	202.8	164.8	2823.0	n/a	n/a	n/a	n/a
26.125	0.024	saccade	n/a	206.9	163.9	n/a	251.8	156.3	1.74	98.0
26.151	0.166	fixation	n/a	256.3	156.3	2827.0	n/a	n/a	n/a	n/a
26.319	0.032	saccade	n/a	254.0	157.1	n/a	158.4	197.6	3.97	206.0
26.353	0.316	fixation	n/a	158.1	194.9	2891.0	n/a	n/a	n/a	n/a
26.671	0.022	saccade	n/a	153.7	197.1	n/a	116.7	201.2	1.4	89.0
26.695	0.178	fixation	n/a	118.7	199.5	2922.0	n/a	n/a	n/a	n/a
26.875	0.236	saccade	n/a	119.2	191.6	n/a	124.1	206.6	0.61	1139.0
26.911	0.124	blink	n/a	n/a	n/a	n/a	n/a	n/a	n/a	n/a
27.113	0.112	fixation	n/a	122.9	206.2	3040.0	n/a	n/a	n/a	n/a
27.227	0.018	saccade	n/a	122.9	209.2	n/a	128.1	182.3	1.06	77.0
27.247	0.524	fixation	n/a	144.0	176.1	2972.0	n/a	n/a	n/a	n/a
27.322	0.0	trigger_15	15	n/a	n/a	n/a	n/a	n/a	n/a	n/a
27.378	0.0	trigger_10	10	n/a	n/a	n/a	n/a	n/a	n/a	n/a
27.773	0.026	saccade	n/a	149.8	169.0	n/a	209.6	165.7	2.26	119.0
27.801	0.258	fixation	n/a	217.0	163.3	2849.0	n/a	n/a	n/a	n/a
28.061	0.024	saccade	n/a	219.9	164.3	n/a	273.4	163.4	2.05	115.0
28.087	0.156	fixation	n/a	282.7	161.9	2803.0	n/a	n/a	n/a	n/a
28.245	0.026	saccade	n/a	285.7	159.9	n/a	353.3	159.0	2.62	136.0
28.273	0.266	fixation	n/a	357.0	158.3	2775.0	n/a	n/a	n/a	n/a
28.541	0.026	saccade	n/a	358.0	156.7	n/a	422.1	152.7	2.49	127.0
28.569	0.1	fixation	n/a	432.0	150.3	2731.0	n/a	n/a	n/a	n/a
28.671	0.174	saccade	n/a	437.8	145.4	n/a	465.9	163.4	1.3	2879.0
28.693	0.112	blink	n/a	n/a	n/a	n/a	n/a	n/a	n/a	n/a
28.847	0.152	fixation	n/a	463.4	158.8	2710.0	n/a	n/a	n/a	n/a
29.001	0.018	saccade	n/a	466.1	157.0	n/a	495.8	158.5	1.15	82.0
29.021	0.24	fixation	n/a	496.5	159.6	2764.0	n/a	n/a	n/a	n/a
29.263	0.024	saccade	n/a	500.7	159.4	n/a	560.1	161.0	2.29	126.0
29.289	0.232	fixation	n/a	565.6	158.0	2662.0	n/a	n/a	n/a	n/a
29.523	0.018	saccade	n/a	569.3	157.5	n/a	591.3	158.3	0.85	55.0
29.543	0.3	fixation	n/a	599.8	158.0	2632.0	n/a	n/a	n/a	n/a
29.845	0.068	saccade	n/a	604.3	158.9	n/a	159.3	188.9	16.96	427.0
29.915	0.152	fixation	n/a	160.5	189.9	2720.0	n/a	n/a	n/a	n/a
30.069	0.018	saccade	n/a	155.3	192.0	n/a	128.6	188.5	1.01	73.0
30.089	0.32	fixation	n/a	125.9	185.6	2675.0	n/a	n/a	n/a	n/a
30.411	0.03	saccade	n/a	122.6	183.9	n/a	221.7	184.0	3.74	185.0
30.443	0.692	fixation	n/a	235.9	186.2	2628.0	n/a	n/a	n/a	n/a
31.137	0.026	saccade	n/a	236.1	185.2	n/a	297.9	185.1	2.38	131.0
31.165	0.152	fixation	n/a	307.6	183.2	2641.0	n/a	n/a	n/a	n/a
31.319	0.024	saccade	n/a	311.1	180.5	n/a	366.1	179.6	2.13	121.0
31.345	0.11	fixation	n/a	372.5	179.5	2606.0	n/a	n/a	n/a	n/a
31.457	0.216	saccade	n/a	372.2	185.5	n/a	324.3	180.9	1.87	2227.0
31.491	0.138	blink	n/a	n/a	n/a	n/a	n/a	n/a	n/a	n/a
31.675	0.364	fixation	n/a	323.8	187.0	2638.0	n/a	n/a	n/a	n/a
32.041	0.034	saccade	n/a	326.1	185.8	n/a	435.4	188.0	4.25	171.0
32.077	0.448	fixation	n/a	438.8	184.7	2606.0	n/a	n/a	n/a	n/a
32.527	0.022	saccade	n/a	437.1	186.1	n/a	479.2	186.4	1.63	99.0
32.551	0.256	fixation	n/a	485.4	185.4	2559.0	n/a	n/a	n/a	n/a
32.809	0.024	saccade	n/a	486.1	185.5	n/a	532.2	186.3	1.78	102.0
32.835	0.164	fixation	n/a	544.6	184.5	2522.0	n/a	n/a	n/a	n/a
33.001	0.024	saccade	n/a	548.7	182.0	n/a	597.9	183.8	1.89	103.0
33.027	0.156	fixation	n/a	607.5	183.8	2534.0	n/a	n/a	n/a	n/a
33.185	0.074	saccade	n/a	606.5	185.8	n/a	171.1	230.6	16.68	376.0
33.261	0.12	fixation	n/a	178.3	232.6	2601.0	n/a	n/a	n/a	n/a
33.383	0.02	saccade	n/a	177.1	234.2	n/a	136.2	238.7	1.55	103.0
33.405	0.214	fixation	n/a	136.8	239.3	2562.0	n/a	n/a	n/a	n/a
33.621	0.036	saccade	n/a	138.9	241.8	n/a	253.3	264.6	4.44	224.0
33.659	0.162	fixation	n/a	260.0	259.3	2556.0	n/a	n/a	n/a	n/a
33.823	0.028	saccade	n/a	265.8	262.5	n/a	352.0	257.6	3.34	162.0
33.853	0.208	fixation	n/a	361.6	259.0	2515.0	n/a	n/a	n/a	n/a
34.063	0.028	saccade	n/a	363.8	259.1	n/a	441.7	259.4	3.03	151.0
34.093	0.544	fixation	n/a	448.2	257.6	2475.0	n/a	n/a	n/a	n/a
34.639	0.026	saccade	n/a	439.5	254.0	n/a	500.3	260.5	2.37	132.0
34.667	0.138	fixation	n/a	512.3	262.3	2455.0	n/a	n/a	n/a	n/a
34.807	0.026	saccade	n/a	515.7	263.1	n/a	584.8	268.0	2.67	132.0
34.835	0.246	fixation	n/a	598.4	266.0	2499.0	n/a	n/a	n/a	n/a
35.083	0.074	saccade	n/a	599.4	264.1	n/a	156.5	326.0	16.98	392.0
35.159	0.132	fixation	n/a	154.0	324.8	2617.0	n/a	n/a	n/a	n/a
35.293	0.018	saccade	n/a	148.5	327.9	n/a	118.1	330.1	1.14	82.0
35.313	0.376	fixation	n/a	115.8	330.7	2581.0	n/a	n/a	n/a	n/a
35.691	0.348	saccade	n/a	105.7	329.5	n/a	133.8	370.2	1.88	952.0
35.735	0.226	blink	n/a	n/a	n/a	n/a	n/a	n/a	n/a	n/a
36.041	0.344	fixation	n/a	115.1	316.0	2667.0	n/a	n/a	n/a	n/a
36.387	0.036	saccade	n/a	111.4	314.4	n/a	114.6	167.7	5.67	259.0
36.425	0.392	fixation	n/a	133.8	166.5	2543.0	n/a	n/a	n/a	n/a
36.498	0.0	trigger_11	11	n/a	n/a	n/a	n/a	n/a	n/a	n/a
36.604	0.0	trigger_10	10	n/a	n/a	n/a	n/a	n/a	n/a	n/a
36.819	0.022	saccade	n/a	137.5	162.4	n/a	172.6	158.3	1.33	81.0
36.843	0.156	fixation	n/a	174.6	158.8	2584.0	n/a	n/a	n/a	n/a
37.001	0.028	saccade	n/a	179.8	159.3	n/a	260.5	152.7	3.1	154.0
37.031	0.45	fixation	n/a	271.4	153.0	2586.0	n/a	n/a	n/a	n/a
37.483	0.022	saccade	n/a	273.4	150.4	n/a	313.4	146.0	1.55	96.0
37.507	0.142	fixation	n/a	322.6	150.9	2499.0	n/a	n/a	n/a	n/a
37.651	0.034	saccade	n/a	325.2	151.9	n/a	437.9	150.2	4.37	181.0
37.687	0.202	fixation	n/a	446.5	150.6	2487.0	n/a	n/a	n/a	n/a
37.891	0.028	saccade	n/a	450.3	147.5	n/a	534.1	150.3	3.24	158.0
37.921	0.486	fixation	n/a	555.3	155.9	2625.0	n/a	n/a	n/a	n/a
38.409	0.02	saccade	n/a	570.0	158.3	n/a	601.2	162.6	1.21	83.0
38.431	0.11	fixation	n/a	600.7	159.7	2707.0	n/a	n/a	n/a	n/a
38.543	0.064	saccade	n/a	599.8	160.6	n/a	176.7	183.2	16.14	437.0
38.609	0.128	fixation	n/a	174.0	183.4	2798.0	n/a	n/a	n/a	n/a
38.739	0.018	saccade	n/a	170.9	184.1	n/a	143.2	188.7	1.06	77.0
38.759	0.278	fixation	n/a	145.1	187.1	2764.0	n/a	n/a	n/a	n/a
39.039	0.034	saccade	n/a	146.8	187.9	n/a	255.3	188.9	4.13	162.0
39.075	0.166	fixation	n/a	260.8	188.3	2716.0	n/a	n/a	n/a	n/a
39.243	0.022	saccade	n/a	257.7	187.5	n/a	220.8	188.2	1.42	85.0
39.267	0.55	fixation	n/a	206.8	187.7	2678.0	n/a	n/a	n/a	n/a
39.819	0.2	saccade	n/a	199.0	186.1	n/a	212.0	202.1	0.8	2187.0
39.857	0.116	blink	n/a	n/a	n/a	n/a	n/a	n/a	n/a	n/a
40.021	0.8	fixation	n/a	206.3	188.6	2710.0	n/a	n/a	n/a	n/a
40.823	0.016	saccade	n/a	199.2	189.6	n/a	179.4	189.7	0.75	57.0
40.841	0.262	fixation	n/a	183.7	189.2	2720.0	n/a	n/a	n/a	n/a
41.105	0.014	saccade	n/a	188.6	187.9	n/a	203.6	189.1	0.57	48.0
41.121	0.65	fixation	n/a	208.6	187.3	2731.0	n/a	n/a	n/a	n/a
41.773	0.022	saccade	n/a	229.3	184.8	n/a	266.6	187.2	1.43	81.0
41.797	0.184	fixation	n/a	278.5	189.4	2665.0	n/a	n/a	n/a	n/a
41.983	0.026	saccade	n/a	285.1	189.7	n/a	346.4	190.6	2.36	112.0
42.011	0.118	fixation	n/a	362.8	190.1	2614.0	n/a	n/a	n/a	n/a
42.131	0.248	saccade	n/a	365.4	190.3	n/a	224.5	214.0	5.5	1033.0
42.161	0.172	blink	n/a	n/a	n/a	n/a	n/a	n/a	n/a	n/a
42.381	0.188	fixation	n/a	228.2	199.2	2550.0	n/a	n/a	n/a	n/a
42.571	0.016	saccade	n/a	229.2	201.3	n/a	209.2	196.9	0.78	60.0
42.589	0.184	fixation	n/a	212.6	194.9	2605.0	n/a	n/a	n/a	n/a
42.775	0.03	saccade	n/a	214.7	193.6	n/a	307.0	195.0	3.54	165.0
42.807	0.202	fixation	n/a	322.8	195.4	2581.0	n/a	n/a	n/a	n/a
43.011	0.02	saccade	n/a	319.7	194.4	n/a	287.0	193.6	1.26	85.0
43.033	0.17	fixation	n/a	291.0	194.2	2612.0	n/a	n/a	n/a	n/a
43.205	0.024	saccade	n/a	294.4	195.8	n/a	344.5	195.8	1.94	110.0
43.231	0.164	fixation	n/a	350.6	196.8	2616.0	n/a	n/a	n/a	n/a
43.397	0.03	saccade	n/a	354.4	194.0	n/a	429.3	199.7	2.92	115.0
43.429	0.128	fixation	n/a	433.1	197.3	2624.0	n/a	n/a	n/a	n/a
43.559	0.028	saccade	n/a	434.1	196.5	n/a	526.5	197.0	3.57	189.0
43.589	0.518	fixation	n/a	528.8	192.5	2572.0	n/a	n/a	n/a	n/a
44.109	0.022	saccade	n/a	526.0	194.4	n/a	563.0	198.1	1.43	86.0
44.133	0.088	fixation	n/a	567.1	196.9	2487.0	n/a	n/a	n/a	n/a
44.223	0.026	saccade	n/a	568.4	195.4	n/a	635.0	198.7	2.55	142.0
44.251	0.124	fixation	n/a	641.7	198.3	2475.0	n/a	n/a	n/a	n/a
44.377	0.02	saccade	n/a	643.8	200.0	n/a	671.3	201.6	1.04	62.0
44.399	0.136	fixation	n/a	686.2	198.9	2472.0	n/a	n/a	n/a	n/a
44.537	0.086	saccade	n/a	685.5	199.5	n/a	139.1	248.3	20.59	411.0
44.625	0.36	fixation	n/a	141.7	245.2	2430.0	n/a	n/a	n/a	n/a
44.987	0.03	saccade	n/a	143.1	243.1	n/a	221.4	253.6	2.99	124.0
45.019	0.18	fixation	n/a	234.6	256.1	2349.0	n/a	n/a	n/a	n/a
45.201	0.026	saccade	n/a	238.0	257.2	n/a	296.7	262.8	2.26	122.0
45.229	0.128	fixation	n/a	301.8	261.3	2358.0	n/a	n/a	n/a	n/a
45.359	0.236	saccade	n/a	302.0	263.0	n/a	338.5	251.0	1.49	1260.0
45.385	0.172	blink	n/a	n/a	n/a	n/a	n/a	n/a	n/a	n/a
45.597	0.184	fixation	n/a	384.9	246.5	2350.0	n/a	n/a	n/a	n/a
45.783	0.032	saccade	n/a	387.4	248.1	n/a	277.8	250.4	4.23	184.0
45.817	0.3	fixation	n/a	272.3	255.7	2384.0	n/a	n/a	n/a	n/a
46.119	0.028	saccade	n/a	276.1	259.2	n/a	369.9	269.9	3.65	186.0
46.149	0.252	fixation	n/a	402.0	267.5	2304.0	n/a	n/a	n/a	n/a
46.403	0.034	saccade	n/a	405.9	264.2	n/a	519.6	261.6	4.4	170.0
46.439	0.19	fixation	n/a	527.4	260.2	2288.0	n/a	n/a	n/a	n/a
46.631	0.04	saccade	n/a	526.1	261.1	n/a	375.0	259.5	5.85	250.0
46.673	0.148	fixation	n/a	375.4	261.7	2419.0	n/a	n/a	n/a	n/a
46.823	0.024	saccade	n/a	373.1	261.4	n/a	324.3	264.0	1.89	125.0
46.849	0.164	fixation	n/a	329.0	266.1	2496.0	n/a	n/a	n/a	n/a
47.015	0.022	saccade	n/a	325.1	267.4	n/a	280.3	258.0	1.77	118.0
47.039	0.2	fixation	n/a	285.1	259.1	2574.0	n/a	n/a	n/a	n/a
47.241	0.024	saccade	n/a	287.2	259.9	n/a	339.2	263.9	2.02	108.0
47.267	0.228	fixation	n/a	341.8	262.8	2592.0	n/a	n/a	n/a	n/a
47.497	0.04	saccade	n/a	342.3	262.2	n/a	488.9	266.0	5.68	198.0
47.539	0.12	fixation	n/a	504.2	266.2	2570.0	n/a	n/a	n/a	n/a
47.661	0.026	saccade	n/a	509.0	266.6	n/a	576.1	270.8	2.59	142.0
47.689	0.144	fixation	n/a	583.0	272.4	2562.0	n/a	n/a	n/a	n/a
47.835	0.066	saccade	n/a	584.0	273.7	n/a	164.9	335.9	16.09	416.0
47.903	0.35	fixation	n/a	162.0	346.6	2604.0	n/a	n/a	n/a	n/a
48.255	0.024	saccade	n/a	166.1	349.6	n/a	227.5	345.4	2.33	140.0
48.281	0.226	fixation	n/a	238.6	349.8	2544.0	n/a	n/a	n/a	n/a
48.509	0.026	saccade	n/a	241.9	351.5	n/a	319.1	354.5	2.96	156.0
48.537	0.202	fixation	n/a	326.1	352.3	2535.0	n/a	n/a	n/a	n/a
48.741	0.028	saccade	n/a	329.6	353.0	n/a	393.0	352.8	2.45	118.0
48.771	0.174	fixation	n/a	403.6	352.1	2522.0	n/a	n/a	n/a	n/a
48.947	0.024	saccade	n/a	404.5	352.0	n/a	463.9	353.3	2.29	129.0
48.973	0.16	fixation	n/a	471.5	352.8	2490.0	n/a	n/a	n/a	n/a
49.135	0.032	saccade	n/a	475.3	352.9	n/a	559.5	352.9	3.24	156.0
49.169	0.18	fixation	n/a	562.1	352.9	2469.0	n/a	n/a	n/a	n/a
49.351	0.018	saccade	n/a	569.2	350.3	n/a	592.7	352.7	0.9	65.0
49.371	0.158	fixation	n/a	591.8	348.6	2447.0	n/a	n/a	n/a	n/a
49.531	0.018	saccade	n/a	596.5	348.4	n/a	619.9	353.9	0.92	65.0
49.551	0.104	fixation	n/a	622.5	353.5	2444.0	n/a	n/a	n/a	n/a
49.657	0.066	saccade	n/a	622.1	354.3	n/a	184.9	419.9	16.72	424.0
49.725	0.13	fixation	n/a	173.7	425.8	2570.0	n/a	n/a	n/a	n/a
49.857	0.02	saccade	n/a	171.3	428.7	n/a	138.3	428.9	1.23	83.0
49.879	0.138	fixation	n/a	143.3	430.5	2590.0	n/a	n/a	n/a	n/a
50.019	0.238	saccade	n/a	139.7	430.4	n/a	200.2	432.8	2.27	1610.0
50.057	0.14	blink	n/a	n/a	n/a	n/a	n/a	n/a	n/a	n/a
50.259	0.172	fixation	n/a	202.0	431.8	2706.0	n/a	n/a	n/a	n/a
50.433	0.032	saccade	n/a	202.0	436.5	n/a	295.1	427.7	3.54	192.0
50.467	0.182	fixation	n/a	298.1	427.6	2695.0	n/a	n/a	n/a	n/a
50.651	0.032	saccade	n/a	296.1	431.8	n/a	390.5	423.1	3.64	210.0
50.685	0.282	fixation	n/a	393.9	422.3	2578.0	n/a	n/a	n/a	n/a
50.969	0.028	saccade	n/a	396.8	424.7	n/a	472.4	426.1	2.91	137.0
50.999	0.158	fixation	n/a	476.5	423.3	2593.0	n/a	n/a	n/a	n/a
51.159	0.02	saccade	n/a	478.5	425.3	n/a	523.1	429.4	1.72	118.0
51.181	0.184	fixation	n/a	530.6	430.2	2608.0	n/a	n/a	n/a	n/a
51.367	0.036	saccade	n/a	532.1	432.3	n/a	391.8	433.1	5.39	278.0
51.405	0.178	fixation	n/a	391.2	435.2	2630.0	n/a	n/a	n/a	n/a
51.585	0.044	saccade	n/a	392.8	434.1	n/a	572.5	438.5	6.87	268.0
51.631	0.12	fixation	n/a	573.1	433.6	2595.0	n/a	n/a	n/a	n/a
51.753	0.07	saccade	n/a	571.8	429.5	n/a	170.9	147.3	18.71	465.0
51.825	0.498	fixation	n/a	173.4	154.2	2626.0	n/a	n/a	n/a	n/a
52.004	0.0	trigger_11	11	n/a	n/a	n/a	n/a	n/a	n/a	n/a
52.108	0.0	trigger_10	10	n/a	n/a	n/a	n/a	n/a	n/a	n/a
52.325	0.026	saccade	n/a	176.1	153.9	n/a	236.0	147.4	2.29	137.0
52.353	0.29	fixation	n/a	240.1	145.8	2610.0	n/a	n/a	n/a	n/a
52.645	0.026	saccade	n/a	240.2	146.7	n/a	168.3	152.7	2.74	150.0
52.673	0.126	fixation	n/a	166.8	154.4	2629.0	n/a	n/a	n/a	n/a
52.801	0.048	saccade	n/a	167.4	153.8	n/a	358.1	149.0	7.29	276.0
52.851	0.158	fixation	n/a	363.2	151.6	2685.0	n/a	n/a	n/a	n/a
53.011	0.034	saccade	n/a	365.2	154.9	n/a	473.2	152.2	4.19	248.0
53.047	0.298	fixation	n/a	475.2	150.4	2697.0	n/a	n/a	n/a	n/a
53.347	0.032	saccade	n/a	479.4	151.0	n/a	568.3	162.2	3.46	193.0
53.381	0.174	fixation	n/a	567.6	163.1	2706.0	n/a	n/a	n/a	n/a
53.557	0.018	saccade	n/a	571.6	164.3	n/a	597.5	166.9	1.0	69.0
53.577	0.112	fixation	n/a	601.1	169.4	2744.0	n/a	n/a	n/a	n/a
53.691	0.06	saccade	n/a	602.2	170.2	n/a	191.9	198.6	15.7	510.0
53.753	0.114	fixation	n/a	192.0	199.3	2858.0	n/a	n/a	n/a	n/a
53.869	0.024	saccade	n/a	191.6	202.1	n/a	137.9	199.8	2.03	137.0
53.895	0.13	fixation	n/a	137.7	200.1	2897.0	n/a	n/a	n/a	n/a
54.027	0.018	saccade	n/a	131.1	199.2	n/a	105.4	195.9	0.97	73.0
54.047	0.096	fixation	n/a	110.0	194.9	2896.0	n/a	n/a	n/a	n/a
54.145	0.184	saccade	n/a	111.0	193.8	n/a	214.6	188.0	3.91	1135.0
54.177	0.106	blink	n/a	n/a	n/a	n/a	n/a	n/a	n/a	n/a
54.331	0.164	fixation	n/a	215.2	193.7	2891.0	n/a	n/a	n/a	n/a
54.497	0.03	saccade	n/a	217.5	196.4	n/a	282.9	196.7	2.51	152.0
54.529	0.25	fixation	n/a	283.1	200.2	2952.0	n/a	n/a	n/a	n/a
54.781	0.03	saccade	n/a	285.8	201.5	n/a	352.5	204.7	2.58	154.0
54.813	0.42	fixation	n/a	348.6	206.3	2912.0	n/a	n/a	n/a	n/a
55.235	0.036	saccade	n/a	344.8	210.0	n/a	464.2	213.8	4.63	226.0
55.273	0.274	fixation	n/a	466.5	213.4	2882.0	n/a	n/a	n/a	n/a
55.549	0.028	saccade	n/a	470.6	213.0	n/a	554.9	213.9	3.26	164.0
55.579	0.188	fixation	n/a	563.0	215.0	2905.0	n/a	n/a	n/a	n/a
55.769	0.036	saccade	n/a	562.0	215.0	n/a	420.2	205.2	5.5	276.0
55.807	0.276	fixation	n/a	428.9	205.0	2978.0	n/a	n/a	n/a	n/a
56.085	0.026	saccade	n/a	431.7	207.5	n/a	486.4	211.6	2.13	130.0
56.113	0.316	fixation	n/a	484.2	209.0	3000.0	n/a	n/a	n/a	n/a
56.431	0.206	saccade	n/a	498.1	218.7	n/a	479.6	189.8	1.34	2600.0
56.459	0.122	blink	n/a	n/a	n/a	n/a	n/a	n/a	n/a	n/a
56.639	0.216	fixation	n/a	477.6	189.4	2890.0	n/a	n/a	n/a	n/a
56.857	0.016	saccade	n/a	481.4	193.7	n/a	497.6	204.0	0.75	58.0
56.875	0.338	fixation	n/a	495.1	203.1	2902.0	n/a	n/a	n/a	n/a
57.215	0.024	saccade	n/a	495.3	204.0	n/a	552.3	212.0	2.22	134.0
57.241	0.236	fixation	n/a	556.7	210.3	2878.0	n/a	n/a	n/a	n/a
57.479	0.022	saccade	n/a	558.1	212.3	n/a	608.5	219.6	1.95	124.0
57.503	0.154	fixation	n/a	613.2	218.8	2875.0	n/a	n/a	n/a	n/a
57.659	0.02	saccade	n/a	616.4	218.9	n/a	644.4	221.6	1.07	72.0
57.681	0.082	fixation	n/a	646.1	221.4	2871.0	n/a	n/a	n/a	n/a
57.765	0.066	saccade	n/a	645.5	221.2	n/a	175.1	237.1	17.86	515.0
57.833	0.112	fixation	n/a	170.7	232.4	2979.0	n/a	n/a	n/a	n/a
57.947	0.022	saccade	n/a	165.3	231.2	n/a	122.7	239.5	1.63	111.0
57.971	0.252	fixation	n/a	126.8	238.7	2964.0	n/a	n/a	n/a	n/a
58.225	0.026	saccade	n/a	130.8	240.8	n/a	201.8	241.7	2.68	146.0
58.253	0.208	fixation	n/a	208.8	244.1	2946.0	n/a	n/a	n/a	n/a
58.463	0.018	saccade	n/a	207.2	245.4	n/a	185.5	242.4	0.83	61.0
58.483	0.258	fixation	n/a	187.1	241.0	2952.0	n/a	n/a	n/a	n/a
58.743	0.032	saccade	n/a	187.9	242.3	n/a	283.0	261.2	3.7	215.0
58.777	0.236	fixation	n/a	284.6	263.2	2956.0	n/a	n/a	n/a	n/a
59.015	0.03	saccade	n/a	287.4	266.0	n/a	368.4	278.8	3.17	195.0
59.047	0.176	fixation	n/a	370.2	274.9	2946.0	n/a	n/a	n/a	n/a
59.225	0.024	saccade	n/a	373.4	276.0	n/a	437.2	282.5	2.49	147.0
59.251	0.17	fixation	n/a	451.2	284.5	2913.0	n/a	n/a	n/a	n/a
59.423	0.04	saccade	n/a	454.6	282.4	n/a	285.0	252.4	6.65	305.0
59.465	0.206	fixation	n/a	285.8	253.2	2909.0	n/a	n/a	n/a	n/a
59.673	0.026	saccade	n/a	284.2	250.9	n/a	280.0	192.6	2.29	151.0
59.701	0.298	fixation	n/a	282.2	195.8	2921.0	n/a	n/a	n/a	n/a
60.001	0.032	saccade	n/a	284.6	196.1	n/a	352.7	144.9	3.31	129.0
60.035	0.224	fixation	n/a	359.0	142.0	2921.0	n/a	n/a	n/a	n/a
60.261	0.076	saccade	n/a	358.1	141.7	n/a	541.2	142.8	7.06	244.0
60.339	0.116	fixation	n/a	541.2	144.3	2840.0	n/a	n/a	n/a	n/a
60.457	0.022	saccade	n/a	545.2	146.5	n/a	586.2	155.3	1.61	106.0
60.481	0.07	fixation	n/a	585.5	155.8	2838.0	n/a	n/a	n/a	n/a
60.553	0.182	saccade	n/a	585.7	157.9	n/a	310.3	153.3	10.61	2831.0
60.581	0.078	blink	n/a	n/a	n/a	n/a	n/a	n/a	n/a	n/a
60.737	0.184	fixation	n/a	307.8	159.3	2839.0	n/a	n/a	n/a	n/a
60.923	0.014	saccade	n/a	302.8	157.4	n/a	288.6	150.2	0.61	52.0
60.939	0.152	fixation	n/a	287.6	152.6	2877.0	n/a	n/a	n/a	n/a
61.093	0.026	saccade	n/a	286.9	152.5	n/a	236.7	149.3	1.93	124.0
61.121	0.152	fixation	n/a	242.7	147.6	2825.0	n/a	n/a	n/a	n/a
61.275	0.046	saccade	n/a	242.6	146.7	n/a	433.6	144.8	7.36	309.0
61.323	0.202	fixation	n/a	437.5	144.4	2807.0	n/a	n/a	n/a	n/a
61.527	0.034	saccade	n/a	437.4	142.8	n/a	341.1	199.7	4.35	232.0
61.563	0.134	fixation	n/a	339.6	196.5	2844.0	n/a	n/a	n/a	n/a
61.699	0.024	saccade	n/a	335.0	199.5	n/a	286.6	202.4	1.87	118.0
61.725	0.122	fixation	n/a	288.4	205.3	2834.0	n/a	n/a	n/a	n/a
61.849	0.032	saccade	n/a	288.4	208.4	n/a	395.8	282.2	5.07	272.0
61.883	0.16	fixation	n/a	414.6	283.3	2784.0	n/a	n/a	n/a	n/a
62.045	0.05	saccade	n/a	417.4	282.0	n/a	189.6	139.0	10.36	390.0
62.097	0.132	fixation	n/a	192.8	135.5	2752.0	n/a	n/a	n/a	n/a
62.196	0.0	trigger_11	11	n/a	n/a	n/a	n/a	n/a	n/a	n/a
62.231	0.02	saccade	n/a	188.3	136.8	n/a	156.3	135.1	1.21	84.0
62.253	0.352	fixation	n/a	162.1	140.1	2658.0	n/a	n/a	n/a	n/a
62.3	0.0	trigger_10	10	n/a	n/a	n/a	n/a	n/a	n/a	n/a
62.607	0.024	saccade	n/a	164.2	139.4	n/a	218.0	136.9	2.04	125.0
62.633	0.12	fixation	n/a	218.8	135.2	2678.0	n/a	n/a	n/a	n/a
62.755	0.174	saccade	n/a	222.1	130.3	n/a	240.3	137.8	0.75	2198.0
62.783	0.102	blink	n/a	n/a	n/a	n/a	n/a	n/a	n/a	n/a
62.931	0.124	fixation	n/a	242.7	134.9	2633.0	n/a	n/a	n/a	n/a
63.057	0.03	saccade	n/a	243.5	137.1	n/a	322.9	140.5	3.05	193.0
63.089	0.434	fixation	n/a	322.6	138.2	2733.0	n/a	n/a	n/a	n/a
63.525	0.026	saccade	n/a	327.5	135.9	n/a	398.3	133.2	2.74	142.0
63.553	0.202	fixation	n/a	401.8	132.3	2761.0	n/a	n/a	n/a	n/a
63.757	0.028	saccade	n/a	403.4	132.0	n/a	461.7	135.6	2.26	140.0
63.787	0.18	fixation	n/a	461.9	136.5	2793.0	n/a	n/a	n/a	n/a
63.969	0.022	saccade	n/a	465.0	136.5	n/a	505.1	142.0	1.57	97.0
63.993	0.128	fixation	n/a	504.7	140.4	2819.0	n/a	n/a	n/a	n/a
64.123	0.024	saccade	n/a	507.9	138.2	n/a	565.2	143.6	2.21	128.0
64.149	0.134	fixation	n/a	571.9	145.2	2797.0	n/a	n/a	n/a	n/a
64.285	0.064	saccade	n/a	572.2	146.8	n/a	160.7	176.3	15.69	463.0
64.351	0.314	fixation	n/a	155.3	175.1	2865.0	n/a	n/a	n/a	n/a
64.667	0.034	saccade	n/a	154.3	174.3	n/a	257.3	177.4	3.91	200.0
64.703	0.164	fixation	n/a	257.0	177.0	2836.0	n/a	n/a	n/a	n/a
64.869	0.03	saccade	n/a	258.7	177.4	n/a	344.3	179.2	3.31	192.0
64.901	0.15	fixation	n/a	344.7	179.7	2837.0	n/a	n/a	n/a	n/a
65.053	0.03	saccade	n/a	347.3	177.8	n/a	426.6	183.7	3.08	176.0
65.085	0.146	fixation	n/a	425.8	185.1	2860.0	n/a	n/a	n/a	n/a
65.233	0.022	saccade	n/a	429.6	185.8	n/a	474.6	191.2	1.76	107.0
65.257	0.202	fixation	n/a	475.0	191.2	2850.0	n/a	n/a	n/a	n/a
65.461	0.028	saccade	n/a	474.7	189.5	n/a	408.8	184.5	2.56	151.0
65.491	0.196	fixation	n/a	411.0	184.8	2856.0	n/a	n/a	n/a	n/a
65.689	0.05	saccade	n/a	410.3	181.2	n/a	181.4	145.3	8.86	338.0
65.741	0.108	fixation	n/a	181.0	142.3	2880.0	n/a	n/a	n/a	n/a
65.851	0.212	saccade	n/a	182.4	137.6	n/a	135.3	143.2	1.78	1854.0
65.881	0.116	blink	n/a	n/a	n/a	n/a	n/a	n/a	n/a	n/a
66.065	0.444	fixation	n/a	127.9	148.7	2871.0	n/a	n/a	n/a	n/a
66.214	0.0	trigger_11	11	n/a	n/a	n/a	n/a	n/a	n/a	n/a
66.316	0.0	trigger_12	12	n/a	n/a	n/a	n/a	n/a	n/a	n/a
66.511	0.022	saccade	n/a	128.7	148.1	n/a	179.8	145.9	1.92	120.0
66.535	0.176	fixation	n/a	181.7	143.1	2886.0	n/a	n/a	n/a	n/a
66.713	0.034	saccade	n/a	187.0	143.5	n/a	299.1	137.6	4.28	216.0
66.749	0.2	fixation	n/a	300.5	136.8	2857.0	n/a	n/a	n/a	n/a
66.951	0.016	saccade	n/a	298.9	135.1	n/a	281.1	135.7	0.69	53.0
66.969	0.654	fixation	n/a	281.7	133.6	2838.0	n/a	n/a	n/a	n/a
67.625	0.2	saccade	n/a	277.3	126.8	n/a	266.6	139.9	0.66	2177.0
67.657	0.122	blink	n/a	n/a	n/a	n/a	n/a	n/a	n/a	n/a
67.827	0.36	fixation	n/a	250.9	137.8	2921.0	n/a	n/a	n/a	n/a
68.189	0.02	saccade	n/a	250.2	137.5	n/a	278.7	138.3	1.09	76.0
68.211	0.696	fixation	n/a	273.8	135.9	2932.0	n/a	n/a	n/a	n/a
68.909	0.016	saccade	n/a	275.3	135.0	n/a	293.1	136.8	0.69	52.0
68.927	0.632	fixation	n/a	291.6	131.6	2952.0	n/a	n/a	n/a	n/a
69.561	0.184	saccade	n/a	286.4	122.9	n/a	309.3	137.2	1.04	1856.0
69.597	0.104	blink	n/a	n/a	n/a	n/a	n/a	n/a	n/a	n/a
69.747	0.164	fixation	n/a	309.3	133.6	2887.0	n/a	n/a	n/a	n/a
69.913	0.018	saccade	n/a	304.8	132.4	n/a	277.0	131.6	1.07	77.0
69.933	0.162	fixation	n/a	282.7	131.2	2913.0	n/a	n/a	n/a	n/a
70.097	0.034	saccade	n/a	286.0	130.6	n/a	387.9	131.1	3.93	190.0
70.133	0.174	fixation	n/a	391.6	131.0	2807.0	n/a	n/a	n/a	n/a
70.309	0.032	saccade	n/a	395.2	133.5	n/a	494.5	132.1	3.85	189.0
70.343	0.158	fixation	n/a	496.0	130.5	2748.0	n/a	n/a	n/a	n/a
70.503	0.024	saccade	n/a	498.7	131.2	n/a	548.8	136.9	1.94	119.0
70.529	0.1	fixation	n/a	556.0	138.4	2707.0	n/a	n/a	n/a	n/a
70.631	0.07	saccade	n/a	555.1	138.3	n/a	123.2	170.6	16.41	394.0
70.703	0.194	fixation	n/a	123.3	166.9	2721.0	n/a	n/a	n/a	n/a
70.899	0.022	saccade	n/a	119.9	165.1	n/a	101.4	133.8	1.39	98.0
70.923	0.202	fixation	n/a	120.4	134.2	2649.0	n/a	n/a	n/a	n/a
71.046	0.0	trigger_13	13	n/a	n/a	n/a	n/a	n/a	n/a	n/a
71.127	0.022	saccade	n/a	125.4	131.6	n/a	167.9	129.2	1.6	102.0
71.151	0.246	fixation	n/a	168.9	129.9	2635.0	n/a	n/a	n/a	n/a
71.399	0.026	saccade	n/a	169.4	130.4	n/a	236.5	125.4	2.55	138.0
71.427	0.202	fixation	n/a	242.2	126.1	2652.0	n/a	n/a	n/a	n/a
71.631	0.02	saccade	n/a	246.1	127.5	n/a	276.7	128.1	1.17	73.0
71.653	0.112	fixation	n/a	281.0	126.3	2642.0	n/a	n/a	n/a	n/a
71.767	0.038	saccade	n/a	280.4	127.4	n/a	139.6	176.6	5.69	276.0
71.807	0.244	fixation	n/a	137.9	170.8	2717.0	n/a	n/a	n/a	n/a
72.053	0.03	saccade	n/a	138.2	170.2	n/a	138.6	246.9	2.97	184.0
72.085	0.154	fixation	n/a	137.4	243.2	2788.0	n/a	n/a	n/a	n/a
72.241	0.02	saccade	n/a	134.8	242.3	n/a	106.8	229.2	1.16	80.0
72.263	0.26	fixation	n/a	111.5	227.7	2839.0	n/a	n/a	n/a	n/a
72.525	0.03	saccade	n/a	113.4	224.8	n/a	110.6	136.7	3.4	198.0
72.557	0.456	fixation	n/a	128.5	133.1	2799.0	n/a	n/a	n/a	n/a
72.726	0.0	trigger_15	15	n/a	n/a	n/a	n/a	n/a	n/a	n/a
72.778	0.0	trigger_10	10	n/a	n/a	n/a	n/a	n/a	n/a	n/a
73.015	0.026	saccade	n/a	132.2	136.1	n/a	195.7	128.4	2.41	132.0
73.043	0.12	fixation	n/a	199.1	128.1	2833.0	n/a	n/a	n/a	n/a
73.165	0.186	saccade	n/a	203.6	120.8	n/a	266.1	132.3	2.42	1200.0
73.203	0.102	blink	n/a	n/a	n/a	n/a	n/a	n/a	n/a	n/a
73.353	0.142	fixation	n/a	265.9	131.6	2754.0	n/a	n/a	n/a	n/a
73.497	0.026	saccade	n/a	268.7	131.5	n/a	338.4	133.3	2.69	152.0
73.525	0.32	fixation	n/a	344.8	131.2	2772.0	n/a	n/a	n/a	n/a
73.847	0.036	saccade	n/a	347.1	131.0	n/a	449.9	132.0	3.98	186.0
73.885	0.156	fixation	n/a	449.3	129.6	2723.0	n/a	n/a	n/a	n/a
74.043	0.022	saccade	n/a	451.5	129.8	n/a	487.9	132.6	1.42	92.0
74.067	0.104	fixation	n/a	494.2	131.9	2733.0	n/a	n/a	n/a	n/a
74.173	0.06	saccade	n/a	496.5	131.3	n/a	148.7	164.6	13.34	416.0
74.235	0.256	fixation	n/a	143.9	161.2	2788.0	n/a	n/a	n/a	n/a
74.493	0.02	saccade	n/a	139.4	157.6	n/a	136.2	132.5	0.97	65.0
74.515	0.294	fixation	n/a	150.1	132.7	2767.0	n/a	n/a	n/a	n/a
74.811	0.024	saccade	n/a	154.4	133.7	n/a	212.1	126.8	2.2	123.0
74.837	0.104	fixation	n/a	216.9	125.4	2765.0	n/a	n/a	n/a	n/a
74.943	0.028	saccade	n/a	217.6	127.0	n/a	151.2	131.5	2.52	147.0
74.973	0.52	fixation	n/a	154.4	132.2	2842.0	n/a	n/a	n/a	n/a
75.014	0.0	trigger_11	11	n/a	n/a	n/a	n/a	n/a	n/a	n/a
75.116	0.0	trigger_10	10	n/a	n/a	n/a	n/a	n/a	n/a	n/a
75.495	0.022	saccade	n/a	156.9	130.8	n/a	198.3	127.2	1.57	98.0
75.519	0.094	fixation	n/a	200.7	124.9	2847.0	n/a	n/a	n/a	n/a
75.615	0.198	saccade	n/a	203.7	119.4	n/a	224.8	134.2	0.99	1699.0
75.643	0.126	blink	n/a	n/a	n/a	n/a	n/a	n/a	n/a	n/a
75.815	0.642	fixation	n/a	215.1	130.7	2829.0	n/a	n/a	n/a	n/a
76.459	0.058	saccade	n/a	214.0	128.1	n/a	507.3	123.2	11.24	334.0
76.519	0.178	fixation	n/a	514.3	123.9	2786.0	n/a	n/a	n/a	n/a
76.699	0.03	saccade	n/a	516.2	121.6	n/a	601.9	136.3	3.34	174.0
76.731	0.364	fixation	n/a	605.7	139.5	2713.0	n/a	n/a	n/a	n/a
77.097	0.068	saccade	n/a	611.2	137.3	n/a	166.3	154.6	16.9	439.0
77.167	0.288	fixation	n/a	168.4	151.7	2712.0	n/a	n/a	n/a	n/a
77.457	0.026	saccade	n/a	172.3	154.2	n/a	251.3	162.9	3.03	162.0
77.485	0.306	fixation	n/a	259.9	162.5	2703.0	n/a	n/a	n/a	n/a
77.793	0.034	saccade	n/a	259.2	158.1	n/a	366.0	170.6	4.14	181.0
77.829	0.238	fixation	n/a	369.4	170.1	2696.0	n/a	n/a	n/a	n/a
78.069	0.03	saccade	n/a	373.5	175.0	n/a	454.9	182.0	3.17	179.0
78.101	0.268	fixation	n/a	458.4	179.1	2652.0	n/a	n/a	n/a	n/a
78.371	0.014	saccade	n/a	457.1	176.7	n/a	441.0	176.4	0.62	51.0
78.387	0.808	fixation	n/a	454.0	176.6	2612.0	n/a	n/a	n/a	n/a
79.197	0.03	saccade	n/a	460.5	178.3	n/a	563.2	186.6	3.98	210.0
79.229	0.19	fixation	n/a	578.5	187.6	2625.0	n/a	n/a	n/a	n/a
79.421	0.228	saccade	n/a	584.7	200.2	n/a	603.1	196.5	0.72	2130.0
79.457	0.13	blink	n/a	n/a	n/a	n/a	n/a	n/a	n/a	n/a
79.651	0.138	fixation	n/a	594.2	181.7	2621.0	n/a	n/a	n/a	n/a
79.791	0.062	saccade	n/a	594.6	179.6	n/a	181.9	128.4	15.85	418.0
79.855	0.144	fixation	n/a	180.2	130.6	2704.0	n/a	n/a	n/a	n/a
80.001	0.016	saccade	n/a	178.1	127.9	n/a	158.1	127.3	0.75	56.0
80.019	0.378	fixation	n/a	164.7	133.1	2614.0	n/a	n/a	n/a	n/a
80.038	0.0	trigger_11	11	n/a	n/a	n/a	n/a	n/a	n/a	n/a
80.146	0.0	trigger_10	10	n/a	n/a	n/a	n/a	n/a	n/a	n/a
80.399	0.03	saccade	n/a	168.0	130.7	n/a	254.6	124.1	3.3	153.0
80.431	0.266	fixation	n/a	256.4	123.5	2656.0	n/a	n/a	n/a	n/a
80.699	0.028	saccade	n/a	256.6	124.3	n/a	332.3	122.1	2.91	170.0
80.729	0.166	fixation	n/a	336.6	121.7	2660.0	n/a	n/a	n/a	n/a
80.897	0.03	saccade	n/a	340.4	121.5	n/a	439.7	120.9	3.84	195.0
80.929	0.23	fixation	n/a	451.7	119.0	2636.0	n/a	n/a	n/a	n/a
81.161	0.018	saccade	n/a	451.6	118.7	n/a	425.2	118.1	1.02	73.0
81.181	0.21	fixation	n/a	426.7	118.0	2629.0	n/a	n/a	n/a	n/a
81.393	0.018	saccade	n/a	424.5	120.8	n/a	399.9	118.9	0.96	65.0
81.413	0.23	fixation	n/a	402.3	118.2	2600.0	n/a	n/a	n/a	n/a
81.645	0.278	saccade	n/a	399.5	115.0	n/a	436.4	141.9	1.78	1931.0
81.677	0.192	blink	n/a	n/a	n/a	n/a	n/a	n/a	n/a	n/a
81.925	0.268	fixation	n/a	443.1	136.5	2565.0	n/a	n/a	n/a	n/a
82.195	0.024	saccade	n/a	449.2	135.1	n/a	506.0	138.7	2.2	129.0
82.221	0.196	fixation	n/a	511.3	140.9	2553.0	n/a	n/a	n/a	n/a
82.419	0.022	saccade	n/a	517.2	140.1	n/a	554.7	143.3	1.45	92.0
82.443	0.106	fixation	n/a	557.1	142.6	2503.0	n/a	n/a	n/a	n/a
82.551	0.03	saccade	n/a	559.9	143.0	n/a	634.2	154.1	2.87	105.0
82.583	0.142	fixation	n/a	639.8	155.1	2468.0	n/a	n/a	n/a	n/a
82.727	0.068	saccade	n/a	641.0	155.1	n/a	196.1	166.6	16.89	409.0
82.797	0.112	fixation	n/a	195.0	167.7	2532.0	n/a	n/a	n/a	n/a
82.911	0.022	saccade	n/a	192.0	167.9	n/a	150.2	173.6	1.59	104.0
82.935	0.502	fixation	n/a	148.6	173.1	2526.0	n/a	n/a	n/a	n/a
83.439	0.024	saccade	n/a	148.6	169.5	n/a	197.9	178.7	1.9	111.0
83.465	0.244	fixation	n/a	200.6	177.1	2589.0	n/a	n/a	n/a	n/a
83.711	0.028	saccade	n/a	203.5	178.5	n/a	278.9	183.3	2.89	155.0
83.741	0.184	fixation	n/a	287.5	183.4	2581.0	n/a	n/a	n/a	n/a
83.927	0.04	saccade	n/a	286.9	185.6	n/a	144.7	176.5	5.41	214.0
83.969	0.384	fixation	n/a	146.0	174.8	2672.0	n/a	n/a	n/a	n/a
84.355	0.018	saccade	n/a	140.7	171.6	n/a	116.3	171.2	0.91	65.0
84.375	0.116	fixation	n/a	119.1	170.3	2775.0	n/a	n/a	n/a	n/a
84.493	0.028	saccade	n/a	121.5	168.6	n/a	200.9	179.2	3.01	164.0
84.523	0.138	fixation	n/a	206.1	180.9	2801.0	n/a	n/a	n/a	n/a
84.663	0.186	saccade	n/a	209.0	180.8	n/a	307.2	186.8	3.77	2545.0
84.691	0.114	blink	n/a	n/a	n/a	n/a	n/a	n/a	n/a	n/a
84.851	0.142	fixation	n/a	308.0	174.4	2845.0	n/a	n/a	n/a	n/a
84.995	0.024	saccade	n/a	311.7	177.5	n/a	358.0	182.4	1.8	115.0
85.021	0.214	fixation	n/a	357.1	181.5	2863.0	n/a	n/a	n/a	n/a
85.237	0.026	saccade	n/a	355.9	182.9	n/a	292.4	176.2	2.46	142.0
85.265	0.248	fixation	n/a	292.7	178.5	2806.0	n/a	n/a	n/a	n/a
85.515	0.028	saccade	n/a	292.3	178.9	n/a	370.4	187.6	3.03	158.0
85.545	0.158	fixation	n/a	377.4	188.0	2820.0	n/a	n/a	n/a	n/a
85.705	0.03	saccade	n/a	382.0	189.1	n/a	467.4	192.3	3.31	178.0
85.737	0.19	fixation	n/a	472.2	190.1	2801.0	n/a	n/a	n/a	n/a
85.929	0.028	saccade	n/a	474.2	191.1	n/a	559.8	198.7	3.32	168.0
85.959	0.272	fixation	n/a	560.9	196.4	2763.0	n/a	n/a	n/a	n/a
86.233	0.02	saccade	n/a	563.0	195.3	n/a	594.1	198.2	1.19	81.0
86.255	0.162	fixation	n/a	593.9	199.8	2756.0	n/a	n/a	n/a	n/a
86.419	0.074	saccade	n/a	594.4	200.4	n/a	127.7	239.5	17.71	412.0
86.495	0.306	fixation	n/a	125.6	236.1	2807.0	n/a	n/a	n/a	n/a
86.803	0.028	saccade	n/a	126.6	229.9	n/a	129.5	164.7	2.52	138.0
86.833	0.586	fixation	n/a	141.6	157.1	2762.0	n/a	n/a	n/a	n/a
87.038	0.0	trigger_11	11	n/a	n/a	n/a	n/a	n/a	n/a	n/a
87.142	0.0	trigger_10	10	n/a	n/a	n/a	n/a	n/a	n/a	n/a
87.421	0.028	saccade	n/a	142.4	153.3	n/a	223.2	151.3	3.05	150.0
87.451	0.262	fixation	n/a	230.9	152.1	2748.0	n/a	n/a	n/a	n/a
87.715	0.028	saccade	n/a	235.1	151.7	n/a	325.3	155.2	3.47	178.0
87.745	0.246	fixation	n/a	336.1	152.0	2715.0	n/a	n/a	n/a	n/a
87.993	0.024	saccade	n/a	335.4	154.3	n/a	285.5	152.5	1.92	124.0
88.019	0.488	fixation	n/a	283.0	153.6	2722.0	n/a	n/a	n/a	n/a
88.509	0.028	saccade	n/a	281.5	153.2	n/a	362.1	154.3	3.11	143.0
88.539	0.126	fixation	n/a	367.5	152.9	2721.0	n/a	n/a	n/a	n/a
88.667	0.032	saccade	n/a	369.5	152.3	n/a	456.8	154.9	3.39	176.0
88.701	0.102	fixation	n/a	456.6	152.5	2732.0	n/a	n/a	n/a	n/a
88.805	0.156	saccade	n/a	460.4	151.0	n/a	469.8	166.4	0.71	3145.0
88.831	0.09	blink	n/a	n/a	n/a	n/a	n/a	n/a	n/a	n/a
88.963	0.096	fixation	n/a	467.3	165.5	2739.0	n/a	n/a	n/a	n/a
89.061	0.022	saccade	n/a	469.5	167.2	n/a	507.6	172.2	1.49	98.0
89.085	0.158	fixation	n/a	505.7	168.9	2793.0	n/a	n/a	n/a	n/a
89.245	0.026	saccade	n/a	504.1	169.3	n/a	432.3	170.9	2.78	160.0
89.273	0.224	fixation	n/a	430.9	170.7	2798.0	n/a	n/a	n/a	n/a
89.499	0.048	saccade	n/a	430.7	169.8	n/a	197.5	167.9	8.94	358.0
89.549	0.076	fixation	n/a	200.7	169.3	2797.0	n/a	n/a	n/a	n/a
89.622	0.0	trigger_11	11	n/a	n/a	n/a	n/a	n/a	n/a	n/a
89.627	0.028	saccade	n/a	197.7	170.7	n/a	139.0	167.3	2.22	157.0
89.657	0.294	fixation	n/a	144.2	169.9	2824.0	n/a	n/a	n/a	n/a
89.728	0.0	trigger_10	10	n/a	n/a	n/a	n/a	n/a	n/a	n/a
89.953	0.024	saccade	n/a	147.2	172.2	n/a	206.2	171.1	2.23	133.0
89.979	0.144	fixation	n/a	208.6	170.4	2875.0	n/a	n/a	n/a	n/a
90.125	0.028	saccade	n/a	207.6	172.8	n/a	142.4	172.1	2.47	144.0
90.155	0.22	fixation	n/a	146.0	173.2	2822.0	n/a	n/a	n/a	n/a
90.377	0.018	saccade	n/a	143.0	174.6	n/a	117.3	177.0	0.97	71.0
90.397	0.312	fixation	n/a	122.4	177.2	2772.0	n/a	n/a	n/a	n/a
90.711	0.024	saccade	n/a	125.1	175.0	n/a	174.8	175.7	1.87	110.0
90.737	0.188	fixation	n/a	179.9	174.8	2719.0	n/a	n/a	n/a	n/a
90.927	0.028	saccade	n/a	183.7	174.8	n/a	266.3	177.5	3.15	155.0
90.957	0.14	fixation	n/a	275.4	176.6	2713.0	n/a	n/a	n/a	n/a
91.099	0.214	saccade	n/a	279.3	162.3	n/a	273.7	186.1	0.95	1704.0
91.133	0.134	blink	n/a	n/a	n/a	n/a	n/a	n/a	n/a	n/a
91.315	0.132	fixation	n/a	274.4	171.4	2694.0	n/a	n/a	n/a	n/a
91.449	0.028	saccade	n/a	273.6	170.9	n/a	338.6	176.1	2.5	153.0
91.479	0.078	fixation	n/a	337.7	172.6	2745.0	n/a	n/a	n/a	n/a
91.559	0.198	saccade	n/a	342.2	166.0	n/a	347.5	173.2	0.35	1949.0
91.587	0.124	blink	n/a	n/a	n/a	n/a	n/a	n/a	n/a	n/a
91.759	0.136	fixation	n/a	346.4	159.6	2742.0	n/a	n/a	n/a	n/a
91.897	0.02	saccade	n/a	346.3	159.5	n/a	319.6	161.8	1.02	72.0
91.919	0.104	fixation	n/a	323.0	162.1	2817.0	n/a	n/a	n/a	n/a
92.025	0.174	saccade	n/a	325.9	158.5	n/a	407.4	157.7	3.13	2494.0
92.057	0.108	blink	n/a	n/a	n/a	n/a	n/a	n/a	n/a	n/a
92.201	0.578	fixation	n/a	403.5	160.1	2905.0	n/a	n/a	n/a	n/a
92.781	0.026	saccade	n/a	404.5	158.9	n/a	466.9	159.4	2.41	147.0
92.809	0.432	fixation	n/a	465.5	159.8	2828.0	n/a	n/a	n/a	n/a
93.243	0.028	saccade	n/a	462.3	157.6	n/a	521.9	163.4	2.31	133.0
93.273	0.26	fixation	n/a	518.6	165.3	2888.0	n/a	n/a	n/a	n/a
93.535	0.058	saccade	n/a	518.4	170.2	n/a	176.2	194.9	13.1	432.0
93.595	0.118	fixation	n/a	179.8	194.2	3065.0	n/a	n/a	n/a	n/a
93.715	0.024	saccade	n/a	177.2	196.3	n/a	124.3	195.1	1.99	122.0
93.741	0.302	fixation	n/a	120.2	191.5	3060.0	n/a	n/a	n/a	n/a
94.045	0.034	saccade	n/a	115.3	188.9	n/a	213.4	191.8	3.69	217.0
94.081	0.22	fixation	n/a	210.4	189.3	3049.0	n/a	n/a	n/a	n/a
94.303	0.02	saccade	n/a	207.2	190.5	n/a	170.3	194.6	1.41	90.0
94.325	0.124	fixation	n/a	170.8	194.4	2996.0	n/a	n/a	n/a	n/a
94.451	0.028	saccade	n/a	167.2	191.3	n/a	121.9	158.8	2.11	136.0
94.481	0.2	fixation	n/a	134.1	165.8	2987.0	n/a	n/a	n/a	n/a
94.683	0.028	saccade	n/a	135.9	166.7	n/a	204.9	164.9	2.6	154.0
94.713	0.164	fixation	n/a	201.6	164.8	3008.0	n/a	n/a	n/a	n/a
94.879	0.02	saccade	n/a	199.4	164.9	n/a	161.6	164.9	1.43	96.0
94.896	0.0	trigger_11	11	n/a	n/a	n/a	n/a	n/a	n/a	n/a
94.901	0.28	fixation	n/a	165.8	164.8	3025.0	n/a	n/a	n/a	n/a
94.998	0.0	trigger_10	10	n/a	n/a	n/a	n/a	n/a	n/a	n/a
95.183	0.016	saccade	n/a	163.8	164.6	n/a	141.3	167.7	0.85	64.0
95.201	0.198	fixation	n/a	144.6	168.2	3010.0	n/a	n/a	n/a	n/a
95.401	0.026	saccade	n/a	145.2	164.0	n/a	219.5	166.7	2.81	156.0
95.429	0.164	fixation	n/a	226.9	168.1	2990.0	n/a	n/a	n/a	n/a
95.595	0.028	saccade	n/a	229.2	169.6	n/a	314.5	169.7	3.27	179.0
95.625	0.148	fixation	n/a	326.1	169.9	2980.0	n/a	n/a	n/a	n/a
95.775	0.026	saccade	n/a	332.6	170.7	n/a	397.0	172.5	2.49	142.0
95.803	0.074	fixation	n/a	397.3	171.6	2959.0	n/a	n/a	n/a	n/a
95.879	0.152	saccade	n/a	399.3	164.2	n/a	467.3	189.2	2.81	3270.0
95.907	0.08	blink	n/a	n/a	n/a	n/a	n/a	n/a	n/a	n/a
96.033	0.268	fixation	n/a	463.6	181.3	2904.0	n/a	n/a	n/a	n/a
96.303	0.058	saccade	n/a	462.7	182.3	n/a	129.0	212.3	12.77	414.0
96.363	0.514	fixation	n/a	121.1	208.8	2887.0	n/a	n/a	n/a	n/a
96.879	0.042	saccade	n/a	113.0	207.0	n/a	277.9	213.9	6.24	280.0
96.923	0.278	fixation	n/a	283.1	215.1	2803.0	n/a	n/a	n/a	n/a
97.203	0.02	saccade	n/a	287.6	218.8	n/a	313.9	216.4	1.02	66.0
97.225	0.152	fixation	n/a	317.4	217.4	2723.0	n/a	n/a	n/a	n/a
97.379	0.044	saccade	n/a	317.8	219.0	n/a	140.9	189.6	6.84	283.0
97.425	0.81	fixation	n/a	129.7	185.8	2708.0	n/a	n/a	n/a	n/a
97.736	0.0	trigger_11	11	n/a	n/a	n/a	n/a	n/a	n/a	n/a
97.838	0.0	trigger_10	10	n/a	n/a	n/a	n/a	n/a	n/a	n/a
98.237	0.028	saccade	n/a	131.1	187.5	n/a	214.5	190.5	3.15	149.0
98.267	0.36	fixation	n/a	225.9	192.8	2734.0	n/a	n/a	n/a	n/a
98.629	0.036	saccade	n/a	233.1	198.2	n/a	352.2	198.6	4.59	178.0
98.667	0.072	fixation	n/a	359.9	196.8	2681.0	n/a	n/a	n/a	n/a
98.741	0.2	saccade	n/a	364.3	194.0	n/a	389.1	175.4	1.21	984.0
98.771	0.114	blink	n/a	n/a	n/a	n/a	n/a	n/a	n/a	n/a
98.943	0.226	fixation	n/a	394.5	173.3	2654.0	n/a	n/a	n/a	n/a
99.171	0.018	saccade	n/a	391.7	173.4	n/a	363.8	179.4	1.1	76.0
99.191	0.164	fixation	n/a	364.9	179.6	2743.0	n/a	n/a	n/a	n/a
99.357	0.02	saccade	n/a	363.4	181.7	n/a	329.6	183.2	1.31	89.0
99.379	0.076	fixation	n/a	332.3	184.1	2706.0	n/a	n/a	n/a	n/a
99.457	0.226	saccade	n/a	333.4	182.1	n/a	461.3	180.7	4.94	1866.0
99.487	0.126	blink	n/a	n/a	n/a	n/a	n/a	n/a	n/a	n/a
99.685	0.68	fixation	n/a	460.0	181.6	2631.0	n/a	n/a	n/a	n/a
100.367	0.032	saccade	n/a	458.2	178.8	n/a	540.9	183.1	3.2	177.0
100.401	0.38	fixation	n/a	539.0	181.2	2619.0	n/a	n/a	n/a	n/a
100.783	0.062	saccade	n/a	541.3	179.3	n/a	161.0	216.0	14.5	404.0
100.847	0.12	fixation	n/a	162.4	215.6	2713.0	n/a	n/a	n/a	n/a
100.969	0.022	saccade	n/a	159.3	216.6	n/a	119.1	213.3	1.51	95.0
100.993	0.256	fixation	n/a	118.3	210.5	2693.0	n/a	n/a	n/a	n/a
101.251	0.04	saccade	n/a	118.0	208.1	n/a	249.3	221.0	4.99	210.0
101.293	0.268	fixation	n/a	253.0	218.7	2741.0	n/a	n/a	n/a	n/a
101.563	0.024	saccade	n/a	257.3	218.4	n/a	319.0	220.7	2.37	138.0
101.589	0.104	fixation	n/a	325.3	218.6	2716.0	n/a	n/a	n/a	n/a
101.695	0.204	saccade	n/a	329.3	217.8	n/a	288.3	214.0	1.58	1918.0
101.725	0.12	blink	n/a	n/a	n/a	n/a	n/a	n/a	n/a	n/a
101.901	0.108	fixation	n/a	285.8	204.1	2722.0	n/a	n/a	n/a	n/a
102.011	0.028	saccade	n/a	286.3	203.8	n/a	361.3	207.1	2.89	144.0
102.041	0.18	fixation	n/a	383.7	208.9	2731.0	n/a	n/a	n/a	n/a
102.223	0.026	saccade	n/a	388.9	210.1	n/a	451.9	216.6	2.46	128.0
102.251	0.182	fixation	n/a	462.1	214.6	2655.0	n/a	n/a	n/a	n/a
102.435	0.028	saccade	n/a	465.4	212.0	n/a	533.6	215.7	2.63	134.0
102.465	0.244	fixation	n/a	535.1	217.3	2594.0	n/a	n/a	n/a	n/a
102.711	0.02	saccade	n/a	537.4	216.8	n/a	566.8	221.6	1.14	79.0
102.733	0.136	fixation	n/a	567.4	221.9	2515.0	n/a	n/a	n/a	n/a
102.871	0.026	saccade	n/a	568.6	222.2	n/a	627.0	224.9	2.24	119.0
102.899	0.266	fixation	n/a	627.6	224.4	2488.0	n/a	n/a	n/a	n/a
103.167	0.014	saccade	n/a	621.4	223.2	n/a	605.9	220.7	0.6	49.0
103.183	0.148	fixation	n/a	606.7	219.9	2542.0	n/a	n/a	n/a	n/a
103.333	0.072	saccade	n/a	606.6	216.5	n/a	172.7	175.3	16.51	389.0
103.407	0.12	fixation	n/a	176.5	173.4	2675.0	n/a	n/a	n/a	n/a
103.529	0.022	saccade	n/a	174.8	171.3	n/a	134.8	170.0	1.5	98.0
103.553	0.396	fixation	n/a	137.5	171.6	2727.0	n/a	n/a	n/a	n/a
103.56	0.0	trigger_11	11	n/a	n/a	n/a	n/a	n/a	n/a	n/a
103.664	0.0	trigger_10	10	n/a	n/a	n/a	n/a	n/a	n/a	n/a
103.951	0.044	saccade	n/a	134.5	168.4	n/a	298.2	164.9	6.2	255.0
103.997	0.248	fixation	n/a	301.1	162.8	2764.0	n/a	n/a	n/a	n/a
104.247	0.028	saccade	n/a	306.0	160.6	n/a	380.8	161.9	2.88	161.0
104.277	0.078	fixation	n/a	380.6	161.3	2702.0	n/a	n/a	n/a	n/a
104.357	0.194	saccade	n/a	389.2	161.3	n/a	323.9	163.4	2.52	2035.0
104.385	0.12	blink	n/a	n/a	n/a	n/a	n/a	n/a	n/a	n/a
104.553	0.236	fixation	n/a	323.4	163.3	2725.0	n/a	n/a	n/a	n/a
104.791	0.034	saccade	n/a	325.6	165.9	n/a	433.4	167.1	4.16	213.0
104.827	0.18	fixation	n/a	436.5	163.6	2754.0	n/a	n/a	n/a	n/a
105.009	0.02	saccade	n/a	441.4	162.0	n/a	475.1	163.0	1.3	88.0
105.031	0.248	fixation	n/a	470.7	162.8	2700.0	n/a	n/a	n/a	n/a
105.281	0.026	saccade	n/a	469.0	166.0	n/a	394.9	157.3	2.88	152.0
105.309	0.3	fixation	n/a	388.4	158.3	2728.0	n/a	n/a	n/a	n/a
105.611	0.034	saccade	n/a	388.9	160.2	n/a	484.3	166.1	3.69	157.0
105.647	0.178	fixation	n/a	483.9	163.9	2742.0	n/a	n/a	n/a	n/a
105.827	0.016	saccade	n/a	483.2	162.8	n/a	463.5	162.4	0.76	59.0
105.845	0.404	fixation	n/a	467.8	164.7	2713.0	n/a	n/a	n/a	n/a
106.251	0.028	saccade	n/a	469.6	166.6	n/a	542.4	173.2	2.82	159.0
106.281	0.126	fixation	n/a	546.5	169.4	2641.0	n/a	n/a	n/a	n/a
106.409	0.232	saccade	n/a	548.3	167.6	n/a	578.4	176.9	1.21	3270.0
106.435	0.134	blink	n/a	n/a	n/a	n/a	n/a	n/a	n/a	n/a
106.643	0.164	fixation	n/a	576.5	176.2	2667.0	n/a	n/a	n/a	n/a
106.809	0.064	saccade	n/a	574.7	175.9	n/a	167.0	201.5	15.5	417.0
106.875	0.126	fixation	n/a	166.4	200.6	2750.0	n/a	n/a	n/a	n/a
107.003	0.02	saccade	n/a	162.1	205.1	n/a	132.5	207.1	1.12	78.0
107.025	0.186	fixation	n/a	135.6	202.6	2617.0	n/a	n/a	n/a	n/a
107.213	0.018	saccade	n/a	133.3	201.3	n/a	107.7	199.1	0.96	70.0
107.233	0.136	fixation	n/a	110.5	199.6	2592.0	n/a	n/a	n/a	n/a
107.371	0.036	saccade	n/a	111.4	200.9	n/a	249.1	205.1	5.2	270.0
107.409	0.312	fixation	n/a	253.1	207.3	2622.0	n/a	n/a	n/a	n/a
107.723	0.02	saccade	n/a	253.9	208.9	n/a	284.6	207.2	1.18	80.0
107.745	0.15	fixation	n/a	284.3	206.2	2652.0	n/a	n/a	n/a	n/a
107.897	0.016	saccade	n/a	283.3	206.9	n/a	262.4	206.3	0.8	63.0
107.915	0.142	fixation	n/a	265.0	206.3	2700.0	n/a	n/a	n/a	n/a
108.059	0.03	saccade	n/a	266.2	206.7	n/a	161.5	172.2	4.21	213.0
108.091	0.458	fixation	n/a	157.6	164.3	2756.0	n/a	n/a	n/a	n/a
108.152	0.0	trigger_11	11	n/a	n/a	n/a	n/a	n/a	n/a	n/a
108.256	0.0	trigger_10	10	n/a	n/a	n/a	n/a	n/a	n/a	n/a
108.551	0.03	saccade	n/a	159.3	167.1	n/a	253.8	158.0	3.6	200.0
108.583	0.22	fixation	n/a	257.3	158.9	2798.0	n/a	n/a	n/a	n/a
108.805	0.02	saccade	n/a	254.6	161.6	n/a	221.9	161.6	1.25	84.0
108.827	0.194	fixation	n/a	222.3	159.0	2748.0	n/a	n/a	n/a	n/a
109.023	0.036	saccade	n/a	222.6	156.8	n/a	355.0	161.7	5.07	243.0
109.061	0.154	fixation	n/a	358.6	159.8	2777.0	n/a	n/a	n/a	n/a
109.217	0.028	saccade	n/a	361.0	159.7	n/a	438.5	161.8	2.99	171.0
109.247	0.11	fixation	n/a	441.0	162.9	2794.0	n/a	n/a	n/a	n/a
109.359	0.164	saccade	n/a	440.7	163.5	n/a	457.9	159.1	0.69	2206.0
109.387	0.092	blink	n/a	n/a	n/a	n/a	n/a	n/a	n/a	n/a
109.525	0.114	fixation	n/a	456.4	161.2	2735.0	n/a	n/a	n/a	n/a
109.641	0.028	saccade	n/a	457.5	160.8	n/a	529.3	167.3	2.78	174.0
109.671	0.174	fixation	n/a	526.7	168.8	2742.0	n/a	n/a	n/a	n/a
109.847	0.022	saccade	n/a	528.1	169.8	n/a	564.3	171.5	1.39	78.0
109.871	0.144	fixation	n/a	566.8	170.1	2645.0	n/a	n/a	n/a	n/a
110.017	0.068	saccade	n/a	567.7	169.6	n/a	142.1	196.0	16.09	404.0
110.087	0.334	fixation	n/a	142.7	197.6	2591.0	n/a	n/a	n/a	n/a
110.423	0.028	saccade	n/a	142.1	198.3	n/a	230.8	204.3	3.36	175.0
110.453	0.448	fixation	n/a	246.3	205.2	2520.0	n/a	n/a	n/a	n/a
110.903	0.028	saccade	n/a	247.4	203.2	n/a	343.9	202.1	3.7	190.0
110.933	0.198	fixation	n/a	362.0	202.0	2480.0	n/a	n/a	n/a	n/a
111.133	0.028	saccade	n/a	362.4	200.4	n/a	446.5	202.9	3.25	171.0
111.163	0.198	fixation	n/a	450.5	203.3	2575.0	n/a	n/a	n/a	n/a
111.363	0.024	saccade	n/a	450.4	200.7	n/a	503.3	203.6	2.04	132.0
111.389	0.162	fixation	n/a	502.0	202.7	2611.0	n/a	n/a	n/a	n/a
111.553	0.026	saccade	n/a	504.2	203.1	n/a	570.2	210.3	2.54	140.0
111.581	0.184	fixation	n/a	579.7	211.5	2587.0	n/a	n/a	n/a	n/a
111.767	0.246	saccade	n/a	586.9	215.3	n/a	436.6	206.6	5.79	2464.0
111.807	0.15	blink	n/a	n/a	n/a	n/a	n/a	n/a	n/a	n/a
112.015	0.136	fixation	n/a	430.0	206.3	2577.0	n/a	n/a	n/a	n/a
112.153	0.024	saccade	n/a	426.8	206.9	n/a	382.6	208.3	1.71	132.0
112.179	0.256	fixation	n/a	386.8	205.8	2682.0	n/a	n/a	n/a	n/a
112.437	0.026	saccade	n/a	388.9	207.7	n/a	448.0	207.9	2.29	126.0
112.465	0.204	fixation	n/a	464.3	205.4	2619.0	n/a	n/a	n/a	n/a
112.671	0.02	saccade	n/a	469.9	204.9	n/a	503.0	206.6	1.28	80.0
112.693	0.138	fixation	n/a	509.5	206.0	2578.0	n/a	n/a	n/a	n/a
112.833	0.028	saccade	n/a	514.0	207.3	n/a	590.8	215.1	2.96	168.0
112.863	0.18	fixation	n/a	591.7	213.2	2551.0	n/a	n/a	n/a	n/a
113.045	0.022	saccade	n/a	593.2	214.7	n/a	635.3	217.8	1.61	99.0
113.069	0.08	fixation	n/a	637.4	218.7	2545.0	n/a	n/a	n/a	n/a
113.151	0.082	saccade	n/a	636.8	217.5	n/a	115.5	241.6	19.58	362.0
113.235	0.182	fixation	n/a	117.6	240.7	2634.0	n/a	n/a	n/a	n/a
113.419	0.026	saccade	n/a	115.6	236.0	n/a	96.7	179.3	2.29	135.0
113.447	0.63	fixation	n/a	121.3	174.8	2653.0	n/a	n/a	n/a	n/a
113.76	0.0	trigger_11	11	n/a	n/a	n/a	n/a	n/a	n/a	n/a
113.864	0.0	trigger_10	10	n/a	n/a	n/a	n/a	n/a	n/a	n/a
114.079	0.04	saccade	n/a	125.5	176.7	n/a	259.6	168.9	5.07	199.0
114.121	0.212	fixation	n/a	259.9	168.0	2711.0	n/a	n/a	n/a	n/a
114.335	0.018	saccade	n/a	257.8	166.0	n/a	233.1	167.4	0.94	65.0
114.355	0.268	fixation	n/a	235.0	169.3	2699.0	n/a	n/a	n/a	n/a
114.625	0.034	saccade	n/a	235.3	172.0	n/a	363.7	169.9	4.93	231.0
114.661	0.218	fixation	n/a	374.4	167.7	2659.0	n/a	n/a	n/a	n/a
114.881	0.03	saccade	n/a	376.5	167.1	n/a	472.0	166.8	3.69	187.0
114.913	0.1	fixation	n/a	487.2	165.1	2643.0	n/a	n/a	n/a	n/a
115.015	0.228	saccade	n/a	490.5	160.2	n/a	530.6	178.2	1.7	3079.0
115.043	0.136	blink	n/a	n/a	n/a	n/a	n/a	n/a	n/a	n/a
115.245	0.258	fixation	n/a	534.3	173.6	2605.0	n/a	n/a	n/a	n/a
115.505	0.06	saccade	n/a	545.7	172.9	n/a	205.9	170.7	12.95	386.0
115.567	0.348	fixation	n/a	208.9	171.4	2602.0	n/a	n/a	n/a	n/a
115.608	0.0	trigger_11	11	n/a	n/a	n/a	n/a	n/a	n/a	n/a
115.714	0.0	trigger_10	10	n/a	n/a	n/a	n/a	n/a	n/a	n/a
115.917	0.022	saccade	n/a	207.6	173.0	n/a	162.4	170.2	1.71	104.0
115.941	0.412	fixation	n/a	150.4	169.4	2632.0	n/a	n/a	n/a	n/a
116.355	0.024	saccade	n/a	147.4	167.2	n/a	206.7	167.5	2.23	133.0
116.381	0.382	fixation	n/a	211.2	167.3	2642.0	n/a	n/a	n/a	n/a
116.765	0.03	saccade	n/a	215.9	166.2	n/a	308.7	165.5	3.55	160.0
116.797	0.196	fixation	n/a	314.1	162.5	2677.0	n/a	n/a	n/a	n/a
116.995	0.032	saccade	n/a	317.3	161.6	n/a	395.9	164.1	3.03	168.0
117.029	0.144	fixation	n/a	397.8	164.2	2665.0	n/a	n/a	n/a	n/a
117.175	0.194	saccade	n/a	402.8	159.9	n/a	456.2	179.5	2.21	1335.0
117.201	0.114	blink	n/a	n/a	n/a	n/a	n/a	n/a	n/a	n/a
117.371	0.16	fixation	n/a	452.3	167.1	2596.0	n/a	n/a	n/a	n/a
117.533	0.028	saccade	n/a	451.1	167.4	n/a	521.8	170.3	2.73	124.0
117.563	0.228	fixation	n/a	538.2	174.0	2593.0	n/a	n/a	n/a	n/a
117.793	0.07	saccade	n/a	546.2	176.0	n/a	137.1	196.9	15.55	387.0
117.865	0.446	fixation	n/a	139.7	195.3	2597.0	n/a	n/a	n/a	n/a
118.313	0.04	saccade	n/a	136.2	194.7	n/a	266.9	198.7	4.95	191.0
118.355	0.312	fixation	n/a	270.6	198.0	2594.0	n/a	n/a	n/a	n/a
118.669	0.024	saccade	n/a	276.2	197.0	n/a	322.8	196.0	1.79	97.0
118.695	0.154	fixation	n/a	329.3	197.3	2576.0	n/a	n/a	n/a	n/a
118.851	0.038	saccade	n/a	334.0	200.6	n/a	447.6	200.5	4.39	145.0
118.891	0.176	fixation	n/a	460.8	198.8	2522.0	n/a	n/a	n/a	n/a
119.069	0.026	saccade	n/a	467.6	198.0	n/a	530.0	201.8	2.41	134.0
119.097	0.182	fixation	n/a	533.0	202.3	2463.0	n/a	n/a	n/a	n/a
119.281	0.034	saccade	n/a	534.2	203.1	n/a	639.9	210.2	4.04	178.0
119.317	0.132	fixation	n/a	642.7	210.9	2426.0	n/a	n/a	n/a	n/a
119.451	0.076	saccade	n/a	642.5	212.1	n/a	153.8	242.0	18.48	435.0
119.529	0.276	fixation	n/a	157.1	241.4	2491.0	n/a	n/a	n/a	n/a
119.807	0.02	saccade	n/a	148.1	242.3	n/a	117.3	237.7	1.17	76.0
119.829	0.138	fixation	n/a	118.3	235.2	2449.0	n/a	n/a	n/a	n/a
119.969	0.274	saccade	n/a	119.4	233.1	n/a	198.9	268.6	3.29	1849.0
120.001	0.202	blink	n/a	n/a	n/a	n/a	n/a	n/a	n/a	n/a
120.245	0.714	fixation	n/a	189.7	260.0	2457.0	n/a	n/a	n/a	n/a
120.961	0.018	saccade	n/a	191.9	261.7	n/a	216.4	259.0	0.94	65.0
120.981	0.354	fixation	n/a	220.3	258.1	2504.0	n/a	n/a	n/a	n/a
121.337	0.028	saccade	n/a	223.6	261.5	n/a	322.3	266.3	3.79	193.0
121.367	0.408	fixation	n/a	346.9	264.9	2527.0	n/a	n/a	n/a	n/a
121.777	0.032	saccade	n/a	349.1	265.2	n/a	458.4	268.4	4.23	198.0
121.811	0.258	fixation	n/a	464.3	269.0	2476.0	n/a	n/a	n/a	n/a
122.071	0.016	saccade	n/a	460.6	270.3	n/a	441.9	268.8	0.72	57.0
122.089	0.35	fixation	n/a	446.2	269.6	2472.0	n/a	n/a	n/a	n/a
122.441	0.02	saccade	n/a	449.3	271.8	n/a	480.8	272.2	1.22	79.0
122.463	0.16	fixation	n/a	481.8	269.7	2490.0	n/a	n/a	n/a	n/a
122.625	0.032	saccade	n/a	481.3	269.9	n/a	569.2	273.9	3.38	179.0
122.659	0.252	fixation	n/a	570.7	276.0	2491.0	n/a	n/a	n/a	n/a
122.913	0.02	saccade	n/a	572.3	275.6	n/a	607.1	277.1	1.33	89.0
122.935	0.174	fixation	n/a	607.2	274.7	2490.0	n/a	n/a	n/a	n/a
123.111	0.026	saccade	n/a	610.0	274.6	n/a	673.2	276.6	2.39	137.0
123.139	0.13	fixation	n/a	671.4	276.1	2489.0	n/a	n/a	n/a	n/a
123.271	0.08	saccade	n/a	670.7	276.8	n/a	145.3	304.5	19.71	373.0
123.353	0.296	fixation	n/a	147.4	313.3	2580.0	n/a	n/a	n/a	n/a
123.651	0.038	saccade	n/a	150.5	318.0	n/a	276.2	332.9	4.8	196.0
123.691	0.172	fixation	n/a	279.1	331.9	2522.0	n/a	n/a	n/a	n/a
123.865	0.026	saccade	n/a	280.9	331.5	n/a	339.2	331.9	2.23	114.0
123.893	0.234	fixation	n/a	350.4	334.4	2481.0	n/a	n/a	n/a	n/a
124.129	0.03	saccade	n/a	351.2	336.3	n/a	242.3	333.1	4.17	218.0
124.161	0.402	fixation	n/a	224.2	331.4	2522.0	n/a	n/a	n/a	n/a
124.565	0.048	saccade	n/a	227.2	333.1	n/a	423.1	332.1	7.51	258.0
124.615	0.14	fixation	n/a	424.3	333.7	2499.0	n/a	n/a	n/a	n/a
124.757	0.216	saccade	n/a	424.1	334.7	n/a	162.1	199.6	11.28	1392.0
124.791	0.126	blink	n/a	n/a	n/a	n/a	n/a	n/a	n/a	n/a
124.975	0.328	fixation	n/a	172.3	198.8	2608.0	n/a	n/a	n/a	n/a
125.002	0.0	trigger_11	11	n/a	n/a	n/a	n/a	n/a	n/a	n/a
125.104	0.0	trigger_10	10	n/a	n/a	n/a	n/a	n/a	n/a	n/a
125.305	0.024	saccade	n/a	172.3	197.4	n/a	126.0	196.9	1.74	100.0
125.331	0.184	fixation	n/a	126.3	196.9	2572.0	n/a	n/a	n/a	n/a
125.517	0.292	saccade	n/a	125.7	193.0	n/a	218.6	194.6	3.49	1089.0
125.545	0.216	blink	n/a	n/a	n/a	n/a	n/a	n/a	n/a	n/a
125.811	0.2	fixation	n/a	214.6	185.5	2614.0	n/a	n/a	n/a	n/a
126.013	0.282	saccade	n/a	224.5	192.2	n/a	318.6	194.4	3.6	1069.0
126.041	0.216	blink	n/a	n/a	n/a	n/a	n/a	n/a	n/a	n/a
126.297	0.168	fixation	n/a	322.2	190.8	2643.0	n/a	n/a	n/a	n/a
126.467	0.238	saccade	n/a	325.7	195.0	n/a	372.3	204.5	1.83	1964.0
126.491	0.164	blink	n/a	n/a	n/a	n/a	n/a	n/a	n/a	n/a
126.707	0.062	fixation	n/a	372.0	192.4	2539.0	n/a	n/a	n/a	n/a
126.771	0.014	saccade	n/a	377.3	193.5	n/a	396.2	190.7	0.74	61.0
126.787	0.254	fixation	n/a	396.2	189.3	2540.0	n/a	n/a	n/a	n/a
127.043	0.024	saccade	n/a	399.9	191.9	n/a	447.9	197.2	1.87	98.0
127.069	0.204	fixation	n/a	449.3	196.8	2535.0	n/a	n/a	n/a	n/a
127.275	0.02	saccade	n/a	451.1	192.5	n/a	481.3	190.4	1.17	78.0
127.297	0.136	fixation	n/a	483.5	191.7	2550.0	n/a	n/a	n/a	n/a
127.435	0.02	saccade	n/a	486.1	192.8	n/a	515.3	192.3	1.13	74.0
127.457	0.11	fixation	n/a	527.6	192.8	2600.0	n/a	n/a	n/a	n/a
127.569	0.066	saccade	n/a	529.1	194.5	n/a	153.5	229.8	14.35	370.0
127.637	0.132	fixation	n/a	153.9	229.9	2731.0	n/a	n/a	n/a	n/a
127.771	0.018	saccade	n/a	149.8	230.3	n/a	129.4	237.0	0.81	58.0
127.791	0.144	fixation	n/a	130.8	237.5	2753.0	n/a	n/a	n/a	n/a
127.937	0.222	saccade	n/a	127.8	234.4	n/a	218.6	259.9	3.56	1141.0
127.967	0.148	blink	n/a	n/a	n/a	n/a	n/a	n/a	n/a	n/a
128.161	0.19	fixation	n/a	218.5	244.1	2808.0	n/a	n/a	n/a	n/a
128.353	0.03	saccade	n/a	220.1	247.3	n/a	298.8	241.8	3.02	175.0
128.385	0.28	fixation	n/a	300.7	244.4	2812.0	n/a	n/a	n/a	n/a
128.667	0.042	saccade	n/a	302.7	245.9	n/a	432.4	244.9	5.0	206.0
128.711	0.32	fixation	n/a	433.5	243.9	2757.0	n/a	n/a	n/a	n/a
129.033	0.02	saccade	n/a	433.5	242.0	n/a	405.8	238.1	1.08	79.0
129.055	0.136	fixation	n/a	413.1	237.9	2763.0	n/a	n/a	n/a	n/a
129.193	0.034	saccade	n/a	413.4	237.8	n/a	533.5	239.5	4.64	230.0
129.229	0.182	fixation	n/a	541.6	244.3	2747.0	n/a	n/a	n/a	n/a
129.413	0.022	saccade	n/a	544.7	245.7	n/a	588.8	247.1	1.69	114.0
129.437	0.142	fixation	n/a	587.9	242.5	2766.0	n/a	n/a	n/a	n/a
129.581	0.078	saccade	n/a	588.2	241.9	n/a	132.9	291.5	17.29	408.0
129.661	0.296	fixation	n/a	130.8	290.3	2815.0	n/a	n/a	n/a	n/a
129.959	0.03	saccade	n/a	133.1	290.1	n/a	232.6	293.4	3.76	187.0
129.991	0.166	fixation	n/a	238.6	293.8	2779.0	n/a	n/a	n/a	n/a
130.159	0.028	saccade	n/a	241.5	293.6	n/a	309.7	296.9	2.62	155.0
130.189	0.316	fixation	n/a	311.1	298.2	2773.0	n/a	n/a	n/a	n/a
130.507	0.022	saccade	n/a	311.5	296.7	n/a	346.1	293.4	1.34	84.0
130.531	0.132	fixation	n/a	347.8	292.3	2794.0	n/a	n/a	n/a	n/a
130.665	0.022	saccade	n/a	352.6	293.5	n/a	402.5	297.2	1.94	121.0
130.689	0.256	fixation	n/a	403.3	295.8	2771.0	n/a	n/a	n/a	n/a
130.947	0.044	saccade	n/a	404.5	294.0	n/a	235.0	193.1	7.62	311.0
130.993	0.184	fixation	n/a	242.9	193.6	2812.0	n/a	n/a	n/a	n/a
131.05	0.0	trigger_11	11	n/a	n/a	n/a	n/a	n/a	n/a	n/a
131.154	0.0	trigger_12	12	n/a	n/a	n/a	n/a	n/a	n/a	n/a
131.179	0.026	saccade	n/a	243.1	194.6	n/a	192.2	188.5	1.95	135.0
131.207	0.174	fixation	n/a	197.2	188.4	2825.0	n/a	n/a	n/a	n/a
131.383	0.02	saccade	n/a	194.1	188.1	n/a	159.6	186.5	1.3	90.0
131.405	0.242	fixation	n/a	162.9	186.8	2856.0	n/a	n/a	n/a	n/a
131.649	0.03	saccade	n/a	162.9	184.8	n/a	260.5	185.2	3.7	185.0
131.681	0.134	fixation	n/a	266.1	187.0	2816.0	n/a	n/a	n/a	n/a
131.817	0.026	saccade	n/a	267.6	186.6	n/a	337.7	182.5	2.7	141.0
131.845	0.096	fixation	n/a	356.5	179.2	2783.0	n/a	n/a	n/a	n/a
131.943	0.232	saccade	n/a	359.4	177.7	n/a	411.1	203.2	2.23	982.0
131.973	0.146	blink	n/a	n/a	n/a	n/a	n/a	n/a	n/a	n/a
132.177	0.17	fixation	n/a	412.7	190.9	2734.0	n/a	n/a	n/a	n/a
132.349	0.018	saccade	n/a	416.6	193.6	n/a	442.6	193.8	1.01	77.0
132.369	0.404	fixation	n/a	439.8	194.6	2675.0	n/a	n/a	n/a	n/a
132.775	0.028	saccade	n/a	439.2	196.6	n/a	365.3	194.1	2.87	136.0
132.805	0.298	fixation	n/a	363.1	193.2	2639.0	n/a	n/a	n/a	n/a
132.882	0.0	trigger_13	13	n/a	n/a	n/a	n/a	n/a	n/a	n/a
133.105	0.048	saccade	n/a	364.4	191.9	n/a	143.8	213.1	8.43	316.0
133.155	0.252	fixation	n/a	143.7	209.7	2672.0	n/a	n/a	n/a	n/a
133.409	0.022	saccade	n/a	142.4	211.7	n/a	137.6	249.3	1.46	101.0
133.433	0.168	fixation	n/a	135.4	244.1	2703.0	n/a	n/a	n/a	n/a
133.603	0.026	saccade	n/a	132.7	246.9	n/a	126.9	294.8	1.85	119.0
133.631	0.158	fixation	n/a	126.7	289.6	2842.0	n/a	n/a	n/a	n/a
133.791	0.026	saccade	n/a	126.1	292.9	n/a	137.6	350.8	2.26	138.0
133.819	0.166	fixation	n/a	136.2	343.4	2985.0	n/a	n/a	n/a	n/a
133.987	0.02	saccade	n/a	131.7	342.0	n/a	101.0	334.3	1.17	83.0
134.009	0.144	fixation	n/a	108.0	337.4	2977.0	n/a	n/a	n/a	n/a
134.155	0.044	saccade	n/a	108.7	337.0	n/a	224.4	194.5	7.0	327.0
134.201	0.32	fixation	n/a	234.7	192.2	2931.0	n/a	n/a	n/a	n/a
134.523	0.052	saccade	n/a	239.4	190.3	n/a	143.7	360.5	7.5	286.0
134.577	0.172	fixation	n/a	144.0	355.8	3061.0	n/a	n/a	n/a	n/a
134.751	0.02	saccade	n/a	142.3	356.6	n/a	112.9	347.8	1.14	85.0
134.773	0.272	fixation	n/a	121.0	348.5	3042.0	n/a	n/a	n/a	n/a
134.834	0.0	trigger_15	15	n/a	n/a	n/a	n/a	n/a	n/a	n/a
134.888	0.0	trigger_10	10	n/a	n/a	n/a	n/a	n/a	n/a	n/a
135.047	0.044	saccade	n/a	121.5	346.9	n/a	177.2	185.9	6.55	335.0
135.093	0.152	fixation	n/a	185.9	191.3	2917.0	n/a	n/a	n/a	n/a
135.247	0.014	saccade	n/a	184.4	190.7	n/a	170.1	186.4	0.57	47.0
135.263	0.084	fixation	n/a	174.3	186.4	2824.0	n/a	n/a	n/a	n/a
135.349	0.016	saccade	n/a	169.8	185.0	n/a	151.2	189.1	0.72	55.0
135.367	0.118	fixation	n/a	151.4	189.1	2778.0	n/a	n/a	n/a	n/a
135.487	0.246	saccade	n/a	150.0	179.6	n/a	190.9	194.8	1.65	1068.0
135.525	0.16	blink	n/a	n/a	n/a	n/a	n/a	n/a	n/a	n/a
135.735	0.152	fixation	n/a	191.3	187.7	2767.0	n/a	n/a	n/a	n/a
135.889	0.026	saccade	n/a	191.3	190.9	n/a	273.7	192.1	3.14	172.0
135.917	0.344	fixation	n/a	279.3	198.3	2798.0	n/a	n/a	n/a	n/a
136.263	0.05	saccade	n/a	282.5	201.0	n/a	481.8	194.4	7.68	288.0
136.315	0.176	fixation	n/a	480.7	191.8	2725.0	n/a	n/a	n/a	n/a
136.493	0.032	saccade	n/a	479.3	189.0	n/a	585.1	196.0	4.07	237.0
136.527	0.164	fixation	n/a	596.0	197.1	2690.0	n/a	n/a	n/a	n/a
136.693	0.042	saccade	n/a	597.2	196.0	n/a	408.3	183.2	7.27	336.0
136.737	0.32	fixation	n/a	406.3	186.4	2681.0	n/a	n/a	n/a	n/a
137.059	0.026	saccade	n/a	401.5	186.3	n/a	464.0	191.8	2.43	140.0
137.087	0.19	fixation	n/a	463.0	189.7	2699.0	n/a	n/a	n/a	n/a
137.279	0.028	saccade	n/a	463.5	191.9	n/a	555.9	193.4	3.57	184.0
137.309	0.18	fixation	n/a	564.8	197.0	2696.0	n/a	n/a	n/a	n/a
137.491	0.024	saccade	n/a	569.6	196.3	n/a	616.7	196.1	1.8	99.0
137.517	0.118	fixation	n/a	621.5	192.5	2686.0	n/a	n/a	n/a	n/a
137.637	0.072	saccade	n/a	622.7	191.9	n/a	195.0	243.6	16.32	397.0
137.711	0.202	fixation	n/a	200.3	245.2	2729.0	n/a	n/a	n/a	n/a
137.915	0.026	saccade	n/a	199.2	246.6	n/a	137.8	242.4	2.32	135.0
137.943	0.196	fixation	n/a	132.7	243.8	2684.0	n/a	n/a	n/a	n/a
138.141	0.038	saccade	n/a	134.5	242.6	n/a	295.8	243.4	6.12	292.0
138.181	0.35	fixation	n/a	298.4	243.5	2658.0	n/a	n/a	n/a	n/a
138.533	0.03	saccade	n/a	291.6	243.3	n/a	200.1	213.5	3.68	186.0
138.565	0.324	fixation	n/a	201.1	197.5	2638.0	n/a	n/a	n/a	n/a
138.891	0.022	saccade	n/a	202.1	201.0	n/a	163.9	198.2	1.45	88.0
138.915	0.082	fixation	n/a	167.0	197.3	2624.0	n/a	n/a	n/a	n/a
138.999	0.062	saccade	n/a	168.3	195.5	n/a	434.5	196.3	10.18	254.0
139.063	0.238	fixation	n/a	435.0	194.3	2598.0	n/a	n/a	n/a	n/a
139.303	0.022	saccade	n/a	439.0	192.1	n/a	474.7	191.1	1.38	91.0
139.327	0.184	fixation	n/a	473.2	189.2	2585.0	n/a	n/a	n/a	n/a
139.513	0.04	saccade	n/a	475.2	187.4	n/a	602.3	186.1	4.87	173.0
139.555	0.166	fixation	n/a	609.2	184.9	2525.0	n/a	n/a	n/a	n/a
139.723	0.018	saccade	n/a	614.3	183.2	n/a	635.8	186.3	0.82	59.0
139.743	0.376	fixation	n/a	634.0	187.5	2514.0	n/a	n/a	n/a	n/a
139.876	0.0	trigger_11	11	n/a	n/a	n/a	n/a	n/a	n/a	n/a
139.98	0.0	trigger_10	10	n/a	n/a	n/a	n/a	n/a	n/a	n/a
140.121	0.056	saccade	n/a	632.1	184.7	n/a	264.5	179.7	14.01	441.0
140.179	0.06	fixation	n/a	265.6	181.3	2613.0	n/a	n/a	n/a	n/a
140.241	0.03	saccade	n/a	263.7	182.3	n/a	196.6	172.2	2.59	176.0
140.273	0.112	fixation	n/a	198.6	173.1	2570.0	n/a	n/a	n/a	n/a
140.387	0.022	saccade	n/a	193.9	172.2	n/a	149.8	184.4	1.73	112.0
140.411	0.072	fixation	n/a	149.5	184.9	2560.0	n/a	n/a	n/a	n/a
140.485	0.226	saccade	n/a	147.4	183.7	n/a	126.0	189.8	0.83	904.0
140.515	0.132	blink	n/a	n/a	n/a	n/a	n/a	n/a	n/a	n/a
140.713	0.418	fixation	n/a	120.9	189.7	2591.0	n/a	n/a	n/a	n/a
141.133	0.024	saccade	n/a	119.8	192.0	n/a	171.6	196.4	1.94	115.0
141.159	0.316	fixation	n/a	176.7	200.3	2601.0	n/a	n/a	n/a	n/a
141.477	0.034	saccade	n/a	178.8	199.4	n/a	297.4	193.0	4.52	223.0
141.513	0.148	fixation	n/a	302.7	193.0	2642.0	n/a	n/a	n/a	n/a
141.663	0.02	saccade	n/a	302.0	193.1	n/a	266.4	192.4	1.37	94.0
141.685	0.346	fixation	n/a	262.3	193.0	2625.0	n/a	n/a	n/a	n/a
142.033	0.024	saccade	n/a	254.1	189.9	n/a	302.7	193.3	1.87	113.0
142.059	0.158	fixation	n/a	304.4	192.2	2629.0	n/a	n/a	n/a	n/a
142.219	0.022	saccade	n/a	309.1	193.6	n/a	345.0	195.1	1.38	84.0
142.243	0.16	fixation	n/a	346.0	196.3	2609.0	n/a	n/a	n/a	n/a
142.405	0.32	saccade	n/a	348.5	198.9	n/a	387.8	203.4	1.53	1294.0
142.447	0.228	blink	n/a	n/a	n/a	n/a	n/a	n/a	n/a	n/a
142.727	0.224	fixation	n/a	386.9	189.6	2563.0	n/a	n/a	n/a	n/a
142.953	0.028	saccade	n/a	390.0	189.6	n/a	450.7	191.1	2.35	106.0
142.983	0.322	fixation	n/a	463.8	193.2	2491.0	n/a	n/a	n/a	n/a
143.307	0.028	saccade	n/a	468.9	195.2	n/a	521.1	189.5	2.03	80.0
143.337	0.068	fixation	n/a	535.0	186.9	2427.0	n/a	n/a	n/a	n/a
143.407	0.062	saccade	n/a	536.8	186.3	n/a	171.8	234.8	14.03	384.0
143.471	0.108	fixation	n/a	176.5	236.6	2511.0	n/a	n/a	n/a	n/a
143.581	0.022	saccade	n/a	177.9	239.1	n/a	136.8	241.4	1.55	95.0
143.605	0.278	fixation	n/a	133.9	243.7	2522.0	n/a	n/a	n/a	n/a
143.885	0.028	saccade	n/a	134.8	240.4	n/a	219.0	242.8	3.17	170.0
143.915	0.162	fixation	n/a	228.7	242.8	2569.0	n/a	n/a	n/a	n/a
144.079	0.022	saccade	n/a	236.1	243.5	n/a	278.9	239.8	1.64	102.0
144.103	0.162	fixation	n/a	288.6	238.8	2570.0	n/a	n/a	n/a	n/a
144.267	0.022	saccade	n/a	288.4	236.1	n/a	270.8	191.2	1.88	116.0
144.291	0.164	fixation	n/a	277.6	188.7	2583.0	n/a	n/a	n/a	n/a
144.457	0.034	saccade	n/a	274.5	188.8	n/a	142.3	184.6	5.01	247.0
144.493	0.67	fixation	n/a	151.7	189.4	2622.0	n/a	n/a	n/a	n/a
144.764	0.0	trigger_11	11	n/a	n/a	n/a	n/a	n/a	n/a	n/a
144.868	0.0	trigger_10	10	n/a	n/a	n/a	n/a	n/a	n/a	n/a
145.165	0.04	saccade	n/a	154.8	187.4	n/a	286.1	184.9	4.97	205.0
145.207	0.092	fixation	n/a	286.4	185.5	2662.0	n/a	n/a	n/a	n/a
145.301	0.25	saccade	n/a	287.2	189.0	n/a	283.1	200.8	0.49	2955.0
145.329	0.14	blink	n/a	n/a	n/a	n/a	n/a	n/a	n/a	n/a
145.553	0.18	fixation	n/a	282.0	184.3	2624.0	n/a	n/a	n/a	n/a
145.735	0.028	saccade	n/a	284.2	186.5	n/a	358.9	189.0	2.87	140.0
145.765	0.326	fixation	n/a	366.0	190.9	2621.0	n/a	n/a	n/a	n/a
146.093	0.028	saccade	n/a	356.6	186.9	n/a	262.3	182.8	3.63	188.0
146.123	0.33	fixation	n/a	245.1	186.2	2580.0	n/a	n/a	n/a	n/a
146.455	0.022	saccade	n/a	248.4	189.1	n/a	281.9	190.9	1.28	75.0
146.479	0.054	fixation	n/a	285.3	190.1	2597.0	n/a	n/a	n/a	n/a
146.535	0.29	saccade	n/a	287.4	191.0	n/a	265.2	214.7	1.26	986.0
146.563	0.21	blink	n/a	n/a	n/a	n/a	n/a	n/a	n/a	n/a
146.827	0.376	fixation	n/a	278.1	191.6	2581.0	n/a	n/a	n/a	n/a
147.205	0.022	saccade	n/a	292.8	186.9	n/a	327.3	188.0	1.33	73.0
147.229	0.13	fixation	n/a	341.3	189.0	2555.0	n/a	n/a	n/a	n/a
147.361	0.022	saccade	n/a	344.0	190.6	n/a	385.1	193.0	1.59	92.0
147.385	0.04	fixation	n/a	388.9	196.0	2538.0	n/a	n/a	n/a	n/a
147.427	0.258	saccade	n/a	390.8	199.8	n/a	390.7	202.3	0.1	1388.0
147.451	0.174	blink	n/a	n/a	n/a	n/a	n/a	n/a	n/a	n/a
147.687	0.322	fixation	n/a	397.8	178.8	2572.0	n/a	n/a	n/a	n/a
148.011	0.03	saccade	n/a	410.3	178.0	n/a	486.7	181.2	2.96	132.0
148.043	0.22	fixation	n/a	513.8	179.8	2505.0	n/a	n/a	n/a	n/a
148.265	0.03	saccade	n/a	518.5	178.4	n/a	597.7	174.7	3.03	158.0
148.297	0.272	fixation	n/a	599.4	172.8	2511.0	n/a	n/a	n/a	n/a
148.571	0.018	saccade	n/a	604.5	173.2	n/a	629.3	176.8	0.95	67.0
148.591	0.126	fixation	n/a	628.3	173.9	2527.0	n/a	n/a	n/a	n/a
148.719	0.02	saccade	n/a	632.6	172.1	n/a	666.6	180.0	1.32	85.0
148.741	0.104	fixation	n/a	669.3	178.7	2536.0	n/a	n/a	n/a	n/a
148.847	0.074	saccade	n/a	668.7	178.2	n/a	150.7	232.7	19.59	490.0
148.923	0.314	fixation	n/a	141.5	235.7	2663.0	n/a	n/a	n/a	n/a
149.239	0.032	saccade	n/a	136.2	236.3	n/a	236.0	238.6	3.77	203.0
149.273	0.216	fixation	n/a	237.9	237.7	2701.0	n/a	n/a	n/a	n/a
149.491	0.02	saccade	n/a	237.4	237.5	n/a	210.1	232.1	1.06	75.0
149.513	0.192	fixation	n/a	214.0	231.9	2770.0	n/a	n/a	n/a	n/a
149.707	0.02	saccade	n/a	215.8	232.3	n/a	250.0	233.2	1.3	90.0
149.729	0.236	fixation	n/a	247.4	235.7	2828.0	n/a	n/a	n/a	n/a
149.967	0.026	saccade	n/a	247.9	237.4	n/a	327.3	237.7	3.05	175.0
149.995	0.306	fixation	n/a	342.8	236.5	2836.0	n/a	n/a	n/a	n/a
150.303	0.024	saccade	n/a	347.3	237.3	n/a	390.7	235.8	1.68	104.0
150.329	0.18	fixation	n/a	390.7	235.5	2814.0	n/a	n/a	n/a	n/a
150.511	0.022	saccade	n/a	392.3	236.2	n/a	430.3	237.6	1.47	95.0
150.535	0.388	fixation	n/a	435.9	237.5	2777.0	n/a	n/a	n/a	n/a
150.925	0.028	saccade	n/a	439.5	235.7	n/a	516.1	233.9	2.95	134.0
150.955	0.118	fixation	n/a	521.6	236.6	2715.0	n/a	n/a	n/a	n/a
151.075	0.226	saccade	n/a	519.4	244.9	n/a	515.7	232.6	0.5	3270.0
151.101	0.14	blink	n/a	n/a	n/a	n/a	n/a	n/a	n/a	n/a
151.303	0.146	fixation	n/a	514.4	231.0	2710.0	n/a	n/a	n/a	n/a
151.451	0.016	saccade	n/a	510.1	230.7	n/a	489.2	232.7	0.81	61.0
151.469	0.172	fixation	n/a	490.0	235.6	2755.0	n/a	n/a	n/a	n/a
151.643	0.058	saccade	n/a	489.7	235.4	n/a	151.3	280.2	13.03	378.0
151.703	0.146	fixation	n/a	148.0	281.7	2757.0	n/a	n/a	n/a	n/a
151.851	0.014	saccade	n/a	143.9	285.2	n/a	128.1	290.9	0.63	51.0
151.867	0.168	fixation	n/a	129.1	292.1	2716.0	n/a	n/a	n/a	n/a
152.037	0.024	saccade	n/a	133.2	295.1	n/a	186.4	297.8	2.01	111.0
152.063	0.22	fixation	n/a	188.7	294.7	2684.0	n/a	n/a	n/a	n/a
152.285	0.024	saccade	n/a	191.2	291.8	n/a	239.3	296.8	1.84	111.0
152.311	0.312	fixation	n/a	244.3	291.6	2675.0	n/a	n/a	n/a	n/a
152.625	0.024	saccade	n/a	247.4	279.7	n/a	258.2	233.2	1.86	103.0
152.651	0.118	fixation	n/a	263.7	230.7	2648.0	n/a	n/a	n/a	n/a
152.771	0.286	saccade	n/a	267.8	230.4	n/a	226.1	275.4	2.37	950.0
152.801	0.194	blink	n/a	n/a	n/a	n/a	n/a	n/a	n/a	n/a
153.059	0.136	fixation	n/a	233.0	242.7	2661.0	n/a	n/a	n/a	n/a
153.197	0.024	saccade	n/a	234.0	239.2	n/a	235.3	203.9	1.38	67.0
153.223	0.158	fixation	n/a	241.9	209.9	2668.0	n/a	n/a	n/a	n/a
153.383	0.022	saccade	n/a	245.7	209.6	n/a	272.1	187.4	1.34	80.0
153.407	0.48	fixation	n/a	274.5	188.4	2598.0	n/a	n/a	n/a	n/a
153.596	0.0	trigger_11	11	n/a	n/a	n/a	n/a	n/a	n/a	n/a
153.698	0.0	trigger_10	10	n/a	n/a	n/a	n/a	n/a	n/a	n/a
153.889	0.026	saccade	n/a	271.7	187.5	n/a	192.6	186.0	3.01	159.0
153.917	0.176	fixation	n/a	192.4	185.3	2616.0	n/a	n/a	n/a	n/a
154.095	0.018	saccade	n/a	187.1	183.7	n/a	160.0	184.0	1.02	74.0
154.115	0.516	fixation	n/a	146.8	186.4	2647.0	n/a	n/a	n/a	n/a
154.633	0.026	saccade	n/a	144.5	184.6	n/a	213.0	185.4	2.58	138.0
154.661	0.746	fixation	n/a	209.0	184.8	2712.0	n/a	n/a	n/a	n/a
155.409	0.024	saccade	n/a	201.5	183.3	n/a	250.1	182.7	1.85	97.0
155.435	0.17	fixation	n/a	262.5	182.4	2696.0	n/a	n/a	n/a	n/a
155.607	0.02	saccade	n/a	269.5	180.9	n/a	305.9	180.8	1.39	89.0
155.629	0.17	fixation	n/a	311.7	179.7	2688.0	n/a	n/a	n/a	n/a
155.801	0.028	saccade	n/a	315.2	179.0	n/a	374.3	179.0	2.28	111.0
155.831	0.168	fixation	n/a	386.7	176.9	2659.0	n/a	n/a	n/a	n/a
156.001	0.024	saccade	n/a	389.9	176.8	n/a	441.7	175.7	2.0	116.0
156.027	0.392	fixation	n/a	453.3	177.6	2600.0	n/a	n/a	n/a	n/a
156.421	0.272	saccade	n/a	463.5	183.8	n/a	201.3	176.5	10.03	2762.0
156.449	0.18	blink	n/a	n/a	n/a	n/a	n/a	n/a	n/a	n/a
156.695	0.2	fixation	n/a	201.7	183.9	2664.0	n/a	n/a	n/a	n/a
156.897	0.026	saccade	n/a	200.5	186.5	n/a	142.6	180.1	2.19	139.0
156.925	0.164	fixation	n/a	149.4	183.7	2685.0	n/a	n/a	n/a	n/a
157.091	0.018	saccade	n/a	147.0	186.5	n/a	122.1	182.8	0.94	66.0
157.111	0.376	fixation	n/a	126.4	183.6	2633.0	n/a	n/a	n/a	n/a
157.18	0.0	trigger_11	11	n/a	n/a	n/a	n/a	n/a	n/a	n/a
157.282	0.0	trigger_10	10	n/a	n/a	n/a	n/a	n/a	n/a	n/a
157.489	0.024	saccade	n/a	128.9	184.6	n/a	184.7	183.8	2.09	113.0
157.515	0.676	fixation	n/a	191.0	181.3	2684.0	n/a	n/a	n/a	n/a
158.193	0.03	saccade	n/a	190.8	181.8	n/a	274.1	181.8	3.17	174.0
158.225	0.128	fixation	n/a	276.9	181.0	2669.0	n/a	n/a	n/a	n/a
158.355	0.2	saccade	n/a	280.9	186.0	n/a	369.9	189.9	3.43	995.0
158.387	0.118	blink	n/a	n/a	n/a	n/a	n/a	n/a	n/a	n/a
158.557	0.104	fixation	n/a	367.8	172.2	2628.0	n/a	n/a	n/a	n/a
158.663	0.042	saccade	n/a	366.1	172.7	n/a	190.9	178.6	6.72	254.0
158.707	0.248	fixation	n/a	188.0	183.5	2669.0	n/a	n/a	n/a	n/a
158.957	0.018	saccade	n/a	188.1	182.2	n/a	213.5	182.9	0.96	70.0
158.977	0.102	fixation	n/a	214.0	182.4	2642.0	n/a	n/a	n/a	n/a
159.081	0.034	saccade	n/a	216.9	181.4	n/a	333.4	173.5	4.47	175.0
159.117	0.22	fixation	n/a	338.7	172.6	2657.0	n/a	n/a	n/a	n/a
159.339	0.028	saccade	n/a	338.6	174.5	n/a	408.1	172.8	2.69	167.0
159.369	0.268	fixation	n/a	409.0	166.5	2677.0	n/a	n/a	n/a	n/a
159.639	0.022	saccade	n/a	415.3	164.5	n/a	457.1	164.7	1.61	90.0
159.663	0.086	fixation	n/a	461.5	163.8	2662.0	n/a	n/a	n/a	n/a
159.751	0.04	saccade	n/a	461.3	164.7	n/a	306.1	168.7	6.01	276.0
159.793	0.278	fixation	n/a	308.8	171.4	2674.0	n/a	n/a	n/a	n/a
160.073	0.022	saccade	n/a	312.0	171.8	n/a	354.3	170.4	1.63	95.0
160.097	0.202	fixation	n/a	363.5	167.1	2668.0	n/a	n/a	n/a	n/a
160.301	0.024	saccade	n/a	368.0	166.4	n/a	422.3	168.2	2.1	116.0
160.327	0.1	fixation	n/a	433.0	167.2	2640.0	n/a	n/a	n/a	n/a
160.429	0.026	saccade	n/a	436.9	169.4	n/a	486.8	168.6	1.93	96.0
160.457	0.162	fixation	n/a	498.0	167.6	2611.0	n/a	n/a	n/a	n/a
160.621	0.028	saccade	n/a	500.8	166.8	n/a	575.9	166.1	2.89	145.0
160.651	0.144	fixation	n/a	590.5	164.7	2577.0	n/a	n/a	n/a	n/a
160.797	0.022	saccade	n/a	595.8	160.5	n/a	632.8	163.4	1.41	80.0
160.821	0.116	fixation	n/a	643.0	166.0	2551.0	n/a	n/a	n/a	n/a
160.939	0.08	saccade	n/a	639.9	168.3	n/a	166.7	227.6	18.04	388.0
161.021	0.16	fixation	n/a	174.6	227.1	2547.0	n/a	n/a	n/a	n/a
161.183	0.016	saccade	n/a	173.5	224.9	n/a	150.6	226.3	0.86	64.0
161.201	0.186	fixation	n/a	151.6	225.6	2484.0	n/a	n/a	n/a	n/a
161.389	0.026	saccade	n/a	153.6	224.7	n/a	207.6	230.4	2.05	107.0
161.417	0.076	fixation	n/a	211.0	228.9	2459.0	n/a	n/a	n/a	n/a
161.495	0.262	saccade	n/a	212.0	232.7	n/a	164.4	173.7	2.92	912.0
161.527	0.168	blink	n/a	n/a	n/a	n/a	n/a	n/a	n/a	n/a
161.716	0.0	trigger_11	11	n/a	n/a	n/a	n/a	n/a	n/a	n/a
161.759	0.306	fixation	n/a	170.8	173.6	2487.0	n/a	n/a	n/a	n/a
161.82	0.0	trigger_10	10	n/a	n/a	n/a	n/a	n/a	n/a	n/a
162.067	0.022	saccade	n/a	172.0	175.7	n/a	207.6	176.1	1.35	84.0
162.091	0.186	fixation	n/a	206.7	174.3	2529.0	n/a	n/a	n/a	n/a
162.279	0.026	saccade	n/a	210.6	174.2	n/a	271.8	173.4	2.34	134.0
162.307	0.212	fixation	n/a	276.0	173.9	2515.0	n/a	n/a	n/a	n/a
162.521	0.028	saccade	n/a	278.3	174.0	n/a	353.0	172.3	2.87	148.0
162.551	0.2	fixation	n/a	357.7	173.8	2552.0	n/a	n/a	n/a	n/a
162.753	0.048	saccade	n/a	357.1	175.4	n/a	148.3	188.7	7.99	230.0
162.803	0.526	fixation	n/a	140.3	184.8	2667.0	n/a	n/a	n/a	n/a
163.331	0.024	saccade	n/a	144.2	183.7	n/a	199.5	182.2	2.09	118.0
163.357	0.208	fixation	n/a	204.4	178.9	2722.0	n/a	n/a	n/a	n/a
163.567	0.022	saccade	n/a	208.2	178.4	n/a	253.4	178.0	1.73	113.0
163.591	0.184	fixation	n/a	255.5	176.5	2729.0	n/a	n/a	n/a	n/a
163.777	0.024	saccade	n/a	260.6	176.2	n/a	307.0	172.9	1.79	104.0
163.803	0.178	fixation	n/a	319.3	170.9	2699.0	n/a	n/a	n/a	n/a
163.983	0.02	saccade	n/a	323.3	169.3	n/a	357.7	170.6	1.33	87.0
164.005	0.25	fixation	n/a	358.9	168.1	2663.0	n/a	n/a	n/a	n/a
164.257	0.016	saccade	n/a	364.0	166.0	n/a	382.5	165.6	0.71	54.0
164.275	0.674	fixation	n/a	393.5	166.6	2645.0	n/a	n/a	n/a	n/a
164.951	0.02	saccade	n/a	396.7	167.7	n/a	358.9	168.9	1.46	101.0
164.973	0.152	fixation	n/a	362.2	168.9	2710.0	n/a	n/a	n/a	n/a
165.127	0.05	saccade	n/a	362.5	169.2	n/a	195.7	180.2	6.41	200.0
165.132	0.0	trigger_11	11	n/a	n/a	n/a	n/a	n/a	n/a	n/a
165.179	0.226	fixation	n/a	202.3	180.9	2793.0	n/a	n/a	n/a	n/a
165.238	0.0	trigger_10	10	n/a	n/a	n/a	n/a	n/a	n/a	n/a
165.407	0.022	saccade	n/a	199.7	181.1	n/a	163.0	183.7	1.39	80.0
165.431	0.132	fixation	n/a	165.5	184.9	2867.0	n/a	n/a	n/a	n/a
165.565	0.016	saccade	n/a	163.5	185.1	n/a	144.7	184.6	0.71	55.0
165.583	0.156	fixation	n/a	148.3	183.4	2857.0	n/a	n/a	n/a	n/a
165.741	0.288	saccade	n/a	151.1	181.0	n/a	133.8	195.8	0.86	823.0
165.777	0.172	blink	n/a	n/a	n/a	n/a	n/a	n/a	n/a	n/a
166.031	0.058	fixation	n/a	138.8	186.2	2733.0	n/a	n/a	n/a	n/a
166.091	0.022	saccade	n/a	148.1	180.9	n/a	194.2	186.2	1.75	97.0
166.115	0.212	fixation	n/a	198.5	187.1	2747.0	n/a	n/a	n/a	n/a
166.329	0.018	saccade	n/a	201.8	186.5	n/a	227.5	185.9	0.98	66.0
166.349	0.148	fixation	n/a	232.4	188.5	2635.0	n/a	n/a	n/a	n/a
166.499	0.026	saccade	n/a	237.9	187.0	n/a	294.0	178.6	2.17	114.0
166.527	0.154	fixation	n/a	302.7	174.6	2565.0	n/a	n/a	n/a	n/a
166.683	0.026	saccade	n/a	305.9	173.4	n/a	357.5	171.8	1.99	102.0
166.711	0.19	fixation	n/a	367.5	169.8	2518.0	n/a	n/a	n/a	n/a
166.903	0.024	saccade	n/a	374.3	166.4	n/a	422.1	162.5	1.86	95.0
166.929	0.13	fixation	n/a	439.9	163.0	2421.0	n/a	n/a	n/a	n/a
167.061	0.03	saccade	n/a	445.0	164.4	n/a	521.4	166.8	2.95	120.0
167.093	0.34	fixation	n/a	546.6	162.9	2289.0	n/a	n/a	n/a	n/a
167.435	0.022	saccade	n/a	561.6	161.4	n/a	598.5	160.4	1.41	79.0
167.459	0.16	fixation	n/a	616.8	159.3	2197.0	n/a	n/a	n/a	n/a
167.621	0.082	saccade	n/a	611.5	162.3	n/a	170.0	221.5	16.88	329.0
167.705	0.108	fixation	n/a	174.8	220.8	2248.0	n/a	n/a	n/a	n/a
167.815	0.024	saccade	n/a	173.6	219.6	n/a	119.4	226.0	2.05	118.0
167.841	0.206	fixation	n/a	120.6	224.7	2308.0	n/a	n/a	n/a	n/a
168.049	0.022	saccade	n/a	126.9	224.1	n/a	163.1	230.2	1.38	85.0
168.073	0.082	fixation	n/a	166.5	230.9	2346.0	n/a	n/a	n/a	n/a
168.157	0.248	saccade	n/a	169.4	233.5	n/a	224.7	253.4	2.24	818.0
168.185	0.17	blink	n/a	n/a	n/a	n/a	n/a	n/a	n/a	n/a
168.407	0.234	fixation	n/a	229.5	235.7	2425.0	n/a	n/a	n/a	n/a
168.643	0.024	saccade	n/a	236.0	235.8	n/a	279.1	233.0	1.65	88.0
168.669	0.306	fixation	n/a	283.5	234.4	2477.0	n/a	n/a	n/a	n/a
168.977	0.014	saccade	n/a	288.1	236.4	n/a	303.0	237.6	0.58	44.0
168.993	0.144	fixation	n/a	309.9	235.9	2453.0	n/a	n/a	n/a	n/a
169.139	0.022	saccade	n/a	314.2	235.6	n/a	345.8	236.1	1.22	65.0
169.163	0.132	fixation	n/a	361.3	235.5	2436.0	n/a	n/a	n/a	n/a
169.297	0.026	saccade	n/a	366.2	234.6	n/a	417.7	230.3	2.0	102.0
169.325	0.376	fixation	n/a	446.9	222.4	2382.0	n/a	n/a	n/a	n/a
169.703	0.026	saccade	n/a	451.9	221.8	n/a	397.3	224.2	2.12	113.0
169.731	0.16	fixation	n/a	374.6	228.8	2370.0	n/a	n/a	n/a	n/a
169.893	0.032	saccade	n/a	377.3	230.2	n/a	440.5	225.0	2.46	88.0
169.927	0.17	fixation	n/a	502.7	221.0	2327.0	n/a	n/a	n/a	n/a
170.099	0.026	saccade	n/a	513.6	217.9	n/a	575.0	220.3	2.36	127.0
170.127	0.178	fixation	n/a	589.7	220.3	2339.0	n/a	n/a	n/a	n/a
170.307	0.1	saccade	n/a	587.4	221.2	n/a	129.0	284.2	17.5	301.0
170.409	0.108	fixation	n/a	138.9	284.3	2397.0	n/a	n/a	n/a	n/a
170.519	0.018	saccade	n/a	139.9	283.7	n/a	113.4	283.1	0.99	67.0
170.539	0.25	fixation	n/a	111.0	291.2	2398.0	n/a	n/a	n/a	n/a
170.791	0.024	saccade	n/a	111.8	292.5	n/a	163.3	302.2	1.96	110.0
170.817	0.52	fixation	n/a	173.0	299.2	2529.0	n/a	n/a	n/a	n/a
171.062	0.0	trigger_11	11	n/a	n/a	n/a	n/a	n/a	n/a	n/a
171.164	0.0	trigger_10	10	n/a	n/a	n/a	n/a	n/a	n/a	n/a
171.339	0.036	saccade	n/a	176.5	291.0	n/a	166.4	166.9	4.83	235.0
171.377	0.314	fixation	n/a	173.9	175.3	2545.0	n/a	n/a	n/a	n/a
171.693	0.028	saccade	n/a	174.1	174.3	n/a	249.2	180.3	2.87	151.0
171.723	0.346	fixation	n/a	253.8	181.9	2563.0	n/a	n/a	n/a	n/a
172.071	0.02	saccade	n/a	248.4	179.9	n/a	213.4	182.1	1.34	88.0
172.093	0.098	fixation	n/a	214.5	183.3	2672.0	n/a	n/a	n/a	n/a
172.193	0.21	saccade	n/a	215.7	177.7	n/a	150.4	183.6	2.48	1050.0
172.223	0.118	blink	n/a	n/a	n/a	n/a	n/a	n/a	n/a	n/a
172.405	0.238	fixation	n/a	150.0	183.2	2801.0	n/a	n/a	n/a	n/a
172.645	0.034	saccade	n/a	151.7	183.6	n/a	252.3	181.9	3.81	180.0
172.681	0.264	fixation	n/a	251.2	184.9	2851.0	n/a	n/a	n/a	n/a
172.947	0.028	saccade	n/a	253.1	185.7	n/a	326.6	177.4	2.85	160.0
172.977	0.286	fixation	n/a	326.9	176.4	2789.0	n/a	n/a	n/a	n/a
173.265	0.038	saccade	n/a	325.1	178.9	n/a	189.8	190.6	5.19	198.0
173.305	0.134	fixation	n/a	190.5	188.2	2807.0	n/a	n/a	n/a	n/a
173.441	0.024	saccade	n/a	187.7	188.7	n/a	126.5	188.6	2.3	142.0
173.467	0.298	fixation	n/a	127.9	187.6	2805.0	n/a	n/a	n/a	n/a
173.767	0.022	saccade	n/a	135.3	191.2	n/a	176.2	184.1	1.56	87.0
173.791	0.166	fixation	n/a	183.3	183.4	2788.0	n/a	n/a	n/a	n/a
173.959	0.024	saccade	n/a	185.6	185.3	n/a	232.2	182.9	1.77	98.0
173.985	0.12	fixation	n/a	240.4	183.6	2769.0	n/a	n/a	n/a	n/a
174.107	0.028	saccade	n/a	242.4	183.6	n/a	322.4	177.1	3.08	161.0
174.137	0.148	fixation	n/a	331.9	176.7	2742.0	n/a	n/a	n/a	n/a
174.287	0.036	saccade	n/a	329.8	176.4	n/a	226.7	177.3	3.96	175.0
174.325	0.27	fixation	n/a	234.6	177.7	2741.0	n/a	n/a	n/a	n/a
174.342	0.0	trigger_11	11	n/a	n/a	n/a	n/a	n/a	n/a	n/a
174.444	0.0	trigger_10	10	n/a	n/a	n/a	n/a	n/a	n/a	n/a
174.597	0.03	saccade	n/a	232.5	178.0	n/a	147.1	175.4	3.23	174.0
174.629	0.276	fixation	n/a	153.7	177.9	2723.0	n/a	n/a	n/a	n/a
174.907	0.024	saccade	n/a	153.3	175.4	n/a	201.0	174.9	1.8	105.0
174.933	0.252	fixation	n/a	203.8	177.3	2717.0	n/a	n/a	n/a	n/a
175.187	0.044	saccade	n/a	207.5	176.7	n/a	367.3	170.7	6.13	222.0
175.233	0.094	fixation	n/a	369.2	170.4	2705.0	n/a	n/a	n/a	n/a
175.329	0.232	saccade	n/a	371.2	178.2	n/a	396.8	184.1	1.02	1950.0
175.359	0.142	blink	n/a	n/a	n/a	n/a	n/a	n/a	n/a	n/a
175.563	0.866	fixation	n/a	387.1	168.6	2680.0	n/a	n/a	n/a	n/a
176.431	0.026	saccade	n/a	394.9	167.5	n/a	456.2	167.3	2.37	124.0
176.459	0.214	fixation	n/a	460.8	166.1	2641.0	n/a	n/a	n/a	n/a
176.675	0.026	saccade	n/a	464.0	163.9	n/a	531.5	165.7	2.6	143.0
176.703	0.174	fixation	n/a	537.7	163.2	2625.0	n/a	n/a	n/a	n/a
176.879	0.016	saccade	n/a	545.1	162.2	n/a	563.5	163.8	0.71	53.0
176.897	0.174	fixation	n/a	566.2	165.2	2607.0	n/a	n/a	n/a	n/a
177.073	0.026	saccade	n/a	570.1	166.2	n/a	627.1	162.1	2.18	112.0
177.101	0.174	fixation	n/a	631.4	162.4	2581.0	n/a	n/a	n/a	n/a
177.277	0.074	saccade	n/a	629.5	163.2	n/a	150.4	240.6	18.36	390.0
177.353	0.29	fixation	n/a	146.0	236.9	2641.0	n/a	n/a	n/a	n/a
177.645	0.04	saccade	n/a	143.5	236.4	n/a	290.3	227.7	5.58	250.0
177.687	0.19	fixation	n/a	292.7	228.5	2669.0	n/a	n/a	n/a	n/a
177.879	0.036	saccade	n/a	295.2	228.4	n/a	422.6	221.3	4.94	246.0
177.917	0.146	fixation	n/a	424.4	222.7	2661.0	n/a	n/a	n/a	n/a
178.065	0.03	saccade	n/a	427.6	222.8	n/a	505.2	222.4	3.0	166.0
178.097	0.12	fixation	n/a	506.1	223.2	2646.0	n/a	n/a	n/a	n/a
178.219	0.05	saccade	n/a	507.6	223.9	n/a	244.6	228.9	10.12	384.0
178.271	0.138	fixation	n/a	242.7	229.4	2730.0	n/a	n/a	n/a	n/a
178.411	0.022	saccade	n/a	239.7	229.3	n/a	200.8	230.7	1.49	99.0
178.435	0.15	fixation	n/a	206.0	229.2	2759.0	n/a	n/a	n/a	n/a
178.587	0.022	saccade	n/a	208.6	225.9	n/a	244.9	224.7	1.39	82.0
178.611	0.112	fixation	n/a	252.6	217.7	2802.0	n/a	n/a	n/a	n/a
178.725	0.242	saccade	n/a	253.7	220.3	n/a	351.6	231.1	3.8	942.0
178.759	0.158	blink	n/a	n/a	n/a	n/a	n/a	n/a	n/a	n/a
178.969	0.138	fixation	n/a	350.4	217.5	2734.0	n/a	n/a	n/a	n/a
179.109	0.016	saccade	n/a	345.4	221.5	n/a	326.2	222.7	0.74	54.0
179.127	0.204	fixation	n/a	325.6	225.9	2760.0	n/a	n/a	n/a	n/a
179.333	0.026	saccade	n/a	330.2	228.1	n/a	383.5	221.1	2.08	99.0
179.361	0.146	fixation	n/a	398.9	218.4	2620.0	n/a	n/a	n/a	n/a
179.509	0.04	saccade	n/a	401.2	215.2	n/a	529.8	217.6	4.95	160.0
179.551	0.15	fixation	n/a	540.2	222.1	2553.0	n/a	n/a	n/a	n/a
179.703	0.024	saccade	n/a	547.4	223.1	n/a	592.9	220.6	1.75	90.0
179.729	0.198	fixation	n/a	606.5	219.6	2530.0	n/a	n/a	n/a	n/a
179.929	0.066	saccade	n/a	609.2	215.7	n/a	303.6	154.7	11.93	278.0
179.966	0.0	trigger_11	11	n/a	n/a	n/a	n/a	n/a	n/a	n/a
179.997	0.242	fixation	n/a	291.9	154.9	2544.0	n/a	n/a	n/a	n/a
180.07	0.0	trigger_10	10	n/a	n/a	n/a	n/a	n/a	n/a	n/a
180.241	0.028	saccade	n/a	290.3	157.7	n/a	206.8	163.3	3.2	183.0
180.271	0.262	fixation	n/a	206.7	162.0	2557.0	n/a	n/a	n/a	n/a
180.535	0.024	saccade	n/a	202.3	157.6	n/a	153.9	162.8	1.84	111.0
180.561	0.378	fixation	n/a	148.4	163.9	2554.0	n/a	n/a	n/a	n/a
180.941	0.02	saccade	n/a	152.8	166.4	n/a	188.2	164.4	1.34	78.0
180.963	0.152	fixation	n/a	195.2	163.6	2596.0	n/a	n/a	n/a	n/a
181.117	0.042	saccade	n/a	198.6	162.1	n/a	330.6	161.5	5.05	175.0
181.161	0.298	fixation	n/a	328.2	162.1	2661.0	n/a	n/a	n/a	n/a
181.461	0.016	saccade	n/a	323.7	163.9	n/a	301.2	165.9	0.87	66.0
181.479	0.132	fixation	n/a	303.7	166.7	2690.0	n/a	n/a	n/a	n/a
181.613	0.044	saccade	n/a	306.1	169.5	n/a	467.4	161.0	6.22	210.0
181.659	0.162	fixation	n/a	471.5	161.7	2668.0	n/a	n/a	n/a	n/a
181.823	0.034	saccade	n/a	472.1	160.4	n/a	565.3	164.0	3.59	190.0
181.859	0.224	fixation	n/a	565.4	166.1	2657.0	n/a	n/a	n/a	n/a
182.085	0.026	saccade	n/a	571.5	167.9	n/a	622.1	164.5	1.94	83.0
182.113	0.088	fixation	n/a	629.4	162.1	2614.0	n/a	n/a	n/a	n/a
182.203	0.074	saccade	n/a	631.1	160.4	n/a	171.6	228.5	17.57	420.0
182.279	0.174	fixation	n/a	174.3	226.8	2644.0	n/a	n/a	n/a	n/a
182.455	0.016	saccade	n/a	170.7	226.1	n/a	152.4	221.8	0.71	56.0
182.473	0.55	fixation	n/a	147.0	218.4	2612.0	n/a	n/a	n/a	n/a
183.025	0.034	saccade	n/a	147.1	219.6	n/a	255.3	208.3	4.13	171.0
183.061	0.124	fixation	n/a	274.2	213.7	2600.0	n/a	n/a	n/a	n/a
183.187	0.22	saccade	n/a	270.5	220.3	n/a	286.7	223.5	0.63	1298.0
183.223	0.13	blink	n/a	n/a	n/a	n/a	n/a	n/a	n/a	n/a
183.409	0.758	fixation	n/a	283.8	221.5	2565.0	n/a	n/a	n/a	n/a
184.169	0.018	saccade	n/a	282.6	224.5	n/a	305.9	226.6	0.9	60.0
184.189	0.348	fixation	n/a	309.7	228.3	2553.0	n/a	n/a	n/a	n/a
184.539	0.028	saccade	n/a	311.1	228.4	n/a	370.2	213.9	2.35	106.0
184.569	0.232	fixation	n/a	395.8	203.3	2570.0	n/a	n/a	n/a	n/a
184.803	0.022	saccade	n/a	400.3	204.2	n/a	444.9	197.6	1.75	101.0
184.827	0.182	fixation	n/a	466.6	196.6	2550.0	n/a	n/a	n/a	n/a
185.011	0.026	saccade	n/a	471.4	199.4	n/a	541.7	204.5	2.72	142.0
185.039	0.18	fixation	n/a	561.0	200.2	2525.0	n/a	n/a	n/a	n/a
185.221	0.016	saccade	n/a	566.3	199.7	n/a	584.6	200.9	0.7	48.0
185.239	0.11	fixation	n/a	589.4	199.9	2506.0	n/a	n/a	n/a	n/a
185.351	0.024	saccade	n/a	588.1	199.3	n/a	548.6	195.6	1.52	86.0
185.377	0.164	fixation	n/a	546.7	196.9	2492.0	n/a	n/a	n/a	n/a
185.494	0.0	trigger_11	11	n/a	n/a	n/a	n/a	n/a	n/a	n/a
185.543	0.056	saccade	n/a	545.0	194.5	n/a	262.4	178.7	10.87	303.0
185.598	0.0	trigger_10	10	n/a	n/a	n/a	n/a	n/a	n/a	n/a
185.601	0.188	fixation	n/a	262.3	178.0	2498.0	n/a	n/a	n/a	n/a
185.791	0.026	saccade	n/a	264.4	176.4	n/a	207.3	159.9	2.27	127.0
185.819	0.394	fixation	n/a	199.9	155.8	2500.0	n/a	n/a	n/a	n/a
186.215	0.044	saccade	n/a	199.2	158.1	n/a	318.8	182.2	4.67	149.0
186.261	0.194	fixation	n/a	320.2	182.0	2478.0	n/a	n/a	n/a	n/a
186.457	0.034	saccade	n/a	322.3	181.7	n/a	419.2	143.0	4.04	197.0
186.493	0.238	fixation	n/a	419.6	140.9	2465.0	n/a	n/a	n/a	n/a
186.733	0.028	saccade	n/a	421.3	145.0	n/a	491.8	151.3	2.74	135.0
186.763	0.274	fixation	n/a	508.7	152.9	2448.0	n/a	n/a	n/a	n/a
187.039	0.026	saccade	n/a	507.0	151.6	n/a	447.5	147.1	2.3	122.0
187.067	0.306	fixation	n/a	432.9	143.9	2490.0	n/a	n/a	n/a	n/a
187.375	0.034	saccade	n/a	434.6	144.7	n/a	545.5	156.6	4.31	187.0
187.411	0.152	fixation	n/a	550.3	157.9	2514.0	n/a	n/a	n/a	n/a
187.565	0.028	saccade	n/a	555.2	158.7	n/a	630.6	161.0	2.88	152.0
187.595	0.21	fixation	n/a	634.7	159.3	2554.0	n/a	n/a	n/a	n/a
187.807	0.072	saccade	n/a	637.3	161.2	n/a	224.9	201.6	15.76	355.0
187.881	0.136	fixation	n/a	228.9	194.4	2621.0	n/a	n/a	n/a	n/a
188.019	0.018	saccade	n/a	227.4	193.0	n/a	201.9	195.2	0.98	73.0
188.039	0.18	fixation	n/a	208.7	196.1	2612.0	n/a	n/a	n/a	n/a
188.221	0.018	saccade	n/a	207.0	196.5	n/a	184.6	201.0	0.87	61.0
188.241	0.112	fixation	n/a	185.6	201.7	2607.0	n/a	n/a	n/a	n/a
188.355	0.234	saccade	n/a	173.6	201.0	n/a	99.1	241.9	3.2	778.0
188.393	0.124	blink	n/a	n/a	n/a	n/a	n/a	n/a	n/a	n/a
188.591	0.23	fixation	n/a	95.6	247.6	2594.0	n/a	n/a	n/a	n/a
188.823	0.1	saccade	n/a	94.0	252.9	n/a	459.8	153.9	14.38	319.0
188.925	0.184	fixation	n/a	463.2	155.7	2534.0	n/a	n/a	n/a	n/a
189.111	0.042	saccade	n/a	461.7	156.9	n/a	293.6	201.2	6.72	269.0
189.155	0.144	fixation	n/a	264.9	189.1	2539.0	n/a	n/a	n/a	n/a
189.301	0.014	saccade	n/a	261.1	182.4	n/a	244.5	180.8	0.64	51.0
189.317	0.506	fixation	n/a	254.2	180.5	2501.0	n/a	n/a	n/a	n/a
189.686	0.0	trigger_11	11	n/a	n/a	n/a	n/a	n/a	n/a	n/a
189.79	0.0	trigger_10	10	n/a	n/a	n/a	n/a	n/a	n/a	n/a
189.825	0.02	saccade	n/a	268.7	179.3	n/a	262.6	153.9	1.02	62.0
189.847	0.158	fixation	n/a	260.5	164.0	2476.0	n/a	n/a	n/a	n/a
190.007	0.02	saccade	n/a	257.6	164.6	n/a	231.8	151.5	1.11	73.0
190.029	0.322	fixation	n/a	216.1	151.7	2461.0	n/a	n/a	n/a	n/a
190.353	0.028	saccade	n/a	207.5	149.5	n/a	259.4	164.8	2.07	89.0
190.383	0.186	fixation	n/a	271.2	173.1	2389.0	n/a	n/a	n/a	n/a
190.571	0.026	saccade	n/a	275.1	176.6	n/a	318.8	189.8	1.76	86.0
190.599	0.192	fixation	n/a	321.4	191.4	2366.0	n/a	n/a	n/a	n/a
190.793	0.042	saccade	n/a	323.2	190.7	n/a	456.1	139.8	5.49	178.0
190.837	0.126	fixation	n/a	463.5	136.8	2312.0	n/a	n/a	n/a	n/a
190.965	0.206	saccade	n/a	468.0	139.3	n/a	464.9	151.5	0.49	3270.0
190.991	0.104	blink	n/a	n/a	n/a	n/a	n/a	n/a	n/a	n/a
191.173	0.128	fixation	n/a	461.7	146.1	2411.0	n/a	n/a	n/a	n/a
191.303	0.022	saccade	n/a	464.2	143.8	n/a	501.6	150.2	1.47	83.0
191.327	0.38	fixation	n/a	501.6	149.3	2481.0	n/a	n/a	n/a	n/a
191.709	0.022	saccade	n/a	497.8	148.6	n/a	531.2	152.7	1.3	70.0
191.733	0.164	fixation	n/a	537.9	154.0	2415.0	n/a	n/a	n/a	n/a
191.899	0.056	saccade	n/a	538.4	153.3	n/a	227.3	185.0	11.96	445.0
191.957	0.138	fixation	n/a	226.3	185.2	2562.0	n/a	n/a	n/a	n/a
192.097	0.024	saccade	n/a	224.0	188.9	n/a	177.7	206.3	1.88	126.0
192.123	0.286	fixation	n/a	180.9	205.2	2618.0	n/a	n/a	n/a	n/a
192.411	0.026	saccade	n/a	184.4	203.3	n/a	257.3	189.4	2.83	145.0
192.439	0.21	fixation	n/a	273.6	190.5	2664.0	n/a	n/a	n/a	n/a
192.651	0.028	saccade	n/a	278.3	188.7	n/a	336.9	214.0	2.46	128.0
192.681	0.326	fixation	n/a	332.4	218.4	2692.0	n/a	n/a	n/a	n/a
193.009	0.024	saccade	n/a	336.5	218.2	n/a	384.3	213.1	1.86	108.0
193.035	0.178	fixation	n/a	387.9	208.9	2705.0	n/a	n/a	n/a	n/a
193.215	0.034	saccade	n/a	388.7	206.9	n/a	497.5	174.4	4.4	234.0
193.251	0.27	fixation	n/a	496.1	174.9	2700.0	n/a	n/a	n/a	n/a
193.523	0.026	saccade	n/a	497.8	173.4	n/a	557.5	176.6	2.3	134.0
193.551	0.188	fixation	n/a	563.5	180.5	2684.0	n/a	n/a	n/a	n/a
193.741	0.014	saccade	n/a	569.5	181.1	n/a	584.8	184.8	0.6	47.0
193.757	0.122	fixation	n/a	587.7	185.5	2687.0	n/a	n/a	n/a	n/a
193.881	0.074	saccade	n/a	588.4	184.6	n/a	112.2	283.7	18.34	415.0
193.957	0.234	fixation	n/a	110.1	284.1	2776.0	n/a	n/a	n/a	n/a
194.193	0.038	saccade	n/a	111.9	285.1	n/a	274.2	243.6	6.34	302.0
194.233	0.384	fixation	n/a	271.2	260.0	2702.0	n/a	n/a	n/a	n/a
194.619	0.044	saccade	n/a	269.4	271.9	n/a	428.0	256.0	6.16	246.0
194.665	0.236	fixation	n/a	433.3	255.2	2654.0	n/a	n/a	n/a	n/a
194.903	0.022	saccade	n/a	436.2	254.3	n/a	480.2	245.8	1.74	110.0
194.927	0.148	fixation	n/a	480.2	244.5	2629.0	n/a	n/a	n/a	n/a
195.077	0.04	saccade	n/a	478.7	245.4	n/a	318.0	287.4	6.43	330.0
195.119	0.116	fixation	n/a	322.2	288.1	2636.0	n/a	n/a	n/a	n/a
195.237	0.266	saccade	n/a	312.5	291.7	n/a	251.5	272.3	2.46	1084.0
195.265	0.192	blink	n/a	n/a	n/a	n/a	n/a	n/a	n/a	n/a
195.505	0.154	fixation	n/a	261.3	242.8	2670.0	n/a	n/a	n/a	n/a
195.661	0.05	saccade	n/a	265.4	237.3	n/a	511.1	194.6	9.62	322.0
195.713	0.268	fixation	n/a	518.0	194.3	2624.0	n/a	n/a	n/a	n/a
195.983	0.024	saccade	n/a	522.0	192.2	n/a	571.4	190.3	1.9	110.0
196.009	0.212	fixation	n/a	584.2	192.5	2506.0	n/a	n/a	n/a	n/a
196.223	0.04	saccade	n/a	585.7	191.4	n/a	449.5	182.4	5.25	198.0
196.265	0.184	fixation	n/a	443.3	183.8	2516.0	n/a	n/a	n/a	n/a
196.451	0.026	saccade	n/a	445.5	183.0	n/a	507.3	185.5	2.39	124.0
196.479	0.302	fixation	n/a	515.6	187.7	2504.0	n/a	n/a	n/a	n/a
196.783	0.022	saccade	n/a	518.5	190.1	n/a	558.6	193.0	1.55	103.0
196.807	0.126	fixation	n/a	559.5	190.8	2514.0	n/a	n/a	n/a	n/a
196.935	0.02	saccade	n/a	560.5	189.9	n/a	592.3	194.3	1.23	82.0
196.957	0.156	fixation	n/a	596.9	193.3	2527.0	n/a	n/a	n/a	n/a
197.115	0.076	saccade	n/a	597.0	192.9	n/a	146.6	281.6	17.37	362.0
197.193	0.116	fixation	n/a	146.6	281.5	2612.0	n/a	n/a	n/a	n/a
197.311	0.02	saccade	n/a	142.5	281.0	n/a	102.3	278.0	1.5	99.0
197.333	0.18	fixation	n/a	103.5	276.9	2606.0	n/a	n/a	n/a	n/a
197.515	0.048	saccade	n/a	109.0	276.9	n/a	365.6	275.4	9.72	371.0
197.565	0.4	fixation	n/a	368.8	274.2	2542.0	n/a	n/a	n/a	n/a
197.967	0.028	saccade	n/a	363.9	269.9	n/a	431.5	256.7	2.66	125.0
197.997	0.146	fixation	n/a	441.2	251.7	2476.0	n/a	n/a	n/a	n/a
198.145	0.02	saccade	n/a	445.2	253.5	n/a	472.2	252.8	1.05	61.0
198.167	0.23	fixation	n/a	482.4	252.7	2442.0	n/a	n/a	n/a	n/a
198.399	0.198	saccade	n/a	488.0	258.8	n/a	205.3	166.8	11.41	1328.0
198.427	0.112	blink	n/a	n/a	n/a	n/a	n/a	n/a	n/a	n/a
198.488	0.0	trigger_11	11	n/a	n/a	n/a	n/a	n/a	n/a	n/a
198.59	0.0	trigger_10	10	n/a	n/a	n/a	n/a	n/a	n/a	n/a
198.599	0.212	fixation	n/a	214.4	169.3	2455.0	n/a	n/a	n/a	n/a
198.813	0.016	saccade	n/a	211.8	170.5	n/a	192.4	169.7	0.74	57.0
198.831	0.168	fixation	n/a	191.2	169.7	2474.0	n/a	n/a	n/a	n/a
199.001	0.034	saccade	n/a	189.1	169.1	n/a	284.1	175.6	3.63	133.0
199.037	0.282	fixation	n/a	296.6	175.6	2409.0	n/a	n/a	n/a	n/a
199.321	0.048	saccade	n/a	301.6	178.3	n/a	453.1	155.2	5.92	187.0
199.371	0.252	fixation	n/a	453.9	155.0	2389.0	n/a	n/a	n/a	n/a
199.625	0.028	saccade	n/a	456.7	156.8	n/a	507.4	154.9	1.96	82.0
199.655	0.16	fixation	n/a	515.4	151.1	2418.0	n/a	n/a	n/a	n/a
199.817	0.02	saccade	n/a	519.0	151.3	n/a	547.3	150.1	1.09	65.0
199.839	0.144	fixation	n/a	550.6	147.1	2447.0	n/a	n/a	n/a	n/a
199.985	0.02	saccade	n/a	552.9	149.9	n/a	582.8	158.9	1.2	72.0
200.007	0.132	fixation	n/a	599.5	160.5	2443.0	n/a	n/a	n/a	n/a
200.141	0.07	saccade	n/a	600.5	161.8	n/a	146.4	231.5	17.38	452.0
200.213	0.3	fixation	n/a	156.5	230.5	2521.0	n/a	n/a	n/a	n/a
200.515	0.018	saccade	n/a	155.7	229.9	n/a	127.7	229.9	1.05	74.0
200.535	0.148	fixation	n/a	128.3	230.9	2518.0	n/a	n/a	n/a	n/a
200.685	0.036	saccade	n/a	128.8	231.8	n/a	274.5	208.0	5.59	297.0
200.723	0.27	fixation	n/a	275.2	211.6	2603.0	n/a	n/a	n/a	n/a
200.995	0.026	saccade	n/a	276.0	211.0	n/a	341.1	211.8	2.5	144.0
201.023	0.33	fixation	n/a	339.3	215.8	2643.0	n/a	n/a	n/a	n/a
201.355	0.03	saccade	n/a	339.1	217.1	n/a	434.4	215.2	3.69	183.0
201.387	0.28	fixation	n/a	437.2	211.9	2699.0	n/a	n/a	n/a	n/a
201.669	0.024	saccade	n/a	439.6	210.1	n/a	494.7	200.8	2.16	127.0
201.695	0.17	fixation	n/a	510.6	195.3	2714.0	n/a	n/a	n/a	n/a
201.867	0.02	saccade	n/a	513.7	194.5	n/a	552.3	191.8	1.49	100.0
201.889	0.148	fixation	n/a	550.5	188.5	2714.0	n/a	n/a	n/a	n/a
202.039	0.022	saccade	n/a	552.2	189.7	n/a	584.8	188.7	1.25	78.0
202.063	0.078	fixation	n/a	583.0	189.6	2695.0	n/a	n/a	n/a	n/a
202.143	0.072	saccade	n/a	583.2	189.9	n/a	151.9	292.9	16.79	437.0
202.217	0.126	fixation	n/a	152.0	295.3	2771.0	n/a	n/a	n/a	n/a
202.345	0.02	saccade	n/a	148.0	294.4	n/a	118.5	283.6	1.18	86.0
202.367	0.32	fixation	n/a	124.9	281.8	2761.0	n/a	n/a	n/a	n/a
202.689	0.042	saccade	n/a	125.6	280.5	n/a	311.3	283.5	7.04	321.0
202.733	0.19	fixation	n/a	312.0	285.8	2758.0	n/a	n/a	n/a	n/a
202.925	0.016	saccade	n/a	315.1	287.5	n/a	335.0	290.3	0.77	60.0
202.943	0.136	fixation	n/a	332.8	292.1	2749.0	n/a	n/a	n/a	n/a
203.081	0.026	saccade	n/a	334.5	293.5	n/a	393.6	282.1	2.32	120.0
203.109	0.156	fixation	n/a	404.6	277.7	2751.0	n/a	n/a	n/a	n/a
203.267	0.052	saccade	n/a	407.1	276.3	n/a	233.2	175.7	7.76	289.0
203.321	0.128	fixation	n/a	243.9	174.3	2776.0	n/a	n/a	n/a	n/a
203.416	0.0	trigger_11	11	n/a	n/a	n/a	n/a	n/a	n/a	n/a
203.451	0.034	saccade	n/a	244.8	173.3	n/a	144.8	184.1	3.8	220.0
203.487	0.302	fixation	n/a	150.3	186.5	2758.0	n/a	n/a	n/a	n/a
203.518	0.0	trigger_12	12	n/a	n/a	n/a	n/a	n/a	n/a	n/a
203.791	0.04	saccade	n/a	151.4	188.0	n/a	331.2	167.3	6.9	370.0
203.833	0.068	fixation	n/a	327.0	167.5	2750.0	n/a	n/a	n/a	n/a
203.903	0.22	saccade	n/a	318.4	171.1	n/a	343.5	131.2	1.83	1838.0
203.933	0.142	blink	n/a	n/a	n/a	n/a	n/a	n/a	n/a	n/a
204.125	0.186	fixation	n/a	344.3	109.6	2685.0	n/a	n/a	n/a	n/a
204.313	0.032	saccade	n/a	345.4	109.3	n/a	255.7	163.2	4.03	193.0
204.347	0.354	fixation	n/a	256.9	168.4	2715.0	n/a	n/a	n/a	n/a
204.703	0.082	saccade	n/a	257.1	170.6	n/a	421.4	144.5	6.4	327.0
204.787	0.06	fixation	n/a	421.5	131.1	2701.0	n/a	n/a	n/a	n/a
204.849	0.014	saccade	n/a	420.7	127.7	n/a	421.0	144.5	0.66	56.0
204.865	0.132	fixation	n/a	420.7	129.8	2745.0	n/a	n/a	n/a	n/a
204.999	0.046	saccade	n/a	420.5	126.6	n/a	222.4	178.5	7.87	388.0
205.047	0.3	fixation	n/a	230.0	178.3	2804.0	n/a	n/a	n/a	n/a
205.349	0.024	saccade	n/a	232.4	179.0	n/a	285.0	175.6	2.02	118.0
205.375	0.174	fixation	n/a	288.8	174.5	2800.0	n/a	n/a	n/a	n/a
205.551	0.04	saccade	n/a	289.6	173.1	n/a	417.1	123.5	5.28	254.0
205.593	0.178	fixation	n/a	414.8	139.5	2809.0	n/a	n/a	n/a	n/a
205.773	0.02	saccade	n/a	417.8	149.4	n/a	445.4	148.1	1.07	77.0
205.795	0.028	fixation	n/a	441.8	144.6	2828.0	n/a	n/a	n/a	n/a
205.825	0.014	saccade	n/a	440.6	148.7	n/a	439.5	165.4	0.66	63.0
205.841	0.06	fixation	n/a	440.7	157.5	2851.0	n/a	n/a	n/a	n/a
205.903	0.036	saccade	n/a	441.0	150.7	n/a	339.2	130.7	4.01	225.0
205.92	0.0	trigger_13	13	n/a	n/a	n/a	n/a	n/a	n/a	n/a
205.941	0.174	fixation	n/a	340.4	136.0	2876.0	n/a	n/a	n/a	n/a
206.117	0.046	saccade	n/a	337.0	131.3	n/a	136.7	196.3	8.01	337.0
206.165	0.154	fixation	n/a	141.4	196.5	2865.0	n/a	n/a	n/a	n/a
206.321	0.026	saccade	n/a	142.0	194.4	n/a	198.7	179.9	2.21	130.0
206.349	0.092	fixation	n/a	198.9	176.9	2844.0	n/a	n/a	n/a	n/a
206.443	0.03	saccade	n/a	202.4	175.2	n/a	281.4	176.7	3.01	184.0
206.475	0.146	fixation	n/a	278.3	175.7	2813.0	n/a	n/a	n/a	n/a
206.623	0.036	saccade	n/a	278.9	175.8	n/a	135.6	245.9	6.08	347.0
206.661	0.262	fixation	n/a	133.1	243.2	2917.0	n/a	n/a	n/a	n/a
206.925	0.022	saccade	n/a	128.6	246.6	n/a	119.2	283.6	1.47	88.0
206.949	0.106	fixation	n/a	122.9	283.0	2935.0	n/a	n/a	n/a	n/a
207.057	0.242	saccade	n/a	129.3	292.5	n/a	90.4	283.4	1.49	690.0
207.099	0.12	blink	n/a	n/a	n/a	n/a	n/a	n/a	n/a	n/a
207.301	0.138	fixation	n/a	85.6	266.9	2932.0	n/a	n/a	n/a	n/a
207.441	0.028	saccade	n/a	87.1	268.8	n/a	103.1	190.7	3.04	186.0
207.471	0.272	fixation	n/a	125.3	187.8	2912.0	n/a	n/a	n/a	n/a
207.52	0.0	trigger_15	15	n/a	n/a	n/a	n/a	n/a	n/a	n/a
207.572	0.0	trigger_10	10	n/a	n/a	n/a	n/a	n/a	n/a	n/a
207.745	0.024	saccade	n/a	130.6	186.0	n/a	143.2	145.4	1.64	97.0
207.771	0.172	fixation	n/a	144.0	149.1	2816.0	n/a	n/a	n/a	n/a
207.945	0.026	saccade	n/a	144.0	153.6	n/a	204.1	180.9	2.5	142.0
207.973	0.21	fixation	n/a	218.8	185.1	2792.0	n/a	n/a	n/a	n/a
208.185	0.018	saccade	n/a	219.6	185.4	n/a	194.2	187.2	0.97	68.0
208.205	0.236	fixation	n/a	199.1	186.5	2756.0	n/a	n/a	n/a	n/a
208.443	0.024	saccade	n/a	199.4	184.0	n/a	160.9	161.3	1.7	95.0
208.469	0.228	fixation	n/a	161.1	163.3	2760.0	n/a	n/a	n/a	n/a
208.699	0.042	saccade	n/a	163.0	173.8	n/a	310.2	180.7	5.62	234.0
208.743	0.24	fixation	n/a	307.7	179.3	2794.0	n/a	n/a	n/a	n/a
208.985	0.046	saccade	n/a	307.2	179.1	n/a	461.6	137.6	6.17	340.0
209.033	0.272	fixation	n/a	462.5	147.7	2730.0	n/a	n/a	n/a	n/a
209.307	0.026	saccade	n/a	462.3	151.6	n/a	411.5	105.4	2.67	147.0
209.335	0.172	fixation	n/a	410.5	96.2	2688.0	n/a	n/a	n/a	n/a
209.509	0.044	saccade	n/a	411.0	96.6	n/a	545.7	136.4	5.41	233.0
209.555	0.142	fixation	n/a	551.6	136.8	2641.0	n/a	n/a	n/a	n/a
209.699	0.032	saccade	n/a	553.1	137.7	n/a	600.0	170.6	2.2	135.0
209.733	0.112	fixation	n/a	598.7	175.2	2635.0	n/a	n/a	n/a	n/a
209.847	0.072	saccade	n/a	598.7	178.0	n/a	153.5	244.9	17.06	398.0
209.921	0.284	fixation	n/a	146.6	245.2	2666.0	n/a	n/a	n/a	n/a
210.207	0.032	saccade	n/a	145.1	246.4	n/a	245.6	234.6	3.83	196.0
210.241	0.142	fixation	n/a	250.1	233.8	2644.0	n/a	n/a	n/a	n/a
210.384	0.0	trigger_11	11	n/a	n/a	n/a	n/a	n/a	n/a	n/a
210.385	0.036	saccade	n/a	251.7	231.6	n/a	140.0	170.2	4.84	197.0
210.423	0.284	fixation	n/a	148.9	169.5	2642.0	n/a	n/a	n/a	n/a
210.488	0.0	trigger_12	12	n/a	n/a	n/a	n/a	n/a	n/a	n/a
210.709	0.022	saccade	n/a	154.7	168.2	n/a	189.8	186.9	1.51	89.0
210.733	0.152	fixation	n/a	191.3	184.3	2686.0	n/a	n/a	n/a	n/a
210.887	0.032	saccade	n/a	195.1	184.0	n/a	316.3	178.9	4.65	223.0
210.921	0.112	fixation	n/a	323.0	182.9	2640.0	n/a	n/a	n/a	n/a
211.035	0.226	saccade	n/a	332.3	184.6	n/a	497.1	177.2	6.37	2417.0
211.067	0.12	blink	n/a	n/a	n/a	n/a	n/a	n/a	n/a	n/a
211.263	0.214	fixation	n/a	496.6	163.6	2620.0	n/a	n/a	n/a	n/a
211.479	0.026	saccade	n/a	496.6	172.6	n/a	548.0	152.2	2.14	107.0
211.507	0.112	fixation	n/a	551.3	158.0	2587.0	n/a	n/a	n/a	n/a
211.621	0.062	saccade	n/a	550.7	168.3	n/a	133.7	234.3	16.0	419.0
211.685	0.254	fixation	n/a	133.1	235.8	2567.0	n/a	n/a	n/a	n/a
211.941	0.032	saccade	n/a	135.1	237.5	n/a	246.0	241.4	4.2	207.0
211.975	0.26	fixation	n/a	248.2	238.7	2611.0	n/a	n/a	n/a	n/a
212.237	0.03	saccade	n/a	249.2	237.7	n/a	346.8	227.2	3.77	210.0
212.269	0.468	fixation	n/a	353.4	228.4	2639.0	n/a	n/a	n/a	n/a
212.739	0.016	saccade	n/a	348.0	230.3	n/a	330.7	228.1	0.68	52.0
212.757	0.248	fixation	n/a	331.8	224.9	2648.0	n/a	n/a	n/a	n/a
213.007	0.024	saccade	n/a	333.6	225.8	n/a	381.5	224.6	1.85	100.0
213.033	0.078	fixation	n/a	390.6	220.3	2640.0	n/a	n/a	n/a	n/a
213.113	0.032	saccade	n/a	393.8	218.7	n/a	478.6	222.0	3.28	181.0
213.147	0.2	fixation	n/a	475.1	223.9	2655.0	n/a	n/a	n/a	n/a
213.349	0.016	saccade	n/a	471.1	224.3	n/a	450.2	219.9	0.83	64.0
213.367	0.244	fixation	n/a	454.1	219.6	2651.0	n/a	n/a	n/a	n/a
213.613	0.032	saccade	n/a	454.7	220.7	n/a	565.6	227.0	4.28	212.0
213.647	0.304	fixation	n/a	568.1	223.3	2628.0	n/a	n/a	n/a	n/a
213.953	0.028	saccade	n/a	568.9	225.0	n/a	494.3	219.9	2.88	133.0
213.983	0.116	fixation	n/a	483.1	217.5	2655.0	n/a	n/a	n/a	n/a
214.101	0.052	saccade	n/a	481.5	214.5	n/a	254.4	155.3	9.04	265.0
214.155	0.094	fixation	n/a	255.9	156.7	2685.0	n/a	n/a	n/a	n/a
214.248	0.0	trigger_13	13	n/a	n/a	n/a	n/a	n/a	n/a	n/a
214.251	0.034	saccade	n/a	256.0	158.4	n/a	155.3	210.9	4.32	219.0
214.287	0.226	fixation	n/a	157.7	210.2	2702.0	n/a	n/a	n/a	n/a
214.515	0.018	saccade	n/a	158.0	216.1	n/a	129.8	217.9	1.06	74.0
214.535	0.238	fixation	n/a	130.3	217.0	2696.0	n/a	n/a	n/a	n/a
214.775	0.022	saccade	n/a	127.3	216.0	n/a	120.8	254.6	1.5	100.0
214.799	0.242	fixation	n/a	120.1	251.4	2689.0	n/a	n/a	n/a	n/a
215.043	0.018	saccade	n/a	114.3	257.0	n/a	108.4	282.2	0.99	68.0
215.063	0.238	fixation	n/a	109.8	281.3	2794.0	n/a	n/a	n/a	n/a
215.303	0.026	saccade	n/a	110.2	284.8	n/a	121.1	339.3	2.13	125.0
215.331	0.198	fixation	n/a	123.6	337.3	2808.0	n/a	n/a	n/a	n/a
215.531	0.02	saccade	n/a	120.6	337.5	n/a	89.6	342.9	1.16	79.0
215.553	0.204	fixation	n/a	94.8	341.1	2892.0	n/a	n/a	n/a	n/a
215.759	0.034	saccade	n/a	93.9	336.2	n/a	94.9	227.6	4.15	225.0
215.795	0.168	fixation	n/a	109.0	232.9	2860.0	n/a	n/a	n/a	n/a
215.96	0.0	trigger_15	15	n/a	n/a	n/a	n/a	n/a	n/a	n/a
215.965	0.016	saccade	n/a	111.4	227.7	n/a	115.4	209.1	0.73	58.0
215.983	0.256	fixation	n/a	122.2	213.8	2825.0	n/a	n/a	n/a	n/a
216.014	0.0	trigger_10	10	n/a	n/a	n/a	n/a	n/a	n/a	n/a
216.241	0.028	saccade	n/a	126.3	212.8	n/a	206.2	196.1	3.08	154.0
216.271	0.084	fixation	n/a	216.8	191.0	2851.0	n/a	n/a	n/a	n/a
216.357	0.202	saccade	n/a	213.9	191.8	n/a	332.1	187.4	4.54	1343.0
216.395	0.114	blink	n/a	n/a	n/a	n/a	n/a	n/a	n/a	n/a
216.561	0.204	fixation	n/a	341.3	168.8	2750.0	n/a	n/a	n/a	n/a
216.767	0.028	saccade	n/a	343.8	169.3	n/a	251.6	161.4	3.55	170.0
216.797	0.188	fixation	n/a	250.1	167.1	2726.0	n/a	n/a	n/a	n/a
216.987	0.02	saccade	n/a	248.2	172.3	n/a	215.1	172.7	1.26	88.0
217.009	0.128	fixation	n/a	217.2	174.8	2653.0	n/a	n/a	n/a	n/a
217.139	0.038	saccade	n/a	217.7	176.5	n/a	341.2	174.5	4.73	210.0
217.179	0.218	fixation	n/a	343.8	177.4	2666.0	n/a	n/a	n/a	n/a
217.399	0.028	saccade	n/a	345.1	177.9	n/a	392.8	113.1	3.13	161.0
217.429	0.078	fixation	n/a	393.0	104.7	2649.0	n/a	n/a	n/a	n/a
217.509	0.024	saccade	n/a	392.5	102.1	n/a	390.3	132.7	1.2	74.0
217.535	0.08	fixation	n/a	391.5	105.5	2651.0	n/a	n/a	n/a	n/a
217.617	0.054	saccade	n/a	391.2	105.2	n/a	179.5	189.7	8.74	304.0
217.673	0.294	fixation	n/a	175.2	184.4	2646.0	n/a	n/a	n/a	n/a
217.969	0.03	saccade	n/a	170.0	184.6	n/a	252.0	186.2	3.12	172.0
218.001	0.174	fixation	n/a	253.1	184.2	2687.0	n/a	n/a	n/a	n/a
218.177	0.03	saccade	n/a	254.9	185.2	n/a	345.1	183.2	3.46	201.0
218.209	0.308	fixation	n/a	348.4	172.1	2699.0	n/a	n/a	n/a	n/a
218.519	0.028	saccade	n/a	348.5	172.4	n/a	420.9	179.4	2.81	144.0
218.549	0.244	fixation	n/a	431.8	190.2	2673.0	n/a	n/a	n/a	n/a
218.795	0.032	saccade	n/a	433.3	191.9	n/a	516.6	199.5	3.23	189.0
218.829	0.13	fixation	n/a	518.0	199.0	2634.0	n/a	n/a	n/a	n/a
218.961	0.026	saccade	n/a	521.1	199.7	n/a	573.3	195.9	2.01	110.0
218.989	0.128	fixation	n/a	581.4	192.1	2596.0	n/a	n/a	n/a	n/a
219.119	0.022	saccade	n/a	587.0	190.8	n/a	623.7	191.7	1.4	86.0
219.143	0.16	fixation	n/a	629.8	190.3	2555.0	n/a	n/a	n/a	n/a
219.305	0.074	saccade	n/a	633.2	189.6	n/a	168.7	248.2	17.71	425.0
219.381	0.108	fixation	n/a	167.0	247.5	2577.0	n/a	n/a	n/a	n/a
219.491	0.022	saccade	n/a	161.6	249.4	n/a	123.7	256.0	1.44	89.0
219.515	0.196	fixation	n/a	123.1	257.7	2514.0	n/a	n/a	n/a	n/a
219.713	0.03	saccade	n/a	125.5	256.9	n/a	232.0	250.9	4.03	196.0
219.745	0.164	fixation	n/a	248.2	248.1	2505.0	n/a	n/a	n/a	n/a
219.911	0.032	saccade	n/a	255.7	248.2	n/a	349.6	238.5	3.64	191.0
219.945	0.29	fixation	n/a	351.0	236.9	2505.0	n/a	n/a	n/a	n/a
220.237	0.022	saccade	n/a	353.2	236.8	n/a	399.5	229.0	1.81	113.0
220.261	0.24	fixation	n/a	403.1	228.0	2492.0	n/a	n/a	n/a	n/a
220.503	0.024	saccade	n/a	407.8	228.6	n/a	452.8	232.7	1.75	93.0
220.529	0.11	fixation	n/a	461.1	234.6	2450.0	n/a	n/a	n/a	n/a
220.641	0.042	saccade	n/a	460.5	235.3	n/a	298.4	238.0	6.27	279.0
220.685	0.236	fixation	n/a	300.7	237.5	2479.0	n/a	n/a	n/a	n/a
220.923	0.02	saccade	n/a	303.7	237.5	n/a	333.4	233.3	1.16	74.0
220.945	0.094	fixation	n/a	332.6	233.7	2436.0	n/a	n/a	n/a	n/a
221.041	0.258	saccade	n/a	326.7	237.2	n/a	458.8	256.6	5.16	1766.0
221.071	0.174	blink	n/a	n/a	n/a	n/a	n/a	n/a	n/a	n/a
221.301	0.264	fixation	n/a	449.8	241.6	2402.0	n/a	n/a	n/a	n/a
221.567	0.022	saccade	n/a	449.4	238.9	n/a	484.1	236.8	1.34	72.0
221.591	0.124	fixation	n/a	489.2	235.6	2424.0	n/a	n/a	n/a	n/a
221.717	0.024	saccade	n/a	494.6	236.4	n/a	546.3	242.5	2.01	113.0
221.743	0.154	fixation	n/a	552.2	243.7	2337.0	n/a	n/a	n/a	n/a
221.899	0.026	saccade	n/a	557.4	242.3	n/a	614.7	237.6	2.2	108.0
221.927	0.168	fixation	n/a	621.9	239.4	2355.0	n/a	n/a	n/a	n/a
222.097	0.024	saccade	n/a	616.2	241.2	n/a	576.6	239.9	1.51	72.0
222.123	0.272	fixation	n/a	509.1	238.6	2386.0	n/a	n/a	n/a	n/a
222.397	0.058	saccade	n/a	507.6	239.5	n/a	593.5	240.6	3.3	96.0
222.457	0.28	fixation	n/a	609.4	237.0	2399.0	n/a	n/a	n/a	n/a
222.739	0.082	saccade	n/a	624.8	237.0	n/a	170.9	295.0	17.34	285.0
222.823	0.122	fixation	n/a	173.2	297.3	2485.0	n/a	n/a	n/a	n/a
222.947	0.02	saccade	n/a	173.3	296.3	n/a	139.2	300.2	1.29	79.0
222.969	0.426	fixation	n/a	148.8	300.6	2469.0	n/a	n/a	n/a	n/a
223.397	0.022	saccade	n/a	191.6	283.4	n/a	222.7	272.9	1.25	67.0
223.421	0.198	fixation	n/a	294.2	253.3	2459.0	n/a	n/a	n/a	n/a
223.621	0.022	saccade	n/a	298.4	251.1	n/a	265.6	248.1	1.26	67.0
223.645	0.084	fixation	n/a	265.5	245.1	2479.0	n/a	n/a	n/a	n/a
223.731	0.048	saccade	n/a	264.2	241.7	n/a	169.1	183.2	4.27	118.0
223.781	0.718	fixation	n/a	125.5	154.5	2481.0	n/a	n/a	n/a	n/a
224.186	0.0	trigger_11	11	n/a	n/a	n/a	n/a	n/a	n/a	n/a
224.29	0.0	trigger_10	10	n/a	n/a	n/a	n/a	n/a	n/a	n/a
224.501	0.028	saccade	n/a	128.3	140.4	n/a	204.1	157.1	2.92	142.0
224.531	0.186	fixation	n/a	216.0	153.2	2501.0	n/a	n/a	n/a	n/a
224.719	0.018	saccade	n/a	214.8	151.7	n/a	189.5	158.9	1.0	70.0
224.739	0.334	fixation	n/a	188.0	157.6	2481.0	n/a	n/a	n/a	n/a
225.075	0.02	saccade	n/a	188.1	155.8	n/a	219.2	156.6	1.18	75.0
225.097	0.218	fixation	n/a	221.1	157.9	2520.0	n/a	n/a	n/a	n/a
225.317	0.018	saccade	n/a	218.3	160.9	n/a	193.8	157.7	0.94	65.0
225.337	0.176	fixation	n/a	197.6	159.6	2592.0	n/a	n/a	n/a	n/a
225.515	0.258	saccade	n/a	198.3	172.7	n/a	244.1	172.0	1.74	861.0
225.549	0.16	blink	n/a	n/a	n/a	n/a	n/a	n/a	n/a	n/a
225.775	0.626	fixation	n/a	243.4	158.3	2650.0	n/a	n/a	n/a	n/a
226.403	0.024	saccade	n/a	256.0	166.4	n/a	305.9	180.8	2.0	115.0
226.429	0.216	fixation	n/a	312.5	183.8	2553.0	n/a	n/a	n/a	n/a
226.647	0.026	saccade	n/a	315.6	184.2	n/a	374.6	173.5	2.32	122.0
226.675	0.152	fixation	n/a	378.2	170.7	2550.0	n/a	n/a	n/a	n/a
226.829	0.018	saccade	n/a	380.2	169.4	n/a	406.3	171.2	1.01	71.0
226.849	0.414	fixation	n/a	410.0	173.6	2520.0	n/a	n/a	n/a	n/a
227.265	0.038	saccade	n/a	410.8	170.4	n/a	492.5	181.8	3.19	112.0
227.305	0.32	fixation	n/a	501.8	183.3	2474.0	n/a	n/a	n/a	n/a
227.627	0.022	saccade	n/a	499.5	183.0	n/a	461.0	181.3	1.49	93.0
227.651	0.118	fixation	n/a	460.4	180.7	2482.0	n/a	n/a	n/a	n/a
227.771	0.022	saccade	n/a	457.2	180.0	n/a	417.7	176.9	1.53	96.0
227.795	0.192	fixation	n/a	418.4	174.1	2488.0	n/a	n/a	n/a	n/a
227.989	0.034	saccade	n/a	419.9	176.8	n/a	512.3	187.8	3.6	174.0
228.025	0.164	fixation	n/a	511.6	188.4	2508.0	n/a	n/a	n/a	n/a
228.191	0.034	saccade	n/a	513.1	188.0	n/a	622.5	185.7	4.19	218.0
228.227	0.126	fixation	n/a	623.4	184.1	2524.0	n/a	n/a	n/a	n/a
228.355	0.078	saccade	n/a	624.8	185.1	n/a	162.6	238.7	17.6	419.0
228.435	0.152	fixation	n/a	162.6	239.2	2611.0	n/a	n/a	n/a	n/a
228.589	0.016	saccade	n/a	157.7	240.4	n/a	142.9	249.6	0.66	49.0
228.607	0.198	fixation	n/a	145.7	249.7	2623.0	n/a	n/a	n/a	n/a
228.807	0.028	saccade	n/a	146.6	249.8	n/a	225.0	241.2	2.99	169.0
228.837	0.168	fixation	n/a	229.0	238.5	2664.0	n/a	n/a	n/a	n/a
229.007	0.026	saccade	n/a	231.9	238.7	n/a	305.9	240.1	2.84	152.0
229.035	0.26	fixation	n/a	313.1	240.4	2660.0	n/a	n/a	n/a	n/a
229.297	0.048	saccade	n/a	315.5	239.3	n/a	463.3	239.1	5.7	204.0
229.347	0.176	fixation	n/a	466.2	239.6	2646.0	n/a	n/a	n/a	n/a
229.525	0.032	saccade	n/a	469.4	238.6	n/a	581.8	240.3	4.32	194.0
229.559	0.258	fixation	n/a	592.9	240.0	2584.0	n/a	n/a	n/a	n/a
229.819	0.024	saccade	n/a	599.5	242.5	n/a	654.7	243.7	2.1	118.0
229.845	0.114	fixation	n/a	658.4	244.4	2540.0	n/a	n/a	n/a	n/a
229.961	0.022	saccade	n/a	661.7	243.2	n/a	702.7	245.0	1.54	96.0
229.985	0.09	fixation	n/a	701.2	245.2	2521.0	n/a	n/a	n/a	n/a
230.077	0.088	saccade	n/a	702.1	244.7	n/a	148.9	300.9	20.79	379.0
230.167	0.446	fixation	n/a	143.6	303.1	2581.0	n/a	n/a	n/a	n/a
230.615	0.038	saccade	n/a	134.1	304.1	n/a	285.6	304.7	5.73	233.0
230.655	0.362	fixation	n/a	303.1	301.6	2507.0	n/a	n/a	n/a	n/a
231.019	0.244	saccade	n/a	287.0	306.0	n/a	473.4	299.6	7.17	860.0
231.043	0.162	blink	n/a	n/a	n/a	n/a	n/a	n/a	n/a	n/a
231.265	0.354	fixation	n/a	470.1	288.2	2371.0	n/a	n/a	n/a	n/a
231.621	0.036	saccade	n/a	473.5	290.7	n/a	551.6	295.6	3.01	121.0
231.659	0.138	fixation	n/a	563.0	293.3	2277.0	n/a	n/a	n/a	n/a
231.799	0.07	saccade	n/a	563.2	295.1	n/a	158.8	354.6	15.49	380.0
231.871	0.152	fixation	n/a	165.8	359.0	2389.0	n/a	n/a	n/a	n/a
232.025	0.02	saccade	n/a	167.2	361.8	n/a	138.2	362.3	1.09	71.0
232.047	0.316	fixation	n/a	129.8	362.8	2395.0	n/a	n/a	n/a	n/a
232.365	0.044	saccade	n/a	121.9	360.5	n/a	130.9	190.2	6.56	278.0
232.411	0.17	fixation	n/a	140.7	195.6	2455.0	n/a	n/a	n/a	n/a
232.583	0.02	saccade	n/a	147.2	191.7	n/a	149.3	157.0	1.34	86.0
232.605	0.394	fixation	n/a	152.2	158.0	2507.0	n/a	n/a	n/a	n/a
232.642	0.0	trigger_11	11	n/a	n/a	n/a	n/a	n/a	n/a	n/a
232.746	0.0	trigger_10	10	n/a	n/a	n/a	n/a	n/a	n/a	n/a
233.001	0.03	saccade	n/a	153.9	156.3	n/a	252.5	148.8	3.74	186.0
233.033	0.242	fixation	n/a	255.9	151.1	2598.0	n/a	n/a	n/a	n/a
233.277	0.024	saccade	n/a	258.5	155.1	n/a	305.6	168.8	1.89	115.0
233.303	0.286	fixation	n/a	306.8	170.3	2632.0	n/a	n/a	n/a	n/a
233.591	0.032	saccade	n/a	310.2	173.7	n/a	404.0	175.6	3.62	208.0
233.625	0.182	fixation	n/a	403.7	175.0	2656.0	n/a	n/a	n/a	n/a
233.809	0.03	saccade	n/a	405.5	174.0	n/a	485.5	179.9	3.1	155.0
233.841	0.294	fixation	n/a	485.5	179.8	2690.0	n/a	n/a	n/a	n/a
234.137	0.018	saccade	n/a	482.8	181.9	n/a	459.4	182.3	0.9	67.0
234.157	0.12	fixation	n/a	464.3	182.8	2664.0	n/a	n/a	n/a	n/a
234.279	0.026	saccade	n/a	465.1	183.2	n/a	530.1	184.0	2.51	148.0
234.307	0.2	fixation	n/a	531.6	179.3	2643.0	n/a	n/a	n/a	n/a
234.509	0.03	saccade	n/a	533.8	180.9	n/a	621.3	169.6	3.37	158.0
234.541	0.174	fixation	n/a	646.1	172.6	2644.0	n/a	n/a	n/a	n/a
234.717	0.132	saccade	n/a	645.3	173.1	n/a	157.5	231.5	18.51	245.0
234.851	0.128	fixation	n/a	165.6	237.1	2702.0	n/a	n/a	n/a	n/a
234.981	0.022	saccade	n/a	163.9	233.3	n/a	120.0	231.4	1.64	101.0
235.005	0.226	fixation	n/a	120.3	232.8	2643.0	n/a	n/a	n/a	n/a
235.233	0.032	saccade	n/a	124.6	234.8	n/a	208.1	239.1	3.15	163.0
235.267	0.16	fixation	n/a	208.9	237.0	2634.0	n/a	n/a	n/a	n/a
235.429	0.038	saccade	n/a	210.9	239.3	n/a	357.4	237.6	5.62	271.0
235.469	0.322	fixation	n/a	360.6	238.4	2604.0	n/a	n/a	n/a	n/a
235.793	0.028	saccade	n/a	358.1	236.9	n/a	295.9	229.4	2.41	150.0
235.823	0.25	fixation	n/a	302.5	231.1	2614.0	n/a	n/a	n/a	n/a
236.075	0.032	saccade	n/a	306.0	232.0	n/a	399.0	237.5	3.6	180.0
236.109	0.13	fixation	n/a	399.3	237.5	2626.0	n/a	n/a	n/a	n/a
236.241	0.03	saccade	n/a	401.1	237.5	n/a	475.1	235.4	2.86	181.0
236.273	0.318	fixation	n/a	471.8	237.0	2633.0	n/a	n/a	n/a	n/a
236.593	0.018	saccade	n/a	469.8	238.2	n/a	447.8	233.3	0.87	65.0
236.613	0.11	fixation	n/a	453.5	232.7	2652.0	n/a	n/a	n/a	n/a
236.725	0.028	saccade	n/a	455.4	231.6	n/a	529.4	233.8	2.85	134.0
236.755	0.168	fixation	n/a	533.3	233.8	2613.0	n/a	n/a	n/a	n/a
236.925	0.03	saccade	n/a	530.1	236.6	n/a	450.1	240.1	3.09	161.0
236.957	0.17	fixation	n/a	449.4	239.1	2638.0	n/a	n/a	n/a	n/a
237.129	0.234	saccade	n/a	451.6	245.3	n/a	460.6	233.8	0.57	1338.0
237.155	0.148	blink	n/a	n/a	n/a	n/a	n/a	n/a	n/a	n/a
237.365	0.53	fixation	n/a	457.1	235.5	2558.0	n/a	n/a	n/a	n/a
237.897	0.014	saccade	n/a	468.4	242.0	n/a	482.5	242.8	0.55	43.0
237.913	0.126	fixation	n/a	486.5	245.1	2489.0	n/a	n/a	n/a	n/a
238.041	0.022	saccade	n/a	490.0	243.8	n/a	522.9	243.4	1.27	70.0
238.065	0.246	fixation	n/a	534.5	247.1	2461.0	n/a	n/a	n/a	n/a
238.313	0.086	saccade	n/a	544.6	249.1	n/a	110.6	291.9	16.49	335.0
238.401	0.238	fixation	n/a	103.3	292.1	2474.0	n/a	n/a	n/a	n/a
238.641	0.058	saccade	n/a	97.0	280.8	n/a	135.4	62.4	8.47	260.0
238.701	0.148	fixation	n/a	143.7	97.5	2437.0	n/a	n/a	n/a	n/a
238.842	0.0	trigger_11	11	n/a	n/a	n/a	n/a	n/a	n/a	n/a
238.851	0.02	saccade	n/a	146.5	113.8	n/a	145.7	147.9	1.31	85.0
238.873	0.3	fixation	n/a	147.6	136.2	2455.0	n/a	n/a	n/a	n/a
238.948	0.0	trigger_10	10	n/a	n/a	n/a	n/a	n/a	n/a	n/a
239.175	0.026	saccade	n/a	145.7	131.1	n/a	203.9	154.2	2.36	129.0
239.203	0.166	fixation	n/a	214.9	154.5	2495.0	n/a	n/a	n/a	n/a
239.371	0.024	saccade	n/a	221.5	154.3	n/a	284.0	159.3	2.39	135.0
239.397	0.152	fixation	n/a	290.9	161.7	2446.0	n/a	n/a	n/a	n/a
239.551	0.036	saccade	n/a	292.3	163.1	n/a	422.7	164.5	5.04	233.0
239.589	0.176	fixation	n/a	423.7	171.7	2427.0	n/a	n/a	n/a	n/a
239.767	0.024	saccade	n/a	426.6	172.1	n/a	469.6	175.5	1.67	90.0
239.793	0.142	fixation	n/a	476.2	178.8	2422.0	n/a	n/a	n/a	n/a
239.937	0.036	saccade	n/a	475.7	179.6	n/a	353.5	145.6	4.9	194.0
239.975	0.28	fixation	n/a	346.3	147.1	2460.0	n/a	n/a	n/a	n/a
240.257	0.022	saccade	n/a	350.0	145.6	n/a	396.8	144.3	1.81	112.0
240.281	0.294	fixation	n/a	413.8	165.6	2514.0	n/a	n/a	n/a	n/a
240.577	0.054	saccade	n/a	433.3	173.8	n/a	160.9	252.0	10.85	361.0
240.633	0.276	fixation	n/a	162.7	247.4	2592.0	n/a	n/a	n/a	n/a
240.911	0.034	saccade	n/a	166.4	245.8	n/a	271.0	230.8	4.02	204.0
240.947	0.298	fixation	n/a	272.4	230.7	2634.0	n/a	n/a	n/a	n/a
241.247	0.028	saccade	n/a	276.3	233.6	n/a	363.9	235.5	3.38	187.0
241.277	0.114	fixation	n/a	369.6	232.0	2626.0	n/a	n/a	n/a	n/a
241.393	0.23	saccade	n/a	369.7	237.3	n/a	482.9	255.1	4.43	1091.0
241.425	0.152	blink	n/a	n/a	n/a	n/a	n/a	n/a	n/a	n/a
241.625	0.222	fixation	n/a	479.3	240.2	2605.0	n/a	n/a	n/a	n/a
241.849	0.022	saccade	n/a	480.6	241.0	n/a	531.4	239.6	1.96	125.0
241.873	0.218	fixation	n/a	533.9	243.0	2542.0	n/a	n/a	n/a	n/a
242.093	0.028	saccade	n/a	535.8	244.3	n/a	602.7	246.3	2.56	126.0
242.123	0.238	fixation	n/a	604.3	248.6	2466.0	n/a	n/a	n/a	n/a
242.363	0.028	saccade	n/a	603.5	250.6	n/a	691.8	247.2	3.34	177.0
242.393	0.186	fixation	n/a	714.6	244.8	2483.0	n/a	n/a	n/a	n/a
242.581	0.082	saccade	n/a	715.3	243.0	n/a	156.3	293.4	20.99	496.0
242.665	0.12	fixation	n/a	161.8	293.3	2626.0	n/a	n/a	n/a	n/a
242.787	0.022	saccade	n/a	160.7	290.9	n/a	121.6	291.8	1.46	94.0
242.811	0.154	fixation	n/a	127.7	293.2	2615.0	n/a	n/a	n/a	n/a
242.967	0.044	saccade	n/a	130.5	294.4	n/a	287.6	302.7	5.95	217.0
243.013	0.224	fixation	n/a	294.4	304.5	2558.0	n/a	n/a	n/a	n/a
243.239	0.032	saccade	n/a	295.9	303.1	n/a	397.7	292.7	3.94	204.0
243.273	0.152	fixation	n/a	406.2	293.9	2530.0	n/a	n/a	n/a	n/a
243.427	0.026	saccade	n/a	409.1	293.4	n/a	472.6	294.5	2.45	137.0
243.455	0.162	fixation	n/a	480.9	292.3	2513.0	n/a	n/a	n/a	n/a
243.619	0.026	saccade	n/a	483.6	290.6	n/a	526.5	295.3	1.66	79.0
243.647	0.166	fixation	n/a	539.0	294.7	2482.0	n/a	n/a	n/a	n/a
243.815	0.02	saccade	n/a	537.4	294.2	n/a	508.6	293.3	1.11	73.0
243.837	0.326	fixation	n/a	512.1	291.0	2478.0	n/a	n/a	n/a	n/a
244.165	0.242	saccade	n/a	519.3	296.0	n/a	588.2	302.9	2.66	1276.0
244.201	0.14	blink	n/a	n/a	n/a	n/a	n/a	n/a	n/a	n/a
244.409	0.114	fixation	n/a	574.2	282.9	2497.0	n/a	n/a	n/a	n/a
244.525	0.062	saccade	n/a	567.4	279.4	n/a	172.9	350.7	15.22	379.0
244.589	0.128	fixation	n/a	171.4	353.4	2667.0	n/a	n/a	n/a	n/a
244.719	0.022	saccade	n/a	168.8	355.0	n/a	132.7	351.1	1.36	104.0
244.743	0.37	fixation	n/a	135.2	349.2	2591.0	n/a	n/a	n/a	n/a
245.115	0.03	saccade	n/a	133.0	348.7	n/a	229.4	366.4	3.69	182.0
245.147	0.212	fixation	n/a	242.6	367.6	2587.0	n/a	n/a	n/a	n/a
245.361	0.028	saccade	n/a	246.5	367.7	n/a	319.9	368.0	2.81	159.0
245.391	0.14	fixation	n/a	322.0	366.7	2577.0	n/a	n/a	n/a	n/a
245.533	0.026	saccade	n/a	325.9	364.8	n/a	398.6	355.4	2.83	144.0
245.561	0.182	fixation	n/a	408.5	351.8	2535.0	n/a	n/a	n/a	n/a
245.745	0.278	saccade	n/a	396.9	329.5	n/a	145.7	174.1	11.32	1458.0
245.771	0.18	blink	n/a	n/a	n/a	n/a	n/a	n/a	n/a	n/a
246.025	0.364	fixation	n/a	150.1	169.4	2548.0	n/a	n/a	n/a	n/a
246.068	0.0	trigger_11	11	n/a	n/a	n/a	n/a	n/a	n/a	n/a
246.17	0.0	trigger_10	10	n/a	n/a	n/a	n/a	n/a	n/a	n/a
246.391	0.028	saccade	n/a	154.3	166.6	n/a	236.7	165.2	3.11	152.0
246.421	0.22	fixation	n/a	251.6	161.3	2499.0	n/a	n/a	n/a	n/a
246.643	0.036	saccade	n/a	262.9	161.3	n/a	372.1	172.1	4.22	153.0
246.681	0.17	fixation	n/a	378.5	174.9	2482.0	n/a	n/a	n/a	n/a
246.853	0.024	saccade	n/a	382.2	176.4	n/a	437.7	183.0	2.16	129.0
246.879	0.354	fixation	n/a	451.3	183.5	2433.0	n/a	n/a	n/a	n/a
247.235	0.028	saccade	n/a	463.3	184.7	n/a	531.0	192.4	2.63	132.0
247.265	0.272	fixation	n/a	552.1	194.3	2426.0	n/a	n/a	n/a	n/a
247.539	0.098	saccade	n/a	564.1	198.2	n/a	207.4	213.6	13.63	251.0
247.639	0.088	fixation	n/a	205.5	221.9	2499.0	n/a	n/a	n/a	n/a
247.729	0.024	saccade	n/a	209.8	220.5	n/a	161.5	221.1	1.83	98.0
247.755	0.174	fixation	n/a	156.4	223.9	2489.0	n/a	n/a	n/a	n/a
247.931	0.018	saccade	n/a	155.2	224.7	n/a	130.3	228.2	0.94	63.0
247.951	0.132	fixation	n/a	134.1	229.9	2498.0	n/a	n/a	n/a	n/a
248.012	0.0	trigger_11	11	n/a	n/a	n/a	n/a	n/a	n/a	n/a
248.085	0.038	saccade	n/a	139.4	229.8	n/a	268.9	232.4	4.91	240.0
248.116	0.0	trigger_10	10	n/a	n/a	n/a	n/a	n/a	n/a	n/a
248.125	0.206	fixation	n/a	270.8	232.5	2507.0	n/a	n/a	n/a	n/a
248.333	0.036	saccade	n/a	276.5	230.2	n/a	159.2	178.5	4.89	267.0
248.371	0.366	fixation	n/a	168.2	178.0	2531.0	n/a	n/a	n/a	n/a
248.739	0.018	saccade	n/a	163.5	177.7	n/a	136.6	174.3	1.02	69.0
248.759	0.42	fixation	n/a	129.9	176.8	2601.0	n/a	n/a	n/a	n/a
249.181	0.024	saccade	n/a	128.1	177.8	n/a	174.4	175.8	1.74	90.0
249.207	0.146	fixation	n/a	187.9	174.4	2688.0	n/a	n/a	n/a	n/a
249.355	0.034	saccade	n/a	190.2	173.9	n/a	313.2	176.0	4.7	208.0
249.391	0.296	fixation	n/a	322.0	177.6	2680.0	n/a	n/a	n/a	n/a
249.689	0.022	saccade	n/a	321.9	177.2	n/a	286.4	170.8	1.39	88.0
249.713	0.306	fixation	n/a	287.9	171.9	2638.0	n/a	n/a	n/a	n/a
250.021	0.044	saccade	n/a	285.1	173.6	n/a	461.2	181.4	6.81	215.0
250.067	0.234	fixation	n/a	481.5	179.9	2615.0	n/a	n/a	n/a	n/a
250.303	0.018	saccade	n/a	479.9	179.7	n/a	456.1	174.7	0.94	68.0
250.323	0.098	fixation	n/a	459.4	173.0	2624.0	n/a	n/a	n/a	n/a
250.423	0.03	saccade	n/a	461.4	172.0	n/a	557.0	180.8	3.69	178.0
250.455	0.144	fixation	n/a	570.3	177.9	2572.0	n/a	n/a	n/a	n/a
250.601	0.068	saccade	n/a	567.9	181.2	n/a	149.6	228.6	15.98	360.0
250.671	0.226	fixation	n/a	154.7	229.4	2669.0	n/a	n/a	n/a	n/a
250.899	0.038	saccade	n/a	155.3	230.1	n/a	291.9	231.2	5.19	259.0
250.939	0.128	fixation	n/a	293.5	233.9	2676.0	n/a	n/a	n/a	n/a
251.069	0.186	saccade	n/a	298.6	242.1	n/a	440.9	244.8	5.48	1836.0
251.097	0.116	blink	n/a	n/a	n/a	n/a	n/a	n/a	n/a	n/a
251.257	0.272	fixation	n/a	438.1	236.3	2712.0	n/a	n/a	n/a	n/a
251.531	0.022	saccade	n/a	436.4	240.0	n/a	401.2	235.9	1.37	94.0
251.555	0.274	fixation	n/a	401.8	236.7	2695.0	n/a	n/a	n/a	n/a
251.831	0.038	saccade	n/a	394.0	239.5	n/a	532.4	250.0	5.36	213.0
251.871	0.128	fixation	n/a	536.7	248.0	2710.0	n/a	n/a	n/a	n/a
252.001	0.026	saccade	n/a	536.7	245.6	n/a	598.3	252.2	2.37	138.0
252.029	0.148	fixation	n/a	599.8	254.0	2816.0	n/a	n/a	n/a	n/a
252.179	0.072	saccade	n/a	600.1	254.8	n/a	147.0	294.0	17.2	388.0
252.253	0.158	fixation	n/a	149.5	294.8	2870.0	n/a	n/a	n/a	n/a
252.413	0.02	saccade	n/a	145.9	293.7	n/a	110.3	292.2	1.33	90.0
252.435	0.124	fixation	n/a	114.6	291.4	2843.0	n/a	n/a	n/a	n/a
252.561	0.036	saccade	n/a	114.7	292.0	n/a	229.2	291.0	4.3	240.0
252.599	0.172	fixation	n/a	233.4	292.8	2817.0	n/a	n/a	n/a	n/a
252.773	0.034	saccade	n/a	235.6	291.3	n/a	143.9	188.6	5.28	271.0
252.809	0.362	fixation	n/a	150.0	187.4	2786.0	n/a	n/a	n/a	n/a
252.844	0.0	trigger_11	11	n/a	n/a	n/a	n/a	n/a	n/a	n/a
252.946	0.0	trigger_10	10	n/a	n/a	n/a	n/a	n/a	n/a	n/a
253.173	0.034	saccade	n/a	150.3	190.3	n/a	255.8	190.1	4.0	209.0
253.209	0.198	fixation	n/a	255.1	189.1	2851.0	n/a	n/a	n/a	n/a
253.409	0.034	saccade	n/a	257.8	189.4	n/a	360.7	185.0	3.96	195.0
253.445	0.238	fixation	n/a	363.3	185.5	2784.0	n/a	n/a	n/a	n/a
253.685	0.026	saccade	n/a	366.1	186.1	n/a	432.1	184.6	2.56	138.0
253.713	0.222	fixation	n/a	438.1	180.7	2749.0	n/a	n/a	n/a	n/a
253.937	0.026	saccade	n/a	438.2	180.6	n/a	366.7	178.2	2.76	152.0
253.965	0.096	fixation	n/a	369.1	179.2	2735.0	n/a	n/a	n/a	n/a
254.063	0.03	saccade	n/a	370.8	180.8	n/a	474.6	173.9	4.02	216.0
254.095	0.202	fixation	n/a	503.9	176.4	2692.0	n/a	n/a	n/a	n/a
254.299	0.23	saccade	n/a	503.8	189.8	n/a	313.8	216.2	7.41	2892.0
254.327	0.152	blink	n/a	n/a	n/a	n/a	n/a	n/a	n/a	n/a
254.531	0.238	fixation	n/a	317.2	208.4	2683.0	n/a	n/a	n/a	n/a
254.771	0.024	saccade	n/a	325.4	204.9	n/a	369.3	186.8	1.84	100.0
254.797	0.252	fixation	n/a	368.3	184.8	2560.0	n/a	n/a	n/a	n/a
255.051	0.026	saccade	n/a	365.5	186.6	n/a	297.9	189.1	2.62	146.0
255.079	0.102	fixation	n/a	295.8	188.9	2519.0	n/a	n/a	n/a	n/a
255.183	0.026	saccade	n/a	296.0	189.6	n/a	238.1	183.4	2.24	119.0
255.211	0.134	fixation	n/a	233.0	182.3	2532.0	n/a	n/a	n/a	n/a
255.347	0.028	saccade	n/a	229.9	181.5	n/a	144.7	179.9	3.22	168.0
255.377	0.204	fixation	n/a	144.7	180.4	2532.0	n/a	n/a	n/a	n/a
255.583	0.014	saccade	n/a	151.6	177.9	n/a	165.8	178.4	0.54	42.0
255.599	0.126	fixation	n/a	167.4	176.4	2517.0	n/a	n/a	n/a	n/a
255.727	0.05	saccade	n/a	170.9	177.6	n/a	355.7	188.4	7.08	205.0
255.779	0.124	fixation	n/a	363.9	191.6	2487.0	n/a	n/a	n/a	n/a
255.905	0.024	saccade	n/a	367.5	194.4	n/a	407.2	192.5	1.54	78.0
255.931	0.138	fixation	n/a	419.5	188.8	2478.0	n/a	n/a	n/a	n/a
256.071	0.034	saccade	n/a	421.9	188.0	n/a	524.8	182.4	3.99	151.0
256.107	0.17	fixation	n/a	534.9	186.3	2424.0	n/a	n/a	n/a	n/a
256.279	0.026	saccade	n/a	538.4	189.5	n/a	586.6	191.0	1.85	82.0
256.307	0.188	fixation	n/a	611.4	190.6	2378.0	n/a	n/a	n/a	n/a
256.497	0.092	saccade	n/a	605.4	189.4	n/a	159.7	220.2	16.96	291.0
256.591	0.242	fixation	n/a	142.2	228.0	2448.0	n/a	n/a	n/a	n/a
256.835	0.03	saccade	n/a	149.8	231.3	n/a	224.4	237.0	2.83	115.0
256.867	0.2	fixation	n/a	268.6	240.6	2425.0	n/a	n/a	n/a	n/a
257.069	0.028	saccade	n/a	278.7	242.2	n/a	348.7	239.5	2.7	125.0
257.099	0.136	fixation	n/a	359.8	241.7	2419.0	n/a	n/a	n/a	n/a
257.237	0.038	saccade	n/a	362.3	240.8	n/a	453.7	256.5	3.6	118.0
257.277	0.17	fixation	n/a	472.0	259.9	2363.0	n/a	n/a	n/a	n/a
257.449	0.026	saccade	n/a	475.7	259.8	n/a	541.8	262.0	2.55	126.0
257.477	0.182	fixation	n/a	555.0	264.4	2326.0	n/a	n/a	n/a	n/a
257.661	0.092	saccade	n/a	553.0	256.8	n/a	233.1	142.6	12.99	273.0
257.684	0.0	trigger_11	11	n/a	n/a	n/a	n/a	n/a	n/a	n/a
257.755	0.154	fixation	n/a	244.7	149.3	2383.0	n/a	n/a	n/a	n/a
257.788	0.0	trigger_12	12	n/a	n/a	n/a	n/a	n/a	n/a	n/a
257.911	0.026	saccade	n/a	243.3	152.2	n/a	169.4	155.8	2.81	160.0
257.939	0.13	fixation	n/a	166.8	150.1	2423.0	n/a	n/a	n/a	n/a
258.071	0.016	saccade	n/a	162.1	148.3	n/a	147.1	159.1	0.7	51.0
258.089	0.172	fixation	n/a	145.9	155.5	2494.0	n/a	n/a	n/a	n/a
258.263	0.024	saccade	n/a	148.9	155.3	n/a	200.0	171.5	2.02	122.0
258.289	0.114	fixation	n/a	204.0	174.0	2463.0	n/a	n/a	n/a	n/a
258.405	0.19	saccade	n/a	205.7	181.6	n/a	264.0	171.6	2.26	950.0
258.433	0.11	blink	n/a	n/a	n/a	n/a	n/a	n/a	n/a	n/a
258.597	0.19	fixation	n/a	261.7	165.7	2639.0	n/a	n/a	n/a	n/a
258.789	0.022	saccade	n/a	262.4	167.0	n/a	307.6	184.6	1.87	124.0
258.813	0.282	fixation	n/a	305.1	183.7	2791.0	n/a	n/a	n/a	n/a
259.097	0.028	saccade	n/a	307.4	185.4	n/a	395.7	192.2	3.41	191.0
259.127	0.404	fixation	n/a	411.5	189.8	2735.0	n/a	n/a	n/a	n/a
259.533	0.018	saccade	n/a	411.1	189.8	n/a	384.4	186.4	1.04	73.0
259.553	0.158	fixation	n/a	388.2	187.4	2730.0	n/a	n/a	n/a	n/a
259.713	0.04	saccade	n/a	392.3	187.2	n/a	511.4	179.3	4.62	199.0
259.755	0.146	fixation	n/a	506.1	181.3	2706.0	n/a	n/a	n/a	n/a
259.903	0.062	saccade	n/a	507.3	183.3	n/a	144.8	245.5	13.99	398.0
259.967	0.222	fixation	n/a	147.4	243.1	2779.0	n/a	n/a	n/a	n/a
260.191	0.038	saccade	n/a	148.3	245.6	n/a	281.3	247.6	5.04	270.0
260.231	0.25	fixation	n/a	282.9	251.6	2705.0	n/a	n/a	n/a	n/a
260.483	0.034	saccade	n/a	285.4	254.0	n/a	395.6	259.0	4.26	217.0
260.519	0.204	fixation	n/a	392.9	259.4	2701.0	n/a	n/a	n/a	n/a
260.725	0.022	saccade	n/a	394.9	258.4	n/a	444.4	257.7	1.92	128.0
260.749	0.078	fixation	n/a	448.3	254.6	2716.0	n/a	n/a	n/a	n/a
260.829	0.054	saccade	n/a	449.7	255.4	n/a	192.1	182.0	10.28	348.0
260.86	0.0	trigger_13	13	n/a	n/a	n/a	n/a	n/a	n/a	n/a
260.885	0.31	fixation	n/a	193.6	187.8	2789.0	n/a	n/a	n/a	n/a
261.197	0.028	saccade	n/a	195.5	184.6	n/a	271.9	178.8	2.92	148.0
261.227	0.154	fixation	n/a	276.3	177.9	2819.0	n/a	n/a	n/a	n/a
261.383	0.026	saccade	n/a	278.7	179.1	n/a	342.2	184.4	2.46	160.0
261.411	0.144	fixation	n/a	342.3	186.2	2741.0	n/a	n/a	n/a	n/a
261.557	0.04	saccade	n/a	342.6	187.9	n/a	187.9	254.6	6.47	318.0
261.599	0.238	fixation	n/a	184.4	248.4	2869.0	n/a	n/a	n/a	n/a
261.839	0.028	saccade	n/a	183.6	254.5	n/a	184.9	305.6	1.99	122.0
261.869	0.28	fixation	n/a	184.9	301.4	2910.0	n/a	n/a	n/a	n/a
262.151	0.026	saccade	n/a	184.1	295.8	n/a	138.2	251.3	2.44	132.0
262.179	0.188	fixation	n/a	145.4	247.9	2906.0	n/a	n/a	n/a	n/a
262.369	0.018	saccade	n/a	141.3	247.8	n/a	115.5	246.9	0.97	73.0
262.389	0.184	fixation	n/a	119.8	246.1	2894.0	n/a	n/a	n/a	n/a
262.575	0.028	saccade	n/a	119.9	244.9	n/a	166.3	295.5	2.61	143.0
262.605	0.354	fixation	n/a	168.2	295.2	2927.0	n/a	n/a	n/a	n/a
262.756	0.0	trigger_15	15	n/a	n/a	n/a	n/a	n/a	n/a	n/a
262.81	0.0	trigger_10	10	n/a	n/a	n/a	n/a	n/a	n/a	n/a
262.961	0.036	saccade	n/a	168.7	291.5	n/a	164.5	172.4	4.6	243.0
262.999	0.348	fixation	n/a	167.6	177.8	2827.0	n/a	n/a	n/a	n/a
263.349	0.222	saccade	n/a	157.0	176.4	n/a	263.6	175.3	4.05	2287.0
263.381	0.142	blink	n/a	n/a	n/a	n/a	n/a	n/a	n/a	n/a
263.573	0.166	fixation	n/a	265.7	172.5	2730.0	n/a	n/a	n/a	n/a
263.741	0.02	saccade	n/a	263.1	174.3	n/a	230.8	180.5	1.26	86.0
263.763	0.37	fixation	n/a	229.6	180.2	2690.0	n/a	n/a	n/a	n/a
264.135	0.026	saccade	n/a	224.3	180.9	n/a	295.0	185.1	2.71	150.0
264.163	0.16	fixation	n/a	297.1	189.8	2627.0	n/a	n/a	n/a	n/a
264.325	0.172	saccade	n/a	296.0	195.6	n/a	521.0	196.1	8.67	2382.0
264.353	0.104	blink	n/a	n/a	n/a	n/a	n/a	n/a	n/a	n/a
264.499	0.176	fixation	n/a	521.8	192.2	2635.0	n/a	n/a	n/a	n/a
264.677	0.034	saccade	n/a	521.3	194.2	n/a	623.3	196.9	3.89	211.0
264.713	0.152	fixation	n/a	620.7	199.0	2649.0	n/a	n/a	n/a	n/a
264.867	0.06	saccade	n/a	621.9	197.6	n/a	239.3	242.0	14.65	441.0
264.929	0.218	fixation	n/a	234.7	242.3	2624.0	n/a	n/a	n/a	n/a
265.149	0.022	saccade	n/a	230.8	244.0	n/a	194.1	245.6	1.4	90.0
265.173	0.156	fixation	n/a	194.5	247.7	2648.0	n/a	n/a	n/a	n/a
265.331	0.038	saccade	n/a	193.9	244.1	n/a	317.1	245.6	4.7	206.0
265.371	0.152	fixation	n/a	318.6	245.6	2689.0	n/a	n/a	n/a	n/a
265.525	0.032	saccade	n/a	321.7	243.9	n/a	416.2	249.7	3.66	196.0
265.559	0.29	fixation	n/a	420.7	250.8	2694.0	n/a	n/a	n/a	n/a
265.851	0.03	saccade	n/a	422.0	250.6	n/a	524.6	254.6	3.96	200.0
265.883	0.242	fixation	n/a	536.0	255.7	2687.0	n/a	n/a	n/a	n/a
266.127	0.066	saccade	n/a	536.2	255.6	n/a	176.1	195.7	13.92	357.0
266.195	0.124	fixation	n/a	175.7	196.0	2762.0	n/a	n/a	n/a	n/a
266.321	0.02	saccade	n/a	171.6	193.7	n/a	137.0	185.5	1.34	93.0
266.343	0.408	fixation	n/a	146.0	187.3	2749.0	n/a	n/a	n/a	n/a
266.412	0.0	trigger_11	11	n/a	n/a	n/a	n/a	n/a	n/a	n/a
266.516	0.0	trigger_10	10	n/a	n/a	n/a	n/a	n/a	n/a	n/a
266.753	0.04	saccade	n/a	149.4	186.9	n/a	271.4	182.7	4.62	171.0
266.795	0.18	fixation	n/a	272.8	182.8	2749.0	n/a	n/a	n/a	n/a
266.977	0.028	saccade	n/a	276.2	183.1	n/a	350.9	187.6	2.88	149.0
267.007	0.154	fixation	n/a	357.3	186.7	2692.0	n/a	n/a	n/a	n/a
267.163	0.216	saccade	n/a	361.0	189.9	n/a	464.8	193.7	4.01	947.0
267.189	0.136	blink	n/a	n/a	n/a	n/a	n/a	n/a	n/a	n/a
267.381	0.174	fixation	n/a	464.8	183.9	2603.0	n/a	n/a	n/a	n/a
267.557	0.014	saccade	n/a	470.1	186.0	n/a	486.4	187.2	0.63	51.0
267.573	0.028	fixation	n/a	487.0	186.0	2635.0	n/a	n/a	n/a	n/a
267.603	0.05	saccade	n/a	483.5	185.9	n/a	242.8	178.4	9.24	338.0
267.655	0.334	fixation	n/a	247.0	185.7	2641.0	n/a	n/a	n/a	n/a
267.991	0.022	saccade	n/a	251.2	186.0	n/a	285.9	190.3	1.34	82.0
268.015	0.218	fixation	n/a	287.5	191.2	2596.0	n/a	n/a	n/a	n/a
268.235	0.02	saccade	n/a	291.8	190.5	n/a	324.6	193.2	1.27	82.0
268.257	0.136	fixation	n/a	325.3	192.0	2599.0	n/a	n/a	n/a	n/a
268.395	0.028	saccade	n/a	328.2	192.7	n/a	388.0	194.9	2.31	103.0
268.425	0.166	fixation	n/a	404.1	193.3	2567.0	n/a	n/a	n/a	n/a
268.593	0.018	saccade	n/a	409.0	193.0	n/a	436.7	193.3	1.07	76.0
268.613	0.17	fixation	n/a	444.9	193.5	2518.0	n/a	n/a	n/a	n/a
268.785	0.02	saccade	n/a	450.3	195.0	n/a	476.9	193.3	1.03	56.0
268.807	0.09	fixation	n/a	489.6	192.5	2475.0	n/a	n/a	n/a	n/a
268.899	0.02	saccade	n/a	496.8	190.9	n/a	524.1	191.4	1.05	56.0
268.921	0.544	fixation	n/a	554.9	200.2	2430.0	n/a	n/a	n/a	n/a
269.467	0.09	saccade	n/a	518.2	198.7	n/a	102.8	229.7	15.78	272.0
269.559	0.226	fixation	n/a	114.8	233.2	2465.0	n/a	n/a	n/a	n/a
269.787	0.024	saccade	n/a	121.0	224.6	n/a	124.3	187.6	1.43	67.0
269.813	0.142	fixation	n/a	138.3	152.8	2445.0	n/a	n/a	n/a	n/a
269.957	0.016	saccade	n/a	140.0	162.2	n/a	119.5	169.6	0.82	59.0
269.975	0.404	fixation	n/a	124.8	172.0	2469.0	n/a	n/a	n/a	n/a
270.102	0.0	trigger_11	11	n/a	n/a	n/a	n/a	n/a	n/a	n/a
270.204	0.0	trigger_10	10	n/a	n/a	n/a	n/a	n/a	n/a	n/a
270.381	0.026	saccade	n/a	125.2	172.6	n/a	183.2	180.5	2.2	114.0
270.409	0.184	fixation	n/a	193.0	183.4	2503.0	n/a	n/a	n/a	n/a
270.595	0.026	saccade	n/a	198.6	184.9	n/a	255.1	188.2	2.16	110.0
270.623	0.13	fixation	n/a	271.7	187.8	2462.0	n/a	n/a	n/a	n/a
270.755	0.264	saccade	n/a	273.9	193.3	n/a	274.8	178.0	0.6	1056.0
270.785	0.152	blink	n/a	n/a	n/a	n/a	n/a	n/a	n/a	n/a
271.021	0.124	fixation	n/a	288.2	184.2	2448.0	n/a	n/a	n/a	n/a
271.147	0.042	saccade	n/a	291.5	184.3	n/a	422.3	188.1	5.05	180.0
271.191	0.332	fixation	n/a	420.5	190.2	2512.0	n/a	n/a	n/a	n/a
271.525	0.016	saccade	n/a	415.7	192.6	n/a	397.4	190.2	0.72	54.0
271.543	0.31	fixation	n/a	402.2	188.8	2480.0	n/a	n/a	n/a	n/a
271.855	0.042	saccade	n/a	402.6	186.2	n/a	536.0	191.8	5.15	155.0
271.899	0.194	fixation	n/a	544.9	192.5	2533.0	n/a	n/a	n/a	n/a
272.095	0.02	saccade	n/a	549.5	193.0	n/a	582.4	191.4	1.26	79.0
272.117	0.22	fixation	n/a	587.6	191.9	2552.0	n/a	n/a	n/a	n/a
272.339	0.074	saccade	n/a	578.0	195.8	n/a	173.4	239.6	15.48	313.0
272.415	0.104	fixation	n/a	185.2	240.8	2623.0	n/a	n/a	n/a	n/a
272.521	0.024	saccade	n/a	185.9	240.3	n/a	128.8	239.8	2.14	126.0
272.547	0.256	fixation	n/a	129.6	241.7	2616.0	n/a	n/a	n/a	n/a
272.805	0.03	saccade	n/a	130.6	240.5	n/a	223.7	248.2	3.53	173.0
272.837	0.204	fixation	n/a	229.8	248.7	2650.0	n/a	n/a	n/a	n/a
273.043	0.022	saccade	n/a	232.4	248.4	n/a	276.0	249.5	1.67	105.0
273.067	0.144	fixation	n/a	275.5	250.8	2645.0	n/a	n/a	n/a	n/a
273.213	0.026	saccade	n/a	274.5	251.5	n/a	210.5	251.6	2.45	126.0
273.241	0.146	fixation	n/a	202.0	250.0	2651.0	n/a	n/a	n/a	n/a
273.389	0.018	saccade	n/a	198.4	247.7	n/a	176.0	249.4	0.85	62.0
273.409	0.136	fixation	n/a	181.1	249.3	2651.0	n/a	n/a	n/a	n/a
273.547	0.028	saccade	n/a	186.9	250.1	n/a	251.6	251.0	2.47	119.0
273.577	0.342	fixation	n/a	288.9	250.7	2624.0	n/a	n/a	n/a	n/a
273.921	0.294	saccade	n/a	316.9	256.3	n/a	110.5	176.8	8.41	800.0
273.961	0.19	blink	n/a	n/a	n/a	n/a	n/a	n/a	n/a	n/a
274.217	0.348	fixation	n/a	127.4	171.3	2555.0	n/a	n/a	n/a	n/a
274.246	0.0	trigger_11	11	n/a	n/a	n/a	n/a	n/a	n/a	n/a
274.35	0.0	trigger_10	10	n/a	n/a	n/a	n/a	n/a	n/a	n/a
274.567	0.028	saccade	n/a	134.0	182.4	n/a	212.7	187.8	2.98	137.0
274.597	0.236	fixation	n/a	219.4	188.5	2514.0	n/a	n/a	n/a	n/a
274.835	0.028	saccade	n/a	223.4	192.4	n/a	306.9	193.0	3.21	161.0
274.865	0.19	fixation	n/a	314.8	192.8	2436.0	n/a	n/a	n/a	n/a
275.057	0.04	saccade	n/a	319.9	195.2	n/a	428.9	189.4	4.22	124.0
275.099	0.172	fixation	n/a	437.1	188.9	2410.0	n/a	n/a	n/a	n/a
275.273	0.026	saccade	n/a	440.1	189.0	n/a	495.1	186.2	2.13	104.0
275.301	0.252	fixation	n/a	500.7	184.2	2400.0	n/a	n/a	n/a	n/a
275.555	0.022	saccade	n/a	504.4	183.0	n/a	539.3	183.2	1.34	81.0
275.579	0.17	fixation	n/a	539.9	180.3	2424.0	n/a	n/a	n/a	n/a
275.751	0.018	saccade	n/a	543.8	184.6	n/a	569.4	188.0	0.99	69.0
275.771	0.136	fixation	n/a	575.4	185.5	2455.0	n/a	n/a	n/a	n/a
275.909	0.072	saccade	n/a	574.0	185.2	n/a	165.5	241.0	15.68	346.0
275.983	0.136	fixation	n/a	169.8	239.6	2568.0	n/a	n/a	n/a	n/a
276.121	0.02	saccade	n/a	168.3	241.2	n/a	134.1	244.7	1.29	85.0
276.143	0.306	fixation	n/a	132.8	244.4	2572.0	n/a	n/a	n/a	n/a
276.451	0.032	saccade	n/a	128.8	244.4	n/a	234.4	250.3	4.0	185.0
276.485	0.192	fixation	n/a	241.6	249.4	2601.0	n/a	n/a	n/a	n/a
276.679	0.024	saccade	n/a	245.5	248.3	n/a	302.7	245.3	2.19	125.0
276.705	0.23	fixation	n/a	311.9	249.3	2595.0	n/a	n/a	n/a	n/a
276.937	0.014	saccade	n/a	309.3	252.4	n/a	294.2	249.5	0.59	48.0
276.953	0.124	fixation	n/a	294.6	245.1	2583.0	n/a	n/a	n/a	n/a
277.079	0.026	saccade	n/a	297.5	245.4	n/a	360.0	246.7	2.41	123.0
277.107	0.192	fixation	n/a	381.6	245.5	2549.0	n/a	n/a	n/a	n/a
277.301	0.03	saccade	n/a	386.1	245.1	n/a	464.7	244.9	3.05	130.0
277.333	0.192	fixation	n/a	503.3	241.6	2510.0	n/a	n/a	n/a	n/a
277.527	0.024	saccade	n/a	508.0	237.5	n/a	548.9	237.0	1.57	88.0
277.553	0.134	fixation	n/a	574.5	239.6	2468.0	n/a	n/a	n/a	n/a
277.689	0.028	saccade	n/a	579.3	243.8	n/a	639.2	243.7	2.28	100.0
277.719	0.16	fixation	n/a	652.0	246.2	2409.0	n/a	n/a	n/a	n/a
277.881	0.112	saccade	n/a	646.3	248.0	n/a	204.6	280.9	16.81	283.0
277.995	0.152	fixation	n/a	172.9	286.8	2444.0	n/a	n/a	n/a	n/a
278.149	0.016	saccade	n/a	175.6	285.9	n/a	156.2	289.8	0.75	53.0
278.167	0.124	fixation	n/a	154.8	290.1	2408.0	n/a	n/a	n/a	n/a
278.293	0.036	saccade	n/a	154.1	289.5	n/a	270.9	298.6	4.44	192.0
278.331	0.182	fixation	n/a	272.8	301.5	2412.0	n/a	n/a	n/a	n/a
278.43	0.0	trigger_11	11	n/a	n/a	n/a	n/a	n/a	n/a	n/a
278.515	0.038	saccade	n/a	272.4	298.9	n/a	157.1	198.6	5.86	229.0
278.532	0.0	trigger_20	20	n/a	n/a	n/a	n/a	n/a	n/a	n/a
278.555	0.384	fixation	n/a	168.4	202.9	2461.0	n/a	n/a	n/a	n/a
278.941	0.102	saccade	n/a	176.8	202.8	n/a	440.1	187.8	10.11	191.0
