onset	duration	trial_type	value	gaze_x	gaze_y	pupil_size	sacc_endx	sacc_endy	sacc_amplitude	sacc_peakvel
0.113	0.156	fixation	n/a	132.8	252.6	3355.0	n/a	n/a	n/a	n/a
0.158	0.0	trigger_96	96	n/a	n/a	n/a	n/a	n/a	n/a	n/a
0.271	0.036	saccade	n/a	134.3	252.7	n/a	157.1	158.8	3.72	205.0
0.309	0.158	fixation	n/a	157.9	172.6	3382.0	n/a	n/a	n/a	n/a
0.469	0.2	saccade	n/a	161.0	179.8	n/a	163.2	186.3	0.26	935.0
0.513	0.088	blink	n/a	n/a	n/a	n/a	n/a	n/a	n/a	n/a
0.671	0.358	fixation	n/a	166.1	177.2	3414.0	n/a	n/a	n/a	n/a
1.031	0.048	saccade	n/a	165.0	171.7	n/a	325.2	100.9	6.68	266.0
1.081	0.866	fixation	n/a	317.8	107.8	3532.0	n/a	n/a	n/a	n/a
1.949	0.052	saccade	n/a	310.5	114.2	n/a	451.8	-53.7	8.4	258.0
2.003	0.292	fixation	n/a	450.1	-49.7	3448.0	n/a	n/a	n/a	n/a
2.168	0.0	trigger_10	10	n/a	n/a	n/a	n/a	n/a	n/a	n/a
2.297	0.084	saccade	n/a	447.2	-29.2	n/a	148.3	186.4	14.01	358.0
2.383	0.318	fixation	n/a	156.6	182.3	3726.0	n/a	n/a	n/a	n/a
2.703	0.026	saccade	n/a	159.1	173.5	n/a	131.9	181.2	1.06	98.0
2.731	0.176	fixation	n/a	136.2	180.9	3447.0	n/a	n/a	n/a	n/a
2.909	0.028	saccade	n/a	137.8	180.6	n/a	199.3	157.7	2.48	156.0
2.939	0.164	fixation	n/a	196.8	155.5	3342.0	n/a	n/a	n/a	n/a
3.105	0.034	saccade	n/a	197.7	155.2	n/a	288.0	133.1	3.55	202.0
3.141	0.224	fixation	n/a	287.1	134.1	3351.0	n/a	n/a	n/a	n/a
3.367	0.03	saccade	n/a	288.4	136.3	n/a	353.1	134.3	2.48	167.0
3.399	0.176	fixation	n/a	351.5	132.3	3306.0	n/a	n/a	n/a	n/a
3.577	0.032	saccade	n/a	353.1	131.5	n/a	426.1	135.5	2.81	176.0
3.611	0.25	fixation	n/a	425.1	133.5	3298.0	n/a	n/a	n/a	n/a
3.863	0.03	saccade	n/a	426.7	133.4	n/a	492.9	123.0	2.57	156.0
3.895	0.324	fixation	n/a	487.6	122.6	3315.0	n/a	n/a	n/a	n/a
4.221	0.032	saccade	n/a	488.1	123.1	n/a	571.4	118.9	3.18	161.0
4.255	0.414	fixation	n/a	567.0	119.0	3308.0	n/a	n/a	n/a	n/a
4.671	0.026	saccade	n/a	567.3	120.8	n/a	620.8	122.8	2.03	126.0
4.699	0.112	fixation	n/a	616.2	124.7	3310.0	n/a	n/a	n/a	n/a
4.813	0.072	saccade	n/a	617.2	124.8	n/a	164.6	195.6	17.26	417.0
4.887	0.118	fixation	n/a	162.3	202.7	3377.0	n/a	n/a	n/a	n/a
5.007	0.024	saccade	n/a	159.4	205.3	n/a	126.8	217.6	1.31	103.0
5.033	0.21	fixation	n/a	129.0	220.0	3385.0	n/a	n/a	n/a	n/a
5.245	0.034	saccade	n/a	129.7	220.2	n/a	219.1	215.4	3.37	212.0
5.281	0.296	fixation	n/a	221.6	216.6	3359.0	n/a	n/a	n/a	n/a
5.579	0.022	saccade	n/a	223.4	217.7	n/a	266.4	212.0	1.66	114.0
5.603	0.14	fixation	n/a	262.0	213.1	3388.0	n/a	n/a	n/a	n/a
5.745	0.032	saccade	n/a	265.4	215.1	n/a	341.9	215.3	2.94	184.0
5.779	0.13	fixation	n/a	340.6	214.0	3325.0	n/a	n/a	n/a	n/a
5.911	0.026	saccade	n/a	343.6	212.4	n/a	395.2	211.8	1.99	140.0
5.939	0.13	fixation	n/a	391.3	211.9	3294.0	n/a	n/a	n/a	n/a
6.071	0.032	saccade	n/a	392.9	213.1	n/a	463.5	210.6	2.72	171.0
6.105	0.228	fixation	n/a	460.5	211.2	3268.0	n/a	n/a	n/a	n/a
6.335	0.03	saccade	n/a	460.4	211.8	n/a	531.7	205.7	2.75	164.0
6.367	0.148	fixation	n/a	528.9	205.7	3268.0	n/a	n/a	n/a	n/a
6.517	0.026	saccade	n/a	531.6	207.5	n/a	582.1	197.5	1.97	133.0
6.545	0.136	fixation	n/a	576.6	198.3	3249.0	n/a	n/a	n/a	n/a
6.683	0.024	saccade	n/a	580.1	201.5	n/a	621.8	199.4	1.58	112.0
6.709	0.076	fixation	n/a	617.6	202.1	3206.0	n/a	n/a	n/a	n/a
6.787	0.072	saccade	n/a	617.3	201.7	n/a	159.7	286.2	17.54	430.0
6.861	0.128	fixation	n/a	158.1	290.9	3289.0	n/a	n/a	n/a	n/a
6.991	0.022	saccade	n/a	152.5	291.8	n/a	125.3	294.7	1.02	86.0
7.015	0.184	fixation	n/a	127.3	296.8	3291.0	n/a	n/a	n/a	n/a
7.201	0.034	saccade	n/a	127.4	298.1	n/a	220.9	297.0	3.52	196.0
7.237	0.274	fixation	n/a	220.2	296.3	3205.0	n/a	n/a	n/a	n/a
7.513	0.024	saccade	n/a	222.6	297.8	n/a	270.2	295.1	1.82	122.0
7.539	0.138	fixation	n/a	269.2	295.8	3199.0	n/a	n/a	n/a	n/a
7.679	0.028	saccade	n/a	271.4	296.3	n/a	324.0	295.3	2.02	131.0
7.709	0.232	fixation	n/a	322.6	294.1	3121.0	n/a	n/a	n/a	n/a
7.943	0.032	saccade	n/a	324.0	293.5	n/a	403.0	289.5	3.04	171.0
7.977	0.12	fixation	n/a	400.0	291.4	3111.0	n/a	n/a	n/a	n/a
8.099	0.154	saccade	n/a	399.6	300.7	n/a	428.2	286.1	1.24	854.0
8.143	0.054	blink	n/a	n/a	n/a	n/a	n/a	n/a	n/a	n/a
8.255	0.334	fixation	n/a	427.3	289.1	3043.0	n/a	n/a	n/a	n/a
8.591	0.036	saccade	n/a	428.1	286.8	n/a	520.2	285.6	3.54	185.0
8.629	0.242	fixation	n/a	520.7	283.8	3018.0	n/a	n/a	n/a	n/a
8.873	0.068	saccade	n/a	521.4	284.1	n/a	143.0	394.1	14.89	365.0
8.943	0.224	fixation	n/a	143.7	397.1	3080.0	n/a	n/a	n/a	n/a
9.169	0.024	saccade	n/a	147.2	399.2	n/a	202.1	379.3	2.19	131.0
9.195	0.208	fixation	n/a	205.0	379.7	3057.0	n/a	n/a	n/a	n/a
9.405	0.028	saccade	n/a	208.0	380.4	n/a	273.3	377.5	2.48	158.0
9.435	0.202	fixation	n/a	271.2	378.5	3077.0	n/a	n/a	n/a	n/a
9.639	0.024	saccade	n/a	274.5	379.6	n/a	315.9	367.2	1.65	114.0
9.665	0.206	fixation	n/a	312.2	367.8	3095.0	n/a	n/a	n/a	n/a
9.873	0.028	saccade	n/a	315.8	367.5	n/a	372.4	362.2	2.17	147.0
9.903	0.244	fixation	n/a	369.9	362.4	3107.0	n/a	n/a	n/a	n/a
10.149	0.03	saccade	n/a	372.8	363.1	n/a	447.0	357.7	2.85	151.0
10.181	0.17	fixation	n/a	443.4	355.9	3136.0	n/a	n/a	n/a	n/a
10.353	0.026	saccade	n/a	446.6	356.7	n/a	503.9	355.6	2.19	139.0
10.381	0.256	fixation	n/a	500.1	357.0	3116.0	n/a	n/a	n/a	n/a
10.639	0.026	saccade	n/a	503.8	359.1	n/a	563.3	360.6	2.26	132.0
10.667	0.186	fixation	n/a	558.8	360.7	3104.0	n/a	n/a	n/a	n/a
10.855	0.028	saccade	n/a	559.7	362.1	n/a	619.2	361.1	2.25	148.0
10.885	0.232	fixation	n/a	615.6	361.9	3127.0	n/a	n/a	n/a	n/a
11.119	0.082	saccade	n/a	615.2	362.4	n/a	186.8	175.0	17.68	367.0
11.203	0.406	fixation	n/a	180.1	168.9	3178.0	n/a	n/a	n/a	n/a
11.314	0.0	trigger_11	11	n/a	n/a	n/a	n/a	n/a	n/a	n/a
11.418	0.0	trigger_12	12	n/a	n/a	n/a	n/a	n/a	n/a	n/a
11.611	0.026	saccade	n/a	177.7	174.5	n/a	141.8	186.5	1.43	123.0
11.639	0.272	fixation	n/a	144.3	185.2	3382.0	n/a	n/a	n/a	n/a
11.913	0.03	saccade	n/a	146.0	183.5	n/a	211.2	160.2	2.62	170.0
11.945	0.24	fixation	n/a	209.6	158.3	3353.0	n/a	n/a	n/a	n/a
12.187	0.028	saccade	n/a	211.2	159.5	n/a	293.6	148.4	3.17	172.0
12.217	0.228	fixation	n/a	293.7	147.9	3375.0	n/a	n/a	n/a	n/a
12.447	0.034	saccade	n/a	292.7	151.2	n/a	375.6	140.2	3.21	196.0
12.483	0.182	fixation	n/a	373.4	140.0	3399.0	n/a	n/a	n/a	n/a
12.667	0.024	saccade	n/a	376.7	138.9	n/a	416.9	135.2	1.55	119.0
12.693	0.178	fixation	n/a	413.2	135.5	3374.0	n/a	n/a	n/a	n/a
12.873	0.034	saccade	n/a	416.0	135.7	n/a	497.3	133.2	3.12	174.0
12.909	0.27	fixation	n/a	495.7	132.3	3353.0	n/a	n/a	n/a	n/a
13.181	0.038	saccade	n/a	497.4	131.0	n/a	596.6	126.6	3.78	169.0
13.221	0.262	fixation	n/a	594.9	126.1	3315.0	n/a	n/a	n/a	n/a
13.485	0.076	saccade	n/a	596.4	122.7	n/a	134.1	217.6	17.79	415.0
13.563	0.24	fixation	n/a	131.5	219.6	3374.0	n/a	n/a	n/a	n/a
13.805	0.032	saccade	n/a	129.8	220.9	n/a	207.0	202.4	2.99	184.0
13.839	0.172	fixation	n/a	205.3	203.9	3306.0	n/a	n/a	n/a	n/a
14.013	0.034	saccade	n/a	207.7	205.5	n/a	311.3	208.7	3.96	211.0
14.049	0.226	fixation	n/a	310.8	211.8	3277.0	n/a	n/a	n/a	n/a
14.277	0.03	saccade	n/a	312.6	215.6	n/a	384.6	206.1	2.8	163.0
14.309	0.19	fixation	n/a	380.9	203.3	3317.0	n/a	n/a	n/a	n/a
14.501	0.032	saccade	n/a	381.9	205.7	n/a	463.6	199.3	3.16	176.0
14.535	0.198	fixation	n/a	459.2	200.2	3260.0	n/a	n/a	n/a	n/a
14.735	0.036	saccade	n/a	460.0	200.4	n/a	555.0	195.4	3.65	191.0
14.773	0.156	fixation	n/a	552.1	196.3	3220.0	n/a	n/a	n/a	n/a
14.931	0.068	saccade	n/a	552.8	197.0	n/a	166.2	173.3	14.67	422.0
15.001	0.314	fixation	n/a	161.5	175.5	3223.0	n/a	n/a	n/a	n/a
15.317	0.024	saccade	n/a	162.4	178.2	n/a	201.3	153.8	1.75	120.0
15.343	0.432	fixation	n/a	199.8	159.7	3378.0	n/a	n/a	n/a	n/a
15.514	0.0	trigger_13	13	n/a	n/a	n/a	n/a	n/a	n/a	n/a
15.777	0.03	saccade	n/a	195.5	164.6	n/a	147.1	179.6	1.91	154.0
15.809	0.294	fixation	n/a	148.0	179.9	3477.0	n/a	n/a	n/a	n/a
16.105	0.05	saccade	n/a	147.3	179.3	n/a	120.6	252.2	2.98	250.0
16.157	0.206	fixation	n/a	118.1	263.2	3533.0	n/a	n/a	n/a	n/a
16.365	0.026	saccade	n/a	117.7	266.2	n/a	134.8	310.9	1.83	119.0
16.393	0.176	fixation	n/a	130.1	304.4	3681.0	n/a	n/a	n/a	n/a
16.571	0.034	saccade	n/a	132.6	304.8	n/a	159.9	387.2	3.32	229.0
16.607	0.178	fixation	n/a	159.3	384.6	3575.0	n/a	n/a	n/a	n/a
16.787	0.046	saccade	n/a	163.3	386.9	n/a	121.6	215.5	6.75	367.0
16.835	0.184	fixation	n/a	118.7	216.7	3442.0	n/a	n/a	n/a	n/a
17.021	0.018	saccade	n/a	121.6	214.6	n/a	142.7	226.7	0.92	67.0
17.041	0.128	fixation	n/a	136.6	224.4	3410.0	n/a	n/a	n/a	n/a
17.171	0.054	saccade	n/a	136.9	229.0	n/a	137.0	395.8	6.39	461.0
17.227	0.106	fixation	n/a	139.0	410.0	3612.0	n/a	n/a	n/a	n/a
17.335	0.208	saccade	n/a	146.1	421.4	n/a	248.3	179.6	10.05	943.0
17.375	0.106	blink	n/a	n/a	n/a	n/a	n/a	n/a	n/a	n/a
17.545	0.154	fixation	n/a	256.1	177.1	3389.0	n/a	n/a	n/a	n/a
17.701	0.024	saccade	n/a	262.5	169.3	n/a	292.7	140.3	1.61	115.0
17.727	0.144	fixation	n/a	289.8	140.7	3484.0	n/a	n/a	n/a	n/a
17.873	0.034	saccade	n/a	291.9	140.2	n/a	376.2	131.5	3.25	210.0
17.909	0.148	fixation	n/a	374.9	131.9	3349.0	n/a	n/a	n/a	n/a
18.059	0.054	saccade	n/a	376.6	132.7	n/a	161.6	402.3	13.2	488.0
18.115	0.178	fixation	n/a	160.7	415.1	3387.0	n/a	n/a	n/a	n/a
18.295	0.028	saccade	n/a	161.4	421.2	n/a	134.3	390.2	1.55	134.0
18.325	0.514	fixation	n/a	135.8	397.9	3319.0	n/a	n/a	n/a	n/a
18.626	0.0	trigger_15	15	n/a	n/a	n/a	n/a	n/a	n/a	n/a
18.68	0.0	trigger_10	10	n/a	n/a	n/a	n/a	n/a	n/a	n/a
18.841	0.05	saccade	n/a	134.7	400.3	n/a	166.6	158.8	9.33	416.0
18.893	0.118	fixation	n/a	170.1	159.2	3367.0	n/a	n/a	n/a	n/a
19.013	0.026	saccade	n/a	170.2	160.2	n/a	135.7	182.6	1.56	125.0
19.041	0.134	fixation	n/a	140.4	177.2	3365.0	n/a	n/a	n/a	n/a
19.177	0.034	saccade	n/a	141.4	175.1	n/a	236.1	149.9	3.7	224.0
19.213	0.21	fixation	n/a	235.6	148.3	3440.0	n/a	n/a	n/a	n/a
19.425	0.034	saccade	n/a	238.8	149.6	n/a	318.5	134.3	3.11	199.0
19.461	0.234	fixation	n/a	317.3	134.4	3453.0	n/a	n/a	n/a	n/a
19.697	0.03	saccade	n/a	319.0	134.8	n/a	396.7	132.9	2.99	170.0
19.729	0.246	fixation	n/a	393.0	134.8	3420.0	n/a	n/a	n/a	n/a
19.977	0.026	saccade	n/a	393.4	139.0	n/a	442.5	133.4	1.9	126.0
20.005	0.216	fixation	n/a	437.1	135.6	3409.0	n/a	n/a	n/a	n/a
20.223	0.028	saccade	n/a	440.2	136.7	n/a	506.9	133.5	2.56	146.0
20.253	0.154	fixation	n/a	504.5	133.7	3351.0	n/a	n/a	n/a	n/a
20.409	0.026	saccade	n/a	507.3	133.4	n/a	563.3	131.3	2.14	133.0
20.437	0.126	fixation	n/a	557.4	130.0	3360.0	n/a	n/a	n/a	n/a
20.565	0.068	saccade	n/a	557.4	130.7	n/a	149.2	219.1	15.81	456.0
20.635	0.168	fixation	n/a	145.3	222.6	3453.0	n/a	n/a	n/a	n/a
20.805	0.014	saccade	n/a	140.3	223.9	n/a	125.2	224.9	0.57	50.0
20.821	0.204	fixation	n/a	128.8	228.4	3438.0	n/a	n/a	n/a	n/a
21.027	0.042	saccade	n/a	129.8	228.4	n/a	247.1	219.3	4.44	172.0
21.071	0.322	fixation	n/a	245.9	219.2	3413.0	n/a	n/a	n/a	n/a
21.395	0.032	saccade	n/a	249.0	219.3	n/a	333.2	215.6	3.23	192.0
21.429	0.258	fixation	n/a	331.6	212.7	3355.0	n/a	n/a	n/a	n/a
21.689	0.028	saccade	n/a	335.3	214.6	n/a	394.3	216.4	2.27	145.0
21.719	0.222	fixation	n/a	392.8	217.3	3312.0	n/a	n/a	n/a	n/a
21.943	0.026	saccade	n/a	395.5	218.5	n/a	443.9	210.3	1.9	128.0
21.971	0.216	fixation	n/a	442.1	210.8	3234.0	n/a	n/a	n/a	n/a
22.189	0.016	saccade	n/a	439.5	210.7	n/a	419.6	206.8	0.78	65.0
22.207	0.136	fixation	n/a	425.4	210.3	3199.0	n/a	n/a	n/a	n/a
22.345	0.028	saccade	n/a	425.9	209.6	n/a	476.4	199.4	1.99	136.0
22.354	0.0	trigger_11	11	n/a	n/a	n/a	n/a	n/a	n/a	n/a
22.375	0.24	fixation	n/a	471.6	203.4	3215.0	n/a	n/a	n/a	n/a
22.458	0.0	trigger_10	10	n/a	n/a	n/a	n/a	n/a	n/a	n/a
22.617	0.054	saccade	n/a	470.0	205.6	n/a	193.7	163.0	10.68	426.0
22.673	0.1	fixation	n/a	191.3	162.7	3296.0	n/a	n/a	n/a	n/a
22.775	0.028	saccade	n/a	190.5	167.0	n/a	139.8	178.0	1.96	147.0
22.805	0.236	fixation	n/a	141.4	181.0	3318.0	n/a	n/a	n/a	n/a
23.043	0.032	saccade	n/a	140.3	180.2	n/a	221.0	158.3	3.16	197.0
23.077	0.172	fixation	n/a	220.3	155.5	3325.0	n/a	n/a	n/a	n/a
23.251	0.03	saccade	n/a	223.0	156.6	n/a	284.4	142.5	2.41	164.0
23.283	0.096	fixation	n/a	280.6	143.6	3376.0	n/a	n/a	n/a	n/a
23.381	0.148	saccade	n/a	280.1	150.3	n/a	332.7	142.6	2.04	1097.0
23.431	0.036	blink	n/a	n/a	n/a	n/a	n/a	n/a	n/a	n/a
23.531	0.262	fixation	n/a	335.5	136.7	3363.0	n/a	n/a	n/a	n/a
23.795	0.032	saccade	n/a	334.8	130.1	n/a	265.4	140.6	2.69	200.0
23.829	0.14	fixation	n/a	267.9	140.2	3344.0	n/a	n/a	n/a	n/a
23.971	0.032	saccade	n/a	268.3	138.3	n/a	355.9	128.2	3.39	194.0
24.005	0.158	fixation	n/a	353.8	127.1	3300.0	n/a	n/a	n/a	n/a
24.165	0.03	saccade	n/a	355.4	126.2	n/a	411.7	125.9	2.17	145.0
24.197	0.18	fixation	n/a	407.4	127.4	3385.0	n/a	n/a	n/a	n/a
24.379	0.03	saccade	n/a	409.5	128.2	n/a	476.0	122.7	2.57	168.0
24.411	0.216	fixation	n/a	473.4	123.8	3341.0	n/a	n/a	n/a	n/a
24.629	0.032	saccade	n/a	476.8	125.7	n/a	552.3	118.6	2.91	159.0
24.663	0.228	fixation	n/a	548.3	121.0	3304.0	n/a	n/a	n/a	n/a
24.893	0.028	saccade	n/a	551.3	121.8	n/a	608.1	121.8	2.16	142.0
24.923	0.1	fixation	n/a	603.0	121.5	3265.0	n/a	n/a	n/a	n/a
25.025	0.068	saccade	n/a	604.0	121.6	n/a	176.0	200.7	16.47	421.0
25.095	0.112	fixation	n/a	174.2	206.8	3325.0	n/a	n/a	n/a	n/a
25.209	0.024	saccade	n/a	170.0	210.0	n/a	136.2	223.5	1.37	115.0
25.235	0.184	fixation	n/a	138.7	224.4	3332.0	n/a	n/a	n/a	n/a
25.421	0.03	saccade	n/a	139.2	224.4	n/a	213.2	208.7	2.86	190.0
25.453	0.236	fixation	n/a	209.6	208.6	3258.0	n/a	n/a	n/a	n/a
25.691	0.026	saccade	n/a	211.5	207.1	n/a	268.3	202.7	2.17	144.0
25.719	0.134	fixation	n/a	264.1	202.8	3202.0	n/a	n/a	n/a	n/a
25.855	0.03	saccade	n/a	266.0	202.9	n/a	336.5	206.0	2.71	151.0
25.887	0.164	fixation	n/a	333.0	208.0	3177.0	n/a	n/a	n/a	n/a
26.053	0.032	saccade	n/a	334.3	211.0	n/a	408.8	206.2	2.88	168.0
26.087	0.192	fixation	n/a	405.3	205.5	3209.0	n/a	n/a	n/a	n/a
26.281	0.024	saccade	n/a	407.3	206.4	n/a	460.6	201.2	2.06	136.0
26.307	0.202	fixation	n/a	457.6	201.1	3231.0	n/a	n/a	n/a	n/a
26.511	0.028	saccade	n/a	460.9	200.3	n/a	524.7	196.9	2.45	140.0
26.541	0.132	fixation	n/a	521.6	196.9	3181.0	n/a	n/a	n/a	n/a
26.675	0.028	saccade	n/a	523.9	196.8	n/a	574.9	193.7	1.95	135.0
26.705	0.264	fixation	n/a	570.5	197.9	3199.0	n/a	n/a	n/a	n/a
26.971	0.094	saccade	n/a	570.6	198.6	n/a	140.0	191.9	16.28	366.0
27.067	0.324	fixation	n/a	145.2	187.5	3258.0	n/a	n/a	n/a	n/a
27.09	0.0	trigger_11	11	n/a	n/a	n/a	n/a	n/a	n/a	n/a
27.196	0.0	trigger_10	10	n/a	n/a	n/a	n/a	n/a	n/a	n/a
27.393	0.016	saccade	n/a	140.7	191.0	n/a	132.9	175.7	0.66	55.0
27.411	0.098	fixation	n/a	135.3	185.8	3349.0	n/a	n/a	n/a	n/a
27.511	0.032	saccade	n/a	134.6	186.7	n/a	206.9	160.9	2.9	189.0
27.545	0.206	fixation	n/a	204.4	159.2	3382.0	n/a	n/a	n/a	n/a
27.753	0.032	saccade	n/a	206.7	157.4	n/a	305.6	139.7	3.84	204.0
27.787	0.264	fixation	n/a	303.0	138.5	3372.0	n/a	n/a	n/a	n/a
28.053	0.036	saccade	n/a	304.5	138.8	n/a	403.0	133.4	3.79	214.0
28.091	0.292	fixation	n/a	401.8	134.0	3384.0	n/a	n/a	n/a	n/a
28.385	0.016	saccade	n/a	399.9	134.3	n/a	382.1	132.2	0.69	53.0
28.403	0.158	fixation	n/a	383.2	134.3	3424.0	n/a	n/a	n/a	n/a
28.563	0.036	saccade	n/a	383.7	135.5	n/a	470.5	129.6	3.35	192.0
28.601	0.126	fixation	n/a	469.5	130.2	3387.0	n/a	n/a	n/a	n/a
28.729	0.102	saccade	n/a	468.6	137.5	n/a	539.8	141.0	2.73	722.0
28.833	0.26	fixation	n/a	543.7	132.5	3322.0	n/a	n/a	n/a	n/a
29.095	0.028	saccade	n/a	545.9	129.4	n/a	610.2	126.0	2.44	153.0
29.125	0.18	fixation	n/a	605.8	125.8	3244.0	n/a	n/a	n/a	n/a
29.307	0.074	saccade	n/a	607.3	123.9	n/a	148.1	217.2	17.7	398.0
29.383	0.26	fixation	n/a	145.8	221.9	3169.0	n/a	n/a	n/a	n/a
29.645	0.032	saccade	n/a	145.8	223.5	n/a	237.7	211.6	3.51	206.0
29.679	0.312	fixation	n/a	237.4	209.7	3143.0	n/a	n/a	n/a	n/a
29.993	0.022	saccade	n/a	240.7	210.2	n/a	278.8	202.7	1.49	102.0
30.017	0.124	fixation	n/a	273.0	205.3	3138.0	n/a	n/a	n/a	n/a
30.143	0.128	saccade	n/a	273.8	215.8	n/a	335.8	210.5	2.39	807.0
30.195	0.014	blink	n/a	n/a	n/a	n/a	n/a	n/a	n/a	n/a
30.273	0.316	fixation	n/a	336.1	209.0	3093.0	n/a	n/a	n/a	n/a
30.591	0.026	saccade	n/a	337.9	205.5	n/a	393.4	202.2	2.14	146.0
30.619	0.154	fixation	n/a	391.0	202.0	3096.0	n/a	n/a	n/a	n/a
30.775	0.032	saccade	n/a	393.0	203.0	n/a	464.2	197.9	2.75	177.0
30.809	0.196	fixation	n/a	461.2	197.0	3099.0	n/a	n/a	n/a	n/a
31.007	0.03	saccade	n/a	464.2	196.1	n/a	536.9	196.8	2.79	140.0
31.039	0.148	fixation	n/a	532.7	195.6	3141.0	n/a	n/a	n/a	n/a
31.189	0.064	saccade	n/a	532.7	196.2	n/a	154.1	298.6	14.91	424.0
31.255	0.244	fixation	n/a	147.6	303.6	3172.0	n/a	n/a	n/a	n/a
31.501	0.024	saccade	n/a	148.0	305.5	n/a	191.2	294.3	1.68	116.0
31.527	0.212	fixation	n/a	189.0	295.2	3149.0	n/a	n/a	n/a	n/a
31.741	0.022	saccade	n/a	192.0	294.6	n/a	233.6	290.6	1.59	106.0
31.765	0.162	fixation	n/a	231.1	291.2	3122.0	n/a	n/a	n/a	n/a
31.929	0.028	saccade	n/a	233.1	291.2	n/a	298.4	290.9	2.5	165.0
31.959	0.196	fixation	n/a	292.3	288.7	3099.0	n/a	n/a	n/a	n/a
32.157	0.04	saccade	n/a	292.8	288.1	n/a	170.0	165.2	6.67	370.0
32.199	0.342	fixation	n/a	167.6	170.6	3122.0	n/a	n/a	n/a	n/a
32.228	0.0	trigger_11	11	n/a	n/a	n/a	n/a	n/a	n/a	n/a
32.33	0.0	trigger_10	10	n/a	n/a	n/a	n/a	n/a	n/a	n/a
32.543	0.018	saccade	n/a	162.4	172.2	n/a	137.2	167.5	0.96	78.0
32.563	0.134	fixation	n/a	144.2	173.3	3283.0	n/a	n/a	n/a	n/a
32.699	0.03	saccade	n/a	145.5	170.9	n/a	225.9	150.8	3.13	185.0
32.731	0.23	fixation	n/a	222.8	150.3	3375.0	n/a	n/a	n/a	n/a
32.963	0.03	saccade	n/a	225.8	150.1	n/a	294.3	135.7	2.67	164.0
32.995	0.17	fixation	n/a	291.7	134.3	3356.0	n/a	n/a	n/a	n/a
33.167	0.028	saccade	n/a	294.2	135.0	n/a	362.5	131.4	2.63	171.0
33.197	0.256	fixation	n/a	356.7	131.1	3438.0	n/a	n/a	n/a	n/a
33.455	0.014	saccade	n/a	353.8	131.1	n/a	337.4	129.4	0.63	51.0
33.471	0.264	fixation	n/a	339.8	130.2	3422.0	n/a	n/a	n/a	n/a
33.737	0.03	saccade	n/a	343.0	131.4	n/a	409.0	128.8	2.55	137.0
33.769	0.122	fixation	n/a	404.1	128.6	3352.0	n/a	n/a	n/a	n/a
33.893	0.146	saccade	n/a	402.1	138.0	n/a	485.5	132.8	3.21	941.0
33.945	0.04	blink	n/a	n/a	n/a	n/a	n/a	n/a	n/a	n/a
34.041	0.412	fixation	n/a	482.7	127.8	3280.0	n/a	n/a	n/a	n/a
34.455	0.034	saccade	n/a	484.0	128.3	n/a	574.6	123.2	3.47	165.0
34.491	0.202	fixation	n/a	571.1	121.2	3189.0	n/a	n/a	n/a	n/a
34.695	0.028	saccade	n/a	571.5	122.2	n/a	626.2	124.0	2.07	133.0
34.725	0.158	fixation	n/a	621.2	123.9	3184.0	n/a	n/a	n/a	n/a
34.885	0.074	saccade	n/a	621.1	124.5	n/a	134.8	213.0	18.6	440.0
34.961	0.28	fixation	n/a	129.6	216.4	3177.0	n/a	n/a	n/a	n/a
35.243	0.022	saccade	n/a	129.0	218.4	n/a	165.6	212.4	1.4	96.0
35.267	0.284	fixation	n/a	159.8	211.5	3139.0	n/a	n/a	n/a	n/a
35.553	0.028	saccade	n/a	162.5	211.4	n/a	232.7	208.3	2.67	168.0
35.583	0.28	fixation	n/a	231.4	209.0	3149.0	n/a	n/a	n/a	n/a
35.865	0.022	saccade	n/a	235.4	210.4	n/a	269.6	206.5	1.32	96.0
35.889	0.124	fixation	n/a	264.0	207.2	3147.0	n/a	n/a	n/a	n/a
36.015	0.03	saccade	n/a	261.2	206.7	n/a	207.6	206.6	2.05	158.0
36.047	0.178	fixation	n/a	209.0	207.8	3148.0	n/a	n/a	n/a	n/a
36.227	0.028	saccade	n/a	209.8	208.4	n/a	275.4	204.6	2.51	167.0
36.257	0.376	fixation	n/a	274.7	206.2	3207.0	n/a	n/a	n/a	n/a
36.635	0.034	saccade	n/a	275.8	204.5	n/a	326.4	131.7	3.44	202.0
36.671	0.362	fixation	n/a	322.7	133.8	3205.0	n/a	n/a	n/a	n/a
37.035	0.04	saccade	n/a	322.3	136.6	n/a	191.7	163.8	5.1	287.0
37.077	0.192	fixation	n/a	193.0	164.2	3238.0	n/a	n/a	n/a	n/a
37.271	0.028	saccade	n/a	195.7	164.3	n/a	267.9	149.4	2.81	159.0
37.301	0.138	fixation	n/a	266.0	147.6	3273.0	n/a	n/a	n/a	n/a
37.441	0.034	saccade	n/a	268.5	149.7	n/a	359.6	137.5	3.53	209.0
37.477	0.23	fixation	n/a	356.0	136.4	3363.0	n/a	n/a	n/a	n/a
37.709	0.028	saccade	n/a	358.7	138.6	n/a	421.2	135.6	2.42	154.0
37.739	0.206	fixation	n/a	415.3	137.6	3398.0	n/a	n/a	n/a	n/a
37.947	0.03	saccade	n/a	418.0	140.1	n/a	480.0	133.5	2.4	154.0
37.979	0.286	fixation	n/a	477.0	132.6	3365.0	n/a	n/a	n/a	n/a
38.267	0.036	saccade	n/a	480.3	134.6	n/a	578.7	132.7	3.76	209.0
38.305	0.206	fixation	n/a	579.7	132.0	3336.0	n/a	n/a	n/a	n/a
38.513	0.028	saccade	n/a	583.0	132.0	n/a	632.4	131.7	1.87	129.0
38.543	0.072	fixation	n/a	628.2	131.9	3344.0	n/a	n/a	n/a	n/a
38.617	0.074	saccade	n/a	628.5	133.8	n/a	162.5	208.0	17.78	421.0
38.693	0.126	fixation	n/a	159.2	210.8	3353.0	n/a	n/a	n/a	n/a
38.821	0.018	saccade	n/a	156.8	214.2	n/a	132.4	224.9	1.0	77.0
38.841	0.204	fixation	n/a	137.6	225.8	3305.0	n/a	n/a	n/a	n/a
39.047	0.022	saccade	n/a	140.8	226.0	n/a	179.9	213.5	1.55	104.0
39.071	0.228	fixation	n/a	176.5	213.4	3270.0	n/a	n/a	n/a	n/a
39.301	0.026	saccade	n/a	174.5	213.4	n/a	136.8	216.8	1.42	116.0
39.329	0.428	fixation	n/a	137.5	218.3	3274.0	n/a	n/a	n/a	n/a
39.759	0.018	saccade	n/a	138.4	219.7	n/a	165.0	214.0	1.02	73.0
39.779	0.24	fixation	n/a	160.8	213.6	3262.0	n/a	n/a	n/a	n/a
40.021	0.026	saccade	n/a	162.2	212.7	n/a	219.2	207.8	2.17	136.0
40.049	0.264	fixation	n/a	212.8	208.2	3345.0	n/a	n/a	n/a	n/a
40.315	0.026	saccade	n/a	215.7	206.8	n/a	267.7	201.7	1.99	143.0
40.343	0.336	fixation	n/a	264.2	201.9	3308.0	n/a	n/a	n/a	n/a
40.681	0.034	saccade	n/a	264.7	202.3	n/a	291.4	129.5	3.02	186.0
40.717	0.136	fixation	n/a	290.6	135.5	3284.0	n/a	n/a	n/a	n/a
40.855	0.032	saccade	n/a	292.1	135.4	n/a	361.5	129.5	2.67	185.0
40.889	0.218	fixation	n/a	359.9	130.2	3374.0	n/a	n/a	n/a	n/a
41.109	0.03	saccade	n/a	361.8	133.1	n/a	434.6	132.5	2.8	169.0
41.141	0.186	fixation	n/a	430.5	132.4	3442.0	n/a	n/a	n/a	n/a
41.329	0.03	saccade	n/a	431.8	132.1	n/a	489.3	128.1	2.22	148.0
41.361	0.146	fixation	n/a	484.6	126.9	3381.0	n/a	n/a	n/a	n/a
41.509	0.06	saccade	n/a	486.2	126.7	n/a	189.8	169.1	11.43	342.0
41.571	0.324	fixation	n/a	168.9	186.8	3426.0	n/a	n/a	n/a	n/a
41.58	0.0	trigger_11	11	n/a	n/a	n/a	n/a	n/a	n/a	n/a
41.684	0.0	trigger_10	10	n/a	n/a	n/a	n/a	n/a	n/a	n/a
41.897	0.022	saccade	n/a	164.4	190.4	n/a	152.6	171.3	0.86	83.0
41.921	0.288	fixation	n/a	148.9	179.8	3500.0	n/a	n/a	n/a	n/a
42.211	0.034	saccade	n/a	140.8	182.7	n/a	229.9	158.5	3.49	214.0
42.247	0.148	fixation	n/a	228.2	156.5	3382.0	n/a	n/a	n/a	n/a
42.397	0.03	saccade	n/a	230.8	155.2	n/a	296.2	142.1	2.55	176.0
42.429	0.236	fixation	n/a	294.3	142.2	3385.0	n/a	n/a	n/a	n/a
42.667	0.036	saccade	n/a	296.2	143.2	n/a	387.4	135.7	3.52	163.0
42.705	0.15	fixation	n/a	384.1	135.4	3373.0	n/a	n/a	n/a	n/a
42.857	0.14	saccade	n/a	383.9	145.8	n/a	441.8	134.5	2.27	1021.0
42.903	0.038	blink	n/a	n/a	n/a	n/a	n/a	n/a	n/a	n/a
42.999	0.236	fixation	n/a	441.7	126.8	3259.0	n/a	n/a	n/a	n/a
43.237	0.02	saccade	n/a	445.1	122.7	n/a	481.3	121.8	1.39	96.0
43.259	0.254	fixation	n/a	476.2	119.7	3201.0	n/a	n/a	n/a	n/a
43.515	0.032	saccade	n/a	478.7	118.4	n/a	560.8	114.4	3.14	175.0
43.549	0.27	fixation	n/a	557.9	116.4	3082.0	n/a	n/a	n/a	n/a
43.821	0.026	saccade	n/a	559.8	117.9	n/a	609.8	116.1	1.9	127.0
43.849	0.14	fixation	n/a	607.3	118.6	3052.0	n/a	n/a	n/a	n/a
43.991	0.076	saccade	n/a	607.2	118.8	n/a	143.7	205.3	17.81	419.0
44.069	0.34	fixation	n/a	133.6	211.6	3109.0	n/a	n/a	n/a	n/a
44.411	0.03	saccade	n/a	130.6	213.8	n/a	202.4	205.7	2.73	168.0
44.443	0.238	fixation	n/a	201.1	205.6	3131.0	n/a	n/a	n/a	n/a
44.683	0.028	saccade	n/a	203.1	207.3	n/a	263.6	205.0	2.31	142.0
44.713	0.19	fixation	n/a	259.8	203.2	3172.0	n/a	n/a	n/a	n/a
44.905	0.036	saccade	n/a	262.2	202.4	n/a	366.1	199.5	4.0	229.0
44.943	0.206	fixation	n/a	365.2	198.5	3175.0	n/a	n/a	n/a	n/a
45.151	0.022	saccade	n/a	363.6	198.1	n/a	333.6	197.0	1.16	92.0
45.175	0.154	fixation	n/a	338.1	198.4	3184.0	n/a	n/a	n/a	n/a
45.331	0.03	saccade	n/a	338.5	199.8	n/a	410.7	196.6	2.79	166.0
45.363	0.112	fixation	n/a	407.7	197.1	3166.0	n/a	n/a	n/a	n/a
45.477	0.126	saccade	n/a	406.5	203.7	n/a	473.5	211.7	2.6	846.0
45.531	0.022	blink	n/a	n/a	n/a	n/a	n/a	n/a	n/a	n/a
45.605	0.186	fixation	n/a	472.4	200.6	3047.0	n/a	n/a	n/a	n/a
45.793	0.034	saccade	n/a	471.8	194.4	n/a	560.1	203.4	3.4	201.0
45.829	0.178	fixation	n/a	557.5	199.7	3123.0	n/a	n/a	n/a	n/a
46.009	0.018	saccade	n/a	556.5	197.4	n/a	532.5	191.0	0.95	77.0
46.029	0.558	fixation	n/a	538.0	192.9	3038.0	n/a	n/a	n/a	n/a
46.589	0.022	saccade	n/a	538.6	197.0	n/a	577.3	189.4	1.51	96.0
46.613	0.146	fixation	n/a	571.3	187.6	3110.0	n/a	n/a	n/a	n/a
46.761	0.044	saccade	n/a	571.8	189.3	n/a	406.5	201.2	6.35	325.0
46.807	0.358	fixation	n/a	403.2	203.5	3205.0	n/a	n/a	n/a	n/a
47.167	0.034	saccade	n/a	402.4	205.8	n/a	481.2	193.5	3.07	188.0
47.203	0.234	fixation	n/a	479.2	193.3	3140.0	n/a	n/a	n/a	n/a
47.439	0.034	saccade	n/a	478.7	191.8	n/a	404.8	195.0	2.85	212.0
47.475	0.506	fixation	n/a	403.1	196.4	3211.0	n/a	n/a	n/a	n/a
47.983	0.03	saccade	n/a	405.0	197.1	n/a	475.6	193.1	2.73	147.0
48.015	0.346	fixation	n/a	473.7	190.1	3315.0	n/a	n/a	n/a	n/a
48.363	0.034	saccade	n/a	472.6	187.8	n/a	391.7	197.3	3.14	214.0
48.399	0.114	fixation	n/a	398.2	200.6	3329.0	n/a	n/a	n/a	n/a
48.515	0.268	saccade	n/a	396.6	208.0	n/a	439.8	208.0	1.67	836.0
48.565	0.156	blink	n/a	n/a	n/a	n/a	n/a	n/a	n/a	n/a
48.785	0.654	fixation	n/a	438.9	212.7	3184.0	n/a	n/a	n/a	n/a
49.441	0.026	saccade	n/a	439.8	211.4	n/a	399.7	197.2	1.65	118.0
49.469	0.248	fixation	n/a	401.6	199.5	3113.0	n/a	n/a	n/a	n/a
49.719	0.032	saccade	n/a	403.5	200.1	n/a	479.3	195.4	2.93	173.0
49.753	0.198	fixation	n/a	475.0	197.3	3124.0	n/a	n/a	n/a	n/a
49.953	0.034	saccade	n/a	476.4	199.9	n/a	567.3	192.2	3.5	213.0
49.989	0.412	fixation	n/a	563.3	197.2	3226.0	n/a	n/a	n/a	n/a
50.403	0.028	saccade	n/a	565.2	202.7	n/a	624.3	201.6	2.24	149.0
50.433	0.25	fixation	n/a	622.0	200.8	3271.0	n/a	n/a	n/a	n/a
50.685	0.072	saccade	n/a	622.3	202.1	n/a	173.6	268.7	17.13	434.0
50.759	0.11	fixation	n/a	171.2	273.2	3402.0	n/a	n/a	n/a	n/a
50.871	0.026	saccade	n/a	167.7	274.0	n/a	132.2	286.1	1.41	113.0
50.899	0.326	fixation	n/a	133.3	286.1	3353.0	n/a	n/a	n/a	n/a
51.227	0.036	saccade	n/a	133.0	286.5	n/a	248.6	287.2	4.36	231.0
51.265	0.212	fixation	n/a	246.0	289.3	3217.0	n/a	n/a	n/a	n/a
51.479	0.024	saccade	n/a	244.6	291.0	n/a	209.2	289.2	1.35	103.0
51.505	0.134	fixation	n/a	213.9	291.3	3188.0	n/a	n/a	n/a	n/a
51.641	0.034	saccade	n/a	216.7	293.8	n/a	317.0	290.2	3.84	209.0
51.677	0.216	fixation	n/a	315.3	292.4	3155.0	n/a	n/a	n/a	n/a
51.895	0.032	saccade	n/a	317.1	293.7	n/a	393.9	286.1	2.97	179.0
51.929	0.15	fixation	n/a	390.9	288.2	3151.0	n/a	n/a	n/a	n/a
52.081	0.042	saccade	n/a	391.0	288.5	n/a	238.4	223.2	6.39	312.0
52.125	0.156	fixation	n/a	238.1	225.0	3122.0	n/a	n/a	n/a	n/a
52.283	0.028	saccade	n/a	236.1	223.4	n/a	192.9	212.8	1.69	129.0
52.313	0.192	fixation	n/a	194.6	213.6	3121.0	n/a	n/a	n/a	n/a
52.507	0.04	saccade	n/a	194.7	212.8	n/a	323.6	202.7	4.94	233.0
52.549	0.118	fixation	n/a	321.3	203.1	3122.0	n/a	n/a	n/a	n/a
52.669	0.044	saccade	n/a	321.6	205.2	n/a	152.2	172.4	6.57	337.0
52.715	0.23	fixation	n/a	153.4	172.7	3142.0	n/a	n/a	n/a	n/a
52.947	0.03	saccade	n/a	153.0	171.5	n/a	208.6	152.1	2.23	150.0
52.979	0.104	fixation	n/a	206.3	152.1	3168.0	n/a	n/a	n/a	n/a
53.085	0.032	saccade	n/a	208.4	152.2	n/a	289.4	138.4	3.13	196.0
53.119	0.5	fixation	n/a	286.3	137.8	3193.0	n/a	n/a	n/a	n/a
53.621	0.034	saccade	n/a	287.1	139.3	n/a	195.7	154.5	3.53	227.0
53.657	0.162	fixation	n/a	197.2	154.1	3230.0	n/a	n/a	n/a	n/a
53.821	0.054	saccade	n/a	197.4	154.7	n/a	450.6	123.4	9.74	351.0
53.877	0.268	fixation	n/a	458.5	125.7	3313.0	n/a	n/a	n/a	n/a
54.147	0.034	saccade	n/a	456.5	127.1	n/a	381.7	120.9	2.89	206.0
54.183	0.126	fixation	n/a	382.9	124.5	3337.0	n/a	n/a	n/a	n/a
54.311	0.044	saccade	n/a	382.8	127.1	n/a	548.4	114.4	6.36	310.0
54.357	0.308	fixation	n/a	551.8	117.9	3348.0	n/a	n/a	n/a	n/a
54.667	0.074	saccade	n/a	549.4	125.3	n/a	185.7	201.2	14.11	348.0
54.743	0.052	fixation	n/a	185.1	206.4	3497.0	n/a	n/a	n/a	n/a
54.797	0.032	saccade	n/a	182.8	209.0	n/a	130.0	217.1	2.01	181.0
54.831	0.23	fixation	n/a	128.4	219.1	3430.0	n/a	n/a	n/a	n/a
55.063	0.058	saccade	n/a	128.5	221.1	n/a	456.9	133.1	12.9	413.0
55.123	0.302	fixation	n/a	467.1	131.0	3353.0	n/a	n/a	n/a	n/a
55.427	0.048	saccade	n/a	467.8	130.2	n/a	262.6	211.9	8.5	341.0
55.477	0.134	fixation	n/a	258.0	214.4	3458.0	n/a	n/a	n/a	n/a
55.613	0.028	saccade	n/a	251.5	214.4	n/a	203.9	212.8	1.81	138.0
55.643	0.226	fixation	n/a	208.2	214.0	3397.0	n/a	n/a	n/a	n/a
55.871	0.038	saccade	n/a	209.2	213.0	n/a	336.2	213.6	4.87	265.0
55.911	0.182	fixation	n/a	335.3	214.0	3314.0	n/a	n/a	n/a	n/a
56.095	0.032	saccade	n/a	335.7	214.5	n/a	412.8	208.7	2.99	196.0
56.129	0.07	fixation	n/a	407.5	208.0	3328.0	n/a	n/a	n/a	n/a
56.201	0.14	saccade	n/a	408.4	216.6	n/a	490.5	209.8	3.17	970.0
56.247	0.04	blink	n/a	n/a	n/a	n/a	n/a	n/a	n/a	n/a
56.343	0.174	fixation	n/a	488.9	206.1	3227.0	n/a	n/a	n/a	n/a
56.519	0.034	saccade	n/a	488.6	202.0	n/a	566.1	205.0	2.97	194.0
56.555	0.2	fixation	n/a	564.6	199.5	3245.0	n/a	n/a	n/a	n/a
56.757	0.022	saccade	n/a	562.7	198.3	n/a	532.4	195.0	1.17	95.0
56.781	0.228	fixation	n/a	537.2	195.4	3134.0	n/a	n/a	n/a	n/a
57.011	0.036	saccade	n/a	536.7	195.3	n/a	427.0	187.5	4.23	268.0
57.049	0.162	fixation	n/a	428.6	191.4	3182.0	n/a	n/a	n/a	n/a
57.213	0.022	saccade	n/a	426.3	192.6	n/a	396.4	197.7	1.17	93.0
57.237	0.244	fixation	n/a	399.5	200.7	3203.0	n/a	n/a	n/a	n/a
57.483	0.044	saccade	n/a	395.3	212.4	n/a	526.3	205.4	5.05	163.0
57.529	0.302	fixation	n/a	550.0	187.7	3160.0	n/a	n/a	n/a	n/a
57.833	0.02	saccade	n/a	553.1	181.6	n/a	585.4	180.5	1.23	86.0
57.855	0.246	fixation	n/a	580.6	177.5	3132.0	n/a	n/a	n/a	n/a
58.103	0.03	saccade	n/a	583.3	178.5	n/a	634.9	181.4	1.96	128.0
58.135	0.022	fixation	n/a	630.1	180.8	3105.0	n/a	n/a	n/a	n/a
58.159	0.072	saccade	n/a	630.1	181.5	n/a	172.6	153.1	17.3	427.0
58.233	0.144	fixation	n/a	168.5	156.1	3169.0	n/a	n/a	n/a	n/a
58.379	0.02	saccade	n/a	166.6	161.3	n/a	139.6	170.0	1.07	84.0
58.401	0.272	fixation	n/a	143.7	170.8	3200.0	n/a	n/a	n/a	n/a
58.675	0.066	saccade	n/a	143.7	169.8	n/a	533.1	175.5	14.75	390.0
58.743	0.144	fixation	n/a	538.1	180.6	3205.0	n/a	n/a	n/a	n/a
58.889	0.03	saccade	n/a	539.4	186.1	n/a	609.2	189.4	2.66	181.0
58.921	0.256	fixation	n/a	608.0	190.7	3256.0	n/a	n/a	n/a	n/a
59.179	0.076	saccade	n/a	609.3	192.3	n/a	133.5	278.8	18.23	406.0
59.257	0.242	fixation	n/a	130.4	285.1	3267.0	n/a	n/a	n/a	n/a
59.501	0.024	saccade	n/a	132.8	287.8	n/a	175.6	274.6	1.69	119.0
59.527	0.132	fixation	n/a	171.4	276.2	3260.0	n/a	n/a	n/a	n/a
59.661	0.036	saccade	n/a	171.9	277.8	n/a	283.1	289.2	4.25	249.0
59.699	0.198	fixation	n/a	281.7	287.4	3219.0	n/a	n/a	n/a	n/a
59.899	0.034	saccade	n/a	282.2	290.0	n/a	383.4	282.9	3.9	255.0
59.935	0.192	fixation	n/a	383.6	282.7	3233.0	n/a	n/a	n/a	n/a
60.129	0.048	saccade	n/a	384.3	282.7	n/a	187.9	152.4	9.06	410.0
60.179	0.384	fixation	n/a	182.3	158.1	3222.0	n/a	n/a	n/a	n/a
60.198	0.0	trigger_11	11	n/a	n/a	n/a	n/a	n/a	n/a	n/a
60.302	0.0	trigger_10	10	n/a	n/a	n/a	n/a	n/a	n/a	n/a
60.565	0.028	saccade	n/a	178.8	162.9	n/a	131.4	178.2	1.88	144.0
60.595	0.204	fixation	n/a	135.7	179.0	3402.0	n/a	n/a	n/a	n/a
60.801	0.032	saccade	n/a	135.4	179.3	n/a	219.9	154.3	3.33	189.0
60.835	0.066	fixation	n/a	214.9	152.2	3417.0	n/a	n/a	n/a	n/a
60.903	0.034	saccade	n/a	218.4	152.5	n/a	307.7	143.9	3.43	241.0
60.939	0.234	fixation	n/a	308.3	143.2	3446.0	n/a	n/a	n/a	n/a
61.175	0.034	saccade	n/a	309.0	146.5	n/a	404.0	132.3	3.7	220.0
61.211	0.272	fixation	n/a	400.1	135.3	3430.0	n/a	n/a	n/a	n/a
61.485	0.03	saccade	n/a	402.3	137.0	n/a	473.6	133.7	2.75	160.0
61.517	0.184	fixation	n/a	469.2	132.1	3388.0	n/a	n/a	n/a	n/a
61.703	0.036	saccade	n/a	470.6	133.3	n/a	566.6	130.4	3.68	213.0
61.741	0.104	fixation	n/a	563.9	127.1	3340.0	n/a	n/a	n/a	n/a
61.847	0.064	saccade	n/a	563.8	126.3	n/a	177.8	203.6	14.95	441.0
61.913	0.216	fixation	n/a	172.7	207.8	3386.0	n/a	n/a	n/a	n/a
62.131	0.036	saccade	n/a	174.1	207.6	n/a	275.9	207.1	3.87	224.0
62.169	0.248	fixation	n/a	275.5	208.5	3323.0	n/a	n/a	n/a	n/a
62.419	0.03	saccade	n/a	279.0	207.9	n/a	345.3	202.8	2.56	167.0
62.451	0.166	fixation	n/a	342.1	202.8	3291.0	n/a	n/a	n/a	n/a
62.619	0.032	saccade	n/a	344.1	204.4	n/a	419.6	207.0	2.92	180.0
62.653	0.242	fixation	n/a	418.5	205.4	3330.0	n/a	n/a	n/a	n/a
62.897	0.032	saccade	n/a	421.6	204.5	n/a	491.8	194.6	2.73	186.0
62.931	0.18	fixation	n/a	488.4	195.3	3382.0	n/a	n/a	n/a	n/a
63.113	0.036	saccade	n/a	490.7	195.0	n/a	590.5	190.2	3.82	213.0
63.151	0.232	fixation	n/a	588.7	189.4	3375.0	n/a	n/a	n/a	n/a
63.385	0.072	saccade	n/a	588.7	190.9	n/a	148.8	273.3	16.94	449.0
63.459	0.28	fixation	n/a	140.1	277.1	3360.0	n/a	n/a	n/a	n/a
63.741	0.04	saccade	n/a	139.4	280.1	n/a	283.5	290.3	5.47	299.0
63.783	0.236	fixation	n/a	286.0	289.9	3312.0	n/a	n/a	n/a	n/a
64.021	0.03	saccade	n/a	287.5	289.5	n/a	228.5	281.3	2.28	169.0
64.053	0.34	fixation	n/a	228.2	284.4	3287.0	n/a	n/a	n/a	n/a
64.395	0.052	saccade	n/a	226.4	285.6	n/a	453.6	203.7	9.27	334.0
64.449	0.316	fixation	n/a	453.8	202.1	3321.0	n/a	n/a	n/a	n/a
64.767	0.07	saccade	n/a	449.5	205.4	n/a	148.9	169.2	11.54	241.0
64.839	0.328	fixation	n/a	180.4	163.0	3296.0	n/a	n/a	n/a	n/a
64.886	0.0	trigger_11	11	n/a	n/a	n/a	n/a	n/a	n/a	n/a
64.99	0.0	trigger_10	10	n/a	n/a	n/a	n/a	n/a	n/a	n/a
65.169	0.028	saccade	n/a	188.5	157.5	n/a	149.3	173.9	1.61	142.0
65.199	0.178	fixation	n/a	150.7	172.9	3344.0	n/a	n/a	n/a	n/a
65.379	0.032	saccade	n/a	151.8	170.9	n/a	236.1	148.6	3.31	197.0
65.413	0.128	fixation	n/a	232.4	149.2	3369.0	n/a	n/a	n/a	n/a
65.543	0.126	saccade	n/a	232.0	164.3	n/a	336.3	145.0	4.07	1045.0
65.583	0.03	blink	n/a	n/a	n/a	n/a	n/a	n/a	n/a	n/a
65.671	0.176	fixation	n/a	339.2	138.3	3314.0	n/a	n/a	n/a	n/a
65.849	0.038	saccade	n/a	339.4	134.3	n/a	452.6	130.1	4.37	223.0
65.889	0.22	fixation	n/a	451.5	128.7	3335.0	n/a	n/a	n/a	n/a
66.111	0.028	saccade	n/a	457.4	128.6	n/a	512.5	123.8	2.12	157.0
66.141	0.244	fixation	n/a	510.0	125.2	3305.0	n/a	n/a	n/a	n/a
66.387	0.038	saccade	n/a	512.7	124.4	n/a	608.8	129.8	3.67	176.0
66.427	0.41	fixation	n/a	606.4	126.3	3295.0	n/a	n/a	n/a	n/a
66.839	0.03	saccade	n/a	605.5	126.6	n/a	550.7	118.6	2.11	168.0
66.871	0.052	fixation	n/a	554.6	120.0	3332.0	n/a	n/a	n/a	n/a
66.925	0.032	saccade	n/a	555.2	118.6	n/a	621.7	126.1	2.54	181.0
66.959	0.078	fixation	n/a	620.4	123.7	3265.0	n/a	n/a	n/a	n/a
67.039	0.072	saccade	n/a	621.5	123.7	n/a	150.4	201.4	18.0	428.0
67.113	0.274	fixation	n/a	147.5	213.5	3421.0	n/a	n/a	n/a	n/a
67.389	0.034	saccade	n/a	146.4	217.1	n/a	231.4	202.4	3.27	205.0
67.425	0.29	fixation	n/a	229.8	202.9	3332.0	n/a	n/a	n/a	n/a
67.717	0.018	saccade	n/a	229.4	203.6	n/a	200.3	203.0	1.11	86.0
67.737	0.532	fixation	n/a	206.1	202.8	3340.0	n/a	n/a	n/a	n/a
68.271	0.02	saccade	n/a	210.4	204.6	n/a	247.8	199.7	1.44	103.0
68.293	0.114	fixation	n/a	243.7	201.1	3368.0	n/a	n/a	n/a	n/a
68.409	0.028	saccade	n/a	246.4	207.9	n/a	309.9	218.9	2.48	145.0
68.439	0.204	fixation	n/a	309.7	212.5	3328.0	n/a	n/a	n/a	n/a
68.645	0.04	saccade	n/a	309.7	210.5	n/a	171.3	180.8	5.4	312.0
68.687	0.44	fixation	n/a	171.0	181.0	3309.0	n/a	n/a	n/a	n/a
68.814	0.0	trigger_11	11	n/a	n/a	n/a	n/a	n/a	n/a	n/a
68.92	0.0	trigger_10	10	n/a	n/a	n/a	n/a	n/a	n/a	n/a
69.129	0.024	saccade	n/a	167.5	185.1	n/a	147.6	172.4	0.9	97.0
69.155	0.222	fixation	n/a	149.0	178.4	3379.0	n/a	n/a	n/a	n/a
69.379	0.034	saccade	n/a	150.7	176.0	n/a	239.5	148.4	3.53	213.0
69.415	0.222	fixation	n/a	235.6	147.8	3341.0	n/a	n/a	n/a	n/a
69.639	0.036	saccade	n/a	235.9	147.6	n/a	331.9	139.1	3.69	213.0
69.677	0.172	fixation	n/a	328.8	137.5	3333.0	n/a	n/a	n/a	n/a
69.851	0.132	saccade	n/a	328.5	141.7	n/a	412.2	147.6	3.23	992.0
69.901	0.028	blink	n/a	n/a	n/a	n/a	n/a	n/a	n/a	n/a
69.985	0.328	fixation	n/a	403.8	140.1	3305.0	n/a	n/a	n/a	n/a
70.315	0.036	saccade	n/a	396.4	138.2	n/a	499.7	134.0	3.98	228.0
70.353	0.136	fixation	n/a	499.0	132.6	3276.0	n/a	n/a	n/a	n/a
70.491	0.028	saccade	n/a	502.7	133.3	n/a	556.5	129.4	2.07	132.0
70.521	0.174	fixation	n/a	553.5	128.6	3251.0	n/a	n/a	n/a	n/a
70.697	0.026	saccade	n/a	557.3	130.5	n/a	613.3	131.5	2.13	134.0
70.725	0.084	fixation	n/a	607.1	131.0	3251.0	n/a	n/a	n/a	n/a
70.811	0.07	saccade	n/a	606.9	130.8	n/a	148.4	207.1	17.55	456.0
70.883	0.296	fixation	n/a	144.0	211.7	3331.0	n/a	n/a	n/a	n/a
71.181	0.034	saccade	n/a	142.6	212.9	n/a	244.4	208.0	3.87	245.0
71.217	0.4	fixation	n/a	242.7	206.3	3233.0	n/a	n/a	n/a	n/a
71.619	0.022	saccade	n/a	239.8	206.8	n/a	209.7	199.3	1.18	94.0
71.643	0.11	fixation	n/a	213.3	201.1	3194.0	n/a	n/a	n/a	n/a
71.755	0.032	saccade	n/a	214.6	200.0	n/a	308.3	200.2	3.58	223.0
71.789	0.206	fixation	n/a	306.3	201.6	3231.0	n/a	n/a	n/a	n/a
71.997	0.034	saccade	n/a	308.6	205.5	n/a	395.1	200.6	3.34	194.0
72.033	0.206	fixation	n/a	392.7	200.7	3252.0	n/a	n/a	n/a	n/a
72.241	0.028	saccade	n/a	395.9	200.5	n/a	461.7	199.9	2.54	162.0
72.271	0.152	fixation	n/a	458.4	201.3	3165.0	n/a	n/a	n/a	n/a
72.425	0.032	saccade	n/a	459.2	201.7	n/a	540.4	192.8	3.14	190.0
72.459	0.268	fixation	n/a	538.0	193.7	3152.0	n/a	n/a	n/a	n/a
72.729	0.028	saccade	n/a	538.5	193.9	n/a	496.2	191.3	1.63	136.0
72.759	0.208	fixation	n/a	499.4	192.7	3135.0	n/a	n/a	n/a	n/a
72.969	0.064	saccade	n/a	497.7	192.0	n/a	151.0	259.7	13.44	368.0
73.035	0.37	fixation	n/a	145.4	269.9	3172.0	n/a	n/a	n/a	n/a
73.407	0.032	saccade	n/a	144.5	274.5	n/a	229.9	286.2	3.27	200.0
73.441	0.082	fixation	n/a	226.6	287.2	3129.0	n/a	n/a	n/a	n/a
73.525	0.186	saccade	n/a	226.9	294.8	n/a	326.1	301.0	3.81	969.0
73.567	0.082	blink	n/a	n/a	n/a	n/a	n/a	n/a	n/a	n/a
73.713	0.214	fixation	n/a	328.2	303.2	3086.0	n/a	n/a	n/a	n/a
73.929	0.032	saccade	n/a	330.8	300.2	n/a	411.7	289.5	3.15	194.0
73.963	0.33	fixation	n/a	411.2	287.3	3108.0	n/a	n/a	n/a	n/a
74.295	0.032	saccade	n/a	413.5	288.2	n/a	489.4	282.7	2.93	164.0
74.329	0.21	fixation	n/a	486.7	279.7	3032.0	n/a	n/a	n/a	n/a
74.541	0.026	saccade	n/a	489.3	278.8	n/a	532.6	273.9	1.67	118.0
74.569	0.156	fixation	n/a	529.0	274.2	3046.0	n/a	n/a	n/a	n/a
74.727	0.064	saccade	n/a	529.3	275.7	n/a	158.0	384.0	14.67	424.0
74.793	0.306	fixation	n/a	157.2	393.9	3117.0	n/a	n/a	n/a	n/a
75.101	0.028	saccade	n/a	158.9	391.3	n/a	216.2	376.1	2.24	146.0
75.131	0.228	fixation	n/a	215.7	378.8	3124.0	n/a	n/a	n/a	n/a
75.361	0.03	saccade	n/a	217.8	379.5	n/a	288.7	374.9	2.7	180.0
75.393	0.46	fixation	n/a	285.8	376.0	3170.0	n/a	n/a	n/a	n/a
75.855	0.038	saccade	n/a	289.0	377.5	n/a	387.1	355.2	3.86	170.0
75.895	0.368	fixation	n/a	385.4	355.3	3171.0	n/a	n/a	n/a	n/a
76.265	0.038	saccade	n/a	385.6	356.5	n/a	272.5	369.6	4.36	252.0
76.305	0.266	fixation	n/a	272.6	373.0	3195.0	n/a	n/a	n/a	n/a
76.573	0.03	saccade	n/a	270.0	370.5	n/a	209.4	372.4	2.31	164.0
76.605	0.254	fixation	n/a	213.4	376.3	3129.0	n/a	n/a	n/a	n/a
76.861	0.204	saccade	n/a	214.3	384.4	n/a	228.8	388.4	0.57	857.0
76.911	0.084	blink	n/a	n/a	n/a	n/a	n/a	n/a	n/a	n/a
77.067	0.102	fixation	n/a	228.3	386.8	2987.0	n/a	n/a	n/a	n/a
77.171	0.036	saccade	n/a	228.0	391.2	n/a	322.8	377.3	3.65	200.0
77.209	0.206	fixation	n/a	320.2	373.4	3148.0	n/a	n/a	n/a	n/a
77.417	0.028	saccade	n/a	323.0	372.1	n/a	386.7	356.4	2.52	165.0
77.447	0.186	fixation	n/a	384.4	357.5	3033.0	n/a	n/a	n/a	n/a
77.635	0.03	saccade	n/a	388.1	357.7	n/a	454.7	352.5	2.57	157.0
77.667	0.212	fixation	n/a	453.4	352.7	2992.0	n/a	n/a	n/a	n/a
77.881	0.034	saccade	n/a	456.1	354.1	n/a	541.3	352.1	3.27	167.0
77.917	0.298	fixation	n/a	536.9	352.4	2980.0	n/a	n/a	n/a	n/a
78.217	0.028	saccade	n/a	539.6	354.6	n/a	595.7	352.1	2.14	152.0
78.247	0.202	fixation	n/a	593.2	352.4	2957.0	n/a	n/a	n/a	n/a
78.451	0.078	saccade	n/a	591.8	353.1	n/a	174.4	479.0	16.38	383.0
78.531	0.256	fixation	n/a	172.8	482.4	3086.0	n/a	n/a	n/a	n/a
78.789	0.028	saccade	n/a	173.1	481.0	n/a	232.2	462.5	2.32	154.0
78.819	0.192	fixation	n/a	230.9	462.5	3045.0	n/a	n/a	n/a	n/a
79.013	0.03	saccade	n/a	234.1	462.5	n/a	301.2	443.4	2.64	177.0
79.045	0.324	fixation	n/a	300.0	446.2	3089.0	n/a	n/a	n/a	n/a
79.371	0.03	saccade	n/a	301.8	445.2	n/a	377.0	424.4	2.98	178.0
79.403	0.16	fixation	n/a	374.6	423.4	3114.0	n/a	n/a	n/a	n/a
79.565	0.034	saccade	n/a	376.9	422.6	n/a	461.1	419.4	3.22	178.0
79.601	0.278	fixation	n/a	458.2	418.2	3086.0	n/a	n/a	n/a	n/a
79.881	0.02	saccade	n/a	461.1	419.5	n/a	491.4	421.1	1.16	85.0
79.903	0.092	fixation	n/a	486.4	419.4	3035.0	n/a	n/a	n/a	n/a
79.997	0.026	saccade	n/a	489.3	418.6	n/a	541.3	425.3	1.99	128.0
80.025	0.164	fixation	n/a	537.8	425.3	3020.0	n/a	n/a	n/a	n/a
80.191	0.066	saccade	n/a	537.7	425.2	n/a	196.3	559.5	13.75	378.0
80.259	0.254	fixation	n/a	191.8	561.1	3149.0	n/a	n/a	n/a	n/a
80.515	0.052	saccade	n/a	191.5	562.7	n/a	143.0	192.0	14.08	668.0
80.569	0.15	fixation	n/a	140.4	185.5	3112.0	n/a	n/a	n/a	n/a
80.721	0.026	saccade	n/a	141.3	184.2	n/a	178.8	157.4	1.75	134.0
80.749	0.104	fixation	n/a	174.4	160.3	3150.0	n/a	n/a	n/a	n/a
80.855	0.032	saccade	n/a	175.7	157.7	n/a	254.1	140.0	3.06	205.0
80.889	0.19	fixation	n/a	252.3	136.8	3242.0	n/a	n/a	n/a	n/a
81.081	0.038	saccade	n/a	253.7	134.4	n/a	375.7	125.1	4.7	250.0
81.121	0.218	fixation	n/a	373.6	123.1	3270.0	n/a	n/a	n/a	n/a
81.341	0.036	saccade	n/a	374.0	123.8	n/a	477.7	117.1	4.0	225.0
81.379	0.288	fixation	n/a	475.8	116.4	3230.0	n/a	n/a	n/a	n/a
81.576	0.0	trigger_11	11	n/a	n/a	n/a	n/a	n/a	n/a	n/a
81.669	0.048	saccade	n/a	475.7	119.4	n/a	294.3	138.1	7.02	323.0
81.68	0.0	trigger_10	10	n/a	n/a	n/a	n/a	n/a	n/a	n/a
81.719	0.19	fixation	n/a	288.5	142.1	3339.0	n/a	n/a	n/a	n/a
81.911	0.056	saccade	n/a	285.4	144.8	n/a	162.6	166.8	4.76	292.0
81.969	0.228	fixation	n/a	157.1	172.5	3412.0	n/a	n/a	n/a	n/a
82.199	0.03	saccade	n/a	159.9	171.6	n/a	222.8	151.7	2.5	169.0
82.231	0.194	fixation	n/a	221.4	148.7	3359.0	n/a	n/a	n/a	n/a
82.427	0.032	saccade	n/a	225.1	149.5	n/a	306.1	142.0	3.12	180.0
82.461	0.136	fixation	n/a	302.7	141.8	3406.0	n/a	n/a	n/a	n/a
82.599	0.032	saccade	n/a	306.4	141.8	n/a	390.2	135.6	3.24	199.0
82.633	0.12	fixation	n/a	385.1	134.6	3486.0	n/a	n/a	n/a	n/a
82.755	0.028	saccade	n/a	388.3	135.1	n/a	448.7	134.6	2.33	158.0
82.785	0.14	fixation	n/a	444.3	134.1	3522.0	n/a	n/a	n/a	n/a
82.927	0.164	saccade	n/a	442.9	142.2	n/a	514.4	136.5	2.76	1029.0
82.977	0.058	blink	n/a	n/a	n/a	n/a	n/a	n/a	n/a	n/a
83.093	0.2	fixation	n/a	513.7	129.0	3324.0	n/a	n/a	n/a	n/a
83.295	0.028	saccade	n/a	516.3	119.0	n/a	570.6	120.8	2.08	132.0
83.325	0.148	fixation	n/a	564.3	117.5	3364.0	n/a	n/a	n/a	n/a
83.475	0.066	saccade	n/a	564.8	115.2	n/a	155.2	203.8	15.89	454.0
83.543	0.294	fixation	n/a	148.7	210.1	3322.0	n/a	n/a	n/a	n/a
83.839	0.03	saccade	n/a	148.2	206.4	n/a	221.6	200.9	2.79	181.0
83.871	0.148	fixation	n/a	217.2	200.2	3357.0	n/a	n/a	n/a	n/a
84.021	0.048	saccade	n/a	217.7	200.0	n/a	139.3	208.6	2.98	238.0
84.071	0.442	fixation	n/a	129.1	212.3	3372.0	n/a	n/a	n/a	n/a
84.515	0.02	saccade	n/a	131.0	214.4	n/a	166.1	205.8	1.36	97.0
84.537	0.156	fixation	n/a	161.5	206.9	3388.0	n/a	n/a	n/a	n/a
84.695	0.028	saccade	n/a	165.3	207.8	n/a	233.1	200.4	2.59	163.0
84.725	0.238	fixation	n/a	230.7	201.0	3433.0	n/a	n/a	n/a	n/a
84.965	0.034	saccade	n/a	234.0	200.7	n/a	319.5	205.6	3.29	197.0
85.001	0.294	fixation	n/a	318.6	204.7	3436.0	n/a	n/a	n/a	n/a
85.297	0.036	saccade	n/a	321.4	206.1	n/a	431.1	200.5	4.24	216.0
85.335	0.224	fixation	n/a	427.8	200.8	3338.0	n/a	n/a	n/a	n/a
85.561	0.036	saccade	n/a	427.7	202.6	n/a	528.1	196.5	3.87	203.0
85.599	0.2	fixation	n/a	523.9	195.0	3296.0	n/a	n/a	n/a	n/a
85.801	0.03	saccade	n/a	525.0	194.5	n/a	589.1	185.2	2.48	139.0
85.833	0.138	fixation	n/a	584.1	183.5	3278.0	n/a	n/a	n/a	n/a
85.973	0.074	saccade	n/a	583.6	182.7	n/a	139.0	276.2	17.16	398.0
86.049	0.264	fixation	n/a	133.3	281.5	3320.0	n/a	n/a	n/a	n/a
86.315	0.03	saccade	n/a	132.4	285.3	n/a	208.3	278.4	2.88	198.0
86.347	0.254	fixation	n/a	204.2	280.8	3223.0	n/a	n/a	n/a	n/a
86.603	0.03	saccade	n/a	205.8	283.3	n/a	279.9	289.0	2.83	196.0
86.635	0.252	fixation	n/a	276.9	291.2	3240.0	n/a	n/a	n/a	n/a
86.889	0.036	saccade	n/a	276.1	292.1	n/a	193.7	283.0	3.16	224.0
86.927	0.202	fixation	n/a	195.4	285.2	3179.0	n/a	n/a	n/a	n/a
87.131	0.042	saccade	n/a	196.9	287.4	n/a	328.0	289.6	5.0	246.0
87.175	0.396	fixation	n/a	330.7	287.9	3222.0	n/a	n/a	n/a	n/a
87.573	0.018	saccade	n/a	332.8	289.6	n/a	356.1	286.9	0.9	68.0
87.593	0.144	fixation	n/a	351.8	286.3	3183.0	n/a	n/a	n/a	n/a
87.739	0.028	saccade	n/a	352.9	286.8	n/a	417.4	283.0	2.49	156.0
87.769	0.184	fixation	n/a	415.0	280.8	3169.0	n/a	n/a	n/a	n/a
87.955	0.022	saccade	n/a	418.9	281.0	n/a	462.5	279.4	1.68	113.0
87.979	0.136	fixation	n/a	458.0	279.7	3169.0	n/a	n/a	n/a	n/a
88.117	0.03	saccade	n/a	459.4	278.9	n/a	528.4	279.4	2.65	158.0
88.149	0.156	fixation	n/a	526.1	278.6	3169.0	n/a	n/a	n/a	n/a
88.307	0.032	saccade	n/a	529.2	278.8	n/a	600.9	272.2	2.74	176.0
88.341	0.136	fixation	n/a	598.1	273.0	3183.0	n/a	n/a	n/a	n/a
88.479	0.07	saccade	n/a	597.9	274.4	n/a	173.5	157.5	16.7	452.0
88.528	0.0	trigger_11	11	n/a	n/a	n/a	n/a	n/a	n/a	n/a
88.551	0.52	fixation	n/a	167.6	165.0	3330.0	n/a	n/a	n/a	n/a
88.632	0.0	trigger_12	12	n/a	n/a	n/a	n/a	n/a	n/a	n/a
89.073	0.026	saccade	n/a	166.0	167.7	n/a	222.4	152.6	2.22	148.0
89.101	0.212	fixation	n/a	215.8	152.9	3383.0	n/a	n/a	n/a	n/a
89.315	0.036	saccade	n/a	216.7	153.3	n/a	299.9	143.6	3.2	166.0
89.353	0.144	fixation	n/a	296.9	140.3	3312.0	n/a	n/a	n/a	n/a
89.499	0.03	saccade	n/a	299.0	136.9	n/a	358.6	129.0	2.32	159.0
89.531	0.2	fixation	n/a	355.4	128.4	3342.0	n/a	n/a	n/a	n/a
89.733	0.03	saccade	n/a	354.7	129.2	n/a	292.4	133.8	2.41	174.0
89.765	0.084	fixation	n/a	297.4	136.0	3363.0	n/a	n/a	n/a	n/a
89.851	0.038	saccade	n/a	297.9	136.0	n/a	422.7	130.1	4.81	256.0
89.891	0.212	fixation	n/a	423.0	130.2	3410.0	n/a	n/a	n/a	n/a
90.105	0.028	saccade	n/a	424.7	130.6	n/a	477.7	124.4	2.06	146.0
90.135	0.166	fixation	n/a	473.1	125.0	3433.0	n/a	n/a	n/a	n/a
90.303	0.036	saccade	n/a	475.2	127.0	n/a	561.3	120.5	3.31	199.0
90.341	0.264	fixation	n/a	560.4	118.7	3325.0	n/a	n/a	n/a	n/a
90.607	0.026	saccade	n/a	565.2	118.2	n/a	618.0	119.9	2.0	142.0
90.635	0.214	fixation	n/a	612.8	118.9	3271.0	n/a	n/a	n/a	n/a
90.851	0.076	saccade	n/a	612.4	119.4	n/a	130.0	215.9	18.55	427.0
90.929	0.31	fixation	n/a	139.4	215.1	3368.0	n/a	n/a	n/a	n/a
91.241	0.034	saccade	n/a	135.1	215.8	n/a	236.9	199.9	3.9	233.0
91.277	0.184	fixation	n/a	236.0	199.7	3336.0	n/a	n/a	n/a	n/a
91.463	0.024	saccade	n/a	240.2	200.3	n/a	280.6	201.3	1.55	121.0
91.489	0.1	fixation	n/a	274.4	207.7	3323.0	n/a	n/a	n/a	n/a
91.591	0.168	saccade	n/a	267.3	221.1	n/a	198.7	198.6	2.76	793.0
91.639	0.058	blink	n/a	n/a	n/a	n/a	n/a	n/a	n/a	n/a
91.761	0.286	fixation	n/a	205.6	190.1	3305.0	n/a	n/a	n/a	n/a
91.784	0.0	trigger_13	13	n/a	n/a	n/a	n/a	n/a	n/a	n/a
92.049	0.03	saccade	n/a	203.4	185.1	n/a	142.0	200.3	2.39	182.0
92.081	0.196	fixation	n/a	142.7	196.5	3349.0	n/a	n/a	n/a	n/a
92.279	0.062	saccade	n/a	141.9	195.1	n/a	170.1	396.7	7.81	530.0
92.343	0.286	fixation	n/a	173.0	400.6	3478.0	n/a	n/a	n/a	n/a
92.631	0.044	saccade	n/a	177.7	401.0	n/a	140.2	234.1	6.56	399.0
92.677	0.476	fixation	n/a	137.9	235.8	3378.0	n/a	n/a	n/a	n/a
93.155	0.03	saccade	n/a	133.7	240.2	n/a	150.7	298.0	2.32	171.0
93.187	0.192	fixation	n/a	148.1	297.9	3716.0	n/a	n/a	n/a	n/a
93.381	0.028	saccade	n/a	146.5	300.0	n/a	108.9	292.8	1.43	128.0
93.411	0.164	fixation	n/a	113.5	293.7	3792.0	n/a	n/a	n/a	n/a
93.577	0.034	saccade	n/a	115.1	290.8	n/a	208.1	293.1	3.5	223.0
93.613	0.224	fixation	n/a	207.1	292.3	3663.0	n/a	n/a	n/a	n/a
93.632	0.0	trigger_15	15	n/a	n/a	n/a	n/a	n/a	n/a	n/a
93.686	0.0	trigger_10	10	n/a	n/a	n/a	n/a	n/a	n/a	n/a
93.839	0.042	saccade	n/a	208.8	290.2	n/a	151.6	168.9	5.17	285.0
93.883	0.242	fixation	n/a	154.3	177.1	3658.0	n/a	n/a	n/a	n/a
94.127	0.034	saccade	n/a	154.4	174.3	n/a	230.5	150.6	3.03	179.0
94.163	0.244	fixation	n/a	229.5	148.2	3551.0	n/a	n/a	n/a	n/a
94.409	0.032	saccade	n/a	232.6	148.3	n/a	320.6	133.1	3.42	199.0
94.443	0.166	fixation	n/a	318.9	132.3	3522.0	n/a	n/a	n/a	n/a
94.611	0.032	saccade	n/a	321.7	130.7	n/a	398.5	122.3	2.98	173.0
94.645	0.166	fixation	n/a	395.5	122.3	3510.0	n/a	n/a	n/a	n/a
94.813	0.028	saccade	n/a	399.9	121.6	n/a	463.7	115.7	2.47	159.0
94.843	0.318	fixation	n/a	459.3	117.0	3441.0	n/a	n/a	n/a	n/a
95.163	0.048	saccade	n/a	458.3	118.5	n/a	249.2	133.3	8.03	339.0
95.213	0.168	fixation	n/a	246.3	134.7	3353.0	n/a	n/a	n/a	n/a
95.383	0.03	saccade	n/a	243.8	136.0	n/a	183.7	150.3	2.35	169.0
95.415	0.146	fixation	n/a	187.1	152.9	3339.0	n/a	n/a	n/a	n/a
95.563	0.056	saccade	n/a	188.1	152.7	n/a	463.3	117.6	10.59	345.0
95.621	0.372	fixation	n/a	469.8	121.6	3375.0	n/a	n/a	n/a	n/a
95.995	0.034	saccade	n/a	469.8	123.7	n/a	553.1	117.4	3.2	192.0
96.031	0.164	fixation	n/a	549.7	117.3	3343.0	n/a	n/a	n/a	n/a
96.197	0.07	saccade	n/a	551.4	117.9	n/a	144.6	203.6	15.76	412.0
96.269	0.318	fixation	n/a	138.4	207.0	3336.0	n/a	n/a	n/a	n/a
96.589	0.04	saccade	n/a	138.1	208.4	n/a	251.3	201.0	4.3	204.0
96.631	0.134	fixation	n/a	251.7	202.3	3276.0	n/a	n/a	n/a	n/a
96.767	0.014	saccade	n/a	249.3	203.7	n/a	234.8	205.2	0.56	47.0
96.783	0.172	fixation	n/a	236.7	205.7	3263.0	n/a	n/a	n/a	n/a
96.957	0.026	saccade	n/a	238.2	206.8	n/a	280.0	204.2	1.6	126.0
96.985	0.154	fixation	n/a	276.9	205.2	3280.0	n/a	n/a	n/a	n/a
97.141	0.034	saccade	n/a	279.5	205.3	n/a	366.7	207.2	3.36	175.0
97.177	0.14	fixation	n/a	362.4	205.8	3253.0	n/a	n/a	n/a	n/a
97.319	0.03	saccade	n/a	364.1	207.0	n/a	420.9	202.5	2.2	155.0
97.351	0.05	fixation	n/a	417.3	203.2	3240.0	n/a	n/a	n/a	n/a
97.403	0.146	saccade	n/a	417.7	208.6	n/a	461.8	215.5	1.72	887.0
97.453	0.034	blink	n/a	n/a	n/a	n/a	n/a	n/a	n/a	n/a
97.551	0.246	fixation	n/a	459.2	214.3	3124.0	n/a	n/a	n/a	n/a
97.799	0.034	saccade	n/a	459.1	207.9	n/a	538.9	202.6	3.08	185.0
97.835	0.234	fixation	n/a	538.5	199.3	3152.0	n/a	n/a	n/a	n/a
98.071	0.028	saccade	n/a	543.5	200.3	n/a	602.8	197.0	2.27	149.0
98.101	0.118	fixation	n/a	599.7	196.6	3106.0	n/a	n/a	n/a	n/a
98.221	0.076	saccade	n/a	599.5	195.4	n/a	130.5	285.9	18.01	406.0
98.299	0.226	fixation	n/a	124.7	290.3	3178.0	n/a	n/a	n/a	n/a
98.527	0.032	saccade	n/a	124.2	289.0	n/a	196.2	285.7	2.71	166.0
98.561	0.236	fixation	n/a	193.5	290.1	3195.0	n/a	n/a	n/a	n/a
98.799	0.034	saccade	n/a	196.7	288.7	n/a	282.2	291.4	3.26	215.0
98.835	0.202	fixation	n/a	283.4	292.4	3240.0	n/a	n/a	n/a	n/a
99.039	0.03	saccade	n/a	285.9	293.5	n/a	353.0	287.3	2.59	168.0
99.071	0.134	fixation	n/a	350.5	287.5	3247.0	n/a	n/a	n/a	n/a
99.207	0.032	saccade	n/a	352.8	288.6	n/a	426.8	284.1	2.86	166.0
99.241	0.22	fixation	n/a	422.8	283.8	3255.0	n/a	n/a	n/a	n/a
99.463	0.026	saccade	n/a	426.4	283.8	n/a	477.0	278.2	1.96	135.0
99.491	0.164	fixation	n/a	471.3	278.7	3248.0	n/a	n/a	n/a	n/a
99.657	0.034	saccade	n/a	472.4	278.5	n/a	556.7	274.8	3.23	210.0
99.693	0.11	fixation	n/a	555.5	276.4	3196.0	n/a	n/a	n/a	n/a
99.805	0.068	saccade	n/a	557.7	277.3	n/a	188.6	159.8	14.76	405.0
99.824	0.0	trigger_11	11	n/a	n/a	n/a	n/a	n/a	n/a	n/a
99.875	0.074	fixation	n/a	189.4	157.7	3239.0	n/a	n/a	n/a	n/a
99.928	0.0	trigger_10	10	n/a	n/a	n/a	n/a	n/a	n/a	n/a
99.951	0.03	saccade	n/a	187.7	159.4	n/a	151.0	160.8	1.39	142.0
99.983	0.256	fixation	n/a	145.7	164.3	3243.0	n/a	n/a	n/a	n/a
100.241	0.03	saccade	n/a	146.7	163.9	n/a	208.0	149.9	2.38	176.0
100.273	0.1	fixation	n/a	204.9	148.6	3325.0	n/a	n/a	n/a	n/a
100.375	0.032	saccade	n/a	206.9	150.3	n/a	285.5	140.2	3.03	192.0
100.409	0.23	fixation	n/a	282.4	138.1	3409.0	n/a	n/a	n/a	n/a
100.641	0.034	saccade	n/a	284.4	137.8	n/a	375.0	128.1	3.51	192.0
100.677	0.222	fixation	n/a	372.0	127.4	3424.0	n/a	n/a	n/a	n/a
100.901	0.028	saccade	n/a	376.4	125.7	n/a	434.0	118.9	2.24	156.0
100.931	0.248	fixation	n/a	430.2	120.3	3439.0	n/a	n/a	n/a	n/a
101.181	0.034	saccade	n/a	429.8	119.9	n/a	346.2	120.2	3.22	212.0
101.217	0.232	fixation	n/a	352.2	123.3	3493.0	n/a	n/a	n/a	n/a
101.451	0.038	saccade	n/a	352.7	123.4	n/a	471.0	120.7	4.55	262.0
101.491	0.194	fixation	n/a	469.8	120.9	3528.0	n/a	n/a	n/a	n/a
101.687	0.03	saccade	n/a	469.7	122.8	n/a	416.1	113.6	2.1	166.0
101.719	0.13	fixation	n/a	419.4	117.6	3509.0	n/a	n/a	n/a	n/a
101.851	0.03	saccade	n/a	419.5	117.3	n/a	478.6	120.9	2.28	162.0
101.883	0.222	fixation	n/a	474.6	118.8	3425.0	n/a	n/a	n/a	n/a
102.107	0.03	saccade	n/a	477.3	118.5	n/a	548.1	114.2	2.72	178.0
102.139	0.142	fixation	n/a	544.0	113.4	3380.0	n/a	n/a	n/a	n/a
102.283	0.064	saccade	n/a	544.9	114.4	n/a	165.0	191.8	14.73	410.0
102.349	0.128	fixation	n/a	162.8	201.1	3420.0	n/a	n/a	n/a	n/a
102.479	0.026	saccade	n/a	160.2	206.7	n/a	127.7	221.6	1.35	123.0
102.507	0.338	fixation	n/a	129.4	221.3	3420.0	n/a	n/a	n/a	n/a
102.842	0.0	trigger_11	11	n/a	n/a	n/a	n/a	n/a	n/a	n/a
102.847	0.03	saccade	n/a	131.8	219.2	n/a	157.1	165.1	2.29	151.0
102.879	0.338	fixation	n/a	155.2	172.3	3420.0	n/a	n/a	n/a	n/a
102.944	0.0	trigger_10	10	n/a	n/a	n/a	n/a	n/a	n/a	n/a
103.219	0.022	saccade	n/a	157.2	173.8	n/a	184.6	158.4	1.19	94.0
103.243	0.094	fixation	n/a	178.3	162.6	3552.0	n/a	n/a	n/a	n/a
103.339	0.03	saccade	n/a	178.8	160.6	n/a	245.8	145.8	2.61	173.0
103.371	0.35	fixation	n/a	241.3	143.8	3494.0	n/a	n/a	n/a	n/a
103.723	0.026	saccade	n/a	242.4	144.3	n/a	305.6	135.4	2.45	143.0
103.751	0.126	fixation	n/a	302.9	132.9	3454.0	n/a	n/a	n/a	n/a
103.879	0.13	saccade	n/a	301.4	137.9	n/a	383.6	144.0	3.18	1006.0
103.931	0.016	blink	n/a	n/a	n/a	n/a	n/a	n/a	n/a	n/a
104.011	0.182	fixation	n/a	382.9	138.8	3387.0	n/a	n/a	n/a	n/a
104.195	0.028	saccade	n/a	385.6	133.1	n/a	455.9	128.6	2.71	150.0
104.225	0.196	fixation	n/a	454.4	126.6	3415.0	n/a	n/a	n/a	n/a
104.423	0.038	saccade	n/a	458.7	124.7	n/a	569.1	116.7	4.24	220.0
104.463	0.16	fixation	n/a	568.7	113.7	3253.0	n/a	n/a	n/a	n/a
104.625	0.07	saccade	n/a	569.4	114.4	n/a	136.3	205.5	16.72	433.0
104.697	0.234	fixation	n/a	131.3	210.1	3324.0	n/a	n/a	n/a	n/a
104.933	0.032	saccade	n/a	130.6	211.6	n/a	215.8	211.9	3.22	179.0
104.967	0.348	fixation	n/a	208.2	209.1	3327.0	n/a	n/a	n/a	n/a
105.317	0.032	saccade	n/a	201.7	208.5	n/a	275.2	206.9	2.81	195.0
105.351	0.15	fixation	n/a	272.9	206.6	3333.0	n/a	n/a	n/a	n/a
105.503	0.032	saccade	n/a	272.4	206.8	n/a	352.6	211.1	3.09	194.0
105.537	0.246	fixation	n/a	350.8	210.3	3357.0	n/a	n/a	n/a	n/a
105.785	0.03	saccade	n/a	354.7	212.4	n/a	425.7	202.6	2.77	166.0
105.817	0.274	fixation	n/a	422.3	200.3	3306.0	n/a	n/a	n/a	n/a
106.093	0.03	saccade	n/a	425.9	199.6	n/a	490.2	193.6	2.49	153.0
106.125	0.274	fixation	n/a	488.0	192.5	3275.0	n/a	n/a	n/a	n/a
106.401	0.028	saccade	n/a	487.8	189.5	n/a	544.3	192.6	2.17	148.0
106.431	0.228	fixation	n/a	541.0	193.2	3301.0	n/a	n/a	n/a	n/a
106.661	0.034	saccade	n/a	544.5	194.3	n/a	628.8	191.4	3.21	193.0
106.697	0.258	fixation	n/a	626.8	194.3	3286.0	n/a	n/a	n/a	n/a
106.957	0.028	saccade	n/a	629.9	195.1	n/a	681.7	194.6	1.94	141.0
106.987	0.094	fixation	n/a	678.3	194.6	3265.0	n/a	n/a	n/a	n/a
107.083	0.074	saccade	n/a	678.7	196.0	n/a	164.0	278.0	19.54	481.0
107.159	0.268	fixation	n/a	157.8	285.4	3343.0	n/a	n/a	n/a	n/a
107.429	0.036	saccade	n/a	154.0	291.3	n/a	254.4	292.0	3.8	225.0
107.467	0.212	fixation	n/a	250.2	289.8	3342.0	n/a	n/a	n/a	n/a
107.681	0.03	saccade	n/a	252.4	290.6	n/a	324.3	287.8	2.76	190.0
107.713	0.226	fixation	n/a	321.8	288.0	3346.0	n/a	n/a	n/a	n/a
107.941	0.03	saccade	n/a	325.4	288.7	n/a	389.5	287.2	2.47	175.0
107.973	0.172	fixation	n/a	386.3	287.5	3339.0	n/a	n/a	n/a	n/a
108.147	0.048	saccade	n/a	387.4	287.0	n/a	195.8	153.3	8.99	433.0
108.197	0.208	fixation	n/a	193.4	154.3	3289.0	n/a	n/a	n/a	n/a
108.407	0.026	saccade	n/a	194.8	151.7	n/a	255.8	130.8	2.46	147.0
108.435	0.154	fixation	n/a	253.7	131.0	3292.0	n/a	n/a	n/a	n/a
108.591	0.034	saccade	n/a	255.3	131.1	n/a	336.6	124.0	3.13	193.0
108.627	0.136	fixation	n/a	331.3	128.6	3329.0	n/a	n/a	n/a	n/a
108.765	0.032	saccade	n/a	329.3	141.1	n/a	419.0	135.6	3.46	131.0
108.799	0.178	fixation	n/a	430.3	126.3	3295.0	n/a	n/a	n/a	n/a
108.979	0.18	saccade	n/a	429.0	131.0	n/a	551.7	137.4	4.72	966.0
109.029	0.078	blink	n/a	n/a	n/a	n/a	n/a	n/a	n/a	n/a
109.161	0.46	fixation	n/a	551.0	122.0	3263.0	n/a	n/a	n/a	n/a
109.623	0.074	saccade	n/a	551.3	116.1	n/a	124.3	228.6	16.72	430.0
109.699	0.196	fixation	n/a	118.6	228.4	3341.0	n/a	n/a	n/a	n/a
109.842	0.0	trigger_11	11	n/a	n/a	n/a	n/a	n/a	n/a	n/a
109.897	0.034	saccade	n/a	117.7	231.9	n/a	153.6	171.0	2.7	193.0
109.933	0.342	fixation	n/a	149.2	175.5	3409.0	n/a	n/a	n/a	n/a
109.948	0.0	trigger_10	10	n/a	n/a	n/a	n/a	n/a	n/a	n/a
110.277	0.03	saccade	n/a	151.4	176.5	n/a	209.4	151.9	2.39	166.0
110.309	0.168	fixation	n/a	205.3	154.5	3485.0	n/a	n/a	n/a	n/a
110.479	0.036	saccade	n/a	206.1	154.1	n/a	318.9	134.1	4.38	262.0
110.517	0.224	fixation	n/a	317.8	133.4	3481.0	n/a	n/a	n/a	n/a
110.743	0.034	saccade	n/a	320.0	135.6	n/a	405.8	131.0	3.31	169.0
110.779	0.232	fixation	n/a	401.7	131.4	3507.0	n/a	n/a	n/a	n/a
111.013	0.03	saccade	n/a	403.9	135.5	n/a	477.0	128.7	2.83	173.0
111.045	0.18	fixation	n/a	473.8	129.5	3512.0	n/a	n/a	n/a	n/a
111.227	0.022	saccade	n/a	477.4	128.0	n/a	523.9	121.0	1.81	116.0
111.251	0.188	fixation	n/a	520.7	120.5	3516.0	n/a	n/a	n/a	n/a
111.441	0.064	saccade	n/a	520.8	121.0	n/a	145.0	210.3	14.68	412.0
111.507	0.368	fixation	n/a	137.6	215.2	3497.0	n/a	n/a	n/a	n/a
111.877	0.026	saccade	n/a	139.0	214.9	n/a	195.6	205.2	2.16	142.0
111.905	0.24	fixation	n/a	193.0	205.5	3410.0	n/a	n/a	n/a	n/a
112.147	0.036	saccade	n/a	194.2	205.0	n/a	301.7	206.3	4.1	253.0
112.185	0.402	fixation	n/a	302.1	208.1	3407.0	n/a	n/a	n/a	n/a
112.589	0.034	saccade	n/a	307.2	209.3	n/a	406.3	200.8	3.83	190.0
112.625	0.188	fixation	n/a	405.1	202.0	3336.0	n/a	n/a	n/a	n/a
112.815	0.03	saccade	n/a	405.5	205.5	n/a	472.6	200.9	2.6	160.0
112.847	0.208	fixation	n/a	467.7	202.0	3346.0	n/a	n/a	n/a	n/a
113.057	0.032	saccade	n/a	467.6	201.0	n/a	550.0	202.3	3.17	177.0
113.091	0.13	fixation	n/a	545.3	200.2	3315.0	n/a	n/a	n/a	n/a
113.223	0.066	saccade	n/a	546.9	199.5	n/a	157.2	220.4	14.81	425.0
113.291	0.118	fixation	n/a	153.7	223.5	3315.0	n/a	n/a	n/a	n/a
113.411	0.03	saccade	n/a	153.8	224.6	n/a	181.6	156.7	2.83	202.0
113.443	0.196	fixation	n/a	179.5	162.6	3243.0	n/a	n/a	n/a	n/a
113.641	0.022	saccade	n/a	178.4	163.7	n/a	148.9	170.3	1.14	89.0
113.665	0.128	fixation	n/a	155.1	174.3	3223.0	n/a	n/a	n/a	n/a
113.795	0.078	saccade	n/a	152.2	179.7	n/a	539.8	184.5	14.71	264.0
113.875	0.208	fixation	n/a	546.4	189.9	3269.0	n/a	n/a	n/a	n/a
114.085	0.068	saccade	n/a	545.9	194.6	n/a	143.1	280.1	15.61	396.0
114.155	0.248	fixation	n/a	140.7	286.0	3263.0	n/a	n/a	n/a	n/a
114.405	0.166	saccade	n/a	140.4	306.8	n/a	133.1	295.7	0.51	981.0
114.445	0.052	blink	n/a	n/a	n/a	n/a	n/a	n/a	n/a	n/a
114.573	0.298	fixation	n/a	133.2	293.4	3158.0	n/a	n/a	n/a	n/a
114.873	0.022	saccade	n/a	134.7	287.5	n/a	173.2	284.1	1.45	102.0
114.897	0.144	fixation	n/a	169.1	283.4	3204.0	n/a	n/a	n/a	n/a
115.043	0.036	saccade	n/a	171.4	282.5	n/a	267.6	290.8	3.67	210.0
115.081	0.354	fixation	n/a	269.6	286.5	3155.0	n/a	n/a	n/a	n/a
115.437	0.016	saccade	n/a	272.8	285.7	n/a	294.3	286.0	0.83	66.0
115.455	0.046	fixation	n/a	289.5	286.9	3162.0	n/a	n/a	n/a	n/a
115.503	0.026	saccade	n/a	286.7	286.9	n/a	246.3	287.7	1.55	134.0
115.531	0.234	fixation	n/a	248.9	287.1	3151.0	n/a	n/a	n/a	n/a
115.767	0.038	saccade	n/a	250.8	288.2	n/a	372.9	283.0	4.69	232.0
115.807	0.216	fixation	n/a	371.8	283.1	3197.0	n/a	n/a	n/a	n/a
116.025	0.028	saccade	n/a	373.2	284.1	n/a	428.5	276.9	2.15	150.0
116.055	0.25	fixation	n/a	426.0	276.9	3192.0	n/a	n/a	n/a	n/a
116.307	0.03	saccade	n/a	427.7	276.8	n/a	501.9	274.1	2.86	172.0
116.339	0.24	fixation	n/a	498.4	275.1	3130.0	n/a	n/a	n/a	n/a
116.581	0.03	saccade	n/a	499.2	277.9	n/a	561.1	279.2	2.37	150.0
116.613	0.238	fixation	n/a	559.0	278.4	3161.0	n/a	n/a	n/a	n/a
116.853	0.026	saccade	n/a	562.8	279.7	n/a	608.1	272.6	1.74	122.0
116.881	0.146	fixation	n/a	603.4	272.7	3148.0	n/a	n/a	n/a	n/a
117.029	0.03	saccade	n/a	606.7	273.3	n/a	672.9	273.1	2.49	162.0
117.061	0.702	fixation	n/a	670.3	273.5	3164.0	n/a	n/a	n/a	n/a
117.765	0.082	saccade	n/a	662.6	279.0	n/a	143.2	374.8	19.76	430.0
117.849	0.238	fixation	n/a	139.4	377.5	3393.0	n/a	n/a	n/a	n/a
118.089	0.028	saccade	n/a	141.5	380.9	n/a	196.4	374.4	2.08	137.0
118.119	0.204	fixation	n/a	188.9	372.2	3363.0	n/a	n/a	n/a	n/a
118.325	0.034	saccade	n/a	190.8	372.5	n/a	288.9	366.8	3.73	228.0
118.361	0.174	fixation	n/a	286.2	366.9	3318.0	n/a	n/a	n/a	n/a
118.537	0.06	saccade	n/a	288.6	369.5	n/a	166.9	174.3	8.85	444.0
118.554	0.0	trigger_11	11	n/a	n/a	n/a	n/a	n/a	n/a	n/a
118.599	0.54	fixation	n/a	149.5	161.9	3354.0	n/a	n/a	n/a	n/a
118.66	0.0	trigger_10	10	n/a	n/a	n/a	n/a	n/a	n/a	n/a
119.141	0.03	saccade	n/a	141.8	165.1	n/a	215.2	149.3	2.84	177.0
119.173	0.17	fixation	n/a	209.8	145.5	3457.0	n/a	n/a	n/a	n/a
119.345	0.03	saccade	n/a	212.4	146.4	n/a	278.1	135.6	2.54	170.0
119.377	0.07	fixation	n/a	274.3	134.6	3425.0	n/a	n/a	n/a	n/a
119.449	0.028	saccade	n/a	278.5	135.3	n/a	334.5	130.1	2.16	157.0
119.479	0.252	fixation	n/a	334.3	129.8	3448.0	n/a	n/a	n/a	n/a
119.733	0.036	saccade	n/a	335.9	130.0	n/a	428.8	133.5	3.58	210.0
119.771	0.188	fixation	n/a	427.8	128.8	3455.0	n/a	n/a	n/a	n/a
119.961	0.024	saccade	n/a	432.0	128.5	n/a	493.8	123.5	2.39	137.0
119.987	0.084	fixation	n/a	493.3	122.2	3419.0	n/a	n/a	n/a	n/a
120.073	0.168	saccade	n/a	491.7	128.3	n/a	576.1	117.4	3.26	924.0
120.119	0.064	blink	n/a	n/a	n/a	n/a	n/a	n/a	n/a	n/a
120.243	0.272	fixation	n/a	575.0	116.3	3268.0	n/a	n/a	n/a	n/a
120.517	0.074	saccade	n/a	574.0	112.6	n/a	127.5	235.4	17.51	452.0
120.593	0.52	fixation	n/a	127.9	222.9	3239.0	n/a	n/a	n/a	n/a
121.115	0.028	saccade	n/a	122.8	216.6	n/a	191.8	207.3	2.62	176.0
121.145	0.36	fixation	n/a	187.7	205.6	3246.0	n/a	n/a	n/a	n/a
121.507	0.032	saccade	n/a	190.3	201.7	n/a	241.1	141.1	3.04	194.0
121.541	0.258	fixation	n/a	238.6	145.3	3286.0	n/a	n/a	n/a	n/a
121.801	0.036	saccade	n/a	241.1	145.2	n/a	190.2	205.6	3.04	233.0
121.839	0.202	fixation	n/a	185.0	203.8	3385.0	n/a	n/a	n/a	n/a
122.043	0.032	saccade	n/a	185.5	207.2	n/a	262.2	198.9	2.94	184.0
122.077	0.29	fixation	n/a	258.0	200.3	3358.0	n/a	n/a	n/a	n/a
122.369	0.024	saccade	n/a	262.8	203.2	n/a	320.6	198.7	2.23	145.0
122.395	0.13	fixation	n/a	318.6	201.4	3301.0	n/a	n/a	n/a	n/a
122.527	0.032	saccade	n/a	320.7	202.6	n/a	400.0	202.3	3.06	178.0
122.561	0.356	fixation	n/a	397.6	202.9	3297.0	n/a	n/a	n/a	n/a
122.919	0.032	saccade	n/a	397.5	204.5	n/a	467.5	198.0	2.71	162.0
122.953	0.292	fixation	n/a	462.4	197.9	3263.0	n/a	n/a	n/a	n/a
123.247	0.024	saccade	n/a	466.1	200.0	n/a	508.7	190.5	1.68	117.0
123.273	0.114	fixation	n/a	504.5	192.7	3267.0	n/a	n/a	n/a	n/a
123.389	0.064	saccade	n/a	505.3	193.1	n/a	142.9	264.7	14.03	435.0
123.455	0.334	fixation	n/a	136.9	270.2	3239.0	n/a	n/a	n/a	n/a
123.791	0.03	saccade	n/a	136.9	272.8	n/a	205.0	284.6	2.61	180.0
123.823	0.456	fixation	n/a	204.0	285.8	3210.0	n/a	n/a	n/a	n/a
124.281	0.014	saccade	n/a	209.6	286.2	n/a	225.9	279.7	0.67	57.0
124.297	0.164	fixation	n/a	223.9	281.5	3173.0	n/a	n/a	n/a	n/a
124.463	0.028	saccade	n/a	227.2	281.7	n/a	282.9	284.2	2.13	152.0
124.493	0.326	fixation	n/a	281.4	286.4	3207.0	n/a	n/a	n/a	n/a
124.821	0.034	saccade	n/a	284.5	290.0	n/a	370.9	282.3	3.34	192.0
124.857	0.336	fixation	n/a	369.0	285.5	3250.0	n/a	n/a	n/a	n/a
125.195	0.036	saccade	n/a	372.0	288.0	n/a	476.1	277.3	4.03	221.0
125.233	0.326	fixation	n/a	474.1	275.8	3211.0	n/a	n/a	n/a	n/a
125.561	0.016	saccade	n/a	471.3	279.8	n/a	452.7	275.1	0.74	61.0
125.579	0.1	fixation	n/a	458.2	275.9	3235.0	n/a	n/a	n/a	n/a
125.681	0.03	saccade	n/a	460.6	276.1	n/a	519.9	275.8	2.28	156.0
125.713	0.166	fixation	n/a	516.5	275.4	3222.0	n/a	n/a	n/a	n/a
125.881	0.03	saccade	n/a	519.3	277.0	n/a	585.0	275.6	2.51	152.0
125.913	0.232	fixation	n/a	580.9	277.7	3281.0	n/a	n/a	n/a	n/a
126.147	0.03	saccade	n/a	584.5	280.0	n/a	648.1	274.7	2.41	146.0
126.179	0.1	fixation	n/a	644.2	275.7	3221.0	n/a	n/a	n/a	n/a
126.281	0.078	saccade	n/a	645.2	277.0	n/a	140.1	387.4	19.39	439.0
126.361	0.228	fixation	n/a	139.4	399.2	3302.0	n/a	n/a	n/a	n/a
126.591	0.036	saccade	n/a	145.3	416.6	n/a	225.4	402.1	3.06	105.0
126.629	0.35	fixation	n/a	225.5	384.5	3261.0	n/a	n/a	n/a	n/a
126.981	0.03	saccade	n/a	225.1	378.8	n/a	293.0	374.9	2.59	179.0
127.013	0.18	fixation	n/a	292.3	373.3	3211.0	n/a	n/a	n/a	n/a
127.195	0.028	saccade	n/a	294.4	374.4	n/a	349.8	361.8	2.18	147.0
127.225	0.142	fixation	n/a	346.3	363.7	3220.0	n/a	n/a	n/a	n/a
127.369	0.032	saccade	n/a	346.1	364.0	n/a	420.7	354.8	2.89	181.0
127.403	0.248	fixation	n/a	418.0	352.9	3138.0	n/a	n/a	n/a	n/a
127.653	0.054	saccade	n/a	418.1	352.3	n/a	231.8	167.8	10.12	378.0
127.709	0.354	fixation	n/a	224.4	168.0	3082.0	n/a	n/a	n/a	n/a
127.794	0.0	trigger_11	11	n/a	n/a	n/a	n/a	n/a	n/a	n/a
127.902	0.0	trigger_10	10	n/a	n/a	n/a	n/a	n/a	n/a	n/a
128.065	0.032	saccade	n/a	223.2	169.8	n/a	157.5	159.5	2.52	189.0
128.099	0.28	fixation	n/a	159.0	164.2	3199.0	n/a	n/a	n/a	n/a
128.381	0.032	saccade	n/a	159.0	164.8	n/a	238.5	141.3	3.15	175.0
128.415	0.22	fixation	n/a	234.8	139.3	3231.0	n/a	n/a	n/a	n/a
128.637	0.036	saccade	n/a	235.8	138.8	n/a	351.7	128.0	4.46	228.0
128.675	0.176	fixation	n/a	346.2	130.5	3283.0	n/a	n/a	n/a	n/a
128.853	0.076	saccade	n/a	348.8	149.8	n/a	431.0	133.8	3.23	592.0
128.931	0.14	fixation	n/a	437.2	133.2	3277.0	n/a	n/a	n/a	n/a
129.073	0.136	saccade	n/a	437.1	139.8	n/a	500.6	126.0	2.51	957.0
129.109	0.048	blink	n/a	n/a	n/a	n/a	n/a	n/a	n/a	n/a
129.211	0.208	fixation	n/a	499.3	115.6	3176.0	n/a	n/a	n/a	n/a
129.421	0.026	saccade	n/a	499.3	111.5	n/a	551.6	112.1	2.0	137.0
129.449	0.178	fixation	n/a	546.2	114.2	3227.0	n/a	n/a	n/a	n/a
129.629	0.028	saccade	n/a	548.4	112.5	n/a	603.4	114.7	2.09	141.0
129.659	0.208	fixation	n/a	599.3	113.9	3193.0	n/a	n/a	n/a	n/a
129.869	0.07	saccade	n/a	600.5	114.2	n/a	157.7	208.8	17.11	458.0
129.941	0.134	fixation	n/a	151.2	213.8	3277.0	n/a	n/a	n/a	n/a
130.077	0.02	saccade	n/a	147.1	214.4	n/a	121.6	212.2	0.96	80.0
130.099	0.282	fixation	n/a	126.5	215.2	3215.0	n/a	n/a	n/a	n/a
130.383	0.03	saccade	n/a	127.5	212.7	n/a	203.0	201.8	2.88	175.0
130.415	0.21	fixation	n/a	200.3	200.4	3217.0	n/a	n/a	n/a	n/a
130.627	0.034	saccade	n/a	201.9	200.6	n/a	292.5	197.7	3.47	213.0
130.663	0.142	fixation	n/a	288.4	198.8	3259.0	n/a	n/a	n/a	n/a
130.807	0.034	saccade	n/a	287.1	199.0	n/a	199.3	197.2	3.36	216.0
130.843	0.064	fixation	n/a	203.6	199.5	3281.0	n/a	n/a	n/a	n/a
130.909	0.028	saccade	n/a	200.2	201.6	n/a	157.5	205.2	1.62	151.0
130.939	0.236	fixation	n/a	161.8	206.7	3250.0	n/a	n/a	n/a	n/a
131.177	0.026	saccade	n/a	163.2	207.3	n/a	211.8	201.8	1.85	125.0
131.205	0.112	fixation	n/a	208.3	201.4	3237.0	n/a	n/a	n/a	n/a
131.319	0.032	saccade	n/a	210.8	201.3	n/a	324.2	207.7	4.35	218.0
131.353	0.112	fixation	n/a	323.1	203.8	3273.0	n/a	n/a	n/a	n/a
131.467	0.032	saccade	n/a	324.2	203.0	n/a	409.6	198.6	3.3	210.0
131.501	0.146	fixation	n/a	406.8	198.7	3321.0	n/a	n/a	n/a	n/a
131.649	0.15	saccade	n/a	405.7	205.3	n/a	485.6	197.7	3.09	979.0
131.699	0.048	blink	n/a	n/a	n/a	n/a	n/a	n/a	n/a	n/a
131.801	0.342	fixation	n/a	483.2	191.0	3217.0	n/a	n/a	n/a	n/a
132.145	0.03	saccade	n/a	483.0	191.1	n/a	549.3	198.5	2.56	155.0
132.177	0.054	fixation	n/a	547.9	198.4	3152.0	n/a	n/a	n/a	n/a
132.233	0.018	saccade	n/a	558.4	195.8	n/a	585.4	192.0	1.04	68.0
132.253	0.31	fixation	n/a	582.7	188.2	3196.0	n/a	n/a	n/a	n/a
132.565	0.038	saccade	n/a	581.7	186.9	n/a	448.3	186.5	5.11	301.0
132.605	0.168	fixation	n/a	449.5	190.5	3281.0	n/a	n/a	n/a	n/a
132.775	0.04	saccade	n/a	447.4	190.4	n/a	295.6	197.1	5.86	309.0
132.817	0.156	fixation	n/a	298.5	203.7	3337.0	n/a	n/a	n/a	n/a
132.975	0.034	saccade	n/a	296.8	204.2	n/a	215.0	204.5	3.13	219.0
133.011	0.254	fixation	n/a	219.7	204.8	3361.0	n/a	n/a	n/a	n/a
133.267	0.026	saccade	n/a	222.8	205.5	n/a	277.5	203.5	2.09	150.0
133.295	0.294	fixation	n/a	273.3	201.3	3274.0	n/a	n/a	n/a	n/a
133.591	0.03	saccade	n/a	276.5	200.6	n/a	381.1	199.2	4.02	201.0
133.623	0.284	fixation	n/a	384.8	198.8	3231.0	n/a	n/a	n/a	n/a
133.909	0.026	saccade	n/a	387.8	200.5	n/a	445.1	194.5	2.22	148.0
133.937	0.134	fixation	n/a	442.0	192.9	3241.0	n/a	n/a	n/a	n/a
134.073	0.03	saccade	n/a	443.6	194.2	n/a	514.0	192.8	2.71	166.0
134.105	0.28	fixation	n/a	509.5	194.7	3239.0	n/a	n/a	n/a	n/a
134.387	0.032	saccade	n/a	513.0	197.5	n/a	589.5	191.7	2.93	188.0
134.421	0.248	fixation	n/a	588.9	191.7	3217.0	n/a	n/a	n/a	n/a
134.671	0.07	saccade	n/a	589.5	192.2	n/a	154.1	269.5	16.73	431.0
134.743	0.164	fixation	n/a	149.1	274.1	3233.0	n/a	n/a	n/a	n/a
134.909	0.014	saccade	n/a	142.6	277.5	n/a	125.5	281.0	0.65	57.0
134.925	0.272	fixation	n/a	127.4	286.2	3176.0	n/a	n/a	n/a	n/a
135.199	0.03	saccade	n/a	129.2	288.2	n/a	194.1	282.0	2.45	154.0
135.231	0.266	fixation	n/a	191.6	282.7	3187.0	n/a	n/a	n/a	n/a
135.499	0.026	saccade	n/a	195.7	283.8	n/a	259.8	287.7	2.45	151.0
135.527	0.102	fixation	n/a	258.9	287.5	3178.0	n/a	n/a	n/a	n/a
135.631	0.034	saccade	n/a	262.8	288.7	n/a	347.0	288.0	3.24	200.0
135.667	0.126	fixation	n/a	346.4	289.0	3155.0	n/a	n/a	n/a	n/a
135.795	0.098	saccade	n/a	346.2	311.1	n/a	417.4	287.7	2.89	772.0
135.835	0.0	blink	n/a	n/a	n/a	n/a	n/a	n/a	n/a	n/a
135.895	0.226	fixation	n/a	421.9	288.0	3106.0	n/a	n/a	n/a	n/a
136.123	0.03	saccade	n/a	424.2	283.7	n/a	490.9	280.9	2.57	159.0
136.155	0.378	fixation	n/a	487.4	276.6	3097.0	n/a	n/a	n/a	n/a
136.535	0.026	saccade	n/a	489.8	276.2	n/a	550.2	276.9	2.31	149.0
136.563	0.258	fixation	n/a	546.9	276.5	3112.0	n/a	n/a	n/a	n/a
136.823	0.028	saccade	n/a	549.4	276.1	n/a	603.2	272.5	2.05	147.0
136.853	0.156	fixation	n/a	601.4	273.4	3122.0	n/a	n/a	n/a	n/a
137.011	0.072	saccade	n/a	600.2	274.8	n/a	181.5	360.6	16.14	419.0
137.085	0.154	fixation	n/a	176.6	366.2	3267.0	n/a	n/a	n/a	n/a
137.241	0.02	saccade	n/a	172.1	369.9	n/a	155.3	380.9	0.76	73.0
137.263	0.338	fixation	n/a	159.1	382.0	3257.0	n/a	n/a	n/a	n/a
137.603	0.038	saccade	n/a	160.2	382.7	n/a	288.8	372.4	4.88	238.0
137.643	0.216	fixation	n/a	289.8	367.5	3291.0	n/a	n/a	n/a	n/a
137.861	0.036	saccade	n/a	293.9	366.5	n/a	383.3	348.1	3.5	173.0
137.899	0.198	fixation	n/a	381.6	347.5	3303.0	n/a	n/a	n/a	n/a
138.099	0.028	saccade	n/a	386.9	348.0	n/a	449.0	341.1	2.4	167.0
138.129	0.174	fixation	n/a	444.9	343.5	3246.0	n/a	n/a	n/a	n/a
138.305	0.054	saccade	n/a	446.0	343.4	n/a	192.9	159.2	12.02	445.0
138.361	0.328	fixation	n/a	192.0	160.1	3298.0	n/a	n/a	n/a	n/a
138.396	0.0	trigger_11	11	n/a	n/a	n/a	n/a	n/a	n/a	n/a
138.498	0.0	trigger_10	10	n/a	n/a	n/a	n/a	n/a	n/a	n/a
138.691	0.028	saccade	n/a	189.0	165.6	n/a	148.3	169.6	1.54	143.0
138.721	0.16	fixation	n/a	150.5	171.7	3417.0	n/a	n/a	n/a	n/a
138.883	0.036	saccade	n/a	149.4	170.9	n/a	236.9	147.6	3.44	224.0
138.921	0.152	fixation	n/a	235.2	144.7	3489.0	n/a	n/a	n/a	n/a
139.075	0.034	saccade	n/a	237.7	146.3	n/a	323.3	138.3	3.29	217.0
139.111	0.374	fixation	n/a	314.6	141.3	3476.0	n/a	n/a	n/a	n/a
139.487	0.04	saccade	n/a	305.5	146.1	n/a	194.1	162.3	4.3	244.0
139.529	0.238	fixation	n/a	196.5	164.1	3495.0	n/a	n/a	n/a	n/a
139.769	0.044	saccade	n/a	198.1	165.1	n/a	365.9	141.2	6.48	299.0
139.815	0.18	fixation	n/a	372.4	138.2	3552.0	n/a	n/a	n/a	n/a
139.997	0.03	saccade	n/a	374.6	137.6	n/a	439.9	138.3	2.52	165.0
140.029	0.202	fixation	n/a	436.8	135.5	3513.0	n/a	n/a	n/a	n/a
140.233	0.028	saccade	n/a	439.9	134.1	n/a	491.7	127.9	2.01	142.0
140.263	0.148	fixation	n/a	488.2	126.8	3406.0	n/a	n/a	n/a	n/a
140.413	0.032	saccade	n/a	491.0	125.6	n/a	569.3	124.1	3.0	195.0
140.447	0.28	fixation	n/a	566.2	122.0	3366.0	n/a	n/a	n/a	n/a
140.729	0.018	saccade	n/a	565.6	122.8	n/a	540.4	118.1	0.98	74.0
140.749	0.272	fixation	n/a	547.7	119.6	3392.0	n/a	n/a	n/a	n/a
141.023	0.222	saccade	n/a	540.7	131.9	n/a	538.6	127.0	0.21	964.0
141.073	0.114	blink	n/a	n/a	n/a	n/a	n/a	n/a	n/a	n/a
141.247	0.22	fixation	n/a	535.9	130.4	3312.0	n/a	n/a	n/a	n/a
141.469	0.056	saccade	n/a	533.7	129.2	n/a	251.9	147.7	10.82	376.0
141.527	0.268	fixation	n/a	247.2	145.5	3344.0	n/a	n/a	n/a	n/a
141.797	0.024	saccade	n/a	240.9	144.2	n/a	211.2	150.0	1.15	98.0
141.823	0.734	fixation	n/a	213.9	150.1	3375.0	n/a	n/a	n/a	n/a
142.559	0.032	saccade	n/a	215.7	148.1	n/a	298.4	143.3	3.17	199.0
142.593	0.24	fixation	n/a	295.5	140.9	3467.0	n/a	n/a	n/a	n/a
142.835	0.038	saccade	n/a	297.7	138.5	n/a	414.1	123.4	4.52	226.0
142.875	0.216	fixation	n/a	415.8	120.9	3494.0	n/a	n/a	n/a	n/a
143.093	0.03	saccade	n/a	418.5	120.2	n/a	483.6	116.3	2.51	173.0
143.125	0.206	fixation	n/a	480.8	115.6	3414.0	n/a	n/a	n/a	n/a
143.333	0.03	saccade	n/a	483.5	117.9	n/a	550.3	114.1	2.56	151.0
143.365	0.192	fixation	n/a	545.7	114.4	3363.0	n/a	n/a	n/a	n/a
143.559	0.028	saccade	n/a	548.4	114.4	n/a	598.8	114.3	1.92	125.0
143.589	0.156	fixation	n/a	593.4	112.2	3362.0	n/a	n/a	n/a	n/a
143.747	0.072	saccade	n/a	594.6	109.7	n/a	146.1	210.6	17.37	443.0
143.821	0.25	fixation	n/a	140.9	213.2	3350.0	n/a	n/a	n/a	n/a
144.073	0.028	saccade	n/a	141.7	214.7	n/a	200.2	201.8	2.26	154.0
144.103	0.474	fixation	n/a	197.3	202.0	3241.0	n/a	n/a	n/a	n/a
144.579	0.018	saccade	n/a	200.3	202.6	n/a	227.7	201.1	1.05	78.0
144.599	0.198	fixation	n/a	222.5	201.8	3238.0	n/a	n/a	n/a	n/a
144.799	0.03	saccade	n/a	222.9	202.4	n/a	289.6	205.3	2.56	166.0
144.831	0.152	fixation	n/a	288.2	203.6	3286.0	n/a	n/a	n/a	n/a
144.985	0.03	saccade	n/a	291.4	204.8	n/a	361.3	203.4	2.69	183.0
145.017	0.186	fixation	n/a	357.0	206.1	3291.0	n/a	n/a	n/a	n/a
145.205	0.03	saccade	n/a	358.7	205.2	n/a	418.6	199.5	2.32	161.0
145.237	0.296	fixation	n/a	415.8	200.4	3227.0	n/a	n/a	n/a	n/a
145.535	0.048	saccade	n/a	417.3	202.1	n/a	186.2	209.0	8.84	351.0
145.585	0.506	fixation	n/a	183.2	209.8	3169.0	n/a	n/a	n/a	n/a
146.093	0.036	saccade	n/a	183.4	212.7	n/a	292.2	209.9	4.15	212.0
146.131	0.238	fixation	n/a	293.2	208.1	3215.0	n/a	n/a	n/a	n/a
146.371	0.032	saccade	n/a	294.7	209.8	n/a	372.2	205.3	2.99	185.0
146.405	0.192	fixation	n/a	370.6	205.1	3253.0	n/a	n/a	n/a	n/a
146.599	0.032	saccade	n/a	373.1	204.4	n/a	446.9	201.2	2.85	174.0
146.633	0.13	fixation	n/a	444.3	200.3	3198.0	n/a	n/a	n/a	n/a
146.765	0.036	saccade	n/a	445.0	202.2	n/a	347.0	197.2	3.79	265.0
146.803	0.318	fixation	n/a	347.5	202.4	3245.0	n/a	n/a	n/a	n/a
147.123	0.03	saccade	n/a	346.2	204.5	n/a	421.0	207.8	2.89	173.0
147.155	0.122	fixation	n/a	419.2	202.5	3225.0	n/a	n/a	n/a	n/a
147.279	0.17	saccade	n/a	417.4	211.4	n/a	503.9	210.0	3.33	771.0
147.335	0.058	blink	n/a	n/a	n/a	n/a	n/a	n/a	n/a	n/a
147.451	0.366	fixation	n/a	501.7	205.4	3159.0	n/a	n/a	n/a	n/a
147.819	0.03	saccade	n/a	502.3	201.9	n/a	578.5	195.5	2.93	158.0
147.851	0.212	fixation	n/a	576.5	191.4	3094.0	n/a	n/a	n/a	n/a
148.065	0.07	saccade	n/a	576.6	192.6	n/a	140.8	282.3	16.84	422.0
148.137	0.292	fixation	n/a	136.1	284.5	3197.0	n/a	n/a	n/a	n/a
148.431	0.032	saccade	n/a	136.0	283.3	n/a	216.2	288.4	3.03	180.0
148.465	0.158	fixation	n/a	214.6	291.1	3150.0	n/a	n/a	n/a	n/a
148.625	0.04	saccade	n/a	218.7	293.0	n/a	344.2	283.6	4.82	241.0
148.667	0.2	fixation	n/a	343.6	281.9	3189.0	n/a	n/a	n/a	n/a
148.869	0.044	saccade	n/a	344.4	281.9	n/a	170.0	165.3	8.05	424.0
148.884	0.0	trigger_11	11	n/a	n/a	n/a	n/a	n/a	n/a	n/a
148.915	0.542	fixation	n/a	165.2	170.8	3330.0	n/a	n/a	n/a	n/a
148.988	0.0	trigger_10	10	n/a	n/a	n/a	n/a	n/a	n/a	n/a
149.459	0.03	saccade	n/a	154.2	173.7	n/a	210.7	152.5	2.29	167.0
149.491	0.21	fixation	n/a	208.8	154.5	3416.0	n/a	n/a	n/a	n/a
149.703	0.032	saccade	n/a	211.9	154.8	n/a	288.3	140.9	2.97	208.0
149.737	0.218	fixation	n/a	288.2	141.2	3473.0	n/a	n/a	n/a	n/a
149.957	0.034	saccade	n/a	290.5	141.9	n/a	373.0	140.8	3.18	196.0
149.993	0.238	fixation	n/a	370.6	138.7	3535.0	n/a	n/a	n/a	n/a
150.233	0.032	saccade	n/a	372.5	138.7	n/a	448.2	130.6	2.94	176.0
150.267	0.108	fixation	n/a	443.0	131.3	3531.0	n/a	n/a	n/a	n/a
150.377	0.028	saccade	n/a	443.6	131.7	n/a	505.4	129.0	2.38	140.0
150.407	0.21	fixation	n/a	501.8	128.5	3451.0	n/a	n/a	n/a	n/a
150.619	0.028	saccade	n/a	504.6	128.3	n/a	564.3	123.4	2.3	148.0
150.649	0.218	fixation	n/a	560.3	121.7	3389.0	n/a	n/a	n/a	n/a
150.869	0.026	saccade	n/a	562.7	121.8	n/a	606.3	121.7	1.66	123.0
150.897	0.084	fixation	n/a	601.8	122.4	3335.0	n/a	n/a	n/a	n/a
150.983	0.076	saccade	n/a	602.3	123.0	n/a	120.9	226.3	18.53	458.0
151.061	0.23	fixation	n/a	115.8	230.3	3366.0	n/a	n/a	n/a	n/a
151.293	0.03	saccade	n/a	116.7	230.1	n/a	186.9	211.9	2.73	185.0
151.325	0.156	fixation	n/a	185.0	214.9	3323.0	n/a	n/a	n/a	n/a
151.483	0.178	saccade	n/a	198.6	230.4	n/a	274.1	227.7	2.88	909.0
151.525	0.058	blink	n/a	n/a	n/a	n/a	n/a	n/a	n/a	n/a
151.663	0.324	fixation	n/a	274.1	216.8	3241.0	n/a	n/a	n/a	n/a
151.989	0.034	saccade	n/a	275.0	211.6	n/a	371.0	198.4	3.74	220.0
152.025	0.208	fixation	n/a	371.9	200.4	3126.0	n/a	n/a	n/a	n/a
152.235	0.034	saccade	n/a	375.1	202.7	n/a	456.3	195.7	3.15	188.0
152.271	0.214	fixation	n/a	454.6	194.0	3157.0	n/a	n/a	n/a	n/a
152.487	0.032	saccade	n/a	457.1	193.4	n/a	530.5	191.3	2.82	191.0
152.521	0.052	fixation	n/a	527.5	190.4	3143.0	n/a	n/a	n/a	n/a
152.575	0.064	saccade	n/a	528.1	191.3	n/a	149.5	274.1	14.72	458.0
152.641	0.23	fixation	n/a	142.5	284.9	3209.0	n/a	n/a	n/a	n/a
152.873	0.032	saccade	n/a	141.4	287.5	n/a	224.9	281.5	3.16	194.0
152.907	0.37	fixation	n/a	223.7	283.0	3185.0	n/a	n/a	n/a	n/a
153.279	0.042	saccade	n/a	225.1	283.9	n/a	245.0	135.1	5.84	310.0
153.323	0.284	fixation	n/a	242.8	136.3	3167.0	n/a	n/a	n/a	n/a
153.609	0.046	saccade	n/a	244.0	138.5	n/a	172.6	162.3	2.86	232.0
153.657	0.212	fixation	n/a	164.4	166.0	3274.0	n/a	n/a	n/a	n/a
153.871	0.036	saccade	n/a	164.0	165.8	n/a	267.7	136.9	4.1	228.0
153.909	0.39	fixation	n/a	267.3	138.0	3400.0	n/a	n/a	n/a	n/a
154.02	0.0	trigger_11	11	n/a	n/a	n/a	n/a	n/a	n/a	n/a
154.124	0.0	trigger_10	10	n/a	n/a	n/a	n/a	n/a	n/a	n/a
154.301	0.052	saccade	n/a	268.6	141.4	n/a	163.6	167.5	4.12	284.0
154.355	0.242	fixation	n/a	155.1	170.9	3520.0	n/a	n/a	n/a	n/a
154.599	0.03	saccade	n/a	157.0	169.8	n/a	223.2	148.9	2.63	167.0
154.631	0.22	fixation	n/a	219.8	145.3	3440.0	n/a	n/a	n/a	n/a
154.853	0.034	saccade	n/a	222.8	145.8	n/a	317.7	135.7	3.65	190.0
154.889	0.146	fixation	n/a	314.7	133.9	3386.0	n/a	n/a	n/a	n/a
155.037	0.032	saccade	n/a	317.1	132.6	n/a	393.3	124.0	2.96	187.0
155.071	0.214	fixation	n/a	390.0	124.7	3488.0	n/a	n/a	n/a	n/a
155.287	0.03	saccade	n/a	394.6	126.8	n/a	462.2	120.1	2.62	160.0
155.319	0.206	fixation	n/a	457.1	123.8	3510.0	n/a	n/a	n/a	n/a
155.527	0.034	saccade	n/a	459.4	125.0	n/a	542.2	120.8	3.18	174.0
155.563	0.294	fixation	n/a	538.2	121.7	3454.0	n/a	n/a	n/a	n/a
155.859	0.03	saccade	n/a	541.3	121.1	n/a	599.2	125.8	2.21	143.0
155.891	0.042	fixation	n/a	594.8	124.0	3402.0	n/a	n/a	n/a	n/a
155.935	0.08	saccade	n/a	596.4	126.0	n/a	156.6	204.3	16.87	468.0
156.017	0.194	fixation	n/a	145.8	212.7	3426.0	n/a	n/a	n/a	n/a
156.213	0.016	saccade	n/a	140.4	218.2	n/a	119.8	219.1	0.77	66.0
156.231	0.22	fixation	n/a	126.6	221.0	3424.0	n/a	n/a	n/a	n/a
156.453	0.036	saccade	n/a	126.6	219.9	n/a	204.8	154.9	3.88	230.0
156.491	0.344	fixation	n/a	203.5	158.4	3472.0	n/a	n/a	n/a	n/a
156.508	0.0	trigger_11	11	n/a	n/a	n/a	n/a	n/a	n/a	n/a
156.612	0.0	trigger_10	10	n/a	n/a	n/a	n/a	n/a	n/a	n/a
156.837	0.03	saccade	n/a	204.8	159.2	n/a	158.6	170.9	1.8	138.0
156.869	0.24	fixation	n/a	163.0	173.0	3598.0	n/a	n/a	n/a	n/a
157.111	0.04	saccade	n/a	162.3	172.1	n/a	287.7	140.3	4.93	261.0
157.153	0.216	fixation	n/a	287.5	139.6	3560.0	n/a	n/a	n/a	n/a
157.371	0.04	saccade	n/a	290.8	141.7	n/a	398.6	126.8	4.19	190.0
157.413	0.136	fixation	n/a	395.9	126.3	3522.0	n/a	n/a	n/a	n/a
157.551	0.126	saccade	n/a	394.7	134.9	n/a	495.1	141.2	3.88	860.0
157.609	0.012	blink	n/a	n/a	n/a	n/a	n/a	n/a	n/a	n/a
157.679	0.296	fixation	n/a	496.0	126.5	3399.0	n/a	n/a	n/a	n/a
157.977	0.03	saccade	n/a	499.2	121.6	n/a	566.0	117.2	2.57	165.0
158.009	0.078	fixation	n/a	561.1	118.0	3342.0	n/a	n/a	n/a	n/a
158.089	0.066	saccade	n/a	562.8	118.2	n/a	167.0	195.8	15.32	431.0
158.157	0.118	fixation	n/a	165.2	201.5	3340.0	n/a	n/a	n/a	n/a
158.277	0.02	saccade	n/a	160.8	207.2	n/a	131.1	217.4	1.18	82.0
158.299	0.242	fixation	n/a	137.2	219.5	3326.0	n/a	n/a	n/a	n/a
158.543	0.028	saccade	n/a	138.3	221.8	n/a	201.7	209.3	2.44	173.0
158.573	0.162	fixation	n/a	196.1	208.0	3325.0	n/a	n/a	n/a	n/a
158.737	0.034	saccade	n/a	197.6	210.0	n/a	288.8	208.4	3.48	212.0
158.773	0.268	fixation	n/a	288.1	209.6	3345.0	n/a	n/a	n/a	n/a
159.043	0.03	saccade	n/a	289.9	211.1	n/a	364.5	206.4	2.88	190.0
159.075	0.208	fixation	n/a	360.8	206.4	3380.0	n/a	n/a	n/a	n/a
159.285	0.032	saccade	n/a	363.6	205.6	n/a	437.7	197.4	2.88	148.0
159.319	0.268	fixation	n/a	433.7	198.8	3334.0	n/a	n/a	n/a	n/a
159.589	0.214	saccade	n/a	437.7	200.5	n/a	580.5	201.8	5.47	885.0
159.659	0.088	blink	n/a	n/a	n/a	n/a	n/a	n/a	n/a	n/a
159.805	0.364	fixation	n/a	576.9	191.6	3217.0	n/a	n/a	n/a	n/a
160.171	0.072	saccade	n/a	578.8	183.8	n/a	135.4	277.6	17.12	424.0
160.245	0.314	fixation	n/a	128.2	287.2	3234.0	n/a	n/a	n/a	n/a
160.561	0.028	saccade	n/a	128.2	291.8	n/a	195.0	282.5	2.54	168.0
160.591	0.208	fixation	n/a	190.1	285.6	3312.0	n/a	n/a	n/a	n/a
160.801	0.034	saccade	n/a	190.3	284.6	n/a	118.4	285.6	2.7	216.0
160.837	0.3	fixation	n/a	115.7	290.2	3331.0	n/a	n/a	n/a	n/a
161.139	0.03	saccade	n/a	114.3	295.5	n/a	186.2	287.4	2.72	174.0
161.171	0.244	fixation	n/a	181.0	287.1	3353.0	n/a	n/a	n/a	n/a
161.417	0.032	saccade	n/a	184.7	287.8	n/a	258.5	292.9	2.82	160.0
161.451	0.236	fixation	n/a	255.9	294.7	3361.0	n/a	n/a	n/a	n/a
161.689	0.028	saccade	n/a	259.1	293.7	n/a	321.2	293.4	2.38	154.0
161.719	0.142	fixation	n/a	316.6	292.8	3352.0	n/a	n/a	n/a	n/a
161.863	0.026	saccade	n/a	315.7	292.1	n/a	275.5	292.9	1.54	123.0
161.891	0.308	fixation	n/a	277.2	292.4	3336.0	n/a	n/a	n/a	n/a
162.201	0.028	saccade	n/a	278.8	293.4	n/a	345.9	288.9	2.59	162.0
162.231	0.496	fixation	n/a	341.2	288.2	3310.0	n/a	n/a	n/a	n/a
162.729	0.02	saccade	n/a	343.3	289.5	n/a	373.2	278.6	1.23	86.0
162.751	0.244	fixation	n/a	368.8	281.5	3245.0	n/a	n/a	n/a	n/a
162.997	0.046	saccade	n/a	367.2	283.0	n/a	143.2	283.6	8.52	376.0
163.045	0.346	fixation	n/a	141.0	289.5	3247.0	n/a	n/a	n/a	n/a
163.393	0.03	saccade	n/a	141.2	291.9	n/a	207.8	290.6	2.51	167.0
163.425	0.194	fixation	n/a	205.4	293.5	3249.0	n/a	n/a	n/a	n/a
163.621	0.052	saccade	n/a	206.6	295.5	n/a	405.0	181.6	8.79	337.0
163.675	0.19	fixation	n/a	411.4	180.4	3259.0	n/a	n/a	n/a	n/a
163.867	0.03	saccade	n/a	411.5	179.9	n/a	348.3	194.3	2.5	176.0
163.899	0.268	fixation	n/a	350.8	198.9	3320.0	n/a	n/a	n/a	n/a
164.169	0.032	saccade	n/a	353.3	200.9	n/a	438.3	197.8	3.28	181.0
164.203	0.138	fixation	n/a	433.9	195.4	3298.0	n/a	n/a	n/a	n/a
164.343	0.052	saccade	n/a	434.4	195.3	n/a	182.3	154.6	9.77	397.0
164.397	0.08	fixation	n/a	182.6	159.1	3334.0	n/a	n/a	n/a	n/a
164.479	0.024	saccade	n/a	181.1	161.7	n/a	153.6	169.2	1.08	108.0
164.505	0.174	fixation	n/a	156.3	170.8	3333.0	n/a	n/a	n/a	n/a
164.681	0.044	saccade	n/a	154.9	173.8	n/a	302.1	133.3	5.81	260.0
164.727	0.224	fixation	n/a	305.0	134.1	3316.0	n/a	n/a	n/a	n/a
164.953	0.028	saccade	n/a	306.4	135.6	n/a	382.7	129.7	2.95	162.0
164.983	0.188	fixation	n/a	379.9	126.6	3407.0	n/a	n/a	n/a	n/a
165.173	0.034	saccade	n/a	380.9	125.6	n/a	459.4	118.6	3.04	189.0
165.209	0.148	fixation	n/a	457.6	117.7	3399.0	n/a	n/a	n/a	n/a
165.359	0.03	saccade	n/a	460.4	117.2	n/a	531.8	117.5	2.74	184.0
165.391	0.152	fixation	n/a	528.5	116.9	3407.0	n/a	n/a	n/a	n/a
165.545	0.064	saccade	n/a	528.3	116.3	n/a	148.7	205.0	14.81	440.0
165.611	0.426	fixation	n/a	143.7	216.4	3424.0	n/a	n/a	n/a	n/a
165.99	0.0	trigger_11	11	n/a	n/a	n/a	n/a	n/a	n/a	n/a
166.039	0.03	saccade	n/a	142.1	217.9	n/a	156.6	172.5	1.84	120.0
166.071	0.378	fixation	n/a	153.7	178.3	3458.0	n/a	n/a	n/a	n/a
166.094	0.0	trigger_10	10	n/a	n/a	n/a	n/a	n/a	n/a	n/a
166.451	0.03	saccade	n/a	155.9	172.3	n/a	216.4	148.2	2.47	175.0
166.483	0.234	fixation	n/a	214.4	145.9	3499.0	n/a	n/a	n/a	n/a
166.719	0.028	saccade	n/a	218.0	145.7	n/a	273.8	137.3	2.15	144.0
166.749	0.206	fixation	n/a	269.2	138.1	3479.0	n/a	n/a	n/a	n/a
166.957	0.036	saccade	n/a	271.4	138.9	n/a	371.2	130.6	3.85	216.0
166.995	0.162	fixation	n/a	369.4	130.5	3488.0	n/a	n/a	n/a	n/a
167.159	0.122	saccade	n/a	367.4	137.5	n/a	378.9	142.7	0.49	871.0
167.283	0.07	fixation	n/a	380.6	140.2	3373.0	n/a	n/a	n/a	n/a
167.355	0.03	saccade	n/a	381.8	137.0	n/a	451.0	131.5	2.68	160.0
167.387	0.198	fixation	n/a	447.4	125.3	3435.0	n/a	n/a	n/a	n/a
167.587	0.034	saccade	n/a	450.5	124.7	n/a	542.1	116.5	3.52	196.0
167.623	0.344	fixation	n/a	544.0	114.9	3318.0	n/a	n/a	n/a	n/a
167.969	0.064	saccade	n/a	544.1	113.3	n/a	165.2	190.0	14.68	433.0
168.035	0.148	fixation	n/a	160.6	195.5	3348.0	n/a	n/a	n/a	n/a
168.185	0.024	saccade	n/a	155.5	200.0	n/a	127.3	218.7	1.28	100.0
168.211	0.164	fixation	n/a	129.4	217.5	3325.0	n/a	n/a	n/a	n/a
168.377	0.03	saccade	n/a	130.2	217.2	n/a	196.8	207.1	2.54	185.0
168.409	0.164	fixation	n/a	196.3	206.4	3340.0	n/a	n/a	n/a	n/a
168.575	0.032	saccade	n/a	198.1	207.0	n/a	279.6	204.8	3.12	214.0
168.609	0.148	fixation	n/a	277.8	206.8	3330.0	n/a	n/a	n/a	n/a
168.759	0.038	saccade	n/a	278.9	208.0	n/a	389.7	211.0	4.27	256.0
168.799	0.252	fixation	n/a	389.7	209.8	3366.0	n/a	n/a	n/a	n/a
169.053	0.038	saccade	n/a	389.4	212.3	n/a	492.2	194.4	4.02	204.0
169.093	0.19	fixation	n/a	489.9	193.1	3294.0	n/a	n/a	n/a	n/a
169.285	0.03	saccade	n/a	491.1	192.5	n/a	564.2	194.9	2.8	171.0
169.317	0.318	fixation	n/a	560.7	193.8	3297.0	n/a	n/a	n/a	n/a
169.637	0.03	saccade	n/a	562.7	191.9	n/a	635.1	194.9	2.75	168.0
169.669	0.178	fixation	n/a	631.8	192.7	3293.0	n/a	n/a	n/a	n/a
169.849	0.076	saccade	n/a	631.9	193.3	n/a	147.4	274.3	18.52	417.0
169.927	0.294	fixation	n/a	146.1	278.6	3336.0	n/a	n/a	n/a	n/a
170.223	0.03	saccade	n/a	147.1	283.2	n/a	228.1	292.3	3.08	196.0
170.255	0.286	fixation	n/a	226.2	291.4	3289.0	n/a	n/a	n/a	n/a
170.543	0.032	saccade	n/a	228.0	294.5	n/a	313.2	288.7	3.27	182.0
170.577	0.22	fixation	n/a	309.2	289.1	3273.0	n/a	n/a	n/a	n/a
170.799	0.034	saccade	n/a	313.0	290.7	n/a	407.6	283.7	3.66	200.0
170.835	0.148	fixation	n/a	404.6	283.8	3245.0	n/a	n/a	n/a	n/a
170.985	0.03	saccade	n/a	407.1	282.2	n/a	479.1	275.4	2.79	176.0
171.017	0.294	fixation	n/a	475.9	274.6	3223.0	n/a	n/a	n/a	n/a
171.313	0.024	saccade	n/a	474.6	277.0	n/a	438.6	276.0	1.39	118.0
171.339	0.082	fixation	n/a	443.8	280.0	3211.0	n/a	n/a	n/a	n/a
171.423	0.034	saccade	n/a	446.4	280.2	n/a	540.6	273.6	3.63	216.0
171.459	0.152	fixation	n/a	541.1	275.5	3172.0	n/a	n/a	n/a	n/a
171.613	0.068	saccade	n/a	542.8	276.9	n/a	160.9	374.6	14.95	400.0
171.683	0.206	fixation	n/a	158.7	380.0	3261.0	n/a	n/a	n/a	n/a
171.891	0.052	saccade	n/a	155.9	382.3	n/a	173.9	175.4	7.99	346.0
171.945	0.316	fixation	n/a	173.6	170.1	3169.0	n/a	n/a	n/a	n/a
172.263	0.018	saccade	n/a	171.9	170.3	n/a	148.5	169.9	0.88	67.0
172.283	0.246	fixation	n/a	153.9	175.3	3228.0	n/a	n/a	n/a	n/a
172.531	0.026	saccade	n/a	154.6	174.2	n/a	209.5	153.4	2.23	126.0
172.559	0.218	fixation	n/a	207.6	148.7	3240.0	n/a	n/a	n/a	n/a
172.779	0.026	saccade	n/a	209.6	148.2	n/a	263.8	133.1	2.15	149.0
172.807	0.364	fixation	n/a	259.8	136.6	3316.0	n/a	n/a	n/a	n/a
172.902	0.0	trigger_11	11	n/a	n/a	n/a	n/a	n/a	n/a	n/a
173.006	0.0	trigger_10	10	n/a	n/a	n/a	n/a	n/a	n/a	n/a
173.173	0.05	saccade	n/a	257.3	141.8	n/a	160.9	174.5	3.88	260.0
173.225	0.244	fixation	n/a	152.2	176.8	3481.0	n/a	n/a	n/a	n/a
173.471	0.03	saccade	n/a	154.7	175.5	n/a	210.4	156.1	2.24	152.0
173.503	0.126	fixation	n/a	207.4	153.2	3476.0	n/a	n/a	n/a	n/a
173.631	0.028	saccade	n/a	210.3	151.6	n/a	262.7	141.7	2.04	143.0
173.661	0.296	fixation	n/a	257.3	141.4	3482.0	n/a	n/a	n/a	n/a
173.959	0.022	saccade	n/a	258.5	142.5	n/a	300.0	137.7	1.6	104.0
173.983	0.328	fixation	n/a	295.1	134.4	3599.0	n/a	n/a	n/a	n/a
174.313	0.03	saccade	n/a	298.4	132.5	n/a	366.8	124.4	2.65	169.0
174.345	0.096	fixation	n/a	362.0	125.3	3615.0	n/a	n/a	n/a	n/a
174.443	0.124	saccade	n/a	362.4	131.3	n/a	359.6	139.0	0.32	921.0
174.503	0.008	blink	n/a	n/a	n/a	n/a	n/a	n/a	n/a	n/a
174.569	0.096	fixation	n/a	363.5	141.7	3509.0	n/a	n/a	n/a	n/a
174.667	0.052	saccade	n/a	364.5	138.3	n/a	148.5	190.8	8.48	346.0
174.682	0.0	trigger_11	11	n/a	n/a	n/a	n/a	n/a	n/a	n/a
174.721	0.294	fixation	n/a	150.1	187.7	3602.0	n/a	n/a	n/a	n/a
174.784	0.0	trigger_10	10	n/a	n/a	n/a	n/a	n/a	n/a	n/a
175.017	0.018	saccade	n/a	150.8	185.5	n/a	165.6	167.2	0.9	76.0
175.037	0.212	fixation	n/a	161.5	171.6	3572.0	n/a	n/a	n/a	n/a
175.251	0.03	saccade	n/a	162.2	165.5	n/a	227.6	146.2	2.59	149.0
175.283	0.172	fixation	n/a	221.1	142.2	3611.0	n/a	n/a	n/a	n/a
175.457	0.032	saccade	n/a	223.5	141.0	n/a	314.3	131.8	3.49	216.0
175.491	0.212	fixation	n/a	310.9	133.8	3584.0	n/a	n/a	n/a	n/a
175.705	0.036	saccade	n/a	313.6	134.9	n/a	394.9	123.1	3.17	158.0
175.743	0.236	fixation	n/a	390.5	125.0	3591.0	n/a	n/a	n/a	n/a
175.981	0.03	saccade	n/a	391.1	126.3	n/a	457.1	119.3	2.56	164.0
176.013	0.278	fixation	n/a	456.2	119.4	3490.0	n/a	n/a	n/a	n/a
176.293	0.032	saccade	n/a	459.5	121.6	n/a	527.2	120.2	2.6	162.0
176.327	0.272	fixation	n/a	523.9	118.8	3443.0	n/a	n/a	n/a	n/a
176.601	0.03	saccade	n/a	526.4	118.6	n/a	583.2	121.4	2.17	142.0
176.633	0.226	fixation	n/a	580.0	120.4	3396.0	n/a	n/a	n/a	n/a
176.861	0.022	saccade	n/a	584.7	122.0	n/a	621.1	125.5	1.39	100.0
176.885	0.16	fixation	n/a	614.9	122.8	3402.0	n/a	n/a	n/a	n/a
177.047	0.08	saccade	n/a	615.0	123.4	n/a	131.2	220.7	18.57	406.0
177.129	0.468	fixation	n/a	134.7	216.4	3447.0	n/a	n/a	n/a	n/a
177.599	0.03	saccade	n/a	132.9	215.1	n/a	210.4	205.3	2.95	175.0
177.631	0.162	fixation	n/a	205.0	207.3	3388.0	n/a	n/a	n/a	n/a
177.795	0.186	saccade	n/a	199.5	216.2	n/a	176.1	228.8	1.01	1002.0
177.837	0.076	blink	n/a	n/a	n/a	n/a	n/a	n/a	n/a	n/a
177.983	0.224	fixation	n/a	176.7	230.3	3341.0	n/a	n/a	n/a	n/a
178.209	0.03	saccade	n/a	180.9	228.3	n/a	245.8	211.8	2.55	159.0
178.241	0.174	fixation	n/a	241.2	209.2	3356.0	n/a	n/a	n/a	n/a
178.417	0.036	saccade	n/a	242.4	202.9	n/a	351.7	199.1	4.2	250.0
178.455	0.344	fixation	n/a	352.4	199.8	3288.0	n/a	n/a	n/a	n/a
178.801	0.024	saccade	n/a	357.3	202.9	n/a	401.9	201.8	1.72	124.0
178.827	0.12	fixation	n/a	395.3	209.3	3292.0	n/a	n/a	n/a	n/a
178.949	0.022	saccade	n/a	400.8	206.7	n/a	442.8	204.8	1.62	89.0
178.973	0.466	fixation	n/a	436.2	201.4	3271.0	n/a	n/a	n/a	n/a
179.441	0.03	saccade	n/a	429.9	200.6	n/a	491.5	193.8	2.39	153.0
179.473	0.198	fixation	n/a	487.9	193.3	3254.0	n/a	n/a	n/a	n/a
179.673	0.042	saccade	n/a	487.8	193.3	n/a	348.0	126.2	5.99	339.0
179.717	0.242	fixation	n/a	348.2	127.1	3285.0	n/a	n/a	n/a	n/a
179.961	0.028	saccade	n/a	345.9	129.3	n/a	298.6	131.6	1.82	145.0
179.991	0.138	fixation	n/a	300.4	131.8	3276.0	n/a	n/a	n/a	n/a
180.131	0.042	saccade	n/a	300.9	131.0	n/a	443.4	125.2	5.5	253.0
180.175	0.278	fixation	n/a	443.4	123.8	3301.0	n/a	n/a	n/a	n/a
180.455	0.024	saccade	n/a	446.7	125.1	n/a	486.2	120.0	1.54	115.0
180.481	0.132	fixation	n/a	480.9	119.4	3302.0	n/a	n/a	n/a	n/a
180.615	0.024	saccade	n/a	485.1	119.3	n/a	533.9	117.4	1.87	125.0
180.641	0.296	fixation	n/a	530.5	118.0	3275.0	n/a	n/a	n/a	n/a
180.939	0.03	saccade	n/a	533.7	119.7	n/a	598.5	115.9	2.47	159.0
180.971	0.154	fixation	n/a	595.0	114.6	3255.0	n/a	n/a	n/a	n/a
181.127	0.076	saccade	n/a	595.3	116.1	n/a	128.2	225.2	18.09	422.0
181.205	0.196	fixation	n/a	125.4	228.8	3297.0	n/a	n/a	n/a	n/a
181.403	0.028	saccade	n/a	126.7	229.7	n/a	179.1	208.7	2.13	143.0
181.433	0.126	fixation	n/a	174.4	211.8	3311.0	n/a	n/a	n/a	n/a
181.561	0.032	saccade	n/a	175.5	214.6	n/a	266.0	203.4	3.48	223.0
181.595	0.166	fixation	n/a	265.6	201.7	3260.0	n/a	n/a	n/a	n/a
181.763	0.04	saccade	n/a	268.6	203.0	n/a	384.8	203.3	4.47	258.0
181.805	0.24	fixation	n/a	388.2	206.3	3318.0	n/a	n/a	n/a	n/a
182.047	0.028	saccade	n/a	390.2	208.7	n/a	448.1	201.2	2.25	158.0
182.077	0.112	fixation	n/a	444.6	201.9	3265.0	n/a	n/a	n/a	n/a
182.191	0.054	saccade	n/a	444.4	200.0	n/a	160.1	165.7	10.93	430.0
182.247	0.842	fixation	n/a	151.8	172.8	3413.0	n/a	n/a	n/a	n/a
182.72	0.0	trigger_11	11	n/a	n/a	n/a	n/a	n/a	n/a	n/a
182.824	0.0	trigger_12	12	n/a	n/a	n/a	n/a	n/a	n/a	n/a
183.091	0.032	saccade	n/a	146.8	178.1	n/a	226.0	152.8	3.16	204.0
183.125	0.132	fixation	n/a	220.0	150.8	3683.0	n/a	n/a	n/a	n/a
183.259	0.034	saccade	n/a	222.6	149.7	n/a	318.6	137.2	3.71	222.0
183.295	0.24	fixation	n/a	315.9	133.2	3668.0	n/a	n/a	n/a	n/a
183.537	0.028	saccade	n/a	319.3	130.5	n/a	381.1	123.9	2.4	163.0
183.567	0.288	fixation	n/a	377.9	124.3	3575.0	n/a	n/a	n/a	n/a
183.857	0.026	saccade	n/a	383.3	123.8	n/a	434.1	122.2	1.96	138.0
183.885	0.118	fixation	n/a	429.9	121.9	3529.0	n/a	n/a	n/a	n/a
184.005	0.03	saccade	n/a	434.7	122.8	n/a	503.9	119.1	2.67	165.0
184.037	0.328	fixation	n/a	501.3	118.1	3494.0	n/a	n/a	n/a	n/a
184.367	0.016	saccade	n/a	498.4	117.6	n/a	474.6	109.3	0.97	79.0
184.385	0.452	fixation	n/a	480.4	113.8	3463.0	n/a	n/a	n/a	n/a
184.839	0.026	saccade	n/a	481.6	113.7	n/a	526.7	112.5	1.73	123.0
184.867	0.208	fixation	n/a	524.2	112.5	3433.0	n/a	n/a	n/a	n/a
185.077	0.116	saccade	n/a	521.0	125.5	n/a	544.1	132.8	0.93	791.0
185.133	0.0	blink	n/a	n/a	n/a	n/a	n/a	n/a	n/a	n/a
185.195	0.382	fixation	n/a	543.5	123.6	3432.0	n/a	n/a	n/a	n/a
185.579	0.026	saccade	n/a	547.3	118.3	n/a	597.7	122.1	1.92	141.0
185.607	0.186	fixation	n/a	594.6	119.7	3305.0	n/a	n/a	n/a	n/a
185.795	0.074	saccade	n/a	595.7	118.7	n/a	123.8	216.4	18.2	426.0
185.871	0.27	fixation	n/a	123.3	222.5	3316.0	n/a	n/a	n/a	n/a
186.143	0.028	saccade	n/a	121.5	223.1	n/a	145.9	170.0	2.24	147.0
186.173	0.612	fixation	n/a	141.5	175.6	3374.0	n/a	n/a	n/a	n/a
186.174	0.0	trigger_13	13	n/a	n/a	n/a	n/a	n/a	n/a	n/a
186.787	0.064	saccade	n/a	138.1	177.0	n/a	140.0	338.0	6.19	397.0
186.853	0.106	fixation	n/a	144.0	345.8	3637.0	n/a	n/a	n/a	n/a
186.961	0.042	saccade	n/a	145.7	349.0	n/a	132.4	250.0	3.84	287.0
187.005	0.338	fixation	n/a	133.8	249.8	3692.0	n/a	n/a	n/a	n/a
187.345	0.018	saccade	n/a	139.9	248.8	n/a	155.7	222.3	1.18	89.0
187.365	0.142	fixation	n/a	154.7	227.6	3650.0	n/a	n/a	n/a	n/a
187.509	0.032	saccade	n/a	155.8	228.9	n/a	133.4	174.0	2.28	176.0
187.543	0.224	fixation	n/a	140.1	186.0	3782.0	n/a	n/a	n/a	n/a
187.769	0.028	saccade	n/a	143.7	184.3	n/a	206.8	171.0	2.44	161.0
187.799	0.172	fixation	n/a	203.3	169.2	3836.0	n/a	n/a	n/a	n/a
187.973	0.03	saccade	n/a	205.6	167.6	n/a	270.0	151.9	2.53	163.0
188.005	0.228	fixation	n/a	267.3	151.2	3776.0	n/a	n/a	n/a	n/a
188.235	0.058	saccade	n/a	271.0	149.4	n/a	158.9	265.2	6.2	366.0
188.295	0.368	fixation	n/a	151.0	281.1	3717.0	n/a	n/a	n/a	n/a
188.665	0.026	saccade	n/a	149.1	286.0	n/a	152.8	324.5	1.49	112.0
188.693	0.158	fixation	n/a	152.4	321.4	3662.0	n/a	n/a	n/a	n/a
188.853	0.038	saccade	n/a	153.6	320.4	n/a	158.6	216.6	4.01	260.0
188.893	0.168	fixation	n/a	156.0	222.2	3573.0	n/a	n/a	n/a	n/a
189.063	0.134	saccade	n/a	154.9	238.4	n/a	162.6	385.4	5.66	1072.0
189.105	0.026	blink	n/a	n/a	n/a	n/a	n/a	n/a	n/a	n/a
189.199	0.598	fixation	n/a	168.3	394.6	3623.0	n/a	n/a	n/a	n/a
189.799	0.022	saccade	n/a	165.3	384.2	n/a	133.8	381.3	1.18	96.0
189.823	0.268	fixation	n/a	138.7	385.9	3451.0	n/a	n/a	n/a	n/a
190.093	0.152	saccade	n/a	133.8	393.4	n/a	124.7	282.5	4.25	833.0
190.139	0.042	blink	n/a	n/a	n/a	n/a	n/a	n/a	n/a	n/a
190.247	0.078	fixation	n/a	127.5	288.6	3453.0	n/a	n/a	n/a	n/a
190.256	0.0	trigger_15	15	n/a	n/a	n/a	n/a	n/a	n/a	n/a
190.308	0.0	trigger_10	10	n/a	n/a	n/a	n/a	n/a	n/a	n/a
190.327	0.032	saccade	n/a	127.5	281.6	n/a	141.5	208.2	2.88	216.0
190.361	0.154	fixation	n/a	139.2	210.7	3598.0	n/a	n/a	n/a	n/a
190.517	0.026	saccade	n/a	139.3	205.7	n/a	161.7	171.9	1.56	129.0
190.545	0.334	fixation	n/a	153.5	177.6	3499.0	n/a	n/a	n/a	n/a
190.881	0.032	saccade	n/a	148.2	180.1	n/a	223.8	156.4	3.01	197.0
190.915	0.286	fixation	n/a	221.8	157.9	3528.0	n/a	n/a	n/a	n/a
191.203	0.03	saccade	n/a	224.0	157.5	n/a	281.2	142.0	2.27	152.0
191.235	0.142	fixation	n/a	278.4	140.3	3450.0	n/a	n/a	n/a	n/a
191.379	0.034	saccade	n/a	279.6	138.5	n/a	385.1	138.8	4.06	246.0
191.415	0.484	fixation	n/a	373.5	137.3	3493.0	n/a	n/a	n/a	n/a
191.901	0.022	saccade	n/a	369.7	139.6	n/a	407.2	130.2	1.49	107.0
191.925	0.206	fixation	n/a	403.9	130.9	3494.0	n/a	n/a	n/a	n/a
192.133	0.022	saccade	n/a	408.1	129.7	n/a	442.6	120.6	1.38	90.0
192.157	0.142	fixation	n/a	437.8	122.4	3477.0	n/a	n/a	n/a	n/a
192.301	0.028	saccade	n/a	441.0	122.9	n/a	495.0	122.1	2.08	146.0
192.331	0.248	fixation	n/a	492.4	120.6	3428.0	n/a	n/a	n/a	n/a
192.581	0.032	saccade	n/a	495.2	122.2	n/a	568.3	115.3	2.81	158.0
192.615	0.262	fixation	n/a	566.5	117.7	3395.0	n/a	n/a	n/a	n/a
192.879	0.028	saccade	n/a	569.7	119.9	n/a	625.2	124.0	2.11	141.0
192.909	0.248	fixation	n/a	620.4	124.9	3397.0	n/a	n/a	n/a	n/a
193.159	0.072	saccade	n/a	621.6	125.0	n/a	166.0	209.8	17.5	452.0
193.233	0.188	fixation	n/a	161.4	215.7	3387.0	n/a	n/a	n/a	n/a
193.423	0.03	saccade	n/a	161.6	218.8	n/a	231.7	212.4	2.67	176.0
193.455	0.132	fixation	n/a	231.3	214.1	3362.0	n/a	n/a	n/a	n/a
193.589	0.034	saccade	n/a	234.6	213.5	n/a	316.0	207.9	3.13	213.0
193.625	0.176	fixation	n/a	315.8	205.6	3308.0	n/a	n/a	n/a	n/a
193.803	0.032	saccade	n/a	317.6	206.2	n/a	376.2	208.1	2.26	176.0
193.837	0.132	fixation	n/a	374.8	211.4	3349.0	n/a	n/a	n/a	n/a
193.971	0.032	saccade	n/a	376.4	210.7	n/a	447.3	208.6	2.74	186.0
194.005	0.196	fixation	n/a	444.2	207.7	3318.0	n/a	n/a	n/a	n/a
194.203	0.014	saccade	n/a	440.6	208.7	n/a	424.8	208.4	0.61	54.0
194.219	0.19	fixation	n/a	429.0	210.3	3258.0	n/a	n/a	n/a	n/a
194.411	0.04	saccade	n/a	429.2	210.5	n/a	547.5	200.3	4.57	233.0
194.453	0.264	fixation	n/a	550.1	200.4	3256.0	n/a	n/a	n/a	n/a
194.719	0.066	saccade	n/a	551.2	202.0	n/a	182.0	160.3	14.16	400.0
194.787	0.372	fixation	n/a	195.7	157.9	3276.0	n/a	n/a	n/a	n/a
194.88	0.0	trigger_11	11	n/a	n/a	n/a	n/a	n/a	n/a	n/a
194.984	0.0	trigger_10	10	n/a	n/a	n/a	n/a	n/a	n/a	n/a
195.161	0.032	saccade	n/a	196.4	159.5	n/a	134.1	183.2	2.52	175.0
195.195	0.168	fixation	n/a	137.4	182.4	3375.0	n/a	n/a	n/a	n/a
195.365	0.032	saccade	n/a	137.3	181.6	n/a	211.1	156.7	2.95	197.0
195.399	0.242	fixation	n/a	208.9	156.5	3439.0	n/a	n/a	n/a	n/a
195.643	0.03	saccade	n/a	213.9	158.2	n/a	289.6	144.1	2.95	170.0
195.675	0.068	fixation	n/a	285.9	144.9	3388.0	n/a	n/a	n/a	n/a
195.745	0.15	saccade	n/a	284.7	150.4	n/a	310.0	152.5	0.98	1113.0
195.793	0.038	blink	n/a	n/a	n/a	n/a	n/a	n/a	n/a	n/a
195.897	0.22	fixation	n/a	309.3	142.8	3337.0	n/a	n/a	n/a	n/a
196.119	0.026	saccade	n/a	311.7	136.1	n/a	360.0	130.5	1.87	132.0
196.147	0.116	fixation	n/a	354.8	128.8	3431.0	n/a	n/a	n/a	n/a
196.265	0.026	saccade	n/a	353.3	128.5	n/a	322.7	129.6	1.18	112.0
196.293	0.35	fixation	n/a	325.1	128.0	3336.0	n/a	n/a	n/a	n/a
196.645	0.026	saccade	n/a	328.2	127.8	n/a	372.6	123.6	1.72	122.0
196.673	0.178	fixation	n/a	366.7	121.8	3365.0	n/a	n/a	n/a	n/a
196.853	0.028	saccade	n/a	367.9	121.4	n/a	423.1	120.7	2.13	134.0
196.883	0.358	fixation	n/a	418.2	121.5	3312.0	n/a	n/a	n/a	n/a
197.243	0.032	saccade	n/a	419.6	121.7	n/a	503.8	114.2	3.26	190.0
197.277	0.186	fixation	n/a	500.9	113.5	3284.0	n/a	n/a	n/a	n/a
197.465	0.026	saccade	n/a	503.8	114.8	n/a	554.9	117.4	1.96	130.0
197.493	0.102	fixation	n/a	550.1	116.8	3309.0	n/a	n/a	n/a	n/a
197.597	0.07	saccade	n/a	549.2	118.3	n/a	129.3	212.8	16.29	438.0
197.669	0.222	fixation	n/a	125.6	218.2	3325.0	n/a	n/a	n/a	n/a
197.893	0.032	saccade	n/a	123.5	219.2	n/a	202.2	201.8	3.05	209.0
197.927	0.3	fixation	n/a	199.7	204.3	3285.0	n/a	n/a	n/a	n/a
198.229	0.026	saccade	n/a	202.9	204.7	n/a	250.7	204.8	1.82	137.0
198.257	0.276	fixation	n/a	247.0	206.1	3307.0	n/a	n/a	n/a	n/a
198.535	0.034	saccade	n/a	248.4	208.5	n/a	340.7	206.8	3.55	204.0
198.571	0.284	fixation	n/a	339.3	208.5	3315.0	n/a	n/a	n/a	n/a
198.857	0.028	saccade	n/a	343.0	209.0	n/a	404.7	202.8	2.39	152.0
198.887	0.2	fixation	n/a	400.1	203.3	3325.0	n/a	n/a	n/a	n/a
199.089	0.034	saccade	n/a	403.2	204.6	n/a	492.9	198.4	3.47	182.0
199.125	0.252	fixation	n/a	489.4	198.2	3257.0	n/a	n/a	n/a	n/a
199.379	0.026	saccade	n/a	491.2	197.8	n/a	564.9	190.3	2.84	154.0
199.407	0.092	fixation	n/a	565.3	189.8	3226.0	n/a	n/a	n/a	n/a
199.501	0.024	saccade	n/a	569.9	190.6	n/a	606.0	192.7	1.38	105.0
199.527	0.194	fixation	n/a	601.8	190.2	3201.0	n/a	n/a	n/a	n/a
199.723	0.028	saccade	n/a	602.6	192.2	n/a	659.2	190.1	2.14	144.0
199.753	0.148	fixation	n/a	654.9	190.9	3225.0	n/a	n/a	n/a	n/a
199.903	0.076	saccade	n/a	655.8	192.8	n/a	163.1	272.3	18.81	432.0
199.981	0.126	fixation	n/a	158.7	279.0	3282.0	n/a	n/a	n/a	n/a
200.109	0.024	saccade	n/a	155.6	283.2	n/a	124.0	284.7	1.18	114.0
200.135	0.198	fixation	n/a	125.8	287.1	3244.0	n/a	n/a	n/a	n/a
200.335	0.034	saccade	n/a	125.9	286.8	n/a	233.2	294.1	4.06	242.0
200.371	0.11	fixation	n/a	234.6	298.1	3216.0	n/a	n/a	n/a	n/a
200.483	0.142	saccade	n/a	239.5	324.9	n/a	276.4	303.0	1.65	812.0
200.525	0.026	blink	n/a	n/a	n/a	n/a	n/a	n/a	n/a	n/a
200.627	0.212	fixation	n/a	279.1	296.4	3078.0	n/a	n/a	n/a	n/a
200.841	0.032	saccade	n/a	280.0	291.5	n/a	358.2	291.8	3.01	199.0
200.875	0.374	fixation	n/a	356.7	289.2	3102.0	n/a	n/a	n/a	n/a
201.251	0.03	saccade	n/a	359.1	289.3	n/a	433.4	283.6	2.88	163.0
201.283	0.28	fixation	n/a	433.3	281.8	3048.0	n/a	n/a	n/a	n/a
201.565	0.028	saccade	n/a	434.9	283.3	n/a	489.5	277.8	2.11	141.0
201.595	0.18	fixation	n/a	486.5	277.5	3057.0	n/a	n/a	n/a	n/a
201.777	0.028	saccade	n/a	488.8	278.0	n/a	548.1	274.6	2.28	157.0
201.807	0.1	fixation	n/a	544.1	273.5	3060.0	n/a	n/a	n/a	n/a
201.909	0.066	saccade	n/a	544.5	274.2	n/a	157.1	178.0	15.17	426.0
201.977	0.424	fixation	n/a	167.7	173.0	3179.0	n/a	n/a	n/a	n/a
202.112	0.0	trigger_11	11	n/a	n/a	n/a	n/a	n/a	n/a	n/a
202.218	0.0	trigger_10	10	n/a	n/a	n/a	n/a	n/a	n/a	n/a
202.403	0.02	saccade	n/a	161.7	174.5	n/a	146.2	159.4	0.83	73.0
202.425	0.192	fixation	n/a	151.0	169.4	3357.0	n/a	n/a	n/a	n/a
202.619	0.026	saccade	n/a	151.3	169.9	n/a	206.3	152.6	2.19	145.0
202.647	0.102	fixation	n/a	202.0	152.1	3416.0	n/a	n/a	n/a	n/a
202.751	0.032	saccade	n/a	204.2	151.1	n/a	273.3	139.3	2.68	175.0
202.785	0.114	fixation	n/a	270.6	137.9	3377.0	n/a	n/a	n/a	n/a
202.901	0.032	saccade	n/a	272.9	138.7	n/a	344.2	133.2	2.75	199.0
202.935	0.23	fixation	n/a	343.2	133.0	3391.0	n/a	n/a	n/a	n/a
203.167	0.038	saccade	n/a	346.3	132.8	n/a	446.6	126.6	3.88	190.0
203.207	0.248	fixation	n/a	444.2	125.1	3409.0	n/a	n/a	n/a	n/a
203.457	0.026	saccade	n/a	447.5	126.4	n/a	498.5	119.9	1.98	134.0
203.485	0.09	fixation	n/a	493.2	121.1	3392.0	n/a	n/a	n/a	n/a
203.577	0.138	saccade	n/a	493.8	125.4	n/a	562.6	130.0	2.64	948.0
203.627	0.036	blink	n/a	n/a	n/a	n/a	n/a	n/a	n/a	n/a
203.717	0.266	fixation	n/a	562.4	121.0	3275.0	n/a	n/a	n/a	n/a
203.985	0.024	saccade	n/a	566.8	115.7	n/a	610.6	123.1	1.69	118.0
204.011	0.172	fixation	n/a	617.9	130.8	3200.0	n/a	n/a	n/a	n/a
204.185	0.078	saccade	n/a	627.5	124.4	n/a	132.3	212.4	18.92	443.0
204.265	0.284	fixation	n/a	129.8	217.3	3253.0	n/a	n/a	n/a	n/a
204.551	0.036	saccade	n/a	128.5	221.3	n/a	230.2	209.4	3.87	239.0
204.589	0.168	fixation	n/a	230.9	207.0	3260.0	n/a	n/a	n/a	n/a
204.759	0.036	saccade	n/a	232.9	207.6	n/a	336.0	206.2	3.96	244.0
204.797	0.262	fixation	n/a	334.7	204.7	3227.0	n/a	n/a	n/a	n/a
205.061	0.036	saccade	n/a	335.3	203.6	n/a	442.9	196.7	4.16	249.0
205.099	0.3	fixation	n/a	444.8	197.1	3182.0	n/a	n/a	n/a	n/a
205.401	0.032	saccade	n/a	447.4	197.8	n/a	524.2	191.3	2.96	189.0
205.435	0.148	fixation	n/a	522.1	193.0	3181.0	n/a	n/a	n/a	n/a
205.585	0.03	saccade	n/a	523.6	192.4	n/a	592.8	194.0	2.65	163.0
205.617	0.13	fixation	n/a	587.8	193.7	3205.0	n/a	n/a	n/a	n/a
205.749	0.07	saccade	n/a	587.2	197.4	n/a	152.4	282.5	16.77	447.0
205.821	0.178	fixation	n/a	151.8	291.5	3357.0	n/a	n/a	n/a	n/a
206.001	0.022	saccade	n/a	148.3	294.5	n/a	122.5	288.5	0.99	85.0
206.025	0.222	fixation	n/a	125.5	292.5	3394.0	n/a	n/a	n/a	n/a
206.249	0.036	saccade	n/a	127.3	290.7	n/a	238.9	292.9	4.22	259.0
206.287	0.192	fixation	n/a	240.5	295.8	3372.0	n/a	n/a	n/a	n/a
206.481	0.03	saccade	n/a	243.1	296.6	n/a	308.0	294.3	2.49	187.0
206.513	0.108	fixation	n/a	303.1	293.8	3395.0	n/a	n/a	n/a	n/a
206.623	0.032	saccade	n/a	305.4	294.2	n/a	393.3	287.2	3.4	213.0
206.657	0.182	fixation	n/a	389.0	286.0	3333.0	n/a	n/a	n/a	n/a
206.841	0.176	saccade	n/a	388.9	294.2	n/a	433.5	292.1	1.72	911.0
206.885	0.078	blink	n/a	n/a	n/a	n/a	n/a	n/a	n/a	n/a
207.019	0.514	fixation	n/a	428.8	291.1	3309.0	n/a	n/a	n/a	n/a
207.535	0.022	saccade	n/a	433.0	288.4	n/a	479.3	285.7	1.79	109.0
207.559	0.214	fixation	n/a	478.5	285.8	3260.0	n/a	n/a	n/a	n/a
207.775	0.032	saccade	n/a	480.7	284.0	n/a	554.0	288.1	2.81	176.0
207.809	0.214	fixation	n/a	551.9	285.4	3186.0	n/a	n/a	n/a	n/a
208.025	0.066	saccade	n/a	553.2	285.5	n/a	163.9	381.6	15.18	420.0
208.093	0.282	fixation	n/a	160.5	386.2	3221.0	n/a	n/a	n/a	n/a
208.377	0.034	saccade	n/a	162.3	390.0	n/a	254.5	380.9	3.5	223.0
208.413	0.21	fixation	n/a	254.3	379.5	3171.0	n/a	n/a	n/a	n/a
208.625	0.046	saccade	n/a	254.9	379.5	n/a	173.2	175.0	8.5	446.0
208.673	0.232	fixation	n/a	167.6	174.4	3120.0	n/a	n/a	n/a	n/a
208.907	0.022	saccade	n/a	169.0	174.2	n/a	202.4	152.6	1.52	106.0
208.931	0.182	fixation	n/a	199.2	154.8	3150.0	n/a	n/a	n/a	n/a
209.115	0.04	saccade	n/a	200.6	154.8	n/a	322.3	132.2	4.74	235.0
209.157	0.456	fixation	n/a	323.9	133.2	3244.0	n/a	n/a	n/a	n/a
209.615	0.042	saccade	n/a	322.9	136.4	n/a	177.5	165.5	5.66	299.0
209.659	0.388	fixation	n/a	176.5	167.9	3396.0	n/a	n/a	n/a	n/a
209.738	0.0	trigger_11	11	n/a	n/a	n/a	n/a	n/a	n/a	n/a
209.84	0.0	trigger_12	12	n/a	n/a	n/a	n/a	n/a	n/a	n/a
210.049	0.026	saccade	n/a	173.5	171.7	n/a	141.5	181.7	1.27	114.0
210.077	0.248	fixation	n/a	145.0	182.7	3522.0	n/a	n/a	n/a	n/a
210.327	0.028	saccade	n/a	146.7	182.0	n/a	211.1	159.1	2.59	168.0
210.357	0.17	fixation	n/a	207.8	159.7	3503.0	n/a	n/a	n/a	n/a
210.529	0.026	saccade	n/a	211.2	160.0	n/a	255.2	150.4	1.72	131.0
210.557	0.318	fixation	n/a	250.5	149.0	3491.0	n/a	n/a	n/a	n/a
210.877	0.026	saccade	n/a	254.4	147.6	n/a	299.0	139.4	1.74	119.0
210.905	0.554	fixation	n/a	296.0	138.7	3450.0	n/a	n/a	n/a	n/a
211.461	0.036	saccade	n/a	298.9	137.6	n/a	377.5	132.8	3.03	153.0
211.499	0.208	fixation	n/a	374.9	131.8	3395.0	n/a	n/a	n/a	n/a
211.709	0.014	saccade	n/a	372.0	133.1	n/a	355.7	130.0	0.64	56.0
211.725	0.096	fixation	n/a	359.9	133.4	3413.0	n/a	n/a	n/a	n/a
211.823	0.038	saccade	n/a	361.2	134.0	n/a	471.4	124.9	4.26	239.0
211.863	0.202	fixation	n/a	473.9	126.6	3356.0	n/a	n/a	n/a	n/a
212.067	0.032	saccade	n/a	477.4	130.9	n/a	541.7	127.9	2.47	167.0
212.101	0.208	fixation	n/a	539.9	128.5	3368.0	n/a	n/a	n/a	n/a
212.311	0.028	saccade	n/a	542.4	128.9	n/a	597.9	128.3	2.11	141.0
212.341	0.074	fixation	n/a	594.6	128.6	3323.0	n/a	n/a	n/a	n/a
212.417	0.076	saccade	n/a	594.5	130.0	n/a	143.1	219.6	17.41	375.0
212.495	0.26	fixation	n/a	143.9	229.1	3336.0	n/a	n/a	n/a	n/a
212.757	0.034	saccade	n/a	145.8	231.9	n/a	245.0	213.7	3.83	194.0
212.793	0.216	fixation	n/a	244.2	211.2	3289.0	n/a	n/a	n/a	n/a
213.011	0.032	saccade	n/a	247.1	210.3	n/a	331.9	208.6	3.26	201.0
213.045	0.262	fixation	n/a	328.2	207.2	3316.0	n/a	n/a	n/a	n/a
213.309	0.028	saccade	n/a	329.2	207.8	n/a	380.8	204.7	2.0	135.0
213.339	0.132	fixation	n/a	376.5	205.6	3330.0	n/a	n/a	n/a	n/a
213.473	0.042	saccade	n/a	375.3	206.7	n/a	314.7	203.1	2.34	221.0
213.517	0.228	fixation	n/a	305.7	203.8	3322.0	n/a	n/a	n/a	n/a
213.747	0.028	saccade	n/a	303.6	204.6	n/a	353.2	208.7	1.92	142.0
213.777	0.172	fixation	n/a	348.5	208.8	3389.0	n/a	n/a	n/a	n/a
213.951	0.03	saccade	n/a	350.4	209.6	n/a	419.1	207.0	2.65	174.0
213.983	0.124	fixation	n/a	414.2	206.7	3411.0	n/a	n/a	n/a	n/a
214.109	0.126	saccade	n/a	412.8	214.4	n/a	471.8	209.1	2.29	810.0
214.165	0.012	blink	n/a	n/a	n/a	n/a	n/a	n/a	n/a	n/a
214.237	0.332	fixation	n/a	470.6	204.6	3311.0	n/a	n/a	n/a	n/a
214.571	0.016	saccade	n/a	461.5	216.9	n/a	440.8	201.8	0.99	71.0
214.589	0.3	fixation	n/a	453.2	204.4	3184.0	n/a	n/a	n/a	n/a
214.891	0.024	saccade	n/a	456.6	200.0	n/a	511.6	194.6	2.13	130.0
214.917	0.23	fixation	n/a	513.7	192.6	3163.0	n/a	n/a	n/a	n/a
215.149	0.028	saccade	n/a	516.4	193.4	n/a	571.4	188.4	2.12	143.0
215.179	0.162	fixation	n/a	568.3	189.5	3111.0	n/a	n/a	n/a	n/a
215.343	0.034	saccade	n/a	568.6	190.6	n/a	471.4	196.5	3.74	244.0
215.379	0.26	fixation	n/a	469.3	196.5	3180.0	n/a	n/a	n/a	n/a
215.641	0.034	saccade	n/a	468.5	197.7	n/a	567.0	193.5	3.78	226.0
215.677	0.128	fixation	n/a	565.0	192.7	3237.0	n/a	n/a	n/a	n/a
215.807	0.07	saccade	n/a	566.4	190.7	n/a	135.6	272.6	16.59	450.0
215.879	0.252	fixation	n/a	131.7	278.9	3291.0	n/a	n/a	n/a	n/a
216.133	0.034	saccade	n/a	131.3	281.1	n/a	129.4	170.2	4.28	242.0
216.169	0.538	fixation	n/a	133.0	175.5	3270.0	n/a	n/a	n/a	n/a
216.194	0.0	trigger_13	13	n/a	n/a	n/a	n/a	n/a	n/a	n/a
216.709	0.028	saccade	n/a	135.1	176.5	n/a	190.5	158.4	2.2	153.0
216.739	0.126	fixation	n/a	184.0	158.8	3408.0	n/a	n/a	n/a	n/a
216.867	0.056	saccade	n/a	184.1	158.3	n/a	124.8	264.4	4.67	324.0
216.925	0.36	fixation	n/a	124.0	287.8	3583.0	n/a	n/a	n/a	n/a
217.287	0.034	saccade	n/a	121.7	295.6	n/a	142.8	209.4	3.41	223.0
217.323	0.24	fixation	n/a	144.0	214.5	3563.0	n/a	n/a	n/a	n/a
217.565	0.032	saccade	n/a	148.5	214.4	n/a	151.8	278.2	2.47	172.0
217.599	0.084	fixation	n/a	150.7	276.9	3554.0	n/a	n/a	n/a	n/a
217.685	0.03	saccade	n/a	149.3	279.4	n/a	102.3	303.4	1.98	167.0
217.717	0.23	fixation	n/a	103.8	302.7	3731.0	n/a	n/a	n/a	n/a
217.949	0.03	saccade	n/a	103.5	306.3	n/a	156.0	284.5	2.13	156.0
217.981	0.232	fixation	n/a	152.9	287.6	3789.0	n/a	n/a	n/a	n/a
218.018	0.0	trigger_15	15	n/a	n/a	n/a	n/a	n/a	n/a	n/a
218.076	0.0	trigger_10	10	n/a	n/a	n/a	n/a	n/a	n/a	n/a
218.215	0.038	saccade	n/a	154.9	286.7	n/a	139.5	185.9	3.93	245.0
218.255	0.22	fixation	n/a	142.0	193.9	3724.0	n/a	n/a	n/a	n/a
218.477	0.036	saccade	n/a	142.4	190.2	n/a	226.0	163.5	3.33	202.0
218.515	0.226	fixation	n/a	223.2	159.0	3648.0	n/a	n/a	n/a	n/a
218.743	0.03	saccade	n/a	225.8	157.4	n/a	299.2	143.4	2.86	176.0
218.775	0.168	fixation	n/a	295.4	141.9	3602.0	n/a	n/a	n/a	n/a
218.945	0.032	saccade	n/a	297.8	140.8	n/a	370.5	136.0	2.81	184.0
218.979	0.26	fixation	n/a	368.4	134.7	3545.0	n/a	n/a	n/a	n/a
219.241	0.034	saccade	n/a	371.8	131.6	n/a	461.5	125.1	3.47	206.0
219.277	0.24	fixation	n/a	459.9	121.5	3496.0	n/a	n/a	n/a	n/a
219.519	0.028	saccade	n/a	462.6	122.0	n/a	528.9	118.9	2.55	165.0
219.549	0.12	fixation	n/a	523.4	118.6	3462.0	n/a	n/a	n/a	n/a
219.671	0.19	saccade	n/a	520.5	126.5	n/a	571.5	137.6	2.0	868.0
219.731	0.072	blink	n/a	n/a	n/a	n/a	n/a	n/a	n/a	n/a
219.863	0.082	fixation	n/a	570.1	130.7	3277.0	n/a	n/a	n/a	n/a
219.947	0.068	saccade	n/a	571.4	126.0	n/a	152.9	213.2	16.21	452.0
220.017	0.272	fixation	n/a	147.5	212.6	3414.0	n/a	n/a	n/a	n/a
220.291	0.032	saccade	n/a	146.5	214.9	n/a	226.5	215.7	3.03	199.0
220.325	0.292	fixation	n/a	225.9	213.7	3332.0	n/a	n/a	n/a	n/a
220.619	0.034	saccade	n/a	225.8	216.8	n/a	322.7	209.9	3.73	221.0
220.655	0.204	fixation	n/a	320.5	210.3	3366.0	n/a	n/a	n/a	n/a
220.861	0.036	saccade	n/a	321.8	210.7	n/a	426.9	204.9	4.06	243.0
220.899	0.332	fixation	n/a	423.8	203.8	3307.0	n/a	n/a	n/a	n/a
221.233	0.026	saccade	n/a	424.3	205.1	n/a	473.8	196.8	1.94	127.0
221.261	0.092	fixation	n/a	470.4	196.3	3296.0	n/a	n/a	n/a	n/a
221.355	0.04	saccade	n/a	471.2	198.6	n/a	325.5	203.1	5.63	330.0
221.397	0.186	fixation	n/a	322.4	206.7	3305.0	n/a	n/a	n/a	n/a
221.585	0.048	saccade	n/a	320.7	209.4	n/a	499.9	200.2	6.92	285.0
221.635	0.32	fixation	n/a	502.9	204.9	3264.0	n/a	n/a	n/a	n/a
221.957	0.032	saccade	n/a	506.6	207.1	n/a	583.9	197.3	2.99	186.0
221.991	0.204	fixation	n/a	583.3	196.3	3200.0	n/a	n/a	n/a	n/a
222.197	0.032	saccade	n/a	584.3	196.8	n/a	655.3	202.9	2.7	170.0
222.231	0.098	fixation	n/a	652.7	202.2	3200.0	n/a	n/a	n/a	n/a
222.331	0.076	saccade	n/a	652.4	204.7	n/a	140.4	303.2	19.58	464.0
222.409	0.21	fixation	n/a	139.6	307.7	3281.0	n/a	n/a	n/a	n/a
222.621	0.032	saccade	n/a	141.1	307.6	n/a	221.5	290.7	3.1	193.0
222.655	0.286	fixation	n/a	220.3	293.3	3247.0	n/a	n/a	n/a	n/a
222.943	0.032	saccade	n/a	223.5	294.1	n/a	309.5	292.2	3.29	196.0
222.977	0.196	fixation	n/a	305.2	292.3	3267.0	n/a	n/a	n/a	n/a
223.175	0.034	saccade	n/a	307.2	294.3	n/a	395.8	289.0	3.42	199.0
223.211	0.146	fixation	n/a	391.4	290.8	3296.0	n/a	n/a	n/a	n/a
223.359	0.032	saccade	n/a	393.5	292.0	n/a	465.9	287.5	2.8	181.0
223.393	0.12	fixation	n/a	463.4	284.7	3278.0	n/a	n/a	n/a	n/a
223.515	0.032	saccade	n/a	465.5	285.6	n/a	538.7	279.2	2.83	178.0
223.549	0.268	fixation	n/a	537.2	282.0	3297.0	n/a	n/a	n/a	n/a
223.819	0.032	saccade	n/a	540.2	281.3	n/a	617.0	288.9	2.94	183.0
223.853	0.122	fixation	n/a	613.8	288.6	3263.0	n/a	n/a	n/a	n/a
223.977	0.078	saccade	n/a	614.4	289.9	n/a	150.7	385.9	17.82	402.0
224.057	0.216	fixation	n/a	151.7	394.8	3286.0	n/a	n/a	n/a	n/a
224.218	0.0	trigger_11	11	n/a	n/a	n/a	n/a	n/a	n/a	n/a
224.275	0.062	saccade	n/a	150.8	396.4	n/a	148.7	186.4	8.08	410.0
224.326	0.0	trigger_10	10	n/a	n/a	n/a	n/a	n/a	n/a	n/a
224.339	0.336	fixation	n/a	151.8	174.8	3274.0	n/a	n/a	n/a	n/a
224.677	0.028	saccade	n/a	152.8	173.6	n/a	206.0	160.4	2.08	138.0
224.707	0.148	fixation	n/a	201.2	160.3	3401.0	n/a	n/a	n/a	n/a
224.857	0.032	saccade	n/a	204.1	157.6	n/a	280.1	143.9	2.95	197.0
224.891	0.314	fixation	n/a	277.8	140.8	3365.0	n/a	n/a	n/a	n/a
225.207	0.014	saccade	n/a	274.8	142.1	n/a	258.8	141.0	0.61	50.0
225.223	0.11	fixation	n/a	263.4	140.5	3400.0	n/a	n/a	n/a	n/a
225.335	0.036	saccade	n/a	266.6	139.3	n/a	376.7	122.7	4.28	220.0
225.373	0.058	fixation	n/a	373.7	121.0	3391.0	n/a	n/a	n/a	n/a
225.433	0.042	saccade	n/a	376.2	121.0	n/a	197.6	148.8	6.91	342.0
225.477	0.246	fixation	n/a	199.5	154.4	3411.0	n/a	n/a	n/a	n/a
225.725	0.046	saccade	n/a	200.3	157.1	n/a	369.3	131.4	6.55	285.0
225.773	0.208	fixation	n/a	374.4	130.2	3433.0	n/a	n/a	n/a	n/a
225.983	0.03	saccade	n/a	376.0	129.1	n/a	444.6	122.5	2.66	165.0
226.015	0.206	fixation	n/a	441.1	121.7	3414.0	n/a	n/a	n/a	n/a
226.223	0.032	saccade	n/a	443.8	122.8	n/a	523.7	119.3	3.08	173.0
226.257	0.206	fixation	n/a	519.4	120.7	3341.0	n/a	n/a	n/a	n/a
226.465	0.028	saccade	n/a	521.8	120.5	n/a	569.8	116.9	1.84	132.0
226.495	0.108	fixation	n/a	564.4	116.7	3351.0	n/a	n/a	n/a	n/a
226.605	0.072	saccade	n/a	563.2	118.3	n/a	125.5	229.0	17.1	415.0
226.679	0.142	fixation	n/a	156.3	217.3	3431.0	n/a	n/a	n/a	n/a
226.823	0.022	saccade	n/a	157.1	216.3	n/a	129.1	215.0	1.05	88.0
226.847	0.22	fixation	n/a	132.5	218.9	3393.0	n/a	n/a	n/a	n/a
227.069	0.03	saccade	n/a	133.0	219.4	n/a	205.6	207.1	2.78	169.0
227.101	0.082	fixation	n/a	201.8	205.6	3312.0	n/a	n/a	n/a	n/a
227.185	0.03	saccade	n/a	206.0	206.0	n/a	267.4	206.2	2.34	173.0
227.217	0.126	fixation	n/a	265.2	207.5	3294.0	n/a	n/a	n/a	n/a
227.345	0.134	saccade	n/a	267.0	212.5	n/a	377.0	223.4	4.25	1066.0
227.395	0.028	blink	n/a	n/a	n/a	n/a	n/a	n/a	n/a	n/a
227.481	0.33	fixation	n/a	377.5	216.9	3199.0	n/a	n/a	n/a	n/a
227.813	0.04	saccade	n/a	376.9	211.7	n/a	502.6	197.4	4.88	240.0
227.855	0.282	fixation	n/a	505.2	198.9	3070.0	n/a	n/a	n/a	n/a
228.139	0.032	saccade	n/a	508.5	200.7	n/a	578.3	195.9	2.68	157.0
228.173	0.212	fixation	n/a	575.5	195.2	3055.0	n/a	n/a	n/a	n/a
228.387	0.07	saccade	n/a	576.1	195.8	n/a	138.8	282.7	16.87	420.0
228.459	0.262	fixation	n/a	138.7	284.5	3106.0	n/a	n/a	n/a	n/a
228.723	0.192	saccade	n/a	137.4	291.5	n/a	205.0	292.6	2.55	1056.0
228.769	0.08	blink	n/a	n/a	n/a	n/a	n/a	n/a	n/a	n/a
228.917	0.536	fixation	n/a	212.0	294.5	3091.0	n/a	n/a	n/a	n/a
229.455	0.03	saccade	n/a	215.8	297.7	n/a	297.1	298.1	3.11	185.0
229.487	0.182	fixation	n/a	294.1	297.9	3193.0	n/a	n/a	n/a	n/a
229.671	0.034	saccade	n/a	292.9	298.0	n/a	384.7	292.2	3.54	227.0
229.707	0.162	fixation	n/a	382.5	294.3	3216.0	n/a	n/a	n/a	n/a
229.871	0.03	saccade	n/a	385.5	295.2	n/a	450.6	283.1	2.56	162.0
229.903	0.24	fixation	n/a	446.8	282.5	3143.0	n/a	n/a	n/a	n/a
230.145	0.028	saccade	n/a	449.7	283.6	n/a	507.0	277.3	2.22	149.0
230.175	0.168	fixation	n/a	503.1	277.4	3097.0	n/a	n/a	n/a	n/a
230.345	0.058	saccade	n/a	503.4	277.2	n/a	191.7	156.7	12.79	423.0
230.405	0.304	fixation	n/a	187.1	160.7	3122.0	n/a	n/a	n/a	n/a
230.41	0.0	trigger_11	11	n/a	n/a	n/a	n/a	n/a	n/a	n/a
230.514	0.0	trigger_10	10	n/a	n/a	n/a	n/a	n/a	n/a	n/a
230.711	0.026	saccade	n/a	183.5	163.6	n/a	144.6	179.0	1.58	131.0
230.739	0.166	fixation	n/a	147.8	179.5	3281.0	n/a	n/a	n/a	n/a
230.907	0.036	saccade	n/a	149.6	178.9	n/a	254.6	147.7	4.16	244.0
230.945	0.204	fixation	n/a	252.3	145.1	3395.0	n/a	n/a	n/a	n/a
231.151	0.022	saccade	n/a	250.1	146.2	n/a	224.0	149.9	1.01	82.0
231.175	0.102	fixation	n/a	230.5	150.7	3418.0	n/a	n/a	n/a	n/a
231.279	0.036	saccade	n/a	230.7	151.8	n/a	338.6	133.9	4.2	246.0
231.317	0.27	fixation	n/a	336.8	131.2	3347.0	n/a	n/a	n/a	n/a
231.589	0.036	saccade	n/a	338.5	134.5	n/a	439.5	128.6	3.91	222.0
231.627	0.378	fixation	n/a	440.4	127.7	3333.0	n/a	n/a	n/a	n/a
232.007	0.044	saccade	n/a	440.9	127.3	n/a	276.1	137.6	6.35	304.0
232.053	0.18	fixation	n/a	273.9	135.2	3267.0	n/a	n/a	n/a	n/a
232.235	0.034	saccade	n/a	274.5	136.3	n/a	370.8	132.9	3.71	199.0
232.271	0.08	fixation	n/a	367.1	131.7	3279.0	n/a	n/a	n/a	n/a
232.353	0.16	saccade	n/a	367.2	139.6	n/a	458.3	146.1	3.53	1029.0
232.403	0.05	blink	n/a	n/a	n/a	n/a	n/a	n/a	n/a	n/a
232.515	0.32	fixation	n/a	459.8	126.4	3180.0	n/a	n/a	n/a	n/a
232.837	0.032	saccade	n/a	462.7	118.7	n/a	530.3	112.2	2.61	164.0
232.871	0.202	fixation	n/a	529.9	110.9	3160.0	n/a	n/a	n/a	n/a
233.075	0.03	saccade	n/a	533.3	111.2	n/a	593.3	112.0	2.29	160.0
233.107	0.124	fixation	n/a	590.7	110.3	3212.0	n/a	n/a	n/a	n/a
233.233	0.074	saccade	n/a	590.5	112.3	n/a	132.3	212.5	17.72	452.0
233.309	0.226	fixation	n/a	127.5	215.4	3359.0	n/a	n/a	n/a	n/a
233.537	0.032	saccade	n/a	126.6	217.7	n/a	201.4	213.7	2.83	201.0
233.571	0.278	fixation	n/a	195.3	211.3	3303.0	n/a	n/a	n/a	n/a
233.851	0.026	saccade	n/a	198.0	212.3	n/a	266.4	211.3	2.61	148.0
233.879	0.19	fixation	n/a	264.0	212.1	3333.0	n/a	n/a	n/a	n/a
234.071	0.032	saccade	n/a	263.9	214.9	n/a	336.8	209.9	2.81	194.0
234.105	0.218	fixation	n/a	334.7	211.7	3354.0	n/a	n/a	n/a	n/a
234.325	0.022	saccade	n/a	333.2	211.0	n/a	304.6	213.0	1.1	96.0
234.349	0.284	fixation	n/a	308.2	210.8	3280.0	n/a	n/a	n/a	n/a
234.635	0.028	saccade	n/a	311.2	209.0	n/a	370.2	206.5	2.28	152.0
234.665	0.334	fixation	n/a	366.4	208.5	3236.0	n/a	n/a	n/a	n/a
235.001	0.022	saccade	n/a	371.1	210.4	n/a	402.4	205.0	1.23	94.0
235.025	0.216	fixation	n/a	397.9	206.2	3244.0	n/a	n/a	n/a	n/a
235.243	0.028	saccade	n/a	399.0	206.6	n/a	461.0	202.9	2.4	151.0
235.273	0.358	fixation	n/a	456.3	201.5	3240.0	n/a	n/a	n/a	n/a
235.633	0.048	saccade	n/a	454.7	201.3	n/a	256.0	137.2	8.04	372.0
235.683	0.284	fixation	n/a	251.0	139.0	3276.0	n/a	n/a	n/a	n/a
235.969	0.036	saccade	n/a	250.8	140.1	n/a	346.6	132.1	3.7	233.0
236.007	0.264	fixation	n/a	346.4	129.0	3373.0	n/a	n/a	n/a	n/a
236.273	0.036	saccade	n/a	348.9	129.4	n/a	448.5	126.9	3.85	234.0
236.311	0.234	fixation	n/a	448.1	125.2	3438.0	n/a	n/a	n/a	n/a
236.547	0.056	saccade	n/a	450.3	124.7	n/a	185.4	170.9	10.29	380.0
236.605	0.294	fixation	n/a	189.8	158.6	3391.0	n/a	n/a	n/a	n/a
236.901	0.066	saccade	n/a	189.6	155.8	n/a	514.5	107.8	12.52	309.0
236.969	0.22	fixation	n/a	517.0	109.4	3340.0	n/a	n/a	n/a	n/a
237.191	0.044	saccade	n/a	516.5	110.6	n/a	314.3	186.2	8.32	417.0
237.237	0.312	fixation	n/a	309.2	197.9	3478.0	n/a	n/a	n/a	n/a
237.551	0.03	saccade	n/a	310.2	206.4	n/a	374.5	206.6	2.48	167.0
237.583	0.236	fixation	n/a	370.5	205.2	3372.0	n/a	n/a	n/a	n/a
237.821	0.034	saccade	n/a	374.4	206.3	n/a	472.4	195.1	3.81	208.0
237.857	0.218	fixation	n/a	471.0	195.0	3269.0	n/a	n/a	n/a	n/a
238.077	0.052	saccade	n/a	472.7	194.4	n/a	232.9	143.3	9.42	357.0
238.092	0.0	trigger_11	11	n/a	n/a	n/a	n/a	n/a	n/a	n/a
238.131	0.238	fixation	n/a	232.3	148.8	3307.0	n/a	n/a	n/a	n/a
238.194	0.0	trigger_12	12	n/a	n/a	n/a	n/a	n/a	n/a	n/a
238.371	0.046	saccade	n/a	231.9	150.4	n/a	158.6	175.4	2.95	234.0
238.419	0.244	fixation	n/a	149.9	178.5	3413.0	n/a	n/a	n/a	n/a
238.665	0.028	saccade	n/a	149.6	180.2	n/a	219.3	156.9	2.79	159.0
238.695	0.156	fixation	n/a	215.0	153.0	3397.0	n/a	n/a	n/a	n/a
238.853	0.028	saccade	n/a	217.6	150.0	n/a	283.3	137.6	2.56	158.0
238.883	0.238	fixation	n/a	280.7	136.1	3349.0	n/a	n/a	n/a	n/a
239.123	0.024	saccade	n/a	283.8	135.4	n/a	329.4	128.8	1.77	124.0
239.149	0.138	fixation	n/a	324.5	130.1	3366.0	n/a	n/a	n/a	n/a
239.289	0.06	saccade	n/a	325.2	130.7	n/a	139.6	268.7	8.85	435.0
239.351	0.256	fixation	n/a	132.5	281.2	3314.0	n/a	n/a	n/a	n/a
239.609	0.046	saccade	n/a	134.2	282.1	n/a	246.7	157.5	6.44	241.0
239.657	0.254	fixation	n/a	279.8	136.0	3146.0	n/a	n/a	n/a	n/a
239.913	0.024	saccade	n/a	289.0	130.9	n/a	325.9	128.8	1.42	100.0
239.939	0.232	fixation	n/a	321.5	126.9	3110.0	n/a	n/a	n/a	n/a
240.173	0.026	saccade	n/a	325.8	128.3	n/a	377.2	128.6	1.98	132.0
240.201	0.094	fixation	n/a	372.7	129.2	3135.0	n/a	n/a	n/a	n/a
240.297	0.118	saccade	n/a	371.9	137.4	n/a	462.0	145.2	3.49	803.0
240.355	0.006	blink	n/a	n/a	n/a	n/a	n/a	n/a	n/a	n/a
240.417	0.24	fixation	n/a	461.3	136.5	3157.0	n/a	n/a	n/a	n/a
240.659	0.028	saccade	n/a	461.8	134.1	n/a	521.4	124.6	2.32	142.0
240.689	0.134	fixation	n/a	516.9	120.2	3222.0	n/a	n/a	n/a	n/a
240.825	0.022	saccade	n/a	516.8	118.9	n/a	489.5	120.1	1.05	85.0
240.849	0.382	fixation	n/a	494.0	124.9	3166.0	n/a	n/a	n/a	n/a
241.233	0.028	saccade	n/a	493.8	129.0	n/a	558.6	122.8	2.49	141.0
241.263	0.334	fixation	n/a	553.6	122.2	3225.0	n/a	n/a	n/a	n/a
241.599	0.032	saccade	n/a	554.4	121.4	n/a	489.9	122.5	2.47	186.0
241.633	0.31	fixation	n/a	491.7	121.8	3240.0	n/a	n/a	n/a	n/a
241.945	0.016	saccade	n/a	492.2	121.6	n/a	513.7	121.9	0.83	66.0
241.963	0.038	fixation	n/a	508.5	120.3	3271.0	n/a	n/a	n/a	n/a
242.003	0.028	saccade	n/a	505.4	120.5	n/a	465.6	119.1	1.53	121.0
242.033	0.258	fixation	n/a	469.3	122.5	3284.0	n/a	n/a	n/a	n/a
242.293	0.028	saccade	n/a	468.7	123.1	n/a	528.9	119.1	2.32	154.0
242.323	0.132	fixation	n/a	522.7	119.6	3323.0	n/a	n/a	n/a	n/a
242.457	0.028	saccade	n/a	523.6	120.7	n/a	579.7	117.4	2.15	145.0
242.487	0.462	fixation	n/a	573.9	117.5	3377.0	n/a	n/a	n/a	n/a
242.951	0.024	saccade	n/a	578.5	116.2	n/a	618.3	117.1	1.51	108.0
242.977	0.098	fixation	n/a	613.4	118.3	3299.0	n/a	n/a	n/a	n/a
243.077	0.076	saccade	n/a	614.4	118.9	n/a	143.9	202.0	18.04	440.0
243.155	0.382	fixation	n/a	139.2	211.2	3442.0	n/a	n/a	n/a	n/a
243.539	0.032	saccade	n/a	131.3	217.2	n/a	203.3	214.1	2.72	189.0
243.573	0.18	fixation	n/a	198.3	212.5	3361.0	n/a	n/a	n/a	n/a
243.755	0.032	saccade	n/a	198.3	211.4	n/a	267.7	205.1	2.67	191.0
243.789	0.318	fixation	n/a	263.9	205.3	3313.0	n/a	n/a	n/a	n/a
244.109	0.03	saccade	n/a	264.9	205.7	n/a	333.4	207.6	2.64	188.0
244.141	0.108	fixation	n/a	328.7	205.4	3289.0	n/a	n/a	n/a	n/a
244.251	0.124	saccade	n/a	329.3	210.6	n/a	428.8	210.9	3.84	968.0
244.303	0.018	blink	n/a	n/a	n/a	n/a	n/a	n/a	n/a	n/a
244.377	0.306	fixation	n/a	429.0	212.0	3266.0	n/a	n/a	n/a	n/a
244.685	0.03	saccade	n/a	429.0	210.2	n/a	492.7	210.4	2.46	160.0
244.717	0.236	fixation	n/a	491.4	207.0	3207.0	n/a	n/a	n/a	n/a
244.955	0.032	saccade	n/a	492.7	209.0	n/a	566.9	202.6	2.86	181.0
244.989	0.138	fixation	n/a	563.3	201.9	3204.0	n/a	n/a	n/a	n/a
245.129	0.07	saccade	n/a	564.3	200.7	n/a	145.4	290.5	16.25	420.0
245.201	0.262	fixation	n/a	139.8	296.3	3271.0	n/a	n/a	n/a	n/a
245.465	0.032	saccade	n/a	137.7	295.0	n/a	160.6	232.1	2.58	165.0
245.499	0.134	fixation	n/a	157.5	236.0	3253.0	n/a	n/a	n/a	n/a
245.635	0.034	saccade	n/a	158.9	235.8	n/a	250.4	220.0	3.53	227.0
245.671	0.124	fixation	n/a	251.3	220.1	3273.0	n/a	n/a	n/a	n/a
245.797	0.034	saccade	n/a	253.5	221.7	n/a	362.4	221.5	4.19	253.0
245.833	0.21	fixation	n/a	363.3	222.5	3365.0	n/a	n/a	n/a	n/a
246.045	0.026	saccade	n/a	362.3	223.1	n/a	330.4	217.9	1.25	114.0
246.073	0.104	fixation	n/a	332.4	220.8	3413.0	n/a	n/a	n/a	n/a
246.179	0.032	saccade	n/a	333.5	219.3	n/a	407.9	214.6	2.88	182.0
246.213	0.362	fixation	n/a	403.0	213.0	3340.0	n/a	n/a	n/a	n/a
246.577	0.028	saccade	n/a	403.5	214.6	n/a	466.0	208.4	2.43	155.0
246.607	0.216	fixation	n/a	461.4	209.7	3353.0	n/a	n/a	n/a	n/a
246.825	0.034	saccade	n/a	462.5	211.2	n/a	548.2	207.6	3.3	172.0
246.861	0.14	fixation	n/a	544.1	210.3	3349.0	n/a	n/a	n/a	n/a
247.003	0.07	saccade	n/a	546.1	210.5	n/a	143.5	302.4	15.66	418.0
247.075	0.284	fixation	n/a	136.7	306.1	3390.0	n/a	n/a	n/a	n/a
247.361	0.044	saccade	n/a	139.5	308.0	n/a	205.8	159.1	6.28	267.0
247.407	0.35	fixation	n/a	208.0	162.5	3225.0	n/a	n/a	n/a	n/a
247.759	0.02	saccade	n/a	205.3	164.3	n/a	169.8	164.0	1.34	92.0
247.781	0.068	fixation	n/a	175.5	168.2	3266.0	n/a	n/a	n/a	n/a
247.851	0.026	saccade	n/a	173.5	169.0	n/a	137.4	176.2	1.39	126.0
247.879	0.226	fixation	n/a	141.8	178.1	3275.0	n/a	n/a	n/a	n/a
248.107	0.032	saccade	n/a	141.0	179.0	n/a	220.3	156.7	3.13	190.0
248.141	0.26	fixation	n/a	217.3	157.6	3338.0	n/a	n/a	n/a	n/a
248.403	0.162	saccade	n/a	217.0	178.0	n/a	219.0	169.5	0.34	1189.0
248.441	0.06	blink	n/a	n/a	n/a	n/a	n/a	n/a	n/a	n/a
248.567	0.23	fixation	n/a	224.5	158.6	3333.0	n/a	n/a	n/a	n/a
248.799	0.024	saccade	n/a	220.1	155.7	n/a	186.0	167.6	1.38	105.0
248.825	0.236	fixation	n/a	188.6	165.8	3344.0	n/a	n/a	n/a	n/a
249.063	0.04	saccade	n/a	188.8	166.2	n/a	307.6	142.3	4.63	243.0
249.105	0.252	fixation	n/a	306.6	140.9	3364.0	n/a	n/a	n/a	n/a
249.359	0.028	saccade	n/a	309.1	140.4	n/a	359.4	132.1	1.97	134.0
249.389	0.182	fixation	n/a	355.4	131.0	3315.0	n/a	n/a	n/a	n/a
249.573	0.03	saccade	n/a	357.9	130.1	n/a	419.7	124.4	2.4	152.0
249.605	0.22	fixation	n/a	418.4	127.0	3277.0	n/a	n/a	n/a	n/a
249.827	0.034	saccade	n/a	420.5	130.4	n/a	509.7	120.7	3.46	201.0
249.863	0.27	fixation	n/a	508.4	122.2	3300.0	n/a	n/a	n/a	n/a
250.135	0.03	saccade	n/a	510.9	122.5	n/a	569.9	120.7	2.26	158.0
250.167	0.278	fixation	n/a	566.6	121.6	3352.0	n/a	n/a	n/a	n/a
250.447	0.034	saccade	n/a	566.5	122.2	n/a	480.9	123.2	3.28	251.0
250.483	0.304	fixation	n/a	482.2	128.0	3486.0	n/a	n/a	n/a	n/a
250.789	0.078	saccade	n/a	477.1	131.6	n/a	128.3	206.1	13.55	346.0
250.812	0.0	trigger_13	13	n/a	n/a	n/a	n/a	n/a	n/a	n/a
250.869	0.44	fixation	n/a	145.0	193.6	3577.0	n/a	n/a	n/a	n/a
251.311	0.028	saccade	n/a	145.3	193.8	n/a	146.8	233.0	1.51	139.0
251.341	0.14	fixation	n/a	145.7	231.1	3644.0	n/a	n/a	n/a	n/a
251.483	0.034	saccade	n/a	146.5	234.9	n/a	141.0	175.7	2.3	178.0
251.519	0.306	fixation	n/a	140.4	187.1	3710.0	n/a	n/a	n/a	n/a
251.827	0.024	saccade	n/a	139.6	186.0	n/a	179.1	171.4	1.59	110.0
251.853	0.122	fixation	n/a	172.2	169.5	3664.0	n/a	n/a	n/a	n/a
251.977	0.064	saccade	n/a	171.3	168.5	n/a	165.7	394.8	8.71	522.0
252.043	0.196	fixation	n/a	166.5	398.9	3928.0	n/a	n/a	n/a	n/a
252.241	0.036	saccade	n/a	167.9	402.2	n/a	129.6	272.9	5.17	361.0
252.279	0.468	fixation	n/a	128.6	280.8	3627.0	n/a	n/a	n/a	n/a
252.749	0.038	saccade	n/a	131.4	285.7	n/a	182.2	405.2	4.97	333.0
252.789	0.264	fixation	n/a	181.2	405.0	3601.0	n/a	n/a	n/a	n/a
253.055	0.034	saccade	n/a	181.6	404.9	n/a	146.9	310.4	3.85	278.0
253.091	0.382	fixation	n/a	147.6	316.5	3530.0	n/a	n/a	n/a	n/a
253.475	0.09	saccade	n/a	147.0	318.8	n/a	145.6	190.3	4.95	194.0
253.567	0.204	fixation	n/a	148.0	191.4	3578.0	n/a	n/a	n/a	n/a
253.773	0.032	saccade	n/a	149.2	186.4	n/a	223.8	164.3	2.95	183.0
253.807	0.176	fixation	n/a	219.4	161.6	3624.0	n/a	n/a	n/a	n/a
253.985	0.032	saccade	n/a	221.5	163.2	n/a	295.7	150.5	2.89	194.0
254.019	0.194	fixation	n/a	293.0	149.9	3640.0	n/a	n/a	n/a	n/a
254.215	0.056	saccade	n/a	294.0	146.2	n/a	153.0	214.1	5.98	353.0
254.273	0.21	fixation	n/a	144.4	224.8	3594.0	n/a	n/a	n/a	n/a
254.485	0.18	saccade	n/a	145.3	240.3	n/a	137.7	308.3	2.64	1237.0
254.523	0.076	blink	n/a	n/a	n/a	n/a	n/a	n/a	n/a	n/a
254.667	0.208	fixation	n/a	139.1	314.5	3512.0	n/a	n/a	n/a	n/a
254.877	0.02	saccade	n/a	137.2	307.6	n/a	112.1	296.7	1.03	85.0
254.899	0.266	fixation	n/a	117.7	293.9	3510.0	n/a	n/a	n/a	n/a
254.964	0.0	trigger_15	15	n/a	n/a	n/a	n/a	n/a	n/a	n/a
255.016	0.0	trigger_10	10	n/a	n/a	n/a	n/a	n/a	n/a	n/a
255.167	0.038	saccade	n/a	122.5	290.5	n/a	149.2	185.4	4.18	240.0
255.207	0.24	fixation	n/a	147.8	190.3	3494.0	n/a	n/a	n/a	n/a
255.449	0.03	saccade	n/a	148.9	189.0	n/a	206.4	161.5	2.42	159.0
255.481	0.192	fixation	n/a	203.4	156.2	3542.0	n/a	n/a	n/a	n/a
255.675	0.032	saccade	n/a	204.9	157.2	n/a	142.3	182.2	2.56	184.0
255.709	0.204	fixation	n/a	147.6	183.2	3499.0	n/a	n/a	n/a	n/a
255.915	0.03	saccade	n/a	148.8	185.2	n/a	204.3	166.3	2.22	154.0
255.947	0.118	fixation	n/a	199.9	164.0	3524.0	n/a	n/a	n/a	n/a
256.067	0.034	saccade	n/a	201.7	163.7	n/a	296.1	140.0	3.73	215.0
256.103	0.196	fixation	n/a	291.4	138.9	3628.0	n/a	n/a	n/a	n/a
256.301	0.03	saccade	n/a	292.6	138.2	n/a	357.7	131.6	2.52	167.0
256.333	0.164	fixation	n/a	353.9	130.1	3620.0	n/a	n/a	n/a	n/a
256.499	0.028	saccade	n/a	357.8	127.7	n/a	413.1	125.7	2.14	145.0
256.529	0.214	fixation	n/a	409.8	126.1	3494.0	n/a	n/a	n/a	n/a
256.745	0.02	saccade	n/a	408.8	127.8	n/a	378.8	125.5	1.16	87.0
256.767	0.32	fixation	n/a	384.9	129.3	3412.0	n/a	n/a	n/a	n/a
257.089	0.024	saccade	n/a	388.1	132.5	n/a	429.4	127.7	1.61	114.0
257.115	0.058	fixation	n/a	424.0	127.6	3386.0	n/a	n/a	n/a	n/a
257.175	0.05	saccade	n/a	424.4	129.6	n/a	187.3	159.9	9.14	386.0
257.227	0.234	fixation	n/a	183.9	163.4	3408.0	n/a	n/a	n/a	n/a
257.463	0.028	saccade	n/a	184.1	164.4	n/a	241.4	150.6	2.24	161.0
257.493	0.16	fixation	n/a	236.7	151.8	3441.0	n/a	n/a	n/a	n/a
257.655	0.038	saccade	n/a	238.6	152.2	n/a	366.9	136.4	4.96	259.0
257.695	0.21	fixation	n/a	367.7	134.2	3471.0	n/a	n/a	n/a	n/a
257.907	0.032	saccade	n/a	369.0	135.2	n/a	442.1	124.0	2.86	188.0
257.941	0.172	fixation	n/a	439.1	125.5	3461.0	n/a	n/a	n/a	n/a
258.115	0.032	saccade	n/a	440.9	127.7	n/a	514.0	123.5	2.82	173.0
258.149	0.202	fixation	n/a	510.1	123.7	3354.0	n/a	n/a	n/a	n/a
258.353	0.03	saccade	n/a	512.5	124.3	n/a	577.3	113.5	2.51	152.0
258.385	0.098	fixation	n/a	572.5	116.0	3353.0	n/a	n/a	n/a	n/a
258.485	0.07	saccade	n/a	572.6	116.4	n/a	132.2	210.7	17.05	461.0
258.557	0.22	fixation	n/a	128.5	217.2	3413.0	n/a	n/a	n/a	n/a
258.779	0.028	saccade	n/a	126.8	220.6	n/a	185.1	212.2	2.22	172.0
258.809	0.114	fixation	n/a	178.9	209.6	3390.0	n/a	n/a	n/a	n/a
258.925	0.032	saccade	n/a	179.2	210.1	n/a	260.7	207.7	3.11	203.0
258.959	0.284	fixation	n/a	259.6	207.8	3334.0	n/a	n/a	n/a	n/a
259.245	0.03	saccade	n/a	262.3	209.8	n/a	332.0	204.0	2.69	178.0
259.277	0.184	fixation	n/a	329.1	211.1	3327.0	n/a	n/a	n/a	n/a
259.463	0.046	saccade	n/a	328.0	233.5	n/a	396.8	220.2	2.71	395.0
259.511	0.378	fixation	n/a	403.5	209.4	3247.0	n/a	n/a	n/a	n/a
259.891	0.022	saccade	n/a	399.5	207.6	n/a	369.1	206.5	1.18	93.0
259.915	0.09	fixation	n/a	374.0	207.3	3237.0	n/a	n/a	n/a	n/a
260.007	0.034	saccade	n/a	374.4	207.4	n/a	465.3	206.9	3.52	195.0
260.043	0.134	fixation	n/a	462.8	207.2	3172.0	n/a	n/a	n/a	n/a
260.179	0.028	saccade	n/a	466.6	207.7	n/a	534.9	207.7	2.63	157.0
260.209	0.24	fixation	n/a	533.1	205.1	3171.0	n/a	n/a	n/a	n/a
260.451	0.03	saccade	n/a	534.9	206.1	n/a	590.5	198.7	2.15	143.0
260.483	0.408	fixation	n/a	589.5	198.3	3130.0	n/a	n/a	n/a	n/a
260.893	0.078	saccade	n/a	589.3	199.3	n/a	137.5	271.8	17.28	369.0
260.973	0.144	fixation	n/a	145.9	274.5	3195.0	n/a	n/a	n/a	n/a
261.119	0.016	saccade	n/a	144.0	276.8	n/a	127.9	287.5	0.73	58.0
261.137	0.164	fixation	n/a	132.1	288.0	3233.0	n/a	n/a	n/a	n/a
261.303	0.036	saccade	n/a	133.4	289.2	n/a	244.9	291.3	4.22	251.0
261.341	0.17	fixation	n/a	245.0	293.2	3247.0	n/a	n/a	n/a	n/a
261.508	0.0	trigger_11	11	n/a	n/a	n/a	n/a	n/a	n/a	n/a
261.513	0.042	saccade	n/a	247.5	296.2	n/a	159.3	167.4	6.02	353.0
261.557	0.452	fixation	n/a	154.0	170.6	3244.0	n/a	n/a	n/a	n/a
261.612	0.0	trigger_10	10	n/a	n/a	n/a	n/a	n/a	n/a	n/a
262.011	0.032	saccade	n/a	150.5	171.0	n/a	236.7	149.7	3.37	206.0
262.045	0.208	fixation	n/a	232.1	147.2	3364.0	n/a	n/a	n/a	n/a
262.255	0.032	saccade	n/a	233.8	147.1	n/a	300.4	136.1	2.59	191.0
262.289	0.108	fixation	n/a	296.6	137.3	3342.0	n/a	n/a	n/a	n/a
262.399	0.142	saccade	n/a	296.8	158.8	n/a	365.8	148.1	2.69	1112.0
262.437	0.042	blink	n/a	n/a	n/a	n/a	n/a	n/a	n/a	n/a
262.543	0.206	fixation	n/a	369.8	141.2	3290.0	n/a	n/a	n/a	n/a
262.751	0.018	saccade	n/a	369.3	134.9	n/a	345.2	136.0	0.93	67.0
262.771	0.108	fixation	n/a	349.4	137.2	3387.0	n/a	n/a	n/a	n/a
262.881	0.034	saccade	n/a	348.7	137.5	n/a	264.9	145.1	3.24	228.0
262.917	0.242	fixation	n/a	268.6	146.1	3288.0	n/a	n/a	n/a	n/a
263.161	0.026	saccade	n/a	268.5	147.3	n/a	311.3	141.9	1.66	120.0
263.189	0.21	fixation	n/a	305.6	141.5	3332.0	n/a	n/a	n/a	n/a
263.401	0.028	saccade	n/a	308.0	140.2	n/a	358.5	134.8	1.96	145.0
263.431	0.182	fixation	n/a	355.6	133.1	3327.0	n/a	n/a	n/a	n/a
263.615	0.03	saccade	n/a	358.4	134.5	n/a	418.8	132.8	2.33	151.0
263.647	0.346	fixation	n/a	410.4	130.4	3331.0	n/a	n/a	n/a	n/a
263.995	0.028	saccade	n/a	408.9	129.5	n/a	463.0	122.1	2.11	150.0
264.025	0.22	fixation	n/a	461.3	121.9	3280.0	n/a	n/a	n/a	n/a
264.247	0.032	saccade	n/a	463.8	121.1	n/a	541.7	117.7	3.0	151.0
264.281	0.27	fixation	n/a	537.2	117.3	3303.0	n/a	n/a	n/a	n/a
264.553	0.068	saccade	n/a	537.2	119.0	n/a	138.9	220.4	15.62	432.0
264.623	0.27	fixation	n/a	134.5	223.3	3391.0	n/a	n/a	n/a	n/a
264.895	0.03	saccade	n/a	136.6	226.9	n/a	238.1	215.5	3.88	192.0
264.927	0.274	fixation	n/a	240.5	215.9	3417.0	n/a	n/a	n/a	n/a
265.203	0.024	saccade	n/a	244.3	214.0	n/a	286.8	207.4	1.65	114.0
265.229	0.224	fixation	n/a	283.7	208.2	3349.0	n/a	n/a	n/a	n/a
265.455	0.032	saccade	n/a	282.0	206.0	n/a	223.8	209.5	2.23	182.0
265.489	0.132	fixation	n/a	224.8	210.4	3316.0	n/a	n/a	n/a	n/a
265.623	0.032	saccade	n/a	226.4	209.6	n/a	305.6	209.5	3.03	187.0
265.657	0.104	fixation	n/a	302.6	209.4	3318.0	n/a	n/a	n/a	n/a
265.763	0.03	saccade	n/a	305.1	209.4	n/a	364.1	211.5	2.28	166.0
265.795	0.096	fixation	n/a	360.8	211.2	3392.0	n/a	n/a	n/a	n/a
265.893	0.152	saccade	n/a	361.3	216.6	n/a	395.1	209.7	1.33	1063.0
265.939	0.05	blink	n/a	n/a	n/a	n/a	n/a	n/a	n/a	n/a
266.047	0.214	fixation	n/a	397.7	210.6	3353.0	n/a	n/a	n/a	n/a
266.263	0.028	saccade	n/a	402.3	204.8	n/a	458.7	202.2	2.18	153.0
266.293	0.384	fixation	n/a	454.5	202.0	3286.0	n/a	n/a	n/a	n/a
266.679	0.024	saccade	n/a	458.6	203.6	n/a	503.2	198.1	1.73	124.0
266.705	0.14	fixation	n/a	498.7	197.2	3182.0	n/a	n/a	n/a	n/a
266.847	0.03	saccade	n/a	502.9	196.9	n/a	558.8	201.3	2.15	138.0
266.879	0.19	fixation	n/a	555.4	199.8	3171.0	n/a	n/a	n/a	n/a
267.071	0.072	saccade	n/a	555.5	199.9	n/a	122.3	296.3	16.8	420.0
267.145	0.196	fixation	n/a	121.3	301.2	3240.0	n/a	n/a	n/a	n/a
267.343	0.026	saccade	n/a	125.6	301.6	n/a	168.1	286.3	1.7	124.0
267.371	0.06	fixation	n/a	164.0	289.5	3239.0	n/a	n/a	n/a	n/a
267.433	0.028	saccade	n/a	165.9	290.5	n/a	216.2	289.6	1.91	147.0
267.463	0.248	fixation	n/a	215.4	291.9	3230.0	n/a	n/a	n/a	n/a
267.702	0.0	trigger_11	11	n/a	n/a	n/a	n/a	n/a	n/a	n/a
267.713	0.038	saccade	n/a	218.2	291.8	n/a	152.2	168.7	5.39	321.0
267.753	0.356	fixation	n/a	151.6	176.1	3195.0	n/a	n/a	n/a	n/a
267.804	0.0	trigger_10	10	n/a	n/a	n/a	n/a	n/a	n/a	n/a
268.111	0.03	saccade	n/a	152.5	178.6	n/a	212.9	152.4	2.5	184.0
268.143	0.086	fixation	n/a	209.9	153.8	3326.0	n/a	n/a	n/a	n/a
268.231	0.034	saccade	n/a	210.8	153.7	n/a	287.6	142.1	2.97	198.0
268.267	0.204	fixation	n/a	285.5	138.6	3329.0	n/a	n/a	n/a	n/a
268.473	0.04	saccade	n/a	288.1	141.5	n/a	404.5	130.5	4.51	230.0
268.515	0.374	fixation	n/a	393.2	128.3	3366.0	n/a	n/a	n/a	n/a
268.891	0.024	saccade	n/a	388.5	127.6	n/a	425.2	122.1	1.43	107.0
268.917	0.122	fixation	n/a	419.3	122.5	3375.0	n/a	n/a	n/a	n/a
269.041	0.028	saccade	n/a	422.2	123.4	n/a	481.8	120.6	2.3	157.0
269.071	0.244	fixation	n/a	478.8	121.0	3385.0	n/a	n/a	n/a	n/a
269.317	0.024	saccade	n/a	480.8	122.4	n/a	531.8	119.1	1.96	117.0
269.343	0.24	fixation	n/a	529.8	117.8	3406.0	n/a	n/a	n/a	n/a
269.585	0.03	saccade	n/a	532.4	116.9	n/a	595.3	120.2	2.4	148.0
269.617	0.238	fixation	n/a	591.2	119.0	3389.0	n/a	n/a	n/a	n/a
269.857	0.032	saccade	n/a	592.8	120.9	n/a	654.9	127.1	2.36	149.0
269.891	0.08	fixation	n/a	650.2	127.4	3416.0	n/a	n/a	n/a	n/a
269.973	0.074	saccade	n/a	650.5	128.3	n/a	164.5	197.3	18.5	461.0
270.049	0.194	fixation	n/a	164.5	206.7	3446.0	n/a	n/a	n/a	n/a
270.245	0.166	saccade	n/a	164.3	231.3	n/a	180.1	225.4	0.64	1039.0
270.287	0.052	blink	n/a	n/a	n/a	n/a	n/a	n/a	n/a	n/a
270.413	0.246	fixation	n/a	182.2	221.3	3325.0	n/a	n/a	n/a	n/a
270.661	0.028	saccade	n/a	182.3	217.9	n/a	230.8	206.8	1.89	133.0
270.691	0.314	fixation	n/a	226.9	207.7	3282.0	n/a	n/a	n/a	n/a
271.007	0.03	saccade	n/a	228.9	209.3	n/a	298.2	206.3	2.66	166.0
271.039	0.184	fixation	n/a	294.9	204.1	3249.0	n/a	n/a	n/a	n/a
271.225	0.03	saccade	n/a	297.3	204.7	n/a	364.1	208.0	2.58	172.0
271.257	0.186	fixation	n/a	361.7	209.0	3229.0	n/a	n/a	n/a	n/a
271.445	0.034	saccade	n/a	365.7	211.2	n/a	443.1	206.1	3.0	185.0
271.481	0.292	fixation	n/a	441.1	204.8	3243.0	n/a	n/a	n/a	n/a
271.775	0.018	saccade	n/a	444.3	205.8	n/a	470.5	199.1	1.05	80.0
271.795	0.264	fixation	n/a	466.0	199.8	3241.0	n/a	n/a	n/a	n/a
272.061	0.026	saccade	n/a	468.9	202.2	n/a	529.1	195.8	2.33	146.0
272.089	0.594	fixation	n/a	525.6	198.7	3291.0	n/a	n/a	n/a	n/a
272.685	0.016	saccade	n/a	528.5	204.8	n/a	550.1	203.6	0.83	64.0
272.703	0.072	fixation	n/a	545.8	201.9	3401.0	n/a	n/a	n/a	n/a
272.777	0.068	saccade	n/a	547.0	201.9	n/a	160.9	289.9	15.07	430.0
272.847	0.258	fixation	n/a	155.5	293.6	3485.0	n/a	n/a	n/a	n/a
273.107	0.026	saccade	n/a	156.0	294.6	n/a	210.7	288.8	2.08	141.0
273.135	0.172	fixation	n/a	208.0	289.0	3382.0	n/a	n/a	n/a	n/a
273.309	0.03	saccade	n/a	211.0	291.6	n/a	287.7	294.1	2.93	189.0
273.341	0.244	fixation	n/a	286.6	295.6	3297.0	n/a	n/a	n/a	n/a
273.587	0.032	saccade	n/a	289.1	295.8	n/a	366.4	294.5	2.98	202.0
273.621	0.152	fixation	n/a	364.9	295.1	3326.0	n/a	n/a	n/a	n/a
273.775	0.026	saccade	n/a	364.8	295.5	n/a	325.9	294.1	1.5	125.0
273.803	0.322	fixation	n/a	327.7	294.7	3276.0	n/a	n/a	n/a	n/a
274.127	0.03	saccade	n/a	328.1	296.6	n/a	396.8	291.6	2.66	158.0
274.159	0.112	fixation	n/a	392.1	290.3	3255.0	n/a	n/a	n/a	n/a
274.273	0.13	saccade	n/a	392.5	297.4	n/a	458.6	292.3	2.56	893.0
274.319	0.032	blink	n/a	n/a	n/a	n/a	n/a	n/a	n/a	n/a
274.405	0.256	fixation	n/a	457.6	293.4	3165.0	n/a	n/a	n/a	n/a
274.663	0.018	saccade	n/a	461.9	292.2	n/a	492.5	289.7	1.18	86.0
274.683	0.136	fixation	n/a	487.0	293.3	3208.0	n/a	n/a	n/a	n/a
274.821	0.018	saccade	n/a	492.5	293.2	n/a	519.7	285.5	1.09	80.0
274.841	0.042	fixation	n/a	515.7	281.6	3142.0	n/a	n/a	n/a	n/a
274.885	0.058	saccade	n/a	515.9	283.0	n/a	182.5	219.4	12.96	431.0
274.945	0.468	fixation	n/a	178.4	219.6	3196.0	n/a	n/a	n/a	n/a
275.118	0.0	trigger_11	11	n/a	n/a	n/a	n/a	n/a	n/a	n/a
275.222	0.0	trigger_10	10	n/a	n/a	n/a	n/a	n/a	n/a	n/a
275.415	0.038	saccade	n/a	178.4	221.0	n/a	153.3	178.9	1.89	190.0
275.455	0.194	fixation	n/a	148.7	178.3	3389.0	n/a	n/a	n/a	n/a
275.651	0.028	saccade	n/a	148.2	176.4	n/a	212.5	157.5	2.54	156.0
275.681	0.174	fixation	n/a	207.5	158.0	3420.0	n/a	n/a	n/a	n/a
275.857	0.034	saccade	n/a	208.0	157.7	n/a	296.2	142.5	3.42	225.0
275.893	0.314	fixation	n/a	296.2	142.8	3477.0	n/a	n/a	n/a	n/a
276.209	0.022	saccade	n/a	302.8	144.9	n/a	339.3	142.0	1.41	103.0
276.233	0.086	fixation	n/a	334.7	142.2	3579.0	n/a	n/a	n/a	n/a
276.321	0.042	saccade	n/a	337.6	140.7	n/a	470.4	130.7	5.14	234.0
276.365	0.128	fixation	n/a	471.5	128.9	3533.0	n/a	n/a	n/a	n/a
276.495	0.036	saccade	n/a	471.2	129.9	n/a	364.9	129.6	4.1	279.0
276.533	0.174	fixation	n/a	367.1	131.1	3551.0	n/a	n/a	n/a	n/a
276.709	0.024	saccade	n/a	369.7	129.1	n/a	403.0	133.0	1.29	106.0
276.735	0.212	fixation	n/a	397.9	133.4	3493.0	n/a	n/a	n/a	n/a
276.949	0.026	saccade	n/a	398.7	133.9	n/a	445.9	133.9	1.82	133.0
276.977	0.256	fixation	n/a	441.1	133.7	3450.0	n/a	n/a	n/a	n/a
277.235	0.022	saccade	n/a	442.2	135.5	n/a	479.3	129.7	1.45	104.0
277.259	0.194	fixation	n/a	473.9	129.8	3405.0	n/a	n/a	n/a	n/a
277.455	0.03	saccade	n/a	476.6	129.3	n/a	541.5	130.2	2.49	141.0
277.487	0.254	fixation	n/a	537.1	128.3	3396.0	n/a	n/a	n/a	n/a
277.743	0.034	saccade	n/a	539.7	128.6	n/a	626.3	129.4	3.29	192.0
277.779	0.36	fixation	n/a	624.2	130.0	3303.0	n/a	n/a	n/a	n/a
278.141	0.03	saccade	n/a	622.9	133.2	n/a	553.3	125.6	2.67	190.0
278.173	0.088	fixation	n/a	557.1	128.5	3333.0	n/a	n/a	n/a	n/a
278.263	0.084	saccade	n/a	555.8	130.0	n/a	121.6	230.4	16.9	362.0
278.349	0.132	fixation	n/a	151.3	214.5	3355.0	n/a	n/a	n/a	n/a
278.483	0.018	saccade	n/a	151.2	215.4	n/a	122.4	221.9	1.11	78.0
278.503	0.228	fixation	n/a	129.4	226.0	3329.0	n/a	n/a	n/a	n/a
278.733	0.028	saccade	n/a	131.8	223.5	n/a	187.7	211.9	2.15	144.0
278.763	0.168	fixation	n/a	182.9	214.5	3255.0	n/a	n/a	n/a	n/a
278.933	0.186	saccade	n/a	174.2	229.4	n/a	300.3	157.3	5.57	867.0
278.981	0.066	blink	n/a	n/a	n/a	n/a	n/a	n/a	n/a	n/a
279.121	0.164	fixation	n/a	301.7	151.7	3167.0	n/a	n/a	n/a	n/a
279.287	0.04	saccade	n/a	302.0	145.2	n/a	159.0	172.4	5.55	324.0
279.329	0.188	fixation	n/a	157.1	171.5	3230.0	n/a	n/a	n/a	n/a
279.519	0.03	saccade	n/a	157.3	168.5	n/a	236.1	150.0	3.08	200.0
279.551	0.242	fixation	n/a	235.0	147.4	3192.0	n/a	n/a	n/a	n/a
279.795	0.034	saccade	n/a	236.4	148.1	n/a	314.7	137.4	3.03	207.0
279.831	0.128	fixation	n/a	313.5	136.3	3238.0	n/a	n/a	n/a	n/a
279.961	0.056	saccade	n/a	313.6	137.5	n/a	587.9	117.1	10.52	330.0
280.019	0.132	fixation	n/a	595.6	116.0	3190.0	n/a	n/a	n/a	n/a
280.153	0.054	saccade	n/a	596.8	118.5	n/a	445.5	114.1	5.8	369.0
280.209	0.274	fixation	n/a	433.5	120.3	3291.0	n/a	n/a	n/a	n/a
280.485	0.028	saccade	n/a	431.1	122.0	n/a	386.2	123.6	1.73	144.0
280.515	0.188	fixation	n/a	389.1	125.9	3304.0	n/a	n/a	n/a	n/a
280.705	0.04	saccade	n/a	390.9	127.9	n/a	534.6	125.1	5.53	271.0
280.747	0.266	fixation	n/a	539.5	125.2	3306.0	n/a	n/a	n/a	n/a
281.015	0.034	saccade	n/a	542.4	126.5	n/a	631.5	125.8	3.39	197.0
281.051	0.146	fixation	n/a	627.3	125.9	3247.0	n/a	n/a	n/a	n/a
281.199	0.074	saccade	n/a	629.0	126.8	n/a	163.6	211.8	17.87	415.0
281.275	0.284	fixation	n/a	162.2	220.7	3305.0	n/a	n/a	n/a	n/a
281.561	0.022	saccade	n/a	159.5	221.5	n/a	129.1	217.4	1.15	89.0
281.585	0.174	fixation	n/a	134.6	219.6	3272.0	n/a	n/a	n/a	n/a
281.761	0.03	saccade	n/a	135.8	217.3	n/a	208.1	206.9	2.76	186.0
281.793	0.304	fixation	n/a	205.9	206.3	3234.0	n/a	n/a	n/a	n/a
282.099	0.026	saccade	n/a	208.2	208.8	n/a	260.2	203.6	2.0	140.0
282.127	0.11	fixation	n/a	255.0	204.2	3281.0	n/a	n/a	n/a	n/a
282.239	0.032	saccade	n/a	253.6	205.5	n/a	180.5	209.5	2.79	207.0
282.273	0.242	fixation	n/a	185.2	213.2	3258.0	n/a	n/a	n/a	n/a
282.517	0.032	saccade	n/a	188.3	212.9	n/a	274.6	206.4	3.3	170.0
282.551	0.318	fixation	n/a	271.0	206.2	3243.0	n/a	n/a	n/a	n/a
282.871	0.026	saccade	n/a	274.9	205.2	n/a	325.3	205.0	1.94	133.0
282.899	0.202	fixation	n/a	320.1	205.2	3257.0	n/a	n/a	n/a	n/a
283.103	0.028	saccade	n/a	323.4	206.1	n/a	378.5	208.9	2.13	141.0
283.133	0.086	fixation	n/a	372.5	208.2	3302.0	n/a	n/a	n/a	n/a
283.221	0.194	saccade	n/a	370.8	219.9	n/a	370.5	208.1	0.46	923.0
283.275	0.07	blink	n/a	n/a	n/a	n/a	n/a	n/a	n/a	n/a
283.417	0.098	fixation	n/a	369.1	216.3	3119.0	n/a	n/a	n/a	n/a
283.517	0.034	saccade	n/a	368.9	215.8	n/a	450.4	210.9	3.15	194.0
283.553	0.25	fixation	n/a	451.9	206.8	3212.0	n/a	n/a	n/a	n/a
283.805	0.026	saccade	n/a	456.1	203.0	n/a	494.3	201.7	1.47	121.0
283.833	0.406	fixation	n/a	488.4	200.1	3162.0	n/a	n/a	n/a	n/a
284.241	0.024	saccade	n/a	484.0	198.9	n/a	518.8	196.1	1.35	101.0
284.267	0.1	fixation	n/a	512.7	197.1	3183.0	n/a	n/a	n/a	n/a
284.369	0.046	saccade	n/a	513.4	200.1	n/a	317.3	133.6	7.98	368.0
284.417	0.296	fixation	n/a	311.4	136.6	3248.0	n/a	n/a	n/a	n/a
284.422	0.0	trigger_11	11	n/a	n/a	n/a	n/a	n/a	n/a	n/a
284.53	0.0	trigger_10	10	n/a	n/a	n/a	n/a	n/a	n/a	n/a
284.715	0.054	saccade	n/a	307.7	142.5	n/a	179.6	187.8	5.2	340.0
284.771	0.062	fixation	n/a	171.1	195.5	3462.0	n/a	n/a	n/a	n/a
284.835	0.028	saccade	n/a	171.2	198.0	n/a	142.7	174.9	1.4	144.0
284.865	0.186	fixation	n/a	144.1	181.8	3539.0	n/a	n/a	n/a	n/a
285.053	0.026	saccade	n/a	145.5	179.7	n/a	202.6	161.8	2.27	150.0
285.081	0.138	fixation	n/a	199.3	158.5	3498.0	n/a	n/a	n/a	n/a
285.221	0.028	saccade	n/a	201.9	156.7	n/a	253.2	144.6	2.01	143.0
285.251	0.148	fixation	n/a	250.6	143.3	3441.0	n/a	n/a	n/a	n/a
285.401	0.03	saccade	n/a	255.0	142.5	n/a	325.8	134.5	2.74	179.0
285.433	0.162	fixation	n/a	324.0	132.8	3512.0	n/a	n/a	n/a	n/a
285.597	0.034	saccade	n/a	326.6	131.9	n/a	414.8	122.7	3.42	199.0
285.633	0.264	fixation	n/a	411.5	120.4	3528.0	n/a	n/a	n/a	n/a
285.899	0.036	saccade	n/a	411.4	120.1	n/a	501.5	118.4	3.47	164.0
285.937	0.296	fixation	n/a	501.8	119.2	3392.0	n/a	n/a	n/a	n/a
286.235	0.028	saccade	n/a	504.4	123.7	n/a	582.6	117.3	3.0	150.0
286.265	0.146	fixation	n/a	581.6	118.0	3320.0	n/a	n/a	n/a	n/a
286.413	0.072	saccade	n/a	582.3	118.2	n/a	153.7	212.3	16.64	413.0
286.487	0.268	fixation	n/a	148.3	215.4	3314.0	n/a	n/a	n/a	n/a
286.757	0.034	saccade	n/a	149.2	218.7	n/a	234.7	212.4	3.25	205.0
286.793	0.21	fixation	n/a	234.0	212.1	3321.0	n/a	n/a	n/a	n/a
287.005	0.024	saccade	n/a	233.4	212.8	n/a	198.7	211.9	1.32	107.0
287.031	0.152	fixation	n/a	203.8	212.4	3365.0	n/a	n/a	n/a	n/a
287.185	0.042	saccade	n/a	202.2	212.9	n/a	349.3	208.3	5.64	280.0
287.229	0.176	fixation	n/a	349.2	209.1	3353.0	n/a	n/a	n/a	n/a
287.407	0.032	saccade	n/a	351.6	208.9	n/a	425.2	206.0	2.84	190.0
287.441	0.122	fixation	n/a	422.0	205.0	3351.0	n/a	n/a	n/a	n/a
287.565	0.032	saccade	n/a	424.2	204.1	n/a	492.5	200.3	2.64	158.0
287.599	0.224	fixation	n/a	490.0	199.1	3349.0	n/a	n/a	n/a	n/a
287.825	0.032	saccade	n/a	492.5	199.2	n/a	560.9	195.1	2.64	164.0
287.859	0.116	fixation	n/a	557.1	195.6	3325.0	n/a	n/a	n/a	n/a
287.977	0.034	saccade	n/a	557.5	196.0	n/a	468.8	194.1	3.41	252.0
288.013	0.296	fixation	n/a	468.2	198.0	3363.0	n/a	n/a	n/a	n/a
288.311	0.036	saccade	n/a	467.1	200.8	n/a	556.0	202.6	3.42	209.0
288.349	0.186	fixation	n/a	555.6	201.4	3414.0	n/a	n/a	n/a	n/a
288.537	0.026	saccade	n/a	560.0	201.9	n/a	613.3	197.7	2.04	144.0
288.565	0.096	fixation	n/a	609.2	199.5	3403.0	n/a	n/a	n/a	n/a
288.663	0.068	saccade	n/a	609.6	199.9	n/a	176.0	269.0	16.67	446.0
288.733	0.112	fixation	n/a	171.8	275.5	3429.0	n/a	n/a	n/a	n/a
288.847	0.026	saccade	n/a	169.3	278.3	n/a	133.8	298.1	1.54	122.0
288.875	0.172	fixation	n/a	133.0	299.6	3331.0	n/a	n/a	n/a	n/a
289.049	0.144	saccade	n/a	134.0	306.7	n/a	293.3	151.6	8.53	992.0
289.085	0.05	blink	n/a	n/a	n/a	n/a	n/a	n/a	n/a	n/a
289.195	0.274	fixation	n/a	301.9	146.7	3189.0	n/a	n/a	n/a	n/a
289.471	0.028	saccade	n/a	303.4	144.2	n/a	355.0	138.7	2.0	135.0
289.501	0.186	fixation	n/a	352.8	131.3	3251.0	n/a	n/a	n/a	n/a
289.689	0.028	saccade	n/a	356.1	126.4	n/a	415.7	130.2	2.31	164.0
289.719	0.262	fixation	n/a	412.8	131.1	3295.0	n/a	n/a	n/a	n/a
289.983	0.038	saccade	n/a	414.8	133.6	n/a	527.6	124.2	4.35	251.0
290.023	0.312	fixation	n/a	528.0	125.9	3369.0	n/a	n/a	n/a	n/a
290.337	0.032	saccade	n/a	530.2	128.8	n/a	601.7	128.0	2.73	172.0
290.371	0.076	fixation	n/a	596.5	124.5	3393.0	n/a	n/a	n/a	n/a
290.449	0.072	saccade	n/a	596.7	122.5	n/a	170.2	209.9	16.54	441.0
290.523	0.314	fixation	n/a	166.8	214.6	3430.0	n/a	n/a	n/a	n/a
290.839	0.032	saccade	n/a	168.3	214.3	n/a	246.7	208.6	2.99	196.0
290.873	0.132	fixation	n/a	244.7	207.0	3390.0	n/a	n/a	n/a	n/a
291.007	0.036	saccade	n/a	245.3	205.7	n/a	376.5	197.9	5.06	287.0
291.045	0.276	fixation	n/a	376.1	196.7	3394.0	n/a	n/a	n/a	n/a
291.323	0.04	saccade	n/a	379.0	197.5	n/a	500.5	195.4	4.68	237.0
291.365	0.35	fixation	n/a	500.3	197.4	3452.0	n/a	n/a	n/a	n/a
291.717	0.026	saccade	n/a	499.6	203.6	n/a	460.5	199.2	1.52	125.0
291.745	0.162	fixation	n/a	466.9	202.3	3484.0	n/a	n/a	n/a	n/a
291.909	0.038	saccade	n/a	468.0	202.2	n/a	579.1	198.3	4.27	240.0
291.949	0.128	fixation	n/a	578.2	198.3	3472.0	n/a	n/a	n/a	n/a
292.079	0.066	saccade	n/a	578.8	199.9	n/a	181.2	245.2	15.22	446.0
292.147	0.142	fixation	n/a	176.8	249.5	3596.0	n/a	n/a	n/a	n/a
292.2	0.0	trigger_11	11	n/a	n/a	n/a	n/a	n/a	n/a	n/a
292.291	0.036	saccade	n/a	174.0	249.3	n/a	168.3	171.1	3.04	238.0
292.302	0.0	trigger_10	10	n/a	n/a	n/a	n/a	n/a	n/a	n/a
292.329	0.334	fixation	n/a	163.1	177.9	3587.0	n/a	n/a	n/a	n/a
292.665	0.03	saccade	n/a	162.6	181.6	n/a	224.8	157.7	2.54	167.0
292.697	0.2	fixation	n/a	221.4	157.9	3620.0	n/a	n/a	n/a	n/a
292.899	0.026	saccade	n/a	221.7	157.9	n/a	187.0	161.0	1.32	116.0
292.927	0.18	fixation	n/a	193.2	165.3	3596.0	n/a	n/a	n/a	n/a
293.109	0.036	saccade	n/a	194.7	164.5	n/a	287.2	146.4	3.61	196.0
293.147	0.088	fixation	n/a	285.8	146.0	3563.0	n/a	n/a	n/a	n/a
293.237	0.054	saccade	n/a	287.8	144.2	n/a	155.1	174.7	5.19	315.0
293.293	0.284	fixation	n/a	145.5	177.9	3619.0	n/a	n/a	n/a	n/a
293.579	0.024	saccade	n/a	148.9	177.7	n/a	190.0	167.4	1.6	117.0
293.605	0.154	fixation	n/a	184.7	165.5	3645.0	n/a	n/a	n/a	n/a
293.761	0.032	saccade	n/a	187.8	165.3	n/a	271.5	147.3	3.27	171.0
293.795	0.436	fixation	n/a	271.9	142.3	3539.0	n/a	n/a	n/a	n/a
294.233	0.03	saccade	n/a	272.3	150.9	n/a	353.5	157.0	3.13	173.0
294.265	0.198	fixation	n/a	364.7	138.5	3466.0	n/a	n/a	n/a	n/a
294.465	0.162	saccade	n/a	364.4	138.8	n/a	431.6	143.6	2.6	959.0
294.523	0.05	blink	n/a	n/a	n/a	n/a	n/a	n/a	n/a	n/a
294.629	0.194	fixation	n/a	432.2	137.5	3339.0	n/a	n/a	n/a	n/a
294.825	0.03	saccade	n/a	435.9	127.0	n/a	502.9	124.2	2.58	168.0
294.857	0.14	fixation	n/a	498.2	121.7	3385.0	n/a	n/a	n/a	n/a
294.999	0.036	saccade	n/a	499.4	122.2	n/a	402.9	125.9	3.72	264.0
295.037	0.558	fixation	n/a	401.9	128.2	3307.0	n/a	n/a	n/a	n/a
295.597	0.032	saccade	n/a	402.8	127.4	n/a	475.0	118.5	2.8	174.0
295.631	0.236	fixation	n/a	473.3	118.5	3317.0	n/a	n/a	n/a	n/a
295.869	0.028	saccade	n/a	475.3	120.8	n/a	537.9	120.2	2.4	142.0
295.899	0.252	fixation	n/a	534.2	122.3	3369.0	n/a	n/a	n/a	n/a
296.153	0.016	saccade	n/a	531.8	123.6	n/a	511.7	121.1	0.78	60.0
296.171	0.06	fixation	n/a	517.0	123.6	3367.0	n/a	n/a	n/a	n/a
296.233	0.034	saccade	n/a	518.4	123.3	n/a	591.8	120.0	2.8	185.0
296.269	0.08	fixation	n/a	588.2	120.6	3343.0	n/a	n/a	n/a	n/a
296.351	0.074	saccade	n/a	588.5	123.3	n/a	130.2	218.7	17.68	425.0
296.427	0.35	fixation	n/a	129.6	222.6	3402.0	n/a	n/a	n/a	n/a
296.779	0.032	saccade	n/a	129.0	222.6	n/a	203.1	211.6	2.83	189.0
296.813	0.244	fixation	n/a	202.6	210.9	3324.0	n/a	n/a	n/a	n/a
297.059	0.032	saccade	n/a	203.9	211.3	n/a	292.0	208.2	3.37	217.0
297.093	0.178	fixation	n/a	289.9	208.2	3351.0	n/a	n/a	n/a	n/a
297.273	0.02	saccade	n/a	287.9	210.5	n/a	264.2	204.6	0.94	84.0
297.295	0.39	fixation	n/a	268.1	209.1	3333.0	n/a	n/a	n/a	n/a
297.687	0.022	saccade	n/a	266.5	209.9	n/a	300.7	206.5	1.32	98.0
297.711	0.112	fixation	n/a	293.2	207.0	3429.0	n/a	n/a	n/a	n/a
297.825	0.026	saccade	n/a	290.5	207.6	n/a	256.4	207.4	1.31	113.0
297.853	0.158	fixation	n/a	261.1	208.8	3464.0	n/a	n/a	n/a	n/a
298.013	0.036	saccade	n/a	262.3	210.3	n/a	363.9	210.2	3.91	238.0
298.051	0.174	fixation	n/a	358.6	215.3	3497.0	n/a	n/a	n/a	n/a
298.227	0.026	saccade	n/a	359.4	232.3	n/a	422.6	221.4	2.48	110.0
298.255	0.386	fixation	n/a	432.9	207.9	3466.0	n/a	n/a	n/a	n/a
298.643	0.186	saccade	n/a	432.8	213.5	n/a	418.8	204.5	0.65	1009.0
298.691	0.082	blink	n/a	n/a	n/a	n/a	n/a	n/a	n/a	n/a
298.831	0.31	fixation	n/a	417.6	206.6	3332.0	n/a	n/a	n/a	n/a
299.143	0.026	saccade	n/a	413.6	206.3	n/a	463.3	206.1	1.92	124.0
299.171	0.274	fixation	n/a	465.4	202.8	3256.0	n/a	n/a	n/a	n/a
299.447	0.03	saccade	n/a	469.8	199.7	n/a	531.6	197.3	2.38	155.0
299.479	0.186	fixation	n/a	528.9	198.4	3199.0	n/a	n/a	n/a	n/a
299.667	0.03	saccade	n/a	530.8	200.0	n/a	605.4	193.5	2.86	177.0
299.699	0.182	fixation	n/a	602.1	193.5	3163.0	n/a	n/a	n/a	n/a
299.883	0.06	saccade	n/a	602.8	195.8	n/a	279.5	203.9	12.37	404.0
299.945	0.714	fixation	n/a	273.9	212.7	3168.0	n/a	n/a	n/a	n/a
300.661	0.038	saccade	n/a	274.9	214.9	n/a	387.6	198.5	4.39	252.0
300.701	0.248	fixation	n/a	386.4	199.7	3293.0	n/a	n/a	n/a	n/a
300.951	0.036	saccade	n/a	388.6	200.7	n/a	473.6	126.2	4.39	245.0
300.989	0.17	fixation	n/a	472.1	127.9	3350.0	n/a	n/a	n/a	n/a
301.161	0.034	saccade	n/a	472.3	129.5	n/a	391.9	130.9	3.1	221.0
301.197	0.264	fixation	n/a	391.9	133.5	3389.0	n/a	n/a	n/a	n/a
301.463	0.04	saccade	n/a	393.2	135.7	n/a	512.9	126.5	4.63	254.0
301.505	0.274	fixation	n/a	514.1	125.4	3375.0	n/a	n/a	n/a	n/a
301.781	0.03	saccade	n/a	517.7	125.7	n/a	580.1	120.4	2.39	154.0
301.813	0.084	fixation	n/a	573.4	122.2	3392.0	n/a	n/a	n/a	n/a
301.899	0.066	saccade	n/a	573.2	122.7	n/a	168.2	188.9	15.58	461.0
301.967	0.35	fixation	n/a	162.8	201.4	3451.0	n/a	n/a	n/a	n/a
302.016	0.0	trigger_11	11	n/a	n/a	n/a	n/a	n/a	n/a	n/a
302.12	0.0	trigger_10	10	n/a	n/a	n/a	n/a	n/a	n/a	n/a
302.319	0.028	saccade	n/a	158.4	207.4	n/a	153.0	172.2	1.38	139.0
302.349	0.22	fixation	n/a	148.8	183.8	3516.0	n/a	n/a	n/a	n/a
302.571	0.028	saccade	n/a	150.4	185.8	n/a	199.2	169.8	1.95	138.0
302.601	0.21	fixation	n/a	196.5	168.6	3436.0	n/a	n/a	n/a	n/a
302.813	0.03	saccade	n/a	196.6	170.6	n/a	140.0	184.4	2.21	169.0
302.845	0.164	fixation	n/a	142.7	185.5	3418.0	n/a	n/a	n/a	n/a
303.011	0.026	saccade	n/a	143.3	184.8	n/a	203.6	171.1	2.34	152.0
303.039	0.186	fixation	n/a	198.9	169.7	3459.0	n/a	n/a	n/a	n/a
303.227	0.034	saccade	n/a	204.1	169.1	n/a	293.7	147.7	3.53	201.0
303.263	0.108	fixation	n/a	290.5	146.8	3493.0	n/a	n/a	n/a	n/a
303.373	0.124	saccade	n/a	289.6	156.6	n/a	398.9	147.1	4.23	987.0
303.429	0.004	blink	n/a	n/a	n/a	n/a	n/a	n/a	n/a	n/a
303.499	0.09	fixation	n/a	400.5	150.9	3345.0	n/a	n/a	n/a	n/a
303.591	0.028	saccade	n/a	400.7	149.1	n/a	453.3	145.5	2.04	153.0
303.621	0.204	fixation	n/a	450.3	139.2	3389.0	n/a	n/a	n/a	n/a
303.827	0.034	saccade	n/a	453.5	135.2	n/a	539.2	130.5	3.3	197.0
303.863	0.262	fixation	n/a	537.9	126.7	3226.0	n/a	n/a	n/a	n/a
304.127	0.022	saccade	n/a	536.7	124.9	n/a	506.8	120.9	1.16	94.0
304.151	0.154	fixation	n/a	511.5	124.8	3253.0	n/a	n/a	n/a	n/a
304.307	0.038	saccade	n/a	511.7	124.5	n/a	609.2	123.9	3.72	192.0
304.347	0.148	fixation	n/a	607.3	121.5	3239.0	n/a	n/a	n/a	n/a
304.497	0.078	saccade	n/a	608.1	120.0	n/a	127.9	227.7	18.56	413.0
304.577	0.202	fixation	n/a	128.2	230.9	3338.0	n/a	n/a	n/a	n/a
304.781	0.024	saccade	n/a	129.5	230.2	n/a	185.2	212.6	2.21	143.0
304.807	0.156	fixation	n/a	181.3	212.2	3311.0	n/a	n/a	n/a	n/a
304.965	0.034	saccade	n/a	181.6	212.6	n/a	269.5	205.4	3.37	215.0
305.001	0.396	fixation	n/a	269.7	207.5	3257.0	n/a	n/a	n/a	n/a
305.399	0.026	saccade	n/a	270.8	209.7	n/a	314.9	205.6	1.7	122.0
305.427	0.15	fixation	n/a	312.3	207.6	3249.0	n/a	n/a	n/a	n/a
305.579	0.134	saccade	n/a	311.5	214.4	n/a	375.9	217.6	2.49	844.0
305.641	0.01	blink	n/a	n/a	n/a	n/a	n/a	n/a	n/a	n/a
305.715	0.196	fixation	n/a	374.9	214.0	3210.0	n/a	n/a	n/a	n/a
305.913	0.03	saccade	n/a	376.5	210.3	n/a	454.5	216.0	3.03	184.0
305.945	0.204	fixation	n/a	450.4	214.1	3277.0	n/a	n/a	n/a	n/a
306.151	0.03	saccade	n/a	452.4	212.8	n/a	514.4	203.7	2.42	160.0
306.183	0.18	fixation	n/a	511.2	204.4	3225.0	n/a	n/a	n/a	n/a
306.365	0.036	saccade	n/a	513.5	205.5	n/a	607.4	197.8	3.6	206.0
306.403	0.232	fixation	n/a	606.4	197.5	3198.0	n/a	n/a	n/a	n/a
306.637	0.072	saccade	n/a	605.7	197.9	n/a	147.8	284.3	17.63	446.0
306.711	0.304	fixation	n/a	141.5	288.6	3177.0	n/a	n/a	n/a	n/a
307.017	0.024	saccade	n/a	145.6	291.1	n/a	197.8	284.8	1.99	131.0
307.043	0.19	fixation	n/a	195.9	285.9	3150.0	n/a	n/a	n/a	n/a
307.235	0.034	saccade	n/a	197.1	285.6	n/a	285.6	292.4	3.39	218.0
307.271	0.16	fixation	n/a	284.8	293.3	3129.0	n/a	n/a	n/a	n/a
307.433	0.19	saccade	n/a	285.9	301.9	n/a	372.5	297.5	3.34	967.0
307.477	0.074	blink	n/a	n/a	n/a	n/a	n/a	n/a	n/a	n/a
307.625	0.288	fixation	n/a	371.5	298.1	2994.0	n/a	n/a	n/a	n/a
307.915	0.022	saccade	n/a	370.9	295.3	n/a	407.9	296.0	1.43	104.0
307.939	0.112	fixation	n/a	405.0	296.6	3018.0	n/a	n/a	n/a	n/a
308.053	0.028	saccade	n/a	408.1	295.2	n/a	472.1	288.6	2.48	156.0
308.083	0.482	fixation	n/a	462.4	287.3	2990.0	n/a	n/a	n/a	n/a
308.567	0.052	saccade	n/a	453.3	283.4	n/a	207.1	286.3	9.43	344.0
308.621	0.32	fixation	n/a	203.1	290.7	3139.0	n/a	n/a	n/a	n/a
308.943	0.052	saccade	n/a	203.9	295.6	n/a	441.2	281.7	9.11	327.0
308.997	0.284	fixation	n/a	447.8	280.0	3216.0	n/a	n/a	n/a	n/a
309.283	0.032	saccade	n/a	449.3	279.7	n/a	517.0	282.6	2.61	163.0
309.317	0.168	fixation	n/a	514.5	282.5	3206.0	n/a	n/a	n/a	n/a
309.487	0.03	saccade	n/a	517.7	283.0	n/a	578.6	286.5	2.34	146.0
309.519	0.218	fixation	n/a	574.4	287.1	3180.0	n/a	n/a	n/a	n/a
309.739	0.072	saccade	n/a	575.6	287.4	n/a	165.9	383.3	15.95	386.0
309.813	0.374	fixation	n/a	163.1	392.1	3137.0	n/a	n/a	n/a	n/a
310.189	0.032	saccade	n/a	164.8	392.6	n/a	251.1	380.3	3.29	188.0
310.223	0.162	fixation	n/a	249.5	379.6	3112.0	n/a	n/a	n/a	n/a
310.387	0.028	saccade	n/a	251.5	380.2	n/a	306.5	367.1	2.16	150.0
310.417	0.204	fixation	n/a	304.3	368.1	3125.0	n/a	n/a	n/a	n/a
310.623	0.03	saccade	n/a	306.2	366.1	n/a	367.0	357.3	2.36	165.0
310.655	0.156	fixation	n/a	364.1	359.8	3128.0	n/a	n/a	n/a	n/a
310.813	0.15	saccade	n/a	365.1	383.7	n/a	465.8	365.1	3.94	810.0
310.849	0.062	blink	n/a	n/a	n/a	n/a	n/a	n/a	n/a	n/a
310.965	0.29	fixation	n/a	463.4	365.8	3070.0	n/a	n/a	n/a	n/a
311.257	0.06	saccade	n/a	462.9	360.7	n/a	175.0	483.3	11.87	393.0
311.319	0.23	fixation	n/a	173.5	492.7	3089.0	n/a	n/a	n/a	n/a
311.551	0.022	saccade	n/a	176.4	495.1	n/a	215.5	478.0	1.59	107.0
311.575	0.11	fixation	n/a	213.3	478.6	3071.0	n/a	n/a	n/a	n/a
311.687	0.028	saccade	n/a	217.7	477.2	n/a	271.7	458.8	2.15	150.0
311.717	0.244	fixation	n/a	269.5	457.0	3106.0	n/a	n/a	n/a	n/a
311.963	0.024	saccade	n/a	273.0	456.1	n/a	317.0	441.7	1.76	119.0
311.989	0.136	fixation	n/a	313.7	440.8	3096.0	n/a	n/a	n/a	n/a
312.127	0.048	saccade	n/a	313.0	437.6	n/a	143.7	188.1	11.54	568.0
312.177	0.208	fixation	n/a	144.5	186.5	3132.0	n/a	n/a	n/a	n/a
312.387	0.03	saccade	n/a	145.3	187.0	n/a	219.9	152.9	3.12	179.0
312.419	0.314	fixation	n/a	217.7	152.0	3248.0	n/a	n/a	n/a	n/a
312.735	0.032	saccade	n/a	218.3	153.0	n/a	298.1	142.8	3.08	206.0
312.769	0.16	fixation	n/a	294.5	143.5	3360.0	n/a	n/a	n/a	n/a
312.931	0.042	saccade	n/a	297.1	145.5	n/a	420.4	138.5	4.76	253.0
312.975	0.106	fixation	n/a	419.7	135.7	3446.0	n/a	n/a	n/a	n/a
313.083	0.13	saccade	n/a	419.3	141.2	n/a	495.3	146.4	2.94	976.0
313.141	0.016	blink	n/a	n/a	n/a	n/a	n/a	n/a	n/a	n/a
313.215	0.194	fixation	n/a	496.4	143.8	3404.0	n/a	n/a	n/a	n/a
313.411	0.03	saccade	n/a	495.9	139.5	n/a	549.3	138.7	2.05	154.0
313.443	0.182	fixation	n/a	541.8	136.9	3432.0	n/a	n/a	n/a	n/a
313.627	0.05	saccade	n/a	542.2	134.0	n/a	430.9	134.8	4.28	317.0
313.679	0.194	fixation	n/a	422.5	136.8	3369.0	n/a	n/a	n/a	n/a
313.824	0.0	trigger_11	11	n/a	n/a	n/a	n/a	n/a	n/a	n/a
313.875	0.058	saccade	n/a	420.5	137.3	n/a	225.2	170.9	7.61	372.0
313.932	0.0	trigger_10	10	n/a	n/a	n/a	n/a	n/a	n/a	n/a
313.935	0.146	fixation	n/a	214.4	177.6	3484.0	n/a	n/a	n/a	n/a
314.083	0.048	saccade	n/a	212.9	179.4	n/a	150.0	185.6	2.39	207.0
314.133	0.214	fixation	n/a	139.5	183.7	3516.0	n/a	n/a	n/a	n/a
314.349	0.034	saccade	n/a	139.6	183.7	n/a	212.3	162.1	2.87	192.0
314.385	0.17	fixation	n/a	210.7	161.1	3504.0	n/a	n/a	n/a	n/a
314.557	0.03	saccade	n/a	213.2	162.5	n/a	271.3	155.5	2.24	168.0
314.589	0.226	fixation	n/a	267.7	151.1	3526.0	n/a	n/a	n/a	n/a
314.817	0.034	saccade	n/a	269.4	151.1	n/a	356.1	136.3	3.38	185.0
314.853	0.17	fixation	n/a	351.5	137.7	3547.0	n/a	n/a	n/a	n/a
315.025	0.136	saccade	n/a	349.5	158.4	n/a	245.3	166.3	4.02	1009.0
315.065	0.026	blink	n/a	n/a	n/a	n/a	n/a	n/a	n/a	n/a
315.163	0.302	fixation	n/a	246.5	160.8	3416.0	n/a	n/a	n/a	n/a
315.467	0.024	saccade	n/a	245.4	156.6	n/a	282.7	149.6	1.46	102.0
315.493	0.046	fixation	n/a	276.3	148.4	3422.0	n/a	n/a	n/a	n/a
315.541	0.03	saccade	n/a	279.0	148.6	n/a	342.3	141.7	2.45	195.0
315.573	0.286	fixation	n/a	341.3	141.2	3443.0	n/a	n/a	n/a	n/a
315.861	0.032	saccade	n/a	343.9	143.5	n/a	414.2	143.6	2.71	186.0
315.895	0.302	fixation	n/a	413.7	143.3	3531.0	n/a	n/a	n/a	n/a
316.199	0.028	saccade	n/a	416.8	145.5	n/a	474.1	134.9	2.25	150.0
316.229	0.16	fixation	n/a	468.0	137.7	3580.0	n/a	n/a	n/a	n/a
316.391	0.028	saccade	n/a	468.3	139.2	n/a	426.1	139.1	1.63	122.0
316.421	0.13	fixation	n/a	431.8	140.9	3586.0	n/a	n/a	n/a	n/a
316.553	0.04	saccade	n/a	432.1	142.0	n/a	559.0	139.1	4.87	242.0
316.595	0.126	fixation	n/a	559.0	136.9	3554.0	n/a	n/a	n/a	n/a
316.723	0.07	saccade	n/a	561.4	139.4	n/a	132.4	225.1	16.56	472.0
316.795	0.216	fixation	n/a	129.7	227.6	3586.0	n/a	n/a	n/a	n/a
317.013	0.126	saccade	n/a	130.8	244.8	n/a	213.4	238.0	3.13	1160.0
317.053	0.022	blink	n/a	n/a	n/a	n/a	n/a	n/a	n/a	n/a
317.141	0.3	fixation	n/a	216.8	230.0	3461.0	n/a	n/a	n/a	n/a
317.443	0.03	saccade	n/a	216.7	227.1	n/a	278.9	221.3	2.39	161.0
317.475	0.216	fixation	n/a	274.5	220.1	3390.0	n/a	n/a	n/a	n/a
317.693	0.03	saccade	n/a	276.7	220.1	n/a	347.0	222.0	2.71	182.0
317.725	0.164	fixation	n/a	343.6	223.5	3410.0	n/a	n/a	n/a	n/a
317.891	0.03	saccade	n/a	347.0	224.1	n/a	409.0	223.9	2.39	162.0
317.923	0.196	fixation	n/a	404.4	223.2	3400.0	n/a	n/a	n/a	n/a
318.121	0.034	saccade	n/a	407.3	221.4	n/a	492.1	215.2	3.28	190.0
318.157	0.236	fixation	n/a	489.2	214.2	3347.0	n/a	n/a	n/a	n/a
318.395	0.036	saccade	n/a	489.1	212.0	n/a	576.4	201.5	3.37	193.0
318.433	0.158	fixation	n/a	573.1	204.1	3345.0	n/a	n/a	n/a	n/a
318.593	0.07	saccade	n/a	572.1	206.7	n/a	142.3	276.6	16.51	441.0
318.665	0.36	fixation	n/a	136.0	287.3	3414.0	n/a	n/a	n/a	n/a
319.027	0.03	saccade	n/a	135.9	289.1	n/a	198.8	288.4	2.37	159.0
319.059	0.262	fixation	n/a	196.5	287.6	3446.0	n/a	n/a	n/a	n/a
319.323	0.038	saccade	n/a	197.3	287.5	n/a	132.4	188.2	4.56	310.0
319.363	0.208	fixation	n/a	133.8	195.3	3416.0	n/a	n/a	n/a	n/a
319.573	0.03	saccade	n/a	135.8	193.5	n/a	199.1	163.5	2.66	176.0
319.605	0.19	fixation	n/a	193.5	167.6	3527.0	n/a	n/a	n/a	n/a
319.797	0.028	saccade	n/a	194.5	167.8	n/a	253.8	150.9	2.36	167.0
319.827	0.102	fixation	n/a	248.5	152.5	3567.0	n/a	n/a	n/a	n/a
319.931	0.14	saccade	n/a	250.1	166.9	n/a	344.0	145.1	3.71	1160.0
319.969	0.042	blink	n/a	n/a	n/a	n/a	n/a	n/a	n/a	n/a
320.073	0.268	fixation	n/a	341.6	139.8	3601.0	n/a	n/a	n/a	n/a
320.343	0.036	saccade	n/a	340.8	139.7	n/a	431.6	132.9	3.52	216.0
320.381	0.336	fixation	n/a	430.2	132.1	3508.0	n/a	n/a	n/a	n/a
320.719	0.038	saccade	n/a	430.9	132.7	n/a	311.6	131.7	4.6	278.0
320.759	0.222	fixation	n/a	312.0	136.1	3527.0	n/a	n/a	n/a	n/a
320.983	0.05	saccade	n/a	311.0	135.2	n/a	217.1	151.6	3.65	249.0
321.035	0.188	fixation	n/a	208.6	155.7	3534.0	n/a	n/a	n/a	n/a
321.225	0.032	saccade	n/a	208.2	155.6	n/a	285.8	137.3	3.05	209.0
321.259	0.146	fixation	n/a	280.5	135.9	3485.0	n/a	n/a	n/a	n/a
321.407	0.032	saccade	n/a	282.5	136.4	n/a	364.2	137.0	3.15	209.0
321.441	0.126	fixation	n/a	361.1	134.0	3499.0	n/a	n/a	n/a	n/a
321.569	0.034	saccade	n/a	363.8	135.3	n/a	461.0	129.9	3.76	226.0
321.605	0.232	fixation	n/a	458.2	129.7	3477.0	n/a	n/a	n/a	n/a
321.839	0.03	saccade	n/a	460.8	131.6	n/a	518.0	125.3	2.22	161.0
321.871	0.116	fixation	n/a	516.8	126.3	3383.0	n/a	n/a	n/a	n/a
321.989	0.064	saccade	n/a	519.6	128.5	n/a	153.2	211.0	14.32	439.0
322.055	0.298	fixation	n/a	147.2	219.9	3298.0	n/a	n/a	n/a	n/a
322.355	0.03	saccade	n/a	146.7	222.9	n/a	219.8	216.5	2.78	184.0
322.387	0.302	fixation	n/a	219.0	216.1	3278.0	n/a	n/a	n/a	n/a
322.691	0.03	saccade	n/a	220.8	219.1	n/a	288.1	210.8	2.6	169.0
322.723	0.402	fixation	n/a	285.4	212.9	3320.0	n/a	n/a	n/a	n/a
323.127	0.034	saccade	n/a	285.0	216.3	n/a	384.8	218.3	3.85	212.0
323.163	0.218	fixation	n/a	381.0	215.8	3395.0	n/a	n/a	n/a	n/a
323.383	0.036	saccade	n/a	383.1	216.9	n/a	480.4	210.1	3.77	198.0
323.421	0.176	fixation	n/a	479.2	209.2	3416.0	n/a	n/a	n/a	n/a
323.599	0.034	saccade	n/a	482.2	210.1	n/a	574.0	202.7	3.54	214.0
323.635	0.11	fixation	n/a	569.9	201.0	3384.0	n/a	n/a	n/a	n/a
323.747	0.08	saccade	n/a	571.1	203.2	n/a	153.0	283.3	16.14	437.0
323.829	0.234	fixation	n/a	144.0	289.8	3353.0	n/a	n/a	n/a	n/a
324.065	0.032	saccade	n/a	145.7	292.5	n/a	221.2	285.3	2.87	200.0
324.099	0.196	fixation	n/a	220.2	287.2	3327.0	n/a	n/a	n/a	n/a
324.297	0.04	saccade	n/a	221.2	287.1	n/a	166.2	164.7	5.19	297.0
324.339	0.41	fixation	n/a	165.4	172.9	3304.0	n/a	n/a	n/a	n/a
324.362	0.0	trigger_11	11	n/a	n/a	n/a	n/a	n/a	n/a	n/a
324.464	0.0	trigger_10	10	n/a	n/a	n/a	n/a	n/a	n/a	n/a
324.751	0.026	saccade	n/a	168.7	174.9	n/a	217.4	156.4	1.98	138.0
324.779	0.164	fixation	n/a	213.1	158.0	3413.0	n/a	n/a	n/a	n/a
324.945	0.024	saccade	n/a	215.8	158.9	n/a	252.5	148.6	1.46	114.0
324.971	0.038	fixation	n/a	247.1	148.1	3412.0	n/a	n/a	n/a	n/a
325.011	0.05	saccade	n/a	247.3	149.4	n/a	152.6	174.9	3.73	286.0
325.063	0.188	fixation	n/a	144.2	177.3	3354.0	n/a	n/a	n/a	n/a
325.253	0.03	saccade	n/a	144.2	177.7	n/a	195.9	164.2	2.02	150.0
325.285	0.136	fixation	n/a	191.7	165.3	3370.0	n/a	n/a	n/a	n/a
325.423	0.118	saccade	n/a	192.1	183.7	n/a	242.8	163.3	2.09	1078.0
325.463	0.01	blink	n/a	n/a	n/a	n/a	n/a	n/a	n/a	n/a
325.543	0.17	fixation	n/a	244.8	162.6	3471.0	n/a	n/a	n/a	n/a
325.715	0.036	saccade	n/a	242.7	159.3	n/a	342.7	150.3	3.86	234.0
325.753	0.338	fixation	n/a	341.7	147.1	3534.0	n/a	n/a	n/a	n/a
326.093	0.03	saccade	n/a	344.7	147.5	n/a	406.5	141.0	2.4	152.0
326.125	0.076	fixation	n/a	400.4	140.3	3517.0	n/a	n/a	n/a	n/a
326.203	0.046	saccade	n/a	400.9	141.4	n/a	335.9	142.1	2.51	227.0
326.251	0.192	fixation	n/a	326.8	144.4	3584.0	n/a	n/a	n/a	n/a
326.445	0.032	saccade	n/a	326.6	146.7	n/a	412.7	145.0	3.32	184.0
326.479	0.336	fixation	n/a	405.8	141.1	3641.0	n/a	n/a	n/a	n/a
326.817	0.032	saccade	n/a	407.0	141.1	n/a	471.3	140.2	2.48	175.0
326.851	0.124	fixation	n/a	466.4	137.7	3586.0	n/a	n/a	n/a	n/a
326.977	0.14	saccade	n/a	464.1	146.4	n/a	442.6	140.8	0.86	1068.0
327.027	0.034	blink	n/a	n/a	n/a	n/a	n/a	n/a	n/a	n/a
327.119	0.296	fixation	n/a	441.9	137.2	3531.0	n/a	n/a	n/a	n/a
327.417	0.1	saccade	n/a	438.1	149.7	n/a	508.4	138.9	2.74	555.0
327.519	0.064	fixation	n/a	508.0	142.5	3308.0	n/a	n/a	n/a	n/a
327.585	0.03	saccade	n/a	505.9	140.4	n/a	433.2	139.5	2.8	197.0
327.617	0.112	fixation	n/a	435.6	140.4	3403.0	n/a	n/a	n/a	n/a
327.731	0.186	saccade	n/a	434.6	153.8	n/a	500.2	137.5	2.61	1082.0
327.767	0.098	blink	n/a	n/a	n/a	n/a	n/a	n/a	n/a	n/a
327.919	0.284	fixation	n/a	500.3	134.1	3365.0	n/a	n/a	n/a	n/a
328.205	0.032	saccade	n/a	497.5	132.3	n/a	563.6	127.3	2.54	178.0
328.239	0.316	fixation	n/a	559.4	125.4	3385.0	n/a	n/a	n/a	n/a
328.557	0.028	saccade	n/a	560.1	127.6	n/a	608.5	127.2	1.84	140.0
328.587	0.16	fixation	n/a	602.4	126.5	3443.0	n/a	n/a	n/a	n/a
328.749	0.074	saccade	n/a	602.7	124.4	n/a	146.3	207.9	17.52	447.0
328.825	0.366	fixation	n/a	138.7	212.6	3529.0	n/a	n/a	n/a	n/a
329.193	0.034	saccade	n/a	137.0	212.2	n/a	224.9	211.1	3.33	218.0
329.229	0.31	fixation	n/a	222.1	211.5	3526.0	n/a	n/a	n/a	n/a
329.541	0.03	saccade	n/a	224.4	213.7	n/a	287.7	209.5	2.43	164.0
329.573	0.302	fixation	n/a	284.3	209.0	3505.0	n/a	n/a	n/a	n/a
329.877	0.018	saccade	n/a	285.4	209.7	n/a	318.5	210.4	1.28	93.0
329.897	0.364	fixation	n/a	312.6	213.5	3439.0	n/a	n/a	n/a	n/a
330.263	0.026	saccade	n/a	315.2	215.8	n/a	366.3	214.4	1.97	137.0
330.291	0.292	fixation	n/a	361.8	215.8	3407.0	n/a	n/a	n/a	n/a
330.585	0.03	saccade	n/a	362.9	216.2	n/a	425.4	210.2	2.42	153.0
330.617	0.312	fixation	n/a	420.1	209.0	3403.0	n/a	n/a	n/a	n/a
330.931	0.032	saccade	n/a	418.4	210.2	n/a	355.1	209.8	2.45	197.0
330.965	0.124	fixation	n/a	354.9	211.2	3457.0	n/a	n/a	n/a	n/a
331.091	0.174	saccade	n/a	352.2	218.4	n/a	404.1	210.7	2.03	965.0
331.143	0.06	blink	n/a	n/a	n/a	n/a	n/a	n/a	n/a	n/a
331.267	0.352	fixation	n/a	402.9	215.0	3427.0	n/a	n/a	n/a	n/a
331.621	0.03	saccade	n/a	403.4	211.3	n/a	462.6	206.8	2.3	159.0
331.653	0.258	fixation	n/a	459.8	205.3	3344.0	n/a	n/a	n/a	n/a
331.913	0.026	saccade	n/a	464.4	204.7	n/a	512.0	208.4	1.84	138.0
331.941	0.386	fixation	n/a	509.4	208.7	3316.0	n/a	n/a	n/a	n/a
332.329	0.066	saccade	n/a	511.1	210.9	n/a	160.9	179.2	13.4	391.0
332.397	0.19	fixation	n/a	162.8	174.3	3297.0	n/a	n/a	n/a	n/a
332.589	0.014	saccade	n/a	157.1	175.5	n/a	140.6	179.4	0.64	53.0
332.605	0.282	fixation	n/a	144.8	178.5	3317.0	n/a	n/a	n/a	n/a
332.889	0.03	saccade	n/a	145.7	176.7	n/a	204.2	155.6	2.36	164.0
332.921	0.152	fixation	n/a	200.3	153.2	3362.0	n/a	n/a	n/a	n/a
333.075	0.014	saccade	n/a	196.4	154.8	n/a	181.0	156.9	0.59	53.0
333.091	0.16	fixation	n/a	186.9	158.7	3383.0	n/a	n/a	n/a	n/a
333.253	0.038	saccade	n/a	187.3	160.2	n/a	292.5	135.2	4.13	241.0
333.293	0.242	fixation	n/a	289.9	135.9	3389.0	n/a	n/a	n/a	n/a
333.537	0.032	saccade	n/a	292.3	137.5	n/a	366.6	131.7	2.87	197.0
333.571	0.062	fixation	n/a	362.0	130.8	3405.0	n/a	n/a	n/a	n/a
333.635	0.17	saccade	n/a	362.2	138.2	n/a	437.5	140.4	2.91	1082.0
333.683	0.064	blink	n/a	n/a	n/a	n/a	n/a	n/a	n/a	n/a
333.807	0.254	fixation	n/a	438.1	134.6	3288.0	n/a	n/a	n/a	n/a
334.063	0.032	saccade	n/a	435.6	131.1	n/a	515.0	130.9	3.06	176.0
334.097	0.218	fixation	n/a	510.9	125.1	3265.0	n/a	n/a	n/a	n/a
334.317	0.03	saccade	n/a	515.3	125.6	n/a	579.9	118.9	2.48	148.0
334.349	0.12	fixation	n/a	576.1	120.4	3177.0	n/a	n/a	n/a	n/a
334.471	0.028	saccade	n/a	575.3	121.0	n/a	534.2	119.2	1.57	128.0
334.501	0.632	fixation	n/a	533.5	126.3	3332.0	n/a	n/a	n/a	n/a
335.135	0.034	saccade	n/a	531.6	134.4	n/a	609.2	131.7	2.96	198.0
335.171	0.18	fixation	n/a	606.5	132.5	3494.0	n/a	n/a	n/a	n/a
335.353	0.074	saccade	n/a	606.5	132.9	n/a	145.1	224.1	17.77	450.0
335.429	0.262	fixation	n/a	140.6	226.0	3622.0	n/a	n/a	n/a	n/a
335.693	0.036	saccade	n/a	139.3	226.4	n/a	242.4	220.5	3.92	242.0
335.731	0.314	fixation	n/a	234.0	219.3	3604.0	n/a	n/a	n/a	n/a
336.047	0.03	saccade	n/a	230.1	216.2	n/a	301.7	213.1	2.75	190.0
336.079	0.236	fixation	n/a	302.0	215.9	3579.0	n/a	n/a	n/a	n/a
336.317	0.026	saccade	n/a	307.1	218.9	n/a	357.5	213.9	1.96	139.0
336.345	0.23	fixation	n/a	354.1	214.8	3559.0	n/a	n/a	n/a	n/a
336.577	0.032	saccade	n/a	356.5	215.9	n/a	427.0	212.1	2.74	178.0
336.611	0.176	fixation	n/a	424.1	211.5	3534.0	n/a	n/a	n/a	n/a
336.789	0.03	saccade	n/a	428.7	213.7	n/a	484.6	210.2	2.17	157.0
336.821	0.288	fixation	n/a	483.0	209.1	3513.0	n/a	n/a	n/a	n/a
337.111	0.058	saccade	n/a	485.2	209.6	n/a	196.1	168.4	11.19	382.0
337.171	0.392	fixation	n/a	190.3	172.6	3513.0	n/a	n/a	n/a	n/a
337.234	0.0	trigger_11	11	n/a	n/a	n/a	n/a	n/a	n/a	n/a
337.338	0.0	trigger_10	10	n/a	n/a	n/a	n/a	n/a	n/a	n/a
337.565	0.026	saccade	n/a	184.4	178.8	n/a	152.8	183.2	1.21	119.0
337.593	0.2	fixation	n/a	152.1	187.8	3679.0	n/a	n/a	n/a	n/a
337.795	0.018	saccade	n/a	153.2	187.8	n/a	181.6	179.4	1.13	87.0
337.815	0.044	fixation	n/a	173.7	177.9	3700.0	n/a	n/a	n/a	n/a
337.861	0.032	saccade	n/a	173.6	177.5	n/a	253.4	159.9	3.13	219.0
337.895	0.188	fixation	n/a	250.7	158.0	3630.0	n/a	n/a	n/a	n/a
338.085	0.03	saccade	n/a	253.1	156.2	n/a	325.1	145.0	2.81	181.0
338.117	0.224	fixation	n/a	321.9	143.4	3632.0	n/a	n/a	n/a	n/a
338.343	0.032	saccade	n/a	323.8	142.0	n/a	404.3	137.7	3.12	168.0
338.377	0.21	fixation	n/a	400.0	137.7	3658.0	n/a	n/a	n/a	n/a
338.589	0.108	saccade	n/a	393.6	162.3	n/a	461.8	163.9	2.64	1141.0
338.627	0.014	blink	n/a	n/a	n/a	n/a	n/a	n/a	n/a	n/a
338.699	0.166	fixation	n/a	462.4	154.4	3559.0	n/a	n/a	n/a	n/a
338.867	0.032	saccade	n/a	465.6	146.9	n/a	539.3	144.2	2.84	171.0
338.901	0.256	fixation	n/a	535.0	144.7	3530.0	n/a	n/a	n/a	n/a
339.159	0.036	saccade	n/a	538.9	144.4	n/a	624.9	146.2	3.28	181.0
339.197	0.15	fixation	n/a	622.9	146.0	3437.0	n/a	n/a	n/a	n/a
339.349	0.078	saccade	n/a	622.8	143.8	n/a	131.7	235.2	18.87	433.0
339.429	0.234	fixation	n/a	128.8	236.9	3522.0	n/a	n/a	n/a	n/a
339.665	0.028	saccade	n/a	129.8	239.2	n/a	178.4	226.4	1.9	151.0
339.695	0.43	fixation	n/a	174.6	227.0	3458.0	n/a	n/a	n/a	n/a
340.127	0.016	saccade	n/a	172.1	227.3	n/a	150.8	227.5	0.81	66.0
340.145	0.422	fixation	n/a	158.5	232.6	3456.0	n/a	n/a	n/a	n/a
340.569	0.034	saccade	n/a	168.3	231.6	n/a	250.9	230.1	3.15	202.0
340.605	0.14	fixation	n/a	247.1	230.0	3494.0	n/a	n/a	n/a	n/a
340.747	0.146	saccade	n/a	247.4	235.2	n/a	341.8	215.0	3.73	1114.0
340.797	0.034	blink	n/a	n/a	n/a	n/a	n/a	n/a	n/a	n/a
340.895	0.266	fixation	n/a	341.8	221.5	3443.0	n/a	n/a	n/a	n/a
341.163	0.034	saccade	n/a	343.2	215.2	n/a	435.6	215.0	3.58	212.0
341.199	0.264	fixation	n/a	434.6	215.4	3375.0	n/a	n/a	n/a	n/a
341.465	0.034	saccade	n/a	437.7	216.6	n/a	514.6	211.2	2.98	183.0
341.501	0.204	fixation	n/a	512.0	210.7	3375.0	n/a	n/a	n/a	n/a
341.707	0.032	saccade	n/a	514.5	210.9	n/a	581.1	205.8	2.57	177.0
341.741	0.324	fixation	n/a	580.1	204.8	3380.0	n/a	n/a	n/a	n/a
342.067	0.034	saccade	n/a	581.5	205.9	n/a	490.2	201.5	3.52	254.0
342.103	0.212	fixation	n/a	491.2	203.3	3440.0	n/a	n/a	n/a	n/a
342.317	0.03	saccade	n/a	491.7	206.9	n/a	550.2	207.6	2.25	155.0
342.349	0.176	fixation	n/a	545.2	211.5	3517.0	n/a	n/a	n/a	n/a
342.527	0.028	saccade	n/a	547.2	215.8	n/a	596.1	214.2	1.87	142.0
342.557	0.156	fixation	n/a	588.1	214.8	3560.0	n/a	n/a	n/a	n/a
342.715	0.072	saccade	n/a	587.1	214.5	n/a	165.0	283.8	16.27	418.0
342.789	0.122	fixation	n/a	162.0	291.2	3637.0	n/a	n/a	n/a	n/a
342.913	0.024	saccade	n/a	157.7	294.4	n/a	123.1	297.8	1.31	109.0
342.939	0.16	fixation	n/a	126.9	299.3	3634.0	n/a	n/a	n/a	n/a
343.101	0.176	saccade	n/a	127.8	309.5	n/a	146.4	212.0	3.84	1088.0
343.147	0.072	blink	n/a	n/a	n/a	n/a	n/a	n/a	n/a	n/a
343.279	0.256	fixation	n/a	148.8	203.0	3412.0	n/a	n/a	n/a	n/a
343.537	0.036	saccade	n/a	144.6	203.9	n/a	250.2	158.3	4.4	292.0
343.575	0.288	fixation	n/a	251.1	155.3	3447.0	n/a	n/a	n/a	n/a
343.865	0.032	saccade	n/a	250.9	153.8	n/a	183.2	165.3	2.63	194.0
343.899	0.222	fixation	n/a	187.8	165.3	3494.0	n/a	n/a	n/a	n/a
344.123	0.03	saccade	n/a	188.9	163.9	n/a	257.5	149.2	2.69	190.0
344.155	0.402	fixation	n/a	249.9	149.6	3521.0	n/a	n/a	n/a	n/a
344.559	0.032	saccade	n/a	249.3	149.9	n/a	330.0	147.4	3.12	199.0
344.593	0.302	fixation	n/a	326.0	144.6	3623.0	n/a	n/a	n/a	n/a
344.897	0.034	saccade	n/a	328.3	146.4	n/a	403.2	140.8	2.91	193.0
344.933	0.23	fixation	n/a	402.4	139.9	3682.0	n/a	n/a	n/a	n/a
345.165	0.028	saccade	n/a	403.5	141.6	n/a	450.2	128.6	1.88	130.0
345.195	0.17	fixation	n/a	446.2	129.9	3653.0	n/a	n/a	n/a	n/a
345.367	0.034	saccade	n/a	449.2	129.2	n/a	531.8	131.0	3.19	182.0
345.403	0.236	fixation	n/a	528.3	129.0	3624.0	n/a	n/a	n/a	n/a
345.641	0.036	saccade	n/a	531.1	128.2	n/a	626.7	132.8	3.65	205.0
345.679	0.186	fixation	n/a	622.3	131.3	3569.0	n/a	n/a	n/a	n/a
345.867	0.074	saccade	n/a	622.3	130.7	n/a	145.0	211.8	18.32	444.0
345.943	0.476	fixation	n/a	137.2	221.5	3432.0	n/a	n/a	n/a	n/a
346.421	0.028	saccade	n/a	138.7	222.3	n/a	181.2	164.4	2.77	152.0
346.451	0.164	fixation	n/a	181.5	170.0	3358.0	n/a	n/a	n/a	n/a
346.617	0.16	saccade	n/a	182.9	187.5	n/a	236.2	168.1	2.17	1170.0
346.655	0.052	blink	n/a	n/a	n/a	n/a	n/a	n/a	n/a	n/a
346.779	0.198	fixation	n/a	243.1	165.5	3385.0	n/a	n/a	n/a	n/a
346.979	0.018	saccade	n/a	245.6	164.6	n/a	274.0	159.2	1.11	82.0
346.999	0.25	fixation	n/a	265.4	152.9	3406.0	n/a	n/a	n/a	n/a
347.251	0.028	saccade	n/a	267.3	147.5	n/a	329.6	140.9	2.41	165.0
347.281	0.238	fixation	n/a	326.4	137.5	3373.0	n/a	n/a	n/a	n/a
347.521	0.032	saccade	n/a	329.8	139.3	n/a	408.7	137.0	3.06	171.0
347.555	0.226	fixation	n/a	405.3	134.3	3410.0	n/a	n/a	n/a	n/a
347.783	0.032	saccade	n/a	407.3	133.1	n/a	468.8	127.7	2.39	158.0
347.817	0.198	fixation	n/a	464.3	128.1	3436.0	n/a	n/a	n/a	n/a
348.017	0.032	saccade	n/a	466.1	130.1	n/a	554.8	125.3	3.42	200.0
348.051	0.202	fixation	n/a	549.6	124.8	3393.0	n/a	n/a	n/a	n/a
348.255	0.03	saccade	n/a	553.2	124.9	n/a	622.9	127.6	2.66	160.0
348.287	0.152	fixation	n/a	619.3	126.8	3331.0	n/a	n/a	n/a	n/a
348.441	0.074	saccade	n/a	619.4	128.8	n/a	158.2	209.4	17.75	444.0
348.517	0.412	fixation	n/a	153.0	216.1	3451.0	n/a	n/a	n/a	n/a
348.931	0.042	saccade	n/a	152.7	216.3	n/a	276.3	203.9	4.73	225.0
348.975	0.404	fixation	n/a	276.0	204.6	3433.0	n/a	n/a	n/a	n/a
349.381	0.036	saccade	n/a	275.9	206.5	n/a	385.0	203.0	4.21	230.0
349.419	0.206	fixation	n/a	382.1	205.5	3357.0	n/a	n/a	n/a	n/a
349.627	0.028	saccade	n/a	385.0	206.9	n/a	442.1	204.8	2.21	159.0
349.657	0.038	fixation	n/a	437.5	204.8	3311.0	n/a	n/a	n/a	n/a
349.697	0.05	saccade	n/a	438.5	205.6	n/a	222.7	159.7	8.51	381.0
349.749	0.308	fixation	n/a	217.2	161.0	3335.0	n/a	n/a	n/a	n/a
350.059	0.042	saccade	n/a	217.7	162.0	n/a	383.5	138.3	6.46	317.0
350.103	0.21	fixation	n/a	387.5	136.8	3390.0	n/a	n/a	n/a	n/a
350.315	0.056	saccade	n/a	388.5	137.3	n/a	239.9	146.8	5.74	353.0
350.373	0.434	fixation	n/a	231.9	151.2	3447.0	n/a	n/a	n/a	n/a
350.809	0.018	saccade	n/a	235.3	153.5	n/a	260.5	148.0	0.99	72.0
350.829	0.358	fixation	n/a	254.2	147.2	3426.0	n/a	n/a	n/a	n/a
351.189	0.03	saccade	n/a	254.2	149.7	n/a	260.9	210.9	2.41	164.0
351.221	0.204	fixation	n/a	262.8	207.0	3448.0	n/a	n/a	n/a	n/a
351.427	0.036	saccade	n/a	265.2	208.8	n/a	365.5	216.4	3.88	236.0
351.465	0.14	fixation	n/a	364.4	216.1	3474.0	n/a	n/a	n/a	n/a
351.607	0.034	saccade	n/a	367.4	216.0	n/a	450.6	209.6	3.23	194.0
351.643	0.206	fixation	n/a	448.8	207.0	3385.0	n/a	n/a	n/a	n/a
351.851	0.036	saccade	n/a	451.6	207.1	n/a	550.1	206.2	3.8	201.0
351.889	0.236	fixation	n/a	549.6	205.8	3298.0	n/a	n/a	n/a	n/a
352.127	0.066	saccade	n/a	551.8	206.8	n/a	147.3	293.2	15.77	459.0
352.195	0.328	fixation	n/a	143.3	302.1	3372.0	n/a	n/a	n/a	n/a
352.525	0.062	saccade	n/a	144.0	307.7	n/a	500.0	210.3	14.08	373.0
352.589	0.148	fixation	n/a	503.5	208.4	3347.0	n/a	n/a	n/a	n/a
352.739	0.032	saccade	n/a	506.1	210.5	n/a	581.0	203.7	2.89	189.0
352.773	0.21	fixation	n/a	576.8	202.5	3413.0	n/a	n/a	n/a	n/a
352.985	0.078	saccade	n/a	577.1	205.6	n/a	119.8	316.3	17.85	397.0
353.065	0.34	fixation	n/a	138.0	302.9	3484.0	n/a	n/a	n/a	n/a
353.396	0.0	trigger_11	11	n/a	n/a	n/a	n/a	n/a	n/a	n/a
353.407	0.03	saccade	n/a	138.2	300.5	n/a	146.3	190.7	4.27	238.0
353.439	0.326	fixation	n/a	150.8	191.8	3432.0	n/a	n/a	n/a	n/a
353.5	0.0	trigger_12	12	n/a	n/a	n/a	n/a	n/a	n/a	n/a
353.767	0.03	saccade	n/a	151.4	191.7	n/a	210.0	163.0	2.49	178.0
353.799	0.182	fixation	n/a	206.0	163.6	3560.0	n/a	n/a	n/a	n/a
353.983	0.03	saccade	n/a	207.4	163.4	n/a	278.6	150.8	2.78	184.0
354.015	0.11	fixation	n/a	274.2	149.7	3488.0	n/a	n/a	n/a	n/a
354.127	0.03	saccade	n/a	276.4	150.2	n/a	343.3	142.8	2.6	172.0
354.159	0.148	fixation	n/a	339.7	143.6	3457.0	n/a	n/a	n/a	n/a
354.309	0.164	saccade	n/a	338.1	152.8	n/a	399.1	156.5	2.37	1163.0
354.357	0.06	blink	n/a	n/a	n/a	n/a	n/a	n/a	n/a	n/a
354.475	0.134	fixation	n/a	402.3	152.4	3499.0	n/a	n/a	n/a	n/a
354.611	0.028	saccade	n/a	405.7	145.8	n/a	466.8	140.3	2.38	162.0
354.641	0.19	fixation	n/a	463.2	139.6	3605.0	n/a	n/a	n/a	n/a
354.833	0.034	saccade	n/a	465.0	142.3	n/a	543.8	143.5	3.04	166.0
354.869	0.222	fixation	n/a	541.6	139.3	3503.0	n/a	n/a	n/a	n/a
355.093	0.064	saccade	n/a	543.7	135.8	n/a	144.4	238.9	15.73	445.0
355.159	0.248	fixation	n/a	142.5	242.6	3526.0	n/a	n/a	n/a	n/a
355.409	0.026	saccade	n/a	146.6	243.4	n/a	199.3	221.0	2.18	140.0
355.437	0.408	fixation	n/a	196.4	218.3	3390.0	n/a	n/a	n/a	n/a
355.847	0.034	saccade	n/a	198.7	218.6	n/a	240.2	154.2	2.97	175.0
355.883	0.286	fixation	n/a	240.5	157.2	3430.0	n/a	n/a	n/a	n/a
355.932	0.0	trigger_13	13	n/a	n/a	n/a	n/a	n/a	n/a	n/a
356.171	0.052	saccade	n/a	242.2	158.0	n/a	152.8	191.8	3.65	272.0
356.225	0.152	fixation	n/a	145.0	199.6	3576.0	n/a	n/a	n/a	n/a
356.379	0.044	saccade	n/a	143.6	200.7	n/a	131.3	244.0	1.74	192.0
356.425	0.292	fixation	n/a	129.8	256.1	3719.0	n/a	n/a	n/a	n/a
356.719	0.026	saccade	n/a	126.1	258.1	n/a	128.2	221.0	1.44	118.0
356.747	0.07	fixation	n/a	124.5	227.7	3748.0	n/a	n/a	n/a	n/a
356.819	0.034	saccade	n/a	123.5	229.4	n/a	165.9	177.3	2.58	181.0
356.855	0.124	fixation	n/a	161.3	178.5	3712.0	n/a	n/a	n/a	n/a
356.981	0.03	saccade	n/a	162.3	177.7	n/a	228.4	160.6	2.6	172.0
357.013	0.134	fixation	n/a	226.4	160.1	3778.0	n/a	n/a	n/a	n/a
357.149	0.038	saccade	n/a	227.5	159.9	n/a	332.6	152.3	4.06	249.0
357.189	0.144	fixation	n/a	334.0	152.8	3847.0	n/a	n/a	n/a	n/a
357.335	0.042	saccade	n/a	338.1	155.1	n/a	476.4	144.2	5.37	285.0
357.379	0.112	fixation	n/a	479.8	141.9	3824.0	n/a	n/a	n/a	n/a
357.493	0.062	saccade	n/a	481.4	141.3	n/a	135.9	232.1	13.63	455.0
357.557	0.296	fixation	n/a	130.3	239.0	3753.0	n/a	n/a	n/a	n/a
357.82	0.0	trigger_15	15	n/a	n/a	n/a	n/a	n/a	n/a	n/a
357.855	0.014	saccade	n/a	123.2	248.4	n/a	116.6	230.2	0.75	60.0
357.871	0.198	fixation	n/a	124.8	224.3	3595.0	n/a	n/a	n/a	n/a
357.874	0.0	trigger_10	10	n/a	n/a	n/a	n/a	n/a	n/a	n/a
358.071	0.028	saccade	n/a	126.0	222.6	n/a	148.7	180.4	1.85	152.0
358.101	0.214	fixation	n/a	149.8	186.4	3565.0	n/a	n/a	n/a	n/a
358.317	0.03	saccade	n/a	152.9	184.4	n/a	213.0	168.5	2.36	160.0
358.349	0.23	fixation	n/a	208.1	166.1	3641.0	n/a	n/a	n/a	n/a
358.581	0.028	saccade	n/a	209.9	164.1	n/a	263.7	155.7	2.09	144.0
358.611	0.176	fixation	n/a	256.6	153.5	3583.0	n/a	n/a	n/a	n/a
358.789	0.04	saccade	n/a	256.0	153.9	n/a	375.4	141.4	4.64	255.0
358.831	0.15	fixation	n/a	373.9	139.1	3555.0	n/a	n/a	n/a	n/a
358.983	0.124	saccade	n/a	373.1	143.7	n/a	438.4	141.7	2.53	1033.0
359.037	0.014	blink	n/a	n/a	n/a	n/a	n/a	n/a	n/a	n/a
359.109	0.216	fixation	n/a	440.0	137.8	3436.0	n/a	n/a	n/a	n/a
359.327	0.03	saccade	n/a	443.3	133.0	n/a	518.7	131.3	2.91	183.0
359.359	0.214	fixation	n/a	515.2	128.3	3388.0	n/a	n/a	n/a	n/a
359.575	0.028	saccade	n/a	518.1	125.6	n/a	579.0	123.2	2.34	156.0
359.605	0.08	fixation	n/a	573.8	123.0	3296.0	n/a	n/a	n/a	n/a
359.687	0.068	saccade	n/a	574.5	123.9	n/a	143.9	218.0	16.75	448.0
359.757	0.224	fixation	n/a	140.3	223.7	3373.0	n/a	n/a	n/a	n/a
359.983	0.036	saccade	n/a	138.4	224.3	n/a	233.1	221.3	3.6	222.0
360.021	0.21	fixation	n/a	232.0	222.1	3327.0	n/a	n/a	n/a	n/a
360.233	0.032	saccade	n/a	235.1	223.8	n/a	316.0	206.9	3.19	201.0
360.267	0.316	fixation	n/a	315.9	207.9	3283.0	n/a	n/a	n/a	n/a
360.585	0.032	saccade	n/a	319.9	208.9	n/a	397.8	211.5	3.02	172.0
360.619	0.264	fixation	n/a	395.5	210.6	3283.0	n/a	n/a	n/a	n/a
360.885	0.034	saccade	n/a	396.8	211.6	n/a	483.1	212.5	3.34	200.0
360.921	0.202	fixation	n/a	480.3	211.1	3326.0	n/a	n/a	n/a	n/a
361.125	0.034	saccade	n/a	483.1	212.4	n/a	570.7	203.9	3.39	157.0
361.161	0.186	fixation	n/a	563.8	202.6	3325.0	n/a	n/a	n/a	n/a
361.349	0.032	saccade	n/a	564.8	201.7	n/a	632.9	199.6	2.6	170.0
361.383	0.104	fixation	n/a	628.9	200.2	3274.0	n/a	n/a	n/a	n/a
361.489	0.076	saccade	n/a	629.1	201.0	n/a	135.6	294.7	18.97	438.0
361.567	0.214	fixation	n/a	131.8	304.2	3319.0	n/a	n/a	n/a	n/a
361.783	0.034	saccade	n/a	130.7	308.4	n/a	221.2	300.9	3.44	211.0
361.819	0.32	fixation	n/a	221.6	302.2	3369.0	n/a	n/a	n/a	n/a
362.141	0.038	saccade	n/a	225.2	302.7	n/a	331.5	298.4	4.08	204.0
362.181	0.25	fixation	n/a	330.5	296.7	3311.0	n/a	n/a	n/a	n/a
362.433	0.032	saccade	n/a	333.5	299.2	n/a	414.4	292.7	3.14	190.0
362.467	0.184	fixation	n/a	411.2	294.5	3357.0	n/a	n/a	n/a	n/a
362.653	0.032	saccade	n/a	414.2	294.4	n/a	478.2	286.2	2.5	176.0
362.687	0.244	fixation	n/a	477.4	287.0	3277.0	n/a	n/a	n/a	n/a
362.764	0.0	trigger_11	11	n/a	n/a	n/a	n/a	n/a	n/a	n/a
362.868	0.0	trigger_10	10	n/a	n/a	n/a	n/a	n/a	n/a	n/a
362.933	0.058	saccade	n/a	477.3	288.3	n/a	248.9	196.1	9.52	405.0
362.993	0.026	fixation	n/a	240.7	191.3	3351.0	n/a	n/a	n/a	n/a
363.021	0.036	saccade	n/a	237.5	190.2	n/a	145.8	180.1	3.51	232.0
363.059	0.246	fixation	n/a	147.6	180.5	3335.0	n/a	n/a	n/a	n/a
363.307	0.028	saccade	n/a	147.9	179.7	n/a	205.2	161.6	2.29	151.0
363.337	0.164	fixation	n/a	201.0	161.4	3385.0	n/a	n/a	n/a	n/a
363.503	0.032	saccade	n/a	203.7	160.5	n/a	287.9	144.5	3.29	205.0
363.537	0.15	fixation	n/a	283.8	144.3	3436.0	n/a	n/a	n/a	n/a
363.689	0.028	saccade	n/a	286.2	144.4	n/a	342.7	135.1	2.22	155.0
363.719	0.168	fixation	n/a	336.8	135.8	3467.0	n/a	n/a	n/a	n/a
363.889	0.032	saccade	n/a	339.8	135.5	n/a	418.3	132.9	3.04	173.0
363.923	0.236	fixation	n/a	413.8	132.5	3477.0	n/a	n/a	n/a	n/a
364.161	0.032	saccade	n/a	416.9	133.7	n/a	499.2	131.6	3.18	164.0
364.195	0.296	fixation	n/a	496.1	129.9	3498.0	n/a	n/a	n/a	n/a
364.493	0.022	saccade	n/a	494.0	129.0	n/a	466.4	123.0	1.09	91.0
364.517	0.042	fixation	n/a	473.1	126.2	3499.0	n/a	n/a	n/a	n/a
364.561	0.032	saccade	n/a	474.2	126.2	n/a	535.9	129.4	2.38	178.0
364.595	0.126	fixation	n/a	534.5	126.6	3447.0	n/a	n/a	n/a	n/a
364.723	0.114	saccade	n/a	531.3	138.9	n/a	584.1	133.9	2.03	776.0
364.779	0.004	blink	n/a	n/a	n/a	n/a	n/a	n/a	n/a	n/a
364.839	0.2	fixation	n/a	582.6	132.8	3375.0	n/a	n/a	n/a	n/a
365.041	0.026	saccade	n/a	584.8	129.6	n/a	630.1	137.3	1.75	132.0
365.069	0.128	fixation	n/a	627.1	133.7	3385.0	n/a	n/a	n/a	n/a
365.199	0.074	saccade	n/a	628.8	132.6	n/a	167.7	209.4	17.72	411.0
365.275	0.232	fixation	n/a	164.3	217.8	3371.0	n/a	n/a	n/a	n/a
365.509	0.024	saccade	n/a	160.4	220.1	n/a	129.2	227.9	1.22	107.0
365.535	0.152	fixation	n/a	132.9	228.5	3353.0	n/a	n/a	n/a	n/a
365.689	0.036	saccade	n/a	132.4	227.7	n/a	228.8	221.2	3.67	213.0
365.727	0.178	fixation	n/a	227.6	220.4	3317.0	n/a	n/a	n/a	n/a
365.907	0.03	saccade	n/a	229.5	220.5	n/a	295.3	210.5	2.56	169.0
365.939	0.102	fixation	n/a	290.0	210.7	3355.0	n/a	n/a	n/a	n/a
366.043	0.03	saccade	n/a	293.4	211.9	n/a	359.2	216.1	2.55	178.0
366.075	0.208	fixation	n/a	357.5	216.0	3344.0	n/a	n/a	n/a	n/a
366.285	0.028	saccade	n/a	360.5	217.9	n/a	417.9	212.3	2.24	155.0
366.315	0.266	fixation	n/a	414.1	210.0	3297.0	n/a	n/a	n/a	n/a
366.583	0.034	saccade	n/a	414.6	208.4	n/a	323.8	206.1	3.51	243.0
366.619	0.256	fixation	n/a	324.7	208.6	3245.0	n/a	n/a	n/a	n/a
366.877	0.04	saccade	n/a	323.4	210.4	n/a	446.8	209.6	4.77	223.0
366.919	0.246	fixation	n/a	445.4	209.6	3306.0	n/a	n/a	n/a	n/a
367.167	0.024	saccade	n/a	449.9	211.1	n/a	508.0	207.2	2.25	132.0
367.193	0.116	fixation	n/a	502.9	207.0	3304.0	n/a	n/a	n/a	n/a
367.311	0.06	saccade	n/a	503.0	207.6	n/a	186.0	156.3	12.31	438.0
367.373	0.18	fixation	n/a	184.4	155.3	3263.0	n/a	n/a	n/a	n/a
367.492	0.0	trigger_11	11	n/a	n/a	n/a	n/a	n/a	n/a	n/a
367.555	0.026	saccade	n/a	184.6	155.5	n/a	230.1	150.9	1.75	135.0
367.583	0.234	fixation	n/a	228.0	150.2	3289.0	n/a	n/a	n/a	n/a
367.596	0.0	trigger_10	10	n/a	n/a	n/a	n/a	n/a	n/a	n/a
367.819	0.052	saccade	n/a	230.5	154.1	n/a	145.6	181.0	3.39	251.0
367.873	0.18	fixation	n/a	137.2	184.1	3471.0	n/a	n/a	n/a	n/a
368.055	0.03	saccade	n/a	136.9	184.1	n/a	213.7	166.4	2.99	179.0
368.087	0.236	fixation	n/a	210.2	162.3	3495.0	n/a	n/a	n/a	n/a
368.325	0.034	saccade	n/a	211.4	162.3	n/a	301.6	144.7	3.53	198.0
368.361	0.11	fixation	n/a	296.7	145.2	3458.0	n/a	n/a	n/a	n/a
368.473	0.142	saccade	n/a	296.3	153.5	n/a	381.8	140.0	3.35	1135.0
368.521	0.034	blink	n/a	n/a	n/a	n/a	n/a	n/a	n/a	n/a
368.617	0.116	fixation	n/a	382.2	137.0	3351.0	n/a	n/a	n/a	n/a
368.735	0.03	saccade	n/a	381.8	134.4	n/a	442.3	131.4	2.35	164.0
368.767	0.232	fixation	n/a	438.8	126.5	3407.0	n/a	n/a	n/a	n/a
369.001	0.028	saccade	n/a	442.5	125.7	n/a	499.0	122.2	2.19	150.0
369.031	0.138	fixation	n/a	494.5	121.6	3322.0	n/a	n/a	n/a	n/a
369.171	0.034	saccade	n/a	494.7	122.0	n/a	402.9	123.5	3.55	242.0
369.207	0.21	fixation	n/a	406.9	125.8	3391.0	n/a	n/a	n/a	n/a
369.419	0.036	saccade	n/a	408.2	125.3	n/a	500.4	123.8	3.57	216.0
369.457	0.208	fixation	n/a	498.2	125.0	3410.0	n/a	n/a	n/a	n/a
369.667	0.032	saccade	n/a	500.4	127.2	n/a	571.0	122.4	2.72	174.0
369.701	0.232	fixation	n/a	566.5	121.7	3410.0	n/a	n/a	n/a	n/a
369.935	0.026	saccade	n/a	568.5	122.0	n/a	609.6	119.9	1.57	123.0
369.963	0.076	fixation	n/a	603.1	120.4	3392.0	n/a	n/a	n/a	n/a
370.041	0.082	saccade	n/a	604.5	119.7	n/a	155.4	213.4	17.39	447.0
370.125	0.258	fixation	n/a	145.3	218.8	3475.0	n/a	n/a	n/a	n/a
370.385	0.032	saccade	n/a	144.1	220.7	n/a	223.1	210.4	3.03	207.0
370.419	0.288	fixation	n/a	218.9	209.7	3384.0	n/a	n/a	n/a	n/a
370.709	0.032	saccade	n/a	220.7	211.4	n/a	298.7	202.1	3.02	189.0
370.743	0.322	fixation	n/a	295.3	204.6	3375.0	n/a	n/a	n/a	n/a
371.067	0.028	saccade	n/a	299.2	207.8	n/a	355.1	204.2	2.17	153.0
371.097	0.246	fixation	n/a	353.8	205.4	3334.0	n/a	n/a	n/a	n/a
371.345	0.024	saccade	n/a	357.7	207.1	n/a	397.3	205.8	1.54	119.0
371.371	0.118	fixation	n/a	392.9	206.2	3339.0	n/a	n/a	n/a	n/a
371.491	0.028	saccade	n/a	394.3	207.2	n/a	453.9	198.7	2.33	154.0
371.521	0.238	fixation	n/a	450.9	201.1	3354.0	n/a	n/a	n/a	n/a
371.761	0.034	saccade	n/a	453.5	200.9	n/a	542.0	196.9	3.42	180.0
371.797	0.29	fixation	n/a	539.7	199.7	3362.0	n/a	n/a	n/a	n/a
372.089	0.036	saccade	n/a	541.0	198.6	n/a	636.1	200.7	3.63	197.0
372.127	0.132	fixation	n/a	634.7	199.7	3284.0	n/a	n/a	n/a	n/a
372.261	0.072	saccade	n/a	635.0	201.0	n/a	195.1	169.8	16.74	448.0
372.335	0.33	fixation	n/a	197.1	166.0	3323.0	n/a	n/a	n/a	n/a
372.667	0.038	saccade	n/a	197.0	164.6	n/a	311.9	140.0	4.51	264.0
372.707	0.266	fixation	n/a	314.5	138.0	3290.0	n/a	n/a	n/a	n/a
372.975	0.038	saccade	n/a	316.5	138.3	n/a	424.1	133.8	4.17	245.0
373.015	0.17	fixation	n/a	423.5	134.3	3346.0	n/a	n/a	n/a	n/a
373.187	0.048	saccade	n/a	424.5	134.9	n/a	215.9	163.7	8.1	341.0
373.237	0.276	fixation	n/a	214.1	167.3	3398.0	n/a	n/a	n/a	n/a
373.238	0.0	trigger_11	11	n/a	n/a	n/a	n/a	n/a	n/a	n/a
373.34	0.0	trigger_12	12	n/a	n/a	n/a	n/a	n/a	n/a	n/a
373.515	0.032	saccade	n/a	212.2	170.2	n/a	154.4	173.1	2.2	192.0
373.549	0.288	fixation	n/a	155.5	173.9	3489.0	n/a	n/a	n/a	n/a
373.839	0.03	saccade	n/a	152.7	171.9	n/a	226.1	152.3	2.89	168.0
373.871	0.124	fixation	n/a	223.5	150.8	3407.0	n/a	n/a	n/a	n/a
373.997	0.106	saccade	n/a	222.2	169.0	n/a	290.2	146.6	2.75	967.0
374.105	0.09	fixation	n/a	289.5	148.3	3349.0	n/a	n/a	n/a	n/a
374.197	0.042	saccade	n/a	287.1	147.3	n/a	146.8	175.4	5.46	299.0
374.241	0.306	fixation	n/a	147.8	173.5	3472.0	n/a	n/a	n/a	n/a
374.549	0.03	saccade	n/a	149.4	175.1	n/a	212.1	162.9	2.43	154.0
374.581	0.118	fixation	n/a	207.0	160.4	3413.0	n/a	n/a	n/a	n/a
374.701	0.032	saccade	n/a	207.8	161.0	n/a	280.8	148.7	2.84	197.0
374.735	0.172	fixation	n/a	278.1	149.6	3435.0	n/a	n/a	n/a	n/a
374.909	0.028	saccade	n/a	280.7	151.0	n/a	338.1	143.2	2.23	146.0
374.939	0.122	fixation	n/a	331.9	143.0	3470.0	n/a	n/a	n/a	n/a
375.063	0.166	saccade	n/a	330.7	151.9	n/a	377.3	150.2	1.8	1056.0
375.109	0.06	blink	n/a	n/a	n/a	n/a	n/a	n/a	n/a	n/a
375.231	0.512	fixation	n/a	379.3	142.2	3362.0	n/a	n/a	n/a	n/a
375.745	0.03	saccade	n/a	379.9	139.2	n/a	452.7	133.3	2.83	176.0
375.777	0.09	fixation	n/a	449.0	133.0	3351.0	n/a	n/a	n/a	n/a
375.869	0.036	saccade	n/a	450.1	134.9	n/a	356.3	133.9	3.62	242.0
375.907	0.334	fixation	n/a	355.4	135.1	3394.0	n/a	n/a	n/a	n/a
376.243	0.028	saccade	n/a	353.5	134.9	n/a	309.0	136.3	1.72	147.0
376.273	0.152	fixation	n/a	312.9	138.6	3429.0	n/a	n/a	n/a	n/a
376.427	0.038	saccade	n/a	314.5	136.7	n/a	433.2	128.3	4.6	236.0
376.467	0.246	fixation	n/a	431.9	127.2	3410.0	n/a	n/a	n/a	n/a
376.715	0.034	saccade	n/a	432.7	126.4	n/a	516.5	123.7	3.23	208.0
376.751	0.198	fixation	n/a	514.3	122.6	3422.0	n/a	n/a	n/a	n/a
376.951	0.03	saccade	n/a	517.7	124.0	n/a	586.2	120.4	2.62	167.0
376.983	0.172	fixation	n/a	581.3	122.1	3430.0	n/a	n/a	n/a	n/a
377.157	0.07	saccade	n/a	581.7	125.1	n/a	171.8	211.1	15.94	430.0
377.229	0.134	fixation	n/a	167.1	218.1	3513.0	n/a	n/a	n/a	n/a
377.365	0.026	saccade	n/a	163.6	221.9	n/a	129.0	227.2	1.32	112.0
377.393	0.172	fixation	n/a	131.8	229.1	3464.0	n/a	n/a	n/a	n/a
377.567	0.036	saccade	n/a	132.6	230.6	n/a	248.4	215.0	4.44	248.0
377.605	0.318	fixation	n/a	248.6	213.5	3435.0	n/a	n/a	n/a	n/a
377.925	0.026	saccade	n/a	255.2	214.0	n/a	306.9	208.6	2.0	135.0
377.953	0.186	fixation	n/a	302.1	209.3	3413.0	n/a	n/a	n/a	n/a
378.141	0.032	saccade	n/a	305.1	210.2	n/a	379.2	209.0	2.87	184.0
378.175	0.216	fixation	n/a	376.9	210.3	3395.0	n/a	n/a	n/a	n/a
378.393	0.034	saccade	n/a	380.2	210.4	n/a	380.7	135.5	2.94	218.0
378.429	0.244	fixation	n/a	380.7	143.2	3451.0	n/a	n/a	n/a	n/a
378.675	0.03	saccade	n/a	381.4	144.5	n/a	447.6	136.7	2.58	164.0
378.707	0.188	fixation	n/a	444.0	137.0	3518.0	n/a	n/a	n/a	n/a
378.897	0.052	saccade	n/a	446.4	136.1	n/a	191.0	173.2	9.91	375.0
378.951	0.674	fixation	n/a	197.2	165.6	3566.0	n/a	n/a	n/a	n/a
379.342	0.0	trigger_13	13	n/a	n/a	n/a	n/a	n/a	n/a	n/a
379.627	0.03	saccade	n/a	195.0	166.8	n/a	150.7	186.6	1.85	160.0
379.659	0.192	fixation	n/a	149.6	186.0	3637.0	n/a	n/a	n/a	n/a
379.853	0.046	saccade	n/a	147.5	187.5	n/a	145.1	242.4	2.13	227.0
379.901	0.258	fixation	n/a	145.2	254.2	3765.0	n/a	n/a	n/a	n/a
380.161	0.048	saccade	n/a	145.3	256.1	n/a	147.0	344.1	3.4	282.0
380.211	0.196	fixation	n/a	148.8	356.4	3671.0	n/a	n/a	n/a	n/a
380.409	0.032	saccade	n/a	148.9	357.0	n/a	159.4	277.6	3.09	192.0
380.443	0.052	fixation	n/a	157.7	282.2	3578.0	n/a	n/a	n/a	n/a
380.497	0.032	saccade	n/a	156.4	279.6	n/a	156.5	210.0	2.7	199.0
380.531	0.166	fixation	n/a	156.0	215.8	3504.0	n/a	n/a	n/a	n/a
380.699	0.024	saccade	n/a	155.9	214.2	n/a	126.8	224.4	1.17	100.0
380.725	0.206	fixation	n/a	131.2	224.2	3501.0	n/a	n/a	n/a	n/a
380.933	0.03	saccade	n/a	130.4	223.6	n/a	161.0	176.8	2.15	146.0
380.965	0.122	fixation	n/a	159.4	183.6	3648.0	n/a	n/a	n/a	n/a
381.089	0.03	saccade	n/a	163.5	183.7	n/a	222.8	163.7	2.39	166.0
381.121	0.168	fixation	n/a	220.4	162.8	3711.0	n/a	n/a	n/a	n/a
381.291	0.038	saccade	n/a	222.6	162.0	n/a	337.1	146.1	4.44	265.0
381.331	0.12	fixation	n/a	337.5	145.4	3676.0	n/a	n/a	n/a	n/a
381.453	0.058	saccade	n/a	340.6	144.8	n/a	158.2	208.1	7.39	405.0
381.513	0.494	fixation	n/a	144.6	219.3	3719.0	n/a	n/a	n/a	n/a
381.718	0.0	trigger_15	15	n/a	n/a	n/a	n/a	n/a	n/a	n/a
381.77	0.0	trigger_20	20	n/a	n/a	n/a	n/a	n/a	n/a	n/a
382.009	0.022	saccade	n/a	132.0	231.1	n/a	122.9	198.2	1.32	72.0
382.033	0.034	fixation	n/a	128.7	190.5	3601.0	n/a	n/a	n/a	n/a
382.069	0.014	saccade	n/a	132.8	188.3	n/a	141.6	171.3	0.74	66.0
382.085	0.142	fixation	n/a	149.6	174.8	3633.0	n/a	n/a	n/a	n/a
382.229	0.042	saccade	n/a	155.1	179.9	n/a	221.3	741.5	20.72	1010.0
