onset	duration	trial_type	value	gaze_x	gaze_y	pupil_size	sacc_endx	sacc_endy	sacc_amplitude	sacc_peakvel
0.04	0.034	fixation	n/a	376.7	292.2	3409.0	n/a	n/a	n/a	n/a
0.076	0.046	saccade	n/a	375.8	290.2	n/a	197.0	181.9	8.18	367.0
0.086	0.0	trigger_92	92	n/a	n/a	n/a	n/a	n/a	n/a	n/a
0.124	0.498	fixation	n/a	193.6	186.4	3412.0	n/a	n/a	n/a	n/a
0.624	0.034	saccade	n/a	195.1	185.4	n/a	266.3	110.7	4.04	162.0
0.66	0.478	fixation	n/a	261.8	110.6	3446.0	n/a	n/a	n/a	n/a
1.14	0.028	saccade	n/a	262.2	119.4	n/a	313.4	66.3	2.89	145.0
1.17	0.236	fixation	n/a	311.3	69.0	3495.0	n/a	n/a	n/a	n/a
1.408	0.048	saccade	n/a	309.4	71.1	n/a	118.9	-6.6	7.87	308.0
1.458	0.164	fixation	n/a	118.2	0.0	3516.0	n/a	n/a	n/a	n/a
1.624	0.302	saccade	n/a	114.4	11.5	n/a	182.4	157.3	6.21	852.0
1.674	0.182	blink	n/a	n/a	n/a	n/a	n/a	n/a	n/a	n/a
1.928	0.338	fixation	n/a	186.0	156.0	3771.0	n/a	n/a	n/a	n/a
2.094	0.0	trigger_10	10	n/a	n/a	n/a	n/a	n/a	n/a	n/a
2.268	0.028	saccade	n/a	187.1	156.8	n/a	137.0	149.5	1.93	154.0
2.298	0.24	fixation	n/a	145.3	153.4	3572.0	n/a	n/a	n/a	n/a
2.54	0.026	saccade	n/a	149.6	154.1	n/a	205.3	145.6	2.16	127.0
2.568	0.21	fixation	n/a	202.8	143.3	3548.0	n/a	n/a	n/a	n/a
2.78	0.032	saccade	n/a	202.9	144.8	n/a	132.3	159.7	2.76	194.0
2.814	0.186	fixation	n/a	135.7	161.8	3540.0	n/a	n/a	n/a	n/a
3.002	0.026	saccade	n/a	139.1	161.1	n/a	195.3	152.0	2.18	140.0
3.03	0.19	fixation	n/a	192.6	151.9	3536.0	n/a	n/a	n/a	n/a
3.222	0.028	saccade	n/a	196.5	148.5	n/a	265.2	137.0	2.7	167.0
3.252	0.204	fixation	n/a	262.5	135.0	3639.0	n/a	n/a	n/a	n/a
3.458	0.032	saccade	n/a	264.2	134.3	n/a	350.7	129.2	3.38	193.0
3.492	0.364	fixation	n/a	348.3	128.1	3632.0	n/a	n/a	n/a	n/a
3.858	0.032	saccade	n/a	350.9	131.2	n/a	433.5	130.7	3.24	190.0
3.892	0.184	fixation	n/a	429.0	138.4	3695.0	n/a	n/a	n/a	n/a
4.078	0.032	saccade	n/a	430.3	142.2	n/a	508.7	137.1	3.08	182.0
4.112	0.294	fixation	n/a	503.8	137.9	3697.0	n/a	n/a	n/a	n/a
4.408	0.034	saccade	n/a	503.0	137.2	n/a	582.9	126.4	3.13	181.0
4.444	0.188	fixation	n/a	579.6	126.5	3593.0	n/a	n/a	n/a	n/a
4.634	0.068	saccade	n/a	580.6	124.9	n/a	172.9	183.6	15.88	450.0
4.704	0.124	fixation	n/a	170.1	189.5	3627.0	n/a	n/a	n/a	n/a
4.83	0.02	saccade	n/a	167.4	192.7	n/a	137.8	206.3	1.25	88.0
4.852	0.182	fixation	n/a	139.5	206.9	3575.0	n/a	n/a	n/a	n/a
5.036	0.028	saccade	n/a	142.0	207.4	n/a	205.1	207.8	2.42	157.0
5.066	0.116	fixation	n/a	202.8	207.3	3499.0	n/a	n/a	n/a	n/a
5.184	0.03	saccade	n/a	204.9	208.1	n/a	262.0	217.4	2.25	151.0
5.216	0.164	fixation	n/a	261.7	217.1	3469.0	n/a	n/a	n/a	n/a
5.382	0.038	saccade	n/a	261.8	216.2	n/a	148.2	157.5	4.96	265.0
5.422	0.226	fixation	n/a	154.6	166.1	3401.0	n/a	n/a	n/a	n/a
5.65	0.032	saccade	n/a	158.1	162.4	n/a	235.8	142.9	3.09	171.0
5.684	0.288	fixation	n/a	232.4	143.0	3425.0	n/a	n/a	n/a	n/a
5.974	0.034	saccade	n/a	230.4	147.4	n/a	169.9	194.4	2.98	171.0
6.01	0.29	fixation	n/a	171.4	194.7	3542.0	n/a	n/a	n/a	n/a
6.302	0.158	saccade	n/a	170.2	199.9	n/a	552.2	178.7	14.8	844.0
6.356	0.004	blink	n/a	n/a	n/a	n/a	n/a	n/a	n/a	n/a
6.462	0.122	fixation	n/a	547.5	174.3	3477.0	n/a	n/a	n/a	n/a
6.586	0.028	saccade	n/a	546.5	171.1	n/a	588.1	130.8	2.27	142.0
6.616	0.106	fixation	n/a	583.9	128.9	3479.0	n/a	n/a	n/a	n/a
6.724	0.032	saccade	n/a	583.1	129.5	n/a	504.6	128.6	3.05	225.0
6.758	0.254	fixation	n/a	506.3	128.1	3365.0	n/a	n/a	n/a	n/a
7.014	0.034	saccade	n/a	507.5	126.8	n/a	594.7	116.5	3.4	175.0
7.05	0.282	fixation	n/a	592.8	115.6	3326.0	n/a	n/a	n/a	n/a
7.334	0.07	saccade	n/a	593.1	115.9	n/a	170.8	189.3	16.5	405.0
7.406	0.52	fixation	n/a	168.2	198.6	3326.0	n/a	n/a	n/a	n/a
7.656	0.0	trigger_11	11	n/a	n/a	n/a	n/a	n/a	n/a	n/a
7.764	0.0	trigger_10	10	n/a	n/a	n/a	n/a	n/a	n/a	n/a
7.928	0.03	saccade	n/a	168.5	201.0	n/a	151.6	151.7	2.04	150.0
7.96	0.214	fixation	n/a	150.7	159.0	3389.0	n/a	n/a	n/a	n/a
8.176	0.026	saccade	n/a	152.1	157.0	n/a	205.7	142.9	2.13	136.0
8.204	0.17	fixation	n/a	201.8	138.9	3428.0	n/a	n/a	n/a	n/a
8.376	0.03	saccade	n/a	202.5	138.6	n/a	271.8	130.1	2.71	173.0
8.408	0.312	fixation	n/a	270.0	130.1	3396.0	n/a	n/a	n/a	n/a
8.722	0.02	saccade	n/a	273.2	129.6	n/a	304.6	125.0	1.24	88.0
8.744	0.076	fixation	n/a	300.8	124.6	3395.0	n/a	n/a	n/a	n/a
8.822	0.028	saccade	n/a	300.5	124.0	n/a	244.9	126.4	2.17	150.0
8.852	0.336	fixation	n/a	245.2	129.6	3416.0	n/a	n/a	n/a	n/a
9.19	0.032	saccade	n/a	241.8	132.6	n/a	170.4	151.5	2.85	173.0
9.224	0.348	fixation	n/a	174.9	158.7	3498.0	n/a	n/a	n/a	n/a
9.574	0.132	saccade	n/a	174.3	173.8	n/a	227.3	152.8	2.21	972.0
9.612	0.032	blink	n/a	n/a	n/a	n/a	n/a	n/a	n/a	n/a
9.708	0.198	fixation	n/a	231.9	149.3	3585.0	n/a	n/a	n/a	n/a
9.908	0.034	saccade	n/a	234.9	141.0	n/a	333.8	134.6	3.86	212.0
9.944	0.404	fixation	n/a	331.7	130.2	3621.0	n/a	n/a	n/a	n/a
10.35	0.026	saccade	n/a	336.5	128.7	n/a	397.8	128.8	2.4	138.0
10.378	0.206	fixation	n/a	393.0	130.3	3612.0	n/a	n/a	n/a	n/a
10.586	0.034	saccade	n/a	395.3	132.3	n/a	483.0	127.2	3.44	197.0
10.622	0.464	fixation	n/a	481.0	127.8	3491.0	n/a	n/a	n/a	n/a
11.088	0.03	saccade	n/a	483.7	127.6	n/a	560.5	119.8	3.0	164.0
11.12	0.08	fixation	n/a	556.1	119.8	3493.0	n/a	n/a	n/a	n/a
11.202	0.06	saccade	n/a	556.3	120.6	n/a	220.5	124.9	13.02	406.0
11.264	0.204	fixation	n/a	218.4	129.4	3518.0	n/a	n/a	n/a	n/a
11.47	0.024	saccade	n/a	220.0	128.1	n/a	271.5	133.0	2.01	131.0
11.496	0.176	fixation	n/a	269.5	130.2	3502.0	n/a	n/a	n/a	n/a
11.674	0.036	saccade	n/a	268.7	131.0	n/a	362.5	134.1	3.67	212.0
11.712	0.388	fixation	n/a	359.9	134.9	3509.0	n/a	n/a	n/a	n/a
12.102	0.05	saccade	n/a	360.2	135.9	n/a	155.4	196.8	8.29	346.0
12.154	0.438	fixation	n/a	149.5	200.5	3511.0	n/a	n/a	n/a	n/a
12.594	0.064	saccade	n/a	147.1	203.1	n/a	555.9	125.1	16.05	406.0
12.66	0.144	fixation	n/a	556.7	122.7	3402.0	n/a	n/a	n/a	n/a
12.806	0.064	saccade	n/a	556.6	123.1	n/a	172.2	201.2	15.16	402.0
12.872	0.2	fixation	n/a	172.8	205.9	3515.0	n/a	n/a	n/a	n/a
13.074	0.034	saccade	n/a	173.6	207.2	n/a	252.2	206.3	3.04	164.0
13.11	0.194	fixation	n/a	248.3	208.0	3466.0	n/a	n/a	n/a	n/a
13.306	0.034	saccade	n/a	250.4	207.6	n/a	337.9	210.6	3.42	206.0
13.342	0.354	fixation	n/a	335.8	212.4	3411.0	n/a	n/a	n/a	n/a
13.698	0.048	saccade	n/a	329.1	224.3	n/a	165.9	167.9	6.71	218.0
13.748	0.682	fixation	n/a	169.9	158.5	3394.0	n/a	n/a	n/a	n/a
13.858	0.0	trigger_11	11	n/a	n/a	n/a	n/a	n/a	n/a	n/a
13.964	0.0	trigger_10	10	n/a	n/a	n/a	n/a	n/a	n/a	n/a
14.432	0.014	saccade	n/a	165.3	158.2	n/a	147.5	153.4	0.71	61.0
14.448	0.11	fixation	n/a	150.4	158.2	3470.0	n/a	n/a	n/a	n/a
14.56	0.036	saccade	n/a	150.6	157.8	n/a	248.6	134.7	3.89	202.0
14.598	0.156	fixation	n/a	244.4	132.6	3486.0	n/a	n/a	n/a	n/a
14.756	0.034	saccade	n/a	243.4	131.9	n/a	168.9	148.1	2.95	188.0
14.792	0.074	fixation	n/a	171.9	150.0	3581.0	n/a	n/a	n/a	n/a
14.868	0.034	saccade	n/a	172.9	150.4	n/a	268.2	137.0	3.72	225.0
14.904	0.146	fixation	n/a	266.5	139.9	3689.0	n/a	n/a	n/a	n/a
15.052	0.136	saccade	n/a	263.8	145.2	n/a	386.9	157.7	4.83	1063.0
15.098	0.038	blink	n/a	n/a	n/a	n/a	n/a	n/a	n/a	n/a
15.19	0.232	fixation	n/a	387.2	145.2	3741.0	n/a	n/a	n/a	n/a
15.424	0.028	saccade	n/a	387.0	136.5	n/a	448.0	133.9	2.39	146.0
15.454	0.218	fixation	n/a	444.5	132.9	3652.0	n/a	n/a	n/a	n/a
15.674	0.028	saccade	n/a	448.2	132.5	n/a	512.0	127.7	2.5	155.0
15.704	0.318	fixation	n/a	507.0	129.0	3507.0	n/a	n/a	n/a	n/a
16.024	0.028	saccade	n/a	508.5	128.6	n/a	568.8	118.7	2.37	135.0
16.054	0.224	fixation	n/a	565.4	118.7	3460.0	n/a	n/a	n/a	n/a
16.28	0.066	saccade	n/a	568.2	116.5	n/a	137.5	186.6	16.76	450.0
16.348	0.286	fixation	n/a	134.3	195.1	3487.0	n/a	n/a	n/a	n/a
16.636	0.03	saccade	n/a	134.1	194.6	n/a	194.7	202.8	2.35	144.0
16.668	0.212	fixation	n/a	191.1	199.9	3512.0	n/a	n/a	n/a	n/a
16.882	0.028	saccade	n/a	191.2	198.8	n/a	260.1	202.4	2.67	158.0
16.912	0.208	fixation	n/a	257.3	203.0	3576.0	n/a	n/a	n/a	n/a
17.122	0.032	saccade	n/a	260.0	202.2	n/a	334.6	210.9	2.93	170.0
17.156	0.222	fixation	n/a	331.8	209.9	3614.0	n/a	n/a	n/a	n/a
17.38	0.032	saccade	n/a	334.2	211.8	n/a	420.8	215.6	3.41	168.0
17.414	0.15	fixation	n/a	418.4	217.2	3637.0	n/a	n/a	n/a	n/a
17.566	0.146	saccade	n/a	416.3	220.9	n/a	425.3	223.7	0.37	714.0
17.626	0.032	blink	n/a	n/a	n/a	n/a	n/a	n/a	n/a	n/a
17.714	0.02	fixation	n/a	425.9	221.4	3444.0	n/a	n/a	n/a	n/a
17.736	0.034	saccade	n/a	425.5	220.1	n/a	335.4	216.4	3.54	220.0
17.772	0.24	fixation	n/a	339.0	210.2	3526.0	n/a	n/a	n/a	n/a
18.014	0.038	saccade	n/a	339.8	206.1	n/a	439.4	220.6	3.95	195.0
18.054	0.258	fixation	n/a	437.7	220.9	3371.0	n/a	n/a	n/a	n/a
18.314	0.024	saccade	n/a	440.1	223.1	n/a	486.8	214.4	1.86	116.0
18.34	0.218	fixation	n/a	483.9	210.9	3300.0	n/a	n/a	n/a	n/a
18.56	0.028	saccade	n/a	486.4	207.1	n/a	555.8	197.9	2.74	155.0
18.59	0.32	fixation	n/a	552.7	197.8	3220.0	n/a	n/a	n/a	n/a
18.912	0.03	saccade	n/a	553.5	200.1	n/a	619.6	202.3	2.56	147.0
18.944	0.264	fixation	n/a	616.4	203.7	3197.0	n/a	n/a	n/a	n/a
19.21	0.072	saccade	n/a	614.1	206.2	n/a	145.3	261.5	18.09	431.0
19.284	0.4	fixation	n/a	141.9	268.1	3304.0	n/a	n/a	n/a	n/a
19.686	0.028	saccade	n/a	143.6	272.6	n/a	218.3	287.0	2.93	164.0
19.716	0.262	fixation	n/a	218.6	290.3	3223.0	n/a	n/a	n/a	n/a
19.98	0.03	saccade	n/a	221.0	293.9	n/a	292.7	302.5	2.81	162.0
20.012	0.226	fixation	n/a	291.3	301.5	3229.0	n/a	n/a	n/a	n/a
20.24	0.03	saccade	n/a	293.9	305.0	n/a	360.7	303.5	2.62	151.0
20.272	0.262	fixation	n/a	357.3	305.8	3191.0	n/a	n/a	n/a	n/a
20.536	0.02	saccade	n/a	359.2	306.1	n/a	392.2	304.8	1.3	88.0
20.558	0.108	fixation	n/a	389.5	304.4	3166.0	n/a	n/a	n/a	n/a
20.668	0.022	saccade	n/a	392.4	304.8	n/a	440.3	303.3	1.88	119.0
20.692	0.116	fixation	n/a	440.1	304.1	3145.0	n/a	n/a	n/a	n/a
20.81	0.03	saccade	n/a	441.0	304.8	n/a	509.4	300.2	2.68	160.0
20.842	0.432	fixation	n/a	506.6	303.1	3186.0	n/a	n/a	n/a	n/a
21.276	0.026	saccade	n/a	508.4	305.1	n/a	564.5	299.7	2.19	128.0
21.304	0.126	fixation	n/a	561.6	301.4	3202.0	n/a	n/a	n/a	n/a
21.432	0.068	saccade	n/a	560.1	301.9	n/a	144.9	363.5	16.12	402.0
21.502	0.288	fixation	n/a	146.2	369.1	3298.0	n/a	n/a	n/a	n/a
21.792	0.024	saccade	n/a	146.3	369.9	n/a	197.9	369.0	1.97	123.0
21.818	0.292	fixation	n/a	193.9	367.5	3239.0	n/a	n/a	n/a	n/a
22.112	0.026	saccade	n/a	184.9	365.0	n/a	138.4	366.9	1.78	128.0
22.14	0.18	fixation	n/a	140.6	366.6	3241.0	n/a	n/a	n/a	n/a
22.322	0.03	saccade	n/a	141.9	368.2	n/a	222.5	376.0	3.1	170.0
22.354	0.11	fixation	n/a	221.3	376.6	3241.0	n/a	n/a	n/a	n/a
22.466	0.18	saccade	n/a	221.5	382.5	n/a	308.3	389.0	3.37	532.0
22.51	0.032	blink	n/a	n/a	n/a	n/a	n/a	n/a	n/a	n/a
22.648	0.154	fixation	n/a	303.9	385.1	3204.0	n/a	n/a	n/a	n/a
22.804	0.026	saccade	n/a	306.5	380.7	n/a	365.6	379.2	2.3	146.0
22.832	0.214	fixation	n/a	359.3	377.3	3312.0	n/a	n/a	n/a	n/a
23.048	0.044	saccade	n/a	359.8	377.3	n/a	509.7	304.8	6.52	282.0
23.094	0.226	fixation	n/a	509.9	305.9	3209.0	n/a	n/a	n/a	n/a
23.322	0.056	saccade	n/a	509.9	303.0	n/a	250.1	137.2	12.07	418.0
23.38	0.222	fixation	n/a	246.4	145.7	3245.0	n/a	n/a	n/a	n/a
23.604	0.026	saccade	n/a	241.4	148.3	n/a	190.5	154.4	1.99	136.0
23.632	0.166	fixation	n/a	192.2	159.7	3249.0	n/a	n/a	n/a	n/a
23.8	0.022	saccade	n/a	189.8	163.8	n/a	152.8	171.3	1.45	102.0
23.824	0.2	fixation	n/a	155.7	173.5	3290.0	n/a	n/a	n/a	n/a
24.026	0.028	saccade	n/a	158.3	170.5	n/a	235.2	152.0	3.06	157.0
24.056	0.154	fixation	n/a	236.9	148.3	3352.0	n/a	n/a	n/a	n/a
24.212	0.03	saccade	n/a	238.5	144.5	n/a	315.4	146.4	3.0	184.0
24.244	0.202	fixation	n/a	311.5	141.9	3368.0	n/a	n/a	n/a	n/a
24.448	0.038	saccade	n/a	313.8	141.9	n/a	426.7	143.2	4.43	218.0
24.488	0.35	fixation	n/a	424.5	144.1	3361.0	n/a	n/a	n/a	n/a
24.84	0.028	saccade	n/a	425.9	146.7	n/a	377.5	143.0	1.91	143.0
24.87	0.138	fixation	n/a	380.5	144.0	3399.0	n/a	n/a	n/a	n/a
25.01	0.038	saccade	n/a	382.0	143.4	n/a	499.5	130.8	4.63	231.0
25.05	0.252	fixation	n/a	497.1	132.1	3387.0	n/a	n/a	n/a	n/a
25.304	0.02	saccade	n/a	498.3	134.6	n/a	531.7	127.8	1.33	91.0
25.326	0.188	fixation	n/a	527.9	128.4	3423.0	n/a	n/a	n/a	n/a
25.516	0.026	saccade	n/a	528.9	129.5	n/a	587.5	131.0	2.27	141.0
25.544	0.104	fixation	n/a	584.0	128.2	3400.0	n/a	n/a	n/a	n/a
25.65	0.074	saccade	n/a	583.1	125.4	n/a	126.6	201.7	17.75	422.0
25.726	0.27	fixation	n/a	127.8	208.0	3475.0	n/a	n/a	n/a	n/a
25.998	0.022	saccade	n/a	129.9	210.3	n/a	170.9	207.4	1.57	107.0
26.022	0.132	fixation	n/a	166.2	208.9	3427.0	n/a	n/a	n/a	n/a
26.156	0.056	saccade	n/a	162.8	226.6	n/a	250.1	222.4	3.37	371.0
26.214	0.192	fixation	n/a	253.9	215.4	3372.0	n/a	n/a	n/a	n/a
26.408	0.034	saccade	n/a	255.4	211.6	n/a	347.6	222.2	3.64	201.0
26.444	0.178	fixation	n/a	344.3	220.5	3430.0	n/a	n/a	n/a	n/a
26.624	0.032	saccade	n/a	346.8	220.3	n/a	433.6	220.4	3.41	196.0
26.658	0.216	fixation	n/a	432.6	222.8	3389.0	n/a	n/a	n/a	n/a
26.876	0.132	saccade	n/a	426.1	245.2	n/a	466.6	217.0	1.95	778.0
26.916	0.04	blink	n/a	n/a	n/a	n/a	n/a	n/a	n/a	n/a
27.01	0.066	fixation	n/a	467.2	213.2	3219.0	n/a	n/a	n/a	n/a
27.078	0.038	saccade	n/a	465.6	210.1	n/a	325.3	210.1	5.5	298.0
27.118	0.292	fixation	n/a	325.1	211.9	3353.0	n/a	n/a	n/a	n/a
27.412	0.042	saccade	n/a	324.2	211.4	n/a	467.7	215.3	5.63	249.0
27.456	0.208	fixation	n/a	468.9	214.0	3261.0	n/a	n/a	n/a	n/a
27.666	0.028	saccade	n/a	471.7	214.5	n/a	533.0	206.9	2.41	154.0
27.696	0.12	fixation	n/a	528.6	209.7	3286.0	n/a	n/a	n/a	n/a
27.818	0.032	saccade	n/a	530.6	208.9	n/a	611.9	196.6	3.19	175.0
27.852	0.182	fixation	n/a	608.9	197.4	3270.0	n/a	n/a	n/a	n/a
28.036	0.078	saccade	n/a	608.7	198.1	n/a	101.3	270.0	19.57	433.0
28.116	0.236	fixation	n/a	98.9	275.1	3358.0	n/a	n/a	n/a	n/a
28.354	0.028	saccade	n/a	100.7	277.5	n/a	162.3	282.1	2.35	172.0
28.384	0.18	fixation	n/a	161.2	281.9	3319.0	n/a	n/a	n/a	n/a
28.566	0.03	saccade	n/a	164.9	283.2	n/a	240.5	306.7	3.06	177.0
28.598	0.218	fixation	n/a	240.0	305.3	3274.0	n/a	n/a	n/a	n/a
28.818	0.024	saccade	n/a	241.7	307.7	n/a	286.5	303.1	1.76	112.0
28.844	0.352	fixation	n/a	285.0	305.2	3251.0	n/a	n/a	n/a	n/a
29.198	0.028	saccade	n/a	287.5	305.2	n/a	352.8	308.9	2.56	149.0
29.228	0.232	fixation	n/a	347.9	309.3	3279.0	n/a	n/a	n/a	n/a
29.462	0.148	saccade	n/a	345.6	319.6	n/a	397.2	314.6	2.03	679.0
29.504	0.054	blink	n/a	n/a	n/a	n/a	n/a	n/a	n/a	n/a
29.612	0.172	fixation	n/a	396.8	313.5	3199.0	n/a	n/a	n/a	n/a
29.786	0.034	saccade	n/a	398.6	305.1	n/a	491.0	308.0	3.62	184.0
29.822	0.262	fixation	n/a	487.2	310.8	3314.0	n/a	n/a	n/a	n/a
30.086	0.03	saccade	n/a	489.7	314.2	n/a	562.0	312.3	2.81	151.0
30.118	0.09	fixation	n/a	559.5	311.3	3302.0	n/a	n/a	n/a	n/a
30.21	0.064	saccade	n/a	559.4	313.0	n/a	151.2	365.2	15.8	436.0
30.276	0.312	fixation	n/a	150.1	368.1	3347.0	n/a	n/a	n/a	n/a
30.59	0.024	saccade	n/a	150.1	368.4	n/a	199.2	371.4	1.88	116.0
30.616	0.156	fixation	n/a	196.1	370.6	3300.0	n/a	n/a	n/a	n/a
30.774	0.034	saccade	n/a	197.3	370.7	n/a	291.2	380.7	3.65	199.0
30.81	0.152	fixation	n/a	289.7	380.0	3259.0	n/a	n/a	n/a	n/a
30.964	0.032	saccade	n/a	290.2	379.5	n/a	363.2	371.1	2.87	173.0
30.998	0.172	fixation	n/a	359.8	370.1	3270.0	n/a	n/a	n/a	n/a
31.172	0.05	saccade	n/a	360.5	368.7	n/a	254.2	129.0	10.34	445.0
31.198	0.0	trigger_11	11	n/a	n/a	n/a	n/a	n/a	n/a	n/a
31.224	0.294	fixation	n/a	249.3	135.6	3302.0	n/a	n/a	n/a	n/a
31.3	0.0	trigger_10	10	n/a	n/a	n/a	n/a	n/a	n/a	n/a
31.52	0.032	saccade	n/a	245.0	139.4	n/a	167.2	154.7	3.07	196.0
31.554	0.31	fixation	n/a	166.4	158.6	3453.0	n/a	n/a	n/a	n/a
31.866	0.034	saccade	n/a	167.9	158.6	n/a	260.0	141.5	3.63	198.0
31.902	0.226	fixation	n/a	257.6	138.5	3462.0	n/a	n/a	n/a	n/a
32.13	0.032	saccade	n/a	259.6	139.0	n/a	341.6	137.7	3.2	182.0
32.164	0.156	fixation	n/a	337.9	137.9	3516.0	n/a	n/a	n/a	n/a
32.322	0.032	saccade	n/a	339.7	137.0	n/a	412.1	141.6	2.85	170.0
32.356	0.272	fixation	n/a	408.1	144.1	3525.0	n/a	n/a	n/a	n/a
32.63	0.032	saccade	n/a	410.2	146.3	n/a	497.9	131.1	3.49	185.0
32.664	0.292	fixation	n/a	494.2	131.4	3482.0	n/a	n/a	n/a	n/a
32.958	0.03	saccade	n/a	496.5	132.8	n/a	570.2	124.8	2.89	157.0
32.99	0.154	fixation	n/a	567.1	123.0	3417.0	n/a	n/a	n/a	n/a
33.146	0.026	saccade	n/a	567.8	123.5	n/a	615.0	124.4	1.82	118.0
33.174	0.154	fixation	n/a	610.3	124.6	3367.0	n/a	n/a	n/a	n/a
33.33	0.146	saccade	n/a	604.4	133.6	n/a	647.8	118.7	1.76	999.0
33.372	0.05	blink	n/a	n/a	n/a	n/a	n/a	n/a	n/a	n/a
33.478	0.178	fixation	n/a	646.1	117.9	3321.0	n/a	n/a	n/a	n/a
33.658	0.076	saccade	n/a	646.0	113.6	n/a	137.0	200.1	19.68	462.0
33.736	0.312	fixation	n/a	135.0	200.9	3422.0	n/a	n/a	n/a	n/a
34.05	0.03	saccade	n/a	134.7	200.2	n/a	213.7	200.3	3.04	187.0
34.082	0.2	fixation	n/a	214.8	197.6	3387.0	n/a	n/a	n/a	n/a
34.284	0.034	saccade	n/a	216.9	197.9	n/a	306.4	212.2	3.54	196.0
34.32	0.22	fixation	n/a	303.6	213.1	3398.0	n/a	n/a	n/a	n/a
34.542	0.034	saccade	n/a	303.6	211.5	n/a	378.0	210.2	2.92	152.0
34.578	0.212	fixation	n/a	373.6	210.1	3359.0	n/a	n/a	n/a	n/a
34.792	0.03	saccade	n/a	376.1	212.5	n/a	453.6	215.9	3.05	172.0
34.824	0.146	fixation	n/a	450.1	218.8	3321.0	n/a	n/a	n/a	n/a
34.972	0.03	saccade	n/a	450.4	219.5	n/a	514.9	212.2	2.54	160.0
35.004	0.19	fixation	n/a	511.7	213.2	3306.0	n/a	n/a	n/a	n/a
35.196	0.062	saccade	n/a	512.0	214.1	n/a	172.2	146.9	13.44	411.0
35.26	0.304	fixation	n/a	171.6	150.6	3278.0	n/a	n/a	n/a	n/a
35.566	0.038	saccade	n/a	173.0	148.8	n/a	286.3	132.0	4.44	210.0
35.606	0.252	fixation	n/a	286.3	129.7	3292.0	n/a	n/a	n/a	n/a
35.86	0.028	saccade	n/a	286.3	133.1	n/a	231.5	129.8	2.14	157.0
35.89	0.11	fixation	n/a	236.6	132.7	3338.0	n/a	n/a	n/a	n/a
36.002	0.04	saccade	n/a	236.3	132.6	n/a	363.4	129.3	4.96	251.0
36.044	0.2	fixation	n/a	362.0	127.1	3297.0	n/a	n/a	n/a	n/a
36.246	0.028	saccade	n/a	365.8	127.3	n/a	431.4	131.3	2.58	164.0
36.276	0.062	fixation	n/a	426.8	131.6	3302.0	n/a	n/a	n/a	n/a
36.34	0.172	saccade	n/a	425.2	135.8	n/a	519.5	143.3	3.7	812.0
36.4	0.06	blink	n/a	n/a	n/a	n/a	n/a	n/a	n/a	n/a
36.514	0.418	fixation	n/a	516.4	132.0	3193.0	n/a	n/a	n/a	n/a
36.934	0.034	saccade	n/a	515.3	125.2	n/a	616.1	107.8	3.95	210.0
36.97	0.314	fixation	n/a	613.4	109.8	3151.0	n/a	n/a	n/a	n/a
37.286	0.072	saccade	n/a	613.6	109.7	n/a	151.4	199.9	18.06	448.0
37.36	0.234	fixation	n/a	147.6	203.5	3222.0	n/a	n/a	n/a	n/a
37.596	0.04	saccade	n/a	147.5	203.3	n/a	272.7	195.2	4.84	233.0
37.638	0.446	fixation	n/a	271.3	198.4	3299.0	n/a	n/a	n/a	n/a
37.812	0.0	trigger_11	11	n/a	n/a	n/a	n/a	n/a	n/a	n/a
37.916	0.0	trigger_12	12	n/a	n/a	n/a	n/a	n/a	n/a	n/a
38.086	0.04	saccade	n/a	272.4	202.4	n/a	161.8	157.6	4.63	260.0
38.128	0.314	fixation	n/a	158.7	161.1	3475.0	n/a	n/a	n/a	n/a
38.444	0.028	saccade	n/a	152.1	157.8	n/a	220.4	143.0	2.7	161.0
38.474	0.116	fixation	n/a	217.3	139.7	3429.0	n/a	n/a	n/a	n/a
38.592	0.03	saccade	n/a	217.2	139.8	n/a	285.2	135.6	2.65	164.0
38.624	0.214	fixation	n/a	283.2	133.4	3461.0	n/a	n/a	n/a	n/a
38.84	0.03	saccade	n/a	285.9	132.9	n/a	359.8	134.4	2.89	157.0
38.872	0.214	fixation	n/a	356.3	132.7	3576.0	n/a	n/a	n/a	n/a
39.088	0.03	saccade	n/a	359.2	134.7	n/a	431.1	132.9	2.82	145.0
39.12	0.198	fixation	n/a	426.9	132.7	3561.0	n/a	n/a	n/a	n/a
39.32	0.028	saccade	n/a	430.2	132.3	n/a	500.0	123.8	2.75	154.0
39.35	0.31	fixation	n/a	497.6	125.3	3458.0	n/a	n/a	n/a	n/a
39.662	0.02	saccade	n/a	496.7	126.3	n/a	460.3	124.8	1.43	100.0
39.684	0.204	fixation	n/a	465.1	125.9	3449.0	n/a	n/a	n/a	n/a
39.89	0.036	saccade	n/a	465.8	127.8	n/a	564.7	117.1	3.88	199.0
39.928	0.154	fixation	n/a	559.3	119.4	3411.0	n/a	n/a	n/a	n/a
40.084	0.068	saccade	n/a	559.8	120.2	n/a	152.5	192.9	15.96	436.0
40.154	0.36	fixation	n/a	150.3	196.2	3408.0	n/a	n/a	n/a	n/a
40.516	0.03	saccade	n/a	148.7	194.5	n/a	215.4	201.8	2.59	167.0
40.548	0.07	fixation	n/a	212.7	200.7	3359.0	n/a	n/a	n/a	n/a
40.62	0.188	saccade	n/a	211.3	208.0	n/a	245.9	213.5	1.36	866.0
40.666	0.07	blink	n/a	n/a	n/a	n/a	n/a	n/a	n/a	n/a
40.81	0.26	fixation	n/a	244.2	208.5	3252.0	n/a	n/a	n/a	n/a
41.072	0.032	saccade	n/a	247.9	201.7	n/a	337.6	215.2	3.54	219.0
41.106	0.36	fixation	n/a	335.7	213.1	3194.0	n/a	n/a	n/a	n/a
41.468	0.02	saccade	n/a	337.8	214.3	n/a	370.2	212.4	1.28	89.0
41.49	0.212	fixation	n/a	367.1	215.3	3179.0	n/a	n/a	n/a	n/a
41.704	0.032	saccade	n/a	368.0	217.6	n/a	446.0	213.1	3.07	174.0
41.738	0.258	fixation	n/a	443.5	214.5	3245.0	n/a	n/a	n/a	n/a
41.998	0.034	saccade	n/a	445.1	218.1	n/a	536.2	208.3	3.58	186.0
42.034	0.218	fixation	n/a	532.1	208.3	3252.0	n/a	n/a	n/a	n/a
42.254	0.034	saccade	n/a	532.6	208.6	n/a	623.1	204.0	3.51	195.0
42.29	0.264	fixation	n/a	618.8	204.8	3269.0	n/a	n/a	n/a	n/a
42.556	0.058	saccade	n/a	618.0	204.9	n/a	303.1	151.5	12.39	414.0
42.616	0.26	fixation	n/a	296.2	157.0	3392.0	n/a	n/a	n/a	n/a
42.652	0.0	trigger_13	13	n/a	n/a	n/a	n/a	n/a	n/a	n/a
42.878	0.052	saccade	n/a	292.6	162.1	n/a	160.6	180.8	5.16	299.0
42.932	0.194	fixation	n/a	150.3	188.5	3538.0	n/a	n/a	n/a	n/a
43.128	0.028	saccade	n/a	146.6	190.1	n/a	129.2	159.4	1.38	106.0
43.158	0.108	fixation	n/a	130.9	169.1	3541.0	n/a	n/a	n/a	n/a
43.268	0.054	saccade	n/a	129.9	168.2	n/a	128.0	321.0	5.98	395.0
43.324	0.1	fixation	n/a	130.5	332.7	3602.0	n/a	n/a	n/a	n/a
43.426	0.05	saccade	n/a	130.6	333.0	n/a	122.1	230.2	4.04	303.0
43.478	0.186	fixation	n/a	122.1	222.8	3699.0	n/a	n/a	n/a	n/a
43.666	0.034	saccade	n/a	124.6	224.3	n/a	142.5	147.5	3.09	235.0
43.702	0.148	fixation	n/a	143.4	157.1	3704.0	n/a	n/a	n/a	n/a
43.852	0.03	saccade	n/a	145.3	152.3	n/a	219.6	139.6	2.9	176.0
43.884	0.2	fixation	n/a	216.4	136.7	3799.0	n/a	n/a	n/a	n/a
44.086	0.03	saccade	n/a	216.2	134.7	n/a	281.8	134.9	2.55	161.0
44.118	0.234	fixation	n/a	277.9	132.8	3847.0	n/a	n/a	n/a	n/a
44.354	0.03	saccade	n/a	276.3	133.5	n/a	206.4	139.6	2.73	176.0
44.386	0.226	fixation	n/a	213.3	144.2	3747.0	n/a	n/a	n/a	n/a
44.614	0.03	saccade	n/a	216.6	145.3	n/a	283.4	135.1	2.63	144.0
44.646	0.2	fixation	n/a	279.9	136.5	3647.0	n/a	n/a	n/a	n/a
44.848	0.024	saccade	n/a	282.9	135.7	n/a	325.5	137.4	1.67	114.0
44.874	0.064	fixation	n/a	320.7	135.9	3634.0	n/a	n/a	n/a	n/a
44.94	0.058	saccade	n/a	321.2	136.1	n/a	150.6	208.6	7.21	355.0
45.0	0.33	fixation	n/a	143.0	218.2	3603.0	n/a	n/a	n/a	n/a
45.332	0.032	saccade	n/a	140.6	221.3	n/a	137.9	304.9	3.29	208.0
45.366	0.206	fixation	n/a	135.7	301.5	3547.0	n/a	n/a	n/a	n/a
45.574	0.036	saccade	n/a	135.2	301.5	n/a	150.0	185.3	4.6	263.0
45.612	0.14	fixation	n/a	147.5	192.3	3482.0	n/a	n/a	n/a	n/a
45.754	0.018	saccade	n/a	145.3	192.3	n/a	125.0	202.1	0.86	62.0
45.774	0.398	fixation	n/a	128.6	204.9	3366.0	n/a	n/a	n/a	n/a
45.956	0.0	trigger_15	15	n/a	n/a	n/a	n/a	n/a	n/a	n/a
46.01	0.0	trigger_10	10	n/a	n/a	n/a	n/a	n/a	n/a	n/a
46.174	0.028	saccade	n/a	129.2	204.6	n/a	167.2	154.4	2.45	151.0
46.204	0.364	fixation	n/a	161.2	158.2	3438.0	n/a	n/a	n/a	n/a
46.57	0.028	saccade	n/a	155.5	153.4	n/a	223.3	141.1	2.66	152.0
46.6	0.11	fixation	n/a	219.3	137.6	3439.0	n/a	n/a	n/a	n/a
46.712	0.122	saccade	n/a	217.4	142.9	n/a	281.3	175.0	2.79	947.0
46.762	0.012	blink	n/a	n/a	n/a	n/a	n/a	n/a	n/a	n/a
46.836	0.16	fixation	n/a	280.9	167.5	3411.0	n/a	n/a	n/a	n/a
46.998	0.028	saccade	n/a	282.7	158.4	n/a	342.7	155.5	2.35	152.0
47.028	0.308	fixation	n/a	339.8	146.9	3423.0	n/a	n/a	n/a	n/a
47.338	0.02	saccade	n/a	341.3	145.1	n/a	379.7	141.5	1.51	103.0
47.36	0.116	fixation	n/a	378.6	142.3	3361.0	n/a	n/a	n/a	n/a
47.478	0.028	saccade	n/a	380.7	143.7	n/a	449.1	149.1	2.69	166.0
47.508	0.138	fixation	n/a	444.0	147.7	3381.0	n/a	n/a	n/a	n/a
47.648	0.028	saccade	n/a	444.7	148.5	n/a	509.2	138.0	2.56	155.0
47.678	0.172	fixation	n/a	505.3	137.2	3353.0	n/a	n/a	n/a	n/a
47.852	0.028	saccade	n/a	507.7	133.8	n/a	566.0	125.6	2.29	143.0
47.882	0.472	fixation	n/a	553.7	128.6	3326.0	n/a	n/a	n/a	n/a
48.356	0.032	saccade	n/a	549.4	132.1	n/a	626.2	127.4	2.97	161.0
48.39	0.41	fixation	n/a	620.6	130.3	3410.0	n/a	n/a	n/a	n/a
48.802	0.016	saccade	n/a	622.2	130.8	n/a	641.1	130.7	0.72	57.0
48.82	0.06	fixation	n/a	637.5	131.7	3450.0	n/a	n/a	n/a	n/a
48.882	0.08	saccade	n/a	637.3	132.3	n/a	128.0	210.0	19.64	420.0
48.964	0.24	fixation	n/a	128.2	214.6	3486.0	n/a	n/a	n/a	n/a
49.206	0.032	saccade	n/a	128.0	213.7	n/a	203.4	207.0	2.9	182.0
49.24	0.266	fixation	n/a	201.2	206.3	3464.0	n/a	n/a	n/a	n/a
49.508	0.03	saccade	n/a	202.8	204.1	n/a	276.6	207.4	2.87	174.0
49.54	0.222	fixation	n/a	273.3	208.0	3417.0	n/a	n/a	n/a	n/a
49.764	0.036	saccade	n/a	274.2	208.1	n/a	380.9	219.0	4.21	214.0
49.802	0.17	fixation	n/a	376.4	219.8	3341.0	n/a	n/a	n/a	n/a
49.974	0.042	saccade	n/a	376.9	219.5	n/a	241.8	127.7	6.41	339.0
50.018	0.332	fixation	n/a	240.3	133.5	3289.0	n/a	n/a	n/a	n/a
50.352	0.034	saccade	n/a	241.2	131.1	n/a	329.0	138.1	3.43	189.0
50.388	0.386	fixation	n/a	327.3	135.6	3401.0	n/a	n/a	n/a	n/a
50.508	0.0	trigger_11	11	n/a	n/a	n/a	n/a	n/a	n/a	n/a
50.616	0.0	trigger_10	10	n/a	n/a	n/a	n/a	n/a	n/a	n/a
50.776	0.042	saccade	n/a	324.0	138.2	n/a	183.2	143.7	5.47	292.0
50.82	0.122	fixation	n/a	182.2	145.7	3513.0	n/a	n/a	n/a	n/a
50.944	0.026	saccade	n/a	180.8	148.9	n/a	140.9	169.2	1.72	118.0
50.972	0.13	fixation	n/a	144.4	167.8	3519.0	n/a	n/a	n/a	n/a
51.104	0.028	saccade	n/a	144.7	165.1	n/a	214.9	142.6	2.84	168.0
51.134	0.142	fixation	n/a	213.5	138.6	3500.0	n/a	n/a	n/a	n/a
51.278	0.03	saccade	n/a	218.3	137.7	n/a	288.3	136.6	2.72	171.0
51.31	0.08	fixation	n/a	284.8	135.9	3491.0	n/a	n/a	n/a	n/a
51.392	0.132	saccade	n/a	283.0	142.0	n/a	366.4	146.5	3.27	1005.0
51.44	0.026	blink	n/a	n/a	n/a	n/a	n/a	n/a	n/a	n/a
51.526	0.214	fixation	n/a	363.3	140.5	3507.0	n/a	n/a	n/a	n/a
51.742	0.016	saccade	n/a	358.4	132.4	n/a	333.6	129.5	0.98	79.0
51.76	0.104	fixation	n/a	337.9	128.9	3544.0	n/a	n/a	n/a	n/a
51.866	0.032	saccade	n/a	340.2	126.8	n/a	428.0	124.9	3.44	188.0
51.9	0.19	fixation	n/a	427.4	122.1	3358.0	n/a	n/a	n/a	n/a
52.092	0.024	saccade	n/a	431.9	123.2	n/a	483.9	118.8	2.04	132.0
52.118	0.128	fixation	n/a	481.4	117.5	3327.0	n/a	n/a	n/a	n/a
52.248	0.026	saccade	n/a	483.7	115.7	n/a	540.5	112.1	2.21	138.0
52.276	0.29	fixation	n/a	537.3	112.6	3319.0	n/a	n/a	n/a	n/a
52.568	0.032	saccade	n/a	538.9	113.0	n/a	613.8	103.0	2.91	178.0
52.602	0.2	fixation	n/a	610.3	105.1	3257.0	n/a	n/a	n/a	n/a
52.804	0.07	saccade	n/a	609.2	106.4	n/a	153.1	185.3	17.75	456.0
52.876	0.412	fixation	n/a	136.7	200.1	3344.0	n/a	n/a	n/a	n/a
53.29	0.036	saccade	n/a	132.2	202.7	n/a	228.4	202.5	3.69	173.0
53.328	0.198	fixation	n/a	227.7	201.5	3343.0	n/a	n/a	n/a	n/a
53.528	0.032	saccade	n/a	229.3	199.4	n/a	311.5	207.6	3.22	195.0
53.562	0.206	fixation	n/a	307.2	211.1	3342.0	n/a	n/a	n/a	n/a
53.77	0.036	saccade	n/a	306.9	215.0	n/a	403.2	219.3	3.78	185.0
53.808	0.118	fixation	n/a	398.9	217.9	3334.0	n/a	n/a	n/a	n/a
53.928	0.032	saccade	n/a	399.2	217.9	n/a	480.3	213.2	3.19	194.0
53.962	0.444	fixation	n/a	478.5	213.9	3287.0	n/a	n/a	n/a	n/a
54.408	0.04	saccade	n/a	479.5	214.7	n/a	374.3	108.1	5.91	302.0
54.45	0.278	fixation	n/a	373.8	111.2	3241.0	n/a	n/a	n/a	n/a
54.73	0.042	saccade	n/a	374.3	112.5	n/a	534.2	116.2	6.25	266.0
54.774	0.102	fixation	n/a	533.3	116.7	3270.0	n/a	n/a	n/a	n/a
54.878	0.138	saccade	n/a	530.8	122.0	n/a	590.2	129.0	2.32	929.0
54.926	0.042	blink	n/a	n/a	n/a	n/a	n/a	n/a	n/a	n/a
55.018	0.206	fixation	n/a	588.2	113.7	3342.0	n/a	n/a	n/a	n/a
55.226	0.064	saccade	n/a	586.8	106.5	n/a	185.4	150.5	15.56	460.0
55.292	0.296	fixation	n/a	181.6	156.9	3465.0	n/a	n/a	n/a	n/a
55.59	0.038	saccade	n/a	181.7	153.2	n/a	304.0	132.9	4.82	252.0
55.63	0.264	fixation	n/a	303.2	131.9	3443.0	n/a	n/a	n/a	n/a
55.896	0.032	saccade	n/a	304.4	134.1	n/a	391.1	130.1	3.4	194.0
55.93	0.06	fixation	n/a	387.9	129.7	3448.0	n/a	n/a	n/a	n/a
55.992	0.032	saccade	n/a	389.5	130.9	n/a	460.8	125.9	2.8	204.0
56.026	0.164	fixation	n/a	459.5	126.4	3444.0	n/a	n/a	n/a	n/a
56.192	0.048	saccade	n/a	460.2	127.2	n/a	242.7	144.1	8.52	366.0
56.242	0.308	fixation	n/a	239.5	149.9	3514.0	n/a	n/a	n/a	n/a
56.252	0.0	trigger_11	11	n/a	n/a	n/a	n/a	n/a	n/a	n/a
56.356	0.0	trigger_10	10	n/a	n/a	n/a	n/a	n/a	n/a	n/a
56.552	0.034	saccade	n/a	236.1	153.5	n/a	158.2	161.8	3.03	194.0
56.588	0.286	fixation	n/a	156.6	163.3	3583.0	n/a	n/a	n/a	n/a
56.876	0.026	saccade	n/a	158.2	157.6	n/a	214.1	148.1	2.19	138.0
56.904	0.16	fixation	n/a	213.2	143.3	3486.0	n/a	n/a	n/a	n/a
57.066	0.03	saccade	n/a	216.0	141.4	n/a	290.3	134.1	2.91	176.0
57.098	0.144	fixation	n/a	287.8	133.7	3450.0	n/a	n/a	n/a	n/a
57.244	0.032	saccade	n/a	289.7	133.9	n/a	374.5	128.2	3.33	180.0
57.278	0.272	fixation	n/a	371.1	127.9	3522.0	n/a	n/a	n/a	n/a
57.552	0.03	saccade	n/a	371.9	128.0	n/a	441.4	126.2	2.73	167.0
57.584	0.284	fixation	n/a	438.5	127.3	3497.0	n/a	n/a	n/a	n/a
57.87	0.028	saccade	n/a	441.9	127.2	n/a	496.8	120.5	2.17	135.0
57.9	0.19	fixation	n/a	492.8	122.5	3425.0	n/a	n/a	n/a	n/a
58.092	0.026	saccade	n/a	496.5	121.3	n/a	556.9	117.1	2.36	140.0
58.12	0.268	fixation	n/a	555.0	119.7	3407.0	n/a	n/a	n/a	n/a
58.39	0.03	saccade	n/a	557.5	119.7	n/a	627.8	114.3	2.71	151.0
58.422	0.136	fixation	n/a	624.3	115.3	3384.0	n/a	n/a	n/a	n/a
58.56	0.072	saccade	n/a	625.7	112.7	n/a	159.1	201.1	18.21	446.0
58.634	0.216	fixation	n/a	158.7	207.2	3476.0	n/a	n/a	n/a	n/a
58.852	0.02	saccade	n/a	155.7	210.5	n/a	127.5	205.6	1.09	89.0
58.874	0.22	fixation	n/a	130.4	210.5	3438.0	n/a	n/a	n/a	n/a
59.096	0.026	saccade	n/a	132.5	206.9	n/a	192.6	199.9	2.32	140.0
59.124	0.284	fixation	n/a	191.0	199.0	3366.0	n/a	n/a	n/a	n/a
59.41	0.026	saccade	n/a	191.3	198.6	n/a	249.4	204.8	2.27	135.0
59.438	0.13	fixation	n/a	244.0	203.9	3355.0	n/a	n/a	n/a	n/a
59.57	0.036	saccade	n/a	245.1	205.6	n/a	351.5	211.7	4.16	232.0
59.608	0.228	fixation	n/a	351.0	213.5	3287.0	n/a	n/a	n/a	n/a
59.838	0.034	saccade	n/a	352.5	216.1	n/a	434.9	213.6	3.23	171.0
59.874	0.26	fixation	n/a	431.7	215.5	3264.0	n/a	n/a	n/a	n/a
60.136	0.03	saccade	n/a	434.7	218.5	n/a	511.8	211.3	3.04	163.0
60.168	0.114	fixation	n/a	506.7	210.5	3225.0	n/a	n/a	n/a	n/a
60.284	0.056	saccade	n/a	505.7	212.2	n/a	208.8	127.6	12.01	429.0
60.342	0.212	fixation	n/a	207.6	133.3	3248.0	n/a	n/a	n/a	n/a
60.556	0.048	saccade	n/a	207.8	130.4	n/a	421.5	124.6	8.32	319.0
60.606	0.12	fixation	n/a	425.0	124.5	3271.0	n/a	n/a	n/a	n/a
60.728	0.128	saccade	n/a	422.2	129.2	n/a	493.4	160.4	3.05	896.0
60.78	0.024	blink	n/a	n/a	n/a	n/a	n/a	n/a	n/a	n/a
60.858	0.106	fixation	n/a	494.2	149.5	3315.0	n/a	n/a	n/a	n/a
60.966	0.038	saccade	n/a	493.5	145.7	n/a	374.1	156.7	4.69	291.0
61.006	0.268	fixation	n/a	374.7	147.8	3449.0	n/a	n/a	n/a	n/a
61.276	0.042	saccade	n/a	373.5	140.5	n/a	200.4	141.1	6.74	326.0
61.32	0.21	fixation	n/a	200.8	144.8	3387.0	n/a	n/a	n/a	n/a
61.532	0.038	saccade	n/a	201.2	143.3	n/a	318.4	138.2	4.56	260.0
61.572	0.114	fixation	n/a	320.6	136.4	3370.0	n/a	n/a	n/a	n/a
61.688	0.032	saccade	n/a	323.5	136.3	n/a	392.6	137.0	2.7	187.0
61.722	0.128	fixation	n/a	391.5	136.1	3364.0	n/a	n/a	n/a	n/a
61.852	0.016	saccade	n/a	389.0	136.9	n/a	365.8	137.1	0.91	72.0
61.87	0.224	fixation	n/a	371.9	138.7	3401.0	n/a	n/a	n/a	n/a
62.096	0.03	saccade	n/a	373.3	139.5	n/a	441.0	129.8	2.68	164.0
62.128	0.162	fixation	n/a	436.4	133.8	3433.0	n/a	n/a	n/a	n/a
62.292	0.04	saccade	n/a	438.1	133.1	n/a	545.3	128.4	4.18	184.0
62.334	0.352	fixation	n/a	543.5	126.7	3453.0	n/a	n/a	n/a	n/a
62.688	0.026	saccade	n/a	541.2	128.5	n/a	493.8	127.4	1.85	136.0
62.716	0.186	fixation	n/a	498.3	129.9	3413.0	n/a	n/a	n/a	n/a
62.904	0.058	saccade	n/a	498.9	129.4	n/a	159.4	192.4	13.37	404.0
62.964	0.242	fixation	n/a	160.1	200.2	3458.0	n/a	n/a	n/a	n/a
63.208	0.022	saccade	n/a	157.8	202.0	n/a	128.7	201.9	1.11	92.0
63.232	0.176	fixation	n/a	131.4	205.1	3338.0	n/a	n/a	n/a	n/a
63.41	0.022	saccade	n/a	132.8	205.4	n/a	175.1	199.5	1.64	115.0
63.434	0.086	fixation	n/a	171.9	197.8	3263.0	n/a	n/a	n/a	n/a
63.522	0.028	saccade	n/a	173.7	197.7	n/a	240.7	198.3	2.59	175.0
63.552	0.262	fixation	n/a	240.9	199.9	3321.0	n/a	n/a	n/a	n/a
63.598	0.0	trigger_11	11	n/a	n/a	n/a	n/a	n/a	n/a	n/a
63.702	0.0	trigger_10	10	n/a	n/a	n/a	n/a	n/a	n/a	n/a
63.816	0.034	saccade	n/a	241.9	202.5	n/a	198.9	132.7	3.22	214.0
63.852	0.072	fixation	n/a	198.4	141.5	3310.0	n/a	n/a	n/a	n/a
63.926	0.028	saccade	n/a	197.8	145.3	n/a	155.2	152.6	1.66	136.0
63.956	0.228	fixation	n/a	156.1	155.6	3280.0	n/a	n/a	n/a	n/a
64.186	0.026	saccade	n/a	157.0	150.8	n/a	214.4	142.7	2.23	138.0
64.214	0.212	fixation	n/a	210.7	139.5	3350.0	n/a	n/a	n/a	n/a
64.428	0.034	saccade	n/a	212.2	138.3	n/a	302.1	135.9	3.49	187.0
64.464	0.212	fixation	n/a	300.4	132.6	3398.0	n/a	n/a	n/a	n/a
64.678	0.032	saccade	n/a	302.4	131.9	n/a	226.4	130.5	2.96	181.0
64.712	0.244	fixation	n/a	230.2	133.1	3435.0	n/a	n/a	n/a	n/a
64.958	0.032	saccade	n/a	232.6	135.8	n/a	318.8	132.2	3.36	183.0
64.992	0.104	fixation	n/a	315.9	132.6	3448.0	n/a	n/a	n/a	n/a
65.098	0.11	saccade	n/a	313.2	138.2	n/a	409.8	161.4	3.89	796.0
65.21	0.318	fixation	n/a	410.6	142.9	3407.0	n/a	n/a	n/a	n/a
65.53	0.036	saccade	n/a	412.0	135.3	n/a	512.8	122.8	3.97	204.0
65.568	0.238	fixation	n/a	509.7	120.7	3309.0	n/a	n/a	n/a	n/a
65.808	0.034	saccade	n/a	511.4	122.3	n/a	588.1	117.3	2.98	147.0
65.844	0.258	fixation	n/a	581.2	122.5	3293.0	n/a	n/a	n/a	n/a
66.104	0.066	saccade	n/a	581.1	122.8	n/a	174.9	147.3	15.68	421.0
66.172	0.306	fixation	n/a	173.5	156.7	3385.0	n/a	n/a	n/a	n/a
66.174	0.0	trigger_11	11	n/a	n/a	n/a	n/a	n/a	n/a	n/a
66.278	0.0	trigger_10	10	n/a	n/a	n/a	n/a	n/a	n/a	n/a
66.48	0.024	saccade	n/a	169.9	162.0	n/a	135.2	166.7	1.34	100.0
66.506	0.244	fixation	n/a	138.7	171.5	3502.0	n/a	n/a	n/a	n/a
66.752	0.028	saccade	n/a	139.4	172.1	n/a	195.5	157.4	2.23	135.0
66.782	0.138	fixation	n/a	190.4	157.9	3550.0	n/a	n/a	n/a	n/a
66.922	0.026	saccade	n/a	190.7	158.0	n/a	242.5	148.7	2.04	136.0
66.95	0.354	fixation	n/a	238.0	144.3	3501.0	n/a	n/a	n/a	n/a
67.306	0.022	saccade	n/a	239.4	142.1	n/a	286.2	139.8	1.82	116.0
67.33	0.128	fixation	n/a	283.9	136.8	3462.0	n/a	n/a	n/a	n/a
67.46	0.03	saccade	n/a	286.1	134.9	n/a	354.3	137.8	2.67	154.0
67.492	0.13	fixation	n/a	351.9	137.4	3490.0	n/a	n/a	n/a	n/a
67.624	0.026	saccade	n/a	356.2	137.6	n/a	414.6	142.0	2.3	150.0
67.652	0.224	fixation	n/a	411.1	142.7	3538.0	n/a	n/a	n/a	n/a
67.878	0.03	saccade	n/a	414.8	144.6	n/a	485.1	133.6	2.79	161.0
67.91	0.214	fixation	n/a	480.6	133.5	3482.0	n/a	n/a	n/a	n/a
68.126	0.028	saccade	n/a	485.0	129.5	n/a	554.7	127.6	2.71	147.0
68.156	0.306	fixation	n/a	550.9	124.8	3471.0	n/a	n/a	n/a	n/a
68.464	0.026	saccade	n/a	550.9	123.5	n/a	507.4	121.9	1.69	123.0
68.492	0.128	fixation	n/a	512.0	124.9	3476.0	n/a	n/a	n/a	n/a
68.622	0.032	saccade	n/a	513.3	124.1	n/a	588.1	122.5	2.89	164.0
68.656	0.376	fixation	n/a	584.0	126.1	3501.0	n/a	n/a	n/a	n/a
69.034	0.018	saccade	n/a	581.2	128.7	n/a	553.0	121.4	1.13	86.0
69.054	0.214	fixation	n/a	558.0	126.0	3505.0	n/a	n/a	n/a	n/a
69.27	0.024	saccade	n/a	559.3	125.9	n/a	603.0	122.6	1.69	114.0
69.296	0.338	fixation	n/a	598.2	126.1	3529.0	n/a	n/a	n/a	n/a
69.636	0.068	saccade	n/a	598.6	127.5	n/a	175.5	200.3	16.52	428.0
69.706	0.104	fixation	n/a	174.3	205.9	3626.0	n/a	n/a	n/a	n/a
69.812	0.022	saccade	n/a	171.7	209.5	n/a	137.3	214.6	1.33	97.0
69.836	0.252	fixation	n/a	140.6	219.9	3515.0	n/a	n/a	n/a	n/a
70.09	0.054	saccade	n/a	136.3	239.1	n/a	197.1	225.9	2.39	274.0
70.146	0.332	fixation	n/a	201.1	213.5	3440.0	n/a	n/a	n/a	n/a
70.48	0.026	saccade	n/a	203.2	206.9	n/a	258.8	210.8	2.16	137.0
70.508	0.26	fixation	n/a	251.6	209.7	3377.0	n/a	n/a	n/a	n/a
70.77	0.028	saccade	n/a	249.1	213.2	n/a	196.4	203.1	2.08	134.0
70.8	0.104	fixation	n/a	199.8	208.3	3364.0	n/a	n/a	n/a	n/a
70.906	0.144	saccade	n/a	197.8	216.9	n/a	247.8	217.1	1.94	812.0
70.952	0.036	blink	n/a	n/a	n/a	n/a	n/a	n/a	n/a	n/a
71.052	0.252	fixation	n/a	251.2	213.2	3370.0	n/a	n/a	n/a	n/a
71.306	0.014	saccade	n/a	245.4	210.6	n/a	228.5	207.7	0.67	55.0
71.322	0.288	fixation	n/a	229.6	206.9	3327.0	n/a	n/a	n/a	n/a
71.612	0.016	saccade	n/a	232.5	207.8	n/a	251.6	206.5	0.74	56.0
71.63	0.134	fixation	n/a	248.0	203.5	3287.0	n/a	n/a	n/a	n/a
71.766	0.03	saccade	n/a	249.2	203.1	n/a	322.6	207.5	2.87	159.0
71.798	0.214	fixation	n/a	319.0	206.6	3292.0	n/a	n/a	n/a	n/a
72.014	0.03	saccade	n/a	319.8	206.8	n/a	389.5	210.2	2.74	165.0
72.046	0.158	fixation	n/a	386.3	211.6	3331.0	n/a	n/a	n/a	n/a
72.206	0.034	saccade	n/a	388.5	210.7	n/a	475.8	204.9	3.43	195.0
72.242	0.296	fixation	n/a	473.6	206.4	3341.0	n/a	n/a	n/a	n/a
72.54	0.02	saccade	n/a	473.6	206.2	n/a	443.9	201.4	1.18	88.0
72.562	0.154	fixation	n/a	449.5	205.2	3362.0	n/a	n/a	n/a	n/a
72.718	0.028	saccade	n/a	450.5	204.4	n/a	506.6	202.4	2.2	146.0
72.748	0.38	fixation	n/a	501.6	207.9	3338.0	n/a	n/a	n/a	n/a
73.13	0.018	saccade	n/a	506.2	210.0	n/a	534.3	205.8	1.11	82.0
73.15	0.294	fixation	n/a	531.1	204.5	3355.0	n/a	n/a	n/a	n/a
73.446	0.024	saccade	n/a	530.0	203.6	n/a	489.2	201.0	1.6	110.0
73.472	0.262	fixation	n/a	493.2	203.3	3326.0	n/a	n/a	n/a	n/a
73.736	0.056	saccade	n/a	491.9	203.6	n/a	210.4	127.0	11.35	377.0
73.794	0.138	fixation	n/a	210.4	134.1	3422.0	n/a	n/a	n/a	n/a
73.934	0.02	saccade	n/a	206.5	139.0	n/a	174.9	143.0	1.23	88.0
73.956	0.212	fixation	n/a	178.1	149.4	3412.0	n/a	n/a	n/a	n/a
74.17	0.022	saccade	n/a	174.7	153.5	n/a	140.4	151.9	1.32	99.0
74.194	0.102	fixation	n/a	144.6	156.7	3408.0	n/a	n/a	n/a	n/a
74.298	0.032	saccade	n/a	147.2	156.5	n/a	238.5	142.7	3.55	182.0
74.332	0.204	fixation	n/a	235.8	141.4	3413.0	n/a	n/a	n/a	n/a
74.538	0.126	saccade	n/a	230.0	163.5	n/a	339.7	149.1	4.31	856.0
74.58	0.026	blink	n/a	n/a	n/a	n/a	n/a	n/a	n/a	n/a
74.666	0.184	fixation	n/a	337.4	144.2	3334.0	n/a	n/a	n/a	n/a
74.852	0.032	saccade	n/a	337.8	139.0	n/a	410.2	146.0	2.85	164.0
74.886	0.226	fixation	n/a	407.4	142.8	3304.0	n/a	n/a	n/a	n/a
75.114	0.034	saccade	n/a	409.6	144.9	n/a	489.7	131.4	3.18	180.0
75.15	0.164	fixation	n/a	486.6	132.9	3227.0	n/a	n/a	n/a	n/a
75.316	0.032	saccade	n/a	488.6	131.3	n/a	565.3	123.0	3.0	181.0
75.35	0.192	fixation	n/a	562.3	122.1	3237.0	n/a	n/a	n/a	n/a
75.544	0.064	saccade	n/a	563.3	121.7	n/a	156.4	196.4	15.95	447.0
75.61	0.12	fixation	n/a	154.8	201.6	3355.0	n/a	n/a	n/a	n/a
75.732	0.02	saccade	n/a	151.6	205.7	n/a	122.4	213.3	1.15	84.0
75.754	0.896	fixation	n/a	131.5	216.1	3374.0	n/a	n/a	n/a	n/a
76.652	0.026	saccade	n/a	138.0	213.1	n/a	204.5	204.0	2.58	141.0
76.68	0.232	fixation	n/a	206.1	204.0	3426.0	n/a	n/a	n/a	n/a
76.914	0.03	saccade	n/a	208.9	202.3	n/a	287.8	207.7	3.08	178.0
76.946	0.15	fixation	n/a	286.6	207.5	3380.0	n/a	n/a	n/a	n/a
77.098	0.038	saccade	n/a	288.4	210.6	n/a	395.0	218.5	4.19	214.0
77.138	0.202	fixation	n/a	391.9	218.3	3347.0	n/a	n/a	n/a	n/a
77.342	0.018	saccade	n/a	390.9	219.1	n/a	364.9	216.5	1.02	76.0
77.362	0.422	fixation	n/a	367.1	216.1	3397.0	n/a	n/a	n/a	n/a
77.786	0.02	saccade	n/a	366.4	215.9	n/a	399.7	214.5	1.31	92.0
77.808	0.088	fixation	n/a	396.7	215.3	3362.0	n/a	n/a	n/a	n/a
77.898	0.03	saccade	n/a	399.1	214.9	n/a	473.8	207.3	2.95	173.0
77.93	0.392	fixation	n/a	470.1	206.1	3333.0	n/a	n/a	n/a	n/a
78.324	0.052	saccade	n/a	469.3	209.5	n/a	207.0	132.3	10.65	368.0
78.342	0.0	trigger_11	11	n/a	n/a	n/a	n/a	n/a	n/a	n/a
78.378	0.234	fixation	n/a	203.7	132.8	3354.0	n/a	n/a	n/a	n/a
78.446	0.0	trigger_10	10	n/a	n/a	n/a	n/a	n/a	n/a	n/a
78.614	0.03	saccade	n/a	201.0	138.0	n/a	144.9	150.1	2.21	169.0
78.646	0.21	fixation	n/a	145.6	150.9	3376.0	n/a	n/a	n/a	n/a
78.858	0.028	saccade	n/a	144.5	150.6	n/a	205.7	148.2	2.35	152.0
78.888	0.168	fixation	n/a	201.4	146.6	3470.0	n/a	n/a	n/a	n/a
79.058	0.122	saccade	n/a	197.8	170.2	n/a	266.7	168.1	2.68	879.0
79.098	0.02	blink	n/a	n/a	n/a	n/a	n/a	n/a	n/a	n/a
79.182	0.146	fixation	n/a	267.1	158.2	3415.0	n/a	n/a	n/a	n/a
79.33	0.026	saccade	n/a	269.5	150.5	n/a	324.6	149.2	2.15	140.0
79.358	0.158	fixation	n/a	319.2	145.7	3455.0	n/a	n/a	n/a	n/a
79.518	0.034	saccade	n/a	320.8	147.4	n/a	403.9	146.0	3.25	188.0
79.554	0.252	fixation	n/a	403.0	146.7	3328.0	n/a	n/a	n/a	n/a
79.808	0.024	saccade	n/a	404.8	147.2	n/a	451.9	140.8	1.86	122.0
79.834	0.432	fixation	n/a	439.0	141.1	3349.0	n/a	n/a	n/a	n/a
80.268	0.03	saccade	n/a	434.0	142.4	n/a	499.9	131.8	2.61	143.0
80.3	0.226	fixation	n/a	498.2	132.4	3364.0	n/a	n/a	n/a	n/a
80.528	0.03	saccade	n/a	500.3	133.9	n/a	570.8	129.4	2.74	162.0
80.56	0.214	fixation	n/a	567.8	128.9	3443.0	n/a	n/a	n/a	n/a
80.776	0.022	saccade	n/a	571.3	128.3	n/a	608.5	129.3	1.43	102.0
80.8	0.15	fixation	n/a	603.2	128.1	3398.0	n/a	n/a	n/a	n/a
80.952	0.072	saccade	n/a	602.4	126.6	n/a	137.3	197.6	18.04	429.0
81.026	0.168	fixation	n/a	134.8	205.6	3446.0	n/a	n/a	n/a	n/a
81.196	0.12	saccade	n/a	129.5	223.5	n/a	177.8	213.0	1.89	761.0
81.24	0.008	blink	n/a	n/a	n/a	n/a	n/a	n/a	n/a	n/a
81.318	0.094	fixation	n/a	179.0	211.5	3319.0	n/a	n/a	n/a	n/a
81.414	0.022	saccade	n/a	177.3	207.5	n/a	143.2	209.0	1.31	97.0
81.438	0.258	fixation	n/a	147.8	209.8	3391.0	n/a	n/a	n/a	n/a
81.698	0.024	saccade	n/a	148.8	207.2	n/a	193.6	199.7	1.75	111.0
81.724	0.06	fixation	n/a	189.8	200.6	3366.0	n/a	n/a	n/a	n/a
81.786	0.024	saccade	n/a	192.7	200.5	n/a	239.7	200.7	1.82	122.0
81.812	0.354	fixation	n/a	235.6	200.9	3360.0	n/a	n/a	n/a	n/a
82.168	0.028	saccade	n/a	237.3	199.9	n/a	307.7	205.3	2.76	151.0
82.198	0.284	fixation	n/a	306.4	206.7	3330.0	n/a	n/a	n/a	n/a
82.484	0.024	saccade	n/a	310.1	207.8	n/a	352.6	209.6	1.67	118.0
82.51	0.186	fixation	n/a	348.6	209.3	3294.0	n/a	n/a	n/a	n/a
82.698	0.028	saccade	n/a	349.1	210.7	n/a	404.2	211.7	2.16	145.0
82.728	0.32	fixation	n/a	400.7	214.0	3297.0	n/a	n/a	n/a	n/a
83.05	0.052	saccade	n/a	403.1	215.7	n/a	179.4	158.1	9.0	342.0
83.104	0.328	fixation	n/a	181.1	164.7	3489.0	n/a	n/a	n/a	n/a
83.11	0.0	trigger_11	11	n/a	n/a	n/a	n/a	n/a	n/a	n/a
83.218	0.0	trigger_10	10	n/a	n/a	n/a	n/a	n/a	n/a	n/a
83.434	0.026	saccade	n/a	176.3	166.3	n/a	147.7	159.9	1.12	103.0
83.462	0.144	fixation	n/a	147.7	163.5	3649.0	n/a	n/a	n/a	n/a
83.608	0.024	saccade	n/a	148.1	163.3	n/a	187.3	156.3	1.53	112.0
83.634	0.216	fixation	n/a	181.6	156.1	3694.0	n/a	n/a	n/a	n/a
83.852	0.026	saccade	n/a	181.7	152.9	n/a	241.9	148.2	2.33	142.0
83.88	0.19	fixation	n/a	239.2	145.4	3655.0	n/a	n/a	n/a	n/a
84.072	0.03	saccade	n/a	243.1	145.8	n/a	317.1	136.9	2.91	170.0
84.104	0.21	fixation	n/a	314.3	133.0	3664.0	n/a	n/a	n/a	n/a
84.316	0.02	saccade	n/a	317.7	134.0	n/a	355.7	132.8	1.49	103.0
84.338	0.09	fixation	n/a	351.0	135.2	3683.0	n/a	n/a	n/a	n/a
84.43	0.134	saccade	n/a	347.8	142.3	n/a	385.7	148.2	1.5	1060.0
84.476	0.032	blink	n/a	n/a	n/a	n/a	n/a	n/a	n/a	n/a
84.566	0.16	fixation	n/a	389.2	139.4	3530.0	n/a	n/a	n/a	n/a
84.728	0.028	saccade	n/a	392.0	135.2	n/a	451.3	135.2	2.33	156.0
84.758	0.134	fixation	n/a	448.2	133.4	3539.0	n/a	n/a	n/a	n/a
84.894	0.028	saccade	n/a	450.9	131.9	n/a	515.1	127.8	2.52	161.0
84.924	0.218	fixation	n/a	511.2	125.0	3453.0	n/a	n/a	n/a	n/a
85.144	0.026	saccade	n/a	514.1	124.4	n/a	572.7	119.3	2.28	139.0
85.172	0.158	fixation	n/a	570.2	119.9	3441.0	n/a	n/a	n/a	n/a
85.332	0.068	saccade	n/a	570.2	119.7	n/a	141.4	197.7	16.74	477.0
85.402	0.49	fixation	n/a	129.9	205.4	3454.0	n/a	n/a	n/a	n/a
85.894	0.032	saccade	n/a	125.7	204.0	n/a	163.9	152.5	2.49	204.0
85.928	0.456	fixation	n/a	162.7	157.2	3429.0	n/a	n/a	n/a	n/a
86.022	0.0	trigger_11	11	n/a	n/a	n/a	n/a	n/a	n/a	n/a
86.126	0.0	trigger_10	10	n/a	n/a	n/a	n/a	n/a	n/a	n/a
86.386	0.016	saccade	n/a	163.9	161.8	n/a	145.9	158.7	0.7	54.0
86.404	0.17	fixation	n/a	148.0	159.7	3596.0	n/a	n/a	n/a	n/a
86.576	0.03	saccade	n/a	147.9	158.4	n/a	217.0	141.4	2.74	167.0
86.608	0.254	fixation	n/a	212.6	139.2	3510.0	n/a	n/a	n/a	n/a
86.864	0.032	saccade	n/a	214.5	137.7	n/a	293.2	131.1	3.07	173.0
86.898	0.19	fixation	n/a	290.3	130.1	3453.0	n/a	n/a	n/a	n/a
87.09	0.03	saccade	n/a	293.0	130.7	n/a	363.9	129.1	2.78	169.0
87.122	0.58	fixation	n/a	356.0	131.4	3385.0	n/a	n/a	n/a	n/a
87.704	0.032	saccade	n/a	355.9	133.5	n/a	437.0	135.9	3.18	151.0
87.738	0.118	fixation	n/a	433.1	133.5	3343.0	n/a	n/a	n/a	n/a
87.858	0.014	saccade	n/a	431.0	133.6	n/a	416.0	132.6	0.59	48.0
87.874	0.206	fixation	n/a	418.1	137.1	3395.0	n/a	n/a	n/a	n/a
88.082	0.018	saccade	n/a	427.4	149.6	n/a	458.6	139.4	1.29	84.0
88.102	0.232	fixation	n/a	476.1	129.2	3367.0	n/a	n/a	n/a	n/a
88.336	0.028	saccade	n/a	479.5	126.0	n/a	537.4	122.4	2.26	138.0
88.366	0.228	fixation	n/a	533.2	121.8	3343.0	n/a	n/a	n/a	n/a
88.596	0.026	saccade	n/a	534.4	121.2	n/a	583.9	120.2	1.92	124.0
88.624	0.154	fixation	n/a	579.0	119.8	3288.0	n/a	n/a	n/a	n/a
88.78	0.07	saccade	n/a	580.2	119.3	n/a	154.6	196.3	16.65	451.0
88.852	0.368	fixation	n/a	147.4	202.3	3332.0	n/a	n/a	n/a	n/a
89.222	0.018	saccade	n/a	144.7	201.2	n/a	116.8	203.5	1.07	80.0
89.242	0.214	fixation	n/a	123.8	205.2	3262.0	n/a	n/a	n/a	n/a
89.458	0.026	saccade	n/a	125.5	205.4	n/a	189.4	194.4	2.49	150.0
89.486	0.252	fixation	n/a	189.8	195.6	3311.0	n/a	n/a	n/a	n/a
89.74	0.026	saccade	n/a	191.8	195.1	n/a	242.7	199.2	1.98	143.0
89.768	0.356	fixation	n/a	239.2	197.3	3337.0	n/a	n/a	n/a	n/a
90.126	0.058	saccade	n/a	240.7	197.4	n/a	569.0	120.4	13.08	369.0
90.186	0.156	fixation	n/a	570.5	124.6	3252.0	n/a	n/a	n/a	n/a
90.344	0.066	saccade	n/a	570.2	126.8	n/a	167.1	151.0	15.53	447.0
90.412	0.338	fixation	n/a	163.3	154.4	3356.0	n/a	n/a	n/a	n/a
90.752	0.03	saccade	n/a	163.3	156.3	n/a	231.1	140.5	2.69	170.0
90.784	0.364	fixation	n/a	231.2	141.2	3380.0	n/a	n/a	n/a	n/a
91.072	0.0	trigger_11	11	n/a	n/a	n/a	n/a	n/a	n/a	n/a
91.15	0.032	saccade	n/a	234.5	144.2	n/a	159.3	161.9	2.98	194.0
91.174	0.0	trigger_10	10	n/a	n/a	n/a	n/a	n/a	n/a	n/a
91.184	0.408	fixation	n/a	163.0	169.6	3572.0	n/a	n/a	n/a	n/a
91.594	0.024	saccade	n/a	162.3	168.8	n/a	216.7	155.5	2.16	123.0
91.62	0.126	fixation	n/a	211.5	151.9	3650.0	n/a	n/a	n/a	n/a
91.748	0.03	saccade	n/a	213.2	149.5	n/a	280.4	143.1	2.62	177.0
91.78	0.118	fixation	n/a	278.2	140.1	3508.0	n/a	n/a	n/a	n/a
91.9	0.044	saccade	n/a	278.5	140.6	n/a	130.0	165.3	5.8	295.0
91.946	0.186	fixation	n/a	128.7	169.7	3429.0	n/a	n/a	n/a	n/a
92.134	0.032	saccade	n/a	128.5	171.4	n/a	213.7	156.8	3.32	197.0
92.168	0.158	fixation	n/a	209.5	158.6	3454.0	n/a	n/a	n/a	n/a
92.328	0.028	saccade	n/a	211.0	159.8	n/a	276.3	152.4	2.55	158.0
92.358	0.118	fixation	n/a	272.7	152.6	3506.0	n/a	n/a	n/a	n/a
92.478	0.158	saccade	n/a	269.7	157.0	n/a	330.5	163.5	2.39	980.0
92.526	0.054	blink	n/a	n/a	n/a	n/a	n/a	n/a	n/a	n/a
92.638	0.16	fixation	n/a	335.4	154.7	3433.0	n/a	n/a	n/a	n/a
92.8	0.028	saccade	n/a	338.3	146.1	n/a	401.1	150.7	2.47	152.0
92.83	0.164	fixation	n/a	396.5	146.0	3444.0	n/a	n/a	n/a	n/a
92.996	0.034	saccade	n/a	397.6	144.1	n/a	478.2	135.0	3.18	190.0
93.032	0.276	fixation	n/a	478.2	130.3	3290.0	n/a	n/a	n/a	n/a
93.31	0.024	saccade	n/a	482.1	128.8	n/a	529.4	120.6	1.87	116.0
93.336	0.102	fixation	n/a	524.9	121.3	3294.0	n/a	n/a	n/a	n/a
93.44	0.03	saccade	n/a	525.9	120.7	n/a	591.0	114.3	2.53	157.0
93.472	0.26	fixation	n/a	585.4	111.4	3303.0	n/a	n/a	n/a	n/a
93.734	0.07	saccade	n/a	585.0	112.5	n/a	130.0	198.9	17.73	479.0
93.806	0.234	fixation	n/a	126.4	204.7	3339.0	n/a	n/a	n/a	n/a
94.042	0.032	saccade	n/a	126.7	207.5	n/a	201.5	203.9	2.87	198.0
94.076	0.166	fixation	n/a	200.4	203.6	3367.0	n/a	n/a	n/a	n/a
94.192	0.0	trigger_11	11	n/a	n/a	n/a	n/a	n/a	n/a	n/a
94.244	0.036	saccade	n/a	203.6	205.9	n/a	151.4	151.1	2.95	223.0
94.282	0.356	fixation	n/a	152.0	157.0	3390.0	n/a	n/a	n/a	n/a
94.298	0.0	trigger_10	10	n/a	n/a	n/a	n/a	n/a	n/a	n/a
94.64	0.026	saccade	n/a	152.7	156.4	n/a	202.0	147.6	1.93	131.0
94.668	0.074	fixation	n/a	197.7	147.1	3526.0	n/a	n/a	n/a	n/a
94.744	0.026	saccade	n/a	196.7	149.5	n/a	156.5	160.2	1.6	128.0
94.772	0.242	fixation	n/a	160.3	161.1	3551.0	n/a	n/a	n/a	n/a
95.016	0.034	saccade	n/a	161.3	157.1	n/a	250.0	141.6	3.48	172.0
95.052	0.258	fixation	n/a	244.1	138.2	3587.0	n/a	n/a	n/a	n/a
95.312	0.03	saccade	n/a	245.5	136.8	n/a	310.5	131.0	2.54	158.0
95.344	0.278	fixation	n/a	306.7	127.5	3497.0	n/a	n/a	n/a	n/a
95.624	0.02	saccade	n/a	309.6	126.9	n/a	342.7	127.8	1.3	86.0
95.646	0.086	fixation	n/a	340.2	126.9	3449.0	n/a	n/a	n/a	n/a
95.734	0.026	saccade	n/a	343.9	128.7	n/a	398.3	131.9	2.14	137.0
95.762	0.21	fixation	n/a	396.4	129.8	3396.0	n/a	n/a	n/a	n/a
95.974	0.164	saccade	n/a	393.2	133.9	n/a	430.7	141.8	1.5	948.0
96.024	0.06	blink	n/a	n/a	n/a	n/a	n/a	n/a	n/a	n/a
96.14	0.25	fixation	n/a	431.9	130.4	3302.0	n/a	n/a	n/a	n/a
96.392	0.04	saccade	n/a	430.1	123.4	n/a	305.2	123.7	4.89	277.0
96.434	0.338	fixation	n/a	306.0	123.0	3313.0	n/a	n/a	n/a	n/a
96.774	0.042	saccade	n/a	306.7	122.7	n/a	467.9	113.8	6.31	290.0
96.818	0.294	fixation	n/a	473.3	114.3	3288.0	n/a	n/a	n/a	n/a
97.114	0.028	saccade	n/a	474.4	116.2	n/a	532.9	114.0	2.28	143.0
97.144	0.208	fixation	n/a	529.5	113.1	3265.0	n/a	n/a	n/a	n/a
97.354	0.03	saccade	n/a	532.5	115.1	n/a	604.5	109.2	2.79	160.0
97.386	0.232	fixation	n/a	600.5	110.5	3272.0	n/a	n/a	n/a	n/a
97.62	0.028	saccade	n/a	598.3	112.3	n/a	544.3	111.9	2.09	154.0
97.65	0.244	fixation	n/a	547.9	112.5	3323.0	n/a	n/a	n/a	n/a
97.896	0.03	saccade	n/a	549.5	114.1	n/a	614.0	105.9	2.51	153.0
97.928	0.156	fixation	n/a	608.3	109.1	3320.0	n/a	n/a	n/a	n/a
98.086	0.07	saccade	n/a	608.9	109.1	n/a	155.3	194.4	17.7	470.0
98.158	0.158	fixation	n/a	152.6	200.4	3394.0	n/a	n/a	n/a	n/a
98.318	0.014	saccade	n/a	147.7	203.0	n/a	132.1	204.2	0.6	51.0
98.334	0.188	fixation	n/a	134.7	207.8	3371.0	n/a	n/a	n/a	n/a
98.524	0.026	saccade	n/a	135.1	206.4	n/a	187.6	199.8	2.03	137.0
98.552	0.278	fixation	n/a	183.9	196.8	3267.0	n/a	n/a	n/a	n/a
98.832	0.03	saccade	n/a	185.3	197.8	n/a	261.1	205.9	2.95	169.0
98.864	0.122	fixation	n/a	258.5	205.9	3252.0	n/a	n/a	n/a	n/a
98.988	0.03	saccade	n/a	258.9	206.7	n/a	322.1	207.3	2.47	164.0
99.02	0.268	fixation	n/a	319.1	209.4	3237.0	n/a	n/a	n/a	n/a
99.29	0.034	saccade	n/a	319.7	209.4	n/a	404.6	206.8	3.33	193.0
99.326	0.25	fixation	n/a	403.4	207.5	3234.0	n/a	n/a	n/a	n/a
99.578	0.032	saccade	n/a	403.2	209.5	n/a	481.5	204.9	3.08	181.0
99.612	0.202	fixation	n/a	476.6	207.9	3237.0	n/a	n/a	n/a	n/a
99.816	0.034	saccade	n/a	477.1	208.4	n/a	556.5	204.6	3.09	183.0
99.852	0.182	fixation	n/a	553.0	209.0	3263.0	n/a	n/a	n/a	n/a
100.036	0.136	saccade	n/a	552.5	215.9	n/a	564.2	211.9	0.48	866.0
100.088	0.034	blink	n/a	n/a	n/a	n/a	n/a	n/a	n/a	n/a
100.174	0.092	fixation	n/a	563.0	213.7	3173.0	n/a	n/a	n/a	n/a
100.268	0.03	saccade	n/a	565.3	205.3	n/a	633.9	201.9	2.65	162.0
100.3	0.146	fixation	n/a	629.9	199.2	3236.0	n/a	n/a	n/a	n/a
100.448	0.074	saccade	n/a	627.5	200.5	n/a	120.4	281.2	19.58	492.0
100.524	0.258	fixation	n/a	116.0	287.7	3287.0	n/a	n/a	n/a	n/a
100.784	0.024	saccade	n/a	117.2	290.5	n/a	162.6	283.3	1.75	120.0
100.81	0.112	fixation	n/a	160.4	283.0	3278.0	n/a	n/a	n/a	n/a
100.924	0.03	saccade	n/a	161.6	283.2	n/a	226.9	294.7	2.56	175.0
100.956	0.252	fixation	n/a	224.1	296.3	3253.0	n/a	n/a	n/a	n/a
101.21	0.026	saccade	n/a	226.9	296.9	n/a	274.4	303.3	1.86	125.0
101.238	0.226	fixation	n/a	271.4	305.0	3252.0	n/a	n/a	n/a	n/a
101.466	0.032	saccade	n/a	274.0	306.2	n/a	365.2	306.5	3.56	178.0
101.5	0.238	fixation	n/a	361.0	304.8	3262.0	n/a	n/a	n/a	n/a
101.74	0.034	saccade	n/a	360.6	306.2	n/a	275.8	298.6	3.33	226.0
101.776	0.252	fixation	n/a	277.1	303.9	3321.0	n/a	n/a	n/a	n/a
102.03	0.034	saccade	n/a	278.4	306.1	n/a	368.0	307.2	3.5	191.0
102.066	0.268	fixation	n/a	365.7	309.2	3344.0	n/a	n/a	n/a	n/a
102.336	0.03	saccade	n/a	366.6	311.2	n/a	430.2	310.0	2.49	154.0
102.368	0.188	fixation	n/a	426.3	308.2	3366.0	n/a	n/a	n/a	n/a
102.558	0.032	saccade	n/a	427.6	306.7	n/a	504.9	305.2	3.03	180.0
102.592	0.276	fixation	n/a	500.3	306.3	3329.0	n/a	n/a	n/a	n/a
102.87	0.058	saccade	n/a	499.2	307.3	n/a	184.4	345.1	12.29	385.0
102.93	0.126	fixation	n/a	181.8	350.7	3448.0	n/a	n/a	n/a	n/a
103.058	0.03	saccade	n/a	178.8	353.1	n/a	120.6	368.2	2.29	167.0
103.09	0.29	fixation	n/a	123.1	370.4	3410.0	n/a	n/a	n/a	n/a
103.382	0.02	saccade	n/a	126.5	372.6	n/a	164.5	374.8	1.45	100.0
103.404	0.18	fixation	n/a	163.0	373.0	3370.0	n/a	n/a	n/a	n/a
103.586	0.028	saccade	n/a	165.0	372.0	n/a	233.9	380.2	2.66	169.0
103.616	0.118	fixation	n/a	229.3	380.6	3337.0	n/a	n/a	n/a	n/a
103.736	0.092	saccade	n/a	229.2	395.2	n/a	298.8	394.0	2.69	535.0
103.83	0.212	fixation	n/a	299.6	388.1	3251.0	n/a	n/a	n/a	n/a
104.044	0.032	saccade	n/a	300.2	383.7	n/a	377.4	383.9	3.01	169.0
104.078	0.368	fixation	n/a	373.5	380.6	3262.0	n/a	n/a	n/a	n/a
104.448	0.026	saccade	n/a	376.1	381.0	n/a	442.3	374.8	2.6	140.0
104.476	0.12	fixation	n/a	440.7	375.1	3189.0	n/a	n/a	n/a	n/a
104.598	0.028	saccade	n/a	443.4	377.1	n/a	508.2	379.8	2.52	154.0
104.628	0.258	fixation	n/a	501.9	378.3	3202.0	n/a	n/a	n/a	n/a
104.888	0.036	saccade	n/a	502.7	379.6	n/a	592.3	380.0	3.45	182.0
104.926	0.342	fixation	n/a	590.4	379.1	3199.0	n/a	n/a	n/a	n/a
105.27	0.02	saccade	n/a	593.4	380.7	n/a	627.1	380.3	1.29	87.0
105.292	0.292	fixation	n/a	621.1	379.5	3233.0	n/a	n/a	n/a	n/a
105.586	0.034	saccade	n/a	622.1	379.0	n/a	529.9	372.5	3.56	229.0
105.622	0.148	fixation	n/a	530.6	374.5	3238.0	n/a	n/a	n/a	n/a
105.772	0.196	saccade	n/a	526.0	382.2	n/a	603.6	386.7	3.0	697.0
105.82	0.098	blink	n/a	n/a	n/a	n/a	n/a	n/a	n/a	n/a
105.97	0.194	fixation	n/a	601.8	381.8	3119.0	n/a	n/a	n/a	n/a
106.166	0.022	saccade	n/a	602.6	375.2	n/a	640.8	383.0	1.49	106.0
106.19	0.284	fixation	n/a	634.5	379.4	3174.0	n/a	n/a	n/a	n/a
106.476	0.078	saccade	n/a	635.9	378.4	n/a	140.6	426.2	18.89	411.0
106.556	0.422	fixation	n/a	137.0	427.3	3189.0	n/a	n/a	n/a	n/a
106.98	0.022	saccade	n/a	137.3	428.5	n/a	174.6	439.3	1.47	102.0
107.004	0.194	fixation	n/a	170.2	437.3	3158.0	n/a	n/a	n/a	n/a
107.2	0.052	saccade	n/a	169.9	437.8	n/a	145.7	168.1	10.53	465.0
107.254	0.218	fixation	n/a	141.6	163.5	3142.0	n/a	n/a	n/a	n/a
107.474	0.054	saccade	n/a	139.7	162.6	n/a	117.2	335.7	6.82	351.0
107.53	0.416	fixation	n/a	120.7	351.1	3327.0	n/a	n/a	n/a	n/a
107.948	0.03	saccade	n/a	124.6	353.5	n/a	191.8	366.7	2.61	141.0
107.98	0.11	fixation	n/a	188.6	365.4	3407.0	n/a	n/a	n/a	n/a
108.092	0.062	saccade	n/a	189.7	364.2	n/a	141.8	157.9	8.28	461.0
108.156	0.184	fixation	n/a	142.4	149.8	3326.0	n/a	n/a	n/a	n/a
108.342	0.036	saccade	n/a	141.1	151.2	n/a	237.1	133.4	3.76	221.0
108.38	0.244	fixation	n/a	237.1	134.0	3387.0	n/a	n/a	n/a	n/a
108.626	0.034	saccade	n/a	238.0	138.7	n/a	328.5	132.3	3.53	212.0
108.662	0.324	fixation	n/a	322.9	131.9	3473.0	n/a	n/a	n/a	n/a
108.988	0.032	saccade	n/a	324.4	132.0	n/a	401.4	130.0	3.01	150.0
109.022	0.328	fixation	n/a	398.2	128.9	3419.0	n/a	n/a	n/a	n/a
109.352	0.034	saccade	n/a	399.6	131.3	n/a	487.7	127.8	3.45	191.0
109.388	0.31	fixation	n/a	485.0	126.9	3359.0	n/a	n/a	n/a	n/a
109.7	0.032	saccade	n/a	487.4	128.2	n/a	553.1	118.5	2.59	135.0
109.734	0.218	fixation	n/a	549.3	120.7	3366.0	n/a	n/a	n/a	n/a
109.954	0.026	saccade	n/a	551.6	121.6	n/a	600.6	110.8	1.94	124.0
109.982	0.14	fixation	n/a	594.5	113.8	3327.0	n/a	n/a	n/a	n/a
110.124	0.068	saccade	n/a	595.4	114.3	n/a	155.2	199.4	17.23	461.0
110.194	0.422	fixation	n/a	146.1	206.9	3365.0	n/a	n/a	n/a	n/a
110.618	0.028	saccade	n/a	145.7	207.1	n/a	203.7	211.9	2.23	146.0
110.648	0.308	fixation	n/a	200.6	213.2	3367.0	n/a	n/a	n/a	n/a
110.958	0.032	saccade	n/a	199.0	214.2	n/a	135.1	183.8	2.73	188.0
110.992	0.332	fixation	n/a	137.9	190.2	3554.0	n/a	n/a	n/a	n/a
111.048	0.0	trigger_11	11	n/a	n/a	n/a	n/a	n/a	n/a	n/a
111.152	0.0	trigger_10	10	n/a	n/a	n/a	n/a	n/a	n/a	n/a
111.326	0.026	saccade	n/a	136.8	191.0	n/a	148.0	158.0	1.36	108.0
111.354	0.186	fixation	n/a	145.0	166.5	3662.0	n/a	n/a	n/a	n/a
111.542	0.028	saccade	n/a	146.2	164.2	n/a	210.0	149.4	2.52	159.0
111.572	0.14	fixation	n/a	206.1	148.0	3639.0	n/a	n/a	n/a	n/a
111.714	0.084	saccade	n/a	201.2	169.0	n/a	292.2	154.2	3.58	662.0
111.8	0.16	fixation	n/a	295.8	147.1	3519.0	n/a	n/a	n/a	n/a
111.962	0.028	saccade	n/a	297.9	138.9	n/a	360.3	132.3	2.46	165.0
111.992	0.136	fixation	n/a	356.3	129.4	3581.0	n/a	n/a	n/a	n/a
112.13	0.156	saccade	n/a	355.5	132.1	n/a	429.1	141.8	2.91	1122.0
112.176	0.056	blink	n/a	n/a	n/a	n/a	n/a	n/a	n/a	n/a
112.288	0.254	fixation	n/a	428.5	135.4	3473.0	n/a	n/a	n/a	n/a
112.544	0.03	saccade	n/a	429.0	130.1	n/a	503.9	123.8	2.94	176.0
112.576	0.248	fixation	n/a	499.6	120.7	3415.0	n/a	n/a	n/a	n/a
112.826	0.022	saccade	n/a	504.9	117.8	n/a	549.3	114.0	1.73	117.0
112.85	0.236	fixation	n/a	545.9	113.2	3338.0	n/a	n/a	n/a	n/a
113.088	0.028	saccade	n/a	546.3	112.2	n/a	595.2	105.9	1.9	128.0
113.118	0.134	fixation	n/a	590.2	107.7	3335.0	n/a	n/a	n/a	n/a
113.254	0.07	saccade	n/a	590.9	107.9	n/a	132.7	197.4	17.87	494.0
113.326	0.32	fixation	n/a	125.3	205.0	3407.0	n/a	n/a	n/a	n/a
113.648	0.028	saccade	n/a	124.7	207.6	n/a	186.1	210.6	2.36	150.0
113.678	0.242	fixation	n/a	185.7	205.6	3371.0	n/a	n/a	n/a	n/a
113.922	0.03	saccade	n/a	185.8	206.3	n/a	120.9	211.3	2.49	174.0
113.954	0.326	fixation	n/a	122.8	211.6	3398.0	n/a	n/a	n/a	n/a
114.282	0.03	saccade	n/a	122.9	211.4	n/a	190.2	203.4	2.59	172.0
114.314	0.27	fixation	n/a	187.0	204.2	3481.0	n/a	n/a	n/a	n/a
114.586	0.066	saccade	n/a	187.5	205.2	n/a	554.0	120.9	14.54	374.0
114.654	0.192	fixation	n/a	560.5	117.9	3401.0	n/a	n/a	n/a	n/a
114.848	0.022	saccade	n/a	564.6	118.0	n/a	599.3	106.8	1.41	106.0
114.872	0.326	fixation	n/a	593.7	112.1	3403.0	n/a	n/a	n/a	n/a
115.2	0.072	saccade	n/a	592.1	115.8	n/a	166.5	217.6	16.82	400.0
115.274	0.214	fixation	n/a	165.4	223.8	3416.0	n/a	n/a	n/a	n/a
115.49	0.022	saccade	n/a	166.8	227.4	n/a	200.0	207.2	1.51	96.0
115.514	0.31	fixation	n/a	197.1	212.7	3386.0	n/a	n/a	n/a	n/a
115.826	0.024	saccade	n/a	199.1	210.4	n/a	248.9	211.4	1.93	117.0
115.852	0.278	fixation	n/a	245.0	209.9	3315.0	n/a	n/a	n/a	n/a
116.132	0.03	saccade	n/a	247.2	211.2	n/a	322.8	215.1	2.96	167.0
116.164	0.128	fixation	n/a	319.1	216.1	3330.0	n/a	n/a	n/a	n/a
116.294	0.108	saccade	n/a	319.0	219.2	n/a	397.2	237.4	3.15	772.0
116.344	0.002	blink	n/a	n/a	n/a	n/a	n/a	n/a	n/a	n/a
116.404	0.144	fixation	n/a	397.3	234.1	3219.0	n/a	n/a	n/a	n/a
116.55	0.03	saccade	n/a	397.7	229.7	n/a	457.5	214.3	2.42	168.0
116.582	0.178	fixation	n/a	453.2	213.9	3291.0	n/a	n/a	n/a	n/a
116.762	0.038	saccade	n/a	456.0	214.6	n/a	333.0	123.5	6.02	342.0
116.802	0.562	fixation	n/a	332.0	126.3	3250.0	n/a	n/a	n/a	n/a
117.366	0.022	saccade	n/a	329.3	127.7	n/a	298.0	125.5	1.23	93.0
117.39	0.338	fixation	n/a	301.6	130.9	3331.0	n/a	n/a	n/a	n/a
117.73	0.04	saccade	n/a	300.1	137.0	n/a	201.0	197.1	4.53	264.0
117.772	0.378	fixation	n/a	196.4	198.4	3519.0	n/a	n/a	n/a	n/a
118.152	0.02	saccade	n/a	195.9	198.2	n/a	169.3	200.3	1.03	80.0
118.174	0.158	fixation	n/a	176.0	202.0	3473.0	n/a	n/a	n/a	n/a
118.334	0.034	saccade	n/a	178.5	203.0	n/a	265.0	215.8	3.38	182.0
118.37	0.232	fixation	n/a	263.4	214.4	3432.0	n/a	n/a	n/a	n/a
118.604	0.044	saccade	n/a	265.9	215.4	n/a	415.7	206.7	5.86	228.0
118.65	0.138	fixation	n/a	413.6	205.5	3392.0	n/a	n/a	n/a	n/a
118.79	0.032	saccade	n/a	414.8	203.9	n/a	388.6	137.9	2.82	198.0
118.824	0.23	fixation	n/a	389.4	145.1	3361.0	n/a	n/a	n/a	n/a
119.056	0.028	saccade	n/a	389.0	148.0	n/a	342.3	134.3	1.91	142.0
119.086	0.382	fixation	n/a	345.3	136.6	3388.0	n/a	n/a	n/a	n/a
119.47	0.044	saccade	n/a	346.6	136.9	n/a	203.2	207.3	6.24	293.0
119.516	0.256	fixation	n/a	201.6	207.8	3436.0	n/a	n/a	n/a	n/a
119.774	0.026	saccade	n/a	203.1	210.1	n/a	255.1	209.5	2.02	131.0
119.802	0.16	fixation	n/a	252.2	211.0	3463.0	n/a	n/a	n/a	n/a
119.964	0.042	saccade	n/a	254.3	211.7	n/a	404.5	222.3	5.88	278.0
120.008	0.148	fixation	n/a	406.6	221.5	3392.0	n/a	n/a	n/a	n/a
120.158	0.03	saccade	n/a	407.4	220.6	n/a	469.0	212.6	2.44	178.0
120.19	0.12	fixation	n/a	463.7	213.2	3429.0	n/a	n/a	n/a	n/a
120.308	0.0	trigger_11	11	n/a	n/a	n/a	n/a	n/a	n/a	n/a
120.312	0.054	saccade	n/a	464.6	212.7	n/a	209.1	132.7	10.43	409.0
120.368	0.204	fixation	n/a	207.5	139.2	3441.0	n/a	n/a	n/a	n/a
120.412	0.0	trigger_10	10	n/a	n/a	n/a	n/a	n/a	n/a	n/a
120.574	0.03	saccade	n/a	204.1	142.4	n/a	141.7	152.8	2.43	170.0
120.606	0.246	fixation	n/a	142.3	156.9	3487.0	n/a	n/a	n/a	n/a
120.854	0.028	saccade	n/a	142.2	155.7	n/a	199.0	151.5	2.19	150.0
120.884	0.152	fixation	n/a	196.0	147.6	3562.0	n/a	n/a	n/a	n/a
121.038	0.03	saccade	n/a	198.7	145.2	n/a	256.0	140.8	2.23	149.0
121.07	0.17	fixation	n/a	252.8	139.3	3554.0	n/a	n/a	n/a	n/a
121.242	0.028	saccade	n/a	254.4	137.3	n/a	322.6	132.6	2.67	166.0
121.272	0.124	fixation	n/a	316.0	131.8	3560.0	n/a	n/a	n/a	n/a
121.398	0.098	saccade	n/a	312.4	141.9	n/a	389.9	152.9	3.06	774.0
121.498	0.376	fixation	n/a	390.0	139.6	3457.0	n/a	n/a	n/a	n/a
121.876	0.03	saccade	n/a	392.3	133.1	n/a	473.2	126.5	3.18	180.0
121.908	0.066	fixation	n/a	469.2	127.8	3323.0	n/a	n/a	n/a	n/a
121.976	0.144	saccade	n/a	467.7	133.6	n/a	510.7	143.5	1.72	1033.0
122.02	0.048	blink	n/a	n/a	n/a	n/a	n/a	n/a	n/a	n/a
122.122	0.152	fixation	n/a	511.3	133.6	3244.0	n/a	n/a	n/a	n/a
122.276	0.026	saccade	n/a	512.6	128.0	n/a	556.9	116.4	1.78	121.0
122.304	0.072	fixation	n/a	552.0	116.6	3344.0	n/a	n/a	n/a	n/a
122.378	0.064	saccade	n/a	552.8	114.9	n/a	127.8	206.2	16.7	500.0
122.444	0.242	fixation	n/a	124.0	213.4	3299.0	n/a	n/a	n/a	n/a
122.688	0.024	saccade	n/a	126.3	211.1	n/a	171.0	207.6	1.71	122.0
122.714	0.258	fixation	n/a	169.4	204.2	3295.0	n/a	n/a	n/a	n/a
122.974	0.042	saccade	n/a	170.0	203.5	n/a	305.6	216.7	5.28	226.0
123.018	0.26	fixation	n/a	305.3	213.2	3293.0	n/a	n/a	n/a	n/a
123.28	0.028	saccade	n/a	304.8	212.6	n/a	250.6	203.9	2.14	146.0
123.31	0.11	fixation	n/a	254.0	209.0	3354.0	n/a	n/a	n/a	n/a
123.422	0.038	saccade	n/a	252.2	209.0	n/a	135.6	198.4	4.51	272.0
123.462	0.32	fixation	n/a	135.1	203.4	3354.0	n/a	n/a	n/a	n/a
123.784	0.034	saccade	n/a	134.7	204.0	n/a	215.6	207.8	3.11	194.0
123.82	0.196	fixation	n/a	212.3	204.3	3465.0	n/a	n/a	n/a	n/a
124.018	0.036	saccade	n/a	214.6	203.6	n/a	318.5	207.3	4.05	242.0
124.056	0.248	fixation	n/a	316.6	202.7	3495.0	n/a	n/a	n/a	n/a
124.306	0.02	saccade	n/a	314.5	201.6	n/a	288.1	197.3	1.05	83.0
124.328	0.164	fixation	n/a	294.4	200.8	3480.0	n/a	n/a	n/a	n/a
124.494	0.042	saccade	n/a	295.5	201.8	n/a	442.8	209.4	5.77	256.0
124.538	0.312	fixation	n/a	442.5	209.1	3371.0	n/a	n/a	n/a	n/a
124.852	0.046	saccade	n/a	437.9	211.0	n/a	225.6	142.8	8.71	342.0
124.9	0.354	fixation	n/a	230.9	135.7	3385.0	n/a	n/a	n/a	n/a
125.256	0.036	saccade	n/a	229.4	134.5	n/a	136.2	153.0	3.65	237.0
125.294	0.17	fixation	n/a	137.7	155.6	3355.0	n/a	n/a	n/a	n/a
125.466	0.032	saccade	n/a	137.9	154.2	n/a	213.8	135.4	3.0	191.0
125.5	0.168	fixation	n/a	211.9	134.6	3335.0	n/a	n/a	n/a	n/a
125.67	0.032	saccade	n/a	214.0	133.6	n/a	300.4	130.4	3.36	175.0
125.704	0.048	fixation	n/a	294.8	128.8	3365.0	n/a	n/a	n/a	n/a
125.754	0.158	saccade	n/a	295.0	134.4	n/a	367.7	145.2	2.88	955.0
125.804	0.048	blink	n/a	n/a	n/a	n/a	n/a	n/a	n/a	n/a
125.914	0.224	fixation	n/a	368.2	137.6	3288.0	n/a	n/a	n/a	n/a
126.14	0.032	saccade	n/a	370.8	129.6	n/a	445.3	120.3	2.94	174.0
126.174	0.318	fixation	n/a	440.0	119.1	3317.0	n/a	n/a	n/a	n/a
126.494	0.034	saccade	n/a	442.0	121.7	n/a	521.4	108.1	3.14	181.0
126.53	0.324	fixation	n/a	517.1	112.0	3388.0	n/a	n/a	n/a	n/a
126.856	0.03	saccade	n/a	516.1	115.2	n/a	460.2	113.4	2.18	172.0
126.888	0.17	fixation	n/a	462.5	118.1	3466.0	n/a	n/a	n/a	n/a
127.06	0.036	saccade	n/a	462.7	118.7	n/a	554.8	110.9	3.59	229.0
127.098	0.098	fixation	n/a	551.9	113.4	3448.0	n/a	n/a	n/a	n/a
127.198	0.066	saccade	n/a	550.8	116.1	n/a	136.5	199.8	16.27	489.0
127.266	0.244	fixation	n/a	130.9	207.4	3491.0	n/a	n/a	n/a	n/a
127.512	0.032	saccade	n/a	129.6	209.9	n/a	208.3	206.0	3.02	197.0
127.546	0.15	fixation	n/a	204.5	204.6	3434.0	n/a	n/a	n/a	n/a
127.698	0.036	saccade	n/a	203.8	200.3	n/a	305.6	209.3	3.97	236.0
127.736	0.106	fixation	n/a	305.9	209.1	3333.0	n/a	n/a	n/a	n/a
127.844	0.04	saccade	n/a	306.6	209.0	n/a	159.7	195.0	5.71	315.0
127.886	0.21	fixation	n/a	157.4	198.1	3337.0	n/a	n/a	n/a	n/a
128.098	0.062	saccade	n/a	155.9	199.1	n/a	506.6	124.6	13.86	384.0
128.162	0.658	fixation	n/a	509.8	126.1	3366.0	n/a	n/a	n/a	n/a
128.822	0.068	saccade	n/a	510.4	123.9	n/a	171.1	205.3	13.51	374.0
128.892	0.306	fixation	n/a	165.5	204.7	3503.0	n/a	n/a	n/a	n/a
129.2	0.028	saccade	n/a	164.3	206.9	n/a	244.0	206.5	3.08	159.0
129.23	0.044	fixation	n/a	244.0	206.6	3573.0	n/a	n/a	n/a	n/a
129.276	0.032	saccade	n/a	245.5	209.4	n/a	330.4	214.6	3.32	220.0
129.31	0.176	fixation	n/a	329.3	217.2	3512.0	n/a	n/a	n/a	n/a
129.488	0.142	saccade	n/a	329.4	223.4	n/a	378.8	230.8	1.96	828.0
129.538	0.036	blink	n/a	n/a	n/a	n/a	n/a	n/a	n/a	n/a
129.632	0.098	fixation	n/a	381.2	227.9	3340.0	n/a	n/a	n/a	n/a
129.732	0.032	saccade	n/a	381.1	224.7	n/a	463.2	218.5	3.23	209.0
129.766	0.144	fixation	n/a	459.9	212.9	3380.0	n/a	n/a	n/a	n/a
129.912	0.034	saccade	n/a	460.9	210.2	n/a	551.3	200.5	3.55	214.0
129.948	0.194	fixation	n/a	547.4	201.5	3353.0	n/a	n/a	n/a	n/a
130.144	0.028	saccade	n/a	548.5	205.1	n/a	612.6	206.3	2.48	162.0
130.174	0.232	fixation	n/a	609.0	206.4	3311.0	n/a	n/a	n/a	n/a
130.408	0.068	saccade	n/a	610.3	207.9	n/a	168.9	280.3	17.18	481.0
130.478	0.098	fixation	n/a	164.0	284.9	3372.0	n/a	n/a	n/a	n/a
130.578	0.026	saccade	n/a	161.2	287.3	n/a	118.6	288.7	1.62	120.0
130.606	0.34	fixation	n/a	117.4	286.9	3292.0	n/a	n/a	n/a	n/a
130.948	0.072	saccade	n/a	112.5	281.5	n/a	599.5	191.9	18.92	425.0
131.022	0.36	fixation	n/a	607.1	193.5	3302.0	n/a	n/a	n/a	n/a
131.384	0.074	saccade	n/a	607.2	195.0	n/a	114.4	277.5	19.09	474.0
131.46	0.244	fixation	n/a	110.1	281.6	3421.0	n/a	n/a	n/a	n/a
131.706	0.03	saccade	n/a	109.4	284.3	n/a	176.4	286.8	2.56	176.0
131.738	0.316	fixation	n/a	172.8	287.3	3388.0	n/a	n/a	n/a	n/a
132.056	0.032	saccade	n/a	175.6	294.0	n/a	276.1	310.4	3.94	202.0
132.09	0.14	fixation	n/a	273.5	308.9	3372.0	n/a	n/a	n/a	n/a
132.232	0.124	saccade	n/a	272.0	310.8	n/a	353.6	325.8	3.24	701.0
132.278	0.024	blink	n/a	n/a	n/a	n/a	n/a	n/a	n/a	n/a
132.358	0.162	fixation	n/a	353.5	320.5	3270.0	n/a	n/a	n/a	n/a
132.522	0.014	saccade	n/a	348.4	313.7	n/a	329.6	312.0	0.74	61.0
132.538	0.41	fixation	n/a	331.1	309.6	3309.0	n/a	n/a	n/a	n/a
132.95	0.042	saccade	n/a	332.5	308.7	n/a	192.2	287.3	5.5	287.0
132.994	0.196	fixation	n/a	190.7	289.7	3255.0	n/a	n/a	n/a	n/a
133.192	0.038	saccade	n/a	191.4	292.3	n/a	317.5	303.2	4.91	254.0
133.232	0.222	fixation	n/a	319.8	304.5	3263.0	n/a	n/a	n/a	n/a
133.456	0.032	saccade	n/a	321.9	307.0	n/a	392.3	302.6	2.76	186.0
133.49	0.164	fixation	n/a	389.4	304.5	3277.0	n/a	n/a	n/a	n/a
133.656	0.048	saccade	n/a	390.3	306.9	n/a	179.9	196.0	9.28	418.0
133.706	0.142	fixation	n/a	177.4	200.8	3314.0	n/a	n/a	n/a	n/a
133.85	0.03	saccade	n/a	176.5	200.6	n/a	126.1	215.3	2.01	162.0
133.882	0.382	fixation	n/a	126.8	212.7	3311.0	n/a	n/a	n/a	n/a
134.266	0.036	saccade	n/a	127.4	213.2	n/a	241.4	209.6	4.39	231.0
134.304	0.084	fixation	n/a	238.9	210.0	3427.0	n/a	n/a	n/a	n/a
134.362	0.0	trigger_11	11	n/a	n/a	n/a	n/a	n/a	n/a	n/a
134.39	0.034	saccade	n/a	241.1	212.5	n/a	326.5	222.5	3.36	222.0
134.426	0.272	fixation	n/a	319.6	224.0	3562.0	n/a	n/a	n/a	n/a
134.472	0.0	trigger_10	10	n/a	n/a	n/a	n/a	n/a	n/a	n/a
134.7	0.044	saccade	n/a	317.9	226.1	n/a	163.3	207.9	6.04	332.0
134.746	0.05	fixation	n/a	160.6	207.9	3697.0	n/a	n/a	n/a	n/a
134.798	0.028	saccade	n/a	157.0	211.0	n/a	118.9	204.2	1.48	148.0
134.828	0.1	fixation	n/a	121.6	210.0	3673.0	n/a	n/a	n/a	n/a
134.93	0.03	saccade	n/a	120.7	210.4	n/a	152.8	168.5	2.05	167.0
134.962	0.224	fixation	n/a	150.0	173.1	3578.0	n/a	n/a	n/a	n/a
135.188	0.032	saccade	n/a	151.5	170.1	n/a	225.7	151.5	2.95	164.0
135.222	0.246	fixation	n/a	223.4	147.0	3488.0	n/a	n/a	n/a	n/a
135.47	0.024	saccade	n/a	226.4	144.1	n/a	274.8	140.8	1.88	121.0
135.496	0.194	fixation	n/a	271.0	140.0	3548.0	n/a	n/a	n/a	n/a
135.692	0.03	saccade	n/a	273.5	142.1	n/a	350.4	141.4	3.01	171.0
135.724	0.216	fixation	n/a	347.1	142.2	3549.0	n/a	n/a	n/a	n/a
135.942	0.032	saccade	n/a	349.5	141.9	n/a	419.7	140.6	2.75	163.0
135.976	0.092	fixation	n/a	414.8	142.1	3508.0	n/a	n/a	n/a	n/a
136.07	0.15	saccade	n/a	410.8	148.3	n/a	474.4	148.7	2.49	926.0
136.118	0.048	blink	n/a	n/a	n/a	n/a	n/a	n/a	n/a	n/a
136.222	0.298	fixation	n/a	474.4	129.2	3347.0	n/a	n/a	n/a	n/a
136.522	0.03	saccade	n/a	474.1	121.3	n/a	544.8	119.9	2.75	156.0
136.554	0.19	fixation	n/a	540.8	119.4	3320.0	n/a	n/a	n/a	n/a
136.746	0.028	saccade	n/a	543.5	118.1	n/a	603.6	112.3	2.33	159.0
136.776	0.112	fixation	n/a	599.5	113.3	3291.0	n/a	n/a	n/a	n/a
136.89	0.068	saccade	n/a	599.8	114.2	n/a	149.8	196.6	17.54	487.0
136.96	0.284	fixation	n/a	141.4	204.0	3344.0	n/a	n/a	n/a	n/a
137.246	0.028	saccade	n/a	140.6	206.6	n/a	212.3	202.5	2.76	157.0
137.276	0.128	fixation	n/a	210.4	201.9	3363.0	n/a	n/a	n/a	n/a
137.406	0.032	saccade	n/a	212.0	203.1	n/a	283.0	214.5	2.79	178.0
137.44	0.244	fixation	n/a	281.6	211.1	3339.0	n/a	n/a	n/a	n/a
137.686	0.03	saccade	n/a	284.3	208.5	n/a	352.3	207.5	2.66	170.0
137.718	0.152	fixation	n/a	349.3	207.1	3364.0	n/a	n/a	n/a	n/a
137.872	0.028	saccade	n/a	350.5	209.1	n/a	394.7	211.7	1.74	126.0
137.902	0.184	fixation	n/a	389.9	213.1	3357.0	n/a	n/a	n/a	n/a
138.088	0.028	saccade	n/a	389.4	213.2	n/a	342.9	205.1	1.85	150.0
138.118	0.296	fixation	n/a	345.2	207.8	3320.0	n/a	n/a	n/a	n/a
138.416	0.028	saccade	n/a	348.3	208.2	n/a	402.2	205.0	2.12	142.0
138.446	0.25	fixation	n/a	398.7	204.8	3296.0	n/a	n/a	n/a	n/a
138.698	0.032	saccade	n/a	400.0	204.0	n/a	439.1	143.0	2.87	171.0
138.732	0.248	fixation	n/a	436.5	148.2	3289.0	n/a	n/a	n/a	n/a
138.982	0.03	saccade	n/a	435.7	148.5	n/a	379.0	130.9	2.33	172.0
139.014	0.528	fixation	n/a	383.8	132.2	3355.0	n/a	n/a	n/a	n/a
139.544	0.032	saccade	n/a	384.3	136.2	n/a	389.0	206.2	2.79	168.0
139.578	0.176	fixation	n/a	387.9	203.9	3404.0	n/a	n/a	n/a	n/a
139.756	0.038	saccade	n/a	386.8	205.0	n/a	287.7	131.8	4.85	295.0
139.796	0.336	fixation	n/a	292.9	138.2	3423.0	n/a	n/a	n/a	n/a
140.134	0.038	saccade	n/a	293.3	138.2	n/a	403.1	136.6	4.3	210.0
140.174	0.046	fixation	n/a	399.9	133.9	3349.0	n/a	n/a	n/a	n/a
140.222	0.032	saccade	n/a	401.8	134.3	n/a	472.8	125.8	2.8	191.0
140.256	0.156	fixation	n/a	469.5	127.5	3326.0	n/a	n/a	n/a	n/a
140.414	0.048	saccade	n/a	472.2	125.4	n/a	397.4	205.4	4.32	299.0
140.464	0.244	fixation	n/a	387.2	212.4	3401.0	n/a	n/a	n/a	n/a
140.71	0.164	saccade	n/a	385.6	217.8	n/a	463.2	218.1	3.04	774.0
140.766	0.054	blink	n/a	n/a	n/a	n/a	n/a	n/a	n/a	n/a
140.876	0.614	fixation	n/a	463.5	208.0	3221.0	n/a	n/a	n/a	n/a
141.492	0.032	saccade	n/a	464.5	209.1	n/a	542.7	198.8	3.08	185.0
141.526	0.234	fixation	n/a	539.1	201.8	3185.0	n/a	n/a	n/a	n/a
141.762	0.03	saccade	n/a	540.3	202.7	n/a	612.5	195.3	2.81	176.0
141.794	0.268	fixation	n/a	608.0	196.2	3177.0	n/a	n/a	n/a	n/a
142.064	0.024	saccade	n/a	610.2	198.8	n/a	650.3	192.9	1.55	114.0
142.09	0.066	fixation	n/a	645.1	192.6	3219.0	n/a	n/a	n/a	n/a
142.158	0.074	saccade	n/a	644.4	193.2	n/a	132.7	273.0	19.74	475.0
142.234	0.316	fixation	n/a	128.8	281.8	3315.0	n/a	n/a	n/a	n/a
142.552	0.032	saccade	n/a	128.4	286.2	n/a	212.8	297.3	3.26	209.0
142.586	0.318	fixation	n/a	213.9	297.9	3294.0	n/a	n/a	n/a	n/a
142.906	0.024	saccade	n/a	214.0	297.3	n/a	177.6	289.8	1.43	106.0
142.932	0.22	fixation	n/a	182.4	290.4	3289.0	n/a	n/a	n/a	n/a
143.154	0.034	saccade	n/a	184.7	291.7	n/a	273.2	305.3	3.47	200.0
143.19	0.34	fixation	n/a	271.8	307.2	3303.0	n/a	n/a	n/a	n/a
143.532	0.036	saccade	n/a	271.6	310.4	n/a	368.0	305.6	3.77	210.0
143.57	0.098	fixation	n/a	365.0	306.3	3287.0	n/a	n/a	n/a	n/a
143.67	0.162	saccade	n/a	364.4	312.2	n/a	342.7	308.1	0.87	737.0
143.712	0.06	blink	n/a	n/a	n/a	n/a	n/a	n/a	n/a	n/a
143.834	0.176	fixation	n/a	342.7	307.5	3185.0	n/a	n/a	n/a	n/a
144.012	0.036	saccade	n/a	343.6	301.6	n/a	441.1	308.9	3.83	201.0
144.05	0.27	fixation	n/a	442.6	308.2	3264.0	n/a	n/a	n/a	n/a
144.322	0.03	saccade	n/a	444.6	310.7	n/a	510.7	306.9	2.58	161.0
144.354	0.542	fixation	n/a	506.7	306.4	3245.0	n/a	n/a	n/a	n/a
144.898	0.038	saccade	n/a	505.6	306.1	n/a	444.6	187.3	5.28	314.0
144.938	0.166	fixation	n/a	445.4	193.4	3233.0	n/a	n/a	n/a	n/a
145.106	0.03	saccade	n/a	446.2	190.9	n/a	473.2	120.1	3.0	199.0
145.138	0.208	fixation	n/a	470.4	127.9	3261.0	n/a	n/a	n/a	n/a
145.348	0.034	saccade	n/a	472.1	131.0	n/a	558.2	125.1	3.35	195.0
145.384	0.272	fixation	n/a	553.6	123.7	3355.0	n/a	n/a	n/a	n/a
145.658	0.068	saccade	n/a	554.1	123.2	n/a	155.6	201.1	15.66	449.0
145.728	0.244	fixation	n/a	148.8	207.3	3488.0	n/a	n/a	n/a	n/a
145.974	0.04	saccade	n/a	148.0	207.9	n/a	275.8	214.7	4.94	226.0
146.016	0.218	fixation	n/a	273.3	213.1	3435.0	n/a	n/a	n/a	n/a
146.236	0.034	saccade	n/a	274.4	212.8	n/a	368.2	213.5	3.66	216.0
146.272	0.062	fixation	n/a	364.6	213.9	3403.0	n/a	n/a	n/a	n/a
146.336	0.034	saccade	n/a	366.3	217.3	n/a	454.5	212.9	3.46	216.0
146.372	0.404	fixation	n/a	452.6	216.4	3422.0	n/a	n/a	n/a	n/a
146.778	0.04	saccade	n/a	452.4	216.7	n/a	316.4	211.1	5.34	298.0
146.82	0.15	fixation	n/a	316.6	215.4	3456.0	n/a	n/a	n/a	n/a
146.972	0.026	saccade	n/a	312.9	215.0	n/a	268.4	207.1	1.77	140.0
147.0	0.144	fixation	n/a	271.3	211.4	3447.0	n/a	n/a	n/a	n/a
147.146	0.046	saccade	n/a	271.4	213.4	n/a	446.4	214.5	6.85	295.0
147.194	0.288	fixation	n/a	451.2	219.8	3457.0	n/a	n/a	n/a	n/a
147.484	0.032	saccade	n/a	453.4	224.1	n/a	536.7	216.8	3.27	190.0
147.518	0.124	fixation	n/a	531.3	218.7	3456.0	n/a	n/a	n/a	n/a
147.644	0.144	saccade	n/a	528.4	225.0	n/a	603.4	216.0	2.92	803.0
147.694	0.044	blink	n/a	n/a	n/a	n/a	n/a	n/a	n/a	n/a
147.79	0.276	fixation	n/a	605.6	207.4	3322.0	n/a	n/a	n/a	n/a
148.068	0.03	saccade	n/a	606.2	198.8	n/a	546.7	201.6	2.3	170.0
148.1	0.282	fixation	n/a	547.0	202.1	3380.0	n/a	n/a	n/a	n/a
148.384	0.034	saccade	n/a	546.2	201.4	n/a	463.5	203.5	3.23	224.0
148.42	0.134	fixation	n/a	464.4	208.8	3391.0	n/a	n/a	n/a	n/a
148.556	0.042	saccade	n/a	463.3	209.5	n/a	597.8	203.0	5.23	250.0
148.6	0.33	fixation	n/a	600.1	204.0	3396.0	n/a	n/a	n/a	n/a
148.932	0.078	saccade	n/a	600.8	202.6	n/a	139.8	263.5	17.82	411.0
149.012	0.384	fixation	n/a	131.4	269.5	3466.0	n/a	n/a	n/a	n/a
149.398	0.03	saccade	n/a	130.9	273.1	n/a	198.9	298.4	2.79	181.0
149.43	0.198	fixation	n/a	195.3	295.5	3463.0	n/a	n/a	n/a	n/a
149.63	0.014	saccade	n/a	191.9	297.2	n/a	172.8	296.4	0.73	62.0
149.646	0.17	fixation	n/a	177.3	299.4	3453.0	n/a	n/a	n/a	n/a
149.818	0.028	saccade	n/a	179.7	301.1	n/a	242.0	309.3	2.42	155.0
149.848	0.162	fixation	n/a	240.0	310.3	3429.0	n/a	n/a	n/a	n/a
150.012	0.026	saccade	n/a	242.7	309.8	n/a	292.6	315.0	1.95	134.0
150.04	0.292	fixation	n/a	288.8	310.6	3404.0	n/a	n/a	n/a	n/a
150.334	0.026	saccade	n/a	293.2	310.3	n/a	354.3	304.4	2.4	141.0
150.362	0.126	fixation	n/a	351.4	303.9	3316.0	n/a	n/a	n/a	n/a
150.49	0.126	saccade	n/a	350.3	311.4	n/a	421.5	316.3	2.8	655.0
150.538	0.028	blink	n/a	n/a	n/a	n/a	n/a	n/a	n/a	n/a
150.618	0.144	fixation	n/a	422.9	312.4	3198.0	n/a	n/a	n/a	n/a
150.764	0.03	saccade	n/a	423.5	305.7	n/a	483.8	306.3	2.36	170.0
150.796	0.272	fixation	n/a	483.8	305.0	3328.0	n/a	n/a	n/a	n/a
151.07	0.028	saccade	n/a	487.1	306.1	n/a	545.1	302.4	2.26	146.0
151.1	0.114	fixation	n/a	539.7	301.6	3281.0	n/a	n/a	n/a	n/a
151.216	0.034	saccade	n/a	539.7	301.9	n/a	478.1	221.0	4.0	254.0
151.252	0.376	fixation	n/a	477.8	227.2	3331.0	n/a	n/a	n/a	n/a
151.63	0.028	saccade	n/a	479.9	229.9	n/a	535.5	222.3	2.19	139.0
151.66	0.15	fixation	n/a	530.2	221.2	3422.0	n/a	n/a	n/a	n/a
151.812	0.048	saccade	n/a	530.8	219.7	n/a	327.3	224.0	7.95	352.0
151.86	0.0	trigger_11	11	n/a	n/a	n/a	n/a	n/a	n/a	n/a
151.862	0.268	fixation	n/a	323.9	228.4	3494.0	n/a	n/a	n/a	n/a
151.962	0.0	trigger_12	12	n/a	n/a	n/a	n/a	n/a	n/a	n/a
152.132	0.048	saccade	n/a	320.8	230.5	n/a	193.8	160.3	5.67	358.0
152.182	0.098	fixation	n/a	188.0	156.1	3574.0	n/a	n/a	n/a	n/a
152.282	0.026	saccade	n/a	185.5	156.2	n/a	146.9	171.7	1.6	122.0
152.31	0.262	fixation	n/a	149.7	169.8	3475.0	n/a	n/a	n/a	n/a
152.574	0.028	saccade	n/a	149.9	167.8	n/a	213.5	158.4	2.48	152.0
152.604	0.172	fixation	n/a	211.3	154.5	3464.0	n/a	n/a	n/a	n/a
152.778	0.028	saccade	n/a	213.6	153.2	n/a	275.8	149.3	2.43	163.0
152.808	0.18	fixation	n/a	272.5	146.6	3527.0	n/a	n/a	n/a	n/a
152.99	0.03	saccade	n/a	276.9	142.2	n/a	347.8	140.6	2.78	160.0
153.022	0.3	fixation	n/a	342.9	136.9	3617.0	n/a	n/a	n/a	n/a
153.324	0.016	saccade	n/a	338.3	135.2	n/a	317.6	135.9	0.81	63.0
153.342	0.312	fixation	n/a	319.7	138.1	3594.0	n/a	n/a	n/a	n/a
153.656	0.044	saccade	n/a	318.1	140.6	n/a	155.8	155.4	6.29	292.0
153.702	0.424	fixation	n/a	155.9	160.9	3665.0	n/a	n/a	n/a	n/a
153.732	0.0	trigger_13	13	n/a	n/a	n/a	n/a	n/a	n/a	n/a
154.128	0.048	saccade	n/a	156.1	160.8	n/a	127.3	212.5	2.31	224.0
154.178	0.15	fixation	n/a	122.1	228.2	3845.0	n/a	n/a	n/a	n/a
154.33	0.05	saccade	n/a	120.6	233.2	n/a	115.1	342.1	4.26	340.0
154.382	0.11	fixation	n/a	116.4	352.1	3940.0	n/a	n/a	n/a	n/a
154.494	0.036	saccade	n/a	116.8	356.0	n/a	105.6	281.9	2.91	230.0
154.532	0.306	fixation	n/a	103.0	288.0	3803.0	n/a	n/a	n/a	n/a
154.84	0.12	saccade	n/a	102.4	306.7	n/a	111.5	279.6	1.11	676.0
154.886	0.004	blink	n/a	n/a	n/a	n/a	n/a	n/a	n/a	n/a
154.962	0.236	fixation	n/a	110.1	276.3	3670.0	n/a	n/a	n/a	n/a
154.988	0.0	trigger_15	15	n/a	n/a	n/a	n/a	n/a	n/a	n/a
155.042	0.0	trigger_10	10	n/a	n/a	n/a	n/a	n/a	n/a	n/a
155.2	0.034	saccade	n/a	110.8	268.0	n/a	163.0	189.4	3.67	216.0
155.236	0.114	fixation	n/a	160.9	197.2	3639.0	n/a	n/a	n/a	n/a
155.352	0.026	saccade	n/a	159.4	195.5	n/a	141.2	169.2	1.25	116.0
155.38	0.146	fixation	n/a	143.0	171.8	3498.0	n/a	n/a	n/a	n/a
155.528	0.028	saccade	n/a	141.9	168.0	n/a	205.1	155.7	2.47	154.0
155.558	0.252	fixation	n/a	202.1	150.9	3481.0	n/a	n/a	n/a	n/a
155.812	0.03	saccade	n/a	205.2	150.8	n/a	270.5	146.6	2.54	148.0
155.844	0.07	fixation	n/a	266.2	145.0	3485.0	n/a	n/a	n/a	n/a
155.916	0.026	saccade	n/a	270.6	145.4	n/a	318.5	152.9	1.89	135.0
155.944	0.256	fixation	n/a	314.3	145.2	3475.0	n/a	n/a	n/a	n/a
156.202	0.032	saccade	n/a	315.4	141.2	n/a	390.5	141.2	2.94	177.0
156.236	0.26	fixation	n/a	386.9	138.1	3432.0	n/a	n/a	n/a	n/a
156.498	0.036	saccade	n/a	388.3	138.2	n/a	489.9	130.2	3.98	215.0
156.536	0.206	fixation	n/a	486.0	132.4	3372.0	n/a	n/a	n/a	n/a
156.744	0.028	saccade	n/a	490.0	131.6	n/a	546.8	128.3	2.21	140.0
156.774	0.2	fixation	n/a	544.1	130.5	3365.0	n/a	n/a	n/a	n/a
156.976	0.026	saccade	n/a	548.6	134.7	n/a	591.1	127.5	1.67	128.0
157.004	0.128	fixation	n/a	587.4	127.5	3329.0	n/a	n/a	n/a	n/a
157.134	0.066	saccade	n/a	587.3	130.0	n/a	206.6	182.5	14.84	440.0
157.202	0.116	fixation	n/a	197.0	184.0	3412.0	n/a	n/a	n/a	n/a
157.32	0.032	saccade	n/a	190.9	185.8	n/a	127.6	208.8	2.58	171.0
157.354	0.202	fixation	n/a	127.7	210.1	3373.0	n/a	n/a	n/a	n/a
157.558	0.14	saccade	n/a	122.6	221.9	n/a	202.4	213.5	3.08	859.0
157.604	0.03	blink	n/a	n/a	n/a	n/a	n/a	n/a	n/a	n/a
157.7	0.21	fixation	n/a	202.3	213.1	3337.0	n/a	n/a	n/a	n/a
157.912	0.032	saccade	n/a	203.8	209.9	n/a	279.1	207.8	2.93	177.0
157.946	0.266	fixation	n/a	275.7	205.4	3345.0	n/a	n/a	n/a	n/a
158.214	0.032	saccade	n/a	278.2	205.0	n/a	355.7	211.8	3.05	173.0
158.248	0.214	fixation	n/a	352.6	211.0	3281.0	n/a	n/a	n/a	n/a
158.464	0.034	saccade	n/a	353.1	210.3	n/a	430.3	205.7	3.03	162.0
158.5	0.3	fixation	n/a	427.0	207.0	3247.0	n/a	n/a	n/a	n/a
158.802	0.018	saccade	n/a	427.1	206.4	n/a	401.5	202.1	1.02	79.0
158.822	0.164	fixation	n/a	407.6	205.9	3212.0	n/a	n/a	n/a	n/a
158.988	0.05	saccade	n/a	406.6	206.9	n/a	183.5	131.1	9.17	386.0
159.04	0.232	fixation	n/a	182.1	131.4	3175.0	n/a	n/a	n/a	n/a
159.274	0.028	saccade	n/a	183.1	130.2	n/a	256.2	126.8	2.83	170.0
159.304	0.238	fixation	n/a	255.5	123.9	3205.0	n/a	n/a	n/a	n/a
159.544	0.03	saccade	n/a	257.2	123.3	n/a	332.7	126.7	2.95	174.0
159.576	0.212	fixation	n/a	329.9	125.9	3296.0	n/a	n/a	n/a	n/a
159.79	0.034	saccade	n/a	329.3	127.7	n/a	418.0	125.2	3.47	208.0
159.826	0.178	fixation	n/a	412.8	127.2	3340.0	n/a	n/a	n/a	n/a
160.006	0.034	saccade	n/a	413.7	129.4	n/a	498.7	119.6	3.34	216.0
160.042	0.246	fixation	n/a	497.6	117.3	3350.0	n/a	n/a	n/a	n/a
160.29	0.032	saccade	n/a	501.0	117.5	n/a	582.0	109.0	3.15	192.0
160.324	0.152	fixation	n/a	579.8	109.7	3361.0	n/a	n/a	n/a	n/a
160.478	0.07	saccade	n/a	581.2	109.4	n/a	165.2	203.6	16.39	462.0
160.55	0.19	fixation	n/a	159.2	210.6	3400.0	n/a	n/a	n/a	n/a
160.742	0.044	saccade	n/a	158.9	213.1	n/a	328.1	217.5	6.56	309.0
160.788	0.244	fixation	n/a	332.8	217.8	3429.0	n/a	n/a	n/a	n/a
161.034	0.028	saccade	n/a	335.6	218.7	n/a	385.8	214.3	1.98	138.0
161.064	0.126	fixation	n/a	382.9	216.4	3405.0	n/a	n/a	n/a	n/a
161.192	0.036	saccade	n/a	384.6	217.5	n/a	474.0	212.4	3.51	226.0
161.23	0.142	fixation	n/a	473.8	210.9	3334.0	n/a	n/a	n/a	n/a
161.374	0.044	saccade	n/a	474.8	211.8	n/a	292.8	210.7	7.12	359.0
161.42	0.206	fixation	n/a	286.5	214.3	3382.0	n/a	n/a	n/a	n/a
161.628	0.034	saccade	n/a	284.8	214.4	n/a	206.1	197.8	3.13	218.0
161.664	0.3	fixation	n/a	207.6	200.7	3412.0	n/a	n/a	n/a	n/a
161.966	0.032	saccade	n/a	209.8	201.0	n/a	171.5	144.2	2.68	191.0
161.972	0.0	trigger_11	11	n/a	n/a	n/a	n/a	n/a	n/a	n/a
162.0	0.26	fixation	n/a	172.1	152.6	3366.0	n/a	n/a	n/a	n/a
162.076	0.0	trigger_10	10	n/a	n/a	n/a	n/a	n/a	n/a	n/a
162.262	0.018	saccade	n/a	167.9	153.4	n/a	142.3	152.8	0.98	72.0
162.282	0.096	fixation	n/a	147.4	157.1	3369.0	n/a	n/a	n/a	n/a
162.38	0.032	saccade	n/a	146.7	157.6	n/a	215.2	146.5	2.67	177.0
162.414	0.106	fixation	n/a	212.2	144.0	3439.0	n/a	n/a	n/a	n/a
162.522	0.026	saccade	n/a	214.7	142.5	n/a	274.8	137.9	2.34	149.0
162.55	0.198	fixation	n/a	271.0	134.9	3486.0	n/a	n/a	n/a	n/a
162.75	0.036	saccade	n/a	273.3	135.6	n/a	363.6	134.6	3.53	200.0
162.788	0.222	fixation	n/a	361.2	134.0	3448.0	n/a	n/a	n/a	n/a
163.012	0.032	saccade	n/a	362.9	134.6	n/a	440.9	134.0	3.06	193.0
163.046	0.208	fixation	n/a	437.9	135.0	3415.0	n/a	n/a	n/a	n/a
163.256	0.032	saccade	n/a	439.4	136.0	n/a	519.9	124.6	3.18	196.0
163.29	0.144	fixation	n/a	515.5	126.5	3378.0	n/a	n/a	n/a	n/a
163.436	0.152	saccade	n/a	513.2	132.7	n/a	594.5	125.9	3.16	1026.0
163.484	0.052	blink	n/a	n/a	n/a	n/a	n/a	n/a	n/a	n/a
163.59	0.21	fixation	n/a	591.5	115.5	3249.0	n/a	n/a	n/a	n/a
163.802	0.024	saccade	n/a	595.0	105.2	n/a	631.7	110.3	1.42	105.0
163.828	0.104	fixation	n/a	626.8	110.4	3303.0	n/a	n/a	n/a	n/a
163.934	0.074	saccade	n/a	627.3	110.0	n/a	119.0	209.7	19.72	507.0
164.01	0.202	fixation	n/a	115.7	213.0	3268.0	n/a	n/a	n/a	n/a
164.214	0.018	saccade	n/a	118.9	212.9	n/a	142.9	200.7	1.03	76.0
164.234	0.16	fixation	n/a	138.3	201.3	3262.0	n/a	n/a	n/a	n/a
164.396	0.028	saccade	n/a	140.3	199.7	n/a	200.4	200.7	2.31	151.0
164.426	0.3	fixation	n/a	198.3	199.0	3256.0	n/a	n/a	n/a	n/a
164.728	0.032	saccade	n/a	199.2	198.0	n/a	129.8	193.1	2.67	192.0
164.762	0.406	fixation	n/a	132.7	199.6	3277.0	n/a	n/a	n/a	n/a
164.902	0.0	trigger_11	11	n/a	n/a	n/a	n/a	n/a	n/a	n/a
165.004	0.0	trigger_10	10	n/a	n/a	n/a	n/a	n/a	n/a	n/a
165.17	0.03	saccade	n/a	132.6	204.3	n/a	141.1	159.1	1.8	146.0
165.202	0.184	fixation	n/a	138.8	168.7	3426.0	n/a	n/a	n/a	n/a
165.388	0.03	saccade	n/a	138.6	168.6	n/a	204.4	151.1	2.62	161.0
165.42	0.174	fixation	n/a	200.9	146.7	3492.0	n/a	n/a	n/a	n/a
165.596	0.032	saccade	n/a	205.9	147.2	n/a	281.2	134.7	2.96	170.0
165.63	0.092	fixation	n/a	277.9	132.9	3488.0	n/a	n/a	n/a	n/a
165.724	0.03	saccade	n/a	281.5	131.8	n/a	346.9	131.1	2.55	174.0
165.756	0.214	fixation	n/a	345.7	130.0	3514.0	n/a	n/a	n/a	n/a
165.972	0.02	saccade	n/a	343.8	131.7	n/a	315.1	125.9	1.14	90.0
165.994	0.216	fixation	n/a	318.1	129.5	3508.0	n/a	n/a	n/a	n/a
166.212	0.032	saccade	n/a	319.3	130.6	n/a	392.3	132.5	2.86	167.0
166.246	0.128	fixation	n/a	388.3	133.1	3449.0	n/a	n/a	n/a	n/a
166.376	0.146	saccade	n/a	386.3	140.5	n/a	442.2	143.4	2.2	949.0
166.424	0.044	blink	n/a	n/a	n/a	n/a	n/a	n/a	n/a	n/a
166.524	0.068	fixation	n/a	451.4	140.0	3287.0	n/a	n/a	n/a	n/a
166.594	0.03	saccade	n/a	453.2	136.1	n/a	527.2	123.6	2.92	181.0
166.626	0.368	fixation	n/a	524.2	115.2	3389.0	n/a	n/a	n/a	n/a
166.996	0.058	saccade	n/a	523.8	114.8	n/a	198.4	165.7	12.77	414.0
167.056	0.06	fixation	n/a	193.2	169.8	3407.0	n/a	n/a	n/a	n/a
167.118	0.032	saccade	n/a	190.4	173.9	n/a	130.1	209.8	2.7	203.0
167.152	0.254	fixation	n/a	128.1	202.8	3335.0	n/a	n/a	n/a	n/a
167.408	0.028	saccade	n/a	128.7	201.6	n/a	185.9	197.2	2.19	147.0
167.438	0.192	fixation	n/a	182.4	195.4	3292.0	n/a	n/a	n/a	n/a
167.632	0.03	saccade	n/a	183.9	196.4	n/a	251.4	203.0	2.62	176.0
167.664	0.18	fixation	n/a	249.0	205.3	3291.0	n/a	n/a	n/a	n/a
167.846	0.038	saccade	n/a	248.4	206.5	n/a	131.1	200.3	4.52	250.0
167.886	0.288	fixation	n/a	134.4	203.6	3295.0	n/a	n/a	n/a	n/a
168.176	0.018	saccade	n/a	136.7	201.7	n/a	167.2	203.2	1.17	89.0
168.196	0.106	fixation	n/a	162.2	201.4	3309.0	n/a	n/a	n/a	n/a
168.304	0.03	saccade	n/a	163.5	200.0	n/a	225.3	204.0	2.39	174.0
168.336	0.2	fixation	n/a	222.3	202.3	3318.0	n/a	n/a	n/a	n/a
168.538	0.058	saccade	n/a	222.9	201.7	n/a	540.0	116.7	12.74	385.0
168.598	0.192	fixation	n/a	546.8	114.7	3316.0	n/a	n/a	n/a	n/a
168.792	0.056	saccade	n/a	548.3	115.4	n/a	234.9	194.9	12.55	449.0
168.85	0.156	fixation	n/a	231.7	203.2	3406.0	n/a	n/a	n/a	n/a
169.008	0.028	saccade	n/a	232.4	207.5	n/a	297.0	207.6	2.51	175.0
169.038	0.33	fixation	n/a	292.5	209.5	3343.0	n/a	n/a	n/a	n/a
169.37	0.032	saccade	n/a	293.9	211.0	n/a	367.0	214.4	2.86	174.0
169.404	0.106	fixation	n/a	365.6	214.8	3299.0	n/a	n/a	n/a	n/a
169.512	0.124	saccade	n/a	364.3	218.2	n/a	446.8	236.5	3.32	796.0
169.56	0.026	blink	n/a	n/a	n/a	n/a	n/a	n/a	n/a	n/a
169.638	0.204	fixation	n/a	447.9	234.9	3233.0	n/a	n/a	n/a	n/a
169.844	0.026	saccade	n/a	444.0	230.0	n/a	404.9	229.4	1.53	121.0
169.872	0.08	fixation	n/a	408.7	230.9	3334.0	n/a	n/a	n/a	n/a
169.954	0.032	saccade	n/a	408.7	230.1	n/a	491.8	226.1	3.26	201.0
169.988	0.204	fixation	n/a	488.8	225.0	3219.0	n/a	n/a	n/a	n/a
170.194	0.028	saccade	n/a	491.9	226.0	n/a	550.7	215.1	2.33	152.0
170.224	0.132	fixation	n/a	546.5	215.2	3167.0	n/a	n/a	n/a	n/a
170.358	0.03	saccade	n/a	548.6	216.6	n/a	616.1	202.6	2.66	162.0
170.39	0.136	fixation	n/a	612.7	201.4	3146.0	n/a	n/a	n/a	n/a
170.528	0.068	saccade	n/a	612.8	202.6	n/a	200.3	136.8	16.05	453.0
170.598	0.142	fixation	n/a	195.3	140.4	3163.0	n/a	n/a	n/a	n/a
170.742	0.026	saccade	n/a	191.2	146.4	n/a	154.2	151.7	1.43	118.0
170.77	0.644	fixation	n/a	155.1	159.1	3296.0	n/a	n/a	n/a	n/a
170.838	0.0	trigger_11	11	n/a	n/a	n/a	n/a	n/a	n/a	n/a
170.94	0.0	trigger_10	10	n/a	n/a	n/a	n/a	n/a	n/a	n/a
171.416	0.028	saccade	n/a	158.1	159.1	n/a	228.5	144.6	2.77	149.0
171.446	0.254	fixation	n/a	226.4	144.9	3499.0	n/a	n/a	n/a	n/a
171.702	0.034	saccade	n/a	229.4	145.9	n/a	318.7	141.6	3.48	213.0
171.738	0.188	fixation	n/a	315.1	142.6	3504.0	n/a	n/a	n/a	n/a
171.928	0.03	saccade	n/a	317.8	145.4	n/a	386.3	148.0	2.68	163.0
171.96	0.14	fixation	n/a	380.0	145.8	3547.0	n/a	n/a	n/a	n/a
172.102	0.032	saccade	n/a	381.0	147.4	n/a	458.0	144.3	3.02	192.0
172.136	0.252	fixation	n/a	452.6	144.8	3574.0	n/a	n/a	n/a	n/a
172.39	0.026	saccade	n/a	455.0	146.1	n/a	516.2	140.5	2.4	148.0
172.418	0.226	fixation	n/a	511.7	139.5	3508.0	n/a	n/a	n/a	n/a
172.646	0.026	saccade	n/a	513.6	137.9	n/a	564.5	131.3	1.99	141.0
172.674	0.168	fixation	n/a	559.7	131.3	3518.0	n/a	n/a	n/a	n/a
172.844	0.066	saccade	n/a	561.1	131.2	n/a	161.7	191.7	15.57	456.0
172.912	0.182	fixation	n/a	156.6	200.5	3541.0	n/a	n/a	n/a	n/a
173.096	0.06	saccade	n/a	155.8	202.8	n/a	501.2	138.7	13.6	402.0
173.158	0.296	fixation	n/a	509.4	131.8	3401.0	n/a	n/a	n/a	n/a
173.456	0.024	saccade	n/a	508.7	129.9	n/a	481.0	126.2	1.09	96.0
173.482	0.156	fixation	n/a	484.5	128.7	3376.0	n/a	n/a	n/a	n/a
173.64	0.036	saccade	n/a	485.7	127.3	n/a	591.5	117.8	4.12	238.0
173.678	0.176	fixation	n/a	589.3	115.1	3326.0	n/a	n/a	n/a	n/a
173.856	0.072	saccade	n/a	587.8	114.7	n/a	120.8	204.3	18.2	459.0
173.93	0.41	fixation	n/a	115.5	211.5	3415.0	n/a	n/a	n/a	n/a
174.342	0.032	saccade	n/a	116.4	214.4	n/a	149.3	144.1	3.02	203.0
174.376	0.434	fixation	n/a	146.1	156.5	3338.0	n/a	n/a	n/a	n/a
174.438	0.0	trigger_11	11	n/a	n/a	n/a	n/a	n/a	n/a	n/a
174.542	0.0	trigger_10	10	n/a	n/a	n/a	n/a	n/a	n/a	n/a
174.812	0.022	saccade	n/a	148.0	159.5	n/a	187.4	148.5	1.57	106.0
174.836	0.144	fixation	n/a	185.3	146.5	3442.0	n/a	n/a	n/a	n/a
174.982	0.03	saccade	n/a	187.0	143.8	n/a	254.9	139.8	2.63	167.0
175.014	0.192	fixation	n/a	252.0	137.5	3488.0	n/a	n/a	n/a	n/a
175.208	0.034	saccade	n/a	253.9	140.4	n/a	334.5	132.7	3.16	187.0
175.244	0.224	fixation	n/a	332.1	133.7	3460.0	n/a	n/a	n/a	n/a
175.47	0.034	saccade	n/a	334.3	134.6	n/a	421.9	137.5	3.43	213.0
175.506	0.1	fixation	n/a	420.4	135.1	3383.0	n/a	n/a	n/a	n/a
175.608	0.126	saccade	n/a	418.7	139.9	n/a	483.0	152.6	2.57	910.0
175.658	0.022	blink	n/a	n/a	n/a	n/a	n/a	n/a	n/a	n/a
175.736	0.322	fixation	n/a	481.9	142.6	3285.0	n/a	n/a	n/a	n/a
176.06	0.036	saccade	n/a	482.8	139.4	n/a	581.8	129.5	3.86	222.0
176.098	0.422	fixation	n/a	579.8	130.6	3237.0	n/a	n/a	n/a	n/a
176.522	0.016	saccade	n/a	576.2	131.2	n/a	556.5	129.8	0.76	61.0
176.54	0.356	fixation	n/a	560.6	131.2	3290.0	n/a	n/a	n/a	n/a
176.898	0.024	saccade	n/a	562.4	133.7	n/a	606.7	127.3	1.72	124.0
176.924	0.234	fixation	n/a	601.4	127.9	3426.0	n/a	n/a	n/a	n/a
177.16	0.072	saccade	n/a	602.6	124.0	n/a	144.3	184.4	17.69	455.0
177.234	0.34	fixation	n/a	140.1	193.7	3478.0	n/a	n/a	n/a	n/a
177.576	0.03	saccade	n/a	139.8	193.9	n/a	215.2	194.0	2.89	176.0
177.608	0.204	fixation	n/a	212.8	194.0	3430.0	n/a	n/a	n/a	n/a
177.814	0.028	saccade	n/a	214.9	192.5	n/a	268.9	203.4	2.14	160.0
177.844	0.194	fixation	n/a	263.7	202.5	3432.0	n/a	n/a	n/a	n/a
178.04	0.046	saccade	n/a	264.7	203.2	n/a	440.2	126.9	7.48	307.0
178.088	0.358	fixation	n/a	441.6	122.8	3394.0	n/a	n/a	n/a	n/a
178.448	0.036	saccade	n/a	443.8	123.7	n/a	553.9	119.3	4.29	228.0
178.486	0.26	fixation	n/a	552.2	121.7	3489.0	n/a	n/a	n/a	n/a
178.748	0.028	saccade	n/a	555.4	124.0	n/a	606.8	123.4	1.98	132.0
178.778	0.11	fixation	n/a	600.2	124.5	3521.0	n/a	n/a	n/a	n/a
178.89	0.07	saccade	n/a	599.8	124.3	n/a	151.8	194.9	17.39	472.0
178.962	0.238	fixation	n/a	147.7	199.5	3601.0	n/a	n/a	n/a	n/a
179.202	0.03	saccade	n/a	147.2	200.8	n/a	217.0	196.8	2.68	176.0
179.234	0.334	fixation	n/a	215.0	196.3	3600.0	n/a	n/a	n/a	n/a
179.446	0.0	trigger_11	11	n/a	n/a	n/a	n/a	n/a	n/a	n/a
179.55	0.0	trigger_10	10	n/a	n/a	n/a	n/a	n/a	n/a	n/a
179.57	0.03	saccade	n/a	215.1	197.8	n/a	193.3	150.2	2.06	170.0
179.602	0.176	fixation	n/a	190.9	160.0	3622.0	n/a	n/a	n/a	n/a
179.78	0.024	saccade	n/a	190.2	160.4	n/a	158.9	159.2	1.2	106.0
179.806	0.296	fixation	n/a	161.9	159.1	3643.0	n/a	n/a	n/a	n/a
180.104	0.03	saccade	n/a	162.6	153.9	n/a	241.4	147.2	3.05	189.0
180.136	0.242	fixation	n/a	239.8	145.2	3605.0	n/a	n/a	n/a	n/a
180.38	0.026	saccade	n/a	243.7	144.6	n/a	320.0	140.6	2.97	152.0
180.408	0.272	fixation	n/a	319.2	138.3	3630.0	n/a	n/a	n/a	n/a
180.682	0.022	saccade	n/a	318.3	143.1	n/a	355.2	142.4	1.44	102.0
180.706	0.104	fixation	n/a	349.6	142.1	3580.0	n/a	n/a	n/a	n/a
180.812	0.03	saccade	n/a	352.0	140.9	n/a	415.9	144.0	2.51	154.0
180.844	0.124	fixation	n/a	412.6	143.3	3507.0	n/a	n/a	n/a	n/a
180.97	0.034	saccade	n/a	413.2	142.7	n/a	327.4	139.2	3.36	233.0
181.006	0.198	fixation	n/a	326.2	143.6	3492.0	n/a	n/a	n/a	n/a
181.206	0.036	saccade	n/a	325.1	166.5	n/a	401.4	169.1	2.99	140.0
181.244	0.196	fixation	n/a	412.3	152.2	3425.0	n/a	n/a	n/a	n/a
181.442	0.122	saccade	n/a	411.8	152.8	n/a	506.5	153.9	3.7	876.0
181.492	0.022	blink	n/a	n/a	n/a	n/a	n/a	n/a	n/a	n/a
181.566	0.21	fixation	n/a	507.0	142.2	3269.0	n/a	n/a	n/a	n/a
181.778	0.026	saccade	n/a	509.5	135.3	n/a	557.9	128.1	1.9	126.0
181.806	0.106	fixation	n/a	551.5	132.2	3305.0	n/a	n/a	n/a	n/a
181.914	0.028	saccade	n/a	552.6	135.4	n/a	603.0	130.4	1.96	140.0
181.944	0.106	fixation	n/a	600.1	128.0	3249.0	n/a	n/a	n/a	n/a
182.052	0.068	saccade	n/a	600.7	128.9	n/a	152.7	195.4	17.36	486.0
182.122	0.144	fixation	n/a	146.5	201.3	3271.0	n/a	n/a	n/a	n/a
182.268	0.016	saccade	n/a	143.0	205.7	n/a	123.1	210.0	0.78	64.0
182.286	0.16	fixation	n/a	127.9	213.7	3253.0	n/a	n/a	n/a	n/a
182.448	0.022	saccade	n/a	130.0	211.2	n/a	159.5	207.1	1.14	92.0
182.472	0.172	fixation	n/a	155.8	205.6	3241.0	n/a	n/a	n/a	n/a
182.646	0.028	saccade	n/a	159.1	206.2	n/a	215.4	210.6	2.18	151.0
182.676	0.146	fixation	n/a	210.9	209.1	3245.0	n/a	n/a	n/a	n/a
182.824	0.028	saccade	n/a	212.6	208.5	n/a	273.5	210.6	2.36	170.0
182.854	0.204	fixation	n/a	271.5	210.6	3252.0	n/a	n/a	n/a	n/a
183.06	0.016	saccade	n/a	269.6	208.8	n/a	247.4	210.7	0.87	70.0
183.078	0.31	fixation	n/a	251.1	214.0	3229.0	n/a	n/a	n/a	n/a
183.39	0.032	saccade	n/a	254.0	217.6	n/a	342.2	224.9	3.46	188.0
183.424	0.234	fixation	n/a	341.6	224.6	3275.0	n/a	n/a	n/a	n/a
183.66	0.018	saccade	n/a	345.3	224.7	n/a	377.6	225.4	1.27	96.0
183.68	0.242	fixation	n/a	372.6	226.2	3287.0	n/a	n/a	n/a	n/a
183.924	0.028	saccade	n/a	376.1	224.7	n/a	439.4	224.7	2.48	158.0
183.954	0.224	fixation	n/a	436.6	222.1	3257.0	n/a	n/a	n/a	n/a
184.18	0.028	saccade	n/a	438.4	220.7	n/a	495.9	217.6	2.25	146.0
184.21	0.182	fixation	n/a	491.8	218.3	3281.0	n/a	n/a	n/a	n/a
184.394	0.032	saccade	n/a	492.9	219.4	n/a	560.1	211.3	2.63	164.0
184.428	0.142	fixation	n/a	557.0	213.3	3291.0	n/a	n/a	n/a	n/a
184.572	0.028	saccade	n/a	557.9	213.8	n/a	517.1	212.6	1.59	131.0
184.602	0.162	fixation	n/a	519.3	214.6	3326.0	n/a	n/a	n/a	n/a
184.766	0.032	saccade	n/a	520.0	213.8	n/a	601.8	208.2	3.17	186.0
184.8	0.19	fixation	n/a	597.3	206.4	3344.0	n/a	n/a	n/a	n/a
184.992	0.074	saccade	n/a	596.2	206.6	n/a	114.0	266.0	18.55	451.0
185.068	0.26	fixation	n/a	109.6	277.4	3434.0	n/a	n/a	n/a	n/a
185.33	0.05	saccade	n/a	108.7	280.2	n/a	240.3	229.7	5.41	187.0
185.382	0.288	fixation	n/a	256.4	215.0	3365.0	n/a	n/a	n/a	n/a
185.672	0.034	saccade	n/a	260.0	211.5	n/a	352.2	220.6	3.62	229.0
185.708	0.168	fixation	n/a	348.9	218.4	3454.0	n/a	n/a	n/a	n/a
185.878	0.04	saccade	n/a	350.9	217.5	n/a	220.4	139.0	5.95	352.0
185.92	0.308	fixation	n/a	221.1	147.0	3444.0	n/a	n/a	n/a	n/a
186.23	0.034	saccade	n/a	221.6	146.8	n/a	299.3	141.6	3.03	198.0
186.266	0.12	fixation	n/a	298.3	139.7	3456.0	n/a	n/a	n/a	n/a
186.388	0.05	saccade	n/a	297.9	141.1	n/a	188.4	151.6	4.26	280.0
186.44	0.286	fixation	n/a	177.9	157.3	3458.0	n/a	n/a	n/a	n/a
186.728	0.028	saccade	n/a	179.1	159.2	n/a	237.7	149.3	2.3	163.0
186.758	0.196	fixation	n/a	232.8	147.2	3480.0	n/a	n/a	n/a	n/a
186.956	0.034	saccade	n/a	234.4	146.6	n/a	318.1	143.2	3.26	198.0
186.992	0.114	fixation	n/a	315.1	144.0	3504.0	n/a	n/a	n/a	n/a
187.108	0.136	saccade	n/a	313.0	152.8	n/a	377.4	148.4	2.53	962.0
187.156	0.032	blink	n/a	n/a	n/a	n/a	n/a	n/a	n/a	n/a
187.246	0.256	fixation	n/a	376.8	137.4	3484.0	n/a	n/a	n/a	n/a
187.504	0.046	saccade	n/a	376.2	133.0	n/a	191.3	153.6	7.23	332.0
187.544	0.0	trigger_11	11	n/a	n/a	n/a	n/a	n/a	n/a	n/a
187.552	0.272	fixation	n/a	189.6	161.9	3559.0	n/a	n/a	n/a	n/a
187.646	0.0	trigger_10	10	n/a	n/a	n/a	n/a	n/a	n/a	n/a
187.826	0.028	saccade	n/a	188.8	165.1	n/a	148.6	160.6	1.55	131.0
187.856	0.184	fixation	n/a	150.2	165.1	3627.0	n/a	n/a	n/a	n/a
188.042	0.04	saccade	n/a	149.8	160.6	n/a	278.2	135.7	5.04	285.0
188.084	0.354	fixation	n/a	277.0	137.5	3626.0	n/a	n/a	n/a	n/a
188.44	0.028	saccade	n/a	270.1	139.3	n/a	340.0	138.0	2.73	170.0
188.47	0.202	fixation	n/a	337.6	134.0	3617.0	n/a	n/a	n/a	n/a
188.674	0.014	saccade	n/a	334.6	134.0	n/a	319.3	134.5	0.6	52.0
188.69	0.138	fixation	n/a	322.0	134.2	3703.0	n/a	n/a	n/a	n/a
188.83	0.032	saccade	n/a	322.9	134.1	n/a	396.5	134.0	2.88	164.0
188.864	0.232	fixation	n/a	393.4	132.9	3694.0	n/a	n/a	n/a	n/a
189.098	0.026	saccade	n/a	396.0	134.0	n/a	448.6	129.1	2.07	136.0
189.126	0.288	fixation	n/a	444.6	129.7	3648.0	n/a	n/a	n/a	n/a
189.416	0.028	saccade	n/a	446.3	131.1	n/a	501.8	125.9	2.17	146.0
189.446	0.256	fixation	n/a	498.3	125.4	3563.0	n/a	n/a	n/a	n/a
189.704	0.028	saccade	n/a	501.0	126.0	n/a	553.9	118.4	2.07	147.0
189.734	0.058	fixation	n/a	549.1	119.4	3541.0	n/a	n/a	n/a	n/a
189.794	0.064	saccade	n/a	549.6	121.4	n/a	148.7	192.9	15.64	465.0
189.86	0.282	fixation	n/a	143.1	204.1	3591.0	n/a	n/a	n/a	n/a
190.144	0.032	saccade	n/a	142.8	207.6	n/a	218.0	206.9	2.89	168.0
190.178	0.198	fixation	n/a	212.6	204.6	3539.0	n/a	n/a	n/a	n/a
190.378	0.03	saccade	n/a	214.2	202.7	n/a	278.5	208.3	2.51	163.0
190.41	0.146	fixation	n/a	273.8	209.2	3517.0	n/a	n/a	n/a	n/a
190.558	0.016	saccade	n/a	270.4	211.6	n/a	244.2	209.8	1.02	82.0
190.576	0.166	fixation	n/a	250.6	210.3	3520.0	n/a	n/a	n/a	n/a
190.744	0.032	saccade	n/a	251.6	211.0	n/a	333.8	215.4	3.22	181.0
190.778	0.18	fixation	n/a	328.3	216.1	3506.0	n/a	n/a	n/a	n/a
190.96	0.032	saccade	n/a	330.5	216.7	n/a	405.6	218.2	2.94	192.0
190.994	0.32	fixation	n/a	404.0	218.0	3504.0	n/a	n/a	n/a	n/a
191.316	0.014	saccade	n/a	399.8	215.2	n/a	384.5	216.3	0.6	53.0
191.332	0.094	fixation	n/a	388.2	217.6	3434.0	n/a	n/a	n/a	n/a
191.428	0.03	saccade	n/a	387.8	217.3	n/a	335.6	208.5	2.08	164.0
191.46	0.15	fixation	n/a	336.3	212.2	3398.0	n/a	n/a	n/a	n/a
191.612	0.028	saccade	n/a	337.1	213.3	n/a	393.2	212.9	2.2	149.0
191.642	0.246	fixation	n/a	390.3	214.8	3395.0	n/a	n/a	n/a	n/a
191.89	0.026	saccade	n/a	391.9	217.7	n/a	432.0	217.8	1.57	115.0
191.918	0.12	fixation	n/a	426.6	218.9	3379.0	n/a	n/a	n/a	n/a
192.04	0.032	saccade	n/a	428.2	219.7	n/a	507.4	212.6	3.11	193.0
192.074	0.266	fixation	n/a	505.0	211.8	3349.0	n/a	n/a	n/a	n/a
192.342	0.092	saccade	n/a	501.2	221.1	n/a	583.8	210.8	3.23	630.0
192.436	0.212	fixation	n/a	584.1	201.7	3254.0	n/a	n/a	n/a	n/a
192.65	0.028	saccade	n/a	587.0	195.5	n/a	640.5	198.0	2.05	142.0
192.68	0.122	fixation	n/a	635.1	197.7	3289.0	n/a	n/a	n/a	n/a
192.804	0.17	saccade	n/a	633.1	201.8	n/a	289.6	140.6	13.45	875.0
192.854	0.064	blink	n/a	n/a	n/a	n/a	n/a	n/a	n/a	n/a
192.976	0.174	fixation	n/a	293.5	138.6	3284.0	n/a	n/a	n/a	n/a
193.152	0.044	saccade	n/a	298.6	136.8	n/a	457.1	133.3	6.19	279.0
193.198	0.142	fixation	n/a	460.7	133.3	3379.0	n/a	n/a	n/a	n/a
193.342	0.026	saccade	n/a	460.2	134.2	n/a	423.1	132.2	1.45	123.0
193.37	0.382	fixation	n/a	426.2	135.1	3431.0	n/a	n/a	n/a	n/a
193.504	0.0	trigger_11	11	n/a	n/a	n/a	n/a	n/a	n/a	n/a
193.606	0.0	trigger_10	10	n/a	n/a	n/a	n/a	n/a	n/a	n/a
193.754	0.064	saccade	n/a	423.8	135.6	n/a	170.0	160.4	9.89	413.0
193.82	0.392	fixation	n/a	159.2	161.4	3552.0	n/a	n/a	n/a	n/a
194.214	0.032	saccade	n/a	158.1	154.8	n/a	229.3	139.5	2.8	160.0
194.248	0.178	fixation	n/a	224.8	136.7	3519.0	n/a	n/a	n/a	n/a
194.428	0.03	saccade	n/a	227.1	134.8	n/a	305.8	133.9	3.06	192.0
194.46	0.236	fixation	n/a	303.1	136.3	3646.0	n/a	n/a	n/a	n/a
194.698	0.034	saccade	n/a	305.3	138.8	n/a	384.8	135.7	3.11	177.0
194.734	0.216	fixation	n/a	379.2	136.9	3702.0	n/a	n/a	n/a	n/a
194.952	0.034	saccade	n/a	378.6	138.6	n/a	466.6	131.4	3.46	221.0
194.988	0.206	fixation	n/a	463.9	131.0	3626.0	n/a	n/a	n/a	n/a
195.196	0.022	saccade	n/a	463.3	131.5	n/a	428.0	130.3	1.38	105.0
195.22	0.194	fixation	n/a	434.6	129.0	3604.0	n/a	n/a	n/a	n/a
195.416	0.032	saccade	n/a	436.2	126.3	n/a	514.9	117.2	3.09	177.0
195.45	0.158	fixation	n/a	508.9	117.9	3569.0	n/a	n/a	n/a	n/a
195.61	0.034	saccade	n/a	511.4	118.7	n/a	597.2	115.3	3.32	195.0
195.646	0.188	fixation	n/a	594.6	116.1	3547.0	n/a	n/a	n/a	n/a
195.836	0.024	saccade	n/a	593.0	118.9	n/a	564.4	114.4	1.12	98.0
195.862	0.224	fixation	n/a	568.2	116.8	3560.0	n/a	n/a	n/a	n/a
196.088	0.028	saccade	n/a	566.6	117.3	n/a	504.5	116.7	2.41	160.0
196.118	0.442	fixation	n/a	504.6	123.2	3476.0	n/a	n/a	n/a	n/a
196.562	0.028	saccade	n/a	503.5	126.6	n/a	567.1	117.8	2.49	157.0
196.592	0.162	fixation	n/a	564.7	119.6	3435.0	n/a	n/a	n/a	n/a
196.756	0.03	saccade	n/a	566.9	117.8	n/a	615.6	118.3	1.87	133.0
196.788	0.506	fixation	n/a	611.1	118.9	3420.0	n/a	n/a	n/a	n/a
197.296	0.022	saccade	n/a	609.0	119.3	n/a	579.5	116.1	1.14	89.0
197.32	0.194	fixation	n/a	582.9	123.3	3387.0	n/a	n/a	n/a	n/a
197.516	0.11	saccade	n/a	569.3	153.2	n/a	598.2	129.3	1.46	803.0
197.56	0.008	blink	n/a	n/a	n/a	n/a	n/a	n/a	n/a	n/a
197.628	0.178	fixation	n/a	596.8	127.1	3337.0	n/a	n/a	n/a	n/a
197.808	0.068	saccade	n/a	597.0	117.9	n/a	167.2	192.2	16.76	485.0
197.878	0.132	fixation	n/a	161.4	193.7	3417.0	n/a	n/a	n/a	n/a
198.012	0.022	saccade	n/a	157.8	196.5	n/a	125.6	208.0	1.31	107.0
198.036	0.304	fixation	n/a	127.4	206.9	3262.0	n/a	n/a	n/a	n/a
198.342	0.032	saccade	n/a	128.9	203.6	n/a	205.3	207.0	2.93	197.0
198.376	0.162	fixation	n/a	203.9	202.8	3233.0	n/a	n/a	n/a	n/a
198.54	0.034	saccade	n/a	208.1	202.2	n/a	295.9	209.4	3.42	220.0
198.576	0.21	fixation	n/a	294.1	210.0	3266.0	n/a	n/a	n/a	n/a
198.788	0.038	saccade	n/a	294.6	212.0	n/a	180.5	135.1	5.36	324.0
198.828	0.952	fixation	n/a	172.6	150.9	3415.0	n/a	n/a	n/a	n/a
199.272	0.0	trigger_11	11	n/a	n/a	n/a	n/a	n/a	n/a	n/a
199.376	0.0	trigger_12	12	n/a	n/a	n/a	n/a	n/a	n/a	n/a
199.782	0.028	saccade	n/a	173.3	149.2	n/a	227.2	139.4	2.11	143.0
199.812	0.244	fixation	n/a	223.0	143.3	3632.0	n/a	n/a	n/a	n/a
200.058	0.02	saccade	n/a	226.1	145.4	n/a	258.1	143.1	1.25	96.0
200.08	0.228	fixation	n/a	253.4	144.9	3580.0	n/a	n/a	n/a	n/a
200.31	0.034	saccade	n/a	253.0	149.2	n/a	166.5	158.0	3.36	227.0
200.346	0.244	fixation	n/a	171.3	158.7	3676.0	n/a	n/a	n/a	n/a
200.592	0.032	saccade	n/a	172.9	157.5	n/a	254.6	148.1	3.18	203.0
200.626	0.138	fixation	n/a	252.1	145.7	3747.0	n/a	n/a	n/a	n/a
200.766	0.014	saccade	n/a	247.3	144.2	n/a	231.7	142.9	0.61	53.0
200.782	0.194	fixation	n/a	235.6	145.5	3672.0	n/a	n/a	n/a	n/a
200.978	0.028	saccade	n/a	237.8	145.7	n/a	304.1	138.7	2.59	155.0
201.008	0.238	fixation	n/a	301.5	136.5	3543.0	n/a	n/a	n/a	n/a
201.248	0.18	saccade	n/a	299.4	142.4	n/a	307.2	157.9	0.69	1013.0
201.3	0.062	blink	n/a	n/a	n/a	n/a	n/a	n/a	n/a	n/a
201.43	0.106	fixation	n/a	306.6	153.7	3499.0	n/a	n/a	n/a	n/a
201.538	0.036	saccade	n/a	306.0	148.6	n/a	407.8	146.5	3.99	222.0
201.576	0.246	fixation	n/a	406.9	136.3	3479.0	n/a	n/a	n/a	n/a
201.824	0.028	saccade	n/a	408.8	132.0	n/a	463.4	124.1	2.16	149.0
201.854	0.176	fixation	n/a	460.9	123.3	3344.0	n/a	n/a	n/a	n/a
202.032	0.026	saccade	n/a	464.3	120.6	n/a	513.4	118.0	1.92	137.0
202.06	0.208	fixation	n/a	508.4	118.5	3365.0	n/a	n/a	n/a	n/a
202.27	0.028	saccade	n/a	511.3	122.3	n/a	556.6	111.2	1.81	125.0
202.3	0.058	fixation	n/a	552.1	112.8	3364.0	n/a	n/a	n/a	n/a
202.36	0.066	saccade	n/a	552.1	111.6	n/a	160.7	194.0	15.4	461.0
202.428	0.41	fixation	n/a	141.5	203.9	3448.0	n/a	n/a	n/a	n/a
202.84	0.036	saccade	n/a	134.5	204.8	n/a	233.6	206.6	3.8	242.0
202.878	0.21	fixation	n/a	233.7	205.7	3435.0	n/a	n/a	n/a	n/a
203.09	0.028	saccade	n/a	236.2	206.8	n/a	294.2	206.5	2.26	170.0
203.12	0.104	fixation	n/a	289.7	207.7	3442.0	n/a	n/a	n/a	n/a
203.226	0.036	saccade	n/a	289.7	207.8	n/a	220.2	133.8	3.98	281.0
203.264	0.432	fixation	n/a	221.6	140.6	3430.0	n/a	n/a	n/a	n/a
203.698	0.048	saccade	n/a	223.5	142.6	n/a	398.8	131.4	6.82	302.0
203.748	0.244	fixation	n/a	401.0	133.1	3666.0	n/a	n/a	n/a	n/a
203.994	0.034	saccade	n/a	401.8	136.2	n/a	478.3	129.3	3.01	201.0
204.03	0.174	fixation	n/a	475.1	127.3	3680.0	n/a	n/a	n/a	n/a
204.206	0.064	saccade	n/a	475.8	129.3	n/a	178.7	167.4	11.61	350.0
204.272	0.312	fixation	n/a	163.4	176.9	3589.0	n/a	n/a	n/a	n/a
204.32	0.0	trigger_13	13	n/a	n/a	n/a	n/a	n/a	n/a	n/a
204.586	0.022	saccade	n/a	159.3	179.1	n/a	148.2	162.4	0.78	89.0
204.61	0.236	fixation	n/a	147.6	171.3	3639.0	n/a	n/a	n/a	n/a
204.848	0.028	saccade	n/a	148.5	169.3	n/a	148.4	210.4	1.61	149.0
204.878	0.158	fixation	n/a	147.9	206.3	3662.0	n/a	n/a	n/a	n/a
205.038	0.05	saccade	n/a	147.0	210.2	n/a	137.7	306.7	3.79	317.0
205.09	0.11	fixation	n/a	139.6	318.8	3799.0	n/a	n/a	n/a	n/a
205.202	0.058	saccade	n/a	138.6	320.3	n/a	130.5	181.6	5.44	374.0
205.262	0.236	fixation	n/a	132.7	168.2	3682.0	n/a	n/a	n/a	n/a
205.5	0.026	saccade	n/a	134.2	164.0	n/a	189.7	154.6	2.15	144.0
205.528	0.27	fixation	n/a	187.0	151.4	3594.0	n/a	n/a	n/a	n/a
205.8	0.034	saccade	n/a	188.1	154.3	n/a	277.9	143.0	3.5	204.0
205.836	0.278	fixation	n/a	276.1	141.4	3868.0	n/a	n/a	n/a	n/a
206.116	0.032	saccade	n/a	278.5	142.6	n/a	355.5	146.3	3.01	178.0
206.15	0.194	fixation	n/a	352.0	143.4	3891.0	n/a	n/a	n/a	n/a
206.346	0.05	saccade	n/a	353.5	145.1	n/a	158.7	369.9	11.59	535.0
206.398	0.314	fixation	n/a	156.2	379.3	3929.0	n/a	n/a	n/a	n/a
206.714	0.034	saccade	n/a	155.8	383.5	n/a	138.1	295.9	3.47	245.0
206.75	0.18	fixation	n/a	135.9	304.7	3719.0	n/a	n/a	n/a	n/a
206.932	0.132	saccade	n/a	137.2	320.3	n/a	152.4	323.1	0.59	678.0
206.978	0.02	blink	n/a	n/a	n/a	n/a	n/a	n/a	n/a	n/a
207.066	0.53	fixation	n/a	158.0	319.7	3695.0	n/a	n/a	n/a	n/a
207.598	0.038	saccade	n/a	157.3	314.8	n/a	149.7	200.1	4.5	262.0
207.638	0.342	fixation	n/a	147.2	202.4	3586.0	n/a	n/a	n/a	n/a
207.982	0.04	saccade	n/a	148.9	203.4	n/a	127.9	329.6	4.99	278.0
208.024	0.392	fixation	n/a	127.5	336.8	3724.0	n/a	n/a	n/a	n/a
208.418	0.02	saccade	n/a	128.8	345.9	n/a	141.6	372.7	1.15	81.0
208.44	0.6	fixation	n/a	140.7	370.5	3724.0	n/a	n/a	n/a	n/a
208.904	0.0	trigger_15	15	n/a	n/a	n/a	n/a	n/a	n/a	n/a
208.958	0.0	trigger_10	10	n/a	n/a	n/a	n/a	n/a	n/a	n/a
209.042	0.04	saccade	n/a	144.6	373.5	n/a	124.4	221.6	5.96	336.0
209.084	0.054	fixation	n/a	123.1	226.4	3686.0	n/a	n/a	n/a	n/a
209.14	0.046	saccade	n/a	121.9	222.6	n/a	136.7	176.8	1.88	238.0
209.188	0.116	fixation	n/a	138.1	165.3	3681.0	n/a	n/a	n/a	n/a
209.306	0.024	saccade	n/a	140.0	162.9	n/a	175.0	143.8	1.53	116.0
209.332	0.122	fixation	n/a	170.0	148.5	3667.0	n/a	n/a	n/a	n/a
209.456	0.036	saccade	n/a	171.0	148.6	n/a	263.5	137.2	3.59	226.0
209.494	0.222	fixation	n/a	261.5	133.4	3719.0	n/a	n/a	n/a	n/a
209.718	0.032	saccade	n/a	265.5	131.9	n/a	337.4	128.6	2.8	164.0
209.752	0.21	fixation	n/a	333.9	128.5	3689.0	n/a	n/a	n/a	n/a
209.964	0.024	saccade	n/a	337.5	129.2	n/a	381.0	130.2	1.7	116.0
209.99	0.08	fixation	n/a	375.1	130.1	3685.0	n/a	n/a	n/a	n/a
210.072	0.13	saccade	n/a	372.7	137.0	n/a	439.8	163.4	2.82	901.0
210.126	0.02	blink	n/a	n/a	n/a	n/a	n/a	n/a	n/a	n/a
210.204	0.364	fixation	n/a	442.9	151.6	3614.0	n/a	n/a	n/a	n/a
210.57	0.028	saccade	n/a	447.1	141.9	n/a	496.8	137.4	1.95	130.0
210.6	0.228	fixation	n/a	494.6	132.0	3490.0	n/a	n/a	n/a	n/a
210.83	0.024	saccade	n/a	494.1	131.6	n/a	453.5	130.5	1.58	112.0
210.856	0.16	fixation	n/a	459.4	132.0	3452.0	n/a	n/a	n/a	n/a
211.018	0.034	saccade	n/a	460.4	132.3	n/a	545.1	124.0	3.31	191.0
211.054	0.278	fixation	n/a	543.3	125.9	3445.0	n/a	n/a	n/a	n/a
211.334	0.064	saccade	n/a	543.9	129.3	n/a	149.8	199.3	15.41	479.0
211.4	0.386	fixation	n/a	136.2	209.9	3470.0	n/a	n/a	n/a	n/a
211.788	0.03	saccade	n/a	128.1	217.3	n/a	193.0	216.0	2.48	158.0
211.82	0.164	fixation	n/a	187.7	213.7	3459.0	n/a	n/a	n/a	n/a
211.986	0.034	saccade	n/a	188.8	213.2	n/a	283.7	222.8	3.69	214.0
212.022	0.226	fixation	n/a	281.1	220.8	3528.0	n/a	n/a	n/a	n/a
212.25	0.03	saccade	n/a	283.2	220.5	n/a	353.4	226.6	2.75	161.0
212.282	0.216	fixation	n/a	349.4	224.9	3483.0	n/a	n/a	n/a	n/a
212.5	0.03	saccade	n/a	350.5	226.7	n/a	410.0	225.7	2.33	161.0
212.532	0.166	fixation	n/a	407.2	225.8	3454.0	n/a	n/a	n/a	n/a
212.7	0.038	saccade	n/a	408.9	226.4	n/a	503.0	220.4	3.68	201.0
212.74	0.24	fixation	n/a	499.5	223.9	3404.0	n/a	n/a	n/a	n/a
212.982	0.03	saccade	n/a	502.1	226.1	n/a	571.9	216.8	2.73	157.0
213.014	0.106	fixation	n/a	566.0	217.0	3390.0	n/a	n/a	n/a	n/a
213.122	0.03	saccade	n/a	569.0	217.5	n/a	622.9	222.2	2.08	147.0
213.154	0.17	fixation	n/a	620.5	222.7	3377.0	n/a	n/a	n/a	n/a
213.326	0.074	saccade	n/a	621.4	223.4	n/a	114.0	280.1	19.46	465.0
213.402	0.256	fixation	n/a	110.9	288.2	3424.0	n/a	n/a	n/a	n/a
213.66	0.032	saccade	n/a	110.6	292.5	n/a	194.5	297.4	3.2	210.0
213.694	0.08	fixation	n/a	190.4	297.2	3415.0	n/a	n/a	n/a	n/a
213.776	0.15	saccade	n/a	190.5	303.4	n/a	246.0	318.6	2.22	650.0
213.83	0.026	blink	n/a	n/a	n/a	n/a	n/a	n/a	n/a	n/a
213.928	0.076	fixation	n/a	246.9	319.2	3264.0	n/a	n/a	n/a	n/a
214.006	0.038	saccade	n/a	246.3	315.9	n/a	127.4	294.3	4.63	295.0
214.046	0.182	fixation	n/a	127.1	291.6	3364.0	n/a	n/a	n/a	n/a
214.23	0.034	saccade	n/a	129.0	289.4	n/a	220.6	304.1	3.56	213.0
214.266	0.148	fixation	n/a	219.6	301.2	3279.0	n/a	n/a	n/a	n/a
214.416	0.03	saccade	n/a	222.8	301.5	n/a	294.4	314.4	2.82	195.0
214.448	0.24	fixation	n/a	292.0	317.1	3302.0	n/a	n/a	n/a	n/a
214.69	0.032	saccade	n/a	292.0	320.6	n/a	365.4	310.4	2.89	182.0
214.724	0.234	fixation	n/a	361.5	311.5	3348.0	n/a	n/a	n/a	n/a
214.96	0.034	saccade	n/a	365.0	311.5	n/a	453.1	310.3	3.44	169.0
214.996	0.148	fixation	n/a	449.2	310.6	3274.0	n/a	n/a	n/a	n/a
215.146	0.028	saccade	n/a	451.7	311.4	n/a	505.4	305.4	2.11	146.0
215.176	0.138	fixation	n/a	501.4	305.8	3257.0	n/a	n/a	n/a	n/a
215.316	0.062	saccade	n/a	501.7	306.4	n/a	136.1	365.0	14.22	421.0
215.38	0.35	fixation	n/a	131.9	372.2	3283.0	n/a	n/a	n/a	n/a
215.732	0.056	saccade	n/a	129.6	374.5	n/a	150.5	123.0	9.82	413.0
215.784	0.0	trigger_11	11	n/a	n/a	n/a	n/a	n/a	n/a	n/a
215.79	0.306	fixation	n/a	145.1	120.5	3178.0	n/a	n/a	n/a	n/a
215.888	0.0	trigger_10	10	n/a	n/a	n/a	n/a	n/a	n/a	n/a
216.098	0.028	saccade	n/a	147.7	122.3	n/a	169.2	150.2	1.37	121.0
216.128	0.18	fixation	n/a	167.7	146.6	3373.0	n/a	n/a	n/a	n/a
216.31	0.03	saccade	n/a	169.7	145.0	n/a	229.3	139.9	2.3	146.0
216.342	0.066	fixation	n/a	224.2	136.8	3517.0	n/a	n/a	n/a	n/a
216.41	0.03	saccade	n/a	226.7	137.7	n/a	282.5	144.5	2.18	174.0
216.442	0.186	fixation	n/a	281.6	140.7	3557.0	n/a	n/a	n/a	n/a
216.63	0.034	saccade	n/a	285.5	138.7	n/a	371.4	144.8	3.36	190.0
216.666	0.16	fixation	n/a	367.6	141.5	3555.0	n/a	n/a	n/a	n/a
216.828	0.03	saccade	n/a	369.1	141.4	n/a	437.6	135.4	2.69	168.0
216.86	0.198	fixation	n/a	430.5	133.0	3583.0	n/a	n/a	n/a	n/a
217.06	0.032	saccade	n/a	431.8	132.4	n/a	504.7	123.5	2.86	182.0
217.094	0.1	fixation	n/a	499.3	125.1	3583.0	n/a	n/a	n/a	n/a
217.196	0.136	saccade	n/a	497.2	130.2	n/a	566.0	125.0	2.67	981.0
217.248	0.028	blink	n/a	n/a	n/a	n/a	n/a	n/a	n/a	n/a
217.334	0.19	fixation	n/a	565.0	119.0	3531.0	n/a	n/a	n/a	n/a
217.526	0.026	saccade	n/a	567.9	111.7	n/a	609.2	104.8	1.61	116.0
217.554	0.194	fixation	n/a	603.0	106.0	3514.0	n/a	n/a	n/a	n/a
217.75	0.03	saccade	n/a	602.5	109.0	n/a	543.5	110.1	2.27	168.0
217.782	0.334	fixation	n/a	545.0	113.6	3431.0	n/a	n/a	n/a	n/a
218.118	0.018	saccade	n/a	545.6	115.4	n/a	575.8	110.2	1.18	89.0
218.138	0.138	fixation	n/a	569.3	112.6	3476.0	n/a	n/a	n/a	n/a
218.278	0.026	saccade	n/a	571.8	113.2	n/a	611.8	114.3	1.54	118.0
218.306	0.25	fixation	n/a	606.8	113.6	3450.0	n/a	n/a	n/a	n/a
218.558	0.07	saccade	n/a	606.6	115.6	n/a	166.5	203.8	17.21	483.0
218.63	0.118	fixation	n/a	161.1	207.7	3574.0	n/a	n/a	n/a	n/a
218.75	0.024	saccade	n/a	155.4	210.7	n/a	128.2	207.1	1.05	105.0
218.776	0.184	fixation	n/a	129.0	210.6	3482.0	n/a	n/a	n/a	n/a
218.962	0.028	saccade	n/a	129.3	208.2	n/a	188.5	200.4	2.28	141.0
218.992	0.092	fixation	n/a	183.7	197.8	3414.0	n/a	n/a	n/a	n/a
219.086	0.032	saccade	n/a	185.6	197.2	n/a	257.5	212.5	2.85	200.0
219.12	0.348	fixation	n/a	259.2	209.3	3375.0	n/a	n/a	n/a	n/a
219.47	0.022	saccade	n/a	262.1	207.5	n/a	302.1	204.9	1.56	102.0
219.494	0.244	fixation	n/a	298.8	207.1	3358.0	n/a	n/a	n/a	n/a
219.74	0.03	saccade	n/a	301.6	208.2	n/a	365.0	222.6	2.55	161.0
219.772	0.34	fixation	n/a	360.6	221.4	3350.0	n/a	n/a	n/a	n/a
220.114	0.034	saccade	n/a	361.9	224.3	n/a	455.8	213.1	3.7	207.0
220.15	0.21	fixation	n/a	456.1	214.2	3332.0	n/a	n/a	n/a	n/a
220.362	0.034	saccade	n/a	454.0	225.0	n/a	528.6	241.3	2.98	156.0
220.398	0.252	fixation	n/a	533.8	214.5	3343.0	n/a	n/a	n/a	n/a
220.652	0.026	saccade	n/a	532.4	213.5	n/a	491.9	207.9	1.59	124.0
220.68	0.084	fixation	n/a	495.9	208.5	3287.0	n/a	n/a	n/a	n/a
220.766	0.06	saccade	n/a	494.5	208.6	n/a	175.5	140.6	12.61	413.0
220.828	0.26	fixation	n/a	173.1	148.1	3226.0	n/a	n/a	n/a	n/a
221.09	0.036	saccade	n/a	171.5	150.3	n/a	266.1	138.2	3.68	210.0
221.128	0.208	fixation	n/a	265.7	135.3	3266.0	n/a	n/a	n/a	n/a
221.338	0.034	saccade	n/a	267.3	133.2	n/a	353.4	134.4	3.36	206.0
221.374	0.106	fixation	n/a	350.8	133.6	3342.0	n/a	n/a	n/a	n/a
221.482	0.158	saccade	n/a	349.8	141.2	n/a	427.6	142.0	3.04	970.0
221.528	0.062	blink	n/a	n/a	n/a	n/a	n/a	n/a	n/a	n/a
221.642	0.252	fixation	n/a	424.7	138.2	3280.0	n/a	n/a	n/a	n/a
221.896	0.032	saccade	n/a	422.0	137.3	n/a	500.9	125.3	3.11	181.0
221.93	0.15	fixation	n/a	496.0	122.1	3281.0	n/a	n/a	n/a	n/a
222.082	0.034	saccade	n/a	497.0	120.3	n/a	573.9	108.9	3.01	188.0
222.118	0.196	fixation	n/a	569.9	110.9	3257.0	n/a	n/a	n/a	n/a
222.316	0.028	saccade	n/a	571.4	114.0	n/a	616.8	105.4	1.77	130.0
222.346	0.078	fixation	n/a	612.3	105.4	3262.0	n/a	n/a	n/a	n/a
222.426	0.068	saccade	n/a	611.7	105.3	n/a	144.5	203.9	18.24	497.0
222.496	0.212	fixation	n/a	137.1	205.6	3311.0	n/a	n/a	n/a	n/a
222.71	0.026	saccade	n/a	135.7	210.1	n/a	190.4	199.4	2.13	139.0
222.738	0.32	fixation	n/a	188.9	198.5	3260.0	n/a	n/a	n/a	n/a
223.06	0.03	saccade	n/a	188.9	196.7	n/a	138.9	195.7	1.91	149.0
223.092	0.348	fixation	n/a	137.9	198.7	3256.0	n/a	n/a	n/a	n/a
223.442	0.034	saccade	n/a	137.2	201.3	n/a	236.1	209.2	3.81	214.0
223.478	0.14	fixation	n/a	233.9	205.7	3306.0	n/a	n/a	n/a	n/a
223.62	0.03	saccade	n/a	236.1	206.3	n/a	307.7	209.8	2.79	200.0
223.652	0.24	fixation	n/a	305.4	209.4	3322.0	n/a	n/a	n/a	n/a
223.894	0.03	saccade	n/a	308.8	212.6	n/a	366.3	211.3	2.25	158.0
223.926	0.236	fixation	n/a	364.3	212.5	3396.0	n/a	n/a	n/a	n/a
224.164	0.038	saccade	n/a	369.1	215.3	n/a	486.0	205.4	4.59	208.0
224.204	0.24	fixation	n/a	483.7	207.3	3392.0	n/a	n/a	n/a	n/a
224.446	0.03	saccade	n/a	484.0	206.9	n/a	550.9	204.6	2.6	176.0
224.478	0.118	fixation	n/a	545.0	204.9	3476.0	n/a	n/a	n/a	n/a
224.598	0.066	saccade	n/a	546.6	205.0	n/a	210.3	160.2	13.13	384.0
224.618	0.0	trigger_11	11	n/a	n/a	n/a	n/a	n/a	n/a	n/a
224.666	0.212	fixation	n/a	206.2	165.0	3514.0	n/a	n/a	n/a	n/a
224.726	0.0	trigger_10	10	n/a	n/a	n/a	n/a	n/a	n/a	n/a
224.88	0.032	saccade	n/a	203.7	165.8	n/a	167.2	156.4	1.45	152.0
224.914	0.316	fixation	n/a	164.8	157.7	3573.0	n/a	n/a	n/a	n/a
225.232	0.024	saccade	n/a	163.4	155.7	n/a	216.9	143.5	2.11	127.0
225.258	0.134	fixation	n/a	215.0	139.5	3559.0	n/a	n/a	n/a	n/a
225.394	0.028	saccade	n/a	217.0	136.7	n/a	288.4	136.2	2.77	162.0
225.424	0.154	fixation	n/a	284.3	131.8	3543.0	n/a	n/a	n/a	n/a
225.58	0.034	saccade	n/a	286.2	132.5	n/a	364.5	133.2	3.05	200.0
225.616	0.156	fixation	n/a	361.5	133.0	3571.0	n/a	n/a	n/a	n/a
225.774	0.12	saccade	n/a	358.8	142.9	n/a	430.4	148.6	2.81	765.0
225.836	0.002	blink	n/a	n/a	n/a	n/a	n/a	n/a	n/a	n/a
225.896	0.462	fixation	n/a	427.1	138.8	3474.0	n/a	n/a	n/a	n/a
226.36	0.03	saccade	n/a	426.2	135.8	n/a	495.5	130.4	2.71	158.0
226.392	0.164	fixation	n/a	491.2	127.6	3429.0	n/a	n/a	n/a	n/a
226.558	0.032	saccade	n/a	492.7	126.9	n/a	564.3	122.5	2.78	178.0
226.592	0.25	fixation	n/a	559.2	123.4	3462.0	n/a	n/a	n/a	n/a
226.844	0.026	saccade	n/a	562.7	123.8	n/a	608.0	118.5	1.75	120.0
226.872	0.154	fixation	n/a	602.2	119.5	3486.0	n/a	n/a	n/a	n/a
227.028	0.052	saccade	n/a	601.3	119.3	n/a	340.1	134.2	10.12	403.0
227.082	0.16	fixation	n/a	343.0	138.1	3548.0	n/a	n/a	n/a	n/a
227.244	0.048	saccade	n/a	342.7	140.1	n/a	143.7	195.1	7.98	376.0
227.294	0.152	fixation	n/a	141.5	196.6	3584.0	n/a	n/a	n/a	n/a
227.448	0.016	saccade	n/a	137.5	201.3	n/a	117.1	205.4	0.79	63.0
227.466	0.378	fixation	n/a	120.7	210.7	3538.0	n/a	n/a	n/a	n/a
227.846	0.026	saccade	n/a	122.3	210.4	n/a	185.0	200.5	2.42	143.0
227.874	0.186	fixation	n/a	182.8	200.8	3521.0	n/a	n/a	n/a	n/a
228.062	0.032	saccade	n/a	183.8	199.6	n/a	253.8	213.3	2.76	199.0
228.096	0.212	fixation	n/a	252.2	210.9	3558.0	n/a	n/a	n/a	n/a
228.31	0.034	saccade	n/a	255.0	209.6	n/a	345.7	212.5	3.54	224.0
228.346	0.13	fixation	n/a	342.5	212.5	3427.0	n/a	n/a	n/a	n/a
228.478	0.03	saccade	n/a	344.2	215.2	n/a	289.8	209.1	2.14	170.0
228.51	0.258	fixation	n/a	290.4	210.3	3383.0	n/a	n/a	n/a	n/a
228.77	0.032	saccade	n/a	292.1	211.8	n/a	377.2	211.1	3.32	188.0
228.804	0.224	fixation	n/a	374.2	213.6	3352.0	n/a	n/a	n/a	n/a
229.03	0.036	saccade	n/a	374.4	214.4	n/a	472.5	211.4	3.84	215.0
229.068	0.262	fixation	n/a	469.5	210.0	3304.0	n/a	n/a	n/a	n/a
229.332	0.032	saccade	n/a	468.5	210.9	n/a	396.7	223.1	2.85	194.0
229.366	0.166	fixation	n/a	399.0	223.5	3292.0	n/a	n/a	n/a	n/a
229.534	0.034	saccade	n/a	399.9	222.3	n/a	473.5	206.6	2.95	206.0
229.57	0.252	fixation	n/a	472.7	208.9	3277.0	n/a	n/a	n/a	n/a
229.824	0.036	saccade	n/a	471.7	211.6	n/a	416.7	124.0	4.08	244.0
229.862	0.492	fixation	n/a	417.9	132.0	3337.0	n/a	n/a	n/a	n/a
230.356	0.04	saccade	n/a	419.1	134.7	n/a	309.6	145.9	4.3	236.0
230.37	0.0	trigger_11	11	n/a	n/a	n/a	n/a	n/a	n/a	n/a
230.398	0.22	fixation	n/a	307.0	147.9	3500.0	n/a	n/a	n/a	n/a
230.476	0.0	trigger_12	12	n/a	n/a	n/a	n/a	n/a	n/a	n/a
230.62	0.056	saccade	n/a	303.7	150.1	n/a	170.2	148.6	5.16	306.0
230.678	0.286	fixation	n/a	153.7	152.6	3635.0	n/a	n/a	n/a	n/a
230.966	0.028	saccade	n/a	147.1	155.5	n/a	211.1	138.9	2.54	158.0
230.996	0.132	fixation	n/a	206.3	137.4	3569.0	n/a	n/a	n/a	n/a
231.13	0.03	saccade	n/a	209.6	137.3	n/a	279.5	139.5	2.71	177.0
231.162	0.146	fixation	n/a	275.0	138.5	3556.0	n/a	n/a	n/a	n/a
231.31	0.038	saccade	n/a	272.4	141.9	n/a	175.0	154.0	3.79	212.0
231.35	0.186	fixation	n/a	176.5	151.7	3619.0	n/a	n/a	n/a	n/a
231.538	0.03	saccade	n/a	176.1	151.3	n/a	240.2	141.7	2.5	164.0
231.57	0.056	fixation	n/a	234.4	140.7	3655.0	n/a	n/a	n/a	n/a
231.628	0.028	saccade	n/a	236.8	141.2	n/a	298.3	144.9	2.39	163.0
231.658	0.264	fixation	n/a	294.7	141.2	3730.0	n/a	n/a	n/a	n/a
231.924	0.024	saccade	n/a	296.7	139.5	n/a	340.4	133.1	1.72	110.0
231.95	0.07	fixation	n/a	335.1	134.1	3663.0	n/a	n/a	n/a	n/a
232.022	0.03	saccade	n/a	338.6	136.2	n/a	396.9	138.0	2.28	168.0
232.054	0.146	fixation	n/a	396.2	137.4	3567.0	n/a	n/a	n/a	n/a
232.202	0.156	saccade	n/a	394.2	143.4	n/a	433.0	139.1	1.53	1084.0
232.246	0.052	blink	n/a	n/a	n/a	n/a	n/a	n/a	n/a	n/a
232.36	0.148	fixation	n/a	433.6	139.4	3455.0	n/a	n/a	n/a	n/a
232.51	0.03	saccade	n/a	436.6	134.2	n/a	507.2	128.2	2.76	173.0
232.542	0.308	fixation	n/a	505.2	122.6	3382.0	n/a	n/a	n/a	n/a
232.852	0.064	saccade	n/a	506.9	121.4	n/a	180.9	152.5	12.65	382.0
232.882	0.0	trigger_13	13	n/a	n/a	n/a	n/a	n/a	n/a	n/a
232.918	0.2	fixation	n/a	176.7	155.1	3347.0	n/a	n/a	n/a	n/a
233.12	0.026	saccade	n/a	174.2	156.2	n/a	138.7	161.6	1.37	115.0
233.148	0.342	fixation	n/a	142.9	165.5	3362.0	n/a	n/a	n/a	n/a
233.492	0.028	saccade	n/a	146.1	161.5	n/a	195.7	147.7	1.98	149.0
233.522	0.224	fixation	n/a	191.3	148.5	3471.0	n/a	n/a	n/a	n/a
233.748	0.05	saccade	n/a	193.6	147.7	n/a	140.1	212.3	3.26	272.0
233.8	0.182	fixation	n/a	136.0	224.5	3700.0	n/a	n/a	n/a	n/a
233.984	0.02	saccade	n/a	137.5	227.7	n/a	156.7	204.1	1.18	95.0
234.006	0.16	fixation	n/a	151.4	211.8	3767.0	n/a	n/a	n/a	n/a
234.168	0.036	saccade	n/a	152.2	211.4	n/a	131.0	282.8	2.91	207.0
234.206	0.266	fixation	n/a	130.7	283.4	3680.0	n/a	n/a	n/a	n/a
234.474	0.022	saccade	n/a	130.2	284.2	n/a	106.9	308.7	1.3	98.0
234.498	0.314	fixation	n/a	111.3	306.8	3727.0	n/a	n/a	n/a	n/a
234.81	0.0	trigger_15	15	n/a	n/a	n/a	n/a	n/a	n/a	n/a
234.814	0.042	saccade	n/a	114.1	307.7	n/a	160.3	165.2	5.84	350.0
234.858	0.262	fixation	n/a	157.9	166.8	3682.0	n/a	n/a	n/a	n/a
234.864	0.0	trigger_10	10	n/a	n/a	n/a	n/a	n/a	n/a	n/a
235.122	0.028	saccade	n/a	157.9	164.8	n/a	217.3	147.2	2.38	160.0
235.152	0.15	fixation	n/a	211.7	144.0	3787.0	n/a	n/a	n/a	n/a
235.304	0.034	saccade	n/a	213.3	139.5	n/a	294.9	136.3	3.17	190.0
235.34	0.22	fixation	n/a	293.3	132.1	3741.0	n/a	n/a	n/a	n/a
235.562	0.032	saccade	n/a	295.5	131.2	n/a	359.5	128.2	2.5	157.0
235.596	0.106	fixation	n/a	355.9	128.4	3658.0	n/a	n/a	n/a	n/a
235.704	0.028	saccade	n/a	358.6	128.8	n/a	412.0	132.2	2.09	139.0
235.734	0.222	fixation	n/a	406.7	133.0	3590.0	n/a	n/a	n/a	n/a
235.958	0.034	saccade	n/a	406.0	134.2	n/a	335.5	127.3	2.77	206.0
235.994	0.234	fixation	n/a	336.8	124.9	3559.0	n/a	n/a	n/a	n/a
236.23	0.032	saccade	n/a	340.3	123.2	n/a	407.0	129.9	2.62	152.0
236.264	0.198	fixation	n/a	402.7	128.1	3540.0	n/a	n/a	n/a	n/a
236.464	0.03	saccade	n/a	404.7	127.6	n/a	473.5	121.0	2.69	152.0
236.496	0.186	fixation	n/a	467.1	122.3	3568.0	n/a	n/a	n/a	n/a
236.684	0.03	saccade	n/a	468.5	123.9	n/a	532.4	120.2	2.49	160.0
236.716	0.262	fixation	n/a	526.4	118.7	3553.0	n/a	n/a	n/a	n/a
236.98	0.028	saccade	n/a	529.7	120.2	n/a	582.5	109.0	2.09	140.0
237.01	0.042	fixation	n/a	577.2	108.8	3502.0	n/a	n/a	n/a	n/a
237.054	0.068	saccade	n/a	579.4	108.0	n/a	143.4	188.5	17.0	473.0
237.124	0.29	fixation	n/a	138.6	197.8	3561.0	n/a	n/a	n/a	n/a
237.416	0.026	saccade	n/a	138.1	203.2	n/a	190.7	201.6	2.01	130.0
237.444	0.11	fixation	n/a	184.6	199.1	3576.0	n/a	n/a	n/a	n/a
237.556	0.138	saccade	n/a	182.8	208.3	n/a	241.0	238.8	2.55	804.0
237.61	0.016	blink	n/a	n/a	n/a	n/a	n/a	n/a	n/a	n/a
237.696	0.326	fixation	n/a	243.0	230.4	3446.0	n/a	n/a	n/a	n/a
238.024	0.024	saccade	n/a	241.4	221.7	n/a	201.2	212.3	1.6	114.0
238.05	0.47	fixation	n/a	202.4	213.7	3384.0	n/a	n/a	n/a	n/a
238.522	0.06	saccade	n/a	202.0	212.7	n/a	542.0	135.7	13.5	393.0
238.584	0.134	fixation	n/a	549.4	133.5	3338.0	n/a	n/a	n/a	n/a
238.72	0.06	saccade	n/a	549.5	133.5	n/a	222.4	200.5	12.93	417.0
238.782	0.44	fixation	n/a	213.0	209.2	3476.0	n/a	n/a	n/a	n/a
239.224	0.028	saccade	n/a	208.4	215.2	n/a	165.4	200.2	1.76	148.0
239.254	0.206	fixation	n/a	168.7	203.2	3459.0	n/a	n/a	n/a	n/a
239.462	0.028	saccade	n/a	170.5	202.5	n/a	236.5	215.7	2.6	165.0
239.492	0.088	fixation	n/a	233.7	214.5	3451.0	n/a	n/a	n/a	n/a
239.582	0.034	saccade	n/a	234.8	214.6	n/a	304.3	220.1	2.71	200.0
239.618	0.258	fixation	n/a	303.8	219.4	3456.0	n/a	n/a	n/a	n/a
239.878	0.02	saccade	n/a	302.7	219.4	n/a	273.8	214.1	1.15	87.0
239.9	0.144	fixation	n/a	278.7	215.8	3429.0	n/a	n/a	n/a	n/a
240.046	0.04	saccade	n/a	278.6	214.8	n/a	389.6	221.5	4.34	211.0
240.088	0.188	fixation	n/a	388.7	220.7	3384.0	n/a	n/a	n/a	n/a
240.278	0.016	saccade	n/a	387.7	219.1	n/a	366.4	218.2	0.84	70.0
240.296	0.168	fixation	n/a	372.3	219.2	3386.0	n/a	n/a	n/a	n/a
240.466	0.03	saccade	n/a	373.2	219.7	n/a	431.5	218.9	2.29	160.0
240.498	0.264	fixation	n/a	428.1	220.3	3339.0	n/a	n/a	n/a	n/a
240.764	0.05	saccade	n/a	428.9	220.0	n/a	197.6	138.0	9.55	360.0
240.816	0.152	fixation	n/a	196.4	142.7	3358.0	n/a	n/a	n/a	n/a
240.97	0.028	saccade	n/a	193.7	143.7	n/a	154.8	144.8	1.49	122.0
241.0	0.648	fixation	n/a	157.7	153.1	3428.0	n/a	n/a	n/a	n/a
241.236	0.0	trigger_11	11	n/a	n/a	n/a	n/a	n/a	n/a	n/a
241.338	0.0	trigger_10	10	n/a	n/a	n/a	n/a	n/a	n/a	n/a
241.65	0.03	saccade	n/a	160.5	162.1	n/a	221.8	152.9	2.39	156.0
241.682	0.234	fixation	n/a	218.5	150.2	3609.0	n/a	n/a	n/a	n/a
241.918	0.03	saccade	n/a	222.9	151.3	n/a	292.4	145.3	2.7	183.0
241.95	0.198	fixation	n/a	288.1	142.9	3605.0	n/a	n/a	n/a	n/a
242.15	0.036	saccade	n/a	293.0	141.5	n/a	385.8	139.7	3.62	183.0
242.188	0.256	fixation	n/a	382.1	134.3	3569.0	n/a	n/a	n/a	n/a
242.446	0.028	saccade	n/a	384.5	133.2	n/a	446.6	128.8	2.43	145.0
242.476	0.112	fixation	n/a	440.4	129.9	3507.0	n/a	n/a	n/a	n/a
242.59	0.032	saccade	n/a	442.8	130.0	n/a	508.2	120.3	2.58	175.0
242.624	0.252	fixation	n/a	505.4	121.0	3484.0	n/a	n/a	n/a	n/a
242.878	0.038	saccade	n/a	505.4	122.1	n/a	403.2	121.0	3.98	263.0
242.918	0.252	fixation	n/a	400.7	128.7	3516.0	n/a	n/a	n/a	n/a
243.172	0.032	saccade	n/a	400.1	129.8	n/a	473.4	125.3	2.86	190.0
243.206	0.14	fixation	n/a	470.7	126.7	3499.0	n/a	n/a	n/a	n/a
243.348	0.032	saccade	n/a	471.9	128.1	n/a	545.1	120.7	2.86	175.0
243.382	0.17	fixation	n/a	540.7	118.5	3513.0	n/a	n/a	n/a	n/a
243.554	0.028	saccade	n/a	543.2	118.2	n/a	600.9	119.6	2.22	149.0
243.584	0.156	fixation	n/a	597.1	117.9	3423.0	n/a	n/a	n/a	n/a
243.742	0.072	saccade	n/a	597.0	119.6	n/a	132.7	198.5	17.99	472.0
243.816	0.556	fixation	n/a	128.9	207.3	3428.0	n/a	n/a	n/a	n/a
244.374	0.024	saccade	n/a	130.4	207.2	n/a	176.7	203.9	1.78	119.0
244.4	0.172	fixation	n/a	172.7	202.2	3437.0	n/a	n/a	n/a	n/a
244.574	0.026	saccade	n/a	175.3	201.9	n/a	222.2	208.3	1.82	128.0
244.602	0.164	fixation	n/a	216.5	208.5	3470.0	n/a	n/a	n/a	n/a
244.768	0.03	saccade	n/a	217.9	209.6	n/a	282.1	218.3	2.52	174.0
244.8	0.182	fixation	n/a	277.8	216.0	3412.0	n/a	n/a	n/a	n/a
244.984	0.028	saccade	n/a	279.5	216.0	n/a	346.4	219.7	2.62	159.0
245.014	0.172	fixation	n/a	342.9	220.5	3386.0	n/a	n/a	n/a	n/a
245.188	0.032	saccade	n/a	344.2	222.2	n/a	421.4	221.9	3.03	175.0
245.222	0.208	fixation	n/a	418.0	221.8	3423.0	n/a	n/a	n/a	n/a
245.432	0.026	saccade	n/a	422.5	223.6	n/a	476.9	217.7	2.14	137.0
245.46	0.174	fixation	n/a	470.7	218.1	3382.0	n/a	n/a	n/a	n/a
245.636	0.032	saccade	n/a	471.4	219.5	n/a	538.6	217.4	2.62	188.0
245.67	0.132	fixation	n/a	537.3	217.2	3348.0	n/a	n/a	n/a	n/a
245.804	0.022	saccade	n/a	537.0	218.7	n/a	508.2	217.7	1.12	89.0
245.828	0.158	fixation	n/a	514.4	218.6	3329.0	n/a	n/a	n/a	n/a
245.988	0.024	saccade	n/a	516.2	217.8	n/a	568.2	214.9	2.02	122.0
246.014	0.126	fixation	n/a	566.0	214.9	3281.0	n/a	n/a	n/a	n/a
246.142	0.068	saccade	n/a	566.9	215.4	n/a	141.0	264.0	16.43	454.0
246.212	0.372	fixation	n/a	125.0	279.2	3308.0	n/a	n/a	n/a	n/a
246.586	0.034	saccade	n/a	118.9	283.8	n/a	125.1	160.0	4.84	251.0
246.596	0.0	trigger_11	11	n/a	n/a	n/a	n/a	n/a	n/a	n/a
246.622	0.388	fixation	n/a	155.3	148.4	3247.0	n/a	n/a	n/a	n/a
246.702	0.0	trigger_10	10	n/a	n/a	n/a	n/a	n/a	n/a	n/a
247.012	0.026	saccade	n/a	161.5	145.1	n/a	217.2	137.3	2.16	116.0
247.04	0.21	fixation	n/a	220.4	133.3	3447.0	n/a	n/a	n/a	n/a
247.252	0.028	saccade	n/a	223.0	134.7	n/a	274.9	134.3	2.01	142.0
247.282	0.2	fixation	n/a	269.9	134.0	3480.0	n/a	n/a	n/a	n/a
247.484	0.036	saccade	n/a	271.7	135.2	n/a	380.5	130.9	4.25	242.0
247.522	0.136	fixation	n/a	377.6	130.1	3459.0	n/a	n/a	n/a	n/a
247.66	0.134	saccade	n/a	376.0	135.4	n/a	437.2	133.8	2.39	967.0
247.708	0.032	blink	n/a	n/a	n/a	n/a	n/a	n/a	n/a	n/a
247.796	0.128	fixation	n/a	436.6	132.8	3410.0	n/a	n/a	n/a	n/a
247.926	0.032	saccade	n/a	435.2	131.6	n/a	366.4	131.8	2.69	201.0
247.96	0.344	fixation	n/a	366.6	131.3	3473.0	n/a	n/a	n/a	n/a
248.306	0.032	saccade	n/a	368.3	132.1	n/a	444.3	125.1	2.98	194.0
248.34	0.246	fixation	n/a	442.0	126.5	3411.0	n/a	n/a	n/a	n/a
248.588	0.034	saccade	n/a	442.6	129.4	n/a	524.6	123.8	3.2	197.0
248.624	0.29	fixation	n/a	521.7	122.2	3423.0	n/a	n/a	n/a	n/a
248.916	0.03	saccade	n/a	521.6	121.7	n/a	584.9	112.2	2.47	164.0
248.948	0.194	fixation	n/a	580.4	111.1	3423.0	n/a	n/a	n/a	n/a
249.144	0.028	saccade	n/a	581.9	112.9	n/a	627.6	113.3	1.75	132.0
249.174	0.07	fixation	n/a	622.0	113.5	3438.0	n/a	n/a	n/a	n/a
249.246	0.074	saccade	n/a	621.7	114.1	n/a	124.9	200.0	19.22	492.0
249.322	0.216	fixation	n/a	123.3	203.1	3500.0	n/a	n/a	n/a	n/a
249.54	0.032	saccade	n/a	125.1	203.8	n/a	201.1	193.8	2.93	190.0
249.574	0.346	fixation	n/a	199.9	193.6	3443.0	n/a	n/a	n/a	n/a
249.922	0.032	saccade	n/a	202.1	194.7	n/a	285.4	203.4	3.25	204.0
249.956	0.2	fixation	n/a	280.8	204.2	3335.0	n/a	n/a	n/a	n/a
250.158	0.028	saccade	n/a	278.5	205.0	n/a	228.9	198.1	1.95	145.0
250.188	0.274	fixation	n/a	229.9	202.8	3317.0	n/a	n/a	n/a	n/a
250.464	0.038	saccade	n/a	228.4	208.0	n/a	350.8	221.4	4.8	261.0
250.504	0.43	fixation	n/a	354.0	220.3	3372.0	n/a	n/a	n/a	n/a
250.936	0.038	saccade	n/a	356.0	219.4	n/a	426.9	118.0	4.88	293.0
250.976	0.248	fixation	n/a	424.8	123.4	3301.0	n/a	n/a	n/a	n/a
251.226	0.044	saccade	n/a	426.2	125.8	n/a	242.7	129.1	7.14	350.0
251.272	0.302	fixation	n/a	236.4	136.1	3418.0	n/a	n/a	n/a	n/a
251.576	0.03	saccade	n/a	232.7	140.6	n/a	179.6	147.3	2.06	167.0
251.608	0.062	fixation	n/a	182.8	151.4	3432.0	n/a	n/a	n/a	n/a
251.672	0.05	saccade	n/a	182.8	151.7	n/a	357.4	206.1	7.11	265.0
251.724	0.196	fixation	n/a	368.6	207.0	3480.0	n/a	n/a	n/a	n/a
251.922	0.014	saccade	n/a	366.9	210.8	n/a	351.6	214.7	0.62	53.0
251.938	0.172	fixation	n/a	353.6	215.7	3543.0	n/a	n/a	n/a	n/a
252.112	0.032	saccade	n/a	354.4	218.7	n/a	424.3	225.2	2.75	185.0
252.146	0.154	fixation	n/a	422.6	222.1	3437.0	n/a	n/a	n/a	n/a
252.302	0.146	saccade	n/a	421.6	230.9	n/a	487.9	233.1	2.6	828.0
252.35	0.046	blink	n/a	n/a	n/a	n/a	n/a	n/a	n/a	n/a
252.45	0.186	fixation	n/a	487.7	226.8	3286.0	n/a	n/a	n/a	n/a
252.638	0.028	saccade	n/a	489.3	221.1	n/a	539.7	215.3	1.97	147.0
252.668	0.198	fixation	n/a	536.7	211.6	3354.0	n/a	n/a	n/a	n/a
252.868	0.026	saccade	n/a	540.8	211.4	n/a	594.4	203.7	2.09	142.0
252.896	0.446	fixation	n/a	590.2	201.8	3371.0	n/a	n/a	n/a	n/a
253.344	0.046	saccade	n/a	590.3	206.0	n/a	395.3	118.0	8.32	414.0
253.392	0.282	fixation	n/a	390.2	124.0	3402.0	n/a	n/a	n/a	n/a
253.676	0.05	saccade	n/a	390.5	125.3	n/a	562.6	181.7	7.05	248.0
253.728	0.044	fixation	n/a	567.5	181.1	3355.0	n/a	n/a	n/a	n/a
253.774	0.024	saccade	n/a	580.0	187.0	n/a	607.1	212.5	1.45	107.0
253.8	0.324	fixation	n/a	600.8	213.9	3478.0	n/a	n/a	n/a	n/a
254.126	0.022	saccade	n/a	601.4	215.6	n/a	637.7	209.4	1.41	102.0
254.15	0.1	fixation	n/a	631.4	208.4	3422.0	n/a	n/a	n/a	n/a
254.252	0.072	saccade	n/a	631.0	207.8	n/a	147.4	274.3	18.64	463.0
254.326	0.18	fixation	n/a	141.6	281.8	3429.0	n/a	n/a	n/a	n/a
254.508	0.02	saccade	n/a	136.9	285.6	n/a	111.2	284.8	0.97	86.0
254.53	0.674	fixation	n/a	114.6	285.8	3343.0	n/a	n/a	n/a	n/a
255.206	0.026	saccade	n/a	115.6	285.6	n/a	186.7	272.9	2.76	156.0
255.234	0.138	fixation	n/a	186.1	264.2	3310.0	n/a	n/a	n/a	n/a
255.374	0.052	saccade	n/a	186.3	263.4	n/a	413.1	222.6	8.95	346.0
255.428	0.122	fixation	n/a	418.5	222.7	3353.0	n/a	n/a	n/a	n/a
255.552	0.126	saccade	n/a	416.3	229.6	n/a	485.5	220.5	2.73	685.0
255.608	0.02	blink	n/a	n/a	n/a	n/a	n/a	n/a	n/a	n/a
255.68	0.248	fixation	n/a	487.6	213.8	3330.0	n/a	n/a	n/a	n/a
255.93	0.034	saccade	n/a	490.4	209.8	n/a	576.6	212.6	3.35	197.0
255.966	0.32	fixation	n/a	573.4	212.4	3362.0	n/a	n/a	n/a	n/a
256.288	0.022	saccade	n/a	577.3	212.7	n/a	615.8	207.0	1.5	105.0
256.312	0.224	fixation	n/a	609.0	206.2	3335.0	n/a	n/a	n/a	n/a
256.538	0.076	saccade	n/a	608.8	204.0	n/a	145.9	280.3	17.95	425.0
256.616	0.362	fixation	n/a	141.8	284.1	3326.0	n/a	n/a	n/a	n/a
256.98	0.032	saccade	n/a	140.7	286.4	n/a	218.0	302.4	3.03	196.0
257.014	0.28	fixation	n/a	217.8	301.7	3311.0	n/a	n/a	n/a	n/a
257.296	0.044	saccade	n/a	219.5	301.8	n/a	364.3	224.1	6.42	326.0
257.342	0.234	fixation	n/a	366.5	220.0	3330.0	n/a	n/a	n/a	n/a
257.578	0.038	saccade	n/a	368.4	220.3	n/a	427.7	125.3	4.43	263.0
257.618	0.34	fixation	n/a	428.4	127.9	3357.0	n/a	n/a	n/a	n/a
257.96	0.034	saccade	n/a	429.4	126.3	n/a	515.9	125.6	3.37	199.0
257.996	0.194	fixation	n/a	514.1	122.0	3429.0	n/a	n/a	n/a	n/a
258.192	0.036	saccade	n/a	517.3	121.1	n/a	608.9	115.7	3.54	211.0
258.23	0.11	fixation	n/a	606.7	116.5	3407.0	n/a	n/a	n/a	n/a
258.342	0.07	saccade	n/a	607.6	117.0	n/a	146.1	194.0	17.9	492.0
258.414	0.216	fixation	n/a	138.3	200.7	3532.0	n/a	n/a	n/a	n/a
258.632	0.028	saccade	n/a	135.7	203.5	n/a	218.6	205.6	3.18	174.0
258.662	0.28	fixation	n/a	223.0	206.4	3502.0	n/a	n/a	n/a	n/a
258.944	0.038	saccade	n/a	224.7	208.1	n/a	336.2	211.4	4.35	250.0
258.984	0.122	fixation	n/a	334.4	212.4	3442.0	n/a	n/a	n/a	n/a
259.108	0.132	saccade	n/a	333.1	216.4	n/a	409.6	243.3	3.18	757.0
259.166	0.016	blink	n/a	n/a	n/a	n/a	n/a	n/a	n/a	n/a
259.242	0.296	fixation	n/a	409.3	240.0	3392.0	n/a	n/a	n/a	n/a
259.54	0.028	saccade	n/a	409.2	233.8	n/a	472.4	224.0	2.5	161.0
259.57	0.13	fixation	n/a	468.7	223.9	3370.0	n/a	n/a	n/a	n/a
259.702	0.028	saccade	n/a	471.8	223.8	n/a	536.9	222.7	2.53	170.0
259.732	0.176	fixation	n/a	533.6	219.1	3320.0	n/a	n/a	n/a	n/a
259.91	0.032	saccade	n/a	536.9	219.6	n/a	613.6	209.6	2.99	186.0
259.944	0.126	fixation	n/a	610.4	209.6	3326.0	n/a	n/a	n/a	n/a
260.072	0.07	saccade	n/a	611.5	209.3	n/a	140.8	280.1	18.21	500.0
260.144	0.322	fixation	n/a	134.1	285.7	3358.0	n/a	n/a	n/a	n/a
260.468	0.03	saccade	n/a	132.1	288.0	n/a	186.2	305.6	2.18	164.0
260.5	0.15	fixation	n/a	184.5	304.3	3330.0	n/a	n/a	n/a	n/a
260.652	0.032	saccade	n/a	186.2	305.6	n/a	268.1	316.8	3.2	210.0
260.686	0.196	fixation	n/a	264.2	315.8	3375.0	n/a	n/a	n/a	n/a
260.884	0.032	saccade	n/a	264.0	316.5	n/a	353.1	318.7	3.47	187.0
260.918	0.302	fixation	n/a	349.5	318.2	3339.0	n/a	n/a	n/a	n/a
261.222	0.026	saccade	n/a	347.4	317.3	n/a	310.4	314.4	1.45	126.0
261.25	0.296	fixation	n/a	313.8	315.7	3319.0	n/a	n/a	n/a	n/a
261.548	0.034	saccade	n/a	314.8	318.8	n/a	386.8	316.1	2.81	184.0
261.584	0.146	fixation	n/a	384.7	316.2	3348.0	n/a	n/a	n/a	n/a
261.732	0.03	saccade	n/a	386.9	317.5	n/a	457.6	311.4	2.77	171.0
261.764	0.248	fixation	n/a	452.9	310.1	3347.0	n/a	n/a	n/a	n/a
262.014	0.024	saccade	n/a	455.8	310.7	n/a	497.1	307.0	1.62	114.0
262.04	0.074	fixation	n/a	491.1	307.7	3311.0	n/a	n/a	n/a	n/a
262.116	0.032	saccade	n/a	492.6	309.1	n/a	554.8	310.9	2.41	176.0
262.15	0.098	fixation	n/a	554.0	310.3	3270.0	n/a	n/a	n/a	n/a
262.25	0.064	saccade	n/a	555.1	311.2	n/a	154.8	367.4	15.49	443.0
262.316	0.13	fixation	n/a	152.6	374.2	3299.0	n/a	n/a	n/a	n/a
262.448	0.016	saccade	n/a	148.6	375.5	n/a	126.6	372.6	0.84	66.0
262.466	0.142	fixation	n/a	131.8	375.2	3298.0	n/a	n/a	n/a	n/a
262.61	0.03	saccade	n/a	132.3	376.4	n/a	201.4	376.2	2.63	180.0
262.642	0.124	fixation	n/a	199.2	378.7	3284.0	n/a	n/a	n/a	n/a
262.768	0.146	saccade	n/a	203.4	397.7	n/a	260.6	388.8	2.23	532.0
262.806	0.046	blink	n/a	n/a	n/a	n/a	n/a	n/a	n/a	n/a
262.916	0.216	fixation	n/a	262.7	388.7	3214.0	n/a	n/a	n/a	n/a
263.134	0.062	saccade	n/a	260.8	381.6	n/a	171.2	187.3	8.38	467.0
263.15	0.0	trigger_11	11	n/a	n/a	n/a	n/a	n/a	n/a	n/a
263.198	0.232	fixation	n/a	170.9	170.7	3288.0	n/a	n/a	n/a	n/a
263.252	0.0	trigger_10	10	n/a	n/a	n/a	n/a	n/a	n/a	n/a
263.432	0.026	saccade	n/a	169.2	170.1	n/a	145.7	161.9	0.95	96.0
263.46	0.15	fixation	n/a	146.9	165.1	3319.0	n/a	n/a	n/a	n/a
263.612	0.032	saccade	n/a	147.6	163.1	n/a	221.8	152.0	2.89	192.0
263.646	0.114	fixation	n/a	218.8	148.5	3418.0	n/a	n/a	n/a	n/a
263.762	0.032	saccade	n/a	220.6	148.4	n/a	282.7	144.2	2.41	174.0
263.796	0.132	fixation	n/a	279.9	140.8	3421.0	n/a	n/a	n/a	n/a
263.93	0.034	saccade	n/a	282.2	144.2	n/a	363.5	142.1	3.17	211.0
263.966	0.334	fixation	n/a	359.9	138.6	3500.0	n/a	n/a	n/a	n/a
264.302	0.032	saccade	n/a	362.4	137.3	n/a	438.9	133.4	2.99	197.0
264.336	0.25	fixation	n/a	436.5	132.9	3540.0	n/a	n/a	n/a	n/a
264.588	0.03	saccade	n/a	440.0	137.5	n/a	504.1	130.4	2.51	147.0
264.62	0.234	fixation	n/a	499.8	131.2	3541.0	n/a	n/a	n/a	n/a
264.856	0.026	saccade	n/a	499.0	132.0	n/a	457.0	131.6	1.64	135.0
264.884	0.038	fixation	n/a	463.7	131.6	3537.0	n/a	n/a	n/a	n/a
264.924	0.032	saccade	n/a	462.7	133.8	n/a	531.0	129.2	2.66	194.0
264.958	0.256	fixation	n/a	526.8	130.6	3486.0	n/a	n/a	n/a	n/a
265.216	0.036	saccade	n/a	529.0	131.2	n/a	622.7	121.8	3.62	202.0
265.254	0.234	fixation	n/a	622.7	124.5	3482.0	n/a	n/a	n/a	n/a
265.49	0.076	saccade	n/a	625.2	125.0	n/a	149.4	200.4	18.4	417.0
265.568	0.3	fixation	n/a	145.1	205.7	3561.0	n/a	n/a	n/a	n/a
265.87	0.02	saccade	n/a	145.1	205.9	n/a	181.4	198.6	1.42	99.0
265.892	0.254	fixation	n/a	177.6	196.4	3454.0	n/a	n/a	n/a	n/a
266.148	0.034	saccade	n/a	178.6	194.2	n/a	266.3	203.7	3.41	207.0
266.184	0.236	fixation	n/a	264.5	202.2	3425.0	n/a	n/a	n/a	n/a
266.422	0.032	saccade	n/a	267.9	204.4	n/a	347.7	212.2	3.13	190.0
266.456	0.194	fixation	n/a	345.1	210.3	3422.0	n/a	n/a	n/a	n/a
266.652	0.034	saccade	n/a	346.8	212.9	n/a	424.6	214.3	3.05	205.0
266.688	0.222	fixation	n/a	421.3	215.0	3395.0	n/a	n/a	n/a	n/a
266.912	0.046	saccade	n/a	422.8	216.8	n/a	365.7	146.8	3.57	305.0
266.96	0.312	fixation	n/a	360.4	139.5	3398.0	n/a	n/a	n/a	n/a
267.274	0.034	saccade	n/a	360.4	137.1	n/a	445.7	134.4	3.33	213.0
267.31	0.216	fixation	n/a	444.6	134.5	3461.0	n/a	n/a	n/a	n/a
267.528	0.034	saccade	n/a	448.2	134.9	n/a	542.4	129.0	3.67	219.0
267.564	0.326	fixation	n/a	542.1	125.9	3466.0	n/a	n/a	n/a	n/a
267.892	0.03	saccade	n/a	545.7	126.5	n/a	616.6	123.9	2.73	170.0
267.924	0.388	fixation	n/a	611.1	123.8	3510.0	n/a	n/a	n/a	n/a
268.314	0.04	saccade	n/a	609.2	125.6	n/a	447.3	134.2	6.27	352.0
268.356	0.13	fixation	n/a	447.3	136.4	3535.0	n/a	n/a	n/a	n/a
268.488	0.104	saccade	n/a	441.4	143.6	n/a	631.9	137.4	7.36	841.0
268.594	0.218	fixation	n/a	629.1	134.1	3511.0	n/a	n/a	n/a	n/a
268.814	0.07	saccade	n/a	629.6	131.5	n/a	149.5	199.4	18.52	487.0
268.886	0.298	fixation	n/a	145.9	206.5	3514.0	n/a	n/a	n/a	n/a
269.186	0.028	saccade	n/a	146.1	209.3	n/a	199.1	196.5	2.1	152.0
269.216	0.276	fixation	n/a	194.4	198.3	3409.0	n/a	n/a	n/a	n/a
269.454	0.0	trigger_11	11	n/a	n/a	n/a	n/a	n/a	n/a	n/a
269.494	0.032	saccade	n/a	194.5	198.4	n/a	168.5	142.2	2.42	194.0
269.528	0.272	fixation	n/a	168.0	154.7	3406.0	n/a	n/a	n/a	n/a
269.556	0.0	trigger_10	10	n/a	n/a	n/a	n/a	n/a	n/a	n/a
269.802	0.016	saccade	n/a	167.4	158.8	n/a	145.7	159.3	0.83	64.0
269.82	0.19	fixation	n/a	151.2	162.5	3510.0	n/a	n/a	n/a	n/a
270.012	0.04	saccade	n/a	150.9	163.2	n/a	258.6	146.8	4.19	232.0
270.054	0.368	fixation	n/a	257.8	151.6	3622.0	n/a	n/a	n/a	n/a
270.424	0.026	saccade	n/a	261.3	153.3	n/a	320.5	150.4	2.31	147.0
270.452	0.164	fixation	n/a	317.4	145.7	3557.0	n/a	n/a	n/a	n/a
270.618	0.034	saccade	n/a	320.2	146.3	n/a	408.5	144.4	3.45	206.0
270.654	0.356	fixation	n/a	403.8	143.7	3513.0	n/a	n/a	n/a	n/a
271.012	0.034	saccade	n/a	405.0	142.2	n/a	502.1	138.5	3.79	220.0
271.048	0.428	fixation	n/a	499.6	137.2	3490.0	n/a	n/a	n/a	n/a
271.478	0.03	saccade	n/a	501.4	136.9	n/a	558.6	131.0	2.23	153.0
271.51	0.08	fixation	n/a	553.5	133.0	3451.0	n/a	n/a	n/a	n/a
271.592	0.134	saccade	n/a	549.9	139.7	n/a	608.8	124.7	2.35	875.0
271.646	0.026	blink	n/a	n/a	n/a	n/a	n/a	n/a	n/a	n/a
271.728	0.114	fixation	n/a	606.7	126.7	3276.0	n/a	n/a	n/a	n/a
271.844	0.072	saccade	n/a	606.0	121.5	n/a	142.3	206.9	18.05	485.0
271.918	0.268	fixation	n/a	138.5	210.8	3427.0	n/a	n/a	n/a	n/a
272.188	0.03	saccade	n/a	140.1	210.7	n/a	201.4	204.9	2.36	179.0
272.22	0.288	fixation	n/a	199.6	205.0	3362.0	n/a	n/a	n/a	n/a
272.51	0.03	saccade	n/a	202.2	207.1	n/a	265.4	215.0	2.47	175.0
272.542	0.172	fixation	n/a	262.6	214.9	3386.0	n/a	n/a	n/a	n/a
272.716	0.03	saccade	n/a	263.6	216.0	n/a	337.5	219.4	2.89	178.0
272.748	0.28	fixation	n/a	332.9	219.5	3405.0	n/a	n/a	n/a	n/a
273.03	0.03	saccade	n/a	334.0	220.6	n/a	404.9	222.5	2.78	180.0
273.062	0.23	fixation	n/a	402.2	220.7	3371.0	n/a	n/a	n/a	n/a
273.294	0.032	saccade	n/a	402.4	223.4	n/a	472.9	211.6	2.8	186.0
273.328	0.462	fixation	n/a	463.9	210.9	3383.0	n/a	n/a	n/a	n/a
273.792	0.03	saccade	n/a	460.4	211.6	n/a	523.3	209.7	2.45	151.0
273.824	0.222	fixation	n/a	518.4	208.6	3405.0	n/a	n/a	n/a	n/a
274.048	0.032	saccade	n/a	521.1	211.5	n/a	594.5	208.7	2.84	184.0
274.082	0.208	fixation	n/a	591.8	207.4	3443.0	n/a	n/a	n/a	n/a
274.292	0.07	saccade	n/a	593.2	206.1	n/a	150.7	263.7	17.1	452.0
274.364	0.166	fixation	n/a	147.3	271.0	3513.0	n/a	n/a	n/a	n/a
274.532	0.014	saccade	n/a	142.4	271.9	n/a	127.5	274.7	0.58	51.0
274.548	0.184	fixation	n/a	131.9	279.1	3457.0	n/a	n/a	n/a	n/a
274.734	0.044	saccade	n/a	132.3	281.4	n/a	239.7	140.1	6.91	355.0
274.78	0.31	fixation	n/a	237.1	138.2	3372.0	n/a	n/a	n/a	n/a
275.092	0.038	saccade	n/a	236.8	134.9	n/a	347.4	136.0	4.3	250.0
275.132	0.048	fixation	n/a	344.2	133.3	3424.0	n/a	n/a	n/a	n/a
275.182	0.142	saccade	n/a	343.1	141.1	n/a	400.2	136.9	2.24	1041.0
275.226	0.04	blink	n/a	n/a	n/a	n/a	n/a	n/a	n/a	n/a
275.326	0.28	fixation	n/a	400.1	130.0	3392.0	n/a	n/a	n/a	n/a
275.608	0.038	saccade	n/a	401.6	124.8	n/a	513.8	119.2	4.38	266.0
275.648	0.476	fixation	n/a	514.2	120.9	3367.0	n/a	n/a	n/a	n/a
276.126	0.034	saccade	n/a	517.2	121.0	n/a	595.4	115.9	3.02	189.0
276.162	0.074	fixation	n/a	592.8	115.6	3315.0	n/a	n/a	n/a	n/a
276.238	0.034	saccade	n/a	593.7	116.8	n/a	503.3	113.5	3.5	252.0
276.274	0.256	fixation	n/a	503.3	115.5	3329.0	n/a	n/a	n/a	n/a
276.532	0.038	saccade	n/a	502.8	116.2	n/a	613.7	112.6	4.28	241.0
276.572	0.066	fixation	n/a	611.3	110.9	3333.0	n/a	n/a	n/a	n/a
276.64	0.074	saccade	n/a	612.3	113.1	n/a	149.6	183.6	17.91	441.0
276.716	0.626	fixation	n/a	140.2	190.2	3332.0	n/a	n/a	n/a	n/a
277.344	0.014	saccade	n/a	135.5	197.6	n/a	117.2	201.9	0.71	63.0
277.36	0.212	fixation	n/a	122.2	204.5	3338.0	n/a	n/a	n/a	n/a
277.574	0.11	saccade	n/a	117.7	223.3	n/a	204.9	209.3	3.38	798.0
277.614	0.002	blink	n/a	n/a	n/a	n/a	n/a	n/a	n/a	n/a
277.686	0.704	fixation	n/a	210.0	201.8	3289.0	n/a	n/a	n/a	n/a
278.392	0.028	saccade	n/a	212.3	203.4	n/a	278.4	211.5	2.58	154.0
278.422	0.082	fixation	n/a	276.8	208.3	3310.0	n/a	n/a	n/a	n/a
278.506	0.03	saccade	n/a	279.8	210.4	n/a	347.7	224.5	2.71	175.0
278.538	0.168	fixation	n/a	345.2	221.9	3332.0	n/a	n/a	n/a	n/a
278.708	0.034	saccade	n/a	347.0	223.3	n/a	434.5	220.1	3.43	211.0
278.744	0.196	fixation	n/a	432.2	220.8	3324.0	n/a	n/a	n/a	n/a
278.942	0.054	saccade	n/a	433.2	220.6	n/a	144.0	270.7	11.36	449.0
278.998	0.192	fixation	n/a	136.8	277.1	3352.0	n/a	n/a	n/a	n/a
279.192	0.06	saccade	n/a	134.9	281.6	n/a	149.9	158.9	4.84	310.0
279.198	0.0	trigger_11	11	n/a	n/a	n/a	n/a	n/a	n/a	n/a
279.254	0.35	fixation	n/a	152.1	148.7	3364.0	n/a	n/a	n/a	n/a
279.306	0.0	trigger_10	10	n/a	n/a	n/a	n/a	n/a	n/a	n/a
279.606	0.026	saccade	n/a	154.0	143.8	n/a	200.6	140.7	1.79	134.0
279.634	0.236	fixation	n/a	195.7	139.6	3526.0	n/a	n/a	n/a	n/a
279.872	0.034	saccade	n/a	195.8	143.8	n/a	132.0	161.2	2.53	173.0
279.908	0.144	fixation	n/a	134.9	159.3	3549.0	n/a	n/a	n/a	n/a
280.054	0.042	saccade	n/a	134.7	155.7	n/a	276.2	132.8	5.52	238.0
280.098	0.204	fixation	n/a	276.1	134.2	3534.0	n/a	n/a	n/a	n/a
280.304	0.032	saccade	n/a	275.6	137.4	n/a	219.1	137.1	2.19	173.0
280.338	0.232	fixation	n/a	219.4	139.7	3605.0	n/a	n/a	n/a	n/a
280.572	0.036	saccade	n/a	220.0	137.8	n/a	321.7	133.9	3.95	231.0
280.61	0.144	fixation	n/a	320.1	132.5	3554.0	n/a	n/a	n/a	n/a
280.756	0.032	saccade	n/a	323.0	133.3	n/a	392.3	134.5	2.71	190.0
280.79	0.314	fixation	n/a	389.6	136.0	3573.0	n/a	n/a	n/a	n/a
281.106	0.034	saccade	n/a	391.5	137.4	n/a	480.4	125.6	3.5	196.0
281.142	0.162	fixation	n/a	477.9	126.9	3478.0	n/a	n/a	n/a	n/a
281.306	0.032	saccade	n/a	480.3	128.4	n/a	555.4	128.0	2.92	179.0
281.34	0.22	fixation	n/a	551.4	125.5	3479.0	n/a	n/a	n/a	n/a
281.562	0.066	saccade	n/a	551.1	125.1	n/a	161.4	189.5	15.2	404.0
281.63	0.132	fixation	n/a	156.5	195.7	3599.0	n/a	n/a	n/a	n/a
281.764	0.018	saccade	n/a	152.3	197.2	n/a	129.4	194.9	0.88	71.0
281.784	0.362	fixation	n/a	136.5	197.9	3491.0	n/a	n/a	n/a	n/a
282.148	0.026	saccade	n/a	138.6	197.5	n/a	190.1	193.3	1.98	144.0
282.176	0.184	fixation	n/a	185.5	194.6	3477.0	n/a	n/a	n/a	n/a
282.362	0.03	saccade	n/a	186.9	195.6	n/a	181.4	140.1	2.19	185.0
282.394	0.326	fixation	n/a	179.1	150.6	3516.0	n/a	n/a	n/a	n/a
282.43	0.0	trigger_11	11	n/a	n/a	n/a	n/a	n/a	n/a	n/a
282.534	0.0	trigger_10	10	n/a	n/a	n/a	n/a	n/a	n/a	n/a
282.722	0.018	saccade	n/a	177.2	150.6	n/a	152.7	147.0	0.95	73.0
282.742	0.19	fixation	n/a	160.1	151.4	3629.0	n/a	n/a	n/a	n/a
282.934	0.034	saccade	n/a	162.1	152.4	n/a	248.4	132.5	3.41	202.0
282.97	0.204	fixation	n/a	244.2	132.1	3612.0	n/a	n/a	n/a	n/a
283.176	0.032	saccade	n/a	244.8	133.6	n/a	325.7	137.5	3.15	206.0
283.21	0.308	fixation	n/a	323.7	134.2	3584.0	n/a	n/a	n/a	n/a
283.52	0.03	saccade	n/a	324.0	131.7	n/a	259.0	129.5	2.53	183.0
283.552	0.116	fixation	n/a	263.0	130.7	3502.0	n/a	n/a	n/a	n/a
283.67	0.162	saccade	n/a	259.4	134.5	n/a	363.4	144.5	4.07	1012.0
283.718	0.056	blink	n/a	n/a	n/a	n/a	n/a	n/a	n/a	n/a
283.834	0.496	fixation	n/a	360.4	138.0	3389.0	n/a	n/a	n/a	n/a
284.332	0.028	saccade	n/a	358.1	131.1	n/a	413.5	130.5	2.16	146.0
284.362	0.266	fixation	n/a	410.5	127.9	3356.0	n/a	n/a	n/a	n/a
284.63	0.032	saccade	n/a	412.4	128.3	n/a	491.2	118.6	3.1	203.0
284.664	0.232	fixation	n/a	487.0	116.6	3358.0	n/a	n/a	n/a	n/a
284.898	0.034	saccade	n/a	488.5	116.7	n/a	578.5	109.7	3.49	214.0
284.934	0.218	fixation	n/a	574.4	109.2	3326.0	n/a	n/a	n/a	n/a
285.154	0.068	saccade	n/a	574.4	111.5	n/a	142.9	195.4	16.86	473.0
285.224	0.336	fixation	n/a	136.9	202.6	3414.0	n/a	n/a	n/a	n/a
285.562	0.032	saccade	n/a	136.6	207.3	n/a	212.9	206.9	2.92	207.0
285.596	0.2	fixation	n/a	210.9	206.9	3386.0	n/a	n/a	n/a	n/a
285.798	0.034	saccade	n/a	210.7	208.4	n/a	136.1	206.1	2.86	206.0
285.834	0.21	fixation	n/a	136.4	205.5	3420.0	n/a	n/a	n/a	n/a
286.046	0.032	saccade	n/a	136.2	204.7	n/a	218.8	207.0	3.17	194.0
286.08	0.2	fixation	n/a	215.6	208.4	3455.0	n/a	n/a	n/a	n/a
286.282	0.03	saccade	n/a	217.8	209.1	n/a	284.9	211.4	2.6	184.0
286.314	0.166	fixation	n/a	282.9	213.4	3426.0	n/a	n/a	n/a	n/a
286.482	0.04	saccade	n/a	283.3	216.2	n/a	138.5	206.8	5.59	300.0
286.524	0.246	fixation	n/a	137.7	208.1	3389.0	n/a	n/a	n/a	n/a
286.772	0.05	saccade	n/a	136.2	208.2	n/a	339.4	142.5	8.25	310.0
286.824	0.368	fixation	n/a	342.2	141.5	3395.0	n/a	n/a	n/a	n/a
287.194	0.028	saccade	n/a	344.6	141.5	n/a	399.9	133.4	2.18	152.0
287.224	0.106	fixation	n/a	395.1	134.2	3341.0	n/a	n/a	n/a	n/a
287.332	0.048	saccade	n/a	396.0	134.2	n/a	192.5	187.6	8.17	338.0
287.382	0.238	fixation	n/a	191.2	190.6	3353.0	n/a	n/a	n/a	n/a
287.622	0.034	saccade	n/a	192.0	194.5	n/a	291.0	213.2	3.9	242.0
287.658	0.308	fixation	n/a	289.8	212.1	3368.0	n/a	n/a	n/a	n/a
287.968	0.028	saccade	n/a	293.4	214.9	n/a	358.9	215.6	2.56	143.0
287.998	0.098	fixation	n/a	354.7	216.0	3307.0	n/a	n/a	n/a	n/a
288.098	0.122	saccade	n/a	352.6	221.5	n/a	435.1	241.1	3.33	774.0
288.148	0.022	blink	n/a	n/a	n/a	n/a	n/a	n/a	n/a	n/a
288.222	0.232	fixation	n/a	437.0	231.1	3217.0	n/a	n/a	n/a	n/a
288.456	0.028	saccade	n/a	436.7	229.6	n/a	496.8	223.7	2.36	154.0
288.486	0.224	fixation	n/a	493.3	222.3	3252.0	n/a	n/a	n/a	n/a
288.712	0.028	saccade	n/a	491.7	222.3	n/a	443.0	221.7	1.91	150.0
288.742	0.336	fixation	n/a	442.9	226.4	3220.0	n/a	n/a	n/a	n/a
289.08	0.028	saccade	n/a	442.1	230.9	n/a	498.9	222.3	2.25	159.0
289.11	0.342	fixation	n/a	495.0	223.6	3335.0	n/a	n/a	n/a	n/a
289.454	0.036	saccade	n/a	497.7	225.2	n/a	586.7	219.1	3.46	172.0
289.492	0.228	fixation	n/a	584.1	217.4	3353.0	n/a	n/a	n/a	n/a
289.722	0.028	saccade	n/a	587.6	218.5	n/a	635.0	224.4	1.83	138.0
289.752	0.122	fixation	n/a	631.3	220.6	3384.0	n/a	n/a	n/a	n/a
289.876	0.08	saccade	n/a	631.7	220.1	n/a	160.4	285.1	18.17	471.0
289.958	0.126	fixation	n/a	150.3	290.7	3470.0	n/a	n/a	n/a	n/a
290.086	0.022	saccade	n/a	145.2	291.8	n/a	127.0	277.6	0.89	94.0
290.11	0.174	fixation	n/a	128.7	281.5	3415.0	n/a	n/a	n/a	n/a
290.286	0.034	saccade	n/a	129.0	282.9	n/a	208.1	285.5	3.03	178.0
290.322	0.3	fixation	n/a	206.0	286.1	3367.0	n/a	n/a	n/a	n/a
290.624	0.032	saccade	n/a	209.0	287.8	n/a	252.1	209.2	3.52	187.0
290.658	0.408	fixation	n/a	250.1	213.6	3398.0	n/a	n/a	n/a	n/a
291.068	0.028	saccade	n/a	251.2	214.8	n/a	304.5	210.9	2.08	146.0
291.098	0.052	fixation	n/a	299.2	209.6	3420.0	n/a	n/a	n/a	n/a
291.152	0.036	saccade	n/a	300.8	210.3	n/a	392.0	220.6	3.59	242.0
291.19	0.194	fixation	n/a	392.3	220.2	3500.0	n/a	n/a	n/a	n/a
291.386	0.048	saccade	n/a	394.6	220.5	n/a	185.8	143.3	8.66	376.0
291.4	0.0	trigger_11	11	n/a	n/a	n/a	n/a	n/a	n/a	n/a
291.436	0.244	fixation	n/a	185.6	151.7	3564.0	n/a	n/a	n/a	n/a
291.506	0.0	trigger_10	10	n/a	n/a	n/a	n/a	n/a	n/a	n/a
291.682	0.028	saccade	n/a	184.7	154.5	n/a	143.4	155.0	1.58	141.0
291.712	0.192	fixation	n/a	146.4	158.1	3595.0	n/a	n/a	n/a	n/a
291.906	0.026	saccade	n/a	147.4	155.1	n/a	202.0	146.9	2.12	139.0
291.934	0.084	fixation	n/a	196.0	143.2	3653.0	n/a	n/a	n/a	n/a
292.02	0.028	saccade	n/a	198.0	143.0	n/a	262.5	140.4	2.5	165.0
292.05	0.318	fixation	n/a	253.8	134.3	3696.0	n/a	n/a	n/a	n/a
292.37	0.024	saccade	n/a	244.9	135.0	n/a	213.0	132.4	1.24	110.0
292.396	0.094	fixation	n/a	218.1	135.5	3687.0	n/a	n/a	n/a	n/a
292.492	0.034	saccade	n/a	218.3	136.4	n/a	306.1	132.8	3.41	220.0
292.528	0.18	fixation	n/a	303.4	134.2	3694.0	n/a	n/a	n/a	n/a
292.71	0.028	saccade	n/a	307.3	135.3	n/a	361.8	132.8	2.13	148.0
292.74	0.124	fixation	n/a	357.3	132.8	3715.0	n/a	n/a	n/a	n/a
292.866	0.026	saccade	n/a	361.1	134.0	n/a	408.3	133.9	1.84	132.0
292.894	0.08	fixation	n/a	403.2	135.4	3671.0	n/a	n/a	n/a	n/a
292.976	0.13	saccade	n/a	402.1	140.0	n/a	479.0	147.2	3.02	962.0
293.028	0.024	blink	n/a	n/a	n/a	n/a	n/a	n/a	n/a	n/a
293.108	0.206	fixation	n/a	477.5	140.3	3494.0	n/a	n/a	n/a	n/a
293.316	0.032	saccade	n/a	477.9	135.6	n/a	554.6	130.6	2.99	182.0
293.35	0.204	fixation	n/a	548.6	129.9	3456.0	n/a	n/a	n/a	n/a
293.556	0.032	saccade	n/a	550.8	128.0	n/a	620.0	124.9	2.66	155.0
293.59	0.082	fixation	n/a	615.3	124.2	3316.0	n/a	n/a	n/a	n/a
293.674	0.076	saccade	n/a	615.7	124.7	n/a	132.0	203.7	18.68	462.0
293.752	0.256	fixation	n/a	125.2	206.4	3386.0	n/a	n/a	n/a	n/a
294.01	0.03	saccade	n/a	124.2	209.6	n/a	177.2	195.8	2.09	160.0
294.042	0.234	fixation	n/a	174.5	195.4	3406.0	n/a	n/a	n/a	n/a
294.278	0.028	saccade	n/a	176.7	197.0	n/a	234.2	200.2	2.22	169.0
294.308	0.182	fixation	n/a	229.4	202.4	3368.0	n/a	n/a	n/a	n/a
294.492	0.034	saccade	n/a	230.8	204.9	n/a	310.9	207.9	3.12	212.0
294.528	0.168	fixation	n/a	308.1	209.5	3362.0	n/a	n/a	n/a	n/a
294.698	0.032	saccade	n/a	307.4	211.0	n/a	245.0	207.6	2.43	204.0
294.732	0.282	fixation	n/a	244.8	212.0	3355.0	n/a	n/a	n/a	n/a
295.016	0.026	saccade	n/a	241.6	213.2	n/a	200.4	201.5	1.66	135.0
295.044	0.164	fixation	n/a	203.9	205.7	3338.0	n/a	n/a	n/a	n/a
295.21	0.036	saccade	n/a	204.4	205.2	n/a	301.9	213.9	3.8	229.0
295.248	0.3	fixation	n/a	302.8	212.1	3354.0	n/a	n/a	n/a	n/a
295.55	0.044	saccade	n/a	305.0	212.4	n/a	135.9	196.3	6.55	326.0
295.596	0.212	fixation	n/a	136.1	196.4	3296.0	n/a	n/a	n/a	n/a
295.768	0.0	trigger_11	11	n/a	n/a	n/a	n/a	n/a	n/a	n/a
295.81	0.03	saccade	n/a	136.7	196.5	n/a	162.9	142.2	2.35	159.0
295.842	0.436	fixation	n/a	161.0	155.0	3355.0	n/a	n/a	n/a	n/a
295.87	0.0	trigger_10	10	n/a	n/a	n/a	n/a	n/a	n/a	n/a
296.28	0.016	saccade	n/a	157.6	157.5	n/a	134.6	158.2	0.88	70.0
296.298	0.112	fixation	n/a	143.4	161.1	3510.0	n/a	n/a	n/a	n/a
296.412	0.028	saccade	n/a	144.2	160.1	n/a	218.6	147.5	2.9	164.0
296.442	0.12	fixation	n/a	215.3	141.0	3506.0	n/a	n/a	n/a	n/a
296.564	0.028	saccade	n/a	213.8	141.8	n/a	163.6	152.1	1.97	141.0
296.594	0.194	fixation	n/a	169.7	155.3	3551.0	n/a	n/a	n/a	n/a
296.79	0.024	saccade	n/a	168.5	155.3	n/a	134.0	155.9	1.32	104.0
296.816	0.15	fixation	n/a	140.5	157.8	3601.0	n/a	n/a	n/a	n/a
296.968	0.028	saccade	n/a	140.1	156.4	n/a	194.5	147.8	2.11	146.0
296.998	0.2	fixation	n/a	186.9	143.2	3623.0	n/a	n/a	n/a	n/a
297.2	0.022	saccade	n/a	187.9	142.7	n/a	227.9	135.6	1.56	105.0
297.224	0.134	fixation	n/a	220.4	135.1	3597.0	n/a	n/a	n/a	n/a
297.36	0.03	saccade	n/a	220.3	133.8	n/a	294.6	137.1	2.88	192.0
297.392	0.11	fixation	n/a	290.7	133.5	3520.0	n/a	n/a	n/a	n/a
297.504	0.148	saccade	n/a	289.0	141.1	n/a	350.9	142.3	2.41	849.0
297.558	0.034	blink	n/a	n/a	n/a	n/a	n/a	n/a	n/a	n/a
297.654	0.284	fixation	n/a	352.4	132.9	3453.0	n/a	n/a	n/a	n/a
297.94	0.018	saccade	n/a	357.1	124.8	n/a	384.4	123.2	1.07	83.0
297.96	0.106	fixation	n/a	377.3	122.6	3373.0	n/a	n/a	n/a	n/a
298.068	0.024	saccade	n/a	376.1	124.0	n/a	348.0	123.3	1.1	100.0
298.094	0.272	fixation	n/a	352.7	125.0	3302.0	n/a	n/a	n/a	n/a
298.368	0.034	saccade	n/a	355.3	126.4	n/a	428.4	125.7	2.86	154.0
298.404	0.802	fixation	n/a	422.4	128.2	3388.0	n/a	n/a	n/a	n/a
299.208	0.034	saccade	n/a	420.4	130.1	n/a	495.4	116.3	2.97	149.0
299.244	0.176	fixation	n/a	491.7	114.4	3456.0	n/a	n/a	n/a	n/a
299.422	0.032	saccade	n/a	494.1	113.2	n/a	560.4	115.6	2.57	182.0
299.456	0.294	fixation	n/a	559.8	116.6	3503.0	n/a	n/a	n/a	n/a
299.752	0.066	saccade	n/a	561.9	123.3	n/a	146.4	201.0	16.24	463.0
299.82	0.272	fixation	n/a	142.7	210.1	3546.0	n/a	n/a	n/a	n/a
300.094	0.028	saccade	n/a	140.9	212.5	n/a	199.6	206.1	2.27	160.0
300.124	0.192	fixation	n/a	194.0	203.0	3502.0	n/a	n/a	n/a	n/a
300.318	0.03	saccade	n/a	195.9	201.5	n/a	262.5	211.8	2.61	177.0
300.35	0.204	fixation	n/a	260.5	209.3	3489.0	n/a	n/a	n/a	n/a
300.556	0.03	saccade	n/a	263.2	208.4	n/a	319.7	205.8	2.21	161.0
300.588	0.18	fixation	n/a	315.0	208.3	3513.0	n/a	n/a	n/a	n/a
300.77	0.044	saccade	n/a	316.0	207.9	n/a	158.7	145.5	6.55	360.0
300.816	0.49	fixation	n/a	156.8	152.4	3437.0	n/a	n/a	n/a	n/a
300.848	0.0	trigger_11	11	n/a	n/a	n/a	n/a	n/a	n/a	n/a
300.956	0.0	trigger_10	10	n/a	n/a	n/a	n/a	n/a	n/a	n/a
301.308	0.03	saccade	n/a	152.3	152.1	n/a	215.8	137.8	2.5	159.0
301.34	0.18	fixation	n/a	211.9	133.5	3615.0	n/a	n/a	n/a	n/a
301.522	0.036	saccade	n/a	215.0	131.6	n/a	306.7	125.0	3.57	210.0
301.56	0.23	fixation	n/a	303.6	125.0	3608.0	n/a	n/a	n/a	n/a
301.792	0.03	saccade	n/a	303.5	125.1	n/a	372.6	127.3	2.7	176.0
301.824	0.216	fixation	n/a	368.7	126.8	3582.0	n/a	n/a	n/a	n/a
302.042	0.034	saccade	n/a	371.8	123.2	n/a	467.9	120.5	3.75	204.0
302.078	0.322	fixation	n/a	465.4	119.6	3573.0	n/a	n/a	n/a	n/a
302.402	0.03	saccade	n/a	468.3	121.5	n/a	537.7	115.2	2.71	156.0
302.434	0.11	fixation	n/a	532.1	117.1	3513.0	n/a	n/a	n/a	n/a
302.546	0.03	saccade	n/a	534.4	119.7	n/a	598.9	119.2	2.49	147.0
302.578	0.142	fixation	n/a	594.3	121.4	3460.0	n/a	n/a	n/a	n/a
302.722	0.024	saccade	n/a	597.5	121.9	n/a	635.4	118.7	1.45	105.0
302.748	0.08	fixation	n/a	630.1	119.3	3432.0	n/a	n/a	n/a	n/a
302.83	0.07	saccade	n/a	629.4	118.8	n/a	169.8	181.5	17.75	482.0
302.902	0.112	fixation	n/a	167.2	187.1	3492.0	n/a	n/a	n/a	n/a
303.016	0.024	saccade	n/a	162.6	191.8	n/a	131.0	205.1	1.31	104.0
303.042	0.278	fixation	n/a	133.4	205.2	3462.0	n/a	n/a	n/a	n/a
303.322	0.032	saccade	n/a	133.1	205.9	n/a	223.2	204.7	3.46	185.0
303.356	0.122	fixation	n/a	222.8	202.1	3456.0	n/a	n/a	n/a	n/a
303.48	0.122	saccade	n/a	221.1	211.9	n/a	294.9	238.2	3.05	753.0
303.604	0.172	fixation	n/a	296.8	232.3	3425.0	n/a	n/a	n/a	n/a
303.778	0.022	saccade	n/a	296.0	224.6	n/a	269.1	211.2	1.18	94.0
303.802	0.314	fixation	n/a	274.7	210.7	3362.0	n/a	n/a	n/a	n/a
304.118	0.032	saccade	n/a	275.6	209.6	n/a	359.6	215.5	3.29	205.0
304.152	0.24	fixation	n/a	357.5	214.0	3292.0	n/a	n/a	n/a	n/a
304.394	0.032	saccade	n/a	359.8	213.4	n/a	432.5	209.3	2.86	183.0
304.428	0.42	fixation	n/a	429.6	211.9	3250.0	n/a	n/a	n/a	n/a
304.85	0.032	saccade	n/a	432.1	216.4	n/a	502.0	208.3	2.75	170.0
304.884	0.406	fixation	n/a	500.8	206.8	3256.0	n/a	n/a	n/a	n/a
305.292	0.062	saccade	n/a	501.5	209.0	n/a	141.5	261.8	14.0	423.0
305.356	0.312	fixation	n/a	135.0	272.5	3356.0	n/a	n/a	n/a	n/a
305.67	0.15	saccade	n/a	125.3	290.4	n/a	100.3	298.5	1.0	668.0
305.734	0.018	blink	n/a	n/a	n/a	n/a	n/a	n/a	n/a	n/a
305.822	0.218	fixation	n/a	104.3	292.9	3248.0	n/a	n/a	n/a	n/a
306.042	0.034	saccade	n/a	105.5	289.5	n/a	188.5	295.5	3.17	156.0
306.078	0.408	fixation	n/a	187.4	290.9	3268.0	n/a	n/a	n/a	n/a
306.488	0.024	saccade	n/a	191.0	289.1	n/a	230.5	295.3	1.54	107.0
306.514	0.094	fixation	n/a	226.2	294.0	3216.0	n/a	n/a	n/a	n/a
306.61	0.028	saccade	n/a	227.6	293.6	n/a	285.0	308.9	2.31	148.0
306.64	0.362	fixation	n/a	284.1	309.2	3258.0	n/a	n/a	n/a	n/a
307.004	0.024	saccade	n/a	288.3	312.6	n/a	325.5	308.5	1.46	106.0
307.03	0.142	fixation	n/a	321.4	309.7	3272.0	n/a	n/a	n/a	n/a
307.174	0.034	saccade	n/a	323.2	311.0	n/a	410.3	303.4	3.42	204.0
307.21	0.228	fixation	n/a	408.5	301.6	3320.0	n/a	n/a	n/a	n/a
307.44	0.054	saccade	n/a	409.3	305.5	n/a	186.8	171.5	10.12	413.0
307.496	0.15	fixation	n/a	183.9	175.6	3406.0	n/a	n/a	n/a	n/a
307.648	0.028	saccade	n/a	182.8	177.4	n/a	144.1	199.3	1.71	141.0
307.678	0.268	fixation	n/a	143.5	198.8	3366.0	n/a	n/a	n/a	n/a
307.948	0.042	saccade	n/a	141.7	199.6	n/a	268.7	211.1	4.92	256.0
307.992	0.088	fixation	n/a	266.2	207.9	3521.0	n/a	n/a	n/a	n/a
308.082	0.06	saccade	n/a	268.8	207.1	n/a	566.1	130.6	11.91	388.0
308.144	0.286	fixation	n/a	570.9	127.4	3577.0	n/a	n/a	n/a	n/a
308.432	0.032	saccade	n/a	571.1	126.1	n/a	635.2	125.7	2.45	173.0
308.466	0.1	fixation	n/a	628.5	122.6	3531.0	n/a	n/a	n/a	n/a
308.568	0.074	saccade	n/a	629.1	121.3	n/a	147.3	189.1	18.58	515.0
308.644	0.298	fixation	n/a	140.0	194.5	3495.0	n/a	n/a	n/a	n/a
308.76	0.0	trigger_11	11	n/a	n/a	n/a	n/a	n/a	n/a	n/a
308.864	0.0	trigger_12	12	n/a	n/a	n/a	n/a	n/a	n/a	n/a
308.944	0.038	saccade	n/a	138.6	197.9	n/a	148.3	163.3	1.41	188.0
308.984	0.23	fixation	n/a	150.1	160.3	3531.0	n/a	n/a	n/a	n/a
309.216	0.028	saccade	n/a	151.1	158.6	n/a	207.0	143.6	2.23	136.0
309.246	0.09	fixation	n/a	201.9	141.8	3612.0	n/a	n/a	n/a	n/a
309.338	0.03	saccade	n/a	203.6	139.0	n/a	266.2	133.3	2.43	184.0
309.37	0.244	fixation	n/a	263.6	129.9	3636.0	n/a	n/a	n/a	n/a
309.616	0.032	saccade	n/a	265.4	131.7	n/a	338.1	133.7	2.84	181.0
309.65	0.122	fixation	n/a	332.0	129.6	3624.0	n/a	n/a	n/a	n/a
309.774	0.1	saccade	n/a	329.8	137.6	n/a	393.2	151.3	2.54	806.0
309.876	0.338	fixation	n/a	399.0	137.4	3552.0	n/a	n/a	n/a	n/a
310.216	0.032	saccade	n/a	401.3	134.7	n/a	472.9	131.2	2.8	173.0
310.25	0.222	fixation	n/a	470.1	131.1	3514.0	n/a	n/a	n/a	n/a
310.474	0.032	saccade	n/a	472.9	130.1	n/a	543.7	129.6	2.75	184.0
310.508	0.386	fixation	n/a	533.7	125.8	3505.0	n/a	n/a	n/a	n/a
310.896	0.032	saccade	n/a	527.9	125.3	n/a	592.5	120.4	2.5	166.0
310.93	0.154	fixation	n/a	588.6	120.5	3474.0	n/a	n/a	n/a	n/a
311.086	0.068	saccade	n/a	587.6	120.5	n/a	153.0	183.2	16.83	463.0
311.156	0.122	fixation	n/a	146.9	189.4	3544.0	n/a	n/a	n/a	n/a
311.28	0.02	saccade	n/a	143.6	193.6	n/a	117.3	210.0	1.19	90.0
311.302	0.188	fixation	n/a	121.1	209.3	3528.0	n/a	n/a	n/a	n/a
311.492	0.03	saccade	n/a	122.4	209.9	n/a	191.5	207.1	2.64	175.0
311.524	0.088	fixation	n/a	186.8	204.9	3564.0	n/a	n/a	n/a	n/a
311.614	0.154	saccade	n/a	186.4	208.1	n/a	244.7	216.6	2.28	892.0
311.662	0.044	blink	n/a	n/a	n/a	n/a	n/a	n/a	n/a	n/a
311.77	0.23	fixation	n/a	247.7	211.4	3572.0	n/a	n/a	n/a	n/a
312.002	0.028	saccade	n/a	250.3	209.6	n/a	305.8	217.4	2.18	156.0
312.032	0.23	fixation	n/a	304.9	218.1	3501.0	n/a	n/a	n/a	n/a
312.264	0.018	saccade	n/a	307.3	215.3	n/a	281.1	209.2	1.05	80.0
312.284	0.116	fixation	n/a	286.8	209.9	3384.0	n/a	n/a	n/a	n/a
312.402	0.032	saccade	n/a	288.9	208.9	n/a	364.6	216.6	2.98	196.0
312.436	0.392	fixation	n/a	364.1	216.9	3323.0	n/a	n/a	n/a	n/a
312.83	0.03	saccade	n/a	368.8	219.1	n/a	436.5	212.6	2.67	174.0
312.862	0.358	fixation	n/a	434.2	213.4	3305.0	n/a	n/a	n/a	n/a
313.222	0.03	saccade	n/a	437.8	213.7	n/a	496.2	207.3	2.3	156.0
313.254	0.43	fixation	n/a	490.9	212.0	3397.0	n/a	n/a	n/a	n/a
313.686	0.028	saccade	n/a	491.2	213.4	n/a	543.7	203.7	2.08	141.0
313.716	0.116	fixation	n/a	538.7	204.7	3465.0	n/a	n/a	n/a	n/a
313.834	0.066	saccade	n/a	539.6	206.7	n/a	145.6	272.3	15.37	436.0
313.902	0.148	fixation	n/a	142.5	276.1	3562.0	n/a	n/a	n/a	n/a
314.052	0.014	saccade	n/a	137.9	277.9	n/a	121.7	277.2	0.62	52.0
314.068	0.334	fixation	n/a	123.1	278.7	3537.0	n/a	n/a	n/a	n/a
314.404	0.034	saccade	n/a	121.9	277.6	n/a	207.3	290.7	3.3	208.0
314.44	0.23	fixation	n/a	205.2	290.7	3513.0	n/a	n/a	n/a	n/a
314.672	0.054	saccade	n/a	205.3	290.3	n/a	454.5	190.7	10.43	374.0
314.728	0.23	fixation	n/a	458.4	185.8	3504.0	n/a	n/a	n/a	n/a
314.96	0.032	saccade	n/a	460.2	186.2	n/a	528.3	184.0	2.65	194.0
314.994	0.15	fixation	n/a	525.0	183.9	3498.0	n/a	n/a	n/a	n/a
315.146	0.04	saccade	n/a	525.8	182.5	n/a	354.2	201.4	6.72	379.0
315.188	0.334	fixation	n/a	354.7	205.4	3565.0	n/a	n/a	n/a	n/a
315.524	0.034	saccade	n/a	354.0	206.5	n/a	263.5	198.4	3.54	254.0
315.56	0.298	fixation	n/a	266.3	203.0	3519.0	n/a	n/a	n/a	n/a
315.86	0.032	saccade	n/a	264.9	203.1	n/a	186.5	194.4	3.05	206.0
315.894	0.314	fixation	n/a	191.2	199.8	3457.0	n/a	n/a	n/a	n/a
316.21	0.062	saccade	n/a	193.6	199.9	n/a	551.5	125.7	14.1	390.0
316.274	0.266	fixation	n/a	558.3	122.9	3335.0	n/a	n/a	n/a	n/a
316.542	0.026	saccade	n/a	556.9	126.8	n/a	519.0	118.4	1.5	130.0
316.57	0.152	fixation	n/a	523.7	122.3	3353.0	n/a	n/a	n/a	n/a
316.724	0.028	saccade	n/a	524.5	121.8	n/a	575.2	131.5	2.0	148.0
316.754	0.124	fixation	n/a	569.8	132.7	3361.0	n/a	n/a	n/a	n/a
316.88	0.034	saccade	n/a	568.4	134.4	n/a	489.6	187.6	3.71	267.0
316.916	0.164	fixation	n/a	488.3	186.8	3490.0	n/a	n/a	n/a	n/a
317.082	0.048	saccade	n/a	486.3	189.3	n/a	384.8	210.7	4.06	305.0
317.132	0.268	fixation	n/a	377.0	211.8	3554.0	n/a	n/a	n/a	n/a
317.402	0.03	saccade	n/a	376.9	210.6	n/a	440.1	213.3	2.48	178.0
317.434	0.054	fixation	n/a	434.6	211.1	3455.0	n/a	n/a	n/a	n/a
317.49	0.146	saccade	n/a	434.1	215.7	n/a	490.5	229.4	2.27	915.0
317.538	0.042	blink	n/a	n/a	n/a	n/a	n/a	n/a	n/a	n/a
317.638	0.194	fixation	n/a	493.1	219.6	3339.0	n/a	n/a	n/a	n/a
317.834	0.028	saccade	n/a	496.5	209.3	n/a	546.7	210.2	1.95	150.0
317.864	0.042	fixation	n/a	542.5	206.4	3405.0	n/a	n/a	n/a	n/a
317.908	0.066	saccade	n/a	545.1	206.4	n/a	125.6	271.1	16.27	502.0
317.976	0.254	fixation	n/a	118.1	274.7	3342.0	n/a	n/a	n/a	n/a
318.232	0.034	saccade	n/a	118.9	273.7	n/a	205.0	287.5	3.33	244.0
318.268	0.242	fixation	n/a	206.2	286.2	3346.0	n/a	n/a	n/a	n/a
318.512	0.058	saccade	n/a	208.1	289.7	n/a	542.4	134.7	14.28	448.0
318.572	0.21	fixation	n/a	547.8	128.5	3345.0	n/a	n/a	n/a	n/a
318.784	0.026	saccade	n/a	547.8	128.3	n/a	526.2	109.7	1.11	115.0
318.812	0.168	fixation	n/a	527.9	113.4	3373.0	n/a	n/a	n/a	n/a
318.982	0.032	saccade	n/a	528.7	115.0	n/a	595.9	102.5	2.64	192.0
319.016	0.106	fixation	n/a	591.2	104.7	3389.0	n/a	n/a	n/a	n/a
319.066	0.0	trigger_13	13	n/a	n/a	n/a	n/a	n/a	n/a	n/a
319.124	0.068	saccade	n/a	589.8	105.7	n/a	183.3	152.4	15.68	439.0
319.194	0.2	fixation	n/a	178.7	158.4	3572.0	n/a	n/a	n/a	n/a
319.396	0.024	saccade	n/a	175.4	163.2	n/a	155.0	152.4	0.89	97.0
319.422	0.13	fixation	n/a	154.2	157.9	3636.0	n/a	n/a	n/a	n/a
319.554	0.046	saccade	n/a	151.4	155.0	n/a	127.7	194.1	1.78	212.0
319.602	0.25	fixation	n/a	123.4	205.7	3741.0	n/a	n/a	n/a	n/a
319.854	0.034	saccade	n/a	124.2	210.0	n/a	124.3	143.5	2.6	203.0
319.89	0.338	fixation	n/a	128.8	145.5	3819.0	n/a	n/a	n/a	n/a
320.23	0.018	saccade	n/a	134.9	140.9	n/a	166.6	136.4	1.22	90.0
320.25	0.24	fixation	n/a	161.3	139.4	3904.0	n/a	n/a	n/a	n/a
320.492	0.03	saccade	n/a	163.4	140.6	n/a	228.1	135.1	2.5	170.0
320.524	0.312	fixation	n/a	222.3	133.8	4118.0	n/a	n/a	n/a	n/a
320.838	0.056	saccade	n/a	223.3	138.9	n/a	145.1	226.5	4.57	290.0
320.896	0.216	fixation	n/a	143.0	238.6	4091.0	n/a	n/a	n/a	n/a
321.114	0.034	saccade	n/a	144.0	241.3	n/a	144.6	160.0	3.19	231.0
321.15	0.322	fixation	n/a	143.2	166.0	3986.0	n/a	n/a	n/a	n/a
321.474	0.052	saccade	n/a	141.0	167.7	n/a	137.5	253.9	3.38	252.0
321.528	0.278	fixation	n/a	137.0	267.8	4014.0	n/a	n/a	n/a	n/a
321.808	0.032	saccade	n/a	136.4	270.6	n/a	142.4	205.1	2.57	198.0
321.842	0.232	fixation	n/a	141.1	210.0	3867.0	n/a	n/a	n/a	n/a
322.076	0.022	saccade	n/a	139.4	208.2	n/a	115.5	204.4	0.92	81.0
322.1	0.286	fixation	n/a	121.4	209.9	3729.0	n/a	n/a	n/a	n/a
322.162	0.0	trigger_15	15	n/a	n/a	n/a	n/a	n/a	n/a	n/a
322.214	0.0	trigger_10	10	n/a	n/a	n/a	n/a	n/a	n/a	n/a
322.388	0.032	saccade	n/a	122.1	207.1	n/a	153.4	154.3	2.38	179.0
322.422	0.21	fixation	n/a	151.7	158.3	3745.0	n/a	n/a	n/a	n/a
322.634	0.032	saccade	n/a	154.7	151.6	n/a	229.3	129.7	2.99	186.0
322.668	0.282	fixation	n/a	226.7	126.9	3715.0	n/a	n/a	n/a	n/a
322.952	0.026	saccade	n/a	231.4	128.8	n/a	272.9	119.8	1.65	119.0
322.98	0.18	fixation	n/a	267.4	118.3	3707.0	n/a	n/a	n/a	n/a
323.162	0.122	saccade	n/a	264.2	123.7	n/a	343.7	131.2	3.11	960.0
323.214	0.008	blink	n/a	n/a	n/a	n/a	n/a	n/a	n/a	n/a
323.286	0.192	fixation	n/a	342.8	130.8	3595.0	n/a	n/a	n/a	n/a
323.48	0.026	saccade	n/a	345.2	123.1	n/a	404.6	121.8	2.32	144.0
323.508	0.154	fixation	n/a	400.1	118.4	3558.0	n/a	n/a	n/a	n/a
323.664	0.034	saccade	n/a	402.8	119.1	n/a	488.4	115.4	3.34	197.0
323.7	0.222	fixation	n/a	488.6	111.8	3380.0	n/a	n/a	n/a	n/a
323.924	0.032	saccade	n/a	492.4	111.4	n/a	562.6	107.4	2.73	188.0
323.958	0.056	fixation	n/a	557.6	107.4	3373.0	n/a	n/a	n/a	n/a
324.016	0.064	saccade	n/a	558.6	109.3	n/a	145.6	196.9	16.22	506.0
324.082	0.248	fixation	n/a	137.8	202.4	3409.0	n/a	n/a	n/a	n/a
324.332	0.032	saccade	n/a	135.9	205.6	n/a	209.5	206.7	2.82	196.0
324.366	0.22	fixation	n/a	208.5	207.1	3399.0	n/a	n/a	n/a	n/a
324.588	0.034	saccade	n/a	209.4	209.3	n/a	293.5	212.3	3.27	204.0
324.624	0.24	fixation	n/a	293.0	214.5	3413.0	n/a	n/a	n/a	n/a
324.866	0.032	saccade	n/a	294.2	215.0	n/a	374.3	221.7	3.14	196.0
324.9	0.318	fixation	n/a	370.8	223.3	3421.0	n/a	n/a	n/a	n/a
325.22	0.018	saccade	n/a	375.8	224.7	n/a	400.1	216.5	1.01	78.0
325.24	0.16	fixation	n/a	394.6	217.4	3391.0	n/a	n/a	n/a	n/a
325.402	0.026	saccade	n/a	394.8	217.2	n/a	443.4	219.6	1.9	139.0
325.43	0.17	fixation	n/a	436.9	218.8	3357.0	n/a	n/a	n/a	n/a
325.602	0.03	saccade	n/a	436.7	220.2	n/a	495.6	217.7	2.3	159.0
325.634	0.128	fixation	n/a	490.6	218.9	3351.0	n/a	n/a	n/a	n/a
325.764	0.032	saccade	n/a	493.4	219.0	n/a	566.4	221.9	2.83	182.0
325.798	0.18	fixation	n/a	562.0	218.5	3341.0	n/a	n/a	n/a	n/a
325.98	0.032	saccade	n/a	563.8	218.4	n/a	640.2	204.0	2.98	173.0
326.014	0.352	fixation	n/a	636.9	207.4	3336.0	n/a	n/a	n/a	n/a
326.368	0.026	saccade	n/a	641.0	208.4	n/a	686.1	201.5	1.73	133.0
326.396	0.056	fixation	n/a	681.1	201.7	3298.0	n/a	n/a	n/a	n/a
326.454	0.078	saccade	n/a	682.4	202.6	n/a	128.9	271.2	21.1	484.0
326.534	0.25	fixation	n/a	124.4	281.1	3366.0	n/a	n/a	n/a	n/a
326.786	0.032	saccade	n/a	124.4	283.3	n/a	200.5	301.5	2.99	204.0
326.82	0.182	fixation	n/a	199.4	299.9	3414.0	n/a	n/a	n/a	n/a
327.004	0.024	saccade	n/a	200.2	298.7	n/a	167.9	290.3	1.28	109.0
327.03	0.102	fixation	n/a	173.1	292.2	3432.0	n/a	n/a	n/a	n/a
327.134	0.038	saccade	n/a	173.7	292.2	n/a	296.9	311.0	4.81	283.0
327.174	0.424	fixation	n/a	297.6	309.4	3449.0	n/a	n/a	n/a	n/a
327.6	0.016	saccade	n/a	301.5	311.9	n/a	323.6	307.8	0.88	69.0
327.618	0.106	fixation	n/a	318.7	306.7	3365.0	n/a	n/a	n/a	n/a
327.726	0.038	saccade	n/a	320.0	308.8	n/a	429.5	307.3	4.28	252.0
327.766	0.22	fixation	n/a	429.5	307.3	3391.0	n/a	n/a	n/a	n/a
327.954	0.0	trigger_11	11	n/a	n/a	n/a	n/a	n/a	n/a	n/a
327.988	0.062	saccade	n/a	430.5	311.5	n/a	153.0	156.8	12.32	509.0
328.052	0.386	fixation	n/a	157.6	150.3	3349.0	n/a	n/a	n/a	n/a
328.056	0.0	trigger_10	10	n/a	n/a	n/a	n/a	n/a	n/a	n/a
328.44	0.03	saccade	n/a	156.7	153.7	n/a	224.3	142.2	2.63	165.0
328.472	0.152	fixation	n/a	218.3	139.0	3420.0	n/a	n/a	n/a	n/a
328.626	0.024	saccade	n/a	220.3	138.2	n/a	267.3	134.9	1.82	123.0
328.652	0.134	fixation	n/a	263.5	132.3	3446.0	n/a	n/a	n/a	n/a
328.788	0.03	saccade	n/a	265.4	131.6	n/a	337.3	133.5	2.8	190.0
328.82	0.184	fixation	n/a	333.5	129.4	3466.0	n/a	n/a	n/a	n/a
329.006	0.032	saccade	n/a	335.2	128.8	n/a	399.2	128.6	2.5	174.0
329.04	0.15	fixation	n/a	395.6	129.2	3469.0	n/a	n/a	n/a	n/a
329.192	0.036	saccade	n/a	396.4	131.2	n/a	478.4	124.5	3.21	201.0
329.23	0.146	fixation	n/a	475.9	123.2	3429.0	n/a	n/a	n/a	n/a
329.378	0.032	saccade	n/a	477.7	123.9	n/a	549.3	121.7	2.78	188.0
329.412	0.2	fixation	n/a	545.6	120.7	3408.0	n/a	n/a	n/a	n/a
329.614	0.032	saccade	n/a	546.9	123.5	n/a	610.8	114.9	2.48	176.0
329.648	0.268	fixation	n/a	609.5	118.7	3442.0	n/a	n/a	n/a	n/a
329.918	0.02	saccade	n/a	613.1	121.9	n/a	642.0	119.8	1.1	86.0
329.94	0.046	fixation	n/a	634.2	119.1	3444.0	n/a	n/a	n/a	n/a
329.988	0.068	saccade	n/a	633.4	118.6	n/a	170.1	196.1	17.94	505.0
330.058	0.386	fixation	n/a	161.4	209.1	3536.0	n/a	n/a	n/a	n/a
330.446	0.03	saccade	n/a	160.6	212.2	n/a	219.7	210.3	2.27	172.0
330.478	0.216	fixation	n/a	216.6	209.9	3456.0	n/a	n/a	n/a	n/a
330.658	0.0	trigger_11	11	n/a	n/a	n/a	n/a	n/a	n/a	n/a
330.696	0.032	saccade	n/a	217.1	211.7	n/a	176.8	155.1	2.71	215.0
330.73	0.206	fixation	n/a	180.5	161.8	3467.0	n/a	n/a	n/a	n/a
330.762	0.0	trigger_12	12	n/a	n/a	n/a	n/a	n/a	n/a	n/a
330.938	0.026	saccade	n/a	180.6	166.8	n/a	151.2	157.9	1.18	115.0
330.966	0.142	fixation	n/a	154.2	164.1	3531.0	n/a	n/a	n/a	n/a
331.11	0.032	saccade	n/a	154.8	164.5	n/a	235.6	149.2	3.17	185.0
331.144	0.216	fixation	n/a	232.4	145.5	3609.0	n/a	n/a	n/a	n/a
331.362	0.032	saccade	n/a	233.6	144.4	n/a	314.3	139.5	3.14	186.0
331.396	0.334	fixation	n/a	307.4	135.2	3570.0	n/a	n/a	n/a	n/a
331.732	0.028	saccade	n/a	304.8	134.1	n/a	252.3	131.4	2.04	146.0
331.762	0.102	fixation	n/a	256.9	134.0	3536.0	n/a	n/a	n/a	n/a
331.866	0.04	saccade	n/a	256.4	133.6	n/a	385.0	131.8	5.0	267.0
331.908	0.094	fixation	n/a	383.0	130.2	3479.0	n/a	n/a	n/a	n/a
332.004	0.122	saccade	n/a	382.9	134.2	n/a	462.4	168.1	3.38	946.0
332.054	0.02	blink	n/a	n/a	n/a	n/a	n/a	n/a	n/a	n/a
332.128	0.096	fixation	n/a	464.2	163.3	3421.0	n/a	n/a	n/a	n/a
332.226	0.032	saccade	n/a	465.2	159.3	n/a	527.7	147.6	2.48	187.0
332.26	0.212	fixation	n/a	526.6	143.5	3479.0	n/a	n/a	n/a	n/a
332.474	0.03	saccade	n/a	528.2	142.5	n/a	595.8	139.0	2.61	180.0
332.506	0.092	fixation	n/a	590.8	137.8	3379.0	n/a	n/a	n/a	n/a
332.6	0.066	saccade	n/a	591.6	135.6	n/a	181.6	181.4	15.87	433.0
332.668	0.122	fixation	n/a	175.3	191.2	3429.0	n/a	n/a	n/a	n/a
332.792	0.026	saccade	n/a	171.7	196.3	n/a	136.5	207.5	1.41	118.0
332.82	0.29	fixation	n/a	137.1	208.5	3428.0	n/a	n/a	n/a	n/a
333.112	0.03	saccade	n/a	135.9	209.0	n/a	203.4	207.1	2.59	199.0
333.144	0.184	fixation	n/a	200.5	206.8	3508.0	n/a	n/a	n/a	n/a
333.306	0.0	trigger_13	13	n/a	n/a	n/a	n/a	n/a	n/a	n/a
333.33	0.044	saccade	n/a	202.1	208.1	n/a	159.1	183.3	1.92	218.0
333.376	0.41	fixation	n/a	155.7	177.2	3550.0	n/a	n/a	n/a	n/a
333.788	0.028	saccade	n/a	157.2	174.7	n/a	202.0	157.8	1.84	128.0
333.818	0.642	fixation	n/a	191.4	158.0	3845.0	n/a	n/a	n/a	n/a
334.462	0.034	saccade	n/a	187.8	151.9	n/a	285.4	139.9	3.81	228.0
334.498	0.16	fixation	n/a	280.8	136.5	4082.0	n/a	n/a	n/a	n/a
334.66	0.04	saccade	n/a	280.0	133.7	n/a	162.4	163.1	4.68	277.0
334.702	0.104	fixation	n/a	162.1	157.9	4139.0	n/a	n/a	n/a	n/a
334.808	0.062	saccade	n/a	160.5	157.0	n/a	118.3	393.7	9.35	495.0
334.872	0.056	fixation	n/a	120.1	407.6	4263.0	n/a	n/a	n/a	n/a
334.93	0.032	saccade	n/a	119.3	407.2	n/a	106.8	340.5	2.62	175.0
334.964	0.144	fixation	n/a	108.5	348.2	4267.0	n/a	n/a	n/a	n/a
335.11	0.036	saccade	n/a	110.3	349.3	n/a	115.8	260.0	3.48	266.0
335.148	0.178	fixation	n/a	115.9	264.9	3973.0	n/a	n/a	n/a	n/a
335.328	0.032	saccade	n/a	119.7	266.0	n/a	128.9	197.3	2.71	220.0
335.362	0.118	fixation	n/a	127.6	203.6	3693.0	n/a	n/a	n/a	n/a
335.482	0.16	saccade	n/a	126.2	210.1	n/a	194.4	166.7	3.11	928.0
335.528	0.05	blink	n/a	n/a	n/a	n/a	n/a	n/a	n/a	n/a
335.644	0.144	fixation	n/a	194.1	167.4	3613.0	n/a	n/a	n/a	n/a
335.79	0.186	saccade	n/a	191.4	169.6	n/a	230.0	147.2	1.73	626.0
335.852	0.048	blink	n/a	n/a	n/a	n/a	n/a	n/a	n/a	n/a
335.978	0.198	fixation	n/a	232.1	146.3	3839.0	n/a	n/a	n/a	n/a
336.178	0.036	saccade	n/a	234.8	143.0	n/a	154.5	160.3	3.16	212.0
336.216	0.244	fixation	n/a	158.9	151.4	3977.0	n/a	n/a	n/a	n/a
336.462	0.042	saccade	n/a	159.8	142.1	n/a	319.0	113.6	6.24	323.0
336.506	0.22	fixation	n/a	321.9	113.1	3922.0	n/a	n/a	n/a	n/a
336.728	0.038	saccade	n/a	324.0	114.9	n/a	213.1	119.5	4.31	276.0
336.768	0.258	fixation	n/a	212.5	122.2	3883.0	n/a	n/a	n/a	n/a
337.028	0.04	saccade	n/a	211.4	122.4	n/a	333.4	117.6	4.74	265.0
337.07	0.42	fixation	n/a	334.9	116.3	3807.0	n/a	n/a	n/a	n/a
337.492	0.042	saccade	n/a	336.0	120.2	n/a	195.2	132.4	5.48	301.0
337.536	0.134	fixation	n/a	194.3	134.7	3737.0	n/a	n/a	n/a	n/a
337.672	0.038	saccade	n/a	194.0	134.7	n/a	316.6	122.0	4.77	262.0
337.712	0.272	fixation	n/a	315.9	123.7	3726.0	n/a	n/a	n/a	n/a
337.986	0.18	saccade	n/a	304.3	149.9	n/a	122.9	417.8	12.54	830.0
338.034	0.05	blink	n/a	n/a	n/a	n/a	n/a	n/a	n/a	n/a
338.168	0.316	fixation	n/a	121.4	402.7	3591.0	n/a	n/a	n/a	n/a
338.486	0.022	saccade	n/a	119.9	403.6	n/a	107.6	362.1	1.66	116.0
338.51	0.182	fixation	n/a	108.8	363.8	3470.0	n/a	n/a	n/a	n/a
338.694	0.044	saccade	n/a	110.6	361.7	n/a	131.1	170.1	7.5	405.0
338.724	0.0	trigger_15	15	n/a	n/a	n/a	n/a	n/a	n/a	n/a
338.74	0.204	fixation	n/a	131.3	166.8	3372.0	n/a	n/a	n/a	n/a
338.776	0.0	trigger_10	10	n/a	n/a	n/a	n/a	n/a	n/a	n/a
338.946	0.026	saccade	n/a	134.3	159.9	n/a	172.9	140.0	1.67	122.0
338.974	0.198	fixation	n/a	169.3	143.1	3472.0	n/a	n/a	n/a	n/a
339.174	0.034	saccade	n/a	170.8	141.8	n/a	256.0	130.0	3.32	209.0
339.21	0.208	fixation	n/a	252.7	126.3	3557.0	n/a	n/a	n/a	n/a
339.42	0.034	saccade	n/a	254.9	126.0	n/a	338.6	127.1	3.26	189.0
339.456	0.204	fixation	n/a	333.1	121.3	3553.0	n/a	n/a	n/a	n/a
339.662	0.034	saccade	n/a	334.5	120.8	n/a	416.8	128.9	3.23	209.0
339.698	0.12	fixation	n/a	415.3	126.0	3525.0	n/a	n/a	n/a	n/a
339.82	0.016	saccade	n/a	414.1	127.6	n/a	396.1	122.8	0.73	59.0
339.838	0.092	fixation	n/a	400.5	124.8	3550.0	n/a	n/a	n/a	n/a
339.932	0.032	saccade	n/a	401.8	126.4	n/a	471.8	119.1	2.74	182.0
339.966	0.174	fixation	n/a	468.4	119.3	3595.0	n/a	n/a	n/a	n/a
340.142	0.03	saccade	n/a	471.7	120.8	n/a	538.4	116.8	2.59	170.0
340.174	0.146	fixation	n/a	534.2	117.7	3612.0	n/a	n/a	n/a	n/a
340.322	0.03	saccade	n/a	537.9	116.7	n/a	604.8	108.0	2.59	167.0
340.354	0.266	fixation	n/a	600.2	109.0	3540.0	n/a	n/a	n/a	n/a
340.622	0.02	saccade	n/a	603.3	110.0	n/a	636.4	110.2	1.26	86.0
340.644	0.172	fixation	n/a	629.2	113.6	3509.0	n/a	n/a	n/a	n/a
340.818	0.072	saccade	n/a	628.9	115.4	n/a	157.1	193.6	18.27	475.0
340.892	0.128	fixation	n/a	153.4	198.8	3633.0	n/a	n/a	n/a	n/a
341.022	0.022	saccade	n/a	148.4	200.3	n/a	127.9	199.5	0.78	80.0
341.046	0.25	fixation	n/a	131.5	203.4	3584.0	n/a	n/a	n/a	n/a
341.298	0.026	saccade	n/a	131.5	202.1	n/a	173.7	194.3	1.64	132.0
341.326	0.13	fixation	n/a	170.1	193.3	3419.0	n/a	n/a	n/a	n/a
341.458	0.028	saccade	n/a	173.3	193.1	n/a	224.5	196.7	1.98	131.0
341.488	0.14	fixation	n/a	219.9	196.9	3410.0	n/a	n/a	n/a	n/a
341.63	0.034	saccade	n/a	220.0	198.6	n/a	294.6	206.6	2.91	194.0
341.666	0.144	fixation	n/a	289.2	203.8	3475.0	n/a	n/a	n/a	n/a
341.812	0.146	saccade	n/a	286.3	211.3	n/a	376.3	222.7	3.54	765.0
341.866	0.036	blink	n/a	n/a	n/a	n/a	n/a	n/a	n/a	n/a
341.96	0.268	fixation	n/a	376.9	216.1	3405.0	n/a	n/a	n/a	n/a
342.23	0.032	saccade	n/a	376.3	210.6	n/a	455.7	211.4	3.11	214.0
342.264	0.19	fixation	n/a	454.7	208.9	3358.0	n/a	n/a	n/a	n/a
342.456	0.03	saccade	n/a	457.0	210.4	n/a	513.1	204.4	2.2	156.0
342.488	0.284	fixation	n/a	510.4	204.8	3336.0	n/a	n/a	n/a	n/a
342.774	0.032	saccade	n/a	510.9	207.4	n/a	435.7	204.8	2.94	216.0
342.808	0.106	fixation	n/a	440.7	205.9	3387.0	n/a	n/a	n/a	n/a
342.916	0.04	saccade	n/a	440.7	205.3	n/a	564.3	200.2	4.8	262.0
342.958	0.142	fixation	n/a	567.3	199.8	3346.0	n/a	n/a	n/a	n/a
343.102	0.068	saccade	n/a	568.5	202.2	n/a	146.9	265.9	16.38	454.0
343.172	0.112	fixation	n/a	146.4	274.6	3510.0	n/a	n/a	n/a	n/a
343.286	0.024	saccade	n/a	143.2	280.0	n/a	111.5	292.0	1.29	113.0
343.312	0.156	fixation	n/a	113.1	291.9	3553.0	n/a	n/a	n/a	n/a
343.47	0.034	saccade	n/a	114.1	294.3	n/a	199.7	303.6	3.29	224.0
343.506	0.218	fixation	n/a	199.8	302.0	3489.0	n/a	n/a	n/a	n/a
343.726	0.032	saccade	n/a	202.2	302.1	n/a	272.0	304.9	2.7	175.0
343.76	0.15	fixation	n/a	267.2	303.7	3464.0	n/a	n/a	n/a	n/a
343.912	0.034	saccade	n/a	267.2	302.6	n/a	345.2	309.2	3.05	210.0
343.948	0.14	fixation	n/a	343.6	308.4	3439.0	n/a	n/a	n/a	n/a
344.09	0.042	saccade	n/a	345.9	308.2	n/a	203.2	151.1	8.31	484.0
344.134	0.258	fixation	n/a	201.3	156.0	3462.0	n/a	n/a	n/a	n/a
344.394	0.068	saccade	n/a	200.5	158.1	n/a	598.6	130.1	15.32	398.0
344.464	0.332	fixation	n/a	606.1	132.9	3515.0	n/a	n/a	n/a	n/a
344.798	0.028	saccade	n/a	606.7	131.6	n/a	561.8	119.1	1.8	153.0
344.828	0.12	fixation	n/a	564.6	124.9	3519.0	n/a	n/a	n/a	n/a
344.95	0.068	saccade	n/a	564.0	120.9	n/a	165.5	180.1	15.44	432.0
345.02	0.292	fixation	n/a	161.1	192.2	3556.0	n/a	n/a	n/a	n/a
345.314	0.134	saccade	n/a	151.5	217.3	n/a	156.6	180.8	1.44	748.0
345.362	0.02	blink	n/a	n/a	n/a	n/a	n/a	n/a	n/a	n/a
345.412	0.0	trigger_11	11	n/a	n/a	n/a	n/a	n/a	n/a	n/a
345.45	0.264	fixation	n/a	160.3	167.8	3499.0	n/a	n/a	n/a	n/a
345.516	0.0	trigger_10	10	n/a	n/a	n/a	n/a	n/a	n/a	n/a
345.716	0.014	saccade	n/a	157.4	165.3	n/a	139.1	162.0	0.71	60.0
345.732	0.218	fixation	n/a	145.3	165.6	3558.0	n/a	n/a	n/a	n/a
345.952	0.024	saccade	n/a	147.5	159.9	n/a	197.9	155.8	1.94	132.0
345.978	0.15	fixation	n/a	191.8	151.7	3567.0	n/a	n/a	n/a	n/a
346.13	0.028	saccade	n/a	193.6	150.5	n/a	248.5	140.2	2.16	156.0
346.16	0.212	fixation	n/a	245.6	138.8	3535.0	n/a	n/a	n/a	n/a
346.374	0.03	saccade	n/a	249.5	136.6	n/a	315.8	134.6	2.58	173.0
346.406	0.136	fixation	n/a	311.0	132.7	3542.0	n/a	n/a	n/a	n/a
346.544	0.032	saccade	n/a	312.2	133.4	n/a	390.7	135.8	3.06	204.0
346.578	0.194	fixation	n/a	385.8	136.2	3564.0	n/a	n/a	n/a	n/a
346.774	0.03	saccade	n/a	386.2	138.3	n/a	456.1	134.0	2.74	186.0
346.806	0.098	fixation	n/a	450.2	132.0	3619.0	n/a	n/a	n/a	n/a
346.906	0.134	saccade	n/a	448.3	136.3	n/a	513.7	136.7	2.55	1022.0
346.96	0.028	blink	n/a	n/a	n/a	n/a	n/a	n/a	n/a	n/a
347.042	0.254	fixation	n/a	512.4	135.9	3514.0	n/a	n/a	n/a	n/a
347.298	0.028	saccade	n/a	513.8	134.5	n/a	570.5	129.8	2.21	140.0
347.328	0.192	fixation	n/a	565.9	125.7	3507.0	n/a	n/a	n/a	n/a
347.522	0.068	saccade	n/a	567.3	126.6	n/a	137.0	196.9	16.72	470.0
347.592	0.222	fixation	n/a	131.6	205.8	3519.0	n/a	n/a	n/a	n/a
347.816	0.032	saccade	n/a	130.6	208.1	n/a	203.1	202.5	2.79	182.0
347.85	0.22	fixation	n/a	199.8	201.6	3520.0	n/a	n/a	n/a	n/a
348.072	0.034	saccade	n/a	201.8	202.2	n/a	292.5	212.9	3.53	209.0
348.108	0.208	fixation	n/a	290.2	214.0	3479.0	n/a	n/a	n/a	n/a
348.318	0.034	saccade	n/a	291.4	215.2	n/a	374.6	219.3	3.26	208.0
348.354	0.164	fixation	n/a	372.7	220.3	3482.0	n/a	n/a	n/a	n/a
348.52	0.032	saccade	n/a	374.2	220.2	n/a	438.1	225.4	2.51	161.0
348.554	0.264	fixation	n/a	435.1	223.1	3426.0	n/a	n/a	n/a	n/a
348.82	0.03	saccade	n/a	436.9	221.9	n/a	495.8	213.1	2.33	147.0
348.852	0.324	fixation	n/a	491.4	211.8	3370.0	n/a	n/a	n/a	n/a
349.178	0.02	saccade	n/a	495.7	212.7	n/a	533.0	206.4	1.48	104.0
349.2	0.104	fixation	n/a	528.9	207.1	3339.0	n/a	n/a	n/a	n/a
349.306	0.026	saccade	n/a	531.3	207.8	n/a	583.3	204.3	2.02	135.0
349.334	0.124	fixation	n/a	578.0	205.0	3374.0	n/a	n/a	n/a	n/a
349.46	0.07	saccade	n/a	579.7	204.8	n/a	139.9	269.4	17.04	471.0
349.532	0.408	fixation	n/a	129.6	274.2	3431.0	n/a	n/a	n/a	n/a
349.942	0.026	saccade	n/a	127.7	275.2	n/a	180.0	275.0	1.99	134.0
349.97	0.14	fixation	n/a	176.1	277.3	3351.0	n/a	n/a	n/a	n/a
350.112	0.03	saccade	n/a	178.0	278.3	n/a	232.5	288.4	2.13	160.0
350.144	0.084	fixation	n/a	229.6	286.8	3352.0	n/a	n/a	n/a	n/a
350.23	0.052	saccade	n/a	231.0	288.6	n/a	416.9	136.4	9.4	385.0
350.284	0.174	fixation	n/a	421.4	129.7	3314.0	n/a	n/a	n/a	n/a
350.46	0.032	saccade	n/a	420.7	131.3	n/a	355.3	129.6	2.56	204.0
350.494	0.17	fixation	n/a	355.4	134.3	3371.0	n/a	n/a	n/a	n/a
350.666	0.028	saccade	n/a	356.4	136.3	n/a	406.4	141.8	1.97	146.0
350.696	0.176	fixation	n/a	400.6	142.2	3432.0	n/a	n/a	n/a	n/a
350.812	0.0	trigger_11	11	n/a	n/a	n/a	n/a	n/a	n/a	n/a
350.874	0.058	saccade	n/a	401.2	143.3	n/a	210.7	147.4	7.4	360.0
350.916	0.0	trigger_10	10	n/a	n/a	n/a	n/a	n/a	n/a	n/a
350.934	0.152	fixation	n/a	202.8	153.5	3563.0	n/a	n/a	n/a	n/a
351.088	0.042	saccade	n/a	201.7	158.1	n/a	151.7	166.5	1.95	180.0
351.132	0.19	fixation	n/a	143.9	165.0	3569.0	n/a	n/a	n/a	n/a
351.324	0.028	saccade	n/a	146.2	163.1	n/a	195.5	156.3	1.91	147.0
351.354	0.124	fixation	n/a	192.9	154.1	3605.0	n/a	n/a	n/a	n/a
351.48	0.03	saccade	n/a	195.7	153.9	n/a	255.2	148.1	2.31	173.0
351.512	0.224	fixation	n/a	250.5	145.8	3604.0	n/a	n/a	n/a	n/a
351.738	0.038	saccade	n/a	251.9	148.3	n/a	357.1	143.0	4.11	243.0
351.778	0.07	fixation	n/a	351.9	142.4	3577.0	n/a	n/a	n/a	n/a
351.85	0.184	saccade	n/a	349.7	148.1	n/a	347.7	145.2	0.14	841.0
351.908	0.058	blink	n/a	n/a	n/a	n/a	n/a	n/a	n/a	n/a
352.036	0.138	fixation	n/a	347.0	142.7	3477.0	n/a	n/a	n/a	n/a
352.176	0.032	saccade	n/a	348.0	134.3	n/a	422.0	139.8	2.9	185.0
352.21	0.282	fixation	n/a	417.7	134.3	3500.0	n/a	n/a	n/a	n/a
352.494	0.02	saccade	n/a	418.2	131.1	n/a	387.7	130.6	1.19	86.0
352.516	0.206	fixation	n/a	393.4	132.5	3400.0	n/a	n/a	n/a	n/a
352.724	0.034	saccade	n/a	393.5	133.8	n/a	477.8	126.1	3.3	210.0
352.76	0.168	fixation	n/a	476.1	127.1	3394.0	n/a	n/a	n/a	n/a
352.93	0.032	saccade	n/a	476.6	127.2	n/a	540.0	115.6	2.5	176.0
352.964	0.196	fixation	n/a	534.9	115.1	3450.0	n/a	n/a	n/a	n/a
353.162	0.028	saccade	n/a	537.2	115.9	n/a	584.4	108.9	1.84	131.0
353.192	0.194	fixation	n/a	578.8	112.7	3456.0	n/a	n/a	n/a	n/a
353.388	0.068	saccade	n/a	578.6	114.7	n/a	151.7	184.7	16.59	470.0
353.458	0.154	fixation	n/a	142.6	189.3	3541.0	n/a	n/a	n/a	n/a
353.614	0.068	saccade	n/a	141.8	192.6	n/a	554.5	109.9	16.14	383.0
353.684	0.168	fixation	n/a	557.2	110.1	3486.0	n/a	n/a	n/a	n/a
353.854	0.03	saccade	n/a	557.2	110.0	n/a	507.8	111.6	1.91	162.0
353.886	0.232	fixation	n/a	510.5	113.5	3513.0	n/a	n/a	n/a	n/a
354.12	0.028	saccade	n/a	512.6	112.3	n/a	560.1	111.9	1.84	137.0
354.15	0.04	fixation	n/a	555.7	111.3	3479.0	n/a	n/a	n/a	n/a
354.192	0.028	saccade	n/a	558.2	112.5	n/a	600.3	108.2	1.63	142.0
354.222	0.136	fixation	n/a	597.4	108.6	3453.0	n/a	n/a	n/a	n/a
354.36	0.07	saccade	n/a	598.7	108.1	n/a	154.5	184.2	17.25	476.0
354.432	0.214	fixation	n/a	149.3	194.4	3507.0	n/a	n/a	n/a	n/a
354.648	0.016	saccade	n/a	143.4	199.2	n/a	123.2	203.6	0.79	66.0
354.666	0.162	fixation	n/a	128.8	205.0	3453.0	n/a	n/a	n/a	n/a
354.83	0.026	saccade	n/a	130.8	205.0	n/a	177.7	201.7	1.8	140.0
354.858	0.23	fixation	n/a	177.3	201.7	3377.0	n/a	n/a	n/a	n/a
355.09	0.026	saccade	n/a	180.6	202.3	n/a	235.5	204.4	2.12	146.0
355.118	0.128	fixation	n/a	232.0	203.7	3376.0	n/a	n/a	n/a	n/a
355.248	0.032	saccade	n/a	234.2	203.8	n/a	310.4	212.4	2.98	193.0
355.282	0.218	fixation	n/a	307.9	209.9	3312.0	n/a	n/a	n/a	n/a
355.502	0.03	saccade	n/a	309.7	210.3	n/a	368.8	214.1	2.32	161.0
355.534	0.124	fixation	n/a	365.7	215.3	3303.0	n/a	n/a	n/a	n/a
355.66	0.034	saccade	n/a	368.6	216.8	n/a	455.5	216.1	3.4	218.0
355.696	0.256	fixation	n/a	453.2	217.4	3312.0	n/a	n/a	n/a	n/a
355.954	0.034	saccade	n/a	453.2	221.3	n/a	540.7	209.8	3.43	222.0
355.99	0.24	fixation	n/a	539.2	208.0	3262.0	n/a	n/a	n/a	n/a
356.232	0.024	saccade	n/a	542.2	209.3	n/a	581.0	205.0	1.51	106.0
356.258	0.138	fixation	n/a	575.6	204.9	3180.0	n/a	n/a	n/a	n/a
356.398	0.028	saccade	n/a	576.6	205.8	n/a	629.2	209.0	2.02	133.0
356.428	0.154	fixation	n/a	625.5	209.2	3155.0	n/a	n/a	n/a	n/a
356.584	0.072	saccade	n/a	626.7	209.5	n/a	144.2	285.0	18.69	460.0
356.658	0.264	fixation	n/a	139.6	292.6	3214.0	n/a	n/a	n/a	n/a
356.876	0.0	trigger_11	11	n/a	n/a	n/a	n/a	n/a	n/a	n/a
356.924	0.04	saccade	n/a	139.7	297.6	n/a	161.6	145.5	6.01	384.0
356.966	0.602	fixation	n/a	154.8	156.8	3321.0	n/a	n/a	n/a	n/a
356.984	0.0	trigger_12	12	n/a	n/a	n/a	n/a	n/a	n/a	n/a
357.57	0.032	saccade	n/a	148.3	160.2	n/a	211.3	149.4	2.46	164.0
357.604	0.084	fixation	n/a	207.1	147.0	3423.0	n/a	n/a	n/a	n/a
357.69	0.152	saccade	n/a	205.4	154.6	n/a	225.4	154.5	0.77	984.0
357.734	0.044	blink	n/a	n/a	n/a	n/a	n/a	n/a	n/a	n/a
357.844	0.228	fixation	n/a	227.0	155.8	3561.0	n/a	n/a	n/a	n/a
358.074	0.038	saccade	n/a	228.8	146.7	n/a	353.9	141.4	4.86	267.0
358.114	0.078	fixation	n/a	354.5	142.5	3597.0	n/a	n/a	n/a	n/a
358.194	0.026	saccade	n/a	355.1	141.9	n/a	322.9	139.7	1.26	111.0
358.222	0.238	fixation	n/a	325.1	138.7	3537.0	n/a	n/a	n/a	n/a
358.462	0.03	saccade	n/a	326.6	136.3	n/a	397.8	140.6	2.79	169.0
358.494	0.268	fixation	n/a	394.3	138.8	3522.0	n/a	n/a	n/a	n/a
358.764	0.032	saccade	n/a	395.3	139.2	n/a	461.3	132.7	2.6	176.0
358.798	0.272	fixation	n/a	458.6	130.1	3458.0	n/a	n/a	n/a	n/a
359.072	0.032	saccade	n/a	459.8	131.0	n/a	535.6	121.5	2.97	185.0
359.106	0.17	fixation	n/a	532.4	120.0	3438.0	n/a	n/a	n/a	n/a
359.278	0.03	saccade	n/a	535.9	119.8	n/a	602.4	115.2	2.57	159.0
359.31	0.22	fixation	n/a	595.8	115.6	3387.0	n/a	n/a	n/a	n/a
359.532	0.022	saccade	n/a	598.3	116.8	n/a	629.4	120.6	1.2	95.0
359.556	0.104	fixation	n/a	623.3	121.8	3389.0	n/a	n/a	n/a	n/a
359.662	0.03	saccade	n/a	621.9	122.0	n/a	558.4	119.4	2.44	195.0
359.694	0.24	fixation	n/a	559.7	121.0	3469.0	n/a	n/a	n/a	n/a
359.936	0.032	saccade	n/a	559.6	121.6	n/a	627.6	120.2	2.61	180.0
359.97	0.172	fixation	n/a	623.1	122.7	3513.0	n/a	n/a	n/a	n/a
360.144	0.016	saccade	n/a	621.6	124.3	n/a	601.0	114.6	0.87	71.0
360.162	0.218	fixation	n/a	608.4	120.3	3520.0	n/a	n/a	n/a	n/a
360.382	0.086	saccade	n/a	608.0	118.8	n/a	169.6	195.1	17.06	416.0
360.47	0.134	fixation	n/a	157.8	201.1	3558.0	n/a	n/a	n/a	n/a
360.606	0.018	saccade	n/a	153.2	203.6	n/a	127.0	206.6	1.0	78.0
360.626	0.154	fixation	n/a	132.8	207.5	3484.0	n/a	n/a	n/a	n/a
360.782	0.034	saccade	n/a	132.3	206.5	n/a	212.8	201.6	3.09	212.0
360.818	0.228	fixation	n/a	212.6	203.6	3348.0	n/a	n/a	n/a	n/a
361.048	0.034	saccade	n/a	216.0	204.5	n/a	316.0	216.5	3.91	225.0
361.084	0.314	fixation	n/a	317.8	214.8	3297.0	n/a	n/a	n/a	n/a
361.4	0.026	saccade	n/a	322.2	217.0	n/a	367.6	211.9	1.79	125.0
361.428	0.196	fixation	n/a	364.7	213.5	3265.0	n/a	n/a	n/a	n/a
361.626	0.032	saccade	n/a	367.5	217.6	n/a	442.0	221.1	2.92	178.0
361.66	0.2	fixation	n/a	440.0	219.3	3255.0	n/a	n/a	n/a	n/a
361.862	0.036	saccade	n/a	440.5	221.8	n/a	338.1	218.4	4.0	242.0
361.9	0.306	fixation	n/a	338.1	219.1	3260.0	n/a	n/a	n/a	n/a
362.208	0.036	saccade	n/a	336.4	221.8	n/a	438.8	223.5	4.02	201.0
362.246	0.194	fixation	n/a	436.7	221.2	3288.0	n/a	n/a	n/a	n/a
362.442	0.028	saccade	n/a	440.5	221.8	n/a	487.7	211.9	1.89	142.0
362.472	0.036	fixation	n/a	481.6	212.7	3297.0	n/a	n/a	n/a	n/a
362.51	0.066	saccade	n/a	481.0	217.5	n/a	560.2	222.9	3.08	167.0
362.578	0.188	fixation	n/a	561.8	210.2	3245.0	n/a	n/a	n/a	n/a
362.768	0.166	saccade	n/a	557.2	231.3	n/a	606.8	206.8	2.14	836.0
362.802	0.08	blink	n/a	n/a	n/a	n/a	n/a	n/a	n/a	n/a
362.936	0.216	fixation	n/a	605.0	209.0	3203.0	n/a	n/a	n/a	n/a
363.154	0.068	saccade	n/a	604.1	205.7	n/a	160.5	278.0	17.2	486.0
363.224	0.136	fixation	n/a	150.6	282.6	3400.0	n/a	n/a	n/a	n/a
363.362	0.02	saccade	n/a	143.3	285.3	n/a	121.8	285.0	0.82	81.0
363.384	0.236	fixation	n/a	124.3	288.2	3343.0	n/a	n/a	n/a	n/a
363.622	0.032	saccade	n/a	125.2	286.5	n/a	210.5	299.6	3.3	206.0
363.656	0.378	fixation	n/a	209.1	298.6	3368.0	n/a	n/a	n/a	n/a
364.036	0.064	saccade	n/a	210.8	301.8	n/a	566.1	198.0	14.32	397.0
364.102	0.176	fixation	n/a	571.7	200.8	3367.0	n/a	n/a	n/a	n/a
364.28	0.048	saccade	n/a	571.3	201.5	n/a	343.6	133.6	9.24	416.0
364.33	0.208	fixation	n/a	336.0	138.9	3505.0	n/a	n/a	n/a	n/a
364.54	0.038	saccade	n/a	334.3	141.3	n/a	209.8	141.3	4.83	300.0
364.58	0.22	fixation	n/a	211.1	141.8	3540.0	n/a	n/a	n/a	n/a
364.802	0.022	saccade	n/a	208.0	145.5	n/a	181.8	147.3	1.01	84.0
364.826	0.248	fixation	n/a	186.7	152.9	3588.0	n/a	n/a	n/a	n/a
365.076	0.054	saccade	n/a	186.4	150.0	n/a	442.8	126.7	9.98	362.0
365.132	0.232	fixation	n/a	450.5	126.9	3630.0	n/a	n/a	n/a	n/a
365.366	0.038	saccade	n/a	451.2	130.1	n/a	552.7	122.2	3.95	235.0
365.406	0.504	fixation	n/a	552.3	116.2	3555.0	n/a	n/a	n/a	n/a
365.912	0.028	saccade	n/a	546.6	125.3	n/a	555.4	185.1	2.38	126.0
365.942	0.292	fixation	n/a	559.4	202.2	3565.0	n/a	n/a	n/a	n/a
366.236	0.036	saccade	n/a	560.1	202.2	n/a	452.6	207.0	4.18	294.0
366.274	0.092	fixation	n/a	455.8	217.3	3532.0	n/a	n/a	n/a	n/a
366.368	0.158	saccade	n/a	448.2	241.9	n/a	522.6	203.0	3.28	715.0
366.408	0.056	blink	n/a	n/a	n/a	n/a	n/a	n/a	n/a	n/a
366.528	0.17	fixation	n/a	523.0	210.0	3266.0	n/a	n/a	n/a	n/a
366.7	0.03	saccade	n/a	522.9	208.7	n/a	589.3	205.9	2.57	178.0
366.732	0.196	fixation	n/a	585.7	203.6	3320.0	n/a	n/a	n/a	n/a
366.93	0.07	saccade	n/a	587.0	203.6	n/a	138.1	282.0	17.44	436.0
367.002	0.246	fixation	n/a	133.9	286.6	3268.0	n/a	n/a	n/a	n/a
367.25	0.042	saccade	n/a	133.2	291.1	n/a	170.1	161.7	5.26	332.0
367.294	0.32	fixation	n/a	171.0	160.6	3256.0	n/a	n/a	n/a	n/a
367.616	0.024	saccade	n/a	174.3	158.8	n/a	212.6	140.6	1.64	112.0
367.642	0.158	fixation	n/a	208.2	144.9	3373.0	n/a	n/a	n/a	n/a
367.802	0.042	saccade	n/a	209.2	143.7	n/a	368.9	134.6	6.21	323.0
367.846	0.148	fixation	n/a	372.3	132.2	3421.0	n/a	n/a	n/a	n/a
367.996	0.054	saccade	n/a	373.3	132.1	n/a	231.5	136.1	5.51	351.0
368.052	0.15	fixation	n/a	224.3	136.6	3544.0	n/a	n/a	n/a	n/a
368.204	0.06	saccade	n/a	226.6	135.7	n/a	439.6	112.4	8.32	358.0
368.266	0.196	fixation	n/a	452.5	117.3	3525.0	n/a	n/a	n/a	n/a
368.464	0.038	saccade	n/a	454.1	120.5	n/a	565.2	120.5	4.31	256.0
368.504	0.278	fixation	n/a	565.8	122.6	3527.0	n/a	n/a	n/a	n/a
368.784	0.066	saccade	n/a	566.0	127.3	n/a	195.1	149.2	14.32	442.0
368.852	0.356	fixation	n/a	193.8	141.7	3567.0	n/a	n/a	n/a	n/a
368.95	0.0	trigger_13	13	n/a	n/a	n/a	n/a	n/a	n/a	n/a
369.21	0.028	saccade	n/a	190.8	144.4	n/a	149.7	156.2	1.64	138.0
369.24	0.236	fixation	n/a	150.8	156.4	3637.0	n/a	n/a	n/a	n/a
369.478	0.03	saccade	n/a	151.0	155.9	n/a	210.4	146.2	2.31	161.0
369.51	0.166	fixation	n/a	203.5	142.0	3701.0	n/a	n/a	n/a	n/a
369.678	0.034	saccade	n/a	207.0	139.2	n/a	288.7	135.4	3.17	224.0
369.714	0.466	fixation	n/a	289.6	132.4	3833.0	n/a	n/a	n/a	n/a
370.182	0.03	saccade	n/a	291.2	135.6	n/a	352.2	128.7	2.39	161.0
370.214	0.198	fixation	n/a	343.8	128.6	4024.0	n/a	n/a	n/a	n/a
370.414	0.068	saccade	n/a	342.8	130.5	n/a	138.3	378.8	12.52	540.0
370.484	0.282	fixation	n/a	138.2	387.0	4148.0	n/a	n/a	n/a	n/a
370.768	0.044	saccade	n/a	138.0	386.3	n/a	130.3	217.3	6.58	377.0
370.814	0.486	fixation	n/a	128.0	217.1	3693.0	n/a	n/a	n/a	n/a
371.302	0.058	saccade	n/a	128.1	219.8	n/a	120.1	377.6	6.14	286.0
371.362	0.296	fixation	n/a	120.6	391.6	3919.0	n/a	n/a	n/a	n/a
371.66	0.042	saccade	n/a	117.3	391.1	n/a	131.1	250.2	5.5	296.0
371.704	0.388	fixation	n/a	132.9	251.5	3570.0	n/a	n/a	n/a	n/a
372.094	0.022	saccade	n/a	132.0	248.1	n/a	124.5	215.7	1.3	94.0
372.118	0.202	fixation	n/a	125.4	227.3	3582.0	n/a	n/a	n/a	n/a
372.322	0.192	saccade	n/a	124.8	237.3	n/a	126.7	271.4	1.33	783.0
372.37	0.076	blink	n/a	n/a	n/a	n/a	n/a	n/a	n/a	n/a
372.516	0.234	fixation	n/a	132.2	274.1	3634.0	n/a	n/a	n/a	n/a
372.752	0.054	saccade	n/a	130.8	275.6	n/a	128.2	391.6	4.51	285.0
372.808	0.148	fixation	n/a	127.5	397.4	3687.0	n/a	n/a	n/a	n/a
372.958	0.024	saccade	n/a	126.5	396.6	n/a	116.4	364.5	1.3	98.0
372.984	0.458	fixation	n/a	116.2	368.4	3493.0	n/a	n/a	n/a	n/a
373.326	0.0	trigger_15	15	n/a	n/a	n/a	n/a	n/a	n/a	n/a
373.38	0.0	trigger_10	10	n/a	n/a	n/a	n/a	n/a	n/a	n/a
373.444	0.062	saccade	n/a	116.0	369.6	n/a	133.0	194.9	6.84	355.0
373.508	0.06	fixation	n/a	136.0	185.1	3395.0	n/a	n/a	n/a	n/a
373.57	0.028	saccade	n/a	136.7	184.0	n/a	156.4	149.0	1.56	146.0
373.6	0.17	fixation	n/a	154.1	151.0	3375.0	n/a	n/a	n/a	n/a
373.772	0.026	saccade	n/a	156.2	145.3	n/a	202.5	141.7	1.78	130.0
373.8	0.168	fixation	n/a	198.0	137.7	3460.0	n/a	n/a	n/a	n/a
373.97	0.032	saccade	n/a	200.3	136.3	n/a	269.6	137.2	2.68	186.0
374.004	0.268	fixation	n/a	266.5	133.8	3579.0	n/a	n/a	n/a	n/a
374.274	0.024	saccade	n/a	265.6	134.2	n/a	231.9	135.6	1.3	108.0
374.3	0.098	fixation	n/a	236.7	140.4	3579.0	n/a	n/a	n/a	n/a
374.4	0.034	saccade	n/a	236.4	141.9	n/a	331.0	136.3	3.69	229.0
374.436	0.246	fixation	n/a	327.3	133.5	3558.0	n/a	n/a	n/a	n/a
374.684	0.038	saccade	n/a	327.9	131.4	n/a	203.5	143.5	4.85	288.0
374.724	0.31	fixation	n/a	202.2	141.3	3643.0	n/a	n/a	n/a	n/a
375.036	0.028	saccade	n/a	200.9	140.3	n/a	158.2	145.5	1.65	135.0
375.066	0.902	fixation	n/a	158.7	152.9	3654.0	n/a	n/a	n/a	n/a
375.366	0.0	trigger_11	11	n/a	n/a	n/a	n/a	n/a	n/a	n/a
375.468	0.0	trigger_20	20	n/a	n/a	n/a	n/a	n/a	n/a	n/a
