onset	duration	trial_type	value	gaze_x	gaze_y	pupil_size	sacc_endx	sacc_endy	sacc_amplitude	sacc_peakvel
0.019	0.776	fixation	n/a	267.6	209.2	3206.0	n/a	n/a	n/a	n/a
0.797	0.406	saccade	n/a	286.7	197.9	n/a	293.9	308.6	3.92	1744.0
0.831	0.278	blink	n/a	n/a	n/a	n/a	n/a	n/a	n/a	n/a
1.205	0.334	fixation	n/a	293.4	264.6	3132.0	n/a	n/a	n/a	n/a
1.541	0.016	saccade	n/a	293.9	260.9	n/a	278.8	246.7	0.73	53.0
1.559	0.402	fixation	n/a	284.5	241.8	2862.0	n/a	n/a	n/a	n/a
1.963	0.024	saccade	n/a	287.2	240.4	n/a	325.2	258.7	1.47	78.0
1.989	0.144	fixation	n/a	327.5	263.2	2759.0	n/a	n/a	n/a	n/a
2.066	0.0	trigger_112	112	n/a	n/a	n/a	n/a	n/a	n/a	n/a
2.135	0.152	saccade	n/a	331.2	265.9	n/a	289.8	275.3	1.48	766.0
2.171	0.062	blink	n/a	n/a	n/a	n/a	n/a	n/a	n/a	n/a
2.289	0.264	fixation	n/a	287.2	261.1	3009.0	n/a	n/a	n/a	n/a
2.555	0.028	saccade	n/a	287.9	256.9	n/a	384.6	243.1	3.4	161.0
2.585	0.18	fixation	n/a	388.6	239.5	3072.0	n/a	n/a	n/a	n/a
2.767	0.028	saccade	n/a	388.0	239.8	n/a	289.9	247.9	3.44	161.0
2.797	0.356	fixation	n/a	284.8	251.0	2994.0	n/a	n/a	n/a	n/a
3.155	0.024	saccade	n/a	289.6	250.4	n/a	346.0	255.1	1.97	111.0
3.181	0.192	fixation	n/a	349.7	252.9	3051.0	n/a	n/a	n/a	n/a
3.375	0.022	saccade	n/a	348.5	252.6	n/a	311.3	243.7	1.34	87.0
3.399	0.39	fixation	n/a	315.1	245.7	2938.0	n/a	n/a	n/a	n/a
3.791	0.2	saccade	n/a	319.6	242.2	n/a	322.3	298.0	1.98	815.0
3.825	0.12	blink	n/a	n/a	n/a	n/a	n/a	n/a	n/a	n/a
3.993	0.25	fixation	n/a	320.0	263.6	2893.0	n/a	n/a	n/a	n/a
4.084	0.0	trigger_10	10	n/a	n/a	n/a	n/a	n/a	n/a	n/a
4.245	0.034	saccade	n/a	317.5	257.5	n/a	212.4	224.5	3.81	190.0
4.281	0.07	fixation	n/a	211.8	223.9	3024.0	n/a	n/a	n/a	n/a
4.353	0.024	saccade	n/a	210.9	225.3	n/a	174.0	193.9	1.67	115.0
4.379	0.07	fixation	n/a	176.3	195.4	2976.0	n/a	n/a	n/a	n/a
4.451	0.022	saccade	n/a	174.7	194.3	n/a	137.4	179.4	1.37	96.0
4.475	0.226	fixation	n/a	141.2	178.0	2942.0	n/a	n/a	n/a	n/a
4.703	0.026	saccade	n/a	146.5	177.8	n/a	225.9	179.1	2.71	140.0
4.731	0.14	fixation	n/a	228.0	176.8	2996.0	n/a	n/a	n/a	n/a
4.873	0.034	saccade	n/a	228.3	175.3	n/a	337.5	180.9	3.78	201.0
4.909	0.166	fixation	n/a	337.7	182.6	3141.0	n/a	n/a	n/a	n/a
5.077	0.014	saccade	n/a	334.7	183.0	n/a	318.2	182.8	0.57	49.0
5.093	0.16	fixation	n/a	319.7	183.7	3253.0	n/a	n/a	n/a	n/a
5.255	0.038	saccade	n/a	321.0	186.7	n/a	462.9	181.8	4.96	212.0
5.295	0.386	fixation	n/a	463.6	185.9	3203.0	n/a	n/a	n/a	n/a
5.683	0.026	saccade	n/a	466.6	186.1	n/a	533.8	181.1	2.36	126.0
5.711	0.132	fixation	n/a	537.0	179.1	3158.0	n/a	n/a	n/a	n/a
5.845	0.024	saccade	n/a	539.2	177.3	n/a	583.9	173.4	1.57	91.0
5.871	0.162	fixation	n/a	583.6	173.4	3124.0	n/a	n/a	n/a	n/a
6.035	0.068	saccade	n/a	583.2	170.5	n/a	132.2	243.7	15.66	357.0
6.105	0.198	fixation	n/a	138.2	248.6	3250.0	n/a	n/a	n/a	n/a
6.305	0.016	saccade	n/a	134.7	246.8	n/a	109.7	246.7	0.84	65.0
6.323	0.434	fixation	n/a	118.7	244.6	3172.0	n/a	n/a	n/a	n/a
6.759	0.02	saccade	n/a	122.3	240.3	n/a	167.4	242.5	1.53	101.0
6.781	0.11	fixation	n/a	166.6	243.2	3169.0	n/a	n/a	n/a	n/a
6.893	0.028	saccade	n/a	166.6	242.6	n/a	241.8	242.9	2.58	149.0
6.923	0.202	fixation	n/a	237.6	242.7	3350.0	n/a	n/a	n/a	n/a
7.127	0.028	saccade	n/a	240.4	244.0	n/a	312.2	241.1	2.49	116.0
7.157	0.24	fixation	n/a	323.1	241.5	3338.0	n/a	n/a	n/a	n/a
7.399	0.02	saccade	n/a	319.9	241.1	n/a	275.3	244.8	1.55	104.0
7.421	0.288	fixation	n/a	278.4	244.9	3311.0	n/a	n/a	n/a	n/a
7.711	0.028	saccade	n/a	281.8	244.3	n/a	361.8	243.3	2.78	149.0
7.741	0.214	fixation	n/a	363.6	242.8	3176.0	n/a	n/a	n/a	n/a
7.957	0.028	saccade	n/a	365.8	241.2	n/a	437.9	242.1	2.53	144.0
7.987	0.122	fixation	n/a	437.2	240.7	3191.0	n/a	n/a	n/a	n/a
8.111	0.124	saccade	n/a	437.3	244.3	n/a	511.0	244.6	2.59	2095.0
8.139	0.054	blink	n/a	n/a	n/a	n/a	n/a	n/a	n/a	n/a
8.237	0.112	fixation	n/a	511.2	239.8	3151.0	n/a	n/a	n/a	n/a
8.351	0.02	saccade	n/a	515.2	239.3	n/a	548.8	240.3	1.18	83.0
8.373	0.186	fixation	n/a	547.1	239.2	3187.0	n/a	n/a	n/a	n/a
8.561	0.064	saccade	n/a	549.4	239.2	n/a	139.4	296.1	14.26	362.0
8.627	0.502	fixation	n/a	145.9	296.0	3117.0	n/a	n/a	n/a	n/a
9.131	0.018	saccade	n/a	147.0	298.7	n/a	118.5	302.4	0.97	71.0
9.151	0.072	fixation	n/a	121.6	300.5	3093.0	n/a	n/a	n/a	n/a
9.225	0.034	saccade	n/a	122.5	300.5	n/a	228.1	301.7	3.59	199.0
9.261	0.258	fixation	n/a	226.7	300.0	3134.0	n/a	n/a	n/a	n/a
9.521	0.03	saccade	n/a	227.1	300.1	n/a	321.7	305.1	3.28	175.0
9.553	0.278	fixation	n/a	322.0	301.4	3068.0	n/a	n/a	n/a	n/a
9.833	0.026	saccade	n/a	327.1	300.2	n/a	400.4	297.7	2.56	137.0
9.861	0.138	fixation	n/a	405.2	297.8	2906.0	n/a	n/a	n/a	n/a
10.001	0.032	saccade	n/a	408.4	295.7	n/a	510.6	296.0	3.57	163.0
10.035	0.218	fixation	n/a	514.8	293.8	2779.0	n/a	n/a	n/a	n/a
10.255	0.018	saccade	n/a	520.0	295.0	n/a	550.9	295.4	1.08	76.0
10.275	0.464	fixation	n/a	557.2	291.5	2637.0	n/a	n/a	n/a	n/a
10.741	0.064	saccade	n/a	562.1	288.5	n/a	149.6	349.0	14.33	368.0
10.807	0.288	fixation	n/a	152.3	350.5	2567.0	n/a	n/a	n/a	n/a
11.097	0.034	saccade	n/a	155.7	353.1	n/a	269.1	353.7	3.88	182.0
11.133	0.452	fixation	n/a	264.7	353.6	2617.0	n/a	n/a	n/a	n/a
11.587	0.024	saccade	n/a	251.7	354.9	n/a	215.5	407.4	2.21	130.0
11.613	0.134	fixation	n/a	212.7	409.0	2717.0	n/a	n/a	n/a	n/a
11.749	0.026	saccade	n/a	207.6	407.4	n/a	153.0	410.1	1.85	126.0
11.777	0.138	fixation	n/a	158.4	413.9	2830.0	n/a	n/a	n/a	n/a
11.917	0.02	saccade	n/a	157.8	415.8	n/a	122.4	415.4	1.19	83.0
11.939	0.17	fixation	n/a	125.5	414.8	2871.0	n/a	n/a	n/a	n/a
12.111	0.024	saccade	n/a	129.4	413.6	n/a	158.4	367.4	1.87	104.0
12.137	0.084	fixation	n/a	159.7	364.0	2913.0	n/a	n/a	n/a	n/a
12.223	0.052	saccade	n/a	157.0	363.0	n/a	157.0	363.0	0.0	1936.0
12.277	0.106	fixation	n/a	156.9	361.9	2997.0	n/a	n/a	n/a	n/a
12.385	0.044	saccade	n/a	157.7	361.8	n/a	263.4	357.5	3.62	1319.0
12.431	0.226	fixation	n/a	267.6	355.0	3066.0	n/a	n/a	n/a	n/a
12.659	0.022	saccade	n/a	270.0	355.7	n/a	321.8	356.9	1.79	110.0
12.683	0.19	fixation	n/a	320.8	358.3	3091.0	n/a	n/a	n/a	n/a
12.875	0.024	saccade	n/a	323.4	356.3	n/a	386.2	359.0	2.19	126.0
12.901	0.18	fixation	n/a	387.0	357.9	2997.0	n/a	n/a	n/a	n/a
13.083	0.032	saccade	n/a	388.9	356.0	n/a	482.3	349.6	3.27	167.0
13.117	0.19	fixation	n/a	482.9	349.9	2901.0	n/a	n/a	n/a	n/a
13.309	0.026	saccade	n/a	486.5	349.9	n/a	551.4	351.2	2.27	118.0
13.337	0.17	fixation	n/a	558.1	350.4	2824.0	n/a	n/a	n/a	n/a
13.509	0.024	saccade	n/a	563.2	350.2	n/a	614.6	350.1	1.79	100.0
13.535	0.15	fixation	n/a	619.7	349.1	2685.0	n/a	n/a	n/a	n/a
13.687	0.026	saccade	n/a	625.2	350.1	n/a	685.6	344.8	2.09	110.0
13.715	0.168	fixation	n/a	686.5	342.7	2561.0	n/a	n/a	n/a	n/a
13.885	0.07	saccade	n/a	686.3	342.5	n/a	179.5	392.9	17.39	390.0
13.957	0.078	fixation	n/a	181.7	394.0	2707.0	n/a	n/a	n/a	n/a
14.037	0.02	saccade	n/a	181.7	396.3	n/a	146.7	406.5	1.23	91.0
14.059	0.164	fixation	n/a	151.5	409.5	2750.0	n/a	n/a	n/a	n/a
14.225	0.014	saccade	n/a	147.6	410.0	n/a	130.5	412.5	0.58	50.0
14.241	0.204	fixation	n/a	132.2	413.7	2843.0	n/a	n/a	n/a	n/a
14.447	0.026	saccade	n/a	135.4	412.6	n/a	199.8	411.9	2.18	134.0
14.475	0.156	fixation	n/a	199.6	412.3	3012.0	n/a	n/a	n/a	n/a
14.633	0.024	saccade	n/a	200.4	412.2	n/a	256.1	410.5	1.91	114.0
14.659	0.148	fixation	n/a	260.3	411.3	3101.0	n/a	n/a	n/a	n/a
14.809	0.02	saccade	n/a	265.8	412.5	n/a	307.9	413.6	1.45	92.0
14.831	0.256	fixation	n/a	308.8	414.0	3144.0	n/a	n/a	n/a	n/a
15.089	0.028	saccade	n/a	311.1	414.5	n/a	384.1	417.6	2.54	145.0
15.119	0.246	fixation	n/a	385.5	412.5	3128.0	n/a	n/a	n/a	n/a
15.367	0.028	saccade	n/a	388.2	414.7	n/a	400.5	504.9	3.17	159.0
15.397	0.24	fixation	n/a	405.8	519.4	3091.0	n/a	n/a	n/a	n/a
15.639	0.026	saccade	n/a	403.7	522.6	n/a	345.2	527.8	2.02	136.0
15.667	0.232	fixation	n/a	345.6	530.9	3096.0	n/a	n/a	n/a	n/a
15.901	0.066	saccade	n/a	348.3	530.9	n/a	496.1	523.9	5.09	165.0
15.969	0.452	fixation	n/a	488.8	522.3	2984.0	n/a	n/a	n/a	n/a
16.423	0.144	saccade	n/a	490.8	524.5	n/a	442.9	504.5	1.8	773.0
16.453	0.074	blink	n/a	n/a	n/a	n/a	n/a	n/a	n/a	n/a
16.569	0.172	fixation	n/a	448.1	503.5	3002.0	n/a	n/a	n/a	n/a
16.743	0.026	saccade	n/a	447.0	499.7	n/a	389.2	439.5	2.89	163.0
16.771	0.736	fixation	n/a	387.2	424.2	3034.0	n/a	n/a	n/a	n/a
17.298	0.0	trigger_11	11	n/a	n/a	n/a	n/a	n/a	n/a	n/a
17.356	0.0	trigger_12	12	n/a	n/a	n/a	n/a	n/a	n/a	n/a
17.509	0.052	saccade	n/a	383.8	416.8	n/a	315.6	182.7	8.59	274.0
17.563	0.054	fixation	n/a	316.4	181.9	3027.0	n/a	n/a	n/a	n/a
17.619	0.04	saccade	n/a	315.3	183.3	n/a	164.4	174.8	5.2	236.0
17.661	0.144	fixation	n/a	165.8	174.6	3052.0	n/a	n/a	n/a	n/a
17.807	0.018	saccade	n/a	161.9	172.5	n/a	134.0	174.0	0.95	74.0
17.827	0.186	fixation	n/a	137.4	174.4	3063.0	n/a	n/a	n/a	n/a
18.015	0.03	saccade	n/a	138.4	175.8	n/a	234.2	185.4	3.29	174.0
18.047	0.15	fixation	n/a	235.4	186.4	3182.0	n/a	n/a	n/a	n/a
18.199	0.03	saccade	n/a	238.8	188.8	n/a	318.3	187.6	2.76	161.0
18.231	0.142	fixation	n/a	315.1	184.4	3260.0	n/a	n/a	n/a	n/a
18.375	0.03	saccade	n/a	316.7	182.5	n/a	399.1	183.5	2.88	172.0
18.407	0.268	fixation	n/a	398.1	184.6	3381.0	n/a	n/a	n/a	n/a
18.677	0.026	saccade	n/a	401.7	184.6	n/a	472.4	181.8	2.48	124.0
18.705	0.374	fixation	n/a	476.2	183.5	3411.0	n/a	n/a	n/a	n/a
19.081	0.022	saccade	n/a	479.1	180.3	n/a	524.0	177.8	1.58	104.0
19.105	0.316	fixation	n/a	520.1	179.7	3417.0	n/a	n/a	n/a	n/a
19.423	0.026	saccade	n/a	521.5	183.0	n/a	583.8	177.8	2.2	121.0
19.451	0.21	fixation	n/a	583.6	175.0	3374.0	n/a	n/a	n/a	n/a
19.663	0.07	saccade	n/a	585.1	174.1	n/a	119.3	233.5	16.14	364.0
19.735	0.276	fixation	n/a	122.7	238.7	3390.0	n/a	n/a	n/a	n/a
20.013	0.076	saccade	n/a	122.4	240.1	n/a	556.1	171.6	15.12	784.0
20.091	0.294	fixation	n/a	556.3	173.1	3403.0	n/a	n/a	n/a	n/a
20.387	0.016	saccade	n/a	558.4	173.7	n/a	584.0	174.4	0.9	72.0
20.405	0.16	fixation	n/a	579.9	175.3	3374.0	n/a	n/a	n/a	n/a
20.567	0.066	saccade	n/a	580.2	175.5	n/a	139.6	229.6	15.29	360.0
20.635	0.09	fixation	n/a	141.0	233.9	3463.0	n/a	n/a	n/a	n/a
20.727	0.02	saccade	n/a	139.9	238.4	n/a	108.8	246.7	1.09	88.0
20.749	0.5	fixation	n/a	114.4	245.1	3468.0	n/a	n/a	n/a	n/a
21.251	0.044	saccade	n/a	111.5	245.8	n/a	302.8	187.5	6.87	279.0
21.297	0.198	fixation	n/a	304.5	185.8	3330.0	n/a	n/a	n/a	n/a
21.497	0.03	saccade	n/a	302.4	186.3	n/a	229.1	185.5	2.55	167.0
21.529	0.078	fixation	n/a	229.6	186.5	3361.0	n/a	n/a	n/a	n/a
21.609	0.044	saccade	n/a	228.8	186.1	n/a	429.5	180.9	7.0	290.0
21.655	0.154	fixation	n/a	435.8	180.6	3259.0	n/a	n/a	n/a	n/a
21.811	0.022	saccade	n/a	440.1	183.6	n/a	481.2	184.7	1.45	96.0
21.835	0.232	fixation	n/a	478.8	181.3	3121.0	n/a	n/a	n/a	n/a
22.069	0.022	saccade	n/a	483.0	177.9	n/a	526.3	176.2	1.52	99.0
22.093	0.242	fixation	n/a	527.4	177.8	2910.0	n/a	n/a	n/a	n/a
22.337	0.022	saccade	n/a	523.7	181.0	n/a	476.6	182.8	1.66	111.0
22.361	0.294	fixation	n/a	478.3	180.3	2951.0	n/a	n/a	n/a	n/a
22.657	0.072	saccade	n/a	479.4	184.0	n/a	353.6	550.5	13.5	288.0
22.731	0.128	fixation	n/a	351.6	550.2	3110.0	n/a	n/a	n/a	n/a
22.861	0.024	saccade	n/a	352.7	548.7	n/a	405.4	537.4	1.85	106.0
22.887	0.188	fixation	n/a	410.0	532.8	3106.0	n/a	n/a	n/a	n/a
23.077	0.026	saccade	n/a	414.3	532.0	n/a	489.8	525.0	2.61	148.0
23.105	0.38	fixation	n/a	489.9	519.3	2794.0	n/a	n/a	n/a	n/a
23.487	0.122	saccade	n/a	479.5	514.4	n/a	340.2	182.9	12.58	430.0
23.611	0.316	fixation	n/a	340.4	173.1	2549.0	n/a	n/a	n/a	n/a
23.698	0.0	trigger_13	13	n/a	n/a	n/a	n/a	n/a	n/a	n/a
23.762	0.0	trigger_10	10	n/a	n/a	n/a	n/a	n/a	n/a	n/a
23.929	0.038	saccade	n/a	338.1	176.2	n/a	193.4	164.6	5.02	218.0
23.969	0.134	fixation	n/a	192.7	167.2	2772.0	n/a	n/a	n/a	n/a
24.105	0.016	saccade	n/a	188.9	171.2	n/a	163.5	175.5	0.88	67.0
24.123	0.196	fixation	n/a	164.8	173.0	2802.0	n/a	n/a	n/a	n/a
24.321	0.064	saccade	n/a	162.5	171.9	n/a	273.3	184.8	3.83	220.0
24.387	0.194	fixation	n/a	273.3	184.2	2907.0	n/a	n/a	n/a	n/a
24.583	0.016	saccade	n/a	269.5	181.5	n/a	247.6	175.2	0.79	60.0
24.601	0.13	fixation	n/a	249.8	175.6	2984.0	n/a	n/a	n/a	n/a
24.733	0.032	saccade	n/a	249.3	177.3	n/a	365.8	180.0	4.05	213.0
24.767	0.29	fixation	n/a	365.3	178.0	3038.0	n/a	n/a	n/a	n/a
25.059	0.02	saccade	n/a	365.6	179.2	n/a	402.4	180.5	1.29	88.0
25.081	0.208	fixation	n/a	400.3	179.7	3077.0	n/a	n/a	n/a	n/a
25.291	0.024	saccade	n/a	401.8	179.5	n/a	466.8	178.7	2.28	129.0
25.317	0.282	fixation	n/a	467.1	179.9	3035.0	n/a	n/a	n/a	n/a
25.601	0.026	saccade	n/a	470.2	179.6	n/a	549.5	175.0	2.79	143.0
25.629	0.15	fixation	n/a	555.6	171.5	2940.0	n/a	n/a	n/a	n/a
25.781	0.024	saccade	n/a	557.5	169.4	n/a	601.4	171.6	1.53	92.0
25.807	0.062	fixation	n/a	600.2	170.8	2933.0	n/a	n/a	n/a	n/a
25.871	0.066	saccade	n/a	600.4	171.3	n/a	149.6	234.2	15.65	376.0
25.939	0.258	fixation	n/a	151.9	236.2	3021.0	n/a	n/a	n/a	n/a
26.199	0.03	saccade	n/a	154.8	238.4	n/a	245.6	242.1	3.12	193.0
26.231	0.3	fixation	n/a	244.0	243.2	3098.0	n/a	n/a	n/a	n/a
26.533	0.022	saccade	n/a	239.2	240.9	n/a	198.3	243.1	1.41	100.0
26.557	0.106	fixation	n/a	201.0	245.8	3074.0	n/a	n/a	n/a	n/a
26.665	0.044	saccade	n/a	202.2	245.0	n/a	381.9	238.1	6.23	260.0
26.711	0.284	fixation	n/a	385.0	240.7	3095.0	n/a	n/a	n/a	n/a
26.997	0.024	saccade	n/a	390.1	243.0	n/a	440.8	244.3	1.78	99.0
27.023	0.124	fixation	n/a	445.1	244.1	3078.0	n/a	n/a	n/a	n/a
27.149	0.022	saccade	n/a	447.0	243.1	n/a	493.3	243.9	1.63	101.0
27.173	0.26	fixation	n/a	492.5	241.3	3021.0	n/a	n/a	n/a	n/a
27.435	0.026	saccade	n/a	495.8	240.8	n/a	566.3	237.5	2.48	132.0
27.463	0.314	fixation	n/a	570.8	236.5	3013.0	n/a	n/a	n/a	n/a
27.779	0.066	saccade	n/a	583.7	234.3	n/a	155.4	304.0	14.95	360.0
27.847	0.048	fixation	n/a	157.1	305.3	3001.0	n/a	n/a	n/a	n/a
27.897	0.04	saccade	n/a	158.5	305.5	n/a	159.6	305.6	0.04	463.0
27.939	0.102	fixation	n/a	158.7	303.0	2958.0	n/a	n/a	n/a	n/a
28.043	0.078	saccade	n/a	158.0	302.7	n/a	231.8	302.4	2.52	2067.0
28.081	0.008	blink	n/a	n/a	n/a	n/a	n/a	n/a	n/a	n/a
28.123	0.102	fixation	n/a	232.1	302.9	3034.0	n/a	n/a	n/a	n/a
28.227	0.03	saccade	n/a	233.7	303.5	n/a	319.0	306.0	2.96	165.0
28.259	0.16	fixation	n/a	321.6	303.0	2903.0	n/a	n/a	n/a	n/a
28.421	0.024	saccade	n/a	325.8	300.8	n/a	386.1	300.7	2.1	118.0
28.447	0.25	fixation	n/a	390.1	301.3	2796.0	n/a	n/a	n/a	n/a
28.699	0.026	saccade	n/a	392.7	299.0	n/a	472.4	299.1	2.79	156.0
28.727	0.226	fixation	n/a	477.6	299.1	2760.0	n/a	n/a	n/a	n/a
28.955	0.028	saccade	n/a	479.0	300.3	n/a	561.8	299.1	2.9	151.0
28.985	0.344	fixation	n/a	563.8	298.3	2735.0	n/a	n/a	n/a	n/a
29.331	0.018	saccade	n/a	567.6	296.6	n/a	596.0	296.9	0.99	70.0
29.351	0.066	fixation	n/a	597.7	296.5	2718.0	n/a	n/a	n/a	n/a
29.419	0.318	saccade	n/a	600.9	297.6	n/a	600.1	309.3	0.42	730.0
29.449	0.244	blink	n/a	n/a	n/a	n/a	n/a	n/a	n/a	n/a
29.739	0.638	fixation	n/a	605.6	292.1	2711.0	n/a	n/a	n/a	n/a
30.379	0.022	saccade	n/a	611.7	296.6	n/a	570.1	298.0	1.45	94.0
30.403	0.378	fixation	n/a	570.1	299.8	2634.0	n/a	n/a	n/a	n/a
30.562	0.0	trigger_11	11	n/a	n/a	n/a	n/a	n/a	n/a	n/a
30.62	0.0	trigger_10	10	n/a	n/a	n/a	n/a	n/a	n/a	n/a
30.783	0.052	saccade	n/a	571.7	294.1	n/a	334.6	184.3	9.13	294.0
30.837	0.03	fixation	n/a	333.9	184.2	2593.0	n/a	n/a	n/a	n/a
30.869	0.038	saccade	n/a	333.3	185.0	n/a	188.6	159.6	5.07	241.0
30.909	0.11	fixation	n/a	186.6	159.1	2558.0	n/a	n/a	n/a	n/a
31.021	0.024	saccade	n/a	186.1	159.7	n/a	138.0	170.5	1.68	111.0
31.047	0.938	fixation	n/a	143.7	174.2	2670.0	n/a	n/a	n/a	n/a
31.987	0.016	saccade	n/a	141.2	184.0	n/a	160.3	183.4	0.65	50.0
32.005	0.236	fixation	n/a	160.6	185.0	3017.0	n/a	n/a	n/a	n/a
32.243	0.032	saccade	n/a	160.2	180.9	n/a	249.1	181.5	3.04	161.0
32.277	0.226	fixation	n/a	250.0	181.4	3060.0	n/a	n/a	n/a	n/a
32.505	0.036	saccade	n/a	254.9	180.5	n/a	383.7	185.8	4.49	205.0
32.543	0.276	fixation	n/a	383.9	184.1	3016.0	n/a	n/a	n/a	n/a
32.821	0.03	saccade	n/a	386.7	184.0	n/a	468.3	179.3	2.87	169.0
32.853	0.234	fixation	n/a	467.9	182.6	2951.0	n/a	n/a	n/a	n/a
33.089	0.022	saccade	n/a	471.2	184.2	n/a	514.6	181.2	1.53	98.0
33.113	0.158	fixation	n/a	512.7	181.9	2947.0	n/a	n/a	n/a	n/a
33.273	0.028	saccade	n/a	513.9	182.6	n/a	584.1	180.5	2.46	147.0
33.303	0.272	fixation	n/a	581.7	180.8	3012.0	n/a	n/a	n/a	n/a
33.577	0.066	saccade	n/a	581.5	176.6	n/a	142.1	239.1	15.26	364.0
33.645	0.116	fixation	n/a	146.1	244.6	3132.0	n/a	n/a	n/a	n/a
33.763	0.022	saccade	n/a	145.6	245.6	n/a	110.0	246.1	1.2	92.0
33.787	0.294	fixation	n/a	115.7	244.9	3069.0	n/a	n/a	n/a	n/a
34.083	0.03	saccade	n/a	118.0	245.1	n/a	194.8	245.7	2.61	162.0
34.115	0.15	fixation	n/a	195.3	248.1	3073.0	n/a	n/a	n/a	n/a
34.267	0.132	saccade	n/a	199.6	252.2	n/a	306.1	242.1	3.7	1650.0
34.299	0.05	blink	n/a	n/a	n/a	n/a	n/a	n/a	n/a	n/a
34.401	0.174	fixation	n/a	310.0	241.8	3085.0	n/a	n/a	n/a	n/a
34.577	0.034	saccade	n/a	310.7	241.9	n/a	210.2	247.7	3.48	201.0
34.613	0.306	fixation	n/a	202.2	248.2	3021.0	n/a	n/a	n/a	n/a
34.921	0.032	saccade	n/a	197.3	249.8	n/a	295.7	242.5	3.41	185.0
34.955	0.148	fixation	n/a	297.2	242.0	2987.0	n/a	n/a	n/a	n/a
35.105	0.022	saccade	n/a	302.0	244.1	n/a	351.1	246.9	1.72	106.0
35.129	0.174	fixation	n/a	353.2	245.8	2953.0	n/a	n/a	n/a	n/a
35.305	0.042	saccade	n/a	355.0	245.0	n/a	501.7	242.3	5.14	191.0
35.349	0.188	fixation	n/a	500.3	240.2	3018.0	n/a	n/a	n/a	n/a
35.539	0.022	saccade	n/a	503.8	242.2	n/a	552.2	242.3	1.7	104.0
35.563	0.176	fixation	n/a	554.1	240.1	2973.0	n/a	n/a	n/a	n/a
35.741	0.062	saccade	n/a	553.8	240.1	n/a	159.4	296.0	13.74	366.0
35.805	0.138	fixation	n/a	160.8	299.4	3076.0	n/a	n/a	n/a	n/a
35.945	0.02	saccade	n/a	158.5	300.2	n/a	123.6	303.2	1.18	91.0
35.967	0.192	fixation	n/a	129.5	302.6	3133.0	n/a	n/a	n/a	n/a
36.161	0.062	saccade	n/a	130.1	304.0	n/a	132.1	303.9	0.07	826.0
36.225	0.102	fixation	n/a	133.4	305.1	3170.0	n/a	n/a	n/a	n/a
36.329	0.026	saccade	n/a	136.7	306.9	n/a	200.9	304.9	2.18	120.0
36.357	0.08	fixation	n/a	200.1	305.1	3138.0	n/a	n/a	n/a	n/a
36.439	0.046	saccade	n/a	200.5	306.0	n/a	199.2	305.4	0.05	915.0
36.487	0.246	fixation	n/a	200.6	305.3	3168.0	n/a	n/a	n/a	n/a
36.735	0.026	saccade	n/a	202.3	303.2	n/a	233.1	261.6	1.81	89.0
36.763	0.1	fixation	n/a	232.7	253.7	3249.0	n/a	n/a	n/a	n/a
36.865	0.032	saccade	n/a	232.3	252.7	n/a	248.1	163.3	3.21	179.0
36.899	0.338	fixation	n/a	248.2	173.1	3267.0	n/a	n/a	n/a	n/a
37.239	0.034	saccade	n/a	246.6	180.6	n/a	152.7	184.2	3.22	182.0
37.275	0.726	fixation	n/a	154.5	181.0	3158.0	n/a	n/a	n/a	n/a
37.668	0.0	trigger_11	11	n/a	n/a	n/a	n/a	n/a	n/a	n/a
37.728	0.0	trigger_10	10	n/a	n/a	n/a	n/a	n/a	n/a	n/a
38.003	0.034	saccade	n/a	153.1	178.0	n/a	259.8	185.8	3.66	188.0
38.039	0.326	fixation	n/a	255.2	184.9	3293.0	n/a	n/a	n/a	n/a
38.367	0.028	saccade	n/a	253.2	186.5	n/a	167.6	187.7	2.94	164.0
38.397	0.282	fixation	n/a	168.0	183.3	3077.0	n/a	n/a	n/a	n/a
38.681	0.028	saccade	n/a	171.8	181.5	n/a	250.7	181.2	2.7	142.0
38.711	0.388	fixation	n/a	250.8	179.5	2989.0	n/a	n/a	n/a	n/a
39.101	0.026	saccade	n/a	253.1	176.8	n/a	309.8	178.3	1.97	99.0
39.129	0.094	fixation	n/a	313.4	177.8	2956.0	n/a	n/a	n/a	n/a
39.225	0.022	saccade	n/a	315.8	179.2	n/a	361.8	179.2	1.61	108.0
39.249	0.452	fixation	n/a	351.4	182.1	3007.0	n/a	n/a	n/a	n/a
39.703	0.028	saccade	n/a	347.6	181.6	n/a	421.7	180.7	2.6	145.0
39.733	0.548	fixation	n/a	413.8	183.3	2988.0	n/a	n/a	n/a	n/a
40.283	0.022	saccade	n/a	415.0	182.0	n/a	454.4	180.6	1.39	89.0
40.307	0.078	fixation	n/a	453.0	181.7	2866.0	n/a	n/a	n/a	n/a
40.387	0.024	saccade	n/a	455.3	183.6	n/a	512.8	182.7	2.02	120.0
40.413	0.194	fixation	n/a	512.4	180.6	2833.0	n/a	n/a	n/a	n/a
40.609	0.022	saccade	n/a	514.2	178.7	n/a	554.4	174.9	1.42	83.0
40.633	0.248	fixation	n/a	557.9	175.0	2809.0	n/a	n/a	n/a	n/a
40.883	0.024	saccade	n/a	563.1	173.5	n/a	617.7	173.4	1.91	107.0
40.909	0.162	fixation	n/a	617.3	172.6	2774.0	n/a	n/a	n/a	n/a
41.073	0.016	saccade	n/a	611.2	173.4	n/a	589.5	173.3	0.76	60.0
41.091	0.27	fixation	n/a	591.7	172.6	2912.0	n/a	n/a	n/a	n/a
41.363	0.066	saccade	n/a	589.2	174.8	n/a	152.2	231.6	15.18	366.0
41.431	0.1	fixation	n/a	153.4	232.8	3049.0	n/a	n/a	n/a	n/a
41.533	0.022	saccade	n/a	153.9	235.0	n/a	118.2	241.3	1.23	98.0
41.557	0.19	fixation	n/a	120.8	240.4	3090.0	n/a	n/a	n/a	n/a
41.749	0.026	saccade	n/a	120.8	238.2	n/a	194.6	241.0	2.51	146.0
41.777	0.126	fixation	n/a	195.9	241.0	3127.0	n/a	n/a	n/a	n/a
41.905	0.12	saccade	n/a	204.2	240.6	n/a	223.4	249.1	0.72	1947.0
41.941	0.03	blink	n/a	n/a	n/a	n/a	n/a	n/a	n/a	n/a
42.027	0.052	fixation	n/a	223.8	243.8	3016.0	n/a	n/a	n/a	n/a
42.081	0.028	saccade	n/a	227.4	244.1	n/a	299.7	250.1	2.52	163.0
42.111	0.28	fixation	n/a	296.2	246.1	3088.0	n/a	n/a	n/a	n/a
42.393	0.03	saccade	n/a	298.2	247.3	n/a	382.7	247.9	2.95	162.0
42.425	0.214	fixation	n/a	385.1	247.3	3036.0	n/a	n/a	n/a	n/a
42.641	0.024	saccade	n/a	388.3	247.2	n/a	447.3	247.6	2.07	117.0
42.667	0.124	fixation	n/a	451.1	243.3	2940.0	n/a	n/a	n/a	n/a
42.793	0.028	saccade	n/a	452.7	241.5	n/a	532.4	237.6	2.8	160.0
42.823	0.31	fixation	n/a	530.4	236.0	2916.0	n/a	n/a	n/a	n/a
43.135	0.026	saccade	n/a	532.6	234.5	n/a	602.0	236.5	2.42	128.0
43.163	0.198	fixation	n/a	600.7	239.5	2892.0	n/a	n/a	n/a	n/a
43.363	0.022	saccade	n/a	601.6	242.1	n/a	637.6	250.1	1.29	80.0
43.387	0.076	fixation	n/a	633.6	249.2	2873.0	n/a	n/a	n/a	n/a
43.465	0.072	saccade	n/a	634.2	249.1	n/a	130.0	296.6	17.38	375.0
43.539	0.19	fixation	n/a	128.1	298.7	3066.0	n/a	n/a	n/a	n/a
43.731	0.028	saccade	n/a	127.8	300.1	n/a	196.9	303.4	2.35	152.0
43.761	0.216	fixation	n/a	194.9	302.4	3140.0	n/a	n/a	n/a	n/a
43.979	0.028	saccade	n/a	197.9	302.2	n/a	262.2	304.5	2.21	134.0
44.009	0.276	fixation	n/a	260.0	303.5	3077.0	n/a	n/a	n/a	n/a
44.287	0.032	saccade	n/a	264.1	304.7	n/a	362.4	302.3	3.42	193.0
44.321	0.22	fixation	n/a	364.0	301.0	2948.0	n/a	n/a	n/a	n/a
44.543	0.02	saccade	n/a	360.3	299.6	n/a	324.5	299.6	1.25	88.0
44.565	0.144	fixation	n/a	326.5	299.9	2991.0	n/a	n/a	n/a	n/a
44.711	0.03	saccade	n/a	327.9	299.8	n/a	413.8	304.2	3.01	172.0
44.743	0.146	fixation	n/a	413.2	302.6	3032.0	n/a	n/a	n/a	n/a
44.891	0.032	saccade	n/a	415.1	300.9	n/a	513.7	296.8	3.46	164.0
44.925	0.2	fixation	n/a	513.9	296.5	3119.0	n/a	n/a	n/a	n/a
45.127	0.06	saccade	n/a	516.0	297.9	n/a	161.5	349.7	12.36	365.0
45.189	0.122	fixation	n/a	165.2	350.7	3073.0	n/a	n/a	n/a	n/a
45.313	0.018	saccade	n/a	164.8	350.0	n/a	137.8	359.6	0.97	74.0
45.333	0.206	fixation	n/a	143.6	360.2	3010.0	n/a	n/a	n/a	n/a
45.541	0.036	saccade	n/a	147.7	362.9	n/a	265.7	367.1	4.04	202.0
45.579	0.422	fixation	n/a	267.1	361.6	3054.0	n/a	n/a	n/a	n/a
46.003	0.024	saccade	n/a	269.7	359.3	n/a	319.5	360.0	1.72	109.0
46.029	0.768	fixation	n/a	318.0	363.0	3134.0	n/a	n/a	n/a	n/a
46.799	0.316	saccade	n/a	326.1	363.7	n/a	406.3	603.9	8.72	1814.0
46.835	0.21	blink	n/a	n/a	n/a	n/a	n/a	n/a	n/a	n/a
47.117	0.244	fixation	n/a	393.4	546.8	2953.0	n/a	n/a	n/a	n/a
47.363	0.018	saccade	n/a	385.4	539.0	n/a	358.2	534.1	0.95	70.0
47.383	0.376	fixation	n/a	365.0	534.0	2903.0	n/a	n/a	n/a	n/a
47.492	0.0	trigger_11	11	n/a	n/a	n/a	n/a	n/a	n/a	n/a
47.552	0.0	trigger_10	10	n/a	n/a	n/a	n/a	n/a	n/a	n/a
47.761	0.06	saccade	n/a	366.0	532.6	n/a	271.3	201.7	11.96	305.0
47.823	0.058	fixation	n/a	271.3	202.0	2674.0	n/a	n/a	n/a	n/a
47.883	0.03	saccade	n/a	270.4	203.5	n/a	179.7	179.9	3.23	190.0
47.915	0.146	fixation	n/a	179.6	179.6	2591.0	n/a	n/a	n/a	n/a
48.063	0.018	saccade	n/a	176.6	181.3	n/a	141.0	179.5	1.21	90.0
48.083	0.162	fixation	n/a	142.5	177.8	2567.0	n/a	n/a	n/a	n/a
48.247	0.026	saccade	n/a	147.1	177.6	n/a	228.2	175.2	2.77	145.0
48.275	0.156	fixation	n/a	234.6	171.1	2595.0	n/a	n/a	n/a	n/a
48.433	0.032	saccade	n/a	234.1	167.3	n/a	329.5	179.7	3.33	198.0
48.467	0.268	fixation	n/a	330.5	178.6	2686.0	n/a	n/a	n/a	n/a
48.737	0.028	saccade	n/a	331.3	180.4	n/a	415.5	179.2	2.95	163.0
48.767	0.176	fixation	n/a	416.4	180.0	2744.0	n/a	n/a	n/a	n/a
48.945	0.022	saccade	n/a	418.2	180.7	n/a	466.0	181.5	1.68	106.0
48.969	0.19	fixation	n/a	468.9	178.9	2750.0	n/a	n/a	n/a	n/a
49.161	0.026	saccade	n/a	472.0	176.4	n/a	557.3	171.9	3.0	158.0
49.189	0.248	fixation	n/a	558.4	171.4	2764.0	n/a	n/a	n/a	n/a
49.439	0.014	saccade	n/a	561.4	168.5	n/a	578.7	167.8	0.6	50.0
49.455	0.362	fixation	n/a	579.5	172.1	2830.0	n/a	n/a	n/a	n/a
49.819	0.022	saccade	n/a	580.2	172.6	n/a	623.8	170.4	1.52	93.0
49.843	0.094	fixation	n/a	618.2	172.6	2881.0	n/a	n/a	n/a	n/a
49.939	0.07	saccade	n/a	618.1	177.5	n/a	127.7	230.2	16.95	379.0
50.011	0.39	fixation	n/a	120.8	240.4	3038.0	n/a	n/a	n/a	n/a
50.403	0.028	saccade	n/a	117.4	245.3	n/a	183.6	187.0	3.04	161.0
50.433	0.382	fixation	n/a	188.3	182.5	3027.0	n/a	n/a	n/a	n/a
50.817	0.022	saccade	n/a	186.6	185.6	n/a	140.5	179.2	1.59	97.0
50.841	1.12	fixation	n/a	147.8	181.2	2994.0	n/a	n/a	n/a	n/a
51.604	0.0	trigger_11	11	n/a	n/a	n/a	n/a	n/a	n/a	n/a
51.662	0.0	trigger_10	10	n/a	n/a	n/a	n/a	n/a	n/a	n/a
51.963	0.03	saccade	n/a	152.0	177.8	n/a	231.8	183.4	2.73	154.0
51.995	0.27	fixation	n/a	228.7	183.9	3094.0	n/a	n/a	n/a	n/a
52.267	0.034	saccade	n/a	225.3	187.3	n/a	118.8	186.0	3.63	199.0
52.303	0.512	fixation	n/a	117.7	186.2	3192.0	n/a	n/a	n/a	n/a
52.817	0.016	saccade	n/a	113.9	187.1	n/a	136.9	185.1	0.78	58.0
52.835	0.278	fixation	n/a	135.3	187.1	3266.0	n/a	n/a	n/a	n/a
53.115	0.026	saccade	n/a	136.6	187.6	n/a	211.2	187.0	2.54	138.0
53.143	0.234	fixation	n/a	210.8	185.4	3300.0	n/a	n/a	n/a	n/a
53.379	0.03	saccade	n/a	212.9	186.5	n/a	290.3	186.8	2.67	143.0
53.411	0.24	fixation	n/a	291.1	187.2	3286.0	n/a	n/a	n/a	n/a
53.653	0.022	saccade	n/a	297.2	189.1	n/a	345.8	186.9	1.7	105.0
53.677	0.306	fixation	n/a	343.7	185.8	3193.0	n/a	n/a	n/a	n/a
53.985	0.024	saccade	n/a	349.3	186.1	n/a	409.2	190.0	2.1	120.0
54.011	0.106	fixation	n/a	408.7	190.2	3070.0	n/a	n/a	n/a	n/a
54.119	0.164	saccade	n/a	411.0	195.5	n/a	435.7	200.7	0.89	1804.0
54.159	0.078	blink	n/a	n/a	n/a	n/a	n/a	n/a	n/a	n/a
54.285	0.624	fixation	n/a	428.9	184.4	2982.0	n/a	n/a	n/a	n/a
54.911	0.072	saccade	n/a	429.2	182.0	n/a	360.4	503.4	11.51	232.0
54.985	0.074	fixation	n/a	362.1	505.0	2872.0	n/a	n/a	n/a	n/a
55.061	0.018	saccade	n/a	362.1	505.4	n/a	380.6	526.8	0.97	65.0
55.081	0.204	fixation	n/a	386.0	526.6	2885.0	n/a	n/a	n/a	n/a
55.287	0.026	saccade	n/a	385.4	523.7	n/a	453.6	527.3	2.35	132.0
55.315	0.176	fixation	n/a	455.3	521.1	2756.0	n/a	n/a	n/a	n/a
55.493	0.022	saccade	n/a	460.0	519.4	n/a	497.5	517.7	1.29	80.0
55.517	0.116	fixation	n/a	501.5	518.0	2544.0	n/a	n/a	n/a	n/a
55.635	0.068	saccade	n/a	502.8	517.9	n/a	374.7	156.6	13.4	290.0
55.705	0.12	fixation	n/a	375.8	159.7	2410.0	n/a	n/a	n/a	n/a
55.827	0.034	saccade	n/a	375.2	162.7	n/a	235.0	169.0	4.89	201.0
55.863	0.73	fixation	n/a	222.6	168.1	2519.0	n/a	n/a	n/a	n/a
56.34	0.0	trigger_11	11	n/a	n/a	n/a	n/a	n/a	n/a	n/a
56.404	0.0	trigger_10	10	n/a	n/a	n/a	n/a	n/a	n/a	n/a
56.595	0.028	saccade	n/a	219.0	170.6	n/a	144.1	168.9	2.55	146.0
56.625	0.284	fixation	n/a	139.5	171.8	2859.0	n/a	n/a	n/a	n/a
56.911	0.028	saccade	n/a	127.7	171.0	n/a	200.2	175.7	2.47	151.0
56.941	0.146	fixation	n/a	200.0	176.4	2931.0	n/a	n/a	n/a	n/a
57.089	0.024	saccade	n/a	202.3	174.5	n/a	269.6	177.1	2.32	143.0
57.115	0.126	fixation	n/a	269.3	176.6	2992.0	n/a	n/a	n/a	n/a
57.243	0.028	saccade	n/a	272.5	177.3	n/a	334.6	179.4	2.16	137.0
57.273	0.23	fixation	n/a	331.7	180.1	3038.0	n/a	n/a	n/a	n/a
57.505	0.018	saccade	n/a	330.7	179.6	n/a	305.6	179.2	0.87	64.0
57.525	0.076	fixation	n/a	308.6	179.6	3065.0	n/a	n/a	n/a	n/a
57.603	0.028	saccade	n/a	305.9	180.4	n/a	243.1	174.0	2.18	155.0
57.633	0.13	fixation	n/a	245.0	177.2	3101.0	n/a	n/a	n/a	n/a
57.765	0.042	saccade	n/a	246.7	179.4	n/a	413.3	180.8	5.79	243.0
57.809	0.25	fixation	n/a	413.7	175.4	3192.0	n/a	n/a	n/a	n/a
58.061	0.03	saccade	n/a	416.5	176.5	n/a	492.8	177.8	2.68	157.0
58.093	0.124	fixation	n/a	491.9	177.1	3158.0	n/a	n/a	n/a	n/a
58.219	0.032	saccade	n/a	493.3	177.7	n/a	582.5	175.0	3.13	176.0
58.253	0.13	fixation	n/a	581.6	174.4	3088.0	n/a	n/a	n/a	n/a
58.385	0.062	saccade	n/a	583.7	176.2	n/a	164.0	234.9	14.62	378.0
58.449	0.17	fixation	n/a	166.6	237.7	3116.0	n/a	n/a	n/a	n/a
58.621	0.026	saccade	n/a	165.6	241.5	n/a	110.5	247.3	1.88	133.0
58.649	0.134	fixation	n/a	114.8	249.2	3129.0	n/a	n/a	n/a	n/a
58.785	0.044	saccade	n/a	115.5	248.8	n/a	305.1	245.6	6.49	292.0
58.831	0.152	fixation	n/a	306.8	242.5	3213.0	n/a	n/a	n/a	n/a
58.985	0.016	saccade	n/a	305.6	244.8	n/a	282.7	246.0	0.8	63.0
59.003	0.21	fixation	n/a	286.8	245.9	3246.0	n/a	n/a	n/a	n/a
59.215	0.042	saccade	n/a	288.4	246.3	n/a	433.4	244.3	5.08	227.0
59.259	0.174	fixation	n/a	435.2	241.5	3191.0	n/a	n/a	n/a	n/a
59.435	0.026	saccade	n/a	435.1	242.2	n/a	403.6	293.0	2.12	143.0
59.463	0.074	fixation	n/a	404.5	290.4	3193.0	n/a	n/a	n/a	n/a
59.539	0.026	saccade	n/a	401.8	290.9	n/a	358.7	305.4	1.6	126.0
59.567	0.106	fixation	n/a	359.9	306.5	3174.0	n/a	n/a	n/a	n/a
59.675	0.042	saccade	n/a	359.7	308.5	n/a	206.8	249.7	5.69	254.0
59.719	0.21	fixation	n/a	207.8	249.1	3054.0	n/a	n/a	n/a	n/a
59.931	0.016	saccade	n/a	204.7	248.6	n/a	180.2	247.0	0.84	65.0
59.949	0.354	fixation	n/a	182.5	243.2	2869.0	n/a	n/a	n/a	n/a
60.305	0.034	saccade	n/a	184.3	244.0	n/a	294.5	243.6	3.8	174.0
60.341	0.2	fixation	n/a	293.1	237.5	2741.0	n/a	n/a	n/a	n/a
60.543	0.152	saccade	n/a	300.3	239.1	n/a	428.6	263.3	4.57	715.0
60.579	0.08	blink	n/a	n/a	n/a	n/a	n/a	n/a	n/a	n/a
60.697	0.194	fixation	n/a	425.4	245.1	2634.0	n/a	n/a	n/a	n/a
60.893	0.038	saccade	n/a	427.5	240.2	n/a	549.1	234.1	4.26	178.0
60.933	0.322	fixation	n/a	541.0	230.9	2594.0	n/a	n/a	n/a	n/a
61.257	0.024	saccade	n/a	535.1	231.3	n/a	581.8	230.2	1.64	94.0
61.283	0.136	fixation	n/a	583.0	231.2	2505.0	n/a	n/a	n/a	n/a
61.421	0.062	saccade	n/a	584.6	232.9	n/a	157.0	293.1	14.82	382.0
61.485	0.152	fixation	n/a	158.4	295.7	2479.0	n/a	n/a	n/a	n/a
61.639	0.016	saccade	n/a	156.2	295.7	n/a	130.8	295.1	0.86	65.0
61.657	0.144	fixation	n/a	132.8	296.3	2454.0	n/a	n/a	n/a	n/a
61.803	0.034	saccade	n/a	134.9	296.9	n/a	246.9	294.4	3.82	185.0
61.839	0.082	fixation	n/a	245.3	292.1	2510.0	n/a	n/a	n/a	n/a
61.923	0.028	saccade	n/a	246.9	291.5	n/a	330.0	294.3	2.87	158.0
61.953	0.24	fixation	n/a	331.4	296.1	2617.0	n/a	n/a	n/a	n/a
62.195	0.024	saccade	n/a	334.2	301.0	n/a	392.7	303.3	2.05	122.0
62.221	0.258	fixation	n/a	392.1	300.0	2690.0	n/a	n/a	n/a	n/a
62.481	0.024	saccade	n/a	394.3	300.1	n/a	452.0	297.6	2.02	123.0
62.507	0.582	fixation	n/a	458.7	296.0	2705.0	n/a	n/a	n/a	n/a
63.091	0.018	saccade	n/a	466.2	300.1	n/a	496.5	298.0	1.07	75.0
63.111	0.176	fixation	n/a	496.1	299.1	2839.0	n/a	n/a	n/a	n/a
63.289	0.014	saccade	n/a	499.4	299.0	n/a	517.5	301.1	0.64	51.0
63.305	0.148	fixation	n/a	519.9	300.3	2854.0	n/a	n/a	n/a	n/a
63.455	0.024	saccade	n/a	517.6	298.7	n/a	465.8	284.3	1.89	116.0
63.481	0.194	fixation	n/a	468.6	288.4	2873.0	n/a	n/a	n/a	n/a
63.677	0.02	saccade	n/a	468.2	289.2	n/a	439.5	268.9	1.24	79.0
63.699	0.114	fixation	n/a	440.6	264.0	2870.0	n/a	n/a	n/a	n/a
63.815	0.032	saccade	n/a	443.0	265.1	n/a	531.6	305.6	3.42	184.0
63.849	0.598	fixation	n/a	526.8	303.0	2825.0	n/a	n/a	n/a	n/a
64.449	0.02	saccade	n/a	511.8	298.9	n/a	472.3	299.8	1.38	109.0
64.471	0.354	fixation	n/a	476.0	299.7	2739.0	n/a	n/a	n/a	n/a
64.606	0.0	trigger_11	11	n/a	n/a	n/a	n/a	n/a	n/a	n/a
64.666	0.0	trigger_10	10	n/a	n/a	n/a	n/a	n/a	n/a	n/a
64.827	0.052	saccade	n/a	475.9	300.5	n/a	225.4	179.2	9.7	320.0
64.881	0.12	fixation	n/a	228.5	181.5	2845.0	n/a	n/a	n/a	n/a
65.003	0.03	saccade	n/a	230.3	184.3	n/a	151.6	181.1	2.7	168.0
65.035	0.162	fixation	n/a	153.2	179.1	2792.0	n/a	n/a	n/a	n/a
65.199	0.016	saccade	n/a	151.8	176.1	n/a	127.6	174.3	0.82	63.0
65.217	0.276	fixation	n/a	130.8	173.9	2821.0	n/a	n/a	n/a	n/a
65.495	0.028	saccade	n/a	131.1	169.8	n/a	222.2	174.0	3.1	148.0
65.525	0.312	fixation	n/a	228.2	177.7	2957.0	n/a	n/a	n/a	n/a
65.839	0.026	saccade	n/a	230.1	179.5	n/a	292.5	179.5	2.16	134.0
65.867	0.152	fixation	n/a	289.9	180.8	3059.0	n/a	n/a	n/a	n/a
66.021	0.028	saccade	n/a	290.4	184.1	n/a	223.6	182.5	2.32	142.0
66.051	0.56	fixation	n/a	221.7	179.5	3130.0	n/a	n/a	n/a	n/a
66.613	0.168	saccade	n/a	220.7	178.8	n/a	302.6	197.3	2.91	1808.0
66.663	0.072	blink	n/a	n/a	n/a	n/a	n/a	n/a	n/a	n/a
66.783	0.19	fixation	n/a	300.0	184.5	3198.0	n/a	n/a	n/a	n/a
66.975	0.026	saccade	n/a	297.6	186.1	n/a	239.1	187.7	2.03	132.0
67.003	0.512	fixation	n/a	242.7	184.8	3040.0	n/a	n/a	n/a	n/a
67.517	0.02	saccade	n/a	245.6	182.8	n/a	288.9	182.8	1.5	102.0
67.539	0.322	fixation	n/a	289.8	185.3	3137.0	n/a	n/a	n/a	n/a
67.646	0.0	trigger_11	11	n/a	n/a	n/a	n/a	n/a	n/a	n/a
67.702	0.0	trigger_10	10	n/a	n/a	n/a	n/a	n/a	n/a	n/a
67.863	0.036	saccade	n/a	289.1	187.4	n/a	166.4	175.6	4.24	193.0
67.901	0.136	fixation	n/a	168.7	176.6	3272.0	n/a	n/a	n/a	n/a
68.039	0.02	saccade	n/a	164.2	177.6	n/a	128.7	184.0	1.22	88.0
68.061	0.21	fixation	n/a	132.9	183.8	3246.0	n/a	n/a	n/a	n/a
68.273	0.024	saccade	n/a	138.5	184.8	n/a	200.6	185.6	2.11	125.0
68.299	0.264	fixation	n/a	201.9	184.4	3213.0	n/a	n/a	n/a	n/a
68.565	0.022	saccade	n/a	204.7	186.3	n/a	251.1	190.2	1.61	105.0
68.589	0.856	fixation	n/a	246.3	184.9	3267.0	n/a	n/a	n/a	n/a
69.447	0.028	saccade	n/a	254.7	178.8	n/a	329.1	181.5	2.58	159.0
69.477	0.244	fixation	n/a	329.8	185.0	3271.0	n/a	n/a	n/a	n/a
69.723	0.028	saccade	n/a	335.0	188.1	n/a	411.4	183.3	2.68	151.0
69.753	0.36	fixation	n/a	406.1	182.3	3074.0	n/a	n/a	n/a	n/a
70.115	0.03	saccade	n/a	400.6	183.4	n/a	476.1	181.6	2.65	155.0
70.147	0.374	fixation	n/a	475.5	182.3	2861.0	n/a	n/a	n/a	n/a
70.523	0.026	saccade	n/a	475.4	177.1	n/a	550.0	171.8	2.62	150.0
70.551	0.226	fixation	n/a	549.6	171.8	2713.0	n/a	n/a	n/a	n/a
70.779	0.028	saccade	n/a	550.9	171.6	n/a	613.1	175.2	2.17	136.0
70.809	0.406	fixation	n/a	603.7	174.3	2681.0	n/a	n/a	n/a	n/a
71.217	0.024	saccade	n/a	595.9	175.8	n/a	543.1	172.5	1.85	127.0
71.243	0.402	fixation	n/a	544.8	175.6	2654.0	n/a	n/a	n/a	n/a
71.647	0.028	saccade	n/a	545.6	174.4	n/a	615.2	171.4	2.43	138.0
71.677	0.278	fixation	n/a	607.2	169.9	2659.0	n/a	n/a	n/a	n/a
71.957	0.064	saccade	n/a	596.1	171.3	n/a	202.3	226.7	13.74	346.0
72.023	0.114	fixation	n/a	204.5	230.0	2881.0	n/a	n/a	n/a	n/a
72.139	0.03	saccade	n/a	203.0	229.7	n/a	122.0	237.2	2.76	174.0
72.171	0.23	fixation	n/a	125.1	239.0	2907.0	n/a	n/a	n/a	n/a
72.403	0.036	saccade	n/a	126.1	239.5	n/a	257.0	238.5	4.45	230.0
72.441	0.166	fixation	n/a	261.4	241.1	2886.0	n/a	n/a	n/a	n/a
72.609	0.03	saccade	n/a	262.7	243.6	n/a	186.2	243.3	2.63	180.0
72.641	0.254	fixation	n/a	189.8	239.7	2800.0	n/a	n/a	n/a	n/a
72.897	0.162	saccade	n/a	201.0	235.9	n/a	297.5	254.8	3.39	1618.0
72.935	0.056	blink	n/a	n/a	n/a	n/a	n/a	n/a	n/a	n/a
73.061	0.468	fixation	n/a	297.8	239.0	2807.0	n/a	n/a	n/a	n/a
73.51	0.0	trigger_11	11	n/a	n/a	n/a	n/a	n/a	n/a	n/a
73.531	0.022	saccade	n/a	295.6	234.6	n/a	306.2	186.8	1.73	110.0
73.555	0.198	fixation	n/a	307.5	183.6	2615.0	n/a	n/a	n/a	n/a
73.568	0.0	trigger_12	12	n/a	n/a	n/a	n/a	n/a	n/a	n/a
73.755	0.036	saccade	n/a	307.0	182.9	n/a	173.9	175.3	4.59	214.0
73.793	0.146	fixation	n/a	176.7	176.4	2587.0	n/a	n/a	n/a	n/a
73.941	0.024	saccade	n/a	176.8	178.5	n/a	126.9	179.6	1.69	115.0
73.967	0.214	fixation	n/a	129.7	175.9	2538.0	n/a	n/a	n/a	n/a
74.183	0.026	saccade	n/a	131.4	177.2	n/a	205.4	177.7	2.52	142.0
74.211	0.118	fixation	n/a	210.4	177.6	2485.0	n/a	n/a	n/a	n/a
74.331	0.026	saccade	n/a	215.2	176.6	n/a	302.2	174.4	3.01	157.0
74.359	0.192	fixation	n/a	310.0	174.6	2487.0	n/a	n/a	n/a	n/a
74.553	0.028	saccade	n/a	311.4	177.6	n/a	394.4	176.9	2.9	148.0
74.583	0.244	fixation	n/a	393.5	180.0	2569.0	n/a	n/a	n/a	n/a
74.829	0.026	saccade	n/a	391.4	182.4	n/a	332.1	178.1	2.09	139.0
74.857	0.142	fixation	n/a	333.3	180.1	2604.0	n/a	n/a	n/a	n/a
75.001	0.04	saccade	n/a	334.7	179.7	n/a	484.2	180.0	5.25	205.0
75.043	0.216	fixation	n/a	484.8	176.2	2597.0	n/a	n/a	n/a	n/a
75.261	0.018	saccade	n/a	487.6	177.1	n/a	515.5	178.1	0.98	64.0
75.281	0.148	fixation	n/a	518.2	180.3	2656.0	n/a	n/a	n/a	n/a
75.431	0.022	saccade	n/a	522.5	181.0	n/a	566.7	181.9	1.55	100.0
75.455	0.224	fixation	n/a	566.9	180.2	2654.0	n/a	n/a	n/a	n/a
75.681	0.022	saccade	n/a	571.0	180.9	n/a	617.4	177.1	1.63	102.0
75.705	0.094	fixation	n/a	613.5	175.3	2680.0	n/a	n/a	n/a	n/a
75.801	0.066	saccade	n/a	613.0	175.1	n/a	165.4	231.8	15.59	375.0
75.869	0.118	fixation	n/a	164.8	235.1	2818.0	n/a	n/a	n/a	n/a
75.989	0.018	saccade	n/a	160.1	235.0	n/a	126.1	239.0	1.16	83.0
76.009	0.31	fixation	n/a	129.6	239.7	2883.0	n/a	n/a	n/a	n/a
76.321	0.016	saccade	n/a	125.2	238.0	n/a	102.3	240.7	0.77	61.0
76.339	0.188	fixation	n/a	105.1	240.6	2970.0	n/a	n/a	n/a	n/a
76.529	0.032	saccade	n/a	105.0	241.7	n/a	198.9	246.9	3.19	191.0
76.563	0.27	fixation	n/a	199.6	246.8	3080.0	n/a	n/a	n/a	n/a
76.835	0.018	saccade	n/a	203.8	245.4	n/a	232.7	244.3	0.99	73.0
76.855	0.206	fixation	n/a	229.5	243.7	3036.0	n/a	n/a	n/a	n/a
77.063	0.028	saccade	n/a	232.9	247.9	n/a	305.3	248.1	2.51	152.0
77.093	0.382	fixation	n/a	300.7	249.3	3039.0	n/a	n/a	n/a	n/a
77.477	0.028	saccade	n/a	300.2	251.4	n/a	370.3	248.3	2.45	149.0
77.507	0.276	fixation	n/a	369.7	247.3	3056.0	n/a	n/a	n/a	n/a
77.785	0.026	saccade	n/a	372.3	247.2	n/a	446.3	240.8	2.61	147.0
77.813	0.152	fixation	n/a	446.1	239.4	3007.0	n/a	n/a	n/a	n/a
77.967	0.028	saccade	n/a	447.5	240.4	n/a	528.7	243.4	2.85	143.0
77.997	0.448	fixation	n/a	531.9	240.7	2895.0	n/a	n/a	n/a	n/a
78.447	0.026	saccade	n/a	536.9	239.9	n/a	594.8	239.9	2.03	108.0
78.475	0.262	fixation	n/a	596.5	236.8	2801.0	n/a	n/a	n/a	n/a
78.739	0.02	saccade	n/a	598.6	236.1	n/a	637.4	239.1	1.36	90.0
78.761	0.206	fixation	n/a	635.3	239.3	2849.0	n/a	n/a	n/a	n/a
78.969	0.188	saccade	n/a	636.9	245.2	n/a	650.5	235.5	0.58	1946.0
78.999	0.108	blink	n/a	n/a	n/a	n/a	n/a	n/a	n/a	n/a
79.159	0.23	fixation	n/a	651.5	224.3	2755.0	n/a	n/a	n/a	n/a
79.391	0.02	saccade	n/a	650.8	229.8	n/a	609.3	230.5	1.44	97.0
79.413	0.14	fixation	n/a	604.0	228.8	2829.0	n/a	n/a	n/a	n/a
79.555	0.032	saccade	n/a	600.2	226.7	n/a	486.4	186.6	4.23	184.0
79.589	0.22	fixation	n/a	479.7	188.5	2834.0	n/a	n/a	n/a	n/a
79.59	0.0	trigger_13	13	n/a	n/a	n/a	n/a	n/a	n/a	n/a
79.652	0.0	trigger_10	10	n/a	n/a	n/a	n/a	n/a	n/a	n/a
79.811	0.056	saccade	n/a	479.7	192.1	n/a	207.5	176.6	9.47	284.0
79.869	0.062	fixation	n/a	210.5	178.5	2869.0	n/a	n/a	n/a	n/a
79.933	0.03	saccade	n/a	209.0	179.1	n/a	140.0	180.0	2.35	177.0
79.965	0.274	fixation	n/a	137.4	179.0	2889.0	n/a	n/a	n/a	n/a
80.241	0.024	saccade	n/a	140.2	181.5	n/a	194.3	179.0	1.85	122.0
80.267	0.162	fixation	n/a	192.2	176.2	2879.0	n/a	n/a	n/a	n/a
80.431	0.03	saccade	n/a	193.3	176.6	n/a	269.6	179.4	2.63	171.0
80.463	0.212	fixation	n/a	270.9	181.4	2906.0	n/a	n/a	n/a	n/a
80.677	0.026	saccade	n/a	272.0	180.0	n/a	347.4	182.2	2.62	138.0
80.705	0.204	fixation	n/a	350.7	180.3	3000.0	n/a	n/a	n/a	n/a
80.911	0.022	saccade	n/a	351.6	181.2	n/a	392.7	181.4	1.44	93.0
80.935	0.132	fixation	n/a	391.9	185.1	2971.0	n/a	n/a	n/a	n/a
81.069	0.02	saccade	n/a	390.0	187.9	n/a	351.8	186.8	1.34	94.0
81.091	0.158	fixation	n/a	354.7	182.0	2953.0	n/a	n/a	n/a	n/a
81.251	0.028	saccade	n/a	355.9	178.8	n/a	432.4	182.6	2.68	149.0
81.281	0.344	fixation	n/a	431.8	186.5	2970.0	n/a	n/a	n/a	n/a
81.627	0.024	saccade	n/a	434.1	183.8	n/a	499.6	181.9	2.3	136.0
81.653	0.306	fixation	n/a	502.5	178.7	2926.0	n/a	n/a	n/a	n/a
81.961	0.032	saccade	n/a	507.7	178.9	n/a	599.9	175.3	3.23	148.0
81.995	0.198	fixation	n/a	599.0	176.3	2873.0	n/a	n/a	n/a	n/a
82.195	0.07	saccade	n/a	597.0	177.3	n/a	140.3	243.0	15.89	355.0
82.267	0.192	fixation	n/a	141.0	244.6	2957.0	n/a	n/a	n/a	n/a
82.461	0.024	saccade	n/a	143.3	247.4	n/a	203.6	248.9	2.05	124.0
82.487	0.102	fixation	n/a	206.8	248.1	2915.0	n/a	n/a	n/a	n/a
82.591	0.03	saccade	n/a	208.0	246.4	n/a	297.8	246.3	3.11	187.0
82.623	0.232	fixation	n/a	298.9	245.1	2822.0	n/a	n/a	n/a	n/a
82.857	0.028	saccade	n/a	300.8	244.8	n/a	378.4	240.6	2.71	128.0
82.887	0.078	fixation	n/a	384.9	238.5	2803.0	n/a	n/a	n/a	n/a
82.967	0.03	saccade	n/a	384.9	235.8	n/a	464.8	236.9	2.79	161.0
82.999	0.188	fixation	n/a	463.0	230.6	2877.0	n/a	n/a	n/a	n/a
83.189	0.016	saccade	n/a	458.2	229.7	n/a	436.4	237.1	0.81	62.0
83.207	0.128	fixation	n/a	437.4	240.8	2975.0	n/a	n/a	n/a	n/a
83.337	0.026	saccade	n/a	441.3	246.1	n/a	515.8	242.1	2.62	136.0
83.365	0.21	fixation	n/a	515.8	239.8	3061.0	n/a	n/a	n/a	n/a
83.577	0.022	saccade	n/a	516.7	239.9	n/a	563.4	242.2	1.64	107.0
83.601	0.034	fixation	n/a	560.6	239.2	3110.0	n/a	n/a	n/a	n/a
83.637	0.052	saccade	n/a	560.9	238.4	n/a	287.1	183.3	9.74	340.0
83.691	0.128	fixation	n/a	287.3	186.9	3134.0	n/a	n/a	n/a	n/a
83.821	0.028	saccade	n/a	285.8	189.2	n/a	232.3	179.4	1.88	147.0
83.851	0.066	fixation	n/a	232.9	179.8	3116.0	n/a	n/a	n/a	n/a
83.919	0.028	saccade	n/a	231.9	177.6	n/a	171.8	176.3	2.06	162.0
83.949	0.192	fixation	n/a	171.4	177.6	3158.0	n/a	n/a	n/a	n/a
84.143	0.02	saccade	n/a	167.6	181.3	n/a	126.9	187.9	1.4	97.0
84.165	0.132	fixation	n/a	131.8	186.6	3239.0	n/a	n/a	n/a	n/a
84.299	0.032	saccade	n/a	133.3	184.7	n/a	237.7	176.7	3.57	205.0
84.333	0.138	fixation	n/a	236.7	178.0	3246.0	n/a	n/a	n/a	n/a
84.473	0.034	saccade	n/a	238.8	177.9	n/a	360.2	184.6	4.22	216.0
84.509	0.318	fixation	n/a	358.1	183.9	3229.0	n/a	n/a	n/a	n/a
84.829	0.03	saccade	n/a	360.2	180.2	n/a	436.2	185.1	2.67	145.0
84.861	0.228	fixation	n/a	434.4	184.3	3131.0	n/a	n/a	n/a	n/a
85.091	0.028	saccade	n/a	436.9	187.1	n/a	506.7	179.9	2.47	144.0
85.121	0.312	fixation	n/a	505.0	177.5	3101.0	n/a	n/a	n/a	n/a
85.435	0.018	saccade	n/a	511.3	177.9	n/a	536.1	175.8	0.87	60.0
85.455	0.08	fixation	n/a	538.7	173.8	3021.0	n/a	n/a	n/a	n/a
85.537	0.026	saccade	n/a	542.0	174.0	n/a	598.7	172.6	1.98	126.0
85.565	0.232	fixation	n/a	593.7	172.5	3011.0	n/a	n/a	n/a	n/a
85.799	0.014	saccade	n/a	595.1	172.6	n/a	613.5	174.1	0.64	54.0
85.815	0.148	fixation	n/a	611.2	174.5	3060.0	n/a	n/a	n/a	n/a
85.965	0.066	saccade	n/a	610.4	176.4	n/a	189.4	235.3	14.72	364.0
86.033	0.11	fixation	n/a	188.5	237.2	3148.0	n/a	n/a	n/a	n/a
86.145	0.026	saccade	n/a	184.3	236.5	n/a	143.0	243.7	1.42	104.0
86.173	0.182	fixation	n/a	145.8	244.0	3152.0	n/a	n/a	n/a	n/a
86.357	0.032	saccade	n/a	146.0	242.8	n/a	252.2	242.1	3.63	221.0
86.391	0.276	fixation	n/a	252.9	244.7	3091.0	n/a	n/a	n/a	n/a
86.669	0.026	saccade	n/a	256.2	242.6	n/a	323.8	250.0	2.36	130.0
86.697	0.184	fixation	n/a	327.8	249.1	2958.0	n/a	n/a	n/a	n/a
86.883	0.03	saccade	n/a	332.4	250.2	n/a	423.4	246.6	3.18	167.0
86.915	0.274	fixation	n/a	423.2	245.2	2845.0	n/a	n/a	n/a	n/a
87.191	0.03	saccade	n/a	424.7	243.3	n/a	511.2	238.8	3.04	160.0
87.223	0.2	fixation	n/a	511.3	237.7	2802.0	n/a	n/a	n/a	n/a
87.425	0.026	saccade	n/a	511.8	240.1	n/a	570.7	237.2	2.07	114.0
87.453	0.216	fixation	n/a	569.3	236.0	2845.0	n/a	n/a	n/a	n/a
87.671	0.038	saccade	n/a	568.2	237.1	n/a	421.6	192.1	5.38	234.0
87.711	0.268	fixation	n/a	424.9	192.4	2915.0	n/a	n/a	n/a	n/a
87.744	0.0	trigger_11	11	n/a	n/a	n/a	n/a	n/a	n/a	n/a
87.804	0.0	trigger_10	10	n/a	n/a	n/a	n/a	n/a	n/a	n/a
87.981	0.044	saccade	n/a	423.5	194.0	n/a	217.3	174.9	7.19	283.0
88.027	0.048	fixation	n/a	217.5	176.4	2995.0	n/a	n/a	n/a	n/a
88.077	0.03	saccade	n/a	213.3	177.9	n/a	144.1	181.1	2.36	186.0
88.109	0.248	fixation	n/a	146.2	182.2	3046.0	n/a	n/a	n/a	n/a
88.359	0.032	saccade	n/a	146.5	182.0	n/a	245.4	184.3	3.39	206.0
88.393	0.176	fixation	n/a	243.6	184.8	3158.0	n/a	n/a	n/a	n/a
88.571	0.102	saccade	n/a	243.8	187.4	n/a	378.9	197.3	4.72	2024.0
88.605	0.024	blink	n/a	n/a	n/a	n/a	n/a	n/a	n/a	n/a
88.675	0.328	fixation	n/a	377.1	189.3	3120.0	n/a	n/a	n/a	n/a
89.005	0.028	saccade	n/a	377.8	184.2	n/a	455.3	181.2	2.71	133.0
89.035	0.146	fixation	n/a	457.3	183.6	3086.0	n/a	n/a	n/a	n/a
89.183	0.026	saccade	n/a	459.9	185.1	n/a	528.2	181.6	2.4	139.0
89.211	0.19	fixation	n/a	527.4	181.1	3064.0	n/a	n/a	n/a	n/a
89.403	0.018	saccade	n/a	526.0	180.8	n/a	492.9	178.9	1.16	85.0
89.423	0.086	fixation	n/a	495.3	177.7	3063.0	n/a	n/a	n/a	n/a
89.511	0.06	saccade	n/a	495.0	177.9	n/a	153.8	246.8	12.01	315.0
89.573	0.128	fixation	n/a	158.9	250.2	3124.0	n/a	n/a	n/a	n/a
89.703	0.018	saccade	n/a	156.6	249.6	n/a	124.5	248.2	1.09	85.0
89.723	0.154	fixation	n/a	131.0	247.7	3150.0	n/a	n/a	n/a	n/a
89.879	0.034	saccade	n/a	132.7	250.0	n/a	242.0	248.7	3.73	217.0
89.915	0.34	fixation	n/a	240.1	247.1	3136.0	n/a	n/a	n/a	n/a
90.257	0.028	saccade	n/a	238.3	245.0	n/a	315.3	243.1	2.67	158.0
90.287	0.126	fixation	n/a	313.5	244.1	3144.0	n/a	n/a	n/a	n/a
90.415	0.026	saccade	n/a	316.6	242.4	n/a	383.6	241.6	2.34	147.0
90.443	0.174	fixation	n/a	383.6	243.3	3134.0	n/a	n/a	n/a	n/a
90.619	0.028	saccade	n/a	385.4	241.2	n/a	451.1	238.1	2.3	138.0
90.649	0.32	fixation	n/a	449.6	237.6	3180.0	n/a	n/a	n/a	n/a
90.971	0.028	saccade	n/a	454.0	240.8	n/a	533.9	240.9	2.8	148.0
91.001	0.214	fixation	n/a	533.0	241.5	3112.0	n/a	n/a	n/a	n/a
91.217	0.024	saccade	n/a	535.4	241.7	n/a	590.6	239.5	1.94	105.0
91.243	0.356	fixation	n/a	593.3	237.2	3042.0	n/a	n/a	n/a	n/a
91.601	0.022	saccade	n/a	597.1	234.0	n/a	636.7	232.3	1.38	90.0
91.625	0.422	fixation	n/a	632.9	236.6	2944.0	n/a	n/a	n/a	n/a
92.049	0.026	saccade	n/a	630.8	239.9	n/a	573.4	237.7	2.01	126.0
92.077	0.402	fixation	n/a	574.1	235.5	2849.0	n/a	n/a	n/a	n/a
92.481	0.024	saccade	n/a	575.8	233.8	n/a	630.9	232.7	1.92	114.0
92.507	0.48	fixation	n/a	628.0	235.1	2803.0	n/a	n/a	n/a	n/a
92.776	0.0	trigger_11	11	n/a	n/a	n/a	n/a	n/a	n/a	n/a
92.836	0.0	trigger_10	10	n/a	n/a	n/a	n/a	n/a	n/a	n/a
92.989	0.062	saccade	n/a	627.3	236.0	n/a	272.2	171.8	12.56	323.0
93.053	0.03	fixation	n/a	271.2	171.6	2854.0	n/a	n/a	n/a	n/a
93.085	0.034	saccade	n/a	269.9	172.2	n/a	152.2	159.8	4.05	240.0
93.121	0.078	fixation	n/a	152.5	161.4	2828.0	n/a	n/a	n/a	n/a
93.201	0.02	saccade	n/a	149.1	163.4	n/a	123.6	183.8	1.12	86.0
93.223	0.144	fixation	n/a	129.9	184.6	2878.0	n/a	n/a	n/a	n/a
93.369	0.032	saccade	n/a	130.0	184.7	n/a	218.0	176.4	3.01	179.0
93.403	0.14	fixation	n/a	217.4	177.5	2954.0	n/a	n/a	n/a	n/a
93.545	0.022	saccade	n/a	220.2	177.5	n/a	275.8	179.5	1.92	122.0
93.569	0.146	fixation	n/a	277.5	179.0	2888.0	n/a	n/a	n/a	n/a
93.717	0.024	saccade	n/a	279.9	181.4	n/a	329.4	181.9	1.72	98.0
93.743	0.148	fixation	n/a	331.8	181.1	2836.0	n/a	n/a	n/a	n/a
93.893	0.028	saccade	n/a	333.1	185.1	n/a	416.0	187.1	2.91	154.0
93.923	0.2	fixation	n/a	417.7	185.0	2900.0	n/a	n/a	n/a	n/a
94.125	0.026	saccade	n/a	419.1	183.9	n/a	481.1	182.3	2.18	137.0
94.153	0.224	fixation	n/a	479.7	180.4	3012.0	n/a	n/a	n/a	n/a
94.379	0.04	saccade	n/a	479.2	180.2	n/a	613.2	176.6	4.69	197.0
94.421	0.204	fixation	n/a	613.0	178.4	2978.0	n/a	n/a	n/a	n/a
94.627	0.064	saccade	n/a	612.1	178.6	n/a	182.2	243.5	15.03	377.0
94.693	0.098	fixation	n/a	184.2	246.8	3125.0	n/a	n/a	n/a	n/a
94.793	0.026	saccade	n/a	182.8	248.7	n/a	140.6	245.3	1.44	126.0
94.821	0.148	fixation	n/a	142.4	245.2	3142.0	n/a	n/a	n/a	n/a
94.971	0.036	saccade	n/a	144.3	247.5	n/a	275.4	244.9	4.5	240.0
95.009	0.158	fixation	n/a	277.0	243.4	3108.0	n/a	n/a	n/a	n/a
95.169	0.028	saccade	n/a	277.9	241.1	n/a	338.3	242.2	2.1	147.0
95.199	0.242	fixation	n/a	335.6	244.0	3205.0	n/a	n/a	n/a	n/a
95.443	0.022	saccade	n/a	336.9	240.7	n/a	348.7	193.7	1.72	112.0
95.467	0.188	fixation	n/a	351.4	192.6	3163.0	n/a	n/a	n/a	n/a
95.657	0.024	saccade	n/a	355.0	193.0	n/a	410.6	185.3	1.97	120.0
95.683	0.142	fixation	n/a	410.6	187.1	3113.0	n/a	n/a	n/a	n/a
95.827	0.038	saccade	n/a	409.9	189.0	n/a	271.9	181.6	4.82	243.0
95.867	0.184	fixation	n/a	270.6	184.2	3158.0	n/a	n/a	n/a	n/a
96.053	0.028	saccade	n/a	267.4	187.9	n/a	209.4	185.5	2.0	134.0
96.083	0.18	fixation	n/a	209.6	184.9	3189.0	n/a	n/a	n/a	n/a
96.265	0.036	saccade	n/a	208.0	186.6	n/a	333.5	186.6	4.34	226.0
96.303	0.334	fixation	n/a	329.5	185.6	3258.0	n/a	n/a	n/a	n/a
96.639	0.08	saccade	n/a	325.2	186.8	n/a	369.3	542.0	12.43	248.0
96.721	0.124	fixation	n/a	369.6	542.5	3337.0	n/a	n/a	n/a	n/a
96.847	0.022	saccade	n/a	373.9	543.7	n/a	418.9	535.7	1.57	98.0
96.871	0.196	fixation	n/a	422.8	532.4	3213.0	n/a	n/a	n/a	n/a
97.069	0.022	saccade	n/a	429.1	532.1	n/a	481.4	530.4	1.8	110.0
97.093	0.09	fixation	n/a	484.3	530.9	2940.0	n/a	n/a	n/a	n/a
97.185	0.058	saccade	n/a	485.6	529.8	n/a	449.8	198.8	11.66	322.0
97.245	0.1	fixation	n/a	452.2	200.1	2700.0	n/a	n/a	n/a	n/a
97.347	0.026	saccade	n/a	452.6	200.9	n/a	395.3	168.7	2.32	136.0
97.375	0.282	fixation	n/a	388.4	170.7	2643.0	n/a	n/a	n/a	n/a
97.448	0.0	trigger_11	11	n/a	n/a	n/a	n/a	n/a	n/a	n/a
97.508	0.0	trigger_10	10	n/a	n/a	n/a	n/a	n/a	n/a	n/a
97.659	0.046	saccade	n/a	384.0	169.0	n/a	175.5	170.0	7.19	259.0
97.707	0.102	fixation	n/a	175.3	172.7	2875.0	n/a	n/a	n/a	n/a
97.811	0.026	saccade	n/a	174.4	172.8	n/a	134.8	179.8	1.36	110.0
97.839	0.206	fixation	n/a	137.9	181.1	2921.0	n/a	n/a	n/a	n/a
98.047	0.032	saccade	n/a	138.8	180.0	n/a	237.7	187.8	3.39	178.0
98.081	0.172	fixation	n/a	237.4	188.2	2941.0	n/a	n/a	n/a	n/a
98.255	0.034	saccade	n/a	240.9	189.1	n/a	352.3	191.6	3.88	197.0
98.291	0.222	fixation	n/a	352.4	190.8	2990.0	n/a	n/a	n/a	n/a
98.515	0.022	saccade	n/a	355.0	190.8	n/a	402.0	191.4	1.65	106.0
98.539	0.066	fixation	n/a	397.7	188.7	3011.0	n/a	n/a	n/a	n/a
98.607	0.032	saccade	n/a	398.8	186.1	n/a	482.6	179.4	2.94	176.0
98.641	0.266	fixation	n/a	481.8	184.0	2978.0	n/a	n/a	n/a	n/a
98.909	0.026	saccade	n/a	485.4	187.0	n/a	562.9	181.8	2.73	143.0
98.937	0.108	fixation	n/a	562.8	176.6	2969.0	n/a	n/a	n/a	n/a
99.047	0.028	saccade	n/a	565.7	173.9	n/a	624.5	170.0	2.05	133.0
99.077	0.216	fixation	n/a	621.7	170.4	2995.0	n/a	n/a	n/a	n/a
99.295	0.066	saccade	n/a	622.2	170.4	n/a	180.0	246.9	15.46	376.0
99.363	0.086	fixation	n/a	182.5	248.3	3144.0	n/a	n/a	n/a	n/a
99.451	0.028	saccade	n/a	182.3	248.0	n/a	122.3	249.4	2.03	158.0
99.481	0.164	fixation	n/a	122.5	247.7	3098.0	n/a	n/a	n/a	n/a
99.647	0.03	saccade	n/a	121.5	249.0	n/a	226.4	242.4	3.58	194.0
99.679	0.186	fixation	n/a	231.2	243.2	3100.0	n/a	n/a	n/a	n/a
99.867	0.028	saccade	n/a	234.1	245.8	n/a	319.1	248.5	2.95	168.0
99.897	0.176	fixation	n/a	318.8	247.0	3092.0	n/a	n/a	n/a	n/a
100.075	0.032	saccade	n/a	317.9	244.5	n/a	427.1	240.6	3.81	191.0
100.109	0.444	fixation	n/a	431.2	243.0	3000.0	n/a	n/a	n/a	n/a
100.555	0.026	saccade	n/a	436.6	244.9	n/a	503.8	245.8	2.36	130.0
100.583	0.164	fixation	n/a	507.2	243.8	2916.0	n/a	n/a	n/a	n/a
100.749	0.026	saccade	n/a	508.5	243.2	n/a	570.2	238.7	2.17	118.0
100.777	0.152	fixation	n/a	568.8	237.9	2853.0	n/a	n/a	n/a	n/a
100.931	0.03	saccade	n/a	568.6	237.0	n/a	499.2	238.6	2.44	154.0
100.963	0.18	fixation	n/a	500.2	240.1	2857.0	n/a	n/a	n/a	n/a
101.145	0.014	saccade	n/a	503.2	242.1	n/a	520.8	242.4	0.62	56.0
101.161	0.044	fixation	n/a	516.1	244.9	2868.0	n/a	n/a	n/a	n/a
101.207	0.028	saccade	n/a	518.6	245.2	n/a	587.2	242.1	2.41	158.0
101.237	0.092	fixation	n/a	582.5	236.1	2890.0	n/a	n/a	n/a	n/a
101.331	0.062	saccade	n/a	581.8	238.9	n/a	169.9	295.0	14.37	369.0
101.395	0.116	fixation	n/a	171.4	296.2	2979.0	n/a	n/a	n/a	n/a
101.513	0.022	saccade	n/a	167.1	295.2	n/a	130.8	303.4	1.26	98.0
101.537	0.226	fixation	n/a	135.2	303.8	2971.0	n/a	n/a	n/a	n/a
101.765	0.024	saccade	n/a	139.6	304.6	n/a	204.9	305.9	2.23	142.0
101.791	0.12	fixation	n/a	202.8	304.7	2936.0	n/a	n/a	n/a	n/a
101.913	0.132	saccade	n/a	205.1	304.1	n/a	303.6	319.0	3.44	1419.0
101.953	0.054	blink	n/a	n/a	n/a	n/a	n/a	n/a	n/a	n/a
102.047	0.22	fixation	n/a	303.0	306.0	2874.0	n/a	n/a	n/a	n/a
102.269	0.032	saccade	n/a	300.7	303.9	n/a	396.2	300.7	3.33	177.0
102.303	0.18	fixation	n/a	396.8	299.5	2858.0	n/a	n/a	n/a	n/a
102.485	0.034	saccade	n/a	400.5	299.3	n/a	503.6	297.0	3.61	177.0
102.521	0.148	fixation	n/a	503.7	295.7	2691.0	n/a	n/a	n/a	n/a
102.671	0.022	saccade	n/a	507.9	293.6	n/a	554.0	292.3	1.62	95.0
102.695	0.288	fixation	n/a	555.0	291.8	2692.0	n/a	n/a	n/a	n/a
102.985	0.032	saccade	n/a	560.2	293.7	n/a	652.9	292.2	3.22	156.0
103.019	0.132	fixation	n/a	651.1	294.1	2648.0	n/a	n/a	n/a	n/a
103.153	0.068	saccade	n/a	651.1	295.0	n/a	166.7	356.9	16.73	389.0
103.223	0.142	fixation	n/a	165.6	359.0	2803.0	n/a	n/a	n/a	n/a
103.367	0.02	saccade	n/a	163.4	360.8	n/a	125.7	359.4	1.27	93.0
103.389	0.136	fixation	n/a	129.2	360.1	2836.0	n/a	n/a	n/a	n/a
103.527	0.04	saccade	n/a	132.7	360.5	n/a	299.7	361.4	5.69	246.0
103.569	0.3	fixation	n/a	300.3	363.2	2865.0	n/a	n/a	n/a	n/a
103.871	0.026	saccade	n/a	302.6	363.3	n/a	372.3	357.8	2.43	149.0
103.899	0.222	fixation	n/a	370.4	358.3	2822.0	n/a	n/a	n/a	n/a
104.123	0.024	saccade	n/a	374.0	360.1	n/a	418.5	357.8	1.56	88.0
104.149	0.192	fixation	n/a	417.4	357.6	2779.0	n/a	n/a	n/a	n/a
104.343	0.034	saccade	n/a	414.2	356.5	n/a	304.1	358.2	3.83	199.0
104.379	0.154	fixation	n/a	305.6	359.4	2819.0	n/a	n/a	n/a	n/a
104.535	0.026	saccade	n/a	304.8	360.1	n/a	247.4	359.6	1.98	132.0
104.563	0.242	fixation	n/a	250.2	360.1	2810.0	n/a	n/a	n/a	n/a
104.807	0.038	saccade	n/a	252.2	360.4	n/a	389.9	360.2	4.78	212.0
104.847	0.126	fixation	n/a	391.4	357.3	2814.0	n/a	n/a	n/a	n/a
104.968	0.0	trigger_11	11	n/a	n/a	n/a	n/a	n/a	n/a	n/a
104.975	0.044	saccade	n/a	390.1	354.4	n/a	360.5	187.6	6.0	230.0
105.021	0.19	fixation	n/a	359.7	192.5	2841.0	n/a	n/a	n/a	n/a
105.026	0.0	trigger_10	10	n/a	n/a	n/a	n/a	n/a	n/a	n/a
105.213	0.04	saccade	n/a	357.6	194.7	n/a	198.6	174.1	5.55	227.0
105.255	0.036	fixation	n/a	198.5	177.0	2851.0	n/a	n/a	n/a	n/a
105.293	0.032	saccade	n/a	197.2	179.3	n/a	127.1	171.8	2.4	171.0
105.327	0.274	fixation	n/a	126.9	170.6	2874.0	n/a	n/a	n/a	n/a
105.603	0.032	saccade	n/a	127.3	168.1	n/a	224.6	180.9	3.34	197.0
105.637	0.154	fixation	n/a	226.3	181.0	2945.0	n/a	n/a	n/a	n/a
105.793	0.034	saccade	n/a	229.8	180.0	n/a	341.9	182.7	3.89	186.0
105.829	0.22	fixation	n/a	339.7	182.3	2960.0	n/a	n/a	n/a	n/a
106.051	0.016	saccade	n/a	337.7	184.1	n/a	316.9	187.9	0.74	59.0
106.069	0.134	fixation	n/a	320.0	187.0	3025.0	n/a	n/a	n/a	n/a
106.205	0.036	saccade	n/a	320.5	183.7	n/a	449.9	178.6	4.53	215.0
106.243	0.268	fixation	n/a	449.3	178.6	3120.0	n/a	n/a	n/a	n/a
106.513	0.036	saccade	n/a	450.5	176.3	n/a	559.8	175.9	3.83	178.0
106.551	0.302	fixation	n/a	551.8	176.8	3169.0	n/a	n/a	n/a	n/a
106.855	0.034	saccade	n/a	545.1	176.9	n/a	429.7	183.7	4.06	233.0
106.891	0.134	fixation	n/a	428.8	182.0	3159.0	n/a	n/a	n/a	n/a
107.027	0.134	saccade	n/a	429.3	185.6	n/a	449.9	181.9	0.74	1672.0
107.051	0.072	blink	n/a	n/a	n/a	n/a	n/a	n/a	n/a	n/a
107.163	0.028	fixation	n/a	448.5	179.4	3054.0	n/a	n/a	n/a	n/a
107.193	0.03	saccade	n/a	448.7	176.6	n/a	545.4	175.6	3.39	158.0
107.225	0.486	fixation	n/a	546.9	176.5	3176.0	n/a	n/a	n/a	n/a
107.713	0.044	saccade	n/a	548.6	178.9	n/a	367.2	182.2	6.35	257.0
107.759	0.15	fixation	n/a	365.5	182.7	3235.0	n/a	n/a	n/a	n/a
107.911	0.016	saccade	n/a	359.1	185.6	n/a	337.6	185.1	0.75	65.0
107.929	0.166	fixation	n/a	342.1	188.0	3189.0	n/a	n/a	n/a	n/a
108.097	0.03	saccade	n/a	343.8	190.3	n/a	435.1	191.1	3.2	181.0
108.129	0.218	fixation	n/a	434.9	188.2	3160.0	n/a	n/a	n/a	n/a
108.349	0.03	saccade	n/a	436.6	185.1	n/a	530.0	182.2	3.28	164.0
108.381	0.224	fixation	n/a	531.7	177.9	3043.0	n/a	n/a	n/a	n/a
108.607	0.03	saccade	n/a	529.9	176.6	n/a	449.7	177.8	2.81	188.0
108.639	0.168	fixation	n/a	450.8	180.9	3094.0	n/a	n/a	n/a	n/a
108.809	0.032	saccade	n/a	450.8	183.2	n/a	544.7	177.0	3.31	170.0
108.843	0.098	fixation	n/a	542.5	172.5	3144.0	n/a	n/a	n/a	n/a
108.943	0.062	saccade	n/a	543.0	171.9	n/a	171.6	172.1	12.83	355.0
109.007	0.122	fixation	n/a	171.9	174.2	3217.0	n/a	n/a	n/a	n/a
109.131	0.026	saccade	n/a	170.6	174.5	n/a	126.0	171.5	1.52	128.0
109.159	0.224	fixation	n/a	129.4	172.6	3222.0	n/a	n/a	n/a	n/a
109.385	0.032	saccade	n/a	134.6	176.9	n/a	223.7	178.3	3.04	177.0
109.419	0.316	fixation	n/a	222.1	175.2	3252.0	n/a	n/a	n/a	n/a
109.737	0.036	saccade	n/a	220.5	174.5	n/a	117.3	167.9	3.52	200.0
109.775	0.322	fixation	n/a	120.4	173.8	3252.0	n/a	n/a	n/a	n/a
110.099	0.054	saccade	n/a	128.1	176.7	n/a	400.1	173.3	9.33	308.0
110.155	0.154	fixation	n/a	403.3	173.4	3393.0	n/a	n/a	n/a	n/a
110.311	0.02	saccade	n/a	407.0	176.6	n/a	449.5	178.8	1.49	100.0
110.333	0.166	fixation	n/a	445.8	182.3	3380.0	n/a	n/a	n/a	n/a
110.501	0.028	saccade	n/a	447.7	185.8	n/a	520.9	184.2	2.57	134.0
110.531	0.156	fixation	n/a	520.9	179.7	3298.0	n/a	n/a	n/a	n/a
110.689	0.03	saccade	n/a	521.7	178.7	n/a	439.8	182.5	2.88	196.0
110.721	0.226	fixation	n/a	441.2	184.0	3319.0	n/a	n/a	n/a	n/a
110.949	0.084	saccade	n/a	440.1	185.6	n/a	539.4	176.7	3.5	236.0
111.035	0.218	fixation	n/a	540.9	177.5	3319.0	n/a	n/a	n/a	n/a
111.255	0.028	saccade	n/a	542.6	176.9	n/a	606.2	176.4	2.22	147.0
111.285	0.096	fixation	n/a	603.8	175.8	3312.0	n/a	n/a	n/a	n/a
111.383	0.066	saccade	n/a	605.4	175.5	n/a	148.9	234.4	15.82	383.0
111.451	0.158	fixation	n/a	153.3	237.9	3304.0	n/a	n/a	n/a	n/a
111.611	0.018	saccade	n/a	151.6	239.2	n/a	122.4	241.5	0.99	78.0
111.631	0.15	fixation	n/a	128.3	243.2	3226.0	n/a	n/a	n/a	n/a
111.783	0.03	saccade	n/a	127.7	241.0	n/a	218.5	251.4	3.11	183.0
111.815	0.152	fixation	n/a	218.2	249.9	3202.0	n/a	n/a	n/a	n/a
111.969	0.116	saccade	n/a	225.3	253.3	n/a	305.5	263.9	2.8	864.0
112.003	0.04	blink	n/a	n/a	n/a	n/a	n/a	n/a	n/a	n/a
112.087	0.158	fixation	n/a	306.5	250.2	3094.0	n/a	n/a	n/a	n/a
112.247	0.042	saccade	n/a	304.9	247.7	n/a	477.2	245.0	6.01	282.0
112.291	0.18	fixation	n/a	485.4	242.0	3047.0	n/a	n/a	n/a	n/a
112.473	0.022	saccade	n/a	485.7	242.6	n/a	449.8	273.8	1.68	111.0
112.497	0.096	fixation	n/a	453.3	272.0	2967.0	n/a	n/a	n/a	n/a
112.595	0.016	saccade	n/a	453.3	272.6	n/a	438.6	289.5	0.79	60.0
112.613	0.128	fixation	n/a	442.0	287.6	2907.0	n/a	n/a	n/a	n/a
112.743	0.024	saccade	n/a	442.7	288.8	n/a	456.7	345.0	2.05	126.0
112.769	0.198	fixation	n/a	455.1	351.2	2878.0	n/a	n/a	n/a	n/a
112.969	0.026	saccade	n/a	446.6	354.9	n/a	374.9	360.4	2.51	152.0
112.997	0.15	fixation	n/a	379.3	362.1	2930.0	n/a	n/a	n/a	n/a
113.149	0.038	saccade	n/a	378.2	363.1	n/a	241.2	316.9	5.02	199.0
113.189	0.086	fixation	n/a	230.0	300.7	2896.0	n/a	n/a	n/a	n/a
113.277	0.028	saccade	n/a	228.4	299.2	n/a	160.2	296.6	2.33	153.0
113.307	0.148	fixation	n/a	163.0	300.2	2762.0	n/a	n/a	n/a	n/a
113.457	0.018	saccade	n/a	159.5	300.0	n/a	128.8	299.0	1.04	74.0
113.477	0.17	fixation	n/a	131.4	301.6	2694.0	n/a	n/a	n/a	n/a
113.649	0.04	saccade	n/a	132.5	302.5	n/a	290.7	304.5	5.42	232.0
113.691	0.278	fixation	n/a	291.1	301.5	2780.0	n/a	n/a	n/a	n/a
113.971	0.024	saccade	n/a	293.4	300.0	n/a	356.6	302.9	2.2	123.0
113.997	0.124	fixation	n/a	364.5	302.4	2825.0	n/a	n/a	n/a	n/a
114.123	0.05	saccade	n/a	365.8	302.3	n/a	595.0	290.4	8.01	280.0
114.175	0.284	fixation	n/a	597.1	291.9	2822.0	n/a	n/a	n/a	n/a
114.461	0.024	saccade	n/a	597.5	290.9	n/a	647.7	295.7	1.75	105.0
114.487	0.064	fixation	n/a	646.5	295.4	2870.0	n/a	n/a	n/a	n/a
114.553	0.066	saccade	n/a	646.9	294.7	n/a	184.9	363.3	16.03	391.0
114.621	0.236	fixation	n/a	186.4	363.7	2949.0	n/a	n/a	n/a	n/a
114.859	0.022	saccade	n/a	189.5	366.8	n/a	227.8	360.5	1.33	85.0
114.883	0.134	fixation	n/a	235.2	362.1	2956.0	n/a	n/a	n/a	n/a
115.019	0.06	saccade	n/a	234.1	361.1	n/a	584.1	349.3	12.1	334.0
115.081	0.186	fixation	n/a	588.7	349.0	3008.0	n/a	n/a	n/a	n/a
115.269	0.022	saccade	n/a	590.0	348.8	n/a	637.4	348.4	1.64	110.0
115.293	0.134	fixation	n/a	633.4	352.0	3018.0	n/a	n/a	n/a	n/a
115.429	0.068	saccade	n/a	635.1	353.1	n/a	163.4	409.0	16.22	400.0
115.499	0.134	fixation	n/a	166.0	413.9	3067.0	n/a	n/a	n/a	n/a
115.635	0.018	saccade	n/a	160.2	414.1	n/a	129.7	417.5	1.03	82.0
115.655	0.146	fixation	n/a	132.8	417.2	3102.0	n/a	n/a	n/a	n/a
115.803	0.054	saccade	n/a	133.0	416.3	n/a	280.3	215.7	8.59	303.0
115.859	0.064	fixation	n/a	282.2	211.7	3133.0	n/a	n/a	n/a	n/a
115.925	0.03	saccade	n/a	284.0	212.8	n/a	338.7	182.3	2.18	148.0
115.957	0.222	fixation	n/a	335.7	181.1	3205.0	n/a	n/a	n/a	n/a
116.181	0.034	saccade	n/a	335.5	182.1	n/a	447.6	184.2	3.91	203.0
116.217	0.414	fixation	n/a	447.4	180.4	3332.0	n/a	n/a	n/a	n/a
116.633	0.172	saccade	n/a	448.0	188.1	n/a	392.1	468.3	9.99	2727.0
116.667	0.084	blink	n/a	n/a	n/a	n/a	n/a	n/a	n/a	n/a
116.807	0.084	fixation	n/a	390.1	470.3	3394.0	n/a	n/a	n/a	n/a
116.893	0.028	saccade	n/a	393.2	475.7	n/a	392.3	536.8	2.09	143.0
116.923	0.058	fixation	n/a	392.3	532.3	3352.0	n/a	n/a	n/a	n/a
116.983	0.036	saccade	n/a	391.6	533.6	n/a	278.4	544.1	3.87	202.0
117.021	0.156	fixation	n/a	276.7	537.5	3338.0	n/a	n/a	n/a	n/a
117.179	0.022	saccade	n/a	272.3	535.9	n/a	230.7	533.6	1.41	109.0
117.203	0.182	fixation	n/a	237.2	534.7	3083.0	n/a	n/a	n/a	n/a
117.387	0.048	saccade	n/a	235.6	534.7	n/a	454.2	530.1	7.44	262.0
117.437	0.16	fixation	n/a	456.7	529.0	2894.0	n/a	n/a	n/a	n/a
117.599	0.022	saccade	n/a	458.4	530.5	n/a	505.4	522.0	1.64	108.0
117.623	0.164	fixation	n/a	504.6	520.9	2826.0	n/a	n/a	n/a	n/a
117.789	0.018	saccade	n/a	503.6	520.6	n/a	474.8	527.5	1.02	73.0
117.809	0.35	fixation	n/a	474.0	524.1	2876.0	n/a	n/a	n/a	n/a
118.161	0.056	saccade	n/a	467.5	524.0	n/a	553.1	248.5	10.05	288.0
118.219	0.182	fixation	n/a	554.1	242.9	2972.0	n/a	n/a	n/a	n/a
118.403	0.028	saccade	n/a	553.7	242.2	n/a	498.9	217.8	2.11	138.0
118.433	0.02	fixation	n/a	501.6	218.4	2968.0	n/a	n/a	n/a	n/a
118.455	0.032	saccade	n/a	501.9	218.3	n/a	582.9	173.9	3.24	179.0
118.489	0.198	fixation	n/a	581.3	174.8	2982.0	n/a	n/a	n/a	n/a
118.689	0.018	saccade	n/a	577.7	176.6	n/a	548.6	176.9	1.02	76.0
118.709	0.292	fixation	n/a	551.6	176.1	3133.0	n/a	n/a	n/a	n/a
119.003	0.062	saccade	n/a	552.5	176.6	n/a	173.8	242.3	13.24	348.0
119.067	0.19	fixation	n/a	174.3	246.0	3282.0	n/a	n/a	n/a	n/a
119.259	0.018	saccade	n/a	171.0	246.5	n/a	142.6	248.6	0.96	72.0
119.279	0.16	fixation	n/a	151.1	251.4	3296.0	n/a	n/a	n/a	n/a
119.441	0.032	saccade	n/a	150.0	251.2	n/a	221.0	184.8	3.35	200.0
119.475	0.288	fixation	n/a	219.7	186.2	3222.0	n/a	n/a	n/a	n/a
119.528	0.0	trigger_11	11	n/a	n/a	n/a	n/a	n/a	n/a	n/a
119.582	0.0	trigger_12	12	n/a	n/a	n/a	n/a	n/a	n/a	n/a
119.765	0.03	saccade	n/a	220.4	187.9	n/a	141.5	189.1	2.68	163.0
119.797	0.244	fixation	n/a	144.2	193.0	3364.0	n/a	n/a	n/a	n/a
120.043	0.03	saccade	n/a	141.0	191.7	n/a	228.6	192.9	2.97	165.0
120.075	0.244	fixation	n/a	225.1	193.8	3359.0	n/a	n/a	n/a	n/a
120.321	0.03	saccade	n/a	215.6	196.7	n/a	151.7	198.7	2.18	153.0
120.353	0.176	fixation	n/a	153.0	198.2	3347.0	n/a	n/a	n/a	n/a
120.531	0.024	saccade	n/a	156.4	196.5	n/a	221.8	193.5	2.23	134.0
120.557	0.196	fixation	n/a	221.6	191.5	3341.0	n/a	n/a	n/a	n/a
120.755	0.044	saccade	n/a	221.8	189.6	n/a	399.1	186.8	6.15	279.0
120.801	0.152	fixation	n/a	403.1	185.2	3399.0	n/a	n/a	n/a	n/a
120.955	0.024	saccade	n/a	402.5	188.6	n/a	365.3	190.1	1.3	109.0
120.981	0.222	fixation	n/a	369.1	190.4	3389.0	n/a	n/a	n/a	n/a
121.205	0.026	saccade	n/a	369.4	190.4	n/a	433.7	185.9	2.26	131.0
121.233	0.23	fixation	n/a	430.0	182.0	3317.0	n/a	n/a	n/a	n/a
121.465	0.024	saccade	n/a	428.4	180.7	n/a	384.1	183.8	1.55	112.0
121.491	0.246	fixation	n/a	387.0	182.4	3285.0	n/a	n/a	n/a	n/a
121.739	0.028	saccade	n/a	385.8	184.7	n/a	451.8	183.3	2.31	138.0
121.769	0.206	fixation	n/a	447.2	184.9	3374.0	n/a	n/a	n/a	n/a
121.977	0.05	saccade	n/a	446.2	187.1	n/a	206.3	189.6	8.32	302.0
122.029	0.212	fixation	n/a	204.9	188.9	3436.0	n/a	n/a	n/a	n/a
122.243	0.03	saccade	n/a	204.1	188.7	n/a	290.8	186.7	2.98	169.0
122.275	0.118	fixation	n/a	287.6	186.3	3489.0	n/a	n/a	n/a	n/a
122.395	0.034	saccade	n/a	287.8	183.7	n/a	403.0	185.8	4.01	195.0
122.431	0.274	fixation	n/a	403.6	185.8	3446.0	n/a	n/a	n/a	n/a
122.707	0.02	saccade	n/a	406.1	186.6	n/a	445.7	186.5	1.39	92.0
122.729	0.14	fixation	n/a	444.9	188.3	3398.0	n/a	n/a	n/a	n/a
122.871	0.024	saccade	n/a	446.8	186.2	n/a	505.3	185.4	2.05	116.0
122.897	0.628	fixation	n/a	508.4	181.0	3146.0	n/a	n/a	n/a	n/a
123.29	0.0	trigger_13	13	n/a	n/a	n/a	n/a	n/a	n/a	n/a
123.352	0.0	trigger_12	12	n/a	n/a	n/a	n/a	n/a	n/a	n/a
123.527	0.05	saccade	n/a	510.3	179.9	n/a	257.1	182.8	8.81	295.0
123.579	0.024	fixation	n/a	258.2	184.6	3075.0	n/a	n/a	n/a	n/a
123.605	0.034	saccade	n/a	257.4	186.0	n/a	160.8	183.9	3.3	219.0
123.641	0.326	fixation	n/a	148.0	184.2	3134.0	n/a	n/a	n/a	n/a
123.969	0.028	saccade	n/a	140.6	185.8	n/a	222.6	183.4	2.8	162.0
123.999	0.126	fixation	n/a	220.5	180.8	3226.0	n/a	n/a	n/a	n/a
124.127	0.04	saccade	n/a	221.7	178.5	n/a	363.6	178.5	4.9	221.0
124.169	0.246	fixation	n/a	362.3	175.5	3295.0	n/a	n/a	n/a	n/a
124.417	0.028	saccade	n/a	365.9	178.6	n/a	440.3	181.4	2.6	142.0
124.447	0.092	fixation	n/a	437.6	179.5	3285.0	n/a	n/a	n/a	n/a
124.541	0.026	saccade	n/a	441.6	177.5	n/a	512.8	172.9	2.49	150.0
124.569	0.138	fixation	n/a	511.5	171.6	3278.0	n/a	n/a	n/a	n/a
124.709	0.024	saccade	n/a	513.1	173.1	n/a	567.9	169.1	1.92	116.0
124.735	0.08	fixation	n/a	568.1	171.4	3275.0	n/a	n/a	n/a	n/a
124.817	0.026	saccade	n/a	569.8	174.3	n/a	620.1	174.5	1.75	121.0
124.845	0.158	fixation	n/a	618.3	178.6	3205.0	n/a	n/a	n/a	n/a
125.005	0.07	saccade	n/a	618.4	177.8	n/a	143.7	244.3	16.48	379.0
125.077	0.292	fixation	n/a	143.8	244.1	3315.0	n/a	n/a	n/a	n/a
125.371	0.06	saccade	n/a	149.6	247.3	n/a	353.6	243.7	7.0	182.0
125.433	0.142	fixation	n/a	354.5	247.2	3301.0	n/a	n/a	n/a	n/a
125.577	0.028	saccade	n/a	351.8	247.1	n/a	288.8	247.0	2.19	144.0
125.607	0.154	fixation	n/a	292.3	249.6	3327.0	n/a	n/a	n/a	n/a
125.763	0.024	saccade	n/a	289.9	249.3	n/a	251.7	249.4	1.32	107.0
125.789	0.136	fixation	n/a	256.9	252.9	3235.0	n/a	n/a	n/a	n/a
125.927	0.036	saccade	n/a	258.9	254.0	n/a	380.8	252.5	4.25	232.0
125.965	0.146	fixation	n/a	382.5	249.4	3217.0	n/a	n/a	n/a	n/a
126.113	0.038	saccade	n/a	382.2	247.1	n/a	505.4	242.3	4.32	224.0
126.153	0.164	fixation	n/a	508.5	243.4	3240.0	n/a	n/a	n/a	n/a
126.319	0.03	saccade	n/a	512.0	244.5	n/a	574.0	240.2	2.17	138.0
126.351	0.138	fixation	n/a	572.7	237.3	3205.0	n/a	n/a	n/a	n/a
126.491	0.064	saccade	n/a	574.2	240.2	n/a	155.5	290.8	14.47	361.0
126.557	0.378	fixation	n/a	160.8	296.3	3151.0	n/a	n/a	n/a	n/a
126.937	0.166	saccade	n/a	168.6	291.1	n/a	367.8	548.8	11.15	1260.0
126.979	0.078	blink	n/a	n/a	n/a	n/a	n/a	n/a	n/a	n/a
127.105	0.166	fixation	n/a	371.8	532.2	2962.0	n/a	n/a	n/a	n/a
127.273	0.036	saccade	n/a	373.4	529.9	n/a	505.3	524.7	4.53	219.0
127.311	0.166	fixation	n/a	508.7	526.2	2967.0	n/a	n/a	n/a	n/a
127.479	0.018	saccade	n/a	511.3	524.6	n/a	484.2	524.9	0.93	70.0
127.499	0.244	fixation	n/a	485.6	520.5	2731.0	n/a	n/a	n/a	n/a
127.745	0.056	saccade	n/a	487.8	516.9	n/a	462.6	193.1	11.36	323.0
127.803	0.108	fixation	n/a	462.0	196.4	2645.0	n/a	n/a	n/a	n/a
127.913	0.022	saccade	n/a	460.1	197.4	n/a	426.9	177.8	1.36	100.0
127.937	0.142	fixation	n/a	427.9	176.9	2719.0	n/a	n/a	n/a	n/a
128.081	0.026	saccade	n/a	426.3	173.5	n/a	359.7	176.6	2.33	144.0
128.109	0.062	fixation	n/a	357.8	178.9	2804.0	n/a	n/a	n/a	n/a
128.173	0.038	saccade	n/a	357.2	179.5	n/a	195.9	178.6	5.56	248.0
128.213	0.18	fixation	n/a	194.2	180.8	2936.0	n/a	n/a	n/a	n/a
128.395	0.022	saccade	n/a	189.8	178.1	n/a	149.8	176.5	1.36	101.0
128.419	0.076	fixation	n/a	154.7	179.5	3030.0	n/a	n/a	n/a	n/a
128.497	0.036	saccade	n/a	157.3	179.9	n/a	275.8	181.3	4.06	211.0
128.535	0.156	fixation	n/a	273.5	178.2	3121.0	n/a	n/a	n/a	n/a
128.693	0.034	saccade	n/a	276.6	179.0	n/a	393.1	180.9	4.05	205.0
128.729	0.14	fixation	n/a	391.1	177.9	3176.0	n/a	n/a	n/a	n/a
128.871	0.038	saccade	n/a	391.2	180.8	n/a	523.9	173.3	4.65	211.0
128.911	0.168	fixation	n/a	522.8	176.3	3257.0	n/a	n/a	n/a	n/a
129.081	0.016	saccade	n/a	520.1	178.6	n/a	501.0	178.2	0.67	52.0
129.099	0.144	fixation	n/a	504.7	178.2	3248.0	n/a	n/a	n/a	n/a
129.245	0.03	saccade	n/a	507.1	177.8	n/a	584.2	177.4	2.69	158.0
129.277	0.168	fixation	n/a	582.8	179.1	3145.0	n/a	n/a	n/a	n/a
129.447	0.062	saccade	n/a	582.4	177.1	n/a	190.5	229.7	13.64	362.0
129.511	0.118	fixation	n/a	191.5	233.5	3300.0	n/a	n/a	n/a	n/a
129.631	0.024	saccade	n/a	192.7	237.0	n/a	150.3	245.6	1.47	113.0
129.657	0.196	fixation	n/a	156.0	245.0	3299.0	n/a	n/a	n/a	n/a
129.855	0.022	saccade	n/a	153.6	244.1	n/a	116.0	249.1	1.28	90.0
129.879	0.14	fixation	n/a	123.7	249.6	3364.0	n/a	n/a	n/a	n/a
130.021	0.028	saccade	n/a	125.3	250.2	n/a	201.7	248.5	2.59	166.0
130.051	0.366	fixation	n/a	197.1	248.1	3321.0	n/a	n/a	n/a	n/a
130.419	0.018	saccade	n/a	194.6	245.6	n/a	168.4	245.5	0.89	62.0
130.439	0.134	fixation	n/a	170.9	246.1	3245.0	n/a	n/a	n/a	n/a
130.575	0.036	saccade	n/a	170.2	244.6	n/a	281.7	250.3	3.83	209.0
130.613	0.298	fixation	n/a	278.1	246.8	3335.0	n/a	n/a	n/a	n/a
130.913	0.026	saccade	n/a	282.2	249.4	n/a	352.9	247.9	2.46	145.0
130.941	0.232	fixation	n/a	352.9	247.8	3307.0	n/a	n/a	n/a	n/a
131.175	0.152	saccade	n/a	357.9	250.2	n/a	447.4	260.2	3.15	895.0
131.207	0.064	blink	n/a	n/a	n/a	n/a	n/a	n/a	n/a	n/a
131.329	0.246	fixation	n/a	445.6	242.0	2983.0	n/a	n/a	n/a	n/a
131.577	0.028	saccade	n/a	441.7	243.3	n/a	526.1	246.1	2.95	151.0
131.607	0.21	fixation	n/a	527.0	243.5	2902.0	n/a	n/a	n/a	n/a
131.819	0.024	saccade	n/a	531.8	244.0	n/a	582.4	248.5	1.77	112.0
131.845	0.126	fixation	n/a	578.0	246.9	2877.0	n/a	n/a	n/a	n/a
131.973	0.07	saccade	n/a	577.4	246.3	n/a	156.6	293.1	14.58	326.0
132.045	0.136	fixation	n/a	155.7	293.1	3009.0	n/a	n/a	n/a	n/a
132.183	0.014	saccade	n/a	152.4	295.3	n/a	137.8	307.0	0.64	54.0
132.199	0.078	fixation	n/a	140.2	306.1	3057.0	n/a	n/a	n/a	n/a
132.279	0.034	saccade	n/a	140.4	306.8	n/a	222.2	192.1	4.89	234.0
132.315	0.192	fixation	n/a	231.7	187.5	3077.0	n/a	n/a	n/a	n/a
132.509	0.024	saccade	n/a	234.8	188.9	n/a	306.9	189.5	2.49	151.0
132.535	0.222	fixation	n/a	326.2	187.1	3179.0	n/a	n/a	n/a	n/a
132.759	0.034	saccade	n/a	324.7	186.7	n/a	220.7	185.6	3.59	216.0
132.795	0.15	fixation	n/a	223.0	188.4	3267.0	n/a	n/a	n/a	n/a
132.947	0.044	saccade	n/a	221.2	184.9	n/a	409.7	186.5	6.52	280.0
132.993	0.208	fixation	n/a	409.0	182.4	3351.0	n/a	n/a	n/a	n/a
133.203	0.036	saccade	n/a	408.6	182.5	n/a	525.5	175.1	4.1	217.0
133.241	0.226	fixation	n/a	526.5	172.7	3366.0	n/a	n/a	n/a	n/a
133.469	0.024	saccade	n/a	529.1	172.4	n/a	575.8	177.4	1.64	107.0
133.495	0.414	fixation	n/a	570.5	174.8	3331.0	n/a	n/a	n/a	n/a
133.911	0.03	saccade	n/a	566.1	170.6	n/a	473.7	182.6	3.26	172.0
133.943	0.322	fixation	n/a	474.3	177.2	3409.0	n/a	n/a	n/a	n/a
134.034	0.0	trigger_13	13	n/a	n/a	n/a	n/a	n/a	n/a	n/a
134.1	0.0	trigger_10	10	n/a	n/a	n/a	n/a	n/a	n/a	n/a
134.267	0.048	saccade	n/a	474.0	180.2	n/a	234.8	186.2	8.31	304.0
134.317	0.056	fixation	n/a	235.0	187.4	3447.0	n/a	n/a	n/a	n/a
134.375	0.042	saccade	n/a	234.4	188.3	n/a	166.2	193.8	2.34	207.0
134.419	0.21	fixation	n/a	161.0	193.3	3455.0	n/a	n/a	n/a	n/a
134.631	0.02	saccade	n/a	163.3	190.2	n/a	200.9	187.6	1.28	86.0
134.653	0.212	fixation	n/a	200.1	186.2	3448.0	n/a	n/a	n/a	n/a
134.867	0.028	saccade	n/a	204.3	186.0	n/a	279.7	185.2	2.6	150.0
134.897	0.05	fixation	n/a	275.4	185.8	3439.0	n/a	n/a	n/a	n/a
134.949	0.038	saccade	n/a	274.7	185.4	n/a	127.0	179.1	5.04	254.0
134.989	0.788	fixation	n/a	126.2	181.0	3468.0	n/a	n/a	n/a	n/a
135.779	0.03	saccade	n/a	124.0	182.3	n/a	210.0	189.8	2.93	170.0
135.811	0.31	fixation	n/a	203.3	192.0	3613.0	n/a	n/a	n/a	n/a
136.123	0.034	saccade	n/a	199.2	188.2	n/a	291.7	186.2	3.18	186.0
136.159	0.206	fixation	n/a	290.7	185.1	3605.0	n/a	n/a	n/a	n/a
136.367	0.034	saccade	n/a	293.8	187.7	n/a	396.9	189.0	3.59	190.0
136.403	0.296	fixation	n/a	390.7	190.5	3370.0	n/a	n/a	n/a	n/a
136.701	0.032	saccade	n/a	384.7	189.3	n/a	479.7	185.3	3.32	180.0
136.735	0.16	fixation	n/a	479.7	185.2	3297.0	n/a	n/a	n/a	n/a
136.897	0.03	saccade	n/a	482.0	183.7	n/a	571.6	177.4	3.14	168.0
136.929	0.132	fixation	n/a	569.1	177.2	3309.0	n/a	n/a	n/a	n/a
137.063	0.064	saccade	n/a	569.0	178.7	n/a	130.7	242.2	15.2	375.0
137.129	0.302	fixation	n/a	132.7	245.2	3389.0	n/a	n/a	n/a	n/a
137.433	0.032	saccade	n/a	133.3	247.7	n/a	227.4	250.5	3.2	172.0
137.467	0.22	fixation	n/a	225.5	251.0	3398.0	n/a	n/a	n/a	n/a
137.689	0.026	saccade	n/a	228.1	253.2	n/a	279.1	254.5	1.77	115.0
137.717	0.1	fixation	n/a	274.8	251.6	3361.0	n/a	n/a	n/a	n/a
137.819	0.034	saccade	n/a	274.5	250.1	n/a	169.6	244.6	3.6	225.0
137.855	0.158	fixation	n/a	168.3	245.6	3324.0	n/a	n/a	n/a	n/a
138.015	0.024	saccade	n/a	172.2	245.8	n/a	221.8	249.4	1.7	102.0
138.041	0.08	fixation	n/a	217.6	249.3	3334.0	n/a	n/a	n/a	n/a
138.123	0.032	saccade	n/a	217.6	247.8	n/a	305.0	250.0	3.01	188.0
138.157	0.248	fixation	n/a	305.7	249.6	3336.0	n/a	n/a	n/a	n/a
138.407	0.032	saccade	n/a	306.7	250.6	n/a	400.9	246.6	3.29	180.0
138.441	0.234	fixation	n/a	401.3	245.4	3303.0	n/a	n/a	n/a	n/a
138.677	0.036	saccade	n/a	405.4	246.4	n/a	519.9	242.6	4.01	151.0
138.715	0.406	fixation	n/a	541.4	238.9	3105.0	n/a	n/a	n/a	n/a
139.123	0.064	saccade	n/a	557.2	240.0	n/a	165.3	306.2	13.67	348.0
139.189	0.122	fixation	n/a	168.1	309.4	2944.0	n/a	n/a	n/a	n/a
139.313	0.02	saccade	n/a	168.9	312.2	n/a	133.3	310.0	1.21	92.0
139.335	0.168	fixation	n/a	138.0	308.8	2846.0	n/a	n/a	n/a	n/a
139.505	0.026	saccade	n/a	140.9	309.9	n/a	213.9	308.9	2.48	133.0
139.533	0.152	fixation	n/a	241.3	307.4	2750.0	n/a	n/a	n/a	n/a
139.687	0.024	saccade	n/a	244.6	306.9	n/a	306.3	306.9	2.13	127.0
139.713	0.2	fixation	n/a	308.5	303.7	2571.0	n/a	n/a	n/a	n/a
139.915	0.154	saccade	n/a	316.0	304.8	n/a	402.0	309.5	3.0	1734.0
139.945	0.086	blink	n/a	n/a	n/a	n/a	n/a	n/a	n/a	n/a
140.071	0.184	fixation	n/a	402.8	298.1	2391.0	n/a	n/a	n/a	n/a
140.257	0.028	saccade	n/a	404.9	298.2	n/a	478.9	298.7	2.59	140.0
140.287	0.23	fixation	n/a	476.7	295.1	2399.0	n/a	n/a	n/a	n/a
140.519	0.03	saccade	n/a	479.2	291.9	n/a	569.6	292.5	3.16	149.0
140.551	0.2	fixation	n/a	569.1	288.9	2266.0	n/a	n/a	n/a	n/a
140.753	0.026	saccade	n/a	571.0	287.8	n/a	640.4	288.6	2.41	124.0
140.781	0.23	fixation	n/a	646.1	285.0	2158.0	n/a	n/a	n/a	n/a
141.013	0.07	saccade	n/a	647.0	286.1	n/a	158.9	347.5	16.82	387.0
141.085	0.228	fixation	n/a	161.1	345.4	2151.0	n/a	n/a	n/a	n/a
141.315	0.04	saccade	n/a	157.6	343.0	n/a	183.1	175.3	5.9	242.0
141.357	0.148	fixation	n/a	185.8	177.3	2210.0	n/a	n/a	n/a	n/a
141.507	0.022	saccade	n/a	190.9	181.5	n/a	230.9	176.0	1.39	82.0
141.531	0.194	fixation	n/a	236.2	170.6	2324.0	n/a	n/a	n/a	n/a
141.724	0.0	trigger_11	11	n/a	n/a	n/a	n/a	n/a	n/a	n/a
141.727	0.026	saccade	n/a	235.9	168.4	n/a	304.2	165.2	2.36	133.0
141.755	0.218	fixation	n/a	304.5	169.9	2510.0	n/a	n/a	n/a	n/a
141.788	0.0	trigger_10	10	n/a	n/a	n/a	n/a	n/a	n/a	n/a
141.975	0.036	saccade	n/a	303.3	174.0	n/a	166.6	172.4	4.69	236.0
142.013	0.162	fixation	n/a	167.9	173.8	2641.0	n/a	n/a	n/a	n/a
142.177	0.026	saccade	n/a	168.6	178.0	n/a	118.1	174.6	1.71	118.0
142.205	0.216	fixation	n/a	123.4	174.9	2722.0	n/a	n/a	n/a	n/a
142.423	0.028	saccade	n/a	125.1	179.1	n/a	205.1	182.5	2.72	163.0
142.453	0.206	fixation	n/a	205.0	180.1	2790.0	n/a	n/a	n/a	n/a
142.661	0.018	saccade	n/a	210.3	177.8	n/a	245.1	179.9	1.2	89.0
142.681	0.286	fixation	n/a	241.1	179.2	2752.0	n/a	n/a	n/a	n/a
142.969	0.046	saccade	n/a	243.7	179.0	n/a	429.8	181.5	6.47	239.0
143.017	0.138	fixation	n/a	429.4	180.2	2797.0	n/a	n/a	n/a	n/a
143.157	0.032	saccade	n/a	426.4	178.2	n/a	344.2	177.3	2.87	190.0
143.191	0.234	fixation	n/a	345.2	184.4	2924.0	n/a	n/a	n/a	n/a
143.427	0.026	saccade	n/a	346.6	186.4	n/a	406.0	187.0	2.07	120.0
143.455	0.278	fixation	n/a	401.7	188.0	3023.0	n/a	n/a	n/a	n/a
143.735	0.042	saccade	n/a	404.4	189.4	n/a	546.6	182.5	5.0	202.0
143.779	0.408	fixation	n/a	540.9	174.3	3150.0	n/a	n/a	n/a	n/a
144.189	0.03	saccade	n/a	533.3	176.2	n/a	446.3	181.9	3.05	189.0
144.221	0.284	fixation	n/a	447.7	182.3	3181.0	n/a	n/a	n/a	n/a
144.507	0.028	saccade	n/a	445.4	186.2	n/a	392.1	189.9	1.87	128.0
144.537	0.116	fixation	n/a	396.2	190.8	3177.0	n/a	n/a	n/a	n/a
144.655	0.032	saccade	n/a	396.7	191.9	n/a	321.4	188.9	2.64	211.0
144.689	0.23	fixation	n/a	318.2	191.2	3121.0	n/a	n/a	n/a	n/a
144.921	0.03	saccade	n/a	315.5	190.4	n/a	392.3	191.5	2.68	164.0
144.953	0.27	fixation	n/a	390.3	192.4	3147.0	n/a	n/a	n/a	n/a
145.225	0.024	saccade	n/a	393.5	191.8	n/a	445.1	188.6	1.81	117.0
145.251	0.39	fixation	n/a	440.4	185.0	3054.0	n/a	n/a	n/a	n/a
145.643	0.014	saccade	n/a	444.5	180.1	n/a	461.4	180.9	0.59	50.0
145.659	0.248	fixation	n/a	460.6	179.8	3001.0	n/a	n/a	n/a	n/a
145.909	0.018	saccade	n/a	457.2	181.8	n/a	428.9	182.0	0.99	70.0
145.929	0.204	fixation	n/a	430.8	181.9	3024.0	n/a	n/a	n/a	n/a
146.135	0.014	saccade	n/a	435.7	184.0	n/a	451.8	183.1	0.57	47.0
146.151	0.218	fixation	n/a	448.4	184.2	3111.0	n/a	n/a	n/a	n/a
146.371	0.034	saccade	n/a	447.7	187.8	n/a	538.9	181.5	3.21	172.0
146.407	0.31	fixation	n/a	534.8	177.9	3184.0	n/a	n/a	n/a	n/a
146.719	0.016	saccade	n/a	539.4	177.6	n/a	560.6	174.9	0.75	54.0
146.737	0.352	fixation	n/a	560.2	175.3	3132.0	n/a	n/a	n/a	n/a
147.091	0.026	saccade	n/a	563.0	178.2	n/a	616.7	179.4	1.87	121.0
147.119	0.314	fixation	n/a	610.7	175.0	3103.0	n/a	n/a	n/a	n/a
147.435	0.188	saccade	n/a	611.3	177.6	n/a	148.5	269.0	16.17	1632.0
147.493	0.064	blink	n/a	n/a	n/a	n/a	n/a	n/a	n/a	n/a
147.625	0.19	fixation	n/a	150.0	255.3	3049.0	n/a	n/a	n/a	n/a
147.817	0.018	saccade	n/a	151.3	248.0	n/a	116.1	240.4	1.21	85.0
147.837	0.14	fixation	n/a	125.4	243.0	3084.0	n/a	n/a	n/a	n/a
147.979	0.036	saccade	n/a	125.6	244.4	n/a	249.6	247.6	4.22	225.0
148.017	0.242	fixation	n/a	251.4	246.2	2800.0	n/a	n/a	n/a	n/a
148.261	0.028	saccade	n/a	256.4	248.1	n/a	329.7	245.0	2.55	148.0
148.291	0.214	fixation	n/a	330.4	245.3	2686.0	n/a	n/a	n/a	n/a
148.507	0.026	saccade	n/a	332.8	246.8	n/a	396.5	244.9	2.23	114.0
148.535	0.29	fixation	n/a	402.1	241.0	2615.0	n/a	n/a	n/a	n/a
148.827	0.022	saccade	n/a	404.9	235.9	n/a	449.8	236.7	1.57	99.0
148.851	0.438	fixation	n/a	451.5	235.2	2494.0	n/a	n/a	n/a	n/a
149.291	0.03	saccade	n/a	452.7	237.8	n/a	546.9	234.6	3.3	151.0
149.323	0.182	fixation	n/a	551.5	232.7	2484.0	n/a	n/a	n/a	n/a
149.507	0.018	saccade	n/a	547.6	233.7	n/a	520.1	232.5	0.96	72.0
149.527	0.134	fixation	n/a	524.0	233.6	2509.0	n/a	n/a	n/a	n/a
149.663	0.026	saccade	n/a	526.5	233.3	n/a	594.3	234.1	2.37	126.0
149.691	0.244	fixation	n/a	595.4	230.5	2521.0	n/a	n/a	n/a	n/a
149.937	0.068	saccade	n/a	597.8	229.1	n/a	159.5	286.1	15.17	351.0
150.007	0.124	fixation	n/a	159.9	288.6	2553.0	n/a	n/a	n/a	n/a
150.133	0.016	saccade	n/a	157.3	290.9	n/a	132.4	298.4	0.88	68.0
150.151	0.292	fixation	n/a	138.1	299.8	2635.0	n/a	n/a	n/a	n/a
150.445	0.03	saccade	n/a	142.8	301.4	n/a	236.1	302.7	3.17	182.0
150.477	0.242	fixation	n/a	236.5	301.7	2788.0	n/a	n/a	n/a	n/a
150.721	0.024	saccade	n/a	240.4	302.3	n/a	305.7	301.7	2.25	131.0
150.747	0.254	fixation	n/a	306.9	301.7	2862.0	n/a	n/a	n/a	n/a
151.003	0.03	saccade	n/a	308.8	299.7	n/a	384.3	299.7	2.62	152.0
151.035	0.25	fixation	n/a	381.0	298.1	2913.0	n/a	n/a	n/a	n/a
151.287	0.03	saccade	n/a	382.6	295.6	n/a	459.4	296.3	2.68	148.0
151.319	0.162	fixation	n/a	456.2	296.7	2964.0	n/a	n/a	n/a	n/a
151.483	0.028	saccade	n/a	458.5	298.5	n/a	531.6	296.9	2.55	147.0
151.513	0.188	fixation	n/a	529.3	295.7	2938.0	n/a	n/a	n/a	n/a
151.703	0.02	saccade	n/a	527.9	294.5	n/a	488.4	296.0	1.38	100.0
151.725	0.116	fixation	n/a	491.9	295.0	2933.0	n/a	n/a	n/a	n/a
151.843	0.03	saccade	n/a	493.4	294.2	n/a	561.5	291.9	2.37	150.0
151.875	0.238	fixation	n/a	556.8	292.1	2976.0	n/a	n/a	n/a	n/a
152.115	0.068	saccade	n/a	558.1	293.5	n/a	129.5	354.2	14.81	358.0
152.185	0.372	fixation	n/a	135.0	358.2	3043.0	n/a	n/a	n/a	n/a
152.559	0.016	saccade	n/a	135.0	359.8	n/a	114.5	365.1	0.71	55.0
152.577	0.226	fixation	n/a	114.8	362.2	2936.0	n/a	n/a	n/a	n/a
152.805	0.038	saccade	n/a	118.4	362.3	n/a	175.7	219.1	5.34	216.0
152.845	0.172	fixation	n/a	181.3	212.2	2831.0	n/a	n/a	n/a	n/a
153.019	0.02	saccade	n/a	182.5	206.0	n/a	197.4	173.1	1.26	82.0
153.041	0.138	fixation	n/a	201.1	174.9	2814.0	n/a	n/a	n/a	n/a
153.181	0.026	saccade	n/a	199.8	180.8	n/a	140.9	180.1	2.0	135.0
153.209	0.402	fixation	n/a	143.6	178.8	2884.0	n/a	n/a	n/a	n/a
153.268	0.0	trigger_11	11	n/a	n/a	n/a	n/a	n/a	n/a	n/a
153.328	0.0	trigger_10	10	n/a	n/a	n/a	n/a	n/a	n/a	n/a
153.613	0.036	saccade	n/a	141.5	177.5	n/a	255.2	185.6	3.89	200.0
153.651	0.61	fixation	n/a	249.4	182.3	3152.0	n/a	n/a	n/a	n/a
154.263	0.018	saccade	n/a	249.1	178.1	n/a	279.5	182.0	1.06	78.0
154.283	0.242	fixation	n/a	275.5	185.2	3354.0	n/a	n/a	n/a	n/a
154.527	0.032	saccade	n/a	280.4	187.4	n/a	375.5	182.9	3.31	185.0
154.561	0.214	fixation	n/a	370.9	180.3	3426.0	n/a	n/a	n/a	n/a
154.777	0.02	saccade	n/a	369.4	181.4	n/a	332.6	183.4	1.28	92.0
154.799	0.296	fixation	n/a	339.5	183.1	3494.0	n/a	n/a	n/a	n/a
155.097	0.022	saccade	n/a	343.3	184.5	n/a	392.9	185.7	1.73	109.0
155.121	0.442	fixation	n/a	388.8	184.7	3488.0	n/a	n/a	n/a	n/a
155.565	0.032	saccade	n/a	389.9	187.1	n/a	480.3	182.5	3.17	174.0
155.599	0.952	fixation	n/a	475.9	184.5	3513.0	n/a	n/a	n/a	n/a
156.553	0.028	saccade	n/a	477.3	188.6	n/a	552.2	184.1	2.63	154.0
156.583	0.468	fixation	n/a	545.6	180.8	3614.0	n/a	n/a	n/a	n/a
157.053	0.024	saccade	n/a	552.6	184.8	n/a	613.8	184.0	2.13	126.0
157.079	0.246	fixation	n/a	613.0	179.8	3298.0	n/a	n/a	n/a	n/a
157.327	0.072	saccade	n/a	613.4	175.2	n/a	162.6	234.2	15.58	348.0
157.401	0.13	fixation	n/a	167.0	237.3	3457.0	n/a	n/a	n/a	n/a
157.533	0.024	saccade	n/a	164.5	238.2	n/a	122.7	246.7	1.44	110.0
157.559	0.138	fixation	n/a	130.9	248.2	3490.0	n/a	n/a	n/a	n/a
157.699	0.032	saccade	n/a	130.9	246.6	n/a	225.2	251.1	3.21	192.0
157.733	0.39	fixation	n/a	227.3	249.4	3434.0	n/a	n/a	n/a	n/a
158.125	0.028	saccade	n/a	226.2	245.2	n/a	165.6	241.9	2.06	140.0
158.155	0.178	fixation	n/a	168.1	244.4	3267.0	n/a	n/a	n/a	n/a
158.335	0.03	saccade	n/a	169.7	246.0	n/a	251.6	243.5	2.8	171.0
158.367	0.15	fixation	n/a	245.8	243.9	3305.0	n/a	n/a	n/a	n/a
158.519	0.014	saccade	n/a	239.1	243.0	n/a	222.0	243.3	0.58	52.0
158.535	0.35	fixation	n/a	226.7	245.8	3449.0	n/a	n/a	n/a	n/a
158.887	0.026	saccade	n/a	229.8	242.7	n/a	308.3	242.4	2.71	146.0
158.915	0.298	fixation	n/a	309.7	244.9	3468.0	n/a	n/a	n/a	n/a
159.215	0.022	saccade	n/a	310.3	240.9	n/a	354.3	238.5	1.53	100.0
159.239	0.518	fixation	n/a	345.3	241.5	3502.0	n/a	n/a	n/a	n/a
159.759	0.018	saccade	n/a	347.2	245.2	n/a	375.1	244.3	0.97	70.0
159.779	0.372	fixation	n/a	375.3	247.4	3317.0	n/a	n/a	n/a	n/a
160.153	0.03	saccade	n/a	377.6	247.1	n/a	454.3	244.4	2.68	150.0
160.185	0.32	fixation	n/a	453.4	244.9	3153.0	n/a	n/a	n/a	n/a
160.507	0.028	saccade	n/a	456.4	243.2	n/a	529.7	245.0	2.56	144.0
160.537	0.232	fixation	n/a	529.3	241.6	3012.0	n/a	n/a	n/a	n/a
160.771	0.024	saccade	n/a	532.6	241.8	n/a	594.2	241.2	2.15	116.0
160.797	0.222	fixation	n/a	595.9	242.4	2862.0	n/a	n/a	n/a	n/a
161.021	0.02	saccade	n/a	599.5	240.7	n/a	640.3	240.3	1.41	91.0
161.043	0.086	fixation	n/a	639.6	242.0	2861.0	n/a	n/a	n/a	n/a
161.131	0.066	saccade	n/a	639.5	244.6	n/a	215.4	289.0	14.68	360.0
161.199	0.104	fixation	n/a	214.0	291.2	2939.0	n/a	n/a	n/a	n/a
161.305	0.03	saccade	n/a	213.9	292.6	n/a	149.0	300.8	2.22	157.0
161.337	0.078	fixation	n/a	151.4	300.6	2905.0	n/a	n/a	n/a	n/a
161.417	0.018	saccade	n/a	149.1	300.2	n/a	120.1	302.8	0.98	78.0
161.437	0.128	fixation	n/a	127.2	303.1	2879.0	n/a	n/a	n/a	n/a
161.567	0.042	saccade	n/a	129.0	303.9	n/a	287.9	305.4	5.42	227.0
161.611	0.158	fixation	n/a	288.7	303.6	2908.0	n/a	n/a	n/a	n/a
161.771	0.038	saccade	n/a	287.7	302.4	n/a	260.1	223.0	2.96	116.0
161.811	0.13	fixation	n/a	260.8	201.9	2810.0	n/a	n/a	n/a	n/a
161.943	0.026	saccade	n/a	260.9	198.1	n/a	213.1	170.7	1.91	127.0
161.971	0.058	fixation	n/a	215.4	170.0	2749.0	n/a	n/a	n/a	n/a
162.031	0.03	saccade	n/a	212.5	169.6	n/a	131.8	171.9	2.75	174.0
162.063	0.258	fixation	n/a	133.8	174.5	2730.0	n/a	n/a	n/a	n/a
162.323	0.034	saccade	n/a	136.6	176.1	n/a	256.1	179.6	4.09	206.0
162.359	0.252	fixation	n/a	256.6	176.2	2784.0	n/a	n/a	n/a	n/a
162.613	0.04	saccade	n/a	257.5	175.4	n/a	411.9	181.3	5.37	237.0
162.655	0.238	fixation	n/a	415.1	179.3	2787.0	n/a	n/a	n/a	n/a
162.895	0.02	saccade	n/a	413.2	181.0	n/a	376.1	180.6	1.3	93.0
162.917	0.034	fixation	n/a	378.9	180.3	2781.0	n/a	n/a	n/a	n/a
162.953	0.05	saccade	n/a	379.6	177.4	n/a	622.6	157.2	8.48	287.0
163.005	0.132	fixation	n/a	625.1	161.4	2737.0	n/a	n/a	n/a	n/a
163.139	0.024	saccade	n/a	624.5	163.1	n/a	572.4	164.8	1.81	117.0
163.165	0.062	fixation	n/a	571.8	163.7	2775.0	n/a	n/a	n/a	n/a
163.229	0.054	saccade	n/a	572.1	166.0	n/a	276.8	236.6	10.57	331.0
163.285	0.114	fixation	n/a	277.8	237.6	2833.0	n/a	n/a	n/a	n/a
163.401	0.026	saccade	n/a	277.6	238.2	n/a	224.0	238.7	1.85	137.0
163.429	0.148	fixation	n/a	223.5	237.8	2855.0	n/a	n/a	n/a	n/a
163.579	0.028	saccade	n/a	220.4	239.8	n/a	164.4	241.2	1.91	139.0
163.609	0.186	fixation	n/a	164.7	238.8	2903.0	n/a	n/a	n/a	n/a
163.797	0.038	saccade	n/a	165.5	236.6	n/a	302.9	238.5	4.7	204.0
163.837	0.056	fixation	n/a	301.5	238.8	2971.0	n/a	n/a	n/a	n/a
163.895	0.028	saccade	n/a	301.8	239.8	n/a	356.5	241.5	1.9	136.0
163.925	0.212	fixation	n/a	354.9	244.9	3036.0	n/a	n/a	n/a	n/a
164.139	0.032	saccade	n/a	356.7	242.9	n/a	457.7	240.3	3.53	183.0
164.173	0.17	fixation	n/a	457.9	241.2	3044.0	n/a	n/a	n/a	n/a
164.345	0.03	saccade	n/a	461.3	246.4	n/a	541.5	244.0	2.82	162.0
164.377	0.17	fixation	n/a	539.5	240.7	3000.0	n/a	n/a	n/a	n/a
164.549	0.024	saccade	n/a	542.2	237.4	n/a	599.8	235.5	2.0	125.0
164.575	0.388	fixation	n/a	600.4	236.6	3002.0	n/a	n/a	n/a	n/a
164.965	0.014	saccade	n/a	606.2	234.4	n/a	623.6	234.5	0.6	50.0
164.981	0.152	fixation	n/a	621.8	236.0	2988.0	n/a	n/a	n/a	n/a
165.135	0.02	saccade	n/a	621.9	235.9	n/a	656.2	235.7	1.19	84.0
165.157	0.102	fixation	n/a	650.2	236.3	3003.0	n/a	n/a	n/a	n/a
165.261	0.07	saccade	n/a	650.7	239.1	n/a	170.4	295.7	16.57	379.0
165.333	0.12	fixation	n/a	171.4	297.7	3134.0	n/a	n/a	n/a	n/a
165.455	0.026	saccade	n/a	168.9	296.8	n/a	133.5	306.6	1.24	105.0
165.483	0.134	fixation	n/a	133.4	304.5	3128.0	n/a	n/a	n/a	n/a
165.619	0.028	saccade	n/a	134.7	305.7	n/a	217.0	304.5	2.79	170.0
165.649	0.184	fixation	n/a	216.1	304.2	3114.0	n/a	n/a	n/a	n/a
165.835	0.024	saccade	n/a	219.8	305.3	n/a	231.0	251.9	1.92	122.0
165.861	0.158	fixation	n/a	234.8	253.0	3055.0	n/a	n/a	n/a	n/a
166.021	0.046	saccade	n/a	236.4	252.2	n/a	454.4	244.1	7.59	295.0
166.069	0.16	fixation	n/a	457.4	241.0	3134.0	n/a	n/a	n/a	n/a
166.231	0.028	saccade	n/a	459.4	240.3	n/a	524.5	239.4	2.28	148.0
166.261	0.222	fixation	n/a	522.8	236.7	3198.0	n/a	n/a	n/a	n/a
166.485	0.026	saccade	n/a	526.9	236.1	n/a	605.3	231.9	2.74	145.0
166.513	0.49	fixation	n/a	604.9	231.5	3092.0	n/a	n/a	n/a	n/a
167.005	0.022	saccade	n/a	599.7	238.2	n/a	547.9	235.3	1.81	124.0
167.029	0.126	fixation	n/a	550.3	237.0	3119.0	n/a	n/a	n/a	n/a
167.157	0.022	saccade	n/a	552.5	240.5	n/a	604.7	239.1	1.83	110.0
167.181	0.166	fixation	n/a	601.4	235.3	3125.0	n/a	n/a	n/a	n/a
167.349	0.066	saccade	n/a	599.3	233.7	n/a	181.2	293.3	14.52	344.0
167.417	0.106	fixation	n/a	183.7	295.9	3240.0	n/a	n/a	n/a	n/a
167.525	0.026	saccade	n/a	183.4	300.4	n/a	141.5	300.4	1.42	127.0
167.553	0.156	fixation	n/a	141.3	299.8	3191.0	n/a	n/a	n/a	n/a
167.711	0.04	saccade	n/a	144.5	299.7	n/a	262.5	303.3	4.03	166.0
167.753	0.208	fixation	n/a	260.2	300.9	3143.0	n/a	n/a	n/a	n/a
167.963	0.024	saccade	n/a	258.8	297.1	n/a	259.9	237.6	2.09	128.0
167.989	0.162	fixation	n/a	263.2	236.5	3096.0	n/a	n/a	n/a	n/a
168.153	0.026	saccade	n/a	259.9	236.2	n/a	195.7	241.4	2.21	144.0
168.181	0.176	fixation	n/a	197.9	241.3	3068.0	n/a	n/a	n/a	n/a
168.359	0.02	saccade	n/a	197.0	243.7	n/a	163.4	243.9	1.14	81.0
168.381	0.186	fixation	n/a	167.3	243.7	3090.0	n/a	n/a	n/a	n/a
168.569	0.034	saccade	n/a	168.8	243.8	n/a	267.4	310.9	4.12	222.0
168.605	0.3	fixation	n/a	262.0	308.8	3172.0	n/a	n/a	n/a	n/a
168.907	0.024	saccade	n/a	254.7	307.7	n/a	208.2	304.7	1.6	113.0
168.933	0.09	fixation	n/a	212.2	304.0	3152.0	n/a	n/a	n/a	n/a
169.025	0.042	saccade	n/a	212.6	306.3	n/a	380.1	242.8	6.2	277.0
169.069	0.236	fixation	n/a	383.7	239.4	3044.0	n/a	n/a	n/a	n/a
169.307	0.024	saccade	n/a	385.9	243.1	n/a	443.8	240.6	2.03	124.0
169.333	0.158	fixation	n/a	442.5	240.0	3072.0	n/a	n/a	n/a	n/a
169.493	0.088	saccade	n/a	442.5	240.1	n/a	213.7	187.5	8.13	598.0
169.583	0.136	fixation	n/a	211.5	184.0	2960.0	n/a	n/a	n/a	n/a
169.721	0.028	saccade	n/a	209.8	190.0	n/a	139.5	179.2	2.42	152.0
169.751	0.332	fixation	n/a	140.9	179.2	2974.0	n/a	n/a	n/a	n/a
170.085	0.036	saccade	n/a	141.7	174.7	n/a	263.4	185.3	4.16	191.0
170.123	0.416	fixation	n/a	255.7	183.7	2982.0	n/a	n/a	n/a	n/a
170.541	0.036	saccade	n/a	246.1	184.9	n/a	141.6	248.9	4.21	234.0
170.579	0.154	fixation	n/a	141.8	248.5	3067.0	n/a	n/a	n/a	n/a
170.735	0.014	saccade	n/a	140.7	249.9	n/a	123.7	243.6	0.61	50.0
170.751	0.076	fixation	n/a	124.6	240.5	3120.0	n/a	n/a	n/a	n/a
170.829	0.05	saccade	n/a	126.3	242.1	n/a	385.3	197.2	9.04	324.0
170.881	0.348	fixation	n/a	382.9	190.2	3195.0	n/a	n/a	n/a	n/a
171.231	0.046	saccade	n/a	378.7	182.4	n/a	589.0	166.7	7.36	276.0
171.279	0.258	fixation	n/a	592.8	167.2	3156.0	n/a	n/a	n/a	n/a
171.539	0.03	saccade	n/a	592.4	168.2	n/a	522.1	173.9	2.46	156.0
171.571	0.098	fixation	n/a	523.4	175.2	3147.0	n/a	n/a	n/a	n/a
171.671	0.056	saccade	n/a	523.1	176.4	n/a	213.1	260.6	11.13	330.0
171.729	0.122	fixation	n/a	212.7	261.7	3190.0	n/a	n/a	n/a	n/a
171.853	0.022	saccade	n/a	215.5	263.3	n/a	254.0	257.1	1.35	87.0
171.877	0.224	fixation	n/a	254.6	256.5	3182.0	n/a	n/a	n/a	n/a
172.103	0.016	saccade	n/a	251.2	255.5	n/a	229.9	252.3	0.74	60.0
172.121	0.072	fixation	n/a	234.4	253.4	3187.0	n/a	n/a	n/a	n/a
172.195	0.028	saccade	n/a	230.5	253.0	n/a	171.7	247.7	2.02	157.0
172.225	0.182	fixation	n/a	175.1	247.7	3125.0	n/a	n/a	n/a	n/a
172.409	0.042	saccade	n/a	176.5	248.0	n/a	339.3	247.1	5.6	267.0
172.453	0.22	fixation	n/a	342.0	244.4	3159.0	n/a	n/a	n/a	n/a
172.675	0.018	saccade	n/a	338.9	242.7	n/a	308.6	243.8	1.05	80.0
172.695	0.15	fixation	n/a	314.4	245.2	3204.0	n/a	n/a	n/a	n/a
172.847	0.04	saccade	n/a	316.8	247.9	n/a	461.2	242.0	5.05	248.0
172.889	0.17	fixation	n/a	463.9	241.1	3173.0	n/a	n/a	n/a	n/a
173.061	0.016	saccade	n/a	461.5	242.0	n/a	435.7	242.8	0.91	73.0
173.079	0.07	fixation	n/a	440.4	243.2	3188.0	n/a	n/a	n/a	n/a
173.151	0.032	saccade	n/a	440.3	241.8	n/a	527.2	240.7	3.04	172.0
173.185	0.172	fixation	n/a	527.6	239.7	3170.0	n/a	n/a	n/a	n/a
173.359	0.028	saccade	n/a	529.0	237.8	n/a	597.4	237.2	2.39	141.0
173.389	0.388	fixation	n/a	594.2	232.8	3157.0	n/a	n/a	n/a	n/a
173.779	0.02	saccade	n/a	599.8	241.8	n/a	633.8	245.1	1.19	74.0
173.801	0.11	fixation	n/a	634.4	241.2	3115.0	n/a	n/a	n/a	n/a
173.913	0.066	saccade	n/a	633.7	241.6	n/a	181.6	293.4	15.67	358.0
173.981	0.118	fixation	n/a	181.6	296.1	3208.0	n/a	n/a	n/a	n/a
174.101	0.02	saccade	n/a	178.6	297.8	n/a	142.1	303.9	1.26	92.0
174.123	0.186	fixation	n/a	145.7	301.0	3236.0	n/a	n/a	n/a	n/a
174.311	0.022	saccade	n/a	152.9	305.1	n/a	202.5	302.5	1.69	106.0
174.335	0.16	fixation	n/a	204.3	302.0	3200.0	n/a	n/a	n/a	n/a
174.497	0.03	saccade	n/a	207.3	302.2	n/a	294.9	305.7	3.01	182.0
174.529	0.2	fixation	n/a	294.4	304.8	3238.0	n/a	n/a	n/a	n/a
174.731	0.026	saccade	n/a	293.9	302.2	n/a	246.7	302.2	1.62	114.0
174.759	0.25	fixation	n/a	251.1	305.2	3173.0	n/a	n/a	n/a	n/a
175.011	0.056	saccade	n/a	252.8	303.8	n/a	486.4	506.0	10.67	305.0
175.069	0.182	fixation	n/a	488.7	507.9	3228.0	n/a	n/a	n/a	n/a
175.253	0.014	saccade	n/a	484.9	512.3	n/a	468.5	519.0	0.61	52.0
175.269	0.272	fixation	n/a	478.2	520.8	3075.0	n/a	n/a	n/a	n/a
175.543	0.048	saccade	n/a	481.6	518.3	n/a	392.2	285.9	8.69	299.0
175.593	0.118	fixation	n/a	394.6	284.6	2829.0	n/a	n/a	n/a	n/a
175.713	0.02	saccade	n/a	393.6	281.8	n/a	384.7	243.5	1.39	96.0
175.735	0.116	fixation	n/a	385.4	242.3	2794.0	n/a	n/a	n/a	n/a
175.853	0.034	saccade	n/a	384.3	242.3	n/a	273.0	241.1	3.87	202.0
175.889	0.168	fixation	n/a	270.5	242.1	2806.0	n/a	n/a	n/a	n/a
176.059	0.044	saccade	n/a	269.8	242.1	n/a	459.1	241.1	6.6	269.0
176.105	0.16	fixation	n/a	460.0	240.3	2929.0	n/a	n/a	n/a	n/a
176.267	0.03	saccade	n/a	459.1	238.6	n/a	530.4	237.8	2.5	152.0
176.299	0.402	fixation	n/a	526.4	236.9	3064.0	n/a	n/a	n/a	n/a
176.703	0.028	saccade	n/a	527.9	236.3	n/a	601.0	233.1	2.55	143.0
176.733	0.588	fixation	n/a	598.1	234.4	3019.0	n/a	n/a	n/a	n/a
177.323	0.024	saccade	n/a	591.9	236.1	n/a	542.6	236.5	1.72	105.0
177.349	0.138	fixation	n/a	542.9	237.5	3056.0	n/a	n/a	n/a	n/a
177.489	0.104	saccade	n/a	545.7	241.5	n/a	214.3	272.6	11.54	2218.0
177.533	0.008	blink	n/a	n/a	n/a	n/a	n/a	n/a	n/a	n/a
177.595	0.134	fixation	n/a	214.1	260.7	3067.0	n/a	n/a	n/a	n/a
177.731	0.03	saccade	n/a	212.5	258.4	n/a	141.8	247.6	2.43	159.0
177.763	0.174	fixation	n/a	142.3	246.6	3118.0	n/a	n/a	n/a	n/a
177.939	0.07	saccade	n/a	143.6	244.5	n/a	546.9	520.8	16.73	410.0
178.011	0.252	fixation	n/a	546.8	518.5	3087.0	n/a	n/a	n/a	n/a
178.265	0.018	saccade	n/a	550.6	516.0	n/a	581.6	507.1	1.11	79.0
178.285	0.234	fixation	n/a	584.1	508.9	2855.0	n/a	n/a	n/a	n/a
178.521	0.014	saccade	n/a	587.5	509.8	n/a	604.7	507.6	0.59	50.0
178.537	0.244	fixation	n/a	604.7	506.0	2695.0	n/a	n/a	n/a	n/a
178.783	0.076	saccade	n/a	608.6	504.6	n/a	334.1	296.5	11.92	217.0
178.861	0.286	fixation	n/a	328.0	292.3	2798.0	n/a	n/a	n/a	n/a
179.149	0.028	saccade	n/a	326.2	292.9	n/a	396.2	256.3	2.77	135.0
179.179	0.18	fixation	n/a	397.8	248.6	2956.0	n/a	n/a	n/a	n/a
179.361	0.034	saccade	n/a	393.4	245.5	n/a	272.6	234.1	4.21	227.0
179.397	0.058	fixation	n/a	272.0	235.4	3123.0	n/a	n/a	n/a	n/a
179.457	0.026	saccade	n/a	267.8	237.2	n/a	224.4	239.3	1.49	130.0
179.485	0.328	fixation	n/a	226.9	242.7	3223.0	n/a	n/a	n/a	n/a
179.815	0.036	saccade	n/a	226.8	242.6	n/a	350.2	231.7	4.29	225.0
179.853	0.2	fixation	n/a	349.8	234.3	3320.0	n/a	n/a	n/a	n/a
180.055	0.038	saccade	n/a	352.0	237.8	n/a	480.2	241.0	4.49	222.0
180.095	0.142	fixation	n/a	478.6	241.7	3318.0	n/a	n/a	n/a	n/a
180.239	0.026	saccade	n/a	481.0	239.5	n/a	534.9	236.6	1.89	117.0
180.267	0.19	fixation	n/a	531.0	236.8	3308.0	n/a	n/a	n/a	n/a
180.459	0.03	saccade	n/a	533.0	235.6	n/a	606.1	236.1	2.55	144.0
180.491	0.59	fixation	n/a	601.5	233.1	3358.0	n/a	n/a	n/a	n/a
181.083	0.072	saccade	n/a	602.9	231.5	n/a	188.7	289.0	14.38	321.0
181.157	0.148	fixation	n/a	193.9	294.4	3553.0	n/a	n/a	n/a	n/a
181.307	0.02	saccade	n/a	191.5	296.3	n/a	161.9	305.4	1.06	85.0
181.329	0.26	fixation	n/a	170.4	301.8	3555.0	n/a	n/a	n/a	n/a
181.398	0.0	trigger_11	11	n/a	n/a	n/a	n/a	n/a	n/a	n/a
181.458	0.0	trigger_10	10	n/a	n/a	n/a	n/a	n/a	n/a	n/a
181.591	0.034	saccade	n/a	170.6	298.1	n/a	187.4	192.8	3.72	203.0
181.627	0.104	fixation	n/a	190.0	196.6	3456.0	n/a	n/a	n/a	n/a
181.733	0.026	saccade	n/a	189.8	197.0	n/a	140.9	182.5	1.74	122.0
181.761	0.212	fixation	n/a	145.6	180.2	3391.0	n/a	n/a	n/a	n/a
181.975	0.032	saccade	n/a	145.9	178.7	n/a	238.9	183.7	3.17	158.0
182.009	0.28	fixation	n/a	237.5	185.6	3465.0	n/a	n/a	n/a	n/a
182.291	0.02	saccade	n/a	243.1	185.1	n/a	274.5	184.3	1.08	71.0
182.313	0.092	fixation	n/a	273.9	186.8	3344.0	n/a	n/a	n/a	n/a
182.407	0.032	saccade	n/a	272.7	188.7	n/a	178.4	187.2	3.24	208.0
182.441	0.312	fixation	n/a	179.2	185.5	3201.0	n/a	n/a	n/a	n/a
182.755	0.022	saccade	n/a	175.1	185.5	n/a	138.4	181.0	1.25	92.0
182.779	0.152	fixation	n/a	141.5	181.5	3218.0	n/a	n/a	n/a	n/a
182.933	0.028	saccade	n/a	142.2	181.7	n/a	215.7	184.0	2.5	145.0
182.963	0.242	fixation	n/a	214.1	184.4	3198.0	n/a	n/a	n/a	n/a
183.207	0.018	saccade	n/a	213.4	187.4	n/a	187.9	190.7	0.88	69.0
183.227	0.104	fixation	n/a	190.2	187.6	3342.0	n/a	n/a	n/a	n/a
183.333	0.032	saccade	n/a	188.7	183.2	n/a	272.7	179.9	2.88	176.0
183.367	0.178	fixation	n/a	270.8	180.5	3386.0	n/a	n/a	n/a	n/a
183.547	0.026	saccade	n/a	274.8	181.9	n/a	323.0	179.9	1.67	118.0
183.575	0.172	fixation	n/a	320.2	182.2	3352.0	n/a	n/a	n/a	n/a
183.749	0.112	saccade	n/a	328.9	189.9	n/a	338.3	201.6	0.53	2307.0
183.787	0.028	blink	n/a	n/a	n/a	n/a	n/a	n/a	n/a	n/a
183.863	0.144	fixation	n/a	337.4	182.6	3271.0	n/a	n/a	n/a	n/a
184.009	0.03	saccade	n/a	339.8	181.2	n/a	421.5	192.7	2.89	164.0
184.041	0.242	fixation	n/a	417.8	193.5	3283.0	n/a	n/a	n/a	n/a
184.285	0.028	saccade	n/a	419.2	192.8	n/a	497.7	190.3	2.75	137.0
184.315	0.42	fixation	n/a	497.2	186.3	3102.0	n/a	n/a	n/a	n/a
184.737	0.028	saccade	n/a	493.2	184.8	n/a	564.3	177.8	2.49	138.0
184.767	0.222	fixation	n/a	562.7	178.3	2972.0	n/a	n/a	n/a	n/a
184.991	0.064	saccade	n/a	560.4	176.9	n/a	168.7	229.0	13.61	327.0
185.057	0.116	fixation	n/a	169.8	232.1	3171.0	n/a	n/a	n/a	n/a
185.175	0.026	saccade	n/a	170.7	235.8	n/a	133.6	247.5	1.32	116.0
185.203	0.22	fixation	n/a	139.0	249.5	3239.0	n/a	n/a	n/a	n/a
185.425	0.028	saccade	n/a	140.6	248.7	n/a	218.7	250.2	2.66	158.0
185.455	0.226	fixation	n/a	215.1	249.9	3296.0	n/a	n/a	n/a	n/a
185.683	0.032	saccade	n/a	215.6	248.4	n/a	307.3	246.8	3.16	196.0
185.717	0.378	fixation	n/a	303.8	246.2	3282.0	n/a	n/a	n/a	n/a
186.097	0.024	saccade	n/a	301.0	245.0	n/a	351.0	245.3	1.74	117.0
186.123	0.63	fixation	n/a	349.7	245.9	3165.0	n/a	n/a	n/a	n/a
186.51	0.0	trigger_11	11	n/a	n/a	n/a	n/a	n/a	n/a	n/a
186.57	0.0	trigger_10	10	n/a	n/a	n/a	n/a	n/a	n/a	n/a
186.755	0.028	saccade	n/a	348.8	249.3	n/a	318.5	178.3	2.73	147.0
186.785	0.07	fixation	n/a	319.2	180.0	3215.0	n/a	n/a	n/a	n/a
186.857	0.04	saccade	n/a	318.3	181.1	n/a	154.9	177.3	5.62	273.0
186.899	0.118	fixation	n/a	154.6	179.3	3291.0	n/a	n/a	n/a	n/a
187.019	0.024	saccade	n/a	152.3	181.2	n/a	119.2	187.5	1.14	103.0
187.045	0.138	fixation	n/a	124.0	187.0	3336.0	n/a	n/a	n/a	n/a
187.185	0.05	saccade	n/a	125.7	184.5	n/a	248.2	186.2	4.17	147.0
187.237	0.192	fixation	n/a	248.0	184.7	3474.0	n/a	n/a	n/a	n/a
187.431	0.032	saccade	n/a	251.7	184.8	n/a	338.5	184.0	3.01	190.0
187.465	0.184	fixation	n/a	338.9	184.8	3449.0	n/a	n/a	n/a	n/a
187.651	0.02	saccade	n/a	341.5	184.3	n/a	377.8	181.6	1.27	89.0
187.673	0.148	fixation	n/a	375.5	185.2	3412.0	n/a	n/a	n/a	n/a
187.823	0.032	saccade	n/a	378.2	188.6	n/a	472.3	186.3	3.3	177.0
187.857	0.21	fixation	n/a	471.3	183.6	3325.0	n/a	n/a	n/a	n/a
188.069	0.034	saccade	n/a	476.3	185.1	n/a	587.0	182.0	3.87	176.0
188.105	0.256	fixation	n/a	585.3	181.2	3184.0	n/a	n/a	n/a	n/a
188.363	0.064	saccade	n/a	584.7	178.7	n/a	172.7	246.8	14.38	356.0
188.429	0.108	fixation	n/a	171.9	247.6	3193.0	n/a	n/a	n/a	n/a
188.539	0.024	saccade	n/a	168.2	245.1	n/a	125.4	248.2	1.45	126.0
188.565	0.118	fixation	n/a	131.8	249.6	3193.0	n/a	n/a	n/a	n/a
188.685	0.024	saccade	n/a	134.0	248.6	n/a	196.3	249.5	2.11	130.0
188.711	0.224	fixation	n/a	197.6	248.6	3183.0	n/a	n/a	n/a	n/a
188.937	0.032	saccade	n/a	197.7	241.1	n/a	289.9	246.4	3.17	168.0
188.971	0.842	fixation	n/a	299.6	245.1	2907.0	n/a	n/a	n/a	n/a
189.815	0.024	saccade	n/a	309.4	235.3	n/a	322.7	181.5	1.96	114.0
189.841	0.26	fixation	n/a	325.7	175.1	2530.0	n/a	n/a	n/a	n/a
189.87	0.0	trigger_11	11	n/a	n/a	n/a	n/a	n/a	n/a	n/a
189.93	0.0	trigger_10	10	n/a	n/a	n/a	n/a	n/a	n/a	n/a
190.103	0.038	saccade	n/a	326.0	172.9	n/a	182.7	168.2	4.94	214.0
190.143	0.118	fixation	n/a	181.4	167.7	2484.0	n/a	n/a	n/a	n/a
190.263	0.022	saccade	n/a	177.8	164.5	n/a	134.4	169.4	1.48	106.0
190.287	0.292	fixation	n/a	139.7	172.4	2540.0	n/a	n/a	n/a	n/a
190.581	0.026	saccade	n/a	141.0	173.5	n/a	206.8	173.7	2.24	127.0
190.609	0.166	fixation	n/a	205.7	172.8	2669.0	n/a	n/a	n/a	n/a
190.777	0.022	saccade	n/a	206.7	171.8	n/a	254.4	175.4	1.64	106.0
190.801	0.506	fixation	n/a	244.5	175.4	2766.0	n/a	n/a	n/a	n/a
191.309	0.03	saccade	n/a	243.0	181.8	n/a	329.8	182.7	3.01	162.0
191.341	0.08	fixation	n/a	326.7	181.7	2880.0	n/a	n/a	n/a	n/a
191.423	0.032	saccade	n/a	325.0	183.7	n/a	224.7	182.0	3.47	197.0
191.457	0.404	fixation	n/a	221.3	185.1	2959.0	n/a	n/a	n/a	n/a
191.863	0.016	saccade	n/a	218.6	186.5	n/a	244.2	187.5	0.88	68.0
191.881	0.124	fixation	n/a	240.5	188.6	3006.0	n/a	n/a	n/a	n/a
192.007	0.032	saccade	n/a	240.9	185.6	n/a	325.0	185.3	2.91	171.0
192.041	0.322	fixation	n/a	319.1	185.4	3145.0	n/a	n/a	n/a	n/a
192.365	0.032	saccade	n/a	319.6	191.2	n/a	416.4	189.9	3.38	196.0
192.399	0.158	fixation	n/a	414.7	191.4	3221.0	n/a	n/a	n/a	n/a
192.559	0.134	saccade	n/a	419.2	198.7	n/a	379.3	244.2	2.14	2000.0
192.591	0.054	blink	n/a	n/a	n/a	n/a	n/a	n/a	n/a	n/a
192.695	0.078	fixation	n/a	379.4	233.0	3153.0	n/a	n/a	n/a	n/a
192.775	0.034	saccade	n/a	380.7	233.2	n/a	290.0	240.9	3.17	199.0
192.811	0.16	fixation	n/a	291.5	240.2	3131.0	n/a	n/a	n/a	n/a
192.973	0.02	saccade	n/a	292.9	236.8	n/a	330.2	244.3	1.32	90.0
192.995	0.144	fixation	n/a	327.2	245.0	3112.0	n/a	n/a	n/a	n/a
193.141	0.026	saccade	n/a	330.3	243.5	n/a	405.5	241.3	2.62	138.0
193.169	0.218	fixation	n/a	407.5	242.0	3079.0	n/a	n/a	n/a	n/a
193.389	0.03	saccade	n/a	409.3	238.7	n/a	498.0	239.2	3.1	160.0
193.421	0.248	fixation	n/a	498.3	238.5	2991.0	n/a	n/a	n/a	n/a
193.671	0.03	saccade	n/a	504.3	241.4	n/a	585.1	238.7	2.83	142.0
193.703	0.218	fixation	n/a	584.0	236.2	2850.0	n/a	n/a	n/a	n/a
193.923	0.026	saccade	n/a	589.5	232.9	n/a	664.2	232.0	2.59	139.0
193.951	0.404	fixation	n/a	662.8	226.6	2689.0	n/a	n/a	n/a	n/a
194.357	0.026	saccade	n/a	660.2	228.3	n/a	710.1	225.7	1.72	110.0
194.385	0.148	fixation	n/a	704.7	224.3	2661.0	n/a	n/a	n/a	n/a
194.535	0.074	saccade	n/a	703.7	224.1	n/a	171.8	290.5	18.27	379.0
194.611	0.104	fixation	n/a	173.6	296.4	2743.0	n/a	n/a	n/a	n/a
194.717	0.024	saccade	n/a	171.3	297.8	n/a	127.5	293.7	1.49	118.0
194.743	0.154	fixation	n/a	129.7	294.4	2677.0	n/a	n/a	n/a	n/a
194.899	0.026	saccade	n/a	133.0	292.5	n/a	208.2	293.6	2.55	139.0
194.927	0.17	fixation	n/a	218.8	297.4	2579.0	n/a	n/a	n/a	n/a
195.099	0.024	saccade	n/a	222.0	298.7	n/a	285.3	301.7	2.18	127.0
195.125	0.278	fixation	n/a	286.7	302.3	2525.0	n/a	n/a	n/a	n/a
195.405	0.024	saccade	n/a	291.6	303.5	n/a	343.7	302.2	1.82	98.0
195.431	0.334	fixation	n/a	352.7	298.3	2475.0	n/a	n/a	n/a	n/a
195.767	0.026	saccade	n/a	355.4	295.5	n/a	435.3	295.7	2.79	142.0
195.795	0.222	fixation	n/a	439.3	298.0	2584.0	n/a	n/a	n/a	n/a
196.019	0.026	saccade	n/a	440.1	297.4	n/a	501.6	299.1	2.15	111.0
196.047	0.1	fixation	n/a	506.0	296.9	2631.0	n/a	n/a	n/a	n/a
196.149	0.024	saccade	n/a	508.7	295.6	n/a	569.3	295.3	2.12	128.0
196.175	0.188	fixation	n/a	567.4	292.0	2645.0	n/a	n/a	n/a	n/a
196.365	0.064	saccade	n/a	568.5	292.2	n/a	176.7	355.5	13.65	347.0
196.431	0.19	fixation	n/a	174.4	354.9	2755.0	n/a	n/a	n/a	n/a
196.623	0.02	saccade	n/a	169.8	354.3	n/a	133.1	358.5	1.24	97.0
196.645	0.14	fixation	n/a	138.9	359.5	2755.0	n/a	n/a	n/a	n/a
196.787	0.044	saccade	n/a	141.0	357.5	n/a	341.4	358.8	6.84	288.0
196.833	0.164	fixation	n/a	346.2	355.5	2802.0	n/a	n/a	n/a	n/a
196.999	0.026	saccade	n/a	343.9	354.8	n/a	288.4	358.0	1.92	117.0
197.027	0.252	fixation	n/a	291.4	358.6	2805.0	n/a	n/a	n/a	n/a
197.281	0.03	saccade	n/a	289.4	361.4	n/a	214.2	357.8	2.59	167.0
197.313	0.2	fixation	n/a	214.9	358.5	2732.0	n/a	n/a	n/a	n/a
197.515	0.026	saccade	n/a	216.9	359.2	n/a	296.4	360.2	2.74	150.0
197.543	0.222	fixation	n/a	299.5	359.0	2764.0	n/a	n/a	n/a	n/a
197.767	0.024	saccade	n/a	299.5	355.9	n/a	360.7	342.7	2.17	124.0
197.793	0.046	fixation	n/a	365.8	337.2	2839.0	n/a	n/a	n/a	n/a
197.841	0.044	saccade	n/a	366.3	336.5	n/a	297.3	175.5	6.16	259.0
197.887	0.216	fixation	n/a	297.9	173.0	2784.0	n/a	n/a	n/a	n/a
197.888	0.0	trigger_11	11	n/a	n/a	n/a	n/a	n/a	n/a	n/a
197.95	0.0	trigger_10	10	n/a	n/a	n/a	n/a	n/a	n/a	n/a
198.105	0.038	saccade	n/a	297.8	175.9	n/a	154.6	164.2	4.93	234.0
198.145	0.114	fixation	n/a	154.8	165.8	2813.0	n/a	n/a	n/a	n/a
198.261	0.022	saccade	n/a	152.1	167.2	n/a	118.2	174.3	1.17	103.0
198.285	0.178	fixation	n/a	121.5	172.7	2910.0	n/a	n/a	n/a	n/a
198.465	0.03	saccade	n/a	120.1	170.6	n/a	203.8	173.9	2.83	167.0
198.497	0.23	fixation	n/a	204.0	178.2	3009.0	n/a	n/a	n/a	n/a
198.729	0.02	saccade	n/a	206.8	179.4	n/a	246.7	178.5	1.37	91.0
198.751	0.148	fixation	n/a	247.4	179.6	3115.0	n/a	n/a	n/a	n/a
198.901	0.026	saccade	n/a	249.2	181.1	n/a	329.9	184.8	2.8	155.0
198.929	0.226	fixation	n/a	332.6	185.9	3193.0	n/a	n/a	n/a	n/a
199.157	0.028	saccade	n/a	335.2	186.2	n/a	406.6	187.1	2.5	147.0
199.187	0.54	fixation	n/a	405.6	184.2	3042.0	n/a	n/a	n/a	n/a
199.729	0.022	saccade	n/a	408.3	184.0	n/a	462.9	183.3	1.92	116.0
199.753	0.29	fixation	n/a	461.5	181.1	3055.0	n/a	n/a	n/a	n/a
200.045	0.02	saccade	n/a	463.3	177.5	n/a	497.0	179.8	1.18	77.0
200.067	0.396	fixation	n/a	494.0	178.9	3046.0	n/a	n/a	n/a	n/a
200.465	0.044	saccade	n/a	492.4	179.7	n/a	303.7	179.5	6.59	248.0
200.511	0.5	fixation	n/a	303.3	184.3	3215.0	n/a	n/a	n/a	n/a
200.8	0.0	trigger_11	11	n/a	n/a	n/a	n/a	n/a	n/a	n/a
200.856	0.0	trigger_12	12	n/a	n/a	n/a	n/a	n/a	n/a	n/a
201.013	0.036	saccade	n/a	300.2	180.7	n/a	180.5	170.9	4.13	216.0
201.051	0.07	fixation	n/a	181.3	171.9	3235.0	n/a	n/a	n/a	n/a
201.123	0.026	saccade	n/a	179.1	174.2	n/a	136.0	181.3	1.48	124.0
201.151	0.318	fixation	n/a	138.6	181.7	3269.0	n/a	n/a	n/a	n/a
201.471	0.034	saccade	n/a	138.8	185.9	n/a	253.0	185.4	3.9	208.0
201.507	0.174	fixation	n/a	251.4	187.3	3353.0	n/a	n/a	n/a	n/a
201.683	0.034	saccade	n/a	255.1	188.6	n/a	354.3	185.4	3.45	207.0
201.719	0.17	fixation	n/a	354.4	182.5	3361.0	n/a	n/a	n/a	n/a
201.891	0.014	saccade	n/a	352.5	182.2	n/a	333.5	182.5	0.66	56.0
201.907	0.218	fixation	n/a	337.8	181.9	3358.0	n/a	n/a	n/a	n/a
202.127	0.022	saccade	n/a	343.3	183.4	n/a	394.8	184.5	1.8	119.0
202.151	0.202	fixation	n/a	390.5	183.2	3303.0	n/a	n/a	n/a	n/a
202.355	0.028	saccade	n/a	391.9	183.8	n/a	462.5	181.5	2.47	144.0
202.385	0.184	fixation	n/a	458.1	183.4	3386.0	n/a	n/a	n/a	n/a
202.571	0.034	saccade	n/a	460.4	185.0	n/a	551.7	177.9	3.2	171.0
202.607	0.256	fixation	n/a	551.5	176.6	3243.0	n/a	n/a	n/a	n/a
202.865	0.064	saccade	n/a	552.7	175.7	n/a	159.1	232.6	13.65	348.0
202.931	0.314	fixation	n/a	166.0	240.8	3221.0	n/a	n/a	n/a	n/a
203.247	0.03	saccade	n/a	168.2	241.5	n/a	254.1	242.0	2.93	170.0
203.279	0.136	fixation	n/a	253.0	244.6	3317.0	n/a	n/a	n/a	n/a
203.417	0.018	saccade	n/a	248.3	243.8	n/a	220.9	247.0	0.95	70.0
203.437	0.2	fixation	n/a	225.3	249.0	3345.0	n/a	n/a	n/a	n/a
203.639	0.028	saccade	n/a	229.6	251.8	n/a	303.0	247.8	2.54	149.0
203.669	0.058	fixation	n/a	299.5	245.2	3284.0	n/a	n/a	n/a	n/a
203.729	0.032	saccade	n/a	302.0	245.9	n/a	375.1	250.2	2.55	184.0
203.763	0.13	fixation	n/a	374.4	247.8	3343.0	n/a	n/a	n/a	n/a
203.895	0.02	saccade	n/a	373.7	247.6	n/a	341.3	249.0	1.13	81.0
203.917	0.082	fixation	n/a	346.2	247.6	3380.0	n/a	n/a	n/a	n/a
204.001	0.03	saccade	n/a	345.3	245.0	n/a	280.7	244.9	2.24	177.0
204.033	0.288	fixation	n/a	282.7	247.2	3320.0	n/a	n/a	n/a	n/a
204.323	0.026	saccade	n/a	285.5	249.4	n/a	348.1	252.2	2.18	141.0
204.351	0.244	fixation	n/a	345.0	249.6	3283.0	n/a	n/a	n/a	n/a
204.597	0.14	saccade	n/a	348.3	252.8	n/a	422.1	248.4	2.58	2038.0
204.633	0.06	blink	n/a	n/a	n/a	n/a	n/a	n/a	n/a	n/a
204.739	0.228	fixation	n/a	421.8	243.4	3256.0	n/a	n/a	n/a	n/a
204.969	0.016	saccade	n/a	427.2	240.2	n/a	450.0	239.3	0.8	61.0
204.987	0.446	fixation	n/a	451.3	242.8	3062.0	n/a	n/a	n/a	n/a
205.435	0.03	saccade	n/a	454.1	244.9	n/a	540.4	240.8	3.02	153.0
205.467	0.248	fixation	n/a	543.0	240.8	2864.0	n/a	n/a	n/a	n/a
205.717	0.03	saccade	n/a	539.7	243.9	n/a	457.3	244.6	2.89	179.0
205.749	0.246	fixation	n/a	457.9	244.3	2971.0	n/a	n/a	n/a	n/a
205.997	0.032	saccade	n/a	457.2	239.9	n/a	549.0	235.9	3.21	180.0
206.031	1.118	fixation	n/a	548.2	238.0	3155.0	n/a	n/a	n/a	n/a
206.944	0.0	trigger_13	13	n/a	n/a	n/a	n/a	n/a	n/a	n/a
207.002	0.0	trigger_10	10	n/a	n/a	n/a	n/a	n/a	n/a	n/a
207.151	0.056	saccade	n/a	554.7	238.6	n/a	241.5	187.0	10.97	337.0
207.209	0.108	fixation	n/a	245.8	191.8	3404.0	n/a	n/a	n/a	n/a
207.319	0.034	saccade	n/a	247.1	194.0	n/a	140.2	183.8	3.67	236.0
207.355	0.16	fixation	n/a	145.2	186.5	3374.0	n/a	n/a	n/a	n/a
207.517	0.022	saccade	n/a	142.4	186.0	n/a	107.4	183.8	1.18	101.0
207.541	0.25	fixation	n/a	115.4	180.9	3306.0	n/a	n/a	n/a	n/a
207.793	0.024	saccade	n/a	120.7	183.5	n/a	168.1	183.8	1.6	118.0
207.819	0.55	fixation	n/a	170.7	185.9	3401.0	n/a	n/a	n/a	n/a
208.371	0.03	saccade	n/a	177.1	189.0	n/a	110.3	186.2	2.26	157.0
208.403	0.244	fixation	n/a	114.7	183.0	3397.0	n/a	n/a	n/a	n/a
208.649	0.026	saccade	n/a	116.0	183.7	n/a	172.3	182.4	1.9	133.0
208.677	0.69	fixation	n/a	179.9	183.3	3455.0	n/a	n/a	n/a	n/a
209.369	0.028	saccade	n/a	189.7	184.9	n/a	249.0	183.0	2.04	137.0
209.399	0.216	fixation	n/a	245.0	183.3	3568.0	n/a	n/a	n/a	n/a
209.617	0.016	saccade	n/a	248.9	183.0	n/a	268.7	181.3	0.69	54.0
209.635	0.306	fixation	n/a	265.3	183.6	3569.0	n/a	n/a	n/a	n/a
209.943	0.024	saccade	n/a	272.1	186.5	n/a	338.2	186.9	2.3	133.0
209.969	0.282	fixation	n/a	340.4	187.4	3349.0	n/a	n/a	n/a	n/a
210.253	0.028	saccade	n/a	343.4	185.7	n/a	432.6	185.3	3.11	164.0
210.283	0.174	fixation	n/a	437.5	186.6	3313.0	n/a	n/a	n/a	n/a
210.459	0.096	saccade	n/a	443.1	195.9	n/a	518.1	199.0	2.63	2171.0
210.489	0.026	blink	n/a	n/a	n/a	n/a	n/a	n/a	n/a	n/a
210.557	0.22	fixation	n/a	515.6	184.8	3180.0	n/a	n/a	n/a	n/a
210.779	0.03	saccade	n/a	514.5	182.8	n/a	435.9	185.7	2.75	182.0
210.811	0.228	fixation	n/a	440.3	185.4	3090.0	n/a	n/a	n/a	n/a
211.041	0.03	saccade	n/a	441.8	182.9	n/a	531.5	174.8	3.15	164.0
211.073	0.31	fixation	n/a	534.3	173.1	2831.0	n/a	n/a	n/a	n/a
211.385	0.024	saccade	n/a	537.9	171.5	n/a	589.3	172.4	1.79	113.0
211.411	0.508	fixation	n/a	586.3	170.3	2687.0	n/a	n/a	n/a	n/a
211.921	0.066	saccade	n/a	586.5	174.8	n/a	178.5	231.9	14.19	337.0
211.989	0.1	fixation	n/a	178.0	236.2	2780.0	n/a	n/a	n/a	n/a
212.091	0.024	saccade	n/a	174.2	239.3	n/a	137.4	240.3	1.25	104.0
212.117	0.152	fixation	n/a	139.7	240.4	2851.0	n/a	n/a	n/a	n/a
212.271	0.034	saccade	n/a	138.2	241.1	n/a	240.5	244.7	3.48	210.0
212.307	0.278	fixation	n/a	243.1	243.4	2870.0	n/a	n/a	n/a	n/a
212.587	0.03	saccade	n/a	245.9	243.0	n/a	333.4	241.6	3.03	170.0
212.619	0.184	fixation	n/a	334.4	239.9	2763.0	n/a	n/a	n/a	n/a
212.805	0.024	saccade	n/a	337.3	240.0	n/a	385.6	241.8	1.68	96.0
212.831	0.138	fixation	n/a	387.2	241.8	2692.0	n/a	n/a	n/a	n/a
212.971	0.024	saccade	n/a	388.1	240.9	n/a	443.8	242.5	1.94	109.0
212.997	0.206	fixation	n/a	444.8	240.3	2696.0	n/a	n/a	n/a	n/a
213.205	0.028	saccade	n/a	448.2	241.6	n/a	527.7	237.9	2.79	136.0
213.235	0.188	fixation	n/a	530.9	234.0	2594.0	n/a	n/a	n/a	n/a
213.425	0.014	saccade	n/a	526.1	231.7	n/a	505.2	231.8	0.73	60.0
213.441	0.082	fixation	n/a	507.0	230.9	2535.0	n/a	n/a	n/a	n/a
213.525	0.032	saccade	n/a	509.2	229.1	n/a	597.1	230.6	3.06	151.0
213.559	0.174	fixation	n/a	598.9	231.0	2426.0	n/a	n/a	n/a	n/a
213.735	0.07	saccade	n/a	599.5	232.8	n/a	148.8	283.5	15.54	356.0
213.807	0.102	fixation	n/a	153.3	287.4	2470.0	n/a	n/a	n/a	n/a
213.911	0.048	saccade	n/a	154.9	288.6	n/a	154.7	291.8	0.11	1814.0
213.961	0.21	fixation	n/a	136.7	292.5	2507.0	n/a	n/a	n/a	n/a
214.173	0.028	saccade	n/a	135.7	295.8	n/a	209.3	298.0	2.5	138.0
214.203	0.09	fixation	n/a	208.6	295.1	2580.0	n/a	n/a	n/a	n/a
214.295	0.028	saccade	n/a	211.6	294.6	n/a	293.8	294.7	2.82	164.0
214.325	0.188	fixation	n/a	296.2	298.2	2666.0	n/a	n/a	n/a	n/a
214.515	0.03	saccade	n/a	295.8	299.3	n/a	377.7	296.8	2.85	166.0
214.547	0.282	fixation	n/a	379.9	301.8	2781.0	n/a	n/a	n/a	n/a
214.831	0.168	saccade	n/a	385.5	305.0	n/a	408.7	537.5	8.13	719.0
214.867	0.092	blink	n/a	n/a	n/a	n/a	n/a	n/a	n/a	n/a
215.001	0.386	fixation	n/a	420.5	528.4	2764.0	n/a	n/a	n/a	n/a
215.389	0.022	saccade	n/a	427.4	531.8	n/a	476.0	524.4	1.69	104.0
215.413	0.232	fixation	n/a	483.0	516.3	2563.0	n/a	n/a	n/a	n/a
215.64	0.0	trigger_11	11	n/a	n/a	n/a	n/a	n/a	n/a	n/a
215.647	0.06	saccade	n/a	490.2	517.7	n/a	426.1	181.7	11.92	302.0
215.704	0.0	trigger_10	10	n/a	n/a	n/a	n/a	n/a	n/a	n/a
215.709	0.166	fixation	n/a	427.1	185.6	2456.0	n/a	n/a	n/a	n/a
215.877	0.046	saccade	n/a	427.7	188.1	n/a	218.9	170.8	7.25	250.0
215.925	0.068	fixation	n/a	220.1	172.3	2499.0	n/a	n/a	n/a	n/a
215.995	0.03	saccade	n/a	218.9	173.6	n/a	146.6	169.6	2.46	162.0
216.027	0.242	fixation	n/a	149.6	171.4	2627.0	n/a	n/a	n/a	n/a
216.271	0.02	saccade	n/a	154.2	170.5	n/a	193.4	172.3	1.33	95.0
216.293	0.23	fixation	n/a	192.0	175.5	2753.0	n/a	n/a	n/a	n/a
216.525	0.028	saccade	n/a	190.2	177.0	n/a	124.2	175.4	2.23	142.0
216.555	0.182	fixation	n/a	127.6	177.8	2817.0	n/a	n/a	n/a	n/a
216.739	0.04	saccade	n/a	127.9	179.7	n/a	281.7	182.8	5.25	239.0
216.781	0.266	fixation	n/a	280.9	181.3	2985.0	n/a	n/a	n/a	n/a
217.049	0.054	saccade	n/a	280.3	181.1	n/a	512.2	174.8	8.07	251.0
217.105	0.196	fixation	n/a	513.6	175.1	3049.0	n/a	n/a	n/a	n/a
217.303	0.026	saccade	n/a	515.4	173.1	n/a	595.2	169.0	2.78	148.0
217.331	0.212	fixation	n/a	596.8	168.9	3019.0	n/a	n/a	n/a	n/a
217.545	0.042	saccade	n/a	596.6	165.7	n/a	437.2	178.4	5.58	280.0
217.589	0.13	fixation	n/a	436.3	181.5	3066.0	n/a	n/a	n/a	n/a
217.721	0.028	saccade	n/a	435.4	177.8	n/a	375.6	179.6	2.09	158.0
217.751	0.224	fixation	n/a	377.8	181.8	3113.0	n/a	n/a	n/a	n/a
217.977	0.024	saccade	n/a	380.4	185.7	n/a	435.3	183.0	1.92	118.0
218.003	0.296	fixation	n/a	434.4	185.6	3106.0	n/a	n/a	n/a	n/a
218.301	0.026	saccade	n/a	437.8	186.0	n/a	491.2	183.3	1.88	124.0
218.329	0.388	fixation	n/a	490.1	175.6	2958.0	n/a	n/a	n/a	n/a
218.719	0.032	saccade	n/a	492.3	173.0	n/a	587.9	167.9	3.34	164.0
218.753	0.33	fixation	n/a	584.1	169.7	2976.0	n/a	n/a	n/a	n/a
219.085	0.022	saccade	n/a	585.7	169.1	n/a	629.4	169.9	1.52	90.0
219.109	0.194	fixation	n/a	626.5	168.4	3016.0	n/a	n/a	n/a	n/a
219.305	0.018	saccade	n/a	627.7	168.5	n/a	656.5	170.6	1.0	72.0
219.325	0.168	fixation	n/a	650.7	168.8	3026.0	n/a	n/a	n/a	n/a
219.495	0.072	saccade	n/a	650.9	169.0	n/a	157.6	227.6	17.02	365.0
219.569	0.108	fixation	n/a	157.4	229.9	3051.0	n/a	n/a	n/a	n/a
219.679	0.024	saccade	n/a	154.9	229.2	n/a	119.4	236.7	1.22	101.0
219.705	0.608	fixation	n/a	116.5	237.9	2913.0	n/a	n/a	n/a	n/a
220.315	0.02	saccade	n/a	113.2	235.5	n/a	146.7	234.1	1.13	77.0
220.337	0.052	fixation	n/a	147.0	236.4	2802.0	n/a	n/a	n/a	n/a
220.391	0.03	saccade	n/a	147.3	234.5	n/a	218.0	239.3	2.41	164.0
220.423	0.35	fixation	n/a	219.1	236.1	2702.0	n/a	n/a	n/a	n/a
220.775	0.024	saccade	n/a	223.9	241.5	n/a	280.3	241.1	1.94	112.0
220.801	0.054	fixation	n/a	279.1	239.0	2745.0	n/a	n/a	n/a	n/a
220.857	0.188	saccade	n/a	286.4	240.9	n/a	362.5	258.6	2.72	698.0
220.889	0.114	blink	n/a	n/a	n/a	n/a	n/a	n/a	n/a	n/a
221.047	0.334	fixation	n/a	364.2	244.7	2640.0	n/a	n/a	n/a	n/a
221.383	0.024	saccade	n/a	368.5	240.3	n/a	432.1	239.8	2.22	129.0
221.409	0.214	fixation	n/a	435.2	239.2	2595.0	n/a	n/a	n/a	n/a
221.625	0.026	saccade	n/a	439.8	237.1	n/a	511.8	235.6	2.52	132.0
221.653	0.602	fixation	n/a	509.7	235.9	2468.0	n/a	n/a	n/a	n/a
222.257	0.032	saccade	n/a	506.1	235.3	n/a	600.7	239.0	3.31	156.0
222.291	0.17	fixation	n/a	600.9	233.5	2370.0	n/a	n/a	n/a	n/a
222.463	0.016	saccade	n/a	599.6	234.2	n/a	580.7	236.1	0.66	51.0
222.481	0.216	fixation	n/a	581.3	236.6	2365.0	n/a	n/a	n/a	n/a
222.699	0.022	saccade	n/a	583.7	236.2	n/a	625.9	236.5	1.47	91.0
222.723	0.23	fixation	n/a	624.2	231.9	2352.0	n/a	n/a	n/a	n/a
222.955	0.128	saccade	n/a	623.5	231.2	n/a	155.7	291.9	16.16	2161.0
223.049	0.008	blink	n/a	n/a	n/a	n/a	n/a	n/a	n/a	n/a
223.085	0.056	fixation	n/a	155.8	293.1	2687.0	n/a	n/a	n/a	n/a
223.143	0.072	saccade	n/a	155.4	293.3	n/a	124.2	294.2	1.05	822.0
223.217	0.062	fixation	n/a	127.2	294.4	2630.0	n/a	n/a	n/a	n/a
223.281	0.152	saccade	n/a	126.6	295.4	n/a	233.0	300.8	3.61	1692.0
223.435	0.24	fixation	n/a	234.9	299.5	2659.0	n/a	n/a	n/a	n/a
223.677	0.022	saccade	n/a	239.3	297.5	n/a	266.1	249.6	1.92	118.0
223.701	0.268	fixation	n/a	269.3	244.4	2604.0	n/a	n/a	n/a	n/a
223.971	0.03	saccade	n/a	267.3	243.8	n/a	186.5	234.1	2.79	148.0
224.003	0.142	fixation	n/a	187.9	235.7	2717.0	n/a	n/a	n/a	n/a
224.147	0.026	saccade	n/a	188.2	235.7	n/a	203.1	170.5	2.34	140.0
224.175	0.234	fixation	n/a	204.4	169.6	2877.0	n/a	n/a	n/a	n/a
224.411	0.032	saccade	n/a	203.5	172.1	n/a	290.5	277.2	4.75	227.0
224.445	0.1	fixation	n/a	295.0	284.3	3008.0	n/a	n/a	n/a	n/a
224.547	0.016	saccade	n/a	294.6	287.7	n/a	284.6	306.0	0.73	60.0
224.565	0.058	fixation	n/a	285.2	301.3	3065.0	n/a	n/a	n/a	n/a
224.625	0.278	saccade	n/a	281.8	300.5	n/a	306.9	299.0	0.87	2216.0
224.697	0.134	blink	n/a	n/a	n/a	n/a	n/a	n/a	n/a	n/a
224.905	0.224	fixation	n/a	306.0	300.8	3012.0	n/a	n/a	n/a	n/a
225.131	0.026	saccade	n/a	313.3	303.2	n/a	394.8	302.8	2.84	156.0
225.159	0.206	fixation	n/a	396.1	300.7	2925.0	n/a	n/a	n/a	n/a
225.367	0.03	saccade	n/a	398.6	299.3	n/a	494.7	293.4	3.36	147.0
225.399	0.184	fixation	n/a	498.3	296.5	2791.0	n/a	n/a	n/a	n/a
225.585	0.026	saccade	n/a	502.1	297.4	n/a	571.2	296.8	2.41	128.0
225.613	0.172	fixation	n/a	573.2	293.9	2683.0	n/a	n/a	n/a	n/a
225.787	0.03	saccade	n/a	572.1	294.2	n/a	491.3	300.1	2.83	174.0
225.819	0.194	fixation	n/a	490.9	299.8	2708.0	n/a	n/a	n/a	n/a
226.015	0.016	saccade	n/a	492.7	299.5	n/a	511.9	297.8	0.67	52.0
226.033	0.21	fixation	n/a	510.7	300.1	2774.0	n/a	n/a	n/a	n/a
226.245	0.02	saccade	n/a	512.8	301.7	n/a	550.7	301.3	1.33	89.0
226.267	0.282	fixation	n/a	546.6	298.1	2916.0	n/a	n/a	n/a	n/a
226.551	0.064	saccade	n/a	544.2	295.2	n/a	150.7	353.6	13.63	348.0
226.617	0.112	fixation	n/a	154.7	360.2	3092.0	n/a	n/a	n/a	n/a
226.731	0.074	saccade	n/a	156.5	362.5	n/a	135.0	365.7	0.73	274.0
226.807	0.094	fixation	n/a	138.1	364.5	3078.0	n/a	n/a	n/a	n/a
226.903	0.034	saccade	n/a	138.2	362.8	n/a	267.7	359.3	4.4	213.0
226.939	0.15	fixation	n/a	269.7	358.5	3038.0	n/a	n/a	n/a	n/a
227.091	0.03	saccade	n/a	271.6	354.5	n/a	351.2	357.9	2.75	166.0
227.123	0.086	fixation	n/a	349.6	358.3	3016.0	n/a	n/a	n/a	n/a
227.211	0.034	saccade	n/a	351.5	357.8	n/a	464.4	350.9	3.93	201.0
227.247	0.254	fixation	n/a	465.8	351.6	2931.0	n/a	n/a	n/a	n/a
227.503	0.034	saccade	n/a	466.8	352.3	n/a	573.3	350.6	3.71	175.0
227.539	0.156	fixation	n/a	572.7	347.3	2889.0	n/a	n/a	n/a	n/a
227.697	0.062	saccade	n/a	574.1	344.3	n/a	173.0	399.5	13.87	368.0
227.761	0.128	fixation	n/a	175.5	401.4	2874.0	n/a	n/a	n/a	n/a
227.891	0.018	saccade	n/a	172.1	401.5	n/a	144.3	410.0	0.98	75.0
227.911	0.142	fixation	n/a	153.0	413.9	2873.0	n/a	n/a	n/a	n/a
228.055	0.03	saccade	n/a	154.9	413.8	n/a	247.5	414.7	3.14	182.0
228.087	0.148	fixation	n/a	247.5	415.8	2937.0	n/a	n/a	n/a	n/a
228.237	0.028	saccade	n/a	250.7	418.2	n/a	317.6	410.8	2.31	151.0
228.267	0.152	fixation	n/a	314.9	407.9	2965.0	n/a	n/a	n/a	n/a
228.421	0.028	saccade	n/a	316.9	407.3	n/a	409.5	405.6	3.19	163.0
228.451	0.19	fixation	n/a	414.6	409.5	2945.0	n/a	n/a	n/a	n/a
228.643	0.03	saccade	n/a	419.2	413.0	n/a	504.1	404.6	2.97	158.0
228.675	0.154	fixation	n/a	502.4	403.4	2907.0	n/a	n/a	n/a	n/a
228.831	0.026	saccade	n/a	502.9	403.4	n/a	565.9	403.0	2.19	117.0
228.859	0.066	fixation	n/a	565.4	401.9	2884.0	n/a	n/a	n/a	n/a
228.927	0.11	saccade	n/a	565.1	401.9	n/a	172.7	459.4	13.52	435.0
229.039	0.072	fixation	n/a	174.8	460.7	2870.0	n/a	n/a	n/a	n/a
229.113	0.02	saccade	n/a	171.6	459.3	n/a	133.8	461.5	1.27	88.0
229.135	0.146	fixation	n/a	141.4	462.6	2802.0	n/a	n/a	n/a	n/a
229.283	0.026	saccade	n/a	145.8	466.0	n/a	210.9	468.6	2.19	131.0
229.311	0.192	fixation	n/a	211.1	467.5	2806.0	n/a	n/a	n/a	n/a
229.505	0.018	saccade	n/a	206.4	465.5	n/a	172.0	465.8	1.16	87.0
229.525	0.226	fixation	n/a	175.4	466.5	2877.0	n/a	n/a	n/a	n/a
229.753	0.114	saccade	n/a	173.1	466.7	n/a	204.4	464.3	1.06	2670.0
229.869	0.054	fixation	n/a	204.0	464.5	3093.0	n/a	n/a	n/a	n/a
229.925	0.016	saccade	n/a	208.0	464.9	n/a	229.8	467.7	0.74	57.0
229.943	0.214	fixation	n/a	227.1	468.9	2929.0	n/a	n/a	n/a	n/a
230.159	0.056	saccade	n/a	225.4	464.5	n/a	229.0	173.3	10.09	279.0
230.217	0.174	fixation	n/a	232.2	173.8	2909.0	n/a	n/a	n/a	n/a
230.393	0.02	saccade	n/a	231.3	176.2	n/a	196.8	177.1	1.18	83.0
230.415	0.128	fixation	n/a	198.5	174.5	2847.0	n/a	n/a	n/a	n/a
230.545	0.028	saccade	n/a	195.2	171.8	n/a	124.2	172.4	2.4	150.0
230.575	0.148	fixation	n/a	127.6	173.9	2868.0	n/a	n/a	n/a	n/a
230.725	0.038	saccade	n/a	128.7	175.9	n/a	269.8	185.3	4.83	244.0
230.765	0.314	fixation	n/a	273.2	184.0	2975.0	n/a	n/a	n/a	n/a
230.826	0.0	trigger_11	11	n/a	n/a	n/a	n/a	n/a	n/a	n/a
230.882	0.0	trigger_12	12	n/a	n/a	n/a	n/a	n/a	n/a	n/a
231.081	0.038	saccade	n/a	272.9	185.7	n/a	147.3	179.4	4.31	233.0
231.121	0.218	fixation	n/a	143.2	178.2	3126.0	n/a	n/a	n/a	n/a
231.341	0.156	saccade	n/a	145.9	178.5	n/a	263.3	201.5	4.09	1051.0
231.375	0.078	blink	n/a	n/a	n/a	n/a	n/a	n/a	n/a	n/a
231.499	0.148	fixation	n/a	265.5	186.1	3081.0	n/a	n/a	n/a	n/a
231.649	0.026	saccade	n/a	264.6	184.2	n/a	209.8	183.8	1.88	128.0
231.677	0.16	fixation	n/a	214.6	183.3	3118.0	n/a	n/a	n/a	n/a
231.839	0.026	saccade	n/a	216.3	181.9	n/a	288.8	183.2	2.5	146.0
231.867	0.168	fixation	n/a	289.2	184.5	3015.0	n/a	n/a	n/a	n/a
232.037	0.032	saccade	n/a	291.7	185.5	n/a	388.2	182.7	3.36	171.0
232.071	0.244	fixation	n/a	386.1	183.8	3047.0	n/a	n/a	n/a	n/a
232.317	0.026	saccade	n/a	389.8	184.7	n/a	458.1	182.5	2.39	124.0
232.345	0.304	fixation	n/a	458.3	187.0	3047.0	n/a	n/a	n/a	n/a
232.651	0.032	saccade	n/a	458.6	188.9	n/a	550.7	182.2	3.23	160.0
232.685	0.286	fixation	n/a	548.0	178.0	3083.0	n/a	n/a	n/a	n/a
232.973	0.02	saccade	n/a	551.4	173.4	n/a	587.4	172.9	1.25	76.0
232.995	0.076	fixation	n/a	586.3	176.4	3077.0	n/a	n/a	n/a	n/a
233.073	0.024	saccade	n/a	583.7	180.0	n/a	529.6	181.1	1.9	119.0
233.099	0.212	fixation	n/a	530.3	178.5	3084.0	n/a	n/a	n/a	n/a
233.313	0.03	saccade	n/a	529.9	177.4	n/a	600.5	179.0	2.46	130.0
233.345	0.126	fixation	n/a	593.7	177.7	3160.0	n/a	n/a	n/a	n/a
233.473	0.066	saccade	n/a	592.2	175.8	n/a	152.9	228.3	15.18	360.0
233.541	0.112	fixation	n/a	157.0	232.5	3253.0	n/a	n/a	n/a	n/a
233.655	0.026	saccade	n/a	155.2	230.5	n/a	119.7	242.8	1.27	114.0
233.683	0.218	fixation	n/a	123.0	242.1	3175.0	n/a	n/a	n/a	n/a
233.903	1.104	saccade	n/a	123.7	239.6	n/a	506.3	236.0	13.13	2658.0
233.929	1.046	blink	n/a	n/a	n/a	n/a	n/a	n/a	n/a	n/a
235.009	0.236	fixation	n/a	504.6	235.8	3111.0	n/a	n/a	n/a	n/a
235.247	0.02	saccade	n/a	503.5	238.3	n/a	465.0	239.2	1.35	95.0
235.269	0.372	fixation	n/a	470.1	239.1	3028.0	n/a	n/a	n/a	n/a
235.643	0.03	saccade	n/a	468.0	239.9	n/a	394.8	222.5	2.64	164.0
235.675	0.04	fixation	n/a	396.9	224.2	3121.0	n/a	n/a	n/a	n/a
235.717	0.04	saccade	n/a	396.2	224.6	n/a	527.3	242.1	4.63	231.0
235.759	0.206	fixation	n/a	529.4	242.7	3132.0	n/a	n/a	n/a	n/a
235.967	0.18	saccade	n/a	532.1	244.8	n/a	679.9	254.7	5.14	2150.0
236.049	0.062	blink	n/a	n/a	n/a	n/a	n/a	n/a	n/a	n/a
236.149	0.046	fixation	n/a	675.5	239.7	3017.0	n/a	n/a	n/a	n/a
236.197	0.034	saccade	n/a	671.6	240.1	n/a	551.3	253.7	4.2	238.0
236.233	0.14	fixation	n/a	551.0	249.9	3094.0	n/a	n/a	n/a	n/a
236.375	0.018	saccade	n/a	548.1	248.6	n/a	518.6	244.6	1.04	75.0
236.395	0.12	fixation	n/a	523.1	246.7	3099.0	n/a	n/a	n/a	n/a
236.517	0.024	saccade	n/a	524.6	242.5	n/a	568.3	239.7	1.53	106.0
236.543	0.204	fixation	n/a	562.4	239.7	3054.0	n/a	n/a	n/a	n/a
236.749	0.022	saccade	n/a	567.4	237.3	n/a	601.3	233.3	1.19	65.0
236.773	0.132	fixation	n/a	602.4	233.9	2946.0	n/a	n/a	n/a	n/a
236.907	0.02	saccade	n/a	607.3	235.4	n/a	643.7	233.8	1.27	89.0
236.929	0.2	fixation	n/a	637.1	239.3	2885.0	n/a	n/a	n/a	n/a
237.131	0.034	saccade	n/a	637.8	240.5	n/a	546.0	235.1	3.2	205.0
237.167	0.056	fixation	n/a	545.0	237.2	2911.0	n/a	n/a	n/a	n/a
237.225	0.034	saccade	n/a	543.1	238.2	n/a	445.3	245.1	3.43	230.0
237.261	0.06	fixation	n/a	443.0	246.3	2939.0	n/a	n/a	n/a	n/a
237.323	0.032	saccade	n/a	441.9	246.9	n/a	357.7	246.8	2.94	204.0
237.357	0.184	fixation	n/a	357.7	244.4	2972.0	n/a	n/a	n/a	n/a
237.543	0.046	saccade	n/a	358.9	246.1	n/a	477.7	225.4	4.21	149.0
237.591	0.092	fixation	n/a	475.4	224.0	2988.0	n/a	n/a	n/a	n/a
237.685	0.022	saccade	n/a	479.8	226.1	n/a	525.6	239.5	1.67	106.0
237.709	0.458	fixation	n/a	520.1	237.4	2989.0	n/a	n/a	n/a	n/a
238.169	0.018	saccade	n/a	522.6	237.6	n/a	550.4	240.2	0.97	68.0
238.189	0.222	fixation	n/a	549.6	243.8	2911.0	n/a	n/a	n/a	n/a
238.413	0.022	saccade	n/a	553.2	241.0	n/a	600.0	238.9	1.63	101.0
238.437	0.152	fixation	n/a	597.4	236.6	2858.0	n/a	n/a	n/a	n/a
238.591	0.02	saccade	n/a	600.1	235.1	n/a	644.4	237.9	1.54	103.0
238.613	0.152	fixation	n/a	641.7	240.0	2828.0	n/a	n/a	n/a	n/a
238.767	0.028	saccade	n/a	644.1	239.6	n/a	697.7	239.1	1.85	137.0
238.797	0.16	fixation	n/a	697.9	236.0	2775.0	n/a	n/a	n/a	n/a
238.959	0.978	saccade	n/a	699.5	234.1	n/a	412.7	302.2	10.21	2671.0
239.013	0.894	blink	n/a	n/a	n/a	n/a	n/a	n/a	n/a	n/a
239.939	0.068	fixation	n/a	411.8	301.4	3059.0	n/a	n/a	n/a	n/a
240.009	0.016	saccade	n/a	407.3	301.4	n/a	381.6	299.0	0.9	69.0
240.027	0.122	fixation	n/a	384.1	298.6	3018.0	n/a	n/a	n/a	n/a
240.151	0.026	saccade	n/a	386.0	298.1	n/a	449.9	297.8	2.23	146.0
240.179	0.168	fixation	n/a	448.2	298.6	2960.0	n/a	n/a	n/a	n/a
240.349	0.024	saccade	n/a	449.7	297.7	n/a	501.5	294.5	1.81	108.0
240.375	0.072	fixation	n/a	497.9	295.2	2979.0	n/a	n/a	n/a	n/a
240.449	0.034	saccade	n/a	499.1	291.5	n/a	583.1	293.7	2.92	181.0
240.485	0.178	fixation	n/a	584.4	299.3	2918.0	n/a	n/a	n/a	n/a
240.665	1.658	saccade	n/a	586.3	302.2	n/a	587.8	345.6	1.53	3032.0
240.715	1.582	blink	n/a	n/a	n/a	n/a	n/a	n/a	n/a	n/a
242.325	0.02	fixation	n/a	588.5	346.2	2834.0	n/a	n/a	n/a	n/a
242.347	0.156	saccade	n/a	590.0	347.3	n/a	520.0	360.0	2.47	2043.0
242.381	0.084	blink	n/a	n/a	n/a	n/a	n/a	n/a	n/a	n/a
242.505	0.21	fixation	n/a	519.9	355.0	2830.0	n/a	n/a	n/a	n/a
242.717	0.026	saccade	n/a	521.2	354.8	n/a	585.0	354.0	2.22	137.0
242.745	0.198	fixation	n/a	582.0	351.6	2870.0	n/a	n/a	n/a	n/a
242.945	0.036	saccade	n/a	584.0	350.9	n/a	458.7	292.6	4.84	227.0
242.983	0.196	fixation	n/a	457.6	286.2	2772.0	n/a	n/a	n/a	n/a
243.181	0.026	saccade	n/a	457.7	286.9	n/a	417.0	215.0	2.93	165.0
243.209	0.128	fixation	n/a	415.9	207.9	2753.0	n/a	n/a	n/a	n/a
243.339	0.226	saccade	n/a	414.4	205.2	n/a	300.8	187.2	4.02	2572.0
243.375	0.162	blink	n/a	n/a	n/a	n/a	n/a	n/a	n/a	n/a
243.394	0.0	trigger_13	13	n/a	n/a	n/a	n/a	n/a	n/a	n/a
243.454	0.0	trigger_10	10	n/a	n/a	n/a	n/a	n/a	n/a	n/a
243.567	0.042	fixation	n/a	299.8	187.4	2719.0	n/a	n/a	n/a	n/a
243.611	0.056	saccade	n/a	298.2	187.3	n/a	162.5	176.4	4.67	1761.0
243.669	0.112	fixation	n/a	162.5	176.5	2715.0	n/a	n/a	n/a	n/a
243.783	0.02	saccade	n/a	158.6	178.3	n/a	122.3	178.4	1.22	93.0
243.805	0.164	fixation	n/a	126.2	178.0	2706.0	n/a	n/a	n/a	n/a
243.971	0.026	saccade	n/a	131.1	182.3	n/a	206.2	179.0	2.56	149.0
243.999	0.162	fixation	n/a	208.1	177.7	2776.0	n/a	n/a	n/a	n/a
244.163	0.026	saccade	n/a	210.4	180.3	n/a	267.8	181.4	1.98	134.0
244.191	0.224	fixation	n/a	262.6	177.9	2901.0	n/a	n/a	n/a	n/a
244.417	0.022	saccade	n/a	264.0	176.2	n/a	303.9	178.7	1.38	89.0
244.441	0.268	fixation	n/a	300.4	179.7	3050.0	n/a	n/a	n/a	n/a
244.711	0.024	saccade	n/a	296.5	181.7	n/a	250.3	183.3	1.6	115.0
244.737	0.226	fixation	n/a	254.1	182.1	3090.0	n/a	n/a	n/a	n/a
244.965	0.03	saccade	n/a	256.9	181.5	n/a	341.7	186.1	2.94	163.0
244.997	0.21	fixation	n/a	339.4	187.2	3117.0	n/a	n/a	n/a	n/a
245.209	0.022	saccade	n/a	344.3	188.7	n/a	386.3	190.1	1.47	87.0
245.233	0.188	fixation	n/a	386.4	186.9	2959.0	n/a	n/a	n/a	n/a
245.423	0.034	saccade	n/a	389.1	187.7	n/a	488.0	184.5	3.46	175.0
245.459	0.15	fixation	n/a	487.2	181.4	2930.0	n/a	n/a	n/a	n/a
245.611	0.02	saccade	n/a	484.6	183.4	n/a	451.2	186.1	1.18	82.0
245.633	0.398	fixation	n/a	451.8	185.9	3020.0	n/a	n/a	n/a	n/a
246.033	0.03	saccade	n/a	453.2	186.5	n/a	537.1	180.2	2.95	151.0
246.065	0.236	fixation	n/a	532.9	178.4	3065.0	n/a	n/a	n/a	n/a
246.303	0.03	saccade	n/a	533.4	179.1	n/a	618.9	175.3	2.99	147.0
246.335	0.476	fixation	n/a	619.6	171.3	3059.0	n/a	n/a	n/a	n/a
246.813	0.41	saccade	n/a	630.8	175.7	n/a	127.2	241.7	17.37	1764.0
246.899	0.228	blink	n/a	n/a	n/a	n/a	n/a	n/a	n/a	n/a
247.225	0.19	fixation	n/a	127.7	239.2	3002.0	n/a	n/a	n/a	n/a
247.417	0.398	saccade	n/a	127.8	236.0	n/a	160.9	241.8	1.13	2190.0
247.477	0.312	blink	n/a	n/a	n/a	n/a	n/a	n/a	n/a	n/a
247.817	0.042	fixation	n/a	160.3	240.9	2872.0	n/a	n/a	n/a	n/a
247.861	0.528	saccade	n/a	159.1	239.9	n/a	421.0	241.2	9.03	1886.0
247.895	0.462	blink	n/a	n/a	n/a	n/a	n/a	n/a	n/a	n/a
248.391	0.146	fixation	n/a	419.6	238.9	3063.0	n/a	n/a	n/a	n/a
248.539	0.022	saccade	n/a	422.0	236.5	n/a	462.0	239.2	1.4	87.0
248.563	0.12	fixation	n/a	463.9	241.3	2924.0	n/a	n/a	n/a	n/a
248.685	0.026	saccade	n/a	466.4	238.9	n/a	544.9	231.7	2.75	150.0
248.713	0.194	fixation	n/a	546.5	235.9	2865.0	n/a	n/a	n/a	n/a
248.909	2.554	saccade	n/a	546.9	238.6	n/a	536.7	290.6	1.88	2297.0
248.957	2.482	blink	n/a	n/a	n/a	n/a	n/a	n/a	n/a	n/a
251.465	0.056	fixation	n/a	537.4	292.8	2804.0	n/a	n/a	n/a	n/a
251.523	0.02	saccade	n/a	540.3	292.1	n/a	571.8	294.4	1.1	72.0
251.545	0.09	fixation	n/a	568.9	294.6	2809.0	n/a	n/a	n/a	n/a
251.637	2.34	saccade	n/a	569.5	293.7	n/a	134.1	176.1	15.47	1922.0
251.685	2.268	blink	n/a	n/a	n/a	n/a	n/a	n/a	n/a	n/a
253.508	0.0	trigger_11	11	n/a	n/a	n/a	n/a	n/a	n/a	n/a
253.568	0.0	trigger_10	10	n/a	n/a	n/a	n/a	n/a	n/a	n/a
253.979	0.13	fixation	n/a	134.6	176.2	3115.0	n/a	n/a	n/a	n/a
254.111	0.112	saccade	n/a	135.6	177.6	n/a	185.1	177.6	1.68	2002.0
254.135	0.02	blink	n/a	n/a	n/a	n/a	n/a	n/a	n/a	n/a
254.225	0.12	fixation	n/a	183.9	176.3	3153.0	n/a	n/a	n/a	n/a
254.347	0.04	saccade	n/a	186.1	175.6	n/a	337.9	179.6	5.22	224.0
254.389	0.228	fixation	n/a	339.3	181.2	2938.0	n/a	n/a	n/a	n/a
254.619	0.026	saccade	n/a	343.2	184.0	n/a	399.4	183.5	1.96	123.0
254.647	0.286	fixation	n/a	396.5	184.0	2940.0	n/a	n/a	n/a	n/a
254.935	0.026	saccade	n/a	397.3	181.9	n/a	468.7	181.1	2.51	133.0
254.963	0.142	fixation	n/a	469.4	174.6	3023.0	n/a	n/a	n/a	n/a
255.107	0.03	saccade	n/a	469.9	174.8	n/a	555.6	175.1	2.99	159.0
255.139	0.262	fixation	n/a	554.2	172.5	3085.0	n/a	n/a	n/a	n/a
255.403	0.064	saccade	n/a	556.6	176.7	n/a	156.6	229.1	13.89	337.0
255.469	0.138	fixation	n/a	158.4	231.2	3098.0	n/a	n/a	n/a	n/a
255.609	0.114	saccade	n/a	159.5	235.8	n/a	142.3	245.2	0.67	1437.0
255.725	0.196	fixation	n/a	132.0	245.9	3156.0	n/a	n/a	n/a	n/a
255.923	0.042	saccade	n/a	127.4	247.3	n/a	125.3	244.3	0.13	436.0
255.967	0.114	fixation	n/a	126.7	246.3	3158.0	n/a	n/a	n/a	n/a
256.083	0.454	saccade	n/a	125.8	245.8	n/a	380.2	240.9	8.73	2548.0
256.111	0.364	blink	n/a	n/a	n/a	n/a	n/a	n/a	n/a	n/a
256.539	0.144	fixation	n/a	381.6	242.5	3249.0	n/a	n/a	n/a	n/a
256.685	0.56	saccade	n/a	387.0	247.3	n/a	638.1	230.7	8.75	2111.0
256.717	0.504	blink	n/a	n/a	n/a	n/a	n/a	n/a	n/a	n/a
257.247	0.188	fixation	n/a	639.0	230.4	2809.0	n/a	n/a	n/a	n/a
257.437	0.018	saccade	n/a	643.0	231.9	n/a	668.7	237.3	0.91	64.0
257.457	0.074	fixation	n/a	667.1	234.4	2727.0	n/a	n/a	n/a	n/a
257.533	5.238	saccade	n/a	667.8	234.2	n/a	478.6	186.9	6.79	2354.0
257.591	5.146	blink	n/a	n/a	n/a	n/a	n/a	n/a	n/a	n/a
260.82	0.0	trigger_11	11	n/a	n/a	n/a	n/a	n/a	n/a	n/a
260.876	0.0	trigger_10	10	n/a	n/a	n/a	n/a	n/a	n/a	n/a
262.773	0.264	fixation	n/a	477.8	183.0	3168.0	n/a	n/a	n/a	n/a
263.039	0.026	saccade	n/a	478.5	181.1	n/a	546.0	176.0	2.36	131.0
263.067	0.344	fixation	n/a	544.4	178.1	3183.0	n/a	n/a	n/a	n/a
263.413	0.022	saccade	n/a	549.3	177.4	n/a	599.8	175.2	1.76	114.0
263.437	0.22	fixation	n/a	598.1	174.7	3175.0	n/a	n/a	n/a	n/a
263.659	0.018	saccade	n/a	597.1	174.0	n/a	571.4	173.8	0.89	66.0
263.679	0.156	fixation	n/a	574.6	175.2	3219.0	n/a	n/a	n/a	n/a
263.837	0.312	saccade	n/a	573.6	170.7	n/a	136.6	241.5	15.15	1884.0
263.947	0.182	blink	n/a	n/a	n/a	n/a	n/a	n/a	n/a	n/a
264.151	0.17	fixation	n/a	129.7	244.3	3378.0	n/a	n/a	n/a	n/a
264.323	1.064	saccade	n/a	127.5	246.2	n/a	237.7	190.1	4.23	1597.0
264.349	1.014	blink	n/a	n/a	n/a	n/a	n/a	n/a	n/a	n/a
265.389	0.05	fixation	n/a	238.2	190.7	3289.0	n/a	n/a	n/a	n/a
265.441	0.026	saccade	n/a	236.6	189.8	n/a	185.1	182.2	1.79	118.0
265.469	0.116	fixation	n/a	191.3	183.4	3286.0	n/a	n/a	n/a	n/a
265.587	0.062	saccade	n/a	192.0	183.4	n/a	566.5	177.2	12.94	353.0
265.651	0.138	fixation	n/a	570.1	176.8	3248.0	n/a	n/a	n/a	n/a
265.791	1.752	saccade	n/a	571.9	172.4	n/a	195.0	170.3	13.0	1894.0
265.845	1.672	blink	n/a	n/a	n/a	n/a	n/a	n/a	n/a	n/a
266.716	0.0	trigger_11	11	n/a	n/a	n/a	n/a	n/a	n/a	n/a
266.772	0.0	trigger_10	10	n/a	n/a	n/a	n/a	n/a	n/a	n/a
267.545	0.116	fixation	n/a	195.9	169.4	2557.0	n/a	n/a	n/a	n/a
267.663	0.03	saccade	n/a	197.1	169.3	n/a	286.2	170.0	3.06	156.0
267.695	0.192	fixation	n/a	286.5	168.7	2575.0	n/a	n/a	n/a	n/a
267.889	0.03	saccade	n/a	288.2	170.6	n/a	376.5	176.2	3.08	167.0
267.921	0.208	fixation	n/a	375.8	178.2	2609.0	n/a	n/a	n/a	n/a
268.131	0.028	saccade	n/a	377.6	177.4	n/a	451.1	178.4	2.57	124.0
268.161	0.264	fixation	n/a	457.8	177.6	2598.0	n/a	n/a	n/a	n/a
268.427	0.022	saccade	n/a	454.3	176.9	n/a	413.3	173.7	1.44	87.0
268.451	0.102	fixation	n/a	414.2	172.9	2618.0	n/a	n/a	n/a	n/a
268.555	0.02	saccade	n/a	412.5	173.3	n/a	376.5	176.5	1.26	90.0
268.577	0.16	fixation	n/a	378.5	178.0	2669.0	n/a	n/a	n/a	n/a
268.739	0.048	saccade	n/a	379.2	179.5	n/a	575.0	164.0	6.86	235.0
268.789	0.09	fixation	n/a	575.6	160.5	2714.0	n/a	n/a	n/a	n/a
268.881	0.026	saccade	n/a	577.5	160.4	n/a	627.9	169.0	1.78	131.0
268.909	0.164	fixation	n/a	625.6	168.9	2829.0	n/a	n/a	n/a	n/a
269.075	0.076	saccade	n/a	624.3	167.2	n/a	179.8	229.7	15.43	1068.0
269.153	0.036	fixation	n/a	179.9	233.0	3089.0	n/a	n/a	n/a	n/a
269.191	0.128	saccade	n/a	181.1	235.0	n/a	131.6	240.4	1.69	1872.0
269.213	0.082	blink	n/a	n/a	n/a	n/a	n/a	n/a	n/a	n/a
269.321	0.276	fixation	n/a	130.5	240.5	3058.0	n/a	n/a	n/a	n/a
269.599	0.068	saccade	n/a	131.9	240.6	n/a	134.1	238.0	0.12	1585.0
269.625	0.018	blink	n/a	n/a	n/a	n/a	n/a	n/a	n/a	n/a
269.669	0.084	fixation	n/a	135.2	238.0	3102.0	n/a	n/a	n/a	n/a
269.755	1.332	saccade	n/a	136.6	238.5	n/a	186.2	181.3	2.61	1877.0
269.781	1.206	blink	n/a	n/a	n/a	n/a	n/a	n/a	n/a	n/a
270.556	0.0	trigger_11	11	n/a	n/a	n/a	n/a	n/a	n/a	n/a
270.612	0.0	trigger_10	10	n/a	n/a	n/a	n/a	n/a	n/a	n/a
271.089	0.078	fixation	n/a	188.6	183.1	3235.0	n/a	n/a	n/a	n/a
271.169	0.036	saccade	n/a	191.3	185.1	n/a	310.7	188.4	4.12	212.0
271.207	0.166	fixation	n/a	307.4	185.9	3155.0	n/a	n/a	n/a	n/a
271.375	0.014	saccade	n/a	303.0	182.8	n/a	284.9	184.9	0.63	52.0
271.391	0.11	fixation	n/a	287.9	185.6	3196.0	n/a	n/a	n/a	n/a
271.503	0.038	saccade	n/a	289.0	186.9	n/a	420.1	183.0	4.57	235.0
271.543	0.248	fixation	n/a	418.6	180.3	3239.0	n/a	n/a	n/a	n/a
271.793	0.026	saccade	n/a	421.9	184.2	n/a	503.4	180.6	2.86	152.0
271.821	0.212	fixation	n/a	504.7	174.1	3163.0	n/a	n/a	n/a	n/a
272.035	0.028	saccade	n/a	509.0	177.2	n/a	593.5	174.2	2.95	149.0
272.065	0.2	fixation	n/a	593.0	176.1	3095.0	n/a	n/a	n/a	n/a
272.267	0.104	saccade	n/a	597.2	181.9	n/a	617.4	198.8	0.92	2537.0
272.297	0.03	blink	n/a	n/a	n/a	n/a	n/a	n/a	n/a	n/a
272.373	0.448	fixation	n/a	609.3	179.3	3005.0	n/a	n/a	n/a	n/a
272.823	0.022	saccade	n/a	609.8	169.4	n/a	652.5	177.3	1.51	92.0
272.847	0.374	fixation	n/a	650.1	175.3	2942.0	n/a	n/a	n/a	n/a
273.223	0.756	saccade	n/a	647.1	177.9	n/a	117.7	239.3	18.13	1719.0
273.333	0.61	blink	n/a	n/a	n/a	n/a	n/a	n/a	n/a	n/a
273.981	0.074	fixation	n/a	118.7	240.2	3424.0	n/a	n/a	n/a	n/a
274.057	0.51	saccade	n/a	119.1	239.4	n/a	405.9	545.0	14.29	800.0
274.095	0.406	blink	n/a	n/a	n/a	n/a	n/a	n/a	n/a	n/a
274.569	0.052	fixation	n/a	403.9	515.6	3032.0	n/a	n/a	n/a	n/a
274.623	0.014	saccade	n/a	404.2	507.9	n/a	410.2	531.3	0.83	70.0
274.639	0.232	fixation	n/a	418.0	528.7	3092.0	n/a	n/a	n/a	n/a
274.873	0.026	saccade	n/a	425.5	524.0	n/a	484.8	521.4	2.03	129.0
274.901	0.248	fixation	n/a	488.8	518.6	2843.0	n/a	n/a	n/a	n/a
274.958	0.0	trigger_11	11	n/a	n/a	n/a	n/a	n/a	n/a	n/a
275.012	0.0	trigger_12	12	n/a	n/a	n/a	n/a	n/a	n/a	n/a
275.151	0.066	saccade	n/a	492.5	514.7	n/a	283.7	165.4	14.09	339.0
275.219	0.054	fixation	n/a	285.4	168.6	2589.0	n/a	n/a	n/a	n/a
275.275	0.256	saccade	n/a	285.1	170.7	n/a	176.0	169.4	3.74	1477.0
275.299	0.212	blink	n/a	n/a	n/a	n/a	n/a	n/a	n/a	n/a
275.533	0.184	fixation	n/a	176.4	169.5	2741.0	n/a	n/a	n/a	n/a
275.719	0.814	saccade	n/a	175.3	168.3	n/a	467.6	179.1	10.09	2372.0
275.745	0.758	blink	n/a	n/a	n/a	n/a	n/a	n/a	n/a	n/a
276.535	0.222	fixation	n/a	469.2	181.1	3126.0	n/a	n/a	n/a	n/a
276.759	0.026	saccade	n/a	471.6	180.3	n/a	534.5	176.1	2.2	122.0
276.787	0.13	fixation	n/a	532.6	175.7	3027.0	n/a	n/a	n/a	n/a
276.919	0.028	saccade	n/a	536.0	174.8	n/a	614.7	171.0	2.75	148.0
276.949	0.172	fixation	n/a	611.6	172.7	2963.0	n/a	n/a	n/a	n/a
277.123	2.658	saccade	n/a	612.5	175.5	n/a	133.1	174.4	16.42	1100.0
277.219	2.54	blink	n/a	n/a	n/a	n/a	n/a	n/a	n/a	n/a
279.302	0.0	trigger_13	13	n/a	n/a	n/a	n/a	n/a	n/a	n/a
279.364	0.0	trigger_10	10	n/a	n/a	n/a	n/a	n/a	n/a	n/a
279.783	0.216	fixation	n/a	132.2	172.7	2954.0	n/a	n/a	n/a	n/a
280.001	1.14	saccade	n/a	136.0	174.2	n/a	208.1	182.2	2.46	2280.0
280.039	1.08	blink	n/a	n/a	n/a	n/a	n/a	n/a	n/a	n/a
281.143	0.034	fixation	n/a	208.3	180.8	3209.0	n/a	n/a	n/a	n/a
281.179	0.03	saccade	n/a	209.0	179.2	n/a	287.6	180.0	2.7	159.0
281.211	0.31	fixation	n/a	279.2	187.2	3323.0	n/a	n/a	n/a	n/a
281.523	0.026	saccade	n/a	275.2	184.3	n/a	331.9	181.5	1.96	136.0
281.551	0.19	fixation	n/a	331.8	183.6	3265.0	n/a	n/a	n/a	n/a
281.743	0.026	saccade	n/a	336.2	182.8	n/a	414.2	180.8	2.72	148.0
281.771	0.178	fixation	n/a	415.5	179.0	3222.0	n/a	n/a	n/a	n/a
281.951	0.026	saccade	n/a	415.0	179.9	n/a	369.4	183.0	1.6	119.0
281.979	0.274	fixation	n/a	373.8	184.9	3171.0	n/a	n/a	n/a	n/a
282.255	0.032	saccade	n/a	376.4	189.4	n/a	464.7	185.8	3.1	169.0
282.289	0.268	fixation	n/a	463.3	179.3	3116.0	n/a	n/a	n/a	n/a
282.559	0.026	saccade	n/a	466.3	179.8	n/a	527.4	178.0	2.14	128.0
282.587	0.582	fixation	n/a	529.2	175.7	2945.0	n/a	n/a	n/a	n/a
283.171	0.026	saccade	n/a	536.2	174.7	n/a	589.8	172.7	1.87	116.0
283.199	0.126	fixation	n/a	585.3	173.5	2884.0	n/a	n/a	n/a	n/a
283.327	2.506	saccade	n/a	585.3	174.9	n/a	279.3	170.5	10.63	1706.0
283.383	2.398	blink	n/a	n/a	n/a	n/a	n/a	n/a	n/a	n/a
285.638	0.0	trigger_11	11	n/a	n/a	n/a	n/a	n/a	n/a	n/a
285.7	0.0	trigger_10	10	n/a	n/a	n/a	n/a	n/a	n/a	n/a
285.835	0.03	fixation	n/a	278.2	169.7	2775.0	n/a	n/a	n/a	n/a
285.867	0.034	saccade	n/a	276.5	169.6	n/a	158.0	171.3	4.06	193.0
285.903	0.148	fixation	n/a	157.3	173.3	2721.0	n/a	n/a	n/a	n/a
286.053	0.014	saccade	n/a	154.2	175.9	n/a	135.0	177.5	0.65	55.0
286.069	0.086	fixation	n/a	135.5	175.8	2767.0	n/a	n/a	n/a	n/a
286.157	0.042	saccade	n/a	135.0	173.8	n/a	134.9	177.4	0.13	248.0
286.201	0.092	fixation	n/a	135.2	177.7	2816.0	n/a	n/a	n/a	n/a
286.295	0.028	saccade	n/a	136.0	176.6	n/a	208.9	176.4	2.47	148.0
286.325	0.03	fixation	n/a	207.4	177.1	2886.0	n/a	n/a	n/a	n/a
286.357	0.31	saccade	n/a	208.8	177.6	n/a	288.5	181.7	2.75	2367.0
286.457	0.18	blink	n/a	n/a	n/a	n/a	n/a	n/a	n/a	n/a
286.669	0.236	fixation	n/a	287.4	184.2	3059.0	n/a	n/a	n/a	n/a
286.907	0.026	saccade	n/a	290.0	180.9	n/a	364.1	183.4	2.57	146.0
286.935	0.188	fixation	n/a	362.1	187.8	3011.0	n/a	n/a	n/a	n/a
287.125	0.028	saccade	n/a	359.3	183.2	n/a	285.3	181.3	2.57	158.0
287.155	0.186	fixation	n/a	289.1	184.4	3001.0	n/a	n/a	n/a	n/a
287.343	0.032	saccade	n/a	289.1	186.9	n/a	371.8	187.6	2.88	163.0
287.377	0.368	fixation	n/a	366.5	187.8	3159.0	n/a	n/a	n/a	n/a
287.747	0.034	saccade	n/a	365.8	188.0	n/a	467.1	187.6	3.55	188.0
287.783	0.228	fixation	n/a	462.2	181.9	3284.0	n/a	n/a	n/a	n/a
288.013	0.024	saccade	n/a	463.3	178.5	n/a	517.9	173.8	1.91	115.0
288.039	0.228	fixation	n/a	518.7	176.7	3262.0	n/a	n/a	n/a	n/a
288.269	0.028	saccade	n/a	521.6	181.2	n/a	455.3	183.9	2.33	150.0
288.299	0.196	fixation	n/a	456.7	181.0	3139.0	n/a	n/a	n/a	n/a
288.497	0.03	saccade	n/a	456.5	181.3	n/a	542.9	177.5	3.02	154.0
288.529	0.298	fixation	n/a	540.9	176.8	3101.0	n/a	n/a	n/a	n/a
288.829	0.024	saccade	n/a	542.4	174.9	n/a	599.6	174.0	1.99	122.0
288.855	0.206	fixation	n/a	596.6	173.8	3127.0	n/a	n/a	n/a	n/a
289.063	0.32	saccade	n/a	596.5	170.0	n/a	121.9	241.4	16.36	1674.0
289.109	0.218	blink	n/a	n/a	n/a	n/a	n/a	n/a	n/a	n/a
289.385	0.172	fixation	n/a	123.2	240.5	3262.0	n/a	n/a	n/a	n/a
289.559	1.388	saccade	n/a	126.2	240.0	n/a	454.0	240.8	11.21	2706.0
289.585	1.336	blink	n/a	n/a	n/a	n/a	n/a	n/a	n/a	n/a
290.949	0.284	fixation	n/a	454.9	238.9	3333.0	n/a	n/a	n/a	n/a
291.235	0.022	saccade	n/a	458.4	238.1	n/a	508.8	236.6	1.76	110.0
291.259	0.32	fixation	n/a	508.0	236.8	3231.0	n/a	n/a	n/a	n/a
291.581	3.818	saccade	n/a	509.1	238.3	n/a	105.6	178.8	13.93	2817.0
291.623	3.754	blink	n/a	n/a	n/a	n/a	n/a	n/a	n/a	n/a
295.401	0.24	fixation	n/a	111.3	179.1	3120.0	n/a	n/a	n/a	n/a
295.643	0.022	saccade	n/a	117.5	184.7	n/a	168.7	180.0	1.74	103.0
295.667	0.14	fixation	n/a	178.3	177.4	2964.0	n/a	n/a	n/a	n/a
295.809	0.022	saccade	n/a	182.2	176.6	n/a	225.8	179.8	1.5	98.0
295.833	0.252	fixation	n/a	221.9	175.8	2885.0	n/a	n/a	n/a	n/a
296.087	0.028	saccade	n/a	223.5	173.1	n/a	297.7	178.8	2.57	153.0
296.117	0.164	fixation	n/a	293.1	175.6	2785.0	n/a	n/a	n/a	n/a
296.283	0.034	saccade	n/a	291.2	172.3	n/a	388.0	179.3	3.36	159.0
296.319	0.252	fixation	n/a	387.9	181.3	2768.0	n/a	n/a	n/a	n/a
296.573	0.018	saccade	n/a	387.8	178.9	n/a	364.1	180.9	0.83	60.0
296.593	0.076	fixation	n/a	365.0	180.9	2735.0	n/a	n/a	n/a	n/a
296.671	0.034	saccade	n/a	367.7	179.8	n/a	478.7	176.5	3.88	188.0
296.707	0.234	fixation	n/a	478.6	172.4	2691.0	n/a	n/a	n/a	n/a
296.943	0.026	saccade	n/a	479.3	170.5	n/a	557.2	169.7	2.71	144.0
296.971	0.182	fixation	n/a	559.9	172.0	2750.0	n/a	n/a	n/a	n/a
297.155	0.028	saccade	n/a	557.4	173.3	n/a	490.8	175.9	2.33	157.0
297.185	0.262	fixation	n/a	491.5	174.8	2854.0	n/a	n/a	n/a	n/a
297.449	0.026	saccade	n/a	491.0	175.8	n/a	550.1	176.1	2.07	120.0
297.477	0.106	fixation	n/a	545.4	175.3	2923.0	n/a	n/a	n/a	n/a
297.585	0.028	saccade	n/a	546.9	173.2	n/a	608.4	165.1	2.16	135.0
297.615	0.128	fixation	n/a	605.5	165.1	2927.0	n/a	n/a	n/a	n/a
297.745	0.234	saccade	n/a	607.1	166.1	n/a	140.0	241.3	16.16	2147.0
297.843	0.09	blink	n/a	n/a	n/a	n/a	n/a	n/a	n/a	n/a
297.981	0.022	fixation	n/a	138.4	239.6	3218.0	n/a	n/a	n/a	n/a
298.005	0.152	saccade	n/a	138.0	239.4	n/a	98.9	233.2	1.32	1293.0
298.029	0.012	blink	n/a	n/a	n/a	n/a	n/a	n/a	n/a	n/a
298.159	0.032	fixation	n/a	99.7	234.4	3162.0	n/a	n/a	n/a	n/a
298.193	0.5	saccade	n/a	101.0	236.6	n/a	402.2	238.3	10.28	1989.0
298.219	0.422	blink	n/a	n/a	n/a	n/a	n/a	n/a	n/a	n/a
298.695	0.03	fixation	n/a	402.3	239.0	3065.0	n/a	n/a	n/a	n/a
298.727	0.03	saccade	n/a	402.9	239.5	n/a	480.9	238.9	2.73	169.0
298.759	0.156	fixation	n/a	480.5	238.3	3022.0	n/a	n/a	n/a	n/a
298.917	0.03	saccade	n/a	481.1	237.3	n/a	546.0	239.7	2.27	140.0
298.949	0.128	fixation	n/a	543.9	236.6	2976.0	n/a	n/a	n/a	n/a
299.079	0.81	saccade	n/a	544.9	237.7	n/a	284.8	177.6	9.29	2206.0
299.127	0.732	blink	n/a	n/a	n/a	n/a	n/a	n/a	n/a	n/a
299.891	0.222	fixation	n/a	283.3	173.4	3174.0	n/a	n/a	n/a	n/a
299.894	0.0	trigger_11	11	n/a	n/a	n/a	n/a	n/a	n/a	n/a
299.956	0.0	trigger_10	10	n/a	n/a	n/a	n/a	n/a	n/a	n/a
300.115	0.034	saccade	n/a	280.6	177.3	n/a	176.8	182.8	3.57	186.0
300.151	0.046	fixation	n/a	181.6	188.0	3233.0	n/a	n/a	n/a	n/a
300.199	0.028	saccade	n/a	180.1	190.5	n/a	133.7	191.5	1.58	138.0
300.229	0.198	fixation	n/a	133.9	187.5	3225.0	n/a	n/a	n/a	n/a
300.429	0.018	saccade	n/a	136.0	187.9	n/a	172.8	189.6	1.25	90.0
300.449	0.188	fixation	n/a	170.0	188.1	3206.0	n/a	n/a	n/a	n/a
300.639	0.022	saccade	n/a	173.7	187.1	n/a	218.0	190.0	1.52	99.0
300.663	0.136	fixation	n/a	216.0	183.1	3219.0	n/a	n/a	n/a	n/a
300.801	0.022	saccade	n/a	221.5	184.2	n/a	268.4	185.0	1.61	110.0
300.825	0.136	fixation	n/a	262.1	184.9	3221.0	n/a	n/a	n/a	n/a
300.963	0.028	saccade	n/a	262.0	183.7	n/a	340.2	187.4	2.71	151.0
300.993	0.182	fixation	n/a	335.6	188.1	3282.0	n/a	n/a	n/a	n/a
301.177	0.022	saccade	n/a	333.6	190.4	n/a	295.0	191.1	1.34	97.0
301.201	0.176	fixation	n/a	300.7	189.9	3368.0	n/a	n/a	n/a	n/a
301.379	0.03	saccade	n/a	298.9	185.8	n/a	241.4	184.0	1.98	159.0
301.411	0.282	fixation	n/a	241.8	187.3	3330.0	n/a	n/a	n/a	n/a
301.695	0.028	saccade	n/a	244.7	185.7	n/a	335.9	185.7	3.15	137.0
301.725	0.204	fixation	n/a	340.4	188.6	3278.0	n/a	n/a	n/a	n/a
301.931	0.036	saccade	n/a	342.2	189.2	n/a	446.8	188.5	3.65	184.0
301.969	0.37	fixation	n/a	445.2	187.8	3300.0	n/a	n/a	n/a	n/a
302.341	0.024	saccade	n/a	449.7	190.4	n/a	508.8	187.8	2.07	122.0
302.367	0.422	fixation	n/a	506.9	185.3	3286.0	n/a	n/a	n/a	n/a
302.791	0.028	saccade	n/a	508.5	180.3	n/a	590.7	178.4	2.86	152.0
302.821	0.27	fixation	n/a	591.0	180.1	3109.0	n/a	n/a	n/a	n/a
303.093	0.064	saccade	n/a	591.6	179.0	n/a	167.0	236.1	14.7	351.0
303.159	0.108	fixation	n/a	169.5	239.1	3074.0	n/a	n/a	n/a	n/a
303.269	0.024	saccade	n/a	169.9	245.1	n/a	121.7	249.6	1.63	122.0
303.295	0.326	fixation	n/a	128.2	250.9	3041.0	n/a	n/a	n/a	n/a
303.623	0.022	saccade	n/a	132.8	249.0	n/a	187.3	250.8	1.84	122.0
303.647	0.158	fixation	n/a	188.1	251.9	3056.0	n/a	n/a	n/a	n/a
303.807	0.022	saccade	n/a	192.9	251.3	n/a	239.8	251.9	1.61	102.0
303.831	0.21	fixation	n/a	239.5	249.5	2954.0	n/a	n/a	n/a	n/a
304.043	0.028	saccade	n/a	243.0	246.3	n/a	333.1	249.4	3.11	161.0
304.073	0.246	fixation	n/a	334.4	249.0	2763.0	n/a	n/a	n/a	n/a
304.321	0.026	saccade	n/a	338.2	246.9	n/a	406.7	241.7	2.39	118.0
304.349	0.21	fixation	n/a	419.5	242.8	2653.0	n/a	n/a	n/a	n/a
304.561	0.024	saccade	n/a	421.9	242.1	n/a	478.8	241.0	1.99	112.0
304.587	0.112	fixation	n/a	481.4	240.8	2493.0	n/a	n/a	n/a	n/a
304.701	0.158	saccade	n/a	485.6	243.9	n/a	563.3	233.5	2.74	458.0
304.729	0.084	blink	n/a	n/a	n/a	n/a	n/a	n/a	n/a	n/a
304.861	0.256	fixation	n/a	561.7	224.5	2257.0	n/a	n/a	n/a	n/a
305.119	0.022	saccade	n/a	565.8	220.5	n/a	605.7	224.5	1.39	86.0
305.143	0.576	fixation	n/a	599.8	221.9	2193.0	n/a	n/a	n/a	n/a
305.721	0.026	saccade	n/a	596.1	220.8	n/a	646.4	222.5	1.74	115.0
305.749	0.142	fixation	n/a	641.3	223.6	2188.0	n/a	n/a	n/a	n/a
305.893	0.818	saccade	n/a	640.2	226.0	n/a	291.3	295.6	12.3	2061.0
305.947	0.742	blink	n/a	n/a	n/a	n/a	n/a	n/a	n/a	n/a
306.713	0.236	fixation	n/a	292.3	296.2	2589.0	n/a	n/a	n/a	n/a
306.951	0.018	saccade	n/a	294.8	297.2	n/a	319.1	297.0	0.84	61.0
306.971	0.308	fixation	n/a	319.1	301.3	2646.0	n/a	n/a	n/a	n/a
307.281	0.014	saccade	n/a	323.4	303.7	n/a	341.8	301.7	0.64	53.0
307.297	0.038	fixation	n/a	343.7	302.4	2736.0	n/a	n/a	n/a	n/a
307.337	0.03	saccade	n/a	344.4	303.0	n/a	427.1	307.1	2.89	185.0
307.369	0.168	fixation	n/a	425.8	307.4	2783.0	n/a	n/a	n/a	n/a
307.539	0.018	saccade	n/a	421.0	308.2	n/a	392.6	309.0	0.99	74.0
307.559	0.19	fixation	n/a	393.8	306.8	2921.0	n/a	n/a	n/a	n/a
307.751	0.032	saccade	n/a	394.8	307.3	n/a	493.1	302.0	3.44	172.0
307.785	0.072	fixation	n/a	489.4	296.7	2929.0	n/a	n/a	n/a	n/a
307.859	0.03	saccade	n/a	493.2	294.2	n/a	569.5	297.5	2.67	157.0
307.891	0.302	fixation	n/a	568.6	296.3	2891.0	n/a	n/a	n/a	n/a
308.195	0.024	saccade	n/a	575.5	295.3	n/a	635.0	293.3	2.06	116.0
308.221	0.188	fixation	n/a	641.4	295.7	2718.0	n/a	n/a	n/a	n/a
308.411	0.018	saccade	n/a	647.2	296.9	n/a	673.4	298.3	0.91	67.0
308.431	0.2	fixation	n/a	672.5	297.2	2560.0	n/a	n/a	n/a	n/a
308.633	0.454	saccade	n/a	675.1	297.1	n/a	686.7	296.4	0.4	2809.0
308.663	0.394	blink	n/a	n/a	n/a	n/a	n/a	n/a	n/a	n/a
309.089	0.132	fixation	n/a	691.3	291.4	2537.0	n/a	n/a	n/a	n/a
309.223	0.022	saccade	n/a	691.3	289.9	n/a	647.1	293.0	1.52	102.0
309.247	0.39	fixation	n/a	654.1	293.6	2375.0	n/a	n/a	n/a	n/a
309.639	0.016	saccade	n/a	660.5	293.7	n/a	684.9	297.4	0.85	64.0
309.657	0.126	fixation	n/a	685.6	297.6	2307.0	n/a	n/a	n/a	n/a
309.785	0.042	saccade	n/a	685.6	301.3	n/a	510.0	284.3	6.12	268.0
309.829	0.12	fixation	n/a	510.6	287.1	2441.0	n/a	n/a	n/a	n/a
309.951	0.034	saccade	n/a	509.1	288.0	n/a	413.2	197.4	4.65	237.0
309.987	0.066	fixation	n/a	408.4	192.3	2572.0	n/a	n/a	n/a	n/a
310.055	0.03	saccade	n/a	405.8	191.8	n/a	330.1	169.9	2.75	175.0
310.087	0.116	fixation	n/a	329.5	170.6	2669.0	n/a	n/a	n/a	n/a
310.205	0.152	saccade	n/a	328.5	172.8	n/a	401.7	189.0	2.61	800.0
310.239	0.062	blink	n/a	n/a	n/a	n/a	n/a	n/a	n/a	n/a
310.359	0.082	fixation	n/a	402.4	185.3	2810.0	n/a	n/a	n/a	n/a
310.443	0.152	saccade	n/a	403.5	180.4	n/a	460.6	177.8	2.0	691.0
310.477	0.06	blink	n/a	n/a	n/a	n/a	n/a	n/a	n/a	n/a
310.597	0.16	fixation	n/a	460.7	177.5	2989.0	n/a	n/a	n/a	n/a
310.759	0.04	saccade	n/a	460.4	179.3	n/a	306.3	178.1	5.37	239.0
310.776	0.0	trigger_11	11	n/a	n/a	n/a	n/a	n/a	n/a	n/a
310.801	0.21	fixation	n/a	308.5	177.6	3085.0	n/a	n/a	n/a	n/a
310.832	0.0	trigger_10	10	n/a	n/a	n/a	n/a	n/a	n/a	n/a
311.013	0.042	saccade	n/a	306.1	177.2	n/a	145.5	189.6	5.52	284.0
311.057	0.07	fixation	n/a	146.1	189.8	3200.0	n/a	n/a	n/a	n/a
311.129	0.042	saccade	n/a	143.0	187.7	n/a	141.7	183.0	0.17	271.0
311.173	0.094	fixation	n/a	141.3	180.3	3280.0	n/a	n/a	n/a	n/a
311.269	0.072	saccade	n/a	142.0	181.7	n/a	211.2	185.7	2.35	1783.0
311.343	0.084	fixation	n/a	211.3	182.1	3265.0	n/a	n/a	n/a	n/a
311.429	0.092	saccade	n/a	212.0	179.9	n/a	302.1	184.5	3.11	1154.0
311.451	0.014	blink	n/a	n/a	n/a	n/a	n/a	n/a	n/a	n/a
311.523	0.35	fixation	n/a	323.1	187.2	3150.0	n/a	n/a	n/a	n/a
311.875	0.032	saccade	n/a	325.0	187.0	n/a	420.0	183.7	3.32	183.0
311.909	0.406	fixation	n/a	415.6	181.2	3003.0	n/a	n/a	n/a	n/a
312.317	0.028	saccade	n/a	410.4	182.1	n/a	474.3	179.6	2.24	141.0
312.347	0.208	fixation	n/a	472.2	176.4	2971.0	n/a	n/a	n/a	n/a
312.557	0.03	saccade	n/a	471.3	175.0	n/a	552.7	173.4	2.85	154.0
312.589	0.302	fixation	n/a	550.9	174.8	3007.0	n/a	n/a	n/a	n/a
312.893	0.02	saccade	n/a	554.7	171.4	n/a	589.4	165.6	1.23	80.0
312.915	0.358	fixation	n/a	588.9	167.1	3096.0	n/a	n/a	n/a	n/a
313.275	1.23	saccade	n/a	596.4	165.9	n/a	375.5	240.9	8.14	1671.0
313.343	1.138	blink	n/a	n/a	n/a	n/a	n/a	n/a	n/a	n/a
314.507	0.164	fixation	n/a	374.9	240.8	3033.0	n/a	n/a	n/a	n/a
314.673	0.026	saccade	n/a	376.5	236.9	n/a	448.2	234.6	2.5	147.0
314.701	0.228	fixation	n/a	448.8	234.9	2850.0	n/a	n/a	n/a	n/a
314.931	0.024	saccade	n/a	448.6	235.7	n/a	399.7	238.3	1.72	112.0
314.957	0.166	fixation	n/a	402.4	237.0	2821.0	n/a	n/a	n/a	n/a
315.125	0.038	saccade	n/a	403.2	238.3	n/a	529.5	230.5	4.42	191.0
315.165	0.26	fixation	n/a	530.6	236.8	2812.0	n/a	n/a	n/a	n/a
315.427	0.022	saccade	n/a	534.3	236.7	n/a	574.0	236.3	1.39	86.0
315.451	0.248	fixation	n/a	575.0	230.9	2779.0	n/a	n/a	n/a	n/a
315.701	0.02	saccade	n/a	576.3	232.1	n/a	612.2	234.0	1.25	78.0
315.723	0.226	fixation	n/a	615.7	230.6	2824.0	n/a	n/a	n/a	n/a
315.951	0.016	saccade	n/a	618.8	231.2	n/a	641.2	232.6	0.78	60.0
315.969	0.182	fixation	n/a	639.2	228.5	2790.0	n/a	n/a	n/a	n/a
316.153	0.774	saccade	n/a	639.7	229.3	n/a	234.1	190.9	14.05	1777.0
316.203	0.7	blink	n/a	n/a	n/a	n/a	n/a	n/a	n/a	n/a
316.832	0.0	trigger_11	11	n/a	n/a	n/a	n/a	n/a	n/a	n/a
316.898	0.0	trigger_12	12	n/a	n/a	n/a	n/a	n/a	n/a	n/a
316.929	0.074	fixation	n/a	234.5	191.4	2906.0	n/a	n/a	n/a	n/a
317.005	0.084	saccade	n/a	233.8	189.6	n/a	219.3	181.0	0.58	1703.0
317.029	0.026	blink	n/a	n/a	n/a	n/a	n/a	n/a	n/a	n/a
317.091	0.024	fixation	n/a	219.4	181.5	2993.0	n/a	n/a	n/a	n/a
317.117	0.03	saccade	n/a	218.0	182.2	n/a	145.2	181.4	2.48	170.0
317.149	0.214	fixation	n/a	143.6	180.1	3071.0	n/a	n/a	n/a	n/a
317.365	0.02	saccade	n/a	145.0	178.9	n/a	184.9	180.4	1.35	91.0
317.387	0.112	fixation	n/a	185.3	178.8	3060.0	n/a	n/a	n/a	n/a
317.501	0.028	saccade	n/a	186.5	176.0	n/a	253.0	180.8	2.28	156.0
317.531	0.2	fixation	n/a	248.7	180.4	3122.0	n/a	n/a	n/a	n/a
317.733	0.026	saccade	n/a	248.2	176.3	n/a	300.4	175.8	1.8	122.0
317.761	0.3	fixation	n/a	297.9	178.5	3183.0	n/a	n/a	n/a	n/a
318.063	0.026	saccade	n/a	299.7	177.7	n/a	371.4	176.3	2.49	143.0
318.091	0.37	fixation	n/a	370.4	175.0	3154.0	n/a	n/a	n/a	n/a
318.463	0.03	saccade	n/a	373.5	177.6	n/a	454.1	176.5	2.81	162.0
318.495	0.178	fixation	n/a	453.7	175.5	3074.0	n/a	n/a	n/a	n/a
318.675	0.02	saccade	n/a	451.3	175.6	n/a	410.3	176.8	1.43	100.0
318.697	0.148	fixation	n/a	415.9	180.0	3115.0	n/a	n/a	n/a	n/a
318.847	0.038	saccade	n/a	418.0	180.8	n/a	546.2	171.2	4.5	220.0
318.887	0.26	fixation	n/a	547.3	172.5	3058.0	n/a	n/a	n/a	n/a
319.149	0.014	saccade	n/a	552.2	173.6	n/a	568.5	169.9	0.58	47.0
319.165	0.324	fixation	n/a	566.6	171.8	2999.0	n/a	n/a	n/a	n/a
319.491	0.37	saccade	n/a	568.4	173.6	n/a	585.1	174.8	0.58	2380.0
319.521	0.3	blink	n/a	n/a	n/a	n/a	n/a	n/a	n/a	n/a
319.863	0.204	fixation	n/a	574.8	170.1	3117.0	n/a	n/a	n/a	n/a
320.069	0.044	saccade	n/a	573.0	172.3	n/a	381.5	180.4	6.68	278.0
320.112	0.0	trigger_13	13	n/a	n/a	n/a	n/a	n/a	n/a	n/a
320.115	0.218	fixation	n/a	381.4	183.1	3159.0	n/a	n/a	n/a	n/a
320.176	0.0	trigger_10	10	n/a	n/a	n/a	n/a	n/a	n/a	n/a
320.335	0.044	saccade	n/a	380.8	188.3	n/a	189.3	179.4	6.62	289.0
320.381	0.054	fixation	n/a	189.3	180.5	3272.0	n/a	n/a	n/a	n/a
320.437	0.03	saccade	n/a	187.7	180.7	n/a	131.3	182.3	1.91	166.0
320.469	0.218	fixation	n/a	132.6	179.7	3320.0	n/a	n/a	n/a	n/a
320.689	0.038	saccade	n/a	133.0	182.1	n/a	266.4	187.5	4.55	234.0
320.729	0.198	fixation	n/a	267.4	182.7	3280.0	n/a	n/a	n/a	n/a
320.929	0.028	saccade	n/a	266.2	180.2	n/a	214.2	180.2	1.79	133.0
320.959	0.24	fixation	n/a	218.5	180.0	3141.0	n/a	n/a	n/a	n/a
321.201	0.03	saccade	n/a	219.1	178.4	n/a	303.4	180.6	2.9	175.0
321.233	0.19	fixation	n/a	304.0	182.6	3053.0	n/a	n/a	n/a	n/a
321.425	0.026	saccade	n/a	305.9	183.1	n/a	363.9	183.7	2.01	131.0
321.453	0.244	fixation	n/a	362.1	183.7	3116.0	n/a	n/a	n/a	n/a
321.699	0.024	saccade	n/a	360.8	185.9	n/a	315.4	184.8	1.58	107.0
321.725	0.058	fixation	n/a	318.5	184.5	3173.0	n/a	n/a	n/a	n/a
321.785	0.732	saccade	n/a	320.6	188.9	n/a	177.3	184.3	4.93	1883.0
321.815	0.632	blink	n/a	n/a	n/a	n/a	n/a	n/a	n/a	n/a
322.519	0.246	fixation	n/a	177.3	186.1	2977.0	n/a	n/a	n/a	n/a
322.767	0.048	saccade	n/a	176.0	181.0	n/a	407.5	184.6	7.98	308.0
322.817	0.24	fixation	n/a	413.8	184.6	3085.0	n/a	n/a	n/a	n/a
323.059	0.018	saccade	n/a	415.9	178.4	n/a	440.9	174.8	0.88	66.0
323.079	0.56	fixation	n/a	432.7	177.9	3156.0	n/a	n/a	n/a	n/a
323.432	0.0	trigger_11	11	n/a	n/a	n/a	n/a	n/a	n/a	n/a
323.494	0.0	trigger_10	10	n/a	n/a	n/a	n/a	n/a	n/a	n/a
323.641	0.046	saccade	n/a	429.5	182.3	n/a	230.6	182.4	6.89	274.0
323.689	0.05	fixation	n/a	229.3	185.6	3297.0	n/a	n/a	n/a	n/a
323.741	0.032	saccade	n/a	227.0	186.4	n/a	158.0	185.5	2.36	189.0
323.775	0.192	fixation	n/a	157.8	187.2	3316.0	n/a	n/a	n/a	n/a
323.969	0.02	saccade	n/a	152.7	185.6	n/a	109.4	182.4	1.46	98.0
323.991	0.112	fixation	n/a	115.3	182.2	3305.0	n/a	n/a	n/a	n/a
324.105	0.042	saccade	n/a	117.7	187.4	n/a	286.1	190.0	5.74	272.0
324.149	0.29	fixation	n/a	286.3	189.5	3156.0	n/a	n/a	n/a	n/a
324.441	0.032	saccade	n/a	279.3	191.0	n/a	369.6	193.6	3.15	182.0
324.475	0.364	fixation	n/a	367.0	189.1	3070.0	n/a	n/a	n/a	n/a
324.841	0.028	saccade	n/a	367.6	187.3	n/a	434.3	183.0	2.34	139.0
324.871	0.114	fixation	n/a	434.6	184.6	2933.0	n/a	n/a	n/a	n/a
324.987	0.028	saccade	n/a	435.4	181.0	n/a	361.6	181.0	2.58	159.0
325.017	0.23	fixation	n/a	360.3	182.4	2887.0	n/a	n/a	n/a	n/a
325.249	0.03	saccade	n/a	360.0	185.9	n/a	441.5	184.5	2.86	161.0
325.281	0.21	fixation	n/a	439.0	182.8	2887.0	n/a	n/a	n/a	n/a
325.493	0.028	saccade	n/a	441.4	184.6	n/a	510.8	178.4	2.44	144.0
325.523	0.184	fixation	n/a	509.3	176.3	2848.0	n/a	n/a	n/a	n/a
325.709	0.028	saccade	n/a	511.8	177.5	n/a	590.3	173.0	2.74	150.0
325.739	0.194	fixation	n/a	589.8	169.5	2812.0	n/a	n/a	n/a	n/a
325.935	0.03	saccade	n/a	590.7	165.5	n/a	519.7	177.2	2.51	169.0
325.967	0.068	fixation	n/a	520.2	178.7	2803.0	n/a	n/a	n/a	n/a
326.037	0.018	saccade	n/a	516.2	180.8	n/a	488.0	180.5	0.99	76.0
326.057	0.248	fixation	n/a	491.3	182.9	2833.0	n/a	n/a	n/a	n/a
326.307	0.032	saccade	n/a	493.8	182.0	n/a	590.7	176.2	3.39	182.0
326.341	0.176	fixation	n/a	590.5	172.3	2773.0	n/a	n/a	n/a	n/a
326.519	0.068	saccade	n/a	591.0	173.4	n/a	157.2	228.2	15.01	339.0
326.589	0.09	fixation	n/a	160.9	234.5	2759.0	n/a	n/a	n/a	n/a
326.681	0.164	saccade	n/a	164.8	242.4	n/a	138.8	240.4	0.88	2056.0
326.711	0.108	blink	n/a	n/a	n/a	n/a	n/a	n/a	n/a	n/a
326.847	0.032	fixation	n/a	138.6	240.8	2997.0	n/a	n/a	n/a	n/a
326.881	0.052	saccade	n/a	137.4	240.6	n/a	137.6	239.1	0.05	1327.0
326.935	0.052	fixation	n/a	140.6	241.3	2928.0	n/a	n/a	n/a	n/a
326.989	0.214	saccade	n/a	141.2	244.4	n/a	233.2	239.3	3.15	2007.0
327.013	0.104	blink	n/a	n/a	n/a	n/a	n/a	n/a	n/a	n/a
327.205	0.136	fixation	n/a	235.2	238.4	2822.0	n/a	n/a	n/a	n/a
327.343	0.034	saccade	n/a	238.2	238.5	n/a	352.6	243.0	3.96	195.0
327.379	0.184	fixation	n/a	353.6	240.5	2702.0	n/a	n/a	n/a	n/a
327.565	0.024	saccade	n/a	356.2	238.2	n/a	414.6	238.7	2.04	122.0
327.591	0.172	fixation	n/a	412.5	240.2	2763.0	n/a	n/a	n/a	n/a
327.765	0.018	saccade	n/a	409.0	244.1	n/a	380.4	245.4	1.0	74.0
327.785	0.134	fixation	n/a	382.9	244.1	2811.0	n/a	n/a	n/a	n/a
327.921	0.034	saccade	n/a	383.1	240.4	n/a	499.5	238.8	4.07	192.0
327.957	0.174	fixation	n/a	498.5	237.9	2886.0	n/a	n/a	n/a	n/a
328.133	0.032	saccade	n/a	497.4	235.9	n/a	425.1	235.4	2.52	177.0
328.167	0.212	fixation	n/a	424.6	239.9	2986.0	n/a	n/a	n/a	n/a
328.381	0.044	saccade	n/a	423.8	247.3	n/a	587.1	241.0	5.71	251.0
328.427	0.222	fixation	n/a	591.9	234.8	3011.0	n/a	n/a	n/a	n/a
328.651	0.028	saccade	n/a	593.1	237.1	n/a	528.4	238.0	2.26	170.0
328.681	0.02	fixation	n/a	532.5	238.7	2967.0	n/a	n/a	n/a	n/a
328.703	0.028	saccade	n/a	529.8	240.1	n/a	470.1	243.6	2.1	175.0
328.733	0.268	fixation	n/a	470.4	245.2	2904.0	n/a	n/a	n/a	n/a
329.003	0.016	saccade	n/a	474.3	245.9	n/a	494.8	245.6	0.72	54.0
329.021	0.282	fixation	n/a	498.1	242.6	2936.0	n/a	n/a	n/a	n/a
329.305	0.032	saccade	n/a	508.6	240.6	n/a	603.9	233.9	3.33	174.0
329.339	0.13	fixation	n/a	601.6	230.9	2867.0	n/a	n/a	n/a	n/a
329.471	0.028	saccade	n/a	604.7	234.0	n/a	652.5	235.5	1.66	129.0
329.501	0.124	fixation	n/a	650.7	234.9	2821.0	n/a	n/a	n/a	n/a
329.627	0.07	saccade	n/a	652.3	234.8	n/a	139.5	281.5	17.58	390.0
329.699	0.204	fixation	n/a	140.6	292.9	2931.0	n/a	n/a	n/a	n/a
329.905	0.112	saccade	n/a	137.6	303.4	n/a	189.2	301.5	1.75	1986.0
329.957	0.026	blink	n/a	n/a	n/a	n/a	n/a	n/a	n/a	n/a
330.019	0.066	fixation	n/a	189.3	302.6	3090.0	n/a	n/a	n/a	n/a
330.087	0.024	saccade	n/a	191.6	306.4	n/a	255.9	306.8	2.21	135.0
330.113	0.172	fixation	n/a	256.1	305.8	2937.0	n/a	n/a	n/a	n/a
330.287	0.03	saccade	n/a	255.2	302.4	n/a	350.0	301.0	3.27	144.0
330.319	0.108	fixation	n/a	363.9	301.9	2913.0	n/a	n/a	n/a	n/a
330.429	0.26	saccade	n/a	369.1	307.7	n/a	253.2	306.0	4.01	1801.0
330.459	0.17	blink	n/a	n/a	n/a	n/a	n/a	n/a	n/a	n/a
330.691	0.026	fixation	n/a	252.6	303.9	2999.0	n/a	n/a	n/a	n/a
330.719	0.396	saccade	n/a	250.4	303.3	n/a	381.3	300.7	4.54	1894.0
330.767	0.324	blink	n/a	n/a	n/a	n/a	n/a	n/a	n/a	n/a
331.117	0.068	fixation	n/a	380.7	298.1	3097.0	n/a	n/a	n/a	n/a
331.187	0.02	saccade	n/a	378.8	297.6	n/a	345.5	297.1	1.16	83.0
331.209	0.206	fixation	n/a	349.0	300.5	3004.0	n/a	n/a	n/a	n/a
331.417	0.014	saccade	n/a	346.1	300.9	n/a	326.9	301.6	0.67	56.0
331.433	0.062	fixation	n/a	333.3	301.9	2940.0	n/a	n/a	n/a	n/a
331.497	0.026	saccade	n/a	337.0	303.1	n/a	407.8	300.0	2.47	146.0
331.525	0.208	fixation	n/a	407.4	299.0	2947.0	n/a	n/a	n/a	n/a
331.735	0.03	saccade	n/a	410.2	299.8	n/a	490.5	297.6	2.81	158.0
331.767	0.316	fixation	n/a	488.4	299.7	2925.0	n/a	n/a	n/a	n/a
332.085	0.03	saccade	n/a	490.4	303.1	n/a	571.1	302.5	2.83	160.0
332.117	0.218	fixation	n/a	570.2	299.2	2876.0	n/a	n/a	n/a	n/a
332.337	0.022	saccade	n/a	572.9	302.3	n/a	614.4	300.7	1.45	97.0
332.361	0.082	fixation	n/a	609.4	301.1	2890.0	n/a	n/a	n/a	n/a
332.445	0.298	saccade	n/a	608.5	302.4	n/a	155.4	360.6	15.68	1959.0
332.499	0.218	blink	n/a	n/a	n/a	n/a	n/a	n/a	n/a	n/a
332.745	0.066	fixation	n/a	155.5	357.6	3125.0	n/a	n/a	n/a	n/a
332.813	0.418	saccade	n/a	154.9	355.0	n/a	415.9	356.8	8.97	2265.0
332.865	0.338	blink	n/a	n/a	n/a	n/a	n/a	n/a	n/a	n/a
333.233	0.224	fixation	n/a	415.8	358.5	2919.0	n/a	n/a	n/a	n/a
333.459	0.024	saccade	n/a	419.8	359.7	n/a	475.3	358.7	1.94	120.0
333.485	0.13	fixation	n/a	474.6	358.8	2746.0	n/a	n/a	n/a	n/a
333.617	0.028	saccade	n/a	477.5	357.8	n/a	560.5	355.0	2.9	151.0
333.647	0.182	fixation	n/a	561.8	351.7	2674.0	n/a	n/a	n/a	n/a
333.831	0.852	saccade	n/a	562.3	354.1	n/a	259.3	181.9	12.14	2324.0
333.885	0.75	blink	n/a	n/a	n/a	n/a	n/a	n/a	n/a	n/a
334.685	0.092	fixation	n/a	260.8	182.0	2941.0	n/a	n/a	n/a	n/a
334.779	0.03	saccade	n/a	260.4	181.9	n/a	173.0	174.8	3.01	179.0
334.811	0.25	fixation	n/a	172.7	173.7	2854.0	n/a	n/a	n/a	n/a
335.063	0.04	saccade	n/a	171.3	172.5	n/a	325.8	179.1	5.31	244.0
335.105	0.186	fixation	n/a	326.8	181.7	2986.0	n/a	n/a	n/a	n/a
335.293	0.02	saccade	n/a	327.1	186.0	n/a	289.2	185.0	1.32	92.0
335.315	0.324	fixation	n/a	293.6	182.6	3046.0	n/a	n/a	n/a	n/a
335.402	0.0	trigger_11	11	n/a	n/a	n/a	n/a	n/a	n/a	n/a
335.464	0.0	trigger_10	10	n/a	n/a	n/a	n/a	n/a	n/a	n/a
335.641	0.038	saccade	n/a	294.7	187.7	n/a	141.8	176.6	5.25	251.0
335.681	0.46	fixation	n/a	133.5	178.6	3112.0	n/a	n/a	n/a	n/a
336.143	0.028	saccade	n/a	127.0	177.0	n/a	209.2	184.0	2.8	161.0
336.173	0.074	fixation	n/a	206.5	185.0	3167.0	n/a	n/a	n/a	n/a
336.249	0.218	saccade	n/a	207.5	184.4	n/a	264.8	197.2	2.03	1239.0
336.317	0.106	blink	n/a	n/a	n/a	n/a	n/a	n/a	n/a	n/a
336.469	0.208	fixation	n/a	265.7	190.3	3225.0	n/a	n/a	n/a	n/a
336.679	0.06	saccade	n/a	265.3	190.7	n/a	216.9	192.5	1.67	1509.0
336.705	0.012	blink	n/a	n/a	n/a	n/a	n/a	n/a	n/a	n/a
336.741	0.128	fixation	n/a	215.9	189.8	3331.0	n/a	n/a	n/a	n/a
336.871	0.03	saccade	n/a	216.5	188.6	n/a	288.1	188.8	2.46	150.0
336.903	0.236	fixation	n/a	286.4	188.3	3124.0	n/a	n/a	n/a	n/a
337.141	0.026	saccade	n/a	288.6	188.0	n/a	357.6	187.6	2.4	141.0
337.169	0.146	fixation	n/a	355.2	189.8	3277.0	n/a	n/a	n/a	n/a
337.317	0.03	saccade	n/a	351.4	186.3	n/a	279.0	184.3	2.51	168.0
337.349	0.284	fixation	n/a	281.2	188.5	3303.0	n/a	n/a	n/a	n/a
337.635	0.034	saccade	n/a	282.9	188.0	n/a	401.0	185.5	4.11	200.0
337.671	0.238	fixation	n/a	400.9	184.6	3311.0	n/a	n/a	n/a	n/a
337.911	0.028	saccade	n/a	404.8	183.6	n/a	476.2	185.0	2.5	143.0
337.941	0.292	fixation	n/a	474.4	180.0	3129.0	n/a	n/a	n/a	n/a
338.235	0.03	saccade	n/a	478.0	177.9	n/a	563.0	177.6	2.97	151.0
338.267	0.232	fixation	n/a	560.5	178.4	3022.0	n/a	n/a	n/a	n/a
338.501	0.026	saccade	n/a	562.4	178.4	n/a	627.1	174.7	2.26	130.0
338.529	0.09	fixation	n/a	625.2	170.5	2985.0	n/a	n/a	n/a	n/a
338.621	0.07	saccade	n/a	626.5	169.9	n/a	153.3	239.2	16.39	374.0
338.693	0.124	fixation	n/a	155.5	245.2	3070.0	n/a	n/a	n/a	n/a
338.819	0.098	saccade	n/a	155.7	247.6	n/a	111.6	242.5	1.5	844.0
338.919	0.128	fixation	n/a	110.1	240.7	3103.0	n/a	n/a	n/a	n/a
339.049	0.098	saccade	n/a	110.9	239.7	n/a	259.9	244.3	5.07	2113.0
339.109	0.006	blink	n/a	n/a	n/a	n/a	n/a	n/a	n/a	n/a
339.149	0.198	fixation	n/a	261.5	243.8	3061.0	n/a	n/a	n/a	n/a
339.349	0.03	saccade	n/a	265.8	243.8	n/a	352.5	247.2	3.02	166.0
339.381	0.262	fixation	n/a	353.7	242.1	2921.0	n/a	n/a	n/a	n/a
339.645	0.032	saccade	n/a	367.1	241.3	n/a	469.8	241.9	3.58	150.0
339.679	0.184	fixation	n/a	477.2	240.8	2721.0	n/a	n/a	n/a	n/a
339.865	0.026	saccade	n/a	481.2	242.7	n/a	550.0	240.2	2.41	137.0
339.893	0.312	fixation	n/a	552.2	236.4	2609.0	n/a	n/a	n/a	n/a
340.207	0.02	saccade	n/a	558.4	232.2	n/a	592.7	232.1	1.2	76.0
340.229	0.138	fixation	n/a	594.2	230.8	2417.0	n/a	n/a	n/a	n/a
340.369	0.47	saccade	n/a	594.8	231.0	n/a	93.0	290.2	17.19	1617.0
340.445	0.246	blink	n/a	n/a	n/a	n/a	n/a	n/a	n/a	n/a
340.841	0.108	fixation	n/a	98.5	292.1	2660.0	n/a	n/a	n/a	n/a
340.951	0.07	saccade	n/a	101.0	295.8	n/a	257.5	301.3	5.32	2406.0
341.023	0.136	fixation	n/a	259.3	301.2	2709.0	n/a	n/a	n/a	n/a
341.161	0.018	saccade	n/a	256.3	300.6	n/a	223.7	301.5	1.12	82.0
341.181	0.132	fixation	n/a	226.3	302.9	2757.0	n/a	n/a	n/a	n/a
341.315	0.048	saccade	n/a	228.5	306.3	n/a	435.0	302.1	7.16	255.0
341.365	0.16	fixation	n/a	437.7	301.2	2809.0	n/a	n/a	n/a	n/a
341.527	0.024	saccade	n/a	435.7	300.2	n/a	392.2	299.2	1.52	109.0
341.553	0.386	fixation	n/a	392.5	299.9	2871.0	n/a	n/a	n/a	n/a
341.941	0.036	saccade	n/a	391.5	301.0	n/a	514.9	295.4	4.32	214.0
341.979	0.296	fixation	n/a	515.9	295.4	2972.0	n/a	n/a	n/a	n/a
342.277	0.03	saccade	n/a	515.9	296.4	n/a	582.6	294.3	2.33	138.0
342.309	0.198	fixation	n/a	581.0	295.9	2945.0	n/a	n/a	n/a	n/a
342.509	0.666	saccade	n/a	581.5	296.3	n/a	304.7	362.0	9.89	2178.0
342.571	0.58	blink	n/a	n/a	n/a	n/a	n/a	n/a	n/a	n/a
343.177	0.032	fixation	n/a	303.3	359.7	3163.0	n/a	n/a	n/a	n/a
343.211	0.564	saccade	n/a	306.9	358.4	n/a	231.2	360.7	2.61	2061.0
343.241	0.514	blink	n/a	n/a	n/a	n/a	n/a	n/a	n/a	n/a
343.777	0.068	fixation	n/a	231.3	358.7	3131.0	n/a	n/a	n/a	n/a
343.847	0.024	saccade	n/a	234.0	356.8	n/a	297.0	357.0	2.17	127.0
343.873	0.242	fixation	n/a	306.9	356.7	2940.0	n/a	n/a	n/a	n/a
344.117	0.03	saccade	n/a	309.6	354.9	n/a	397.2	359.0	3.05	164.0
344.149	0.168	fixation	n/a	394.9	357.1	2987.0	n/a	n/a	n/a	n/a
344.319	0.032	saccade	n/a	398.5	360.3	n/a	488.2	354.4	3.14	180.0
344.353	0.276	fixation	n/a	484.2	351.0	3005.0	n/a	n/a	n/a	n/a
344.631	0.026	saccade	n/a	485.3	350.4	n/a	558.7	352.4	2.56	145.0
344.659	0.266	fixation	n/a	555.6	352.2	2944.0	n/a	n/a	n/a	n/a
344.927	0.028	saccade	n/a	554.8	350.6	n/a	491.3	322.4	2.42	151.0
344.957	0.16	fixation	n/a	493.5	323.3	2944.0	n/a	n/a	n/a	n/a
345.119	0.026	saccade	n/a	492.6	322.3	n/a	459.5	266.9	2.28	125.0
345.147	0.226	fixation	n/a	459.2	262.8	2906.0	n/a	n/a	n/a	n/a
345.375	0.02	saccade	n/a	458.6	269.6	n/a	449.6	300.8	1.15	75.0
345.397	0.282	fixation	n/a	446.8	296.0	3123.0	n/a	n/a	n/a	n/a
345.681	0.02	saccade	n/a	443.9	297.7	n/a	423.3	317.9	1.01	68.0
345.703	0.112	fixation	n/a	423.2	317.6	3280.0	n/a	n/a	n/a	n/a
345.817	0.038	saccade	n/a	423.6	315.5	n/a	421.9	190.4	4.43	231.0
345.857	0.296	fixation	n/a	421.1	196.1	3320.0	n/a	n/a	n/a	n/a
345.93	0.0	trigger_11	11	n/a	n/a	n/a	n/a	n/a	n/a	n/a
345.99	0.0	trigger_12	12	n/a	n/a	n/a	n/a	n/a	n/a	n/a
346.155	0.046	saccade	n/a	420.5	196.0	n/a	206.6	183.2	7.43	297.0
346.203	0.058	fixation	n/a	207.3	184.9	3415.0	n/a	n/a	n/a	n/a
346.263	0.04	saccade	n/a	206.2	185.8	n/a	147.1	179.6	2.02	191.0
346.305	0.266	fixation	n/a	145.1	183.2	3371.0	n/a	n/a	n/a	n/a
346.573	0.016	saccade	n/a	144.9	186.9	n/a	122.6	188.5	0.76	64.0
346.591	0.246	fixation	n/a	128.1	187.5	3204.0	n/a	n/a	n/a	n/a
346.839	0.032	saccade	n/a	130.1	184.9	n/a	232.5	191.8	3.49	215.0
346.873	0.15	fixation	n/a	232.8	192.6	3175.0	n/a	n/a	n/a	n/a
347.025	0.018	saccade	n/a	231.4	191.5	n/a	204.5	189.0	0.93	68.0
347.045	0.334	fixation	n/a	209.4	189.3	3239.0	n/a	n/a	n/a	n/a
347.381	0.026	saccade	n/a	213.5	194.2	n/a	284.9	195.8	2.46	153.0
347.409	0.228	fixation	n/a	281.9	192.4	3242.0	n/a	n/a	n/a	n/a
347.639	0.028	saccade	n/a	283.2	193.6	n/a	373.4	192.9	3.14	166.0
347.669	0.53	fixation	n/a	377.5	191.9	3210.0	n/a	n/a	n/a	n/a
348.201	0.016	saccade	n/a	376.8	189.0	n/a	353.2	188.5	0.82	61.0
348.219	0.132	fixation	n/a	350.1	185.9	3130.0	n/a	n/a	n/a	n/a
348.353	0.038	saccade	n/a	350.3	183.6	n/a	489.8	181.2	4.87	233.0
348.393	0.204	fixation	n/a	488.5	179.2	3226.0	n/a	n/a	n/a	n/a
348.599	0.03	saccade	n/a	490.3	177.9	n/a	572.9	172.0	2.89	161.0
348.631	0.204	fixation	n/a	570.7	175.5	3174.0	n/a	n/a	n/a	n/a
348.837	0.026	saccade	n/a	574.4	176.0	n/a	632.4	175.8	2.02	131.0
348.865	0.1	fixation	n/a	628.6	175.7	3072.0	n/a	n/a	n/a	n/a
348.967	0.07	saccade	n/a	629.2	177.5	n/a	150.0	248.2	16.6	363.0
349.039	0.048	fixation	n/a	149.4	247.8	3119.0	n/a	n/a	n/a	n/a
349.089	0.22	saccade	n/a	148.5	249.0	n/a	262.8	237.0	3.92	2197.0
349.311	0.322	fixation	n/a	262.0	238.4	3127.0	n/a	n/a	n/a	n/a
349.635	0.018	saccade	n/a	264.4	240.9	n/a	233.3	231.3	1.12	85.0
349.655	0.164	fixation	n/a	239.4	231.1	3072.0	n/a	n/a	n/a	n/a
349.821	0.03	saccade	n/a	237.2	232.0	n/a	173.8	245.8	2.22	160.0
349.853	0.26	fixation	n/a	174.1	250.3	3210.0	n/a	n/a	n/a	n/a
350.115	0.03	saccade	n/a	174.3	251.7	n/a	261.0	244.1	2.99	170.0
350.147	0.076	fixation	n/a	256.9	242.9	3372.0	n/a	n/a	n/a	n/a
350.225	0.148	saccade	n/a	259.4	243.4	n/a	257.0	242.1	0.09	1758.0
350.259	0.052	blink	n/a	n/a	n/a	n/a	n/a	n/a	n/a	n/a
350.375	0.178	fixation	n/a	259.8	245.2	3358.0	n/a	n/a	n/a	n/a
350.555	0.026	saccade	n/a	258.2	244.8	n/a	204.4	245.8	1.85	129.0
350.583	0.104	fixation	n/a	208.8	246.1	3331.0	n/a	n/a	n/a	n/a
350.689	0.116	saccade	n/a	208.1	247.3	n/a	284.1	246.2	2.61	1321.0
350.729	0.03	blink	n/a	n/a	n/a	n/a	n/a	n/a	n/a	n/a
350.807	0.344	fixation	n/a	285.2	247.7	3307.0	n/a	n/a	n/a	n/a
351.153	0.032	saccade	n/a	285.1	246.9	n/a	375.8	247.3	3.15	177.0
351.187	0.172	fixation	n/a	371.8	247.1	3285.0	n/a	n/a	n/a	n/a
351.361	0.04	saccade	n/a	372.6	246.6	n/a	513.6	239.9	4.94	224.0
351.403	0.14	fixation	n/a	510.7	238.1	3266.0	n/a	n/a	n/a	n/a
351.545	0.018	saccade	n/a	510.5	240.9	n/a	481.4	242.5	1.02	76.0
351.565	0.158	fixation	n/a	485.9	244.2	3178.0	n/a	n/a	n/a	n/a
351.725	0.036	saccade	n/a	485.2	242.2	n/a	363.9	241.8	4.24	240.0
351.763	0.084	fixation	n/a	362.4	244.4	3118.0	n/a	n/a	n/a	n/a
351.849	0.028	saccade	n/a	360.6	246.8	n/a	304.3	245.5	1.96	151.0
351.879	0.146	fixation	n/a	305.9	244.5	3061.0	n/a	n/a	n/a	n/a
352.027	0.022	saccade	n/a	302.3	243.3	n/a	260.1	244.7	1.46	103.0
352.051	0.174	fixation	n/a	264.1	247.1	3055.0	n/a	n/a	n/a	n/a
352.227	0.032	saccade	n/a	267.4	247.9	n/a	375.8	246.0	3.77	188.0
352.261	0.236	fixation	n/a	375.9	244.7	3071.0	n/a	n/a	n/a	n/a
352.499	0.022	saccade	n/a	380.0	242.5	n/a	427.1	246.7	1.66	102.0
352.523	0.052	fixation	n/a	424.1	247.7	3086.0	n/a	n/a	n/a	n/a
352.577	0.032	saccade	n/a	425.3	248.3	n/a	507.6	246.3	2.89	184.0
352.611	0.334	fixation	n/a	501.8	244.5	3093.0	n/a	n/a	n/a	n/a
352.947	0.028	saccade	n/a	497.1	244.3	n/a	564.4	246.1	2.36	145.0
352.977	0.192	fixation	n/a	563.1	243.1	2957.0	n/a	n/a	n/a	n/a
353.171	0.062	saccade	n/a	564.9	239.6	n/a	174.1	195.1	13.54	344.0
353.235	0.11	fixation	n/a	174.3	201.6	2972.0	n/a	n/a	n/a	n/a
353.347	0.022	saccade	n/a	173.4	202.5	n/a	135.4	189.9	1.36	94.0
353.371	0.272	fixation	n/a	142.3	189.9	2967.0	n/a	n/a	n/a	n/a
353.645	0.046	saccade	n/a	144.2	192.0	n/a	326.5	177.7	6.28	234.0
353.693	0.308	fixation	n/a	324.7	171.8	3012.0	n/a	n/a	n/a	n/a
353.746	0.0	trigger_13	13	n/a	n/a	n/a	n/a	n/a	n/a	n/a
353.81	0.0	trigger_10	10	n/a	n/a	n/a	n/a	n/a	n/a	n/a
354.003	0.04	saccade	n/a	321.2	171.5	n/a	169.7	175.5	5.2	256.0
354.045	0.134	fixation	n/a	170.6	178.1	3224.0	n/a	n/a	n/a	n/a
354.181	0.024	saccade	n/a	169.1	181.3	n/a	125.2	178.5	1.49	115.0
354.207	0.126	fixation	n/a	131.8	178.5	3258.0	n/a	n/a	n/a	n/a
354.335	0.03	saccade	n/a	133.2	178.2	n/a	226.8	179.2	3.19	169.0
354.367	0.122	fixation	n/a	223.9	177.9	3232.0	n/a	n/a	n/a	n/a
354.491	0.034	saccade	n/a	226.4	176.9	n/a	343.9	179.6	4.06	218.0
354.527	0.232	fixation	n/a	343.9	179.6	3287.0	n/a	n/a	n/a	n/a
354.761	0.04	saccade	n/a	343.1	181.7	n/a	478.9	173.9	4.76	233.0
354.803	0.262	fixation	n/a	479.2	174.3	3268.0	n/a	n/a	n/a	n/a
355.067	0.02	saccade	n/a	483.0	176.8	n/a	516.3	173.0	1.18	76.0
355.089	0.124	fixation	n/a	518.0	170.2	3146.0	n/a	n/a	n/a	n/a
355.215	0.026	saccade	n/a	520.1	173.1	n/a	580.0	172.5	2.09	127.0
355.243	0.224	fixation	n/a	576.7	167.6	3069.0	n/a	n/a	n/a	n/a
355.469	0.066	saccade	n/a	574.8	168.5	n/a	144.7	240.1	15.02	341.0
355.537	0.438	fixation	n/a	142.6	240.1	3191.0	n/a	n/a	n/a	n/a
355.977	0.032	saccade	n/a	139.4	241.7	n/a	230.5	243.0	3.1	174.0
356.011	0.276	fixation	n/a	227.9	238.8	3169.0	n/a	n/a	n/a	n/a
356.289	0.022	saccade	n/a	231.0	236.6	n/a	272.6	239.5	1.43	91.0
356.313	0.138	fixation	n/a	273.6	241.7	3053.0	n/a	n/a	n/a	n/a
356.453	0.02	saccade	n/a	278.3	244.6	n/a	320.0	247.2	1.45	100.0
356.475	0.104	fixation	n/a	314.9	245.3	3004.0	n/a	n/a	n/a	n/a
356.581	0.188	saccade	n/a	321.3	247.1	n/a	372.3	246.6	1.78	2366.0
356.613	0.132	blink	n/a	n/a	n/a	n/a	n/a	n/a	n/a	n/a
356.771	0.888	fixation	n/a	360.9	244.1	2809.0	n/a	n/a	n/a	n/a
357.661	0.026	saccade	n/a	375.6	240.1	n/a	452.4	238.9	2.69	146.0
357.689	0.644	fixation	n/a	457.5	232.9	2346.0	n/a	n/a	n/a	n/a
358.335	0.242	saccade	n/a	461.1	236.9	n/a	287.1	516.9	11.48	1192.0
358.365	0.17	blink	n/a	n/a	n/a	n/a	n/a	n/a	n/a	n/a
358.579	0.252	fixation	n/a	293.9	510.6	2525.0	n/a	n/a	n/a	n/a
358.833	0.028	saccade	n/a	295.6	514.1	n/a	388.3	526.6	3.2	165.0
358.863	0.168	fixation	n/a	396.6	525.0	2514.0	n/a	n/a	n/a	n/a
359.033	0.024	saccade	n/a	403.1	524.3	n/a	471.7	516.8	2.38	143.0
359.059	0.052	fixation	n/a	473.6	516.2	2396.0	n/a	n/a	n/a	n/a
359.113	0.058	saccade	n/a	475.6	513.2	n/a	371.5	212.0	11.13	282.0
359.173	0.112	fixation	n/a	370.3	208.6	2400.0	n/a	n/a	n/a	n/a
359.287	0.024	saccade	n/a	369.2	211.9	n/a	369.3	161.9	1.78	105.0
359.313	0.118	fixation	n/a	371.6	162.3	2436.0	n/a	n/a	n/a	n/a
359.433	0.032	saccade	n/a	368.1	161.7	n/a	260.2	162.5	3.75	196.0
359.467	0.12	fixation	n/a	255.8	163.2	2556.0	n/a	n/a	n/a	n/a
359.589	0.026	saccade	n/a	254.0	167.5	n/a	189.6	173.7	2.23	150.0
359.617	0.28	fixation	n/a	189.2	172.7	2728.0	n/a	n/a	n/a	n/a
359.899	0.038	saccade	n/a	189.0	176.3	n/a	333.8	182.7	5.02	239.0
359.939	0.244	fixation	n/a	335.2	181.6	2954.0	n/a	n/a	n/a	n/a
360.185	0.044	saccade	n/a	335.3	181.0	n/a	499.8	179.0	5.76	231.0
360.231	0.284	fixation	n/a	500.2	176.4	2993.0	n/a	n/a	n/a	n/a
360.517	0.03	saccade	n/a	500.1	179.0	n/a	579.6	174.1	2.79	164.0
360.549	0.124	fixation	n/a	576.2	172.3	2961.0	n/a	n/a	n/a	n/a
360.675	0.064	saccade	n/a	578.2	172.8	n/a	175.9	237.1	14.03	359.0
360.741	0.192	fixation	n/a	181.0	241.5	2917.0	n/a	n/a	n/a	n/a
360.935	0.02	saccade	n/a	179.6	242.5	n/a	139.3	247.0	1.38	96.0
360.957	0.166	fixation	n/a	143.1	244.0	2907.0	n/a	n/a	n/a	n/a
361.004	0.0	trigger_11	11	n/a	n/a	n/a	n/a	n/a	n/a	n/a
361.068	0.0	trigger_10	10	n/a	n/a	n/a	n/a	n/a	n/a	n/a
361.125	0.032	saccade	n/a	144.5	242.5	n/a	206.0	173.9	3.19	192.0
361.159	0.116	fixation	n/a	207.2	176.4	2888.0	n/a	n/a	n/a	n/a
361.277	0.026	saccade	n/a	205.1	176.0	n/a	150.2	179.4	1.88	129.0
361.305	0.202	fixation	n/a	149.8	175.9	3018.0	n/a	n/a	n/a	n/a
361.509	0.038	saccade	n/a	151.1	176.1	n/a	278.4	180.9	4.36	217.0
361.549	0.154	fixation	n/a	276.8	181.8	3108.0	n/a	n/a	n/a	n/a
361.705	0.026	saccade	n/a	278.0	184.8	n/a	231.4	185.8	1.61	113.0
361.733	0.198	fixation	n/a	235.2	184.7	3125.0	n/a	n/a	n/a	n/a
361.933	0.032	saccade	n/a	237.8	184.3	n/a	361.4	189.1	4.3	194.0
361.967	0.168	fixation	n/a	362.2	186.1	3143.0	n/a	n/a	n/a	n/a
362.137	0.022	saccade	n/a	366.9	187.3	n/a	421.0	187.4	1.89	117.0
362.161	0.176	fixation	n/a	421.6	183.1	3180.0	n/a	n/a	n/a	n/a
362.339	0.026	saccade	n/a	423.6	184.1	n/a	481.5	184.6	2.03	126.0
362.367	0.19	fixation	n/a	478.2	180.1	3120.0	n/a	n/a	n/a	n/a
362.559	0.03	saccade	n/a	479.5	177.6	n/a	565.3	173.0	3.0	165.0
362.591	0.216	fixation	n/a	563.2	176.4	3122.0	n/a	n/a	n/a	n/a
362.809	0.014	saccade	n/a	561.0	176.4	n/a	544.7	175.6	0.57	48.0
362.825	0.056	fixation	n/a	547.2	175.7	3096.0	n/a	n/a	n/a	n/a
362.883	0.026	saccade	n/a	546.4	176.9	n/a	504.8	178.2	1.46	124.0
362.911	0.256	fixation	n/a	507.7	177.7	3043.0	n/a	n/a	n/a	n/a
363.169	0.034	saccade	n/a	508.6	178.9	n/a	597.0	177.0	3.1	180.0
363.205	0.154	fixation	n/a	594.6	174.1	3019.0	n/a	n/a	n/a	n/a
363.361	0.064	saccade	n/a	594.9	170.8	n/a	154.5	230.2	15.28	372.0
363.427	0.118	fixation	n/a	156.8	236.5	3008.0	n/a	n/a	n/a	n/a
363.547	0.024	saccade	n/a	154.0	237.2	n/a	115.8	239.2	1.29	110.0
363.573	0.172	fixation	n/a	120.4	241.7	3075.0	n/a	n/a	n/a	n/a
363.747	0.242	saccade	n/a	124.2	243.2	n/a	258.2	255.4	4.59	1485.0
363.843	0.102	blink	n/a	n/a	n/a	n/a	n/a	n/a	n/a	n/a
363.991	0.12	fixation	n/a	258.2	241.3	3158.0	n/a	n/a	n/a	n/a
364.113	0.022	saccade	n/a	257.2	237.7	n/a	223.8	243.7	1.17	93.0
364.137	0.042	fixation	n/a	232.0	247.6	3178.0	n/a	n/a	n/a	n/a
364.181	0.136	saccade	n/a	233.6	247.9	n/a	310.3	238.8	2.67	2280.0
364.319	0.178	fixation	n/a	310.0	242.0	3152.0	n/a	n/a	n/a	n/a
364.499	0.026	saccade	n/a	311.7	240.0	n/a	257.3	243.6	1.89	131.0
364.527	0.16	fixation	n/a	257.6	241.4	2925.0	n/a	n/a	n/a	n/a
364.689	0.038	saccade	n/a	258.0	240.1	n/a	390.6	250.1	4.62	214.0
364.729	0.208	fixation	n/a	393.7	246.4	2804.0	n/a	n/a	n/a	n/a
364.939	0.03	saccade	n/a	396.3	242.7	n/a	485.2	242.6	3.12	174.0
364.971	0.226	fixation	n/a	482.4	241.4	2842.0	n/a	n/a	n/a	n/a
365.199	0.02	saccade	n/a	484.4	237.8	n/a	520.7	238.1	1.27	82.0
365.221	0.144	fixation	n/a	523.8	239.8	2901.0	n/a	n/a	n/a	n/a
365.367	0.028	saccade	n/a	525.6	242.6	n/a	595.1	239.8	2.43	133.0
365.397	0.136	fixation	n/a	591.2	237.3	2944.0	n/a	n/a	n/a	n/a
365.535	0.066	saccade	n/a	591.4	236.3	n/a	147.8	290.3	15.34	367.0
365.603	0.038	fixation	n/a	147.3	293.6	3076.0	n/a	n/a	n/a	n/a
365.643	0.174	saccade	n/a	148.6	295.9	n/a	151.1	298.3	0.12	2279.0
365.739	0.024	blink	n/a	n/a	n/a	n/a	n/a	n/a	n/a	n/a
365.819	0.04	fixation	n/a	151.1	298.0	3277.0	n/a	n/a	n/a	n/a
365.861	0.116	saccade	n/a	151.5	298.4	n/a	219.0	302.0	2.3	1941.0
365.937	0.008	blink	n/a	n/a	n/a	n/a	n/a	n/a	n/a	n/a
365.979	0.194	fixation	n/a	221.7	300.8	3224.0	n/a	n/a	n/a	n/a
366.175	0.018	saccade	n/a	219.1	299.6	n/a	191.2	302.7	0.96	72.0
366.195	0.062	fixation	n/a	197.4	304.2	3205.0	n/a	n/a	n/a	n/a
366.259	0.092	saccade	n/a	199.6	307.2	n/a	263.4	299.5	2.21	2447.0
366.353	0.12	fixation	n/a	265.4	298.9	3228.0	n/a	n/a	n/a	n/a
366.475	0.034	saccade	n/a	267.9	298.8	n/a	365.5	300.8	3.4	189.0
366.511	0.21	fixation	n/a	363.8	300.1	3087.0	n/a	n/a	n/a	n/a
366.723	0.032	saccade	n/a	365.3	301.9	n/a	465.9	302.5	3.52	182.0
366.757	0.226	fixation	n/a	466.6	300.7	3042.0	n/a	n/a	n/a	n/a
366.985	0.024	saccade	n/a	470.1	302.7	n/a	524.9	299.2	1.93	117.0
367.011	0.218	fixation	n/a	523.1	297.8	2990.0	n/a	n/a	n/a	n/a
367.231	0.02	saccade	n/a	521.0	295.8	n/a	485.8	298.0	1.24	83.0
367.253	0.184	fixation	n/a	475.4	299.5	3094.0	n/a	n/a	n/a	n/a
367.439	0.066	saccade	n/a	467.6	294.7	n/a	153.5	356.1	10.99	1281.0
367.507	0.072	fixation	n/a	153.6	358.4	3233.0	n/a	n/a	n/a	n/a
367.581	0.23	saccade	n/a	156.5	359.2	n/a	218.1	353.7	2.1	2211.0
367.615	0.168	blink	n/a	n/a	n/a	n/a	n/a	n/a	n/a	n/a
367.813	0.028	fixation	n/a	221.8	353.2	3337.0	n/a	n/a	n/a	n/a
367.843	0.076	saccade	n/a	224.4	354.7	n/a	226.2	356.3	0.08	1961.0
367.921	0.066	fixation	n/a	226.8	356.4	3242.0	n/a	n/a	n/a	n/a
367.989	0.026	saccade	n/a	228.1	356.0	n/a	287.2	358.2	2.04	135.0
368.017	0.294	fixation	n/a	285.3	359.8	3139.0	n/a	n/a	n/a	n/a
368.313	0.026	saccade	n/a	281.4	357.5	n/a	228.6	361.4	1.82	131.0
368.341	0.104	fixation	n/a	233.6	361.6	3054.0	n/a	n/a	n/a	n/a
368.447	0.038	saccade	n/a	234.4	361.2	n/a	376.8	363.7	4.92	247.0
368.487	0.132	fixation	n/a	378.0	362.0	3033.0	n/a	n/a	n/a	n/a
368.621	0.026	saccade	n/a	378.5	359.4	n/a	332.9	358.2	1.59	115.0
368.649	0.144	fixation	n/a	337.2	363.0	3053.0	n/a	n/a	n/a	n/a
368.795	0.036	saccade	n/a	341.0	363.5	n/a	461.8	357.7	4.21	205.0
368.833	0.322	fixation	n/a	464.9	362.1	2964.0	n/a	n/a	n/a	n/a
369.157	0.032	saccade	n/a	461.8	366.4	n/a	368.9	365.3	3.24	197.0
369.191	0.154	fixation	n/a	369.0	366.7	2944.0	n/a	n/a	n/a	n/a
369.347	0.018	saccade	n/a	364.4	365.7	n/a	327.8	364.5	1.27	94.0
369.367	0.154	fixation	n/a	331.2	363.1	2891.0	n/a	n/a	n/a	n/a
369.523	0.028	saccade	n/a	331.6	360.7	n/a	397.6	365.1	2.3	137.0
369.553	0.068	fixation	n/a	395.2	365.1	2870.0	n/a	n/a	n/a	n/a
369.623	0.034	saccade	n/a	397.8	366.8	n/a	495.4	361.2	3.41	200.0
369.659	0.142	fixation	n/a	497.8	358.3	2751.0	n/a	n/a	n/a	n/a
369.803	0.014	saccade	n/a	495.4	360.6	n/a	478.3	361.7	0.6	48.0
369.819	0.332	fixation	n/a	476.3	361.0	2706.0	n/a	n/a	n/a	n/a
369.956	0.0	trigger_11	11	n/a	n/a	n/a	n/a	n/a	n/a	n/a
370.01	0.0	trigger_10	10	n/a	n/a	n/a	n/a	n/a	n/a	n/a
370.153	0.054	saccade	n/a	474.9	357.2	n/a	271.9	184.5	9.32	278.0
370.209	0.038	fixation	n/a	272.7	183.4	2732.0	n/a	n/a	n/a	n/a
370.249	0.032	saccade	n/a	273.2	183.9	n/a	179.1	164.0	3.31	211.0
370.283	0.094	fixation	n/a	179.0	163.5	2727.0	n/a	n/a	n/a	n/a
370.379	0.02	saccade	n/a	175.7	164.3	n/a	139.1	175.9	1.31	88.0
370.401	0.24	fixation	n/a	143.6	175.5	2802.0	n/a	n/a	n/a	n/a
370.643	0.02	saccade	n/a	144.3	179.9	n/a	189.1	182.9	1.53	106.0
370.665	0.17	fixation	n/a	186.8	181.1	2897.0	n/a	n/a	n/a	n/a
370.837	0.028	saccade	n/a	184.0	177.6	n/a	121.4	179.1	2.12	138.0
370.867	0.214	fixation	n/a	125.4	181.8	2986.0	n/a	n/a	n/a	n/a
371.083	0.026	saccade	n/a	126.4	181.6	n/a	193.8	183.4	2.29	133.0
371.111	0.136	fixation	n/a	194.9	187.6	3170.0	n/a	n/a	n/a	n/a
371.249	0.134	saccade	n/a	205.1	191.4	n/a	274.1	197.8	2.39	1711.0
371.293	0.05	blink	n/a	n/a	n/a	n/a	n/a	n/a	n/a	n/a
371.385	0.394	fixation	n/a	274.7	187.4	3245.0	n/a	n/a	n/a	n/a
371.781	0.03	saccade	n/a	275.4	183.2	n/a	360.1	185.0	2.94	176.0
371.813	0.248	fixation	n/a	359.3	185.3	3070.0	n/a	n/a	n/a	n/a
372.063	0.052	saccade	n/a	360.0	187.0	n/a	609.5	171.4	8.71	287.0
372.117	0.348	fixation	n/a	614.8	175.0	3046.0	n/a	n/a	n/a	n/a
372.467	0.038	saccade	n/a	617.2	174.3	n/a	468.2	212.2	5.38	270.0
372.507	0.096	fixation	n/a	467.4	214.8	3154.0	n/a	n/a	n/a	n/a
372.605	0.02	saccade	n/a	465.7	212.5	n/a	478.5	177.8	1.31	94.0
372.627	0.114	fixation	n/a	479.9	178.2	3189.0	n/a	n/a	n/a	n/a
372.743	0.018	saccade	n/a	477.7	175.1	n/a	449.7	179.1	0.99	73.0
372.763	0.206	fixation	n/a	454.1	180.0	3252.0	n/a	n/a	n/a	n/a
372.971	0.018	saccade	n/a	457.1	179.2	n/a	482.2	177.5	0.88	65.0
372.991	0.208	fixation	n/a	479.1	178.1	3264.0	n/a	n/a	n/a	n/a
373.201	0.026	saccade	n/a	480.6	177.9	n/a	539.3	174.9	2.06	122.0
373.229	0.386	fixation	n/a	536.7	178.3	3100.0	n/a	n/a	n/a	n/a
373.617	0.018	saccade	n/a	539.1	179.9	n/a	564.1	179.1	0.87	64.0
373.637	0.214	fixation	n/a	559.6	176.2	3108.0	n/a	n/a	n/a	n/a
373.853	0.024	saccade	n/a	561.2	172.9	n/a	618.8	175.4	2.01	118.0
373.879	0.344	fixation	n/a	617.7	174.9	3084.0	n/a	n/a	n/a	n/a
374.225	0.018	saccade	n/a	622.3	174.2	n/a	649.9	175.9	0.96	68.0
374.245	0.166	fixation	n/a	645.0	172.9	2971.0	n/a	n/a	n/a	n/a
374.413	0.074	saccade	n/a	645.0	171.0	n/a	149.5	216.0	17.07	342.0
374.489	0.176	fixation	n/a	149.1	220.4	2961.0	n/a	n/a	n/a	n/a
374.667	0.066	saccade	n/a	150.4	219.2	n/a	615.1	165.5	16.05	392.0
374.735	0.236	fixation	n/a	613.8	170.1	2967.0	n/a	n/a	n/a	n/a
374.973	0.02	saccade	n/a	614.6	171.3	n/a	649.6	170.0	1.21	82.0
374.995	0.236	fixation	n/a	644.3	169.8	3032.0	n/a	n/a	n/a	n/a
375.233	0.378	saccade	n/a	645.0	170.5	n/a	127.8	241.3	17.83	2045.0
375.327	0.084	blink	n/a	n/a	n/a	n/a	n/a	n/a	n/a	n/a
375.613	0.096	fixation	n/a	127.2	239.9	3334.0	n/a	n/a	n/a	n/a
375.711	0.06	saccade	n/a	127.9	236.8	n/a	173.3	247.5	1.58	1790.0
375.773	0.042	fixation	n/a	172.3	246.7	3353.0	n/a	n/a	n/a	n/a
375.817	0.102	saccade	n/a	174.2	248.2	n/a	116.5	241.2	1.96	1038.0
375.921	0.214	fixation	n/a	121.4	243.6	3281.0	n/a	n/a	n/a	n/a
376.137	0.03	saccade	n/a	123.4	241.1	n/a	198.2	245.4	2.54	169.0
376.169	0.144	fixation	n/a	197.8	245.3	3225.0	n/a	n/a	n/a	n/a
376.315	0.022	saccade	n/a	201.9	249.2	n/a	247.4	249.5	1.56	103.0
376.339	0.314	fixation	n/a	244.1	251.0	3151.0	n/a	n/a	n/a	n/a
376.655	0.03	saccade	n/a	242.1	249.0	n/a	160.2	248.9	2.8	186.0
376.687	0.062	fixation	n/a	163.3	250.0	3084.0	n/a	n/a	n/a	n/a
376.751	0.108	saccade	n/a	163.9	251.0	n/a	163.0	246.1	0.17	2079.0
376.861	0.036	fixation	n/a	163.2	245.3	3149.0	n/a	n/a	n/a	n/a
376.899	0.024	saccade	n/a	165.0	243.6	n/a	221.1	242.2	1.91	111.0
376.925	0.366	fixation	n/a	231.4	244.6	2949.0	n/a	n/a	n/a	n/a
377.293	0.024	saccade	n/a	234.7	238.7	n/a	296.4	240.9	2.13	130.0
377.319	0.164	fixation	n/a	296.8	239.2	2766.0	n/a	n/a	n/a	n/a
377.485	0.018	saccade	n/a	300.4	238.4	n/a	327.5	240.9	0.95	66.0
377.505	0.256	fixation	n/a	328.6	238.9	2547.0	n/a	n/a	n/a	n/a
377.763	0.026	saccade	n/a	330.4	236.1	n/a	402.4	236.3	2.51	137.0
377.791	0.104	fixation	n/a	403.8	234.1	2354.0	n/a	n/a	n/a	n/a
377.897	0.172	saccade	n/a	406.3	235.7	n/a	444.9	232.8	1.36	533.0
377.927	0.092	blink	n/a	n/a	n/a	n/a	n/a	n/a	n/a	n/a
378.071	0.072	fixation	n/a	444.4	224.6	2226.0	n/a	n/a	n/a	n/a
378.145	0.026	saccade	n/a	447.3	228.0	n/a	514.4	233.9	2.36	134.0
378.173	0.256	fixation	n/a	511.2	231.7	2293.0	n/a	n/a	n/a	n/a
378.431	0.024	saccade	n/a	511.0	226.0	n/a	572.0	231.3	2.14	118.0
378.457	0.182	fixation	n/a	576.0	227.0	2239.0	n/a	n/a	n/a	n/a
378.641	0.064	saccade	n/a	576.7	223.1	n/a	139.3	284.7	15.14	380.0
378.707	0.124	fixation	n/a	142.8	291.4	2296.0	n/a	n/a	n/a	n/a
378.833	0.122	saccade	n/a	145.8	292.7	n/a	214.4	294.9	2.34	2108.0
378.957	0.064	fixation	n/a	222.5	297.8	2420.0	n/a	n/a	n/a	n/a
379.023	0.07	saccade	n/a	222.4	298.9	n/a	332.4	302.8	3.81	639.0
379.095	0.172	fixation	n/a	333.3	299.6	2478.0	n/a	n/a	n/a	n/a
379.269	0.022	saccade	n/a	336.0	302.0	n/a	374.8	303.2	1.35	85.0
379.293	0.516	fixation	n/a	363.4	302.4	2634.0	n/a	n/a	n/a	n/a
379.811	0.028	saccade	n/a	361.2	304.7	n/a	429.8	301.7	2.4	144.0
379.841	0.212	fixation	n/a	428.2	302.5	2721.0	n/a	n/a	n/a	n/a
380.055	0.014	saccade	n/a	431.9	298.1	n/a	449.0	299.9	0.6	50.0
380.071	0.38	fixation	n/a	445.6	299.7	2738.0	n/a	n/a	n/a	n/a
380.453	0.034	saccade	n/a	444.4	294.7	n/a	431.9	182.5	4.0	170.0
380.489	0.188	fixation	n/a	431.7	179.2	2826.0	n/a	n/a	n/a	n/a
380.679	0.026	saccade	n/a	428.8	176.6	n/a	362.3	183.3	2.33	145.0
380.707	0.416	fixation	n/a	362.8	188.0	2917.0	n/a	n/a	n/a	n/a
380.892	0.0	trigger_11	11	n/a	n/a	n/a	n/a	n/a	n/a	n/a
380.958	0.0	trigger_10	10	n/a	n/a	n/a	n/a	n/a	n/a	n/a
381.125	0.042	saccade	n/a	361.3	188.7	n/a	180.6	184.5	6.24	266.0
381.169	0.104	fixation	n/a	180.7	183.5	3081.0	n/a	n/a	n/a	n/a
381.275	0.028	saccade	n/a	178.2	181.8	n/a	124.4	182.1	1.82	153.0
381.305	0.226	fixation	n/a	127.3	180.8	3113.0	n/a	n/a	n/a	n/a
381.533	0.03	saccade	n/a	129.7	181.9	n/a	238.4	184.5	3.7	179.0
381.565	0.196	fixation	n/a	244.6	183.1	3080.0	n/a	n/a	n/a	n/a
381.763	0.03	saccade	n/a	246.8	185.0	n/a	336.5	189.8	3.11	178.0
381.795	0.164	fixation	n/a	335.4	186.1	3106.0	n/a	n/a	n/a	n/a
381.961	0.032	saccade	n/a	334.0	183.8	n/a	241.4	182.9	3.2	185.0
381.995	0.254	fixation	n/a	245.4	187.5	3121.0	n/a	n/a	n/a	n/a
382.251	0.032	saccade	n/a	246.2	192.2	n/a	340.8	195.7	3.29	181.0
382.285	0.128	fixation	n/a	337.8	193.7	3196.0	n/a	n/a	n/a	n/a
382.415	0.04	saccade	n/a	338.4	192.9	n/a	474.2	187.6	4.76	237.0
382.457	0.164	fixation	n/a	473.9	184.5	3254.0	n/a	n/a	n/a	n/a
382.623	0.024	saccade	n/a	472.6	184.7	n/a	430.5	187.5	1.48	109.0
382.649	0.196	fixation	n/a	437.5	187.6	3175.0	n/a	n/a	n/a	n/a
382.847	0.034	saccade	n/a	440.7	188.3	n/a	555.4	184.5	4.02	204.0
382.883	0.216	fixation	n/a	555.5	179.2	2980.0	n/a	n/a	n/a	n/a
383.101	0.03	saccade	n/a	557.5	178.1	n/a	637.3	175.7	2.78	156.0
383.133	0.156	fixation	n/a	634.2	175.4	2967.0	n/a	n/a	n/a	n/a
383.291	0.072	saccade	n/a	635.8	173.1	n/a	143.9	233.3	16.95	365.0
383.365	0.126	fixation	n/a	144.4	236.7	3026.0	n/a	n/a	n/a	n/a
383.493	0.018	saccade	n/a	144.9	239.9	n/a	115.5	244.8	1.0	79.0
383.513	0.164	fixation	n/a	121.5	244.6	3033.0	n/a	n/a	n/a	n/a
383.679	0.036	saccade	n/a	122.9	245.5	n/a	243.0	242.7	4.09	232.0
383.717	0.314	fixation	n/a	239.8	247.6	3105.0	n/a	n/a	n/a	n/a
384.033	0.024	saccade	n/a	231.6	252.8	n/a	183.8	243.2	1.67	119.0
384.059	0.134	fixation	n/a	186.0	242.7	3113.0	n/a	n/a	n/a	n/a
384.195	0.026	saccade	n/a	187.5	243.8	n/a	252.6	274.8	2.49	132.0
384.223	0.062	fixation	n/a	251.4	277.3	3128.0	n/a	n/a	n/a	n/a
384.287	0.014	saccade	n/a	252.6	280.8	n/a	259.2	295.2	0.56	47.0
384.303	0.236	fixation	n/a	258.6	294.5	3183.0	n/a	n/a	n/a	n/a
384.541	0.018	saccade	n/a	257.7	297.9	n/a	228.7	306.5	1.04	72.0
384.561	0.364	fixation	n/a	233.5	304.4	3208.0	n/a	n/a	n/a	n/a
384.927	0.024	saccade	n/a	239.5	300.1	n/a	242.7	245.2	1.94	113.0
384.953	0.112	fixation	n/a	243.2	244.2	3064.0	n/a	n/a	n/a	n/a
385.067	0.028	saccade	n/a	241.8	243.2	n/a	184.4	248.2	1.97	144.0
385.097	0.264	fixation	n/a	190.0	249.0	3126.0	n/a	n/a	n/a	n/a
385.363	0.024	saccade	n/a	192.8	247.8	n/a	242.5	249.1	1.71	117.0
385.389	0.102	fixation	n/a	239.8	249.2	3144.0	n/a	n/a	n/a	n/a
385.493	0.162	saccade	n/a	245.8	250.5	n/a	270.0	254.7	0.85	2043.0
385.531	0.072	blink	n/a	n/a	n/a	n/a	n/a	n/a	n/a	n/a
385.657	0.28	fixation	n/a	272.7	241.3	3122.0	n/a	n/a	n/a	n/a
385.939	0.026	saccade	n/a	275.0	238.0	n/a	334.3	242.7	2.06	134.0
385.967	0.22	fixation	n/a	331.2	244.1	2995.0	n/a	n/a	n/a	n/a
386.189	0.018	saccade	n/a	334.2	244.0	n/a	362.4	245.7	0.99	73.0
386.209	0.258	fixation	n/a	360.0	243.0	2830.0	n/a	n/a	n/a	n/a
386.469	0.016	saccade	n/a	364.7	246.1	n/a	384.0	245.0	0.68	50.0
386.487	0.14	fixation	n/a	383.5	243.9	2803.0	n/a	n/a	n/a	n/a
386.629	0.026	saccade	n/a	385.7	243.6	n/a	456.2	241.5	2.47	134.0
386.657	0.28	fixation	n/a	457.6	240.5	2742.0	n/a	n/a	n/a	n/a
386.939	0.024	saccade	n/a	459.9	243.3	n/a	513.9	240.1	1.9	109.0
386.965	0.194	fixation	n/a	515.5	237.8	2722.0	n/a	n/a	n/a	n/a
387.161	0.028	saccade	n/a	516.3	235.2	n/a	595.1	235.9	2.75	124.0
387.191	0.234	fixation	n/a	594.8	236.9	2729.0	n/a	n/a	n/a	n/a
387.427	0.02	saccade	n/a	591.4	240.5	n/a	555.3	239.1	1.26	94.0
387.449	0.252	fixation	n/a	560.7	236.0	2704.0	n/a	n/a	n/a	n/a
387.703	0.022	saccade	n/a	565.1	239.0	n/a	615.5	237.2	1.76	113.0
387.727	0.326	fixation	n/a	616.0	235.1	2632.0	n/a	n/a	n/a	n/a
388.055	0.072	saccade	n/a	619.8	231.1	n/a	145.6	277.5	16.32	341.0
388.129	0.076	fixation	n/a	145.0	279.3	2628.0	n/a	n/a	n/a	n/a
388.207	0.122	saccade	n/a	144.6	281.2	n/a	144.1	291.6	0.36	1750.0
388.331	0.114	fixation	n/a	145.2	291.6	2783.0	n/a	n/a	n/a	n/a
388.447	0.176	saccade	n/a	147.9	292.7	n/a	157.2	291.9	0.32	1347.0
388.539	0.004	blink	n/a	n/a	n/a	n/a	n/a	n/a	n/a	n/a
388.625	0.054	fixation	n/a	156.9	291.7	2835.0	n/a	n/a	n/a	n/a
388.681	0.394	saccade	n/a	157.5	291.6	n/a	345.6	300.4	6.46	2376.0
388.789	0.144	blink	n/a	n/a	n/a	n/a	n/a	n/a	n/a	n/a
389.077	0.142	fixation	n/a	346.0	300.2	2645.0	n/a	n/a	n/a	n/a
389.221	0.016	saccade	n/a	342.6	300.3	n/a	319.9	299.8	0.79	60.0
389.239	0.09	fixation	n/a	321.8	302.1	2616.0	n/a	n/a	n/a	n/a
389.331	0.03	saccade	n/a	323.5	302.7	n/a	415.7	305.0	3.22	170.0
389.363	0.174	fixation	n/a	415.7	302.8	2621.0	n/a	n/a	n/a	n/a
389.539	0.032	saccade	n/a	417.3	299.3	n/a	526.0	292.4	3.8	186.0
389.573	0.282	fixation	n/a	528.0	292.2	2654.0	n/a	n/a	n/a	n/a
389.857	1.062	saccade	n/a	529.5	293.8	n/a	337.1	357.9	7.06	2460.0
389.967	0.894	blink	n/a	n/a	n/a	n/a	n/a	n/a	n/a	n/a
390.921	0.284	fixation	n/a	331.0	362.1	3022.0	n/a	n/a	n/a	n/a
391.207	0.03	saccade	n/a	322.5	362.5	n/a	402.3	360.2	2.77	164.0
391.239	0.346	fixation	n/a	401.5	361.2	2942.0	n/a	n/a	n/a	n/a
391.587	0.034	saccade	n/a	405.9	362.9	n/a	514.2	352.8	3.79	191.0
391.623	0.304	fixation	n/a	517.8	347.2	2807.0	n/a	n/a	n/a	n/a
391.929	0.026	saccade	n/a	521.8	344.9	n/a	586.6	349.1	2.26	126.0
391.957	0.208	fixation	n/a	585.7	346.9	2742.0	n/a	n/a	n/a	n/a
392.167	0.028	saccade	n/a	589.1	347.6	n/a	660.2	346.2	2.46	145.0
392.197	0.25	fixation	n/a	657.2	345.4	2652.0	n/a	n/a	n/a	n/a
392.449	1.234	saccade	n/a	656.2	344.5	n/a	404.4	416.1	9.07	2541.0
392.535	1.122	blink	n/a	n/a	n/a	n/a	n/a	n/a	n/a	n/a
393.685	0.092	fixation	n/a	404.4	414.3	2850.0	n/a	n/a	n/a	n/a
393.779	0.034	saccade	n/a	409.2	415.3	n/a	513.4	404.2	3.65	175.0
393.815	0.34	fixation	n/a	514.4	406.1	2685.0	n/a	n/a	n/a	n/a
394.157	0.032	saccade	n/a	515.8	402.8	n/a	601.2	398.0	2.96	160.0
394.191	0.234	fixation	n/a	599.0	398.5	2656.0	n/a	n/a	n/a	n/a
394.427	1.154	saccade	n/a	599.1	399.6	n/a	417.9	470.0	6.73	3042.0
394.479	1.024	blink	n/a	n/a	n/a	n/a	n/a	n/a	n/a	n/a
395.583	0.538	fixation	n/a	427.2	468.5	2876.0	n/a	n/a	n/a	n/a
396.123	0.048	saccade	n/a	434.6	462.6	n/a	440.1	257.5	7.21	234.0
396.173	0.098	fixation	n/a	443.2	256.8	2805.0	n/a	n/a	n/a	n/a
396.273	0.03	saccade	n/a	446.1	256.4	n/a	363.4	210.6	3.32	182.0
396.305	0.27	fixation	n/a	361.1	209.9	2873.0	n/a	n/a	n/a	n/a
396.366	0.0	trigger_11	11	n/a	n/a	n/a	n/a	n/a	n/a	n/a
396.426	0.0	trigger_12	12	n/a	n/a	n/a	n/a	n/a	n/a	n/a
396.577	0.042	saccade	n/a	361.3	209.3	n/a	193.5	185.9	5.85	246.0
396.621	0.044	fixation	n/a	196.2	186.3	3031.0	n/a	n/a	n/a	n/a
396.667	0.03	saccade	n/a	196.5	187.0	n/a	137.1	180.2	2.03	159.0
396.699	0.198	fixation	n/a	140.0	180.1	3106.0	n/a	n/a	n/a	n/a
396.899	0.026	saccade	n/a	142.7	179.0	n/a	221.8	181.6	2.7	153.0
396.927	0.132	fixation	n/a	222.3	181.2	3149.0	n/a	n/a	n/a	n/a
397.061	0.042	saccade	n/a	225.3	181.6	n/a	367.0	188.0	4.92	212.0
397.105	0.19	fixation	n/a	365.5	186.1	3176.0	n/a	n/a	n/a	n/a
397.297	0.028	saccade	n/a	369.8	189.7	n/a	463.9	185.8	3.3	163.0
397.327	0.108	fixation	n/a	468.6	187.3	3191.0	n/a	n/a	n/a	n/a
397.437	0.032	saccade	n/a	469.6	188.8	n/a	560.2	183.4	3.19	186.0
397.471	0.234	fixation	n/a	558.6	179.0	3213.0	n/a	n/a	n/a	n/a
397.707	0.014	saccade	n/a	563.8	177.6	n/a	581.6	178.8	0.62	52.0
397.723	0.19	fixation	n/a	580.4	179.9	3229.0	n/a	n/a	n/a	n/a
397.915	0.022	saccade	n/a	582.1	176.0	n/a	625.7	176.6	1.52	99.0
397.939	0.092	fixation	n/a	620.4	176.7	3221.0	n/a	n/a	n/a	n/a
398.033	0.068	saccade	n/a	620.9	176.5	n/a	172.5	236.6	15.58	377.0
398.103	0.112	fixation	n/a	172.6	239.4	3358.0	n/a	n/a	n/a	n/a
398.217	0.026	saccade	n/a	170.4	240.3	n/a	128.8	249.2	1.44	128.0
398.245	0.192	fixation	n/a	134.1	250.1	3377.0	n/a	n/a	n/a	n/a
398.439	0.032	saccade	n/a	137.4	252.1	n/a	232.7	254.6	3.26	200.0
398.473	0.158	fixation	n/a	232.0	255.4	3346.0	n/a	n/a	n/a	n/a
398.633	0.124	saccade	n/a	231.1	254.2	n/a	337.7	245.4	3.71	920.0
398.759	0.292	fixation	n/a	338.3	244.9	3355.0	n/a	n/a	n/a	n/a
399.053	0.032	saccade	n/a	339.6	247.0	n/a	252.3	248.6	3.03	174.0
399.087	0.194	fixation	n/a	255.3	250.1	3193.0	n/a	n/a	n/a	n/a
399.283	0.036	saccade	n/a	257.2	250.8	n/a	378.9	245.6	4.24	199.0
399.321	0.208	fixation	n/a	376.2	242.7	3179.0	n/a	n/a	n/a	n/a
399.531	0.026	saccade	n/a	377.7	241.4	n/a	447.6	247.1	2.46	143.0
399.559	0.408	fixation	n/a	445.4	243.5	3214.0	n/a	n/a	n/a	n/a
399.969	0.016	saccade	n/a	443.5	246.4	n/a	420.7	244.3	0.8	61.0
399.987	0.308	fixation	n/a	426.5	244.4	3136.0	n/a	n/a	n/a	n/a
400.297	0.026	saccade	n/a	427.9	243.7	n/a	374.0	193.5	2.59	145.0
400.325	0.222	fixation	n/a	372.6	187.6	3030.0	n/a	n/a	n/a	n/a
400.342	0.0	trigger_13	13	n/a	n/a	n/a	n/a	n/a	n/a	n/a
400.396	0.0	trigger_10	10	n/a	n/a	n/a	n/a	n/a	n/a	n/a
400.549	0.042	saccade	n/a	372.1	187.1	n/a	203.3	177.4	5.83	247.0
400.593	0.044	fixation	n/a	204.1	180.4	3058.0	n/a	n/a	n/a	n/a
400.639	0.03	saccade	n/a	202.9	182.6	n/a	135.1	180.4	2.31	172.0
400.671	0.278	fixation	n/a	137.2	181.2	3090.0	n/a	n/a	n/a	n/a
400.951	0.026	saccade	n/a	136.1	180.7	n/a	208.4	179.4	2.46	135.0
400.979	0.186	fixation	n/a	210.3	180.3	3126.0	n/a	n/a	n/a	n/a
401.167	0.018	saccade	n/a	207.9	180.2	n/a	181.3	183.1	0.92	66.0
401.187	0.25	fixation	n/a	184.3	183.0	3129.0	n/a	n/a	n/a	n/a
401.439	0.022	saccade	n/a	187.5	185.1	n/a	235.2	184.9	1.64	108.0
401.463	0.258	fixation	n/a	231.5	184.9	3148.0	n/a	n/a	n/a	n/a
401.723	0.024	saccade	n/a	231.0	184.7	n/a	292.2	185.5	2.11	119.0
401.749	0.2	fixation	n/a	290.3	187.5	3286.0	n/a	n/a	n/a	n/a
401.951	0.038	saccade	n/a	289.2	184.5	n/a	425.5	183.8	4.74	241.0
401.991	0.388	fixation	n/a	424.2	184.0	3345.0	n/a	n/a	n/a	n/a
402.381	0.03	saccade	n/a	427.1	180.1	n/a	502.5	181.0	2.64	152.0
402.413	0.234	fixation	n/a	500.3	181.7	3247.0	n/a	n/a	n/a	n/a
402.649	0.024	saccade	n/a	502.0	182.9	n/a	554.6	179.9	1.85	114.0
402.675	0.128	fixation	n/a	551.4	178.6	3188.0	n/a	n/a	n/a	n/a
402.805	0.03	saccade	n/a	553.6	176.7	n/a	623.1	170.5	2.43	149.0
402.837	0.168	fixation	n/a	620.0	168.1	3210.0	n/a	n/a	n/a	n/a
403.007	0.07	saccade	n/a	620.3	169.1	n/a	145.2	234.0	16.43	373.0
403.079	0.128	fixation	n/a	149.2	238.4	3318.0	n/a	n/a	n/a	n/a
403.209	0.018	saccade	n/a	148.7	241.0	n/a	118.8	244.6	1.02	74.0
403.229	0.278	fixation	n/a	126.3	245.0	3230.0	n/a	n/a	n/a	n/a
403.509	0.024	saccade	n/a	126.8	243.3	n/a	187.0	247.5	2.05	131.0
403.535	0.292	fixation	n/a	181.8	246.8	3229.0	n/a	n/a	n/a	n/a
403.829	0.02	saccade	n/a	177.9	248.4	n/a	138.9	249.0	1.32	91.0
403.851	0.118	fixation	n/a	143.3	246.9	3233.0	n/a	n/a	n/a	n/a
403.971	0.032	saccade	n/a	144.1	247.4	n/a	246.9	249.5	3.51	201.0
404.005	0.186	fixation	n/a	245.8	248.3	3193.0	n/a	n/a	n/a	n/a
404.193	0.036	saccade	n/a	246.1	247.7	n/a	127.5	246.3	4.05	202.0
404.231	0.704	fixation	n/a	117.8	245.8	3100.0	n/a	n/a	n/a	n/a
404.937	0.016	saccade	n/a	118.0	249.3	n/a	139.5	249.0	0.73	55.0
404.955	0.238	fixation	n/a	137.3	245.9	3048.0	n/a	n/a	n/a	n/a
405.195	0.022	saccade	n/a	140.9	246.7	n/a	181.9	251.5	1.4	88.0
405.219	0.352	fixation	n/a	178.7	247.6	3015.0	n/a	n/a	n/a	n/a
405.573	0.028	saccade	n/a	181.5	243.8	n/a	259.0	247.0	2.66	157.0
405.603	0.368	fixation	n/a	254.5	242.2	2882.0	n/a	n/a	n/a	n/a
405.973	0.246	saccade	n/a	263.1	242.9	n/a	269.2	271.0	1.01	1502.0
406.007	0.152	blink	n/a	n/a	n/a	n/a	n/a	n/a	n/a	n/a
406.221	0.32	fixation	n/a	268.5	234.1	2806.0	n/a	n/a	n/a	n/a
406.528	0.0	trigger_11	11	n/a	n/a	n/a	n/a	n/a	n/a	n/a
406.543	0.022	saccade	n/a	276.1	227.2	n/a	300.3	171.6	2.14	134.0
406.567	0.184	fixation	n/a	301.9	162.8	2728.0	n/a	n/a	n/a	n/a
406.582	0.0	trigger_10	10	n/a	n/a	n/a	n/a	n/a	n/a	n/a
406.753	0.038	saccade	n/a	303.1	160.9	n/a	168.0	176.8	4.68	229.0
406.793	0.054	fixation	n/a	166.6	174.8	2657.0	n/a	n/a	n/a	n/a
406.849	0.028	saccade	n/a	163.0	174.1	n/a	112.5	181.0	1.72	130.0
406.879	0.144	fixation	n/a	115.9	182.2	2701.0	n/a	n/a	n/a	n/a
407.025	0.028	saccade	n/a	120.5	184.6	n/a	202.2	180.2	2.78	162.0
407.055	0.116	fixation	n/a	201.2	178.9	2756.0	n/a	n/a	n/a	n/a
407.173	0.034	saccade	n/a	203.5	180.3	n/a	330.6	183.4	4.39	184.0
407.209	0.244	fixation	n/a	339.0	185.5	2817.0	n/a	n/a	n/a	n/a
407.455	0.03	saccade	n/a	338.9	183.0	n/a	416.9	181.7	2.73	143.0
407.487	0.29	fixation	n/a	405.9	184.5	2897.0	n/a	n/a	n/a	n/a
407.779	0.026	saccade	n/a	399.6	189.5	n/a	455.5	182.2	1.98	119.0
407.807	0.148	fixation	n/a	453.4	173.8	2916.0	n/a	n/a	n/a	n/a
407.957	0.032	saccade	n/a	457.8	171.4	n/a	542.8	177.1	2.98	162.0
407.991	0.25	fixation	n/a	540.0	175.1	2925.0	n/a	n/a	n/a	n/a
408.243	0.022	saccade	n/a	535.2	173.5	n/a	490.8	174.5	1.55	107.0
408.267	0.08	fixation	n/a	492.9	178.0	2969.0	n/a	n/a	n/a	n/a
408.349	0.036	saccade	n/a	493.4	179.6	n/a	625.0	173.6	4.6	238.0
408.387	0.168	fixation	n/a	627.9	170.1	2978.0	n/a	n/a	n/a	n/a
408.557	0.068	saccade	n/a	628.8	172.8	n/a	145.0	230.8	16.69	386.0
408.627	0.122	fixation	n/a	146.5	236.3	3141.0	n/a	n/a	n/a	n/a
408.751	0.014	saccade	n/a	142.6	238.6	n/a	122.8	247.3	0.73	66.0
408.767	0.2	fixation	n/a	130.1	248.5	3182.0	n/a	n/a	n/a	n/a
408.969	0.036	saccade	n/a	130.3	247.3	n/a	219.0	163.2	4.21	222.0
409.007	0.338	fixation	n/a	216.3	169.5	3194.0	n/a	n/a	n/a	n/a
409.078	0.0	trigger_11	11	n/a	n/a	n/a	n/a	n/a	n/a	n/a
409.138	0.0	trigger_10	10	n/a	n/a	n/a	n/a	n/a	n/a	n/a
409.347	0.03	saccade	n/a	213.1	179.2	n/a	149.2	187.6	2.2	149.0
409.379	0.208	fixation	n/a	149.5	183.8	3311.0	n/a	n/a	n/a	n/a
409.589	0.024	saccade	n/a	151.1	184.4	n/a	205.0	187.3	1.84	107.0
409.615	0.058	fixation	n/a	228.2	188.0	3367.0	n/a	n/a	n/a	n/a
409.675	0.034	saccade	n/a	233.2	188.2	n/a	321.8	191.5	3.07	191.0
409.711	0.172	fixation	n/a	322.5	190.4	3281.0	n/a	n/a	n/a	n/a
409.885	0.016	saccade	n/a	320.2	186.8	n/a	296.9	185.6	0.81	63.0
409.903	0.194	fixation	n/a	302.6	185.0	3250.0	n/a	n/a	n/a	n/a
410.099	0.022	saccade	n/a	307.5	184.9	n/a	360.3	188.1	1.84	117.0
410.123	0.208	fixation	n/a	359.8	188.2	3198.0	n/a	n/a	n/a	n/a
410.333	0.026	saccade	n/a	361.9	187.9	n/a	425.9	187.7	2.24	126.0
410.361	0.162	fixation	n/a	423.6	186.6	3216.0	n/a	n/a	n/a	n/a
410.525	0.02	saccade	n/a	426.4	185.8	n/a	469.5	187.1	1.51	102.0
410.547	0.126	fixation	n/a	466.8	186.4	3195.0	n/a	n/a	n/a	n/a
410.675	0.024	saccade	n/a	467.8	185.8	n/a	519.4	181.0	1.82	113.0
410.701	0.174	fixation	n/a	517.2	183.2	3147.0	n/a	n/a	n/a	n/a
410.877	0.026	saccade	n/a	521.0	181.8	n/a	589.8	178.2	2.41	147.0
410.905	0.172	fixation	n/a	587.4	176.5	3098.0	n/a	n/a	n/a	n/a
411.079	0.064	saccade	n/a	588.1	180.8	n/a	177.6	252.2	14.4	367.0
411.145	0.126	fixation	n/a	174.8	252.6	3195.0	n/a	n/a	n/a	n/a
411.273	0.016	saccade	n/a	169.1	249.4	n/a	141.2	248.1	0.95	76.0
411.291	0.12	fixation	n/a	150.1	249.9	3216.0	n/a	n/a	n/a	n/a
411.413	0.034	saccade	n/a	151.5	249.3	n/a	255.3	245.6	3.55	200.0
411.449	0.066	fixation	n/a	254.3	243.2	3201.0	n/a	n/a	n/a	n/a
411.517	0.034	saccade	n/a	257.7	243.0	n/a	372.5	250.8	4.0	228.0
411.553	0.234	fixation	n/a	371.0	250.3	3240.0	n/a	n/a	n/a	n/a
411.789	0.03	saccade	n/a	367.4	252.3	n/a	283.9	244.2	2.92	171.0
411.821	0.056	fixation	n/a	284.2	244.2	3287.0	n/a	n/a	n/a	n/a
411.879	0.028	saccade	n/a	281.6	242.9	n/a	226.0	243.2	1.92	150.0
411.909	0.532	fixation	n/a	223.7	244.8	3233.0	n/a	n/a	n/a	n/a
412.443	0.026	saccade	n/a	213.2	243.2	n/a	286.7	240.2	2.53	134.0
412.471	0.128	fixation	n/a	298.4	240.4	3171.0	n/a	n/a	n/a	n/a
412.601	0.03	saccade	n/a	297.1	239.8	n/a	229.6	241.3	2.33	155.0
412.633	0.352	fixation	n/a	231.7	244.3	3251.0	n/a	n/a	n/a	n/a
412.987	0.022	saccade	n/a	234.7	245.1	n/a	281.5	242.0	1.62	101.0
413.011	0.044	fixation	n/a	280.2	241.4	3321.0	n/a	n/a	n/a	n/a
413.057	0.034	saccade	n/a	282.0	242.0	n/a	383.6	249.4	3.54	222.0
413.093	0.234	fixation	n/a	383.9	249.1	3340.0	n/a	n/a	n/a	n/a
413.329	0.026	saccade	n/a	387.7	252.6	n/a	450.4	245.2	2.22	128.0
413.357	0.166	fixation	n/a	448.1	243.9	3271.0	n/a	n/a	n/a	n/a
413.525	0.024	saccade	n/a	451.9	244.9	n/a	506.0	242.5	1.9	117.0
413.551	0.626	fixation	n/a	502.7	241.1	3051.0	n/a	n/a	n/a	n/a
413.982	0.0	trigger_11	11	n/a	n/a	n/a	n/a	n/a	n/a	n/a
414.04	0.0	trigger_10	10	n/a	n/a	n/a	n/a	n/a	n/a	n/a
414.179	0.046	saccade	n/a	498.8	241.3	n/a	293.2	193.6	7.36	285.0
414.227	0.028	fixation	n/a	293.5	192.4	3207.0	n/a	n/a	n/a	n/a
414.257	0.034	saccade	n/a	291.3	191.0	n/a	197.1	178.1	3.27	226.0
414.293	0.086	fixation	n/a	196.6	181.3	3251.0	n/a	n/a	n/a	n/a
414.381	0.026	saccade	n/a	194.2	183.4	n/a	148.9	192.6	1.58	123.0
414.409	0.126	fixation	n/a	153.5	192.0	3293.0	n/a	n/a	n/a	n/a
414.537	0.026	saccade	n/a	155.3	191.1	n/a	224.4	187.7	2.36	138.0
414.565	0.1	fixation	n/a	223.1	184.6	3287.0	n/a	n/a	n/a	n/a
414.667	0.034	saccade	n/a	224.9	182.2	n/a	336.2	188.0	3.86	218.0
414.703	0.248	fixation	n/a	336.8	186.9	3277.0	n/a	n/a	n/a	n/a
414.953	0.034	saccade	n/a	337.0	186.0	n/a	438.1	178.5	3.54	175.0
414.989	0.152	fixation	n/a	437.9	177.1	3262.0	n/a	n/a	n/a	n/a
415.143	0.024	saccade	n/a	442.1	176.4	n/a	498.6	178.5	1.98	122.0
415.169	0.198	fixation	n/a	496.6	179.1	3238.0	n/a	n/a	n/a	n/a
415.369	0.028	saccade	n/a	500.5	180.9	n/a	573.3	177.0	2.55	148.0
415.399	0.31	fixation	n/a	567.6	176.5	3127.0	n/a	n/a	n/a	n/a
415.711	0.026	saccade	n/a	555.4	180.3	n/a	508.6	180.7	1.64	121.0
415.739	0.124	fixation	n/a	513.8	181.3	3047.0	n/a	n/a	n/a	n/a
415.865	0.034	saccade	n/a	515.0	180.8	n/a	614.2	175.4	3.47	176.0
415.901	0.136	fixation	n/a	611.2	173.1	3049.0	n/a	n/a	n/a	n/a
416.039	0.064	saccade	n/a	612.2	171.1	n/a	167.8	234.3	15.43	372.0
416.105	0.104	fixation	n/a	170.0	239.1	3163.0	n/a	n/a	n/a	n/a
416.211	0.024	saccade	n/a	168.0	241.1	n/a	126.3	244.8	1.42	116.0
416.237	0.122	fixation	n/a	131.0	246.7	3110.0	n/a	n/a	n/a	n/a
416.361	0.032	saccade	n/a	132.9	248.4	n/a	232.4	245.7	3.4	204.0
416.395	0.328	fixation	n/a	232.0	241.1	3166.0	n/a	n/a	n/a	n/a
416.725	0.028	saccade	n/a	235.6	242.8	n/a	319.1	237.8	2.89	162.0
416.755	0.17	fixation	n/a	318.6	241.9	3075.0	n/a	n/a	n/a	n/a
416.927	0.02	saccade	n/a	315.4	244.1	n/a	280.8	245.0	1.2	94.0
416.949	0.186	fixation	n/a	282.4	245.9	3078.0	n/a	n/a	n/a	n/a
417.137	0.028	saccade	n/a	281.9	247.1	n/a	342.6	246.8	2.11	134.0
417.167	0.09	fixation	n/a	338.7	245.5	3129.0	n/a	n/a	n/a	n/a
417.259	0.174	saccade	n/a	342.4	247.7	n/a	335.5	234.2	0.54	1373.0
417.293	0.076	blink	n/a	n/a	n/a	n/a	n/a	n/a	n/a	n/a
417.435	0.068	fixation	n/a	337.2	232.4	3079.0	n/a	n/a	n/a	n/a
417.505	0.034	saccade	n/a	339.3	233.7	n/a	236.4	253.0	3.63	220.0
417.541	0.26	fixation	n/a	235.5	256.8	3081.0	n/a	n/a	n/a	n/a
417.803	0.014	saccade	n/a	237.8	253.7	n/a	254.1	246.7	0.61	53.0
417.819	0.05	fixation	n/a	253.7	245.9	3087.0	n/a	n/a	n/a	n/a
417.871	0.2	saccade	n/a	253.8	247.0	n/a	344.9	250.6	3.17	2400.0
417.907	0.126	blink	n/a	n/a	n/a	n/a	n/a	n/a	n/a	n/a
418.016	0.0	trigger_11	11	n/a	n/a	n/a	n/a	n/a	n/a	n/a
418.073	0.162	fixation	n/a	343.6	248.8	3084.0	n/a	n/a	n/a	n/a
418.082	0.0	trigger_10	10	n/a	n/a	n/a	n/a	n/a	n/a	n/a
418.237	0.04	saccade	n/a	343.3	247.8	n/a	202.3	192.0	5.25	247.0
418.279	0.048	fixation	n/a	201.8	191.2	3041.0	n/a	n/a	n/a	n/a
418.329	0.03	saccade	n/a	199.5	191.6	n/a	136.7	175.9	2.21	173.0
418.361	0.304	fixation	n/a	131.4	179.1	3048.0	n/a	n/a	n/a	n/a
418.667	0.028	saccade	n/a	130.2	183.4	n/a	192.7	187.3	2.13	150.0
418.697	0.246	fixation	n/a	190.8	185.4	3110.0	n/a	n/a	n/a	n/a
418.945	0.03	saccade	n/a	191.8	186.7	n/a	112.4	185.8	2.7	166.0
418.977	0.298	fixation	n/a	115.7	183.4	3152.0	n/a	n/a	n/a	n/a
419.277	0.03	saccade	n/a	118.0	187.5	n/a	185.7	189.0	2.3	151.0
419.309	0.5	fixation	n/a	181.1	189.8	3281.0	n/a	n/a	n/a	n/a
419.811	0.022	saccade	n/a	181.0	188.8	n/a	232.2	189.6	1.75	112.0
419.835	0.398	fixation	n/a	231.3	189.3	3314.0	n/a	n/a	n/a	n/a
420.235	0.018	saccade	n/a	235.0	184.1	n/a	266.3	183.0	1.08	76.0
420.255	0.246	fixation	n/a	265.6	184.0	3180.0	n/a	n/a	n/a	n/a
420.503	0.028	saccade	n/a	267.5	183.4	n/a	340.9	183.0	2.55	148.0
420.533	0.146	fixation	n/a	341.5	184.1	3171.0	n/a	n/a	n/a	n/a
420.681	0.016	saccade	n/a	341.3	183.9	n/a	320.1	184.8	0.74	59.0
420.699	0.344	fixation	n/a	324.8	182.5	3072.0	n/a	n/a	n/a	n/a
421.045	0.026	saccade	n/a	326.4	177.7	n/a	394.2	179.5	2.36	130.0
421.073	0.44	fixation	n/a	383.7	179.0	2971.0	n/a	n/a	n/a	n/a
421.515	0.018	saccade	n/a	374.5	178.7	n/a	348.7	179.1	0.9	64.0
421.535	0.152	fixation	n/a	351.2	181.7	2907.0	n/a	n/a	n/a	n/a
421.689	0.02	saccade	n/a	356.5	184.4	n/a	398.7	184.8	1.48	96.0
421.711	0.222	fixation	n/a	397.1	183.1	2914.0	n/a	n/a	n/a	n/a
421.935	0.028	saccade	n/a	397.4	178.1	n/a	469.4	177.0	2.52	124.0
421.965	0.3	fixation	n/a	471.9	175.4	2748.0	n/a	n/a	n/a	n/a
422.267	0.022	saccade	n/a	476.9	177.0	n/a	520.6	172.3	1.54	95.0
422.291	0.496	fixation	n/a	518.8	172.9	2670.0	n/a	n/a	n/a	n/a
422.789	0.03	saccade	n/a	518.4	175.3	n/a	600.4	175.1	2.86	160.0
422.821	0.592	fixation	n/a	593.3	170.3	2723.0	n/a	n/a	n/a	n/a
423.415	0.152	saccade	n/a	592.8	170.2	n/a	149.2	230.1	15.36	1890.0
423.483	0.024	blink	n/a	n/a	n/a	n/a	n/a	n/a	n/a	n/a
423.569	0.032	fixation	n/a	149.9	231.3	2906.0	n/a	n/a	n/a	n/a
423.603	0.024	saccade	n/a	148.2	232.5	n/a	111.6	239.2	1.25	100.0
423.629	0.156	fixation	n/a	117.0	240.9	2870.0	n/a	n/a	n/a	n/a
423.787	0.042	saccade	n/a	118.0	242.2	n/a	118.7	242.7	0.03	456.0
423.831	0.076	fixation	n/a	119.3	242.7	2934.0	n/a	n/a	n/a	n/a
423.909	0.026	saccade	n/a	122.8	245.7	n/a	185.9	247.9	2.14	134.0
423.937	0.318	fixation	n/a	177.5	244.5	2918.0	n/a	n/a	n/a	n/a
424.257	0.024	saccade	n/a	173.8	247.4	n/a	223.7	250.4	1.71	117.0
424.283	0.226	fixation	n/a	219.8	248.1	3004.0	n/a	n/a	n/a	n/a
424.511	0.018	saccade	n/a	222.9	247.4	n/a	248.9	247.3	0.9	63.0
424.531	0.08	fixation	n/a	249.6	246.4	3047.0	n/a	n/a	n/a	n/a
424.613	0.028	saccade	n/a	249.8	245.0	n/a	315.9	249.4	2.29	148.0
424.643	0.2	fixation	n/a	314.6	249.8	3022.0	n/a	n/a	n/a	n/a
424.845	0.036	saccade	n/a	315.9	249.1	n/a	423.4	243.6	3.76	183.0
424.883	0.182	fixation	n/a	421.4	241.8	3027.0	n/a	n/a	n/a	n/a
425.067	0.022	saccade	n/a	427.4	242.1	n/a	473.6	240.1	1.62	99.0
425.091	0.202	fixation	n/a	472.3	240.4	2920.0	n/a	n/a	n/a	n/a
425.295	0.022	saccade	n/a	475.6	241.6	n/a	528.4	241.5	1.85	116.0
425.319	0.134	fixation	n/a	526.3	240.3	2877.0	n/a	n/a	n/a	n/a
425.455	0.026	saccade	n/a	524.9	241.2	n/a	470.7	241.0	1.9	132.0
425.483	0.176	fixation	n/a	471.4	240.1	2951.0	n/a	n/a	n/a	n/a
425.661	0.018	saccade	n/a	467.5	243.7	n/a	438.2	247.7	1.04	76.0
425.681	0.192	fixation	n/a	438.6	245.5	3034.0	n/a	n/a	n/a	n/a
425.875	0.032	saccade	n/a	437.3	243.3	n/a	532.7	238.3	3.34	171.0
425.909	0.17	fixation	n/a	530.5	236.1	3037.0	n/a	n/a	n/a	n/a
426.081	0.018	saccade	n/a	527.9	239.4	n/a	501.5	242.6	0.93	69.0
426.101	0.142	fixation	n/a	503.1	240.2	3160.0	n/a	n/a	n/a	n/a
426.245	0.034	saccade	n/a	504.1	237.7	n/a	602.6	234.1	3.43	166.0
426.281	0.204	fixation	n/a	598.1	234.3	3174.0	n/a	n/a	n/a	n/a
426.487	0.04	saccade	n/a	598.0	233.9	n/a	414.1	239.5	6.41	300.0
426.529	0.286	fixation	n/a	407.9	243.5	3218.0	n/a	n/a	n/a	n/a
426.817	0.026	saccade	n/a	404.9	249.1	n/a	468.1	246.3	2.22	134.0
426.845	0.176	fixation	n/a	463.4	247.0	3247.0	n/a	n/a	n/a	n/a
427.023	0.028	saccade	n/a	465.7	249.5	n/a	558.4	242.6	3.26	173.0
427.053	0.164	fixation	n/a	561.8	244.0	3234.0	n/a	n/a	n/a	n/a
427.219	0.026	saccade	n/a	563.7	242.7	n/a	613.6	242.3	1.74	122.0
427.247	0.066	fixation	n/a	609.7	241.3	3195.0	n/a	n/a	n/a	n/a
427.315	0.07	saccade	n/a	610.6	240.4	n/a	157.4	305.1	15.71	373.0
427.387	0.058	fixation	n/a	159.6	304.4	3309.0	n/a	n/a	n/a	n/a
427.447	0.088	saccade	n/a	161.8	307.6	n/a	123.7	308.8	1.29	1859.0
427.537	0.154	fixation	n/a	130.8	310.8	3335.0	n/a	n/a	n/a	n/a
427.693	0.028	saccade	n/a	132.1	309.2	n/a	192.4	310.3	2.04	136.0
427.723	0.056	fixation	n/a	189.0	309.9	3237.0	n/a	n/a	n/a	n/a
427.781	0.146	saccade	n/a	191.4	310.2	n/a	300.7	307.2	3.76	2004.0
427.809	0.082	blink	n/a	n/a	n/a	n/a	n/a	n/a	n/a	n/a
427.929	0.142	fixation	n/a	298.8	304.9	3264.0	n/a	n/a	n/a	n/a
428.073	0.03	saccade	n/a	299.8	304.7	n/a	374.1	306.3	2.58	156.0
428.105	0.248	fixation	n/a	373.8	307.9	3122.0	n/a	n/a	n/a	n/a
428.355	0.028	saccade	n/a	377.7	308.7	n/a	451.2	308.1	2.57	152.0
428.385	0.238	fixation	n/a	451.1	306.3	2971.0	n/a	n/a	n/a	n/a
428.625	0.024	saccade	n/a	449.2	305.1	n/a	402.2	304.7	1.65	113.0
428.651	0.148	fixation	n/a	404.3	307.7	2908.0	n/a	n/a	n/a	n/a
428.801	0.032	saccade	n/a	405.5	306.0	n/a	487.6	302.3	2.88	146.0
428.835	0.208	fixation	n/a	487.7	300.0	2845.0	n/a	n/a	n/a	n/a
429.045	0.05	saccade	n/a	488.9	299.1	n/a	256.8	182.4	9.07	283.0
429.097	0.79	fixation	n/a	252.8	183.5	2887.0	n/a	n/a	n/a	n/a
429.418	0.0	trigger_11	11	n/a	n/a	n/a	n/a	n/a	n/a	n/a
429.472	0.0	trigger_21	21	n/a	n/a	n/a	n/a	n/a	n/a	n/a
429.889	0.044	saccade	n/a	250.1	186.9	n/a	394.8	228.0	5.23	190.0
429.935	0.034	fixation	n/a	390.0	226.7	3174.0	n/a	n/a	n/a	n/a
