onset	duration	trial_type	value	gaze_x	gaze_y	pupil_size	sacc_endx	sacc_endy	sacc_amplitude	sacc_peakvel
0.061	0.298	fixation	n/a	205.6	238.0	3144.0	n/a	n/a	n/a	n/a
0.361	0.02	saccade	n/a	211.3	233.9	n/a	227.3	204.1	1.19	72.0
0.383	0.28	fixation	n/a	229.0	195.0	2946.0	n/a	n/a	n/a	n/a
0.665	0.014	saccade	n/a	222.3	188.0	n/a	204.4	180.6	0.67	55.0
0.681	0.308	fixation	n/a	204.4	176.0	2757.0	n/a	n/a	n/a	n/a
0.991	0.022	saccade	n/a	211.3	173.9	n/a	248.6	166.5	1.32	72.0
1.015	0.206	fixation	n/a	248.3	162.1	2754.0	n/a	n/a	n/a	n/a
1.223	0.022	saccade	n/a	243.6	164.5	n/a	211.0	183.9	1.32	73.0
1.247	0.26	fixation	n/a	211.5	194.8	3027.0	n/a	n/a	n/a	n/a
1.509	0.026	saccade	n/a	218.2	196.2	n/a	281.2	200.0	2.2	114.0
1.537	0.17	fixation	n/a	284.2	196.9	3067.0	n/a	n/a	n/a	n/a
1.709	0.026	saccade	n/a	282.8	194.9	n/a	219.0	196.2	2.22	121.0
1.737	0.348	fixation	n/a	218.8	197.4	3296.0	n/a	n/a	n/a	n/a
2.087	0.046	saccade	n/a	217.7	201.9	n/a	291.0	306.7	4.5	112.0
2.104	0.0	trigger_114	114	n/a	n/a	n/a	n/a	n/a	n/a	n/a
2.135	0.342	fixation	n/a	304.0	341.3	3541.0	n/a	n/a	n/a	n/a
2.479	0.114	saccade	n/a	308.6	345.2	n/a	296.6	247.9	3.46	1535.0
2.595	0.106	fixation	n/a	297.8	248.9	3313.0	n/a	n/a	n/a	n/a
2.703	0.038	saccade	n/a	299.3	250.4	n/a	298.3	252.2	0.07	305.0
2.743	0.118	fixation	n/a	299.5	254.8	3242.0	n/a	n/a	n/a	n/a
2.863	0.074	saccade	n/a	299.9	256.3	n/a	300.4	253.2	0.11	2715.0
2.939	0.05	fixation	n/a	299.5	251.2	3350.0	n/a	n/a	n/a	n/a
2.991	0.128	saccade	n/a	298.4	247.3	n/a	276.3	236.8	0.86	1827.0
3.121	0.946	fixation	n/a	269.9	238.2	3546.0	n/a	n/a	n/a	n/a
4.069	0.022	saccade	n/a	258.2	243.6	n/a	305.0	248.1	1.64	100.0
4.093	0.14	fixation	n/a	304.5	247.2	3712.0	n/a	n/a	n/a	n/a
4.124	0.0	trigger_10	10	n/a	n/a	n/a	n/a	n/a	n/a	n/a
4.235	0.25	saccade	n/a	310.4	249.2	n/a	181.0	200.7	4.8	1926.0
4.271	0.164	blink	n/a	n/a	n/a	n/a	n/a	n/a	n/a	n/a
4.487	0.076	fixation	n/a	181.5	202.2	3400.0	n/a	n/a	n/a	n/a
4.565	0.022	saccade	n/a	179.5	203.4	n/a	141.1	193.9	1.36	92.0
4.589	0.23	fixation	n/a	141.0	189.6	3396.0	n/a	n/a	n/a	n/a
4.821	0.03	saccade	n/a	143.8	185.8	n/a	252.2	188.0	3.73	178.0
4.853	0.204	fixation	n/a	262.6	183.1	3206.0	n/a	n/a	n/a	n/a
5.059	0.018	saccade	n/a	263.7	185.0	n/a	235.4	186.0	0.98	72.0
5.079	0.228	fixation	n/a	235.8	185.0	3193.0	n/a	n/a	n/a	n/a
5.309	0.024	saccade	n/a	238.7	183.5	n/a	301.3	181.4	2.18	127.0
5.335	0.212	fixation	n/a	300.5	181.9	3214.0	n/a	n/a	n/a	n/a
5.549	0.024	saccade	n/a	301.6	180.2	n/a	360.2	183.6	2.06	123.0
5.575	0.404	fixation	n/a	357.0	181.7	3396.0	n/a	n/a	n/a	n/a
5.981	0.024	saccade	n/a	361.2	183.8	n/a	421.6	179.8	2.13	123.0
6.007	0.208	fixation	n/a	424.0	178.4	3350.0	n/a	n/a	n/a	n/a
6.217	0.028	saccade	n/a	425.4	177.2	n/a	504.3	173.9	2.78	140.0
6.247	0.162	fixation	n/a	504.5	173.0	3408.0	n/a	n/a	n/a	n/a
6.411	0.028	saccade	n/a	507.6	172.3	n/a	585.8	174.1	2.75	147.0
6.441	0.196	fixation	n/a	585.6	172.2	3414.0	n/a	n/a	n/a	n/a
6.639	0.018	saccade	n/a	589.0	172.9	n/a	616.1	174.5	0.95	66.0
6.659	0.134	fixation	n/a	616.2	172.6	3384.0	n/a	n/a	n/a	n/a
6.795	0.07	saccade	n/a	617.1	170.5	n/a	168.1	230.8	15.66	368.0
6.867	0.106	fixation	n/a	174.2	235.3	3411.0	n/a	n/a	n/a	n/a
6.975	0.022	saccade	n/a	174.0	238.4	n/a	132.7	245.7	1.44	107.0
6.999	0.254	fixation	n/a	139.4	244.8	3357.0	n/a	n/a	n/a	n/a
7.255	0.03	saccade	n/a	144.5	243.0	n/a	236.9	245.3	3.17	180.0
7.287	0.224	fixation	n/a	237.7	244.2	3339.0	n/a	n/a	n/a	n/a
7.513	0.03	saccade	n/a	241.5	244.7	n/a	324.1	244.3	2.88	157.0
7.545	0.696	fixation	n/a	327.6	238.6	3117.0	n/a	n/a	n/a	n/a
8.243	0.024	saccade	n/a	336.2	234.7	n/a	386.1	235.4	1.75	102.0
8.269	0.15	fixation	n/a	388.2	233.9	2687.0	n/a	n/a	n/a	n/a
8.421	0.02	saccade	n/a	385.7	234.2	n/a	347.3	235.2	1.35	89.0
8.443	0.132	fixation	n/a	348.2	236.7	2647.0	n/a	n/a	n/a	n/a
8.577	0.014	saccade	n/a	344.8	236.8	n/a	326.3	235.9	0.65	54.0
8.593	0.264	fixation	n/a	328.8	238.6	2733.0	n/a	n/a	n/a	n/a
8.859	0.022	saccade	n/a	331.7	240.8	n/a	377.4	241.8	1.61	104.0
8.883	0.246	fixation	n/a	376.0	244.2	2718.0	n/a	n/a	n/a	n/a
9.131	0.024	saccade	n/a	378.2	244.5	n/a	443.3	242.5	2.3	128.0
9.157	0.218	fixation	n/a	443.7	240.7	2738.0	n/a	n/a	n/a	n/a
9.377	0.148	saccade	n/a	449.8	245.2	n/a	262.8	510.6	11.36	2544.0
9.421	0.046	blink	n/a	n/a	n/a	n/a	n/a	n/a	n/a	n/a
9.527	0.064	fixation	n/a	264.3	502.2	2950.0	n/a	n/a	n/a	n/a
9.593	0.018	saccade	n/a	265.7	503.3	n/a	270.5	527.6	0.85	62.0
9.613	0.208	fixation	n/a	271.9	524.3	2948.0	n/a	n/a	n/a	n/a
9.823	0.03	saccade	n/a	273.0	525.0	n/a	363.2	535.9	3.12	178.0
9.855	0.17	fixation	n/a	365.0	529.5	2842.0	n/a	n/a	n/a	n/a
10.027	0.026	saccade	n/a	370.6	532.1	n/a	440.3	529.4	2.41	132.0
10.055	0.212	fixation	n/a	442.7	524.7	2673.0	n/a	n/a	n/a	n/a
10.269	2.072	saccade	n/a	443.6	522.9	n/a	391.0	246.8	9.84	678.0
10.397	1.894	blink	n/a	n/a	n/a	n/a	n/a	n/a	n/a	n/a
12.343	0.206	fixation	n/a	395.7	245.1	3066.0	n/a	n/a	n/a	n/a
12.551	0.02	saccade	n/a	397.3	246.7	n/a	356.0	249.0	1.46	100.0
12.573	0.252	fixation	n/a	356.2	243.5	2993.0	n/a	n/a	n/a	n/a
12.827	0.026	saccade	n/a	359.1	238.7	n/a	413.4	197.4	2.42	122.0
12.855	0.23	fixation	n/a	415.7	185.1	2737.0	n/a	n/a	n/a	n/a
13.087	0.024	saccade	n/a	418.4	182.2	n/a	471.2	182.4	1.86	100.0
13.113	0.188	fixation	n/a	474.3	180.6	2595.0	n/a	n/a	n/a	n/a
13.303	0.038	saccade	n/a	472.4	179.4	n/a	318.7	171.7	5.42	236.0
13.343	0.496	fixation	n/a	320.1	179.8	2648.0	n/a	n/a	n/a	n/a
13.614	0.0	trigger_11	11	n/a	n/a	n/a	n/a	n/a	n/a	n/a
13.678	0.0	trigger_12	12	n/a	n/a	n/a	n/a	n/a	n/a	n/a
13.841	0.034	saccade	n/a	314.8	179.6	n/a	186.2	169.7	4.48	212.0
13.877	0.082	fixation	n/a	186.2	171.0	2822.0	n/a	n/a	n/a	n/a
13.961	0.024	saccade	n/a	185.9	170.3	n/a	136.8	173.5	1.68	124.0
13.987	0.22	fixation	n/a	139.5	174.7	2952.0	n/a	n/a	n/a	n/a
14.209	0.026	saccade	n/a	141.7	174.1	n/a	208.7	174.6	2.29	130.0
14.237	0.176	fixation	n/a	209.8	175.2	2997.0	n/a	n/a	n/a	n/a
14.415	0.032	saccade	n/a	212.1	173.2	n/a	306.1	177.8	3.27	177.0
14.449	0.2	fixation	n/a	308.4	180.1	3050.0	n/a	n/a	n/a	n/a
14.651	0.026	saccade	n/a	311.7	182.7	n/a	376.5	183.9	2.28	132.0
14.679	0.2	fixation	n/a	374.1	184.0	3120.0	n/a	n/a	n/a	n/a
14.881	0.054	saccade	n/a	373.7	184.7	n/a	636.6	172.4	9.22	290.0
14.937	0.29	fixation	n/a	636.7	173.4	3107.0	n/a	n/a	n/a	n/a
15.229	0.036	saccade	n/a	633.9	178.6	n/a	521.0	174.1	3.97	226.0
15.267	0.154	fixation	n/a	519.2	175.5	3064.0	n/a	n/a	n/a	n/a
15.423	0.03	saccade	n/a	518.7	176.0	n/a	447.4	177.4	2.52	162.0
15.455	0.24	fixation	n/a	444.5	175.7	3156.0	n/a	n/a	n/a	n/a
15.697	0.02	saccade	n/a	445.6	177.5	n/a	479.7	179.1	1.21	82.0
15.719	0.394	fixation	n/a	470.7	177.1	3177.0	n/a	n/a	n/a	n/a
16.115	0.024	saccade	n/a	463.5	179.4	n/a	516.6	176.3	1.87	118.0
16.141	0.408	fixation	n/a	512.7	175.2	3206.0	n/a	n/a	n/a	n/a
16.551	0.024	saccade	n/a	513.8	173.8	n/a	563.8	176.2	1.76	106.0
16.577	0.212	fixation	n/a	562.6	175.4	3241.0	n/a	n/a	n/a	n/a
16.791	0.022	saccade	n/a	562.9	170.7	n/a	602.5	172.2	1.39	86.0
16.815	0.2	fixation	n/a	602.1	173.1	3348.0	n/a	n/a	n/a	n/a
17.017	0.022	saccade	n/a	605.5	176.1	n/a	645.7	174.9	1.41	85.0
17.041	0.496	fixation	n/a	643.9	171.9	3225.0	n/a	n/a	n/a	n/a
17.539	0.072	saccade	n/a	641.5	172.2	n/a	153.2	243.1	16.97	358.0
17.613	0.112	fixation	n/a	159.2	247.1	3318.0	n/a	n/a	n/a	n/a
17.727	0.026	saccade	n/a	157.9	248.1	n/a	109.3	242.3	1.66	129.0
17.755	0.214	fixation	n/a	114.9	242.3	3235.0	n/a	n/a	n/a	n/a
17.971	0.026	saccade	n/a	119.8	243.6	n/a	186.7	244.4	2.28	142.0
17.999	0.178	fixation	n/a	186.6	242.2	3071.0	n/a	n/a	n/a	n/a
18.179	0.02	saccade	n/a	192.3	242.0	n/a	229.0	242.2	1.27	86.0
18.201	0.14	fixation	n/a	229.5	241.0	3035.0	n/a	n/a	n/a	n/a
18.343	0.03	saccade	n/a	232.3	239.8	n/a	319.8	236.4	3.05	170.0
18.375	0.248	fixation	n/a	317.8	236.0	3103.0	n/a	n/a	n/a	n/a
18.625	0.028	saccade	n/a	319.4	235.3	n/a	401.2	233.8	2.87	157.0
18.655	0.198	fixation	n/a	403.1	236.1	3109.0	n/a	n/a	n/a	n/a
18.855	0.038	saccade	n/a	404.1	234.9	n/a	530.3	233.3	4.44	179.0
18.895	0.214	fixation	n/a	529.5	234.6	3131.0	n/a	n/a	n/a	n/a
19.111	0.018	saccade	n/a	533.1	235.0	n/a	559.1	234.7	0.92	66.0
19.131	0.184	fixation	n/a	558.1	235.3	3138.0	n/a	n/a	n/a	n/a
19.317	0.026	saccade	n/a	558.9	238.0	n/a	620.9	237.0	2.18	127.0
19.345	0.248	fixation	n/a	617.8	235.2	3140.0	n/a	n/a	n/a	n/a
19.595	0.014	saccade	n/a	612.9	230.7	n/a	595.6	232.0	0.61	51.0
19.611	0.15	fixation	n/a	603.3	235.8	3249.0	n/a	n/a	n/a	n/a
19.763	0.07	saccade	n/a	614.5	240.9	n/a	158.2	295.8	15.85	370.0
19.835	0.13	fixation	n/a	162.9	299.4	3290.0	n/a	n/a	n/a	n/a
19.967	0.024	saccade	n/a	160.1	300.7	n/a	119.3	304.1	1.39	105.0
19.993	0.122	fixation	n/a	123.4	305.3	3233.0	n/a	n/a	n/a	n/a
20.117	0.034	saccade	n/a	124.4	304.9	n/a	249.6	301.9	4.3	243.0
20.153	0.198	fixation	n/a	252.5	299.6	3209.0	n/a	n/a	n/a	n/a
20.353	0.034	saccade	n/a	255.0	298.3	n/a	366.4	297.6	3.89	204.0
20.389	0.132	fixation	n/a	368.3	298.1	3224.0	n/a	n/a	n/a	n/a
20.523	0.016	saccade	n/a	364.6	298.7	n/a	343.6	296.0	0.74	60.0
20.541	0.124	fixation	n/a	345.0	297.6	3243.0	n/a	n/a	n/a	n/a
20.667	0.018	saccade	n/a	344.3	298.8	n/a	314.2	298.2	1.05	82.0
20.687	0.104	fixation	n/a	319.2	299.5	3170.0	n/a	n/a	n/a	n/a
20.793	0.042	saccade	n/a	318.9	298.8	n/a	489.6	300.8	5.99	253.0
20.837	0.16	fixation	n/a	490.6	296.3	3167.0	n/a	n/a	n/a	n/a
20.999	0.022	saccade	n/a	492.2	294.6	n/a	540.3	297.2	1.69	109.0
21.023	0.332	fixation	n/a	542.0	297.9	3209.0	n/a	n/a	n/a	n/a
21.357	0.064	saccade	n/a	555.4	300.9	n/a	156.0	355.8	13.91	368.0
21.423	0.308	fixation	n/a	156.4	355.6	3111.0	n/a	n/a	n/a	n/a
21.733	0.032	saccade	n/a	147.4	357.4	n/a	256.7	354.3	3.74	203.0
21.767	0.222	fixation	n/a	257.8	355.3	3100.0	n/a	n/a	n/a	n/a
21.991	0.028	saccade	n/a	256.4	355.3	n/a	196.4	357.2	2.07	135.0
22.021	0.16	fixation	n/a	199.1	358.0	3060.0	n/a	n/a	n/a	n/a
22.183	0.038	saccade	n/a	202.2	358.7	n/a	341.3	356.8	4.82	223.0
22.223	0.178	fixation	n/a	341.1	354.4	3008.0	n/a	n/a	n/a	n/a
22.403	0.02	saccade	n/a	338.8	355.4	n/a	299.3	355.9	1.38	96.0
22.425	0.11	fixation	n/a	298.1	353.0	3032.0	n/a	n/a	n/a	n/a
22.537	0.044	saccade	n/a	296.4	350.5	n/a	471.9	353.6	6.13	259.0
22.583	0.294	fixation	n/a	472.1	357.2	3054.0	n/a	n/a	n/a	n/a
22.879	0.034	saccade	n/a	468.8	360.2	n/a	568.2	359.7	3.49	166.0
22.915	0.172	fixation	n/a	567.6	358.1	2983.0	n/a	n/a	n/a	n/a
23.089	0.028	saccade	n/a	569.6	357.3	n/a	646.5	353.2	2.68	153.0
23.119	0.2	fixation	n/a	646.4	351.9	2984.0	n/a	n/a	n/a	n/a
23.321	0.07	saccade	n/a	647.5	350.8	n/a	159.2	420.6	16.93	395.0
23.393	0.102	fixation	n/a	161.9	423.2	2884.0	n/a	n/a	n/a	n/a
23.497	0.018	saccade	n/a	159.6	422.3	n/a	125.7	417.6	1.15	82.0
23.517	0.318	fixation	n/a	126.9	415.2	2716.0	n/a	n/a	n/a	n/a
23.837	0.052	saccade	n/a	127.9	410.0	n/a	229.7	178.9	8.78	266.0
23.891	0.276	fixation	n/a	232.6	180.3	2528.0	n/a	n/a	n/a	n/a
23.942	0.0	trigger_13	13	n/a	n/a	n/a	n/a	n/a	n/a	n/a
24.004	0.0	trigger_10	10	n/a	n/a	n/a	n/a	n/a	n/a	n/a
24.169	0.026	saccade	n/a	232.8	183.0	n/a	158.2	172.8	2.59	136.0
24.197	0.28	fixation	n/a	153.2	175.1	2604.0	n/a	n/a	n/a	n/a
24.479	0.026	saccade	n/a	152.3	170.5	n/a	225.9	168.8	2.52	131.0
24.507	0.15	fixation	n/a	228.4	167.8	2673.0	n/a	n/a	n/a	n/a
24.659	0.036	saccade	n/a	228.4	166.5	n/a	354.0	175.6	4.38	206.0
24.697	0.144	fixation	n/a	353.7	176.8	2749.0	n/a	n/a	n/a	n/a
24.843	0.022	saccade	n/a	351.0	181.1	n/a	303.3	177.8	1.67	110.0
24.867	0.404	fixation	n/a	294.6	176.9	2819.0	n/a	n/a	n/a	n/a
25.273	0.032	saccade	n/a	289.2	175.4	n/a	380.9	181.6	3.22	156.0
25.307	0.294	fixation	n/a	377.5	179.6	2990.0	n/a	n/a	n/a	n/a
25.603	0.024	saccade	n/a	377.8	181.5	n/a	434.3	181.1	1.99	113.0
25.629	0.31	fixation	n/a	434.2	180.8	3045.0	n/a	n/a	n/a	n/a
25.941	0.024	saccade	n/a	436.3	178.4	n/a	499.3	177.4	2.22	122.0
25.967	0.252	fixation	n/a	503.2	178.9	3015.0	n/a	n/a	n/a	n/a
26.221	0.022	saccade	n/a	507.3	176.6	n/a	546.7	173.1	1.39	81.0
26.245	0.19	fixation	n/a	550.2	172.5	3016.0	n/a	n/a	n/a	n/a
26.437	0.036	saccade	n/a	548.6	170.9	n/a	435.3	180.1	4.0	208.0
26.475	0.184	fixation	n/a	435.4	182.6	3086.0	n/a	n/a	n/a	n/a
26.661	0.024	saccade	n/a	433.4	182.9	n/a	378.1	183.4	1.95	122.0
26.687	0.194	fixation	n/a	380.8	182.5	3162.0	n/a	n/a	n/a	n/a
26.883	0.038	saccade	n/a	382.6	184.0	n/a	518.8	179.9	4.81	204.0
26.923	0.246	fixation	n/a	518.9	178.5	3269.0	n/a	n/a	n/a	n/a
27.171	0.02	saccade	n/a	525.3	181.2	n/a	565.2	180.1	1.41	92.0
27.193	0.226	fixation	n/a	565.3	177.0	3092.0	n/a	n/a	n/a	n/a
27.421	0.024	saccade	n/a	570.0	172.8	n/a	621.4	174.8	1.8	103.0
27.447	0.182	fixation	n/a	621.8	176.8	3011.0	n/a	n/a	n/a	n/a
27.631	0.07	saccade	n/a	624.2	177.7	n/a	160.1	226.3	16.12	362.0
27.703	0.118	fixation	n/a	163.9	229.3	3146.0	n/a	n/a	n/a	n/a
27.823	0.022	saccade	n/a	162.7	227.8	n/a	125.8	236.6	1.29	102.0
27.847	0.114	fixation	n/a	133.0	240.0	3212.0	n/a	n/a	n/a	n/a
27.963	0.02	saccade	n/a	135.8	239.4	n/a	179.7	241.5	1.5	100.0
27.985	0.372	fixation	n/a	178.9	241.9	3089.0	n/a	n/a	n/a	n/a
28.359	0.026	saccade	n/a	177.9	239.5	n/a	245.1	240.7	2.31	129.0
28.387	0.176	fixation	n/a	246.8	241.1	2993.0	n/a	n/a	n/a	n/a
28.565	0.168	saccade	n/a	245.4	240.5	n/a	271.6	253.1	1.01	2183.0
28.621	0.06	blink	n/a	n/a	n/a	n/a	n/a	n/a	n/a	n/a
28.735	0.062	fixation	n/a	272.6	244.7	3071.0	n/a	n/a	n/a	n/a
28.799	0.034	saccade	n/a	272.5	245.5	n/a	164.3	252.0	3.74	206.0
28.835	0.514	fixation	n/a	176.6	247.7	2956.0	n/a	n/a	n/a	n/a
29.351	0.026	saccade	n/a	185.4	241.9	n/a	253.6	240.4	2.36	142.0
29.379	0.36	fixation	n/a	254.7	234.7	2658.0	n/a	n/a	n/a	n/a
29.741	0.024	saccade	n/a	258.7	230.3	n/a	310.0	235.4	1.8	105.0
29.767	0.986	fixation	n/a	325.3	237.7	2647.0	n/a	n/a	n/a	n/a
30.755	0.03	saccade	n/a	334.7	240.9	n/a	420.4	239.2	3.01	154.0
30.787	0.216	fixation	n/a	420.4	239.9	2888.0	n/a	n/a	n/a	n/a
31.005	0.026	saccade	n/a	423.7	240.1	n/a	500.5	236.7	2.71	135.0
31.033	0.202	fixation	n/a	504.6	237.8	2890.0	n/a	n/a	n/a	n/a
31.237	0.014	saccade	n/a	502.1	233.8	n/a	486.0	228.3	0.6	49.0
31.253	0.024	fixation	n/a	487.9	227.2	2932.0	n/a	n/a	n/a	n/a
31.279	0.022	saccade	n/a	488.7	225.6	n/a	503.0	182.2	1.64	103.0
31.303	0.172	fixation	n/a	505.8	180.5	2983.0	n/a	n/a	n/a	n/a
31.477	0.03	saccade	n/a	504.7	181.5	n/a	424.1	179.5	2.85	174.0
31.509	0.148	fixation	n/a	425.7	180.3	3077.0	n/a	n/a	n/a	n/a
31.659	0.032	saccade	n/a	424.5	178.6	n/a	340.0	178.2	2.97	176.0
31.693	0.248	fixation	n/a	344.5	183.5	3079.0	n/a	n/a	n/a	n/a
31.943	0.034	saccade	n/a	349.2	184.0	n/a	453.7	183.1	3.69	175.0
31.979	0.234	fixation	n/a	451.5	175.5	3085.0	n/a	n/a	n/a	n/a
32.215	0.028	saccade	n/a	447.7	173.7	n/a	385.5	179.0	2.19	142.0
32.245	0.14	fixation	n/a	388.6	181.2	3160.0	n/a	n/a	n/a	n/a
32.387	0.036	saccade	n/a	390.0	181.3	n/a	514.1	173.3	4.38	197.0
32.425	0.17	fixation	n/a	513.2	172.9	3173.0	n/a	n/a	n/a	n/a
32.597	0.03	saccade	n/a	514.7	173.0	n/a	602.0	169.4	3.07	165.0
32.629	0.156	fixation	n/a	599.9	169.6	3208.0	n/a	n/a	n/a	n/a
32.787	0.072	saccade	n/a	599.3	175.4	n/a	128.2	235.9	16.39	366.0
32.861	0.16	fixation	n/a	129.4	235.1	3188.0	n/a	n/a	n/a	n/a
33.023	0.022	saccade	n/a	132.2	235.3	n/a	181.0	238.3	1.67	111.0
33.047	0.188	fixation	n/a	180.6	240.7	3136.0	n/a	n/a	n/a	n/a
33.237	0.024	saccade	n/a	182.7	243.0	n/a	245.1	244.5	2.16	124.0
33.263	0.176	fixation	n/a	247.0	241.1	3064.0	n/a	n/a	n/a	n/a
33.441	0.03	saccade	n/a	247.8	241.3	n/a	334.3	242.3	3.02	174.0
33.473	0.224	fixation	n/a	333.3	240.0	3082.0	n/a	n/a	n/a	n/a
33.699	0.03	saccade	n/a	334.5	237.9	n/a	426.1	239.9	3.22	170.0
33.731	0.224	fixation	n/a	425.8	237.4	3085.0	n/a	n/a	n/a	n/a
33.957	0.032	saccade	n/a	428.2	238.4	n/a	519.5	239.8	3.23	156.0
33.991	0.238	fixation	n/a	518.9	235.2	3050.0	n/a	n/a	n/a	n/a
34.231	0.06	saccade	n/a	519.3	236.8	n/a	140.0	290.9	13.26	357.0
34.293	0.244	fixation	n/a	138.2	294.2	3003.0	n/a	n/a	n/a	n/a
34.539	0.032	saccade	n/a	132.4	296.3	n/a	226.5	298.4	3.22	169.0
34.573	0.15	fixation	n/a	227.5	297.1	2959.0	n/a	n/a	n/a	n/a
34.725	0.032	saccade	n/a	230.7	297.3	n/a	332.7	300.5	3.56	180.0
34.759	0.178	fixation	n/a	334.9	302.2	2930.0	n/a	n/a	n/a	n/a
34.939	0.034	saccade	n/a	335.9	300.8	n/a	445.4	298.4	3.85	185.0
34.975	0.176	fixation	n/a	445.3	296.1	2933.0	n/a	n/a	n/a	n/a
35.153	0.02	saccade	n/a	440.5	298.8	n/a	407.6	300.0	1.16	73.0
35.175	0.128	fixation	n/a	408.4	299.8	2934.0	n/a	n/a	n/a	n/a
35.305	0.036	saccade	n/a	409.8	299.6	n/a	524.8	294.6	4.05	190.0
35.343	0.174	fixation	n/a	524.2	296.0	2840.0	n/a	n/a	n/a	n/a
35.519	0.028	saccade	n/a	524.2	293.7	n/a	596.1	298.3	2.53	143.0
35.549	0.136	fixation	n/a	595.9	296.2	2834.0	n/a	n/a	n/a	n/a
35.687	0.022	saccade	n/a	599.4	293.8	n/a	646.6	293.1	1.65	110.0
35.711	0.184	fixation	n/a	645.3	295.8	2804.0	n/a	n/a	n/a	n/a
35.897	0.07	saccade	n/a	646.2	295.6	n/a	160.1	347.5	16.86	366.0
35.969	0.136	fixation	n/a	161.1	348.9	2839.0	n/a	n/a	n/a	n/a
36.107	0.02	saccade	n/a	162.2	350.3	n/a	130.3	353.8	1.09	78.0
36.129	0.322	fixation	n/a	132.6	349.3	2818.0	n/a	n/a	n/a	n/a
36.44	0.0	trigger_11	11	n/a	n/a	n/a	n/a	n/a	n/a	n/a
36.453	0.044	saccade	n/a	135.1	351.2	n/a	282.2	203.9	7.25	259.0
36.494	0.0	trigger_10	10	n/a	n/a	n/a	n/a	n/a	n/a	n/a
36.499	0.166	fixation	n/a	284.3	196.8	2813.0	n/a	n/a	n/a	n/a
36.667	0.036	saccade	n/a	282.2	192.4	n/a	171.0	169.3	3.92	182.0
36.705	0.13	fixation	n/a	173.2	170.8	2844.0	n/a	n/a	n/a	n/a
36.837	0.022	saccade	n/a	170.5	170.8	n/a	128.9	175.0	1.42	106.0
36.861	0.128	fixation	n/a	132.8	173.8	2921.0	n/a	n/a	n/a	n/a
36.991	0.03	saccade	n/a	133.8	172.2	n/a	227.7	174.2	3.22	178.0
37.023	0.178	fixation	n/a	227.7	173.9	2982.0	n/a	n/a	n/a	n/a
37.203	0.024	saccade	n/a	229.6	174.8	n/a	291.5	175.6	2.15	132.0
37.229	0.172	fixation	n/a	291.0	177.4	3061.0	n/a	n/a	n/a	n/a
37.403	0.03	saccade	n/a	294.2	179.6	n/a	385.2	179.5	3.19	174.0
37.435	0.252	fixation	n/a	385.6	181.7	3107.0	n/a	n/a	n/a	n/a
37.689	0.024	saccade	n/a	384.7	185.2	n/a	334.4	185.2	1.77	115.0
37.715	0.162	fixation	n/a	335.8	179.0	3108.0	n/a	n/a	n/a	n/a
37.879	0.036	saccade	n/a	339.9	178.9	n/a	471.0	178.8	4.61	202.0
37.917	0.256	fixation	n/a	470.2	179.1	3151.0	n/a	n/a	n/a	n/a
38.175	0.026	saccade	n/a	469.5	177.6	n/a	525.6	174.7	1.98	100.0
38.203	0.174	fixation	n/a	534.3	174.3	3214.0	n/a	n/a	n/a	n/a
38.379	0.024	saccade	n/a	537.9	172.8	n/a	592.2	171.2	1.9	110.0
38.405	0.194	fixation	n/a	588.8	171.2	3164.0	n/a	n/a	n/a	n/a
38.601	0.062	saccade	n/a	586.5	172.8	n/a	178.5	227.1	14.27	358.0
38.665	0.11	fixation	n/a	179.9	229.0	3295.0	n/a	n/a	n/a	n/a
38.777	0.026	saccade	n/a	178.6	228.4	n/a	124.8	235.2	1.85	127.0
38.805	0.226	fixation	n/a	130.4	239.5	3269.0	n/a	n/a	n/a	n/a
39.033	0.034	saccade	n/a	130.0	237.9	n/a	242.4	235.4	3.84	202.0
39.069	0.346	fixation	n/a	239.1	234.1	3404.0	n/a	n/a	n/a	n/a
39.417	0.024	saccade	n/a	244.8	237.4	n/a	309.7	240.3	2.26	130.0
39.443	0.422	fixation	n/a	312.9	241.6	3278.0	n/a	n/a	n/a	n/a
39.867	0.024	saccade	n/a	312.6	242.1	n/a	265.2	245.1	1.66	94.0
39.893	0.504	fixation	n/a	252.5	241.8	3319.0	n/a	n/a	n/a	n/a
40.399	0.024	saccade	n/a	249.3	243.2	n/a	315.0	245.4	2.29	130.0
40.425	0.182	fixation	n/a	316.6	244.5	3344.0	n/a	n/a	n/a	n/a
40.609	0.142	saccade	n/a	319.6	245.3	n/a	469.4	516.4	10.83	1379.0
40.645	0.054	blink	n/a	n/a	n/a	n/a	n/a	n/a	n/a	n/a
40.753	0.162	fixation	n/a	467.9	514.4	3287.0	n/a	n/a	n/a	n/a
40.917	0.02	saccade	n/a	464.5	515.8	n/a	428.4	529.6	1.33	92.0
40.939	0.232	fixation	n/a	433.4	531.3	3108.0	n/a	n/a	n/a	n/a
41.173	0.054	saccade	n/a	439.5	531.1	n/a	298.7	287.1	9.85	282.0
41.229	0.126	fixation	n/a	294.8	273.1	2735.0	n/a	n/a	n/a	n/a
41.357	0.032	saccade	n/a	296.4	268.9	n/a	368.5	207.0	3.36	134.0
41.391	0.088	fixation	n/a	372.3	195.4	2633.0	n/a	n/a	n/a	n/a
41.481	0.034	saccade	n/a	370.2	194.0	n/a	259.8	157.8	4.08	201.0
41.517	0.032	fixation	n/a	260.1	158.9	2603.0	n/a	n/a	n/a	n/a
41.551	0.12	saccade	n/a	260.1	158.9	n/a	202.6	178.7	2.11	1530.0
41.579	0.038	blink	n/a	n/a	n/a	n/a	n/a	n/a	n/a	n/a
41.673	0.238	fixation	n/a	200.2	179.8	2665.0	n/a	n/a	n/a	n/a
41.913	0.026	saccade	n/a	200.6	173.7	n/a	268.9	177.8	2.37	121.0
41.941	0.236	fixation	n/a	272.8	181.8	2732.0	n/a	n/a	n/a	n/a
42.179	0.028	saccade	n/a	275.5	183.0	n/a	351.2	181.1	2.65	122.0
42.209	0.144	fixation	n/a	360.6	179.7	2756.0	n/a	n/a	n/a	n/a
42.355	0.028	saccade	n/a	361.3	180.0	n/a	436.4	178.1	2.65	132.0
42.385	0.226	fixation	n/a	441.9	178.4	2760.0	n/a	n/a	n/a	n/a
42.613	0.016	saccade	n/a	436.6	181.6	n/a	416.7	181.6	0.7	54.0
42.631	0.138	fixation	n/a	416.7	182.5	2845.0	n/a	n/a	n/a	n/a
42.771	0.024	saccade	n/a	420.4	183.7	n/a	477.5	178.3	2.03	111.0
42.797	0.33	fixation	n/a	478.5	177.0	2871.0	n/a	n/a	n/a	n/a
43.129	0.016	saccade	n/a	483.4	179.6	n/a	505.0	179.4	0.76	57.0
43.147	0.272	fixation	n/a	503.5	175.1	2901.0	n/a	n/a	n/a	n/a
43.421	0.024	saccade	n/a	502.6	175.9	n/a	560.4	169.5	2.04	115.0
43.447	0.288	fixation	n/a	559.8	168.8	3081.0	n/a	n/a	n/a	n/a
43.737	0.08	saccade	n/a	557.2	170.9	n/a	368.1	543.5	14.59	315.0
43.819	0.116	fixation	n/a	366.5	540.3	3357.0	n/a	n/a	n/a	n/a
43.937	0.02	saccade	n/a	368.3	535.6	n/a	398.2	527.6	1.07	63.0
43.959	0.214	fixation	n/a	406.2	527.2	3279.0	n/a	n/a	n/a	n/a
44.175	0.018	saccade	n/a	414.6	527.6	n/a	444.2	524.0	1.03	73.0
44.195	0.522	fixation	n/a	448.5	521.7	2858.0	n/a	n/a	n/a	n/a
44.719	0.062	saccade	n/a	450.6	522.3	n/a	480.1	187.8	11.8	271.0
44.783	0.236	fixation	n/a	481.1	184.1	2790.0	n/a	n/a	n/a	n/a
45.021	0.028	saccade	n/a	479.1	182.9	n/a	403.7	178.7	2.66	152.0
45.051	0.278	fixation	n/a	403.5	182.6	2906.0	n/a	n/a	n/a	n/a
45.331	0.028	saccade	n/a	403.2	183.7	n/a	479.1	182.8	2.68	144.0
45.361	0.428	fixation	n/a	476.5	180.7	3053.0	n/a	n/a	n/a	n/a
45.791	0.026	saccade	n/a	473.1	182.0	n/a	411.0	178.9	2.19	131.0
45.819	0.616	fixation	n/a	404.5	184.5	3242.0	n/a	n/a	n/a	n/a
46.437	0.02	saccade	n/a	403.4	185.0	n/a	435.4	184.8	1.13	70.0
46.459	0.16	fixation	n/a	439.1	184.0	3260.0	n/a	n/a	n/a	n/a
46.621	0.032	saccade	n/a	441.6	185.4	n/a	536.9	183.1	3.37	137.0
46.655	0.19	fixation	n/a	539.8	178.8	3301.0	n/a	n/a	n/a	n/a
46.847	0.022	saccade	n/a	542.1	176.8	n/a	594.6	176.8	1.84	114.0
46.871	0.128	fixation	n/a	594.0	177.2	3202.0	n/a	n/a	n/a	n/a
47.001	0.068	saccade	n/a	594.3	176.8	n/a	148.0	236.0	15.5	355.0
47.071	0.132	fixation	n/a	155.5	242.3	3096.0	n/a	n/a	n/a	n/a
47.205	0.018	saccade	n/a	156.7	244.5	n/a	128.6	247.0	0.96	70.0
47.225	0.164	fixation	n/a	130.6	246.3	3098.0	n/a	n/a	n/a	n/a
47.391	0.038	saccade	n/a	132.7	245.4	n/a	268.8	243.1	4.68	220.0
47.431	0.286	fixation	n/a	269.3	242.5	3075.0	n/a	n/a	n/a	n/a
47.719	0.192	saccade	n/a	274.5	244.8	n/a	310.3	267.3	1.48	1804.0
47.755	0.11	blink	n/a	n/a	n/a	n/a	n/a	n/a	n/a	n/a
47.913	0.18	fixation	n/a	308.5	255.4	3041.0	n/a	n/a	n/a	n/a
48.095	0.014	saccade	n/a	311.5	255.2	n/a	327.0	247.4	0.61	51.0
48.111	0.196	fixation	n/a	322.5	250.6	3020.0	n/a	n/a	n/a	n/a
48.309	0.03	saccade	n/a	322.0	247.7	n/a	249.8	199.2	3.06	178.0
48.341	0.198	fixation	n/a	250.2	195.1	2782.0	n/a	n/a	n/a	n/a
48.541	0.044	saccade	n/a	248.0	191.9	n/a	421.3	182.1	6.07	250.0
48.587	0.21	fixation	n/a	420.3	184.2	2795.0	n/a	n/a	n/a	n/a
48.799	0.024	saccade	n/a	426.3	180.6	n/a	482.9	179.3	2.0	127.0
48.825	0.448	fixation	n/a	488.6	178.0	2846.0	n/a	n/a	n/a	n/a
49.275	0.196	saccade	n/a	499.1	180.9	n/a	597.1	-362.7	18.64	481.0
49.337	0.076	blink	n/a	n/a	n/a	n/a	n/a	n/a	n/a	n/a
49.473	0.158	fixation	n/a	588.0	-379.7	2613.0	n/a	n/a	n/a	n/a
49.633	0.866	saccade	n/a	-568.7	737.1	n/a	461.9	429.8	31.04	2465.0
49.643	0.808	blink	n/a	n/a	n/a	n/a	n/a	n/a	n/a	n/a
50.501	0.1	fixation	n/a	458.7	428.5	3273.0	n/a	n/a	n/a	n/a
50.603	0.052	saccade	n/a	459.0	428.4	n/a	423.2	155.4	9.78	369.0
50.657	0.14	fixation	n/a	426.6	158.2	3299.0	n/a	n/a	n/a	n/a
50.799	0.022	saccade	n/a	428.6	163.7	n/a	395.2	183.2	1.37	103.0
50.823	0.258	fixation	n/a	397.9	181.3	3011.0	n/a	n/a	n/a	n/a
51.083	0.026	saccade	n/a	400.5	178.0	n/a	476.4	179.7	2.68	144.0
51.111	0.342	fixation	n/a	472.9	181.3	3178.0	n/a	n/a	n/a	n/a
51.455	0.026	saccade	n/a	469.6	183.1	n/a	405.6	183.8	2.26	149.0
51.483	0.286	fixation	n/a	406.8	181.0	3321.0	n/a	n/a	n/a	n/a
51.771	0.028	saccade	n/a	408.6	180.2	n/a	482.7	180.1	2.62	144.0
51.801	0.322	fixation	n/a	478.9	177.0	3318.0	n/a	n/a	n/a	n/a
51.914	0.0	trigger_11	11	n/a	n/a	n/a	n/a	n/a	n/a	n/a
51.974	0.0	trigger_10	10	n/a	n/a	n/a	n/a	n/a	n/a	n/a
52.125	0.05	saccade	n/a	477.2	174.6	n/a	210.8	174.9	9.3	310.0
52.177	0.07	fixation	n/a	212.0	176.8	3351.0	n/a	n/a	n/a	n/a
52.249	0.03	saccade	n/a	212.6	177.5	n/a	148.2	179.2	2.21	182.0
52.281	0.354	fixation	n/a	153.3	180.5	3323.0	n/a	n/a	n/a	n/a
52.637	0.028	saccade	n/a	155.7	179.4	n/a	243.8	181.6	3.03	169.0
52.667	0.15	fixation	n/a	242.9	180.2	3152.0	n/a	n/a	n/a	n/a
52.819	0.122	saccade	n/a	246.9	184.2	n/a	336.6	188.8	3.14	1682.0
52.859	0.03	blink	n/a	n/a	n/a	n/a	n/a	n/a	n/a	n/a
52.943	0.242	fixation	n/a	334.0	181.0	3098.0	n/a	n/a	n/a	n/a
53.187	0.028	saccade	n/a	335.3	176.9	n/a	413.2	180.6	2.74	156.0
53.217	0.252	fixation	n/a	412.4	183.2	3085.0	n/a	n/a	n/a	n/a
53.471	0.026	saccade	n/a	412.5	185.7	n/a	493.5	177.7	2.88	146.0
53.499	0.176	fixation	n/a	501.6	176.4	3057.0	n/a	n/a	n/a	n/a
53.677	0.022	saccade	n/a	503.0	176.1	n/a	541.8	174.1	1.37	83.0
53.701	0.132	fixation	n/a	546.2	172.2	3055.0	n/a	n/a	n/a	n/a
53.835	0.02	saccade	n/a	549.5	170.7	n/a	584.7	170.9	1.24	81.0
53.857	0.152	fixation	n/a	587.8	171.8	3053.0	n/a	n/a	n/a	n/a
54.011	0.066	saccade	n/a	588.7	171.7	n/a	155.5	223.9	15.1	363.0
54.079	0.11	fixation	n/a	158.5	228.2	3103.0	n/a	n/a	n/a	n/a
54.191	0.022	saccade	n/a	158.7	232.8	n/a	118.2	236.6	1.38	104.0
54.215	0.182	fixation	n/a	121.1	236.5	3133.0	n/a	n/a	n/a	n/a
54.399	0.03	saccade	n/a	123.1	238.7	n/a	211.3	243.1	3.01	165.0
54.431	0.12	fixation	n/a	210.4	242.6	3157.0	n/a	n/a	n/a	n/a
54.553	0.026	saccade	n/a	213.1	244.7	n/a	282.8	246.4	2.42	141.0
54.581	0.16	fixation	n/a	280.8	244.9	3176.0	n/a	n/a	n/a	n/a
54.743	0.03	saccade	n/a	283.7	243.0	n/a	365.3	240.7	2.85	158.0
54.775	0.23	fixation	n/a	363.0	241.3	3184.0	n/a	n/a	n/a	n/a
55.007	0.028	saccade	n/a	364.1	244.1	n/a	441.5	242.0	2.73	150.0
55.037	0.172	fixation	n/a	442.3	242.0	3135.0	n/a	n/a	n/a	n/a
55.211	0.02	saccade	n/a	447.6	243.6	n/a	485.7	241.4	1.35	89.0
55.233	0.132	fixation	n/a	484.0	238.2	3138.0	n/a	n/a	n/a	n/a
55.367	0.024	saccade	n/a	485.2	234.7	n/a	541.6	233.9	1.98	114.0
55.393	0.164	fixation	n/a	543.0	234.5	3160.0	n/a	n/a	n/a	n/a
55.559	0.022	saccade	n/a	540.3	234.5	n/a	495.0	235.9	1.6	112.0
55.583	0.272	fixation	n/a	497.2	237.3	3202.0	n/a	n/a	n/a	n/a
55.857	0.026	saccade	n/a	497.2	237.5	n/a	566.1	233.1	2.43	134.0
55.885	0.192	fixation	n/a	568.2	234.8	3225.0	n/a	n/a	n/a	n/a
56.079	0.022	saccade	n/a	570.3	233.1	n/a	609.1	236.1	1.36	89.0
56.103	0.498	fixation	n/a	608.6	235.0	3298.0	n/a	n/a	n/a	n/a
56.603	0.112	saccade	n/a	612.9	243.2	n/a	621.8	247.2	0.34	2845.0
56.649	0.026	blink	n/a	n/a	n/a	n/a	n/a	n/a	n/a	n/a
56.717	1.082	fixation	n/a	618.0	238.1	3222.0	n/a	n/a	n/a	n/a
57.801	0.074	saccade	n/a	617.2	236.1	n/a	119.8	292.4	17.21	352.0
57.877	0.558	fixation	n/a	125.3	299.5	3266.0	n/a	n/a	n/a	n/a
58.437	0.044	saccade	n/a	128.7	300.4	n/a	323.1	249.0	6.95	260.0
58.483	0.256	fixation	n/a	323.0	244.7	3089.0	n/a	n/a	n/a	n/a
58.741	0.024	saccade	n/a	324.2	241.7	n/a	330.9	185.1	2.04	118.0
58.767	0.3	fixation	n/a	331.5	185.0	3092.0	n/a	n/a	n/a	n/a
58.85	0.0	trigger_11	11	n/a	n/a	n/a	n/a	n/a	n/a	n/a
58.91	0.0	trigger_10	10	n/a	n/a	n/a	n/a	n/a	n/a	n/a
59.069	0.038	saccade	n/a	330.8	186.3	n/a	179.6	178.7	5.26	244.0
59.109	0.076	fixation	n/a	177.8	179.5	3100.0	n/a	n/a	n/a	n/a
59.187	0.026	saccade	n/a	175.0	179.5	n/a	135.3	184.0	1.36	116.0
59.215	0.214	fixation	n/a	138.3	183.7	3148.0	n/a	n/a	n/a	n/a
59.431	0.022	saccade	n/a	140.3	184.1	n/a	187.8	185.6	1.62	105.0
59.455	0.166	fixation	n/a	188.1	187.1	3132.0	n/a	n/a	n/a	n/a
59.623	0.028	saccade	n/a	191.2	188.8	n/a	261.1	191.5	2.42	142.0
59.653	0.23	fixation	n/a	260.6	191.0	3167.0	n/a	n/a	n/a	n/a
59.885	0.038	saccade	n/a	262.9	191.0	n/a	401.5	192.9	4.86	233.0
59.925	0.262	fixation	n/a	403.4	192.6	3156.0	n/a	n/a	n/a	n/a
60.189	0.03	saccade	n/a	407.6	194.1	n/a	495.1	186.0	3.11	157.0
60.221	0.328	fixation	n/a	493.4	183.2	3070.0	n/a	n/a	n/a	n/a
60.551	0.028	saccade	n/a	494.9	182.8	n/a	567.2	176.0	2.55	135.0
60.581	0.228	fixation	n/a	566.2	174.8	3040.0	n/a	n/a	n/a	n/a
60.811	0.064	saccade	n/a	567.1	173.2	n/a	143.8	231.3	14.74	371.0
60.877	0.326	fixation	n/a	150.1	236.9	3092.0	n/a	n/a	n/a	n/a
61.205	0.028	saccade	n/a	155.1	240.3	n/a	229.4	242.6	2.55	145.0
61.235	0.136	fixation	n/a	230.0	243.3	3158.0	n/a	n/a	n/a	n/a
61.373	0.032	saccade	n/a	231.3	242.8	n/a	334.9	237.6	3.61	196.0
61.407	0.2	fixation	n/a	334.0	235.0	3268.0	n/a	n/a	n/a	n/a
61.609	0.032	saccade	n/a	337.7	236.8	n/a	442.9	239.5	3.71	152.0
61.643	0.21	fixation	n/a	445.0	236.7	3252.0	n/a	n/a	n/a	n/a
61.855	0.026	saccade	n/a	443.6	236.5	n/a	391.8	239.3	1.82	115.0
61.883	0.598	fixation	n/a	393.9	242.6	3218.0	n/a	n/a	n/a	n/a
62.483	0.024	saccade	n/a	394.4	244.6	n/a	448.6	241.7	1.91	111.0
62.509	0.332	fixation	n/a	445.9	241.9	3373.0	n/a	n/a	n/a	n/a
62.843	0.026	saccade	n/a	444.0	238.5	n/a	381.7	198.9	2.61	143.0
62.871	0.38	fixation	n/a	386.9	197.3	3241.0	n/a	n/a	n/a	n/a
63.05	0.0	trigger_11	11	n/a	n/a	n/a	n/a	n/a	n/a	n/a
63.112	0.0	trigger_12	12	n/a	n/a	n/a	n/a	n/a	n/a	n/a
63.253	0.04	saccade	n/a	386.6	196.5	n/a	217.1	187.3	5.91	260.0
63.295	0.04	fixation	n/a	217.4	189.7	3288.0	n/a	n/a	n/a	n/a
63.337	0.03	saccade	n/a	214.2	188.5	n/a	145.8	179.9	2.36	171.0
63.369	0.348	fixation	n/a	149.4	184.0	3179.0	n/a	n/a	n/a	n/a
63.719	0.026	saccade	n/a	151.2	185.7	n/a	213.9	192.8	2.17	115.0
63.747	0.184	fixation	n/a	225.1	186.4	3155.0	n/a	n/a	n/a	n/a
63.933	0.032	saccade	n/a	227.3	185.6	n/a	327.4	189.1	3.48	180.0
63.967	0.192	fixation	n/a	326.3	188.6	3126.0	n/a	n/a	n/a	n/a
64.161	0.022	saccade	n/a	325.3	187.4	n/a	285.9	189.0	1.38	84.0
64.185	0.182	fixation	n/a	291.2	193.2	3030.0	n/a	n/a	n/a	n/a
64.369	0.038	saccade	n/a	294.1	193.3	n/a	431.4	191.5	4.83	200.0
64.409	0.314	fixation	n/a	431.4	184.4	2940.0	n/a	n/a	n/a	n/a
64.725	0.098	saccade	n/a	432.3	188.8	n/a	518.5	194.0	3.05	2607.0
64.755	0.028	blink	n/a	n/a	n/a	n/a	n/a	n/a	n/a	n/a
64.825	0.242	fixation	n/a	515.6	183.2	2835.0	n/a	n/a	n/a	n/a
65.069	0.024	saccade	n/a	516.2	182.4	n/a	575.2	179.1	2.08	120.0
65.095	0.148	fixation	n/a	575.5	177.8	2866.0	n/a	n/a	n/a	n/a
65.245	0.022	saccade	n/a	580.3	178.5	n/a	621.5	179.1	1.44	92.0
65.269	0.084	fixation	n/a	618.7	177.4	2841.0	n/a	n/a	n/a	n/a
65.355	0.07	saccade	n/a	619.1	177.0	n/a	145.7	240.9	16.48	377.0
65.427	0.206	fixation	n/a	147.4	245.3	2938.0	n/a	n/a	n/a	n/a
65.635	0.022	saccade	n/a	148.5	244.7	n/a	200.9	241.8	1.79	112.0
65.659	0.112	fixation	n/a	207.3	242.1	2981.0	n/a	n/a	n/a	n/a
65.773	0.032	saccade	n/a	207.8	241.7	n/a	311.0	240.7	3.58	191.0
65.807	0.174	fixation	n/a	311.9	241.1	2991.0	n/a	n/a	n/a	n/a
65.983	0.022	saccade	n/a	315.0	239.8	n/a	357.9	240.0	1.5	92.0
66.007	0.136	fixation	n/a	359.4	241.1	2985.0	n/a	n/a	n/a	n/a
66.145	0.028	saccade	n/a	360.6	240.5	n/a	444.1	238.7	2.94	153.0
66.175	0.164	fixation	n/a	446.1	240.7	3016.0	n/a	n/a	n/a	n/a
66.341	0.026	saccade	n/a	447.7	240.8	n/a	512.9	237.1	2.3	118.0
66.369	0.148	fixation	n/a	518.2	238.3	3034.0	n/a	n/a	n/a	n/a
66.519	0.026	saccade	n/a	521.0	239.1	n/a	584.4	241.3	2.23	121.0
66.547	0.14	fixation	n/a	586.1	240.1	3008.0	n/a	n/a	n/a	n/a
66.689	0.066	saccade	n/a	586.5	238.8	n/a	155.2	299.5	15.05	365.0
66.757	0.138	fixation	n/a	159.5	301.9	3041.0	n/a	n/a	n/a	n/a
66.897	0.018	saccade	n/a	159.1	303.7	n/a	127.6	304.0	1.07	80.0
66.917	0.102	fixation	n/a	129.3	302.1	3049.0	n/a	n/a	n/a	n/a
67.021	0.04	saccade	n/a	129.6	299.1	n/a	286.3	295.5	5.38	235.0
67.063	0.214	fixation	n/a	286.9	296.1	3045.0	n/a	n/a	n/a	n/a
67.279	0.03	saccade	n/a	290.3	296.2	n/a	386.3	295.5	3.36	175.0
67.311	0.262	fixation	n/a	388.4	294.9	3016.0	n/a	n/a	n/a	n/a
67.575	0.03	saccade	n/a	391.4	294.3	n/a	475.1	294.3	2.94	156.0
67.607	0.106	fixation	n/a	475.4	294.2	2931.0	n/a	n/a	n/a	n/a
67.715	0.03	saccade	n/a	477.7	294.1	n/a	556.6	294.0	2.77	156.0
67.747	0.248	fixation	n/a	555.5	293.8	2838.0	n/a	n/a	n/a	n/a
67.997	0.064	saccade	n/a	554.5	295.3	n/a	159.6	353.0	13.79	341.0
68.063	0.28	fixation	n/a	162.5	355.6	2865.0	n/a	n/a	n/a	n/a
68.345	0.024	saccade	n/a	166.2	357.8	n/a	221.9	360.3	1.91	123.0
68.371	0.204	fixation	n/a	220.7	358.4	2828.0	n/a	n/a	n/a	n/a
68.577	0.024	saccade	n/a	220.4	359.5	n/a	158.8	356.5	2.12	123.0
68.603	0.192	fixation	n/a	153.5	353.2	2820.0	n/a	n/a	n/a	n/a
68.797	0.04	saccade	n/a	152.6	349.6	n/a	270.2	234.6	5.71	219.0
68.839	0.334	fixation	n/a	274.4	233.0	2807.0	n/a	n/a	n/a	n/a
68.97	0.0	trigger_13	13	n/a	n/a	n/a	n/a	n/a	n/a	n/a
69.026	0.0	trigger_10	10	n/a	n/a	n/a	n/a	n/a	n/a	n/a
69.175	0.03	saccade	n/a	275.8	236.4	n/a	189.4	187.6	3.47	160.0
69.207	0.072	fixation	n/a	181.4	184.1	2875.0	n/a	n/a	n/a	n/a
69.281	0.026	saccade	n/a	179.4	185.0	n/a	136.2	178.3	1.5	114.0
69.309	0.226	fixation	n/a	140.8	181.0	2885.0	n/a	n/a	n/a	n/a
69.537	0.03	saccade	n/a	142.1	181.0	n/a	237.0	184.8	3.27	175.0
69.569	0.436	fixation	n/a	236.3	182.4	2926.0	n/a	n/a	n/a	n/a
70.007	0.032	saccade	n/a	236.1	180.3	n/a	327.8	185.0	3.2	172.0
70.041	0.496	fixation	n/a	317.6	183.2	3039.0	n/a	n/a	n/a	n/a
70.539	0.018	saccade	n/a	315.0	182.7	n/a	340.1	183.6	0.88	62.0
70.559	0.088	fixation	n/a	339.3	185.5	3023.0	n/a	n/a	n/a	n/a
70.649	0.144	saccade	n/a	337.9	186.8	n/a	416.7	182.0	2.78	1755.0
70.697	0.042	blink	n/a	n/a	n/a	n/a	n/a	n/a	n/a	n/a
70.795	0.208	fixation	n/a	417.4	173.1	3093.0	n/a	n/a	n/a	n/a
71.005	0.024	saccade	n/a	418.7	175.5	n/a	469.6	183.6	1.82	105.0
71.031	0.226	fixation	n/a	470.3	182.8	3043.0	n/a	n/a	n/a	n/a
71.259	0.022	saccade	n/a	470.5	182.6	n/a	420.8	181.1	1.75	113.0
71.283	0.162	fixation	n/a	423.8	178.9	3002.0	n/a	n/a	n/a	n/a
71.447	0.034	saccade	n/a	426.5	175.3	n/a	529.3	175.1	3.62	180.0
71.483	0.286	fixation	n/a	530.1	176.1	2989.0	n/a	n/a	n/a	n/a
71.771	0.026	saccade	n/a	532.9	174.3	n/a	599.2	171.3	2.33	125.0
71.799	0.308	fixation	n/a	600.7	168.3	2899.0	n/a	n/a	n/a	n/a
72.109	0.066	saccade	n/a	598.9	168.0	n/a	143.6	234.1	15.87	365.0
72.177	0.23	fixation	n/a	145.7	238.0	2973.0	n/a	n/a	n/a	n/a
72.409	0.024	saccade	n/a	143.2	240.8	n/a	103.3	243.0	1.35	101.0
72.435	0.148	fixation	n/a	105.0	240.4	3085.0	n/a	n/a	n/a	n/a
72.585	0.036	saccade	n/a	106.4	240.4	n/a	225.4	241.4	4.07	199.0
72.623	0.136	fixation	n/a	224.8	239.3	3150.0	n/a	n/a	n/a	n/a
72.761	0.026	saccade	n/a	227.5	238.9	n/a	290.4	241.6	2.19	130.0
72.789	0.472	fixation	n/a	290.3	242.3	3165.0	n/a	n/a	n/a	n/a
73.263	0.034	saccade	n/a	294.2	240.7	n/a	400.5	241.3	3.72	187.0
73.299	0.144	fixation	n/a	399.3	243.8	3081.0	n/a	n/a	n/a	n/a
73.445	0.028	saccade	n/a	398.2	240.0	n/a	348.8	175.3	2.89	136.0
73.475	0.118	fixation	n/a	344.1	170.7	3078.0	n/a	n/a	n/a	n/a
73.595	0.03	saccade	n/a	341.5	171.7	n/a	262.8	181.7	2.77	158.0
73.627	0.288	fixation	n/a	264.9	181.1	3093.0	n/a	n/a	n/a	n/a
73.674	0.0	trigger_11	11	n/a	n/a	n/a	n/a	n/a	n/a	n/a
73.738	0.0	trigger_10	10	n/a	n/a	n/a	n/a	n/a	n/a	n/a
73.917	0.034	saccade	n/a	262.9	181.1	n/a	146.9	178.2	3.99	202.0
73.953	0.128	fixation	n/a	147.9	178.7	3138.0	n/a	n/a	n/a	n/a
74.083	0.016	saccade	n/a	144.6	176.9	n/a	122.0	178.8	0.77	62.0
74.101	0.184	fixation	n/a	124.9	179.3	3151.0	n/a	n/a	n/a	n/a
74.287	0.026	saccade	n/a	127.7	178.2	n/a	189.9	179.5	2.12	125.0
74.315	0.212	fixation	n/a	188.6	179.7	3135.0	n/a	n/a	n/a	n/a
74.529	0.026	saccade	n/a	191.6	179.1	n/a	271.3	179.6	2.76	140.0
74.557	0.18	fixation	n/a	274.5	180.0	3093.0	n/a	n/a	n/a	n/a
74.739	0.022	saccade	n/a	275.8	183.0	n/a	315.9	184.6	1.41	88.0
74.763	0.172	fixation	n/a	315.7	183.3	3124.0	n/a	n/a	n/a	n/a
74.937	0.022	saccade	n/a	319.0	180.4	n/a	370.8	180.4	1.81	110.0
74.961	0.244	fixation	n/a	372.9	180.5	3188.0	n/a	n/a	n/a	n/a
75.207	0.024	saccade	n/a	376.3	177.8	n/a	424.9	178.7	1.71	100.0
75.233	0.226	fixation	n/a	427.2	181.7	3117.0	n/a	n/a	n/a	n/a
75.461	0.026	saccade	n/a	427.5	180.3	n/a	495.9	177.0	2.42	129.0
75.489	0.194	fixation	n/a	496.3	175.9	3124.0	n/a	n/a	n/a	n/a
75.685	0.03	saccade	n/a	496.4	174.1	n/a	569.1	171.7	2.56	144.0
75.717	0.242	fixation	n/a	568.4	171.5	3157.0	n/a	n/a	n/a	n/a
75.961	0.066	saccade	n/a	567.2	174.6	n/a	149.1	235.5	14.63	360.0
76.029	0.122	fixation	n/a	151.6	238.5	3186.0	n/a	n/a	n/a	n/a
76.153	0.02	saccade	n/a	149.8	239.2	n/a	116.5	245.1	1.15	85.0
76.175	0.196	fixation	n/a	121.7	244.2	3211.0	n/a	n/a	n/a	n/a
76.373	0.03	saccade	n/a	124.5	244.9	n/a	215.9	247.3	3.13	176.0
76.405	0.26	fixation	n/a	214.0	243.1	3164.0	n/a	n/a	n/a	n/a
76.667	0.026	saccade	n/a	217.3	243.9	n/a	282.2	245.1	2.26	130.0
76.695	0.31	fixation	n/a	279.5	242.5	3051.0	n/a	n/a	n/a	n/a
77.007	0.026	saccade	n/a	276.6	235.7	n/a	261.8	179.9	2.04	102.0
77.035	0.342	fixation	n/a	264.3	177.4	2976.0	n/a	n/a	n/a	n/a
77.172	0.0	trigger_11	11	n/a	n/a	n/a	n/a	n/a	n/a	n/a
77.226	0.0	trigger_10	10	n/a	n/a	n/a	n/a	n/a	n/a	n/a
77.379	0.036	saccade	n/a	263.9	178.9	n/a	146.7	178.5	4.03	201.0
77.417	0.284	fixation	n/a	139.2	180.6	3037.0	n/a	n/a	n/a	n/a
77.703	0.03	saccade	n/a	134.1	181.7	n/a	229.1	184.1	3.26	172.0
77.735	0.2	fixation	n/a	227.9	181.7	3028.0	n/a	n/a	n/a	n/a
77.937	0.032	saccade	n/a	229.8	182.9	n/a	332.0	184.6	3.57	178.0
77.971	0.204	fixation	n/a	333.1	183.7	2961.0	n/a	n/a	n/a	n/a
78.177	0.026	saccade	n/a	334.7	183.4	n/a	405.4	182.3	2.49	137.0
78.205	0.192	fixation	n/a	408.1	182.3	3007.0	n/a	n/a	n/a	n/a
78.399	0.158	saccade	n/a	408.7	190.4	n/a	494.9	183.1	3.06	2058.0
78.427	0.09	blink	n/a	n/a	n/a	n/a	n/a	n/a	n/a	n/a
78.559	0.122	fixation	n/a	497.8	175.3	2961.0	n/a	n/a	n/a	n/a
78.683	0.026	saccade	n/a	503.7	170.1	n/a	568.2	172.4	2.27	128.0
78.711	0.094	fixation	n/a	567.7	167.4	2976.0	n/a	n/a	n/a	n/a
78.807	0.064	saccade	n/a	568.6	163.4	n/a	153.4	233.9	14.56	368.0
78.873	0.248	fixation	n/a	156.3	237.1	3007.0	n/a	n/a	n/a	n/a
79.123	0.03	saccade	n/a	158.9	233.8	n/a	236.6	240.9	2.68	154.0
79.155	0.184	fixation	n/a	234.7	240.3	3034.0	n/a	n/a	n/a	n/a
79.341	0.026	saccade	n/a	233.8	240.5	n/a	305.8	241.0	2.5	132.0
79.369	0.18	fixation	n/a	317.7	239.8	2993.0	n/a	n/a	n/a	n/a
79.551	0.032	saccade	n/a	319.1	237.6	n/a	407.5	241.6	3.11	170.0
79.585	0.4	fixation	n/a	406.9	237.5	3006.0	n/a	n/a	n/a	n/a
79.987	0.026	saccade	n/a	406.2	236.2	n/a	346.3	239.7	2.11	119.0
80.015	0.106	fixation	n/a	347.3	240.0	3002.0	n/a	n/a	n/a	n/a
80.123	0.036	saccade	n/a	351.0	239.9	n/a	470.9	235.6	4.22	211.0
80.161	0.194	fixation	n/a	471.3	238.5	3022.0	n/a	n/a	n/a	n/a
80.357	0.028	saccade	n/a	471.3	239.2	n/a	549.4	236.0	2.75	144.0
80.387	0.228	fixation	n/a	547.8	233.2	3120.0	n/a	n/a	n/a	n/a
80.617	0.024	saccade	n/a	549.2	231.1	n/a	599.4	233.4	1.76	100.0
80.643	0.16	fixation	n/a	599.8	232.5	3144.0	n/a	n/a	n/a	n/a
80.805	0.066	saccade	n/a	599.9	230.9	n/a	172.3	295.7	14.9	369.0
80.873	0.202	fixation	n/a	176.1	298.9	3206.0	n/a	n/a	n/a	n/a
81.077	0.024	saccade	n/a	172.7	299.2	n/a	126.6	295.6	1.57	115.0
81.103	0.156	fixation	n/a	131.6	297.2	3195.0	n/a	n/a	n/a	n/a
81.261	0.034	saccade	n/a	133.5	297.4	n/a	259.7	301.4	4.3	209.0
81.297	0.164	fixation	n/a	260.2	302.2	3224.0	n/a	n/a	n/a	n/a
81.463	0.054	saccade	n/a	257.9	300.5	n/a	258.1	299.7	0.03	1703.0
81.519	0.03	fixation	n/a	257.9	300.8	3328.0	n/a	n/a	n/a	n/a
81.551	0.028	saccade	n/a	260.1	300.2	n/a	327.3	297.0	2.34	147.0
81.581	0.138	fixation	n/a	325.0	295.7	3330.0	n/a	n/a	n/a	n/a
81.721	0.144	saccade	n/a	326.1	295.3	n/a	375.3	297.5	1.72	2758.0
81.749	0.048	blink	n/a	n/a	n/a	n/a	n/a	n/a	n/a	n/a
81.867	0.214	fixation	n/a	382.3	299.5	3297.0	n/a	n/a	n/a	n/a
82.083	0.042	saccade	n/a	399.4	300.9	n/a	398.4	299.7	0.06	268.0
82.127	0.054	fixation	n/a	400.2	300.7	3246.0	n/a	n/a	n/a	n/a
82.183	0.042	saccade	n/a	401.3	303.5	n/a	400.9	300.1	0.12	1125.0
82.227	0.022	fixation	n/a	401.3	300.8	3213.0	n/a	n/a	n/a	n/a
82.251	0.024	saccade	n/a	405.6	300.3	n/a	464.0	298.5	2.05	118.0
82.277	0.274	fixation	n/a	468.4	300.2	3138.0	n/a	n/a	n/a	n/a
82.553	0.122	saccade	n/a	470.5	305.4	n/a	470.1	283.8	0.77	1850.0
82.581	0.054	blink	n/a	n/a	n/a	n/a	n/a	n/a	n/a	n/a
82.677	0.068	fixation	n/a	463.6	281.7	2965.0	n/a	n/a	n/a	n/a
82.747	0.028	saccade	n/a	460.8	283.9	n/a	442.3	208.6	2.76	133.0
82.777	0.07	fixation	n/a	445.9	202.2	3051.0	n/a	n/a	n/a	n/a
82.849	0.018	saccade	n/a	445.6	199.8	n/a	437.2	167.6	1.18	88.0
82.869	0.124	fixation	n/a	435.8	172.3	3176.0	n/a	n/a	n/a	n/a
82.995	0.034	saccade	n/a	433.2	174.7	n/a	334.0	180.4	3.49	207.0
83.031	0.244	fixation	n/a	333.2	181.8	3258.0	n/a	n/a	n/a	n/a
83.277	0.03	saccade	n/a	334.6	182.4	n/a	399.4	174.8	2.29	144.0
83.309	0.112	fixation	n/a	396.9	175.5	3345.0	n/a	n/a	n/a	n/a
83.423	0.032	saccade	n/a	399.6	175.2	n/a	492.5	175.7	3.27	179.0
83.457	0.178	fixation	n/a	489.3	173.5	3345.0	n/a	n/a	n/a	n/a
83.637	0.056	saccade	n/a	487.3	173.2	n/a	169.9	240.6	11.22	346.0
83.695	0.284	fixation	n/a	172.7	243.3	3372.0	n/a	n/a	n/a	n/a
83.981	0.028	saccade	n/a	175.0	246.2	n/a	252.6	242.6	2.67	168.0
84.011	0.14	fixation	n/a	251.7	242.5	3383.0	n/a	n/a	n/a	n/a
84.153	0.034	saccade	n/a	251.8	243.4	n/a	146.5	185.9	4.14	212.0
84.189	0.218	fixation	n/a	150.3	181.6	3321.0	n/a	n/a	n/a	n/a
84.409	0.036	saccade	n/a	151.2	180.9	n/a	270.1	176.6	4.08	199.0
84.447	0.188	fixation	n/a	269.9	176.3	3336.0	n/a	n/a	n/a	n/a
84.637	0.028	saccade	n/a	274.3	174.9	n/a	340.7	176.7	2.31	137.0
84.667	0.202	fixation	n/a	339.4	177.1	3417.0	n/a	n/a	n/a	n/a
84.871	0.028	saccade	n/a	340.7	175.2	n/a	412.7	176.7	2.52	150.0
84.901	0.244	fixation	n/a	411.7	177.6	3427.0	n/a	n/a	n/a	n/a
85.147	0.028	saccade	n/a	413.2	175.4	n/a	491.9	175.8	2.77	138.0
85.177	0.302	fixation	n/a	493.9	177.8	3331.0	n/a	n/a	n/a	n/a
85.481	0.038	saccade	n/a	493.1	180.9	n/a	357.9	229.2	5.05	239.0
85.521	0.148	fixation	n/a	357.0	230.1	3351.0	n/a	n/a	n/a	n/a
85.671	0.02	saccade	n/a	352.7	228.8	n/a	314.4	235.9	1.36	97.0
85.693	0.156	fixation	n/a	317.9	234.5	3389.0	n/a	n/a	n/a	n/a
85.851	0.03	saccade	n/a	317.7	236.4	n/a	396.8	242.6	2.78	153.0
85.883	0.092	fixation	n/a	392.9	240.1	3456.0	n/a	n/a	n/a	n/a
85.977	0.038	saccade	n/a	392.8	240.2	n/a	257.2	236.5	4.73	230.0
86.017	0.132	fixation	n/a	259.1	238.4	3433.0	n/a	n/a	n/a	n/a
86.151	0.044	saccade	n/a	259.3	234.6	n/a	441.3	180.1	6.63	263.0
86.197	0.162	fixation	n/a	444.5	180.5	3340.0	n/a	n/a	n/a	n/a
86.361	0.024	saccade	n/a	446.3	181.7	n/a	502.1	175.4	1.97	112.0
86.387	0.344	fixation	n/a	502.8	176.4	3277.0	n/a	n/a	n/a	n/a
86.733	0.06	saccade	n/a	502.3	175.8	n/a	162.0	221.2	11.88	319.0
86.795	0.158	fixation	n/a	164.5	224.6	3286.0	n/a	n/a	n/a	n/a
86.955	0.07	saccade	n/a	165.0	224.8	n/a	437.9	535.0	14.26	335.0
87.027	0.086	fixation	n/a	436.3	536.6	3384.0	n/a	n/a	n/a	n/a
87.115	0.022	saccade	n/a	437.4	536.9	n/a	468.7	511.8	1.38	86.0
87.139	0.134	fixation	n/a	467.3	514.0	3379.0	n/a	n/a	n/a	n/a
87.275	0.02	saccade	n/a	468.8	516.3	n/a	426.8	518.9	1.45	104.0
87.297	0.388	fixation	n/a	434.0	518.9	2937.0	n/a	n/a	n/a	n/a
87.687	0.15	saccade	n/a	438.0	516.7	n/a	203.5	225.2	13.0	1528.0
87.759	0.024	blink	n/a	n/a	n/a	n/a	n/a	n/a	n/a	n/a
87.839	0.11	fixation	n/a	204.7	223.5	2502.0	n/a	n/a	n/a	n/a
87.951	0.026	saccade	n/a	203.3	226.4	n/a	132.1	233.9	2.44	147.0
87.979	0.21	fixation	n/a	133.0	234.5	2543.0	n/a	n/a	n/a	n/a
88.191	0.034	saccade	n/a	134.4	234.2	n/a	244.1	241.2	3.76	177.0
88.227	0.15	fixation	n/a	244.9	243.0	2663.0	n/a	n/a	n/a	n/a
88.379	0.022	saccade	n/a	248.6	244.7	n/a	290.5	243.2	1.46	91.0
88.403	0.15	fixation	n/a	290.2	241.4	2731.0	n/a	n/a	n/a	n/a
88.555	0.024	saccade	n/a	292.9	241.0	n/a	357.1	239.8	2.24	127.0
88.581	0.226	fixation	n/a	358.5	239.6	2779.0	n/a	n/a	n/a	n/a
88.809	0.022	saccade	n/a	360.6	234.8	n/a	403.9	238.5	1.52	86.0
88.833	0.144	fixation	n/a	409.4	237.2	2758.0	n/a	n/a	n/a	n/a
88.979	0.12	saccade	n/a	411.9	245.3	n/a	516.9	245.1	3.69	1594.0
89.019	0.036	blink	n/a	n/a	n/a	n/a	n/a	n/a	n/a	n/a
89.101	0.142	fixation	n/a	512.9	231.9	2607.0	n/a	n/a	n/a	n/a
89.245	0.03	saccade	n/a	513.4	230.2	n/a	608.9	234.5	3.34	151.0
89.277	0.146	fixation	n/a	615.1	234.6	2690.0	n/a	n/a	n/a	n/a
89.425	0.064	saccade	n/a	613.2	235.1	n/a	213.5	282.8	13.96	350.0
89.491	0.088	fixation	n/a	215.0	283.4	2760.0	n/a	n/a	n/a	n/a
89.581	0.028	saccade	n/a	214.7	282.9	n/a	143.2	293.0	2.47	155.0
89.611	0.186	fixation	n/a	148.0	293.6	2731.0	n/a	n/a	n/a	n/a
89.799	0.036	saccade	n/a	149.6	294.4	n/a	291.6	302.9	4.89	202.0
89.837	0.188	fixation	n/a	296.9	301.7	2724.0	n/a	n/a	n/a	n/a
90.027	0.018	saccade	n/a	292.3	301.0	n/a	263.9	300.0	0.99	71.0
90.047	0.162	fixation	n/a	265.5	300.4	2656.0	n/a	n/a	n/a	n/a
90.211	0.146	saccade	n/a	269.9	302.2	n/a	236.6	176.9	4.59	3270.0
90.247	0.02	blink	n/a	n/a	n/a	n/a	n/a	n/a	n/a	n/a
90.359	0.196	fixation	n/a	235.5	179.8	2580.0	n/a	n/a	n/a	n/a
90.557	0.032	saccade	n/a	234.5	181.8	n/a	340.1	177.1	3.68	176.0
90.591	0.278	fixation	n/a	342.3	172.7	2647.0	n/a	n/a	n/a	n/a
90.871	0.028	saccade	n/a	343.9	170.4	n/a	415.4	169.9	2.5	145.0
90.901	0.284	fixation	n/a	415.4	169.6	2705.0	n/a	n/a	n/a	n/a
91.187	0.026	saccade	n/a	416.8	170.9	n/a	497.4	171.1	2.83	150.0
91.215	0.444	fixation	n/a	498.6	171.0	2858.0	n/a	n/a	n/a	n/a
91.661	0.054	saccade	n/a	496.9	174.1	n/a	192.8	216.6	10.68	319.0
91.717	0.112	fixation	n/a	193.0	218.4	3075.0	n/a	n/a	n/a	n/a
91.831	0.024	saccade	n/a	191.2	220.7	n/a	151.2	235.5	1.46	110.0
91.857	0.154	fixation	n/a	153.7	234.5	3108.0	n/a	n/a	n/a	n/a
92.013	0.034	saccade	n/a	154.6	234.9	n/a	257.4	235.8	3.53	202.0
92.049	0.3	fixation	n/a	256.0	234.4	3229.0	n/a	n/a	n/a	n/a
92.148	0.0	trigger_11	11	n/a	n/a	n/a	n/a	n/a	n/a	n/a
92.204	0.0	trigger_10	10	n/a	n/a	n/a	n/a	n/a	n/a	n/a
92.351	0.024	saccade	n/a	255.2	232.4	n/a	244.2	180.0	1.89	114.0
92.377	0.072	fixation	n/a	244.7	180.5	3268.0	n/a	n/a	n/a	n/a
92.451	0.034	saccade	n/a	243.3	180.9	n/a	145.2	177.6	3.36	201.0
92.487	0.206	fixation	n/a	149.2	180.2	3226.0	n/a	n/a	n/a	n/a
92.695	0.014	saccade	n/a	145.9	179.6	n/a	127.3	181.9	0.63	54.0
92.711	0.126	fixation	n/a	130.2	181.0	3233.0	n/a	n/a	n/a	n/a
92.839	0.032	saccade	n/a	132.9	181.6	n/a	240.2	187.2	3.68	204.0
92.873	0.152	fixation	n/a	239.6	186.9	3297.0	n/a	n/a	n/a	n/a
93.027	0.036	saccade	n/a	236.3	184.8	n/a	110.5	183.4	4.29	235.0
93.065	0.128	fixation	n/a	115.3	183.3	3240.0	n/a	n/a	n/a	n/a
93.195	0.036	saccade	n/a	114.3	180.7	n/a	241.7	186.4	4.35	249.0
93.233	0.204	fixation	n/a	239.8	185.2	3249.0	n/a	n/a	n/a	n/a
93.439	0.03	saccade	n/a	238.9	185.8	n/a	311.5	182.7	2.52	168.0
93.471	0.172	fixation	n/a	311.7	181.7	3272.0	n/a	n/a	n/a	n/a
93.645	0.028	saccade	n/a	312.5	180.5	n/a	375.6	179.4	2.21	134.0
93.675	0.176	fixation	n/a	374.1	181.3	3253.0	n/a	n/a	n/a	n/a
93.853	0.028	saccade	n/a	376.1	182.0	n/a	448.6	177.0	2.55	150.0
93.883	0.154	fixation	n/a	448.6	178.1	3257.0	n/a	n/a	n/a	n/a
94.039	0.024	saccade	n/a	452.7	179.7	n/a	507.2	178.0	1.92	111.0
94.065	0.126	fixation	n/a	507.9	174.5	3234.0	n/a	n/a	n/a	n/a
94.193	0.024	saccade	n/a	509.5	175.6	n/a	566.3	173.8	1.99	116.0
94.219	0.156	fixation	n/a	567.8	177.3	3174.0	n/a	n/a	n/a	n/a
94.377	0.062	saccade	n/a	568.8	178.8	n/a	158.7	239.3	14.33	351.0
94.441	0.178	fixation	n/a	158.7	241.4	3218.0	n/a	n/a	n/a	n/a
94.621	0.028	saccade	n/a	155.9	242.7	n/a	110.4	241.6	1.54	120.0
94.651	0.376	fixation	n/a	113.3	240.2	3179.0	n/a	n/a	n/a	n/a
95.029	0.022	saccade	n/a	116.7	239.3	n/a	168.5	242.8	1.76	114.0
95.053	0.158	fixation	n/a	166.7	244.4	3200.0	n/a	n/a	n/a	n/a
95.212	0.0	trigger_11	11	n/a	n/a	n/a	n/a	n/a	n/a	n/a
95.213	0.026	saccade	n/a	166.2	241.9	n/a	176.2	180.1	2.2	124.0
95.241	0.24	fixation	n/a	175.6	183.4	3297.0	n/a	n/a	n/a	n/a
95.272	0.0	trigger_10	10	n/a	n/a	n/a	n/a	n/a	n/a	n/a
95.483	0.026	saccade	n/a	171.7	181.2	n/a	119.4	182.6	1.77	118.0
95.511	0.232	fixation	n/a	126.6	185.6	3377.0	n/a	n/a	n/a	n/a
95.745	0.022	saccade	n/a	134.3	189.6	n/a	188.7	190.1	1.86	117.0
95.769	0.164	fixation	n/a	187.9	186.9	3360.0	n/a	n/a	n/a	n/a
95.935	0.06	saccade	n/a	188.7	185.2	n/a	536.7	171.2	12.07	322.0
95.997	0.19	fixation	n/a	541.3	169.2	3341.0	n/a	n/a	n/a	n/a
96.189	0.03	saccade	n/a	544.3	169.6	n/a	615.9	170.1	2.5	158.0
96.221	0.238	fixation	n/a	618.9	171.0	3167.0	n/a	n/a	n/a	n/a
96.461	0.046	saccade	n/a	621.0	170.6	n/a	401.7	170.2	7.68	312.0
96.509	0.126	fixation	n/a	404.6	174.3	3013.0	n/a	n/a	n/a	n/a
96.637	0.03	saccade	n/a	405.6	176.0	n/a	329.1	180.6	2.69	176.0
96.669	0.148	fixation	n/a	331.1	181.6	2929.0	n/a	n/a	n/a	n/a
96.819	0.022	saccade	n/a	328.4	180.0	n/a	286.5	183.4	1.47	106.0
96.843	0.226	fixation	n/a	287.1	182.3	2861.0	n/a	n/a	n/a	n/a
97.071	0.028	saccade	n/a	288.3	179.7	n/a	356.7	181.2	2.4	136.0
97.101	0.226	fixation	n/a	348.6	176.1	2790.0	n/a	n/a	n/a	n/a
97.329	0.172	saccade	n/a	340.1	177.4	n/a	401.7	182.2	2.17	762.0
97.363	0.088	blink	n/a	n/a	n/a	n/a	n/a	n/a	n/a	n/a
97.503	0.69	fixation	n/a	387.4	170.0	2412.0	n/a	n/a	n/a	n/a
98.195	0.014	saccade	n/a	393.5	164.0	n/a	409.4	163.9	0.56	46.0
98.211	0.096	fixation	n/a	411.0	163.7	2295.0	n/a	n/a	n/a	n/a
98.309	0.026	saccade	n/a	411.4	163.5	n/a	485.9	163.8	2.61	140.0
98.337	0.262	fixation	n/a	491.9	163.9	2266.0	n/a	n/a	n/a	n/a
98.601	0.026	saccade	n/a	496.0	163.2	n/a	559.6	157.6	2.24	115.0
98.629	0.266	fixation	n/a	562.0	154.4	2279.0	n/a	n/a	n/a	n/a
98.897	0.02	saccade	n/a	562.9	150.8	n/a	597.3	157.8	1.23	82.0
98.919	0.356	fixation	n/a	599.3	162.6	2399.0	n/a	n/a	n/a	n/a
99.277	0.024	saccade	n/a	614.6	167.7	n/a	660.8	168.9	1.62	123.0
99.303	0.126	fixation	n/a	654.2	165.9	2474.0	n/a	n/a	n/a	n/a
99.431	0.07	saccade	n/a	652.5	165.7	n/a	145.3	238.4	17.62	384.0
99.503	0.266	fixation	n/a	147.1	242.8	2691.0	n/a	n/a	n/a	n/a
99.771	0.058	saccade	n/a	150.2	242.0	n/a	238.7	237.7	3.03	1685.0
99.831	0.45	fixation	n/a	238.9	242.1	2750.0	n/a	n/a	n/a	n/a
100.283	0.034	saccade	n/a	239.8	242.3	n/a	331.2	239.9	3.18	151.0
100.319	0.188	fixation	n/a	329.4	241.6	2875.0	n/a	n/a	n/a	n/a
100.509	0.11	saccade	n/a	331.0	246.0	n/a	452.0	248.2	4.25	1848.0
100.543	0.028	blink	n/a	n/a	n/a	n/a	n/a	n/a	n/a	n/a
100.621	0.264	fixation	n/a	453.6	243.2	2886.0	n/a	n/a	n/a	n/a
100.887	0.034	saccade	n/a	452.2	243.4	n/a	559.8	233.4	3.8	182.0
100.923	0.28	fixation	n/a	560.4	235.2	2813.0	n/a	n/a	n/a	n/a
101.205	0.068	saccade	n/a	561.3	232.8	n/a	153.2	291.7	14.25	334.0
101.275	0.198	fixation	n/a	154.9	296.2	2903.0	n/a	n/a	n/a	n/a
101.475	0.02	saccade	n/a	152.2	297.7	n/a	115.0	299.2	1.26	91.0
101.497	0.056	fixation	n/a	121.3	298.9	2992.0	n/a	n/a	n/a	n/a
101.555	0.04	saccade	n/a	120.6	298.3	n/a	282.9	302.4	5.55	250.0
101.597	0.184	fixation	n/a	284.5	304.0	3046.0	n/a	n/a	n/a	n/a
101.783	0.022	saccade	n/a	284.3	304.6	n/a	233.4	306.0	1.76	115.0
101.807	0.15	fixation	n/a	233.8	305.9	3092.0	n/a	n/a	n/a	n/a
101.959	0.046	saccade	n/a	233.8	304.1	n/a	422.3	300.0	6.55	262.0
102.007	0.16	fixation	n/a	424.8	301.0	3149.0	n/a	n/a	n/a	n/a
102.169	0.016	saccade	n/a	421.2	301.0	n/a	398.6	301.6	0.79	62.0
102.187	0.15	fixation	n/a	403.1	301.5	3135.0	n/a	n/a	n/a	n/a
102.339	0.038	saccade	n/a	405.2	300.5	n/a	539.9	298.9	4.73	209.0
102.379	0.302	fixation	n/a	540.6	297.4	3052.0	n/a	n/a	n/a	n/a
102.683	0.038	saccade	n/a	540.4	297.7	n/a	395.5	294.7	5.09	237.0
102.723	0.042	fixation	n/a	395.9	295.5	3110.0	n/a	n/a	n/a	n/a
102.767	0.032	saccade	n/a	394.6	295.3	n/a	304.1	296.0	3.16	213.0
102.801	0.308	fixation	n/a	305.9	298.1	3157.0	n/a	n/a	n/a	n/a
103.111	0.028	saccade	n/a	310.4	299.7	n/a	399.4	301.9	3.12	166.0
103.141	0.178	fixation	n/a	403.7	300.5	3150.0	n/a	n/a	n/a	n/a
103.321	0.044	saccade	n/a	405.7	301.3	n/a	578.7	296.6	6.08	256.0
103.367	0.19	fixation	n/a	581.7	293.6	3035.0	n/a	n/a	n/a	n/a
103.559	0.024	saccade	n/a	584.5	291.0	n/a	639.8	291.4	1.93	113.0
103.585	0.072	fixation	n/a	642.0	292.9	2978.0	n/a	n/a	n/a	n/a
103.659	0.072	saccade	n/a	642.6	293.3	n/a	141.1	346.0	17.33	383.0
103.733	0.26	fixation	n/a	143.8	346.6	2954.0	n/a	n/a	n/a	n/a
103.995	0.038	saccade	n/a	146.4	344.6	n/a	285.1	354.6	4.76	218.0
104.035	0.16	fixation	n/a	288.8	356.5	2949.0	n/a	n/a	n/a	n/a
104.197	0.026	saccade	n/a	294.1	356.1	n/a	363.1	353.7	2.41	134.0
104.225	0.122	fixation	n/a	366.2	351.4	3009.0	n/a	n/a	n/a	n/a
104.349	0.036	saccade	n/a	369.4	355.7	n/a	488.2	351.6	4.16	201.0
104.387	0.336	fixation	n/a	487.2	349.6	2995.0	n/a	n/a	n/a	n/a
104.725	0.028	saccade	n/a	488.0	349.6	n/a	564.2	349.5	2.67	153.0
104.755	0.198	fixation	n/a	563.4	349.5	2900.0	n/a	n/a	n/a	n/a
104.955	0.07	saccade	n/a	563.7	345.5	n/a	126.0	400.1	15.14	328.0
105.027	0.188	fixation	n/a	126.3	400.2	2930.0	n/a	n/a	n/a	n/a
105.217	0.014	saccade	n/a	131.8	405.0	n/a	148.5	409.7	0.59	50.0
105.233	0.154	fixation	n/a	148.7	409.0	2987.0	n/a	n/a	n/a	n/a
105.389	0.05	saccade	n/a	148.6	406.4	n/a	253.4	201.3	8.03	263.0
105.441	0.128	fixation	n/a	255.4	201.2	2955.0	n/a	n/a	n/a	n/a
105.571	0.018	saccade	n/a	256.3	199.4	n/a	254.9	174.3	0.89	67.0
105.591	0.148	fixation	n/a	255.5	179.5	2973.0	n/a	n/a	n/a	n/a
105.741	0.03	saccade	n/a	253.5	180.2	n/a	177.5	179.0	2.61	159.0
105.773	0.504	fixation	n/a	179.0	184.5	3165.0	n/a	n/a	n/a	n/a
106.03	0.0	trigger_11	11	n/a	n/a	n/a	n/a	n/a	n/a	n/a
106.09	0.0	trigger_12	12	n/a	n/a	n/a	n/a	n/a	n/a	n/a
106.279	0.024	saccade	n/a	176.0	183.8	n/a	124.7	186.5	1.75	114.0
106.305	0.214	fixation	n/a	126.4	183.8	3260.0	n/a	n/a	n/a	n/a
106.521	0.03	saccade	n/a	127.2	182.5	n/a	202.1	188.3	2.56	150.0
106.553	0.164	fixation	n/a	199.8	187.5	3236.0	n/a	n/a	n/a	n/a
106.719	0.032	saccade	n/a	201.1	185.7	n/a	301.3	186.6	3.47	195.0
106.753	0.156	fixation	n/a	300.8	186.8	3203.0	n/a	n/a	n/a	n/a
106.911	0.026	saccade	n/a	298.7	186.2	n/a	241.6	182.6	1.98	130.0
106.939	0.238	fixation	n/a	245.3	184.5	3176.0	n/a	n/a	n/a	n/a
107.179	0.042	saccade	n/a	246.8	185.8	n/a	411.5	185.5	5.75	252.0
107.223	0.236	fixation	n/a	411.2	186.7	3209.0	n/a	n/a	n/a	n/a
107.461	0.028	saccade	n/a	411.4	186.5	n/a	483.1	182.8	2.53	142.0
107.491	0.172	fixation	n/a	482.3	181.7	3170.0	n/a	n/a	n/a	n/a
107.665	0.024	saccade	n/a	483.6	175.4	n/a	538.0	174.0	1.91	117.0
107.691	0.162	fixation	n/a	537.3	173.9	3165.0	n/a	n/a	n/a	n/a
107.855	0.064	saccade	n/a	538.5	174.2	n/a	139.3	238.1	13.95	363.0
107.921	0.254	fixation	n/a	141.8	242.3	3210.0	n/a	n/a	n/a	n/a
108.177	0.03	saccade	n/a	144.7	244.7	n/a	243.9	238.5	3.41	178.0
108.209	0.36	fixation	n/a	244.3	238.9	3225.0	n/a	n/a	n/a	n/a
108.571	0.032	saccade	n/a	249.2	242.7	n/a	337.0	242.4	3.06	148.0
108.605	0.184	fixation	n/a	332.9	239.3	3195.0	n/a	n/a	n/a	n/a
108.791	0.028	saccade	n/a	332.2	235.8	n/a	396.1	236.1	2.24	133.0
108.821	0.224	fixation	n/a	392.8	235.8	3254.0	n/a	n/a	n/a	n/a
109.047	0.028	saccade	n/a	395.3	237.2	n/a	475.4	236.0	2.82	144.0
109.077	0.272	fixation	n/a	479.5	237.6	3174.0	n/a	n/a	n/a	n/a
109.351	0.024	saccade	n/a	484.3	233.2	n/a	523.5	183.1	2.26	133.0
109.377	0.222	fixation	n/a	523.2	183.3	3089.0	n/a	n/a	n/a	n/a
109.601	0.024	saccade	n/a	520.3	184.8	n/a	466.4	180.2	1.91	130.0
109.627	0.168	fixation	n/a	466.7	176.1	3141.0	n/a	n/a	n/a	n/a
109.797	0.03	saccade	n/a	466.3	177.6	n/a	538.6	172.0	2.55	135.0
109.829	0.1	fixation	n/a	533.5	177.0	3217.0	n/a	n/a	n/a	n/a
109.931	0.062	saccade	n/a	533.6	183.0	n/a	159.5	242.9	13.14	332.0
109.995	0.262	fixation	n/a	158.8	243.5	3194.0	n/a	n/a	n/a	n/a
110.259	0.03	saccade	n/a	160.1	241.7	n/a	256.1	244.8	3.31	176.0
110.291	0.282	fixation	n/a	255.0	242.8	3184.0	n/a	n/a	n/a	n/a
110.575	0.102	saccade	n/a	260.9	243.3	n/a	373.4	251.2	3.93	1920.0
110.679	0.23	fixation	n/a	371.5	244.0	3119.0	n/a	n/a	n/a	n/a
110.911	0.144	saccade	n/a	375.4	243.7	n/a	306.6	253.2	2.43	860.0
110.945	0.056	blink	n/a	n/a	n/a	n/a	n/a	n/a	n/a	n/a
111.057	0.158	fixation	n/a	303.2	248.7	3008.0	n/a	n/a	n/a	n/a
111.217	0.034	saccade	n/a	307.4	249.0	n/a	407.9	244.4	3.53	162.0
111.253	0.19	fixation	n/a	406.8	242.8	3020.0	n/a	n/a	n/a	n/a
111.445	0.03	saccade	n/a	408.5	242.7	n/a	486.2	239.3	2.74	144.0
111.477	0.146	fixation	n/a	484.0	238.4	2962.0	n/a	n/a	n/a	n/a
111.625	0.054	saccade	n/a	483.1	238.4	n/a	444.3	488.6	8.91	234.0
111.681	0.23	fixation	n/a	448.6	499.4	2991.0	n/a	n/a	n/a	n/a
111.913	0.018	saccade	n/a	454.9	508.2	n/a	427.2	520.8	1.05	74.0
111.933	0.29	fixation	n/a	433.0	520.4	2903.0	n/a	n/a	n/a	n/a
112.225	0.168	saccade	n/a	436.1	517.8	n/a	434.7	214.5	10.66	1619.0
112.289	0.066	blink	n/a	n/a	n/a	n/a	n/a	n/a	n/a	n/a
112.395	0.21	fixation	n/a	432.9	204.1	2633.0	n/a	n/a	n/a	n/a
112.607	0.014	saccade	n/a	435.2	196.2	n/a	432.0	180.1	0.59	47.0
112.623	0.136	fixation	n/a	430.3	178.6	2724.0	n/a	n/a	n/a	n/a
112.761	0.032	saccade	n/a	427.3	179.4	n/a	320.9	179.7	3.75	208.0
112.795	0.234	fixation	n/a	321.0	181.0	2862.0	n/a	n/a	n/a	n/a
113.031	0.03	saccade	n/a	323.7	182.9	n/a	417.2	187.3	3.3	164.0
113.063	0.29	fixation	n/a	418.7	186.1	2920.0	n/a	n/a	n/a	n/a
113.118	0.0	trigger_13	13	n/a	n/a	n/a	n/a	n/a	n/a	n/a
113.176	0.0	trigger_10	10	n/a	n/a	n/a	n/a	n/a	n/a	n/a
113.355	0.048	saccade	n/a	418.1	185.1	n/a	205.5	171.0	7.42	278.0
113.405	0.102	fixation	n/a	206.2	172.7	2987.0	n/a	n/a	n/a	n/a
113.509	0.03	saccade	n/a	204.1	171.7	n/a	137.6	176.1	2.27	151.0
113.541	0.176	fixation	n/a	140.8	181.2	3020.0	n/a	n/a	n/a	n/a
113.719	0.026	saccade	n/a	142.3	182.2	n/a	207.9	187.2	2.25	137.0
113.747	0.19	fixation	n/a	210.8	185.8	3014.0	n/a	n/a	n/a	n/a
113.939	0.026	saccade	n/a	208.7	184.2	n/a	154.6	184.6	1.86	124.0
113.967	0.282	fixation	n/a	156.3	182.5	3053.0	n/a	n/a	n/a	n/a
114.251	0.022	saccade	n/a	156.4	179.3	n/a	210.2	181.5	1.85	117.0
114.275	0.1	fixation	n/a	207.8	178.8	3164.0	n/a	n/a	n/a	n/a
114.377	0.03	saccade	n/a	210.9	180.4	n/a	289.8	185.4	2.75	167.0
114.409	0.192	fixation	n/a	286.6	184.1	3182.0	n/a	n/a	n/a	n/a
114.603	0.018	saccade	n/a	284.9	186.1	n/a	254.5	186.8	1.06	74.0
114.623	0.104	fixation	n/a	258.7	187.1	3143.0	n/a	n/a	n/a	n/a
114.729	0.034	saccade	n/a	260.5	186.8	n/a	375.6	189.0	4.03	200.0
114.765	0.176	fixation	n/a	373.7	186.6	3121.0	n/a	n/a	n/a	n/a
114.943	0.034	saccade	n/a	373.3	185.8	n/a	469.6	183.4	3.39	184.0
114.979	0.204	fixation	n/a	468.2	183.9	3150.0	n/a	n/a	n/a	n/a
115.185	0.03	saccade	n/a	470.5	184.7	n/a	546.1	175.4	2.68	166.0
115.217	0.144	fixation	n/a	546.1	176.6	3144.0	n/a	n/a	n/a	n/a
115.363	0.062	saccade	n/a	547.0	177.8	n/a	161.7	252.3	13.59	366.0
115.427	0.126	fixation	n/a	165.4	254.7	3166.0	n/a	n/a	n/a	n/a
115.555	0.018	saccade	n/a	163.2	255.8	n/a	129.0	248.5	1.19	89.0
115.575	0.152	fixation	n/a	135.2	248.8	3180.0	n/a	n/a	n/a	n/a
115.729	0.04	saccade	n/a	138.1	250.3	n/a	289.5	246.9	5.21	259.0
115.771	0.196	fixation	n/a	291.6	245.5	3166.0	n/a	n/a	n/a	n/a
115.969	0.018	saccade	n/a	289.6	244.3	n/a	263.3	244.6	0.92	70.0
115.989	0.058	fixation	n/a	266.1	242.6	3169.0	n/a	n/a	n/a	n/a
116.049	0.024	saccade	n/a	264.9	243.6	n/a	222.3	243.2	1.48	108.0
116.075	0.186	fixation	n/a	225.3	241.5	3131.0	n/a	n/a	n/a	n/a
116.263	0.026	saccade	n/a	227.0	242.1	n/a	299.4	244.5	2.52	135.0
116.291	0.23	fixation	n/a	301.7	243.0	3181.0	n/a	n/a	n/a	n/a
116.523	0.03	saccade	n/a	300.8	240.5	n/a	380.5	243.9	2.8	154.0
116.555	0.474	fixation	n/a	377.4	240.8	3294.0	n/a	n/a	n/a	n/a
117.031	0.026	saccade	n/a	378.2	236.3	n/a	452.2	238.2	2.6	138.0
117.059	0.174	fixation	n/a	454.6	238.4	3346.0	n/a	n/a	n/a	n/a
117.235	0.028	saccade	n/a	455.0	234.8	n/a	538.3	234.5	2.93	147.0
117.265	0.426	fixation	n/a	542.5	236.1	3272.0	n/a	n/a	n/a	n/a
117.693	0.044	saccade	n/a	542.6	239.4	n/a	371.7	243.2	6.02	238.0
117.739	0.138	fixation	n/a	371.5	244.5	3174.0	n/a	n/a	n/a	n/a
117.879	0.03	saccade	n/a	368.9	241.4	n/a	304.3	240.2	2.26	150.0
117.911	0.24	fixation	n/a	306.2	243.6	3238.0	n/a	n/a	n/a	n/a
118.153	0.028	saccade	n/a	304.5	243.7	n/a	238.8	240.9	2.29	139.0
118.183	0.192	fixation	n/a	242.8	242.8	3197.0	n/a	n/a	n/a	n/a
118.377	0.03	saccade	n/a	243.6	240.7	n/a	323.2	242.6	2.77	160.0
118.409	0.196	fixation	n/a	321.1	243.0	3230.0	n/a	n/a	n/a	n/a
118.607	0.026	saccade	n/a	322.3	241.7	n/a	390.8	239.7	2.4	133.0
118.635	0.156	fixation	n/a	392.9	239.0	3193.0	n/a	n/a	n/a	n/a
118.793	0.026	saccade	n/a	395.8	239.7	n/a	462.6	240.4	2.35	135.0
118.821	0.156	fixation	n/a	462.7	241.1	3109.0	n/a	n/a	n/a	n/a
118.979	0.026	saccade	n/a	464.7	240.1	n/a	538.9	236.5	2.62	138.0
119.007	0.18	fixation	n/a	543.6	235.0	3039.0	n/a	n/a	n/a	n/a
119.189	0.032	saccade	n/a	545.3	236.1	n/a	633.0	239.2	3.08	167.0
119.223	0.104	fixation	n/a	630.8	236.3	2989.0	n/a	n/a	n/a	n/a
119.329	0.074	saccade	n/a	632.4	236.6	n/a	129.6	297.9	17.38	384.0
119.405	0.19	fixation	n/a	134.1	303.4	2968.0	n/a	n/a	n/a	n/a
119.597	0.026	saccade	n/a	137.9	303.8	n/a	205.3	301.1	2.3	116.0
119.625	0.196	fixation	n/a	210.8	297.4	2863.0	n/a	n/a	n/a	n/a
119.823	0.028	saccade	n/a	214.9	296.4	n/a	294.1	300.2	2.75	154.0
119.853	0.202	fixation	n/a	293.0	295.6	2684.0	n/a	n/a	n/a	n/a
120.057	0.036	saccade	n/a	296.1	293.8	n/a	417.8	296.4	4.26	169.0
120.095	0.218	fixation	n/a	419.4	293.1	2509.0	n/a	n/a	n/a	n/a
120.315	0.026	saccade	n/a	423.2	294.6	n/a	488.0	293.1	2.27	117.0
120.343	0.078	fixation	n/a	491.6	291.9	2393.0	n/a	n/a	n/a	n/a
120.423	0.032	saccade	n/a	493.5	292.9	n/a	601.4	292.8	3.77	175.0
120.457	0.206	fixation	n/a	606.4	289.4	2296.0	n/a	n/a	n/a	n/a
120.665	0.068	saccade	n/a	605.4	291.2	n/a	156.7	347.7	15.52	367.0
120.735	0.188	fixation	n/a	160.3	348.3	2315.0	n/a	n/a	n/a	n/a
120.925	0.024	saccade	n/a	165.3	348.8	n/a	236.8	350.9	2.44	142.0
120.951	0.152	fixation	n/a	238.7	350.4	2282.0	n/a	n/a	n/a	n/a
121.105	0.026	saccade	n/a	240.4	348.6	n/a	306.5	351.9	2.29	128.0
121.133	0.118	fixation	n/a	310.5	349.9	2263.0	n/a	n/a	n/a	n/a
121.253	0.144	saccade	n/a	315.0	350.4	n/a	402.7	347.2	3.06	2900.0
121.285	0.07	blink	n/a	n/a	n/a	n/a	n/a	n/a	n/a	n/a
121.399	0.154	fixation	n/a	401.7	343.3	2192.0	n/a	n/a	n/a	n/a
121.555	0.028	saccade	n/a	405.8	339.9	n/a	488.8	339.8	2.91	137.0
121.585	0.154	fixation	n/a	491.9	342.7	2205.0	n/a	n/a	n/a	n/a
121.741	0.032	saccade	n/a	495.2	342.3	n/a	592.7	338.1	3.41	128.0
121.775	0.238	fixation	n/a	597.6	342.3	2132.0	n/a	n/a	n/a	n/a
122.015	0.064	saccade	n/a	595.8	343.3	n/a	172.7	400.1	14.73	388.0
122.081	0.29	fixation	n/a	175.4	400.3	2222.0	n/a	n/a	n/a	n/a
122.373	0.052	saccade	n/a	178.4	399.9	n/a	215.0	171.3	8.13	232.0
122.427	0.38	fixation	n/a	208.7	168.3	2431.0	n/a	n/a	n/a	n/a
122.534	0.0	trigger_11	11	n/a	n/a	n/a	n/a	n/a	n/a	n/a
122.6	0.0	trigger_10	10	n/a	n/a	n/a	n/a	n/a	n/a	n/a
122.809	0.026	saccade	n/a	198.2	162.8	n/a	138.1	170.9	2.07	130.0
122.837	0.204	fixation	n/a	138.7	171.8	2736.0	n/a	n/a	n/a	n/a
123.043	0.026	saccade	n/a	140.1	171.5	n/a	216.7	173.9	2.62	147.0
123.071	0.352	fixation	n/a	217.4	178.4	2933.0	n/a	n/a	n/a	n/a
123.425	0.03	saccade	n/a	218.8	182.3	n/a	290.5	199.4	2.57	144.0
123.457	0.02	fixation	n/a	284.5	197.6	3052.0	n/a	n/a	n/a	n/a
123.479	0.038	saccade	n/a	282.6	197.0	n/a	157.7	234.6	4.51	258.0
123.519	0.172	fixation	n/a	154.4	232.7	3127.0	n/a	n/a	n/a	n/a
123.693	0.042	saccade	n/a	156.7	233.8	n/a	325.6	186.9	6.08	263.0
123.737	0.222	fixation	n/a	326.3	184.2	3125.0	n/a	n/a	n/a	n/a
123.961	0.028	saccade	n/a	330.4	183.9	n/a	404.2	179.0	2.6	146.0
123.991	0.15	fixation	n/a	402.8	179.1	3133.0	n/a	n/a	n/a	n/a
124.143	0.034	saccade	n/a	401.9	183.7	n/a	302.1	179.5	3.51	205.0
124.179	0.284	fixation	n/a	295.1	181.9	3237.0	n/a	n/a	n/a	n/a
124.465	0.044	saccade	n/a	285.1	180.5	n/a	471.4	175.7	6.53	267.0
124.511	0.47	fixation	n/a	473.7	178.5	3331.0	n/a	n/a	n/a	n/a
124.983	0.03	saccade	n/a	480.1	180.6	n/a	562.4	178.5	2.89	168.0
125.015	0.354	fixation	n/a	560.8	178.7	3241.0	n/a	n/a	n/a	n/a
125.371	0.064	saccade	n/a	563.3	179.6	n/a	174.0	198.4	13.51	336.0
125.437	0.196	fixation	n/a	174.6	200.6	3285.0	n/a	n/a	n/a	n/a
125.635	0.03	saccade	n/a	174.1	196.1	n/a	256.1	183.8	2.86	166.0
125.667	0.162	fixation	n/a	254.8	186.2	3305.0	n/a	n/a	n/a	n/a
125.831	0.026	saccade	n/a	257.4	189.5	n/a	320.3	186.1	2.19	137.0
125.859	0.164	fixation	n/a	320.6	187.3	3309.0	n/a	n/a	n/a	n/a
126.025	0.028	saccade	n/a	321.6	184.0	n/a	393.6	183.2	2.53	147.0
126.055	0.168	fixation	n/a	395.2	183.9	3306.0	n/a	n/a	n/a	n/a
126.225	0.042	saccade	n/a	400.2	184.4	n/a	568.7	177.4	5.94	245.0
126.269	0.104	fixation	n/a	571.2	172.9	3262.0	n/a	n/a	n/a	n/a
126.375	0.066	saccade	n/a	571.7	172.7	n/a	156.7	236.0	14.53	366.0
126.443	0.14	fixation	n/a	160.6	236.8	3278.0	n/a	n/a	n/a	n/a
126.585	0.026	saccade	n/a	161.4	235.0	n/a	177.4	171.8	2.3	141.0
126.613	0.28	fixation	n/a	177.7	171.6	3143.0	n/a	n/a	n/a	n/a
126.63	0.0	trigger_11	11	n/a	n/a	n/a	n/a	n/a	n/a	n/a
126.69	0.0	trigger_10	10	n/a	n/a	n/a	n/a	n/a	n/a	n/a
126.895	0.018	saccade	n/a	173.1	173.8	n/a	150.1	178.4	0.8	55.0
126.915	0.162	fixation	n/a	149.7	179.6	3203.0	n/a	n/a	n/a	n/a
127.079	0.036	saccade	n/a	146.6	177.0	n/a	272.5	184.1	4.33	237.0
127.117	0.26	fixation	n/a	265.4	182.5	3264.0	n/a	n/a	n/a	n/a
127.379	0.03	saccade	n/a	260.0	185.5	n/a	355.5	183.6	3.33	177.0
127.411	0.204	fixation	n/a	361.2	184.0	3055.0	n/a	n/a	n/a	n/a
127.617	0.028	saccade	n/a	360.8	184.1	n/a	440.9	181.5	2.82	135.0
127.647	0.298	fixation	n/a	445.6	181.5	3051.0	n/a	n/a	n/a	n/a
127.947	0.026	saccade	n/a	449.1	180.9	n/a	523.4	176.4	2.63	146.0
127.975	0.164	fixation	n/a	524.1	175.7	3002.0	n/a	n/a	n/a	n/a
128.141	0.026	saccade	n/a	525.9	174.9	n/a	597.0	175.0	2.5	136.0
128.169	0.158	fixation	n/a	596.4	174.4	2972.0	n/a	n/a	n/a	n/a
128.329	0.066	saccade	n/a	595.3	171.7	n/a	141.4	237.1	15.82	369.0
128.397	0.206	fixation	n/a	145.4	239.1	3042.0	n/a	n/a	n/a	n/a
128.605	0.024	saccade	n/a	148.7	240.7	n/a	205.9	241.5	1.96	121.0
128.631	0.134	fixation	n/a	204.4	241.8	3053.0	n/a	n/a	n/a	n/a
128.767	0.03	saccade	n/a	205.7	240.5	n/a	285.4	240.9	2.76	170.0
128.799	0.158	fixation	n/a	285.1	238.2	3020.0	n/a	n/a	n/a	n/a
128.959	0.086	saccade	n/a	288.4	240.5	n/a	397.5	254.3	3.85	1906.0
128.993	0.0	blink	n/a	n/a	n/a	n/a	n/a	n/a	n/a	n/a
129.047	0.224	fixation	n/a	398.0	243.2	2984.0	n/a	n/a	n/a	n/a
129.273	0.024	saccade	n/a	396.2	240.5	n/a	347.1	239.4	1.73	120.0
129.299	0.106	fixation	n/a	349.7	238.8	3015.0	n/a	n/a	n/a	n/a
129.407	0.038	saccade	n/a	353.0	240.0	n/a	490.9	238.6	4.86	232.0
129.447	0.248	fixation	n/a	494.7	236.8	2834.0	n/a	n/a	n/a	n/a
129.697	0.028	saccade	n/a	495.8	234.8	n/a	437.4	183.0	2.78	142.0
129.727	0.086	fixation	n/a	432.4	182.6	2791.0	n/a	n/a	n/a	n/a
129.815	0.028	saccade	n/a	431.2	181.9	n/a	366.8	180.6	2.27	152.0
129.845	0.27	fixation	n/a	366.6	182.0	2847.0	n/a	n/a	n/a	n/a
130.117	0.034	saccade	n/a	365.5	181.9	n/a	474.1	179.4	3.83	172.0
130.153	0.138	fixation	n/a	474.2	177.4	2968.0	n/a	n/a	n/a	n/a
130.293	0.024	saccade	n/a	474.6	174.2	n/a	533.0	170.2	2.06	124.0
130.319	0.224	fixation	n/a	531.0	171.1	3051.0	n/a	n/a	n/a	n/a
130.545	0.024	saccade	n/a	531.7	173.0	n/a	583.3	172.3	1.81	108.0
130.571	0.394	fixation	n/a	583.8	169.2	3104.0	n/a	n/a	n/a	n/a
130.967	0.072	saccade	n/a	583.8	170.2	n/a	483.8	495.2	11.94	282.0
131.041	0.076	fixation	n/a	483.5	491.4	3284.0	n/a	n/a	n/a	n/a
131.119	0.018	saccade	n/a	484.5	494.1	n/a	468.1	517.7	0.99	70.0
131.139	0.092	fixation	n/a	469.2	512.0	3312.0	n/a	n/a	n/a	n/a
131.233	0.018	saccade	n/a	467.7	514.3	n/a	436.0	517.3	1.1	82.0
131.253	0.228	fixation	n/a	444.8	517.6	3136.0	n/a	n/a	n/a	n/a
131.483	0.06	saccade	n/a	450.9	517.6	n/a	428.9	198.3	11.23	309.0
131.545	0.098	fixation	n/a	430.8	199.1	2773.0	n/a	n/a	n/a	n/a
131.645	0.024	saccade	n/a	431.3	198.9	n/a	386.8	165.5	1.97	123.0
131.671	0.146	fixation	n/a	385.4	172.6	2636.0	n/a	n/a	n/a	n/a
131.819	0.026	saccade	n/a	384.6	175.8	n/a	324.7	173.6	2.11	130.0
131.847	0.224	fixation	n/a	322.7	174.3	2694.0	n/a	n/a	n/a	n/a
132.073	0.028	saccade	n/a	323.0	178.9	n/a	417.3	174.5	3.32	163.0
132.103	0.284	fixation	n/a	431.7	174.4	2875.0	n/a	n/a	n/a	n/a
132.389	0.026	saccade	n/a	432.9	177.6	n/a	503.2	176.7	2.48	133.0
132.417	0.266	fixation	n/a	508.9	176.3	2993.0	n/a	n/a	n/a	n/a
132.685	0.022	saccade	n/a	511.5	174.8	n/a	561.3	172.7	1.75	106.0
132.709	0.246	fixation	n/a	559.4	173.8	3017.0	n/a	n/a	n/a	n/a
132.957	0.018	saccade	n/a	563.5	175.4	n/a	591.8	176.0	0.99	70.0
132.977	0.322	fixation	n/a	594.0	174.0	3053.0	n/a	n/a	n/a	n/a
133.301	0.028	saccade	n/a	592.3	172.0	n/a	528.0	172.3	2.26	132.0
133.331	0.314	fixation	n/a	530.7	172.4	3173.0	n/a	n/a	n/a	n/a
133.432	0.0	trigger_11	11	n/a	n/a	n/a	n/a	n/a	n/a	n/a
133.488	0.0	trigger_10	10	n/a	n/a	n/a	n/a	n/a	n/a	n/a
133.647	0.058	saccade	n/a	528.9	173.4	n/a	200.3	167.1	11.43	312.0
133.707	0.07	fixation	n/a	202.8	168.9	3272.0	n/a	n/a	n/a	n/a
133.779	0.028	saccade	n/a	201.3	170.1	n/a	154.9	182.8	1.65	146.0
133.809	0.214	fixation	n/a	157.0	180.9	3251.0	n/a	n/a	n/a	n/a
134.025	0.034	saccade	n/a	157.7	179.5	n/a	261.8	174.0	3.59	210.0
134.061	0.344	fixation	n/a	259.2	172.0	3293.0	n/a	n/a	n/a	n/a
134.407	0.13	saccade	n/a	255.0	172.0	n/a	342.8	189.4	3.12	1644.0
134.451	0.036	blink	n/a	n/a	n/a	n/a	n/a	n/a	n/a	n/a
134.539	0.204	fixation	n/a	345.0	186.2	3202.0	n/a	n/a	n/a	n/a
134.745	0.03	saccade	n/a	343.4	184.7	n/a	427.4	185.0	2.95	168.0
134.777	0.178	fixation	n/a	423.0	185.6	3162.0	n/a	n/a	n/a	n/a
134.957	0.038	saccade	n/a	426.3	182.9	n/a	541.1	178.6	4.05	182.0
134.997	0.164	fixation	n/a	540.1	180.8	2991.0	n/a	n/a	n/a	n/a
135.163	0.02	saccade	n/a	538.8	180.2	n/a	503.2	180.3	1.26	89.0
135.185	0.09	fixation	n/a	504.8	182.3	2968.0	n/a	n/a	n/a	n/a
135.277	0.038	saccade	n/a	506.6	180.8	n/a	641.6	176.5	4.73	204.0
135.317	0.196	fixation	n/a	642.5	174.3	2881.0	n/a	n/a	n/a	n/a
135.515	0.07	saccade	n/a	642.5	174.1	n/a	157.6	225.8	16.82	376.0
135.587	0.11	fixation	n/a	158.5	229.5	3026.0	n/a	n/a	n/a	n/a
135.699	0.018	saccade	n/a	156.1	229.9	n/a	126.6	236.9	1.03	76.0
135.719	0.148	fixation	n/a	130.8	234.9	3030.0	n/a	n/a	n/a	n/a
135.869	0.034	saccade	n/a	130.7	234.5	n/a	238.7	237.2	3.7	209.0
135.905	0.196	fixation	n/a	241.9	240.3	3077.0	n/a	n/a	n/a	n/a
136.103	0.03	saccade	n/a	244.3	242.6	n/a	325.3	241.2	2.83	182.0
136.135	0.258	fixation	n/a	326.3	241.1	3117.0	n/a	n/a	n/a	n/a
136.395	0.026	saccade	n/a	326.8	237.3	n/a	389.2	238.4	2.19	126.0
136.423	0.168	fixation	n/a	388.9	240.3	3085.0	n/a	n/a	n/a	n/a
136.593	0.03	saccade	n/a	392.6	241.8	n/a	475.4	239.6	2.92	159.0
136.625	0.326	fixation	n/a	464.3	236.5	3095.0	n/a	n/a	n/a	n/a
136.953	0.03	saccade	n/a	455.4	237.0	n/a	533.4	234.3	2.75	155.0
136.985	0.174	fixation	n/a	533.0	233.4	3085.0	n/a	n/a	n/a	n/a
137.161	0.018	saccade	n/a	536.3	233.7	n/a	566.3	232.1	1.06	75.0
137.181	0.354	fixation	n/a	566.2	232.2	3112.0	n/a	n/a	n/a	n/a
137.537	0.064	saccade	n/a	566.2	233.9	n/a	173.8	286.4	13.75	340.0
137.603	0.126	fixation	n/a	173.9	285.6	3143.0	n/a	n/a	n/a	n/a
137.731	0.026	saccade	n/a	173.7	288.0	n/a	124.4	298.0	1.72	129.0
137.759	0.246	fixation	n/a	125.7	295.2	3147.0	n/a	n/a	n/a	n/a
138.007	0.026	saccade	n/a	127.2	294.4	n/a	199.2	297.0	2.45	131.0
138.035	0.206	fixation	n/a	203.4	296.4	3139.0	n/a	n/a	n/a	n/a
138.2	0.0	trigger_11	11	n/a	n/a	n/a	n/a	n/a	n/a	n/a
138.243	0.028	saccade	n/a	204.6	295.6	n/a	222.2	201.3	3.39	167.0
138.26	0.0	trigger_10	10	n/a	n/a	n/a	n/a	n/a	n/a	n/a
138.273	0.278	fixation	n/a	227.0	192.9	3111.0	n/a	n/a	n/a	n/a
138.553	0.034	saccade	n/a	238.2	184.4	n/a	138.5	172.9	3.45	194.0
138.589	0.226	fixation	n/a	139.3	170.6	3142.0	n/a	n/a	n/a	n/a
138.817	0.02	saccade	n/a	143.2	172.8	n/a	184.0	176.4	1.4	94.0
138.839	0.192	fixation	n/a	184.5	179.5	3168.0	n/a	n/a	n/a	n/a
139.033	0.026	saccade	n/a	185.0	180.7	n/a	246.6	180.3	2.13	122.0
139.061	0.25	fixation	n/a	244.8	180.9	3240.0	n/a	n/a	n/a	n/a
139.313	0.026	saccade	n/a	245.1	178.2	n/a	309.7	179.5	2.25	135.0
139.341	0.142	fixation	n/a	308.9	180.6	3268.0	n/a	n/a	n/a	n/a
139.485	0.114	saccade	n/a	316.6	186.4	n/a	370.2	208.5	2.04	2098.0
139.521	0.03	blink	n/a	n/a	n/a	n/a	n/a	n/a	n/a	n/a
139.601	0.236	fixation	n/a	370.5	194.5	3119.0	n/a	n/a	n/a	n/a
139.839	0.028	saccade	n/a	369.3	194.2	n/a	302.4	191.1	2.35	147.0
139.869	0.2	fixation	n/a	304.4	189.5	2989.0	n/a	n/a	n/a	n/a
140.071	0.034	saccade	n/a	304.4	187.1	n/a	416.3	188.6	3.92	184.0
140.107	0.214	fixation	n/a	417.4	187.4	2900.0	n/a	n/a	n/a	n/a
140.323	0.028	saccade	n/a	419.7	184.6	n/a	499.9	180.5	2.83	146.0
140.353	0.364	fixation	n/a	501.1	179.9	2767.0	n/a	n/a	n/a	n/a
140.719	0.024	saccade	n/a	504.9	178.6	n/a	570.4	174.5	2.31	135.0
140.745	0.178	fixation	n/a	569.7	170.9	2689.0	n/a	n/a	n/a	n/a
140.925	0.066	saccade	n/a	568.9	169.6	n/a	145.7	230.5	14.78	352.0
140.993	0.352	fixation	n/a	147.4	237.7	2804.0	n/a	n/a	n/a	n/a
141.347	0.028	saccade	n/a	150.1	238.5	n/a	239.9	241.8	3.08	152.0
141.377	0.224	fixation	n/a	253.3	242.0	2852.0	n/a	n/a	n/a	n/a
141.603	0.032	saccade	n/a	257.6	242.3	n/a	352.7	244.2	3.32	176.0
141.637	0.154	fixation	n/a	352.2	241.1	2870.0	n/a	n/a	n/a	n/a
141.793	0.034	saccade	n/a	356.9	243.0	n/a	469.0	242.2	3.95	190.0
141.829	0.246	fixation	n/a	469.6	240.5	2813.0	n/a	n/a	n/a	n/a
142.077	0.028	saccade	n/a	472.6	239.5	n/a	540.9	235.0	2.41	114.0
142.107	0.27	fixation	n/a	547.9	232.8	2665.0	n/a	n/a	n/a	n/a
142.379	0.026	saccade	n/a	550.6	232.5	n/a	613.1	232.3	2.19	120.0
142.407	0.244	fixation	n/a	615.5	231.6	2496.0	n/a	n/a	n/a	n/a
142.653	0.072	saccade	n/a	617.6	227.1	n/a	129.5	300.0	16.94	359.0
142.727	0.222	fixation	n/a	139.2	302.5	2449.0	n/a	n/a	n/a	n/a
142.951	0.032	saccade	n/a	144.7	297.2	n/a	256.0	294.9	3.81	194.0
142.985	0.208	fixation	n/a	257.8	295.8	2499.0	n/a	n/a	n/a	n/a
143.195	0.032	saccade	n/a	260.8	298.9	n/a	356.8	296.8	3.35	181.0
143.229	0.2	fixation	n/a	357.2	292.8	2495.0	n/a	n/a	n/a	n/a
143.431	0.03	saccade	n/a	360.6	295.9	n/a	472.2	296.3	3.92	188.0
143.463	0.15	fixation	n/a	479.5	295.3	2501.0	n/a	n/a	n/a	n/a
143.615	0.076	saccade	n/a	480.6	295.1	n/a	556.2	292.3	2.66	446.0
143.693	0.184	fixation	n/a	560.8	291.9	2506.0	n/a	n/a	n/a	n/a
143.879	0.04	saccade	n/a	559.5	294.7	n/a	412.5	218.5	5.86	218.0
143.912	0.0	trigger_11	11	n/a	n/a	n/a	n/a	n/a	n/a	n/a
143.921	0.214	fixation	n/a	397.2	207.4	2541.0	n/a	n/a	n/a	n/a
143.974	0.0	trigger_10	10	n/a	n/a	n/a	n/a	n/a	n/a	n/a
144.137	0.042	saccade	n/a	394.1	206.1	n/a	214.6	159.8	6.47	252.0
144.181	0.038	fixation	n/a	214.7	158.8	2637.0	n/a	n/a	n/a	n/a
144.221	0.03	saccade	n/a	215.4	159.4	n/a	144.7	160.6	2.42	172.0
144.253	0.222	fixation	n/a	145.1	163.7	2774.0	n/a	n/a	n/a	n/a
144.477	0.022	saccade	n/a	142.5	165.2	n/a	189.3	170.4	1.61	106.0
144.501	0.142	fixation	n/a	192.7	171.6	2873.0	n/a	n/a	n/a	n/a
144.645	0.028	saccade	n/a	195.9	171.2	n/a	274.5	174.6	2.72	170.0
144.675	0.184	fixation	n/a	273.8	174.1	2960.0	n/a	n/a	n/a	n/a
144.861	0.024	saccade	n/a	276.2	176.1	n/a	329.1	181.3	1.86	125.0
144.887	0.244	fixation	n/a	326.9	180.0	3001.0	n/a	n/a	n/a	n/a
145.133	0.032	saccade	n/a	328.9	177.4	n/a	431.2	176.5	3.59	181.0
145.167	0.174	fixation	n/a	428.8	180.0	3046.0	n/a	n/a	n/a	n/a
145.343	0.014	saccade	n/a	427.1	183.0	n/a	408.1	184.8	0.67	56.0
145.359	0.218	fixation	n/a	409.1	183.0	3097.0	n/a	n/a	n/a	n/a
145.579	0.038	saccade	n/a	409.0	178.8	n/a	539.7	175.7	4.6	204.0
145.619	0.144	fixation	n/a	539.6	175.5	3176.0	n/a	n/a	n/a	n/a
145.765	0.014	saccade	n/a	534.6	176.2	n/a	517.5	174.9	0.6	49.0
145.781	0.118	fixation	n/a	519.0	174.9	3213.0	n/a	n/a	n/a	n/a
145.901	0.026	saccade	n/a	519.6	178.4	n/a	576.7	172.9	2.02	122.0
145.929	0.154	fixation	n/a	574.1	172.0	3183.0	n/a	n/a	n/a	n/a
146.085	0.068	saccade	n/a	575.7	175.6	n/a	163.6	228.9	14.36	345.0
146.155	0.11	fixation	n/a	167.6	230.6	3241.0	n/a	n/a	n/a	n/a
146.267	0.026	saccade	n/a	168.4	236.6	n/a	130.6	247.6	1.34	116.0
146.295	0.338	fixation	n/a	134.8	245.9	3140.0	n/a	n/a	n/a	n/a
146.635	0.024	saccade	n/a	138.7	242.9	n/a	198.9	245.9	2.06	134.0
146.661	0.162	fixation	n/a	199.4	249.5	2968.0	n/a	n/a	n/a	n/a
146.825	0.032	saccade	n/a	201.1	250.0	n/a	297.2	245.6	3.34	189.0
146.859	0.128	fixation	n/a	297.3	244.5	2888.0	n/a	n/a	n/a	n/a
146.989	0.152	saccade	n/a	298.8	246.2	n/a	365.9	256.7	2.38	2918.0
147.027	0.064	blink	n/a	n/a	n/a	n/a	n/a	n/a	n/a	n/a
147.143	0.238	fixation	n/a	366.0	244.8	2857.0	n/a	n/a	n/a	n/a
147.383	0.028	saccade	n/a	369.9	241.8	n/a	460.7	225.2	3.25	159.0
147.413	0.204	fixation	n/a	473.7	225.3	2753.0	n/a	n/a	n/a	n/a
147.619	0.024	saccade	n/a	478.6	230.0	n/a	527.5	238.0	1.75	94.0
147.645	0.176	fixation	n/a	531.4	238.8	2538.0	n/a	n/a	n/a	n/a
147.823	0.06	saccade	n/a	532.0	232.8	n/a	166.8	288.8	12.84	339.0
147.885	0.134	fixation	n/a	166.2	287.7	2479.0	n/a	n/a	n/a	n/a
148.021	0.02	saccade	n/a	164.4	287.1	n/a	132.9	290.3	1.08	75.0
148.043	0.13	fixation	n/a	136.6	290.8	2414.0	n/a	n/a	n/a	n/a
148.175	0.138	saccade	n/a	146.8	291.9	n/a	258.9	288.0	3.85	1400.0
148.205	0.074	blink	n/a	n/a	n/a	n/a	n/a	n/a	n/a	n/a
148.315	0.126	fixation	n/a	255.2	287.6	2307.0	n/a	n/a	n/a	n/a
148.443	0.2	saccade	n/a	253.3	288.4	n/a	349.7	294.5	3.37	1754.0
148.473	0.122	blink	n/a	n/a	n/a	n/a	n/a	n/a	n/a	n/a
148.645	0.114	fixation	n/a	348.3	293.9	2440.0	n/a	n/a	n/a	n/a
148.761	0.172	saccade	n/a	349.0	294.5	n/a	430.4	298.7	2.87	1792.0
148.791	0.1	blink	n/a	n/a	n/a	n/a	n/a	n/a	n/a	n/a
148.935	0.196	fixation	n/a	430.6	298.1	2429.0	n/a	n/a	n/a	n/a
149.133	0.024	saccade	n/a	433.7	295.7	n/a	480.6	293.8	1.65	93.0
149.159	0.144	fixation	n/a	486.2	291.1	2347.0	n/a	n/a	n/a	n/a
149.305	0.026	saccade	n/a	493.3	288.6	n/a	560.1	289.4	2.35	120.0
149.333	0.414	fixation	n/a	564.6	289.5	2167.0	n/a	n/a	n/a	n/a
149.749	0.02	saccade	n/a	562.7	290.0	n/a	527.4	289.3	1.24	84.0
149.771	0.296	fixation	n/a	531.5	288.7	2123.0	n/a	n/a	n/a	n/a
150.069	0.022	saccade	n/a	535.8	295.1	n/a	574.6	292.7	1.37	94.0
150.093	0.89	fixation	n/a	567.6	291.3	2340.0	n/a	n/a	n/a	n/a
150.76	0.0	trigger_11	11	n/a	n/a	n/a	n/a	n/a	n/a	n/a
150.822	0.0	trigger_12	12	n/a	n/a	n/a	n/a	n/a	n/a	n/a
150.985	0.064	saccade	n/a	562.7	297.2	n/a	222.9	173.9	12.65	323.0
151.051	0.044	fixation	n/a	224.8	174.4	2712.0	n/a	n/a	n/a	n/a
151.097	0.032	saccade	n/a	223.4	174.7	n/a	144.8	175.9	2.69	197.0
151.131	0.142	fixation	n/a	145.9	177.6	2751.0	n/a	n/a	n/a	n/a
151.275	0.016	saccade	n/a	143.0	178.3	n/a	121.9	176.0	0.72	58.0
151.293	0.158	fixation	n/a	127.3	180.5	2780.0	n/a	n/a	n/a	n/a
151.453	0.03	saccade	n/a	128.6	180.4	n/a	200.0	180.5	2.45	154.0
151.485	0.16	fixation	n/a	199.0	178.5	2772.0	n/a	n/a	n/a	n/a
151.647	0.032	saccade	n/a	201.2	177.2	n/a	295.6	179.3	3.28	188.0
151.681	0.196	fixation	n/a	293.5	179.1	2785.0	n/a	n/a	n/a	n/a
151.879	0.02	saccade	n/a	291.7	181.3	n/a	251.9	181.4	1.39	94.0
151.901	0.198	fixation	n/a	254.7	181.5	2884.0	n/a	n/a	n/a	n/a
152.101	0.042	saccade	n/a	255.1	180.1	n/a	422.3	181.5	5.85	248.0
152.145	0.342	fixation	n/a	421.9	180.4	2922.0	n/a	n/a	n/a	n/a
152.489	0.026	saccade	n/a	424.8	180.1	n/a	483.0	183.6	2.06	131.0
152.517	0.194	fixation	n/a	482.0	180.7	2939.0	n/a	n/a	n/a	n/a
152.713	0.024	saccade	n/a	485.1	178.7	n/a	531.3	176.0	1.63	98.0
152.739	0.154	fixation	n/a	530.2	175.6	2899.0	n/a	n/a	n/a	n/a
152.895	0.02	saccade	n/a	534.0	176.6	n/a	566.0	173.9	1.13	71.0
152.917	0.244	fixation	n/a	561.6	172.7	2936.0	n/a	n/a	n/a	n/a
153.163	0.018	saccade	n/a	563.4	171.7	n/a	596.5	171.8	1.16	83.0
153.183	0.262	fixation	n/a	594.6	170.5	2959.0	n/a	n/a	n/a	n/a
153.447	0.066	saccade	n/a	593.2	167.3	n/a	173.9	236.7	14.69	350.0
153.515	0.132	fixation	n/a	174.9	238.3	3045.0	n/a	n/a	n/a	n/a
153.649	0.026	saccade	n/a	173.8	239.3	n/a	129.4	237.7	1.51	117.0
153.677	0.218	fixation	n/a	132.8	240.4	3077.0	n/a	n/a	n/a	n/a
153.897	0.022	saccade	n/a	135.4	241.0	n/a	188.2	241.3	1.8	120.0
153.921	0.158	fixation	n/a	187.4	240.3	3111.0	n/a	n/a	n/a	n/a
154.081	0.03	saccade	n/a	189.6	240.8	n/a	267.0	240.9	2.67	172.0
154.113	0.228	fixation	n/a	265.8	242.7	3123.0	n/a	n/a	n/a	n/a
154.343	0.03	saccade	n/a	266.8	241.4	n/a	355.4	238.3	3.09	171.0
154.375	0.206	fixation	n/a	356.9	238.3	3100.0	n/a	n/a	n/a	n/a
154.583	0.028	saccade	n/a	361.6	239.4	n/a	436.2	237.0	2.62	145.0
154.613	0.15	fixation	n/a	434.9	237.2	2955.0	n/a	n/a	n/a	n/a
154.765	0.03	saccade	n/a	437.5	235.8	n/a	524.1	233.6	3.04	155.0
154.797	0.178	fixation	n/a	525.5	236.6	2856.0	n/a	n/a	n/a	n/a
154.977	0.018	saccade	n/a	525.6	241.8	n/a	498.9	241.9	0.94	68.0
154.997	0.18	fixation	n/a	500.6	241.1	2717.0	n/a	n/a	n/a	n/a
155.179	0.024	saccade	n/a	497.6	237.6	n/a	447.4	238.2	1.77	122.0
155.205	0.2	fixation	n/a	448.1	236.3	2549.0	n/a	n/a	n/a	n/a
155.407	0.022	saccade	n/a	451.8	235.5	n/a	502.4	234.6	1.78	108.0
155.431	0.214	fixation	n/a	504.7	232.6	2377.0	n/a	n/a	n/a	n/a
155.647	0.116	saccade	n/a	509.2	235.9	n/a	577.3	237.3	2.39	2234.0
155.683	0.036	blink	n/a	n/a	n/a	n/a	n/a	n/a	n/a	n/a
155.765	0.196	fixation	n/a	574.7	234.2	2256.0	n/a	n/a	n/a	n/a
155.963	0.064	saccade	n/a	574.0	234.5	n/a	145.0	285.9	14.93	371.0
156.029	0.076	fixation	n/a	146.1	286.2	2335.0	n/a	n/a	n/a	n/a
156.107	0.226	saccade	n/a	147.1	287.3	n/a	157.3	294.2	0.42	1776.0
156.171	0.112	blink	n/a	n/a	n/a	n/a	n/a	n/a	n/a	n/a
156.335	0.11	fixation	n/a	157.5	293.9	2350.0	n/a	n/a	n/a	n/a
156.447	0.022	saccade	n/a	160.1	293.1	n/a	205.1	289.2	1.54	91.0
156.471	0.178	fixation	n/a	210.9	291.3	2407.0	n/a	n/a	n/a	n/a
156.651	0.048	saccade	n/a	213.2	292.3	n/a	317.4	289.8	3.61	1898.0
156.701	0.244	fixation	n/a	323.1	291.0	2344.0	n/a	n/a	n/a	n/a
156.947	0.04	saccade	n/a	321.2	290.0	n/a	474.5	287.9	5.38	224.0
156.989	0.182	fixation	n/a	471.8	286.3	2309.0	n/a	n/a	n/a	n/a
157.173	0.042	saccade	n/a	469.0	286.9	n/a	516.7	290.4	1.68	1646.0
157.217	0.222	fixation	n/a	518.8	288.0	2326.0	n/a	n/a	n/a	n/a
157.441	0.062	saccade	n/a	522.1	287.0	n/a	604.5	290.0	2.89	2248.0
157.505	0.266	fixation	n/a	604.3	290.0	2416.0	n/a	n/a	n/a	n/a
157.773	0.02	saccade	n/a	606.5	294.0	n/a	646.3	290.1	1.4	95.0
157.795	0.166	fixation	n/a	642.1	288.3	2426.0	n/a	n/a	n/a	n/a
157.963	0.068	saccade	n/a	641.6	286.0	n/a	165.6	335.6	16.45	384.0
158.033	0.124	fixation	n/a	166.5	340.0	2540.0	n/a	n/a	n/a	n/a
158.159	0.02	saccade	n/a	164.8	342.2	n/a	129.3	352.6	1.26	92.0
158.181	0.18	fixation	n/a	136.4	355.0	2585.0	n/a	n/a	n/a	n/a
158.363	0.026	saccade	n/a	141.2	354.1	n/a	209.7	356.3	2.34	132.0
158.391	0.13	fixation	n/a	207.0	356.0	2635.0	n/a	n/a	n/a	n/a
158.523	0.022	saccade	n/a	212.1	355.5	n/a	259.3	356.5	1.63	98.0
158.547	0.136	fixation	n/a	262.6	356.2	2665.0	n/a	n/a	n/a	n/a
158.685	0.03	saccade	n/a	263.5	355.1	n/a	351.4	360.0	3.06	168.0
158.717	0.356	fixation	n/a	344.2	360.2	2738.0	n/a	n/a	n/a	n/a
159.075	0.04	saccade	n/a	335.2	359.7	n/a	473.4	359.5	4.85	218.0
159.117	0.226	fixation	n/a	472.2	356.8	2936.0	n/a	n/a	n/a	n/a
159.345	0.02	saccade	n/a	477.1	356.8	n/a	509.3	357.6	1.13	78.0
159.367	0.338	fixation	n/a	509.5	357.1	2937.0	n/a	n/a	n/a	n/a
159.707	0.022	saccade	n/a	513.6	357.8	n/a	559.8	356.5	1.62	104.0
159.731	0.396	fixation	n/a	560.5	356.0	2876.0	n/a	n/a	n/a	n/a
160.129	0.026	saccade	n/a	569.4	357.3	n/a	617.1	356.3	1.67	119.0
160.157	0.222	fixation	n/a	610.3	353.6	3013.0	n/a	n/a	n/a	n/a
160.381	0.068	saccade	n/a	609.2	352.5	n/a	141.9	404.9	16.14	379.0
160.451	0.104	fixation	n/a	147.0	408.8	3179.0	n/a	n/a	n/a	n/a
160.557	0.02	saccade	n/a	145.6	410.9	n/a	112.7	418.3	1.14	86.0
160.579	0.748	fixation	n/a	125.0	417.3	3130.0	n/a	n/a	n/a	n/a
161.329	0.054	saccade	n/a	134.3	416.6	n/a	248.8	192.9	8.78	258.0
161.385	0.328	fixation	n/a	254.0	193.1	2993.0	n/a	n/a	n/a	n/a
161.715	0.014	saccade	n/a	252.2	189.6	n/a	234.6	186.3	0.62	53.0
161.731	0.316	fixation	n/a	235.9	181.7	2730.0	n/a	n/a	n/a	n/a
161.81	0.0	trigger_13	13	n/a	n/a	n/a	n/a	n/a	n/a	n/a
161.87	0.0	trigger_10	10	n/a	n/a	n/a	n/a	n/a	n/a	n/a
162.049	0.03	saccade	n/a	234.7	179.1	n/a	148.0	176.5	2.98	166.0
162.081	1.018	fixation	n/a	152.9	180.5	2840.0	n/a	n/a	n/a	n/a
163.101	0.026	saccade	n/a	162.6	184.2	n/a	219.1	186.7	1.94	122.0
163.129	0.35	fixation	n/a	215.8	186.7	3362.0	n/a	n/a	n/a	n/a
163.481	0.024	saccade	n/a	218.8	188.9	n/a	277.7	189.6	2.05	125.0
163.507	0.348	fixation	n/a	273.2	191.5	3501.0	n/a	n/a	n/a	n/a
163.857	0.03	saccade	n/a	271.2	192.9	n/a	204.4	190.4	2.32	164.0
163.889	0.232	fixation	n/a	209.1	189.9	3434.0	n/a	n/a	n/a	n/a
164.123	0.03	saccade	n/a	214.4	191.1	n/a	297.3	191.1	2.88	164.0
164.155	0.308	fixation	n/a	294.5	191.5	3413.0	n/a	n/a	n/a	n/a
164.465	0.028	saccade	n/a	298.3	192.4	n/a	377.1	190.0	2.77	164.0
164.495	0.25	fixation	n/a	375.5	190.4	3347.0	n/a	n/a	n/a	n/a
164.747	0.022	saccade	n/a	378.8	192.1	n/a	424.3	190.0	1.61	97.0
164.771	0.274	fixation	n/a	428.3	189.4	3233.0	n/a	n/a	n/a	n/a
165.047	0.026	saccade	n/a	434.7	186.4	n/a	492.9	183.0	2.06	122.0
165.075	0.492	fixation	n/a	478.3	183.2	3092.0	n/a	n/a	n/a	n/a
165.569	0.02	saccade	n/a	470.8	186.2	n/a	509.2	184.1	1.36	90.0
165.591	0.16	fixation	n/a	503.8	184.3	3318.0	n/a	n/a	n/a	n/a
165.753	0.026	saccade	n/a	503.8	183.1	n/a	570.7	182.1	2.36	134.0
165.781	0.302	fixation	n/a	565.5	181.8	3350.0	n/a	n/a	n/a	n/a
166.085	0.018	saccade	n/a	567.6	180.0	n/a	592.9	181.9	0.89	65.0
166.105	0.188	fixation	n/a	591.5	185.4	3317.0	n/a	n/a	n/a	n/a
166.295	0.07	saccade	n/a	592.3	184.2	n/a	152.8	234.5	15.34	352.0
166.367	0.128	fixation	n/a	154.5	234.4	3358.0	n/a	n/a	n/a	n/a
166.497	0.018	saccade	n/a	152.0	233.7	n/a	122.4	243.8	1.06	81.0
166.517	0.732	fixation	n/a	127.9	245.0	3335.0	n/a	n/a	n/a	n/a
167.251	0.026	saccade	n/a	123.5	250.5	n/a	175.9	248.0	1.79	120.0
167.279	0.162	fixation	n/a	170.6	247.3	3429.0	n/a	n/a	n/a	n/a
167.443	0.032	saccade	n/a	172.3	247.9	n/a	255.6	250.2	2.87	177.0
167.477	0.226	fixation	n/a	254.7	248.8	3337.0	n/a	n/a	n/a	n/a
167.705	0.026	saccade	n/a	258.2	248.5	n/a	334.1	245.8	2.65	150.0
167.733	0.152	fixation	n/a	338.5	242.6	3174.0	n/a	n/a	n/a	n/a
167.887	0.026	saccade	n/a	340.9	238.8	n/a	406.3	241.8	2.29	143.0
167.915	0.364	fixation	n/a	403.4	243.2	3168.0	n/a	n/a	n/a	n/a
168.281	0.024	saccade	n/a	405.1	248.1	n/a	451.1	246.3	1.62	96.0
168.307	0.166	fixation	n/a	450.6	244.4	3142.0	n/a	n/a	n/a	n/a
168.475	0.026	saccade	n/a	453.1	247.1	n/a	528.3	242.6	2.66	138.0
168.503	0.236	fixation	n/a	532.1	241.4	3192.0	n/a	n/a	n/a	n/a
168.741	0.018	saccade	n/a	537.5	241.7	n/a	566.4	243.1	1.02	73.0
168.761	0.172	fixation	n/a	566.9	239.6	3035.0	n/a	n/a	n/a	n/a
168.935	0.066	saccade	n/a	569.4	237.6	n/a	144.6	286.5	14.78	355.0
169.003	0.12	fixation	n/a	146.4	289.2	2795.0	n/a	n/a	n/a	n/a
169.125	0.016	saccade	n/a	146.6	292.7	n/a	123.7	298.5	0.8	64.0
169.143	0.204	fixation	n/a	128.2	294.0	2612.0	n/a	n/a	n/a	n/a
169.349	0.034	saccade	n/a	130.5	292.0	n/a	239.0	303.8	3.74	194.0
169.385	0.204	fixation	n/a	241.5	300.9	2454.0	n/a	n/a	n/a	n/a
169.591	0.116	saccade	n/a	239.4	298.9	n/a	327.4	296.0	3.07	2865.0
169.619	0.06	blink	n/a	n/a	n/a	n/a	n/a	n/a	n/a	n/a
169.709	0.054	fixation	n/a	327.9	297.4	2360.0	n/a	n/a	n/a	n/a
169.765	0.184	saccade	n/a	330.5	297.7	n/a	447.1	297.7	4.1	1685.0
169.801	0.114	blink	n/a	n/a	n/a	n/a	n/a	n/a	n/a	n/a
169.951	0.224	fixation	n/a	444.0	287.7	2217.0	n/a	n/a	n/a	n/a
170.177	0.11	saccade	n/a	441.2	284.6	n/a	503.0	295.1	2.22	1820.0
170.289	0.184	fixation	n/a	503.4	288.4	2139.0	n/a	n/a	n/a	n/a
170.475	0.036	saccade	n/a	504.8	284.7	n/a	483.5	163.2	4.41	161.0
170.513	0.13	fixation	n/a	484.7	157.4	2077.0	n/a	n/a	n/a	n/a
170.645	0.374	saccade	n/a	486.2	158.1	n/a	593.6	155.8	3.78	2096.0
170.677	0.308	blink	n/a	n/a	n/a	n/a	n/a	n/a	n/a	n/a
171.021	0.146	fixation	n/a	583.8	150.0	2237.0	n/a	n/a	n/a	n/a
171.169	0.016	saccade	n/a	583.2	149.7	n/a	603.5	157.5	0.76	58.0
171.187	0.132	fixation	n/a	606.0	160.2	2351.0	n/a	n/a	n/a	n/a
171.321	0.064	saccade	n/a	606.9	159.2	n/a	161.0	219.8	15.55	383.0
171.387	0.334	fixation	n/a	154.7	225.1	2440.0	n/a	n/a	n/a	n/a
171.723	0.036	saccade	n/a	152.8	230.8	n/a	281.4	241.3	4.45	223.0
171.761	0.174	fixation	n/a	281.1	246.3	2555.0	n/a	n/a	n/a	n/a
171.937	0.036	saccade	n/a	278.7	249.1	n/a	149.5	244.1	4.47	208.0
171.975	0.072	fixation	n/a	150.8	244.2	2643.0	n/a	n/a	n/a	n/a
172.049	0.024	saccade	n/a	147.0	243.2	n/a	113.4	239.8	1.15	107.0
172.075	0.2	fixation	n/a	118.2	241.2	2703.0	n/a	n/a	n/a	n/a
172.277	0.042	saccade	n/a	122.4	243.3	n/a	305.0	185.6	6.61	279.0
172.321	0.234	fixation	n/a	303.8	180.4	2843.0	n/a	n/a	n/a	n/a
172.557	0.032	saccade	n/a	295.7	180.0	n/a	387.9	184.5	3.24	205.0
172.591	0.172	fixation	n/a	388.5	184.0	2829.0	n/a	n/a	n/a	n/a
172.765	0.03	saccade	n/a	390.7	187.1	n/a	473.7	185.9	2.93	168.0
172.797	0.41	fixation	n/a	472.0	183.6	2923.0	n/a	n/a	n/a	n/a
172.962	0.0	trigger_11	11	n/a	n/a	n/a	n/a	n/a	n/a	n/a
173.028	0.0	trigger_10	10	n/a	n/a	n/a	n/a	n/a	n/a	n/a
173.209	0.054	saccade	n/a	472.4	181.7	n/a	180.1	178.0	10.19	329.0
173.265	0.13	fixation	n/a	182.6	181.4	2992.0	n/a	n/a	n/a	n/a
173.397	0.022	saccade	n/a	179.8	180.7	n/a	142.7	186.4	1.29	104.0
173.421	0.256	fixation	n/a	146.6	186.2	3040.0	n/a	n/a	n/a	n/a
173.679	0.032	saccade	n/a	146.1	183.4	n/a	241.9	187.4	3.29	187.0
173.713	0.194	fixation	n/a	243.4	188.2	3135.0	n/a	n/a	n/a	n/a
173.909	0.034	saccade	n/a	244.7	187.6	n/a	346.4	184.8	3.55	179.0
173.945	0.172	fixation	n/a	344.2	187.3	3176.0	n/a	n/a	n/a	n/a
174.119	0.02	saccade	n/a	342.0	188.6	n/a	306.9	189.4	1.23	91.0
174.141	0.168	fixation	n/a	313.5	189.7	3096.0	n/a	n/a	n/a	n/a
174.311	0.028	saccade	n/a	315.3	191.1	n/a	393.9	191.1	2.77	141.0
174.341	0.234	fixation	n/a	396.5	189.6	3069.0	n/a	n/a	n/a	n/a
174.577	0.022	saccade	n/a	398.7	191.4	n/a	447.8	190.1	1.74	105.0
174.601	0.162	fixation	n/a	453.8	187.2	3023.0	n/a	n/a	n/a	n/a
174.765	0.024	saccade	n/a	457.2	182.7	n/a	511.3	182.3	1.91	122.0
174.791	0.15	fixation	n/a	510.0	182.4	3045.0	n/a	n/a	n/a	n/a
174.943	0.06	saccade	n/a	509.4	182.1	n/a	160.4	238.0	12.3	354.0
175.005	0.274	fixation	n/a	161.5	241.9	3125.0	n/a	n/a	n/a	n/a
175.281	0.038	saccade	n/a	161.4	244.4	n/a	293.6	247.1	4.58	249.0
175.321	0.176	fixation	n/a	295.5	247.2	3137.0	n/a	n/a	n/a	n/a
175.499	0.026	saccade	n/a	294.9	247.2	n/a	244.7	250.0	1.75	119.0
175.527	0.24	fixation	n/a	246.6	250.8	3152.0	n/a	n/a	n/a	n/a
175.769	0.038	saccade	n/a	246.5	252.7	n/a	365.7	246.9	4.18	207.0
175.809	0.48	fixation	n/a	368.1	245.2	3251.0	n/a	n/a	n/a	n/a
176.291	0.032	saccade	n/a	370.9	245.3	n/a	460.7	244.4	3.17	170.0
176.325	0.214	fixation	n/a	459.8	244.5	3316.0	n/a	n/a	n/a	n/a
176.541	0.026	saccade	n/a	463.5	243.9	n/a	524.7	241.9	2.16	134.0
176.569	0.172	fixation	n/a	522.9	242.0	3217.0	n/a	n/a	n/a	n/a
176.743	0.05	saccade	n/a	526.0	238.6	n/a	276.6	187.9	8.92	299.0
176.795	0.232	fixation	n/a	275.5	187.5	3142.0	n/a	n/a	n/a	n/a
177.029	0.16	saccade	n/a	276.2	191.5	n/a	540.8	256.5	9.57	2012.0
177.079	0.058	blink	n/a	n/a	n/a	n/a	n/a	n/a	n/a	n/a
177.191	0.338	fixation	n/a	538.0	248.0	3095.0	n/a	n/a	n/a	n/a
177.306	0.0	trigger_11	11	n/a	n/a	n/a	n/a	n/a	n/a	n/a
177.368	0.0	trigger_10	10	n/a	n/a	n/a	n/a	n/a	n/a	n/a
177.531	0.064	saccade	n/a	542.3	249.2	n/a	211.6	188.3	11.75	307.0
177.597	0.092	fixation	n/a	214.0	188.6	2958.0	n/a	n/a	n/a	n/a
177.691	0.03	saccade	n/a	214.4	187.7	n/a	155.7	180.1	2.03	153.0
177.723	0.218	fixation	n/a	157.2	180.8	2893.0	n/a	n/a	n/a	n/a
177.943	0.04	saccade	n/a	158.8	180.6	n/a	288.9	185.7	4.51	191.0
177.985	0.172	fixation	n/a	288.4	183.8	2958.0	n/a	n/a	n/a	n/a
178.159	0.032	saccade	n/a	289.8	184.3	n/a	385.1	183.2	3.35	181.0
178.193	0.14	fixation	n/a	384.7	181.7	2979.0	n/a	n/a	n/a	n/a
178.335	0.032	saccade	n/a	383.8	180.4	n/a	289.2	179.3	3.32	195.0
178.369	0.18	fixation	n/a	291.8	181.5	3008.0	n/a	n/a	n/a	n/a
178.551	0.034	saccade	n/a	291.5	182.9	n/a	403.4	185.0	3.93	216.0
178.587	0.126	fixation	n/a	401.9	185.2	3053.0	n/a	n/a	n/a	n/a
178.715	0.028	saccade	n/a	400.5	185.7	n/a	340.1	185.1	2.13	165.0
178.745	0.202	fixation	n/a	340.0	185.8	3131.0	n/a	n/a	n/a	n/a
178.949	0.03	saccade	n/a	341.5	185.0	n/a	450.9	183.3	3.86	182.0
178.981	0.472	fixation	n/a	451.9	180.8	3130.0	n/a	n/a	n/a	n/a
179.455	0.032	saccade	n/a	450.1	180.2	n/a	531.3	180.5	2.87	154.0
179.489	0.214	fixation	n/a	528.5	177.3	3056.0	n/a	n/a	n/a	n/a
179.705	0.05	saccade	n/a	536.2	173.4	n/a	309.7	175.3	7.98	264.0
179.757	0.14	fixation	n/a	308.2	175.9	3040.0	n/a	n/a	n/a	n/a
179.899	0.028	saccade	n/a	308.3	177.7	n/a	255.7	179.4	1.84	143.0
179.929	0.1	fixation	n/a	257.4	179.6	2994.0	n/a	n/a	n/a	n/a
180.031	0.052	saccade	n/a	257.3	180.6	n/a	516.8	169.5	9.11	316.0
180.085	0.162	fixation	n/a	520.9	167.7	3049.0	n/a	n/a	n/a	n/a
180.249	0.018	saccade	n/a	524.5	166.6	n/a	554.9	168.8	1.07	75.0
180.269	0.182	fixation	n/a	554.1	169.4	3079.0	n/a	n/a	n/a	n/a
180.453	0.064	saccade	n/a	557.1	169.7	n/a	154.6	234.7	14.14	367.0
180.519	0.14	fixation	n/a	158.6	239.6	3008.0	n/a	n/a	n/a	n/a
180.661	0.018	saccade	n/a	159.5	244.3	n/a	130.7	245.2	0.98	79.0
180.681	0.158	fixation	n/a	136.4	243.7	3021.0	n/a	n/a	n/a	n/a
180.841	0.036	saccade	n/a	136.1	244.9	n/a	256.8	245.5	4.15	222.0
180.879	0.246	fixation	n/a	257.6	243.5	3077.0	n/a	n/a	n/a	n/a
181.127	0.036	saccade	n/a	257.8	242.6	n/a	382.0	242.4	4.36	221.0
181.165	0.206	fixation	n/a	382.4	242.9	3134.0	n/a	n/a	n/a	n/a
181.373	0.026	saccade	n/a	384.3	244.5	n/a	443.3	244.0	2.08	116.0
181.401	0.116	fixation	n/a	443.8	241.9	3144.0	n/a	n/a	n/a	n/a
181.519	0.024	saccade	n/a	447.4	243.0	n/a	511.7	240.6	2.27	128.0
181.545	0.156	fixation	n/a	520.7	240.6	3103.0	n/a	n/a	n/a	n/a
181.703	0.034	saccade	n/a	521.4	240.4	n/a	622.5	239.7	3.56	200.0
181.739	0.142	fixation	n/a	621.8	238.0	3043.0	n/a	n/a	n/a	n/a
181.883	0.066	saccade	n/a	622.5	236.8	n/a	173.8	302.5	15.7	375.0
181.951	0.126	fixation	n/a	176.0	304.9	3033.0	n/a	n/a	n/a	n/a
182.079	0.026	saccade	n/a	175.5	306.0	n/a	132.7	308.1	1.47	114.0
182.107	0.114	fixation	n/a	135.9	307.2	3033.0	n/a	n/a	n/a	n/a
182.223	0.046	saccade	n/a	136.6	304.9	n/a	341.5	302.6	7.08	279.0
182.271	0.22	fixation	n/a	341.4	296.9	3070.0	n/a	n/a	n/a	n/a
182.493	0.026	saccade	n/a	338.7	295.5	n/a	283.9	296.0	1.91	147.0
182.521	0.136	fixation	n/a	286.2	295.5	3057.0	n/a	n/a	n/a	n/a
182.659	0.046	saccade	n/a	288.0	297.2	n/a	497.8	298.6	7.35	284.0
182.707	0.182	fixation	n/a	502.7	299.4	3004.0	n/a	n/a	n/a	n/a
182.891	0.024	saccade	n/a	502.3	302.6	n/a	461.2	300.6	1.45	109.0
182.917	0.212	fixation	n/a	463.4	296.4	3032.0	n/a	n/a	n/a	n/a
183.131	0.032	saccade	n/a	463.6	295.7	n/a	562.8	295.7	3.49	170.0
183.165	0.104	fixation	n/a	563.4	295.2	2972.0	n/a	n/a	n/a	n/a
183.271	0.028	saccade	n/a	564.8	295.7	n/a	522.7	222.4	3.01	179.0
183.301	0.126	fixation	n/a	520.3	222.6	2953.0	n/a	n/a	n/a	n/a
183.429	0.024	saccade	n/a	519.5	219.6	n/a	497.6	176.5	1.73	117.0
183.455	0.176	fixation	n/a	498.6	179.4	2989.0	n/a	n/a	n/a	n/a
183.633	0.032	saccade	n/a	494.1	180.9	n/a	407.8	182.4	3.05	185.0
183.667	0.174	fixation	n/a	407.5	182.7	3086.0	n/a	n/a	n/a	n/a
183.843	0.032	saccade	n/a	407.1	184.1	n/a	312.5	182.8	3.32	215.0
183.877	0.146	fixation	n/a	313.6	184.8	3139.0	n/a	n/a	n/a	n/a
184.025	0.026	saccade	n/a	310.8	185.7	n/a	255.3	188.8	1.94	138.0
184.053	0.154	fixation	n/a	256.1	188.8	3236.0	n/a	n/a	n/a	n/a
184.209	0.03	saccade	n/a	253.1	190.9	n/a	182.4	187.2	2.45	160.0
184.241	0.34	fixation	n/a	182.4	187.6	3239.0	n/a	n/a	n/a	n/a
184.583	0.03	saccade	n/a	181.3	185.8	n/a	257.2	186.0	2.62	161.0
184.615	0.196	fixation	n/a	257.6	185.9	3264.0	n/a	n/a	n/a	n/a
184.813	0.074	saccade	n/a	260.7	187.4	n/a	427.4	548.4	13.86	270.0
184.889	0.174	fixation	n/a	431.8	544.4	3340.0	n/a	n/a	n/a	n/a
185.065	0.018	saccade	n/a	429.1	542.3	n/a	408.5	531.2	0.81	58.0
185.085	0.162	fixation	n/a	415.5	531.5	3234.0	n/a	n/a	n/a	n/a
185.249	0.018	saccade	n/a	421.4	533.5	n/a	446.0	530.5	0.86	57.0
185.269	0.144	fixation	n/a	448.7	529.2	2993.0	n/a	n/a	n/a	n/a
185.415	0.064	saccade	n/a	448.4	527.7	n/a	391.1	175.6	12.54	309.0
185.481	0.182	fixation	n/a	390.7	182.2	2829.0	n/a	n/a	n/a	n/a
185.665	0.026	saccade	n/a	390.8	188.5	n/a	330.8	189.7	2.12	135.0
185.693	0.084	fixation	n/a	329.6	190.4	2817.0	n/a	n/a	n/a	n/a
185.779	0.024	saccade	n/a	326.5	190.7	n/a	281.9	182.3	1.59	122.0
185.805	0.294	fixation	n/a	282.5	183.3	3015.0	n/a	n/a	n/a	n/a
186.101	0.03	saccade	n/a	285.4	186.5	n/a	375.1	187.3	3.15	167.0
186.133	0.134	fixation	n/a	373.5	187.6	3235.0	n/a	n/a	n/a	n/a
186.269	0.022	saccade	n/a	376.5	186.7	n/a	421.1	181.4	1.58	98.0
186.293	0.15	fixation	n/a	420.9	183.5	3305.0	n/a	n/a	n/a	n/a
186.445	0.024	saccade	n/a	422.1	183.5	n/a	479.5	181.2	2.03	120.0
186.471	0.24	fixation	n/a	477.0	181.8	3385.0	n/a	n/a	n/a	n/a
186.713	0.03	saccade	n/a	477.0	184.1	n/a	550.0	180.4	2.59	151.0
186.745	0.21	fixation	n/a	546.1	180.9	3480.0	n/a	n/a	n/a	n/a
186.957	0.062	saccade	n/a	546.1	181.3	n/a	162.7	249.0	13.57	368.0
187.021	0.144	fixation	n/a	162.7	253.5	3515.0	n/a	n/a	n/a	n/a
187.167	0.02	saccade	n/a	161.7	254.6	n/a	129.4	256.8	1.11	87.0
187.189	0.18	fixation	n/a	134.8	254.3	3549.0	n/a	n/a	n/a	n/a
187.371	0.026	saccade	n/a	135.8	251.5	n/a	205.7	253.1	2.4	141.0
187.399	0.206	fixation	n/a	206.1	253.3	3548.0	n/a	n/a	n/a	n/a
187.607	0.032	saccade	n/a	209.4	252.9	n/a	293.6	251.4	2.94	160.0
187.641	0.146	fixation	n/a	289.2	249.4	3543.0	n/a	n/a	n/a	n/a
187.789	0.028	saccade	n/a	293.1	250.4	n/a	371.1	247.4	2.75	151.0
187.819	0.182	fixation	n/a	366.8	246.9	3528.0	n/a	n/a	n/a	n/a
188.003	0.022	saccade	n/a	370.2	248.2	n/a	416.5	248.4	1.64	101.0
188.027	0.188	fixation	n/a	422.3	250.7	3396.0	n/a	n/a	n/a	n/a
188.217	0.028	saccade	n/a	428.7	251.3	n/a	508.7	248.9	2.84	146.0
188.247	0.182	fixation	n/a	508.1	248.6	3251.0	n/a	n/a	n/a	n/a
188.431	0.022	saccade	n/a	510.5	246.6	n/a	559.4	249.8	1.73	108.0
188.455	0.128	fixation	n/a	558.9	248.2	3188.0	n/a	n/a	n/a	n/a
188.585	0.028	saccade	n/a	561.0	249.9	n/a	619.8	245.3	2.08	123.0
188.615	0.084	fixation	n/a	615.9	244.6	3081.0	n/a	n/a	n/a	n/a
188.701	0.068	saccade	n/a	616.3	243.7	n/a	160.8	304.3	15.96	380.0
188.771	0.23	fixation	n/a	163.5	305.2	2989.0	n/a	n/a	n/a	n/a
189.003	0.03	saccade	n/a	169.0	306.5	n/a	253.1	312.8	2.92	159.0
189.035	0.21	fixation	n/a	252.4	309.3	2922.0	n/a	n/a	n/a	n/a
189.247	0.03	saccade	n/a	255.5	305.5	n/a	350.5	306.9	3.33	178.0
189.279	0.408	fixation	n/a	353.4	310.6	2888.0	n/a	n/a	n/a	n/a
189.689	0.028	saccade	n/a	357.3	308.7	n/a	438.9	309.1	2.89	138.0
189.719	0.154	fixation	n/a	445.0	308.6	2861.0	n/a	n/a	n/a	n/a
189.875	0.026	saccade	n/a	447.2	307.9	n/a	516.2	302.6	2.45	124.0
189.903	0.16	fixation	n/a	522.9	301.1	2854.0	n/a	n/a	n/a	n/a
190.065	0.024	saccade	n/a	523.2	302.3	n/a	572.3	302.6	1.74	96.0
190.091	0.174	fixation	n/a	573.4	300.6	2814.0	n/a	n/a	n/a	n/a
190.267	0.022	saccade	n/a	578.4	302.1	n/a	618.8	302.9	1.42	82.0
190.291	0.178	fixation	n/a	621.5	300.5	2829.0	n/a	n/a	n/a	n/a
190.471	0.068	saccade	n/a	621.5	301.5	n/a	152.8	362.5	16.33	380.0
190.541	0.16	fixation	n/a	155.8	364.5	2901.0	n/a	n/a	n/a	n/a
190.703	0.024	saccade	n/a	154.1	364.0	n/a	108.8	364.6	1.54	114.0
190.729	0.306	fixation	n/a	112.8	362.5	2842.0	n/a	n/a	n/a	n/a
191.037	0.226	saccade	n/a	119.6	361.2	n/a	361.3	501.1	9.62	636.0
191.071	0.078	blink	n/a	n/a	n/a	n/a	n/a	n/a	n/a	n/a
191.265	0.092	fixation	n/a	361.4	498.9	2874.0	n/a	n/a	n/a	n/a
191.359	0.02	saccade	n/a	363.0	498.4	n/a	390.0	518.5	1.17	78.0
191.381	0.288	fixation	n/a	392.4	523.0	2891.0	n/a	n/a	n/a	n/a
191.42	0.0	trigger_11	11	n/a	n/a	n/a	n/a	n/a	n/a	n/a
191.484	0.0	trigger_10	10	n/a	n/a	n/a	n/a	n/a	n/a	n/a
191.671	0.062	saccade	n/a	397.7	523.6	n/a	298.0	187.9	12.32	310.0
191.735	0.074	fixation	n/a	300.2	190.6	2765.0	n/a	n/a	n/a	n/a
191.811	0.034	saccade	n/a	300.8	195.1	n/a	180.7	179.1	4.22	230.0
191.847	0.206	fixation	n/a	178.1	179.0	2685.0	n/a	n/a	n/a	n/a
192.055	0.024	saccade	n/a	174.9	177.0	n/a	129.8	181.9	1.55	109.0
192.081	0.17	fixation	n/a	134.0	182.2	2783.0	n/a	n/a	n/a	n/a
192.253	0.04	saccade	n/a	135.2	180.1	n/a	278.5	187.8	4.97	210.0
192.295	0.152	fixation	n/a	277.5	185.2	2959.0	n/a	n/a	n/a	n/a
192.449	0.028	saccade	n/a	278.7	182.3	n/a	352.2	186.5	2.59	156.0
192.479	0.146	fixation	n/a	352.2	185.8	3007.0	n/a	n/a	n/a	n/a
192.627	0.03	saccade	n/a	353.8	186.0	n/a	427.5	186.6	2.61	157.0
192.659	0.188	fixation	n/a	423.7	187.6	3119.0	n/a	n/a	n/a	n/a
192.849	0.024	saccade	n/a	423.8	187.6	n/a	484.1	183.0	2.14	127.0
192.875	0.158	fixation	n/a	484.1	183.0	3187.0	n/a	n/a	n/a	n/a
193.035	0.026	saccade	n/a	486.5	184.5	n/a	559.8	181.2	2.6	139.0
193.063	0.23	fixation	n/a	561.4	185.4	3231.0	n/a	n/a	n/a	n/a
193.295	0.016	saccade	n/a	565.1	186.8	n/a	584.5	187.8	0.69	51.0
193.313	0.134	fixation	n/a	584.1	188.5	3263.0	n/a	n/a	n/a	n/a
193.449	0.066	saccade	n/a	584.7	187.7	n/a	151.4	244.5	15.23	374.0
193.517	0.262	fixation	n/a	153.3	248.6	3251.0	n/a	n/a	n/a	n/a
193.781	0.034	saccade	n/a	155.5	250.7	n/a	265.0	250.9	3.8	222.0
193.817	0.264	fixation	n/a	262.8	251.0	3267.0	n/a	n/a	n/a	n/a
194.083	0.03	saccade	n/a	264.2	249.3	n/a	345.9	249.8	2.87	175.0
194.115	0.424	fixation	n/a	341.4	250.1	3290.0	n/a	n/a	n/a	n/a
194.541	0.03	saccade	n/a	337.9	250.5	n/a	282.3	246.6	1.96	147.0
194.573	0.38	fixation	n/a	284.1	246.5	3334.0	n/a	n/a	n/a	n/a
194.955	0.028	saccade	n/a	283.9	246.0	n/a	348.2	243.9	2.27	138.0
194.985	0.25	fixation	n/a	342.7	243.4	3495.0	n/a	n/a	n/a	n/a
195.237	0.146	saccade	n/a	342.5	246.3	n/a	415.7	253.9	2.61	1957.0
195.267	0.07	blink	n/a	n/a	n/a	n/a	n/a	n/a	n/a	n/a
195.385	0.284	fixation	n/a	418.9	247.4	3355.0	n/a	n/a	n/a	n/a
195.671	0.018	saccade	n/a	425.7	246.9	n/a	453.5	247.6	0.99	72.0
195.691	0.322	fixation	n/a	453.6	248.7	3105.0	n/a	n/a	n/a	n/a
196.015	0.028	saccade	n/a	452.4	247.2	n/a	381.2	250.9	2.53	143.0
196.045	0.148	fixation	n/a	381.5	249.5	3046.0	n/a	n/a	n/a	n/a
196.195	0.024	saccade	n/a	380.2	249.0	n/a	329.0	246.2	1.82	122.0
196.221	0.208	fixation	n/a	331.0	246.2	3091.0	n/a	n/a	n/a	n/a
196.431	0.026	saccade	n/a	328.7	243.6	n/a	275.2	248.7	1.89	129.0
196.459	0.112	fixation	n/a	276.8	248.3	3139.0	n/a	n/a	n/a	n/a
196.573	0.038	saccade	n/a	276.4	247.0	n/a	426.4	239.4	5.28	251.0
196.613	0.636	fixation	n/a	422.9	245.6	3268.0	n/a	n/a	n/a	n/a
197.251	0.038	saccade	n/a	419.8	246.7	n/a	293.9	249.2	4.44	206.0
197.291	0.126	fixation	n/a	296.3	251.6	3297.0	n/a	n/a	n/a	n/a
197.419	0.028	saccade	n/a	296.5	255.4	n/a	241.4	254.5	1.93	146.0
197.449	0.228	fixation	n/a	242.0	255.2	3258.0	n/a	n/a	n/a	n/a
197.679	0.04	saccade	n/a	243.4	255.4	n/a	387.8	252.9	5.09	226.0
197.721	0.196	fixation	n/a	389.6	251.7	3226.0	n/a	n/a	n/a	n/a
197.919	0.148	saccade	n/a	396.4	254.0	n/a	457.7	252.5	2.17	1921.0
197.949	0.076	blink	n/a	n/a	n/a	n/a	n/a	n/a	n/a	n/a
198.069	0.268	fixation	n/a	459.7	244.5	3043.0	n/a	n/a	n/a	n/a
198.339	0.026	saccade	n/a	460.9	244.5	n/a	411.5	244.5	1.75	117.0
198.367	0.136	fixation	n/a	416.3	243.8	3044.0	n/a	n/a	n/a	n/a
198.505	0.04	saccade	n/a	416.4	241.7	n/a	277.9	185.7	5.28	236.0
198.547	0.246	fixation	n/a	280.6	183.4	2972.0	n/a	n/a	n/a	n/a
198.572	0.0	trigger_11	11	n/a	n/a	n/a	n/a	n/a	n/a	n/a
198.632	0.0	trigger_12	12	n/a	n/a	n/a	n/a	n/a	n/a	n/a
198.795	0.038	saccade	n/a	278.1	178.8	n/a	152.4	179.8	4.36	224.0
198.835	0.094	fixation	n/a	154.0	182.6	2962.0	n/a	n/a	n/a	n/a
198.931	0.024	saccade	n/a	153.4	184.6	n/a	117.1	186.8	1.25	93.0
198.957	0.236	fixation	n/a	118.1	182.5	3037.0	n/a	n/a	n/a	n/a
199.195	0.03	saccade	n/a	118.7	182.1	n/a	205.2	188.2	2.98	172.0
199.227	0.252	fixation	n/a	206.7	188.2	3068.0	n/a	n/a	n/a	n/a
199.481	0.026	saccade	n/a	210.5	189.7	n/a	280.9	193.8	2.47	143.0
199.509	0.234	fixation	n/a	279.8	191.2	3086.0	n/a	n/a	n/a	n/a
199.745	0.024	saccade	n/a	281.2	191.2	n/a	338.9	192.5	2.04	128.0
199.771	0.44	fixation	n/a	336.3	193.7	3154.0	n/a	n/a	n/a	n/a
200.213	0.032	saccade	n/a	335.7	195.0	n/a	425.9	188.3	3.2	170.0
200.247	0.214	fixation	n/a	425.0	187.8	3166.0	n/a	n/a	n/a	n/a
200.463	0.026	saccade	n/a	428.7	189.6	n/a	490.4	185.9	2.2	126.0
200.491	0.168	fixation	n/a	485.6	184.6	3225.0	n/a	n/a	n/a	n/a
200.661	0.03	saccade	n/a	487.3	182.1	n/a	569.9	179.3	2.93	155.0
200.693	0.162	fixation	n/a	567.7	179.9	3201.0	n/a	n/a	n/a	n/a
200.857	0.026	saccade	n/a	572.1	179.0	n/a	615.8	177.3	1.54	108.0
200.885	0.07	fixation	n/a	611.7	175.5	3135.0	n/a	n/a	n/a	n/a
200.957	0.07	saccade	n/a	611.8	175.8	n/a	136.7	246.6	16.69	370.0
201.029	0.266	fixation	n/a	140.9	252.6	3126.0	n/a	n/a	n/a	n/a
201.297	0.032	saccade	n/a	142.4	252.6	n/a	232.1	250.3	3.1	179.0
201.331	0.198	fixation	n/a	229.6	248.1	3133.0	n/a	n/a	n/a	n/a
201.531	0.034	saccade	n/a	231.1	246.9	n/a	345.8	248.7	4.03	196.0
201.567	0.238	fixation	n/a	345.5	247.8	3091.0	n/a	n/a	n/a	n/a
201.807	0.026	saccade	n/a	348.9	247.3	n/a	416.2	247.4	2.38	127.0
201.835	0.182	fixation	n/a	417.7	247.9	3058.0	n/a	n/a	n/a	n/a
202.019	0.026	saccade	n/a	420.8	248.1	n/a	479.1	245.0	2.08	126.0
202.047	0.27	fixation	n/a	476.3	244.7	3069.0	n/a	n/a	n/a	n/a
202.319	0.028	saccade	n/a	477.7	243.2	n/a	554.7	239.7	2.74	142.0
202.349	0.634	fixation	n/a	564.4	242.8	2983.0	n/a	n/a	n/a	n/a
202.948	0.0	trigger_13	13	n/a	n/a	n/a	n/a	n/a	n/a	n/a
202.985	0.038	saccade	n/a	577.4	244.2	n/a	443.5	210.3	4.9	203.0
203.012	0.0	trigger_10	10	n/a	n/a	n/a	n/a	n/a	n/a	n/a
203.025	0.194	fixation	n/a	445.3	209.6	2915.0	n/a	n/a	n/a	n/a
203.221	0.05	saccade	n/a	446.1	210.4	n/a	187.7	181.8	9.12	302.0
203.273	0.082	fixation	n/a	190.4	183.3	2858.0	n/a	n/a	n/a	n/a
203.357	0.022	saccade	n/a	190.3	187.2	n/a	152.1	189.1	1.32	107.0
203.381	0.234	fixation	n/a	156.4	189.0	2805.0	n/a	n/a	n/a	n/a
203.617	0.036	saccade	n/a	155.4	188.3	n/a	272.9	188.3	4.09	202.0
203.655	0.234	fixation	n/a	271.7	186.8	2781.0	n/a	n/a	n/a	n/a
203.891	0.032	saccade	n/a	272.0	187.9	n/a	372.1	188.0	3.54	169.0
203.925	0.254	fixation	n/a	372.9	185.3	2749.0	n/a	n/a	n/a	n/a
204.181	0.032	saccade	n/a	372.9	183.9	n/a	457.0	186.5	2.99	148.0
204.215	0.246	fixation	n/a	455.4	184.4	2740.0	n/a	n/a	n/a	n/a
204.463	0.028	saccade	n/a	455.3	183.9	n/a	389.8	179.0	2.34	151.0
204.493	0.218	fixation	n/a	391.2	179.8	2788.0	n/a	n/a	n/a	n/a
204.713	0.014	saccade	n/a	385.5	180.3	n/a	368.5	179.8	0.6	50.0
204.729	0.094	fixation	n/a	368.2	180.7	2925.0	n/a	n/a	n/a	n/a
204.825	0.03	saccade	n/a	368.6	179.4	n/a	448.8	179.4	2.84	159.0
204.857	0.266	fixation	n/a	447.3	182.5	3016.0	n/a	n/a	n/a	n/a
205.125	0.036	saccade	n/a	448.1	183.6	n/a	560.9	179.8	4.0	178.0
205.163	0.186	fixation	n/a	559.5	179.3	3029.0	n/a	n/a	n/a	n/a
205.351	0.018	saccade	n/a	559.1	179.4	n/a	534.3	177.3	0.88	65.0
205.371	0.108	fixation	n/a	537.3	177.6	3010.0	n/a	n/a	n/a	n/a
205.481	0.066	saccade	n/a	537.6	178.3	n/a	149.0	233.9	13.68	339.0
205.549	0.124	fixation	n/a	151.1	236.1	3026.0	n/a	n/a	n/a	n/a
205.675	0.024	saccade	n/a	150.4	237.7	n/a	112.8	241.3	1.29	109.0
205.701	0.202	fixation	n/a	120.8	241.7	2991.0	n/a	n/a	n/a	n/a
205.905	0.028	saccade	n/a	123.3	240.4	n/a	205.1	244.1	2.81	126.0
205.935	0.046	fixation	n/a	227.2	244.7	2975.0	n/a	n/a	n/a	n/a
205.983	0.038	saccade	n/a	230.4	244.9	n/a	365.4	248.2	4.74	267.0
206.023	0.23	fixation	n/a	375.5	251.4	2983.0	n/a	n/a	n/a	n/a
206.255	0.036	saccade	n/a	385.5	250.4	n/a	254.6	243.8	4.62	248.0
206.293	0.198	fixation	n/a	253.4	245.5	3020.0	n/a	n/a	n/a	n/a
206.493	0.028	saccade	n/a	254.4	246.7	n/a	331.1	245.1	2.7	156.0
206.523	0.15	fixation	n/a	331.0	244.9	3082.0	n/a	n/a	n/a	n/a
206.675	0.026	saccade	n/a	332.8	245.1	n/a	412.5	246.8	2.82	151.0
206.703	0.268	fixation	n/a	415.4	245.8	3148.0	n/a	n/a	n/a	n/a
206.973	0.028	saccade	n/a	416.2	246.3	n/a	487.2	247.0	2.52	151.0
207.003	0.424	fixation	n/a	484.0	246.8	3161.0	n/a	n/a	n/a	n/a
207.182	0.0	trigger_11	11	n/a	n/a	n/a	n/a	n/a	n/a	n/a
207.242	0.0	trigger_10	10	n/a	n/a	n/a	n/a	n/a	n/a	n/a
207.429	0.046	saccade	n/a	485.2	246.6	n/a	261.9	208.2	7.98	310.0
207.477	0.294	fixation	n/a	260.6	210.4	3179.0	n/a	n/a	n/a	n/a
207.773	0.202	saccade	n/a	260.9	209.2	n/a	268.3	204.0	0.32	884.0
207.843	0.076	blink	n/a	n/a	n/a	n/a	n/a	n/a	n/a	n/a
207.977	0.118	fixation	n/a	271.5	205.8	3378.0	n/a	n/a	n/a	n/a
208.097	0.144	saccade	n/a	277.5	206.8	n/a	190.7	185.6	3.12	870.0
208.135	0.042	blink	n/a	n/a	n/a	n/a	n/a	n/a	n/a	n/a
208.243	0.132	fixation	n/a	187.7	190.2	3409.0	n/a	n/a	n/a	n/a
208.377	0.024	saccade	n/a	185.7	196.2	n/a	142.0	197.1	1.5	111.0
208.403	0.398	fixation	n/a	149.7	192.6	3479.0	n/a	n/a	n/a	n/a
208.803	0.022	saccade	n/a	149.9	190.2	n/a	110.6	185.6	1.35	93.0
208.827	0.256	fixation	n/a	120.0	186.4	3324.0	n/a	n/a	n/a	n/a
209.085	0.02	saccade	n/a	122.4	185.9	n/a	157.8	190.7	1.22	86.0
209.107	0.214	fixation	n/a	155.6	190.9	3225.0	n/a	n/a	n/a	n/a
209.323	0.022	saccade	n/a	157.1	193.6	n/a	203.0	197.3	1.59	102.0
209.347	0.246	fixation	n/a	197.9	195.7	3397.0	n/a	n/a	n/a	n/a
209.595	0.092	saccade	n/a	205.5	193.1	n/a	265.0	199.8	2.09	1727.0
209.629	0.006	blink	n/a	n/a	n/a	n/a	n/a	n/a	n/a	n/a
209.689	0.464	fixation	n/a	260.4	196.3	3527.0	n/a	n/a	n/a	n/a
210.155	0.032	saccade	n/a	249.7	200.9	n/a	149.8	199.2	3.46	190.0
210.189	0.252	fixation	n/a	153.7	197.1	3263.0	n/a	n/a	n/a	n/a
210.443	0.02	saccade	n/a	158.3	194.7	n/a	190.7	195.0	1.12	73.0
210.465	0.202	fixation	n/a	190.5	197.3	3213.0	n/a	n/a	n/a	n/a
210.669	0.026	saccade	n/a	193.4	197.3	n/a	251.5	199.1	2.03	124.0
210.697	0.238	fixation	n/a	243.4	197.2	3376.0	n/a	n/a	n/a	n/a
210.937	0.028	saccade	n/a	243.2	197.0	n/a	317.4	199.1	2.61	155.0
210.967	0.172	fixation	n/a	310.8	195.0	3491.0	n/a	n/a	n/a	n/a
211.141	0.03	saccade	n/a	312.3	194.4	n/a	391.3	194.1	2.8	166.0
211.173	0.194	fixation	n/a	386.4	192.9	3542.0	n/a	n/a	n/a	n/a
211.369	0.02	saccade	n/a	385.7	193.9	n/a	351.5	192.7	1.21	91.0
211.391	0.148	fixation	n/a	359.5	191.2	3496.0	n/a	n/a	n/a	n/a
211.541	0.03	saccade	n/a	360.3	187.3	n/a	447.1	186.9	3.07	169.0
211.573	0.378	fixation	n/a	445.9	187.6	3416.0	n/a	n/a	n/a	n/a
211.953	0.022	saccade	n/a	450.8	188.0	n/a	495.9	183.5	1.61	100.0
211.977	0.222	fixation	n/a	504.0	182.6	3148.0	n/a	n/a	n/a	n/a
212.201	0.016	saccade	n/a	502.5	184.1	n/a	479.0	186.6	0.84	65.0
212.219	0.204	fixation	n/a	481.3	187.3	3019.0	n/a	n/a	n/a	n/a
212.425	0.028	saccade	n/a	482.3	186.8	n/a	543.6	182.9	2.18	132.0
212.455	0.326	fixation	n/a	538.9	186.8	3098.0	n/a	n/a	n/a	n/a
212.783	0.028	saccade	n/a	537.6	186.5	n/a	599.0	187.1	2.17	130.0
212.813	0.316	fixation	n/a	594.0	185.7	3183.0	n/a	n/a	n/a	n/a
213.131	0.07	saccade	n/a	592.7	186.0	n/a	171.8	254.7	14.89	336.0
213.203	0.118	fixation	n/a	173.1	255.9	3398.0	n/a	n/a	n/a	n/a
213.323	0.028	saccade	n/a	171.9	256.0	n/a	129.2	256.3	1.46	131.0
213.353	0.166	fixation	n/a	132.3	256.1	3417.0	n/a	n/a	n/a	n/a
213.521	0.154	saccade	n/a	137.1	257.3	n/a	206.1	276.0	2.47	1678.0
213.557	0.07	blink	n/a	n/a	n/a	n/a	n/a	n/a	n/a	n/a
213.677	0.242	fixation	n/a	210.3	261.8	3190.0	n/a	n/a	n/a	n/a
213.921	0.032	saccade	n/a	217.9	257.9	n/a	138.9	261.0	2.73	164.0
213.955	0.114	fixation	n/a	142.4	261.0	3145.0	n/a	n/a	n/a	n/a
214.071	0.024	saccade	n/a	141.5	254.9	n/a	156.7	193.3	2.24	132.0
214.097	0.328	fixation	n/a	161.9	191.8	2899.0	n/a	n/a	n/a	n/a
214.427	0.026	saccade	n/a	165.0	190.0	n/a	221.2	182.8	1.96	100.0
214.455	0.218	fixation	n/a	232.1	177.8	2696.0	n/a	n/a	n/a	n/a
214.675	0.016	saccade	n/a	228.4	178.1	n/a	205.3	179.7	0.81	60.0
214.693	0.116	fixation	n/a	205.8	180.2	2578.0	n/a	n/a	n/a	n/a
214.811	0.022	saccade	n/a	204.1	181.0	n/a	157.5	182.7	1.61	103.0
214.835	0.268	fixation	n/a	162.0	186.3	2539.0	n/a	n/a	n/a	n/a
215.105	0.026	saccade	n/a	163.5	187.9	n/a	230.0	185.7	2.31	128.0
215.133	0.344	fixation	n/a	232.2	185.8	2547.0	n/a	n/a	n/a	n/a
215.479	0.026	saccade	n/a	231.5	184.3	n/a	294.7	180.7	2.21	127.0
215.507	0.24	fixation	n/a	300.3	181.5	2556.0	n/a	n/a	n/a	n/a
215.749	0.024	saccade	n/a	303.1	182.1	n/a	350.3	182.7	1.67	92.0
215.775	0.25	fixation	n/a	351.5	186.3	2736.0	n/a	n/a	n/a	n/a
216.027	0.024	saccade	n/a	346.8	188.0	n/a	300.4	188.3	1.64	113.0
216.053	0.094	fixation	n/a	305.4	190.9	2927.0	n/a	n/a	n/a	n/a
216.149	0.032	saccade	n/a	305.1	190.5	n/a	395.8	189.3	3.21	174.0
216.183	0.226	fixation	n/a	393.4	189.6	2994.0	n/a	n/a	n/a	n/a
216.411	0.024	saccade	n/a	395.0	192.2	n/a	453.4	192.4	2.07	118.0
216.437	0.37	fixation	n/a	448.8	190.7	3161.0	n/a	n/a	n/a	n/a
216.809	0.02	saccade	n/a	448.8	188.5	n/a	479.8	188.2	1.1	74.0
216.831	0.198	fixation	n/a	480.7	185.3	3162.0	n/a	n/a	n/a	n/a
217.031	0.024	saccade	n/a	485.7	185.5	n/a	544.4	182.7	2.09	120.0
217.057	0.326	fixation	n/a	544.8	182.6	3104.0	n/a	n/a	n/a	n/a
217.385	0.022	saccade	n/a	547.8	181.4	n/a	592.0	181.2	1.56	96.0
217.409	0.166	fixation	n/a	591.6	179.9	3043.0	n/a	n/a	n/a	n/a
217.577	0.03	saccade	n/a	590.7	181.2	n/a	509.5	187.5	2.89	172.0
217.609	0.158	fixation	n/a	511.3	187.3	3000.0	n/a	n/a	n/a	n/a
217.769	0.03	saccade	n/a	509.8	188.6	n/a	428.2	192.3	2.91	159.0
217.801	0.03	fixation	n/a	432.2	192.9	3014.0	n/a	n/a	n/a	n/a
217.833	0.052	saccade	n/a	430.7	193.9	n/a	170.8	191.1	9.1	308.0
217.887	0.34	fixation	n/a	165.0	191.7	3076.0	n/a	n/a	n/a	n/a
218.229	0.03	saccade	n/a	163.2	196.4	n/a	245.6	198.8	2.87	167.0
218.261	0.178	fixation	n/a	240.5	196.3	3177.0	n/a	n/a	n/a	n/a
218.441	0.028	saccade	n/a	241.3	194.8	n/a	313.9	196.4	2.55	161.0
218.471	0.242	fixation	n/a	311.4	195.8	3205.0	n/a	n/a	n/a	n/a
218.715	0.04	saccade	n/a	311.0	194.1	n/a	462.9	194.7	5.39	241.0
218.757	0.27	fixation	n/a	461.8	191.2	3173.0	n/a	n/a	n/a	n/a
219.029	0.026	saccade	n/a	466.0	189.9	n/a	549.9	186.3	2.98	155.0
219.057	0.21	fixation	n/a	557.1	185.6	3034.0	n/a	n/a	n/a	n/a
219.269	0.022	saccade	n/a	562.5	185.0	n/a	603.9	183.0	1.46	92.0
219.293	0.138	fixation	n/a	603.3	183.1	2845.0	n/a	n/a	n/a	n/a
219.433	0.066	saccade	n/a	603.6	185.0	n/a	165.9	242.2	15.36	366.0
219.501	0.102	fixation	n/a	166.2	243.7	2887.0	n/a	n/a	n/a	n/a
219.605	0.026	saccade	n/a	166.5	243.4	n/a	124.0	240.0	1.46	110.0
219.633	0.234	fixation	n/a	127.5	242.5	2903.0	n/a	n/a	n/a	n/a
219.869	0.024	saccade	n/a	131.3	245.6	n/a	194.9	248.1	2.18	126.0
219.895	0.152	fixation	n/a	194.8	245.6	2833.0	n/a	n/a	n/a	n/a
220.049	0.02	saccade	n/a	197.9	247.0	n/a	231.2	248.3	1.16	78.0
220.071	0.16	fixation	n/a	230.3	247.8	2809.0	n/a	n/a	n/a	n/a
220.233	0.114	saccade	n/a	234.2	251.9	n/a	321.9	258.8	3.08	1557.0
220.271	0.026	blink	n/a	n/a	n/a	n/a	n/a	n/a	n/a	n/a
220.349	0.208	fixation	n/a	320.7	248.2	2928.0	n/a	n/a	n/a	n/a
220.559	0.034	saccade	n/a	317.6	247.2	n/a	427.7	240.2	3.9	195.0
220.595	0.092	fixation	n/a	425.4	241.8	3082.0	n/a	n/a	n/a	n/a
220.689	0.108	saccade	n/a	428.1	247.6	n/a	455.8	250.1	0.99	831.0
220.723	0.024	blink	n/a	n/a	n/a	n/a	n/a	n/a	n/a	n/a
220.799	0.126	fixation	n/a	452.6	241.0	2981.0	n/a	n/a	n/a	n/a
220.927	0.024	saccade	n/a	453.3	239.4	n/a	503.4	244.9	1.79	109.0
220.953	0.368	fixation	n/a	498.0	244.5	3033.0	n/a	n/a	n/a	n/a
221.323	0.03	saccade	n/a	489.3	243.7	n/a	563.9	240.7	2.64	175.0
221.355	0.414	fixation	n/a	563.5	238.4	3085.0	n/a	n/a	n/a	n/a
221.771	0.028	saccade	n/a	559.4	240.5	n/a	500.3	243.5	2.09	137.0
221.801	0.16	fixation	n/a	503.8	245.5	3219.0	n/a	n/a	n/a	n/a
221.963	0.018	saccade	n/a	500.1	247.7	n/a	474.0	247.4	0.93	67.0
221.983	0.138	fixation	n/a	476.9	248.9	3264.0	n/a	n/a	n/a	n/a
222.123	0.032	saccade	n/a	478.6	250.8	n/a	556.5	246.4	2.77	178.0
222.157	0.138	fixation	n/a	554.0	244.7	3287.0	n/a	n/a	n/a	n/a
222.297	0.062	saccade	n/a	554.2	243.8	n/a	165.9	299.6	13.68	367.0
222.361	0.19	fixation	n/a	166.8	302.3	3303.0	n/a	n/a	n/a	n/a
222.553	0.03	saccade	n/a	167.0	304.7	n/a	112.8	312.6	1.87	153.0
222.585	0.228	fixation	n/a	116.6	311.6	3153.0	n/a	n/a	n/a	n/a
222.815	0.038	saccade	n/a	118.5	311.8	n/a	262.1	309.7	4.95	257.0
222.855	0.348	fixation	n/a	264.0	306.9	3193.0	n/a	n/a	n/a	n/a
222.982	0.0	trigger_11	11	n/a	n/a	n/a	n/a	n/a	n/a	n/a
223.042	0.0	trigger_10	10	n/a	n/a	n/a	n/a	n/a	n/a	n/a
223.205	0.038	saccade	n/a	266.2	307.5	n/a	238.6	189.9	4.3	193.0
223.245	0.112	fixation	n/a	236.8	191.9	3180.0	n/a	n/a	n/a	n/a
223.359	0.032	saccade	n/a	238.0	192.5	n/a	148.7	196.3	3.09	199.0
223.393	0.216	fixation	n/a	149.8	193.9	3206.0	n/a	n/a	n/a	n/a
223.611	0.028	saccade	n/a	151.1	191.6	n/a	236.7	193.4	2.96	147.0
223.641	0.494	fixation	n/a	270.8	196.0	3235.0	n/a	n/a	n/a	n/a
224.137	0.036	saccade	n/a	273.2	195.5	n/a	167.7	194.1	3.66	210.0
224.175	0.228	fixation	n/a	168.7	196.8	3361.0	n/a	n/a	n/a	n/a
224.405	0.034	saccade	n/a	166.9	195.3	n/a	280.5	195.9	3.94	186.0
224.441	0.242	fixation	n/a	281.3	199.3	3371.0	n/a	n/a	n/a	n/a
224.685	0.028	saccade	n/a	285.6	199.7	n/a	378.4	199.0	3.27	178.0
224.715	0.174	fixation	n/a	383.5	198.6	3150.0	n/a	n/a	n/a	n/a
224.891	0.036	saccade	n/a	387.7	199.6	n/a	498.3	200.6	3.93	145.0
224.929	0.452	fixation	n/a	505.2	192.8	2873.0	n/a	n/a	n/a	n/a
225.383	0.026	saccade	n/a	508.6	185.0	n/a	585.5	180.8	2.72	137.0
225.411	0.5	fixation	n/a	594.3	181.2	2846.0	n/a	n/a	n/a	n/a
225.913	0.066	saccade	n/a	598.6	186.9	n/a	171.9	244.6	15.01	366.0
225.981	0.29	fixation	n/a	175.7	253.6	3086.0	n/a	n/a	n/a	n/a
226.273	0.03	saccade	n/a	176.9	258.1	n/a	252.5	256.7	2.63	159.0
226.305	0.16	fixation	n/a	249.5	253.1	3107.0	n/a	n/a	n/a	n/a
226.467	0.034	saccade	n/a	251.7	251.8	n/a	354.3	250.0	3.6	205.0
226.503	0.156	fixation	n/a	356.1	248.8	3083.0	n/a	n/a	n/a	n/a
226.661	0.024	saccade	n/a	359.0	249.4	n/a	416.7	246.7	2.04	123.0
226.687	0.138	fixation	n/a	415.9	246.1	3077.0	n/a	n/a	n/a	n/a
226.827	0.022	saccade	n/a	419.2	246.2	n/a	472.4	244.1	1.89	118.0
226.851	0.146	fixation	n/a	471.1	241.4	3052.0	n/a	n/a	n/a	n/a
226.999	0.032	saccade	n/a	472.6	241.9	n/a	560.9	239.0	3.13	163.0
227.033	0.22	fixation	n/a	558.3	240.6	3033.0	n/a	n/a	n/a	n/a
227.255	0.02	saccade	n/a	560.0	241.5	n/a	592.2	242.0	1.14	76.0
227.277	0.12	fixation	n/a	589.6	244.0	3077.0	n/a	n/a	n/a	n/a
227.399	0.066	saccade	n/a	591.1	244.1	n/a	155.5	301.4	15.31	368.0
227.467	0.216	fixation	n/a	157.8	304.0	3120.0	n/a	n/a	n/a	n/a
227.685	0.016	saccade	n/a	162.6	305.9	n/a	184.7	304.4	0.76	62.0
227.703	0.148	fixation	n/a	181.0	301.5	3077.0	n/a	n/a	n/a	n/a
227.853	0.026	saccade	n/a	180.0	303.4	n/a	126.8	309.8	1.84	129.0
227.881	0.254	fixation	n/a	128.3	309.1	3047.0	n/a	n/a	n/a	n/a
228.137	0.04	saccade	n/a	127.4	306.5	n/a	217.1	184.1	5.32	235.0
228.179	0.286	fixation	n/a	221.0	186.1	3122.0	n/a	n/a	n/a	n/a
228.248	0.0	trigger_11	11	n/a	n/a	n/a	n/a	n/a	n/a	n/a
228.306	0.0	trigger_12	12	n/a	n/a	n/a	n/a	n/a	n/a	n/a
228.467	0.03	saccade	n/a	221.7	187.5	n/a	153.7	184.0	2.36	159.0
228.499	0.412	fixation	n/a	150.5	184.4	3168.0	n/a	n/a	n/a	n/a
228.913	0.032	saccade	n/a	149.5	183.3	n/a	245.9	190.2	3.34	185.0
228.947	0.224	fixation	n/a	244.1	191.3	3318.0	n/a	n/a	n/a	n/a
229.173	0.036	saccade	n/a	244.5	192.9	n/a	370.5	189.0	4.44	232.0
229.211	0.164	fixation	n/a	369.1	187.9	3310.0	n/a	n/a	n/a	n/a
229.377	0.022	saccade	n/a	368.0	187.0	n/a	327.5	190.1	1.43	104.0
229.401	0.12	fixation	n/a	332.4	192.2	3284.0	n/a	n/a	n/a	n/a
229.523	0.04	saccade	n/a	332.4	193.0	n/a	474.8	188.4	5.05	234.0
229.565	0.222	fixation	n/a	478.0	186.1	3113.0	n/a	n/a	n/a	n/a
229.789	0.03	saccade	n/a	482.7	186.8	n/a	570.3	183.9	3.1	140.0
229.821	0.206	fixation	n/a	576.5	184.6	2966.0	n/a	n/a	n/a	n/a
230.029	0.02	saccade	n/a	579.5	184.2	n/a	615.6	185.4	1.27	85.0
230.051	0.122	fixation	n/a	613.0	185.5	2919.0	n/a	n/a	n/a	n/a
230.175	0.064	saccade	n/a	612.4	185.9	n/a	186.2	247.3	15.04	364.0
230.241	0.15	fixation	n/a	185.2	250.8	3002.0	n/a	n/a	n/a	n/a
230.393	0.024	saccade	n/a	180.0	252.7	n/a	140.4	253.8	1.36	116.0
230.419	0.142	fixation	n/a	142.9	254.6	3023.0	n/a	n/a	n/a	n/a
230.563	0.028	saccade	n/a	144.4	255.6	n/a	216.2	259.2	2.48	151.0
230.593	0.282	fixation	n/a	215.7	258.4	3100.0	n/a	n/a	n/a	n/a
230.877	0.016	saccade	n/a	214.2	258.5	n/a	190.1	259.2	0.84	62.0
230.895	0.152	fixation	n/a	192.3	257.2	3109.0	n/a	n/a	n/a	n/a
231.049	0.026	saccade	n/a	193.9	256.5	n/a	241.4	204.9	2.47	134.0
231.077	0.154	fixation	n/a	243.7	197.7	3142.0	n/a	n/a	n/a	n/a
231.233	0.04	saccade	n/a	244.6	197.9	n/a	385.4	195.4	4.96	202.0
231.275	0.238	fixation	n/a	384.2	192.6	3187.0	n/a	n/a	n/a	n/a
231.515	0.03	saccade	n/a	386.8	190.3	n/a	482.2	191.1	3.38	176.0
231.547	0.07	fixation	n/a	484.0	194.0	3196.0	n/a	n/a	n/a	n/a
231.619	0.214	saccade	n/a	484.8	199.6	n/a	581.3	204.5	3.42	2328.0
231.651	0.146	blink	n/a	n/a	n/a	n/a	n/a	n/a	n/a	n/a
231.835	0.048	fixation	n/a	578.6	190.8	3097.0	n/a	n/a	n/a	n/a
231.885	0.178	saccade	n/a	579.5	191.8	n/a	597.7	185.4	0.68	654.0
231.917	0.092	blink	n/a	n/a	n/a	n/a	n/a	n/a	n/a	n/a
232.065	0.106	fixation	n/a	589.6	189.4	3115.0	n/a	n/a	n/a	n/a
232.173	0.156	saccade	n/a	593.4	191.1	n/a	494.5	366.3	7.17	704.0
232.203	0.078	blink	n/a	n/a	n/a	n/a	n/a	n/a	n/a	n/a
232.331	0.096	fixation	n/a	489.7	356.2	3106.0	n/a	n/a	n/a	n/a
232.429	0.038	saccade	n/a	488.8	354.0	n/a	461.3	230.8	4.52	238.0
232.469	0.08	fixation	n/a	461.1	233.4	3101.0	n/a	n/a	n/a	n/a
232.551	0.044	saccade	n/a	462.2	233.1	n/a	255.5	242.1	7.27	308.0
232.597	0.15	fixation	n/a	255.1	244.4	3136.0	n/a	n/a	n/a	n/a
232.749	0.03	saccade	n/a	253.9	248.1	n/a	186.4	257.4	2.37	168.0
232.781	0.314	fixation	n/a	187.2	258.4	3052.0	n/a	n/a	n/a	n/a
233.097	0.028	saccade	n/a	182.0	253.9	n/a	209.0	187.9	2.53	147.0
233.127	0.128	fixation	n/a	209.0	188.8	3115.0	n/a	n/a	n/a	n/a
233.257	0.21	saccade	n/a	209.5	189.7	n/a	250.6	189.3	1.43	2003.0
233.287	0.114	blink	n/a	n/a	n/a	n/a	n/a	n/a	n/a	n/a
233.469	0.1	fixation	n/a	251.0	187.4	3170.0	n/a	n/a	n/a	n/a
233.571	0.032	saccade	n/a	252.9	186.8	n/a	360.3	187.8	3.78	190.0
233.605	0.024	fixation	n/a	357.7	187.5	3216.0	n/a	n/a	n/a	n/a
233.631	0.056	saccade	n/a	359.6	186.8	n/a	360.2	184.7	0.08	1812.0
233.689	0.122	fixation	n/a	360.7	185.7	3370.0	n/a	n/a	n/a	n/a
233.813	0.022	saccade	n/a	359.4	189.0	n/a	318.0	192.8	1.47	108.0
233.837	0.172	fixation	n/a	325.6	194.0	3337.0	n/a	n/a	n/a	n/a
234.011	0.042	saccade	n/a	327.5	194.1	n/a	477.7	188.8	5.33	230.0
234.055	0.312	fixation	n/a	482.0	187.0	3290.0	n/a	n/a	n/a	n/a
234.369	0.024	saccade	n/a	488.2	184.1	n/a	542.0	183.0	1.91	116.0
234.395	0.23	fixation	n/a	541.7	186.3	3172.0	n/a	n/a	n/a	n/a
234.627	0.024	saccade	n/a	543.9	188.6	n/a	595.4	192.4	1.83	105.0
234.653	0.186	fixation	n/a	593.5	193.7	3114.0	n/a	n/a	n/a	n/a
234.841	2.062	saccade	n/a	593.6	192.1	n/a	278.5	190.2	11.1	2325.0
234.953	1.908	blink	n/a	n/a	n/a	n/a	n/a	n/a	n/a	n/a
236.905	0.114	fixation	n/a	278.4	187.2	3558.0	n/a	n/a	n/a	n/a
237.021	0.032	saccade	n/a	278.3	188.1	n/a	198.4	197.0	2.81	177.0
237.055	0.182	fixation	n/a	202.7	197.0	3457.0	n/a	n/a	n/a	n/a
237.239	0.028	saccade	n/a	205.5	195.2	n/a	284.7	190.4	2.77	154.0
237.269	0.1	fixation	n/a	284.2	188.7	3446.0	n/a	n/a	n/a	n/a
237.371	0.03	saccade	n/a	287.9	188.6	n/a	370.0	191.1	2.9	166.0
237.403	0.204	fixation	n/a	368.9	193.2	3490.0	n/a	n/a	n/a	n/a
237.609	0.026	saccade	n/a	372.2	192.2	n/a	444.3	187.9	2.57	134.0
237.637	0.144	fixation	n/a	453.4	186.6	3512.0	n/a	n/a	n/a	n/a
237.783	0.024	saccade	n/a	457.0	186.9	n/a	510.0	188.3	1.89	117.0
237.809	0.166	fixation	n/a	507.4	187.2	3517.0	n/a	n/a	n/a	n/a
237.977	0.03	saccade	n/a	510.1	186.8	n/a	594.6	183.2	3.0	169.0
238.009	0.158	fixation	n/a	595.4	182.4	3421.0	n/a	n/a	n/a	n/a
238.169	0.068	saccade	n/a	597.8	184.3	n/a	159.5	238.8	15.4	362.0
238.239	0.188	fixation	n/a	164.8	243.6	3373.0	n/a	n/a	n/a	n/a
238.429	0.026	saccade	n/a	169.8	246.8	n/a	232.5	255.4	2.2	139.0
238.457	0.244	fixation	n/a	231.3	252.3	3382.0	n/a	n/a	n/a	n/a
238.703	0.064	saccade	n/a	231.7	249.0	n/a	455.1	492.9	11.62	279.0
238.769	0.108	fixation	n/a	458.3	492.3	3343.0	n/a	n/a	n/a	n/a
238.879	0.058	saccade	n/a	459.7	491.9	n/a	348.1	186.4	11.52	321.0
238.939	0.348	fixation	n/a	351.9	189.7	3105.0	n/a	n/a	n/a	n/a
239.088	0.0	trigger_13	13	n/a	n/a	n/a	n/a	n/a	n/a	n/a
239.142	0.0	trigger_10	10	n/a	n/a	n/a	n/a	n/a	n/a	n/a
239.289	0.044	saccade	n/a	352.4	188.3	n/a	177.1	182.6	6.14	256.0
239.335	0.08	fixation	n/a	176.2	184.3	3003.0	n/a	n/a	n/a	n/a
239.417	0.048	saccade	n/a	175.4	185.5	n/a	177.3	185.0	0.07	1234.0
239.467	0.24	fixation	n/a	149.2	187.5	3074.0	n/a	n/a	n/a	n/a
239.709	0.02	saccade	n/a	149.6	189.9	n/a	117.1	190.1	1.11	81.0
239.731	0.124	fixation	n/a	124.7	190.5	3095.0	n/a	n/a	n/a	n/a
239.857	0.04	saccade	n/a	125.3	192.7	n/a	268.9	193.3	4.98	210.0
239.899	0.096	fixation	n/a	265.8	190.1	3127.0	n/a	n/a	n/a	n/a
239.997	0.03	saccade	n/a	267.0	189.1	n/a	348.6	190.4	2.87	179.0
240.029	0.236	fixation	n/a	347.8	189.9	3151.0	n/a	n/a	n/a	n/a
240.267	0.03	saccade	n/a	349.5	191.6	n/a	428.0	191.1	2.79	162.0
240.299	0.2	fixation	n/a	425.7	189.0	3167.0	n/a	n/a	n/a	n/a
240.501	0.028	saccade	n/a	428.1	188.2	n/a	502.0	183.9	2.63	152.0
240.531	0.102	fixation	n/a	499.8	183.5	3151.0	n/a	n/a	n/a	n/a
240.635	0.028	saccade	n/a	500.9	184.3	n/a	570.3	183.1	2.46	146.0
240.665	0.182	fixation	n/a	567.3	180.5	3140.0	n/a	n/a	n/a	n/a
240.849	0.064	saccade	n/a	567.0	178.1	n/a	128.2	239.3	15.39	379.0
240.915	0.224	fixation	n/a	131.7	242.9	3206.0	n/a	n/a	n/a	n/a
241.141	0.03	saccade	n/a	132.5	244.8	n/a	217.5	246.2	2.93	175.0
241.173	0.178	fixation	n/a	218.8	245.7	3248.0	n/a	n/a	n/a	n/a
241.353	0.04	saccade	n/a	224.3	250.5	n/a	357.1	249.2	4.67	231.0
241.395	0.424	fixation	n/a	361.0	246.9	3227.0	n/a	n/a	n/a	n/a
241.821	0.032	saccade	n/a	364.1	250.7	n/a	449.7	245.1	3.05	152.0
241.855	0.178	fixation	n/a	445.2	245.1	3205.0	n/a	n/a	n/a	n/a
242.035	0.028	saccade	n/a	445.9	246.3	n/a	518.9	246.1	2.6	122.0
242.065	0.334	fixation	n/a	519.5	245.2	3170.0	n/a	n/a	n/a	n/a
242.401	0.018	saccade	n/a	516.8	243.5	n/a	490.8	248.6	0.94	70.0
242.421	0.414	fixation	n/a	492.3	247.5	3226.0	n/a	n/a	n/a	n/a
242.624	0.0	trigger_11	11	n/a	n/a	n/a	n/a	n/a	n/a	n/a
242.682	0.0	trigger_10	10	n/a	n/a	n/a	n/a	n/a	n/a	n/a
242.837	0.054	saccade	n/a	492.1	246.7	n/a	209.2	188.8	10.18	302.0
242.893	0.056	fixation	n/a	211.6	188.9	3197.0	n/a	n/a	n/a	n/a
242.951	0.042	saccade	n/a	212.8	189.9	n/a	152.8	192.0	2.08	186.0
242.995	0.248	fixation	n/a	150.0	192.5	3161.0	n/a	n/a	n/a	n/a
243.245	0.026	saccade	n/a	153.3	192.8	n/a	220.2	188.0	2.33	131.0
243.273	0.158	fixation	n/a	221.5	187.3	3150.0	n/a	n/a	n/a	n/a
243.433	0.026	saccade	n/a	221.9	187.0	n/a	163.3	188.6	2.04	134.0
243.461	0.166	fixation	n/a	168.1	187.6	3040.0	n/a	n/a	n/a	n/a
243.629	0.042	saccade	n/a	168.9	188.4	n/a	339.8	197.4	5.99	253.0
243.673	0.16	fixation	n/a	339.4	195.1	3117.0	n/a	n/a	n/a	n/a
243.835	0.016	saccade	n/a	335.6	195.9	n/a	314.5	193.6	0.75	61.0
243.853	0.156	fixation	n/a	316.0	191.0	3242.0	n/a	n/a	n/a	n/a
244.011	0.03	saccade	n/a	315.2	193.5	n/a	240.5	191.0	2.63	173.0
244.043	0.186	fixation	n/a	242.3	193.5	3173.0	n/a	n/a	n/a	n/a
244.231	0.018	saccade	n/a	238.6	194.8	n/a	212.8	192.8	0.9	65.0
244.251	0.18	fixation	n/a	215.2	192.7	3206.0	n/a	n/a	n/a	n/a
244.433	0.024	saccade	n/a	214.3	194.8	n/a	158.4	193.6	1.94	111.0
244.459	0.226	fixation	n/a	162.5	194.2	3132.0	n/a	n/a	n/a	n/a
244.687	0.036	saccade	n/a	162.4	192.3	n/a	295.5	194.0	4.63	215.0
244.725	0.16	fixation	n/a	295.1	188.7	3199.0	n/a	n/a	n/a	n/a
244.887	0.028	saccade	n/a	296.1	186.8	n/a	360.2	185.7	2.26	135.0
244.917	0.18	fixation	n/a	359.0	187.2	3209.0	n/a	n/a	n/a	n/a
245.099	0.02	saccade	n/a	359.1	186.4	n/a	328.2	187.2	1.09	77.0
245.121	0.304	fixation	n/a	330.6	186.6	3027.0	n/a	n/a	n/a	n/a
245.427	0.028	saccade	n/a	332.4	186.3	n/a	408.5	186.2	2.69	140.0
245.457	0.092	fixation	n/a	410.9	185.8	2909.0	n/a	n/a	n/a	n/a
245.551	0.03	saccade	n/a	413.5	185.8	n/a	494.8	185.0	2.88	150.0
245.583	0.228	fixation	n/a	492.7	184.4	2898.0	n/a	n/a	n/a	n/a
245.813	0.024	saccade	n/a	494.2	183.7	n/a	554.6	181.0	2.14	129.0
245.839	0.166	fixation	n/a	555.6	177.8	2819.0	n/a	n/a	n/a	n/a
246.007	0.018	saccade	n/a	560.1	177.9	n/a	588.1	178.0	0.99	69.0
246.027	0.172	fixation	n/a	587.9	176.6	2787.0	n/a	n/a	n/a	n/a
246.201	0.068	saccade	n/a	589.1	174.0	n/a	144.5	241.3	15.62	374.0
246.271	0.212	fixation	n/a	147.8	244.4	2847.0	n/a	n/a	n/a	n/a
246.485	0.014	saccade	n/a	147.7	247.8	n/a	129.2	247.6	0.63	52.0
246.501	0.14	fixation	n/a	130.7	246.8	2840.0	n/a	n/a	n/a	n/a
246.643	0.032	saccade	n/a	128.8	244.3	n/a	232.1	246.0	3.56	198.0
246.677	0.236	fixation	n/a	233.3	247.3	2853.0	n/a	n/a	n/a	n/a
246.915	0.038	saccade	n/a	235.4	250.4	n/a	369.2	249.0	4.71	234.0
246.955	0.228	fixation	n/a	367.8	246.8	2912.0	n/a	n/a	n/a	n/a
247.185	0.03	saccade	n/a	369.9	247.6	n/a	446.9	245.0	2.74	158.0
247.217	0.196	fixation	n/a	445.0	243.8	2904.0	n/a	n/a	n/a	n/a
247.415	0.03	saccade	n/a	447.3	243.0	n/a	534.5	240.6	3.09	164.0
247.447	0.236	fixation	n/a	531.7	240.1	2923.0	n/a	n/a	n/a	n/a
247.685	0.016	saccade	n/a	528.2	238.9	n/a	504.0	241.4	0.86	68.0
247.703	0.02	fixation	n/a	508.2	241.4	2981.0	n/a	n/a	n/a	n/a
247.725	0.03	saccade	n/a	511.0	241.4	n/a	589.0	240.6	2.76	157.0
247.757	0.158	fixation	n/a	588.1	242.5	3006.0	n/a	n/a	n/a	n/a
247.917	0.018	saccade	n/a	586.0	240.1	n/a	555.7	237.6	1.08	79.0
247.937	0.16	fixation	n/a	560.6	239.4	2999.0	n/a	n/a	n/a	n/a
248.099	0.022	saccade	n/a	564.2	239.5	n/a	615.1	242.2	1.8	117.0
248.123	0.108	fixation	n/a	614.0	240.7	3006.0	n/a	n/a	n/a	n/a
248.233	0.068	saccade	n/a	613.5	239.1	n/a	160.8	309.6	15.92	372.0
248.303	0.214	fixation	n/a	161.5	308.9	3114.0	n/a	n/a	n/a	n/a
248.519	0.024	saccade	n/a	163.3	308.8	n/a	201.4	303.5	1.32	67.0
248.545	0.152	fixation	n/a	206.8	304.8	3075.0	n/a	n/a	n/a	n/a
248.699	0.032	saccade	n/a	209.3	302.4	n/a	307.7	301.9	3.43	177.0
248.733	0.236	fixation	n/a	308.4	302.9	2954.0	n/a	n/a	n/a	n/a
248.971	0.026	saccade	n/a	310.8	299.8	n/a	373.2	302.5	2.2	138.0
248.999	0.106	fixation	n/a	373.4	301.3	2924.0	n/a	n/a	n/a	n/a
249.107	0.032	saccade	n/a	376.3	299.8	n/a	470.1	299.0	3.32	175.0
249.141	0.208	fixation	n/a	470.5	298.1	2852.0	n/a	n/a	n/a	n/a
249.351	0.032	saccade	n/a	473.5	298.8	n/a	585.3	299.9	3.95	196.0
249.385	0.164	fixation	n/a	588.2	297.9	2733.0	n/a	n/a	n/a	n/a
249.551	0.02	saccade	n/a	590.9	296.0	n/a	625.2	296.5	1.21	82.0
249.573	0.076	fixation	n/a	622.6	297.2	2644.0	n/a	n/a	n/a	n/a
249.651	0.07	saccade	n/a	624.1	296.6	n/a	154.2	349.5	16.37	388.0
249.723	0.146	fixation	n/a	156.3	350.8	2609.0	n/a	n/a	n/a	n/a
249.871	0.016	saccade	n/a	154.8	352.2	n/a	133.1	355.4	0.75	58.0
249.889	0.218	fixation	n/a	137.8	356.6	2650.0	n/a	n/a	n/a	n/a
250.109	0.026	saccade	n/a	141.7	360.1	n/a	216.1	361.8	2.56	150.0
250.137	0.168	fixation	n/a	215.9	359.4	2736.0	n/a	n/a	n/a	n/a
250.307	0.028	saccade	n/a	215.7	356.4	n/a	299.5	359.4	2.92	161.0
250.337	0.234	fixation	n/a	301.8	359.0	2780.0	n/a	n/a	n/a	n/a
250.573	0.014	saccade	n/a	297.4	360.2	n/a	279.7	360.7	0.62	52.0
250.589	0.112	fixation	n/a	278.3	360.7	2799.0	n/a	n/a	n/a	n/a
250.703	0.1	saccade	n/a	282.6	362.7	n/a	367.3	383.1	3.06	2134.0
250.739	0.03	blink	n/a	n/a	n/a	n/a	n/a	n/a	n/a	n/a
250.805	0.172	fixation	n/a	371.3	372.8	2746.0	n/a	n/a	n/a	n/a
250.979	0.02	saccade	n/a	367.3	371.6	n/a	327.6	375.8	1.41	98.0
251.001	0.188	fixation	n/a	329.0	372.1	2828.0	n/a	n/a	n/a	n/a
251.191	0.046	saccade	n/a	328.3	366.4	n/a	300.4	197.2	6.12	208.0
251.239	0.222	fixation	n/a	302.4	196.6	2666.0	n/a	n/a	n/a	n/a
251.424	0.0	trigger_11	11	n/a	n/a	n/a	n/a	n/a	n/a	n/a
251.463	0.014	saccade	n/a	296.8	191.5	n/a	281.1	186.7	0.58	50.0
251.479	0.178	fixation	n/a	283.9	187.4	2725.0	n/a	n/a	n/a	n/a
251.484	0.0	trigger_10	10	n/a	n/a	n/a	n/a	n/a	n/a	n/a
251.659	0.036	saccade	n/a	280.6	185.7	n/a	163.3	191.1	4.08	198.0
251.697	0.084	fixation	n/a	165.2	193.6	2846.0	n/a	n/a	n/a	n/a
251.783	0.022	saccade	n/a	163.6	194.5	n/a	130.3	194.0	1.14	90.0
251.807	0.128	fixation	n/a	137.1	194.4	2871.0	n/a	n/a	n/a	n/a
251.937	0.028	saccade	n/a	138.1	192.1	n/a	228.1	188.3	3.11	159.0
251.967	0.132	fixation	n/a	233.4	186.9	2979.0	n/a	n/a	n/a	n/a
252.101	0.042	saccade	n/a	234.6	186.0	n/a	393.6	191.0	5.59	248.0
252.145	0.29	fixation	n/a	396.2	189.3	3041.0	n/a	n/a	n/a	n/a
252.437	0.034	saccade	n/a	399.6	188.1	n/a	505.0	185.6	3.74	167.0
252.473	0.274	fixation	n/a	503.6	185.3	3091.0	n/a	n/a	n/a	n/a
252.749	0.032	saccade	n/a	504.7	185.2	n/a	590.4	181.1	3.04	158.0
252.783	0.126	fixation	n/a	587.3	181.5	3151.0	n/a	n/a	n/a	n/a
252.911	0.034	saccade	n/a	585.8	182.6	n/a	484.7	186.0	3.59	225.0
252.947	0.038	fixation	n/a	484.8	186.7	3192.0	n/a	n/a	n/a	n/a
252.987	0.024	saccade	n/a	479.7	187.9	n/a	446.7	193.0	1.19	121.0
253.013	0.17	fixation	n/a	448.8	193.2	3191.0	n/a	n/a	n/a	n/a
253.185	0.038	saccade	n/a	448.4	192.7	n/a	583.8	181.3	4.82	220.0
253.225	0.246	fixation	n/a	581.3	182.0	3248.0	n/a	n/a	n/a	n/a
253.473	0.066	saccade	n/a	580.7	182.7	n/a	166.8	255.3	14.68	360.0
253.541	0.126	fixation	n/a	166.8	256.1	3178.0	n/a	n/a	n/a	n/a
253.669	0.028	saccade	n/a	165.7	257.3	n/a	116.3	252.0	1.7	139.0
253.699	0.538	fixation	n/a	127.7	248.3	3046.0	n/a	n/a	n/a	n/a
254.239	0.03	saccade	n/a	138.2	247.2	n/a	215.3	249.0	2.65	152.0
254.271	0.754	fixation	n/a	214.1	246.1	2836.0	n/a	n/a	n/a	n/a
255.027	0.026	saccade	n/a	218.6	245.4	n/a	238.9	182.6	2.36	119.0
255.055	0.228	fixation	n/a	242.3	179.0	2851.0	n/a	n/a	n/a	n/a
255.058	0.0	trigger_11	11	n/a	n/a	n/a	n/a	n/a	n/a	n/a
255.114	0.0	trigger_12	12	n/a	n/a	n/a	n/a	n/a	n/a	n/a
255.285	0.034	saccade	n/a	240.7	179.1	n/a	141.3	180.6	3.43	192.0
255.321	0.23	fixation	n/a	136.6	180.8	3022.0	n/a	n/a	n/a	n/a
255.553	0.044	saccade	n/a	127.8	183.9	n/a	281.5	188.2	5.33	215.0
255.599	0.204	fixation	n/a	281.4	186.3	3051.0	n/a	n/a	n/a	n/a
255.805	0.016	saccade	n/a	279.8	187.7	n/a	256.0	188.1	0.84	64.0
255.823	0.1	fixation	n/a	259.8	187.2	3064.0	n/a	n/a	n/a	n/a
255.925	0.04	saccade	n/a	258.7	183.8	n/a	408.9	182.8	5.29	250.0
255.967	0.212	fixation	n/a	410.6	183.6	3133.0	n/a	n/a	n/a	n/a
256.181	0.024	saccade	n/a	414.6	188.2	n/a	482.3	183.1	2.42	138.0
256.207	0.162	fixation	n/a	484.4	178.3	3206.0	n/a	n/a	n/a	n/a
256.371	0.03	saccade	n/a	486.6	179.2	n/a	560.5	177.8	2.62	145.0
256.403	0.11	fixation	n/a	558.1	179.3	3131.0	n/a	n/a	n/a	n/a
256.515	0.062	saccade	n/a	560.0	179.8	n/a	154.0	235.4	14.29	369.0
256.579	0.112	fixation	n/a	155.9	236.7	3145.0	n/a	n/a	n/a	n/a
256.693	0.022	saccade	n/a	152.0	235.6	n/a	122.6	245.1	1.06	91.0
256.717	0.184	fixation	n/a	130.4	246.8	3189.0	n/a	n/a	n/a	n/a
256.903	0.028	saccade	n/a	135.6	250.3	n/a	212.3	251.1	2.65	154.0
256.933	0.18	fixation	n/a	207.5	248.1	3253.0	n/a	n/a	n/a	n/a
257.115	0.034	saccade	n/a	207.3	247.9	n/a	321.8	242.4	4.0	211.0
257.151	0.418	fixation	n/a	317.7	243.0	3166.0	n/a	n/a	n/a	n/a
257.571	0.03	saccade	n/a	310.3	240.9	n/a	396.2	248.9	3.04	164.0
257.603	0.552	fixation	n/a	400.0	246.5	2927.0	n/a	n/a	n/a	n/a
258.157	0.026	saccade	n/a	411.2	245.2	n/a	484.5	244.3	2.6	138.0
258.185	0.734	fixation	n/a	483.5	242.4	2832.0	n/a	n/a	n/a	n/a
258.921	0.026	saccade	n/a	480.9	244.3	n/a	435.0	201.8	2.24	116.0
258.949	0.286	fixation	n/a	426.1	196.5	2912.0	n/a	n/a	n/a	n/a
259.002	0.0	trigger_13	13	n/a	n/a	n/a	n/a	n/a	n/a	n/a
259.062	0.0	trigger_10	10	n/a	n/a	n/a	n/a	n/a	n/a	n/a
259.237	0.046	saccade	n/a	423.0	198.8	n/a	214.1	185.1	7.36	279.0
259.285	0.03	fixation	n/a	214.0	186.8	3081.0	n/a	n/a	n/a	n/a
259.317	0.044	saccade	n/a	212.8	187.9	n/a	143.1	189.3	2.4	202.0
259.363	0.146	fixation	n/a	139.7	192.7	3086.0	n/a	n/a	n/a	n/a
259.511	0.024	saccade	n/a	142.9	193.6	n/a	203.8	194.0	2.11	125.0
259.537	0.142	fixation	n/a	201.9	193.9	3113.0	n/a	n/a	n/a	n/a
259.681	0.026	saccade	n/a	201.9	193.8	n/a	260.4	198.9	2.05	127.0
259.709	0.184	fixation	n/a	256.0	197.2	3185.0	n/a	n/a	n/a	n/a
259.895	0.024	saccade	n/a	256.1	189.8	n/a	313.2	192.8	2.01	119.0
259.921	0.076	fixation	n/a	315.7	194.1	3211.0	n/a	n/a	n/a	n/a
259.999	0.142	saccade	n/a	320.4	196.9	n/a	414.6	202.3	3.35	1871.0
260.029	0.074	blink	n/a	n/a	n/a	n/a	n/a	n/a	n/a	n/a
260.143	0.196	fixation	n/a	413.1	197.5	3052.0	n/a	n/a	n/a	n/a
260.341	0.02	saccade	n/a	416.2	196.0	n/a	383.1	195.3	1.18	81.0
260.363	0.03	fixation	n/a	388.0	195.4	3108.0	n/a	n/a	n/a	n/a
260.395	0.026	saccade	n/a	389.7	196.1	n/a	462.4	194.8	2.58	147.0
260.423	0.382	fixation	n/a	468.5	194.4	3016.0	n/a	n/a	n/a	n/a
260.807	0.026	saccade	n/a	470.1	188.1	n/a	541.9	189.0	2.55	145.0
260.835	0.222	fixation	n/a	541.4	189.5	3018.0	n/a	n/a	n/a	n/a
261.059	0.028	saccade	n/a	543.9	189.1	n/a	608.3	185.3	2.28	127.0
261.089	0.232	fixation	n/a	604.2	186.0	3122.0	n/a	n/a	n/a	n/a
261.323	0.072	saccade	n/a	602.2	185.7	n/a	174.8	244.0	15.09	346.0
261.397	0.144	fixation	n/a	173.3	245.2	3196.0	n/a	n/a	n/a	n/a
261.543	0.024	saccade	n/a	169.4	244.9	n/a	127.3	251.4	1.46	119.0
261.569	0.146	fixation	n/a	130.8	254.5	3231.0	n/a	n/a	n/a	n/a
261.717	0.046	saccade	n/a	130.1	255.5	n/a	300.4	203.6	6.19	246.0
261.765	0.154	fixation	n/a	300.4	201.2	3332.0	n/a	n/a	n/a	n/a
261.921	0.034	saccade	n/a	303.2	202.9	n/a	396.5	198.8	3.31	178.0
261.957	0.484	fixation	n/a	383.6	195.5	3394.0	n/a	n/a	n/a	n/a
262.443	0.03	saccade	n/a	385.3	196.4	n/a	461.8	191.4	2.73	144.0
262.475	0.064	fixation	n/a	458.6	190.9	3319.0	n/a	n/a	n/a	n/a
262.541	0.038	saccade	n/a	458.8	191.8	n/a	304.3	197.1	5.48	274.0
262.581	0.284	fixation	n/a	302.6	197.2	3354.0	n/a	n/a	n/a	n/a
262.867	0.022	saccade	n/a	308.5	202.2	n/a	354.3	201.4	1.62	103.0
262.891	0.038	fixation	n/a	356.0	199.7	3359.0	n/a	n/a	n/a	n/a
262.931	0.036	saccade	n/a	356.9	200.4	n/a	470.8	186.4	4.08	207.0
262.969	0.286	fixation	n/a	471.1	184.5	3324.0	n/a	n/a	n/a	n/a
263.257	0.028	saccade	n/a	474.4	182.0	n/a	538.8	184.7	2.29	137.0
263.287	0.22	fixation	n/a	533.2	181.6	3322.0	n/a	n/a	n/a	n/a
263.509	0.03	saccade	n/a	531.3	183.2	n/a	448.7	187.2	2.93	178.0
263.541	0.206	fixation	n/a	451.2	189.9	3320.0	n/a	n/a	n/a	n/a
263.749	0.032	saccade	n/a	453.1	192.4	n/a	533.0	184.8	2.85	142.0
263.783	0.138	fixation	n/a	529.5	183.9	3264.0	n/a	n/a	n/a	n/a
263.923	0.028	saccade	n/a	531.4	183.2	n/a	603.5	183.2	2.55	154.0
263.953	0.328	fixation	n/a	599.1	178.2	3279.0	n/a	n/a	n/a	n/a
264.283	0.07	saccade	n/a	598.0	177.1	n/a	155.7	237.6	15.56	346.0
264.355	0.12	fixation	n/a	157.7	239.1	3297.0	n/a	n/a	n/a	n/a
264.477	0.022	saccade	n/a	156.3	238.8	n/a	122.9	246.8	1.18	92.0
264.501	0.19	fixation	n/a	129.0	249.6	3203.0	n/a	n/a	n/a	n/a
264.693	0.034	saccade	n/a	127.7	251.7	n/a	223.2	253.4	3.29	182.0
264.729	0.374	fixation	n/a	223.3	255.6	3217.0	n/a	n/a	n/a	n/a
265.105	0.026	saccade	n/a	226.1	253.6	n/a	261.5	191.8	2.53	140.0
265.133	0.156	fixation	n/a	261.2	187.8	3132.0	n/a	n/a	n/a	n/a
265.258	0.0	trigger_11	11	n/a	n/a	n/a	n/a	n/a	n/a	n/a
265.291	0.016	saccade	n/a	259.3	190.0	n/a	239.5	193.5	0.7	56.0
265.309	0.19	fixation	n/a	240.1	193.8	3159.0	n/a	n/a	n/a	n/a
265.318	0.0	trigger_10	10	n/a	n/a	n/a	n/a	n/a	n/a	n/a
265.501	0.022	saccade	n/a	236.5	194.4	n/a	197.7	193.3	1.35	98.0
265.525	0.036	fixation	n/a	203.0	193.8	3256.0	n/a	n/a	n/a	n/a
265.563	0.03	saccade	n/a	203.1	193.0	n/a	137.4	188.6	2.27	172.0
265.595	0.196	fixation	n/a	140.1	186.8	3301.0	n/a	n/a	n/a	n/a
265.793	0.028	saccade	n/a	139.2	182.9	n/a	209.5	186.1	2.42	151.0
265.823	0.164	fixation	n/a	208.0	186.7	3323.0	n/a	n/a	n/a	n/a
265.989	0.034	saccade	n/a	211.3	188.1	n/a	320.1	190.2	3.81	225.0
266.025	0.28	fixation	n/a	319.3	188.2	3272.0	n/a	n/a	n/a	n/a
266.307	0.034	saccade	n/a	322.3	187.4	n/a	431.6	186.0	3.88	189.0
266.343	0.244	fixation	n/a	431.8	185.8	3293.0	n/a	n/a	n/a	n/a
266.589	0.028	saccade	n/a	434.2	188.5	n/a	497.7	185.2	2.26	129.0
266.619	0.166	fixation	n/a	493.1	183.7	3297.0	n/a	n/a	n/a	n/a
266.787	0.034	saccade	n/a	494.2	184.5	n/a	595.3	182.9	3.57	168.0
266.823	0.254	fixation	n/a	593.2	182.4	3265.0	n/a	n/a	n/a	n/a
267.079	0.062	saccade	n/a	594.6	183.5	n/a	171.8	234.0	14.87	362.0
267.143	0.112	fixation	n/a	172.0	237.4	3226.0	n/a	n/a	n/a	n/a
267.257	0.024	saccade	n/a	168.5	237.2	n/a	130.5	243.5	1.32	121.0
267.283	0.184	fixation	n/a	133.8	244.3	3115.0	n/a	n/a	n/a	n/a
267.469	0.028	saccade	n/a	136.2	243.5	n/a	210.4	248.1	2.56	164.0
267.499	0.066	fixation	n/a	207.2	247.6	3114.0	n/a	n/a	n/a	n/a
267.567	2.772	saccade	n/a	208.5	247.9	n/a	436.3	190.7	8.27	3018.0
267.607	2.634	blink	n/a	n/a	n/a	n/a	n/a	n/a	n/a	n/a
269.05	0.0	trigger_11	11	n/a	n/a	n/a	n/a	n/a	n/a	n/a
269.108	0.0	trigger_10	10	n/a	n/a	n/a	n/a	n/a	n/a	n/a
270.341	0.072	fixation	n/a	438.3	188.8	3284.0	n/a	n/a	n/a	n/a
270.415	0.336	saccade	n/a	439.7	187.8	n/a	483.7	189.5	1.56	3129.0
270.489	0.15	blink	n/a	n/a	n/a	n/a	n/a	n/a	n/a	n/a
270.753	0.056	fixation	n/a	482.5	186.1	3214.0	n/a	n/a	n/a	n/a
270.811	0.028	saccade	n/a	483.5	185.7	n/a	551.2	186.1	2.4	144.0
270.841	0.214	fixation	n/a	548.2	183.0	3083.0	n/a	n/a	n/a	n/a
271.057	0.064	saccade	n/a	548.1	181.9	n/a	167.4	245.0	13.48	341.0
271.123	0.248	fixation	n/a	168.4	243.9	3081.0	n/a	n/a	n/a	n/a
271.373	0.062	saccade	n/a	167.3	242.0	n/a	534.9	173.2	13.06	370.0
271.437	0.238	fixation	n/a	537.8	173.3	3104.0	n/a	n/a	n/a	n/a
271.677	0.024	saccade	n/a	537.9	175.8	n/a	576.3	175.0	1.36	98.0
271.703	0.06	fixation	n/a	570.7	175.4	3131.0	n/a	n/a	n/a	n/a
271.765	0.056	saccade	n/a	570.8	176.9	n/a	276.5	227.7	10.52	335.0
271.823	0.126	fixation	n/a	277.1	230.1	3227.0	n/a	n/a	n/a	n/a
271.951	0.024	saccade	n/a	273.5	233.0	n/a	234.9	242.8	1.39	107.0
271.977	0.154	fixation	n/a	238.6	243.5	3233.0	n/a	n/a	n/a	n/a
272.133	0.03	saccade	n/a	238.9	244.9	n/a	306.4	246.1	2.36	160.0
272.165	0.148	fixation	n/a	304.9	245.6	3282.0	n/a	n/a	n/a	n/a
272.315	0.032	saccade	n/a	306.5	245.6	n/a	394.0	244.1	3.09	173.0
272.349	0.128	fixation	n/a	391.2	244.5	3341.0	n/a	n/a	n/a	n/a
272.479	0.028	saccade	n/a	393.2	245.7	n/a	462.1	243.9	2.45	142.0
272.509	0.206	fixation	n/a	460.0	243.4	3315.0	n/a	n/a	n/a	n/a
272.717	0.024	saccade	n/a	458.9	241.7	n/a	412.2	243.3	1.66	128.0
272.743	0.244	fixation	n/a	416.4	245.1	3311.0	n/a	n/a	n/a	n/a
272.989	0.104	saccade	n/a	419.5	250.1	n/a	501.6	254.5	2.92	1852.0
273.019	0.032	blink	n/a	n/a	n/a	n/a	n/a	n/a	n/a	n/a
273.095	0.308	fixation	n/a	500.3	248.3	3165.0	n/a	n/a	n/a	n/a
273.405	0.022	saccade	n/a	505.5	249.3	n/a	550.4	250.3	1.59	107.0
273.429	0.174	fixation	n/a	546.4	251.5	3094.0	n/a	n/a	n/a	n/a
273.605	0.028	saccade	n/a	549.9	249.9	n/a	628.7	249.0	2.77	154.0
273.635	0.146	fixation	n/a	628.3	249.3	2976.0	n/a	n/a	n/a	n/a
273.783	0.072	saccade	n/a	630.0	253.2	n/a	155.3	315.7	16.66	356.0
273.857	0.112	fixation	n/a	158.9	319.0	2996.0	n/a	n/a	n/a	n/a
273.971	0.024	saccade	n/a	158.1	320.6	n/a	127.6	319.5	1.05	92.0
273.997	0.148	fixation	n/a	129.8	317.4	2968.0	n/a	n/a	n/a	n/a
274.147	0.034	saccade	n/a	129.2	314.7	n/a	233.2	223.6	4.82	218.0
274.183	0.156	fixation	n/a	245.1	212.9	2929.0	n/a	n/a	n/a	n/a
274.341	0.02	saccade	n/a	248.4	211.5	n/a	255.3	178.4	1.21	82.0
274.363	0.32	fixation	n/a	258.8	180.1	2878.0	n/a	n/a	n/a	n/a
274.458	0.0	trigger_11	11	n/a	n/a	n/a	n/a	n/a	n/a	n/a
274.522	0.0	trigger_10	10	n/a	n/a	n/a	n/a	n/a	n/a	n/a
274.685	0.032	saccade	n/a	257.8	179.6	n/a	163.4	182.6	3.29	188.0
274.719	0.344	fixation	n/a	159.8	180.8	2916.0	n/a	n/a	n/a	n/a
275.065	0.03	saccade	n/a	157.0	179.1	n/a	268.8	183.2	3.88	192.0
275.097	0.252	fixation	n/a	279.9	186.3	3009.0	n/a	n/a	n/a	n/a
275.351	0.03	saccade	n/a	282.5	187.7	n/a	356.1	189.1	2.6	149.0
275.383	0.16	fixation	n/a	355.5	187.2	2906.0	n/a	n/a	n/a	n/a
275.545	0.028	saccade	n/a	358.8	185.1	n/a	438.1	188.6	2.81	160.0
275.575	0.18	fixation	n/a	438.6	187.3	2711.0	n/a	n/a	n/a	n/a
275.757	0.018	saccade	n/a	438.8	188.4	n/a	411.4	187.6	0.98	71.0
275.777	0.16	fixation	n/a	413.9	186.3	2577.0	n/a	n/a	n/a	n/a
275.939	0.026	saccade	n/a	418.0	183.0	n/a	490.9	185.7	2.59	138.0
275.967	0.3	fixation	n/a	488.4	184.0	2557.0	n/a	n/a	n/a	n/a
276.269	0.026	saccade	n/a	482.8	186.0	n/a	553.6	182.4	2.52	129.0
276.297	0.264	fixation	n/a	559.5	179.8	2639.0	n/a	n/a	n/a	n/a
276.563	0.02	saccade	n/a	566.4	178.6	n/a	597.8	177.2	1.11	73.0
276.585	0.152	fixation	n/a	595.4	179.6	2678.0	n/a	n/a	n/a	n/a
276.739	0.068	saccade	n/a	594.2	176.4	n/a	163.3	244.4	15.21	366.0
276.809	0.122	fixation	n/a	165.6	247.3	2759.0	n/a	n/a	n/a	n/a
276.933	0.024	saccade	n/a	164.6	246.7	n/a	123.5	242.8	1.42	103.0
276.959	0.224	fixation	n/a	128.0	246.0	2751.0	n/a	n/a	n/a	n/a
277.185	0.028	saccade	n/a	128.4	246.7	n/a	206.4	247.3	2.69	149.0
277.215	0.144	fixation	n/a	209.1	246.8	2822.0	n/a	n/a	n/a	n/a
277.361	0.028	saccade	n/a	210.2	245.3	n/a	280.2	245.8	2.44	151.0
277.391	0.308	fixation	n/a	277.6	247.1	2901.0	n/a	n/a	n/a	n/a
277.701	0.024	saccade	n/a	277.8	247.3	n/a	335.4	249.5	2.03	121.0
277.727	0.164	fixation	n/a	332.8	250.3	2983.0	n/a	n/a	n/a	n/a
277.893	0.028	saccade	n/a	329.3	250.1	n/a	268.0	251.1	2.16	138.0
277.923	0.166	fixation	n/a	270.2	251.1	3078.0	n/a	n/a	n/a	n/a
278.091	0.126	saccade	n/a	270.6	255.4	n/a	329.4	265.7	2.1	1018.0
278.123	0.058	blink	n/a	n/a	n/a	n/a	n/a	n/a	n/a	n/a
278.219	0.14	fixation	n/a	330.8	256.7	3086.0	n/a	n/a	n/a	n/a
278.361	0.028	saccade	n/a	331.4	256.5	n/a	271.9	259.6	2.1	137.0
278.391	0.256	fixation	n/a	272.8	255.4	3149.0	n/a	n/a	n/a	n/a
278.649	0.304	saccade	n/a	266.6	253.1	n/a	355.2	194.9	3.76	2943.0
278.703	0.206	blink	n/a	n/a	n/a	n/a	n/a	n/a	n/a	n/a
278.955	0.114	fixation	n/a	353.5	194.0	3137.0	n/a	n/a	n/a	n/a
279.071	0.026	saccade	n/a	353.2	191.8	n/a	412.4	190.5	2.1	133.0
279.099	0.158	fixation	n/a	410.3	189.9	3040.0	n/a	n/a	n/a	n/a
279.259	0.028	saccade	n/a	411.6	191.6	n/a	481.9	191.4	2.5	146.0
279.289	0.274	fixation	n/a	480.1	191.7	3079.0	n/a	n/a	n/a	n/a
279.565	0.024	saccade	n/a	483.4	190.2	n/a	534.9	185.2	1.84	109.0
279.591	0.166	fixation	n/a	534.3	184.1	3120.0	n/a	n/a	n/a	n/a
279.759	0.036	saccade	n/a	536.3	184.3	n/a	416.4	185.9	4.26	231.0
279.797	0.564	fixation	n/a	415.8	188.2	3167.0	n/a	n/a	n/a	n/a
280.363	0.034	saccade	n/a	417.3	191.7	n/a	522.9	192.9	3.76	164.0
280.399	0.144	fixation	n/a	523.4	187.9	3139.0	n/a	n/a	n/a	n/a
280.545	0.024	saccade	n/a	525.4	186.7	n/a	579.7	190.0	1.93	114.0
280.571	0.322	fixation	n/a	578.4	185.2	3159.0	n/a	n/a	n/a	n/a
280.895	0.066	saccade	n/a	578.1	181.7	n/a	175.9	246.3	14.25	344.0
280.963	0.11	fixation	n/a	177.8	250.1	3253.0	n/a	n/a	n/a	n/a
281.075	0.028	saccade	n/a	177.8	251.7	n/a	123.3	253.0	1.87	152.0
281.105	0.23	fixation	n/a	127.5	253.6	3205.0	n/a	n/a	n/a	n/a
281.337	0.026	saccade	n/a	127.7	251.4	n/a	198.8	253.9	2.45	146.0
281.365	0.174	fixation	n/a	200.3	252.3	3161.0	n/a	n/a	n/a	n/a
281.541	0.028	saccade	n/a	202.5	252.0	n/a	270.9	250.1	2.39	151.0
281.571	0.258	fixation	n/a	268.0	246.0	3057.0	n/a	n/a	n/a	n/a
281.831	0.028	saccade	n/a	268.8	246.9	n/a	340.1	249.9	2.51	158.0
281.861	0.224	fixation	n/a	339.2	249.3	3041.0	n/a	n/a	n/a	n/a
282.087	0.02	saccade	n/a	337.6	247.9	n/a	306.5	247.7	1.1	76.0
282.109	0.132	fixation	n/a	309.7	250.1	2995.0	n/a	n/a	n/a	n/a
282.243	0.022	saccade	n/a	309.9	247.8	n/a	304.9	194.4	1.93	119.0
282.252	0.0	trigger_11	11	n/a	n/a	n/a	n/a	n/a	n/a	n/a
282.267	0.208	fixation	n/a	306.8	196.5	2978.0	n/a	n/a	n/a	n/a
282.312	0.0	trigger_10	10	n/a	n/a	n/a	n/a	n/a	n/a	n/a
282.477	0.04	saccade	n/a	305.7	195.7	n/a	163.4	188.8	4.97	242.0
282.519	0.078	fixation	n/a	165.0	189.6	3046.0	n/a	n/a	n/a	n/a
282.599	0.026	saccade	n/a	162.7	188.1	n/a	124.5	187.7	1.31	117.0
282.627	0.256	fixation	n/a	130.4	186.8	3085.0	n/a	n/a	n/a	n/a
282.885	0.036	saccade	n/a	134.9	190.0	n/a	264.8	195.8	4.51	233.0
282.923	0.21	fixation	n/a	265.5	195.6	3175.0	n/a	n/a	n/a	n/a
283.135	0.132	saccade	n/a	267.7	199.7	n/a	360.8	219.1	3.36	789.0
283.169	0.058	blink	n/a	n/a	n/a	n/a	n/a	n/a	n/a	n/a
283.269	0.208	fixation	n/a	365.4	207.0	3033.0	n/a	n/a	n/a	n/a
283.479	0.02	saccade	n/a	371.6	205.9	n/a	408.7	203.9	1.32	88.0
283.501	0.122	fixation	n/a	407.7	200.2	2961.0	n/a	n/a	n/a	n/a
283.625	0.026	saccade	n/a	408.3	199.5	n/a	351.5	200.6	2.02	130.0
283.653	0.166	fixation	n/a	354.7	197.7	2795.0	n/a	n/a	n/a	n/a
283.821	0.026	saccade	n/a	356.4	195.2	n/a	431.2	192.8	2.66	142.0
283.849	0.176	fixation	n/a	432.7	189.3	2580.0	n/a	n/a	n/a	n/a
284.027	0.024	saccade	n/a	435.7	185.9	n/a	494.5	185.7	2.09	113.0
284.053	0.248	fixation	n/a	499.9	183.0	2465.0	n/a	n/a	n/a	n/a
284.303	0.028	saccade	n/a	503.8	182.0	n/a	575.7	180.2	2.55	108.0
284.333	0.172	fixation	n/a	583.0	178.2	2421.0	n/a	n/a	n/a	n/a
284.507	0.064	saccade	n/a	582.7	175.3	n/a	165.0	234.3	14.73	372.0
284.573	0.266	fixation	n/a	163.6	239.2	2505.0	n/a	n/a	n/a	n/a
284.841	0.038	saccade	n/a	156.5	242.5	n/a	291.6	250.2	4.72	233.0
284.881	0.244	fixation	n/a	292.8	249.1	2705.0	n/a	n/a	n/a	n/a
285.127	0.026	saccade	n/a	293.8	247.6	n/a	357.0	247.7	2.23	142.0
285.155	0.162	fixation	n/a	355.2	247.1	2801.0	n/a	n/a	n/a	n/a
285.319	0.032	saccade	n/a	357.5	247.0	n/a	447.6	248.1	3.2	163.0
285.353	0.23	fixation	n/a	443.8	248.0	2883.0	n/a	n/a	n/a	n/a
285.585	0.036	saccade	n/a	442.2	248.3	n/a	307.8	201.6	5.05	234.0
285.623	0.076	fixation	n/a	305.2	199.7	2929.0	n/a	n/a	n/a	n/a
285.701	0.032	saccade	n/a	303.3	201.1	n/a	227.2	195.4	2.68	188.0
285.735	0.574	fixation	n/a	225.9	198.3	2992.0	n/a	n/a	n/a	n/a
286.084	0.0	trigger_11	11	n/a	n/a	n/a	n/a	n/a	n/a	n/a
286.14	0.0	trigger_10	10	n/a	n/a	n/a	n/a	n/a	n/a	n/a
286.311	0.028	saccade	n/a	223.2	194.3	n/a	159.3	187.5	2.22	145.0
286.341	0.172	fixation	n/a	161.9	187.2	3117.0	n/a	n/a	n/a	n/a
286.515	0.014	saccade	n/a	156.8	187.3	n/a	137.5	185.1	0.67	54.0
286.531	0.23	fixation	n/a	141.0	183.6	3203.0	n/a	n/a	n/a	n/a
286.763	0.016	saccade	n/a	145.6	184.3	n/a	165.5	188.1	0.7	53.0
286.781	0.18	fixation	n/a	168.4	191.1	3219.0	n/a	n/a	n/a	n/a
286.963	0.028	saccade	n/a	173.5	194.5	n/a	250.1	195.5	2.67	139.0
286.993	0.36	fixation	n/a	249.5	192.1	3083.0	n/a	n/a	n/a	n/a
287.355	0.026	saccade	n/a	254.2	191.7	n/a	312.1	193.7	2.04	106.0
287.383	0.496	fixation	n/a	304.9	191.0	2890.0	n/a	n/a	n/a	n/a
287.881	0.024	saccade	n/a	301.2	188.0	n/a	351.4	189.0	1.78	112.0
287.907	0.132	fixation	n/a	348.2	186.1	2875.0	n/a	n/a	n/a	n/a
288.041	0.024	saccade	n/a	350.0	182.7	n/a	399.7	185.3	1.76	93.0
288.067	0.22	fixation	n/a	401.3	189.4	3021.0	n/a	n/a	n/a	n/a
288.289	0.024	saccade	n/a	401.8	192.3	n/a	458.8	190.8	2.03	124.0
288.315	0.266	fixation	n/a	453.1	186.9	3172.0	n/a	n/a	n/a	n/a
288.583	0.028	saccade	n/a	454.6	185.9	n/a	528.0	183.0	2.61	143.0
288.613	0.164	fixation	n/a	525.5	182.0	3185.0	n/a	n/a	n/a	n/a
288.779	0.062	saccade	n/a	527.8	181.9	n/a	170.9	239.0	12.65	349.0
288.843	0.108	fixation	n/a	173.5	241.5	3218.0	n/a	n/a	n/a	n/a
288.953	0.028	saccade	n/a	173.1	241.9	n/a	126.4	249.3	1.63	141.0
288.983	0.188	fixation	n/a	128.5	249.0	3200.0	n/a	n/a	n/a	n/a
289.173	0.028	saccade	n/a	132.3	250.0	n/a	228.2	250.0	3.31	162.0
289.203	0.168	fixation	n/a	245.3	249.8	3110.0	n/a	n/a	n/a	n/a
289.373	0.024	saccade	n/a	247.8	250.1	n/a	302.2	247.1	1.91	124.0
289.399	0.152	fixation	n/a	301.8	248.2	3031.0	n/a	n/a	n/a	n/a
289.553	0.024	saccade	n/a	306.4	245.3	n/a	366.4	245.0	2.12	134.0
289.579	0.128	fixation	n/a	365.6	249.0	3039.0	n/a	n/a	n/a	n/a
289.709	0.03	saccade	n/a	366.8	249.7	n/a	464.6	250.6	3.48	166.0
289.741	0.246	fixation	n/a	466.9	249.6	3107.0	n/a	n/a	n/a	n/a
289.989	0.026	saccade	n/a	468.6	249.8	n/a	536.9	251.3	2.43	131.0
290.017	0.198	fixation	n/a	535.2	251.0	3140.0	n/a	n/a	n/a	n/a
290.217	0.016	saccade	n/a	533.2	250.6	n/a	509.4	251.3	0.85	67.0
290.235	0.112	fixation	n/a	514.5	250.3	3131.0	n/a	n/a	n/a	n/a
290.349	0.032	saccade	n/a	516.8	248.6	n/a	606.1	248.8	3.16	169.0
290.383	0.23	fixation	n/a	605.9	246.6	3025.0	n/a	n/a	n/a	n/a
290.615	0.028	saccade	n/a	607.2	245.6	n/a	671.8	245.7	2.27	123.0
290.645	0.412	fixation	n/a	669.3	246.6	2976.0	n/a	n/a	n/a	n/a
290.852	0.0	trigger_11	11	n/a	n/a	n/a	n/a	n/a	n/a	n/a
290.912	0.0	trigger_10	10	n/a	n/a	n/a	n/a	n/a	n/a	n/a
291.059	0.064	saccade	n/a	670.4	247.5	n/a	291.4	199.5	13.41	329.0
291.125	0.038	fixation	n/a	289.1	195.9	2999.0	n/a	n/a	n/a	n/a
291.165	0.032	saccade	n/a	286.1	194.0	n/a	201.6	188.2	2.96	203.0
291.199	0.1	fixation	n/a	203.4	189.7	2937.0	n/a	n/a	n/a	n/a
291.301	0.026	saccade	n/a	202.0	190.2	n/a	146.3	188.9	1.93	147.0
291.329	0.252	fixation	n/a	148.3	186.7	2939.0	n/a	n/a	n/a	n/a
291.583	0.026	saccade	n/a	152.7	189.9	n/a	216.8	190.7	2.22	144.0
291.611	0.192	fixation	n/a	216.5	189.3	3003.0	n/a	n/a	n/a	n/a
291.805	0.026	saccade	n/a	217.5	189.7	n/a	285.0	190.8	2.36	137.0
291.833	0.146	fixation	n/a	286.1	191.5	3080.0	n/a	n/a	n/a	n/a
291.981	0.02	saccade	n/a	288.2	191.8	n/a	325.3	193.2	1.31	87.0
292.003	0.106	fixation	n/a	324.5	194.7	3165.0	n/a	n/a	n/a	n/a
292.111	0.154	saccade	n/a	326.9	199.1	n/a	384.8	211.7	2.1	838.0
292.143	0.08	blink	n/a	n/a	n/a	n/a	n/a	n/a	n/a	n/a
292.267	0.382	fixation	n/a	386.0	195.4	3127.0	n/a	n/a	n/a	n/a
292.651	0.03	saccade	n/a	397.2	192.6	n/a	485.8	186.1	3.16	140.0
292.683	0.248	fixation	n/a	483.7	193.8	2952.0	n/a	n/a	n/a	n/a
292.933	0.03	saccade	n/a	482.4	190.2	n/a	572.5	188.6	3.21	167.0
292.965	0.22	fixation	n/a	572.4	188.3	2936.0	n/a	n/a	n/a	n/a
293.187	0.018	saccade	n/a	575.4	183.6	n/a	606.9	176.9	1.14	84.0
293.207	0.096	fixation	n/a	605.3	177.6	2985.0	n/a	n/a	n/a	n/a
293.305	0.068	saccade	n/a	605.4	179.9	n/a	167.2	255.5	15.53	362.0
293.375	0.18	fixation	n/a	169.8	258.4	3037.0	n/a	n/a	n/a	n/a
293.557	0.018	saccade	n/a	166.3	257.5	n/a	135.3	253.8	1.07	79.0
293.577	0.206	fixation	n/a	142.4	254.1	3017.0	n/a	n/a	n/a	n/a
293.785	0.028	saccade	n/a	145.2	249.6	n/a	212.2	252.6	2.32	145.0
293.815	0.076	fixation	n/a	209.6	252.4	3003.0	n/a	n/a	n/a	n/a
293.893	0.078	saccade	n/a	212.3	250.9	n/a	315.4	248.4	3.62	2682.0
293.973	0.118	fixation	n/a	315.0	251.6	3093.0	n/a	n/a	n/a	n/a
294.093	0.066	saccade	n/a	316.3	252.2	n/a	404.9	246.4	3.14	228.0
294.161	0.222	fixation	n/a	402.6	247.1	3070.0	n/a	n/a	n/a	n/a
294.385	0.028	saccade	n/a	404.8	250.0	n/a	481.1	246.9	2.72	156.0
294.415	0.162	fixation	n/a	482.5	246.9	3042.0	n/a	n/a	n/a	n/a
294.579	0.02	saccade	n/a	485.8	245.6	n/a	519.0	245.0	1.18	84.0
294.601	0.3	fixation	n/a	522.4	247.4	2884.0	n/a	n/a	n/a	n/a
294.903	0.026	saccade	n/a	527.1	248.8	n/a	587.2	246.8	2.14	121.0
294.931	0.19	fixation	n/a	584.8	245.3	2760.0	n/a	n/a	n/a	n/a
295.123	0.064	saccade	n/a	586.6	245.4	n/a	161.1	300.4	14.96	367.0
295.189	0.134	fixation	n/a	161.1	303.8	2715.0	n/a	n/a	n/a	n/a
295.325	0.02	saccade	n/a	157.7	304.9	n/a	122.2	304.6	1.22	93.0
295.347	0.226	fixation	n/a	127.3	303.0	2678.0	n/a	n/a	n/a	n/a
295.575	0.036	saccade	n/a	128.9	302.5	n/a	255.8	311.2	4.4	208.0
295.613	0.244	fixation	n/a	257.6	308.6	2616.0	n/a	n/a	n/a	n/a
295.859	0.15	saccade	n/a	259.5	308.6	n/a	377.0	305.5	4.15	1580.0
296.011	0.052	fixation	n/a	378.1	306.4	2530.0	n/a	n/a	n/a	n/a
296.065	0.148	saccade	n/a	377.2	308.7	n/a	451.2	304.1	2.63	2127.0
296.215	0.262	fixation	n/a	479.4	301.0	2453.0	n/a	n/a	n/a	n/a
296.479	0.03	saccade	n/a	480.8	302.1	n/a	566.8	300.8	3.06	159.0
296.511	0.232	fixation	n/a	569.1	299.8	2427.0	n/a	n/a	n/a	n/a
296.745	0.056	saccade	n/a	570.2	304.3	n/a	551.7	489.7	6.61	147.0
296.803	0.13	fixation	n/a	562.7	509.0	2449.0	n/a	n/a	n/a	n/a
296.935	0.032	saccade	n/a	561.7	512.7	n/a	450.2	522.0	3.91	215.0
296.969	0.05	fixation	n/a	452.5	523.1	2547.0	n/a	n/a	n/a	n/a
297.021	0.026	saccade	n/a	451.0	524.5	n/a	400.8	530.7	1.77	128.0
297.049	0.182	fixation	n/a	403.6	530.5	2516.0	n/a	n/a	n/a	n/a
297.233	0.024	saccade	n/a	405.5	529.6	n/a	452.5	522.3	1.66	92.0
297.259	0.138	fixation	n/a	456.5	519.5	2413.0	n/a	n/a	n/a	n/a
297.399	0.026	saccade	n/a	458.6	518.5	n/a	528.3	514.2	2.44	140.0
297.412	0.0	trigger_11	11	n/a	n/a	n/a	n/a	n/a	n/a	n/a
297.427	0.178	fixation	n/a	529.5	512.5	2365.0	n/a	n/a	n/a	n/a
297.47	0.0	trigger_12	12	n/a	n/a	n/a	n/a	n/a	n/a	n/a
297.607	1.38	saccade	n/a	529.1	511.3	n/a	436.0	195.5	11.67	3005.0
297.681	1.198	blink	n/a	n/a	n/a	n/a	n/a	n/a	n/a	n/a
298.989	0.124	fixation	n/a	435.0	192.7	3307.0	n/a	n/a	n/a	n/a
299.115	0.026	saccade	n/a	435.7	189.6	n/a	495.9	185.5	2.14	132.0
299.143	0.17	fixation	n/a	491.9	187.0	3269.0	n/a	n/a	n/a	n/a
299.315	0.032	saccade	n/a	493.3	190.3	n/a	576.5	191.5	2.96	165.0
299.349	0.18	fixation	n/a	573.1	191.4	3258.0	n/a	n/a	n/a	n/a
299.531	0.064	saccade	n/a	573.9	192.5	n/a	173.0	249.0	14.19	357.0
299.597	0.112	fixation	n/a	177.7	250.9	3307.0	n/a	n/a	n/a	n/a
299.711	0.028	saccade	n/a	178.5	252.9	n/a	134.6	256.7	1.52	135.0
299.741	0.298	fixation	n/a	136.4	256.6	3191.0	n/a	n/a	n/a	n/a
300.041	0.03	saccade	n/a	138.8	255.6	n/a	218.0	260.2	2.74	177.0
300.073	0.276	fixation	n/a	218.7	255.5	3007.0	n/a	n/a	n/a	n/a
300.351	0.02	saccade	n/a	217.0	256.4	n/a	180.7	251.9	1.27	89.0
300.373	0.076	fixation	n/a	184.7	250.9	3030.0	n/a	n/a	n/a	n/a
300.451	0.038	saccade	n/a	184.8	250.9	n/a	307.3	198.4	4.67	232.0
300.491	0.234	fixation	n/a	311.1	197.8	3084.0	n/a	n/a	n/a	n/a
300.727	0.03	saccade	n/a	313.2	199.4	n/a	243.6	194.8	2.46	157.0
300.759	0.492	fixation	n/a	243.2	194.3	3180.0	n/a	n/a	n/a	n/a
301.028	0.0	trigger_13	13	n/a	n/a	n/a	n/a	n/a	n/a	n/a
301.088	0.0	trigger_10	10	n/a	n/a	n/a	n/a	n/a	n/a	n/a
301.253	0.032	saccade	n/a	239.1	191.6	n/a	152.5	193.0	3.0	175.0
301.287	0.306	fixation	n/a	154.1	195.0	3300.0	n/a	n/a	n/a	n/a
301.595	0.028	saccade	n/a	153.7	194.8	n/a	221.7	197.2	2.36	151.0
301.625	0.172	fixation	n/a	219.3	195.6	3369.0	n/a	n/a	n/a	n/a
301.799	0.032	saccade	n/a	221.5	194.8	n/a	312.4	193.4	3.19	164.0
301.833	0.232	fixation	n/a	310.3	193.1	3373.0	n/a	n/a	n/a	n/a
302.067	0.026	saccade	n/a	313.1	194.8	n/a	376.8	196.3	2.26	135.0
302.095	0.22	fixation	n/a	372.7	193.1	3349.0	n/a	n/a	n/a	n/a
302.317	0.028	saccade	n/a	374.1	194.1	n/a	304.2	194.7	2.47	156.0
302.347	0.214	fixation	n/a	308.1	194.9	3274.0	n/a	n/a	n/a	n/a
302.563	0.028	saccade	n/a	309.1	192.7	n/a	381.3	193.0	2.55	144.0
302.593	0.216	fixation	n/a	380.5	195.6	3227.0	n/a	n/a	n/a	n/a
302.811	0.028	saccade	n/a	381.8	194.7	n/a	454.7	189.1	2.6	145.0
302.841	0.362	fixation	n/a	451.9	189.2	3216.0	n/a	n/a	n/a	n/a
303.205	0.022	saccade	n/a	450.0	187.0	n/a	400.3	186.6	1.77	112.0
303.229	0.316	fixation	n/a	400.6	186.2	3084.0	n/a	n/a	n/a	n/a
303.547	0.014	saccade	n/a	397.6	185.9	n/a	377.0	188.6	0.74	61.0
303.563	0.312	fixation	n/a	376.0	191.3	3144.0	n/a	n/a	n/a	n/a
303.668	0.0	trigger_11	11	n/a	n/a	n/a	n/a	n/a	n/a	n/a
303.736	0.0	trigger_10	10	n/a	n/a	n/a	n/a	n/a	n/a	n/a
303.877	0.04	saccade	n/a	374.1	192.3	n/a	213.5	190.3	5.65	246.0
303.919	0.038	fixation	n/a	214.4	191.6	3193.0	n/a	n/a	n/a	n/a
303.959	0.03	saccade	n/a	212.0	190.9	n/a	146.3	191.9	2.27	166.0
303.991	0.228	fixation	n/a	151.0	192.6	3239.0	n/a	n/a	n/a	n/a
304.221	0.038	saccade	n/a	153.3	190.1	n/a	288.8	192.0	4.71	198.0
304.261	0.26	fixation	n/a	288.7	189.4	3211.0	n/a	n/a	n/a	n/a
304.523	0.024	saccade	n/a	291.0	186.5	n/a	346.7	187.5	1.97	116.0
304.549	0.078	fixation	n/a	346.5	185.1	3152.0	n/a	n/a	n/a	n/a
304.629	0.034	saccade	n/a	348.1	184.3	n/a	454.2	186.5	3.76	198.0
304.665	0.3	fixation	n/a	454.0	186.2	3139.0	n/a	n/a	n/a	n/a
304.967	0.022	saccade	n/a	456.4	184.8	n/a	497.3	183.5	1.46	90.0
304.991	0.168	fixation	n/a	497.5	184.4	3174.0	n/a	n/a	n/a	n/a
305.161	0.026	saccade	n/a	498.8	183.9	n/a	568.9	181.9	2.49	138.0
305.189	0.156	fixation	n/a	568.0	182.6	3145.0	n/a	n/a	n/a	n/a
305.347	0.062	saccade	n/a	568.4	181.3	n/a	171.9	243.3	14.04	350.0
305.411	0.168	fixation	n/a	171.5	245.0	3148.0	n/a	n/a	n/a	n/a
305.581	0.024	saccade	n/a	169.2	245.7	n/a	125.8	246.7	1.49	115.0
305.607	0.224	fixation	n/a	129.3	246.4	3124.0	n/a	n/a	n/a	n/a
305.833	0.044	saccade	n/a	129.7	246.9	n/a	317.2	247.6	6.5	255.0
305.879	0.176	fixation	n/a	318.4	246.7	3075.0	n/a	n/a	n/a	n/a
306.057	0.034	saccade	n/a	318.9	246.7	n/a	425.5	246.8	3.77	212.0
306.093	0.276	fixation	n/a	427.7	246.1	3037.0	n/a	n/a	n/a	n/a
306.371	0.028	saccade	n/a	428.5	246.3	n/a	521.0	248.7	3.29	157.0
306.401	0.02	fixation	n/a	528.6	253.2	2869.0	n/a	n/a	n/a	n/a
306.423	0.13	saccade	n/a	534.5	259.7	n/a	534.6	254.9	0.17	477.0
306.463	0.044	blink	n/a	n/a	n/a	n/a	n/a	n/a	n/a	n/a
306.555	0.244	fixation	n/a	535.3	245.2	2789.0	n/a	n/a	n/a	n/a
306.801	0.032	saccade	n/a	537.4	244.8	n/a	629.8	242.7	3.26	169.0
306.835	0.25	fixation	n/a	632.4	245.1	2695.0	n/a	n/a	n/a	n/a
307.087	0.068	saccade	n/a	634.7	247.6	n/a	172.7	300.7	16.21	371.0
307.157	0.112	fixation	n/a	174.6	302.7	2568.0	n/a	n/a	n/a	n/a
307.271	0.022	saccade	n/a	175.9	302.9	n/a	137.4	307.5	1.34	100.0
307.295	0.184	fixation	n/a	139.6	305.5	2484.0	n/a	n/a	n/a	n/a
307.481	0.04	saccade	n/a	140.1	304.0	n/a	292.8	302.7	5.29	218.0
307.523	0.48	fixation	n/a	282.1	302.3	2422.0	n/a	n/a	n/a	n/a
308.005	0.02	saccade	n/a	276.1	300.4	n/a	309.5	301.6	1.17	80.0
308.027	0.204	fixation	n/a	310.0	301.6	2453.0	n/a	n/a	n/a	n/a
308.233	0.102	saccade	n/a	310.9	301.5	n/a	420.5	299.4	3.87	2336.0
308.337	0.18	fixation	n/a	420.3	298.2	2504.0	n/a	n/a	n/a	n/a
308.519	0.02	saccade	n/a	424.5	298.5	n/a	460.0	296.4	1.26	80.0
308.541	0.06	fixation	n/a	465.1	296.1	2397.0	n/a	n/a	n/a	n/a
308.603	0.03	saccade	n/a	468.3	296.7	n/a	554.4	294.1	3.05	167.0
308.635	0.276	fixation	n/a	555.3	294.2	2351.0	n/a	n/a	n/a	n/a
308.913	0.026	saccade	n/a	555.9	294.2	n/a	623.8	291.3	2.39	126.0
308.941	0.118	fixation	n/a	625.1	291.0	2290.0	n/a	n/a	n/a	n/a
309.061	0.066	saccade	n/a	625.6	293.4	n/a	178.6	349.6	15.65	376.0
309.129	0.138	fixation	n/a	180.8	350.4	2363.0	n/a	n/a	n/a	n/a
309.269	0.022	saccade	n/a	179.5	351.4	n/a	137.6	355.6	1.44	98.0
309.293	0.204	fixation	n/a	139.5	355.3	2449.0	n/a	n/a	n/a	n/a
309.499	0.038	saccade	n/a	141.7	355.7	n/a	263.3	355.8	4.2	150.0
309.539	0.17	fixation	n/a	276.9	356.8	2527.0	n/a	n/a	n/a	n/a
309.711	0.026	saccade	n/a	280.2	356.5	n/a	356.1	355.1	2.66	134.0
309.739	0.152	fixation	n/a	368.5	356.9	2598.0	n/a	n/a	n/a	n/a
309.893	0.03	saccade	n/a	371.0	357.0	n/a	463.6	352.3	3.28	178.0
309.925	0.172	fixation	n/a	464.2	352.2	2671.0	n/a	n/a	n/a	n/a
310.099	0.038	saccade	n/a	465.0	351.0	n/a	592.5	354.5	4.5	204.0
310.139	0.162	fixation	n/a	593.8	352.0	2691.0	n/a	n/a	n/a	n/a
310.303	0.02	saccade	n/a	593.1	352.7	n/a	554.9	353.1	1.35	95.0
310.325	0.152	fixation	n/a	556.7	352.6	2733.0	n/a	n/a	n/a	n/a
310.479	0.062	saccade	n/a	555.4	352.0	n/a	167.9	418.7	13.68	354.0
310.543	0.148	fixation	n/a	172.4	420.2	2794.0	n/a	n/a	n/a	n/a
310.693	0.018	saccade	n/a	171.0	421.3	n/a	140.2	419.8	1.05	80.0
310.713	0.314	fixation	n/a	143.4	419.0	2886.0	n/a	n/a	n/a	n/a
311.029	0.032	saccade	n/a	148.8	417.6	n/a	260.4	419.5	3.84	198.0
311.063	0.222	fixation	n/a	263.1	418.5	2964.0	n/a	n/a	n/a	n/a
311.287	0.54	saccade	n/a	266.2	420.4	n/a	288.4	191.5	8.18	1925.0
311.327	0.406	blink	n/a	n/a	n/a	n/a	n/a	n/a	n/a	n/a
311.829	0.258	fixation	n/a	291.8	190.0	3201.0	n/a	n/a	n/a	n/a
312.089	0.024	saccade	n/a	288.9	189.5	n/a	247.4	186.1	1.46	111.0
312.115	0.092	fixation	n/a	251.1	186.5	3258.0	n/a	n/a	n/a	n/a
312.209	0.046	saccade	n/a	252.1	187.2	n/a	429.2	189.9	6.23	256.0
312.257	0.228	fixation	n/a	431.6	185.8	3277.0	n/a	n/a	n/a	n/a
312.487	0.024	saccade	n/a	431.5	185.9	n/a	385.2	186.7	1.63	107.0
312.513	0.25	fixation	n/a	388.2	184.8	3334.0	n/a	n/a	n/a	n/a
312.765	0.032	saccade	n/a	390.0	185.2	n/a	475.1	177.8	3.0	169.0
312.799	0.174	fixation	n/a	473.8	179.5	3230.0	n/a	n/a	n/a	n/a
312.975	0.014	saccade	n/a	479.2	181.1	n/a	498.1	183.1	0.67	57.0
312.991	0.054	fixation	n/a	494.9	182.2	3153.0	n/a	n/a	n/a	n/a
313.047	0.042	saccade	n/a	494.6	181.2	n/a	322.9	182.8	6.04	273.0
313.091	0.3	fixation	n/a	321.0	186.5	3150.0	n/a	n/a	n/a	n/a
313.393	0.05	saccade	n/a	320.4	187.9	n/a	530.1	180.4	7.39	232.0
313.445	0.192	fixation	n/a	531.4	178.4	3299.0	n/a	n/a	n/a	n/a
313.639	0.056	saccade	n/a	530.5	180.0	n/a	283.9	195.3	8.7	226.0
313.697	0.036	fixation	n/a	286.9	195.3	3416.0	n/a	n/a	n/a	n/a
313.735	0.042	saccade	n/a	286.5	194.7	n/a	212.5	195.2	2.57	222.0
313.779	0.166	fixation	n/a	209.2	198.1	3376.0	n/a	n/a	n/a	n/a
313.947	0.03	saccade	n/a	210.4	200.2	n/a	169.4	240.8	2.02	157.0
313.979	0.158	fixation	n/a	169.2	239.8	3409.0	n/a	n/a	n/a	n/a
314.139	0.02	saccade	n/a	166.3	243.6	n/a	129.6	255.5	1.33	90.0
314.161	0.134	fixation	n/a	135.0	254.3	3438.0	n/a	n/a	n/a	n/a
314.297	0.058	saccade	n/a	136.2	254.0	n/a	507.7	177.2	13.21	386.0
314.357	0.196	fixation	n/a	512.9	179.6	3519.0	n/a	n/a	n/a	n/a
314.555	0.026	saccade	n/a	512.0	182.0	n/a	562.4	185.1	1.79	136.0
314.583	0.23	fixation	n/a	561.6	183.8	3522.0	n/a	n/a	n/a	n/a
314.815	0.062	saccade	n/a	560.6	181.6	n/a	196.9	245.4	12.92	339.0
314.879	0.142	fixation	n/a	200.7	249.2	3560.0	n/a	n/a	n/a	n/a
315.023	0.026	saccade	n/a	198.6	249.9	n/a	162.1	252.8	1.26	114.0
315.051	0.184	fixation	n/a	166.7	252.6	3594.0	n/a	n/a	n/a	n/a
315.237	0.028	saccade	n/a	166.8	253.9	n/a	113.8	250.4	1.82	144.0
315.267	0.206	fixation	n/a	118.9	251.3	3557.0	n/a	n/a	n/a	n/a
315.475	0.05	saccade	n/a	118.5	249.7	n/a	327.1	250.2	7.22	255.0
315.527	0.312	fixation	n/a	328.7	246.6	3587.0	n/a	n/a	n/a	n/a
315.841	0.03	saccade	n/a	332.4	247.7	n/a	415.4	249.0	2.93	179.0
315.873	0.152	fixation	n/a	412.1	248.6	3431.0	n/a	n/a	n/a	n/a
316.027	0.032	saccade	n/a	411.0	248.5	n/a	301.8	245.9	3.86	198.0
316.061	0.446	fixation	n/a	293.4	246.7	3236.0	n/a	n/a	n/a	n/a
316.509	0.03	saccade	n/a	288.9	246.3	n/a	382.8	201.5	3.68	177.0
316.541	0.274	fixation	n/a	399.7	190.4	3109.0	n/a	n/a	n/a	n/a
316.817	0.024	saccade	n/a	410.6	182.8	n/a	466.1	182.6	1.97	117.0
316.843	0.254	fixation	n/a	462.8	182.7	3094.0	n/a	n/a	n/a	n/a
317.099	0.026	saccade	n/a	464.6	180.8	n/a	530.5	178.2	2.33	132.0
317.127	0.156	fixation	n/a	528.8	179.5	3116.0	n/a	n/a	n/a	n/a
317.285	0.048	saccade	n/a	526.3	176.2	n/a	303.0	233.0	8.15	285.0
317.335	0.248	fixation	n/a	301.7	237.9	3205.0	n/a	n/a	n/a	n/a
317.585	0.04	saccade	n/a	301.1	241.3	n/a	434.2	248.9	4.72	236.0
317.627	0.156	fixation	n/a	434.2	248.4	3331.0	n/a	n/a	n/a	n/a
317.785	0.018	saccade	n/a	430.3	245.3	n/a	403.0	247.2	0.97	72.0
317.805	0.088	fixation	n/a	405.7	248.3	3343.0	n/a	n/a	n/a	n/a
317.895	0.118	saccade	n/a	408.8	252.1	n/a	525.6	257.4	4.15	2002.0
317.927	0.046	blink	n/a	n/a	n/a	n/a	n/a	n/a	n/a	n/a
318.015	0.152	fixation	n/a	525.3	247.1	3073.0	n/a	n/a	n/a	n/a
318.169	0.024	saccade	n/a	525.4	247.5	n/a	468.4	246.1	2.02	128.0
318.195	0.224	fixation	n/a	473.9	242.4	3096.0	n/a	n/a	n/a	n/a
318.421	0.158	saccade	n/a	477.1	246.3	n/a	504.2	248.6	0.96	2903.0
318.473	0.054	blink	n/a	n/a	n/a	n/a	n/a	n/a	n/a	n/a
318.581	0.062	fixation	n/a	503.4	238.4	2782.0	n/a	n/a	n/a	n/a
318.645	0.02	saccade	n/a	500.8	246.7	n/a	544.9	257.7	1.61	104.0
318.667	0.198	fixation	n/a	545.0	245.0	2820.0	n/a	n/a	n/a	n/a
318.867	0.034	saccade	n/a	546.3	239.2	n/a	625.0	237.6	2.77	133.0
318.903	0.192	fixation	n/a	627.8	237.8	2741.0	n/a	n/a	n/a	n/a
319.097	0.068	saccade	n/a	630.9	239.3	n/a	162.2	297.9	16.38	357.0
319.167	0.158	fixation	n/a	163.4	299.2	2616.0	n/a	n/a	n/a	n/a
319.327	0.018	saccade	n/a	162.1	301.0	n/a	134.1	299.1	0.96	69.0
319.347	0.154	fixation	n/a	133.2	299.2	2500.0	n/a	n/a	n/a	n/a
319.503	0.038	saccade	n/a	133.3	300.8	n/a	290.6	303.0	5.44	231.0
319.543	0.21	fixation	n/a	297.6	301.7	2401.0	n/a	n/a	n/a	n/a
319.755	0.016	saccade	n/a	295.5	301.3	n/a	272.3	302.2	0.81	61.0
319.773	0.214	fixation	n/a	270.7	299.7	2351.0	n/a	n/a	n/a	n/a
319.989	0.022	saccade	n/a	273.4	298.4	n/a	321.8	294.3	1.71	102.0
320.013	0.08	fixation	n/a	326.6	293.4	2318.0	n/a	n/a	n/a	n/a
320.095	0.032	saccade	n/a	325.9	291.0	n/a	437.1	297.4	3.94	190.0
320.129	0.29	fixation	n/a	439.2	295.6	2259.0	n/a	n/a	n/a	n/a
320.421	0.024	saccade	n/a	440.6	290.6	n/a	497.8	290.6	2.03	116.0
320.447	0.182	fixation	n/a	506.3	293.0	2211.0	n/a	n/a	n/a	n/a
320.631	0.026	saccade	n/a	507.7	293.2	n/a	571.7	293.9	2.27	121.0
320.659	0.204	fixation	n/a	573.3	292.7	2204.0	n/a	n/a	n/a	n/a
320.865	0.024	saccade	n/a	574.7	291.1	n/a	631.2	295.1	1.99	113.0
320.891	0.146	fixation	n/a	629.1	293.8	2271.0	n/a	n/a	n/a	n/a
321.039	0.07	saccade	n/a	629.0	292.7	n/a	166.2	345.3	16.18	372.0
321.111	0.128	fixation	n/a	165.5	348.5	2487.0	n/a	n/a	n/a	n/a
321.241	0.016	saccade	n/a	162.9	350.5	n/a	144.1	357.5	0.69	54.0
321.259	0.18	fixation	n/a	145.4	355.4	2589.0	n/a	n/a	n/a	n/a
321.441	0.04	saccade	n/a	146.7	357.0	n/a	302.5	368.0	5.41	248.0
321.483	0.24	fixation	n/a	301.2	367.0	2682.0	n/a	n/a	n/a	n/a
321.725	0.04	saccade	n/a	301.1	366.6	n/a	449.4	353.4	5.23	236.0
321.767	0.276	fixation	n/a	448.5	354.7	2788.0	n/a	n/a	n/a	n/a
322.045	0.034	saccade	n/a	448.4	357.0	n/a	564.6	355.4	4.11	198.0
322.081	0.26	fixation	n/a	564.5	355.7	2831.0	n/a	n/a	n/a	n/a
322.343	0.028	saccade	n/a	567.9	356.8	n/a	636.8	356.0	2.42	137.0
322.373	0.094	fixation	n/a	634.8	356.8	2859.0	n/a	n/a	n/a	n/a
322.469	0.07	saccade	n/a	636.5	356.1	n/a	155.7	409.7	16.72	387.0
322.541	0.552	fixation	n/a	151.2	416.0	2915.0	n/a	n/a	n/a	n/a
323.095	0.038	saccade	n/a	147.5	415.4	n/a	280.0	414.4	4.56	207.0
323.135	0.136	fixation	n/a	278.8	409.8	2914.0	n/a	n/a	n/a	n/a
323.273	0.058	saccade	n/a	279.8	409.3	n/a	619.9	359.2	12.02	346.0
323.333	0.11	fixation	n/a	623.9	358.8	2916.0	n/a	n/a	n/a	n/a
323.445	0.026	saccade	n/a	623.5	359.8	n/a	571.8	354.6	1.83	142.0
323.473	0.058	fixation	n/a	573.2	356.3	2986.0	n/a	n/a	n/a	n/a
323.533	0.022	saccade	n/a	570.9	355.8	n/a	534.4	357.2	1.29	102.0
323.557	0.304	fixation	n/a	536.9	358.6	3037.0	n/a	n/a	n/a	n/a
323.863	0.05	saccade	n/a	537.2	358.6	n/a	316.3	493.1	9.1	291.0
323.915	0.102	fixation	n/a	314.5	497.2	3190.0	n/a	n/a	n/a	n/a
324.019	0.02	saccade	n/a	315.8	497.9	n/a	329.0	528.2	1.15	80.0
324.041	0.16	fixation	n/a	330.4	521.1	3177.0	n/a	n/a	n/a	n/a
324.203	0.036	saccade	n/a	334.2	519.0	n/a	448.8	531.9	4.01	212.0
324.241	0.212	fixation	n/a	448.8	530.9	3091.0	n/a	n/a	n/a	n/a
324.455	0.132	saccade	n/a	451.8	528.3	n/a	409.5	195.9	11.86	1656.0
324.518	0.0	trigger_11	11	n/a	n/a	n/a	n/a	n/a	n/a	n/a
324.578	0.0	trigger_10	10	n/a	n/a	n/a	n/a	n/a	n/a	n/a
324.589	0.138	fixation	n/a	410.1	197.6	2890.0	n/a	n/a	n/a	n/a
324.729	0.044	saccade	n/a	410.1	198.2	n/a	222.6	181.2	6.63	277.0
324.775	0.058	fixation	n/a	222.5	179.3	2931.0	n/a	n/a	n/a	n/a
324.835	0.032	saccade	n/a	221.8	179.9	n/a	139.3	181.2	2.85	210.0
324.869	0.29	fixation	n/a	142.3	184.6	3075.0	n/a	n/a	n/a	n/a
325.161	0.032	saccade	n/a	141.8	184.4	n/a	233.2	188.6	3.17	189.0
325.195	0.188	fixation	n/a	233.6	190.7	3248.0	n/a	n/a	n/a	n/a
325.385	0.116	saccade	n/a	239.6	195.8	n/a	285.1	220.1	1.82	896.0
325.423	0.034	blink	n/a	n/a	n/a	n/a	n/a	n/a	n/a	n/a
325.503	0.232	fixation	n/a	288.3	205.3	3189.0	n/a	n/a	n/a	n/a
325.737	0.03	saccade	n/a	290.3	202.6	n/a	218.3	205.5	2.52	159.0
325.769	0.31	fixation	n/a	223.6	204.0	3065.0	n/a	n/a	n/a	n/a
326.081	0.03	saccade	n/a	228.1	199.5	n/a	306.3	200.1	2.74	170.0
326.113	0.162	fixation	n/a	302.7	200.9	3051.0	n/a	n/a	n/a	n/a
326.277	0.148	saccade	n/a	303.3	203.0	n/a	330.1	201.6	0.95	757.0
326.309	0.076	blink	n/a	n/a	n/a	n/a	n/a	n/a	n/a	n/a
326.427	0.204	fixation	n/a	325.5	193.8	3089.0	n/a	n/a	n/a	n/a
326.633	0.026	saccade	n/a	325.3	196.3	n/a	379.4	196.0	1.92	133.0
326.661	0.174	fixation	n/a	376.0	196.9	3185.0	n/a	n/a	n/a	n/a
326.837	0.026	saccade	n/a	379.9	199.1	n/a	452.6	199.8	2.59	136.0
326.865	0.178	fixation	n/a	452.2	196.7	3110.0	n/a	n/a	n/a	n/a
327.045	0.018	saccade	n/a	457.0	191.5	n/a	486.5	193.6	1.05	75.0
327.065	0.188	fixation	n/a	481.7	197.8	3102.0	n/a	n/a	n/a	n/a
327.255	0.016	saccade	n/a	488.3	200.2	n/a	509.5	194.4	0.78	58.0
327.273	0.182	fixation	n/a	520.3	192.4	3083.0	n/a	n/a	n/a	n/a
327.457	0.062	saccade	n/a	520.9	188.1	n/a	136.9	251.8	13.57	350.0
327.521	0.322	fixation	n/a	141.5	251.3	3181.0	n/a	n/a	n/a	n/a
327.845	0.03	saccade	n/a	143.2	249.0	n/a	225.2	252.0	2.83	178.0
327.877	0.214	fixation	n/a	225.5	254.4	3197.0	n/a	n/a	n/a	n/a
328.093	0.028	saccade	n/a	230.0	255.7	n/a	294.8	255.3	2.27	146.0
328.123	0.226	fixation	n/a	291.9	252.9	3150.0	n/a	n/a	n/a	n/a
328.351	0.02	saccade	n/a	295.1	252.8	n/a	335.4	251.8	1.42	95.0
328.373	0.162	fixation	n/a	333.2	251.8	3083.0	n/a	n/a	n/a	n/a
328.537	0.028	saccade	n/a	334.9	253.6	n/a	404.0	247.1	2.47	150.0
328.567	0.22	fixation	n/a	401.8	243.9	3037.0	n/a	n/a	n/a	n/a
328.789	0.034	saccade	n/a	405.8	244.5	n/a	506.8	242.0	3.6	174.0
328.825	0.168	fixation	n/a	503.8	240.5	3075.0	n/a	n/a	n/a	n/a
328.995	0.024	saccade	n/a	505.5	240.5	n/a	566.3	241.8	2.16	126.0
329.021	0.16	fixation	n/a	567.8	243.2	3057.0	n/a	n/a	n/a	n/a
329.183	0.028	saccade	n/a	571.3	243.2	n/a	638.6	243.3	2.38	138.0
329.213	0.134	fixation	n/a	634.2	242.5	2994.0	n/a	n/a	n/a	n/a
329.349	0.068	saccade	n/a	634.9	241.9	n/a	164.2	298.4	16.52	377.0
329.419	0.14	fixation	n/a	164.8	301.3	3097.0	n/a	n/a	n/a	n/a
329.561	0.02	saccade	n/a	166.0	303.7	n/a	136.3	307.0	1.03	83.0
329.583	0.196	fixation	n/a	141.6	306.6	3078.0	n/a	n/a	n/a	n/a
329.781	0.034	saccade	n/a	143.2	304.9	n/a	244.3	309.8	3.5	204.0
329.817	0.224	fixation	n/a	242.7	309.1	3088.0	n/a	n/a	n/a	n/a
330.043	0.028	saccade	n/a	243.3	311.4	n/a	315.0	310.8	2.52	157.0
330.073	0.154	fixation	n/a	310.6	308.1	3048.0	n/a	n/a	n/a	n/a
330.229	0.026	saccade	n/a	311.3	306.9	n/a	378.2	305.5	2.36	145.0
330.257	0.274	fixation	n/a	378.7	305.6	3024.0	n/a	n/a	n/a	n/a
330.533	0.032	saccade	n/a	380.2	304.6	n/a	478.6	301.6	3.49	182.0
330.567	0.24	fixation	n/a	479.3	303.5	2899.0	n/a	n/a	n/a	n/a
330.809	0.028	saccade	n/a	481.0	302.5	n/a	541.1	305.7	2.14	123.0
330.839	0.25	fixation	n/a	539.4	302.6	2832.0	n/a	n/a	n/a	n/a
331.091	0.018	saccade	n/a	539.0	302.7	n/a	509.0	299.4	1.07	78.0
331.111	0.206	fixation	n/a	514.7	298.4	2757.0	n/a	n/a	n/a	n/a
331.319	0.026	saccade	n/a	519.3	300.5	n/a	574.0	302.8	1.94	128.0
331.347	0.264	fixation	n/a	573.6	300.3	2638.0	n/a	n/a	n/a	n/a
331.416	0.0	trigger_11	11	n/a	n/a	n/a	n/a	n/a	n/a	n/a
331.474	0.0	trigger_10	10	n/a	n/a	n/a	n/a	n/a	n/a	n/a
331.613	0.054	saccade	n/a	573.9	300.5	n/a	307.9	194.1	10.15	321.0
331.669	0.026	fixation	n/a	308.4	193.0	2679.0	n/a	n/a	n/a	n/a
331.697	0.036	saccade	n/a	306.9	192.6	n/a	190.2	163.7	4.2	232.0
331.735	0.076	fixation	n/a	187.1	165.8	2662.0	n/a	n/a	n/a	n/a
331.813	0.026	saccade	n/a	185.9	168.1	n/a	141.6	176.7	1.56	122.0
331.841	0.108	fixation	n/a	144.1	178.6	2650.0	n/a	n/a	n/a	n/a
331.951	0.038	saccade	n/a	144.2	178.7	n/a	144.5	176.5	0.08	449.0
331.991	0.038	fixation	n/a	144.2	175.2	2661.0	n/a	n/a	n/a	n/a
332.031	0.032	saccade	n/a	145.1	175.0	n/a	238.5	178.6	3.23	175.0
332.065	0.186	fixation	n/a	238.6	179.0	2719.0	n/a	n/a	n/a	n/a
332.253	0.028	saccade	n/a	240.9	180.4	n/a	317.3	182.9	2.69	159.0
332.283	0.126	fixation	n/a	318.7	181.7	2774.0	n/a	n/a	n/a	n/a
332.411	0.028	saccade	n/a	323.2	183.5	n/a	397.7	187.9	2.65	153.0
332.441	0.398	fixation	n/a	390.2	187.6	2841.0	n/a	n/a	n/a	n/a
332.841	0.032	saccade	n/a	385.8	190.7	n/a	485.6	185.8	3.56	177.0
332.875	0.524	fixation	n/a	475.5	187.0	3009.0	n/a	n/a	n/a	n/a
333.401	0.02	saccade	n/a	473.1	190.6	n/a	501.3	189.4	1.01	61.0
333.423	0.13	fixation	n/a	503.9	188.7	2995.0	n/a	n/a	n/a	n/a
333.555	0.026	saccade	n/a	504.0	189.8	n/a	570.4	185.5	2.37	129.0
333.583	0.166	fixation	n/a	570.3	181.2	3022.0	n/a	n/a	n/a	n/a
333.751	0.022	saccade	n/a	571.8	179.3	n/a	611.0	181.3	1.38	86.0
333.775	0.264	fixation	n/a	605.8	180.3	3133.0	n/a	n/a	n/a	n/a
334.041	0.068	saccade	n/a	606.5	180.7	n/a	172.8	236.5	15.27	365.0
334.111	0.282	fixation	n/a	166.4	243.7	3177.0	n/a	n/a	n/a	n/a
334.395	0.032	saccade	n/a	160.6	244.5	n/a	250.9	247.6	3.13	194.0
334.429	0.118	fixation	n/a	249.9	244.3	3190.0	n/a	n/a	n/a	n/a
334.549	0.032	saccade	n/a	252.8	242.4	n/a	357.2	245.3	3.68	218.0
334.583	0.178	fixation	n/a	358.8	245.3	3149.0	n/a	n/a	n/a	n/a
334.763	0.03	saccade	n/a	361.4	245.9	n/a	442.9	248.5	2.9	172.0
334.795	0.25	fixation	n/a	439.6	246.0	3076.0	n/a	n/a	n/a	n/a
334.992	0.0	trigger_11	11	n/a	n/a	n/a	n/a	n/a	n/a	n/a
335.047	0.016	saccade	n/a	441.6	249.3	n/a	462.7	250.7	0.75	57.0
335.054	0.0	trigger_10	10	n/a	n/a	n/a	n/a	n/a	n/a	n/a
335.065	0.19	fixation	n/a	459.5	247.4	2995.0	n/a	n/a	n/a	n/a
335.257	0.148	saccade	n/a	460.2	247.8	n/a	124.9	187.7	11.9	1182.0
335.407	0.198	fixation	n/a	124.6	191.4	2985.0	n/a	n/a	n/a	n/a
335.607	0.09	saccade	n/a	125.8	191.5	n/a	242.3	192.0	4.04	2493.0
335.699	0.142	fixation	n/a	242.8	191.7	3208.0	n/a	n/a	n/a	n/a
335.843	0.032	saccade	n/a	242.4	187.3	n/a	343.9	189.1	3.57	188.0
335.877	0.356	fixation	n/a	345.3	193.6	3185.0	n/a	n/a	n/a	n/a
336.235	0.02	saccade	n/a	350.0	195.7	n/a	388.9	192.0	1.39	88.0
336.257	0.168	fixation	n/a	393.6	188.6	3112.0	n/a	n/a	n/a	n/a
336.427	0.032	saccade	n/a	397.5	187.3	n/a	492.6	187.3	3.38	166.0
336.461	0.272	fixation	n/a	492.1	186.1	3085.0	n/a	n/a	n/a	n/a
336.735	0.036	saccade	n/a	493.6	185.4	n/a	600.4	184.6	3.79	166.0
336.773	0.234	fixation	n/a	599.0	181.8	3150.0	n/a	n/a	n/a	n/a
337.009	0.014	saccade	n/a	602.7	185.7	n/a	619.8	189.5	0.62	49.0
337.025	0.028	fixation	n/a	615.8	190.3	3144.0	n/a	n/a	n/a	n/a
337.055	0.07	saccade	n/a	614.6	191.0	n/a	146.7	239.2	16.42	377.0
337.127	0.132	fixation	n/a	148.0	242.8	3129.0	n/a	n/a	n/a	n/a
337.261	0.014	saccade	n/a	146.9	245.6	n/a	130.5	250.1	0.59	51.0
337.277	0.14	fixation	n/a	134.7	248.2	3065.0	n/a	n/a	n/a	n/a
337.419	0.034	saccade	n/a	138.0	248.5	n/a	251.2	252.2	3.93	204.0
337.455	0.25	fixation	n/a	249.7	247.6	3102.0	n/a	n/a	n/a	n/a
337.707	0.026	saccade	n/a	251.9	245.2	n/a	326.0	247.2	2.61	142.0
337.735	0.162	fixation	n/a	328.5	247.0	3068.0	n/a	n/a	n/a	n/a
337.899	0.024	saccade	n/a	331.1	245.9	n/a	387.2	246.4	1.99	117.0
337.925	0.164	fixation	n/a	389.8	245.4	3044.0	n/a	n/a	n/a	n/a
338.091	0.026	saccade	n/a	391.8	244.8	n/a	451.0	243.7	2.11	129.0
338.119	0.212	fixation	n/a	448.9	243.8	3055.0	n/a	n/a	n/a	n/a
338.333	0.03	saccade	n/a	451.8	242.0	n/a	528.8	241.1	2.74	159.0
338.365	0.258	fixation	n/a	529.6	240.9	2964.0	n/a	n/a	n/a	n/a
338.625	0.062	saccade	n/a	530.6	240.1	n/a	170.5	292.5	12.73	333.0
338.689	0.12	fixation	n/a	175.1	297.5	2867.0	n/a	n/a	n/a	n/a
338.811	0.022	saccade	n/a	175.7	299.8	n/a	140.5	309.4	1.26	95.0
338.835	0.23	fixation	n/a	144.3	307.3	2809.0	n/a	n/a	n/a	n/a
339.067	0.02	saccade	n/a	147.9	306.3	n/a	182.0	305.6	1.18	81.0
339.089	0.104	fixation	n/a	184.4	305.9	2775.0	n/a	n/a	n/a	n/a
339.195	0.062	saccade	n/a	186.4	303.2	n/a	301.5	166.2	6.34	1640.0
339.259	0.132	fixation	n/a	303.5	168.0	2738.0	n/a	n/a	n/a	n/a
339.344	0.0	trigger_11	11	n/a	n/a	n/a	n/a	n/a	n/a	n/a
339.393	0.028	saccade	n/a	303.2	168.8	n/a	240.9	182.0	2.24	141.0
339.404	0.0	trigger_10	10	n/a	n/a	n/a	n/a	n/a	n/a	n/a
339.423	0.186	fixation	n/a	240.6	180.9	2774.0	n/a	n/a	n/a	n/a
339.611	0.032	saccade	n/a	239.3	181.1	n/a	153.0	183.5	2.99	171.0
339.645	0.206	fixation	n/a	154.8	184.7	2896.0	n/a	n/a	n/a	n/a
339.853	0.114	saccade	n/a	153.5	183.7	n/a	167.0	186.0	0.47	1847.0
339.969	0.022	fixation	n/a	166.8	186.1	3064.0	n/a	n/a	n/a	n/a
339.993	0.022	saccade	n/a	165.1	186.5	n/a	125.3	188.2	1.37	97.0
340.017	0.1	fixation	n/a	131.6	189.8	3014.0	n/a	n/a	n/a	n/a
340.119	0.032	saccade	n/a	132.4	189.0	n/a	239.8	193.6	3.73	203.0
340.153	0.298	fixation	n/a	238.8	191.1	3029.0	n/a	n/a	n/a	n/a
340.453	0.03	saccade	n/a	239.8	192.0	n/a	327.1	193.2	3.08	179.0
340.485	0.158	fixation	n/a	323.3	193.2	3150.0	n/a	n/a	n/a	n/a
340.645	0.034	saccade	n/a	325.5	193.2	n/a	431.7	190.6	3.77	199.0
340.681	0.216	fixation	n/a	429.6	193.4	3242.0	n/a	n/a	n/a	n/a
340.899	0.014	saccade	n/a	425.9	194.3	n/a	406.7	195.8	0.69	57.0
340.915	0.242	fixation	n/a	408.2	194.1	3211.0	n/a	n/a	n/a	n/a
341.159	0.026	saccade	n/a	411.8	195.9	n/a	487.9	188.9	2.72	145.0
341.187	0.264	fixation	n/a	491.3	186.2	3163.0	n/a	n/a	n/a	n/a
341.453	0.016	saccade	n/a	489.9	181.9	n/a	467.6	185.9	0.81	63.0
341.471	0.168	fixation	n/a	469.1	187.7	3198.0	n/a	n/a	n/a	n/a
341.641	0.022	saccade	n/a	471.1	191.4	n/a	517.2	187.8	1.65	102.0
341.665	0.052	fixation	n/a	515.6	189.4	3210.0	n/a	n/a	n/a	n/a
341.719	0.068	saccade	n/a	515.6	193.4	n/a	499.5	506.5	11.14	233.0
341.789	0.166	fixation	n/a	495.8	506.2	3202.0	n/a	n/a	n/a	n/a
341.957	0.026	saccade	n/a	492.0	513.4	n/a	445.0	522.2	1.67	121.0
341.985	0.2	fixation	n/a	446.8	521.2	3112.0	n/a	n/a	n/a	n/a
342.187	0.064	saccade	n/a	450.2	520.6	n/a	470.7	168.4	12.51	288.0
342.253	0.2	fixation	n/a	477.2	166.2	2796.0	n/a	n/a	n/a	n/a
342.455	0.016	saccade	n/a	482.5	166.9	n/a	500.0	177.8	0.74	58.0
342.473	0.068	fixation	n/a	498.3	176.7	2751.0	n/a	n/a	n/a	n/a
342.543	0.072	saccade	n/a	499.0	178.5	n/a	485.1	522.6	12.21	269.0
342.617	0.146	fixation	n/a	482.7	521.3	2888.0	n/a	n/a	n/a	n/a
342.765	0.024	saccade	n/a	480.1	522.1	n/a	442.2	525.3	1.33	108.0
342.791	0.366	fixation	n/a	449.2	523.4	2935.0	n/a	n/a	n/a	n/a
342.976	0.0	trigger_11	11	n/a	n/a	n/a	n/a	n/a	n/a	n/a
343.034	0.0	trigger_10	10	n/a	n/a	n/a	n/a	n/a	n/a	n/a
343.159	0.062	saccade	n/a	452.8	518.2	n/a	302.1	201.9	12.39	314.0
343.223	0.048	fixation	n/a	301.1	199.0	2812.0	n/a	n/a	n/a	n/a
343.273	0.602	saccade	n/a	300.9	200.9	n/a	332.9	188.6	1.21	2653.0
343.427	0.414	blink	n/a	n/a	n/a	n/a	n/a	n/a	n/a	n/a
343.877	0.16	fixation	n/a	331.1	187.1	2868.0	n/a	n/a	n/a	n/a
344.039	0.014	saccade	n/a	328.1	188.6	n/a	310.4	190.0	0.63	51.0
344.055	0.124	fixation	n/a	311.5	189.5	2909.0	n/a	n/a	n/a	n/a
344.181	0.028	saccade	n/a	310.3	190.2	n/a	260.8	191.4	1.74	125.0
344.211	0.184	fixation	n/a	262.2	193.3	2959.0	n/a	n/a	n/a	n/a
344.397	0.026	saccade	n/a	261.9	194.0	n/a	319.4	194.4	2.02	127.0
344.425	0.124	fixation	n/a	316.5	195.8	3010.0	n/a	n/a	n/a	n/a
344.551	0.03	saccade	n/a	316.8	191.1	n/a	395.0	190.4	2.77	157.0
344.583	0.184	fixation	n/a	391.8	192.9	3128.0	n/a	n/a	n/a	n/a
344.769	0.042	saccade	n/a	391.5	194.4	n/a	532.8	188.3	5.03	224.0
344.813	0.144	fixation	n/a	534.0	183.8	3171.0	n/a	n/a	n/a	n/a
344.959	0.024	saccade	n/a	532.9	181.5	n/a	490.3	182.7	1.51	120.0
344.985	0.12	fixation	n/a	494.4	182.8	3168.0	n/a	n/a	n/a	n/a
345.107	0.056	saccade	n/a	494.6	185.3	n/a	150.4	245.9	12.23	360.0
345.165	0.158	fixation	n/a	154.4	246.3	3134.0	n/a	n/a	n/a	n/a
345.325	0.014	saccade	n/a	152.1	249.2	n/a	130.9	252.6	0.74	61.0
345.341	0.186	fixation	n/a	134.2	251.7	3172.0	n/a	n/a	n/a	n/a
345.529	0.032	saccade	n/a	136.1	251.8	n/a	222.9	254.5	3.0	188.0
345.563	0.182	fixation	n/a	222.3	253.9	3211.0	n/a	n/a	n/a	n/a
345.747	0.016	saccade	n/a	222.7	257.2	n/a	199.9	254.8	0.8	63.0
345.765	0.204	fixation	n/a	202.4	252.9	3209.0	n/a	n/a	n/a	n/a
345.971	0.024	saccade	n/a	203.7	252.2	n/a	254.3	252.8	1.76	112.0
345.997	0.09	fixation	n/a	251.8	254.3	3173.0	n/a	n/a	n/a	n/a
346.089	0.13	saccade	n/a	255.8	258.5	n/a	271.3	266.5	0.62	1354.0
346.123	0.054	blink	n/a	n/a	n/a	n/a	n/a	n/a	n/a	n/a
346.221	0.126	fixation	n/a	274.5	257.6	3071.0	n/a	n/a	n/a	n/a
346.349	0.022	saccade	n/a	278.1	251.5	n/a	328.3	254.2	1.77	114.0
346.373	0.156	fixation	n/a	328.9	253.8	3128.0	n/a	n/a	n/a	n/a
346.531	0.03	saccade	n/a	328.7	253.7	n/a	405.1	254.5	2.71	143.0
346.563	0.168	fixation	n/a	398.8	251.3	3037.0	n/a	n/a	n/a	n/a
346.733	0.026	saccade	n/a	397.0	248.7	n/a	467.0	247.9	2.49	141.0
346.761	0.162	fixation	n/a	466.1	247.9	2942.0	n/a	n/a	n/a	n/a
346.925	0.024	saccade	n/a	467.0	247.9	n/a	527.1	251.6	2.14	125.0
346.951	0.152	fixation	n/a	525.2	247.2	2926.0	n/a	n/a	n/a	n/a
347.105	0.022	saccade	n/a	526.7	244.6	n/a	579.4	246.0	1.87	112.0
347.129	0.078	fixation	n/a	576.4	245.8	2944.0	n/a	n/a	n/a	n/a
347.209	0.064	saccade	n/a	576.6	244.4	n/a	161.8	305.5	14.67	371.0
347.275	0.17	fixation	n/a	161.0	312.3	2995.0	n/a	n/a	n/a	n/a
347.447	0.014	saccade	n/a	158.5	316.7	n/a	141.3	316.4	0.59	48.0
347.463	0.136	fixation	n/a	141.5	316.0	3029.0	n/a	n/a	n/a	n/a
347.601	0.052	saccade	n/a	141.3	315.3	n/a	436.2	310.3	10.31	348.0
347.655	0.178	fixation	n/a	438.6	309.6	3108.0	n/a	n/a	n/a	n/a
347.835	0.032	saccade	n/a	438.0	307.6	n/a	328.1	306.0	3.89	236.0
347.869	0.156	fixation	n/a	329.4	307.0	3106.0	n/a	n/a	n/a	n/a
348.027	0.022	saccade	n/a	327.0	309.1	n/a	286.2	306.3	1.44	111.0
348.051	0.07	fixation	n/a	291.2	307.9	3027.0	n/a	n/a	n/a	n/a
348.123	0.028	saccade	n/a	289.6	308.3	n/a	226.4	306.2	2.22	162.0
348.153	0.252	fixation	n/a	229.4	306.4	2974.0	n/a	n/a	n/a	n/a
348.407	0.026	saccade	n/a	231.3	304.4	n/a	295.4	306.4	2.25	119.0
348.435	0.036	fixation	n/a	298.0	306.3	2966.0	n/a	n/a	n/a	n/a
348.473	0.028	saccade	n/a	301.2	306.0	n/a	384.1	303.8	2.93	140.0
348.503	0.252	fixation	n/a	390.8	303.4	2933.0	n/a	n/a	n/a	n/a
348.757	0.02	saccade	n/a	394.5	304.8	n/a	428.4	304.6	1.2	76.0
348.779	0.19	fixation	n/a	429.2	306.5	2854.0	n/a	n/a	n/a	n/a
348.971	0.026	saccade	n/a	431.6	304.2	n/a	475.6	251.3	2.47	121.0
348.999	0.308	fixation	n/a	482.3	248.8	2742.0	n/a	n/a	n/a	n/a
349.309	0.034	saccade	n/a	480.5	251.8	n/a	348.0	211.5	4.93	226.0
349.345	0.26	fixation	n/a	341.2	208.9	2937.0	n/a	n/a	n/a	n/a
349.4	0.0	trigger_11	11	n/a	n/a	n/a	n/a	n/a	n/a	n/a
349.46	0.0	trigger_10	10	n/a	n/a	n/a	n/a	n/a	n/a	n/a
349.607	0.04	saccade	n/a	341.0	205.4	n/a	178.6	182.0	5.75	257.0
349.649	0.042	fixation	n/a	180.9	184.7	2975.0	n/a	n/a	n/a	n/a
349.693	0.028	saccade	n/a	179.7	187.2	n/a	126.8	186.3	1.82	146.0
349.723	0.194	fixation	n/a	130.7	185.0	3018.0	n/a	n/a	n/a	n/a
349.919	0.026	saccade	n/a	132.5	184.5	n/a	195.6	188.3	2.18	144.0
349.947	0.234	fixation	n/a	192.3	186.9	3108.0	n/a	n/a	n/a	n/a
350.183	0.032	saccade	n/a	193.9	186.7	n/a	284.5	192.6	3.17	177.0
350.217	0.138	fixation	n/a	283.8	194.1	3148.0	n/a	n/a	n/a	n/a
350.357	0.026	saccade	n/a	284.0	195.2	n/a	242.3	194.5	1.47	116.0
350.385	0.166	fixation	n/a	245.4	194.6	3189.0	n/a	n/a	n/a	n/a
350.553	0.158	saccade	n/a	244.7	196.3	n/a	197.9	186.4	1.67	1120.0
350.585	0.08	blink	n/a	n/a	n/a	n/a	n/a	n/a	n/a	n/a
350.713	0.178	fixation	n/a	199.3	189.4	3119.0	n/a	n/a	n/a	n/a
350.893	0.036	saccade	n/a	196.0	193.7	n/a	321.3	200.1	4.39	199.0
350.931	0.166	fixation	n/a	321.7	198.8	3133.0	n/a	n/a	n/a	n/a
351.099	0.028	saccade	n/a	322.1	196.1	n/a	397.6	193.0	2.68	174.0
351.129	0.236	fixation	n/a	396.8	190.9	3034.0	n/a	n/a	n/a	n/a
351.367	0.022	saccade	n/a	397.1	194.5	n/a	450.0	191.7	1.89	118.0
351.391	0.164	fixation	n/a	449.8	191.1	3018.0	n/a	n/a	n/a	n/a
351.557	0.026	saccade	n/a	453.2	191.4	n/a	511.3	189.6	2.07	111.0
351.585	0.174	fixation	n/a	514.9	178.5	2946.0	n/a	n/a	n/a	n/a
351.761	0.024	saccade	n/a	519.6	178.1	n/a	579.7	181.3	2.14	123.0
351.787	0.14	fixation	n/a	576.3	183.1	2893.0	n/a	n/a	n/a	n/a
351.929	0.066	saccade	n/a	572.6	184.1	n/a	152.1	246.0	14.84	373.0
351.997	0.146	fixation	n/a	156.8	242.0	2985.0	n/a	n/a	n/a	n/a
352.145	0.018	saccade	n/a	155.6	232.9	n/a	122.7	235.6	1.13	83.0
352.165	0.186	fixation	n/a	128.0	239.1	3065.0	n/a	n/a	n/a	n/a
352.353	0.028	saccade	n/a	127.0	244.7	n/a	194.4	240.4	2.33	150.0
352.383	0.152	fixation	n/a	191.6	240.5	3144.0	n/a	n/a	n/a	n/a
352.537	0.03	saccade	n/a	189.7	243.1	n/a	261.5	254.4	2.54	156.0
352.569	0.104	fixation	n/a	259.1	251.8	3228.0	n/a	n/a	n/a	n/a
352.675	0.034	saccade	n/a	259.8	250.6	n/a	366.5	250.3	3.77	207.0
352.711	0.226	fixation	n/a	364.9	247.8	3306.0	n/a	n/a	n/a	n/a
352.939	0.028	saccade	n/a	366.9	247.0	n/a	440.7	245.1	2.62	126.0
352.969	0.21	fixation	n/a	472.8	245.2	3263.0	n/a	n/a	n/a	n/a
353.181	0.022	saccade	n/a	476.1	242.3	n/a	516.2	242.8	1.43	92.0
353.205	0.142	fixation	n/a	517.6	242.5	3187.0	n/a	n/a	n/a	n/a
353.349	0.03	saccade	n/a	520.1	242.5	n/a	601.0	240.8	2.86	150.0
353.381	0.158	fixation	n/a	598.5	241.2	3174.0	n/a	n/a	n/a	n/a
353.541	0.068	saccade	n/a	598.5	240.8	n/a	165.6	313.2	15.3	363.0
353.611	0.136	fixation	n/a	166.6	315.3	3219.0	n/a	n/a	n/a	n/a
353.749	0.018	saccade	n/a	165.0	314.5	n/a	137.3	315.1	0.95	74.0
353.769	0.164	fixation	n/a	143.8	311.7	3128.0	n/a	n/a	n/a	n/a
353.935	0.032	saccade	n/a	143.8	307.8	n/a	241.9	309.0	3.39	217.0
353.969	0.182	fixation	n/a	244.3	308.9	3080.0	n/a	n/a	n/a	n/a
354.153	0.032	saccade	n/a	246.8	310.6	n/a	345.1	307.5	3.47	197.0
354.187	0.206	fixation	n/a	345.6	306.6	3037.0	n/a	n/a	n/a	n/a
354.395	0.024	saccade	n/a	348.5	303.1	n/a	406.3	302.1	2.05	126.0
354.421	0.194	fixation	n/a	406.5	304.6	2893.0	n/a	n/a	n/a	n/a
354.617	0.026	saccade	n/a	410.6	304.6	n/a	480.5	303.6	2.48	142.0
354.645	0.338	fixation	n/a	482.5	305.5	2815.0	n/a	n/a	n/a	n/a
354.985	0.02	saccade	n/a	489.1	307.3	n/a	529.9	307.3	1.45	97.0
355.007	0.39	fixation	n/a	532.9	307.8	2720.0	n/a	n/a	n/a	n/a
355.386	0.0	trigger_11	11	n/a	n/a	n/a	n/a	n/a	n/a	n/a
355.399	0.042	saccade	n/a	533.2	306.2	n/a	368.5	224.2	6.57	244.0
355.443	0.158	fixation	n/a	367.6	219.3	2763.0	n/a	n/a	n/a	n/a
355.444	0.0	trigger_12	12	n/a	n/a	n/a	n/a	n/a	n/a	n/a
355.603	0.042	saccade	n/a	367.5	220.3	n/a	187.9	180.3	6.47	259.0
355.647	0.058	fixation	n/a	187.5	179.0	2747.0	n/a	n/a	n/a	n/a
355.707	0.028	saccade	n/a	187.7	179.2	n/a	134.8	176.1	1.83	144.0
355.737	0.15	fixation	n/a	137.7	176.6	2753.0	n/a	n/a	n/a	n/a
355.889	0.03	saccade	n/a	139.2	177.8	n/a	217.8	180.3	2.72	157.0
355.921	0.252	fixation	n/a	219.3	181.2	2840.0	n/a	n/a	n/a	n/a
356.175	0.03	saccade	n/a	221.2	182.1	n/a	310.5	189.5	3.14	186.0
356.207	0.246	fixation	n/a	308.9	189.4	2940.0	n/a	n/a	n/a	n/a
356.455	0.03	saccade	n/a	311.5	190.0	n/a	421.0	187.4	3.88	182.0
356.487	0.172	fixation	n/a	427.5	189.0	2990.0	n/a	n/a	n/a	n/a
356.661	0.02	saccade	n/a	424.7	189.3	n/a	386.2	189.3	1.37	96.0
356.683	0.194	fixation	n/a	392.8	190.6	3023.0	n/a	n/a	n/a	n/a
356.879	0.034	saccade	n/a	394.9	192.2	n/a	498.7	185.9	3.7	182.0
356.915	0.326	fixation	n/a	497.7	182.6	3010.0	n/a	n/a	n/a	n/a
357.243	0.026	saccade	n/a	500.7	184.5	n/a	549.0	185.2	1.72	82.0
357.271	0.164	fixation	n/a	569.1	184.2	2899.0	n/a	n/a	n/a	n/a
357.437	0.066	saccade	n/a	571.2	183.3	n/a	148.9	255.0	14.96	358.0
357.505	0.376	fixation	n/a	148.4	253.8	2848.0	n/a	n/a	n/a	n/a
357.883	0.024	saccade	n/a	148.6	250.8	n/a	204.6	248.3	1.94	116.0
357.909	0.192	fixation	n/a	212.7	245.4	2771.0	n/a	n/a	n/a	n/a
358.103	0.022	saccade	n/a	214.7	242.0	n/a	260.2	239.9	1.59	104.0
358.127	0.052	fixation	n/a	260.6	241.5	2746.0	n/a	n/a	n/a	n/a
358.181	0.15	saccade	n/a	265.7	244.8	n/a	337.6	256.1	2.56	1725.0
358.225	0.054	blink	n/a	n/a	n/a	n/a	n/a	n/a	n/a	n/a
358.333	0.148	fixation	n/a	332.3	247.5	2715.0	n/a	n/a	n/a	n/a
358.483	0.03	saccade	n/a	331.6	247.0	n/a	413.1	247.1	2.89	170.0
358.515	0.316	fixation	n/a	415.2	244.9	2774.0	n/a	n/a	n/a	n/a
358.833	0.028	saccade	n/a	414.6	243.5	n/a	495.1	244.0	2.86	182.0
358.863	0.224	fixation	n/a	497.7	240.2	2599.0	n/a	n/a	n/a	n/a
359.089	0.02	saccade	n/a	495.2	239.6	n/a	461.3	240.9	1.21	81.0
359.111	0.242	fixation	n/a	463.5	240.0	2608.0	n/a	n/a	n/a	n/a
359.355	0.034	saccade	n/a	460.4	240.8	n/a	359.4	243.9	3.59	179.0
359.391	0.344	fixation	n/a	359.0	245.9	2713.0	n/a	n/a	n/a	n/a
359.737	0.024	saccade	n/a	354.8	248.4	n/a	307.1	251.3	1.69	108.0
359.763	0.042	fixation	n/a	310.6	250.8	2852.0	n/a	n/a	n/a	n/a
359.807	0.03	saccade	n/a	309.7	249.0	n/a	350.5	177.4	2.95	170.0
359.839	0.128	fixation	n/a	349.1	181.1	2910.0	n/a	n/a	n/a	n/a
359.969	0.03	saccade	n/a	346.2	179.6	n/a	276.0	180.4	2.48	169.0
360.001	0.058	fixation	n/a	279.6	185.7	2979.0	n/a	n/a	n/a	n/a
360.061	0.032	saccade	n/a	276.6	187.8	n/a	190.4	184.4	3.02	200.0
360.095	0.308	fixation	n/a	189.2	184.4	3060.0	n/a	n/a	n/a	n/a
360.405	0.034	saccade	n/a	192.9	184.0	n/a	321.5	191.8	4.52	220.0
360.441	0.188	fixation	n/a	327.2	188.0	3015.0	n/a	n/a	n/a	n/a
360.631	0.032	saccade	n/a	329.6	186.6	n/a	423.0	187.0	3.31	175.0
360.665	0.296	fixation	n/a	419.1	187.1	3034.0	n/a	n/a	n/a	n/a
360.963	0.028	saccade	n/a	420.6	188.9	n/a	492.6	185.6	2.57	138.0
360.993	0.194	fixation	n/a	488.5	185.9	3078.0	n/a	n/a	n/a	n/a
361.189	0.034	saccade	n/a	489.1	184.5	n/a	586.5	184.2	3.45	167.0
361.225	0.128	fixation	n/a	581.7	182.9	3138.0	n/a	n/a	n/a	n/a
361.355	0.062	saccade	n/a	581.9	182.7	n/a	176.0	242.2	14.35	371.0
361.419	0.076	fixation	n/a	178.1	243.7	3184.0	n/a	n/a	n/a	n/a
361.497	0.114	saccade	n/a	180.0	246.0	n/a	150.7	249.5	1.02	2171.0
361.613	0.082	fixation	n/a	151.8	249.7	3159.0	n/a	n/a	n/a	n/a
361.697	1.052	saccade	n/a	152.8	249.8	n/a	473.9	237.4	11.28	2984.0
361.727	0.968	blink	n/a	n/a	n/a	n/a	n/a	n/a	n/a	n/a
362.751	0.192	fixation	n/a	483.0	248.6	3034.0	n/a	n/a	n/a	n/a
362.945	0.034	saccade	n/a	486.7	251.8	n/a	582.5	250.4	3.41	180.0
362.981	0.206	fixation	n/a	581.9	245.7	2944.0	n/a	n/a	n/a	n/a
363.189	0.064	saccade	n/a	585.2	240.5	n/a	168.4	301.7	14.74	371.0
363.255	0.372	fixation	n/a	167.8	299.5	2798.0	n/a	n/a	n/a	n/a
363.629	0.034	saccade	n/a	167.4	299.2	n/a	282.8	312.4	4.05	207.0
363.665	0.192	fixation	n/a	282.4	309.2	2893.0	n/a	n/a	n/a	n/a
363.859	0.084	saccade	n/a	280.2	310.0	n/a	366.2	310.0	3.04	2655.0
363.891	0.026	blink	n/a	n/a	n/a	n/a	n/a	n/a	n/a	n/a
363.945	0.02	fixation	n/a	366.1	311.3	2935.0	n/a	n/a	n/a	n/a
363.967	0.19	saccade	n/a	366.8	312.1	n/a	417.0	303.5	1.81	2822.0
364.159	0.026	fixation	n/a	420.1	302.8	3140.0	n/a	n/a	n/a	n/a
364.187	0.072	saccade	n/a	419.1	302.6	n/a	422.5	303.7	0.13	2796.0
364.261	0.072	fixation	n/a	423.7	305.6	3087.0	n/a	n/a	n/a	n/a
364.335	0.032	saccade	n/a	427.6	308.1	n/a	522.5	309.7	3.38	172.0
364.369	0.172	fixation	n/a	520.9	305.2	2961.0	n/a	n/a	n/a	n/a
364.543	0.028	saccade	n/a	521.3	300.5	n/a	590.2	305.8	2.46	143.0
364.573	0.23	fixation	n/a	587.6	307.4	2963.0	n/a	n/a	n/a	n/a
364.805	0.066	saccade	n/a	588.5	307.9	n/a	167.8	370.2	14.83	358.0
364.873	0.176	fixation	n/a	171.7	372.3	2963.0	n/a	n/a	n/a	n/a
365.051	0.014	saccade	n/a	169.9	371.4	n/a	152.5	371.6	0.6	50.0
365.067	0.116	fixation	n/a	154.3	369.1	2910.0	n/a	n/a	n/a	n/a
365.185	0.032	saccade	n/a	154.9	366.4	n/a	247.8	366.1	3.22	178.0
365.219	0.202	fixation	n/a	248.7	367.3	2894.0	n/a	n/a	n/a	n/a
365.423	0.03	saccade	n/a	251.3	367.6	n/a	331.6	366.9	2.82	149.0
365.455	0.248	fixation	n/a	332.8	364.5	2735.0	n/a	n/a	n/a	n/a
365.705	0.028	saccade	n/a	335.1	363.3	n/a	413.2	363.9	2.76	148.0
365.735	0.232	fixation	n/a	416.3	358.3	2598.0	n/a	n/a	n/a	n/a
365.969	0.026	saccade	n/a	421.0	357.9	n/a	494.3	356.4	2.6	144.0
365.997	0.254	fixation	n/a	495.4	356.6	2486.0	n/a	n/a	n/a	n/a
366.253	0.026	saccade	n/a	497.4	357.5	n/a	556.7	354.2	2.1	117.0
366.281	0.642	fixation	n/a	557.7	354.6	2418.0	n/a	n/a	n/a	n/a
366.722	0.0	trigger_13	13	n/a	n/a	n/a	n/a	n/a	n/a	n/a
366.784	0.0	trigger_10	10	n/a	n/a	n/a	n/a	n/a	n/a	n/a
366.925	1.626	saccade	n/a	557.0	351.8	n/a	522.0	188.7	6.01	2869.0
366.963	1.5	blink	n/a	n/a	n/a	n/a	n/a	n/a	n/a	n/a
368.553	0.226	fixation	n/a	521.9	185.3	3086.0	n/a	n/a	n/a	n/a
368.781	0.03	saccade	n/a	526.0	183.4	n/a	606.8	176.1	2.88	156.0
368.813	0.288	fixation	n/a	606.3	175.7	2961.0	n/a	n/a	n/a	n/a
369.103	0.066	saccade	n/a	606.2	175.9	n/a	161.4	235.9	15.67	356.0
369.171	0.08	fixation	n/a	161.9	241.3	2984.0	n/a	n/a	n/a	n/a
369.253	1.702	saccade	n/a	163.7	245.5	n/a	379.7	242.9	7.57	2471.0
369.307	1.362	blink	n/a	n/a	n/a	n/a	n/a	n/a	n/a	n/a
370.957	0.06	fixation	n/a	380.2	243.1	3262.0	n/a	n/a	n/a	n/a
371.019	0.87	saccade	n/a	383.6	244.5	n/a	331.9	254.0	1.87	2849.0
371.053	0.79	blink	n/a	n/a	n/a	n/a	n/a	n/a	n/a	n/a
371.891	0.118	fixation	n/a	332.3	250.7	3080.0	n/a	n/a	n/a	n/a
372.011	0.056	saccade	n/a	331.0	251.2	n/a	312.6	252.2	0.65	2218.0
372.069	0.194	fixation	n/a	313.6	255.1	3058.0	n/a	n/a	n/a	n/a
372.265	0.032	saccade	n/a	319.0	253.5	n/a	395.9	254.6	2.74	163.0
372.299	0.026	fixation	n/a	394.6	255.7	2853.0	n/a	n/a	n/a	n/a
372.327	0.042	saccade	n/a	396.0	254.9	n/a	395.3	254.1	0.04	1463.0
372.371	0.04	fixation	n/a	396.2	254.7	2824.0	n/a	n/a	n/a	n/a
372.413	0.056	saccade	n/a	396.7	254.8	n/a	388.6	250.9	0.32	1734.0
372.471	0.042	fixation	n/a	382.3	249.8	2834.0	n/a	n/a	n/a	n/a
372.515	0.08	saccade	n/a	383.0	250.1	n/a	381.9	251.6	0.07	1213.0
372.597	0.1	fixation	n/a	380.5	252.7	2834.0	n/a	n/a	n/a	n/a
372.699	0.034	saccade	n/a	381.9	251.1	n/a	478.6	248.1	3.45	170.0
372.735	0.21	fixation	n/a	479.7	245.9	2717.0	n/a	n/a	n/a	n/a
372.947	0.022	saccade	n/a	480.3	247.2	n/a	529.6	246.3	1.76	106.0
372.971	0.15	fixation	n/a	534.6	246.4	2681.0	n/a	n/a	n/a	n/a
373.123	0.024	saccade	n/a	539.0	243.3	n/a	600.5	236.0	2.2	121.0
373.149	0.2	fixation	n/a	602.7	233.0	2552.0	n/a	n/a	n/a	n/a
373.351	0.156	saccade	n/a	604.2	233.3	n/a	150.9	305.2	16.0	2227.0
373.509	0.146	fixation	n/a	152.5	304.4	2583.0	n/a	n/a	n/a	n/a
373.657	0.032	saccade	n/a	156.7	304.0	n/a	264.8	311.3	3.77	176.0
373.691	0.098	fixation	n/a	268.0	309.8	2493.0	n/a	n/a	n/a	n/a
373.791	0.342	saccade	n/a	269.9	309.2	n/a	441.6	299.6	6.09	2848.0
373.863	0.212	blink	n/a	n/a	n/a	n/a	n/a	n/a	n/a	n/a
374.135	0.262	fixation	n/a	445.9	303.0	2528.0	n/a	n/a	n/a	n/a
374.399	0.024	saccade	n/a	449.5	302.4	n/a	509.1	300.2	2.13	124.0
374.425	0.14	fixation	n/a	510.0	300.2	2428.0	n/a	n/a	n/a	n/a
374.567	0.028	saccade	n/a	511.7	300.9	n/a	598.7	299.4	3.09	152.0
374.597	0.268	fixation	n/a	603.9	296.8	2400.0	n/a	n/a	n/a	n/a
374.867	0.026	saccade	n/a	605.7	296.2	n/a	674.1	297.0	2.41	134.0
374.895	0.386	fixation	n/a	676.6	292.5	2269.0	n/a	n/a	n/a	n/a
375.283	0.316	saccade	n/a	674.5	291.7	n/a	358.6	191.6	11.71	2858.0
375.431	0.136	blink	n/a	n/a	n/a	n/a	n/a	n/a	n/a	n/a
375.601	0.028	fixation	n/a	357.7	193.0	2734.0	n/a	n/a	n/a	n/a
375.631	1.838	saccade	n/a	357.5	193.5	n/a	456.1	179.6	3.55	2985.0
375.823	1.612	blink	n/a	n/a	n/a	n/a	n/a	n/a	n/a	n/a
375.89	0.0	trigger_11	11	n/a	n/a	n/a	n/a	n/a	n/a	n/a
375.946	0.0	trigger_10	10	n/a	n/a	n/a	n/a	n/a	n/a	n/a
377.471	0.03	fixation	n/a	462.9	178.3	2601.0	n/a	n/a	n/a	n/a
377.503	0.168	saccade	n/a	463.1	176.9	n/a	568.6	181.3	3.75	2917.0
377.563	0.07	blink	n/a	n/a	n/a	n/a	n/a	n/a	n/a	n/a
377.673	0.258	fixation	n/a	568.0	173.7	2390.0	n/a	n/a	n/a	n/a
377.933	0.022	saccade	n/a	574.6	178.6	n/a	617.5	177.3	1.52	92.0
377.957	0.296	fixation	n/a	617.1	173.0	2417.0	n/a	n/a	n/a	n/a
378.255	0.022	saccade	n/a	616.0	178.3	n/a	659.6	177.5	1.54	92.0
378.279	0.316	fixation	n/a	661.1	174.8	2543.0	n/a	n/a	n/a	n/a
378.597	0.072	saccade	n/a	662.0	171.6	n/a	207.9	237.7	16.05	331.0
378.671	0.076	fixation	n/a	207.8	241.9	2854.0	n/a	n/a	n/a	n/a
378.749	1.078	saccade	n/a	208.2	241.8	n/a	321.0	248.9	3.97	2809.0
378.789	0.988	blink	n/a	n/a	n/a	n/a	n/a	n/a	n/a	n/a
379.829	0.03	fixation	n/a	321.2	248.4	3345.0	n/a	n/a	n/a	n/a
379.861	0.36	saccade	n/a	321.6	248.1	n/a	459.1	245.5	4.89	2537.0
379.929	0.122	blink	n/a	n/a	n/a	n/a	n/a	n/a	n/a	n/a
380.223	0.332	fixation	n/a	454.6	248.1	3160.0	n/a	n/a	n/a	n/a
380.557	0.03	saccade	n/a	454.7	249.2	n/a	542.3	244.4	3.13	169.0
380.589	0.086	fixation	n/a	540.3	244.5	3133.0	n/a	n/a	n/a	n/a
380.677	0.028	saccade	n/a	542.0	245.2	n/a	589.1	247.6	1.68	134.0
380.707	0.11	fixation	n/a	582.1	247.9	3156.0	n/a	n/a	n/a	n/a
380.819	0.064	saccade	n/a	583.5	244.7	n/a	177.8	298.5	14.34	375.0
380.885	0.152	fixation	n/a	177.7	300.7	3236.0	n/a	n/a	n/a	n/a
381.039	0.028	saccade	n/a	176.6	301.9	n/a	126.0	308.7	1.76	152.0
381.069	0.356	fixation	n/a	127.7	311.4	3244.0	n/a	n/a	n/a	n/a
381.427	0.03	saccade	n/a	127.5	313.9	n/a	201.9	314.5	2.56	172.0
381.459	0.848	fixation	n/a	206.9	315.8	3353.0	n/a	n/a	n/a	n/a
382.114	0.0	trigger_11	11	n/a	n/a	n/a	n/a	n/a	n/a	n/a
382.172	0.0	trigger_10	10	n/a	n/a	n/a	n/a	n/a	n/a	n/a
382.309	1.34	saccade	n/a	214.4	314.0	n/a	393.2	197.8	7.56	3010.0
382.339	1.252	blink	n/a	n/a	n/a	n/a	n/a	n/a	n/a	n/a
383.651	0.09	fixation	n/a	392.2	195.3	3284.0	n/a	n/a	n/a	n/a
383.743	0.046	saccade	n/a	392.6	194.4	n/a	438.9	194.5	1.65	1827.0
383.791	0.112	fixation	n/a	438.0	193.7	3205.0	n/a	n/a	n/a	n/a
383.905	0.028	saccade	n/a	440.7	193.9	n/a	508.5	191.2	2.42	144.0
383.935	0.194	fixation	n/a	507.2	188.5	3181.0	n/a	n/a	n/a	n/a
384.131	0.028	saccade	n/a	509.2	187.7	n/a	576.3	184.8	2.39	135.0
384.161	0.14	fixation	n/a	570.3	184.4	3155.0	n/a	n/a	n/a	n/a
384.303	0.062	saccade	n/a	569.4	188.3	n/a	163.5	233.7	14.34	370.0
384.367	0.04	fixation	n/a	162.9	234.0	3160.0	n/a	n/a	n/a	n/a
384.409	0.618	saccade	n/a	162.8	234.1	n/a	365.6	246.5	7.12	2620.0
384.565	0.282	blink	n/a	n/a	n/a	n/a	n/a	n/a	n/a	n/a
385.029	0.094	fixation	n/a	370.9	246.8	3419.0	n/a	n/a	n/a	n/a
385.125	0.074	saccade	n/a	374.6	249.7	n/a	374.3	248.8	0.03	2799.0
385.201	0.086	fixation	n/a	365.9	248.1	3339.0	n/a	n/a	n/a	n/a
385.289	0.042	saccade	n/a	365.5	249.8	n/a	520.3	243.5	5.51	234.0
385.333	0.136	fixation	n/a	520.0	242.4	3261.0	n/a	n/a	n/a	n/a
385.471	0.026	saccade	n/a	519.4	243.8	n/a	475.9	247.5	1.55	117.0
385.499	0.164	fixation	n/a	478.7	246.6	3194.0	n/a	n/a	n/a	n/a
385.665	0.028	saccade	n/a	481.4	247.2	n/a	546.4	243.7	2.32	137.0
385.695	0.17	fixation	n/a	544.8	244.3	3118.0	n/a	n/a	n/a	n/a
385.867	0.028	saccade	n/a	547.5	246.6	n/a	616.1	246.5	2.43	148.0
385.897	0.118	fixation	n/a	611.9	245.0	3166.0	n/a	n/a	n/a	n/a
386.017	0.044	saccade	n/a	612.6	244.0	n/a	422.3	289.2	6.94	316.0
386.063	0.104	fixation	n/a	422.7	294.3	3288.0	n/a	n/a	n/a	n/a
386.169	0.018	saccade	n/a	421.4	297.9	n/a	390.5	306.6	1.14	86.0
386.189	0.08	fixation	n/a	395.8	306.8	3294.0	n/a	n/a	n/a	n/a
386.271	0.026	saccade	n/a	393.9	307.4	n/a	337.3	311.7	2.02	142.0
386.299	0.154	fixation	n/a	340.6	310.9	3305.0	n/a	n/a	n/a	n/a
386.455	0.05	saccade	n/a	340.3	310.8	n/a	587.0	254.6	8.98	316.0
386.507	0.126	fixation	n/a	592.3	252.0	3160.0	n/a	n/a	n/a	n/a
386.635	0.018	saccade	n/a	594.6	249.4	n/a	621.5	244.7	0.97	69.0
386.655	0.076	fixation	n/a	618.3	244.1	3097.0	n/a	n/a	n/a	n/a
386.733	0.068	saccade	n/a	617.0	244.2	n/a	158.4	304.7	16.15	376.0
386.803	0.168	fixation	n/a	161.7	307.9	3044.0	n/a	n/a	n/a	n/a
386.973	0.018	saccade	n/a	162.8	310.5	n/a	131.1	310.2	1.09	80.0
386.993	0.11	fixation	n/a	137.1	310.1	2999.0	n/a	n/a	n/a	n/a
387.105	0.032	saccade	n/a	137.3	311.3	n/a	235.6	310.5	3.41	190.0
387.139	0.162	fixation	n/a	235.3	310.7	3010.0	n/a	n/a	n/a	n/a
387.303	0.03	saccade	n/a	237.8	311.3	n/a	317.3	309.6	2.8	158.0
387.335	0.222	fixation	n/a	317.2	310.2	3022.0	n/a	n/a	n/a	n/a
387.559	0.024	saccade	n/a	319.1	308.0	n/a	380.7	307.7	2.18	125.0
387.585	0.182	fixation	n/a	383.9	308.1	3066.0	n/a	n/a	n/a	n/a
387.769	0.016	saccade	n/a	379.1	306.3	n/a	355.2	309.0	0.85	64.0
387.787	0.124	fixation	n/a	357.3	308.5	3099.0	n/a	n/a	n/a	n/a
387.913	0.024	saccade	n/a	356.9	310.7	n/a	312.3	309.3	1.58	112.0
387.939	0.242	fixation	n/a	316.0	307.8	3077.0	n/a	n/a	n/a	n/a
388.183	0.148	saccade	n/a	320.1	308.5	n/a	430.3	329.6	3.98	839.0
388.239	0.06	blink	n/a	n/a	n/a	n/a	n/a	n/a	n/a	n/a
388.333	0.16	fixation	n/a	429.6	315.6	3031.0	n/a	n/a	n/a	n/a
388.495	0.014	saccade	n/a	423.7	311.9	n/a	405.7	311.8	0.64	54.0
388.511	0.7	fixation	n/a	419.6	308.4	2933.0	n/a	n/a	n/a	n/a
389.004	0.0	trigger_11	11	n/a	n/a	n/a	n/a	n/a	n/a	n/a
389.058	0.0	trigger_10	10	n/a	n/a	n/a	n/a	n/a	n/a	n/a
389.213	2.06	saccade	n/a	426.1	303.9	n/a	229.8	207.2	7.76	2424.0
389.263	1.96	blink	n/a	n/a	n/a	n/a	n/a	n/a	n/a	n/a
391.275	0.088	fixation	n/a	231.0	202.6	3346.0	n/a	n/a	n/a	n/a
391.365	1.11	saccade	n/a	230.0	204.8	n/a	481.8	188.6	8.93	3075.0
391.405	1.018	blink	n/a	n/a	n/a	n/a	n/a	n/a	n/a	n/a
392.477	0.032	fixation	n/a	481.7	186.5	3081.0	n/a	n/a	n/a	n/a
392.511	0.024	saccade	n/a	483.4	185.7	n/a	538.1	184.8	1.94	109.0
392.537	0.126	fixation	n/a	538.0	183.3	2989.0	n/a	n/a	n/a	n/a
392.665	0.058	saccade	n/a	538.3	182.2	n/a	183.1	241.1	12.62	350.0
392.725	0.038	fixation	n/a	182.3	241.2	3078.0	n/a	n/a	n/a	n/a
392.765	0.326	saccade	n/a	182.6	239.7	n/a	246.3	253.4	2.28	2289.0
392.789	0.258	blink	n/a	n/a	n/a	n/a	n/a	n/a	n/a	n/a
393.093	0.022	fixation	n/a	243.4	253.9	3159.0	n/a	n/a	n/a	n/a
393.117	1.45	saccade	n/a	245.2	253.6	n/a	0.0	0.0	4300000.0	2458.0
393.157	1.41	blink	n/a	n/a	n/a	n/a	n/a	n/a	n/a	n/a
394.004	0.0	trigger_11	11	n/a	n/a	n/a	n/a	n/a	n/a	n/a
394.06	0.0	trigger_21	21	n/a	n/a	n/a	n/a	n/a	n/a	n/a
